Αἰγικορῆς	*ai)gikorh=s	αἰγικορεῖς	ai)gikorei=s	urn:cite2:hmt:lsj.chicago_md:n2153	n-p---mn-
Αἰγικορῆς	*ai)gikorh=s	αἰγικορεῖς	ai)gikorei=s	urn:cite2:hmt:lsj.chicago_md:n2153	n-p---mn-
Αἰγικορῆς	*ai)gikorh=s	αἰγικορεῖς	ai)gikorei=s	urn:cite2:hmt:lsj.chicago_md:n2153	n-p---mv-
Αἰόλου	*ai)o/lou	Αἴολος	*ai)/olos	urn:cite2:hmt:lsj.chicago_md:n2609	n-s---mg-
Αἰόλου	*ai)o/lou	αἰόλος	ai)o/los	urn:cite2:hmt:lsj.chicago_md:n2609	a-s---mg-
Αἰόλου	*ai)o/lou	αἰόλος	ai)o/los	urn:cite2:hmt:lsj.chicago_md:n2609	a-s---ng-
Βακχεύς	*bakxeu/s	Βακχεύς	*bakxeu/s	urn:cite2:hmt:lsj.chicago_md:n19175	n-s---mn-
Βακχεύς	*bakxeu/s	Βακχεύς	*bakxeu/s	urn:cite2:hmt:lsj.chicago_md:n19175	n-s---mn-
Βακχίου	*bakxi/ou	Βάκχειος	*ba/kxeios	urn:cite2:hmt:lsj.chicago_md:n19172	a-s---mg-
Βακχίου	*bakxi/ou	Βάκχειος	*ba/kxeios	urn:cite2:hmt:lsj.chicago_md:n19172	a-s---ng-
Βακχίου	*bakxi/ou	Βάκχειος	*ba/kxeios	urn:cite2:hmt:lsj.chicago_md:n19172	a-s---mg-
Βακχίου	*bakxi/ou	Βάκχειος	*ba/kxeios	urn:cite2:hmt:lsj.chicago_md:n19172	a-s---ng-
Βακχίου	*bakxi/ou	Βακχιόω	*bakxio/w	urn:cite2:hmt:lsj.chicago_md:n19190	v3siia---
Βακχίου	*bakxi/ou	Βακχιόω	*bakxio/w	urn:cite2:hmt:lsj.chicago_md:n19190	v2spma---
Βρόμιος	*bro/mios	Βρόμιος	*bro/mios	urn:cite2:hmt:lsj.chicago_md:n21020	a-s---mn-
Βρόμιος	*bro/mios	Βρόμιος	*bro/mios	urn:cite2:hmt:lsj.chicago_md:n21020	n-s---mn-
Βρόμιος	*bro/mios	βρόμιος	bro/mios	urn:cite2:hmt:lsj.chicago_md:n21020	a-s---mn-
Βυβλίνου	*bubli/nou	βύβλινος	bu/blinos	urn:cite2:hmt:lsj.chicago_md:n21184	a-s---mg-
Βυβλίνου	*bubli/nou	βύβλινος	bu/blinos	urn:cite2:hmt:lsj.chicago_md:n21184	a-s---ng-
Βάκχιος	*ba/kxios	Βάκχειος	*ba/kxeios	urn:cite2:hmt:lsj.chicago_md:n19172	a-s---mn-
Βάκχιος	*ba/kxios	Βάκχειος	*ba/kxeios	urn:cite2:hmt:lsj.chicago_md:n19172	a-s---mn-
Γαίας	*gai/as	Γαῖα	*gai=a	urn:cite2:hmt:lsj.chicago_md:n21401	n-p---fa-
Γαίας	*gai/as	Γαῖα	*gai=a	urn:cite2:hmt:lsj.chicago_md:n21401	n-s---fg-
Γαίας	*gai/as	γαῖα	gai=a	urn:cite2:hmt:lsj.chicago_md:n21401	n-p---fa-
Γαίας	*gai/as	γαῖα	gai=a	urn:cite2:hmt:lsj.chicago_md:n21401	n-s---fg-
Γαίας	*gai/as	γαῖα	gai=a	urn:cite2:hmt:lsj.chicago_md:n21401	n-p---fa-
Γαίας	*gai/as	γαῖα	gai=a	urn:cite2:hmt:lsj.chicago_md:n21401	n-s---fg-
Γαῖα	*gai=a	Γαῖα	*gai=a	urn:cite2:hmt:lsj.chicago_md:n21401	n-s---fn-
Γαῖα	*gai=a	Γαῖα	*gai=a	urn:cite2:hmt:lsj.chicago_md:n21401	n-s---fv-
Γαῖα	*gai=a	γαῖα	gai=a	urn:cite2:hmt:lsj.chicago_md:n21401	n-s---fn-
Γαῖα	*gai=a	γαῖα	gai=a	urn:cite2:hmt:lsj.chicago_md:n21401	n-s---fv-
Γελέων	*gele/wn	Γελέοντες	*gele/ontes	urn:cite2:hmt:lsj.chicago_md:n21792	n-s---mn-
Γενέταις	*gene/tais	γενέτης	gene/ths	urn:cite2:hmt:lsj.chicago_md:n21877	n-p---md-
Γιγάντων	*giga/ntwn	γίγας	gi/gas	urn:cite2:hmt:lsj.chicago_md:n22190	n-p---mg-
Γοργοφόνα	*gorgofo/na	Γοργοφόνος	*gorgofo/nos	urn:cite2:hmt:lsj.chicago_md:n22693	n-p---nn-
Γοργοφόνα	*gorgofo/na	Γοργοφόνος	*gorgofo/nos	urn:cite2:hmt:lsj.chicago_md:n22693	n-p---nv-
Γοργοφόνα	*gorgofo/na	Γοργοφόνος	*gorgofo/nos	urn:cite2:hmt:lsj.chicago_md:n22693	n-p---na-
Γοργοῦς	*gorgou=s	Γοργώ	*gorgw/	urn:cite2:hmt:lsj.chicago_md:n22695	n-s---fg-
Γοργόν’	*gorgo/n'	Γοργόνη	*gorgo/nh	urn:cite2:hmt:lsj.chicago_md:n22684	n-s---fd-
Γοργώ	*gorgw/	Γοργώ	*gorgw/	urn:cite2:hmt:lsj.chicago_md:n22695	n-s---fn-
Γοργώ	*gorgw/	γοργός	gorgo/s	urn:cite2:hmt:lsj.chicago_md:n22689	a-d---mn-
Γοργώ	*gorgw/	γοργός	gorgo/s	urn:cite2:hmt:lsj.chicago_md:n22689	a-d---mv-
Γοργώ	*gorgw/	γοργός	gorgo/s	urn:cite2:hmt:lsj.chicago_md:n22689	a-d---ma-
Γοργώ	*gorgw/	γοργός	gorgo/s	urn:cite2:hmt:lsj.chicago_md:n22689	a-d---nn-
Γοργώ	*gorgw/	γοργός	gorgo/s	urn:cite2:hmt:lsj.chicago_md:n22689	a-d---nv-
Γοργώ	*gorgw/	γοργός	gorgo/s	urn:cite2:hmt:lsj.chicago_md:n22689	a-d---na-
Γίγαντες	*gi/gantes	γίγας	gi/gas	urn:cite2:hmt:lsj.chicago_md:n22190	n-p---mn-
Γίγαντες	*gi/gantes	γίγας	gi/gas	urn:cite2:hmt:lsj.chicago_md:n22190	n-p---mv-
Γᾶς	*ga=s	Γαῖα	*gai=a	urn:cite2:hmt:lsj.chicago_md:n21401	n-s---fg-
Γᾶς	*ga=s	Γαῖα	*gai=a	urn:cite2:hmt:lsj.chicago_md:n21401	n-p---fa-
Γᾶς	*ga=s	Γαῖα	*gai=a	urn:cite2:hmt:lsj.chicago_md:n21401	n-s---fg-
Γᾶς	*ga=s	γῆ	gh=	urn:cite2:hmt:lsj.chicago_md:n22100	n-p---fa-
Γᾶς	*ga=s	γῆ	gh=	urn:cite2:hmt:lsj.chicago_md:n22100	n-s---fg-
Γῆ	*gh=	Γαῖα	*gai=a	urn:cite2:hmt:lsj.chicago_md:n21401	n-s---fn-
Γῆ	*gh=	Γαῖα	*gai=a	urn:cite2:hmt:lsj.chicago_md:n21401	n-s---fv-
Γῆ	*gh=	Γαῖα	*gai=a	urn:cite2:hmt:lsj.chicago_md:n21401	n-s---fn-
Γῆ	*gh=	Γαῖα	*gai=a	urn:cite2:hmt:lsj.chicago_md:n21401	n-s---fv-
Γῆ	*gh=	γῆ	gh=	urn:cite2:hmt:lsj.chicago_md:n22100	n-s---fn-
Γῆ	*gh=	γῆ	gh=	urn:cite2:hmt:lsj.chicago_md:n22100	n-s---fv-
Δελφοί	*delfoi/	Δελφοί	*delfoi/	urn:cite2:hmt:lsj.chicago_md:n24003	n-p---mn-
Δελφοί	*delfoi/	Δελφοί	*delfoi/	urn:cite2:hmt:lsj.chicago_md:n24003	n-p---mv-
Δελφίδων	*delfi/dwn	Δέλφις	*de/lfis	urn:cite2:hmt:lsj.chicago_md:n24002	n-p---fg-
Δελφίδων	*delfi/dwn	Δελφίς	*delfi/s	urn:cite2:hmt:lsj.chicago_md:n24002	n-p---fg-
Δελφίδ’	*delfi/d'	Δελφίς	*delfi/s	urn:cite2:hmt:lsj.chicago_md:n24002	n-s---fa-
Δελφίδ’	*delfi/d'	Δελφίς	*delfi/s	urn:cite2:hmt:lsj.chicago_md:n24002	n-s---fd-
Δελφίδ’	*delfi/d'	Δελφίς	*delfi/s	urn:cite2:hmt:lsj.chicago_md:n24002	n-d---fn-
Δελφίδ’	*delfi/d'	Δελφίς	*delfi/s	urn:cite2:hmt:lsj.chicago_md:n24002	n-d---fv-
Δελφίδ’	*delfi/d'	Δελφίς	*delfi/s	urn:cite2:hmt:lsj.chicago_md:n24002	n-d---fa-
Δελφίς	*delfi/s	Δελφίς	*delfi/s	urn:cite2:hmt:lsj.chicago_md:n24002	n-s---fn-
Δελφίς	*delfi/s	δελφίς	delfi/s	urn:cite2:hmt:lsj.chicago_md:n24002	n-s---mn-
Δελφίς	*delfi/s	δελφίς	delfi/s	urn:cite2:hmt:lsj.chicago_md:n24002	n-s---mv-
Δελφίσιν	*delfi/sin	Δελφίς	*delfi/s	urn:cite2:hmt:lsj.chicago_md:n24002	n-p---fd-
Δελφῶν	*delfw=n	Δελφοί	*delfoi/	urn:cite2:hmt:lsj.chicago_md:n24003	n-p---mg-
Διονύσου	*dionu/sou	Διόνυσος	*dio/nusos	urn:cite2:hmt:lsj.chicago_md:n27219	n-s---mg-
Διονύσου	*dionu/sou	Διονύσος	*dionu/sos	urn:cite2:hmt:lsj.chicago_md:n27219	n-s---mg-
Διός	*dio/s	Ζεύς	*zeu/s	urn:cite2:hmt:lsj.chicago_md:n46195	n-s---mg-
Δωρίς	*dwri/s	Δωρίς	*dwri/s	urn:cite2:hmt:lsj.chicago_md:n29806	n-s---fn-
Δάματρος	*da/matros	Δημήτηρ	*dhmh/thr	urn:cite2:hmt:lsj.chicago_md:n24373	n-s---fg-
Δίοισί	*di/oisi/	Δίον	*di/on	urn:cite2:hmt:lsj.chicago_md:n27197	n-p---nd-
Δίοισί	*di/oisi/	Δίον	*di/on	urn:cite2:hmt:lsj.chicago_md:n27198	n-p---nd-
Δίοισί	*di/oisi/	Δίος	*di/os	urn:cite2:hmt:lsj.chicago_md:n27293	n-p---md-
Δίοισί	*di/oisi/	Δίος	*di/os	urn:cite2:hmt:lsj.chicago_md:n27294	n-p---md-
Δίοισί	*di/oisi/	Δίος	*di/os	urn:cite2:hmt:lsj.chicago_md:n27295	n-p---md-
Δίοισί	*di/oisi/	Δίος	*di/os	urn:cite2:hmt:lsj.chicago_md:n27296	n-p---md-
Δίοισί	*di/oisi/	Δῖα	*di=a	urn:cite2:hmt:lsj.chicago_md:n24517	n-p---nd-
Δίοισί	*di/oisi/	Δῖα	*di=a	urn:cite2:hmt:lsj.chicago_md:n24518	n-p---nd-
Δίοισί	*di/oisi/	Δῖον	*di=on	urn:cite2:hmt:lsj.chicago_md:n27197	n-p---nd-
Δίοισί	*di/oisi/	Δῖον	*di=on	urn:cite2:hmt:lsj.chicago_md:n27198	n-p---nd-
Δίοισί	*di/oisi/	Δῖος	*di=os	urn:cite2:hmt:lsj.chicago_md:n27293	n-p---md-
Δίοισί	*di/oisi/	Δῖος	*di=os	urn:cite2:hmt:lsj.chicago_md:n27294	n-p---md-
Δίοισί	*di/oisi/	Δῖος	*di=os	urn:cite2:hmt:lsj.chicago_md:n27295	n-p---md-
Δίοισί	*di/oisi/	Δῖος	*di=os	urn:cite2:hmt:lsj.chicago_md:n27296	n-p---md-
Δίοισί	*di/oisi/	δέω1	de/w	urn:cite2:hmt:lsj.chicago_md:n24292	v-pppamd-
Δίοισί	*di/oisi/	δέω1	de/w	urn:cite2:hmt:lsj.chicago_md:n24293	v-pppamd-
Δίοισί	*di/oisi/	δέω1	de/w	urn:cite2:hmt:lsj.chicago_md:n24294	v-pppamd-
Δίοισί	*di/oisi/	δέω1	de/w	urn:cite2:hmt:lsj.chicago_md:n24292	v-pppand-
Δίοισί	*di/oisi/	δέω1	de/w	urn:cite2:hmt:lsj.chicago_md:n24293	v-pppand-
Δίοισί	*di/oisi/	δέω1	de/w	urn:cite2:hmt:lsj.chicago_md:n24294	v-pppand-
Δίοισί	*di/oisi/	δίω	di/w	urn:cite2:hmt:lsj.chicago_md:n27742	v-pppamd-
Δίοισί	*di/oisi/	δίω	di/w	urn:cite2:hmt:lsj.chicago_md:n27742	v-pppand-
Δίοισί	*di/oisi/	δίω	di/w	urn:cite2:hmt:lsj.chicago_md:n27742	v3ppia---
Δίοισί	*di/oisi/	δῖος	di=os	urn:cite2:hmt:lsj.chicago_md:n27293	a-p---md-
Δίοισί	*di/oisi/	δῖος	di=os	urn:cite2:hmt:lsj.chicago_md:n27294	a-p---md-
Δίοισί	*di/oisi/	δῖος	di=os	urn:cite2:hmt:lsj.chicago_md:n27293	a-p---nd-
Δίοισί	*di/oisi/	δῖος	di=os	urn:cite2:hmt:lsj.chicago_md:n27294	a-p---nd-
Δίοισί	*di/oisi/	δῖος	di=os	urn:cite2:hmt:lsj.chicago_md:n27293	n-p---md-
Δίοισί	*di/oisi/	δῖος	di=os	urn:cite2:hmt:lsj.chicago_md:n27294	n-p---md-
Δίοισί	*di/oisi/	δῖος	di=os	urn:cite2:hmt:lsj.chicago_md:n27293	n-p---fd-
Δίοισί	*di/oisi/	δῖος	di=os	urn:cite2:hmt:lsj.chicago_md:n27294	n-p---fd-
Δίοισί	*di/oisi/	δῖος	di=os	urn:cite2:hmt:lsj.chicago_md:n27293	n-p---nd-
Δίοισί	*di/oisi/	δῖος	di=os	urn:cite2:hmt:lsj.chicago_md:n27294	n-p---nd-
Δίου	*di/ou	Δίον	*di/on	urn:cite2:hmt:lsj.chicago_md:n27197	n-s---ng-
Δίου	*di/ou	Δίον	*di/on	urn:cite2:hmt:lsj.chicago_md:n27198	n-s---ng-
Δίου	*di/ou	Δῖον	*di=on	urn:cite2:hmt:lsj.chicago_md:n27197	n-s---ng-
Δίου	*di/ou	Δῖον	*di=on	urn:cite2:hmt:lsj.chicago_md:n27198	n-s---ng-
Δίου	*di/ou	Δῖος	*di=os	urn:cite2:hmt:lsj.chicago_md:n27293	n-s---mg-
Δίου	*di/ou	Δῖος	*di=os	urn:cite2:hmt:lsj.chicago_md:n27294	n-s---mg-
Δίου	*di/ou	Δῖος	*di=os	urn:cite2:hmt:lsj.chicago_md:n27295	n-s---mg-
Δίου	*di/ou	Δῖος	*di=os	urn:cite2:hmt:lsj.chicago_md:n27296	n-s---mg-
Δίου	*di/ou	δίεμαι	di/emai	urn:cite2:hmt:lsj.chicago_md:n26563	v2spme---
Δίου	*di/ou	δίω	di/w	urn:cite2:hmt:lsj.chicago_md:n27742	v2spme---
Δίου	*di/ou	δίω	di/w	urn:cite2:hmt:lsj.chicago_md:n27742	v2siie---
Δίου	*di/ou	δῖος	di=os	urn:cite2:hmt:lsj.chicago_md:n27293	a-s---mg-
Δίου	*di/ou	δῖος	di=os	urn:cite2:hmt:lsj.chicago_md:n27294	a-s---mg-
Δίου	*di/ou	δῖος	di=os	urn:cite2:hmt:lsj.chicago_md:n27293	a-s---ng-
Δίου	*di/ou	δῖος	di=os	urn:cite2:hmt:lsj.chicago_md:n27294	a-s---ng-
Δίου	*di/ou	δῖος	di=os	urn:cite2:hmt:lsj.chicago_md:n27293	n-s---mg-
Δίου	*di/ou	δῖος	di=os	urn:cite2:hmt:lsj.chicago_md:n27294	n-s---mg-
Δίου	*di/ou	δῖος	di=os	urn:cite2:hmt:lsj.chicago_md:n27293	n-s---fg-
Δίου	*di/ou	δῖος	di=os	urn:cite2:hmt:lsj.chicago_md:n27294	n-s---fg-
Δίου	*di/ou	δῖος	di=os	urn:cite2:hmt:lsj.chicago_md:n27293	n-s---ng-
Δίου	*di/ou	δῖος	di=os	urn:cite2:hmt:lsj.chicago_md:n27294	n-s---ng-
Δίῳ	*di/w|	Δίον	*di/on	urn:cite2:hmt:lsj.chicago_md:n27197	n-s---nd-
Δίῳ	*di/w|	Δίον	*di/on	urn:cite2:hmt:lsj.chicago_md:n27198	n-s---nd-
Δίῳ	*di/w|	Δῖον	*di=on	urn:cite2:hmt:lsj.chicago_md:n27197	n-s---nd-
Δίῳ	*di/w|	Δῖον	*di=on	urn:cite2:hmt:lsj.chicago_md:n27198	n-s---nd-
Δίῳ	*di/w|	Δῖος	*di=os	urn:cite2:hmt:lsj.chicago_md:n27293	n-s---md-
Δίῳ	*di/w|	Δῖος	*di=os	urn:cite2:hmt:lsj.chicago_md:n27294	n-s---md-
Δίῳ	*di/w|	Δῖος	*di=os	urn:cite2:hmt:lsj.chicago_md:n27295	n-s---md-
Δίῳ	*di/w|	Δῖος	*di=os	urn:cite2:hmt:lsj.chicago_md:n27296	n-s---md-
Δίῳ	*di/w|	δῖος	di=os	urn:cite2:hmt:lsj.chicago_md:n27293	a-s---md-
Δίῳ	*di/w|	δῖος	di=os	urn:cite2:hmt:lsj.chicago_md:n27294	a-s---md-
Δίῳ	*di/w|	δῖος	di=os	urn:cite2:hmt:lsj.chicago_md:n27293	a-s---nd-
Δίῳ	*di/w|	δῖος	di=os	urn:cite2:hmt:lsj.chicago_md:n27294	a-s---nd-
Δίῳ	*di/w|	δῖος	di=os	urn:cite2:hmt:lsj.chicago_md:n27293	n-s---md-
Δίῳ	*di/w|	δῖος	di=os	urn:cite2:hmt:lsj.chicago_md:n27294	n-s---md-
Δίῳ	*di/w|	δῖος	di=os	urn:cite2:hmt:lsj.chicago_md:n27293	n-s---fd-
Δίῳ	*di/w|	δῖος	di=os	urn:cite2:hmt:lsj.chicago_md:n27294	n-s---fd-
Δίῳ	*di/w|	δῖος	di=os	urn:cite2:hmt:lsj.chicago_md:n27293	n-s---nd-
Δίῳ	*di/w|	δῖος	di=os	urn:cite2:hmt:lsj.chicago_md:n27294	n-s---nd-
Δᾶλος	*da=los	Δᾶλος	*da=los	urn:cite2:hmt:lsj.chicago_md:n23347	n-s---mn-
Δᾶλος	*da=los	Δᾶλος	*da=los	urn:cite2:hmt:lsj.chicago_md:n23348	n-s---mn-
Εἰνοδία	*ei)nodi/a	ἐνόδιος	e)no/dios	urn:cite2:hmt:lsj.chicago_md:n35896	a-d---fn-
Εἰνοδία	*ei)nodi/a	ἐνόδιος	e)no/dios	urn:cite2:hmt:lsj.chicago_md:n35896	a-d---fv-
Εἰνοδία	*ei)nodi/a	ἐνόδιος	e)no/dios	urn:cite2:hmt:lsj.chicago_md:n35896	a-d---fa-
Εἰνοδία	*ei)nodi/a	ἐνόδιος	e)no/dios	urn:cite2:hmt:lsj.chicago_md:n35896	a-s---fn-
Εἰνοδία	*ei)nodi/a	ἐνόδιος	e)no/dios	urn:cite2:hmt:lsj.chicago_md:n35896	a-s---fv-
Εὐρωπίας	*eu)rwpi/as	Εὐρωπία	*eu)rwpi/a	urn:cite2:hmt:lsj.chicago_md:n45074	n-p---fa-
Εὐρωπίας	*eu)rwpi/as	Εὐρωπία	*eu)rwpi/a	urn:cite2:hmt:lsj.chicago_md:n45074	n-s---fg-
Εὐρώπης	*eu)rw/phs	Εὐρώπη	*eu)rw/ph	urn:cite2:hmt:lsj.chicago_md:n45073	n-s---fg-
Εὔβοι’	*eu)/boi'	Εὔβοια	*eu)/boia	urn:cite2:hmt:lsj.chicago_md:n43509	n-s---fn-
Εὔβοι’	*eu)/boi'	Εὔβοια	*eu)/boia	urn:cite2:hmt:lsj.chicago_md:n43509	n-s---fv-
Εὔβοι’	*eu)/boi'	Εὔβοια	*eu)/boia	urn:cite2:hmt:lsj.chicago_md:n43509	n-p---fn-
Εὔβοι’	*eu)/boi'	Εὔβοια	*eu)/boia	urn:cite2:hmt:lsj.chicago_md:n43509	n-p---fv-
Ζεύς	*zeu/s	Ζεύς	*zeu/s	urn:cite2:hmt:lsj.chicago_md:n46195	n-s---mn-
Ζεῦ	*zeu=	Ζεύς	*zeu/s	urn:cite2:hmt:lsj.chicago_md:n46195	n-s---mv-
Ζεῦ	*zeu=	ζέω	ze/w	urn:cite2:hmt:lsj.chicago_md:n46204	v2spme---
Ζεῦ	*zeu=	ζέω	ze/w	urn:cite2:hmt:lsj.chicago_md:n46204	v2siie---
Ζηνί	*zhni/	Ζεύς	*zeu/s	urn:cite2:hmt:lsj.chicago_md:n46195	n-s---md-
Ζηνός	*zhno/s	Ζεύς	*zeu/s	urn:cite2:hmt:lsj.chicago_md:n46195	n-s---mg-
Θεοῖσιν	*qeoi=sin	θεάω	qea/w	urn:cite2:hmt:lsj.chicago_md:n47998	v-pppamd-
Θεοῖσιν	*qeoi=sin	θεάω	qea/w	urn:cite2:hmt:lsj.chicago_md:n47998	v-pppand-
Θεοῖσιν	*qeoi=sin	θεός	qeo/s	urn:cite2:hmt:lsj.chicago_md:n48291	n-p---md-
Κασταλίας	*kastali/as	Κασταλία	*kastali/a	urn:cite2:hmt:lsj.chicago_md:n53625	n-p---fa-
Κασταλίας	*kastali/as	Κασταλία	*kastali/a	urn:cite2:hmt:lsj.chicago_md:n53625	n-s---fg-
Κεκροπίαν	*kekropi/an	Κέκροψ	*ke/kroy	urn:cite2:hmt:lsj.chicago_md:n56437	a-s---fa-
Κεκροπίας	*kekropi/as	Κέκροψ	*ke/kroy	urn:cite2:hmt:lsj.chicago_md:n56437	a-p---fa-
Κεκροπίας	*kekropi/as	Κέκροψ	*ke/kroy	urn:cite2:hmt:lsj.chicago_md:n56437	a-s---fg-
Κεκροπίδαις	*kekropi/dais	Κέκροψ	*ke/kroy	urn:cite2:hmt:lsj.chicago_md:n56437	n-p---md-
Κρέουσ’	*kre/ous'	Κρέων	*kre/wn	urn:cite2:hmt:lsj.chicago_md:n59858	n-p---md-
Κρέουσ’	*kre/ous'	Κρέων	*kre/wn	urn:cite2:hmt:lsj.chicago_md:n59859	n-p---md-
Κρέουσ’	*kre/ous'	κρέων	kre/wn	urn:cite2:hmt:lsj.chicago_md:n59858	n-p---md-
Κρέουσ’	*kre/ous'	κρείων	krei/wn	urn:cite2:hmt:lsj.chicago_md:n59796	n-p---md-
Κυκλάδας	*kukla/das	κυκλάς	kukla/s	urn:cite2:hmt:lsj.chicago_md:n60607	n-p---fa-
Κέκροπα	*ke/kropa	Κέκροψ	*ke/kroy	urn:cite2:hmt:lsj.chicago_md:n56437	n-s---ma-
Κέκροπος	*ke/kropos	Κέκροψ	*ke/kroy	urn:cite2:hmt:lsj.chicago_md:n56437	n-s---mg-
Κέκροπός	*ke/kropo/s	Κέκροψ	*ke/kroy	urn:cite2:hmt:lsj.chicago_md:n56437	n-s---mg-
Κύπριδι	*ku/pridi	Κύπρις	*ku/pris	urn:cite2:hmt:lsj.chicago_md:n61013	n-s---fd-
Κύπριδος	*ku/pridos	Κύπρις	*ku/pris	urn:cite2:hmt:lsj.chicago_md:n61013	n-s---fg-
Λατογενής	*latogenh/s	Λατογενής	*latogenh/s	urn:cite2:hmt:lsj.chicago_md:n62041	n-s---mn-
Λατογενής	*latogenh/s	Λατογενής	*latogenh/s	urn:cite2:hmt:lsj.chicago_md:n62041	n-s---fn-
Λατογενής	*latogenh/s	Λητογενής	*lhtogenh/s	urn:cite2:hmt:lsj.chicago_md:n63000	n-s---mn-
Λατογενής	*latogenh/s	Λητογενής	*lhtogenh/s	urn:cite2:hmt:lsj.chicago_md:n63000	n-s---fn-
Λατοῦς	*latou=s	Λητώ	*lhtw/	urn:cite2:hmt:lsj.chicago_md:n63003	n-p---fn-
Λατοῦς	*latou=s	Λητώ	*lhtw/	urn:cite2:hmt:lsj.chicago_md:n63003	n-p---fv-
Λατοῦς	*latou=s	Λητώ	*lhtw/	urn:cite2:hmt:lsj.chicago_md:n63003	n-s---fg-
Λατοῦς	*latou=s	Λητώ	*lhtw/	urn:cite2:hmt:lsj.chicago_md:n63003	n-p---fv-
Λατώ	*latw/	Λητώ	*lhtw/	urn:cite2:hmt:lsj.chicago_md:n63003	n-s---fn-
Λητοῦς	*lhtou=s	Λητώ	*lhtw/	urn:cite2:hmt:lsj.chicago_md:n63003	n-p---fn-
Λητοῦς	*lhtou=s	Λητώ	*lhtw/	urn:cite2:hmt:lsj.chicago_md:n63003	n-p---fv-
Λητοῦς	*lhtou=s	Λητώ	*lhtw/	urn:cite2:hmt:lsj.chicago_md:n63003	n-s---fg-
Λοξίας	*loci/as	Λοξίας	*loci/as	urn:cite2:hmt:lsj.chicago_md:n63862	n-p---ma-
Λοξίας	*loci/as	Λοξίας	*loci/as	urn:cite2:hmt:lsj.chicago_md:n63862	n-s---mn-
Λοξίου	*loci/ou	Λοξίας	*loci/as	urn:cite2:hmt:lsj.chicago_md:n63862	n-s---mg-
Λοξίᾳ	*loci/a|	Λοξίας	*loci/as	urn:cite2:hmt:lsj.chicago_md:n63862	n-p---mn-
Λοξίᾳ	*loci/a|	Λοξίας	*loci/as	urn:cite2:hmt:lsj.chicago_md:n63862	n-p---mv-
Λοξίᾳ	*loci/a|	Λοξίας	*loci/as	urn:cite2:hmt:lsj.chicago_md:n63862	n-s---md-
Μαινάσιν	*maina/sin	μαινάς	maina/s	urn:cite2:hmt:lsj.chicago_md:n64556	n-p---fd-
Μακραί	*makrai/	μακρός	makro/s	urn:cite2:hmt:lsj.chicago_md:n64703	a-p---fn-
Μακραί	*makrai/	μακρός	makro/s	urn:cite2:hmt:lsj.chicago_md:n64703	a-p---fv-
Μακραῖς	*makrai=s	μακρός	makro/s	urn:cite2:hmt:lsj.chicago_md:n64703	a-p---fd-
Μακράς	*makra/s	μακρός	makro/s	urn:cite2:hmt:lsj.chicago_md:n64703	a-p---fa-
Μαῖαν	*mai=an	Μαῖα	*mai=a	urn:cite2:hmt:lsj.chicago_md:n64530	n-s---fa-
Μαῖαν	*mai=an	Μαῖα	*mai=a	urn:cite2:hmt:lsj.chicago_md:n64531	n-s---fa-
Μαῖαν	*mai=an	μαῖα	mai=a	urn:cite2:hmt:lsj.chicago_md:n64530	n-s---fa-
Μαῖαν	*mai=an	μαῖα	mai=a	urn:cite2:hmt:lsj.chicago_md:n64531	n-s---fa-
Μίμαντα	*mi/manta	Μίμας	*mi/mas	urn:cite2:hmt:lsj.chicago_md:n67847	n-s---ma-
Μίμαντα	*mi/manta	Μίμας	*mi/mas	urn:cite2:hmt:lsj.chicago_md:n67848	n-s---ma-
Νηρέος	*nhre/os	Νηρεύς	*nhreu/s	urn:cite2:hmt:lsj.chicago_md:n70729	n-s---mg-
Νίκα	*ni/ka	Νίκη	*ni/kh	urn:cite2:hmt:lsj.chicago_md:n70840	n-d---fn-
Νίκα	*ni/ka	Νίκη	*ni/kh	urn:cite2:hmt:lsj.chicago_md:n111343	n-d---fn-
Νίκα	*ni/ka	Νίκη	*ni/kh	urn:cite2:hmt:lsj.chicago_md:n70840	n-d---fv-
Νίκα	*ni/ka	Νίκη	*ni/kh	urn:cite2:hmt:lsj.chicago_md:n111343	n-d---fv-
Νίκα	*ni/ka	Νίκη	*ni/kh	urn:cite2:hmt:lsj.chicago_md:n70840	n-d---fa-
Νίκα	*ni/ka	Νίκη	*ni/kh	urn:cite2:hmt:lsj.chicago_md:n111343	n-d---fa-
Νίκα	*ni/ka	Νίκη	*ni/kh	urn:cite2:hmt:lsj.chicago_md:n70840	n-s---fn-
Νίκα	*ni/ka	Νίκη	*ni/kh	urn:cite2:hmt:lsj.chicago_md:n111343	n-s---fn-
Νίκα	*ni/ka	Νίκη	*ni/kh	urn:cite2:hmt:lsj.chicago_md:n70840	n-s---fv-
Νίκα	*ni/ka	Νίκη	*ni/kh	urn:cite2:hmt:lsj.chicago_md:n111343	n-s---fv-
Νίκα	*ni/ka	νίκη	ni/kh	urn:cite2:hmt:lsj.chicago_md:n70840	n-d---fn-
Νίκα	*ni/ka	νίκη	ni/kh	urn:cite2:hmt:lsj.chicago_md:n111343	n-d---fn-
Νίκα	*ni/ka	νίκη	ni/kh	urn:cite2:hmt:lsj.chicago_md:n70840	n-d---fv-
Νίκα	*ni/ka	νίκη	ni/kh	urn:cite2:hmt:lsj.chicago_md:n111343	n-d---fv-
Νίκα	*ni/ka	νίκη	ni/kh	urn:cite2:hmt:lsj.chicago_md:n70840	n-d---fa-
Νίκα	*ni/ka	νίκη	ni/kh	urn:cite2:hmt:lsj.chicago_md:n111343	n-d---fa-
Νίκα	*ni/ka	νίκη	ni/kh	urn:cite2:hmt:lsj.chicago_md:n70840	n-s---fn-
Νίκα	*ni/ka	νίκη	ni/kh	urn:cite2:hmt:lsj.chicago_md:n111343	n-s---fn-
Νίκα	*ni/ka	νίκη	ni/kh	urn:cite2:hmt:lsj.chicago_md:n70840	n-s---fv-
Νίκα	*ni/ka	νίκη	ni/kh	urn:cite2:hmt:lsj.chicago_md:n111343	n-s---fv-
Νίκα	*ni/ka	νῖκος	ni=kos	urn:cite2:hmt:lsj.chicago_md:n70859	n-p---nn-
Νίκα	*ni/ka	νῖκος	ni=kos	urn:cite2:hmt:lsj.chicago_md:n70859	n-p---nv-
Νίκα	*ni/ka	νῖκος	ni=kos	urn:cite2:hmt:lsj.chicago_md:n70859	n-p---na-
Νίκα	*ni/ka	νικάω	nika/w	urn:cite2:hmt:lsj.chicago_md:n70839	v2spma---
Νίκα	*ni/ka	νικάω	nika/w	urn:cite2:hmt:lsj.chicago_md:n70839	v3siia---
Νίκην	*ni/khn	Νίκη	*ni/kh	urn:cite2:hmt:lsj.chicago_md:n70840	n-s---fa-
Νίκην	*ni/khn	Νίκη	*ni/kh	urn:cite2:hmt:lsj.chicago_md:n111343	n-s---fa-
Νίκην	*ni/khn	νίκη	ni/kh	urn:cite2:hmt:lsj.chicago_md:n70840	n-s---fa-
Νίκην	*ni/khn	νίκη	ni/kh	urn:cite2:hmt:lsj.chicago_md:n111343	n-s---fa-
Νίκην	*ni/khn	νῖκος	ni=kos	urn:cite2:hmt:lsj.chicago_md:n70859	n-s---na-
Νίκην	*ni/khn	νικάω	nika/w	urn:cite2:hmt:lsj.chicago_md:n70839	v3piia---
Νίκην	*ni/khn	νικάω	nika/w	urn:cite2:hmt:lsj.chicago_md:n70839	v1siia---
Νύξ	*nu/c	Νύξ	*nu/c	urn:cite2:hmt:lsj.chicago_md:n71314	n-s---fn-
Νύξ	*nu/c	Νύξ	*nu/c	urn:cite2:hmt:lsj.chicago_md:n71314	n-s---fv-
Νύξ	*nu/c	νύξ	nu/c	urn:cite2:hmt:lsj.chicago_md:n71314	n-s---fn-
Νύξ	*nu/c	νύξ	nu/c	urn:cite2:hmt:lsj.chicago_md:n71314	n-s---fv-
Ξούθου	*cou/qou	Ξοῦθος	*cou=qos	urn:cite2:hmt:lsj.chicago_md:n71680	n-s---mg-
Ξούθῳ	*cou/qw|	Ξοῦθος	*cou=qos	urn:cite2:hmt:lsj.chicago_md:n71680	n-s---md-
Ξοῦθον	*cou=qon	Ξοῦθος	*cou=qos	urn:cite2:hmt:lsj.chicago_md:n71680	n-s---ma-
Ξοῦθος	*cou=qos	Ξοῦθος	*cou=qos	urn:cite2:hmt:lsj.chicago_md:n71680	n-s---mn-
Οὐρανός	*ou)rano/s	Οὐρανός	*ou)rano/s	urn:cite2:hmt:lsj.chicago_md:n75954	n-s---mn-
Οὐρανός	*ou)rano/s	οὐρανός	ou)rano/s	urn:cite2:hmt:lsj.chicago_md:n75954	n-s---mn-
Παιάν	*paia/n	Παιάν	*paia/n	urn:cite2:hmt:lsj.chicago_md:n76532	n-s---mn-
Παιάν	*paia/n	Παιάν	*paia/n	urn:cite2:hmt:lsj.chicago_md:n76532	n-s---mv-
Παιάν	*paia/n	Παιάν	*paia/n	urn:cite2:hmt:lsj.chicago_md:n76532	n-s---mn-
Παιάν	*paia/n	Παιάν	*paia/n	urn:cite2:hmt:lsj.chicago_md:n76532	n-s---mv-
Παλλάδι	*palla/di	Παλλάς	*palla/s	urn:cite2:hmt:lsj.chicago_md:n77017	n-s---fd-
Παλλάδι	*palla/di	Παλλάς	*palla/s	urn:cite2:hmt:lsj.chicago_md:n77018	n-s---fd-
Παλλάδος	*palla/dos	Παλλάς	*palla/s	urn:cite2:hmt:lsj.chicago_md:n77017	n-s---fg-
Παλλάδος	*palla/dos	Παλλάς	*palla/s	urn:cite2:hmt:lsj.chicago_md:n77018	n-s---fg-
Παλλάδ’	*palla/d'	Παλλάς	*palla/s	urn:cite2:hmt:lsj.chicago_md:n77017	n-s---fa-
Παλλάδ’	*palla/d'	Παλλάς	*palla/s	urn:cite2:hmt:lsj.chicago_md:n77018	n-s---fa-
Παλλάδ’	*palla/d'	Παλλάς	*palla/s	urn:cite2:hmt:lsj.chicago_md:n77017	n-s---fd-
Παλλάδ’	*palla/d'	Παλλάς	*palla/s	urn:cite2:hmt:lsj.chicago_md:n77018	n-s---fd-
Παλλάδ’	*palla/d'	Παλλάς	*palla/s	urn:cite2:hmt:lsj.chicago_md:n77017	n-d---fn-
Παλλάδ’	*palla/d'	Παλλάς	*palla/s	urn:cite2:hmt:lsj.chicago_md:n77018	n-d---fn-
Παλλάδ’	*palla/d'	Παλλάς	*palla/s	urn:cite2:hmt:lsj.chicago_md:n77017	n-d---fv-
Παλλάδ’	*palla/d'	Παλλάς	*palla/s	urn:cite2:hmt:lsj.chicago_md:n77018	n-d---fv-
Παλλάδ’	*palla/d'	Παλλάς	*palla/s	urn:cite2:hmt:lsj.chicago_md:n77017	n-d---fa-
Παλλάδ’	*palla/d'	Παλλάς	*palla/s	urn:cite2:hmt:lsj.chicago_md:n77018	n-d---fa-
Παλλάς	*palla/s	Παλλάς	*palla/s	urn:cite2:hmt:lsj.chicago_md:n77017	n-s---fn-
Παλλάς	*palla/s	Παλλάς	*palla/s	urn:cite2:hmt:lsj.chicago_md:n77018	n-s---fn-
Πανός	*pano/s	Πάν	*pa/n	urn:cite2:hmt:lsj.chicago_md:n77168	n-s---mg-
Πανός	*pano/s	Πάν	*pa/n	urn:cite2:hmt:lsj.chicago_md:n77169	n-s---mg-
Πανός	*pano/s	Πᾶν	*pa=n	urn:cite2:hmt:lsj.chicago_md:n77168	n-s---mg-
Πανός	*pano/s	Πᾶν	*pa=n	urn:cite2:hmt:lsj.chicago_md:n77169	n-s---mg-
Πανός	*pano/s	πανός	pano/s	urn:cite2:hmt:lsj.chicago_md:n77514	n-s---mn-
Πανός	*pano/s	πανός	pano/s	urn:cite2:hmt:lsj.chicago_md:n77515	n-s---mn-
Παρνασοῦ	*parnasou=	Παρνασός	*parnaso/s	urn:cite2:hmt:lsj.chicago_md:n79657	n-s---mg-
Περσεφόνας	*persefo/nas	Περσεφόνη	*persefo/nh	urn:cite2:hmt:lsj.chicago_md:n82662	n-p---fa-
Περσεφόνας	*persefo/nas	Περσεφόνη	*persefo/nh	urn:cite2:hmt:lsj.chicago_md:n82662	n-s---fg-
Ποσειδῶν	*poseidw=n	Ποσειδῶν	*poseidw=n	urn:cite2:hmt:lsj.chicago_md:n85893	n-s---mn-
Προμηθεῖ	*promhqei=	Προμηθεύς	*promhqeu/s	urn:cite2:hmt:lsj.chicago_md:n88017	n-s---md-
Προμηθεῖ	*promhqei=	προμηθέομαι	promhqe/omai	urn:cite2:hmt:lsj.chicago_md:n88015	v2spie---
Προμηθεῖ	*promhqei=	προμηθέομαι	promhqe/omai	urn:cite2:hmt:lsj.chicago_md:n88015	v2spie---
Προμηθεῖ	*promhqei=	προμηθεύς	promhqeu/s	urn:cite2:hmt:lsj.chicago_md:n88017	n-s---md-
Προμηθεῖ	*promhqei=	προμηθής	promhqh/s	urn:cite2:hmt:lsj.chicago_md:n88019	n-d---mn-
Προμηθεῖ	*promhqei=	προμηθής	promhqh/s	urn:cite2:hmt:lsj.chicago_md:n88019	n-d---mv-
Προμηθεῖ	*promhqei=	προμηθής	promhqh/s	urn:cite2:hmt:lsj.chicago_md:n88019	n-d---ma-
Προμηθεῖ	*promhqei=	προμηθής	promhqh/s	urn:cite2:hmt:lsj.chicago_md:n88019	n-d---fn-
Προμηθεῖ	*promhqei=	προμηθής	promhqh/s	urn:cite2:hmt:lsj.chicago_md:n88019	n-d---fv-
Προμηθεῖ	*promhqei=	προμηθής	promhqh/s	urn:cite2:hmt:lsj.chicago_md:n88019	n-d---fa-
Προμηθεῖ	*promhqei=	προμηθής	promhqh/s	urn:cite2:hmt:lsj.chicago_md:n88019	n-d---nn-
Προμηθεῖ	*promhqei=	προμηθής	promhqh/s	urn:cite2:hmt:lsj.chicago_md:n88019	n-d---nv-
Προμηθεῖ	*promhqei=	προμηθής	promhqh/s	urn:cite2:hmt:lsj.chicago_md:n88019	n-d---na-
Προμηθεῖ	*promhqei=	προμηθής	promhqh/s	urn:cite2:hmt:lsj.chicago_md:n88019	n-s---md-
Προμηθεῖ	*promhqei=	προμηθής	promhqh/s	urn:cite2:hmt:lsj.chicago_md:n88019	n-s---fd-
Προμηθεῖ	*promhqei=	προμηθής	promhqh/s	urn:cite2:hmt:lsj.chicago_md:n88019	n-s---nd-
Πυθικοῖς	*puqikoi=s	Πυθικός	*puqiko/s	urn:cite2:hmt:lsj.chicago_md:n91368	a-p---md-
Πυθικοῖς	*puqikoi=s	Πυθικός	*puqiko/s	urn:cite2:hmt:lsj.chicago_md:n91368	a-p---nd-
Πυθίαν	*puqi/an	Πύθιος	*pu/qios	urn:cite2:hmt:lsj.chicago_md:n91372	a-s---fa-
Πυθίαν	*puqi/an	Πυθία	*puqi/a	urn:cite2:hmt:lsj.chicago_md:n91362	n-s---fa-
Πυθίαν	*puqi/an	Πυθία	*puqi/a	urn:cite2:hmt:lsj.chicago_md:n91363	n-s---fa-
Πυθίᾳ	*puqi/a|	Πύθιος	*pu/qios	urn:cite2:hmt:lsj.chicago_md:n91372	a-s---fd-
Πυθίᾳ	*puqi/a|	Πυθία	*puqi/a	urn:cite2:hmt:lsj.chicago_md:n91362	n-p---fn-
Πυθίᾳ	*puqi/a|	Πυθία	*puqi/a	urn:cite2:hmt:lsj.chicago_md:n91363	n-p---fn-
Πυθίᾳ	*puqi/a|	Πυθία	*puqi/a	urn:cite2:hmt:lsj.chicago_md:n91362	n-p---fv-
Πυθίᾳ	*puqi/a|	Πυθία	*puqi/a	urn:cite2:hmt:lsj.chicago_md:n91363	n-p---fv-
Πυθίᾳ	*puqi/a|	Πυθία	*puqi/a	urn:cite2:hmt:lsj.chicago_md:n91362	n-s---fd-
Πυθίᾳ	*puqi/a|	Πυθία	*puqi/a	urn:cite2:hmt:lsj.chicago_md:n91363	n-s---fd-
Πάν	*pa/n	Πάν	*pa/n	urn:cite2:hmt:lsj.chicago_md:n77168	n-s---mn-
Πάν	*pa/n	Πάν	*pa/n	urn:cite2:hmt:lsj.chicago_md:n77169	n-s---mn-
Πάν	*pa/n	Πάν	*pa/n	urn:cite2:hmt:lsj.chicago_md:n77168	n-s---mv-
Πάν	*pa/n	Πάν	*pa/n	urn:cite2:hmt:lsj.chicago_md:n77169	n-s---mv-
Πάν	*pa/n	Πᾶν	*pa=n	urn:cite2:hmt:lsj.chicago_md:n77168	n-s---mn-
Πάν	*pa/n	Πᾶν	*pa=n	urn:cite2:hmt:lsj.chicago_md:n77169	n-s---mn-
Πάν	*pa/n	Πᾶν	*pa=n	urn:cite2:hmt:lsj.chicago_md:n77168	n-s---mv-
Πάν	*pa/n	Πᾶν	*pa=n	urn:cite2:hmt:lsj.chicago_md:n77169	n-s---mv-
Πάν	*pa/n	πᾶς	pa=s	urn:cite2:hmt:lsj.chicago_md:n79904	n-s---nn-
Πάν	*pa/n	πᾶς	pa=s	urn:cite2:hmt:lsj.chicago_md:n79905	n-s---nn-
Πάν	*pa/n	πᾶς	pa=s	urn:cite2:hmt:lsj.chicago_md:n79906	n-s---nn-
Πάν	*pa/n	πᾶς	pa=s	urn:cite2:hmt:lsj.chicago_md:n79904	n-s---nv-
Πάν	*pa/n	πᾶς	pa=s	urn:cite2:hmt:lsj.chicago_md:n79905	n-s---nv-
Πάν	*pa/n	πᾶς	pa=s	urn:cite2:hmt:lsj.chicago_md:n79906	n-s---nv-
Πάν	*pa/n	πᾶς	pa=s	urn:cite2:hmt:lsj.chicago_md:n79904	n-s---na-
Πάν	*pa/n	πᾶς	pa=s	urn:cite2:hmt:lsj.chicago_md:n79905	n-s---na-
Πάν	*pa/n	πᾶς	pa=s	urn:cite2:hmt:lsj.chicago_md:n79906	n-s---na-
Πύθιαι	*pu/qiai	Πύθιος	*pu/qios	urn:cite2:hmt:lsj.chicago_md:n91372	a-p---fn-
Πύθιαι	*pu/qiai	Πύθιος	*pu/qios	urn:cite2:hmt:lsj.chicago_md:n91372	a-p---fv-
Πύθιον	*pu/qion	Πύθιον	*pu/qion	urn:cite2:hmt:lsj.chicago_md:n91369	n-s---nn-
Πύθιον	*pu/qion	Πύθιον	*pu/qion	urn:cite2:hmt:lsj.chicago_md:n91369	n-s---nv-
Πύθιον	*pu/qion	Πύθιον	*pu/qion	urn:cite2:hmt:lsj.chicago_md:n91369	n-s---na-
Πύθιον	*pu/qion	Πύθιος	*pu/qios	urn:cite2:hmt:lsj.chicago_md:n91372	a-s---ma-
Πύθιον	*pu/qion	Πύθιος	*pu/qios	urn:cite2:hmt:lsj.chicago_md:n91372	a-s---nn-
Πύθιον	*pu/qion	Πύθιος	*pu/qios	urn:cite2:hmt:lsj.chicago_md:n91372	a-s---nv-
Πύθιον	*pu/qion	Πύθιος	*pu/qios	urn:cite2:hmt:lsj.chicago_md:n91372	a-s---na-
Πύθιος	*pu/qios	Πύθιος	*pu/qios	urn:cite2:hmt:lsj.chicago_md:n91372	a-s---mn-
Σύ	*su/	σύ	su/	urn:cite2:hmt:lsj.chicago_md:n97456	p-s----n-
Τιτᾶνι	*tita=ni	Τιτάν	*tita/n	urn:cite2:hmt:lsj.chicago_md:n104056	n-s---md-
Τροφωνίου	*trofwni/ou	Τροφώνιος	*trofw/nios	urn:cite2:hmt:lsj.chicago_md:n105573	n-s---mg-
Τίς	*ti/s	τίς	ti/s	urn:cite2:hmt:lsj.chicago_md:n104051a	n-s---mn-
Τίς	*ti/s	τίς	ti/s	urn:cite2:hmt:lsj.chicago_md:n104051a	n-s---fn-
Τίς	*ti/s	τις	tis	urn:cite2:hmt:lsj.chicago_md:n104051	p-s---mn-
Τίς	*ti/s	τις	tis	urn:cite2:hmt:lsj.chicago_md:n104051	p-s---fn-
Τύχη	*tu/xh	Τύχη	*tu/xh	urn:cite2:hmt:lsj.chicago_md:n106094	n-s---fn-
Τύχη	*tu/xh	Τύχη	*tu/xh	urn:cite2:hmt:lsj.chicago_md:n106094	n-s---fv-
Τύχη	*tu/xh	τύχη	tu/xh	urn:cite2:hmt:lsj.chicago_md:n106094	n-s---fn-
Τύχη	*tu/xh	τύχη	tu/xh	urn:cite2:hmt:lsj.chicago_md:n106094	n-s---fv-
Φοιβήιος	*foibh/ios	Φοίβειος	*foi/beios	urn:cite2:hmt:lsj.chicago_md:n111916	a-s---mn-
Φοίβειος	*foi/beios	Φοίβειος	*foi/beios	urn:cite2:hmt:lsj.chicago_md:n111916	a-s---mn-
Φοίβειος	*foi/beios	Φοίβειος	*foi/beios	urn:cite2:hmt:lsj.chicago_md:n111916	n-s---mn-
Φοίβειος	*foi/beios	Φοίβειος	*foi/beios	urn:cite2:hmt:lsj.chicago_md:n111916	n-s---fn-
Φοίβειος	*foi/beios	φοίβειος	foi/beios	urn:cite2:hmt:lsj.chicago_md:n111916	a-s---mn-
Φοίβου	*foi/bou	Φοῖβος	*foi=bos	urn:cite2:hmt:lsj.chicago_md:n111928	n-s---mg-
Φοίβου	*foi/bou	φοῖβος	foi=bos	urn:cite2:hmt:lsj.chicago_md:n111928	a-s---mg-
Φοίβου	*foi/bou	φοῖβος	foi=bos	urn:cite2:hmt:lsj.chicago_md:n111928	a-s---ng-
Φοίβῳ	*foi/bw|	Φοῖβος	*foi=bos	urn:cite2:hmt:lsj.chicago_md:n111928	n-s---md-
Φοίβῳ	*foi/bw|	φοῖβος	foi=bos	urn:cite2:hmt:lsj.chicago_md:n111928	a-s---md-
Φοίβῳ	*foi/bw|	φοῖβος	foi=bos	urn:cite2:hmt:lsj.chicago_md:n111928	a-s---nd-
Φοῖβε	*foi=be	Φοῖβος	*foi=bos	urn:cite2:hmt:lsj.chicago_md:n111928	n-s---mv-
Φοῖβε	*foi=be	φοῖβος	foi=bos	urn:cite2:hmt:lsj.chicago_md:n111928	a-s---mv-
Φοῖβον	*foi=bon	Φοῖβος	*foi=bos	urn:cite2:hmt:lsj.chicago_md:n111928	n-s---ma-
Φοῖβον	*foi=bon	φοῖβος	foi=bos	urn:cite2:hmt:lsj.chicago_md:n111928	a-s---ma-
Φοῖβον	*foi=bon	φοῖβος	foi=bos	urn:cite2:hmt:lsj.chicago_md:n111928	a-s---nn-
Φοῖβον	*foi=bon	φοῖβος	foi=bos	urn:cite2:hmt:lsj.chicago_md:n111928	a-s---nv-
Φοῖβον	*foi=bon	φοῖβος	foi=bos	urn:cite2:hmt:lsj.chicago_md:n111928	a-s---na-
Φοῖβος	*foi=bos	Φοῖβος	*foi=bos	urn:cite2:hmt:lsj.chicago_md:n111928	n-s---mn-
Φοῖβος	*foi=bos	φοῖβος	foi=bos	urn:cite2:hmt:lsj.chicago_md:n111928	a-s---mn-
Φοῖβός	*foi=bo/s	Φοῖβος	*foi=bos	urn:cite2:hmt:lsj.chicago_md:n111928	n-s---mn-
Φοῖβός	*foi=bo/s	φοῖβος	foi=bos	urn:cite2:hmt:lsj.chicago_md:n111928	a-s---mn-
αἰαῖ	ai)ai=	αἰαῖ	ai)ai=	urn:cite2:hmt:lsj.chicago_md:n2105	x--------
αἰγίδος	ai)gi/dos	αἰγίς	ai)gi/s	urn:cite2:hmt:lsj.chicago_md:n2177	n-s---fg-
αἰγίδ’	ai)gi/d'	αἰγίς	ai)gi/s	urn:cite2:hmt:lsj.chicago_md:n2177	n-s---fa-
αἰγίδ’	ai)gi/d'	αἰγίς	ai)gi/s	urn:cite2:hmt:lsj.chicago_md:n2177	n-s---fd-
αἰγίδ’	ai)gi/d'	αἰγίς	ai)gi/s	urn:cite2:hmt:lsj.chicago_md:n2177	n-d---fn-
αἰγίδ’	ai)gi/d'	αἰγίς	ai)gi/s	urn:cite2:hmt:lsj.chicago_md:n2177	n-d---fv-
αἰγίδ’	ai)gi/d'	αἰγίς	ai)gi/s	urn:cite2:hmt:lsj.chicago_md:n2177	n-d---fa-
αἰδούμεθα	ai)dou/meqa	αἰδέομαι	ai)de/omai	urn:cite2:hmt:lsj.chicago_md:n2234	v1ppie---
αἰδούμεθα	ai)dou/meqa	αἰδέομαι	ai)de/omai	urn:cite2:hmt:lsj.chicago_md:n2234	v1piie---
αἰδούμεθ’	ai)dou/meq'	αἰδέομαι	ai)de/omai	urn:cite2:hmt:lsj.chicago_md:n2234	v1ppie---
αἰδούμεθ’	ai)dou/meq'	αἰδέομαι	ai)de/omai	urn:cite2:hmt:lsj.chicago_md:n2234	v1piie---
αἰδοῦμαι	ai)dou=mai	αἰδέομαι	ai)de/omai	urn:cite2:hmt:lsj.chicago_md:n2234	v1spie---
αἰδοῦς	ai)dou=s	αἰδώ	ai)dw/	urn:cite2:hmt:lsj.chicago_md:n2268	n-p---fn-
αἰδοῦς	ai)dou=s	αἰδώ	ai)dw/	urn:cite2:hmt:lsj.chicago_md:n2268	n-p---fv-
αἰδοῦς	ai)dou=s	αἰδώ	ai)dw/	urn:cite2:hmt:lsj.chicago_md:n2268	n-s---fg-
αἰδοῦς	ai)dou=s	αἰδώς	ai)dw/s	urn:cite2:hmt:lsj.chicago_md:n2271	n-p---fn-
αἰδοῦς	ai)dou=s	αἰδώς	ai)dw/s	urn:cite2:hmt:lsj.chicago_md:n2271	n-p---fv-
αἰδοῦς	ai)dou=s	αἰδώς	ai)dw/s	urn:cite2:hmt:lsj.chicago_md:n2271	n-s---fg-
αἰεί	ai)ei/	ἀεί	a)ei/	urn:cite2:hmt:lsj.chicago_md:n1564	d--------
αἰθέρα	ai)qe/ra	αἰθήρ	ai)qh/r	urn:cite2:hmt:lsj.chicago_md:n2324	n-s---ma-
αἰθέρος	ai)qe/ros	αἰθήρ	ai)qh/r	urn:cite2:hmt:lsj.chicago_md:n2324	n-s---mg-
αἰθήρ	ai)qh/r	αἰθήρ	ai)qh/r	urn:cite2:hmt:lsj.chicago_md:n2324	n-s---mn-
αἰνουμένης	ai)noume/nhs	αἰνέω	ai)ne/w	urn:cite2:hmt:lsj.chicago_md:n2515	v-sppefg-
αἰνοῦσα	ai)nou=sa	αἰνέω	ai)ne/w	urn:cite2:hmt:lsj.chicago_md:n2515	v-sppafn-
αἰνοῦσα	ai)nou=sa	αἰνέω	ai)ne/w	urn:cite2:hmt:lsj.chicago_md:n2515	v-sppafv-
αἰνίσσεται	ai)ni/ssetai	αἰνίσσομαι	ai)ni/ssomai	urn:cite2:hmt:lsj.chicago_md:n2534	v3spie---
αἰνίσσεται	ai)ni/ssetai	αἰνίζομαι	ai)ni/zomai	urn:cite2:hmt:lsj.chicago_md:n2528	v3sase---
αἰνίσσεται	ai)ni/ssetai	αἰνίζομαι	ai)ni/zomai	urn:cite2:hmt:lsj.chicago_md:n2528	v3sfie---
αἰνῶ	ai)nw=	αἰνέω	ai)ne/w	urn:cite2:hmt:lsj.chicago_md:n2515	v1spsa---
αἰνῶ	ai)nw=	αἰνέω	ai)ne/w	urn:cite2:hmt:lsj.chicago_md:n2515	v1spia---
αἰνῶ	ai)nw=	αἰνός	ai)no/s	urn:cite2:hmt:lsj.chicago_md:n2565	a-s---mg-
αἰνῶ	ai)nw=	αἰνός	ai)no/s	urn:cite2:hmt:lsj.chicago_md:n2565	a-s---ng-
αἰπεινά	ai)peina/	αἰπεινός	ai)peino/s	urn:cite2:hmt:lsj.chicago_md:n2622	a-p---nn-
αἰπεινά	ai)peina/	αἰπεινός	ai)peino/s	urn:cite2:hmt:lsj.chicago_md:n2622	a-p---nv-
αἰπεινά	ai)peina/	αἰπεινός	ai)peino/s	urn:cite2:hmt:lsj.chicago_md:n2622	a-p---na-
αἰπεινά	ai)peina/	αἰπεινός	ai)peino/s	urn:cite2:hmt:lsj.chicago_md:n2622	a-d---fn-
αἰπεινά	ai)peina/	αἰπεινός	ai)peino/s	urn:cite2:hmt:lsj.chicago_md:n2622	a-d---fv-
αἰπεινά	ai)peina/	αἰπεινός	ai)peino/s	urn:cite2:hmt:lsj.chicago_md:n2622	a-d---fa-
αἰπεινά	ai)peina/	αἰπεινός	ai)peino/s	urn:cite2:hmt:lsj.chicago_md:n2622	a-s---fn-
αἰπεινά	ai)peina/	αἰπεινός	ai)peino/s	urn:cite2:hmt:lsj.chicago_md:n2622	a-s---fv-
αἰρόμενος	ai)ro/menos	αἴρω	ai)/rw	urn:cite2:hmt:lsj.chicago_md:n2660	v-sppemn-
αἰσχρόν	ai)sxro/n	αἰσχρός	ai)sxro/s	urn:cite2:hmt:lsj.chicago_md:n2731	a-s---ma-
αἰσχρόν	ai)sxro/n	αἰσχρός	ai)sxro/s	urn:cite2:hmt:lsj.chicago_md:n2731	a-s---nn-
αἰσχρόν	ai)sxro/n	αἰσχρός	ai)sxro/s	urn:cite2:hmt:lsj.chicago_md:n2731	a-s---nv-
αἰσχρόν	ai)sxro/n	αἰσχρός	ai)sxro/s	urn:cite2:hmt:lsj.chicago_md:n2731	a-s---na-
αἰσχρόν	ai)sxro/n	αἰσχρός	ai)sxro/s	urn:cite2:hmt:lsj.chicago_md:n2731	n-s---ma-
αἰσχρόν	ai)sxro/n	αἰσχρός	ai)sxro/s	urn:cite2:hmt:lsj.chicago_md:n2731	n-s---fa-
αἰσχρόν	ai)sxro/n	αἰσχρός	ai)sxro/s	urn:cite2:hmt:lsj.chicago_md:n2731	n-s---nn-
αἰσχρόν	ai)sxro/n	αἰσχρός	ai)sxro/s	urn:cite2:hmt:lsj.chicago_md:n2731	n-s---nv-
αἰσχρόν	ai)sxro/n	αἰσχρός	ai)sxro/s	urn:cite2:hmt:lsj.chicago_md:n2731	n-s---na-
αἰσχύνεται	ai)sxu/netai	αἰσχύνω	ai)sxu/nw	urn:cite2:hmt:lsj.chicago_md:n2749	v3sasm---
αἰσχύνεται	ai)sxu/netai	αἰσχύνω	ai)sxu/nw	urn:cite2:hmt:lsj.chicago_md:n2749	v3spie---
αἰσχύνην	ai)sxu/nhn	αἰσχύνη	ai)sxu/nh	urn:cite2:hmt:lsj.chicago_md:n2739	n-s---fa-
αἰσχύνην	ai)sxu/nhn	αἰσχύνω	ai)sxu/nw	urn:cite2:hmt:lsj.chicago_md:n2749	v--pna---
αἰσχύνομαι	ai)sxu/nomai	αἰσχύνω	ai)sxu/nw	urn:cite2:hmt:lsj.chicago_md:n2749	v1sasm---
αἰσχύνομαι	ai)sxu/nomai	αἰσχύνω	ai)sxu/nw	urn:cite2:hmt:lsj.chicago_md:n2749	v1spie---
αἰσία	ai)si/a	αἴσιος	ai)/sios	urn:cite2:hmt:lsj.chicago_md:n2682	a-d---fn-
αἰσία	ai)si/a	αἴσιος	ai)/sios	urn:cite2:hmt:lsj.chicago_md:n2682	a-d---fv-
αἰσία	ai)si/a	αἴσιος	ai)/sios	urn:cite2:hmt:lsj.chicago_md:n2682	a-d---fa-
αἰσία	ai)si/a	αἴσιος	ai)/sios	urn:cite2:hmt:lsj.chicago_md:n2682	a-s---fn-
αἰσία	ai)si/a	αἴσιος	ai)/sios	urn:cite2:hmt:lsj.chicago_md:n2682	a-s---fv-
αἰσίως	ai)si/ws	αἴσιος	ai)/sios	urn:cite2:hmt:lsj.chicago_md:n2682	x--------
αἰσίως	ai)si/ws	αἴσιος	ai)/sios	urn:cite2:hmt:lsj.chicago_md:n2682	a-p---ma-
αἰσίως	ai)si/ws	αἴσιος	ai)/sios	urn:cite2:hmt:lsj.chicago_md:n2682	x--------
αἰσίως	ai)si/ws	αἴσιος	ai)/sios	urn:cite2:hmt:lsj.chicago_md:n2682	n-p---ma-
αἰσίως	ai)si/ws	αἴσιος	ai)/sios	urn:cite2:hmt:lsj.chicago_md:n2682	n-p---fa-
αἰτεῖται	ai)tei=tai	αἰτέω	ai)te/w	urn:cite2:hmt:lsj.chicago_md:n2754	v3spie---
αἰτίαν	ai)ti/an	αἴτιος	ai)/tios	urn:cite2:hmt:lsj.chicago_md:n2777	a-s---fa-
αἰτίαν	ai)ti/an	αἰτία	ai)ti/a	urn:cite2:hmt:lsj.chicago_md:n2764	n-s---fa-
αἰάζουσ’	ai)a/zous'	αἰάζω	ai)a/zw	urn:cite2:hmt:lsj.chicago_md:n2104	v-sppafn-
αἰάζουσ’	ai)a/zous'	αἰάζω	ai)a/zw	urn:cite2:hmt:lsj.chicago_md:n2104	v-sppafv-
αἰάζουσ’	ai)a/zous'	αἰάζω	ai)a/zw	urn:cite2:hmt:lsj.chicago_md:n2104	v-pppamd-
αἰάζουσ’	ai)a/zous'	αἰάζω	ai)a/zw	urn:cite2:hmt:lsj.chicago_md:n2104	v-pppand-
αἰάζουσ’	ai)a/zous'	αἰάζω	ai)a/zw	urn:cite2:hmt:lsj.chicago_md:n2104	v3ppia---
αἰάζουσ’	ai)a/zous'	αἰάζω	ai)a/zw	urn:cite2:hmt:lsj.chicago_md:n2104	v-pppafn-
αἰάζουσ’	ai)a/zous'	αἰάζω	ai)a/zw	urn:cite2:hmt:lsj.chicago_md:n2104	v-pppafv-
αἰόλας	ai)o/las	αἰόλος	ai)o/los	urn:cite2:hmt:lsj.chicago_md:n2609	a-p---fa-
αἰόλας	ai)o/las	αἰόλος	ai)o/los	urn:cite2:hmt:lsj.chicago_md:n2609	a-s---fg-
αἰῶνα	ai)w=na	αἰών	ai)w/n	urn:cite2:hmt:lsj.chicago_md:n2815	n-s---ma-
αἱ	ai(	ὁ	o(	urn:cite2:hmt:lsj.chicago_md:n71882	l-p---fn-
αἱ	ai(	ὁ	o(	urn:cite2:hmt:lsj.chicago_md:n71882	l-p---fv-
αἱμάξεις	ai(ma/ceis	αἵμαξις	ai(/macis	urn:cite2:hmt:lsj.chicago_md:n2402	n-p---fn-
αἱμάξεις	ai(ma/ceis	αἵμαξις	ai(/macis	urn:cite2:hmt:lsj.chicago_md:n2402	n-p---fv-
αἱμάξεις	ai(ma/ceis	αἵμαξις	ai(/macis	urn:cite2:hmt:lsj.chicago_md:n2402	n-p---fn-
αἱμάξεις	ai(ma/ceis	αἵμαξις	ai(/macis	urn:cite2:hmt:lsj.chicago_md:n2402	n-p---fa-
αἱμάξεις	ai(ma/ceis	αἱμάσσω	ai(ma/ssw	urn:cite2:hmt:lsj.chicago_md:n2408	v2sasa---
αἱμάξεις	ai(ma/ceis	αἱμάσσω	ai(ma/ssw	urn:cite2:hmt:lsj.chicago_md:n2408	v2sfia---
αἱμάτων	ai(ma/twn	αἷμα	ai(=ma	urn:cite2:hmt:lsj.chicago_md:n2392	n-p---ng-
αἱμάτων	ai(ma/twn	αἱματάω	ai(mata/w	urn:cite2:hmt:lsj.chicago_md:n2409	v3piia---
αἱμάτων	ai(ma/twn	αἱματάω	ai(mata/w	urn:cite2:hmt:lsj.chicago_md:n2409	v1siia---
αἴνιγμ’	ai)/nigm'	αἴνιγμα	ai)/nigma	urn:cite2:hmt:lsj.chicago_md:n2521	n-s---nn-
αἴνιγμ’	ai)/nigm'	αἴνιγμα	ai)/nigma	urn:cite2:hmt:lsj.chicago_md:n2521	n-s---nv-
αἴνιγμ’	ai)/nigm'	αἴνιγμα	ai)/nigma	urn:cite2:hmt:lsj.chicago_md:n2521	n-s---na-
αἴρει	ai)/rei	αἴρω	ai)/rw	urn:cite2:hmt:lsj.chicago_md:n2660	v2spie---
αἴρει	ai)/rei	αἴρω	ai)/rw	urn:cite2:hmt:lsj.chicago_md:n2660	v3spia---
αἵ	ai(/	ὁ	o(	urn:cite2:hmt:lsj.chicago_md:n71882	l-p---fn-
αἵ	ai(/	ὁ	o(	urn:cite2:hmt:lsj.chicago_md:n71882	l-p---fv-
αἵ	ai(/	ὅς	o(/s	urn:cite2:hmt:lsj.chicago_md:n75512	p-p---fn-
αἵ	ai(/	ὅς	o(/s	urn:cite2:hmt:lsj.chicago_md:n75513	p-p---fn-
αἵδε	ai(/de	ὅδε	o(/de	urn:cite2:hmt:lsj.chicago_md:n72010	n-p---fn-
αἵματος	ai(/matos	αἷμα	ai(=ma	urn:cite2:hmt:lsj.chicago_md:n2392	n-s---ng-
αἶαν	ai)=an	αἶα	ai)=a	urn:cite2:hmt:lsj.chicago_md:n2100	n-s---fa-
αἶαν	ai)=an	αἶα	ai)=a	urn:cite2:hmt:lsj.chicago_md:n2101	n-s---fa-
αἶαν	ai)=an	αἶα	ai)=a	urn:cite2:hmt:lsj.chicago_md:n2102	n-s---fa-
αἷμα	ai(=ma	αἷμα	ai(=ma	urn:cite2:hmt:lsj.chicago_md:n2392	n-s---nn-
αἷμα	ai(=ma	αἷμα	ai(=ma	urn:cite2:hmt:lsj.chicago_md:n2392	n-s---nv-
αἷμα	ai(=ma	αἷμα	ai(=ma	urn:cite2:hmt:lsj.chicago_md:n2392	n-s---na-
αὐγαῖς	au)gai=s	αὐγή	au)gh/	urn:cite2:hmt:lsj.chicago_md:n17325	n-p---fd-
αὐγάν	au)ga/n	αὐγή	au)gh/	urn:cite2:hmt:lsj.chicago_md:n17325	n-s---fa-
αὐδάν	au)da/n	αὐδή	au)dh/	urn:cite2:hmt:lsj.chicago_md:n17336	n-s---fa-
αὐδάσω	au)da/sw	αὐδάομαι	au)da/omai	urn:cite2:hmt:lsj.chicago_md:n17335	v2saie---
αὐδάσω	au)da/sw	αὐδάω	au)da/w	urn:cite2:hmt:lsj.chicago_md:n17335	v2saim---
αὐδάσω	au)da/sw	αὐδάω	au)da/w	urn:cite2:hmt:lsj.chicago_md:n17335	v1sasa---
αὐδάσω	au)da/sw	αὐδάω	au)da/w	urn:cite2:hmt:lsj.chicago_md:n17335	v1sfia---
αὐδάσω	au)da/sw	αὐδάω	au)da/w	urn:cite2:hmt:lsj.chicago_md:n17335	v1stia---
αὐδάσω	au)da/sw	αὐδάζομαι	au)da/zomai	urn:cite2:hmt:lsj.chicago_md:n17334	v2saim---
αὐδάσω	au)da/sw	αὐδάζομαι	au)da/zomai	urn:cite2:hmt:lsj.chicago_md:n17334	v1sasa---
αὐδάσω	au)da/sw	αὐδάζομαι	au)da/zomai	urn:cite2:hmt:lsj.chicago_md:n17334	v1sfia---
αὐδάσω	au)da/sw	αὐδάζομαι	au)da/zomai	urn:cite2:hmt:lsj.chicago_md:n17334	v2saim---
αὐδᾷ	au)da=|	αὐδάομαι	au)da/omai	urn:cite2:hmt:lsj.chicago_md:n17335	v2spse---
αὐδᾷ	au)da=|	αὐδάομαι	au)da/omai	urn:cite2:hmt:lsj.chicago_md:n17335	v2spie---
αὐδᾷ	au)da=|	αὐδάω	au)da/w	urn:cite2:hmt:lsj.chicago_md:n17335	v2spse---
αὐδᾷ	au)da=|	αὐδάω	au)da/w	urn:cite2:hmt:lsj.chicago_md:n17335	v2spie---
αὐδᾷ	au)da=|	αὐδάω	au)da/w	urn:cite2:hmt:lsj.chicago_md:n17335	v3spsa---
αὐδᾷ	au)da=|	αὐδάω	au)da/w	urn:cite2:hmt:lsj.chicago_md:n17335	v3spia---
αὐδᾷ	au)da=|	αὐδάζομαι	au)da/zomai	urn:cite2:hmt:lsj.chicago_md:n17334	v2sfim---
αὐδᾷ	au)da=|	αὐδάζομαι	au)da/zomai	urn:cite2:hmt:lsj.chicago_md:n17334	v3sfia---
αὐδᾷ	au)da=|	αὐδή	au)dh/	urn:cite2:hmt:lsj.chicago_md:n17336	n-s---fd-
αὐδᾷς	au)da=|s	αὐδάω	au)da/w	urn:cite2:hmt:lsj.chicago_md:n17335	v2spsa---
αὐδᾷς	au)da=|s	αὐδάω	au)da/w	urn:cite2:hmt:lsj.chicago_md:n17335	v2spia---
αὐδᾷς	au)da=|s	αὐδάζομαι	au)da/zomai	urn:cite2:hmt:lsj.chicago_md:n17334	v2sfia---
αὐδῶ	au)dw=	αὐδάομαι	au)da/omai	urn:cite2:hmt:lsj.chicago_md:n17335	v2siie---
αὐδῶ	au)dw=	αὐδάομαι	au)da/omai	urn:cite2:hmt:lsj.chicago_md:n17335	v2spme---
αὐδῶ	au)dw=	αὐδάομαι	au)da/omai	urn:cite2:hmt:lsj.chicago_md:n17335	v2siie---
αὐδῶ	au)dw=	αὐδάω	au)da/w	urn:cite2:hmt:lsj.chicago_md:n17335	v2siie---
αὐδῶ	au)dw=	αὐδάω	au)da/w	urn:cite2:hmt:lsj.chicago_md:n17335	v2spme---
αὐδῶ	au)dw=	αὐδάω	au)da/w	urn:cite2:hmt:lsj.chicago_md:n17335	v1spsa---
αὐδῶ	au)dw=	αὐδάω	au)da/w	urn:cite2:hmt:lsj.chicago_md:n17335	v1spia---
αὐδῶ	au)dw=	αὐδάω	au)da/w	urn:cite2:hmt:lsj.chicago_md:n17335	v1spsa---
αὐδῶ	au)dw=	αὐδάω	au)da/w	urn:cite2:hmt:lsj.chicago_md:n17335	v1spia---
αὐδῶ	au)dw=	αὐδάω	au)da/w	urn:cite2:hmt:lsj.chicago_md:n17335	v2siie---
αὐδῶ	au)dw=	αὐδάζομαι	au)da/zomai	urn:cite2:hmt:lsj.chicago_md:n17334	v1sfia---
αὐδῶσαν	au)dw=san	αὐδάω	au)da/w	urn:cite2:hmt:lsj.chicago_md:n17335	v-sppafa-
αὐδῶσαν	au)dw=san	αὐδάζομαι	au)da/zomai	urn:cite2:hmt:lsj.chicago_md:n17334	v-sfpafa-
αὐλαί	au)lai/	αὐλή	au)lh/	urn:cite2:hmt:lsj.chicago_md:n17412	n-p---fn-
αὐλαί	au)lai/	αὐλή	au)lh/	urn:cite2:hmt:lsj.chicago_md:n17412	n-p---fv-
αὐλούς	au)lou/s	αὐλός	au)lo/s	urn:cite2:hmt:lsj.chicago_md:n17453	n-p---ma-
αὐταί	au)tai/	αὐτός	au)to/s	urn:cite2:hmt:lsj.chicago_md:n17907	n-p---fn-
αὐταί	au)tai/	αὐτός	au)to/s	urn:cite2:hmt:lsj.chicago_md:n17907	n-p---fv-
αὐταῖς	au)tai=s	αὐτός	au)to/s	urn:cite2:hmt:lsj.chicago_md:n17907	n-p---fd-
αὐτοφώρῳ	au)tofw/rw|	αὐτόφωρος	au)to/fwros	urn:cite2:hmt:lsj.chicago_md:n18013	n-s---md-
αὐτοφώρῳ	au)tofw/rw|	αὐτόφωρος	au)to/fwros	urn:cite2:hmt:lsj.chicago_md:n18013	n-s---fd-
αὐτοφώρῳ	au)tofw/rw|	αὐτόφωρος	au)to/fwros	urn:cite2:hmt:lsj.chicago_md:n18013	n-s---nd-
αὐτούς	au)tou/s	αὐτός	au)to/s	urn:cite2:hmt:lsj.chicago_md:n17907	n-p---ma-
αὐτοῖς	au)toi=s	αὐτός	au)to/s	urn:cite2:hmt:lsj.chicago_md:n17907	n-p---nd-
αὐτοῖς	au)toi=s	αὐτός	au)to/s	urn:cite2:hmt:lsj.chicago_md:n17907	n-p---md-
αὐτοῦ	au)tou=	αὐτός	au)to/s	urn:cite2:hmt:lsj.chicago_md:n17907	n-s---ng-
αὐτοῦ	au)tou=	αὐτός	au)to/s	urn:cite2:hmt:lsj.chicago_md:n17907	n-s---mg-
αὐτοῦ	au)tou=	αὐτοῦ	au)tou=	urn:cite2:hmt:lsj.chicago_md:n17975	d--------
αὐτά	au)ta/	αὐτός	au)to/s	urn:cite2:hmt:lsj.chicago_md:n17907	n-p---nn-
αὐτά	au)ta/	αὐτός	au)to/s	urn:cite2:hmt:lsj.chicago_md:n17907	n-p---nv-
αὐτά	au)ta/	αὐτός	au)to/s	urn:cite2:hmt:lsj.chicago_md:n17907	n-p---na-
αὐτά	au)ta/	αὐτός	au)to/s	urn:cite2:hmt:lsj.chicago_md:n17907	n-d---fn-
αὐτά	au)ta/	αὐτός	au)to/s	urn:cite2:hmt:lsj.chicago_md:n17907	n-d---fv-
αὐτά	au)ta/	αὐτός	au)to/s	urn:cite2:hmt:lsj.chicago_md:n17907	n-d---fa-
αὐτά	au)ta/	αὐτός	au)to/s	urn:cite2:hmt:lsj.chicago_md:n17907	n-s---fn-
αὐτά	au)ta/	αὐτός	au)to/s	urn:cite2:hmt:lsj.chicago_md:n17907	n-s---fv-
αὐτή	au)th/	αὐτός	au)to/s	urn:cite2:hmt:lsj.chicago_md:n17907	n-s---fn-
αὐτή	au)th/	αὐτός	au)to/s	urn:cite2:hmt:lsj.chicago_md:n17907	n-s---fv-
αὐτήν	au)th/n	αὐτός	au)to/s	urn:cite2:hmt:lsj.chicago_md:n17907	n-s---fa-
αὐτό	au)to/	αὐτός	au)to/s	urn:cite2:hmt:lsj.chicago_md:n17907	n-s---nn-
αὐτό	au)to/	αὐτός	au)to/s	urn:cite2:hmt:lsj.chicago_md:n17907	n-s---nv-
αὐτό	au)to/	αὐτός	au)to/s	urn:cite2:hmt:lsj.chicago_md:n17907	n-s---na-
αὐτόν	au)to/n	αὐτός	au)to/s	urn:cite2:hmt:lsj.chicago_md:n17907	n-s---ma-
αὐτός	au)to/s	αὐτός	au)to/s	urn:cite2:hmt:lsj.chicago_md:n17907	n-s---mn-
αὐτόχθονα	au)to/xqona	αὐτόχθονος	au)to/xqonos	urn:cite2:hmt:lsj.chicago_md:n18027	n-p---nn-
αὐτόχθονα	au)to/xqona	αὐτόχθονος	au)to/xqonos	urn:cite2:hmt:lsj.chicago_md:n18027	n-p---nv-
αὐτόχθονα	au)to/xqona	αὐτόχθονος	au)to/xqonos	urn:cite2:hmt:lsj.chicago_md:n18027	n-p---na-
αὐτόχθονα	au)to/xqona	αὐτόχθων	au)to/xqwn	urn:cite2:hmt:lsj.chicago_md:n18028	n-p---nn-
αὐτόχθονα	au)to/xqona	αὐτόχθων	au)to/xqwn	urn:cite2:hmt:lsj.chicago_md:n18028	n-p---nv-
αὐτόχθονα	au)to/xqona	αὐτόχθων	au)to/xqwn	urn:cite2:hmt:lsj.chicago_md:n18028	n-p---na-
αὐτόχθονα	au)to/xqona	αὐτόχθων	au)to/xqwn	urn:cite2:hmt:lsj.chicago_md:n18028	n-s---ma-
αὐτόχθονα	au)to/xqona	αὐτόχθων	au)to/xqwn	urn:cite2:hmt:lsj.chicago_md:n18028	n-s---fa-
αὐτόχθονας	au)to/xqonas	αὐτόχθων	au)to/xqwn	urn:cite2:hmt:lsj.chicago_md:n18028	n-p---ma-
αὐτόχθονας	au)to/xqonas	αὐτόχθων	au)to/xqwn	urn:cite2:hmt:lsj.chicago_md:n18028	n-p---fa-
αὐτῆς	au)th=s	αὐτός	au)to/s	urn:cite2:hmt:lsj.chicago_md:n17907	n-s---fg-
αὐτῶν	au)tw=n	αὐτός	au)to/s	urn:cite2:hmt:lsj.chicago_md:n17907	n-p---ng-
αὐτῶν	au)tw=n	αὐτός	au)to/s	urn:cite2:hmt:lsj.chicago_md:n17907	n-p---fg-
αὐτῶν	au)tw=n	αὐτός	au)to/s	urn:cite2:hmt:lsj.chicago_md:n17907	n-p---mg-
αὐτῷ	au)tw=|	αὐτός	au)to/s	urn:cite2:hmt:lsj.chicago_md:n17907	n-s---nd-
αὐτῷ	au)tw=|	αὐτός	au)to/s	urn:cite2:hmt:lsj.chicago_md:n17907	n-s---md-
αὐχένας	au)xe/nas	αὐχήν	au)xh/n	urn:cite2:hmt:lsj.chicago_md:n18062	n-p---ma-
αὑτοῦ	au(tou=	ἑαυτοῦ	e(autou=	urn:cite2:hmt:lsj.chicago_md:n29881	n-s---ng-
αὑτοῦ	au(tou=	ἑαυτοῦ	e(autou=	urn:cite2:hmt:lsj.chicago_md:n29881	n-s---mg-
αὑτήν	au(th/n	ἑαυτοῦ	e(autou=	urn:cite2:hmt:lsj.chicago_md:n29881	n-s---fa-
αὑτῆς	au(th=s	ἑαυτοῦ	e(autou=	urn:cite2:hmt:lsj.chicago_md:n29881	n-s---fg-
αὑτῷ	au(tw=|	ἑαυτοῦ	e(autou=	urn:cite2:hmt:lsj.chicago_md:n29881	n-s---nd-
αὑτῷ	au(tw=|	ἑαυτοῦ	e(autou=	urn:cite2:hmt:lsj.chicago_md:n29881	n-s---md-
αὖ	au)=	αὗ	au(=	urn:cite2:hmt:lsj.chicago_md:n17306	x--------
αὖ	au)=	αὖ	au)=	urn:cite2:hmt:lsj.chicago_md:n17306	d--------
αὖθις	au)=qis	αὖθις	au)=qis	urn:cite2:hmt:lsj.chicago_md:n17381	d--------
βακχεῖον	bakxei=on	Βάκχειος	*ba/kxeios	urn:cite2:hmt:lsj.chicago_md:n19172	a-s---ma-
βακχεῖον	bakxei=on	Βάκχειος	*ba/kxeios	urn:cite2:hmt:lsj.chicago_md:n19172	a-s---nn-
βακχεῖον	bakxei=on	Βάκχειος	*ba/kxeios	urn:cite2:hmt:lsj.chicago_md:n19172	a-s---nv-
βακχεῖον	bakxei=on	Βάκχειος	*ba/kxeios	urn:cite2:hmt:lsj.chicago_md:n19172	a-s---na-
βακχεῖον	bakxei=on	Βακχεῖον	*bakxei=on	urn:cite2:hmt:lsj.chicago_md:n19171	n-s---nn-
βακχεῖον	bakxei=on	Βακχεῖον	*bakxei=on	urn:cite2:hmt:lsj.chicago_md:n19171	n-s---nv-
βακχεῖον	bakxei=on	Βακχεῖον	*bakxei=on	urn:cite2:hmt:lsj.chicago_md:n19171	n-s---na-
βαλεῖς	balei=s	βάλλω	ba/llw	urn:cite2:hmt:lsj.chicago_md:n19282	v2sfia---
βαλών	balw/n	βάλλω	ba/llw	urn:cite2:hmt:lsj.chicago_md:n19282	v-sapamn-
βαρβάρων	barba/rwn	βάρβαρος	ba/rbaros	urn:cite2:hmt:lsj.chicago_md:n19346	n-p---mg-
βαρβάρων	barba/rwn	βάρβαρος	ba/rbaros	urn:cite2:hmt:lsj.chicago_md:n19346	n-p---fg-
βαρβάρων	barba/rwn	βάρβαρος	ba/rbaros	urn:cite2:hmt:lsj.chicago_md:n19346	n-p---ng-
βαρβάρων	barba/rwn	βαρβαρόομαι	barbaro/omai	urn:cite2:hmt:lsj.chicago_md:n19351	v3piia---
βαρβάρων	barba/rwn	βαρβαρόομαι	barbaro/omai	urn:cite2:hmt:lsj.chicago_md:n19351	v1siia---
βαρέα	bare/a	βαρύς	baru/s	urn:cite2:hmt:lsj.chicago_md:n19477	a-p---nn-
βαρέα	bare/a	βαρύς	baru/s	urn:cite2:hmt:lsj.chicago_md:n19477	a-p---nv-
βαρέα	bare/a	βαρύς	baru/s	urn:cite2:hmt:lsj.chicago_md:n19477	a-p---na-
βαρέα	bare/a	βαρύς	baru/s	urn:cite2:hmt:lsj.chicago_md:n19477	a-d---fn-
βαρέα	bare/a	βαρύς	baru/s	urn:cite2:hmt:lsj.chicago_md:n19477	a-d---fv-
βαρέα	bare/a	βαρύς	baru/s	urn:cite2:hmt:lsj.chicago_md:n19477	a-d---fa-
βαρέα	bare/a	βαρύς	baru/s	urn:cite2:hmt:lsj.chicago_md:n19477	a-s---fn-
βαρέα	bare/a	βαρύς	baru/s	urn:cite2:hmt:lsj.chicago_md:n19477	a-s---fv-
βασιλεύσειν	basileu/sein	βασιλεύω	basileu/w	urn:cite2:hmt:lsj.chicago_md:n19549	v--fna---
βασιλικῶν	basilikw=n	βασιλικός	basiliko/s	urn:cite2:hmt:lsj.chicago_md:n19554	a-p---fg-
βασιλικῶν	basilikw=n	βασιλικός	basiliko/s	urn:cite2:hmt:lsj.chicago_md:n19554	a-p---mg-
βασιλικῶν	basilikw=n	βασιλικός	basiliko/s	urn:cite2:hmt:lsj.chicago_md:n19554	a-p---ng-
βαίνετε	bai/nete	βαίνω	bai/nw	urn:cite2:hmt:lsj.chicago_md:n19123	v2ppma---
βαίνετε	bai/nete	βαίνω	bai/nw	urn:cite2:hmt:lsj.chicago_md:n19123	v2ppia---
βαίνετε	bai/nete	βαίνω	bai/nw	urn:cite2:hmt:lsj.chicago_md:n19123	v2piia---
βελτίονα	belti/ona	βελτίων	belti/wn	urn:cite2:hmt:lsj.chicago_md:n19789	a-p---nn-
βελτίονα	belti/ona	βελτίων	belti/wn	urn:cite2:hmt:lsj.chicago_md:n19789	a-p---nv-
βελτίονα	belti/ona	βελτίων	belti/wn	urn:cite2:hmt:lsj.chicago_md:n19789	a-p---na-
βελτίονα	belti/ona	βελτίων	belti/wn	urn:cite2:hmt:lsj.chicago_md:n19789	a-s---ma-
βελτίονα	belti/ona	βελτίων	belti/wn	urn:cite2:hmt:lsj.chicago_md:n19789	a-s---fa-
βιαίων	biai/wn	βίαιος	bi/aios	urn:cite2:hmt:lsj.chicago_md:n19879	a-p---fg-
βιαίων	biai/wn	βίαιος	bi/aios	urn:cite2:hmt:lsj.chicago_md:n19879	a-p---mg-
βιαίων	biai/wn	βίαιος	bi/aios	urn:cite2:hmt:lsj.chicago_md:n19879	a-p---ng-
βιαίων	biai/wn	βίαιος	bi/aios	urn:cite2:hmt:lsj.chicago_md:n19879	n-p---mg-
βιαίων	biai/wn	βίαιος	bi/aios	urn:cite2:hmt:lsj.chicago_md:n19879	n-p---fg-
βιαίων	biai/wn	βίαιος	bi/aios	urn:cite2:hmt:lsj.chicago_md:n19879	n-p---ng-
βιοτᾶς	biota=s	βιοτή	bioth/	urn:cite2:hmt:lsj.chicago_md:n19982	n-s---fg-
βιότου	bio/tou	βίοτος	bi/otos	urn:cite2:hmt:lsj.chicago_md:n19986	n-s---mg-
βλασφημίαν	blasfhmi/an	βλασφημία	blasfhmi/a	urn:cite2:hmt:lsj.chicago_md:n20068	n-s---fa-
βλάβη	bla/bh	βλάβη	bla/bh	urn:cite2:hmt:lsj.chicago_md:n20020	n-s---fn-
βλάβη	bla/bh	βλάβη	bla/bh	urn:cite2:hmt:lsj.chicago_md:n20020	n-s---fv-
βλάβη	bla/bh	βλάβος	bla/bos	urn:cite2:hmt:lsj.chicago_md:n20023	n-p---nn-
βλάβη	bla/bh	βλάβος	bla/bos	urn:cite2:hmt:lsj.chicago_md:n20023	n-p---nv-
βλάβη	bla/bh	βλάβος	bla/bos	urn:cite2:hmt:lsj.chicago_md:n20023	n-p---na-
βλάβη	bla/bh	βλάβος	bla/bos	urn:cite2:hmt:lsj.chicago_md:n20023	n-d---nn-
βλάβη	bla/bh	βλάβος	bla/bos	urn:cite2:hmt:lsj.chicago_md:n20023	n-d---nv-
βλάβη	bla/bh	βλάβος	bla/bos	urn:cite2:hmt:lsj.chicago_md:n20023	n-d---na-
βλάβη	bla/bh	βλάπτω	bla/ptw	urn:cite2:hmt:lsj.chicago_md:n20046	v3saip---
βλάβην	bla/bhn	βλάβη	bla/bh	urn:cite2:hmt:lsj.chicago_md:n20020	n-s---fa-
βλάβην	bla/bhn	βλάβος	bla/bos	urn:cite2:hmt:lsj.chicago_md:n20023	n-s---na-
βλάβην	bla/bhn	βλάπτω	bla/ptw	urn:cite2:hmt:lsj.chicago_md:n20046	v3paip---
βλάβην	bla/bhn	βλάπτω	bla/ptw	urn:cite2:hmt:lsj.chicago_md:n20046	v1saip---
βλάβος	bla/bos	βλάβος	bla/bos	urn:cite2:hmt:lsj.chicago_md:n20023	n-s---nn-
βλάβος	bla/bos	βλάβος	bla/bos	urn:cite2:hmt:lsj.chicago_md:n20023	n-s---nv-
βλάβος	bla/bos	βλάβος	bla/bos	urn:cite2:hmt:lsj.chicago_md:n20023	n-s---na-
βλάπτηται	bla/pthtai	βλάπτω	bla/ptw	urn:cite2:hmt:lsj.chicago_md:n20046	v3spse---
βλάπτουσιν	bla/ptousin	βλάπτω	bla/ptw	urn:cite2:hmt:lsj.chicago_md:n20046	v-pppamd-
βλάπτουσιν	bla/ptousin	βλάπτω	bla/ptw	urn:cite2:hmt:lsj.chicago_md:n20046	v-pppand-
βλάπτουσιν	bla/ptousin	βλάπτω	bla/ptw	urn:cite2:hmt:lsj.chicago_md:n20046	v3ppia---
βλέπω	ble/pw	βλέπω	ble/pw	urn:cite2:hmt:lsj.chicago_md:n20097	v1spsa---
βλέπω	ble/pw	βλέπω	ble/pw	urn:cite2:hmt:lsj.chicago_md:n20097	v1spia---
βλέπων	ble/pwn	βλέπω	ble/pw	urn:cite2:hmt:lsj.chicago_md:n20097	v-sppamn-
βλέπῃς	ble/ph|s	βλέπω	ble/pw	urn:cite2:hmt:lsj.chicago_md:n20097	v2spsa---
βλέφαρον	ble/faron	βλέφαρον	ble/faron	urn:cite2:hmt:lsj.chicago_md:n20104	n-s---nn-
βλέφαρον	ble/faron	βλέφαρον	ble/faron	urn:cite2:hmt:lsj.chicago_md:n20104	n-s---nv-
βλέφαρον	ble/faron	βλέφαρον	ble/faron	urn:cite2:hmt:lsj.chicago_md:n20104	n-s---na-
βολάς	bola/s	βολή	bolh/	urn:cite2:hmt:lsj.chicago_md:n20278	n-p---fa-
βορᾶς	bora=s	βορά	bora/	urn:cite2:hmt:lsj.chicago_md:n20348	n-s---fg-
βορᾶς	bora=s	βοράω	bora/w	urn:cite2:hmt:lsj.chicago_md:n20352	v2spia---
βορᾶς	bora=s	βοράζω	bora/zw	urn:cite2:hmt:lsj.chicago_md:n20349	v2sfia---
βορᾶς	bora=s	βορός	boro/s	urn:cite2:hmt:lsj.chicago_md:n20390	a-s---fg-
βορᾶς	bora=s	βορός	boro/s	urn:cite2:hmt:lsj.chicago_md:n20391	a-s---fg-
βοτρύων	botru/wn	βότρυον	bo/truon	urn:cite2:hmt:lsj.chicago_md:n20462	n-p---ng-
βοτρύων	botru/wn	βότρυς	bo/trus	urn:cite2:hmt:lsj.chicago_md:n20469	n-p---fg-
βουθυτεῖ	bouqutei=	βουθυτέω	bouqute/w	urn:cite2:hmt:lsj.chicago_md:n20526	v2spie---
βουθυτεῖ	bouqutei=	βουθυτέω	bouqute/w	urn:cite2:hmt:lsj.chicago_md:n20526	v3spia---
βουθύτῳ	bouqu/tw|	βούθυτος	bou/qutos	urn:cite2:hmt:lsj.chicago_md:n20528	n-s---md-
βουθύτῳ	bouqu/tw|	βούθυτος	bou/qutos	urn:cite2:hmt:lsj.chicago_md:n20528	n-s---fd-
βουθύτῳ	bouqu/tw|	βούθυτος	bou/qutos	urn:cite2:hmt:lsj.chicago_md:n20528	n-s---nd-
βουλευμάτων	bouleuma/twn	βούλευμα	bou/leuma	urn:cite2:hmt:lsj.chicago_md:n20586	n-p---ng-
βουλόμεσθά	boulo/mesqa/	βούλομαι	bou/lomai	urn:cite2:hmt:lsj.chicago_md:n20621	v1ppie---
βουλόμεσθά	boulo/mesqa/	βούλομαι	bou/lomai	urn:cite2:hmt:lsj.chicago_md:n20621	v1piie---
βοάς	boa/s	βοή	boh/	urn:cite2:hmt:lsj.chicago_md:n20200	n-p---fa-
βοάσω	boa/sw	βοάω	boa/w	urn:cite2:hmt:lsj.chicago_md:n20195	v1sasa---
βοάσω	boa/sw	βοάω	boa/w	urn:cite2:hmt:lsj.chicago_md:n20195	v1sfia---
βοάσω	boa/sw	βοάω	boa/w	urn:cite2:hmt:lsj.chicago_md:n20195	v2saim---
βούλεται	bou/letai	βούλομαι	bou/lomai	urn:cite2:hmt:lsj.chicago_md:n20621	v3spie---
βούλευέ	bou/leue/	βουλεύω	bouleu/w	urn:cite2:hmt:lsj.chicago_md:n20598	v2spma---
βούλευέ	bou/leue/	βουλεύω	bouleu/w	urn:cite2:hmt:lsj.chicago_md:n20598	v3siia---
βούλομαι	bou/lomai	βούλομαι	bou/lomai	urn:cite2:hmt:lsj.chicago_md:n20621	v1spie---
βοᾷ	boa=|	βοάω	boa/w	urn:cite2:hmt:lsj.chicago_md:n20195	v2spse---
βοᾷ	boa=|	βοάω	boa/w	urn:cite2:hmt:lsj.chicago_md:n20195	v2spie---
βοᾷ	boa=|	βοάω	boa/w	urn:cite2:hmt:lsj.chicago_md:n20195	v3spsa---
βοᾷ	boa=|	βοάω	boa/w	urn:cite2:hmt:lsj.chicago_md:n20195	v3spia---
βοᾷ	boa=|	βοή	boh/	urn:cite2:hmt:lsj.chicago_md:n20200	n-s---fd-
βραδύ	bradu/	βραδύς	bradu/s	urn:cite2:hmt:lsj.chicago_md:n20795	a-s---mv-
βραδύ	bradu/	βραδύς	bradu/s	urn:cite2:hmt:lsj.chicago_md:n20795	a-s---nn-
βραδύ	bradu/	βραδύς	bradu/s	urn:cite2:hmt:lsj.chicago_md:n20795	a-s---nv-
βραδύ	bradu/	βραδύς	bradu/s	urn:cite2:hmt:lsj.chicago_md:n20795	a-s---na-
βραχύ	braxu/	βραχύς	braxu/s	urn:cite2:hmt:lsj.chicago_md:n20885	a-s---mv-
βραχύ	braxu/	βραχύς	braxu/s	urn:cite2:hmt:lsj.chicago_md:n20885	a-s---nn-
βραχύ	braxu/	βραχύς	braxu/s	urn:cite2:hmt:lsj.chicago_md:n20885	a-s---nv-
βραχύ	braxu/	βραχύς	braxu/s	urn:cite2:hmt:lsj.chicago_md:n20885	a-s---na-
βροτοῖς	brotoi=s	βροτός	broto/s	urn:cite2:hmt:lsj.chicago_md:n21056	n-p---md-
βροτοῖσι	brotoi=si	βροτός	broto/s	urn:cite2:hmt:lsj.chicago_md:n21056	n-p---md-
βροτῶν	brotw=n	βροτός	broto/s	urn:cite2:hmt:lsj.chicago_md:n21056	n-p---mg-
βρέφος	bre/fos	βρέφος	bre/fos	urn:cite2:hmt:lsj.chicago_md:n20945	n-s---nn-
βρέφος	bre/fos	βρέφος	bre/fos	urn:cite2:hmt:lsj.chicago_md:n20945	n-s---nv-
βρέφος	bre/fos	βρέφος	bre/fos	urn:cite2:hmt:lsj.chicago_md:n20945	n-s---na-
βρόχον	bro/xon	βρόχος	bro/xos	urn:cite2:hmt:lsj.chicago_md:n21081	n-s---ma-
βωμοί	bwmoi/	βωμός	bwmo/s	urn:cite2:hmt:lsj.chicago_md:n21335	n-p---mn-
βωμοί	bwmoi/	βωμός	bwmo/s	urn:cite2:hmt:lsj.chicago_md:n21335	n-p---mv-
βωμούς	bwmou/s	βωμός	bwmo/s	urn:cite2:hmt:lsj.chicago_md:n21335	n-p---ma-
βωμοῦ	bwmou=	βωμός	bwmo/s	urn:cite2:hmt:lsj.chicago_md:n21335	n-s---mg-
βωμίους	bwmi/ous	βώμιος	bw/mios	urn:cite2:hmt:lsj.chicago_md:n21320	a-p---ma-
βωμίους	bwmi/ous	βώμιος	bw/mios	urn:cite2:hmt:lsj.chicago_md:n21321	a-p---ma-
βωμίους	bwmi/ous	βώμιος	bw/mios	urn:cite2:hmt:lsj.chicago_md:n21320	n-p---ma-
βωμίους	bwmi/ous	βώμιος	bw/mios	urn:cite2:hmt:lsj.chicago_md:n21321	n-p---ma-
βωμίους	bwmi/ous	βώμιος	bw/mios	urn:cite2:hmt:lsj.chicago_md:n21320	n-p---fa-
βωμίους	bwmi/ous	βώμιος	bw/mios	urn:cite2:hmt:lsj.chicago_md:n21321	n-p---fa-
βωμόν	bwmo/n	βωμός	bwmo/s	urn:cite2:hmt:lsj.chicago_md:n21335	n-s---ma-
βωμός	bwmo/s	βωμός	bwmo/s	urn:cite2:hmt:lsj.chicago_md:n21335	n-s---mn-
βάκτροις	ba/ktrois	βάκτρον	ba/ktron	urn:cite2:hmt:lsj.chicago_md:n19160	n-p---nd-
βάκτρῳ	ba/ktrw|	βάκτρον	ba/ktron	urn:cite2:hmt:lsj.chicago_md:n19160	n-s---nd-
βάλλω	ba/llw	βάλλω	ba/llw	urn:cite2:hmt:lsj.chicago_md:n19282	v1spsa---
βάλλω	ba/llw	βάλλω	ba/llw	urn:cite2:hmt:lsj.chicago_md:n19282	v1spia---
βάλλων	ba/llwn	βάλλω	ba/llw	urn:cite2:hmt:lsj.chicago_md:n19282	v-sppamn-
βάς	ba/s	βαίνω	bai/nw	urn:cite2:hmt:lsj.chicago_md:n19123	v-sapamn-
βάς	ba/s	βαίνω	bai/nw	urn:cite2:hmt:lsj.chicago_md:n19123	v-sapamv-
βάς	ba/s	βαίνω	bai/nw	urn:cite2:hmt:lsj.chicago_md:n19123	v2saia---
βάσεται	ba/setai	βάζω	ba/zw	urn:cite2:hmt:lsj.chicago_md:n18996	v3sasm---
βάσεται	ba/setai	βάζω	ba/zw	urn:cite2:hmt:lsj.chicago_md:n18996	v3sfim---
βάσεται	ba/setai	βαίνω	bai/nw	urn:cite2:hmt:lsj.chicago_md:n19123	v3sfim---
βέβηκε	be/bhke	βαίνω	bai/nw	urn:cite2:hmt:lsj.chicago_md:n19123	v2srma---
βέβηκε	be/bhke	βαίνω	bai/nw	urn:cite2:hmt:lsj.chicago_md:n19123	v3sria---
βήσομαι	bh/somai	βαίνω	bai/nw	urn:cite2:hmt:lsj.chicago_md:n19123	v1sasm---
βήσομαι	bh/somai	βαίνω	bai/nw	urn:cite2:hmt:lsj.chicago_md:n19123	v1sfim---
βίον	bi/on	βίος	bi/os	urn:cite2:hmt:lsj.chicago_md:n19972	n-s---ma-
βίον	bi/on	βιόω	bio/w	urn:cite2:hmt:lsj.chicago_md:n19992	v3paia---
βίοτον	bi/oton	βίοτος	bi/otos	urn:cite2:hmt:lsj.chicago_md:n19986	n-s---ma-
βίου	bi/ou	βίος	bi/os	urn:cite2:hmt:lsj.chicago_md:n19972	n-s---mg-
βίου	bi/ou	βιόω	bio/w	urn:cite2:hmt:lsj.chicago_md:n19992	v2spma---
βίου	bi/ou	βιόω	bio/w	urn:cite2:hmt:lsj.chicago_md:n19992	v2siie---
βίου	bi/ou	βιόω	bio/w	urn:cite2:hmt:lsj.chicago_md:n19992	v3siia---
βίᾳ	bi/a|	βία	bi/a	urn:cite2:hmt:lsj.chicago_md:n19870	n-p---fn-
βίᾳ	bi/a|	βία	bi/a	urn:cite2:hmt:lsj.chicago_md:n19870	n-p---fv-
βίᾳ	bi/a|	βία	bi/a	urn:cite2:hmt:lsj.chicago_md:n19870	n-s---fd-
βίῳ	bi/w|	βίος	bi/os	urn:cite2:hmt:lsj.chicago_md:n19972	n-s---md-
βόσκοντα	bo/skonta	βόσκω	bo/skw	urn:cite2:hmt:lsj.chicago_md:n20413	v-pppann-
βόσκοντα	bo/skonta	βόσκω	bo/skw	urn:cite2:hmt:lsj.chicago_md:n20413	v-pppanv-
βόσκοντα	bo/skonta	βόσκω	bo/skw	urn:cite2:hmt:lsj.chicago_md:n20413	v-pppana-
βόσκοντα	bo/skonta	βόσκω	bo/skw	urn:cite2:hmt:lsj.chicago_md:n20413	v-sppama-
βόσκοντας	bo/skontas	βόσκω	bo/skw	urn:cite2:hmt:lsj.chicago_md:n20413	v-pppama-
γαμεῖ	gamei=	γαμέω	game/w	urn:cite2:hmt:lsj.chicago_md:n21556	v2sfim---
γαμεῖ	gamei=	γαμέω	game/w	urn:cite2:hmt:lsj.chicago_md:n21556	v3sfia---
γαμεῖ	gamei=	γαμέω	game/w	urn:cite2:hmt:lsj.chicago_md:n21556	v2spie---
γαμεῖ	gamei=	γαμέω	game/w	urn:cite2:hmt:lsj.chicago_md:n21556	v3spia---
γαμεῖται	gamei=tai	γαμέω	game/w	urn:cite2:hmt:lsj.chicago_md:n21556	v3sfim---
γαμεῖται	gamei=tai	γαμέω	game/w	urn:cite2:hmt:lsj.chicago_md:n21556	v3spie---
γαμφηλαῖς	gamfhlai=s	γαμφηλαί	gamfhlai/	urn:cite2:hmt:lsj.chicago_md:n21584	n-p---fd-
γαμῶν	gamw=n	γαμέω	game/w	urn:cite2:hmt:lsj.chicago_md:n21556	v-sfpamn-
γαμῶν	gamw=n	γαμέω	game/w	urn:cite2:hmt:lsj.chicago_md:n21556	v-sppamn-
γαστρός	gastro/s	γαστήρ	gasth/r	urn:cite2:hmt:lsj.chicago_md:n21651	n-s---fg-
γαίας	gai/as	γαῖα	gai=a	urn:cite2:hmt:lsj.chicago_md:n21401	n-p---fa-
γαίας	gai/as	γαῖα	gai=a	urn:cite2:hmt:lsj.chicago_md:n21401	n-s---fg-
γαίας	gai/as	γαῖα	gai=a	urn:cite2:hmt:lsj.chicago_md:n21401	n-p---fa-
γαίας	gai/as	γαῖα	gai=a	urn:cite2:hmt:lsj.chicago_md:n21401	n-s---fg-
γαίᾳ	gai/a|	γαῖα	gai=a	urn:cite2:hmt:lsj.chicago_md:n21401	n-s---fd-
γαίᾳ	gai/a|	γαῖα	gai=a	urn:cite2:hmt:lsj.chicago_md:n21401	n-s---fd-
γε	ge	γε	ge	urn:cite2:hmt:lsj.chicago_md:n21705	g--------
γεγήρακ’	gegh/rak'	γηράσκω	ghra/skw	urn:cite2:hmt:lsj.chicago_md:n22143	v1sria---
γεγήρακ’	gegh/rak'	γηράσκω	ghra/skw	urn:cite2:hmt:lsj.chicago_md:n22143	v2srma---
γεγήρακ’	gegh/rak'	γηράσκω	ghra/skw	urn:cite2:hmt:lsj.chicago_md:n22143	v3sria---
γεγώς	gegw/s	γίγνομαι	gi/gnomai	urn:cite2:hmt:lsj.chicago_md:n22209	v-srpamn-
γεγώς	gegw/s	γίγνομαι	gi/gnomai	urn:cite2:hmt:lsj.chicago_md:n22209	v-srpamv-
γεγῶσα	gegw=sa	γίγνομαι	gi/gnomai	urn:cite2:hmt:lsj.chicago_md:n22209	v-srpafn-
γεγῶσα	gegw=sa	γίγνομαι	gi/gnomai	urn:cite2:hmt:lsj.chicago_md:n22209	v-srpafv-
γεγῶσ’	gegw=s'	γίγνομαι	gi/gnomai	urn:cite2:hmt:lsj.chicago_md:n22209	v-srpafn-
γεγῶσ’	gegw=s'	γίγνομαι	gi/gnomai	urn:cite2:hmt:lsj.chicago_md:n22209	v-srpafv-
γεγῶσ’	gegw=s'	γίγνομαι	gi/gnomai	urn:cite2:hmt:lsj.chicago_md:n22209	v-prpamd-
γεγῶσ’	gegw=s'	γίγνομαι	gi/gnomai	urn:cite2:hmt:lsj.chicago_md:n22209	v-prpand-
γεγῶσ’	gegw=s'	γίγνομαι	gi/gnomai	urn:cite2:hmt:lsj.chicago_md:n22209	v-prpafn-
γεγῶσ’	gegw=s'	γίγνομαι	gi/gnomai	urn:cite2:hmt:lsj.chicago_md:n22209	v-prpafv-
γεγῶτα	gegw=ta	γίγνομαι	gi/gnomai	urn:cite2:hmt:lsj.chicago_md:n22209	v-prpann-
γεγῶτα	gegw=ta	γίγνομαι	gi/gnomai	urn:cite2:hmt:lsj.chicago_md:n22209	v-prpanv-
γεγῶτα	gegw=ta	γίγνομαι	gi/gnomai	urn:cite2:hmt:lsj.chicago_md:n22209	v-prpana-
γεγῶτα	gegw=ta	γίγνομαι	gi/gnomai	urn:cite2:hmt:lsj.chicago_md:n22209	v-srpama-
γεγῶτ’	gegw=t'	γίγνομαι	gi/gnomai	urn:cite2:hmt:lsj.chicago_md:n22209	v-prpann-
γεγῶτ’	gegw=t'	γίγνομαι	gi/gnomai	urn:cite2:hmt:lsj.chicago_md:n22209	v-prpanv-
γεγῶτ’	gegw=t'	γίγνομαι	gi/gnomai	urn:cite2:hmt:lsj.chicago_md:n22209	v-prpana-
γεγῶτ’	gegw=t'	γίγνομαι	gi/gnomai	urn:cite2:hmt:lsj.chicago_md:n22209	v-srpama-
γεγῶτ’	gegw=t'	γίγνομαι	gi/gnomai	urn:cite2:hmt:lsj.chicago_md:n22209	v-srpamd-
γεγῶτ’	gegw=t'	γίγνομαι	gi/gnomai	urn:cite2:hmt:lsj.chicago_md:n22209	v-srpand-
γεγῶτ’	gegw=t'	γίγνομαι	gi/gnomai	urn:cite2:hmt:lsj.chicago_md:n22209	v-drpamn-
γεγῶτ’	gegw=t'	γίγνομαι	gi/gnomai	urn:cite2:hmt:lsj.chicago_md:n22209	v-drpamv-
γεγῶτ’	gegw=t'	γίγνομαι	gi/gnomai	urn:cite2:hmt:lsj.chicago_md:n22209	v-drpama-
γεγῶτ’	gegw=t'	γίγνομαι	gi/gnomai	urn:cite2:hmt:lsj.chicago_md:n22209	v-drpann-
γεγῶτ’	gegw=t'	γίγνομαι	gi/gnomai	urn:cite2:hmt:lsj.chicago_md:n22209	v-drpanv-
γεγῶτ’	gegw=t'	γίγνομαι	gi/gnomai	urn:cite2:hmt:lsj.chicago_md:n22209	v-drpana-
γενειάσιν	geneia/sin	γενειάς	geneia/s	urn:cite2:hmt:lsj.chicago_md:n21854	n-p---fd-
γενναιότης	gennaio/ths	γενναιότης	gennaio/ths	urn:cite2:hmt:lsj.chicago_md:n21900	n-s---fn-
γενναίων	gennai/wn	γενναῖος	gennai=os	urn:cite2:hmt:lsj.chicago_md:n21899	a-p---fg-
γενναίων	gennai/wn	γενναῖος	gennai=os	urn:cite2:hmt:lsj.chicago_md:n21899	a-p---mg-
γενναίων	gennai/wn	γενναῖος	gennai=os	urn:cite2:hmt:lsj.chicago_md:n21899	a-p---ng-
γενναίων	gennai/wn	γενναῖος	gennai=os	urn:cite2:hmt:lsj.chicago_md:n21899	n-p---mg-
γενναίων	gennai/wn	γενναῖος	gennai=os	urn:cite2:hmt:lsj.chicago_md:n21899	n-p---fg-
γενναίων	gennai/wn	γενναῖος	gennai=os	urn:cite2:hmt:lsj.chicago_md:n21899	n-p---ng-
γενναίως	gennai/ws	γενναῖος	gennai=os	urn:cite2:hmt:lsj.chicago_md:n21899	x--------
γενναίως	gennai/ws	γενναῖος	gennai=os	urn:cite2:hmt:lsj.chicago_md:n21899	a-p---ma-
γενναίως	gennai/ws	γενναῖος	gennai=os	urn:cite2:hmt:lsj.chicago_md:n21899	x--------
γενναίως	gennai/ws	γενναῖος	gennai=os	urn:cite2:hmt:lsj.chicago_md:n21899	n-p---ma-
γενναίως	gennai/ws	γενναῖος	gennai=os	urn:cite2:hmt:lsj.chicago_md:n21899	n-p---fa-
γεννητόρων	gennhto/rwn	γενέτης	gene/ths	urn:cite2:hmt:lsj.chicago_md:n21877	n-p---mg-
γεννητόρων	gennhto/rwn	γεννήτωρ	gennh/twr	urn:cite2:hmt:lsj.chicago_md:n21916	n-p---mg-
γενοῦ	genou=	γίγνομαι	gi/gnomai	urn:cite2:hmt:lsj.chicago_md:n22209	v2samm---
γενέθλια	gene/qlia	γενέθλιος	gene/qlios	urn:cite2:hmt:lsj.chicago_md:n21850	n-p---nn-
γενέθλια	gene/qlia	γενέθλιος	gene/qlios	urn:cite2:hmt:lsj.chicago_md:n21850	n-p---nv-
γενέθλια	gene/qlia	γενέθλιος	gene/qlios	urn:cite2:hmt:lsj.chicago_md:n21850	n-p---na-
γενέθλι’	gene/qli'	γενέθλιος	gene/qlios	urn:cite2:hmt:lsj.chicago_md:n21850	n-p---nn-
γενέθλι’	gene/qli'	γενέθλιος	gene/qlios	urn:cite2:hmt:lsj.chicago_md:n21850	n-p---nv-
γενέθλι’	gene/qli'	γενέθλιος	gene/qlios	urn:cite2:hmt:lsj.chicago_md:n21850	n-p---na-
γενέθλι’	gene/qli'	γενέθλιος	gene/qlios	urn:cite2:hmt:lsj.chicago_md:n21850	n-s---mv-
γενέθλι’	gene/qli'	γενέθλιος	gene/qlios	urn:cite2:hmt:lsj.chicago_md:n21850	n-s---fv-
γενέσθαι	gene/sqai	γίγνομαι	gi/gnomai	urn:cite2:hmt:lsj.chicago_md:n22209	v--anm---
γενέτας	gene/tas	γενέτης	gene/ths	urn:cite2:hmt:lsj.chicago_md:n21877	n-p---ma-
γενέτας	gene/tas	γενέτης	gene/ths	urn:cite2:hmt:lsj.chicago_md:n21877	n-s---mn-
γενέτωρ	gene/twr	γενέτης	gene/ths	urn:cite2:hmt:lsj.chicago_md:n21877	n-s---mn-
γενέτωρ	gene/twr	γενέτωρ	gene/twr	urn:cite2:hmt:lsj.chicago_md:n21883	n-s---mn-
γενήσεται	genh/setai	γίγνομαι	gi/gnomai	urn:cite2:hmt:lsj.chicago_md:n22209	v3sfim---
γενόμενοι	geno/menoi	γίγνομαι	gi/gnomai	urn:cite2:hmt:lsj.chicago_md:n22209	v-papmmn-
γενόμενοι	geno/menoi	γίγνομαι	gi/gnomai	urn:cite2:hmt:lsj.chicago_md:n22209	v-papmmv-
γεραιέ	geraie/	γεραιός	geraio/s	urn:cite2:hmt:lsj.chicago_md:n21936	a-s---mv-
γείτων	gei/twn	γείτων	gei/twn	urn:cite2:hmt:lsj.chicago_md:n21765	n-s---mn-
γείτων	gei/twn	γείτων	gei/twn	urn:cite2:hmt:lsj.chicago_md:n21765	n-s---mv-
γείτων	gei/twn	γείτων	gei/twn	urn:cite2:hmt:lsj.chicago_md:n21765	n-s---fn-
γείτων	gei/twn	γείτων	gei/twn	urn:cite2:hmt:lsj.chicago_md:n21765	n-s---fv-
γηγενεῖς	ghgenei=s	γηγενής	ghgenh/s	urn:cite2:hmt:lsj.chicago_md:n22102	n-p---ma-
γηγενεῖς	ghgenei=s	γηγενής	ghgenh/s	urn:cite2:hmt:lsj.chicago_md:n22102	n-p---fa-
γηγενεῖς	ghgenei=s	γηγενής	ghgenh/s	urn:cite2:hmt:lsj.chicago_md:n22102	n-p---mn-
γηγενεῖς	ghgenei=s	γηγενής	ghgenh/s	urn:cite2:hmt:lsj.chicago_md:n22102	n-p---mv-
γηγενεῖς	ghgenei=s	γηγενής	ghgenh/s	urn:cite2:hmt:lsj.chicago_md:n22102	n-p---fn-
γηγενεῖς	ghgenei=s	γηγενής	ghgenh/s	urn:cite2:hmt:lsj.chicago_md:n22102	n-p---fv-
γηγενοῦς	ghgenou=s	γηγενής	ghgenh/s	urn:cite2:hmt:lsj.chicago_md:n22102	n-s---mg-
γηγενοῦς	ghgenou=s	γηγενής	ghgenh/s	urn:cite2:hmt:lsj.chicago_md:n22102	n-s---fg-
γηγενοῦς	ghgenou=s	γηγενής	ghgenh/s	urn:cite2:hmt:lsj.chicago_md:n22102	n-s---ng-
γηγενέτας	ghgene/tas	γηγενέτης	ghgene/ths	urn:cite2:hmt:lsj.chicago_md:n22101	n-p---ma-
γηγενέτας	ghgene/tas	γηγενέτης	ghgene/ths	urn:cite2:hmt:lsj.chicago_md:n22101	n-s---mn-
γηγενῆ	ghgenh=	γηγενής	ghgenh/s	urn:cite2:hmt:lsj.chicago_md:n22102	n-p---nn-
γηγενῆ	ghgenh=	γηγενής	ghgenh/s	urn:cite2:hmt:lsj.chicago_md:n22102	n-p---nv-
γηγενῆ	ghgenh=	γηγενής	ghgenh/s	urn:cite2:hmt:lsj.chicago_md:n22102	n-p---na-
γηγενῆ	ghgenh=	γηγενής	ghgenh/s	urn:cite2:hmt:lsj.chicago_md:n22102	n-d---mn-
γηγενῆ	ghgenh=	γηγενής	ghgenh/s	urn:cite2:hmt:lsj.chicago_md:n22102	n-d---mv-
γηγενῆ	ghgenh=	γηγενής	ghgenh/s	urn:cite2:hmt:lsj.chicago_md:n22102	n-d---ma-
γηγενῆ	ghgenh=	γηγενής	ghgenh/s	urn:cite2:hmt:lsj.chicago_md:n22102	n-d---fn-
γηγενῆ	ghgenh=	γηγενής	ghgenh/s	urn:cite2:hmt:lsj.chicago_md:n22102	n-d---fv-
γηγενῆ	ghgenh=	γηγενής	ghgenh/s	urn:cite2:hmt:lsj.chicago_md:n22102	n-d---fa-
γηγενῆ	ghgenh=	γηγενής	ghgenh/s	urn:cite2:hmt:lsj.chicago_md:n22102	n-d---nn-
γηγενῆ	ghgenh=	γηγενής	ghgenh/s	urn:cite2:hmt:lsj.chicago_md:n22102	n-d---nv-
γηγενῆ	ghgenh=	γηγενής	ghgenh/s	urn:cite2:hmt:lsj.chicago_md:n22102	n-d---na-
γηγενῆ	ghgenh=	γηγενής	ghgenh/s	urn:cite2:hmt:lsj.chicago_md:n22102	n-s---ma-
γηγενῆ	ghgenh=	γηγενής	ghgenh/s	urn:cite2:hmt:lsj.chicago_md:n22102	n-s---fa-
γηράσκουσαν	ghra/skousan	γηράσκω	ghra/skw	urn:cite2:hmt:lsj.chicago_md:n22143	v-sppafa-
γιγνώσκω	gignw/skw	γιγνώσκω	gignw/skw	urn:cite2:hmt:lsj.chicago_md:n22210	v1spsa---
γιγνώσκω	gignw/skw	γιγνώσκω	gignw/skw	urn:cite2:hmt:lsj.chicago_md:n22210	v1spia---
γλυκύ	gluku/	γλυκύς	gluku/s	urn:cite2:hmt:lsj.chicago_md:n22389	a-s---mv-
γλυκύ	gluku/	γλυκύς	gluku/s	urn:cite2:hmt:lsj.chicago_md:n22389	a-s---nn-
γλυκύ	gluku/	γλυκύς	gluku/s	urn:cite2:hmt:lsj.chicago_md:n22389	a-s---nv-
γλυκύ	gluku/	γλυκύς	gluku/s	urn:cite2:hmt:lsj.chicago_md:n22389	a-s---na-
γλώσσης	glw/sshs	γλῶσσα	glw=ssa	urn:cite2:hmt:lsj.chicago_md:n22425	n-s---fg-
γλώσσης	glw/sshs	γλῶσσα	glw=ssa	urn:cite2:hmt:lsj.chicago_md:n22425	n-s---fg-
γνοίη	gnoi/h	γιγνώσκω	gignw/skw	urn:cite2:hmt:lsj.chicago_md:n22210	v3saoa---
γνωριεῖν	gnwriei=n	γνωρίζω	gnwri/zw	urn:cite2:hmt:lsj.chicago_md:n22522	v--fna---
γνωρίσας	gnwri/sas	γνωρίζω	gnwri/zw	urn:cite2:hmt:lsj.chicago_md:n22522	v-sapamn-
γνωρίσας	gnwri/sas	γνωρίζω	gnwri/zw	urn:cite2:hmt:lsj.chicago_md:n22522	v-sapamv-
γνωσθῇ	gnwsqh=|	γιγνώσκω	gignw/skw	urn:cite2:hmt:lsj.chicago_md:n22210	v3sasp---
γνώμης	gnw/mhs	γνώμη	gnw/mh	urn:cite2:hmt:lsj.chicago_md:n22502	n-s---fg-
γνώσῃ	gnw/sh|	γιγνώσκω	gignw/skw	urn:cite2:hmt:lsj.chicago_md:n22210	v2sfim---
γνώσῃ	gnw/sh|	γνῶσις	gnw=sis	urn:cite2:hmt:lsj.chicago_md:n22535	n-s---fd-
γνῶναι	gnw=nai	γιγνώσκω	gignw/skw	urn:cite2:hmt:lsj.chicago_md:n22210	v--ana---
γνῶναί	gnw=nai/	γιγνώσκω	gignw/skw	urn:cite2:hmt:lsj.chicago_md:n22210	v--ana---
γονάς	gona/s	γονή	gonh/	urn:cite2:hmt:lsj.chicago_md:n22635	n-p---fa-
γοργωπόν	gorgwpo/n	γοργωπός	gorgwpo/s	urn:cite2:hmt:lsj.chicago_md:n22696	n-s---ma-
γοργωπόν	gorgwpo/n	γοργωπός	gorgwpo/s	urn:cite2:hmt:lsj.chicago_md:n22696	n-s---fa-
γοργωπόν	gorgwpo/n	γοργωπός	gorgwpo/s	urn:cite2:hmt:lsj.chicago_md:n22696	n-s---nn-
γοργωπόν	gorgwpo/n	γοργωπός	gorgwpo/s	urn:cite2:hmt:lsj.chicago_md:n22696	n-s---nv-
γοργωπόν	gorgwpo/n	γοργωπός	gorgwpo/s	urn:cite2:hmt:lsj.chicago_md:n22696	n-s---na-
γοωμένοις	gowme/nois	γοάω	goa/w	urn:cite2:hmt:lsj.chicago_md:n22549	v-pppemd-
γοωμένοις	gowme/nois	γοάω	goa/w	urn:cite2:hmt:lsj.chicago_md:n22549	v-pppend-
γοῦν	gou=n	γοῦν	gou=n	urn:cite2:hmt:lsj.chicago_md:n22708	g--------
γραφῇ	grafh=|	γράφω	gra/fw	urn:cite2:hmt:lsj.chicago_md:n22825	v3sasp---
γραφῇ	grafh=|	γραφεύς	grafeu/s	urn:cite2:hmt:lsj.chicago_md:n22813	n-s---md-
γραφῇ	grafh=|	γραφή	grafh/	urn:cite2:hmt:lsj.chicago_md:n22814	n-s---fd-
γραφῇ	grafh=|	γραφής	grafh/s	urn:cite2:hmt:lsj.chicago_md:n22816	n-s---md-
γραῖαν	grai=an	γραῖα	grai=a	urn:cite2:hmt:lsj.chicago_md:n22728	n-s---fa-
γράμμασιν	gra/mmasin	γράμμα	gra/mma	urn:cite2:hmt:lsj.chicago_md:n22739	n-p---nd-
γράψαντας	gra/yantas	γράφω	gra/fw	urn:cite2:hmt:lsj.chicago_md:n22825	v-papama-
γυμνά	gumna/	γυμνάς	gumna/s	urn:cite2:hmt:lsj.chicago_md:n22959	n-s---fv-
γυμνά	gumna/	γυμνός	gumno/s	urn:cite2:hmt:lsj.chicago_md:n22997	a-p---nn-
γυμνά	gumna/	γυμνός	gumno/s	urn:cite2:hmt:lsj.chicago_md:n22997	a-p---nv-
γυμνά	gumna/	γυμνός	gumno/s	urn:cite2:hmt:lsj.chicago_md:n22997	a-p---na-
γυμνά	gumna/	γυμνός	gumno/s	urn:cite2:hmt:lsj.chicago_md:n22997	a-d---fn-
γυμνά	gumna/	γυμνός	gumno/s	urn:cite2:hmt:lsj.chicago_md:n22997	a-d---fv-
γυμνά	gumna/	γυμνός	gumno/s	urn:cite2:hmt:lsj.chicago_md:n22997	a-d---fa-
γυμνά	gumna/	γυμνός	gumno/s	urn:cite2:hmt:lsj.chicago_md:n22997	a-s---fn-
γυμνά	gumna/	γυμνός	gumno/s	urn:cite2:hmt:lsj.chicago_md:n22997	a-s---fv-
γυναικεῖόν	gunaikei=o/n	γυναικεῖος	gunaikei=os	urn:cite2:hmt:lsj.chicago_md:n23011	a-s---ma-
γυναικεῖόν	gunaikei=o/n	γυναικεῖος	gunaikei=os	urn:cite2:hmt:lsj.chicago_md:n23011	a-s---nn-
γυναικεῖόν	gunaikei=o/n	γυναικεῖος	gunaikei=os	urn:cite2:hmt:lsj.chicago_md:n23011	a-s---nv-
γυναικεῖόν	gunaikei=o/n	γυναικεῖος	gunaikei=os	urn:cite2:hmt:lsj.chicago_md:n23011	a-s---na-
γυναικός	gunaiko/s	γυνή	gunh/	urn:cite2:hmt:lsj.chicago_md:n23069	n-s---fg-
γυναικῶν	gunaikw=n	γυναικόω	gunaiko/w	urn:cite2:hmt:lsj.chicago_md:n23062	v-sppamv-
γυναικῶν	gunaikw=n	γυναικόω	gunaiko/w	urn:cite2:hmt:lsj.chicago_md:n23062	v-sppann-
γυναικῶν	gunaikw=n	γυναικόω	gunaiko/w	urn:cite2:hmt:lsj.chicago_md:n23062	v-sppanv-
γυναικῶν	gunaikw=n	γυναικόω	gunaiko/w	urn:cite2:hmt:lsj.chicago_md:n23062	v-sppana-
γυναικῶν	gunaikw=n	γυναικόω	gunaiko/w	urn:cite2:hmt:lsj.chicago_md:n23062	v-sppamn-
γυναικῶν	gunaikw=n	γυναικόω	gunaiko/w	urn:cite2:hmt:lsj.chicago_md:n23062	v--pna---
γυναικῶν	gunaikw=n	γυνή	gunh/	urn:cite2:hmt:lsj.chicago_md:n23069	n-p---fg-
γυναῖκα	gunai=ka	γυνή	gunh/	urn:cite2:hmt:lsj.chicago_md:n23069	n-s---fa-
γυναῖκες	gunai=kes	γυνή	gunh/	urn:cite2:hmt:lsj.chicago_md:n23069	n-p---fn-
γυναῖκες	gunai=kes	γυνή	gunh/	urn:cite2:hmt:lsj.chicago_md:n23069	n-p---fv-
γυναῖκά	gunai=ka/	γυνή	gunh/	urn:cite2:hmt:lsj.chicago_md:n23069	n-s---fa-
γυνή	gunh/	γυνή	gunh/	urn:cite2:hmt:lsj.chicago_md:n23069	n-s---fn-
γυάλων	gua/lwn	γύαλον	gu/alon	urn:cite2:hmt:lsj.chicago_md:n22925	n-p---ng-
γυάλων	gua/lwn	γύαλος	gu/alos	urn:cite2:hmt:lsj.chicago_md:n22926	n-p---mg-
γάλακτι	ga/lakti	γάλα	ga/la	urn:cite2:hmt:lsj.chicago_md:n21429	n-s---nd-
γάλακτί	ga/lakti/	γάλα	ga/la	urn:cite2:hmt:lsj.chicago_md:n21429	n-s---nd-
γάμοι	ga/moi	γάμος	ga/mos	urn:cite2:hmt:lsj.chicago_md:n21578	n-p---mn-
γάμοι	ga/moi	γάμος	ga/mos	urn:cite2:hmt:lsj.chicago_md:n21578	n-p---mv-
γάμοις	ga/mois	γάμος	ga/mos	urn:cite2:hmt:lsj.chicago_md:n21578	n-p---md-
γάμον	ga/mon	γάμος	ga/mos	urn:cite2:hmt:lsj.chicago_md:n21578	n-s---ma-
γάμους	ga/mous	γάμος	ga/mos	urn:cite2:hmt:lsj.chicago_md:n21578	n-p---ma-
γάμων	ga/mwn	γάμος	ga/mos	urn:cite2:hmt:lsj.chicago_md:n21578	n-p---mg-
γάρ	ga/r	γάρ	ga/r	urn:cite2:hmt:lsj.chicago_md:n21618	g--------
γέ	ge/	γε	ge	urn:cite2:hmt:lsj.chicago_md:n21705	g--------
γέγονας	ge/gonas	γίγνομαι	gi/gnomai	urn:cite2:hmt:lsj.chicago_md:n22209	v2sria---
γέγονεν	ge/gonen	γίγνομαι	gi/gnomai	urn:cite2:hmt:lsj.chicago_md:n22209	v3sria---
γέγονεν	ge/gonen	γίγνομαι	gi/gnomai	urn:cite2:hmt:lsj.chicago_md:n22209	v3plia---
γέλων	ge/lwn	γέλως	ge/lws	urn:cite2:hmt:lsj.chicago_md:n21810	n-s---ma-
γέλων	ge/lwn	γέλως	ge/lws	urn:cite2:hmt:lsj.chicago_md:n21810	n-s---fa-
γέλων	ge/lwn	γέλως	ge/lws	urn:cite2:hmt:lsj.chicago_md:n21810	n-p---mg-
γέλων	ge/lwn	γέλως	ge/lws	urn:cite2:hmt:lsj.chicago_md:n21810	n-s---ma-
γέλων	ge/lwn	γελάω	gela/w	urn:cite2:hmt:lsj.chicago_md:n21783	v3piia---
γέλων	ge/lwn	γελάω	gela/w	urn:cite2:hmt:lsj.chicago_md:n21783	v1siia---
γέλως	ge/lws	γέλως	ge/lws	urn:cite2:hmt:lsj.chicago_md:n21810	n-p---ma-
γέλως	ge/lws	γέλως	ge/lws	urn:cite2:hmt:lsj.chicago_md:n21810	n-s---mn-
γέλως	ge/lws	γέλως	ge/lws	urn:cite2:hmt:lsj.chicago_md:n21810	n-s---mn-
γέλωτ’	ge/lwt'	γέλως	ge/lws	urn:cite2:hmt:lsj.chicago_md:n21810	n-s---ma-
γέλωτ’	ge/lwt'	γέλως	ge/lws	urn:cite2:hmt:lsj.chicago_md:n21810	n-s---md-
γέλωτ’	ge/lwt'	γέλως	ge/lws	urn:cite2:hmt:lsj.chicago_md:n21810	n-d---mn-
γέλωτ’	ge/lwt'	γέλως	ge/lws	urn:cite2:hmt:lsj.chicago_md:n21810	n-d---mv-
γέλωτ’	ge/lwt'	γέλως	ge/lws	urn:cite2:hmt:lsj.chicago_md:n21810	n-d---ma-
γένει	ge/nei	γένος	ge/nos	urn:cite2:hmt:lsj.chicago_md:n21920	n-d---nn-
γένει	ge/nei	γένος	ge/nos	urn:cite2:hmt:lsj.chicago_md:n21920	n-d---nv-
γένει	ge/nei	γένος	ge/nos	urn:cite2:hmt:lsj.chicago_md:n21920	n-d---na-
γένει	ge/nei	γένος	ge/nos	urn:cite2:hmt:lsj.chicago_md:n21920	n-s---nd-
γένει	ge/nei	γένος	ge/nos	urn:cite2:hmt:lsj.chicago_md:n21920	n-s---nd-
γένηται	ge/nhtai	γίγνομαι	gi/gnomai	urn:cite2:hmt:lsj.chicago_md:n22209	v3sasm---
γένοιτο	ge/noito	γίγνομαι	gi/gnomai	urn:cite2:hmt:lsj.chicago_md:n22209	v3saom---
γένοιτό	ge/noito/	γίγνομαι	gi/gnomai	urn:cite2:hmt:lsj.chicago_md:n22209	v3saom---
γένοιτ’	ge/noit'	γίγνομαι	gi/gnomai	urn:cite2:hmt:lsj.chicago_md:n22209	v3saom---
γένος	ge/nos	γένος	ge/nos	urn:cite2:hmt:lsj.chicago_md:n21920	n-s---nn-
γένος	ge/nos	γένος	ge/nos	urn:cite2:hmt:lsj.chicago_md:n21920	n-s---nv-
γένος	ge/nos	γένος	ge/nos	urn:cite2:hmt:lsj.chicago_md:n21920	n-s---na-
γένωνται	ge/nwntai	γίγνομαι	gi/gnomai	urn:cite2:hmt:lsj.chicago_md:n22209	v3pasm---
γέρας	ge/ras	γέρας	ge/ras	urn:cite2:hmt:lsj.chicago_md:n21964	n-s---ng-
γέρας	ge/ras	γέρας	ge/ras	urn:cite2:hmt:lsj.chicago_md:n21964	n-s---nn-
γέρας	ge/ras	γέρας	ge/ras	urn:cite2:hmt:lsj.chicago_md:n21964	n-s---nv-
γέρας	ge/ras	γέρας	ge/ras	urn:cite2:hmt:lsj.chicago_md:n21964	n-s---na-
γέρον	ge/ron	γέρων	ge/rwn	urn:cite2:hmt:lsj.chicago_md:n22019	n-s---mv-
γέρων	ge/rwn	γέρων	ge/rwn	urn:cite2:hmt:lsj.chicago_md:n22019	n-s---mn-
γήμας	gh/mas	γαμέω	game/w	urn:cite2:hmt:lsj.chicago_md:n21556	v-sapamn-
γήμας	gh/mas	γαμέω	game/w	urn:cite2:hmt:lsj.chicago_md:n21556	v-sapamv-
γήρως	gh/rws	γῆρας	gh=ras	urn:cite2:hmt:lsj.chicago_md:n22141	n-s---ng-
γίγνεται	gi/gnetai	γίγνομαι	gi/gnomai	urn:cite2:hmt:lsj.chicago_md:n22209	v3spie---
γίγνομαι	gi/gnomai	γίγνομαι	gi/gnomai	urn:cite2:hmt:lsj.chicago_md:n22209	v1spie---
γόνον	go/non	γόνος	go/nos	urn:cite2:hmt:lsj.chicago_md:n22658	n-s---ma-
γόνον	go/non	γόνος	go/nos	urn:cite2:hmt:lsj.chicago_md:n22658	n-s---fa-
γόνος	go/nos	γόνος	go/nos	urn:cite2:hmt:lsj.chicago_md:n22658	n-s---mn-
γόνος	go/nos	γόνος	go/nos	urn:cite2:hmt:lsj.chicago_md:n22658	n-s---fn-
γόοι	go/oi	γόος	go/os	urn:cite2:hmt:lsj.chicago_md:n22673	n-p---mn-
γόοι	go/oi	γόος	go/os	urn:cite2:hmt:lsj.chicago_md:n22673	n-p---mv-
γόοις	go/ois	γόος	go/os	urn:cite2:hmt:lsj.chicago_md:n22673	n-p---md-
γόοισιν	go/oisin	γόος	go/os	urn:cite2:hmt:lsj.chicago_md:n22673	n-p---md-
γύαλα	gu/ala	γύαλον	gu/alon	urn:cite2:hmt:lsj.chicago_md:n22925	n-p---nn-
γύαλα	gu/ala	γύαλον	gu/alon	urn:cite2:hmt:lsj.chicago_md:n22925	n-p---nv-
γύαλα	gu/ala	γύαλον	gu/alon	urn:cite2:hmt:lsj.chicago_md:n22925	n-p---na-
γύναι	gu/nai	γυνή	gunh/	urn:cite2:hmt:lsj.chicago_md:n23069	n-s---fv-
γᾶ	ga=	Γαῖα	*gai=a	urn:cite2:hmt:lsj.chicago_md:n21401	n-d---fn-
γᾶ	ga=	Γαῖα	*gai=a	urn:cite2:hmt:lsj.chicago_md:n21401	n-d---fv-
γᾶ	ga=	Γαῖα	*gai=a	urn:cite2:hmt:lsj.chicago_md:n21401	n-d---fa-
γᾶ	ga=	Γαῖα	*gai=a	urn:cite2:hmt:lsj.chicago_md:n21401	n-s---fn-
γᾶ	ga=	Γαῖα	*gai=a	urn:cite2:hmt:lsj.chicago_md:n21401	n-s---fv-
γᾶ	ga=	γε	ge	urn:cite2:hmt:lsj.chicago_md:n21705	g--------
γᾶ	ga=	γῆ	gh=	urn:cite2:hmt:lsj.chicago_md:n22100	n-d---fn-
γᾶ	ga=	γῆ	gh=	urn:cite2:hmt:lsj.chicago_md:n22100	n-d---fv-
γᾶ	ga=	γῆ	gh=	urn:cite2:hmt:lsj.chicago_md:n22100	n-d---fa-
γᾶ	ga=	γῆ	gh=	urn:cite2:hmt:lsj.chicago_md:n22100	n-s---fn-
γᾶ	ga=	γῆ	gh=	urn:cite2:hmt:lsj.chicago_md:n22100	n-s---fv-
γᾶς	ga=s	Γαῖα	*gai=a	urn:cite2:hmt:lsj.chicago_md:n21401	n-p---fa-
γᾶς	ga=s	Γαῖα	*gai=a	urn:cite2:hmt:lsj.chicago_md:n21401	n-s---fg-
γᾶς	ga=s	γῆ	gh=	urn:cite2:hmt:lsj.chicago_md:n22100	n-p---fa-
γᾶς	ga=s	γῆ	gh=	urn:cite2:hmt:lsj.chicago_md:n22100	n-s---fg-
γᾷ	ga=|	Γαῖα	*gai=a	urn:cite2:hmt:lsj.chicago_md:n21401	n-s---fd-
γᾷ	ga=|	γῆ	gh=	urn:cite2:hmt:lsj.chicago_md:n22100	n-s---fd-
γῆ	gh=	Γαῖα	*gai=a	urn:cite2:hmt:lsj.chicago_md:n21401	n-s---fn-
γῆ	gh=	Γαῖα	*gai=a	urn:cite2:hmt:lsj.chicago_md:n21401	n-s---fv-
γῆ	gh=	γῆ	gh=	urn:cite2:hmt:lsj.chicago_md:n22100	n-s---fn-
γῆ	gh=	γῆ	gh=	urn:cite2:hmt:lsj.chicago_md:n22100	n-s---fv-
γῆθεν	gh=qen	γῆθεν	gh=qen	urn:cite2:hmt:lsj.chicago_md:n22107	d--------
γῆν	gh=n	Γαῖα	*gai=a	urn:cite2:hmt:lsj.chicago_md:n21401	n-s---fa-
γῆν	gh=n	γῆ	gh=	urn:cite2:hmt:lsj.chicago_md:n22100	n-s---fa-
γῆρας	gh=ras	γῆρας	gh=ras	urn:cite2:hmt:lsj.chicago_md:n22141	n-s---nn-
γῆρας	gh=ras	γῆρας	gh=ras	urn:cite2:hmt:lsj.chicago_md:n22141	n-s---nv-
γῆρας	gh=ras	γῆρας	gh=ras	urn:cite2:hmt:lsj.chicago_md:n22141	n-s---na-
γῆς	gh=s	Γαῖα	*gai=a	urn:cite2:hmt:lsj.chicago_md:n21401	n-s---fg-
γῆς	gh=s	γῆ	gh=	urn:cite2:hmt:lsj.chicago_md:n22100	n-s---fg-
δαιμόνων	daimo/nwn	δαίμων	dai/mwn	urn:cite2:hmt:lsj.chicago_md:n23242	n-p---mg-
δαιμόνων	daimo/nwn	δαίμων	dai/mwn	urn:cite2:hmt:lsj.chicago_md:n23242	n-p---fg-
δαιμόνων	daimo/nwn	δαιμονάω	daimona/w	urn:cite2:hmt:lsj.chicago_md:n23222	v3piia---
δαιμόνων	daimo/nwn	δαιμονάω	daimona/w	urn:cite2:hmt:lsj.chicago_md:n23222	v1siia---
δακρυρροεῖ	dakrurroei=	δακρυρροέω	dakrurroe/w	urn:cite2:hmt:lsj.chicago_md:n23297	v2spie---
δακρυρροεῖ	dakrurroei=	δακρυρροέω	dakrurroe/w	urn:cite2:hmt:lsj.chicago_md:n23297	v3spia---
δακρυρροεῖς	dakrurroei=s	δακρυρροέω	dakrurroe/w	urn:cite2:hmt:lsj.chicago_md:n23297	v2spia---
δακρύοις	dakru/ois	δάκρυον	da/kruon	urn:cite2:hmt:lsj.chicago_md:n23292	n-p---nd-
δακρύοις	dakru/ois	δακρύω	dakru/w	urn:cite2:hmt:lsj.chicago_md:n23304	v2spoa---
δακρύοισιν	dakru/oisin	δάκρυον	da/kruon	urn:cite2:hmt:lsj.chicago_md:n23292	n-p---nd-
δακρύοισιν	dakru/oisin	δακρύω	dakru/w	urn:cite2:hmt:lsj.chicago_md:n23304	v-pppamd-
δακρύοισιν	dakru/oisin	δακρύω	dakru/w	urn:cite2:hmt:lsj.chicago_md:n23304	v-pppand-
δακρύοισιν	dakru/oisin	δακρύω	dakru/w	urn:cite2:hmt:lsj.chicago_md:n23304	v3ppia---
δακρύων	dakru/wn	δάκρυον	da/kruon	urn:cite2:hmt:lsj.chicago_md:n23292	n-p---ng-
δακρύων	dakru/wn	δάκρυον	da/kruon	urn:cite2:hmt:lsj.chicago_md:n23292	n-p---ng-
δακρύων	dakru/wn	δακρύω	dakru/w	urn:cite2:hmt:lsj.chicago_md:n23304	v-sppamn-
δαφνηφόρους	dafnhfo/rous	δαφνηφόρος	dafnhfo/ros	urn:cite2:hmt:lsj.chicago_md:n23569	n-p---ma-
δαφνηφόρους	dafnhfo/rous	δαφνηφόρος	dafnhfo/ros	urn:cite2:hmt:lsj.chicago_md:n23569	n-p---fa-
δαφνώδη	dafnw/dh	δαφνώδης	dafnw/dhs	urn:cite2:hmt:lsj.chicago_md:n23584	n-p---nn-
δαφνώδη	dafnw/dh	δαφνώδης	dafnw/dhs	urn:cite2:hmt:lsj.chicago_md:n23584	n-p---nv-
δαφνώδη	dafnw/dh	δαφνώδης	dafnw/dhs	urn:cite2:hmt:lsj.chicago_md:n23584	n-p---na-
δαφνώδη	dafnw/dh	δαφνώδης	dafnw/dhs	urn:cite2:hmt:lsj.chicago_md:n23584	n-d---mn-
δαφνώδη	dafnw/dh	δαφνώδης	dafnw/dhs	urn:cite2:hmt:lsj.chicago_md:n23584	n-d---mv-
δαφνώδη	dafnw/dh	δαφνώδης	dafnw/dhs	urn:cite2:hmt:lsj.chicago_md:n23584	n-d---ma-
δαφνώδη	dafnw/dh	δαφνώδης	dafnw/dhs	urn:cite2:hmt:lsj.chicago_md:n23584	n-d---fn-
δαφνώδη	dafnw/dh	δαφνώδης	dafnw/dhs	urn:cite2:hmt:lsj.chicago_md:n23584	n-d---fv-
δαφνώδη	dafnw/dh	δαφνώδης	dafnw/dhs	urn:cite2:hmt:lsj.chicago_md:n23584	n-d---fa-
δαφνώδη	dafnw/dh	δαφνώδης	dafnw/dhs	urn:cite2:hmt:lsj.chicago_md:n23584	n-d---nn-
δαφνώδη	dafnw/dh	δαφνώδης	dafnw/dhs	urn:cite2:hmt:lsj.chicago_md:n23584	n-d---nv-
δαφνώδη	dafnw/dh	δαφνώδης	dafnw/dhs	urn:cite2:hmt:lsj.chicago_md:n23584	n-d---na-
δαφνώδη	dafnw/dh	δαφνώδης	dafnw/dhs	urn:cite2:hmt:lsj.chicago_md:n23584	n-s---ma-
δαφνώδη	dafnw/dh	δαφνώδης	dafnw/dhs	urn:cite2:hmt:lsj.chicago_md:n23584	n-s---fa-
δαί	dai/	δαί	dai/	urn:cite2:hmt:lsj.chicago_md:n23196	g--------
δαί	dai/	δαίσ1	dai/s	urn:cite2:hmt:lsj.chicago_md:n23248	n-s---fv-
δαί	dai/	δαίσ1	dai/s	urn:cite2:hmt:lsj.chicago_md:n23250	n-s---fv-
δαί	dai/	δαίσ1	dai/s	urn:cite2:hmt:lsj.chicago_md:n23248	n-s---fv-
δαί	dai/	δαίσ1	dai/s	urn:cite2:hmt:lsj.chicago_md:n23250	n-s---fv-
δαίμονα	dai/mona	δαίμων	dai/mwn	urn:cite2:hmt:lsj.chicago_md:n23242	n-s---ma-
δαίμονα	dai/mona	δαίμων	dai/mwn	urn:cite2:hmt:lsj.chicago_md:n23242	n-s---fa-
δαίμονας	dai/monas	δαίμων	dai/mwn	urn:cite2:hmt:lsj.chicago_md:n23242	n-p---ma-
δαίμονας	dai/monas	δαίμων	dai/mwn	urn:cite2:hmt:lsj.chicago_md:n23242	n-p---fa-
δαίμονος	dai/monos	δαίμων	dai/mwn	urn:cite2:hmt:lsj.chicago_md:n23242	n-s---mg-
δαίμονος	dai/monos	δαίμων	dai/mwn	urn:cite2:hmt:lsj.chicago_md:n23242	n-s---fg-
δαίμων	dai/mwn	δαίμων	dai/mwn	urn:cite2:hmt:lsj.chicago_md:n23242	n-s---mn-
δαίμων	dai/mwn	δαίμων	dai/mwn	urn:cite2:hmt:lsj.chicago_md:n23242	n-s---mv-
δαίμων	dai/mwn	δαίμων	dai/mwn	urn:cite2:hmt:lsj.chicago_md:n23242	n-s---fn-
δαίμων	dai/mwn	δαίμων	dai/mwn	urn:cite2:hmt:lsj.chicago_md:n23242	n-s---fv-
δαῖθ’	dai=q'	δαίσ3	dai/s	urn:cite2:hmt:lsj.chicago_md:n23248	n-s---fa-
δαῖθ’	dai=q'	δαίσ3	dai/s	urn:cite2:hmt:lsj.chicago_md:n23250	n-s---fa-
δαῖθ’	dai=q'	δαίσ3	dai/s	urn:cite2:hmt:lsj.chicago_md:n23248	n-d---fn-
δαῖθ’	dai=q'	δαίσ3	dai/s	urn:cite2:hmt:lsj.chicago_md:n23250	n-d---fn-
δαῖθ’	dai=q'	δαίσ3	dai/s	urn:cite2:hmt:lsj.chicago_md:n23248	n-d---fv-
δαῖθ’	dai=q'	δαίσ3	dai/s	urn:cite2:hmt:lsj.chicago_md:n23250	n-d---fv-
δαῖθ’	dai=q'	δαίσ3	dai/s	urn:cite2:hmt:lsj.chicago_md:n23248	n-d---fa-
δαῖθ’	dai=q'	δαίσ3	dai/s	urn:cite2:hmt:lsj.chicago_md:n23250	n-d---fa-
δαῖθ’	dai=q'	δαίτη	dai/th	urn:cite2:hmt:lsj.chicago_md:n23258	n-p---fn-
δαῖθ’	dai=q'	δαίτη	dai/th	urn:cite2:hmt:lsj.chicago_md:n23258	n-p---fv-
δαῖθ’	dai=q'	δαίτης	dai/ths	urn:cite2:hmt:lsj.chicago_md:n23261	n-s---mv-
δαῖθ’	dai=q'	δαίτης	dai/ths	urn:cite2:hmt:lsj.chicago_md:n23261	n-s---mn-
δαῖθ’	dai=q'	δαίτης	dai/ths	urn:cite2:hmt:lsj.chicago_md:n23261	n-p---mn-
δαῖθ’	dai=q'	δαίτης	dai/ths	urn:cite2:hmt:lsj.chicago_md:n23261	n-p---mv-
δαῖμον	dai=mon	δαίμων	dai/mwn	urn:cite2:hmt:lsj.chicago_md:n23242	n-s---mv-
δαῖμον	dai=mon	δαίμων	dai/mwn	urn:cite2:hmt:lsj.chicago_md:n23242	n-s---fv-
δαῖτα	dai=ta	δαίσ3	dai/s	urn:cite2:hmt:lsj.chicago_md:n23248	n-s---fa-
δαῖτα	dai=ta	δαίσ3	dai/s	urn:cite2:hmt:lsj.chicago_md:n23250	n-s---fa-
δαῖτα	dai=ta	δαίτης	dai/ths	urn:cite2:hmt:lsj.chicago_md:n23261	n-s---mv-
δαῖτα	dai=ta	δαίτης	dai/ths	urn:cite2:hmt:lsj.chicago_md:n23261	n-s---mn-
δαῖτες	dai=tes	δαίσ3	dai/s	urn:cite2:hmt:lsj.chicago_md:n23248	n-p---fn-
δαῖτες	dai=tes	δαίσ3	dai/s	urn:cite2:hmt:lsj.chicago_md:n23250	n-p---fn-
δαῖτες	dai=tes	δαίσ3	dai/s	urn:cite2:hmt:lsj.chicago_md:n23248	n-p---fv-
δαῖτες	dai=tes	δαίσ3	dai/s	urn:cite2:hmt:lsj.chicago_md:n23250	n-p---fv-
δεδοικώς	dedoikw/s	δείδω	dei/dw	urn:cite2:hmt:lsj.chicago_md:n23646	v-srpamn-
δεδοικώς	dedoikw/s	δείδω	dei/dw	urn:cite2:hmt:lsj.chicago_md:n23646	v-srpamv-
δειμαίνω	deimai/nw	δειμαίνω	deimai/nw	urn:cite2:hmt:lsj.chicago_md:n23694	v1spsa---
δειμαίνω	deimai/nw	δειμαίνω	deimai/nw	urn:cite2:hmt:lsj.chicago_md:n23694	v1spia---
δειναί	deinai/	δεινός	deino/s	urn:cite2:hmt:lsj.chicago_md:n23726	a-p---fn-
δειναί	deinai/	δεινός	deino/s	urn:cite2:hmt:lsj.chicago_md:n23726	a-p---fv-
δεινά	deina/	δεινός	deino/s	urn:cite2:hmt:lsj.chicago_md:n23726	a-p---nn-
δεινά	deina/	δεινός	deino/s	urn:cite2:hmt:lsj.chicago_md:n23726	a-p---nv-
δεινά	deina/	δεινός	deino/s	urn:cite2:hmt:lsj.chicago_md:n23726	a-p---na-
δεινά	deina/	δεινός	deino/s	urn:cite2:hmt:lsj.chicago_md:n23726	a-d---fn-
δεινά	deina/	δεινός	deino/s	urn:cite2:hmt:lsj.chicago_md:n23726	a-d---fv-
δεινά	deina/	δεινός	deino/s	urn:cite2:hmt:lsj.chicago_md:n23726	a-d---fa-
δεινά	deina/	δεινός	deino/s	urn:cite2:hmt:lsj.chicago_md:n23726	a-s---fn-
δεινά	deina/	δεινός	deino/s	urn:cite2:hmt:lsj.chicago_md:n23726	a-s---fv-
δεινόν	deino/n	δεινός	deino/s	urn:cite2:hmt:lsj.chicago_md:n23726	a-s---ma-
δεινόν	deino/n	δεινός	deino/s	urn:cite2:hmt:lsj.chicago_md:n23726	a-s---nn-
δεινόν	deino/n	δεινός	deino/s	urn:cite2:hmt:lsj.chicago_md:n23726	a-s---nv-
δεινόν	deino/n	δεινός	deino/s	urn:cite2:hmt:lsj.chicago_md:n23726	a-s---na-
δειράδες	deira/des	δειράς	deira/s	urn:cite2:hmt:lsj.chicago_md:n23777	n-p---fn-
δειράδες	deira/des	δειράς	deira/s	urn:cite2:hmt:lsj.chicago_md:n23777	n-p---fv-
δειρήν	deirh/n	δειρή	deirh/	urn:cite2:hmt:lsj.chicago_md:n23780	n-s---fa-
δεκάτῳ	deka/tw|	δέκατος	de/katos	urn:cite2:hmt:lsj.chicago_md:n23913	a-s---md-
δεκάτῳ	deka/tw|	δέκατος	de/katos	urn:cite2:hmt:lsj.chicago_md:n23913	a-s---nd-
δεομένη	deome/nh	δέομαι	de/omai	urn:cite2:hmt:lsj.chicago_md:n24292	v-sppefn-
δεομένη	deome/nh	δέομαι	de/omai	urn:cite2:hmt:lsj.chicago_md:n24293	v-sppefn-
δεομένη	deome/nh	δέομαι	de/omai	urn:cite2:hmt:lsj.chicago_md:n24292	v-sppefv-
δεομένη	deome/nh	δέομαι	de/omai	urn:cite2:hmt:lsj.chicago_md:n24293	v-sppefv-
δεομένη	deome/nh	δέω1	de/w	urn:cite2:hmt:lsj.chicago_md:n24292	v-sppefn-
δεομένη	deome/nh	δέω1	de/w	urn:cite2:hmt:lsj.chicago_md:n24293	v-sppefn-
δεομένη	deome/nh	δέω1	de/w	urn:cite2:hmt:lsj.chicago_md:n24294	v-sppefn-
δεομένη	deome/nh	δέω1	de/w	urn:cite2:hmt:lsj.chicago_md:n24292	v-sppefv-
δεομένη	deome/nh	δέω1	de/w	urn:cite2:hmt:lsj.chicago_md:n24293	v-sppefv-
δεομένη	deome/nh	δέω1	de/w	urn:cite2:hmt:lsj.chicago_md:n24294	v-sppefv-
δεομένη	deome/nh	δέω2	de/w	urn:cite2:hmt:lsj.chicago_md:n24292	v-sppefn-
δεομένη	deome/nh	δέω2	de/w	urn:cite2:hmt:lsj.chicago_md:n24293	v-sppefn-
δεομένη	deome/nh	δέω2	de/w	urn:cite2:hmt:lsj.chicago_md:n24294	v-sppefn-
δεομένη	deome/nh	δέω2	de/w	urn:cite2:hmt:lsj.chicago_md:n24292	v-sppefv-
δεομένη	deome/nh	δέω2	de/w	urn:cite2:hmt:lsj.chicago_md:n24293	v-sppefv-
δεομένη	deome/nh	δέω2	de/w	urn:cite2:hmt:lsj.chicago_md:n24294	v-sppefv-
δεομένη	deome/nh	δέω2	de/w	urn:cite2:hmt:lsj.chicago_md:n24292	v-sppmfn-
δεομένη	deome/nh	δέω2	de/w	urn:cite2:hmt:lsj.chicago_md:n24293	v-sppmfn-
δεομένη	deome/nh	δέω2	de/w	urn:cite2:hmt:lsj.chicago_md:n24294	v-sppmfn-
δεομένη	deome/nh	δέω2	de/w	urn:cite2:hmt:lsj.chicago_md:n24292	v-sppmfv-
δεομένη	deome/nh	δέω2	de/w	urn:cite2:hmt:lsj.chicago_md:n24293	v-sppmfv-
δεομένη	deome/nh	δέω2	de/w	urn:cite2:hmt:lsj.chicago_md:n24294	v-sppmfv-
δερκόμεσθα	derko/mesqa	δέρκομαι	de/rkomai	urn:cite2:hmt:lsj.chicago_md:n24129	v1ppim---
δερκόμεσθα	derko/mesqa	δέρκομαι	de/rkomai	urn:cite2:hmt:lsj.chicago_md:n24129	v1piim---
δεσμοῖς	desmoi=s	δεσμέω	desme/w	urn:cite2:hmt:lsj.chicago_md:n24174	v2spoa---
δεσμοῖς	desmoi=s	δεσμεύω	desmeu/w	urn:cite2:hmt:lsj.chicago_md:n24173	v2spoa---
δεσμοῖς	desmoi=s	δεσμεύω	desmeu/w	urn:cite2:hmt:lsj.chicago_md:n24173	v2spoa---
δεσμοῖς	desmoi=s	δεσμεύω	desmeu/w	urn:cite2:hmt:lsj.chicago_md:n24173	v2spsa---
δεσμοῖς	desmoi=s	δεσμεύω	desmeu/w	urn:cite2:hmt:lsj.chicago_md:n24173	v2spia---
δεσμοῖς	desmoi=s	δεσμός	desmo/s	urn:cite2:hmt:lsj.chicago_md:n24184	n-p---md-
δεσμοῖς	desmoi=s	δεσμός	desmo/s	urn:cite2:hmt:lsj.chicago_md:n24184	n-p---nd-
δεσποτῶν	despotw=n	δεσπότης	despo/ths	urn:cite2:hmt:lsj.chicago_md:n24206	n-p---mg-
δεσποτῶν	despotw=n	δεσποτέω	despote/w	urn:cite2:hmt:lsj.chicago_md:n24205	v-sppamn-
δεσποίνας	despoi/nas	δέσποινα	de/spoina	urn:cite2:hmt:lsj.chicago_md:n24193	n-p---fa-
δεσποίνας	despoi/nas	δέσποινα	de/spoina	urn:cite2:hmt:lsj.chicago_md:n24193	n-s---fg-
δεσποίνᾳ	despoi/na|	δέσποινα	de/spoina	urn:cite2:hmt:lsj.chicago_md:n24193	n-s---fd-
δεσπόζειν	despo/zein	δεσπόζω	despo/zw	urn:cite2:hmt:lsj.chicago_md:n24192	v--pna---
δεσπόται	despo/tai	δεσπότης	despo/ths	urn:cite2:hmt:lsj.chicago_md:n24206	n-p---mn-
δεσπόται	despo/tai	δεσπότης	despo/ths	urn:cite2:hmt:lsj.chicago_md:n24206	n-p---mv-
δεσπόται	despo/tai	δεσπότης	despo/ths	urn:cite2:hmt:lsj.chicago_md:n24206	n-s---md-
δεσπόταις	despo/tais	δεσπότης	despo/ths	urn:cite2:hmt:lsj.chicago_md:n24206	n-p---md-
δεσπότας	despo/tas	δεσπότης	despo/ths	urn:cite2:hmt:lsj.chicago_md:n24206	n-p---ma-
δεσπότας	despo/tas	δεσπότης	despo/ths	urn:cite2:hmt:lsj.chicago_md:n24206	n-s---mn-
δεσπότην	despo/thn	δεσπότης	despo/ths	urn:cite2:hmt:lsj.chicago_md:n24206	n-s---ma-
δεσπότης	despo/ths	δεσπότης	despo/ths	urn:cite2:hmt:lsj.chicago_md:n24206	n-s---mn-
δεσπότης	despo/ths	δεσποτέω	despote/w	urn:cite2:hmt:lsj.chicago_md:n24205	v2siia---
δεσπότιν	despo/tin	δεσπότις	despo/tis	urn:cite2:hmt:lsj.chicago_md:n24209	n-s---fa-
δεσπότῃ	despo/th|	δεσπότης	despo/ths	urn:cite2:hmt:lsj.chicago_md:n24206	n-s---md-
δείκνυμεν	dei/knumen	δείκνυμι	dei/knumi	urn:cite2:hmt:lsj.chicago_md:n23658	v1ppia---
δείκνυμεν	dei/knumen	δείκνυμι	dei/knumi	urn:cite2:hmt:lsj.chicago_md:n23658	v1piia---
δείκνυσι	dei/knusi	δείκνυμι	dei/knumi	urn:cite2:hmt:lsj.chicago_md:n23658	v3spia---
δείπνοισι	dei/pnoisi	δεῖπνον	dei=pnon	urn:cite2:hmt:lsj.chicago_md:n23762	n-p---nd-
δείπνοισι	dei/pnoisi	δεῖπνος	dei=pnos	urn:cite2:hmt:lsj.chicago_md:n23767	n-p---md-
δείπνων	dei/pnwn	δεῖπνον	dei=pnon	urn:cite2:hmt:lsj.chicago_md:n23762	n-p---ng-
δείπνων	dei/pnwn	δεῖπνος	dei=pnos	urn:cite2:hmt:lsj.chicago_md:n23767	n-p---mg-
δείσας	dei/sas	δείδω	dei/dw	urn:cite2:hmt:lsj.chicago_md:n23646	v-sapamn-
δείσας	dei/sas	δείδω	dei/dw	urn:cite2:hmt:lsj.chicago_md:n23646	v-sapamv-
δείσας	dei/sas	δεῖσα	dei=sa	urn:cite2:hmt:lsj.chicago_md:n23789	n-p---fa-
δείσας	dei/sas	δεῖσα	dei=sa	urn:cite2:hmt:lsj.chicago_md:n23789	n-s---fg-
δεύσειε	deu/seie	δεύω1	deu/w	urn:cite2:hmt:lsj.chicago_md:n24277	v3saoa---
δεύσειε	deu/seie	δεύω1	deu/w	urn:cite2:hmt:lsj.chicago_md:n24278	v3saoa---
δεύτερος	deu/teros	δεύτερος	deu/teros	urn:cite2:hmt:lsj.chicago_md:n24261	a-s---mn-
δεῖ	dei=	δέομαι	de/omai	urn:cite2:hmt:lsj.chicago_md:n24292	v2spie---
δεῖ	dei=	δέομαι	de/omai	urn:cite2:hmt:lsj.chicago_md:n24293	v2spie---
δεῖ	dei=	δέω1	de/w	urn:cite2:hmt:lsj.chicago_md:n24292	v2spie---
δεῖ	dei=	δέω1	de/w	urn:cite2:hmt:lsj.chicago_md:n24293	v2spie---
δεῖ	dei=	δέω1	de/w	urn:cite2:hmt:lsj.chicago_md:n24294	v2spie---
δεῖ	dei=	δέω1	de/w	urn:cite2:hmt:lsj.chicago_md:n24292	v2spma---
δεῖ	dei=	δέω1	de/w	urn:cite2:hmt:lsj.chicago_md:n24293	v2spma---
δεῖ	dei=	δέω1	de/w	urn:cite2:hmt:lsj.chicago_md:n24294	v2spma---
δεῖ	dei=	δέω1	de/w	urn:cite2:hmt:lsj.chicago_md:n24292	v3spia---
δεῖ	dei=	δέω1	de/w	urn:cite2:hmt:lsj.chicago_md:n24293	v3spia---
δεῖ	dei=	δέω1	de/w	urn:cite2:hmt:lsj.chicago_md:n24294	v3spia---
δεῖ	dei=	δέω1	de/w	urn:cite2:hmt:lsj.chicago_md:n24292	v3siia---
δεῖ	dei=	δέω1	de/w	urn:cite2:hmt:lsj.chicago_md:n24293	v3siia---
δεῖ	dei=	δέω1	de/w	urn:cite2:hmt:lsj.chicago_md:n24294	v3siia---
δεῖ	dei=	δέω2	de/w	urn:cite2:hmt:lsj.chicago_md:n24292	v2spie---
δεῖ	dei=	δέω2	de/w	urn:cite2:hmt:lsj.chicago_md:n24293	v2spie---
δεῖ	dei=	δέω2	de/w	urn:cite2:hmt:lsj.chicago_md:n24294	v2spie---
δεῖ	dei=	δέω2	de/w	urn:cite2:hmt:lsj.chicago_md:n24292	v2spma---
δεῖ	dei=	δέω2	de/w	urn:cite2:hmt:lsj.chicago_md:n24293	v2spma---
δεῖ	dei=	δέω2	de/w	urn:cite2:hmt:lsj.chicago_md:n24294	v2spma---
δεῖ	dei=	δέω2	de/w	urn:cite2:hmt:lsj.chicago_md:n24292	v3spia---
δεῖ	dei=	δέω2	de/w	urn:cite2:hmt:lsj.chicago_md:n24293	v3spia---
δεῖ	dei=	δέω2	de/w	urn:cite2:hmt:lsj.chicago_md:n24294	v3spia---
δεῖ	dei=	δέω2	de/w	urn:cite2:hmt:lsj.chicago_md:n24292	v3siia---
δεῖ	dei=	δέω2	de/w	urn:cite2:hmt:lsj.chicago_md:n24293	v3siia---
δεῖ	dei=	δέω2	de/w	urn:cite2:hmt:lsj.chicago_md:n24294	v3siia---
δεῖ	dei=	δεῖ	dei=	urn:cite2:hmt:lsj.chicago_md:n23631	v3siia---
δεῖμα	dei=ma	δέμω	de/mw	urn:cite2:hmt:lsj.chicago_md:n24014	v1saia---
δεῖμα	dei=ma	δεῖμα	dei=ma	urn:cite2:hmt:lsj.chicago_md:n23693	n-s---nn-
δεῖμα	dei=ma	δεῖμα	dei=ma	urn:cite2:hmt:lsj.chicago_md:n23693	n-s---nv-
δεῖμα	dei=ma	δεῖμα	dei=ma	urn:cite2:hmt:lsj.chicago_md:n23693	n-s---na-
δεῖπνα	dei=pna	δεῖπνον	dei=pnon	urn:cite2:hmt:lsj.chicago_md:n23762	n-p---nn-
δεῖπνα	dei=pna	δεῖπνον	dei=pnon	urn:cite2:hmt:lsj.chicago_md:n23762	n-p---nv-
δεῖπνα	dei=pna	δεῖπνον	dei=pnon	urn:cite2:hmt:lsj.chicago_md:n23762	n-p---na-
δεῖτε	dei=te	δέω1	de/w	urn:cite2:hmt:lsj.chicago_md:n24292	v2ppma---
δεῖτε	dei=te	δέω1	de/w	urn:cite2:hmt:lsj.chicago_md:n24293	v2ppma---
δεῖτε	dei=te	δέω1	de/w	urn:cite2:hmt:lsj.chicago_md:n24294	v2ppma---
δεῖτε	dei=te	δέω1	de/w	urn:cite2:hmt:lsj.chicago_md:n24292	v2ppoa---
δεῖτε	dei=te	δέω1	de/w	urn:cite2:hmt:lsj.chicago_md:n24293	v2ppoa---
δεῖτε	dei=te	δέω1	de/w	urn:cite2:hmt:lsj.chicago_md:n24294	v2ppoa---
δεῖτε	dei=te	δέω1	de/w	urn:cite2:hmt:lsj.chicago_md:n24292	v2ppia---
δεῖτε	dei=te	δέω1	de/w	urn:cite2:hmt:lsj.chicago_md:n24293	v2ppia---
δεῖτε	dei=te	δέω1	de/w	urn:cite2:hmt:lsj.chicago_md:n24294	v2ppia---
δεῖτε	dei=te	δέω1	de/w	urn:cite2:hmt:lsj.chicago_md:n24292	v2piia---
δεῖτε	dei=te	δέω1	de/w	urn:cite2:hmt:lsj.chicago_md:n24293	v2piia---
δεῖτε	dei=te	δέω1	de/w	urn:cite2:hmt:lsj.chicago_md:n24294	v2piia---
δεῖτε	dei=te	δέω2	de/w	urn:cite2:hmt:lsj.chicago_md:n24292	v2ppma---
δεῖτε	dei=te	δέω2	de/w	urn:cite2:hmt:lsj.chicago_md:n24293	v2ppma---
δεῖτε	dei=te	δέω2	de/w	urn:cite2:hmt:lsj.chicago_md:n24294	v2ppma---
δεῖτε	dei=te	δέω2	de/w	urn:cite2:hmt:lsj.chicago_md:n24292	v2ppoa---
δεῖτε	dei=te	δέω2	de/w	urn:cite2:hmt:lsj.chicago_md:n24293	v2ppoa---
δεῖτε	dei=te	δέω2	de/w	urn:cite2:hmt:lsj.chicago_md:n24294	v2ppoa---
δεῖτε	dei=te	δέω2	de/w	urn:cite2:hmt:lsj.chicago_md:n24292	v2ppia---
δεῖτε	dei=te	δέω2	de/w	urn:cite2:hmt:lsj.chicago_md:n24293	v2ppia---
δεῖτε	dei=te	δέω2	de/w	urn:cite2:hmt:lsj.chicago_md:n24294	v2ppia---
δεῖτε	dei=te	δέω2	de/w	urn:cite2:hmt:lsj.chicago_md:n24292	v2piia---
δεῖτε	dei=te	δέω2	de/w	urn:cite2:hmt:lsj.chicago_md:n24293	v2piia---
δεῖτε	dei=te	δέω2	de/w	urn:cite2:hmt:lsj.chicago_md:n24294	v2piia---
δεῖτε	dei=te	δεῖ	dei=	urn:cite2:hmt:lsj.chicago_md:n23631	v2piia---
δεῦρο	deu=ro	δεῦρο	deu=ro	urn:cite2:hmt:lsj.chicago_md:n24226	d--------
δημότης	dhmo/ths	δημότης	dhmo/ths	urn:cite2:hmt:lsj.chicago_md:n24460	n-s---mn-
διαδέκτορα	diade/ktora	διαδέκτωρ	diade/ktwr	urn:cite2:hmt:lsj.chicago_md:n24684	n-s---ma-
διαθέσθαι	diaqe/sqai	διατίθημι	diati/qhmi	urn:cite2:hmt:lsj.chicago_md:n26061	v--ane---
διακονοῦσα	diakonou=sa	διακονέω	diakone/w	urn:cite2:hmt:lsj.chicago_md:n24988	v-sppafn-
διακονοῦσα	diakonou=sa	διακονέω	diakone/w	urn:cite2:hmt:lsj.chicago_md:n24988	v-sppafv-
διανταῖος	diantai=os	διανταῖος	diantai=os	urn:cite2:hmt:lsj.chicago_md:n25413	a-s---mn-
διαπεπραγμένῳ	diapepragme/nw|	διαπράσσω	diapra/ssw	urn:cite2:hmt:lsj.chicago_md:n25630	v-srpemd-
διαπεπραγμένῳ	diapepragme/nw|	διαπράσσω	diapra/ssw	urn:cite2:hmt:lsj.chicago_md:n25630	v-srpend-
διασιωπήσας	diasiwph/sas	διασιωπάω	diasiwpa/w	urn:cite2:hmt:lsj.chicago_md:n25818	v-sapamn-
διασιωπήσας	diasiwph/sas	διασιωπάω	diasiwpa/w	urn:cite2:hmt:lsj.chicago_md:n25818	v-sapamv-
διασιωπήσας	diasiwph/sas	διασιωπάω	diasiwpa/w	urn:cite2:hmt:lsj.chicago_md:n25818	v-sapamn-
διασιωπήσας	diasiwph/sas	διασιωπάω	diasiwpa/w	urn:cite2:hmt:lsj.chicago_md:n25818	v-sapamv-
διαφθοράς	diafqora/s	διαφθορά	diafqora/	urn:cite2:hmt:lsj.chicago_md:n26210	n-p---fa-
διαφυγοῦσα	diafugou=sa	διαφεύγω	diafeu/gw	urn:cite2:hmt:lsj.chicago_md:n26199	v-sapafn-
διαφυγοῦσα	diafugou=sa	διαφεύγω	diafeu/gw	urn:cite2:hmt:lsj.chicago_md:n26199	v-sapafv-
διαφέρουσιν	diafe/rousin	διαφέρω	diafe/rw	urn:cite2:hmt:lsj.chicago_md:n26197	v-pppamd-
διαφέρουσιν	diafe/rousin	διαφέρω	diafe/rw	urn:cite2:hmt:lsj.chicago_md:n26197	v-pppand-
διαφέρουσιν	diafe/rousin	διαφέρω	diafe/rw	urn:cite2:hmt:lsj.chicago_md:n26197	v3ppia---
διδάσκοντας	dida/skontas	διδάσκω	dida/skw	urn:cite2:hmt:lsj.chicago_md:n26412	v-pppama-
διδόντος	dido/ntos	δίδωμι	di/dwmi	urn:cite2:hmt:lsj.chicago_md:n26447	v-sppamg-
διδόντος	dido/ntos	δίδωμι	di/dwmi	urn:cite2:hmt:lsj.chicago_md:n26447	v-sppang-
διδύμων	didu/mwn	δίδυμος	di/dumos	urn:cite2:hmt:lsj.chicago_md:n26438	a-p---fg-
διδύμων	didu/mwn	δίδυμος	di/dumos	urn:cite2:hmt:lsj.chicago_md:n26438	a-p---mg-
διδύμων	didu/mwn	δίδυμος	di/dumos	urn:cite2:hmt:lsj.chicago_md:n26438	a-p---ng-
διδύμων	didu/mwn	δίδυμος	di/dumos	urn:cite2:hmt:lsj.chicago_md:n26438	n-p---mg-
διδύμων	didu/mwn	δίδυμος	di/dumos	urn:cite2:hmt:lsj.chicago_md:n26438	n-p---fg-
διδύμων	didu/mwn	δίδυμος	di/dumos	urn:cite2:hmt:lsj.chicago_md:n26438	n-p---ng-
διδῶσ’	didw=s'	δίδημι	di/dhmi	urn:cite2:hmt:lsj.chicago_md:n26414	v3ppsa---
διδῶσ’	didw=s'	δίδωμι	di/dwmi	urn:cite2:hmt:lsj.chicago_md:n26447	v2spse---
διδῶσ’	didw=s'	δίδωμι	di/dwmi	urn:cite2:hmt:lsj.chicago_md:n26447	v3ppsa---
διεφθάρη	diefqa/rh	διαφθείρω	diafqei/rw	urn:cite2:hmt:lsj.chicago_md:n26207	v3saip---
δικαίως	dikai/ws	δίκαιος	di/kaios	urn:cite2:hmt:lsj.chicago_md:n26886	x--------
δικαίως	dikai/ws	δίκαιος	di/kaios	urn:cite2:hmt:lsj.chicago_md:n26886	a-p---ma-
δικαίως	dikai/ws	δίκαιος	di/kaios	urn:cite2:hmt:lsj.chicago_md:n26886	x--------
δικαίως	dikai/ws	δίκαιος	di/kaios	urn:cite2:hmt:lsj.chicago_md:n26886	n-p---ma-
δικαίως	dikai/ws	δίκαιος	di/kaios	urn:cite2:hmt:lsj.chicago_md:n26886	n-p---fa-
δικαίως	dikai/ws	δικαιόω	dikaio/w	urn:cite2:hmt:lsj.chicago_md:n26891	v2siia---
διοιχόμεσθα	dioixo/mesqa	διοίχομαι	dioi/xomai	urn:cite2:hmt:lsj.chicago_md:n27170	v1ppie---
διοιχόμεσθα	dioixo/mesqa	διοίχομαι	dioi/xomai	urn:cite2:hmt:lsj.chicago_md:n27170	v1piie---
διολέσαι	diole/sai	διόλλυμι	dio/llumi	urn:cite2:hmt:lsj.chicago_md:n27176	v--ana---
διολέσαι	diole/sai	διόλλυμι	dio/llumi	urn:cite2:hmt:lsj.chicago_md:n27176	v3saoa---
διορίσαι	diori/sai	διορίζω	diori/zw	urn:cite2:hmt:lsj.chicago_md:n27271	v--ana---
διορίσαι	diori/sai	διορίζω	diori/zw	urn:cite2:hmt:lsj.chicago_md:n27271	v3saoa---
διπλῇ	diplh=|	διπλάζω	dipla/zw	urn:cite2:hmt:lsj.chicago_md:n27351	v2sfim---
διπλῇ	diplh=|	διπλάζω	dipla/zw	urn:cite2:hmt:lsj.chicago_md:n27351	v3sfia---
διπλῇ	diplh=|	διπλῇ	diplh=|	urn:cite2:hmt:lsj.chicago_md:n27379	d--------
διπλῇ	diplh=|	διπλόος	diplo/os	urn:cite2:hmt:lsj.chicago_md:n27393	a-s---fd-
διπλῇ	diplh=|	διπλός	diplo/s	urn:cite2:hmt:lsj.chicago_md:n27395	a-s---fd-
δισκηθήσεται	diskhqh/setai	δισκέω	diske/w	urn:cite2:hmt:lsj.chicago_md:n27460	v3sfip---
δισσούς	dissou/s	δισσός	disso/s	urn:cite2:hmt:lsj.chicago_md:n27489	a-p---ma-
δισσάς	dissa/s	δισσός	disso/s	urn:cite2:hmt:lsj.chicago_md:n27489	a-p---fa-
δισσώ	dissw/	δισσός	disso/s	urn:cite2:hmt:lsj.chicago_md:n27489	a-d---mn-
δισσώ	dissw/	δισσός	disso/s	urn:cite2:hmt:lsj.chicago_md:n27489	a-d---mv-
δισσώ	dissw/	δισσός	disso/s	urn:cite2:hmt:lsj.chicago_md:n27489	a-d---ma-
δισσώ	dissw/	δισσός	disso/s	urn:cite2:hmt:lsj.chicago_md:n27489	a-d---nn-
δισσώ	dissw/	δισσός	disso/s	urn:cite2:hmt:lsj.chicago_md:n27489	a-d---nv-
δισσώ	dissw/	δισσός	disso/s	urn:cite2:hmt:lsj.chicago_md:n27489	a-d---na-
διχήρης	dixh/rhs	διχήρης	dixh/rhs	urn:cite2:hmt:lsj.chicago_md:n27656	n-p---ma-
διχήρης	dixh/rhs	διχήρης	dixh/rhs	urn:cite2:hmt:lsj.chicago_md:n27656	n-p---fa-
διχήρης	dixh/rhs	διχήρης	dixh/rhs	urn:cite2:hmt:lsj.chicago_md:n27656	n-p---mn-
διχήρης	dixh/rhs	διχήρης	dixh/rhs	urn:cite2:hmt:lsj.chicago_md:n27656	n-p---mv-
διχήρης	dixh/rhs	διχήρης	dixh/rhs	urn:cite2:hmt:lsj.chicago_md:n27656	n-p---fn-
διχήρης	dixh/rhs	διχήρης	dixh/rhs	urn:cite2:hmt:lsj.chicago_md:n27656	n-p---fv-
διχήρης	dixh/rhs	διχήρης	dixh/rhs	urn:cite2:hmt:lsj.chicago_md:n27656	n-s---mn-
διχήρης	dixh/rhs	διχήρης	dixh/rhs	urn:cite2:hmt:lsj.chicago_md:n27656	n-s---fn-
διωκόμεσθα	diwko/mesqa	διώκω	diw/kw	urn:cite2:hmt:lsj.chicago_md:n27764	v1ppie---
διωκόμεσθα	diwko/mesqa	διώκω	diw/kw	urn:cite2:hmt:lsj.chicago_md:n27764	v1piie---
διά	dia/	διά	dia/	urn:cite2:hmt:lsj.chicago_md:n24517	r--------
διέλθῃ	die/lqh|	διέρχομαι	die/rxomai	urn:cite2:hmt:lsj.chicago_md:n26680	v2sasm---
διέλθῃ	die/lqh|	διέρχομαι	die/rxomai	urn:cite2:hmt:lsj.chicago_md:n26680	v3sasa---
διέλθῃ	die/lqh|	διέρχομαι	die/rxomai	urn:cite2:hmt:lsj.chicago_md:n26680	v3sasa---
διήνεγκ’	dih/negk'	διαφέρω	diafe/rw	urn:cite2:hmt:lsj.chicago_md:n26197	v1saia---
διήνεγκ’	dih/negk'	διαφέρω	diafe/rw	urn:cite2:hmt:lsj.chicago_md:n26197	v3saia---
διήνεγκ’	dih/negk'	διαφέρω	diafe/rw	urn:cite2:hmt:lsj.chicago_md:n26197	v3saia---
διώκοντ’	diw/kont'	διώκω	diw/kw	urn:cite2:hmt:lsj.chicago_md:n27764	v-pppann-
διώκοντ’	diw/kont'	διώκω	diw/kw	urn:cite2:hmt:lsj.chicago_md:n27764	v-pppanv-
διώκοντ’	diw/kont'	διώκω	diw/kw	urn:cite2:hmt:lsj.chicago_md:n27764	v-pppana-
διώκοντ’	diw/kont'	διώκω	diw/kw	urn:cite2:hmt:lsj.chicago_md:n27764	v-sppama-
διώκοντ’	diw/kont'	διώκω	diw/kw	urn:cite2:hmt:lsj.chicago_md:n27764	v-sppamd-
διώκοντ’	diw/kont'	διώκω	diw/kw	urn:cite2:hmt:lsj.chicago_md:n27764	v-sppand-
διώκοντ’	diw/kont'	διώκω	diw/kw	urn:cite2:hmt:lsj.chicago_md:n27764	v3ppia---
διώκοντ’	diw/kont'	διώκω	diw/kw	urn:cite2:hmt:lsj.chicago_md:n27764	v-dppamn-
διώκοντ’	diw/kont'	διώκω	diw/kw	urn:cite2:hmt:lsj.chicago_md:n27764	v-dppamv-
διώκοντ’	diw/kont'	διώκω	diw/kw	urn:cite2:hmt:lsj.chicago_md:n27764	v-dppama-
διώκοντ’	diw/kont'	διώκω	diw/kw	urn:cite2:hmt:lsj.chicago_md:n27764	v-dppann-
διώκοντ’	diw/kont'	διώκω	diw/kw	urn:cite2:hmt:lsj.chicago_md:n27764	v-dppanv-
διώκοντ’	diw/kont'	διώκω	diw/kw	urn:cite2:hmt:lsj.chicago_md:n27764	v-dppana-
διώκοντ’	diw/kont'	διώκω	diw/kw	urn:cite2:hmt:lsj.chicago_md:n27764	v3ppie---
διώκοντ’	diw/kont'	διώκω	diw/kw	urn:cite2:hmt:lsj.chicago_md:n27764	v3piie---
διώκουσ’	diw/kous'	διώκω	diw/kw	urn:cite2:hmt:lsj.chicago_md:n27764	v-sppafn-
διώκουσ’	diw/kous'	διώκω	diw/kw	urn:cite2:hmt:lsj.chicago_md:n27764	v-sppafv-
διώκουσ’	diw/kous'	διώκω	diw/kw	urn:cite2:hmt:lsj.chicago_md:n27764	v-pppamd-
διώκουσ’	diw/kous'	διώκω	diw/kw	urn:cite2:hmt:lsj.chicago_md:n27764	v-pppand-
διώκουσ’	diw/kous'	διώκω	diw/kw	urn:cite2:hmt:lsj.chicago_md:n27764	v3ppia---
διώκουσ’	diw/kous'	διώκω	diw/kw	urn:cite2:hmt:lsj.chicago_md:n27764	v-pppafn-
διώκουσ’	diw/kous'	διώκω	diw/kw	urn:cite2:hmt:lsj.chicago_md:n27764	v-pppafv-
διώκω	diw/kw	διώκω	diw/kw	urn:cite2:hmt:lsj.chicago_md:n27764	v1spsa---
διώκω	diw/kw	διώκω	diw/kw	urn:cite2:hmt:lsj.chicago_md:n27764	v1spia---
δοκείτω	dokei/tw	δοκέω	doke/w	urn:cite2:hmt:lsj.chicago_md:n27847	v3spma---
δοκεῖ	dokei=	δοκέω	doke/w	urn:cite2:hmt:lsj.chicago_md:n27847	v2spie---
δοκεῖ	dokei=	δοκέω	doke/w	urn:cite2:hmt:lsj.chicago_md:n27847	v3spia---
δοκεῖ	dokei=	δοκεύς	dokeu/s	urn:cite2:hmt:lsj.chicago_md:n27845	n-s---md-
δοκοῦντες	dokou=ntes	δοκέω	doke/w	urn:cite2:hmt:lsj.chicago_md:n27847	v-pppamn-
δοκοῦντες	dokou=ntes	δοκέω	doke/w	urn:cite2:hmt:lsj.chicago_md:n27847	v-pppamv-
δοκοῦντες	dokou=ntes	δοκόω	doko/w	urn:cite2:hmt:lsj.chicago_md:n27881	v-pppamn-
δοκοῦντες	dokou=ntes	δοκόω	doko/w	urn:cite2:hmt:lsj.chicago_md:n27881	v-pppamv-
δορί	dori/	δόρυ	do/ru	urn:cite2:hmt:lsj.chicago_md:n28101	n-s---nd-
δορί	dori/	δορίς	dori/s	urn:cite2:hmt:lsj.chicago_md:n28074	n-s---fv-
δορός	doro/s	δόρυ	do/ru	urn:cite2:hmt:lsj.chicago_md:n28101	n-s---ng-
δορός	doro/s	δορός	doro/s	urn:cite2:hmt:lsj.chicago_md:n28090	n-s---mn-
δουλεύομεν	douleu/omen	δουλεύω	douleu/w	urn:cite2:hmt:lsj.chicago_md:n28165	v1ppia---
δουλεύομεν	douleu/omen	δουλεύω	douleu/w	urn:cite2:hmt:lsj.chicago_md:n28165	v1piia---
δουλεύσω	douleu/sw	δουλεύω	douleu/w	urn:cite2:hmt:lsj.chicago_md:n28165	v1sasa---
δουλεύσω	douleu/sw	δουλεύω	douleu/w	urn:cite2:hmt:lsj.chicago_md:n28165	v1sfia---
δουλεύσω	douleu/sw	δουλεύω	douleu/w	urn:cite2:hmt:lsj.chicago_md:n28165	v2saim---
δοίη	doi/h	δίδωμι	di/dwmi	urn:cite2:hmt:lsj.chicago_md:n26447	v3saoa---
δοίη	doi/h	δίδωμι	di/dwmi	urn:cite2:hmt:lsj.chicago_md:n26447	v3saoa---
δούλαν	dou/lan	δοῦλος	dou=los	urn:cite2:hmt:lsj.chicago_md:n28188	n-s---fa-
δούλαν	dou/lan	δοῦλος	dou=los	urn:cite2:hmt:lsj.chicago_md:n28189	n-s---fa-
δούλαν	dou/lan	δοῦλος	dou=los	urn:cite2:hmt:lsj.chicago_md:n28188	a-s---fa-
δούλαν	dou/lan	δοῦλος	dou=los	urn:cite2:hmt:lsj.chicago_md:n28189	a-s---fa-
δούλευμα	dou/leuma	δούλευμα	dou/leuma	urn:cite2:hmt:lsj.chicago_md:n28160	n-s---nn-
δούλευμα	dou/leuma	δούλευμα	dou/leuma	urn:cite2:hmt:lsj.chicago_md:n28160	n-s---nv-
δούλευμα	dou/leuma	δούλευμα	dou/leuma	urn:cite2:hmt:lsj.chicago_md:n28160	n-s---na-
δούλη	dou/lh	δοῦλος	dou=los	urn:cite2:hmt:lsj.chicago_md:n28188	n-s---fn-
δούλη	dou/lh	δοῦλος	dou=los	urn:cite2:hmt:lsj.chicago_md:n28189	n-s---fn-
δούλη	dou/lh	δοῦλος	dou=los	urn:cite2:hmt:lsj.chicago_md:n28188	n-s---fv-
δούλη	dou/lh	δοῦλος	dou=los	urn:cite2:hmt:lsj.chicago_md:n28189	n-s---fv-
δούλη	dou/lh	δοῦλος	dou=los	urn:cite2:hmt:lsj.chicago_md:n28188	a-s---fn-
δούλη	dou/lh	δοῦλος	dou=los	urn:cite2:hmt:lsj.chicago_md:n28189	a-s---fn-
δούλη	dou/lh	δοῦλος	dou=los	urn:cite2:hmt:lsj.chicago_md:n28188	a-s---fv-
δούλη	dou/lh	δοῦλος	dou=los	urn:cite2:hmt:lsj.chicago_md:n28189	a-s---fv-
δούλης	dou/lhs	δοῦλος	dou=los	urn:cite2:hmt:lsj.chicago_md:n28188	n-s---fg-
δούλης	dou/lhs	δοῦλος	dou=los	urn:cite2:hmt:lsj.chicago_md:n28189	n-s---fg-
δούλης	dou/lhs	δοῦλος	dou=los	urn:cite2:hmt:lsj.chicago_md:n28188	a-s---fg-
δούλης	dou/lhs	δοῦλος	dou=los	urn:cite2:hmt:lsj.chicago_md:n28189	a-s---fg-
δούλοισιν	dou/loisin	δοῦλος	dou=los	urn:cite2:hmt:lsj.chicago_md:n28188	a-p---md-
δούλοισιν	dou/loisin	δοῦλος	dou=los	urn:cite2:hmt:lsj.chicago_md:n28189	a-p---md-
δούλοισιν	dou/loisin	δοῦλος	dou=los	urn:cite2:hmt:lsj.chicago_md:n28188	a-p---nd-
δούλοισιν	dou/loisin	δοῦλος	dou=los	urn:cite2:hmt:lsj.chicago_md:n28189	a-p---nd-
δούλοισιν	dou/loisin	δοῦλος	dou=los	urn:cite2:hmt:lsj.chicago_md:n28188	n-p---md-
δούλοισιν	dou/loisin	δοῦλος	dou=los	urn:cite2:hmt:lsj.chicago_md:n28189	n-p---md-
δούς	dou/s	δίδωμι	di/dwmi	urn:cite2:hmt:lsj.chicago_md:n26447	v-sapamn-
δούς	dou/s	δίδωμι	di/dwmi	urn:cite2:hmt:lsj.chicago_md:n26447	v-sapamv-
δούς	dou/s	δίδωμι	di/dwmi	urn:cite2:hmt:lsj.chicago_md:n26447	v-sapamn-
δούς	dou/s	δίδωμι	di/dwmi	urn:cite2:hmt:lsj.chicago_md:n26447	v-sapamv-
δοῦλα	dou=la	δοῦλος	dou=los	urn:cite2:hmt:lsj.chicago_md:n28188	a-p---nn-
δοῦλα	dou=la	δοῦλος	dou=los	urn:cite2:hmt:lsj.chicago_md:n28189	a-p---nn-
δοῦλα	dou=la	δοῦλος	dou=los	urn:cite2:hmt:lsj.chicago_md:n28188	a-p---nv-
δοῦλα	dou=la	δοῦλος	dou=los	urn:cite2:hmt:lsj.chicago_md:n28189	a-p---nv-
δοῦλα	dou=la	δοῦλος	dou=los	urn:cite2:hmt:lsj.chicago_md:n28188	a-p---na-
δοῦλα	dou=la	δοῦλος	dou=los	urn:cite2:hmt:lsj.chicago_md:n28189	a-p---na-
δοῦλον	dou=lon	δοῦλος	dou=los	urn:cite2:hmt:lsj.chicago_md:n28188	a-s---ma-
δοῦλον	dou=lon	δοῦλος	dou=los	urn:cite2:hmt:lsj.chicago_md:n28189	a-s---ma-
δοῦλον	dou=lon	δοῦλος	dou=los	urn:cite2:hmt:lsj.chicago_md:n28188	a-s---nn-
δοῦλον	dou=lon	δοῦλος	dou=los	urn:cite2:hmt:lsj.chicago_md:n28189	a-s---nn-
δοῦλον	dou=lon	δοῦλος	dou=los	urn:cite2:hmt:lsj.chicago_md:n28188	a-s---nv-
δοῦλον	dou=lon	δοῦλος	dou=los	urn:cite2:hmt:lsj.chicago_md:n28189	a-s---nv-
δοῦλον	dou=lon	δοῦλος	dou=los	urn:cite2:hmt:lsj.chicago_md:n28188	a-s---na-
δοῦλον	dou=lon	δοῦλος	dou=los	urn:cite2:hmt:lsj.chicago_md:n28189	a-s---na-
δοῦλον	dou=lon	δοῦλος	dou=los	urn:cite2:hmt:lsj.chicago_md:n28188	n-s---ma-
δοῦλον	dou=lon	δοῦλος	dou=los	urn:cite2:hmt:lsj.chicago_md:n28189	n-s---ma-
δοῦλος	dou=los	δοῦλος	dou=los	urn:cite2:hmt:lsj.chicago_md:n28188	a-s---mn-
δοῦλος	dou=los	δοῦλος	dou=los	urn:cite2:hmt:lsj.chicago_md:n28189	a-s---mn-
δοῦλος	dou=los	δοῦλος	dou=los	urn:cite2:hmt:lsj.chicago_md:n28188	n-s---mn-
δοῦλος	dou=los	δοῦλος	dou=los	urn:cite2:hmt:lsj.chicago_md:n28189	n-s---mn-
δοῦναι	dou=nai	δίδωμι	di/dwmi	urn:cite2:hmt:lsj.chicago_md:n26447	v--ana---
δοῦπον	dou=pon	δοῦπος	dou=pos	urn:cite2:hmt:lsj.chicago_md:n28201	n-s---ma-
δρακόντων	drako/ntwn	δέρκομαι	de/rkomai	urn:cite2:hmt:lsj.chicago_md:n24129	v-papamg-
δρακόντων	drako/ntwn	δέρκομαι	de/rkomai	urn:cite2:hmt:lsj.chicago_md:n24129	v-papang-
δρακόντων	drako/ntwn	δέρκομαι	de/rkomai	urn:cite2:hmt:lsj.chicago_md:n24129	v3pama---
δρακόντων	drako/ntwn	δράκων	dra/kwn	urn:cite2:hmt:lsj.chicago_md:n28297	n-p---mg-
δραστήρια	drasth/ria	δραστήριος	drasth/rios	urn:cite2:hmt:lsj.chicago_md:n28345	n-p---nn-
δραστήρια	drasth/ria	δραστήριος	drasth/rios	urn:cite2:hmt:lsj.chicago_md:n28345	n-p---nv-
δραστήρια	drasth/ria	δραστήριος	drasth/rios	urn:cite2:hmt:lsj.chicago_md:n28345	n-p---na-
δραστήριον	drasth/rion	δραστήριος	drasth/rios	urn:cite2:hmt:lsj.chicago_md:n28345	n-s---ma-
δραστήριον	drasth/rion	δραστήριος	drasth/rios	urn:cite2:hmt:lsj.chicago_md:n28345	n-s---fa-
δραστήριον	drasth/rion	δραστήριος	drasth/rios	urn:cite2:hmt:lsj.chicago_md:n28345	n-s---nn-
δραστήριον	drasth/rion	δραστήριος	drasth/rios	urn:cite2:hmt:lsj.chicago_md:n28345	n-s---nv-
δραστήριον	drasth/rion	δραστήριος	drasth/rios	urn:cite2:hmt:lsj.chicago_md:n28345	n-s---na-
δράκοντε	dra/konte	δράκων	dra/kwn	urn:cite2:hmt:lsj.chicago_md:n28297	n-d---mn-
δράκοντε	dra/konte	δράκων	dra/kwn	urn:cite2:hmt:lsj.chicago_md:n28297	n-d---mv-
δράκοντε	dra/konte	δράκων	dra/kwn	urn:cite2:hmt:lsj.chicago_md:n28297	n-d---ma-
δράκοντες	dra/kontes	δράκων	dra/kwn	urn:cite2:hmt:lsj.chicago_md:n28297	n-p---mn-
δράκοντες	dra/kontes	δράκων	dra/kwn	urn:cite2:hmt:lsj.chicago_md:n28297	n-p---mv-
δράκοντ’	dra/kont'	δέρκομαι	de/rkomai	urn:cite2:hmt:lsj.chicago_md:n24129	v3paim---
δράκοντ’	dra/kont'	δράκων	dra/kwn	urn:cite2:hmt:lsj.chicago_md:n28297	n-s---ma-
δράκοντ’	dra/kont'	δράκων	dra/kwn	urn:cite2:hmt:lsj.chicago_md:n28297	n-s---md-
δράκοντ’	dra/kont'	δράκων	dra/kwn	urn:cite2:hmt:lsj.chicago_md:n28297	n-d---mn-
δράκοντ’	dra/kont'	δράκων	dra/kwn	urn:cite2:hmt:lsj.chicago_md:n28297	n-d---mv-
δράκοντ’	dra/kont'	δράκων	dra/kwn	urn:cite2:hmt:lsj.chicago_md:n28297	n-d---ma-
δράσας	dra/sas	δράω	dra/w	urn:cite2:hmt:lsj.chicago_md:n28360	v-pppafa-
δράσας	dra/sas	δράω	dra/w	urn:cite2:hmt:lsj.chicago_md:n28361	v-pppafa-
δράσας	dra/sas	δράω	dra/w	urn:cite2:hmt:lsj.chicago_md:n28360	v-sppafg-
δράσας	dra/sas	δράω	dra/w	urn:cite2:hmt:lsj.chicago_md:n28361	v-sppafg-
δράσας	dra/sas	δράω	dra/w	urn:cite2:hmt:lsj.chicago_md:n28360	v-sapamn-
δράσας	dra/sas	δράω	dra/w	urn:cite2:hmt:lsj.chicago_md:n28361	v-sapamn-
δράσας	dra/sas	δράω	dra/w	urn:cite2:hmt:lsj.chicago_md:n28360	v-sapamv-
δράσας	dra/sas	δράω	dra/w	urn:cite2:hmt:lsj.chicago_md:n28361	v-sapamv-
δράσασ’	dra/sas'	δράω	dra/w	urn:cite2:hmt:lsj.chicago_md:n28360	v-sapafn-
δράσασ’	dra/sas'	δράω	dra/w	urn:cite2:hmt:lsj.chicago_md:n28361	v-sapafn-
δράσασ’	dra/sas'	δράω	dra/w	urn:cite2:hmt:lsj.chicago_md:n28360	v-sapafv-
δράσασ’	dra/sas'	δράω	dra/w	urn:cite2:hmt:lsj.chicago_md:n28361	v-sapafv-
δράσασ’	dra/sas'	δράω	dra/w	urn:cite2:hmt:lsj.chicago_md:n28360	v-papamd-
δράσασ’	dra/sas'	δράω	dra/w	urn:cite2:hmt:lsj.chicago_md:n28361	v-papamd-
δράσασ’	dra/sas'	δράω	dra/w	urn:cite2:hmt:lsj.chicago_md:n28360	v-papand-
δράσασ’	dra/sas'	δράω	dra/w	urn:cite2:hmt:lsj.chicago_md:n28361	v-papand-
δράσασ’	dra/sas'	δράω	dra/w	urn:cite2:hmt:lsj.chicago_md:n28360	v-papafn-
δράσασ’	dra/sas'	δράω	dra/w	urn:cite2:hmt:lsj.chicago_md:n28361	v-papafn-
δράσασ’	dra/sas'	δράω	dra/w	urn:cite2:hmt:lsj.chicago_md:n28360	v-papafv-
δράσασ’	dra/sas'	δράω	dra/w	urn:cite2:hmt:lsj.chicago_md:n28361	v-papafv-
δράσειεν	dra/seien	δράω	dra/w	urn:cite2:hmt:lsj.chicago_md:n28360	v3saoa---
δράσειεν	dra/seien	δράω	dra/w	urn:cite2:hmt:lsj.chicago_md:n28361	v3saoa---
δράσειεν	dra/seien	δρασείω	drasei/w	urn:cite2:hmt:lsj.chicago_md:n28332	v3siia---
δράσομεν	dra/somen	δράω	dra/w	urn:cite2:hmt:lsj.chicago_md:n28360	v1pasa---
δράσομεν	dra/somen	δράω	dra/w	urn:cite2:hmt:lsj.chicago_md:n28361	v1pasa---
δράσομεν	dra/somen	δράω	dra/w	urn:cite2:hmt:lsj.chicago_md:n28360	v1pfia---
δράσομεν	dra/somen	δράω	dra/w	urn:cite2:hmt:lsj.chicago_md:n28361	v1pfia---
δρόμῳ	dro/mw|	δρόμος	dro/mos	urn:cite2:hmt:lsj.chicago_md:n28433	n-s---md-
δρόσοι	dro/soi	δρόσος	dro/sos	urn:cite2:hmt:lsj.chicago_md:n28458	n-p---fn-
δρόσοι	dro/soi	δρόσος	dro/sos	urn:cite2:hmt:lsj.chicago_md:n28458	n-p---fv-
δρόσοις	dro/sois	δρόσος	dro/sos	urn:cite2:hmt:lsj.chicago_md:n28458	n-p---fd-
δρόσον	dro/son	δρόσος	dro/sos	urn:cite2:hmt:lsj.chicago_md:n28458	n-s---fa-
δρόσου	dro/sou	δρόσος	dro/sos	urn:cite2:hmt:lsj.chicago_md:n28458	n-s---fg-
δρᾶν	dra=n	δράω	dra/w	urn:cite2:hmt:lsj.chicago_md:n28360	v-sppamv-
δρᾶν	dra=n	δράω	dra/w	urn:cite2:hmt:lsj.chicago_md:n28361	v-sppamv-
δρᾶν	dra=n	δράω	dra/w	urn:cite2:hmt:lsj.chicago_md:n28360	v-sppann-
δρᾶν	dra=n	δράω	dra/w	urn:cite2:hmt:lsj.chicago_md:n28361	v-sppann-
δρᾶν	dra=n	δράω	dra/w	urn:cite2:hmt:lsj.chicago_md:n28360	v-sppanv-
δρᾶν	dra=n	δράω	dra/w	urn:cite2:hmt:lsj.chicago_md:n28361	v-sppanv-
δρᾶν	dra=n	δράω	dra/w	urn:cite2:hmt:lsj.chicago_md:n28360	v-sppana-
δρᾶν	dra=n	δράω	dra/w	urn:cite2:hmt:lsj.chicago_md:n28361	v-sppana-
δρᾶν	dra=n	δράω	dra/w	urn:cite2:hmt:lsj.chicago_md:n28360	v-sppamn-
δρᾶν	dra=n	δράω	dra/w	urn:cite2:hmt:lsj.chicago_md:n28361	v-sppamn-
δρᾶν	dra=n	δράω	dra/w	urn:cite2:hmt:lsj.chicago_md:n28360	v--pna---
δρᾶν	dra=n	δράω	dra/w	urn:cite2:hmt:lsj.chicago_md:n28361	v--pna---
δρᾶν	dra=n	δράω	dra/w	urn:cite2:hmt:lsj.chicago_md:n28360	v--pna---
δρᾶν	dra=n	δράω	dra/w	urn:cite2:hmt:lsj.chicago_md:n28361	v--pna---
δρᾶν	dra=n	δράω	dra/w	urn:cite2:hmt:lsj.chicago_md:n28360	v3piia---
δρᾶν	dra=n	δράω	dra/w	urn:cite2:hmt:lsj.chicago_md:n28361	v3piia---
δρᾶν	dra=n	δράω	dra/w	urn:cite2:hmt:lsj.chicago_md:n28360	v1siia---
δρᾶν	dra=n	δράω	dra/w	urn:cite2:hmt:lsj.chicago_md:n28361	v1siia---
δρᾶσαι	dra=sai	δράω	dra/w	urn:cite2:hmt:lsj.chicago_md:n28360	v2spie---
δρᾶσαι	dra=sai	δράω	dra/w	urn:cite2:hmt:lsj.chicago_md:n28361	v2spie---
δρᾶσαι	dra=sai	δράω	dra/w	urn:cite2:hmt:lsj.chicago_md:n28360	v-pppafn-
δρᾶσαι	dra=sai	δράω	dra/w	urn:cite2:hmt:lsj.chicago_md:n28361	v-pppafn-
δρᾶσαι	dra=sai	δράω	dra/w	urn:cite2:hmt:lsj.chicago_md:n28360	v-pppafv-
δρᾶσαι	dra=sai	δράω	dra/w	urn:cite2:hmt:lsj.chicago_md:n28361	v-pppafv-
δρᾶσαι	dra=sai	δράω	dra/w	urn:cite2:hmt:lsj.chicago_md:n28360	v2samm---
δρᾶσαι	dra=sai	δράω	dra/w	urn:cite2:hmt:lsj.chicago_md:n28361	v2samm---
δρᾶσαι	dra=sai	δράω	dra/w	urn:cite2:hmt:lsj.chicago_md:n28360	v--ana---
δρᾶσαι	dra=sai	δράω	dra/w	urn:cite2:hmt:lsj.chicago_md:n28361	v--ana---
δρᾶσαί	dra=sai/	δράω	dra/w	urn:cite2:hmt:lsj.chicago_md:n28360	v2spie---
δρᾶσαί	dra=sai/	δράω	dra/w	urn:cite2:hmt:lsj.chicago_md:n28361	v2spie---
δρᾶσαί	dra=sai/	δράω	dra/w	urn:cite2:hmt:lsj.chicago_md:n28360	v-pppafn-
δρᾶσαί	dra=sai/	δράω	dra/w	urn:cite2:hmt:lsj.chicago_md:n28361	v-pppafn-
δρᾶσαί	dra=sai/	δράω	dra/w	urn:cite2:hmt:lsj.chicago_md:n28360	v-pppafv-
δρᾶσαί	dra=sai/	δράω	dra/w	urn:cite2:hmt:lsj.chicago_md:n28361	v-pppafv-
δρᾶσαί	dra=sai/	δράω	dra/w	urn:cite2:hmt:lsj.chicago_md:n28360	v2samm---
δρᾶσαί	dra=sai/	δράω	dra/w	urn:cite2:hmt:lsj.chicago_md:n28361	v2samm---
δρᾶσαί	dra=sai/	δράω	dra/w	urn:cite2:hmt:lsj.chicago_md:n28360	v--ana---
δρᾶσαί	dra=sai/	δράω	dra/w	urn:cite2:hmt:lsj.chicago_md:n28361	v--ana---
δρᾶσον	dra=son	δράω	dra/w	urn:cite2:hmt:lsj.chicago_md:n28360	v2sama---
δρᾶσον	dra=son	δράω	dra/w	urn:cite2:hmt:lsj.chicago_md:n28361	v2sama---
δρᾶσον	dra=son	δράω	dra/w	urn:cite2:hmt:lsj.chicago_md:n28360	v-sfpamv-
δρᾶσον	dra=son	δράω	dra/w	urn:cite2:hmt:lsj.chicago_md:n28361	v-sfpamv-
δρᾶσον	dra=son	δράω	dra/w	urn:cite2:hmt:lsj.chicago_md:n28360	v-sfpann-
δρᾶσον	dra=son	δράω	dra/w	urn:cite2:hmt:lsj.chicago_md:n28361	v-sfpann-
δρᾶσον	dra=son	δράω	dra/w	urn:cite2:hmt:lsj.chicago_md:n28360	v-sfpanv-
δρᾶσον	dra=son	δράω	dra/w	urn:cite2:hmt:lsj.chicago_md:n28361	v-sfpanv-
δρᾶσον	dra=son	δράω	dra/w	urn:cite2:hmt:lsj.chicago_md:n28360	v-sfpana-
δρᾶσον	dra=son	δράω	dra/w	urn:cite2:hmt:lsj.chicago_md:n28361	v-sfpana-
δρᾷ	dra=|	δράω	dra/w	urn:cite2:hmt:lsj.chicago_md:n28360	v2spse---
δρᾷ	dra=|	δράω	dra/w	urn:cite2:hmt:lsj.chicago_md:n28361	v2spse---
δρᾷ	dra=|	δράω	dra/w	urn:cite2:hmt:lsj.chicago_md:n28360	v2spie---
δρᾷ	dra=|	δράω	dra/w	urn:cite2:hmt:lsj.chicago_md:n28361	v2spie---
δρᾷ	dra=|	δράω	dra/w	urn:cite2:hmt:lsj.chicago_md:n28360	v3spsa---
δρᾷ	dra=|	δράω	dra/w	urn:cite2:hmt:lsj.chicago_md:n28361	v3spsa---
δρᾷ	dra=|	δράω	dra/w	urn:cite2:hmt:lsj.chicago_md:n28360	v3spia---
δρᾷ	dra=|	δράω	dra/w	urn:cite2:hmt:lsj.chicago_md:n28361	v3spia---
δρῶμεν	drw=men	δράω	dra/w	urn:cite2:hmt:lsj.chicago_md:n28360	v1ppsa---
δρῶμεν	drw=men	δράω	dra/w	urn:cite2:hmt:lsj.chicago_md:n28361	v1ppsa---
δρῶμεν	drw=men	δράω	dra/w	urn:cite2:hmt:lsj.chicago_md:n28360	v1ppia---
δρῶμεν	drw=men	δράω	dra/w	urn:cite2:hmt:lsj.chicago_md:n28361	v1ppia---
δρῶμεν	drw=men	δράω	dra/w	urn:cite2:hmt:lsj.chicago_md:n28360	v1piia---
δρῶμεν	drw=men	δράω	dra/w	urn:cite2:hmt:lsj.chicago_md:n28361	v1piia---
δυνατά	dunata/	δυνατός	dunato/s	urn:cite2:hmt:lsj.chicago_md:n28588	a-p---nn-
δυνατά	dunata/	δυνατός	dunato/s	urn:cite2:hmt:lsj.chicago_md:n28588	a-p---nv-
δυνατά	dunata/	δυνατός	dunato/s	urn:cite2:hmt:lsj.chicago_md:n28588	a-p---na-
δυνατά	dunata/	δυνατός	dunato/s	urn:cite2:hmt:lsj.chicago_md:n28588	a-d---fn-
δυνατά	dunata/	δυνατός	dunato/s	urn:cite2:hmt:lsj.chicago_md:n28588	a-d---fv-
δυνατά	dunata/	δυνατός	dunato/s	urn:cite2:hmt:lsj.chicago_md:n28588	a-d---fa-
δυνατά	dunata/	δυνατός	dunato/s	urn:cite2:hmt:lsj.chicago_md:n28588	a-s---fn-
δυνατά	dunata/	δυνατός	dunato/s	urn:cite2:hmt:lsj.chicago_md:n28588	a-s---fv-
δυνατά	dunata/	δυνατός	dunato/s	urn:cite2:hmt:lsj.chicago_md:n28588	n-p---nn-
δυνατά	dunata/	δυνατός	dunato/s	urn:cite2:hmt:lsj.chicago_md:n28588	n-p---nv-
δυνατά	dunata/	δυνατός	dunato/s	urn:cite2:hmt:lsj.chicago_md:n28588	n-p---na-
δυνατόν	dunato/n	δυνατός	dunato/s	urn:cite2:hmt:lsj.chicago_md:n28588	a-s---ma-
δυνατόν	dunato/n	δυνατός	dunato/s	urn:cite2:hmt:lsj.chicago_md:n28588	a-s---nn-
δυνατόν	dunato/n	δυνατός	dunato/s	urn:cite2:hmt:lsj.chicago_md:n28588	a-s---nv-
δυνατόν	dunato/n	δυνατός	dunato/s	urn:cite2:hmt:lsj.chicago_md:n28588	a-s---na-
δυνατόν	dunato/n	δυνατός	dunato/s	urn:cite2:hmt:lsj.chicago_md:n28588	n-s---ma-
δυνατόν	dunato/n	δυνατός	dunato/s	urn:cite2:hmt:lsj.chicago_md:n28588	n-s---fa-
δυνατόν	dunato/n	δυνατός	dunato/s	urn:cite2:hmt:lsj.chicago_md:n28588	n-s---nn-
δυνατόν	dunato/n	δυνατός	dunato/s	urn:cite2:hmt:lsj.chicago_md:n28588	n-s---nv-
δυνατόν	dunato/n	δυνατός	dunato/s	urn:cite2:hmt:lsj.chicago_md:n28588	n-s---na-
δυναίμεθα	dunai/meqa	δύναμαι	du/namai	urn:cite2:hmt:lsj.chicago_md:n28566	v1ppoe---
δυνάμενοί	duna/menoi/	δύναμαι	du/namai	urn:cite2:hmt:lsj.chicago_md:n28566	v-pppemn-
δυνάμενοί	duna/menoi/	δύναμαι	du/namai	urn:cite2:hmt:lsj.chicago_md:n28566	v-pppemv-
δυοῖν	duoi=n	δύο	du/o	urn:cite2:hmt:lsj.chicago_md:n28592	m-d---mg-
δυοῖν	duoi=n	δύο	du/o	urn:cite2:hmt:lsj.chicago_md:n28592	m-d---md-
δυοῖν	duoi=n	δύο	du/o	urn:cite2:hmt:lsj.chicago_md:n28592	m-d---fg-
δυοῖν	duoi=n	δύο	du/o	urn:cite2:hmt:lsj.chicago_md:n28592	m-d---fd-
δυοῖν	duoi=n	δύο	du/o	urn:cite2:hmt:lsj.chicago_md:n28592	m-d---ng-
δυοῖν	duoi=n	δύο	du/o	urn:cite2:hmt:lsj.chicago_md:n28592	m-d---nd-
δυσγενής	dusgenh/s	δυσγενής	dusgenh/s	urn:cite2:hmt:lsj.chicago_md:n28780	n-s---mn-
δυσγενής	dusgenh/s	δυσγενής	dusgenh/s	urn:cite2:hmt:lsj.chicago_md:n28780	n-s---fn-
δυσθανάτων	dusqana/twn	δυσθάνατος	dusqa/natos	urn:cite2:hmt:lsj.chicago_md:n29056	n-p---mg-
δυσθανάτων	dusqana/twn	δυσθάνατος	dusqa/natos	urn:cite2:hmt:lsj.chicago_md:n29056	n-p---fg-
δυσθανάτων	dusqana/twn	δυσθάνατος	dusqa/natos	urn:cite2:hmt:lsj.chicago_md:n29056	n-p---ng-
δυσθανάτων	dusqana/twn	δυσθανατάω	dusqanata/w	urn:cite2:hmt:lsj.chicago_md:n29054	v3piia---
δυσθανάτων	dusqana/twn	δυσθανατάω	dusqanata/w	urn:cite2:hmt:lsj.chicago_md:n29054	v1siia---
δυσθυμῇ	dusqumh=|	δυσθυμέω	dusqume/w	urn:cite2:hmt:lsj.chicago_md:n29084	v2spse---
δυσθυμῇ	dusqumh=|	δυσθυμέω	dusqume/w	urn:cite2:hmt:lsj.chicago_md:n29084	v2spie---
δυσθυμῇ	dusqumh=|	δυσθυμέω	dusqume/w	urn:cite2:hmt:lsj.chicago_md:n29084	v3spsa---
δυσκελάδοισιν	duskela/doisin	δυσκέλαδος	duske/lados	urn:cite2:hmt:lsj.chicago_md:n29141	n-p---md-
δυσκελάδοισιν	duskela/doisin	δυσκέλαδος	duske/lados	urn:cite2:hmt:lsj.chicago_md:n29141	n-p---fd-
δυσκελάδοισιν	duskela/doisin	δυσκέλαδος	duske/lados	urn:cite2:hmt:lsj.chicago_md:n29141	n-p---nd-
δυσκέλαδος	duske/lados	δυσκέλαδος	duske/lados	urn:cite2:hmt:lsj.chicago_md:n29141	n-s---mn-
δυσκέλαδος	duske/lados	δυσκέλαδος	duske/lados	urn:cite2:hmt:lsj.chicago_md:n29141	n-s---fn-
δυσμενεῖς	dusmenei=s	δυσμενής	dusmenh/s	urn:cite2:hmt:lsj.chicago_md:n29225	n-p---ma-
δυσμενεῖς	dusmenei=s	δυσμενής	dusmenh/s	urn:cite2:hmt:lsj.chicago_md:n29225	n-p---fa-
δυσμενεῖς	dusmenei=s	δυσμενής	dusmenh/s	urn:cite2:hmt:lsj.chicago_md:n29225	n-p---mn-
δυσμενεῖς	dusmenei=s	δυσμενής	dusmenh/s	urn:cite2:hmt:lsj.chicago_md:n29225	n-p---mv-
δυσμενεῖς	dusmenei=s	δυσμενής	dusmenh/s	urn:cite2:hmt:lsj.chicago_md:n29225	n-p---fn-
δυσμενεῖς	dusmenei=s	δυσμενής	dusmenh/s	urn:cite2:hmt:lsj.chicago_md:n29225	n-p---fv-
δυσμενής	dusmenh/s	δυσμενής	dusmenh/s	urn:cite2:hmt:lsj.chicago_md:n29225	n-s---mn-
δυσμενής	dusmenh/s	δυσμενής	dusmenh/s	urn:cite2:hmt:lsj.chicago_md:n29225	n-s---fn-
δυσμενῆ	dusmenh=	δυσμενής	dusmenh/s	urn:cite2:hmt:lsj.chicago_md:n29225	n-p---nn-
δυσμενῆ	dusmenh=	δυσμενής	dusmenh/s	urn:cite2:hmt:lsj.chicago_md:n29225	n-p---nv-
δυσμενῆ	dusmenh=	δυσμενής	dusmenh/s	urn:cite2:hmt:lsj.chicago_md:n29225	n-p---na-
δυσμενῆ	dusmenh=	δυσμενής	dusmenh/s	urn:cite2:hmt:lsj.chicago_md:n29225	n-d---mn-
δυσμενῆ	dusmenh=	δυσμενής	dusmenh/s	urn:cite2:hmt:lsj.chicago_md:n29225	n-d---mv-
δυσμενῆ	dusmenh=	δυσμενής	dusmenh/s	urn:cite2:hmt:lsj.chicago_md:n29225	n-d---ma-
δυσμενῆ	dusmenh=	δυσμενής	dusmenh/s	urn:cite2:hmt:lsj.chicago_md:n29225	n-d---fn-
δυσμενῆ	dusmenh=	δυσμενής	dusmenh/s	urn:cite2:hmt:lsj.chicago_md:n29225	n-d---fv-
δυσμενῆ	dusmenh=	δυσμενής	dusmenh/s	urn:cite2:hmt:lsj.chicago_md:n29225	n-d---fa-
δυσμενῆ	dusmenh=	δυσμενής	dusmenh/s	urn:cite2:hmt:lsj.chicago_md:n29225	n-d---nn-
δυσμενῆ	dusmenh=	δυσμενής	dusmenh/s	urn:cite2:hmt:lsj.chicago_md:n29225	n-d---nv-
δυσμενῆ	dusmenh=	δυσμενής	dusmenh/s	urn:cite2:hmt:lsj.chicago_md:n29225	n-d---na-
δυσμενῆ	dusmenh=	δυσμενής	dusmenh/s	urn:cite2:hmt:lsj.chicago_md:n29225	n-s---ma-
δυσμενῆ	dusmenh=	δυσμενής	dusmenh/s	urn:cite2:hmt:lsj.chicago_md:n29225	n-s---fa-
δυστυχεῖν	dustuxei=n	δυστυχέω	dustuxe/w	urn:cite2:hmt:lsj.chicago_md:n29559	v--pna---
δυστυχεῖς	dustuxei=s	δυστυχέω	dustuxe/w	urn:cite2:hmt:lsj.chicago_md:n29559	v2spia---
δυστυχεῖς	dustuxei=s	δυστυχής	dustuxh/s	urn:cite2:hmt:lsj.chicago_md:n29561	n-p---ma-
δυστυχεῖς	dustuxei=s	δυστυχής	dustuxh/s	urn:cite2:hmt:lsj.chicago_md:n29561	n-p---fa-
δυστυχεῖς	dustuxei=s	δυστυχής	dustuxh/s	urn:cite2:hmt:lsj.chicago_md:n29561	n-p---mn-
δυστυχεῖς	dustuxei=s	δυστυχής	dustuxh/s	urn:cite2:hmt:lsj.chicago_md:n29561	n-p---mv-
δυστυχεῖς	dustuxei=s	δυστυχής	dustuxh/s	urn:cite2:hmt:lsj.chicago_md:n29561	n-p---fn-
δυστυχεῖς	dustuxei=s	δυστυχής	dustuxh/s	urn:cite2:hmt:lsj.chicago_md:n29561	n-p---fv-
δυστυχοῦντας	dustuxou=ntas	δυστυχέω	dustuxe/w	urn:cite2:hmt:lsj.chicago_md:n29559	v-pppama-
δυστυχίαισιν	dustuxi/aisin	δυστυχία	dustuxi/a	urn:cite2:hmt:lsj.chicago_md:n29562	n-p---fd-
δυστυχῆ	dustuxh=	δυστυχής	dustuxh/s	urn:cite2:hmt:lsj.chicago_md:n29561	n-p---nn-
δυστυχῆ	dustuxh=	δυστυχής	dustuxh/s	urn:cite2:hmt:lsj.chicago_md:n29561	n-p---nv-
δυστυχῆ	dustuxh=	δυστυχής	dustuxh/s	urn:cite2:hmt:lsj.chicago_md:n29561	n-p---na-
δυστυχῆ	dustuxh=	δυστυχής	dustuxh/s	urn:cite2:hmt:lsj.chicago_md:n29561	n-d---mn-
δυστυχῆ	dustuxh=	δυστυχής	dustuxh/s	urn:cite2:hmt:lsj.chicago_md:n29561	n-d---mv-
δυστυχῆ	dustuxh=	δυστυχής	dustuxh/s	urn:cite2:hmt:lsj.chicago_md:n29561	n-d---ma-
δυστυχῆ	dustuxh=	δυστυχής	dustuxh/s	urn:cite2:hmt:lsj.chicago_md:n29561	n-d---fn-
δυστυχῆ	dustuxh=	δυστυχής	dustuxh/s	urn:cite2:hmt:lsj.chicago_md:n29561	n-d---fv-
δυστυχῆ	dustuxh=	δυστυχής	dustuxh/s	urn:cite2:hmt:lsj.chicago_md:n29561	n-d---fa-
δυστυχῆ	dustuxh=	δυστυχής	dustuxh/s	urn:cite2:hmt:lsj.chicago_md:n29561	n-d---nn-
δυστυχῆ	dustuxh=	δυστυχής	dustuxh/s	urn:cite2:hmt:lsj.chicago_md:n29561	n-d---nv-
δυστυχῆ	dustuxh=	δυστυχής	dustuxh/s	urn:cite2:hmt:lsj.chicago_md:n29561	n-d---na-
δυστυχῆ	dustuxh=	δυστυχής	dustuxh/s	urn:cite2:hmt:lsj.chicago_md:n29561	n-s---ma-
δυστυχῆ	dustuxh=	δυστυχής	dustuxh/s	urn:cite2:hmt:lsj.chicago_md:n29561	n-s---fa-
δυστυχῆσαι	dustuxh=sai	δυστυχέω	dustuxe/w	urn:cite2:hmt:lsj.chicago_md:n29559	v--ana---
δυσχερῆ	dusxerh=	δυσχερής	dusxerh/s	urn:cite2:hmt:lsj.chicago_md:n29630	n-p---nn-
δυσχερῆ	dusxerh=	δυσχερής	dusxerh/s	urn:cite2:hmt:lsj.chicago_md:n29630	n-p---nv-
δυσχερῆ	dusxerh=	δυσχερής	dusxerh/s	urn:cite2:hmt:lsj.chicago_md:n29630	n-p---na-
δυσχερῆ	dusxerh=	δυσχερής	dusxerh/s	urn:cite2:hmt:lsj.chicago_md:n29630	n-d---mn-
δυσχερῆ	dusxerh=	δυσχερής	dusxerh/s	urn:cite2:hmt:lsj.chicago_md:n29630	n-d---mv-
δυσχερῆ	dusxerh=	δυσχερής	dusxerh/s	urn:cite2:hmt:lsj.chicago_md:n29630	n-d---ma-
δυσχερῆ	dusxerh=	δυσχερής	dusxerh/s	urn:cite2:hmt:lsj.chicago_md:n29630	n-d---fn-
δυσχερῆ	dusxerh=	δυσχερής	dusxerh/s	urn:cite2:hmt:lsj.chicago_md:n29630	n-d---fv-
δυσχερῆ	dusxerh=	δυσχερής	dusxerh/s	urn:cite2:hmt:lsj.chicago_md:n29630	n-d---fa-
δυσχερῆ	dusxerh=	δυσχερής	dusxerh/s	urn:cite2:hmt:lsj.chicago_md:n29630	n-d---nn-
δυσχερῆ	dusxerh=	δυσχερής	dusxerh/s	urn:cite2:hmt:lsj.chicago_md:n29630	n-d---nv-
δυσχερῆ	dusxerh=	δυσχερής	dusxerh/s	urn:cite2:hmt:lsj.chicago_md:n29630	n-d---na-
δυσχερῆ	dusxerh=	δυσχερής	dusxerh/s	urn:cite2:hmt:lsj.chicago_md:n29630	n-s---ma-
δυσχερῆ	dusxerh=	δυσχερής	dusxerh/s	urn:cite2:hmt:lsj.chicago_md:n29630	n-s---fa-
δωμάτων	dwma/twn	δῶμα	dw=ma	urn:cite2:hmt:lsj.chicago_md:n29773	n-p---ng-
δωμάτων	dwma/twn	δωμάω	dwma/w	urn:cite2:hmt:lsj.chicago_md:n29778	v3ppma---
δωμάτων	dwma/twn	δωμάω	dwma/w	urn:cite2:hmt:lsj.chicago_md:n29778	v3dpma---
δωρεῖται	dwrei=tai	δωρέω	dwre/w	urn:cite2:hmt:lsj.chicago_md:n29791	v3spie---
δάκρυ	da/kru	δάκρυον	da/kruon	urn:cite2:hmt:lsj.chicago_md:n23292	n-s---nn-
δάκρυ	da/kru	δάκρυον	da/kruon	urn:cite2:hmt:lsj.chicago_md:n23292	n-s---nv-
δάκρυ	da/kru	δάκρυον	da/kruon	urn:cite2:hmt:lsj.chicago_md:n23292	n-s---na-
δάκρυα	da/krua	δάκρυον	da/kruon	urn:cite2:hmt:lsj.chicago_md:n23292	n-p---nn-
δάκρυα	da/krua	δάκρυον	da/kruon	urn:cite2:hmt:lsj.chicago_md:n23292	n-p---nv-
δάκρυα	da/krua	δάκρυον	da/kruon	urn:cite2:hmt:lsj.chicago_md:n23292	n-p---na-
δάκρυα	da/krua	δάκρυον	da/kruon	urn:cite2:hmt:lsj.chicago_md:n23292	n-p---nn-
δάκρυα	da/krua	δάκρυον	da/kruon	urn:cite2:hmt:lsj.chicago_md:n23292	n-p---nv-
δάκρυα	da/krua	δάκρυον	da/kruon	urn:cite2:hmt:lsj.chicago_md:n23292	n-p---na-
δάκρυά	da/krua/	δάκρυον	da/kruon	urn:cite2:hmt:lsj.chicago_md:n23292	n-p---nn-
δάκρυά	da/krua/	δάκρυον	da/kruon	urn:cite2:hmt:lsj.chicago_md:n23292	n-p---nv-
δάκρυά	da/krua/	δάκρυον	da/kruon	urn:cite2:hmt:lsj.chicago_md:n23292	n-p---na-
δάκρυά	da/krua/	δάκρυον	da/kruon	urn:cite2:hmt:lsj.chicago_md:n23292	n-p---nn-
δάκρυά	da/krua/	δάκρυον	da/kruon	urn:cite2:hmt:lsj.chicago_md:n23292	n-p---nv-
δάκρυά	da/krua/	δάκρυον	da/kruon	urn:cite2:hmt:lsj.chicago_md:n23292	n-p---na-
δάμαρτα	da/marta	δάμαρ	da/mar	urn:cite2:hmt:lsj.chicago_md:n23363	n-s---fa-
δάμαρτες	da/martes	δάμαρ	da/mar	urn:cite2:hmt:lsj.chicago_md:n23363	n-p---fn-
δάμαρτες	da/martes	δάμαρ	da/mar	urn:cite2:hmt:lsj.chicago_md:n23363	n-p---fv-
δάμαρτ’	da/mart'	δάμαρ	da/mar	urn:cite2:hmt:lsj.chicago_md:n23363	n-s---fa-
δάμαρτ’	da/mart'	δάμαρ	da/mar	urn:cite2:hmt:lsj.chicago_md:n23363	n-s---fd-
δάμαρτ’	da/mart'	δάμαρ	da/mar	urn:cite2:hmt:lsj.chicago_md:n23363	n-d---fn-
δάμαρτ’	da/mart'	δάμαρ	da/mar	urn:cite2:hmt:lsj.chicago_md:n23363	n-d---fv-
δάμαρτ’	da/mart'	δάμαρ	da/mar	urn:cite2:hmt:lsj.chicago_md:n23363	n-d---fa-
δάπεδον	da/pedon	δάπεδον	da/pedon	urn:cite2:hmt:lsj.chicago_md:n23455	n-s---nn-
δάπεδον	da/pedon	δάπεδον	da/pedon	urn:cite2:hmt:lsj.chicago_md:n23455	n-s---nv-
δάπεδον	da/pedon	δάπεδον	da/pedon	urn:cite2:hmt:lsj.chicago_md:n23455	n-s---na-
δάπεδ’	da/ped'	δάπεδον	da/pedon	urn:cite2:hmt:lsj.chicago_md:n23455	n-p---nn-
δάπεδ’	da/ped'	δάπεδον	da/pedon	urn:cite2:hmt:lsj.chicago_md:n23455	n-p---nv-
δάπεδ’	da/ped'	δάπεδον	da/pedon	urn:cite2:hmt:lsj.chicago_md:n23455	n-p---na-
δάφνας	da/fnas	δάφνη	da/fnh	urn:cite2:hmt:lsj.chicago_md:n23560	n-p---fa-
δάφνας	da/fnas	δάφνη	da/fnh	urn:cite2:hmt:lsj.chicago_md:n23560	n-s---fg-
δάφνης	da/fnhs	δάφνη	da/fnh	urn:cite2:hmt:lsj.chicago_md:n23560	n-s---fg-
δάϊον	da/i+on	δάιος	da/ios	urn:cite2:hmt:lsj.chicago_md:n23245	a-s---ma-
δάϊον	da/i+on	δάιος	da/ios	urn:cite2:hmt:lsj.chicago_md:n23245	a-s---ma-
δάϊον	da/i+on	δάιος	da/ios	urn:cite2:hmt:lsj.chicago_md:n23245	a-s---nn-
δάϊον	da/i+on	δάιος	da/ios	urn:cite2:hmt:lsj.chicago_md:n23245	a-s---nn-
δάϊον	da/i+on	δάιος	da/ios	urn:cite2:hmt:lsj.chicago_md:n23245	a-s---nv-
δάϊον	da/i+on	δάιος	da/ios	urn:cite2:hmt:lsj.chicago_md:n23245	a-s---nv-
δάϊον	da/i+on	δάιος	da/ios	urn:cite2:hmt:lsj.chicago_md:n23245	a-s---na-
δάϊον	da/i+on	δάιος	da/ios	urn:cite2:hmt:lsj.chicago_md:n23245	a-s---na-
δέ	de/	δέ	de/	urn:cite2:hmt:lsj.chicago_md:n23596	g--------
δέδοικα	de/doika	δείδω	dei/dw	urn:cite2:hmt:lsj.chicago_md:n23646	v1sria---
δέμας	de/mas	δέμας	de/mas	urn:cite2:hmt:lsj.chicago_md:n24007	n-s---ng-
δέμας	de/mas	δέμας	de/mas	urn:cite2:hmt:lsj.chicago_md:n24007	n-s---nn-
δέμας	de/mas	δέμας	de/mas	urn:cite2:hmt:lsj.chicago_md:n24007	n-s---nv-
δέμας	de/mas	δέμας	de/mas	urn:cite2:hmt:lsj.chicago_md:n24007	n-s---na-
δέξομαι	de/comai	δέχομαι	de/xomai	urn:cite2:hmt:lsj.chicago_md:n24289	v1sasm---
δέξομαι	de/comai	δέχομαι	de/xomai	urn:cite2:hmt:lsj.chicago_md:n24289	v1sfim---
δέξομαι	de/comai	δείκνυμι	dei/knumi	urn:cite2:hmt:lsj.chicago_md:n23658	v1sasm---
δέξομαι	de/comai	δείκνυμι	dei/knumi	urn:cite2:hmt:lsj.chicago_md:n23658	v1sfim---
δέραια	de/raia	δέραιον	de/raion	urn:cite2:hmt:lsj.chicago_md:n24115	n-p---nn-
δέραια	de/raia	δέραιον	de/raion	urn:cite2:hmt:lsj.chicago_md:n24115	n-p---nv-
δέραια	de/raia	δέραιον	de/raion	urn:cite2:hmt:lsj.chicago_md:n24115	n-p---na-
δέρκεται	de/rketai	δέρκομαι	de/rkomai	urn:cite2:hmt:lsj.chicago_md:n24129	v3spim---
δέρος	de/ros	δέρος	de/ros	urn:cite2:hmt:lsj.chicago_md:n24156	n-s---nn-
δέρος	de/ros	δέρος	de/ros	urn:cite2:hmt:lsj.chicago_md:n24156	n-s---na-
δέσποινα	de/spoina	δέσποινα	de/spoina	urn:cite2:hmt:lsj.chicago_md:n24193	n-s---fn-
δέσποινα	de/spoina	δέσποινα	de/spoina	urn:cite2:hmt:lsj.chicago_md:n24193	n-s---fv-
δέσποιναν	de/spoinan	δέσποινα	de/spoina	urn:cite2:hmt:lsj.chicago_md:n24193	n-s---fa-
δέσποιν’	de/spoin'	δέσποινα	de/spoina	urn:cite2:hmt:lsj.chicago_md:n24193	n-s---fn-
δέσποιν’	de/spoin'	δέσποινα	de/spoina	urn:cite2:hmt:lsj.chicago_md:n24193	n-s---fv-
δέσποιν’	de/spoin'	δέσποινα	de/spoina	urn:cite2:hmt:lsj.chicago_md:n24193	n-p---fn-
δέσποιν’	de/spoin'	δέσποινα	de/spoina	urn:cite2:hmt:lsj.chicago_md:n24193	n-p---fv-
δέχονται	de/xontai	δέχομαι	de/xomai	urn:cite2:hmt:lsj.chicago_md:n24289	v3ppie---
δέχου	de/xou	δέχομαι	de/xomai	urn:cite2:hmt:lsj.chicago_md:n24289	v2spme---
δέχου	de/xou	δέχομαι	de/xomai	urn:cite2:hmt:lsj.chicago_md:n24289	v2siie---
δή	dh/	δή	dh/	urn:cite2:hmt:lsj.chicago_md:n24295	g--------
δίδωμ’	di/dwm'	δίδωμι	di/dwmi	urn:cite2:hmt:lsj.chicago_md:n26447	v1spia---
δίδωσι	di/dwsi	δίδωμι	di/dwmi	urn:cite2:hmt:lsj.chicago_md:n26447	v3spia---
δίδωσιν	di/dwsin	δίδωμι	di/dwmi	urn:cite2:hmt:lsj.chicago_md:n26447	v3spia---
δίδωσί	di/dwsi/	δίδωμι	di/dwmi	urn:cite2:hmt:lsj.chicago_md:n26447	v3spia---
δίδωσ’	di/dws'	δίδωμι	di/dwmi	urn:cite2:hmt:lsj.chicago_md:n26447	v3spia---
δίκαια	di/kaia	δίκαιος	di/kaios	urn:cite2:hmt:lsj.chicago_md:n26886	a-p---nn-
δίκαια	di/kaia	δίκαιος	di/kaios	urn:cite2:hmt:lsj.chicago_md:n26886	a-p---nv-
δίκαια	di/kaia	δίκαιος	di/kaios	urn:cite2:hmt:lsj.chicago_md:n26886	a-p---na-
δίκαια	di/kaia	δίκαιος	di/kaios	urn:cite2:hmt:lsj.chicago_md:n26886	n-p---nn-
δίκαια	di/kaia	δίκαιος	di/kaios	urn:cite2:hmt:lsj.chicago_md:n26886	n-p---nv-
δίκαια	di/kaia	δίκαιος	di/kaios	urn:cite2:hmt:lsj.chicago_md:n26886	n-p---na-
δίκαιον	di/kaion	δίκαιος	di/kaios	urn:cite2:hmt:lsj.chicago_md:n26886	a-s---ma-
δίκαιον	di/kaion	δίκαιος	di/kaios	urn:cite2:hmt:lsj.chicago_md:n26886	a-s---nn-
δίκαιον	di/kaion	δίκαιος	di/kaios	urn:cite2:hmt:lsj.chicago_md:n26886	a-s---nv-
δίκαιον	di/kaion	δίκαιος	di/kaios	urn:cite2:hmt:lsj.chicago_md:n26886	a-s---na-
δίκαιον	di/kaion	δίκαιος	di/kaios	urn:cite2:hmt:lsj.chicago_md:n26886	n-s---ma-
δίκαιον	di/kaion	δίκαιος	di/kaios	urn:cite2:hmt:lsj.chicago_md:n26886	n-s---fa-
δίκαιον	di/kaion	δίκαιος	di/kaios	urn:cite2:hmt:lsj.chicago_md:n26886	n-s---nn-
δίκαιον	di/kaion	δίκαιος	di/kaios	urn:cite2:hmt:lsj.chicago_md:n26886	n-s---nv-
δίκαιον	di/kaion	δίκαιος	di/kaios	urn:cite2:hmt:lsj.chicago_md:n26886	n-s---na-
δίκαιος	di/kaios	δίκαιος	di/kaios	urn:cite2:hmt:lsj.chicago_md:n26886	a-s---mn-
δίκαιος	di/kaios	δίκαιος	di/kaios	urn:cite2:hmt:lsj.chicago_md:n26886	n-s---mn-
δίκαιος	di/kaios	δίκαιος	di/kaios	urn:cite2:hmt:lsj.chicago_md:n26886	n-s---fn-
δίκας	di/kas	δίκη	di/kh	urn:cite2:hmt:lsj.chicago_md:n26943	n-p---fa-
δίκας	di/kas	δίκη	di/kh	urn:cite2:hmt:lsj.chicago_md:n26943	n-s---fg-
δίκην	di/khn	δίκη	di/kh	urn:cite2:hmt:lsj.chicago_md:n26943	n-s---fa-
δίκης	di/khs	δίκη	di/kh	urn:cite2:hmt:lsj.chicago_md:n26943	n-s---fg-
δίναις	di/nais	δίνη	di/nh	urn:cite2:hmt:lsj.chicago_md:n27092	n-p---fd-
δίνας	di/nas	δίνη	di/nh	urn:cite2:hmt:lsj.chicago_md:n27092	n-p---fa-
δίνας	di/nas	δίνη	di/nh	urn:cite2:hmt:lsj.chicago_md:n27092	n-s---fg-
δίπτυχον	di/ptuxon	δίπτυχος	di/ptuxos	urn:cite2:hmt:lsj.chicago_md:n27424	n-s---ma-
δίπτυχον	di/ptuxon	δίπτυχος	di/ptuxos	urn:cite2:hmt:lsj.chicago_md:n27424	n-s---fa-
δίπτυχον	di/ptuxon	δίπτυχος	di/ptuxos	urn:cite2:hmt:lsj.chicago_md:n27424	n-s---nn-
δίπτυχον	di/ptuxon	δίπτυχος	di/ptuxos	urn:cite2:hmt:lsj.chicago_md:n27424	n-s---nv-
δίπτυχον	di/ptuxon	δίπτυχος	di/ptuxos	urn:cite2:hmt:lsj.chicago_md:n27424	n-s---na-
δίχα	di/xa	δίχα	di/xa	urn:cite2:hmt:lsj.chicago_md:n27629	d--------
δίχα	di/xa	διχάω	dixa/w	urn:cite2:hmt:lsj.chicago_md:n27648	v2spma---
δίχα	di/xa	διχάω	dixa/w	urn:cite2:hmt:lsj.chicago_md:n27648	v3siia---
δίωκε	di/wke	διώκω	diw/kw	urn:cite2:hmt:lsj.chicago_md:n27764	v2spma---
δίωκε	di/wke	διώκω	diw/kw	urn:cite2:hmt:lsj.chicago_md:n27764	v3siia---
δόκησις	do/khsis	δόκησις	do/khsis	urn:cite2:hmt:lsj.chicago_md:n27852	n-s---fn-
δόλια	do/lia	δόλιος	do/lios	urn:cite2:hmt:lsj.chicago_md:n27898	a-p---nn-
δόλια	do/lia	δόλιος	do/lios	urn:cite2:hmt:lsj.chicago_md:n27898	a-p---nv-
δόλια	do/lia	δόλιος	do/lios	urn:cite2:hmt:lsj.chicago_md:n27898	a-p---na-
δόλια	do/lia	δόλιος	do/lios	urn:cite2:hmt:lsj.chicago_md:n27898	n-p---nn-
δόλια	do/lia	δόλιος	do/lios	urn:cite2:hmt:lsj.chicago_md:n27898	n-p---nv-
δόλια	do/lia	δόλιος	do/lios	urn:cite2:hmt:lsj.chicago_md:n27898	n-p---na-
δόλον	do/lon	δόλος	do/los	urn:cite2:hmt:lsj.chicago_md:n27945	n-s---ma-
δόλον	do/lon	δόλος	do/los	urn:cite2:hmt:lsj.chicago_md:n27946	n-s---ma-
δόλῳ	do/lw|	δόλος	do/los	urn:cite2:hmt:lsj.chicago_md:n27945	n-s---md-
δόλῳ	do/lw|	δόλος	do/los	urn:cite2:hmt:lsj.chicago_md:n27946	n-s---md-
δόμοις	do/mois	δόμος	do/mos	urn:cite2:hmt:lsj.chicago_md:n27980	n-p---md-
δόμοισι	do/moisi	δόμος	do/mos	urn:cite2:hmt:lsj.chicago_md:n27980	n-p---md-
δόμοισιν	do/moisin	δόμος	do/mos	urn:cite2:hmt:lsj.chicago_md:n27980	n-p---md-
δόμον	do/mon	δόμος	do/mos	urn:cite2:hmt:lsj.chicago_md:n27980	n-s---ma-
δόμος	do/mos	δόμος	do/mos	urn:cite2:hmt:lsj.chicago_md:n27980	n-s---mn-
δόμους	do/mous	δόμος	do/mos	urn:cite2:hmt:lsj.chicago_md:n27980	n-p---ma-
δόμους	do/mous	δομόω	domo/w	urn:cite2:hmt:lsj.chicago_md:n27983	v2siia---
δόμων	do/mwn	δόμος	do/mos	urn:cite2:hmt:lsj.chicago_md:n27980	n-p---mg-
δόμων	do/mwn	δομάω	doma/w	urn:cite2:hmt:lsj.chicago_md:n27971	v3piia---
δόμων	do/mwn	δομάω	doma/w	urn:cite2:hmt:lsj.chicago_md:n27971	v1siia---
δόντες	do/ntes	δίδωμι	di/dwmi	urn:cite2:hmt:lsj.chicago_md:n26447	v-papamn-
δόντες	do/ntes	δίδωμι	di/dwmi	urn:cite2:hmt:lsj.chicago_md:n26447	v-papamv-
δόντες	do/ntes	δίδωμι	di/dwmi	urn:cite2:hmt:lsj.chicago_md:n26447	v-papamn-
δόντες	do/ntes	δίδωμι	di/dwmi	urn:cite2:hmt:lsj.chicago_md:n26447	v-papamv-
δόξεις	do/ceis	δόξις	do/cis	urn:cite2:hmt:lsj.chicago_md:n28013	n-p---fn-
δόξεις	do/ceis	δόξις	do/cis	urn:cite2:hmt:lsj.chicago_md:n28013	n-p---fv-
δόξεις	do/ceis	δόξις	do/cis	urn:cite2:hmt:lsj.chicago_md:n28013	n-p---fn-
δόξεις	do/ceis	δόξις	do/cis	urn:cite2:hmt:lsj.chicago_md:n28013	n-p---fa-
δόξεις	do/ceis	δοκέω	doke/w	urn:cite2:hmt:lsj.chicago_md:n27847	v2sasa---
δόξεις	do/ceis	δοκέω	doke/w	urn:cite2:hmt:lsj.chicago_md:n27847	v2sfia---
δόξ’	do/c'	δόξα	do/ca	urn:cite2:hmt:lsj.chicago_md:n28002	n-p---fn-
δόξ’	do/c'	δόξα	do/ca	urn:cite2:hmt:lsj.chicago_md:n28002	n-p---fv-
δόξ’	do/c'	δόξα	do/ca	urn:cite2:hmt:lsj.chicago_md:n28002	n-s---fd-
δόξ’	do/c'	δόξις	do/cis	urn:cite2:hmt:lsj.chicago_md:n28013	n-s---fv-
δόξ’	do/c'	δοκέω	doke/w	urn:cite2:hmt:lsj.chicago_md:n27847	v2samm---
δόξ’	do/c'	δοκέω	doke/w	urn:cite2:hmt:lsj.chicago_md:n27847	v--ana---
δόξ’	do/c'	δοκέω	doke/w	urn:cite2:hmt:lsj.chicago_md:n27847	v1saia---
δόξ’	do/c'	δοκέω	doke/w	urn:cite2:hmt:lsj.chicago_md:n27847	v3saia---
δόρυ	do/ru	δόρυ	do/ru	urn:cite2:hmt:lsj.chicago_md:n28101	n-s---nn-
δόρυ	do/ru	δόρυ	do/ru	urn:cite2:hmt:lsj.chicago_md:n28101	n-s---nv-
δόρυ	do/ru	δόρυ	do/ru	urn:cite2:hmt:lsj.chicago_md:n28101	n-s---na-
δός	do/s	δίδωμι	di/dwmi	urn:cite2:hmt:lsj.chicago_md:n26447	v2sama---
δύνασιν	du/nasin	δύνασις	du/nasis	urn:cite2:hmt:lsj.chicago_md:n28576	n-s---fa-
δύνασιν	du/nasin	δύω2	du/w	urn:cite2:hmt:lsj.chicago_md:n29676	v-papamd-
δύνασιν	du/nasin	δύω2	du/w	urn:cite2:hmt:lsj.chicago_md:n29677	v-papamd-
δύνασιν	du/nasin	δύω2	du/w	urn:cite2:hmt:lsj.chicago_md:n29676	v-papand-
δύνασιν	du/nasin	δύω2	du/w	urn:cite2:hmt:lsj.chicago_md:n29677	v-papand-
δύο	du/o	δύο	du/o	urn:cite2:hmt:lsj.chicago_md:n28592	m--------
δύστανον	du/stanon	δύστηνος	du/sthnos	urn:cite2:hmt:lsj.chicago_md:n29524	n-s---ma-
δύστανον	du/stanon	δύστηνος	du/sthnos	urn:cite2:hmt:lsj.chicago_md:n29524	n-s---fa-
δύστανον	du/stanon	δύστηνος	du/sthnos	urn:cite2:hmt:lsj.chicago_md:n29524	n-s---nn-
δύστανον	du/stanon	δύστηνος	du/sthnos	urn:cite2:hmt:lsj.chicago_md:n29524	n-s---nv-
δύστανον	du/stanon	δύστηνος	du/sthnos	urn:cite2:hmt:lsj.chicago_md:n29524	n-s---na-
δύστανός	du/stano/s	δύστηνος	du/sthnos	urn:cite2:hmt:lsj.chicago_md:n29524	n-s---mn-
δύστανός	du/stano/s	δύστηνος	du/sthnos	urn:cite2:hmt:lsj.chicago_md:n29524	n-s---fn-
δύστηνον	du/sthnon	δύστηνος	du/sthnos	urn:cite2:hmt:lsj.chicago_md:n29524	n-s---ma-
δύστηνον	du/sthnon	δύστηνος	du/sthnos	urn:cite2:hmt:lsj.chicago_md:n29524	n-s---fa-
δύστηνον	du/sthnon	δύστηνος	du/sthnos	urn:cite2:hmt:lsj.chicago_md:n29524	n-s---nn-
δύστηνον	du/sthnon	δύστηνος	du/sthnos	urn:cite2:hmt:lsj.chicago_md:n29524	n-s---nv-
δύστηνον	du/sthnon	δύστηνος	du/sthnos	urn:cite2:hmt:lsj.chicago_md:n29524	n-s---na-
δώμασιν	dw/masin	δῶμα	dw=ma	urn:cite2:hmt:lsj.chicago_md:n29773	n-p---nd-
δώρημ’	dw/rhm'	δώρημα	dw/rhma	urn:cite2:hmt:lsj.chicago_md:n29792	n-s---nn-
δώρημ’	dw/rhm'	δώρημα	dw/rhma	urn:cite2:hmt:lsj.chicago_md:n29792	n-s---nv-
δώρημ’	dw/rhm'	δώρημα	dw/rhma	urn:cite2:hmt:lsj.chicago_md:n29792	n-s---na-
δώσει	dw/sei	δίδωμι	di/dwmi	urn:cite2:hmt:lsj.chicago_md:n26447	v2sfim---
δώσει	dw/sei	δίδωμι	di/dwmi	urn:cite2:hmt:lsj.chicago_md:n26447	v3sfia---
δώσετ’	dw/set'	δίδωμι	di/dwmi	urn:cite2:hmt:lsj.chicago_md:n26447	v2pfia---
δώσετ’	dw/set'	δίδωμι	di/dwmi	urn:cite2:hmt:lsj.chicago_md:n26447	v3sfim---
δώσουσα	dw/sousa	δίδωμι	di/dwmi	urn:cite2:hmt:lsj.chicago_md:n26447	v-sfpafn-
δώσουσα	dw/sousa	δίδωμι	di/dwmi	urn:cite2:hmt:lsj.chicago_md:n26447	v-sfpafv-
δῆθεν	dh=qen	δέομαι	de/omai	urn:cite2:hmt:lsj.chicago_md:n24292	v3paie---
δῆθεν	dh=qen	δέομαι	de/omai	urn:cite2:hmt:lsj.chicago_md:n24293	v3paie---
δῆτα	dh=ta	δῆτα	dh=ta	urn:cite2:hmt:lsj.chicago_md:n24506	d--------
δῖναι	di=nai	δίνη	di/nh	urn:cite2:hmt:lsj.chicago_md:n27092	n-p---fn-
δῖναι	di=nai	δίνη	di/nh	urn:cite2:hmt:lsj.chicago_md:n27092	n-p---fv-
δῶμα	dw=ma	δῶμα	dw=ma	urn:cite2:hmt:lsj.chicago_md:n29773	n-s---nn-
δῶμα	dw=ma	δῶμα	dw=ma	urn:cite2:hmt:lsj.chicago_md:n29773	n-s---nv-
δῶμα	dw=ma	δῶμα	dw=ma	urn:cite2:hmt:lsj.chicago_md:n29773	n-s---na-
δῶμ’	dw=m'	δέομαι	de/omai	urn:cite2:hmt:lsj.chicago_md:n24292	v1spse---
δῶμ’	dw=m'	δέομαι	de/omai	urn:cite2:hmt:lsj.chicago_md:n24293	v1spse---
δῶμ’	dw=m'	δέω2	de/w	urn:cite2:hmt:lsj.chicago_md:n24292	v1spsm---
δῶμ’	dw=m'	δέω2	de/w	urn:cite2:hmt:lsj.chicago_md:n24293	v1spsm---
δῶμ’	dw=m'	δέω2	de/w	urn:cite2:hmt:lsj.chicago_md:n24294	v1spsm---
δῶμ’	dw=m'	δίδωμι	di/dwmi	urn:cite2:hmt:lsj.chicago_md:n26447	v1sasa---
δῶμ’	dw=m'	δίδωμι	di/dwmi	urn:cite2:hmt:lsj.chicago_md:n26447	v1sasa---
δῶμ’	dw=m'	δίδωμι	di/dwmi	urn:cite2:hmt:lsj.chicago_md:n26447	v1sasm---
δῶμ’	dw=m'	δῶμα	dw=ma	urn:cite2:hmt:lsj.chicago_md:n29773	n-s---nn-
δῶμ’	dw=m'	δῶμα	dw=ma	urn:cite2:hmt:lsj.chicago_md:n29773	n-s---nv-
δῶμ’	dw=m'	δῶμα	dw=ma	urn:cite2:hmt:lsj.chicago_md:n29773	n-s---na-
δῶρον	dw=ron	δῶρον	dw=ron	urn:cite2:hmt:lsj.chicago_md:n29828	n-s---nn-
δῶρον	dw=ron	δῶρον	dw=ron	urn:cite2:hmt:lsj.chicago_md:n29828	n-s---nv-
δῶρον	dw=ron	δῶρον	dw=ron	urn:cite2:hmt:lsj.chicago_md:n29828	n-s---na-
εἰ	ei)	εἰ	ei)	urn:cite2:hmt:lsj.chicago_md:n30817	c--------
εἰδέναι	ei)de/nai	οἶδα	oi)=da	urn:cite2:hmt:lsj.chicago_md:n72202	v--rna---
εἰδόθ’	ei)do/q'	οἶδα	oi)=da	urn:cite2:hmt:lsj.chicago_md:n72202	v-prpann-
εἰδόθ’	ei)do/q'	οἶδα	oi)=da	urn:cite2:hmt:lsj.chicago_md:n72202	v-prpanv-
εἰδόθ’	ei)do/q'	οἶδα	oi)=da	urn:cite2:hmt:lsj.chicago_md:n72202	v-prpana-
εἰδόθ’	ei)do/q'	οἶδα	oi)=da	urn:cite2:hmt:lsj.chicago_md:n72202	v-srpama-
εἰδόθ’	ei)do/q'	οἶδα	oi)=da	urn:cite2:hmt:lsj.chicago_md:n72202	v-srpamd-
εἰδόθ’	ei)do/q'	οἶδα	oi)=da	urn:cite2:hmt:lsj.chicago_md:n72202	v-srpand-
εἰδόθ’	ei)do/q'	οἶδα	oi)=da	urn:cite2:hmt:lsj.chicago_md:n72202	v-drpamn-
εἰδόθ’	ei)do/q'	οἶδα	oi)=da	urn:cite2:hmt:lsj.chicago_md:n72202	v-drpamv-
εἰδόθ’	ei)do/q'	οἶδα	oi)=da	urn:cite2:hmt:lsj.chicago_md:n72202	v-drpama-
εἰδόθ’	ei)do/q'	οἶδα	oi)=da	urn:cite2:hmt:lsj.chicago_md:n72202	v-drpann-
εἰδόθ’	ei)do/q'	οἶδα	oi)=da	urn:cite2:hmt:lsj.chicago_md:n72202	v-drpanv-
εἰδόθ’	ei)do/q'	οἶδα	oi)=da	urn:cite2:hmt:lsj.chicago_md:n72202	v-drpana-
εἰδώς	ei)dw/s	εἰδοί	ei)doi/	urn:cite2:hmt:lsj.chicago_md:n30858	n-p---ma-
εἰδώς	ei)dw/s	οἶδα	oi)=da	urn:cite2:hmt:lsj.chicago_md:n72202	v-srpamn-
εἰδώς	ei)dw/s	οἶδα	oi)=da	urn:cite2:hmt:lsj.chicago_md:n72202	v-srpamv-
εἰδῇ	ei)dh=|	οἶδα	oi)=da	urn:cite2:hmt:lsj.chicago_md:n72202	v3srsa---
εἰδῇς	ei)dh=|s	οἶδα	oi)=da	urn:cite2:hmt:lsj.chicago_md:n72202	v2srsa---
εἰκάδων	ei)ka/dwn	εἰκάς	ei)ka/s	urn:cite2:hmt:lsj.chicago_md:n30925	n-p---fg-
εἰκός	ei)ko/s	ἔοικα	e)/oika	urn:cite2:hmt:lsj.chicago_md:n37776	v-srpann-
εἰκός	ei)ko/s	ἔοικα	e)/oika	urn:cite2:hmt:lsj.chicago_md:n37776	v-srpanv-
εἰκός	ei)ko/s	ἔοικα	e)/oika	urn:cite2:hmt:lsj.chicago_md:n37776	v-srpana-
εἰκός	ei)ko/s	εἰκός	ei)ko/s	urn:cite2:hmt:lsj.chicago_md:n30962	v-srpann-
εἰκός	ei)ko/s	εἰκός	ei)ko/s	urn:cite2:hmt:lsj.chicago_md:n30962	v-srpanv-
εἰκός	ei)ko/s	εἰκός	ei)ko/s	urn:cite2:hmt:lsj.chicago_md:n30962	v-srpana-
εἰκότως	ei)ko/tws	ἐοικότως	e)oiko/tws	urn:cite2:hmt:lsj.chicago_md:n37777	d--------
εἰκότως	ei)ko/tws	εἰκότως	ei)ko/tws	urn:cite2:hmt:lsj.chicago_md:n31030	d--------
εἰμι	ei)mi	εἰμί	ei)mi/	urn:cite2:hmt:lsj.chicago_md:n31130	v1spia---
εἰμί	ei)mi/	εἰμί	ei)mi/	urn:cite2:hmt:lsj.chicago_md:n31130	v1spia---
εἰμ’	ei)m'	εἰμί	ei)mi/	urn:cite2:hmt:lsj.chicago_md:n31130	v1spia---
εἰπεῖν	ei)pei=n	εἶπον	ei)=pon	urn:cite2:hmt:lsj.chicago_md:n31161	v--ana---
εἰπούσαισι	ei)pou/saisi	εἶπον	ei)=pon	urn:cite2:hmt:lsj.chicago_md:n31161	v-papafd-
εἰποῦσ’	ei)pou=s'	εἶπον	ei)=pon	urn:cite2:hmt:lsj.chicago_md:n31161	v-sapafn-
εἰποῦσ’	ei)pou=s'	εἶπον	ei)=pon	urn:cite2:hmt:lsj.chicago_md:n31161	v-sapafv-
εἰποῦσ’	ei)pou=s'	εἶπον	ei)=pon	urn:cite2:hmt:lsj.chicago_md:n31161	v-papamd-
εἰποῦσ’	ei)pou=s'	εἶπον	ei)=pon	urn:cite2:hmt:lsj.chicago_md:n31161	v-papand-
εἰποῦσ’	ei)pou=s'	εἶπον	ei)=pon	urn:cite2:hmt:lsj.chicago_md:n31161	v-papafn-
εἰποῦσ’	ei)pou=s'	εἶπον	ei)=pon	urn:cite2:hmt:lsj.chicago_md:n31161	v-papafv-
εἰργασμένων	ei)rgasme/nwn	ἐργάζομαι	e)rga/zomai	urn:cite2:hmt:lsj.chicago_md:n42159	v-prpefg-
εἰργασμένων	ei)rgasme/nwn	ἐργάζομαι	e)rga/zomai	urn:cite2:hmt:lsj.chicago_md:n42159	v-prpemg-
εἰργασμένων	ei)rgasme/nwn	ἐργάζομαι	e)rga/zomai	urn:cite2:hmt:lsj.chicago_md:n42159	v-prpeng-
εἰρήσεταί	ei)rh/setai/	ἔρομαι	e)/romai	urn:cite2:hmt:lsj.chicago_md:n42648	v3sfim---
εἰρήσεταί	ei)rh/setai/	ἐρῶ	e)rw=	urn:cite2:hmt:lsj.chicago_md:n42830	v3sfim---
εἰρήσεταί	ei)rh/setai/	εἰρέω	ei)re/w	urn:cite2:hmt:lsj.chicago_md:n31178	v3sasm---
εἰρήσεταί	ei)rh/setai/	εἰρέω	ei)re/w	urn:cite2:hmt:lsj.chicago_md:n31178	v3sfim---
εἰς	ei)s	εἰς	ei)s	urn:cite2:hmt:lsj.chicago_md:n31235	r--------
εἰσακούσατον	ei)sakou/saton	εἰσακούω	ei)sakou/w	urn:cite2:hmt:lsj.chicago_md:n31263	v2dama---
εἰσακούσατον	ei)sakou/saton	εἰσακούω	ei)sakou/w	urn:cite2:hmt:lsj.chicago_md:n31263	v2daia---
εἰσακούσατον	ei)sakou/saton	εἰσακούω	ei)sakou/w	urn:cite2:hmt:lsj.chicago_md:n31263	v2daia---
εἰσελθόντι	ei)selqo/nti	εἰσέρχομαι	ei)se/rxomai	urn:cite2:hmt:lsj.chicago_md:n31351	v-sapamd-
εἰσελθόντι	ei)selqo/nti	εἰσέρχομαι	ei)se/rxomai	urn:cite2:hmt:lsj.chicago_md:n31351	v-sapand-
εἰσελθών	ei)selqw/n	εἰσέρχομαι	ei)se/rxomai	urn:cite2:hmt:lsj.chicago_md:n31351	v-sapamn-
εἰσενήνεκται	ei)senh/nektai	εἰσφέρω	ei)sfe/rw	urn:cite2:hmt:lsj.chicago_md:n31537	v3srie---
εἰσηνέγκατο	ei)shne/gkato	εἰσφέρω	ei)sfe/rw	urn:cite2:hmt:lsj.chicago_md:n31537	v3saim---
εἰσι	ei)si	εἰμί	ei)mi/	urn:cite2:hmt:lsj.chicago_md:n31130	v3ppia---
εἰσιδεῖν	ei)sidei=n	εἰσ-εἶδον	ei)s-ei)=don	urn:cite2:hmt:lsj.chicago_md:n31332	v--ana---
εἰσιδών	ei)sidw/n	εἰσ-εἶδον	ei)s-ei)=don	urn:cite2:hmt:lsj.chicago_md:n31332	v-sapamn-
εἰσορᾶν	ei)sora=n	εἰσοράω	ei)sora/w	urn:cite2:hmt:lsj.chicago_md:n31474	v-sppamv-
εἰσορᾶν	ei)sora=n	εἰσοράω	ei)sora/w	urn:cite2:hmt:lsj.chicago_md:n31474	v-sppann-
εἰσορᾶν	ei)sora=n	εἰσοράω	ei)sora/w	urn:cite2:hmt:lsj.chicago_md:n31474	v-sppanv-
εἰσορᾶν	ei)sora=n	εἰσοράω	ei)sora/w	urn:cite2:hmt:lsj.chicago_md:n31474	v-sppana-
εἰσορᾶν	ei)sora=n	εἰσοράω	ei)sora/w	urn:cite2:hmt:lsj.chicago_md:n31474	v-sppamn-
εἰσορᾶν	ei)sora=n	εἰσοράω	ei)sora/w	urn:cite2:hmt:lsj.chicago_md:n31474	v--pna---
εἰσορᾶν	ei)sora=n	εἰσοράω	ei)sora/w	urn:cite2:hmt:lsj.chicago_md:n31474	v--pna---
εἰσορᾶν	ei)sora=n	εἰσοράω	ei)sora/w	urn:cite2:hmt:lsj.chicago_md:n31474	v-sppamv-
εἰσορᾶν	ei)sora=n	εἰσοράω	ei)sora/w	urn:cite2:hmt:lsj.chicago_md:n31474	v-sppann-
εἰσορᾶν	ei)sora=n	εἰσοράω	ei)sora/w	urn:cite2:hmt:lsj.chicago_md:n31474	v-sppanv-
εἰσορᾶν	ei)sora=n	εἰσοράω	ei)sora/w	urn:cite2:hmt:lsj.chicago_md:n31474	v-sppana-
εἰσορᾶν	ei)sora=n	εἰσοράω	ei)sora/w	urn:cite2:hmt:lsj.chicago_md:n31474	v-sppamn-
εἰσορᾶν	ei)sora=n	εἰσοράω	ei)sora/w	urn:cite2:hmt:lsj.chicago_md:n31474	v--pna---
εἰσορᾶν	ei)sora=n	εἰσοράω	ei)sora/w	urn:cite2:hmt:lsj.chicago_md:n31474	v--pna---
εἰσορᾷ	ei)sora=|	εἰσοράω	ei)sora/w	urn:cite2:hmt:lsj.chicago_md:n31474	v2spse---
εἰσορᾷ	ei)sora=|	εἰσοράω	ei)sora/w	urn:cite2:hmt:lsj.chicago_md:n31474	v2spie---
εἰσορᾷ	ei)sora=|	εἰσοράω	ei)sora/w	urn:cite2:hmt:lsj.chicago_md:n31474	v3spsa---
εἰσορᾷ	ei)sora=|	εἰσοράω	ei)sora/w	urn:cite2:hmt:lsj.chicago_md:n31474	v3spia---
εἰσορᾷ	ei)sora=|	εἰσοράω	ei)sora/w	urn:cite2:hmt:lsj.chicago_md:n31474	v2spsm---
εἰσορᾷ	ei)sora=|	εἰσοράω	ei)sora/w	urn:cite2:hmt:lsj.chicago_md:n31474	v2spim---
εἰσορᾷ	ei)sora=|	εἰσοράω	ei)sora/w	urn:cite2:hmt:lsj.chicago_md:n31474	v2spse---
εἰσορᾷ	ei)sora=|	εἰσοράω	ei)sora/w	urn:cite2:hmt:lsj.chicago_md:n31474	v2spie---
εἰσορᾷ	ei)sora=|	εἰσοράω	ei)sora/w	urn:cite2:hmt:lsj.chicago_md:n31474	v3spsa---
εἰσορᾷ	ei)sora=|	εἰσοράω	ei)sora/w	urn:cite2:hmt:lsj.chicago_md:n31474	v3spia---
εἰσορῶ	ei)sorw=	εἰσοράω	ei)sora/w	urn:cite2:hmt:lsj.chicago_md:n31474	v2spme---
εἰσορῶ	ei)sorw=	εἰσοράω	ei)sora/w	urn:cite2:hmt:lsj.chicago_md:n31474	v1spsa---
εἰσορῶ	ei)sorw=	εἰσοράω	ei)sora/w	urn:cite2:hmt:lsj.chicago_md:n31474	v1spia---
εἰσορῶ	ei)sorw=	εἰσοράω	ei)sora/w	urn:cite2:hmt:lsj.chicago_md:n31474	v1spsa---
εἰσορῶ	ei)sorw=	εἰσοράω	ei)sora/w	urn:cite2:hmt:lsj.chicago_md:n31474	v1spia---
εἰσορῶ	ei)sorw=	εἰσοράω	ei)sora/w	urn:cite2:hmt:lsj.chicago_md:n31474	v2spmm---
εἰσορῶ	ei)sorw=	εἰσοράω	ei)sora/w	urn:cite2:hmt:lsj.chicago_md:n31474	v2spme---
εἰσορῶ	ei)sorw=	εἰσοράω	ei)sora/w	urn:cite2:hmt:lsj.chicago_md:n31474	v1spsa---
εἰσορῶ	ei)sorw=	εἰσοράω	ei)sora/w	urn:cite2:hmt:lsj.chicago_md:n31474	v1spia---
εἰσορῶ	ei)sorw=	εἰσοράω	ei)sora/w	urn:cite2:hmt:lsj.chicago_md:n31474	v1spsa---
εἰσορῶ	ei)sorw=	εἰσοράω	ei)sora/w	urn:cite2:hmt:lsj.chicago_md:n31474	v1spia---
εἰσορῶ	ei)sorw=	εἰσοράω	ei)sora/w	urn:cite2:hmt:lsj.chicago_md:n31474	v2siie---
εἰσορῶ	ei)sorw=	εἰσοράω	ei)sora/w	urn:cite2:hmt:lsj.chicago_md:n31474	v2siie---
εἰσορῶ	ei)sorw=	εἰσοράω	ei)sora/w	urn:cite2:hmt:lsj.chicago_md:n31474	v2siim---
εἰσί	ei)si/	εἰμί	ei)mi/	urn:cite2:hmt:lsj.chicago_md:n31130	v3ppia---
εἰσόδοις	ei)so/dois	εἴσοδος	ei)/sodos	urn:cite2:hmt:lsj.chicago_md:n31447	n-p---fd-
εἰσόδους	ei)so/dous	εἴσοδος	ei)/sodos	urn:cite2:hmt:lsj.chicago_md:n31447	n-p---fa-
εἱλίσσοντ’	ei(li/ssont'	ἑλίσσω	e(li/ssw	urn:cite2:hmt:lsj.chicago_md:n33728	v-pppann-
εἱλίσσοντ’	ei(li/ssont'	ἑλίσσω	e(li/ssw	urn:cite2:hmt:lsj.chicago_md:n33728	v-pppanv-
εἱλίσσοντ’	ei(li/ssont'	ἑλίσσω	e(li/ssw	urn:cite2:hmt:lsj.chicago_md:n33728	v-pppana-
εἱλίσσοντ’	ei(li/ssont'	ἑλίσσω	e(li/ssw	urn:cite2:hmt:lsj.chicago_md:n33728	v-sppama-
εἱλίσσοντ’	ei(li/ssont'	ἑλίσσω	e(li/ssw	urn:cite2:hmt:lsj.chicago_md:n33728	v-sppamd-
εἱλίσσοντ’	ei(li/ssont'	ἑλίσσω	e(li/ssw	urn:cite2:hmt:lsj.chicago_md:n33728	v-sppand-
εἱλίσσοντ’	ei(li/ssont'	ἑλίσσω	e(li/ssw	urn:cite2:hmt:lsj.chicago_md:n33728	v3ppia---
εἱλίσσοντ’	ei(li/ssont'	ἑλίσσω	e(li/ssw	urn:cite2:hmt:lsj.chicago_md:n33728	v3piie---
εἱλίσσοντ’	ei(li/ssont'	ἑλίσσω	e(li/ssw	urn:cite2:hmt:lsj.chicago_md:n33728	v3piie---
εἱλίσσοντ’	ei(li/ssont'	ἑλίσσω	e(li/ssw	urn:cite2:hmt:lsj.chicago_md:n33728	v-dppamn-
εἱλίσσοντ’	ei(li/ssont'	ἑλίσσω	e(li/ssw	urn:cite2:hmt:lsj.chicago_md:n33728	v-dppamv-
εἱλίσσοντ’	ei(li/ssont'	ἑλίσσω	e(li/ssw	urn:cite2:hmt:lsj.chicago_md:n33728	v-dppama-
εἱλίσσοντ’	ei(li/ssont'	ἑλίσσω	e(li/ssw	urn:cite2:hmt:lsj.chicago_md:n33728	v-dppann-
εἱλίσσοντ’	ei(li/ssont'	ἑλίσσω	e(li/ssw	urn:cite2:hmt:lsj.chicago_md:n33728	v-dppanv-
εἱλίσσοντ’	ei(li/ssont'	ἑλίσσω	e(li/ssw	urn:cite2:hmt:lsj.chicago_md:n33728	v-dppana-
εἱλίσσοντ’	ei(li/ssont'	ἑλίσσω	e(li/ssw	urn:cite2:hmt:lsj.chicago_md:n33728	v3ppie---
εἱλίσσοντ’	ei(li/ssont'	ἑλίσσω	e(li/ssw	urn:cite2:hmt:lsj.chicago_md:n33728	v3piie---
εἱλίσσοντ’	ei(li/ssont'	εἱλίσσω	ei(li/ssw	urn:cite2:hmt:lsj.chicago_md:n31094	v-pppann-
εἱλίσσοντ’	ei(li/ssont'	εἱλίσσω	ei(li/ssw	urn:cite2:hmt:lsj.chicago_md:n31094	v-pppanv-
εἱλίσσοντ’	ei(li/ssont'	εἱλίσσω	ei(li/ssw	urn:cite2:hmt:lsj.chicago_md:n31094	v-pppana-
εἱλίσσοντ’	ei(li/ssont'	εἱλίσσω	ei(li/ssw	urn:cite2:hmt:lsj.chicago_md:n31094	v-sppama-
εἱλίσσοντ’	ei(li/ssont'	εἱλίσσω	ei(li/ssw	urn:cite2:hmt:lsj.chicago_md:n31094	v-sppamd-
εἱλίσσοντ’	ei(li/ssont'	εἱλίσσω	ei(li/ssw	urn:cite2:hmt:lsj.chicago_md:n31094	v-sppand-
εἱλίσσοντ’	ei(li/ssont'	εἱλίσσω	ei(li/ssw	urn:cite2:hmt:lsj.chicago_md:n31094	v3ppia---
εἱλίσσοντ’	ei(li/ssont'	εἱλίσσω	ei(li/ssw	urn:cite2:hmt:lsj.chicago_md:n31094	v-dppamn-
εἱλίσσοντ’	ei(li/ssont'	εἱλίσσω	ei(li/ssw	urn:cite2:hmt:lsj.chicago_md:n31094	v-dppamv-
εἱλίσσοντ’	ei(li/ssont'	εἱλίσσω	ei(li/ssw	urn:cite2:hmt:lsj.chicago_md:n31094	v-dppama-
εἱλίσσοντ’	ei(li/ssont'	εἱλίσσω	ei(li/ssw	urn:cite2:hmt:lsj.chicago_md:n31094	v-dppann-
εἱλίσσοντ’	ei(li/ssont'	εἱλίσσω	ei(li/ssw	urn:cite2:hmt:lsj.chicago_md:n31094	v-dppanv-
εἱλίσσοντ’	ei(li/ssont'	εἱλίσσω	ei(li/ssw	urn:cite2:hmt:lsj.chicago_md:n31094	v-dppana-
εἱλίσσοντ’	ei(li/ssont'	εἱλίσσω	ei(li/ssw	urn:cite2:hmt:lsj.chicago_md:n31094	v3ppie---
εἱλίσσοντ’	ei(li/ssont'	εἱλίσσω	ei(li/ssw	urn:cite2:hmt:lsj.chicago_md:n31094	v3piie---
εἴ	ei)/	εἰ	ei)	urn:cite2:hmt:lsj.chicago_md:n30817	c--------
εἴασεν	ei)/asen	ἐάω	e)a/w	urn:cite2:hmt:lsj.chicago_md:n29883	v3saia---
εἴασεν	ei)/asen	εἰάζω	ei)a/zw	urn:cite2:hmt:lsj.chicago_md:n30819	v3saia---
εἴη	ei)/h	ἐάω	e)a/w	urn:cite2:hmt:lsj.chicago_md:n29883	v3siia---
εἴη	ei)/h	ἐάω	e)a/w	urn:cite2:hmt:lsj.chicago_md:n29883	v2spma---
εἴη	ei)/h	ἐάω	e)a/w	urn:cite2:hmt:lsj.chicago_md:n29883	v3siia---
εἴη	ei)/h	ἐάω	e)a/w	urn:cite2:hmt:lsj.chicago_md:n29883	v3siia---
εἴη	ei)/h	εἰμί	ei)mi/	urn:cite2:hmt:lsj.chicago_md:n31130	v3spoa---
εἴην	ei)/hn	εἰμί	ei)mi/	urn:cite2:hmt:lsj.chicago_md:n31130	v1spoa---
εἴης	ei)/hs	ἐάω	e)a/w	urn:cite2:hmt:lsj.chicago_md:n29883	v2siia---
εἴης	ei)/hs	ἐάω	e)a/w	urn:cite2:hmt:lsj.chicago_md:n29883	v2siia---
εἴης	ei)/hs	ἐάω	e)a/w	urn:cite2:hmt:lsj.chicago_md:n29883	v2siia---
εἴης	ei)/hs	εἰμί	ei)mi/	urn:cite2:hmt:lsj.chicago_md:n31130	v2spoa---
εἴκειν	ei)/kein	ἔοικα	e)/oika	urn:cite2:hmt:lsj.chicago_md:n37776	v--rna---
εἴκειν	ei)/kein	ἔοικα	e)/oika	urn:cite2:hmt:lsj.chicago_md:n37776	v1slia---
εἴκειν	ei)/kein	εἴκω	ei)/kw	urn:cite2:hmt:lsj.chicago_md:n31035	v--pna---
εἴκειν	ei)/kein	εἴκω	ei)/kw	urn:cite2:hmt:lsj.chicago_md:n31035a	v--pna---
εἴκειν	ei)/kein	εἴκω	ei)/kw	urn:cite2:hmt:lsj.chicago_md:n31036	v--pna---
εἴπερ	ei)/per	εἴπερ	ei)/per	urn:cite2:hmt:lsj.chicago_md:n31159	c--------
εἴποις	ei)/pois	εἶπον	ei)=pon	urn:cite2:hmt:lsj.chicago_md:n31161	v2saoa---
εἴποις	ei)/pois	εἶπος	ei)=pos	urn:cite2:hmt:lsj.chicago_md:n31162	n-p---md-
εἴπωμεν	ei)/pwmen	εἶπον	ei)=pon	urn:cite2:hmt:lsj.chicago_md:n31161	v1pasa---
εἴπωμεν	ei)/pwmen	εἶπον	ei)=pon	urn:cite2:hmt:lsj.chicago_md:n31161	v1pasa---
εἴρξουσιν	ei)/rcousin	ἔργω1	e)/rgw	urn:cite2:hmt:lsj.chicago_md:n42224	v3pasa---
εἴρξουσιν	ei)/rcousin	ἔργω1	e)/rgw	urn:cite2:hmt:lsj.chicago_md:n42225	v3pasa---
εἴρξουσιν	ei)/rcousin	ἔργω1	e)/rgw	urn:cite2:hmt:lsj.chicago_md:n42224	v-pfpamd-
εἴρξουσιν	ei)/rcousin	ἔργω1	e)/rgw	urn:cite2:hmt:lsj.chicago_md:n42225	v-pfpamd-
εἴρξουσιν	ei)/rcousin	ἔργω1	e)/rgw	urn:cite2:hmt:lsj.chicago_md:n42224	v-pfpand-
εἴρξουσιν	ei)/rcousin	ἔργω1	e)/rgw	urn:cite2:hmt:lsj.chicago_md:n42225	v-pfpand-
εἴρξουσιν	ei)/rcousin	ἔργω1	e)/rgw	urn:cite2:hmt:lsj.chicago_md:n42224	v3pfia---
εἴρξουσιν	ei)/rcousin	ἔργω1	e)/rgw	urn:cite2:hmt:lsj.chicago_md:n42225	v3pfia---
εἴσεται	ei)/setai	εἶμι	ei)=mi	urn:cite2:hmt:lsj.chicago_md:n31131	v3sfim---
εἴσεται	ei)/setai	οἶδα	oi)=da	urn:cite2:hmt:lsj.chicago_md:n72202	v3sfim---
εἴσω	ei)/sw	εἴδομαι	ei)/domai	urn:cite2:hmt:lsj.chicago_md:n30858a	v1sasa---
εἴσω	ei)/sw	εἴσω	ei)/sw	urn:cite2:hmt:lsj.chicago_md:n31555	d--------
εἴτε	ei)/te	εἴτε	ei)/te	urn:cite2:hmt:lsj.chicago_md:n31565	d--------
εἴτ’	ei)/t'	εἴτε	ei)/te	urn:cite2:hmt:lsj.chicago_md:n31565	d--------
εἴφ’	ei)/f'	εἶπον	ei)=pon	urn:cite2:hmt:lsj.chicago_md:n31161	v2sama---
εἶ	ei)=	εἰ	ei)	urn:cite2:hmt:lsj.chicago_md:n30817	c--------
εἶ	ei)=	εἶμι	ei)=mi	urn:cite2:hmt:lsj.chicago_md:n31131	v2spia---
εἶ	ei)=	εἰμί	ei)mi/	urn:cite2:hmt:lsj.chicago_md:n31130	v2spia---
εἶδες	ei)=des	εἶδον	ei)=don	urn:cite2:hmt:lsj.chicago_md:n30859a	v2saia---
εἶδος	ei)=dos	εἶδος	ei)=dos	urn:cite2:hmt:lsj.chicago_md:n30866	n-s---nn-
εἶδος	ei)=dos	εἶδος	ei)=dos	urn:cite2:hmt:lsj.chicago_md:n30866	n-s---nv-
εἶδος	ei)=dos	εἶδος	ei)=dos	urn:cite2:hmt:lsj.chicago_md:n30866	n-s---na-
εἶεν	ei)=en	εἶεν	ei)=en	urn:cite2:hmt:lsj.chicago_md:n30899	g--------
εἶεν	ei)=en	εἰμί	ei)mi/	urn:cite2:hmt:lsj.chicago_md:n31130	v3ppoa---
εἶναι	ei)=nai	εἰμί	ei)mi/	urn:cite2:hmt:lsj.chicago_md:n31130	v--pna---
εἶναί	ei)=nai/	εἰμί	ei)mi/	urn:cite2:hmt:lsj.chicago_md:n31130	v--pna---
εἶπας	ei)=pas	εἶπον	ei)=pon	urn:cite2:hmt:lsj.chicago_md:n31161	v2saia---
εἶπας	ei)=pas	εἶπον	ei)=pon	urn:cite2:hmt:lsj.chicago_md:n31161	v2saia---
εἶπε	ei)=pe	εἶπον	ei)=pon	urn:cite2:hmt:lsj.chicago_md:n31161	v3saia---
εἶπε	ei)=pe	εἶπον	ei)=pon	urn:cite2:hmt:lsj.chicago_md:n31161	v2sama---
εἶπε	ei)=pe	εἶπον	ei)=pon	urn:cite2:hmt:lsj.chicago_md:n31161	v3saia---
εἶπε	ei)=pe	εἶπον	ei)=pon	urn:cite2:hmt:lsj.chicago_md:n31161	v3saia---
εἶπε	ei)=pe	εἶπον	ei)=pon	urn:cite2:hmt:lsj.chicago_md:n31161	v3saia---
εἶπε	ei)=pe	εἶπος	ei)=pos	urn:cite2:hmt:lsj.chicago_md:n31162	n-s---mv-
εἶπεν	ei)=pen	εἶπον	ei)=pon	urn:cite2:hmt:lsj.chicago_md:n31161	v3saia---
εἶπεν	ei)=pen	εἶπον	ei)=pon	urn:cite2:hmt:lsj.chicago_md:n31161	v3saia---
εἶπεν	ei)=pen	εἶπον	ei)=pon	urn:cite2:hmt:lsj.chicago_md:n31161	v3saia---
εἶπεν	ei)=pen	εἶπον	ei)=pon	urn:cite2:hmt:lsj.chicago_md:n31161	v3saia---
εἶτα	ei)=ta	εἶτα	ei)=ta	urn:cite2:hmt:lsj.chicago_md:n31562	d--------
εἶχε	ei)=xe	ἔχω	e)/xw	urn:cite2:hmt:lsj.chicago_md:n45996	v3siia---
εἶχε	ei)=xe	ἔχω	e)/xw	urn:cite2:hmt:lsj.chicago_md:n45997	v3siia---
εἶχεν	ei)=xen	ἔχω	e)/xw	urn:cite2:hmt:lsj.chicago_md:n45996	v3siia---
εἶχεν	ei)=xen	ἔχω	e)/xw	urn:cite2:hmt:lsj.chicago_md:n45997	v3siia---
εἶχον	ei)=xon	ἔχω	e)/xw	urn:cite2:hmt:lsj.chicago_md:n45996	v3piia---
εἶχον	ei)=xon	ἔχω	e)/xw	urn:cite2:hmt:lsj.chicago_md:n45997	v3piia---
εἶχον	ei)=xon	ἔχω	e)/xw	urn:cite2:hmt:lsj.chicago_md:n45996	v1siia---
εἶχον	ei)=xon	ἔχω	e)/xw	urn:cite2:hmt:lsj.chicago_md:n45997	v1siia---
εἷλκον	ei(=lkon	ἕλκω	e(/lkw	urn:cite2:hmt:lsj.chicago_md:n33770	v3piia---
εἷλκον	ei(=lkon	ἕλκω	e(/lkw	urn:cite2:hmt:lsj.chicago_md:n33770	v1siia---
εὐαχήτους	eu)axh/tous	εὐήχητος	eu)h/xhtos	urn:cite2:hmt:lsj.chicago_md:n43937	n-p---ma-
εὐαχήτους	eu)axh/tous	εὐήχητος	eu)h/xhtos	urn:cite2:hmt:lsj.chicago_md:n43937	n-p---fa-
εὐαίων	eu)ai/wn	εὐαής	eu)ah/s	urn:cite2:hmt:lsj.chicago_md:n43345	n-p---mg-
εὐαίων	eu)ai/wn	εὐαής	eu)ah/s	urn:cite2:hmt:lsj.chicago_md:n43345	n-p---fg-
εὐαίων	eu)ai/wn	εὐαής	eu)ah/s	urn:cite2:hmt:lsj.chicago_md:n43345	n-p---ng-
εὐαίων	eu)ai/wn	εὐαίων	eu)ai/wn	urn:cite2:hmt:lsj.chicago_md:n43358	n-s---mn-
εὐαίων	eu)ai/wn	εὐαίων	eu)ai/wn	urn:cite2:hmt:lsj.chicago_md:n43358	n-s---mv-
εὐαίων	eu)ai/wn	εὐαίων	eu)ai/wn	urn:cite2:hmt:lsj.chicago_md:n43358	n-s---fn-
εὐαίων	eu)ai/wn	εὐαίων	eu)ai/wn	urn:cite2:hmt:lsj.chicago_md:n43358	n-s---fv-
εὐγενετᾶν	eu)geneta=n	εὐγενής	eu)genh/s	urn:cite2:hmt:lsj.chicago_md:n43540	n-p---mg-
εὐγενοῦς	eu)genou=s	εὐγενής	eu)genh/s	urn:cite2:hmt:lsj.chicago_md:n43540	n-s---mg-
εὐγενοῦς	eu)genou=s	εὐγενής	eu)genh/s	urn:cite2:hmt:lsj.chicago_md:n43540	n-s---fg-
εὐγενοῦς	eu)genou=s	εὐγενής	eu)genh/s	urn:cite2:hmt:lsj.chicago_md:n43540	n-s---ng-
εὐγενέστατον	eu)gene/staton	εὐγενής	eu)genh/s	urn:cite2:hmt:lsj.chicago_md:n43540	a-s---mas
εὐγενέστατον	eu)gene/staton	εὐγενής	eu)genh/s	urn:cite2:hmt:lsj.chicago_md:n43540	a-s---nns
εὐγενέστατον	eu)gene/staton	εὐγενής	eu)genh/s	urn:cite2:hmt:lsj.chicago_md:n43540	a-s---nvs
εὐγενέστατον	eu)gene/staton	εὐγενής	eu)genh/s	urn:cite2:hmt:lsj.chicago_md:n43540	a-s---nas
εὐγενής	eu)genh/s	εὐγενής	eu)genh/s	urn:cite2:hmt:lsj.chicago_md:n43540	n-s---mn-
εὐγενής	eu)genh/s	εὐγενής	eu)genh/s	urn:cite2:hmt:lsj.chicago_md:n43540	n-s---fn-
εὐγενῆ	eu)genh=	εὐγενής	eu)genh/s	urn:cite2:hmt:lsj.chicago_md:n43540	n-p---nn-
εὐγενῆ	eu)genh=	εὐγενής	eu)genh/s	urn:cite2:hmt:lsj.chicago_md:n43540	n-p---nv-
εὐγενῆ	eu)genh=	εὐγενής	eu)genh/s	urn:cite2:hmt:lsj.chicago_md:n43540	n-p---na-
εὐγενῆ	eu)genh=	εὐγενής	eu)genh/s	urn:cite2:hmt:lsj.chicago_md:n43540	n-d---mn-
εὐγενῆ	eu)genh=	εὐγενής	eu)genh/s	urn:cite2:hmt:lsj.chicago_md:n43540	n-d---mv-
εὐγενῆ	eu)genh=	εὐγενής	eu)genh/s	urn:cite2:hmt:lsj.chicago_md:n43540	n-d---ma-
εὐγενῆ	eu)genh=	εὐγενής	eu)genh/s	urn:cite2:hmt:lsj.chicago_md:n43540	n-d---fn-
εὐγενῆ	eu)genh=	εὐγενής	eu)genh/s	urn:cite2:hmt:lsj.chicago_md:n43540	n-d---fv-
εὐγενῆ	eu)genh=	εὐγενής	eu)genh/s	urn:cite2:hmt:lsj.chicago_md:n43540	n-d---fa-
εὐγενῆ	eu)genh=	εὐγενής	eu)genh/s	urn:cite2:hmt:lsj.chicago_md:n43540	n-d---nn-
εὐγενῆ	eu)genh=	εὐγενής	eu)genh/s	urn:cite2:hmt:lsj.chicago_md:n43540	n-d---nv-
εὐγενῆ	eu)genh=	εὐγενής	eu)genh/s	urn:cite2:hmt:lsj.chicago_md:n43540	n-d---na-
εὐγενῆ	eu)genh=	εὐγενής	eu)genh/s	urn:cite2:hmt:lsj.chicago_md:n43540	n-s---ma-
εὐγενῆ	eu)genh=	εὐγενής	eu)genh/s	urn:cite2:hmt:lsj.chicago_md:n43540	n-s---fa-
εὐγωνίαν	eu)gwni/an	εὐγωνία	eu)gwni/a	urn:cite2:hmt:lsj.chicago_md:n43585	n-s---fa-
εὐδαιμονοῖμεν	eu)daimonoi=men	εὐδαιμονέω	eu)daimone/w	urn:cite2:hmt:lsj.chicago_md:n43588	v1ppoa---
εὐδαιμονίας	eu)daimoni/as	εὐδαιμονία	eu)daimoni/a	urn:cite2:hmt:lsj.chicago_md:n43591	n-p---fa-
εὐδαιμονίας	eu)daimoni/as	εὐδαιμονία	eu)daimoni/a	urn:cite2:hmt:lsj.chicago_md:n43591	n-s---fg-
εὐδαίμον’	eu)dai/mon'	εὐδαίμων	eu)dai/mwn	urn:cite2:hmt:lsj.chicago_md:n43598	n-p---nn-
εὐδαίμον’	eu)dai/mon'	εὐδαίμων	eu)dai/mwn	urn:cite2:hmt:lsj.chicago_md:n43598	n-p---nv-
εὐδαίμον’	eu)dai/mon'	εὐδαίμων	eu)dai/mwn	urn:cite2:hmt:lsj.chicago_md:n43598	n-p---na-
εὐδαίμον’	eu)dai/mon'	εὐδαίμων	eu)dai/mwn	urn:cite2:hmt:lsj.chicago_md:n43598	n-s---ma-
εὐδαίμον’	eu)dai/mon'	εὐδαίμων	eu)dai/mwn	urn:cite2:hmt:lsj.chicago_md:n43598	n-s---fa-
εὐδαίμον’	eu)dai/mon'	εὐδαίμων	eu)dai/mwn	urn:cite2:hmt:lsj.chicago_md:n43598	n-s----d-
εὐδαίμον’	eu)dai/mon'	εὐδαίμων	eu)dai/mwn	urn:cite2:hmt:lsj.chicago_md:n43598	n-d----n-
εὐδαίμον’	eu)dai/mon'	εὐδαίμων	eu)dai/mwn	urn:cite2:hmt:lsj.chicago_md:n43598	n-d----v-
εὐδαίμον’	eu)dai/mon'	εὐδαίμων	eu)dai/mwn	urn:cite2:hmt:lsj.chicago_md:n43598	n-d----a-
εὐεργετῶν	eu)ergetw=n	εὐεργέτης	eu)erge/ths	urn:cite2:hmt:lsj.chicago_md:n43838	n-p---mg-
εὐεργετῶν	eu)ergetw=n	εὐεργετέω	eu)ergete/w	urn:cite2:hmt:lsj.chicago_md:n43836	v-sppamn-
εὐηρέτμους	eu)hre/tmous	εὐήρετμος	eu)h/retmos	urn:cite2:hmt:lsj.chicago_md:n43925	n-p---ma-
εὐηρέτμους	eu)hre/tmous	εὐήρετμος	eu)h/retmos	urn:cite2:hmt:lsj.chicago_md:n43925	n-p---fa-
εὐθύς	eu)qu/s	εὐθύσ1	eu)qu/s	urn:cite2:hmt:lsj.chicago_md:n44099	a-s---mn-
εὐθύς	eu)qu/s	εὐθύσ2	eu)qu/s	urn:cite2:hmt:lsj.chicago_md:n44099	d--------
εὐκλεής	eu)kleh/s	εὐκλεής	eu)kleh/s	urn:cite2:hmt:lsj.chicago_md:n44248	n-s---mn-
εὐκλεής	eu)kleh/s	εὐκλεής	eu)kleh/s	urn:cite2:hmt:lsj.chicago_md:n44248	n-s---fn-
εὐκλεής	eu)kleh/s	εὐκλεής	eu)kleh/s	urn:cite2:hmt:lsj.chicago_md:n44248	n-s---mn-
εὐκλεής	eu)kleh/s	εὐκλεής	eu)kleh/s	urn:cite2:hmt:lsj.chicago_md:n44248	n-s---fn-
εὐκτόν	eu)kto/n	εὐκτός	eu)kto/s	urn:cite2:hmt:lsj.chicago_md:n44341	a-s---ma-
εὐκτόν	eu)kto/n	εὐκτός	eu)kto/s	urn:cite2:hmt:lsj.chicago_md:n44341	a-s---nn-
εὐκτόν	eu)kto/n	εὐκτός	eu)kto/s	urn:cite2:hmt:lsj.chicago_md:n44341	a-s---nv-
εὐκτόν	eu)kto/n	εὐκτός	eu)kto/s	urn:cite2:hmt:lsj.chicago_md:n44341	a-s---na-
εὐκίονες	eu)ki/ones	εὐκίων	eu)ki/wn	urn:cite2:hmt:lsj.chicago_md:n44245	n-p---mn-
εὐκίονες	eu)ki/ones	εὐκίων	eu)ki/wn	urn:cite2:hmt:lsj.chicago_md:n44245	n-p---mv-
εὐκίονες	eu)ki/ones	εὐκίων	eu)ki/wn	urn:cite2:hmt:lsj.chicago_md:n44245	n-p---fn-
εὐκίονες	eu)ki/ones	εὐκίων	eu)ki/wn	urn:cite2:hmt:lsj.chicago_md:n44245	n-p---fv-
εὐκύκλου	eu)ku/klou	εὔκυκλος	eu)/kuklos	urn:cite2:hmt:lsj.chicago_md:n44345	n-s---mg-
εὐκύκλου	eu)ku/klou	εὔκυκλος	eu)/kuklos	urn:cite2:hmt:lsj.chicago_md:n44345	n-s---fg-
εὐκύκλου	eu)ku/klou	εὔκυκλος	eu)/kuklos	urn:cite2:hmt:lsj.chicago_md:n44345	n-s---ng-
εὐλογεῖς	eu)logei=s	εὐλογέω	eu)loge/w	urn:cite2:hmt:lsj.chicago_md:n44388	v2spia---
εὐλογῶ	eu)logw=	εὐλογέω	eu)loge/w	urn:cite2:hmt:lsj.chicago_md:n44388	v1spsa---
εὐλογῶ	eu)logw=	εὐλογέω	eu)loge/w	urn:cite2:hmt:lsj.chicago_md:n44388	v1spia---
εὐμενῆ	eu)menh=	εὐμενής	eu)menh/s	urn:cite2:hmt:lsj.chicago_md:n44452	n-p---nn-
εὐμενῆ	eu)menh=	εὐμενής	eu)menh/s	urn:cite2:hmt:lsj.chicago_md:n44452	n-p---nv-
εὐμενῆ	eu)menh=	εὐμενής	eu)menh/s	urn:cite2:hmt:lsj.chicago_md:n44452	n-p---na-
εὐμενῆ	eu)menh=	εὐμενής	eu)menh/s	urn:cite2:hmt:lsj.chicago_md:n44452	n-d---mn-
εὐμενῆ	eu)menh=	εὐμενής	eu)menh/s	urn:cite2:hmt:lsj.chicago_md:n44452	n-d---mv-
εὐμενῆ	eu)menh=	εὐμενής	eu)menh/s	urn:cite2:hmt:lsj.chicago_md:n44452	n-d---ma-
εὐμενῆ	eu)menh=	εὐμενής	eu)menh/s	urn:cite2:hmt:lsj.chicago_md:n44452	n-d---fn-
εὐμενῆ	eu)menh=	εὐμενής	eu)menh/s	urn:cite2:hmt:lsj.chicago_md:n44452	n-d---fv-
εὐμενῆ	eu)menh=	εὐμενής	eu)menh/s	urn:cite2:hmt:lsj.chicago_md:n44452	n-d---fa-
εὐμενῆ	eu)menh=	εὐμενής	eu)menh/s	urn:cite2:hmt:lsj.chicago_md:n44452	n-d---nn-
εὐμενῆ	eu)menh=	εὐμενής	eu)menh/s	urn:cite2:hmt:lsj.chicago_md:n44452	n-d---nv-
εὐμενῆ	eu)menh=	εὐμενής	eu)menh/s	urn:cite2:hmt:lsj.chicago_md:n44452	n-d---na-
εὐμενῆ	eu)menh=	εὐμενής	eu)menh/s	urn:cite2:hmt:lsj.chicago_md:n44452	n-s---ma-
εὐμενῆ	eu)menh=	εὐμενής	eu)menh/s	urn:cite2:hmt:lsj.chicago_md:n44452	n-s---fa-
εὐναίας	eu)nai/as	εὐναῖος	eu)nai=os	urn:cite2:hmt:lsj.chicago_md:n44523	a-p---fa-
εὐναίας	eu)nai/as	εὐναῖος	eu)nai=os	urn:cite2:hmt:lsj.chicago_md:n44523	a-s---fg-
εὐνάν	eu)na/n	εὐνή	eu)nh/	urn:cite2:hmt:lsj.chicago_md:n44534	n-s---fa-
εὐνάς	eu)na/s	εὐνή	eu)nh/	urn:cite2:hmt:lsj.chicago_md:n44534	n-p---fa-
εὐνάτωρ	eu)na/twr	εὐνήτωρ	eu)nh/twr	urn:cite2:hmt:lsj.chicago_md:n44540	n-s---mn-
εὐνήματα	eu)nh/mata	εὔνημα	eu)/nhma	urn:cite2:hmt:lsj.chicago_md:n44536	n-p---nn-
εὐνήματα	eu)nh/mata	εὔνημα	eu)/nhma	urn:cite2:hmt:lsj.chicago_md:n44536	n-p---nv-
εὐνήματα	eu)nh/mata	εὔνημα	eu)/nhma	urn:cite2:hmt:lsj.chicago_md:n44536	n-p---na-
εὐνᾶς	eu)na=s	εὐνάω	eu)na/w	urn:cite2:hmt:lsj.chicago_md:n44529	v2spia---
εὐνᾶς	eu)na=s	εὐνάζω	eu)na/zw	urn:cite2:hmt:lsj.chicago_md:n44521	v2sfia---
εὐνᾶς	eu)na=s	εὐνή	eu)nh/	urn:cite2:hmt:lsj.chicago_md:n44534	n-s---fg-
εὐπαιδίαν	eu)paidi/an	εὐπαιδία	eu)paidi/a	urn:cite2:hmt:lsj.chicago_md:n44668	n-s---fa-
εὐπατριδᾶν	eu)patrida=n	εὐπατρίδης	eu)patri/dhs	urn:cite2:hmt:lsj.chicago_md:n44713	n-p---mg-
εὐπραξίαι	eu)praci/ai	εὐπραξία	eu)praci/a	urn:cite2:hmt:lsj.chicago_md:n44850	n-p---fn-
εὐπραξίαι	eu)praci/ai	εὐπραξία	eu)praci/a	urn:cite2:hmt:lsj.chicago_md:n44850	n-p---fv-
εὐπραξίαι	eu)praci/ai	εὐπραξία	eu)praci/a	urn:cite2:hmt:lsj.chicago_md:n44850	n-s---fd-
εὐπτέρους	eu)pte/rous	εὔπτερος	eu)/pteros	urn:cite2:hmt:lsj.chicago_md:n44896	n-p---ma-
εὐπτέρους	eu)pte/rous	εὔπτερος	eu)/pteros	urn:cite2:hmt:lsj.chicago_md:n44896	n-p---fa-
εὐρώς	eu)rw/s	εὐρώς	eu)rw/s	urn:cite2:hmt:lsj.chicago_md:n45077	n-s---mn-
εὐσεβεῖς	eu)sebei=s	εὐσεβέω	eu)sebe/w	urn:cite2:hmt:lsj.chicago_md:n45100	v2spia---
εὐσεβεῖς	eu)sebei=s	εὐσεβής	eu)sebh/s	urn:cite2:hmt:lsj.chicago_md:n45102	n-p---ma-
εὐσεβεῖς	eu)sebei=s	εὐσεβής	eu)sebh/s	urn:cite2:hmt:lsj.chicago_md:n45102	n-p---fa-
εὐσεβεῖς	eu)sebei=s	εὐσεβής	eu)sebh/s	urn:cite2:hmt:lsj.chicago_md:n45102	n-p---mn-
εὐσεβεῖς	eu)sebei=s	εὐσεβής	eu)sebh/s	urn:cite2:hmt:lsj.chicago_md:n45102	n-p---mv-
εὐσεβεῖς	eu)sebei=s	εὐσεβής	eu)sebh/s	urn:cite2:hmt:lsj.chicago_md:n45102	n-p---fn-
εὐσεβεῖς	eu)sebei=s	εὐσεβής	eu)sebh/s	urn:cite2:hmt:lsj.chicago_md:n45102	n-p---fv-
εὐσεβίᾳ	eu)sebi/a|	εὐσέβεια	eu)se/beia	urn:cite2:hmt:lsj.chicago_md:n45098	n-p---fn-
εὐσεβίᾳ	eu)sebi/a|	εὐσέβεια	eu)se/beia	urn:cite2:hmt:lsj.chicago_md:n45099	n-p---fn-
εὐσεβίᾳ	eu)sebi/a|	εὐσέβεια	eu)se/beia	urn:cite2:hmt:lsj.chicago_md:n45098	n-p---fv-
εὐσεβίᾳ	eu)sebi/a|	εὐσέβεια	eu)se/beia	urn:cite2:hmt:lsj.chicago_md:n45099	n-p---fv-
εὐσεβίᾳ	eu)sebi/a|	εὐσέβεια	eu)se/beia	urn:cite2:hmt:lsj.chicago_md:n45098	n-s---fd-
εὐσεβίᾳ	eu)sebi/a|	εὐσέβεια	eu)se/beia	urn:cite2:hmt:lsj.chicago_md:n45099	n-s---fd-
εὐσεβίᾳ	eu)sebi/a|	εὐσεβία	eu)sebi/a	urn:cite2:hmt:lsj.chicago_md:n45103	n-s---fd-
εὐσεβῆ	eu)sebh=	εὐσεβής	eu)sebh/s	urn:cite2:hmt:lsj.chicago_md:n45102	n-p---nn-
εὐσεβῆ	eu)sebh=	εὐσεβής	eu)sebh/s	urn:cite2:hmt:lsj.chicago_md:n45102	n-p---nv-
εὐσεβῆ	eu)sebh=	εὐσεβής	eu)sebh/s	urn:cite2:hmt:lsj.chicago_md:n45102	n-p---na-
εὐσεβῆ	eu)sebh=	εὐσεβής	eu)sebh/s	urn:cite2:hmt:lsj.chicago_md:n45102	n-d---mn-
εὐσεβῆ	eu)sebh=	εὐσεβής	eu)sebh/s	urn:cite2:hmt:lsj.chicago_md:n45102	n-d---mv-
εὐσεβῆ	eu)sebh=	εὐσεβής	eu)sebh/s	urn:cite2:hmt:lsj.chicago_md:n45102	n-d---ma-
εὐσεβῆ	eu)sebh=	εὐσεβής	eu)sebh/s	urn:cite2:hmt:lsj.chicago_md:n45102	n-d---fn-
εὐσεβῆ	eu)sebh=	εὐσεβής	eu)sebh/s	urn:cite2:hmt:lsj.chicago_md:n45102	n-d---fv-
εὐσεβῆ	eu)sebh=	εὐσεβής	eu)sebh/s	urn:cite2:hmt:lsj.chicago_md:n45102	n-d---fa-
εὐσεβῆ	eu)sebh=	εὐσεβής	eu)sebh/s	urn:cite2:hmt:lsj.chicago_md:n45102	n-d---nn-
εὐσεβῆ	eu)sebh=	εὐσεβής	eu)sebh/s	urn:cite2:hmt:lsj.chicago_md:n45102	n-d---nv-
εὐσεβῆ	eu)sebh=	εὐσεβής	eu)sebh/s	urn:cite2:hmt:lsj.chicago_md:n45102	n-d---na-
εὐσεβῆ	eu)sebh=	εὐσεβής	eu)sebh/s	urn:cite2:hmt:lsj.chicago_md:n45102	n-s---ma-
εὐσεβῆ	eu)sebh=	εὐσεβής	eu)sebh/s	urn:cite2:hmt:lsj.chicago_md:n45102	n-s---fa-
εὐσέβειαν	eu)se/beian	εὐσέβεια	eu)se/beia	urn:cite2:hmt:lsj.chicago_md:n45098	n-s---fa-
εὐσέβειαν	eu)se/beian	εὐσέβεια	eu)se/beia	urn:cite2:hmt:lsj.chicago_md:n45099	n-s---fa-
εὐτεκνίας	eu)tekni/as	εὐτεκνία	eu)tekni/a	urn:cite2:hmt:lsj.chicago_md:n45281	n-p---fa-
εὐτεκνίας	eu)tekni/as	εὐτεκνία	eu)tekni/a	urn:cite2:hmt:lsj.chicago_md:n45281	n-s---fg-
εὐτρόχῳ	eu)tro/xw|	εὔτροχος	eu)/troxos	urn:cite2:hmt:lsj.chicago_md:n45355	n-s---md-
εὐτρόχῳ	eu)tro/xw|	εὔτροχος	eu)/troxos	urn:cite2:hmt:lsj.chicago_md:n45355	n-s---fd-
εὐτρόχῳ	eu)tro/xw|	εὔτροχος	eu)/troxos	urn:cite2:hmt:lsj.chicago_md:n45355	n-s---nd-
εὐτυχεῖ	eu)tuxei=	εὐτυχέω	eu)tuxe/w	urn:cite2:hmt:lsj.chicago_md:n45368	v2spie---
εὐτυχεῖ	eu)tuxei=	εὐτυχέω	eu)tuxe/w	urn:cite2:hmt:lsj.chicago_md:n45368	v3spia---
εὐτυχεῖ	eu)tuxei=	εὐτυχής	eu)tuxh/s	urn:cite2:hmt:lsj.chicago_md:n45370	n-d---mn-
εὐτυχεῖ	eu)tuxei=	εὐτυχής	eu)tuxh/s	urn:cite2:hmt:lsj.chicago_md:n45370	n-d---mv-
εὐτυχεῖ	eu)tuxei=	εὐτυχής	eu)tuxh/s	urn:cite2:hmt:lsj.chicago_md:n45370	n-d---ma-
εὐτυχεῖ	eu)tuxei=	εὐτυχής	eu)tuxh/s	urn:cite2:hmt:lsj.chicago_md:n45370	n-d---fn-
εὐτυχεῖ	eu)tuxei=	εὐτυχής	eu)tuxh/s	urn:cite2:hmt:lsj.chicago_md:n45370	n-d---fv-
εὐτυχεῖ	eu)tuxei=	εὐτυχής	eu)tuxh/s	urn:cite2:hmt:lsj.chicago_md:n45370	n-d---fa-
εὐτυχεῖ	eu)tuxei=	εὐτυχής	eu)tuxh/s	urn:cite2:hmt:lsj.chicago_md:n45370	n-d---nn-
εὐτυχεῖ	eu)tuxei=	εὐτυχής	eu)tuxh/s	urn:cite2:hmt:lsj.chicago_md:n45370	n-d---nv-
εὐτυχεῖ	eu)tuxei=	εὐτυχής	eu)tuxh/s	urn:cite2:hmt:lsj.chicago_md:n45370	n-d---na-
εὐτυχεῖ	eu)tuxei=	εὐτυχής	eu)tuxh/s	urn:cite2:hmt:lsj.chicago_md:n45370	n-s---md-
εὐτυχεῖ	eu)tuxei=	εὐτυχής	eu)tuxh/s	urn:cite2:hmt:lsj.chicago_md:n45370	n-s---fd-
εὐτυχεῖ	eu)tuxei=	εὐτυχής	eu)tuxh/s	urn:cite2:hmt:lsj.chicago_md:n45370	n-s---nd-
εὐτυχεῖν	eu)tuxei=n	εὐτυχέω	eu)tuxe/w	urn:cite2:hmt:lsj.chicago_md:n45368	v--pna---
εὐτυχεῖς	eu)tuxei=s	εὐτυχέω	eu)tuxe/w	urn:cite2:hmt:lsj.chicago_md:n45368	v2spia---
εὐτυχεῖς	eu)tuxei=s	εὐτυχής	eu)tuxh/s	urn:cite2:hmt:lsj.chicago_md:n45370	n-p---ma-
εὐτυχεῖς	eu)tuxei=s	εὐτυχής	eu)tuxh/s	urn:cite2:hmt:lsj.chicago_md:n45370	n-p---fa-
εὐτυχεῖς	eu)tuxei=s	εὐτυχής	eu)tuxh/s	urn:cite2:hmt:lsj.chicago_md:n45370	n-p---mn-
εὐτυχεῖς	eu)tuxei=s	εὐτυχής	eu)tuxh/s	urn:cite2:hmt:lsj.chicago_md:n45370	n-p---mv-
εὐτυχεῖς	eu)tuxei=s	εὐτυχής	eu)tuxh/s	urn:cite2:hmt:lsj.chicago_md:n45370	n-p---fn-
εὐτυχεῖς	eu)tuxei=s	εὐτυχής	eu)tuxh/s	urn:cite2:hmt:lsj.chicago_md:n45370	n-p---fv-
εὐτυχοῦσι	eu)tuxou=si	εὐτυχέω	eu)tuxe/w	urn:cite2:hmt:lsj.chicago_md:n45368	v-pppamd-
εὐτυχοῦσι	eu)tuxou=si	εὐτυχέω	eu)tuxe/w	urn:cite2:hmt:lsj.chicago_md:n45368	v-pppand-
εὐτυχοῦσι	eu)tuxou=si	εὐτυχέω	eu)tuxe/w	urn:cite2:hmt:lsj.chicago_md:n45368	v3ppia---
εὐτυχοῦσ’	eu)tuxou=s'	εὐτυχέω	eu)tuxe/w	urn:cite2:hmt:lsj.chicago_md:n45368	v-sppafn-
εὐτυχοῦσ’	eu)tuxou=s'	εὐτυχέω	eu)tuxe/w	urn:cite2:hmt:lsj.chicago_md:n45368	v-sppafv-
εὐτυχοῦσ’	eu)tuxou=s'	εὐτυχέω	eu)tuxe/w	urn:cite2:hmt:lsj.chicago_md:n45368	v-pppamd-
εὐτυχοῦσ’	eu)tuxou=s'	εὐτυχέω	eu)tuxe/w	urn:cite2:hmt:lsj.chicago_md:n45368	v-pppand-
εὐτυχοῦσ’	eu)tuxou=s'	εὐτυχέω	eu)tuxe/w	urn:cite2:hmt:lsj.chicago_md:n45368	v3ppia---
εὐτυχοῦσ’	eu)tuxou=s'	εὐτυχέω	eu)tuxe/w	urn:cite2:hmt:lsj.chicago_md:n45368	v-pppafn-
εὐτυχοῦσ’	eu)tuxou=s'	εὐτυχέω	eu)tuxe/w	urn:cite2:hmt:lsj.chicago_md:n45368	v-pppafv-
εὐτυχές	eu)tuxe/s	εὐτυχής	eu)tuxh/s	urn:cite2:hmt:lsj.chicago_md:n45370	n-s---mv-
εὐτυχές	eu)tuxe/s	εὐτυχής	eu)tuxh/s	urn:cite2:hmt:lsj.chicago_md:n45370	n-s---fv-
εὐτυχές	eu)tuxe/s	εὐτυχής	eu)tuxh/s	urn:cite2:hmt:lsj.chicago_md:n45370	n-s---nn-
εὐτυχές	eu)tuxe/s	εὐτυχής	eu)tuxh/s	urn:cite2:hmt:lsj.chicago_md:n45370	n-s---nv-
εὐτυχές	eu)tuxe/s	εὐτυχής	eu)tuxh/s	urn:cite2:hmt:lsj.chicago_md:n45370	n-s---na-
εὐτυχής	eu)tuxh/s	εὐτυχής	eu)tuxh/s	urn:cite2:hmt:lsj.chicago_md:n45370	n-s---mn-
εὐτυχής	eu)tuxh/s	εὐτυχής	eu)tuxh/s	urn:cite2:hmt:lsj.chicago_md:n45370	n-s---fn-
εὐτυχήσουσιν	eu)tuxh/sousin	εὐτυχέω	eu)tuxe/w	urn:cite2:hmt:lsj.chicago_md:n45368	v3pasa---
εὐτυχήσουσιν	eu)tuxh/sousin	εὐτυχέω	eu)tuxe/w	urn:cite2:hmt:lsj.chicago_md:n45368	v-pfpamd-
εὐτυχήσουσιν	eu)tuxh/sousin	εὐτυχέω	eu)tuxe/w	urn:cite2:hmt:lsj.chicago_md:n45368	v-pfpand-
εὐτυχήσουσιν	eu)tuxh/sousin	εὐτυχέω	eu)tuxe/w	urn:cite2:hmt:lsj.chicago_md:n45368	v3pfia---
εὐτυχίαις	eu)tuxi/ais	εὐτυχία	eu)tuxi/a	urn:cite2:hmt:lsj.chicago_md:n45372	n-p---fd-
εὐτυχίας	eu)tuxi/as	εὐτυχία	eu)tuxi/a	urn:cite2:hmt:lsj.chicago_md:n45372	n-p---fa-
εὐτυχίας	eu)tuxi/as	εὐτυχία	eu)tuxi/a	urn:cite2:hmt:lsj.chicago_md:n45372	n-s---fg-
εὐτυχῶν	eu)tuxw=n	εὐτυχέω	eu)tuxe/w	urn:cite2:hmt:lsj.chicago_md:n45368	v-sppamn-
εὐτυχῶν	eu)tuxw=n	εὐτυχής	eu)tuxh/s	urn:cite2:hmt:lsj.chicago_md:n45370	n-p---mg-
εὐτυχῶν	eu)tuxw=n	εὐτυχής	eu)tuxh/s	urn:cite2:hmt:lsj.chicago_md:n45370	n-p---fg-
εὐτυχῶν	eu)tuxw=n	εὐτυχής	eu)tuxh/s	urn:cite2:hmt:lsj.chicago_md:n45370	n-p---ng-
εὐτέκνους	eu)te/knous	εὔτεκνος	eu)/teknos	urn:cite2:hmt:lsj.chicago_md:n45282	n-p---ma-
εὐτέκνους	eu)te/knous	εὔτεκνος	eu)/teknos	urn:cite2:hmt:lsj.chicago_md:n45282	n-p---fa-
εὐτέκνους	eu)te/knous	εὐτεκνόω	eu)tekno/w	urn:cite2:hmt:lsj.chicago_md:n45283	v2siia---
εὐφάμους	eu)fa/mous	εὔφημος	eu)/fhmos	urn:cite2:hmt:lsj.chicago_md:n45408	n-p---ma-
εὐφάμους	eu)fa/mous	εὔφημος	eu)/fhmos	urn:cite2:hmt:lsj.chicago_md:n45408	n-p---fa-
εὐχαῖς	eu)xai=s	εὐχή	eu)xh/	urn:cite2:hmt:lsj.chicago_md:n45492	n-p---fd-
εὐωποί	eu)wpoi/	εὐωπός	eu)wpo/s	urn:cite2:hmt:lsj.chicago_md:n45564	n-p---mn-
εὐωποί	eu)wpoi/	εὐωπός	eu)wpo/s	urn:cite2:hmt:lsj.chicago_md:n45565	n-p---mn-
εὐωποί	eu)wpoi/	εὐωπός	eu)wpo/s	urn:cite2:hmt:lsj.chicago_md:n45564	n-p---mv-
εὐωποί	eu)wpoi/	εὐωπός	eu)wpo/s	urn:cite2:hmt:lsj.chicago_md:n45565	n-p---mv-
εὐωποί	eu)wpoi/	εὐωπός	eu)wpo/s	urn:cite2:hmt:lsj.chicago_md:n45564	n-p---fn-
εὐωποί	eu)wpoi/	εὐωπός	eu)wpo/s	urn:cite2:hmt:lsj.chicago_md:n45565	n-p---fn-
εὐωποί	eu)wpoi/	εὐωπός	eu)wpo/s	urn:cite2:hmt:lsj.chicago_md:n45564	n-p---fv-
εὐωποί	eu)wpoi/	εὐωπός	eu)wpo/s	urn:cite2:hmt:lsj.chicago_md:n45565	n-p---fv-
εὐόχθου	eu)o/xqou	εὔοχθος	eu)/oxqos	urn:cite2:hmt:lsj.chicago_md:n44653	n-s---mg-
εὐόχθου	eu)o/xqou	εὔοχθος	eu)/oxqos	urn:cite2:hmt:lsj.chicago_md:n44653	n-s---fg-
εὐόχθου	eu)o/xqou	εὔοχθος	eu)/oxqos	urn:cite2:hmt:lsj.chicago_md:n44653	n-s---ng-
εὑρεῖν	eu(rei=n	εὑρίσκω	eu(ri/skw	urn:cite2:hmt:lsj.chicago_md:n44964	v--ana---
εὑρήσεις	eu(rh/seis	εὕρησις	eu(/rhsis	urn:cite2:hmt:lsj.chicago_md:n44946	n-p---fn-
εὑρήσεις	eu(rh/seis	εὕρησις	eu(/rhsis	urn:cite2:hmt:lsj.chicago_md:n44946	n-p---fv-
εὑρήσεις	eu(rh/seis	εὕρησις	eu(/rhsis	urn:cite2:hmt:lsj.chicago_md:n44946	n-p---fn-
εὑρήσεις	eu(rh/seis	εὕρησις	eu(/rhsis	urn:cite2:hmt:lsj.chicago_md:n44946	n-p---fa-
εὑρήσεις	eu(rh/seis	εὑρίσκω	eu(ri/skw	urn:cite2:hmt:lsj.chicago_md:n44964	v2sfia---
εὑρήσω	eu(rh/sw	εὑρίσκω	eu(ri/skw	urn:cite2:hmt:lsj.chicago_md:n44964	v1sfia---
εὑρίσκομεν	eu(ri/skomen	εὑρίσκω	eu(ri/skw	urn:cite2:hmt:lsj.chicago_md:n44964	v1ppia---
εὑρίσκομεν	eu(ri/skomen	εὑρίσκω	eu(ri/skw	urn:cite2:hmt:lsj.chicago_md:n44964	v1piia---
εὑρίσκομεν	eu(ri/skomen	εὑρίσκω	eu(ri/skw	urn:cite2:hmt:lsj.chicago_md:n44964	v1piia---
εὑρίσκω	eu(ri/skw	εὑρίσκω	eu(ri/skw	urn:cite2:hmt:lsj.chicago_md:n44964	v1spsa---
εὑρίσκω	eu(ri/skw	εὑρίσκω	eu(ri/skw	urn:cite2:hmt:lsj.chicago_md:n44964	v1spia---
εὑρίσκῃ	eu(ri/skh|	εὑρίσκω	eu(ri/skw	urn:cite2:hmt:lsj.chicago_md:n44964	v2spse---
εὑρίσκῃ	eu(ri/skh|	εὑρίσκω	eu(ri/skw	urn:cite2:hmt:lsj.chicago_md:n44964	v2spie---
εὑρίσκῃ	eu(ri/skh|	εὑρίσκω	eu(ri/skw	urn:cite2:hmt:lsj.chicago_md:n44964	v3spsa---
εὑρών	eu(rw/n	εὑρίσκω	eu(ri/skw	urn:cite2:hmt:lsj.chicago_md:n44964	v-sapamn-
εὔπαιδος	eu)/paidos	εὔπαις	eu)/pais	urn:cite2:hmt:lsj.chicago_md:n44669	n-s---mg-
εὔπαιδος	eu)/paidos	εὔπαις	eu)/pais	urn:cite2:hmt:lsj.chicago_md:n44669	n-s---fg-
εὔπτερον	eu)/pteron	εὔπτερος	eu)/pteros	urn:cite2:hmt:lsj.chicago_md:n44896	n-s---ma-
εὔπτερον	eu)/pteron	εὔπτερος	eu)/pteros	urn:cite2:hmt:lsj.chicago_md:n44896	n-s---fa-
εὔπτερον	eu)/pteron	εὔπτερος	eu)/pteros	urn:cite2:hmt:lsj.chicago_md:n44896	n-s---nn-
εὔπτερον	eu)/pteron	εὔπτερος	eu)/pteros	urn:cite2:hmt:lsj.chicago_md:n44896	n-s---nv-
εὔπτερον	eu)/pteron	εὔπτερος	eu)/pteros	urn:cite2:hmt:lsj.chicago_md:n44896	n-s---na-
εὔφημον	eu)/fhmon	εὔφημος	eu)/fhmos	urn:cite2:hmt:lsj.chicago_md:n45408	n-s---ma-
εὔφημον	eu)/fhmon	εὔφημος	eu)/fhmos	urn:cite2:hmt:lsj.chicago_md:n45408	n-s---fa-
εὔφημον	eu)/fhmon	εὔφημος	eu)/fhmos	urn:cite2:hmt:lsj.chicago_md:n45408	n-s---nn-
εὔφημον	eu)/fhmon	εὔφημος	eu)/fhmos	urn:cite2:hmt:lsj.chicago_md:n45408	n-s---nv-
εὔφημον	eu)/fhmon	εὔφημος	eu)/fhmos	urn:cite2:hmt:lsj.chicago_md:n45408	n-s---na-
εὔφημ’	eu)/fhm'	εὔφημος	eu)/fhmos	urn:cite2:hmt:lsj.chicago_md:n45408	n-p---nn-
εὔφημ’	eu)/fhm'	εὔφημος	eu)/fhmos	urn:cite2:hmt:lsj.chicago_md:n45408	n-p---nv-
εὔφημ’	eu)/fhm'	εὔφημος	eu)/fhmos	urn:cite2:hmt:lsj.chicago_md:n45408	n-p---na-
εὔφημ’	eu)/fhm'	εὔφημος	eu)/fhmos	urn:cite2:hmt:lsj.chicago_md:n45408	n-s---mv-
εὔφημ’	eu)/fhm'	εὔφημος	eu)/fhmos	urn:cite2:hmt:lsj.chicago_md:n45408	n-s---fv-
εὔχου	eu)/xou	εὔχομαι	eu)/xomai	urn:cite2:hmt:lsj.chicago_md:n45499	v2siie---
εὔχου	eu)/xou	εὔχομαι	eu)/xomai	urn:cite2:hmt:lsj.chicago_md:n45499	v2spme---
εὔχου	eu)/xou	εὔχομαι	eu)/xomai	urn:cite2:hmt:lsj.chicago_md:n45499	v2siie---
εὕρημα	eu(/rhma	εὕρημα	eu(/rhma	urn:cite2:hmt:lsj.chicago_md:n44938	n-s---nn-
εὕρημα	eu(/rhma	εὕρημα	eu(/rhma	urn:cite2:hmt:lsj.chicago_md:n44938	n-s---nv-
εὕρημα	eu(/rhma	εὕρημα	eu(/rhma	urn:cite2:hmt:lsj.chicago_md:n44938	n-s---na-
εὕρημ’	eu(/rhm'	εὕρημα	eu(/rhma	urn:cite2:hmt:lsj.chicago_md:n44938	n-s---nn-
εὕρημ’	eu(/rhm'	εὕρημα	eu(/rhma	urn:cite2:hmt:lsj.chicago_md:n44938	n-s---nv-
εὕρημ’	eu(/rhm'	εὕρημα	eu(/rhma	urn:cite2:hmt:lsj.chicago_md:n44938	n-s---na-
εὕρημ’	eu(/rhm'	εὑρίσκω	eu(ri/skw	urn:cite2:hmt:lsj.chicago_md:n44964	v1srie---
εὕροιμεν	eu(/roimen	εὑρίσκω	eu(ri/skw	urn:cite2:hmt:lsj.chicago_md:n44964	v1paoa---
εὕρω	eu(/rw	εὑρίσκω	eu(ri/skw	urn:cite2:hmt:lsj.chicago_md:n44964	v2saim---
εὕρω	eu(/rw	εὑρίσκω	eu(ri/skw	urn:cite2:hmt:lsj.chicago_md:n44964	v1sasa---
εὕρω	eu(/rw	εὑρίσκω	eu(ri/skw	urn:cite2:hmt:lsj.chicago_md:n44964	v1sasa---
εὕρω	eu(/rw	εὑρίσκω	eu(ri/skw	urn:cite2:hmt:lsj.chicago_md:n44964	v2saim---
εὖ	eu)=	εὖ	eu)=	urn:cite2:hmt:lsj.chicago_md:n43309	d--------
εὖτ’	eu)=t'	εὖτε	eu)=te	urn:cite2:hmt:lsj.chicago_md:n45273	c--------
ζαθέαις	zaqe/ais	ζάθεος	za/qeos	urn:cite2:hmt:lsj.chicago_md:n46068	a-p---fd-
ζημιοῦσιν	zhmiou=sin	ζημιόω	zhmio/w	urn:cite2:hmt:lsj.chicago_md:n46232	v-pppamd-
ζημιοῦσιν	zhmiou=sin	ζημιόω	zhmio/w	urn:cite2:hmt:lsj.chicago_md:n46232	v-pppand-
ζημιοῦσιν	zhmiou=sin	ζημιόω	zhmio/w	urn:cite2:hmt:lsj.chicago_md:n46232	v3ppia---
ζημίαν	zhmi/an	ζημία	zhmi/a	urn:cite2:hmt:lsj.chicago_md:n46228	n-s---fa-
ζητεῖ	zhtei=	ζητέω	zhte/w	urn:cite2:hmt:lsj.chicago_md:n46249	v2spie---
ζητεῖ	zhtei=	ζητέω	zhte/w	urn:cite2:hmt:lsj.chicago_md:n46249	v3spia---
ζητεῖν	zhtei=n	ζητέω	zhte/w	urn:cite2:hmt:lsj.chicago_md:n46249	v--pna---
ζητοῦσιν	zhtou=sin	ζητέω	zhte/w	urn:cite2:hmt:lsj.chicago_md:n46249	v-pppamd-
ζητοῦσιν	zhtou=sin	ζητέω	zhte/w	urn:cite2:hmt:lsj.chicago_md:n46249	v-pppand-
ζητοῦσιν	zhtou=sin	ζητέω	zhte/w	urn:cite2:hmt:lsj.chicago_md:n46249	v3ppia---
ζητήματα	zhth/mata	ζήτημα	zh/thma	urn:cite2:hmt:lsj.chicago_md:n46250	n-p---nn-
ζητήματα	zhth/mata	ζήτημα	zh/thma	urn:cite2:hmt:lsj.chicago_md:n46250	n-p---nv-
ζητήματα	zhth/mata	ζήτημα	zh/thma	urn:cite2:hmt:lsj.chicago_md:n46250	n-p---na-
ζητῶ	zhtw=	ζητέω	zhte/w	urn:cite2:hmt:lsj.chicago_md:n46249	v1spsa---
ζητῶ	zhtw=	ζητέω	zhte/w	urn:cite2:hmt:lsj.chicago_md:n46249	v1spia---
ζητῶν	zhtw=n	ζητέω	zhte/w	urn:cite2:hmt:lsj.chicago_md:n46249	v-sppamn-
ζυγοῖς	zugoi=s	ζυγέω	zuge/w	urn:cite2:hmt:lsj.chicago_md:n46303	v2spoa---
ζυγοῖς	zugoi=s	ζυγόν	zugo/n	urn:cite2:hmt:lsj.chicago_md:n46330	n-p---md-
ζυγοῖς	zugoi=s	ζυγόν	zugo/n	urn:cite2:hmt:lsj.chicago_md:n46330	n-p---nd-
ζυγοῖς	zugoi=s	ζυγός	zugo/s	urn:cite2:hmt:lsj.chicago_md:n46333	n-p---md-
ζυγοῖς	zugoi=s	ζυγόω	zugo/w	urn:cite2:hmt:lsj.chicago_md:n46348	v2spoa---
ζυγοῖς	zugoi=s	ζυγόω	zugo/w	urn:cite2:hmt:lsj.chicago_md:n46348	v2spsa---
ζυγοῖς	zugoi=s	ζυγόω	zugo/w	urn:cite2:hmt:lsj.chicago_md:n46348	v2spia---
ζυγόν	zugo/n	ζυγόν	zugo/n	urn:cite2:hmt:lsj.chicago_md:n46330	n-s---ma-
ζυγόν	zugo/n	ζυγόν	zugo/n	urn:cite2:hmt:lsj.chicago_md:n46330	n-s---nn-
ζυγόν	zugo/n	ζυγόν	zugo/n	urn:cite2:hmt:lsj.chicago_md:n46330	n-s---nv-
ζυγόν	zugo/n	ζυγόν	zugo/n	urn:cite2:hmt:lsj.chicago_md:n46330	n-s---na-
ζυγόν	zugo/n	ζυγός	zugo/s	urn:cite2:hmt:lsj.chicago_md:n46333	n-s---ma-
ζάθεον	za/qeon	ζάθεος	za/qeos	urn:cite2:hmt:lsj.chicago_md:n46068	a-s---ma-
ζάθεον	za/qeon	ζάθεος	za/qeos	urn:cite2:hmt:lsj.chicago_md:n46068	a-s---nn-
ζάθεον	za/qeon	ζάθεος	za/qeos	urn:cite2:hmt:lsj.chicago_md:n46068	a-s---nv-
ζάθεον	za/qeon	ζάθεος	za/qeos	urn:cite2:hmt:lsj.chicago_md:n46068	a-s---na-
ζάθεον	za/qeon	ζάθεος	za/qeos	urn:cite2:hmt:lsj.chicago_md:n46068	n-s---ma-
ζάθεον	za/qeon	ζάθεος	za/qeos	urn:cite2:hmt:lsj.chicago_md:n46068	n-s---fa-
ζάθεον	za/qeon	ζάθεος	za/qeos	urn:cite2:hmt:lsj.chicago_md:n46068	n-s---nn-
ζάθεον	za/qeon	ζάθεος	za/qeos	urn:cite2:hmt:lsj.chicago_md:n46068	n-s---nv-
ζάθεον	za/qeon	ζάθεος	za/qeos	urn:cite2:hmt:lsj.chicago_md:n46068	n-s---na-
ζῆν	zh=n	ζάω	za/w	urn:cite2:hmt:lsj.chicago_md:n46123	v--pna---
ζῆν	zh=n	ζέω	ze/w	urn:cite2:hmt:lsj.chicago_md:n46204	v--pna---
ζῶν	zw=n	ζάω	za/w	urn:cite2:hmt:lsj.chicago_md:n46123	v-sppamv-
ζῶν	zw=n	ζάω	za/w	urn:cite2:hmt:lsj.chicago_md:n46123	v-sppann-
ζῶν	zw=n	ζάω	za/w	urn:cite2:hmt:lsj.chicago_md:n46123	v-sppanv-
ζῶν	zw=n	ζάω	za/w	urn:cite2:hmt:lsj.chicago_md:n46123	v-sppana-
ζῶν	zw=n	ζάω	za/w	urn:cite2:hmt:lsj.chicago_md:n46123	v-sppamn-
ζῶν	zw=n	ζάω	za/w	urn:cite2:hmt:lsj.chicago_md:n46123	v3piia---
ζῶν	zw=n	ζάω	za/w	urn:cite2:hmt:lsj.chicago_md:n46123	v1siia---
ζῶν	zw=n	ζέω	ze/w	urn:cite2:hmt:lsj.chicago_md:n46204	v-sppamn-
ζῶσά	zw=sa/	ζάω	za/w	urn:cite2:hmt:lsj.chicago_md:n46123	v-sppafn-
ζῶσά	zw=sa/	ζάω	za/w	urn:cite2:hmt:lsj.chicago_md:n46123	v-sppafv-
ζῶσά	zw=sa/	ζώννυμι	zw/nnumi	urn:cite2:hmt:lsj.chicago_md:n46461	v1saia---
ηὐνάσθη	hu)na/sqh	εὐνάζω	eu)na/zw	urn:cite2:hmt:lsj.chicago_md:n44521	v3saip---
ηὐνάσθην	hu)na/sqhn	εὐνάω	eu)na/w	urn:cite2:hmt:lsj.chicago_md:n44529	v3diie---
ηὐνάσθην	hu)na/sqhn	εὐνάω	eu)na/w	urn:cite2:hmt:lsj.chicago_md:n44529	v3dlie---
ηὐνάσθην	hu)na/sqhn	εὐνάζω	eu)na/zw	urn:cite2:hmt:lsj.chicago_md:n44521	v3dlie---
ηὐνάσθην	hu)na/sqhn	εὐνάζω	eu)na/zw	urn:cite2:hmt:lsj.chicago_md:n44521	v3paip---
ηὐνάσθην	hu)na/sqhn	εὐνάζω	eu)na/zw	urn:cite2:hmt:lsj.chicago_md:n44521	v1saip---
ηὕρομεν	hu(/romen	εὑρίσκω	eu(ri/skw	urn:cite2:hmt:lsj.chicago_md:n44964	v1paia---
ηὗρες	hu(=res	εὑρίσκω	eu(ri/skw	urn:cite2:hmt:lsj.chicago_md:n44964	v2saia---
ηὗρον	hu(=ron	εὑρίσκω	eu(ri/skw	urn:cite2:hmt:lsj.chicago_md:n44964	v3paia---
ηὗρον	hu(=ron	εὑρίσκω	eu(ri/skw	urn:cite2:hmt:lsj.chicago_md:n44964	v1saia---
ηὗρ’	hu(=r'	εὑρίσκω	eu(ri/skw	urn:cite2:hmt:lsj.chicago_md:n44964	v3saia---
θακήματα	qakh/mata	θάκημα	qa/khma	urn:cite2:hmt:lsj.chicago_md:n47713	n-p---nn-
θακήματα	qakh/mata	θάκημα	qa/khma	urn:cite2:hmt:lsj.chicago_md:n47713	n-p---nv-
θακήματα	qakh/mata	θάκημα	qa/khma	urn:cite2:hmt:lsj.chicago_md:n47713	n-p---na-
θαλάμας	qala/mas	θαλάμη	qala/mh	urn:cite2:hmt:lsj.chicago_md:n47722	n-p---fa-
θαλάμας	qala/mas	θαλάμη	qala/mh	urn:cite2:hmt:lsj.chicago_md:n47722	n-s---fg-
θαλάμοις	qala/mois	θάλαμος	qa/lamos	urn:cite2:hmt:lsj.chicago_md:n47734	n-p---md-
θαλάμων	qala/mwn	θάλαμος	qa/lamos	urn:cite2:hmt:lsj.chicago_md:n47734	n-p---mg-
θανασίμους	qanasi/mous	θανάσιμος	qana/simos	urn:cite2:hmt:lsj.chicago_md:n47863	n-p---ma-
θανασίμους	qanasi/mous	θανάσιμος	qana/simos	urn:cite2:hmt:lsj.chicago_md:n47863	n-p---fa-
θανασίμων	qanasi/mwn	θανάσιμος	qana/simos	urn:cite2:hmt:lsj.chicago_md:n47863	n-p---mg-
θανασίμων	qanasi/mwn	θανάσιμος	qana/simos	urn:cite2:hmt:lsj.chicago_md:n47863	n-p---fg-
θανασίμων	qanasi/mwn	θανάσιμος	qana/simos	urn:cite2:hmt:lsj.chicago_md:n47863	n-p---ng-
θανάσιμον	qana/simon	θανάσιμος	qana/simos	urn:cite2:hmt:lsj.chicago_md:n47863	n-s---ma-
θανάσιμον	qana/simon	θανάσιμος	qana/simos	urn:cite2:hmt:lsj.chicago_md:n47863	n-s---fa-
θανάσιμον	qana/simon	θανάσιμος	qana/simos	urn:cite2:hmt:lsj.chicago_md:n47863	n-s---nn-
θανάσιμον	qana/simon	θανάσιμος	qana/simos	urn:cite2:hmt:lsj.chicago_md:n47863	n-s---nv-
θανάσιμον	qana/simon	θανάσιμος	qana/simos	urn:cite2:hmt:lsj.chicago_md:n47863	n-s---na-
θανάτου	qana/tou	θάνατος	qa/natos	urn:cite2:hmt:lsj.chicago_md:n47876	n-s---mg-
θανάτου	qana/tou	θανατόω	qanato/w	urn:cite2:hmt:lsj.chicago_md:n47879	v2spma---
θανάτου	qana/tou	θανατόω	qanato/w	urn:cite2:hmt:lsj.chicago_md:n47879	v3siia---
θαρσεῖν	qarsei=n	θαρσέω	qarse/w	urn:cite2:hmt:lsj.chicago_md:n47897	v--pna---
θαυμάζομεν	qauma/zomen	θαυμάζω	qauma/zw	urn:cite2:hmt:lsj.chicago_md:n47917	v1ppia---
θαυμάζομεν	qauma/zomen	θαυμάζω	qauma/zw	urn:cite2:hmt:lsj.chicago_md:n47917	v1piia---
θαυμάζω	qauma/zw	θαυμάζω	qauma/zw	urn:cite2:hmt:lsj.chicago_md:n47917	v1spsa---
θαυμάζω	qauma/zw	θαυμάζω	qauma/zw	urn:cite2:hmt:lsj.chicago_md:n47917	v1spia---
θαύματ’	qau/mat'	θαῦμα	qau=ma	urn:cite2:hmt:lsj.chicago_md:n47916	n-p---nn-
θαύματ’	qau/mat'	θαῦμα	qau=ma	urn:cite2:hmt:lsj.chicago_md:n47916	n-p---nv-
θαύματ’	qau/mat'	θαῦμα	qau=ma	urn:cite2:hmt:lsj.chicago_md:n47916	n-p---na-
θαύματ’	qau/mat'	θαῦμα	qau=ma	urn:cite2:hmt:lsj.chicago_md:n47916	n-s---nd-
θαύματ’	qau/mat'	θαῦμα	qau=ma	urn:cite2:hmt:lsj.chicago_md:n47916	n-d---nn-
θαύματ’	qau/mat'	θαῦμα	qau=ma	urn:cite2:hmt:lsj.chicago_md:n47916	n-d---nv-
θαύματ’	qau/mat'	θαῦμα	qau=ma	urn:cite2:hmt:lsj.chicago_md:n47916	n-d---na-
θεατήν	qeath/n	θεατής	qeath/s	urn:cite2:hmt:lsj.chicago_md:n47973	n-s---ma-
θεατήν	qeath/n	θεατός	qeato/s	urn:cite2:hmt:lsj.chicago_md:n47975	a-s---fa-
θεατής	qeath/s	θεατής	qeath/s	urn:cite2:hmt:lsj.chicago_md:n47973	n-s---mn-
θεαί	qeai/	θεά	qea/	urn:cite2:hmt:lsj.chicago_md:n47950	n-p---fn-
θεαί	qeai/	θεά	qea/	urn:cite2:hmt:lsj.chicago_md:n47950	n-p---fv-
θεηλάτου	qehla/tou	θεήλατος	qeh/latos	urn:cite2:hmt:lsj.chicago_md:n48013	n-s---mg-
θεηλάτου	qehla/tou	θεήλατος	qeh/latos	urn:cite2:hmt:lsj.chicago_md:n48013	n-s---fg-
θεηλάτου	qehla/tou	θεήλατος	qeh/latos	urn:cite2:hmt:lsj.chicago_md:n48013	n-s---ng-
θεηλάτους	qehla/tous	θεήλατος	qeh/latos	urn:cite2:hmt:lsj.chicago_md:n48013	n-p---ma-
θεηλάτους	qehla/tous	θεήλατος	qeh/latos	urn:cite2:hmt:lsj.chicago_md:n48013	n-p---fa-
θεμιστεύοντά	qemisteu/onta/	θεμιστεύω	qemisteu/w	urn:cite2:hmt:lsj.chicago_md:n48128	v-pppann-
θεμιστεύοντά	qemisteu/onta/	θεμιστεύω	qemisteu/w	urn:cite2:hmt:lsj.chicago_md:n48128	v-pppanv-
θεμιστεύοντά	qemisteu/onta/	θεμιστεύω	qemisteu/w	urn:cite2:hmt:lsj.chicago_md:n48128	v-pppana-
θεμιστεύοντά	qemisteu/onta/	θεμιστεύω	qemisteu/w	urn:cite2:hmt:lsj.chicago_md:n48128	v-sppama-
θεομανής	qeomanh/s	θεομανής	qeomanh/s	urn:cite2:hmt:lsj.chicago_md:n48220	n-s---mn-
θεομανής	qeomanh/s	θεομανής	qeomanh/s	urn:cite2:hmt:lsj.chicago_md:n48220	n-s---fn-
θεοί	qeoi/	θεός	qeo/s	urn:cite2:hmt:lsj.chicago_md:n48291	n-p---mn-
θεοί	qeoi/	θεός	qeo/s	urn:cite2:hmt:lsj.chicago_md:n48291	n-p---mv-
θεούς	qeou/s	θεός	qeo/s	urn:cite2:hmt:lsj.chicago_md:n48291	n-p---ma-
θεοῖς	qeoi=s	θεάω	qea/w	urn:cite2:hmt:lsj.chicago_md:n47998	v2spoa---
θεοῖς	qeoi=s	θεός	qeo/s	urn:cite2:hmt:lsj.chicago_md:n48291	n-p---md-
θεοῖσιν	qeoi=sin	θεάω	qea/w	urn:cite2:hmt:lsj.chicago_md:n47998	v-pppamd-
θεοῖσιν	qeoi=sin	θεάω	qea/w	urn:cite2:hmt:lsj.chicago_md:n47998	v-pppand-
θεοῖσιν	qeoi=sin	θεός	qeo/s	urn:cite2:hmt:lsj.chicago_md:n48291	n-p---md-
θεοῦ	qeou=	θεάομαι	qea/omai	urn:cite2:hmt:lsj.chicago_md:n47964	v2spme---
θεοῦ	qeou=	θεάομαι	qea/omai	urn:cite2:hmt:lsj.chicago_md:n47964	v2siie---
θεοῦ	qeou=	θεάω	qea/w	urn:cite2:hmt:lsj.chicago_md:n47998	v2spme---
θεοῦ	qeou=	θεάω	qea/w	urn:cite2:hmt:lsj.chicago_md:n47998	v2siie---
θεοῦ	qeou=	θεός	qeo/s	urn:cite2:hmt:lsj.chicago_md:n48291	n-s---mg-
θεραπεύω	qerapeu/w	θεραπεύω	qerapeu/w	urn:cite2:hmt:lsj.chicago_md:n48383	v1spsa---
θεραπεύω	qerapeu/w	θεραπεύω	qerapeu/w	urn:cite2:hmt:lsj.chicago_md:n48383	v1spia---
θεραπεύων	qerapeu/wn	θεραπεύω	qerapeu/w	urn:cite2:hmt:lsj.chicago_md:n48383	v-sppamn-
θεραπεῖαι	qerapei=ai	θεραπεία	qerapei/a	urn:cite2:hmt:lsj.chicago_md:n48372	n-p---fn-
θεραπεῖαι	qerapei=ai	θεραπεία	qerapei/a	urn:cite2:hmt:lsj.chicago_md:n48372	n-p---fv-
θεσπίζων	qespi/zwn	θεσπίζω	qespi/zw	urn:cite2:hmt:lsj.chicago_md:n48535	v-sppamn-
θεσφάτοισι	qesfa/toisi	θέσφατος	qe/sfatos	urn:cite2:hmt:lsj.chicago_md:n48555	n-p---md-
θεσφάτοισι	qesfa/toisi	θέσφατος	qe/sfatos	urn:cite2:hmt:lsj.chicago_md:n48555	n-p---fd-
θεσφάτοισι	qesfa/toisi	θέσφατος	qe/sfatos	urn:cite2:hmt:lsj.chicago_md:n48555	n-p---nd-
θεωρόν	qewro/n	θεωρός	qewro/s	urn:cite2:hmt:lsj.chicago_md:n48598	n-s---ma-
θεά	qea/	θεά	qea/	urn:cite2:hmt:lsj.chicago_md:n47950	n-d---fn-
θεά	qea/	θεά	qea/	urn:cite2:hmt:lsj.chicago_md:n47950	n-d---fv-
θεά	qea/	θεά	qea/	urn:cite2:hmt:lsj.chicago_md:n47950	n-d---fa-
θεά	qea/	θεά	qea/	urn:cite2:hmt:lsj.chicago_md:n47950	n-s---fn-
θεά	qea/	θεά	qea/	urn:cite2:hmt:lsj.chicago_md:n47950	n-s---fv-
θεάν	qea/n	θεά	qea/	urn:cite2:hmt:lsj.chicago_md:n47950	n-s---fa-
θεόθεν	qeo/qen	θεόθεν	qeo/qen	urn:cite2:hmt:lsj.chicago_md:n48179	d--------
θεόν	qeo/n	θεός	qeo/s	urn:cite2:hmt:lsj.chicago_md:n48291	n-s---ma-
θεός	qeo/s	θεός	qeo/s	urn:cite2:hmt:lsj.chicago_md:n48291	n-s---mn-
θεᾶς	qea=s	θεά	qea/	urn:cite2:hmt:lsj.chicago_md:n47950	n-s---fg-
θεᾶς	qea=s	θεάω	qea/w	urn:cite2:hmt:lsj.chicago_md:n47998	v2spia---
θεᾶσθ’	qea=sq'	θεάομαι	qea/omai	urn:cite2:hmt:lsj.chicago_md:n47964	v2ppme---
θεᾶσθ’	qea=sq'	θεάομαι	qea/omai	urn:cite2:hmt:lsj.chicago_md:n47964	v2ppse---
θεᾶσθ’	qea=sq'	θεάομαι	qea/omai	urn:cite2:hmt:lsj.chicago_md:n47964	v2ppie---
θεᾶσθ’	qea=sq'	θεάομαι	qea/omai	urn:cite2:hmt:lsj.chicago_md:n47964	v--pne---
θεᾶσθ’	qea=sq'	θεάομαι	qea/omai	urn:cite2:hmt:lsj.chicago_md:n47964	v2piie---
θεᾶσθ’	qea=sq'	θεάω	qea/w	urn:cite2:hmt:lsj.chicago_md:n47998	v2spsa---
θεᾶσθ’	qea=sq'	θεάω	qea/w	urn:cite2:hmt:lsj.chicago_md:n47998	v2ppme---
θεᾶσθ’	qea=sq'	θεάω	qea/w	urn:cite2:hmt:lsj.chicago_md:n47998	v2ppse---
θεᾶσθ’	qea=sq'	θεάω	qea/w	urn:cite2:hmt:lsj.chicago_md:n47998	v2ppie---
θεᾶσθ’	qea=sq'	θεάω	qea/w	urn:cite2:hmt:lsj.chicago_md:n47998	v2ppsa---
θεᾶσθ’	qea=sq'	θεάω	qea/w	urn:cite2:hmt:lsj.chicago_md:n47998	v--pne---
θεᾶσθ’	qea=sq'	θεάω	qea/w	urn:cite2:hmt:lsj.chicago_md:n47998	v2piie---
θεᾷ	qea=|	θεά	qea/	urn:cite2:hmt:lsj.chicago_md:n47950	n-s---fd-
θεᾷ	qea=|	θεάομαι	qea/omai	urn:cite2:hmt:lsj.chicago_md:n47964	v2spse---
θεᾷ	qea=|	θεάομαι	qea/omai	urn:cite2:hmt:lsj.chicago_md:n47964	v2spie---
θεᾷ	qea=|	θεάω	qea/w	urn:cite2:hmt:lsj.chicago_md:n47998	v2spse---
θεᾷ	qea=|	θεάω	qea/w	urn:cite2:hmt:lsj.chicago_md:n47998	v2spie---
θεᾷ	qea=|	θεάω	qea/w	urn:cite2:hmt:lsj.chicago_md:n47998	v3spsa---
θεᾷ	qea=|	θεάω	qea/w	urn:cite2:hmt:lsj.chicago_md:n47998	v3spia---
θεῖ	qei=	θέω	qe/w	urn:cite2:hmt:lsj.chicago_md:n48574	v2spma---
θεῖ	qei=	θέω	qe/w	urn:cite2:hmt:lsj.chicago_md:n48575	v2spma---
θεῖ	qei=	θέω	qe/w	urn:cite2:hmt:lsj.chicago_md:n48574	v3spia---
θεῖ	qei=	θέω	qe/w	urn:cite2:hmt:lsj.chicago_md:n48575	v3spia---
θεῖ	qei=	θέω	qe/w	urn:cite2:hmt:lsj.chicago_md:n48574	v2spim---
θεῖ	qei=	θέω	qe/w	urn:cite2:hmt:lsj.chicago_md:n48575	v2spim---
θεῖ	qei=	θέω	qe/w	urn:cite2:hmt:lsj.chicago_md:n48574	v3siia---
θεῖ	qei=	θέω	qe/w	urn:cite2:hmt:lsj.chicago_md:n48575	v3siia---
θεῖναι	qei=nai	θείνω	qei/nw	urn:cite2:hmt:lsj.chicago_md:n48038	v2samm---
θεῖναι	qei=nai	θείνω	qei/nw	urn:cite2:hmt:lsj.chicago_md:n48038	v--ana---
θεῖναι	qei=nai	τίθημι	ti/qhmi	urn:cite2:hmt:lsj.chicago_md:n103922	v--ana---
θεῖον	qei=on	θέω	qe/w	urn:cite2:hmt:lsj.chicago_md:n48574	v-sppamv-
θεῖον	qei=on	θέω	qe/w	urn:cite2:hmt:lsj.chicago_md:n48575	v-sppamv-
θεῖον	qei=on	θέω	qe/w	urn:cite2:hmt:lsj.chicago_md:n48574	v-sppann-
θεῖον	qei=on	θέω	qe/w	urn:cite2:hmt:lsj.chicago_md:n48575	v-sppann-
θεῖον	qei=on	θέω	qe/w	urn:cite2:hmt:lsj.chicago_md:n48574	v-sppanv-
θεῖον	qei=on	θέω	qe/w	urn:cite2:hmt:lsj.chicago_md:n48575	v-sppanv-
θεῖον	qei=on	θέω	qe/w	urn:cite2:hmt:lsj.chicago_md:n48574	v-sppana-
θεῖον	qei=on	θέω	qe/w	urn:cite2:hmt:lsj.chicago_md:n48575	v-sppana-
θεῖον	qei=on	θέω	qe/w	urn:cite2:hmt:lsj.chicago_md:n48574	v3piia---
θεῖον	qei=on	θέω	qe/w	urn:cite2:hmt:lsj.chicago_md:n48575	v3piia---
θεῖον	qei=on	θέω	qe/w	urn:cite2:hmt:lsj.chicago_md:n48574	v1siia---
θεῖον	qei=on	θέω	qe/w	urn:cite2:hmt:lsj.chicago_md:n48575	v1siia---
θεῖον	qei=on	θεῖοσ1	qei=os	urn:cite2:hmt:lsj.chicago_md:n48051	a-s---ma-
θεῖον	qei=on	θεῖοσ1	qei=os	urn:cite2:hmt:lsj.chicago_md:n48052	a-s---ma-
θεῖον	qei=on	θεῖοσ1	qei=os	urn:cite2:hmt:lsj.chicago_md:n48051	a-s---nn-
θεῖον	qei=on	θεῖοσ1	qei=os	urn:cite2:hmt:lsj.chicago_md:n48052	a-s---nn-
θεῖον	qei=on	θεῖοσ1	qei=os	urn:cite2:hmt:lsj.chicago_md:n48051	a-s---nv-
θεῖον	qei=on	θεῖοσ1	qei=os	urn:cite2:hmt:lsj.chicago_md:n48052	a-s---nv-
θεῖον	qei=on	θεῖοσ1	qei=os	urn:cite2:hmt:lsj.chicago_md:n48051	a-s---na-
θεῖον	qei=on	θεῖοσ1	qei=os	urn:cite2:hmt:lsj.chicago_md:n48052	a-s---na-
θεῖον	qei=on	θεῖοσ2	qei=os	urn:cite2:hmt:lsj.chicago_md:n48051	n-s---ma-
θεῖον	qei=on	θεῖοσ2	qei=os	urn:cite2:hmt:lsj.chicago_md:n48052	n-s---ma-
θεῶν	qew=n	θέα	qe/a	urn:cite2:hmt:lsj.chicago_md:n47951	n-p---fg-
θεῶν	qew=n	θεά	qea/	urn:cite2:hmt:lsj.chicago_md:n47950	n-p---fg-
θεῶν	qew=n	θεάω	qea/w	urn:cite2:hmt:lsj.chicago_md:n47998	v-sppamv-
θεῶν	qew=n	θεάω	qea/w	urn:cite2:hmt:lsj.chicago_md:n47998	v-sppann-
θεῶν	qew=n	θεάω	qea/w	urn:cite2:hmt:lsj.chicago_md:n47998	v-sppanv-
θεῶν	qew=n	θεάω	qea/w	urn:cite2:hmt:lsj.chicago_md:n47998	v-sppana-
θεῶν	qew=n	θεάω	qea/w	urn:cite2:hmt:lsj.chicago_md:n47998	v-sppamn-
θεῶν	qew=n	θεάω	qea/w	urn:cite2:hmt:lsj.chicago_md:n47998	v-sppamn-
θεῶν	qew=n	θεός	qeo/s	urn:cite2:hmt:lsj.chicago_md:n48291	n-p---mg-
θεῷ	qew=|	θεάω	qea/w	urn:cite2:hmt:lsj.chicago_md:n47998	v3spoa---
θεῷ	qew=|	θεός	qeo/s	urn:cite2:hmt:lsj.chicago_md:n48291	n-s---md-
θηκτόν	qhkto/n	θηκτός	qhkto/s	urn:cite2:hmt:lsj.chicago_md:n48628	a-s---ma-
θηκτόν	qhkto/n	θηκτός	qhkto/s	urn:cite2:hmt:lsj.chicago_md:n48628	a-s---nn-
θηκτόν	qhkto/n	θηκτός	qhkto/s	urn:cite2:hmt:lsj.chicago_md:n48628	a-s---nv-
θηκτόν	qhkto/n	θηκτός	qhkto/s	urn:cite2:hmt:lsj.chicago_md:n48628	a-s---na-
θηρσί	qhrsi/	θήρ	qh/r	urn:cite2:hmt:lsj.chicago_md:n48702	n-p---md-
θηρσίν	qhrsi/n	θήρ	qh/r	urn:cite2:hmt:lsj.chicago_md:n48702	n-p---md-
θηράματα	qhra/mata	θήραμα	qh/rama	urn:cite2:hmt:lsj.chicago_md:n48709	n-p---nn-
θηράματα	qhra/mata	θήραμα	qh/rama	urn:cite2:hmt:lsj.chicago_md:n48709	n-p---nv-
θηράματα	qhra/mata	θήραμα	qh/rama	urn:cite2:hmt:lsj.chicago_md:n48709	n-p---na-
θηρώμεθ’	qhrw/meq'	θηράω	qhra/w	urn:cite2:hmt:lsj.chicago_md:n48722	v1ppse---
θηρώμεθ’	qhrw/meq'	θηράω	qhra/w	urn:cite2:hmt:lsj.chicago_md:n48722	v1ppie---
θηρώμεθ’	qhrw/meq'	θηράω	qhra/w	urn:cite2:hmt:lsj.chicago_md:n48722	v1ppse---
θηρώμεθ’	qhrw/meq'	θηράω	qhra/w	urn:cite2:hmt:lsj.chicago_md:n48722	v1piie---
θησαυρίσμασιν	qhsauri/smasin	θησαύρισμα	qhsau/risma	urn:cite2:hmt:lsj.chicago_md:n48817	n-p---nd-
θησαυρός	qhsauro/s	θησαυρός	qhsauro/s	urn:cite2:hmt:lsj.chicago_md:n48824	n-s---mn-
θησαυρῶν	qhsaurw=n	θησαυρός	qhsauro/s	urn:cite2:hmt:lsj.chicago_md:n48824	n-p---mg-
θνατοῖς	qnatoi=s	θνητός	qnhto/s	urn:cite2:hmt:lsj.chicago_md:n48910	a-p---md-
θνατοῖς	qnatoi=s	θνητός	qnhto/s	urn:cite2:hmt:lsj.chicago_md:n48910	a-p---nd-
θνατοῖς	qnatoi=s	θνητός	qnhto/s	urn:cite2:hmt:lsj.chicago_md:n48910	n-p---md-
θνατοῖς	qnatoi=s	θνητός	qnhto/s	urn:cite2:hmt:lsj.chicago_md:n48910	n-p---fd-
θνατοῖς	qnatoi=s	θνητός	qnhto/s	urn:cite2:hmt:lsj.chicago_md:n48910	n-p---nd-
θνητοῖς	qnhtoi=s	θνητός	qnhto/s	urn:cite2:hmt:lsj.chicago_md:n48910	a-p---md-
θνητοῖς	qnhtoi=s	θνητός	qnhto/s	urn:cite2:hmt:lsj.chicago_md:n48910	a-p---nd-
θνητοῖς	qnhtoi=s	θνητός	qnhto/s	urn:cite2:hmt:lsj.chicago_md:n48910	n-p---md-
θνητοῖς	qnhtoi=s	θνητός	qnhto/s	urn:cite2:hmt:lsj.chicago_md:n48910	n-p---fd-
θνητοῖς	qnhtoi=s	θνητός	qnhto/s	urn:cite2:hmt:lsj.chicago_md:n48910	n-p---nd-
θνητοῦ	qnhtou=	θνητός	qnhto/s	urn:cite2:hmt:lsj.chicago_md:n48910	a-s---mg-
θνητοῦ	qnhtou=	θνητός	qnhto/s	urn:cite2:hmt:lsj.chicago_md:n48910	a-s---ng-
θνητοῦ	qnhtou=	θνητός	qnhto/s	urn:cite2:hmt:lsj.chicago_md:n48910	n-s---mg-
θνητοῦ	qnhtou=	θνητός	qnhto/s	urn:cite2:hmt:lsj.chicago_md:n48910	n-s---fg-
θνητοῦ	qnhtou=	θνητός	qnhto/s	urn:cite2:hmt:lsj.chicago_md:n48910	n-s---ng-
θνητά	qnhta/	θνητός	qnhto/s	urn:cite2:hmt:lsj.chicago_md:n48910	a-p---nn-
θνητά	qnhta/	θνητός	qnhto/s	urn:cite2:hmt:lsj.chicago_md:n48910	a-p---nv-
θνητά	qnhta/	θνητός	qnhto/s	urn:cite2:hmt:lsj.chicago_md:n48910	a-p---na-
θνητά	qnhta/	θνητός	qnhto/s	urn:cite2:hmt:lsj.chicago_md:n48910	a-d---fn-
θνητά	qnhta/	θνητός	qnhto/s	urn:cite2:hmt:lsj.chicago_md:n48910	a-d---fv-
θνητά	qnhta/	θνητός	qnhto/s	urn:cite2:hmt:lsj.chicago_md:n48910	a-d---fa-
θνητά	qnhta/	θνητός	qnhto/s	urn:cite2:hmt:lsj.chicago_md:n48910	a-s---fn-
θνητά	qnhta/	θνητός	qnhto/s	urn:cite2:hmt:lsj.chicago_md:n48910	a-s---fv-
θνητά	qnhta/	θνητός	qnhto/s	urn:cite2:hmt:lsj.chicago_md:n48910	n-p---nn-
θνητά	qnhta/	θνητός	qnhto/s	urn:cite2:hmt:lsj.chicago_md:n48910	n-p---nv-
θνητά	qnhta/	θνητός	qnhto/s	urn:cite2:hmt:lsj.chicago_md:n48910	n-p---na-
θνητός	qnhto/s	θνητός	qnhto/s	urn:cite2:hmt:lsj.chicago_md:n48910	a-s---mn-
θνητός	qnhto/s	θνητός	qnhto/s	urn:cite2:hmt:lsj.chicago_md:n48910	n-s---mn-
θνητός	qnhto/s	θνητός	qnhto/s	urn:cite2:hmt:lsj.chicago_md:n48910	n-s---fn-
θνητῶν	qnhtw=n	θνητός	qnhto/s	urn:cite2:hmt:lsj.chicago_md:n48910	a-p---fg-
θνητῶν	qnhtw=n	θνητός	qnhto/s	urn:cite2:hmt:lsj.chicago_md:n48910	a-p---mg-
θνητῶν	qnhtw=n	θνητός	qnhto/s	urn:cite2:hmt:lsj.chicago_md:n48910	a-p---ng-
θνητῶν	qnhtw=n	θνητός	qnhto/s	urn:cite2:hmt:lsj.chicago_md:n48910	n-p---mg-
θνητῶν	qnhtw=n	θνητός	qnhto/s	urn:cite2:hmt:lsj.chicago_md:n48910	n-p---fg-
θνητῶν	qnhtw=n	θνητός	qnhto/s	urn:cite2:hmt:lsj.chicago_md:n48910	n-p---ng-
θοινατόρων	qoinato/rwn	θοινάτωρ	qoina/twr	urn:cite2:hmt:lsj.chicago_md:n48927	n-p---mg-
θοινάτορας	qoina/toras	θοινάτωρ	qoina/twr	urn:cite2:hmt:lsj.chicago_md:n48927	n-p---ma-
θοινᾷ	qoina=|	θοινάω	qoina/w	urn:cite2:hmt:lsj.chicago_md:n48928	v2spse---
θοινᾷ	qoina=|	θοινάω	qoina/w	urn:cite2:hmt:lsj.chicago_md:n48928	v2spie---
θοινᾷ	qoina=|	θοινάω	qoina/w	urn:cite2:hmt:lsj.chicago_md:n48928	v3spsa---
θοινᾷ	qoina=|	θοινάω	qoina/w	urn:cite2:hmt:lsj.chicago_md:n48928	v3spia---
θοινᾷ	qoina=|	θοινάζω	qoina/zw	urn:cite2:hmt:lsj.chicago_md:n48921	v2sfim---
θοινᾷ	qoina=|	θοινάζω	qoina/zw	urn:cite2:hmt:lsj.chicago_md:n48921	v3sfia---
θοίνα	qoi/na	θοίνη	qoi/nh	urn:cite2:hmt:lsj.chicago_md:n48929	n-d---fn-
θοίνα	qoi/na	θοίνη	qoi/nh	urn:cite2:hmt:lsj.chicago_md:n48929	n-d---fv-
θοίνα	qoi/na	θοίνη	qoi/nh	urn:cite2:hmt:lsj.chicago_md:n48929	n-d---fa-
θοίνα	qoi/na	θοίνη	qoi/nh	urn:cite2:hmt:lsj.chicago_md:n48929	n-s---fn-
θοίνα	qoi/na	θοίνη	qoi/nh	urn:cite2:hmt:lsj.chicago_md:n48929	n-s---fv-
θοίνα	qoi/na	θοινάω	qoina/w	urn:cite2:hmt:lsj.chicago_md:n48928	v2spma---
θοίνα	qoi/na	θοινάω	qoina/w	urn:cite2:hmt:lsj.chicago_md:n48928	v3siia---
θοίναμά	qoi/nama/	θοίναμα	qoi/nama	urn:cite2:hmt:lsj.chicago_md:n48922	n-s---nn-
θοίναμά	qoi/nama/	θοίναμα	qoi/nama	urn:cite2:hmt:lsj.chicago_md:n48922	n-s---nv-
θοίναμά	qoi/nama/	θοίναμα	qoi/nama	urn:cite2:hmt:lsj.chicago_md:n48922	n-s---na-
θοίναν	qoi/nan	θοίνη	qoi/nh	urn:cite2:hmt:lsj.chicago_md:n48929	n-s---fa-
θοίναν	qoi/nan	θοινάω	qoina/w	urn:cite2:hmt:lsj.chicago_md:n48928	v3piia---
θοίναν	qoi/nan	θοινάω	qoina/w	urn:cite2:hmt:lsj.chicago_md:n48928	v1siia---
θοίνην	qoi/nhn	θοίνη	qoi/nh	urn:cite2:hmt:lsj.chicago_md:n48929	n-s---fa-
θοίνην	qoi/nhn	θοινάω	qoina/w	urn:cite2:hmt:lsj.chicago_md:n48928	v3piia---
θοίνην	qoi/nhn	θοινάω	qoina/w	urn:cite2:hmt:lsj.chicago_md:n48928	v1siia---
θοᾶς	qoa=s	θοάζω	qoa/zw	urn:cite2:hmt:lsj.chicago_md:n48913	v2sfia---
θοᾶς	qoa=s	θοάζω	qoa/zw	urn:cite2:hmt:lsj.chicago_md:n48914	v2sfia---
θοᾶς	qoa=s	θοάζω	qoa/zw	urn:cite2:hmt:lsj.chicago_md:n48915	v2sfia---
θοᾶς	qoa=s	θοός	qoo/s	urn:cite2:hmt:lsj.chicago_md:n48951	a-s---fg-
θοᾶς	qoa=s	θοός	qoo/s	urn:cite2:hmt:lsj.chicago_md:n48952	a-s---fg-
θοᾷ	qoa=|	θοάζω	qoa/zw	urn:cite2:hmt:lsj.chicago_md:n48913	v2sfim---
θοᾷ	qoa=|	θοάζω	qoa/zw	urn:cite2:hmt:lsj.chicago_md:n48914	v2sfim---
θοᾷ	qoa=|	θοάζω	qoa/zw	urn:cite2:hmt:lsj.chicago_md:n48915	v2sfim---
θοᾷ	qoa=|	θοάζω	qoa/zw	urn:cite2:hmt:lsj.chicago_md:n48913	v3sfia---
θοᾷ	qoa=|	θοάζω	qoa/zw	urn:cite2:hmt:lsj.chicago_md:n48914	v3sfia---
θοᾷ	qoa=|	θοάζω	qoa/zw	urn:cite2:hmt:lsj.chicago_md:n48915	v3sfia---
θοᾷ	qoa=|	θοός	qoo/s	urn:cite2:hmt:lsj.chicago_md:n48951	a-s---fd-
θοᾷ	qoa=|	θοός	qoo/s	urn:cite2:hmt:lsj.chicago_md:n48952	a-s---fd-
θριγκούς	qrigkou/s	θριγκός	qrigko/s	urn:cite2:hmt:lsj.chicago_md:n49155	n-p---ma-
θριγκοῖς	qrigkoi=s	θριγκός	qrigko/s	urn:cite2:hmt:lsj.chicago_md:n49155	n-p---md-
θριγκοῖς	qrigkoi=s	θριγκόω	qrigko/w	urn:cite2:hmt:lsj.chicago_md:n49156	v2spoa---
θριγκοῖς	qrigkoi=s	θριγκόω	qrigko/w	urn:cite2:hmt:lsj.chicago_md:n49156	v2spsa---
θριγκοῖς	qrigkoi=s	θριγκόω	qrigko/w	urn:cite2:hmt:lsj.chicago_md:n49156	v2spia---
θριγκοῦ	qrigkou=	θριγκός	qrigko/s	urn:cite2:hmt:lsj.chicago_md:n49155	n-s---mg-
θριγκοῦ	qrigkou=	θριγκόω	qrigko/w	urn:cite2:hmt:lsj.chicago_md:n49156	v2spme---
θριγκοῦ	qrigkou=	θριγκόω	qrigko/w	urn:cite2:hmt:lsj.chicago_md:n49156	v2siie---
θροεῖς	qroei=s	θροέω	qroe/w	urn:cite2:hmt:lsj.chicago_md:n49189	v2spia---
θρέψαντας	qre/yantas	τρέφω	tre/fw	urn:cite2:hmt:lsj.chicago_md:n104690	v-papama-
θρόνους	qro/nous	θρόνος	qro/nos	urn:cite2:hmt:lsj.chicago_md:n49205	n-p---ma-
θυγατρός	qugatro/s	θυγάτηρ	quga/thr	urn:cite2:hmt:lsj.chicago_md:n49266	n-s---fg-
θυγατρός	qugatro/s	θυγάτηρ	quga/thr	urn:cite2:hmt:lsj.chicago_md:n49266	n-s---fg-
θυγατέρων	qugate/rwn	θυγάτηρ	quga/thr	urn:cite2:hmt:lsj.chicago_md:n49266	n-p---fg-
θυμέλαν	qume/lan	θυμέλη	qume/lh	urn:cite2:hmt:lsj.chicago_md:n49367	n-s---fa-
θυμέλας	qume/las	θυμέλη	qume/lh	urn:cite2:hmt:lsj.chicago_md:n49367	n-p---fa-
θυμέλας	qume/las	θυμέλη	qume/lh	urn:cite2:hmt:lsj.chicago_md:n49367	n-s---fg-
θυοδόκων	quodo/kwn	θυοδόκος	quodo/kos	urn:cite2:hmt:lsj.chicago_md:n49452	n-p---mg-
θυοδόκων	quodo/kwn	θυοδόκος	quodo/kos	urn:cite2:hmt:lsj.chicago_md:n49452	n-p---fg-
θυοδόκων	quodo/kwn	θυοδόκος	quodo/kos	urn:cite2:hmt:lsj.chicago_md:n49452	n-p---ng-
θυραῖος	qurai=os	θυραῖος	qurai=os	urn:cite2:hmt:lsj.chicago_md:n49470	a-s---mn-
θυραῖος	qurai=os	θυραῖος	qurai=os	urn:cite2:hmt:lsj.chicago_md:n49470	n-s---mn-
θυραῖος	qurai=os	θυραῖος	qurai=os	urn:cite2:hmt:lsj.chicago_md:n49470	n-s---fn-
θυσίας	qusi/as	θυσία	qusi/a	urn:cite2:hmt:lsj.chicago_md:n49561	n-p---fa-
θυσίας	qusi/as	θυσία	qusi/a	urn:cite2:hmt:lsj.chicago_md:n49561	n-s---fg-
θάκους	qa/kous	θᾶκος	qa=kos	urn:cite2:hmt:lsj.chicago_md:n47715	n-p---ma-
θάλλει	qa/llei	θάλλω	qa/llw	urn:cite2:hmt:lsj.chicago_md:n47808	v2spie---
θάλλει	qa/llei	θάλλω	qa/llw	urn:cite2:hmt:lsj.chicago_md:n47808	v3spia---
θάνατον	qa/naton	θάνατος	qa/natos	urn:cite2:hmt:lsj.chicago_md:n47876	n-s---ma-
θάνατος	qa/natos	θάνατος	qa/natos	urn:cite2:hmt:lsj.chicago_md:n47876	n-s---mn-
θάσσει	qa/ssei	θάσσω	qa/ssw	urn:cite2:hmt:lsj.chicago_md:n47912	v2spie---
θάσσει	qa/ssei	θάσσω	qa/ssw	urn:cite2:hmt:lsj.chicago_md:n47912	v3spia---
θάσσουσι	qa/ssousi	θάσσω	qa/ssw	urn:cite2:hmt:lsj.chicago_md:n47912	v-pppamd-
θάσσουσι	qa/ssousi	θάσσω	qa/ssw	urn:cite2:hmt:lsj.chicago_md:n47912	v-pppand-
θάσσουσι	qa/ssousi	θάσσω	qa/ssw	urn:cite2:hmt:lsj.chicago_md:n47912	v3ppia---
θάτερον	qa/teron	ἕτερος	e(/teros	urn:cite2:hmt:lsj.chicago_md:n43206	a-s---ma-
θάτερον	qa/teron	ἕτερος	e(/teros	urn:cite2:hmt:lsj.chicago_md:n43206	a-s---nn-
θάτερον	qa/teron	ἕτερος	e(/teros	urn:cite2:hmt:lsj.chicago_md:n43206	a-s---nv-
θάτερον	qa/teron	ἕτερος	e(/teros	urn:cite2:hmt:lsj.chicago_md:n43206	a-s---na-
θέλεις	qe/leis	ἐθέλω	e)qe/lw	urn:cite2:hmt:lsj.chicago_md:n30790	v2spia---
θέλοιμι	qe/loimi	ἐθέλω	e)qe/lw	urn:cite2:hmt:lsj.chicago_md:n30790	v1spoa---
θέλοιμί	qe/loimi/	ἐθέλω	e)qe/lw	urn:cite2:hmt:lsj.chicago_md:n30790	v1spoa---
θέλοντ’	qe/lont'	ἐθέλω	e)qe/lw	urn:cite2:hmt:lsj.chicago_md:n30790	v-pppann-
θέλοντ’	qe/lont'	ἐθέλω	e)qe/lw	urn:cite2:hmt:lsj.chicago_md:n30790	v-pppanv-
θέλοντ’	qe/lont'	ἐθέλω	e)qe/lw	urn:cite2:hmt:lsj.chicago_md:n30790	v-pppana-
θέλοντ’	qe/lont'	ἐθέλω	e)qe/lw	urn:cite2:hmt:lsj.chicago_md:n30790	v-sppama-
θέλοντ’	qe/lont'	ἐθέλω	e)qe/lw	urn:cite2:hmt:lsj.chicago_md:n30790	v-sppamd-
θέλοντ’	qe/lont'	ἐθέλω	e)qe/lw	urn:cite2:hmt:lsj.chicago_md:n30790	v-sppand-
θέλοντ’	qe/lont'	ἐθέλω	e)qe/lw	urn:cite2:hmt:lsj.chicago_md:n30790	v3ppia---
θέλοντ’	qe/lont'	ἐθέλω	e)qe/lw	urn:cite2:hmt:lsj.chicago_md:n30790	v-dppamn-
θέλοντ’	qe/lont'	ἐθέλω	e)qe/lw	urn:cite2:hmt:lsj.chicago_md:n30790	v-dppamv-
θέλοντ’	qe/lont'	ἐθέλω	e)qe/lw	urn:cite2:hmt:lsj.chicago_md:n30790	v-dppama-
θέλοντ’	qe/lont'	ἐθέλω	e)qe/lw	urn:cite2:hmt:lsj.chicago_md:n30790	v-dppann-
θέλοντ’	qe/lont'	ἐθέλω	e)qe/lw	urn:cite2:hmt:lsj.chicago_md:n30790	v-dppanv-
θέλοντ’	qe/lont'	ἐθέλω	e)qe/lw	urn:cite2:hmt:lsj.chicago_md:n30790	v-dppana-
θέλοντ’	qe/lont'	ἐθέλω	e)qe/lw	urn:cite2:hmt:lsj.chicago_md:n30790	v3ppie---
θέλοντ’	qe/lont'	ἐθέλω	e)qe/lw	urn:cite2:hmt:lsj.chicago_md:n30790	v3piie---
θέλουσαι	qe/lousai	ἐθέλω	e)qe/lw	urn:cite2:hmt:lsj.chicago_md:n30790	v-pppafn-
θέλουσαι	qe/lousai	ἐθέλω	e)qe/lw	urn:cite2:hmt:lsj.chicago_md:n30790	v-pppafv-
θέλουσιν	qe/lousin	ἐθέλω	e)qe/lw	urn:cite2:hmt:lsj.chicago_md:n30790	v-pppamd-
θέλουσιν	qe/lousin	ἐθέλω	e)qe/lw	urn:cite2:hmt:lsj.chicago_md:n30790	v-pppand-
θέλουσιν	qe/lousin	ἐθέλω	e)qe/lw	urn:cite2:hmt:lsj.chicago_md:n30790	v3ppia---
θέλω	qe/lw	ἐθέλω	e)qe/lw	urn:cite2:hmt:lsj.chicago_md:n30790	v1spsa---
θέλω	qe/lw	ἐθέλω	e)qe/lw	urn:cite2:hmt:lsj.chicago_md:n30790	v1spia---
θέλων	qe/lwn	ἐθέλω	e)qe/lw	urn:cite2:hmt:lsj.chicago_md:n30790	v-sppamn-
θέλῃ	qe/lh|	ἐθέλω	e)qe/lw	urn:cite2:hmt:lsj.chicago_md:n30790	v2spse---
θέλῃ	qe/lh|	ἐθέλω	e)qe/lw	urn:cite2:hmt:lsj.chicago_md:n30790	v2spie---
θέλῃ	qe/lh|	ἐθέλω	e)qe/lw	urn:cite2:hmt:lsj.chicago_md:n30790	v3spsa---
θέλῃς	qe/lh|s	ἐθέλω	e)qe/lw	urn:cite2:hmt:lsj.chicago_md:n30790	v2spsa---
θέμενος	qe/menos	τίθημι	ti/qhmi	urn:cite2:hmt:lsj.chicago_md:n103922	v-sapmmn-
θέμις	qe/mis	θέμις	qe/mis	urn:cite2:hmt:lsj.chicago_md:n48121	n-p---fa-
θέμις	qe/mis	θέμις	qe/mis	urn:cite2:hmt:lsj.chicago_md:n48121	n-s---fn-
θέμις	qe/mis	θέμις	qe/mis	urn:cite2:hmt:lsj.chicago_md:n48121	n-s---fn-
θέμις	qe/mis	θέμις	qe/mis	urn:cite2:hmt:lsj.chicago_md:n48121	n-s---fn-
θέραπες	qe/rapes	θέραψ	qe/ray	urn:cite2:hmt:lsj.chicago_md:n48396	n-p---mn-
θέραπες	qe/rapes	θέραψ	qe/ray	urn:cite2:hmt:lsj.chicago_md:n48396	n-p---mv-
θές	qe/s	τίθημι	ti/qhmi	urn:cite2:hmt:lsj.chicago_md:n103922	v2sama---
θές	qe/s	τίθημι	ti/qhmi	urn:cite2:hmt:lsj.chicago_md:n103922	v2saia---
θέσπισμα	qe/spisma	θέσπισμα	qe/spisma	urn:cite2:hmt:lsj.chicago_md:n48541	n-s---nn-
θέσπισμα	qe/spisma	θέσπισμα	qe/spisma	urn:cite2:hmt:lsj.chicago_md:n48541	n-s---nv-
θέσπισμα	qe/spisma	θέσπισμα	qe/spisma	urn:cite2:hmt:lsj.chicago_md:n48541	n-s---na-
θέσπισμ’	qe/spism'	θέσπισμα	qe/spisma	urn:cite2:hmt:lsj.chicago_md:n48541	n-s---nn-
θέσπισμ’	qe/spism'	θέσπισμα	qe/spisma	urn:cite2:hmt:lsj.chicago_md:n48541	n-s---nv-
θέσπισμ’	qe/spism'	θέσπισμα	qe/spisma	urn:cite2:hmt:lsj.chicago_md:n48541	n-s---na-
θέσφαθ’	qe/sfaq'	θέσφατος	qe/sfatos	urn:cite2:hmt:lsj.chicago_md:n48555	n-p---nn-
θέσφαθ’	qe/sfaq'	θέσφατος	qe/sfatos	urn:cite2:hmt:lsj.chicago_md:n48555	n-p---nv-
θέσφαθ’	qe/sfaq'	θέσφατος	qe/sfatos	urn:cite2:hmt:lsj.chicago_md:n48555	n-p---na-
θέσφαθ’	qe/sfaq'	θέσφατος	qe/sfatos	urn:cite2:hmt:lsj.chicago_md:n48555	n-s---mv-
θέσφαθ’	qe/sfaq'	θέσφατος	qe/sfatos	urn:cite2:hmt:lsj.chicago_md:n48555	n-s---fv-
θέσφατα	qe/sfata	θέσφατος	qe/sfatos	urn:cite2:hmt:lsj.chicago_md:n48555	n-p---nn-
θέσφατα	qe/sfata	θέσφατος	qe/sfatos	urn:cite2:hmt:lsj.chicago_md:n48555	n-p---nv-
θέσφατα	qe/sfata	θέσφατος	qe/sfatos	urn:cite2:hmt:lsj.chicago_md:n48555	n-p---na-
θήσεις	qh/seis	τίθημι	ti/qhmi	urn:cite2:hmt:lsj.chicago_md:n103922	v2sfia---
θήσεται	qh/setai	τίθημι	ti/qhmi	urn:cite2:hmt:lsj.chicago_md:n103922	v3sfim---
θήσομεν	qh/somen	τίθημι	ti/qhmi	urn:cite2:hmt:lsj.chicago_md:n103922	v1pfia---
θήσων	qh/swn	τίθημι	ti/qhmi	urn:cite2:hmt:lsj.chicago_md:n103922	v-sfpamn-
θίγω	qi/gw	θιγγάνω	qigga/nw	urn:cite2:hmt:lsj.chicago_md:n48867	v1sasa---
θύγατερ	qu/gater	θυγάτηρ	quga/thr	urn:cite2:hmt:lsj.chicago_md:n49266	n-s---fv-
θύματα	qu/mata	θῦμα	qu=ma	urn:cite2:hmt:lsj.chicago_md:n49342	n-p---nn-
θύματα	qu/mata	θῦμα	qu=ma	urn:cite2:hmt:lsj.chicago_md:n49342	n-p---nv-
θύματα	qu/mata	θῦμα	qu=ma	urn:cite2:hmt:lsj.chicago_md:n49342	n-p---na-
θύσας	qu/sas	θύω1	qu/w	urn:cite2:hmt:lsj.chicago_md:n49589	v-sapamn-
θύσας	qu/sas	θύω1	qu/w	urn:cite2:hmt:lsj.chicago_md:n49590	v-sapamn-
θύσας	qu/sas	θύω1	qu/w	urn:cite2:hmt:lsj.chicago_md:n49589	v-sapamv-
θύσας	qu/sas	θύω1	qu/w	urn:cite2:hmt:lsj.chicago_md:n49590	v-sapamv-
θύσας	qu/sas	θύω2	qu/w	urn:cite2:hmt:lsj.chicago_md:n49589	v-sapamn-
θύσας	qu/sas	θύω2	qu/w	urn:cite2:hmt:lsj.chicago_md:n49590	v-sapamn-
θύσας	qu/sas	θύω2	qu/w	urn:cite2:hmt:lsj.chicago_md:n49589	v-sapamv-
θύσας	qu/sas	θύω2	qu/w	urn:cite2:hmt:lsj.chicago_md:n49590	v-sapamv-
θώρακ’	qw/rak'	θώραξ	qw/rac	urn:cite2:hmt:lsj.chicago_md:n49629	n-s---ma-
θώρακ’	qw/rak'	θώραξ	qw/rac	urn:cite2:hmt:lsj.chicago_md:n49629	n-s---md-
θώρακ’	qw/rak'	θώραξ	qw/rac	urn:cite2:hmt:lsj.chicago_md:n49629	n-d---mn-
θώρακ’	qw/rak'	θώραξ	qw/rac	urn:cite2:hmt:lsj.chicago_md:n49629	n-d---mv-
θώρακ’	qw/rak'	θώραξ	qw/rac	urn:cite2:hmt:lsj.chicago_md:n49629	n-d---ma-
θᾶσσον	qa=sson	θάσσων	qa/sswn	urn:cite2:hmt:lsj.chicago_md:n47913	a-s---mv-
θᾶσσον	qa=sson	θάσσων	qa/sswn	urn:cite2:hmt:lsj.chicago_md:n47913	a-s---fv-
θᾶσσον	qa=sson	θάσσων	qa/sswn	urn:cite2:hmt:lsj.chicago_md:n47913	a-s---nn-
θᾶσσον	qa=sson	θάσσων	qa/sswn	urn:cite2:hmt:lsj.chicago_md:n47913	a-s---nv-
θᾶσσον	qa=sson	θάσσων	qa/sswn	urn:cite2:hmt:lsj.chicago_md:n47913	a-s---na-
θᾶσσον	qa=sson	ταχύς	taxu/s	urn:cite2:hmt:lsj.chicago_md:n102736	a-s---mv-
θᾶσσον	qa=sson	ταχύς	taxu/s	urn:cite2:hmt:lsj.chicago_md:n102736	a-s---fv-
θᾶσσον	qa=sson	ταχύς	taxu/s	urn:cite2:hmt:lsj.chicago_md:n102736	a-s---nn-
θᾶσσον	qa=sson	ταχύς	taxu/s	urn:cite2:hmt:lsj.chicago_md:n102736	a-s---nv-
θᾶσσον	qa=sson	ταχύς	taxu/s	urn:cite2:hmt:lsj.chicago_md:n102736	a-s---na-
θῆράς	qh=ra/s	θήρ	qh/r	urn:cite2:hmt:lsj.chicago_md:n48702	n-p---ma-
θῇ	qh=|	θάομαι	qa/omai	urn:cite2:hmt:lsj.chicago_md:n47883	v2spse---
θῇ	qh=|	θάομαι	qa/omai	urn:cite2:hmt:lsj.chicago_md:n47883	v2spie---
θῇ	qh=|	θέω	qe/w	urn:cite2:hmt:lsj.chicago_md:n48574	v3spsa---
θῇ	qh=|	θέω	qe/w	urn:cite2:hmt:lsj.chicago_md:n48575	v3spsa---
θῇ	qh=|	θέω	qe/w	urn:cite2:hmt:lsj.chicago_md:n48574	v2spsm---
θῇ	qh=|	θέω	qe/w	urn:cite2:hmt:lsj.chicago_md:n48575	v2spsm---
θῇ	qh=|	θέω	qe/w	urn:cite2:hmt:lsj.chicago_md:n48574	v2spim---
θῇ	qh=|	θέω	qe/w	urn:cite2:hmt:lsj.chicago_md:n48575	v2spim---
θῇ	qh=|	τίθημι	ti/qhmi	urn:cite2:hmt:lsj.chicago_md:n103922	v2sase---
θῇ	qh=|	τίθημι	ti/qhmi	urn:cite2:hmt:lsj.chicago_md:n103922	v3sasa---
θῇ	qh=|	τίθημι	ti/qhmi	urn:cite2:hmt:lsj.chicago_md:n103922	v2sasm---
θῇ	qh=|	τίθημι	ti/qhmi	urn:cite2:hmt:lsj.chicago_md:n103922	v3sasa---
θῦσαί	qu=sai/	θύω1	qu/w	urn:cite2:hmt:lsj.chicago_md:n49589	v2samm---
θῦσαί	qu=sai/	θύω1	qu/w	urn:cite2:hmt:lsj.chicago_md:n49590	v2samm---
θῦσαί	qu=sai/	θύω1	qu/w	urn:cite2:hmt:lsj.chicago_md:n49589	v--ana---
θῦσαί	qu=sai/	θύω1	qu/w	urn:cite2:hmt:lsj.chicago_md:n49590	v--ana---
θῦσαί	qu=sai/	θύω2	qu/w	urn:cite2:hmt:lsj.chicago_md:n49589	v2samm---
θῦσαί	qu=sai/	θύω2	qu/w	urn:cite2:hmt:lsj.chicago_md:n49590	v2samm---
θῦσαί	qu=sai/	θύω2	qu/w	urn:cite2:hmt:lsj.chicago_md:n49589	v--ana---
θῦσαί	qu=sai/	θύω2	qu/w	urn:cite2:hmt:lsj.chicago_md:n49590	v--ana---
καθαγνίσας	kaqagni/sas	καθαγνίζω	kaqagni/zw	urn:cite2:hmt:lsj.chicago_md:n51651	v-sapamn-
καθαγνίσας	kaqagni/sas	καθαγνίζω	kaqagni/zw	urn:cite2:hmt:lsj.chicago_md:n51651	v-sapamv-
καθαγνίσας	kaqagni/sas	καθαγνίζω	kaqagni/zw	urn:cite2:hmt:lsj.chicago_md:n51651	v-sapamn-
καθαγνίσας	kaqagni/sas	καθαγνίζω	kaqagni/zw	urn:cite2:hmt:lsj.chicago_md:n51651	v-sapamv-
καθαραῖς	kaqarai=s	καθαρός	kaqaro/s	urn:cite2:hmt:lsj.chicago_md:n51701	a-p---fd-
καθαροῖς	kaqaroi=s	καθαίρω	kaqai/rw	urn:cite2:hmt:lsj.chicago_md:n51662	v2sfoa---
καθαροῖς	kaqaroi=s	καθαρός	kaqaro/s	urn:cite2:hmt:lsj.chicago_md:n51701	a-p---md-
καθαροῖς	kaqaroi=s	καθαρός	kaqaro/s	urn:cite2:hmt:lsj.chicago_md:n51701	a-p---nd-
καθαράν	kaqara/n	καθαρός	kaqaro/s	urn:cite2:hmt:lsj.chicago_md:n51701	a-s---fa-
καθαράς	kaqara/s	καθαρός	kaqaro/s	urn:cite2:hmt:lsj.chicago_md:n51701	a-p---fa-
καθαρός	kaqaro/s	καθαρός	kaqaro/s	urn:cite2:hmt:lsj.chicago_md:n51701	a-s---mn-
καθάψασ’	kaqa/yas'	καθάπτω	kaqa/ptw	urn:cite2:hmt:lsj.chicago_md:n51679	v-sapafn-
καθάψασ’	kaqa/yas'	καθάπτω	kaqa/ptw	urn:cite2:hmt:lsj.chicago_md:n51679	v-sapafv-
καθάψασ’	kaqa/yas'	καθάπτω	kaqa/ptw	urn:cite2:hmt:lsj.chicago_md:n51679	v-papamd-
καθάψασ’	kaqa/yas'	καθάπτω	kaqa/ptw	urn:cite2:hmt:lsj.chicago_md:n51679	v-papand-
καθάψασ’	kaqa/yas'	καθάπτω	kaqa/ptw	urn:cite2:hmt:lsj.chicago_md:n51679	v-papafn-
καθάψασ’	kaqa/yas'	καθάπτω	kaqa/ptw	urn:cite2:hmt:lsj.chicago_md:n51679	v-papafv-
καθήσω	kaqh/sw	καθίημι	kaqi/hmi	urn:cite2:hmt:lsj.chicago_md:n51826	v1sfia---
καθίζει	kaqi/zei	καθίζω	kaqi/zw	urn:cite2:hmt:lsj.chicago_md:n51825	v2spie---
καθίζει	kaqi/zei	καθίζω	kaqi/zw	urn:cite2:hmt:lsj.chicago_md:n51825	v3spia---
καθίζει	kaqi/zei	καθίζω	kaqi/zw	urn:cite2:hmt:lsj.chicago_md:n51825	v2spie---
καθίζει	kaqi/zei	καθίζω	kaqi/zw	urn:cite2:hmt:lsj.chicago_md:n51825	v3spia---
καθίζειν	kaqi/zein	καθίζω	kaqi/zw	urn:cite2:hmt:lsj.chicago_md:n51825	v--pna---
καθίζων	kaqi/zwn	καθίζω	kaqi/zw	urn:cite2:hmt:lsj.chicago_md:n51825	v-sppamn-
καθῆκαν	kaqh=kan	καθίημι	kaqi/hmi	urn:cite2:hmt:lsj.chicago_md:n51826	v3paia---
καινοῖσιν	kainoi=sin	καινέω	kaine/w	urn:cite2:hmt:lsj.chicago_md:n51961	v-pppamd-
καινοῖσιν	kainoi=sin	καινέω	kaine/w	urn:cite2:hmt:lsj.chicago_md:n51961	v-pppand-
καινοῖσιν	kainoi=sin	καινός	kaino/s	urn:cite2:hmt:lsj.chicago_md:n51989	a-p---md-
καινοῖσιν	kainoi=sin	καινός	kaino/s	urn:cite2:hmt:lsj.chicago_md:n51989	a-p---nd-
καινοῖσιν	kainoi=sin	καινόω	kaino/w	urn:cite2:hmt:lsj.chicago_md:n52016	v-pppamd-
καινοῖσιν	kainoi=sin	καινόω	kaino/w	urn:cite2:hmt:lsj.chicago_md:n52016	v-pppand-
καινοῖσιν	kainoi=sin	καινόω	kaino/w	urn:cite2:hmt:lsj.chicago_md:n52016	v3spsa---
καινοῖσιν	kainoi=sin	καινόω	kaino/w	urn:cite2:hmt:lsj.chicago_md:n52016	v3ppia---
καινόν	kaino/n	καινός	kaino/s	urn:cite2:hmt:lsj.chicago_md:n51989	a-s---ma-
καινόν	kaino/n	καινός	kaino/s	urn:cite2:hmt:lsj.chicago_md:n51989	a-s---nn-
καινόν	kaino/n	καινός	kaino/s	urn:cite2:hmt:lsj.chicago_md:n51989	a-s---nv-
καινόν	kaino/n	καινός	kaino/s	urn:cite2:hmt:lsj.chicago_md:n51989	a-s---na-
καινός	kaino/s	καινός	kaino/s	urn:cite2:hmt:lsj.chicago_md:n51989	a-s---mn-
καιρόν	kairo/n	καιρός	kairo/s	urn:cite2:hmt:lsj.chicago_md:n52035	n-s---ma-
καιρός	kairo/s	καιρός	kairo/s	urn:cite2:hmt:lsj.chicago_md:n52035	n-s---mn-
κακαῖσιν	kakai=sin	κακός	kako/s	urn:cite2:hmt:lsj.chicago_md:n52332	a-p---fd-
κακοβουλευθεῖσ’	kakobouleuqei=s'	κακοβουλεύομαι	kakobouleu/omai	urn:cite2:hmt:lsj.chicago_md:n52128	v-sappfn-
κακοβουλευθεῖσ’	kakobouleuqei=s'	κακοβουλεύομαι	kakobouleu/omai	urn:cite2:hmt:lsj.chicago_md:n52128	v-sappfv-
κακοβουλευθεῖσ’	kakobouleuqei=s'	κακοβουλεύομαι	kakobouleu/omai	urn:cite2:hmt:lsj.chicago_md:n52128	v-pappmd-
κακοβουλευθεῖσ’	kakobouleuqei=s'	κακοβουλεύομαι	kakobouleu/omai	urn:cite2:hmt:lsj.chicago_md:n52128	v-pappnd-
κακοβουλευθεῖσ’	kakobouleuqei=s'	κακοβουλεύομαι	kakobouleu/omai	urn:cite2:hmt:lsj.chicago_md:n52128	v-pappfn-
κακοβουλευθεῖσ’	kakobouleuqei=s'	κακοβουλεύομαι	kakobouleu/omai	urn:cite2:hmt:lsj.chicago_md:n52128	v-pappfv-
κακοί	kakoi/	κακός	kako/s	urn:cite2:hmt:lsj.chicago_md:n52332	a-p---mn-
κακοί	kakoi/	κακός	kako/s	urn:cite2:hmt:lsj.chicago_md:n52332	a-p---mv-
κακοί	kakoi/	κακόω	kako/w	urn:cite2:hmt:lsj.chicago_md:n52444	v2spse---
κακοί	kakoi/	κακόω	kako/w	urn:cite2:hmt:lsj.chicago_md:n52444	v2spie---
κακοί	kakoi/	κακόω	kako/w	urn:cite2:hmt:lsj.chicago_md:n52444	v3spsa---
κακούργους	kakou/rgous	κάκουργος	ka/kourgos	urn:cite2:hmt:lsj.chicago_md:n52402	n-p---ma-
κακούργους	kakou/rgous	κάκουργος	ka/kourgos	urn:cite2:hmt:lsj.chicago_md:n52402	n-p---fa-
κακούργους	kakou/rgous	κακοῦργος	kakou=rgos	urn:cite2:hmt:lsj.chicago_md:n52402	n-p---ma-
κακούργους	kakou/rgous	κακοῦργος	kakou=rgos	urn:cite2:hmt:lsj.chicago_md:n52402	n-p---fa-
κακοῖς	kakoi=s	κακός	kako/s	urn:cite2:hmt:lsj.chicago_md:n52332	a-p---md-
κακοῖς	kakoi=s	κακός	kako/s	urn:cite2:hmt:lsj.chicago_md:n52332	a-p---nd-
κακοῖς	kakoi=s	κακόω	kako/w	urn:cite2:hmt:lsj.chicago_md:n52444	v2spoa---
κακοῖς	kakoi=s	κακόω	kako/w	urn:cite2:hmt:lsj.chicago_md:n52444	v2spsa---
κακοῖς	kakoi=s	κακόω	kako/w	urn:cite2:hmt:lsj.chicago_md:n52444	v2spia---
κακοῦ	kakou=	κακός	kako/s	urn:cite2:hmt:lsj.chicago_md:n52332	a-s---mg-
κακοῦ	kakou=	κακός	kako/s	urn:cite2:hmt:lsj.chicago_md:n52332	a-s---ng-
κακοῦ	kakou=	κακόω	kako/w	urn:cite2:hmt:lsj.chicago_md:n52444	v2spme---
κακοῦ	kakou=	κακόω	kako/w	urn:cite2:hmt:lsj.chicago_md:n52444	v2siie---
κακά	kaka/	κακός	kako/s	urn:cite2:hmt:lsj.chicago_md:n52332	a-p---nn-
κακά	kaka/	κακός	kako/s	urn:cite2:hmt:lsj.chicago_md:n52332	a-p---nv-
κακά	kaka/	κακός	kako/s	urn:cite2:hmt:lsj.chicago_md:n52332	a-p---na-
κακά	kaka/	κακός	kako/s	urn:cite2:hmt:lsj.chicago_md:n52332	a-d---fn-
κακά	kaka/	κακός	kako/s	urn:cite2:hmt:lsj.chicago_md:n52332	a-d---fv-
κακά	kaka/	κακός	kako/s	urn:cite2:hmt:lsj.chicago_md:n52332	a-d---fa-
κακά	kaka/	κακός	kako/s	urn:cite2:hmt:lsj.chicago_md:n52332	a-s---fn-
κακά	kaka/	κακός	kako/s	urn:cite2:hmt:lsj.chicago_md:n52332	a-s---fv-
κακάς	kaka/s	κακός	kako/s	urn:cite2:hmt:lsj.chicago_md:n52332	a-p---fa-
κακίζῃ	kaki/zh|	κακίζω	kaki/zw	urn:cite2:hmt:lsj.chicago_md:n52095	v2spse---
κακίζῃ	kaki/zh|	κακίζω	kaki/zw	urn:cite2:hmt:lsj.chicago_md:n52095	v2spie---
κακίζῃ	kaki/zh|	κακίζω	kaki/zw	urn:cite2:hmt:lsj.chicago_md:n52095	v3spsa---
κακίοσιν	kaki/osin	κακός	kako/s	urn:cite2:hmt:lsj.chicago_md:n52332	a-p----d-
κακίων	kaki/wn	κακός	kako/s	urn:cite2:hmt:lsj.chicago_md:n52332	a-s---mn-
κακίων	kaki/wn	κακός	kako/s	urn:cite2:hmt:lsj.chicago_md:n52332	a-s---fn-
κακίων	kaki/wn	κηκίω	khki/w	urn:cite2:hmt:lsj.chicago_md:n57088	v-sppamn-
κακόν	kako/n	κακός	kako/s	urn:cite2:hmt:lsj.chicago_md:n52332	a-s---ma-
κακόν	kako/n	κακός	kako/s	urn:cite2:hmt:lsj.chicago_md:n52332	a-s---nn-
κακόν	kako/n	κακός	kako/s	urn:cite2:hmt:lsj.chicago_md:n52332	a-s---nv-
κακόν	kako/n	κακός	kako/s	urn:cite2:hmt:lsj.chicago_md:n52332	a-s---na-
κακός	kako/s	κακός	kako/s	urn:cite2:hmt:lsj.chicago_md:n52332	a-s---mn-
κακῶν	kakw=n	κάκη	ka/kh	urn:cite2:hmt:lsj.chicago_md:n52083	n-p---fg-
κακῶν	kakw=n	κακός	kako/s	urn:cite2:hmt:lsj.chicago_md:n52332	a-p---fg-
κακῶν	kakw=n	κακός	kako/s	urn:cite2:hmt:lsj.chicago_md:n52332	a-p---mg-
κακῶν	kakw=n	κακός	kako/s	urn:cite2:hmt:lsj.chicago_md:n52332	a-p---ng-
κακῶν	kakw=n	κακόω	kako/w	urn:cite2:hmt:lsj.chicago_md:n52444	v-sppamv-
κακῶν	kakw=n	κακόω	kako/w	urn:cite2:hmt:lsj.chicago_md:n52444	v-sppann-
κακῶν	kakw=n	κακόω	kako/w	urn:cite2:hmt:lsj.chicago_md:n52444	v-sppanv-
κακῶν	kakw=n	κακόω	kako/w	urn:cite2:hmt:lsj.chicago_md:n52444	v-sppana-
κακῶν	kakw=n	κακόω	kako/w	urn:cite2:hmt:lsj.chicago_md:n52444	v-sppamn-
κακῶν	kakw=n	κακόω	kako/w	urn:cite2:hmt:lsj.chicago_md:n52444	v--pna---
κακῶς	kakw=s	κακός	kako/s	urn:cite2:hmt:lsj.chicago_md:n52332	x--------
κακῶς	kakw=s	κακόω	kako/w	urn:cite2:hmt:lsj.chicago_md:n52444	v2spia---
κακῷ	kakw=|	κακός	kako/s	urn:cite2:hmt:lsj.chicago_md:n52332	a-s---md-
κακῷ	kakw=|	κακός	kako/s	urn:cite2:hmt:lsj.chicago_md:n52332	a-s---nd-
καλεῖν	kalei=n	καλέω	kale/w	urn:cite2:hmt:lsj.chicago_md:n52571	v--fna---
καλεῖν	kalei=n	καλέω	kale/w	urn:cite2:hmt:lsj.chicago_md:n52571	v--pna---
καλλιβλέφαρον	kallible/faron	καλλιβλέφαρος	kallible/faros	urn:cite2:hmt:lsj.chicago_md:n52618	n-s---ma-
καλλιβλέφαρον	kallible/faron	καλλιβλέφαρος	kallible/faros	urn:cite2:hmt:lsj.chicago_md:n52618	n-s---fa-
καλλιβλέφαρον	kallible/faron	καλλιβλέφαρος	kallible/faros	urn:cite2:hmt:lsj.chicago_md:n52618	n-s---nn-
καλλιβλέφαρον	kallible/faron	καλλιβλέφαρος	kallible/faros	urn:cite2:hmt:lsj.chicago_md:n52618	n-s---nv-
καλλιβλέφαρον	kallible/faron	καλλιβλέφαρος	kallible/faros	urn:cite2:hmt:lsj.chicago_md:n52618	n-s---na-
καλλιφθόγγους	kallifqo/ggous	καλλίφθογγος	kalli/fqoggos	urn:cite2:hmt:lsj.chicago_md:n52753	n-p---ma-
καλλιφθόγγους	kallifqo/ggous	καλλίφθογγος	kalli/fqoggos	urn:cite2:hmt:lsj.chicago_md:n52753	n-p---fa-
καλλιχόροισι	kallixo/roisi	καλλίχορος	kalli/xoros	urn:cite2:hmt:lsj.chicago_md:n52767	n-p---md-
καλλιχόροισι	kallixo/roisi	καλλίχορος	kalli/xoros	urn:cite2:hmt:lsj.chicago_md:n52767	n-p---fd-
καλλιχόροισι	kallixo/roisi	καλλίχορος	kalli/xoros	urn:cite2:hmt:lsj.chicago_md:n52767	n-p---nd-
καλλίστας	kalli/stas	καλός	kalo/s	urn:cite2:hmt:lsj.chicago_md:n52840	a-p---fa-
καλλίστας	kalli/stas	καλός	kalo/s	urn:cite2:hmt:lsj.chicago_md:n52840	a-s---fg-
καλλίφλογα	kalli/floga	καλλίφλοξ	kalli/floc	urn:cite2:hmt:lsj.chicago_md:n52754	n-s---ma-
καλλίφλογα	kalli/floga	καλλίφλοξ	kalli/floc	urn:cite2:hmt:lsj.chicago_md:n52754	n-s---fa-
καλοῦμαι	kalou=mai	καλέω	kale/w	urn:cite2:hmt:lsj.chicago_md:n52571	v1sfim---
καλοῦμαι	kalou=mai	καλέω	kale/w	urn:cite2:hmt:lsj.chicago_md:n52571	v1spie---
καλοῦσι	kalou=si	καλέω	kale/w	urn:cite2:hmt:lsj.chicago_md:n52571	v-pfpamd-
καλοῦσι	kalou=si	καλέω	kale/w	urn:cite2:hmt:lsj.chicago_md:n52571	v-pfpand-
καλοῦσι	kalou=si	καλέω	kale/w	urn:cite2:hmt:lsj.chicago_md:n52571	v3pfia---
καλοῦσι	kalou=si	καλέω	kale/w	urn:cite2:hmt:lsj.chicago_md:n52571	v-pppamd-
καλοῦσι	kalou=si	καλέω	kale/w	urn:cite2:hmt:lsj.chicago_md:n52571	v-pppand-
καλοῦσι	kalou=si	καλέω	kale/w	urn:cite2:hmt:lsj.chicago_md:n52571	v3ppia---
καλά	kala/	καλός	kalo/s	urn:cite2:hmt:lsj.chicago_md:n52840	a-p---nn-
καλά	kala/	καλός	kalo/s	urn:cite2:hmt:lsj.chicago_md:n52840	a-p---nv-
καλά	kala/	καλός	kalo/s	urn:cite2:hmt:lsj.chicago_md:n52840	a-p---na-
καλά	kala/	καλός	kalo/s	urn:cite2:hmt:lsj.chicago_md:n52840	a-d---fn-
καλά	kala/	καλός	kalo/s	urn:cite2:hmt:lsj.chicago_md:n52840	a-d---fv-
καλά	kala/	καλός	kalo/s	urn:cite2:hmt:lsj.chicago_md:n52840	a-d---fa-
καλά	kala/	καλός	kalo/s	urn:cite2:hmt:lsj.chicago_md:n52840	a-s---fn-
καλά	kala/	καλός	kalo/s	urn:cite2:hmt:lsj.chicago_md:n52840	a-s---fv-
καλόν	kalo/n	καλός	kalo/s	urn:cite2:hmt:lsj.chicago_md:n52840	a-s---ma-
καλόν	kalo/n	καλός	kalo/s	urn:cite2:hmt:lsj.chicago_md:n52840	a-s---nn-
καλόν	kalo/n	καλός	kalo/s	urn:cite2:hmt:lsj.chicago_md:n52840	a-s---nv-
καλόν	kalo/n	καλός	kalo/s	urn:cite2:hmt:lsj.chicago_md:n52840	a-s---na-
καλῶν	kalw=n	κάλη	ka/lh	urn:cite2:hmt:lsj.chicago_md:n52572	n-p---fg-
καλῶν	kalw=n	καλέω	kale/w	urn:cite2:hmt:lsj.chicago_md:n52571	v-sfpamn-
καλῶν	kalw=n	καλέω	kale/w	urn:cite2:hmt:lsj.chicago_md:n52571	v-sppamn-
καλῶν	kalw=n	καλός	kalo/s	urn:cite2:hmt:lsj.chicago_md:n52840	a-p---fg-
καλῶν	kalw=n	καλός	kalo/s	urn:cite2:hmt:lsj.chicago_md:n52840	a-p---mg-
καλῶν	kalw=n	καλός	kalo/s	urn:cite2:hmt:lsj.chicago_md:n52840	a-p---ng-
καλῶν	kalw=n	κήλη	kh/lh	urn:cite2:hmt:lsj.chicago_md:n57096	n-p---fg-
καλῶς	kalw=s	καλός	kalo/s	urn:cite2:hmt:lsj.chicago_md:n52840	x--------
καπνός	kapno/s	καπνός	kapno/s	urn:cite2:hmt:lsj.chicago_md:n53196	n-s---mn-
καρποτρόφοι	karpotro/foi	καρποτρόφος	karpotro/fos	urn:cite2:hmt:lsj.chicago_md:n53450	n-p---mn-
καρποτρόφοι	karpotro/foi	καρποτρόφος	karpotro/fos	urn:cite2:hmt:lsj.chicago_md:n53450	n-p---mv-
καρποτρόφοι	karpotro/foi	καρποτρόφος	karpotro/fos	urn:cite2:hmt:lsj.chicago_md:n53450	n-p---fn-
καρποτρόφοι	karpotro/foi	καρποτρόφος	karpotro/fos	urn:cite2:hmt:lsj.chicago_md:n53450	n-p---fv-
καρποῖς	karpoi=s	καρπέω	karpe/w	urn:cite2:hmt:lsj.chicago_md:n53411	v2spoa---
καρποῖς	karpoi=s	καρπόσ1	karpo/s	urn:cite2:hmt:lsj.chicago_md:n53442	n-p---md-
καρποῖς	karpoi=s	καρπόσ1	karpo/s	urn:cite2:hmt:lsj.chicago_md:n53443	n-p---md-
καρποῖς	karpoi=s	καρπόσ2	karpo/s	urn:cite2:hmt:lsj.chicago_md:n53442	n-p---md-
καρποῖς	karpoi=s	καρπόσ2	karpo/s	urn:cite2:hmt:lsj.chicago_md:n53443	n-p---md-
καρποῖς	karpoi=s	καρπόω	karpo/w	urn:cite2:hmt:lsj.chicago_md:n53461	v2spoa---
καρποῖς	karpoi=s	καρπόω	karpo/w	urn:cite2:hmt:lsj.chicago_md:n53461	v2spsa---
καρποῖς	karpoi=s	καρπόω	karpo/w	urn:cite2:hmt:lsj.chicago_md:n53461	v2spia---
καρποῖσιν	karpoi=sin	καρπέω	karpe/w	urn:cite2:hmt:lsj.chicago_md:n53411	v-pppamd-
καρποῖσιν	karpoi=sin	καρπέω	karpe/w	urn:cite2:hmt:lsj.chicago_md:n53411	v-pppand-
καρποῖσιν	karpoi=sin	καρπόσ1	karpo/s	urn:cite2:hmt:lsj.chicago_md:n53442	n-p---md-
καρποῖσιν	karpoi=sin	καρπόσ1	karpo/s	urn:cite2:hmt:lsj.chicago_md:n53443	n-p---md-
καρποῖσιν	karpoi=sin	καρπόσ2	karpo/s	urn:cite2:hmt:lsj.chicago_md:n53442	n-p---md-
καρποῖσιν	karpoi=sin	καρπόσ2	karpo/s	urn:cite2:hmt:lsj.chicago_md:n53443	n-p---md-
καρποῖσιν	karpoi=sin	καρπόω	karpo/w	urn:cite2:hmt:lsj.chicago_md:n53461	v-pppamd-
καρποῖσιν	karpoi=sin	καρπόω	karpo/w	urn:cite2:hmt:lsj.chicago_md:n53461	v-pppand-
καρποῖσιν	karpoi=sin	καρπόω	karpo/w	urn:cite2:hmt:lsj.chicago_md:n53461	v3spsa---
καρποῖσιν	karpoi=sin	καρπόω	karpo/w	urn:cite2:hmt:lsj.chicago_md:n53461	v3ppia---
καρποῦ	karpou=	καρπέω	karpe/w	urn:cite2:hmt:lsj.chicago_md:n53411	v2spme---
καρποῦ	karpou=	καρπόσ1	karpo/s	urn:cite2:hmt:lsj.chicago_md:n53442	n-s---mg-
καρποῦ	karpou=	καρπόσ1	karpo/s	urn:cite2:hmt:lsj.chicago_md:n53443	n-s---mg-
καρποῦ	karpou=	καρπόσ2	karpo/s	urn:cite2:hmt:lsj.chicago_md:n53442	n-s---mg-
καρποῦ	karpou=	καρπόσ2	karpo/s	urn:cite2:hmt:lsj.chicago_md:n53443	n-s---mg-
καρποῦ	karpou=	καρπόω	karpo/w	urn:cite2:hmt:lsj.chicago_md:n53461	v2spme---
καρποῦ	karpou=	καρπόω	karpo/w	urn:cite2:hmt:lsj.chicago_md:n53461	v2siie---
καρπῷ	karpw=|	καρπόσ1	karpo/s	urn:cite2:hmt:lsj.chicago_md:n53442	n-s---md-
καρπῷ	karpw=|	καρπόσ1	karpo/s	urn:cite2:hmt:lsj.chicago_md:n53443	n-s---md-
καρπῷ	karpw=|	καρπόσ2	karpo/s	urn:cite2:hmt:lsj.chicago_md:n53442	n-s---md-
καρπῷ	karpw=|	καρπόσ2	karpo/s	urn:cite2:hmt:lsj.chicago_md:n53443	n-s---md-
καρύξω	karu/cw	καρύσσω	karu/ssw	urn:cite2:hmt:lsj.chicago_md:n53543	v1sasa---
καρύξω	karu/cw	καρύσσω	karu/ssw	urn:cite2:hmt:lsj.chicago_md:n53543	v1sfia---
καρύξω	karu/cw	καρύσσω	karu/ssw	urn:cite2:hmt:lsj.chicago_md:n53543	v2saim---
καρύξω	karu/cw	κηρύσσω	khru/ssw	urn:cite2:hmt:lsj.chicago_md:n57264	v1sasa---
καρύξω	karu/cw	κηρύσσω	khru/ssw	urn:cite2:hmt:lsj.chicago_md:n57264	v1sfia---
κασιγνήτων	kasignh/twn	κασίγνητος	kasi/gnhtos	urn:cite2:hmt:lsj.chicago_md:n53599	n-p---mg-
κασίγνηται	kasi/gnhtai	κασιγνήτη	kasignh/th	urn:cite2:hmt:lsj.chicago_md:n53597	n-p---fn-
κασίγνηται	kasi/gnhtai	κασιγνήτη	kasignh/th	urn:cite2:hmt:lsj.chicago_md:n53597	n-p---fv-
καταδεθεῖσα	katadeqei=sa	καταδέω1	katade/w	urn:cite2:hmt:lsj.chicago_md:n53893	v-sappfn-
καταδεθεῖσα	katadeqei=sa	καταδέω1	katade/w	urn:cite2:hmt:lsj.chicago_md:n53894	v-sappfn-
καταδεθεῖσα	katadeqei=sa	καταδέω1	katade/w	urn:cite2:hmt:lsj.chicago_md:n53893	v-sappfv-
καταδεθεῖσα	katadeqei=sa	καταδέω1	katade/w	urn:cite2:hmt:lsj.chicago_md:n53894	v-sappfv-
καταζῇ	katazh=|	καταζάω	kataza/w	urn:cite2:hmt:lsj.chicago_md:n53966	v2spse---
καταζῇ	katazh=|	καταζάω	kataza/w	urn:cite2:hmt:lsj.chicago_md:n53966	v2spie---
καταζῇ	katazh=|	καταζάω	kataza/w	urn:cite2:hmt:lsj.chicago_md:n53966	v3spsa---
καταζῇ	katazh=|	καταζάω	kataza/w	urn:cite2:hmt:lsj.chicago_md:n53966	v3spia---
καταιθαλοῖ	kataiqaloi=	καταιθαλόω	kataiqalo/w	urn:cite2:hmt:lsj.chicago_md:n54053	v2spie---
καταιθαλοῖ	kataiqaloi=	καταιθαλόω	kataiqalo/w	urn:cite2:hmt:lsj.chicago_md:n54053	v3spoa---
καταιθαλοῖ	kataiqaloi=	καταιθαλόω	kataiqalo/w	urn:cite2:hmt:lsj.chicago_md:n54053	v3spia---
καταιθαλοῖ	kataiqaloi=	καταιθαλόω	kataiqalo/w	urn:cite2:hmt:lsj.chicago_md:n54053	v2spie---
καταιθαλοῖ	kataiqaloi=	καταιθαλόω	kataiqalo/w	urn:cite2:hmt:lsj.chicago_md:n54053	v3spoa---
καταιθαλοῖ	kataiqaloi=	καταιθαλόω	kataiqalo/w	urn:cite2:hmt:lsj.chicago_md:n54053	v3spia---
καταισχύνασ’	kataisxu/nas'	καταισχύνω	kataisxu/nw	urn:cite2:hmt:lsj.chicago_md:n54075	v-sapafn-
καταισχύνασ’	kataisxu/nas'	καταισχύνω	kataisxu/nw	urn:cite2:hmt:lsj.chicago_md:n54075	v-sapafv-
καταισχύνασ’	kataisxu/nas'	καταισχύνω	kataisxu/nw	urn:cite2:hmt:lsj.chicago_md:n54075	v-sapafn-
καταισχύνασ’	kataisxu/nas'	καταισχύνω	kataisxu/nw	urn:cite2:hmt:lsj.chicago_md:n54075	v-sapafv-
καταισχύνασ’	kataisxu/nas'	καταισχύνω	kataisxu/nw	urn:cite2:hmt:lsj.chicago_md:n54075	v-papamd-
καταισχύνασ’	kataisxu/nas'	καταισχύνω	kataisxu/nw	urn:cite2:hmt:lsj.chicago_md:n54075	v-papand-
καταισχύνασ’	kataisxu/nas'	καταισχύνω	kataisxu/nw	urn:cite2:hmt:lsj.chicago_md:n54075	v-papamd-
καταισχύνασ’	kataisxu/nas'	καταισχύνω	kataisxu/nw	urn:cite2:hmt:lsj.chicago_md:n54075	v-papand-
καταισχύνασ’	kataisxu/nas'	καταισχύνω	kataisxu/nw	urn:cite2:hmt:lsj.chicago_md:n54075	v-papafn-
καταισχύνασ’	kataisxu/nas'	καταισχύνω	kataisxu/nw	urn:cite2:hmt:lsj.chicago_md:n54075	v-papafv-
καταισχύνασ’	kataisxu/nas'	καταισχύνω	kataisxu/nw	urn:cite2:hmt:lsj.chicago_md:n54075	v-papafn-
καταισχύνασ’	kataisxu/nas'	καταισχύνω	kataisxu/nw	urn:cite2:hmt:lsj.chicago_md:n54075	v-papafv-
κατακτείνειν	kataktei/nein	κατακτείνω	kataktei/nw	urn:cite2:hmt:lsj.chicago_md:n54303	v--pna---
κατακτεῖναι	kataktei=nai	κατακτείνω	kataktei/nw	urn:cite2:hmt:lsj.chicago_md:n54303	v--ana---
καταλαμπόμεναι	katalampo/menai	καταλάμπω	katala/mpw	urn:cite2:hmt:lsj.chicago_md:n54349	v-pppefn-
καταλαμπόμεναι	katalampo/menai	καταλάμπω	katala/mpw	urn:cite2:hmt:lsj.chicago_md:n54349	v-pppefv-
καταξήνωσι	katach/nwsi	καταξαίνω	katacai/nw	urn:cite2:hmt:lsj.chicago_md:n54673	v3pasa---
καταφθοραί	katafqorai/	καταφθορά	katafqora/	urn:cite2:hmt:lsj.chicago_md:n55512	n-p---fn-
καταφθοραί	katafqorai/	καταφθορά	katafqora/	urn:cite2:hmt:lsj.chicago_md:n55512	n-p---fv-
κατειπών	kateipw/n	κατεῖπον	katei=pon	urn:cite2:hmt:lsj.chicago_md:n55731	v-sapamn-
κατεσκίαζε	kateski/aze	κατασκιάζω	kataskia/zw	urn:cite2:hmt:lsj.chicago_md:n55160	v3siia---
κατεῖπ’	katei=p'	κατεῖπον	katei=pon	urn:cite2:hmt:lsj.chicago_md:n55731	v1saia---
κατεῖπ’	katei=p'	κατεῖπον	katei=pon	urn:cite2:hmt:lsj.chicago_md:n55731	v3saia---
κατεῖπ’	katei=p'	κατεῖπον	katei=pon	urn:cite2:hmt:lsj.chicago_md:n55731	v3saia---
κατεῖπ’	katei=p'	κατεῖπον	katei=pon	urn:cite2:hmt:lsj.chicago_md:n55731	v--ana---
κατηγορεῖς	kathgorei=s	κατηγορέω	kathgore/w	urn:cite2:hmt:lsj.chicago_md:n55910	v2spia---
κατηγορεῖς	kathgorei=s	κατηγορέω	kathgore/w	urn:cite2:hmt:lsj.chicago_md:n55910	v2spia---
κατοικήσουσιν	katoikh/sousin	κατοικέω	katoike/w	urn:cite2:hmt:lsj.chicago_md:n55997	v3pasa---
κατοικήσουσιν	katoikh/sousin	κατοικέω	katoike/w	urn:cite2:hmt:lsj.chicago_md:n55997	v-pfpamd-
κατοικήσουσιν	katoikh/sousin	κατοικέω	katoike/w	urn:cite2:hmt:lsj.chicago_md:n55997	v-pfpand-
κατοικήσουσιν	katoikh/sousin	κατοικέω	katoike/w	urn:cite2:hmt:lsj.chicago_md:n55997	v3pfia---
κατοικήσουσιν	katoikh/sousin	κατοικέω	katoike/w	urn:cite2:hmt:lsj.chicago_md:n55997	v3pasa---
κατοικήσουσιν	katoikh/sousin	κατοικέω	katoike/w	urn:cite2:hmt:lsj.chicago_md:n55997	v-pfpamd-
κατοικήσουσιν	katoikh/sousin	κατοικέω	katoike/w	urn:cite2:hmt:lsj.chicago_md:n55997	v-pfpand-
κατοικήσουσιν	katoikh/sousin	κατοικέω	katoike/w	urn:cite2:hmt:lsj.chicago_md:n55997	v3pfia---
κατά	kata/	κατά	kata/	urn:cite2:hmt:lsj.chicago_md:n53647	r--------
κατά	kata/	κατά	kata/	urn:cite2:hmt:lsj.chicago_md:n53648	r--------
κατέσχες	kate/sxes	κατέχω	kate/xw	urn:cite2:hmt:lsj.chicago_md:n55905	v2saia---
κατέχει	kate/xei	καταχέω	kataxe/w	urn:cite2:hmt:lsj.chicago_md:n55595	v3siia---
κατέχει	kate/xei	κατέχω	kate/xw	urn:cite2:hmt:lsj.chicago_md:n55905	v2spie---
κατέχει	kate/xei	κατέχω	kate/xw	urn:cite2:hmt:lsj.chicago_md:n55905	v3spia---
καὐτός	kau)to/s	αὐτός	au)to/s	urn:cite2:hmt:lsj.chicago_md:n17907	n-s---mn-
καὖθις	kau)=qis	αὖθις	au)=qis	urn:cite2:hmt:lsj.chicago_md:n17381	d--------
καί	kai/	καί	kai/	urn:cite2:hmt:lsj.chicago_md:n51951	c--------
κεδνόν	kedno/n	κεδνός	kedno/s	urn:cite2:hmt:lsj.chicago_md:n56367	a-s---ma-
κεδνόν	kedno/n	κεδνός	kedno/s	urn:cite2:hmt:lsj.chicago_md:n56367	a-s---nn-
κεδνόν	kedno/n	κεδνός	kedno/s	urn:cite2:hmt:lsj.chicago_md:n56367	a-s---nv-
κεδνόν	kedno/n	κεδνός	kedno/s	urn:cite2:hmt:lsj.chicago_md:n56367	a-s---na-
κεδνῶν	kednw=n	κεδνός	kedno/s	urn:cite2:hmt:lsj.chicago_md:n56367	a-p---fg-
κεδνῶν	kednw=n	κεδνός	kedno/s	urn:cite2:hmt:lsj.chicago_md:n56367	a-p---mg-
κεδνῶν	kednw=n	κεδνός	kedno/s	urn:cite2:hmt:lsj.chicago_md:n56367	a-p---ng-
κεκεύθατε	kekeu/qate	κεύθω	keu/qw	urn:cite2:hmt:lsj.chicago_md:n56974	v2pria---
κεκλημένη	keklhme/nh	καλέω	kale/w	urn:cite2:hmt:lsj.chicago_md:n52571	v-srpefn-
κεκλημένη	keklhme/nh	καλέω	kale/w	urn:cite2:hmt:lsj.chicago_md:n52571	v-srpefv-
κεκλημένος	keklhme/nos	καλέω	kale/w	urn:cite2:hmt:lsj.chicago_md:n52571	v-srpemn-
κεκλήμεθα	keklh/meqa	καλέω	kale/w	urn:cite2:hmt:lsj.chicago_md:n52571	v1prie---
κεκλήμεθα	keklh/meqa	καλέω	kale/w	urn:cite2:hmt:lsj.chicago_md:n52571	v1plie---
κεκλήσομαι	keklh/somai	καλέω	kale/w	urn:cite2:hmt:lsj.chicago_md:n52571	v1stie---
κεκλήσῃ	keklh/sh|	καλέω	kale/w	urn:cite2:hmt:lsj.chicago_md:n52571	v2stie---
κεκλήσῃ	keklh/sh|	καλέω	kale/w	urn:cite2:hmt:lsj.chicago_md:n52571	v2stim---
κεκλῆσθαι	keklh=sqai	καλέω	kale/w	urn:cite2:hmt:lsj.chicago_md:n52571	v--rne---
κεκρασπέδωται	kekraspe/dwtai	κρασπεδόομαι	kraspedo/omai	urn:cite2:hmt:lsj.chicago_md:n59663	v3srie---
κεκρυμμένα	kekrumme/na	κρύπτω	kru/ptw	urn:cite2:hmt:lsj.chicago_md:n60245	v-prpenn-
κεκρυμμένα	kekrumme/na	κρύπτω	kru/ptw	urn:cite2:hmt:lsj.chicago_md:n60245	v-prpenv-
κεκρυμμένα	kekrumme/na	κρύπτω	kru/ptw	urn:cite2:hmt:lsj.chicago_md:n60245	v-prpena-
κεκρυμμένα	kekrumme/na	κρύπτω	kru/ptw	urn:cite2:hmt:lsj.chicago_md:n60245	v-drpefn-
κεκρυμμένα	kekrumme/na	κρύπτω	kru/ptw	urn:cite2:hmt:lsj.chicago_md:n60245	v-drpefv-
κεκρυμμένα	kekrumme/na	κρύπτω	kru/ptw	urn:cite2:hmt:lsj.chicago_md:n60245	v-drpefa-
κεκρυμμένα	kekrumme/na	κρύπτω	kru/ptw	urn:cite2:hmt:lsj.chicago_md:n60245	v-srpefn-
κεκρυμμένα	kekrumme/na	κρύπτω	kru/ptw	urn:cite2:hmt:lsj.chicago_md:n60245	v-srpefv-
κεκρυμμένων	kekrumme/nwn	κρύπτω	kru/ptw	urn:cite2:hmt:lsj.chicago_md:n60245	v-prpefg-
κεκρυμμένων	kekrumme/nwn	κρύπτω	kru/ptw	urn:cite2:hmt:lsj.chicago_md:n60245	v-prpemg-
κεκρυμμένων	kekrumme/nwn	κρύπτω	kru/ptw	urn:cite2:hmt:lsj.chicago_md:n60245	v-prpeng-
κεκτημένος	kekthme/nos	κτάομαι	kta/omai	urn:cite2:hmt:lsj.chicago_md:n60308	v-srpemn-
κεκτημένος	kekthme/nos	κτέομαι	kte/omai	urn:cite2:hmt:lsj.chicago_md:n60330	v-srpemn-
κεκτήμεσθα	kekth/mesqa	κτάομαι	kta/omai	urn:cite2:hmt:lsj.chicago_md:n60308	v1prie---
κεκτήμεσθα	kekth/mesqa	κτάομαι	kta/omai	urn:cite2:hmt:lsj.chicago_md:n60308	v1plie---
κεκτήμεσθα	kekth/mesqa	κτέομαι	kte/omai	urn:cite2:hmt:lsj.chicago_md:n60330	v1prie---
κεκτήμεσθα	kekth/mesqa	κτέομαι	kte/omai	urn:cite2:hmt:lsj.chicago_md:n60330	v1plie---
κελαδήσῃ	keladh/sh|	κελαδέω	kelade/w	urn:cite2:hmt:lsj.chicago_md:n56445	v2sasm---
κελαδήσῃ	keladh/sh|	κελαδέω	kelade/w	urn:cite2:hmt:lsj.chicago_md:n56445	v3sasa---
κελαδήσῃ	keladh/sh|	κελαδέω	kelade/w	urn:cite2:hmt:lsj.chicago_md:n56445	v2sfim---
κελευσμῶν	keleusmw=n	κελευσμός	keleusmo/s	urn:cite2:hmt:lsj.chicago_md:n56486	n-p---mg-
κελεύει	keleu/ei	κελεύω	keleu/w	urn:cite2:hmt:lsj.chicago_md:n56496	v2spie---
κελεύει	keleu/ei	κελεύω	keleu/w	urn:cite2:hmt:lsj.chicago_md:n56496	v3spia---
κελεύθου	keleu/qou	κέλευθος	ke/leuqos	urn:cite2:hmt:lsj.chicago_md:n56480	n-s---fg-
κενόν	keno/n	κενός	keno/s	urn:cite2:hmt:lsj.chicago_md:n56586	a-s---ma-
κενόν	keno/n	κενός	keno/s	urn:cite2:hmt:lsj.chicago_md:n56586	a-s---nn-
κενόν	keno/n	κενός	keno/s	urn:cite2:hmt:lsj.chicago_md:n56586	a-s---nv-
κενόν	keno/n	κενός	keno/s	urn:cite2:hmt:lsj.chicago_md:n56586	a-s---na-
κενώσετε	kenw/sete	κενόω	keno/w	urn:cite2:hmt:lsj.chicago_md:n56597	v2pasa---
κενώσετε	kenw/sete	κενόω	keno/w	urn:cite2:hmt:lsj.chicago_md:n56597	v2pfia---
κεραυνόν	kerauno/n	κεραυνός	kerauno/s	urn:cite2:hmt:lsj.chicago_md:n56804	n-s---ma-
κερκίδος	kerki/dos	κερκίς	kerki/s	urn:cite2:hmt:lsj.chicago_md:n56864	n-s---fg-
κερκίσιν	kerki/sin	κερκίς	kerki/s	urn:cite2:hmt:lsj.chicago_md:n56864	n-p---fd-
κεχρημέναι	kexrhme/nai	χράω2	xra/w	urn:cite2:hmt:lsj.chicago_md:n114552	v-prpefn-
κεχρημέναι	kexrhme/nai	χράω2	xra/w	urn:cite2:hmt:lsj.chicago_md:n114553	v-prpefn-
κεχρημέναι	kexrhme/nai	χράω2	xra/w	urn:cite2:hmt:lsj.chicago_md:n114552	v-prpefv-
κεχρημέναι	kexrhme/nai	χράω2	xra/w	urn:cite2:hmt:lsj.chicago_md:n114553	v-prpefv-
κεχρημέναι	kexrhme/nai	χράω2	xra/w	urn:cite2:hmt:lsj.chicago_md:n114552	v-srpefd-
κεχρημέναι	kexrhme/nai	χράω2	xra/w	urn:cite2:hmt:lsj.chicago_md:n114553	v-srpefd-
κεἰ	kei)	εἰ	ei)	urn:cite2:hmt:lsj.chicago_md:n30817	c--------
κεὐτυχοῦμεν	keu)tuxou=men	εὐτυχέω	eu)tuxe/w	urn:cite2:hmt:lsj.chicago_md:n45368	v1piia---
κεὐτυχοῦμεν	keu)tuxou=men	εὐτυχέω	eu)tuxe/w	urn:cite2:hmt:lsj.chicago_md:n45368	v1ppia---
κείνου	kei/nou	ἐκεῖνος	e)kei=nos	urn:cite2:hmt:lsj.chicago_md:n31951	n-s---ng-
κείνου	kei/nou	ἐκεῖνος	e)kei=nos	urn:cite2:hmt:lsj.chicago_md:n31951	n-s---mg-
κείνου	kei/nou	κεῖνος	kei=nos	urn:cite2:hmt:lsj.chicago_md:n56400	a-s---mg-
κείνου	kei/nou	κεῖνος	kei=nos	urn:cite2:hmt:lsj.chicago_md:n56400	a-s---ng-
κείνου	kei/nou	κενόω	keno/w	urn:cite2:hmt:lsj.chicago_md:n56597	v2spma---
κείνου	kei/nou	κενόω	keno/w	urn:cite2:hmt:lsj.chicago_md:n56597	v3siia---
κείνων	kei/nwn	ἐκεῖνος	e)kei=nos	urn:cite2:hmt:lsj.chicago_md:n31951	n-p---ng-
κείνων	kei/nwn	ἐκεῖνος	e)kei=nos	urn:cite2:hmt:lsj.chicago_md:n31951	n-p---fg-
κείνων	kei/nwn	ἐκεῖνος	e)kei=nos	urn:cite2:hmt:lsj.chicago_md:n31951	n-p---mg-
κείνων	kei/nwn	κεῖνος	kei=nos	urn:cite2:hmt:lsj.chicago_md:n56400	a-p---fg-
κείνων	kei/nwn	κεῖνος	kei=nos	urn:cite2:hmt:lsj.chicago_md:n56400	a-p---mg-
κείνων	kei/nwn	κεῖνος	kei=nos	urn:cite2:hmt:lsj.chicago_md:n56400	a-p---ng-
κείνων	kei/nwn	κενόω	keno/w	urn:cite2:hmt:lsj.chicago_md:n56597	v3piia---
κείνων	kei/nwn	κενόω	keno/w	urn:cite2:hmt:lsj.chicago_md:n56597	v1siia---
κείνῳ	kei/nw|	ἐκεῖνος	e)kei=nos	urn:cite2:hmt:lsj.chicago_md:n31951	n-s---nd-
κείνῳ	kei/nw|	ἐκεῖνος	e)kei=nos	urn:cite2:hmt:lsj.chicago_md:n31951	n-s---md-
κείνῳ	kei/nw|	κεῖνος	kei=nos	urn:cite2:hmt:lsj.chicago_md:n56400	a-s---md-
κείνῳ	kei/nw|	κεῖνος	kei=nos	urn:cite2:hmt:lsj.chicago_md:n56400	a-s---nd-
κεῖνο	kei=no	ἐκεῖνος	e)kei=nos	urn:cite2:hmt:lsj.chicago_md:n31951	n-s---nn-
κεῖνο	kei=no	ἐκεῖνος	e)kei=nos	urn:cite2:hmt:lsj.chicago_md:n31951	n-s---nv-
κεῖνο	kei=no	ἐκεῖνος	e)kei=nos	urn:cite2:hmt:lsj.chicago_md:n31951	n-s---na-
κεῖνον	kei=non	ἐκεῖνος	e)kei=nos	urn:cite2:hmt:lsj.chicago_md:n31951	n-s---ma-
κεῖνον	kei=non	κεῖνος	kei=nos	urn:cite2:hmt:lsj.chicago_md:n56400	a-s---ma-
κεῖνον	kei=non	κεῖνος	kei=nos	urn:cite2:hmt:lsj.chicago_md:n56400	a-s---nn-
κεῖνον	kei=non	κεῖνος	kei=nos	urn:cite2:hmt:lsj.chicago_md:n56400	a-s---nv-
κεῖνον	kei=non	κεῖνος	kei=nos	urn:cite2:hmt:lsj.chicago_md:n56400	a-s---na-
κεῖνος	kei=nos	ἐκεῖνος	e)kei=nos	urn:cite2:hmt:lsj.chicago_md:n31951	n-s---mn-
κεῖνος	kei=nos	κεῖνος	kei=nos	urn:cite2:hmt:lsj.chicago_md:n56400	a-s---mn-
κεῖν’	kei=n'	ἐκεῖνος	e)kei=nos	urn:cite2:hmt:lsj.chicago_md:n31951	n-p---nn-
κεῖν’	kei=n'	ἐκεῖνος	e)kei=nos	urn:cite2:hmt:lsj.chicago_md:n31951	n-p---nv-
κεῖν’	kei=n'	ἐκεῖνος	e)kei=nos	urn:cite2:hmt:lsj.chicago_md:n31951	n-p---na-
κεῖν’	kei=n'	ἐκεῖνος	e)kei=nos	urn:cite2:hmt:lsj.chicago_md:n31951	n-s---nn-
κεῖν’	kei=n'	ἐκεῖνος	e)kei=nos	urn:cite2:hmt:lsj.chicago_md:n31951	n-s---nv-
κεῖν’	kei=n'	ἐκεῖνος	e)kei=nos	urn:cite2:hmt:lsj.chicago_md:n31951	n-s---na-
κεῖν’	kei=n'	ἐκεῖνος	e)kei=nos	urn:cite2:hmt:lsj.chicago_md:n31951	n-s---mv-
κεῖν’	kei=n'	ἐκεῖνος	e)kei=nos	urn:cite2:hmt:lsj.chicago_md:n31951	n-p---fn-
κεῖν’	kei=n'	ἐκεῖνος	e)kei=nos	urn:cite2:hmt:lsj.chicago_md:n31951	n-p---fv-
κεῖν’	kei=n'	κεῖνος	kei=nos	urn:cite2:hmt:lsj.chicago_md:n56400	a-p---nn-
κεῖν’	kei=n'	κεῖνος	kei=nos	urn:cite2:hmt:lsj.chicago_md:n56400	a-p---nv-
κεῖν’	kei=n'	κεῖνος	kei=nos	urn:cite2:hmt:lsj.chicago_md:n56400	a-p---na-
κεῖν’	kei=n'	κεῖνος	kei=nos	urn:cite2:hmt:lsj.chicago_md:n56400	a-s---mv-
κεῖν’	kei=n'	κεῖνος	kei=nos	urn:cite2:hmt:lsj.chicago_md:n56400	a-p---fn-
κεῖν’	kei=n'	κεῖνος	kei=nos	urn:cite2:hmt:lsj.chicago_md:n56400	a-p---fv-
κεῖται	kei=tai	κέω	ke/w	urn:cite2:hmt:lsj.chicago_md:n57039	v3spie---
κεῖται	kei=tai	κεῖμαι	kei=mai	urn:cite2:hmt:lsj.chicago_md:n56393	v3spie---
κιθάρας	kiqa/ras	κιθάρα	kiqa/ra	urn:cite2:hmt:lsj.chicago_md:n57340	n-p---fa-
κιθάρας	kiqa/ras	κιθάρα	kiqa/ra	urn:cite2:hmt:lsj.chicago_md:n57340	n-s---fg-
κιθάρᾳ	kiqa/ra|	κιθάρα	kiqa/ra	urn:cite2:hmt:lsj.chicago_md:n57340	n-s---fd-
κικλήσκομεν	kiklh/skomen	κικλήσκω	kiklh/skw	urn:cite2:hmt:lsj.chicago_md:n57380	v1ppia---
κικλήσκομεν	kiklh/skomen	κικλήσκω	kiklh/skw	urn:cite2:hmt:lsj.chicago_md:n57380	v1piia---
κινήσεις	kinh/seis	κίνησις	ki/nhsis	urn:cite2:hmt:lsj.chicago_md:n57466	n-p---fn-
κινήσεις	kinh/seis	κίνησις	ki/nhsis	urn:cite2:hmt:lsj.chicago_md:n57466	n-p---fv-
κινήσεις	kinh/seis	κίνησις	ki/nhsis	urn:cite2:hmt:lsj.chicago_md:n57466	n-p---fn-
κινήσεις	kinh/seis	κίνησις	ki/nhsis	urn:cite2:hmt:lsj.chicago_md:n57466	n-p---fa-
κινήσεις	kinh/seis	κινέω	kine/w	urn:cite2:hmt:lsj.chicago_md:n57460	v2sasa---
κινήσεις	kinh/seis	κινέω	kine/w	urn:cite2:hmt:lsj.chicago_md:n57460	v2sfia---
κισσίνοισι	kissi/noisi	κίσσινος	ki/ssinos	urn:cite2:hmt:lsj.chicago_md:n57575	a-p---md-
κισσίνοισι	kissi/noisi	κίσσινος	ki/ssinos	urn:cite2:hmt:lsj.chicago_md:n57575	a-p---nd-
κλειναί	kleinai/	κλεινός	kleino/s	urn:cite2:hmt:lsj.chicago_md:n57768	a-p---fn-
κλειναί	kleinai/	κλεινός	kleino/s	urn:cite2:hmt:lsj.chicago_md:n57768	a-p---fv-
κλεινάς	kleina/s	κλεινός	kleino/s	urn:cite2:hmt:lsj.chicago_md:n57768	a-p---fa-
κλεινόν	kleino/n	κλεινός	kleino/s	urn:cite2:hmt:lsj.chicago_md:n57768	a-s---ma-
κλεινόν	kleino/n	κλεινός	kleino/s	urn:cite2:hmt:lsj.chicago_md:n57768	a-s---nn-
κλεινόν	kleino/n	κλεινός	kleino/s	urn:cite2:hmt:lsj.chicago_md:n57768	a-s---nv-
κλεινόν	kleino/n	κλεινός	kleino/s	urn:cite2:hmt:lsj.chicago_md:n57768	a-s---na-
κλεινός	kleino/s	κλεινός	kleino/s	urn:cite2:hmt:lsj.chicago_md:n57768	a-s---mn-
κλεινῶν	kleinw=n	κλεινός	kleino/s	urn:cite2:hmt:lsj.chicago_md:n57768	a-p---fg-
κλεινῶν	kleinw=n	κλεινός	kleino/s	urn:cite2:hmt:lsj.chicago_md:n57768	a-p---mg-
κλεινῶν	kleinw=n	κλεινός	kleino/s	urn:cite2:hmt:lsj.chicago_md:n57768	a-p---ng-
κληροῖς	klhroi=s	κληρόω	klhro/w	urn:cite2:hmt:lsj.chicago_md:n57890	v2spoa---
κληροῖς	klhroi=s	κληρόω	klhro/w	urn:cite2:hmt:lsj.chicago_md:n57890	v2spsa---
κληροῖς	klhroi=s	κληρόω	klhro/w	urn:cite2:hmt:lsj.chicago_md:n57890	v2spia---
κλοπῇ	kloph=|	κλοπεύς	klopeu/s	urn:cite2:hmt:lsj.chicago_md:n57996	n-s---md-
κλοπῇ	kloph=|	κλοπή	kloph/	urn:cite2:hmt:lsj.chicago_md:n57998	n-s---fd-
κλάδοισιν	kla/doisin	κλάδος	kla/dos	urn:cite2:hmt:lsj.chicago_md:n57675	n-p---md-
κλάζεις	kla/zeis	κλάζω	kla/zw	urn:cite2:hmt:lsj.chicago_md:n57681	v2spia---
κλέος	kle/os	κλέος	kle/os	urn:cite2:hmt:lsj.chicago_md:n57798	n-s---nn-
κλέος	kle/os	κλέος	kle/os	urn:cite2:hmt:lsj.chicago_md:n57798	n-s---nv-
κλέος	kle/os	κλέος	kle/os	urn:cite2:hmt:lsj.chicago_md:n57798	n-s---na-
κλόνον	klo/non	κλόνος	klo/nos	urn:cite2:hmt:lsj.chicago_md:n57991	n-s---ma-
κλύδων	klu/dwn	κλύδων	klu/dwn	urn:cite2:hmt:lsj.chicago_md:n58019	n-s---mn-
κλύδων	klu/dwn	κλύδων	klu/dwn	urn:cite2:hmt:lsj.chicago_md:n58019	n-s---mv-
κλύδων	klu/dwn	κλυδάω	kluda/w	urn:cite2:hmt:lsj.chicago_md:n58017	v3piia---
κλύδων	klu/dwn	κλυδάω	kluda/w	urn:cite2:hmt:lsj.chicago_md:n58017	v1siia---
κλύειν	klu/ein	κλύω	klu/w	urn:cite2:hmt:lsj.chicago_md:n58057	v--pna---
κλύω	klu/w	κλύω	klu/w	urn:cite2:hmt:lsj.chicago_md:n58057	v1sasa---
κλύω	klu/w	κλύω	klu/w	urn:cite2:hmt:lsj.chicago_md:n58057	v1spsa---
κλύω	klu/w	κλύω	klu/w	urn:cite2:hmt:lsj.chicago_md:n58057	v1spia---
κλύων	klu/wn	κλύω	klu/w	urn:cite2:hmt:lsj.chicago_md:n58057	v-sppamn-
κλῄζεσθε	klh/|zesqe	κλῄζω1	klh/|zw	urn:cite2:hmt:lsj.chicago_md:n57847	v2ppme---
κλῄζεσθε	klh/|zesqe	κλῄζω1	klh/|zw	urn:cite2:hmt:lsj.chicago_md:n57848	v2ppme---
κλῄζεσθε	klh/|zesqe	κλῄζω1	klh/|zw	urn:cite2:hmt:lsj.chicago_md:n57847	v2ppie---
κλῄζεσθε	klh/|zesqe	κλῄζω1	klh/|zw	urn:cite2:hmt:lsj.chicago_md:n57848	v2ppie---
κλῄζεσθε	klh/|zesqe	κλῄζω1	klh/|zw	urn:cite2:hmt:lsj.chicago_md:n57847	v2piie---
κλῄζεσθε	klh/|zesqe	κλῄζω1	klh/|zw	urn:cite2:hmt:lsj.chicago_md:n57848	v2piie---
κλῄζεσθε	klh/|zesqe	κλῄζω2	klh/|zw	urn:cite2:hmt:lsj.chicago_md:n57847	v2ppme---
κλῄζεσθε	klh/|zesqe	κλῄζω2	klh/|zw	urn:cite2:hmt:lsj.chicago_md:n57848	v2ppme---
κλῄζεσθε	klh/|zesqe	κλῄζω2	klh/|zw	urn:cite2:hmt:lsj.chicago_md:n57847	v2ppie---
κλῄζεσθε	klh/|zesqe	κλῄζω2	klh/|zw	urn:cite2:hmt:lsj.chicago_md:n57848	v2ppie---
κλῄζεσθε	klh/|zesqe	κλῄζω2	klh/|zw	urn:cite2:hmt:lsj.chicago_md:n57847	v2piie---
κλῄζεσθε	klh/|zesqe	κλῄζω2	klh/|zw	urn:cite2:hmt:lsj.chicago_md:n57848	v2piie---
κλῶνας	klw=nas	κλών	klw/n	urn:cite2:hmt:lsj.chicago_md:n58070	n-p---ma-
κοιναί	koinai/	κοινός	koino/s	urn:cite2:hmt:lsj.chicago_md:n58429	a-p---fn-
κοιναί	koinai/	κοινός	koino/s	urn:cite2:hmt:lsj.chicago_md:n58429	a-p---fv-
κοινουμένη	koinoume/nh	κοινόω	koino/w	urn:cite2:hmt:lsj.chicago_md:n58440	v-sppefn-
κοινουμένη	koinoume/nh	κοινόω	koino/w	urn:cite2:hmt:lsj.chicago_md:n58440	v-sppefv-
κοινούς	koinou/s	κοινός	koino/s	urn:cite2:hmt:lsj.chicago_md:n58429	a-p---ma-
κοινούς	koinou/s	κοινός	koino/s	urn:cite2:hmt:lsj.chicago_md:n58429	n-p---ma-
κοινούς	koinou/s	κοινός	koino/s	urn:cite2:hmt:lsj.chicago_md:n58429	n-p---fa-
κοινωνός	koinwno/s	κοινωνός	koinwno/s	urn:cite2:hmt:lsj.chicago_md:n58454	n-s---mn-
κοινωνός	koinwno/s	κοινωνός	koinwno/s	urn:cite2:hmt:lsj.chicago_md:n58454	n-s---fn-
κοινά	koina/	κοινός	koino/s	urn:cite2:hmt:lsj.chicago_md:n58429	a-p---nn-
κοινά	koina/	κοινός	koino/s	urn:cite2:hmt:lsj.chicago_md:n58429	a-p---nv-
κοινά	koina/	κοινός	koino/s	urn:cite2:hmt:lsj.chicago_md:n58429	a-p---na-
κοινά	koina/	κοινός	koino/s	urn:cite2:hmt:lsj.chicago_md:n58429	a-d---fn-
κοινά	koina/	κοινός	koino/s	urn:cite2:hmt:lsj.chicago_md:n58429	a-d---fv-
κοινά	koina/	κοινός	koino/s	urn:cite2:hmt:lsj.chicago_md:n58429	a-d---fa-
κοινά	koina/	κοινός	koino/s	urn:cite2:hmt:lsj.chicago_md:n58429	a-s---fn-
κοινά	koina/	κοινός	koino/s	urn:cite2:hmt:lsj.chicago_md:n58429	a-s---fv-
κοινά	koina/	κοινός	koino/s	urn:cite2:hmt:lsj.chicago_md:n58429	n-p---nn-
κοινά	koina/	κοινός	koino/s	urn:cite2:hmt:lsj.chicago_md:n58429	n-p---nv-
κοινά	koina/	κοινός	koino/s	urn:cite2:hmt:lsj.chicago_md:n58429	n-p---na-
κοινάν	koina/n	κοινός	koino/s	urn:cite2:hmt:lsj.chicago_md:n58429	a-s---fa-
κοινάν	koina/n	κοινών	koinw/n	urn:cite2:hmt:lsj.chicago_md:n58443	n-s---mn-
κοινάν	koina/n	κοινών	koinw/n	urn:cite2:hmt:lsj.chicago_md:n58443	n-s---mv-
κοινήν	koinh/n	κοινός	koino/s	urn:cite2:hmt:lsj.chicago_md:n58429	a-s---fa-
κοινόν	koino/n	κοινός	koino/s	urn:cite2:hmt:lsj.chicago_md:n58429	a-s---ma-
κοινόν	koino/n	κοινός	koino/s	urn:cite2:hmt:lsj.chicago_md:n58429	a-s---nn-
κοινόν	koino/n	κοινός	koino/s	urn:cite2:hmt:lsj.chicago_md:n58429	a-s---nv-
κοινόν	koino/n	κοινός	koino/s	urn:cite2:hmt:lsj.chicago_md:n58429	a-s---na-
κοινόν	koino/n	κοινός	koino/s	urn:cite2:hmt:lsj.chicago_md:n58429	n-s---ma-
κοινόν	koino/n	κοινός	koino/s	urn:cite2:hmt:lsj.chicago_md:n58429	n-s---fa-
κοινόν	koino/n	κοινός	koino/s	urn:cite2:hmt:lsj.chicago_md:n58429	n-s---nn-
κοινόν	koino/n	κοινός	koino/s	urn:cite2:hmt:lsj.chicago_md:n58429	n-s---nv-
κοινόν	koino/n	κοινός	koino/s	urn:cite2:hmt:lsj.chicago_md:n58429	n-s---na-
κοινόφρων	koino/frwn	κοινόφρων	koino/frwn	urn:cite2:hmt:lsj.chicago_md:n58438	n-s---mn-
κοινόφρων	koino/frwn	κοινόφρων	koino/frwn	urn:cite2:hmt:lsj.chicago_md:n58438	n-s---fn-
κοινῆς	koinh=s	κοινός	koino/s	urn:cite2:hmt:lsj.chicago_md:n58429	a-s---fg-
κοινῆς	koinh=s	κοινόω	koino/w	urn:cite2:hmt:lsj.chicago_md:n58440	v2spia---
κοινῇ	koinh=|	κοινῇ	koinh=|	urn:cite2:hmt:lsj.chicago_md:n58386	d--------
κοινῇ	koinh=|	κοινός	koino/s	urn:cite2:hmt:lsj.chicago_md:n58429	a-s---fd-
κοινῇ	koinh=|	κοινόω	koino/w	urn:cite2:hmt:lsj.chicago_md:n58440	v2spse---
κοινῇ	koinh=|	κοινόω	koino/w	urn:cite2:hmt:lsj.chicago_md:n58440	v2spie---
κοινῇ	koinh=|	κοινόω	koino/w	urn:cite2:hmt:lsj.chicago_md:n58440	v3spsa---
κοινῇ	koinh=|	κοινόω	koino/w	urn:cite2:hmt:lsj.chicago_md:n58440	v3spia---
κοινῶς	koinw=s	κοινός	koino/s	urn:cite2:hmt:lsj.chicago_md:n58429	x--------
κοινῶς	koinw=s	κοινός	koino/s	urn:cite2:hmt:lsj.chicago_md:n58429	x--------
κοινῶς	koinw=s	κοινόω	koino/w	urn:cite2:hmt:lsj.chicago_md:n58440	v2spia---
κοινῷ	koinw=|	κοινός	koino/s	urn:cite2:hmt:lsj.chicago_md:n58429	a-s---md-
κοινῷ	koinw=|	κοινός	koino/s	urn:cite2:hmt:lsj.chicago_md:n58429	a-s---nd-
κοινῷ	koinw=|	κοινός	koino/s	urn:cite2:hmt:lsj.chicago_md:n58429	n-s---md-
κοινῷ	koinw=|	κοινός	koino/s	urn:cite2:hmt:lsj.chicago_md:n58429	n-s---fd-
κοινῷ	koinw=|	κοινός	koino/s	urn:cite2:hmt:lsj.chicago_md:n58429	n-s---nd-
κοινῷ	koinw=|	κοινόω	koino/w	urn:cite2:hmt:lsj.chicago_md:n58440	v3spoa---
κοιράνοισι	koira/noisi	κοίρανος	koi/ranos	urn:cite2:hmt:lsj.chicago_md:n58468	n-p---md-
κορυφαί	korufai/	κορυφή	korufh/	urn:cite2:hmt:lsj.chicago_md:n59238	n-p---fn-
κορυφαί	korufai/	κορυφή	korufh/	urn:cite2:hmt:lsj.chicago_md:n59238	n-p---fv-
κορυφᾶς	korufa=s	κορυφή	korufh/	urn:cite2:hmt:lsj.chicago_md:n59238	n-s---fg-
κοσμηθέντες	kosmhqe/ntes	κοσμέω	kosme/w	urn:cite2:hmt:lsj.chicago_md:n59295	v-pappmn-
κοσμηθέντες	kosmhqe/ntes	κοσμέω	kosme/w	urn:cite2:hmt:lsj.chicago_md:n59295	v-pappmv-
κοσμούμεθ’	kosmou/meq'	κοσμέω	kosme/w	urn:cite2:hmt:lsj.chicago_md:n59295	v1ppie---
κοσμούμεθ’	kosmou/meq'	κοσμέω	kosme/w	urn:cite2:hmt:lsj.chicago_md:n59295	v1piie---
κοσμοῦσι	kosmou=si	κοσμέω	kosme/w	urn:cite2:hmt:lsj.chicago_md:n59295	v-pppamd-
κοσμοῦσι	kosmou=si	κοσμέω	kosme/w	urn:cite2:hmt:lsj.chicago_md:n59295	v-pppand-
κοσμοῦσι	kosmou=si	κοσμέω	kosme/w	urn:cite2:hmt:lsj.chicago_md:n59295	v3ppia---
κοὐ	kou)	οὐ	ou)	urn:cite2:hmt:lsj.chicago_md:n75730	d--------
κοὐδείς	kou)dei/s	οὐδείς	ou)dei/s	urn:cite2:hmt:lsj.chicago_md:n75765	n-s---mn-
κοὐδείς	kou)dei/s	οὐδείς	ou)dei/s	urn:cite2:hmt:lsj.chicago_md:n75765	n-s---mv-
κοὐκ	kou)k	οὐ	ou)	urn:cite2:hmt:lsj.chicago_md:n75730	d--------
κοίλης	koi/lhs	κόιλος	ko/ilos	urn:cite2:hmt:lsj.chicago_md:n58344	a-s---fg-
κοίλης	koi/lhs	κοῖλος	koi=los	urn:cite2:hmt:lsj.chicago_md:n58344	a-s---fg-
κοίτας	koi/tas	κοίτη	koi/th	urn:cite2:hmt:lsj.chicago_md:n58478	n-p---fa-
κοίτας	koi/tas	κοίτη	koi/th	urn:cite2:hmt:lsj.chicago_md:n58478	n-s---fg-
κοῦρον	kou=ron	κόροσ2	ko/ros	urn:cite2:hmt:lsj.chicago_md:n59150	n-s---ma-
κοῦρον	kou=ron	κόροσ2	ko/ros	urn:cite2:hmt:lsj.chicago_md:n59151	n-s---ma-
κοῦρον	kou=ron	κόροσ2	ko/ros	urn:cite2:hmt:lsj.chicago_md:n59152	n-s---ma-
κοῦρον	kou=ron	κόροσ2	ko/ros	urn:cite2:hmt:lsj.chicago_md:n59153	n-s---ma-
κοῦρον	kou=ron	κοῦρος	kou=ros	urn:cite2:hmt:lsj.chicago_md:n59476	n-s---ma-
κοῦρον	kou=ron	κοῦρος	kou=ros	urn:cite2:hmt:lsj.chicago_md:n59477	n-s---ma-
κραθέντ’	kraqe/nt'	κεράννυμι	kera/nnumi	urn:cite2:hmt:lsj.chicago_md:n56723	v-pappnn-
κραθέντ’	kraqe/nt'	κεράννυμι	kera/nnumi	urn:cite2:hmt:lsj.chicago_md:n56723	v-pappnv-
κραθέντ’	kraqe/nt'	κεράννυμι	kera/nnumi	urn:cite2:hmt:lsj.chicago_md:n56723	v-pappna-
κραθέντ’	kraqe/nt'	κεράννυμι	kera/nnumi	urn:cite2:hmt:lsj.chicago_md:n56723	v-sappma-
κραθέντ’	kraqe/nt'	κεράννυμι	kera/nnumi	urn:cite2:hmt:lsj.chicago_md:n56723	v-sappmd-
κραθέντ’	kraqe/nt'	κεράννυμι	kera/nnumi	urn:cite2:hmt:lsj.chicago_md:n56723	v-sappnd-
κραθέντ’	kraqe/nt'	κεράννυμι	kera/nnumi	urn:cite2:hmt:lsj.chicago_md:n56723	v-dappmn-
κραθέντ’	kraqe/nt'	κεράννυμι	kera/nnumi	urn:cite2:hmt:lsj.chicago_md:n56723	v-dappmv-
κραθέντ’	kraqe/nt'	κεράννυμι	kera/nnumi	urn:cite2:hmt:lsj.chicago_md:n56723	v-dappma-
κραθέντ’	kraqe/nt'	κεράννυμι	kera/nnumi	urn:cite2:hmt:lsj.chicago_md:n56723	v-dappnn-
κραθέντ’	kraqe/nt'	κεράννυμι	kera/nnumi	urn:cite2:hmt:lsj.chicago_md:n56723	v-dappnv-
κραθέντ’	kraqe/nt'	κεράννυμι	kera/nnumi	urn:cite2:hmt:lsj.chicago_md:n56723	v-dappna-
κρανθέν	kranqe/n	κραίνω	krai/nw	urn:cite2:hmt:lsj.chicago_md:n59589	v-sappnn-
κρανθέν	kranqe/n	κραίνω	krai/nw	urn:cite2:hmt:lsj.chicago_md:n59589	v-sappnv-
κρανθέν	kranqe/n	κραίνω	krai/nw	urn:cite2:hmt:lsj.chicago_md:n59589	v-sappna-
κρατεῖ	kratei=	κρατέω	krate/w	urn:cite2:hmt:lsj.chicago_md:n59708	v2spie---
κρατεῖ	kratei=	κρατέω	krate/w	urn:cite2:hmt:lsj.chicago_md:n59708	v3spia---
κρατεῖ	kratei=	κρατύς	kratu/s	urn:cite2:hmt:lsj.chicago_md:n59748	a-s---md-
κρατεῖ	kratei=	κρατύς	kratu/s	urn:cite2:hmt:lsj.chicago_md:n59748	a-s---nd-
κρατεῖς	kratei=s	κρατέω	krate/w	urn:cite2:hmt:lsj.chicago_md:n59708	v2spia---
κρατεῖς	kratei=s	κρατύς	kratu/s	urn:cite2:hmt:lsj.chicago_md:n59748	a-p---mn-
κρατηθεῖσ’	krathqei=s'	κρατέω	krate/w	urn:cite2:hmt:lsj.chicago_md:n59708	v-sappfn-
κρατηθεῖσ’	krathqei=s'	κρατέω	krate/w	urn:cite2:hmt:lsj.chicago_md:n59708	v-sappfv-
κρατηθεῖσ’	krathqei=s'	κρατέω	krate/w	urn:cite2:hmt:lsj.chicago_md:n59708	v-pappmd-
κρατηθεῖσ’	krathqei=s'	κρατέω	krate/w	urn:cite2:hmt:lsj.chicago_md:n59708	v-pappnd-
κρατηθεῖσ’	krathqei=s'	κρατέω	krate/w	urn:cite2:hmt:lsj.chicago_md:n59708	v-pappfn-
κρατηθεῖσ’	krathqei=s'	κρατέω	krate/w	urn:cite2:hmt:lsj.chicago_md:n59708	v-pappfv-
κρατούντων	kratou/ntwn	κρατέω	krate/w	urn:cite2:hmt:lsj.chicago_md:n59708	v-pppamg-
κρατούντων	kratou/ntwn	κρατέω	krate/w	urn:cite2:hmt:lsj.chicago_md:n59708	v-pppang-
κρατούντων	kratou/ntwn	κρατέω	krate/w	urn:cite2:hmt:lsj.chicago_md:n59708	v3ppma---
κρατοῦμεν	kratou=men	κρατέω	krate/w	urn:cite2:hmt:lsj.chicago_md:n59708	v1ppia---
κρατοῦμεν	kratou=men	κρατέω	krate/w	urn:cite2:hmt:lsj.chicago_md:n59708	v1piia---
κρατήρων	krath/rwn	κρατήρ	krath/r	urn:cite2:hmt:lsj.chicago_md:n59710	n-p---mg-
κρατῆρα	krath=ra	κρατήρ	krath/r	urn:cite2:hmt:lsj.chicago_md:n59710	n-s---ma-
κρατῆρας	krath=ras	κρατήρ	krath/r	urn:cite2:hmt:lsj.chicago_md:n59710	n-p---ma-
κρατῆρά	krath=ra/	κρατήρ	krath/r	urn:cite2:hmt:lsj.chicago_md:n59710	n-s---ma-
κρατῶ	kratw=	κρατέω	krate/w	urn:cite2:hmt:lsj.chicago_md:n59708	v1spsa---
κρατῶ	kratw=	κρατέω	krate/w	urn:cite2:hmt:lsj.chicago_md:n59708	v1spia---
κραυγάν	krauga/n	κραυγή	kraugh/	urn:cite2:hmt:lsj.chicago_md:n59760	n-s---fa-
κραίνει	krai/nei	κραίνω	krai/nw	urn:cite2:hmt:lsj.chicago_md:n59589	v2spie---
κραίνει	krai/nei	κραίνω	krai/nw	urn:cite2:hmt:lsj.chicago_md:n59589	v3spia---
κρείσσονα	krei/ssona	κρείσσων	krei/sswn	urn:cite2:hmt:lsj.chicago_md:n59794	a-p---nn-
κρείσσονα	krei/ssona	κρείσσων	krei/sswn	urn:cite2:hmt:lsj.chicago_md:n59794	a-p---nv-
κρείσσονα	krei/ssona	κρείσσων	krei/sswn	urn:cite2:hmt:lsj.chicago_md:n59794	a-p---na-
κρείσσονα	krei/ssona	κρείσσων	krei/sswn	urn:cite2:hmt:lsj.chicago_md:n59794	a-s---ma-
κρείσσονα	krei/ssona	κρείσσων	krei/sswn	urn:cite2:hmt:lsj.chicago_md:n59794	a-s---fa-
κρείσσω	krei/ssw	κρείσσων	krei/sswn	urn:cite2:hmt:lsj.chicago_md:n59794	a-p---na-
κρείσσω	krei/ssw	κρείσσων	krei/sswn	urn:cite2:hmt:lsj.chicago_md:n59794	a-p---nn-
κρείσσω	krei/ssw	κρείσσων	krei/sswn	urn:cite2:hmt:lsj.chicago_md:n59794	a-s---ma-
κρείσσω	krei/ssw	κρείσσων	krei/sswn	urn:cite2:hmt:lsj.chicago_md:n59794	a-s---fa-
κρείσσω	krei/ssw	κρεισσόω	kreisso/w	urn:cite2:hmt:lsj.chicago_md:n59793	v2spma---
κρείσσω	krei/ssw	κρεισσόω	kreisso/w	urn:cite2:hmt:lsj.chicago_md:n59793	v3siia---
κρείσσων	krei/sswn	κρείσσων	krei/sswn	urn:cite2:hmt:lsj.chicago_md:n59794	a-s---mn-
κρείσσων	krei/sswn	κρείσσων	krei/sswn	urn:cite2:hmt:lsj.chicago_md:n59794	a-s---fn-
κρείσσων	krei/sswn	κρεισσόω	kreisso/w	urn:cite2:hmt:lsj.chicago_md:n59793	v3piia---
κρείσσων	krei/sswn	κρεισσόω	kreisso/w	urn:cite2:hmt:lsj.chicago_md:n59793	v1siia---
κρεῖσσον	krei=sson	κρείσσων	krei/sswn	urn:cite2:hmt:lsj.chicago_md:n59794	a-s---mv-
κρεῖσσον	krei=sson	κρείσσων	krei/sswn	urn:cite2:hmt:lsj.chicago_md:n59794	a-s---fv-
κρεῖσσον	krei=sson	κρείσσων	krei/sswn	urn:cite2:hmt:lsj.chicago_md:n59794	a-s---nn-
κρεῖσσον	krei=sson	κρείσσων	krei/sswn	urn:cite2:hmt:lsj.chicago_md:n59794	a-s---nv-
κρεῖσσον	krei=sson	κρείσσων	krei/sswn	urn:cite2:hmt:lsj.chicago_md:n59794	a-s---na-
κρηπίδων	krhpi/dwn	κρηπίς	krhpi/s	urn:cite2:hmt:lsj.chicago_md:n59905	n-p---fg-
κρηπίδων	krhpi/dwn	κρηπιδόω	krhpido/w	urn:cite2:hmt:lsj.chicago_md:n59903	v3piia---
κρηπίδων	krhpi/dwn	κρηπιδόω	krhpido/w	urn:cite2:hmt:lsj.chicago_md:n59903	v1siia---
κρηπῖδας	krhpi=das	κρηπίς	krhpi/s	urn:cite2:hmt:lsj.chicago_md:n59905	n-p---fa-
κρυπτοί	kruptoi/	κρυπτός	krupto/s	urn:cite2:hmt:lsj.chicago_md:n60244	a-p---mn-
κρυπτοί	kruptoi/	κρυπτός	krupto/s	urn:cite2:hmt:lsj.chicago_md:n60244	a-p---mv-
κρυπτούς	kruptou/s	κρυπτός	krupto/s	urn:cite2:hmt:lsj.chicago_md:n60244	a-p---ma-
κρυπτοῖσιν	kruptoi=sin	κρυπτός	krupto/s	urn:cite2:hmt:lsj.chicago_md:n60244	a-p---md-
κρυπτοῖσιν	kruptoi=sin	κρυπτός	krupto/s	urn:cite2:hmt:lsj.chicago_md:n60244	a-p---nd-
κρυπτά	krupta/	κρυπτή	krupth/	urn:cite2:hmt:lsj.chicago_md:n60237	n-d---fn-
κρυπτά	krupta/	κρυπτή	krupth/	urn:cite2:hmt:lsj.chicago_md:n60237	n-d---fv-
κρυπτά	krupta/	κρυπτή	krupth/	urn:cite2:hmt:lsj.chicago_md:n60237	n-d---fa-
κρυπτά	krupta/	κρυπτή	krupth/	urn:cite2:hmt:lsj.chicago_md:n60237	n-s---fn-
κρυπτά	krupta/	κρυπτή	krupth/	urn:cite2:hmt:lsj.chicago_md:n60237	n-s---fv-
κρυπτά	krupta/	κρυπτός	krupto/s	urn:cite2:hmt:lsj.chicago_md:n60244	a-p---nn-
κρυπτά	krupta/	κρυπτός	krupto/s	urn:cite2:hmt:lsj.chicago_md:n60244	a-p---nv-
κρυπτά	krupta/	κρυπτός	krupto/s	urn:cite2:hmt:lsj.chicago_md:n60244	a-p---na-
κρυπτά	krupta/	κρυπτός	krupto/s	urn:cite2:hmt:lsj.chicago_md:n60244	a-d---fn-
κρυπτά	krupta/	κρυπτός	krupto/s	urn:cite2:hmt:lsj.chicago_md:n60244	a-d---fv-
κρυπτά	krupta/	κρυπτός	krupto/s	urn:cite2:hmt:lsj.chicago_md:n60244	a-d---fa-
κρυπτά	krupta/	κρυπτός	krupto/s	urn:cite2:hmt:lsj.chicago_md:n60244	a-s---fn-
κρυπτά	krupta/	κρυπτός	krupto/s	urn:cite2:hmt:lsj.chicago_md:n60244	a-s---fv-
κρυπτόμενον	krupto/menon	κρύπτω	kru/ptw	urn:cite2:hmt:lsj.chicago_md:n60245	v-sppema-
κρυπτόμενον	krupto/menon	κρύπτω	kru/ptw	urn:cite2:hmt:lsj.chicago_md:n60245	v-sppenn-
κρυπτόμενον	krupto/menon	κρύπτω	kru/ptw	urn:cite2:hmt:lsj.chicago_md:n60245	v-sppenv-
κρυπτόμενον	krupto/menon	κρύπτω	kru/ptw	urn:cite2:hmt:lsj.chicago_md:n60245	v-sppena-
κρυπτόν	krupto/n	κρυπτός	krupto/s	urn:cite2:hmt:lsj.chicago_md:n60244	a-s---ma-
κρυπτόν	krupto/n	κρυπτός	krupto/s	urn:cite2:hmt:lsj.chicago_md:n60244	a-s---nn-
κρυπτόν	krupto/n	κρυπτός	krupto/s	urn:cite2:hmt:lsj.chicago_md:n60244	a-s---nv-
κρυπτόν	krupto/n	κρυπτός	krupto/s	urn:cite2:hmt:lsj.chicago_md:n60244	a-s---na-
κρυφαίαν	krufai/an	κρυφαῖος	krufai=os	urn:cite2:hmt:lsj.chicago_md:n60260	a-s---fa-
κρυφαῖα	krufai=a	κρυφαῖος	krufai=os	urn:cite2:hmt:lsj.chicago_md:n60260	a-p---nn-
κρυφαῖα	krufai=a	κρυφαῖος	krufai=os	urn:cite2:hmt:lsj.chicago_md:n60260	a-p---nv-
κρυφαῖα	krufai=a	κρυφαῖος	krufai=os	urn:cite2:hmt:lsj.chicago_md:n60260	a-p---na-
κρυφαῖα	krufai=a	κρυφαῖος	krufai=os	urn:cite2:hmt:lsj.chicago_md:n60260	n-p---nn-
κρυφαῖα	krufai=a	κρυφαῖος	krufai=os	urn:cite2:hmt:lsj.chicago_md:n60260	n-p---nv-
κρυφαῖα	krufai=a	κρυφαῖος	krufai=os	urn:cite2:hmt:lsj.chicago_md:n60260	n-p---na-
κρυφαῖον	krufai=on	κρυφαῖος	krufai=os	urn:cite2:hmt:lsj.chicago_md:n60260	a-s---ma-
κρυφαῖον	krufai=on	κρυφαῖος	krufai=os	urn:cite2:hmt:lsj.chicago_md:n60260	a-s---nn-
κρυφαῖον	krufai=on	κρυφαῖος	krufai=os	urn:cite2:hmt:lsj.chicago_md:n60260	a-s---nv-
κρυφαῖον	krufai=on	κρυφαῖος	krufai=os	urn:cite2:hmt:lsj.chicago_md:n60260	a-s---na-
κρυφαῖον	krufai=on	κρυφαῖος	krufai=os	urn:cite2:hmt:lsj.chicago_md:n60260	n-s---ma-
κρυφαῖον	krufai=on	κρυφαῖος	krufai=os	urn:cite2:hmt:lsj.chicago_md:n60260	n-s---fa-
κρυφαῖον	krufai=on	κρυφαῖος	krufai=os	urn:cite2:hmt:lsj.chicago_md:n60260	n-s---nn-
κρυφαῖον	krufai=on	κρυφαῖος	krufai=os	urn:cite2:hmt:lsj.chicago_md:n60260	n-s---nv-
κρυφαῖον	krufai=on	κρυφαῖος	krufai=os	urn:cite2:hmt:lsj.chicago_md:n60260	n-s---na-
κρωσσῶν	krwssw=n	κρωσσός	krwsso/s	urn:cite2:hmt:lsj.chicago_md:n60304	n-p---mg-
κρόκεα	kro/kea	κρόκεος	kro/keos	urn:cite2:hmt:lsj.chicago_md:n60059	n-p---nn-
κρόκεα	kro/kea	κρόκεος	kro/keos	urn:cite2:hmt:lsj.chicago_md:n60059	n-p---nv-
κρόκεα	kro/kea	κρόκεος	kro/keos	urn:cite2:hmt:lsj.chicago_md:n60059	n-p---na-
κρύπτει	kru/ptei	κρύπτω	kru/ptw	urn:cite2:hmt:lsj.chicago_md:n60245	v2spie---
κρύπτει	kru/ptei	κρύπτω	kru/ptw	urn:cite2:hmt:lsj.chicago_md:n60245	v3spia---
κρύφιον	kru/fion	κρύφιος	kru/fios	urn:cite2:hmt:lsj.chicago_md:n60270	a-s---ma-
κρύφιον	kru/fion	κρύφιος	kru/fios	urn:cite2:hmt:lsj.chicago_md:n60270	a-s---nn-
κρύφιον	kru/fion	κρύφιος	kru/fios	urn:cite2:hmt:lsj.chicago_md:n60270	a-s---nv-
κρύφιον	kru/fion	κρύφιος	kru/fios	urn:cite2:hmt:lsj.chicago_md:n60270	a-s---na-
κρύφιον	kru/fion	κρύφιος	kru/fios	urn:cite2:hmt:lsj.chicago_md:n60270	n-s---ma-
κρύφιον	kru/fion	κρύφιος	kru/fios	urn:cite2:hmt:lsj.chicago_md:n60270	n-s---fa-
κρύφιον	kru/fion	κρύφιος	kru/fios	urn:cite2:hmt:lsj.chicago_md:n60270	n-s---nn-
κρύφιον	kru/fion	κρύφιος	kru/fios	urn:cite2:hmt:lsj.chicago_md:n60270	n-s---nv-
κρύφιον	kru/fion	κρύφιος	kru/fios	urn:cite2:hmt:lsj.chicago_md:n60270	n-s---na-
κρύψας	kru/yas	κρύπτω	kru/ptw	urn:cite2:hmt:lsj.chicago_md:n60245	v-sapamn-
κρύψας	kru/yas	κρύπτω	kru/ptw	urn:cite2:hmt:lsj.chicago_md:n60245	v-sapamv-
κρύψας	kru/yas	κρύπτω	kru/ptw	urn:cite2:hmt:lsj.chicago_md:n60245	v2saia---
κρύψω	kru/yw	κρύπτω	kru/ptw	urn:cite2:hmt:lsj.chicago_md:n60245	v1sasa---
κρύψω	kru/yw	κρύπτω	kru/ptw	urn:cite2:hmt:lsj.chicago_md:n60245	v1sfia---
κρύψω	kru/yw	κρύπτω	kru/ptw	urn:cite2:hmt:lsj.chicago_md:n60245	v2saim---
κρᾶτα	kra=ta	κράς	kra/s	urn:cite2:hmt:lsj.chicago_md:n59655	n-s---fa-
κρᾶτα	kra=ta	κράς	kra/s	urn:cite2:hmt:lsj.chicago_md:n59655	n-p---nn-
κρᾶτα	kra=ta	κράς	kra/s	urn:cite2:hmt:lsj.chicago_md:n59655	n-p---nv-
κρᾶτα	kra=ta	κράς	kra/s	urn:cite2:hmt:lsj.chicago_md:n59655	n-p---na-
κτανεῖν	ktanei=n	κτείνω	ktei/nw	urn:cite2:hmt:lsj.chicago_md:n60316	v--ana---
κτανεῖν	ktanei=n	κτείνω	ktei/nw	urn:cite2:hmt:lsj.chicago_md:n60316	v--fna---
κτενεῖν	ktenei=n	κτείνω	ktei/nw	urn:cite2:hmt:lsj.chicago_md:n60316	v--fna---
κτενεῖς	ktenei=s	κτείνω	ktei/nw	urn:cite2:hmt:lsj.chicago_md:n60316	v2sfia---
κτεάνων	ktea/nwn	κτέανον	kte/anon	urn:cite2:hmt:lsj.chicago_md:n60312	n-p---ng-
κτείνει	ktei/nei	κτείνω	ktei/nw	urn:cite2:hmt:lsj.chicago_md:n60316	v3sasa---
κτείνει	ktei/nei	κτείνω	ktei/nw	urn:cite2:hmt:lsj.chicago_md:n60316	v2spie---
κτείνει	ktei/nei	κτείνω	ktei/nw	urn:cite2:hmt:lsj.chicago_md:n60316	v3spia---
κτείνειν	ktei/nein	κτείνω	ktei/nw	urn:cite2:hmt:lsj.chicago_md:n60316	v--pna---
κτείνοντας	ktei/nontas	κτείνω	ktei/nw	urn:cite2:hmt:lsj.chicago_md:n60316	v-pppama-
κτείνουσαν	ktei/nousan	κτείνω	ktei/nw	urn:cite2:hmt:lsj.chicago_md:n60316	v-sppafa-
κτείνουσ’	ktei/nous'	κτείνω	ktei/nw	urn:cite2:hmt:lsj.chicago_md:n60316	v-sppafn-
κτείνουσ’	ktei/nous'	κτείνω	ktei/nw	urn:cite2:hmt:lsj.chicago_md:n60316	v-sppafv-
κτείνουσ’	ktei/nous'	κτείνω	ktei/nw	urn:cite2:hmt:lsj.chicago_md:n60316	v3pasa---
κτείνουσ’	ktei/nous'	κτείνω	ktei/nw	urn:cite2:hmt:lsj.chicago_md:n60316	v-pppamd-
κτείνουσ’	ktei/nous'	κτείνω	ktei/nw	urn:cite2:hmt:lsj.chicago_md:n60316	v-pppand-
κτείνουσ’	ktei/nous'	κτείνω	ktei/nw	urn:cite2:hmt:lsj.chicago_md:n60316	v3ppia---
κτείνουσ’	ktei/nous'	κτείνω	ktei/nw	urn:cite2:hmt:lsj.chicago_md:n60316	v-pppafn-
κτείνουσ’	ktei/nous'	κτείνω	ktei/nw	urn:cite2:hmt:lsj.chicago_md:n60316	v-pppafv-
κτείνων	ktei/nwn	κτείνω	ktei/nw	urn:cite2:hmt:lsj.chicago_md:n60316	v-sppamn-
κτεῖνε	ktei=ne	κτείνω	ktei/nw	urn:cite2:hmt:lsj.chicago_md:n60316	v2spma---
κτεῖνε	ktei=ne	κτείνω	ktei/nw	urn:cite2:hmt:lsj.chicago_md:n60316	v3saia---
κτεῖνε	ktei=ne	κτείνω	ktei/nw	urn:cite2:hmt:lsj.chicago_md:n60316	v3siia---
κτεῖν’	ktei=n'	κτείνω	ktei/nw	urn:cite2:hmt:lsj.chicago_md:n60316	v2spma---
κτεῖν’	ktei=n'	κτείνω	ktei/nw	urn:cite2:hmt:lsj.chicago_md:n60316	v2samm---
κτεῖν’	ktei=n'	κτείνω	ktei/nw	urn:cite2:hmt:lsj.chicago_md:n60316	v--ana---
κτεῖν’	ktei=n'	κτείνω	ktei/nw	urn:cite2:hmt:lsj.chicago_md:n60316	v1saia---
κτεῖν’	ktei=n'	κτείνω	ktei/nw	urn:cite2:hmt:lsj.chicago_md:n60316	v3saia---
κτεῖν’	ktei=n'	κτείνω	ktei/nw	urn:cite2:hmt:lsj.chicago_md:n60316	v3siia---
κτάνῃ	kta/nh|	κτείνω	ktei/nw	urn:cite2:hmt:lsj.chicago_md:n60316	v2sase---
κτάνῃ	kta/nh|	κτείνω	ktei/nw	urn:cite2:hmt:lsj.chicago_md:n60316	v3sasa---
κτάνῃς	kta/nh|s	κτείνω	ktei/nw	urn:cite2:hmt:lsj.chicago_md:n60316	v2sasa---
κτίστορ’	kti/stor'	κτίστωρ	kti/stwr	urn:cite2:hmt:lsj.chicago_md:n60392	n-s---ma-
κτίστορ’	kti/stor'	κτίστωρ	kti/stwr	urn:cite2:hmt:lsj.chicago_md:n60392	n-s---md-
κτίστορ’	kti/stor'	κτίστωρ	kti/stwr	urn:cite2:hmt:lsj.chicago_md:n60392	n-d---mn-
κτίστορ’	kti/stor'	κτίστωρ	kti/stwr	urn:cite2:hmt:lsj.chicago_md:n60392	n-d---mv-
κτίστορ’	kti/stor'	κτίστωρ	kti/stwr	urn:cite2:hmt:lsj.chicago_md:n60392	n-d---ma-
κτῆμά	kth=ma/	κτῆμα	kth=ma	urn:cite2:hmt:lsj.chicago_md:n60340	n-s---nn-
κτῆμά	kth=ma/	κτῆμα	kth=ma	urn:cite2:hmt:lsj.chicago_md:n60340	n-s---nv-
κτῆμά	kth=ma/	κτῆμα	kth=ma	urn:cite2:hmt:lsj.chicago_md:n60340	n-s---na-
κυρεῖ	kurei=	κυρέω	kure/w	urn:cite2:hmt:lsj.chicago_md:n61030	v2spie---
κυρεῖ	kurei=	κυρέω	kure/w	urn:cite2:hmt:lsj.chicago_md:n61030	v3spia---
κυρῆσαι	kurh=sai	κυρέω	kure/w	urn:cite2:hmt:lsj.chicago_md:n61030	v--ana---
κωλυόμεσθα	kwluo/mesqa	κωλύω	kwlu/w	urn:cite2:hmt:lsj.chicago_md:n61265	v1ppie---
κωλυόμεσθα	kwluo/mesqa	κωλύω	kwlu/w	urn:cite2:hmt:lsj.chicago_md:n61265	v1piie---
κἀβάκχευσεν	ka)ba/kxeusen	Βακχεύω	*bakxeu/w	urn:cite2:hmt:lsj.chicago_md:n19181	v3saia---
κἀγώ	ka)gw/	ἀγός	a)go/s	urn:cite2:hmt:lsj.chicago_md:n796	n-d---mn-
κἀγώ	ka)gw/	ἀγός	a)go/s	urn:cite2:hmt:lsj.chicago_md:n796	n-d---mv-
κἀγώ	ka)gw/	ἀγός	a)go/s	urn:cite2:hmt:lsj.chicago_md:n796	n-d---ma-
κἀγώ	ka)gw/	ἐγώ	e)gw/	urn:cite2:hmt:lsj.chicago_md:n30657	p-s---mn-
κἀγώ	ka)gw/	ἐγώ	e)gw/	urn:cite2:hmt:lsj.chicago_md:n30657	p-s---mv-
κἀγώ	ka)gw/	ἐγώ	e)gw/	urn:cite2:hmt:lsj.chicago_md:n30657	p-s---fn-
κἀγώ	ka)gw/	ἐγώ	e)gw/	urn:cite2:hmt:lsj.chicago_md:n30657	p-s---fv-
κἀκεῖ	ka)kei=	ἀκέομαι	a)ke/omai	urn:cite2:hmt:lsj.chicago_md:n3074	v2sfim---
κἀκεῖ	ka)kei=	ἀκέομαι	a)ke/omai	urn:cite2:hmt:lsj.chicago_md:n3074	v2spie---
κἀκεῖ	ka)kei=	ἀκέω	a)ke/w	urn:cite2:hmt:lsj.chicago_md:n3128	v2spie---
κἀκεῖ	ka)kei=	ἀκέω	a)ke/w	urn:cite2:hmt:lsj.chicago_md:n3129	v2spie---
κἀκεῖ	ka)kei=	ἀκέω	a)ke/w	urn:cite2:hmt:lsj.chicago_md:n3128	v3spia---
κἀκεῖ	ka)kei=	ἀκέω	a)ke/w	urn:cite2:hmt:lsj.chicago_md:n3129	v3spia---
κἀκεῖ	ka)kei=	ἐκεῖ	e)kei=	urn:cite2:hmt:lsj.chicago_md:n31945	d--------
κἀκτίθησιν	ka)kti/qhsin	ἐκτίθημι	e)kti/qhmi	urn:cite2:hmt:lsj.chicago_md:n32998	v3spia---
κἀκέλευσ’	ka)ke/leus'	κελεύω	keleu/w	urn:cite2:hmt:lsj.chicago_md:n56496	v1saia---
κἀκέλευσ’	ka)ke/leus'	κελεύω	keleu/w	urn:cite2:hmt:lsj.chicago_md:n56496	v3saia---
κἀν	ka)n	ἐν	e)n	urn:cite2:hmt:lsj.chicago_md:n34700	r--------
κἀν	ka)n	εἰς	ei)s	urn:cite2:hmt:lsj.chicago_md:n31235	r--------
κἀνθάδ’	ka)nqa/d'	ἐνθάδε	e)nqa/de	urn:cite2:hmt:lsj.chicago_md:n35542	d--------
κἀξεθυμία	ka)cequmi/a	ἐκθυμιάω	e)kqumia/w	urn:cite2:hmt:lsj.chicago_md:n32055	v3siia---
κἀξιώματα	ka)ciw/mata	ἀξίωμα	a)ci/wma	urn:cite2:hmt:lsj.chicago_md:n11075	n-p---nn-
κἀξιώματα	ka)ciw/mata	ἀξίωμα	a)ci/wma	urn:cite2:hmt:lsj.chicago_md:n11075	n-p---nv-
κἀξιώματα	ka)ciw/mata	ἀξίωμα	a)ci/wma	urn:cite2:hmt:lsj.chicago_md:n11075	n-p---na-
κἀπισημανθήσεται	ka)pishmanqh/setai	ἐπισημαίνω	e)pishmai/nw	urn:cite2:hmt:lsj.chicago_md:n40807	v3sfip---
κἀπιφυλίου	ka)pifuli/ou	ἐπιφύλιος	e)pifu/lios	urn:cite2:hmt:lsj.chicago_md:n41566	n-s---mg-
κἀπιφυλίου	ka)pifuli/ou	ἐπιφύλιος	e)pifu/lios	urn:cite2:hmt:lsj.chicago_md:n41566	n-s---fg-
κἀπιφυλίου	ka)pifuli/ou	ἐπιφύλιος	e)pifu/lios	urn:cite2:hmt:lsj.chicago_md:n41566	n-s---ng-
κἀπέθου	ka)pe/qou	ἀποτίθημι	a)poti/qhmi	urn:cite2:hmt:lsj.chicago_md:n14048	v2saim---
κἀπέθου	ka)pe/qou	ἐπιτίθημι	e)piti/qhmi	urn:cite2:hmt:lsj.chicago_md:n41357	v2saim---
κἀπί	ka)pi/	ἐπί	e)pi/	urn:cite2:hmt:lsj.chicago_md:n38862	r--------
κἀπίμπρης	ka)pi/mprhs	πίμπρημι	pi/mprhmi	urn:cite2:hmt:lsj.chicago_md:n83183	v2siia---
κἀπίμπρης	ka)pi/mprhs	πίμπρημι	pi/mprhmi	urn:cite2:hmt:lsj.chicago_md:n83183	v2siia---
κἀς	ka)s	εἰς	ei)s	urn:cite2:hmt:lsj.chicago_md:n31235	r--------
κἄμοιγε	ka)/moige	ἐγώ	e)gw/	urn:cite2:hmt:lsj.chicago_md:n30657	p-s---md-
κἄμοιγε	ka)/moige	ἐγώ	e)gw/	urn:cite2:hmt:lsj.chicago_md:n30657	p-s---fd-
κἄμ’	ka)/m'	ἁμόσ1	a(mo/s	urn:cite2:hmt:lsj.chicago_md:n5446	a-p---nn-
κἄμ’	ka)/m'	ἁμόσ1	a(mo/s	urn:cite2:hmt:lsj.chicago_md:n5447	a-p---nn-
κἄμ’	ka)/m'	ἁμόσ1	a(mo/s	urn:cite2:hmt:lsj.chicago_md:n5446	a-p---nv-
κἄμ’	ka)/m'	ἁμόσ1	a(mo/s	urn:cite2:hmt:lsj.chicago_md:n5447	a-p---nv-
κἄμ’	ka)/m'	ἁμόσ1	a(mo/s	urn:cite2:hmt:lsj.chicago_md:n5446	a-p---na-
κἄμ’	ka)/m'	ἁμόσ1	a(mo/s	urn:cite2:hmt:lsj.chicago_md:n5447	a-p---na-
κἄμ’	ka)/m'	ἁμόσ1	a(mo/s	urn:cite2:hmt:lsj.chicago_md:n5446	a-d---fn-
κἄμ’	ka)/m'	ἁμόσ1	a(mo/s	urn:cite2:hmt:lsj.chicago_md:n5447	a-d---fn-
κἄμ’	ka)/m'	ἁμόσ1	a(mo/s	urn:cite2:hmt:lsj.chicago_md:n5446	a-d---fv-
κἄμ’	ka)/m'	ἁμόσ1	a(mo/s	urn:cite2:hmt:lsj.chicago_md:n5447	a-d---fv-
κἄμ’	ka)/m'	ἁμόσ1	a(mo/s	urn:cite2:hmt:lsj.chicago_md:n5446	a-d---fa-
κἄμ’	ka)/m'	ἁμόσ1	a(mo/s	urn:cite2:hmt:lsj.chicago_md:n5447	a-d---fa-
κἄμ’	ka)/m'	ἁμόσ1	a(mo/s	urn:cite2:hmt:lsj.chicago_md:n5446	a-s---fn-
κἄμ’	ka)/m'	ἁμόσ1	a(mo/s	urn:cite2:hmt:lsj.chicago_md:n5447	a-s---fn-
κἄμ’	ka)/m'	ἁμόσ1	a(mo/s	urn:cite2:hmt:lsj.chicago_md:n5446	a-s---fv-
κἄμ’	ka)/m'	ἁμόσ1	a(mo/s	urn:cite2:hmt:lsj.chicago_md:n5447	a-s---fv-
κἄμ’	ka)/m'	ἁμόσ1	a(mo/s	urn:cite2:hmt:lsj.chicago_md:n5446	a-s---mv-
κἄμ’	ka)/m'	ἁμόσ1	a(mo/s	urn:cite2:hmt:lsj.chicago_md:n5447	a-s---mv-
κἄμ’	ka)/m'	ἁμόσ1	a(mo/s	urn:cite2:hmt:lsj.chicago_md:n5446	a-p---fn-
κἄμ’	ka)/m'	ἁμόσ1	a(mo/s	urn:cite2:hmt:lsj.chicago_md:n5447	a-p---fn-
κἄμ’	ka)/m'	ἁμόσ1	a(mo/s	urn:cite2:hmt:lsj.chicago_md:n5446	a-p---fv-
κἄμ’	ka)/m'	ἁμόσ1	a(mo/s	urn:cite2:hmt:lsj.chicago_md:n5447	a-p---fv-
κἄμ’	ka)/m'	ἄμη	a)/mh	urn:cite2:hmt:lsj.chicago_md:n5232	n-p---fn-
κἄμ’	ka)/m'	ἄμη	a)/mh	urn:cite2:hmt:lsj.chicago_md:n5232	n-p---fv-
κἄμ’	ka)/m'	ἄμη	a)/mh	urn:cite2:hmt:lsj.chicago_md:n5232	n-s---fd-
κἄμ’	ka)/m'	ἄμπ	a)/mp	urn:cite2:hmt:lsj.chicago_md:n5462	n-s---nn-
κἄμ’	ka)/m'	ἄμπ	a)/mp	urn:cite2:hmt:lsj.chicago_md:n5462	n-s---nv-
κἄμ’	ka)/m'	ἄμπ	a)/mp	urn:cite2:hmt:lsj.chicago_md:n5462	n-s---na-
κἄμ’	ka)/m'	ἀμίς	a)mi/s	urn:cite2:hmt:lsj.chicago_md:n5292	n-s---fv-
κἄμ’	ka)/m'	ἐγώ	e)gw/	urn:cite2:hmt:lsj.chicago_md:n30657	p-s---ma-
κἄμ’	ka)/m'	ἐγώ	e)gw/	urn:cite2:hmt:lsj.chicago_md:n30657	p-s---fa-
κἄμ’	ka)/m'	ἐμός	e)mo/s	urn:cite2:hmt:lsj.chicago_md:n34194	a-p---nn-
κἄμ’	ka)/m'	ἐμός	e)mo/s	urn:cite2:hmt:lsj.chicago_md:n34194	a-p---nv-
κἄμ’	ka)/m'	ἐμός	e)mo/s	urn:cite2:hmt:lsj.chicago_md:n34194	a-p---na-
κἄμ’	ka)/m'	ἐμός	e)mo/s	urn:cite2:hmt:lsj.chicago_md:n34194	a-d---fn-
κἄμ’	ka)/m'	ἐμός	e)mo/s	urn:cite2:hmt:lsj.chicago_md:n34194	a-d---fv-
κἄμ’	ka)/m'	ἐμός	e)mo/s	urn:cite2:hmt:lsj.chicago_md:n34194	a-d---fa-
κἄμ’	ka)/m'	ἐμός	e)mo/s	urn:cite2:hmt:lsj.chicago_md:n34194	a-s---fn-
κἄμ’	ka)/m'	ἐμός	e)mo/s	urn:cite2:hmt:lsj.chicago_md:n34194	a-s---fv-
κἄμ’	ka)/m'	ἐμός	e)mo/s	urn:cite2:hmt:lsj.chicago_md:n34194	a-s---mv-
κἄμ’	ka)/m'	ἐμός	e)mo/s	urn:cite2:hmt:lsj.chicago_md:n34194	a-p---fn-
κἄμ’	ka)/m'	ἐμός	e)mo/s	urn:cite2:hmt:lsj.chicago_md:n34194	a-p---fv-
κἄμ’	ka)/m'	ἡμός	h(mo/s	urn:cite2:hmt:lsj.chicago_md:n47379	a-p---nn-
κἄμ’	ka)/m'	ἡμός	h(mo/s	urn:cite2:hmt:lsj.chicago_md:n47379	a-p---nv-
κἄμ’	ka)/m'	ἡμός	h(mo/s	urn:cite2:hmt:lsj.chicago_md:n47379	a-p---na-
κἄμ’	ka)/m'	ἡμός	h(mo/s	urn:cite2:hmt:lsj.chicago_md:n47379	a-d---fn-
κἄμ’	ka)/m'	ἡμός	h(mo/s	urn:cite2:hmt:lsj.chicago_md:n47379	a-d---fv-
κἄμ’	ka)/m'	ἡμός	h(mo/s	urn:cite2:hmt:lsj.chicago_md:n47379	a-d---fa-
κἄμ’	ka)/m'	ἡμός	h(mo/s	urn:cite2:hmt:lsj.chicago_md:n47379	a-s---fn-
κἄμ’	ka)/m'	ἡμός	h(mo/s	urn:cite2:hmt:lsj.chicago_md:n47379	a-s---fv-
κἄμ’	ka)/m'	ἡμός	h(mo/s	urn:cite2:hmt:lsj.chicago_md:n47379	a-s---mv-
κἄμ’	ka)/m'	ἡμός	h(mo/s	urn:cite2:hmt:lsj.chicago_md:n47379	a-p---fn-
κἄμ’	ka)/m'	ἡμός	h(mo/s	urn:cite2:hmt:lsj.chicago_md:n47379	a-p---fv-
κἄν	ka)/n	κἀν	ka)n	urn:cite2:hmt:lsj.chicago_md:n53040	c--------
κἄν	ka)/n	κἀν	ka)n	urn:cite2:hmt:lsj.chicago_md:n53041	c--------
κἄνπερ	ka)/nper	κἀν	ka)n	urn:cite2:hmt:lsj.chicago_md:n53040	c--------
κἄνπερ	ka)/nper	κἀν	ka)n	urn:cite2:hmt:lsj.chicago_md:n53041	c--------
κἄπειτα	ka)/peita	ἔπειτα	e)/peita	urn:cite2:hmt:lsj.chicago_md:n38547	d--------
κἄπλεκεν	ka)/pleken	πλέκω	ple/kw	urn:cite2:hmt:lsj.chicago_md:n83683	v3paip---
κἄπλεκεν	ka)/pleken	πλέκω	ple/kw	urn:cite2:hmt:lsj.chicago_md:n83683	v3siia---
κάθες	ka/qes	καθίημι	kaqi/hmi	urn:cite2:hmt:lsj.chicago_md:n51826	v2sama---
κάκιον	ka/kion	κακός	kako/s	urn:cite2:hmt:lsj.chicago_md:n52332	a-s---mv-
κάκιον	ka/kion	κακός	kako/s	urn:cite2:hmt:lsj.chicago_md:n52332	a-s---fv-
κάκιον	ka/kion	κακός	kako/s	urn:cite2:hmt:lsj.chicago_md:n52332	a-s---nn-
κάκιον	ka/kion	κακός	kako/s	urn:cite2:hmt:lsj.chicago_md:n52332	a-s---nv-
κάκιον	ka/kion	κακός	kako/s	urn:cite2:hmt:lsj.chicago_md:n52332	a-s---na-
κάκιον	ka/kion	κηκίω	khki/w	urn:cite2:hmt:lsj.chicago_md:n57088	v3piia---
κάκιον	ka/kion	κηκίω	khki/w	urn:cite2:hmt:lsj.chicago_md:n57088	v1siia---
κάμνει	ka/mnei	κάμνω	ka/mnw	urn:cite2:hmt:lsj.chicago_md:n52995	v2spie---
κάμνει	ka/mnei	κάμνω	ka/mnw	urn:cite2:hmt:lsj.chicago_md:n52995	v3spia---
κάμνω	ka/mnw	κάμνω	ka/mnw	urn:cite2:hmt:lsj.chicago_md:n52995	v1spsa---
κάμνω	ka/mnw	κάμνω	ka/mnw	urn:cite2:hmt:lsj.chicago_md:n52995	v1spia---
κάρα	ka/ra	κάρ	ka/r	urn:cite2:hmt:lsj.chicago_md:n53244	n-p---nn-
κάρα	ka/ra	κάρ	ka/r	urn:cite2:hmt:lsj.chicago_md:n53245	n-p---nn-
κάρα	ka/ra	κάρ	ka/r	urn:cite2:hmt:lsj.chicago_md:n53247	n-p---nn-
κάρα	ka/ra	κάρ	ka/r	urn:cite2:hmt:lsj.chicago_md:n53244	n-p---nv-
κάρα	ka/ra	κάρ	ka/r	urn:cite2:hmt:lsj.chicago_md:n53245	n-p---nv-
κάρα	ka/ra	κάρ	ka/r	urn:cite2:hmt:lsj.chicago_md:n53247	n-p---nv-
κάρα	ka/ra	κάρ	ka/r	urn:cite2:hmt:lsj.chicago_md:n53244	n-p---na-
κάρα	ka/ra	κάρ	ka/r	urn:cite2:hmt:lsj.chicago_md:n53245	n-p---na-
κάρα	ka/ra	κάρ	ka/r	urn:cite2:hmt:lsj.chicago_md:n53247	n-p---na-
κάρα	ka/ra	κάρα	ka/ra	urn:cite2:hmt:lsj.chicago_md:n53248	n-p---nn-
κάρα	ka/ra	κάρα	ka/ra	urn:cite2:hmt:lsj.chicago_md:n53249	n-p---nn-
κάρα	ka/ra	κάρα	ka/ra	urn:cite2:hmt:lsj.chicago_md:n53248	n-p---nv-
κάρα	ka/ra	κάρα	ka/ra	urn:cite2:hmt:lsj.chicago_md:n53249	n-p---nv-
κάρα	ka/ra	κάρα	ka/ra	urn:cite2:hmt:lsj.chicago_md:n53248	n-p---na-
κάρα	ka/ra	κάρα	ka/ra	urn:cite2:hmt:lsj.chicago_md:n53249	n-p---na-
κάρα	ka/ra	κάρα	ka/ra	urn:cite2:hmt:lsj.chicago_md:n53248	n-s---nn-
κάρα	ka/ra	κάρα	ka/ra	urn:cite2:hmt:lsj.chicago_md:n53249	n-s---nn-
κάρα	ka/ra	κάρα	ka/ra	urn:cite2:hmt:lsj.chicago_md:n53248	n-s---nv-
κάρα	ka/ra	κάρα	ka/ra	urn:cite2:hmt:lsj.chicago_md:n53249	n-s---nv-
κάρα	ka/ra	κάρα	ka/ra	urn:cite2:hmt:lsj.chicago_md:n53248	n-s---na-
κάρα	ka/ra	κάρα	ka/ra	urn:cite2:hmt:lsj.chicago_md:n53249	n-s---na-
κάρα	ka/ra	κάρα	ka/ra	urn:cite2:hmt:lsj.chicago_md:n53248	n-d---fa-
κάρα	ka/ra	κάρα	ka/ra	urn:cite2:hmt:lsj.chicago_md:n53249	n-d---fa-
κάρα	ka/ra	κάρα	ka/ra	urn:cite2:hmt:lsj.chicago_md:n53248	n-d---fn-
κάρα	ka/ra	κάρα	ka/ra	urn:cite2:hmt:lsj.chicago_md:n53249	n-d---fn-
κάρα	ka/ra	κάρα	ka/ra	urn:cite2:hmt:lsj.chicago_md:n53248	n-d---fv-
κάρα	ka/ra	κάρα	ka/ra	urn:cite2:hmt:lsj.chicago_md:n53249	n-d---fv-
κάρα	ka/ra	κάρα	ka/ra	urn:cite2:hmt:lsj.chicago_md:n53248	n-d---fa-
κάρα	ka/ra	κάρα	ka/ra	urn:cite2:hmt:lsj.chicago_md:n53249	n-d---fa-
κάρα	ka/ra	κάρα	ka/ra	urn:cite2:hmt:lsj.chicago_md:n53248	n-s---fn-
κάρα	ka/ra	κάρα	ka/ra	urn:cite2:hmt:lsj.chicago_md:n53249	n-s---fn-
κάρα	ka/ra	κάρα	ka/ra	urn:cite2:hmt:lsj.chicago_md:n53248	n-s---fv-
κάρα	ka/ra	κάρα	ka/ra	urn:cite2:hmt:lsj.chicago_md:n53249	n-s---fv-
κάρα	ka/ra	κάρον	ka/ron	urn:cite2:hmt:lsj.chicago_md:n53390	n-p---nn-
κάρα	ka/ra	κάρον	ka/ron	urn:cite2:hmt:lsj.chicago_md:n53390	n-p---nv-
κάρα	ka/ra	κάρον	ka/ron	urn:cite2:hmt:lsj.chicago_md:n53390	n-p---na-
κάτεισι	ka/teisi	κάτειμι	ka/teimi	urn:cite2:hmt:lsj.chicago_md:n55728	v3spia---
κάτοινον	ka/toinon	κάτοινος	ka/toinos	urn:cite2:hmt:lsj.chicago_md:n56020	n-s---ma-
κάτοινον	ka/toinon	κάτοινος	ka/toinos	urn:cite2:hmt:lsj.chicago_md:n56020	n-s---fa-
κάτοινον	ka/toinon	κάτοινος	ka/toinos	urn:cite2:hmt:lsj.chicago_md:n56020	n-s---nn-
κάτοινον	ka/toinon	κάτοινος	ka/toinos	urn:cite2:hmt:lsj.chicago_md:n56020	n-s---nv-
κάτοινον	ka/toinon	κάτοινος	ka/toinos	urn:cite2:hmt:lsj.chicago_md:n56020	n-s---na-
κέκρανται	ke/krantai	κεράννυμι	kera/nnumi	urn:cite2:hmt:lsj.chicago_md:n56723	v3prie---
κέκρανται	ke/krantai	κραίνω	krai/nw	urn:cite2:hmt:lsj.chicago_md:n59589	v3prie---
κέκρανται	ke/krantai	κραίνω	krai/nw	urn:cite2:hmt:lsj.chicago_md:n59589	v3srie---
κέκρυπται	ke/kruptai	κρύπτω	kru/ptw	urn:cite2:hmt:lsj.chicago_md:n60245	v3srie---
κέρασιν	ke/rasin	κέρας	ke/ras	urn:cite2:hmt:lsj.chicago_md:n56730	n-p---nd-
κέρασιν	ke/rasin	κέρας	ke/ras	urn:cite2:hmt:lsj.chicago_md:n56730	n-p---nd-
κέρδος	ke/rdos	κέρδος	ke/rdos	urn:cite2:hmt:lsj.chicago_md:n56840	n-s---nn-
κέρδος	ke/rdos	κέρδος	ke/rdos	urn:cite2:hmt:lsj.chicago_md:n56840	n-s---nv-
κέρδος	ke/rdos	κέρδος	ke/rdos	urn:cite2:hmt:lsj.chicago_md:n56840	n-s---na-
κήδειοι	kh/deioi	κήδειος	kh/deios	urn:cite2:hmt:lsj.chicago_md:n57049	n-p---mn-
κήδειοι	kh/deioi	κήδειος	kh/deios	urn:cite2:hmt:lsj.chicago_md:n57049	n-p---mv-
κήδειοι	kh/deioi	κήδειος	kh/deios	urn:cite2:hmt:lsj.chicago_md:n57049	n-p---fn-
κήδειοι	kh/deioi	κήδειος	kh/deios	urn:cite2:hmt:lsj.chicago_md:n57049	n-p---fv-
κήπων	kh/pwn	κῆπος	kh=pos	urn:cite2:hmt:lsj.chicago_md:n57157	n-p---mg-
κόλπους	ko/lpous	κόλπος	ko/lpos	urn:cite2:hmt:lsj.chicago_md:n58718	n-p---ma-
κόλπους	ko/lpous	κολπόω	kolpo/w	urn:cite2:hmt:lsj.chicago_md:n58720	v2siia---
κόμης	ko/mhs	κόμη	ko/mh	urn:cite2:hmt:lsj.chicago_md:n58782	n-s---fg-
κόμης	ko/mhs	κόμης	ko/mhs	urn:cite2:hmt:lsj.chicago_md:n58784	n-s---fn-
κόμης	ko/mhs	κομάω	koma/w	urn:cite2:hmt:lsj.chicago_md:n58771	v2spia---
κόμης	ko/mhs	κομάω	koma/w	urn:cite2:hmt:lsj.chicago_md:n58771	v2siia---
κόμιζέ	ko/mize/	κομίζω	komi/zw	urn:cite2:hmt:lsj.chicago_md:n58790	v2spma---
κόμιζέ	ko/mize/	κομίζω	komi/zw	urn:cite2:hmt:lsj.chicago_md:n58790	v3siia---
κόπῳ	ko/pw|	κόπος	ko/pos	urn:cite2:hmt:lsj.chicago_md:n58972	n-s---md-
κόραι	ko/rai	κόρη	ko/rh	urn:cite2:hmt:lsj.chicago_md:n59098	n-p---fn-
κόραι	ko/rai	κόρη	ko/rh	urn:cite2:hmt:lsj.chicago_md:n59098	n-p---fv-
κόραι	ko/rai	κόρη	ko/rh	urn:cite2:hmt:lsj.chicago_md:n59098	n-s---fd-
κόραις	ko/rais	κόρη	ko/rh	urn:cite2:hmt:lsj.chicago_md:n59098	n-p---fd-
κόραν	ko/ran	κόρη	ko/rh	urn:cite2:hmt:lsj.chicago_md:n59098	n-s---fa-
κόρη	ko/rh	κόρη	ko/rh	urn:cite2:hmt:lsj.chicago_md:n59098	n-s---fn-
κόρη	ko/rh	κόρη	ko/rh	urn:cite2:hmt:lsj.chicago_md:n59098	n-s---fv-
κόρη	ko/rh	κόρις	ko/ris	urn:cite2:hmt:lsj.chicago_md:n59124	n-d---mn-
κόρη	ko/rh	κόρις	ko/ris	urn:cite2:hmt:lsj.chicago_md:n59124	n-d---mv-
κόρη	ko/rh	κόρις	ko/ris	urn:cite2:hmt:lsj.chicago_md:n59124	n-d---ma-
κόρη	ko/rh	κορέω	kore/w	urn:cite2:hmt:lsj.chicago_md:n59096	v2spma---
κόρη	ko/rh	κορέω	kore/w	urn:cite2:hmt:lsj.chicago_md:n59097	v2spma---
κόρη	ko/rh	κορέω	kore/w	urn:cite2:hmt:lsj.chicago_md:n59096	v3siia---
κόρη	ko/rh	κορέω	kore/w	urn:cite2:hmt:lsj.chicago_md:n59097	v3siia---
κόρην	ko/rhn	κόρη	ko/rh	urn:cite2:hmt:lsj.chicago_md:n59098	n-s---fa-
κόρης	ko/rhs	κόρη	ko/rh	urn:cite2:hmt:lsj.chicago_md:n59098	n-s---fg-
κόρης	ko/rhs	κόρις	ko/ris	urn:cite2:hmt:lsj.chicago_md:n59124	n-p---mn-
κόρης	ko/rhs	κόρις	ko/ris	urn:cite2:hmt:lsj.chicago_md:n59124	n-p---mv-
κόρης	ko/rhs	κόρις	ko/ris	urn:cite2:hmt:lsj.chicago_md:n59124	n-p---mn-
κόρης	ko/rhs	κορέω	kore/w	urn:cite2:hmt:lsj.chicago_md:n59096	v2siia---
κόρης	ko/rhs	κορέω	kore/w	urn:cite2:hmt:lsj.chicago_md:n59097	v2siia---
κύκλος	ku/klos	κύκλος	ku/klos	urn:cite2:hmt:lsj.chicago_md:n60646	n-s---mn-
κύκλῳ	ku/klw|	κύκλος	ku/klos	urn:cite2:hmt:lsj.chicago_md:n60646	n-s---md-
κύκνος	ku/knos	κύκνος	ku/knos	urn:cite2:hmt:lsj.chicago_md:n60677	n-s---mn-
κύτος	ku/tos	κύτος	ku/tos	urn:cite2:hmt:lsj.chicago_md:n61138	n-s---nn-
κύτος	ku/tos	κύτος	ku/tos	urn:cite2:hmt:lsj.chicago_md:n61138	n-s---nv-
κύτος	ku/tos	κύτος	ku/tos	urn:cite2:hmt:lsj.chicago_md:n61138	n-s---na-
κώλυμ’	kw/lum'	κώλυμα	kw/luma	urn:cite2:hmt:lsj.chicago_md:n61248	n-s---nn-
κώλυμ’	kw/lum'	κώλυμα	kw/luma	urn:cite2:hmt:lsj.chicago_md:n61248	n-s---nv-
κώλυμ’	kw/lum'	κώλυμα	kw/luma	urn:cite2:hmt:lsj.chicago_md:n61248	n-s---na-
κᾆτα	ka)=|ta	εἶτα	ei)=ta	urn:cite2:hmt:lsj.chicago_md:n31562	d--------
κᾆτι	ka)=|ti	εἶμι	ei)=mi	urn:cite2:hmt:lsj.chicago_md:n31131	v3spia---
κᾆτά	ka)=|ta/	εἶτα	ei)=ta	urn:cite2:hmt:lsj.chicago_md:n31562	d--------
κῆρυξ	kh=ruc	κῆρυξ	kh=ruc	urn:cite2:hmt:lsj.chicago_md:n57262	n-s---mn-
κῆρυξ	kh=ruc	κῆρυξ	kh=ruc	urn:cite2:hmt:lsj.chicago_md:n57262	n-s---mv-
κῦμ’	ku=m'	κῦμα	ku=ma	urn:cite2:hmt:lsj.chicago_md:n60736	n-s---nn-
κῦμ’	ku=m'	κῦμα	ku=ma	urn:cite2:hmt:lsj.chicago_md:n60736	n-s---nv-
κῦμ’	ku=m'	κῦμα	ku=ma	urn:cite2:hmt:lsj.chicago_md:n60736	n-s---na-
κῦρσαι	ku=rsai	κυρέω	kure/w	urn:cite2:hmt:lsj.chicago_md:n61030	v2samm---
κῦρσαι	ku=rsai	κυρέω	kure/w	urn:cite2:hmt:lsj.chicago_md:n61030	v--ana---
κῶλον	kw=lon	κῶλον	kw=lon	urn:cite2:hmt:lsj.chicago_md:n61245	n-s---nn-
κῶλον	kw=lon	κῶλον	kw=lon	urn:cite2:hmt:lsj.chicago_md:n61245	n-s---nv-
κῶλον	kw=lon	κῶλον	kw=lon	urn:cite2:hmt:lsj.chicago_md:n61245	n-s---na-
κῶμος	kw=mos	κῶμος	kw=mos	urn:cite2:hmt:lsj.chicago_md:n61310	n-s---mn-
λαβεῖν	labei=n	λαμβάνω	lamba/nw	urn:cite2:hmt:lsj.chicago_md:n61791	v--ana---
λαβοῦσα	labou=sa	λαμβάνω	lamba/nw	urn:cite2:hmt:lsj.chicago_md:n61791	v-sapafn-
λαβοῦσα	labou=sa	λαμβάνω	lamba/nw	urn:cite2:hmt:lsj.chicago_md:n61791	v-sapafv-
λαβοῦσαν	labou=san	λαμβάνω	lamba/nw	urn:cite2:hmt:lsj.chicago_md:n61791	v-sapafa-
λαβοῦσ’	labou=s'	λάπτω	la/ptw	urn:cite2:hmt:lsj.chicago_md:n61959	v3pasp---
λαβοῦσ’	labou=s'	λαμβάνω	lamba/nw	urn:cite2:hmt:lsj.chicago_md:n61791	v-sapafn-
λαβοῦσ’	labou=s'	λαμβάνω	lamba/nw	urn:cite2:hmt:lsj.chicago_md:n61791	v-sapafv-
λαβοῦσ’	labou=s'	λαμβάνω	lamba/nw	urn:cite2:hmt:lsj.chicago_md:n61791	v-papamd-
λαβοῦσ’	labou=s'	λαμβάνω	lamba/nw	urn:cite2:hmt:lsj.chicago_md:n61791	v-papand-
λαβοῦσ’	labou=s'	λαμβάνω	lamba/nw	urn:cite2:hmt:lsj.chicago_md:n61791	v-papafn-
λαβοῦσ’	labou=s'	λαμβάνω	lamba/nw	urn:cite2:hmt:lsj.chicago_md:n61791	v-papafv-
λαβών	labw/n	λαμβάνω	lamba/nw	urn:cite2:hmt:lsj.chicago_md:n61791	v-sapamn-
λαθεῖν	laqei=n	λανθάνω	lanqa/nw	urn:cite2:hmt:lsj.chicago_md:n61885	v--ana---
λαθραίως	laqrai/ws	λαθραῖος	laqrai=os	urn:cite2:hmt:lsj.chicago_md:n61604	x--------
λαθραίως	laqrai/ws	λαθραῖος	laqrai=os	urn:cite2:hmt:lsj.chicago_md:n61604	n-p---ma-
λαθραίως	laqrai/ws	λαθραῖος	laqrai=os	urn:cite2:hmt:lsj.chicago_md:n61604	n-p---fa-
λαθραῖον	laqrai=on	λαθραῖος	laqrai=os	urn:cite2:hmt:lsj.chicago_md:n61604	n-s---ma-
λαθραῖον	laqrai=on	λαθραῖος	laqrai=os	urn:cite2:hmt:lsj.chicago_md:n61604	n-s---fa-
λαθραῖον	laqrai=on	λαθραῖος	laqrai=os	urn:cite2:hmt:lsj.chicago_md:n61604	n-s---nn-
λαθραῖον	laqrai=on	λαθραῖος	laqrai=os	urn:cite2:hmt:lsj.chicago_md:n61604	n-s---nv-
λαθραῖον	laqrai=on	λαθραῖος	laqrai=os	urn:cite2:hmt:lsj.chicago_md:n61604	n-s---na-
λαιμοτόμων	laimoto/mwn	λαιμότομος	laimo/tomos	urn:cite2:hmt:lsj.chicago_md:n61665	n-p---mg-
λαιμοτόμων	laimoto/mwn	λαιμότομος	laimo/tomos	urn:cite2:hmt:lsj.chicago_md:n61665	n-p---fg-
λαιμοτόμων	laimoto/mwn	λαιμότομος	laimo/tomos	urn:cite2:hmt:lsj.chicago_md:n61665	n-p---ng-
λαιμοτόμων	laimoto/mwn	λαιμοτόμος	laimoto/mos	urn:cite2:hmt:lsj.chicago_md:n61665	n-p---mg-
λαιμοτόμων	laimoto/mwn	λαιμοτόμος	laimoto/mos	urn:cite2:hmt:lsj.chicago_md:n61665	n-p---fg-
λαιμοτόμων	laimoto/mwn	λαιμοτόμος	laimoto/mos	urn:cite2:hmt:lsj.chicago_md:n61665	n-p---ng-
λαιμόν	laimo/n	λαιμός	laimo/s	urn:cite2:hmt:lsj.chicago_md:n61660	n-s---ma-
λαιμόν	laimo/n	λαιμός	laimo/s	urn:cite2:hmt:lsj.chicago_md:n61661	n-s---ma-
λαιψηρά	laiyhra/	λαιψηρός	laiyhro/s	urn:cite2:hmt:lsj.chicago_md:n61693	a-p---nn-
λαιψηρά	laiyhra/	λαιψηρός	laiyhro/s	urn:cite2:hmt:lsj.chicago_md:n61693	a-p---nv-
λαιψηρά	laiyhra/	λαιψηρός	laiyhro/s	urn:cite2:hmt:lsj.chicago_md:n61693	a-p---na-
λαιψηρά	laiyhra/	λαιψηρός	laiyhro/s	urn:cite2:hmt:lsj.chicago_md:n61693	a-d---fn-
λαιψηρά	laiyhra/	λαιψηρός	laiyhro/s	urn:cite2:hmt:lsj.chicago_md:n61693	a-d---fv-
λαιψηρά	laiyhra/	λαιψηρός	laiyhro/s	urn:cite2:hmt:lsj.chicago_md:n61693	a-d---fa-
λαιψηρά	laiyhra/	λαιψηρός	laiyhro/s	urn:cite2:hmt:lsj.chicago_md:n61693	a-s---fn-
λαιψηρά	laiyhra/	λαιψηρός	laiyhro/s	urn:cite2:hmt:lsj.chicago_md:n61693	a-s---fv-
λαμβάνων	lamba/nwn	λαμβάνω	lamba/nw	urn:cite2:hmt:lsj.chicago_md:n61791	v-sppamn-
λαμπρά	lampra/	λαμπρός	lampro/s	urn:cite2:hmt:lsj.chicago_md:n61855	a-p---nn-
λαμπρά	lampra/	λαμπρός	lampro/s	urn:cite2:hmt:lsj.chicago_md:n61855	a-p---nv-
λαμπρά	lampra/	λαμπρός	lampro/s	urn:cite2:hmt:lsj.chicago_md:n61855	a-p---na-
λαμπρά	lampra/	λαμπρός	lampro/s	urn:cite2:hmt:lsj.chicago_md:n61855	a-d---fn-
λαμπρά	lampra/	λαμπρός	lampro/s	urn:cite2:hmt:lsj.chicago_md:n61855	a-d---fv-
λαμπρά	lampra/	λαμπρός	lampro/s	urn:cite2:hmt:lsj.chicago_md:n61855	a-d---fa-
λαμπρά	lampra/	λαμπρός	lampro/s	urn:cite2:hmt:lsj.chicago_md:n61855	a-s---fn-
λαμπρά	lampra/	λαμπρός	lampro/s	urn:cite2:hmt:lsj.chicago_md:n61855	a-s---fv-
λαμπρόν	lampro/n	λαμπρός	lampro/s	urn:cite2:hmt:lsj.chicago_md:n61855	a-s---ma-
λαμπρόν	lampro/n	λαμπρός	lampro/s	urn:cite2:hmt:lsj.chicago_md:n61855	a-s---nn-
λαμπρόν	lampro/n	λαμπρός	lampro/s	urn:cite2:hmt:lsj.chicago_md:n61855	a-s---nv-
λαμπρόν	lampro/n	λαμπρός	lampro/s	urn:cite2:hmt:lsj.chicago_md:n61855	a-s---na-
λαμπρᾶς	lampra=s	λαμπρός	lampro/s	urn:cite2:hmt:lsj.chicago_md:n61855	a-s---fg-
λαμπάδα	lampa/da	λαμπάσ1	lampa/s	urn:cite2:hmt:lsj.chicago_md:n61830	n-s---fa-
λαμπάδα	lampa/da	λαμπάσ1	lampa/s	urn:cite2:hmt:lsj.chicago_md:n61831	n-s---fa-
λαμπάδα	lampa/da	λαμπάσ2	lampa/s	urn:cite2:hmt:lsj.chicago_md:n61830	n-s---fa-
λαμπάδα	lampa/da	λαμπάσ2	lampa/s	urn:cite2:hmt:lsj.chicago_md:n61831	n-s---fa-
λαμπάδων	lampa/dwn	λαμπάσ1	lampa/s	urn:cite2:hmt:lsj.chicago_md:n61830	n-p---fg-
λαμπάδων	lampa/dwn	λαμπάσ1	lampa/s	urn:cite2:hmt:lsj.chicago_md:n61831	n-p---fg-
λαμπάδων	lampa/dwn	λαμπάσ2	lampa/s	urn:cite2:hmt:lsj.chicago_md:n61830	n-p---fg-
λαμπάδων	lampa/dwn	λαμπάσ2	lampa/s	urn:cite2:hmt:lsj.chicago_md:n61831	n-p---fg-
λαμπάσιν	lampa/sin	λαμπάσ1	lampa/s	urn:cite2:hmt:lsj.chicago_md:n61830	n-p---fd-
λαμπάσιν	lampa/sin	λαμπάσ1	lampa/s	urn:cite2:hmt:lsj.chicago_md:n61831	n-p---fd-
λαμπάσιν	lampa/sin	λαμπάσ2	lampa/s	urn:cite2:hmt:lsj.chicago_md:n61830	n-p---fd-
λαμπάσιν	lampa/sin	λαμπάσ2	lampa/s	urn:cite2:hmt:lsj.chicago_md:n61831	n-p---fd-
λανθάνειν	lanqa/nein	λανθάνω	lanqa/nw	urn:cite2:hmt:lsj.chicago_md:n61885	v--pna---
λατρεύω	latreu/w	λατρεύω	latreu/w	urn:cite2:hmt:lsj.chicago_md:n62062	v1spsa---
λατρεύω	latreu/w	λατρεύω	latreu/w	urn:cite2:hmt:lsj.chicago_md:n62062	v1spia---
λατρεύων	latreu/wn	λατρεύω	latreu/w	urn:cite2:hmt:lsj.chicago_md:n62062	v-sppamn-
λαόν	lao/n	λαός	lao/s	urn:cite2:hmt:lsj.chicago_md:n61925	n-s---ma-
λαός	lao/s	λαός	lao/s	urn:cite2:hmt:lsj.chicago_md:n61925	n-s---mn-
λαΐνοισι	lai+/noisi	λάινος	la/inos	urn:cite2:hmt:lsj.chicago_md:n61671	a-p---md-
λαΐνοισι	lai+/noisi	λάινος	la/inos	urn:cite2:hmt:lsj.chicago_md:n61671	a-p---nd-
λαῶν	law=n	λαός	lao/s	urn:cite2:hmt:lsj.chicago_md:n61925	n-p---mg-
λεγόμενος	lego/menos	λέγω1	le/gw	urn:cite2:hmt:lsj.chicago_md:n62205	v-sppemn-
λεγόμενος	lego/menos	λέγω2	le/gw	urn:cite2:hmt:lsj.chicago_md:n62205	v-sppemn-
λεγόμενος	lego/menos	λέγω3	le/gw	urn:cite2:hmt:lsj.chicago_md:n62205	v-sppemn-
λεγώμεθ’	legw/meq'	λέγω1	le/gw	urn:cite2:hmt:lsj.chicago_md:n62205	v1ppse---
λεγώμεθ’	legw/meq'	λέγω2	le/gw	urn:cite2:hmt:lsj.chicago_md:n62205	v1ppse---
λεγώμεθ’	legw/meq'	λέγω3	le/gw	urn:cite2:hmt:lsj.chicago_md:n62205	v1ppse---
λελεγμένους	lelegme/nous	λέγω3	le/gw	urn:cite2:hmt:lsj.chicago_md:n62205	v-prpema-
λελειμμένη	leleimme/nh	λείπω	lei/pw	urn:cite2:hmt:lsj.chicago_md:n62274	v-srpefn-
λελειμμένη	leleimme/nh	λείπω	lei/pw	urn:cite2:hmt:lsj.chicago_md:n62274	v-srpefv-
λελυπήμεσθ’	leluph/mesq'	λυπέω	lupe/w	urn:cite2:hmt:lsj.chicago_md:n64151	v1prie---
λελυπήμεσθ’	leluph/mesq'	λυπέω	lupe/w	urn:cite2:hmt:lsj.chicago_md:n64151	v1plie---
λελήμμεθα	lelh/mmeqa	λαμβάνω	lamba/nw	urn:cite2:hmt:lsj.chicago_md:n61791	v1prie---
λελήμμεθα	lelh/mmeqa	λαμβάνω	lamba/nw	urn:cite2:hmt:lsj.chicago_md:n61791	v1plie---
λευκοῖς	leukoi=s	λευκόν	leuko/n	urn:cite2:hmt:lsj.chicago_md:n62698	n-p---nd-
λευκοῖς	leukoi=s	λευκός	leuko/s	urn:cite2:hmt:lsj.chicago_md:n62727	a-p---md-
λευκοῖς	leukoi=s	λευκός	leuko/s	urn:cite2:hmt:lsj.chicago_md:n62727	a-p---nd-
λευκοῖς	leukoi=s	λευκόω	leuko/w	urn:cite2:hmt:lsj.chicago_md:n62773	v2spoa---
λευκοῖς	leukoi=s	λευκόω	leuko/w	urn:cite2:hmt:lsj.chicago_md:n62773	v2spsa---
λευκοῖς	leukoi=s	λευκόω	leuko/w	urn:cite2:hmt:lsj.chicago_md:n62773	v2spia---
λευκῷ	leukw=|	λευκόν	leuko/n	urn:cite2:hmt:lsj.chicago_md:n62698	n-s---nd-
λευκῷ	leukw=|	λευκός	leuko/s	urn:cite2:hmt:lsj.chicago_md:n62727	a-s---md-
λευκῷ	leukw=|	λευκός	leuko/s	urn:cite2:hmt:lsj.chicago_md:n62727	a-s---nd-
λείβειν	lei/bein	λείβω	lei/bw	urn:cite2:hmt:lsj.chicago_md:n62218	v--pna---
λείπουσίν	lei/pousi/n	λείπω	lei/pw	urn:cite2:hmt:lsj.chicago_md:n62274	v-pppamd-
λείπουσίν	lei/pousi/n	λείπω	lei/pw	urn:cite2:hmt:lsj.chicago_md:n62274	v-pppand-
λείπουσίν	lei/pousi/n	λείπω	lei/pw	urn:cite2:hmt:lsj.chicago_md:n62274	v3ppia---
λείπων	lei/pwn	λείπω	lei/pw	urn:cite2:hmt:lsj.chicago_md:n62274	v-sppamn-
λείψω	lei/yw	λείβω	lei/bw	urn:cite2:hmt:lsj.chicago_md:n62218	v1sasa---
λείψω	lei/yw	λείβω	lei/bw	urn:cite2:hmt:lsj.chicago_md:n62218	v2saim---
λείψω	lei/yw	λείπω	lei/pw	urn:cite2:hmt:lsj.chicago_md:n62274	v1sfia---
λεόντων	leo/ntwn	λέων	le/wn	urn:cite2:hmt:lsj.chicago_md:n62816	n-p---mg-
λεύσιμοι	leu/simoi	λεύσιμος	leu/simos	urn:cite2:hmt:lsj.chicago_md:n62783	n-p---mn-
λεύσιμοι	leu/simoi	λεύσιμος	leu/simos	urn:cite2:hmt:lsj.chicago_md:n62783	n-p---mv-
λεύσιμοι	leu/simoi	λεύσιμος	leu/simos	urn:cite2:hmt:lsj.chicago_md:n62783	n-p---fn-
λεύσιμοι	leu/simoi	λεύσιμος	leu/simos	urn:cite2:hmt:lsj.chicago_md:n62783	n-p---fv-
λεύσιμον	leu/simon	λεύσιμος	leu/simos	urn:cite2:hmt:lsj.chicago_md:n62783	n-s---ma-
λεύσιμον	leu/simon	λεύσιμος	leu/simos	urn:cite2:hmt:lsj.chicago_md:n62783	n-s---fa-
λεύσιμον	leu/simon	λεύσιμος	leu/simos	urn:cite2:hmt:lsj.chicago_md:n62783	n-s---nn-
λεύσιμον	leu/simon	λεύσιμος	leu/simos	urn:cite2:hmt:lsj.chicago_md:n62783	n-s---nv-
λεύσιμον	leu/simon	λεύσιμος	leu/simos	urn:cite2:hmt:lsj.chicago_md:n62783	n-s---na-
λεύσσεις	leu/sseis	λεύσσω	leu/ssw	urn:cite2:hmt:lsj.chicago_md:n62785	v2spia---
λεύσσοντες	leu/ssontes	λεύσσω	leu/ssw	urn:cite2:hmt:lsj.chicago_md:n62785	v-pppamn-
λεύσσοντες	leu/ssontes	λεύσσω	leu/ssw	urn:cite2:hmt:lsj.chicago_md:n62785	v-pppamv-
λεύσσω	leu/ssw	λεύσσω	leu/ssw	urn:cite2:hmt:lsj.chicago_md:n62785	v1spsa---
λεύσσω	leu/ssw	λεύσσω	leu/ssw	urn:cite2:hmt:lsj.chicago_md:n62785	v1spia---
λιπεῖν	lipei=n	λείπω	lei/pw	urn:cite2:hmt:lsj.chicago_md:n62274	v--ana---
λιπεῖν	lipei=n	λιπάω	lipa/w	urn:cite2:hmt:lsj.chicago_md:n63497	v--pna---
λιποῦσα	lipou=sa	λείπω	lei/pw	urn:cite2:hmt:lsj.chicago_md:n62274	v-sapafn-
λιποῦσα	lipou=sa	λείπω	lei/pw	urn:cite2:hmt:lsj.chicago_md:n62274	v-sapafv-
λιποῦσα	lipou=sa	λιπάω	lipa/w	urn:cite2:hmt:lsj.chicago_md:n63497	v-sppafn-
λιποῦσα	lipou=sa	λιπάω	lipa/w	urn:cite2:hmt:lsj.chicago_md:n63497	v-sppafv-
λιπόντα	lipo/nta	λείπω	lei/pw	urn:cite2:hmt:lsj.chicago_md:n62274	v-papann-
λιπόντα	lipo/nta	λείπω	lei/pw	urn:cite2:hmt:lsj.chicago_md:n62274	v-papanv-
λιπόντα	lipo/nta	λείπω	lei/pw	urn:cite2:hmt:lsj.chicago_md:n62274	v-papana-
λιπόντα	lipo/nta	λείπω	lei/pw	urn:cite2:hmt:lsj.chicago_md:n62274	v-sapama-
λογίων	logi/wn	λόγιον	lo/gion	urn:cite2:hmt:lsj.chicago_md:n63718	n-p---ng-
λογίων	logi/wn	λόγιος	lo/gios	urn:cite2:hmt:lsj.chicago_md:n63719	a-p---fg-
λογίων	logi/wn	λόγιος	lo/gios	urn:cite2:hmt:lsj.chicago_md:n63719	a-p---mg-
λογίων	logi/wn	λόγιος	lo/gios	urn:cite2:hmt:lsj.chicago_md:n63719	a-p---ng-
λογίων	logi/wn	λογάω	loga/w	urn:cite2:hmt:lsj.chicago_md:n63698	v-sppamn-
λοιβή	loibh/	λοιβή	loibh/	urn:cite2:hmt:lsj.chicago_md:n63805	n-s---fn-
λοιβή	loibh/	λοιβή	loibh/	urn:cite2:hmt:lsj.chicago_md:n63805	n-s---fv-
λοιδοροῦσ’	loidorou=s'	λοιδορέω	loidore/w	urn:cite2:hmt:lsj.chicago_md:n63814	v-sppafn-
λοιδοροῦσ’	loidorou=s'	λοιδορέω	loidore/w	urn:cite2:hmt:lsj.chicago_md:n63814	v-sppafv-
λοιδοροῦσ’	loidorou=s'	λοιδορέω	loidore/w	urn:cite2:hmt:lsj.chicago_md:n63814	v-pppamd-
λοιδοροῦσ’	loidorou=s'	λοιδορέω	loidore/w	urn:cite2:hmt:lsj.chicago_md:n63814	v-pppand-
λοιδοροῦσ’	loidorou=s'	λοιδορέω	loidore/w	urn:cite2:hmt:lsj.chicago_md:n63814	v3ppia---
λοιδοροῦσ’	loidorou=s'	λοιδορέω	loidore/w	urn:cite2:hmt:lsj.chicago_md:n63814	v-pppafn-
λοιδοροῦσ’	loidorou=s'	λοιδορέω	loidore/w	urn:cite2:hmt:lsj.chicago_md:n63814	v-pppafv-
λουτρά	loutra/	λουτρόν	loutro/n	urn:cite2:hmt:lsj.chicago_md:n63928	n-p---nn-
λουτρά	loutra/	λουτρόν	loutro/n	urn:cite2:hmt:lsj.chicago_md:n63928	n-p---nv-
λουτρά	loutra/	λουτρόν	loutro/n	urn:cite2:hmt:lsj.chicago_md:n63928	n-p---na-
λοχευθεῖσαν	loxeuqei=san	λοχεύω	loxeu/w	urn:cite2:hmt:lsj.chicago_md:n63979	v-sappfa-
λοχεύει	loxeu/ei	λοχεύω	loxeu/w	urn:cite2:hmt:lsj.chicago_md:n63979	v2spie---
λοχεύει	loxeu/ei	λοχεύω	loxeu/w	urn:cite2:hmt:lsj.chicago_md:n63979	v3spia---
λοχεύματα	loxeu/mata	λόχευμα	lo/xeuma	urn:cite2:hmt:lsj.chicago_md:n63977	n-p---nn-
λοχεύματα	loxeu/mata	λόχευμα	lo/xeuma	urn:cite2:hmt:lsj.chicago_md:n63977	n-p---nv-
λοχεύματα	loxeu/mata	λόχευμα	lo/xeuma	urn:cite2:hmt:lsj.chicago_md:n63977	n-p---na-
λοχιᾶν	loxia=n	λόχιος	lo/xios	urn:cite2:hmt:lsj.chicago_md:n63989	a-p---mg-
λοχιᾶν	loxia=n	λόχιος	lo/xios	urn:cite2:hmt:lsj.chicago_md:n63989	a-p---fg-
λυπεῖν	lupei=n	λυπέω	lupe/w	urn:cite2:hmt:lsj.chicago_md:n64151	v--pna---
λυπηρά	luphra/	λυπηρός	luphro/s	urn:cite2:hmt:lsj.chicago_md:n64154	a-p---nn-
λυπηρά	luphra/	λυπηρός	luphro/s	urn:cite2:hmt:lsj.chicago_md:n64154	a-p---nv-
λυπηρά	luphra/	λυπηρός	luphro/s	urn:cite2:hmt:lsj.chicago_md:n64154	a-p---na-
λυπηρά	luphra/	λυπηρός	luphro/s	urn:cite2:hmt:lsj.chicago_md:n64154	a-d---fn-
λυπηρά	luphra/	λυπηρός	luphro/s	urn:cite2:hmt:lsj.chicago_md:n64154	a-d---fv-
λυπηρά	luphra/	λυπηρός	luphro/s	urn:cite2:hmt:lsj.chicago_md:n64154	a-d---fa-
λυπηρά	luphra/	λυπηρός	luphro/s	urn:cite2:hmt:lsj.chicago_md:n64154	a-s---fn-
λυπηρά	luphra/	λυπηρός	luphro/s	urn:cite2:hmt:lsj.chicago_md:n64154	a-s---fv-
λυπουμένῳ	lupoume/nw|	λυπέω	lupe/w	urn:cite2:hmt:lsj.chicago_md:n64151	v-sppemd-
λυπουμένῳ	lupoume/nw|	λυπέω	lupe/w	urn:cite2:hmt:lsj.chicago_md:n64151	v-sppend-
λυπρά	lupra/	λυπρός	lupro/s	urn:cite2:hmt:lsj.chicago_md:n64161	a-p---nn-
λυπρά	lupra/	λυπρός	lupro/s	urn:cite2:hmt:lsj.chicago_md:n64161	a-p---nv-
λυπρά	lupra/	λυπρός	lupro/s	urn:cite2:hmt:lsj.chicago_md:n64161	a-p---na-
λυπρά	lupra/	λυπρός	lupro/s	urn:cite2:hmt:lsj.chicago_md:n64161	a-d---fn-
λυπρά	lupra/	λυπρός	lupro/s	urn:cite2:hmt:lsj.chicago_md:n64161	a-d---fv-
λυπρά	lupra/	λυπρός	lupro/s	urn:cite2:hmt:lsj.chicago_md:n64161	a-d---fa-
λυπρά	lupra/	λυπρός	lupro/s	urn:cite2:hmt:lsj.chicago_md:n64161	a-s---fn-
λυπρά	lupra/	λυπρός	lupro/s	urn:cite2:hmt:lsj.chicago_md:n64161	a-s---fv-
λυπήσομέν	luph/some/n	λυπέω	lupe/w	urn:cite2:hmt:lsj.chicago_md:n64151	v1pasa---
λυπήσομέν	luph/some/n	λυπέω	lupe/w	urn:cite2:hmt:lsj.chicago_md:n64151	v1pfia---
λάβω	la/bw	λαμβάνω	lamba/nw	urn:cite2:hmt:lsj.chicago_md:n61791	v1sasa---
λάβῃ	la/bh|	λαμβάνω	lamba/nw	urn:cite2:hmt:lsj.chicago_md:n61791	v2sase---
λάβῃ	la/bh|	λαμβάνω	lamba/nw	urn:cite2:hmt:lsj.chicago_md:n61791	v3sasa---
λάβῃς	la/bh|s	λαμβάνω	lamba/nw	urn:cite2:hmt:lsj.chicago_md:n61791	v2sasa---
λάζυσθε	la/zusqe	λάζομαι	la/zomai	urn:cite2:hmt:lsj.chicago_md:n61579	v2ppmm---
λάζυσθε	la/zusqe	λάζομαι	la/zomai	urn:cite2:hmt:lsj.chicago_md:n61579	v2ppim---
λάζυσθε	la/zusqe	λάζομαι	la/zomai	urn:cite2:hmt:lsj.chicago_md:n61579	v2piim---
λάζυσθ’	la/zusq'	λάζομαι	la/zomai	urn:cite2:hmt:lsj.chicago_md:n61579	v2ppmm---
λάζυσθ’	la/zusq'	λάζομαι	la/zomai	urn:cite2:hmt:lsj.chicago_md:n61579	v2ppim---
λάζυσθ’	la/zusq'	λάζομαι	la/zomai	urn:cite2:hmt:lsj.chicago_md:n61579	v--pnm---
λάζυσθ’	la/zusq'	λάζομαι	la/zomai	urn:cite2:hmt:lsj.chicago_md:n61579	v2piim---
λάθοι	la/qoi	λανθάνω	lanqa/nw	urn:cite2:hmt:lsj.chicago_md:n61885	v3saoa---
λάθοι	la/qoi	λανθάνω	lanqa/nw	urn:cite2:hmt:lsj.chicago_md:n61885	v3spoa---
λάθρα	la/qra	λάθρῃ	la/qrh|	urn:cite2:hmt:lsj.chicago_md:n61607	d--------
λάθρᾳ	la/qra|	λάθρῃ	la/qrh|	urn:cite2:hmt:lsj.chicago_md:n61607	d--------
λάμπει	la/mpei	λάμπω	la/mpw	urn:cite2:hmt:lsj.chicago_md:n61875	v2spie---
λάμπει	la/mpei	λάμπω	la/mpw	urn:cite2:hmt:lsj.chicago_md:n61875	v3spia---
λάμπωσιν	la/mpwsin	λάμπω	la/mpw	urn:cite2:hmt:lsj.chicago_md:n61875	v3ppsa---
λάτριν	la/trin	λάτρις	la/tris	urn:cite2:hmt:lsj.chicago_md:n62064	n-s---fa-
λέγε	le/ge	λέγος	le/gos	urn:cite2:hmt:lsj.chicago_md:n62203	a-s---mv-
λέγε	le/ge	λέγω1	le/gw	urn:cite2:hmt:lsj.chicago_md:n62205	v2spma---
λέγε	le/ge	λέγω1	le/gw	urn:cite2:hmt:lsj.chicago_md:n62205	v3siia---
λέγε	le/ge	λέγω2	le/gw	urn:cite2:hmt:lsj.chicago_md:n62205	v2spma---
λέγε	le/ge	λέγω2	le/gw	urn:cite2:hmt:lsj.chicago_md:n62205	v3siia---
λέγε	le/ge	λέγω3	le/gw	urn:cite2:hmt:lsj.chicago_md:n62205	v2spma---
λέγε	le/ge	λέγω3	le/gw	urn:cite2:hmt:lsj.chicago_md:n62205	v3siia---
λέγει	le/gei	λέγω1	le/gw	urn:cite2:hmt:lsj.chicago_md:n62205	v2spie---
λέγει	le/gei	λέγω1	le/gw	urn:cite2:hmt:lsj.chicago_md:n62205	v3spia---
λέγει	le/gei	λέγω2	le/gw	urn:cite2:hmt:lsj.chicago_md:n62205	v2spie---
λέγει	le/gei	λέγω2	le/gw	urn:cite2:hmt:lsj.chicago_md:n62205	v3spia---
λέγει	le/gei	λέγω3	le/gw	urn:cite2:hmt:lsj.chicago_md:n62205	v2spie---
λέγει	le/gei	λέγω3	le/gw	urn:cite2:hmt:lsj.chicago_md:n62205	v3spia---
λέγειν	le/gein	λέγω1	le/gw	urn:cite2:hmt:lsj.chicago_md:n62205	v--pna---
λέγειν	le/gein	λέγω2	le/gw	urn:cite2:hmt:lsj.chicago_md:n62205	v--pna---
λέγειν	le/gein	λέγω3	le/gw	urn:cite2:hmt:lsj.chicago_md:n62205	v--pna---
λέγεις	le/geis	λέγω1	le/gw	urn:cite2:hmt:lsj.chicago_md:n62205	v2spia---
λέγεις	le/geis	λέγω2	le/gw	urn:cite2:hmt:lsj.chicago_md:n62205	v2spia---
λέγεις	le/geis	λέγω3	le/gw	urn:cite2:hmt:lsj.chicago_md:n62205	v2spia---
λέγοις	le/gois	λέγος	le/gos	urn:cite2:hmt:lsj.chicago_md:n62203	a-p---md-
λέγοις	le/gois	λέγος	le/gos	urn:cite2:hmt:lsj.chicago_md:n62203	a-p---nd-
λέγοις	le/gois	λέγω1	le/gw	urn:cite2:hmt:lsj.chicago_md:n62205	v2spoa---
λέγοις	le/gois	λέγω2	le/gw	urn:cite2:hmt:lsj.chicago_md:n62205	v2spoa---
λέγοις	le/gois	λέγω3	le/gw	urn:cite2:hmt:lsj.chicago_md:n62205	v2spoa---
λέγουσα	le/gousa	λέγω1	le/gw	urn:cite2:hmt:lsj.chicago_md:n62205	v-sppafn-
λέγουσα	le/gousa	λέγω1	le/gw	urn:cite2:hmt:lsj.chicago_md:n62205	v-sppafv-
λέγουσα	le/gousa	λέγω2	le/gw	urn:cite2:hmt:lsj.chicago_md:n62205	v-sppafn-
λέγουσα	le/gousa	λέγω2	le/gw	urn:cite2:hmt:lsj.chicago_md:n62205	v-sppafv-
λέγουσα	le/gousa	λέγω3	le/gw	urn:cite2:hmt:lsj.chicago_md:n62205	v-sppafn-
λέγουσα	le/gousa	λέγω3	le/gw	urn:cite2:hmt:lsj.chicago_md:n62205	v-sppafv-
λέγουσιν	le/gousin	λέγω1	le/gw	urn:cite2:hmt:lsj.chicago_md:n62205	v-pppamd-
λέγουσιν	le/gousin	λέγω1	le/gw	urn:cite2:hmt:lsj.chicago_md:n62205	v-pppand-
λέγουσιν	le/gousin	λέγω1	le/gw	urn:cite2:hmt:lsj.chicago_md:n62205	v3ppia---
λέγουσιν	le/gousin	λέγω2	le/gw	urn:cite2:hmt:lsj.chicago_md:n62205	v-pppamd-
λέγουσιν	le/gousin	λέγω2	le/gw	urn:cite2:hmt:lsj.chicago_md:n62205	v-pppand-
λέγουσιν	le/gousin	λέγω2	le/gw	urn:cite2:hmt:lsj.chicago_md:n62205	v3ppia---
λέγουσιν	le/gousin	λέγω3	le/gw	urn:cite2:hmt:lsj.chicago_md:n62205	v-pppamd-
λέγουσιν	le/gousin	λέγω3	le/gw	urn:cite2:hmt:lsj.chicago_md:n62205	v-pppand-
λέγουσιν	le/gousin	λέγω3	le/gw	urn:cite2:hmt:lsj.chicago_md:n62205	v3ppia---
λέγουσ’	le/gous'	λέγω1	le/gw	urn:cite2:hmt:lsj.chicago_md:n62205	v-sppafn-
λέγουσ’	le/gous'	λέγω1	le/gw	urn:cite2:hmt:lsj.chicago_md:n62205	v-sppafv-
λέγουσ’	le/gous'	λέγω1	le/gw	urn:cite2:hmt:lsj.chicago_md:n62205	v-pppamd-
λέγουσ’	le/gous'	λέγω1	le/gw	urn:cite2:hmt:lsj.chicago_md:n62205	v-pppand-
λέγουσ’	le/gous'	λέγω1	le/gw	urn:cite2:hmt:lsj.chicago_md:n62205	v3ppia---
λέγουσ’	le/gous'	λέγω1	le/gw	urn:cite2:hmt:lsj.chicago_md:n62205	v-pppafn-
λέγουσ’	le/gous'	λέγω1	le/gw	urn:cite2:hmt:lsj.chicago_md:n62205	v-pppafv-
λέγουσ’	le/gous'	λέγω2	le/gw	urn:cite2:hmt:lsj.chicago_md:n62205	v-sppafn-
λέγουσ’	le/gous'	λέγω2	le/gw	urn:cite2:hmt:lsj.chicago_md:n62205	v-sppafv-
λέγουσ’	le/gous'	λέγω2	le/gw	urn:cite2:hmt:lsj.chicago_md:n62205	v-pppamd-
λέγουσ’	le/gous'	λέγω2	le/gw	urn:cite2:hmt:lsj.chicago_md:n62205	v-pppand-
λέγουσ’	le/gous'	λέγω2	le/gw	urn:cite2:hmt:lsj.chicago_md:n62205	v3ppia---
λέγουσ’	le/gous'	λέγω2	le/gw	urn:cite2:hmt:lsj.chicago_md:n62205	v-pppafn-
λέγουσ’	le/gous'	λέγω2	le/gw	urn:cite2:hmt:lsj.chicago_md:n62205	v-pppafv-
λέγουσ’	le/gous'	λέγω3	le/gw	urn:cite2:hmt:lsj.chicago_md:n62205	v-sppafn-
λέγουσ’	le/gous'	λέγω3	le/gw	urn:cite2:hmt:lsj.chicago_md:n62205	v-sppafv-
λέγουσ’	le/gous'	λέγω3	le/gw	urn:cite2:hmt:lsj.chicago_md:n62205	v-pppamd-
λέγουσ’	le/gous'	λέγω3	le/gw	urn:cite2:hmt:lsj.chicago_md:n62205	v-pppand-
λέγουσ’	le/gous'	λέγω3	le/gw	urn:cite2:hmt:lsj.chicago_md:n62205	v3ppia---
λέγουσ’	le/gous'	λέγω3	le/gw	urn:cite2:hmt:lsj.chicago_md:n62205	v-pppafn-
λέγουσ’	le/gous'	λέγω3	le/gw	urn:cite2:hmt:lsj.chicago_md:n62205	v-pppafv-
λέγω	le/gw	λέγος	le/gos	urn:cite2:hmt:lsj.chicago_md:n62203	a-d---mn-
λέγω	le/gw	λέγος	le/gos	urn:cite2:hmt:lsj.chicago_md:n62203	a-d---mv-
λέγω	le/gw	λέγος	le/gos	urn:cite2:hmt:lsj.chicago_md:n62203	a-d---ma-
λέγω	le/gw	λέγος	le/gos	urn:cite2:hmt:lsj.chicago_md:n62203	a-d---nn-
λέγω	le/gw	λέγος	le/gos	urn:cite2:hmt:lsj.chicago_md:n62203	a-d---nv-
λέγω	le/gw	λέγος	le/gos	urn:cite2:hmt:lsj.chicago_md:n62203	a-d---na-
λέγω	le/gw	λέγος	le/gos	urn:cite2:hmt:lsj.chicago_md:n62203	a-s---mg-
λέγω	le/gw	λέγος	le/gos	urn:cite2:hmt:lsj.chicago_md:n62203	a-s---ng-
λέγω	le/gw	λέγω1	le/gw	urn:cite2:hmt:lsj.chicago_md:n62205	v1spsa---
λέγω	le/gw	λέγω1	le/gw	urn:cite2:hmt:lsj.chicago_md:n62205	v1spia---
λέγω	le/gw	λέγω2	le/gw	urn:cite2:hmt:lsj.chicago_md:n62205	v1spsa---
λέγω	le/gw	λέγω2	le/gw	urn:cite2:hmt:lsj.chicago_md:n62205	v1spia---
λέγω	le/gw	λέγω3	le/gw	urn:cite2:hmt:lsj.chicago_md:n62205	v1spsa---
λέγω	le/gw	λέγω3	le/gw	urn:cite2:hmt:lsj.chicago_md:n62205	v1spia---
λέγων	le/gwn	λέγος	le/gos	urn:cite2:hmt:lsj.chicago_md:n62203	a-p---fg-
λέγων	le/gwn	λέγος	le/gos	urn:cite2:hmt:lsj.chicago_md:n62203	a-p---mg-
λέγων	le/gwn	λέγος	le/gos	urn:cite2:hmt:lsj.chicago_md:n62203	a-p---ng-
λέγων	le/gwn	λέγω1	le/gw	urn:cite2:hmt:lsj.chicago_md:n62205	v-sppamn-
λέγων	le/gwn	λέγω2	le/gw	urn:cite2:hmt:lsj.chicago_md:n62205	v-sppamn-
λέγων	le/gwn	λέγω3	le/gw	urn:cite2:hmt:lsj.chicago_md:n62205	v-sppamn-
λέγῃς	le/gh|s	λέγος	le/gos	urn:cite2:hmt:lsj.chicago_md:n62203	a-p---fd-
λέγῃς	le/gh|s	λέγω1	le/gw	urn:cite2:hmt:lsj.chicago_md:n62205	v2spsa---
λέγῃς	le/gh|s	λέγω2	le/gw	urn:cite2:hmt:lsj.chicago_md:n62205	v2spsa---
λέγῃς	le/gh|s	λέγω3	le/gw	urn:cite2:hmt:lsj.chicago_md:n62205	v2spsa---
λέκτρα	le/ktra	λέκτρον	le/ktron	urn:cite2:hmt:lsj.chicago_md:n62352	n-p---nn-
λέκτρα	le/ktra	λέκτρον	le/ktron	urn:cite2:hmt:lsj.chicago_md:n62352	n-p---nv-
λέκτρα	le/ktra	λέκτρον	le/ktron	urn:cite2:hmt:lsj.chicago_md:n62352	n-p---na-
λέκτρον	le/ktron	λέκτρον	le/ktron	urn:cite2:hmt:lsj.chicago_md:n62352	n-s---nn-
λέκτρον	le/ktron	λέκτρον	le/ktron	urn:cite2:hmt:lsj.chicago_md:n62352	n-s---nv-
λέκτρον	le/ktron	λέκτρον	le/ktron	urn:cite2:hmt:lsj.chicago_md:n62352	n-s---na-
λέκτρων	le/ktrwn	λέκτρον	le/ktron	urn:cite2:hmt:lsj.chicago_md:n62352	n-p---ng-
λέληθεν	le/lhqen	λανθάνω	lanqa/nw	urn:cite2:hmt:lsj.chicago_md:n61885	v3sria---
λέληθεν	le/lhqen	λανθάνω	lanqa/nw	urn:cite2:hmt:lsj.chicago_md:n61885	v3plia---
λέξας	le/cas	λέγω1	le/gw	urn:cite2:hmt:lsj.chicago_md:n62205	v-sapamn-
λέξας	le/cas	λέγω1	le/gw	urn:cite2:hmt:lsj.chicago_md:n62205	v-sapamv-
λέξας	le/cas	λέγω1	le/gw	urn:cite2:hmt:lsj.chicago_md:n62205	v2saia---
λέξας	le/cas	λέγω3	le/gw	urn:cite2:hmt:lsj.chicago_md:n62205	v-sapamn-
λέξας	le/cas	λέγω3	le/gw	urn:cite2:hmt:lsj.chicago_md:n62205	v-sapamv-
λέξας	le/cas	λέγω3	le/gw	urn:cite2:hmt:lsj.chicago_md:n62205	v2saia---
λέξεις	le/ceis	λέξις	le/cis	urn:cite2:hmt:lsj.chicago_md:n62383	n-p---fn-
λέξεις	le/ceis	λέξις	le/cis	urn:cite2:hmt:lsj.chicago_md:n62383	n-p---fv-
λέξεις	le/ceis	λέξις	le/cis	urn:cite2:hmt:lsj.chicago_md:n62383	n-p---fn-
λέξεις	le/ceis	λέξις	le/cis	urn:cite2:hmt:lsj.chicago_md:n62383	n-p---fa-
λέξεις	le/ceis	λέγω1	le/gw	urn:cite2:hmt:lsj.chicago_md:n62205	v2sasa---
λέξεις	le/ceis	λέγω1	le/gw	urn:cite2:hmt:lsj.chicago_md:n62205	v2sfia---
λέξεις	le/ceis	λέγω2	le/gw	urn:cite2:hmt:lsj.chicago_md:n62205	v2sfia---
λέξεις	le/ceis	λέγω3	le/gw	urn:cite2:hmt:lsj.chicago_md:n62205	v2sasa---
λέξεις	le/ceis	λέγω3	le/gw	urn:cite2:hmt:lsj.chicago_md:n62205	v2sfia---
λέξον	le/con	λέγω1	le/gw	urn:cite2:hmt:lsj.chicago_md:n62205	v2sama---
λέξον	le/con	λέγω1	le/gw	urn:cite2:hmt:lsj.chicago_md:n62205	v-sfpamv-
λέξον	le/con	λέγω1	le/gw	urn:cite2:hmt:lsj.chicago_md:n62205	v-sfpann-
λέξον	le/con	λέγω1	le/gw	urn:cite2:hmt:lsj.chicago_md:n62205	v-sfpanv-
λέξον	le/con	λέγω1	le/gw	urn:cite2:hmt:lsj.chicago_md:n62205	v-sfpana-
λέξον	le/con	λέγω2	le/gw	urn:cite2:hmt:lsj.chicago_md:n62205	v-sfpamv-
λέξον	le/con	λέγω2	le/gw	urn:cite2:hmt:lsj.chicago_md:n62205	v-sfpann-
λέξον	le/con	λέγω2	le/gw	urn:cite2:hmt:lsj.chicago_md:n62205	v-sfpanv-
λέξον	le/con	λέγω2	le/gw	urn:cite2:hmt:lsj.chicago_md:n62205	v-sfpana-
λέξον	le/con	λέγω3	le/gw	urn:cite2:hmt:lsj.chicago_md:n62205	v2sama---
λέξον	le/con	λέγω3	le/gw	urn:cite2:hmt:lsj.chicago_md:n62205	v-sfpamv-
λέξον	le/con	λέγω3	le/gw	urn:cite2:hmt:lsj.chicago_md:n62205	v-sfpann-
λέξον	le/con	λέγω3	le/gw	urn:cite2:hmt:lsj.chicago_md:n62205	v-sfpanv-
λέξον	le/con	λέγω3	le/gw	urn:cite2:hmt:lsj.chicago_md:n62205	v-sfpana-
λέξω	le/cw	λέγω1	le/gw	urn:cite2:hmt:lsj.chicago_md:n62205	v1sasa---
λέξω	le/cw	λέγω1	le/gw	urn:cite2:hmt:lsj.chicago_md:n62205	v1sfia---
λέξω	le/cw	λέγω1	le/gw	urn:cite2:hmt:lsj.chicago_md:n62205	v2saim---
λέξω	le/cw	λέγω2	le/gw	urn:cite2:hmt:lsj.chicago_md:n62205	v1sfia---
λέξω	le/cw	λέγω2	le/gw	urn:cite2:hmt:lsj.chicago_md:n62205	v2saim---
λέξω	le/cw	λέγω3	le/gw	urn:cite2:hmt:lsj.chicago_md:n62205	v1sasa---
λέξω	le/cw	λέγω3	le/gw	urn:cite2:hmt:lsj.chicago_md:n62205	v1sfia---
λέξω	le/cw	λέγω3	le/gw	urn:cite2:hmt:lsj.chicago_md:n62205	v2saim---
λέχεα	le/xea	λέχος	le/xos	urn:cite2:hmt:lsj.chicago_md:n62799	n-p---nn-
λέχεα	le/xea	λέχος	le/xos	urn:cite2:hmt:lsj.chicago_md:n62799	n-p---nv-
λέχεα	le/xea	λέχος	le/xos	urn:cite2:hmt:lsj.chicago_md:n62799	n-p---na-
λέχεσι	le/xesi	λέχος	le/xos	urn:cite2:hmt:lsj.chicago_md:n62799	n-p---nd-
λέχη	le/xh	λέχος	le/xos	urn:cite2:hmt:lsj.chicago_md:n62799	n-p---nn-
λέχη	le/xh	λέχος	le/xos	urn:cite2:hmt:lsj.chicago_md:n62799	n-p---nv-
λέχη	le/xh	λέχος	le/xos	urn:cite2:hmt:lsj.chicago_md:n62799	n-p---na-
λέχη	le/xh	λέχος	le/xos	urn:cite2:hmt:lsj.chicago_md:n62799	n-d---nn-
λέχη	le/xh	λέχος	le/xos	urn:cite2:hmt:lsj.chicago_md:n62799	n-d---nv-
λέχη	le/xh	λέχος	le/xos	urn:cite2:hmt:lsj.chicago_md:n62799	n-d---na-
λέχος	le/xos	λέχος	le/xos	urn:cite2:hmt:lsj.chicago_md:n62799	n-s---nn-
λέχος	le/xos	λέχος	le/xos	urn:cite2:hmt:lsj.chicago_md:n62799	n-s---nv-
λέχος	le/xos	λέχος	le/xos	urn:cite2:hmt:lsj.chicago_md:n62799	n-s---na-
λήγοιτ’	lh/goit'	λήγω	lh/gw	urn:cite2:hmt:lsj.chicago_md:n62824	v3spoe---
λήγοιτ’	lh/goit'	λήγω	lh/gw	urn:cite2:hmt:lsj.chicago_md:n62824	v2ppoa---
λήγωσι	lh/gwsi	λήγω	lh/gw	urn:cite2:hmt:lsj.chicago_md:n62824	v3ppsa---
λήξω	lh/cw	λήγω	lh/gw	urn:cite2:hmt:lsj.chicago_md:n62824	v1sasa---
λήξω	lh/cw	λήγω	lh/gw	urn:cite2:hmt:lsj.chicago_md:n62824	v1sfia---
λήξω	lh/cw	λήγω	lh/gw	urn:cite2:hmt:lsj.chicago_md:n62824	v2saim---
λήσεις	lh/seis	λανθάνω	lanqa/nw	urn:cite2:hmt:lsj.chicago_md:n61885	v2sasa---
λήσεις	lh/seis	λανθάνω	lanqa/nw	urn:cite2:hmt:lsj.chicago_md:n61885	v2sfia---
λήσεις	lh/seis	λῆσις	lh=sis	urn:cite2:hmt:lsj.chicago_md:n62970	n-p---fn-
λήσεις	lh/seis	λῆσις	lh=sis	urn:cite2:hmt:lsj.chicago_md:n62971	n-p---fn-
λήσεις	lh/seis	λῆσις	lh=sis	urn:cite2:hmt:lsj.chicago_md:n62970	n-p---fv-
λήσεις	lh/seis	λῆσις	lh=sis	urn:cite2:hmt:lsj.chicago_md:n62971	n-p---fv-
λήσεις	lh/seis	λῆσις	lh=sis	urn:cite2:hmt:lsj.chicago_md:n62970	n-p---fn-
λήσεις	lh/seis	λῆσις	lh=sis	urn:cite2:hmt:lsj.chicago_md:n62971	n-p---fn-
λήσεις	lh/seis	λῆσις	lh=sis	urn:cite2:hmt:lsj.chicago_md:n62970	n-p---fa-
λήσεις	lh/seis	λῆσις	lh=sis	urn:cite2:hmt:lsj.chicago_md:n62971	n-p---fa-
λήψομαι	lh/yomai	λαμβάνω	lamba/nw	urn:cite2:hmt:lsj.chicago_md:n61791	v1sfim---
λήψομαί	lh/yomai/	λαμβάνω	lamba/nw	urn:cite2:hmt:lsj.chicago_md:n61791	v1sfim---
λίμνας	li/mnas	λίμνη	li/mnh	urn:cite2:hmt:lsj.chicago_md:n63314	n-p---fa-
λίμνας	li/mnas	λίμνη	li/mnh	urn:cite2:hmt:lsj.chicago_md:n63314	n-s---fg-
λίμνης	li/mnhs	λίμνη	li/mnh	urn:cite2:hmt:lsj.chicago_md:n63314	n-s---fg-
λόγοι	lo/goi	λόγος	lo/gos	urn:cite2:hmt:lsj.chicago_md:n63772	n-p---mn-
λόγοι	lo/goi	λόγος	lo/gos	urn:cite2:hmt:lsj.chicago_md:n63772	n-p---mv-
λόγοις	lo/gois	λόγος	lo/gos	urn:cite2:hmt:lsj.chicago_md:n63772	n-p---md-
λόγοισιν	lo/goisin	λόγος	lo/gos	urn:cite2:hmt:lsj.chicago_md:n63772	n-p---md-
λόγον	lo/gon	λόγος	lo/gos	urn:cite2:hmt:lsj.chicago_md:n63772	n-s---ma-
λόγος	lo/gos	λόγος	lo/gos	urn:cite2:hmt:lsj.chicago_md:n63772	n-s---mn-
λόγου	lo/gou	λόγος	lo/gos	urn:cite2:hmt:lsj.chicago_md:n63772	n-s---mg-
λόγου	lo/gou	λογόω	logo/w	urn:cite2:hmt:lsj.chicago_md:n63777	v2spma---
λόγου	lo/gou	λογόω	logo/w	urn:cite2:hmt:lsj.chicago_md:n63777	v3siia---
λόγους	lo/gous	λόγος	lo/gos	urn:cite2:hmt:lsj.chicago_md:n63772	n-p---ma-
λόγους	lo/gous	λογόω	logo/w	urn:cite2:hmt:lsj.chicago_md:n63777	v2siia---
λόγων	lo/gwn	λόγος	lo/gos	urn:cite2:hmt:lsj.chicago_md:n63772	n-p---mg-
λόγων	lo/gwn	λογάω	loga/w	urn:cite2:hmt:lsj.chicago_md:n63698	v3piia---
λόγων	lo/gwn	λογάω	loga/w	urn:cite2:hmt:lsj.chicago_md:n63698	v1siia---
λόγῳ	lo/gw|	λόγος	lo/gos	urn:cite2:hmt:lsj.chicago_md:n63772	n-s---md-
λῦσαι	lu=sai	λύω	lu/w	urn:cite2:hmt:lsj.chicago_md:n64316	v2samm---
λῦσαι	lu=sai	λύω	lu/w	urn:cite2:hmt:lsj.chicago_md:n64316	v--ana---
μαθεῖν	maqei=n	μανθάνω	manqa/nw	urn:cite2:hmt:lsj.chicago_md:n64914	v--ana---
μαθοῦσα	maqou=sa	μανθάνω	manqa/nw	urn:cite2:hmt:lsj.chicago_md:n64914	v-sapafn-
μαθοῦσα	maqou=sa	μανθάνω	manqa/nw	urn:cite2:hmt:lsj.chicago_md:n64914	v-sapafv-
μακαριωτάτας	makariwta/tas	μακάριος	maka/rios	urn:cite2:hmt:lsj.chicago_md:n64586	a-p---fas
μακαριωτάτας	makariwta/tas	μακάριος	maka/rios	urn:cite2:hmt:lsj.chicago_md:n64586	a-s---fgs
μακαριωτάτας	makariwta/tas	μακάριος	maka/rios	urn:cite2:hmt:lsj.chicago_md:n64586	a-p---fas
μακαριωτάτας	makariwta/tas	μακάριος	maka/rios	urn:cite2:hmt:lsj.chicago_md:n64586	a-s---fgs
μακαρίων	makari/wn	μακάριος	maka/rios	urn:cite2:hmt:lsj.chicago_md:n64586	a-p---fg-
μακαρίων	makari/wn	μακάριος	maka/rios	urn:cite2:hmt:lsj.chicago_md:n64586	a-p---mg-
μακαρίων	makari/wn	μακάριος	maka/rios	urn:cite2:hmt:lsj.chicago_md:n64586	a-p---ng-
μακαρίων	makari/wn	μακάριος	maka/rios	urn:cite2:hmt:lsj.chicago_md:n64586	n-p---mg-
μακαρίων	makari/wn	μακάριος	maka/rios	urn:cite2:hmt:lsj.chicago_md:n64586	n-p---fg-
μακαρίων	makari/wn	μακάριος	maka/rios	urn:cite2:hmt:lsj.chicago_md:n64586	n-p---ng-
μακρόν	makro/n	μακρός	makro/s	urn:cite2:hmt:lsj.chicago_md:n64703	a-s---ma-
μακρόν	makro/n	μακρός	makro/s	urn:cite2:hmt:lsj.chicago_md:n64703	a-s---nn-
μακρόν	makro/n	μακρός	makro/s	urn:cite2:hmt:lsj.chicago_md:n64703	a-s---nv-
μακρόν	makro/n	μακρός	makro/s	urn:cite2:hmt:lsj.chicago_md:n64703	a-s---na-
μακρᾶς	makra=s	μακρός	makro/s	urn:cite2:hmt:lsj.chicago_md:n64703	a-s---fg-
μακάριος	maka/rios	μακάριος	maka/rios	urn:cite2:hmt:lsj.chicago_md:n64586	a-s---mn-
μακάριος	maka/rios	μακάριος	maka/rios	urn:cite2:hmt:lsj.chicago_md:n64586	n-s---mn-
μακάριος	maka/rios	μακάριος	maka/rios	urn:cite2:hmt:lsj.chicago_md:n64586	n-s---fn-
μακάριόν	maka/rio/n	μακάριος	maka/rios	urn:cite2:hmt:lsj.chicago_md:n64586	a-s---ma-
μακάριόν	maka/rio/n	μακάριος	maka/rios	urn:cite2:hmt:lsj.chicago_md:n64586	a-s---nn-
μακάριόν	maka/rio/n	μακάριος	maka/rios	urn:cite2:hmt:lsj.chicago_md:n64586	a-s---nv-
μακάριόν	maka/rio/n	μακάριος	maka/rios	urn:cite2:hmt:lsj.chicago_md:n64586	a-s---na-
μακάριόν	maka/rio/n	μακάριος	maka/rios	urn:cite2:hmt:lsj.chicago_md:n64586	n-s---ma-
μακάριόν	maka/rio/n	μακάριος	maka/rios	urn:cite2:hmt:lsj.chicago_md:n64586	n-s---fa-
μακάριόν	maka/rio/n	μακάριος	maka/rios	urn:cite2:hmt:lsj.chicago_md:n64586	n-s---nn-
μακάριόν	maka/rio/n	μακάριος	maka/rios	urn:cite2:hmt:lsj.chicago_md:n64586	n-s---nv-
μακάριόν	maka/rio/n	μακάριος	maka/rios	urn:cite2:hmt:lsj.chicago_md:n64586	n-s---na-
μαντευμάτων	manteuma/twn	μάντευμα	ma/nteuma	urn:cite2:hmt:lsj.chicago_md:n64947	n-p---ng-
μαντευτέον	manteute/on	μαντευτέον	manteute/on	urn:cite2:hmt:lsj.chicago_md:n64949	n-s---ma-
μαντευτέον	manteute/on	μαντευτέον	manteute/on	urn:cite2:hmt:lsj.chicago_md:n64949	n-s---nn-
μαντευτέον	manteute/on	μαντευτέον	manteute/on	urn:cite2:hmt:lsj.chicago_md:n64949	n-s---nv-
μαντευτέον	manteute/on	μαντευτέον	manteute/on	urn:cite2:hmt:lsj.chicago_md:n64949	n-s---na-
μαντευτός	manteuto/s	μαντευτός	manteuto/s	urn:cite2:hmt:lsj.chicago_md:n64952	a-s---mn-
μαντεύεσθαι	manteu/esqai	μαντεύομαι	manteu/omai	urn:cite2:hmt:lsj.chicago_md:n64948	v--pne---
μαντεύεται	manteu/etai	μαντεύομαι	manteu/omai	urn:cite2:hmt:lsj.chicago_md:n64948	v3spie---
μαντεύμαθ’	manteu/maq'	μάντευμα	ma/nteuma	urn:cite2:hmt:lsj.chicago_md:n64947	n-p---nn-
μαντεύμαθ’	manteu/maq'	μάντευμα	ma/nteuma	urn:cite2:hmt:lsj.chicago_md:n64947	n-p---nv-
μαντεύμαθ’	manteu/maq'	μάντευμα	ma/nteuma	urn:cite2:hmt:lsj.chicago_md:n64947	n-p---na-
μαντεύμαθ’	manteu/maq'	μάντευμα	ma/nteuma	urn:cite2:hmt:lsj.chicago_md:n64947	n-s---nd-
μαντεύμαθ’	manteu/maq'	μάντευμα	ma/nteuma	urn:cite2:hmt:lsj.chicago_md:n64947	n-d---nn-
μαντεύμαθ’	manteu/maq'	μάντευμα	ma/nteuma	urn:cite2:hmt:lsj.chicago_md:n64947	n-d---nv-
μαντεύμαθ’	manteu/maq'	μάντευμα	ma/nteuma	urn:cite2:hmt:lsj.chicago_md:n64947	n-d---na-
μαντεύμασι	manteu/masi	μάντευμα	ma/nteuma	urn:cite2:hmt:lsj.chicago_md:n64947	n-p---nd-
μαντεύματα	manteu/mata	μάντευμα	ma/nteuma	urn:cite2:hmt:lsj.chicago_md:n64947	n-p---nn-
μαντεύματα	manteu/mata	μάντευμα	ma/nteuma	urn:cite2:hmt:lsj.chicago_md:n64947	n-p---nv-
μαντεύματα	manteu/mata	μάντευμα	ma/nteuma	urn:cite2:hmt:lsj.chicago_md:n64947	n-p---na-
μαντεύομαι	manteu/omai	μαντεύομαι	manteu/omai	urn:cite2:hmt:lsj.chicago_md:n64948	v1spie---
μαντεύσεται	manteu/setai	μαντεύομαι	manteu/omai	urn:cite2:hmt:lsj.chicago_md:n64948	v3sase---
μαντεύσεται	manteu/setai	μαντεύομαι	manteu/omai	urn:cite2:hmt:lsj.chicago_md:n64948	v3sfie---
μαντεῖα	mantei=a	μαντεῖον	mantei=on	urn:cite2:hmt:lsj.chicago_md:n64945	n-p---nn-
μαντεῖα	mantei=a	μαντεῖον	mantei=on	urn:cite2:hmt:lsj.chicago_md:n64945	n-p---nv-
μαντεῖα	mantei=a	μαντεῖον	mantei=on	urn:cite2:hmt:lsj.chicago_md:n64945	n-p---na-
μαντεῖα	mantei=a	μαντεῖος	mantei=os	urn:cite2:hmt:lsj.chicago_md:n64946	a-p---nn-
μαντεῖα	mantei=a	μαντεῖος	mantei=os	urn:cite2:hmt:lsj.chicago_md:n64946	a-p---nv-
μαντεῖα	mantei=a	μαντεῖος	mantei=os	urn:cite2:hmt:lsj.chicago_md:n64946	a-p---na-
μαντεῖα	mantei=a	μαντεῖος	mantei=os	urn:cite2:hmt:lsj.chicago_md:n64946	n-p---nn-
μαντεῖα	mantei=a	μαντεῖος	mantei=os	urn:cite2:hmt:lsj.chicago_md:n64946	n-p---nv-
μαντεῖα	mantei=a	μαντεῖος	mantei=os	urn:cite2:hmt:lsj.chicago_md:n64946	n-p---na-
μαντεῖον	mantei=on	μαντεῖον	mantei=on	urn:cite2:hmt:lsj.chicago_md:n64945	n-s---nn-
μαντεῖον	mantei=on	μαντεῖον	mantei=on	urn:cite2:hmt:lsj.chicago_md:n64945	n-s---nv-
μαντεῖον	mantei=on	μαντεῖον	mantei=on	urn:cite2:hmt:lsj.chicago_md:n64945	n-s---na-
μαντεῖον	mantei=on	μαντεῖος	mantei=os	urn:cite2:hmt:lsj.chicago_md:n64946	a-s---ma-
μαντεῖον	mantei=on	μαντεῖος	mantei=os	urn:cite2:hmt:lsj.chicago_md:n64946	a-s---nn-
μαντεῖον	mantei=on	μαντεῖος	mantei=os	urn:cite2:hmt:lsj.chicago_md:n64946	a-s---nv-
μαντεῖον	mantei=on	μαντεῖος	mantei=os	urn:cite2:hmt:lsj.chicago_md:n64946	a-s---na-
μαντεῖον	mantei=on	μαντεῖος	mantei=os	urn:cite2:hmt:lsj.chicago_md:n64946	n-s---ma-
μαντεῖον	mantei=on	μαντεῖος	mantei=os	urn:cite2:hmt:lsj.chicago_md:n64946	n-s---fa-
μαντεῖον	mantei=on	μαντεῖος	mantei=os	urn:cite2:hmt:lsj.chicago_md:n64946	n-s---nn-
μαντεῖον	mantei=on	μαντεῖος	mantei=os	urn:cite2:hmt:lsj.chicago_md:n64946	n-s---nv-
μαντεῖον	mantei=on	μαντεῖος	mantei=os	urn:cite2:hmt:lsj.chicago_md:n64946	n-s---na-
μαντεῖ’	mantei='	μαντεία	mantei/a	urn:cite2:hmt:lsj.chicago_md:n64944	n-p---fn-
μαντεῖ’	mantei='	μαντεία	mantei/a	urn:cite2:hmt:lsj.chicago_md:n64944	n-p---fv-
μαντεῖ’	mantei='	μαντεῖον	mantei=on	urn:cite2:hmt:lsj.chicago_md:n64945	n-p---nn-
μαντεῖ’	mantei='	μαντεῖον	mantei=on	urn:cite2:hmt:lsj.chicago_md:n64945	n-p---nv-
μαντεῖ’	mantei='	μαντεῖον	mantei=on	urn:cite2:hmt:lsj.chicago_md:n64945	n-p---na-
μαντεῖ’	mantei='	μαντεῖος	mantei=os	urn:cite2:hmt:lsj.chicago_md:n64946	a-p---nn-
μαντεῖ’	mantei='	μαντεῖος	mantei=os	urn:cite2:hmt:lsj.chicago_md:n64946	a-p---nv-
μαντεῖ’	mantei='	μαντεῖος	mantei=os	urn:cite2:hmt:lsj.chicago_md:n64946	a-p---na-
μαντεῖ’	mantei='	μαντεῖος	mantei=os	urn:cite2:hmt:lsj.chicago_md:n64946	n-p---nn-
μαντεῖ’	mantei='	μαντεῖος	mantei=os	urn:cite2:hmt:lsj.chicago_md:n64946	n-p---nv-
μαντεῖ’	mantei='	μαντεῖος	mantei=os	urn:cite2:hmt:lsj.chicago_md:n64946	n-p---na-
μαντεῖ’	mantei='	μαντεῖος	mantei=os	urn:cite2:hmt:lsj.chicago_md:n64946	a-s---mv-
μαντεῖ’	mantei='	μαντεῖος	mantei=os	urn:cite2:hmt:lsj.chicago_md:n64946	n-s---mv-
μαντεῖ’	mantei='	μαντεῖος	mantei=os	urn:cite2:hmt:lsj.chicago_md:n64946	n-s---fv-
μαντεῖ’	mantei='	μαντεῖος	mantei=os	urn:cite2:hmt:lsj.chicago_md:n64946	a-p---fn-
μαντεῖ’	mantei='	μαντεῖος	mantei=os	urn:cite2:hmt:lsj.chicago_md:n64946	a-p---fv-
μαρμαίρων	marmai/rwn	μαρμαίρω	marmai/rw	urn:cite2:hmt:lsj.chicago_md:n65041	v-sppamn-
μαρτυρεῖς	marturei=s	μαρτύρομαι	martu/romai	urn:cite2:hmt:lsj.chicago_md:n65091	v2sase---
μαρτυρεῖς	marturei=s	μαρτυρέω	marture/w	urn:cite2:hmt:lsj.chicago_md:n65083	v2spia---
μαστόν	masto/n	μαστός	masto/s	urn:cite2:hmt:lsj.chicago_md:n65174	n-s---ma-
μαστῷ	mastw=|	μαστάζω	masta/zw	urn:cite2:hmt:lsj.chicago_md:n65128	v3sfoa---
μαστῷ	mastw=|	μαστός	masto/s	urn:cite2:hmt:lsj.chicago_md:n65174	n-s---md-
ματρός	matro/s	μήτηρ	mh/thr	urn:cite2:hmt:lsj.chicago_md:n67543	n-s---fg-
ματρός	matro/s	μήτηρ	mh/thr	urn:cite2:hmt:lsj.chicago_md:n67543	n-s---fg-
ματέρα	mate/ra	μήτηρ	mh/thr	urn:cite2:hmt:lsj.chicago_md:n67543	n-s---fa-
ματέρος	mate/ros	μήτηρ	mh/thr	urn:cite2:hmt:lsj.chicago_md:n67543	n-s---fg-
με	me	ἐγώ	e)gw/	urn:cite2:hmt:lsj.chicago_md:n30657	p-s---ma-
με	me	ἐγώ	e)gw/	urn:cite2:hmt:lsj.chicago_md:n30657	p-s---fa-
μεγάλα	mega/la	μέγας	me/gas	urn:cite2:hmt:lsj.chicago_md:n65552	a-d---fn-
μεγάλα	mega/la	μέγας	me/gas	urn:cite2:hmt:lsj.chicago_md:n65552	a-d---fv-
μεγάλα	mega/la	μέγας	me/gas	urn:cite2:hmt:lsj.chicago_md:n65552	a-d---fa-
μεγάλα	mega/la	μέγας	me/gas	urn:cite2:hmt:lsj.chicago_md:n65552	a-s---fn-
μεγάλα	mega/la	μέγας	me/gas	urn:cite2:hmt:lsj.chicago_md:n65552	a-s---fv-
μεγάλα	mega/la	μέγας	me/gas	urn:cite2:hmt:lsj.chicago_md:n65552	a-p---nn-
μεγάλα	mega/la	μέγας	me/gas	urn:cite2:hmt:lsj.chicago_md:n65552	a-p---nv-
μεγάλα	mega/la	μέγας	me/gas	urn:cite2:hmt:lsj.chicago_md:n65552	a-p---na-
μεγάλα	mega/la	μέγας	me/gas	urn:cite2:hmt:lsj.chicago_md:n65552	a-p---nv-
μεγάλα	mega/la	μέγας	me/gas	urn:cite2:hmt:lsj.chicago_md:n65552	a-d---fv-
μεγάλα	mega/la	μέγας	me/gas	urn:cite2:hmt:lsj.chicago_md:n65552	a-s---fv-
μεγάλοισι	mega/loisi	μέγας	me/gas	urn:cite2:hmt:lsj.chicago_md:n65552	a-p---md-
μεγάλοισι	mega/loisi	μέγας	me/gas	urn:cite2:hmt:lsj.chicago_md:n65552	a-p---nd-
μεγίστου	megi/stou	μέγας	me/gas	urn:cite2:hmt:lsj.chicago_md:n65552	a-s---mg-
μεγίστου	megi/stou	μέγας	me/gas	urn:cite2:hmt:lsj.chicago_md:n65552	a-s---ng-
μεγίστῳ	megi/stw|	μέγας	me/gas	urn:cite2:hmt:lsj.chicago_md:n65552	a-s---md-
μεγίστῳ	megi/stw|	μέγας	me/gas	urn:cite2:hmt:lsj.chicago_md:n65552	a-s---nd-
μεθαμερίων	meqameri/wn	μεθημέριος	meqhme/rios	urn:cite2:hmt:lsj.chicago_md:n65619	n-p---mg-
μεθαμερίων	meqameri/wn	μεθημέριος	meqhme/rios	urn:cite2:hmt:lsj.chicago_md:n65619	n-p---fg-
μεθαμερίων	meqameri/wn	μεθημέριος	meqhme/rios	urn:cite2:hmt:lsj.chicago_md:n65619	n-p---ng-
μεθεῖσαν	meqei=san	μεθίημι	meqi/hmi	urn:cite2:hmt:lsj.chicago_md:n65624	v-sapafa-
μεθεῖσαν	meqei=san	μεταίζω	metai/zw	urn:cite2:hmt:lsj.chicago_md:n66675	v-sapann-
μεθεῖσαν	meqei=san	μεταίζω	metai/zw	urn:cite2:hmt:lsj.chicago_md:n66675	v-sapanv-
μεθεῖσαν	meqei=san	μεταίζω	metai/zw	urn:cite2:hmt:lsj.chicago_md:n66675	v-sapana-
μεθεῖσαν	meqei=san	μεταίζω	metai/zw	urn:cite2:hmt:lsj.chicago_md:n66675	v3paia---
μεθέξεις	meqe/ceis	μέθεξις	me/qecis	urn:cite2:hmt:lsj.chicago_md:n65604	n-p---fn-
μεθέξεις	meqe/ceis	μέθεξις	me/qecis	urn:cite2:hmt:lsj.chicago_md:n65604	n-p---fv-
μεθέξεις	meqe/ceis	μέθεξις	me/qecis	urn:cite2:hmt:lsj.chicago_md:n65604	n-p---fn-
μεθέξεις	meqe/ceis	μέθεξις	me/qecis	urn:cite2:hmt:lsj.chicago_md:n65604	n-p---fa-
μεθέξεις	meqe/ceis	μετέχω	mete/xw	urn:cite2:hmt:lsj.chicago_md:n67132	v2sfia---
μεθίσταται	meqi/statai	μεθίστημι	meqi/sthmi	urn:cite2:hmt:lsj.chicago_md:n65628	v3spie---
μεθῆκα	meqh=ka	μεθίημι	meqi/hmi	urn:cite2:hmt:lsj.chicago_md:n65624	v1saia---
μελάθροις	mela/qrois	μέλαθρον	me/laqron	urn:cite2:hmt:lsj.chicago_md:n65796	n-p---nd-
μελάμπεπλος	mela/mpeplos	μελάμπεπλος	mela/mpeplos	urn:cite2:hmt:lsj.chicago_md:n65812	n-s---mn-
μελάμπεπλος	mela/mpeplos	μελάμπεπλος	mela/mpeplos	urn:cite2:hmt:lsj.chicago_md:n65812	n-s---fn-
μελέα	mele/a	μέλεος	me/leos	urn:cite2:hmt:lsj.chicago_md:n65960	a-d---fn-
μελέα	mele/a	μέλεος	me/leos	urn:cite2:hmt:lsj.chicago_md:n65960	a-d---fv-
μελέα	mele/a	μέλεος	me/leos	urn:cite2:hmt:lsj.chicago_md:n65960	a-d---fa-
μελέα	mele/a	μέλεος	me/leos	urn:cite2:hmt:lsj.chicago_md:n65960	a-s---fn-
μελέα	mele/a	μέλεος	me/leos	urn:cite2:hmt:lsj.chicago_md:n65960	a-s---fv-
μελέαν	mele/an	μέλεος	me/leos	urn:cite2:hmt:lsj.chicago_md:n65960	a-s---fa-
μελέοις	mele/ois	μέλεος	me/leos	urn:cite2:hmt:lsj.chicago_md:n65960	a-p---md-
μελέοις	mele/ois	μέλεος	me/leos	urn:cite2:hmt:lsj.chicago_md:n65960	a-p---nd-
μελέοις	mele/ois	μέλεος	me/leos	urn:cite2:hmt:lsj.chicago_md:n65960	n-p---md-
μελέοις	mele/ois	μέλεος	me/leos	urn:cite2:hmt:lsj.chicago_md:n65960	n-p---fd-
μελέοις	mele/ois	μέλεος	me/leos	urn:cite2:hmt:lsj.chicago_md:n65960	n-p---nd-
μελέᾳ	mele/a|	ἐπιμελέομαι	e)pimele/omai	urn:cite2:hmt:lsj.chicago_md:n40154	v2spie---
μελέᾳ	mele/a|	μέλεος	me/leos	urn:cite2:hmt:lsj.chicago_md:n65960	a-s---fd-
μελήσει	melh/sei	ἐπιμελέομαι	e)pimele/omai	urn:cite2:hmt:lsj.chicago_md:n40154	v2sfie---
μελήσει	melh/sei	μέλω	me/lw	urn:cite2:hmt:lsj.chicago_md:n66199	v3sasa---
μελήσει	melh/sei	μέλω	me/lw	urn:cite2:hmt:lsj.chicago_md:n66199	v2sfim---
μελήσει	melh/sei	μέλω	me/lw	urn:cite2:hmt:lsj.chicago_md:n66199	v3sfia---
μεμηνότας	memhno/tas	μαίνομαι	mai/nomai	urn:cite2:hmt:lsj.chicago_md:n64562	v-prpama-
μεμηχανημένως	memhxanhme/nws	μεμηχανημένως	memhxanhme/nws	urn:cite2:hmt:lsj.chicago_md:n66230	d--------
μεμηχανημένως	memhxanhme/nws	μηχανάομαι	mhxana/omai	urn:cite2:hmt:lsj.chicago_md:n67615	v-prpema-
μεμπτόν	mempto/n	μεμπτός	mempto/s	urn:cite2:hmt:lsj.chicago_md:n66246	a-s---ma-
μεμπτόν	mempto/n	μεμπτός	mempto/s	urn:cite2:hmt:lsj.chicago_md:n66246	a-s---nn-
μεμπτόν	mempto/n	μεμπτός	mempto/s	urn:cite2:hmt:lsj.chicago_md:n66246	a-s---nv-
μεμπτόν	mempto/n	μεμπτός	mempto/s	urn:cite2:hmt:lsj.chicago_md:n66246	a-s---na-
μεμύθευται	memu/qeutai	μυθεύω	muqeu/w	urn:cite2:hmt:lsj.chicago_md:n69015	v3srie---
μενεῖ	menei=	μένω	me/nw	urn:cite2:hmt:lsj.chicago_md:n66294	v2sfim---
μενεῖ	menei=	μένω	me/nw	urn:cite2:hmt:lsj.chicago_md:n66294	v3sfia---
μενέτω	mene/tw	μένω	me/nw	urn:cite2:hmt:lsj.chicago_md:n66294	v3spma---
μερίμνης	meri/mnhs	μέριμνα	me/rimna	urn:cite2:hmt:lsj.chicago_md:n66309	n-s---fg-
μερίμνης	meri/mnhs	μεριμνάω	merimna/w	urn:cite2:hmt:lsj.chicago_md:n66310	v2spia---
μερίμνης	meri/mnhs	μεριμνάω	merimna/w	urn:cite2:hmt:lsj.chicago_md:n66310	v2siia---
μεσοπόρου	mesopo/rou	μεσοπόρος	mesopo/ros	urn:cite2:hmt:lsj.chicago_md:n66483	n-s---mg-
μεσοπόρου	mesopo/rou	μεσοπόρος	mesopo/ros	urn:cite2:hmt:lsj.chicago_md:n66483	n-s---fg-
μεσοπόρου	mesopo/rou	μεσοπόρος	mesopo/ros	urn:cite2:hmt:lsj.chicago_md:n66483	n-s---ng-
μεσσήρεις	messh/reis	μεσήρης	mesh/rhs	urn:cite2:hmt:lsj.chicago_md:n66404	n-p---ma-
μεσσήρεις	messh/reis	μεσήρης	mesh/rhs	urn:cite2:hmt:lsj.chicago_md:n66404	n-p---fa-
μεσσήρεις	messh/reis	μεσήρης	mesh/rhs	urn:cite2:hmt:lsj.chicago_md:n66404	n-p---mn-
μεσσήρεις	messh/reis	μεσήρης	mesh/rhs	urn:cite2:hmt:lsj.chicago_md:n66404	n-p---mv-
μεσσήρεις	messh/reis	μεσήρης	mesh/rhs	urn:cite2:hmt:lsj.chicago_md:n66404	n-p---fn-
μεσσήρεις	messh/reis	μεσήρης	mesh/rhs	urn:cite2:hmt:lsj.chicago_md:n66404	n-p---fv-
μεταβαλοῦσα	metabalou=sa	μεταβάλλω	metaba/llw	urn:cite2:hmt:lsj.chicago_md:n66574	v-sapafn-
μεταβαλοῦσα	metabalou=sa	μεταβάλλω	metaba/llw	urn:cite2:hmt:lsj.chicago_md:n66574	v-sapafv-
μεταβαλοῦσα	metabalou=sa	μεταβάλλω	metaba/llw	urn:cite2:hmt:lsj.chicago_md:n66574	v-sfpafn-
μεταβαλοῦσα	metabalou=sa	μεταβάλλω	metaba/llw	urn:cite2:hmt:lsj.chicago_md:n66574	v-sfpafv-
μεταβαλοῦσ’	metabalou=s'	μεταβάλλω	metaba/llw	urn:cite2:hmt:lsj.chicago_md:n66574	v-sapafn-
μεταβαλοῦσ’	metabalou=s'	μεταβάλλω	metaba/llw	urn:cite2:hmt:lsj.chicago_md:n66574	v-sapafv-
μεταβαλοῦσ’	metabalou=s'	μεταβάλλω	metaba/llw	urn:cite2:hmt:lsj.chicago_md:n66574	v-sfpafn-
μεταβαλοῦσ’	metabalou=s'	μεταβάλλω	metaba/llw	urn:cite2:hmt:lsj.chicago_md:n66574	v-sfpafv-
μεταβαλοῦσ’	metabalou=s'	μεταβάλλω	metaba/llw	urn:cite2:hmt:lsj.chicago_md:n66574	v-papamd-
μεταβαλοῦσ’	metabalou=s'	μεταβάλλω	metaba/llw	urn:cite2:hmt:lsj.chicago_md:n66574	v-papand-
μεταβαλοῦσ’	metabalou=s'	μεταβάλλω	metaba/llw	urn:cite2:hmt:lsj.chicago_md:n66574	v-pfpamd-
μεταβαλοῦσ’	metabalou=s'	μεταβάλλω	metaba/llw	urn:cite2:hmt:lsj.chicago_md:n66574	v-pfpand-
μεταβαλοῦσ’	metabalou=s'	μεταβάλλω	metaba/llw	urn:cite2:hmt:lsj.chicago_md:n66574	v3pfia---
μεταβαλοῦσ’	metabalou=s'	μεταβάλλω	metaba/llw	urn:cite2:hmt:lsj.chicago_md:n66574	v-papafn-
μεταβαλοῦσ’	metabalou=s'	μεταβάλλω	metaba/llw	urn:cite2:hmt:lsj.chicago_md:n66574	v-papafv-
μεταβαλοῦσ’	metabalou=s'	μεταβάλλω	metaba/llw	urn:cite2:hmt:lsj.chicago_md:n66574	v-pfpafn-
μεταβαλοῦσ’	metabalou=s'	μεταβάλλω	metaba/llw	urn:cite2:hmt:lsj.chicago_md:n66574	v-pfpafv-
μεταπέσοι	metape/soi	μεταπίπτω	metapi/ptw	urn:cite2:hmt:lsj.chicago_md:n66870	v3saoa---
μεταστάς	metasta/s	μεθίστημι	meqi/sthmi	urn:cite2:hmt:lsj.chicago_md:n65628	v-sapamn-
μεταστάς	metasta/s	μεθίστημι	meqi/sthmi	urn:cite2:hmt:lsj.chicago_md:n65628	v-sapamv-
μετασχέτω	metasxe/tw	μετέχω	mete/xw	urn:cite2:hmt:lsj.chicago_md:n67132	v3sama---
μετρίων	metri/wn	μέτριος	me/trios	urn:cite2:hmt:lsj.chicago_md:n67250	a-p---fg-
μετρίων	metri/wn	μέτριος	me/trios	urn:cite2:hmt:lsj.chicago_md:n67250	a-p---mg-
μετρίων	metri/wn	μέτριος	me/trios	urn:cite2:hmt:lsj.chicago_md:n67250	a-p---ng-
μετρίων	metri/wn	μέτριος	me/trios	urn:cite2:hmt:lsj.chicago_md:n67250	n-p---mg-
μετρίων	metri/wn	μέτριος	me/trios	urn:cite2:hmt:lsj.chicago_md:n67250	n-p---fg-
μετρίων	metri/wn	μέτριος	me/trios	urn:cite2:hmt:lsj.chicago_md:n67250	n-p---ng-
μετρίων	metri/wn	μετρέω	metre/w	urn:cite2:hmt:lsj.chicago_md:n67225	v-sppamn-
μετρίων	metri/wn	μετριάω	metria/w	urn:cite2:hmt:lsj.chicago_md:n67240	v3piia---
μετρίων	metri/wn	μετριάω	metria/w	urn:cite2:hmt:lsj.chicago_md:n67240	v1siia---
μετά	meta/	μετά	meta/	urn:cite2:hmt:lsj.chicago_md:n66572	r--------
μετέρχομαι	mete/rxomai	μετέρχομαι	mete/rxomai	urn:cite2:hmt:lsj.chicago_md:n67125	v1spie---
μετέσχε	mete/sxe	μετέχω	mete/xw	urn:cite2:hmt:lsj.chicago_md:n67132	v3saia---
μετέχειν	mete/xein	μετέχω	mete/xw	urn:cite2:hmt:lsj.chicago_md:n67132	v--pna---
μετῆλθες	meth=lqes	μετέρχομαι	mete/rxomai	urn:cite2:hmt:lsj.chicago_md:n67125	v2saia---
μετῆν	meth=n	μέτειμι1	me/teimi	urn:cite2:hmt:lsj.chicago_md:n67068	v1siia---
μετῆν	meth=n	μέτειμι1	me/teimi	urn:cite2:hmt:lsj.chicago_md:n67069	v1siia---
μετῆν	meth=n	μέτειμι1	me/teimi	urn:cite2:hmt:lsj.chicago_md:n67068	v3piia---
μετῆν	meth=n	μέτειμι1	me/teimi	urn:cite2:hmt:lsj.chicago_md:n67069	v3piia---
μετῆν	meth=n	μέτειμι1	me/teimi	urn:cite2:hmt:lsj.chicago_md:n67068	v3siia---
μετῆν	meth=n	μέτειμι1	me/teimi	urn:cite2:hmt:lsj.chicago_md:n67069	v3siia---
μηδείς	mhdei/s	μηδείς	mhdei/s	urn:cite2:hmt:lsj.chicago_md:n67302	n-s---mn-
μηδείς	mhdei/s	μηδείς	mhdei/s	urn:cite2:hmt:lsj.chicago_md:n67302	n-s---mv-
μηδέ	mhde/	μηδέ	mhde/	urn:cite2:hmt:lsj.chicago_md:n67299	g--------
μηδέν	mhde/n	μηδείς	mhdei/s	urn:cite2:hmt:lsj.chicago_md:n67302	n-s---nn-
μηδέν	mhde/n	μηδείς	mhdei/s	urn:cite2:hmt:lsj.chicago_md:n67302	n-s---nv-
μηδέν	mhde/n	μηδείς	mhdei/s	urn:cite2:hmt:lsj.chicago_md:n67302	n-s---na-
μηκέτι	mhke/ti	μηκέτι	mhke/ti	urn:cite2:hmt:lsj.chicago_md:n67344	d--------
μηνυθέν	mhnuqe/n	μηνύω	mhnu/w	urn:cite2:hmt:lsj.chicago_md:n67501	v-sappnn-
μηνυθέν	mhnuqe/n	μηνύω	mhnu/w	urn:cite2:hmt:lsj.chicago_md:n67501	v-sappnv-
μηνυθέν	mhnuqe/n	μηνύω	mhnu/w	urn:cite2:hmt:lsj.chicago_md:n67501	v-sappna-
μηνός	mhno/s	μείς	mei/s	urn:cite2:hmt:lsj.chicago_md:n65757	n-s---mg-
μηνύσετε	mhnu/sete	μηνύω	mhnu/w	urn:cite2:hmt:lsj.chicago_md:n67501	v2pasa---
μηνύσετε	mhnu/sete	μηνύω	mhnu/w	urn:cite2:hmt:lsj.chicago_md:n67501	v2pfia---
μητρυιαῖς	mhtruiai=s	μητρυιά	mhtruia/	urn:cite2:hmt:lsj.chicago_md:n67602	n-p---fd-
μητρυιάν	mhtruia/n	μητρυιά	mhtruia/	urn:cite2:hmt:lsj.chicago_md:n67602	n-s---fa-
μητρυιάς	mhtruia/s	μητρυιά	mhtruia/	urn:cite2:hmt:lsj.chicago_md:n67602	n-p---fa-
μητρί	mhtri/	μήτηρ	mh/thr	urn:cite2:hmt:lsj.chicago_md:n67543	n-s---fd-
μητρί	mhtri/	μήτηρ	mh/thr	urn:cite2:hmt:lsj.chicago_md:n67543	n-s---fd-
μητρί	mhtri/	μητρίς	mhtri/s	urn:cite2:hmt:lsj.chicago_md:n67571	n-s---fv-
μητρόθεν	mhtro/qen	μητρόθεν	mhtro/qen	urn:cite2:hmt:lsj.chicago_md:n67576	d--------
μητρός	mhtro/s	μήτηρ	mh/thr	urn:cite2:hmt:lsj.chicago_md:n67543	n-s---fg-
μητρός	mhtro/s	μήτηρ	mh/thr	urn:cite2:hmt:lsj.chicago_md:n67543	n-s---fg-
μητέρα	mhte/ra	μήτηρ	mh/thr	urn:cite2:hmt:lsj.chicago_md:n67543	n-s---fa-
μητέρ’	mhte/r'	μήτηρ	mh/thr	urn:cite2:hmt:lsj.chicago_md:n67543	n-s---fa-
μητέρ’	mhte/r'	μήτηρ	mh/thr	urn:cite2:hmt:lsj.chicago_md:n67543	n-s---fd-
μητέρ’	mhte/r'	μήτηρ	mh/thr	urn:cite2:hmt:lsj.chicago_md:n67543	n-d---fn-
μητέρ’	mhte/r'	μήτηρ	mh/thr	urn:cite2:hmt:lsj.chicago_md:n67543	n-d---fv-
μητέρ’	mhte/r'	μήτηρ	mh/thr	urn:cite2:hmt:lsj.chicago_md:n67543	n-d---fa-
μηχαναῖς	mhxanai=s	μηχανή	mhxanh/	urn:cite2:hmt:lsj.chicago_md:n67619	n-p---fd-
μηχανάς	mhxana/s	μηχανή	mhxanh/	urn:cite2:hmt:lsj.chicago_md:n67619	n-p---fa-
μηχανήματα	mhxanh/mata	μηχάνημα	mhxa/nhma	urn:cite2:hmt:lsj.chicago_md:n67620	n-p---nn-
μηχανήματα	mhxanh/mata	μηχάνημα	mhxa/nhma	urn:cite2:hmt:lsj.chicago_md:n67620	n-p---nv-
μηχανήματα	mhxanh/mata	μηχάνημα	mhxa/nhma	urn:cite2:hmt:lsj.chicago_md:n67620	n-p---na-
μιανθῆναι	mianqh=nai	μιαίνω	miai/nw	urn:cite2:hmt:lsj.chicago_md:n67651	v--anp---
μιμούμεθ’	mimou/meq'	μιμέομαι	mime/omai	urn:cite2:hmt:lsj.chicago_md:n67853	v1ppie---
μιμούμεθ’	mimou/meq'	μιμέομαι	mime/omai	urn:cite2:hmt:lsj.chicago_md:n67853	v1piie---
μιμήματα	mimh/mata	μίμημα	mi/mhma	urn:cite2:hmt:lsj.chicago_md:n67855	n-p---nn-
μιμήματα	mimh/mata	μίμημα	mi/mhma	urn:cite2:hmt:lsj.chicago_md:n67855	n-p---nv-
μιμήματα	mimh/mata	μίμημα	mi/mhma	urn:cite2:hmt:lsj.chicago_md:n67855	n-p---na-
μιξόθηρας	mico/qhras	μιξόθηρ	mico/qhr	urn:cite2:hmt:lsj.chicago_md:n67927	n-p---ma-
μιξόθηρας	mico/qhras	μιξόθηρ	mico/qhr	urn:cite2:hmt:lsj.chicago_md:n67927	n-p---fa-
μισεῖ	misei=	μισέω	mise/w	urn:cite2:hmt:lsj.chicago_md:n67974	v2spie---
μισεῖ	misei=	μισέω	mise/w	urn:cite2:hmt:lsj.chicago_md:n67974	v3spia---
μισησόμεσθα	mishso/mesqa	μισέω	mise/w	urn:cite2:hmt:lsj.chicago_md:n67974	v1pasm---
μισησόμεσθα	mishso/mesqa	μισέω	mise/w	urn:cite2:hmt:lsj.chicago_md:n67974	v1pfim---
μισούμεθ’	misou/meq'	μισέω	mise/w	urn:cite2:hmt:lsj.chicago_md:n67974	v1ppie---
μισούμεθ’	misou/meq'	μισέω	mise/w	urn:cite2:hmt:lsj.chicago_md:n67974	v1piie---
μισήσομαι	mish/somai	μισέω	mise/w	urn:cite2:hmt:lsj.chicago_md:n67974	v1sasm---
μισήσομαι	mish/somai	μισέω	mise/w	urn:cite2:hmt:lsj.chicago_md:n67974	v1sfim---
μιᾶς	mia=s	εἷς	ei(=s	urn:cite2:hmt:lsj.chicago_md:n31236	a-s---fg-
μιᾷ	mia=|	εἷς	ei(=s	urn:cite2:hmt:lsj.chicago_md:n31236	a-s---fd-
μνήμην	mnh/mhn	μνήμη	mnh/mh	urn:cite2:hmt:lsj.chicago_md:n68174	n-s---fa-
μοι	moi	ἐγώ	e)gw/	urn:cite2:hmt:lsj.chicago_md:n30657	p-s---md-
μοι	moi	ἐγώ	e)gw/	urn:cite2:hmt:lsj.chicago_md:n30657	p-s---fd-
μολεῖν	molei=n	βλώσκω	blw/skw	urn:cite2:hmt:lsj.chicago_md:n20178	v--ana---
μομφάν	momfa/n	μομφή	momfh/	urn:cite2:hmt:lsj.chicago_md:n68417	n-s---fa-
μορφαί	morfai/	μορφή	morfh/	urn:cite2:hmt:lsj.chicago_md:n68791	n-p---fn-
μορφαί	morfai/	μορφή	morfh/	urn:cite2:hmt:lsj.chicago_md:n68791	n-p---fv-
μορφάς	morfa/s	μορφή	morfh/	urn:cite2:hmt:lsj.chicago_md:n68791	n-p---fa-
μορφήν	morfh/n	μορφή	morfh/	urn:cite2:hmt:lsj.chicago_md:n68791	n-s---fa-
μορφῆς	morfh=s	μορφάζω	morfa/zw	urn:cite2:hmt:lsj.chicago_md:n68788	v2sfia---
μορφῆς	morfh=s	μορφή	morfh/	urn:cite2:hmt:lsj.chicago_md:n68791	n-s---fg-
μου	mou	ἐγώ	e)gw/	urn:cite2:hmt:lsj.chicago_md:n30657	p-s---mg-
μου	mou	ἐγώ	e)gw/	urn:cite2:hmt:lsj.chicago_md:n30657	p-s---fg-
μοχθεῖν	moxqei=n	μοχθέω	moxqe/w	urn:cite2:hmt:lsj.chicago_md:n68933	v--pna---
μοχθεῖς	moxqei=s	μοχθέω	moxqe/w	urn:cite2:hmt:lsj.chicago_md:n68933	v2spia---
μοχθοῦμεν	moxqou=men	μοχθέω	moxqe/w	urn:cite2:hmt:lsj.chicago_md:n68933	v1ppia---
μοχθοῦμεν	moxqou=men	μοχθέω	moxqe/w	urn:cite2:hmt:lsj.chicago_md:n68933	v1piia---
μοχθοῦμεν	moxqou=men	μοχθόω	moxqo/w	urn:cite2:hmt:lsj.chicago_md:n68942	v1ppia---
μοχθοῦμεν	moxqou=men	μοχθόω	moxqo/w	urn:cite2:hmt:lsj.chicago_md:n68942	v1piia---
μοχθήμασι	moxqh/masi	μόχθημα	mo/xqhma	urn:cite2:hmt:lsj.chicago_md:n68935	n-p---nd-
μοίρᾳ	moi/ra|	μοῖρα	moi=ra	urn:cite2:hmt:lsj.chicago_md:n68262	n-s---fd-
μοίρᾳ	moi/ra|	μοῖρα	moi=ra	urn:cite2:hmt:lsj.chicago_md:n68262	n-s---fd-
μυθεύεται	muqeu/etai	μυθεύω	muqeu/w	urn:cite2:hmt:lsj.chicago_md:n69015	v3spie---
μυρσίνας	mursi/nas	μυρσίνη	mursi/nh	urn:cite2:hmt:lsj.chicago_md:n69389	n-p---fa-
μυρσίνας	mursi/nas	μυρσίνη	mursi/nh	urn:cite2:hmt:lsj.chicago_md:n69389	n-s---fg-
μυρίους	muri/ous	μυρίος	muri/os	urn:cite2:hmt:lsj.chicago_md:n69292	a-p---ma-
μυρίων	muri/wn	μύρω	mu/rw	urn:cite2:hmt:lsj.chicago_md:n69415	v-sfpamn-
μυρίων	muri/wn	μυρίος	muri/os	urn:cite2:hmt:lsj.chicago_md:n69292	a-p---fg-
μυρίων	muri/wn	μυρίος	muri/os	urn:cite2:hmt:lsj.chicago_md:n69292	a-p---mg-
μυρίων	muri/wn	μυρίος	muri/os	urn:cite2:hmt:lsj.chicago_md:n69292	a-p---ng-
μυχόν	muxo/n	μυχός	muxo/s	urn:cite2:hmt:lsj.chicago_md:n69527	n-s---ma-
μυχώδεσι	muxw/desi	μυχώδης	muxw/dhs	urn:cite2:hmt:lsj.chicago_md:n69529	n-p---md-
μυχώδεσι	muxw/desi	μυχώδης	muxw/dhs	urn:cite2:hmt:lsj.chicago_md:n69529	n-p---fd-
μυχώδεσι	muxw/desi	μυχώδης	muxw/dhs	urn:cite2:hmt:lsj.chicago_md:n69529	n-p---nd-
μυχῶν	muxw=n	μυχή	muxh/	urn:cite2:hmt:lsj.chicago_md:n69511	n-p---fg-
μυχῶν	muxw=n	μυχός	muxo/s	urn:cite2:hmt:lsj.chicago_md:n69527	n-p---mg-
μωρίαν	mwri/an	μωρία	mwri/a	urn:cite2:hmt:lsj.chicago_md:n69603	n-s---fa-
μωρίᾳ	mwri/a|	μωρία	mwri/a	urn:cite2:hmt:lsj.chicago_md:n69603	n-p---fn-
μωρίᾳ	mwri/a|	μωρία	mwri/a	urn:cite2:hmt:lsj.chicago_md:n69603	n-p---fv-
μωρίᾳ	mwri/a|	μωρία	mwri/a	urn:cite2:hmt:lsj.chicago_md:n69603	n-s---fd-
μά	ma/	μά	ma/	urn:cite2:hmt:lsj.chicago_md:n64387	g--------
μά	ma/	μά	ma/	urn:cite2:hmt:lsj.chicago_md:n64389a	g--------
μά	ma/	μά	ma/	urn:cite2:hmt:lsj.chicago_md:n64389b	g--------
μά	ma/	μά	ma/	urn:cite2:hmt:lsj.chicago_md:n64388	g--------
μά	ma/	μά	ma/	urn:cite2:hmt:lsj.chicago_md:n64389	g--------
μά	ma/	μής	mh/s	urn:cite2:hmt:lsj.chicago_md:n67539	n-d---mn-
μά	ma/	μής	mh/s	urn:cite2:hmt:lsj.chicago_md:n67539	n-d---mv-
μά	ma/	μής	mh/s	urn:cite2:hmt:lsj.chicago_md:n67539	n-d---ma-
μά	ma/	μής	mh/s	urn:cite2:hmt:lsj.chicago_md:n67539	n-s---mv-
μά	ma/	μής	mh/s	urn:cite2:hmt:lsj.chicago_md:n67539	n-s---mn-
μάθωμεν	ma/qwmen	μανθάνω	manqa/nw	urn:cite2:hmt:lsj.chicago_md:n64914	v1pasa---
μάκαιρα	ma/kaira	μάκαρ	ma/kar	urn:cite2:hmt:lsj.chicago_md:n64581	n-s---fn-
μάκαιρα	ma/kaira	μάκαρ	ma/kar	urn:cite2:hmt:lsj.chicago_md:n64581	n-s---fv-
μάν	ma/n	μήν	mh/n	urn:cite2:hmt:lsj.chicago_md:n67461	g--------
μάν	ma/n	μήν	mh/n	urn:cite2:hmt:lsj.chicago_md:n67462	g--------
μάν	ma/n	μής	mh/s	urn:cite2:hmt:lsj.chicago_md:n67539	n-s---ma-
μάν	ma/n	μής	mh/s	urn:cite2:hmt:lsj.chicago_md:n67539	n-s---ma-
μάντεσίν	ma/ntesi/n	μάντις	ma/ntis	urn:cite2:hmt:lsj.chicago_md:n64961	n-p---md-
μάντευμα	ma/nteuma	μάντευμα	ma/nteuma	urn:cite2:hmt:lsj.chicago_md:n64947	n-s---nn-
μάντευμα	ma/nteuma	μάντευμα	ma/nteuma	urn:cite2:hmt:lsj.chicago_md:n64947	n-s---nv-
μάντευμα	ma/nteuma	μάντευμα	ma/nteuma	urn:cite2:hmt:lsj.chicago_md:n64947	n-s---na-
μάντις	ma/ntis	μάντις	ma/ntis	urn:cite2:hmt:lsj.chicago_md:n64961	n-p---ma-
μάντις	ma/ntis	μάντις	ma/ntis	urn:cite2:hmt:lsj.chicago_md:n64961	n-s---mn-
μάρψω	ma/ryw	μάρπτω	ma/rptw	urn:cite2:hmt:lsj.chicago_md:n65077	v1sasa---
μάρψω	ma/ryw	μάρπτω	ma/rptw	urn:cite2:hmt:lsj.chicago_md:n65077	v1sfia---
μάρψω	ma/ryw	μάρπτω	ma/rptw	urn:cite2:hmt:lsj.chicago_md:n65077	v2saim---
μάτην	ma/thn	μάτη	ma/th	urn:cite2:hmt:lsj.chicago_md:n65237	n-s---fa-
μάτην	ma/thn	μάτην	ma/thn	urn:cite2:hmt:lsj.chicago_md:n65240	d--------
μάτην	ma/thn	μάτος	ma/tos	urn:cite2:hmt:lsj.chicago_md:n65246	n-s---na-
μάτην	ma/thn	ματάω	mata/w	urn:cite2:hmt:lsj.chicago_md:n65234	v3piia---
μάτην	ma/thn	ματάω	mata/w	urn:cite2:hmt:lsj.chicago_md:n65234	v1siia---
μάχην	ma/xhn	μάχη	ma/xh	urn:cite2:hmt:lsj.chicago_md:n65295	n-s---fa-
μάχην	ma/xhn	μαχάω	maxa/w	urn:cite2:hmt:lsj.chicago_md:n65293	v3piia---
μάχην	ma/xhn	μαχάω	maxa/w	urn:cite2:hmt:lsj.chicago_md:n65293	v1siia---
μέγαν	me/gan	μέγας	me/gas	urn:cite2:hmt:lsj.chicago_md:n65552	n-s---ma-
μέγας	me/gas	μέγας	me/gas	urn:cite2:hmt:lsj.chicago_md:n65552	n-s---mn-
μέθες	me/qes	μεθίημι	meqi/hmi	urn:cite2:hmt:lsj.chicago_md:n65624	v2sama---
μέθυ	me/qu	μέθυ	me/qu	urn:cite2:hmt:lsj.chicago_md:n65652	n-s---nn-
μέθυ	me/qu	μέθυ	me/qu	urn:cite2:hmt:lsj.chicago_md:n65652	n-s---na-
μέλαθρα	me/laqra	μέλαθρον	me/laqron	urn:cite2:hmt:lsj.chicago_md:n65796	n-p---nn-
μέλαθρα	me/laqra	μέλαθρον	me/laqron	urn:cite2:hmt:lsj.chicago_md:n65796	n-p---nv-
μέλαθρα	me/laqra	μέλαθρον	me/laqron	urn:cite2:hmt:lsj.chicago_md:n65796	n-p---na-
μέλει	me/lei	μέλος	me/los	urn:cite2:hmt:lsj.chicago_md:n66187	n-d---nn-
μέλει	me/lei	μέλος	me/los	urn:cite2:hmt:lsj.chicago_md:n66187	n-d---nv-
μέλει	me/lei	μέλος	me/los	urn:cite2:hmt:lsj.chicago_md:n66187	n-d---na-
μέλει	me/lei	μέλος	me/los	urn:cite2:hmt:lsj.chicago_md:n66187	n-s---nd-
μέλει	me/lei	μέλος	me/los	urn:cite2:hmt:lsj.chicago_md:n66187	n-s---nd-
μέλει	me/lei	μέλω	me/lw	urn:cite2:hmt:lsj.chicago_md:n66199	v2spie---
μέλει	me/lei	μέλω	me/lw	urn:cite2:hmt:lsj.chicago_md:n66199	v3spia---
μέλεος	me/leos	μέλεος	me/leos	urn:cite2:hmt:lsj.chicago_md:n65960	a-s---mn-
μέλεος	me/leos	μέλεος	me/leos	urn:cite2:hmt:lsj.chicago_md:n65960	n-s---mn-
μέλεος	me/leos	μέλεος	me/leos	urn:cite2:hmt:lsj.chicago_md:n65960	n-s---fn-
μέλεος	me/leos	μέλος	me/los	urn:cite2:hmt:lsj.chicago_md:n66187	n-s---ng-
μέλη	me/lh	μέλη	me/lh	urn:cite2:hmt:lsj.chicago_md:n65975	n-s---fn-
μέλη	me/lh	μέλη	me/lh	urn:cite2:hmt:lsj.chicago_md:n65975	n-s---fv-
μέλη	me/lh	μέλος	me/los	urn:cite2:hmt:lsj.chicago_md:n66187	n-p---nn-
μέλη	me/lh	μέλος	me/los	urn:cite2:hmt:lsj.chicago_md:n66187	n-p---nv-
μέλη	me/lh	μέλος	me/los	urn:cite2:hmt:lsj.chicago_md:n66187	n-p---na-
μέλη	me/lh	μέλος	me/los	urn:cite2:hmt:lsj.chicago_md:n66187	n-d---nn-
μέλη	me/lh	μέλος	me/los	urn:cite2:hmt:lsj.chicago_md:n66187	n-d---nv-
μέλη	me/lh	μέλος	me/los	urn:cite2:hmt:lsj.chicago_md:n66187	n-d---na-
μέλλει	me/llei	μέλλω	me/llw	urn:cite2:hmt:lsj.chicago_md:n66173	v2spie---
μέλλει	me/llei	μέλλω	me/llw	urn:cite2:hmt:lsj.chicago_md:n66173	v3spia---
μέλλειν	me/llein	μέλλω	me/llw	urn:cite2:hmt:lsj.chicago_md:n66173	v--pna---
μέλλεις	me/lleis	μέλλω	me/llw	urn:cite2:hmt:lsj.chicago_md:n66173	v2spia---
μέλλον	me/llon	μέλλω	me/llw	urn:cite2:hmt:lsj.chicago_md:n66173	v-sppamv-
μέλλον	me/llon	μέλλω	me/llw	urn:cite2:hmt:lsj.chicago_md:n66173	v-sppann-
μέλλον	me/llon	μέλλω	me/llw	urn:cite2:hmt:lsj.chicago_md:n66173	v-sppanv-
μέλλον	me/llon	μέλλω	me/llw	urn:cite2:hmt:lsj.chicago_md:n66173	v-sppana-
μέλλον	me/llon	μέλλω	me/llw	urn:cite2:hmt:lsj.chicago_md:n66173	v3piia---
μέλλον	me/llon	μέλλω	me/llw	urn:cite2:hmt:lsj.chicago_md:n66173	v1siia---
μέλλοντα	me/llonta	μέλλω	me/llw	urn:cite2:hmt:lsj.chicago_md:n66173	v-pppann-
μέλλοντα	me/llonta	μέλλω	me/llw	urn:cite2:hmt:lsj.chicago_md:n66173	v-pppanv-
μέλλοντα	me/llonta	μέλλω	me/llw	urn:cite2:hmt:lsj.chicago_md:n66173	v-pppana-
μέλλοντα	me/llonta	μέλλω	me/llw	urn:cite2:hmt:lsj.chicago_md:n66173	v-sppama-
μέλλοντι	me/llonti	μέλλω	me/llw	urn:cite2:hmt:lsj.chicago_md:n66173	v-sppamd-
μέλλοντι	me/llonti	μέλλω	me/llw	urn:cite2:hmt:lsj.chicago_md:n66173	v-sppand-
μέλλοντι	me/llonti	μέλλω	me/llw	urn:cite2:hmt:lsj.chicago_md:n66173	v3ppia---
μέλλω	me/llw	μέλλω	me/llw	urn:cite2:hmt:lsj.chicago_md:n66173	v1spsa---
μέλλω	me/llw	μέλλω	me/llw	urn:cite2:hmt:lsj.chicago_md:n66173	v1spia---
μέλλων	me/llwn	μέλλω	me/llw	urn:cite2:hmt:lsj.chicago_md:n66173	v-sppamn-
μέλλωσι	me/llwsi	μέλλω	me/llw	urn:cite2:hmt:lsj.chicago_md:n66173	v3ppsa---
μέλπων	me/lpwn	μέλπω	me/lpw	urn:cite2:hmt:lsj.chicago_md:n66196	v-sppamn-
μέμψις	me/myis	μέμψις	me/myis	urn:cite2:hmt:lsj.chicago_md:n66259	n-p---fa-
μέμψις	me/myis	μέμψις	me/myis	urn:cite2:hmt:lsj.chicago_md:n66259	n-s---fn-
μέν	me/n	μέν	me/n	urn:cite2:hmt:lsj.chicago_md:n66260	g--------
μένει	me/nei	μένος	me/nos	urn:cite2:hmt:lsj.chicago_md:n66288	n-d---nn-
μένει	me/nei	μένος	me/nos	urn:cite2:hmt:lsj.chicago_md:n66288	n-d---nv-
μένει	me/nei	μένος	me/nos	urn:cite2:hmt:lsj.chicago_md:n66288	n-d---na-
μένει	me/nei	μένος	me/nos	urn:cite2:hmt:lsj.chicago_md:n66288	n-s---nd-
μένει	me/nei	μένος	me/nos	urn:cite2:hmt:lsj.chicago_md:n66288	n-s---nd-
μένει	me/nei	μένω	me/nw	urn:cite2:hmt:lsj.chicago_md:n66294	v2spie---
μένει	me/nei	μένω	me/nw	urn:cite2:hmt:lsj.chicago_md:n66294	v3spia---
μέντοι	me/ntoi	μέντοι	me/ntoi	urn:cite2:hmt:lsj.chicago_md:n66291a	g--------
μένω	me/nw	μένω	me/nw	urn:cite2:hmt:lsj.chicago_md:n66294	v1spsa---
μένω	me/nw	μένω	me/nw	urn:cite2:hmt:lsj.chicago_md:n66294	v1spia---
μένων	me/nwn	μένω	me/nw	urn:cite2:hmt:lsj.chicago_md:n66294	v-sppamn-
μέριμναν	me/rimnan	μέριμνα	me/rimna	urn:cite2:hmt:lsj.chicago_md:n66309	n-s---fa-
μέρος	me/ros	μέρος	me/ros	urn:cite2:hmt:lsj.chicago_md:n66342	n-s---nn-
μέρος	me/ros	μέρος	me/ros	urn:cite2:hmt:lsj.chicago_md:n66342	n-s---nv-
μέρος	me/ros	μέρος	me/ros	urn:cite2:hmt:lsj.chicago_md:n66342	n-s---na-
μέσας	me/sas	μέση	me/sh	urn:cite2:hmt:lsj.chicago_md:n66388	n-p---fa-
μέσας	me/sas	μέση	me/sh	urn:cite2:hmt:lsj.chicago_md:n66388	n-s---fg-
μέσας	me/sas	μέσης	me/shs	urn:cite2:hmt:lsj.chicago_md:n66405	n-p---ma-
μέσας	me/sas	μέσης	me/shs	urn:cite2:hmt:lsj.chicago_md:n66405	n-s---mn-
μέσας	me/sas	μέσος	me/sos	urn:cite2:hmt:lsj.chicago_md:n66494	a-p---fa-
μέσας	me/sas	μέσος	me/sos	urn:cite2:hmt:lsj.chicago_md:n66494	a-s---fg-
μέσοισιν	me/soisin	μέσος	me/sos	urn:cite2:hmt:lsj.chicago_md:n66494	a-p---md-
μέσοισιν	me/soisin	μέσος	me/sos	urn:cite2:hmt:lsj.chicago_md:n66494	a-p---nd-
μέσον	me/son	μέσος	me/sos	urn:cite2:hmt:lsj.chicago_md:n66494	a-s---ma-
μέσον	me/son	μέσος	me/sos	urn:cite2:hmt:lsj.chicago_md:n66494	a-s---nn-
μέσον	me/son	μέσος	me/sos	urn:cite2:hmt:lsj.chicago_md:n66494	a-s---nv-
μέσον	me/son	μέσος	me/sos	urn:cite2:hmt:lsj.chicago_md:n66494	a-s---na-
μέσῳ	me/sw|	μέσος	me/sos	urn:cite2:hmt:lsj.chicago_md:n66494	a-s---md-
μέσῳ	me/sw|	μέσος	me/sos	urn:cite2:hmt:lsj.chicago_md:n66494	a-s---nd-
μέτοχος	me/toxos	μέτοχος	me/toxos	urn:cite2:hmt:lsj.chicago_md:n67224	n-s---mn-
μέτοχος	me/toxos	μέτοχος	me/toxos	urn:cite2:hmt:lsj.chicago_md:n67224	n-s---fn-
μέτρημ’	me/trhm'	μέτρημα	me/trhma	urn:cite2:hmt:lsj.chicago_md:n67228	n-s---nn-
μέτρημ’	me/trhm'	μέτρημα	me/trhma	urn:cite2:hmt:lsj.chicago_md:n67228	n-s---nv-
μέτρημ’	me/trhm'	μέτρημα	me/trhma	urn:cite2:hmt:lsj.chicago_md:n67228	n-s---na-
μέτρια	me/tria	μέτριος	me/trios	urn:cite2:hmt:lsj.chicago_md:n67250	a-p---nn-
μέτρια	me/tria	μέτριος	me/trios	urn:cite2:hmt:lsj.chicago_md:n67250	a-p---nv-
μέτρια	me/tria	μέτριος	me/trios	urn:cite2:hmt:lsj.chicago_md:n67250	a-p---na-
μέτρια	me/tria	μέτριος	me/trios	urn:cite2:hmt:lsj.chicago_md:n67250	n-p---nn-
μέτρια	me/tria	μέτριος	me/trios	urn:cite2:hmt:lsj.chicago_md:n67250	n-p---nv-
μέτρια	me/tria	μέτριος	me/trios	urn:cite2:hmt:lsj.chicago_md:n67250	n-p---na-
μέτριον	me/trion	μέτριος	me/trios	urn:cite2:hmt:lsj.chicago_md:n67250	a-s---ma-
μέτριον	me/trion	μέτριος	me/trios	urn:cite2:hmt:lsj.chicago_md:n67250	a-s---nn-
μέτριον	me/trion	μέτριος	me/trios	urn:cite2:hmt:lsj.chicago_md:n67250	a-s---nv-
μέτριον	me/trion	μέτριος	me/trios	urn:cite2:hmt:lsj.chicago_md:n67250	a-s---na-
μέτριον	me/trion	μέτριος	me/trios	urn:cite2:hmt:lsj.chicago_md:n67250	n-s---ma-
μέτριον	me/trion	μέτριος	me/trios	urn:cite2:hmt:lsj.chicago_md:n67250	n-s---fa-
μέτριον	me/trion	μέτριος	me/trios	urn:cite2:hmt:lsj.chicago_md:n67250	n-s---nn-
μέτριον	me/trion	μέτριος	me/trios	urn:cite2:hmt:lsj.chicago_md:n67250	n-s---nv-
μέτριον	me/trion	μέτριος	me/trios	urn:cite2:hmt:lsj.chicago_md:n67250	n-s---na-
μέτριον	me/trion	μετρέω	metre/w	urn:cite2:hmt:lsj.chicago_md:n67225	v3piia---
μέτριον	me/trion	μετρέω	metre/w	urn:cite2:hmt:lsj.chicago_md:n67225	v1siia---
μέτρον	me/tron	μέτρον	me/tron	urn:cite2:hmt:lsj.chicago_md:n67260	n-s---nn-
μέτρον	me/tron	μέτρον	me/tron	urn:cite2:hmt:lsj.chicago_md:n67260	n-s---nv-
μέτρον	me/tron	μέτρον	me/tron	urn:cite2:hmt:lsj.chicago_md:n67260	n-s---na-
μή	mh/	μή	mh/	urn:cite2:hmt:lsj.chicago_md:n67283	c--------
μήλοισι	mh/loisi	μῆλον1	mh=lon	urn:cite2:hmt:lsj.chicago_md:n67422	n-p---nd-
μήλοισι	mh/loisi	μῆλον1	mh=lon	urn:cite2:hmt:lsj.chicago_md:n67423	n-p---nd-
μήλοισι	mh/loisi	μῆλον2	mh=lon	urn:cite2:hmt:lsj.chicago_md:n67422	n-p---nd-
μήλοισι	mh/loisi	μῆλον2	mh=lon	urn:cite2:hmt:lsj.chicago_md:n67423	n-p---nd-
μήλων	mh/lwn	μῆλον1	mh=lon	urn:cite2:hmt:lsj.chicago_md:n67422	n-p---ng-
μήλων	mh/lwn	μῆλον1	mh=lon	urn:cite2:hmt:lsj.chicago_md:n67423	n-p---ng-
μήλων	mh/lwn	μῆλον2	mh=lon	urn:cite2:hmt:lsj.chicago_md:n67422	n-p---ng-
μήλων	mh/lwn	μῆλον2	mh=lon	urn:cite2:hmt:lsj.chicago_md:n67423	n-p---ng-
μήν	mh/n	μείς	mei/s	urn:cite2:hmt:lsj.chicago_md:n65757	n-s---mn-
μήν	mh/n	μείς	mei/s	urn:cite2:hmt:lsj.chicago_md:n65757	n-s---mv-
μήν	mh/n	μήν	mh/n	urn:cite2:hmt:lsj.chicago_md:n67461	g--------
μήν	mh/n	μήν	mh/n	urn:cite2:hmt:lsj.chicago_md:n67462	g--------
μήν	mh/n	μής	mh/s	urn:cite2:hmt:lsj.chicago_md:n67539	n-s---ma-
μήποτ’	mh/pot'	μήποτε	mh/pote	urn:cite2:hmt:lsj.chicago_md:n67507	d--------
μήπω	mh/pw	μήπω	mh/pw	urn:cite2:hmt:lsj.chicago_md:n67509	d--------
μίαν	mi/an	εἷς	ei(=s	urn:cite2:hmt:lsj.chicago_md:n31236	a-s---fa-
μίμνει	mi/mnei	μίμνω	mi/mnw	urn:cite2:hmt:lsj.chicago_md:n67869	v2spie---
μίμνει	mi/mnei	μίμνω	mi/mnw	urn:cite2:hmt:lsj.chicago_md:n67869	v3spia---
μόγις	mo/gis	μόγις	mo/gis	urn:cite2:hmt:lsj.chicago_md:n68241	d--------
μόλε	mo/le	βλώσκω	blw/skw	urn:cite2:hmt:lsj.chicago_md:n20178	v2sama---
μόλε	mo/le	βλώσκω	blw/skw	urn:cite2:hmt:lsj.chicago_md:n20178	v3saia---
μόλις	mo/lis	μόλις	mo/lis	urn:cite2:hmt:lsj.chicago_md:n68335	d--------
μόλῃ	mo/lh|	βλώσκω	blw/skw	urn:cite2:hmt:lsj.chicago_md:n20178	v2sase---
μόλῃ	mo/lh|	βλώσκω	blw/skw	urn:cite2:hmt:lsj.chicago_md:n20178	v3sasa---
μόνη	mo/nh	μόνος	mo/nos	urn:cite2:hmt:lsj.chicago_md:n68641	a-s---fn-
μόνη	mo/nh	μόνος	mo/nos	urn:cite2:hmt:lsj.chicago_md:n68641	a-s---fv-
μόνην	mo/nhn	μόνος	mo/nos	urn:cite2:hmt:lsj.chicago_md:n68641	a-s---fa-
μόνον	mo/non	μόνος	mo/nos	urn:cite2:hmt:lsj.chicago_md:n68641	a-s---ma-
μόνον	mo/non	μόνος	mo/nos	urn:cite2:hmt:lsj.chicago_md:n68641	a-s---nn-
μόνον	mo/non	μόνος	mo/nos	urn:cite2:hmt:lsj.chicago_md:n68641	a-s---nv-
μόνον	mo/non	μόνος	mo/nos	urn:cite2:hmt:lsj.chicago_md:n68641	a-s---na-
μόνος	mo/nos	μόνος	mo/nos	urn:cite2:hmt:lsj.chicago_md:n68641	a-s---mn-
μόνῳ	mo/nw|	μόνος	mo/nos	urn:cite2:hmt:lsj.chicago_md:n68641	a-s---md-
μόνῳ	mo/nw|	μόνος	mo/nos	urn:cite2:hmt:lsj.chicago_md:n68641	a-s---nd-
μόσχους	mo/sxous	μόσχοσ1	mo/sxos	urn:cite2:hmt:lsj.chicago_md:n68833	n-p---ma-
μόσχους	mo/sxous	μόσχοσ1	mo/sxos	urn:cite2:hmt:lsj.chicago_md:n68834	n-p---ma-
μόσχους	mo/sxous	μόσχοσ1	mo/sxos	urn:cite2:hmt:lsj.chicago_md:n68835	n-p---ma-
μόσχους	mo/sxous	μόσχοσ2	mo/sxos	urn:cite2:hmt:lsj.chicago_md:n68833	n-p---ma-
μόσχους	mo/sxous	μόσχοσ2	mo/sxos	urn:cite2:hmt:lsj.chicago_md:n68834	n-p---ma-
μόσχους	mo/sxous	μόσχοσ2	mo/sxos	urn:cite2:hmt:lsj.chicago_md:n68835	n-p---ma-
μόχθοις	mo/xqois	μόχθος	mo/xqos	urn:cite2:hmt:lsj.chicago_md:n68941	n-p---md-
μόχθος	mo/xqos	μόχθος	mo/xqos	urn:cite2:hmt:lsj.chicago_md:n68941	n-s---mn-
μόχθους	mo/xqous	μόχθος	mo/xqos	urn:cite2:hmt:lsj.chicago_md:n68941	n-p---ma-
μόχθους	mo/xqous	μοχθόω	moxqo/w	urn:cite2:hmt:lsj.chicago_md:n68942	v2siia---
μόχθῳ	mo/xqw|	μόχθος	mo/xqos	urn:cite2:hmt:lsj.chicago_md:n68941	n-s---md-
μᾶλλον	ma=llon	μᾶλλον	ma=llon	urn:cite2:hmt:lsj.chicago_md:n64866	d--------
μᾶτέρ	ma=te/r	μήτηρ	mh/thr	urn:cite2:hmt:lsj.chicago_md:n67543	n-s---fv-
μῆκος	mh=kos	μῆκος	mh=kos	urn:cite2:hmt:lsj.chicago_md:n67352	n-s---nn-
μῆκος	mh=kos	μῆκος	mh=kos	urn:cite2:hmt:lsj.chicago_md:n67352	n-s---nv-
μῆκος	mh=kos	μῆκος	mh=kos	urn:cite2:hmt:lsj.chicago_md:n67352	n-s---na-
μῆτερ	mh=ter	μήτηρ	mh/thr	urn:cite2:hmt:lsj.chicago_md:n67543	n-s---fv-
μῦθον	mu=qon	μῦθος	mu=qos	urn:cite2:hmt:lsj.chicago_md:n69052	n-s---ma-
μῦθος	mu=qos	μῦθος	mu=qos	urn:cite2:hmt:lsj.chicago_md:n69052	n-s---mn-
μῶν	mw=n	μής	mh/s	urn:cite2:hmt:lsj.chicago_md:n67539	n-p---mg-
μῶν	mw=n	μῶμαι	mw=mai	urn:cite2:hmt:lsj.chicago_md:n69580	v3piia---
μῶν	mw=n	μῶμαι	mw=mai	urn:cite2:hmt:lsj.chicago_md:n69580	v1siia---
μῶν	mw=n	μῶν	mw=n	urn:cite2:hmt:lsj.chicago_md:n69595	d--------
ναοί	naoi/	ναός	nao/s	urn:cite2:hmt:lsj.chicago_md:n69714	n-p---mn-
ναοί	naoi/	ναός	nao/s	urn:cite2:hmt:lsj.chicago_md:n69715	n-p---mn-
ναοί	naoi/	ναός	nao/s	urn:cite2:hmt:lsj.chicago_md:n69714	n-p---mv-
ναοί	naoi/	ναός	nao/s	urn:cite2:hmt:lsj.chicago_md:n69715	n-p---mv-
ναοί	naoi/	ναόω	nao/w	urn:cite2:hmt:lsj.chicago_md:n69718	v2spse---
ναοί	naoi/	ναόω	nao/w	urn:cite2:hmt:lsj.chicago_md:n69718	v2spie---
ναοί	naoi/	ναόω	nao/w	urn:cite2:hmt:lsj.chicago_md:n69718	v3spsa---
ναούς	naou/s	ναός	nao/s	urn:cite2:hmt:lsj.chicago_md:n69714	n-p---ma-
ναούς	naou/s	ναός	nao/s	urn:cite2:hmt:lsj.chicago_md:n69715	n-p---ma-
ναοῖς	naoi=s	ναός	nao/s	urn:cite2:hmt:lsj.chicago_md:n69714	n-p---md-
ναοῖς	naoi=s	ναός	nao/s	urn:cite2:hmt:lsj.chicago_md:n69715	n-p---md-
ναοῖς	naoi=s	ναόω	nao/w	urn:cite2:hmt:lsj.chicago_md:n69718	v2spoa---
ναοῖς	naoi=s	ναόω	nao/w	urn:cite2:hmt:lsj.chicago_md:n69718	v2spsa---
ναοῖς	naoi=s	ναόω	nao/w	urn:cite2:hmt:lsj.chicago_md:n69718	v2spia---
ναοῖσι	naoi=si	ναός	nao/s	urn:cite2:hmt:lsj.chicago_md:n69714	n-p---md-
ναοῖσι	naoi=si	ναός	nao/s	urn:cite2:hmt:lsj.chicago_md:n69715	n-p---md-
ναοῖσι	naoi=si	ναόω	nao/w	urn:cite2:hmt:lsj.chicago_md:n69718	v-pppamd-
ναοῖσι	naoi=si	ναόω	nao/w	urn:cite2:hmt:lsj.chicago_md:n69718	v-pppand-
ναοῖσι	naoi=si	ναόω	nao/w	urn:cite2:hmt:lsj.chicago_md:n69718	v3spsa---
ναοῖσι	naoi=si	ναόω	nao/w	urn:cite2:hmt:lsj.chicago_md:n69718	v3ppia---
ναοῦ	naou=	ναός	nao/s	urn:cite2:hmt:lsj.chicago_md:n69714	n-s---mg-
ναοῦ	naou=	ναός	nao/s	urn:cite2:hmt:lsj.chicago_md:n69715	n-s---mg-
ναοῦ	naou=	ναόω	nao/w	urn:cite2:hmt:lsj.chicago_md:n69718	v2spme---
ναοῦ	naou=	ναόω	nao/w	urn:cite2:hmt:lsj.chicago_md:n69718	v2siie---
ναυτίλοις	nauti/lois	ναυτίλος	nauti/los	urn:cite2:hmt:lsj.chicago_md:n69905	n-p---md-
ναί	nai/	ναί	nai/	urn:cite2:hmt:lsj.chicago_md:n69649	d--------
ναί	nai/	ναῦς	nau=s	urn:cite2:hmt:lsj.chicago_md:n69863	n-s---fd-
ναί	nai/	ναῦς	nau=s	urn:cite2:hmt:lsj.chicago_md:n69863	n-s---fd-
ναίειν	nai/ein	ναίω1	nai/w	urn:cite2:hmt:lsj.chicago_md:n69674	v--pna---
ναίειν	nai/ein	ναίω2	nai/w	urn:cite2:hmt:lsj.chicago_md:n69674	v--pna---
ναίουσ’	nai/ous'	ναίω1	nai/w	urn:cite2:hmt:lsj.chicago_md:n69674	v-sppafn-
ναίουσ’	nai/ous'	ναίω1	nai/w	urn:cite2:hmt:lsj.chicago_md:n69674	v-sppafv-
ναίουσ’	nai/ous'	ναίω1	nai/w	urn:cite2:hmt:lsj.chicago_md:n69674	v-pppamd-
ναίουσ’	nai/ous'	ναίω1	nai/w	urn:cite2:hmt:lsj.chicago_md:n69674	v-pppand-
ναίουσ’	nai/ous'	ναίω1	nai/w	urn:cite2:hmt:lsj.chicago_md:n69674	v3ppia---
ναίουσ’	nai/ous'	ναίω1	nai/w	urn:cite2:hmt:lsj.chicago_md:n69674	v-pppafn-
ναίουσ’	nai/ous'	ναίω1	nai/w	urn:cite2:hmt:lsj.chicago_md:n69674	v-pppafv-
ναίουσ’	nai/ous'	ναίω2	nai/w	urn:cite2:hmt:lsj.chicago_md:n69674	v-sppafn-
ναίουσ’	nai/ous'	ναίω2	nai/w	urn:cite2:hmt:lsj.chicago_md:n69674	v-sppafv-
ναίουσ’	nai/ous'	ναίω2	nai/w	urn:cite2:hmt:lsj.chicago_md:n69674	v-pppamd-
ναίουσ’	nai/ous'	ναίω2	nai/w	urn:cite2:hmt:lsj.chicago_md:n69674	v-pppand-
ναίουσ’	nai/ous'	ναίω2	nai/w	urn:cite2:hmt:lsj.chicago_md:n69674	v3ppia---
ναίουσ’	nai/ous'	ναίω2	nai/w	urn:cite2:hmt:lsj.chicago_md:n69674	v-pppafn-
ναίουσ’	nai/ous'	ναίω2	nai/w	urn:cite2:hmt:lsj.chicago_md:n69674	v-pppafv-
ναόν	nao/n	ναός	nao/s	urn:cite2:hmt:lsj.chicago_md:n69714	n-s---ma-
ναόν	nao/n	ναός	nao/s	urn:cite2:hmt:lsj.chicago_md:n69715	n-s---ma-
ναῦς	nau=s	ναῦς	nau=s	urn:cite2:hmt:lsj.chicago_md:n69863	n-p----a-
ναῦς	nau=s	ναῦς	nau=s	urn:cite2:hmt:lsj.chicago_md:n69863	n-p---fa-
ναῦς	nau=s	ναῦς	nau=s	urn:cite2:hmt:lsj.chicago_md:n69863	n-s---fn-
ναῦς	nau=s	ναῦς	nau=s	urn:cite2:hmt:lsj.chicago_md:n69863	n-s----n-
ναῶν	naw=n	ναός	nao/s	urn:cite2:hmt:lsj.chicago_md:n69714	n-p---mg-
ναῶν	naw=n	ναός	nao/s	urn:cite2:hmt:lsj.chicago_md:n69715	n-p---mg-
ναῶν	naw=n	ναόω	nao/w	urn:cite2:hmt:lsj.chicago_md:n69718	v-sppamv-
ναῶν	naw=n	ναόω	nao/w	urn:cite2:hmt:lsj.chicago_md:n69718	v-sppann-
ναῶν	naw=n	ναόω	nao/w	urn:cite2:hmt:lsj.chicago_md:n69718	v-sppanv-
ναῶν	naw=n	ναόω	nao/w	urn:cite2:hmt:lsj.chicago_md:n69718	v-sppana-
ναῶν	naw=n	ναόω	nao/w	urn:cite2:hmt:lsj.chicago_md:n69718	v-sppamn-
ναῶν	naw=n	ναόω	nao/w	urn:cite2:hmt:lsj.chicago_md:n69718	v--pna---
ναῶν	naw=n	ναῦς	nau=s	urn:cite2:hmt:lsj.chicago_md:n69863	n-p---fg-
νεηθαλές	nehqale/s	νεηθαλής	nehqalh/s	urn:cite2:hmt:lsj.chicago_md:n70015	n-s---mv-
νεηθαλές	nehqale/s	νεηθαλής	nehqalh/s	urn:cite2:hmt:lsj.chicago_md:n70015	n-s---fv-
νεηθαλές	nehqale/s	νεηθαλής	nehqalh/s	urn:cite2:hmt:lsj.chicago_md:n70015	n-s---nn-
νεηθαλές	nehqale/s	νεηθαλής	nehqalh/s	urn:cite2:hmt:lsj.chicago_md:n70015	n-s---nv-
νεηθαλές	nehqale/s	νεηθαλής	nehqalh/s	urn:cite2:hmt:lsj.chicago_md:n70015	n-s---na-
νεογνόν	neogno/n	νεογνός	neogno/s	urn:cite2:hmt:lsj.chicago_md:n70222	n-s---ma-
νεογνόν	neogno/n	νεογνός	neogno/s	urn:cite2:hmt:lsj.chicago_md:n70222	n-s---fa-
νεογνόν	neogno/n	νεογνός	neogno/s	urn:cite2:hmt:lsj.chicago_md:n70222	n-s---nn-
νεογνόν	neogno/n	νεογνός	neogno/s	urn:cite2:hmt:lsj.chicago_md:n70222	n-s---nv-
νεογνόν	neogno/n	νεογνός	neogno/s	urn:cite2:hmt:lsj.chicago_md:n70222	n-s---na-
νεογόνῳ	neogo/nw|	νεόγονος	neo/gonos	urn:cite2:hmt:lsj.chicago_md:n70223	n-s---md-
νεογόνῳ	neogo/nw|	νεόγονος	neo/gonos	urn:cite2:hmt:lsj.chicago_md:n70223	n-s---fd-
νεογόνῳ	neogo/nw|	νεόγονος	neo/gonos	urn:cite2:hmt:lsj.chicago_md:n70223	n-s---nd-
νερτέρων	nerte/rwn	νέρτερος	ne/rteros	urn:cite2:hmt:lsj.chicago_md:n70466	a-p---fg-
νερτέρων	nerte/rwn	νέρτερος	ne/rteros	urn:cite2:hmt:lsj.chicago_md:n70466	a-p---mg-
νερτέρων	nerte/rwn	νέρτερος	ne/rteros	urn:cite2:hmt:lsj.chicago_md:n70466	a-p---ng-
νερτέρων	nerte/rwn	νέρτερος	ne/rteros	urn:cite2:hmt:lsj.chicago_md:n70466	n-p---mg-
νερτέρων	nerte/rwn	νέρτερος	ne/rteros	urn:cite2:hmt:lsj.chicago_md:n70466	n-p---fg-
νερτέρων	nerte/rwn	νέρτερος	ne/rteros	urn:cite2:hmt:lsj.chicago_md:n70466	n-p---ng-
νεάνιδες	nea/nides	νεᾶνις	nea=nis	urn:cite2:hmt:lsj.chicago_md:n69955	n-p---fn-
νεάνιδες	nea/nides	νεᾶνις	nea=nis	urn:cite2:hmt:lsj.chicago_md:n69955	n-p---fv-
νεόγονον	neo/gonon	νεόγονος	neo/gonos	urn:cite2:hmt:lsj.chicago_md:n70223	n-s---ma-
νεόγονον	neo/gonon	νεόγονος	neo/gonos	urn:cite2:hmt:lsj.chicago_md:n70223	n-s---fa-
νεόγονον	neo/gonon	νεόγονος	neo/gonos	urn:cite2:hmt:lsj.chicago_md:n70223	n-s---nn-
νεόγονον	neo/gonon	νεόγονος	neo/gonos	urn:cite2:hmt:lsj.chicago_md:n70223	n-s---nv-
νεόγονον	neo/gonon	νεόγονος	neo/gonos	urn:cite2:hmt:lsj.chicago_md:n70223	n-s---na-
νηπίῳ	nhpi/w|	νήπιος	nh/pios	urn:cite2:hmt:lsj.chicago_md:n70708	a-s---md-
νηπίῳ	nhpi/w|	νήπιος	nh/pios	urn:cite2:hmt:lsj.chicago_md:n70708	a-s---nd-
νησαίας	nhsai/as	νησαῖος	nhsai=os	urn:cite2:hmt:lsj.chicago_md:n70743	a-p---fa-
νησαίας	nhsai/as	νησαῖος	nhsai=os	urn:cite2:hmt:lsj.chicago_md:n70743	a-s---fg-
νικῶν	nikw=n	νίκη	ni/kh	urn:cite2:hmt:lsj.chicago_md:n70840	n-p---fg-
νικῶν	nikw=n	νίκη	ni/kh	urn:cite2:hmt:lsj.chicago_md:n111343	n-p---fg-
νικῶν	nikw=n	νῖκος	ni=kos	urn:cite2:hmt:lsj.chicago_md:n70859	n-p---ng-
νικῶν	nikw=n	νικάω	nika/w	urn:cite2:hmt:lsj.chicago_md:n70839	v-sppamv-
νικῶν	nikw=n	νικάω	nika/w	urn:cite2:hmt:lsj.chicago_md:n70839	v-sppann-
νικῶν	nikw=n	νικάω	nika/w	urn:cite2:hmt:lsj.chicago_md:n70839	v-sppanv-
νικῶν	nikw=n	νικάω	nika/w	urn:cite2:hmt:lsj.chicago_md:n70839	v-sppana-
νικῶν	nikw=n	νικάω	nika/w	urn:cite2:hmt:lsj.chicago_md:n70839	v-sppamn-
νικῶν	nikw=n	νικάω	nika/w	urn:cite2:hmt:lsj.chicago_md:n70839	v-sppamn-
νιν	nin	νιν	nin	urn:cite2:hmt:lsj.chicago_md:n70864	n-s---ma-
νιν	nin	νιν	nin	urn:cite2:hmt:lsj.chicago_md:n70864	n-s---fa-
νιν	nin	νιν	nin	urn:cite2:hmt:lsj.chicago_md:n70864	n-s---na-
νοθαγενής	noqagenh/s	νοθαγενής	noqagenh/s	urn:cite2:hmt:lsj.chicago_md:n70923	n-s---mn-
νοθαγενής	noqagenh/s	νοθαγενής	noqagenh/s	urn:cite2:hmt:lsj.chicago_md:n70923	n-s---fn-
νομίζεται	nomi/zetai	νομίζω	nomi/zw	urn:cite2:hmt:lsj.chicago_md:n70958	v3spie---
νομίζομεν	nomi/zomen	νομίζω	nomi/zw	urn:cite2:hmt:lsj.chicago_md:n70958	v1ppia---
νομίζομεν	nomi/zomen	νομίζω	nomi/zw	urn:cite2:hmt:lsj.chicago_md:n70958	v1piia---
νομίζω	nomi/zw	νομίζω	nomi/zw	urn:cite2:hmt:lsj.chicago_md:n70958	v1spsa---
νομίζω	nomi/zw	νομίζω	nomi/zw	urn:cite2:hmt:lsj.chicago_md:n70958	v1spia---
νομίζῃ	nomi/zh|	νομίζω	nomi/zw	urn:cite2:hmt:lsj.chicago_md:n70958	v2spse---
νομίζῃ	nomi/zh|	νομίζω	nomi/zw	urn:cite2:hmt:lsj.chicago_md:n70958	v2spie---
νομίζῃ	nomi/zh|	νομίζω	nomi/zw	urn:cite2:hmt:lsj.chicago_md:n70958	v3spsa---
νοσεῖ	nosei=	νοσέω	nose/w	urn:cite2:hmt:lsj.chicago_md:n71037	v2spie---
νοσεῖ	nosei=	νοσέω	nose/w	urn:cite2:hmt:lsj.chicago_md:n71037	v3spia---
νοσεῖν	nosei=n	νοσέω	nose/w	urn:cite2:hmt:lsj.chicago_md:n71037	v--pna---
νοσοῦσ’	nosou=s'	νοσέω	nose/w	urn:cite2:hmt:lsj.chicago_md:n71037	v-sppafn-
νοσοῦσ’	nosou=s'	νοσέω	nose/w	urn:cite2:hmt:lsj.chicago_md:n71037	v-sppafv-
νοσοῦσ’	nosou=s'	νοσέω	nose/w	urn:cite2:hmt:lsj.chicago_md:n71037	v-pppamd-
νοσοῦσ’	nosou=s'	νοσέω	nose/w	urn:cite2:hmt:lsj.chicago_md:n71037	v-pppand-
νοσοῦσ’	nosou=s'	νοσέω	nose/w	urn:cite2:hmt:lsj.chicago_md:n71037	v3ppia---
νοσοῦσ’	nosou=s'	νοσέω	nose/w	urn:cite2:hmt:lsj.chicago_md:n71037	v-pppafn-
νοσοῦσ’	nosou=s'	νοσέω	nose/w	urn:cite2:hmt:lsj.chicago_md:n71037	v-pppafv-
νοσήματ’	nosh/mat'	νόσημα	no/shma	urn:cite2:hmt:lsj.chicago_md:n71042	n-p---nn-
νοσήματ’	nosh/mat'	νόσημα	no/shma	urn:cite2:hmt:lsj.chicago_md:n71042	n-p---nv-
νοσήματ’	nosh/mat'	νόσημα	no/shma	urn:cite2:hmt:lsj.chicago_md:n71042	n-p---na-
νοσήματ’	nosh/mat'	νόσημα	no/shma	urn:cite2:hmt:lsj.chicago_md:n71042	n-s---nd-
νοσήματ’	nosh/mat'	νόσημα	no/shma	urn:cite2:hmt:lsj.chicago_md:n71042	n-d---nn-
νοσήματ’	nosh/mat'	νόσημα	no/shma	urn:cite2:hmt:lsj.chicago_md:n71042	n-d---nv-
νοσήματ’	nosh/mat'	νόσημα	no/shma	urn:cite2:hmt:lsj.chicago_md:n71042	n-d---na-
νοσῶ	nosw=	νοσάζω	nosa/zw	urn:cite2:hmt:lsj.chicago_md:n71030	v1sfia---
νοσῶ	nosw=	νοσέω	nose/w	urn:cite2:hmt:lsj.chicago_md:n71037	v1spsa---
νοσῶ	nosw=	νοσέω	nose/w	urn:cite2:hmt:lsj.chicago_md:n71037	v1spia---
νοσῶν	nosw=n	νοσάζω	nosa/zw	urn:cite2:hmt:lsj.chicago_md:n71030	v-sfpamv-
νοσῶν	nosw=n	νοσάζω	nosa/zw	urn:cite2:hmt:lsj.chicago_md:n71030	v-sfpann-
νοσῶν	nosw=n	νοσάζω	nosa/zw	urn:cite2:hmt:lsj.chicago_md:n71030	v-sfpanv-
νοσῶν	nosw=n	νοσάζω	nosa/zw	urn:cite2:hmt:lsj.chicago_md:n71030	v-sfpana-
νοσῶν	nosw=n	νοσάζω	nosa/zw	urn:cite2:hmt:lsj.chicago_md:n71030	v-sfpamn-
νοσῶν	nosw=n	νοσέω	nose/w	urn:cite2:hmt:lsj.chicago_md:n71037	v-sppamn-
νοτερόν	notero/n	νοτερός	notero/s	urn:cite2:hmt:lsj.chicago_md:n71087	a-s---ma-
νοτερόν	notero/n	νοτερός	notero/s	urn:cite2:hmt:lsj.chicago_md:n71087	a-s---nn-
νοτερόν	notero/n	νοτερός	notero/s	urn:cite2:hmt:lsj.chicago_md:n71087	a-s---nv-
νοτερόν	notero/n	νοτερός	notero/s	urn:cite2:hmt:lsj.chicago_md:n71087	a-s---na-
νουθετητέος	nouqethte/os	νουθετητέος	nouqethte/os	urn:cite2:hmt:lsj.chicago_md:n71111	n-s---mn-
νουθετούμενον	nouqetou/menon	νουθετέω	nouqete/w	urn:cite2:hmt:lsj.chicago_md:n71107	v-sppema-
νουθετούμενον	nouqetou/menon	νουθετέω	nouqete/w	urn:cite2:hmt:lsj.chicago_md:n71107	v-sppenn-
νουθετούμενον	nouqetou/menon	νουθετέω	nouqete/w	urn:cite2:hmt:lsj.chicago_md:n71107	v-sppenv-
νουθετούμενον	nouqetou/menon	νουθετέω	nouqete/w	urn:cite2:hmt:lsj.chicago_md:n71107	v-sppena-
νουθέτει	nouqe/tei	νουθετέω	nouqete/w	urn:cite2:hmt:lsj.chicago_md:n71107	v2spma---
νουθέτει	nouqe/tei	νουθετέω	nouqete/w	urn:cite2:hmt:lsj.chicago_md:n71107	v3siia---
νοῦ	nou=	νέομαι	ne/omai	urn:cite2:hmt:lsj.chicago_md:n70312	v2spme---
νοῦ	nou=	νέομαι	ne/omai	urn:cite2:hmt:lsj.chicago_md:n70312	v2siie---
νοῦ	nou=	νέω	ne/w	urn:cite2:hmt:lsj.chicago_md:n70564	v2spme---
νοῦ	nou=	νέω	ne/w	urn:cite2:hmt:lsj.chicago_md:n70565	v2spme---
νοῦ	nou=	νέω	ne/w	urn:cite2:hmt:lsj.chicago_md:n70566	v2spme---
νοῦ	nou=	νέω	ne/w	urn:cite2:hmt:lsj.chicago_md:n70567	v2spme---
νοῦ	nou=	νέω	ne/w	urn:cite2:hmt:lsj.chicago_md:n70564	v2siie---
νοῦ	nou=	νέω	ne/w	urn:cite2:hmt:lsj.chicago_md:n70565	v2siie---
νοῦ	nou=	νέω	ne/w	urn:cite2:hmt:lsj.chicago_md:n70566	v2siie---
νοῦ	nou=	νέω	ne/w	urn:cite2:hmt:lsj.chicago_md:n70567	v2siie---
νοῦ	nou=	νέω3	ne/w	urn:cite2:hmt:lsj.chicago_md:n70564	v2spme---
νοῦ	nou=	νέω3	ne/w	urn:cite2:hmt:lsj.chicago_md:n70565	v2spme---
νοῦ	nou=	νέω3	ne/w	urn:cite2:hmt:lsj.chicago_md:n70566	v2spme---
νοῦ	nou=	νέω3	ne/w	urn:cite2:hmt:lsj.chicago_md:n70567	v2spme---
νοῦ	nou=	νέω3	ne/w	urn:cite2:hmt:lsj.chicago_md:n70564	v2siie---
νοῦ	nou=	νέω3	ne/w	urn:cite2:hmt:lsj.chicago_md:n70565	v2siie---
νοῦ	nou=	νέω3	ne/w	urn:cite2:hmt:lsj.chicago_md:n70566	v2siie---
νοῦ	nou=	νέω3	ne/w	urn:cite2:hmt:lsj.chicago_md:n70567	v2siie---
νοῦ	nou=	νόος	no/os	urn:cite2:hmt:lsj.chicago_md:n71023	n-s---mv-
νοῦ	nou=	νόος	no/os	urn:cite2:hmt:lsj.chicago_md:n71023	n-s---mg-
νοῦν	nou=n	νέω	ne/w	urn:cite2:hmt:lsj.chicago_md:n70564	v-sppamv-
νοῦν	nou=n	νέω	ne/w	urn:cite2:hmt:lsj.chicago_md:n70565	v-sppamv-
νοῦν	nou=n	νέω	ne/w	urn:cite2:hmt:lsj.chicago_md:n70566	v-sppamv-
νοῦν	nou=n	νέω	ne/w	urn:cite2:hmt:lsj.chicago_md:n70567	v-sppamv-
νοῦν	nou=n	νέω	ne/w	urn:cite2:hmt:lsj.chicago_md:n70564	v-sppann-
νοῦν	nou=n	νέω	ne/w	urn:cite2:hmt:lsj.chicago_md:n70565	v-sppann-
νοῦν	nou=n	νέω	ne/w	urn:cite2:hmt:lsj.chicago_md:n70566	v-sppann-
νοῦν	nou=n	νέω	ne/w	urn:cite2:hmt:lsj.chicago_md:n70567	v-sppann-
νοῦν	nou=n	νέω	ne/w	urn:cite2:hmt:lsj.chicago_md:n70564	v-sppanv-
νοῦν	nou=n	νέω	ne/w	urn:cite2:hmt:lsj.chicago_md:n70565	v-sppanv-
νοῦν	nou=n	νέω	ne/w	urn:cite2:hmt:lsj.chicago_md:n70566	v-sppanv-
νοῦν	nou=n	νέω	ne/w	urn:cite2:hmt:lsj.chicago_md:n70567	v-sppanv-
νοῦν	nou=n	νέω	ne/w	urn:cite2:hmt:lsj.chicago_md:n70564	v-sppana-
νοῦν	nou=n	νέω	ne/w	urn:cite2:hmt:lsj.chicago_md:n70565	v-sppana-
νοῦν	nou=n	νέω	ne/w	urn:cite2:hmt:lsj.chicago_md:n70566	v-sppana-
νοῦν	nou=n	νέω	ne/w	urn:cite2:hmt:lsj.chicago_md:n70567	v-sppana-
νοῦν	nou=n	νέω	ne/w	urn:cite2:hmt:lsj.chicago_md:n70564	v3piia---
νοῦν	nou=n	νέω	ne/w	urn:cite2:hmt:lsj.chicago_md:n70565	v3piia---
νοῦν	nou=n	νέω	ne/w	urn:cite2:hmt:lsj.chicago_md:n70566	v3piia---
νοῦν	nou=n	νέω	ne/w	urn:cite2:hmt:lsj.chicago_md:n70567	v3piia---
νοῦν	nou=n	νέω	ne/w	urn:cite2:hmt:lsj.chicago_md:n70564	v1siia---
νοῦν	nou=n	νέω	ne/w	urn:cite2:hmt:lsj.chicago_md:n70565	v1siia---
νοῦν	nou=n	νέω	ne/w	urn:cite2:hmt:lsj.chicago_md:n70566	v1siia---
νοῦν	nou=n	νέω	ne/w	urn:cite2:hmt:lsj.chicago_md:n70567	v1siia---
νοῦν	nou=n	νέω1	ne/w	urn:cite2:hmt:lsj.chicago_md:n70564	v-sppamv-
νοῦν	nou=n	νέω1	ne/w	urn:cite2:hmt:lsj.chicago_md:n70565	v-sppamv-
νοῦν	nou=n	νέω1	ne/w	urn:cite2:hmt:lsj.chicago_md:n70566	v-sppamv-
νοῦν	nou=n	νέω1	ne/w	urn:cite2:hmt:lsj.chicago_md:n70567	v-sppamv-
νοῦν	nou=n	νέω1	ne/w	urn:cite2:hmt:lsj.chicago_md:n70564	v-sppann-
νοῦν	nou=n	νέω1	ne/w	urn:cite2:hmt:lsj.chicago_md:n70565	v-sppann-
νοῦν	nou=n	νέω1	ne/w	urn:cite2:hmt:lsj.chicago_md:n70566	v-sppann-
νοῦν	nou=n	νέω1	ne/w	urn:cite2:hmt:lsj.chicago_md:n70567	v-sppann-
νοῦν	nou=n	νέω1	ne/w	urn:cite2:hmt:lsj.chicago_md:n70564	v-sppanv-
νοῦν	nou=n	νέω1	ne/w	urn:cite2:hmt:lsj.chicago_md:n70565	v-sppanv-
νοῦν	nou=n	νέω1	ne/w	urn:cite2:hmt:lsj.chicago_md:n70566	v-sppanv-
νοῦν	nou=n	νέω1	ne/w	urn:cite2:hmt:lsj.chicago_md:n70567	v-sppanv-
νοῦν	nou=n	νέω1	ne/w	urn:cite2:hmt:lsj.chicago_md:n70564	v-sppana-
νοῦν	nou=n	νέω1	ne/w	urn:cite2:hmt:lsj.chicago_md:n70565	v-sppana-
νοῦν	nou=n	νέω1	ne/w	urn:cite2:hmt:lsj.chicago_md:n70566	v-sppana-
νοῦν	nou=n	νέω1	ne/w	urn:cite2:hmt:lsj.chicago_md:n70567	v-sppana-
νοῦν	nou=n	νέω1	ne/w	urn:cite2:hmt:lsj.chicago_md:n70564	v3piia---
νοῦν	nou=n	νέω1	ne/w	urn:cite2:hmt:lsj.chicago_md:n70565	v3piia---
νοῦν	nou=n	νέω1	ne/w	urn:cite2:hmt:lsj.chicago_md:n70566	v3piia---
νοῦν	nou=n	νέω1	ne/w	urn:cite2:hmt:lsj.chicago_md:n70567	v3piia---
νοῦν	nou=n	νέω1	ne/w	urn:cite2:hmt:lsj.chicago_md:n70564	v1siia---
νοῦν	nou=n	νέω1	ne/w	urn:cite2:hmt:lsj.chicago_md:n70565	v1siia---
νοῦν	nou=n	νέω1	ne/w	urn:cite2:hmt:lsj.chicago_md:n70566	v1siia---
νοῦν	nou=n	νέω1	ne/w	urn:cite2:hmt:lsj.chicago_md:n70567	v1siia---
νοῦν	nou=n	νέω2	ne/w	urn:cite2:hmt:lsj.chicago_md:n70564	v-sppamv-
νοῦν	nou=n	νέω2	ne/w	urn:cite2:hmt:lsj.chicago_md:n70565	v-sppamv-
νοῦν	nou=n	νέω2	ne/w	urn:cite2:hmt:lsj.chicago_md:n70566	v-sppamv-
νοῦν	nou=n	νέω2	ne/w	urn:cite2:hmt:lsj.chicago_md:n70567	v-sppamv-
νοῦν	nou=n	νέω2	ne/w	urn:cite2:hmt:lsj.chicago_md:n70564	v-sppann-
νοῦν	nou=n	νέω2	ne/w	urn:cite2:hmt:lsj.chicago_md:n70565	v-sppann-
νοῦν	nou=n	νέω2	ne/w	urn:cite2:hmt:lsj.chicago_md:n70566	v-sppann-
νοῦν	nou=n	νέω2	ne/w	urn:cite2:hmt:lsj.chicago_md:n70567	v-sppann-
νοῦν	nou=n	νέω2	ne/w	urn:cite2:hmt:lsj.chicago_md:n70564	v-sppanv-
νοῦν	nou=n	νέω2	ne/w	urn:cite2:hmt:lsj.chicago_md:n70565	v-sppanv-
νοῦν	nou=n	νέω2	ne/w	urn:cite2:hmt:lsj.chicago_md:n70566	v-sppanv-
νοῦν	nou=n	νέω2	ne/w	urn:cite2:hmt:lsj.chicago_md:n70567	v-sppanv-
νοῦν	nou=n	νέω2	ne/w	urn:cite2:hmt:lsj.chicago_md:n70564	v-sppana-
νοῦν	nou=n	νέω2	ne/w	urn:cite2:hmt:lsj.chicago_md:n70565	v-sppana-
νοῦν	nou=n	νέω2	ne/w	urn:cite2:hmt:lsj.chicago_md:n70566	v-sppana-
νοῦν	nou=n	νέω2	ne/w	urn:cite2:hmt:lsj.chicago_md:n70567	v-sppana-
νοῦν	nou=n	νέω2	ne/w	urn:cite2:hmt:lsj.chicago_md:n70564	v3piia---
νοῦν	nou=n	νέω2	ne/w	urn:cite2:hmt:lsj.chicago_md:n70565	v3piia---
νοῦν	nou=n	νέω2	ne/w	urn:cite2:hmt:lsj.chicago_md:n70566	v3piia---
νοῦν	nou=n	νέω2	ne/w	urn:cite2:hmt:lsj.chicago_md:n70567	v3piia---
νοῦν	nou=n	νέω2	ne/w	urn:cite2:hmt:lsj.chicago_md:n70564	v1siia---
νοῦν	nou=n	νέω2	ne/w	urn:cite2:hmt:lsj.chicago_md:n70565	v1siia---
νοῦν	nou=n	νέω2	ne/w	urn:cite2:hmt:lsj.chicago_md:n70566	v1siia---
νοῦν	nou=n	νέω2	ne/w	urn:cite2:hmt:lsj.chicago_md:n70567	v1siia---
νοῦν	nou=n	νέω3	ne/w	urn:cite2:hmt:lsj.chicago_md:n70564	v-sppamv-
νοῦν	nou=n	νέω3	ne/w	urn:cite2:hmt:lsj.chicago_md:n70565	v-sppamv-
νοῦν	nou=n	νέω3	ne/w	urn:cite2:hmt:lsj.chicago_md:n70566	v-sppamv-
νοῦν	nou=n	νέω3	ne/w	urn:cite2:hmt:lsj.chicago_md:n70567	v-sppamv-
νοῦν	nou=n	νέω3	ne/w	urn:cite2:hmt:lsj.chicago_md:n70564	v-sppann-
νοῦν	nou=n	νέω3	ne/w	urn:cite2:hmt:lsj.chicago_md:n70565	v-sppann-
νοῦν	nou=n	νέω3	ne/w	urn:cite2:hmt:lsj.chicago_md:n70566	v-sppann-
νοῦν	nou=n	νέω3	ne/w	urn:cite2:hmt:lsj.chicago_md:n70567	v-sppann-
νοῦν	nou=n	νέω3	ne/w	urn:cite2:hmt:lsj.chicago_md:n70564	v-sppanv-
νοῦν	nou=n	νέω3	ne/w	urn:cite2:hmt:lsj.chicago_md:n70565	v-sppanv-
νοῦν	nou=n	νέω3	ne/w	urn:cite2:hmt:lsj.chicago_md:n70566	v-sppanv-
νοῦν	nou=n	νέω3	ne/w	urn:cite2:hmt:lsj.chicago_md:n70567	v-sppanv-
νοῦν	nou=n	νέω3	ne/w	urn:cite2:hmt:lsj.chicago_md:n70564	v-sppana-
νοῦν	nou=n	νέω3	ne/w	urn:cite2:hmt:lsj.chicago_md:n70565	v-sppana-
νοῦν	nou=n	νέω3	ne/w	urn:cite2:hmt:lsj.chicago_md:n70566	v-sppana-
νοῦν	nou=n	νέω3	ne/w	urn:cite2:hmt:lsj.chicago_md:n70567	v-sppana-
νοῦν	nou=n	νέω3	ne/w	urn:cite2:hmt:lsj.chicago_md:n70564	v3piia---
νοῦν	nou=n	νέω3	ne/w	urn:cite2:hmt:lsj.chicago_md:n70565	v3piia---
νοῦν	nou=n	νέω3	ne/w	urn:cite2:hmt:lsj.chicago_md:n70566	v3piia---
νοῦν	nou=n	νέω3	ne/w	urn:cite2:hmt:lsj.chicago_md:n70567	v3piia---
νοῦν	nou=n	νέω3	ne/w	urn:cite2:hmt:lsj.chicago_md:n70564	v1siia---
νοῦν	nou=n	νέω3	ne/w	urn:cite2:hmt:lsj.chicago_md:n70565	v1siia---
νοῦν	nou=n	νέω3	ne/w	urn:cite2:hmt:lsj.chicago_md:n70566	v1siia---
νοῦν	nou=n	νέω3	ne/w	urn:cite2:hmt:lsj.chicago_md:n70567	v1siia---
νοῦν	nou=n	νόος	no/os	urn:cite2:hmt:lsj.chicago_md:n71023	n-s---ma-
νυκτιπόλοις	nuktipo/lois	νυκτιπόλος	nuktipo/los	urn:cite2:hmt:lsj.chicago_md:n71215	n-p---md-
νυκτιπόλοις	nuktipo/lois	νυκτιπόλος	nuktipo/los	urn:cite2:hmt:lsj.chicago_md:n71215	n-p---fd-
νυκτιπόλοις	nuktipo/lois	νυκτιπόλος	nuktipo/los	urn:cite2:hmt:lsj.chicago_md:n71215	n-p---nd-
νυκτιπόλων	nuktipo/lwn	νυκτιπόλος	nuktipo/los	urn:cite2:hmt:lsj.chicago_md:n71215	n-p---mg-
νυκτιπόλων	nuktipo/lwn	νυκτιπόλος	nuktipo/los	urn:cite2:hmt:lsj.chicago_md:n71215	n-p---fg-
νυκτιπόλων	nuktipo/lwn	νυκτιπόλος	nuktipo/los	urn:cite2:hmt:lsj.chicago_md:n71215	n-p---ng-
νυμφευθεῖσ’	numfeuqei=s'	νυμφεύω	numfeu/w	urn:cite2:hmt:lsj.chicago_md:n71281	v-sappfn-
νυμφευθεῖσ’	numfeuqei=s'	νυμφεύω	numfeu/w	urn:cite2:hmt:lsj.chicago_md:n71281	v-sappfv-
νυμφευθεῖσ’	numfeuqei=s'	νυμφεύω	numfeu/w	urn:cite2:hmt:lsj.chicago_md:n71281	v-pappmd-
νυμφευθεῖσ’	numfeuqei=s'	νυμφεύω	numfeu/w	urn:cite2:hmt:lsj.chicago_md:n71281	v-pappnd-
νυμφευθεῖσ’	numfeuqei=s'	νυμφεύω	numfeu/w	urn:cite2:hmt:lsj.chicago_md:n71281	v-pappfn-
νυμφευθεῖσ’	numfeuqei=s'	νυμφεύω	numfeu/w	urn:cite2:hmt:lsj.chicago_md:n71281	v-pappfv-
νυμφεύσας	numfeu/sas	νυμφεύω	numfeu/w	urn:cite2:hmt:lsj.chicago_md:n71281	v-sapamn-
νυμφεύσας	numfeu/sas	νυμφεύω	numfeu/w	urn:cite2:hmt:lsj.chicago_md:n71281	v-sapamv-
νυν	nun	νῦν	nu=n	urn:cite2:hmt:lsj.chicago_md:n71308	d--------
νάπος	na/pos	νάπος	na/pos	urn:cite2:hmt:lsj.chicago_md:n69724	n-s---nn-
νάπος	na/pos	νάπος	na/pos	urn:cite2:hmt:lsj.chicago_md:n69724	n-s---nv-
νάπος	na/pos	νάπος	na/pos	urn:cite2:hmt:lsj.chicago_md:n69724	n-s---na-
νέαν	ne/an	νέα	ne/a	urn:cite2:hmt:lsj.chicago_md:n69927	n-s---fa-
νέαν	ne/an	νέος	ne/os	urn:cite2:hmt:lsj.chicago_md:n70364	a-s---fa-
νέαν	ne/an	νεάω	nea/w	urn:cite2:hmt:lsj.chicago_md:n69987	v3piia---
νέαν	ne/an	νεάω	nea/w	urn:cite2:hmt:lsj.chicago_md:n69987	v1siia---
νέαν	ne/an	νεάω	nea/w	urn:cite2:hmt:lsj.chicago_md:n69987	v3piia---
νέαν	ne/an	νεάω	nea/w	urn:cite2:hmt:lsj.chicago_md:n69987	v1siia---
νέον	ne/on	νέος	ne/os	urn:cite2:hmt:lsj.chicago_md:n70364	a-s---ma-
νέον	ne/on	νέος	ne/os	urn:cite2:hmt:lsj.chicago_md:n70364	a-s---nn-
νέον	ne/on	νέος	ne/os	urn:cite2:hmt:lsj.chicago_md:n70364	a-s---nv-
νέον	ne/on	νέος	ne/os	urn:cite2:hmt:lsj.chicago_md:n70364	a-s---na-
νέον	ne/on	νέος	ne/os	urn:cite2:hmt:lsj.chicago_md:n70364	n-s---ma-
νέον	ne/on	νέος	ne/os	urn:cite2:hmt:lsj.chicago_md:n70364	n-s---fa-
νέον	ne/on	νέος	ne/os	urn:cite2:hmt:lsj.chicago_md:n70364	n-s---nn-
νέον	ne/on	νέος	ne/os	urn:cite2:hmt:lsj.chicago_md:n70364	n-s---nv-
νέον	ne/on	νέος	ne/os	urn:cite2:hmt:lsj.chicago_md:n70364	n-s---na-
νέον	ne/on	νέω	ne/w	urn:cite2:hmt:lsj.chicago_md:n70564	v-sppamv-
νέον	ne/on	νέω	ne/w	urn:cite2:hmt:lsj.chicago_md:n70565	v-sppamv-
νέον	ne/on	νέω	ne/w	urn:cite2:hmt:lsj.chicago_md:n70566	v-sppamv-
νέον	ne/on	νέω	ne/w	urn:cite2:hmt:lsj.chicago_md:n70567	v-sppamv-
νέον	ne/on	νέω	ne/w	urn:cite2:hmt:lsj.chicago_md:n70564	v-sppann-
νέον	ne/on	νέω	ne/w	urn:cite2:hmt:lsj.chicago_md:n70565	v-sppann-
νέον	ne/on	νέω	ne/w	urn:cite2:hmt:lsj.chicago_md:n70566	v-sppann-
νέον	ne/on	νέω	ne/w	urn:cite2:hmt:lsj.chicago_md:n70567	v-sppann-
νέον	ne/on	νέω	ne/w	urn:cite2:hmt:lsj.chicago_md:n70564	v-sppanv-
νέον	ne/on	νέω	ne/w	urn:cite2:hmt:lsj.chicago_md:n70565	v-sppanv-
νέον	ne/on	νέω	ne/w	urn:cite2:hmt:lsj.chicago_md:n70566	v-sppanv-
νέον	ne/on	νέω	ne/w	urn:cite2:hmt:lsj.chicago_md:n70567	v-sppanv-
νέον	ne/on	νέω	ne/w	urn:cite2:hmt:lsj.chicago_md:n70564	v-sppana-
νέον	ne/on	νέω	ne/w	urn:cite2:hmt:lsj.chicago_md:n70565	v-sppana-
νέον	ne/on	νέω	ne/w	urn:cite2:hmt:lsj.chicago_md:n70566	v-sppana-
νέον	ne/on	νέω	ne/w	urn:cite2:hmt:lsj.chicago_md:n70567	v-sppana-
νέον	ne/on	νέω	ne/w	urn:cite2:hmt:lsj.chicago_md:n70564	v3piia---
νέον	ne/on	νέω	ne/w	urn:cite2:hmt:lsj.chicago_md:n70565	v3piia---
νέον	ne/on	νέω	ne/w	urn:cite2:hmt:lsj.chicago_md:n70566	v3piia---
νέον	ne/on	νέω	ne/w	urn:cite2:hmt:lsj.chicago_md:n70567	v3piia---
νέον	ne/on	νέω	ne/w	urn:cite2:hmt:lsj.chicago_md:n70564	v1siia---
νέον	ne/on	νέω	ne/w	urn:cite2:hmt:lsj.chicago_md:n70565	v1siia---
νέον	ne/on	νέω	ne/w	urn:cite2:hmt:lsj.chicago_md:n70566	v1siia---
νέον	ne/on	νέω	ne/w	urn:cite2:hmt:lsj.chicago_md:n70567	v1siia---
νέον	ne/on	νέω1	ne/w	urn:cite2:hmt:lsj.chicago_md:n70564	v-sppamv-
νέον	ne/on	νέω1	ne/w	urn:cite2:hmt:lsj.chicago_md:n70565	v-sppamv-
νέον	ne/on	νέω1	ne/w	urn:cite2:hmt:lsj.chicago_md:n70566	v-sppamv-
νέον	ne/on	νέω1	ne/w	urn:cite2:hmt:lsj.chicago_md:n70567	v-sppamv-
νέον	ne/on	νέω1	ne/w	urn:cite2:hmt:lsj.chicago_md:n70564	v-sppann-
νέον	ne/on	νέω1	ne/w	urn:cite2:hmt:lsj.chicago_md:n70565	v-sppann-
νέον	ne/on	νέω1	ne/w	urn:cite2:hmt:lsj.chicago_md:n70566	v-sppann-
νέον	ne/on	νέω1	ne/w	urn:cite2:hmt:lsj.chicago_md:n70567	v-sppann-
νέον	ne/on	νέω1	ne/w	urn:cite2:hmt:lsj.chicago_md:n70564	v-sppanv-
νέον	ne/on	νέω1	ne/w	urn:cite2:hmt:lsj.chicago_md:n70565	v-sppanv-
νέον	ne/on	νέω1	ne/w	urn:cite2:hmt:lsj.chicago_md:n70566	v-sppanv-
νέον	ne/on	νέω1	ne/w	urn:cite2:hmt:lsj.chicago_md:n70567	v-sppanv-
νέον	ne/on	νέω1	ne/w	urn:cite2:hmt:lsj.chicago_md:n70564	v-sppana-
νέον	ne/on	νέω1	ne/w	urn:cite2:hmt:lsj.chicago_md:n70565	v-sppana-
νέον	ne/on	νέω1	ne/w	urn:cite2:hmt:lsj.chicago_md:n70566	v-sppana-
νέον	ne/on	νέω1	ne/w	urn:cite2:hmt:lsj.chicago_md:n70567	v-sppana-
νέον	ne/on	νέω1	ne/w	urn:cite2:hmt:lsj.chicago_md:n70564	v3piia---
νέον	ne/on	νέω1	ne/w	urn:cite2:hmt:lsj.chicago_md:n70565	v3piia---
νέον	ne/on	νέω1	ne/w	urn:cite2:hmt:lsj.chicago_md:n70566	v3piia---
νέον	ne/on	νέω1	ne/w	urn:cite2:hmt:lsj.chicago_md:n70567	v3piia---
νέον	ne/on	νέω1	ne/w	urn:cite2:hmt:lsj.chicago_md:n70564	v1siia---
νέον	ne/on	νέω1	ne/w	urn:cite2:hmt:lsj.chicago_md:n70565	v1siia---
νέον	ne/on	νέω1	ne/w	urn:cite2:hmt:lsj.chicago_md:n70566	v1siia---
νέον	ne/on	νέω1	ne/w	urn:cite2:hmt:lsj.chicago_md:n70567	v1siia---
νέον	ne/on	νέω2	ne/w	urn:cite2:hmt:lsj.chicago_md:n70564	v-sppamv-
νέον	ne/on	νέω2	ne/w	urn:cite2:hmt:lsj.chicago_md:n70565	v-sppamv-
νέον	ne/on	νέω2	ne/w	urn:cite2:hmt:lsj.chicago_md:n70566	v-sppamv-
νέον	ne/on	νέω2	ne/w	urn:cite2:hmt:lsj.chicago_md:n70567	v-sppamv-
νέον	ne/on	νέω2	ne/w	urn:cite2:hmt:lsj.chicago_md:n70564	v-sppann-
νέον	ne/on	νέω2	ne/w	urn:cite2:hmt:lsj.chicago_md:n70565	v-sppann-
νέον	ne/on	νέω2	ne/w	urn:cite2:hmt:lsj.chicago_md:n70566	v-sppann-
νέον	ne/on	νέω2	ne/w	urn:cite2:hmt:lsj.chicago_md:n70567	v-sppann-
νέον	ne/on	νέω2	ne/w	urn:cite2:hmt:lsj.chicago_md:n70564	v-sppanv-
νέον	ne/on	νέω2	ne/w	urn:cite2:hmt:lsj.chicago_md:n70565	v-sppanv-
νέον	ne/on	νέω2	ne/w	urn:cite2:hmt:lsj.chicago_md:n70566	v-sppanv-
νέον	ne/on	νέω2	ne/w	urn:cite2:hmt:lsj.chicago_md:n70567	v-sppanv-
νέον	ne/on	νέω2	ne/w	urn:cite2:hmt:lsj.chicago_md:n70564	v-sppana-
νέον	ne/on	νέω2	ne/w	urn:cite2:hmt:lsj.chicago_md:n70565	v-sppana-
νέον	ne/on	νέω2	ne/w	urn:cite2:hmt:lsj.chicago_md:n70566	v-sppana-
νέον	ne/on	νέω2	ne/w	urn:cite2:hmt:lsj.chicago_md:n70567	v-sppana-
νέον	ne/on	νέω2	ne/w	urn:cite2:hmt:lsj.chicago_md:n70564	v3piia---
νέον	ne/on	νέω2	ne/w	urn:cite2:hmt:lsj.chicago_md:n70565	v3piia---
νέον	ne/on	νέω2	ne/w	urn:cite2:hmt:lsj.chicago_md:n70566	v3piia---
νέον	ne/on	νέω2	ne/w	urn:cite2:hmt:lsj.chicago_md:n70567	v3piia---
νέον	ne/on	νέω2	ne/w	urn:cite2:hmt:lsj.chicago_md:n70564	v1siia---
νέον	ne/on	νέω2	ne/w	urn:cite2:hmt:lsj.chicago_md:n70565	v1siia---
νέον	ne/on	νέω2	ne/w	urn:cite2:hmt:lsj.chicago_md:n70566	v1siia---
νέον	ne/on	νέω2	ne/w	urn:cite2:hmt:lsj.chicago_md:n70567	v1siia---
νέον	ne/on	νέω3	ne/w	urn:cite2:hmt:lsj.chicago_md:n70564	v-sppamv-
νέον	ne/on	νέω3	ne/w	urn:cite2:hmt:lsj.chicago_md:n70565	v-sppamv-
νέον	ne/on	νέω3	ne/w	urn:cite2:hmt:lsj.chicago_md:n70566	v-sppamv-
νέον	ne/on	νέω3	ne/w	urn:cite2:hmt:lsj.chicago_md:n70567	v-sppamv-
νέον	ne/on	νέω3	ne/w	urn:cite2:hmt:lsj.chicago_md:n70564	v-sppann-
νέον	ne/on	νέω3	ne/w	urn:cite2:hmt:lsj.chicago_md:n70565	v-sppann-
νέον	ne/on	νέω3	ne/w	urn:cite2:hmt:lsj.chicago_md:n70566	v-sppann-
νέον	ne/on	νέω3	ne/w	urn:cite2:hmt:lsj.chicago_md:n70567	v-sppann-
νέον	ne/on	νέω3	ne/w	urn:cite2:hmt:lsj.chicago_md:n70564	v-sppanv-
νέον	ne/on	νέω3	ne/w	urn:cite2:hmt:lsj.chicago_md:n70565	v-sppanv-
νέον	ne/on	νέω3	ne/w	urn:cite2:hmt:lsj.chicago_md:n70566	v-sppanv-
νέον	ne/on	νέω3	ne/w	urn:cite2:hmt:lsj.chicago_md:n70567	v-sppanv-
νέον	ne/on	νέω3	ne/w	urn:cite2:hmt:lsj.chicago_md:n70564	v-sppana-
νέον	ne/on	νέω3	ne/w	urn:cite2:hmt:lsj.chicago_md:n70565	v-sppana-
νέον	ne/on	νέω3	ne/w	urn:cite2:hmt:lsj.chicago_md:n70566	v-sppana-
νέον	ne/on	νέω3	ne/w	urn:cite2:hmt:lsj.chicago_md:n70567	v-sppana-
νέον	ne/on	νέω3	ne/w	urn:cite2:hmt:lsj.chicago_md:n70564	v3piia---
νέον	ne/on	νέω3	ne/w	urn:cite2:hmt:lsj.chicago_md:n70565	v3piia---
νέον	ne/on	νέω3	ne/w	urn:cite2:hmt:lsj.chicago_md:n70566	v3piia---
νέον	ne/on	νέω3	ne/w	urn:cite2:hmt:lsj.chicago_md:n70567	v3piia---
νέον	ne/on	νέω3	ne/w	urn:cite2:hmt:lsj.chicago_md:n70564	v1siia---
νέον	ne/on	νέω3	ne/w	urn:cite2:hmt:lsj.chicago_md:n70565	v1siia---
νέον	ne/on	νέω3	ne/w	urn:cite2:hmt:lsj.chicago_md:n70566	v1siia---
νέον	ne/on	νέω3	ne/w	urn:cite2:hmt:lsj.chicago_md:n70567	v1siia---
νέος	ne/os	νέος	ne/os	urn:cite2:hmt:lsj.chicago_md:n70364	a-s---mn-
νέος	ne/os	νέος	ne/os	urn:cite2:hmt:lsj.chicago_md:n70364	n-s---mn-
νέος	ne/os	νέος	ne/os	urn:cite2:hmt:lsj.chicago_md:n70364	n-s---fn-
νέου	ne/ou	νέος	ne/os	urn:cite2:hmt:lsj.chicago_md:n70364	a-s---mg-
νέου	ne/ou	νέος	ne/os	urn:cite2:hmt:lsj.chicago_md:n70364	a-s---ng-
νέου	ne/ou	νέος	ne/os	urn:cite2:hmt:lsj.chicago_md:n70364	n-s---mg-
νέου	ne/ou	νέος	ne/os	urn:cite2:hmt:lsj.chicago_md:n70364	n-s---fg-
νέου	ne/ou	νέος	ne/os	urn:cite2:hmt:lsj.chicago_md:n70364	n-s---ng-
νέου	ne/ou	νεόω	neo/w	urn:cite2:hmt:lsj.chicago_md:n70458	v2spma---
νέου	ne/ou	νεόω	neo/w	urn:cite2:hmt:lsj.chicago_md:n70458	v3siia---
νέων	ne/wn	νέος	ne/os	urn:cite2:hmt:lsj.chicago_md:n70364	a-p---fg-
νέων	ne/wn	νέος	ne/os	urn:cite2:hmt:lsj.chicago_md:n70364	a-p---mg-
νέων	ne/wn	νέος	ne/os	urn:cite2:hmt:lsj.chicago_md:n70364	a-p---ng-
νέων	ne/wn	νέος	ne/os	urn:cite2:hmt:lsj.chicago_md:n70364	n-p---mg-
νέων	ne/wn	νέος	ne/os	urn:cite2:hmt:lsj.chicago_md:n70364	n-p---fg-
νέων	ne/wn	νέος	ne/os	urn:cite2:hmt:lsj.chicago_md:n70364	n-p---ng-
νέων	ne/wn	νέω	ne/w	urn:cite2:hmt:lsj.chicago_md:n70564	v-sppamn-
νέων	ne/wn	νέω	ne/w	urn:cite2:hmt:lsj.chicago_md:n70565	v-sppamn-
νέων	ne/wn	νέω	ne/w	urn:cite2:hmt:lsj.chicago_md:n70566	v-sppamn-
νέων	ne/wn	νέω	ne/w	urn:cite2:hmt:lsj.chicago_md:n70567	v-sppamn-
νέων	ne/wn	νέω1	ne/w	urn:cite2:hmt:lsj.chicago_md:n70564	v-sppamn-
νέων	ne/wn	νέω1	ne/w	urn:cite2:hmt:lsj.chicago_md:n70565	v-sppamn-
νέων	ne/wn	νέω1	ne/w	urn:cite2:hmt:lsj.chicago_md:n70566	v-sppamn-
νέων	ne/wn	νέω1	ne/w	urn:cite2:hmt:lsj.chicago_md:n70567	v-sppamn-
νέων	ne/wn	νέω2	ne/w	urn:cite2:hmt:lsj.chicago_md:n70564	v-sppamn-
νέων	ne/wn	νέω2	ne/w	urn:cite2:hmt:lsj.chicago_md:n70565	v-sppamn-
νέων	ne/wn	νέω2	ne/w	urn:cite2:hmt:lsj.chicago_md:n70566	v-sppamn-
νέων	ne/wn	νέω2	ne/w	urn:cite2:hmt:lsj.chicago_md:n70567	v-sppamn-
νέων	ne/wn	νέω3	ne/w	urn:cite2:hmt:lsj.chicago_md:n70564	v-sppamn-
νέων	ne/wn	νέω3	ne/w	urn:cite2:hmt:lsj.chicago_md:n70565	v-sppamn-
νέων	ne/wn	νέω3	ne/w	urn:cite2:hmt:lsj.chicago_md:n70566	v-sppamn-
νέων	ne/wn	νέω3	ne/w	urn:cite2:hmt:lsj.chicago_md:n70567	v-sppamn-
νέων	ne/wn	νεάω	nea/w	urn:cite2:hmt:lsj.chicago_md:n69987	v3piia---
νέων	ne/wn	νεάω	nea/w	urn:cite2:hmt:lsj.chicago_md:n69987	v1siia---
νέῳ	ne/w|	νέος	ne/os	urn:cite2:hmt:lsj.chicago_md:n70364	a-s---md-
νέῳ	ne/w|	νέος	ne/os	urn:cite2:hmt:lsj.chicago_md:n70364	a-s---nd-
νέῳ	ne/w|	νέος	ne/os	urn:cite2:hmt:lsj.chicago_md:n70364	n-s---md-
νέῳ	ne/w|	νέος	ne/os	urn:cite2:hmt:lsj.chicago_md:n70364	n-s---fd-
νέῳ	ne/w|	νέος	ne/os	urn:cite2:hmt:lsj.chicago_md:n70364	n-s---nd-
νήπιον	nh/pion	νήπιος	nh/pios	urn:cite2:hmt:lsj.chicago_md:n70708	a-s---ma-
νήπιον	nh/pion	νήπιος	nh/pios	urn:cite2:hmt:lsj.chicago_md:n70708	a-s---nn-
νήπιον	nh/pion	νήπιος	nh/pios	urn:cite2:hmt:lsj.chicago_md:n70708	a-s---nv-
νήπιον	nh/pion	νήπιος	nh/pios	urn:cite2:hmt:lsj.chicago_md:n70708	a-s---na-
νίπτρα	ni/ptra	νίπτρον	ni/ptron	urn:cite2:hmt:lsj.chicago_md:n70870	n-p---nn-
νίπτρα	ni/ptra	νίπτρον	ni/ptron	urn:cite2:hmt:lsj.chicago_md:n70870	n-p---nv-
νίπτρα	ni/ptra	νίπτρον	ni/ptron	urn:cite2:hmt:lsj.chicago_md:n70870	n-p---na-
νόθον	no/qon	νόθος	no/qos	urn:cite2:hmt:lsj.chicago_md:n70932	a-s---ma-
νόθον	no/qon	νόθος	no/qos	urn:cite2:hmt:lsj.chicago_md:n70932	a-s---nn-
νόθον	no/qon	νόθος	no/qos	urn:cite2:hmt:lsj.chicago_md:n70932	a-s---nv-
νόθον	no/qon	νόθος	no/qos	urn:cite2:hmt:lsj.chicago_md:n70932	a-s---na-
νόθον	no/qon	νόθος	no/qos	urn:cite2:hmt:lsj.chicago_md:n70932	n-s---ma-
νόθον	no/qon	νόθος	no/qos	urn:cite2:hmt:lsj.chicago_md:n70932	n-s---fa-
νόθον	no/qon	νόθος	no/qos	urn:cite2:hmt:lsj.chicago_md:n70932	n-s---nn-
νόθον	no/qon	νόθος	no/qos	urn:cite2:hmt:lsj.chicago_md:n70932	n-s---nv-
νόθον	no/qon	νόθος	no/qos	urn:cite2:hmt:lsj.chicago_md:n70932	n-s---na-
νόθου	no/qou	νόθος	no/qos	urn:cite2:hmt:lsj.chicago_md:n70932	a-s---mg-
νόθου	no/qou	νόθος	no/qos	urn:cite2:hmt:lsj.chicago_md:n70932	a-s---ng-
νόθου	no/qou	νόθος	no/qos	urn:cite2:hmt:lsj.chicago_md:n70932	n-s---mg-
νόθου	no/qou	νόθος	no/qos	urn:cite2:hmt:lsj.chicago_md:n70932	n-s---fg-
νόθου	no/qou	νόθος	no/qos	urn:cite2:hmt:lsj.chicago_md:n70932	n-s---ng-
νόθου	no/qou	νοθόω	noqo/w	urn:cite2:hmt:lsj.chicago_md:n70933	v2spma---
νόθου	no/qou	νοθόω	noqo/w	urn:cite2:hmt:lsj.chicago_md:n70933	v3siia---
νόμον	no/mon	νόμος	no/mos	urn:cite2:hmt:lsj.chicago_md:n71005	n-s---ma-
νόμος	no/mos	νόμος	no/mos	urn:cite2:hmt:lsj.chicago_md:n71005	n-s---mn-
νόμους	no/mous	νόμος	no/mos	urn:cite2:hmt:lsj.chicago_md:n71005	n-p---ma-
νόμῳ	no/mw|	νόμος	no/mos	urn:cite2:hmt:lsj.chicago_md:n71005	n-s---md-
νόσον	no/son	νόσος	no/sos	urn:cite2:hmt:lsj.chicago_md:n71065	n-s---fa-
νόσους	no/sous	νόσος	no/sos	urn:cite2:hmt:lsj.chicago_md:n71065	n-p---fa-
νόσω	no/sw	νόσος	no/sos	urn:cite2:hmt:lsj.chicago_md:n71065	n-d---fn-
νόσω	no/sw	νόσος	no/sos	urn:cite2:hmt:lsj.chicago_md:n71065	n-d---fv-
νόσω	no/sw	νόσος	no/sos	urn:cite2:hmt:lsj.chicago_md:n71065	n-d---fa-
νόσω	no/sw	νόσος	no/sos	urn:cite2:hmt:lsj.chicago_md:n71065	n-s---fg-
νόσων	no/swn	νόσος	no/sos	urn:cite2:hmt:lsj.chicago_md:n71065	n-p---fg-
νύκτα	nu/kta	νύξ	nu/c	urn:cite2:hmt:lsj.chicago_md:n71314	n-s---fa-
νύχθ’	nu/xq'	νύξ	nu/c	urn:cite2:hmt:lsj.chicago_md:n71314	n-s---fa-
νύχθ’	nu/xq'	νύξ	nu/c	urn:cite2:hmt:lsj.chicago_md:n71314	n-d---fn-
νύχθ’	nu/xq'	νύξ	nu/c	urn:cite2:hmt:lsj.chicago_md:n71314	n-d---fv-
νύχθ’	nu/xq'	νύξ	nu/c	urn:cite2:hmt:lsj.chicago_md:n71314	n-d---fa-
νώτοις	nw/tois	νῶτον	nw=ton	urn:cite2:hmt:lsj.chicago_md:n71413	n-p---nd-
νῦν	nu=n	νῦν	nu=n	urn:cite2:hmt:lsj.chicago_md:n71308	d--------
νῷν	nw=|n	ἐγώ	e)gw/	urn:cite2:hmt:lsj.chicago_md:n30657	p-d---mg-
νῷν	nw=|n	ἐγώ	e)gw/	urn:cite2:hmt:lsj.chicago_md:n30657	p-d---md-
νῷν	nw=|n	ἐγώ	e)gw/	urn:cite2:hmt:lsj.chicago_md:n30657	p-d---fg-
νῷν	nw=|n	ἐγώ	e)gw/	urn:cite2:hmt:lsj.chicago_md:n30657	p-d---fd-
ξενικόν	ceniko/n	ξενικός	ceniko/s	urn:cite2:hmt:lsj.chicago_md:n71503	a-s---ma-
ξενικόν	ceniko/n	ξενικός	ceniko/s	urn:cite2:hmt:lsj.chicago_md:n71503	a-s---nn-
ξενικόν	ceniko/n	ξενικός	ceniko/s	urn:cite2:hmt:lsj.chicago_md:n71503	a-s---nv-
ξενικόν	ceniko/n	ξενικός	ceniko/s	urn:cite2:hmt:lsj.chicago_md:n71503	a-s---na-
ξενικόν	ceniko/n	ξενικός	ceniko/s	urn:cite2:hmt:lsj.chicago_md:n71503	n-s---ma-
ξενικόν	ceniko/n	ξενικός	ceniko/s	urn:cite2:hmt:lsj.chicago_md:n71503	n-s---fa-
ξενικόν	ceniko/n	ξενικός	ceniko/s	urn:cite2:hmt:lsj.chicago_md:n71503	n-s---nn-
ξενικόν	ceniko/n	ξενικός	ceniko/s	urn:cite2:hmt:lsj.chicago_md:n71503	n-s---nv-
ξενικόν	ceniko/n	ξενικός	ceniko/s	urn:cite2:hmt:lsj.chicago_md:n71503	n-s---na-
ξιφηφόρους	cifhfo/rous	ξιφηφόρος	cifhfo/ros	urn:cite2:hmt:lsj.chicago_md:n71646	n-p---ma-
ξιφηφόρους	cifhfo/rous	ξιφηφόρος	cifhfo/ros	urn:cite2:hmt:lsj.chicago_md:n71646	n-p---fa-
ξιφήρεις	cifh/reis	ξιφήρης	cifh/rhs	urn:cite2:hmt:lsj.chicago_md:n71643	n-p---ma-
ξιφήρεις	cifh/reis	ξιφήρης	cifh/rhs	urn:cite2:hmt:lsj.chicago_md:n71643	n-p---fa-
ξιφήρεις	cifh/reis	ξιφήρης	cifh/rhs	urn:cite2:hmt:lsj.chicago_md:n71643	n-p---mn-
ξιφήρεις	cifh/reis	ξιφήρης	cifh/rhs	urn:cite2:hmt:lsj.chicago_md:n71643	n-p---mv-
ξιφήρεις	cifh/reis	ξιφήρης	cifh/rhs	urn:cite2:hmt:lsj.chicago_md:n71643	n-p---fn-
ξιφήρεις	cifh/reis	ξιφήρης	cifh/rhs	urn:cite2:hmt:lsj.chicago_md:n71643	n-p---fv-
ξιφήρης	cifh/rhs	ξιφήρης	cifh/rhs	urn:cite2:hmt:lsj.chicago_md:n71643	n-p---ma-
ξιφήρης	cifh/rhs	ξιφήρης	cifh/rhs	urn:cite2:hmt:lsj.chicago_md:n71643	n-p---fa-
ξιφήρης	cifh/rhs	ξιφήρης	cifh/rhs	urn:cite2:hmt:lsj.chicago_md:n71643	n-p---mn-
ξιφήρης	cifh/rhs	ξιφήρης	cifh/rhs	urn:cite2:hmt:lsj.chicago_md:n71643	n-p---mv-
ξιφήρης	cifh/rhs	ξιφήρης	cifh/rhs	urn:cite2:hmt:lsj.chicago_md:n71643	n-p---fn-
ξιφήρης	cifh/rhs	ξιφήρης	cifh/rhs	urn:cite2:hmt:lsj.chicago_md:n71643	n-p---fv-
ξιφήρης	cifh/rhs	ξιφήρης	cifh/rhs	urn:cite2:hmt:lsj.chicago_md:n71643	n-s---mn-
ξιφήρης	cifh/rhs	ξιφήρης	cifh/rhs	urn:cite2:hmt:lsj.chicago_md:n71643	n-s---fn-
ξυλλάβοι	culla/boi	συλλαμβάνω	sullamba/nw	urn:cite2:hmt:lsj.chicago_md:n98173	v3saoa---
ξυμφοραί	cumforai/	συμφορά	sumfora/	urn:cite2:hmt:lsj.chicago_md:n98925	n-p---fn-
ξυμφοραί	cumforai/	συμφορά	sumfora/	urn:cite2:hmt:lsj.chicago_md:n98925	n-p---fv-
ξυναντήσειεν	cunanth/seien	συναντάω	sunanta/w	urn:cite2:hmt:lsj.chicago_md:n99331	v3saoa---
ξυνοίσεται	cunoi/setai	συμφέρω	sumfe/rw	urn:cite2:hmt:lsj.chicago_md:n98894	v3sfim---
ξυνάπτεις	cuna/pteis	συνάπτω	suna/ptw	urn:cite2:hmt:lsj.chicago_md:n99485	v2spia---
ξυνάψων	cuna/ywn	συνάπτω	suna/ptw	urn:cite2:hmt:lsj.chicago_md:n99485	v-sfpamn-
ξυνάψων	cuna/ywn	συνάπτω	suna/ptw	urn:cite2:hmt:lsj.chicago_md:n99485	v-stiamn-
ξυνῄδει	cunh/|dei	σύνοιδα	su/noida	urn:cite2:hmt:lsj.chicago_md:n100771	v3slia---
ξυνῆψ’	cunh=y'	συνάπτω	suna/ptw	urn:cite2:hmt:lsj.chicago_md:n99485	v1saia---
ξυνῆψ’	cunh=y'	συνάπτω	suna/ptw	urn:cite2:hmt:lsj.chicago_md:n99485	v2slie---
ξυνῆψ’	cunh=y'	συνάπτω	suna/ptw	urn:cite2:hmt:lsj.chicago_md:n99485	v2srme---
ξυνῆψ’	cunh=y'	συνάπτω	suna/ptw	urn:cite2:hmt:lsj.chicago_md:n99485	v2slie---
ξυνῆψ’	cunh=y'	συνάπτω	suna/ptw	urn:cite2:hmt:lsj.chicago_md:n99485	v3saia---
ξυνῆψ’	cunh=y'	συνάπτω	suna/ptw	urn:cite2:hmt:lsj.chicago_md:n99485	v2srie---
ξέναι	ce/nai	ξένη	ce/nh	urn:cite2:hmt:lsj.chicago_md:n71492	n-p---fn-
ξέναι	ce/nai	ξένη	ce/nh	urn:cite2:hmt:lsj.chicago_md:n71492	n-p---fv-
ξέναι	ce/nai	ξένη	ce/nh	urn:cite2:hmt:lsj.chicago_md:n71492	n-s---fd-
ξέναι	ce/nai	ξένοσ2	ce/nos	urn:cite2:hmt:lsj.chicago_md:n71544	a-p---fn-
ξέναι	ce/nai	ξένοσ2	ce/nos	urn:cite2:hmt:lsj.chicago_md:n71544	a-p---fv-
ξέναι	ce/nai	ξένοσ2	ce/nos	urn:cite2:hmt:lsj.chicago_md:n71544	a-s---fd-
ξένε	ce/ne	ξένοσ1	ce/nos	urn:cite2:hmt:lsj.chicago_md:n71544	n-s---mv-
ξένε	ce/ne	ξένοσ2	ce/nos	urn:cite2:hmt:lsj.chicago_md:n71544	a-s---mv-
ξένε	ce/ne	ξένοσ2	ce/nos	urn:cite2:hmt:lsj.chicago_md:n71544	n-s---mv-
ξένε	ce/ne	ξένοσ2	ce/nos	urn:cite2:hmt:lsj.chicago_md:n71544	n-s---fv-
ξένη	ce/nh	ξένη	ce/nh	urn:cite2:hmt:lsj.chicago_md:n71492	n-s---fn-
ξένη	ce/nh	ξένη	ce/nh	urn:cite2:hmt:lsj.chicago_md:n71492	n-s---fv-
ξένη	ce/nh	ξένοσ2	ce/nos	urn:cite2:hmt:lsj.chicago_md:n71544	a-s---fn-
ξένη	ce/nh	ξένοσ2	ce/nos	urn:cite2:hmt:lsj.chicago_md:n71544	a-s---fv-
ξένης	ce/nhs	ξένη	ce/nh	urn:cite2:hmt:lsj.chicago_md:n71492	n-s---fg-
ξένης	ce/nhs	ξένοσ2	ce/nos	urn:cite2:hmt:lsj.chicago_md:n71544	a-s---fg-
ξένια	ce/nia	ξένιος	ce/nios	urn:cite2:hmt:lsj.chicago_md:n71504	a-p---nn-
ξένια	ce/nia	ξένιος	ce/nios	urn:cite2:hmt:lsj.chicago_md:n71504	a-p---nv-
ξένια	ce/nia	ξένιος	ce/nios	urn:cite2:hmt:lsj.chicago_md:n71504	a-p---na-
ξένια	ce/nia	ξένιος	ce/nios	urn:cite2:hmt:lsj.chicago_md:n71504	n-p---nn-
ξένια	ce/nia	ξένιος	ce/nios	urn:cite2:hmt:lsj.chicago_md:n71504	n-p---nv-
ξένια	ce/nia	ξένιος	ce/nios	urn:cite2:hmt:lsj.chicago_md:n71504	n-p---na-
ξένοι	ce/noi	ξένοσ1	ce/nos	urn:cite2:hmt:lsj.chicago_md:n71544	n-p---mn-
ξένοι	ce/noi	ξένοσ1	ce/nos	urn:cite2:hmt:lsj.chicago_md:n71544	n-p---mv-
ξένοι	ce/noi	ξένοσ2	ce/nos	urn:cite2:hmt:lsj.chicago_md:n71544	a-p---mn-
ξένοι	ce/noi	ξένοσ2	ce/nos	urn:cite2:hmt:lsj.chicago_md:n71544	a-p---mv-
ξένοι	ce/noi	ξένοσ2	ce/nos	urn:cite2:hmt:lsj.chicago_md:n71544	n-p---mn-
ξένοι	ce/noi	ξένοσ2	ce/nos	urn:cite2:hmt:lsj.chicago_md:n71544	n-p---mv-
ξένοι	ce/noi	ξένοσ2	ce/nos	urn:cite2:hmt:lsj.chicago_md:n71544	n-p---fn-
ξένοι	ce/noi	ξένοσ2	ce/nos	urn:cite2:hmt:lsj.chicago_md:n71544	n-p---fv-
ξένον	ce/non	ξένοσ1	ce/nos	urn:cite2:hmt:lsj.chicago_md:n71544	n-s---ma-
ξένον	ce/non	ξένοσ2	ce/nos	urn:cite2:hmt:lsj.chicago_md:n71544	a-s---ma-
ξένον	ce/non	ξένοσ2	ce/nos	urn:cite2:hmt:lsj.chicago_md:n71544	a-s---nn-
ξένον	ce/non	ξένοσ2	ce/nos	urn:cite2:hmt:lsj.chicago_md:n71544	a-s---nv-
ξένον	ce/non	ξένοσ2	ce/nos	urn:cite2:hmt:lsj.chicago_md:n71544	a-s---na-
ξένον	ce/non	ξένοσ2	ce/nos	urn:cite2:hmt:lsj.chicago_md:n71544	n-s---ma-
ξένον	ce/non	ξένοσ2	ce/nos	urn:cite2:hmt:lsj.chicago_md:n71544	n-s---fa-
ξένον	ce/non	ξένοσ2	ce/nos	urn:cite2:hmt:lsj.chicago_md:n71544	n-s---nn-
ξένον	ce/non	ξένοσ2	ce/nos	urn:cite2:hmt:lsj.chicago_md:n71544	n-s---nv-
ξένον	ce/non	ξένοσ2	ce/nos	urn:cite2:hmt:lsj.chicago_md:n71544	n-s---na-
ξένος	ce/nos	ξένοσ1	ce/nos	urn:cite2:hmt:lsj.chicago_md:n71544	n-s---mn-
ξένος	ce/nos	ξένοσ2	ce/nos	urn:cite2:hmt:lsj.chicago_md:n71544	a-s---mn-
ξένος	ce/nos	ξένοσ2	ce/nos	urn:cite2:hmt:lsj.chicago_md:n71544	n-s---mn-
ξένος	ce/nos	ξένοσ2	ce/nos	urn:cite2:hmt:lsj.chicago_md:n71544	n-s---fn-
ξένους	ce/nous	ξένοσ1	ce/nos	urn:cite2:hmt:lsj.chicago_md:n71544	n-p---ma-
ξένους	ce/nous	ξένοσ2	ce/nos	urn:cite2:hmt:lsj.chicago_md:n71544	a-p---ma-
ξένους	ce/nous	ξένοσ2	ce/nos	urn:cite2:hmt:lsj.chicago_md:n71544	n-p---ma-
ξένους	ce/nous	ξένοσ2	ce/nos	urn:cite2:hmt:lsj.chicago_md:n71544	n-p---fa-
ξένους	ce/nous	ξενόω	ceno/w	urn:cite2:hmt:lsj.chicago_md:n71563	v2siia---
ξέν’	ce/n'	ξένη	ce/nh	urn:cite2:hmt:lsj.chicago_md:n71492	n-p---fn-
ξέν’	ce/n'	ξένη	ce/nh	urn:cite2:hmt:lsj.chicago_md:n71492	n-p---fv-
ξέν’	ce/n'	ξένη	ce/nh	urn:cite2:hmt:lsj.chicago_md:n71492	n-s---fd-
ξέν’	ce/n'	ξένοσ1	ce/nos	urn:cite2:hmt:lsj.chicago_md:n71544	n-s---mv-
ξέν’	ce/n'	ξένοσ2	ce/nos	urn:cite2:hmt:lsj.chicago_md:n71544	a-p---nn-
ξέν’	ce/n'	ξένοσ2	ce/nos	urn:cite2:hmt:lsj.chicago_md:n71544	a-p---nv-
ξέν’	ce/n'	ξένοσ2	ce/nos	urn:cite2:hmt:lsj.chicago_md:n71544	a-p---na-
ξέν’	ce/n'	ξένοσ2	ce/nos	urn:cite2:hmt:lsj.chicago_md:n71544	n-p---nn-
ξέν’	ce/n'	ξένοσ2	ce/nos	urn:cite2:hmt:lsj.chicago_md:n71544	n-p---nv-
ξέν’	ce/n'	ξένοσ2	ce/nos	urn:cite2:hmt:lsj.chicago_md:n71544	n-p---na-
ξέν’	ce/n'	ξένοσ2	ce/nos	urn:cite2:hmt:lsj.chicago_md:n71544	a-s---mv-
ξέν’	ce/n'	ξένοσ2	ce/nos	urn:cite2:hmt:lsj.chicago_md:n71544	n-s---mv-
ξέν’	ce/n'	ξένοσ2	ce/nos	urn:cite2:hmt:lsj.chicago_md:n71544	n-s---fv-
ξέν’	ce/n'	ξένοσ2	ce/nos	urn:cite2:hmt:lsj.chicago_md:n71544	a-p---fn-
ξέν’	ce/n'	ξένοσ2	ce/nos	urn:cite2:hmt:lsj.chicago_md:n71544	a-p---fv-
ξέν’	ce/n'	ξένοσ2	ce/nos	urn:cite2:hmt:lsj.chicago_md:n71544	a-s---fd-
ξίφος	ci/fos	ξίφος	ci/fos	urn:cite2:hmt:lsj.chicago_md:n71666	n-s---nn-
ξίφος	ci/fos	ξίφος	ci/fos	urn:cite2:hmt:lsj.chicago_md:n71666	n-s---nv-
ξίφος	ci/fos	ξίφος	ci/fos	urn:cite2:hmt:lsj.chicago_md:n71666	n-s---na-
ξόανα	co/ana	ξόανον	co/anon	urn:cite2:hmt:lsj.chicago_md:n71673	n-p---nn-
ξόανα	co/ana	ξόανον	co/anon	urn:cite2:hmt:lsj.chicago_md:n71673	n-p---nv-
ξόανα	co/ana	ξόανον	co/anon	urn:cite2:hmt:lsj.chicago_md:n71673	n-p---na-
ξύνδουλε	cu/ndoule	σύνδουλος	su/ndoulos	urn:cite2:hmt:lsj.chicago_md:n99793	n-s---mv-
ξύνδουλε	cu/ndoule	σύνδουλος	su/ndoulos	urn:cite2:hmt:lsj.chicago_md:n99793	n-s---fv-
ξύνοιδ’	cu/noid'	σύνοιδα	su/noida	urn:cite2:hmt:lsj.chicago_md:n100771	v1sria---
ξύνοιδ’	cu/noid'	σύνοιδα	su/noida	urn:cite2:hmt:lsj.chicago_md:n100771	v3sria---
οἰκετῶν	oi)ketw=n	οἰκέτης	oi)ke/ths	urn:cite2:hmt:lsj.chicago_md:n72268	n-p---mg-
οἰκεῖν	oi)kei=n	οἰκέω	oi)ke/w	urn:cite2:hmt:lsj.chicago_md:n72273	v--pna---
οἰκεῖς	oi)kei=s	οἰκέω	oi)ke/w	urn:cite2:hmt:lsj.chicago_md:n72273	v2spia---
οἰκεῖς	oi)kei=s	οἰκεύς	oi)keu/s	urn:cite2:hmt:lsj.chicago_md:n72272	n-p---ma-
οἰκεῖς	oi)kei=s	οἰκεύς	oi)keu/s	urn:cite2:hmt:lsj.chicago_md:n72272	n-p---mn-
οἰκεῖς	oi)kei=s	οἰκεύς	oi)keu/s	urn:cite2:hmt:lsj.chicago_md:n72272	n-p---mv-
οἰκοῦσ’	oi)kou=s'	οἰκέω	oi)ke/w	urn:cite2:hmt:lsj.chicago_md:n72273	v-sppafn-
οἰκοῦσ’	oi)kou=s'	οἰκέω	oi)ke/w	urn:cite2:hmt:lsj.chicago_md:n72273	v-sppafv-
οἰκοῦσ’	oi)kou=s'	οἰκέω	oi)ke/w	urn:cite2:hmt:lsj.chicago_md:n72273	v-pppamd-
οἰκοῦσ’	oi)kou=s'	οἰκέω	oi)ke/w	urn:cite2:hmt:lsj.chicago_md:n72273	v-pppand-
οἰκοῦσ’	oi)kou=s'	οἰκέω	oi)ke/w	urn:cite2:hmt:lsj.chicago_md:n72273	v3ppia---
οἰκοῦσ’	oi)kou=s'	οἰκέω	oi)ke/w	urn:cite2:hmt:lsj.chicago_md:n72273	v-pppafn-
οἰκοῦσ’	oi)kou=s'	οἰκέω	oi)ke/w	urn:cite2:hmt:lsj.chicago_md:n72273	v-pppafv-
οἰκτρά	oi)ktra/	οἰκτρός	oi)ktro/s	urn:cite2:hmt:lsj.chicago_md:n72411	a-p---nn-
οἰκτρά	oi)ktra/	οἰκτρός	oi)ktro/s	urn:cite2:hmt:lsj.chicago_md:n72411	a-p---nv-
οἰκτρά	oi)ktra/	οἰκτρός	oi)ktro/s	urn:cite2:hmt:lsj.chicago_md:n72411	a-p---na-
οἰκτρά	oi)ktra/	οἰκτρός	oi)ktro/s	urn:cite2:hmt:lsj.chicago_md:n72411	a-d---fn-
οἰκτρά	oi)ktra/	οἰκτρός	oi)ktro/s	urn:cite2:hmt:lsj.chicago_md:n72411	a-d---fv-
οἰκτρά	oi)ktra/	οἰκτρός	oi)ktro/s	urn:cite2:hmt:lsj.chicago_md:n72411	a-d---fa-
οἰκτρά	oi)ktra/	οἰκτρός	oi)ktro/s	urn:cite2:hmt:lsj.chicago_md:n72411	a-s---fn-
οἰκτρά	oi)ktra/	οἰκτρός	oi)ktro/s	urn:cite2:hmt:lsj.chicago_md:n72411	a-s---fv-
οἰκέτην	oi)ke/thn	οἰκέτης	oi)ke/ths	urn:cite2:hmt:lsj.chicago_md:n72268	n-s---ma-
οἰκήσω	oi)kh/sw	οἰκέω	oi)ke/w	urn:cite2:hmt:lsj.chicago_md:n72273	v1sasa---
οἰκήσω	oi)kh/sw	οἰκέω	oi)ke/w	urn:cite2:hmt:lsj.chicago_md:n72273	v1sfia---
οἰκήσω	oi)kh/sw	οἰκέω	oi)ke/w	urn:cite2:hmt:lsj.chicago_md:n72273	v2saim---
οἰκήτωρ	oi)kh/twr	οἰκήτωρ	oi)kh/twr	urn:cite2:hmt:lsj.chicago_md:n72286	n-s---mn-
οἰκίζεις	oi)ki/zeis	οἰκίζω	oi)ki/zw	urn:cite2:hmt:lsj.chicago_md:n72292	v2spia---
οἰνηρά	oi)nhra/	οἰνηρός	oi)nhro/s	urn:cite2:hmt:lsj.chicago_md:n72470	a-p---nn-
οἰνηρά	oi)nhra/	οἰνηρός	oi)nhro/s	urn:cite2:hmt:lsj.chicago_md:n72470	a-p---nv-
οἰνηρά	oi)nhra/	οἰνηρός	oi)nhro/s	urn:cite2:hmt:lsj.chicago_md:n72470	a-p---na-
οἰνηρά	oi)nhra/	οἰνηρός	oi)nhro/s	urn:cite2:hmt:lsj.chicago_md:n72470	a-d---fn-
οἰνηρά	oi)nhra/	οἰνηρός	oi)nhro/s	urn:cite2:hmt:lsj.chicago_md:n72470	a-d---fv-
οἰνηρά	oi)nhra/	οἰνηρός	oi)nhro/s	urn:cite2:hmt:lsj.chicago_md:n72470	a-d---fa-
οἰνηρά	oi)nhra/	οἰνηρός	oi)nhro/s	urn:cite2:hmt:lsj.chicago_md:n72470	a-s---fn-
οἰνηρά	oi)nhra/	οἰνηρός	oi)nhro/s	urn:cite2:hmt:lsj.chicago_md:n72470	a-s---fv-
οἰστέον	oi)ste/on	οἰστέος	oi)ste/os	urn:cite2:hmt:lsj.chicago_md:n72650	n-s---ma-
οἰστέον	oi)ste/on	οἰστέος	oi)ste/os	urn:cite2:hmt:lsj.chicago_md:n72650	n-s---nn-
οἰστέον	oi)ste/on	οἰστέος	oi)ste/os	urn:cite2:hmt:lsj.chicago_md:n72650	n-s---nv-
οἰστέον	oi)ste/on	οἰστέος	oi)ste/os	urn:cite2:hmt:lsj.chicago_md:n72650	n-s---na-
οἰωνοῖς	oi)wnoi=s	οἰωνός	oi)wno/s	urn:cite2:hmt:lsj.chicago_md:n72734	n-p---md-
οἰωνόν	oi)wno/n	οἰωνός	oi)wno/s	urn:cite2:hmt:lsj.chicago_md:n72734	n-s---ma-
οἰωνῶν	oi)wnw=n	οἰωνός	oi)wno/s	urn:cite2:hmt:lsj.chicago_md:n72734	n-p---mg-
οἱ	oi(	ἕ	e(/	urn:cite2:hmt:lsj.chicago_md:n29856	n-s---md-
οἱ	oi(	ἕ	e(/	urn:cite2:hmt:lsj.chicago_md:n29856	n-s---fd-
οἱ	oi(	ὁ	o(	urn:cite2:hmt:lsj.chicago_md:n71882	l-p---mn-
οἱ	oi(	ὁ	o(	urn:cite2:hmt:lsj.chicago_md:n71882	l-p---mv-
οἴκοι	oi)/koi	ἔοικα	e)/oika	urn:cite2:hmt:lsj.chicago_md:n37776	v3sroa---
οἴκοι	oi)/koi	οἴκοι	oi)/koi	urn:cite2:hmt:lsj.chicago_md:n72340	d--------
οἴκοις	oi)/kois	ἔοικα	e)/oika	urn:cite2:hmt:lsj.chicago_md:n37776	v2sroa---
οἴκοις	oi)/kois	οἶκος	oi)=kos	urn:cite2:hmt:lsj.chicago_md:n72357	n-p---md-
οἴκοισι	oi)/koisi	οἶκος	oi)=kos	urn:cite2:hmt:lsj.chicago_md:n72357	n-p---md-
οἴκους	oi)/kous	οἶκος	oi)=kos	urn:cite2:hmt:lsj.chicago_md:n72357	n-p---ma-
οἴκτων	oi)/ktwn	οἶκτος	oi)=ktos	urn:cite2:hmt:lsj.chicago_md:n72401	n-p---mg-
οἴκτῳ	oi)/ktw|	οἶκτος	oi)=ktos	urn:cite2:hmt:lsj.chicago_md:n72401	n-s---md-
οἴκων	oi)/kwn	οἶκος	oi)=kos	urn:cite2:hmt:lsj.chicago_md:n72357	n-p---mg-
οἴμοι	oi)/moi	οἴμοι	oi)/moi	urn:cite2:hmt:lsj.chicago_md:n72432	x--------
οἴσει	oi)/sei	φέρω	fe/rw	urn:cite2:hmt:lsj.chicago_md:n110598	v2sfim---
οἴσει	oi)/sei	φέρω	fe/rw	urn:cite2:hmt:lsj.chicago_md:n110598	v3sfia---
οἴσει	oi)/sei	οἶσις	oi)=sis	urn:cite2:hmt:lsj.chicago_md:n72643	n-d---fn-
οἴσει	oi)/sei	οἶσις	oi)=sis	urn:cite2:hmt:lsj.chicago_md:n72643	n-d---fv-
οἴσει	oi)/sei	οἶσις	oi)=sis	urn:cite2:hmt:lsj.chicago_md:n72643	n-d---fa-
οἴσει	oi)/sei	οἶσις	oi)=sis	urn:cite2:hmt:lsj.chicago_md:n72643	n-s---fd-
οἴσει	oi)/sei	οἶσις	oi)=sis	urn:cite2:hmt:lsj.chicago_md:n72643	n-s---fd-
οἴσω	oi)/sw	φέρω	fe/rw	urn:cite2:hmt:lsj.chicago_md:n110598	v1sfia---
οἵ	oi(/	ἕ	e(/	urn:cite2:hmt:lsj.chicago_md:n29856	n-s---md-
οἵ	oi(/	ἕ	e(/	urn:cite2:hmt:lsj.chicago_md:n29856	n-s---fd-
οἵ	oi(/	ὁ	o(	urn:cite2:hmt:lsj.chicago_md:n71882	l-p---mn-
οἵ	oi(/	ὁ	o(	urn:cite2:hmt:lsj.chicago_md:n71882	l-p---mv-
οἵ	oi(/	ὅς	o(/s	urn:cite2:hmt:lsj.chicago_md:n75512	p-p---mn-
οἵ	oi(/	ὅς	o(/s	urn:cite2:hmt:lsj.chicago_md:n75513	p-p---mn-
οἵαν	oi(/an	οἷος	oi(=os	urn:cite2:hmt:lsj.chicago_md:n72627	a-s---fa-
οἵδε	oi(/de	ὅδε	o(/de	urn:cite2:hmt:lsj.chicago_md:n72010	n-p---mn-
οἵδ’	oi(/d'	ὅδε	o(/de	urn:cite2:hmt:lsj.chicago_md:n72010	n-p---mn-
οἶδα	oi)=da	οἶδα	oi)=da	urn:cite2:hmt:lsj.chicago_md:n72202	v1sria---
οἶδε	oi)=de	οἶδα	oi)=da	urn:cite2:hmt:lsj.chicago_md:n72202	v3sria---
οἶδεν	oi)=den	οἶδα	oi)=da	urn:cite2:hmt:lsj.chicago_md:n72202	v3sria---
οἶκον	oi)=kon	οἶκος	oi)=kos	urn:cite2:hmt:lsj.chicago_md:n72357	n-s---ma-
οἶκος	oi)=kos	οἶκος	oi)=kos	urn:cite2:hmt:lsj.chicago_md:n72357	n-s---mn-
οἶκτος	oi)=ktos	οἶκτος	oi)=ktos	urn:cite2:hmt:lsj.chicago_md:n72401	n-s---mn-
οἶκτόν	oi)=kto/n	οἶκτος	oi)=ktos	urn:cite2:hmt:lsj.chicago_md:n72401	n-s---ma-
οἶμαι	oi)=mai	οἴμη	oi)/mh	urn:cite2:hmt:lsj.chicago_md:n72427	n-p---fn-
οἶμαι	oi)=mai	οἴμη	oi)/mh	urn:cite2:hmt:lsj.chicago_md:n72427	n-p---fv-
οἶμαι	oi)=mai	οἴομαι	oi)/omai	urn:cite2:hmt:lsj.chicago_md:n72610	v1spie---
οἶνον	oi)=non	οἶνον	oi)=non	urn:cite2:hmt:lsj.chicago_md:n72522	n-s---nn-
οἶνον	oi)=non	οἶνον	oi)=non	urn:cite2:hmt:lsj.chicago_md:n72522	n-s---nv-
οἶνον	oi)=non	οἶνον	oi)=non	urn:cite2:hmt:lsj.chicago_md:n72522	n-s---na-
οἶνον	oi)=non	οἶνος	oi)=nos	urn:cite2:hmt:lsj.chicago_md:n72550	n-s---ma-
οἶσθα	oi)=sqa	οἶδα	oi)=da	urn:cite2:hmt:lsj.chicago_md:n72202	v2sria---
οἶσθά	oi)=sqa/	οἶδα	oi)=da	urn:cite2:hmt:lsj.chicago_md:n72202	v2sria---
οἷον	oi(=on	οἷος	oi(=os	urn:cite2:hmt:lsj.chicago_md:n72627	a-s---ma-
οἷον	oi(=on	οἷος	oi(=os	urn:cite2:hmt:lsj.chicago_md:n72627	a-s---nn-
οἷον	oi(=on	οἷος	oi(=os	urn:cite2:hmt:lsj.chicago_md:n72627	a-s---nv-
οἷον	oi(=on	οἷος	oi(=os	urn:cite2:hmt:lsj.chicago_md:n72627	a-s---na-
οἷς	oi(=s	ὅς	o(/s	urn:cite2:hmt:lsj.chicago_md:n75512	p-p---md-
οἷς	oi(=s	ὅς	o(/s	urn:cite2:hmt:lsj.chicago_md:n75513	p-p---md-
οἷς	oi(=s	ὅς	o(/s	urn:cite2:hmt:lsj.chicago_md:n75512	p-p---nd-
οἷς	oi(=s	ὅς	o(/s	urn:cite2:hmt:lsj.chicago_md:n75513	p-p---nd-
οἷσι	oi(=si	ὅς	o(/s	urn:cite2:hmt:lsj.chicago_md:n75512	p-p---md-
οἷσι	oi(=si	ὅς	o(/s	urn:cite2:hmt:lsj.chicago_md:n75513	p-p---md-
οἷσι	oi(=si	ὅς	o(/s	urn:cite2:hmt:lsj.chicago_md:n75512	p-p---nd-
οἷσι	oi(=si	ὅς	o(/s	urn:cite2:hmt:lsj.chicago_md:n75513	p-p---nd-
οἷσιν	oi(=sin	ὅς	o(/s	urn:cite2:hmt:lsj.chicago_md:n75512	p-p---md-
οἷσιν	oi(=sin	ὅς	o(/s	urn:cite2:hmt:lsj.chicago_md:n75513	p-p---md-
οἷσιν	oi(=sin	ὅς	o(/s	urn:cite2:hmt:lsj.chicago_md:n75512	p-p---nd-
οἷσιν	oi(=sin	ὅς	o(/s	urn:cite2:hmt:lsj.chicago_md:n75513	p-p---nd-
οἷσί	oi(=si/	ὅς	o(/s	urn:cite2:hmt:lsj.chicago_md:n75512	p-p---md-
οἷσί	oi(=si/	ὅς	o(/s	urn:cite2:hmt:lsj.chicago_md:n75513	p-p---md-
οἷσί	oi(=si/	ὅς	o(/s	urn:cite2:hmt:lsj.chicago_md:n75512	p-p---nd-
οἷσί	oi(=si/	ὅς	o(/s	urn:cite2:hmt:lsj.chicago_md:n75513	p-p---nd-
οὐ	ou)	οὐ	ou)	urn:cite2:hmt:lsj.chicago_md:n75730	d--------
οὐδείς	ou)dei/s	οὐδείς	ou)dei/s	urn:cite2:hmt:lsj.chicago_md:n75765	n-s---mn-
οὐδείς	ou)dei/s	οὐδείς	ou)dei/s	urn:cite2:hmt:lsj.chicago_md:n75765	n-s---mv-
οὐδέ	ou)de/	οὐδέ	ou)de/	urn:cite2:hmt:lsj.chicago_md:n75764	g--------
οὐδέ	ou)de/	οὐδόσ1	ou)do/s	urn:cite2:hmt:lsj.chicago_md:n75787	n-s---mv-
οὐδέ	ou)de/	οὐδόσ1	ou)do/s	urn:cite2:hmt:lsj.chicago_md:n75788	n-s---mv-
οὐδέ	ou)de/	οὐδόσ2	ou)do/s	urn:cite2:hmt:lsj.chicago_md:n75787	n-s---fv-
οὐδέ	ou)de/	οὐδόσ2	ou)do/s	urn:cite2:hmt:lsj.chicago_md:n75788	n-s---fv-
οὐδέν	ou)de/n	οὐδείς	ou)dei/s	urn:cite2:hmt:lsj.chicago_md:n75765	n-s---nn-
οὐδέν	ou)de/n	οὐδείς	ou)dei/s	urn:cite2:hmt:lsj.chicago_md:n75765	n-s---nv-
οὐδέν	ou)de/n	οὐδείς	ou)dei/s	urn:cite2:hmt:lsj.chicago_md:n75765	n-s---na-
οὐκ	ou)k	οὐ	ou)	urn:cite2:hmt:lsj.chicago_md:n75730	d--------
οὐκοῦν	ou)kou=n	οὐκοῦν	ou)kou=n	urn:cite2:hmt:lsj.chicago_md:n75811	d--------
οὐκέτι	ou)ke/ti	οὐκέτι	ou)ke/ti	urn:cite2:hmt:lsj.chicago_md:n75808	d--------
οὐπώποτ’	ou)pw/pot'	οὐπώποτε	ou)pw/pote	urn:cite2:hmt:lsj.chicago_md:n75908	d--------
οὐρανοῦ	ou)ranou=	οὐρανός	ou)rano/s	urn:cite2:hmt:lsj.chicago_md:n75954	n-s---mg-
οὐρανοῦ	ou)ranou=	οὐρανόω	ou)rano/w	urn:cite2:hmt:lsj.chicago_md:n75965	v2siie---
οὐρανοῦ	ou)ranou=	οὐρανόω	ou)rano/w	urn:cite2:hmt:lsj.chicago_md:n75965	v2spme---
οὐρανοῦ	ou)ranou=	οὐρανόω	ou)rano/w	urn:cite2:hmt:lsj.chicago_md:n75965	v2siie---
οὐρανόν	ou)rano/n	οὐρανός	ou)rano/s	urn:cite2:hmt:lsj.chicago_md:n75954	n-s---ma-
οὐραῖα	ou)rai=a	οὐραῖος	ou)rai=os	urn:cite2:hmt:lsj.chicago_md:n75917	a-p---nn-
οὐραῖα	ou)rai=a	οὐραῖος	ou)rai=os	urn:cite2:hmt:lsj.chicago_md:n75918	a-p---nn-
οὐραῖα	ou)rai=a	οὐραῖος	ou)rai=os	urn:cite2:hmt:lsj.chicago_md:n75917	a-p---nv-
οὐραῖα	ou)rai=a	οὐραῖος	ou)rai=os	urn:cite2:hmt:lsj.chicago_md:n75918	a-p---nv-
οὐραῖα	ou)rai=a	οὐραῖος	ou)rai=os	urn:cite2:hmt:lsj.chicago_md:n75917	a-p---na-
οὐραῖα	ou)rai=a	οὐραῖος	ou)rai=os	urn:cite2:hmt:lsj.chicago_md:n75918	a-p---na-
οὐράνιόν	ou)ra/nio/n	οὐράνιος	ou)ra/nios	urn:cite2:hmt:lsj.chicago_md:n75926	a-s---ma-
οὐράνιόν	ou)ra/nio/n	οὐράνιος	ou)ra/nios	urn:cite2:hmt:lsj.chicago_md:n75926	a-s---nn-
οὐράνιόν	ou)ra/nio/n	οὐράνιος	ou)ra/nios	urn:cite2:hmt:lsj.chicago_md:n75926	a-s---nv-
οὐράνιόν	ou)ra/nio/n	οὐράνιος	ou)ra/nios	urn:cite2:hmt:lsj.chicago_md:n75926	a-s---na-
οὐράνιόν	ou)ra/nio/n	οὐράνιος	ou)ra/nios	urn:cite2:hmt:lsj.chicago_md:n75926	n-s---ma-
οὐράνιόν	ou)ra/nio/n	οὐράνιος	ou)ra/nios	urn:cite2:hmt:lsj.chicago_md:n75926	n-s---fa-
οὐράνιόν	ou)ra/nio/n	οὐράνιος	ou)ra/nios	urn:cite2:hmt:lsj.chicago_md:n75926	n-s---nn-
οὐράνιόν	ou)ra/nio/n	οὐράνιος	ou)ra/nios	urn:cite2:hmt:lsj.chicago_md:n75926	n-s---nv-
οὐράνιόν	ou)ra/nio/n	οὐράνιος	ou)ra/nios	urn:cite2:hmt:lsj.chicago_md:n75926	n-s---na-
οὐσίαν	ou)si/an	οὐσία	ou)si/a	urn:cite2:hmt:lsj.chicago_md:n76029	n-s---fa-
οὐχ	ou)x	οὐ	ou)	urn:cite2:hmt:lsj.chicago_md:n75730	d--------
οὐχί	ou)xi/	οὐ	ou)	urn:cite2:hmt:lsj.chicago_md:n75730	d--------
οὑπιών	ou(piw/n	ἔπειμι1	e)/peimi	urn:cite2:hmt:lsj.chicago_md:n38487	v-sppamn-
οὑπιών	ou(piw/n	ἔπειμι1	e)/peimi	urn:cite2:hmt:lsj.chicago_md:n38488	v-sppamn-
οὑπιών	ou(piw/n	ἔπειμι1	e)/peimi	urn:cite2:hmt:lsj.chicago_md:n38487	v-sppamn-
οὑπιών	ou(piw/n	ἔπειμι1	e)/peimi	urn:cite2:hmt:lsj.chicago_md:n38488	v-sppamn-
οὑπιών	ou(piw/n	ἔπειμι2	e)/peimi	urn:cite2:hmt:lsj.chicago_md:n38487	v-sppamn-
οὑπιών	ou(piw/n	ἔπειμι2	e)/peimi	urn:cite2:hmt:lsj.chicago_md:n38488	v-sppamn-
οὑπιών	ou(piw/n	ὕπειμι1	u(/peimi	urn:cite2:hmt:lsj.chicago_md:n107035	v-sppamn-
οὑπιών	ou(piw/n	ὕπειμι1	u(/peimi	urn:cite2:hmt:lsj.chicago_md:n107036	v-sppamn-
οὑπιών	ou(piw/n	ὕπειμι2	u(/peimi	urn:cite2:hmt:lsj.chicago_md:n107035	v-sppamn-
οὑπιών	ou(piw/n	ὕπειμι2	u(/peimi	urn:cite2:hmt:lsj.chicago_md:n107036	v-sppamn-
οὔ	ou)/	οὐ	ou)	urn:cite2:hmt:lsj.chicago_md:n75730	d--------
οὔθ’	ou)/q'	οὔτε	ou)/te	urn:cite2:hmt:lsj.chicago_md:n76050	d--------
οὔθ’	ou)/q'	οὔτις	ou)/tis	urn:cite2:hmt:lsj.chicago_md:n76059	n-s---nn-
οὔθ’	ou)/q'	οὔτις	ou)/tis	urn:cite2:hmt:lsj.chicago_md:n76059	n-s---nv-
οὔθ’	ou)/q'	οὔτις	ou)/tis	urn:cite2:hmt:lsj.chicago_md:n76059	n-s---na-
οὔκ	ou)/k	οὐ	ou)	urn:cite2:hmt:lsj.chicago_md:n75730	d--------
οὔκουν	ou)/koun	οὔκουν	ou)/koun	urn:cite2:hmt:lsj.chicago_md:n75810	d--------
οὔποθ’	ou)/poq'	οὔποτε	ou)/pote	urn:cite2:hmt:lsj.chicago_md:n75903	d--------
οὔποτ’	ou)/pot'	οὔποτε	ou)/pote	urn:cite2:hmt:lsj.chicago_md:n75903	d--------
οὔπω	ou)/pw	οὔπω	ou)/pw	urn:cite2:hmt:lsj.chicago_md:n75907	d--------
οὔτε	ou)/te	οὔτε	ou)/te	urn:cite2:hmt:lsj.chicago_md:n76050	d--------
οὔτι	ou)/ti	οὔτις	ou)/tis	urn:cite2:hmt:lsj.chicago_md:n76059	n-s---nn-
οὔτι	ou)/ti	οὔτις	ou)/tis	urn:cite2:hmt:lsj.chicago_md:n76059	n-s---nv-
οὔτι	ou)/ti	οὔτις	ou)/tis	urn:cite2:hmt:lsj.chicago_md:n76059	n-s---na-
οὔτις	ou)/tis	οὔτις	ou)/tis	urn:cite2:hmt:lsj.chicago_md:n76059	n-s---mn-
οὔτις	ou)/tis	οὔτις	ou)/tis	urn:cite2:hmt:lsj.chicago_md:n76059	n-s---fn-
οὔτοι	ou)/toi	οὔτοι	ou)/toi	urn:cite2:hmt:lsj.chicago_md:n76061	d--------
οὔτ’	ou)/t'	οὔτε	ou)/te	urn:cite2:hmt:lsj.chicago_md:n76050	d--------
οὔτ’	ou)/t'	οὔτις	ou)/tis	urn:cite2:hmt:lsj.chicago_md:n76059	n-s---nn-
οὔτ’	ou)/t'	οὔτις	ou)/tis	urn:cite2:hmt:lsj.chicago_md:n76059	n-s---nv-
οὔτ’	ou)/t'	οὔτις	ou)/tis	urn:cite2:hmt:lsj.chicago_md:n76059	n-s---na-
οὕνεκα	ou(/neka	οὕνεκα	ou(/neka	urn:cite2:hmt:lsj.chicago_md:n75890	c--------
οὕνεκ’	ou(/nek'	οὕνεκα	ou(/neka	urn:cite2:hmt:lsj.chicago_md:n75890	c--------
οὕς	ou(/s	ὅς	o(/s	urn:cite2:hmt:lsj.chicago_md:n75512	p-p---ma-
οὕς	ou(/s	ὅς	o(/s	urn:cite2:hmt:lsj.chicago_md:n75513	p-p---ma-
οὕτω	ou(/tw	οὕτως	ou(/tws	urn:cite2:hmt:lsj.chicago_md:n76063	d--------
οὕτως	ou(/tws	οὕτως	ou(/tws	urn:cite2:hmt:lsj.chicago_md:n76063	d--------
οὖν	ou)=n	οὖν	ou)=n	urn:cite2:hmt:lsj.chicago_md:n75887	g--------
οὖρος	ou)=ros	ὅρος	o(/ros	urn:cite2:hmt:lsj.chicago_md:n75308	n-s---mn-
οὖρος	ou)=ros	ὄρος	o)/ros	urn:cite2:hmt:lsj.chicago_md:n75306	n-s---nn-
οὖρος	ou)=ros	ὄρος	o)/ros	urn:cite2:hmt:lsj.chicago_md:n75306	n-s---nv-
οὖρος	ou)=ros	ὄρος	o)/ros	urn:cite2:hmt:lsj.chicago_md:n75306	n-s---na-
οὖρος	ou)=ros	οὖροσ1	ou)=ros	urn:cite2:hmt:lsj.chicago_md:n76020	n-s---mn-
οὖρος	ou)=ros	οὖροσ1	ou)=ros	urn:cite2:hmt:lsj.chicago_md:n76021	n-s---mn-
οὖρος	ou)=ros	οὖροσ1	ou)=ros	urn:cite2:hmt:lsj.chicago_md:n76021a	n-s---mn-
οὖρος	ou)=ros	οὖροσ1	ou)=ros	urn:cite2:hmt:lsj.chicago_md:n76021b	n-s---mn-
οὖρος	ou)=ros	οὖροσ1	ou)=ros	urn:cite2:hmt:lsj.chicago_md:n76022	n-s---mn-
οὖρος	ou)=ros	οὖροσ1	ou)=ros	urn:cite2:hmt:lsj.chicago_md:n76023	n-s---mn-
οὖρος	ou)=ros	οὖροσ2	ou)=ros	urn:cite2:hmt:lsj.chicago_md:n76020	n-s---mn-
οὖρος	ou)=ros	οὖροσ2	ou)=ros	urn:cite2:hmt:lsj.chicago_md:n76021	n-s---mn-
οὖρος	ou)=ros	οὖροσ2	ou)=ros	urn:cite2:hmt:lsj.chicago_md:n76021a	n-s---mn-
οὖρος	ou)=ros	οὖροσ2	ou)=ros	urn:cite2:hmt:lsj.chicago_md:n76021b	n-s---mn-
οὖρος	ou)=ros	οὖροσ2	ou)=ros	urn:cite2:hmt:lsj.chicago_md:n76022	n-s---mn-
οὖρος	ou)=ros	οὖροσ2	ou)=ros	urn:cite2:hmt:lsj.chicago_md:n76023	n-s---mn-
οὖρος	ou)=ros	οὖροσ3	ou)=ros	urn:cite2:hmt:lsj.chicago_md:n76020	n-s---mn-
οὖρος	ou)=ros	οὖροσ3	ou)=ros	urn:cite2:hmt:lsj.chicago_md:n76021	n-s---mn-
οὖρος	ou)=ros	οὖροσ3	ou)=ros	urn:cite2:hmt:lsj.chicago_md:n76021a	n-s---mn-
οὖρος	ou)=ros	οὖροσ3	ou)=ros	urn:cite2:hmt:lsj.chicago_md:n76021b	n-s---mn-
οὖρος	ou)=ros	οὖροσ3	ou)=ros	urn:cite2:hmt:lsj.chicago_md:n76022	n-s---mn-
οὖρος	ou)=ros	οὖροσ3	ou)=ros	urn:cite2:hmt:lsj.chicago_md:n76023	n-s---mn-
οὖρος	ou)=ros	οὖροσ4	ou)=ros	urn:cite2:hmt:lsj.chicago_md:n76020	n-s---mn-
οὖρος	ou)=ros	οὖροσ4	ou)=ros	urn:cite2:hmt:lsj.chicago_md:n76021	n-s---mn-
οὖρος	ou)=ros	οὖροσ4	ou)=ros	urn:cite2:hmt:lsj.chicago_md:n76021a	n-s---mn-
οὖρος	ou)=ros	οὖροσ4	ou)=ros	urn:cite2:hmt:lsj.chicago_md:n76021b	n-s---mn-
οὖρος	ou)=ros	οὖροσ4	ou)=ros	urn:cite2:hmt:lsj.chicago_md:n76022	n-s---mn-
οὖρος	ou)=ros	οὖροσ4	ou)=ros	urn:cite2:hmt:lsj.chicago_md:n76023	n-s---mn-
οὖς	ou)=s	οὖς	ou)=s	urn:cite2:hmt:lsj.chicago_md:n76028	n-s---nn-
οὖς	ou)=s	οὖς	ou)=s	urn:cite2:hmt:lsj.chicago_md:n76028	n-s---nv-
οὖς	ou)=s	οὖς	ou)=s	urn:cite2:hmt:lsj.chicago_md:n76028	n-s---na-
οὖσα	ou)=sa	εἰμί	ei)mi/	urn:cite2:hmt:lsj.chicago_md:n31130	v-sppafn-
οὖσα	ou)=sa	εἰμί	ei)mi/	urn:cite2:hmt:lsj.chicago_md:n31130	v-sppafv-
οὖσα	ou)=sa	οὖσον	ou)=son	urn:cite2:hmt:lsj.chicago_md:n76045	n-p---nn-
οὖσα	ou)=sa	οὖσον	ou)=son	urn:cite2:hmt:lsj.chicago_md:n76045	n-p---nv-
οὖσα	ou)=sa	οὖσον	ou)=son	urn:cite2:hmt:lsj.chicago_md:n76045	n-p---na-
οὖσαν	ou)=san	εἰμί	ei)mi/	urn:cite2:hmt:lsj.chicago_md:n31130	v-sppafa-
οὖσά	ou)=sa/	εἰμί	ei)mi/	urn:cite2:hmt:lsj.chicago_md:n31130	v-sppafn-
οὖσά	ou)=sa/	εἰμί	ei)mi/	urn:cite2:hmt:lsj.chicago_md:n31130	v-sppafv-
οὖσά	ou)=sa/	οὖσον	ou)=son	urn:cite2:hmt:lsj.chicago_md:n76045	n-p---nn-
οὖσά	ou)=sa/	οὖσον	ou)=son	urn:cite2:hmt:lsj.chicago_md:n76045	n-p---nv-
οὖσά	ou)=sa/	οὖσον	ou)=son	urn:cite2:hmt:lsj.chicago_md:n76045	n-p---na-
οὖσ’	ou)=s'	εἰμί	ei)mi/	urn:cite2:hmt:lsj.chicago_md:n31130	v-sppafn-
οὖσ’	ou)=s'	εἰμί	ei)mi/	urn:cite2:hmt:lsj.chicago_md:n31130	v-sppafv-
οὖσ’	ou)=s'	εἰμί	ei)mi/	urn:cite2:hmt:lsj.chicago_md:n31130	v-pppamd-
οὖσ’	ou)=s'	εἰμί	ei)mi/	urn:cite2:hmt:lsj.chicago_md:n31130	v-pppand-
οὖσ’	ou)=s'	εἰμί	ei)mi/	urn:cite2:hmt:lsj.chicago_md:n31130	v-pppafn-
οὖσ’	ou)=s'	εἰμί	ei)mi/	urn:cite2:hmt:lsj.chicago_md:n31130	v-pppafv-
οὖσ’	ou)=s'	οὖσον	ou)=son	urn:cite2:hmt:lsj.chicago_md:n76045	n-p---nn-
οὖσ’	ou)=s'	οὖσον	ou)=son	urn:cite2:hmt:lsj.chicago_md:n76045	n-p---nv-
οὖσ’	ou)=s'	οὖσον	ou)=son	urn:cite2:hmt:lsj.chicago_md:n76045	n-p---na-
οὗ	ou(=	ἕ	e(/	urn:cite2:hmt:lsj.chicago_md:n29856	n-s---mg-
οὗ	ou(=	ἕ	e(/	urn:cite2:hmt:lsj.chicago_md:n29856	n-s---fg-
οὗ	ou(=	ἵημι	i(/hmi	urn:cite2:hmt:lsj.chicago_md:n50165	v--amm---
οὗ	ou(=	ὅς	o(/s	urn:cite2:hmt:lsj.chicago_md:n75512	p-s---mg-
οὗ	ou(=	ὅς	o(/s	urn:cite2:hmt:lsj.chicago_md:n75513	p-s---mg-
οὗ	ou(=	ὅς	o(/s	urn:cite2:hmt:lsj.chicago_md:n75512	p-s---ng-
οὗ	ou(=	ὅς	o(/s	urn:cite2:hmt:lsj.chicago_md:n75513	p-s---ng-
οὗ	ou(=	οὗ	ou(=	urn:cite2:hmt:lsj.chicago_md:n75731	d--------
οὗ	ou(=	οὗ	ou(=	urn:cite2:hmt:lsj.chicago_md:n75732	d--------
οὗπερ	ou(=per	οὗπερ	ou(=per	urn:cite2:hmt:lsj.chicago_md:n75898	d--------
οὗπέρ	ou(=pe/r	οὗπερ	ou(=per	urn:cite2:hmt:lsj.chicago_md:n75898	d--------
οὗτος	ou(=tos	οὗτος	ou(=tos	urn:cite2:hmt:lsj.chicago_md:n76062	n-s---mn-
οὗτος	ou(=tos	οὗτος	ou(=tos	urn:cite2:hmt:lsj.chicago_md:n76062	n-s---mv-
οὗτός	ou(=to/s	οὗτος	ou(=tos	urn:cite2:hmt:lsj.chicago_md:n76062	n-s---mn-
οὗτός	ou(=to/s	οὗτος	ou(=tos	urn:cite2:hmt:lsj.chicago_md:n76062	n-s---mv-
παγαῖς	pagai=s	πηγή	phgh/	urn:cite2:hmt:lsj.chicago_md:n82881	n-p---fd-
παγκληρίαν	pagklhri/an	παγκληρία	pagklhri/a	urn:cite2:hmt:lsj.chicago_md:n76458	n-s---fa-
παγκλήρους	pagklh/rous	πάγκληρος	pa/gklhros	urn:cite2:hmt:lsj.chicago_md:n76459	n-p---ma-
παγκλήρους	pagklh/rous	πάγκληρος	pa/gklhros	urn:cite2:hmt:lsj.chicago_md:n76459	n-p---fa-
παγχρύσῳ	pagxru/sw|	παγχρύσεος	pagxru/seos	urn:cite2:hmt:lsj.chicago_md:n76500	n-s---md-
παγχρύσῳ	pagxru/sw|	παγχρύσεος	pagxru/seos	urn:cite2:hmt:lsj.chicago_md:n76500	n-s---fd-
παγχρύσῳ	pagxru/sw|	παγχρύσεος	pagxru/seos	urn:cite2:hmt:lsj.chicago_md:n76500	n-s---nd-
παγάν	paga/n	πηγή	phgh/	urn:cite2:hmt:lsj.chicago_md:n82881	n-s---fa-
παγᾶν	paga=n	πάγη	pa/gh	urn:cite2:hmt:lsj.chicago_md:n76431	n-p---fg-
παγᾶν	paga=n	πηγή	phgh/	urn:cite2:hmt:lsj.chicago_md:n82881	n-p---fg-
παθεῖν	paqei=n	πάσχω	pa/sxw	urn:cite2:hmt:lsj.chicago_md:n79983	v--ana---
παθοῦσα	paqou=sa	πάσχω	pa/sxw	urn:cite2:hmt:lsj.chicago_md:n79983	v-sapafn-
παθοῦσα	paqou=sa	πάσχω	pa/sxw	urn:cite2:hmt:lsj.chicago_md:n79983	v-sapafv-
παιδαγώγ’	paidagw/g'	παιδαγωγός	paidagwgo/s	urn:cite2:hmt:lsj.chicago_md:n76557	n-s---mv-
παιδεύεται	paideu/etai	παιδεύω	paideu/w	urn:cite2:hmt:lsj.chicago_md:n76586	v3spie---
παιδούργει	paidou/rgei	παιδουργέω	paidourge/w	urn:cite2:hmt:lsj.chicago_md:n76663	v2spma---
παιδούργει	paidou/rgei	παιδουργέω	paidourge/w	urn:cite2:hmt:lsj.chicago_md:n76663	v3siia---
παιδί	paidi/	παῖς	pai=s	urn:cite2:hmt:lsj.chicago_md:n76703	n-s---md-
παιδί	paidi/	παῖς	pai=s	urn:cite2:hmt:lsj.chicago_md:n76703	n-s---fd-
παιδός	paido/s	παῖς	pai=s	urn:cite2:hmt:lsj.chicago_md:n76703	n-s---mg-
παιδός	paido/s	παῖς	pai=s	urn:cite2:hmt:lsj.chicago_md:n76703	n-s---fg-
παισίν	paisi/n	παῖς	pai=s	urn:cite2:hmt:lsj.chicago_md:n76703	n-p---md-
παισίν	paisi/n	παῖς	pai=s	urn:cite2:hmt:lsj.chicago_md:n76703	n-p---fd-
παιᾶνας	paia=nas	Παιάν	*paia/n	urn:cite2:hmt:lsj.chicago_md:n76532	n-p---ma-
παλαιούς	palaiou/s	παλαιός	palaio/s	urn:cite2:hmt:lsj.chicago_md:n76765	a-p---ma-
παλαιάν	palaia/n	παλαιός	palaio/s	urn:cite2:hmt:lsj.chicago_md:n76765	a-s---fa-
παλαιόν	palaio/n	παλαιός	palaio/s	urn:cite2:hmt:lsj.chicago_md:n76765	a-s---ma-
παλαιόν	palaio/n	παλαιός	palaio/s	urn:cite2:hmt:lsj.chicago_md:n76765	a-s---nn-
παλαιόν	palaio/n	παλαιός	palaio/s	urn:cite2:hmt:lsj.chicago_md:n76765	a-s---nv-
παλαιόν	palaio/n	παλαιός	palaio/s	urn:cite2:hmt:lsj.chicago_md:n76765	a-s---na-
παλίμφαμος	pali/mfamos	παλίμφημος	pali/mfhmos	urn:cite2:hmt:lsj.chicago_md:n76904	n-s---mn-
παλίμφαμος	pali/mfamos	παλίμφημος	pali/mfhmos	urn:cite2:hmt:lsj.chicago_md:n76904	n-s---fn-
παμπησία	pamphsi/a	παμπησία	pamphsi/a	urn:cite2:hmt:lsj.chicago_md:n77106	n-d---fn-
παμπησία	pamphsi/a	παμπησία	pamphsi/a	urn:cite2:hmt:lsj.chicago_md:n77106	n-d---fv-
παμπησία	pamphsi/a	παμπησία	pamphsi/a	urn:cite2:hmt:lsj.chicago_md:n77106	n-d---fa-
παμπησία	pamphsi/a	παμπησία	pamphsi/a	urn:cite2:hmt:lsj.chicago_md:n77106	n-s---fn-
παμπησία	pamphsi/a	παμπησία	pamphsi/a	urn:cite2:hmt:lsj.chicago_md:n77106	n-s---fv-
παναμέριος	paname/rios	πανημέριος	panhme/rios	urn:cite2:hmt:lsj.chicago_md:n77421	a-s---mn-
πανοῖς	panoi=s	πανός	pano/s	urn:cite2:hmt:lsj.chicago_md:n77514	n-p---md-
πανοῖς	panoi=s	πανός	pano/s	urn:cite2:hmt:lsj.chicago_md:n77515	n-p---md-
πανοῦργον	panou=rgon	πανοῦργος	panou=rgos	urn:cite2:hmt:lsj.chicago_md:n77528	n-s---ma-
πανοῦργον	panou=rgon	πανοῦργος	panou=rgos	urn:cite2:hmt:lsj.chicago_md:n77528	n-s---fa-
πανοῦργον	panou=rgon	πανοῦργος	panou=rgos	urn:cite2:hmt:lsj.chicago_md:n77528	n-s---nn-
πανοῦργον	panou=rgon	πανοῦργος	panou=rgos	urn:cite2:hmt:lsj.chicago_md:n77528	n-s---nv-
πανοῦργον	panou=rgon	πανοῦργος	panou=rgos	urn:cite2:hmt:lsj.chicago_md:n77528	n-s---na-
πανσέληνος	panse/lhnos	πανσέληνος	panse/lhnos	urn:cite2:hmt:lsj.chicago_md:n77541	n-s---mn-
πανσέληνος	panse/lhnos	πανσέληνος	panse/lhnos	urn:cite2:hmt:lsj.chicago_md:n77541	n-s---fn-
πανταχῇ	pantaxh=|	πανταχῆ	pantaxh=	urn:cite2:hmt:lsj.chicago_md:n77591	d--------
πανόν	pano/n	πανός	pano/s	urn:cite2:hmt:lsj.chicago_md:n77514	n-s---ma-
πανόν	pano/n	πανός	pano/s	urn:cite2:hmt:lsj.chicago_md:n77515	n-s---ma-
παραβαίνομεν	parabai/nomen	παραβαίνω	parabai/nw	urn:cite2:hmt:lsj.chicago_md:n77764	v1ppia---
παραβαίνομεν	parabai/nomen	παραβαίνω	parabai/nw	urn:cite2:hmt:lsj.chicago_md:n77764	v1piia---
παραβλέπων	parable/pwn	παραβλέπω	parable/pw	urn:cite2:hmt:lsj.chicago_md:n77799	v-sppamn-
παραζεύξασα	parazeu/casa	παραζεύγνυμι	parazeu/gnumi	urn:cite2:hmt:lsj.chicago_md:n77976	v-sapafn-
παραζεύξασα	parazeu/casa	παραζεύγνυμι	parazeu/gnumi	urn:cite2:hmt:lsj.chicago_md:n77976	v-sapafv-
παραλαβών	paralabw/n	παραλαμβάνω	paralamba/nw	urn:cite2:hmt:lsj.chicago_md:n78297	v-sapamn-
παραλίας	parali/as	παράλιος	para/lios	urn:cite2:hmt:lsj.chicago_md:n78332	a-p---fa-
παραλίας	parali/as	παράλιος	para/lios	urn:cite2:hmt:lsj.chicago_md:n78332	a-s---fg-
παρασπίζουσαν	paraspi/zousan	παρασπίζω	paraspi/zw	urn:cite2:hmt:lsj.chicago_md:n78785	v-sppafa-
παρασπίζουσαν	paraspi/zousan	παρασπίζω	paraspi/zw	urn:cite2:hmt:lsj.chicago_md:n78785	v-sppafa-
παραστῶ	parastw=	παραστάζω	parasta/zw	urn:cite2:hmt:lsj.chicago_md:n78797	v1sfia---
παραστῶ	parastw=	παρίστημι	pari/sthmi	urn:cite2:hmt:lsj.chicago_md:n79634	v1sasa---
παρατροπά	paratropa/	παρατροπή	paratroph/	urn:cite2:hmt:lsj.chicago_md:n78963	n-d---fn-
παρατροπά	paratropa/	παρατροπή	paratroph/	urn:cite2:hmt:lsj.chicago_md:n78963	n-d---fv-
παρατροπά	paratropa/	παρατροπή	paratroph/	urn:cite2:hmt:lsj.chicago_md:n78963	n-d---fa-
παρατροπά	paratropa/	παρατροπή	paratroph/	urn:cite2:hmt:lsj.chicago_md:n78963	n-s---fn-
παρατροπά	paratropa/	παρατροπή	paratroph/	urn:cite2:hmt:lsj.chicago_md:n78963	n-s---fv-
παραυλίζουσα	parauli/zousa	παραυλίζω	parauli/zw	urn:cite2:hmt:lsj.chicago_md:n78989	v-sppafn-
παραυλίζουσα	parauli/zousa	παραυλίζω	parauli/zw	urn:cite2:hmt:lsj.chicago_md:n78989	v-sppafv-
παραυλίζουσα	parauli/zousa	παραυλίζω	parauli/zw	urn:cite2:hmt:lsj.chicago_md:n78989	v-sppafn-
παραυλίζουσα	parauli/zousa	παραυλίζω	parauli/zw	urn:cite2:hmt:lsj.chicago_md:n78989	v-sppafv-
παρελθών	parelqw/n	παρέρχομαι	pare/rxomai	urn:cite2:hmt:lsj.chicago_md:n79484	v-sapamn-
παρεστώτων	parestw/twn	παρίστημι	pari/sthmi	urn:cite2:hmt:lsj.chicago_md:n79634	v-prpamg-
παρεστώτων	parestw/twn	παρίστημι	pari/sthmi	urn:cite2:hmt:lsj.chicago_md:n79634	v-prpang-
παρεῖσα	parei=sa	παρέζομαι	pare/zomai	urn:cite2:hmt:lsj.chicago_md:n79212	v1saia---
παρεῖσα	parei=sa	παρίημι	pari/hmi	urn:cite2:hmt:lsj.chicago_md:n79615	v-sapafn-
παρεῖσα	parei=sa	παρίημι	pari/hmi	urn:cite2:hmt:lsj.chicago_md:n79615	v-sapafv-
παρεῖσα	parei=sa	παρίζω	pari/zw	urn:cite2:hmt:lsj.chicago_md:n79614	v1saia---
παρεῖσα	parei=sa	πείρω	pei/rw	urn:cite2:hmt:lsj.chicago_md:n80362	v-sappfn-
παρεῖσα	parei=sa	πείρω	pei/rw	urn:cite2:hmt:lsj.chicago_md:n80362	v-sappfv-
παρεῖχε	parei=xe	παρέχω	pare/xw	urn:cite2:hmt:lsj.chicago_md:n79526	v3siia---
παρηίδα	parhi/da	παρηίς	parhi/s	urn:cite2:hmt:lsj.chicago_md:n79547	n-s---fa-
παρηίδα	parhi/da	παρηίς	parhi/s	urn:cite2:hmt:lsj.chicago_md:n79547	n-s---fa-
παρηίδας	parhi/das	παρηίς	parhi/s	urn:cite2:hmt:lsj.chicago_md:n79547	n-p---fa-
παρηίδας	parhi/das	παρηίς	parhi/s	urn:cite2:hmt:lsj.chicago_md:n79547	n-p---fa-
παρθένευμα	parqe/neuma	παρθένευμα	parqe/neuma	urn:cite2:hmt:lsj.chicago_md:n79575	n-s---nn-
παρθένευμα	parqe/neuma	παρθένευμα	parqe/neuma	urn:cite2:hmt:lsj.chicago_md:n79575	n-s---nv-
παρθένευμα	parqe/neuma	παρθένευμα	parqe/neuma	urn:cite2:hmt:lsj.chicago_md:n79575	n-s---na-
παρθένευμ’	parqe/neum'	παρθένευμα	parqe/neuma	urn:cite2:hmt:lsj.chicago_md:n79575	n-s---nn-
παρθένευμ’	parqe/neum'	παρθένευμα	parqe/neuma	urn:cite2:hmt:lsj.chicago_md:n79575	n-s---nv-
παρθένευμ’	parqe/neum'	παρθένευμα	parqe/neuma	urn:cite2:hmt:lsj.chicago_md:n79575	n-s---na-
παρθένια	parqe/nia	παρθένια	parqe/nia	urn:cite2:hmt:lsj.chicago_md:n79582	n-p---nn-
παρθένια	parqe/nia	παρθένια	parqe/nia	urn:cite2:hmt:lsj.chicago_md:n79582	n-p---nv-
παρθένια	parqe/nia	παρθένια	parqe/nia	urn:cite2:hmt:lsj.chicago_md:n79582	n-p---na-
παρθένια	parqe/nia	παρθένιον	parqe/nion	urn:cite2:hmt:lsj.chicago_md:n79587	n-p---nn-
παρθένια	parqe/nia	παρθένιον	parqe/nion	urn:cite2:hmt:lsj.chicago_md:n79587	n-p---nv-
παρθένια	parqe/nia	παρθένιον	parqe/nion	urn:cite2:hmt:lsj.chicago_md:n79587	n-p---na-
παρθένια	parqe/nia	παρθένιος	parqe/nios	urn:cite2:hmt:lsj.chicago_md:n79588	a-p---nn-
παρθένια	parqe/nia	παρθένιος	parqe/nios	urn:cite2:hmt:lsj.chicago_md:n79588	a-p---nv-
παρθένια	parqe/nia	παρθένιος	parqe/nios	urn:cite2:hmt:lsj.chicago_md:n79588	a-p---na-
παρθένια	parqe/nia	παρθένιος	parqe/nios	urn:cite2:hmt:lsj.chicago_md:n79588	n-p---nn-
παρθένια	parqe/nia	παρθένιος	parqe/nios	urn:cite2:hmt:lsj.chicago_md:n79588	n-p---nv-
παρθένια	parqe/nia	παρθένιος	parqe/nios	urn:cite2:hmt:lsj.chicago_md:n79588	n-p---na-
παρθένοι	parqe/noi	παρθένος	parqe/nos	urn:cite2:hmt:lsj.chicago_md:n79595	n-p---fn-
παρθένοι	parqe/noi	παρθένος	parqe/nos	urn:cite2:hmt:lsj.chicago_md:n79572	n-p---fn-
παρθένοι	parqe/noi	παρθένος	parqe/nos	urn:cite2:hmt:lsj.chicago_md:n79595	n-p---fv-
παρθένοι	parqe/noi	παρθένος	parqe/nos	urn:cite2:hmt:lsj.chicago_md:n79572	n-p---fv-
παρθένοις	parqe/nois	παρθένος	parqe/nos	urn:cite2:hmt:lsj.chicago_md:n79595	n-p---fd-
παρθένοις	parqe/nois	παρθένος	parqe/nos	urn:cite2:hmt:lsj.chicago_md:n79572	n-p---fd-
παρθένος	parqe/nos	παρθένος	parqe/nos	urn:cite2:hmt:lsj.chicago_md:n79595	n-s---fn-
παρθένος	parqe/nos	παρθένος	parqe/nos	urn:cite2:hmt:lsj.chicago_md:n79572	n-s---fn-
παρθένους	parqe/nous	παρθένος	parqe/nos	urn:cite2:hmt:lsj.chicago_md:n79595	n-p---fa-
παρθένους	parqe/nous	παρθένος	parqe/nos	urn:cite2:hmt:lsj.chicago_md:n79572	n-p---fa-
παρθένων	parqe/nwn	παρθένος	parqe/nos	urn:cite2:hmt:lsj.chicago_md:n79595	n-p---fg-
παρθένων	parqe/nwn	παρθένος	parqe/nos	urn:cite2:hmt:lsj.chicago_md:n79572	n-p---fg-
παρούσας	parou/sas	πάρειμι1	pa/reimi	urn:cite2:hmt:lsj.chicago_md:n79223	v-pppafa-
παρούσας	parou/sas	πάρειμι1	pa/reimi	urn:cite2:hmt:lsj.chicago_md:n79224	v-pppafa-
παρούσας	parou/sas	πάρειμι1	pa/reimi	urn:cite2:hmt:lsj.chicago_md:n79223	v-sppafg-
παρούσας	parou/sas	πάρειμι1	pa/reimi	urn:cite2:hmt:lsj.chicago_md:n79224	v-sppafg-
παρούσας	parou/sas	παρόω	paro/w	urn:cite2:hmt:lsj.chicago_md:n79825	v-pppafa-
παροῦσα	parou=sa	πάρειμι1	pa/reimi	urn:cite2:hmt:lsj.chicago_md:n79223	v-sppafn-
παροῦσα	parou=sa	πάρειμι1	pa/reimi	urn:cite2:hmt:lsj.chicago_md:n79224	v-sppafn-
παροῦσα	parou=sa	πάρειμι1	pa/reimi	urn:cite2:hmt:lsj.chicago_md:n79223	v-sppafv-
παροῦσα	parou=sa	πάρειμι1	pa/reimi	urn:cite2:hmt:lsj.chicago_md:n79224	v-sppafv-
παροῦσα	parou=sa	παρόω	paro/w	urn:cite2:hmt:lsj.chicago_md:n79825	v-sppafn-
παροῦσα	parou=sa	παρόω	paro/w	urn:cite2:hmt:lsj.chicago_md:n79825	v-sppafv-
παροῦσι	parou=si	πάρειμι1	pa/reimi	urn:cite2:hmt:lsj.chicago_md:n79223	v-pppamd-
παροῦσι	parou=si	πάρειμι1	pa/reimi	urn:cite2:hmt:lsj.chicago_md:n79224	v-pppamd-
παροῦσι	parou=si	πάρειμι1	pa/reimi	urn:cite2:hmt:lsj.chicago_md:n79223	v-pppand-
παροῦσι	parou=si	πάρειμι1	pa/reimi	urn:cite2:hmt:lsj.chicago_md:n79224	v-pppand-
παροῦσι	parou=si	παρόω	paro/w	urn:cite2:hmt:lsj.chicago_md:n79825	v-pppamd-
παροῦσι	parou=si	παρόω	paro/w	urn:cite2:hmt:lsj.chicago_md:n79825	v-pppand-
παροῦσι	parou=si	παρόω	paro/w	urn:cite2:hmt:lsj.chicago_md:n79825	v3ppia---
παροῦσι	parou=si	πείρω	pei/rw	urn:cite2:hmt:lsj.chicago_md:n80362	v3pasp---
παρρησία	parrhsi/a	παρρησία	parrhsi/a	urn:cite2:hmt:lsj.chicago_md:n79828	n-d---fn-
παρρησία	parrhsi/a	παρρησία	parrhsi/a	urn:cite2:hmt:lsj.chicago_md:n79828	n-d---fv-
παρρησία	parrhsi/a	παρρησία	parrhsi/a	urn:cite2:hmt:lsj.chicago_md:n79828	n-d---fa-
παρρησία	parrhsi/a	παρρησία	parrhsi/a	urn:cite2:hmt:lsj.chicago_md:n79828	n-s---fn-
παρρησία	parrhsi/a	παρρησία	parrhsi/a	urn:cite2:hmt:lsj.chicago_md:n79828	n-s---fv-
παρρησίαν	parrhsi/an	παρρησία	parrhsi/a	urn:cite2:hmt:lsj.chicago_md:n79828	n-s---fa-
παρά	para/	παρά	para/	urn:cite2:hmt:lsj.chicago_md:n77763	r--------
παρά	para/	πηρός	phro/s	urn:cite2:hmt:lsj.chicago_md:n83010	a-p---nn-
παρά	para/	πηρός	phro/s	urn:cite2:hmt:lsj.chicago_md:n83010	a-p---nv-
παρά	para/	πηρός	phro/s	urn:cite2:hmt:lsj.chicago_md:n83010	a-p---na-
παρά	para/	πηρός	phro/s	urn:cite2:hmt:lsj.chicago_md:n83010	a-d---fn-
παρά	para/	πηρός	phro/s	urn:cite2:hmt:lsj.chicago_md:n83010	a-d---fv-
παρά	para/	πηρός	phro/s	urn:cite2:hmt:lsj.chicago_md:n83010	a-d---fa-
παρά	para/	πηρός	phro/s	urn:cite2:hmt:lsj.chicago_md:n83010	a-s---fn-
παρά	para/	πηρός	phro/s	urn:cite2:hmt:lsj.chicago_md:n83010	a-s---fv-
παράλους	para/lous	πάραλος	pa/ralos	urn:cite2:hmt:lsj.chicago_md:n78365	n-p---ma-
παράλους	para/lous	πάραλος	pa/ralos	urn:cite2:hmt:lsj.chicago_md:n78365	n-p---fa-
παρέστη	pare/sth	παρίστημι	pari/sthmi	urn:cite2:hmt:lsj.chicago_md:n79634	v1slia---
παρέστη	pare/sth	παρίστημι	pari/sthmi	urn:cite2:hmt:lsj.chicago_md:n79634	v3saia---
παρών	parw/n	πάρειμι1	pa/reimi	urn:cite2:hmt:lsj.chicago_md:n79223	v-sppamn-
παρών	parw/n	πάρειμι1	pa/reimi	urn:cite2:hmt:lsj.chicago_md:n79224	v-sppamn-
παρών	parw/n	παρών	parw/n	urn:cite2:hmt:lsj.chicago_md:n79879	n-s---mn-
παρών	parw/n	παρών	parw/n	urn:cite2:hmt:lsj.chicago_md:n79879	n-s---mv-
παρῆ	parh=	πάρειμι1	pa/reimi	urn:cite2:hmt:lsj.chicago_md:n79223	v1siia---
παρῆ	parh=	πάρειμι1	pa/reimi	urn:cite2:hmt:lsj.chicago_md:n79224	v1siia---
παρῇς	parh=|s	πάρειμι1	pa/reimi	urn:cite2:hmt:lsj.chicago_md:n79223	v2spsa---
παρῇς	parh=|s	πάρειμι1	pa/reimi	urn:cite2:hmt:lsj.chicago_md:n79224	v2spsa---
παρῇς	parh=|s	παρίημι	pari/hmi	urn:cite2:hmt:lsj.chicago_md:n79615	v2sasa---
παρῇς	parh=|s	παρίημι	pari/hmi	urn:cite2:hmt:lsj.chicago_md:n79615	v2sasa---
παρῇς	parh=|s	πείρω	pei/rw	urn:cite2:hmt:lsj.chicago_md:n80362	v2sasp---
παρῇς	parh=|s	πηρός	phro/s	urn:cite2:hmt:lsj.chicago_md:n83010	a-p---fd-
πασῶν	pasw=n	πᾶς	pa=s	urn:cite2:hmt:lsj.chicago_md:n79904	n-p---fg-
πασῶν	pasw=n	πᾶς	pa=s	urn:cite2:hmt:lsj.chicago_md:n79905	n-p---fg-
πασῶν	pasw=n	πᾶς	pa=s	urn:cite2:hmt:lsj.chicago_md:n79906	n-p---fg-
πασῶν	pasw=n	πᾶς	pa=s	urn:cite2:hmt:lsj.chicago_md:n79904	n-p---fg-
πασῶν	pasw=n	πᾶς	pa=s	urn:cite2:hmt:lsj.chicago_md:n79905	n-p---fg-
πασῶν	pasw=n	πᾶς	pa=s	urn:cite2:hmt:lsj.chicago_md:n79906	n-p---fg-
πατρικῆς	patrikh=s	πατρικός	patriko/s	urn:cite2:hmt:lsj.chicago_md:n80040	a-s---fg-
πατρί	patri/	πατήρ	path/r	urn:cite2:hmt:lsj.chicago_md:n80011	n-s---md-
πατρί	patri/	πατρίς	patri/s	urn:cite2:hmt:lsj.chicago_md:n80043	n-s---fv-
πατρίοισι	patri/oisi	πάτριος	pa/trios	urn:cite2:hmt:lsj.chicago_md:n80042	a-p---md-
πατρίοισι	patri/oisi	πάτριος	pa/trios	urn:cite2:hmt:lsj.chicago_md:n80042	a-p---nd-
πατρίοισι	patri/oisi	πάτριος	pa/trios	urn:cite2:hmt:lsj.chicago_md:n80042	n-p---md-
πατρίοισι	patri/oisi	πάτριος	pa/trios	urn:cite2:hmt:lsj.chicago_md:n80042	n-p---fd-
πατρίοισι	patri/oisi	πάτριος	pa/trios	urn:cite2:hmt:lsj.chicago_md:n80042	n-p---nd-
πατρίς	patri/s	πατρίς	patri/s	urn:cite2:hmt:lsj.chicago_md:n80043	n-s---fn-
πατρίᾳ	patri/a|	πάτριος	pa/trios	urn:cite2:hmt:lsj.chicago_md:n80042	a-s---fd-
πατρός	patro/s	πατήρ	path/r	urn:cite2:hmt:lsj.chicago_md:n80011	n-s---mg-
πατέρα	pate/ra	πατήρ	path/r	urn:cite2:hmt:lsj.chicago_md:n80011	n-s---ma-
πατέρος	pate/ros	πατήρ	path/r	urn:cite2:hmt:lsj.chicago_md:n80011	n-s---mg-
πατέρος	pate/ros	πατήρ	path/r	urn:cite2:hmt:lsj.chicago_md:n80011	n-s---mg-
πατέρων	pate/rwn	πατήρ	path/r	urn:cite2:hmt:lsj.chicago_md:n80011	n-p---mg-
πατέρων	pate/rwn	πατήρ	path/r	urn:cite2:hmt:lsj.chicago_md:n80011	n-p---mg-
πατέρ’	pate/r'	πατήρ	path/r	urn:cite2:hmt:lsj.chicago_md:n80011	n-s---ma-
πατέρ’	pate/r'	πατήρ	path/r	urn:cite2:hmt:lsj.chicago_md:n80011	n-s---md-
πατέρ’	pate/r'	πατήρ	path/r	urn:cite2:hmt:lsj.chicago_md:n80011	n-s---md-
πατέρ’	pate/r'	πατήρ	path/r	urn:cite2:hmt:lsj.chicago_md:n80011	n-d---mn-
πατέρ’	pate/r'	πατήρ	path/r	urn:cite2:hmt:lsj.chicago_md:n80011	n-d---mv-
πατέρ’	pate/r'	πατήρ	path/r	urn:cite2:hmt:lsj.chicago_md:n80011	n-d---ma-
πατήρ	path/r	πατήρ	path/r	urn:cite2:hmt:lsj.chicago_md:n80011	n-s---mn-
παυσαίμαν	pausai/man	παύω	pau/w	urn:cite2:hmt:lsj.chicago_md:n80140	v1saom---
παίδων	pai/dwn	παῖς	pai=s	urn:cite2:hmt:lsj.chicago_md:n76703	n-p---mg-
παίδων	pai/dwn	παῖς	pai=s	urn:cite2:hmt:lsj.chicago_md:n76703	n-p---fg-
παῖ	pai=	παῖς	pai=s	urn:cite2:hmt:lsj.chicago_md:n76703	n-s---mv-
παῖ	pai=	παῖς	pai=s	urn:cite2:hmt:lsj.chicago_md:n76703	n-s---fv-
παῖδα	pai=da	παῖς	pai=s	urn:cite2:hmt:lsj.chicago_md:n76703	n-s---ma-
παῖδα	pai=da	παῖς	pai=s	urn:cite2:hmt:lsj.chicago_md:n76703	n-s---fa-
παῖδας	pai=das	παῖς	pai=s	urn:cite2:hmt:lsj.chicago_md:n76703	n-p---ma-
παῖδας	pai=das	παῖς	pai=s	urn:cite2:hmt:lsj.chicago_md:n76703	n-p---fa-
παῖδες	pai=des	παῖς	pai=s	urn:cite2:hmt:lsj.chicago_md:n76703	n-p---mn-
παῖδες	pai=des	παῖς	pai=s	urn:cite2:hmt:lsj.chicago_md:n76703	n-p---mv-
παῖδες	pai=des	παῖς	pai=s	urn:cite2:hmt:lsj.chicago_md:n76703	n-p---fn-
παῖδες	pai=des	παῖς	pai=s	urn:cite2:hmt:lsj.chicago_md:n76703	n-p---fv-
παῖδά	pai=da/	παῖς	pai=s	urn:cite2:hmt:lsj.chicago_md:n76703	n-s---ma-
παῖδά	pai=da/	παῖς	pai=s	urn:cite2:hmt:lsj.chicago_md:n76703	n-s---fa-
παῖδ’	pai=d'	παῖς	pai=s	urn:cite2:hmt:lsj.chicago_md:n76703	n-s---ma-
παῖδ’	pai=d'	παῖς	pai=s	urn:cite2:hmt:lsj.chicago_md:n76703	n-s---fa-
παῖδ’	pai=d'	παῖς	pai=s	urn:cite2:hmt:lsj.chicago_md:n76703	n-d---mn-
παῖδ’	pai=d'	παῖς	pai=s	urn:cite2:hmt:lsj.chicago_md:n76703	n-d---mv-
παῖδ’	pai=d'	παῖς	pai=s	urn:cite2:hmt:lsj.chicago_md:n76703	n-d---ma-
παῖδ’	pai=d'	παῖς	pai=s	urn:cite2:hmt:lsj.chicago_md:n76703	n-d---fn-
παῖδ’	pai=d'	παῖς	pai=s	urn:cite2:hmt:lsj.chicago_md:n76703	n-d---fv-
παῖδ’	pai=d'	παῖς	pai=s	urn:cite2:hmt:lsj.chicago_md:n76703	n-d---fa-
παῖς	pai=s	πᾶς	pa=s	urn:cite2:hmt:lsj.chicago_md:n79904	n-s---mn-
παῖς	pai=s	πᾶς	pa=s	urn:cite2:hmt:lsj.chicago_md:n79905	n-s---mn-
παῖς	pai=s	πᾶς	pa=s	urn:cite2:hmt:lsj.chicago_md:n79906	n-s---mn-
παῖς	pai=s	πᾶς	pa=s	urn:cite2:hmt:lsj.chicago_md:n79904	n-s---mv-
παῖς	pai=s	πᾶς	pa=s	urn:cite2:hmt:lsj.chicago_md:n79905	n-s---mv-
παῖς	pai=s	πᾶς	pa=s	urn:cite2:hmt:lsj.chicago_md:n79906	n-s---mv-
παῖς	pai=s	παῖς	pai=s	urn:cite2:hmt:lsj.chicago_md:n76703	n-s---mn-
παῖς	pai=s	παῖς	pai=s	urn:cite2:hmt:lsj.chicago_md:n76703	n-s---fn-
παῦε	pau=e	παύω	pau/w	urn:cite2:hmt:lsj.chicago_md:n80140	v2spma---
παῦε	pau=e	παύω	pau/w	urn:cite2:hmt:lsj.chicago_md:n80140	v3siia---
παῦσαι	pau=sai	παύω	pau/w	urn:cite2:hmt:lsj.chicago_md:n80140	v2samm---
παῦσαι	pau=sai	παύω	pau/w	urn:cite2:hmt:lsj.chicago_md:n80140	v--ana---
πεδία	pedi/a	πεδίον	pedi/on	urn:cite2:hmt:lsj.chicago_md:n80240	n-p---nn-
πεδία	pedi/a	πεδίον	pedi/on	urn:cite2:hmt:lsj.chicago_md:n80240	n-p---nv-
πεδία	pedi/a	πεδίον	pedi/on	urn:cite2:hmt:lsj.chicago_md:n80240	n-p---na-
πειρωμένη	peirwme/nh	πειράω	peira/w	urn:cite2:hmt:lsj.chicago_md:n80357	v-sppefn-
πειρωμένη	peirwme/nh	πειράω	peira/w	urn:cite2:hmt:lsj.chicago_md:n80357	v-sppefv-
πειρωμένη	peirwme/nh	πειράζω	peira/zw	urn:cite2:hmt:lsj.chicago_md:n80342	v-sfpmfn-
πειρωμένη	peirwme/nh	πειράζω	peira/zw	urn:cite2:hmt:lsj.chicago_md:n80342	v-sfpmfv-
πεισόμεθ’	peiso/meq'	πάσχω	pa/sxw	urn:cite2:hmt:lsj.chicago_md:n79983	v1pfim---
πεισόμεθ’	peiso/meq'	πείθω	pei/qw	urn:cite2:hmt:lsj.chicago_md:n80327	v1pasm---
πεισόμεθ’	peiso/meq'	πείθω	pei/qw	urn:cite2:hmt:lsj.chicago_md:n80327	v1pfim---
πελειῶν	peleiw=n	πέλεια	pe/leia	urn:cite2:hmt:lsj.chicago_md:n80435	n-p---fg-
πενθίμους	penqi/mous	πένθιμος	pe/nqimos	urn:cite2:hmt:lsj.chicago_md:n80607	a-p---ma-
πενθίμους	penqi/mous	πένθιμος	pe/nqimos	urn:cite2:hmt:lsj.chicago_md:n80607	n-p---ma-
πενθίμους	penqi/mous	πένθιμος	pe/nqimos	urn:cite2:hmt:lsj.chicago_md:n80607	n-p---fa-
πεντήκοντα	penth/konta	πεντήκοντα	penth/konta	urn:cite2:hmt:lsj.chicago_md:n80819	m--------
πεπλασμένον	peplasme/non	πλάσσω	pla/ssw	urn:cite2:hmt:lsj.chicago_md:n83495	v-srpema-
πεπλασμένον	peplasme/non	πλάσσω	pla/ssw	urn:cite2:hmt:lsj.chicago_md:n83495	v-srpenn-
πεπλασμένον	peplasme/non	πλάσσω	pla/ssw	urn:cite2:hmt:lsj.chicago_md:n83495	v-srpenv-
πεπλασμένον	peplasme/non	πλάσσω	pla/ssw	urn:cite2:hmt:lsj.chicago_md:n83495	v-srpena-
πεπυσμέναι	pepusme/nai	πυνθάνομαι	punqa/nomai	urn:cite2:hmt:lsj.chicago_md:n91516	v-prpefn-
πεπυσμέναι	pepusme/nai	πυνθάνομαι	punqa/nomai	urn:cite2:hmt:lsj.chicago_md:n91516	v-prpefv-
πεπυσμέναι	pepusme/nai	πυνθάνομαι	punqa/nomai	urn:cite2:hmt:lsj.chicago_md:n91516	v-srpefd-
περ	per	πέρ	pe/r	urn:cite2:hmt:lsj.chicago_md:n80954	g--------
περαίνω	perai/nw	περαίνω	perai/nw	urn:cite2:hmt:lsj.chicago_md:n80964	v1spsa---
περαίνω	perai/nw	περαίνω	perai/nw	urn:cite2:hmt:lsj.chicago_md:n80964	v1spia---
περιβαλεῖν	peribalei=n	περιβάλλω	periba/llw	urn:cite2:hmt:lsj.chicago_md:n81130	v--ana---
περιβαλεῖν	peribalei=n	περιβάλλω	periba/llw	urn:cite2:hmt:lsj.chicago_md:n81130	v--fna---
περιβαλοῦσα	peribalou=sa	περιβάλλω	periba/llw	urn:cite2:hmt:lsj.chicago_md:n81130	v-sapafn-
περιβαλοῦσα	peribalou=sa	περιβάλλω	periba/llw	urn:cite2:hmt:lsj.chicago_md:n81130	v-sapafv-
περιβαλοῦσα	peribalou=sa	περιβάλλω	periba/llw	urn:cite2:hmt:lsj.chicago_md:n81130	v-sfpafn-
περιβαλοῦσα	peribalou=sa	περιβάλλω	periba/llw	urn:cite2:hmt:lsj.chicago_md:n81130	v-sfpafv-
περιβολάς	peribola/s	περιβολή	peribolh/	urn:cite2:hmt:lsj.chicago_md:n81158	n-p---fa-
περιβάλλει	periba/llei	περιβάλλω	periba/llw	urn:cite2:hmt:lsj.chicago_md:n81130	v2spie---
περιβάλλει	periba/llei	περιβάλλω	periba/llw	urn:cite2:hmt:lsj.chicago_md:n81130	v3spia---
περιβόλοις	peribo/lois	περίβολος	peri/bolos	urn:cite2:hmt:lsj.chicago_md:n81161	n-p---md-
περιβόλοις	peribo/lois	περίβολος	peri/bolos	urn:cite2:hmt:lsj.chicago_md:n81161	n-p---fd-
περιβόλοις	peribo/lois	περίβολος	peri/bolos	urn:cite2:hmt:lsj.chicago_md:n81161	n-p---nd-
περικαλύψαι	perikalu/yai	περικαλύπτω	perikalu/ptw	urn:cite2:hmt:lsj.chicago_md:n81464	v--ana---
περικαλύψαι	perikalu/yai	περικαλύπτω	perikalu/ptw	urn:cite2:hmt:lsj.chicago_md:n81464	v3saoa---
περιπτυχαῖς	periptuxai=s	περιπτυχή	periptuxh/	urn:cite2:hmt:lsj.chicago_md:n82018	n-p---fd-
περιφερῆ	periferh=	περιφερής	periferh/s	urn:cite2:hmt:lsj.chicago_md:n82451	n-p---nn-
περιφερῆ	periferh=	περιφερής	periferh/s	urn:cite2:hmt:lsj.chicago_md:n82451	n-p---nv-
περιφερῆ	periferh=	περιφερής	periferh/s	urn:cite2:hmt:lsj.chicago_md:n82451	n-p---na-
περιφερῆ	periferh=	περιφερής	periferh/s	urn:cite2:hmt:lsj.chicago_md:n82451	n-d---mn-
περιφερῆ	periferh=	περιφερής	periferh/s	urn:cite2:hmt:lsj.chicago_md:n82451	n-d---mv-
περιφερῆ	periferh=	περιφερής	periferh/s	urn:cite2:hmt:lsj.chicago_md:n82451	n-d---ma-
περιφερῆ	periferh=	περιφερής	periferh/s	urn:cite2:hmt:lsj.chicago_md:n82451	n-d---fn-
περιφερῆ	periferh=	περιφερής	periferh/s	urn:cite2:hmt:lsj.chicago_md:n82451	n-d---fv-
περιφερῆ	periferh=	περιφερής	periferh/s	urn:cite2:hmt:lsj.chicago_md:n82451	n-d---fa-
περιφερῆ	periferh=	περιφερής	periferh/s	urn:cite2:hmt:lsj.chicago_md:n82451	n-d---nn-
περιφερῆ	periferh=	περιφερής	periferh/s	urn:cite2:hmt:lsj.chicago_md:n82451	n-d---nv-
περιφερῆ	periferh=	περιφερής	periferh/s	urn:cite2:hmt:lsj.chicago_md:n82451	n-d---na-
περιφερῆ	periferh=	περιφερής	periferh/s	urn:cite2:hmt:lsj.chicago_md:n82451	n-s---ma-
περιφερῆ	periferh=	περιφερής	periferh/s	urn:cite2:hmt:lsj.chicago_md:n82451	n-s---fa-
περί	peri/	περί	peri/	urn:cite2:hmt:lsj.chicago_md:n81017	r--------
περίπτυγμ’	peri/ptugm'	περίπτυγμα	peri/ptugma	urn:cite2:hmt:lsj.chicago_md:n82014	n-s---nn-
περίπτυγμ’	peri/ptugm'	περίπτυγμα	peri/ptugma	urn:cite2:hmt:lsj.chicago_md:n82014	n-s---nv-
περίπτυγμ’	peri/ptugm'	περίπτυγμα	peri/ptugma	urn:cite2:hmt:lsj.chicago_md:n82014	n-s---na-
πεσεῖν	pesei=n	πίπτω	pi/ptw	urn:cite2:hmt:lsj.chicago_md:n83253	v--ana---
πεσών	pesw/n	πίπτω	pi/ptw	urn:cite2:hmt:lsj.chicago_md:n83253	v-sapamn-
πετραῖον	petrai=on	πετραῖος	petrai=os	urn:cite2:hmt:lsj.chicago_md:n82761	a-s---ma-
πετραῖον	petrai=on	πετραῖος	petrai=os	urn:cite2:hmt:lsj.chicago_md:n82761	a-s---nn-
πετραῖον	petrai=on	πετραῖος	petrai=os	urn:cite2:hmt:lsj.chicago_md:n82761	a-s---nv-
πετραῖον	petrai=on	πετραῖος	petrai=os	urn:cite2:hmt:lsj.chicago_md:n82761	a-s---na-
πετρηρεφεῖς	petrhrefei=s	πετρηρεφής	petrhrefh/s	urn:cite2:hmt:lsj.chicago_md:n82773	n-p---ma-
πετρηρεφεῖς	petrhrefei=s	πετρηρεφής	petrhrefh/s	urn:cite2:hmt:lsj.chicago_md:n82773	n-p---fa-
πετρηρεφεῖς	petrhrefei=s	πετρηρεφής	petrhrefh/s	urn:cite2:hmt:lsj.chicago_md:n82773	n-p---mn-
πετρηρεφεῖς	petrhrefei=s	πετρηρεφής	petrhrefh/s	urn:cite2:hmt:lsj.chicago_md:n82773	n-p---mv-
πετρηρεφεῖς	petrhrefei=s	πετρηρεφής	petrhrefh/s	urn:cite2:hmt:lsj.chicago_md:n82773	n-p---fn-
πετρηρεφεῖς	petrhrefei=s	πετρηρεφής	petrhrefh/s	urn:cite2:hmt:lsj.chicago_md:n82773	n-p---fv-
πετρορριφῆ	petrorrifh=	πετρορριφής	petrorrifh/s	urn:cite2:hmt:lsj.chicago_md:n82798	n-p---nn-
πετρορριφῆ	petrorrifh=	πετρορριφής	petrorrifh/s	urn:cite2:hmt:lsj.chicago_md:n82798	n-p---nv-
πετρορριφῆ	petrorrifh=	πετρορριφής	petrorrifh/s	urn:cite2:hmt:lsj.chicago_md:n82798	n-p---na-
πετρορριφῆ	petrorrifh=	πετρορριφής	petrorrifh/s	urn:cite2:hmt:lsj.chicago_md:n82798	n-d---mn-
πετρορριφῆ	petrorrifh=	πετρορριφής	petrorrifh/s	urn:cite2:hmt:lsj.chicago_md:n82798	n-d---mv-
πετρορριφῆ	petrorrifh=	πετρορριφής	petrorrifh/s	urn:cite2:hmt:lsj.chicago_md:n82798	n-d---ma-
πετρορριφῆ	petrorrifh=	πετρορριφής	petrorrifh/s	urn:cite2:hmt:lsj.chicago_md:n82798	n-d---fn-
πετρορριφῆ	petrorrifh=	πετρορριφής	petrorrifh/s	urn:cite2:hmt:lsj.chicago_md:n82798	n-d---fv-
πετρορριφῆ	petrorrifh=	πετρορριφής	petrorrifh/s	urn:cite2:hmt:lsj.chicago_md:n82798	n-d---fa-
πετρορριφῆ	petrorrifh=	πετρορριφής	petrorrifh/s	urn:cite2:hmt:lsj.chicago_md:n82798	n-d---nn-
πετρορριφῆ	petrorrifh=	πετρορριφής	petrorrifh/s	urn:cite2:hmt:lsj.chicago_md:n82798	n-d---nv-
πετρορριφῆ	petrorrifh=	πετρορριφής	petrorrifh/s	urn:cite2:hmt:lsj.chicago_md:n82798	n-d---na-
πετρορριφῆ	petrorrifh=	πετρορριφής	petrorrifh/s	urn:cite2:hmt:lsj.chicago_md:n82798	n-s---ma-
πετρορριφῆ	petrorrifh=	πετρορριφής	petrorrifh/s	urn:cite2:hmt:lsj.chicago_md:n82798	n-s---fa-
πετρουμένη	petroume/nh	πετρόω	petro/w	urn:cite2:hmt:lsj.chicago_md:n82805	v-sppefn-
πετρουμένη	petroume/nh	πετρόω	petro/w	urn:cite2:hmt:lsj.chicago_md:n82805	v-sppefv-
πεφηνότα	pefhno/ta	φαίνω	fai/nw	urn:cite2:hmt:lsj.chicago_md:n110114	v-prpann-
πεφηνότα	pefhno/ta	φαίνω	fai/nw	urn:cite2:hmt:lsj.chicago_md:n110114	v-prpanv-
πεφηνότα	pefhno/ta	φαίνω	fai/nw	urn:cite2:hmt:lsj.chicago_md:n110114	v-prpana-
πεφηνότα	pefhno/ta	φαίνω	fai/nw	urn:cite2:hmt:lsj.chicago_md:n110114	v-srpama-
πεφηνότι	pefhno/ti	φαίνω	fai/nw	urn:cite2:hmt:lsj.chicago_md:n110114	v-srpamd-
πεφηνότι	pefhno/ti	φαίνω	fai/nw	urn:cite2:hmt:lsj.chicago_md:n110114	v-srpand-
πεφυκέναι	pefuke/nai	φύω	fu/w	urn:cite2:hmt:lsj.chicago_md:n112794	v--rna---
πεφυκέναι	pefuke/nai	φύζω	fu/zw	urn:cite2:hmt:lsj.chicago_md:n112495	v--rna---
πεφυκότ’	pefuko/t'	φύω	fu/w	urn:cite2:hmt:lsj.chicago_md:n112794	v-prpann-
πεφυκότ’	pefuko/t'	φύω	fu/w	urn:cite2:hmt:lsj.chicago_md:n112794	v-prpanv-
πεφυκότ’	pefuko/t'	φύω	fu/w	urn:cite2:hmt:lsj.chicago_md:n112794	v-prpana-
πεφυκότ’	pefuko/t'	φύω	fu/w	urn:cite2:hmt:lsj.chicago_md:n112794	v-srpama-
πεφυκότ’	pefuko/t'	φύω	fu/w	urn:cite2:hmt:lsj.chicago_md:n112794	v-srpamd-
πεφυκότ’	pefuko/t'	φύω	fu/w	urn:cite2:hmt:lsj.chicago_md:n112794	v-srpand-
πεφυκότ’	pefuko/t'	φύω	fu/w	urn:cite2:hmt:lsj.chicago_md:n112794	v-drpamn-
πεφυκότ’	pefuko/t'	φύω	fu/w	urn:cite2:hmt:lsj.chicago_md:n112794	v-drpamv-
πεφυκότ’	pefuko/t'	φύω	fu/w	urn:cite2:hmt:lsj.chicago_md:n112794	v-drpama-
πεφυκότ’	pefuko/t'	φύω	fu/w	urn:cite2:hmt:lsj.chicago_md:n112794	v-drpann-
πεφυκότ’	pefuko/t'	φύω	fu/w	urn:cite2:hmt:lsj.chicago_md:n112794	v-drpanv-
πεφυκότ’	pefuko/t'	φύω	fu/w	urn:cite2:hmt:lsj.chicago_md:n112794	v-drpana-
πεφυκότ’	pefuko/t'	φύζω	fu/zw	urn:cite2:hmt:lsj.chicago_md:n112495	v-prpann-
πεφυκότ’	pefuko/t'	φύζω	fu/zw	urn:cite2:hmt:lsj.chicago_md:n112495	v-prpanv-
πεφυκότ’	pefuko/t'	φύζω	fu/zw	urn:cite2:hmt:lsj.chicago_md:n112495	v-prpana-
πεφυκότ’	pefuko/t'	φύζω	fu/zw	urn:cite2:hmt:lsj.chicago_md:n112495	v-srpama-
πεφυκότ’	pefuko/t'	φύζω	fu/zw	urn:cite2:hmt:lsj.chicago_md:n112495	v-srpamd-
πεφυκότ’	pefuko/t'	φύζω	fu/zw	urn:cite2:hmt:lsj.chicago_md:n112495	v-srpand-
πεφυκότ’	pefuko/t'	φύζω	fu/zw	urn:cite2:hmt:lsj.chicago_md:n112495	v-drpamn-
πεφυκότ’	pefuko/t'	φύζω	fu/zw	urn:cite2:hmt:lsj.chicago_md:n112495	v-drpamv-
πεφυκότ’	pefuko/t'	φύζω	fu/zw	urn:cite2:hmt:lsj.chicago_md:n112495	v-drpama-
πεφυκότ’	pefuko/t'	φύζω	fu/zw	urn:cite2:hmt:lsj.chicago_md:n112495	v-drpann-
πεφυκότ’	pefuko/t'	φύζω	fu/zw	urn:cite2:hmt:lsj.chicago_md:n112495	v-drpanv-
πεφυκότ’	pefuko/t'	φύζω	fu/zw	urn:cite2:hmt:lsj.chicago_md:n112495	v-drpana-
πεφυκώς	pefukw/s	φύω	fu/w	urn:cite2:hmt:lsj.chicago_md:n112794	v-srpamn-
πεφυκώς	pefukw/s	φύω	fu/w	urn:cite2:hmt:lsj.chicago_md:n112794	v-srpamv-
πεφυκώς	pefukw/s	φύζω	fu/zw	urn:cite2:hmt:lsj.chicago_md:n112495	v-srpamn-
πεφυκώς	pefukw/s	φύζω	fu/zw	urn:cite2:hmt:lsj.chicago_md:n112495	v-srpamv-
πεφύκαμεν	pefu/kamen	φύω	fu/w	urn:cite2:hmt:lsj.chicago_md:n112794	v1pria---
πεφύκαμεν	pefu/kamen	φύζω	fu/zw	urn:cite2:hmt:lsj.chicago_md:n112495	v1pria---
πεφύκασ’	pefu/kas'	φύω	fu/w	urn:cite2:hmt:lsj.chicago_md:n112794	v3pria---
πεφύκασ’	pefu/kas'	φύζω	fu/zw	urn:cite2:hmt:lsj.chicago_md:n112495	v3pria---
πεφύκῃ	pefu/kh|	φύω	fu/w	urn:cite2:hmt:lsj.chicago_md:n112794	v3srsa---
πεφύκῃ	pefu/kh|	φύζω	fu/zw	urn:cite2:hmt:lsj.chicago_md:n112495	v3srsa---
πείθομαι	pei/qomai	πείθω	pei/qw	urn:cite2:hmt:lsj.chicago_md:n80327	v1spie---
πείσῃ	pei/sh|	πάσχω	pa/sxw	urn:cite2:hmt:lsj.chicago_md:n79983	v2sfim---
πείσῃ	pei/sh|	πείθω	pei/qw	urn:cite2:hmt:lsj.chicago_md:n80327	v2sasm---
πείσῃ	pei/sh|	πείθω	pei/qw	urn:cite2:hmt:lsj.chicago_md:n80327	v3sasa---
πείσῃ	pei/sh|	πείθω	pei/qw	urn:cite2:hmt:lsj.chicago_md:n80327	v2sfim---
πείσῃ	pei/sh|	πεῖσα	pei=sa	urn:cite2:hmt:lsj.chicago_md:n80363	n-s---fd-
πείσῃ	pei/sh|	πεῖσις	pei=sis	urn:cite2:hmt:lsj.chicago_md:n80369	n-s---fd-
πεύκας	peu/kas	πεύκη	peu/kh	urn:cite2:hmt:lsj.chicago_md:n82824	n-p---fa-
πεύκας	peu/kas	πεύκη	peu/kh	urn:cite2:hmt:lsj.chicago_md:n82824	n-s---fg-
πηδᾷ	phda=|	πηδάω	phda/w	urn:cite2:hmt:lsj.chicago_md:n82900	v2spse---
πηδᾷ	phda=|	πηδάω	phda/w	urn:cite2:hmt:lsj.chicago_md:n82900	v2spie---
πηδᾷ	phda=|	πηδάω	phda/w	urn:cite2:hmt:lsj.chicago_md:n82900	v3spsa---
πηδᾷ	phda=|	πηδάω	phda/w	urn:cite2:hmt:lsj.chicago_md:n82900	v3spia---
πημάτων	phma/twn	πῆμα	ph=ma	urn:cite2:hmt:lsj.chicago_md:n82972	n-p---ng-
πιθόμενός	piqo/meno/s	πείθω	pei/qw	urn:cite2:hmt:lsj.chicago_md:n80327	v-sapmmn-
πιθών	piqw/n	πείθω	pei/qw	urn:cite2:hmt:lsj.chicago_md:n80327	v-sapamn-
πιθών	piqw/n	πιθών	piqw/n	urn:cite2:hmt:lsj.chicago_md:n83117	n-s---mn-
πιθών	piqw/n	πιθών	piqw/n	urn:cite2:hmt:lsj.chicago_md:n83118	n-s---mn-
πιθών	piqw/n	πιθών	piqw/n	urn:cite2:hmt:lsj.chicago_md:n83117	n-s---mv-
πιθών	piqw/n	πιθών	piqw/n	urn:cite2:hmt:lsj.chicago_md:n83118	n-s---mv-
πικροί	pikroi/	πικρός	pikro/s	urn:cite2:hmt:lsj.chicago_md:n83139	a-p---mn-
πικροί	pikroi/	πικρός	pikro/s	urn:cite2:hmt:lsj.chicago_md:n83139	a-p---mv-
πικροί	pikroi/	πικρόω	pikro/w	urn:cite2:hmt:lsj.chicago_md:n83142	v2spse---
πικροί	pikroi/	πικρόω	pikro/w	urn:cite2:hmt:lsj.chicago_md:n83142	v2spie---
πικροί	pikroi/	πικρόω	pikro/w	urn:cite2:hmt:lsj.chicago_md:n83142	v3spsa---
πικρά	pikra/	πικράς	pikra/s	urn:cite2:hmt:lsj.chicago_md:n83125	n-s---fv-
πικρά	pikra/	πικρός	pikro/s	urn:cite2:hmt:lsj.chicago_md:n83139	a-p---nn-
πικρά	pikra/	πικρός	pikro/s	urn:cite2:hmt:lsj.chicago_md:n83139	a-p---nv-
πικρά	pikra/	πικρός	pikro/s	urn:cite2:hmt:lsj.chicago_md:n83139	a-p---na-
πικρά	pikra/	πικρός	pikro/s	urn:cite2:hmt:lsj.chicago_md:n83139	a-d---fn-
πικρά	pikra/	πικρός	pikro/s	urn:cite2:hmt:lsj.chicago_md:n83139	a-d---fv-
πικρά	pikra/	πικρός	pikro/s	urn:cite2:hmt:lsj.chicago_md:n83139	a-d---fa-
πικρά	pikra/	πικρός	pikro/s	urn:cite2:hmt:lsj.chicago_md:n83139	a-s---fn-
πικρά	pikra/	πικρός	pikro/s	urn:cite2:hmt:lsj.chicago_md:n83139	a-s---fv-
πικρόν	pikro/n	πικρός	pikro/s	urn:cite2:hmt:lsj.chicago_md:n83139	a-s---ma-
πικρόν	pikro/n	πικρός	pikro/s	urn:cite2:hmt:lsj.chicago_md:n83139	a-s---nn-
πικρόν	pikro/n	πικρός	pikro/s	urn:cite2:hmt:lsj.chicago_md:n83139	a-s---nv-
πικρόν	pikro/n	πικρός	pikro/s	urn:cite2:hmt:lsj.chicago_md:n83139	a-s---na-
πικρῶν	pikrw=n	πίκρα	pi/kra	urn:cite2:hmt:lsj.chicago_md:n83121	n-p---fg-
πικρῶν	pikrw=n	πικράζω	pikra/zw	urn:cite2:hmt:lsj.chicago_md:n83122	v-sfpamv-
πικρῶν	pikrw=n	πικράζω	pikra/zw	urn:cite2:hmt:lsj.chicago_md:n83122	v-sfpann-
πικρῶν	pikrw=n	πικράζω	pikra/zw	urn:cite2:hmt:lsj.chicago_md:n83122	v-sfpanv-
πικρῶν	pikrw=n	πικράζω	pikra/zw	urn:cite2:hmt:lsj.chicago_md:n83122	v-sfpana-
πικρῶν	pikrw=n	πικράζω	pikra/zw	urn:cite2:hmt:lsj.chicago_md:n83122	v-sfpamn-
πικρῶν	pikrw=n	πικρός	pikro/s	urn:cite2:hmt:lsj.chicago_md:n83139	a-p---fg-
πικρῶν	pikrw=n	πικρός	pikro/s	urn:cite2:hmt:lsj.chicago_md:n83139	a-p---mg-
πικρῶν	pikrw=n	πικρός	pikro/s	urn:cite2:hmt:lsj.chicago_md:n83139	a-p---ng-
πικρῶν	pikrw=n	πικρόω	pikro/w	urn:cite2:hmt:lsj.chicago_md:n83142	v-sppamv-
πικρῶν	pikrw=n	πικρόω	pikro/w	urn:cite2:hmt:lsj.chicago_md:n83142	v-sppann-
πικρῶν	pikrw=n	πικρόω	pikro/w	urn:cite2:hmt:lsj.chicago_md:n83142	v-sppanv-
πικρῶν	pikrw=n	πικρόω	pikro/w	urn:cite2:hmt:lsj.chicago_md:n83142	v-sppana-
πικρῶν	pikrw=n	πικρόω	pikro/w	urn:cite2:hmt:lsj.chicago_md:n83142	v-sppamn-
πικρῶν	pikrw=n	πικρόω	pikro/w	urn:cite2:hmt:lsj.chicago_md:n83142	v--pna---
πικρῶς	pikrw=s	πικρός	pikro/s	urn:cite2:hmt:lsj.chicago_md:n83139	x--------
πικρῶς	pikrw=s	πικρόω	pikro/w	urn:cite2:hmt:lsj.chicago_md:n83142	v2spia---
πιστόν	pisto/n	πιστόν	pisto/n	urn:cite2:hmt:lsj.chicago_md:n83322	n-s---nn-
πιστόν	pisto/n	πιστόν	pisto/n	urn:cite2:hmt:lsj.chicago_md:n83322	n-s---nv-
πιστόν	pisto/n	πιστόν	pisto/n	urn:cite2:hmt:lsj.chicago_md:n83322	n-s---na-
πιστόν	pisto/n	πιστόσ1	pisto/s	urn:cite2:hmt:lsj.chicago_md:n83324	a-s---ma-
πιστόν	pisto/n	πιστόσ1	pisto/s	urn:cite2:hmt:lsj.chicago_md:n83325	a-s---ma-
πιστόν	pisto/n	πιστόσ1	pisto/s	urn:cite2:hmt:lsj.chicago_md:n83324	a-s---nn-
πιστόν	pisto/n	πιστόσ1	pisto/s	urn:cite2:hmt:lsj.chicago_md:n83325	a-s---nn-
πιστόν	pisto/n	πιστόσ1	pisto/s	urn:cite2:hmt:lsj.chicago_md:n83324	a-s---nv-
πιστόν	pisto/n	πιστόσ1	pisto/s	urn:cite2:hmt:lsj.chicago_md:n83325	a-s---nv-
πιστόν	pisto/n	πιστόσ1	pisto/s	urn:cite2:hmt:lsj.chicago_md:n83324	a-s---na-
πιστόν	pisto/n	πιστόσ1	pisto/s	urn:cite2:hmt:lsj.chicago_md:n83325	a-s---na-
πιστόν	pisto/n	πιστόσ2	pisto/s	urn:cite2:hmt:lsj.chicago_md:n83324	a-s---ma-
πιστόν	pisto/n	πιστόσ2	pisto/s	urn:cite2:hmt:lsj.chicago_md:n83325	a-s---ma-
πιστόν	pisto/n	πιστόσ2	pisto/s	urn:cite2:hmt:lsj.chicago_md:n83324	a-s---nn-
πιστόν	pisto/n	πιστόσ2	pisto/s	urn:cite2:hmt:lsj.chicago_md:n83325	a-s---nn-
πιστόν	pisto/n	πιστόσ2	pisto/s	urn:cite2:hmt:lsj.chicago_md:n83324	a-s---nv-
πιστόν	pisto/n	πιστόσ2	pisto/s	urn:cite2:hmt:lsj.chicago_md:n83325	a-s---nv-
πιστόν	pisto/n	πιστόσ2	pisto/s	urn:cite2:hmt:lsj.chicago_md:n83324	a-s---na-
πιστόν	pisto/n	πιστόσ2	pisto/s	urn:cite2:hmt:lsj.chicago_md:n83325	a-s---na-
πλεγμάτων	plegma/twn	πλέγμα	ple/gma	urn:cite2:hmt:lsj.chicago_md:n83627	n-p---ng-
πλεκτόν	plekto/n	πλεκτός	plekto/s	urn:cite2:hmt:lsj.chicago_md:n83681	a-s---ma-
πλεκτόν	plekto/n	πλεκτός	plekto/s	urn:cite2:hmt:lsj.chicago_md:n83681	a-s---nn-
πλεκτόν	plekto/n	πλεκτός	plekto/s	urn:cite2:hmt:lsj.chicago_md:n83681	a-s---nv-
πλεκτόν	plekto/n	πλεκτός	plekto/s	urn:cite2:hmt:lsj.chicago_md:n83681	a-s---na-
πλευμόνων	pleumo/nwn	πλεύμων	pleu/mwn	urn:cite2:hmt:lsj.chicago_md:n83729	n-p---mg-
πλευμόνων	pleumo/nwn	πνεύμων	pneu/mwn	urn:cite2:hmt:lsj.chicago_md:n84064	n-p---mg-
πληγαί	plhgai/	πληγή	plhgh/	urn:cite2:hmt:lsj.chicago_md:n83763	n-p---fn-
πληγαί	plhgai/	πληγή	plhgh/	urn:cite2:hmt:lsj.chicago_md:n83763	n-p---fv-
πληροῦν	plhrou=n	πληρόω	plhro/w	urn:cite2:hmt:lsj.chicago_md:n83834	v-sppamv-
πληροῦν	plhrou=n	πληρόω	plhro/w	urn:cite2:hmt:lsj.chicago_md:n83834	v-sppann-
πληροῦν	plhrou=n	πληρόω	plhro/w	urn:cite2:hmt:lsj.chicago_md:n83834	v-sppanv-
πληροῦν	plhrou=n	πληρόω	plhro/w	urn:cite2:hmt:lsj.chicago_md:n83834	v-sppana-
πληροῦν	plhrou=n	πληρόω	plhro/w	urn:cite2:hmt:lsj.chicago_md:n83834	v--pna---
πληρώματ’	plhrw/mat'	πλήρωμα	plh/rwma	urn:cite2:hmt:lsj.chicago_md:n83835	n-p---nn-
πληρώματ’	plhrw/mat'	πλήρωμα	plh/rwma	urn:cite2:hmt:lsj.chicago_md:n83835	n-p---nv-
πληρώματ’	plhrw/mat'	πλήρωμα	plh/rwma	urn:cite2:hmt:lsj.chicago_md:n83835	n-p---na-
πληρώματ’	plhrw/mat'	πλήρωμα	plh/rwma	urn:cite2:hmt:lsj.chicago_md:n83835	n-s---nd-
πληρώματ’	plhrw/mat'	πλήρωμα	plh/rwma	urn:cite2:hmt:lsj.chicago_md:n83835	n-d---nn-
πληρώματ’	plhrw/mat'	πλήρωμα	plh/rwma	urn:cite2:hmt:lsj.chicago_md:n83835	n-d---nv-
πληρώματ’	plhrw/mat'	πλήρωμα	plh/rwma	urn:cite2:hmt:lsj.chicago_md:n83835	n-d---na-
πλησίον	plhsi/on	πίμπλημι	pi/mplhmi	urn:cite2:hmt:lsj.chicago_md:n83182	v-sfpamv-
πλησίον	plhsi/on	πίμπλημι	pi/mplhmi	urn:cite2:hmt:lsj.chicago_md:n83182	v-sfpann-
πλησίον	plhsi/on	πίμπλημι	pi/mplhmi	urn:cite2:hmt:lsj.chicago_md:n83182	v-sfpanv-
πλησίον	plhsi/on	πίμπλημι	pi/mplhmi	urn:cite2:hmt:lsj.chicago_md:n83182	v-sfpana-
πλησίον	plhsi/on	πλησίος	plhsi/os	urn:cite2:hmt:lsj.chicago_md:n83854	d--------
πλησίον	plhsi/on	πλησίος	plhsi/os	urn:cite2:hmt:lsj.chicago_md:n83854	a-s---ma-
πλησίον	plhsi/on	πλησίος	plhsi/os	urn:cite2:hmt:lsj.chicago_md:n83854	a-s---nn-
πλησίον	plhsi/on	πλησίος	plhsi/os	urn:cite2:hmt:lsj.chicago_md:n83854	a-s---nv-
πλησίον	plhsi/on	πλησίος	plhsi/os	urn:cite2:hmt:lsj.chicago_md:n83854	a-s---na-
πλοκάς	ploka/s	πλοκάς	ploka/s	urn:cite2:hmt:lsj.chicago_md:n83934	n-s---fn-
πλοκάς	ploka/s	πλοκή	plokh/	urn:cite2:hmt:lsj.chicago_md:n83937	n-p---fa-
πλουτεῖν	ploutei=n	πλουτέω	ploute/w	urn:cite2:hmt:lsj.chicago_md:n83972	v--pna---
πλούτου	plou/tou	πλοῦτοσ1	plou=tos	urn:cite2:hmt:lsj.chicago_md:n83987	n-s---mg-
πλούτου	plou/tou	πλοῦτοσ1	plou=tos	urn:cite2:hmt:lsj.chicago_md:n83988	n-s---mg-
πλοῦτον	plou=ton	πλοῦτοσ1	plou=tos	urn:cite2:hmt:lsj.chicago_md:n83987	n-s---ma-
πλοῦτον	plou=ton	πλοῦτοσ1	plou=tos	urn:cite2:hmt:lsj.chicago_md:n83988	n-s---ma-
πλοῦτος	plou=tos	πλοῦτοσ1	plou=tos	urn:cite2:hmt:lsj.chicago_md:n83987	n-s---mn-
πλοῦτος	plou=tos	πλοῦτοσ1	plou=tos	urn:cite2:hmt:lsj.chicago_md:n83988	n-s---mn-
πλοῦτος	plou=tos	πλοῦτοσ2	plou=tos	urn:cite2:hmt:lsj.chicago_md:n83987	n-s---nn-
πλοῦτος	plou=tos	πλοῦτοσ2	plou=tos	urn:cite2:hmt:lsj.chicago_md:n83988	n-s---nn-
πλοῦτος	plou=tos	πλοῦτοσ2	plou=tos	urn:cite2:hmt:lsj.chicago_md:n83987	n-s---nv-
πλοῦτος	plou=tos	πλοῦτοσ2	plou=tos	urn:cite2:hmt:lsj.chicago_md:n83988	n-s---nv-
πλοῦτος	plou=tos	πλοῦτοσ2	plou=tos	urn:cite2:hmt:lsj.chicago_md:n83987	n-s---na-
πλοῦτος	plou=tos	πλοῦτοσ2	plou=tos	urn:cite2:hmt:lsj.chicago_md:n83988	n-s---na-
πλάκες	pla/kes	πλάξ	pla/c	urn:cite2:hmt:lsj.chicago_md:n83487	n-p---fn-
πλάκες	pla/kes	πλάξ	pla/c	urn:cite2:hmt:lsj.chicago_md:n83487	n-p---fv-
πλάνους	pla/nous	πλάνος	pla/nos	urn:cite2:hmt:lsj.chicago_md:n83483	n-p---ma-
πλάνους	pla/nous	πλάνος	pla/nos	urn:cite2:hmt:lsj.chicago_md:n83483	n-p---fa-
πλέθρου	ple/qrou	πλέθρον	ple/qron	urn:cite2:hmt:lsj.chicago_md:n83636	n-s---ng-
πλέκουσα	ple/kousa	πλέκω	ple/kw	urn:cite2:hmt:lsj.chicago_md:n83683	v-sppafn-
πλέκουσα	ple/kousa	πλέκω	ple/kw	urn:cite2:hmt:lsj.chicago_md:n83683	v-sppafv-
πλέον	ple/on	πλέος	ple/os	urn:cite2:hmt:lsj.chicago_md:n83718	n-s---ma-
πλέον	ple/on	πλέος	ple/os	urn:cite2:hmt:lsj.chicago_md:n83718	n-s---nn-
πλέον	ple/on	πλέος	ple/os	urn:cite2:hmt:lsj.chicago_md:n83718	n-s---nv-
πλέον	ple/on	πλέος	ple/os	urn:cite2:hmt:lsj.chicago_md:n83718	n-s---na-
πλέον	ple/on	πλέω	ple/w	urn:cite2:hmt:lsj.chicago_md:n83754	v-sppamv-
πλέον	ple/on	πλέω	ple/w	urn:cite2:hmt:lsj.chicago_md:n83754	v-sppann-
πλέον	ple/on	πλέω	ple/w	urn:cite2:hmt:lsj.chicago_md:n83754	v-sppanv-
πλέον	ple/on	πλέω	ple/w	urn:cite2:hmt:lsj.chicago_md:n83754	v-sppana-
πλέον	ple/on	πλέω	ple/w	urn:cite2:hmt:lsj.chicago_md:n83754	v3piia---
πλέον	ple/on	πλέω	ple/w	urn:cite2:hmt:lsj.chicago_md:n83754	v1siia---
πλέον	ple/on	πλέως	ple/ws	urn:cite2:hmt:lsj.chicago_md:n83756	a-s---ma-
πλέον	ple/on	πλέως	ple/ws	urn:cite2:hmt:lsj.chicago_md:n83756	a-s---nn-
πλέον	ple/on	πλέως	ple/ws	urn:cite2:hmt:lsj.chicago_md:n83756	a-s---nv-
πλέον	ple/on	πλέως	ple/ws	urn:cite2:hmt:lsj.chicago_md:n83756	a-s---na-
πλέον	ple/on	πλείων	plei/wn	urn:cite2:hmt:lsj.chicago_md:n83669	a-s---mv-
πλέον	ple/on	πλείων	plei/wn	urn:cite2:hmt:lsj.chicago_md:n83669	a-s---fv-
πλέον	ple/on	πλείων	plei/wn	urn:cite2:hmt:lsj.chicago_md:n83669	a-s---nn-
πλέον	ple/on	πλείων	plei/wn	urn:cite2:hmt:lsj.chicago_md:n83669	a-s---nv-
πλέον	ple/on	πλείων	plei/wn	urn:cite2:hmt:lsj.chicago_md:n83669	a-s---na-
πλέᾳ	ple/a|	πλέος	ple/os	urn:cite2:hmt:lsj.chicago_md:n83718	n-p---fn-
πλέᾳ	ple/a|	πλέος	ple/os	urn:cite2:hmt:lsj.chicago_md:n83718	n-p---fv-
πλέᾳ	ple/a|	πλέος	ple/os	urn:cite2:hmt:lsj.chicago_md:n83718	n-s---fd-
πλέᾳ	ple/a|	πλέω	ple/w	urn:cite2:hmt:lsj.chicago_md:n83754	v2spie---
πλέᾳ	ple/a|	πλέως	ple/ws	urn:cite2:hmt:lsj.chicago_md:n83756	a-p---fn-
πλέᾳ	ple/a|	πλέως	ple/ws	urn:cite2:hmt:lsj.chicago_md:n83756	a-p---fv-
πλέᾳ	ple/a|	πλέως	ple/ws	urn:cite2:hmt:lsj.chicago_md:n83756	a-s---fd-
πλήν	plh/n	πλήν	plh/n	urn:cite2:hmt:lsj.chicago_md:n83818	r--------
πλήρωμά	plh/rwma/	πλήρωμα	plh/rwma	urn:cite2:hmt:lsj.chicago_md:n83835	n-s---nn-
πλήρωμά	plh/rwma/	πλήρωμα	plh/rwma	urn:cite2:hmt:lsj.chicago_md:n83835	n-s---nv-
πλήρωμά	plh/rwma/	πλήρωμα	plh/rwma	urn:cite2:hmt:lsj.chicago_md:n83835	n-s---na-
πλήρωμ’	plh/rwm'	πλήρωμα	plh/rwma	urn:cite2:hmt:lsj.chicago_md:n83835	n-s---nn-
πλήρωμ’	plh/rwm'	πλήρωμα	plh/rwma	urn:cite2:hmt:lsj.chicago_md:n83835	n-s---nv-
πλήρωμ’	plh/rwm'	πλήρωμα	plh/rwma	urn:cite2:hmt:lsj.chicago_md:n83835	n-s---na-
πλόκους	plo/kous	πλόκος	plo/kos	urn:cite2:hmt:lsj.chicago_md:n83942	n-p---ma-
πλῆρες	plh=res	πλήρης	plh/rhs	urn:cite2:hmt:lsj.chicago_md:n83825	n-s---mv-
πλῆρες	plh=res	πλήρης	plh/rhs	urn:cite2:hmt:lsj.chicago_md:n83825	n-s---fv-
πλῆρες	plh=res	πλήρης	plh/rhs	urn:cite2:hmt:lsj.chicago_md:n83825	n-s---nn-
πλῆρες	plh=res	πλήρης	plh/rhs	urn:cite2:hmt:lsj.chicago_md:n83825	n-s---nv-
πλῆρες	plh=res	πλήρης	plh/rhs	urn:cite2:hmt:lsj.chicago_md:n83825	n-s---na-
πνεύματα	pneu/mata	πνεῦμα	pneu=ma	urn:cite2:hmt:lsj.chicago_md:n84034	n-p---nn-
πνεύματα	pneu/mata	πνεῦμα	pneu=ma	urn:cite2:hmt:lsj.chicago_md:n84034	n-p---nv-
πνεύματα	pneu/mata	πνεῦμα	pneu=ma	urn:cite2:hmt:lsj.chicago_md:n84034	n-p---na-
πνέουσαν	pne/ousan	πνέω	pne/w	urn:cite2:hmt:lsj.chicago_md:n84068	v-sppafa-
πνέω	pne/w	πνέω	pne/w	urn:cite2:hmt:lsj.chicago_md:n84068	v1spsa---
πνέω	pne/w	πνέω	pne/w	urn:cite2:hmt:lsj.chicago_md:n84068	v1spia---
ποδοῖν	podoi=n	πούς	pou/s	urn:cite2:hmt:lsj.chicago_md:n86108	n-d---mg-
ποδοῖν	podoi=n	πούς	pou/s	urn:cite2:hmt:lsj.chicago_md:n86108	n-d---md-
ποδί	podi/	ποδίς	podi/s	urn:cite2:hmt:lsj.chicago_md:n84150	n-s---fv-
ποδί	podi/	πούς	pou/s	urn:cite2:hmt:lsj.chicago_md:n86108	n-s---md-
ποδός	podo/s	πούς	pou/s	urn:cite2:hmt:lsj.chicago_md:n86108	n-s---mg-
ποδῶν	podw=n	ποδόω	podo/w	urn:cite2:hmt:lsj.chicago_md:n84183	v-sppamv-
ποδῶν	podw=n	ποδόω	podo/w	urn:cite2:hmt:lsj.chicago_md:n84183	v-sppann-
ποδῶν	podw=n	ποδόω	podo/w	urn:cite2:hmt:lsj.chicago_md:n84183	v-sppanv-
ποδῶν	podw=n	ποδόω	podo/w	urn:cite2:hmt:lsj.chicago_md:n84183	v-sppana-
ποδῶν	podw=n	ποδόω	podo/w	urn:cite2:hmt:lsj.chicago_md:n84183	v-sppamn-
ποδῶν	podw=n	ποδόω	podo/w	urn:cite2:hmt:lsj.chicago_md:n84183	v--pna---
ποδῶν	podw=n	πούς	pou/s	urn:cite2:hmt:lsj.chicago_md:n86108	n-p---mg-
ποθεῖν	poqei=n	ποθέω	poqe/w	urn:cite2:hmt:lsj.chicago_md:n84205	v--pna---
ποθῶ	poqw=	πίνω	pi/nw	urn:cite2:hmt:lsj.chicago_md:n83231	v1sasp---
ποθῶ	poqw=	ποθέω	poqe/w	urn:cite2:hmt:lsj.chicago_md:n84205	v1spsa---
ποθῶ	poqw=	ποθέω	poqe/w	urn:cite2:hmt:lsj.chicago_md:n84205	v1spia---
πολεμιώτατοι	polemiw/tatoi	πολέμιος	pole/mios	urn:cite2:hmt:lsj.chicago_md:n84422	a-p---mns
πολεμιώτατοι	polemiw/tatoi	πολέμιος	pole/mios	urn:cite2:hmt:lsj.chicago_md:n84422	a-p---mvs
πολεμιώτατοι	polemiw/tatoi	πολέμιος	pole/mios	urn:cite2:hmt:lsj.chicago_md:n84422	a-p---mns
πολεμιώτατοι	polemiw/tatoi	πολέμιος	pole/mios	urn:cite2:hmt:lsj.chicago_md:n84422	a-p---mvs
πολεμίαν	polemi/an	πολέμιος	pole/mios	urn:cite2:hmt:lsj.chicago_md:n84422	a-s---fa-
πολεμίους	polemi/ous	πολέμιος	pole/mios	urn:cite2:hmt:lsj.chicago_md:n84422	a-p---ma-
πολεμίους	polemi/ous	πολέμιος	pole/mios	urn:cite2:hmt:lsj.chicago_md:n84422	n-p---ma-
πολεμίους	polemi/ous	πολέμιος	pole/mios	urn:cite2:hmt:lsj.chicago_md:n84422	n-p---fa-
πολεμῶ	polemw=	πολεμέω	poleme/w	urn:cite2:hmt:lsj.chicago_md:n84410	v1spsa---
πολεμῶ	polemw=	πολεμέω	poleme/w	urn:cite2:hmt:lsj.chicago_md:n84410	v1spia---
πολεμῶ	polemw=	πολεμόω	polemo/w	urn:cite2:hmt:lsj.chicago_md:n84439	v1spsa---
πολεμῶ	polemw=	πολεμόω	polemo/w	urn:cite2:hmt:lsj.chicago_md:n84439	v1spia---
πολιόν	polio/n	πολιός	polio/s	urn:cite2:hmt:lsj.chicago_md:n84481	a-s---ma-
πολιόν	polio/n	πολιός	polio/s	urn:cite2:hmt:lsj.chicago_md:n84481	a-s---nn-
πολιόν	polio/n	πολιός	polio/s	urn:cite2:hmt:lsj.chicago_md:n84481	a-s---nv-
πολιόν	polio/n	πολιός	polio/s	urn:cite2:hmt:lsj.chicago_md:n84481	a-s---na-
πολιόν	polio/n	πολιός	polio/s	urn:cite2:hmt:lsj.chicago_md:n84481	n-s---ma-
πολιόν	polio/n	πολιός	polio/s	urn:cite2:hmt:lsj.chicago_md:n84481	n-s---fa-
πολιόν	polio/n	πολιός	polio/s	urn:cite2:hmt:lsj.chicago_md:n84481	n-s---nn-
πολιόν	polio/n	πολιός	polio/s	urn:cite2:hmt:lsj.chicago_md:n84481	n-s---nv-
πολιόν	polio/n	πολιός	polio/s	urn:cite2:hmt:lsj.chicago_md:n84481	n-s---na-
πολλαί	pollai/	πολύς	polu/s	urn:cite2:hmt:lsj.chicago_md:n85306	a-p---fn-
πολλαί	pollai/	πολύς	polu/s	urn:cite2:hmt:lsj.chicago_md:n85306	a-p---fv-
πολλοῖς	polloi=s	πολύς	polu/s	urn:cite2:hmt:lsj.chicago_md:n85306	a-p---md-
πολλοῖς	polloi=s	πολύς	polu/s	urn:cite2:hmt:lsj.chicago_md:n85306	a-p---nd-
πολλά	polla/	πολύς	polu/s	urn:cite2:hmt:lsj.chicago_md:n85306	a-d---fn-
πολλά	polla/	πολύς	polu/s	urn:cite2:hmt:lsj.chicago_md:n85306	a-d---fv-
πολλά	polla/	πολύς	polu/s	urn:cite2:hmt:lsj.chicago_md:n85306	a-d---fa-
πολλά	polla/	πολύς	polu/s	urn:cite2:hmt:lsj.chicago_md:n85306	a-s---fn-
πολλά	polla/	πολύς	polu/s	urn:cite2:hmt:lsj.chicago_md:n85306	a-s---fv-
πολλά	polla/	πολύς	polu/s	urn:cite2:hmt:lsj.chicago_md:n85306	a-p---nn-
πολλά	polla/	πολύς	polu/s	urn:cite2:hmt:lsj.chicago_md:n85306	a-p---nv-
πολλά	polla/	πολύς	polu/s	urn:cite2:hmt:lsj.chicago_md:n85306	a-p---na-
πολυκλαύτους	poluklau/tous	πολύκλαυστος	polu/klaustos	urn:cite2:hmt:lsj.chicago_md:n84938	a-p---ma-
πολυκλαύτους	poluklau/tous	πολύκλαυστος	polu/klaustos	urn:cite2:hmt:lsj.chicago_md:n84938	n-p---ma-
πολυκλαύτους	poluklau/tous	πολύκλαυστος	polu/klaustos	urn:cite2:hmt:lsj.chicago_md:n84938	n-p---fa-
πολυκτήμων	polukth/mwn	πολυκτήμων	polukth/mwn	urn:cite2:hmt:lsj.chicago_md:n84995	n-s---mn-
πολυκτήμων	polukth/mwn	πολυκτήμων	polukth/mwn	urn:cite2:hmt:lsj.chicago_md:n84995	n-s---fn-
πολέμιον	pole/mion	πολέμιος	pole/mios	urn:cite2:hmt:lsj.chicago_md:n84422	a-s---ma-
πολέμιον	pole/mion	πολέμιος	pole/mios	urn:cite2:hmt:lsj.chicago_md:n84422	a-s---nn-
πολέμιον	pole/mion	πολέμιος	pole/mios	urn:cite2:hmt:lsj.chicago_md:n84422	a-s---nv-
πολέμιον	pole/mion	πολέμιος	pole/mios	urn:cite2:hmt:lsj.chicago_md:n84422	a-s---na-
πολέμιον	pole/mion	πολέμιος	pole/mios	urn:cite2:hmt:lsj.chicago_md:n84422	n-s---ma-
πολέμιον	pole/mion	πολέμιος	pole/mios	urn:cite2:hmt:lsj.chicago_md:n84422	n-s---fa-
πολέμιον	pole/mion	πολέμιος	pole/mios	urn:cite2:hmt:lsj.chicago_md:n84422	n-s---nn-
πολέμιον	pole/mion	πολέμιος	pole/mios	urn:cite2:hmt:lsj.chicago_md:n84422	n-s---nv-
πολέμιον	pole/mion	πολέμιος	pole/mios	urn:cite2:hmt:lsj.chicago_md:n84422	n-s---na-
πολέμιον	pole/mion	πολεμέω	poleme/w	urn:cite2:hmt:lsj.chicago_md:n84410	v3piia---
πολέμιον	pole/mion	πολεμέω	poleme/w	urn:cite2:hmt:lsj.chicago_md:n84410	v1siia---
πολέμιος	pole/mios	πολέμιος	pole/mios	urn:cite2:hmt:lsj.chicago_md:n84422	a-s---mn-
πολέμιος	pole/mios	πολέμιος	pole/mios	urn:cite2:hmt:lsj.chicago_md:n84422	n-s---mn-
πολέμιος	pole/mios	πολέμιος	pole/mios	urn:cite2:hmt:lsj.chicago_md:n84422	n-s---fn-
πολέμου	pole/mou	πόλεμος	po/lemos	urn:cite2:hmt:lsj.chicago_md:n84434	n-s---mg-
πολέμου	pole/mou	πολεμόω	polemo/w	urn:cite2:hmt:lsj.chicago_md:n84439	v2spma---
πολέμου	pole/mou	πολεμόω	polemo/w	urn:cite2:hmt:lsj.chicago_md:n84439	v3siia---
πολύαστρον	polu/astron	πολύαστρος	polu/astros	urn:cite2:hmt:lsj.chicago_md:n84640	n-s---ma-
πολύαστρον	polu/astron	πολύαστρος	polu/astros	urn:cite2:hmt:lsj.chicago_md:n84640	n-s---fa-
πολύαστρον	polu/astron	πολύαστρος	polu/astros	urn:cite2:hmt:lsj.chicago_md:n84640	n-s---nn-
πολύαστρον	polu/astron	πολύαστρος	polu/astros	urn:cite2:hmt:lsj.chicago_md:n84640	n-s---nv-
πολύαστρον	polu/astron	πολύαστρος	polu/astros	urn:cite2:hmt:lsj.chicago_md:n84640	n-s---na-
πολύν	polu/n	πολύς	polu/s	urn:cite2:hmt:lsj.chicago_md:n85306	n-s---ma-
πολύς	polu/s	πολύς	polu/s	urn:cite2:hmt:lsj.chicago_md:n85306	n-s---mn-
πολύυμνον	polu/umnon	πολύυμνος	polu/umnos	urn:cite2:hmt:lsj.chicago_md:n85467	n-s---ma-
πολύυμνον	polu/umnon	πολύυμνος	polu/umnos	urn:cite2:hmt:lsj.chicago_md:n85467	n-s---fa-
πολύυμνον	polu/umnon	πολύυμνος	polu/umnos	urn:cite2:hmt:lsj.chicago_md:n85467	n-s---nn-
πολύυμνον	polu/umnon	πολύυμνος	polu/umnos	urn:cite2:hmt:lsj.chicago_md:n85467	n-s---nv-
πολύυμνον	polu/umnon	πολύυμνος	polu/umnos	urn:cite2:hmt:lsj.chicago_md:n85467	n-s---na-
πονηρούς	ponhrou/s	πονηρός	ponhro/s	urn:cite2:hmt:lsj.chicago_md:n85654	a-p---ma-
πονηράν	ponhra/n	πονηρός	ponhro/s	urn:cite2:hmt:lsj.chicago_md:n85654	a-s---fa-
πονηρός	ponhro/s	πονηρός	ponhro/s	urn:cite2:hmt:lsj.chicago_md:n85654	a-s---mn-
ποντίου	ponti/ou	Πόντιος	*po/ntios	urn:cite2:hmt:lsj.chicago_md:n85675	n-s---mg-
ποντίου	ponti/ou	πόντιος	po/ntios	urn:cite2:hmt:lsj.chicago_md:n85675	a-s---mg-
ποντίου	ponti/ou	πόντιος	po/ntios	urn:cite2:hmt:lsj.chicago_md:n85675	a-s---ng-
ποντίου	ponti/ou	πόντιος	po/ntios	urn:cite2:hmt:lsj.chicago_md:n85675	n-s---mg-
ποντίου	ponti/ou	πόντιος	po/ntios	urn:cite2:hmt:lsj.chicago_md:n85675	n-s---fg-
ποντίου	ponti/ou	πόντιος	po/ntios	urn:cite2:hmt:lsj.chicago_md:n85675	n-s---ng-
πορευθῶ	poreuqw=	πορεύω	poreu/w	urn:cite2:hmt:lsj.chicago_md:n85734	v1sasp---
πορθμεῦσαι	porqmeu=sai	πορθμεύω	porqmeu/w	urn:cite2:hmt:lsj.chicago_md:n85750	v--ana---
ποσί	posi/	πούς	pou/s	urn:cite2:hmt:lsj.chicago_md:n86108	n-p---md-
ποταμῶν	potamw=n	ποταμός	potamo/s	urn:cite2:hmt:lsj.chicago_md:n85953	n-p---mg-
ποτε	pote	ποτέ	pote/	urn:cite2:hmt:lsj.chicago_md:n85971	g--------
ποτε	pote	ποτέ	pote/	urn:cite2:hmt:lsj.chicago_md:n85971a	g--------
ποτοῦ	potou=	ποτάομαι	pota/omai	urn:cite2:hmt:lsj.chicago_md:n85962	v2spme---
ποτοῦ	potou=	ποτάομαι	pota/omai	urn:cite2:hmt:lsj.chicago_md:n85962	v2siie---
ποτοῦ	potou=	ποτέομαι	pote/omai	urn:cite2:hmt:lsj.chicago_md:n85979	v2spme---
ποτοῦ	potou=	ποτέομαι	pote/omai	urn:cite2:hmt:lsj.chicago_md:n85979	v2siie---
ποτοῦ	potou=	ποτός	poto/s	urn:cite2:hmt:lsj.chicago_md:n86083	a-s---mg-
ποτοῦ	potou=	ποτός	poto/s	urn:cite2:hmt:lsj.chicago_md:n86083	a-s---ng-
ποτοῦ	potou=	προσίημι	prosi/hmi	urn:cite2:hmt:lsj.chicago_md:n89440	v--amm---
ποτέ	pote/	ποτέ	pote/	urn:cite2:hmt:lsj.chicago_md:n85971	g--------
ποτέ	pote/	ποτέ	pote/	urn:cite2:hmt:lsj.chicago_md:n85971a	g--------
ποτέ	pote/	ποτός	poto/s	urn:cite2:hmt:lsj.chicago_md:n86083	a-s---mv-
ποτόν	poto/n	ποτός	poto/s	urn:cite2:hmt:lsj.chicago_md:n86083	a-s---ma-
ποτόν	poto/n	ποτός	poto/s	urn:cite2:hmt:lsj.chicago_md:n86083	a-s---nn-
ποτόν	poto/n	ποτός	poto/s	urn:cite2:hmt:lsj.chicago_md:n86083	a-s---nv-
ποτόν	poto/n	ποτός	poto/s	urn:cite2:hmt:lsj.chicago_md:n86083	a-s---na-
ποτόν	poto/n	πρόσειμι1	pro/seimi	urn:cite2:hmt:lsj.chicago_md:n88971	v-sppamv-
ποτόν	poto/n	πρόσειμι1	pro/seimi	urn:cite2:hmt:lsj.chicago_md:n88972	v-sppamv-
ποτόν	poto/n	πρόσειμι1	pro/seimi	urn:cite2:hmt:lsj.chicago_md:n88971	v-sppann-
ποτόν	poto/n	πρόσειμι1	pro/seimi	urn:cite2:hmt:lsj.chicago_md:n88972	v-sppann-
ποτόν	poto/n	πρόσειμι1	pro/seimi	urn:cite2:hmt:lsj.chicago_md:n88971	v-sppanv-
ποτόν	poto/n	πρόσειμι1	pro/seimi	urn:cite2:hmt:lsj.chicago_md:n88972	v-sppanv-
ποτόν	poto/n	πρόσειμι1	pro/seimi	urn:cite2:hmt:lsj.chicago_md:n88971	v-sppana-
ποτόν	poto/n	πρόσειμι1	pro/seimi	urn:cite2:hmt:lsj.chicago_md:n88972	v-sppana-
που	pou	πού	pou/	urn:cite2:hmt:lsj.chicago_md:n86087	d--------
που	pou	πού	pou/	urn:cite2:hmt:lsj.chicago_md:n86088	d--------
ποίας	poi/as	πόα	po/a	urn:cite2:hmt:lsj.chicago_md:n84094	n-p---fa-
ποίας	poi/as	πόα	po/a	urn:cite2:hmt:lsj.chicago_md:n84094	n-s---fg-
ποίας	poi/as	ποῖος	poi=os	urn:cite2:hmt:lsj.chicago_md:n84363	a-p---fa-
ποίας	poi/as	ποῖος	poi=os	urn:cite2:hmt:lsj.chicago_md:n84363	a-s---fg-
ποίοισι	poi/oisi	ποῖος	poi=os	urn:cite2:hmt:lsj.chicago_md:n84363	a-p---md-
ποίοισι	poi/oisi	ποῖος	poi=os	urn:cite2:hmt:lsj.chicago_md:n84363	a-p---nd-
ποίοισι	poi/oisi	ποιέω	poie/w	urn:cite2:hmt:lsj.chicago_md:n84234	v-pppamd-
ποίοισι	poi/oisi	ποιέω	poie/w	urn:cite2:hmt:lsj.chicago_md:n84234	v-pppand-
ποίᾳ	poi/a|	πόα	po/a	urn:cite2:hmt:lsj.chicago_md:n84094	n-s---fd-
ποίᾳ	poi/a|	ποῖος	poi=os	urn:cite2:hmt:lsj.chicago_md:n84363	a-s---fd-
ποίῳ	poi/w|	ποῖος	poi=os	urn:cite2:hmt:lsj.chicago_md:n84363	a-s---md-
ποίῳ	poi/w|	ποῖος	poi=os	urn:cite2:hmt:lsj.chicago_md:n84363	a-s---nd-
πούς	pou/s	πούς	pou/s	urn:cite2:hmt:lsj.chicago_md:n86108	n-s---mn-
ποῖ	poi=	ποι	poi	urn:cite2:hmt:lsj.chicago_md:n84227	d--------
ποῖ	poi=	ποῖ	poi=	urn:cite2:hmt:lsj.chicago_md:n84227	d--------
ποῖον	poi=on	ποῖος	poi=os	urn:cite2:hmt:lsj.chicago_md:n84363	a-s---ma-
ποῖον	poi=on	ποῖος	poi=os	urn:cite2:hmt:lsj.chicago_md:n84363	a-s---nn-
ποῖον	poi=on	ποῖος	poi=os	urn:cite2:hmt:lsj.chicago_md:n84363	a-s---nv-
ποῖον	poi=on	ποῖος	poi=os	urn:cite2:hmt:lsj.chicago_md:n84363	a-s---na-
ποῖόν	poi=o/n	ποῖος	poi=os	urn:cite2:hmt:lsj.chicago_md:n84363	a-s---ma-
ποῖόν	poi=o/n	ποῖος	poi=os	urn:cite2:hmt:lsj.chicago_md:n84363	a-s---nn-
ποῖόν	poi=o/n	ποῖος	poi=os	urn:cite2:hmt:lsj.chicago_md:n84363	a-s---nv-
ποῖόν	poi=o/n	ποῖος	poi=os	urn:cite2:hmt:lsj.chicago_md:n84363	a-s---na-
ποῦ	pou=	πού	pou/	urn:cite2:hmt:lsj.chicago_md:n86087	d--------
ποῦ	pou=	πού	pou/	urn:cite2:hmt:lsj.chicago_md:n86088	d--------
ποῦ	pou=	ποῦ	pou=	urn:cite2:hmt:lsj.chicago_md:n86087	x--------
πραγμάτων	pragma/twn	πρᾶγμα	pra=gma	urn:cite2:hmt:lsj.chicago_md:n86112	n-p---ng-
πραθείς	praqei/s	πιπράσκω	pipra/skw	urn:cite2:hmt:lsj.chicago_md:n83251	v-sappmn-
πραθείς	praqei/s	πιπράσκω	pipra/skw	urn:cite2:hmt:lsj.chicago_md:n83251	v-sappmv-
προβωμίοις	probwmi/ois	προβώμιος	probw/mios	urn:cite2:hmt:lsj.chicago_md:n86871	n-p---md-
προβωμίοις	probwmi/ois	προβώμιος	probw/mios	urn:cite2:hmt:lsj.chicago_md:n86871	n-p---fd-
προβωμίοις	probwmi/ois	προβώμιος	probw/mios	urn:cite2:hmt:lsj.chicago_md:n86871	n-p---nd-
προβῇ	probh=|	προβαίνω	probai/nw	urn:cite2:hmt:lsj.chicago_md:n86763	v3sasa---
προγόνων	progo/nwn	πρόγονος	pro/gonos	urn:cite2:hmt:lsj.chicago_md:n86917	n-p---mg-
προδεδόμεσθα	prodedo/mesqa	προδίδωμι	prodi/dwmi	urn:cite2:hmt:lsj.chicago_md:n87038	v1prie---
προδεδόμεσθα	prodedo/mesqa	προδίδωμι	prodi/dwmi	urn:cite2:hmt:lsj.chicago_md:n87038	v1plie---
προδούς	prodou/s	προδίδωμι	prodi/dwmi	urn:cite2:hmt:lsj.chicago_md:n87038	v-sapamn-
προδούς	prodou/s	προδίδωμι	prodi/dwmi	urn:cite2:hmt:lsj.chicago_md:n87038	v-sapamv-
προδούς	prodou/s	προδίδωμι	prodi/dwmi	urn:cite2:hmt:lsj.chicago_md:n87038	v-sapamn-
προδούς	prodou/s	προδίδωμι	prodi/dwmi	urn:cite2:hmt:lsj.chicago_md:n87038	v-sapamv-
προδίδωσι	prodi/dwsi	προδίδωμι	prodi/dwmi	urn:cite2:hmt:lsj.chicago_md:n87038	v3spia---
προδότας	prodo/tas	προδότης	prodo/ths	urn:cite2:hmt:lsj.chicago_md:n87091	n-p---ma-
προδότας	prodo/tas	προδότης	prodo/ths	urn:cite2:hmt:lsj.chicago_md:n87091	n-s---mn-
προδότης	prodo/ths	προδότης	prodo/ths	urn:cite2:hmt:lsj.chicago_md:n87091	n-s---mn-
προθυμία	proqumi/a	προθυμία	proqumi/a	urn:cite2:hmt:lsj.chicago_md:n87537	n-d---fn-
προθυμία	proqumi/a	προθυμία	proqumi/a	urn:cite2:hmt:lsj.chicago_md:n87537	n-d---fv-
προθυμία	proqumi/a	προθυμία	proqumi/a	urn:cite2:hmt:lsj.chicago_md:n87537	n-d---fa-
προθυμία	proqumi/a	προθυμία	proqumi/a	urn:cite2:hmt:lsj.chicago_md:n87537	n-s---fn-
προθυμία	proqumi/a	προθυμία	proqumi/a	urn:cite2:hmt:lsj.chicago_md:n87537	n-s---fv-
προθυμίᾳ	proqumi/a|	προθυμία	proqumi/a	urn:cite2:hmt:lsj.chicago_md:n87537	n-p---fn-
προθυμίᾳ	proqumi/a|	προθυμία	proqumi/a	urn:cite2:hmt:lsj.chicago_md:n87537	n-p---fv-
προθυμίᾳ	proqumi/a|	προθυμία	proqumi/a	urn:cite2:hmt:lsj.chicago_md:n87537	n-s---fd-
προθύσων	proqu/swn	προθύω	proqu/w	urn:cite2:hmt:lsj.chicago_md:n87549	v-sfpamn-
προλαβών	prolabw/n	προλαμβάνω	prolamba/nw	urn:cite2:hmt:lsj.chicago_md:n87911	v-sapamn-
προλαμβάνειν	prolamba/nein	προλαμβάνω	prolamba/nw	urn:cite2:hmt:lsj.chicago_md:n87911	v--pna---
προλάζυμαι	prola/zumai	προλάζυμαι	prola/zumai	urn:cite2:hmt:lsj.chicago_md:n87906	v1spim---
προμηθίας	promhqi/as	προμήθεια	promh/qeia	urn:cite2:hmt:lsj.chicago_md:n88013	n-p---fa-
προμηθίας	promhqi/as	προμήθεια	promh/qeia	urn:cite2:hmt:lsj.chicago_md:n88013	n-s---fg-
προξενήσομεν	procenh/somen	προξενέω	procene/w	urn:cite2:hmt:lsj.chicago_md:n88115	v1pasa---
προξενήσομεν	procenh/somen	προξενέω	procene/w	urn:cite2:hmt:lsj.chicago_md:n88115	v1pfia---
προξένων	proce/nwn	πρόξενος	pro/cenos	urn:cite2:hmt:lsj.chicago_md:n88122	n-p---mg-
προπόλευμα	propo/leuma	προπόλευμα	propo/leuma	urn:cite2:hmt:lsj.chicago_md:n88348	n-s---nn-
προπόλευμα	propo/leuma	προπόλευμα	propo/leuma	urn:cite2:hmt:lsj.chicago_md:n88348	n-s---nv-
προπόλευμα	propo/leuma	προπόλευμα	propo/leuma	urn:cite2:hmt:lsj.chicago_md:n88348	n-s---na-
προσαρμόσαι	prosarmo/sai	προσαρμόζω	prosarmo/zw	urn:cite2:hmt:lsj.chicago_md:n88735	v--ana---
προσαρμόσαι	prosarmo/sai	προσαρμόζω	prosarmo/zw	urn:cite2:hmt:lsj.chicago_md:n88735	v3saoa---
προσβαλοῦσα	prosbalou=sa	προσβάλλω	prosba/llw	urn:cite2:hmt:lsj.chicago_md:n88781	v-sapafn-
προσβαλοῦσα	prosbalou=sa	προσβάλλω	prosba/llw	urn:cite2:hmt:lsj.chicago_md:n88781	v-sapafv-
προσβαλοῦσα	prosbalou=sa	προσβάλλω	prosba/llw	urn:cite2:hmt:lsj.chicago_md:n88781	v-sfpafn-
προσβαλοῦσα	prosbalou=sa	προσβάλλω	prosba/llw	urn:cite2:hmt:lsj.chicago_md:n88781	v-sfpafv-
προσβάλλεις	prosba/lleis	προσβάλλω	prosba/llw	urn:cite2:hmt:lsj.chicago_md:n88781	v2spia---
προσβόρρους	prosbo/rrous	πρόσβορρος	pro/sborros	urn:cite2:hmt:lsj.chicago_md:n88807	n-p---ma-
προσβόρρους	prosbo/rrous	πρόσβορρος	pro/sborros	urn:cite2:hmt:lsj.chicago_md:n88807	n-p---fa-
προσεννέπω	prosenne/pw	προσεννέπω	prosenne/pw	urn:cite2:hmt:lsj.chicago_md:n89087	v1spsa---
προσεννέπω	prosenne/pw	προσεννέπω	prosenne/pw	urn:cite2:hmt:lsj.chicago_md:n89087	v1spia---
προστρόπαιον	prostro/paion	προστρόπαιος	prostro/paios	urn:cite2:hmt:lsj.chicago_md:n90193	n-s---ma-
προστρόπαιον	prostro/paion	προστρόπαιος	prostro/paios	urn:cite2:hmt:lsj.chicago_md:n90193	n-s---fa-
προστρόπαιον	prostro/paion	προστρόπαιος	prostro/paios	urn:cite2:hmt:lsj.chicago_md:n90193	n-s---nn-
προστρόπαιον	prostro/paion	προστρόπαιος	prostro/paios	urn:cite2:hmt:lsj.chicago_md:n90193	n-s---nv-
προστρόπαιον	prostro/paion	προστρόπαιος	prostro/paios	urn:cite2:hmt:lsj.chicago_md:n90193	n-s---na-
προστάξας	prosta/cas	προσστάζω	prossta/zw	urn:cite2:hmt:lsj.chicago_md:n90063	v-sapamn-
προστάξας	prosta/cas	προσστάζω	prossta/zw	urn:cite2:hmt:lsj.chicago_md:n90063	v-sapamv-
προστάξας	prosta/cas	προστάσσω	prosta/ssw	urn:cite2:hmt:lsj.chicago_md:n90122	v-sapamn-
προστάξας	prosta/cas	προστάσσω	prosta/ssw	urn:cite2:hmt:lsj.chicago_md:n90122	v-sapamv-
προστάξας	prosta/cas	προστάσσω	prosta/ssw	urn:cite2:hmt:lsj.chicago_md:n90122	v-sapamn-
προστάξας	prosta/cas	προστάσσω	prosta/ssw	urn:cite2:hmt:lsj.chicago_md:n90122	v-sapamv-
προστίθης	prosti/qhs	προστίθημι	prosti/qhmi	urn:cite2:hmt:lsj.chicago_md:n90166	v2spia---
προστίθης	prosti/qhs	προστίθημι	prosti/qhmi	urn:cite2:hmt:lsj.chicago_md:n90166	v2siia---
προστίθησ’	prosti/qhs'	προστίθημι	prosti/qhmi	urn:cite2:hmt:lsj.chicago_md:n90166	v3spia---
προσφθεγμάτων	prosfqegma/twn	πρόσφθεγμα	pro/sfqegma	urn:cite2:hmt:lsj.chicago_md:n90312	n-p---ng-
προσφέρεις	prosfe/reis	προσφέρω	prosfe/rw	urn:cite2:hmt:lsj.chicago_md:n90305	v2spia---
προσάξομαι	prosa/comai	προσάγω	prosa/gw	urn:cite2:hmt:lsj.chicago_md:n88467	v1sasm---
προσάξομαι	prosa/comai	προσάγω	prosa/gw	urn:cite2:hmt:lsj.chicago_md:n88467	v1sfim---
προσάξομαι	prosa/comai	προσάσσω	prosa/ssw	urn:cite2:hmt:lsj.chicago_md:n88748	v1sasm---
προσάξομαι	prosa/comai	προσάσσω	prosa/ssw	urn:cite2:hmt:lsj.chicago_md:n88748	v1sfim---
προσάψασ’	prosa/yas'	προσάπτω	prosa/ptw	urn:cite2:hmt:lsj.chicago_md:n88716	v-sapafn-
προσάψασ’	prosa/yas'	προσάπτω	prosa/ptw	urn:cite2:hmt:lsj.chicago_md:n88716	v-sapafv-
προσάψασ’	prosa/yas'	προσάπτω	prosa/ptw	urn:cite2:hmt:lsj.chicago_md:n88716	v-papamd-
προσάψασ’	prosa/yas'	προσάπτω	prosa/ptw	urn:cite2:hmt:lsj.chicago_md:n88716	v-papand-
προσάψασ’	prosa/yas'	προσάπτω	prosa/ptw	urn:cite2:hmt:lsj.chicago_md:n88716	v-papafn-
προσάψασ’	prosa/yas'	προσάπτω	prosa/ptw	urn:cite2:hmt:lsj.chicago_md:n88716	v-papafv-
προσέβα	prose/ba	προσβαίνω	prosbai/nw	urn:cite2:hmt:lsj.chicago_md:n88779	v3saia---
προσέβα	prose/ba	προσβαίνω	prosbai/nw	urn:cite2:hmt:lsj.chicago_md:n88779	v3saia---
προσήκει	prosh/kei	προσήκω	prosh/kw	urn:cite2:hmt:lsj.chicago_md:n89366	v2spie---
προσήκει	prosh/kei	προσήκω	prosh/kw	urn:cite2:hmt:lsj.chicago_md:n89366	v3spia---
προσώπων	prosw/pwn	πρόσωπον	pro/swpon	urn:cite2:hmt:lsj.chicago_md:n90433	n-p---ng-
προσῳδός	prosw|do/s	προσῳδός	prosw|do/s	urn:cite2:hmt:lsj.chicago_md:n90416	n-s---mn-
προσῳδός	prosw|do/s	προσῳδός	prosw|do/s	urn:cite2:hmt:lsj.chicago_md:n90416	n-s---fn-
προφητεύει	profhteu/ei	προφητεύω	profhteu/w	urn:cite2:hmt:lsj.chicago_md:n90678	v2spie---
προφητεύει	profhteu/ei	προφητεύω	profhteu/w	urn:cite2:hmt:lsj.chicago_md:n90678	v3spia---
προφητεύει	profhteu/ei	προφητεύω	profhteu/w	urn:cite2:hmt:lsj.chicago_md:n90678	v2spie---
προφητεύει	profhteu/ei	προφητεύω	profhteu/w	urn:cite2:hmt:lsj.chicago_md:n90678	v3spia---
προφητεύσει	profhteu/sei	προφητεύω	profhteu/w	urn:cite2:hmt:lsj.chicago_md:n90678	v3sasa---
προφητεύσει	profhteu/sei	προφητεύω	profhteu/w	urn:cite2:hmt:lsj.chicago_md:n90678	v2sfim---
προφητεύσει	profhteu/sei	προφητεύω	profhteu/w	urn:cite2:hmt:lsj.chicago_md:n90678	v3sfia---
προφητεύσει	profhteu/sei	προφητεύω	profhteu/w	urn:cite2:hmt:lsj.chicago_md:n90678	v3sasa---
προφητεύσει	profhteu/sei	προφητεύω	profhteu/w	urn:cite2:hmt:lsj.chicago_md:n90678	v2sfim---
προφητεύσει	profhteu/sei	προφητεύω	profhteu/w	urn:cite2:hmt:lsj.chicago_md:n90678	v3sfia---
προφῆτις	profh=tis	προφῆτις	profh=tis	urn:cite2:hmt:lsj.chicago_md:n90682	n-s---fn-
προύλαβον	prou/labon	προλαμβάνω	prolamba/nw	urn:cite2:hmt:lsj.chicago_md:n87911	v3paia---
προύλαβον	prou/labon	προλαμβάνω	prolamba/nw	urn:cite2:hmt:lsj.chicago_md:n87911	v1saia---
πράγμασι	pra/gmasi	πρᾶγμα	pra=gma	urn:cite2:hmt:lsj.chicago_md:n86112	n-p---nd-
πράγματα	pra/gmata	πρᾶγμα	pra=gma	urn:cite2:hmt:lsj.chicago_md:n86112	n-p---nn-
πράγματα	pra/gmata	πρᾶγμα	pra=gma	urn:cite2:hmt:lsj.chicago_md:n86112	n-p---nv-
πράγματα	pra/gmata	πρᾶγμα	pra=gma	urn:cite2:hmt:lsj.chicago_md:n86112	n-p---na-
πράξειαν	pra/ceian	πράσσω	pra/ssw	urn:cite2:hmt:lsj.chicago_md:n86219	v3paoa---
πράξειαν	pra/ceian	πράσσω	pra/ssw	urn:cite2:hmt:lsj.chicago_md:n86219	v3paoa---
πράξεις	pra/ceis	πράσσω	pra/ssw	urn:cite2:hmt:lsj.chicago_md:n86219	v2sasa---
πράξεις	pra/ceis	πράσσω	pra/ssw	urn:cite2:hmt:lsj.chicago_md:n86219	v2sasa---
πράξεις	pra/ceis	πράσσω	pra/ssw	urn:cite2:hmt:lsj.chicago_md:n86219	v2sfia---
πράξεις	pra/ceis	πρᾶξις	pra=cis	urn:cite2:hmt:lsj.chicago_md:n86184	n-p---fn-
πράξεις	pra/ceis	πρᾶξις	pra=cis	urn:cite2:hmt:lsj.chicago_md:n86184	n-p---fv-
πράξεις	pra/ceis	πρᾶξις	pra=cis	urn:cite2:hmt:lsj.chicago_md:n86184	n-p---fn-
πράξεις	pra/ceis	πρᾶξις	pra=cis	urn:cite2:hmt:lsj.chicago_md:n86184	n-p---fa-
πράξομεν	pra/comen	πράσσω	pra/ssw	urn:cite2:hmt:lsj.chicago_md:n86219	v1pasa---
πράξομεν	pra/comen	πράσσω	pra/ssw	urn:cite2:hmt:lsj.chicago_md:n86219	v1pasa---
πράξομεν	pra/comen	πράσσω	pra/ssw	urn:cite2:hmt:lsj.chicago_md:n86219	v1pfia---
πράσσειν	pra/ssein	πράσσω	pra/ssw	urn:cite2:hmt:lsj.chicago_md:n86219	v--pna---
πράσσων	pra/sswn	πράσσω	pra/ssw	urn:cite2:hmt:lsj.chicago_md:n86219	v-sppamn-
πρέπον	pre/pon	πρέπω	pre/pw	urn:cite2:hmt:lsj.chicago_md:n86276	v-sppamv-
πρέπον	pre/pon	πρέπω	pre/pw	urn:cite2:hmt:lsj.chicago_md:n86276	v-sppann-
πρέπον	pre/pon	πρέπω	pre/pw	urn:cite2:hmt:lsj.chicago_md:n86276	v-sppanv-
πρέπον	pre/pon	πρέπω	pre/pw	urn:cite2:hmt:lsj.chicago_md:n86276	v-sppana-
πρέπον	pre/pon	πρέπω	pre/pw	urn:cite2:hmt:lsj.chicago_md:n86276	v3piia---
πρέπον	pre/pon	πρέπω	pre/pw	urn:cite2:hmt:lsj.chicago_md:n86276	v1siia---
πρέπον	pre/pon	πρέπων	pre/pwn	urn:cite2:hmt:lsj.chicago_md:n86278	n-s---mv-
πρέπουσά	pre/pousa/	πρέπω	pre/pw	urn:cite2:hmt:lsj.chicago_md:n86276	v-sppafn-
πρέπουσά	pre/pousa/	πρέπω	pre/pw	urn:cite2:hmt:lsj.chicago_md:n86276	v-sppafv-
πρέσβυ	pre/sbu	πρέσβυς	pre/sbus	urn:cite2:hmt:lsj.chicago_md:n86305	n-s---mv-
πρέσβυν	pre/sbun	πρέσβυς	pre/sbus	urn:cite2:hmt:lsj.chicago_md:n86305	n-s---ma-
πρέσβυς	pre/sbus	πρέσβυς	pre/sbus	urn:cite2:hmt:lsj.chicago_md:n86305	n-s---mn-
πρίν	pri/n	πρίν	pri/n	urn:cite2:hmt:lsj.chicago_md:n86371	d--------
πρό	pro/	πρό	pro/	urn:cite2:hmt:lsj.chicago_md:n86405	r--------
πρόγονον	pro/gonon	πρόγονος	pro/gonos	urn:cite2:hmt:lsj.chicago_md:n86917	n-s---ma-
πρόγονος	pro/gonos	πρόγονος	pro/gonos	urn:cite2:hmt:lsj.chicago_md:n86917	n-s---mn-
πρόθυμα	pro/quma	πρόθυμα	pro/quma	urn:cite2:hmt:lsj.chicago_md:n87534	n-s---nn-
πρόθυμα	pro/quma	πρόθυμα	pro/quma	urn:cite2:hmt:lsj.chicago_md:n87534	n-s---nv-
πρόθυμα	pro/quma	πρόθυμα	pro/quma	urn:cite2:hmt:lsj.chicago_md:n87534	n-s---na-
πρόθυμα	pro/quma	πρόθυμος	pro/qumos	urn:cite2:hmt:lsj.chicago_md:n87541	n-p---nn-
πρόθυμα	pro/quma	πρόθυμος	pro/qumos	urn:cite2:hmt:lsj.chicago_md:n87541	n-p---nv-
πρόθυμα	pro/quma	πρόθυμος	pro/qumos	urn:cite2:hmt:lsj.chicago_md:n87541	n-p---na-
πρόθυμος	pro/qumos	πρόθυμος	pro/qumos	urn:cite2:hmt:lsj.chicago_md:n87541	n-s---mn-
πρόθυμος	pro/qumos	πρόθυμος	pro/qumos	urn:cite2:hmt:lsj.chicago_md:n87541	n-s---fn-
πρόμαντι	pro/manti	πρόμαντις	pro/mantis	urn:cite2:hmt:lsj.chicago_md:n87975	n-s---fv-
πρόμαντι	pro/manti	πρόμαντις	pro/mantis	urn:cite2:hmt:lsj.chicago_md:n87975	n-s---fv-
πρός	pro/s	πρός	pro/s	urn:cite2:hmt:lsj.chicago_md:n88443	r--------
πρόσβορρον	pro/sborron	πρόσβορρος	pro/sborros	urn:cite2:hmt:lsj.chicago_md:n88807	n-s---ma-
πρόσβορρον	pro/sborron	πρόσβορρος	pro/sborros	urn:cite2:hmt:lsj.chicago_md:n88807	n-s---fa-
πρόσβορρον	pro/sborron	πρόσβορρος	pro/sborros	urn:cite2:hmt:lsj.chicago_md:n88807	n-s---nn-
πρόσβορρον	pro/sborron	πρόσβορρος	pro/sborros	urn:cite2:hmt:lsj.chicago_md:n88807	n-s---nv-
πρόσβορρον	pro/sborron	πρόσβορρος	pro/sborros	urn:cite2:hmt:lsj.chicago_md:n88807	n-s---na-
πρόσειπε	pro/seipe	προσεῖπον	prosei=pon	urn:cite2:hmt:lsj.chicago_md:n88973	v2sama---
πρόσειπε	pro/seipe	προσεῖπον	prosei=pon	urn:cite2:hmt:lsj.chicago_md:n88973	v3saia---
πρόσειπε	pro/seipe	προσεῖπον	prosei=pon	urn:cite2:hmt:lsj.chicago_md:n88973	v3saia---
πρόσθε	pro/sqe	πρόσθεν	pro/sqen	urn:cite2:hmt:lsj.chicago_md:n89405	d--------
πρόσθεν	pro/sqen	πρόσθεν	pro/sqen	urn:cite2:hmt:lsj.chicago_md:n89405	d--------
πρόσιδ’	pro/sid'	προσεῖδον	prosei=don	urn:cite2:hmt:lsj.chicago_md:n88963	v2sama---
πρόσιδ’	pro/sid'	προσεῖδον	prosei=don	urn:cite2:hmt:lsj.chicago_md:n88963	v3saia---
πρόσπολοι	pro/spoloi	πρόσπολος	pro/spolos	urn:cite2:hmt:lsj.chicago_md:n89993	n-p---mn-
πρόσπολοι	pro/spoloi	πρόσπολος	pro/spolos	urn:cite2:hmt:lsj.chicago_md:n89993	n-p---mv-
πρόσφορα	pro/sfora	πρόσφορος	pro/sforos	urn:cite2:hmt:lsj.chicago_md:n90334	n-p---nn-
πρόσφορα	pro/sfora	πρόσφορος	pro/sforos	urn:cite2:hmt:lsj.chicago_md:n90334	n-p---nv-
πρόσφορα	pro/sfora	πρόσφορος	pro/sforos	urn:cite2:hmt:lsj.chicago_md:n90334	n-p---na-
πρόσω	pro/sw	πρόσω	pro/sw	urn:cite2:hmt:lsj.chicago_md:n90410	d--------
πρόσωθεν	pro/swqen	πρόσωθεν	pro/swqen	urn:cite2:hmt:lsj.chicago_md:n90417	d--------
πρόσωπον	pro/swpon	πρόσωπον	pro/swpon	urn:cite2:hmt:lsj.chicago_md:n90433	n-s---nn-
πρόσωπον	pro/swpon	πρόσωπον	pro/swpon	urn:cite2:hmt:lsj.chicago_md:n90433	n-s---nv-
πρόσωπον	pro/swpon	πρόσωπον	pro/swpon	urn:cite2:hmt:lsj.chicago_md:n90433	n-s---na-
πρόχοισιν	pro/xoisin	πρόχοος	pro/xoos	urn:cite2:hmt:lsj.chicago_md:n90772	n-p---fd-
πρύμνας	pru/mnas	πρύμνα	pru/mna	urn:cite2:hmt:lsj.chicago_md:n90833	n-p---fa-
πρύμνας	pru/mnas	πρύμνα	pru/mna	urn:cite2:hmt:lsj.chicago_md:n90833	n-s---fg-
πρύμνας	pru/mnas	πρύμνα	pru/mna	urn:cite2:hmt:lsj.chicago_md:n90833	n-p---fa-
πρύμνας	pru/mnas	πρύμνα	pru/mna	urn:cite2:hmt:lsj.chicago_md:n90833	n-s---fg-
πρύμνηθεν	pru/mnhqen	πρύμνηθεν	pru/mnhqen	urn:cite2:hmt:lsj.chicago_md:n90836	d--------
πρώτῳ	prw/tw|	πρότερος	pro/teros	urn:cite2:hmt:lsj.chicago_md:n90504	a-s---md-
πρώτῳ	prw/tw|	πρότερος	pro/teros	urn:cite2:hmt:lsj.chicago_md:n90504	a-s---nd-
πρώτῳ	prw/tw|	πρῶτος	prw=tos	urn:cite2:hmt:lsj.chicago_md:n91038	a-s---md-
πρώτῳ	prw/tw|	πρῶτος	prw=tos	urn:cite2:hmt:lsj.chicago_md:n91038	a-s---nd-
πρᾶγμα	pra=gma	πρᾶγμα	pra=gma	urn:cite2:hmt:lsj.chicago_md:n86112	n-s---nn-
πρᾶγμα	pra=gma	πρᾶγμα	pra=gma	urn:cite2:hmt:lsj.chicago_md:n86112	n-s---nv-
πρᾶγμα	pra=gma	πρᾶγμα	pra=gma	urn:cite2:hmt:lsj.chicago_md:n86112	n-s---na-
πρᾶξαι	pra=cai	πράσσω	pra/ssw	urn:cite2:hmt:lsj.chicago_md:n86219	v2samm---
πρᾶξαι	pra=cai	πράσσω	pra/ssw	urn:cite2:hmt:lsj.chicago_md:n86219	v--ana---
πρῶτα	prw=ta	πρότερος	pro/teros	urn:cite2:hmt:lsj.chicago_md:n90504	a-p---nn-
πρῶτα	prw=ta	πρότερος	pro/teros	urn:cite2:hmt:lsj.chicago_md:n90504	a-p---nv-
πρῶτα	prw=ta	πρότερος	pro/teros	urn:cite2:hmt:lsj.chicago_md:n90504	a-p---na-
πρῶτα	prw=ta	πρῶτος	prw=tos	urn:cite2:hmt:lsj.chicago_md:n91038	a-p---nn-
πρῶτα	prw=ta	πρῶτος	prw=tos	urn:cite2:hmt:lsj.chicago_md:n91038	a-p---nv-
πρῶτα	prw=ta	πρῶτος	prw=tos	urn:cite2:hmt:lsj.chicago_md:n91038	a-p---na-
πρῶτον	prw=ton	πρότερος	pro/teros	urn:cite2:hmt:lsj.chicago_md:n90504	a-s---ma-
πρῶτον	prw=ton	πρότερος	pro/teros	urn:cite2:hmt:lsj.chicago_md:n90504	a-s---nn-
πρῶτον	prw=ton	πρότερος	pro/teros	urn:cite2:hmt:lsj.chicago_md:n90504	a-s---nv-
πρῶτον	prw=ton	πρότερος	pro/teros	urn:cite2:hmt:lsj.chicago_md:n90504	a-s---na-
πρῶτον	prw=ton	πρῶτος	prw=tos	urn:cite2:hmt:lsj.chicago_md:n91038	a-s---ma-
πρῶτον	prw=ton	πρῶτος	prw=tos	urn:cite2:hmt:lsj.chicago_md:n91038	a-s---nn-
πρῶτον	prw=ton	πρῶτος	prw=tos	urn:cite2:hmt:lsj.chicago_md:n91038	a-s---nv-
πρῶτον	prw=ton	πρῶτος	prw=tos	urn:cite2:hmt:lsj.chicago_md:n91038	a-s---na-
πρῶτος	prw=tos	πρότερος	pro/teros	urn:cite2:hmt:lsj.chicago_md:n90504	a-s---mn-
πρῶτος	prw=tos	πρῶτος	prw=tos	urn:cite2:hmt:lsj.chicago_md:n91038	a-s---mn-
πρῶτ’	prw=t'	πρότερος	pro/teros	urn:cite2:hmt:lsj.chicago_md:n90504	a-p---nn-
πρῶτ’	prw=t'	πρότερος	pro/teros	urn:cite2:hmt:lsj.chicago_md:n90504	a-p---nv-
πρῶτ’	prw=t'	πρότερος	pro/teros	urn:cite2:hmt:lsj.chicago_md:n90504	a-p---na-
πρῶτ’	prw=t'	πρότερος	pro/teros	urn:cite2:hmt:lsj.chicago_md:n90504	a-s---mv-
πρῶτ’	prw=t'	πρότερος	pro/teros	urn:cite2:hmt:lsj.chicago_md:n90504	a-p---fn-
πρῶτ’	prw=t'	πρότερος	pro/teros	urn:cite2:hmt:lsj.chicago_md:n90504	a-p---fv-
πρῶτ’	prw=t'	πρῶτος	prw=tos	urn:cite2:hmt:lsj.chicago_md:n91038	a-p---nn-
πρῶτ’	prw=t'	πρῶτος	prw=tos	urn:cite2:hmt:lsj.chicago_md:n91038	a-p---nv-
πρῶτ’	prw=t'	πρῶτος	prw=tos	urn:cite2:hmt:lsj.chicago_md:n91038	a-p---na-
πρῶτ’	prw=t'	πρῶτος	prw=tos	urn:cite2:hmt:lsj.chicago_md:n91038	a-s---mv-
πρῶτ’	prw=t'	πρῶτος	prw=tos	urn:cite2:hmt:lsj.chicago_md:n91038	a-p---fn-
πρῶτ’	prw=t'	πρῶτος	prw=tos	urn:cite2:hmt:lsj.chicago_md:n91038	a-p---fv-
πταμένα	ptame/na	πέτομαι	pe/tomai	urn:cite2:hmt:lsj.chicago_md:n82756	v-dapmfn-
πταμένα	ptame/na	πέτομαι	pe/tomai	urn:cite2:hmt:lsj.chicago_md:n82756	v-dapmfv-
πταμένα	ptame/na	πέτομαι	pe/tomai	urn:cite2:hmt:lsj.chicago_md:n82756	v-dapmfa-
πταμένα	ptame/na	πέτομαι	pe/tomai	urn:cite2:hmt:lsj.chicago_md:n82756	v-sapmfn-
πταμένα	ptame/na	πέτομαι	pe/tomai	urn:cite2:hmt:lsj.chicago_md:n82756	v-sapmfv-
πταμένα	ptame/na	πτάζω	pta/zw	urn:cite2:hmt:lsj.chicago_md:n91082	v-dfpmfn-
πταμένα	ptame/na	πτάζω	pta/zw	urn:cite2:hmt:lsj.chicago_md:n91082	v-dfpmfv-
πταμένα	ptame/na	πτάζω	pta/zw	urn:cite2:hmt:lsj.chicago_md:n91082	v-dfpmfa-
πταμένα	ptame/na	πτάζω	pta/zw	urn:cite2:hmt:lsj.chicago_md:n91082	v-sfpmfn-
πταμένα	ptame/na	πτάζω	pta/zw	urn:cite2:hmt:lsj.chicago_md:n91082	v-sfpmfv-
πτανοί	ptanoi/	πτηνός	pthno/s	urn:cite2:hmt:lsj.chicago_md:n91183	a-p---mn-
πτανοί	ptanoi/	πτηνός	pthno/s	urn:cite2:hmt:lsj.chicago_md:n91183	a-p---mv-
πτανοί	ptanoi/	πτηνός	pthno/s	urn:cite2:hmt:lsj.chicago_md:n91183	n-p---mn-
πτανοί	ptanoi/	πτηνός	pthno/s	urn:cite2:hmt:lsj.chicago_md:n91183	n-p---mv-
πτανοί	ptanoi/	πτηνός	pthno/s	urn:cite2:hmt:lsj.chicago_md:n91183	n-p---fn-
πτανοί	ptanoi/	πτηνός	pthno/s	urn:cite2:hmt:lsj.chicago_md:n91183	n-p---fv-
πτανοῖς	ptanoi=s	πτηνός	pthno/s	urn:cite2:hmt:lsj.chicago_md:n91183	a-p---md-
πτανοῖς	ptanoi=s	πτηνός	pthno/s	urn:cite2:hmt:lsj.chicago_md:n91183	a-p---nd-
πτανοῖς	ptanoi=s	πτηνός	pthno/s	urn:cite2:hmt:lsj.chicago_md:n91183	n-p---md-
πτανοῖς	ptanoi=s	πτηνός	pthno/s	urn:cite2:hmt:lsj.chicago_md:n91183	n-p---fd-
πτανοῖς	ptanoi=s	πτηνός	pthno/s	urn:cite2:hmt:lsj.chicago_md:n91183	n-p---nd-
πτεροῖς	pteroi=s	πτερόν	ptero/n	urn:cite2:hmt:lsj.chicago_md:n91137	n-p---nd-
πτεροῖς	pteroi=s	πτερόω	ptero/w	urn:cite2:hmt:lsj.chicago_md:n91154	v2spoa---
πτεροῖς	pteroi=s	πτερόω	ptero/w	urn:cite2:hmt:lsj.chicago_md:n91154	v2spsa---
πτεροῖς	pteroi=s	πτερόω	ptero/w	urn:cite2:hmt:lsj.chicago_md:n91154	v2spia---
πτεροῦντος	pterou=ntos	πτερόω	ptero/w	urn:cite2:hmt:lsj.chicago_md:n91154	v-sppamg-
πτεροῦντος	pterou=ntos	πτερόω	ptero/w	urn:cite2:hmt:lsj.chicago_md:n91154	v-sppang-
πτερόεσσαν	ptero/essan	πτερόεις	ptero/eis	urn:cite2:hmt:lsj.chicago_md:n91133	n-s---fa-
πτηνός	pthno/s	πτηνός	pthno/s	urn:cite2:hmt:lsj.chicago_md:n91183	a-s---mn-
πτηνός	pthno/s	πτηνός	pthno/s	urn:cite2:hmt:lsj.chicago_md:n91183	n-s---mn-
πτηνός	pthno/s	πτηνός	pthno/s	urn:cite2:hmt:lsj.chicago_md:n91183	n-s---fn-
πτηνῶν	pthnw=n	πτηνός	pthno/s	urn:cite2:hmt:lsj.chicago_md:n91183	a-p---fg-
πτηνῶν	pthnw=n	πτηνός	pthno/s	urn:cite2:hmt:lsj.chicago_md:n91183	a-p---mg-
πτηνῶν	pthnw=n	πτηνός	pthno/s	urn:cite2:hmt:lsj.chicago_md:n91183	a-p---ng-
πτηνῶν	pthnw=n	πτηνός	pthno/s	urn:cite2:hmt:lsj.chicago_md:n91183	n-p---mg-
πτηνῶν	pthnw=n	πτηνός	pthno/s	urn:cite2:hmt:lsj.chicago_md:n91183	n-p---fg-
πτηνῶν	pthnw=n	πτηνός	pthno/s	urn:cite2:hmt:lsj.chicago_md:n91183	n-p---ng-
πτέρυγα	pte/ruga	πτέρυξ	pte/ruc	urn:cite2:hmt:lsj.chicago_md:n91170	n-s---fa-
πτέρυγας	pte/rugas	πτέρυξ	pte/ruc	urn:cite2:hmt:lsj.chicago_md:n91170	n-p---fa-
πτέρυγι	pte/rugi	πτέρυξ	pte/ruc	urn:cite2:hmt:lsj.chicago_md:n91170	n-s---fd-
πτόλιν	pto/lin	πόλις	po/lis	urn:cite2:hmt:lsj.chicago_md:n84494	n-s---fa-
πτόρθοισι	pto/rqoisi	πτόρθος	pto/rqos	urn:cite2:hmt:lsj.chicago_md:n91235	n-p---md-
πυθοίμεθ’	puqoi/meq'	πύθω	pu/qw	urn:cite2:hmt:lsj.chicago_md:n91391	v1ppop---
πυθοίμεθ’	puqoi/meq'	πυνθάνομαι	punqa/nomai	urn:cite2:hmt:lsj.chicago_md:n91516	v1paom---
πυθέσθαι	puqe/sqai	πυνθάνομαι	punqa/nomai	urn:cite2:hmt:lsj.chicago_md:n91516	v--anm---
πυθόχρηστος	puqo/xrhstos	Πυθόχρηστος	*puqo/xrhstos	urn:cite2:hmt:lsj.chicago_md:n91390	n-s---mn-
πυθόχρηστος	puqo/xrhstos	Πυθόχρηστος	*puqo/xrhstos	urn:cite2:hmt:lsj.chicago_md:n91390	n-s---fn-
πυλώματα	pulw/mata	πύλωμα	pu/lwma	urn:cite2:hmt:lsj.chicago_md:n91507	n-p---nn-
πυλώματα	pulw/mata	πύλωμα	pu/lwma	urn:cite2:hmt:lsj.chicago_md:n91507	n-p---nv-
πυλώματα	pulw/mata	πύλωμα	pu/lwma	urn:cite2:hmt:lsj.chicago_md:n91507	n-p---na-
πυλῶν	pulw=n	πύλη	pu/lh	urn:cite2:hmt:lsj.chicago_md:n91489	n-p---fg-
πυλῶν	pulw=n	πυλόω	pulo/w	urn:cite2:hmt:lsj.chicago_md:n91505	v-sppamv-
πυλῶν	pulw=n	πυλόω	pulo/w	urn:cite2:hmt:lsj.chicago_md:n91505	v-sppann-
πυλῶν	pulw=n	πυλόω	pulo/w	urn:cite2:hmt:lsj.chicago_md:n91505	v-sppanv-
πυλῶν	pulw=n	πυλόω	pulo/w	urn:cite2:hmt:lsj.chicago_md:n91505	v-sppana-
πυλῶν	pulw=n	πυλόω	pulo/w	urn:cite2:hmt:lsj.chicago_md:n91505	v-sppamn-
πυλῶν	pulw=n	πυλόω	pulo/w	urn:cite2:hmt:lsj.chicago_md:n91505	v--pna---
πυρί	puri/	πῦρ	pu=r	urn:cite2:hmt:lsj.chicago_md:n91547	n-s---nd-
πυρίφλεκτον	puri/flekton	πυρίφλεκτος	puri/flektos	urn:cite2:hmt:lsj.chicago_md:n91755	n-s---ma-
πυρίφλεκτον	puri/flekton	πυρίφλεκτος	puri/flektos	urn:cite2:hmt:lsj.chicago_md:n91755	n-s---fa-
πυρίφλεκτον	puri/flekton	πυρίφλεκτος	puri/flektos	urn:cite2:hmt:lsj.chicago_md:n91755	n-s---nn-
πυρίφλεκτον	puri/flekton	πυρίφλεκτος	puri/flektos	urn:cite2:hmt:lsj.chicago_md:n91755	n-s---nv-
πυρίφλεκτον	puri/flekton	πυρίφλεκτος	puri/flektos	urn:cite2:hmt:lsj.chicago_md:n91755	n-s---na-
πυρός	puro/s	πῦρ	pu=r	urn:cite2:hmt:lsj.chicago_md:n91547	n-s---ng-
πυρός	puro/s	πυρός	puro/s	urn:cite2:hmt:lsj.chicago_md:n91800	n-s---mn-
πυρᾶς	pura=s	πυράζω	pura/zw	urn:cite2:hmt:lsj.chicago_md:n91553	v2sfia---
πυρᾶς	pura=s	πυρεύς	pureu/s	urn:cite2:hmt:lsj.chicago_md:n91638	n-p---ma-
πυρᾶς	pura=s	πυρή	purh/	urn:cite2:hmt:lsj.chicago_md:n91642	n-s---fg-
πω	pw	πω	pw	urn:cite2:hmt:lsj.chicago_md:n91921	g--------
πως	pws	πως	pws	urn:cite2:hmt:lsj.chicago_md:n92011	g--------
πάγον	pa/gon	πάγος	pa/gos	urn:cite2:hmt:lsj.chicago_md:n76486	n-s---ma-
πάθεα	pa/qea	πάθος	pa/qos	urn:cite2:hmt:lsj.chicago_md:n76530	n-p---nn-
πάθεα	pa/qea	πάθος	pa/qos	urn:cite2:hmt:lsj.chicago_md:n76530	n-p---nv-
πάθεα	pa/qea	πάθος	pa/qos	urn:cite2:hmt:lsj.chicago_md:n76530	n-p---na-
πάθει	pa/qei	πάθος	pa/qos	urn:cite2:hmt:lsj.chicago_md:n76530	n-d---nn-
πάθει	pa/qei	πάθος	pa/qos	urn:cite2:hmt:lsj.chicago_md:n76530	n-d---nv-
πάθει	pa/qei	πάθος	pa/qos	urn:cite2:hmt:lsj.chicago_md:n76530	n-d---na-
πάθει	pa/qei	πάθος	pa/qos	urn:cite2:hmt:lsj.chicago_md:n76530	n-s---nd-
πάθει	pa/qei	πάθος	pa/qos	urn:cite2:hmt:lsj.chicago_md:n76530	n-s---nd-
πάθεσι	pa/qesi	πάθος	pa/qos	urn:cite2:hmt:lsj.chicago_md:n76530	n-p---nd-
πάθος	pa/qos	πάθος	pa/qos	urn:cite2:hmt:lsj.chicago_md:n76530	n-s---nn-
πάθος	pa/qos	πάθος	pa/qos	urn:cite2:hmt:lsj.chicago_md:n76530	n-s---nv-
πάθος	pa/qos	πάθος	pa/qos	urn:cite2:hmt:lsj.chicago_md:n76530	n-s---na-
πάλαι	pa/lai	πάλα	pa/la	urn:cite2:hmt:lsj.chicago_md:n76736	n-p---fn-
πάλαι	pa/lai	πάλα	pa/la	urn:cite2:hmt:lsj.chicago_md:n76736	n-p---fv-
πάλαι	pa/lai	πάλα	pa/la	urn:cite2:hmt:lsj.chicago_md:n76736	n-s---fd-
πάλαι	pa/lai	πάλαι	pa/lai	urn:cite2:hmt:lsj.chicago_md:n76742	d--------
πάλαι	pa/lai	πάλη	pa/lh	urn:cite2:hmt:lsj.chicago_md:n76826	n-p---fn-
πάλαι	pa/lai	πάλη	pa/lh	urn:cite2:hmt:lsj.chicago_md:n76827	n-p---fn-
πάλαι	pa/lai	πάλη	pa/lh	urn:cite2:hmt:lsj.chicago_md:n76826	n-p---fv-
πάλαι	pa/lai	πάλη	pa/lh	urn:cite2:hmt:lsj.chicago_md:n76827	n-p---fv-
πάλαι	pa/lai	πάλη	pa/lh	urn:cite2:hmt:lsj.chicago_md:n76826	n-s---fd-
πάλαι	pa/lai	πάλη	pa/lh	urn:cite2:hmt:lsj.chicago_md:n76827	n-s---fd-
πάλαι	pa/lai	πάλλω	pa/llw	urn:cite2:hmt:lsj.chicago_md:n77030	v3saoa---
πάλιν	pa/lin	πάλιν	pa/lin	urn:cite2:hmt:lsj.chicago_md:n76910	d--------
πάλλουσαν	pa/llousan	πάλλω	pa/llw	urn:cite2:hmt:lsj.chicago_md:n77030	v-sppafa-
πάλος	pa/los	πάλος	pa/los	urn:cite2:hmt:lsj.chicago_md:n77039	n-s---mn-
πάνθ’	pa/nq'	πάντῃ	pa/nth|	urn:cite2:hmt:lsj.chicago_md:n77613	d--------
πάνθ’	pa/nq'	πᾶς	pa=s	urn:cite2:hmt:lsj.chicago_md:n79904	n-s---ma-
πάνθ’	pa/nq'	πᾶς	pa=s	urn:cite2:hmt:lsj.chicago_md:n79905	n-s---ma-
πάνθ’	pa/nq'	πᾶς	pa=s	urn:cite2:hmt:lsj.chicago_md:n79906	n-s---ma-
πάνθ’	pa/nq'	πᾶς	pa=s	urn:cite2:hmt:lsj.chicago_md:n79904	n-p---nn-
πάνθ’	pa/nq'	πᾶς	pa=s	urn:cite2:hmt:lsj.chicago_md:n79905	n-p---nn-
πάνθ’	pa/nq'	πᾶς	pa=s	urn:cite2:hmt:lsj.chicago_md:n79906	n-p---nn-
πάνθ’	pa/nq'	πᾶς	pa=s	urn:cite2:hmt:lsj.chicago_md:n79904	n-p---nv-
πάνθ’	pa/nq'	πᾶς	pa=s	urn:cite2:hmt:lsj.chicago_md:n79905	n-p---nv-
πάνθ’	pa/nq'	πᾶς	pa=s	urn:cite2:hmt:lsj.chicago_md:n79906	n-p---nv-
πάνθ’	pa/nq'	πᾶς	pa=s	urn:cite2:hmt:lsj.chicago_md:n79904	n-p---na-
πάνθ’	pa/nq'	πᾶς	pa=s	urn:cite2:hmt:lsj.chicago_md:n79905	n-p---na-
πάνθ’	pa/nq'	πᾶς	pa=s	urn:cite2:hmt:lsj.chicago_md:n79906	n-p---na-
πάντα	pa/nta	πᾶς	pa=s	urn:cite2:hmt:lsj.chicago_md:n79904	n-s---ma-
πάντα	pa/nta	πᾶς	pa=s	urn:cite2:hmt:lsj.chicago_md:n79905	n-s---ma-
πάντα	pa/nta	πᾶς	pa=s	urn:cite2:hmt:lsj.chicago_md:n79906	n-s---ma-
πάντα	pa/nta	πᾶς	pa=s	urn:cite2:hmt:lsj.chicago_md:n79904	n-p---nn-
πάντα	pa/nta	πᾶς	pa=s	urn:cite2:hmt:lsj.chicago_md:n79905	n-p---nn-
πάντα	pa/nta	πᾶς	pa=s	urn:cite2:hmt:lsj.chicago_md:n79906	n-p---nn-
πάντα	pa/nta	πᾶς	pa=s	urn:cite2:hmt:lsj.chicago_md:n79904	n-p---nv-
πάντα	pa/nta	πᾶς	pa=s	urn:cite2:hmt:lsj.chicago_md:n79905	n-p---nv-
πάντα	pa/nta	πᾶς	pa=s	urn:cite2:hmt:lsj.chicago_md:n79906	n-p---nv-
πάντα	pa/nta	πᾶς	pa=s	urn:cite2:hmt:lsj.chicago_md:n79904	n-p---na-
πάντα	pa/nta	πᾶς	pa=s	urn:cite2:hmt:lsj.chicago_md:n79905	n-p---na-
πάντα	pa/nta	πᾶς	pa=s	urn:cite2:hmt:lsj.chicago_md:n79906	n-p---na-
πάντες	pa/ntes	πᾶς	pa=s	urn:cite2:hmt:lsj.chicago_md:n79904	n-p---mn-
πάντες	pa/ntes	πᾶς	pa=s	urn:cite2:hmt:lsj.chicago_md:n79905	n-p---mn-
πάντες	pa/ntes	πᾶς	pa=s	urn:cite2:hmt:lsj.chicago_md:n79906	n-p---mn-
πάντες	pa/ntes	πᾶς	pa=s	urn:cite2:hmt:lsj.chicago_md:n79904	n-p---mv-
πάντες	pa/ntes	πᾶς	pa=s	urn:cite2:hmt:lsj.chicago_md:n79905	n-p---mv-
πάντες	pa/ntes	πᾶς	pa=s	urn:cite2:hmt:lsj.chicago_md:n79906	n-p---mv-
πάντων	pa/ntwn	πᾶς	pa=s	urn:cite2:hmt:lsj.chicago_md:n79904	n-p---mg-
πάντων	pa/ntwn	πᾶς	pa=s	urn:cite2:hmt:lsj.chicago_md:n79905	n-p---mg-
πάντων	pa/ntwn	πᾶς	pa=s	urn:cite2:hmt:lsj.chicago_md:n79906	n-p---mg-
πάντων	pa/ntwn	πᾶς	pa=s	urn:cite2:hmt:lsj.chicago_md:n79904	n-p---ng-
πάντων	pa/ntwn	πᾶς	pa=s	urn:cite2:hmt:lsj.chicago_md:n79905	n-p---ng-
πάντων	pa/ntwn	πᾶς	pa=s	urn:cite2:hmt:lsj.chicago_md:n79906	n-p---ng-
πάντᾳ	pa/nta|	πάντῃ	pa/nth|	urn:cite2:hmt:lsj.chicago_md:n77613	d--------
πάραγε	pa/rage	παράγω	para/gw	urn:cite2:hmt:lsj.chicago_md:n77882	v2spma---
πάραγε	pa/rage	παράγω	para/gw	urn:cite2:hmt:lsj.chicago_md:n77882	v3siia---
πάρεισι	pa/reisi	πάρειμι1	pa/reimi	urn:cite2:hmt:lsj.chicago_md:n79223	v3ppia---
πάρεισι	pa/reisi	πάρειμι1	pa/reimi	urn:cite2:hmt:lsj.chicago_md:n79224	v3ppia---
πάρεισι	pa/reisi	πάρειμι2	pa/reimi	urn:cite2:hmt:lsj.chicago_md:n79223	v3spia---
πάρεισι	pa/reisi	πάρειμι2	pa/reimi	urn:cite2:hmt:lsj.chicago_md:n79224	v3spia---
πάρεισιν	pa/reisin	πάρειμι1	pa/reimi	urn:cite2:hmt:lsj.chicago_md:n79223	v3ppia---
πάρεισιν	pa/reisin	πάρειμι1	pa/reimi	urn:cite2:hmt:lsj.chicago_md:n79224	v3ppia---
πάρεισιν	pa/reisin	πάρειμι2	pa/reimi	urn:cite2:hmt:lsj.chicago_md:n79223	v3spia---
πάρεισιν	pa/reisin	πάρειμι2	pa/reimi	urn:cite2:hmt:lsj.chicago_md:n79224	v3spia---
πάρεστί	pa/resti/	πάρειμι1	pa/reimi	urn:cite2:hmt:lsj.chicago_md:n79223	v3spia---
πάρεστί	pa/resti/	πάρειμι1	pa/reimi	urn:cite2:hmt:lsj.chicago_md:n79224	v3spia---
πάριτ’	pa/rit'	πάρειμι2	pa/reimi	urn:cite2:hmt:lsj.chicago_md:n79223	v2ppma---
πάριτ’	pa/rit'	πάρειμι2	pa/reimi	urn:cite2:hmt:lsj.chicago_md:n79224	v2ppma---
πάριτ’	pa/rit'	πάρειμι2	pa/reimi	urn:cite2:hmt:lsj.chicago_md:n79223	v2ppia---
πάριτ’	pa/rit'	πάρειμι2	pa/reimi	urn:cite2:hmt:lsj.chicago_md:n79224	v2ppia---
πάροιθε	pa/roiqe	πάροιθε	pa/roiqe	urn:cite2:hmt:lsj.chicago_md:n79686	r--------
πάροιθεν	pa/roiqen	πάροιθε	pa/roiqe	urn:cite2:hmt:lsj.chicago_md:n79686	r--------
πάρος	pa/ros	πάρος	pa/ros	urn:cite2:hmt:lsj.chicago_md:n79791	d--------
πάρος	pa/ros	πάρος	pa/ros	urn:cite2:hmt:lsj.chicago_md:n79792	d--------
πάρος	pa/ros	πάρος	pa/ros	urn:cite2:hmt:lsj.chicago_md:n79791	r--------
πάρος	pa/ros	πάρος	pa/ros	urn:cite2:hmt:lsj.chicago_md:n79792	r--------
πάσχει	pa/sxei	πάσχω	pa/sxw	urn:cite2:hmt:lsj.chicago_md:n79983	v2spie---
πάσχει	pa/sxei	πάσχω	pa/sxw	urn:cite2:hmt:lsj.chicago_md:n79983	v3spia---
πάσχοντες	pa/sxontes	πάσχω	pa/sxw	urn:cite2:hmt:lsj.chicago_md:n79983	v-pppamn-
πάσχοντες	pa/sxontes	πάσχω	pa/sxw	urn:cite2:hmt:lsj.chicago_md:n79983	v-pppamv-
πάσχω	pa/sxw	πάσχω	pa/sxw	urn:cite2:hmt:lsj.chicago_md:n79983	v1spsa---
πάσχω	pa/sxw	πάσχω	pa/sxw	urn:cite2:hmt:lsj.chicago_md:n79983	v1spia---
πάτερ	pa/ter	πατήρ	path/r	urn:cite2:hmt:lsj.chicago_md:n80011	n-s---mv-
πάτραν	pa/tran	φράτρα	fra/tra	urn:cite2:hmt:lsj.chicago_md:n112240	n-s---fa-
πάτραν	pa/tran	πάτρα	pa/tra	urn:cite2:hmt:lsj.chicago_md:n80021	n-s---fa-
πάτρας	pa/tras	φράτρα	fra/tra	urn:cite2:hmt:lsj.chicago_md:n112240	n-p---fa-
πάτρας	pa/tras	φράτρα	fra/tra	urn:cite2:hmt:lsj.chicago_md:n112240	n-s---fg-
πάτρας	pa/tras	πάτρα	pa/tra	urn:cite2:hmt:lsj.chicago_md:n80021	n-p---fa-
πάτρας	pa/tras	πάτρα	pa/tra	urn:cite2:hmt:lsj.chicago_md:n80021	n-s---fg-
πέδον	pe/don	πέδον	pe/don	urn:cite2:hmt:lsj.chicago_md:n80257	n-s---nn-
πέδον	pe/don	πέδον	pe/don	urn:cite2:hmt:lsj.chicago_md:n80257	n-s---nv-
πέδον	pe/don	πέδον	pe/don	urn:cite2:hmt:lsj.chicago_md:n80257	n-s---na-
πέλανον	pe/lanon	πέλανος	pe/lanos	urn:cite2:hmt:lsj.chicago_md:n80407	n-s---ma-
πέλας	pe/las	πέλας	pe/las	urn:cite2:hmt:lsj.chicago_md:n80415	d--------
πέλας	pe/las	πελάω	pela/w	urn:cite2:hmt:lsj.chicago_md:n80427	v2siia---
πέμπει	pe/mpei	πέμπω	pe/mpw	urn:cite2:hmt:lsj.chicago_md:n80557	v2spie---
πέμπει	pe/mpei	πέμπω	pe/mpw	urn:cite2:hmt:lsj.chicago_md:n80557	v3spia---
πένης	pe/nhs	πένης	pe/nhs	urn:cite2:hmt:lsj.chicago_md:n80570	n-s---mn-
πένης	pe/nhs	πενέω	pene/w	urn:cite2:hmt:lsj.chicago_md:n80569	v2siia---
πέπαται	pe/patai	πάομαι	pa/omai	urn:cite2:hmt:lsj.chicago_md:n77723	v3srie---
πέπλοις	pe/plois	πέπλος	pe/plos	urn:cite2:hmt:lsj.chicago_md:n80926	n-p---md-
πέπλοις	pe/plois	πέπλος	pe/plos	urn:cite2:hmt:lsj.chicago_md:n80926	n-p---nd-
πέπλοις	pe/plois	πεπλος	peplos	urn:cite2:hmt:lsj.chicago_md:n80926	n-p---md-
πέπλοις	pe/plois	πεπλος	peplos	urn:cite2:hmt:lsj.chicago_md:n80926	n-p---fd-
πέπλοις	pe/plois	πεπλος	peplos	urn:cite2:hmt:lsj.chicago_md:n80926	n-p---nd-
πέπλων	pe/plwn	πέπλος	pe/plos	urn:cite2:hmt:lsj.chicago_md:n80926	n-p---mg-
πέπλων	pe/plwn	πέπλος	pe/plos	urn:cite2:hmt:lsj.chicago_md:n80926	n-p---ng-
πέπλων	pe/plwn	πεπλος	peplos	urn:cite2:hmt:lsj.chicago_md:n80926	n-p---mg-
πέπλων	pe/plwn	πεπλος	peplos	urn:cite2:hmt:lsj.chicago_md:n80926	n-p---fg-
πέπλων	pe/plwn	πεπλος	peplos	urn:cite2:hmt:lsj.chicago_md:n80926	n-p---ng-
πέπονθε	pe/ponqe	πάσχω	pa/sxw	urn:cite2:hmt:lsj.chicago_md:n79983	v2srma---
πέπονθε	pe/ponqe	πάσχω	pa/sxw	urn:cite2:hmt:lsj.chicago_md:n79983	v3sria---
πέπονθεν	pe/ponqen	πάσχω	pa/sxw	urn:cite2:hmt:lsj.chicago_md:n79983	v3sria---
πέπονθεν	pe/ponqen	πάσχω	pa/sxw	urn:cite2:hmt:lsj.chicago_md:n79983	v3plia---
πέπονθέ	pe/ponqe/	πάσχω	pa/sxw	urn:cite2:hmt:lsj.chicago_md:n79983	v2srma---
πέπονθέ	pe/ponqe/	πάσχω	pa/sxw	urn:cite2:hmt:lsj.chicago_md:n79983	v3sria---
πέπτωκα	pe/ptwka	πίπτω	pi/ptw	urn:cite2:hmt:lsj.chicago_md:n83253	v1sria---
πέπτωκε	pe/ptwke	πίπτω	pi/ptw	urn:cite2:hmt:lsj.chicago_md:n83253	v2srma---
πέπτωκε	pe/ptwke	πίπτω	pi/ptw	urn:cite2:hmt:lsj.chicago_md:n83253	v3sria---
πέρα	pe/ra	πέρα	pe/ra	urn:cite2:hmt:lsj.chicago_md:n80956	d--------
πέρα	pe/ra	πέρα	pe/ra	urn:cite2:hmt:lsj.chicago_md:n80957	d--------
πέρα	pe/ra	πέρα	pe/ra	urn:cite2:hmt:lsj.chicago_md:n80956	n-d---fn-
πέρα	pe/ra	πέρα	pe/ra	urn:cite2:hmt:lsj.chicago_md:n80957	n-d---fn-
πέρα	pe/ra	πέρα	pe/ra	urn:cite2:hmt:lsj.chicago_md:n80956	n-d---fv-
πέρα	pe/ra	πέρα	pe/ra	urn:cite2:hmt:lsj.chicago_md:n80957	n-d---fv-
πέρα	pe/ra	πέρα	pe/ra	urn:cite2:hmt:lsj.chicago_md:n80956	n-d---fa-
πέρα	pe/ra	πέρα	pe/ra	urn:cite2:hmt:lsj.chicago_md:n80957	n-d---fa-
πέρα	pe/ra	πέρα	pe/ra	urn:cite2:hmt:lsj.chicago_md:n80956	n-s---fn-
πέρα	pe/ra	πέρα	pe/ra	urn:cite2:hmt:lsj.chicago_md:n80957	n-s---fn-
πέρα	pe/ra	πέρα	pe/ra	urn:cite2:hmt:lsj.chicago_md:n80956	n-s---fv-
πέρα	pe/ra	πέρα	pe/ra	urn:cite2:hmt:lsj.chicago_md:n80957	n-s---fv-
πέρα	pe/ra	περάω1	pera/w	urn:cite2:hmt:lsj.chicago_md:n80993	v2spma---
πέρα	pe/ra	περάω1	pera/w	urn:cite2:hmt:lsj.chicago_md:n80994	v2spma---
πέρα	pe/ra	περάω1	pera/w	urn:cite2:hmt:lsj.chicago_md:n80993	v3siia---
πέρα	pe/ra	περάω1	pera/w	urn:cite2:hmt:lsj.chicago_md:n80994	v3siia---
πέρα	pe/ra	περάω2	pera/w	urn:cite2:hmt:lsj.chicago_md:n80993	v2spma---
πέρα	pe/ra	περάω2	pera/w	urn:cite2:hmt:lsj.chicago_md:n80994	v2spma---
πέρα	pe/ra	περάω2	pera/w	urn:cite2:hmt:lsj.chicago_md:n80993	v3siia---
πέρα	pe/ra	περάω2	pera/w	urn:cite2:hmt:lsj.chicago_md:n80994	v3siia---
πέραινε	pe/raine	περαίνω	perai/nw	urn:cite2:hmt:lsj.chicago_md:n80964	v2spma---
πέραινε	pe/raine	περαίνω	perai/nw	urn:cite2:hmt:lsj.chicago_md:n80964	v3siia---
πέσῃ	pe/sh|	πίπτω	pi/ptw	urn:cite2:hmt:lsj.chicago_md:n83253	v3sasa---
πέταλα	pe/tala	πέταλον	pe/talon	urn:cite2:hmt:lsj.chicago_md:n82719	n-p---nn-
πέταλα	pe/tala	πέταλον	pe/talon	urn:cite2:hmt:lsj.chicago_md:n82719	n-p---nv-
πέταλα	pe/tala	πέταλον	pe/talon	urn:cite2:hmt:lsj.chicago_md:n82719	n-p---na-
πέταται	pe/tatai	πέτομαι	pe/tomai	urn:cite2:hmt:lsj.chicago_md:n82756	v3spie---
πέτρα	pe/tra	πέτρα	pe/tra	urn:cite2:hmt:lsj.chicago_md:n82758	n-d---fn-
πέτρα	pe/tra	πέτρα	pe/tra	urn:cite2:hmt:lsj.chicago_md:n82758	n-d---fv-
πέτρα	pe/tra	πέτρα	pe/tra	urn:cite2:hmt:lsj.chicago_md:n82758	n-d---fa-
πέτρα	pe/tra	πέτρα	pe/tra	urn:cite2:hmt:lsj.chicago_md:n82758	n-s---fn-
πέτρα	pe/tra	πέτρα	pe/tra	urn:cite2:hmt:lsj.chicago_md:n82758	n-s---fv-
πέτραν	pe/tran	πέτρα	pe/tra	urn:cite2:hmt:lsj.chicago_md:n82758	n-s---fa-
πέτρας	pe/tras	πέτρα	pe/tra	urn:cite2:hmt:lsj.chicago_md:n82758	n-p---fa-
πέτρας	pe/tras	πέτρα	pe/tra	urn:cite2:hmt:lsj.chicago_md:n82758	n-s---fg-
πέφηνεν	pe/fhnen	φαίνω	fai/nw	urn:cite2:hmt:lsj.chicago_md:n110114	v3sria---
πέφηνεν	pe/fhnen	φαίνω	fai/nw	urn:cite2:hmt:lsj.chicago_md:n110114	v3plia---
πέφυκα	pe/fuka	φύω	fu/w	urn:cite2:hmt:lsj.chicago_md:n112794	v1sria---
πέφυκα	pe/fuka	φύζω	fu/zw	urn:cite2:hmt:lsj.chicago_md:n112495	v1sria---
πέφυκας	pe/fukas	φύω	fu/w	urn:cite2:hmt:lsj.chicago_md:n112794	v2sria---
πέφυκας	pe/fukas	φύζω	fu/zw	urn:cite2:hmt:lsj.chicago_md:n112495	v2sria---
πέφυκε	pe/fuke	φύω	fu/w	urn:cite2:hmt:lsj.chicago_md:n112794	v2srma---
πέφυκε	pe/fuke	φύω	fu/w	urn:cite2:hmt:lsj.chicago_md:n112794	v3sria---
πέφυκε	pe/fuke	φύζω	fu/zw	urn:cite2:hmt:lsj.chicago_md:n112495	v2srma---
πέφυκε	pe/fuke	φύζω	fu/zw	urn:cite2:hmt:lsj.chicago_md:n112495	v3sria---
πέφυκεν	pe/fuken	φύω	fu/w	urn:cite2:hmt:lsj.chicago_md:n112794	v3sria---
πέφυκεν	pe/fuken	φύω	fu/w	urn:cite2:hmt:lsj.chicago_md:n112794	v3plia---
πέφυκεν	pe/fuken	φύζω	fu/zw	urn:cite2:hmt:lsj.chicago_md:n112495	v3sria---
πέφυκεν	pe/fuken	φύζω	fu/zw	urn:cite2:hmt:lsj.chicago_md:n112495	v3plia---
πήναις	ph/nais	πήνη	ph/nh	urn:cite2:hmt:lsj.chicago_md:n82984	n-p---fd-
πίμπρη	pi/mprh	πίμπρημι	pi/mprhmi	urn:cite2:hmt:lsj.chicago_md:n83183	v2spma---
πίμπρη	pi/mprh	πίμπρημι	pi/mprhmi	urn:cite2:hmt:lsj.chicago_md:n83183	v3siia---
πόδα	po/da	πούς	pou/s	urn:cite2:hmt:lsj.chicago_md:n86108	n-s---ma-
πόθεν	po/qen	πίνω	pi/nw	urn:cite2:hmt:lsj.chicago_md:n83231	v3paip---
πόθεν	po/qen	πόθεν	po/qen	urn:cite2:hmt:lsj.chicago_md:n84202	d--------
πόθεν	po/qen	ποθεν	poqen	urn:cite2:hmt:lsj.chicago_md:n84202	g--------
πόθος	po/qos	πόθος	po/qos	urn:cite2:hmt:lsj.chicago_md:n84226	n-s---mn-
πόλει	po/lei	πόλις	po/lis	urn:cite2:hmt:lsj.chicago_md:n84494	n-d---fn-
πόλει	po/lei	πόλις	po/lis	urn:cite2:hmt:lsj.chicago_md:n84494	n-d---fv-
πόλει	po/lei	πόλις	po/lis	urn:cite2:hmt:lsj.chicago_md:n84494	n-d---fa-
πόλει	po/lei	πόλις	po/lis	urn:cite2:hmt:lsj.chicago_md:n84494	n-s---fd-
πόλει	po/lei	πόλις	po/lis	urn:cite2:hmt:lsj.chicago_md:n84494	n-s---fd-
πόλει	po/lei	πολέω	pole/w	urn:cite2:hmt:lsj.chicago_md:n84443	v2spma---
πόλει	po/lei	πολέω	pole/w	urn:cite2:hmt:lsj.chicago_md:n84443	v3siia---
πόλεις	po/leis	πόλις	po/lis	urn:cite2:hmt:lsj.chicago_md:n84494	n-p---fn-
πόλεις	po/leis	πόλις	po/lis	urn:cite2:hmt:lsj.chicago_md:n84494	n-p---fv-
πόλεις	po/leis	πόλις	po/lis	urn:cite2:hmt:lsj.chicago_md:n84494	n-p---fn-
πόλεις	po/leis	πόλις	po/lis	urn:cite2:hmt:lsj.chicago_md:n84494	n-p---fa-
πόλεις	po/leis	πόλις	po/lis	urn:cite2:hmt:lsj.chicago_md:n84494	n-p---fn-
πόλεις	po/leis	πολέω	pole/w	urn:cite2:hmt:lsj.chicago_md:n84443	v2siia---
πόλεις	po/leis	πολύς	polu/s	urn:cite2:hmt:lsj.chicago_md:n85306	n-p---mn-
πόλεις	po/leis	πολύς	polu/s	urn:cite2:hmt:lsj.chicago_md:n85306	n-p---ma-
πόλεος	po/leos	πόλις	po/lis	urn:cite2:hmt:lsj.chicago_md:n84494	n-s---fg-
πόλεως	po/lews	πόλις	po/lis	urn:cite2:hmt:lsj.chicago_md:n84494	n-s---fg-
πόλιν	po/lin	πόλις	po/lis	urn:cite2:hmt:lsj.chicago_md:n84494	n-s---fa-
πόλις	po/lis	πόλις	po/lis	urn:cite2:hmt:lsj.chicago_md:n84494	n-p---fa-
πόλις	po/lis	πόλις	po/lis	urn:cite2:hmt:lsj.chicago_md:n84494	n-s---fn-
πόλῳ	po/lw|	πόλος	po/los	urn:cite2:hmt:lsj.chicago_md:n84566	n-s---md-
πόνον	po/non	πόνος	po/nos	urn:cite2:hmt:lsj.chicago_md:n85665	n-s---ma-
πόνος	po/nos	πόνος	po/nos	urn:cite2:hmt:lsj.chicago_md:n85665	n-s---mn-
πόνου	po/nou	πόνος	po/nos	urn:cite2:hmt:lsj.chicago_md:n85665	n-s---mg-
πόνους	po/nous	πόνος	po/nos	urn:cite2:hmt:lsj.chicago_md:n85665	n-p---ma-
πόντον	po/nton	πόντος	po/ntos	urn:cite2:hmt:lsj.chicago_md:n85696	n-s---ma-
πόνων	po/nwn	πόνος	po/nos	urn:cite2:hmt:lsj.chicago_md:n85665	n-p---mg-
πόρσω	po/rsw	πρόσω	pro/sw	urn:cite2:hmt:lsj.chicago_md:n90410	d--------
πόσιν	po/sin	πόσισ1	po/sis	urn:cite2:hmt:lsj.chicago_md:n85907	n-s---ma-
πόσιν	po/sin	πόσισ1	po/sis	urn:cite2:hmt:lsj.chicago_md:n85908	n-s---ma-
πόσιν	po/sin	πόσισ2	po/sis	urn:cite2:hmt:lsj.chicago_md:n85907	n-s---fa-
πόσιν	po/sin	πόσισ2	po/sis	urn:cite2:hmt:lsj.chicago_md:n85908	n-s---fa-
πόσις	po/sis	πόσισ1	po/sis	urn:cite2:hmt:lsj.chicago_md:n85907	n-p---ma-
πόσις	po/sis	πόσισ1	po/sis	urn:cite2:hmt:lsj.chicago_md:n85908	n-p---ma-
πόσις	po/sis	πόσισ1	po/sis	urn:cite2:hmt:lsj.chicago_md:n85907	n-s---mn-
πόσις	po/sis	πόσισ1	po/sis	urn:cite2:hmt:lsj.chicago_md:n85908	n-s---mn-
πόσις	po/sis	πόσισ2	po/sis	urn:cite2:hmt:lsj.chicago_md:n85907	n-p---fa-
πόσις	po/sis	πόσισ2	po/sis	urn:cite2:hmt:lsj.chicago_md:n85908	n-p---fa-
πόσις	po/sis	πόσισ2	po/sis	urn:cite2:hmt:lsj.chicago_md:n85907	n-s---fn-
πόσις	po/sis	πόσισ2	po/sis	urn:cite2:hmt:lsj.chicago_md:n85908	n-s---fn-
πότερα	po/tera	πότερος	po/teros	urn:cite2:hmt:lsj.chicago_md:n85982	a-p---nn-
πότερα	po/tera	πότερος	po/teros	urn:cite2:hmt:lsj.chicago_md:n85982	a-p---nv-
πότερα	po/tera	πότερος	po/teros	urn:cite2:hmt:lsj.chicago_md:n85982	a-p---na-
πότμον	po/tmon	πότμος	po/tmos	urn:cite2:hmt:lsj.chicago_md:n86067	n-s---ma-
πότμος	po/tmos	πότμος	po/tmos	urn:cite2:hmt:lsj.chicago_md:n86067	n-s---mn-
πότνια	po/tnia	πότνια	po/tnia	urn:cite2:hmt:lsj.chicago_md:n86069	n-s---fn-
πότνια	po/tnia	πότνια	po/tnia	urn:cite2:hmt:lsj.chicago_md:n86069	n-s---fv-
πότνιαν	po/tnian	πότνια	po/tnia	urn:cite2:hmt:lsj.chicago_md:n86069	n-s---fa-
πότνι’	po/tni'	πότνια	po/tnia	urn:cite2:hmt:lsj.chicago_md:n86069	n-s---fn-
πότνι’	po/tni'	πότνια	po/tnia	urn:cite2:hmt:lsj.chicago_md:n86069	n-s---fv-
πότνι’	po/tni'	πότνια	po/tnia	urn:cite2:hmt:lsj.chicago_md:n86069	n-p---fn-
πότνι’	po/tni'	πότνια	po/tnia	urn:cite2:hmt:lsj.chicago_md:n86069	n-p---fv-
πότ’	po/t'	πότε	po/te	urn:cite2:hmt:lsj.chicago_md:n85971	x--------
πότ’	po/t'	πότης	po/ths	urn:cite2:hmt:lsj.chicago_md:n86006	n-s---mv-
πότ’	po/t'	πότης	po/ths	urn:cite2:hmt:lsj.chicago_md:n86006	n-s---mn-
πότ’	po/t'	πότης	po/ths	urn:cite2:hmt:lsj.chicago_md:n86006	n-s---fv-
πότ’	po/t'	πότης	po/ths	urn:cite2:hmt:lsj.chicago_md:n86006	n-p---mn-
πότ’	po/t'	πότης	po/ths	urn:cite2:hmt:lsj.chicago_md:n86006	n-p---mv-
πότ’	po/t'	πότης	po/ths	urn:cite2:hmt:lsj.chicago_md:n86006	n-s---md-
πότ’	po/t'	πότις	po/tis	urn:cite2:hmt:lsj.chicago_md:n86042	n-s---fv-
πότ’	po/t'	πότος	po/tos	urn:cite2:hmt:lsj.chicago_md:n86084	n-s---mv-
πότ’	po/t'	ποτέ	pote/	urn:cite2:hmt:lsj.chicago_md:n85971	g--------
πότ’	po/t'	ποτέ	pote/	urn:cite2:hmt:lsj.chicago_md:n85971a	g--------
πότ’	po/t'	ποτέ	pote/	urn:cite2:hmt:lsj.chicago_md:n85971	g--------
πότ’	po/t'	ποτέ	pote/	urn:cite2:hmt:lsj.chicago_md:n85971a	g--------
πύλαι	pu/lai	πύλη	pu/lh	urn:cite2:hmt:lsj.chicago_md:n91489	n-p---fn-
πύλαι	pu/lai	πύλη	pu/lh	urn:cite2:hmt:lsj.chicago_md:n91489	n-p---fv-
πύλαι	pu/lai	πύλη	pu/lh	urn:cite2:hmt:lsj.chicago_md:n91489	n-s---fd-
πύλας	pu/las	πύλη	pu/lh	urn:cite2:hmt:lsj.chicago_md:n91489	n-p---fa-
πύλας	pu/las	πύλη	pu/lh	urn:cite2:hmt:lsj.chicago_md:n91489	n-s---fg-
πώματος	pw/matos	πῶμα1	pw=ma	urn:cite2:hmt:lsj.chicago_md:n91976	n-s---ng-
πώματος	pw/matos	πῶμα1	pw=ma	urn:cite2:hmt:lsj.chicago_md:n91977	n-s---ng-
πώματος	pw/matos	πῶμα2	pw=ma	urn:cite2:hmt:lsj.chicago_md:n91976	n-s---ng-
πώματος	pw/matos	πῶμα2	pw=ma	urn:cite2:hmt:lsj.chicago_md:n91977	n-s---ng-
πώματός	pw/mato/s	πῶμα1	pw=ma	urn:cite2:hmt:lsj.chicago_md:n91976	n-s---ng-
πώματός	pw/mato/s	πῶμα1	pw=ma	urn:cite2:hmt:lsj.chicago_md:n91977	n-s---ng-
πώματός	pw/mato/s	πῶμα2	pw=ma	urn:cite2:hmt:lsj.chicago_md:n91976	n-s---ng-
πώματός	pw/mato/s	πῶμα2	pw=ma	urn:cite2:hmt:lsj.chicago_md:n91977	n-s---ng-
πώποτε	pw/pote	πώποτε	pw/pote	urn:cite2:hmt:lsj.chicago_md:n91991	d--------
πᾶς	pa=s	πᾶς	pa=s	urn:cite2:hmt:lsj.chicago_md:n79904	n-s---mn-
πᾶς	pa=s	πᾶς	pa=s	urn:cite2:hmt:lsj.chicago_md:n79905	n-s---mn-
πᾶς	pa=s	πᾶς	pa=s	urn:cite2:hmt:lsj.chicago_md:n79906	n-s---mn-
πᾶς	pa=s	πᾶς	pa=s	urn:cite2:hmt:lsj.chicago_md:n79904	n-s---mv-
πᾶς	pa=s	πᾶς	pa=s	urn:cite2:hmt:lsj.chicago_md:n79905	n-s---mv-
πᾶς	pa=s	πᾶς	pa=s	urn:cite2:hmt:lsj.chicago_md:n79906	n-s---mv-
πᾶσα	pa=sa	πᾶς	pa=s	urn:cite2:hmt:lsj.chicago_md:n79904	n-s---fn-
πᾶσα	pa=sa	πᾶς	pa=s	urn:cite2:hmt:lsj.chicago_md:n79905	n-s---fn-
πᾶσα	pa=sa	πᾶς	pa=s	urn:cite2:hmt:lsj.chicago_md:n79906	n-s---fn-
πᾶσα	pa=sa	πᾶς	pa=s	urn:cite2:hmt:lsj.chicago_md:n79904	n-s---fv-
πᾶσα	pa=sa	πᾶς	pa=s	urn:cite2:hmt:lsj.chicago_md:n79905	n-s---fv-
πᾶσα	pa=sa	πᾶς	pa=s	urn:cite2:hmt:lsj.chicago_md:n79906	n-s---fv-
πᾶσι	pa=si	πᾶς	pa=s	urn:cite2:hmt:lsj.chicago_md:n79904	n-p---md-
πᾶσι	pa=si	πᾶς	pa=s	urn:cite2:hmt:lsj.chicago_md:n79905	n-p---md-
πᾶσι	pa=si	πᾶς	pa=s	urn:cite2:hmt:lsj.chicago_md:n79906	n-p---md-
πᾶσι	pa=si	πᾶς	pa=s	urn:cite2:hmt:lsj.chicago_md:n79904	n-p---nd-
πᾶσι	pa=si	πᾶς	pa=s	urn:cite2:hmt:lsj.chicago_md:n79905	n-p---nd-
πᾶσι	pa=si	πᾶς	pa=s	urn:cite2:hmt:lsj.chicago_md:n79906	n-p---nd-
πᾶσι	pa=si	πᾶσις	pa=sis	urn:cite2:hmt:lsj.chicago_md:n79920	n-s---fv-
πᾶσάν	pa=sa/n	πᾶς	pa=s	urn:cite2:hmt:lsj.chicago_md:n79904	n-s---fa-
πᾶσάν	pa=sa/n	πᾶς	pa=s	urn:cite2:hmt:lsj.chicago_md:n79905	n-s---fa-
πᾶσάν	pa=sa/n	πᾶς	pa=s	urn:cite2:hmt:lsj.chicago_md:n79906	n-s---fa-
πᾶσί	pa=si/	πᾶς	pa=s	urn:cite2:hmt:lsj.chicago_md:n79904	n-p---md-
πᾶσί	pa=si/	πᾶς	pa=s	urn:cite2:hmt:lsj.chicago_md:n79905	n-p---md-
πᾶσί	pa=si/	πᾶς	pa=s	urn:cite2:hmt:lsj.chicago_md:n79906	n-p---md-
πᾶσί	pa=si/	πᾶς	pa=s	urn:cite2:hmt:lsj.chicago_md:n79904	n-p---nd-
πᾶσί	pa=si/	πᾶς	pa=s	urn:cite2:hmt:lsj.chicago_md:n79905	n-p---nd-
πᾶσί	pa=si/	πᾶς	pa=s	urn:cite2:hmt:lsj.chicago_md:n79906	n-p---nd-
πᾶσί	pa=si/	πᾶσις	pa=sis	urn:cite2:hmt:lsj.chicago_md:n79920	n-s---fv-
πᾶσ’	pa=s'	πάομαι	pa/omai	urn:cite2:hmt:lsj.chicago_md:n77723	v2samm---
πᾶσ’	pa=s'	πᾶς	pa=s	urn:cite2:hmt:lsj.chicago_md:n79904	n-s---fn-
πᾶσ’	pa=s'	πᾶς	pa=s	urn:cite2:hmt:lsj.chicago_md:n79905	n-s---fn-
πᾶσ’	pa=s'	πᾶς	pa=s	urn:cite2:hmt:lsj.chicago_md:n79906	n-s---fn-
πᾶσ’	pa=s'	πᾶς	pa=s	urn:cite2:hmt:lsj.chicago_md:n79904	n-s---fv-
πᾶσ’	pa=s'	πᾶς	pa=s	urn:cite2:hmt:lsj.chicago_md:n79905	n-s---fv-
πᾶσ’	pa=s'	πᾶς	pa=s	urn:cite2:hmt:lsj.chicago_md:n79906	n-s---fv-
πᾶσ’	pa=s'	πᾶς	pa=s	urn:cite2:hmt:lsj.chicago_md:n79904	n-p---md-
πᾶσ’	pa=s'	πᾶς	pa=s	urn:cite2:hmt:lsj.chicago_md:n79905	n-p---md-
πᾶσ’	pa=s'	πᾶς	pa=s	urn:cite2:hmt:lsj.chicago_md:n79906	n-p---md-
πᾶσ’	pa=s'	πᾶς	pa=s	urn:cite2:hmt:lsj.chicago_md:n79904	n-p---nd-
πᾶσ’	pa=s'	πᾶς	pa=s	urn:cite2:hmt:lsj.chicago_md:n79905	n-p---nd-
πᾶσ’	pa=s'	πᾶς	pa=s	urn:cite2:hmt:lsj.chicago_md:n79906	n-p---nd-
πᾶσ’	pa=s'	πᾶς	pa=s	urn:cite2:hmt:lsj.chicago_md:n79904	n-p---fn-
πᾶσ’	pa=s'	πᾶς	pa=s	urn:cite2:hmt:lsj.chicago_md:n79905	n-p---fn-
πᾶσ’	pa=s'	πᾶς	pa=s	urn:cite2:hmt:lsj.chicago_md:n79906	n-p---fn-
πᾶσ’	pa=s'	πᾶς	pa=s	urn:cite2:hmt:lsj.chicago_md:n79904	n-p---fv-
πᾶσ’	pa=s'	πᾶς	pa=s	urn:cite2:hmt:lsj.chicago_md:n79905	n-p---fv-
πᾶσ’	pa=s'	πᾶς	pa=s	urn:cite2:hmt:lsj.chicago_md:n79906	n-p---fv-
πᾶσ’	pa=s'	πᾶσις	pa=sis	urn:cite2:hmt:lsj.chicago_md:n79920	n-s---fv-
πῆμα	ph=ma	πῆμα	ph=ma	urn:cite2:hmt:lsj.chicago_md:n82972	n-s---nn-
πῆμα	ph=ma	πῆμα	ph=ma	urn:cite2:hmt:lsj.chicago_md:n82972	n-s---nv-
πῆμα	ph=ma	πῆμα	ph=ma	urn:cite2:hmt:lsj.chicago_md:n82972	n-s---na-
πῦρ	pu=r	πῦρ	pu=r	urn:cite2:hmt:lsj.chicago_md:n91547	n-s---nn-
πῦρ	pu=r	πῦρ	pu=r	urn:cite2:hmt:lsj.chicago_md:n91547	n-s---nv-
πῦρ	pu=r	πῦρ	pu=r	urn:cite2:hmt:lsj.chicago_md:n91547	n-s---na-
πῶμα	pw=ma	πῶμα1	pw=ma	urn:cite2:hmt:lsj.chicago_md:n91976	n-s---nn-
πῶμα	pw=ma	πῶμα1	pw=ma	urn:cite2:hmt:lsj.chicago_md:n91977	n-s---nn-
πῶμα	pw=ma	πῶμα1	pw=ma	urn:cite2:hmt:lsj.chicago_md:n91976	n-s---nv-
πῶμα	pw=ma	πῶμα1	pw=ma	urn:cite2:hmt:lsj.chicago_md:n91977	n-s---nv-
πῶμα	pw=ma	πῶμα1	pw=ma	urn:cite2:hmt:lsj.chicago_md:n91976	n-s---na-
πῶμα	pw=ma	πῶμα1	pw=ma	urn:cite2:hmt:lsj.chicago_md:n91977	n-s---na-
πῶμα	pw=ma	πῶμα2	pw=ma	urn:cite2:hmt:lsj.chicago_md:n91976	n-s---nn-
πῶμα	pw=ma	πῶμα2	pw=ma	urn:cite2:hmt:lsj.chicago_md:n91977	n-s---nn-
πῶμα	pw=ma	πῶμα2	pw=ma	urn:cite2:hmt:lsj.chicago_md:n91976	n-s---nv-
πῶμα	pw=ma	πῶμα2	pw=ma	urn:cite2:hmt:lsj.chicago_md:n91977	n-s---nv-
πῶμα	pw=ma	πῶμα2	pw=ma	urn:cite2:hmt:lsj.chicago_md:n91976	n-s---na-
πῶμα	pw=ma	πῶμα2	pw=ma	urn:cite2:hmt:lsj.chicago_md:n91977	n-s---na-
πῶς	pw=s	πῶς	pw=s	urn:cite2:hmt:lsj.chicago_md:n92010	x--------
πῶς	pw=s	πῶσ2	pw=s	urn:cite2:hmt:lsj.chicago_md:n92010	d--------
πῶς	pw=s	πως	pws	urn:cite2:hmt:lsj.chicago_md:n92011	g--------
σαυτοῦ	sautou=	σαυτοῦ	sautou=	urn:cite2:hmt:lsj.chicago_md:n93465a	p-s---mg-
σαυτοῦ	sautou=	σαυτοῦ	sautou=	urn:cite2:hmt:lsj.chicago_md:n93465a	p-s---ng-
σαυτοῦ	sautou=	σαυτοῦ	sautou=	urn:cite2:hmt:lsj.chicago_md:n93465a	n-s---ng-
σαυτοῦ	sautou=	σαυτοῦ	sautou=	urn:cite2:hmt:lsj.chicago_md:n93465a	n-s---mg-
σαυτόν	sauto/n	σαυτοῦ	sautou=	urn:cite2:hmt:lsj.chicago_md:n93465a	p-s---ma-
σαυτόν	sauto/n	σαυτοῦ	sautou=	urn:cite2:hmt:lsj.chicago_md:n93465a	p-s---na-
σαυτόν	sauto/n	σαυτοῦ	sautou=	urn:cite2:hmt:lsj.chicago_md:n93465a	n-s---ma-
σαυτῆς	sauth=s	σαυτοῦ	sautou=	urn:cite2:hmt:lsj.chicago_md:n93465a	p-s---fg-
σαυτῆς	sauth=s	σαυτοῦ	sautou=	urn:cite2:hmt:lsj.chicago_md:n93465a	n-s---fg-
σαυτῷ	sautw=|	σαυτοῦ	sautou=	urn:cite2:hmt:lsj.chicago_md:n93465a	p-s---md-
σαυτῷ	sautw=|	σαυτοῦ	sautou=	urn:cite2:hmt:lsj.chicago_md:n93465a	p-s---nd-
σαυτῷ	sautw=|	σαυτοῦ	sautou=	urn:cite2:hmt:lsj.chicago_md:n93465a	n-s---nd-
σαυτῷ	sautw=|	σαυτοῦ	sautou=	urn:cite2:hmt:lsj.chicago_md:n93465a	n-s---md-
σαφέστατον	safe/staton	σαφής	safh/s	urn:cite2:hmt:lsj.chicago_md:n93478	a-s---mas
σαφέστατον	safe/staton	σαφής	safh/s	urn:cite2:hmt:lsj.chicago_md:n93478	a-s---nns
σαφέστατον	safe/staton	σαφής	safh/s	urn:cite2:hmt:lsj.chicago_md:n93478	a-s---nvs
σαφέστατον	safe/staton	σαφής	safh/s	urn:cite2:hmt:lsj.chicago_md:n93478	a-s---nas
σαφέστερόν	safe/stero/n	σαφής	safh/s	urn:cite2:hmt:lsj.chicago_md:n93478	x--------
σαφέστερόν	safe/stero/n	σαφής	safh/s	urn:cite2:hmt:lsj.chicago_md:n93478	n-s---ma-
σαφέστερόν	safe/stero/n	σαφής	safh/s	urn:cite2:hmt:lsj.chicago_md:n93478	n-s---nn-
σαφέστερόν	safe/stero/n	σαφής	safh/s	urn:cite2:hmt:lsj.chicago_md:n93478	n-s---nv-
σαφέστερόν	safe/stero/n	σαφής	safh/s	urn:cite2:hmt:lsj.chicago_md:n93478	n-s---na-
σαφῆ	safh=	σαφής	safh/s	urn:cite2:hmt:lsj.chicago_md:n93478	n-p---nn-
σαφῆ	safh=	σαφής	safh/s	urn:cite2:hmt:lsj.chicago_md:n93478	n-p---nv-
σαφῆ	safh=	σαφής	safh/s	urn:cite2:hmt:lsj.chicago_md:n93478	n-p---na-
σαφῆ	safh=	σαφής	safh/s	urn:cite2:hmt:lsj.chicago_md:n93478	n-d---mn-
σαφῆ	safh=	σαφής	safh/s	urn:cite2:hmt:lsj.chicago_md:n93478	n-d---mv-
σαφῆ	safh=	σαφής	safh/s	urn:cite2:hmt:lsj.chicago_md:n93478	n-d---ma-
σαφῆ	safh=	σαφής	safh/s	urn:cite2:hmt:lsj.chicago_md:n93478	n-d---fn-
σαφῆ	safh=	σαφής	safh/s	urn:cite2:hmt:lsj.chicago_md:n93478	n-d---fv-
σαφῆ	safh=	σαφής	safh/s	urn:cite2:hmt:lsj.chicago_md:n93478	n-d---fa-
σαφῆ	safh=	σαφής	safh/s	urn:cite2:hmt:lsj.chicago_md:n93478	n-d---nn-
σαφῆ	safh=	σαφής	safh/s	urn:cite2:hmt:lsj.chicago_md:n93478	n-d---nv-
σαφῆ	safh=	σαφής	safh/s	urn:cite2:hmt:lsj.chicago_md:n93478	n-d---na-
σαφῆ	safh=	σαφής	safh/s	urn:cite2:hmt:lsj.chicago_md:n93478	n-s---ma-
σαφῆ	safh=	σαφής	safh/s	urn:cite2:hmt:lsj.chicago_md:n93478	n-s---fa-
σαίνει	sai/nei	σαίνω	sai/nw	urn:cite2:hmt:lsj.chicago_md:n93056	v2spie---
σαίνει	sai/nei	σαίνω	sai/nw	urn:cite2:hmt:lsj.chicago_md:n93056	v3spia---
σαίρεις	sai/reis	σαίρω	sai/rw	urn:cite2:hmt:lsj.chicago_md:n93058	v2spia---
σαίρεις	sai/reis	σαίρω	sai/rw	urn:cite2:hmt:lsj.chicago_md:n93058	v2spia---
σαίρεις	sai/reis	σαίρω	sai/rw	urn:cite2:hmt:lsj.chicago_md:n93059	v2spia---
σαίρω	sai/rw	σαίρω	sai/rw	urn:cite2:hmt:lsj.chicago_md:n93058	v1spsa---
σαίρω	sai/rw	σαίρω	sai/rw	urn:cite2:hmt:lsj.chicago_md:n93058	v1spsa---
σαίρω	sai/rw	σαίρω	sai/rw	urn:cite2:hmt:lsj.chicago_md:n93059	v1spsa---
σαίρω	sai/rw	σαίρω	sai/rw	urn:cite2:hmt:lsj.chicago_md:n93058	v1spia---
σαίρω	sai/rw	σαίρω	sai/rw	urn:cite2:hmt:lsj.chicago_md:n93058	v1spia---
σαίρω	sai/rw	σαίρω	sai/rw	urn:cite2:hmt:lsj.chicago_md:n93059	v1spia---
σε	se	σύ	su/	urn:cite2:hmt:lsj.chicago_md:n97456	p-s----a-
σελάνα	sela/na	σελήνη	selh/nh	urn:cite2:hmt:lsj.chicago_md:n93634	n-d---fn-
σελάνα	sela/na	σελήνη	selh/nh	urn:cite2:hmt:lsj.chicago_md:n93634	n-d---fv-
σελάνα	sela/na	σελήνη	selh/nh	urn:cite2:hmt:lsj.chicago_md:n93634	n-d---fa-
σελάνα	sela/na	σελήνη	selh/nh	urn:cite2:hmt:lsj.chicago_md:n93634	n-s---fn-
σελάνα	sela/na	σελήνη	selh/nh	urn:cite2:hmt:lsj.chicago_md:n93634	n-s---fv-
σεμναί	semnai/	σεμνός	semno/s	urn:cite2:hmt:lsj.chicago_md:n93711	a-p---fn-
σεμναί	semnai/	σεμνός	semno/s	urn:cite2:hmt:lsj.chicago_md:n93711	a-p---fv-
σεμνά	semna/	σεμνόν	semno/n	urn:cite2:hmt:lsj.chicago_md:n93702	n-p---nn-
σεμνά	semna/	σεμνόν	semno/n	urn:cite2:hmt:lsj.chicago_md:n93702	n-p---nv-
σεμνά	semna/	σεμνόν	semno/n	urn:cite2:hmt:lsj.chicago_md:n93702	n-p---na-
σεμνά	semna/	σεμνός	semno/s	urn:cite2:hmt:lsj.chicago_md:n93711	a-p---nn-
σεμνά	semna/	σεμνός	semno/s	urn:cite2:hmt:lsj.chicago_md:n93711	a-p---nv-
σεμνά	semna/	σεμνός	semno/s	urn:cite2:hmt:lsj.chicago_md:n93711	a-p---na-
σεμνά	semna/	σεμνός	semno/s	urn:cite2:hmt:lsj.chicago_md:n93711	a-d---fn-
σεμνά	semna/	σεμνός	semno/s	urn:cite2:hmt:lsj.chicago_md:n93711	a-d---fv-
σεμνά	semna/	σεμνός	semno/s	urn:cite2:hmt:lsj.chicago_md:n93711	a-d---fa-
σεμνά	semna/	σεμνός	semno/s	urn:cite2:hmt:lsj.chicago_md:n93711	a-s---fn-
σεμνά	semna/	σεμνός	semno/s	urn:cite2:hmt:lsj.chicago_md:n93711	a-s---fv-
σεμνάν	semna/n	σεμνός	semno/s	urn:cite2:hmt:lsj.chicago_md:n93711	a-s---fa-
σεμνή	semnh/	σεμνός	semno/s	urn:cite2:hmt:lsj.chicago_md:n93711	a-s---fn-
σεμνή	semnh/	σεμνός	semno/s	urn:cite2:hmt:lsj.chicago_md:n93711	a-s---fv-
σεμνόν	semno/n	σεμνόν	semno/n	urn:cite2:hmt:lsj.chicago_md:n93702	n-s---nn-
σεμνόν	semno/n	σεμνόν	semno/n	urn:cite2:hmt:lsj.chicago_md:n93702	n-s---nv-
σεμνόν	semno/n	σεμνόν	semno/n	urn:cite2:hmt:lsj.chicago_md:n93702	n-s---na-
σεμνόν	semno/n	σεμνός	semno/s	urn:cite2:hmt:lsj.chicago_md:n93711	a-s---ma-
σεμνόν	semno/n	σεμνός	semno/s	urn:cite2:hmt:lsj.chicago_md:n93711	a-s---nn-
σεμνόν	semno/n	σεμνός	semno/s	urn:cite2:hmt:lsj.chicago_md:n93711	a-s---nv-
σεμνόν	semno/n	σεμνός	semno/s	urn:cite2:hmt:lsj.chicago_md:n93711	a-s---na-
σεμνῶς	semnw=s	σεμνός	semno/s	urn:cite2:hmt:lsj.chicago_md:n93711	x--------
σεμνῶς	semnw=s	σεμνόω	semno/w	urn:cite2:hmt:lsj.chicago_md:n93717	v2spia---
σηκούς	shkou/s	σηκός	shko/s	urn:cite2:hmt:lsj.chicago_md:n93776	n-p---ma-
σημαίνω	shmai/nw	σημαίνω	shmai/nw	urn:cite2:hmt:lsj.chicago_md:n93789	v1spsa---
σημαίνω	shmai/nw	σημαίνω	shmai/nw	urn:cite2:hmt:lsj.chicago_md:n93789	v1spia---
σημεῖον	shmei=on	σημεῖον	shmei=on	urn:cite2:hmt:lsj.chicago_md:n93812	n-s---nn-
σημεῖον	shmei=on	σημεῖον	shmei=on	urn:cite2:hmt:lsj.chicago_md:n93812	n-s---nv-
σημεῖον	shmei=on	σημεῖον	shmei=on	urn:cite2:hmt:lsj.chicago_md:n93812	n-s---na-
σημήνατ’	shmh/nat'	σημαίνω	shmai/nw	urn:cite2:hmt:lsj.chicago_md:n93789	v2pama---
σημήνατ’	shmh/nat'	σημαίνω	shmai/nw	urn:cite2:hmt:lsj.chicago_md:n93789	v3saim---
σημήνατ’	shmh/nat'	σημαίνω	shmai/nw	urn:cite2:hmt:lsj.chicago_md:n93789	v2paia---
σημήνειεν	shmh/neien	σημαίνω	shmai/nw	urn:cite2:hmt:lsj.chicago_md:n93789	v3saoa---
σθένος	sqe/nos	σθένος	sqe/nos	urn:cite2:hmt:lsj.chicago_md:n93917	n-s---nn-
σθένος	sqe/nos	σθένος	sqe/nos	urn:cite2:hmt:lsj.chicago_md:n93917	n-s---nv-
σθένος	sqe/nos	σθένος	sqe/nos	urn:cite2:hmt:lsj.chicago_md:n93917	n-s---na-
σιγάσω	siga/sw	σιγάω	siga/w	urn:cite2:hmt:lsj.chicago_md:n93963	v1sasa---
σιγάσω	siga/sw	σιγάω	siga/w	urn:cite2:hmt:lsj.chicago_md:n93963	v1sfia---
σιγάσω	siga/sw	σιγάζω	siga/zw	urn:cite2:hmt:lsj.chicago_md:n93956	v1sasa---
σιγάσω	siga/sw	σιγάζω	siga/zw	urn:cite2:hmt:lsj.chicago_md:n93956	v1sfia---
σιγάσω	siga/sw	σιγάζω	siga/zw	urn:cite2:hmt:lsj.chicago_md:n93956	v2saim---
σιγή	sigh/	σιγή	sigh/	urn:cite2:hmt:lsj.chicago_md:n93968	n-s---fn-
σιγή	sigh/	σιγή	sigh/	urn:cite2:hmt:lsj.chicago_md:n93968	n-s---fv-
σιγᾶν	siga=n	σιγάω	siga/w	urn:cite2:hmt:lsj.chicago_md:n93963	v-sppamv-
σιγᾶν	siga=n	σιγάω	siga/w	urn:cite2:hmt:lsj.chicago_md:n93963	v-sppann-
σιγᾶν	siga=n	σιγάω	siga/w	urn:cite2:hmt:lsj.chicago_md:n93963	v-sppanv-
σιγᾶν	siga=n	σιγάω	siga/w	urn:cite2:hmt:lsj.chicago_md:n93963	v-sppana-
σιγᾶν	siga=n	σιγάω	siga/w	urn:cite2:hmt:lsj.chicago_md:n93963	v-sppamn-
σιγᾶν	siga=n	σιγάω	siga/w	urn:cite2:hmt:lsj.chicago_md:n93963	v--pna---
σιγᾶν	siga=n	σιγάω	siga/w	urn:cite2:hmt:lsj.chicago_md:n93963	v--pna---
σιγᾶν	siga=n	σιγάζω	siga/zw	urn:cite2:hmt:lsj.chicago_md:n93956	v-sfpamv-
σιγᾶν	siga=n	σιγάζω	siga/zw	urn:cite2:hmt:lsj.chicago_md:n93956	v-sfpann-
σιγᾶν	siga=n	σιγάζω	siga/zw	urn:cite2:hmt:lsj.chicago_md:n93956	v-sfpanv-
σιγᾶν	siga=n	σιγάζω	siga/zw	urn:cite2:hmt:lsj.chicago_md:n93956	v-sfpana-
σιγᾶν	siga=n	σιγάζω	siga/zw	urn:cite2:hmt:lsj.chicago_md:n93956	v-sfpamn-
σιγᾶν	siga=n	σιγάζω	siga/zw	urn:cite2:hmt:lsj.chicago_md:n93956	v--fna---
σιγᾶν	siga=n	σιγή	sigh/	urn:cite2:hmt:lsj.chicago_md:n93968	n-p---fg-
σιγᾷς	siga=|s	σιγάω	siga/w	urn:cite2:hmt:lsj.chicago_md:n93963	v2spsa---
σιγᾷς	siga=|s	σιγάω	siga/w	urn:cite2:hmt:lsj.chicago_md:n93963	v2spia---
σιγᾷς	siga=|s	σιγάζω	siga/zw	urn:cite2:hmt:lsj.chicago_md:n93956	v2sfia---
σιγῇ	sigh=|	σιγάω	siga/w	urn:cite2:hmt:lsj.chicago_md:n93963	v2spse---
σιγῇ	sigh=|	σιγάω	siga/w	urn:cite2:hmt:lsj.chicago_md:n93963	v2spie---
σιγῇ	sigh=|	σιγάω	siga/w	urn:cite2:hmt:lsj.chicago_md:n93963	v3spsa---
σιγῇ	sigh=|	σιγάω	siga/w	urn:cite2:hmt:lsj.chicago_md:n93963	v3spia---
σιγῇ	sigh=|	σιγάω	siga/w	urn:cite2:hmt:lsj.chicago_md:n93963	v2spse---
σιγῇ	sigh=|	σιγάω	siga/w	urn:cite2:hmt:lsj.chicago_md:n93963	v2spie---
σιγῇ	sigh=|	σιγάω	siga/w	urn:cite2:hmt:lsj.chicago_md:n93963	v3spsa---
σιγῇ	sigh=|	σιγάζω	siga/zw	urn:cite2:hmt:lsj.chicago_md:n93956	v2sfim---
σιγῇ	sigh=|	σιγάζω	siga/zw	urn:cite2:hmt:lsj.chicago_md:n93956	v3sfia---
σιγῇ	sigh=|	σιγή	sigh/	urn:cite2:hmt:lsj.chicago_md:n93968	n-s---fd-
σιγῶ	sigw=	σιγάω	siga/w	urn:cite2:hmt:lsj.chicago_md:n93963	v2spme---
σιγῶ	sigw=	σιγάω	siga/w	urn:cite2:hmt:lsj.chicago_md:n93963	v1spsa---
σιγῶ	sigw=	σιγάω	siga/w	urn:cite2:hmt:lsj.chicago_md:n93963	v1spia---
σιγῶ	sigw=	σιγάω	siga/w	urn:cite2:hmt:lsj.chicago_md:n93963	v1spsa---
σιγῶ	sigw=	σιγάω	siga/w	urn:cite2:hmt:lsj.chicago_md:n93963	v1spia---
σιγῶ	sigw=	σιγάω	siga/w	urn:cite2:hmt:lsj.chicago_md:n93963	v2siie---
σιγῶ	sigw=	σιγάζω	siga/zw	urn:cite2:hmt:lsj.chicago_md:n93956	v1sfia---
σιγῶμεν	sigw=men	σιγάω	siga/w	urn:cite2:hmt:lsj.chicago_md:n93963	v1ppsa---
σιγῶμεν	sigw=men	σιγάω	siga/w	urn:cite2:hmt:lsj.chicago_md:n93963	v1ppia---
σιγῶμεν	sigw=men	σιγάω	siga/w	urn:cite2:hmt:lsj.chicago_md:n93963	v1ppsa---
σιγῶμεν	sigw=men	σιγάω	siga/w	urn:cite2:hmt:lsj.chicago_md:n93963	v1piia---
σιγῶμεν	sigw=men	σιγάζω	siga/zw	urn:cite2:hmt:lsj.chicago_md:n93956	v1pfia---
σιγῶντ’	sigw=nt'	σιγάω	siga/w	urn:cite2:hmt:lsj.chicago_md:n93963	v-pppann-
σιγῶντ’	sigw=nt'	σιγάω	siga/w	urn:cite2:hmt:lsj.chicago_md:n93963	v-pppanv-
σιγῶντ’	sigw=nt'	σιγάω	siga/w	urn:cite2:hmt:lsj.chicago_md:n93963	v-pppana-
σιγῶντ’	sigw=nt'	σιγάω	siga/w	urn:cite2:hmt:lsj.chicago_md:n93963	v-sppama-
σιγῶντ’	sigw=nt'	σιγάω	siga/w	urn:cite2:hmt:lsj.chicago_md:n93963	v-sppamd-
σιγῶντ’	sigw=nt'	σιγάω	siga/w	urn:cite2:hmt:lsj.chicago_md:n93963	v-sppand-
σιγῶντ’	sigw=nt'	σιγάω	siga/w	urn:cite2:hmt:lsj.chicago_md:n93963	v3ppia---
σιγῶντ’	sigw=nt'	σιγάω	siga/w	urn:cite2:hmt:lsj.chicago_md:n93963	v3ppsa---
σιγῶντ’	sigw=nt'	σιγάω	siga/w	urn:cite2:hmt:lsj.chicago_md:n93963	v-dppamn-
σιγῶντ’	sigw=nt'	σιγάω	siga/w	urn:cite2:hmt:lsj.chicago_md:n93963	v-dppamv-
σιγῶντ’	sigw=nt'	σιγάω	siga/w	urn:cite2:hmt:lsj.chicago_md:n93963	v-dppama-
σιγῶντ’	sigw=nt'	σιγάω	siga/w	urn:cite2:hmt:lsj.chicago_md:n93963	v-dppann-
σιγῶντ’	sigw=nt'	σιγάω	siga/w	urn:cite2:hmt:lsj.chicago_md:n93963	v-dppanv-
σιγῶντ’	sigw=nt'	σιγάω	siga/w	urn:cite2:hmt:lsj.chicago_md:n93963	v-dppana-
σιγῶντ’	sigw=nt'	σιγάω	siga/w	urn:cite2:hmt:lsj.chicago_md:n93963	v3ppse---
σιγῶντ’	sigw=nt'	σιγάω	siga/w	urn:cite2:hmt:lsj.chicago_md:n93963	v3ppie---
σιγῶντ’	sigw=nt'	σιγάω	siga/w	urn:cite2:hmt:lsj.chicago_md:n93963	v3ppse---
σιγῶντ’	sigw=nt'	σιγάω	siga/w	urn:cite2:hmt:lsj.chicago_md:n93963	v3piie---
σιγῶντ’	sigw=nt'	σιγάζω	siga/zw	urn:cite2:hmt:lsj.chicago_md:n93956	v-pfpann-
σιγῶντ’	sigw=nt'	σιγάζω	siga/zw	urn:cite2:hmt:lsj.chicago_md:n93956	v-pfpanv-
σιγῶντ’	sigw=nt'	σιγάζω	siga/zw	urn:cite2:hmt:lsj.chicago_md:n93956	v-pfpana-
σιγῶντ’	sigw=nt'	σιγάζω	siga/zw	urn:cite2:hmt:lsj.chicago_md:n93956	v-sfpama-
σιγῶντ’	sigw=nt'	σιγάζω	siga/zw	urn:cite2:hmt:lsj.chicago_md:n93956	v-sfpamd-
σιγῶντ’	sigw=nt'	σιγάζω	siga/zw	urn:cite2:hmt:lsj.chicago_md:n93956	v-sfpand-
σιγῶντ’	sigw=nt'	σιγάζω	siga/zw	urn:cite2:hmt:lsj.chicago_md:n93956	v3pfia---
σιγῶντ’	sigw=nt'	σιγάζω	siga/zw	urn:cite2:hmt:lsj.chicago_md:n93956	v-dfpamn-
σιγῶντ’	sigw=nt'	σιγάζω	siga/zw	urn:cite2:hmt:lsj.chicago_md:n93956	v-dfpamv-
σιγῶντ’	sigw=nt'	σιγάζω	siga/zw	urn:cite2:hmt:lsj.chicago_md:n93956	v-dfpama-
σιγῶντ’	sigw=nt'	σιγάζω	siga/zw	urn:cite2:hmt:lsj.chicago_md:n93956	v-dfpann-
σιγῶντ’	sigw=nt'	σιγάζω	siga/zw	urn:cite2:hmt:lsj.chicago_md:n93956	v-dfpanv-
σιγῶντ’	sigw=nt'	σιγάζω	siga/zw	urn:cite2:hmt:lsj.chicago_md:n93956	v-dfpana-
σιγῶντ’	sigw=nt'	σιγάζω	siga/zw	urn:cite2:hmt:lsj.chicago_md:n93956	v3pfim---
σιγῶσα	sigw=sa	σιγάω	siga/w	urn:cite2:hmt:lsj.chicago_md:n93963	v-sppafn-
σιγῶσα	sigw=sa	σιγάω	siga/w	urn:cite2:hmt:lsj.chicago_md:n93963	v-sppafv-
σιγῶσα	sigw=sa	σιγάζω	siga/zw	urn:cite2:hmt:lsj.chicago_md:n93956	v-sfpafn-
σιγῶσα	sigw=sa	σιγάζω	siga/zw	urn:cite2:hmt:lsj.chicago_md:n93956	v-sfpafv-
σιγῶσι	sigw=si	σιγάω	siga/w	urn:cite2:hmt:lsj.chicago_md:n93963	v-pppamd-
σιγῶσι	sigw=si	σιγάω	siga/w	urn:cite2:hmt:lsj.chicago_md:n93963	v-pppand-
σιγῶσι	sigw=si	σιγάω	siga/w	urn:cite2:hmt:lsj.chicago_md:n93963	v3ppsa---
σιγῶσι	sigw=si	σιγάω	siga/w	urn:cite2:hmt:lsj.chicago_md:n93963	v3ppia---
σιγῶσι	sigw=si	σιγάω	siga/w	urn:cite2:hmt:lsj.chicago_md:n93963	v3ppsa---
σιγῶσι	sigw=si	σιγάζω	siga/zw	urn:cite2:hmt:lsj.chicago_md:n93956	v-pfpamd-
σιγῶσι	sigw=si	σιγάζω	siga/zw	urn:cite2:hmt:lsj.chicago_md:n93956	v-pfpand-
σιγῶσι	sigw=si	σιγάζω	siga/zw	urn:cite2:hmt:lsj.chicago_md:n93956	v3pfia---
σιγῶσ’	sigw=s'	σιγάω	siga/w	urn:cite2:hmt:lsj.chicago_md:n93963	v-sppafn-
σιγῶσ’	sigw=s'	σιγάω	siga/w	urn:cite2:hmt:lsj.chicago_md:n93963	v-sppafv-
σιγῶσ’	sigw=s'	σιγάω	siga/w	urn:cite2:hmt:lsj.chicago_md:n93963	v-pppamd-
σιγῶσ’	sigw=s'	σιγάω	siga/w	urn:cite2:hmt:lsj.chicago_md:n93963	v-pppand-
σιγῶσ’	sigw=s'	σιγάω	siga/w	urn:cite2:hmt:lsj.chicago_md:n93963	v3ppsa---
σιγῶσ’	sigw=s'	σιγάω	siga/w	urn:cite2:hmt:lsj.chicago_md:n93963	v3ppia---
σιγῶσ’	sigw=s'	σιγάω	siga/w	urn:cite2:hmt:lsj.chicago_md:n93963	v3ppsa---
σιγῶσ’	sigw=s'	σιγάω	siga/w	urn:cite2:hmt:lsj.chicago_md:n93963	v-pppafn-
σιγῶσ’	sigw=s'	σιγάω	siga/w	urn:cite2:hmt:lsj.chicago_md:n93963	v-pppafv-
σιγῶσ’	sigw=s'	σιγάζω	siga/zw	urn:cite2:hmt:lsj.chicago_md:n93956	v-sfpafn-
σιγῶσ’	sigw=s'	σιγάζω	siga/zw	urn:cite2:hmt:lsj.chicago_md:n93956	v-sfpafv-
σιγῶσ’	sigw=s'	σιγάζω	siga/zw	urn:cite2:hmt:lsj.chicago_md:n93956	v-pfpamd-
σιγῶσ’	sigw=s'	σιγάζω	siga/zw	urn:cite2:hmt:lsj.chicago_md:n93956	v-pfpand-
σιγῶσ’	sigw=s'	σιγάζω	siga/zw	urn:cite2:hmt:lsj.chicago_md:n93956	v3pfia---
σιγῶσ’	sigw=s'	σιγάζω	siga/zw	urn:cite2:hmt:lsj.chicago_md:n93956	v-pfpafn-
σιγῶσ’	sigw=s'	σιγάζω	siga/zw	urn:cite2:hmt:lsj.chicago_md:n93956	v-pfpafv-
σιωπᾶσθαι	siwpa=sqai	σιωπάω	siwpa/w	urn:cite2:hmt:lsj.chicago_md:n94473	v--pne---
σιωπῇ	siwph=|	σιωπάω	siwpa/w	urn:cite2:hmt:lsj.chicago_md:n94473	v2spse---
σιωπῇ	siwph=|	σιωπάω	siwpa/w	urn:cite2:hmt:lsj.chicago_md:n94473	v2spie---
σιωπῇ	siwph=|	σιωπάω	siwpa/w	urn:cite2:hmt:lsj.chicago_md:n94473	v3spsa---
σιωπῇ	siwph=|	σιωπάω	siwpa/w	urn:cite2:hmt:lsj.chicago_md:n94473	v3spia---
σιωπῇ	siwph=|	σιωπάω	siwpa/w	urn:cite2:hmt:lsj.chicago_md:n94473	v2spse---
σιωπῇ	siwph=|	σιωπάω	siwpa/w	urn:cite2:hmt:lsj.chicago_md:n94473	v2spie---
σιωπῇ	siwph=|	σιωπάω	siwpa/w	urn:cite2:hmt:lsj.chicago_md:n94473	v3spsa---
σιωπῇ	siwph=|	σιωπή	siwph/	urn:cite2:hmt:lsj.chicago_md:n94474	n-s---fd-
σιώπα	siw/pa	σιωπάω	siwpa/w	urn:cite2:hmt:lsj.chicago_md:n94473	v2spma---
σιώπα	siw/pa	σιωπάω	siwpa/w	urn:cite2:hmt:lsj.chicago_md:n94473	v3siia---
σκηναῖσιν	skhnai=sin	σκηνή	skhnh/	urn:cite2:hmt:lsj.chicago_md:n94769	n-p---fd-
σκηνωμάτων	skhnwma/twn	σκήνωμα	skh/nwma	urn:cite2:hmt:lsj.chicago_md:n94796	n-p---ng-
σκηνάς	skhna/s	σκηνή	skhnh/	urn:cite2:hmt:lsj.chicago_md:n94769	n-p---fa-
σκοπέλοις	skope/lois	σκόπελον	sko/pelon	urn:cite2:hmt:lsj.chicago_md:n95105	n-p---nd-
σκοπέλοις	skope/lois	σκόπελος	sko/pelos	urn:cite2:hmt:lsj.chicago_md:n95106	n-p---md-
σκοπέλοισι	skope/loisi	σκόπελον	sko/pelon	urn:cite2:hmt:lsj.chicago_md:n95105	n-p---nd-
σκοπέλοισι	skope/loisi	σκόπελος	sko/pelos	urn:cite2:hmt:lsj.chicago_md:n95106	n-p---md-
σκοτίας	skoti/as	σκότιος	sko/tios	urn:cite2:hmt:lsj.chicago_md:n95200	a-p---fa-
σκοτίας	skoti/as	σκότιος	sko/tios	urn:cite2:hmt:lsj.chicago_md:n95200	a-s---fg-
σκοτίας	skoti/as	σκοτία	skoti/a	urn:cite2:hmt:lsj.chicago_md:n95195	n-p---fa-
σκοτίας	skoti/as	σκοτία	skoti/a	urn:cite2:hmt:lsj.chicago_md:n95195	n-s---fg-
σκοτίων	skoti/wn	σκότιος	sko/tios	urn:cite2:hmt:lsj.chicago_md:n95200	a-p---fg-
σκοτίων	skoti/wn	σκότιος	sko/tios	urn:cite2:hmt:lsj.chicago_md:n95200	a-p---mg-
σκοτίων	skoti/wn	σκότιος	sko/tios	urn:cite2:hmt:lsj.chicago_md:n95200	a-p---ng-
σκοτίων	skoti/wn	σκότιος	sko/tios	urn:cite2:hmt:lsj.chicago_md:n95200	n-p---mg-
σκοτίων	skoti/wn	σκότιος	sko/tios	urn:cite2:hmt:lsj.chicago_md:n95200	n-p---fg-
σκοτίων	skoti/wn	σκότιος	sko/tios	urn:cite2:hmt:lsj.chicago_md:n95200	n-p---ng-
σκοτίων	skoti/wn	σκότος	sko/tos	urn:cite2:hmt:lsj.chicago_md:n95221	n-p---ng-
σκοτίων	skoti/wn	σκοτάω	skota/w	urn:cite2:hmt:lsj.chicago_md:n95186	v-sppamn-
σκυλεύματ’	skuleu/mat'	σκύλευμα	sku/leuma	urn:cite2:hmt:lsj.chicago_md:n95298	n-p---nn-
σκυλεύματ’	skuleu/mat'	σκύλευμα	sku/leuma	urn:cite2:hmt:lsj.chicago_md:n95298	n-p---nv-
σκυλεύματ’	skuleu/mat'	σκύλευμα	sku/leuma	urn:cite2:hmt:lsj.chicago_md:n95298	n-p---na-
σκυλεύματ’	skuleu/mat'	σκύλευμα	sku/leuma	urn:cite2:hmt:lsj.chicago_md:n95298	n-s---nd-
σκυλεύματ’	skuleu/mat'	σκύλευμα	sku/leuma	urn:cite2:hmt:lsj.chicago_md:n95298	n-d---nn-
σκυλεύματ’	skuleu/mat'	σκύλευμα	sku/leuma	urn:cite2:hmt:lsj.chicago_md:n95298	n-d---nv-
σκυλεύματ’	skuleu/mat'	σκύλευμα	sku/leuma	urn:cite2:hmt:lsj.chicago_md:n95298	n-d---na-
σκέψαι	ske/yai	σκέπτομαι	ske/ptomai	urn:cite2:hmt:lsj.chicago_md:n94711	v2same---
σκέψασθ’	ske/yasq'	σκέπτομαι	ske/ptomai	urn:cite2:hmt:lsj.chicago_md:n94711	v2pame---
σκέψασθ’	ske/yasq'	σκέπτομαι	ske/ptomai	urn:cite2:hmt:lsj.chicago_md:n94711	v--ane---
σκέψασθ’	ske/yasq'	σκέπτομαι	ske/ptomai	urn:cite2:hmt:lsj.chicago_md:n94711	v2paie---
σκόπελον	sko/pelon	σκόπελον	sko/pelon	urn:cite2:hmt:lsj.chicago_md:n95105	n-s---nn-
σκόπελον	sko/pelon	σκόπελον	sko/pelon	urn:cite2:hmt:lsj.chicago_md:n95105	n-s---nv-
σκόπελον	sko/pelon	σκόπελον	sko/pelon	urn:cite2:hmt:lsj.chicago_md:n95105	n-s---na-
σκόπελον	sko/pelon	σκόπελος	sko/pelos	urn:cite2:hmt:lsj.chicago_md:n95106	n-s---ma-
σκότον	sko/ton	σκότος	sko/tos	urn:cite2:hmt:lsj.chicago_md:n95221	n-s---ma-
σκῆπτρα	skh=ptra	σκῆπτρον	skh=ptron	urn:cite2:hmt:lsj.chicago_md:n94808	n-p---nn-
σκῆπτρα	skh=ptra	σκῆπτρον	skh=ptron	urn:cite2:hmt:lsj.chicago_md:n94808	n-p---nv-
σκῆπτρα	skh=ptra	σκῆπτρον	skh=ptron	urn:cite2:hmt:lsj.chicago_md:n94808	n-p---na-
σκῆπτρον	skh=ptron	σκῆπτρον	skh=ptron	urn:cite2:hmt:lsj.chicago_md:n94808	n-s---nn-
σκῆπτρον	skh=ptron	σκῆπτρον	skh=ptron	urn:cite2:hmt:lsj.chicago_md:n94808	n-s---nv-
σκῆπτρον	skh=ptron	σκῆπτρον	skh=ptron	urn:cite2:hmt:lsj.chicago_md:n94808	n-s---na-
σκῆψιν	skh=yin	σκῆψις	skh=yis	urn:cite2:hmt:lsj.chicago_md:n94814	n-s---fa-
σμικρά	smikra/	μικρός	mikro/s	urn:cite2:hmt:lsj.chicago_md:n67762	a-p---nn-
σμικρά	smikra/	μικρός	mikro/s	urn:cite2:hmt:lsj.chicago_md:n67762	a-p---nv-
σμικρά	smikra/	μικρός	mikro/s	urn:cite2:hmt:lsj.chicago_md:n67762	a-p---na-
σμικρά	smikra/	μικρός	mikro/s	urn:cite2:hmt:lsj.chicago_md:n67762	a-d---fn-
σμικρά	smikra/	μικρός	mikro/s	urn:cite2:hmt:lsj.chicago_md:n67762	a-d---fv-
σμικρά	smikra/	μικρός	mikro/s	urn:cite2:hmt:lsj.chicago_md:n67762	a-d---fa-
σμικρά	smikra/	μικρός	mikro/s	urn:cite2:hmt:lsj.chicago_md:n67762	a-s---fn-
σμικρά	smikra/	μικρός	mikro/s	urn:cite2:hmt:lsj.chicago_md:n67762	a-s---fv-
σμικρά	smikra/	σμικρός	smikro/s	urn:cite2:hmt:lsj.chicago_md:n95505	a-p---nn-
σμικρά	smikra/	σμικρός	smikro/s	urn:cite2:hmt:lsj.chicago_md:n95505	a-p---nv-
σμικρά	smikra/	σμικρός	smikro/s	urn:cite2:hmt:lsj.chicago_md:n95505	a-p---na-
σμικρά	smikra/	σμικρός	smikro/s	urn:cite2:hmt:lsj.chicago_md:n95505	a-d---fn-
σμικρά	smikra/	σμικρός	smikro/s	urn:cite2:hmt:lsj.chicago_md:n95505	a-d---fv-
σμικρά	smikra/	σμικρός	smikro/s	urn:cite2:hmt:lsj.chicago_md:n95505	a-d---fa-
σμικρά	smikra/	σμικρός	smikro/s	urn:cite2:hmt:lsj.chicago_md:n95505	a-s---fn-
σμικρά	smikra/	σμικρός	smikro/s	urn:cite2:hmt:lsj.chicago_md:n95505	a-s---fv-
σμύρνης	smu/rnhs	σμύρνα	smu/rna	urn:cite2:hmt:lsj.chicago_md:n95540	n-s---fg-
σμύρνης	smu/rnhs	σμύρνα	smu/rna	urn:cite2:hmt:lsj.chicago_md:n95541	n-s---fg-
σμύρνης	smu/rnhs	σμύρνα	smu/rna	urn:cite2:hmt:lsj.chicago_md:n95540	n-s---fg-
σμύρνης	smu/rnhs	σμύρνα	smu/rna	urn:cite2:hmt:lsj.chicago_md:n95541	n-s---fg-
σοι	soi	σύ	su/	urn:cite2:hmt:lsj.chicago_md:n97456	p-s----d-
σου	sou	σύ	su/	urn:cite2:hmt:lsj.chicago_md:n97456	p-s----g-
σοφοί	sofoi/	σοφός	sofo/s	urn:cite2:hmt:lsj.chicago_md:n95661	a-p---mn-
σοφοί	sofoi/	σοφός	sofo/s	urn:cite2:hmt:lsj.chicago_md:n95661	a-p---mv-
σοφοί	sofoi/	σοφόω	sofo/w	urn:cite2:hmt:lsj.chicago_md:n95663	v2spse---
σοφοί	sofoi/	σοφόω	sofo/w	urn:cite2:hmt:lsj.chicago_md:n95663	v2spie---
σοφοί	sofoi/	σοφόω	sofo/w	urn:cite2:hmt:lsj.chicago_md:n95663	v3spsa---
σοφώτερον	sofw/teron	σοφός	sofo/s	urn:cite2:hmt:lsj.chicago_md:n95661	x--------
σοφώτερον	sofw/teron	σοφός	sofo/s	urn:cite2:hmt:lsj.chicago_md:n95661	a-s---ma-
σοφώτερον	sofw/teron	σοφός	sofo/s	urn:cite2:hmt:lsj.chicago_md:n95661	a-s---nn-
σοφώτερον	sofw/teron	σοφός	sofo/s	urn:cite2:hmt:lsj.chicago_md:n95661	a-s---nv-
σοφώτερον	sofw/teron	σοφός	sofo/s	urn:cite2:hmt:lsj.chicago_md:n95661	a-s---na-
σοφῆς	sofh=s	σοφός	sofo/s	urn:cite2:hmt:lsj.chicago_md:n95661	a-s---fg-
σοί	soi/	σός	so/s	urn:cite2:hmt:lsj.chicago_md:n95610	a-p---mn-
σοί	soi/	σός	so/s	urn:cite2:hmt:lsj.chicago_md:n95610	a-p---mv-
σοί	soi/	σύ	su/	urn:cite2:hmt:lsj.chicago_md:n97456	p-s----d-
σοί	soi/	σύ	su/	urn:cite2:hmt:lsj.chicago_md:n97456	p-s----d-
σούς	sou/s	σός	so/s	urn:cite2:hmt:lsj.chicago_md:n95610	a-p---ma-
σοῖς	soi=s	σός	so/s	urn:cite2:hmt:lsj.chicago_md:n95610	a-p---md-
σοῖς	soi=s	σός	so/s	urn:cite2:hmt:lsj.chicago_md:n95610	a-p---nd-
σοῖσιν	soi=sin	σός	so/s	urn:cite2:hmt:lsj.chicago_md:n95610	a-p---md-
σοῖσιν	soi=sin	σός	so/s	urn:cite2:hmt:lsj.chicago_md:n95610	a-p---nd-
σοῦ	sou=	σεύω	seu/w	urn:cite2:hmt:lsj.chicago_md:n93762	v2spmm---
σοῦ	sou=	σός	so/s	urn:cite2:hmt:lsj.chicago_md:n95610	a-s---mg-
σοῦ	sou=	σός	so/s	urn:cite2:hmt:lsj.chicago_md:n95610	a-s---ng-
σοῦ	sou=	σοῦ	sou=	urn:cite2:hmt:lsj.chicago_md:n95612	x--------
σοῦ	sou=	σοῦ	sou=	urn:cite2:hmt:lsj.chicago_md:n95613	x--------
σοῦ	sou=	σύ	su/	urn:cite2:hmt:lsj.chicago_md:n97456	p-s----g-
σπαργανώσαντες	sparganw/santes	σπαργανόω	spargano/w	urn:cite2:hmt:lsj.chicago_md:n95752	v-papamn-
σπαργανώσαντες	sparganw/santes	σπαργανόω	spargano/w	urn:cite2:hmt:lsj.chicago_md:n95752	v-papamv-
σπαργάνοισιν	sparga/noisin	σπάργανον	spa/rganon	urn:cite2:hmt:lsj.chicago_md:n95751	n-p---nd-
σπαργάνοισί	sparga/noisi/	σπάργανον	spa/rganon	urn:cite2:hmt:lsj.chicago_md:n95751	n-p---nd-
σπείραισιν	spei/raisin	σπείρω	spei/rw	urn:cite2:hmt:lsj.chicago_md:n95836	v-papamd-
σπείραισιν	spei/raisin	σπείρω	spei/rw	urn:cite2:hmt:lsj.chicago_md:n95836	v-papand-
σπείραισιν	spei/raisin	σπεῖρα	spei=ra	urn:cite2:hmt:lsj.chicago_md:n95813	n-p---fd-
σπείραντα	spei/ranta	σπείρω	spei/rw	urn:cite2:hmt:lsj.chicago_md:n95836	v-papann-
σπείραντα	spei/ranta	σπείρω	spei/rw	urn:cite2:hmt:lsj.chicago_md:n95836	v-papanv-
σπείραντα	spei/ranta	σπείρω	spei/rw	urn:cite2:hmt:lsj.chicago_md:n95836	v-papana-
σπείραντα	spei/ranta	σπείρω	spei/rw	urn:cite2:hmt:lsj.chicago_md:n95836	v-sapama-
σπείρας	spei/ras	σπείρω	spei/rw	urn:cite2:hmt:lsj.chicago_md:n95836	v-sapamn-
σπείρας	spei/ras	σπείρω	spei/rw	urn:cite2:hmt:lsj.chicago_md:n95836	v-sapamv-
σπείρας	spei/ras	σπεῖρα	spei=ra	urn:cite2:hmt:lsj.chicago_md:n95813	n-p---fa-
σπείρας	spei/ras	σπεῖρα	spei=ra	urn:cite2:hmt:lsj.chicago_md:n95813	n-s---fg-
σπείρας	spei/ras	σπειράομαι	speira/omai	urn:cite2:hmt:lsj.chicago_md:n95817	v2spia---
σπείρας	spei/ras	σπειράομαι	speira/omai	urn:cite2:hmt:lsj.chicago_md:n95817	v2siia---
σπεύδει	speu/dei	σπεύδω	speu/dw	urn:cite2:hmt:lsj.chicago_md:n95898	v2spie---
σπεύδει	speu/dei	σπεύδω	speu/dw	urn:cite2:hmt:lsj.chicago_md:n95898	v3spia---
σπεύδοντες	speu/dontes	σπεύδω	speu/dw	urn:cite2:hmt:lsj.chicago_md:n95898	v-pppamn-
σπεύδοντες	speu/dontes	σπεύδω	speu/dw	urn:cite2:hmt:lsj.chicago_md:n95898	v-pppamv-
σπεύδουσιν	speu/dousin	σπεύδω	speu/dw	urn:cite2:hmt:lsj.chicago_md:n95898	v-pppamd-
σπεύδουσιν	speu/dousin	σπεύδω	speu/dw	urn:cite2:hmt:lsj.chicago_md:n95898	v-pppand-
σπεύδουσιν	speu/dousin	σπεύδω	speu/dw	urn:cite2:hmt:lsj.chicago_md:n95898	v3ppia---
σπεύδωμεν	speu/dwmen	σπεύδω	speu/dw	urn:cite2:hmt:lsj.chicago_md:n95898	v1ppsa---
σπεύσασαν	speu/sasan	σπεύδω	speu/dw	urn:cite2:hmt:lsj.chicago_md:n95898	v-sapafa-
σπεύσασ’	speu/sas'	σπεύδω	speu/dw	urn:cite2:hmt:lsj.chicago_md:n95898	v-sapafn-
σπεύσασ’	speu/sas'	σπεύδω	speu/dw	urn:cite2:hmt:lsj.chicago_md:n95898	v-sapafv-
σπεύσασ’	speu/sas'	σπεύδω	speu/dw	urn:cite2:hmt:lsj.chicago_md:n95898	v-papamd-
σπεύσασ’	speu/sas'	σπεύδω	speu/dw	urn:cite2:hmt:lsj.chicago_md:n95898	v-papand-
σπεύσασ’	speu/sas'	σπεύδω	speu/dw	urn:cite2:hmt:lsj.chicago_md:n95898	v-papafn-
σπεύσασ’	speu/sas'	σπεύδω	speu/dw	urn:cite2:hmt:lsj.chicago_md:n95898	v-papafv-
σπονδάς	sponda/s	σπονδή	spondh/	urn:cite2:hmt:lsj.chicago_md:n96042	n-p---fa-
σπονδᾶς	sponda=s	σπονδή	spondh/	urn:cite2:hmt:lsj.chicago_md:n96042	n-s---fg-
σπουδαί	spoudai/	σπουδή	spoudh/	urn:cite2:hmt:lsj.chicago_md:n96106	n-p---fn-
σπουδαί	spoudai/	σπουδή	spoudh/	urn:cite2:hmt:lsj.chicago_md:n96106	n-p---fv-
σπάργανα	spa/rgana	σπάργανον	spa/rganon	urn:cite2:hmt:lsj.chicago_md:n95751	n-p---nn-
σπάργανα	spa/rgana	σπάργανον	spa/rganon	urn:cite2:hmt:lsj.chicago_md:n95751	n-p---nv-
σπάργανα	spa/rgana	σπάργανον	spa/rganon	urn:cite2:hmt:lsj.chicago_md:n95751	n-p---na-
σπάργαν’	spa/rgan'	σπάργανον	spa/rganon	urn:cite2:hmt:lsj.chicago_md:n95751	n-p---nn-
σπάργαν’	spa/rgan'	σπάργανον	spa/rganon	urn:cite2:hmt:lsj.chicago_md:n95751	n-p---nv-
σπάργαν’	spa/rgan'	σπάργανον	spa/rganon	urn:cite2:hmt:lsj.chicago_md:n95751	n-p---na-
σπέρμα	spe/rma	σπέρμα	spe/rma	urn:cite2:hmt:lsj.chicago_md:n95853	n-s---nn-
σπέρμα	spe/rma	σπέρμα	spe/rma	urn:cite2:hmt:lsj.chicago_md:n95853	n-s---nv-
σπέρμα	spe/rma	σπέρμα	spe/rma	urn:cite2:hmt:lsj.chicago_md:n95853	n-s---na-
σταγόσι	stago/si	σταγών	stagw/n	urn:cite2:hmt:lsj.chicago_md:n96146	n-p---fd-
σταθείς	staqei/s	ἵστημι	i(/sthmi	urn:cite2:hmt:lsj.chicago_md:n51241	v-sappmn-
σταθείς	staqei/s	ἵστημι	i(/sthmi	urn:cite2:hmt:lsj.chicago_md:n51241	v-sappmv-
σταθμήσας	staqmh/sas	σταθμάω	staqma/w	urn:cite2:hmt:lsj.chicago_md:n96171	v-sapamn-
σταθμήσας	staqmh/sas	σταθμάω	staqma/w	urn:cite2:hmt:lsj.chicago_md:n96171	v-sapamv-
σταλαγμούς	stalagmou/s	σταλαγμός	stalagmo/s	urn:cite2:hmt:lsj.chicago_md:n96222	n-p---ma-
σταλαγμός	stalagmo/s	σταλαγμός	stalagmo/s	urn:cite2:hmt:lsj.chicago_md:n96222	n-s---mn-
σταλαγμῶν	stalagmw=n	σταλαγμός	stalagmo/s	urn:cite2:hmt:lsj.chicago_md:n96222	n-p---mg-
στεναγμάτων	stenagma/twn	στέναγμα	ste/nagma	urn:cite2:hmt:lsj.chicago_md:n96466	n-p---ng-
στενομένα	stenome/na	στένω	ste/nw	urn:cite2:hmt:lsj.chicago_md:n96525	v-dppefn-
στενομένα	stenome/na	στένω	ste/nw	urn:cite2:hmt:lsj.chicago_md:n96525	v-dppefv-
στενομένα	stenome/na	στένω	ste/nw	urn:cite2:hmt:lsj.chicago_md:n96525	v-dppefa-
στενομένα	stenome/na	στένω	ste/nw	urn:cite2:hmt:lsj.chicago_md:n96525	v-sppefn-
στενομένα	stenome/na	στένω	ste/nw	urn:cite2:hmt:lsj.chicago_md:n96525	v-sppefv-
στενάξῃς	stena/ch|s	στενάζω	stena/zw	urn:cite2:hmt:lsj.chicago_md:n96470	v2sasa---
στεφάνοισι	stefa/noisi	στέφανος	ste/fanos	urn:cite2:hmt:lsj.chicago_md:n96662	n-p---md-
στείβουσι	stei/bousi	στείβω	stei/bw	urn:cite2:hmt:lsj.chicago_md:n96408	v-pppamd-
στείβουσι	stei/bousi	στείβω	stei/bw	urn:cite2:hmt:lsj.chicago_md:n96408	v-pppand-
στείβουσι	stei/bousi	στείβω	stei/bw	urn:cite2:hmt:lsj.chicago_md:n96408	v3ppia---
στείχεθ’	stei/xeq'	στείχω	stei/xw	urn:cite2:hmt:lsj.chicago_md:n96425	v2ppma---
στείχεθ’	stei/xeq'	στείχω	stei/xw	urn:cite2:hmt:lsj.chicago_md:n96425	v2ppia---
στείχεθ’	stei/xeq'	στείχω	stei/xw	urn:cite2:hmt:lsj.chicago_md:n96425	v3spie---
στείχεθ’	stei/xeq'	στείχω	stei/xw	urn:cite2:hmt:lsj.chicago_md:n96425	v3siie---
στείχεθ’	stei/xeq'	στείχω	stei/xw	urn:cite2:hmt:lsj.chicago_md:n96425	v2piia---
στείχετε	stei/xete	στείχω	stei/xw	urn:cite2:hmt:lsj.chicago_md:n96425	v2ppma---
στείχετε	stei/xete	στείχω	stei/xw	urn:cite2:hmt:lsj.chicago_md:n96425	v2ppia---
στείχετε	stei/xete	στείχω	stei/xw	urn:cite2:hmt:lsj.chicago_md:n96425	v2piia---
στείχοιμ’	stei/xoim'	στείχω	stei/xw	urn:cite2:hmt:lsj.chicago_md:n96425	v1spoa---
στείχωμεν	stei/xwmen	στείχω	stei/xw	urn:cite2:hmt:lsj.chicago_md:n96425	v1ppsa---
στείχων	stei/xwn	στείχω	stei/xw	urn:cite2:hmt:lsj.chicago_md:n96425	v-sppamn-
στεῖχε	stei=xe	στείχω	stei/xw	urn:cite2:hmt:lsj.chicago_md:n96425	v2spma---
στεῖχε	stei=xe	στείχω	stei/xw	urn:cite2:hmt:lsj.chicago_md:n96425	v3siia---
στολήν	stolh/n	στολή	stolh/	urn:cite2:hmt:lsj.chicago_md:n96960	n-s---fa-
στρέφουσ’	stre/fous'	στρέφω	stre/fw	urn:cite2:hmt:lsj.chicago_md:n97186	v-sppafn-
στρέφουσ’	stre/fous'	στρέφω	stre/fw	urn:cite2:hmt:lsj.chicago_md:n97186	v-sppafv-
στρέφουσ’	stre/fous'	στρέφω	stre/fw	urn:cite2:hmt:lsj.chicago_md:n97186	v-pppamd-
στρέφουσ’	stre/fous'	στρέφω	stre/fw	urn:cite2:hmt:lsj.chicago_md:n97186	v-pppand-
στρέφουσ’	stre/fous'	στρέφω	stre/fw	urn:cite2:hmt:lsj.chicago_md:n97186	v3ppia---
στρέφουσ’	stre/fous'	στρέφω	stre/fw	urn:cite2:hmt:lsj.chicago_md:n97186	v-pppafn-
στρέφουσ’	stre/fous'	στρέφω	stre/fw	urn:cite2:hmt:lsj.chicago_md:n97186	v-pppafv-
στυγεῖς	stugei=s	στυγέω	stuge/w	urn:cite2:hmt:lsj.chicago_md:n97359	v2spia---
στυγῶ	stugw=	στυγέω	stuge/w	urn:cite2:hmt:lsj.chicago_md:n97359	v1spsa---
στυγῶ	stugw=	στυγέω	stuge/w	urn:cite2:hmt:lsj.chicago_md:n97359	v1spia---
στυγῶν	stugw=n	στύγος	stu/gos	urn:cite2:hmt:lsj.chicago_md:n97374	n-p---ng-
στυγῶν	stugw=n	στυγέω	stuge/w	urn:cite2:hmt:lsj.chicago_md:n97359	v-sppamn-
στάδια	sta/dia	στάδιον	sta/dion	urn:cite2:hmt:lsj.chicago_md:n96160	n-p---nn-
στάδια	sta/dia	στάδιον	sta/dion	urn:cite2:hmt:lsj.chicago_md:n96160	n-p---nv-
στάδια	sta/dia	στάδιον	sta/dion	urn:cite2:hmt:lsj.chicago_md:n96160	n-p---na-
στάδια	sta/dia	στάδιος	sta/dios	urn:cite2:hmt:lsj.chicago_md:n96161	a-p---nn-
στάδια	sta/dia	στάδιος	sta/dios	urn:cite2:hmt:lsj.chicago_md:n96161	a-p---nv-
στάδια	sta/dia	στάδιος	sta/dios	urn:cite2:hmt:lsj.chicago_md:n96161	a-p---na-
στάζουσι	sta/zousi	στάζω	sta/zw	urn:cite2:hmt:lsj.chicago_md:n96162	v-pppamd-
στάζουσι	sta/zousi	στάζω	sta/zw	urn:cite2:hmt:lsj.chicago_md:n96162	v-pppand-
στάζουσι	sta/zousi	στάζω	sta/zw	urn:cite2:hmt:lsj.chicago_md:n96162	v3ppia---
στάθμην	sta/qmhn	στάθμη	sta/qmh	urn:cite2:hmt:lsj.chicago_md:n96174	n-s---fa-
στάθμην	sta/qmhn	σταθμάω	staqma/w	urn:cite2:hmt:lsj.chicago_md:n96171	v3piia---
στάθμην	sta/qmhn	σταθμάω	staqma/w	urn:cite2:hmt:lsj.chicago_md:n96171	v1siia---
στέγας	ste/gas	στέγη	ste/gh	urn:cite2:hmt:lsj.chicago_md:n96389	n-p---fa-
στέγας	ste/gas	στέγη	ste/gh	urn:cite2:hmt:lsj.chicago_md:n96389	n-s---fg-
στέγει	ste/gei	στέγος	ste/gos	urn:cite2:hmt:lsj.chicago_md:n96402	n-d---nn-
στέγει	ste/gei	στέγος	ste/gos	urn:cite2:hmt:lsj.chicago_md:n96402	n-d---nv-
στέγει	ste/gei	στέγος	ste/gos	urn:cite2:hmt:lsj.chicago_md:n96402	n-d---na-
στέγει	ste/gei	στέγος	ste/gos	urn:cite2:hmt:lsj.chicago_md:n96402	n-s---nd-
στέγει	ste/gei	στέγος	ste/gos	urn:cite2:hmt:lsj.chicago_md:n96402	n-s---nd-
στέγει	ste/gei	στέγω	ste/gw	urn:cite2:hmt:lsj.chicago_md:n96404	v2spie---
στέγει	ste/gei	στέγω	ste/gw	urn:cite2:hmt:lsj.chicago_md:n96404	v3spia---
στέγη	ste/gh	στέγη	ste/gh	urn:cite2:hmt:lsj.chicago_md:n96389	n-s---fn-
στέγη	ste/gh	στέγη	ste/gh	urn:cite2:hmt:lsj.chicago_md:n96389	n-s---fv-
στέγη	ste/gh	στέγος	ste/gos	urn:cite2:hmt:lsj.chicago_md:n96402	n-p---nn-
στέγη	ste/gh	στέγος	ste/gos	urn:cite2:hmt:lsj.chicago_md:n96402	n-p---nv-
στέγη	ste/gh	στέγος	ste/gos	urn:cite2:hmt:lsj.chicago_md:n96402	n-p---na-
στέγη	ste/gh	στέγος	ste/gos	urn:cite2:hmt:lsj.chicago_md:n96402	n-d---nn-
στέγη	ste/gh	στέγος	ste/gos	urn:cite2:hmt:lsj.chicago_md:n96402	n-d---nv-
στέγη	ste/gh	στέγος	ste/gos	urn:cite2:hmt:lsj.chicago_md:n96402	n-d---na-
στέγος	ste/gos	στέγος	ste/gos	urn:cite2:hmt:lsj.chicago_md:n96402	n-s---nn-
στέγος	ste/gos	στέγος	ste/gos	urn:cite2:hmt:lsj.chicago_md:n96402	n-s---nv-
στέγος	ste/gos	στέγος	ste/gos	urn:cite2:hmt:lsj.chicago_md:n96402	n-s---na-
στέμμαθ’	ste/mmaq'	στέμμα	ste/mma	urn:cite2:hmt:lsj.chicago_md:n96454	n-p---nn-
στέμμαθ’	ste/mmaq'	στέμμα	ste/mma	urn:cite2:hmt:lsj.chicago_md:n96454	n-p---nv-
στέμμαθ’	ste/mmaq'	στέμμα	ste/mma	urn:cite2:hmt:lsj.chicago_md:n96454	n-p---na-
στέμμαθ’	ste/mmaq'	στέμμα	ste/mma	urn:cite2:hmt:lsj.chicago_md:n96454	n-s---nd-
στέμμαθ’	ste/mmaq'	στέμμα	ste/mma	urn:cite2:hmt:lsj.chicago_md:n96454	n-d---nn-
στέμμαθ’	ste/mmaq'	στέμμα	ste/mma	urn:cite2:hmt:lsj.chicago_md:n96454	n-d---nv-
στέμμαθ’	ste/mmaq'	στέμμα	ste/mma	urn:cite2:hmt:lsj.chicago_md:n96454	n-d---na-
στέμμασι	ste/mmasi	στέμμα	ste/mma	urn:cite2:hmt:lsj.chicago_md:n96454	n-p---nd-
στέμμασιν	ste/mmasin	στέμμα	ste/mma	urn:cite2:hmt:lsj.chicago_md:n96454	n-p---nd-
στέμμασί	ste/mmasi/	στέμμα	ste/mma	urn:cite2:hmt:lsj.chicago_md:n96454	n-p---nd-
στέμματα	ste/mmata	στέμμα	ste/mma	urn:cite2:hmt:lsj.chicago_md:n96454	n-p---nn-
στέμματα	ste/mmata	στέμμα	ste/mma	urn:cite2:hmt:lsj.chicago_md:n96454	n-p---nv-
στέμματα	ste/mmata	στέμμα	ste/mma	urn:cite2:hmt:lsj.chicago_md:n96454	n-p---na-
στένειν	ste/nein	στένω	ste/nw	urn:cite2:hmt:lsj.chicago_md:n96525	v--pna---
στέρνοις	ste/rnois	στέρνον	ste/rnon	urn:cite2:hmt:lsj.chicago_md:n96602	n-p---nd-
στέρνων	ste/rnwn	στέρνον	ste/rnon	urn:cite2:hmt:lsj.chicago_md:n96602	n-p---ng-
στέρομαι	ste/romai	στέρομαι	ste/romai	urn:cite2:hmt:lsj.chicago_md:n96612	v1spie---
στέφανον	ste/fanon	στέφανος	ste/fanos	urn:cite2:hmt:lsj.chicago_md:n96662	n-s---ma-
στέφεσίν	ste/fesi/n	στέφος	ste/fos	urn:cite2:hmt:lsj.chicago_md:n96678	n-p---nd-
στίβον	sti/bon	στίβος	sti/bos	urn:cite2:hmt:lsj.chicago_md:n96786	n-s---ma-
στίβῳ	sti/bw|	στίβος	sti/bos	urn:cite2:hmt:lsj.chicago_md:n96786	n-s---md-
στόμα	sto/ma	στόμα	sto/ma	urn:cite2:hmt:lsj.chicago_md:n96981	n-s---nn-
στόμα	sto/ma	στόμα	sto/ma	urn:cite2:hmt:lsj.chicago_md:n96981	n-s---nv-
στόμα	sto/ma	στόμα	sto/ma	urn:cite2:hmt:lsj.chicago_md:n96981	n-s---na-
στόματος	sto/matos	στόμα	sto/ma	urn:cite2:hmt:lsj.chicago_md:n96981	n-s---ng-
συγγνώσεται	suggnw/setai	συγγιγνώσκω	suggignw/skw	urn:cite2:hmt:lsj.chicago_md:n97524	v3sfim---
συγγόνους	suggo/nous	σύγγονος	su/ggonos	urn:cite2:hmt:lsj.chicago_md:n97540	n-p---ma-
συγγόνους	suggo/nous	σύγγονος	su/ggonos	urn:cite2:hmt:lsj.chicago_md:n97540	n-p---fa-
συγκλῄσασα	sugklh/|sasa	συγκλείω	sugklei/w	urn:cite2:hmt:lsj.chicago_md:n97812	v-sapafn-
συγκλῄσασα	sugklh/|sasa	συγκλείω	sugklei/w	urn:cite2:hmt:lsj.chicago_md:n97812	v-sapafv-
συγκραθήσεται	sugkraqh/setai	συγκεράννυμι	sugkera/nnumi	urn:cite2:hmt:lsj.chicago_md:n97779	v3sfip---
συγχέας	sugxe/as	συγχέω	sugxe/w	urn:cite2:hmt:lsj.chicago_md:n97990	v-sapamn-
συγχέας	sugxe/as	συγχέω	sugxe/w	urn:cite2:hmt:lsj.chicago_md:n97990	v-sapamv-
συθείς	suqei/s	σεύω	seu/w	urn:cite2:hmt:lsj.chicago_md:n93762	v-sappmn-
συθείς	suqei/s	σεύω	seu/w	urn:cite2:hmt:lsj.chicago_md:n93762	v-sappmv-
συλαθείς	sulaqei/s	συλάω	sula/w	urn:cite2:hmt:lsj.chicago_md:n98152	v-sappmn-
συλαθείς	sulaqei/s	συλάω	sula/w	urn:cite2:hmt:lsj.chicago_md:n98152	v-sappmv-
συλλαβών	sullabw/n	συλλαμβάνω	sullamba/nw	urn:cite2:hmt:lsj.chicago_md:n98173	v-sapamn-
συμβόλαια	sumbo/laia	συμβόλαιον	sumbo/laion	urn:cite2:hmt:lsj.chicago_md:n98296	n-p---nn-
συμβόλαια	sumbo/laia	συμβόλαιον	sumbo/laion	urn:cite2:hmt:lsj.chicago_md:n98296	n-p---nv-
συμβόλαια	sumbo/laia	συμβόλαιον	sumbo/laion	urn:cite2:hmt:lsj.chicago_md:n98296	n-p---na-
συμβόλαια	sumbo/laia	συμβόλαιος	sumbo/laios	urn:cite2:hmt:lsj.chicago_md:n98298	a-p---nn-
συμβόλαια	sumbo/laia	συμβόλαιος	sumbo/laios	urn:cite2:hmt:lsj.chicago_md:n98298	a-p---nv-
συμβόλαια	sumbo/laia	συμβόλαιος	sumbo/laios	urn:cite2:hmt:lsj.chicago_md:n98298	a-p---na-
συμμάχοις	summa/xois	σύμμαχος	su/mmaxos	urn:cite2:hmt:lsj.chicago_md:n98358	n-p---md-
συμμάχοις	summa/xois	σύμμαχος	su/mmaxos	urn:cite2:hmt:lsj.chicago_md:n98358	n-p---fd-
συμμάχοις	summa/xois	σύμμαχος	su/mmaxos	urn:cite2:hmt:lsj.chicago_md:n98358	n-p---nd-
συμπονήσας	sumponh/sas	συμπονέω	sumpone/w	urn:cite2:hmt:lsj.chicago_md:n98771	v-sapamn-
συμπονήσας	sumponh/sas	συμπονέω	sumpone/w	urn:cite2:hmt:lsj.chicago_md:n98771	v-sapamv-
συμπονήσας	sumponh/sas	συμπονέω	sumpone/w	urn:cite2:hmt:lsj.chicago_md:n98771	v-sapamn-
συμπονήσας	sumponh/sas	συμπονέω	sumpone/w	urn:cite2:hmt:lsj.chicago_md:n98771	v-sapamv-
συμφονεύειν	sumfoneu/ein	συμφονεύω	sumfoneu/w	urn:cite2:hmt:lsj.chicago_md:n98924	v--pna---
συμφονεύειν	sumfoneu/ein	συμφονεύω	sumfoneu/w	urn:cite2:hmt:lsj.chicago_md:n98924	v--pna---
συμφοραί	sumforai/	συμφορά	sumfora/	urn:cite2:hmt:lsj.chicago_md:n98925	n-p---fn-
συμφοραί	sumforai/	συμφορά	sumfora/	urn:cite2:hmt:lsj.chicago_md:n98925	n-p---fv-
συμφοραῖς	sumforai=s	συμφορά	sumfora/	urn:cite2:hmt:lsj.chicago_md:n98925	n-p---fd-
συμφοράν	sumfora/n	συμφορά	sumfora/	urn:cite2:hmt:lsj.chicago_md:n98925	n-s---fa-
συμφοράς	sumfora/s	συμφορά	sumfora/	urn:cite2:hmt:lsj.chicago_md:n98925	n-p---fa-
συμφορᾶς	sumfora=s	συμφορά	sumfora/	urn:cite2:hmt:lsj.chicago_md:n98925	n-s---fg-
συμφορᾶς	sumfora=s	συμφοράζω	sumfora/zw	urn:cite2:hmt:lsj.chicago_md:n98926	v2sfia---
συμφορᾶς	sumfora=s	συμφορεύς	sumforeu/s	urn:cite2:hmt:lsj.chicago_md:n98928	n-p---ma-
συμφόνευε	sumfo/neue	συμφονεύω	sumfoneu/w	urn:cite2:hmt:lsj.chicago_md:n98924	v2spma---
συμφόνευε	sumfo/neue	συμφονεύω	sumfoneu/w	urn:cite2:hmt:lsj.chicago_md:n98924	v2spma---
συμφόνευε	sumfo/neue	συμφονεύω	sumfoneu/w	urn:cite2:hmt:lsj.chicago_md:n98924	v3siia---
συμφόνευε	sumfo/neue	συμφονεύω	sumfoneu/w	urn:cite2:hmt:lsj.chicago_md:n98924	v3siia---
συναντλεῖ	sunantlei=	συναντλέω	sunantle/w	urn:cite2:hmt:lsj.chicago_md:n99342	v2spie---
συναντλεῖ	sunantlei=	συναντλέω	sunantle/w	urn:cite2:hmt:lsj.chicago_md:n99342	v3spia---
συναντλεῖ	sunantlei=	συναντλέω	sunantle/w	urn:cite2:hmt:lsj.chicago_md:n99342	v2spie---
συναντλεῖ	sunantlei=	συναντλέω	sunantle/w	urn:cite2:hmt:lsj.chicago_md:n99342	v3spia---
συναντήσαντά	sunanth/santa/	συναντάω	sunanta/w	urn:cite2:hmt:lsj.chicago_md:n99331	v-papann-
συναντήσαντά	sunanth/santa/	συναντάω	sunanta/w	urn:cite2:hmt:lsj.chicago_md:n99331	v-papanv-
συναντήσαντά	sunanth/santa/	συναντάω	sunanta/w	urn:cite2:hmt:lsj.chicago_md:n99331	v-papana-
συναντήσαντά	sunanth/santa/	συναντάω	sunanta/w	urn:cite2:hmt:lsj.chicago_md:n99331	v-sapama-
συναντήσαντά	sunanth/santa/	συναντάω	sunanta/w	urn:cite2:hmt:lsj.chicago_md:n99331	v-papann-
συναντήσαντά	sunanth/santa/	συναντάω	sunanta/w	urn:cite2:hmt:lsj.chicago_md:n99331	v-papanv-
συναντήσαντά	sunanth/santa/	συναντάω	sunanta/w	urn:cite2:hmt:lsj.chicago_md:n99331	v-papana-
συναντήσαντά	sunanth/santa/	συναντάω	sunanta/w	urn:cite2:hmt:lsj.chicago_md:n99331	v-sapama-
συνδείπνοις	sundei/pnois	σύνδειπνον	su/ndeipnon	urn:cite2:hmt:lsj.chicago_md:n99624	n-p---nd-
συνδείπνοις	sundei/pnois	σύνδειπνος	su/ndeipnos	urn:cite2:hmt:lsj.chicago_md:n99625	n-p---md-
συνδείπνοις	sundei/pnois	σύνδειπνος	su/ndeipnos	urn:cite2:hmt:lsj.chicago_md:n99625	n-p---fd-
συνεζύγη	sunezu/gh	συζεύγνυμι	suzeu/gnumi	urn:cite2:hmt:lsj.chicago_md:n98051	v3saip---
συνεκπονεῖν	sunekponei=n	συνεκπονέω	sunekpone/w	urn:cite2:hmt:lsj.chicago_md:n99977	v--pna---
συνεκπονεῖν	sunekponei=n	συνεκπονέω	sunekpone/w	urn:cite2:hmt:lsj.chicago_md:n99977	v--pna---
συνεκπονοῦσα	sunekponou=sa	συνεκπονέω	sunekpone/w	urn:cite2:hmt:lsj.chicago_md:n99977	v-sppafn-
συνεκπονοῦσα	sunekponou=sa	συνεκπονέω	sunekpone/w	urn:cite2:hmt:lsj.chicago_md:n99977	v-sppafv-
συνεκπονοῦσα	sunekponou=sa	συνεκπονέω	sunekpone/w	urn:cite2:hmt:lsj.chicago_md:n99977	v-sppafn-
συνεκπονοῦσα	sunekponou=sa	συνεκπονέω	sunekpone/w	urn:cite2:hmt:lsj.chicago_md:n99977	v-sppafv-
συνεξαίρει	sunecai/rei	συνεξαίρω	sunecai/rw	urn:cite2:hmt:lsj.chicago_md:n100094	v2spie---
συνεξαίρει	sunecai/rei	συνεξαίρω	sunecai/rw	urn:cite2:hmt:lsj.chicago_md:n100094	v3spia---
συνεξαίρει	sunecai/rei	συνεξαιρέω	sunecaire/w	urn:cite2:hmt:lsj.chicago_md:n100093	v2spma---
συνεξαίρει	sunecai/rei	συνεξαιρέω	sunecaire/w	urn:cite2:hmt:lsj.chicago_md:n100093	v2spma---
συνεξαίρει	sunecai/rei	συνεξαιρέω	sunecaire/w	urn:cite2:hmt:lsj.chicago_md:n100093	v3siia---
συνεξαίρει	sunecai/rei	συνεξαιρέω	sunecaire/w	urn:cite2:hmt:lsj.chicago_md:n100093	v3siia---
συνεξελών	sunecelw/n	συνεξαιρέω	sunecaire/w	urn:cite2:hmt:lsj.chicago_md:n100093	v-sapamn-
συνεργός	sunergo/s	συνεργός	sunergo/s	urn:cite2:hmt:lsj.chicago_md:n100390	n-s---mn-
συνεργός	sunergo/s	συνεργός	sunergo/s	urn:cite2:hmt:lsj.chicago_md:n100390	n-s---fn-
συνησθῇς	sunhsqh=|s	συνήδομαι	sunh/domai	urn:cite2:hmt:lsj.chicago_md:n100520	v2sasp---
συννοούμενος	sunnoou/menos	συννοέω	sunnoe/w	urn:cite2:hmt:lsj.chicago_md:n100734	v-sppemn-
συννοούμενος	sunnoou/menos	συννοέω	sunnoe/w	urn:cite2:hmt:lsj.chicago_md:n100734	v-sppemn-
συντιθέντες	suntiqe/ntes	συντίθημι	sunti/qhmi	urn:cite2:hmt:lsj.chicago_md:n101024	v-pppamn-
συντιθέντες	suntiqe/ntes	συντίθημι	sunti/qhmi	urn:cite2:hmt:lsj.chicago_md:n101024	v-pppamv-
συντρέχει	suntre/xei	συντρέχω	suntre/xw	urn:cite2:hmt:lsj.chicago_md:n101063	v2spie---
συντρέχει	suntre/xei	συντρέχω	suntre/xw	urn:cite2:hmt:lsj.chicago_md:n101063	v3spia---
συνάντησιν	suna/nthsin	συνάντησις	suna/nthsis	urn:cite2:hmt:lsj.chicago_md:n99334	n-s---fa-
συνάντησιν	suna/nthsin	συνάντομαι	suna/ntomai	urn:cite2:hmt:lsj.chicago_md:n99343	v2spsm---
συνάντησιν	suna/nthsin	συναντάω	sunanta/w	urn:cite2:hmt:lsj.chicago_md:n99331	v3spia---
συνάντησιν	suna/nthsin	συναντάω	sunanta/w	urn:cite2:hmt:lsj.chicago_md:n99331	v3spia---
συνέκυρσ’	sune/kurs'	συγκυρέω	sugkure/w	urn:cite2:hmt:lsj.chicago_md:n97954	v1saia---
συνέκυρσ’	sune/kurs'	συγκυρέω	sugkure/w	urn:cite2:hmt:lsj.chicago_md:n97954	v3saia---
συνήντετο	sunh/nteto	συνάντομαι	suna/ntomai	urn:cite2:hmt:lsj.chicago_md:n99343	v3siie---
συνήντετο	sunh/nteto	συνάντομαι	suna/ntomai	urn:cite2:hmt:lsj.chicago_md:n99343	v3siim---
συνῆψας	sunh=yas	συνάπτω	suna/ptw	urn:cite2:hmt:lsj.chicago_md:n99485	v2saia---
συνῆψ’	sunh=y'	συνάπτω	suna/ptw	urn:cite2:hmt:lsj.chicago_md:n99485	v1saia---
συνῆψ’	sunh=y'	συνάπτω	suna/ptw	urn:cite2:hmt:lsj.chicago_md:n99485	v2slie---
συνῆψ’	sunh=y'	συνάπτω	suna/ptw	urn:cite2:hmt:lsj.chicago_md:n99485	v2srme---
συνῆψ’	sunh=y'	συνάπτω	suna/ptw	urn:cite2:hmt:lsj.chicago_md:n99485	v2slie---
συνῆψ’	sunh=y'	συνάπτω	suna/ptw	urn:cite2:hmt:lsj.chicago_md:n99485	v3saia---
συνῆψ’	sunh=y'	συνάπτω	suna/ptw	urn:cite2:hmt:lsj.chicago_md:n99485	v2srie---
συρίγγων	suri/ggwn	σῦριγξ	su=rigc	urn:cite2:hmt:lsj.chicago_md:n101249	n-p---fg-
συρίγγων	suri/ggwn	συριγγόω	suriggo/w	urn:cite2:hmt:lsj.chicago_md:n101241	v3piia---
συρίγγων	suri/ggwn	συριγγόω	suriggo/w	urn:cite2:hmt:lsj.chicago_md:n101241	v1siia---
συρίζεις	suri/zeis	συρίζω	suri/zw	urn:cite2:hmt:lsj.chicago_md:n101251	v2spia---
συρίζεις	suri/zeis	συρίζω	suri/zw	urn:cite2:hmt:lsj.chicago_md:n101252	v2spia---
συσσιτίῳ	sussiti/w|	συσσίτιον	sussi/tion	urn:cite2:hmt:lsj.chicago_md:n101416	n-s---nd-
συστενάζειν	sustena/zein	συστενάζω	sustena/zw	urn:cite2:hmt:lsj.chicago_md:n101458	v--pna---
συστενάζειν	sustena/zein	συστενάζω	sustena/zw	urn:cite2:hmt:lsj.chicago_md:n101458	v--pna---
σφαγαῖσι	sfagai=si	σφαγή	sfagh/	urn:cite2:hmt:lsj.chicago_md:n101545	n-p---fd-
σφαγάς	sfaga/s	σφαγή	sfagh/	urn:cite2:hmt:lsj.chicago_md:n101545	n-p---fa-
σφαλεῖσ’	sfalei=s'	σφάλλω	sfa/llw	urn:cite2:hmt:lsj.chicago_md:n101611	v-sappfn-
σφαλεῖσ’	sfalei=s'	σφάλλω	sfa/llw	urn:cite2:hmt:lsj.chicago_md:n101611	v-sappfv-
σφαλεῖσ’	sfalei=s'	σφάλλω	sfa/llw	urn:cite2:hmt:lsj.chicago_md:n101611	v-pappmd-
σφαλεῖσ’	sfalei=s'	σφάλλω	sfa/llw	urn:cite2:hmt:lsj.chicago_md:n101611	v-pappnd-
σφαλεῖσ’	sfalei=s'	σφάλλω	sfa/llw	urn:cite2:hmt:lsj.chicago_md:n101611	v-pappfn-
σφαλεῖσ’	sfalei=s'	σφάλλω	sfa/llw	urn:cite2:hmt:lsj.chicago_md:n101611	v-pappfv-
σφαλεῖσ’	sfalei=s'	σφάλος	sfa/los	urn:cite2:hmt:lsj.chicago_md:n101615	n-p---nd-
σφε	sfe	σφεῖς	sfei=s	urn:cite2:hmt:lsj.chicago_md:n101628	n-p---ma-
σφε	sfe	σφεῖς	sfei=s	urn:cite2:hmt:lsj.chicago_md:n101628	n-p---fa-
σφάγια	sfa/gia	σφάγιον	sfa/gion	urn:cite2:hmt:lsj.chicago_md:n101549	n-p---nn-
σφάγια	sfa/gia	σφάγιον	sfa/gion	urn:cite2:hmt:lsj.chicago_md:n101549	n-p---nv-
σφάγια	sfa/gia	σφάγιον	sfa/gion	urn:cite2:hmt:lsj.chicago_md:n101549	n-p---na-
σφάγια	sfa/gia	σφάγιος	sfa/gios	urn:cite2:hmt:lsj.chicago_md:n101550	a-p---nn-
σφάγια	sfa/gia	σφάγιος	sfa/gios	urn:cite2:hmt:lsj.chicago_md:n101550	a-p---nv-
σφάγια	sfa/gia	σφάγιος	sfa/gios	urn:cite2:hmt:lsj.chicago_md:n101550	a-p---na-
σφάζοντες	sfa/zontes	σφάζω	sfa/zw	urn:cite2:hmt:lsj.chicago_md:n101559	v-pppamn-
σφάζοντες	sfa/zontes	σφάζω	sfa/zw	urn:cite2:hmt:lsj.chicago_md:n101559	v-pppamv-
σφάξαι	sfa/cai	σφάζω	sfa/zw	urn:cite2:hmt:lsj.chicago_md:n101559	v2samm---
σφάξαι	sfa/cai	σφάζω	sfa/zw	urn:cite2:hmt:lsj.chicago_md:n101559	v--ana---
σφάξαι	sfa/cai	σφάζω	sfa/zw	urn:cite2:hmt:lsj.chicago_md:n101559	v3saoa---
σφῷν	sfw=|n	σφεῖς	sfei=s	urn:cite2:hmt:lsj.chicago_md:n101628	n-p---mg-
σφῷν	sfw=|n	σφεῖς	sfei=s	urn:cite2:hmt:lsj.chicago_md:n101628	n-p---fg-
σφῷν	sfw=|n	σύ	su/	urn:cite2:hmt:lsj.chicago_md:n97456	p-d----g-
σφῷν	sfw=|n	σύ	su/	urn:cite2:hmt:lsj.chicago_md:n97456	p-d----d-
σφῷν	sfw=|n	σύ	su/	urn:cite2:hmt:lsj.chicago_md:n97456	p-d----g-
σφῷν	sfw=|n	σύ	su/	urn:cite2:hmt:lsj.chicago_md:n97456	p-d----d-
σφ’	sf'	ἕπομαι	e(/pomai	urn:cite2:hmt:lsj.chicago_md:n41798	v2sama---
σφ’	sf'	ἕπομαι	e(/pomai	urn:cite2:hmt:lsj.chicago_md:n41798	v3saia---
σφ’	sf'	σφεῖς	sfei=s	urn:cite2:hmt:lsj.chicago_md:n101628	n-p---md-
σφ’	sf'	σφεῖς	sfei=s	urn:cite2:hmt:lsj.chicago_md:n101628	n-p---fd-
σφ’	sf'	σφεῖς	sfei=s	urn:cite2:hmt:lsj.chicago_md:n101628	n-p---ma-
σφ’	sf'	σφεῖς	sfei=s	urn:cite2:hmt:lsj.chicago_md:n101628	n-p---fa-
σφ’	sf'	σφός	sfo/s	urn:cite2:hmt:lsj.chicago_md:n101726	a-s---mv-
σχολήν	sxolh/n	σχολή	sxolh/	urn:cite2:hmt:lsj.chicago_md:n101959	n-s---fa-
σχολῇ	sxolh=|	σχολάζω	sxola/zw	urn:cite2:hmt:lsj.chicago_md:n101946	v2sfim---
σχολῇ	sxolh=|	σχολάζω	sxola/zw	urn:cite2:hmt:lsj.chicago_md:n101946	v3sfia---
σχολῇ	sxolh=|	σχολή	sxolh/	urn:cite2:hmt:lsj.chicago_md:n101959	n-s---fd-
σχῆμ’	sxh=m'	σχῆμα	sxh=ma	urn:cite2:hmt:lsj.chicago_md:n101851	n-s---nn-
σχῆμ’	sxh=m'	σχῆμα	sxh=ma	urn:cite2:hmt:lsj.chicago_md:n101851	n-s---nv-
σχῆμ’	sxh=m'	σχῆμα	sxh=ma	urn:cite2:hmt:lsj.chicago_md:n101851	n-s---na-
σωτήριον	swth/rion	σωτήριος	swth/rios	urn:cite2:hmt:lsj.chicago_md:n102100	n-s---ma-
σωτήριον	swth/rion	σωτήριος	swth/rios	urn:cite2:hmt:lsj.chicago_md:n102100	n-s---fa-
σωτήριον	swth/rion	σωτήριος	swth/rios	urn:cite2:hmt:lsj.chicago_md:n102100	n-s---nn-
σωτήριον	swth/rion	σωτήριος	swth/rios	urn:cite2:hmt:lsj.chicago_md:n102100	n-s---nv-
σωτήριον	swth/rion	σωτήριος	swth/rios	urn:cite2:hmt:lsj.chicago_md:n102100	n-s---na-
σωφρονῶ	swfronw=	σωφρονέω	swfrone/w	urn:cite2:hmt:lsj.chicago_md:n102103	v1spsa---
σωφρονῶ	swfronw=	σωφρονέω	swfrone/w	urn:cite2:hmt:lsj.chicago_md:n102103	v1spia---
σά	sa/	σός	so/s	urn:cite2:hmt:lsj.chicago_md:n95610	a-p---nn-
σά	sa/	σός	so/s	urn:cite2:hmt:lsj.chicago_md:n95610	a-p---nv-
σά	sa/	σός	so/s	urn:cite2:hmt:lsj.chicago_md:n95610	a-p---na-
σά	sa/	σός	so/s	urn:cite2:hmt:lsj.chicago_md:n95610	a-d---fn-
σά	sa/	σός	so/s	urn:cite2:hmt:lsj.chicago_md:n95610	a-d---fv-
σά	sa/	σός	so/s	urn:cite2:hmt:lsj.chicago_md:n95610	a-d---fa-
σά	sa/	σός	so/s	urn:cite2:hmt:lsj.chicago_md:n95610	a-s---fn-
σά	sa/	σός	so/s	urn:cite2:hmt:lsj.chicago_md:n95610	a-s---fv-
σάν	sa/n	σός	so/s	urn:cite2:hmt:lsj.chicago_md:n95610	a-s---fa-
σάς	sa/s	σός	so/s	urn:cite2:hmt:lsj.chicago_md:n95610	a-p---fa-
σέ	se/	σός	so/s	urn:cite2:hmt:lsj.chicago_md:n95610	a-s---mv-
σέ	se/	σύ	su/	urn:cite2:hmt:lsj.chicago_md:n97456	p-s----a-
σέ	se/	σύ	su/	urn:cite2:hmt:lsj.chicago_md:n97456	p-s----a-
σέθεν	se/qen	σύ	su/	urn:cite2:hmt:lsj.chicago_md:n97456	p-s----g-
σέμν’	se/mn'	σεμνόν	semno/n	urn:cite2:hmt:lsj.chicago_md:n93702	n-p---nn-
σέμν’	se/mn'	σεμνόν	semno/n	urn:cite2:hmt:lsj.chicago_md:n93702	n-p---nv-
σέμν’	se/mn'	σεμνόν	semno/n	urn:cite2:hmt:lsj.chicago_md:n93702	n-p---na-
σέμν’	se/mn'	σεμνός	semno/s	urn:cite2:hmt:lsj.chicago_md:n93711	a-p---nn-
σέμν’	se/mn'	σεμνός	semno/s	urn:cite2:hmt:lsj.chicago_md:n93711	a-p---nv-
σέμν’	se/mn'	σεμνός	semno/s	urn:cite2:hmt:lsj.chicago_md:n93711	a-p---na-
σέμν’	se/mn'	σεμνός	semno/s	urn:cite2:hmt:lsj.chicago_md:n93711	a-d---fn-
σέμν’	se/mn'	σεμνός	semno/s	urn:cite2:hmt:lsj.chicago_md:n93711	a-d---fv-
σέμν’	se/mn'	σεμνός	semno/s	urn:cite2:hmt:lsj.chicago_md:n93711	a-d---fa-
σέμν’	se/mn'	σεμνός	semno/s	urn:cite2:hmt:lsj.chicago_md:n93711	a-s---fn-
σέμν’	se/mn'	σεμνός	semno/s	urn:cite2:hmt:lsj.chicago_md:n93711	a-s---fv-
σέμν’	se/mn'	σεμνός	semno/s	urn:cite2:hmt:lsj.chicago_md:n93711	a-s---mv-
σέμν’	se/mn'	σεμνός	semno/s	urn:cite2:hmt:lsj.chicago_md:n93711	a-p---fn-
σέμν’	se/mn'	σεμνός	semno/s	urn:cite2:hmt:lsj.chicago_md:n93711	a-p---fv-
σή	sh/	σός	so/s	urn:cite2:hmt:lsj.chicago_md:n95610	a-s---fn-
σή	sh/	σός	so/s	urn:cite2:hmt:lsj.chicago_md:n95610	a-s---fv-
σήμαινε	sh/maine	σημαίνω	shmai/nw	urn:cite2:hmt:lsj.chicago_md:n93789	v2spma---
σήμαινε	sh/maine	σημαίνω	shmai/nw	urn:cite2:hmt:lsj.chicago_md:n93789	v3siia---
σήν	sh/n	σής	sh/s	urn:cite2:hmt:lsj.chicago_md:n93867	n-s---ma-
σήν	sh/n	σός	so/s	urn:cite2:hmt:lsj.chicago_md:n95610	a-s---fa-
σίγα	si/ga	σῖγος	si=gos	urn:cite2:hmt:lsj.chicago_md:n93990	n-p---nn-
σίγα	si/ga	σῖγος	si=gos	urn:cite2:hmt:lsj.chicago_md:n93990	n-p---nv-
σίγα	si/ga	σῖγος	si=gos	urn:cite2:hmt:lsj.chicago_md:n93990	n-p---na-
σίγα	si/ga	σιγάω	siga/w	urn:cite2:hmt:lsj.chicago_md:n93963	v2spma---
σίγα	si/ga	σιγάω	siga/w	urn:cite2:hmt:lsj.chicago_md:n93963	v3siia---
σόν	so/n	σός	so/s	urn:cite2:hmt:lsj.chicago_md:n95610	a-s---ma-
σόν	so/n	σός	so/s	urn:cite2:hmt:lsj.chicago_md:n95610	a-s---nn-
σόν	so/n	σός	so/s	urn:cite2:hmt:lsj.chicago_md:n95610	a-s---nv-
σόν	so/n	σός	so/s	urn:cite2:hmt:lsj.chicago_md:n95610	a-s---na-
σός	so/s	σός	so/s	urn:cite2:hmt:lsj.chicago_md:n95610	a-s---mn-
σύ	su/	σύ	su/	urn:cite2:hmt:lsj.chicago_md:n97456	p-s----n-
σύγγον’	su/ggon'	σύγγονος	su/ggonos	urn:cite2:hmt:lsj.chicago_md:n97540	n-p---nn-
σύγγον’	su/ggon'	σύγγονος	su/ggonos	urn:cite2:hmt:lsj.chicago_md:n97540	n-p---nv-
σύγγον’	su/ggon'	σύγγονος	su/ggonos	urn:cite2:hmt:lsj.chicago_md:n97540	n-p---na-
σύγγον’	su/ggon'	σύγγονος	su/ggonos	urn:cite2:hmt:lsj.chicago_md:n97540	n-s---mv-
σύγγον’	su/ggon'	σύγγονος	su/ggonos	urn:cite2:hmt:lsj.chicago_md:n97540	n-s---fv-
σύμβολ’	su/mbol'	σύμβολον	su/mbolon	urn:cite2:hmt:lsj.chicago_md:n98312	n-p---nn-
σύμβολ’	su/mbol'	σύμβολον	su/mbolon	urn:cite2:hmt:lsj.chicago_md:n98312	n-p---nv-
σύμβολ’	su/mbol'	σύμβολον	su/mbolon	urn:cite2:hmt:lsj.chicago_md:n98312	n-p---na-
σύμβολ’	su/mbol'	σύμβολος	su/mbolos	urn:cite2:hmt:lsj.chicago_md:n98313	n-s---mv-
σύμμαχον	su/mmaxon	σύμμαχος	su/mmaxos	urn:cite2:hmt:lsj.chicago_md:n98358	n-s---ma-
σύμμαχον	su/mmaxon	σύμμαχος	su/mmaxos	urn:cite2:hmt:lsj.chicago_md:n98358	n-s---fa-
σύμμαχον	su/mmaxon	σύμμαχος	su/mmaxos	urn:cite2:hmt:lsj.chicago_md:n98358	n-s---nn-
σύμμαχον	su/mmaxon	σύμμαχος	su/mmaxos	urn:cite2:hmt:lsj.chicago_md:n98358	n-s---nv-
σύμμαχον	su/mmaxon	σύμμαχος	su/mmaxos	urn:cite2:hmt:lsj.chicago_md:n98358	n-s---na-
σύμμολπος	su/mmolpos	σύμμολπος	su/mmolpos	urn:cite2:hmt:lsj.chicago_md:n98454	n-s---mn-
σύμμολπος	su/mmolpos	σύμμολπος	su/mmolpos	urn:cite2:hmt:lsj.chicago_md:n98454	n-s---fn-
σύν	su/n	σύν	su/n	urn:cite2:hmt:lsj.chicago_md:n99002	r--------
σύνδεθ’	su/ndeq'	σύνδετος	su/ndetos	urn:cite2:hmt:lsj.chicago_md:n99644	n-p---nn-
σύνδεθ’	su/ndeq'	σύνδετος	su/ndetos	urn:cite2:hmt:lsj.chicago_md:n99644	n-p---nv-
σύνδεθ’	su/ndeq'	σύνδετος	su/ndetos	urn:cite2:hmt:lsj.chicago_md:n99644	n-p---na-
σύνδεθ’	su/ndeq'	σύνδετος	su/ndetos	urn:cite2:hmt:lsj.chicago_md:n99644	n-s---mv-
σύνδεθ’	su/ndeq'	σύνδετος	su/ndetos	urn:cite2:hmt:lsj.chicago_md:n99644	n-s---fv-
σύνοικα	su/noika	σύνοικος	su/noikos	urn:cite2:hmt:lsj.chicago_md:n100798	n-p---nn-
σύνοικα	su/noika	σύνοικος	su/noikos	urn:cite2:hmt:lsj.chicago_md:n100798	n-p---nv-
σύνοικα	su/noika	σύνοικος	su/noikos	urn:cite2:hmt:lsj.chicago_md:n100798	n-p---na-
σώματος	sw/matos	σῶμα	sw=ma	urn:cite2:hmt:lsj.chicago_md:n102000	n-s---ng-
σώματός	sw/mato/s	σῶμα	sw=ma	urn:cite2:hmt:lsj.chicago_md:n102000	n-s---ng-
σῆς	sh=s	σής	sh/s	urn:cite2:hmt:lsj.chicago_md:n93867	n-p---ma-
σῆς	sh=s	σής	sh/s	urn:cite2:hmt:lsj.chicago_md:n93867	n-p---mn-
σῆς	sh=s	σής	sh/s	urn:cite2:hmt:lsj.chicago_md:n93867	n-p---mv-
σῆς	sh=s	σός	so/s	urn:cite2:hmt:lsj.chicago_md:n95610	a-s---fg-
σῇ	sh=|	σός	so/s	urn:cite2:hmt:lsj.chicago_md:n95610	a-s---fd-
σῶμα	sw=ma	σῶμα	sw=ma	urn:cite2:hmt:lsj.chicago_md:n102000	n-s---nn-
σῶμα	sw=ma	σῶμα	sw=ma	urn:cite2:hmt:lsj.chicago_md:n102000	n-s---nv-
σῶμα	sw=ma	σῶμα	sw=ma	urn:cite2:hmt:lsj.chicago_md:n102000	n-s---na-
σῶμά	sw=ma/	σῶμα	sw=ma	urn:cite2:hmt:lsj.chicago_md:n102000	n-s---nn-
σῶμά	sw=ma/	σῶμα	sw=ma	urn:cite2:hmt:lsj.chicago_md:n102000	n-s---nv-
σῶμά	sw=ma/	σῶμα	sw=ma	urn:cite2:hmt:lsj.chicago_md:n102000	n-s---na-
σῶν	sw=n	σής	sh/s	urn:cite2:hmt:lsj.chicago_md:n93867	n-p---mg-
σῶν	sw=n	σός	so/s	urn:cite2:hmt:lsj.chicago_md:n95610	a-p---fg-
σῶν	sw=n	σός	so/s	urn:cite2:hmt:lsj.chicago_md:n95610	a-p---mg-
σῶν	sw=n	σός	so/s	urn:cite2:hmt:lsj.chicago_md:n95610	a-p---ng-
σῶν	sw=n	σῶς	sw=s	urn:cite2:hmt:lsj.chicago_md:n102082	n-s---ma-
σῶν	sw=n	σῶς	sw=s	urn:cite2:hmt:lsj.chicago_md:n102083	n-s---ma-
σῶν	sw=n	σῶς	sw=s	urn:cite2:hmt:lsj.chicago_md:n102082	n-s---fa-
σῶν	sw=n	σῶς	sw=s	urn:cite2:hmt:lsj.chicago_md:n102083	n-s---fa-
σῷ	sw=|	σός	so/s	urn:cite2:hmt:lsj.chicago_md:n95610	a-s---md-
σῷ	sw=|	σός	so/s	urn:cite2:hmt:lsj.chicago_md:n95610	a-s---nd-
ταλαιπώρῳ	talaipw/rw|	ταλαίπωρος	talai/pwros	urn:cite2:hmt:lsj.chicago_md:n102220	n-s---md-
ταλαιπώρῳ	talaipw/rw|	ταλαίπωρος	talai/pwros	urn:cite2:hmt:lsj.chicago_md:n102220	n-s---fd-
ταλαιπώρῳ	talaipw/rw|	ταλαίπωρος	talai/pwros	urn:cite2:hmt:lsj.chicago_md:n102220	n-s---nd-
ταλαίνης	talai/nhs	τάλας	ta/las	urn:cite2:hmt:lsj.chicago_md:n102242	a-s---fg-
ταλαίπωρ’	talai/pwr'	ταλαίπωρος	talai/pwros	urn:cite2:hmt:lsj.chicago_md:n102220	n-p---nn-
ταλαίπωρ’	talai/pwr'	ταλαίπωρος	talai/pwros	urn:cite2:hmt:lsj.chicago_md:n102220	n-p---nv-
ταλαίπωρ’	talai/pwr'	ταλαίπωρος	talai/pwros	urn:cite2:hmt:lsj.chicago_md:n102220	n-p---na-
ταλαίπωρ’	talai/pwr'	ταλαίπωρος	talai/pwros	urn:cite2:hmt:lsj.chicago_md:n102220	n-s---mv-
ταλαίπωρ’	talai/pwr'	ταλαίπωρος	talai/pwros	urn:cite2:hmt:lsj.chicago_md:n102220	n-s---fv-
ταμίαν	tami/an	τάμιας	ta/mias	urn:cite2:hmt:lsj.chicago_md:n102264	n-s---ma-
ταμίαν	tami/an	τάμιας	ta/mias	urn:cite2:hmt:lsj.chicago_md:n102264	n-s---ma-
ταμίαν	tami/an	ταμία	tami/a	urn:cite2:hmt:lsj.chicago_md:n102261	n-s---fa-
ταμίαν	tami/an	ταμία	tami/a	urn:cite2:hmt:lsj.chicago_md:n102262	n-s---fa-
ταμίαν	tami/an	ταμίας	tami/as	urn:cite2:hmt:lsj.chicago_md:n102264	n-s---ma-
ταμίαν	tami/an	ταμίας	tami/as	urn:cite2:hmt:lsj.chicago_md:n102264	n-s---ma-
ταράσσει	tara/ssei	ταράσσω	tara/ssw	urn:cite2:hmt:lsj.chicago_md:n102432	v2spie---
ταράσσει	tara/ssei	ταράσσω	tara/ssw	urn:cite2:hmt:lsj.chicago_md:n102432	v3spia---
ταυρόμορφον	tauro/morfon	ταυρόμορφος	tauro/morfos	urn:cite2:hmt:lsj.chicago_md:n102580	n-s---ma-
ταυρόμορφον	tauro/morfon	ταυρόμορφος	tauro/morfos	urn:cite2:hmt:lsj.chicago_md:n102580	n-s---fa-
ταυρόμορφον	tauro/morfon	ταυρόμορφος	tauro/morfos	urn:cite2:hmt:lsj.chicago_md:n102580	n-s---nn-
ταυρόμορφον	tauro/morfon	ταυρόμορφος	tauro/morfos	urn:cite2:hmt:lsj.chicago_md:n102580	n-s---nv-
ταυρόμορφον	tauro/morfon	ταυρόμορφος	tauro/morfos	urn:cite2:hmt:lsj.chicago_md:n102580	n-s---na-
ταχύ	taxu/	ταχύς	taxu/s	urn:cite2:hmt:lsj.chicago_md:n102736	a-s---mv-
ταχύ	taxu/	ταχύς	taxu/s	urn:cite2:hmt:lsj.chicago_md:n102736	a-s---nn-
ταχύ	taxu/	ταχύς	taxu/s	urn:cite2:hmt:lsj.chicago_md:n102736	a-s---nv-
ταχύ	taxu/	ταχύς	taxu/s	urn:cite2:hmt:lsj.chicago_md:n102736	a-s---na-
ταὐτά	tau)ta/	ταὐτός	tau)to/s	urn:cite2:hmt:lsj.chicago_md:n102632	a-p---nn-
ταὐτά	tau)ta/	ταὐτός	tau)to/s	urn:cite2:hmt:lsj.chicago_md:n102632	a-p---nv-
ταὐτά	tau)ta/	ταὐτός	tau)to/s	urn:cite2:hmt:lsj.chicago_md:n102632	a-p---na-
ταὐτά	tau)ta/	ταὐτός	tau)to/s	urn:cite2:hmt:lsj.chicago_md:n102632	a-d---fn-
ταὐτά	tau)ta/	ταὐτός	tau)to/s	urn:cite2:hmt:lsj.chicago_md:n102632	a-d---fv-
ταὐτά	tau)ta/	ταὐτός	tau)to/s	urn:cite2:hmt:lsj.chicago_md:n102632	a-d---fa-
ταὐτά	tau)ta/	ταὐτός	tau)to/s	urn:cite2:hmt:lsj.chicago_md:n102632	a-s---fn-
ταὐτά	tau)ta/	ταὐτός	tau)to/s	urn:cite2:hmt:lsj.chicago_md:n102632	a-s---fv-
ταὐτό	tau)to/	αὐτός	au)to/s	urn:cite2:hmt:lsj.chicago_md:n17907	n-s---nn-
ταὐτό	tau)to/	αὐτός	au)to/s	urn:cite2:hmt:lsj.chicago_md:n17907	n-s---nv-
ταὐτό	tau)to/	αὐτός	au)to/s	urn:cite2:hmt:lsj.chicago_md:n17907	n-s---na-
ταὐτόν	tau)to/n	ταὐτός	tau)to/s	urn:cite2:hmt:lsj.chicago_md:n102632	a-s---ma-
ταὐτόν	tau)to/n	ταὐτός	tau)to/s	urn:cite2:hmt:lsj.chicago_md:n102632	a-s---nn-
ταὐτόν	tau)to/n	ταὐτός	tau)to/s	urn:cite2:hmt:lsj.chicago_md:n102632	a-s---nv-
ταὐτόν	tau)to/n	ταὐτός	tau)to/s	urn:cite2:hmt:lsj.chicago_md:n102632	a-s---na-
ταὐτῷ	tau)tw=|	ταὐτός	tau)to/s	urn:cite2:hmt:lsj.chicago_md:n102632	a-s---md-
ταὐτῷ	tau)tw=|	ταὐτός	tau)to/s	urn:cite2:hmt:lsj.chicago_md:n102632	a-s---nd-
ταύτην	tau/thn	οὗτος	ou(=tos	urn:cite2:hmt:lsj.chicago_md:n76062	n-s---fa-
ταύτης	tau/ths	οὗτος	ou(=tos	urn:cite2:hmt:lsj.chicago_md:n76062	n-s---fg-
ταύτῃ	tau/th|	οὗτος	ou(=tos	urn:cite2:hmt:lsj.chicago_md:n76062	n-s---fd-
ταῖς	tai=s	ὁ	o(	urn:cite2:hmt:lsj.chicago_md:n71882	l-p---fd-
ταῦθ’	tau=q'	οὗτος	ou(=tos	urn:cite2:hmt:lsj.chicago_md:n76062	n-p---nn-
ταῦθ’	tau=q'	οὗτος	ou(=tos	urn:cite2:hmt:lsj.chicago_md:n76062	n-p---nv-
ταῦθ’	tau=q'	οὗτος	ou(=tos	urn:cite2:hmt:lsj.chicago_md:n76062	n-p---na-
ταῦτα	tau=ta	οὗτος	ou(=tos	urn:cite2:hmt:lsj.chicago_md:n76062	n-p---nn-
ταῦτα	tau=ta	οὗτος	ou(=tos	urn:cite2:hmt:lsj.chicago_md:n76062	n-p---nv-
ταῦτα	tau=ta	οὗτος	ou(=tos	urn:cite2:hmt:lsj.chicago_md:n76062	n-p---na-
τε	te	τε	te	urn:cite2:hmt:lsj.chicago_md:n102752	g--------
τεθρίππων	teqri/ppwn	τέθριππος	te/qrippos	urn:cite2:hmt:lsj.chicago_md:n102782	n-p---mg-
τεθρίππων	teqri/ppwn	τέθριππος	te/qrippos	urn:cite2:hmt:lsj.chicago_md:n102782	n-p---fg-
τεθρίππων	teqri/ppwn	τέθριππος	te/qrippos	urn:cite2:hmt:lsj.chicago_md:n102782	n-p---ng-
τεκεῖν	tekei=n	τίκτω	ti/ktw	urn:cite2:hmt:lsj.chicago_md:n103942	v--ana---
τεκεῖν	tekei=n	τίκτω	ti/ktw	urn:cite2:hmt:lsj.chicago_md:n103942	v--fna---
τεκμηρίῳ	tekmhri/w|	τεκμήριον	tekmh/rion	urn:cite2:hmt:lsj.chicago_md:n102847	n-s---nd-
τεκμήριον	tekmh/rion	τεκμήριον	tekmh/rion	urn:cite2:hmt:lsj.chicago_md:n102847	n-s---nn-
τεκμήριον	tekmh/rion	τεκμήριον	tekmh/rion	urn:cite2:hmt:lsj.chicago_md:n102847	n-s---nv-
τεκμήριον	tekmh/rion	τεκμήριον	tekmh/rion	urn:cite2:hmt:lsj.chicago_md:n102847	n-s---na-
τεκοῦσα	tekou=sa	τίκτω	ti/ktw	urn:cite2:hmt:lsj.chicago_md:n103942	v-sapafn-
τεκοῦσα	tekou=sa	τίκτω	ti/ktw	urn:cite2:hmt:lsj.chicago_md:n103942	v-sapafv-
τεκοῦσα	tekou=sa	τίκτω	ti/ktw	urn:cite2:hmt:lsj.chicago_md:n103942	v-sfpafn-
τεκοῦσα	tekou=sa	τίκτω	ti/ktw	urn:cite2:hmt:lsj.chicago_md:n103942	v-sfpafv-
τεκοῦσαν	tekou=san	τίκτω	ti/ktw	urn:cite2:hmt:lsj.chicago_md:n103942	v-sapafa-
τεκοῦσαν	tekou=san	τίκτω	ti/ktw	urn:cite2:hmt:lsj.chicago_md:n103942	v-sfpafa-
τεκοῦσι	tekou=si	τίκτω	ti/ktw	urn:cite2:hmt:lsj.chicago_md:n103942	v-papamd-
τεκοῦσι	tekou=si	τίκτω	ti/ktw	urn:cite2:hmt:lsj.chicago_md:n103942	v-papand-
τεκοῦσι	tekou=si	τίκτω	ti/ktw	urn:cite2:hmt:lsj.chicago_md:n103942	v-pfpamd-
τεκοῦσι	tekou=si	τίκτω	ti/ktw	urn:cite2:hmt:lsj.chicago_md:n103942	v-pfpand-
τεκοῦσι	tekou=si	τίκτω	ti/ktw	urn:cite2:hmt:lsj.chicago_md:n103942	v3pfia---
τεκοῦσά	tekou=sa/	τίκτω	ti/ktw	urn:cite2:hmt:lsj.chicago_md:n103942	v-sapafn-
τεκοῦσά	tekou=sa/	τίκτω	ti/ktw	urn:cite2:hmt:lsj.chicago_md:n103942	v-sapafv-
τεκοῦσά	tekou=sa/	τίκτω	ti/ktw	urn:cite2:hmt:lsj.chicago_md:n103942	v-sfpafn-
τεκοῦσά	tekou=sa/	τίκτω	ti/ktw	urn:cite2:hmt:lsj.chicago_md:n103942	v-sfpafv-
τεκοῦσ’	tekou=s'	τίκτω	ti/ktw	urn:cite2:hmt:lsj.chicago_md:n103942	v-sapafn-
τεκοῦσ’	tekou=s'	τίκτω	ti/ktw	urn:cite2:hmt:lsj.chicago_md:n103942	v-sapafv-
τεκοῦσ’	tekou=s'	τίκτω	ti/ktw	urn:cite2:hmt:lsj.chicago_md:n103942	v-sfpafn-
τεκοῦσ’	tekou=s'	τίκτω	ti/ktw	urn:cite2:hmt:lsj.chicago_md:n103942	v-sfpafv-
τεκοῦσ’	tekou=s'	τίκτω	ti/ktw	urn:cite2:hmt:lsj.chicago_md:n103942	v-papamd-
τεκοῦσ’	tekou=s'	τίκτω	ti/ktw	urn:cite2:hmt:lsj.chicago_md:n103942	v-papand-
τεκοῦσ’	tekou=s'	τίκτω	ti/ktw	urn:cite2:hmt:lsj.chicago_md:n103942	v-pfpamd-
τεκοῦσ’	tekou=s'	τίκτω	ti/ktw	urn:cite2:hmt:lsj.chicago_md:n103942	v-pfpand-
τεκοῦσ’	tekou=s'	τίκτω	ti/ktw	urn:cite2:hmt:lsj.chicago_md:n103942	v3pfia---
τεκοῦσ’	tekou=s'	τίκτω	ti/ktw	urn:cite2:hmt:lsj.chicago_md:n103942	v-papafn-
τεκοῦσ’	tekou=s'	τίκτω	ti/ktw	urn:cite2:hmt:lsj.chicago_md:n103942	v-papafv-
τεκοῦσ’	tekou=s'	τίκτω	ti/ktw	urn:cite2:hmt:lsj.chicago_md:n103942	v-pfpafn-
τεκοῦσ’	tekou=s'	τίκτω	ti/ktw	urn:cite2:hmt:lsj.chicago_md:n103942	v-pfpafv-
τεκτόνων	tekto/nwn	τέκτων	te/ktwn	urn:cite2:hmt:lsj.chicago_md:n102909	n-p---mg-
τεκέων	teke/wn	τέκος	te/kos	urn:cite2:hmt:lsj.chicago_md:n102896	n-p---ng-
τεκέων	teke/wn	τίκτω	ti/ktw	urn:cite2:hmt:lsj.chicago_md:n103942	v-sfpamn-
τεκόντας	teko/ntas	τίκτω	ti/ktw	urn:cite2:hmt:lsj.chicago_md:n103942	v-papama-
τελευταίαν	teleutai/an	τελευταῖος	teleutai=os	urn:cite2:hmt:lsj.chicago_md:n102991	a-s---fa-
τελευτώσας	teleutw/sas	τελευτάω	teleuta/w	urn:cite2:hmt:lsj.chicago_md:n102992	v-pppafa-
τελευτώσας	teleutw/sas	τελευτάω	teleuta/w	urn:cite2:hmt:lsj.chicago_md:n102992	v-sppafg-
τερπνόν	terpno/n	τερπνός	terpno/s	urn:cite2:hmt:lsj.chicago_md:n103185	a-s---ma-
τερπνόν	terpno/n	τερπνός	terpno/s	urn:cite2:hmt:lsj.chicago_md:n103185	a-s---nn-
τερπνόν	terpno/n	τερπνός	terpno/s	urn:cite2:hmt:lsj.chicago_md:n103185	a-s---nv-
τερπνόν	terpno/n	τερπνός	terpno/s	urn:cite2:hmt:lsj.chicago_md:n103185	a-s---na-
τερφθείς	terfqei/s	τέρπω	te/rpw	urn:cite2:hmt:lsj.chicago_md:n103190	v-sappmn-
τερφθείς	terfqei/s	τέρπω	te/rpw	urn:cite2:hmt:lsj.chicago_md:n103190	v-sappmv-
τερφθῆναι	terfqh=nai	τέρπω	te/rpw	urn:cite2:hmt:lsj.chicago_md:n103190	v--anp---
τετάγμεθ’	teta/gmeq'	τάσσω	ta/ssw	urn:cite2:hmt:lsj.chicago_md:n102515	v1prie---
τετάγμεθ’	teta/gmeq'	τάσσω	ta/ssw	urn:cite2:hmt:lsj.chicago_md:n102515	v1plie---
τευχέων	teuxe/wn	τεῦχος	teu=xos	urn:cite2:hmt:lsj.chicago_md:n103678	n-p---ng-
τείνει	tei/nei	τείνω	tei/nw	urn:cite2:hmt:lsj.chicago_md:n102795	v3sasa---
τείνει	tei/nei	τείνω	tei/nw	urn:cite2:hmt:lsj.chicago_md:n102795	v2spie---
τείνει	tei/nei	τείνω	tei/nw	urn:cite2:hmt:lsj.chicago_md:n102795	v3spia---
τείχεσσι	tei/xessi	τεῖχος	tei=xos	urn:cite2:hmt:lsj.chicago_md:n102832	n-p---nd-
τεύχη	teu/xh	τεῦχος	teu=xos	urn:cite2:hmt:lsj.chicago_md:n103678	n-p---nn-
τεύχη	teu/xh	τεῦχος	teu=xos	urn:cite2:hmt:lsj.chicago_md:n103678	n-p---nv-
τεύχη	teu/xh	τεῦχος	teu=xos	urn:cite2:hmt:lsj.chicago_md:n103678	n-p---na-
τεύχη	teu/xh	τεῦχος	teu=xos	urn:cite2:hmt:lsj.chicago_md:n103678	n-d---nn-
τεύχη	teu/xh	τεῦχος	teu=xos	urn:cite2:hmt:lsj.chicago_md:n103678	n-d---nv-
τεύχη	teu/xh	τεῦχος	teu=xos	urn:cite2:hmt:lsj.chicago_md:n103678	n-d---na-
τεῦχος	teu=xos	τεῦχος	teu=xos	urn:cite2:hmt:lsj.chicago_md:n103678	n-s---nn-
τεῦχος	teu=xos	τεῦχος	teu=xos	urn:cite2:hmt:lsj.chicago_md:n103678	n-s---nv-
τεῦχος	teu=xos	τεῦχος	teu=xos	urn:cite2:hmt:lsj.chicago_md:n103678	n-s---na-
τι	ti	τις	tis	urn:cite2:hmt:lsj.chicago_md:n104051	p-s---nn-
τι	ti	τις	tis	urn:cite2:hmt:lsj.chicago_md:n104051	p-s---nv-
τι	ti	τις	tis	urn:cite2:hmt:lsj.chicago_md:n104051	p-s---na-
τιθεῖσαν	tiqei=san	τίθημι	ti/qhmi	urn:cite2:hmt:lsj.chicago_md:n103922	v-sppafa-
τιθέμεσθ’	tiqe/mesq'	τίθημι	ti/qhmi	urn:cite2:hmt:lsj.chicago_md:n103922	v1ppie---
τιθέμεσθ’	tiqe/mesq'	τίθημι	ti/qhmi	urn:cite2:hmt:lsj.chicago_md:n103922	v1piie---
τιμᾶ	tima=	τιμάω	tima/w	urn:cite2:hmt:lsj.chicago_md:n103972	v1spsa---
τιμᾶ	tima=	τιμάω	tima/w	urn:cite2:hmt:lsj.chicago_md:n103972	v1spia---
τιμᾶν	tima=n	τιμάω	tima/w	urn:cite2:hmt:lsj.chicago_md:n103972	v-sppamv-
τιμᾶν	tima=n	τιμάω	tima/w	urn:cite2:hmt:lsj.chicago_md:n103972	v-sppann-
τιμᾶν	tima=n	τιμάω	tima/w	urn:cite2:hmt:lsj.chicago_md:n103972	v-sppanv-
τιμᾶν	tima=n	τιμάω	tima/w	urn:cite2:hmt:lsj.chicago_md:n103972	v-sppana-
τιμᾶν	tima=n	τιμάω	tima/w	urn:cite2:hmt:lsj.chicago_md:n103972	v-sppamn-
τιμᾶν	tima=n	τιμάω	tima/w	urn:cite2:hmt:lsj.chicago_md:n103972	v--pna---
τιμᾶν	tima=n	τιμάω	tima/w	urn:cite2:hmt:lsj.chicago_md:n103972	v--pna---
τιμᾶν	tima=n	τιμή	timh/	urn:cite2:hmt:lsj.chicago_md:n103975	n-p---fg-
τιμᾷ	tima=|	τιμάω	tima/w	urn:cite2:hmt:lsj.chicago_md:n103972	v2spse---
τιμᾷ	tima=|	τιμάω	tima/w	urn:cite2:hmt:lsj.chicago_md:n103972	v2spie---
τιμᾷ	tima=|	τιμάω	tima/w	urn:cite2:hmt:lsj.chicago_md:n103972	v3spsa---
τιμᾷ	tima=|	τιμάω	tima/w	urn:cite2:hmt:lsj.chicago_md:n103972	v3spia---
τιμᾷ	tima=|	τιμή	timh/	urn:cite2:hmt:lsj.chicago_md:n103975	n-s---fd-
τιμῶν	timw=n	τιμάω	tima/w	urn:cite2:hmt:lsj.chicago_md:n103972	v-sppamv-
τιμῶν	timw=n	τιμάω	tima/w	urn:cite2:hmt:lsj.chicago_md:n103972	v-sppann-
τιμῶν	timw=n	τιμάω	tima/w	urn:cite2:hmt:lsj.chicago_md:n103972	v-sppanv-
τιμῶν	timw=n	τιμάω	tima/w	urn:cite2:hmt:lsj.chicago_md:n103972	v-sppana-
τιμῶν	timw=n	τιμάω	tima/w	urn:cite2:hmt:lsj.chicago_md:n103972	v-sppamn-
τιμῶν	timw=n	τιμάω	tima/w	urn:cite2:hmt:lsj.chicago_md:n103972	v-sppamn-
τιμῶν	timw=n	τιμέω	time/w	urn:cite2:hmt:lsj.chicago_md:n103974	v-sppamn-
τιμῶν	timw=n	τιμή	timh/	urn:cite2:hmt:lsj.chicago_md:n103975	n-p---fg-
τιμῶν	timw=n	τιμόω	timo/w	urn:cite2:hmt:lsj.chicago_md:n104012	v-sppamv-
τιμῶν	timw=n	τιμόω	timo/w	urn:cite2:hmt:lsj.chicago_md:n104012	v-sppann-
τιμῶν	timw=n	τιμόω	timo/w	urn:cite2:hmt:lsj.chicago_md:n104012	v-sppanv-
τιμῶν	timw=n	τιμόω	timo/w	urn:cite2:hmt:lsj.chicago_md:n104012	v-sppana-
τιμῶν	timw=n	τιμόω	timo/w	urn:cite2:hmt:lsj.chicago_md:n104012	v-sppamn-
τιμῶν	timw=n	τιμόω	timo/w	urn:cite2:hmt:lsj.chicago_md:n104012	v--pna---
τινα	tina	τις	tis	urn:cite2:hmt:lsj.chicago_md:n104051	p-s---ma-
τινα	tina	τις	tis	urn:cite2:hmt:lsj.chicago_md:n104051	p-s---fa-
τινα	tina	τις	tis	urn:cite2:hmt:lsj.chicago_md:n104051	p-p---nn-
τινα	tina	τις	tis	urn:cite2:hmt:lsj.chicago_md:n104051	p-p---nv-
τινα	tina	τις	tis	urn:cite2:hmt:lsj.chicago_md:n104051	p-p---na-
τινος	tinos	τις	tis	urn:cite2:hmt:lsj.chicago_md:n104051	p-s----g-
τινά	tina/	τις	tis	urn:cite2:hmt:lsj.chicago_md:n104051	p-s---ma-
τινά	tina/	τις	tis	urn:cite2:hmt:lsj.chicago_md:n104051	p-s---fa-
τινά	tina/	τις	tis	urn:cite2:hmt:lsj.chicago_md:n104051	p-p---nn-
τινά	tina/	τις	tis	urn:cite2:hmt:lsj.chicago_md:n104051	p-p---nv-
τινά	tina/	τις	tis	urn:cite2:hmt:lsj.chicago_md:n104051	p-p---na-
τινί	tini/	τις	tis	urn:cite2:hmt:lsj.chicago_md:n104051	p-s----d-
τινός	tino/s	τις	tis	urn:cite2:hmt:lsj.chicago_md:n104051	p-s----g-
τις	tis	τις	tis	urn:cite2:hmt:lsj.chicago_md:n104051	p-s---mn-
τις	tis	τις	tis	urn:cite2:hmt:lsj.chicago_md:n104051	p-s---fn-
τλαίη	tlai/h	τλάω	tla/w	urn:cite2:hmt:lsj.chicago_md:n104119	v3saoa---
τλαίη	tlai/h	τλάω	tla/w	urn:cite2:hmt:lsj.chicago_md:n104119	v3spoa---
τλάμων	tla/mwn	τλήμων	tlh/mwn	urn:cite2:hmt:lsj.chicago_md:n104123	n-s---mn-
τλάμων	tla/mwn	τλήμων	tlh/mwn	urn:cite2:hmt:lsj.chicago_md:n104123	n-s---mv-
τλάμων	tla/mwn	τλήμων	tlh/mwn	urn:cite2:hmt:lsj.chicago_md:n104123	n-s---fn-
τλάμων	tla/mwn	τλήμων	tlh/mwn	urn:cite2:hmt:lsj.chicago_md:n104123	n-s---fv-
τλήμονες	tlh/mones	τλήμων	tlh/mwn	urn:cite2:hmt:lsj.chicago_md:n104123	n-p---mn-
τλήμονες	tlh/mones	τλήμων	tlh/mwn	urn:cite2:hmt:lsj.chicago_md:n104123	n-p---mv-
τλήμονες	tlh/mones	τλήμων	tlh/mwn	urn:cite2:hmt:lsj.chicago_md:n104123	n-p---fn-
τλήμονες	tlh/mones	τλήμων	tlh/mwn	urn:cite2:hmt:lsj.chicago_md:n104123	n-p---fv-
τλήμων	tlh/mwn	τλήμων	tlh/mwn	urn:cite2:hmt:lsj.chicago_md:n104123	n-s---mn-
τλήμων	tlh/mwn	τλήμων	tlh/mwn	urn:cite2:hmt:lsj.chicago_md:n104123	n-s---fn-
τλᾶμον	tla=mon	τλήμων	tlh/mwn	urn:cite2:hmt:lsj.chicago_md:n104123	n-s---mv-
τλᾶμον	tla=mon	τλήμων	tlh/mwn	urn:cite2:hmt:lsj.chicago_md:n104123	n-s---fv-
τλᾶσα	tla=sa	τλάω	tla/w	urn:cite2:hmt:lsj.chicago_md:n104119	v-sapafn-
τλᾶσα	tla=sa	τλάω	tla/w	urn:cite2:hmt:lsj.chicago_md:n104119	v-sapafv-
τλᾶσα	tla=sa	τλάω	tla/w	urn:cite2:hmt:lsj.chicago_md:n104119	v-sppafn-
τλᾶσα	tla=sa	τλάω	tla/w	urn:cite2:hmt:lsj.chicago_md:n104119	v-sppafv-
τλῆμον	tlh=mon	τλήμων	tlh/mwn	urn:cite2:hmt:lsj.chicago_md:n104123	n-s---mv-
τλῆμον	tlh=mon	τλήμων	tlh/mwn	urn:cite2:hmt:lsj.chicago_md:n104123	n-s---fv-
τλῆμον	tlh=mon	τλήμων	tlh/mwn	urn:cite2:hmt:lsj.chicago_md:n104123	n-s---nn-
τλῆμον	tlh=mon	τλήμων	tlh/mwn	urn:cite2:hmt:lsj.chicago_md:n104123	n-s---nv-
τλῆμον	tlh=mon	τλήμων	tlh/mwn	urn:cite2:hmt:lsj.chicago_md:n104123	n-s---na-
τλῆμον	tlh=mon	τλήμων	tlh/mwn	urn:cite2:hmt:lsj.chicago_md:n104123	n-s---nv-
τοι	toi	σύ	su/	urn:cite2:hmt:lsj.chicago_md:n97456	p-s----d-
τοι	toi	τοι	toi	urn:cite2:hmt:lsj.chicago_md:n104155	g--------
τοι	toi	τοι	toi	urn:cite2:hmt:lsj.chicago_md:n104156	g--------
τοιαίδ’	toiai/d'	τοιόσδε	toio/sde	urn:cite2:hmt:lsj.chicago_md:n104166	n-p---fn-
τοιαῦτ’	toiau=t'	τοιοῦτος	toiou=tos	urn:cite2:hmt:lsj.chicago_md:n104169	n-p---nn-
τοιαῦτ’	toiau=t'	τοιοῦτος	toiou=tos	urn:cite2:hmt:lsj.chicago_md:n104169	n-p---nv-
τοιαῦτ’	toiau=t'	τοιοῦτος	toiou=tos	urn:cite2:hmt:lsj.chicago_md:n104169	n-p---na-
τοιαῦτ’	toiau=t'	τοιοῦτος	toiou=tos	urn:cite2:hmt:lsj.chicago_md:n104169	n-p---fn-
τοιαῦτ’	toiau=t'	τοιοῦτος	toiou=tos	urn:cite2:hmt:lsj.chicago_md:n104169	n-p---fv-
τοιγάρ	toiga/r	τοιγάρ	toiga/r	urn:cite2:hmt:lsj.chicago_md:n104159	g--------
τοισίδ’	toisi/d'	ὅδε	o(/de	urn:cite2:hmt:lsj.chicago_md:n72010	n-p---md-
τοισίδ’	toisi/d'	ὅδε	o(/de	urn:cite2:hmt:lsj.chicago_md:n72010	n-p---nd-
τοιάσδ’	toia/sd'	τοιόσδε	toio/sde	urn:cite2:hmt:lsj.chicago_md:n104166	n-p---fa-
τοιᾶσδ’	toia=sd'	τοιόσδε	toio/sde	urn:cite2:hmt:lsj.chicago_md:n104166	n-s---fg-
τολμητέον	tolmhte/on	τολμητέον	tolmhte/on	urn:cite2:hmt:lsj.chicago_md:n104231	n-s---ma-
τολμητέον	tolmhte/on	τολμητέον	tolmhte/on	urn:cite2:hmt:lsj.chicago_md:n104231	n-s---nn-
τολμητέον	tolmhte/on	τολμητέον	tolmhte/on	urn:cite2:hmt:lsj.chicago_md:n104231	n-s---nv-
τολμητέον	tolmhte/on	τολμητέον	tolmhte/on	urn:cite2:hmt:lsj.chicago_md:n104231	n-s---na-
τολμήματα	tolmh/mata	τόλμημα	to/lmhma	urn:cite2:hmt:lsj.chicago_md:n104228	n-p---nn-
τολμήματα	tolmh/mata	τόλμημα	to/lmhma	urn:cite2:hmt:lsj.chicago_md:n104228	n-p---nv-
τολμήματα	tolmh/mata	τόλμημα	to/lmhma	urn:cite2:hmt:lsj.chicago_md:n104228	n-p---na-
τολμᾶν	tolma=n	τόλμα	to/lma	urn:cite2:hmt:lsj.chicago_md:n104224	n-p---fg-
τολμᾶν	tolma=n	τολμάω	tolma/w	urn:cite2:hmt:lsj.chicago_md:n104225	v-sppamv-
τολμᾶν	tolma=n	τολμάω	tolma/w	urn:cite2:hmt:lsj.chicago_md:n104225	v-sppann-
τολμᾶν	tolma=n	τολμάω	tolma/w	urn:cite2:hmt:lsj.chicago_md:n104225	v-sppanv-
τολμᾶν	tolma=n	τολμάω	tolma/w	urn:cite2:hmt:lsj.chicago_md:n104225	v-sppana-
τολμᾶν	tolma=n	τολμάω	tolma/w	urn:cite2:hmt:lsj.chicago_md:n104225	v-sppamn-
τολμᾶν	tolma=n	τολμάω	tolma/w	urn:cite2:hmt:lsj.chicago_md:n104225	v--pna---
τολμᾶν	tolma=n	τολμάω	tolma/w	urn:cite2:hmt:lsj.chicago_md:n104225	v--pna---
τοξεύω	toceu/w	τοξεύω	toceu/w	urn:cite2:hmt:lsj.chicago_md:n104296	v1spsa---
τοξεύω	toceu/w	τοξεύω	toceu/w	urn:cite2:hmt:lsj.chicago_md:n104296	v1spia---
τορῶς	torw=s	τορεύς	toreu/s	urn:cite2:hmt:lsj.chicago_md:n104368	n-s---mg-
τορῶς	torw=s	τορός	toro/s	urn:cite2:hmt:lsj.chicago_md:n104399	x--------
τοσαῦτα	tosau=ta	τοσοῦτος	tosou=tos	urn:cite2:hmt:lsj.chicago_md:n104421	n-p---nn-
τοσαῦτα	tosau=ta	τοσοῦτος	tosou=tos	urn:cite2:hmt:lsj.chicago_md:n104421	n-p---nv-
τοσαῦτα	tosau=ta	τοσοῦτος	tosou=tos	urn:cite2:hmt:lsj.chicago_md:n104421	n-p---na-
τοσοῦτον	tosou=ton	τοσοῦτος	tosou=tos	urn:cite2:hmt:lsj.chicago_md:n104421	n-s---ma-
του	tou	τις	tis	urn:cite2:hmt:lsj.chicago_md:n104051	p-s----g-
τοὐμοῦ	tou)mou=	ἐγώ	e)gw/	urn:cite2:hmt:lsj.chicago_md:n30657	p-s---mg-
τοὐμοῦ	tou)mou=	ἐγώ	e)gw/	urn:cite2:hmt:lsj.chicago_md:n30657	p-s---fg-
τοὐμοῦ	tou)mou=	ἐμέω	e)me/w	urn:cite2:hmt:lsj.chicago_md:n34111	v2spme---
τοὐμοῦ	tou)mou=	ἐμός	e)mo/s	urn:cite2:hmt:lsj.chicago_md:n34194	a-s---mg-
τοὐμοῦ	tou)mou=	ἐμός	e)mo/s	urn:cite2:hmt:lsj.chicago_md:n34194	a-s---ng-
τοὐμόν	tou)mo/n	ἐμός	e)mo/s	urn:cite2:hmt:lsj.chicago_md:n34194	a-s---ma-
τοὐμόν	tou)mo/n	ἐμός	e)mo/s	urn:cite2:hmt:lsj.chicago_md:n34194	a-s---nn-
τοὐμόν	tou)mo/n	ἐμός	e)mo/s	urn:cite2:hmt:lsj.chicago_md:n34194	a-s---nv-
τοὐμόν	tou)mo/n	ἐμός	e)mo/s	urn:cite2:hmt:lsj.chicago_md:n34194	a-s---na-
τοὐν	tou)n	ἐν	e)n	urn:cite2:hmt:lsj.chicago_md:n34700	r--------
τοὐν	tou)n	εἰς	ei)s	urn:cite2:hmt:lsj.chicago_md:n31235	r--------
τοὔνειδος	tou)/neidos	ὄνειδος	o)/neidos	urn:cite2:hmt:lsj.chicago_md:n74014	n-s---nn-
τοὔνειδος	tou)/neidos	ὄνειδος	o)/neidos	urn:cite2:hmt:lsj.chicago_md:n74014	n-s---nv-
τοὔνειδος	tou)/neidos	ὄνειδος	o)/neidos	urn:cite2:hmt:lsj.chicago_md:n74014	n-s---na-
τοὔνομα	tou)/noma	ὄνομα	o)/noma	urn:cite2:hmt:lsj.chicago_md:n74126	n-s---nn-
τοὔνομα	tou)/noma	ὄνομα	o)/noma	urn:cite2:hmt:lsj.chicago_md:n74126	n-s---nv-
τοὔνομα	tou)/noma	ὄνομα	o)/noma	urn:cite2:hmt:lsj.chicago_md:n74126	n-s---na-
τοὔνομα	tou)/noma	ὄνομα	o)/noma	urn:cite2:hmt:lsj.chicago_md:n74126	n-s---nn-
τοὔνομα	tou)/noma	ὄνομα	o)/noma	urn:cite2:hmt:lsj.chicago_md:n74126	n-s---nv-
τοὔνομα	tou)/noma	ὄνομα	o)/noma	urn:cite2:hmt:lsj.chicago_md:n74126	n-s---na-
τοὔνομ’	tou)/nom'	ὄνομα	o)/noma	urn:cite2:hmt:lsj.chicago_md:n74126	n-s---nn-
τοὔνομ’	tou)/nom'	ὄνομα	o)/noma	urn:cite2:hmt:lsj.chicago_md:n74126	n-s---nv-
τοὔνομ’	tou)/nom'	ὄνομα	o)/noma	urn:cite2:hmt:lsj.chicago_md:n74126	n-s---na-
τοὔνομ’	tou)/nom'	ὄνομα	o)/noma	urn:cite2:hmt:lsj.chicago_md:n74126	n-s---nn-
τοὔνομ’	tou)/nom'	ὄνομα	o)/noma	urn:cite2:hmt:lsj.chicago_md:n74126	n-s---nv-
τοὔνομ’	tou)/nom'	ὄνομα	o)/noma	urn:cite2:hmt:lsj.chicago_md:n74126	n-s---na-
τοὔνομ’	tou)/nom'	ὄνομαι	o)/nomai	urn:cite2:hmt:lsj.chicago_md:n74128	v1spie---
τοίνυν	toi/nun	τοίνυν	toi/nun	urn:cite2:hmt:lsj.chicago_md:n104163	g--------
τοίχοισιν	toi/xoisin	τοῖχος	toi=xos	urn:cite2:hmt:lsj.chicago_md:n104194	n-p---md-
τούς	tou/s	ὁ	o(	urn:cite2:hmt:lsj.chicago_md:n71882	l-p---ma-
τούσδε	tou/sde	ὅδε	o(/de	urn:cite2:hmt:lsj.chicago_md:n72010	n-p---ma-
τούσδ’	tou/sd'	ὅδε	o(/de	urn:cite2:hmt:lsj.chicago_md:n72010	n-p---ma-
τούτῳ	tou/tw|	οὗτος	ou(=tos	urn:cite2:hmt:lsj.chicago_md:n76062	n-s---md-
τούτῳ	tou/tw|	οὗτος	ou(=tos	urn:cite2:hmt:lsj.chicago_md:n76062	n-s---nd-
τοῖνδ’	toi=nd'	ὅδε	o(/de	urn:cite2:hmt:lsj.chicago_md:n72010	n-d---mg-
τοῖνδ’	toi=nd'	ὅδε	o(/de	urn:cite2:hmt:lsj.chicago_md:n72010	n-d---md-
τοῖνδ’	toi=nd'	ὅδε	o(/de	urn:cite2:hmt:lsj.chicago_md:n72010	n-d---ng-
τοῖνδ’	toi=nd'	ὅδε	o(/de	urn:cite2:hmt:lsj.chicago_md:n72010	n-d---nd-
τοῖς	toi=s	ὁ	o(	urn:cite2:hmt:lsj.chicago_md:n71882	l-p---md-
τοῖς	toi=s	ὁ	o(	urn:cite2:hmt:lsj.chicago_md:n71882	l-p---nd-
τοῖσδε	toi=sde	ὅδε	o(/de	urn:cite2:hmt:lsj.chicago_md:n72010	n-p---md-
τοῖσδε	toi=sde	ὅδε	o(/de	urn:cite2:hmt:lsj.chicago_md:n72010	n-p---nd-
τοῖσι	toi=si	ὁ	o(	urn:cite2:hmt:lsj.chicago_md:n71882	l-p---md-
τοῖσι	toi=si	ὁ	o(	urn:cite2:hmt:lsj.chicago_md:n71882	l-p---nd-
τοῖσι	toi=si	τίς	ti/s	urn:cite2:hmt:lsj.chicago_md:n104051a	n-p----d-
τοῦ	tou=	ὁ	o(	urn:cite2:hmt:lsj.chicago_md:n71882	l-s---mg-
τοῦ	tou=	ὁ	o(	urn:cite2:hmt:lsj.chicago_md:n71882	l-s---ng-
τοῦ	tou=	τίς	ti/s	urn:cite2:hmt:lsj.chicago_md:n104051a	n-s----g-
τοῦ	tou=	τις	tis	urn:cite2:hmt:lsj.chicago_md:n104051	p-s----g-
τοῦδε	tou=de	ὅδε	o(/de	urn:cite2:hmt:lsj.chicago_md:n72010	n-s---mg-
τοῦδε	tou=de	ὅδε	o(/de	urn:cite2:hmt:lsj.chicago_md:n72010	n-s---ng-
τοῦτο	tou=to	οὗτος	ou(=tos	urn:cite2:hmt:lsj.chicago_md:n76062	n-s---nn-
τοῦτο	tou=to	οὗτος	ou(=tos	urn:cite2:hmt:lsj.chicago_md:n76062	n-s---nv-
τοῦτο	tou=to	οὗτος	ou(=tos	urn:cite2:hmt:lsj.chicago_md:n76062	n-s---na-
τραπέζης	trape/zhs	τράπεζα	tra/peza	urn:cite2:hmt:lsj.chicago_md:n104538	n-s---fg-
τραφείς	trafei/s	τρέφω	tre/fw	urn:cite2:hmt:lsj.chicago_md:n104690	v-sappmn-
τραφείς	trafei/s	τρέφω	tre/fw	urn:cite2:hmt:lsj.chicago_md:n104690	v-sappmv-
τραφεῖσα	trafei=sa	τρέφω	tre/fw	urn:cite2:hmt:lsj.chicago_md:n104690	v-sappfn-
τραφεῖσα	trafei=sa	τρέφω	tre/fw	urn:cite2:hmt:lsj.chicago_md:n104690	v-sappfv-
τριαίνης	triai/nhs	τρίαινα	tri/aina	urn:cite2:hmt:lsj.chicago_md:n104724	n-s---fg-
τρισώματον	trisw/maton	τρισώματος	trisw/matos	urn:cite2:hmt:lsj.chicago_md:n105302	n-s---ma-
τρισώματον	trisw/maton	τρισώματος	trisw/matos	urn:cite2:hmt:lsj.chicago_md:n105302	n-s---fa-
τρισώματον	trisw/maton	τρισώματος	trisw/matos	urn:cite2:hmt:lsj.chicago_md:n105302	n-s---nn-
τρισώματον	trisw/maton	τρισώματος	trisw/matos	urn:cite2:hmt:lsj.chicago_md:n105302	n-s---nv-
τρισώματον	trisw/maton	τρισώματος	trisw/matos	urn:cite2:hmt:lsj.chicago_md:n105302	n-s---na-
τροφαί	trofai/	τροφή	trofh/	urn:cite2:hmt:lsj.chicago_md:n105550	n-p---fn-
τροφαί	trofai/	τροφή	trofh/	urn:cite2:hmt:lsj.chicago_md:n105550	n-p---fv-
τροφεῖα	trofei=a	τροφεῖα	trofei=a	urn:cite2:hmt:lsj.chicago_md:n105546	n-p---nn-
τροφεῖα	trofei=a	τροφεῖα	trofei=a	urn:cite2:hmt:lsj.chicago_md:n105546	n-p---nv-
τροφεῖα	trofei=a	τροφεῖα	trofei=a	urn:cite2:hmt:lsj.chicago_md:n105546	n-p---na-
τροφεῖα	trofei=a	τροφεῖον	trofei=on	urn:cite2:hmt:lsj.chicago_md:n105547	n-p---nn-
τροφεῖα	trofei=a	τροφεῖον	trofei=on	urn:cite2:hmt:lsj.chicago_md:n105547	n-p---nv-
τροφεῖα	trofei=a	τροφεῖον	trofei=on	urn:cite2:hmt:lsj.chicago_md:n105547	n-p---na-
τροφάς	trofa/s	τροφή	trofh/	urn:cite2:hmt:lsj.chicago_md:n105550	n-p---fa-
τροφήν	trofh/n	τροφή	trofh/	urn:cite2:hmt:lsj.chicago_md:n105550	n-s---fa-
τροφῆς	trofh=s	τρέφω	tre/fw	urn:cite2:hmt:lsj.chicago_md:n104690	v2spia---
τροφῆς	trofh=s	τροφεύς	trofeu/s	urn:cite2:hmt:lsj.chicago_md:n105548	n-p---mn-
τροφῆς	trofh=s	τροφεύς	trofeu/s	urn:cite2:hmt:lsj.chicago_md:n105548	n-p---mn-
τροφῆς	trofh=s	τροφεύς	trofeu/s	urn:cite2:hmt:lsj.chicago_md:n105548	n-p---mv-
τροφῆς	trofh=s	τροφή	trofh/	urn:cite2:hmt:lsj.chicago_md:n105550	n-s---fg-
τρυφῆσαι	trufh=sai	τρυφάω	trufa/w	urn:cite2:hmt:lsj.chicago_md:n105738	v--ana---
τρέμω	tre/mw	τρέμω	tre/mw	urn:cite2:hmt:lsj.chicago_md:n104678	v1spsa---
τρέμω	tre/mw	τρέμω	tre/mw	urn:cite2:hmt:lsj.chicago_md:n104678	v1spia---
τρέφει	tre/fei	τρέφος	tre/fos	urn:cite2:hmt:lsj.chicago_md:n104688	n-d---nn-
τρέφει	tre/fei	τρέφος	tre/fos	urn:cite2:hmt:lsj.chicago_md:n104688	n-d---nv-
τρέφει	tre/fei	τρέφος	tre/fos	urn:cite2:hmt:lsj.chicago_md:n104688	n-d---na-
τρέφει	tre/fei	τρέφος	tre/fos	urn:cite2:hmt:lsj.chicago_md:n104688	n-s---nd-
τρέφει	tre/fei	τρέφος	tre/fos	urn:cite2:hmt:lsj.chicago_md:n104688	n-s---nd-
τρέφει	tre/fei	τρέφω	tre/fw	urn:cite2:hmt:lsj.chicago_md:n104690	v2spie---
τρέφει	tre/fei	τρέφω	tre/fw	urn:cite2:hmt:lsj.chicago_md:n104690	v3spia---
τρέφειν	tre/fein	τρέφω	tre/fw	urn:cite2:hmt:lsj.chicago_md:n104690	v--pna---
τρέφων	tre/fwn	τρέφω	tre/fw	urn:cite2:hmt:lsj.chicago_md:n104690	v-sppamn-
τρέχων	tre/xwn	τρέχω	tre/xw	urn:cite2:hmt:lsj.chicago_md:n104695	v-sppamn-
τρίγονοι	tri/gonoi	τρίγονος	tri/gonos	urn:cite2:hmt:lsj.chicago_md:n104877	n-p---mn-
τρίγονοι	tri/gonoi	τρίγονος	tri/gonos	urn:cite2:hmt:lsj.chicago_md:n104877	n-p---mv-
τρίγονοι	tri/gonoi	τρίγονος	tri/gonos	urn:cite2:hmt:lsj.chicago_md:n104877	n-p---fn-
τρίγονοι	tri/gonoi	τρίγονος	tri/gonos	urn:cite2:hmt:lsj.chicago_md:n104877	n-p---fv-
τρίποδα	tri/poda	τρίπους	tri/pous	urn:cite2:hmt:lsj.chicago_md:n105176	n-p---nn-
τρίποδα	tri/poda	τρίπους	tri/pous	urn:cite2:hmt:lsj.chicago_md:n105176	n-p---nv-
τρίποδα	tri/poda	τρίπους	tri/pous	urn:cite2:hmt:lsj.chicago_md:n105176	n-p---na-
τρίποδα	tri/poda	τρίπους	tri/pous	urn:cite2:hmt:lsj.chicago_md:n105176	n-s---ma-
τρίποδα	tri/poda	τρίπους	tri/pous	urn:cite2:hmt:lsj.chicago_md:n105176	n-s---fa-
τρίποδι	tri/podi	τρίπους	tri/pous	urn:cite2:hmt:lsj.chicago_md:n105176	n-s---md-
τρίποδι	tri/podi	τρίπους	tri/pous	urn:cite2:hmt:lsj.chicago_md:n105176	n-s---fd-
τρίποδι	tri/podi	τρίπους	tri/pous	urn:cite2:hmt:lsj.chicago_md:n105176	n-s---nd-
τρίποδος	tri/podos	τρίπους	tri/pous	urn:cite2:hmt:lsj.chicago_md:n105176	n-s---mg-
τρίποδος	tri/podos	τρίπους	tri/pous	urn:cite2:hmt:lsj.chicago_md:n105176	n-s---fg-
τρίποδος	tri/podos	τρίπους	tri/pous	urn:cite2:hmt:lsj.chicago_md:n105176	n-s---ng-
τρίτον	tri/ton	τρίτος	tri/tos	urn:cite2:hmt:lsj.chicago_md:n105344	a-s---ma-
τρίτον	tri/ton	τρίτος	tri/tos	urn:cite2:hmt:lsj.chicago_md:n105344	a-s---nn-
τρίτον	tri/ton	τρίτος	tri/tos	urn:cite2:hmt:lsj.chicago_md:n105344	a-s---nv-
τρίτον	tri/ton	τρίτος	tri/tos	urn:cite2:hmt:lsj.chicago_md:n105344	a-s---na-
τρόπον	tro/pon	τρόπος	tro/pos	urn:cite2:hmt:lsj.chicago_md:n105531	n-s---ma-
τρόπων	tro/pwn	τρόπος	tro/pos	urn:cite2:hmt:lsj.chicago_md:n105531	n-p---mg-
τρόπων	tro/pwn	τροπόω	tropo/w	urn:cite2:hmt:lsj.chicago_md:n105533	v3piia---
τρόπων	tro/pwn	τροπόω	tropo/w	urn:cite2:hmt:lsj.chicago_md:n105534	v3piia---
τρόπων	tro/pwn	τροπόω	tropo/w	urn:cite2:hmt:lsj.chicago_md:n105533	v1siia---
τρόπων	tro/pwn	τροπόω	tropo/w	urn:cite2:hmt:lsj.chicago_md:n105534	v1siia---
τρόπῳ	tro/pw|	τρόπος	tro/pos	urn:cite2:hmt:lsj.chicago_md:n105531	n-s---md-
τρόφιμα	tro/fima	τρόφιμος	tro/fimos	urn:cite2:hmt:lsj.chicago_md:n105557	a-p---nn-
τρόφιμα	tro/fima	τρόφιμος	tro/fimos	urn:cite2:hmt:lsj.chicago_md:n105557	a-p---nv-
τρόφιμα	tro/fima	τρόφιμος	tro/fimos	urn:cite2:hmt:lsj.chicago_md:n105557	a-p---na-
τρόφιμα	tro/fima	τρόφιμος	tro/fimos	urn:cite2:hmt:lsj.chicago_md:n105557	n-p---nn-
τρόφιμα	tro/fima	τρόφιμος	tro/fimos	urn:cite2:hmt:lsj.chicago_md:n105557	n-p---nv-
τρόφιμα	tro/fima	τρόφιμος	tro/fimos	urn:cite2:hmt:lsj.chicago_md:n105557	n-p---na-
τρόφιμος	tro/fimos	τρόφιμος	tro/fimos	urn:cite2:hmt:lsj.chicago_md:n105557	a-s---mn-
τρόφιμος	tro/fimos	τρόφιμος	tro/fimos	urn:cite2:hmt:lsj.chicago_md:n105557	n-s---mn-
τρόφιμος	tro/fimos	τρόφιμος	tro/fimos	urn:cite2:hmt:lsj.chicago_md:n105557	n-s---fn-
τυγχάνει	tugxa/nei	τυγχάνω	tugxa/nw	urn:cite2:hmt:lsj.chicago_md:n105829	v2spie---
τυγχάνει	tugxa/nei	τυγχάνω	tugxa/nw	urn:cite2:hmt:lsj.chicago_md:n105829	v3spia---
τυγχάνοι	tugxa/noi	τυγχάνω	tugxa/nw	urn:cite2:hmt:lsj.chicago_md:n105829	v3spoa---
τυγχάνοντα	tugxa/nonta	τυγχάνω	tugxa/nw	urn:cite2:hmt:lsj.chicago_md:n105829	v-pppann-
τυγχάνοντα	tugxa/nonta	τυγχάνω	tugxa/nw	urn:cite2:hmt:lsj.chicago_md:n105829	v-pppanv-
τυγχάνοντα	tugxa/nonta	τυγχάνω	tugxa/nw	urn:cite2:hmt:lsj.chicago_md:n105829	v-pppana-
τυγχάνοντα	tugxa/nonta	τυγχάνω	tugxa/nw	urn:cite2:hmt:lsj.chicago_md:n105829	v-sppama-
τυγχάνουσιν	tugxa/nousin	τυγχάνω	tugxa/nw	urn:cite2:hmt:lsj.chicago_md:n105829	v-pppamd-
τυγχάνουσιν	tugxa/nousin	τυγχάνω	tugxa/nw	urn:cite2:hmt:lsj.chicago_md:n105829	v-pppand-
τυγχάνουσιν	tugxa/nousin	τυγχάνω	tugxa/nw	urn:cite2:hmt:lsj.chicago_md:n105829	v3ppia---
τυραννικούς	turannikou/s	τυραννικός	turanniko/s	urn:cite2:hmt:lsj.chicago_md:n105963	a-p---ma-
τυραννίδος	turanni/dos	τυραννίς	turanni/s	urn:cite2:hmt:lsj.chicago_md:n105964	n-s---fg-
τυραννίδ’	turanni/d'	τυραννίς	turanni/s	urn:cite2:hmt:lsj.chicago_md:n105964	n-s---fa-
τυραννίδ’	turanni/d'	τυραννίς	turanni/s	urn:cite2:hmt:lsj.chicago_md:n105964	n-s---fd-
τυραννίδ’	turanni/d'	τυραννίς	turanni/s	urn:cite2:hmt:lsj.chicago_md:n105964	n-d---fn-
τυραννίδ’	turanni/d'	τυραννίς	turanni/s	urn:cite2:hmt:lsj.chicago_md:n105964	n-d---fv-
τυραννίδ’	turanni/d'	τυραννίς	turanni/s	urn:cite2:hmt:lsj.chicago_md:n105964	n-d---fa-
τυράννους	tura/nnous	τύραννος	tu/rannos	urn:cite2:hmt:lsj.chicago_md:n105974	n-p---ma-
τυράννων	tura/nnwn	τύραννος	tu/rannos	urn:cite2:hmt:lsj.chicago_md:n105974	n-p---mg-
τυράννων	tura/nnwn	τύραννος	tu/rannos	urn:cite2:hmt:lsj.chicago_md:n105974	n-p---ng-
τυφλόν	tuflo/n	τυφλός	tuflo/s	urn:cite2:hmt:lsj.chicago_md:n106064	a-s---ma-
τυφλόν	tuflo/n	τυφλός	tuflo/s	urn:cite2:hmt:lsj.chicago_md:n106064	a-s---nn-
τυφλόν	tuflo/n	τυφλός	tuflo/s	urn:cite2:hmt:lsj.chicago_md:n106064	a-s---nv-
τυφλόν	tuflo/n	τυφλός	tuflo/s	urn:cite2:hmt:lsj.chicago_md:n106064	a-s---na-
τυχεῖν	tuxei=n	τυγχάνω	tugxa/nw	urn:cite2:hmt:lsj.chicago_md:n105829	v--ana---
τυχοῦσ’	tuxou=s'	τυγχάνω	tugxa/nw	urn:cite2:hmt:lsj.chicago_md:n105829	v-sapafn-
τυχοῦσ’	tuxou=s'	τυγχάνω	tugxa/nw	urn:cite2:hmt:lsj.chicago_md:n105829	v-sapafv-
τυχοῦσ’	tuxou=s'	τυγχάνω	tugxa/nw	urn:cite2:hmt:lsj.chicago_md:n105829	v-papamd-
τυχοῦσ’	tuxou=s'	τυγχάνω	tugxa/nw	urn:cite2:hmt:lsj.chicago_md:n105829	v-papand-
τυχοῦσ’	tuxou=s'	τυγχάνω	tugxa/nw	urn:cite2:hmt:lsj.chicago_md:n105829	v-papafn-
τυχοῦσ’	tuxou=s'	τυγχάνω	tugxa/nw	urn:cite2:hmt:lsj.chicago_md:n105829	v-papafv-
τἀγάθ’	ta)ga/q'	ἀγαθίς	a)gaqi/s	urn:cite2:hmt:lsj.chicago_md:n239	n-s---fv-
τἀγάθ’	ta)ga/q'	ἀγαθός	a)gaqo/s	urn:cite2:hmt:lsj.chicago_md:n260	a-p---nn-
τἀγάθ’	ta)ga/q'	ἀγαθός	a)gaqo/s	urn:cite2:hmt:lsj.chicago_md:n260	a-p---nv-
τἀγάθ’	ta)ga/q'	ἀγαθός	a)gaqo/s	urn:cite2:hmt:lsj.chicago_md:n260	a-p---na-
τἀγάθ’	ta)ga/q'	ἀγαθός	a)gaqo/s	urn:cite2:hmt:lsj.chicago_md:n260	a-d---fn-
τἀγάθ’	ta)ga/q'	ἀγαθός	a)gaqo/s	urn:cite2:hmt:lsj.chicago_md:n260	a-d---fv-
τἀγάθ’	ta)ga/q'	ἀγαθός	a)gaqo/s	urn:cite2:hmt:lsj.chicago_md:n260	a-d---fa-
τἀγάθ’	ta)ga/q'	ἀγαθός	a)gaqo/s	urn:cite2:hmt:lsj.chicago_md:n260	a-s---fn-
τἀγάθ’	ta)ga/q'	ἀγαθός	a)gaqo/s	urn:cite2:hmt:lsj.chicago_md:n260	a-s---fv-
τἀγάθ’	ta)ga/q'	ἀγαθός	a)gaqo/s	urn:cite2:hmt:lsj.chicago_md:n260	a-s---mv-
τἀγάθ’	ta)ga/q'	ἀγαθός	a)gaqo/s	urn:cite2:hmt:lsj.chicago_md:n260	a-p---fn-
τἀγάθ’	ta)ga/q'	ἀγαθός	a)gaqo/s	urn:cite2:hmt:lsj.chicago_md:n260	a-p---fv-
τἀγάθ’	ta)ga/q'	ἀγαστός	a)gasto/s	urn:cite2:hmt:lsj.chicago_md:n365	a-p---nn-
τἀγάθ’	ta)ga/q'	ἀγαστός	a)gasto/s	urn:cite2:hmt:lsj.chicago_md:n365	a-p---nv-
τἀγάθ’	ta)ga/q'	ἀγαστός	a)gasto/s	urn:cite2:hmt:lsj.chicago_md:n365	a-p---na-
τἀγάθ’	ta)ga/q'	ἀγαστός	a)gasto/s	urn:cite2:hmt:lsj.chicago_md:n365	a-d---fn-
τἀγάθ’	ta)ga/q'	ἀγαστός	a)gasto/s	urn:cite2:hmt:lsj.chicago_md:n365	a-d---fv-
τἀγάθ’	ta)ga/q'	ἀγαστός	a)gasto/s	urn:cite2:hmt:lsj.chicago_md:n365	a-d---fa-
τἀγάθ’	ta)ga/q'	ἀγαστός	a)gasto/s	urn:cite2:hmt:lsj.chicago_md:n365	a-s---fn-
τἀγάθ’	ta)ga/q'	ἀγαστός	a)gasto/s	urn:cite2:hmt:lsj.chicago_md:n365	a-s---fv-
τἀγάθ’	ta)ga/q'	ἀγαστός	a)gasto/s	urn:cite2:hmt:lsj.chicago_md:n365	a-s---mv-
τἀγάθ’	ta)ga/q'	ἀγαστός	a)gasto/s	urn:cite2:hmt:lsj.chicago_md:n365	a-p---fn-
τἀγάθ’	ta)ga/q'	ἀγαστός	a)gasto/s	urn:cite2:hmt:lsj.chicago_md:n365	a-p---fv-
τἀγάθ’	ta)ga/q'	ἀγατός	a)gato/s	urn:cite2:hmt:lsj.chicago_md:n369	a-p---nn-
τἀγάθ’	ta)ga/q'	ἀγατός	a)gato/s	urn:cite2:hmt:lsj.chicago_md:n369	a-p---nv-
τἀγάθ’	ta)ga/q'	ἀγατός	a)gato/s	urn:cite2:hmt:lsj.chicago_md:n369	a-p---na-
τἀγάθ’	ta)ga/q'	ἀγατός	a)gato/s	urn:cite2:hmt:lsj.chicago_md:n369	a-d---fn-
τἀγάθ’	ta)ga/q'	ἀγατός	a)gato/s	urn:cite2:hmt:lsj.chicago_md:n369	a-d---fv-
τἀγάθ’	ta)ga/q'	ἀγατός	a)gato/s	urn:cite2:hmt:lsj.chicago_md:n369	a-d---fa-
τἀγάθ’	ta)ga/q'	ἀγατός	a)gato/s	urn:cite2:hmt:lsj.chicago_md:n369	a-s---fn-
τἀγάθ’	ta)ga/q'	ἀγατός	a)gato/s	urn:cite2:hmt:lsj.chicago_md:n369	a-s---fv-
τἀγάθ’	ta)ga/q'	ἀγατός	a)gato/s	urn:cite2:hmt:lsj.chicago_md:n369	a-s---mv-
τἀγάθ’	ta)ga/q'	ἀγατός	a)gato/s	urn:cite2:hmt:lsj.chicago_md:n369	a-p---fn-
τἀγάθ’	ta)ga/q'	ἀγατός	a)gato/s	urn:cite2:hmt:lsj.chicago_md:n369	a-p---fv-
τἀκεῖ	ta)kei=	ἀκέομαι	a)ke/omai	urn:cite2:hmt:lsj.chicago_md:n3074	v2sfim---
τἀκεῖ	ta)kei=	ἀκέομαι	a)ke/omai	urn:cite2:hmt:lsj.chicago_md:n3074	v2spie---
τἀκεῖ	ta)kei=	ἀκέω	a)ke/w	urn:cite2:hmt:lsj.chicago_md:n3128	v2spie---
τἀκεῖ	ta)kei=	ἀκέω	a)ke/w	urn:cite2:hmt:lsj.chicago_md:n3129	v2spie---
τἀκεῖ	ta)kei=	ἀκέω	a)ke/w	urn:cite2:hmt:lsj.chicago_md:n3128	v3spia---
τἀκεῖ	ta)kei=	ἀκέω	a)ke/w	urn:cite2:hmt:lsj.chicago_md:n3129	v3spia---
τἀκεῖ	ta)kei=	ἐκεῖ	e)kei=	urn:cite2:hmt:lsj.chicago_md:n31945	d--------
τἀμά	ta)ma/	ἁμόσ1	a(mo/s	urn:cite2:hmt:lsj.chicago_md:n5446	a-p---nn-
τἀμά	ta)ma/	ἁμόσ1	a(mo/s	urn:cite2:hmt:lsj.chicago_md:n5447	a-p---nn-
τἀμά	ta)ma/	ἁμόσ1	a(mo/s	urn:cite2:hmt:lsj.chicago_md:n5446	a-p---nv-
τἀμά	ta)ma/	ἁμόσ1	a(mo/s	urn:cite2:hmt:lsj.chicago_md:n5447	a-p---nv-
τἀμά	ta)ma/	ἁμόσ1	a(mo/s	urn:cite2:hmt:lsj.chicago_md:n5446	a-p---na-
τἀμά	ta)ma/	ἁμόσ1	a(mo/s	urn:cite2:hmt:lsj.chicago_md:n5447	a-p---na-
τἀμά	ta)ma/	ἁμόσ1	a(mo/s	urn:cite2:hmt:lsj.chicago_md:n5446	a-d---fn-
τἀμά	ta)ma/	ἁμόσ1	a(mo/s	urn:cite2:hmt:lsj.chicago_md:n5447	a-d---fn-
τἀμά	ta)ma/	ἁμόσ1	a(mo/s	urn:cite2:hmt:lsj.chicago_md:n5446	a-d---fv-
τἀμά	ta)ma/	ἁμόσ1	a(mo/s	urn:cite2:hmt:lsj.chicago_md:n5447	a-d---fv-
τἀμά	ta)ma/	ἁμόσ1	a(mo/s	urn:cite2:hmt:lsj.chicago_md:n5446	a-d---fa-
τἀμά	ta)ma/	ἁμόσ1	a(mo/s	urn:cite2:hmt:lsj.chicago_md:n5447	a-d---fa-
τἀμά	ta)ma/	ἁμόσ1	a(mo/s	urn:cite2:hmt:lsj.chicago_md:n5446	a-s---fn-
τἀμά	ta)ma/	ἁμόσ1	a(mo/s	urn:cite2:hmt:lsj.chicago_md:n5447	a-s---fn-
τἀμά	ta)ma/	ἁμόσ1	a(mo/s	urn:cite2:hmt:lsj.chicago_md:n5446	a-s---fv-
τἀμά	ta)ma/	ἁμόσ1	a(mo/s	urn:cite2:hmt:lsj.chicago_md:n5447	a-s---fv-
τἀμά	ta)ma/	ἐμός	e)mo/s	urn:cite2:hmt:lsj.chicago_md:n34194	a-p---nn-
τἀμά	ta)ma/	ἐμός	e)mo/s	urn:cite2:hmt:lsj.chicago_md:n34194	a-p---nv-
τἀμά	ta)ma/	ἐμός	e)mo/s	urn:cite2:hmt:lsj.chicago_md:n34194	a-p---na-
τἀμά	ta)ma/	ἐμός	e)mo/s	urn:cite2:hmt:lsj.chicago_md:n34194	a-d---fn-
τἀμά	ta)ma/	ἐμός	e)mo/s	urn:cite2:hmt:lsj.chicago_md:n34194	a-d---fv-
τἀμά	ta)ma/	ἐμός	e)mo/s	urn:cite2:hmt:lsj.chicago_md:n34194	a-d---fa-
τἀμά	ta)ma/	ἐμός	e)mo/s	urn:cite2:hmt:lsj.chicago_md:n34194	a-s---fn-
τἀμά	ta)ma/	ἐμός	e)mo/s	urn:cite2:hmt:lsj.chicago_md:n34194	a-s---fv-
τἀμά	ta)ma/	ἡμός	h(mo/s	urn:cite2:hmt:lsj.chicago_md:n47379	a-p---nn-
τἀμά	ta)ma/	ἡμός	h(mo/s	urn:cite2:hmt:lsj.chicago_md:n47379	a-p---nv-
τἀμά	ta)ma/	ἡμός	h(mo/s	urn:cite2:hmt:lsj.chicago_md:n47379	a-p---na-
τἀμά	ta)ma/	ἡμός	h(mo/s	urn:cite2:hmt:lsj.chicago_md:n47379	a-d---fn-
τἀμά	ta)ma/	ἡμός	h(mo/s	urn:cite2:hmt:lsj.chicago_md:n47379	a-d---fv-
τἀμά	ta)ma/	ἡμός	h(mo/s	urn:cite2:hmt:lsj.chicago_md:n47379	a-d---fa-
τἀμά	ta)ma/	ἡμός	h(mo/s	urn:cite2:hmt:lsj.chicago_md:n47379	a-s---fn-
τἀμά	ta)ma/	ἡμός	h(mo/s	urn:cite2:hmt:lsj.chicago_md:n47379	a-s---fv-
τἀν	ta)n	ἐν	e)n	urn:cite2:hmt:lsj.chicago_md:n34700	r--------
τἀν	ta)n	εἰς	ei)s	urn:cite2:hmt:lsj.chicago_md:n31235	r--------
τἀναντί’	ta)nanti/'	ἐναντίος	e)nanti/os	urn:cite2:hmt:lsj.chicago_md:n34855	a-p---nn-
τἀναντί’	ta)nanti/'	ἐναντίος	e)nanti/os	urn:cite2:hmt:lsj.chicago_md:n34855	a-p---nv-
τἀναντί’	ta)nanti/'	ἐναντίος	e)nanti/os	urn:cite2:hmt:lsj.chicago_md:n34855	a-p---na-
τἀναντί’	ta)nanti/'	ἐναντίος	e)nanti/os	urn:cite2:hmt:lsj.chicago_md:n34855	a-s---mv-
τἀναντί’	ta)nanti/'	ἐναντίος	e)nanti/os	urn:cite2:hmt:lsj.chicago_md:n34855	a-p---fn-
τἀναντί’	ta)nanti/'	ἐναντίος	e)nanti/os	urn:cite2:hmt:lsj.chicago_md:n34855	a-p---fv-
τἀναντί’	ta)nanti/'	ἐναντίος	e)nanti/os	urn:cite2:hmt:lsj.chicago_md:n34855	a-s---fd-
τἀνθάδ’	ta)nqa/d'	ἐνθάδε	e)nqa/de	urn:cite2:hmt:lsj.chicago_md:n35542	d--------
τἀπί	ta)pi/	ἐπί	e)pi/	urn:cite2:hmt:lsj.chicago_md:n38862	r--------
τἀπίλοιπα	ta)pi/loipa	ἐπίλοιπος	e)pi/loipos	urn:cite2:hmt:lsj.chicago_md:n40083	n-p---nn-
τἀπίλοιπα	ta)pi/loipa	ἐπίλοιπος	e)pi/loipos	urn:cite2:hmt:lsj.chicago_md:n40083	n-p---nv-
τἀπίλοιπα	ta)pi/loipa	ἐπίλοιπος	e)pi/loipos	urn:cite2:hmt:lsj.chicago_md:n40083	n-p---na-
τἀπ’	ta)p'	ἀπό	a)po/	urn:cite2:hmt:lsj.chicago_md:n12243	r--------
τἀπ’	ta)p'	ἀπό	a)po/	urn:cite2:hmt:lsj.chicago_md:n12243	r--------
τἀπ’	ta)p'	ἐπί	e)pi/	urn:cite2:hmt:lsj.chicago_md:n38862	r--------
τἄδικ’	ta)/dik'	ἄδικος	a)/dikos	urn:cite2:hmt:lsj.chicago_md:n1397	n-p---nn-
τἄδικ’	ta)/dik'	ἄδικος	a)/dikos	urn:cite2:hmt:lsj.chicago_md:n1397	n-p---nv-
τἄδικ’	ta)/dik'	ἄδικος	a)/dikos	urn:cite2:hmt:lsj.chicago_md:n1397	n-p---na-
τἄδικ’	ta)/dik'	ἄδικος	a)/dikos	urn:cite2:hmt:lsj.chicago_md:n1397	n-s---mv-
τἄδικ’	ta)/dik'	ἄδικος	a)/dikos	urn:cite2:hmt:lsj.chicago_md:n1397	n-s---fv-
τἄδικ’	ta)/dik'	δικεῖν	dikei=n	urn:cite2:hmt:lsj.chicago_md:n26929	v3saia---
τἄλλα	ta)/lla	ἄλλος	a)/llos	urn:cite2:hmt:lsj.chicago_md:n4490	n-p---nn-
τἄλλα	ta)/lla	ἄλλος	a)/llos	urn:cite2:hmt:lsj.chicago_md:n4490	n-p---nv-
τἄλλα	ta)/lla	ἄλλος	a)/llos	urn:cite2:hmt:lsj.chicago_md:n4490	n-p---na-
τἄλλα	ta)/lla	ἄλλος	a)/llos	urn:cite2:hmt:lsj.chicago_md:n4490	n-d---fn-
τἄλλα	ta)/lla	ἄλλος	a)/llos	urn:cite2:hmt:lsj.chicago_md:n4490	n-d---fv-
τἄλλα	ta)/lla	ἄλλος	a)/llos	urn:cite2:hmt:lsj.chicago_md:n4490	n-d---fa-
τἄλλα	ta)/lla	ἄλλος	a)/llos	urn:cite2:hmt:lsj.chicago_md:n4490	n-s---fn-
τἄλλα	ta)/lla	ἄλλος	a)/llos	urn:cite2:hmt:lsj.chicago_md:n4490	n-s---fv-
τἄμ’	ta)/m'	ἁμόσ1	a(mo/s	urn:cite2:hmt:lsj.chicago_md:n5446	a-p---nn-
τἄμ’	ta)/m'	ἁμόσ1	a(mo/s	urn:cite2:hmt:lsj.chicago_md:n5447	a-p---nn-
τἄμ’	ta)/m'	ἁμόσ1	a(mo/s	urn:cite2:hmt:lsj.chicago_md:n5446	a-p---nv-
τἄμ’	ta)/m'	ἁμόσ1	a(mo/s	urn:cite2:hmt:lsj.chicago_md:n5447	a-p---nv-
τἄμ’	ta)/m'	ἁμόσ1	a(mo/s	urn:cite2:hmt:lsj.chicago_md:n5446	a-p---na-
τἄμ’	ta)/m'	ἁμόσ1	a(mo/s	urn:cite2:hmt:lsj.chicago_md:n5447	a-p---na-
τἄμ’	ta)/m'	ἁμόσ1	a(mo/s	urn:cite2:hmt:lsj.chicago_md:n5446	a-d---fn-
τἄμ’	ta)/m'	ἁμόσ1	a(mo/s	urn:cite2:hmt:lsj.chicago_md:n5447	a-d---fn-
τἄμ’	ta)/m'	ἁμόσ1	a(mo/s	urn:cite2:hmt:lsj.chicago_md:n5446	a-d---fv-
τἄμ’	ta)/m'	ἁμόσ1	a(mo/s	urn:cite2:hmt:lsj.chicago_md:n5447	a-d---fv-
τἄμ’	ta)/m'	ἁμόσ1	a(mo/s	urn:cite2:hmt:lsj.chicago_md:n5446	a-d---fa-
τἄμ’	ta)/m'	ἁμόσ1	a(mo/s	urn:cite2:hmt:lsj.chicago_md:n5447	a-d---fa-
τἄμ’	ta)/m'	ἁμόσ1	a(mo/s	urn:cite2:hmt:lsj.chicago_md:n5446	a-s---fn-
τἄμ’	ta)/m'	ἁμόσ1	a(mo/s	urn:cite2:hmt:lsj.chicago_md:n5447	a-s---fn-
τἄμ’	ta)/m'	ἁμόσ1	a(mo/s	urn:cite2:hmt:lsj.chicago_md:n5446	a-s---fv-
τἄμ’	ta)/m'	ἁμόσ1	a(mo/s	urn:cite2:hmt:lsj.chicago_md:n5447	a-s---fv-
τἄμ’	ta)/m'	ἁμόσ1	a(mo/s	urn:cite2:hmt:lsj.chicago_md:n5446	a-s---mv-
τἄμ’	ta)/m'	ἁμόσ1	a(mo/s	urn:cite2:hmt:lsj.chicago_md:n5447	a-s---mv-
τἄμ’	ta)/m'	ἁμόσ1	a(mo/s	urn:cite2:hmt:lsj.chicago_md:n5446	a-p---fn-
τἄμ’	ta)/m'	ἁμόσ1	a(mo/s	urn:cite2:hmt:lsj.chicago_md:n5447	a-p---fn-
τἄμ’	ta)/m'	ἁμόσ1	a(mo/s	urn:cite2:hmt:lsj.chicago_md:n5446	a-p---fv-
τἄμ’	ta)/m'	ἁμόσ1	a(mo/s	urn:cite2:hmt:lsj.chicago_md:n5447	a-p---fv-
τἄμ’	ta)/m'	ἄμη	a)/mh	urn:cite2:hmt:lsj.chicago_md:n5232	n-p---fn-
τἄμ’	ta)/m'	ἄμη	a)/mh	urn:cite2:hmt:lsj.chicago_md:n5232	n-p---fv-
τἄμ’	ta)/m'	ἄμη	a)/mh	urn:cite2:hmt:lsj.chicago_md:n5232	n-s---fd-
τἄμ’	ta)/m'	ἄμπ	a)/mp	urn:cite2:hmt:lsj.chicago_md:n5462	n-s---nn-
τἄμ’	ta)/m'	ἄμπ	a)/mp	urn:cite2:hmt:lsj.chicago_md:n5462	n-s---nv-
τἄμ’	ta)/m'	ἄμπ	a)/mp	urn:cite2:hmt:lsj.chicago_md:n5462	n-s---na-
τἄμ’	ta)/m'	ἀμίς	a)mi/s	urn:cite2:hmt:lsj.chicago_md:n5292	n-s---fv-
τἄμ’	ta)/m'	ἐγώ	e)gw/	urn:cite2:hmt:lsj.chicago_md:n30657	p-s---ma-
τἄμ’	ta)/m'	ἐγώ	e)gw/	urn:cite2:hmt:lsj.chicago_md:n30657	p-s---fa-
τἄμ’	ta)/m'	ἐμός	e)mo/s	urn:cite2:hmt:lsj.chicago_md:n34194	a-p---nn-
τἄμ’	ta)/m'	ἐμός	e)mo/s	urn:cite2:hmt:lsj.chicago_md:n34194	a-p---nv-
τἄμ’	ta)/m'	ἐμός	e)mo/s	urn:cite2:hmt:lsj.chicago_md:n34194	a-p---na-
τἄμ’	ta)/m'	ἐμός	e)mo/s	urn:cite2:hmt:lsj.chicago_md:n34194	a-d---fn-
τἄμ’	ta)/m'	ἐμός	e)mo/s	urn:cite2:hmt:lsj.chicago_md:n34194	a-d---fv-
τἄμ’	ta)/m'	ἐμός	e)mo/s	urn:cite2:hmt:lsj.chicago_md:n34194	a-d---fa-
τἄμ’	ta)/m'	ἐμός	e)mo/s	urn:cite2:hmt:lsj.chicago_md:n34194	a-s---fn-
τἄμ’	ta)/m'	ἐμός	e)mo/s	urn:cite2:hmt:lsj.chicago_md:n34194	a-s---fv-
τἄμ’	ta)/m'	ἐμός	e)mo/s	urn:cite2:hmt:lsj.chicago_md:n34194	a-s---mv-
τἄμ’	ta)/m'	ἐμός	e)mo/s	urn:cite2:hmt:lsj.chicago_md:n34194	a-p---fn-
τἄμ’	ta)/m'	ἐμός	e)mo/s	urn:cite2:hmt:lsj.chicago_md:n34194	a-p---fv-
τἄμ’	ta)/m'	ἡμός	h(mo/s	urn:cite2:hmt:lsj.chicago_md:n47379	a-p---nn-
τἄμ’	ta)/m'	ἡμός	h(mo/s	urn:cite2:hmt:lsj.chicago_md:n47379	a-p---nv-
τἄμ’	ta)/m'	ἡμός	h(mo/s	urn:cite2:hmt:lsj.chicago_md:n47379	a-p---na-
τἄμ’	ta)/m'	ἡμός	h(mo/s	urn:cite2:hmt:lsj.chicago_md:n47379	a-d---fn-
τἄμ’	ta)/m'	ἡμός	h(mo/s	urn:cite2:hmt:lsj.chicago_md:n47379	a-d---fv-
τἄμ’	ta)/m'	ἡμός	h(mo/s	urn:cite2:hmt:lsj.chicago_md:n47379	a-d---fa-
τἄμ’	ta)/m'	ἡμός	h(mo/s	urn:cite2:hmt:lsj.chicago_md:n47379	a-s---fn-
τἄμ’	ta)/m'	ἡμός	h(mo/s	urn:cite2:hmt:lsj.chicago_md:n47379	a-s---fv-
τἄμ’	ta)/m'	ἡμός	h(mo/s	urn:cite2:hmt:lsj.chicago_md:n47379	a-s---mv-
τἄμ’	ta)/m'	ἡμός	h(mo/s	urn:cite2:hmt:lsj.chicago_md:n47379	a-p---fn-
τἄμ’	ta)/m'	ἡμός	h(mo/s	urn:cite2:hmt:lsj.chicago_md:n47379	a-p---fv-
τἄρα	ta)/ra	ἄρα	a)/ra	urn:cite2:hmt:lsj.chicago_md:n14639	g--------
τἄρα	ta)/ra	ἄρον	a)/ron	urn:cite2:hmt:lsj.chicago_md:n15343	n-p---nn-
τἄρα	ta)/ra	ἄρον	a)/ron	urn:cite2:hmt:lsj.chicago_md:n15343	n-p---nv-
τἄρα	ta)/ra	ἄρον	a)/ron	urn:cite2:hmt:lsj.chicago_md:n15343	n-p---na-
τἄρα	ta)/ra	ἄρος	a)/ros	urn:cite2:hmt:lsj.chicago_md:n15345	n-p---nn-
τἄρα	ta)/ra	ἄρος	a)/ros	urn:cite2:hmt:lsj.chicago_md:n15345	n-p---nv-
τἄρα	ta)/ra	ἄρος	a)/ros	urn:cite2:hmt:lsj.chicago_md:n15345	n-p---na-
τἄρα	ta)/ra	ἔρα	e)/ra	urn:cite2:hmt:lsj.chicago_md:n42107	n-d---fn-
τἄρα	ta)/ra	ἔρα	e)/ra	urn:cite2:hmt:lsj.chicago_md:n42107	n-d---fv-
τἄρα	ta)/ra	ἔρα	e)/ra	urn:cite2:hmt:lsj.chicago_md:n42107	n-d---fa-
τἄρα	ta)/ra	ἔρα	e)/ra	urn:cite2:hmt:lsj.chicago_md:n42107	n-s---fn-
τἄρα	ta)/ra	ἔρα	e)/ra	urn:cite2:hmt:lsj.chicago_md:n42107	n-s---fv-
τἄρα	ta)/ra	ἔραμαι	e)/ramai	urn:cite2:hmt:lsj.chicago_md:n42109	v2spme---
τἄρα	ta)/ra	ἔροσ2	e)/ros	urn:cite2:hmt:lsj.chicago_md:n42650	n-p---nn-
τἄρα	ta)/ra	ἔροσ2	e)/ros	urn:cite2:hmt:lsj.chicago_md:n42651	n-p---nn-
τἄρα	ta)/ra	ἔροσ2	e)/ros	urn:cite2:hmt:lsj.chicago_md:n42650	n-p---nv-
τἄρα	ta)/ra	ἔροσ2	e)/ros	urn:cite2:hmt:lsj.chicago_md:n42651	n-p---nv-
τἄρα	ta)/ra	ἔροσ2	e)/ros	urn:cite2:hmt:lsj.chicago_md:n42650	n-p---na-
τἄρα	ta)/ra	ἔροσ2	e)/ros	urn:cite2:hmt:lsj.chicago_md:n42651	n-p---na-
τἄρα	ta)/ra	ἐράω1	e)ra/w	urn:cite2:hmt:lsj.chicago_md:n42155	v2spma---
τἄρα	ta)/ra	ἐράω1	e)ra/w	urn:cite2:hmt:lsj.chicago_md:n42156	v2spma---
τἄρα	ta)/ra	ἐράω2	e)ra/w	urn:cite2:hmt:lsj.chicago_md:n42155	v2spma---
τἄρα	ta)/ra	ἐράω2	e)ra/w	urn:cite2:hmt:lsj.chicago_md:n42156	v2spma---
τἠμῇ	th)mh=|	ἐμέω	e)me/w	urn:cite2:hmt:lsj.chicago_md:n34111	v2sfim---
τἠμῇ	th)mh=|	ἐμέω	e)me/w	urn:cite2:hmt:lsj.chicago_md:n34111	v2spse---
τἠμῇ	th)mh=|	ἐμέω	e)me/w	urn:cite2:hmt:lsj.chicago_md:n34111	v2spie---
τἠμῇ	th)mh=|	ἐμέω	e)me/w	urn:cite2:hmt:lsj.chicago_md:n34111	v3spsa---
τἠμῇ	th)mh=|	ἐμός	e)mo/s	urn:cite2:hmt:lsj.chicago_md:n34194	a-s---fd-
τὠμῷ	tw)mw=|	ἁμόσ1	a(mo/s	urn:cite2:hmt:lsj.chicago_md:n5446	a-s---md-
τὠμῷ	tw)mw=|	ἁμόσ1	a(mo/s	urn:cite2:hmt:lsj.chicago_md:n5447	a-s---md-
τὠμῷ	tw)mw=|	ἁμόσ1	a(mo/s	urn:cite2:hmt:lsj.chicago_md:n5446	a-s---nd-
τὠμῷ	tw)mw=|	ἁμόσ1	a(mo/s	urn:cite2:hmt:lsj.chicago_md:n5447	a-s---nd-
τὠμῷ	tw)mw=|	ἀμάω1	a)ma/w	urn:cite2:hmt:lsj.chicago_md:n5011	v3spoa---
τὠμῷ	tw)mw=|	ἀμάω1	a)ma/w	urn:cite2:hmt:lsj.chicago_md:n5012	v3spoa---
τὠμῷ	tw)mw=|	ἐμός	e)mo/s	urn:cite2:hmt:lsj.chicago_md:n34194	a-s---md-
τὠμῷ	tw)mw=|	ἐμός	e)mo/s	urn:cite2:hmt:lsj.chicago_md:n34194	a-s---nd-
τὠμῷ	tw)mw=|	ἡμός	h(mo/s	urn:cite2:hmt:lsj.chicago_md:n47379	a-s---md-
τὠμῷ	tw)mw=|	ἡμός	h(mo/s	urn:cite2:hmt:lsj.chicago_md:n47379	a-s---nd-
τὠμῷ	tw)mw=|	ἡμός	h(mo/s	urn:cite2:hmt:lsj.chicago_md:n47379	a-s---md-
τὠμῷ	tw)mw=|	ἡμός	h(mo/s	urn:cite2:hmt:lsj.chicago_md:n47379	a-s---nd-
τὠμῷ	tw)mw=|	ὀμάζω	o)ma/zw	urn:cite2:hmt:lsj.chicago_md:n73381	v3sfoa---
τὠμῷ	tw)mw=|	ὠμός	w)mo/s	urn:cite2:hmt:lsj.chicago_md:n116219	a-s---md-
τὠμῷ	tw)mw=|	ὠμός	w)mo/s	urn:cite2:hmt:lsj.chicago_md:n116219	a-s---nd-
τά	ta/	ὁ	o(	urn:cite2:hmt:lsj.chicago_md:n71882	l-p---na-
τά	ta/	ὁ	o(	urn:cite2:hmt:lsj.chicago_md:n71882	l-p---nn-
τά	ta/	ὁ	o(	urn:cite2:hmt:lsj.chicago_md:n71882	l-p---nv-
τά	ta/	ὁ	o(	urn:cite2:hmt:lsj.chicago_md:n71882	l-p---na-
τά	ta/	ὁ	o(	urn:cite2:hmt:lsj.chicago_md:n71882	l-d---fa-
τά	ta/	ὁ	o(	urn:cite2:hmt:lsj.chicago_md:n71882	l-d---fn-
τά	ta/	ὁ	o(	urn:cite2:hmt:lsj.chicago_md:n71882	l-d---fv-
τά	ta/	ὁ	o(	urn:cite2:hmt:lsj.chicago_md:n71882	l-d---fa-
τά	ta/	τίς	ti/s	urn:cite2:hmt:lsj.chicago_md:n104051a	n-p---nn-
τά	ta/	τίς	ti/s	urn:cite2:hmt:lsj.chicago_md:n104051a	n-p---nv-
τά	ta/	τίς	ti/s	urn:cite2:hmt:lsj.chicago_md:n104051a	n-p---na-
τάδε	ta/de	ὅδε	o(/de	urn:cite2:hmt:lsj.chicago_md:n72010	n-p---na-
τάδε	ta/de	ὅδε	o(/de	urn:cite2:hmt:lsj.chicago_md:n72010	n-p---nn-
τάδε	ta/de	ὅδε	o(/de	urn:cite2:hmt:lsj.chicago_md:n72010	n-d---fa-
τάδε	ta/de	ὅδε	o(/de	urn:cite2:hmt:lsj.chicago_md:n72010	n-d---fn-
τάδε	ta/de	ὅδε	o(/de	urn:cite2:hmt:lsj.chicago_md:n72010	n-d---fv-
τάλαινα	ta/laina	τάλας	ta/las	urn:cite2:hmt:lsj.chicago_md:n102242	a-s---fn-
τάλαινα	ta/laina	τάλας	ta/las	urn:cite2:hmt:lsj.chicago_md:n102242	a-s---fv-
τάλαινά	ta/laina/	τάλας	ta/las	urn:cite2:hmt:lsj.chicago_md:n102242	a-s---fn-
τάλαινά	ta/laina/	τάλας	ta/las	urn:cite2:hmt:lsj.chicago_md:n102242	a-s---fv-
τάλαιν’	ta/lain'	τάλας	ta/las	urn:cite2:hmt:lsj.chicago_md:n102242	a-s---fn-
τάλαιν’	ta/lain'	τάλας	ta/las	urn:cite2:hmt:lsj.chicago_md:n102242	a-s---fv-
τάλαιν’	ta/lain'	τάλας	ta/las	urn:cite2:hmt:lsj.chicago_md:n102242	a-p---fn-
τάλαιν’	ta/lain'	τάλας	ta/las	urn:cite2:hmt:lsj.chicago_md:n102242	a-p---fv-
τάν	ta/n	ὁ	o(	urn:cite2:hmt:lsj.chicago_md:n71882	l-s---fa-
τάνδ’	ta/nd'	ὅδε	o(/de	urn:cite2:hmt:lsj.chicago_md:n72010	n-s---fa-
τάς	ta/s	ὁ	o(	urn:cite2:hmt:lsj.chicago_md:n71882	l-p---fa-
τάφῳ	ta/fw|	τάφοσ1	ta/fos	urn:cite2:hmt:lsj.chicago_md:n102652	n-s---md-
τάφῳ	ta/fw|	τάφοσ1	ta/fos	urn:cite2:hmt:lsj.chicago_md:n102653	n-s---md-
τέ	te/	σύ	su/	urn:cite2:hmt:lsj.chicago_md:n97456	p-s----a-
τέ	te/	τε	te	urn:cite2:hmt:lsj.chicago_md:n102752	g--------
τέγγουσ’	te/ggous'	τέγγω	te/ggw	urn:cite2:hmt:lsj.chicago_md:n102759	v-sppafn-
τέγγουσ’	te/ggous'	τέγγω	te/ggw	urn:cite2:hmt:lsj.chicago_md:n102759	v-sppafv-
τέγγουσ’	te/ggous'	τέγγω	te/ggw	urn:cite2:hmt:lsj.chicago_md:n102759	v-pppamd-
τέγγουσ’	te/ggous'	τέγγω	te/ggw	urn:cite2:hmt:lsj.chicago_md:n102759	v-pppand-
τέγγουσ’	te/ggous'	τέγγω	te/ggw	urn:cite2:hmt:lsj.chicago_md:n102759	v3ppia---
τέγγουσ’	te/ggous'	τέγγω	te/ggw	urn:cite2:hmt:lsj.chicago_md:n102759	v-pppafn-
τέγγουσ’	te/ggous'	τέγγω	te/ggw	urn:cite2:hmt:lsj.chicago_md:n102759	v-pppafv-
τέκνα	te/kna	τέκνον	te/knon	urn:cite2:hmt:lsj.chicago_md:n102869	n-p---nn-
τέκνα	te/kna	τέκνον	te/knon	urn:cite2:hmt:lsj.chicago_md:n102869	n-p---nv-
τέκνα	te/kna	τέκνον	te/knon	urn:cite2:hmt:lsj.chicago_md:n102869	n-p---na-
τέκνοις	te/knois	τέκνον	te/knon	urn:cite2:hmt:lsj.chicago_md:n102869	n-p---nd-
τέκνον	te/knon	τέκνον	te/knon	urn:cite2:hmt:lsj.chicago_md:n102869	n-s---nn-
τέκνον	te/knon	τέκνον	te/knon	urn:cite2:hmt:lsj.chicago_md:n102869	n-s---nv-
τέκνον	te/knon	τέκνον	te/knon	urn:cite2:hmt:lsj.chicago_md:n102869	n-s---na-
τέκνου	te/knou	τέκνον	te/knon	urn:cite2:hmt:lsj.chicago_md:n102869	n-s---ng-
τέκνου	te/knou	τεκνόω	tekno/w	urn:cite2:hmt:lsj.chicago_md:n102892	v2spma---
τέκνου	te/knou	τεκνόω	tekno/w	urn:cite2:hmt:lsj.chicago_md:n102892	v3siia---
τέκνων	te/knwn	τέκνον	te/knon	urn:cite2:hmt:lsj.chicago_md:n102869	n-p---ng-
τέκνων	te/knwn	τεκνόω	tekno/w	urn:cite2:hmt:lsj.chicago_md:n102892	v3piia---
τέκνων	te/knwn	τεκνόω	tekno/w	urn:cite2:hmt:lsj.chicago_md:n102892	v1siia---
τέκνῳ	te/knw|	τέκνον	te/knon	urn:cite2:hmt:lsj.chicago_md:n102869	n-s---nd-
τέκν’	te/kn'	τέκνον	te/knon	urn:cite2:hmt:lsj.chicago_md:n102869	n-p---nn-
τέκν’	te/kn'	τέκνον	te/knon	urn:cite2:hmt:lsj.chicago_md:n102869	n-p---nv-
τέκν’	te/kn'	τέκνον	te/knon	urn:cite2:hmt:lsj.chicago_md:n102869	n-p---na-
τέλεον	te/leon	τέλειος	te/leios	urn:cite2:hmt:lsj.chicago_md:n102930	a-s---ma-
τέλεον	te/leon	τέλειος	te/leios	urn:cite2:hmt:lsj.chicago_md:n102930	a-s---nn-
τέλεον	te/leon	τέλειος	te/leios	urn:cite2:hmt:lsj.chicago_md:n102930	a-s---nv-
τέλεον	te/leon	τέλειος	te/leios	urn:cite2:hmt:lsj.chicago_md:n102930	a-s---na-
τέλεον	te/leon	τέλειος	te/leios	urn:cite2:hmt:lsj.chicago_md:n102930	n-s---ma-
τέλεον	te/leon	τέλειος	te/leios	urn:cite2:hmt:lsj.chicago_md:n102930	n-s---fa-
τέλεον	te/leon	τέλειος	te/leios	urn:cite2:hmt:lsj.chicago_md:n102930	n-s---nn-
τέλεον	te/leon	τέλειος	te/leios	urn:cite2:hmt:lsj.chicago_md:n102930	n-s---nv-
τέλεον	te/leon	τέλειος	te/leios	urn:cite2:hmt:lsj.chicago_md:n102930	n-s---na-
τέλεον	te/leon	τελέω	tele/w	urn:cite2:hmt:lsj.chicago_md:n102995	v3piia---
τέλεον	te/leon	τελέω	tele/w	urn:cite2:hmt:lsj.chicago_md:n102995	v1siia---
τέλος	te/los	τέλος	te/los	urn:cite2:hmt:lsj.chicago_md:n103012	n-s---nn-
τέλος	te/los	τέλος	te/los	urn:cite2:hmt:lsj.chicago_md:n103012	n-s---nv-
τέλος	te/los	τέλος	te/los	urn:cite2:hmt:lsj.chicago_md:n103012	n-s---na-
τέρας	te/ras	τέρας	te/ras	urn:cite2:hmt:lsj.chicago_md:n103102	n-s---nn-
τέρας	te/ras	τέρας	te/ras	urn:cite2:hmt:lsj.chicago_md:n103102	n-s---nv-
τέρας	te/ras	τέρας	te/ras	urn:cite2:hmt:lsj.chicago_md:n103102	n-s---na-
τέρψει	te/ryei	τέρπω	te/rpw	urn:cite2:hmt:lsj.chicago_md:n103190	v3sasa---
τέρψει	te/ryei	τέρπω	te/rpw	urn:cite2:hmt:lsj.chicago_md:n103190	v2sfim---
τέρψει	te/ryei	τέρπω	te/rpw	urn:cite2:hmt:lsj.chicago_md:n103190	v3sfia---
τέρψει	te/ryei	τέρψις	te/ryis	urn:cite2:hmt:lsj.chicago_md:n103209	n-d---fn-
τέρψει	te/ryei	τέρψις	te/ryis	urn:cite2:hmt:lsj.chicago_md:n103209	n-d---fv-
τέρψει	te/ryei	τέρψις	te/ryis	urn:cite2:hmt:lsj.chicago_md:n103209	n-d---fa-
τέρψει	te/ryei	τέρψις	te/ryis	urn:cite2:hmt:lsj.chicago_md:n103209	n-s---fd-
τέρψει	te/ryei	τέρψις	te/ryis	urn:cite2:hmt:lsj.chicago_md:n103209	n-s---fd-
τέρψω	te/ryw	τέρπω	te/rpw	urn:cite2:hmt:lsj.chicago_md:n103190	v1sasa---
τέρψω	te/ryw	τέρπω	te/rpw	urn:cite2:hmt:lsj.chicago_md:n103190	v1sfia---
τέρψω	te/ryw	τέρπω	te/rpw	urn:cite2:hmt:lsj.chicago_md:n103190	v2saim---
τέσσαρες	te/ssares	τέσσαρες	te/ssares	urn:cite2:hmt:lsj.chicago_md:n103248	n-p---mn-
τέσσαρες	te/ssares	τέσσαρες	te/ssares	urn:cite2:hmt:lsj.chicago_md:n103248	n-p---mv-
τέσσαρες	te/ssares	τέσσαρες	te/ssares	urn:cite2:hmt:lsj.chicago_md:n103248	n-p---fn-
τέσσαρες	te/ssares	τέσσαρες	te/ssares	urn:cite2:hmt:lsj.chicago_md:n103248	n-p---fv-
τέχνην	te/xnhn	τέχνη	te/xnh	urn:cite2:hmt:lsj.chicago_md:n103701	n-s---fa-
τέχνης	te/xnhs	τέχνη	te/xnh	urn:cite2:hmt:lsj.chicago_md:n103701	n-s---fg-
τήν	th/n	ὁ	o(	urn:cite2:hmt:lsj.chicago_md:n71882	l-s---fa-
τήνδε	th/nde	ὅδε	o(/de	urn:cite2:hmt:lsj.chicago_md:n72010	n-s---fa-
τήνδ’	th/nd'	ὅδε	o(/de	urn:cite2:hmt:lsj.chicago_md:n72010	n-s---fa-
τί	ti/	τίς	ti/s	urn:cite2:hmt:lsj.chicago_md:n104051a	n-s---nn-
τί	ti/	τίς	ti/s	urn:cite2:hmt:lsj.chicago_md:n104051a	n-s---nv-
τί	ti/	τίς	ti/s	urn:cite2:hmt:lsj.chicago_md:n104051a	n-s---na-
τί	ti/	τις	tis	urn:cite2:hmt:lsj.chicago_md:n104051	p-s---nn-
τί	ti/	τις	tis	urn:cite2:hmt:lsj.chicago_md:n104051	p-s---nv-
τί	ti/	τις	tis	urn:cite2:hmt:lsj.chicago_md:n104051	p-s---na-
τίθημι	ti/qhmi	τίθημι	ti/qhmi	urn:cite2:hmt:lsj.chicago_md:n103922	v1spia---
τίθης	ti/qhs	τίθημι	ti/qhmi	urn:cite2:hmt:lsj.chicago_md:n103922	v2spia---
τίθης	ti/qhs	τίθημι	ti/qhmi	urn:cite2:hmt:lsj.chicago_md:n103922	v2siia---
τίθησι	ti/qhsi	τίθημι	ti/qhmi	urn:cite2:hmt:lsj.chicago_md:n103922	v3spia---
τίκτει	ti/ktei	τίκτω	ti/ktw	urn:cite2:hmt:lsj.chicago_md:n103942	v2spie---
τίκτει	ti/ktei	τίκτω	ti/ktw	urn:cite2:hmt:lsj.chicago_md:n103942	v3spia---
τίκτω	ti/ktw	τίκτω	ti/ktw	urn:cite2:hmt:lsj.chicago_md:n103942	v1spsa---
τίκτω	ti/ktw	τίκτω	ti/ktw	urn:cite2:hmt:lsj.chicago_md:n103942	v1spia---
τίνα	ti/na	τίς	ti/s	urn:cite2:hmt:lsj.chicago_md:n104051a	n-s---ma-
τίνα	ti/na	τίς	ti/s	urn:cite2:hmt:lsj.chicago_md:n104051a	n-s---fa-
τίνα	ti/na	τίς	ti/s	urn:cite2:hmt:lsj.chicago_md:n104051a	n-p---nn-
τίνα	ti/na	τίς	ti/s	urn:cite2:hmt:lsj.chicago_md:n104051a	n-p---nv-
τίνα	ti/na	τίς	ti/s	urn:cite2:hmt:lsj.chicago_md:n104051a	n-p---na-
τίνα	ti/na	τις	tis	urn:cite2:hmt:lsj.chicago_md:n104051	p-s---ma-
τίνα	ti/na	τις	tis	urn:cite2:hmt:lsj.chicago_md:n104051	p-s---fa-
τίνα	ti/na	τις	tis	urn:cite2:hmt:lsj.chicago_md:n104051	p-p---nn-
τίνα	ti/na	τις	tis	urn:cite2:hmt:lsj.chicago_md:n104051	p-p---nv-
τίνα	ti/na	τις	tis	urn:cite2:hmt:lsj.chicago_md:n104051	p-p---na-
τίνας	ti/nas	τίς	ti/s	urn:cite2:hmt:lsj.chicago_md:n104051a	n-p---ma-
τίνας	ti/nas	τίς	ti/s	urn:cite2:hmt:lsj.chicago_md:n104051a	n-p---fa-
τίνας	ti/nas	τις	tis	urn:cite2:hmt:lsj.chicago_md:n104051	p-p---ma-
τίνας	ti/nas	τις	tis	urn:cite2:hmt:lsj.chicago_md:n104051	p-p---fa-
τίνι	ti/ni	τίς	ti/s	urn:cite2:hmt:lsj.chicago_md:n104051a	n-s----d-
τίνι	ti/ni	τις	tis	urn:cite2:hmt:lsj.chicago_md:n104051	p-s----d-
τίνοντες	ti/nontes	τίνω	ti/nw	urn:cite2:hmt:lsj.chicago_md:n104040	v-pppamn-
τίνοντες	ti/nontes	τίνω	ti/nw	urn:cite2:hmt:lsj.chicago_md:n104040	v-pppamv-
τίνοντες	ti/nontes	τίνω	ti/nw	urn:cite2:hmt:lsj.chicago_md:n104040	v-pppamn-
τίνοντες	ti/nontes	τίνω	ti/nw	urn:cite2:hmt:lsj.chicago_md:n104040	v-pppamv-
τίνος	ti/nos	τίς	ti/s	urn:cite2:hmt:lsj.chicago_md:n104051a	n-s----g-
τίνος	ti/nos	τις	tis	urn:cite2:hmt:lsj.chicago_md:n104051	p-s----g-
τίνων	ti/nwn	τίνω	ti/nw	urn:cite2:hmt:lsj.chicago_md:n104040	v-sppamn-
τίνων	ti/nwn	τίνω	ti/nw	urn:cite2:hmt:lsj.chicago_md:n104040	v-sppamn-
τίνων	ti/nwn	τίς	ti/s	urn:cite2:hmt:lsj.chicago_md:n104051a	n-p----g-
τίνων	ti/nwn	τις	tis	urn:cite2:hmt:lsj.chicago_md:n104051	p-p----g-
τίς	ti/s	τίς	ti/s	urn:cite2:hmt:lsj.chicago_md:n104051a	n-s---mn-
τίς	ti/s	τίς	ti/s	urn:cite2:hmt:lsj.chicago_md:n104051a	n-s---fn-
τίς	ti/s	τις	tis	urn:cite2:hmt:lsj.chicago_md:n104051	p-s---mn-
τίς	ti/s	τις	tis	urn:cite2:hmt:lsj.chicago_md:n104051	p-s---fn-
τό	to/	ὁ	o(	urn:cite2:hmt:lsj.chicago_md:n71882	l-s---nn-
τό	to/	ὁ	o(	urn:cite2:hmt:lsj.chicago_md:n71882	l-s---nv-
τό	to/	ὁ	o(	urn:cite2:hmt:lsj.chicago_md:n71882	l-s---na-
τόδε	to/de	ὅδε	o(/de	urn:cite2:hmt:lsj.chicago_md:n72010	n-s---nn-
τόδε	to/de	ὅδε	o(/de	urn:cite2:hmt:lsj.chicago_md:n72010	n-s---nv-
τόδε	to/de	ὅδε	o(/de	urn:cite2:hmt:lsj.chicago_md:n72010	n-s---na-
τόδ’	to/d'	ὅδε	o(/de	urn:cite2:hmt:lsj.chicago_md:n72010	n-s---nn-
τόδ’	to/d'	ὅδε	o(/de	urn:cite2:hmt:lsj.chicago_md:n72010	n-s---nv-
τόδ’	to/d'	ὅδε	o(/de	urn:cite2:hmt:lsj.chicago_md:n72010	n-s---na-
τόκους	to/kous	τόκος	to/kos	urn:cite2:hmt:lsj.chicago_md:n104221	n-p---ma-
τόλμα	to/lma	τόλμα	to/lma	urn:cite2:hmt:lsj.chicago_md:n104224	n-d---fn-
τόλμα	to/lma	τόλμα	to/lma	urn:cite2:hmt:lsj.chicago_md:n104224	n-d---fv-
τόλμα	to/lma	τόλμα	to/lma	urn:cite2:hmt:lsj.chicago_md:n104224	n-d---fa-
τόλμα	to/lma	τόλμα	to/lma	urn:cite2:hmt:lsj.chicago_md:n104224	n-s---fn-
τόλμα	to/lma	τόλμα	to/lma	urn:cite2:hmt:lsj.chicago_md:n104224	n-s---fv-
τόλμα	to/lma	τολμάω	tolma/w	urn:cite2:hmt:lsj.chicago_md:n104225	v2spma---
τόλμα	to/lma	τολμάω	tolma/w	urn:cite2:hmt:lsj.chicago_md:n104225	v3siia---
τόλμας	to/lmas	τόλμα	to/lma	urn:cite2:hmt:lsj.chicago_md:n104224	n-p---fa-
τόλμας	to/lmas	τόλμα	to/lma	urn:cite2:hmt:lsj.chicago_md:n104224	n-s---fg-
τόλμας	to/lmas	τολμάω	tolma/w	urn:cite2:hmt:lsj.chicago_md:n104225	v2siia---
τόλμης	to/lmhs	τόλμα	to/lma	urn:cite2:hmt:lsj.chicago_md:n104224	n-s---fg-
τόλμης	to/lmhs	τολμάω	tolma/w	urn:cite2:hmt:lsj.chicago_md:n104225	v2spia---
τόλμης	to/lmhs	τολμάω	tolma/w	urn:cite2:hmt:lsj.chicago_md:n104225	v2siia---
τόλμησον	to/lmhson	τολμάω	tolma/w	urn:cite2:hmt:lsj.chicago_md:n104225	v2sama---
τόν	to/n	ὁ	o(	urn:cite2:hmt:lsj.chicago_md:n71882	l-s---ma-
τόνδε	to/nde	ὅδε	o(/de	urn:cite2:hmt:lsj.chicago_md:n72010	n-s---ma-
τόνδε	to/nde	ὅδε	o(/de	urn:cite2:hmt:lsj.chicago_md:n72010	n-s---na-
τόξα	to/ca	τόξον	to/con	urn:cite2:hmt:lsj.chicago_md:n104311	n-p---nn-
τόξα	to/ca	τόξον	to/con	urn:cite2:hmt:lsj.chicago_md:n104311	n-p---nv-
τόξα	to/ca	τόξον	to/con	urn:cite2:hmt:lsj.chicago_md:n104311	n-p---na-
τόξοις	to/cois	τόξον	to/con	urn:cite2:hmt:lsj.chicago_md:n104311	n-p---nd-
τόξοισιν	to/coisin	τόξον	to/con	urn:cite2:hmt:lsj.chicago_md:n104311	n-p---nd-
τόξων	to/cwn	τόξον	to/con	urn:cite2:hmt:lsj.chicago_md:n104311	n-p---ng-
τότε	to/te	τότε	to/te	urn:cite2:hmt:lsj.chicago_md:n104429	d--------
τότ’	to/t'	τότε	to/te	urn:cite2:hmt:lsj.chicago_md:n104429	d--------
τύμβευμ’	tu/mbeum'	τύμβευμα	tu/mbeuma	urn:cite2:hmt:lsj.chicago_md:n105872	n-s---nn-
τύμβευμ’	tu/mbeum'	τύμβευμα	tu/mbeuma	urn:cite2:hmt:lsj.chicago_md:n105872	n-s---nv-
τύμβευμ’	tu/mbeum'	τύμβευμα	tu/mbeuma	urn:cite2:hmt:lsj.chicago_md:n105872	n-s---na-
τύραννος	tu/rannos	τύραννος	tu/rannos	urn:cite2:hmt:lsj.chicago_md:n105974	n-s---mn-
τύχαι	tu/xai	τύχη	tu/xh	urn:cite2:hmt:lsj.chicago_md:n106094	n-p---fn-
τύχαι	tu/xai	τύχη	tu/xh	urn:cite2:hmt:lsj.chicago_md:n106094	n-p---fv-
τύχαι	tu/xai	τύχη	tu/xh	urn:cite2:hmt:lsj.chicago_md:n106094	n-s---fd-
τύχαν	tu/xan	τύχη	tu/xh	urn:cite2:hmt:lsj.chicago_md:n106094	n-s---fa-
τύχη	tu/xh	τύχη	tu/xh	urn:cite2:hmt:lsj.chicago_md:n106094	n-s---fn-
τύχη	tu/xh	τύχη	tu/xh	urn:cite2:hmt:lsj.chicago_md:n106094	n-s---fv-
τύχην	tu/xhn	τύχη	tu/xh	urn:cite2:hmt:lsj.chicago_md:n106094	n-s---fa-
τύχης	tu/xhs	τύχη	tu/xh	urn:cite2:hmt:lsj.chicago_md:n106094	n-s---fg-
τύχοι	tu/xoi	τύχος	tu/xos	urn:cite2:hmt:lsj.chicago_md:n106101	n-p---mn-
τύχοι	tu/xoi	τύχος	tu/xos	urn:cite2:hmt:lsj.chicago_md:n106101	n-p---mv-
τύχοι	tu/xoi	τυγχάνω	tugxa/nw	urn:cite2:hmt:lsj.chicago_md:n105829	v3saoa---
τύχοις	tu/xois	τύχος	tu/xos	urn:cite2:hmt:lsj.chicago_md:n106101	n-p---md-
τύχοις	tu/xois	τυγχάνω	tugxa/nw	urn:cite2:hmt:lsj.chicago_md:n105829	v2saoa---
τύχῃ	tu/xh|	τύχη	tu/xh	urn:cite2:hmt:lsj.chicago_md:n106094	n-s---fd-
τύχῃ	tu/xh|	τυγχάνω	tugxa/nw	urn:cite2:hmt:lsj.chicago_md:n105829	v2sase---
τύχῃ	tu/xh|	τυγχάνω	tugxa/nw	urn:cite2:hmt:lsj.chicago_md:n105829	v3sasa---
τᾶς	ta=s	ὁ	o(	urn:cite2:hmt:lsj.chicago_md:n71882	l-s---fg-
τᾶσδ’	ta=sd'	ὅδε	o(/de	urn:cite2:hmt:lsj.chicago_md:n72010	n-s---fg-
τῆς	th=s	ὁ	o(	urn:cite2:hmt:lsj.chicago_md:n71882	l-s---fg-
τῆσδε	th=sde	ὅδε	o(/de	urn:cite2:hmt:lsj.chicago_md:n72010	n-s---fg-
τῆσδέ	th=sde/	ὅδε	o(/de	urn:cite2:hmt:lsj.chicago_md:n72010	n-s---fg-
τῇ	th=|	ὁ	o(	urn:cite2:hmt:lsj.chicago_md:n71882	l-s---fd-
τῇ	th=|	τῇ	th=|	urn:cite2:hmt:lsj.chicago_md:n103745	d--------
τῇδέ	th=|de/	ὅδε	o(/de	urn:cite2:hmt:lsj.chicago_md:n72010	n-s---fd-
τῇδ’	th=|d'	ὅδε	o(/de	urn:cite2:hmt:lsj.chicago_md:n72010	n-s---fd-
τῳ	tw|	τις	tis	urn:cite2:hmt:lsj.chicago_md:n104051	p-s----d-
τῶν	tw=n	ὁ	o(	urn:cite2:hmt:lsj.chicago_md:n71882	l-p---fg-
τῶν	tw=n	ὁ	o(	urn:cite2:hmt:lsj.chicago_md:n71882	l-p---mg-
τῶν	tw=n	ὁ	o(	urn:cite2:hmt:lsj.chicago_md:n71882	l-p---ng-
τῶνδε	tw=nde	ὅδε	o(/de	urn:cite2:hmt:lsj.chicago_md:n72010	n-p---fg-
τῶνδε	tw=nde	ὅδε	o(/de	urn:cite2:hmt:lsj.chicago_md:n72010	n-p---mg-
τῶνδε	tw=nde	ὅδε	o(/de	urn:cite2:hmt:lsj.chicago_md:n72010	n-p---ng-
τῶνδέ	tw=nde/	ὅδε	o(/de	urn:cite2:hmt:lsj.chicago_md:n72010	n-p---fg-
τῶνδέ	tw=nde/	ὅδε	o(/de	urn:cite2:hmt:lsj.chicago_md:n72010	n-p---mg-
τῶνδέ	tw=nde/	ὅδε	o(/de	urn:cite2:hmt:lsj.chicago_md:n72010	n-p---ng-
τῶνδ’	tw=nd'	ὅδε	o(/de	urn:cite2:hmt:lsj.chicago_md:n72010	n-p---fg-
τῶνδ’	tw=nd'	ὅδε	o(/de	urn:cite2:hmt:lsj.chicago_md:n72010	n-p---mg-
τῶνδ’	tw=nd'	ὅδε	o(/de	urn:cite2:hmt:lsj.chicago_md:n72010	n-p---ng-
τῷ	tw=|	ὁ	o(	urn:cite2:hmt:lsj.chicago_md:n71882	l-s---md-
τῷ	tw=|	ὁ	o(	urn:cite2:hmt:lsj.chicago_md:n71882	l-s---nd-
τῷ	tw=|	τίς	ti/s	urn:cite2:hmt:lsj.chicago_md:n104051a	n-s----d-
τῷ	tw=|	τις	tis	urn:cite2:hmt:lsj.chicago_md:n104051	p-s----d-
τῷ	tw=|	τῷ	tw=|	urn:cite2:hmt:lsj.chicago_md:n106104	d--------
τῷδε	tw=|de	ὅδε	o(/de	urn:cite2:hmt:lsj.chicago_md:n72010	n-s---md-
τῷδε	tw=|de	ὅδε	o(/de	urn:cite2:hmt:lsj.chicago_md:n72010	n-s---nd-
φαενναῖς	faennai=s	φαεινός	faeino/s	urn:cite2:hmt:lsj.chicago_md:n110068	a-p---fd-
φανερά	fanera/	φανερός	fanero/s	urn:cite2:hmt:lsj.chicago_md:n110243	a-p---nn-
φανερά	fanera/	φανερός	fanero/s	urn:cite2:hmt:lsj.chicago_md:n110243	a-p---nv-
φανερά	fanera/	φανερός	fanero/s	urn:cite2:hmt:lsj.chicago_md:n110243	a-p---na-
φανερά	fanera/	φανερός	fanero/s	urn:cite2:hmt:lsj.chicago_md:n110243	a-d---fn-
φανερά	fanera/	φανερός	fanero/s	urn:cite2:hmt:lsj.chicago_md:n110243	a-d---fv-
φανερά	fanera/	φανερός	fanero/s	urn:cite2:hmt:lsj.chicago_md:n110243	a-d---fa-
φανερά	fanera/	φανερός	fanero/s	urn:cite2:hmt:lsj.chicago_md:n110243	a-s---fn-
φανερά	fanera/	φανερός	fanero/s	urn:cite2:hmt:lsj.chicago_md:n110243	a-s---fv-
φανερά	fanera/	φανερός	fanero/s	urn:cite2:hmt:lsj.chicago_md:n110243	n-p---nn-
φανερά	fanera/	φανερός	fanero/s	urn:cite2:hmt:lsj.chicago_md:n110243	n-p---nv-
φανερά	fanera/	φανερός	fanero/s	urn:cite2:hmt:lsj.chicago_md:n110243	n-p---na-
φανείς	fanei/s	φαίνω	fai/nw	urn:cite2:hmt:lsj.chicago_md:n110114	v-sappmn-
φανείς	fanei/s	φαίνω	fai/nw	urn:cite2:hmt:lsj.chicago_md:n110114	v-sappmv-
φαντάζομαι	fanta/zomai	φαντάζω	fanta/zw	urn:cite2:hmt:lsj.chicago_md:n110261	v1spie---
φανάς	fana/s	φανή	fanh/	urn:cite2:hmt:lsj.chicago_md:n110249	n-p---fa-
φανάς	fana/s	φανόσ1	fano/s	urn:cite2:hmt:lsj.chicago_md:n110257	a-p---fa-
φανάς	fana/s	φανόσ1	fano/s	urn:cite2:hmt:lsj.chicago_md:n110258	a-p---fa-
φαρμάκοις	farma/kois	φάρμακον	fa/rmakon	urn:cite2:hmt:lsj.chicago_md:n110341	n-p---nd-
φαρμάκοις	farma/kois	φάρμακος	fa/rmakos	urn:cite2:hmt:lsj.chicago_md:n110349	n-p---md-
φαρμάκοισι	farma/koisi	φάρμακον	fa/rmakon	urn:cite2:hmt:lsj.chicago_md:n110341	n-p---nd-
φαρμάκοισι	farma/koisi	φάρμακος	fa/rmakos	urn:cite2:hmt:lsj.chicago_md:n110349	n-p---md-
φαρμάκων	farma/kwn	φάρμακον	fa/rmakon	urn:cite2:hmt:lsj.chicago_md:n110341	n-p---ng-
φαρμάκων	farma/kwn	φάρμακος	fa/rmakos	urn:cite2:hmt:lsj.chicago_md:n110349	n-p---mg-
φαρμάκων	farma/kwn	φαρμακάω	farmaka/w	urn:cite2:hmt:lsj.chicago_md:n110317	v3piia---
φαρμάκων	farma/kwn	φαρμακάω	farmaka/w	urn:cite2:hmt:lsj.chicago_md:n110317	v1siia---
φασι	fasi	φημί	fhmi/	urn:cite2:hmt:lsj.chicago_md:n110639	v3ppia---
φασι	fasi	φημί	fhmi/	urn:cite2:hmt:lsj.chicago_md:n110639	v3spia---
φασμάτων	fasma/twn	φάσμα	fa/sma	urn:cite2:hmt:lsj.chicago_md:n110409	n-p---ng-
φαίημεν	fai/hmen	φημί	fhmi/	urn:cite2:hmt:lsj.chicago_md:n110639	v1ppoa---
φαίνεται	fai/netai	φαίνω	fai/nw	urn:cite2:hmt:lsj.chicago_md:n110114	v3spie---
φαύλως	fau/lws	φαῦλος	fau=los	urn:cite2:hmt:lsj.chicago_md:n110456	x--------
φαύλως	fau/lws	φαῦλος	fau=los	urn:cite2:hmt:lsj.chicago_md:n110456	a-p---ma-
φαύλως	fau/lws	φαῦλος	fau=los	urn:cite2:hmt:lsj.chicago_md:n110456	x--------
φαύλως	fau/lws	φαῦλος	fau=los	urn:cite2:hmt:lsj.chicago_md:n110456	n-p---ma-
φαύλως	fau/lws	φαῦλος	fau=los	urn:cite2:hmt:lsj.chicago_md:n110456	n-p---fa-
φαῦλον	fau=lon	φαῦλος	fau=los	urn:cite2:hmt:lsj.chicago_md:n110456	a-s---ma-
φαῦλον	fau=lon	φαῦλος	fau=los	urn:cite2:hmt:lsj.chicago_md:n110456	a-s---nn-
φαῦλον	fau=lon	φαῦλος	fau=los	urn:cite2:hmt:lsj.chicago_md:n110456	a-s---nv-
φαῦλον	fau=lon	φαῦλος	fau=los	urn:cite2:hmt:lsj.chicago_md:n110456	a-s---na-
φαῦλον	fau=lon	φαῦλος	fau=los	urn:cite2:hmt:lsj.chicago_md:n110456	n-s---ma-
φαῦλον	fau=lon	φαῦλος	fau=los	urn:cite2:hmt:lsj.chicago_md:n110456	n-s---fa-
φαῦλον	fau=lon	φαῦλος	fau=los	urn:cite2:hmt:lsj.chicago_md:n110456	n-s---nn-
φαῦλον	fau=lon	φαῦλος	fau=los	urn:cite2:hmt:lsj.chicago_md:n110456	n-s---nv-
φαῦλον	fau=lon	φαῦλος	fau=los	urn:cite2:hmt:lsj.chicago_md:n110456	n-s---na-
φερνάς	ferna/s	φερνή	fernh/	urn:cite2:hmt:lsj.chicago_md:n110581	n-p---fa-
φερόντων	fero/ntwn	φέρω	fe/rw	urn:cite2:hmt:lsj.chicago_md:n110598	v-pppamg-
φερόντων	fero/ntwn	φέρω	fe/rw	urn:cite2:hmt:lsj.chicago_md:n110598	v-pppang-
φερόντων	fero/ntwn	φέρω	fe/rw	urn:cite2:hmt:lsj.chicago_md:n110598	v3ppma---
φεύγει	feu/gei	φεύγω	feu/gw	urn:cite2:hmt:lsj.chicago_md:n110606	v2spie---
φεύγει	feu/gei	φεύγω	feu/gw	urn:cite2:hmt:lsj.chicago_md:n110606	v3spia---
φεύγεις	feu/geis	φεύγω	feu/gw	urn:cite2:hmt:lsj.chicago_md:n110606	v2spia---
φεύγετε	feu/gete	φεύγω	feu/gw	urn:cite2:hmt:lsj.chicago_md:n110606	v2ppma---
φεύγετε	feu/gete	φεύγω	feu/gw	urn:cite2:hmt:lsj.chicago_md:n110606	v2ppia---
φεύγετε	feu/gete	φεύγω	feu/gw	urn:cite2:hmt:lsj.chicago_md:n110606	v2piia---
φεύγετ’	feu/get'	φεύγω	feu/gw	urn:cite2:hmt:lsj.chicago_md:n110606	v2ppma---
φεύγετ’	feu/get'	φεύγω	feu/gw	urn:cite2:hmt:lsj.chicago_md:n110606	v2ppia---
φεύγετ’	feu/get'	φεύγω	feu/gw	urn:cite2:hmt:lsj.chicago_md:n110606	v3spie---
φεύγετ’	feu/get'	φεύγω	feu/gw	urn:cite2:hmt:lsj.chicago_md:n110606	v3siie---
φεύγετ’	feu/get'	φεύγω	feu/gw	urn:cite2:hmt:lsj.chicago_md:n110606	v2piia---
φεύγωμεν	feu/gwmen	φεύγω	feu/gw	urn:cite2:hmt:lsj.chicago_md:n110606	v1ppsa---
φεῦ	feu=	φεῦ	feu=	urn:cite2:hmt:lsj.chicago_md:n110604	x--------
φησι	fhsi	φημί	fhmi/	urn:cite2:hmt:lsj.chicago_md:n110639	v3spia---
φησιν	fhsin	φημί	fhmi/	urn:cite2:hmt:lsj.chicago_md:n110639	v3spia---
φησί	fhsi/	φημί	fhmi/	urn:cite2:hmt:lsj.chicago_md:n110639	v3spia---
φθονεῖν	fqonei=n	φθονέω	fqone/w	urn:cite2:hmt:lsj.chicago_md:n110740	v--pna---
φθονεῖς	fqonei=s	φθονέω	fqone/w	urn:cite2:hmt:lsj.chicago_md:n110740	v2spia---
φθέγμ’	fqe/gm'	φθέγμα	fqe/gma	urn:cite2:hmt:lsj.chicago_md:n110666	n-s---nn-
φθέγμ’	fqe/gm'	φθέγμα	fqe/gma	urn:cite2:hmt:lsj.chicago_md:n110666	n-s---nv-
φθέγμ’	fqe/gm'	φθέγμα	fqe/gma	urn:cite2:hmt:lsj.chicago_md:n110666	n-s---na-
φιλεῖ	filei=	φιλέω	file/w	urn:cite2:hmt:lsj.chicago_md:n110979	v2spie---
φιλεῖ	filei=	φιλέω	file/w	urn:cite2:hmt:lsj.chicago_md:n110979	v3spia---
φιλοῦσά	filou=sa/	φιλέω	file/w	urn:cite2:hmt:lsj.chicago_md:n110979	v-sppafn-
φιλοῦσά	filou=sa/	φιλέω	file/w	urn:cite2:hmt:lsj.chicago_md:n110979	v-sppafv-
φιλοῦσά	filou=sa/	φιλόω	filo/w	urn:cite2:hmt:lsj.chicago_md:n111619	v-sppafn-
φιλοῦσά	filou=sa/	φιλόω	filo/w	urn:cite2:hmt:lsj.chicago_md:n111619	v-sppafv-
φιλτάτη	filta/th	φίλτατος	fi/ltatos	urn:cite2:hmt:lsj.chicago_md:n111621	a-s---fn-
φιλτάτη	filta/th	φίλτατος	fi/ltatos	urn:cite2:hmt:lsj.chicago_md:n111621	a-s---fv-
φιλτάτην	filta/thn	φίλτατος	fi/ltatos	urn:cite2:hmt:lsj.chicago_md:n111621	a-s---fa-
φιλτάτης	filta/ths	φίλτατος	fi/ltatos	urn:cite2:hmt:lsj.chicago_md:n111621	a-s---fg-
φιλῶ	filw=	φιλέω	file/w	urn:cite2:hmt:lsj.chicago_md:n110979	v1spsa---
φιλῶ	filw=	φιλέω	file/w	urn:cite2:hmt:lsj.chicago_md:n110979	v1spia---
φιλῶ	filw=	φιλόω	filo/w	urn:cite2:hmt:lsj.chicago_md:n111619	v1spsa---
φιλῶ	filw=	φιλόω	filo/w	urn:cite2:hmt:lsj.chicago_md:n111619	v1spia---
φιλῶν	filw=n	φῖλος	fi=los	urn:cite2:hmt:lsj.chicago_md:n111462	n-p---ng-
φιλῶν	filw=n	φιλέω	file/w	urn:cite2:hmt:lsj.chicago_md:n110979	v-sppamn-
φιλῶν	filw=n	φιλόω	filo/w	urn:cite2:hmt:lsj.chicago_md:n111619	v-sppamv-
φιλῶν	filw=n	φιλόω	filo/w	urn:cite2:hmt:lsj.chicago_md:n111619	v-sppann-
φιλῶν	filw=n	φιλόω	filo/w	urn:cite2:hmt:lsj.chicago_md:n111619	v-sppanv-
φιλῶν	filw=n	φιλόω	filo/w	urn:cite2:hmt:lsj.chicago_md:n111619	v-sppana-
φιλῶν	filw=n	φιλόω	filo/w	urn:cite2:hmt:lsj.chicago_md:n111619	v-sppamn-
φιλῶν	filw=n	φιλόω	filo/w	urn:cite2:hmt:lsj.chicago_md:n111619	v--pna---
φιάλας	fia/las	φιάλη	fia/lh	urn:cite2:hmt:lsj.chicago_md:n110763	n-p---fa-
φιάλας	fia/las	φιάλη	fia/lh	urn:cite2:hmt:lsj.chicago_md:n110763	n-s---fg-
φιάλας	fia/las	φιάλλω	fia/llw	urn:cite2:hmt:lsj.chicago_md:n110767	v-sapamn-
φιάλας	fia/las	φιάλλω	fia/llw	urn:cite2:hmt:lsj.chicago_md:n110767	v-sapamv-
φιάλας	fia/las	φιάλλω	fia/llw	urn:cite2:hmt:lsj.chicago_md:n110767	v-sapamn-
φιάλας	fia/las	φιάλλω	fia/llw	urn:cite2:hmt:lsj.chicago_md:n110767	v-sapamv-
φλεβός	flebo/s	φλέψ	fle/y	urn:cite2:hmt:lsj.chicago_md:n111764	n-s---fg-
φλογί	flogi/	φλόξ	flo/c	urn:cite2:hmt:lsj.chicago_md:n111844	n-s---fd-
φλογί	flogi/	φλογίς	flogi/s	urn:cite2:hmt:lsj.chicago_md:n111798	n-s---fv-
φλογός	flogo/s	φλόξ	flo/c	urn:cite2:hmt:lsj.chicago_md:n111844	n-s---fg-
φλόγα	flo/ga	φλόξ	flo/c	urn:cite2:hmt:lsj.chicago_md:n111844	n-s---fa-
φοβούμενος	fobou/menos	φοβέω	fobe/w	urn:cite2:hmt:lsj.chicago_md:n111895	v-sppemn-
φοινικοσκελεῖς	foinikoskelei=s	φοινικοσκελής	foinikoskelh/s	urn:cite2:hmt:lsj.chicago_md:n111989	n-p---ma-
φοινικοσκελεῖς	foinikoskelei=s	φοινικοσκελής	foinikoskelh/s	urn:cite2:hmt:lsj.chicago_md:n111989	n-p---fa-
φοινικοσκελεῖς	foinikoskelei=s	φοινικοσκελής	foinikoskelh/s	urn:cite2:hmt:lsj.chicago_md:n111989	n-p---mn-
φοινικοσκελεῖς	foinikoskelei=s	φοινικοσκελής	foinikoskelh/s	urn:cite2:hmt:lsj.chicago_md:n111989	n-p---mv-
φοινικοσκελεῖς	foinikoskelei=s	φοινικοσκελής	foinikoskelh/s	urn:cite2:hmt:lsj.chicago_md:n111989	n-p---fn-
φοινικοσκελεῖς	foinikoskelei=s	φοινικοσκελής	foinikoskelh/s	urn:cite2:hmt:lsj.chicago_md:n111989	n-p---fv-
φοινικοφαῆ	foinikofah=	φοινικοφαής	foinikofah/s	urn:cite2:hmt:lsj.chicago_md:n111995	n-p---nn-
φοινικοφαῆ	foinikofah=	φοινικοφαής	foinikofah/s	urn:cite2:hmt:lsj.chicago_md:n111995	n-p---nv-
φοινικοφαῆ	foinikofah=	φοινικοφαής	foinikofah/s	urn:cite2:hmt:lsj.chicago_md:n111995	n-p---na-
φοινικοφαῆ	foinikofah=	φοινικοφαής	foinikofah/s	urn:cite2:hmt:lsj.chicago_md:n111995	n-d---mn-
φοινικοφαῆ	foinikofah=	φοινικοφαής	foinikofah/s	urn:cite2:hmt:lsj.chicago_md:n111995	n-d---mv-
φοινικοφαῆ	foinikofah=	φοινικοφαής	foinikofah/s	urn:cite2:hmt:lsj.chicago_md:n111995	n-d---ma-
φοινικοφαῆ	foinikofah=	φοινικοφαής	foinikofah/s	urn:cite2:hmt:lsj.chicago_md:n111995	n-d---fn-
φοινικοφαῆ	foinikofah=	φοινικοφαής	foinikofah/s	urn:cite2:hmt:lsj.chicago_md:n111995	n-d---fv-
φοινικοφαῆ	foinikofah=	φοινικοφαής	foinikofah/s	urn:cite2:hmt:lsj.chicago_md:n111995	n-d---fa-
φοινικοφαῆ	foinikofah=	φοινικοφαής	foinikofah/s	urn:cite2:hmt:lsj.chicago_md:n111995	n-d---nn-
φοινικοφαῆ	foinikofah=	φοινικοφαής	foinikofah/s	urn:cite2:hmt:lsj.chicago_md:n111995	n-d---nv-
φοινικοφαῆ	foinikofah=	φοινικοφαής	foinikofah/s	urn:cite2:hmt:lsj.chicago_md:n111995	n-d---na-
φοινικοφαῆ	foinikofah=	φοινικοφαής	foinikofah/s	urn:cite2:hmt:lsj.chicago_md:n111995	n-s---ma-
φοινικοφαῆ	foinikofah=	φοινικοφαής	foinikofah/s	urn:cite2:hmt:lsj.chicago_md:n111995	n-s---fa-
φοινίαν	foini/an	φοίνιος	foi/nios	urn:cite2:hmt:lsj.chicago_md:n112004	a-s---fa-
φοιτῶσ’	foitw=s'	φοιτάω	foita/w	urn:cite2:hmt:lsj.chicago_md:n112016	v-sppafn-
φοιτῶσ’	foitw=s'	φοιτάω	foita/w	urn:cite2:hmt:lsj.chicago_md:n112016	v-sppafv-
φοιτῶσ’	foitw=s'	φοιτάω	foita/w	urn:cite2:hmt:lsj.chicago_md:n112016	v-pppamd-
φοιτῶσ’	foitw=s'	φοιτάω	foita/w	urn:cite2:hmt:lsj.chicago_md:n112016	v-pppand-
φοιτῶσ’	foitw=s'	φοιτάω	foita/w	urn:cite2:hmt:lsj.chicago_md:n112016	v3ppsa---
φοιτῶσ’	foitw=s'	φοιτάω	foita/w	urn:cite2:hmt:lsj.chicago_md:n112016	v3ppia---
φοιτῶσ’	foitw=s'	φοιτάω	foita/w	urn:cite2:hmt:lsj.chicago_md:n112016	v3ppsa---
φοιτῶσ’	foitw=s'	φοιτάω	foita/w	urn:cite2:hmt:lsj.chicago_md:n112016	v-pppafn-
φοιτῶσ’	foitw=s'	φοιτάω	foita/w	urn:cite2:hmt:lsj.chicago_md:n112016	v-pppafv-
φοιτῶσ’	foitw=s'	φοιτάζω	foita/zw	urn:cite2:hmt:lsj.chicago_md:n112011	v-sfpafn-
φοιτῶσ’	foitw=s'	φοιτάζω	foita/zw	urn:cite2:hmt:lsj.chicago_md:n112011	v-sfpafv-
φοιτῶσ’	foitw=s'	φοιτάζω	foita/zw	urn:cite2:hmt:lsj.chicago_md:n112011	v-pfpamd-
φοιτῶσ’	foitw=s'	φοιτάζω	foita/zw	urn:cite2:hmt:lsj.chicago_md:n112011	v-pfpand-
φοιτῶσ’	foitw=s'	φοιτάζω	foita/zw	urn:cite2:hmt:lsj.chicago_md:n112011	v3pfia---
φοιτῶσ’	foitw=s'	φοιτάζω	foita/zw	urn:cite2:hmt:lsj.chicago_md:n112011	v-pfpafn-
φοιτῶσ’	foitw=s'	φοιτάζω	foita/zw	urn:cite2:hmt:lsj.chicago_md:n112011	v-pfpafv-
φονεύειν	foneu/ein	φονεύω	foneu/w	urn:cite2:hmt:lsj.chicago_md:n112048	v--pna---
φονεύς	foneu/s	φονεύς	foneu/s	urn:cite2:hmt:lsj.chicago_md:n112042	n-s---mn-
φονεῦσαι	foneu=sai	φονάω	fona/w	urn:cite2:hmt:lsj.chicago_md:n112039	v-pppafn-
φονεῦσαι	foneu=sai	φονάω	fona/w	urn:cite2:hmt:lsj.chicago_md:n112039	v-pppafv-
φονεῦσαι	foneu=sai	φονεύω	foneu/w	urn:cite2:hmt:lsj.chicago_md:n112048	v--ana---
φονεῦσαι	foneu=sai	φονόω	fono/w	urn:cite2:hmt:lsj.chicago_md:n112063	v-pppafn-
φονεῦσαι	foneu=sai	φονόω	fono/w	urn:cite2:hmt:lsj.chicago_md:n112063	v-pppafv-
φορεῖς	forei=s	φορέω	fore/w	urn:cite2:hmt:lsj.chicago_md:n112102	v2spia---
φορεῖς	forei=s	φορεύς	foreu/s	urn:cite2:hmt:lsj.chicago_md:n112100	n-p---ma-
φορεῖς	forei=s	φορεύς	foreu/s	urn:cite2:hmt:lsj.chicago_md:n112100	n-p---mn-
φορεῖς	forei=s	φορεύς	foreu/s	urn:cite2:hmt:lsj.chicago_md:n112100	n-p---mv-
φοίνικα	foi/nika	φοῖνιξ	foi=nic	urn:cite2:hmt:lsj.chicago_md:n112002	n-s---ma-
φρενοῦν	frenou=n	φρενόω	freno/w	urn:cite2:hmt:lsj.chicago_md:n112297	v-sppamv-
φρενοῦν	frenou=n	φρενόω	freno/w	urn:cite2:hmt:lsj.chicago_md:n112297	v-sppann-
φρενοῦν	frenou=n	φρενόω	freno/w	urn:cite2:hmt:lsj.chicago_md:n112297	v-sppanv-
φρενοῦν	frenou=n	φρενόω	freno/w	urn:cite2:hmt:lsj.chicago_md:n112297	v-sppana-
φρενοῦν	frenou=n	φρενόω	freno/w	urn:cite2:hmt:lsj.chicago_md:n112297	v--pna---
φρενί	freni/	φρήν	frh/n	urn:cite2:hmt:lsj.chicago_md:n112307	n-s---fd-
φρενῶν	frenw=n	φρενόω	freno/w	urn:cite2:hmt:lsj.chicago_md:n112297	v-sppamv-
φρενῶν	frenw=n	φρενόω	freno/w	urn:cite2:hmt:lsj.chicago_md:n112297	v-sppann-
φρενῶν	frenw=n	φρενόω	freno/w	urn:cite2:hmt:lsj.chicago_md:n112297	v-sppanv-
φρενῶν	frenw=n	φρενόω	freno/w	urn:cite2:hmt:lsj.chicago_md:n112297	v-sppana-
φρενῶν	frenw=n	φρενόω	freno/w	urn:cite2:hmt:lsj.chicago_md:n112297	v-sppamn-
φρενῶν	frenw=n	φρενόω	freno/w	urn:cite2:hmt:lsj.chicago_md:n112297	v--pna---
φρενῶν	frenw=n	φρήν	frh/n	urn:cite2:hmt:lsj.chicago_md:n112307	n-p---fg-
φρονεῖς	fronei=s	φρονέω	frone/w	urn:cite2:hmt:lsj.chicago_md:n112350	v2spia---
φροντίδας	fronti/das	φροντίς	fronti/s	urn:cite2:hmt:lsj.chicago_md:n112368	n-p---fa-
φρουρεῖν	frourei=n	φρουρέω	froure/w	urn:cite2:hmt:lsj.chicago_md:n112384	v--pna---
φρουρήσομαι	frourh/somai	φρουρέω	froure/w	urn:cite2:hmt:lsj.chicago_md:n112384	v1sasm---
φρουρήσομαι	frourh/somai	φρουρέω	froure/w	urn:cite2:hmt:lsj.chicago_md:n112384	v1sfim---
φρουρώ	frourw/	φρουρός	frouro/s	urn:cite2:hmt:lsj.chicago_md:n112395	n-d---mn-
φρουρώ	frourw/	φρουρός	frouro/s	urn:cite2:hmt:lsj.chicago_md:n112395	n-d---mv-
φρουρώ	frourw/	φρουρός	frouro/s	urn:cite2:hmt:lsj.chicago_md:n112395	n-d---ma-
φροίμιον	froi/mion	φροίμιον	froi/mion	urn:cite2:hmt:lsj.chicago_md:n112349	n-s---nn-
φροίμιον	froi/mion	φροίμιον	froi/mion	urn:cite2:hmt:lsj.chicago_md:n112349	n-s---nv-
φροίμιον	froi/mion	φροίμιον	froi/mion	urn:cite2:hmt:lsj.chicago_md:n112349	n-s---na-
φρούρημ’	frou/rhm'	φρούρημα	frou/rhma	urn:cite2:hmt:lsj.chicago_md:n112385	n-s---nn-
φρούρημ’	frou/rhm'	φρούρημα	frou/rhma	urn:cite2:hmt:lsj.chicago_md:n112385	n-s---nv-
φρούρημ’	frou/rhm'	φρούρημα	frou/rhma	urn:cite2:hmt:lsj.chicago_md:n112385	n-s---na-
φροῦδαι	frou=dai	φροῦδος	frou=dos	urn:cite2:hmt:lsj.chicago_md:n112376	a-p---fn-
φροῦδαι	frou=dai	φροῦδος	frou=dos	urn:cite2:hmt:lsj.chicago_md:n112376	a-p---fv-
φροῦδος	frou=dos	φροῦδος	frou=dos	urn:cite2:hmt:lsj.chicago_md:n112376	a-s---mn-
φροῦδος	frou=dos	φροῦδος	frou=dos	urn:cite2:hmt:lsj.chicago_md:n112376	n-s---mn-
φροῦδος	frou=dos	φροῦδος	frou=dos	urn:cite2:hmt:lsj.chicago_md:n112376	n-s---fn-
φράζε	fra/ze	φράζω	fra/zw	urn:cite2:hmt:lsj.chicago_md:n112217	v2spma---
φράζε	fra/ze	φράζω	fra/zw	urn:cite2:hmt:lsj.chicago_md:n112217	v3siia---
φράζειν	fra/zein	φράζω	fra/zw	urn:cite2:hmt:lsj.chicago_md:n112217	v--pna---
φράσαι	fra/sai	φράζω	fra/zw	urn:cite2:hmt:lsj.chicago_md:n112217	v-sfpafd-
φράσαι	fra/sai	φράζω	fra/zw	urn:cite2:hmt:lsj.chicago_md:n112217	v2samm---
φράσαι	fra/sai	φράζω	fra/zw	urn:cite2:hmt:lsj.chicago_md:n112217	v--ana---
φράσαι	fra/sai	φράζω	fra/zw	urn:cite2:hmt:lsj.chicago_md:n112217	v3saoa---
φράσω	fra/sw	φράζω	fra/zw	urn:cite2:hmt:lsj.chicago_md:n112217	v1sasa---
φράσω	fra/sw	φράζω	fra/zw	urn:cite2:hmt:lsj.chicago_md:n112217	v1sfia---
φράσω	fra/sw	φράζω	fra/zw	urn:cite2:hmt:lsj.chicago_md:n112217	v2saim---
φρένα	fre/na	φρήν	frh/n	urn:cite2:hmt:lsj.chicago_md:n112307	n-s---fa-
φρένας	fre/nas	φρήν	frh/n	urn:cite2:hmt:lsj.chicago_md:n112307	n-p---fa-
φρίκᾳ	fri/ka|	φρίκη	fri/kh	urn:cite2:hmt:lsj.chicago_md:n112320	n-s---fd-
φρόνει	fro/nei	φρόνις	fro/nis	urn:cite2:hmt:lsj.chicago_md:n112365	n-d---fn-
φρόνει	fro/nei	φρόνις	fro/nis	urn:cite2:hmt:lsj.chicago_md:n112365	n-d---fv-
φρόνει	fro/nei	φρόνις	fro/nis	urn:cite2:hmt:lsj.chicago_md:n112365	n-d---fa-
φρόνει	fro/nei	φρόνις	fro/nis	urn:cite2:hmt:lsj.chicago_md:n112365	n-s---fd-
φρόνει	fro/nei	φρόνις	fro/nis	urn:cite2:hmt:lsj.chicago_md:n112365	n-s---fd-
φρόνει	fro/nei	φρονέω	frone/w	urn:cite2:hmt:lsj.chicago_md:n112350	v2spma---
φρόνει	fro/nei	φρονέω	frone/w	urn:cite2:hmt:lsj.chicago_md:n112350	v3siia---
φρόντιζ’	fro/ntiz'	φροντίζω	fronti/zw	urn:cite2:hmt:lsj.chicago_md:n112367	v2spma---
φρόντιζ’	fro/ntiz'	φροντίζω	fronti/zw	urn:cite2:hmt:lsj.chicago_md:n112367	v3siia---
φυγεῖν	fugei=n	φεύγω	feu/gw	urn:cite2:hmt:lsj.chicago_md:n110606	v--ana---
φυγάδας	fuga/das	φυγάς	fuga/s	urn:cite2:hmt:lsj.chicago_md:n112467	n-p---ma-
φυγάδας	fuga/das	φυγάς	fuga/s	urn:cite2:hmt:lsj.chicago_md:n112467	n-p---fa-
φυγάν	fuga/n	φυγή	fugh/	urn:cite2:hmt:lsj.chicago_md:n112472	n-s---fa-
φυλάξας	fula/cas	φυλάσσω	fula/ssw	urn:cite2:hmt:lsj.chicago_md:n112559	v-sapamn-
φυλάξας	fula/cas	φυλάσσω	fula/ssw	urn:cite2:hmt:lsj.chicago_md:n112559	v-sapamv-
φυλάξας	fula/cas	φυλάζω	fula/zw	urn:cite2:hmt:lsj.chicago_md:n112526	v-sapamn-
φυλάξας	fula/cas	φυλάζω	fula/zw	urn:cite2:hmt:lsj.chicago_md:n112526	v-sapamv-
φυλάσσεις	fula/sseis	φυλάσσω	fula/ssw	urn:cite2:hmt:lsj.chicago_md:n112559	v2spia---
φυλάσσεις	fula/sseis	φυλάζω	fula/zw	urn:cite2:hmt:lsj.chicago_md:n112526	v2sasa---
φυλάσσεις	fula/sseis	φυλάζω	fula/zw	urn:cite2:hmt:lsj.chicago_md:n112526	v2sfia---
φυλάσσετε	fula/ssete	φυλάσσω	fula/ssw	urn:cite2:hmt:lsj.chicago_md:n112559	v2ppma---
φυλάσσετε	fula/ssete	φυλάσσω	fula/ssw	urn:cite2:hmt:lsj.chicago_md:n112559	v2ppia---
φυλάσσετε	fula/ssete	φυλάσσω	fula/ssw	urn:cite2:hmt:lsj.chicago_md:n112559	v2piia---
φυλάσσετε	fula/ssete	φυλάζω	fula/zw	urn:cite2:hmt:lsj.chicago_md:n112526	v2pasa---
φυλάσσετε	fula/ssete	φυλάζω	fula/zw	urn:cite2:hmt:lsj.chicago_md:n112526	v2pfia---
φυτεύσας	futeu/sas	φυτεύω	futeu/w	urn:cite2:hmt:lsj.chicago_md:n112755	v-sapamn-
φυτεύσας	futeu/sas	φυτεύω	futeu/w	urn:cite2:hmt:lsj.chicago_md:n112755	v-sapamv-
φωσφόρος	fwsfo/ros	φωσφόρος	fwsfo/ros	urn:cite2:hmt:lsj.chicago_md:n112873	n-s---mn-
φωσφόρος	fwsfo/ros	φωσφόρος	fwsfo/ros	urn:cite2:hmt:lsj.chicago_md:n112873	n-s---fn-
φωτός	fwto/s	φάος	fa/os	urn:cite2:hmt:lsj.chicago_md:n110284	n-s---ng-
φωτός	fwto/s	φώς	fw/s	urn:cite2:hmt:lsj.chicago_md:n112862	n-s---mg-
φάει	fa/ei	φάος	fa/os	urn:cite2:hmt:lsj.chicago_md:n110284	n-d---nn-
φάει	fa/ei	φάος	fa/os	urn:cite2:hmt:lsj.chicago_md:n110284	n-d---nv-
φάει	fa/ei	φάος	fa/os	urn:cite2:hmt:lsj.chicago_md:n110284	n-d---na-
φάει	fa/ei	φάος	fa/os	urn:cite2:hmt:lsj.chicago_md:n110284	n-s---nd-
φάει	fa/ei	φάος	fa/os	urn:cite2:hmt:lsj.chicago_md:n110284	n-s---nd-
φάος	fa/os	φάος	fa/os	urn:cite2:hmt:lsj.chicago_md:n110284	n-s---nn-
φάος	fa/os	φάος	fa/os	urn:cite2:hmt:lsj.chicago_md:n110284	n-s---nv-
φάος	fa/os	φάος	fa/os	urn:cite2:hmt:lsj.chicago_md:n110284	n-s---na-
φάρεσιν	fa/resin	φάρος	fa/ros	urn:cite2:hmt:lsj.chicago_md:n110369	n-p---nd-
φάρεσιν	fa/resin	φάρος	fa/ros	urn:cite2:hmt:lsj.chicago_md:n110370	n-p---nd-
φάρεσιν	fa/resin	φάρος	fa/ros	urn:cite2:hmt:lsj.chicago_md:n110371	n-p---nd-
φάρεσιν	fa/resin	φᾶρος	fa=ros	urn:cite2:hmt:lsj.chicago_md:n110368	n-p---nd-
φάρεσιν	fa/resin	φᾶρος	fa=ros	urn:cite2:hmt:lsj.chicago_md:n110368	n-p---nd-
φάρμακον	fa/rmakon	φάρμακον	fa/rmakon	urn:cite2:hmt:lsj.chicago_md:n110341	n-s---nn-
φάρμακον	fa/rmakon	φάρμακον	fa/rmakon	urn:cite2:hmt:lsj.chicago_md:n110341	n-s---nv-
φάρμακον	fa/rmakon	φάρμακον	fa/rmakon	urn:cite2:hmt:lsj.chicago_md:n110341	n-s---na-
φάρμακον	fa/rmakon	φάρμακος	fa/rmakos	urn:cite2:hmt:lsj.chicago_md:n110349	n-s---ma-
φάσμα	fa/sma	φάσμα	fa/sma	urn:cite2:hmt:lsj.chicago_md:n110409	n-s---nn-
φάσμα	fa/sma	φάσμα	fa/sma	urn:cite2:hmt:lsj.chicago_md:n110409	n-s---nv-
φάσμα	fa/sma	φάσμα	fa/sma	urn:cite2:hmt:lsj.chicago_md:n110409	n-s---na-
φάτιν	fa/tin	φάτις	fa/tis	urn:cite2:hmt:lsj.chicago_md:n110425	n-s---fa-
φάτις	fa/tis	φάτις	fa/tis	urn:cite2:hmt:lsj.chicago_md:n110425	n-p---fa-
φάτις	fa/tis	φάτις	fa/tis	urn:cite2:hmt:lsj.chicago_md:n110425	n-s---fn-
φέγγος	fe/ggos	φέγγος	fe/ggos	urn:cite2:hmt:lsj.chicago_md:n110477	n-s---nn-
φέγγος	fe/ggos	φέγγος	fe/ggos	urn:cite2:hmt:lsj.chicago_md:n110477	n-s---nv-
φέγγος	fe/ggos	φέγγος	fe/ggos	urn:cite2:hmt:lsj.chicago_md:n110477	n-s---na-
φέρε	fe/re	φέρω	fe/rw	urn:cite2:hmt:lsj.chicago_md:n110598	v2spma---
φέρε	fe/re	φέρω	fe/rw	urn:cite2:hmt:lsj.chicago_md:n110598	v3siia---
φέρει	fe/rei	φέρω	fe/rw	urn:cite2:hmt:lsj.chicago_md:n110598	v2spie---
φέρει	fe/rei	φέρω	fe/rw	urn:cite2:hmt:lsj.chicago_md:n110598	v3spia---
φέρειν	fe/rein	φέρω	fe/rw	urn:cite2:hmt:lsj.chicago_md:n110598	v--pna---
φέρεις	fe/reis	φέρω	fe/rw	urn:cite2:hmt:lsj.chicago_md:n110598	v2spia---
φέρω	fe/rw	φέρω	fe/rw	urn:cite2:hmt:lsj.chicago_md:n110598	v1spsa---
φέρω	fe/rw	φέρω	fe/rw	urn:cite2:hmt:lsj.chicago_md:n110598	v1spia---
φέρων	fe/rwn	φέρω	fe/rw	urn:cite2:hmt:lsj.chicago_md:n110598	v-sppamn-
φήμας	fh/mas	φήμη	fh/mh	urn:cite2:hmt:lsj.chicago_md:n110638	n-p---fa-
φήμας	fh/mas	φήμη	fh/mh	urn:cite2:hmt:lsj.chicago_md:n110638	n-s---fg-
φήσει	fh/sei	φημί	fhmi/	urn:cite2:hmt:lsj.chicago_md:n110639	v3sasa---
φήσει	fh/sei	φημί	fhmi/	urn:cite2:hmt:lsj.chicago_md:n110639	v2sfim---
φήσει	fh/sei	φημί	fhmi/	urn:cite2:hmt:lsj.chicago_md:n110639	v3sfia---
φίλα	fi/la	φίλος	fi/los	urn:cite2:hmt:lsj.chicago_md:n111463	a-p---nn-
φίλα	fi/la	φίλος	fi/los	urn:cite2:hmt:lsj.chicago_md:n111463	a-p---nv-
φίλα	fi/la	φίλος	fi/los	urn:cite2:hmt:lsj.chicago_md:n111463	a-p---na-
φίλα	fi/la	φίλος	fi/los	urn:cite2:hmt:lsj.chicago_md:n111463	a-d---fn-
φίλα	fi/la	φίλος	fi/los	urn:cite2:hmt:lsj.chicago_md:n111463	a-d---fv-
φίλα	fi/la	φίλος	fi/los	urn:cite2:hmt:lsj.chicago_md:n111463	a-d---fa-
φίλα	fi/la	φίλος	fi/los	urn:cite2:hmt:lsj.chicago_md:n111463	a-s---fn-
φίλα	fi/la	φίλος	fi/los	urn:cite2:hmt:lsj.chicago_md:n111463	a-s---fv-
φίλα	fi/la	φῖλος	fi=los	urn:cite2:hmt:lsj.chicago_md:n111462	n-p---nn-
φίλα	fi/la	φῖλος	fi=los	urn:cite2:hmt:lsj.chicago_md:n111462	n-p---nv-
φίλα	fi/la	φῖλος	fi=los	urn:cite2:hmt:lsj.chicago_md:n111462	n-p---na-
φίλαι	fi/lai	φίλος	fi/los	urn:cite2:hmt:lsj.chicago_md:n111463	a-p---fn-
φίλαι	fi/lai	φίλος	fi/los	urn:cite2:hmt:lsj.chicago_md:n111463	a-p---fv-
φίλαι	fi/lai	φίλος	fi/los	urn:cite2:hmt:lsj.chicago_md:n111463	a-s---fd-
φίλαι	fi/lai	φιλέω	file/w	urn:cite2:hmt:lsj.chicago_md:n110979	v3saoa---
φίλη	fi/lh	φίλος	fi/los	urn:cite2:hmt:lsj.chicago_md:n111463	a-s---fn-
φίλη	fi/lh	φίλος	fi/los	urn:cite2:hmt:lsj.chicago_md:n111463	a-s---fv-
φίλη	fi/lh	φῖλος	fi=los	urn:cite2:hmt:lsj.chicago_md:n111462	n-p---nn-
φίλη	fi/lh	φῖλος	fi=los	urn:cite2:hmt:lsj.chicago_md:n111462	n-p---nv-
φίλη	fi/lh	φῖλος	fi=los	urn:cite2:hmt:lsj.chicago_md:n111462	n-p---na-
φίλη	fi/lh	φῖλος	fi=los	urn:cite2:hmt:lsj.chicago_md:n111462	n-d---nn-
φίλη	fi/lh	φῖλος	fi=los	urn:cite2:hmt:lsj.chicago_md:n111462	n-d---nv-
φίλη	fi/lh	φῖλος	fi=los	urn:cite2:hmt:lsj.chicago_md:n111462	n-d---na-
φίλη	fi/lh	φιλέω	file/w	urn:cite2:hmt:lsj.chicago_md:n110979	v2spma---
φίλη	fi/lh	φιλέω	file/w	urn:cite2:hmt:lsj.chicago_md:n110979	v3siia---
φίλημά	fi/lhma/	φίλημα	fi/lhma	urn:cite2:hmt:lsj.chicago_md:n110994	n-s---nn-
φίλημά	fi/lhma/	φίλημα	fi/lhma	urn:cite2:hmt:lsj.chicago_md:n110994	n-s---nv-
φίλημά	fi/lhma/	φίλημα	fi/lhma	urn:cite2:hmt:lsj.chicago_md:n110994	n-s---na-
φίλοις	fi/lois	φίλος	fi/los	urn:cite2:hmt:lsj.chicago_md:n111463	a-p---md-
φίλοις	fi/lois	φίλος	fi/los	urn:cite2:hmt:lsj.chicago_md:n111463	a-p---nd-
φίλοισιν	fi/loisin	φίλος	fi/los	urn:cite2:hmt:lsj.chicago_md:n111463	a-p---md-
φίλοισιν	fi/loisin	φίλος	fi/los	urn:cite2:hmt:lsj.chicago_md:n111463	a-p---nd-
φίλον	fi/lon	φίλος	fi/los	urn:cite2:hmt:lsj.chicago_md:n111463	a-s---ma-
φίλον	fi/lon	φίλος	fi/los	urn:cite2:hmt:lsj.chicago_md:n111463	a-s---nn-
φίλον	fi/lon	φίλος	fi/los	urn:cite2:hmt:lsj.chicago_md:n111463	a-s---nv-
φίλον	fi/lon	φίλος	fi/los	urn:cite2:hmt:lsj.chicago_md:n111463	a-s---na-
φίλος	fi/los	φίλος	fi/los	urn:cite2:hmt:lsj.chicago_md:n111463	a-s---mn-
φίλους	fi/lous	φίλος	fi/los	urn:cite2:hmt:lsj.chicago_md:n111463	a-p---ma-
φίλους	fi/lous	φῖλος	fi=los	urn:cite2:hmt:lsj.chicago_md:n111462	n-s---ng-
φίλους	fi/lous	φιλόω	filo/w	urn:cite2:hmt:lsj.chicago_md:n111619	v2siia---
φίλταθ’	fi/ltaq'	φίλτατος	fi/ltatos	urn:cite2:hmt:lsj.chicago_md:n111621	a-p---nn-
φίλταθ’	fi/ltaq'	φίλτατος	fi/ltatos	urn:cite2:hmt:lsj.chicago_md:n111621	a-p---nv-
φίλταθ’	fi/ltaq'	φίλτατος	fi/ltatos	urn:cite2:hmt:lsj.chicago_md:n111621	a-p---na-
φίλταθ’	fi/ltaq'	φίλτατος	fi/ltatos	urn:cite2:hmt:lsj.chicago_md:n111621	a-s---mv-
φίλταθ’	fi/ltaq'	φίλτατος	fi/ltatos	urn:cite2:hmt:lsj.chicago_md:n111621	a-p---fn-
φίλταθ’	fi/ltaq'	φίλτατος	fi/ltatos	urn:cite2:hmt:lsj.chicago_md:n111621	a-p---fv-
φίλτατα	fi/ltata	φίλτατος	fi/ltatos	urn:cite2:hmt:lsj.chicago_md:n111621	a-p---nn-
φίλτατα	fi/ltata	φίλτατος	fi/ltatos	urn:cite2:hmt:lsj.chicago_md:n111621	a-p---nv-
φίλτατα	fi/ltata	φίλτατος	fi/ltatos	urn:cite2:hmt:lsj.chicago_md:n111621	a-p---na-
φίλτατον	fi/ltaton	φίλτατος	fi/ltatos	urn:cite2:hmt:lsj.chicago_md:n111621	a-s---ma-
φίλτατον	fi/ltaton	φίλτατος	fi/ltatos	urn:cite2:hmt:lsj.chicago_md:n111621	a-s---nn-
φίλτατον	fi/ltaton	φίλτατος	fi/ltatos	urn:cite2:hmt:lsj.chicago_md:n111621	a-s---nv-
φίλτατον	fi/ltaton	φίλτατος	fi/ltatos	urn:cite2:hmt:lsj.chicago_md:n111621	a-s---na-
φίλτατ’	fi/ltat'	φίλτατος	fi/ltatos	urn:cite2:hmt:lsj.chicago_md:n111621	a-p---nn-
φίλτατ’	fi/ltat'	φίλτατος	fi/ltatos	urn:cite2:hmt:lsj.chicago_md:n111621	a-p---nv-
φίλτατ’	fi/ltat'	φίλτατος	fi/ltatos	urn:cite2:hmt:lsj.chicago_md:n111621	a-p---na-
φίλτατ’	fi/ltat'	φίλτατος	fi/ltatos	urn:cite2:hmt:lsj.chicago_md:n111621	a-s---mv-
φίλτατ’	fi/ltat'	φίλτατος	fi/ltatos	urn:cite2:hmt:lsj.chicago_md:n111621	a-p---fn-
φίλτατ’	fi/ltat'	φίλτατος	fi/ltatos	urn:cite2:hmt:lsj.chicago_md:n111621	a-p---fv-
φίλων	fi/lwn	φίλος	fi/los	urn:cite2:hmt:lsj.chicago_md:n111463	a-p---fg-
φίλων	fi/lwn	φίλος	fi/los	urn:cite2:hmt:lsj.chicago_md:n111463	a-p---mg-
φίλων	fi/lwn	φίλος	fi/los	urn:cite2:hmt:lsj.chicago_md:n111463	a-p---ng-
φίλων	fi/lwn	φίλων	fi/lwn	urn:cite2:hmt:lsj.chicago_md:n111650	n-s---mn-
φίλων	fi/lwn	φίλων	fi/lwn	urn:cite2:hmt:lsj.chicago_md:n111650	n-s---mv-
φίλων	fi/lwn	φιλόω	filo/w	urn:cite2:hmt:lsj.chicago_md:n111619	v3piia---
φίλων	fi/lwn	φιλόω	filo/w	urn:cite2:hmt:lsj.chicago_md:n111619	v1siia---
φίλῳ	fi/lw|	φίλος	fi/los	urn:cite2:hmt:lsj.chicago_md:n111463	a-s---md-
φίλῳ	fi/lw|	φίλος	fi/los	urn:cite2:hmt:lsj.chicago_md:n111463	a-s---nd-
φίλ’	fi/l'	φίλος	fi/los	urn:cite2:hmt:lsj.chicago_md:n111463	a-p---nn-
φίλ’	fi/l'	φίλος	fi/los	urn:cite2:hmt:lsj.chicago_md:n111463	a-p---nv-
φίλ’	fi/l'	φίλος	fi/los	urn:cite2:hmt:lsj.chicago_md:n111463	a-p---na-
φίλ’	fi/l'	φίλος	fi/los	urn:cite2:hmt:lsj.chicago_md:n111463	n-s---mv-
φίλ’	fi/l'	φίλος	fi/los	urn:cite2:hmt:lsj.chicago_md:n111463	a-s---mv-
φίλ’	fi/l'	φίλος	fi/los	urn:cite2:hmt:lsj.chicago_md:n111463	a-p---fn-
φίλ’	fi/l'	φίλος	fi/los	urn:cite2:hmt:lsj.chicago_md:n111463	a-p---fv-
φίλ’	fi/l'	φίλος	fi/los	urn:cite2:hmt:lsj.chicago_md:n111463	a-s---fd-
φόβαν	fo/ban	φόβη	fo/bh	urn:cite2:hmt:lsj.chicago_md:n111896	n-s---fa-
φόβος	fo/bos	φόβος	fo/bos	urn:cite2:hmt:lsj.chicago_md:n111908	n-s---mn-
φόβου	fo/bou	φόβος	fo/bos	urn:cite2:hmt:lsj.chicago_md:n111908	n-s---mg-
φόβῳ	fo/bw|	φόβος	fo/bos	urn:cite2:hmt:lsj.chicago_md:n111908	n-s---md-
φόνευμα	fo/neuma	φόνευμα	fo/neuma	urn:cite2:hmt:lsj.chicago_md:n112041	n-s---nn-
φόνευμα	fo/neuma	φόνευμα	fo/neuma	urn:cite2:hmt:lsj.chicago_md:n112041	n-s---nv-
φόνευμα	fo/neuma	φόνευμα	fo/neuma	urn:cite2:hmt:lsj.chicago_md:n112041	n-s---na-
φόνον	fo/non	φόνος	fo/nos	urn:cite2:hmt:lsj.chicago_md:n112060	n-s---ma-
φόνος	fo/nos	φόνος	fo/nos	urn:cite2:hmt:lsj.chicago_md:n112060	n-s---mn-
φόνους	fo/nous	φόνος	fo/nos	urn:cite2:hmt:lsj.chicago_md:n112060	n-p---ma-
φόνους	fo/nous	φονόω	fono/w	urn:cite2:hmt:lsj.chicago_md:n112063	v2siia---
φόνῳ	fo/nw|	φόνος	fo/nos	urn:cite2:hmt:lsj.chicago_md:n112060	n-s---md-
φόρμιγξ	fo/rmigc	φόρμιγξ	fo/rmigc	urn:cite2:hmt:lsj.chicago_md:n112125	n-s---fn-
φόρμιγξ	fo/rmigc	φόρμιγξ	fo/rmigc	urn:cite2:hmt:lsj.chicago_md:n112125	n-s---fv-
φύγω	fu/gw	φεύγω	feu/gw	urn:cite2:hmt:lsj.chicago_md:n110606	v1sasa---
φύλακε	fu/lake	φύλαξ	fu/lac	urn:cite2:hmt:lsj.chicago_md:n112551	n-d---mn-
φύλακε	fu/lake	φύλαξ	fu/lac	urn:cite2:hmt:lsj.chicago_md:n112551	n-d---mv-
φύλακε	fu/lake	φύλαξ	fu/lac	urn:cite2:hmt:lsj.chicago_md:n112551	n-d---ma-
φύλακε	fu/lake	φυλακός	fulako/s	urn:cite2:hmt:lsj.chicago_md:n112541	n-s---mv-
φύσασί	fu/sasi/	φύω	fu/w	urn:cite2:hmt:lsj.chicago_md:n112794	v-papamd-
φύσασί	fu/sasi/	φύω	fu/w	urn:cite2:hmt:lsj.chicago_md:n112794	v-papand-
φύσασί	fu/sasi/	φύζω	fu/zw	urn:cite2:hmt:lsj.chicago_md:n112495	v-papamd-
φύσασί	fu/sasi/	φύζω	fu/zw	urn:cite2:hmt:lsj.chicago_md:n112495	v-papand-
φύσιν	fu/sin	φύς	fu/s	urn:cite2:hmt:lsj.chicago_md:n112662	v-papamd-
φύσιν	fu/sin	φύσις	fu/sis	urn:cite2:hmt:lsj.chicago_md:n112720	n-s---fa-
φύσιν	fu/sin	φύω	fu/w	urn:cite2:hmt:lsj.chicago_md:n112794	v-papamd-
φύσιν	fu/sin	φύω	fu/w	urn:cite2:hmt:lsj.chicago_md:n112794	v-papand-
φύσις	fu/sis	φύσις	fu/sis	urn:cite2:hmt:lsj.chicago_md:n112720	n-p---fa-
φύσις	fu/sis	φύσις	fu/sis	urn:cite2:hmt:lsj.chicago_md:n112720	n-s---fn-
φῄς	fh/|s	φημί	fhmi/	urn:cite2:hmt:lsj.chicago_md:n110639	v2spia---
φῦναι	fu=nai	φύω	fu/w	urn:cite2:hmt:lsj.chicago_md:n112794	v--ana---
φῶς	fw=s	φάος	fa/os	urn:cite2:hmt:lsj.chicago_md:n110284	n-s---nn-
φῶς	fw=s	φάος	fa/os	urn:cite2:hmt:lsj.chicago_md:n110284	n-s---nv-
φῶς	fw=s	φάος	fa/os	urn:cite2:hmt:lsj.chicago_md:n110284	n-s---na-
φῶτας	fw=tas	φώς	fw/s	urn:cite2:hmt:lsj.chicago_md:n112862	n-p---ma-
χαιρέτω	xaire/tw	χαίρω	xai/rw	urn:cite2:hmt:lsj.chicago_md:n112934	v3spma---
χαλκέοισι	xalke/oisi	χάλκεος	xa/lkeos	urn:cite2:hmt:lsj.chicago_md:n113060	a-p---md-
χαλκέοισι	xalke/oisi	χάλκεος	xa/lkeos	urn:cite2:hmt:lsj.chicago_md:n113060	a-p---nd-
χαλκέοισι	xalke/oisi	χάλκεος	xa/lkeos	urn:cite2:hmt:lsj.chicago_md:n113060	n-p---md-
χαλκέοισι	xalke/oisi	χάλκεος	xa/lkeos	urn:cite2:hmt:lsj.chicago_md:n113060	n-p---fd-
χαλκέοισι	xalke/oisi	χάλκεος	xa/lkeos	urn:cite2:hmt:lsj.chicago_md:n113060	n-p---nd-
χαλκέοισι	xalke/oisi	χαλκοῦς	xalkou=s	urn:cite2:hmt:lsj.chicago_md:n113190	a-p---md-
χαλκέοισι	xalke/oisi	χαλκοῦς	xalkou=s	urn:cite2:hmt:lsj.chicago_md:n113190	a-p---nd-
χαλκέοισι	xalke/oisi	χαλκοῦς	xalkou=s	urn:cite2:hmt:lsj.chicago_md:n113190	n-p---md-
χαλᾶν	xala=n	χαλάω	xala/w	urn:cite2:hmt:lsj.chicago_md:n112980	v-sppamv-
χαλᾶν	xala=n	χαλάω	xala/w	urn:cite2:hmt:lsj.chicago_md:n112980	v-sppann-
χαλᾶν	xala=n	χαλάω	xala/w	urn:cite2:hmt:lsj.chicago_md:n112980	v-sppanv-
χαλᾶν	xala=n	χαλάω	xala/w	urn:cite2:hmt:lsj.chicago_md:n112980	v-sppana-
χαλᾶν	xala=n	χαλάω	xala/w	urn:cite2:hmt:lsj.chicago_md:n112980	v-sppamn-
χαλᾶν	xala=n	χαλάω	xala/w	urn:cite2:hmt:lsj.chicago_md:n112980	v--pna---
χαλᾶν	xala=n	χαλάω	xala/w	urn:cite2:hmt:lsj.chicago_md:n112980	v--pna---
χαλᾶν	xala=n	χαλάω	xala/w	urn:cite2:hmt:lsj.chicago_md:n112980	v-sfpamv-
χαλᾶν	xala=n	χαλάω	xala/w	urn:cite2:hmt:lsj.chicago_md:n112980	v-sfpann-
χαλᾶν	xala=n	χαλάω	xala/w	urn:cite2:hmt:lsj.chicago_md:n112980	v-sfpanv-
χαλᾶν	xala=n	χαλάω	xala/w	urn:cite2:hmt:lsj.chicago_md:n112980	v-sfpana-
χαλᾶν	xala=n	χαλάω	xala/w	urn:cite2:hmt:lsj.chicago_md:n112980	v-sfpamn-
χαλᾶν	xala=n	χαλάω	xala/w	urn:cite2:hmt:lsj.chicago_md:n112980	v--fna---
χαλῶντα	xalw=nta	χαλάω	xala/w	urn:cite2:hmt:lsj.chicago_md:n112980	v-pppann-
χαλῶντα	xalw=nta	χαλάω	xala/w	urn:cite2:hmt:lsj.chicago_md:n112980	v-pppanv-
χαλῶντα	xalw=nta	χαλάω	xala/w	urn:cite2:hmt:lsj.chicago_md:n112980	v-pppana-
χαλῶντα	xalw=nta	χαλάω	xala/w	urn:cite2:hmt:lsj.chicago_md:n112980	v-sppama-
χαλῶντα	xalw=nta	χαλάω	xala/w	urn:cite2:hmt:lsj.chicago_md:n112980	v-pfpann-
χαλῶντα	xalw=nta	χαλάω	xala/w	urn:cite2:hmt:lsj.chicago_md:n112980	v-pfpanv-
χαλῶντα	xalw=nta	χαλάω	xala/w	urn:cite2:hmt:lsj.chicago_md:n112980	v-pfpana-
χαλῶντα	xalw=nta	χαλάω	xala/w	urn:cite2:hmt:lsj.chicago_md:n112980	v-sfpama-
χαρμονάς	xarmona/s	χαρμονή	xarmonh/	urn:cite2:hmt:lsj.chicago_md:n113426	n-p---fa-
χαρμονῆς	xarmonh=s	χαρμονή	xarmonh/	urn:cite2:hmt:lsj.chicago_md:n113426	n-s---fg-
χαράν	xara/n	χαρά	xara/	urn:cite2:hmt:lsj.chicago_md:n113328	n-s---fa-
χαίρειν	xai/rein	χαίρω	xai/rw	urn:cite2:hmt:lsj.chicago_md:n112934	v--pna---
χαίρετ’	xai/ret'	χαίρω	xai/rw	urn:cite2:hmt:lsj.chicago_md:n112934	v2ppma---
χαίρετ’	xai/ret'	χαίρω	xai/rw	urn:cite2:hmt:lsj.chicago_md:n112934	v2ppia---
χαίρετ’	xai/ret'	χαίρω	xai/rw	urn:cite2:hmt:lsj.chicago_md:n112934	v3spie---
χαίρετ’	xai/ret'	χαίρω	xai/rw	urn:cite2:hmt:lsj.chicago_md:n112934	v3siie---
χαίρετ’	xai/ret'	χαίρω	xai/rw	urn:cite2:hmt:lsj.chicago_md:n112934	v2piia---
χαίροιμεν	xai/roimen	χαίρω	xai/rw	urn:cite2:hmt:lsj.chicago_md:n112934	v1ppoa---
χαίρομεν	xai/romen	χαίρω	xai/rw	urn:cite2:hmt:lsj.chicago_md:n112934	v1ppia---
χαίρομεν	xai/romen	χαίρω	xai/rw	urn:cite2:hmt:lsj.chicago_md:n112934	v1piia---
χαίρουσιν	xai/rousin	χαίρω	xai/rw	urn:cite2:hmt:lsj.chicago_md:n112934	v-pppamd-
χαίρουσιν	xai/rousin	χαίρω	xai/rw	urn:cite2:hmt:lsj.chicago_md:n112934	v-pppand-
χαίρουσιν	xai/rousin	χαίρω	xai/rw	urn:cite2:hmt:lsj.chicago_md:n112934	v3ppia---
χαίρων	xai/rwn	χαίρω	xai/rw	urn:cite2:hmt:lsj.chicago_md:n112934	v-sppamn-
χαίταν	xai/tan	χαίτη	xai/th	urn:cite2:hmt:lsj.chicago_md:n112936	n-s---fa-
χαῖρε	xai=re	χαίρω	xai/rw	urn:cite2:hmt:lsj.chicago_md:n112934	v2spma---
χαῖρε	xai=re	χαίρω	xai/rw	urn:cite2:hmt:lsj.chicago_md:n112934	v3siia---
χαῖρέ	xai=re/	χαίρω	xai/rw	urn:cite2:hmt:lsj.chicago_md:n112934	v2spma---
χαῖρέ	xai=re/	χαίρω	xai/rw	urn:cite2:hmt:lsj.chicago_md:n112934	v3siia---
χειμάζεται	xeima/zetai	χειμάζω	xeima/zw	urn:cite2:hmt:lsj.chicago_md:n113530	v3spie---
χειροῖν	xeiroi=n	χείρ	xei/r	urn:cite2:hmt:lsj.chicago_md:n113560	n-d---fg-
χειροῖν	xeiroi=n	χείρ	xei/r	urn:cite2:hmt:lsj.chicago_md:n113560	n-d---fd-
χειρία	xeiri/a	χείριος	xei/rios	urn:cite2:hmt:lsj.chicago_md:n113590	a-d---fn-
χειρία	xeiri/a	χείριος	xei/rios	urn:cite2:hmt:lsj.chicago_md:n113590	a-d---fv-
χειρία	xeiri/a	χείριος	xei/rios	urn:cite2:hmt:lsj.chicago_md:n113590	a-d---fa-
χειρία	xeiri/a	χείριος	xei/rios	urn:cite2:hmt:lsj.chicago_md:n113590	a-s---fn-
χειρία	xeiri/a	χείριος	xei/rios	urn:cite2:hmt:lsj.chicago_md:n113590	a-s---fv-
χειρός	xeiro/s	χείρ	xei/r	urn:cite2:hmt:lsj.chicago_md:n113560	n-s---fg-
χειρῶν	xeirw=n	χείρ	xei/r	urn:cite2:hmt:lsj.chicago_md:n113560	n-p---fg-
χειρῶν	xeirw=n	χειρόω	xeiro/w	urn:cite2:hmt:lsj.chicago_md:n113709	v-sppamv-
χειρῶν	xeirw=n	χειρόω	xeiro/w	urn:cite2:hmt:lsj.chicago_md:n113648	v-sppamv-
χειρῶν	xeirw=n	χειρόω	xeiro/w	urn:cite2:hmt:lsj.chicago_md:n113709	v-sppann-
χειρῶν	xeirw=n	χειρόω	xeiro/w	urn:cite2:hmt:lsj.chicago_md:n113648	v-sppann-
χειρῶν	xeirw=n	χειρόω	xeiro/w	urn:cite2:hmt:lsj.chicago_md:n113709	v-sppanv-
χειρῶν	xeirw=n	χειρόω	xeiro/w	urn:cite2:hmt:lsj.chicago_md:n113648	v-sppanv-
χειρῶν	xeirw=n	χειρόω	xeiro/w	urn:cite2:hmt:lsj.chicago_md:n113709	v-sppana-
χειρῶν	xeirw=n	χειρόω	xeiro/w	urn:cite2:hmt:lsj.chicago_md:n113648	v-sppana-
χειρῶν	xeirw=n	χειρόω	xeiro/w	urn:cite2:hmt:lsj.chicago_md:n113709	v-sppamn-
χειρῶν	xeirw=n	χειρόω	xeiro/w	urn:cite2:hmt:lsj.chicago_md:n113648	v-sppamn-
χειρῶν	xeirw=n	χειρόω	xeiro/w	urn:cite2:hmt:lsj.chicago_md:n113709	v--pna---
χειρῶν	xeirw=n	χειρόω	xeiro/w	urn:cite2:hmt:lsj.chicago_md:n113648	v--pna---
χεροῖν	xeroi=n	χείρ	xei/r	urn:cite2:hmt:lsj.chicago_md:n113560	n-d---fg-
χεροῖν	xeroi=n	χείρ	xei/r	urn:cite2:hmt:lsj.chicago_md:n113560	n-d---fd-
χερσί	xersi/	χείρ	xei/r	urn:cite2:hmt:lsj.chicago_md:n113560	n-p---fd-
χερσίν	xersi/n	χείρ	xei/r	urn:cite2:hmt:lsj.chicago_md:n113560	n-p---fd-
χερί	xeri/	χείρ	xei/r	urn:cite2:hmt:lsj.chicago_md:n113560	n-s---fd-
χερός	xero/s	χείρ	xei/r	urn:cite2:hmt:lsj.chicago_md:n113560	n-s---fg-
χερῶν	xerw=n	χείρ	xei/r	urn:cite2:hmt:lsj.chicago_md:n113560	n-p---fg-
χείλη	xei/lh	χεῖλος	xei=los	urn:cite2:hmt:lsj.chicago_md:n113522	n-p---nn-
χείλη	xei/lh	χεῖλος	xei=los	urn:cite2:hmt:lsj.chicago_md:n113522	n-p---nv-
χείλη	xei/lh	χεῖλος	xei=los	urn:cite2:hmt:lsj.chicago_md:n113522	n-p---na-
χείλη	xei/lh	χεῖλος	xei=los	urn:cite2:hmt:lsj.chicago_md:n113522	n-d---nn-
χείλη	xei/lh	χεῖλος	xei=los	urn:cite2:hmt:lsj.chicago_md:n113522	n-d---nv-
χείλη	xei/lh	χεῖλος	xei=los	urn:cite2:hmt:lsj.chicago_md:n113522	n-d---na-
χεῖρα	xei=ra	χείρ	xei/r	urn:cite2:hmt:lsj.chicago_md:n113560	n-s---fa-
χεῖρας	xei=ras	χείρ	xei/r	urn:cite2:hmt:lsj.chicago_md:n113560	n-p---fa-
χηλάς	xhla/s	χηλή	xhlh/	urn:cite2:hmt:lsj.chicago_md:n113872	n-p---fa-
χθονί	xqoni/	χθών	xqw/n	urn:cite2:hmt:lsj.chicago_md:n113963	n-s---fd-
χθονίας	xqoni/as	χθόνιος	xqo/nios	urn:cite2:hmt:lsj.chicago_md:n113956	a-p---fa-
χθονίας	xqoni/as	χθόνιος	xqo/nios	urn:cite2:hmt:lsj.chicago_md:n113956	a-s---fg-
χθονός	xqono/s	χθών	xqw/n	urn:cite2:hmt:lsj.chicago_md:n113963	n-s---fg-
χθόνα	xqo/na	χθών	xqw/n	urn:cite2:hmt:lsj.chicago_md:n113963	n-s---fa-
χθόνιον	xqo/nion	χθόνιος	xqo/nios	urn:cite2:hmt:lsj.chicago_md:n113956	a-s---ma-
χθόνιον	xqo/nion	χθόνιος	xqo/nios	urn:cite2:hmt:lsj.chicago_md:n113956	a-s---nn-
χθόνιον	xqo/nion	χθόνιος	xqo/nios	urn:cite2:hmt:lsj.chicago_md:n113956	a-s---nv-
χθόνιον	xqo/nion	χθόνιος	xqo/nios	urn:cite2:hmt:lsj.chicago_md:n113956	a-s---na-
χθόνιον	xqo/nion	χθόνιος	xqo/nios	urn:cite2:hmt:lsj.chicago_md:n113956	n-s---ma-
χθόνιον	xqo/nion	χθόνιος	xqo/nios	urn:cite2:hmt:lsj.chicago_md:n113956	n-s---fa-
χθόνιον	xqo/nion	χθόνιος	xqo/nios	urn:cite2:hmt:lsj.chicago_md:n113956	n-s---nn-
χθόνιον	xqo/nion	χθόνιος	xqo/nios	urn:cite2:hmt:lsj.chicago_md:n113956	n-s---nv-
χθόνιον	xqo/nion	χθόνιος	xqo/nios	urn:cite2:hmt:lsj.chicago_md:n113956	n-s---na-
χλιδήν	xlidh/n	χλιδή	xlidh/	urn:cite2:hmt:lsj.chicago_md:n114152	n-s---fa-
χλοερά	xloera/	χλοερός	xloero/s	urn:cite2:hmt:lsj.chicago_md:n114176	a-p---nn-
χλοερά	xloera/	χλοερός	xloero/s	urn:cite2:hmt:lsj.chicago_md:n114176	a-p---nv-
χλοερά	xloera/	χλοερός	xloero/s	urn:cite2:hmt:lsj.chicago_md:n114176	a-p---na-
χλοερά	xloera/	χλοερός	xloero/s	urn:cite2:hmt:lsj.chicago_md:n114176	a-d---fn-
χλοερά	xloera/	χλοερός	xloero/s	urn:cite2:hmt:lsj.chicago_md:n114176	a-d---fv-
χλοερά	xloera/	χλοερός	xloero/s	urn:cite2:hmt:lsj.chicago_md:n114176	a-d---fa-
χλοερά	xloera/	χλοερός	xloero/s	urn:cite2:hmt:lsj.chicago_md:n114176	a-s---fn-
χλοερά	xloera/	χλοερός	xloero/s	urn:cite2:hmt:lsj.chicago_md:n114176	a-s---fv-
χλοερά	xloera/	χλωρός	xlwro/s	urn:cite2:hmt:lsj.chicago_md:n114230	a-p---nn-
χλοερά	xloera/	χλωρός	xlwro/s	urn:cite2:hmt:lsj.chicago_md:n114230	a-p---nv-
χλοερά	xloera/	χλωρός	xlwro/s	urn:cite2:hmt:lsj.chicago_md:n114230	a-p---na-
χλοερά	xloera/	χλωρός	xlwro/s	urn:cite2:hmt:lsj.chicago_md:n114230	a-d---fn-
χλοερά	xloera/	χλωρός	xlwro/s	urn:cite2:hmt:lsj.chicago_md:n114230	a-d---fv-
χλοερά	xloera/	χλωρός	xlwro/s	urn:cite2:hmt:lsj.chicago_md:n114230	a-d---fa-
χλοερά	xloera/	χλωρός	xlwro/s	urn:cite2:hmt:lsj.chicago_md:n114230	a-s---fn-
χλοερά	xloera/	χλωρός	xlwro/s	urn:cite2:hmt:lsj.chicago_md:n114230	a-s---fv-
χλόην	xlo/hn	χλόη	xlo/h	urn:cite2:hmt:lsj.chicago_md:n114179	n-s---fa-
χλόην	xlo/hn	χλοάω	xloa/w	urn:cite2:hmt:lsj.chicago_md:n114174	v3piia---
χλόην	xlo/hn	χλοάω	xloa/w	urn:cite2:hmt:lsj.chicago_md:n114174	v1siia---
χορευμάτων	xoreuma/twn	χόρευμα	xo/reuma	urn:cite2:hmt:lsj.chicago_md:n114416	n-p---ng-
χορευομένῳ	xoreuome/nw|	χορεύω	xoreu/w	urn:cite2:hmt:lsj.chicago_md:n114421	v-sppemd-
χορευομένῳ	xoreuome/nw|	χορεύω	xoreu/w	urn:cite2:hmt:lsj.chicago_md:n114421	v-sppend-
χορευόμεναι	xoreuo/menai	χορεύω	xoreu/w	urn:cite2:hmt:lsj.chicago_md:n114421	v-pppefn-
χορευόμεναι	xoreuo/menai	χορεύω	xoreu/w	urn:cite2:hmt:lsj.chicago_md:n114421	v-pppefv-
χορεύει	xoreu/ei	χορεύω	xoreu/w	urn:cite2:hmt:lsj.chicago_md:n114421	v2spie---
χορεύει	xoreu/ei	χορεύω	xoreu/w	urn:cite2:hmt:lsj.chicago_md:n114421	v3spia---
χορούς	xorou/s	χορός	xoro/s	urn:cite2:hmt:lsj.chicago_md:n114468	n-p---ma-
χρεών	xrew/n	χρεών	xrew/n	urn:cite2:hmt:lsj.chicago_md:n114599	x--------
χρησμούς	xrhsmou/s	χρησμός	xrhsmo/s	urn:cite2:hmt:lsj.chicago_md:n114672	n-p---ma-
χρησμός	xrhsmo/s	χρησμός	xrhsmo/s	urn:cite2:hmt:lsj.chicago_md:n114672	n-s---mn-
χρηστηρίων	xrhsthri/wn	χρηστήριον	xrhsth/rion	urn:cite2:hmt:lsj.chicago_md:n114688	n-p---ng-
χρηστηρίων	xrhsthri/wn	χρηστήριος	xrhsth/rios	urn:cite2:hmt:lsj.chicago_md:n114689	a-p---fg-
χρηστηρίων	xrhsthri/wn	χρηστήριος	xrhsth/rios	urn:cite2:hmt:lsj.chicago_md:n114689	a-p---mg-
χρηστηρίων	xrhsthri/wn	χρηστήριος	xrhsth/rios	urn:cite2:hmt:lsj.chicago_md:n114689	a-p---ng-
χρηστηρίων	xrhsthri/wn	χρηστήριος	xrhsth/rios	urn:cite2:hmt:lsj.chicago_md:n114689	n-p---mg-
χρηστηρίων	xrhsthri/wn	χρηστήριος	xrhsth/rios	urn:cite2:hmt:lsj.chicago_md:n114689	n-p---fg-
χρηστηρίων	xrhsthri/wn	χρηστήριος	xrhsth/rios	urn:cite2:hmt:lsj.chicago_md:n114689	n-p---ng-
χρηστοί	xrhstoi/	χρηστός	xrhsto/s	urn:cite2:hmt:lsj.chicago_md:n114706	a-p---mn-
χρηστοί	xrhstoi/	χρηστός	xrhsto/s	urn:cite2:hmt:lsj.chicago_md:n114706	a-p---mv-
χρηστά	xrhsta/	χρηστός	xrhsto/s	urn:cite2:hmt:lsj.chicago_md:n114706	a-p---nn-
χρηστά	xrhsta/	χρηστός	xrhsto/s	urn:cite2:hmt:lsj.chicago_md:n114706	a-p---nv-
χρηστά	xrhsta/	χρηστός	xrhsto/s	urn:cite2:hmt:lsj.chicago_md:n114706	a-p---na-
χρηστά	xrhsta/	χρηστός	xrhsto/s	urn:cite2:hmt:lsj.chicago_md:n114706	a-d---fn-
χρηστά	xrhsta/	χρηστός	xrhsto/s	urn:cite2:hmt:lsj.chicago_md:n114706	a-d---fv-
χρηστά	xrhsta/	χρηστός	xrhsto/s	urn:cite2:hmt:lsj.chicago_md:n114706	a-d---fa-
χρηστά	xrhsta/	χρηστός	xrhsto/s	urn:cite2:hmt:lsj.chicago_md:n114706	a-s---fn-
χρηστά	xrhsta/	χρηστός	xrhsto/s	urn:cite2:hmt:lsj.chicago_md:n114706	a-s---fv-
χρηστήρια	xrhsth/ria	χρηστήριον	xrhsth/rion	urn:cite2:hmt:lsj.chicago_md:n114688	n-p---nn-
χρηστήρια	xrhsth/ria	χρηστήριον	xrhsth/rion	urn:cite2:hmt:lsj.chicago_md:n114688	n-p---nv-
χρηστήρια	xrhsth/ria	χρηστήριον	xrhsth/rion	urn:cite2:hmt:lsj.chicago_md:n114688	n-p---na-
χρηστήρια	xrhsth/ria	χρηστήριος	xrhsth/rios	urn:cite2:hmt:lsj.chicago_md:n114689	a-p---nn-
χρηστήρια	xrhsth/ria	χρηστήριος	xrhsth/rios	urn:cite2:hmt:lsj.chicago_md:n114689	a-p---nv-
χρηστήρια	xrhsth/ria	χρηστήριος	xrhsth/rios	urn:cite2:hmt:lsj.chicago_md:n114689	a-p---na-
χρηστήρια	xrhsth/ria	χρηστήριος	xrhsth/rios	urn:cite2:hmt:lsj.chicago_md:n114689	n-p---nn-
χρηστήρια	xrhsth/ria	χρηστήριος	xrhsth/rios	urn:cite2:hmt:lsj.chicago_md:n114689	n-p---nv-
χρηστήρια	xrhsth/ria	χρηστήριος	xrhsth/rios	urn:cite2:hmt:lsj.chicago_md:n114689	n-p---na-
χρηστήριον	xrhsth/rion	χρηστήριον	xrhsth/rion	urn:cite2:hmt:lsj.chicago_md:n114688	n-s---nn-
χρηστήριον	xrhsth/rion	χρηστήριον	xrhsth/rion	urn:cite2:hmt:lsj.chicago_md:n114688	n-s---nv-
χρηστήριον	xrhsth/rion	χρηστήριον	xrhsth/rion	urn:cite2:hmt:lsj.chicago_md:n114688	n-s---na-
χρηστήριον	xrhsth/rion	χρηστήριος	xrhsth/rios	urn:cite2:hmt:lsj.chicago_md:n114689	a-s---ma-
χρηστήριον	xrhsth/rion	χρηστήριος	xrhsth/rios	urn:cite2:hmt:lsj.chicago_md:n114689	a-s---nn-
χρηστήριον	xrhsth/rion	χρηστήριος	xrhsth/rios	urn:cite2:hmt:lsj.chicago_md:n114689	a-s---nv-
χρηστήριον	xrhsth/rion	χρηστήριος	xrhsth/rios	urn:cite2:hmt:lsj.chicago_md:n114689	a-s---na-
χρηστήριον	xrhsth/rion	χρηστήριος	xrhsth/rios	urn:cite2:hmt:lsj.chicago_md:n114689	n-s---ma-
χρηστήριον	xrhsth/rion	χρηστήριος	xrhsth/rios	urn:cite2:hmt:lsj.chicago_md:n114689	n-s---fa-
χρηστήριον	xrhsth/rion	χρηστήριος	xrhsth/rios	urn:cite2:hmt:lsj.chicago_md:n114689	n-s---nn-
χρηστήριον	xrhsth/rion	χρηστήριος	xrhsth/rios	urn:cite2:hmt:lsj.chicago_md:n114689	n-s---nv-
χρηστήριον	xrhsth/rion	χρηστήριος	xrhsth/rios	urn:cite2:hmt:lsj.chicago_md:n114689	n-s---na-
χρηστόν	xrhsto/n	χρηστός	xrhsto/s	urn:cite2:hmt:lsj.chicago_md:n114706	a-s---ma-
χρηστόν	xrhsto/n	χρηστός	xrhsto/s	urn:cite2:hmt:lsj.chicago_md:n114706	a-s---nn-
χρηστόν	xrhsto/n	χρηστός	xrhsto/s	urn:cite2:hmt:lsj.chicago_md:n114706	a-s---nv-
χρηστόν	xrhsto/n	χρηστός	xrhsto/s	urn:cite2:hmt:lsj.chicago_md:n114706	a-s---na-
χρονίου	xroni/ou	χρόνιος	xro/nios	urn:cite2:hmt:lsj.chicago_md:n114741	a-s---mg-
χρονίου	xroni/ou	χρόνιος	xro/nios	urn:cite2:hmt:lsj.chicago_md:n114741	a-s---ng-
χρονίου	xroni/ou	χρόνιος	xro/nios	urn:cite2:hmt:lsj.chicago_md:n114741	n-s---mg-
χρονίου	xroni/ou	χρόνιος	xro/nios	urn:cite2:hmt:lsj.chicago_md:n114741	n-s---fg-
χρονίου	xroni/ou	χρόνιος	xro/nios	urn:cite2:hmt:lsj.chicago_md:n114741	n-s---ng-
χρυσανταυγῆ	xrusantaugh=	χρυσανταυγής	xrusantaugh/s	urn:cite2:hmt:lsj.chicago_md:n114776	n-p---nn-
χρυσανταυγῆ	xrusantaugh=	χρυσανταυγής	xrusantaugh/s	urn:cite2:hmt:lsj.chicago_md:n114776	n-p---nv-
χρυσανταυγῆ	xrusantaugh=	χρυσανταυγής	xrusantaugh/s	urn:cite2:hmt:lsj.chicago_md:n114776	n-p---na-
χρυσανταυγῆ	xrusantaugh=	χρυσανταυγής	xrusantaugh/s	urn:cite2:hmt:lsj.chicago_md:n114776	n-d---mn-
χρυσανταυγῆ	xrusantaugh=	χρυσανταυγής	xrusantaugh/s	urn:cite2:hmt:lsj.chicago_md:n114776	n-d---mv-
χρυσανταυγῆ	xrusantaugh=	χρυσανταυγής	xrusantaugh/s	urn:cite2:hmt:lsj.chicago_md:n114776	n-d---ma-
χρυσανταυγῆ	xrusantaugh=	χρυσανταυγής	xrusantaugh/s	urn:cite2:hmt:lsj.chicago_md:n114776	n-d---fn-
χρυσανταυγῆ	xrusantaugh=	χρυσανταυγής	xrusantaugh/s	urn:cite2:hmt:lsj.chicago_md:n114776	n-d---fv-
χρυσανταυγῆ	xrusantaugh=	χρυσανταυγής	xrusantaugh/s	urn:cite2:hmt:lsj.chicago_md:n114776	n-d---fa-
χρυσανταυγῆ	xrusantaugh=	χρυσανταυγής	xrusantaugh/s	urn:cite2:hmt:lsj.chicago_md:n114776	n-d---nn-
χρυσανταυγῆ	xrusantaugh=	χρυσανταυγής	xrusantaugh/s	urn:cite2:hmt:lsj.chicago_md:n114776	n-d---nv-
χρυσανταυγῆ	xrusantaugh=	χρυσανταυγής	xrusantaugh/s	urn:cite2:hmt:lsj.chicago_md:n114776	n-d---na-
χρυσανταυγῆ	xrusantaugh=	χρυσανταυγής	xrusantaugh/s	urn:cite2:hmt:lsj.chicago_md:n114776	n-s---ma-
χρυσανταυγῆ	xrusantaugh=	χρυσανταυγής	xrusantaugh/s	urn:cite2:hmt:lsj.chicago_md:n114776	n-s---fa-
χρυσηλάτοις	xrushla/tois	χρυσήλατος	xrush/latos	urn:cite2:hmt:lsj.chicago_md:n114832	n-p---md-
χρυσηλάτοις	xrushla/tois	χρυσήλατος	xrush/latos	urn:cite2:hmt:lsj.chicago_md:n114832	n-p---fd-
χρυσηλάτοις	xrushla/tois	χρυσήλατος	xrush/latos	urn:cite2:hmt:lsj.chicago_md:n114832	n-p---nd-
χρυσολόγχου	xrusolo/gxou	χρυσόλογχος	xruso/logxos	urn:cite2:hmt:lsj.chicago_md:n114907	n-s---mg-
χρυσολόγχου	xrusolo/gxou	χρυσόλογχος	xruso/logxos	urn:cite2:hmt:lsj.chicago_md:n114907	n-s---fg-
χρυσολόγχου	xrusolo/gxou	χρυσόλογχος	xruso/logxos	urn:cite2:hmt:lsj.chicago_md:n114907	n-s---ng-
χρυσοστέφανον	xrusoste/fanon	χρυσοστέφανος	xrusoste/fanos	urn:cite2:hmt:lsj.chicago_md:n114982	n-s---ma-
χρυσοστέφανον	xrusoste/fanon	χρυσοστέφανος	xrusoste/fanos	urn:cite2:hmt:lsj.chicago_md:n114982	n-s---fa-
χρυσοστέφανον	xrusoste/fanon	χρυσοστέφανος	xrusoste/fanos	urn:cite2:hmt:lsj.chicago_md:n114982	n-s---nn-
χρυσοστέφανον	xrusoste/fanon	χρυσοστέφανος	xrusoste/fanos	urn:cite2:hmt:lsj.chicago_md:n114982	n-s---nv-
χρυσοστέφανον	xrusoste/fanon	χρυσοστέφανος	xrusoste/fanos	urn:cite2:hmt:lsj.chicago_md:n114982	n-s---na-
χρυσοφύλακα	xrusofu/laka	χρυσοφύλαξ	xrusofu/lac	urn:cite2:hmt:lsj.chicago_md:n115017	n-s---ma-
χρυσοφύλακα	xrusofu/laka	χρυσοφύλαξ	xrusofu/lac	urn:cite2:hmt:lsj.chicago_md:n115017	n-s---fa-
χρυσοῖσι	xrusoi=si	χρύσεος	xru/seos	urn:cite2:hmt:lsj.chicago_md:n114816	a-p---md-
χρυσοῖσι	xrusoi=si	χρύσεος	xru/seos	urn:cite2:hmt:lsj.chicago_md:n114816	a-p---nd-
χρυσοῖσι	xrusoi=si	χρυσός	xruso/s	urn:cite2:hmt:lsj.chicago_md:n114972	n-p---md-
χρυσοῖσι	xrusoi=si	χρυσόω	xruso/w	urn:cite2:hmt:lsj.chicago_md:n115031	v-pppamd-
χρυσοῖσι	xrusoi=si	χρυσόω	xruso/w	urn:cite2:hmt:lsj.chicago_md:n115031	v-pppand-
χρυσοῖσι	xrusoi=si	χρυσόω	xruso/w	urn:cite2:hmt:lsj.chicago_md:n115031	v3spsa---
χρυσοῖσι	xrusoi=si	χρυσόω	xruso/w	urn:cite2:hmt:lsj.chicago_md:n115031	v3ppia---
χρυσέαις	xruse/ais	χρύσεος	xru/seos	urn:cite2:hmt:lsj.chicago_md:n114816	a-p---fd-
χρυσέαις	xruse/ais	χρύσεος	xru/seos	urn:cite2:hmt:lsj.chicago_md:n114816	a-p---fd-
χρυσέας	xruse/as	χρύσεος	xru/seos	urn:cite2:hmt:lsj.chicago_md:n114816	a-p---fa-
χρυσέας	xruse/as	χρύσεος	xru/seos	urn:cite2:hmt:lsj.chicago_md:n114816	a-s---fg-
χρυσέους	xruse/ous	χρύσεος	xru/seos	urn:cite2:hmt:lsj.chicago_md:n114816	a-p---ma-
χρυσέων	xruse/wn	χρύσεος	xru/seos	urn:cite2:hmt:lsj.chicago_md:n114816	a-p---fg-
χρυσέων	xruse/wn	χρύσεος	xru/seos	urn:cite2:hmt:lsj.chicago_md:n114816	a-p---mg-
χρυσέων	xruse/wn	χρύσεος	xru/seos	urn:cite2:hmt:lsj.chicago_md:n114816	a-p---ng-
χρυσήρεις	xrush/reis	χρυσήρης	xrush/rhs	urn:cite2:hmt:lsj.chicago_md:n114835	n-p---ma-
χρυσήρεις	xrush/reis	χρυσήρης	xrush/rhs	urn:cite2:hmt:lsj.chicago_md:n114835	n-p---fa-
χρυσήρεις	xrush/reis	χρυσήρης	xrush/rhs	urn:cite2:hmt:lsj.chicago_md:n114835	n-p---mn-
χρυσήρεις	xrush/reis	χρυσήρης	xrush/rhs	urn:cite2:hmt:lsj.chicago_md:n114835	n-p---mv-
χρυσήρεις	xrush/reis	χρυσήρης	xrush/rhs	urn:cite2:hmt:lsj.chicago_md:n114835	n-p---fn-
χρυσήρεις	xrush/reis	χρυσήρης	xrush/rhs	urn:cite2:hmt:lsj.chicago_md:n114835	n-p---fv-
χρυσήρη	xrush/rh	χρυσήρης	xrush/rhs	urn:cite2:hmt:lsj.chicago_md:n114835	n-p---nn-
χρυσήρη	xrush/rh	χρυσήρης	xrush/rhs	urn:cite2:hmt:lsj.chicago_md:n114835	n-p---nv-
χρυσήρη	xrush/rh	χρυσήρης	xrush/rhs	urn:cite2:hmt:lsj.chicago_md:n114835	n-p---na-
χρυσήρη	xrush/rh	χρυσήρης	xrush/rhs	urn:cite2:hmt:lsj.chicago_md:n114835	n-d---mn-
χρυσήρη	xrush/rh	χρυσήρης	xrush/rhs	urn:cite2:hmt:lsj.chicago_md:n114835	n-d---mv-
χρυσήρη	xrush/rh	χρυσήρης	xrush/rhs	urn:cite2:hmt:lsj.chicago_md:n114835	n-d---ma-
χρυσήρη	xrush/rh	χρυσήρης	xrush/rhs	urn:cite2:hmt:lsj.chicago_md:n114835	n-d---fn-
χρυσήρη	xrush/rh	χρυσήρης	xrush/rhs	urn:cite2:hmt:lsj.chicago_md:n114835	n-d---fv-
χρυσήρη	xrush/rh	χρυσήρης	xrush/rhs	urn:cite2:hmt:lsj.chicago_md:n114835	n-d---fa-
χρυσήρη	xrush/rh	χρυσήρης	xrush/rhs	urn:cite2:hmt:lsj.chicago_md:n114835	n-d---nn-
χρυσήρη	xrush/rh	χρυσήρης	xrush/rhs	urn:cite2:hmt:lsj.chicago_md:n114835	n-d---nv-
χρυσήρη	xrush/rh	χρυσήρης	xrush/rhs	urn:cite2:hmt:lsj.chicago_md:n114835	n-d---na-
χρυσήρη	xrush/rh	χρυσήρης	xrush/rhs	urn:cite2:hmt:lsj.chicago_md:n114835	n-s---ma-
χρυσήρη	xrush/rh	χρυσήρης	xrush/rhs	urn:cite2:hmt:lsj.chicago_md:n114835	n-s---fa-
χρυσός	xruso/s	χρυσός	xruso/s	urn:cite2:hmt:lsj.chicago_md:n114972	n-s---mn-
χρυσώματι	xrusw/mati	χρύσωμα	xru/swma	urn:cite2:hmt:lsj.chicago_md:n115034	n-s---nd-
χρυσῷ	xrusw=|	χρύσεος	xru/seos	urn:cite2:hmt:lsj.chicago_md:n114816	a-s---md-
χρυσῷ	xrusw=|	χρύσεος	xru/seos	urn:cite2:hmt:lsj.chicago_md:n114816	a-s---nd-
χρυσῷ	xrusw=|	χρυσός	xruso/s	urn:cite2:hmt:lsj.chicago_md:n114972	n-s---md-
χρωμένη	xrwme/nh	χράομαι	xra/omai	urn:cite2:hmt:lsj.chicago_md:n114553a	v-sppefn-
χρωμένη	xrwme/nh	χράομαι	xra/omai	urn:cite2:hmt:lsj.chicago_md:n114553a	v-sppefv-
χρωμένη	xrwme/nh	χράομαι	xra/omai	urn:cite2:hmt:lsj.chicago_md:n114553a	v-sppefn-
χρωμένη	xrwme/nh	χράομαι	xra/omai	urn:cite2:hmt:lsj.chicago_md:n114553a	v-sppefv-
χρωμένη	xrwme/nh	χράω1	xra/w	urn:cite2:hmt:lsj.chicago_md:n114552	v-sppefn-
χρωμένη	xrwme/nh	χράω1	xra/w	urn:cite2:hmt:lsj.chicago_md:n114553	v-sppefn-
χρωμένη	xrwme/nh	χράω1	xra/w	urn:cite2:hmt:lsj.chicago_md:n114552	v-sppefv-
χρωμένη	xrwme/nh	χράω1	xra/w	urn:cite2:hmt:lsj.chicago_md:n114553	v-sppefv-
χρωμένη	xrwme/nh	χράω2	xra/w	urn:cite2:hmt:lsj.chicago_md:n114552	v-sppefn-
χρωμένη	xrwme/nh	χράω2	xra/w	urn:cite2:hmt:lsj.chicago_md:n114553	v-sppefn-
χρωμένη	xrwme/nh	χράω2	xra/w	urn:cite2:hmt:lsj.chicago_md:n114552	v-sppefv-
χρωμένη	xrwme/nh	χράω2	xra/w	urn:cite2:hmt:lsj.chicago_md:n114553	v-sppefv-
χρωμένη	xrwme/nh	χράω2	xra/w	urn:cite2:hmt:lsj.chicago_md:n114552	v-sppmfn-
χρωμένη	xrwme/nh	χράω2	xra/w	urn:cite2:hmt:lsj.chicago_md:n114553	v-sppmfn-
χρωμένη	xrwme/nh	χράω2	xra/w	urn:cite2:hmt:lsj.chicago_md:n114552	v-sppmfv-
χρωμένη	xrwme/nh	χράω2	xra/w	urn:cite2:hmt:lsj.chicago_md:n114553	v-sppmfv-
χρωμένη	xrwme/nh	χραύω	xrau/w	urn:cite2:hmt:lsj.chicago_md:n114551	v-sppefn-
χρωμένη	xrwme/nh	χραύω	xrau/w	urn:cite2:hmt:lsj.chicago_md:n114551	v-sppefv-
χρωμένων	xrwme/nwn	χράομαι	xra/omai	urn:cite2:hmt:lsj.chicago_md:n114553a	v-pppefg-
χρωμένων	xrwme/nwn	χράομαι	xra/omai	urn:cite2:hmt:lsj.chicago_md:n114553a	v-pppemg-
χρωμένων	xrwme/nwn	χράομαι	xra/omai	urn:cite2:hmt:lsj.chicago_md:n114553a	v-pppeng-
χρωμένων	xrwme/nwn	χράομαι	xra/omai	urn:cite2:hmt:lsj.chicago_md:n114553a	v-pppefg-
χρωμένων	xrwme/nwn	χράομαι	xra/omai	urn:cite2:hmt:lsj.chicago_md:n114553a	v-pppemg-
χρωμένων	xrwme/nwn	χράομαι	xra/omai	urn:cite2:hmt:lsj.chicago_md:n114553a	v-pppeng-
χρωμένων	xrwme/nwn	χράω1	xra/w	urn:cite2:hmt:lsj.chicago_md:n114552	v-pppefg-
χρωμένων	xrwme/nwn	χράω1	xra/w	urn:cite2:hmt:lsj.chicago_md:n114553	v-pppefg-
χρωμένων	xrwme/nwn	χράω1	xra/w	urn:cite2:hmt:lsj.chicago_md:n114552	v-pppemg-
χρωμένων	xrwme/nwn	χράω1	xra/w	urn:cite2:hmt:lsj.chicago_md:n114553	v-pppemg-
χρωμένων	xrwme/nwn	χράω1	xra/w	urn:cite2:hmt:lsj.chicago_md:n114552	v-pppeng-
χρωμένων	xrwme/nwn	χράω1	xra/w	urn:cite2:hmt:lsj.chicago_md:n114553	v-pppeng-
χρωμένων	xrwme/nwn	χράω2	xra/w	urn:cite2:hmt:lsj.chicago_md:n114552	v-pppefg-
χρωμένων	xrwme/nwn	χράω2	xra/w	urn:cite2:hmt:lsj.chicago_md:n114553	v-pppefg-
χρωμένων	xrwme/nwn	χράω2	xra/w	urn:cite2:hmt:lsj.chicago_md:n114552	v-pppemg-
χρωμένων	xrwme/nwn	χράω2	xra/w	urn:cite2:hmt:lsj.chicago_md:n114553	v-pppemg-
χρωμένων	xrwme/nwn	χράω2	xra/w	urn:cite2:hmt:lsj.chicago_md:n114552	v-pppeng-
χρωμένων	xrwme/nwn	χράω2	xra/w	urn:cite2:hmt:lsj.chicago_md:n114553	v-pppeng-
χρωμένων	xrwme/nwn	χράω2	xra/w	urn:cite2:hmt:lsj.chicago_md:n114552	v-pppmfg-
χρωμένων	xrwme/nwn	χράω2	xra/w	urn:cite2:hmt:lsj.chicago_md:n114553	v-pppmfg-
χρωμένων	xrwme/nwn	χράω2	xra/w	urn:cite2:hmt:lsj.chicago_md:n114552	v-pppmmg-
χρωμένων	xrwme/nwn	χράω2	xra/w	urn:cite2:hmt:lsj.chicago_md:n114553	v-pppmmg-
χρωμένων	xrwme/nwn	χράω2	xra/w	urn:cite2:hmt:lsj.chicago_md:n114552	v-pppmng-
χρωμένων	xrwme/nwn	χράω2	xra/w	urn:cite2:hmt:lsj.chicago_md:n114553	v-pppmng-
χρωμένων	xrwme/nwn	χραύω	xrau/w	urn:cite2:hmt:lsj.chicago_md:n114551	v-pppefg-
χρωμένων	xrwme/nwn	χραύω	xrau/w	urn:cite2:hmt:lsj.chicago_md:n114551	v-pppemg-
χρωμένων	xrwme/nwn	χραύω	xrau/w	urn:cite2:hmt:lsj.chicago_md:n114551	v-pppeng-
χρή	xrh/	χρή	xrh/	urn:cite2:hmt:lsj.chicago_md:n114615	v3spia---
χρήσομαι	xrh/somai	χράω2	xra/w	urn:cite2:hmt:lsj.chicago_md:n114552	v1sasm---
χρήσομαι	xrh/somai	χράω2	xra/w	urn:cite2:hmt:lsj.chicago_md:n114553	v1sasm---
χρήσομαι	xrh/somai	χράω2	xra/w	urn:cite2:hmt:lsj.chicago_md:n114552	v1sfim---
χρήσομαι	xrh/somai	χράω2	xra/w	urn:cite2:hmt:lsj.chicago_md:n114553	v1sfim---
χρίμπτειν	xri/mptein	χρίμπτω	xri/mptw	urn:cite2:hmt:lsj.chicago_md:n114716	v--pna---
χρόνια	xro/nia	χρόνιος	xro/nios	urn:cite2:hmt:lsj.chicago_md:n114741	a-p---nn-
χρόνια	xro/nia	χρόνιος	xro/nios	urn:cite2:hmt:lsj.chicago_md:n114741	a-p---nv-
χρόνια	xro/nia	χρόνιος	xro/nios	urn:cite2:hmt:lsj.chicago_md:n114741	a-p---na-
χρόνια	xro/nia	χρόνιος	xro/nios	urn:cite2:hmt:lsj.chicago_md:n114741	n-p---nn-
χρόνια	xro/nia	χρόνιος	xro/nios	urn:cite2:hmt:lsj.chicago_md:n114741	n-p---nv-
χρόνια	xro/nia	χρόνιος	xro/nios	urn:cite2:hmt:lsj.chicago_md:n114741	n-p---na-
χρόνιον	xro/nion	χρόνιος	xro/nios	urn:cite2:hmt:lsj.chicago_md:n114741	a-s---ma-
χρόνιον	xro/nion	χρόνιος	xro/nios	urn:cite2:hmt:lsj.chicago_md:n114741	a-s---nn-
χρόνιον	xro/nion	χρόνιος	xro/nios	urn:cite2:hmt:lsj.chicago_md:n114741	a-s---nv-
χρόνιον	xro/nion	χρόνιος	xro/nios	urn:cite2:hmt:lsj.chicago_md:n114741	a-s---na-
χρόνιον	xro/nion	χρόνιος	xro/nios	urn:cite2:hmt:lsj.chicago_md:n114741	n-s---ma-
χρόνιον	xro/nion	χρόνιος	xro/nios	urn:cite2:hmt:lsj.chicago_md:n114741	n-s---fa-
χρόνιον	xro/nion	χρόνιος	xro/nios	urn:cite2:hmt:lsj.chicago_md:n114741	n-s---nn-
χρόνιον	xro/nion	χρόνιος	xro/nios	urn:cite2:hmt:lsj.chicago_md:n114741	n-s---nv-
χρόνιον	xro/nion	χρόνιος	xro/nios	urn:cite2:hmt:lsj.chicago_md:n114741	n-s---na-
χρόνιος	xro/nios	χρόνιος	xro/nios	urn:cite2:hmt:lsj.chicago_md:n114741	a-s---mn-
χρόνιος	xro/nios	χρόνιος	xro/nios	urn:cite2:hmt:lsj.chicago_md:n114741	n-s---mn-
χρόνιος	xro/nios	χρόνιος	xro/nios	urn:cite2:hmt:lsj.chicago_md:n114741	n-s---fn-
χρόνι’	xro/ni'	χρόνιος	xro/nios	urn:cite2:hmt:lsj.chicago_md:n114741	a-p---nn-
χρόνι’	xro/ni'	χρόνιος	xro/nios	urn:cite2:hmt:lsj.chicago_md:n114741	a-p---nv-
χρόνι’	xro/ni'	χρόνιος	xro/nios	urn:cite2:hmt:lsj.chicago_md:n114741	a-p---na-
χρόνι’	xro/ni'	χρόνιος	xro/nios	urn:cite2:hmt:lsj.chicago_md:n114741	n-p---nn-
χρόνι’	xro/ni'	χρόνιος	xro/nios	urn:cite2:hmt:lsj.chicago_md:n114741	n-p---nv-
χρόνι’	xro/ni'	χρόνιος	xro/nios	urn:cite2:hmt:lsj.chicago_md:n114741	n-p---na-
χρόνι’	xro/ni'	χρόνιος	xro/nios	urn:cite2:hmt:lsj.chicago_md:n114741	a-s---mv-
χρόνι’	xro/ni'	χρόνιος	xro/nios	urn:cite2:hmt:lsj.chicago_md:n114741	n-s---mv-
χρόνι’	xro/ni'	χρόνιος	xro/nios	urn:cite2:hmt:lsj.chicago_md:n114741	n-s---fv-
χρόνι’	xro/ni'	χρόνιος	xro/nios	urn:cite2:hmt:lsj.chicago_md:n114741	a-p---fn-
χρόνι’	xro/ni'	χρόνιος	xro/nios	urn:cite2:hmt:lsj.chicago_md:n114741	a-p---fv-
χρόνον	xro/non	χρόνος	xro/nos	urn:cite2:hmt:lsj.chicago_md:n114753	n-s---ma-
χρόνος	xro/nos	χρόνος	xro/nos	urn:cite2:hmt:lsj.chicago_md:n114753	n-s---mn-
χρόνῳ	xro/nw|	χρόνος	xro/nos	urn:cite2:hmt:lsj.chicago_md:n114753	n-s---md-
χρύσωμ’	xru/swm'	χρύσωμα	xru/swma	urn:cite2:hmt:lsj.chicago_md:n115034	n-s---nn-
χρύσωμ’	xru/swm'	χρύσωμα	xru/swma	urn:cite2:hmt:lsj.chicago_md:n115034	n-s---nv-
χρύσωμ’	xru/swm'	χρύσωμα	xru/swma	urn:cite2:hmt:lsj.chicago_md:n115034	n-s---na-
χρῄζει	xrh/|zei	χρῄζω	xrh/|zw	urn:cite2:hmt:lsj.chicago_md:n114619	v2spie---
χρῄζει	xrh/|zei	χρῄζω	xrh/|zw	urn:cite2:hmt:lsj.chicago_md:n114620	v2spie---
χρῄζει	xrh/|zei	χρῄζω	xrh/|zw	urn:cite2:hmt:lsj.chicago_md:n114619	v3spia---
χρῄζει	xrh/|zei	χρῄζω	xrh/|zw	urn:cite2:hmt:lsj.chicago_md:n114620	v3spia---
χρῄζετε	xrh/|zete	χρῄζω	xrh/|zw	urn:cite2:hmt:lsj.chicago_md:n114619	v2ppma---
χρῄζετε	xrh/|zete	χρῄζω	xrh/|zw	urn:cite2:hmt:lsj.chicago_md:n114620	v2ppma---
χρῄζετε	xrh/|zete	χρῄζω	xrh/|zw	urn:cite2:hmt:lsj.chicago_md:n114619	v2ppia---
χρῄζετε	xrh/|zete	χρῄζω	xrh/|zw	urn:cite2:hmt:lsj.chicago_md:n114620	v2ppia---
χρῄζετε	xrh/|zete	χρῄζω	xrh/|zw	urn:cite2:hmt:lsj.chicago_md:n114619	v2piia---
χρῄζετε	xrh/|zete	χρῄζω	xrh/|zw	urn:cite2:hmt:lsj.chicago_md:n114620	v2piia---
χρῄζουσα	xrh/|zousa	χρῄζω	xrh/|zw	urn:cite2:hmt:lsj.chicago_md:n114619	v-sppafn-
χρῄζουσα	xrh/|zousa	χρῄζω	xrh/|zw	urn:cite2:hmt:lsj.chicago_md:n114620	v-sppafn-
χρῄζουσα	xrh/|zousa	χρῄζω	xrh/|zw	urn:cite2:hmt:lsj.chicago_md:n114619	v-sppafv-
χρῄζουσα	xrh/|zousa	χρῄζω	xrh/|zw	urn:cite2:hmt:lsj.chicago_md:n114620	v-sppafv-
χρῄζουσ’	xrh/|zous'	χρῄζω	xrh/|zw	urn:cite2:hmt:lsj.chicago_md:n114619	v-sppafn-
χρῄζουσ’	xrh/|zous'	χρῄζω	xrh/|zw	urn:cite2:hmt:lsj.chicago_md:n114620	v-sppafn-
χρῄζουσ’	xrh/|zous'	χρῄζω	xrh/|zw	urn:cite2:hmt:lsj.chicago_md:n114619	v-sppafv-
χρῄζουσ’	xrh/|zous'	χρῄζω	xrh/|zw	urn:cite2:hmt:lsj.chicago_md:n114620	v-sppafv-
χρῄζουσ’	xrh/|zous'	χρῄζω	xrh/|zw	urn:cite2:hmt:lsj.chicago_md:n114619	v-pppamd-
χρῄζουσ’	xrh/|zous'	χρῄζω	xrh/|zw	urn:cite2:hmt:lsj.chicago_md:n114620	v-pppamd-
χρῄζουσ’	xrh/|zous'	χρῄζω	xrh/|zw	urn:cite2:hmt:lsj.chicago_md:n114619	v-pppand-
χρῄζουσ’	xrh/|zous'	χρῄζω	xrh/|zw	urn:cite2:hmt:lsj.chicago_md:n114620	v-pppand-
χρῄζουσ’	xrh/|zous'	χρῄζω	xrh/|zw	urn:cite2:hmt:lsj.chicago_md:n114619	v3ppia---
χρῄζουσ’	xrh/|zous'	χρῄζω	xrh/|zw	urn:cite2:hmt:lsj.chicago_md:n114620	v3ppia---
χρῄζουσ’	xrh/|zous'	χρῄζω	xrh/|zw	urn:cite2:hmt:lsj.chicago_md:n114619	v-pppafn-
χρῄζουσ’	xrh/|zous'	χρῄζω	xrh/|zw	urn:cite2:hmt:lsj.chicago_md:n114620	v-pppafn-
χρῄζουσ’	xrh/|zous'	χρῄζω	xrh/|zw	urn:cite2:hmt:lsj.chicago_md:n114619	v-pppafv-
χρῄζουσ’	xrh/|zous'	χρῄζω	xrh/|zw	urn:cite2:hmt:lsj.chicago_md:n114620	v-pppafv-
χρῄζων	xrh/|zwn	χρῄζω	xrh/|zw	urn:cite2:hmt:lsj.chicago_md:n114619	v-sppamn-
χρῄζων	xrh/|zwn	χρῄζω	xrh/|zw	urn:cite2:hmt:lsj.chicago_md:n114620	v-sppamn-
χρῆμα	xrh=ma	χρῆμα	xrh=ma	urn:cite2:hmt:lsj.chicago_md:n114624	n-s---nn-
χρῆμα	xrh=ma	χρῆμα	xrh=ma	urn:cite2:hmt:lsj.chicago_md:n114624	n-s---nv-
χρῆμα	xrh=ma	χρῆμα	xrh=ma	urn:cite2:hmt:lsj.chicago_md:n114624	n-s---na-
χρῆμ’	xrh=m'	χρήμη	xrh/mh	urn:cite2:hmt:lsj.chicago_md:n114641	n-p---fn-
χρῆμ’	xrh=m'	χρήμη	xrh/mh	urn:cite2:hmt:lsj.chicago_md:n114641	n-p---fv-
χρῆμ’	xrh=m'	χρῆμα	xrh=ma	urn:cite2:hmt:lsj.chicago_md:n114624	n-s---nn-
χρῆμ’	xrh=m'	χρῆμα	xrh=ma	urn:cite2:hmt:lsj.chicago_md:n114624	n-s---nv-
χρῆμ’	xrh=m'	χρῆμα	xrh=ma	urn:cite2:hmt:lsj.chicago_md:n114624	n-s---na-
χρῆν	xrh=n	χράω1	xra/w	urn:cite2:hmt:lsj.chicago_md:n114552	v--pna---
χρῆν	xrh=n	χράω1	xra/w	urn:cite2:hmt:lsj.chicago_md:n114553	v--pna---
χρῆν	xrh=n	χράω2	xra/w	urn:cite2:hmt:lsj.chicago_md:n114552	v--pna---
χρῆν	xrh=n	χράω2	xra/w	urn:cite2:hmt:lsj.chicago_md:n114553	v--pna---
χρῆν	xrh=n	χράω2	xra/w	urn:cite2:hmt:lsj.chicago_md:n114552	v--pna---
χρῆν	xrh=n	χράω2	xra/w	urn:cite2:hmt:lsj.chicago_md:n114553	v--pna---
χρῆν	xrh=n	χραύω	xrau/w	urn:cite2:hmt:lsj.chicago_md:n114551	v--pna---
χρῆν	xrh=n	χρή	xrh/	urn:cite2:hmt:lsj.chicago_md:n114615	v3siia---
χρῆν	xrh=n	χρῆ	xrh=	urn:cite2:hmt:lsj.chicago_md:n114615	n-s---fa-
χρῆσθαι	xrh=sqai	χράομαι	xra/omai	urn:cite2:hmt:lsj.chicago_md:n114553a	v--pne---
χρῆσθαι	xrh=sqai	χράομαι	xra/omai	urn:cite2:hmt:lsj.chicago_md:n114553a	v--pne---
χρῆσθαι	xrh=sqai	χράομαι	xra/omai	urn:cite2:hmt:lsj.chicago_md:n114553a	v--pne---
χρῆσθαι	xrh=sqai	χράω1	xra/w	urn:cite2:hmt:lsj.chicago_md:n114552	v--pne---
χρῆσθαι	xrh=sqai	χράω1	xra/w	urn:cite2:hmt:lsj.chicago_md:n114553	v--pne---
χρῆσθαι	xrh=sqai	χράω2	xra/w	urn:cite2:hmt:lsj.chicago_md:n114552	v--pne---
χρῆσθαι	xrh=sqai	χράω2	xra/w	urn:cite2:hmt:lsj.chicago_md:n114553	v--pne---
χρῆσθαι	xrh=sqai	χράω2	xra/w	urn:cite2:hmt:lsj.chicago_md:n114552	v--pne---
χρῆσθαι	xrh=sqai	χράω2	xra/w	urn:cite2:hmt:lsj.chicago_md:n114553	v--pne---
χρῆσθαι	xrh=sqai	χραύω	xrau/w	urn:cite2:hmt:lsj.chicago_md:n114551	v--pne---
χωρεῖν	xwrei=n	χωρέω	xwre/w	urn:cite2:hmt:lsj.chicago_md:n115201	v--pna---
χωρίς	xwri/s	χωρίς	xwri/s	urn:cite2:hmt:lsj.chicago_md:n115213	d--------
χωρίσας	xwri/sas	χωρίζω	xwri/zw	urn:cite2:hmt:lsj.chicago_md:n115210	v-sapamn-
χωρίσας	xwri/sas	χωρίζω	xwri/zw	urn:cite2:hmt:lsj.chicago_md:n115210	v-sapamv-
χωρῶν	xwrw=n	χώρα	xw/ra	urn:cite2:hmt:lsj.chicago_md:n115193	n-p---fg-
χωρῶν	xwrw=n	χωράζω	xwra/zw	urn:cite2:hmt:lsj.chicago_md:n115194	v-sfpamv-
χωρῶν	xwrw=n	χωράζω	xwra/zw	urn:cite2:hmt:lsj.chicago_md:n115194	v-sfpann-
χωρῶν	xwrw=n	χωράζω	xwra/zw	urn:cite2:hmt:lsj.chicago_md:n115194	v-sfpanv-
χωρῶν	xwrw=n	χωράζω	xwra/zw	urn:cite2:hmt:lsj.chicago_md:n115194	v-sfpana-
χωρῶν	xwrw=n	χωράζω	xwra/zw	urn:cite2:hmt:lsj.chicago_md:n115194	v-sfpamn-
χωρῶν	xwrw=n	χωρέω	xwre/w	urn:cite2:hmt:lsj.chicago_md:n115201	v-sppamn-
χἡ	xh(	ὁ	o(	urn:cite2:hmt:lsj.chicago_md:n71882	l-s---fn-
χἡ	xh(	ὁ	o(	urn:cite2:hmt:lsj.chicago_md:n71882	l-s---fv-
χὡ	xw(	ὁ	o(	urn:cite2:hmt:lsj.chicago_md:n71882	l-s---mn-
χὥστις	xw(/stis	ὅστις	o(/stis	urn:cite2:hmt:lsj.chicago_md:n75598	p-s---mn-
χάριν	xa/rin	χάρις	xa/ris	urn:cite2:hmt:lsj.chicago_md:n113388	d--------
χάριν	xa/rin	χάρις	xa/ris	urn:cite2:hmt:lsj.chicago_md:n113388	r--------
χάριν	xa/rin	χάρις	xa/ris	urn:cite2:hmt:lsj.chicago_md:n113388	n-s---fa-
χάρις	xa/ris	χάρις	xa/ris	urn:cite2:hmt:lsj.chicago_md:n113388	n-s---fn-
χάσμα	xa/sma	χάσμα	xa/sma	urn:cite2:hmt:lsj.chicago_md:n113471	n-s---nn-
χάσμα	xa/sma	χάσμα	xa/sma	urn:cite2:hmt:lsj.chicago_md:n113471	n-s---nv-
χάσμα	xa/sma	χάσμα	xa/sma	urn:cite2:hmt:lsj.chicago_md:n113471	n-s---na-
χάσμα	xa/sma	χάσμη	xa/smh	urn:cite2:hmt:lsj.chicago_md:n113477	n-d---fn-
χάσμα	xa/sma	χάσμη	xa/smh	urn:cite2:hmt:lsj.chicago_md:n113477	n-d---fv-
χάσμα	xa/sma	χάσμη	xa/smh	urn:cite2:hmt:lsj.chicago_md:n113477	n-d---fa-
χάσμα	xa/sma	χάσμη	xa/smh	urn:cite2:hmt:lsj.chicago_md:n113477	n-s---fn-
χάσμα	xa/sma	χάσμη	xa/smh	urn:cite2:hmt:lsj.chicago_md:n113477	n-s---fv-
χέρας	xe/ras	χείρ	xei/r	urn:cite2:hmt:lsj.chicago_md:n113560	n-p---fa-
χέρσους	xe/rsous	χέρσος	xe/rsos	urn:cite2:hmt:lsj.chicago_md:n113852	n-p---fa-
χέρσους	xe/rsous	χερσόω	xerso/w	urn:cite2:hmt:lsj.chicago_md:n113853	v2siia---
χέρ’	xe/r'	χείρ	xei/r	urn:cite2:hmt:lsj.chicago_md:n113560	n-s---fa-
χέρ’	xe/r'	χείρ	xei/r	urn:cite2:hmt:lsj.chicago_md:n113560	n-d---fn-
χέρ’	xe/r'	χείρ	xei/r	urn:cite2:hmt:lsj.chicago_md:n113560	n-d---fv-
χέρ’	xe/r'	χείρ	xei/r	urn:cite2:hmt:lsj.chicago_md:n113560	n-d---fa-
χώρει	xw/rei	χωρέω	xwre/w	urn:cite2:hmt:lsj.chicago_md:n115201	v2spma---
χώρει	xw/rei	χωρέω	xwre/w	urn:cite2:hmt:lsj.chicago_md:n115201	v3siia---
χῶρός	xw=ro/s	χῶρος	xw=ros	urn:cite2:hmt:lsj.chicago_md:n115235	n-s---mn-
χῶρός	xw=ro/s	χῶρος	xw=ros	urn:cite2:hmt:lsj.chicago_md:n115236	n-s---mn-
ψαλμοί	yalmoi/	ψαλμός	yalmo/s	urn:cite2:hmt:lsj.chicago_md:n115313	n-p---mn-
ψαλμοί	yalmoi/	ψαλμός	yalmo/s	urn:cite2:hmt:lsj.chicago_md:n115313	n-p---mv-
ψαύειν	yau/ein	ψαύω	yau/w	urn:cite2:hmt:lsj.chicago_md:n115374	v--pna---
ψαύσας	yau/sas	ψαύω	yau/w	urn:cite2:hmt:lsj.chicago_md:n115374	v-sapamn-
ψαύσας	yau/sas	ψαύω	yau/w	urn:cite2:hmt:lsj.chicago_md:n115374	v-sapamv-
ψυχά	yuxa/	ψυχή	yuxh/	urn:cite2:hmt:lsj.chicago_md:n115887	n-d---fn-
ψυχά	yuxa/	ψυχή	yuxh/	urn:cite2:hmt:lsj.chicago_md:n115887	n-d---fv-
ψυχά	yuxa/	ψυχή	yuxh/	urn:cite2:hmt:lsj.chicago_md:n115887	n-d---fa-
ψυχά	yuxa/	ψυχή	yuxh/	urn:cite2:hmt:lsj.chicago_md:n115887	n-s---fn-
ψυχά	yuxa/	ψυχή	yuxh/	urn:cite2:hmt:lsj.chicago_md:n115887	n-s---fv-
ψυχάν	yuxa/n	ψυχή	yuxh/	urn:cite2:hmt:lsj.chicago_md:n115887	n-s---fa-
ψυχή	yuxh/	ψυχή	yuxh/	urn:cite2:hmt:lsj.chicago_md:n115887	n-s---fn-
ψυχή	yuxh/	ψυχή	yuxh/	urn:cite2:hmt:lsj.chicago_md:n115887	n-s---fv-
ψυχήν	yuxh/n	ψυχή	yuxh/	urn:cite2:hmt:lsj.chicago_md:n115887	n-s---fa-
ψυχῇ	yuxh=|	ψύχω	yu/xw	urn:cite2:hmt:lsj.chicago_md:n115980	v3sasp---
ψυχῇ	yuxh=|	ψυχάζω	yuxa/zw	urn:cite2:hmt:lsj.chicago_md:n115877	v2sfim---
ψυχῇ	yuxh=|	ψυχάζω	yuxa/zw	urn:cite2:hmt:lsj.chicago_md:n115877	v3sfia---
ψυχῇ	yuxh=|	ψυχή	yuxh/	urn:cite2:hmt:lsj.chicago_md:n115887	n-s---fd-
ψέγεις	ye/geis	ψέγω	ye/gw	urn:cite2:hmt:lsj.chicago_md:n115391	v2spia---
ψέγεις	ye/geis	ψέγω	ye/gw	urn:cite2:hmt:lsj.chicago_md:n115392	v2spia---
ψέγω	ye/gw	ψέγω	ye/gw	urn:cite2:hmt:lsj.chicago_md:n115391	v1spsa---
ψέγω	ye/gw	ψέγω	ye/gw	urn:cite2:hmt:lsj.chicago_md:n115392	v1spsa---
ψέγω	ye/gw	ψέγω	ye/gw	urn:cite2:hmt:lsj.chicago_md:n115391	v1spia---
ψέγω	ye/gw	ψέγω	ye/gw	urn:cite2:hmt:lsj.chicago_md:n115392	v1spia---
ψήφοισιν	yh/foisin	ψῆφος	yh=fos	urn:cite2:hmt:lsj.chicago_md:n115675	n-p---fd-
ψήφῳ	yh/fw|	ψῆφος	yh=fos	urn:cite2:hmt:lsj.chicago_md:n115675	n-s---fd-
ψόφους	yo/fous	ψόφος	yo/fos	urn:cite2:hmt:lsj.chicago_md:n115818	n-p---ma-
ἀβίοτον	a)bi/oton	ἀβίοτος	a)bi/otos	urn:cite2:hmt:lsj.chicago_md:n92	n-s---ma-
ἀβίοτον	a)bi/oton	ἀβίοτος	a)bi/otos	urn:cite2:hmt:lsj.chicago_md:n92	n-s---fa-
ἀβίοτον	a)bi/oton	ἀβίοτος	a)bi/otos	urn:cite2:hmt:lsj.chicago_md:n92	n-s---nn-
ἀβίοτον	a)bi/oton	ἀβίοτος	a)bi/otos	urn:cite2:hmt:lsj.chicago_md:n92	n-s---nv-
ἀβίοτον	a)bi/oton	ἀβίοτος	a)bi/otos	urn:cite2:hmt:lsj.chicago_md:n92	n-s---na-
ἀβίοτον	a)bi/oton	ἀβίωτος	a)bi/wtos	urn:cite2:hmt:lsj.chicago_md:n95	n-s---ma-
ἀβίοτον	a)bi/oton	ἀβίωτος	a)bi/wtos	urn:cite2:hmt:lsj.chicago_md:n95	n-s---fa-
ἀβίοτον	a)bi/oton	ἀβίωτος	a)bi/wtos	urn:cite2:hmt:lsj.chicago_md:n95	n-s---nn-
ἀβίοτον	a)bi/oton	ἀβίωτος	a)bi/wtos	urn:cite2:hmt:lsj.chicago_md:n95	n-s---nv-
ἀβίοτον	a)bi/oton	ἀβίωτος	a)bi/wtos	urn:cite2:hmt:lsj.chicago_md:n95	n-s---na-
ἀβίωτον	a)bi/wton	ἀβίωτος	a)bi/wtos	urn:cite2:hmt:lsj.chicago_md:n95	n-s---ma-
ἀβίωτον	a)bi/wton	ἀβίωτος	a)bi/wtos	urn:cite2:hmt:lsj.chicago_md:n95	n-s---fa-
ἀβίωτον	a)bi/wton	ἀβίωτος	a)bi/wtos	urn:cite2:hmt:lsj.chicago_md:n95	n-s---nn-
ἀβίωτον	a)bi/wton	ἀβίωτος	a)bi/wtos	urn:cite2:hmt:lsj.chicago_md:n95	n-s---nv-
ἀβίωτον	a)bi/wton	ἀβίωτος	a)bi/wtos	urn:cite2:hmt:lsj.chicago_md:n95	n-s---na-
ἀγαθά	a)gaqa/	ἀγαθός	a)gaqo/s	urn:cite2:hmt:lsj.chicago_md:n260	a-p---nn-
ἀγαθά	a)gaqa/	ἀγαθός	a)gaqo/s	urn:cite2:hmt:lsj.chicago_md:n260	a-p---nv-
ἀγαθά	a)gaqa/	ἀγαθός	a)gaqo/s	urn:cite2:hmt:lsj.chicago_md:n260	a-p---na-
ἀγαθά	a)gaqa/	ἀγαθός	a)gaqo/s	urn:cite2:hmt:lsj.chicago_md:n260	a-d---fn-
ἀγαθά	a)gaqa/	ἀγαθός	a)gaqo/s	urn:cite2:hmt:lsj.chicago_md:n260	a-d---fv-
ἀγαθά	a)gaqa/	ἀγαθός	a)gaqo/s	urn:cite2:hmt:lsj.chicago_md:n260	a-d---fa-
ἀγαθά	a)gaqa/	ἀγαθός	a)gaqo/s	urn:cite2:hmt:lsj.chicago_md:n260	a-s---fn-
ἀγαθά	a)gaqa/	ἀγαθός	a)gaqo/s	urn:cite2:hmt:lsj.chicago_md:n260	a-s---fv-
ἀγαθάς	a)gaqa/s	ἀγαθός	a)gaqo/s	urn:cite2:hmt:lsj.chicago_md:n260	a-p---fa-
ἀγαθόν	a)gaqo/n	ἀγαθός	a)gaqo/s	urn:cite2:hmt:lsj.chicago_md:n260	a-s---ma-
ἀγαθόν	a)gaqo/n	ἀγαθός	a)gaqo/s	urn:cite2:hmt:lsj.chicago_md:n260	a-s---nn-
ἀγαθόν	a)gaqo/n	ἀγαθός	a)gaqo/s	urn:cite2:hmt:lsj.chicago_md:n260	a-s---nv-
ἀγαθόν	a)gaqo/n	ἀγαθός	a)gaqo/s	urn:cite2:hmt:lsj.chicago_md:n260	a-s---na-
ἀγαθᾷ	a)gaqa=|	ἀγαθός	a)gaqo/s	urn:cite2:hmt:lsj.chicago_md:n260	a-s---fd-
ἀγγελίαν	a)ggeli/an	ἀγγελία	a)ggeli/a	urn:cite2:hmt:lsj.chicago_md:n390	n-s---fa-
ἀγγέλλοντας	a)gge/llontas	ἀγγέλλω	a)gge/llw	urn:cite2:hmt:lsj.chicago_md:n395	v-pppama-
ἀγκάλαις	a)gka/lais	ἀγκάλη	a)gka/lh	urn:cite2:hmt:lsj.chicago_md:n538	n-p---fd-
ἀγκάλας	a)gka/las	ἀγκάλη	a)gka/lh	urn:cite2:hmt:lsj.chicago_md:n538	n-p---fa-
ἀγκάλας	a)gka/las	ἀγκάλη	a)gka/lh	urn:cite2:hmt:lsj.chicago_md:n538	n-s---fg-
ἀγνώς	a)gnw/s	ἀγνώς	a)gnw/s	urn:cite2:hmt:lsj.chicago_md:n744	n-s---mn-
ἀγνώς	a)gnw/s	ἀγνώς	a)gnw/s	urn:cite2:hmt:lsj.chicago_md:n744	n-s---fn-
ἀγραύλοις	a)grau/lois	ἄγραυλος	a)/graulos	urn:cite2:hmt:lsj.chicago_md:n813	n-p---md-
ἀγραύλοις	a)grau/lois	ἄγραυλος	a)/graulos	urn:cite2:hmt:lsj.chicago_md:n813	n-p---fd-
ἀγραύλοις	a)grau/lois	ἄγραυλος	a)/graulos	urn:cite2:hmt:lsj.chicago_md:n813	n-p---nd-
ἀγρίας	a)gri/as	ἄγριος	a)/grios	urn:cite2:hmt:lsj.chicago_md:n892	a-p---fa-
ἀγρίας	a)gri/as	ἄγριος	a)/grios	urn:cite2:hmt:lsj.chicago_md:n892	a-s---fg-
ἀγρίας	a)gri/as	ἀγρία	a)gri/a	urn:cite2:hmt:lsj.chicago_md:n842	n-p---fa-
ἀγρίας	a)gri/as	ἀγρία	a)gri/a	urn:cite2:hmt:lsj.chicago_md:n842	n-s---fg-
ἀγρίας	a)gri/as	ἀγριάω	a)gria/w	urn:cite2:hmt:lsj.chicago_md:n849	v2siia---
ἀγρίας	a)gri/as	ἀγριάω	a)gria/w	urn:cite2:hmt:lsj.chicago_md:n849	v2siia---
ἀγρίων	a)gri/wn	ἄγριος	a)/grios	urn:cite2:hmt:lsj.chicago_md:n892	a-p---fg-
ἀγρίων	a)gri/wn	ἄγριος	a)/grios	urn:cite2:hmt:lsj.chicago_md:n892	a-p---mg-
ἀγρίων	a)gri/wn	ἄγριος	a)/grios	urn:cite2:hmt:lsj.chicago_md:n892	a-p---ng-
ἀγρίων	a)gri/wn	ἄγριος	a)/grios	urn:cite2:hmt:lsj.chicago_md:n892	n-p---mg-
ἀγρίων	a)gri/wn	ἄγριος	a)/grios	urn:cite2:hmt:lsj.chicago_md:n892	n-p---fg-
ἀγρίων	a)gri/wn	ἄγριος	a)/grios	urn:cite2:hmt:lsj.chicago_md:n892	n-p---ng-
ἀγρίων	a)gri/wn	ἀγρέω	a)gre/w	urn:cite2:hmt:lsj.chicago_md:n839	v-sppamn-
ἀγρίων	a)gri/wn	ἀγριάω	a)gria/w	urn:cite2:hmt:lsj.chicago_md:n849	v3piia---
ἀγρίων	a)gri/wn	ἀγριάω	a)gria/w	urn:cite2:hmt:lsj.chicago_md:n849	v1siia---
ἀγρίων	a)gri/wn	ἀγριάω	a)gria/w	urn:cite2:hmt:lsj.chicago_md:n849	v3piia---
ἀγρίων	a)gri/wn	ἀγριάω	a)gria/w	urn:cite2:hmt:lsj.chicago_md:n849	v1siia---
ἀγρίων	a)gri/wn	ἀγριόω	a)grio/w	urn:cite2:hmt:lsj.chicago_md:n905	v3piia---
ἀγρίων	a)gri/wn	ἀγριόω	a)grio/w	urn:cite2:hmt:lsj.chicago_md:n905	v1siia---
ἀγυιάς	a)guia/s	ἀγυιά	a)guia/	urn:cite2:hmt:lsj.chicago_md:n967	n-p---fa-
ἀγυιάτιδες	a)guia/tides	ἀγυιᾶτις	a)guia=tis	urn:cite2:hmt:lsj.chicago_md:n970	n-p---fn-
ἀγυιάτιδες	a)guia/tides	ἀγυιᾶτις	a)guia=tis	urn:cite2:hmt:lsj.chicago_md:n970	n-p---fv-
ἀγωνισταί	a)gwnistai/	ἀγωνιστής	a)gwnisth/s	urn:cite2:hmt:lsj.chicago_md:n1107	n-p---mn-
ἀγωνισταί	a)gwnistai/	ἀγωνιστής	a)gwnisth/s	urn:cite2:hmt:lsj.chicago_md:n1107	n-p---mv-
ἀγάθ’	a)ga/q'	ἀγαστός	a)gasto/s	urn:cite2:hmt:lsj.chicago_md:n365	a-p---nn-
ἀγάθ’	a)ga/q'	ἀγαστός	a)gasto/s	urn:cite2:hmt:lsj.chicago_md:n365	a-p---nv-
ἀγάθ’	a)ga/q'	ἀγαστός	a)gasto/s	urn:cite2:hmt:lsj.chicago_md:n365	a-p---na-
ἀγάθ’	a)ga/q'	ἀγαστός	a)gasto/s	urn:cite2:hmt:lsj.chicago_md:n365	a-d---fn-
ἀγάθ’	a)ga/q'	ἀγαστός	a)gasto/s	urn:cite2:hmt:lsj.chicago_md:n365	a-d---fv-
ἀγάθ’	a)ga/q'	ἀγαστός	a)gasto/s	urn:cite2:hmt:lsj.chicago_md:n365	a-d---fa-
ἀγάθ’	a)ga/q'	ἀγαστός	a)gasto/s	urn:cite2:hmt:lsj.chicago_md:n365	a-s---fn-
ἀγάθ’	a)ga/q'	ἀγαστός	a)gasto/s	urn:cite2:hmt:lsj.chicago_md:n365	a-s---fv-
ἀγάθ’	a)ga/q'	ἀγαστός	a)gasto/s	urn:cite2:hmt:lsj.chicago_md:n365	a-s---mv-
ἀγάθ’	a)ga/q'	ἀγαστός	a)gasto/s	urn:cite2:hmt:lsj.chicago_md:n365	a-p---fn-
ἀγάθ’	a)ga/q'	ἀγαστός	a)gasto/s	urn:cite2:hmt:lsj.chicago_md:n365	a-p---fv-
ἀγάθ’	a)ga/q'	ἀγατός	a)gato/s	urn:cite2:hmt:lsj.chicago_md:n369	a-p---nn-
ἀγάθ’	a)ga/q'	ἀγατός	a)gato/s	urn:cite2:hmt:lsj.chicago_md:n369	a-p---nv-
ἀγάθ’	a)ga/q'	ἀγατός	a)gato/s	urn:cite2:hmt:lsj.chicago_md:n369	a-p---na-
ἀγάθ’	a)ga/q'	ἀγατός	a)gato/s	urn:cite2:hmt:lsj.chicago_md:n369	a-d---fn-
ἀγάθ’	a)ga/q'	ἀγατός	a)gato/s	urn:cite2:hmt:lsj.chicago_md:n369	a-d---fv-
ἀγάθ’	a)ga/q'	ἀγατός	a)gato/s	urn:cite2:hmt:lsj.chicago_md:n369	a-d---fa-
ἀγάθ’	a)ga/q'	ἀγατός	a)gato/s	urn:cite2:hmt:lsj.chicago_md:n369	a-s---fn-
ἀγάθ’	a)ga/q'	ἀγατός	a)gato/s	urn:cite2:hmt:lsj.chicago_md:n369	a-s---fv-
ἀγάθ’	a)ga/q'	ἀγατός	a)gato/s	urn:cite2:hmt:lsj.chicago_md:n369	a-s---mv-
ἀγάθ’	a)ga/q'	ἀγατός	a)gato/s	urn:cite2:hmt:lsj.chicago_md:n369	a-p---fn-
ἀγάθ’	a)ga/q'	ἀγατός	a)gato/s	urn:cite2:hmt:lsj.chicago_md:n369	a-p---fv-
ἀγέλας	a)ge/las	ἀγέλη	a)ge/lh	urn:cite2:hmt:lsj.chicago_md:n436	n-p---fa-
ἀγέλας	a)ge/las	ἀγέλη	a)ge/lh	urn:cite2:hmt:lsj.chicago_md:n436	n-s---fg-
ἀγῶνα	a)gw=na	ἀγών	a)gw/n	urn:cite2:hmt:lsj.chicago_md:n1093	n-s---ma-
ἀγῶνας	a)gw=nas	ἀγών	a)gw/n	urn:cite2:hmt:lsj.chicago_md:n1093	n-p---ma-
ἀδελφός	a)delfo/s	ἀδελφός	a)delfo/s	urn:cite2:hmt:lsj.chicago_md:n1211	n-s---mn-
ἀδελφῷ	a)delfw=|	ἀδελφός	a)delfo/s	urn:cite2:hmt:lsj.chicago_md:n1211	n-s---md-
ἀδικεῖ	a)dikei=	ἀδικέω	a)dike/w	urn:cite2:hmt:lsj.chicago_md:n1377	v2spie---
ἀδικεῖ	a)dikei=	ἀδικέω	a)dike/w	urn:cite2:hmt:lsj.chicago_md:n1377	v3spia---
ἀδικεῖτ’	a)dikei=t'	ἀδικέω	a)dike/w	urn:cite2:hmt:lsj.chicago_md:n1377	v3siie---
ἀδικεῖτ’	a)dikei=t'	ἀδικέω	a)dike/w	urn:cite2:hmt:lsj.chicago_md:n1377	v3spoe---
ἀδικεῖτ’	a)dikei=t'	ἀδικέω	a)dike/w	urn:cite2:hmt:lsj.chicago_md:n1377	v2piia---
ἀδικεῖτ’	a)dikei=t'	ἀδικέω	a)dike/w	urn:cite2:hmt:lsj.chicago_md:n1377	v2ppma---
ἀδικεῖτ’	a)dikei=t'	ἀδικέω	a)dike/w	urn:cite2:hmt:lsj.chicago_md:n1377	v2ppoa---
ἀδικεῖτ’	a)dikei=t'	ἀδικέω	a)dike/w	urn:cite2:hmt:lsj.chicago_md:n1377	v2ppia---
ἀδικεῖτ’	a)dikei=t'	ἀδικέω	a)dike/w	urn:cite2:hmt:lsj.chicago_md:n1377	v3spie---
ἀδικεῖτ’	a)dikei=t'	ἀδικέω	a)dike/w	urn:cite2:hmt:lsj.chicago_md:n1377	v3siie---
ἀδικεῖτ’	a)dikei=t'	ἀδικέω	a)dike/w	urn:cite2:hmt:lsj.chicago_md:n1377	v2piia---
ἀδικήσαντά	a)dikh/santa/	ἀδικέω	a)dike/w	urn:cite2:hmt:lsj.chicago_md:n1377	v-papann-
ἀδικήσαντά	a)dikh/santa/	ἀδικέω	a)dike/w	urn:cite2:hmt:lsj.chicago_md:n1377	v-papanv-
ἀδικήσαντά	a)dikh/santa/	ἀδικέω	a)dike/w	urn:cite2:hmt:lsj.chicago_md:n1377	v-papana-
ἀδικήσαντά	a)dikh/santa/	ἀδικέω	a)dike/w	urn:cite2:hmt:lsj.chicago_md:n1377	v-sapama-
ἀδικίαις	a)diki/ais	ἀδικία	a)diki/a	urn:cite2:hmt:lsj.chicago_md:n1384	n-p---fd-
ἀδικίαν	a)diki/an	ἀδικία	a)diki/a	urn:cite2:hmt:lsj.chicago_md:n1384	n-s---fa-
ἀδικίας	a)diki/as	ἀδικία	a)diki/a	urn:cite2:hmt:lsj.chicago_md:n1384	n-p---fa-
ἀδικίας	a)diki/as	ἀδικία	a)diki/a	urn:cite2:hmt:lsj.chicago_md:n1384	n-s---fg-
ἀδυνάτων	a)duna/twn	ἀδύνατος	a)du/natos	urn:cite2:hmt:lsj.chicago_md:n1522	n-p---mg-
ἀδυνάτων	a)duna/twn	ἀδύνατος	a)du/natos	urn:cite2:hmt:lsj.chicago_md:n1522	n-p---fg-
ἀδυνάτων	a)duna/twn	ἀδύνατος	a)du/natos	urn:cite2:hmt:lsj.chicago_md:n1522	n-p---ng-
ἀδυνάτων	a)duna/twn	ἀδυνατόω	a)dunato/w	urn:cite2:hmt:lsj.chicago_md:n1523	v3piia---
ἀδυνάτων	a)duna/twn	ἀδυνατόω	a)dunato/w	urn:cite2:hmt:lsj.chicago_md:n1523	v1siia---
ἀδυνάτων	a)duna/twn	ἀδυνατόω	a)dunato/w	urn:cite2:hmt:lsj.chicago_md:n1523	v3piia---
ἀδυνάτων	a)duna/twn	ἀδυνατόω	a)dunato/w	urn:cite2:hmt:lsj.chicago_md:n1523	v1siia---
ἀδάκρυτος	a)da/krutos	ἀδάκρυτος	a)da/krutos	urn:cite2:hmt:lsj.chicago_md:n1138	n-s---mn-
ἀδάκρυτος	a)da/krutos	ἀδάκρυτος	a)da/krutos	urn:cite2:hmt:lsj.chicago_md:n1138	n-s---fn-
ἀδίκημά	a)di/khma/	ἀδίκημα	a)di/khma	urn:cite2:hmt:lsj.chicago_md:n1379	n-s---nn-
ἀδίκημά	a)di/khma/	ἀδίκημα	a)di/khma	urn:cite2:hmt:lsj.chicago_md:n1379	n-s---nv-
ἀδίκημά	a)di/khma/	ἀδίκημα	a)di/khma	urn:cite2:hmt:lsj.chicago_md:n1379	n-s---na-
ἀδίκους	a)di/kous	ἄδικος	a)/dikos	urn:cite2:hmt:lsj.chicago_md:n1397	n-p---ma-
ἀδίκους	a)di/kous	ἄδικος	a)/dikos	urn:cite2:hmt:lsj.chicago_md:n1397	n-p---fa-
ἀδόκητος	a)do/khtos	ἀδόκητος	a)do/khtos	urn:cite2:hmt:lsj.chicago_md:n1436	n-s---mn-
ἀδόκητος	a)do/khtos	ἀδόκητος	a)do/khtos	urn:cite2:hmt:lsj.chicago_md:n1436	n-s---fn-
ἀδύτων	a)du/twn	ἄδυτος	a)/dutos	urn:cite2:hmt:lsj.chicago_md:n1526	n-p---mg-
ἀδύτων	a)du/twn	ἄδυτος	a)/dutos	urn:cite2:hmt:lsj.chicago_md:n1526	n-p---fg-
ἀδύτων	a)du/twn	ἄδυτος	a)/dutos	urn:cite2:hmt:lsj.chicago_md:n1526	n-p---ng-
ἀελίου	a)eli/ou	ἀέλιος	a)e/lios	urn:cite2:hmt:lsj.chicago_md:n1669	n-s---mg-
ἀελίου	a)eli/ou	ἥλιος	h(/lios	urn:cite2:hmt:lsj.chicago_md:n46892	n-s---mg-
ἀενάων	a)ena/wn	ἀέναος	a)e/naos	urn:cite2:hmt:lsj.chicago_md:n1692	a-s---mn-
ἀενάων	a)ena/wn	ἀέναος	a)e/naos	urn:cite2:hmt:lsj.chicago_md:n1692	n-p---mg-
ἀενάων	a)ena/wn	ἀέναος	a)e/naos	urn:cite2:hmt:lsj.chicago_md:n1692	n-p---fg-
ἀενάων	a)ena/wn	ἀέναος	a)e/naos	urn:cite2:hmt:lsj.chicago_md:n1692	n-p---ng-
ἀενάων	a)ena/wn	ἀενάων	a)ena/wn	urn:cite2:hmt:lsj.chicago_md:n1693	a-s---mn-
ἀεί	a)ei/	ἀεί	a)ei/	urn:cite2:hmt:lsj.chicago_md:n1564	d--------
ἀείδεθ’	a)ei/deq'	ἀείδω	a)ei/dw	urn:cite2:hmt:lsj.chicago_md:n1587	v3siie---
ἀείδεθ’	a)ei/deq'	ἀείδω	a)ei/dw	urn:cite2:hmt:lsj.chicago_md:n1587	v2piia---
ἀείδεθ’	a)ei/deq'	ἀείδω	a)ei/dw	urn:cite2:hmt:lsj.chicago_md:n1587	v2ppma---
ἀείδεθ’	a)ei/deq'	ἀείδω	a)ei/dw	urn:cite2:hmt:lsj.chicago_md:n1587	v2ppia---
ἀείδεθ’	a)ei/deq'	ἀείδω	a)ei/dw	urn:cite2:hmt:lsj.chicago_md:n1587	v3spie---
ἀείδεθ’	a)ei/deq'	ἀείδω	a)ei/dw	urn:cite2:hmt:lsj.chicago_md:n1587	v3siie---
ἀείδεθ’	a)ei/deq'	ἀείδω	a)ei/dw	urn:cite2:hmt:lsj.chicago_md:n1587	v2piia---
ἀείδουσ’	a)ei/dous'	ἀείδω	a)ei/dw	urn:cite2:hmt:lsj.chicago_md:n1587	v-sppafn-
ἀείδουσ’	a)ei/dous'	ἀείδω	a)ei/dw	urn:cite2:hmt:lsj.chicago_md:n1587	v-sppafv-
ἀείδουσ’	a)ei/dous'	ἀείδω	a)ei/dw	urn:cite2:hmt:lsj.chicago_md:n1587	v-pppamd-
ἀείδουσ’	a)ei/dous'	ἀείδω	a)ei/dw	urn:cite2:hmt:lsj.chicago_md:n1587	v-pppand-
ἀείδουσ’	a)ei/dous'	ἀείδω	a)ei/dw	urn:cite2:hmt:lsj.chicago_md:n1587	v3ppia---
ἀείδουσ’	a)ei/dous'	ἀείδω	a)ei/dw	urn:cite2:hmt:lsj.chicago_md:n1587	v-pppafn-
ἀείδουσ’	a)ei/dous'	ἀείδω	a)ei/dw	urn:cite2:hmt:lsj.chicago_md:n1587	v-pppafv-
ἀηδόνιον	a)hdo/nion	ἀηδόνιον	a)hdo/nion	urn:cite2:hmt:lsj.chicago_md:n1857	n-s---nn-
ἀηδόνιον	a)hdo/nion	ἀηδόνιον	a)hdo/nion	urn:cite2:hmt:lsj.chicago_md:n1857	n-s---nv-
ἀηδόνιον	a)hdo/nion	ἀηδόνιον	a)hdo/nion	urn:cite2:hmt:lsj.chicago_md:n1857	n-s---na-
ἀηδόνιον	a)hdo/nion	ἀηδόνιος	a)hdo/nios	urn:cite2:hmt:lsj.chicago_md:n1858	n-s---ma-
ἀηδόνιον	a)hdo/nion	ἀηδόνιος	a)hdo/nios	urn:cite2:hmt:lsj.chicago_md:n1858	n-s---fa-
ἀηδόνιον	a)hdo/nion	ἀηδόνιος	a)hdo/nios	urn:cite2:hmt:lsj.chicago_md:n1858	n-s---nn-
ἀηδόνιον	a)hdo/nion	ἀηδόνιος	a)hdo/nios	urn:cite2:hmt:lsj.chicago_md:n1858	n-s---nv-
ἀηδόνιον	a)hdo/nion	ἀηδόνιος	a)hdo/nios	urn:cite2:hmt:lsj.chicago_md:n1858	n-s---na-
ἀθανάτοις	a)qana/tois	ἀθάνατος	a)qa/natos	urn:cite2:hmt:lsj.chicago_md:n1899	a-p---md-
ἀθανάτοις	a)qana/tois	ἀθάνατος	a)qa/natos	urn:cite2:hmt:lsj.chicago_md:n1899	a-p---nd-
ἀθανάτοις	a)qana/tois	ἀθάνατος	a)qa/natos	urn:cite2:hmt:lsj.chicago_md:n1899	n-p---md-
ἀθανάτοις	a)qana/tois	ἀθάνατος	a)qa/natos	urn:cite2:hmt:lsj.chicago_md:n1899	n-p---fd-
ἀθανάτοις	a)qana/tois	ἀθάνατος	a)qa/natos	urn:cite2:hmt:lsj.chicago_md:n1899	n-p---nd-
ἀθανάτων	a)qana/twn	ἀθάνατος	a)qa/natos	urn:cite2:hmt:lsj.chicago_md:n1899	a-p---fg-
ἀθανάτων	a)qana/twn	ἀθάνατος	a)qa/natos	urn:cite2:hmt:lsj.chicago_md:n1899	a-p---mg-
ἀθανάτων	a)qana/twn	ἀθάνατος	a)qa/natos	urn:cite2:hmt:lsj.chicago_md:n1899	a-p---ng-
ἀθανάτων	a)qana/twn	ἀθάνατος	a)qa/natos	urn:cite2:hmt:lsj.chicago_md:n1899	n-p---mg-
ἀθανάτων	a)qana/twn	ἀθάνατος	a)qa/natos	urn:cite2:hmt:lsj.chicago_md:n1899	n-p---fg-
ἀθανάτων	a)qana/twn	ἀθάνατος	a)qa/natos	urn:cite2:hmt:lsj.chicago_md:n1899	n-p---ng-
ἀθανάτων	a)qana/twn	ἀθανατόω	a)qanato/w	urn:cite2:hmt:lsj.chicago_md:n1900	v3piia---
ἀθανάτων	a)qana/twn	ἀθανατόω	a)qanato/w	urn:cite2:hmt:lsj.chicago_md:n1900	v1siia---
ἀθανάτων	a)qana/twn	ἀθανατόω	a)qanato/w	urn:cite2:hmt:lsj.chicago_md:n1900	v3piia---
ἀθανάτων	a)qana/twn	ἀθανατόω	a)qanato/w	urn:cite2:hmt:lsj.chicago_md:n1900	v1siia---
ἀθλία	a)qli/a	ἄθλιος	a)/qlios	urn:cite2:hmt:lsj.chicago_md:n2024	a-d---fn-
ἀθλία	a)qli/a	ἄθλιος	a)/qlios	urn:cite2:hmt:lsj.chicago_md:n2024	a-d---fv-
ἀθλία	a)qli/a	ἄθλιος	a)/qlios	urn:cite2:hmt:lsj.chicago_md:n2024	a-d---fa-
ἀθλία	a)qli/a	ἄθλιος	a)/qlios	urn:cite2:hmt:lsj.chicago_md:n2024	a-s---fn-
ἀθλία	a)qli/a	ἄθλιος	a)/qlios	urn:cite2:hmt:lsj.chicago_md:n2024	a-s---fv-
ἀθλίαν	a)qli/an	ἄθλιος	a)/qlios	urn:cite2:hmt:lsj.chicago_md:n2024	a-s---fa-
ἀθλίως	a)qli/ws	ἄθλιος	a)/qlios	urn:cite2:hmt:lsj.chicago_md:n2024	x--------
ἀθλίως	a)qli/ws	ἄθλιος	a)/qlios	urn:cite2:hmt:lsj.chicago_md:n2024	a-p---ma-
ἀθλίως	a)qli/ws	ἄθλιος	a)/qlios	urn:cite2:hmt:lsj.chicago_md:n2024	x--------
ἀθλίως	a)qli/ws	ἄθλιος	a)/qlios	urn:cite2:hmt:lsj.chicago_md:n2024	n-p---ma-
ἀθλίως	a)qli/ws	ἄθλιος	a)/qlios	urn:cite2:hmt:lsj.chicago_md:n2024	n-p---fa-
ἀθροίζων	a)qroi/zwn	ἀθροίζω	a)qroi/zw	urn:cite2:hmt:lsj.chicago_md:n2055	v-sppamn-
ἀθροίζων	a)qroi/zwn	ἀθροίζω	a)qroi/zw	urn:cite2:hmt:lsj.chicago_md:n2055	v-sppamn-
ἀθροίσας	a)qroi/sas	ἀθρέω	a)qre/w	urn:cite2:hmt:lsj.chicago_md:n2047	v-pppafa-
ἀθροίσας	a)qroi/sas	ἀθρέω	a)qre/w	urn:cite2:hmt:lsj.chicago_md:n2047	v-sppafg-
ἀθροίσας	a)qroi/sas	ἀθροίζω	a)qroi/zw	urn:cite2:hmt:lsj.chicago_md:n2055	v-sapamn-
ἀθροίσας	a)qroi/sas	ἀθροίζω	a)qroi/zw	urn:cite2:hmt:lsj.chicago_md:n2055	v-sapamv-
ἀθροίσας	a)qroi/sas	ἀθροίζω	a)qroi/zw	urn:cite2:hmt:lsj.chicago_md:n2055	v-sapamn-
ἀθροίσας	a)qroi/sas	ἀθροίζω	a)qroi/zw	urn:cite2:hmt:lsj.chicago_md:n2055	v-sapamv-
ἀθέμιτας	a)qe/mitas	ἄθεμις	a)/qemis	urn:cite2:hmt:lsj.chicago_md:n1929	n-p---ma-
ἀθέμιτας	a)qe/mitas	ἄθεμις	a)/qemis	urn:cite2:hmt:lsj.chicago_md:n1929	n-p---fa-
ἀθύρων	a)qu/rwn	ἄθυρος	a)/quros	urn:cite2:hmt:lsj.chicago_md:n2079	n-p---mg-
ἀθύρων	a)qu/rwn	ἄθυρος	a)/quros	urn:cite2:hmt:lsj.chicago_md:n2079	n-p---fg-
ἀθύρων	a)qu/rwn	ἄθυρος	a)/quros	urn:cite2:hmt:lsj.chicago_md:n2079	n-p---ng-
ἀθύρων	a)qu/rwn	ἀθύρω	a)qu/rw	urn:cite2:hmt:lsj.chicago_md:n2084	v-sppamn-
ἀκεσφόρον	a)kesfo/ron	ἀκεσφόρος	a)kesfo/ros	urn:cite2:hmt:lsj.chicago_md:n3124	n-s---ma-
ἀκεσφόρον	a)kesfo/ron	ἀκεσφόρος	a)kesfo/ros	urn:cite2:hmt:lsj.chicago_md:n3124	n-s---fa-
ἀκεσφόρον	a)kesfo/ron	ἀκεσφόρος	a)kesfo/ros	urn:cite2:hmt:lsj.chicago_md:n3124	n-s---nn-
ἀκεσφόρον	a)kesfo/ron	ἀκεσφόρος	a)kesfo/ros	urn:cite2:hmt:lsj.chicago_md:n3124	n-s---nv-
ἀκεσφόρον	a)kesfo/ron	ἀκεσφόρος	a)kesfo/ros	urn:cite2:hmt:lsj.chicago_md:n3124	n-s---na-
ἀκηράτου	a)khra/tou	ἀκήρατος	a)kh/ratos	urn:cite2:hmt:lsj.chicago_md:n3151	n-s---mg-
ἀκηράτου	a)khra/tou	ἀκήρατος	a)kh/ratos	urn:cite2:hmt:lsj.chicago_md:n3151	n-s---fg-
ἀκηράτου	a)khra/tou	ἀκήρατος	a)kh/ratos	urn:cite2:hmt:lsj.chicago_md:n3151	n-s---ng-
ἀκηράτους	a)khra/tous	ἀκήρατος	a)kh/ratos	urn:cite2:hmt:lsj.chicago_md:n3151	n-p---ma-
ἀκηράτους	a)khra/tous	ἀκήρατος	a)kh/ratos	urn:cite2:hmt:lsj.chicago_md:n3151	n-p---fa-
ἀκούομεν	a)kou/omen	ἀκούω	a)kou/w	urn:cite2:hmt:lsj.chicago_md:n3398	v1piia---
ἀκούομεν	a)kou/omen	ἀκούω	a)kou/w	urn:cite2:hmt:lsj.chicago_md:n3398	v1ppia---
ἀκούομεν	a)kou/omen	ἀκούω	a)kou/w	urn:cite2:hmt:lsj.chicago_md:n3398	v1piia---
ἀκούσας	a)kou/sas	ἀέκων	a)e/kwn	urn:cite2:hmt:lsj.chicago_md:n1666	a-p---fa-
ἀκούσας	a)kou/sas	ἀέκων	a)e/kwn	urn:cite2:hmt:lsj.chicago_md:n1666	a-s---fg-
ἀκούσας	a)kou/sas	ἀκέω	a)ke/w	urn:cite2:hmt:lsj.chicago_md:n3128	v-pppafa-
ἀκούσας	a)kou/sas	ἀκέω	a)ke/w	urn:cite2:hmt:lsj.chicago_md:n3129	v-pppafa-
ἀκούσας	a)kou/sas	ἀκέω	a)ke/w	urn:cite2:hmt:lsj.chicago_md:n3128	v-sppafg-
ἀκούσας	a)kou/sas	ἀκέω	a)ke/w	urn:cite2:hmt:lsj.chicago_md:n3129	v-sppafg-
ἀκούσας	a)kou/sas	ἀκούω	a)kou/w	urn:cite2:hmt:lsj.chicago_md:n3398	v-sapamn-
ἀκούσας	a)kou/sas	ἀκούω	a)kou/w	urn:cite2:hmt:lsj.chicago_md:n3398	v-sapamv-
ἀκροτάτας	a)krota/tas	ἄκρος	a)/kros	urn:cite2:hmt:lsj.chicago_md:n3630	a-p---fas
ἀκροτάτας	a)krota/tas	ἄκρος	a)/kros	urn:cite2:hmt:lsj.chicago_md:n3630	a-s---fgs
ἀκτάν	a)kta/n	ἀκτή	a)kth/	urn:cite2:hmt:lsj.chicago_md:n3727	n-s---fa-
ἀκτάν	a)kta/n	ἀκτή	a)kth/	urn:cite2:hmt:lsj.chicago_md:n3728	n-s---fa-
ἀκτῖνας	a)kti=nas	ἀκτίς	a)kti/s	urn:cite2:hmt:lsj.chicago_md:n3751	n-p---fa-
ἀκέλευστόν	a)ke/leusto/n	ἀκέλευστος	a)ke/leustos	urn:cite2:hmt:lsj.chicago_md:n3066	n-s---ma-
ἀκέλευστόν	a)ke/leusto/n	ἀκέλευστος	a)ke/leustos	urn:cite2:hmt:lsj.chicago_md:n3066	n-s---fa-
ἀκέλευστόν	a)ke/leusto/n	ἀκέλευστος	a)ke/leustos	urn:cite2:hmt:lsj.chicago_md:n3066	n-s---nn-
ἀκέλευστόν	a)ke/leusto/n	ἀκέλευστος	a)ke/leustos	urn:cite2:hmt:lsj.chicago_md:n3066	n-s---nv-
ἀκέλευστόν	a)ke/leusto/n	ἀκέλευστος	a)ke/leustos	urn:cite2:hmt:lsj.chicago_md:n3066	n-s---na-
ἀκίνητον	a)ki/nhton	ἀκίνητος	a)ki/nhtos	urn:cite2:hmt:lsj.chicago_md:n3182	a-s---ma-
ἀκίνητον	a)ki/nhton	ἀκίνητος	a)ki/nhtos	urn:cite2:hmt:lsj.chicago_md:n3182	a-s---nn-
ἀκίνητον	a)ki/nhton	ἀκίνητος	a)ki/nhtos	urn:cite2:hmt:lsj.chicago_md:n3182	a-s---nv-
ἀκίνητον	a)ki/nhton	ἀκίνητος	a)ki/nhtos	urn:cite2:hmt:lsj.chicago_md:n3182	a-s---na-
ἀκίνητον	a)ki/nhton	ἀκίνητος	a)ki/nhtos	urn:cite2:hmt:lsj.chicago_md:n3182	n-s---ma-
ἀκίνητον	a)ki/nhton	ἀκίνητος	a)ki/nhtos	urn:cite2:hmt:lsj.chicago_md:n3182	n-s---fa-
ἀκίνητον	a)ki/nhton	ἀκίνητος	a)ki/nhtos	urn:cite2:hmt:lsj.chicago_md:n3182	n-s---nn-
ἀκίνητον	a)ki/nhton	ἀκίνητος	a)ki/nhtos	urn:cite2:hmt:lsj.chicago_md:n3182	n-s---nv-
ἀκίνητον	a)ki/nhton	ἀκίνητος	a)ki/nhtos	urn:cite2:hmt:lsj.chicago_md:n3182	n-s---na-
ἀκόντων	a)ko/ntwn	ἄκων	a)/kwn	urn:cite2:hmt:lsj.chicago_md:n3800	n-p---mg-
ἀκόντων	a)ko/ntwn	ἄκων	a)/kwn	urn:cite2:hmt:lsj.chicago_md:n3801	n-p---mg-
ἀκόντων	a)ko/ntwn	ἀέκων	a)e/kwn	urn:cite2:hmt:lsj.chicago_md:n1666	a-p---mg-
ἀκόντων	a)ko/ntwn	ἀέκων	a)e/kwn	urn:cite2:hmt:lsj.chicago_md:n1666	a-p---ng-
ἀκύρωτον	a)ku/rwton	ἀκύρωτος	a)ku/rwtos	urn:cite2:hmt:lsj.chicago_md:n3789	n-s---ma-
ἀκύρωτον	a)ku/rwton	ἀκύρωτος	a)ku/rwtos	urn:cite2:hmt:lsj.chicago_md:n3789	n-s---fa-
ἀκύρωτον	a)ku/rwton	ἀκύρωτος	a)ku/rwtos	urn:cite2:hmt:lsj.chicago_md:n3789	n-s---nn-
ἀκύρωτον	a)ku/rwton	ἀκύρωτος	a)ku/rwtos	urn:cite2:hmt:lsj.chicago_md:n3789	n-s---nv-
ἀκύρωτον	a)ku/rwton	ἀκύρωτος	a)ku/rwtos	urn:cite2:hmt:lsj.chicago_md:n3789	n-s---na-
ἀλαλαγάς	a)lalaga/s	ἀλαλαγή	a)lalagh/	urn:cite2:hmt:lsj.chicago_md:n3838	n-p---fa-
ἀλγεῖ	a)lgei=	ἀλγέω	a)lge/w	urn:cite2:hmt:lsj.chicago_md:n3895	v2spie---
ἀλγεῖ	a)lgei=	ἀλγέω	a)lge/w	urn:cite2:hmt:lsj.chicago_md:n3895	v3spia---
ἀλγύνεται	a)lgu/netai	ἀλγύνω	a)lgu/nw	urn:cite2:hmt:lsj.chicago_md:n3906	v3sasm---
ἀλγύνεται	a)lgu/netai	ἀλγύνω	a)lgu/nw	urn:cite2:hmt:lsj.chicago_md:n3906	v3spie---
ἀληθές	a)lhqe/s	ἀληθής	a)lhqh/s	urn:cite2:hmt:lsj.chicago_md:n4076	n-s---mv-
ἀληθές	a)lhqe/s	ἀληθής	a)lhqh/s	urn:cite2:hmt:lsj.chicago_md:n4076	n-s---fv-
ἀληθές	a)lhqe/s	ἀληθής	a)lhqh/s	urn:cite2:hmt:lsj.chicago_md:n4076	n-s---nn-
ἀληθές	a)lhqe/s	ἀληθής	a)lhqh/s	urn:cite2:hmt:lsj.chicago_md:n4076	n-s---nv-
ἀληθές	a)lhqe/s	ἀληθής	a)lhqh/s	urn:cite2:hmt:lsj.chicago_md:n4076	n-s---na-
ἀληθής	a)lhqh/s	ἀληθής	a)lhqh/s	urn:cite2:hmt:lsj.chicago_md:n4076	n-s---mn-
ἀληθής	a)lhqh/s	ἀληθής	a)lhqh/s	urn:cite2:hmt:lsj.chicago_md:n4076	n-s---fn-
ἀληθῆ	a)lhqh=	ἀληθής	a)lhqh/s	urn:cite2:hmt:lsj.chicago_md:n4076	n-p---nn-
ἀληθῆ	a)lhqh=	ἀληθής	a)lhqh/s	urn:cite2:hmt:lsj.chicago_md:n4076	n-p---nv-
ἀληθῆ	a)lhqh=	ἀληθής	a)lhqh/s	urn:cite2:hmt:lsj.chicago_md:n4076	n-p---na-
ἀληθῆ	a)lhqh=	ἀληθής	a)lhqh/s	urn:cite2:hmt:lsj.chicago_md:n4076	n-d---mn-
ἀληθῆ	a)lhqh=	ἀληθής	a)lhqh/s	urn:cite2:hmt:lsj.chicago_md:n4076	n-d---mv-
ἀληθῆ	a)lhqh=	ἀληθής	a)lhqh/s	urn:cite2:hmt:lsj.chicago_md:n4076	n-d---ma-
ἀληθῆ	a)lhqh=	ἀληθής	a)lhqh/s	urn:cite2:hmt:lsj.chicago_md:n4076	n-d---fn-
ἀληθῆ	a)lhqh=	ἀληθής	a)lhqh/s	urn:cite2:hmt:lsj.chicago_md:n4076	n-d---fv-
ἀληθῆ	a)lhqh=	ἀληθής	a)lhqh/s	urn:cite2:hmt:lsj.chicago_md:n4076	n-d---fa-
ἀληθῆ	a)lhqh=	ἀληθής	a)lhqh/s	urn:cite2:hmt:lsj.chicago_md:n4076	n-d---nn-
ἀληθῆ	a)lhqh=	ἀληθής	a)lhqh/s	urn:cite2:hmt:lsj.chicago_md:n4076	n-d---nv-
ἀληθῆ	a)lhqh=	ἀληθής	a)lhqh/s	urn:cite2:hmt:lsj.chicago_md:n4076	n-d---na-
ἀληθῆ	a)lhqh=	ἀληθής	a)lhqh/s	urn:cite2:hmt:lsj.chicago_md:n4076	n-s---ma-
ἀληθῆ	a)lhqh=	ἀληθής	a)lhqh/s	urn:cite2:hmt:lsj.chicago_md:n4076	n-s---fa-
ἀληθῶς	a)lhqw=s	ἀληθής	a)lhqh/s	urn:cite2:hmt:lsj.chicago_md:n4076	x--------
ἀλητείαν	a)lhtei/an	ἀλητεία	a)lhtei/a	urn:cite2:hmt:lsj.chicago_md:n4114	n-s---fa-
ἀλκά	a)lka/	ἀλκή	a)lkh/	urn:cite2:hmt:lsj.chicago_md:n4335	n-d---fn-
ἀλκά	a)lka/	ἀλκή	a)lkh/	urn:cite2:hmt:lsj.chicago_md:n4335	n-d---fv-
ἀλκά	a)lka/	ἀλκή	a)lkh/	urn:cite2:hmt:lsj.chicago_md:n4335	n-d---fa-
ἀλκά	a)lka/	ἀλκή	a)lkh/	urn:cite2:hmt:lsj.chicago_md:n4335	n-s---fn-
ἀλκά	a)lka/	ἀλκή	a)lkh/	urn:cite2:hmt:lsj.chicago_md:n4335	n-s---fv-
ἀλκάν	a)lka/n	ἀλκή	a)lkh/	urn:cite2:hmt:lsj.chicago_md:n4335	n-s---fa-
ἀλλοδαπούς	a)llodapou/s	ἀλλοδαπός	a)llodapo/s	urn:cite2:hmt:lsj.chicago_md:n4446	a-p---ma-
ἀλλά	a)lla/	ἀλλά	a)lla/	urn:cite2:hmt:lsj.chicago_md:n4357	d--------
ἀλλότριον	a)llo/trion	ἀλλότριος	a)llo/trios	urn:cite2:hmt:lsj.chicago_md:n4509	a-s---ma-
ἀλλότριον	a)llo/trion	ἀλλότριος	a)llo/trios	urn:cite2:hmt:lsj.chicago_md:n4509	a-s---nn-
ἀλλότριον	a)llo/trion	ἀλλότριος	a)llo/trios	urn:cite2:hmt:lsj.chicago_md:n4509	a-s---nv-
ἀλλότριον	a)llo/trion	ἀλλότριος	a)llo/trios	urn:cite2:hmt:lsj.chicago_md:n4509	a-s---na-
ἀλάτας	a)la/tas	ἀλήτης	a)lh/ths	urn:cite2:hmt:lsj.chicago_md:n4117	n-p---ma-
ἀλάτας	a)la/tas	ἀλήτης	a)lh/ths	urn:cite2:hmt:lsj.chicago_md:n4117	n-s---mn-
ἀμαθής	a)maqh/s	ἀμαθής	a)maqh/s	urn:cite2:hmt:lsj.chicago_md:n4858	n-s---mn-
ἀμαθής	a)maqh/s	ἀμαθής	a)maqh/s	urn:cite2:hmt:lsj.chicago_md:n4858	n-s---fn-
ἀμαθίας	a)maqi/as	ἀμαθία	a)maqi/a	urn:cite2:hmt:lsj.chicago_md:n4860	n-p---fa-
ἀμαθίας	a)maqi/as	ἀμαθία	a)maqi/a	urn:cite2:hmt:lsj.chicago_md:n4860	n-s---fg-
ἀμελεῖ	a)melei=	ἀμελέω	a)mele/w	urn:cite2:hmt:lsj.chicago_md:n5131	v2spie---
ἀμελεῖ	a)melei=	ἀμελέω	a)mele/w	urn:cite2:hmt:lsj.chicago_md:n5131	v3spia---
ἀμελεῖ	a)melei=	ἀμελής	a)melh/s	urn:cite2:hmt:lsj.chicago_md:n5132	n-d---mn-
ἀμελεῖ	a)melei=	ἀμελής	a)melh/s	urn:cite2:hmt:lsj.chicago_md:n5133	n-d---mn-
ἀμελεῖ	a)melei=	ἀμελής	a)melh/s	urn:cite2:hmt:lsj.chicago_md:n5132	n-d---mv-
ἀμελεῖ	a)melei=	ἀμελής	a)melh/s	urn:cite2:hmt:lsj.chicago_md:n5133	n-d---mv-
ἀμελεῖ	a)melei=	ἀμελής	a)melh/s	urn:cite2:hmt:lsj.chicago_md:n5132	n-d---ma-
ἀμελεῖ	a)melei=	ἀμελής	a)melh/s	urn:cite2:hmt:lsj.chicago_md:n5133	n-d---ma-
ἀμελεῖ	a)melei=	ἀμελής	a)melh/s	urn:cite2:hmt:lsj.chicago_md:n5132	n-d---fn-
ἀμελεῖ	a)melei=	ἀμελής	a)melh/s	urn:cite2:hmt:lsj.chicago_md:n5133	n-d---fn-
ἀμελεῖ	a)melei=	ἀμελής	a)melh/s	urn:cite2:hmt:lsj.chicago_md:n5132	n-d---fv-
ἀμελεῖ	a)melei=	ἀμελής	a)melh/s	urn:cite2:hmt:lsj.chicago_md:n5133	n-d---fv-
ἀμελεῖ	a)melei=	ἀμελής	a)melh/s	urn:cite2:hmt:lsj.chicago_md:n5132	n-d---fa-
ἀμελεῖ	a)melei=	ἀμελής	a)melh/s	urn:cite2:hmt:lsj.chicago_md:n5133	n-d---fa-
ἀμελεῖ	a)melei=	ἀμελής	a)melh/s	urn:cite2:hmt:lsj.chicago_md:n5132	n-d---nn-
ἀμελεῖ	a)melei=	ἀμελής	a)melh/s	urn:cite2:hmt:lsj.chicago_md:n5133	n-d---nn-
ἀμελεῖ	a)melei=	ἀμελής	a)melh/s	urn:cite2:hmt:lsj.chicago_md:n5132	n-d---nv-
ἀμελεῖ	a)melei=	ἀμελής	a)melh/s	urn:cite2:hmt:lsj.chicago_md:n5133	n-d---nv-
ἀμελεῖ	a)melei=	ἀμελής	a)melh/s	urn:cite2:hmt:lsj.chicago_md:n5132	n-d---na-
ἀμελεῖ	a)melei=	ἀμελής	a)melh/s	urn:cite2:hmt:lsj.chicago_md:n5133	n-d---na-
ἀμελεῖ	a)melei=	ἀμελής	a)melh/s	urn:cite2:hmt:lsj.chicago_md:n5132	n-s---md-
ἀμελεῖ	a)melei=	ἀμελής	a)melh/s	urn:cite2:hmt:lsj.chicago_md:n5133	n-s---md-
ἀμελεῖ	a)melei=	ἀμελής	a)melh/s	urn:cite2:hmt:lsj.chicago_md:n5132	n-s---fd-
ἀμελεῖ	a)melei=	ἀμελής	a)melh/s	urn:cite2:hmt:lsj.chicago_md:n5133	n-s---fd-
ἀμελεῖ	a)melei=	ἀμελής	a)melh/s	urn:cite2:hmt:lsj.chicago_md:n5132	n-s---nd-
ἀμελεῖ	a)melei=	ἀμελής	a)melh/s	urn:cite2:hmt:lsj.chicago_md:n5133	n-s---nd-
ἀμείνον’	a)mei/non'	ἀμείνων	a)mei/nwn	urn:cite2:hmt:lsj.chicago_md:n5112	a-p---nn-
ἀμείνον’	a)mei/non'	ἀμείνων	a)mei/nwn	urn:cite2:hmt:lsj.chicago_md:n5112	a-p---nv-
ἀμείνον’	a)mei/non'	ἀμείνων	a)mei/nwn	urn:cite2:hmt:lsj.chicago_md:n5112	a-p---na-
ἀμείνον’	a)mei/non'	ἀμείνων	a)mei/nwn	urn:cite2:hmt:lsj.chicago_md:n5112	a-s---ma-
ἀμείνον’	a)mei/non'	ἀμείνων	a)mei/nwn	urn:cite2:hmt:lsj.chicago_md:n5112	a-s---fa-
ἀμείνον’	a)mei/non'	ἀμείνων	a)mei/nwn	urn:cite2:hmt:lsj.chicago_md:n5112	a-s----d-
ἀμείνον’	a)mei/non'	ἀμείνων	a)mei/nwn	urn:cite2:hmt:lsj.chicago_md:n5112	a-d----n-
ἀμείνον’	a)mei/non'	ἀμείνων	a)mei/nwn	urn:cite2:hmt:lsj.chicago_md:n5112	a-d----v-
ἀμείνον’	a)mei/non'	ἀμείνων	a)mei/nwn	urn:cite2:hmt:lsj.chicago_md:n5112	a-d----a-
ἀμηχανῶ	a)mhxanw=	ἀμηχανάω	a)mhxana/w	urn:cite2:hmt:lsj.chicago_md:n5250a	v2siie---
ἀμηχανῶ	a)mhxanw=	ἀμηχανάω	a)mhxana/w	urn:cite2:hmt:lsj.chicago_md:n5250a	v2spme---
ἀμηχανῶ	a)mhxanw=	ἀμηχανάω	a)mhxana/w	urn:cite2:hmt:lsj.chicago_md:n5250a	v1spsa---
ἀμηχανῶ	a)mhxanw=	ἀμηχανάω	a)mhxana/w	urn:cite2:hmt:lsj.chicago_md:n5250a	v1spia---
ἀμηχανῶ	a)mhxanw=	ἀμηχανάω	a)mhxana/w	urn:cite2:hmt:lsj.chicago_md:n5250a	v1spsa---
ἀμηχανῶ	a)mhxanw=	ἀμηχανάω	a)mhxana/w	urn:cite2:hmt:lsj.chicago_md:n5250a	v1spia---
ἀμηχανῶ	a)mhxanw=	ἀμηχανάω	a)mhxana/w	urn:cite2:hmt:lsj.chicago_md:n5250a	v2siie---
ἀμηχανῶ	a)mhxanw=	ἀμηχανέω	a)mhxane/w	urn:cite2:hmt:lsj.chicago_md:n5251	v2siie---
ἀμηχανῶ	a)mhxanw=	ἀμηχανέω	a)mhxane/w	urn:cite2:hmt:lsj.chicago_md:n5251	v2spme---
ἀμηχανῶ	a)mhxanw=	ἀμηχανέω	a)mhxane/w	urn:cite2:hmt:lsj.chicago_md:n5251	v1spsa---
ἀμηχανῶ	a)mhxanw=	ἀμηχανέω	a)mhxane/w	urn:cite2:hmt:lsj.chicago_md:n5251	v1spia---
ἀμηχανῶ	a)mhxanw=	ἀμηχανέω	a)mhxane/w	urn:cite2:hmt:lsj.chicago_md:n5251	v1spsa---
ἀμηχανῶ	a)mhxanw=	ἀμηχανέω	a)mhxane/w	urn:cite2:hmt:lsj.chicago_md:n5251	v1spia---
ἀμηχανῶ	a)mhxanw=	ἀμηχανέω	a)mhxane/w	urn:cite2:hmt:lsj.chicago_md:n5251	v2siie---
ἀμνημοσύναν	a)mnhmosu/nan	ἀμνημοσύνη	a)mnhmosu/nh	urn:cite2:hmt:lsj.chicago_md:n5358a	n-s---fa-
ἀμούσους	a)mou/sous	ἄμουσος	a)/mousos	urn:cite2:hmt:lsj.chicago_md:n5455	n-p---ma-
ἀμούσους	a)mou/sous	ἄμουσος	a)/mousos	urn:cite2:hmt:lsj.chicago_md:n5455	n-p---fa-
ἀμπτυχαί	a)mptuxai/	ἀναπτυχή	a)naptuxh/	urn:cite2:hmt:lsj.chicago_md:n7324	n-p---fn-
ἀμπτυχαί	a)mptuxai/	ἀναπτυχή	a)naptuxh/	urn:cite2:hmt:lsj.chicago_md:n7324	n-p---fv-
ἀμφιπτυχάς	a)mfiptuxa/s	ἀμφιπτυχή	a)mfiptuxh/	urn:cite2:hmt:lsj.chicago_md:n6040	n-p---fa-
ἀμφιπύρους	a)mfipu/rous	ἀμφίπυρος	a)mfi/puros	urn:cite2:hmt:lsj.chicago_md:n6042	n-p---ma-
ἀμφιπύρους	a)mfipu/rous	ἀμφίπυρος	a)mfi/puros	urn:cite2:hmt:lsj.chicago_md:n6042	n-p---fa-
ἀμφοῖν	a)mfoi=n	ἄμφω	a)/mfw	urn:cite2:hmt:lsj.chicago_md:n6184	n-d---mg-
ἀμφοῖν	a)mfoi=n	ἄμφω	a)/mfw	urn:cite2:hmt:lsj.chicago_md:n6184	n-d---md-
ἀμφοῖν	a)mfoi=n	ἄμφω	a)/mfw	urn:cite2:hmt:lsj.chicago_md:n6184	n-d---fg-
ἀμφοῖν	a)mfoi=n	ἄμφω	a)/mfw	urn:cite2:hmt:lsj.chicago_md:n6184	n-d---fd-
ἀμφοῖν	a)mfoi=n	ἄμφω	a)/mfw	urn:cite2:hmt:lsj.chicago_md:n6184	n-d---ng-
ἀμφοῖν	a)mfoi=n	ἄμφω	a)/mfw	urn:cite2:hmt:lsj.chicago_md:n6184	n-d---nd-
ἀμφέθηκά	a)mfe/qhka/	ἀμφιτίθημι	a)mfiti/qhmi	urn:cite2:hmt:lsj.chicago_md:n6103	v1saia---
ἀμφήρεις	a)mfh/reis	ἀμφήρης	a)mfh/rhs	urn:cite2:hmt:lsj.chicago_md:n5700	n-p---ma-
ἀμφήρεις	a)mfh/reis	ἀμφήρης	a)mfh/rhs	urn:cite2:hmt:lsj.chicago_md:n5700	n-p---fa-
ἀμφήρεις	a)mfh/reis	ἀμφήρης	a)mfh/rhs	urn:cite2:hmt:lsj.chicago_md:n5700	n-p---mn-
ἀμφήρεις	a)mfh/reis	ἀμφήρης	a)mfh/rhs	urn:cite2:hmt:lsj.chicago_md:n5700	n-p---mv-
ἀμφήρεις	a)mfh/reis	ἀμφήρης	a)mfh/rhs	urn:cite2:hmt:lsj.chicago_md:n5700	n-p---fn-
ἀμφήρεις	a)mfh/reis	ἀμφήρης	a)mfh/rhs	urn:cite2:hmt:lsj.chicago_md:n5700	n-p---fv-
ἀμφί	a)mfi/	ἀμφί	a)mfi/	urn:cite2:hmt:lsj.chicago_md:n5704	r--------
ἀμφίβολά	a)mfi/bola/	ἀμφίβολος	a)mfi/bolos	urn:cite2:hmt:lsj.chicago_md:n5736	n-p---nn-
ἀμφίβολά	a)mfi/bola/	ἀμφίβολος	a)mfi/bolos	urn:cite2:hmt:lsj.chicago_md:n5736	n-p---nv-
ἀμφίβολά	a)mfi/bola/	ἀμφίβολος	a)mfi/bolos	urn:cite2:hmt:lsj.chicago_md:n5736	n-p---na-
ἀμφίπυρον	a)mfi/puron	ἀμφίπυρος	a)mfi/puros	urn:cite2:hmt:lsj.chicago_md:n6042	n-s---ma-
ἀμφίπυρον	a)mfi/puron	ἀμφίπυρος	a)mfi/puros	urn:cite2:hmt:lsj.chicago_md:n6042	n-s---fa-
ἀμφίπυρον	a)mfi/puron	ἀμφίπυρος	a)mfi/puros	urn:cite2:hmt:lsj.chicago_md:n6042	n-s---nn-
ἀμφίπυρον	a)mfi/puron	ἀμφίπυρος	a)mfi/puros	urn:cite2:hmt:lsj.chicago_md:n6042	n-s---nv-
ἀμφίπυρον	a)mfi/puron	ἀμφίπυρος	a)mfi/puros	urn:cite2:hmt:lsj.chicago_md:n6042	n-s---na-
ἀμήτορ’	a)mh/tor'	ἀμήτωρ	a)mh/twr	urn:cite2:hmt:lsj.chicago_md:n5250	n-s---ma-
ἀμήτορ’	a)mh/tor'	ἀμήτωρ	a)mh/twr	urn:cite2:hmt:lsj.chicago_md:n5250	n-s---fa-
ἀμήτορ’	a)mh/tor'	ἀμήτωρ	a)mh/twr	urn:cite2:hmt:lsj.chicago_md:n5250	n-s---md-
ἀμήτορ’	a)mh/tor'	ἀμήτωρ	a)mh/twr	urn:cite2:hmt:lsj.chicago_md:n5250	n-s---fd-
ἀμήτορ’	a)mh/tor'	ἀμήτωρ	a)mh/twr	urn:cite2:hmt:lsj.chicago_md:n5250	n-d---mn-
ἀμήτορ’	a)mh/tor'	ἀμήτωρ	a)mh/twr	urn:cite2:hmt:lsj.chicago_md:n5250	n-d---mv-
ἀμήτορ’	a)mh/tor'	ἀμήτωρ	a)mh/twr	urn:cite2:hmt:lsj.chicago_md:n5250	n-d---ma-
ἀμήτορ’	a)mh/tor'	ἀμήτωρ	a)mh/twr	urn:cite2:hmt:lsj.chicago_md:n5250	n-d---fn-
ἀμήτορ’	a)mh/tor'	ἀμήτωρ	a)mh/twr	urn:cite2:hmt:lsj.chicago_md:n5250	n-d---fv-
ἀμήτορ’	a)mh/tor'	ἀμήτωρ	a)mh/twr	urn:cite2:hmt:lsj.chicago_md:n5250	n-d---fa-
ἀμήτωρ	a)mh/twr	ἀμήτωρ	a)mh/twr	urn:cite2:hmt:lsj.chicago_md:n5250	n-s---mn-
ἀμήτωρ	a)mh/twr	ἀμήτωρ	a)mh/twr	urn:cite2:hmt:lsj.chicago_md:n5250	n-s---fn-
ἀμύνεσθαι	a)mu/nesqai	ἀμύνω	a)mu/nw	urn:cite2:hmt:lsj.chicago_md:n5607	v--pne---
ἀμᾶς	a)ma=s	ἁμόσ1	a(mo/s	urn:cite2:hmt:lsj.chicago_md:n5446	a-s---fg-
ἀμᾶς	a)ma=s	ἁμόσ1	a(mo/s	urn:cite2:hmt:lsj.chicago_md:n5447	a-s---fg-
ἀμᾶς	a)ma=s	ἀμάω1	a)ma/w	urn:cite2:hmt:lsj.chicago_md:n5011	v2spia---
ἀμᾶς	a)ma=s	ἀμάω1	a)ma/w	urn:cite2:hmt:lsj.chicago_md:n5012	v2spia---
ἀμᾶς	a)ma=s	ἡμός	h(mo/s	urn:cite2:hmt:lsj.chicago_md:n47379	a-s---fg-
ἀναβλέπει	a)nable/pei	ἀναβλέπω	a)nable/pw	urn:cite2:hmt:lsj.chicago_md:n6255	v2spie---
ἀναβλέπει	a)nable/pei	ἀναβλέπω	a)nable/pw	urn:cite2:hmt:lsj.chicago_md:n6255	v3spia---
ἀναβλέποντα	a)nable/ponta	ἀναβλέπω	a)nable/pw	urn:cite2:hmt:lsj.chicago_md:n6255	v-pppann-
ἀναβλέποντα	a)nable/ponta	ἀναβλέπω	a)nable/pw	urn:cite2:hmt:lsj.chicago_md:n6255	v-pppanv-
ἀναβλέποντα	a)nable/ponta	ἀναβλέπω	a)nable/pw	urn:cite2:hmt:lsj.chicago_md:n6255	v-pppana-
ἀναβλέποντα	a)nable/ponta	ἀναβλέπω	a)nable/pw	urn:cite2:hmt:lsj.chicago_md:n6255	v-sppama-
ἀναγκασθείς	a)nagkasqei/s	ἀναγκάζω	a)nagka/zw	urn:cite2:hmt:lsj.chicago_md:n6325	v-sappmn-
ἀναγκασθείς	a)nagkasqei/s	ἀναγκάζω	a)nagka/zw	urn:cite2:hmt:lsj.chicago_md:n6325	v-sappmv-
ἀναθήματα	a)naqh/mata	ἀνάθημα	a)na/qhma	urn:cite2:hmt:lsj.chicago_md:n6549	n-p---nn-
ἀναθήματα	a)naqh/mata	ἀνάθημα	a)na/qhma	urn:cite2:hmt:lsj.chicago_md:n6549	n-p---nv-
ἀναθήματα	a)naqh/mata	ἀνάθημα	a)na/qhma	urn:cite2:hmt:lsj.chicago_md:n6549	n-p---na-
ἀναιδείᾳ	a)naidei/a|	ἀναίδεια	a)nai/deia	urn:cite2:hmt:lsj.chicago_md:n6581	n-s---fd-
ἀναιδείᾳ	a)naidei/a|	ἀναίδεια	a)nai/deia	urn:cite2:hmt:lsj.chicago_md:n6581	n-s---fd-
ἀνακτόροις	a)nakto/rois	ἀνάκτορον	a)na/ktoron	urn:cite2:hmt:lsj.chicago_md:n6833	n-p---nd-
ἀναλαβεῖν	a)nalabei=n	ἀναλαμβάνω	a)nalamba/nw	urn:cite2:hmt:lsj.chicago_md:n6871	v--ana---
ἀναλίοις	a)nali/ois	ἀνάλιος	a)na/lios	urn:cite2:hmt:lsj.chicago_md:n6903	n-p---md-
ἀναλίοις	a)nali/ois	ἀνάλιος	a)na/lios	urn:cite2:hmt:lsj.chicago_md:n6903	n-p---fd-
ἀναλίοις	a)nali/ois	ἀνάλιος	a)na/lios	urn:cite2:hmt:lsj.chicago_md:n6903	n-p---nd-
ἀναλίοις	a)nali/ois	ἀνήλιος	a)nh/lios	urn:cite2:hmt:lsj.chicago_md:n8635	n-p---md-
ἀναλίοις	a)nali/ois	ἀνήλιος	a)nh/lios	urn:cite2:hmt:lsj.chicago_md:n8635	n-p---fd-
ἀναλίοις	a)nali/ois	ἀνήλιος	a)nh/lios	urn:cite2:hmt:lsj.chicago_md:n8635	n-p---nd-
ἀναμένει	a)name/nei	ἀναμένω	a)name/nw	urn:cite2:hmt:lsj.chicago_md:n6983	v2spie---
ἀναμένει	a)name/nei	ἀναμένω	a)name/nw	urn:cite2:hmt:lsj.chicago_md:n6983	v3spia---
ἀναπτύξας	a)naptu/cas	ἀναπτύσσω	a)naptu/ssw	urn:cite2:hmt:lsj.chicago_md:n7323	v-sapamn-
ἀναπτύξας	a)naptu/cas	ἀναπτύσσω	a)naptu/ssw	urn:cite2:hmt:lsj.chicago_md:n7323	v-sapamv-
ἀναπτύξας	a)naptu/cas	ἀναπτύσσω	a)naptu/ssw	urn:cite2:hmt:lsj.chicago_md:n7323	v-sapamn-
ἀναπτύξας	a)naptu/cas	ἀναπτύσσω	a)naptu/ssw	urn:cite2:hmt:lsj.chicago_md:n7323	v-sapamv-
ἀναρπάσεις	a)narpa/seis	ἀναρπάζω	a)narpa/zw	urn:cite2:hmt:lsj.chicago_md:n7376	v2sasa---
ἀναρπάσεις	a)narpa/seis	ἀναρπάζω	a)narpa/zw	urn:cite2:hmt:lsj.chicago_md:n7376	v2sfia---
ἀναρπάσεις	a)narpa/seis	ἀναρπάζω	a)narpa/zw	urn:cite2:hmt:lsj.chicago_md:n7376	v2sasa---
ἀναρπάσεις	a)narpa/seis	ἀναρπάζω	a)narpa/zw	urn:cite2:hmt:lsj.chicago_md:n7376	v2sfia---
ἀναρίθμητον	a)nari/qmhton	ἀναρίθμητος	a)nari/qmhtos	urn:cite2:hmt:lsj.chicago_md:n7355	n-s---ma-
ἀναρίθμητον	a)nari/qmhton	ἀναρίθμητος	a)nari/qmhtos	urn:cite2:hmt:lsj.chicago_md:n7355	n-s---fa-
ἀναρίθμητον	a)nari/qmhton	ἀναρίθμητος	a)nari/qmhtos	urn:cite2:hmt:lsj.chicago_md:n7355	n-s---nn-
ἀναρίθμητον	a)nari/qmhton	ἀναρίθμητος	a)nari/qmhtos	urn:cite2:hmt:lsj.chicago_md:n7355	n-s---nv-
ἀναρίθμητον	a)nari/qmhton	ἀναρίθμητος	a)nari/qmhtos	urn:cite2:hmt:lsj.chicago_md:n7355	n-s---na-
ἀνασχετόν	a)nasxeto/n	ἀνασχετός	a)nasxeto/s	urn:cite2:hmt:lsj.chicago_md:n7591	n-s---ma-
ἀνασχετόν	a)nasxeto/n	ἀνασχετός	a)nasxeto/s	urn:cite2:hmt:lsj.chicago_md:n7591	n-s---fa-
ἀνασχετόν	a)nasxeto/n	ἀνασχετός	a)nasxeto/s	urn:cite2:hmt:lsj.chicago_md:n7591	n-s---nn-
ἀνασχετόν	a)nasxeto/n	ἀνασχετός	a)nasxeto/s	urn:cite2:hmt:lsj.chicago_md:n7591	n-s---nv-
ἀνασχετόν	a)nasxeto/n	ἀνασχετός	a)nasxeto/s	urn:cite2:hmt:lsj.chicago_md:n7591	n-s---na-
ἀνατίθημι	a)nati/qhmi	ἀνατίθημι	a)nati/qhmi	urn:cite2:hmt:lsj.chicago_md:n7618	v1spia---
ἀναφέρω	a)nafe/rw	ἀναφέρω	a)nafe/rw	urn:cite2:hmt:lsj.chicago_md:n7724	v1spsa---
ἀναφέρω	a)nafe/rw	ἀναφέρω	a)nafe/rw	urn:cite2:hmt:lsj.chicago_md:n7724	v1spia---
ἀναφήνω	a)nafh/nw	ἀναφαίνω	a)nafai/nw	urn:cite2:hmt:lsj.chicago_md:n7712	v1sasa---
ἀναφήνω	a)nafh/nw	ἀναφαίνω	a)nafai/nw	urn:cite2:hmt:lsj.chicago_md:n7712	v2saim---
ἀναψυχῆς	a)nayuxh=s	ἀναψυχή	a)nayuxh/	urn:cite2:hmt:lsj.chicago_md:n7852	n-s---fg-
ἀναύδητον	a)nau/dhton	ἀναύδητος	a)nau/dhtos	urn:cite2:hmt:lsj.chicago_md:n7687	n-s---ma-
ἀναύδητον	a)nau/dhton	ἀναύδητος	a)nau/dhtos	urn:cite2:hmt:lsj.chicago_md:n7687	n-s---fa-
ἀναύδητον	a)nau/dhton	ἀναύδητος	a)nau/dhtos	urn:cite2:hmt:lsj.chicago_md:n7687	n-s---nn-
ἀναύδητον	a)nau/dhton	ἀναύδητος	a)nau/dhtos	urn:cite2:hmt:lsj.chicago_md:n7687	n-s---nv-
ἀναύδητον	a)nau/dhton	ἀναύδητος	a)nau/dhtos	urn:cite2:hmt:lsj.chicago_md:n7687	n-s---na-
ἀναύδητον	a)nau/dhton	ἀναυδάω	a)nauda/w	urn:cite2:hmt:lsj.chicago_md:n7685	v2diia---
ἀναύδητον	a)nau/dhton	ἀναυδάω	a)nauda/w	urn:cite2:hmt:lsj.chicago_md:n7685	v2dpma---
ἀναύδητον	a)nau/dhton	ἀναυδάω	a)nauda/w	urn:cite2:hmt:lsj.chicago_md:n7685	v3dpia---
ἀναύδητον	a)nau/dhton	ἀναυδάω	a)nauda/w	urn:cite2:hmt:lsj.chicago_md:n7685	v2dpia---
ἀναύδητον	a)nau/dhton	ἀναυδάω	a)nauda/w	urn:cite2:hmt:lsj.chicago_md:n7685	v2diia---
ἀνδράσιν	a)ndra/sin	ἀνήρ	a)nh/r	urn:cite2:hmt:lsj.chicago_md:n8665	n-p---md-
ἀνδρί	a)ndri/	ἀνδρίς	a)ndri/s	urn:cite2:hmt:lsj.chicago_md:n7949	n-s---fv-
ἀνδρί	a)ndri/	ἀνήρ	a)nh/r	urn:cite2:hmt:lsj.chicago_md:n8665	n-s---md-
ἀνδρός	a)ndro/s	ἀνήρ	a)nh/r	urn:cite2:hmt:lsj.chicago_md:n8665	n-s---mg-
ἀνδρῶν	a)ndrw=n	ἀνδρόω	a)ndro/w	urn:cite2:hmt:lsj.chicago_md:n8045	v-sppamv-
ἀνδρῶν	a)ndrw=n	ἀνδρόω	a)ndro/w	urn:cite2:hmt:lsj.chicago_md:n8045	v-sppann-
ἀνδρῶν	a)ndrw=n	ἀνδρόω	a)ndro/w	urn:cite2:hmt:lsj.chicago_md:n8045	v-sppanv-
ἀνδρῶν	a)ndrw=n	ἀνδρόω	a)ndro/w	urn:cite2:hmt:lsj.chicago_md:n8045	v-sppana-
ἀνδρῶν	a)ndrw=n	ἀνδρόω	a)ndro/w	urn:cite2:hmt:lsj.chicago_md:n8045	v-sppamn-
ἀνδρῶν	a)ndrw=n	ἀνδρόω	a)ndro/w	urn:cite2:hmt:lsj.chicago_md:n8045	v--pna---
ἀνδρῶν	a)ndrw=n	ἀνήρ	a)nh/r	urn:cite2:hmt:lsj.chicago_md:n8665	n-p---mg-
ἀνειλείθυιαν	a)neilei/quian	ἀνειλείθυια	a)neilei/quia	urn:cite2:hmt:lsj.chicago_md:n8095	n-s---fa-
ἀνελπίστων	a)nelpi/stwn	ἀνέλπιστος	a)ne/lpistos	urn:cite2:hmt:lsj.chicago_md:n8216	n-p---mg-
ἀνελπίστων	a)nelpi/stwn	ἀνέλπιστος	a)ne/lpistos	urn:cite2:hmt:lsj.chicago_md:n8216	n-p---fg-
ἀνελπίστων	a)nelpi/stwn	ἀνέλπιστος	a)ne/lpistos	urn:cite2:hmt:lsj.chicago_md:n8216	n-p---ng-
ἀνελέγχομαι	a)nele/gxomai	ἀνελέγχω	a)nele/gxw	urn:cite2:hmt:lsj.chicago_md:n8186	v1spie---
ἀνεμετρησάμην	a)nemetrhsa/mhn	ἀναμετρέω	a)nametre/w	urn:cite2:hmt:lsj.chicago_md:n6991	v1saim---
ἀνερμήνευτα	a)nermh/neuta	ἀνερμήνευτος	a)nermh/neutos	urn:cite2:hmt:lsj.chicago_md:n8497	n-p---nn-
ἀνερμήνευτα	a)nermh/neuta	ἀνερμήνευτος	a)nermh/neutos	urn:cite2:hmt:lsj.chicago_md:n8497	n-p---nv-
ἀνερμήνευτα	a)nermh/neuta	ἀνερμήνευτος	a)nermh/neutos	urn:cite2:hmt:lsj.chicago_md:n8497	n-p---na-
ἀνευρών	a)neurw/n	ἀνευρίσκω	a)neuri/skw	urn:cite2:hmt:lsj.chicago_md:n8550	v-sapamn-
ἀνεχόρευσεν	a)nexo/reusen	ἀναχορεύω	a)naxoreu/w	urn:cite2:hmt:lsj.chicago_md:n7810	v3saia---
ἀνεύρεσιν	a)neu/resin	ἀνεύρεσις	a)neu/resis	urn:cite2:hmt:lsj.chicago_md:n8545	n-s---fa-
ἀνεῖπε	a)nei=pe	ἀνειπεῖν	a)neipei=n	urn:cite2:hmt:lsj.chicago_md:n8111	v3saia---
ἀνεῖπε	a)nei=pe	ἀνειπεῖν	a)neipei=n	urn:cite2:hmt:lsj.chicago_md:n8111	v3saia---
ἀνεῖσαν	a)nei=san	ἀνίημι	a)ni/hmi	urn:cite2:hmt:lsj.chicago_md:n9014	v-sapafa-
ἀνεῴχθη	a)new/|xqh	ἀνοίγνυμι	a)noi/gnumi	urn:cite2:hmt:lsj.chicago_md:n9146	v3saip---
ἀνηβᾷ	a)nhba=|	ἀνηβάω	a)nhba/w	urn:cite2:hmt:lsj.chicago_md:n8593	v2spse---
ἀνηβᾷ	a)nhba=|	ἀνηβάω	a)nhba/w	urn:cite2:hmt:lsj.chicago_md:n8593	v2spie---
ἀνηβᾷ	a)nhba=|	ἀνηβάω	a)nhba/w	urn:cite2:hmt:lsj.chicago_md:n8593	v3spsa---
ἀνηβᾷ	a)nhba=|	ἀνηβάω	a)nhba/w	urn:cite2:hmt:lsj.chicago_md:n8593	v3spia---
ἀνηβᾷ	a)nhba=|	ἀνηβάω	a)nhba/w	urn:cite2:hmt:lsj.chicago_md:n8593	v2spse---
ἀνηβᾷ	a)nhba=|	ἀνηβάω	a)nhba/w	urn:cite2:hmt:lsj.chicago_md:n8593	v2spie---
ἀνηβᾷ	a)nhba=|	ἀνηβάω	a)nhba/w	urn:cite2:hmt:lsj.chicago_md:n8593	v3spsa---
ἀνηβᾷ	a)nhba=|	ἀνηβάω	a)nhba/w	urn:cite2:hmt:lsj.chicago_md:n8593	v3spia---
ἀνθαμίλλοις	a)nqami/llois	ἀνθάμιλλος	a)nqa/millos	urn:cite2:hmt:lsj.chicago_md:n8694	n-p---md-
ἀνθαμίλλοις	a)nqami/llois	ἀνθάμιλλος	a)nqa/millos	urn:cite2:hmt:lsj.chicago_md:n8694	n-p---fd-
ἀνθαμίλλοις	a)nqami/llois	ἀνθάμιλλος	a)nqa/millos	urn:cite2:hmt:lsj.chicago_md:n8694	n-p---nd-
ἀνθρώποις	a)nqrw/pois	ἄνθρωπος	a)/nqrwpos	urn:cite2:hmt:lsj.chicago_md:n8909	n-p---md-
ἀνθρώποισι	a)nqrw/poisi	ἄνθρωπος	a)/nqrwpos	urn:cite2:hmt:lsj.chicago_md:n8909	n-p---md-
ἀνθρώπου	a)nqrw/pou	ἄνθρωπος	a)/nqrwpos	urn:cite2:hmt:lsj.chicago_md:n8909	n-s---mg-
ἀνθρώπους	a)nqrw/pous	ἄνθρωπος	a)/nqrwpos	urn:cite2:hmt:lsj.chicago_md:n8909	n-p---ma-
ἀνθρώπων	a)nqrw/pwn	ἄνθρωπος	a)/nqrwpos	urn:cite2:hmt:lsj.chicago_md:n8909	n-p---mg-
ἀνθρώπῳ	a)nqrw/pw|	ἄνθρωπος	a)/nqrwpos	urn:cite2:hmt:lsj.chicago_md:n8909	n-s---md-
ἀνθέξομαι	a)nqe/comai	ἀντέχω	a)nte/xw	urn:cite2:hmt:lsj.chicago_md:n9757	v1sfim---
ἀνθίζειν	a)nqi/zein	ἀνθίζω	a)nqi/zw	urn:cite2:hmt:lsj.chicago_md:n8765	v--pna---
ἀνιστορῶ	a)nistorw=	ἀνιστορέω	a)nistore/w	urn:cite2:hmt:lsj.chicago_md:n9083	v1spsa---
ἀνιστορῶ	a)nistorw=	ἀνιστορέω	a)nistore/w	urn:cite2:hmt:lsj.chicago_md:n9083	v1spia---
ἀνιστορῶ	a)nistorw=	ἀνιστορέω	a)nistore/w	urn:cite2:hmt:lsj.chicago_md:n9083	v1spsa---
ἀνιστορῶ	a)nistorw=	ἀνιστορέω	a)nistore/w	urn:cite2:hmt:lsj.chicago_md:n9083	v1spia---
ἀνοικτέον	a)noikte/on	ἀνοικτέον	a)noikte/on	urn:cite2:hmt:lsj.chicago_md:n9168	n-s---ma-
ἀνοικτέον	a)noikte/on	ἀνοικτέον	a)noikte/on	urn:cite2:hmt:lsj.chicago_md:n9168	n-s---nn-
ἀνοικτέον	a)noikte/on	ἀνοικτέον	a)noikte/on	urn:cite2:hmt:lsj.chicago_md:n9168	n-s---nv-
ἀνοικτέον	a)noikte/on	ἀνοικτέον	a)noikte/on	urn:cite2:hmt:lsj.chicago_md:n9168	n-s---na-
ἀνομίαν	a)nomi/an	ἀνομία	a)nomi/a	urn:cite2:hmt:lsj.chicago_md:n9214	n-s---fa-
ἀνοσίους	a)nosi/ous	ἀνόσιος	a)no/sios	urn:cite2:hmt:lsj.chicago_md:n9303	a-p---ma-
ἀνοσίους	a)nosi/ous	ἀνόσιος	a)no/sios	urn:cite2:hmt:lsj.chicago_md:n9303	n-p---ma-
ἀνοσίους	a)nosi/ous	ἀνόσιος	a)no/sios	urn:cite2:hmt:lsj.chicago_md:n9303	n-p---fa-
ἀνοίγνυται	a)noi/gnutai	ἀνοίγνυμι	a)noi/gnumi	urn:cite2:hmt:lsj.chicago_md:n9146	v3spie---
ἀνοίσομεν	a)noi/somen	ἀναφέρω	a)nafe/rw	urn:cite2:hmt:lsj.chicago_md:n7724	v1pfia---
ἀνταπολλύναι	a)ntapollu/nai	ἀνταπόλλυμι	a)ntapo/llumi	urn:cite2:hmt:lsj.chicago_md:n9489	v--pna---
ἀντεχώμεθα	a)ntexw/meqa	ἀντέχω	a)nte/xw	urn:cite2:hmt:lsj.chicago_md:n9757	v1ppse---
ἀντικηδεύω	a)ntikhdeu/w	ἀντικηδεύω	a)ntikhdeu/w	urn:cite2:hmt:lsj.chicago_md:n10020	v1spsa---
ἀντικηδεύω	a)ntikhdeu/w	ἀντικηδεύω	a)ntikhdeu/w	urn:cite2:hmt:lsj.chicago_md:n10020	v1spia---
ἀντικηδεύω	a)ntikhdeu/w	ἀντικηδεύω	a)ntikhdeu/w	urn:cite2:hmt:lsj.chicago_md:n10020	v1spsa---
ἀντικηδεύω	a)ntikhdeu/w	ἀντικηδεύω	a)ntikhdeu/w	urn:cite2:hmt:lsj.chicago_md:n10020	v1spia---
ἀντιάζω	a)ntia/zw	ἀντιάζω	a)ntia/zw	urn:cite2:hmt:lsj.chicago_md:n9780	v1spsa---
ἀντιάζω	a)ntia/zw	ἀντιάζω	a)ntia/zw	urn:cite2:hmt:lsj.chicago_md:n9780	v1spia---
ἀντήλιον	a)nth/lion	ἀντήλιος	a)nth/lios	urn:cite2:hmt:lsj.chicago_md:n9762	n-s---ma-
ἀντήλιον	a)nth/lion	ἀντήλιος	a)nth/lios	urn:cite2:hmt:lsj.chicago_md:n9762	n-s---fa-
ἀντήλιον	a)nth/lion	ἀντήλιος	a)nth/lios	urn:cite2:hmt:lsj.chicago_md:n9762	n-s---nn-
ἀντήλιον	a)nth/lion	ἀντήλιος	a)nth/lios	urn:cite2:hmt:lsj.chicago_md:n9762	n-s---nv-
ἀντήλιον	a)nth/lion	ἀντήλιος	a)nth/lios	urn:cite2:hmt:lsj.chicago_md:n9762	n-s---na-
ἀντίας	a)nti/as	ἀντίος	a)nti/os	urn:cite2:hmt:lsj.chicago_md:n10226	a-p---fa-
ἀντίας	a)nti/as	ἀντίος	a)nti/os	urn:cite2:hmt:lsj.chicago_md:n10226	a-s---fg-
ἀντίας	a)nti/as	ἀντιάω	a)ntia/w	urn:cite2:hmt:lsj.chicago_md:n9787	v2siia---
ἀντίας	a)nti/as	ἀντιάω	a)ntia/w	urn:cite2:hmt:lsj.chicago_md:n9787	v2siia---
ἀντίπηγος	a)nti/phgos	ἀντίπηξ	a)nti/phc	urn:cite2:hmt:lsj.chicago_md:n10355	n-s---fg-
ἀντίπηγ’	a)nti/phg'	ἀντίπηξ	a)nti/phc	urn:cite2:hmt:lsj.chicago_md:n10355	n-s---fa-
ἀντίπηγ’	a)nti/phg'	ἀντίπηξ	a)nti/phc	urn:cite2:hmt:lsj.chicago_md:n10355	n-s---fd-
ἀντίπηγ’	a)nti/phg'	ἀντίπηξ	a)nti/phc	urn:cite2:hmt:lsj.chicago_md:n10355	n-d---fn-
ἀντίπηγ’	a)nti/phg'	ἀντίπηξ	a)nti/phc	urn:cite2:hmt:lsj.chicago_md:n10355	n-d---fv-
ἀντίπηγ’	a)nti/phg'	ἀντίπηξ	a)nti/phc	urn:cite2:hmt:lsj.chicago_md:n10355	n-d---fa-
ἀντίπορθμα	a)nti/porqma	ἀντίπορθμος	a)nti/porqmos	urn:cite2:hmt:lsj.chicago_md:n10398	n-p---nn-
ἀντίπορθμα	a)nti/porqma	ἀντίπορθμος	a)nti/porqmos	urn:cite2:hmt:lsj.chicago_md:n10398	n-p---nv-
ἀντίπορθμα	a)nti/porqma	ἀντίπορθμος	a)nti/porqmos	urn:cite2:hmt:lsj.chicago_md:n10398	n-p---na-
ἀντ’	a)nt'	ἀντί	a)nti/	urn:cite2:hmt:lsj.chicago_md:n9778	r--------
ἀνά	a)na/	ἀνά	a)na/	urn:cite2:hmt:lsj.chicago_md:n6213	r--------
ἀνάθημα	a)na/qhma	ἀνάθημα	a)na/qhma	urn:cite2:hmt:lsj.chicago_md:n6549	n-s---nn-
ἀνάθημα	a)na/qhma	ἀνάθημα	a)na/qhma	urn:cite2:hmt:lsj.chicago_md:n6549	n-s---nv-
ἀνάθημα	a)na/qhma	ἀνάθημα	a)na/qhma	urn:cite2:hmt:lsj.chicago_md:n6549	n-s---na-
ἀνάθημ’	a)na/qhm'	ἀνάθημα	a)na/qhma	urn:cite2:hmt:lsj.chicago_md:n6549	n-s---nn-
ἀνάθημ’	a)na/qhm'	ἀνάθημα	a)na/qhma	urn:cite2:hmt:lsj.chicago_md:n6549	n-s---nv-
ἀνάθημ’	a)na/qhm'	ἀνάθημα	a)na/qhma	urn:cite2:hmt:lsj.chicago_md:n6549	n-s---na-
ἀνάθημ’	a)na/qhm'	ἀναθέω	a)naqe/w	urn:cite2:hmt:lsj.chicago_md:n6543	v1srie---
ἀνάξια	a)na/cia	ἀνάξιος	a)na/cios	urn:cite2:hmt:lsj.chicago_md:n7114	a-p---nn-
ἀνάξια	a)na/cia	ἀνάξιος	a)na/cios	urn:cite2:hmt:lsj.chicago_md:n7115	a-p---nn-
ἀνάξια	a)na/cia	ἀνάξιος	a)na/cios	urn:cite2:hmt:lsj.chicago_md:n7114	a-p---nv-
ἀνάξια	a)na/cia	ἀνάξιος	a)na/cios	urn:cite2:hmt:lsj.chicago_md:n7115	a-p---nv-
ἀνάξια	a)na/cia	ἀνάξιος	a)na/cios	urn:cite2:hmt:lsj.chicago_md:n7114	a-p---na-
ἀνάξια	a)na/cia	ἀνάξιος	a)na/cios	urn:cite2:hmt:lsj.chicago_md:n7115	a-p---na-
ἀνάξια	a)na/cia	ἀνάξιος	a)na/cios	urn:cite2:hmt:lsj.chicago_md:n7114	n-p---nn-
ἀνάξια	a)na/cia	ἀνάξιος	a)na/cios	urn:cite2:hmt:lsj.chicago_md:n7115	n-p---nn-
ἀνάξια	a)na/cia	ἀνάξιος	a)na/cios	urn:cite2:hmt:lsj.chicago_md:n7114	n-p---nv-
ἀνάξια	a)na/cia	ἀνάξιος	a)na/cios	urn:cite2:hmt:lsj.chicago_md:n7115	n-p---nv-
ἀνάξια	a)na/cia	ἀνάξιος	a)na/cios	urn:cite2:hmt:lsj.chicago_md:n7114	n-p---na-
ἀνάξια	a)na/cia	ἀνάξιος	a)na/cios	urn:cite2:hmt:lsj.chicago_md:n7115	n-p---na-
ἀνάσσεις	a)na/sseis	ἀνάσσω	a)na/ssw	urn:cite2:hmt:lsj.chicago_md:n7504	v2spia---
ἀνάσσεις	a)na/sseis	ἀνάζω	a)na/zw	urn:cite2:hmt:lsj.chicago_md:n6509	v2sasa---
ἀνάσσεις	a)na/sseis	ἀνάζω	a)na/zw	urn:cite2:hmt:lsj.chicago_md:n6509	v2sfia---
ἀνάσσοι	a)na/ssoi	ἀνάσσω	a)na/ssw	urn:cite2:hmt:lsj.chicago_md:n7504	v3spoa---
ἀνάσσοι	a)na/ssoi	ἀνάζω	a)na/zw	urn:cite2:hmt:lsj.chicago_md:n6509	v3sfoa---
ἀνάσχου	a)na/sxou	ἀνέχω	a)ne/xw	urn:cite2:hmt:lsj.chicago_md:n8575	v2saim---
ἀνέμνησάς	a)ne/mnhsa/s	ἀναμιμνήσκω	a)namimnh/skw	urn:cite2:hmt:lsj.chicago_md:n7007	v2saia---
ἀνέφερ’	a)ne/fer'	ἀναφέρω	a)nafe/rw	urn:cite2:hmt:lsj.chicago_md:n7724	v3siia---
ἀνέχοιτ’	a)ne/xoit'	ἀνέχω	a)ne/xw	urn:cite2:hmt:lsj.chicago_md:n8575	v3spoe---
ἀνέχοιτ’	a)ne/xoit'	ἀνέχω	a)ne/xw	urn:cite2:hmt:lsj.chicago_md:n8575	v2ppoa---
ἀνέχων	a)ne/xwn	ἀναχώννυμι	a)naxw/nnumi	urn:cite2:hmt:lsj.chicago_md:n7830	v3piia---
ἀνέχων	a)ne/xwn	ἀναχώννυμι	a)naxw/nnumi	urn:cite2:hmt:lsj.chicago_md:n7830	v1siia---
ἀνέχων	a)ne/xwn	ἀνέχω	a)ne/xw	urn:cite2:hmt:lsj.chicago_md:n8575	v-sppamn-
ἀνίστη	a)ni/sth	ἀνίστημι	a)ni/sthmi	urn:cite2:hmt:lsj.chicago_md:n9082	v3siia---
ἀνίστη	a)ni/sth	ἀνίστημι	a)ni/sthmi	urn:cite2:hmt:lsj.chicago_md:n9082	v2spma---
ἀνίστη	a)ni/sth	ἀνίστημι	a)ni/sthmi	urn:cite2:hmt:lsj.chicago_md:n9082	v3siia---
ἀνύδρου	a)nu/drou	ἄνυδρος	a)/nudros	urn:cite2:hmt:lsj.chicago_md:n10832	n-s---mg-
ἀνύδρου	a)nu/drou	ἄνυδρος	a)/nudros	urn:cite2:hmt:lsj.chicago_md:n10832	n-s---fg-
ἀνύδρου	a)nu/drou	ἄνυδρος	a)/nudros	urn:cite2:hmt:lsj.chicago_md:n10832	n-s---ng-
ἀνώνυμος	a)nw/numos	ἀνώνυμος	a)nw/numos	urn:cite2:hmt:lsj.chicago_md:n10959	n-s---mn-
ἀνώνυμος	a)nw/numos	ἀνώνυμος	a)nw/numos	urn:cite2:hmt:lsj.chicago_md:n10959	n-s---fn-
ἀξία	a)ci/a	ἄξιος	a)/cios	urn:cite2:hmt:lsj.chicago_md:n11058	a-d---fn-
ἀξία	a)ci/a	ἄξιος	a)/cios	urn:cite2:hmt:lsj.chicago_md:n11058	a-d---fv-
ἀξία	a)ci/a	ἄξιος	a)/cios	urn:cite2:hmt:lsj.chicago_md:n11058	a-d---fa-
ἀξία	a)ci/a	ἄξιος	a)/cios	urn:cite2:hmt:lsj.chicago_md:n11058	a-s---fn-
ἀξία	a)ci/a	ἄξιος	a)/cios	urn:cite2:hmt:lsj.chicago_md:n11058	a-s---fv-
ἀξία	a)ci/a	ἀξία	a)ci/a	urn:cite2:hmt:lsj.chicago_md:n10998	n-d---fn-
ἀξία	a)ci/a	ἀξία	a)ci/a	urn:cite2:hmt:lsj.chicago_md:n10998	n-d---fv-
ἀξία	a)ci/a	ἀξία	a)ci/a	urn:cite2:hmt:lsj.chicago_md:n10998	n-d---fa-
ἀξία	a)ci/a	ἀξία	a)ci/a	urn:cite2:hmt:lsj.chicago_md:n10998	n-s---fn-
ἀξία	a)ci/a	ἀξία	a)ci/a	urn:cite2:hmt:lsj.chicago_md:n10998	n-s---fv-
ἀξία	a)ci/a	ἀξιάω	a)cia/w	urn:cite2:hmt:lsj.chicago_md:n11004	v3siia---
ἀξία	a)ci/a	ἀξιάω	a)cia/w	urn:cite2:hmt:lsj.chicago_md:n11004	v2spma---
ἀξία	a)ci/a	ἀξιάω	a)cia/w	urn:cite2:hmt:lsj.chicago_md:n11004	v3siia---
ἀξίωμα	a)ci/wma	ἀξίωμα	a)ci/wma	urn:cite2:hmt:lsj.chicago_md:n11075	n-s---nn-
ἀξίωμα	a)ci/wma	ἀξίωμα	a)ci/wma	urn:cite2:hmt:lsj.chicago_md:n11075	n-s---nv-
ἀξίωμα	a)ci/wma	ἀξίωμα	a)ci/wma	urn:cite2:hmt:lsj.chicago_md:n11075	n-s---na-
ἀξίωμ’	a)ci/wm'	ἀξίωμα	a)ci/wma	urn:cite2:hmt:lsj.chicago_md:n11075	n-s---nn-
ἀξίωμ’	a)ci/wm'	ἀξίωμα	a)ci/wma	urn:cite2:hmt:lsj.chicago_md:n11075	n-s---nv-
ἀξίωμ’	a)ci/wm'	ἀξίωμα	a)ci/wma	urn:cite2:hmt:lsj.chicago_md:n11075	n-s---na-
ἀξίωμ’	a)ci/wm'	ἀξιόω	a)cio/w	urn:cite2:hmt:lsj.chicago_md:n11072	v1srie---
ἀξίων	a)ci/wn	ἄξιος	a)/cios	urn:cite2:hmt:lsj.chicago_md:n11058	a-p---fg-
ἀξίων	a)ci/wn	ἄξιος	a)/cios	urn:cite2:hmt:lsj.chicago_md:n11058	a-p---mg-
ἀξίων	a)ci/wn	ἄξιος	a)/cios	urn:cite2:hmt:lsj.chicago_md:n11058	a-p---ng-
ἀξίων	a)ci/wn	ἄγνυμι	a)/gnumi	urn:cite2:hmt:lsj.chicago_md:n735	v-sfpamn-
ἀξίων	a)ci/wn	ἄγω	a)/gw	urn:cite2:hmt:lsj.chicago_md:n1083	v-sfpamn-
ἀξίων	a)ci/wn	ἀξιάω	a)cia/w	urn:cite2:hmt:lsj.chicago_md:n11004	v3piia---
ἀξίων	a)ci/wn	ἀξιάω	a)cia/w	urn:cite2:hmt:lsj.chicago_md:n11004	v1siia---
ἀξίων	a)ci/wn	ἀξιάω	a)cia/w	urn:cite2:hmt:lsj.chicago_md:n11004	v3piia---
ἀξίων	a)ci/wn	ἀξιάω	a)cia/w	urn:cite2:hmt:lsj.chicago_md:n11004	v1siia---
ἀξίων	a)ci/wn	ἀξιόω	a)cio/w	urn:cite2:hmt:lsj.chicago_md:n11072	v3piia---
ἀξίων	a)ci/wn	ἀξιόω	a)cio/w	urn:cite2:hmt:lsj.chicago_md:n11072	v1siia---
ἀξύνετον	a)cu/neton	ἀσύνετος	a)su/netos	urn:cite2:hmt:lsj.chicago_md:n16817	n-s---ma-
ἀξύνετον	a)cu/neton	ἀσύνετος	a)su/netos	urn:cite2:hmt:lsj.chicago_md:n16817	n-s---fa-
ἀξύνετον	a)cu/neton	ἀσύνετος	a)su/netos	urn:cite2:hmt:lsj.chicago_md:n16817	n-s---nn-
ἀξύνετον	a)cu/neton	ἀσύνετος	a)su/netos	urn:cite2:hmt:lsj.chicago_md:n16817	n-s---nv-
ἀξύνετον	a)cu/neton	ἀσύνετος	a)su/netos	urn:cite2:hmt:lsj.chicago_md:n16817	n-s---na-
ἀοιδά	a)oida/	ἀοιδή	a)oidh/	urn:cite2:hmt:lsj.chicago_md:n11106	n-d---fn-
ἀοιδά	a)oida/	ἀοιδή	a)oidh/	urn:cite2:hmt:lsj.chicago_md:n11106	n-d---fv-
ἀοιδά	a)oida/	ἀοιδή	a)oidh/	urn:cite2:hmt:lsj.chicago_md:n11106	n-d---fa-
ἀοιδά	a)oida/	ἀοιδή	a)oidh/	urn:cite2:hmt:lsj.chicago_md:n11106	n-s---fn-
ἀοιδά	a)oida/	ἀοιδή	a)oidh/	urn:cite2:hmt:lsj.chicago_md:n11106	n-s---fv-
ἀπαιδεύτως	a)paideu/tws	ἀπαίδευτος	a)pai/deutos	urn:cite2:hmt:lsj.chicago_md:n11229	x--------
ἀπαιδεύτως	a)paideu/tws	ἀπαίδευτος	a)pai/deutos	urn:cite2:hmt:lsj.chicago_md:n11229	n-p---ma-
ἀπαιδεύτως	a)paideu/tws	ἀπαίδευτος	a)pai/deutos	urn:cite2:hmt:lsj.chicago_md:n11229	n-p---fa-
ἀπαιδίαν	a)paidi/an	ἀπαιδία	a)paidi/a	urn:cite2:hmt:lsj.chicago_md:n11230	n-s---fa-
ἀπαιδίας	a)paidi/as	ἀπαιδία	a)paidi/a	urn:cite2:hmt:lsj.chicago_md:n11230	n-p---fa-
ἀπαιδίας	a)paidi/as	ἀπαιδία	a)paidi/a	urn:cite2:hmt:lsj.chicago_md:n11230	n-s---fg-
ἀπαιδίᾳ	a)paidi/a|	ἀπαιδία	a)paidi/a	urn:cite2:hmt:lsj.chicago_md:n11230	n-p---fn-
ἀπαιδίᾳ	a)paidi/a|	ἀπαιδία	a)paidi/a	urn:cite2:hmt:lsj.chicago_md:n11230	n-p---fv-
ἀπαιδίᾳ	a)paidi/a|	ἀπαιδία	a)paidi/a	urn:cite2:hmt:lsj.chicago_md:n11230	n-s---fd-
ἀπαιολεῖ	a)paiolei=	ἀπαιολάω	a)paiola/w	urn:cite2:hmt:lsj.chicago_md:n11240	v2spie---
ἀπαιολεῖ	a)paiolei=	ἀπαιολάω	a)paiola/w	urn:cite2:hmt:lsj.chicago_md:n11240	v3spia---
ἀπαλλάξῃ	a)palla/ch|	ἀπάλλαξις	a)pa/llacis	urn:cite2:hmt:lsj.chicago_md:n11303	n-s---fd-
ἀπαλλάξῃ	a)palla/ch|	ἀπαλλάσσω	a)palla/ssw	urn:cite2:hmt:lsj.chicago_md:n11305	v2sasm---
ἀπαλλάξῃ	a)palla/ch|	ἀπαλλάσσω	a)palla/ssw	urn:cite2:hmt:lsj.chicago_md:n11305	v3sasa---
ἀπαλλάξῃ	a)palla/ch|	ἀπαλλάσσω	a)palla/ssw	urn:cite2:hmt:lsj.chicago_md:n11305	v2sfim---
ἀπαλλάξῃ	a)palla/ch|	ἀπαλλάσσω	a)palla/ssw	urn:cite2:hmt:lsj.chicago_md:n11305	v2stie---
ἀπαλλάξῃ	a)palla/ch|	ἀπαλλάσσω	a)palla/ssw	urn:cite2:hmt:lsj.chicago_md:n11305	v2stim---
ἀπαλλάξῃ	a)palla/ch|	ἀπαλλαξείω	a)pallacei/w	urn:cite2:hmt:lsj.chicago_md:n11301	v2sasm---
ἀπαλλάξῃ	a)palla/ch|	ἀπαλλαξείω	a)pallacei/w	urn:cite2:hmt:lsj.chicago_md:n11301	v3sasa---
ἀπαλλάξῃ	a)palla/ch|	ἀπαλλαξείω	a)pallacei/w	urn:cite2:hmt:lsj.chicago_md:n11301	v2sfim---
ἀπαλλάξῃ	a)palla/ch|	ἀπαλλαξείω	a)pallacei/w	urn:cite2:hmt:lsj.chicago_md:n11301	v2stie---
ἀπαλλάξῃ	a)palla/ch|	ἀπαλλαξείω	a)pallacei/w	urn:cite2:hmt:lsj.chicago_md:n11301	v2stim---
ἀπαλλάξῃ	a)palla/ch|	ἀπαλλαγή	a)pallagh/	urn:cite2:hmt:lsj.chicago_md:n11296	n-s---fd-
ἀπαλλάσσου	a)palla/ssou	ἀπαλλάσσω	a)palla/ssw	urn:cite2:hmt:lsj.chicago_md:n11305	v2siie---
ἀπαλλάσσου	a)palla/ssou	ἀπαλλάσσω	a)palla/ssw	urn:cite2:hmt:lsj.chicago_md:n11305	v2spme---
ἀπαλλάσσου	a)palla/ssou	ἀπαλλάσσω	a)palla/ssw	urn:cite2:hmt:lsj.chicago_md:n11305	v2siie---
ἀπαλλάσσου	a)palla/ssou	ἀπαλλαξείω	a)pallacei/w	urn:cite2:hmt:lsj.chicago_md:n11301	v2siie---
ἀπαλλάσσου	a)palla/ssou	ἀπαλλαξείω	a)pallacei/w	urn:cite2:hmt:lsj.chicago_md:n11301	v2spme---
ἀπαλλάσσου	a)palla/ssou	ἀπαλλαξείω	a)pallacei/w	urn:cite2:hmt:lsj.chicago_md:n11301	v2siie---
ἀπαντᾷ	a)panta=|	ἀπαντάω	a)panta/w	urn:cite2:hmt:lsj.chicago_md:n11411	v2spse---
ἀπαντᾷ	a)panta=|	ἀπαντάω	a)panta/w	urn:cite2:hmt:lsj.chicago_md:n11411	v2spie---
ἀπαντᾷ	a)panta=|	ἀπαντάω	a)panta/w	urn:cite2:hmt:lsj.chicago_md:n11411	v3spsa---
ἀπαντᾷ	a)panta=|	ἀπαντάω	a)panta/w	urn:cite2:hmt:lsj.chicago_md:n11411	v3spia---
ἀπαντᾷ	a)panta=|	ἀπαντάω	a)panta/w	urn:cite2:hmt:lsj.chicago_md:n11411	v2spse---
ἀπαντᾷ	a)panta=|	ἀπαντάω	a)panta/w	urn:cite2:hmt:lsj.chicago_md:n11411	v2spie---
ἀπαντᾷ	a)panta=|	ἀπαντάω	a)panta/w	urn:cite2:hmt:lsj.chicago_md:n11411	v3spsa---
ἀπαντᾷ	a)panta=|	ἀπαντάω	a)panta/w	urn:cite2:hmt:lsj.chicago_md:n11411	v3spia---
ἀπαντᾷ	a)panta=|	ἀπαντή	a)panth/	urn:cite2:hmt:lsj.chicago_md:n11412	n-s---fd-
ἀπαρχάς	a)parxa/s	ἀπαρχή	a)parxh/	urn:cite2:hmt:lsj.chicago_md:n11577	n-p---fa-
ἀπασπαίρουσα	a)paspai/rousa	ἀπασπαίρω	a)paspai/rw	urn:cite2:hmt:lsj.chicago_md:n11588	v-sppafn-
ἀπασπαίρουσα	a)paspai/rousa	ἀπασπαίρω	a)paspai/rw	urn:cite2:hmt:lsj.chicago_md:n11588	v-sppafv-
ἀπεννέπω	a)penne/pw	ἀπενέπω	a)pene/pw	urn:cite2:hmt:lsj.chicago_md:n11856	v1spsa---
ἀπεννέπω	a)penne/pw	ἀπενέπω	a)pene/pw	urn:cite2:hmt:lsj.chicago_md:n11856	v1spia---
ἀπεστερήθην	a)pesterh/qhn	ἀποστερέω	a)postere/w	urn:cite2:hmt:lsj.chicago_md:n13841	v3paip---
ἀπεστερήθην	a)pesterh/qhn	ἀποστερέω	a)postere/w	urn:cite2:hmt:lsj.chicago_md:n13841	v1saip---
ἀπείργει	a)pei/rgei	ἀπείργω	a)pei/rgw	urn:cite2:hmt:lsj.chicago_md:n11723	v2spie---
ἀπείργει	a)pei/rgei	ἀπείργω	a)pei/rgw	urn:cite2:hmt:lsj.chicago_md:n11723	v3spia---
ἀπημπόλα	a)phmpo/la	ἀπεμπολάω	a)pempola/w	urn:cite2:hmt:lsj.chicago_md:n11842	v3siia---
ἀπηνδρώθη	a)phndrw/qh	ἀπανδρόομαι	a)pandro/omai	urn:cite2:hmt:lsj.chicago_md:n11384	v3saip---
ἀπιστεῖν	a)pistei=n	ἀπιστέω	a)piste/w	urn:cite2:hmt:lsj.chicago_md:n12133	v--pna---
ἀπιστίᾳ	a)pisti/a|	ἀπιστία	a)pisti/a	urn:cite2:hmt:lsj.chicago_md:n12136	n-p---fn-
ἀπιστίᾳ	a)pisti/a|	ἀπιστία	a)pisti/a	urn:cite2:hmt:lsj.chicago_md:n12136	n-p---fv-
ἀπιστίᾳ	a)pisti/a|	ἀπιστία	a)pisti/a	urn:cite2:hmt:lsj.chicago_md:n12136	n-s---fd-
ἀποδείξω	a)podei/cw	ἀποδείκνυμι	a)podei/knumi	urn:cite2:hmt:lsj.chicago_md:n12409	v1sasa---
ἀποδείξω	a)podei/cw	ἀποδείκνυμι	a)podei/knumi	urn:cite2:hmt:lsj.chicago_md:n12409	v1sfia---
ἀποδείξω	a)podei/cw	ἀποδείκνυμι	a)podei/knumi	urn:cite2:hmt:lsj.chicago_md:n12409	v2saim---
ἀποδούς	a)podou/s	ἀποδίδωμι	a)podi/dwmi	urn:cite2:hmt:lsj.chicago_md:n12485	v-sapamn-
ἀποδούς	a)podou/s	ἀποδίδωμι	a)podi/dwmi	urn:cite2:hmt:lsj.chicago_md:n12485	v-sapamv-
ἀποδούς	a)podou/s	ἀποδίδωμι	a)podi/dwmi	urn:cite2:hmt:lsj.chicago_md:n12485	v-sapamn-
ἀποδούς	a)podou/s	ἀποδίδωμι	a)podi/dwmi	urn:cite2:hmt:lsj.chicago_md:n12485	v-sapamv-
ἀποδίδωμί	a)podi/dwmi/	ἀποδίδωμι	a)podi/dwmi	urn:cite2:hmt:lsj.chicago_md:n12485	v1spia---
ἀποδίδωσί	a)podi/dwsi/	ἀποδίδωμι	a)podi/dwmi	urn:cite2:hmt:lsj.chicago_md:n12485	v3spia---
ἀποκτείνασί	a)poktei/nasi/	ἀποκτείνω	a)poktei/nw	urn:cite2:hmt:lsj.chicago_md:n12973	v-papamd-
ἀποκτείνασί	a)poktei/nasi/	ἀποκτείνω	a)poktei/nw	urn:cite2:hmt:lsj.chicago_md:n12973	v-papand-
ἀποκάμνω	a)poka/mnw	ἀποκάμνω	a)poka/mnw	urn:cite2:hmt:lsj.chicago_md:n12745	v1spsa---
ἀποκάμνω	a)poka/mnw	ἀποκάμνω	a)poka/mnw	urn:cite2:hmt:lsj.chicago_md:n12745	v1spia---
ἀπολαχοῦσα	a)polaxou=sa	ἀπολαγχάνω	a)polagxa/nw	urn:cite2:hmt:lsj.chicago_md:n13008	v-sapafn-
ἀπολαχοῦσα	a)polaxou=sa	ἀπολαγχάνω	a)polagxa/nw	urn:cite2:hmt:lsj.chicago_md:n13008	v-sapafv-
ἀπολειφθῶ	a)poleifqw=	ἀπολιμπάνω	a)polimpa/nw	urn:cite2:hmt:lsj.chicago_md:n13075	v1sasp---
ἀπολιπών	a)polipw/n	ἀπολιμπάνω	a)polimpa/nw	urn:cite2:hmt:lsj.chicago_md:n13075	v-sapamn-
ἀπολέμοισι	a)pole/moisi	ἀπόλεμος	a)po/lemos	urn:cite2:hmt:lsj.chicago_md:n13049	n-p---md-
ἀπολέμοισι	a)pole/moisi	ἀπόλεμος	a)po/lemos	urn:cite2:hmt:lsj.chicago_md:n13049	n-p---fd-
ἀπολέμοισι	a)pole/moisi	ἀπόλεμος	a)po/lemos	urn:cite2:hmt:lsj.chicago_md:n13049	n-p---nd-
ἀπολέσασα	a)pole/sasa	ἀπόλλυμι	a)po/llumi	urn:cite2:hmt:lsj.chicago_md:n13096	v-sapafn-
ἀπολέσασα	a)pole/sasa	ἀπόλλυμι	a)po/llumi	urn:cite2:hmt:lsj.chicago_md:n13096	v-sapafv-
ἀπονησαμένη	a)ponhsame/nh	ἀπονέομαι	a)pone/omai	urn:cite2:hmt:lsj.chicago_md:n13282	v-sapefn-
ἀπονησαμένη	a)ponhsame/nh	ἀπονέομαι	a)pone/omai	urn:cite2:hmt:lsj.chicago_md:n13282	v-sapefv-
ἀπονησαμένη	a)ponhsame/nh	ἀπονέω	a)pone/w	urn:cite2:hmt:lsj.chicago_md:n13289	v-sapmfn-
ἀπονησαμένη	a)ponhsame/nh	ἀπονέω	a)pone/w	urn:cite2:hmt:lsj.chicago_md:n13290	v-sapmfn-
ἀπονησαμένη	a)ponhsame/nh	ἀπονέω	a)pone/w	urn:cite2:hmt:lsj.chicago_md:n13289	v-sapmfv-
ἀπονησαμένη	a)ponhsame/nh	ἀπονέω	a)pone/w	urn:cite2:hmt:lsj.chicago_md:n13290	v-sapmfv-
ἀπονησαμένη	a)ponhsame/nh	ἀπονέω	a)pone/w	urn:cite2:hmt:lsj.chicago_md:n13289	v-sapmfn-
ἀπονησαμένη	a)ponhsame/nh	ἀπονέω	a)pone/w	urn:cite2:hmt:lsj.chicago_md:n13290	v-sapmfn-
ἀπονησαμένη	a)ponhsame/nh	ἀπονέω	a)pone/w	urn:cite2:hmt:lsj.chicago_md:n13289	v-sapmfv-
ἀπονησαμένη	a)ponhsame/nh	ἀπονέω	a)pone/w	urn:cite2:hmt:lsj.chicago_md:n13290	v-sapmfv-
ἀπονησαμένη	a)ponhsame/nh	ἀπονίναμαι	a)poni/namai	urn:cite2:hmt:lsj.chicago_md:n13304	v-sapmfn-
ἀπονησαμένη	a)ponhsame/nh	ἀπονίναμαι	a)poni/namai	urn:cite2:hmt:lsj.chicago_md:n13304	v-sapmfv-
ἀπορραντήρια	a)porranth/ria	ἀπορραντήριον	a)porranth/rion	urn:cite2:hmt:lsj.chicago_md:n13595	n-p---nn-
ἀπορραντήρια	a)porranth/ria	ἀπορραντήριον	a)porranth/rion	urn:cite2:hmt:lsj.chicago_md:n13595	n-p---nv-
ἀπορραντήρια	a)porranth/ria	ἀπορραντήριον	a)porranth/rion	urn:cite2:hmt:lsj.chicago_md:n13595	n-p---na-
ἀπορία	a)pori/a	ἀπορία	a)pori/a	urn:cite2:hmt:lsj.chicago_md:n13579	n-d---fn-
ἀπορία	a)pori/a	ἀπορία	a)pori/a	urn:cite2:hmt:lsj.chicago_md:n13579	n-d---fv-
ἀπορία	a)pori/a	ἀπορία	a)pori/a	urn:cite2:hmt:lsj.chicago_md:n13579	n-d---fa-
ἀπορία	a)pori/a	ἀπορία	a)pori/a	urn:cite2:hmt:lsj.chicago_md:n13579	n-s---fn-
ἀπορία	a)pori/a	ἀπορία	a)pori/a	urn:cite2:hmt:lsj.chicago_md:n13579	n-s---fv-
ἀποστυγῶ	a)postugw=	ἀποστυγέω	a)postuge/w	urn:cite2:hmt:lsj.chicago_md:n13896	v1spsa---
ἀποστυγῶ	a)postugw=	ἀποστυγέω	a)postuge/w	urn:cite2:hmt:lsj.chicago_md:n13896	v1spia---
ἀποστυγῶ	a)postugw=	ἀποστυγέω	a)postuge/w	urn:cite2:hmt:lsj.chicago_md:n13896	v1spsa---
ἀποστυγῶ	a)postugw=	ἀποστυγέω	a)postuge/w	urn:cite2:hmt:lsj.chicago_md:n13896	v1spia---
ἀποτίνου	a)poti/nou	ἀποτίνω	a)poti/nw	urn:cite2:hmt:lsj.chicago_md:n14064	v2spme---
ἀποτίνου	a)poti/nou	ἀποτίνω	a)poti/nw	urn:cite2:hmt:lsj.chicago_md:n14064	v2spme---
ἀποτίνου	a)poti/nou	ἀποτίνω	a)poti/nw	urn:cite2:hmt:lsj.chicago_md:n14064	v2siie---
ἀποτίνου	a)poti/nou	ἀποτίνω	a)poti/nw	urn:cite2:hmt:lsj.chicago_md:n14064	v2siie---
ἀποφαίνειν	a)pofai/nein	ἀποφαίνω	a)pofai/nw	urn:cite2:hmt:lsj.chicago_md:n14181	v--pna---
ἀποφεύγουσα	a)pofeu/gousa	ἀποφεύγω	a)pofeu/gw	urn:cite2:hmt:lsj.chicago_md:n14198	v-sppafn-
ἀποφεύγουσα	a)pofeu/gousa	ἀποφεύγω	a)pofeu/gw	urn:cite2:hmt:lsj.chicago_md:n14198	v-sppafv-
ἀποφυγεῖν	a)pofugei=n	ἀποφεύγω	a)pofeu/gw	urn:cite2:hmt:lsj.chicago_md:n14198	v--ana---
ἀποχεύονται	a)poxeu/ontai	ἀποχέω	a)poxe/w	urn:cite2:hmt:lsj.chicago_md:n14298	v3pfim---
ἀποχεύονται	a)poxeu/ontai	ἀποχέω	a)poxe/w	urn:cite2:hmt:lsj.chicago_md:n14298	v3ppie---
ἀποῦσαν	a)pou=san	ἄπειμι1	a)/peimi	urn:cite2:hmt:lsj.chicago_md:n11709	v-sppafa-
ἀποῦσαν	a)pou=san	ἄπειμι1	a)/peimi	urn:cite2:hmt:lsj.chicago_md:n11710	v-sppafa-
ἀπάτωρ	a)pa/twr	ἀπάτωρ	a)pa/twr	urn:cite2:hmt:lsj.chicago_md:n11630	n-s---mn-
ἀπάτωρ	a)pa/twr	ἀπάτωρ	a)pa/twr	urn:cite2:hmt:lsj.chicago_md:n11630	n-s---fn-
ἀπέβαλον	a)pe/balon	ἀποβάλλω	a)poba/llw	urn:cite2:hmt:lsj.chicago_md:n12253	v3paia---
ἀπέβαλον	a)pe/balon	ἀποβάλλω	a)poba/llw	urn:cite2:hmt:lsj.chicago_md:n12253	v1saia---
ἀπέκτεινες	a)pe/kteines	ἀποκτείνω	a)poktei/nw	urn:cite2:hmt:lsj.chicago_md:n12973	v2siia---
ἀπέκτεινον	a)pe/kteinon	ἀποκτείνω	a)poktei/nw	urn:cite2:hmt:lsj.chicago_md:n12973	v3piia---
ἀπέκτεινον	a)pe/kteinon	ἀποκτείνω	a)poktei/nw	urn:cite2:hmt:lsj.chicago_md:n12973	v1siia---
ἀπέσπεισαν	a)pe/speisan	ἀποσπένδω	a)pospe/ndw	urn:cite2:hmt:lsj.chicago_md:n13779	v3paia---
ἀπέσταξεν	a)pe/stacen	ἀποστάζω	a)posta/zw	urn:cite2:hmt:lsj.chicago_md:n13803	v3saia---
ἀπήνεγκεν	a)ph/negken	ἀποφέρω	a)pofe/rw	urn:cite2:hmt:lsj.chicago_md:n14197	v3saia---
ἀπήνεγκεν	a)ph/negken	ἀποφέρω	a)pofe/rw	urn:cite2:hmt:lsj.chicago_md:n14197	v3saia---
ἀπίστους	a)pi/stous	ἄπιστος	a)/pistos	urn:cite2:hmt:lsj.chicago_md:n12137	n-p---ma-
ἀπίστους	a)pi/stous	ἄπιστος	a)/pistos	urn:cite2:hmt:lsj.chicago_md:n12137	n-p---fa-
ἀπό	a)po/	ἀπό	a)po/	urn:cite2:hmt:lsj.chicago_md:n12243	r--------
ἀπόντος	a)po/ntos	ἄπειμι1	a)/peimi	urn:cite2:hmt:lsj.chicago_md:n11709	v-sppamg-
ἀπόντος	a)po/ntos	ἄπειμι1	a)/peimi	urn:cite2:hmt:lsj.chicago_md:n11710	v-sppamg-
ἀπόντος	a)po/ntos	ἄπειμι1	a)/peimi	urn:cite2:hmt:lsj.chicago_md:n11709	v-sppang-
ἀπόντος	a)po/ntos	ἄπειμι1	a)/peimi	urn:cite2:hmt:lsj.chicago_md:n11710	v-sppang-
ἀπώλεσαν	a)pw/lesan	ἀπόλλυμι	a)po/llumi	urn:cite2:hmt:lsj.chicago_md:n13096	v3paia---
ἀπώλεσεν	a)pw/lesen	ἀπόλλυμι	a)po/llumi	urn:cite2:hmt:lsj.chicago_md:n13096	v3saia---
ἀπῆλθες	a)ph=lqes	ἀπέρχομαι	a)pe/rxomai	urn:cite2:hmt:lsj.chicago_md:n11970	v2saia---
ἀργυρηλάτους	a)rgurhla/tous	ἀργυρήλατος	a)rgurh/latos	urn:cite2:hmt:lsj.chicago_md:n14830	n-p---ma-
ἀργυρηλάτους	a)rgurhla/tous	ἀργυρήλατος	a)rgurh/latos	urn:cite2:hmt:lsj.chicago_md:n14830	n-p---fa-
ἀργυροειδεῖς	a)rguroeidei=s	ἀργυροειδής	a)rguroeidh/s	urn:cite2:hmt:lsj.chicago_md:n14846	n-p---ma-
ἀργυροειδεῖς	a)rguroeidei=s	ἀργυροειδής	a)rguroeidh/s	urn:cite2:hmt:lsj.chicago_md:n14846	n-p---fa-
ἀργυροειδεῖς	a)rguroeidei=s	ἀργυροειδής	a)rguroeidh/s	urn:cite2:hmt:lsj.chicago_md:n14846	n-p---mn-
ἀργυροειδεῖς	a)rguroeidei=s	ἀργυροειδής	a)rguroeidh/s	urn:cite2:hmt:lsj.chicago_md:n14846	n-p---mv-
ἀργυροειδεῖς	a)rguroeidei=s	ἀργυροειδής	a)rguroeidh/s	urn:cite2:hmt:lsj.chicago_md:n14846	n-p---fn-
ἀργυροειδεῖς	a)rguroeidei=s	ἀργυροειδής	a)rguroeidh/s	urn:cite2:hmt:lsj.chicago_md:n14846	n-p---fv-
ἀργός	a)rgo/s	ἀργόσ1	a)rgo/s	urn:cite2:hmt:lsj.chicago_md:n14816	a-s---mn-
ἀργός	a)rgo/s	ἀργόσ1	a)rgo/s	urn:cite2:hmt:lsj.chicago_md:n14817	a-s---mn-
ἀργός	a)rgo/s	ἀργόσ2	a)rgo/s	urn:cite2:hmt:lsj.chicago_md:n14816	a-s---mn-
ἀργός	a)rgo/s	ἀργόσ2	a)rgo/s	urn:cite2:hmt:lsj.chicago_md:n14817	a-s---mn-
ἀργός	a)rgo/s	ἀργόσ2	a)rgo/s	urn:cite2:hmt:lsj.chicago_md:n14816	n-s---mn-
ἀργός	a)rgo/s	ἀργόσ2	a)rgo/s	urn:cite2:hmt:lsj.chicago_md:n14817	n-s---mn-
ἀργός	a)rgo/s	ἀργόσ2	a)rgo/s	urn:cite2:hmt:lsj.chicago_md:n14816	n-s---fn-
ἀργός	a)rgo/s	ἀργόσ2	a)rgo/s	urn:cite2:hmt:lsj.chicago_md:n14817	n-s---fn-
ἀρετάς	a)reta/s	ἀρετή	a)reth/	urn:cite2:hmt:lsj.chicago_md:n14967	n-p---fa-
ἀρετῆς	a)reth=s	ἀρετάω	a)reta/w	urn:cite2:hmt:lsj.chicago_md:n14966	v2spia---
ἀρετῆς	a)reth=s	ἀρετάω	a)reta/w	urn:cite2:hmt:lsj.chicago_md:n14966	v2spia---
ἀρετῆς	a)reth=s	ἀρετή	a)reth/	urn:cite2:hmt:lsj.chicago_md:n14967	n-s---fg-
ἀριθμόν	a)riqmo/n	ἀριθμός	a)riqmo/s	urn:cite2:hmt:lsj.chicago_md:n15047	n-s---ma-
ἀριθμός	a)riqmo/s	ἀριθμός	a)riqmo/s	urn:cite2:hmt:lsj.chicago_md:n15047	n-s---mn-
ἀριστῆς	a)risth=s	ἀριστάω	a)rista/w	urn:cite2:hmt:lsj.chicago_md:n15080	v2spia---
ἀριστῆς	a)risth=s	ἀριστάω	a)rista/w	urn:cite2:hmt:lsj.chicago_md:n15080	v2spia---
ἀριστῆς	a)risth=s	ἀριστεύς	a)risteu/s	urn:cite2:hmt:lsj.chicago_md:n15093	n-p---mn-
ἀριστῆς	a)risth=s	ἀριστεύς	a)risteu/s	urn:cite2:hmt:lsj.chicago_md:n15093	n-p---mn-
ἀριστῆς	a)risth=s	ἀριστεύς	a)risteu/s	urn:cite2:hmt:lsj.chicago_md:n15093	n-p---mv-
ἀρνήσῃ	a)rnh/sh|	ἄρνησις	a)/rnhsis	urn:cite2:hmt:lsj.chicago_md:n15322	n-s---fd-
ἀρνήσῃ	a)rnh/sh|	ἀρνέομαι	a)rne/omai	urn:cite2:hmt:lsj.chicago_md:n15310	v2sase---
ἀρνήσῃ	a)rnh/sh|	ἀρνέομαι	a)rne/omai	urn:cite2:hmt:lsj.chicago_md:n15310	v2sfie---
ἀρνήσῃ	a)rnh/sh|	ἀρνέομαι	a)rne/omai	urn:cite2:hmt:lsj.chicago_md:n15310	v2stie---
ἀρχαγός	a)rxago/s	ἀρχηγός	a)rxhgo/s	urn:cite2:hmt:lsj.chicago_md:n15900	n-s---mn-
ἀρχαγός	a)rxago/s	ἀρχηγός	a)rxhgo/s	urn:cite2:hmt:lsj.chicago_md:n15900	n-s---fn-
ἀρχαί	a)rxai/	ἀρχή	a)rxh/	urn:cite2:hmt:lsj.chicago_md:n15893	n-p---fn-
ἀρχαί	a)rxai/	ἀρχή	a)rxh/	urn:cite2:hmt:lsj.chicago_md:n15893	n-p---fv-
ἀρχαῖον	a)rxai=on	ἀρχαῖος	a)rxai=os	urn:cite2:hmt:lsj.chicago_md:n15842	a-s---ma-
ἀρχαῖον	a)rxai=on	ἀρχαῖος	a)rxai=os	urn:cite2:hmt:lsj.chicago_md:n15842	a-s---nn-
ἀρχαῖον	a)rxai=on	ἀρχαῖος	a)rxai=os	urn:cite2:hmt:lsj.chicago_md:n15842	a-s---nv-
ἀρχαῖον	a)rxai=on	ἀρχαῖος	a)rxai=os	urn:cite2:hmt:lsj.chicago_md:n15842	a-s---na-
ἀρχαῖόν	a)rxai=o/n	ἀρχαῖος	a)rxai=os	urn:cite2:hmt:lsj.chicago_md:n15842	a-s---ma-
ἀρχαῖόν	a)rxai=o/n	ἀρχαῖος	a)rxai=os	urn:cite2:hmt:lsj.chicago_md:n15842	a-s---nn-
ἀρχαῖόν	a)rxai=o/n	ἀρχαῖος	a)rxai=os	urn:cite2:hmt:lsj.chicago_md:n15842	a-s---nv-
ἀρχαῖόν	a)rxai=o/n	ἀρχαῖος	a)rxai=os	urn:cite2:hmt:lsj.chicago_md:n15842	a-s---na-
ἀρχή	a)rxh/	ἀρχή	a)rxh/	urn:cite2:hmt:lsj.chicago_md:n15893	n-s---fn-
ἀρχή	a)rxh/	ἀρχή	a)rxh/	urn:cite2:hmt:lsj.chicago_md:n15893	n-s---fv-
ἀσείρωτον	a)sei/rwton	ἀσείρωτος	a)sei/rwtos	urn:cite2:hmt:lsj.chicago_md:n16136	n-s---ma-
ἀσείρωτον	a)sei/rwton	ἀσείρωτος	a)sei/rwtos	urn:cite2:hmt:lsj.chicago_md:n16136	n-s---fa-
ἀσείρωτον	a)sei/rwton	ἀσείρωτος	a)sei/rwtos	urn:cite2:hmt:lsj.chicago_md:n16136	n-s---nn-
ἀσείρωτον	a)sei/rwton	ἀσείρωτος	a)sei/rwtos	urn:cite2:hmt:lsj.chicago_md:n16136	n-s---nv-
ἀσείρωτον	a)sei/rwton	ἀσείρωτος	a)sei/rwtos	urn:cite2:hmt:lsj.chicago_md:n16136	n-s---na-
ἀσθενές	a)sqene/s	ἀσθενής	a)sqenh/s	urn:cite2:hmt:lsj.chicago_md:n16171	n-s---mv-
ἀσθενές	a)sqene/s	ἀσθενής	a)sqenh/s	urn:cite2:hmt:lsj.chicago_md:n16171	n-s---fv-
ἀσθενές	a)sqene/s	ἀσθενής	a)sqenh/s	urn:cite2:hmt:lsj.chicago_md:n16171	n-s---nn-
ἀσθενές	a)sqene/s	ἀσθενής	a)sqenh/s	urn:cite2:hmt:lsj.chicago_md:n16171	n-s---nv-
ἀσθενές	a)sqene/s	ἀσθενής	a)sqenh/s	urn:cite2:hmt:lsj.chicago_md:n16171	n-s---na-
ἀσθενής	a)sqenh/s	ἀσθενής	a)sqenh/s	urn:cite2:hmt:lsj.chicago_md:n16171	n-s---mn-
ἀσθενής	a)sqenh/s	ἀσθενής	a)sqenh/s	urn:cite2:hmt:lsj.chicago_md:n16171	n-s---fn-
ἀσθενῆ	a)sqenh=	ἀσθενής	a)sqenh/s	urn:cite2:hmt:lsj.chicago_md:n16171	n-p---nn-
ἀσθενῆ	a)sqenh=	ἀσθενής	a)sqenh/s	urn:cite2:hmt:lsj.chicago_md:n16171	n-p---nv-
ἀσθενῆ	a)sqenh=	ἀσθενής	a)sqenh/s	urn:cite2:hmt:lsj.chicago_md:n16171	n-p---na-
ἀσθενῆ	a)sqenh=	ἀσθενής	a)sqenh/s	urn:cite2:hmt:lsj.chicago_md:n16171	n-d---mn-
ἀσθενῆ	a)sqenh=	ἀσθενής	a)sqenh/s	urn:cite2:hmt:lsj.chicago_md:n16171	n-d---mv-
ἀσθενῆ	a)sqenh=	ἀσθενής	a)sqenh/s	urn:cite2:hmt:lsj.chicago_md:n16171	n-d---ma-
ἀσθενῆ	a)sqenh=	ἀσθενής	a)sqenh/s	urn:cite2:hmt:lsj.chicago_md:n16171	n-d---fn-
ἀσθενῆ	a)sqenh=	ἀσθενής	a)sqenh/s	urn:cite2:hmt:lsj.chicago_md:n16171	n-d---fv-
ἀσθενῆ	a)sqenh=	ἀσθενής	a)sqenh/s	urn:cite2:hmt:lsj.chicago_md:n16171	n-d---fa-
ἀσθενῆ	a)sqenh=	ἀσθενής	a)sqenh/s	urn:cite2:hmt:lsj.chicago_md:n16171	n-d---nn-
ἀσθενῆ	a)sqenh=	ἀσθενής	a)sqenh/s	urn:cite2:hmt:lsj.chicago_md:n16171	n-d---nv-
ἀσθενῆ	a)sqenh=	ἀσθενής	a)sqenh/s	urn:cite2:hmt:lsj.chicago_md:n16171	n-d---na-
ἀσθενῆ	a)sqenh=	ἀσθενής	a)sqenh/s	urn:cite2:hmt:lsj.chicago_md:n16171	n-s---ma-
ἀσθενῆ	a)sqenh=	ἀσθενής	a)sqenh/s	urn:cite2:hmt:lsj.chicago_md:n16171	n-s---fa-
ἀσμένας	a)sme/nas	ἄσμενος	a)/smenos	urn:cite2:hmt:lsj.chicago_md:n16330	a-p---fa-
ἀσμένας	a)sme/nas	ἄσμενος	a)/smenos	urn:cite2:hmt:lsj.chicago_md:n16330	a-s---fg-
ἀσπιστάς	a)spista/s	ἀσπιστής	a)spisth/s	urn:cite2:hmt:lsj.chicago_md:n16402	n-p---ma-
ἀσπιστάς	a)spista/s	ἀσπιστής	a)spisth/s	urn:cite2:hmt:lsj.chicago_md:n16402	n-s---mn-
ἀσπάζομαι	a)spa/zomai	ἀσπάζομαι	a)spa/zomai	urn:cite2:hmt:lsj.chicago_md:n16341	v1spie---
ἀσπίς	a)spi/s	ἀσπίς	a)spi/s	urn:cite2:hmt:lsj.chicago_md:n16400	n-s---fn-
ἀστερωπός	a)sterwpo/s	ἀστερωπός	a)sterwpo/s	urn:cite2:hmt:lsj.chicago_md:n16517	n-s---mn-
ἀστερωπός	a)sterwpo/s	ἀστερωπός	a)sterwpo/s	urn:cite2:hmt:lsj.chicago_md:n16517	n-s---fn-
ἀστραπαί	a)strapai/	ἀστραπή	a)straph/	urn:cite2:hmt:lsj.chicago_md:n16598	n-p---fn-
ἀστραπαί	a)strapai/	ἀστραπή	a)straph/	urn:cite2:hmt:lsj.chicago_md:n16598	n-p---fv-
ἀστέρας	a)ste/ras	ἀστήρ	a)sth/r	urn:cite2:hmt:lsj.chicago_md:n16527	n-p---ma-
ἀστός	a)sto/s	ἀστός	a)sto/s	urn:cite2:hmt:lsj.chicago_md:n16565	n-s---mn-
ἀσφάκτοις	a)sfa/ktois	ἄσφακτος	a)/sfaktos	urn:cite2:hmt:lsj.chicago_md:n16859	n-p---md-
ἀσφάκτοις	a)sfa/ktois	ἄσφακτος	a)/sfaktos	urn:cite2:hmt:lsj.chicago_md:n16859	n-p---fd-
ἀσφάκτοις	a)sfa/ktois	ἄσφακτος	a)/sfaktos	urn:cite2:hmt:lsj.chicago_md:n16859	n-p---nd-
ἀτελής	a)telh/s	ἀτελής	a)telh/s	urn:cite2:hmt:lsj.chicago_md:n17007	n-s---mn-
ἀτελής	a)telh/s	ἀτελής	a)telh/s	urn:cite2:hmt:lsj.chicago_md:n17007	n-s---fn-
ἀτοίχους	a)toi/xous	ἄτοιχος	a)/toixos	urn:cite2:hmt:lsj.chicago_md:n17130	n-p---ma-
ἀτοίχους	a)toi/xous	ἄτοιχος	a)/toixos	urn:cite2:hmt:lsj.chicago_md:n17130	n-p---fa-
ἀτάρ	a)ta/r	ἀτάρ	a)ta/r	urn:cite2:hmt:lsj.chicago_md:n16958	g--------
ἀτέκνων	a)te/knwn	ἄτεκνος	a)/teknos	urn:cite2:hmt:lsj.chicago_md:n16995	n-p---mg-
ἀτέκνων	a)te/knwn	ἄτεκνος	a)/teknos	urn:cite2:hmt:lsj.chicago_md:n16995	n-p---fg-
ἀτέκνων	a)te/knwn	ἄτεκνος	a)/teknos	urn:cite2:hmt:lsj.chicago_md:n16995	n-p---ng-
ἀτέκνων	a)te/knwn	ἀτεκνόω	a)tekno/w	urn:cite2:hmt:lsj.chicago_md:n16996	v3piia---
ἀτέκνων	a)te/knwn	ἀτεκνόω	a)tekno/w	urn:cite2:hmt:lsj.chicago_md:n16996	v1siia---
ἀτέκνων	a)te/knwn	ἀτεκνόω	a)tekno/w	urn:cite2:hmt:lsj.chicago_md:n16996	v3piia---
ἀτέκνων	a)te/knwn	ἀτεκνόω	a)tekno/w	urn:cite2:hmt:lsj.chicago_md:n16996	v1siia---
ἀτίετος	a)ti/etos	ἀτίετος	a)ti/etos	urn:cite2:hmt:lsj.chicago_md:n17068	n-s---mn-
ἀτίετος	a)ti/etos	ἀτίετος	a)ti/etos	urn:cite2:hmt:lsj.chicago_md:n17068	n-s---fn-
ἀφικόμεσθα	a)fiko/mesqa	ἀφικνέομαι	a)fikne/omai	urn:cite2:hmt:lsj.chicago_md:n18334	v1paim---
ἀφικόμεσθα	a)fiko/mesqa	ἀφικνέομαι	a)fikne/omai	urn:cite2:hmt:lsj.chicago_md:n18334	v1paim---
ἀφικόμην	a)fiko/mhn	ἀφικνέομαι	a)fikne/omai	urn:cite2:hmt:lsj.chicago_md:n18334	v1saim---
ἀφικόμην	a)fiko/mhn	ἀφικνέομαι	a)fikne/omai	urn:cite2:hmt:lsj.chicago_md:n18334	v1saim---
ἀφορμάν	a)forma/n	ἀφορμή	a)formh/	urn:cite2:hmt:lsj.chicago_md:n18460	n-s---fa-
ἀφυδρανάμενοι	a)fudrana/menoi	ἀφυδραίνω	a)fudrai/nw	urn:cite2:hmt:lsj.chicago_md:n18557	v-papmmn-
ἀφυδρανάμενοι	a)fudrana/menoi	ἀφυδραίνω	a)fudrai/nw	urn:cite2:hmt:lsj.chicago_md:n18557	v-papmmv-
ἀφίκετο	a)fi/keto	ἀφικνέομαι	a)fikne/omai	urn:cite2:hmt:lsj.chicago_md:n18334	v3saim---
ἀφίκετο	a)fi/keto	ἀφικνέομαι	a)fikne/omai	urn:cite2:hmt:lsj.chicago_md:n18334	v3saim---
ἀφίκου	a)fi/kou	ἀφικνέομαι	a)fikne/omai	urn:cite2:hmt:lsj.chicago_md:n18334	v2saim---
ἀφίκου	a)fi/kou	ἀφικνέομαι	a)fikne/omai	urn:cite2:hmt:lsj.chicago_md:n18334	v2saim---
ἀφῆκεν	a)fh=ken	ἀφήκω	a)fh/kw	urn:cite2:hmt:lsj.chicago_md:n18271	v3siia---
ἀφῆκεν	a)fh=ken	ἀφίημι	a)fi/hmi	urn:cite2:hmt:lsj.chicago_md:n18331	v3saia---
ἀφῖγμαι	a)fi=gmai	ἀφικνέομαι	a)fikne/omai	urn:cite2:hmt:lsj.chicago_md:n18334	v1srie---
ἀχαρίστους	a)xari/stous	ἀχάριστος	a)xa/ristos	urn:cite2:hmt:lsj.chicago_md:n18653	n-p---ma-
ἀχαρίστους	a)xari/stous	ἀχάριστος	a)xa/ristos	urn:cite2:hmt:lsj.chicago_md:n18653	n-p---fa-
ἀχεῖ	a)xei=	ἀχέω2	a)xe/w	urn:cite2:hmt:lsj.chicago_md:n18686	v3spia---
ἀχεῖ	a)xei=	ἀχέω2	a)xe/w	urn:cite2:hmt:lsj.chicago_md:n18687	v3spia---
ἀχεῖ	a)xei=	ἠχέω	h)xe/w	urn:cite2:hmt:lsj.chicago_md:n47673	v2spie---
ἀχεῖ	a)xei=	ἠχέω	h)xe/w	urn:cite2:hmt:lsj.chicago_md:n47673	v3spia---
ἀψύχοις	a)yu/xois	ἄψυχος	a)/yuxos	urn:cite2:hmt:lsj.chicago_md:n18912	n-p---md-
ἀψύχοις	a)yu/xois	ἄψυχος	a)/yuxos	urn:cite2:hmt:lsj.chicago_md:n18912	n-p---fd-
ἀψύχοις	a)yu/xois	ἄψυχος	a)/yuxos	urn:cite2:hmt:lsj.chicago_md:n18912	n-p---nd-
ἀέναον	a)e/naon	ἀέναος	a)e/naos	urn:cite2:hmt:lsj.chicago_md:n1692	n-s---ma-
ἀέναον	a)e/naon	ἀέναος	a)e/naos	urn:cite2:hmt:lsj.chicago_md:n1692	n-s---fa-
ἀέναον	a)e/naon	ἀέναος	a)e/naos	urn:cite2:hmt:lsj.chicago_md:n1692	n-s---nn-
ἀέναον	a)e/naon	ἀέναος	a)e/naos	urn:cite2:hmt:lsj.chicago_md:n1692	n-s---nv-
ἀέναον	a)e/naon	ἀέναος	a)e/naos	urn:cite2:hmt:lsj.chicago_md:n1692	n-s---na-
ἀέναον	a)e/naon	ἀενάων	a)ena/wn	urn:cite2:hmt:lsj.chicago_md:n1693	a-s---mv-
ἀέναον	a)e/naon	ἀενάων	a)ena/wn	urn:cite2:hmt:lsj.chicago_md:n1693	a-s---nn-
ἀέναον	a)e/naon	ἀενάων	a)ena/wn	urn:cite2:hmt:lsj.chicago_md:n1693	a-s---nv-
ἀέναον	a)e/naon	ἀενάων	a)ena/wn	urn:cite2:hmt:lsj.chicago_md:n1693	a-s---na-
ἀύσω	a)u/sw	αὔω2	au)/w	urn:cite2:hmt:lsj.chicago_md:n18080	v2saim---
ἀύσω	a)u/sw	αὔω2	au)/w	urn:cite2:hmt:lsj.chicago_md:n18081	v2saim---
ἀύσω	a)u/sw	αὔω2	au)/w	urn:cite2:hmt:lsj.chicago_md:n18082	v2saim---
ἀύσω	a)u/sw	αὔω2	au)/w	urn:cite2:hmt:lsj.chicago_md:n18080	v1sasa---
ἀύσω	a)u/sw	αὔω2	au)/w	urn:cite2:hmt:lsj.chicago_md:n18081	v1sasa---
ἀύσω	a)u/sw	αὔω2	au)/w	urn:cite2:hmt:lsj.chicago_md:n18082	v1sasa---
ἀύσω	a)u/sw	αὔω2	au)/w	urn:cite2:hmt:lsj.chicago_md:n18080	v1sfia---
ἀύσω	a)u/sw	αὔω2	au)/w	urn:cite2:hmt:lsj.chicago_md:n18081	v1sfia---
ἀύσω	a)u/sw	αὔω2	au)/w	urn:cite2:hmt:lsj.chicago_md:n18082	v1sfia---
ἀύσω	a)u/sw	αὔω2	au)/w	urn:cite2:hmt:lsj.chicago_md:n18080	v2saim---
ἀύσω	a)u/sw	αὔω2	au)/w	urn:cite2:hmt:lsj.chicago_md:n18081	v2saim---
ἀύσω	a)u/sw	αὔω2	au)/w	urn:cite2:hmt:lsj.chicago_md:n18082	v2saim---
ἁ	a(	ὁ	o(	urn:cite2:hmt:lsj.chicago_md:n71882	l-s---fn-
ἁβροκόμαν	a(broko/man	ἁβροκόμης	a(broko/mhs	urn:cite2:hmt:lsj.chicago_md:n173	n-s---ma-
ἁβροκόμαν	a(broko/man	ἁβροκόμης	a(broko/mhs	urn:cite2:hmt:lsj.chicago_md:n173	n-s---ma-
ἁγαθαί	a(gaqai/	ἀγαθός	a)gaqo/s	urn:cite2:hmt:lsj.chicago_md:n260	a-p---fn-
ἁγαθαί	a(gaqai/	ἀγαθός	a)gaqo/s	urn:cite2:hmt:lsj.chicago_md:n260	a-p---fv-
ἁγνά	a(gna/	ἁγνός	a(gno/s	urn:cite2:hmt:lsj.chicago_md:n729	a-p---nn-
ἁγνά	a(gna/	ἁγνός	a(gno/s	urn:cite2:hmt:lsj.chicago_md:n729	a-p---nv-
ἁγνά	a(gna/	ἁγνός	a(gno/s	urn:cite2:hmt:lsj.chicago_md:n729	a-p---na-
ἁγνά	a(gna/	ἁγνός	a(gno/s	urn:cite2:hmt:lsj.chicago_md:n729	a-d---fn-
ἁγνά	a(gna/	ἁγνός	a(gno/s	urn:cite2:hmt:lsj.chicago_md:n729	a-d---fv-
ἁγνά	a(gna/	ἁγνός	a(gno/s	urn:cite2:hmt:lsj.chicago_md:n729	a-d---fa-
ἁγνά	a(gna/	ἁγνός	a(gno/s	urn:cite2:hmt:lsj.chicago_md:n729	a-s---fn-
ἁγνά	a(gna/	ἁγνός	a(gno/s	urn:cite2:hmt:lsj.chicago_md:n729	a-s---fv-
ἁλούς	a(lou/s	ἁλίσκομαι	a(li/skomai	urn:cite2:hmt:lsj.chicago_md:n4274	v-sapamn-
ἁλούς	a(lou/s	ἁλίσκομαι	a(li/skomai	urn:cite2:hmt:lsj.chicago_md:n4274	v-sapamv-
ἁλοῦσα	a(lou=sa	ἁλίσκομαι	a(li/skomai	urn:cite2:hmt:lsj.chicago_md:n4274	v-sapafn-
ἁλοῦσα	a(lou=sa	ἁλίσκομαι	a(li/skomai	urn:cite2:hmt:lsj.chicago_md:n4274	v-sapafv-
ἁλίου	a(li/ou	ἅλιοσ1	a(/lios	urn:cite2:hmt:lsj.chicago_md:n4235	a-s---mg-
ἁλίου	a(li/ou	ἅλιοσ1	a(/lios	urn:cite2:hmt:lsj.chicago_md:n4236	a-s---mg-
ἁλίου	a(li/ou	ἅλιοσ1	a(/lios	urn:cite2:hmt:lsj.chicago_md:n4237	a-s---mg-
ἁλίου	a(li/ou	ἅλιοσ1	a(/lios	urn:cite2:hmt:lsj.chicago_md:n4235	a-s---ng-
ἁλίου	a(li/ou	ἅλιοσ1	a(/lios	urn:cite2:hmt:lsj.chicago_md:n4236	a-s---ng-
ἁλίου	a(li/ou	ἅλιοσ1	a(/lios	urn:cite2:hmt:lsj.chicago_md:n4237	a-s---ng-
ἁλίου	a(li/ou	ἅλιοσ1	a(/lios	urn:cite2:hmt:lsj.chicago_md:n4235	n-s---mg-
ἁλίου	a(li/ou	ἅλιοσ1	a(/lios	urn:cite2:hmt:lsj.chicago_md:n4236	n-s---mg-
ἁλίου	a(li/ou	ἅλιοσ1	a(/lios	urn:cite2:hmt:lsj.chicago_md:n4237	n-s---mg-
ἁλίου	a(li/ou	ἅλιοσ1	a(/lios	urn:cite2:hmt:lsj.chicago_md:n4235	n-s---fg-
ἁλίου	a(li/ou	ἅλιοσ1	a(/lios	urn:cite2:hmt:lsj.chicago_md:n4236	n-s---fg-
ἁλίου	a(li/ou	ἅλιοσ1	a(/lios	urn:cite2:hmt:lsj.chicago_md:n4237	n-s---fg-
ἁλίου	a(li/ou	ἅλιοσ1	a(/lios	urn:cite2:hmt:lsj.chicago_md:n4235	n-s---ng-
ἁλίου	a(li/ou	ἅλιοσ1	a(/lios	urn:cite2:hmt:lsj.chicago_md:n4236	n-s---ng-
ἁλίου	a(li/ou	ἅλιοσ1	a(/lios	urn:cite2:hmt:lsj.chicago_md:n4237	n-s---ng-
ἁλίου	a(li/ou	ἅλιοσ2	a(/lios	urn:cite2:hmt:lsj.chicago_md:n4235	a-s---mg-
ἁλίου	a(li/ou	ἅλιοσ2	a(/lios	urn:cite2:hmt:lsj.chicago_md:n4236	a-s---mg-
ἁλίου	a(li/ou	ἅλιοσ2	a(/lios	urn:cite2:hmt:lsj.chicago_md:n4237	a-s---mg-
ἁλίου	a(li/ou	ἅλιοσ2	a(/lios	urn:cite2:hmt:lsj.chicago_md:n4235	a-s---ng-
ἁλίου	a(li/ou	ἅλιοσ2	a(/lios	urn:cite2:hmt:lsj.chicago_md:n4236	a-s---ng-
ἁλίου	a(li/ou	ἅλιοσ2	a(/lios	urn:cite2:hmt:lsj.chicago_md:n4237	a-s---ng-
ἁλίου	a(li/ou	ἥλιος	h(/lios	urn:cite2:hmt:lsj.chicago_md:n46892	n-s---mg-
ἁλίσας	a(li/sas	ἁλίζω1	a(li/zw	urn:cite2:hmt:lsj.chicago_md:n4186	v-sapamn-
ἁλίσας	a(li/sas	ἁλίζω1	a(li/zw	urn:cite2:hmt:lsj.chicago_md:n4187	v-sapamn-
ἁλίσας	a(li/sas	ἁλίζω1	a(li/zw	urn:cite2:hmt:lsj.chicago_md:n4186	v-sapamv-
ἁλίσας	a(li/sas	ἁλίζω1	a(li/zw	urn:cite2:hmt:lsj.chicago_md:n4187	v-sapamv-
ἁλίσας	a(li/sas	ἁλίζω2	a(li/zw	urn:cite2:hmt:lsj.chicago_md:n4186	v-sapamn-
ἁλίσας	a(li/sas	ἁλίζω2	a(li/zw	urn:cite2:hmt:lsj.chicago_md:n4187	v-sapamn-
ἁλίσας	a(li/sas	ἁλίζω2	a(li/zw	urn:cite2:hmt:lsj.chicago_md:n4186	v-sapamv-
ἁλίσας	a(li/sas	ἁλίζω2	a(li/zw	urn:cite2:hmt:lsj.chicago_md:n4187	v-sapamv-
ἁμαρτάνεις	a(marta/neis	ἁμαρτάνω	a(marta/nw	urn:cite2:hmt:lsj.chicago_md:n4958	v2spia---
ἁμαρτίας	a(marti/as	ἁμαρτία	a(marti/a	urn:cite2:hmt:lsj.chicago_md:n4965	n-p---fa-
ἁμαρτίας	a(marti/as	ἁμαρτία	a(marti/a	urn:cite2:hmt:lsj.chicago_md:n4965	n-s---fg-
ἁμέραν	a(me/ran	ἥμερος	h(/meros	urn:cite2:hmt:lsj.chicago_md:n47007	a-s---fa-
ἁμέραν	a(me/ran	ἡμέρα	h(me/ra	urn:cite2:hmt:lsj.chicago_md:n46966	n-s---fa-
ἁμέτερα	a(me/tera	ἡμέτερος	h(me/teros	urn:cite2:hmt:lsj.chicago_md:n47030	a-p---nn-
ἁμέτερα	a(me/tera	ἡμέτερος	h(me/teros	urn:cite2:hmt:lsj.chicago_md:n47030	a-p---nv-
ἁμέτερα	a(me/tera	ἡμέτερος	h(me/teros	urn:cite2:hmt:lsj.chicago_md:n47030	a-p---na-
ἁπιχώριοι	a(pixw/rioi	ἐπιχώριος	e)pixw/rios	urn:cite2:hmt:lsj.chicago_md:n41705	a-p---mn-
ἁπιχώριοι	a(pixw/rioi	ἐπιχώριος	e)pixw/rios	urn:cite2:hmt:lsj.chicago_md:n41705	a-p---mv-
ἁπιχώριοι	a(pixw/rioi	ἐπιχώριος	e)pixw/rios	urn:cite2:hmt:lsj.chicago_md:n41705	n-p---mn-
ἁπιχώριοι	a(pixw/rioi	ἐπιχώριος	e)pixw/rios	urn:cite2:hmt:lsj.chicago_md:n41705	n-p---mv-
ἁπιχώριοι	a(pixw/rioi	ἐπιχώριος	e)pixw/rios	urn:cite2:hmt:lsj.chicago_md:n41705	n-p---fn-
ἁπιχώριοι	a(pixw/rioi	ἐπιχώριος	e)pixw/rios	urn:cite2:hmt:lsj.chicago_md:n41705	n-p---fv-
ἁπλοῦν	a(plou=n	ἁπλόος	a(plo/os	urn:cite2:hmt:lsj.chicago_md:n12210	a-s---ma-
ἁπλοῦν	a(plou=n	ἁπλόος	a(plo/os	urn:cite2:hmt:lsj.chicago_md:n12210	a-s---nn-
ἁπλοῦν	a(plou=n	ἁπλόος	a(plo/os	urn:cite2:hmt:lsj.chicago_md:n12210	a-s---nv-
ἁπλοῦν	a(plou=n	ἁπλόος	a(plo/os	urn:cite2:hmt:lsj.chicago_md:n12210	a-s---na-
ἁπλοῦν	a(plou=n	ἁπλόω	a(plo/w	urn:cite2:hmt:lsj.chicago_md:n12222	v-sppamv-
ἁπλοῦν	a(plou=n	ἁπλόω	a(plo/w	urn:cite2:hmt:lsj.chicago_md:n12222	v-sppann-
ἁπλοῦν	a(plou=n	ἁπλόω	a(plo/w	urn:cite2:hmt:lsj.chicago_md:n12222	v-sppanv-
ἁπλοῦν	a(plou=n	ἁπλόω	a(plo/w	urn:cite2:hmt:lsj.chicago_md:n12222	v-sppana-
ἁπλοῦν	a(plou=n	ἁπλόω	a(plo/w	urn:cite2:hmt:lsj.chicago_md:n12222	v--pna---
ἁπάντων	a(pa/ntwn	ἅπας	a(/pas	urn:cite2:hmt:lsj.chicago_md:n11583	a-p---mg-
ἁπάντων	a(pa/ntwn	ἅπας	a(/pas	urn:cite2:hmt:lsj.chicago_md:n11583	a-p---ng-
ἁρπασθείς	a(rpasqei/s	ἁρπάζω	a(rpa/zw	urn:cite2:hmt:lsj.chicago_md:n15399	v-sappmn-
ἁρπασθείς	a(rpasqei/s	ἁρπάζω	a(rpa/zw	urn:cite2:hmt:lsj.chicago_md:n15399	v-sappmv-
ἁρπάσαντ’	a(rpa/sant'	ἁρπάζω	a(rpa/zw	urn:cite2:hmt:lsj.chicago_md:n15399	v-papann-
ἁρπάσαντ’	a(rpa/sant'	ἁρπάζω	a(rpa/zw	urn:cite2:hmt:lsj.chicago_md:n15399	v-papanv-
ἁρπάσαντ’	a(rpa/sant'	ἁρπάζω	a(rpa/zw	urn:cite2:hmt:lsj.chicago_md:n15399	v-papana-
ἁρπάσαντ’	a(rpa/sant'	ἁρπάζω	a(rpa/zw	urn:cite2:hmt:lsj.chicago_md:n15399	v-sapama-
ἁρπάσαντ’	a(rpa/sant'	ἁρπάζω	a(rpa/zw	urn:cite2:hmt:lsj.chicago_md:n15399	v-sapamd-
ἁρπάσαντ’	a(rpa/sant'	ἁρπάζω	a(rpa/zw	urn:cite2:hmt:lsj.chicago_md:n15399	v-sapand-
ἁρπάσαντ’	a(rpa/sant'	ἁρπάζω	a(rpa/zw	urn:cite2:hmt:lsj.chicago_md:n15399	v3paim---
ἁρπάσαντ’	a(rpa/sant'	ἁρπάζω	a(rpa/zw	urn:cite2:hmt:lsj.chicago_md:n15399	v-dapamn-
ἁρπάσαντ’	a(rpa/sant'	ἁρπάζω	a(rpa/zw	urn:cite2:hmt:lsj.chicago_md:n15399	v-dapamv-
ἁρπάσαντ’	a(rpa/sant'	ἁρπάζω	a(rpa/zw	urn:cite2:hmt:lsj.chicago_md:n15399	v-dapama-
ἁρπάσαντ’	a(rpa/sant'	ἁρπάζω	a(rpa/zw	urn:cite2:hmt:lsj.chicago_md:n15399	v-dapann-
ἁρπάσαντ’	a(rpa/sant'	ἁρπάζω	a(rpa/zw	urn:cite2:hmt:lsj.chicago_md:n15399	v-dapanv-
ἁρπάσαντ’	a(rpa/sant'	ἁρπάζω	a(rpa/zw	urn:cite2:hmt:lsj.chicago_md:n15399	v-dapana-
ἁρπάσαντ’	a(rpa/sant'	ἁρπάζω	a(rpa/zw	urn:cite2:hmt:lsj.chicago_md:n15399	v3paim---
ἁψώμεθ’	a(yw/meq'	ἅπτω	a(/ptw	urn:cite2:hmt:lsj.chicago_md:n14568	v1pasm---
ἁψῖδα	a(yi=da	ἁψίς	a(yi/s	urn:cite2:hmt:lsj.chicago_md:n18893	n-s---fa-
ἄβατοι	a)/batoi	ἄβατος	a)/batos	urn:cite2:hmt:lsj.chicago_md:n65	a-p---mn-
ἄβατοι	a)/batoi	ἄβατος	a)/batos	urn:cite2:hmt:lsj.chicago_md:n65	a-p---mv-
ἄβατοι	a)/batoi	ἄβατος	a)/batos	urn:cite2:hmt:lsj.chicago_md:n65	n-p---mn-
ἄβατοι	a)/batoi	ἄβατος	a)/batos	urn:cite2:hmt:lsj.chicago_md:n65	n-p---mv-
ἄβατοι	a)/batoi	ἄβατος	a)/batos	urn:cite2:hmt:lsj.chicago_md:n65	n-p---fn-
ἄβατοι	a)/batoi	ἄβατος	a)/batos	urn:cite2:hmt:lsj.chicago_md:n65	n-p---fv-
ἄγγει	a)/ggei	ἄγγος	a)/ggos	urn:cite2:hmt:lsj.chicago_md:n403	n-d---nn-
ἄγγει	a)/ggei	ἄγγος	a)/ggos	urn:cite2:hmt:lsj.chicago_md:n403	n-d---nv-
ἄγγει	a)/ggei	ἄγγος	a)/ggos	urn:cite2:hmt:lsj.chicago_md:n403	n-d---na-
ἄγγει	a)/ggei	ἄγγος	a)/ggos	urn:cite2:hmt:lsj.chicago_md:n403	n-s---nd-
ἄγγει	a)/ggei	ἄγγος	a)/ggos	urn:cite2:hmt:lsj.chicago_md:n403	n-s---nd-
ἄγγος	a)/ggos	ἄγγος	a)/ggos	urn:cite2:hmt:lsj.chicago_md:n403	n-s---nn-
ἄγγος	a)/ggos	ἄγγος	a)/ggos	urn:cite2:hmt:lsj.chicago_md:n403	n-s---nv-
ἄγγος	a)/ggos	ἄγγος	a)/ggos	urn:cite2:hmt:lsj.chicago_md:n403	n-s---na-
ἄγε	a)/ge	ἄγε	a)/ge	urn:cite2:hmt:lsj.chicago_md:n408	d--------
ἄγε	a)/ge	ἄγω	a)/gw	urn:cite2:hmt:lsj.chicago_md:n1083	v2spma---
ἄγε	a)/ge	ἄγω	a)/gw	urn:cite2:hmt:lsj.chicago_md:n1083	v3siia---
ἄγειν	a)/gein	ἄγω	a)/gw	urn:cite2:hmt:lsj.chicago_md:n1083	v--pna---
ἄγρας	a)/gras	ἄγρα	a)/gra	urn:cite2:hmt:lsj.chicago_md:n802	n-p---fa-
ἄγρας	a)/gras	ἄγρα	a)/gra	urn:cite2:hmt:lsj.chicago_md:n802	n-s---fg-
ἄγων	a)/gwn	ἄγω	a)/gw	urn:cite2:hmt:lsj.chicago_md:n1083	v-sppamn-
ἄγων	a)/gwn	ἀγάω	a)ga/w	urn:cite2:hmt:lsj.chicago_md:n376	v3piia---
ἄγων	a)/gwn	ἀγάω	a)ga/w	urn:cite2:hmt:lsj.chicago_md:n376	v1siia---
ἄγων	a)/gwn	ἀγάω	a)ga/w	urn:cite2:hmt:lsj.chicago_md:n376	v3piia---
ἄγων	a)/gwn	ἀγάω	a)ga/w	urn:cite2:hmt:lsj.chicago_md:n376	v1siia---
ἄδην	a)/dhn	ἅδην	a(/dhn	urn:cite2:hmt:lsj.chicago_md:n1251	d--------
ἄδικον	a)/dikon	ἄδικος	a)/dikos	urn:cite2:hmt:lsj.chicago_md:n1397	n-s---ma-
ἄδικον	a)/dikon	ἄδικος	a)/dikos	urn:cite2:hmt:lsj.chicago_md:n1397	n-s---fa-
ἄδικον	a)/dikon	ἄδικος	a)/dikos	urn:cite2:hmt:lsj.chicago_md:n1397	n-s---nn-
ἄδικον	a)/dikon	ἄδικος	a)/dikos	urn:cite2:hmt:lsj.chicago_md:n1397	n-s---nv-
ἄδικον	a)/dikon	ἄδικος	a)/dikos	urn:cite2:hmt:lsj.chicago_md:n1397	n-s---na-
ἄδικ’	a)/dik'	ἄδικος	a)/dikos	urn:cite2:hmt:lsj.chicago_md:n1397	n-p---nn-
ἄδικ’	a)/dik'	ἄδικος	a)/dikos	urn:cite2:hmt:lsj.chicago_md:n1397	n-p---nv-
ἄδικ’	a)/dik'	ἄδικος	a)/dikos	urn:cite2:hmt:lsj.chicago_md:n1397	n-p---na-
ἄδικ’	a)/dik'	ἄδικος	a)/dikos	urn:cite2:hmt:lsj.chicago_md:n1397	n-s---mv-
ἄδικ’	a)/dik'	ἄδικος	a)/dikos	urn:cite2:hmt:lsj.chicago_md:n1397	n-s---fv-
ἄδυτα	a)/duta	ἄδυτος	a)/dutos	urn:cite2:hmt:lsj.chicago_md:n1526	n-p---nn-
ἄδυτα	a)/duta	ἄδυτος	a)/dutos	urn:cite2:hmt:lsj.chicago_md:n1526	n-p---nv-
ἄδυτα	a)/duta	ἄδυτος	a)/dutos	urn:cite2:hmt:lsj.chicago_md:n1526	n-p---na-
ἄελπτον	a)/elpton	ἄελπτος	a)/elptos	urn:cite2:hmt:lsj.chicago_md:n1688	n-s---ma-
ἄελπτον	a)/elpton	ἄελπτος	a)/elptos	urn:cite2:hmt:lsj.chicago_md:n1688	n-s---fa-
ἄελπτον	a)/elpton	ἄελπτος	a)/elptos	urn:cite2:hmt:lsj.chicago_md:n1688	n-s---nn-
ἄελπτον	a)/elpton	ἄελπτος	a)/elptos	urn:cite2:hmt:lsj.chicago_md:n1688	n-s---nv-
ἄελπτον	a)/elpton	ἄελπτος	a)/elptos	urn:cite2:hmt:lsj.chicago_md:n1688	n-s---na-
ἄθλια	a)/qlia	ἄθλιος	a)/qlios	urn:cite2:hmt:lsj.chicago_md:n2024	a-p---nn-
ἄθλια	a)/qlia	ἄθλιος	a)/qlios	urn:cite2:hmt:lsj.chicago_md:n2024	a-p---nv-
ἄθλια	a)/qlia	ἄθλιος	a)/qlios	urn:cite2:hmt:lsj.chicago_md:n2024	a-p---na-
ἄθλια	a)/qlia	ἄθλιος	a)/qlios	urn:cite2:hmt:lsj.chicago_md:n2024	n-p---nn-
ἄθλια	a)/qlia	ἄθλιος	a)/qlios	urn:cite2:hmt:lsj.chicago_md:n2024	n-p---nv-
ἄθλια	a)/qlia	ἄθλιος	a)/qlios	urn:cite2:hmt:lsj.chicago_md:n2024	n-p---na-
ἄθρησον	a)/qrhson	ἀθρέω	a)qre/w	urn:cite2:hmt:lsj.chicago_md:n2047	v2sama---
ἄθρησον	a)/qrhson	ἀθρέω	a)qre/w	urn:cite2:hmt:lsj.chicago_md:n2047	v-stiamv-
ἄθρησον	a)/qrhson	ἀθρέω	a)qre/w	urn:cite2:hmt:lsj.chicago_md:n2047	v-stiann-
ἄθρησον	a)/qrhson	ἀθρέω	a)qre/w	urn:cite2:hmt:lsj.chicago_md:n2047	v-stianv-
ἄθρησον	a)/qrhson	ἀθρέω	a)qre/w	urn:cite2:hmt:lsj.chicago_md:n2047	v-stiana-
ἄιον	a)/ion	ἀίω1	a)i/w	urn:cite2:hmt:lsj.chicago_md:n2812	v3piia---
ἄιον	a)/ion	ἀίω1	a)i/w	urn:cite2:hmt:lsj.chicago_md:n2812	v3piia---
ἄιον	a)/ion	ἀίω1	a)i/w	urn:cite2:hmt:lsj.chicago_md:n2813	v3piia---
ἄιον	a)/ion	ἀίω1	a)i/w	urn:cite2:hmt:lsj.chicago_md:n2813	v3piia---
ἄιον	a)/ion	ἀίω1	a)i/w	urn:cite2:hmt:lsj.chicago_md:n2812	v1siia---
ἄιον	a)/ion	ἀίω1	a)i/w	urn:cite2:hmt:lsj.chicago_md:n2812	v1siia---
ἄιον	a)/ion	ἀίω1	a)i/w	urn:cite2:hmt:lsj.chicago_md:n2813	v1siia---
ἄιον	a)/ion	ἀίω1	a)i/w	urn:cite2:hmt:lsj.chicago_md:n2813	v1siia---
ἄιον	a)/ion	ἀίω1	a)i/w	urn:cite2:hmt:lsj.chicago_md:n2812	v3piia---
ἄιον	a)/ion	ἀίω1	a)i/w	urn:cite2:hmt:lsj.chicago_md:n2812	v3piia---
ἄιον	a)/ion	ἀίω1	a)i/w	urn:cite2:hmt:lsj.chicago_md:n2813	v3piia---
ἄιον	a)/ion	ἀίω1	a)i/w	urn:cite2:hmt:lsj.chicago_md:n2813	v3piia---
ἄιον	a)/ion	ἀίω1	a)i/w	urn:cite2:hmt:lsj.chicago_md:n2812	v1siia---
ἄιον	a)/ion	ἀίω1	a)i/w	urn:cite2:hmt:lsj.chicago_md:n2812	v1siia---
ἄιον	a)/ion	ἀίω1	a)i/w	urn:cite2:hmt:lsj.chicago_md:n2813	v1siia---
ἄιον	a)/ion	ἀίω1	a)i/w	urn:cite2:hmt:lsj.chicago_md:n2813	v1siia---
ἄιον	a)/ion	ἀίω2	a)i/w	urn:cite2:hmt:lsj.chicago_md:n2812	v3piia---
ἄιον	a)/ion	ἀίω2	a)i/w	urn:cite2:hmt:lsj.chicago_md:n2812	v3piia---
ἄιον	a)/ion	ἀίω2	a)i/w	urn:cite2:hmt:lsj.chicago_md:n2813	v3piia---
ἄιον	a)/ion	ἀίω2	a)i/w	urn:cite2:hmt:lsj.chicago_md:n2813	v3piia---
ἄκοντα	a)/konta	ἄκων	a)/kwn	urn:cite2:hmt:lsj.chicago_md:n3800	n-s---ma-
ἄκοντα	a)/konta	ἄκων	a)/kwn	urn:cite2:hmt:lsj.chicago_md:n3801	n-s---ma-
ἄκοντα	a)/konta	ἀέκων	a)e/kwn	urn:cite2:hmt:lsj.chicago_md:n1666	a-p---nn-
ἄκοντα	a)/konta	ἀέκων	a)e/kwn	urn:cite2:hmt:lsj.chicago_md:n1666	a-p---nv-
ἄκοντα	a)/konta	ἀέκων	a)e/kwn	urn:cite2:hmt:lsj.chicago_md:n1666	a-p---na-
ἄκοντα	a)/konta	ἀέκων	a)e/kwn	urn:cite2:hmt:lsj.chicago_md:n1666	a-s---ma-
ἄκοντας	a)/kontas	ἄκων	a)/kwn	urn:cite2:hmt:lsj.chicago_md:n3800	n-p---ma-
ἄκοντας	a)/kontas	ἄκων	a)/kwn	urn:cite2:hmt:lsj.chicago_md:n3801	n-p---ma-
ἄκοντας	a)/kontas	ἀέκων	a)e/kwn	urn:cite2:hmt:lsj.chicago_md:n1666	a-p---ma-
ἄκουε	a)/koue	ἀκούω	a)kou/w	urn:cite2:hmt:lsj.chicago_md:n3398	v3siia---
ἄκουε	a)/koue	ἀκούω	a)kou/w	urn:cite2:hmt:lsj.chicago_md:n3398	v2spma---
ἄκουε	a)/koue	ἀκούω	a)kou/w	urn:cite2:hmt:lsj.chicago_md:n3398	v3siia---
ἄκουσα	a)/kousa	ἀέκων	a)e/kwn	urn:cite2:hmt:lsj.chicago_md:n1666	a-s---fn-
ἄκουσα	a)/kousa	ἀέκων	a)e/kwn	urn:cite2:hmt:lsj.chicago_md:n1666	a-s---fv-
ἄκουσα	a)/kousa	ἀκούω	a)kou/w	urn:cite2:hmt:lsj.chicago_md:n3398	v1saia---
ἄκουσα	a)/kousa	ἀκούω	a)kou/w	urn:cite2:hmt:lsj.chicago_md:n3398	v1saia---
ἄκουσιν	a)/kousin	ἄκουσις	a)/kousis	urn:cite2:hmt:lsj.chicago_md:n3388	n-s---fa-
ἄκουσιν	a)/kousin	ἄκων	a)/kwn	urn:cite2:hmt:lsj.chicago_md:n3800	n-p---md-
ἄκουσιν	a)/kousin	ἄκων	a)/kwn	urn:cite2:hmt:lsj.chicago_md:n3801	n-p---md-
ἄκουσιν	a)/kousin	ἀέκων	a)e/kwn	urn:cite2:hmt:lsj.chicago_md:n1666	a-p---md-
ἄκουσιν	a)/kousin	ἀέκων	a)e/kwn	urn:cite2:hmt:lsj.chicago_md:n1666	a-p---nd-
ἄκουσον	a)/kouson	ἀκούω	a)kou/w	urn:cite2:hmt:lsj.chicago_md:n3398	v2sama---
ἄκουσόν	a)/kouso/n	ἀκούω	a)kou/w	urn:cite2:hmt:lsj.chicago_md:n3398	v2sama---
ἄκουσ’	a)/kous'	ἄκουσις	a)/kousis	urn:cite2:hmt:lsj.chicago_md:n3388	n-s---fv-
ἄκουσ’	a)/kous'	ἄκων	a)/kwn	urn:cite2:hmt:lsj.chicago_md:n3800	n-p---md-
ἄκουσ’	a)/kous'	ἄκων	a)/kwn	urn:cite2:hmt:lsj.chicago_md:n3801	n-p---md-
ἄκουσ’	a)/kous'	ἀέκων	a)e/kwn	urn:cite2:hmt:lsj.chicago_md:n1666	a-s---fn-
ἄκουσ’	a)/kous'	ἀέκων	a)e/kwn	urn:cite2:hmt:lsj.chicago_md:n1666	a-s---fv-
ἄκουσ’	a)/kous'	ἀέκων	a)e/kwn	urn:cite2:hmt:lsj.chicago_md:n1666	a-p---md-
ἄκουσ’	a)/kous'	ἀέκων	a)e/kwn	urn:cite2:hmt:lsj.chicago_md:n1666	a-p---nd-
ἄκουσ’	a)/kous'	ἀέκων	a)e/kwn	urn:cite2:hmt:lsj.chicago_md:n1666	a-p---fn-
ἄκουσ’	a)/kous'	ἀέκων	a)e/kwn	urn:cite2:hmt:lsj.chicago_md:n1666	a-p---fv-
ἄκουσ’	a)/kous'	ἀκούω	a)kou/w	urn:cite2:hmt:lsj.chicago_md:n3398	v1saia---
ἄκουσ’	a)/kous'	ἀκούω	a)kou/w	urn:cite2:hmt:lsj.chicago_md:n3398	v1saia---
ἄκουσ’	a)/kous'	ἀκούω	a)kou/w	urn:cite2:hmt:lsj.chicago_md:n3398	v3saia---
ἄκουσ’	a)/kous'	ἀκούω	a)kou/w	urn:cite2:hmt:lsj.chicago_md:n3398	v3saia---
ἄκουσ’	a)/kous'	ἀκούω	a)kou/w	urn:cite2:hmt:lsj.chicago_md:n3398	v2samm---
ἄκροισι	a)/kroisi	ἄκρον	a)/kron	urn:cite2:hmt:lsj.chicago_md:n3591	n-p---nd-
ἄκροισι	a)/kroisi	ἄκρος	a)/kros	urn:cite2:hmt:lsj.chicago_md:n3630	a-p---md-
ἄκροισι	a)/kroisi	ἄκρος	a)/kros	urn:cite2:hmt:lsj.chicago_md:n3630	a-p---nd-
ἄκρον	a)/kron	ἄκρον	a)/kron	urn:cite2:hmt:lsj.chicago_md:n3591	n-s---nn-
ἄκρον	a)/kron	ἄκρον	a)/kron	urn:cite2:hmt:lsj.chicago_md:n3591	n-s---nv-
ἄκρον	a)/kron	ἄκρον	a)/kron	urn:cite2:hmt:lsj.chicago_md:n3591	n-s---na-
ἄκρον	a)/kron	ἄκρος	a)/kros	urn:cite2:hmt:lsj.chicago_md:n3630	a-s---ma-
ἄκρον	a)/kron	ἄκρος	a)/kros	urn:cite2:hmt:lsj.chicago_md:n3630	a-s---nn-
ἄκρον	a)/kron	ἄκρος	a)/kros	urn:cite2:hmt:lsj.chicago_md:n3630	a-s---nv-
ἄκρον	a)/kron	ἄκρος	a)/kros	urn:cite2:hmt:lsj.chicago_md:n3630	a-s---na-
ἄκρον	a)/kron	ἄκρων	a)/krwn	urn:cite2:hmt:lsj.chicago_md:n3696	n-s---mv-
ἄλγος	a)/lgos	ἄλγος	a)/lgos	urn:cite2:hmt:lsj.chicago_md:n3903	n-s---nn-
ἄλγος	a)/lgos	ἄλγος	a)/lgos	urn:cite2:hmt:lsj.chicago_md:n3903	n-s---nv-
ἄλγος	a)/lgos	ἄλγος	a)/lgos	urn:cite2:hmt:lsj.chicago_md:n3903	n-s---na-
ἄλλα	a)/lla	ἄλλος	a)/llos	urn:cite2:hmt:lsj.chicago_md:n4490	n-p---nn-
ἄλλα	a)/lla	ἄλλος	a)/llos	urn:cite2:hmt:lsj.chicago_md:n4490	n-p---nv-
ἄλλα	a)/lla	ἄλλος	a)/llos	urn:cite2:hmt:lsj.chicago_md:n4490	n-p---na-
ἄλλα	a)/lla	ἄλλος	a)/llos	urn:cite2:hmt:lsj.chicago_md:n4490	n-d---fn-
ἄλλα	a)/lla	ἄλλος	a)/llos	urn:cite2:hmt:lsj.chicago_md:n4490	n-d---fv-
ἄλλα	a)/lla	ἄλλος	a)/llos	urn:cite2:hmt:lsj.chicago_md:n4490	n-d---fa-
ἄλλα	a)/lla	ἄλλος	a)/llos	urn:cite2:hmt:lsj.chicago_md:n4490	n-s---fn-
ἄλλα	a)/lla	ἄλλος	a)/llos	urn:cite2:hmt:lsj.chicago_md:n4490	n-s---fv-
ἄλλαις	a)/llais	ἄλλος	a)/llos	urn:cite2:hmt:lsj.chicago_md:n4490	n-p---fd-
ἄλλαν	a)/llan	ἄλλος	a)/llos	urn:cite2:hmt:lsj.chicago_md:n4490	n-s---fa-
ἄλλας	a)/llas	ἄλλος	a)/llos	urn:cite2:hmt:lsj.chicago_md:n4490	n-p---fa-
ἄλλας	a)/llas	ἄλλος	a)/llos	urn:cite2:hmt:lsj.chicago_md:n4490	n-s---fg-
ἄλλη	a)/llh	ἄλλος	a)/llos	urn:cite2:hmt:lsj.chicago_md:n4490	n-s---fn-
ἄλλη	a)/llh	ἄλλος	a)/llos	urn:cite2:hmt:lsj.chicago_md:n4490	n-s---fv-
ἄλλης	a)/llhs	ἄλλος	a)/llos	urn:cite2:hmt:lsj.chicago_md:n4490	n-s---fg-
ἄλλο	a)/llo	ἄλλος	a)/llos	urn:cite2:hmt:lsj.chicago_md:n4490	n-s---nn-
ἄλλο	a)/llo	ἄλλος	a)/llos	urn:cite2:hmt:lsj.chicago_md:n4490	n-s---nv-
ἄλλο	a)/llo	ἄλλος	a)/llos	urn:cite2:hmt:lsj.chicago_md:n4490	n-s---na-
ἄλλοθεν	a)/lloqen	ἄλλοθεν	a)/lloqen	urn:cite2:hmt:lsj.chicago_md:n4455	d--------
ἄλλοι	a)/lloi	ἄλλος	a)/llos	urn:cite2:hmt:lsj.chicago_md:n4490	n-p---mn-
ἄλλοι	a)/lloi	ἄλλος	a)/llos	urn:cite2:hmt:lsj.chicago_md:n4490	n-p---mv-
ἄλλοις	a)/llois	ἄλλος	a)/llos	urn:cite2:hmt:lsj.chicago_md:n4490	n-p---nd-
ἄλλοις	a)/llois	ἄλλος	a)/llos	urn:cite2:hmt:lsj.chicago_md:n4490	n-p---md-
ἄλλον	a)/llon	ἄλλος	a)/llos	urn:cite2:hmt:lsj.chicago_md:n4490	n-s---ma-
ἄλλος	a)/llos	ἄλλος	a)/llos	urn:cite2:hmt:lsj.chicago_md:n4490	n-s---mn-
ἄλλοσ’	a)/llos'	ἄλλοτε	a)/llote	urn:cite2:hmt:lsj.chicago_md:n4493	d--------
ἄλλων	a)/llwn	ἄλλος	a)/llos	urn:cite2:hmt:lsj.chicago_md:n4490	n-p---ng-
ἄλλων	a)/llwn	ἄλλος	a)/llos	urn:cite2:hmt:lsj.chicago_md:n4490	n-p---fg-
ἄλλων	a)/llwn	ἄλλος	a)/llos	urn:cite2:hmt:lsj.chicago_md:n4490	n-p---mg-
ἄλλως	a)/llws	ἄλλος	a)/llos	urn:cite2:hmt:lsj.chicago_md:n4490	n-p---ma-
ἄλλως	a)/llws	ἄλλως	a)/llws	urn:cite2:hmt:lsj.chicago_md:n4548	d--------
ἄλλᾳ	a)/lla|	ἄλλος	a)/llos	urn:cite2:hmt:lsj.chicago_md:n4490	n-p---fn-
ἄλλᾳ	a)/lla|	ἄλλος	a)/llos	urn:cite2:hmt:lsj.chicago_md:n4490	n-p---fv-
ἄλλᾳ	a)/lla|	ἄλλος	a)/llos	urn:cite2:hmt:lsj.chicago_md:n4490	n-s---fd-
ἄλλῳ	a)/llw|	ἄλλος	a)/llos	urn:cite2:hmt:lsj.chicago_md:n4490	n-s---nd-
ἄλλῳ	a)/llw|	ἄλλος	a)/llos	urn:cite2:hmt:lsj.chicago_md:n4490	n-s---md-
ἄλλ’	a)/ll'	ἄλλος	a)/llos	urn:cite2:hmt:lsj.chicago_md:n4490	n-p---nn-
ἄλλ’	a)/ll'	ἄλλος	a)/llos	urn:cite2:hmt:lsj.chicago_md:n4490	n-p---nv-
ἄλλ’	a)/ll'	ἄλλος	a)/llos	urn:cite2:hmt:lsj.chicago_md:n4490	n-p---na-
ἄλλ’	a)/ll'	ἄλλος	a)/llos	urn:cite2:hmt:lsj.chicago_md:n4490	n-s---nn-
ἄλλ’	a)/ll'	ἄλλος	a)/llos	urn:cite2:hmt:lsj.chicago_md:n4490	n-s---nv-
ἄλλ’	a)/ll'	ἄλλος	a)/llos	urn:cite2:hmt:lsj.chicago_md:n4490	n-s---na-
ἄλλ’	a)/ll'	ἄλλος	a)/llos	urn:cite2:hmt:lsj.chicago_md:n4490	n-s---mv-
ἄλλ’	a)/ll'	ἄλλος	a)/llos	urn:cite2:hmt:lsj.chicago_md:n4490	n-p---fn-
ἄλλ’	a)/ll'	ἄλλος	a)/llos	urn:cite2:hmt:lsj.chicago_md:n4490	n-p---fv-
ἄλλ’	a)/ll'	ἄλλος	a)/llos	urn:cite2:hmt:lsj.chicago_md:n4490	n-s---fd-
ἄλοχον	a)/loxon	ἄλοχος	a)/loxos	urn:cite2:hmt:lsj.chicago_md:n4667	n-s---fa-
ἄν	a)/n	ἄν1	a)/n	urn:cite2:hmt:lsj.chicago_md:n6207	g--------
ἄν	a)/n	ἄν1	a)/n	urn:cite2:hmt:lsj.chicago_md:n6208	g--------
ἄν	a)/n	ἄν1	a)/n	urn:cite2:hmt:lsj.chicago_md:n6209	g--------
ἄν	a)/n	ἄν1	a)/n	urn:cite2:hmt:lsj.chicago_md:n6210	g--------
ἄν	a)/n	ἄν2	a)/n	urn:cite2:hmt:lsj.chicago_md:n6207	c--------
ἄν	a)/n	ἄν2	a)/n	urn:cite2:hmt:lsj.chicago_md:n6208	c--------
ἄν	a)/n	ἄν2	a)/n	urn:cite2:hmt:lsj.chicago_md:n6209	c--------
ἄν	a)/n	ἄν2	a)/n	urn:cite2:hmt:lsj.chicago_md:n6210	c--------
ἄν	a)/n	ἀνά	a)na/	urn:cite2:hmt:lsj.chicago_md:n6213	r--------
ἄν	a)/n	ἐάν	e)a/n	urn:cite2:hmt:lsj.chicago_md:n29859	c--------
ἄνακτες	a)/naktes	ἄναξ	a)/nac	urn:cite2:hmt:lsj.chicago_md:n7094	n-p---mn-
ἄνακτες	a)/naktes	ἄναξ	a)/nac	urn:cite2:hmt:lsj.chicago_md:n7094	n-p---mv-
ἄναξ	a)/nac	ἄναξ	a)/nac	urn:cite2:hmt:lsj.chicago_md:n7094	n-s---mn-
ἄναξ	a)/nac	ἄναξ	a)/nac	urn:cite2:hmt:lsj.chicago_md:n7094	n-s---mv-
ἄνδρα	a)/ndra	ἀνήρ	a)nh/r	urn:cite2:hmt:lsj.chicago_md:n8665	n-s---ma-
ἄνδρας	a)/ndras	ἀνήρ	a)nh/r	urn:cite2:hmt:lsj.chicago_md:n8665	n-p---ma-
ἄνδρ’	a)/ndr'	ἀνήρ	a)nh/r	urn:cite2:hmt:lsj.chicago_md:n8665	n-s---ma-
ἄνδρ’	a)/ndr'	ἀνήρ	a)nh/r	urn:cite2:hmt:lsj.chicago_md:n8665	n-d---mn-
ἄνδρ’	a)/ndr'	ἀνήρ	a)nh/r	urn:cite2:hmt:lsj.chicago_md:n8665	n-d---mv-
ἄνδρ’	a)/ndr'	ἀνήρ	a)nh/r	urn:cite2:hmt:lsj.chicago_md:n8665	n-d---ma-
ἄνελθέ	a)/nelqe/	ἀνέρχομαι	a)ne/rxomai	urn:cite2:hmt:lsj.chicago_md:n8505	v2sama---
ἄνελθέ	a)/nelqe/	ἀνέρχομαι	a)ne/rxomai	urn:cite2:hmt:lsj.chicago_md:n8505	v3saia---
ἄνελθέ	a)/nelqe/	ἀνέρχομαι	a)ne/rxomai	urn:cite2:hmt:lsj.chicago_md:n8505	v3saia---
ἄνοσον	a)/noson	ἄνοσος	a)/nosos	urn:cite2:hmt:lsj.chicago_md:n9310	n-s---ma-
ἄνοσον	a)/noson	ἄνοσος	a)/nosos	urn:cite2:hmt:lsj.chicago_md:n9310	n-s---fa-
ἄνοσον	a)/noson	ἄνοσος	a)/nosos	urn:cite2:hmt:lsj.chicago_md:n9310	n-s---nn-
ἄνοσον	a)/noson	ἄνοσος	a)/nosos	urn:cite2:hmt:lsj.chicago_md:n9310	n-s---nv-
ἄνοσον	a)/noson	ἄνοσος	a)/nosos	urn:cite2:hmt:lsj.chicago_md:n9310	n-s---na-
ἄνοσος	a)/nosos	ἄνοσος	a)/nosos	urn:cite2:hmt:lsj.chicago_md:n9310	n-s---mn-
ἄνοσος	a)/nosos	ἄνοσος	a)/nosos	urn:cite2:hmt:lsj.chicago_md:n9310	n-s---fn-
ἄντρα	a)/ntra	ἄντρον	a)/ntron	urn:cite2:hmt:lsj.chicago_md:n10793	n-p---nn-
ἄντρα	a)/ntra	ἄντρον	a)/ntron	urn:cite2:hmt:lsj.chicago_md:n10793	n-p---nv-
ἄντρα	a)/ntra	ἄντρον	a)/ntron	urn:cite2:hmt:lsj.chicago_md:n10793	n-p---na-
ἄντροις	a)/ntrois	ἄντρον	a)/ntron	urn:cite2:hmt:lsj.chicago_md:n10793	n-p---nd-
ἄντροισιν	a)/ntroisin	ἄντρον	a)/ntron	urn:cite2:hmt:lsj.chicago_md:n10793	n-p---nd-
ἄντρον	a)/ntron	ἄντρον	a)/ntron	urn:cite2:hmt:lsj.chicago_md:n10793	n-s---nn-
ἄντρον	a)/ntron	ἄντρον	a)/ntron	urn:cite2:hmt:lsj.chicago_md:n10793	n-s---nv-
ἄντρον	a)/ntron	ἄντρον	a)/ntron	urn:cite2:hmt:lsj.chicago_md:n10793	n-s---na-
ἄντρου	a)/ntrou	ἄντρον	a)/ntron	urn:cite2:hmt:lsj.chicago_md:n10793	n-s---ng-
ἄντρῳ	a)/ntrw|	ἄντρον	a)/ntron	urn:cite2:hmt:lsj.chicago_md:n10793	n-s---nd-
ἄνω	a)/nw	ἄνοος	a)/noos	urn:cite2:hmt:lsj.chicago_md:n9260	n-d---mn-
ἄνω	a)/nw	ἄνοος	a)/noos	urn:cite2:hmt:lsj.chicago_md:n9260	n-d---mv-
ἄνω	a)/nw	ἄνοος	a)/noos	urn:cite2:hmt:lsj.chicago_md:n9260	n-d---ma-
ἄνω	a)/nw	ἄνοος	a)/noos	urn:cite2:hmt:lsj.chicago_md:n9260	n-d---fn-
ἄνω	a)/nw	ἄνοος	a)/noos	urn:cite2:hmt:lsj.chicago_md:n9260	n-d---fv-
ἄνω	a)/nw	ἄνοος	a)/noos	urn:cite2:hmt:lsj.chicago_md:n9260	n-d---fa-
ἄνω	a)/nw	ἄνοος	a)/noos	urn:cite2:hmt:lsj.chicago_md:n9260	n-d---nn-
ἄνω	a)/nw	ἄνοος	a)/noos	urn:cite2:hmt:lsj.chicago_md:n9260	n-d---nv-
ἄνω	a)/nw	ἄνοος	a)/noos	urn:cite2:hmt:lsj.chicago_md:n9260	n-d---na-
ἄνω	a)/nw	ἄνω1	a)/nw	urn:cite2:hmt:lsj.chicago_md:n10922	v1spsa---
ἄνω	a)/nw	ἄνω1	a)/nw	urn:cite2:hmt:lsj.chicago_md:n10923	v1spsa---
ἄνω	a)/nw	ἄνω1	a)/nw	urn:cite2:hmt:lsj.chicago_md:n10922	v1spia---
ἄνω	a)/nw	ἄνω1	a)/nw	urn:cite2:hmt:lsj.chicago_md:n10923	v1spia---
ἄνω	a)/nw	ἄνω2	a)/nw	urn:cite2:hmt:lsj.chicago_md:n10922	d--------
ἄνω	a)/nw	ἄνω2	a)/nw	urn:cite2:hmt:lsj.chicago_md:n10923	d--------
ἄξιον	a)/cion	ἄξιος	a)/cios	urn:cite2:hmt:lsj.chicago_md:n11058	a-s---ma-
ἄξιον	a)/cion	ἄξιος	a)/cios	urn:cite2:hmt:lsj.chicago_md:n11058	a-s---nn-
ἄξιον	a)/cion	ἄξιος	a)/cios	urn:cite2:hmt:lsj.chicago_md:n11058	a-s---nv-
ἄξιον	a)/cion	ἄξιος	a)/cios	urn:cite2:hmt:lsj.chicago_md:n11058	a-s---na-
ἄξι’	a)/ci'	ἄξιος	a)/cios	urn:cite2:hmt:lsj.chicago_md:n11058	a-p---nn-
ἄξι’	a)/ci'	ἄξιος	a)/cios	urn:cite2:hmt:lsj.chicago_md:n11058	a-p---nv-
ἄξι’	a)/ci'	ἄξιος	a)/cios	urn:cite2:hmt:lsj.chicago_md:n11058	a-p---na-
ἄξι’	a)/ci'	ἄξιος	a)/cios	urn:cite2:hmt:lsj.chicago_md:n11058	a-s---mv-
ἄξι’	a)/ci'	ἄξιος	a)/cios	urn:cite2:hmt:lsj.chicago_md:n11058	a-p---fn-
ἄξι’	a)/ci'	ἄξιος	a)/cios	urn:cite2:hmt:lsj.chicago_md:n11058	a-p---fv-
ἄξι’	a)/ci'	ἄγω	a)/gw	urn:cite2:hmt:lsj.chicago_md:n1083	v2saim---
ἄξι’	a)/ci'	ἄγω	a)/gw	urn:cite2:hmt:lsj.chicago_md:n1083	v2saim---
ἄξω	a)/cw	ἄξος	a)/cos	urn:cite2:hmt:lsj.chicago_md:n11085	n-d---mn-
ἄξω	a)/cw	ἄξος	a)/cos	urn:cite2:hmt:lsj.chicago_md:n11085	n-d---mv-
ἄξω	a)/cw	ἄξος	a)/cos	urn:cite2:hmt:lsj.chicago_md:n11085	n-d---ma-
ἄξω	a)/cw	ἄξος	a)/cos	urn:cite2:hmt:lsj.chicago_md:n11085	n-s---mg-
ἄξω	a)/cw	ἄγνυμι	a)/gnumi	urn:cite2:hmt:lsj.chicago_md:n735	v2saim---
ἄξω	a)/cw	ἄγνυμι	a)/gnumi	urn:cite2:hmt:lsj.chicago_md:n735	v1sasa---
ἄξω	a)/cw	ἄγνυμι	a)/gnumi	urn:cite2:hmt:lsj.chicago_md:n735	v1sfia---
ἄξω	a)/cw	ἄγνυμι	a)/gnumi	urn:cite2:hmt:lsj.chicago_md:n735	v2saim---
ἄξω	a)/cw	ἄγω	a)/gw	urn:cite2:hmt:lsj.chicago_md:n1083	v2saim---
ἄξω	a)/cw	ἄγω	a)/gw	urn:cite2:hmt:lsj.chicago_md:n1083	v1sasa---
ἄξω	a)/cw	ἄγω	a)/gw	urn:cite2:hmt:lsj.chicago_md:n1083	v1sfia---
ἄξω	a)/cw	ἄγω	a)/gw	urn:cite2:hmt:lsj.chicago_md:n1083	v2saim---
ἄπαιδα	a)/paida	ἄπαις	a)/pais	urn:cite2:hmt:lsj.chicago_md:n11245	n-s---ma-
ἄπαιδα	a)/paida	ἄπαις	a)/pais	urn:cite2:hmt:lsj.chicago_md:n11245	n-s---fa-
ἄπαιδες	a)/paides	ἄπαις	a)/pais	urn:cite2:hmt:lsj.chicago_md:n11245	n-p---mn-
ἄπαιδες	a)/paides	ἄπαις	a)/pais	urn:cite2:hmt:lsj.chicago_md:n11245	n-p---mv-
ἄπαιδες	a)/paides	ἄπαις	a)/pais	urn:cite2:hmt:lsj.chicago_md:n11245	n-p---fn-
ἄπαιδες	a)/paides	ἄπαις	a)/pais	urn:cite2:hmt:lsj.chicago_md:n11245	n-p---fv-
ἄπαιδες	a)/paides	ἀπᾴδω	a)pa/|dw	urn:cite2:hmt:lsj.chicago_md:n11213	v2siia---
ἄπαιδά	a)/paida/	ἄπαις	a)/pais	urn:cite2:hmt:lsj.chicago_md:n11245	n-s---ma-
ἄπαιδά	a)/paida/	ἄπαις	a)/pais	urn:cite2:hmt:lsj.chicago_md:n11245	n-s---fa-
ἄπαιδές	a)/paide/s	ἄπαις	a)/pais	urn:cite2:hmt:lsj.chicago_md:n11245	n-p---mn-
ἄπαιδές	a)/paide/s	ἄπαις	a)/pais	urn:cite2:hmt:lsj.chicago_md:n11245	n-p---mv-
ἄπαιδές	a)/paide/s	ἄπαις	a)/pais	urn:cite2:hmt:lsj.chicago_md:n11245	n-p---fn-
ἄπαιδές	a)/paide/s	ἄπαις	a)/pais	urn:cite2:hmt:lsj.chicago_md:n11245	n-p---fv-
ἄπαιδές	a)/paide/s	ἀπᾴδω	a)pa/|dw	urn:cite2:hmt:lsj.chicago_md:n11213	v2siia---
ἄπαις	a)/pais	ἄπαις	a)/pais	urn:cite2:hmt:lsj.chicago_md:n11245	n-s---mn-
ἄπαις	a)/pais	ἄπαις	a)/pais	urn:cite2:hmt:lsj.chicago_md:n11245	n-s---fn-
ἄπεισι	a)/peisi	ἄπειμι1	a)/peimi	urn:cite2:hmt:lsj.chicago_md:n11709	v3ppia---
ἄπεισι	a)/peisi	ἄπειμι1	a)/peimi	urn:cite2:hmt:lsj.chicago_md:n11710	v3ppia---
ἄπεισι	a)/peisi	ἄπειμι2	a)/peimi	urn:cite2:hmt:lsj.chicago_md:n11709	v3spia---
ἄπεισι	a)/peisi	ἄπειμι2	a)/peimi	urn:cite2:hmt:lsj.chicago_md:n11710	v3spia---
ἄπεστι	a)/pesti	ἄπειμι1	a)/peimi	urn:cite2:hmt:lsj.chicago_md:n11709	v3spia---
ἄπεστι	a)/pesti	ἄπειμι1	a)/peimi	urn:cite2:hmt:lsj.chicago_md:n11710	v3spia---
ἄπεστιν	a)/pestin	ἄπειμι1	a)/peimi	urn:cite2:hmt:lsj.chicago_md:n11709	v3spia---
ἄπεστιν	a)/pestin	ἄπειμι1	a)/peimi	urn:cite2:hmt:lsj.chicago_md:n11710	v3spia---
ἄπεστί	a)/pesti/	ἄπειμι1	a)/peimi	urn:cite2:hmt:lsj.chicago_md:n11709	v3spia---
ἄπεστί	a)/pesti/	ἄπειμι1	a)/peimi	urn:cite2:hmt:lsj.chicago_md:n11710	v3spia---
ἄπιστον	a)/piston	ἄπιστος	a)/pistos	urn:cite2:hmt:lsj.chicago_md:n12137	n-s---ma-
ἄπιστον	a)/piston	ἄπιστος	a)/pistos	urn:cite2:hmt:lsj.chicago_md:n12137	n-s---fa-
ἄπιστον	a)/piston	ἄπιστος	a)/pistos	urn:cite2:hmt:lsj.chicago_md:n12137	n-s---nn-
ἄπιστον	a)/piston	ἄπιστος	a)/pistos	urn:cite2:hmt:lsj.chicago_md:n12137	n-s---nv-
ἄπιστον	a)/piston	ἄπιστος	a)/pistos	urn:cite2:hmt:lsj.chicago_md:n12137	n-s---na-
ἄρα	a)/ra	ἄρα	a)/ra	urn:cite2:hmt:lsj.chicago_md:n14639	g--------
ἄρα	a)/ra	ἄρον	a)/ron	urn:cite2:hmt:lsj.chicago_md:n15343	n-p---nn-
ἄρα	a)/ra	ἄρον	a)/ron	urn:cite2:hmt:lsj.chicago_md:n15343	n-p---nv-
ἄρα	a)/ra	ἄρον	a)/ron	urn:cite2:hmt:lsj.chicago_md:n15343	n-p---na-
ἄρα	a)/ra	ἄρος	a)/ros	urn:cite2:hmt:lsj.chicago_md:n15345	n-p---nn-
ἄρα	a)/ra	ἄρος	a)/ros	urn:cite2:hmt:lsj.chicago_md:n15345	n-p---nv-
ἄρα	a)/ra	ἄρος	a)/ros	urn:cite2:hmt:lsj.chicago_md:n15345	n-p---na-
ἄρδην	a)/rdhn	ἄρδην	a)/rdhn	urn:cite2:hmt:lsj.chicago_md:n14918	d--------
ἄρδην	a)/rdhn	ἄρδω	a)/rdw	urn:cite2:hmt:lsj.chicago_md:n14924	v--pna---
ἄρξαι	a)/rcai	ἄρχω	a)/rxw	urn:cite2:hmt:lsj.chicago_md:n16051	v2srie---
ἄρξαι	a)/rcai	ἄρχω	a)/rxw	urn:cite2:hmt:lsj.chicago_md:n16051	v2samm---
ἄρξαι	a)/rcai	ἄρχω	a)/rxw	urn:cite2:hmt:lsj.chicago_md:n16051	v--ana---
ἄρξαι	a)/rcai	ἄρχω	a)/rxw	urn:cite2:hmt:lsj.chicago_md:n16051	v3saoa---
ἄρξασθαι	a)/rcasqai	ἄρχω	a)/rxw	urn:cite2:hmt:lsj.chicago_md:n16051	v--anm---
ἄροτον	a)/roton	ἄροτος	a)/rotos	urn:cite2:hmt:lsj.chicago_md:n15354	n-s---ma-
ἄροτον	a)/roton	ἀρόω	a)ro/w	urn:cite2:hmt:lsj.chicago_md:n15388	v2diia---
ἄροτον	a)/roton	ἀρόω	a)ro/w	urn:cite2:hmt:lsj.chicago_md:n15388	v2dpma---
ἄροτον	a)/roton	ἀρόω	a)ro/w	urn:cite2:hmt:lsj.chicago_md:n15388	v3dpia---
ἄροτον	a)/roton	ἀρόω	a)ro/w	urn:cite2:hmt:lsj.chicago_md:n15388	v2dpia---
ἄροτον	a)/roton	ἀρόω	a)ro/w	urn:cite2:hmt:lsj.chicago_md:n15388	v2diia---
ἄρσενας	a)/rsenas	ἄρσην	a)/rshn	urn:cite2:hmt:lsj.chicago_md:n15571	n-p---ma-
ἄρσενας	a)/rsenas	ἄρσην	a)/rshn	urn:cite2:hmt:lsj.chicago_md:n15571	n-p---fa-
ἄρτι	a)/rti	ἄρτι	a)/rti	urn:cite2:hmt:lsj.chicago_md:n15618	d--------
ἄρχειν	a)/rxein	ἄρχω	a)/rxw	urn:cite2:hmt:lsj.chicago_md:n16051	v--pna---
ἄρχοντας	a)/rxontas	ἄρχω	a)/rxw	urn:cite2:hmt:lsj.chicago_md:n16051	v-pppama-
ἄρχοντας	a)/rxontas	ἄρχων	a)/rxwn	urn:cite2:hmt:lsj.chicago_md:n16052	n-p---ma-
ἄσημος	a)/shmos	ἄσημος	a)/shmos	urn:cite2:hmt:lsj.chicago_md:n16160	n-s---mn-
ἄσημος	a)/shmos	ἄσημος	a)/shmos	urn:cite2:hmt:lsj.chicago_md:n16160	n-s---fn-
ἄσμενός	a)/smeno/s	ἄσμενος	a)/smenos	urn:cite2:hmt:lsj.chicago_md:n16330	a-s---mn-
ἄστεως	a)/stews	ἄστυ	a)/stu	urn:cite2:hmt:lsj.chicago_md:n16686	n-s---ng-
ἄστρα	a)/stra	ἄστρον	a)/stron	urn:cite2:hmt:lsj.chicago_md:n16664	n-p---nn-
ἄστρα	a)/stra	ἄστρον	a)/stron	urn:cite2:hmt:lsj.chicago_md:n16664	n-p---nv-
ἄστρα	a)/stra	ἄστρον	a)/stron	urn:cite2:hmt:lsj.chicago_md:n16664	n-p---na-
ἄστρ’	a)/str'	ἄστρον	a)/stron	urn:cite2:hmt:lsj.chicago_md:n16664	n-p---nn-
ἄστρ’	a)/str'	ἄστρον	a)/stron	urn:cite2:hmt:lsj.chicago_md:n16664	n-p---nv-
ἄστρ’	a)/str'	ἄστρον	a)/stron	urn:cite2:hmt:lsj.chicago_md:n16664	n-p---na-
ἄστυ	a)/stu	ἄστυ	a)/stu	urn:cite2:hmt:lsj.chicago_md:n16686	n-s---nn-
ἄστυ	a)/stu	ἄστυ	a)/stu	urn:cite2:hmt:lsj.chicago_md:n16686	n-s---nv-
ἄστυ	a)/stu	ἄστυ	a)/stu	urn:cite2:hmt:lsj.chicago_md:n16686	n-s---na-
ἄταν	a)/tan	ἄτη	a)/th	urn:cite2:hmt:lsj.chicago_md:n17054	n-s---fa-
ἄτεκνοι	a)/teknoi	ἄτεκνος	a)/teknos	urn:cite2:hmt:lsj.chicago_md:n16995	n-p---mn-
ἄτεκνοι	a)/teknoi	ἄτεκνος	a)/teknos	urn:cite2:hmt:lsj.chicago_md:n16995	n-p---mv-
ἄτεκνοι	a)/teknoi	ἄτεκνος	a)/teknos	urn:cite2:hmt:lsj.chicago_md:n16995	n-p---fn-
ἄτεκνοι	a)/teknoi	ἄτεκνος	a)/teknos	urn:cite2:hmt:lsj.chicago_md:n16995	n-p---fv-
ἄτεκνον	a)/teknon	ἄτεκνος	a)/teknos	urn:cite2:hmt:lsj.chicago_md:n16995	n-s---ma-
ἄτεκνον	a)/teknon	ἄτεκνος	a)/teknos	urn:cite2:hmt:lsj.chicago_md:n16995	n-s---fa-
ἄτεκνον	a)/teknon	ἄτεκνος	a)/teknos	urn:cite2:hmt:lsj.chicago_md:n16995	n-s---nn-
ἄτεκνον	a)/teknon	ἄτεκνος	a)/teknos	urn:cite2:hmt:lsj.chicago_md:n16995	n-s---nv-
ἄτεκνον	a)/teknon	ἄτεκνος	a)/teknos	urn:cite2:hmt:lsj.chicago_md:n16995	n-s---na-
ἄτεκνος	a)/teknos	ἄτεκνος	a)/teknos	urn:cite2:hmt:lsj.chicago_md:n16995	n-s---mn-
ἄτεκνος	a)/teknos	ἄτεκνος	a)/teknos	urn:cite2:hmt:lsj.chicago_md:n16995	n-s---fn-
ἄτεκνός	a)/tekno/s	ἄτεκνος	a)/teknos	urn:cite2:hmt:lsj.chicago_md:n16995	n-s---mn-
ἄτεκνός	a)/tekno/s	ἄτεκνος	a)/teknos	urn:cite2:hmt:lsj.chicago_md:n16995	n-s---fn-
ἄτοπα	a)/topa	ἄτοπος	a)/topos	urn:cite2:hmt:lsj.chicago_md:n17154	n-p---nn-
ἄτοπα	a)/topa	ἄτοπος	a)/topos	urn:cite2:hmt:lsj.chicago_md:n17154	n-p---nv-
ἄτοπα	a)/topa	ἄτοπος	a)/topos	urn:cite2:hmt:lsj.chicago_md:n17154	n-p---na-
ἄτοπος	a)/topos	ἄτοπος	a)/topos	urn:cite2:hmt:lsj.chicago_md:n17154	n-s---mn-
ἄτοπος	a)/topos	ἄτοπος	a)/topos	urn:cite2:hmt:lsj.chicago_md:n17154	n-s---fn-
ἄτρεστα	a)/tresta	ἄτρεστος	a)/trestos	urn:cite2:hmt:lsj.chicago_md:n17198	n-p---nn-
ἄτρεστα	a)/tresta	ἄτρεστος	a)/trestos	urn:cite2:hmt:lsj.chicago_md:n17198	n-p---nv-
ἄτρεστα	a)/tresta	ἄτρεστος	a)/trestos	urn:cite2:hmt:lsj.chicago_md:n17198	n-p---na-
ἄυπνος	a)/upnos	ἄυπνος	a)/upnos	urn:cite2:hmt:lsj.chicago_md:n17516	n-s---mn-
ἄυπνος	a)/upnos	ἄυπνος	a)/upnos	urn:cite2:hmt:lsj.chicago_md:n17516	n-s---fn-
ἄφατον	a)/faton	ἄφατος	a)/fatos	urn:cite2:hmt:lsj.chicago_md:n18166	n-s---ma-
ἄφατον	a)/faton	ἄφατος	a)/fatos	urn:cite2:hmt:lsj.chicago_md:n18166	n-s---fa-
ἄφατον	a)/faton	ἄφατος	a)/fatos	urn:cite2:hmt:lsj.chicago_md:n18166	n-s---nn-
ἄφατον	a)/faton	ἄφατος	a)/fatos	urn:cite2:hmt:lsj.chicago_md:n18166	n-s---nv-
ἄφατον	a)/faton	ἄφατος	a)/fatos	urn:cite2:hmt:lsj.chicago_md:n18166	n-s---na-
ἄφετος	a)/fetos	ἄφετος	a)/fetos	urn:cite2:hmt:lsj.chicago_md:n18242	n-s---mn-
ἄφετος	a)/fetos	ἄφετος	a)/fetos	urn:cite2:hmt:lsj.chicago_md:n18242	n-s---fn-
ἄχος	a)/xos	ἄχος	a)/xos	urn:cite2:hmt:lsj.chicago_md:n18753	n-s---nn-
ἄχος	a)/xos	ἄχος	a)/xos	urn:cite2:hmt:lsj.chicago_md:n18753	n-s---nv-
ἄχος	a)/xos	ἄχος	a)/xos	urn:cite2:hmt:lsj.chicago_md:n18753	n-s---na-
ἅ	a(/	ὁ	o(	urn:cite2:hmt:lsj.chicago_md:n71882	l-s---fn-
ἅ	a(/	ὅς	o(/s	urn:cite2:hmt:lsj.chicago_md:n75512	p-p---na-
ἅ	a(/	ὅς	o(/s	urn:cite2:hmt:lsj.chicago_md:n75513	p-p---na-
ἅ	a(/	ὅς	o(/s	urn:cite2:hmt:lsj.chicago_md:n75512	p-p---nn-
ἅ	a(/	ὅς	o(/s	urn:cite2:hmt:lsj.chicago_md:n75513	p-p---nn-
ἅ	a(/	ὅς	o(/s	urn:cite2:hmt:lsj.chicago_md:n75512	p-d---fa-
ἅ	a(/	ὅς	o(/s	urn:cite2:hmt:lsj.chicago_md:n75513	p-d---fa-
ἅ	a(/	ὅς	o(/s	urn:cite2:hmt:lsj.chicago_md:n75512	p-d---fn-
ἅ	a(/	ὅς	o(/s	urn:cite2:hmt:lsj.chicago_md:n75513	p-d---fn-
ἅ	a(/	ὅς	o(/s	urn:cite2:hmt:lsj.chicago_md:n75512	p-s---fn-
ἅ	a(/	ὅς	o(/s	urn:cite2:hmt:lsj.chicago_md:n75513	p-s---fn-
ἅλις	a(/lis	ἅλις	a(/lis	urn:cite2:hmt:lsj.chicago_md:n4268	d--------
ἅλμα	a(/lma	ἅλμα	a(/lma	urn:cite2:hmt:lsj.chicago_md:n4549	n-s---nn-
ἅλμα	a(/lma	ἅλμα	a(/lma	urn:cite2:hmt:lsj.chicago_md:n4549	n-s---nv-
ἅλμα	a(/lma	ἅλμα	a(/lma	urn:cite2:hmt:lsj.chicago_md:n4549	n-s---na-
ἅλμα	a(/lma	ἅλμη	a(/lmh	urn:cite2:hmt:lsj.chicago_md:n4562	n-d---fn-
ἅλμα	a(/lma	ἅλμη	a(/lmh	urn:cite2:hmt:lsj.chicago_md:n4562	n-d---fv-
ἅλμα	a(/lma	ἅλμη	a(/lmh	urn:cite2:hmt:lsj.chicago_md:n4562	n-d---fa-
ἅλμα	a(/lma	ἅλμη	a(/lmh	urn:cite2:hmt:lsj.chicago_md:n4562	n-s---fn-
ἅλμα	a(/lma	ἅλμη	a(/lmh	urn:cite2:hmt:lsj.chicago_md:n4562	n-s---fv-
ἅλμα	a(/lma	ἁλμάω	a(lma/w	urn:cite2:hmt:lsj.chicago_md:n4557	v3siia---
ἅλμα	a(/lma	ἁλμάω	a(lma/w	urn:cite2:hmt:lsj.chicago_md:n4557	v2spma---
ἅλμα	a(/lma	ἁλμάω	a(lma/w	urn:cite2:hmt:lsj.chicago_md:n4557	v3siia---
ἅμα	a(/ma	ἅμα	a(/ma	urn:cite2:hmt:lsj.chicago_md:n4845	d--------
ἅν	a(/n	ὅς	o(/s	urn:cite2:hmt:lsj.chicago_md:n75512	p-s---fa-
ἅν	a(/n	ὅς	o(/s	urn:cite2:hmt:lsj.chicago_md:n75513	p-s---fa-
ἅπαν	a(/pan	ἅπας	a(/pas	urn:cite2:hmt:lsj.chicago_md:n11583	a-s---nn-
ἅπαν	a(/pan	ἅπας	a(/pas	urn:cite2:hmt:lsj.chicago_md:n11583	a-s---nv-
ἅπαν	a(/pan	ἅπας	a(/pas	urn:cite2:hmt:lsj.chicago_md:n11583	a-s---na-
ἅπαντα	a(/panta	ἅπας	a(/pas	urn:cite2:hmt:lsj.chicago_md:n11583	a-p---nn-
ἅπαντα	a(/panta	ἅπας	a(/pas	urn:cite2:hmt:lsj.chicago_md:n11583	a-p---nv-
ἅπαντα	a(/panta	ἅπας	a(/pas	urn:cite2:hmt:lsj.chicago_md:n11583	a-p---na-
ἅπαντα	a(/panta	ἅπας	a(/pas	urn:cite2:hmt:lsj.chicago_md:n11583	a-s---ma-
ἅπας	a(/pas	ἅπας	a(/pas	urn:cite2:hmt:lsj.chicago_md:n11583	a-s---mn-
ἅπας	a(/pas	ἅπας	a(/pas	urn:cite2:hmt:lsj.chicago_md:n11583	a-s---mv-
ἅρμασίν	a(/rmasi/n	ἅρμα	a(/rma	urn:cite2:hmt:lsj.chicago_md:n15214	n-p---nd-
ἅρματα	a(/rmata	ἅρμα	a(/rma	urn:cite2:hmt:lsj.chicago_md:n15214	n-p---nn-
ἅρματα	a(/rmata	ἅρμα	a(/rma	urn:cite2:hmt:lsj.chicago_md:n15214	n-p---nv-
ἅρματα	a(/rmata	ἅρμα	a(/rma	urn:cite2:hmt:lsj.chicago_md:n15214	n-p---na-
ἅρματ’	a(/rmat'	ἅρμα	a(/rma	urn:cite2:hmt:lsj.chicago_md:n15214	n-p---nn-
ἅρματ’	a(/rmat'	ἅρμα	a(/rma	urn:cite2:hmt:lsj.chicago_md:n15214	n-p---nv-
ἅρματ’	a(/rmat'	ἅρμα	a(/rma	urn:cite2:hmt:lsj.chicago_md:n15214	n-p---na-
ἅρματ’	a(/rmat'	ἅρμα	a(/rma	urn:cite2:hmt:lsj.chicago_md:n15214	n-s---nd-
ἅρματ’	a(/rmat'	ἅρμα	a(/rma	urn:cite2:hmt:lsj.chicago_md:n15214	n-d---nn-
ἅρματ’	a(/rmat'	ἅρμα	a(/rma	urn:cite2:hmt:lsj.chicago_md:n15214	n-d---nv-
ἅρματ’	a(/rmat'	ἅρμα	a(/rma	urn:cite2:hmt:lsj.chicago_md:n15214	n-d---na-
ἅρπαις	a(/rpais	ἅρπη	a(/rph	urn:cite2:hmt:lsj.chicago_md:n15435	n-p---fd-
ἅς	a(/s	ὅς	o(/s	urn:cite2:hmt:lsj.chicago_md:n75512	p-p---fa-
ἅς	a(/s	ὅς	o(/s	urn:cite2:hmt:lsj.chicago_md:n75513	p-p---fa-
ἅτε	a(/te	ἅτε	a(/te	urn:cite2:hmt:lsj.chicago_md:n16986	d--------
ἅψομαι	a(/yomai	ἅπτω	a(/ptw	urn:cite2:hmt:lsj.chicago_md:n14568	v1sasm---
ἅψομαι	a(/yomai	ἅπτω	a(/ptw	urn:cite2:hmt:lsj.chicago_md:n14568	v1sfim---
ἅψομαι	a(/yomai	ἅπτω	a(/ptw	urn:cite2:hmt:lsj.chicago_md:n14568	v1stie---
ἆγες	a)=ges	ἄγω	a)/gw	urn:cite2:hmt:lsj.chicago_md:n1083	v2siia---
ἆρα	a)=ra	ἆρα	a)=ra	urn:cite2:hmt:lsj.chicago_md:n14640	x--------
ἆρα	a)=ra	αἴρω	ai)/rw	urn:cite2:hmt:lsj.chicago_md:n2660	v1saia---
ἆρα	a)=ra	αἴρω	ai)/rw	urn:cite2:hmt:lsj.chicago_md:n2660	v1saia---
Ἀγλαύρου	*)aglau/rou	Ἄγλαυρος	*)/aglauros	urn:cite2:hmt:lsj.chicago_md:n669	n-s---mg-
Ἀγλαύρου	*)aglau/rou	ἄγλαυρος	a)/glauros	urn:cite2:hmt:lsj.chicago_md:n669	n-s---mg-
Ἀγλαύρου	*)aglau/rou	ἄγλαυρος	a)/glauros	urn:cite2:hmt:lsj.chicago_md:n669	n-s---fg-
Ἀγλαύρου	*)aglau/rou	ἄγλαυρος	a)/glauros	urn:cite2:hmt:lsj.chicago_md:n669	n-s---ng-
Ἀθηναίων	*)aqhnai/wn	Ἀθήναια	*)aqh/naia	urn:cite2:hmt:lsj.chicago_md:n1984	n-p---ng-
Ἀθηναίων	*)aqhnai/wn	Ἀθήναιον	*)aqh/naion	urn:cite2:hmt:lsj.chicago_md:n1987	n-p---ng-
Ἀθηναίων	*)aqhnai/wn	Ἀθήναιος	*)aqh/naios	urn:cite2:hmt:lsj.chicago_md:n1987a	n-p---mg-
Ἀθηναίων	*)aqhnai/wn	Ἀθηναῖος	*)aqhnai=os	urn:cite2:hmt:lsj.chicago_md:n1987a	a-p---fg-
Ἀθηναίων	*)aqhnai/wn	Ἀθηναῖος	*)aqhnai=os	urn:cite2:hmt:lsj.chicago_md:n1987a	a-p---mg-
Ἀθηναίων	*)aqhnai/wn	Ἀθηναῖος	*)aqhnai=os	urn:cite2:hmt:lsj.chicago_md:n1987a	a-p---ng-
Ἀθηνᾶν	*)aqhna=n	Ἀθῆναι	*)aqh=nai	urn:cite2:hmt:lsj.chicago_md:n1981	n-p---fg-
Ἀθηνῶν	*)aqhnw=n	Ἀθῆναι	*)aqh=nai	urn:cite2:hmt:lsj.chicago_md:n1981	n-p---fg-
Ἀθάνα	*)aqa/na	Ἀθήνη	*)aqh/nh	urn:cite2:hmt:lsj.chicago_md:n1989	n-s---fn-
Ἀθάνα	*)aqa/na	Ἀθήνη	*)aqh/nh	urn:cite2:hmt:lsj.chicago_md:n1989	n-s---fv-
Ἀθάναις	*)aqa/nais	Ἀθῆναι	*)aqh=nai	urn:cite2:hmt:lsj.chicago_md:n1981	n-p---fd-
Ἀθάναν	*)aqa/nan	Ἀθήνη	*)aqh/nh	urn:cite2:hmt:lsj.chicago_md:n1989	n-s---fa-
Ἀθάνας	*)aqa/nas	Ἀθήνη	*)aqh/nh	urn:cite2:hmt:lsj.chicago_md:n1989	n-s---fg-
Ἀθάνας	*)aqa/nas	Ἀθῆναι	*)aqh=nai	urn:cite2:hmt:lsj.chicago_md:n1981	n-p---fa-
Ἀθήναις	*)aqh/nais	Ἀθῆναι	*)aqh=nai	urn:cite2:hmt:lsj.chicago_md:n1981	n-p---fd-
Ἀθήνας	*)aqh/nas	Ἀθῆναι	*)aqh=nai	urn:cite2:hmt:lsj.chicago_md:n1981	n-p---fa-
Ἀθήνας	*)aqh/nas	Ἀθῆναι	*)aqh=nai	urn:cite2:hmt:lsj.chicago_md:n1981	n-s---fg-
Ἀμαζόνων	*)amazo/nwn	Ἀμαζών	*)amazw/n	urn:cite2:hmt:lsj.chicago_md:n4854	n-p---fg-
Ἀπόλλων	*)apo/llwn	Ἀπόλλων	*)apo/llwn	urn:cite2:hmt:lsj.chicago_md:n13098	n-s---mn-
Ἀπόλλων	*)apo/llwn	Ἀπόλλων	*)apo/llwn	urn:cite2:hmt:lsj.chicago_md:n13098	n-s---mv-
Ἀπόλλωνος	*)apo/llwnos	Ἀπόλλων	*)apo/llwn	urn:cite2:hmt:lsj.chicago_md:n13098	n-s---mg-
Ἀτθίδος	*)atqi/dos	Ἀτθίς	*)atqi/s	urn:cite2:hmt:lsj.chicago_md:n17067	n-s---fg-
Ἀφαρπάζειν	*)afarpa/zein	ἀφαρπάζω	a)farpa/zw	urn:cite2:hmt:lsj.chicago_md:n18158	v--pna---
Ἀφαρπάζειν	*)afarpa/zein	ἀφαρπάζω	a)farpa/zw	urn:cite2:hmt:lsj.chicago_md:n18158	v--pna---
Ἀφροδίταν	*)afrodi/tan	Ἀφροδίτη	*)afrodi/th	urn:cite2:hmt:lsj.chicago_md:n18519	n-s---fa-
Ἀφροδίταν	*)afrodi/tan	Ἀφροδίτη	*)afrodi/th	urn:cite2:hmt:lsj.chicago_md:n18519	n-s---fa-
Ἀχαιός	*)axaio/s	Ἀχαιός	*)axaio/s	urn:cite2:hmt:lsj.chicago_md:n18626	a-s---mn-
Ἀχαιός	*)axaio/s	Ἀχαιός	*)axaio/s	urn:cite2:hmt:lsj.chicago_md:n18627	a-s---mn-
Ἄπολλον	*)/apollon	Ἀπόλλων	*)apo/llwn	urn:cite2:hmt:lsj.chicago_md:n13098	n-s---mv-
Ἄρκτος	*)/arktos	Ἄρκτος	*)/arktos	urn:cite2:hmt:lsj.chicago_md:n15198	n-s---mn-
Ἄρκτος	*)/arktos	ἄρκτος	a)/rktos	urn:cite2:hmt:lsj.chicago_md:n15198	n-s---fn-
Ἄτλας	*)/atlas	Ἄτλας	*)/atlas	urn:cite2:hmt:lsj.chicago_md:n17105	n-s---mn-
Ἄτλας	*)/atlas	Ἄτλας	*)/atlas	urn:cite2:hmt:lsj.chicago_md:n17106	n-s---mn-
Ἅιδαν	*(/aidan	Ἅιδης	*(/aidhs	urn:cite2:hmt:lsj.chicago_md:n2244	n-s---ma-
Ἅιδαν	*(/aidan	Ἅιδης	*(/aidhs	urn:cite2:hmt:lsj.chicago_md:n2245	n-s---ma-
Ἅιδαν	*(/aidan	Ἅιδης	*(/aidhs	urn:cite2:hmt:lsj.chicago_md:n2245	n-s---ma-
Ἅιδαν	*(/aidan	Ἅιδης	*(/aidhs	urn:cite2:hmt:lsj.chicago_md:n2246	n-s---ma-
Ἅιδαν	*(/aidan	Ἅιδης	*(/aidhs	urn:cite2:hmt:lsj.chicago_md:n2246	n-s---ma-
Ἅιδου	*(/aidou	Ἅιδης	*(/aidhs	urn:cite2:hmt:lsj.chicago_md:n2244	n-s---mg-
Ἅιδου	*(/aidou	Ἅιδης	*(/aidhs	urn:cite2:hmt:lsj.chicago_md:n2245	n-s---mg-
Ἅιδου	*(/aidou	Ἅιδης	*(/aidhs	urn:cite2:hmt:lsj.chicago_md:n2245	n-s---mg-
Ἅιδου	*(/aidou	Ἅιδης	*(/aidhs	urn:cite2:hmt:lsj.chicago_md:n2246	n-s---mg-
Ἅιδου	*(/aidou	Ἅιδης	*(/aidhs	urn:cite2:hmt:lsj.chicago_md:n2246	n-s---mg-
ἐβουλήθη	e)boulh/qh	βούλομαι	bou/lomai	urn:cite2:hmt:lsj.chicago_md:n20621	v3saip---
ἐβουλόμην	e)boulo/mhn	βούλομαι	bou/lomai	urn:cite2:hmt:lsj.chicago_md:n20621	v1siie---
ἐβούλεθ’	e)bou/leq'	βούλομαι	bou/lomai	urn:cite2:hmt:lsj.chicago_md:n20621	v3siie---
ἐβούλετ’	e)bou/let'	βούλομαι	bou/lomai	urn:cite2:hmt:lsj.chicago_md:n20621	v3siie---
ἐγγενής	e)ggenh/s	ἐγγενής	e)ggenh/s	urn:cite2:hmt:lsj.chicago_md:n29960	n-s---mn-
ἐγγενής	e)ggenh/s	ἐγγενής	e)ggenh/s	urn:cite2:hmt:lsj.chicago_md:n29960	n-s---fn-
ἐγγενῆ	e)ggenh=	ἐγγενής	e)ggenh/s	urn:cite2:hmt:lsj.chicago_md:n29960	n-p---nn-
ἐγγενῆ	e)ggenh=	ἐγγενής	e)ggenh/s	urn:cite2:hmt:lsj.chicago_md:n29960	n-p---nv-
ἐγγενῆ	e)ggenh=	ἐγγενής	e)ggenh/s	urn:cite2:hmt:lsj.chicago_md:n29960	n-p---na-
ἐγγενῆ	e)ggenh=	ἐγγενής	e)ggenh/s	urn:cite2:hmt:lsj.chicago_md:n29960	n-d---mn-
ἐγγενῆ	e)ggenh=	ἐγγενής	e)ggenh/s	urn:cite2:hmt:lsj.chicago_md:n29960	n-d---mv-
ἐγγενῆ	e)ggenh=	ἐγγενής	e)ggenh/s	urn:cite2:hmt:lsj.chicago_md:n29960	n-d---ma-
ἐγγενῆ	e)ggenh=	ἐγγενής	e)ggenh/s	urn:cite2:hmt:lsj.chicago_md:n29960	n-d---fn-
ἐγγενῆ	e)ggenh=	ἐγγενής	e)ggenh/s	urn:cite2:hmt:lsj.chicago_md:n29960	n-d---fv-
ἐγγενῆ	e)ggenh=	ἐγγενής	e)ggenh/s	urn:cite2:hmt:lsj.chicago_md:n29960	n-d---fa-
ἐγγενῆ	e)ggenh=	ἐγγενής	e)ggenh/s	urn:cite2:hmt:lsj.chicago_md:n29960	n-d---nn-
ἐγγενῆ	e)ggenh=	ἐγγενής	e)ggenh/s	urn:cite2:hmt:lsj.chicago_md:n29960	n-d---nv-
ἐγγενῆ	e)ggenh=	ἐγγενής	e)ggenh/s	urn:cite2:hmt:lsj.chicago_md:n29960	n-d---na-
ἐγγενῆ	e)ggenh=	ἐγγενής	e)ggenh/s	urn:cite2:hmt:lsj.chicago_md:n29960	n-s---ma-
ἐγγενῆ	e)ggenh=	ἐγγενής	e)ggenh/s	urn:cite2:hmt:lsj.chicago_md:n29960	n-s---fa-
ἐγγίγνεται	e)ggi/gnetai	ἐγγίγνομαι	e)ggi/gnomai	urn:cite2:hmt:lsj.chicago_md:n29974	v3spie---
ἐγγύθεν	e)ggu/qen	ἐγγύθεν	e)ggu/qen	urn:cite2:hmt:lsj.chicago_md:n30022	d--------
ἐγενόμεσθα	e)geno/mesqa	γίγνομαι	gi/gnomai	urn:cite2:hmt:lsj.chicago_md:n22209	v1paim---
ἐγενόμην	e)geno/mhn	γίγνομαι	gi/gnomai	urn:cite2:hmt:lsj.chicago_md:n22209	v1saim---
ἐγείνατο	e)gei/nato	γείνομαι	gei/nomai	urn:cite2:hmt:lsj.chicago_md:n21730	v3saim---
ἐγεύσατ’	e)geu/sat'	γεύω	geu/w	urn:cite2:hmt:lsj.chicago_md:n22036	v3saim---
ἐγεύσατ’	e)geu/sat'	γεύω	geu/w	urn:cite2:hmt:lsj.chicago_md:n22036	v2paia---
ἐγχωρίων	e)gxwri/wn	ἐγχώριος	e)gxw/rios	urn:cite2:hmt:lsj.chicago_md:n30653	a-p---fg-
ἐγχωρίων	e)gxwri/wn	ἐγχώριος	e)gxw/rios	urn:cite2:hmt:lsj.chicago_md:n30653	a-p---mg-
ἐγχωρίων	e)gxwri/wn	ἐγχώριος	e)gxw/rios	urn:cite2:hmt:lsj.chicago_md:n30653	a-p---ng-
ἐγχωρίων	e)gxwri/wn	ἐγχώριος	e)gxw/rios	urn:cite2:hmt:lsj.chicago_md:n30653	n-p---mg-
ἐγχωρίων	e)gxwri/wn	ἐγχώριος	e)gxw/rios	urn:cite2:hmt:lsj.chicago_md:n30653	n-p---fg-
ἐγχωρίων	e)gxwri/wn	ἐγχώριος	e)gxw/rios	urn:cite2:hmt:lsj.chicago_md:n30653	n-p---ng-
ἐγχωρίων	e)gxwri/wn	ἐγχωρέω	e)gxwre/w	urn:cite2:hmt:lsj.chicago_md:n30652	v-sppamn-
ἐγχωρίων	e)gxwri/wn	ἐγχωρέω	e)gxwre/w	urn:cite2:hmt:lsj.chicago_md:n30652	v-sppamn-
ἐγώ	e)gw/	ἐγώ	e)gw/	urn:cite2:hmt:lsj.chicago_md:n30657	p-s---mn-
ἐγώ	e)gw/	ἐγώ	e)gw/	urn:cite2:hmt:lsj.chicago_md:n30657	p-s---mv-
ἐγώ	e)gw/	ἐγώ	e)gw/	urn:cite2:hmt:lsj.chicago_md:n30657	p-s---fn-
ἐγώ	e)gw/	ἐγώ	e)gw/	urn:cite2:hmt:lsj.chicago_md:n30657	p-s---fv-
ἐδεξάμεσθα	e)deca/mesqa	δέχομαι	de/xomai	urn:cite2:hmt:lsj.chicago_md:n24289	v1paim---
ἐδεξάμεσθα	e)deca/mesqa	δείκνυμι	dei/knumi	urn:cite2:hmt:lsj.chicago_md:n23658	v1paim---
ἐδεξάμην	e)deca/mhn	δέχομαι	de/xomai	urn:cite2:hmt:lsj.chicago_md:n24289	v1saim---
ἐδεξάμην	e)deca/mhn	δείκνυμι	dei/knumi	urn:cite2:hmt:lsj.chicago_md:n23658	v1saim---
ἐδυνήθην	e)dunh/qhn	δύναμαι	du/namai	urn:cite2:hmt:lsj.chicago_md:n28566	v3paip---
ἐδυνήθην	e)dunh/qhn	δύναμαι	du/namai	urn:cite2:hmt:lsj.chicago_md:n28566	v1saip---
ἐδέξατο	e)de/cato	δέχομαι	de/xomai	urn:cite2:hmt:lsj.chicago_md:n24289	v3saim---
ἐδέξατο	e)de/cato	δείκνυμι	dei/knumi	urn:cite2:hmt:lsj.chicago_md:n23658	v3saim---
ἐδόκουν	e)do/koun	δοκέω	doke/w	urn:cite2:hmt:lsj.chicago_md:n27847	v3piia---
ἐδόκουν	e)do/koun	δοκέω	doke/w	urn:cite2:hmt:lsj.chicago_md:n27847	v1siia---
ἐδόκουν	e)do/koun	δοκόω	doko/w	urn:cite2:hmt:lsj.chicago_md:n27881	v3piia---
ἐδόκουν	e)do/koun	δοκόω	doko/w	urn:cite2:hmt:lsj.chicago_md:n27881	v1siia---
ἐζεύξω	e)zeu/cw	ζεύγνυμι	zeu/gnumi	urn:cite2:hmt:lsj.chicago_md:n46176	v2saim---
ἐζεύχθην	e)zeu/xqhn	ζεύγνυμι	zeu/gnumi	urn:cite2:hmt:lsj.chicago_md:n46176	v3dlie---
ἐζεύχθην	e)zeu/xqhn	ζεύγνυμι	zeu/gnumi	urn:cite2:hmt:lsj.chicago_md:n46176	v3paip---
ἐζεύχθην	e)zeu/xqhn	ζεύγνυμι	zeu/gnumi	urn:cite2:hmt:lsj.chicago_md:n46176	v1saip---
ἐθαύμασ’	e)qau/mas'	θαυμάζω	qauma/zw	urn:cite2:hmt:lsj.chicago_md:n47917	v1saia---
ἐθαύμασ’	e)qau/mas'	θαυμάζω	qauma/zw	urn:cite2:hmt:lsj.chicago_md:n47917	v3saia---
ἐθιάσευσ’	e)qia/seus'	θιασεύω	qiaseu/w	urn:cite2:hmt:lsj.chicago_md:n48855	v1saia---
ἐθιάσευσ’	e)qia/seus'	θιασεύω	qiaseu/w	urn:cite2:hmt:lsj.chicago_md:n48855	v3saia---
ἐθάμβησεν	e)qa/mbhsen	θαμβέω	qambe/w	urn:cite2:hmt:lsj.chicago_md:n47836	v3saia---
ἐθέλουσιν	e)qe/lousin	ἐθέλω	e)qe/lw	urn:cite2:hmt:lsj.chicago_md:n30790	v-pppamd-
ἐθέλουσιν	e)qe/lousin	ἐθέλω	e)qe/lw	urn:cite2:hmt:lsj.chicago_md:n30790	v-pppand-
ἐθέλουσιν	e)qe/lousin	ἐθέλω	e)qe/lw	urn:cite2:hmt:lsj.chicago_md:n30790	v3ppia---
ἐθέσπισεν	e)qe/spisen	θεσπίζω	qespi/zw	urn:cite2:hmt:lsj.chicago_md:n48535	v3saia---
ἐθύσαμεν	e)qu/samen	θύω1	qu/w	urn:cite2:hmt:lsj.chicago_md:n49589	v1paia---
ἐθύσαμεν	e)qu/samen	θύω1	qu/w	urn:cite2:hmt:lsj.chicago_md:n49590	v1paia---
ἐθύσαμεν	e)qu/samen	θύω2	qu/w	urn:cite2:hmt:lsj.chicago_md:n49589	v1paia---
ἐθύσαμεν	e)qu/samen	θύω2	qu/w	urn:cite2:hmt:lsj.chicago_md:n49590	v1paia---
ἐθύσατε	e)qu/sate	θύω1	qu/w	urn:cite2:hmt:lsj.chicago_md:n49589	v2paia---
ἐθύσατε	e)qu/sate	θύω1	qu/w	urn:cite2:hmt:lsj.chicago_md:n49590	v2paia---
ἐθύσατε	e)qu/sate	θύω2	qu/w	urn:cite2:hmt:lsj.chicago_md:n49589	v2paia---
ἐθύσατε	e)qu/sate	θύω2	qu/w	urn:cite2:hmt:lsj.chicago_md:n49590	v2paia---
ἐκ	e)k	ἐκ	e)k	urn:cite2:hmt:lsj.chicago_md:n31575	r--------
ἐκβαλεῖν	e)kbalei=n	ἐκβάλλω	e)kba/llw	urn:cite2:hmt:lsj.chicago_md:n31709	v--ana---
ἐκβαλεῖν	e)kbalei=n	ἐκβάλλω	e)kba/llw	urn:cite2:hmt:lsj.chicago_md:n31709	v--fna---
ἐκβαλλόμεσθα	e)kballo/mesqa	ἐκβάλλω	e)kba/llw	urn:cite2:hmt:lsj.chicago_md:n31709	v1ppie---
ἐκβαλλόμεσθα	e)kballo/mesqa	ἐκβάλλω	e)kba/llw	urn:cite2:hmt:lsj.chicago_md:n31709	v1piie---
ἐκβαλοῦσα	e)kbalou=sa	ἐκβάλλω	e)kba/llw	urn:cite2:hmt:lsj.chicago_md:n31709	v-sapafn-
ἐκβαλοῦσα	e)kbalou=sa	ἐκβάλλω	e)kba/llw	urn:cite2:hmt:lsj.chicago_md:n31709	v-sapafv-
ἐκβαλοῦσα	e)kbalou=sa	ἐκβάλλω	e)kba/llw	urn:cite2:hmt:lsj.chicago_md:n31709	v-sfpafn-
ἐκβαλοῦσα	e)kbalou=sa	ἐκβάλλω	e)kba/llw	urn:cite2:hmt:lsj.chicago_md:n31709	v-sfpafv-
ἐκβαλοῦσ’	e)kbalou=s'	ἐκβάλλω	e)kba/llw	urn:cite2:hmt:lsj.chicago_md:n31709	v-sapafn-
ἐκβαλοῦσ’	e)kbalou=s'	ἐκβάλλω	e)kba/llw	urn:cite2:hmt:lsj.chicago_md:n31709	v-sapafv-
ἐκβαλοῦσ’	e)kbalou=s'	ἐκβάλλω	e)kba/llw	urn:cite2:hmt:lsj.chicago_md:n31709	v-sfpafn-
ἐκβαλοῦσ’	e)kbalou=s'	ἐκβάλλω	e)kba/llw	urn:cite2:hmt:lsj.chicago_md:n31709	v-sfpafv-
ἐκβαλοῦσ’	e)kbalou=s'	ἐκβάλλω	e)kba/llw	urn:cite2:hmt:lsj.chicago_md:n31709	v-papamd-
ἐκβαλοῦσ’	e)kbalou=s'	ἐκβάλλω	e)kba/llw	urn:cite2:hmt:lsj.chicago_md:n31709	v-papand-
ἐκβαλοῦσ’	e)kbalou=s'	ἐκβάλλω	e)kba/llw	urn:cite2:hmt:lsj.chicago_md:n31709	v-pfpamd-
ἐκβαλοῦσ’	e)kbalou=s'	ἐκβάλλω	e)kba/llw	urn:cite2:hmt:lsj.chicago_md:n31709	v-pfpand-
ἐκβαλοῦσ’	e)kbalou=s'	ἐκβάλλω	e)kba/llw	urn:cite2:hmt:lsj.chicago_md:n31709	v3pfia---
ἐκβαλοῦσ’	e)kbalou=s'	ἐκβάλλω	e)kba/llw	urn:cite2:hmt:lsj.chicago_md:n31709	v-papafn-
ἐκβαλοῦσ’	e)kbalou=s'	ἐκβάλλω	e)kba/llw	urn:cite2:hmt:lsj.chicago_md:n31709	v-papafv-
ἐκβαλοῦσ’	e)kbalou=s'	ἐκβάλλω	e)kba/llw	urn:cite2:hmt:lsj.chicago_md:n31709	v-pfpafn-
ἐκβαλοῦσ’	e)kbalou=s'	ἐκβάλλω	e)kba/llw	urn:cite2:hmt:lsj.chicago_md:n31709	v-pfpafv-
ἐκβαίνοντα	e)kbai/nonta	ἐκβαίνω	e)kbai/nw	urn:cite2:hmt:lsj.chicago_md:n31706	v-pppann-
ἐκβαίνοντα	e)kbai/nonta	ἐκβαίνω	e)kbai/nw	urn:cite2:hmt:lsj.chicago_md:n31706	v-pppanv-
ἐκβαίνοντα	e)kbai/nonta	ἐκβαίνω	e)kbai/nw	urn:cite2:hmt:lsj.chicago_md:n31706	v-pppana-
ἐκβαίνοντα	e)kbai/nonta	ἐκβαίνω	e)kbai/nw	urn:cite2:hmt:lsj.chicago_md:n31706	v-sppama-
ἐκβάλλῃ	e)kba/llh|	ἐκβάλλω	e)kba/llw	urn:cite2:hmt:lsj.chicago_md:n31709	v2spse---
ἐκβάλλῃ	e)kba/llh|	ἐκβάλλω	e)kba/llw	urn:cite2:hmt:lsj.chicago_md:n31709	v2spie---
ἐκβάλλῃ	e)kba/llh|	ἐκβάλλω	e)kba/llw	urn:cite2:hmt:lsj.chicago_md:n31709	v3spsa---
ἐκβάλοι	e)kba/loi	ἐκβάλλω	e)kba/llw	urn:cite2:hmt:lsj.chicago_md:n31709	v3saoa---
ἐκγόνους	e)kgo/nous	ἔκγονος	e)/kgonos	urn:cite2:hmt:lsj.chicago_md:n31809	n-p---ma-
ἐκγόνους	e)kgo/nous	ἔκγονος	e)/kgonos	urn:cite2:hmt:lsj.chicago_md:n31809	n-p---fa-
ἐκδίδαγμα	e)kdi/dagma	ἐκδίδαγμα	e)kdi/dagma	urn:cite2:hmt:lsj.chicago_md:n31871	n-s---nn-
ἐκδίδαγμα	e)kdi/dagma	ἐκδίδαγμα	e)kdi/dagma	urn:cite2:hmt:lsj.chicago_md:n31871	n-s---nv-
ἐκδίδαγμα	e)kdi/dagma	ἐκδίδαγμα	e)kdi/dagma	urn:cite2:hmt:lsj.chicago_md:n31871	n-s---na-
ἐκείνῃ	e)kei/nh|	ἐκεῖνος	e)kei=nos	urn:cite2:hmt:lsj.chicago_md:n31951	n-s---fd-
ἐκεῖ	e)kei=	ἐκεῖ	e)kei=	urn:cite2:hmt:lsj.chicago_md:n31945	d--------
ἐκεῖθεν	e)kei=qen	ἐκεῖθεν	e)kei=qen	urn:cite2:hmt:lsj.chicago_md:n31947	d--------
ἐκεῖν’	e)kei=n'	ἐκεῖνος	e)kei=nos	urn:cite2:hmt:lsj.chicago_md:n31951	n-p---nn-
ἐκεῖν’	e)kei=n'	ἐκεῖνος	e)kei=nos	urn:cite2:hmt:lsj.chicago_md:n31951	n-p---nv-
ἐκεῖν’	e)kei=n'	ἐκεῖνος	e)kei=nos	urn:cite2:hmt:lsj.chicago_md:n31951	n-p---na-
ἐκεῖν’	e)kei=n'	ἐκεῖνος	e)kei=nos	urn:cite2:hmt:lsj.chicago_md:n31951	n-s---nn-
ἐκεῖν’	e)kei=n'	ἐκεῖνος	e)kei=nos	urn:cite2:hmt:lsj.chicago_md:n31951	n-s---nv-
ἐκεῖν’	e)kei=n'	ἐκεῖνος	e)kei=nos	urn:cite2:hmt:lsj.chicago_md:n31951	n-s---na-
ἐκεῖν’	e)kei=n'	ἐκεῖνος	e)kei=nos	urn:cite2:hmt:lsj.chicago_md:n31951	n-s---mv-
ἐκεῖν’	e)kei=n'	ἐκεῖνος	e)kei=nos	urn:cite2:hmt:lsj.chicago_md:n31951	n-p---fn-
ἐκεῖν’	e)kei=n'	ἐκεῖνος	e)kei=nos	urn:cite2:hmt:lsj.chicago_md:n31951	n-p---fv-
ἐκεῖσε	e)kei=se	ἐκεῖσε	e)kei=se	urn:cite2:hmt:lsj.chicago_md:n31952	d--------
ἐκκαρπούμενος	e)kkarpou/menos	ἐκκαρπέω	e)kkarpe/w	urn:cite2:hmt:lsj.chicago_md:n32116	v-sppemn-
ἐκκαρπούμενος	e)kkarpou/menos	ἐκκαρπόομαι	e)kkarpo/omai	urn:cite2:hmt:lsj.chicago_md:n32119	v-sppemn-
ἐκκαρπούμενος	e)kkarpou/menos	ἐκκαρπόομαι	e)kkarpo/omai	urn:cite2:hmt:lsj.chicago_md:n32119	v-sppemn-
ἐκκλέπτει	e)kkle/ptei	ἐκκλέπτω	e)kkle/ptw	urn:cite2:hmt:lsj.chicago_md:n32167	v2spie---
ἐκκλέπτει	e)kkle/ptei	ἐκκλέπτω	e)kkle/ptw	urn:cite2:hmt:lsj.chicago_md:n32167	v3spia---
ἐκκρημνάμεσθα	e)kkrhmna/mesqa	ἐκκρήμναμαι	e)kkrh/mnamai	urn:cite2:hmt:lsj.chicago_md:n32258	v1piie---
ἐκκρημνάμεσθα	e)kkrhmna/mesqa	ἐκκρήμναμαι	e)kkrh/mnamai	urn:cite2:hmt:lsj.chicago_md:n32258	v1piip---
ἐκκυνηγετεῖ	e)kkunhgetei=	ἐκκυνηγετέω	e)kkunhgete/w	urn:cite2:hmt:lsj.chicago_md:n32291	v2spie---
ἐκκυνηγετεῖ	e)kkunhgetei=	ἐκκυνηγετέω	e)kkunhgete/w	urn:cite2:hmt:lsj.chicago_md:n32291	v3spia---
ἐκκυνηγετεῖ	e)kkunhgetei=	ἐκκυνηγετέω	e)kkunhgete/w	urn:cite2:hmt:lsj.chicago_md:n32291	v2spie---
ἐκκυνηγετεῖ	e)kkunhgetei=	ἐκκυνηγετέω	e)kkunhgete/w	urn:cite2:hmt:lsj.chicago_md:n32291	v3spia---
ἐκλείπει	e)klei/pei	ἐκλείπω	e)klei/pw	urn:cite2:hmt:lsj.chicago_md:n32333	v2spie---
ἐκλείπει	e)klei/pei	ἐκλείπω	e)klei/pw	urn:cite2:hmt:lsj.chicago_md:n32333	v3spia---
ἐκλιπεῖν	e)klipei=n	ἐκλείπω	e)klei/pw	urn:cite2:hmt:lsj.chicago_md:n32333	v--ana---
ἐκλιπών	e)klipw/n	ἐκλείπω	e)klei/pw	urn:cite2:hmt:lsj.chicago_md:n32333	v-sapamn-
ἐκλοχεύῃ	e)kloxeu/h|	ἐκλοχεύω	e)kloxeu/w	urn:cite2:hmt:lsj.chicago_md:n32405	v2spse---
ἐκλοχεύῃ	e)kloxeu/h|	ἐκλοχεύω	e)kloxeu/w	urn:cite2:hmt:lsj.chicago_md:n32405	v2spie---
ἐκλοχεύῃ	e)kloxeu/h|	ἐκλοχεύω	e)kloxeu/w	urn:cite2:hmt:lsj.chicago_md:n32405	v3spsa---
ἐκλοχεύῃ	e)kloxeu/h|	ἐκλοχεύω	e)kloxeu/w	urn:cite2:hmt:lsj.chicago_md:n32405	v2spse---
ἐκλοχεύῃ	e)kloxeu/h|	ἐκλοχεύω	e)kloxeu/w	urn:cite2:hmt:lsj.chicago_md:n32405	v2spie---
ἐκλοχεύῃ	e)kloxeu/h|	ἐκλοχεύω	e)kloxeu/w	urn:cite2:hmt:lsj.chicago_md:n32405	v3spsa---
ἐκλέλοιπ’	e)kle/loip'	ἐκλείπω	e)klei/pw	urn:cite2:hmt:lsj.chicago_md:n32333	v1sria---
ἐκλέλοιπ’	e)kle/loip'	ἐκλείπω	e)klei/pw	urn:cite2:hmt:lsj.chicago_md:n32333	v2srma---
ἐκλέλοιπ’	e)kle/loip'	ἐκλείπω	e)klei/pw	urn:cite2:hmt:lsj.chicago_md:n32333	v3sria---
ἐκλήρωσεν	e)klh/rwsen	κληρόω	klhro/w	urn:cite2:hmt:lsj.chicago_md:n57890	v3saia---
ἐκλίποι	e)kli/poi	ἐκλείπω	e)klei/pw	urn:cite2:hmt:lsj.chicago_md:n32333	v3saoa---
ἐκμαθεῖν	e)kmaqei=n	ἐκμανθάνω	e)kmanqa/nw	urn:cite2:hmt:lsj.chicago_md:n32433	v--ana---
ἐκμαθών	e)kmaqw/n	ἐκμανθάνω	e)kmanqa/nw	urn:cite2:hmt:lsj.chicago_md:n32433	v-sapamn-
ἐκμάθω	e)kma/qw	ἐκμανθάνω	e)kmanqa/nw	urn:cite2:hmt:lsj.chicago_md:n32433	v1sasa---
ἐκνικᾷ	e)knika=|	ἐκνικάω	e)knika/w	urn:cite2:hmt:lsj.chicago_md:n32518	v2spse---
ἐκνικᾷ	e)knika=|	ἐκνικάω	e)knika/w	urn:cite2:hmt:lsj.chicago_md:n32518	v2spie---
ἐκνικᾷ	e)knika=|	ἐκνικάω	e)knika/w	urn:cite2:hmt:lsj.chicago_md:n32518	v3spsa---
ἐκνικᾷ	e)knika=|	ἐκνικάω	e)knika/w	urn:cite2:hmt:lsj.chicago_md:n32518	v3spia---
ἐκνικᾷ	e)knika=|	ἐκνικάω	e)knika/w	urn:cite2:hmt:lsj.chicago_md:n32518	v2spse---
ἐκνικᾷ	e)knika=|	ἐκνικάω	e)knika/w	urn:cite2:hmt:lsj.chicago_md:n32518	v2spie---
ἐκνικᾷ	e)knika=|	ἐκνικάω	e)knika/w	urn:cite2:hmt:lsj.chicago_md:n32518	v3spsa---
ἐκνικᾷ	e)knika=|	ἐκνικάω	e)knika/w	urn:cite2:hmt:lsj.chicago_md:n32518	v3spia---
ἐκπαύσω	e)kpau/sw	ἐκπαύω	e)kpau/w	urn:cite2:hmt:lsj.chicago_md:n32578	v1sasa---
ἐκπαύσω	e)kpau/sw	ἐκπαύω	e)kpau/w	urn:cite2:hmt:lsj.chicago_md:n32578	v1sfia---
ἐκπαύσω	e)kpau/sw	ἐκπαύω	e)kpau/w	urn:cite2:hmt:lsj.chicago_md:n32578	v2saim---
ἐκπεραίνεται	e)kperai/netai	ἐκπεραίνω	e)kperai/nw	urn:cite2:hmt:lsj.chicago_md:n32597	v3spie---
ἐκπεφεύγαμεν	e)kpefeu/gamen	ἐκφεύγω	e)kfeu/gw	urn:cite2:hmt:lsj.chicago_md:n33161	v1pria---
ἐκπεφυκέναι	e)kpefuke/nai	ἐκφύω	e)kfu/w	urn:cite2:hmt:lsj.chicago_md:n33241	v--rna---
ἐκπνεῦσαι	e)kpneu=sai	ἐκπνέω	e)kpne/w	urn:cite2:hmt:lsj.chicago_md:n32701	v-pppafn-
ἐκπνεῦσαι	e)kpneu=sai	ἐκπνέω	e)kpne/w	urn:cite2:hmt:lsj.chicago_md:n32701	v-pppafv-
ἐκπνεῦσαι	e)kpneu=sai	ἐκπνέω	e)kpne/w	urn:cite2:hmt:lsj.chicago_md:n32701	v--ana---
ἐκπονήσομεν	e)kponh/somen	ἐκπονέω	e)kpone/w	urn:cite2:hmt:lsj.chicago_md:n32723	v1pasa---
ἐκπονήσομεν	e)kponh/somen	ἐκπονέω	e)kpone/w	urn:cite2:hmt:lsj.chicago_md:n32723	v1pfia---
ἐκπονήσομεν	e)kponh/somen	ἐκπονέω	e)kpone/w	urn:cite2:hmt:lsj.chicago_md:n32723	v1pasa---
ἐκπονήσομεν	e)kponh/somen	ἐκπονέω	e)kpone/w	urn:cite2:hmt:lsj.chicago_md:n32723	v1pfia---
ἐκπορίζουσαι	e)kpori/zousai	ἐκπορίζω	e)kpori/zw	urn:cite2:hmt:lsj.chicago_md:n32731	v-pppafn-
ἐκπορίζουσαι	e)kpori/zousai	ἐκπορίζω	e)kpori/zw	urn:cite2:hmt:lsj.chicago_md:n32731	v-pppafv-
ἐκπορίζουσαι	e)kpori/zousai	ἐκπορίζω	e)kpori/zw	urn:cite2:hmt:lsj.chicago_md:n32731	v-pppafn-
ἐκπορίζουσαι	e)kpori/zousai	ἐκπορίζω	e)kpori/zw	urn:cite2:hmt:lsj.chicago_md:n32731	v-pppafv-
ἐκπροϊεῖσαι	e)kproi+ei=sai	ἐκπροίημι	e)kproi/hmi	urn:cite2:hmt:lsj.chicago_md:n32764	v-pppafn-
ἐκπροϊεῖσαι	e)kproi+ei=sai	ἐκπροίημι	e)kproi/hmi	urn:cite2:hmt:lsj.chicago_md:n32764	v-pppafv-
ἐκπωμάτων	e)kpwma/twn	ἔκπωμα	e)/kpwma	urn:cite2:hmt:lsj.chicago_md:n32812	n-p---ng-
ἐκπέμπει	e)kpe/mpei	ἐκπέμπω	e)kpe/mpw	urn:cite2:hmt:lsj.chicago_md:n32591	v2spie---
ἐκπέμπει	e)kpe/mpei	ἐκπέμπω	e)kpe/mpw	urn:cite2:hmt:lsj.chicago_md:n32591	v3spia---
ἐκπέφυκα	e)kpe/fuka	ἐκφύω	e)kfu/w	urn:cite2:hmt:lsj.chicago_md:n33241	v1sria---
ἐκπόνει	e)kpo/nei	ἐκπονέω	e)kpone/w	urn:cite2:hmt:lsj.chicago_md:n32723	v2spma---
ἐκπόνει	e)kpo/nei	ἐκπονέω	e)kpone/w	urn:cite2:hmt:lsj.chicago_md:n32723	v2spma---
ἐκπόνει	e)kpo/nei	ἐκπονέω	e)kpone/w	urn:cite2:hmt:lsj.chicago_md:n32723	v3siia---
ἐκπόνει	e)kpo/nei	ἐκπονέω	e)kpone/w	urn:cite2:hmt:lsj.chicago_md:n32723	v3siia---
ἐκσπένδειν	e)kspe/ndein	ἐκσπένδω	e)kspe/ndw	urn:cite2:hmt:lsj.chicago_md:n32892	v--pna---
ἐκστρέφει	e)kstre/fei	ἐκστρέφω	e)kstre/fw	urn:cite2:hmt:lsj.chicago_md:n32916	v2spie---
ἐκστρέφει	e)kstre/fei	ἐκστρέφω	e)kstre/fw	urn:cite2:hmt:lsj.chicago_md:n32916	v3spia---
ἐκτεθείς	e)kteqei/s	ἐκτίθημι	e)kti/qhmi	urn:cite2:hmt:lsj.chicago_md:n32998	v-sappmn-
ἐκτεθείς	e)kteqei/s	ἐκτίθημι	e)kti/qhmi	urn:cite2:hmt:lsj.chicago_md:n32998	v-sappmv-
ἐκτεθραμμένον	e)kteqramme/non	ἐκτρέφω	e)ktre/fw	urn:cite2:hmt:lsj.chicago_md:n33075	v-srpema-
ἐκτεθραμμένον	e)kteqramme/non	ἐκτρέφω	e)ktre/fw	urn:cite2:hmt:lsj.chicago_md:n33075	v-srpenn-
ἐκτεθραμμένον	e)kteqramme/non	ἐκτρέφω	e)ktre/fw	urn:cite2:hmt:lsj.chicago_md:n33075	v-srpenv-
ἐκτεθραμμένον	e)kteqramme/non	ἐκτρέφω	e)ktre/fw	urn:cite2:hmt:lsj.chicago_md:n33075	v-srpena-
ἐκτεκνούμενος	e)kteknou/menos	ἐκτεκνόω	e)ktekno/w	urn:cite2:hmt:lsj.chicago_md:n32970	v-sppemn-
ἐκτεκνούμενος	e)kteknou/menos	ἐκτεκνόω	e)ktekno/w	urn:cite2:hmt:lsj.chicago_md:n32970	v-sppemn-
ἐκτελῆ	e)ktelh=	ἐκτελής	e)ktelh/s	urn:cite2:hmt:lsj.chicago_md:n32977	n-p---nn-
ἐκτελῆ	e)ktelh=	ἐκτελής	e)ktelh/s	urn:cite2:hmt:lsj.chicago_md:n32977	n-p---nv-
ἐκτελῆ	e)ktelh=	ἐκτελής	e)ktelh/s	urn:cite2:hmt:lsj.chicago_md:n32977	n-p---na-
ἐκτελῆ	e)ktelh=	ἐκτελής	e)ktelh/s	urn:cite2:hmt:lsj.chicago_md:n32977	n-d---mn-
ἐκτελῆ	e)ktelh=	ἐκτελής	e)ktelh/s	urn:cite2:hmt:lsj.chicago_md:n32977	n-d---mv-
ἐκτελῆ	e)ktelh=	ἐκτελής	e)ktelh/s	urn:cite2:hmt:lsj.chicago_md:n32977	n-d---ma-
ἐκτελῆ	e)ktelh=	ἐκτελής	e)ktelh/s	urn:cite2:hmt:lsj.chicago_md:n32977	n-d---fn-
ἐκτελῆ	e)ktelh=	ἐκτελής	e)ktelh/s	urn:cite2:hmt:lsj.chicago_md:n32977	n-d---fv-
ἐκτελῆ	e)ktelh=	ἐκτελής	e)ktelh/s	urn:cite2:hmt:lsj.chicago_md:n32977	n-d---fa-
ἐκτελῆ	e)ktelh=	ἐκτελής	e)ktelh/s	urn:cite2:hmt:lsj.chicago_md:n32977	n-d---nn-
ἐκτελῆ	e)ktelh=	ἐκτελής	e)ktelh/s	urn:cite2:hmt:lsj.chicago_md:n32977	n-d---nv-
ἐκτελῆ	e)ktelh=	ἐκτελής	e)ktelh/s	urn:cite2:hmt:lsj.chicago_md:n32977	n-d---na-
ἐκτελῆ	e)ktelh=	ἐκτελής	e)ktelh/s	urn:cite2:hmt:lsj.chicago_md:n32977	n-s---ma-
ἐκτελῆ	e)ktelh=	ἐκτελής	e)ktelh/s	urn:cite2:hmt:lsj.chicago_md:n32977	n-s---fa-
ἐκτείνοντά	e)ktei/nonta/	ἐκτείνω	e)ktei/nw	urn:cite2:hmt:lsj.chicago_md:n32964	v-pppann-
ἐκτείνοντά	e)ktei/nonta/	ἐκτείνω	e)ktei/nw	urn:cite2:hmt:lsj.chicago_md:n32964	v-pppanv-
ἐκτείνοντά	e)ktei/nonta/	ἐκτείνω	e)ktei/nw	urn:cite2:hmt:lsj.chicago_md:n32964	v-pppana-
ἐκτείνοντά	e)ktei/nonta/	ἐκτείνω	e)ktei/nw	urn:cite2:hmt:lsj.chicago_md:n32964	v-sppama-
ἐκτρέφει	e)ktre/fei	ἐκτρέφω	e)ktre/fw	urn:cite2:hmt:lsj.chicago_md:n33075	v2spie---
ἐκτρέφει	e)ktre/fei	ἐκτρέφω	e)ktre/fw	urn:cite2:hmt:lsj.chicago_md:n33075	v3spia---
ἐκτρέφειν	e)ktre/fein	ἐκτρέφω	e)ktre/fw	urn:cite2:hmt:lsj.chicago_md:n33075	v--pna---
ἐκτρίβων	e)ktri/bwn	ἐκτρίβω	e)ktri/bw	urn:cite2:hmt:lsj.chicago_md:n33082	v-sppamn-
ἐκτήσατο	e)kth/sato	κτάομαι	kta/omai	urn:cite2:hmt:lsj.chicago_md:n60308	v3saim---
ἐκτήσατο	e)kth/sato	κτέομαι	kte/omai	urn:cite2:hmt:lsj.chicago_md:n60330	v3saie---
ἐκτός	e)kto/s	ἐκτός	e)kto/s	urn:cite2:hmt:lsj.chicago_md:n33059	d--------
ἐκφαίνει	e)kfai/nei	ἐκφαίνω	e)kfai/nw	urn:cite2:hmt:lsj.chicago_md:n33136	v2spie---
ἐκφαίνει	e)kfai/nei	ἐκφαίνω	e)kfai/nw	urn:cite2:hmt:lsj.chicago_md:n33136	v3spia---
ἐκφέρει	e)kfe/rei	ἐκφέρω	e)kfe/rw	urn:cite2:hmt:lsj.chicago_md:n33160	v2spie---
ἐκφέρει	e)kfe/rei	ἐκφέρω	e)kfe/rw	urn:cite2:hmt:lsj.chicago_md:n33160	v3spia---
ἐκφέρεις	e)kfe/reis	ἐκφέρω	e)kfe/rw	urn:cite2:hmt:lsj.chicago_md:n33160	v2spia---
ἐκφύλασσ’	e)kfu/lass'	ἐκφυλάσσω	e)kfula/ssw	urn:cite2:hmt:lsj.chicago_md:n33226	v2spma---
ἐκφύλασσ’	e)kfu/lass'	ἐκφυλάσσω	e)kfula/ssw	urn:cite2:hmt:lsj.chicago_md:n33226	v2spma---
ἐκφύλασσ’	e)kfu/lass'	ἐκφυλάσσω	e)kfula/ssw	urn:cite2:hmt:lsj.chicago_md:n33226	v3siia---
ἐκφύλασσ’	e)kfu/lass'	ἐκφυλάσσω	e)kfula/ssw	urn:cite2:hmt:lsj.chicago_md:n33226	v3siia---
ἐλαιοφυῆ	e)laiofuh=	ἐλαιοφυής	e)laiofuh/s	urn:cite2:hmt:lsj.chicago_md:n33375	n-p---nn-
ἐλαιοφυῆ	e)laiofuh=	ἐλαιοφυής	e)laiofuh/s	urn:cite2:hmt:lsj.chicago_md:n33375	n-p---nv-
ἐλαιοφυῆ	e)laiofuh=	ἐλαιοφυής	e)laiofuh/s	urn:cite2:hmt:lsj.chicago_md:n33375	n-p---na-
ἐλαιοφυῆ	e)laiofuh=	ἐλαιοφυής	e)laiofuh/s	urn:cite2:hmt:lsj.chicago_md:n33375	n-d---mn-
ἐλαιοφυῆ	e)laiofuh=	ἐλαιοφυής	e)laiofuh/s	urn:cite2:hmt:lsj.chicago_md:n33375	n-d---mv-
ἐλαιοφυῆ	e)laiofuh=	ἐλαιοφυής	e)laiofuh/s	urn:cite2:hmt:lsj.chicago_md:n33375	n-d---ma-
ἐλαιοφυῆ	e)laiofuh=	ἐλαιοφυής	e)laiofuh/s	urn:cite2:hmt:lsj.chicago_md:n33375	n-d---fn-
ἐλαιοφυῆ	e)laiofuh=	ἐλαιοφυής	e)laiofuh/s	urn:cite2:hmt:lsj.chicago_md:n33375	n-d---fv-
ἐλαιοφυῆ	e)laiofuh=	ἐλαιοφυής	e)laiofuh/s	urn:cite2:hmt:lsj.chicago_md:n33375	n-d---fa-
ἐλαιοφυῆ	e)laiofuh=	ἐλαιοφυής	e)laiofuh/s	urn:cite2:hmt:lsj.chicago_md:n33375	n-d---nn-
ἐλαιοφυῆ	e)laiofuh=	ἐλαιοφυής	e)laiofuh/s	urn:cite2:hmt:lsj.chicago_md:n33375	n-d---nv-
ἐλαιοφυῆ	e)laiofuh=	ἐλαιοφυής	e)laiofuh/s	urn:cite2:hmt:lsj.chicago_md:n33375	n-d---na-
ἐλαιοφυῆ	e)laiofuh=	ἐλαιοφυής	e)laiofuh/s	urn:cite2:hmt:lsj.chicago_md:n33375	n-s---ma-
ἐλαιοφυῆ	e)laiofuh=	ἐλαιοφυής	e)laiofuh/s	urn:cite2:hmt:lsj.chicago_md:n33375	n-s---fa-
ἐλαίας	e)lai/as	ἐλαία	e)lai/a	urn:cite2:hmt:lsj.chicago_md:n33308	n-p---fa-
ἐλαίας	e)lai/as	ἐλαία	e)lai/a	urn:cite2:hmt:lsj.chicago_md:n33308	n-s---fg-
ἐλαίας	e)lai/as	ἐλαιάω	e)laia/w	urn:cite2:hmt:lsj.chicago_md:n33312	v2siia---
ἐλαίας	e)lai/as	ἐλαιάω	e)laia/w	urn:cite2:hmt:lsj.chicago_md:n33312	v2siia---
ἐλαύνει	e)lau/nei	ἐλαύνω	e)lau/nw	urn:cite2:hmt:lsj.chicago_md:n33457	v3sasa---
ἐλαύνει	e)lau/nei	ἐλαύνω	e)lau/nw	urn:cite2:hmt:lsj.chicago_md:n33457	v2spie---
ἐλαύνει	e)lau/nei	ἐλαύνω	e)lau/nw	urn:cite2:hmt:lsj.chicago_md:n33457	v3spia---
ἐλαύνεται	e)lau/netai	ἐλαύνω	e)lau/nw	urn:cite2:hmt:lsj.chicago_md:n33457	v3sasm---
ἐλαύνεται	e)lau/netai	ἐλαύνω	e)lau/nw	urn:cite2:hmt:lsj.chicago_md:n33457	v3spie---
ἐλευθέρων	e)leuqe/rwn	ἐλεύθερος	e)leu/qeros	urn:cite2:hmt:lsj.chicago_md:n33618	a-p---fg-
ἐλευθέρων	e)leuqe/rwn	ἐλεύθερος	e)leu/qeros	urn:cite2:hmt:lsj.chicago_md:n33618	a-p---mg-
ἐλευθέρων	e)leuqe/rwn	ἐλεύθερος	e)leu/qeros	urn:cite2:hmt:lsj.chicago_md:n33618	a-p---ng-
ἐλευθέρων	e)leuqe/rwn	ἐλεύθερος	e)leu/qeros	urn:cite2:hmt:lsj.chicago_md:n33618	n-p---mg-
ἐλευθέρων	e)leuqe/rwn	ἐλεύθερος	e)leu/qeros	urn:cite2:hmt:lsj.chicago_md:n33618	n-p---fg-
ἐλευθέρων	e)leuqe/rwn	ἐλεύθερος	e)leu/qeros	urn:cite2:hmt:lsj.chicago_md:n33618	n-p---ng-
ἐλευθέρων	e)leuqe/rwn	ἐλευθερόω	e)leuqero/w	urn:cite2:hmt:lsj.chicago_md:n33623	v3piia---
ἐλευθέρων	e)leuqe/rwn	ἐλευθερόω	e)leuqero/w	urn:cite2:hmt:lsj.chicago_md:n33623	v1siia---
ἐλθεῖν	e)lqei=n	ἔρχομαι	e)/rxomai	urn:cite2:hmt:lsj.chicago_md:n42827	v--ana---
ἐλθοῦσ’	e)lqou=s'	ἔρχομαι	e)/rxomai	urn:cite2:hmt:lsj.chicago_md:n42827	v-sapafn-
ἐλθοῦσ’	e)lqou=s'	ἔρχομαι	e)/rxomai	urn:cite2:hmt:lsj.chicago_md:n42827	v-sapafv-
ἐλθοῦσ’	e)lqou=s'	ἔρχομαι	e)/rxomai	urn:cite2:hmt:lsj.chicago_md:n42827	v-papamd-
ἐλθοῦσ’	e)lqou=s'	ἔρχομαι	e)/rxomai	urn:cite2:hmt:lsj.chicago_md:n42827	v-papand-
ἐλθοῦσ’	e)lqou=s'	ἔρχομαι	e)/rxomai	urn:cite2:hmt:lsj.chicago_md:n42827	v-papafn-
ἐλθοῦσ’	e)lqou=s'	ἔρχομαι	e)/rxomai	urn:cite2:hmt:lsj.chicago_md:n42827	v-papafv-
ἐλθόντοιν	e)lqo/ntoin	ἔρχομαι	e)/rxomai	urn:cite2:hmt:lsj.chicago_md:n42827	v-dapamg-
ἐλθόντοιν	e)lqo/ntoin	ἔρχομαι	e)/rxomai	urn:cite2:hmt:lsj.chicago_md:n42827	v-dapamd-
ἐλθόντοιν	e)lqo/ntoin	ἔρχομαι	e)/rxomai	urn:cite2:hmt:lsj.chicago_md:n42827	v-dapang-
ἐλθόντοιν	e)lqo/ntoin	ἔρχομαι	e)/rxomai	urn:cite2:hmt:lsj.chicago_md:n42827	v-dapand-
ἐλθών	e)lqw/n	ἔρχομαι	e)/rxomai	urn:cite2:hmt:lsj.chicago_md:n42827	v-sapamn-
ἐλοχεύσατο	e)loxeu/sato	λοχεύω	loxeu/w	urn:cite2:hmt:lsj.chicago_md:n63979	v3saim---
ἐλπίδας	e)lpi/das	ἐλπίς	e)lpi/s	urn:cite2:hmt:lsj.chicago_md:n33903	n-p---fa-
ἐλπίδες	e)lpi/des	ἐλπίς	e)lpi/s	urn:cite2:hmt:lsj.chicago_md:n33903	n-p---fn-
ἐλπίδες	e)lpi/des	ἐλπίς	e)lpi/s	urn:cite2:hmt:lsj.chicago_md:n33903	n-p---fv-
ἐλπίδων	e)lpi/dwn	ἐλπίς	e)lpi/s	urn:cite2:hmt:lsj.chicago_md:n33903	n-p---fg-
ἐλπίζει	e)lpi/zei	ἐλπίζω	e)lpi/zw	urn:cite2:hmt:lsj.chicago_md:n33902	v2spie---
ἐλπίζει	e)lpi/zei	ἐλπίζω	e)lpi/zw	urn:cite2:hmt:lsj.chicago_md:n33902	v3spia---
ἐλπίς	e)lpi/s	ἐλπίς	e)lpi/s	urn:cite2:hmt:lsj.chicago_md:n33903	n-s---fn-
ἐλάβομεν	e)la/bomen	λαμβάνω	lamba/nw	urn:cite2:hmt:lsj.chicago_md:n61791	v1paia---
ἐλάφων	e)la/fwn	ἔλαφος	e)/lafos	urn:cite2:hmt:lsj.chicago_md:n33477	n-p---mg-
ἐλάφων	e)la/fwn	ἔλαφος	e)/lafos	urn:cite2:hmt:lsj.chicago_md:n33477	n-p---fg-
ἐμαυτῆς	e)mauth=s	ἐμαυτοῦ	e)mautou=	urn:cite2:hmt:lsj.chicago_md:n33935	p-s---fg-
ἐμαί	e)mai/	ἐμός	e)mo/s	urn:cite2:hmt:lsj.chicago_md:n34194	a-p---fn-
ἐμαί	e)mai/	ἐμός	e)mo/s	urn:cite2:hmt:lsj.chicago_md:n34194	a-p---fv-
ἐμαῖς	e)mai=s	ἐμός	e)mo/s	urn:cite2:hmt:lsj.chicago_md:n34194	a-p---fd-
ἐμαῖσι	e)mai=si	ἐμός	e)mo/s	urn:cite2:hmt:lsj.chicago_md:n34194	a-p---fd-
ἐμβλέψαι	e)mble/yai	ἐμβλέπω	e)mble/pw	urn:cite2:hmt:lsj.chicago_md:n34004	v--ana---
ἐμβλέψαι	e)mble/yai	ἐμβλέπω	e)mble/pw	urn:cite2:hmt:lsj.chicago_md:n34004	v3saoa---
ἐμοί	e)moi/	ἐγώ	e)gw/	urn:cite2:hmt:lsj.chicago_md:n30657	p-s---md-
ἐμοί	e)moi/	ἐγώ	e)gw/	urn:cite2:hmt:lsj.chicago_md:n30657	p-s---fd-
ἐμοί	e)moi/	ἐμός	e)mo/s	urn:cite2:hmt:lsj.chicago_md:n34194	a-p---mn-
ἐμοί	e)moi/	ἐμός	e)mo/s	urn:cite2:hmt:lsj.chicago_md:n34194	a-p---mv-
ἐμοῖς	e)moi=s	ἐμέω	e)me/w	urn:cite2:hmt:lsj.chicago_md:n34111	v2sfoa---
ἐμοῖς	e)moi=s	ἐμέω	e)me/w	urn:cite2:hmt:lsj.chicago_md:n34111	v2spoa---
ἐμοῖς	e)moi=s	ἐμός	e)mo/s	urn:cite2:hmt:lsj.chicago_md:n34194	a-p---md-
ἐμοῖς	e)moi=s	ἐμός	e)mo/s	urn:cite2:hmt:lsj.chicago_md:n34194	a-p---nd-
ἐμοῦ	e)mou=	ἐγώ	e)gw/	urn:cite2:hmt:lsj.chicago_md:n30657	p-s---mg-
ἐμοῦ	e)mou=	ἐγώ	e)gw/	urn:cite2:hmt:lsj.chicago_md:n30657	p-s---fg-
ἐμοῦ	e)mou=	ἐμέω	e)me/w	urn:cite2:hmt:lsj.chicago_md:n34111	v2spme---
ἐμοῦ	e)mou=	ἐμέω	e)me/w	urn:cite2:hmt:lsj.chicago_md:n34111	v2siie---
ἐμοῦ	e)mou=	ἐμός	e)mo/s	urn:cite2:hmt:lsj.chicago_md:n34194	a-s---mg-
ἐμοῦ	e)mou=	ἐμός	e)mo/s	urn:cite2:hmt:lsj.chicago_md:n34194	a-s---ng-
ἐμποδών	e)mpodw/n	ἐμποδών	e)mpodw/n	urn:cite2:hmt:lsj.chicago_md:n34450	d--------
ἐμπόδιον	e)mpo/dion	ἐμπόδιος	e)mpo/dios	urn:cite2:hmt:lsj.chicago_md:n34440	n-s---ma-
ἐμπόδιον	e)mpo/dion	ἐμπόδιος	e)mpo/dios	urn:cite2:hmt:lsj.chicago_md:n34440	n-s---fa-
ἐμπόδιον	e)mpo/dion	ἐμπόδιος	e)mpo/dios	urn:cite2:hmt:lsj.chicago_md:n34440	n-s---nn-
ἐμπόδιον	e)mpo/dion	ἐμπόδιος	e)mpo/dios	urn:cite2:hmt:lsj.chicago_md:n34440	n-s---nv-
ἐμπόδιον	e)mpo/dion	ἐμπόδιος	e)mpo/dios	urn:cite2:hmt:lsj.chicago_md:n34440	n-s---na-
ἐμπόδιον	e)mpo/dion	ἐμποδέω	e)mpode/w	urn:cite2:hmt:lsj.chicago_md:n34438	v3piia---
ἐμπόδιον	e)mpo/dion	ἐμποδέω	e)mpode/w	urn:cite2:hmt:lsj.chicago_md:n34438	v1siia---
ἐμφύς	e)mfu/s	ἐμφύω	e)mfu/w	urn:cite2:hmt:lsj.chicago_md:n34679	v-sapamn-
ἐμφύς	e)mfu/s	ἐμφύω	e)mfu/w	urn:cite2:hmt:lsj.chicago_md:n34679	v-sapamv-
ἐμά	e)ma/	ἐμός	e)mo/s	urn:cite2:hmt:lsj.chicago_md:n34194	a-p---nn-
ἐμά	e)ma/	ἐμός	e)mo/s	urn:cite2:hmt:lsj.chicago_md:n34194	a-p---nv-
ἐμά	e)ma/	ἐμός	e)mo/s	urn:cite2:hmt:lsj.chicago_md:n34194	a-p---na-
ἐμά	e)ma/	ἐμός	e)mo/s	urn:cite2:hmt:lsj.chicago_md:n34194	a-d---fn-
ἐμά	e)ma/	ἐμός	e)mo/s	urn:cite2:hmt:lsj.chicago_md:n34194	a-d---fv-
ἐμά	e)ma/	ἐμός	e)mo/s	urn:cite2:hmt:lsj.chicago_md:n34194	a-d---fa-
ἐμά	e)ma/	ἐμός	e)mo/s	urn:cite2:hmt:lsj.chicago_md:n34194	a-s---fn-
ἐμά	e)ma/	ἐμός	e)mo/s	urn:cite2:hmt:lsj.chicago_md:n34194	a-s---fv-
ἐμάν	e)ma/n	ἐμός	e)mo/s	urn:cite2:hmt:lsj.chicago_md:n34194	a-s---fa-
ἐμέ	e)me/	ἐγώ	e)gw/	urn:cite2:hmt:lsj.chicago_md:n30657	p-s---ma-
ἐμέ	e)me/	ἐγώ	e)gw/	urn:cite2:hmt:lsj.chicago_md:n30657	p-s---fa-
ἐμέ	e)me/	ἐμός	e)mo/s	urn:cite2:hmt:lsj.chicago_md:n34194	a-s---mv-
ἐμήν	e)mh/n	ἐμός	e)mo/s	urn:cite2:hmt:lsj.chicago_md:n34194	a-s---fa-
ἐμόν	e)mo/n	ἐμός	e)mo/s	urn:cite2:hmt:lsj.chicago_md:n34194	a-s---ma-
ἐμόν	e)mo/n	ἐμός	e)mo/s	urn:cite2:hmt:lsj.chicago_md:n34194	a-s---nn-
ἐμόν	e)mo/n	ἐμός	e)mo/s	urn:cite2:hmt:lsj.chicago_md:n34194	a-s---nv-
ἐμόν	e)mo/n	ἐμός	e)mo/s	urn:cite2:hmt:lsj.chicago_md:n34194	a-s---na-
ἐμός	e)mo/s	ἐμός	e)mo/s	urn:cite2:hmt:lsj.chicago_md:n34194	a-s---mn-
ἐμᾶς	e)ma=s	ἐμός	e)mo/s	urn:cite2:hmt:lsj.chicago_md:n34194	a-s---fg-
ἐμᾷ	e)ma=|	ἐμός	e)mo/s	urn:cite2:hmt:lsj.chicago_md:n34194	a-s---fd-
ἐμῆς	e)mh=s	ἐμέω	e)me/w	urn:cite2:hmt:lsj.chicago_md:n34111	v2sfia---
ἐμῆς	e)mh=s	ἐμέω	e)me/w	urn:cite2:hmt:lsj.chicago_md:n34111	v2spia---
ἐμῆς	e)mh=s	ἐμός	e)mo/s	urn:cite2:hmt:lsj.chicago_md:n34194	a-s---fg-
ἐμῶν	e)mw=n	ἐμέω	e)me/w	urn:cite2:hmt:lsj.chicago_md:n34111	v-sfpamn-
ἐμῶν	e)mw=n	ἐμέω	e)me/w	urn:cite2:hmt:lsj.chicago_md:n34111	v-sppamn-
ἐμῶν	e)mw=n	ἐμός	e)mo/s	urn:cite2:hmt:lsj.chicago_md:n34194	a-p---fg-
ἐμῶν	e)mw=n	ἐμός	e)mo/s	urn:cite2:hmt:lsj.chicago_md:n34194	a-p---mg-
ἐμῶν	e)mw=n	ἐμός	e)mo/s	urn:cite2:hmt:lsj.chicago_md:n34194	a-p---ng-
ἐμῷ	e)mw=|	ἐμός	e)mo/s	urn:cite2:hmt:lsj.chicago_md:n34194	a-s---md-
ἐμῷ	e)mw=|	ἐμός	e)mo/s	urn:cite2:hmt:lsj.chicago_md:n34194	a-s---nd-
ἐν	e)n	ἐν	e)n	urn:cite2:hmt:lsj.chicago_md:n34700	r--------
ἐν	e)n	εἰς	ei)s	urn:cite2:hmt:lsj.chicago_md:n31235	r--------
ἐναίρει	e)nai/rei	ἐναίρω	e)nai/rw	urn:cite2:hmt:lsj.chicago_md:n34765	v2spie---
ἐναίρει	e)nai/rei	ἐναίρω	e)nai/rw	urn:cite2:hmt:lsj.chicago_md:n34765	v3spia---
ἐναίρει	e)nai/rei	ἐναιρέω	e)naire/w	urn:cite2:hmt:lsj.chicago_md:n34764	v2spma---
ἐναίρει	e)nai/rei	ἐναιρέω	e)naire/w	urn:cite2:hmt:lsj.chicago_md:n34764	v3siia---
ἐνδυτόν	e)nduto/n	ἐνδυτός	e)nduto/s	urn:cite2:hmt:lsj.chicago_md:n35321	n-s---ma-
ἐνδυτόν	e)nduto/n	ἐνδυτός	e)nduto/s	urn:cite2:hmt:lsj.chicago_md:n35321	n-s---fa-
ἐνδυτόν	e)nduto/n	ἐνδυτός	e)nduto/s	urn:cite2:hmt:lsj.chicago_md:n35321	n-s---nn-
ἐνδυτόν	e)nduto/n	ἐνδυτός	e)nduto/s	urn:cite2:hmt:lsj.chicago_md:n35321	n-s---nv-
ἐνδυτόν	e)nduto/n	ἐνδυτός	e)nduto/s	urn:cite2:hmt:lsj.chicago_md:n35321	n-s---na-
ἐνδίκοις	e)ndi/kois	ἔνδικος	e)/ndikos	urn:cite2:hmt:lsj.chicago_md:n35228	a-p---md-
ἐνδίκοις	e)ndi/kois	ἔνδικος	e)/ndikos	urn:cite2:hmt:lsj.chicago_md:n35228	a-p---nd-
ἐνδίκοις	e)ndi/kois	ἔνδικος	e)/ndikos	urn:cite2:hmt:lsj.chicago_md:n35228	n-p---md-
ἐνδίκοις	e)ndi/kois	ἔνδικος	e)/ndikos	urn:cite2:hmt:lsj.chicago_md:n35228	n-p---fd-
ἐνδίκοις	e)ndi/kois	ἔνδικος	e)/ndikos	urn:cite2:hmt:lsj.chicago_md:n35228	n-p---nd-
ἐνεγκεῖν	e)negkei=n	φέρω	fe/rw	urn:cite2:hmt:lsj.chicago_md:n110598	v--ana---
ἐνθάδε	e)nqa/de	ἐνθάδε	e)nqa/de	urn:cite2:hmt:lsj.chicago_md:n35542	d--------
ἐνθύμιόν	e)nqu/mio/n	ἐνθύμιος	e)nqu/mios	urn:cite2:hmt:lsj.chicago_md:n35653	n-s---ma-
ἐνθύμιόν	e)nqu/mio/n	ἐνθύμιος	e)nqu/mios	urn:cite2:hmt:lsj.chicago_md:n35653	n-s---fa-
ἐνθύμιόν	e)nqu/mio/n	ἐνθύμιος	e)nqu/mios	urn:cite2:hmt:lsj.chicago_md:n35653	n-s---nn-
ἐνθύμιόν	e)nqu/mio/n	ἐνθύμιος	e)nqu/mios	urn:cite2:hmt:lsj.chicago_md:n35653	n-s---nv-
ἐνθύμιόν	e)nqu/mio/n	ἐνθύμιος	e)nqu/mios	urn:cite2:hmt:lsj.chicago_md:n35653	n-s---na-
ἐνθύμιόν	e)nqu/mio/n	ἐνθυμέομαι	e)nqume/omai	urn:cite2:hmt:lsj.chicago_md:n35642	v3piia---
ἐνθύμιόν	e)nqu/mio/n	ἐνθυμέομαι	e)nqume/omai	urn:cite2:hmt:lsj.chicago_md:n35642	v1siia---
ἐννύχιος	e)nnu/xios	ἐννύχιος	e)nnu/xios	urn:cite2:hmt:lsj.chicago_md:n35888	a-s---mn-
ἐννύχιος	e)nnu/xios	ἐννύχιος	e)nnu/xios	urn:cite2:hmt:lsj.chicago_md:n35888	n-s---mn-
ἐννύχιος	e)nnu/xios	ἐννύχιος	e)nnu/xios	urn:cite2:hmt:lsj.chicago_md:n35888	n-s---fn-
ἐνοπάν	e)nopa/n	ἐνοπή	e)noph/	urn:cite2:hmt:lsj.chicago_md:n35943	n-s---fa-
ἐνταῦθα	e)ntau=qa	ἐνταῦθα	e)ntau=qa	urn:cite2:hmt:lsj.chicago_md:n36165	d--------
ἐνταῦθ’	e)ntau=q'	ἐνταῦθα	e)ntau=qa	urn:cite2:hmt:lsj.chicago_md:n36165	d--------
ἐντρέφειν	e)ntre/fein	ἐντρέφω	e)ntre/fw	urn:cite2:hmt:lsj.chicago_md:n36305	v--pna---
ἐντός	e)nto/s	ἐντός	e)nto/s	urn:cite2:hmt:lsj.chicago_md:n36286	d--------
ἐνέρων	e)ne/rwn	ἔνεροι	e)/neroi	urn:cite2:hmt:lsj.chicago_md:n35438	n-p---mg-
ἐνύδρου	e)nu/drou	ἔνυδρος	e)/nudros	urn:cite2:hmt:lsj.chicago_md:n36390	n-s---mg-
ἐνύδρου	e)nu/drou	ἔνυδρος	e)/nudros	urn:cite2:hmt:lsj.chicago_md:n36390	n-s---fg-
ἐνύδρου	e)nu/drou	ἔνυδρος	e)/nudros	urn:cite2:hmt:lsj.chicago_md:n36390	n-s---ng-
ἐνῆν	e)nh=n	ἐν-εἰμί	e)n-ei)mi/	urn:cite2:hmt:lsj.chicago_md:n35360	v1siia---
ἐνῆν	e)nh=n	ἐν-εἰμί	e)n-ei)mi/	urn:cite2:hmt:lsj.chicago_md:n35360	v3piia---
ἐνῆν	e)nh=n	ἐν-εἰμί	e)n-ei)mi/	urn:cite2:hmt:lsj.chicago_md:n35360	v3siia---
ἐνῆσθα	e)nh=sqa	ἐνίημι	e)ni/hmi	urn:cite2:hmt:lsj.chicago_md:n35692	v2sasa---
ἐνῆσθα	e)nh=sqa	ἐνίημι	e)ni/hmi	urn:cite2:hmt:lsj.chicago_md:n35692	v2sasa---
ἐνῆψα	e)nh=ya	ἐνάπτω	e)na/ptw	urn:cite2:hmt:lsj.chicago_md:n34971	v1saia---
ἐξ	e)c	ἐκ	e)k	urn:cite2:hmt:lsj.chicago_md:n31575	r--------
ἐξαγγέλλομαι	e)cagge/llomai	ἐξαγγέλλω	e)cagge/llw	urn:cite2:hmt:lsj.chicago_md:n36475	v1spie---
ἐξαλλάξας	e)calla/cas	ἐξαλλάσσω	e)calla/ssw	urn:cite2:hmt:lsj.chicago_md:n36658	v-sapamn-
ἐξαλλάξας	e)calla/cas	ἐξαλλάσσω	e)calla/ssw	urn:cite2:hmt:lsj.chicago_md:n36658	v-sapamv-
ἐξαλλάξας	e)calla/cas	ἐξαλλάσσω	e)calla/ssw	urn:cite2:hmt:lsj.chicago_md:n36658	v-sapamn-
ἐξαλλάξας	e)calla/cas	ἐξαλλάσσω	e)calla/ssw	urn:cite2:hmt:lsj.chicago_md:n36658	v-sapamv-
ἐξανείλετο	e)canei/leto	ἐξαναιρέω	e)canaire/w	urn:cite2:hmt:lsj.chicago_md:n36737	v3saim---
ἐξανύτουσ’	e)canu/tous'	ἐξανύω	e)canu/w	urn:cite2:hmt:lsj.chicago_md:n36817	v-sppafn-
ἐξανύτουσ’	e)canu/tous'	ἐξανύω	e)canu/w	urn:cite2:hmt:lsj.chicago_md:n36817	v-sppafv-
ἐξανύτουσ’	e)canu/tous'	ἐξανύω	e)canu/w	urn:cite2:hmt:lsj.chicago_md:n36817	v-pppamd-
ἐξανύτουσ’	e)canu/tous'	ἐξανύω	e)canu/w	urn:cite2:hmt:lsj.chicago_md:n36817	v-pppand-
ἐξανύτουσ’	e)canu/tous'	ἐξανύω	e)canu/w	urn:cite2:hmt:lsj.chicago_md:n36817	v3ppia---
ἐξανύτουσ’	e)canu/tous'	ἐξανύω	e)canu/w	urn:cite2:hmt:lsj.chicago_md:n36817	v-pppafn-
ἐξανύτουσ’	e)canu/tous'	ἐξανύω	e)canu/w	urn:cite2:hmt:lsj.chicago_md:n36817	v-pppafv-
ἐξανῆκε	e)canh=ke	ἐξανίημι	e)cani/hmi	urn:cite2:hmt:lsj.chicago_md:n36798	v3saia---
ἐξαπαφών	e)capafw/n	ἐξαπαφίσκω	e)capafi/skw	urn:cite2:hmt:lsj.chicago_md:n36837	v-sapamn-
ἐξαίρετον	e)cai/reton	ἐξαίρω	e)cai/rw	urn:cite2:hmt:lsj.chicago_md:n36575	v2dpma---
ἐξαίρετον	e)cai/reton	ἐξαίρω	e)cai/rw	urn:cite2:hmt:lsj.chicago_md:n36575	v3dpia---
ἐξαίρετον	e)cai/reton	ἐξαίρω	e)cai/rw	urn:cite2:hmt:lsj.chicago_md:n36575	v2dpia---
ἐξαίρετον	e)cai/reton	ἐξαίρω	e)cai/rw	urn:cite2:hmt:lsj.chicago_md:n36575	v2diia---
ἐξαίρετον	e)cai/reton	ἐξαιρετός	e)caireto/s	urn:cite2:hmt:lsj.chicago_md:n36570	n-s---ma-
ἐξαίρετον	e)cai/reton	ἐξαιρετός	e)caireto/s	urn:cite2:hmt:lsj.chicago_md:n36570	n-s---fa-
ἐξαίρετον	e)cai/reton	ἐξαιρετός	e)caireto/s	urn:cite2:hmt:lsj.chicago_md:n36570	n-s---nn-
ἐξαίρετον	e)cai/reton	ἐξαιρετός	e)caireto/s	urn:cite2:hmt:lsj.chicago_md:n36570	n-s---nv-
ἐξαίρετον	e)cai/reton	ἐξαιρετός	e)caireto/s	urn:cite2:hmt:lsj.chicago_md:n36570	n-s---na-
ἐξαίρετος	e)cai/retos	ἐξαιρετός	e)caireto/s	urn:cite2:hmt:lsj.chicago_md:n36570	n-s---mn-
ἐξαίρετος	e)cai/retos	ἐξαιρετός	e)caireto/s	urn:cite2:hmt:lsj.chicago_md:n36570	n-s---fn-
ἐξειλίσσομεν	e)ceili/ssomen	ἐξελίσσω	e)celi/ssw	urn:cite2:hmt:lsj.chicago_md:n37110	v1piia---
ἐξειλίσσομεν	e)ceili/ssomen	ἐξελίσσω	e)celi/ssw	urn:cite2:hmt:lsj.chicago_md:n37110	v1ppia---
ἐξειλίσσομεν	e)ceili/ssomen	ἐξελίσσω	e)celi/ssw	urn:cite2:hmt:lsj.chicago_md:n37110	v1piia---
ἐξειλίσσομεν	e)ceili/ssomen	ἐξελίσσω	e)celi/ssw	urn:cite2:hmt:lsj.chicago_md:n37110	v1piia---
ἐξειλίσσομεν	e)ceili/ssomen	ἐξελίσσω	e)celi/ssw	urn:cite2:hmt:lsj.chicago_md:n37110	v1piia---
ἐξειπεῖν	e)ceipei=n	ἐξεῖπον	e)cei=pon	urn:cite2:hmt:lsj.chicago_md:n37077	v--ana---
ἐξελαύνειν	e)celau/nein	ἐξελαύνω	e)celau/nw	urn:cite2:hmt:lsj.chicago_md:n37095	v--pna---
ἐξελαύνειν	e)celau/nein	ἐξελαύνω	e)celau/nw	urn:cite2:hmt:lsj.chicago_md:n37095	v--pna---
ἐξελαύνειν	e)celau/nein	ἐξελαύνω	e)celau/nw	urn:cite2:hmt:lsj.chicago_md:n37095	v--pna---
ἐξενωμένον	e)cenwme/non	ξενόω	ceno/w	urn:cite2:hmt:lsj.chicago_md:n71563	v-srpema-
ἐξενωμένον	e)cenwme/non	ξενόω	ceno/w	urn:cite2:hmt:lsj.chicago_md:n71563	v-srpenn-
ἐξενωμένον	e)cenwme/non	ξενόω	ceno/w	urn:cite2:hmt:lsj.chicago_md:n71563	v-srpenv-
ἐξενωμένον	e)cenwme/non	ξενόω	ceno/w	urn:cite2:hmt:lsj.chicago_md:n71563	v-srpena-
ἐξερεῖς	e)cerei=s	ἐξεράω	e)cera/w	urn:cite2:hmt:lsj.chicago_md:n37154	v2spia---
ἐξερεῖς	e)cerei=s	ἐξερέω	e)cere/w	urn:cite2:hmt:lsj.chicago_md:n37178	v2spia---
ἐξερεῖς	e)cerei=s	ἐξερέω	e)cere/w	urn:cite2:hmt:lsj.chicago_md:n37179	v2spia---
ἐξερεῖς	e)cerei=s	ἐξερέω1	e)cere/w	urn:cite2:hmt:lsj.chicago_md:n37178	v2sfia---
ἐξερεῖς	e)cerei=s	ἐξερέω1	e)cere/w	urn:cite2:hmt:lsj.chicago_md:n37179	v2sfia---
ἐξεσώθης	e)cesw/qhs	ἐκσῴζω	e)ksw/|zw	urn:cite2:hmt:lsj.chicago_md:n32930	v2saip---
ἐξευρεῖν	e)ceurei=n	ἐξευρίσκω	e)ceuri/skw	urn:cite2:hmt:lsj.chicago_md:n37244	v--ana---
ἐξεύροι	e)ceu/roi	ἐξευρίσκω	e)ceuri/skw	urn:cite2:hmt:lsj.chicago_md:n37244	v3saoa---
ἐξηῦρεν	e)chu=ren	ἐξευρίσκω	e)ceuri/skw	urn:cite2:hmt:lsj.chicago_md:n37244	v3saia---
ἐξηῦρέ	e)chu=re/	ἐξευρίσκω	e)ceuri/skw	urn:cite2:hmt:lsj.chicago_md:n37244	v3saia---
ἐξιόντα	e)cio/nta	ἔξειμι2	e)/ceimi	urn:cite2:hmt:lsj.chicago_md:n37074	v-sppama-
ἐξιόντα	e)cio/nta	ἔξειμι2	e)/ceimi	urn:cite2:hmt:lsj.chicago_md:n37075	v-sppama-
ἐξιόντα	e)cio/nta	ἔξειμι2	e)/ceimi	urn:cite2:hmt:lsj.chicago_md:n37074	v-pppann-
ἐξιόντα	e)cio/nta	ἔξειμι2	e)/ceimi	urn:cite2:hmt:lsj.chicago_md:n37075	v-pppann-
ἐξιόντα	e)cio/nta	ἔξειμι2	e)/ceimi	urn:cite2:hmt:lsj.chicago_md:n37074	v-pppanv-
ἐξιόντα	e)cio/nta	ἔξειμι2	e)/ceimi	urn:cite2:hmt:lsj.chicago_md:n37075	v-pppanv-
ἐξιόντα	e)cio/nta	ἔξειμι2	e)/ceimi	urn:cite2:hmt:lsj.chicago_md:n37074	v-pppana-
ἐξιόντα	e)cio/nta	ἔξειμι2	e)/ceimi	urn:cite2:hmt:lsj.chicago_md:n37075	v-pppana-
ἐξιόντα	e)cio/nta	ἔξεστι	e)/cesti	urn:cite2:hmt:lsj.chicago_md:n37210	v-sppama-
ἐξιόντα	e)cio/nta	ἔξεστι	e)/cesti	urn:cite2:hmt:lsj.chicago_md:n37210	v-pppann-
ἐξιόντα	e)cio/nta	ἔξεστι	e)/cesti	urn:cite2:hmt:lsj.chicago_md:n37210	v-pppanv-
ἐξιόντα	e)cio/nta	ἔξεστι	e)/cesti	urn:cite2:hmt:lsj.chicago_md:n37210	v-pppana-
ἐξιόντι	e)cio/nti	ἔξειμι2	e)/ceimi	urn:cite2:hmt:lsj.chicago_md:n37074	v-sppamd-
ἐξιόντι	e)cio/nti	ἔξειμι2	e)/ceimi	urn:cite2:hmt:lsj.chicago_md:n37075	v-sppamd-
ἐξιόντι	e)cio/nti	ἔξειμι2	e)/ceimi	urn:cite2:hmt:lsj.chicago_md:n37074	v-sppand-
ἐξιόντι	e)cio/nti	ἔξειμι2	e)/ceimi	urn:cite2:hmt:lsj.chicago_md:n37075	v-sppand-
ἐξιόντι	e)cio/nti	ἔξεστι	e)/cesti	urn:cite2:hmt:lsj.chicago_md:n37210	v-sppamd-
ἐξιόντι	e)cio/nti	ἔξεστι	e)/cesti	urn:cite2:hmt:lsj.chicago_md:n37210	v-sppand-
ἐξάρας	e)ca/ras	ἐξαίρω	e)cai/rw	urn:cite2:hmt:lsj.chicago_md:n36575	v-sapamn-
ἐξάρας	e)ca/ras	ἐξαίρω	e)cai/rw	urn:cite2:hmt:lsj.chicago_md:n36575	v-sapamv-
ἐξάψει	e)ca/yei	ἔξαψις	e)/cayis	urn:cite2:hmt:lsj.chicago_md:n37035	n-d---fn-
ἐξάψει	e)ca/yei	ἔξαψις	e)/cayis	urn:cite2:hmt:lsj.chicago_md:n37035	n-d---fv-
ἐξάψει	e)ca/yei	ἔξαψις	e)/cayis	urn:cite2:hmt:lsj.chicago_md:n37035	n-d---fa-
ἐξάψει	e)ca/yei	ἔξαψις	e)/cayis	urn:cite2:hmt:lsj.chicago_md:n37035	n-s---fd-
ἐξάψει	e)ca/yei	ἔξαψις	e)/cayis	urn:cite2:hmt:lsj.chicago_md:n37035	n-s---fd-
ἐξάψει	e)ca/yei	ἐξάπτω	e)ca/ptw	urn:cite2:hmt:lsj.chicago_md:n36892	v3sasa---
ἐξάψει	e)ca/yei	ἐξάπτω	e)ca/ptw	urn:cite2:hmt:lsj.chicago_md:n36892	v2sfim---
ἐξάψει	e)ca/yei	ἐξάπτω	e)ca/ptw	urn:cite2:hmt:lsj.chicago_md:n36892	v3sfia---
ἐξάψει	e)ca/yei	ἐξάπτω	e)ca/ptw	urn:cite2:hmt:lsj.chicago_md:n36892	v2stie---
ἐξάψει	e)ca/yei	ἐξάπτω	e)ca/ptw	urn:cite2:hmt:lsj.chicago_md:n36892	v3stia---
ἐξέβα	e)ce/ba	ἐκβαίνω	e)kbai/nw	urn:cite2:hmt:lsj.chicago_md:n31706	v3saia---
ἐξέβα	e)ce/ba	ἐκβαίνω	e)kbai/nw	urn:cite2:hmt:lsj.chicago_md:n31706	v3saia---
ἐξέθηκε	e)ce/qhke	ἐκτίθημι	e)kti/qhmi	urn:cite2:hmt:lsj.chicago_md:n32998	v3saia---
ἐξέθηκεν	e)ce/qhken	ἐκτίθημι	e)kti/qhmi	urn:cite2:hmt:lsj.chicago_md:n32998	v3saia---
ἐξέθηκ’	e)ce/qhk'	ἐκτίθημι	e)kti/qhmi	urn:cite2:hmt:lsj.chicago_md:n32998	v1saia---
ἐξέθηκ’	e)ce/qhk'	ἐκτίθημι	e)kti/qhmi	urn:cite2:hmt:lsj.chicago_md:n32998	v3saia---
ἐξέθρεψε	e)ce/qreye	ἐκτρέφω	e)ktre/fw	urn:cite2:hmt:lsj.chicago_md:n33075	v3saia---
ἐξέκλεψας	e)ce/kleyas	ἐκκλέπτω	e)kkle/ptw	urn:cite2:hmt:lsj.chicago_md:n32167	v2saia---
ἐξέπεμπον	e)ce/pempon	ἐκπέμπω	e)kpe/mpw	urn:cite2:hmt:lsj.chicago_md:n32591	v3piia---
ἐξέπεμπον	e)ce/pempon	ἐκπέμπω	e)kpe/mpw	urn:cite2:hmt:lsj.chicago_md:n32591	v1siia---
ἐξέπεμψας	e)ce/pemyas	ἐκπέμπω	e)kpe/mpw	urn:cite2:hmt:lsj.chicago_md:n32591	v2saia---
ἐξέπληξάς	e)ce/plhca/s	ἐκπλήσσω	e)kplh/ssw	urn:cite2:hmt:lsj.chicago_md:n32686	v2saia---
ἐξέπληξ’	e)ce/plhc'	ἐκπλήσσω	e)kplh/ssw	urn:cite2:hmt:lsj.chicago_md:n32686	v1saia---
ἐξέπληξ’	e)ce/plhc'	ἐκπλήσσω	e)kplh/ssw	urn:cite2:hmt:lsj.chicago_md:n32686	v2slie---
ἐξέπληξ’	e)ce/plhc'	ἐκπλήσσω	e)kplh/ssw	urn:cite2:hmt:lsj.chicago_md:n32686	v2srme---
ἐξέπληξ’	e)ce/plhc'	ἐκπλήσσω	e)kplh/ssw	urn:cite2:hmt:lsj.chicago_md:n32686	v3saia---
ἐξέπληξ’	e)ce/plhc'	ἐκπλήσσω	e)kplh/ssw	urn:cite2:hmt:lsj.chicago_md:n32686	v2srie---
ἐξέπλησα	e)ce/plhsa	ἐκπίμπλημι	e)kpi/mplhmi	urn:cite2:hmt:lsj.chicago_md:n32651	v1saia---
ἐξέφυς	e)ce/fus	ἐκφύω	e)kfu/w	urn:cite2:hmt:lsj.chicago_md:n33241	v2saia---
ἐξόδοισιν	e)co/doisin	ἔξοδοσ1	e)/codos	urn:cite2:hmt:lsj.chicago_md:n37470	n-p---fd-
ἐξόδοισιν	e)co/doisin	ἔξοδοσ1	e)/codos	urn:cite2:hmt:lsj.chicago_md:n37471	n-p---fd-
ἐξόδοισιν	e)co/doisin	ἔξοδοσ2	e)/codos	urn:cite2:hmt:lsj.chicago_md:n37470	n-p---md-
ἐξόδοισιν	e)co/doisin	ἔξοδοσ2	e)/codos	urn:cite2:hmt:lsj.chicago_md:n37471	n-p---md-
ἐξόδοισιν	e)co/doisin	ἔξοδοσ2	e)/codos	urn:cite2:hmt:lsj.chicago_md:n37470	n-p---fd-
ἐξόδοισιν	e)co/doisin	ἔξοδοσ2	e)/codos	urn:cite2:hmt:lsj.chicago_md:n37471	n-p---fd-
ἐξόδοισιν	e)co/doisin	ἔξοδοσ2	e)/codos	urn:cite2:hmt:lsj.chicago_md:n37470	n-p---nd-
ἐξόδοισιν	e)co/doisin	ἔξοδοσ2	e)/codos	urn:cite2:hmt:lsj.chicago_md:n37471	n-p---nd-
ἐξόρισεν	e)co/risen	ἐξορίζω	e)cori/zw	urn:cite2:hmt:lsj.chicago_md:n37588	v3saia---
ἐξόρισεν	e)co/risen	ἐξορίζω	e)cori/zw	urn:cite2:hmt:lsj.chicago_md:n37589	v3saia---
ἐξόρισεν	e)co/risen	ἐξορίζω	e)cori/zw	urn:cite2:hmt:lsj.chicago_md:n37588	v3saia---
ἐξόρισεν	e)co/risen	ἐξορίζω	e)cori/zw	urn:cite2:hmt:lsj.chicago_md:n37589	v3saia---
ἐπακτοῦ	e)paktou=	ἐπακτός	e)pakto/s	urn:cite2:hmt:lsj.chicago_md:n37946	n-s---mg-
ἐπακτοῦ	e)paktou=	ἐπακτός	e)pakto/s	urn:cite2:hmt:lsj.chicago_md:n37946	n-s---fg-
ἐπακτοῦ	e)paktou=	ἐπακτός	e)pakto/s	urn:cite2:hmt:lsj.chicago_md:n37946	n-s---ng-
ἐπακτοῦ	e)paktou=	πακτόω	pakto/w	urn:cite2:hmt:lsj.chicago_md:n76730	v2siie---
ἐπακτός	e)pakto/s	ἐπακτός	e)pakto/s	urn:cite2:hmt:lsj.chicago_md:n37946	n-s---mn-
ἐπακτός	e)pakto/s	ἐπακτός	e)pakto/s	urn:cite2:hmt:lsj.chicago_md:n37946	n-s---fn-
ἐπεισελθών	e)peiselqw/n	ἐπεισέρχομαι	e)peise/rxomai	urn:cite2:hmt:lsj.chicago_md:n38513	v-sapamn-
ἐπελθών	e)pelqw/n	ἐπέρχομαι	e)pe/rxomai	urn:cite2:hmt:lsj.chicago_md:n38732	v-sapamn-
ἐπεστράφη	e)pestra/fh	ἐπιστρέφω	e)pistre/fw	urn:cite2:hmt:lsj.chicago_md:n41082	v3saip---
ἐπεί	e)pei/	ἐπεί	e)pei/	urn:cite2:hmt:lsj.chicago_md:n38466	c--------
ἐπείγονται	e)pei/gontai	ἐπείγω	e)pei/gw	urn:cite2:hmt:lsj.chicago_md:n38467	v3ppie---
ἐπείπερ	e)pei/per	ἐπεί	e)pei/	urn:cite2:hmt:lsj.chicago_md:n38466	c--------
ἐπείπερ	e)pei/per	ἐπείπερ	e)pei/per	urn:cite2:hmt:lsj.chicago_md:n38492	c--------
ἐπείσακτον	e)pei/sakton	ἐπείσακτος	e)pei/saktos	urn:cite2:hmt:lsj.chicago_md:n38502	n-s---ma-
ἐπείσακτον	e)pei/sakton	ἐπείσακτος	e)pei/saktos	urn:cite2:hmt:lsj.chicago_md:n38502	n-s---fa-
ἐπείσακτον	e)pei/sakton	ἐπείσακτος	e)pei/saktos	urn:cite2:hmt:lsj.chicago_md:n38502	n-s---nn-
ἐπείσακτον	e)pei/sakton	ἐπείσακτος	e)pei/saktos	urn:cite2:hmt:lsj.chicago_md:n38502	n-s---nv-
ἐπείσακτον	e)pei/sakton	ἐπείσακτος	e)pei/saktos	urn:cite2:hmt:lsj.chicago_md:n38502	n-s---na-
ἐπεύξασθαι	e)peu/casqai	ἐπεύχομαι	e)peu/xomai	urn:cite2:hmt:lsj.chicago_md:n38790	v--anm---
ἐπιβᾶσ’	e)piba=s'	ἐπιβαίνω	e)pibai/nw	urn:cite2:hmt:lsj.chicago_md:n38876	v-sapafn-
ἐπιβᾶσ’	e)piba=s'	ἐπιβαίνω	e)pibai/nw	urn:cite2:hmt:lsj.chicago_md:n38876	v-sapafv-
ἐπιβᾶσ’	e)piba=s'	ἐπιβαίνω	e)pibai/nw	urn:cite2:hmt:lsj.chicago_md:n38876	v-papamd-
ἐπιβᾶσ’	e)piba=s'	ἐπιβαίνω	e)pibai/nw	urn:cite2:hmt:lsj.chicago_md:n38876	v-papand-
ἐπιβᾶσ’	e)piba=s'	ἐπιβαίνω	e)pibai/nw	urn:cite2:hmt:lsj.chicago_md:n38876	v-papafn-
ἐπιβᾶσ’	e)piba=s'	ἐπιβαίνω	e)pibai/nw	urn:cite2:hmt:lsj.chicago_md:n38876	v-papafv-
ἐπιβᾶσ’	e)piba=s'	ἐπιβαίνω	e)pibai/nw	urn:cite2:hmt:lsj.chicago_md:n38876	v--ana---
ἐπληρώθη	e)plhrw/qh	πληρόω	plhro/w	urn:cite2:hmt:lsj.chicago_md:n83834	v3saip---
ἐπλήρουν	e)plh/roun	πληρόω	plhro/w	urn:cite2:hmt:lsj.chicago_md:n83834	v3piia---
ἐπλήρουν	e)plh/roun	πληρόω	plhro/w	urn:cite2:hmt:lsj.chicago_md:n83834	v1siia---
ἐποικήσουσι	e)poikh/sousi	ἐποικέω	e)poike/w	urn:cite2:hmt:lsj.chicago_md:n41758	v3pasa---
ἐποικήσουσι	e)poikh/sousi	ἐποικέω	e)poike/w	urn:cite2:hmt:lsj.chicago_md:n41758	v-pfpamd-
ἐποικήσουσι	e)poikh/sousi	ἐποικέω	e)poike/w	urn:cite2:hmt:lsj.chicago_md:n41758	v-pfpand-
ἐποικήσουσι	e)poikh/sousi	ἐποικέω	e)poike/w	urn:cite2:hmt:lsj.chicago_md:n41758	v3pfia---
ἐποικήσουσι	e)poikh/sousi	ἐποικέω	e)poike/w	urn:cite2:hmt:lsj.chicago_md:n41758	v3pasa---
ἐποικήσουσι	e)poikh/sousi	ἐποικέω	e)poike/w	urn:cite2:hmt:lsj.chicago_md:n41758	v-pfpamd-
ἐποικήσουσι	e)poikh/sousi	ἐποικέω	e)poike/w	urn:cite2:hmt:lsj.chicago_md:n41758	v-pfpand-
ἐποικήσουσι	e)poikh/sousi	ἐποικέω	e)poike/w	urn:cite2:hmt:lsj.chicago_md:n41758	v3pfia---
ἐπήλυσι	e)ph/lusi	ἔπηλυς	e)/phlus	urn:cite2:hmt:lsj.chicago_md:n38819	n-p---md-
ἐπήλυσι	e)ph/lusi	ἔπηλυς	e)/phlus	urn:cite2:hmt:lsj.chicago_md:n38819	n-p---fd-
ἐπήλυσι	e)ph/lusi	ἐπήλυσις	e)ph/lusis	urn:cite2:hmt:lsj.chicago_md:n38821	n-s---fv-
ἐπί	e)pi/	ἐπί	e)pi/	urn:cite2:hmt:lsj.chicago_md:n38862	r--------
ἐπίβα	e)pi/ba	ἐπιβαίνω	e)pibai/nw	urn:cite2:hmt:lsj.chicago_md:n38876	v3saia---
ἐπίκουρος	e)pi/kouros	ἐπίκουρος	e)pi/kouros	urn:cite2:hmt:lsj.chicago_md:n39850	n-s---mn-
ἐπίμπλαμεν	e)pi/mplamen	πίμπλημι	pi/mplhmi	urn:cite2:hmt:lsj.chicago_md:n83182	v1piia---
ἐπίσημον	e)pi/shmon	ἐπίσημον	e)pi/shmon	urn:cite2:hmt:lsj.chicago_md:n40814	n-s---nn-
ἐπίσημον	e)pi/shmon	ἐπίσημον	e)pi/shmon	urn:cite2:hmt:lsj.chicago_md:n40814	n-s---nv-
ἐπίσημον	e)pi/shmon	ἐπίσημον	e)pi/shmon	urn:cite2:hmt:lsj.chicago_md:n40814	n-s---na-
ἐπίσημον	e)pi/shmon	ἐπίσημος	e)pi/shmos	urn:cite2:hmt:lsj.chicago_md:n40816	n-s---ma-
ἐπίσημον	e)pi/shmon	ἐπίσημος	e)pi/shmos	urn:cite2:hmt:lsj.chicago_md:n40816	n-s---fa-
ἐπίσημον	e)pi/shmon	ἐπίσημος	e)pi/shmos	urn:cite2:hmt:lsj.chicago_md:n40816	n-s---nn-
ἐπίσημον	e)pi/shmon	ἐπίσημος	e)pi/shmos	urn:cite2:hmt:lsj.chicago_md:n40816	n-s---nv-
ἐπίσημον	e)pi/shmon	ἐπίσημος	e)pi/shmos	urn:cite2:hmt:lsj.chicago_md:n40816	n-s---na-
ἐπίστασο	e)pi/staso	ἐφίστημι	e)fi/sthmi	urn:cite2:hmt:lsj.chicago_md:n45794	v2siie---
ἐπίστασο	e)pi/staso	ἐφίστημι	e)fi/sthmi	urn:cite2:hmt:lsj.chicago_md:n45794	v2spme---
ἐπίστασο	e)pi/staso	ἐφίστημι	e)fi/sthmi	urn:cite2:hmt:lsj.chicago_md:n45794	v2samm---
ἐπίστασο	e)pi/staso	ἐφίστημι	e)fi/sthmi	urn:cite2:hmt:lsj.chicago_md:n45794	v2siie---
ἐπίστασο	e)pi/staso	ἐπίσταμαι	e)pi/stamai	urn:cite2:hmt:lsj.chicago_md:n40972	v2spme---
ἐπίστασο	e)pi/staso	ἐπίσταμαι	e)pi/stamai	urn:cite2:hmt:lsj.chicago_md:n40972	v2siie---
ἐπίσταται	e)pi/statai	ἐφίστημι	e)fi/sthmi	urn:cite2:hmt:lsj.chicago_md:n45794	v3spie---
ἐπίσταται	e)pi/statai	ἐπίσταμαι	e)pi/stamai	urn:cite2:hmt:lsj.chicago_md:n40972	v3spie---
ἐπίσταται	e)pi/statai	ἐπιστάτη	e)pista/th	urn:cite2:hmt:lsj.chicago_md:n40984	n-p---fn-
ἐπίσταται	e)pi/statai	ἐπιστάτη	e)pista/th	urn:cite2:hmt:lsj.chicago_md:n40984	n-p---fv-
ἐπίσχες	e)pi/sxes	ἐπίσχω	e)pi/sxw	urn:cite2:hmt:lsj.chicago_md:n41216	v2spia---
ἐπώνυμοι	e)pw/numoi	ἐπώνυμος	e)pw/numos	urn:cite2:hmt:lsj.chicago_md:n42081	n-p---mn-
ἐπώνυμοι	e)pw/numoi	ἐπώνυμος	e)pw/numos	urn:cite2:hmt:lsj.chicago_md:n42081	n-p---mv-
ἐπώνυμοι	e)pw/numoi	ἐπώνυμος	e)pw/numos	urn:cite2:hmt:lsj.chicago_md:n42081	n-p---fn-
ἐπώνυμοι	e)pw/numoi	ἐπώνυμος	e)pw/numos	urn:cite2:hmt:lsj.chicago_md:n42081	n-p---fv-
ἐπώνυμος	e)pw/numos	ἐπώνυμος	e)pw/numos	urn:cite2:hmt:lsj.chicago_md:n42081	n-s---mn-
ἐπώνυμος	e)pw/numos	ἐπώνυμος	e)pw/numos	urn:cite2:hmt:lsj.chicago_md:n42081	n-s---fn-
ἐρευνᾷ	e)reuna=|	ἐρευνάω	e)reuna/w	urn:cite2:hmt:lsj.chicago_md:n42343	v2spse---
ἐρευνᾷ	e)reuna=|	ἐρευνάω	e)reuna/w	urn:cite2:hmt:lsj.chicago_md:n42343	v2spie---
ἐρευνᾷ	e)reuna=|	ἐρευνάω	e)reuna/w	urn:cite2:hmt:lsj.chicago_md:n42343	v3spsa---
ἐρευνᾷ	e)reuna=|	ἐρευνάω	e)reuna/w	urn:cite2:hmt:lsj.chicago_md:n42343	v3spia---
ἐρείδου	e)rei/dou	ἐρείδω	e)rei/dw	urn:cite2:hmt:lsj.chicago_md:n42267	v2spme---
ἐρείδου	e)rei/dou	ἐρείδω	e)rei/dw	urn:cite2:hmt:lsj.chicago_md:n42267	v2siie---
ἐρεῖς	e)rei=s	ἐρέω	e)re/w	urn:cite2:hmt:lsj.chicago_md:n42358	v2spia---
ἐρεῖς	e)rei=s	ἐρέω	e)re/w	urn:cite2:hmt:lsj.chicago_md:n42359	v2spia---
ἐρεῖς	e)rei=s	ἐρέω	e)re/w	urn:cite2:hmt:lsj.chicago_md:n42360	v2spia---
ἐρεῖς	e)rei=s	ἐρῶ	e)rw=	urn:cite2:hmt:lsj.chicago_md:n42830	v2sfia---
ἐρημίᾳ	e)rhmi/a|	ἐρημία	e)rhmi/a	urn:cite2:hmt:lsj.chicago_md:n42366	n-p---fn-
ἐρημίᾳ	e)rhmi/a|	ἐρημία	e)rhmi/a	urn:cite2:hmt:lsj.chicago_md:n42366	n-p---fv-
ἐρημίᾳ	e)rhmi/a|	ἐρημία	e)rhmi/a	urn:cite2:hmt:lsj.chicago_md:n42366	n-s---fd-
ἐρρύσατο	e)rru/sato	ῥύομαι	r(u/omai	urn:cite2:hmt:lsj.chicago_md:n92808	v3saim---
ἐρρύσατο	e)rru/sato	ῥυσάω	r(usa/w	urn:cite2:hmt:lsj.chicago_md:n92842	v3slie---
ἐρωτᾷς	e)rwta=|s	ἐρωτάω	e)rwta/w	urn:cite2:hmt:lsj.chicago_md:n42842	v2spsa---
ἐρωτᾷς	e)rwta=|s	ἐρωτάω	e)rwta/w	urn:cite2:hmt:lsj.chicago_md:n42842	v2spia---
ἐρέσσει	e)re/ssei	ἐρέσσω	e)re/ssw	urn:cite2:hmt:lsj.chicago_md:n42310	v3sasa---
ἐρέσσει	e)re/ssei	ἐρέσσω	e)re/ssw	urn:cite2:hmt:lsj.chicago_md:n42310	v2spie---
ἐρέσσει	e)re/ssei	ἐρέσσω	e)re/ssw	urn:cite2:hmt:lsj.chicago_md:n42310	v3spia---
ἐς	e)s	εἰς	ei)s	urn:cite2:hmt:lsj.chicago_md:n31235	r--------
ἐσβαίνουσα	e)sbai/nousa	εἰσβαίνω	ei)sbai/nw	urn:cite2:hmt:lsj.chicago_md:n31305	v-sppafn-
ἐσβαίνουσα	e)sbai/nousa	εἰσβαίνω	ei)sbai/nw	urn:cite2:hmt:lsj.chicago_md:n31305	v-sppafv-
ἐσβολάν	e)sbola/n	εἰσβολή	ei)sbolh/	urn:cite2:hmt:lsj.chicago_md:n31315	n-s---fa-
ἐσβολάς	e)sbola/s	εἰσβολή	ei)sbolh/	urn:cite2:hmt:lsj.chicago_md:n31315	n-p---fa-
ἐσθλοί	e)sqloi/	ἐσθλός	e)sqlo/s	urn:cite2:hmt:lsj.chicago_md:n42893	a-p---mn-
ἐσθλοί	e)sqloi/	ἐσθλός	e)sqlo/s	urn:cite2:hmt:lsj.chicago_md:n42893	a-p---mv-
ἐσθλούς	e)sqlou/s	ἐσθλός	e)sqlo/s	urn:cite2:hmt:lsj.chicago_md:n42893	a-p---ma-
ἐσθλοῖς	e)sqloi=s	ἐσθλός	e)sqlo/s	urn:cite2:hmt:lsj.chicago_md:n42893	a-p---md-
ἐσθλοῖς	e)sqloi=s	ἐσθλός	e)sqlo/s	urn:cite2:hmt:lsj.chicago_md:n42893	a-p---nd-
ἐσθλοῦ	e)sqlou=	ἐσθλός	e)sqlo/s	urn:cite2:hmt:lsj.chicago_md:n42893	a-s---mg-
ἐσθλοῦ	e)sqlou=	ἐσθλός	e)sqlo/s	urn:cite2:hmt:lsj.chicago_md:n42893	a-s---ng-
ἐσθλόν	e)sqlo/n	ἐσθλός	e)sqlo/s	urn:cite2:hmt:lsj.chicago_md:n42893	a-s---ma-
ἐσθλόν	e)sqlo/n	ἐσθλός	e)sqlo/s	urn:cite2:hmt:lsj.chicago_md:n42893	a-s---nn-
ἐσθλόν	e)sqlo/n	ἐσθλός	e)sqlo/s	urn:cite2:hmt:lsj.chicago_md:n42893	a-s---nv-
ἐσθλόν	e)sqlo/n	ἐσθλός	e)sqlo/s	urn:cite2:hmt:lsj.chicago_md:n42893	a-s---na-
ἐσθλός	e)sqlo/s	ἐσθλός	e)sqlo/s	urn:cite2:hmt:lsj.chicago_md:n42893	a-s---mn-
ἐσθλῶν	e)sqlw=n	ἐσθλός	e)sqlo/s	urn:cite2:hmt:lsj.chicago_md:n42893	a-p---fg-
ἐσθλῶν	e)sqlw=n	ἐσθλός	e)sqlo/s	urn:cite2:hmt:lsj.chicago_md:n42893	a-p---mg-
ἐσθλῶν	e)sqlw=n	ἐσθλός	e)sqlo/s	urn:cite2:hmt:lsj.chicago_md:n42893	a-p---ng-
ἐσμεν	e)smen	εἰμί	ei)mi/	urn:cite2:hmt:lsj.chicago_md:n31130	v1ppia---
ἐσμέν	e)sme/n	εἰμί	ei)mi/	urn:cite2:hmt:lsj.chicago_md:n31130	v1ppia---
ἐσπεσοῦμαι	e)spesou=mai	εἰσπίπτω	ei)spi/ptw	urn:cite2:hmt:lsj.chicago_md:n31493	v1sfim---
ἐσπεσοῦσα	e)spesou=sa	εἰσπίπτω	ei)spi/ptw	urn:cite2:hmt:lsj.chicago_md:n31493	v-sapafn-
ἐσπεσοῦσα	e)spesou=sa	εἰσπίπτω	ei)spi/ptw	urn:cite2:hmt:lsj.chicago_md:n31493	v-sapafv-
ἐσπεσών	e)spesw/n	εἰσπίπτω	ei)spi/ptw	urn:cite2:hmt:lsj.chicago_md:n31493	v-sapamn-
ἐσπάρημεν	e)spa/rhmen	σπείρω	spei/rw	urn:cite2:hmt:lsj.chicago_md:n95836	v1paip---
ἐσπίπτει	e)spi/ptei	εἰσπίπτω	ei)spi/ptw	urn:cite2:hmt:lsj.chicago_md:n31493	v2spie---
ἐσπίπτει	e)spi/ptei	εἰσπίπτω	ei)spi/ptw	urn:cite2:hmt:lsj.chicago_md:n31493	v3spia---
ἐστι	e)sti	εἰμί	ei)mi/	urn:cite2:hmt:lsj.chicago_md:n31130	v3spia---
ἐστιν	e)stin	εἰμί	ei)mi/	urn:cite2:hmt:lsj.chicago_md:n31130	v3spia---
ἐστί	e)sti/	εἰμί	ei)mi/	urn:cite2:hmt:lsj.chicago_md:n31130	v3spia---
ἐστίν	e)sti/n	εἰμί	ei)mi/	urn:cite2:hmt:lsj.chicago_md:n31130	v3spia---
ἐσφάλης	e)sfa/lhs	σφάλλω	sfa/llw	urn:cite2:hmt:lsj.chicago_md:n101611	v2saip---
ἐσφέρειν	e)sfe/rein	εἰσφέρω	ei)sfe/rw	urn:cite2:hmt:lsj.chicago_md:n31537	v--pna---
ἐσέρχεται	e)se/rxetai	εἰσέρχομαι	ei)se/rxomai	urn:cite2:hmt:lsj.chicago_md:n31351	v3spie---
ἐσόδους	e)so/dous	εἴσοδος	ei)/sodos	urn:cite2:hmt:lsj.chicago_md:n31447	n-p---fa-
ἐσῆλθεν	e)sh=lqen	εἰσέρχομαι	ei)se/rxomai	urn:cite2:hmt:lsj.chicago_md:n31351	v3saia---
ἐσῆλθεν	e)sh=lqen	εἰσέρχομαι	ei)se/rxomai	urn:cite2:hmt:lsj.chicago_md:n31351	v3saia---
ἐσῴκισ’	e)sw/|kis'	εἰσοικίζω	ei)soiki/zw	urn:cite2:hmt:lsj.chicago_md:n31452	v1saia---
ἐσῴκισ’	e)sw/|kis'	εἰσοικίζω	ei)soiki/zw	urn:cite2:hmt:lsj.chicago_md:n31452	v2slie---
ἐσῴκισ’	e)sw/|kis'	εἰσοικίζω	ei)soiki/zw	urn:cite2:hmt:lsj.chicago_md:n31452	v2srme---
ἐσῴκισ’	e)sw/|kis'	εἰσοικίζω	ei)soiki/zw	urn:cite2:hmt:lsj.chicago_md:n31452	v2slie---
ἐσῴκισ’	e)sw/|kis'	εἰσοικίζω	ei)soiki/zw	urn:cite2:hmt:lsj.chicago_md:n31452	v3saia---
ἐσῴκισ’	e)sw/|kis'	εἰσοικίζω	ei)soiki/zw	urn:cite2:hmt:lsj.chicago_md:n31452	v2srie---
ἐσῴκισ’	e)sw/|kis'	εἰσοικίζω	ei)soiki/zw	urn:cite2:hmt:lsj.chicago_md:n31452	v2slie---
ἐτήτυμα	e)th/tuma	ἐτήτυμος	e)th/tumos	urn:cite2:hmt:lsj.chicago_md:n43265	n-p---nn-
ἐτήτυμα	e)th/tuma	ἐτήτυμος	e)th/tumos	urn:cite2:hmt:lsj.chicago_md:n43265	n-p---nv-
ἐτήτυμα	e)th/tuma	ἐτήτυμος	e)th/tumos	urn:cite2:hmt:lsj.chicago_md:n43265	n-p---na-
ἐφαπτομένῳ	e)faptome/nw|	ἐφάπτω	e)fa/ptw	urn:cite2:hmt:lsj.chicago_md:n45610	v-sppemd-
ἐφαπτομένῳ	e)faptome/nw|	ἐφάπτω	e)fa/ptw	urn:cite2:hmt:lsj.chicago_md:n45610	v-sppend-
ἐφαίνετ’	e)fai/net'	φαίνω	fai/nw	urn:cite2:hmt:lsj.chicago_md:n110114	v3siie---
ἐφαίνετ’	e)fai/net'	φαίνω	fai/nw	urn:cite2:hmt:lsj.chicago_md:n110114	v2piia---
ἐφθέγξατο	e)fqe/gcato	φθέγγομαι	fqe/ggomai	urn:cite2:hmt:lsj.chicago_md:n110662	v3saim---
ἐφρουρήθη	e)frourh/qh	φρουρέω	froure/w	urn:cite2:hmt:lsj.chicago_md:n112384	v3saip---
ἐφέλκων	e)fe/lkwn	ἐφέλκω	e)fe/lkw	urn:cite2:hmt:lsj.chicago_md:n45656	v-sppamn-
ἐφέστιον	e)fe/stion	ἐφέστιος	e)fe/stios	urn:cite2:hmt:lsj.chicago_md:n45681	n-s---ma-
ἐφέστιον	e)fe/stion	ἐφέστιος	e)fe/stios	urn:cite2:hmt:lsj.chicago_md:n45681	n-s---fa-
ἐφέστιον	e)fe/stion	ἐφέστιος	e)fe/stios	urn:cite2:hmt:lsj.chicago_md:n45681	n-s---nn-
ἐφέστιον	e)fe/stion	ἐφέστιος	e)fe/stios	urn:cite2:hmt:lsj.chicago_md:n45681	n-s---nv-
ἐφέστιον	e)fe/stion	ἐφέστιος	e)fe/stios	urn:cite2:hmt:lsj.chicago_md:n45681	n-s---na-
ἐφίεμαι	e)fi/emai	ἐφίημι	e)fi/hmi	urn:cite2:hmt:lsj.chicago_md:n45773	v1spie---
ἐφόδων	e)fo/dwn	ἔφοδοσ1	e)/fodos	urn:cite2:hmt:lsj.chicago_md:n45811	n-p---mg-
ἐφόδων	e)fo/dwn	ἔφοδοσ1	e)/fodos	urn:cite2:hmt:lsj.chicago_md:n45812	n-p---mg-
ἐφόδων	e)fo/dwn	ἔφοδοσ1	e)/fodos	urn:cite2:hmt:lsj.chicago_md:n45813	n-p---mg-
ἐφόδων	e)fo/dwn	ἔφοδοσ1	e)/fodos	urn:cite2:hmt:lsj.chicago_md:n45811	n-p---fg-
ἐφόδων	e)fo/dwn	ἔφοδοσ1	e)/fodos	urn:cite2:hmt:lsj.chicago_md:n45812	n-p---fg-
ἐφόδων	e)fo/dwn	ἔφοδοσ1	e)/fodos	urn:cite2:hmt:lsj.chicago_md:n45813	n-p---fg-
ἐφόδων	e)fo/dwn	ἔφοδοσ1	e)/fodos	urn:cite2:hmt:lsj.chicago_md:n45811	n-p---ng-
ἐφόδων	e)fo/dwn	ἔφοδοσ1	e)/fodos	urn:cite2:hmt:lsj.chicago_md:n45812	n-p---ng-
ἐφόδων	e)fo/dwn	ἔφοδοσ1	e)/fodos	urn:cite2:hmt:lsj.chicago_md:n45813	n-p---ng-
ἐφόδων	e)fo/dwn	ἔφοδοσ2	e)/fodos	urn:cite2:hmt:lsj.chicago_md:n45811	n-p---mg-
ἐφόδων	e)fo/dwn	ἔφοδοσ2	e)/fodos	urn:cite2:hmt:lsj.chicago_md:n45812	n-p---mg-
ἐφόδων	e)fo/dwn	ἔφοδοσ2	e)/fodos	urn:cite2:hmt:lsj.chicago_md:n45813	n-p---mg-
ἐφόδων	e)fo/dwn	ἔφοδοσ3	e)/fodos	urn:cite2:hmt:lsj.chicago_md:n45811	n-p---fg-
ἐφόδων	e)fo/dwn	ἔφοδοσ3	e)/fodos	urn:cite2:hmt:lsj.chicago_md:n45812	n-p---fg-
ἐφόδων	e)fo/dwn	ἔφοδοσ3	e)/fodos	urn:cite2:hmt:lsj.chicago_md:n45813	n-p---fg-
ἐχθροῖν	e)xqroi=n	ἐχθρός	e)xqro/s	urn:cite2:hmt:lsj.chicago_md:n45948	a-d---mg-
ἐχθροῖν	e)xqroi=n	ἐχθρός	e)xqro/s	urn:cite2:hmt:lsj.chicago_md:n45948	a-d---md-
ἐχθροῖν	e)xqroi=n	ἐχθρός	e)xqro/s	urn:cite2:hmt:lsj.chicago_md:n45948	a-d---ng-
ἐχθροῖν	e)xqroi=n	ἐχθρός	e)xqro/s	urn:cite2:hmt:lsj.chicago_md:n45948	a-d---nd-
ἐχθροῖς	e)xqroi=s	ἐχθρός	e)xqro/s	urn:cite2:hmt:lsj.chicago_md:n45948	a-p---md-
ἐχθροῖς	e)xqroi=s	ἐχθρός	e)xqro/s	urn:cite2:hmt:lsj.chicago_md:n45948	a-p---nd-
ἐχθρόν	e)xqro/n	ἐχθρός	e)xqro/s	urn:cite2:hmt:lsj.chicago_md:n45948	a-s---ma-
ἐχθρόν	e)xqro/n	ἐχθρός	e)xqro/s	urn:cite2:hmt:lsj.chicago_md:n45948	a-s---nn-
ἐχθρόν	e)xqro/n	ἐχθρός	e)xqro/s	urn:cite2:hmt:lsj.chicago_md:n45948	a-s---nv-
ἐχθρόν	e)xqro/n	ἐχθρός	e)xqro/s	urn:cite2:hmt:lsj.chicago_md:n45948	a-s---na-
ἐχοίμαν	e)xoi/man	ἔχω	e)/xw	urn:cite2:hmt:lsj.chicago_md:n45996	v1spoe---
ἐχοίμαν	e)xoi/man	ἔχω	e)/xw	urn:cite2:hmt:lsj.chicago_md:n45997	v1spoe---
ἐχρήσθη	e)xrh/sqh	χράω2	xra/w	urn:cite2:hmt:lsj.chicago_md:n114552	v3saip---
ἐχρήσθη	e)xrh/sqh	χράω2	xra/w	urn:cite2:hmt:lsj.chicago_md:n114553	v3saip---
ἐχρῄζομεν	e)xrh/|zomen	χρῄζω	xrh/|zw	urn:cite2:hmt:lsj.chicago_md:n114619	v1piia---
ἐχρῄζομεν	e)xrh/|zomen	χρῄζω	xrh/|zw	urn:cite2:hmt:lsj.chicago_md:n114620	v1piia---
ἐχρῆν	e)xrh=n	χρή	xrh/	urn:cite2:hmt:lsj.chicago_md:n114615	v3siia---
ἐχίδνας	e)xi/dnas	ἔχιδνα	e)/xidna	urn:cite2:hmt:lsj.chicago_md:n45957	n-p---fa-
ἐχίδνας	e)xi/dnas	ἔχιδνα	e)/xidna	urn:cite2:hmt:lsj.chicago_md:n45957	n-s---fg-
ἐχίδνης	e)xi/dnhs	ἔχιδνα	e)/xidna	urn:cite2:hmt:lsj.chicago_md:n45957	n-s---fg-
ἐψεύσαθ’	e)yeu/saq'	ψεύδω	yeu/dw	urn:cite2:hmt:lsj.chicago_md:n115586	v3saim---
ἐψεύσαθ’	e)yeu/saq'	ψεύδω	yeu/dw	urn:cite2:hmt:lsj.chicago_md:n115586	v2paia---
ἐψεύσατο	e)yeu/sato	ψεύδω	yeu/dw	urn:cite2:hmt:lsj.chicago_md:n115586	v3saim---
ἐάν	e)a/n	ἐάν	e)a/n	urn:cite2:hmt:lsj.chicago_md:n29859	c--------
ἐᾶν	e)a=n	ἐάω	e)a/w	urn:cite2:hmt:lsj.chicago_md:n29883	v-sppamv-
ἐᾶν	e)a=n	ἐάω	e)a/w	urn:cite2:hmt:lsj.chicago_md:n29883	v-sppann-
ἐᾶν	e)a=n	ἐάω	e)a/w	urn:cite2:hmt:lsj.chicago_md:n29883	v-sppanv-
ἐᾶν	e)a=n	ἐάω	e)a/w	urn:cite2:hmt:lsj.chicago_md:n29883	v-sppana-
ἐᾶν	e)a=n	ἐάω	e)a/w	urn:cite2:hmt:lsj.chicago_md:n29883	v-sppamn-
ἐᾶν	e)a=n	ἐάω	e)a/w	urn:cite2:hmt:lsj.chicago_md:n29883	v--pna---
ἐᾶν	e)a=n	ἐάω	e)a/w	urn:cite2:hmt:lsj.chicago_md:n29883	v--pna---
ἑκηβόλοισι	e(khbo/loisi	ἑκηβόλος	e(khbo/los	urn:cite2:hmt:lsj.chicago_md:n31975	n-p---md-
ἑκηβόλοισι	e(khbo/loisi	ἑκηβόλος	e(khbo/los	urn:cite2:hmt:lsj.chicago_md:n31975	n-p---fd-
ἑκηβόλοισι	e(khbo/loisi	ἑκηβόλος	e(khbo/los	urn:cite2:hmt:lsj.chicago_md:n31975	n-p---nd-
ἑκόντες	e(ko/ntes	ἑκών	e(kw/n	urn:cite2:hmt:lsj.chicago_md:n33304	a-p---mn-
ἑκόντες	e(ko/ntes	ἑκών	e(kw/n	urn:cite2:hmt:lsj.chicago_md:n33304	a-p---mv-
ἑκών	e(kw/n	ἑκών	e(kw/n	urn:cite2:hmt:lsj.chicago_md:n33304	a-s---mn-
ἑλικτόν	e(likto/n	ἑλικτός	e(likto/s	urn:cite2:hmt:lsj.chicago_md:n33707	a-s---ma-
ἑλικτόν	e(likto/n	ἑλικτός	e(likto/s	urn:cite2:hmt:lsj.chicago_md:n33707	a-s---nn-
ἑλικτόν	e(likto/n	ἑλικτός	e(likto/s	urn:cite2:hmt:lsj.chicago_md:n33707	a-s---nv-
ἑλικτόν	e(likto/n	ἑλικτός	e(likto/s	urn:cite2:hmt:lsj.chicago_md:n33707	a-s---na-
ἑλισσόμεσθ’	e(lisso/mesq'	ἑλίσσω	e(li/ssw	urn:cite2:hmt:lsj.chicago_md:n33728	v1ppie---
ἑλισσόμεσθ’	e(lisso/mesq'	ἑλίσσω	e(li/ssw	urn:cite2:hmt:lsj.chicago_md:n33728	v1piie---
ἑπταφθόγγου	e(ptafqo/ggou	ἑπτάφθογγος	e(pta/fqoggos	urn:cite2:hmt:lsj.chicago_md:n42024	n-s---mg-
ἑπταφθόγγου	e(ptafqo/ggou	ἑπτάφθογγος	e(pta/fqoggos	urn:cite2:hmt:lsj.chicago_md:n42024	n-s---fg-
ἑπταφθόγγου	e(ptafqo/ggou	ἑπτάφθογγος	e(pta/fqoggos	urn:cite2:hmt:lsj.chicago_md:n42024	n-s---ng-
ἑσπέρους	e(spe/rous	ἕσπερος	e(/speros	urn:cite2:hmt:lsj.chicago_md:n42938	n-p---ma-
ἑσπέρους	e(spe/rous	ἕσπερος	e(/speros	urn:cite2:hmt:lsj.chicago_md:n42938	n-p---fa-
ἑστιοῦται	e(stiou=tai	ἑστιόομαι	e(stio/omai	urn:cite2:hmt:lsj.chicago_md:n43003	v3spie---
ἑστία	e(sti/a	ἕστιος	e(/stios	urn:cite2:hmt:lsj.chicago_md:n43005	a-d---fn-
ἑστία	e(sti/a	ἕστιος	e(/stios	urn:cite2:hmt:lsj.chicago_md:n43005	a-d---fv-
ἑστία	e(sti/a	ἕστιος	e(/stios	urn:cite2:hmt:lsj.chicago_md:n43005	a-d---fa-
ἑστία	e(sti/a	ἕστιος	e(/stios	urn:cite2:hmt:lsj.chicago_md:n43005	a-s---fn-
ἑστία	e(sti/a	ἕστιος	e(/stios	urn:cite2:hmt:lsj.chicago_md:n43005	a-s---fv-
ἑστία	e(sti/a	ἑστία	e(sti/a	urn:cite2:hmt:lsj.chicago_md:n42983	n-d---fn-
ἑστία	e(sti/a	ἑστία	e(sti/a	urn:cite2:hmt:lsj.chicago_md:n42983	n-d---fv-
ἑστία	e(sti/a	ἑστία	e(sti/a	urn:cite2:hmt:lsj.chicago_md:n42983	n-d---fa-
ἑστία	e(sti/a	ἑστία	e(sti/a	urn:cite2:hmt:lsj.chicago_md:n42983	n-s---fn-
ἑστία	e(sti/a	ἑστία	e(sti/a	urn:cite2:hmt:lsj.chicago_md:n42983	n-s---fv-
ἑστία	e(sti/a	ἑστιάω	e(stia/w	urn:cite2:hmt:lsj.chicago_md:n43000	v2spma---
ἑστία	e(sti/a	ἑστιάω	e(stia/w	urn:cite2:hmt:lsj.chicago_md:n43000	v3siia---
ἑτέροις	e(te/rois	ἕτερος	e(/teros	urn:cite2:hmt:lsj.chicago_md:n43206	a-p---md-
ἑτέροις	e(te/rois	ἕτερος	e(/teros	urn:cite2:hmt:lsj.chicago_md:n43206	a-p---nd-
ἑτέρους	e(te/rous	ἕτερος	e(/teros	urn:cite2:hmt:lsj.chicago_md:n43206	a-p---ma-
ἔα	e)/a	ἔα	e)/a	urn:cite2:hmt:lsj.chicago_md:n29857	x--------
ἔα	e)/a	ἔα	e)/a	urn:cite2:hmt:lsj.chicago_md:n29858	x--------
ἔα	e)/a	ἐάω	e)a/w	urn:cite2:hmt:lsj.chicago_md:n29883	v2spma---
ἔα	e)/a	ἐάω	e)a/w	urn:cite2:hmt:lsj.chicago_md:n29883	v3siia---
ἔα	e)/a	εἰμί	ei)mi/	urn:cite2:hmt:lsj.chicago_md:n31130	v1siia---
ἔβα	e)/ba	βαίνω	bai/nw	urn:cite2:hmt:lsj.chicago_md:n19123	v3saia---
ἔβα	e)/ba	βαίνω	bai/nw	urn:cite2:hmt:lsj.chicago_md:n19123	v3saia---
ἔβλαστεν	e)/blasten	βλαστάνω	blasta/nw	urn:cite2:hmt:lsj.chicago_md:n20049	v3saia---
ἔγημ’	e)/ghm'	γαμέω	game/w	urn:cite2:hmt:lsj.chicago_md:n21556	v1saia---
ἔγημ’	e)/ghm'	γαμέω	game/w	urn:cite2:hmt:lsj.chicago_md:n21556	v3saia---
ἔγκειμαι	e)/gkeimai	ἔγκειμαι	e)/gkeimai	urn:cite2:hmt:lsj.chicago_md:n30242	v1spie---
ἔγνω	e)/gnw	γιγνώσκω	gignw/skw	urn:cite2:hmt:lsj.chicago_md:n22210	v3saia---
ἔγνων	e)/gnwn	γιγνώσκω	gignw/skw	urn:cite2:hmt:lsj.chicago_md:n22210	v3paia---
ἔγνων	e)/gnwn	γιγνώσκω	gignw/skw	urn:cite2:hmt:lsj.chicago_md:n22210	v1saia---
ἔγνως	e)/gnws	γιγνώσκω	gignw/skw	urn:cite2:hmt:lsj.chicago_md:n22210	v2saia---
ἔγχος	e)/gxos	ἔγχος	e)/gxos	urn:cite2:hmt:lsj.chicago_md:n30602	n-s---nn-
ἔγχος	e)/gxos	ἔγχος	e)/gxos	urn:cite2:hmt:lsj.chicago_md:n30602	n-s---nv-
ἔγχος	e)/gxos	ἔγχος	e)/gxos	urn:cite2:hmt:lsj.chicago_md:n30602	n-s---na-
ἔδρεπον	e)/drepon	δρέπω	dre/pw	urn:cite2:hmt:lsj.chicago_md:n28379	v3piia---
ἔδρεπον	e)/drepon	δρέπω	dre/pw	urn:cite2:hmt:lsj.chicago_md:n28379	v1siia---
ἔδωκε	e)/dwke	δίδωμι	di/dwmi	urn:cite2:hmt:lsj.chicago_md:n26447	v3saia---
ἔδωκεν	e)/dwken	δίδωμι	di/dwmi	urn:cite2:hmt:lsj.chicago_md:n26447	v3saia---
ἔδωκ’	e)/dwk'	δίδωμι	di/dwmi	urn:cite2:hmt:lsj.chicago_md:n26447	v1saia---
ἔδωκ’	e)/dwk'	δίδωμι	di/dwmi	urn:cite2:hmt:lsj.chicago_md:n26447	v3saia---
ἔδωχ’	e)/dwx'	δίδωμι	di/dwmi	urn:cite2:hmt:lsj.chicago_md:n26447	v1saia---
ἔδωχ’	e)/dwx'	δίδωμι	di/dwmi	urn:cite2:hmt:lsj.chicago_md:n26447	v3saia---
ἔζευξεν	e)/zeucen	ζεύγνυμι	zeu/gnumi	urn:cite2:hmt:lsj.chicago_md:n46176	v3saia---
ἔζευξ’	e)/zeuc'	ζεύγνυμι	zeu/gnumi	urn:cite2:hmt:lsj.chicago_md:n46176	v1saia---
ἔζευξ’	e)/zeuc'	ζεύγνυμι	zeu/gnumi	urn:cite2:hmt:lsj.chicago_md:n46176	v2slie---
ἔζευξ’	e)/zeuc'	ζεύγνυμι	zeu/gnumi	urn:cite2:hmt:lsj.chicago_md:n46176	v2srme---
ἔζευξ’	e)/zeuc'	ζεύγνυμι	zeu/gnumi	urn:cite2:hmt:lsj.chicago_md:n46176	v3saia---
ἔζευξ’	e)/zeuc'	ζεύγνυμι	zeu/gnumi	urn:cite2:hmt:lsj.chicago_md:n46176	v2srie---
ἔθεντο	e)/qento	τίθημι	ti/qhmi	urn:cite2:hmt:lsj.chicago_md:n103922	v3paim---
ἔθετο	e)/qeto	ἔθω	e)/qw	urn:cite2:hmt:lsj.chicago_md:n30814	v3siie---
ἔθετο	e)/qeto	τίθημι	ti/qhmi	urn:cite2:hmt:lsj.chicago_md:n103922	v3saim---
ἔθηκε	e)/qhke	τίθημι	ti/qhmi	urn:cite2:hmt:lsj.chicago_md:n103922	v3saia---
ἔθηκεν	e)/qhken	τίθημι	ti/qhmi	urn:cite2:hmt:lsj.chicago_md:n103922	v3saia---
ἔθηκέ	e)/qhke/	τίθημι	ti/qhmi	urn:cite2:hmt:lsj.chicago_md:n103922	v3saia---
ἔθρεψεν	e)/qreyen	τρέφω	tre/fw	urn:cite2:hmt:lsj.chicago_md:n104690	v3saia---
ἔθρεψά	e)/qreya/	τρέφω	tre/fw	urn:cite2:hmt:lsj.chicago_md:n104690	v1saia---
ἔθρεψέ	e)/qreye/	τρέφω	tre/fw	urn:cite2:hmt:lsj.chicago_md:n104690	v3saia---
ἔθυσε	e)/quse	θύω1	qu/w	urn:cite2:hmt:lsj.chicago_md:n49589	v3saia---
ἔθυσε	e)/quse	θύω1	qu/w	urn:cite2:hmt:lsj.chicago_md:n49590	v3saia---
ἔθυσε	e)/quse	θύω2	qu/w	urn:cite2:hmt:lsj.chicago_md:n49589	v3saia---
ἔθυσε	e)/quse	θύω2	qu/w	urn:cite2:hmt:lsj.chicago_md:n49590	v3saia---
ἔκ	e)/k	ἐκ	e)k	urn:cite2:hmt:lsj.chicago_md:n31575	r--------
ἔκαινες	e)/kaines	καίνω	kai/nw	urn:cite2:hmt:lsj.chicago_md:n52020	v2siia---
ἔκβολον	e)/kbolon	ἔκβολος	e)/kbolos	urn:cite2:hmt:lsj.chicago_md:n31766	n-s---ma-
ἔκβολον	e)/kbolon	ἔκβολος	e)/kbolos	urn:cite2:hmt:lsj.chicago_md:n31766	n-s---fa-
ἔκβολον	e)/kbolon	ἔκβολος	e)/kbolos	urn:cite2:hmt:lsj.chicago_md:n31766	n-s---nn-
ἔκβολον	e)/kbolon	ἔκβολος	e)/kbolos	urn:cite2:hmt:lsj.chicago_md:n31766	n-s---nv-
ἔκβολον	e)/kbolon	ἔκβολος	e)/kbolos	urn:cite2:hmt:lsj.chicago_md:n31766	n-s---na-
ἔκδοτος	e)/kdotos	ἔκδοτος	e)/kdotos	urn:cite2:hmt:lsj.chicago_md:n31915	n-s---mn-
ἔκδοτος	e)/kdotos	ἔκδοτος	e)/kdotos	urn:cite2:hmt:lsj.chicago_md:n31915	n-s---fn-
ἔκθεσιν	e)/kqesin	ἔκθεσις	e)/kqesis	urn:cite2:hmt:lsj.chicago_md:n32012	n-s---fa-
ἔκλαβ’	e)/klab'	ἐκλαμβάνω	e)klamba/nw	urn:cite2:hmt:lsj.chicago_md:n32309	v2sama---
ἔκλαβ’	e)/klab'	ἐκλαμβάνω	e)klamba/nw	urn:cite2:hmt:lsj.chicago_md:n32309	v3saia---
ἔκλαγξ’	e)/klagc'	κλάζω	kla/zw	urn:cite2:hmt:lsj.chicago_md:n57681	v1saia---
ἔκλαγξ’	e)/klagc'	κλάζω	kla/zw	urn:cite2:hmt:lsj.chicago_md:n57681	v3saia---
ἔκλειπε	e)/kleipe	ἐκλείπω	e)klei/pw	urn:cite2:hmt:lsj.chicago_md:n32333	v2spma---
ἔκλειπε	e)/kleipe	ἐκλείπω	e)klei/pw	urn:cite2:hmt:lsj.chicago_md:n32333	v3siia---
ἔκρανε	e)/krane	ἐκραίνω	e)krai/nw	urn:cite2:hmt:lsj.chicago_md:n32820	v3saia---
ἔκρανε	e)/krane	κραίνω	krai/nw	urn:cite2:hmt:lsj.chicago_md:n59589	v3saia---
ἔκρυπτες	e)/kruptes	κρύπτω	kru/ptw	urn:cite2:hmt:lsj.chicago_md:n60245	v2siia---
ἔκρυπτον	e)/krupton	κρύπτω	kru/ptw	urn:cite2:hmt:lsj.chicago_md:n60245	v3piia---
ἔκρυπτον	e)/krupton	κρύπτω	kru/ptw	urn:cite2:hmt:lsj.chicago_md:n60245	v1siia---
ἔκτεινεν	e)/kteinen	ἐκτείνω	e)ktei/nw	urn:cite2:hmt:lsj.chicago_md:n32964	v3saia---
ἔκτεινεν	e)/kteinen	ἐκτείνω	e)ktei/nw	urn:cite2:hmt:lsj.chicago_md:n32964	v3siia---
ἔκτεινεν	e)/kteinen	κτείνω	ktei/nw	urn:cite2:hmt:lsj.chicago_md:n60316	v3saia---
ἔκτεινεν	e)/kteinen	κτείνω	ktei/nw	urn:cite2:hmt:lsj.chicago_md:n60316	v3siia---
ἔκτεινες	e)/kteines	ἐκτείνω	e)ktei/nw	urn:cite2:hmt:lsj.chicago_md:n32964	v2siia---
ἔκτεινες	e)/kteines	κτείνω	ktei/nw	urn:cite2:hmt:lsj.chicago_md:n60316	v2siia---
ἔκτεινά	e)/kteina/	ἐκτείνω	e)ktei/nw	urn:cite2:hmt:lsj.chicago_md:n32964	v1saia---
ἔκτεινά	e)/kteina/	κτείνω	ktei/nw	urn:cite2:hmt:lsj.chicago_md:n60316	v1saia---
ἔκτειν’	e)/ktein'	ἐκτείνω	e)ktei/nw	urn:cite2:hmt:lsj.chicago_md:n32964	v2spma---
ἔκτειν’	e)/ktein'	ἐκτείνω	e)ktei/nw	urn:cite2:hmt:lsj.chicago_md:n32964	v2samm---
ἔκτειν’	e)/ktein'	ἐκτείνω	e)ktei/nw	urn:cite2:hmt:lsj.chicago_md:n32964	v1saia---
ἔκτειν’	e)/ktein'	ἐκτείνω	e)ktei/nw	urn:cite2:hmt:lsj.chicago_md:n32964	v3saia---
ἔκτειν’	e)/ktein'	ἐκτείνω	e)ktei/nw	urn:cite2:hmt:lsj.chicago_md:n32964	v3siia---
ἔκτειν’	e)/ktein'	κτείνω	ktei/nw	urn:cite2:hmt:lsj.chicago_md:n60316	v1saia---
ἔκτειν’	e)/ktein'	κτείνω	ktei/nw	urn:cite2:hmt:lsj.chicago_md:n60316	v3saia---
ἔκτειν’	e)/ktein'	κτείνω	ktei/nw	urn:cite2:hmt:lsj.chicago_md:n60316	v3siia---
ἔκυρσα	e)/kursa	κυρέω	kure/w	urn:cite2:hmt:lsj.chicago_md:n61030	v1saia---
ἔκυρσεν	e)/kursen	κυρέω	kure/w	urn:cite2:hmt:lsj.chicago_md:n61030	v3saia---
ἔλαβες	e)/labes	λαμβάνω	lamba/nw	urn:cite2:hmt:lsj.chicago_md:n61791	v2saia---
ἔλαβον	e)/labon	λαμβάνω	lamba/nw	urn:cite2:hmt:lsj.chicago_md:n61791	v3paia---
ἔλαβον	e)/labon	λαμβάνω	lamba/nw	urn:cite2:hmt:lsj.chicago_md:n61791	v1saia---
ἔλακεν	e)/laken	λάσκω	la/skw	urn:cite2:hmt:lsj.chicago_md:n62023	v3saia---
ἔλακες	e)/lakes	λάσκω	la/skw	urn:cite2:hmt:lsj.chicago_md:n62023	v2saia---
ἔλεξας	e)/lecas	λέγω1	le/gw	urn:cite2:hmt:lsj.chicago_md:n62205	v2saia---
ἔλεξας	e)/lecas	λέγω3	le/gw	urn:cite2:hmt:lsj.chicago_md:n62205	v2saia---
ἔλεξ’	e)/lec'	λέγω1	le/gw	urn:cite2:hmt:lsj.chicago_md:n62205	v1saia---
ἔλεξ’	e)/lec'	λέγω1	le/gw	urn:cite2:hmt:lsj.chicago_md:n62205	v3saia---
ἔλεξ’	e)/lec'	λέγω3	le/gw	urn:cite2:hmt:lsj.chicago_md:n62205	v1saia---
ἔλεξ’	e)/lec'	λέγω3	le/gw	urn:cite2:hmt:lsj.chicago_md:n62205	v3saia---
ἔλθε	e)/lqe	ἔρχομαι	e)/rxomai	urn:cite2:hmt:lsj.chicago_md:n42827	v2sama---
ἔλθε	e)/lqe	ἔρχομαι	e)/rxomai	urn:cite2:hmt:lsj.chicago_md:n42827	v3saia---
ἔλθε	e)/lqe	ἔρχομαι	e)/rxomai	urn:cite2:hmt:lsj.chicago_md:n42827	v3saia---
ἔλθοιμεν	e)/lqoimen	ἔρχομαι	e)/rxomai	urn:cite2:hmt:lsj.chicago_md:n42827	v1paoa---
ἔλθωσ’	e)/lqws'	ἔρχομαι	e)/rxomai	urn:cite2:hmt:lsj.chicago_md:n42827	v3pasa---
ἔλθωσ’	e)/lqws'	ἔρχομαι	e)/rxomai	urn:cite2:hmt:lsj.chicago_md:n42827	v3pasa---
ἔλιπεν	e)/lipen	λείπω	lei/pw	urn:cite2:hmt:lsj.chicago_md:n62274	v3saia---
ἔλιπεν	e)/lipen	λίπτομαι	li/ptomai	urn:cite2:hmt:lsj.chicago_md:n63583	v3paie---
ἔμελλε	e)/melle	μέλλω	me/llw	urn:cite2:hmt:lsj.chicago_md:n66173	v3siia---
ἔμελλεν	e)/mellen	μέλλω	me/llw	urn:cite2:hmt:lsj.chicago_md:n66173	v3siia---
ἔμελλες	e)/melles	μέλλω	me/llw	urn:cite2:hmt:lsj.chicago_md:n66173	v2siia---
ἔμελλέ	e)/melle/	μέλλω	me/llw	urn:cite2:hmt:lsj.chicago_md:n66173	v3siia---
ἔμηνε	e)/mhne	μαίνομαι	mai/nomai	urn:cite2:hmt:lsj.chicago_md:n64562	v3saia---
ἔμφρον’	e)/mfron'	ἔμφρων	e)/mfrwn	urn:cite2:hmt:lsj.chicago_md:n34653	n-p---nn-
ἔμφρον’	e)/mfron'	ἔμφρων	e)/mfrwn	urn:cite2:hmt:lsj.chicago_md:n34653	n-p---nv-
ἔμφρον’	e)/mfron'	ἔμφρων	e)/mfrwn	urn:cite2:hmt:lsj.chicago_md:n34653	n-p---na-
ἔμφρον’	e)/mfron'	ἔμφρων	e)/mfrwn	urn:cite2:hmt:lsj.chicago_md:n34653	n-s---ma-
ἔμφρον’	e)/mfron'	ἔμφρων	e)/mfrwn	urn:cite2:hmt:lsj.chicago_md:n34653	n-s---fa-
ἔμφρον’	e)/mfron'	ἔμφρων	e)/mfrwn	urn:cite2:hmt:lsj.chicago_md:n34653	n-s----d-
ἔμφρον’	e)/mfron'	ἔμφρων	e)/mfrwn	urn:cite2:hmt:lsj.chicago_md:n34653	n-d----n-
ἔμφρον’	e)/mfron'	ἔμφρων	e)/mfrwn	urn:cite2:hmt:lsj.chicago_md:n34653	n-d----v-
ἔμφρον’	e)/mfron'	ἔμφρων	e)/mfrwn	urn:cite2:hmt:lsj.chicago_md:n34653	n-d----a-
ἔμφυλον	e)/mfulon	ἔμφυλος	e)/mfulos	urn:cite2:hmt:lsj.chicago_md:n34660	n-s---ma-
ἔμφυλον	e)/mfulon	ἔμφυλος	e)/mfulos	urn:cite2:hmt:lsj.chicago_md:n34660	n-s---fa-
ἔμφυλον	e)/mfulon	ἔμφυλος	e)/mfulos	urn:cite2:hmt:lsj.chicago_md:n34660	n-s---nn-
ἔμφυλον	e)/mfulon	ἔμφυλος	e)/mfulos	urn:cite2:hmt:lsj.chicago_md:n34660	n-s---nv-
ἔμφυλον	e)/mfulon	ἔμφυλος	e)/mfulos	urn:cite2:hmt:lsj.chicago_md:n34660	n-s---na-
ἔμ’	e)/m'	ἐγώ	e)gw/	urn:cite2:hmt:lsj.chicago_md:n30657	p-s---ma-
ἔμ’	e)/m'	ἐγώ	e)gw/	urn:cite2:hmt:lsj.chicago_md:n30657	p-s---fa-
ἔμ’	e)/m'	ἐμός	e)mo/s	urn:cite2:hmt:lsj.chicago_md:n34194	a-p---nn-
ἔμ’	e)/m'	ἐμός	e)mo/s	urn:cite2:hmt:lsj.chicago_md:n34194	a-p---nv-
ἔμ’	e)/m'	ἐμός	e)mo/s	urn:cite2:hmt:lsj.chicago_md:n34194	a-p---na-
ἔμ’	e)/m'	ἐμός	e)mo/s	urn:cite2:hmt:lsj.chicago_md:n34194	a-d---fn-
ἔμ’	e)/m'	ἐμός	e)mo/s	urn:cite2:hmt:lsj.chicago_md:n34194	a-d---fv-
ἔμ’	e)/m'	ἐμός	e)mo/s	urn:cite2:hmt:lsj.chicago_md:n34194	a-d---fa-
ἔμ’	e)/m'	ἐμός	e)mo/s	urn:cite2:hmt:lsj.chicago_md:n34194	a-s---fn-
ἔμ’	e)/m'	ἐμός	e)mo/s	urn:cite2:hmt:lsj.chicago_md:n34194	a-s---fv-
ἔμ’	e)/m'	ἐμός	e)mo/s	urn:cite2:hmt:lsj.chicago_md:n34194	a-s---mv-
ἔμ’	e)/m'	ἐμός	e)mo/s	urn:cite2:hmt:lsj.chicago_md:n34194	a-p---fn-
ἔμ’	e)/m'	ἐμός	e)mo/s	urn:cite2:hmt:lsj.chicago_md:n34194	a-p---fv-
ἔν	e)/n	ἐν	e)n	urn:cite2:hmt:lsj.chicago_md:n34700	r--------
ἔν	e)/n	εἰμί	ei)mi/	urn:cite2:hmt:lsj.chicago_md:n31130	v3piia---
ἔν	e)/n	εἰς	ei)s	urn:cite2:hmt:lsj.chicago_md:n31235	r--------
ἔνδυθ’	e)/nduq'	ἐνδύω	e)ndu/w	urn:cite2:hmt:lsj.chicago_md:n35322	v2pama---
ἔνδυθ’	e)/nduq'	ἐνδύω	e)ndu/w	urn:cite2:hmt:lsj.chicago_md:n35322	v2sama---
ἔνδυθ’	e)/nduq'	ἐνδύω	e)ndu/w	urn:cite2:hmt:lsj.chicago_md:n35322	v2paia---
ἔνεγκε	e)/negke	φέρω	fe/rw	urn:cite2:hmt:lsj.chicago_md:n110598	v3saia---
ἔνεγκε	e)/negke	φέρω	fe/rw	urn:cite2:hmt:lsj.chicago_md:n110598	v3saia---
ἔνεισιν	e)/neisin	ἔνειμι	e)/neimi	urn:cite2:hmt:lsj.chicago_md:n35360	v3spia---
ἔνεστι	e)/nesti	ἐν-εἰμί	e)n-ei)mi/	urn:cite2:hmt:lsj.chicago_md:n35360	v3spia---
ἔνεστιν	e)/nestin	ἐν-εἰμί	e)n-ei)mi/	urn:cite2:hmt:lsj.chicago_md:n35360	v3spia---
ἔνθα	e)/nqa	ἔνθα	e)/nqa	urn:cite2:hmt:lsj.chicago_md:n35541	d--------
ἔνθεν	e)/nqen	ἔνθεν	e)/nqen	urn:cite2:hmt:lsj.chicago_md:n35570	d--------
ἔνθεν	e)/nqen	ἔρχομαι	e)/rxomai	urn:cite2:hmt:lsj.chicago_md:n42827	v3saia---
ἔνθ’	e)/nq'	ἔνθα	e)/nqa	urn:cite2:hmt:lsj.chicago_md:n35541	d--------
ἔνθ’	e)/nq'	ἔρχομαι	e)/rxomai	urn:cite2:hmt:lsj.chicago_md:n42827	v2sama---
ἔνθ’	e)/nq'	ἔρχομαι	e)/rxomai	urn:cite2:hmt:lsj.chicago_md:n42827	v3saia---
ἔνθ’	e)/nq'	εἰμί	ei)mi/	urn:cite2:hmt:lsj.chicago_md:n31130	v3ppia---
ἔνθ’	e)/nq'	εἰμί	ei)mi/	urn:cite2:hmt:lsj.chicago_md:n31130	v3spia---
ἔξαγ’	e)/cag'	ἐξάγω	e)ca/gw	urn:cite2:hmt:lsj.chicago_md:n36505	v2spma---
ἔξαγ’	e)/cag'	ἐξάγω	e)ca/gw	urn:cite2:hmt:lsj.chicago_md:n36505	v3siia---
ἔξω	e)/cw	ἔξω	e)/cw	urn:cite2:hmt:lsj.chicago_md:n37720	d--------
ἔπαθον	e)/paqon	πάσχω	pa/sxw	urn:cite2:hmt:lsj.chicago_md:n79983	v3paia---
ἔπαθον	e)/paqon	πάσχω	pa/sxw	urn:cite2:hmt:lsj.chicago_md:n79983	v1saia---
ἔπαιρε	e)/paire	ἐπαίρω	e)pai/rw	urn:cite2:hmt:lsj.chicago_md:n37890	v2spma---
ἔπαιρε	e)/paire	ἐπαίρω	e)pai/rw	urn:cite2:hmt:lsj.chicago_md:n37890	v3siia---
ἔπαλλεν	e)/pallen	πάλλω	pa/llw	urn:cite2:hmt:lsj.chicago_md:n77030	v3siia---
ἔπασχεν	e)/pasxen	πάσχω	pa/sxw	urn:cite2:hmt:lsj.chicago_md:n79983	v3siia---
ἔπεισε	e)/peise	ἐφίζω	e)fi/zw	urn:cite2:hmt:lsj.chicago_md:n45772	v3saia---
ἔπεισε	e)/peise	πείθω	pei/qw	urn:cite2:hmt:lsj.chicago_md:n80327	v3saia---
ἔπειτα	e)/peita	ἔπειτα	e)/peita	urn:cite2:hmt:lsj.chicago_md:n38547	d--------
ἔπεμπε	e)/pempe	πέμπω	pe/mpw	urn:cite2:hmt:lsj.chicago_md:n80557	v3siia---
ἔπερσε	e)/perse	πέρθω	pe/rqw	urn:cite2:hmt:lsj.chicago_md:n81016	v3saia---
ἔπη	e)/ph	ἔπος	e)/pos	urn:cite2:hmt:lsj.chicago_md:n41858	n-p---nn-
ἔπη	e)/ph	ἔπος	e)/pos	urn:cite2:hmt:lsj.chicago_md:n41858	n-p---nv-
ἔπη	e)/ph	ἔπος	e)/pos	urn:cite2:hmt:lsj.chicago_md:n41858	n-p---na-
ἔπη	e)/ph	ἔπος	e)/pos	urn:cite2:hmt:lsj.chicago_md:n41858	n-d---nn-
ἔπη	e)/ph	ἔπος	e)/pos	urn:cite2:hmt:lsj.chicago_md:n41858	n-d---nv-
ἔπη	e)/ph	ἔπος	e)/pos	urn:cite2:hmt:lsj.chicago_md:n41858	n-d---na-
ἔπηλυς	e)/phlus	ἔπηλυς	e)/phlus	urn:cite2:hmt:lsj.chicago_md:n38819	n-s---mn-
ἔπηλυς	e)/phlus	ἔπηλυς	e)/phlus	urn:cite2:hmt:lsj.chicago_md:n38819	n-s---fn-
ἔπι	e)/pi	ἐπί	e)pi/	urn:cite2:hmt:lsj.chicago_md:n38862	r--------
ἔπλεξε	e)/plece	πλέκω	ple/kw	urn:cite2:hmt:lsj.chicago_md:n83683	v3saia---
ἔπος	e)/pos	ἔπος	e)/pos	urn:cite2:hmt:lsj.chicago_md:n41858	n-s---nn-
ἔπος	e)/pos	ἔπος	e)/pos	urn:cite2:hmt:lsj.chicago_md:n41858	n-s---nv-
ἔπος	e)/pos	ἔπος	e)/pos	urn:cite2:hmt:lsj.chicago_md:n41858	n-s---na-
ἔπραξε	e)/prace	πράσσω	pra/ssw	urn:cite2:hmt:lsj.chicago_md:n86219	v3saia---
ἔπραξε	e)/prace	πράσσω	pra/ssw	urn:cite2:hmt:lsj.chicago_md:n86219	v3saia---
ἔπτηξεν	e)/pthcen	πτήσσω	pth/ssw	urn:cite2:hmt:lsj.chicago_md:n91187	v3saia---
ἔργοισι	e)/rgoisi	ἔργον	e)/rgon	urn:cite2:hmt:lsj.chicago_md:n42214	n-p---nd-
ἔρευναν	e)/reunan	ἔρευνα	e)/reuna	urn:cite2:hmt:lsj.chicago_md:n42341	n-s---fa-
ἔρημον	e)/rhmon	ἐρῆμος	e)rh=mos	urn:cite2:hmt:lsj.chicago_md:n42381	n-s---ma-
ἔρημον	e)/rhmon	ἐρῆμος	e)rh=mos	urn:cite2:hmt:lsj.chicago_md:n42381	n-s---fa-
ἔρημον	e)/rhmon	ἐρῆμος	e)rh=mos	urn:cite2:hmt:lsj.chicago_md:n42381	n-s---nn-
ἔρημον	e)/rhmon	ἐρῆμος	e)rh=mos	urn:cite2:hmt:lsj.chicago_md:n42381	n-s---nv-
ἔρημον	e)/rhmon	ἐρῆμος	e)rh=mos	urn:cite2:hmt:lsj.chicago_md:n42381	n-s---na-
ἔρνεα	e)/rnea	ἔρνος	e)/rnos	urn:cite2:hmt:lsj.chicago_md:n42640	n-p---nn-
ἔρνεα	e)/rnea	ἔρνος	e)/rnos	urn:cite2:hmt:lsj.chicago_md:n42640	n-p---nv-
ἔρνεα	e)/rnea	ἔρνος	e)/rnos	urn:cite2:hmt:lsj.chicago_md:n42640	n-p---na-
ἔρον	e)/ron	ἔροσ1	e)/ros	urn:cite2:hmt:lsj.chicago_md:n42650	n-s---ma-
ἔρον	e)/ron	ἔροσ1	e)/ros	urn:cite2:hmt:lsj.chicago_md:n42651	n-s---ma-
ἔρρει	e)/rrei	ἔρρω	e)/rrw	urn:cite2:hmt:lsj.chicago_md:n42710	v2spie---
ἔρρει	e)/rrei	ἔρρω	e)/rrw	urn:cite2:hmt:lsj.chicago_md:n42711	v2spie---
ἔρρει	e)/rrei	ἔρρω	e)/rrw	urn:cite2:hmt:lsj.chicago_md:n42710	v3spia---
ἔρρει	e)/rrei	ἔρρω	e)/rrw	urn:cite2:hmt:lsj.chicago_md:n42711	v3spia---
ἔρρει	e)/rrei	ῥέω	r(e/w	urn:cite2:hmt:lsj.chicago_md:n92316	v3siia---
ἔρωτι	e)/rwti	ἔρως	e)/rws	urn:cite2:hmt:lsj.chicago_md:n42840	n-s----d-
ἔρωτι	e)/rwti	ἔρως	e)/rws	urn:cite2:hmt:lsj.chicago_md:n42840	n-s---md-
ἔσαιρε	e)/saire	εἰσαίρω	ei)sai/rw	urn:cite2:hmt:lsj.chicago_md:n31257	v2spma---
ἔσαιρε	e)/saire	εἰσαίρω	ei)sai/rw	urn:cite2:hmt:lsj.chicago_md:n31257	v3siia---
ἔσαιρε	e)/saire	σαίρω	sai/rw	urn:cite2:hmt:lsj.chicago_md:n93058	v3siia---
ἔσαιρε	e)/saire	σαίρω	sai/rw	urn:cite2:hmt:lsj.chicago_md:n93058	v3siia---
ἔσαιρε	e)/saire	σαίρω	sai/rw	urn:cite2:hmt:lsj.chicago_md:n93059	v3siia---
ἔσεισε	e)/seise	εἰσίζομαι	ei)si/zomai	urn:cite2:hmt:lsj.chicago_md:n31381	v3saia---
ἔσεισε	e)/seise	σείω	sei/w	urn:cite2:hmt:lsj.chicago_md:n93601	v3saia---
ἔσομαι	e)/somai	εἰμί	ei)mi/	urn:cite2:hmt:lsj.chicago_md:n31130	v1sfim---
ἔσονται	e)/sontai	εἰμί	ei)mi/	urn:cite2:hmt:lsj.chicago_md:n31130	v3pfim---
ἔσπεισεν	e)/speisen	σπένδω	spe/ndw	urn:cite2:hmt:lsj.chicago_md:n95849	v3saia---
ἔσται	e)/stai	εἰμί	ei)mi/	urn:cite2:hmt:lsj.chicago_md:n31130	v3sfim---
ἔστε	e)/ste	ἔστε	e)/ste	urn:cite2:hmt:lsj.chicago_md:n42974	c--------
ἔστε	e)/ste	εἰμί	ei)mi/	urn:cite2:hmt:lsj.chicago_md:n31130	v2ppia---
ἔστε	e)/ste	εἰμί	ei)mi/	urn:cite2:hmt:lsj.chicago_md:n31130	v2ppma---
ἔστενες	e)/stenes	στένω	ste/nw	urn:cite2:hmt:lsj.chicago_md:n96525	v2siia---
ἔστεργέ	e)/sterge/	στέργω	ste/rgw	urn:cite2:hmt:lsj.chicago_md:n96541	v3siia---
ἔστη	e)/sth	ἵστημι	i(/sthmi	urn:cite2:hmt:lsj.chicago_md:n51241	v3saia---
ἔστησαν	e)/sthsan	ἵστημι	i(/sthmi	urn:cite2:hmt:lsj.chicago_md:n51241	v3paia---
ἔστησαν	e)/sthsan	ἵστημι	i(/sthmi	urn:cite2:hmt:lsj.chicago_md:n51241	v3paia---
ἔστησ’	e)/sths'	ἵστημι	i(/sthmi	urn:cite2:hmt:lsj.chicago_md:n51241	v1saia---
ἔστησ’	e)/sths'	ἵστημι	i(/sthmi	urn:cite2:hmt:lsj.chicago_md:n51241	v3saia---
ἔστι	e)/sti	εἰμί	ei)mi/	urn:cite2:hmt:lsj.chicago_md:n31130	v3spia---
ἔστιν	e)/stin	εἰμί	ei)mi/	urn:cite2:hmt:lsj.chicago_md:n31130	v3spia---
ἔστωσαν	e)/stwsan	εἰμί	ei)mi/	urn:cite2:hmt:lsj.chicago_md:n31130	v3ppma---
ἔσχατον	e)/sxaton	ἔσχατος	e)/sxatos	urn:cite2:hmt:lsj.chicago_md:n43056	a-s---ma-
ἔσχατον	e)/sxaton	ἔσχατος	e)/sxatos	urn:cite2:hmt:lsj.chicago_md:n43056	a-s---nn-
ἔσχατον	e)/sxaton	ἔσχατος	e)/sxatos	urn:cite2:hmt:lsj.chicago_md:n43056	a-s---nv-
ἔσχατον	e)/sxaton	ἔσχατος	e)/sxatos	urn:cite2:hmt:lsj.chicago_md:n43056	a-s---na-
ἔσχεν	e)/sxen	ἔχω	e)/xw	urn:cite2:hmt:lsj.chicago_md:n45996	v3saia---
ἔσχεν	e)/sxen	ἔχω	e)/xw	urn:cite2:hmt:lsj.chicago_md:n45997	v3saia---
ἔσχες	e)/sxes	ἔχω	e)/xw	urn:cite2:hmt:lsj.chicago_md:n45996	v2saia---
ἔσχες	e)/sxes	ἔχω	e)/xw	urn:cite2:hmt:lsj.chicago_md:n45997	v2saia---
ἔσχον	e)/sxon	ἔχω	e)/xw	urn:cite2:hmt:lsj.chicago_md:n45996	v3paia---
ἔσχον	e)/sxon	ἔχω	e)/xw	urn:cite2:hmt:lsj.chicago_md:n45997	v3paia---
ἔσχον	e)/sxon	ἔχω	e)/xw	urn:cite2:hmt:lsj.chicago_md:n45996	v1saia---
ἔσχον	e)/sxon	ἔχω	e)/xw	urn:cite2:hmt:lsj.chicago_md:n45997	v1saia---
ἔσω	e)/sw	ἔσω	e)/sw	urn:cite2:hmt:lsj.chicago_md:n43060	r--------
ἔσωσας	e)/swsas	εἰσωθέω	ei)swqe/w	urn:cite2:hmt:lsj.chicago_md:n31556	v2saia---
ἔσῃ	e)/sh|	εἰμί	ei)mi/	urn:cite2:hmt:lsj.chicago_md:n31130	v2sfim---
ἔσῃ	e)/sh|	εἰσίημι	ei)si/hmi	urn:cite2:hmt:lsj.chicago_md:n31382	v2sasm---
ἔτεκε	e)/teke	τίκτω	ti/ktw	urn:cite2:hmt:lsj.chicago_md:n103942	v3saia---
ἔτεκεν	e)/teken	τίκτω	ti/ktw	urn:cite2:hmt:lsj.chicago_md:n103942	v3saia---
ἔτεκες	e)/tekes	τίκτω	ti/ktw	urn:cite2:hmt:lsj.chicago_md:n103942	v2saia---
ἔτεκον	e)/tekon	τίκτω	ti/ktw	urn:cite2:hmt:lsj.chicago_md:n103942	v3paia---
ἔτεκον	e)/tekon	τίκτω	ti/ktw	urn:cite2:hmt:lsj.chicago_md:n103942	v1saia---
ἔτι	e)/ti	ἔτι	e)/ti	urn:cite2:hmt:lsj.chicago_md:n43266	d--------
ἔτικτε	e)/tikte	τίκτω	ti/ktw	urn:cite2:hmt:lsj.chicago_md:n103942	v3siia---
ἔτικτες	e)/tiktes	τίκτω	ti/ktw	urn:cite2:hmt:lsj.chicago_md:n103942	v2siia---
ἔτλη	e)/tlh	τλάω	tla/w	urn:cite2:hmt:lsj.chicago_md:n104119	v3saia---
ἔτλη	e)/tlh	τλάω	tla/w	urn:cite2:hmt:lsj.chicago_md:n104119	v3siia---
ἔτλης	e)/tlhs	τλάω	tla/w	urn:cite2:hmt:lsj.chicago_md:n104119	v2saia---
ἔτλης	e)/tlhs	τλάω	tla/w	urn:cite2:hmt:lsj.chicago_md:n104119	v2siia---
ἔτυπεν	e)/tupen	τύπτω	tu/ptw	urn:cite2:hmt:lsj.chicago_md:n105945	v3paip---
ἔφεδρον	e)/fedron	ἔφεδρος	e)/fedros	urn:cite2:hmt:lsj.chicago_md:n45636	n-s---ma-
ἔφεδρον	e)/fedron	ἔφεδρος	e)/fedros	urn:cite2:hmt:lsj.chicago_md:n45636	n-s---fa-
ἔφεδρον	e)/fedron	ἔφεδρος	e)/fedros	urn:cite2:hmt:lsj.chicago_md:n45636	n-s---nn-
ἔφεδρον	e)/fedron	ἔφεδρος	e)/fedros	urn:cite2:hmt:lsj.chicago_md:n45636	n-s---nv-
ἔφεδρον	e)/fedron	ἔφεδρος	e)/fedros	urn:cite2:hmt:lsj.chicago_md:n45636	n-s---na-
ἔφερβον	e)/ferbon	φέρβω	fe/rbw	urn:cite2:hmt:lsj.chicago_md:n110542	v3piia---
ἔφερβον	e)/ferbon	φέρβω	fe/rbw	urn:cite2:hmt:lsj.chicago_md:n110542	v1siia---
ἔφυ	e)/fu	φύω	fu/w	urn:cite2:hmt:lsj.chicago_md:n112794	v3saia---
ἔφυν	e)/fun	φύω	fu/w	urn:cite2:hmt:lsj.chicago_md:n112794	v3paia---
ἔφυν	e)/fun	φύω	fu/w	urn:cite2:hmt:lsj.chicago_md:n112794	v3paia---
ἔφυν	e)/fun	φύω	fu/w	urn:cite2:hmt:lsj.chicago_md:n112794	v1saia---
ἔφυς	e)/fus	φύω	fu/w	urn:cite2:hmt:lsj.chicago_md:n112794	v2saia---
ἔφυσαν	e)/fusan	ἐφύω	e)fu/w	urn:cite2:hmt:lsj.chicago_md:n45872	v3paia---
ἔφυσαν	e)/fusan	φύω	fu/w	urn:cite2:hmt:lsj.chicago_md:n112794	v3paia---
ἔφυσαν	e)/fusan	φύω	fu/w	urn:cite2:hmt:lsj.chicago_md:n112794	v3paia---
ἔφυσαν	e)/fusan	φύζω	fu/zw	urn:cite2:hmt:lsj.chicago_md:n112495	v3paia---
ἔφυσας	e)/fusas	ἐφύω	e)fu/w	urn:cite2:hmt:lsj.chicago_md:n45872	v2saia---
ἔφυσας	e)/fusas	φύω	fu/w	urn:cite2:hmt:lsj.chicago_md:n112794	v2saia---
ἔφυσας	e)/fusas	φύζω	fu/zw	urn:cite2:hmt:lsj.chicago_md:n112495	v2saia---
ἔφυσε	e)/fuse	ἐφύω	e)fu/w	urn:cite2:hmt:lsj.chicago_md:n45872	v3saia---
ἔφυσε	e)/fuse	φύω	fu/w	urn:cite2:hmt:lsj.chicago_md:n112794	v3saia---
ἔφυσε	e)/fuse	φύζω	fu/zw	urn:cite2:hmt:lsj.chicago_md:n112495	v3saia---
ἔφυσεν	e)/fusen	ἐφύω	e)fu/w	urn:cite2:hmt:lsj.chicago_md:n45872	v3saia---
ἔφυσεν	e)/fusen	φύω	fu/w	urn:cite2:hmt:lsj.chicago_md:n112794	v3saia---
ἔφυσεν	e)/fusen	φύζω	fu/zw	urn:cite2:hmt:lsj.chicago_md:n112495	v3saia---
ἔχει	e)/xei	ἔχις	e)/xis	urn:cite2:hmt:lsj.chicago_md:n45984	n-d---mn-
ἔχει	e)/xei	ἔχις	e)/xis	urn:cite2:hmt:lsj.chicago_md:n45984	n-d---mv-
ἔχει	e)/xei	ἔχις	e)/xis	urn:cite2:hmt:lsj.chicago_md:n45984	n-d---ma-
ἔχει	e)/xei	ἔχις	e)/xis	urn:cite2:hmt:lsj.chicago_md:n45984	n-s---md-
ἔχει	e)/xei	ἔχις	e)/xis	urn:cite2:hmt:lsj.chicago_md:n45984	n-s---md-
ἔχει	e)/xei	ἔχω	e)/xw	urn:cite2:hmt:lsj.chicago_md:n45996	v2spie---
ἔχει	e)/xei	ἔχω	e)/xw	urn:cite2:hmt:lsj.chicago_md:n45997	v2spie---
ἔχει	e)/xei	ἔχω	e)/xw	urn:cite2:hmt:lsj.chicago_md:n45996	v3spia---
ἔχει	e)/xei	ἔχω	e)/xw	urn:cite2:hmt:lsj.chicago_md:n45997	v3spia---
ἔχει	e)/xei	χάω	xa/w	urn:cite2:hmt:lsj.chicago_md:n113505	v3siia---
ἔχει	e)/xei	χέω	xe/w	urn:cite2:hmt:lsj.chicago_md:n113864	v3siia---
ἔχειν	e)/xein	ἔχω	e)/xw	urn:cite2:hmt:lsj.chicago_md:n45996	v--pna---
ἔχειν	e)/xein	ἔχω	e)/xw	urn:cite2:hmt:lsj.chicago_md:n45997	v--pna---
ἔχεις	e)/xeis	ἔχις	e)/xis	urn:cite2:hmt:lsj.chicago_md:n45984	n-p---mn-
ἔχεις	e)/xeis	ἔχις	e)/xis	urn:cite2:hmt:lsj.chicago_md:n45984	n-p---mv-
ἔχεις	e)/xeis	ἔχις	e)/xis	urn:cite2:hmt:lsj.chicago_md:n45984	n-p---mn-
ἔχεις	e)/xeis	ἔχις	e)/xis	urn:cite2:hmt:lsj.chicago_md:n45984	n-p---ma-
ἔχεις	e)/xeis	ἔχω	e)/xw	urn:cite2:hmt:lsj.chicago_md:n45996	v2spia---
ἔχεις	e)/xeis	ἔχω	e)/xw	urn:cite2:hmt:lsj.chicago_md:n45997	v2spia---
ἔχεις	e)/xeis	χάω	xa/w	urn:cite2:hmt:lsj.chicago_md:n113505	v2siia---
ἔχεις	e)/xeis	χέω	xe/w	urn:cite2:hmt:lsj.chicago_md:n113864	v2siia---
ἔχιδναν	e)/xidnan	ἔχιδνα	e)/xidna	urn:cite2:hmt:lsj.chicago_md:n45957	n-s---fa-
ἔχοι	e)/xoi	ἔχω	e)/xw	urn:cite2:hmt:lsj.chicago_md:n45996	v3spoa---
ἔχοι	e)/xoi	ἔχω	e)/xw	urn:cite2:hmt:lsj.chicago_md:n45997	v3spoa---
ἔχον	e)/xon	ἔχω	e)/xw	urn:cite2:hmt:lsj.chicago_md:n45996	v-sppamv-
ἔχον	e)/xon	ἔχω	e)/xw	urn:cite2:hmt:lsj.chicago_md:n45997	v-sppamv-
ἔχον	e)/xon	ἔχω	e)/xw	urn:cite2:hmt:lsj.chicago_md:n45996	v-sppann-
ἔχον	e)/xon	ἔχω	e)/xw	urn:cite2:hmt:lsj.chicago_md:n45997	v-sppann-
ἔχον	e)/xon	ἔχω	e)/xw	urn:cite2:hmt:lsj.chicago_md:n45996	v-sppanv-
ἔχον	e)/xon	ἔχω	e)/xw	urn:cite2:hmt:lsj.chicago_md:n45997	v-sppanv-
ἔχον	e)/xon	ἔχω	e)/xw	urn:cite2:hmt:lsj.chicago_md:n45996	v-sppana-
ἔχον	e)/xon	ἔχω	e)/xw	urn:cite2:hmt:lsj.chicago_md:n45997	v-sppana-
ἔχον	e)/xon	ἔχω	e)/xw	urn:cite2:hmt:lsj.chicago_md:n45996	v3piia---
ἔχον	e)/xon	ἔχω	e)/xw	urn:cite2:hmt:lsj.chicago_md:n45997	v3piia---
ἔχον	e)/xon	ἔχω	e)/xw	urn:cite2:hmt:lsj.chicago_md:n45996	v1siia---
ἔχον	e)/xon	ἔχω	e)/xw	urn:cite2:hmt:lsj.chicago_md:n45997	v1siia---
ἔχονθ’	e)/xonq'	ἔχω	e)/xw	urn:cite2:hmt:lsj.chicago_md:n45996	v-pppann-
ἔχονθ’	e)/xonq'	ἔχω	e)/xw	urn:cite2:hmt:lsj.chicago_md:n45997	v-pppann-
ἔχονθ’	e)/xonq'	ἔχω	e)/xw	urn:cite2:hmt:lsj.chicago_md:n45996	v-pppanv-
ἔχονθ’	e)/xonq'	ἔχω	e)/xw	urn:cite2:hmt:lsj.chicago_md:n45997	v-pppanv-
ἔχονθ’	e)/xonq'	ἔχω	e)/xw	urn:cite2:hmt:lsj.chicago_md:n45996	v-pppana-
ἔχονθ’	e)/xonq'	ἔχω	e)/xw	urn:cite2:hmt:lsj.chicago_md:n45997	v-pppana-
ἔχονθ’	e)/xonq'	ἔχω	e)/xw	urn:cite2:hmt:lsj.chicago_md:n45996	v-sppama-
ἔχονθ’	e)/xonq'	ἔχω	e)/xw	urn:cite2:hmt:lsj.chicago_md:n45997	v-sppama-
ἔχονθ’	e)/xonq'	ἔχω	e)/xw	urn:cite2:hmt:lsj.chicago_md:n45996	v-sppamd-
ἔχονθ’	e)/xonq'	ἔχω	e)/xw	urn:cite2:hmt:lsj.chicago_md:n45997	v-sppamd-
ἔχονθ’	e)/xonq'	ἔχω	e)/xw	urn:cite2:hmt:lsj.chicago_md:n45996	v-sppand-
ἔχονθ’	e)/xonq'	ἔχω	e)/xw	urn:cite2:hmt:lsj.chicago_md:n45997	v-sppand-
ἔχονθ’	e)/xonq'	ἔχω	e)/xw	urn:cite2:hmt:lsj.chicago_md:n45996	v3ppia---
ἔχονθ’	e)/xonq'	ἔχω	e)/xw	urn:cite2:hmt:lsj.chicago_md:n45997	v3ppia---
ἔχονθ’	e)/xonq'	ἔχω	e)/xw	urn:cite2:hmt:lsj.chicago_md:n45996	v-dppamn-
ἔχονθ’	e)/xonq'	ἔχω	e)/xw	urn:cite2:hmt:lsj.chicago_md:n45997	v-dppamn-
ἔχονθ’	e)/xonq'	ἔχω	e)/xw	urn:cite2:hmt:lsj.chicago_md:n45996	v-dppamv-
ἔχονθ’	e)/xonq'	ἔχω	e)/xw	urn:cite2:hmt:lsj.chicago_md:n45997	v-dppamv-
ἔχονθ’	e)/xonq'	ἔχω	e)/xw	urn:cite2:hmt:lsj.chicago_md:n45996	v-dppama-
ἔχονθ’	e)/xonq'	ἔχω	e)/xw	urn:cite2:hmt:lsj.chicago_md:n45997	v-dppama-
ἔχονθ’	e)/xonq'	ἔχω	e)/xw	urn:cite2:hmt:lsj.chicago_md:n45996	v-dppann-
ἔχονθ’	e)/xonq'	ἔχω	e)/xw	urn:cite2:hmt:lsj.chicago_md:n45997	v-dppann-
ἔχονθ’	e)/xonq'	ἔχω	e)/xw	urn:cite2:hmt:lsj.chicago_md:n45996	v-dppanv-
ἔχονθ’	e)/xonq'	ἔχω	e)/xw	urn:cite2:hmt:lsj.chicago_md:n45997	v-dppanv-
ἔχονθ’	e)/xonq'	ἔχω	e)/xw	urn:cite2:hmt:lsj.chicago_md:n45996	v-dppana-
ἔχονθ’	e)/xonq'	ἔχω	e)/xw	urn:cite2:hmt:lsj.chicago_md:n45997	v-dppana-
ἔχονθ’	e)/xonq'	ἔχω	e)/xw	urn:cite2:hmt:lsj.chicago_md:n45996	v3ppie---
ἔχονθ’	e)/xonq'	ἔχω	e)/xw	urn:cite2:hmt:lsj.chicago_md:n45997	v3ppie---
ἔχονθ’	e)/xonq'	ἔχω	e)/xw	urn:cite2:hmt:lsj.chicago_md:n45996	v3piie---
ἔχονθ’	e)/xonq'	ἔχω	e)/xw	urn:cite2:hmt:lsj.chicago_md:n45997	v3piie---
ἔχοντας	e)/xontas	ἔχω	e)/xw	urn:cite2:hmt:lsj.chicago_md:n45996	v-pppama-
ἔχοντας	e)/xontas	ἔχω	e)/xw	urn:cite2:hmt:lsj.chicago_md:n45997	v-pppama-
ἔχοντι	e)/xonti	ἔχω	e)/xw	urn:cite2:hmt:lsj.chicago_md:n45996	v-sppamd-
ἔχοντι	e)/xonti	ἔχω	e)/xw	urn:cite2:hmt:lsj.chicago_md:n45997	v-sppamd-
ἔχοντι	e)/xonti	ἔχω	e)/xw	urn:cite2:hmt:lsj.chicago_md:n45996	v-sppand-
ἔχοντι	e)/xonti	ἔχω	e)/xw	urn:cite2:hmt:lsj.chicago_md:n45997	v-sppand-
ἔχοντι	e)/xonti	ἔχω	e)/xw	urn:cite2:hmt:lsj.chicago_md:n45996	v3ppia---
ἔχοντι	e)/xonti	ἔχω	e)/xw	urn:cite2:hmt:lsj.chicago_md:n45997	v3ppia---
ἔχοντ’	e)/xont'	ἔχω	e)/xw	urn:cite2:hmt:lsj.chicago_md:n45996	v-pppann-
ἔχοντ’	e)/xont'	ἔχω	e)/xw	urn:cite2:hmt:lsj.chicago_md:n45997	v-pppann-
ἔχοντ’	e)/xont'	ἔχω	e)/xw	urn:cite2:hmt:lsj.chicago_md:n45996	v-pppanv-
ἔχοντ’	e)/xont'	ἔχω	e)/xw	urn:cite2:hmt:lsj.chicago_md:n45997	v-pppanv-
ἔχοντ’	e)/xont'	ἔχω	e)/xw	urn:cite2:hmt:lsj.chicago_md:n45996	v-pppana-
ἔχοντ’	e)/xont'	ἔχω	e)/xw	urn:cite2:hmt:lsj.chicago_md:n45997	v-pppana-
ἔχοντ’	e)/xont'	ἔχω	e)/xw	urn:cite2:hmt:lsj.chicago_md:n45996	v-sppama-
ἔχοντ’	e)/xont'	ἔχω	e)/xw	urn:cite2:hmt:lsj.chicago_md:n45997	v-sppama-
ἔχοντ’	e)/xont'	ἔχω	e)/xw	urn:cite2:hmt:lsj.chicago_md:n45996	v-sppamd-
ἔχοντ’	e)/xont'	ἔχω	e)/xw	urn:cite2:hmt:lsj.chicago_md:n45997	v-sppamd-
ἔχοντ’	e)/xont'	ἔχω	e)/xw	urn:cite2:hmt:lsj.chicago_md:n45996	v-sppand-
ἔχοντ’	e)/xont'	ἔχω	e)/xw	urn:cite2:hmt:lsj.chicago_md:n45997	v-sppand-
ἔχοντ’	e)/xont'	ἔχω	e)/xw	urn:cite2:hmt:lsj.chicago_md:n45996	v3ppia---
ἔχοντ’	e)/xont'	ἔχω	e)/xw	urn:cite2:hmt:lsj.chicago_md:n45997	v3ppia---
ἔχοντ’	e)/xont'	ἔχω	e)/xw	urn:cite2:hmt:lsj.chicago_md:n45996	v-dppamn-
ἔχοντ’	e)/xont'	ἔχω	e)/xw	urn:cite2:hmt:lsj.chicago_md:n45997	v-dppamn-
ἔχοντ’	e)/xont'	ἔχω	e)/xw	urn:cite2:hmt:lsj.chicago_md:n45996	v-dppamv-
ἔχοντ’	e)/xont'	ἔχω	e)/xw	urn:cite2:hmt:lsj.chicago_md:n45997	v-dppamv-
ἔχοντ’	e)/xont'	ἔχω	e)/xw	urn:cite2:hmt:lsj.chicago_md:n45996	v-dppama-
ἔχοντ’	e)/xont'	ἔχω	e)/xw	urn:cite2:hmt:lsj.chicago_md:n45997	v-dppama-
ἔχοντ’	e)/xont'	ἔχω	e)/xw	urn:cite2:hmt:lsj.chicago_md:n45996	v-dppann-
ἔχοντ’	e)/xont'	ἔχω	e)/xw	urn:cite2:hmt:lsj.chicago_md:n45997	v-dppann-
ἔχοντ’	e)/xont'	ἔχω	e)/xw	urn:cite2:hmt:lsj.chicago_md:n45996	v-dppanv-
ἔχοντ’	e)/xont'	ἔχω	e)/xw	urn:cite2:hmt:lsj.chicago_md:n45997	v-dppanv-
ἔχοντ’	e)/xont'	ἔχω	e)/xw	urn:cite2:hmt:lsj.chicago_md:n45996	v-dppana-
ἔχοντ’	e)/xont'	ἔχω	e)/xw	urn:cite2:hmt:lsj.chicago_md:n45997	v-dppana-
ἔχοντ’	e)/xont'	ἔχω	e)/xw	urn:cite2:hmt:lsj.chicago_md:n45996	v3ppie---
ἔχοντ’	e)/xont'	ἔχω	e)/xw	urn:cite2:hmt:lsj.chicago_md:n45997	v3ppie---
ἔχοντ’	e)/xont'	ἔχω	e)/xw	urn:cite2:hmt:lsj.chicago_md:n45996	v3piie---
ἔχοντ’	e)/xont'	ἔχω	e)/xw	urn:cite2:hmt:lsj.chicago_md:n45997	v3piie---
ἔχουσα	e)/xousa	ἔχω	e)/xw	urn:cite2:hmt:lsj.chicago_md:n45996	v-sppafn-
ἔχουσα	e)/xousa	ἔχω	e)/xw	urn:cite2:hmt:lsj.chicago_md:n45997	v-sppafn-
ἔχουσα	e)/xousa	ἔχω	e)/xw	urn:cite2:hmt:lsj.chicago_md:n45996	v-sppafv-
ἔχουσα	e)/xousa	ἔχω	e)/xw	urn:cite2:hmt:lsj.chicago_md:n45997	v-sppafv-
ἔχουσαι	e)/xousai	ἔχω	e)/xw	urn:cite2:hmt:lsj.chicago_md:n45996	v-pppafn-
ἔχουσαι	e)/xousai	ἔχω	e)/xw	urn:cite2:hmt:lsj.chicago_md:n45997	v-pppafn-
ἔχουσαι	e)/xousai	ἔχω	e)/xw	urn:cite2:hmt:lsj.chicago_md:n45996	v-pppafv-
ἔχουσαι	e)/xousai	ἔχω	e)/xw	urn:cite2:hmt:lsj.chicago_md:n45997	v-pppafv-
ἔχουσαν	e)/xousan	ἔχω	e)/xw	urn:cite2:hmt:lsj.chicago_md:n45996	v-sppafa-
ἔχουσαν	e)/xousan	ἔχω	e)/xw	urn:cite2:hmt:lsj.chicago_md:n45997	v-sppafa-
ἔχουσι	e)/xousi	ἔχω	e)/xw	urn:cite2:hmt:lsj.chicago_md:n45996	v-pppamd-
ἔχουσι	e)/xousi	ἔχω	e)/xw	urn:cite2:hmt:lsj.chicago_md:n45997	v-pppamd-
ἔχουσι	e)/xousi	ἔχω	e)/xw	urn:cite2:hmt:lsj.chicago_md:n45996	v-pppand-
ἔχουσι	e)/xousi	ἔχω	e)/xw	urn:cite2:hmt:lsj.chicago_md:n45997	v-pppand-
ἔχουσι	e)/xousi	ἔχω	e)/xw	urn:cite2:hmt:lsj.chicago_md:n45996	v3ppia---
ἔχουσι	e)/xousi	ἔχω	e)/xw	urn:cite2:hmt:lsj.chicago_md:n45997	v3ppia---
ἔχουσ’	e)/xous'	ἔχω	e)/xw	urn:cite2:hmt:lsj.chicago_md:n45996	v-sppafn-
ἔχουσ’	e)/xous'	ἔχω	e)/xw	urn:cite2:hmt:lsj.chicago_md:n45997	v-sppafn-
ἔχουσ’	e)/xous'	ἔχω	e)/xw	urn:cite2:hmt:lsj.chicago_md:n45996	v-sppafv-
ἔχουσ’	e)/xous'	ἔχω	e)/xw	urn:cite2:hmt:lsj.chicago_md:n45997	v-sppafv-
ἔχουσ’	e)/xous'	ἔχω	e)/xw	urn:cite2:hmt:lsj.chicago_md:n45996	v-pppamd-
ἔχουσ’	e)/xous'	ἔχω	e)/xw	urn:cite2:hmt:lsj.chicago_md:n45997	v-pppamd-
ἔχουσ’	e)/xous'	ἔχω	e)/xw	urn:cite2:hmt:lsj.chicago_md:n45996	v-pppand-
ἔχουσ’	e)/xous'	ἔχω	e)/xw	urn:cite2:hmt:lsj.chicago_md:n45997	v-pppand-
ἔχουσ’	e)/xous'	ἔχω	e)/xw	urn:cite2:hmt:lsj.chicago_md:n45996	v3ppia---
ἔχουσ’	e)/xous'	ἔχω	e)/xw	urn:cite2:hmt:lsj.chicago_md:n45997	v3ppia---
ἔχουσ’	e)/xous'	ἔχω	e)/xw	urn:cite2:hmt:lsj.chicago_md:n45996	v-pppafn-
ἔχουσ’	e)/xous'	ἔχω	e)/xw	urn:cite2:hmt:lsj.chicago_md:n45997	v-pppafn-
ἔχουσ’	e)/xous'	ἔχω	e)/xw	urn:cite2:hmt:lsj.chicago_md:n45996	v-pppafv-
ἔχουσ’	e)/xous'	ἔχω	e)/xw	urn:cite2:hmt:lsj.chicago_md:n45997	v-pppafv-
ἔχρησας	e)/xrhsas	χράω2	xra/w	urn:cite2:hmt:lsj.chicago_md:n114552	v2saia---
ἔχρησας	e)/xrhsas	χράω2	xra/w	urn:cite2:hmt:lsj.chicago_md:n114553	v2saia---
ἔχω	e)/xw	ἔχω	e)/xw	urn:cite2:hmt:lsj.chicago_md:n45996	v1spsa---
ἔχω	e)/xw	ἔχω	e)/xw	urn:cite2:hmt:lsj.chicago_md:n45997	v1spsa---
ἔχω	e)/xw	ἔχω	e)/xw	urn:cite2:hmt:lsj.chicago_md:n45996	v1spia---
ἔχω	e)/xw	ἔχω	e)/xw	urn:cite2:hmt:lsj.chicago_md:n45997	v1spia---
ἔχω	e)/xw	χόω	xo/w	urn:cite2:hmt:lsj.chicago_md:n114536	v3siia---
ἔχων	e)/xwn	ἔχω	e)/xw	urn:cite2:hmt:lsj.chicago_md:n45996	v-sppamn-
ἔχων	e)/xwn	ἔχω	e)/xw	urn:cite2:hmt:lsj.chicago_md:n45997	v-sppamn-
ἔχων	e)/xwn	χάω	xa/w	urn:cite2:hmt:lsj.chicago_md:n113505	v3piia---
ἔχων	e)/xwn	χάω	xa/w	urn:cite2:hmt:lsj.chicago_md:n113505	v1siia---
ἔχων	e)/xwn	χόω	xo/w	urn:cite2:hmt:lsj.chicago_md:n114536	v3piia---
ἔχων	e)/xwn	χόω	xo/w	urn:cite2:hmt:lsj.chicago_md:n114536	v1siia---
ἔχῃ	e)/xh|	ἔχις	e)/xis	urn:cite2:hmt:lsj.chicago_md:n45984	n-s---md-
ἔχῃ	e)/xh|	ἔχω	e)/xw	urn:cite2:hmt:lsj.chicago_md:n45996	v2spse---
ἔχῃ	e)/xh|	ἔχω	e)/xw	urn:cite2:hmt:lsj.chicago_md:n45997	v2spse---
ἔχῃ	e)/xh|	ἔχω	e)/xw	urn:cite2:hmt:lsj.chicago_md:n45996	v2spie---
ἔχῃ	e)/xh|	ἔχω	e)/xw	urn:cite2:hmt:lsj.chicago_md:n45997	v2spie---
ἔχῃ	e)/xh|	ἔχω	e)/xw	urn:cite2:hmt:lsj.chicago_md:n45996	v3spsa---
ἔχῃ	e)/xh|	ἔχω	e)/xw	urn:cite2:hmt:lsj.chicago_md:n45997	v3spsa---
ἔχῃς	e)/xh|s	ἔχω	e)/xw	urn:cite2:hmt:lsj.chicago_md:n45996	v2spsa---
ἔχῃς	e)/xh|s	ἔχω	e)/xw	urn:cite2:hmt:lsj.chicago_md:n45997	v2spsa---
ἕδος	e(/dos	ἕδος	e(/dos	urn:cite2:hmt:lsj.chicago_md:n30699	n-s---nn-
ἕδος	e(/dos	ἕδος	e(/dos	urn:cite2:hmt:lsj.chicago_md:n30699	n-s---nv-
ἕδος	e(/dos	ἕδος	e(/dos	urn:cite2:hmt:lsj.chicago_md:n30699	n-s---na-
ἕδραν	e(/dran	ἕδρα	e(/dra	urn:cite2:hmt:lsj.chicago_md:n30700	n-s---fa-
ἕδρας	e(/dras	ἕδρα	e(/dra	urn:cite2:hmt:lsj.chicago_md:n30700	n-p---fa-
ἕδρας	e(/dras	ἕδρα	e(/dra	urn:cite2:hmt:lsj.chicago_md:n30700	n-s---fg-
ἕζετ’	e(/zet'	ἕζομαι	e(/zomai	urn:cite2:hmt:lsj.chicago_md:n30743	v3saim---
ἕζετ’	e(/zet'	ἕζομαι	e(/zomai	urn:cite2:hmt:lsj.chicago_md:n30743	v3siie---
ἕζετ’	e(/zet'	ἕζομαι	e(/zomai	urn:cite2:hmt:lsj.chicago_md:n30743	v3spie---
ἕκατί	e(/kati/	ἕκητι	e(/khti	urn:cite2:hmt:lsj.chicago_md:n31978	d--------
ἕλκε	e(/lke	ἕλκω	e(/lkw	urn:cite2:hmt:lsj.chicago_md:n33770	v2spma---
ἕλκε	e(/lke	ἕλκω	e(/lkw	urn:cite2:hmt:lsj.chicago_md:n33770	v3siia---
ἕλοι	e(/loi	αἱρέω	ai(re/w	urn:cite2:hmt:lsj.chicago_md:n2654	v3saoa---
ἕλχ’	e(/lx'	ἕλκω	e(/lkw	urn:cite2:hmt:lsj.chicago_md:n33770	v2spma---
ἕλχ’	e(/lx'	ἕλκω	e(/lkw	urn:cite2:hmt:lsj.chicago_md:n33770	v3siia---
ἕν	e(/n	εἷς	ei(=s	urn:cite2:hmt:lsj.chicago_md:n31236	n-s---nn-
ἕν	e(/n	εἷς	ei(=s	urn:cite2:hmt:lsj.chicago_md:n31236	n-s---nv-
ἕν	e(/n	εἷς	ei(=s	urn:cite2:hmt:lsj.chicago_md:n31236	n-s---na-
ἕν	e(/n	ἵημι	i(/hmi	urn:cite2:hmt:lsj.chicago_md:n50165	v3paia---
ἕν	e(/n	ἵημι	i(/hmi	urn:cite2:hmt:lsj.chicago_md:n50165	v-sapann-
ἕν	e(/n	ἵημι	i(/hmi	urn:cite2:hmt:lsj.chicago_md:n50165	v-sapanv-
ἕν	e(/n	ἵημι	i(/hmi	urn:cite2:hmt:lsj.chicago_md:n50165	v-sapana-
ἕξοντες	e(/contes	ἔχω	e)/xw	urn:cite2:hmt:lsj.chicago_md:n45996	v-pfpamn-
ἕξοντες	e(/contes	ἔχω	e)/xw	urn:cite2:hmt:lsj.chicago_md:n45997	v-pfpamn-
ἕξοντες	e(/contes	ἔχω	e)/xw	urn:cite2:hmt:lsj.chicago_md:n45996	v-pfpamv-
ἕξοντες	e(/contes	ἔχω	e)/xw	urn:cite2:hmt:lsj.chicago_md:n45997	v-pfpamv-
ἕξουσιν	e(/cousin	ἔχω	e)/xw	urn:cite2:hmt:lsj.chicago_md:n45996	v-pfpamd-
ἕξουσιν	e(/cousin	ἔχω	e)/xw	urn:cite2:hmt:lsj.chicago_md:n45997	v-pfpamd-
ἕξουσιν	e(/cousin	ἔχω	e)/xw	urn:cite2:hmt:lsj.chicago_md:n45996	v-pfpand-
ἕξουσιν	e(/cousin	ἔχω	e)/xw	urn:cite2:hmt:lsj.chicago_md:n45997	v-pfpand-
ἕξουσιν	e(/cousin	ἔχω	e)/xw	urn:cite2:hmt:lsj.chicago_md:n45996	v3pfia---
ἕξουσιν	e(/cousin	ἔχω	e)/xw	urn:cite2:hmt:lsj.chicago_md:n45997	v3pfia---
ἕξουσ’	e(/cous'	ἔχω	e)/xw	urn:cite2:hmt:lsj.chicago_md:n45996	v-sfpafn-
ἕξουσ’	e(/cous'	ἔχω	e)/xw	urn:cite2:hmt:lsj.chicago_md:n45997	v-sfpafn-
ἕξουσ’	e(/cous'	ἔχω	e)/xw	urn:cite2:hmt:lsj.chicago_md:n45996	v-sfpafv-
ἕξουσ’	e(/cous'	ἔχω	e)/xw	urn:cite2:hmt:lsj.chicago_md:n45997	v-sfpafv-
ἕξουσ’	e(/cous'	ἔχω	e)/xw	urn:cite2:hmt:lsj.chicago_md:n45996	v-pfpamd-
ἕξουσ’	e(/cous'	ἔχω	e)/xw	urn:cite2:hmt:lsj.chicago_md:n45997	v-pfpamd-
ἕξουσ’	e(/cous'	ἔχω	e)/xw	urn:cite2:hmt:lsj.chicago_md:n45996	v-pfpand-
ἕξουσ’	e(/cous'	ἔχω	e)/xw	urn:cite2:hmt:lsj.chicago_md:n45997	v-pfpand-
ἕξουσ’	e(/cous'	ἔχω	e)/xw	urn:cite2:hmt:lsj.chicago_md:n45996	v3pfia---
ἕξουσ’	e(/cous'	ἔχω	e)/xw	urn:cite2:hmt:lsj.chicago_md:n45997	v3pfia---
ἕξουσ’	e(/cous'	ἔχω	e)/xw	urn:cite2:hmt:lsj.chicago_md:n45996	v-pfpafn-
ἕξουσ’	e(/cous'	ἔχω	e)/xw	urn:cite2:hmt:lsj.chicago_md:n45997	v-pfpafn-
ἕξουσ’	e(/cous'	ἔχω	e)/xw	urn:cite2:hmt:lsj.chicago_md:n45996	v-pfpafv-
ἕξουσ’	e(/cous'	ἔχω	e)/xw	urn:cite2:hmt:lsj.chicago_md:n45997	v-pfpafv-
ἕπου	e(/pou	ἕπομαι	e(/pomai	urn:cite2:hmt:lsj.chicago_md:n41798	v2spme---
ἕπου	e(/pou	ἕπομαι	e(/pomai	urn:cite2:hmt:lsj.chicago_md:n41798	v2siie---
ἕσταμεν	e(/stamen	ἵστημι	i(/sthmi	urn:cite2:hmt:lsj.chicago_md:n51241	v1plia---
ἕσταμεν	e(/stamen	ἵστημι	i(/sthmi	urn:cite2:hmt:lsj.chicago_md:n51241	v1pria---
ἕψομαι	e(/yomai	ἕπομαι	e(/pomai	urn:cite2:hmt:lsj.chicago_md:n41798	v1sfim---
ἕψομαι	e(/yomai	ἕψω	e(/yw	urn:cite2:hmt:lsj.chicago_md:n46025	v1spie---
Ἐγκελάδῳ	*)egkela/dw|	Ἐγκέλαδος	*)egke/lados	urn:cite2:hmt:lsj.chicago_md:n30246	n-s---md-
Ἐγκελάδῳ	*)egkela/dw|	ἐγκέλαδος	e)gke/lados	urn:cite2:hmt:lsj.chicago_md:n30246	n-s---md-
Ἐρεχθεύς	*)erexqeu/s	Ἐρεχθεύς	*)erexqeu/s	urn:cite2:hmt:lsj.chicago_md:n42352	n-s---mn-
Ἐρεχθέως	*)erexqe/ws	Ἐρεχθεύς	*)erexqeu/s	urn:cite2:hmt:lsj.chicago_md:n42352	n-s----g-
Ἐρεχθέως	*)erexqe/ws	Ἐρεχθεύς	*)erexqeu/s	urn:cite2:hmt:lsj.chicago_md:n42352	n-s----n-
Ἐρεχθέως	*)erexqe/ws	Ἐρεχθεύς	*)erexqeu/s	urn:cite2:hmt:lsj.chicago_md:n42352	n-s---mg-
Ἐρεχθέως	*)erexqe/ws	Ἐρεχθεύς	*)erexqeu/s	urn:cite2:hmt:lsj.chicago_md:n42352	n-s---mg-
Ἐρεχθέως	*)erexqe/ws	Ἐρεχθεύς	*)erexqeu/s	urn:cite2:hmt:lsj.chicago_md:n42352	n-s---mn-
Ἐριχθονίου	*)erixqoni/ou	Ἐριχθόνιος	*)erixqo/nios	urn:cite2:hmt:lsj.chicago_md:n42558	n-s---mg-
Ἐριχθόνιον	*)erixqo/nion	Ἐριχθόνιος	*)erixqo/nios	urn:cite2:hmt:lsj.chicago_md:n42558	n-s---ma-
Ἐριχθόνιός	*)erixqo/nio/s	Ἐριχθόνιος	*)erixqo/nios	urn:cite2:hmt:lsj.chicago_md:n42558	n-s---mn-
Ἑλλανίας	*(ellani/as	Ἑλλάνιος	*(ella/nios	urn:cite2:hmt:lsj.chicago_md:n33786	a-p---fa-
Ἑλλανίας	*(ellani/as	Ἑλλάνιος	*(ella/nios	urn:cite2:hmt:lsj.chicago_md:n33786	a-s---fg-
Ἑλληνίσιν	*(ellhni/sin	Ἑλληνίς	*(ellhni/s	urn:cite2:hmt:lsj.chicago_md:n33824	n-p---fd-
Ἑλλάδα	*(ella/da	Ἑλλάς	*(ella/s	urn:cite2:hmt:lsj.chicago_md:n33791	n-s---fa-
Ἑλλάδος	*(ella/dos	Ἑλλάς	*(ella/s	urn:cite2:hmt:lsj.chicago_md:n33791	n-s---fg-
Ἑλλάδ’	*(ella/d'	Ἑλλάς	*(ella/s	urn:cite2:hmt:lsj.chicago_md:n33791	n-s---fa-
Ἑλλάδ’	*(ella/d'	Ἑλλάς	*(ella/s	urn:cite2:hmt:lsj.chicago_md:n33791	n-s---fd-
Ἑλλάδ’	*(ella/d'	Ἑλλάς	*(ella/s	urn:cite2:hmt:lsj.chicago_md:n33791	n-d---fn-
Ἑλλάδ’	*(ella/d'	Ἑλλάς	*(ella/s	urn:cite2:hmt:lsj.chicago_md:n33791	n-d---fv-
Ἑλλάδ’	*(ella/d'	Ἑλλάς	*(ella/s	urn:cite2:hmt:lsj.chicago_md:n33791	n-d---fa-
Ἑλλάς	*(ella/s	Ἑλλάς	*(ella/s	urn:cite2:hmt:lsj.chicago_md:n33791	n-s---fn-
Ἑλλάς	*(ella/s	ἑλλά	e(lla/	urn:cite2:hmt:lsj.chicago_md:n33776	n-p---fa-
Ἑλλήνων	*(ellh/nwn	Ἕλλην	*(/ellhn	urn:cite2:hmt:lsj.chicago_md:n33819	n-p---mg-
Ἑλλήνων	*(ellh/nwn	Ἕλλην	*(/ellhn	urn:cite2:hmt:lsj.chicago_md:n33819	n-p---fg-
Ἑρμῆν	*(ermh=n	Ἑρμῆς	*(ermh=s	urn:cite2:hmt:lsj.chicago_md:n42622	n-s---ma-
Ἑσπέρου	*(espe/rou	Ἕσπερος	*(/esperos	urn:cite2:hmt:lsj.chicago_md:n42938	n-s---mg-
Ἑσπέρου	*(espe/rou	ἕσπερος	e(/speros	urn:cite2:hmt:lsj.chicago_md:n42938	n-s---mg-
Ἑσπέρου	*(espe/rou	ἕσπερος	e(/speros	urn:cite2:hmt:lsj.chicago_md:n42938	n-s---fg-
Ἑσπέρου	*(espe/rou	ἕσπερος	e(/speros	urn:cite2:hmt:lsj.chicago_md:n42938	n-s---ng-
Ἕλλησι	*(/ellhsi	Ἕλλην	*(/ellhn	urn:cite2:hmt:lsj.chicago_md:n33819	n-p---md-
Ἕλλησι	*(/ellhsi	Ἕλλην	*(/ellhn	urn:cite2:hmt:lsj.chicago_md:n33819	n-p---fd-
Ἕως	*(/ews	ἕως	e(/ws	urn:cite2:hmt:lsj.chicago_md:n46043	c--------
Ἕως	*(/ews	ἠώς	h)w/s	urn:cite2:hmt:lsj.chicago_md:n47695	n-p---fa-
Ἕως	*(/ews	ἠώς	h)w/s	urn:cite2:hmt:lsj.chicago_md:n47695	n-p---fn-
Ἕως	*(/ews	ἠώς	h)w/s	urn:cite2:hmt:lsj.chicago_md:n47695	n-p---fv-
Ἕως	*(/ews	ἠώς	h)w/s	urn:cite2:hmt:lsj.chicago_md:n47695	n-s---fg-
Ἕως	*(/ews	ἠώς	h)w/s	urn:cite2:hmt:lsj.chicago_md:n47695	n-s---fn-
ἠγωνίσμεθα	h)gwni/smeqa	ἀγωνίζομαι	a)gwni/zomai	urn:cite2:hmt:lsj.chicago_md:n1098	v1plie---
ἠγωνίσμεθα	h)gwni/smeqa	ἀγωνίζομαι	a)gwni/zomai	urn:cite2:hmt:lsj.chicago_md:n1098	v1prie---
ἠδικεῖτ’	h)dikei=t'	ἀδικέω	a)dike/w	urn:cite2:hmt:lsj.chicago_md:n1377	v3siie---
ἠδικεῖτ’	h)dikei=t'	ἀδικέω	a)dike/w	urn:cite2:hmt:lsj.chicago_md:n1377	v2piia---
ἠκόντιζ’	h)ko/ntiz'	ἀκοντίζω	a)konti/zw	urn:cite2:hmt:lsj.chicago_md:n3325	v3siia---
ἠλᾶτ’	h)la=t'	ἀλάομαι	a)la/omai	urn:cite2:hmt:lsj.chicago_md:n3864	v3siie---
ἠλᾶτ’	h)la=t'	ἐλαύνω	e)lau/nw	urn:cite2:hmt:lsj.chicago_md:n33457	v3siie---
ἠλᾶτ’	h)la=t'	ἐλαύνω	e)lau/nw	urn:cite2:hmt:lsj.chicago_md:n33457	v2piia---
ἠμέλησε	h)me/lhse	ἀμελέω	a)mele/w	urn:cite2:hmt:lsj.chicago_md:n5131	v3saia---
ἠξίου	h)ci/ou	ἀξιόω	a)cio/w	urn:cite2:hmt:lsj.chicago_md:n11072	v3siia---
ἠξίου	h)ci/ou	ἐξιόω	e)cio/w	urn:cite2:hmt:lsj.chicago_md:n37398	v3siia---
ἠξίωσε	h)ci/wse	ἀξιόω	a)cio/w	urn:cite2:hmt:lsj.chicago_md:n11072	v3saia---
ἠξίωσε	h)ci/wse	ἐξιόω	e)cio/w	urn:cite2:hmt:lsj.chicago_md:n37398	v3saia---
ἠπείροιν	h)pei/roin	ἤπειρος	h)/peiros	urn:cite2:hmt:lsj.chicago_md:n47462	n-d---fg-
ἠπείροιν	h)pei/roin	ἤπειρος	h)/peiros	urn:cite2:hmt:lsj.chicago_md:n47462	n-d---fd-
ἠρόμην	h)ro/mhn	ἀρόω	a)ro/w	urn:cite2:hmt:lsj.chicago_md:n15388	v1siie---
ἠρόμην	h)ro/mhn	αἴρω	ai)/rw	urn:cite2:hmt:lsj.chicago_md:n2660	v1saim---
ἠρόμην	h)ro/mhn	ἔρομαι	e)/romai	urn:cite2:hmt:lsj.chicago_md:n42648	v1saim---
ἠτρίοις	h)tri/ois	ἤτριον	h)/trion	urn:cite2:hmt:lsj.chicago_md:n47645	n-p---nd-
ἡ	h(	ὁ	o(	urn:cite2:hmt:lsj.chicago_md:n71882	l-s---fn-
ἡ	h(	ὁ	o(	urn:cite2:hmt:lsj.chicago_md:n71882	l-s---fv-
ἡδοναῖς	h(donai=s	ἡδονή	h(donh/	urn:cite2:hmt:lsj.chicago_md:n46650	n-p---fd-
ἡδονά	h(dona/	ἡδονή	h(donh/	urn:cite2:hmt:lsj.chicago_md:n46650	n-d---fn-
ἡδονά	h(dona/	ἡδονή	h(donh/	urn:cite2:hmt:lsj.chicago_md:n46650	n-d---fv-
ἡδονά	h(dona/	ἡδονή	h(donh/	urn:cite2:hmt:lsj.chicago_md:n46650	n-d---fa-
ἡδονά	h(dona/	ἡδονή	h(donh/	urn:cite2:hmt:lsj.chicago_md:n46650	n-s---fn-
ἡδονά	h(dona/	ἡδονή	h(donh/	urn:cite2:hmt:lsj.chicago_md:n46650	n-s---fv-
ἡδονάς	h(dona/s	ἡδονή	h(donh/	urn:cite2:hmt:lsj.chicago_md:n46650	n-p---fa-
ἡδονή	h(donh/	ἡδονή	h(donh/	urn:cite2:hmt:lsj.chicago_md:n46650	n-s---fn-
ἡδονή	h(donh/	ἡδονή	h(donh/	urn:cite2:hmt:lsj.chicago_md:n46650	n-s---fv-
ἡδονήν	h(donh/n	ἡδονή	h(donh/	urn:cite2:hmt:lsj.chicago_md:n46650	n-s---fa-
ἡδονᾶς	h(dona=s	ἡδονή	h(donh/	urn:cite2:hmt:lsj.chicago_md:n46650	n-s---fg-
ἡδονῆς	h(donh=s	ἡδονή	h(donh/	urn:cite2:hmt:lsj.chicago_md:n46650	n-s---fg-
ἡδονῇ	h(donh=|	ἡδονή	h(donh/	urn:cite2:hmt:lsj.chicago_md:n46650	n-s---fd-
ἡδέως	h(de/ws	ἡδέως	h(de/ws	urn:cite2:hmt:lsj.chicago_md:n46645	d--------
ἡδέως	h(de/ws	ἡδύς	h(du/s	urn:cite2:hmt:lsj.chicago_md:n46712	x--------
ἡδέως	h(de/ws	ἡδύς	h(du/s	urn:cite2:hmt:lsj.chicago_md:n46712	x--------
ἡδύ	h(du/	ἡδύς	h(du/s	urn:cite2:hmt:lsj.chicago_md:n46712	a-s---mv-
ἡδύ	h(du/	ἡδύς	h(du/s	urn:cite2:hmt:lsj.chicago_md:n46712	a-s---nn-
ἡδύ	h(du/	ἡδύς	h(du/s	urn:cite2:hmt:lsj.chicago_md:n46712	a-s---nv-
ἡδύ	h(du/	ἡδύς	h(du/s	urn:cite2:hmt:lsj.chicago_md:n46712	a-s---na-
ἡδύ	h(du/	ἡδύς	h(du/s	urn:cite2:hmt:lsj.chicago_md:n46712	n-s---mv-
ἡδύ	h(du/	ἡδύς	h(du/s	urn:cite2:hmt:lsj.chicago_md:n46712	n-s---nn-
ἡδύ	h(du/	ἡδύς	h(du/s	urn:cite2:hmt:lsj.chicago_md:n46712	n-s---nv-
ἡδύ	h(du/	ἡδύς	h(du/s	urn:cite2:hmt:lsj.chicago_md:n46712	n-s---na-
ἡδύς	h(du/s	ἡδύς	h(du/s	urn:cite2:hmt:lsj.chicago_md:n46712	a-s---mn-
ἡδύς	h(du/s	ἡδύς	h(du/s	urn:cite2:hmt:lsj.chicago_md:n46712	n-s---mn-
ἡλίου	h(li/ou	ἥλιος	h(/lios	urn:cite2:hmt:lsj.chicago_md:n46892	n-s---mg-
ἡλίου	h(li/ou	ἡλιόω	h(lio/w	urn:cite2:hmt:lsj.chicago_md:n46907	v3siia---
ἡλίου	h(li/ou	ἡλιόω	h(lio/w	urn:cite2:hmt:lsj.chicago_md:n46907	v2spma---
ἡλίου	h(li/ou	ἡλιόω	h(lio/w	urn:cite2:hmt:lsj.chicago_md:n46907	v3siia---
ἡμερίαν	h(meri/an	ἡμερία	h(meri/a	urn:cite2:hmt:lsj.chicago_md:n46974	n-s---fa-
ἡμεῖς	h(mei=s	ἐγώ	e)gw/	urn:cite2:hmt:lsj.chicago_md:n30657	p-p---mn-
ἡμεῖς	h(mei=s	ἐγώ	e)gw/	urn:cite2:hmt:lsj.chicago_md:n30657	p-p---mv-
ἡμεῖς	h(mei=s	ἐγώ	e)gw/	urn:cite2:hmt:lsj.chicago_md:n30657	p-p---fn-
ἡμεῖς	h(mei=s	ἐγώ	e)gw/	urn:cite2:hmt:lsj.chicago_md:n30657	p-p---fv-
ἡμέρα	h(me/ra	ἥμερος	h(/meros	urn:cite2:hmt:lsj.chicago_md:n47007	a-d---fn-
ἡμέρα	h(me/ra	ἥμερος	h(/meros	urn:cite2:hmt:lsj.chicago_md:n47007	a-d---fv-
ἡμέρα	h(me/ra	ἥμερος	h(/meros	urn:cite2:hmt:lsj.chicago_md:n47007	a-d---fa-
ἡμέρα	h(me/ra	ἥμερος	h(/meros	urn:cite2:hmt:lsj.chicago_md:n47007	a-s---fn-
ἡμέρα	h(me/ra	ἥμερος	h(/meros	urn:cite2:hmt:lsj.chicago_md:n47007	a-s---fv-
ἡμέρα	h(me/ra	ἡμέρα	h(me/ra	urn:cite2:hmt:lsj.chicago_md:n46966	n-d---fn-
ἡμέρα	h(me/ra	ἡμέρα	h(me/ra	urn:cite2:hmt:lsj.chicago_md:n46966	n-d---fv-
ἡμέρα	h(me/ra	ἡμέρα	h(me/ra	urn:cite2:hmt:lsj.chicago_md:n46966	n-d---fa-
ἡμέρα	h(me/ra	ἡμέρα	h(me/ra	urn:cite2:hmt:lsj.chicago_md:n46966	n-s---fn-
ἡμέρα	h(me/ra	ἡμέρα	h(me/ra	urn:cite2:hmt:lsj.chicago_md:n46966	n-s---fv-
ἡμέραν	h(me/ran	ἥμερος	h(/meros	urn:cite2:hmt:lsj.chicago_md:n47007	a-s---fa-
ἡμέραν	h(me/ran	ἡμέρα	h(me/ra	urn:cite2:hmt:lsj.chicago_md:n46966	n-s---fa-
ἡμέρᾳ	h(me/ra|	ἥμερος	h(/meros	urn:cite2:hmt:lsj.chicago_md:n47007	a-s---fd-
ἡμέρᾳ	h(me/ra|	ἡμέρα	h(me/ra	urn:cite2:hmt:lsj.chicago_md:n46966	n-p---fn-
ἡμέρᾳ	h(me/ra|	ἡμέρα	h(me/ra	urn:cite2:hmt:lsj.chicago_md:n46966	n-p---fv-
ἡμέρᾳ	h(me/ra|	ἡμέρα	h(me/ra	urn:cite2:hmt:lsj.chicago_md:n46966	n-s---fd-
ἡμᾶς	h(ma=s	ἐγώ	e)gw/	urn:cite2:hmt:lsj.chicago_md:n30657	p-p---ma-
ἡμᾶς	h(ma=s	ἐγώ	e)gw/	urn:cite2:hmt:lsj.chicago_md:n30657	p-p---fa-
ἡμᾶς	h(ma=s	ἡμός	h(mo/s	urn:cite2:hmt:lsj.chicago_md:n47379	a-s---fg-
ἡμῖν	h(mi=n	ἐγώ	e)gw/	urn:cite2:hmt:lsj.chicago_md:n30657	p-p---md-
ἡμῖν	h(mi=n	ἐγώ	e)gw/	urn:cite2:hmt:lsj.chicago_md:n30657	p-p---fd-
ἡμῶν	h(mw=n	ἐγώ	e)gw/	urn:cite2:hmt:lsj.chicago_md:n30657	p-p---mg-
ἡμῶν	h(mw=n	ἐγώ	e)gw/	urn:cite2:hmt:lsj.chicago_md:n30657	p-p---fg-
ἡμῶν	h(mw=n	ἡμός	h(mo/s	urn:cite2:hmt:lsj.chicago_md:n47379	a-p---fg-
ἡμῶν	h(mw=n	ἡμός	h(mo/s	urn:cite2:hmt:lsj.chicago_md:n47379	a-p---mg-
ἡμῶν	h(mw=n	ἡμός	h(mo/s	urn:cite2:hmt:lsj.chicago_md:n47379	a-p---ng-
ἡνίκα	h(ni/ka	ἡνίκα	h(ni/ka	urn:cite2:hmt:lsj.chicago_md:n47405	d--------
ἡσσώμενον	h(ssw/menon	ἡσσάομαι	h(ssa/omai	urn:cite2:hmt:lsj.chicago_md:n47614	v-sppema-
ἡσσώμενον	h(ssw/menon	ἡσσάομαι	h(ssa/omai	urn:cite2:hmt:lsj.chicago_md:n47614	v-sppenn-
ἡσσώμενον	h(ssw/menon	ἡσσάομαι	h(ssa/omai	urn:cite2:hmt:lsj.chicago_md:n47614	v-sppenv-
ἡσσώμενον	h(ssw/menon	ἡσσάομαι	h(ssa/omai	urn:cite2:hmt:lsj.chicago_md:n47614	v-sppena-
ἡσυχάζων	h(suxa/zwn	ἡσυχάζω	h(suxa/zw	urn:cite2:hmt:lsj.chicago_md:n47620	v-sppamn-
ἤ	h)/	ἤ1	h)/	urn:cite2:hmt:lsj.chicago_md:n46568	c--------
ἤ	h)/	ἤ1	h)/	urn:cite2:hmt:lsj.chicago_md:n46569	c--------
ἤ	h)/	ἤ1	h)/	urn:cite2:hmt:lsj.chicago_md:n46570	c--------
ἤ	h)/	ἤ2	h)/	urn:cite2:hmt:lsj.chicago_md:n46568	x--------
ἤ	h)/	ἤ2	h)/	urn:cite2:hmt:lsj.chicago_md:n46569	x--------
ἤ	h)/	ἤ2	h)/	urn:cite2:hmt:lsj.chicago_md:n46570	x--------
ἤδη	h)/dh	ἤδη	h)/dh	urn:cite2:hmt:lsj.chicago_md:n46646	d--------
ἤδη	h)/dh	ἦδος	h)=dos	urn:cite2:hmt:lsj.chicago_md:n46654	n-p---nn-
ἤδη	h)/dh	ἦδος	h)=dos	urn:cite2:hmt:lsj.chicago_md:n46654	n-p---nv-
ἤδη	h)/dh	ἦδος	h)=dos	urn:cite2:hmt:lsj.chicago_md:n46654	n-p---na-
ἤδη	h)/dh	ἦδος	h)=dos	urn:cite2:hmt:lsj.chicago_md:n46654	n-d---nn-
ἤδη	h)/dh	ἦδος	h)=dos	urn:cite2:hmt:lsj.chicago_md:n46654	n-d---nv-
ἤδη	h)/dh	ἦδος	h)=dos	urn:cite2:hmt:lsj.chicago_md:n46654	n-d---na-
ἤθη	h)/qh	ἦθος	h)=qos	urn:cite2:hmt:lsj.chicago_md:n46782	n-p---nn-
ἤθη	h)/qh	ἦθος	h)=qos	urn:cite2:hmt:lsj.chicago_md:n46782	n-p---nv-
ἤθη	h)/qh	ἦθος	h)=qos	urn:cite2:hmt:lsj.chicago_md:n46782	n-p---na-
ἤθη	h)/qh	ἦθος	h)=qos	urn:cite2:hmt:lsj.chicago_md:n46782	n-d---nn-
ἤθη	h)/qh	ἦθος	h)=qos	urn:cite2:hmt:lsj.chicago_md:n46782	n-d---nv-
ἤθη	h)/qh	ἦθος	h)=qos	urn:cite2:hmt:lsj.chicago_md:n46782	n-d---na-
ἤθη	h)/qh	ἠθέω	h)qe/w	urn:cite2:hmt:lsj.chicago_md:n46759	v3siia---
ἤθη	h)/qh	ἠθέω	h)qe/w	urn:cite2:hmt:lsj.chicago_md:n46759	v2spma---
ἤθη	h)/qh	ἠθέω	h)qe/w	urn:cite2:hmt:lsj.chicago_md:n46759	v3siia---
ἤκουσα	h)/kousa	ἀκούω	a)kou/w	urn:cite2:hmt:lsj.chicago_md:n3398	v1saia---
ἤκουσας	h)/kousas	ἀκούω	a)kou/w	urn:cite2:hmt:lsj.chicago_md:n3398	v2saia---
ἤλαυν’	h)/laun'	ἐλαύνω	e)lau/nw	urn:cite2:hmt:lsj.chicago_md:n33457	v1saia---
ἤλαυν’	h)/laun'	ἐλαύνω	e)lau/nw	urn:cite2:hmt:lsj.chicago_md:n33457	v3saia---
ἤλαυν’	h)/laun'	ἐλαύνω	e)lau/nw	urn:cite2:hmt:lsj.chicago_md:n33457	v3siia---
ἤλθομεν	h)/lqomen	ἔρχομαι	e)/rxomai	urn:cite2:hmt:lsj.chicago_md:n42827	v1paia---
ἤν	h)/n	ἐάν	e)a/n	urn:cite2:hmt:lsj.chicago_md:n29859	c--------
ἤν	h)/n	ἤν	h)/n	urn:cite2:hmt:lsj.chicago_md:n47387	x--------
ἤν	h)/n	ἤν	h)/n	urn:cite2:hmt:lsj.chicago_md:n47388	x--------
ἤνεγκα	h)/negka	φέρω	fe/rw	urn:cite2:hmt:lsj.chicago_md:n110598	v1saia---
ἤνεγκεν	h)/negken	φέρω	fe/rw	urn:cite2:hmt:lsj.chicago_md:n110598	v3saia---
ἤνεγκεν	h)/negken	φέρω	fe/rw	urn:cite2:hmt:lsj.chicago_md:n110598	v3saia---
ἤντησεν	h)/nthsen	ἀντάω	a)nta/w	urn:cite2:hmt:lsj.chicago_md:n9533	v3saia---
ἤρκεσεν	h)/rkesen	ἀρκέω	a)rke/w	urn:cite2:hmt:lsj.chicago_md:n15173	v3saia---
ἤρκεσ’	h)/rkes'	ἀρκέω	a)rke/w	urn:cite2:hmt:lsj.chicago_md:n15173	v1saia---
ἤρκεσ’	h)/rkes'	ἀρκέω	a)rke/w	urn:cite2:hmt:lsj.chicago_md:n15173	v3saia---
ἤσκησαι	h)/skhsai	ἀσκέω	a)ske/w	urn:cite2:hmt:lsj.chicago_md:n16266	v2srie---
ἤτοι	h)/toi	ἤτοι	h)/toi	urn:cite2:hmt:lsj.chicago_md:n47642	g--------
ἥ	h(/	ὁ	o(	urn:cite2:hmt:lsj.chicago_md:n71882	l-s---fn-
ἥ	h(/	ὁ	o(	urn:cite2:hmt:lsj.chicago_md:n71882	l-s---fv-
ἥ	h(/	ὅς	o(/s	urn:cite2:hmt:lsj.chicago_md:n75512	p-s---fn-
ἥ	h(/	ὅς	o(/s	urn:cite2:hmt:lsj.chicago_md:n75513	p-s---fn-
ἥβης	h(/bhs	ἅπτω	a(/ptw	urn:cite2:hmt:lsj.chicago_md:n14568	v2saip---
ἥβης	h(/bhs	ἥβη	h(/bh	urn:cite2:hmt:lsj.chicago_md:n46581	n-s---fg-
ἥβης	h(/bhs	ἡβάω	h(ba/w	urn:cite2:hmt:lsj.chicago_md:n46580	v2siia---
ἥβης	h(/bhs	ἡβάω	h(ba/w	urn:cite2:hmt:lsj.chicago_md:n46580	v2siia---
ἥβης	h(/bhs	ἡβάω	h(ba/w	urn:cite2:hmt:lsj.chicago_md:n46580	v2siia---
ἥβης	h(/bhs	ἡβάω	h(ba/w	urn:cite2:hmt:lsj.chicago_md:n46580	v2spia---
ἥβης	h(/bhs	ἡβάω	h(ba/w	urn:cite2:hmt:lsj.chicago_md:n46580	v2siia---
ἥδε	h(/de	ὅδε	o(/de	urn:cite2:hmt:lsj.chicago_md:n72010	n-s---fn-
ἥδιον	h(/dion	ἡδύς	h(du/s	urn:cite2:hmt:lsj.chicago_md:n46712	a-s---mv-
ἥδιον	h(/dion	ἡδύς	h(du/s	urn:cite2:hmt:lsj.chicago_md:n46712	a-s---fv-
ἥδιον	h(/dion	ἡδύς	h(du/s	urn:cite2:hmt:lsj.chicago_md:n46712	a-s---nn-
ἥδιον	h(/dion	ἡδύς	h(du/s	urn:cite2:hmt:lsj.chicago_md:n46712	a-s---nv-
ἥδιον	h(/dion	ἡδύς	h(du/s	urn:cite2:hmt:lsj.chicago_md:n46712	a-s---na-
ἥκει	h(/kei	ἥκω	h(/kw	urn:cite2:hmt:lsj.chicago_md:n46804	v2spie---
ἥκει	h(/kei	ἥκω	h(/kw	urn:cite2:hmt:lsj.chicago_md:n46804	v3spia---
ἥκεις	h(/keis	ἥκω	h(/kw	urn:cite2:hmt:lsj.chicago_md:n46804	v2spia---
ἥκετ’	h(/ket'	ἥκω	h(/kw	urn:cite2:hmt:lsj.chicago_md:n46804	v3siie---
ἥκετ’	h(/ket'	ἥκω	h(/kw	urn:cite2:hmt:lsj.chicago_md:n46804	v2piia---
ἥκετ’	h(/ket'	ἥκω	h(/kw	urn:cite2:hmt:lsj.chicago_md:n46804	v2ppma---
ἥκετ’	h(/ket'	ἥκω	h(/kw	urn:cite2:hmt:lsj.chicago_md:n46804	v2ppia---
ἥκετ’	h(/ket'	ἥκω	h(/kw	urn:cite2:hmt:lsj.chicago_md:n46804	v3spie---
ἥκετ’	h(/ket'	ἥκω	h(/kw	urn:cite2:hmt:lsj.chicago_md:n46804	v3siie---
ἥκετ’	h(/ket'	ἥκω	h(/kw	urn:cite2:hmt:lsj.chicago_md:n46804	v2piia---
ἥκομεν	h(/komen	ἥκω	h(/kw	urn:cite2:hmt:lsj.chicago_md:n46804	v1piia---
ἥκομεν	h(/komen	ἥκω	h(/kw	urn:cite2:hmt:lsj.chicago_md:n46804	v1ppia---
ἥκομεν	h(/komen	ἥκω	h(/kw	urn:cite2:hmt:lsj.chicago_md:n46804	v1piia---
ἥκουσι	h(/kousi	ἥκω	h(/kw	urn:cite2:hmt:lsj.chicago_md:n46804	v-pppamd-
ἥκουσι	h(/kousi	ἥκω	h(/kw	urn:cite2:hmt:lsj.chicago_md:n46804	v-pppand-
ἥκουσι	h(/kousi	ἥκω	h(/kw	urn:cite2:hmt:lsj.chicago_md:n46804	v3ppia---
ἥκω	h(/kw	ἥκω	h(/kw	urn:cite2:hmt:lsj.chicago_md:n46804	v1spsa---
ἥκω	h(/kw	ἥκω	h(/kw	urn:cite2:hmt:lsj.chicago_md:n46804	v1spia---
ἥκω	h(/kw	ἵημι	i(/hmi	urn:cite2:hmt:lsj.chicago_md:n50165	v2saim---
ἥκω	h(/kw	ἵημι	i(/hmi	urn:cite2:hmt:lsj.chicago_md:n50165	v2saim---
ἥλατο	h(/lato	ἅλλομαι	a(/llomai	urn:cite2:hmt:lsj.chicago_md:n4479	v3saim---
ἥλατο	h(/lato	ἅλλομαι	a(/llomai	urn:cite2:hmt:lsj.chicago_md:n4479	v3saim---
ἥν	h(/n	ὅς	o(/s	urn:cite2:hmt:lsj.chicago_md:n75512	p-s---fa-
ἥν	h(/n	ὅς	o(/s	urn:cite2:hmt:lsj.chicago_md:n75513	p-s---fa-
ἥξειν	h(/cein	ἥκω	h(/kw	urn:cite2:hmt:lsj.chicago_md:n46804	v--fna---
ἥσσων	h(/sswn	ἥσσων	h(/sswn	urn:cite2:hmt:lsj.chicago_md:n47617	a-s---mn-
ἥσσων	h(/sswn	ἥσσων	h(/sswn	urn:cite2:hmt:lsj.chicago_md:n47617	a-s---fn-
ἥτις	h(/tis	ὅστις	o(/stis	urn:cite2:hmt:lsj.chicago_md:n75598	p-s---fn-
ἦ	h)=	εἰμί	ei)mi/	urn:cite2:hmt:lsj.chicago_md:n31130	v1siia---
ἦ	h)=	ἦ	h)=	urn:cite2:hmt:lsj.chicago_md:n46571	d--------
ἦ	h)=	ἦ	h)=	urn:cite2:hmt:lsj.chicago_md:n46571a	d--------
ἦ	h)=	ἦ	h)=	urn:cite2:hmt:lsj.chicago_md:n46572	d--------
ἦ	h)=	ἠμί	h)mi/	urn:cite2:hmt:lsj.chicago_md:n47031	v3siia---
ἦλθεν	h)=lqen	ἔρχομαι	e)/rxomai	urn:cite2:hmt:lsj.chicago_md:n42827	v3saia---
ἦλθεν	h)=lqen	ἔρχομαι	e)/rxomai	urn:cite2:hmt:lsj.chicago_md:n42827	v3saia---
ἦλθες	h)=lqes	ἔρχομαι	e)/rxomai	urn:cite2:hmt:lsj.chicago_md:n42827	v2saia---
ἦλθον	h)=lqon	ἔρχομαι	e)/rxomai	urn:cite2:hmt:lsj.chicago_md:n42827	v3paia---
ἦλθον	h)=lqon	ἔρχομαι	e)/rxomai	urn:cite2:hmt:lsj.chicago_md:n42827	v1saia---
ἦλθές	h)=lqe/s	ἔρχομαι	e)/rxomai	urn:cite2:hmt:lsj.chicago_md:n42827	v2saia---
ἦμαρ	h)=mar	ἦμαρ	h)=mar	urn:cite2:hmt:lsj.chicago_md:n46956	n-s---nn-
ἦμαρ	h)=mar	ἦμαρ	h)=mar	urn:cite2:hmt:lsj.chicago_md:n46956	n-s---nv-
ἦμαρ	h)=mar	ἦμαρ	h)=mar	urn:cite2:hmt:lsj.chicago_md:n46956	n-s---na-
ἦν	h)=n	εἰμί	ei)mi/	urn:cite2:hmt:lsj.chicago_md:n31130	v1siia---
ἦν	h)=n	εἰμί	ei)mi/	urn:cite2:hmt:lsj.chicago_md:n31130	v3piia---
ἦν	h)=n	εἰμί	ei)mi/	urn:cite2:hmt:lsj.chicago_md:n31130	v3siia---
ἦν	h)=n	ἠμί	h)mi/	urn:cite2:hmt:lsj.chicago_md:n47031	v1siia---
ἦρχ’	h)=rx'	ἄρχω	a)/rxw	urn:cite2:hmt:lsj.chicago_md:n16051	v1sria---
ἦρχ’	h)=rx'	ἄρχω	a)/rxw	urn:cite2:hmt:lsj.chicago_md:n16051	v2srma---
ἦρχ’	h)=rx'	ἄρχω	a)/rxw	urn:cite2:hmt:lsj.chicago_md:n16051	v3sria---
ἦρχ’	h)=rx'	ἄρχω	a)/rxw	urn:cite2:hmt:lsj.chicago_md:n16051	v3siia---
ἦρχ’	h)=rx'	αἴρω	ai)/rw	urn:cite2:hmt:lsj.chicago_md:n2660	v1sria---
ἦρχ’	h)=rx'	αἴρω	ai)/rw	urn:cite2:hmt:lsj.chicago_md:n2660	v2srma---
ἦρχ’	h)=rx'	αἴρω	ai)/rw	urn:cite2:hmt:lsj.chicago_md:n2660	v3sria---
ἦσαν	h)=san	εἰμί	ei)mi/	urn:cite2:hmt:lsj.chicago_md:n31130	v3piia---
ἦσθα	h)=sqa	εἰμί	ei)mi/	urn:cite2:hmt:lsj.chicago_md:n31130	v2siia---
ἦσθα	h)=sqa	εἰμί	ei)mi/	urn:cite2:hmt:lsj.chicago_md:n31130	v2spsa---
ἧβαι	h(=bai	ἥβη	h(/bh	urn:cite2:hmt:lsj.chicago_md:n46581	n-p---fn-
ἧβαι	h(=bai	ἥβη	h(/bh	urn:cite2:hmt:lsj.chicago_md:n46581	n-p---fv-
ἧκον	h(=kon	ἥκω	h(/kw	urn:cite2:hmt:lsj.chicago_md:n46804	v3piia---
ἧκον	h(=kon	ἥκω	h(/kw	urn:cite2:hmt:lsj.chicago_md:n46804	v1siia---
ἧκον	h(=kon	ἥκω	h(/kw	urn:cite2:hmt:lsj.chicago_md:n46804	v-sppamv-
ἧκον	h(=kon	ἥκω	h(/kw	urn:cite2:hmt:lsj.chicago_md:n46804	v-sppann-
ἧκον	h(=kon	ἥκω	h(/kw	urn:cite2:hmt:lsj.chicago_md:n46804	v-sppanv-
ἧκον	h(=kon	ἥκω	h(/kw	urn:cite2:hmt:lsj.chicago_md:n46804	v-sppana-
ἧκον	h(=kon	ἥκω	h(/kw	urn:cite2:hmt:lsj.chicago_md:n46804	v3piia---
ἧκον	h(=kon	ἥκω	h(/kw	urn:cite2:hmt:lsj.chicago_md:n46804	v1siia---
ἧς	h(=s	εἷς	ei(=s	urn:cite2:hmt:lsj.chicago_md:n31236	n-s---mn-
ἧς	h(=s	ὅς	o(/s	urn:cite2:hmt:lsj.chicago_md:n75512	p-s---fg-
ἧς	h(=s	ὅς	o(/s	urn:cite2:hmt:lsj.chicago_md:n75513	p-s---fg-
ἧχ’	h(=x'	ἥκω	h(/kw	urn:cite2:hmt:lsj.chicago_md:n46804	v3siia---
ἧχ’	h(=x'	ἥκω	h(/kw	urn:cite2:hmt:lsj.chicago_md:n46804	v2spma---
ἧχ’	h(=x'	ἥκω	h(/kw	urn:cite2:hmt:lsj.chicago_md:n46804	v3siia---
ἧχ’	h(=x'	ἧχι	h(=xi	urn:cite2:hmt:lsj.chicago_md:n47681	d--------
ἧχ’	h(=x'	ἵημι	i(/hmi	urn:cite2:hmt:lsj.chicago_md:n50165	v1saia---
ἧχ’	h(=x'	ἵημι	i(/hmi	urn:cite2:hmt:lsj.chicago_md:n50165	v3saia---
ἧχ’	h(=x'	ἵημι	i(/hmi	urn:cite2:hmt:lsj.chicago_md:n50165	v1saia---
ἧχ’	h(=x'	ἵημι	i(/hmi	urn:cite2:hmt:lsj.chicago_md:n50165	v3saia---
Ἡρακλέης	*(hrakle/hs	Ἡρακλῆς	*(hraklh=s	urn:cite2:hmt:lsj.chicago_md:n47522	n-s---mn-
Ἥλιος	*(/hlios	Ἥλιος	*(/hlios	urn:cite2:hmt:lsj.chicago_md:n46892	n-s---mn-
Ἥλιος	*(/hlios	Ἥλιος	*(/hlios	urn:cite2:hmt:lsj.chicago_md:n46892	n-s---fn-
Ἥλιος	*(/hlios	ἥλιος	h(/lios	urn:cite2:hmt:lsj.chicago_md:n46892	n-s---mn-
ἰατρός	i)atro/s	ἰατρός	i)atro/s	urn:cite2:hmt:lsj.chicago_md:n49761	n-s---mn-
ἰαχᾶς	i)axa=s	ἰαχή	i)axh/	urn:cite2:hmt:lsj.chicago_md:n49777	n-s---fg-
ἰδεῖν	i)dei=n	εἶδον	ei)=don	urn:cite2:hmt:lsj.chicago_md:n30859a	v--ana---
ἰδού	i)dou/	ἰδού	i)dou/	urn:cite2:hmt:lsj.chicago_md:n49924	d--------
ἰδοῦσα	i)dou=sa	εἶδον	ei)=don	urn:cite2:hmt:lsj.chicago_md:n30859a	v-sapafn-
ἰδοῦσα	i)dou=sa	εἶδον	ei)=don	urn:cite2:hmt:lsj.chicago_md:n30859a	v-sapafv-
ἰδίας	i)di/as	ἴδιος	i)/dios	urn:cite2:hmt:lsj.chicago_md:n49875	a-p---fa-
ἰδίας	i)di/as	ἴδιος	i)/dios	urn:cite2:hmt:lsj.chicago_md:n49875	a-s---fg-
ἰδίᾳ	i)di/a|	ἴδιος	i)/dios	urn:cite2:hmt:lsj.chicago_md:n49875	a-s---fd-
ἰδών	i)dw/n	εἶδον	ei)=don	urn:cite2:hmt:lsj.chicago_md:n30859a	v-sapamn-
ἰσχύν	i)sxu/n	ἰσχύς	i)sxu/s	urn:cite2:hmt:lsj.chicago_md:n51366	n-s---fa-
ἰόντες	i)o/ntes	εἶμι	ei)=mi	urn:cite2:hmt:lsj.chicago_md:n31131	v-pppamn-
ἰόντες	i)o/ntes	εἶμι	ei)=mi	urn:cite2:hmt:lsj.chicago_md:n31131	v-pppamv-
ἰόντες	i)o/ntes	εἰμί	ei)mi/	urn:cite2:hmt:lsj.chicago_md:n31130	v-pppamn-
ἰόντες	i)o/ntes	εἰμί	ei)mi/	urn:cite2:hmt:lsj.chicago_md:n31130	v-pppamv-
ἰόντι	i)o/nti	εἶμι	ei)=mi	urn:cite2:hmt:lsj.chicago_md:n31131	v-sppamd-
ἰόντι	i)o/nti	εἶμι	ei)=mi	urn:cite2:hmt:lsj.chicago_md:n31131	v-sppand-
ἰόντι	i)o/nti	εἰμί	ei)mi/	urn:cite2:hmt:lsj.chicago_md:n31130	v-sppamd-
ἰόντι	i)o/nti	εἰμί	ei)mi/	urn:cite2:hmt:lsj.chicago_md:n31130	v-sppand-
ἰόντ’	i)o/nt'	εἶμι	ei)=mi	urn:cite2:hmt:lsj.chicago_md:n31131	v-sppama-
ἰόντ’	i)o/nt'	εἶμι	ei)=mi	urn:cite2:hmt:lsj.chicago_md:n31131	v-pppann-
ἰόντ’	i)o/nt'	εἶμι	ei)=mi	urn:cite2:hmt:lsj.chicago_md:n31131	v-pppanv-
ἰόντ’	i)o/nt'	εἶμι	ei)=mi	urn:cite2:hmt:lsj.chicago_md:n31131	v-pppana-
ἰόντ’	i)o/nt'	εἶμι	ei)=mi	urn:cite2:hmt:lsj.chicago_md:n31131	v-sppamd-
ἰόντ’	i)o/nt'	εἶμι	ei)=mi	urn:cite2:hmt:lsj.chicago_md:n31131	v-sppand-
ἰόντ’	i)o/nt'	εἶμι	ei)=mi	urn:cite2:hmt:lsj.chicago_md:n31131	v-dppamn-
ἰόντ’	i)o/nt'	εἶμι	ei)=mi	urn:cite2:hmt:lsj.chicago_md:n31131	v-dppamv-
ἰόντ’	i)o/nt'	εἶμι	ei)=mi	urn:cite2:hmt:lsj.chicago_md:n31131	v-dppama-
ἰόντ’	i)o/nt'	εἶμι	ei)=mi	urn:cite2:hmt:lsj.chicago_md:n31131	v-dppann-
ἰόντ’	i)o/nt'	εἶμι	ei)=mi	urn:cite2:hmt:lsj.chicago_md:n31131	v-dppanv-
ἰόντ’	i)o/nt'	εἶμι	ei)=mi	urn:cite2:hmt:lsj.chicago_md:n31131	v-dppana-
ἰόντ’	i)o/nt'	εἰμί	ei)mi/	urn:cite2:hmt:lsj.chicago_md:n31130	v-sppama-
ἰόντ’	i)o/nt'	εἰμί	ei)mi/	urn:cite2:hmt:lsj.chicago_md:n31130	v-pppann-
ἰόντ’	i)o/nt'	εἰμί	ei)mi/	urn:cite2:hmt:lsj.chicago_md:n31130	v-pppanv-
ἰόντ’	i)o/nt'	εἰμί	ei)mi/	urn:cite2:hmt:lsj.chicago_md:n31130	v-pppana-
ἰόντ’	i)o/nt'	εἰμί	ei)mi/	urn:cite2:hmt:lsj.chicago_md:n31130	v-sppamd-
ἰόντ’	i)o/nt'	εἰμί	ei)mi/	urn:cite2:hmt:lsj.chicago_md:n31130	v-sppand-
ἰόντ’	i)o/nt'	εἰμί	ei)mi/	urn:cite2:hmt:lsj.chicago_md:n31130	v-dppamn-
ἰόντ’	i)o/nt'	εἰμί	ei)mi/	urn:cite2:hmt:lsj.chicago_md:n31130	v-dppamv-
ἰόντ’	i)o/nt'	εἰμί	ei)mi/	urn:cite2:hmt:lsj.chicago_md:n31130	v-dppama-
ἰόντ’	i)o/nt'	εἰμί	ei)mi/	urn:cite2:hmt:lsj.chicago_md:n31130	v-dppann-
ἰόντ’	i)o/nt'	εἰμί	ei)mi/	urn:cite2:hmt:lsj.chicago_md:n31130	v-dppanv-
ἰόντ’	i)o/nt'	εἰμί	ei)mi/	urn:cite2:hmt:lsj.chicago_md:n31130	v-dppana-
ἰός	i)o/s	ἰόσ1	i)o/s	urn:cite2:hmt:lsj.chicago_md:n50605	n-s---mn-
ἰός	i)o/s	ἰόσ1	i)o/s	urn:cite2:hmt:lsj.chicago_md:n50606	n-s---mn-
ἰός	i)o/s	ἰόσ1	i)o/s	urn:cite2:hmt:lsj.chicago_md:n50607	n-s---mn-
ἰός	i)o/s	ἰόσ1	i)o/s	urn:cite2:hmt:lsj.chicago_md:n50608	n-s---mn-
ἰός	i)o/s	ἰόσ2	i)o/s	urn:cite2:hmt:lsj.chicago_md:n50605	n-s---mn-
ἰός	i)o/s	ἰόσ2	i)o/s	urn:cite2:hmt:lsj.chicago_md:n50606	n-s---mn-
ἰός	i)o/s	ἰόσ2	i)o/s	urn:cite2:hmt:lsj.chicago_md:n50607	n-s---mn-
ἰός	i)o/s	ἰόσ2	i)o/s	urn:cite2:hmt:lsj.chicago_md:n50608	n-s---mn-
ἰώ	i)w/	ἰόσ1	i)o/s	urn:cite2:hmt:lsj.chicago_md:n50605	n-d---mn-
ἰώ	i)w/	ἰόσ1	i)o/s	urn:cite2:hmt:lsj.chicago_md:n50606	n-d---mn-
ἰώ	i)w/	ἰόσ1	i)o/s	urn:cite2:hmt:lsj.chicago_md:n50607	n-d---mn-
ἰώ	i)w/	ἰόσ1	i)o/s	urn:cite2:hmt:lsj.chicago_md:n50608	n-d---mn-
ἰώ	i)w/	ἰόσ1	i)o/s	urn:cite2:hmt:lsj.chicago_md:n50605	n-d---mv-
ἰώ	i)w/	ἰόσ1	i)o/s	urn:cite2:hmt:lsj.chicago_md:n50606	n-d---mv-
ἰώ	i)w/	ἰόσ1	i)o/s	urn:cite2:hmt:lsj.chicago_md:n50607	n-d---mv-
ἰώ	i)w/	ἰόσ1	i)o/s	urn:cite2:hmt:lsj.chicago_md:n50608	n-d---mv-
ἰώ	i)w/	ἰόσ1	i)o/s	urn:cite2:hmt:lsj.chicago_md:n50605	n-d---ma-
ἰώ	i)w/	ἰόσ1	i)o/s	urn:cite2:hmt:lsj.chicago_md:n50606	n-d---ma-
ἰώ	i)w/	ἰόσ1	i)o/s	urn:cite2:hmt:lsj.chicago_md:n50607	n-d---ma-
ἰώ	i)w/	ἰόσ1	i)o/s	urn:cite2:hmt:lsj.chicago_md:n50608	n-d---ma-
ἰώ	i)w/	ἰόσ1	i)o/s	urn:cite2:hmt:lsj.chicago_md:n50605	n-d---nn-
ἰώ	i)w/	ἰόσ1	i)o/s	urn:cite2:hmt:lsj.chicago_md:n50606	n-d---nn-
ἰώ	i)w/	ἰόσ1	i)o/s	urn:cite2:hmt:lsj.chicago_md:n50607	n-d---nn-
ἰώ	i)w/	ἰόσ1	i)o/s	urn:cite2:hmt:lsj.chicago_md:n50608	n-d---nn-
ἰώ	i)w/	ἰόσ1	i)o/s	urn:cite2:hmt:lsj.chicago_md:n50605	n-d---nv-
ἰώ	i)w/	ἰόσ1	i)o/s	urn:cite2:hmt:lsj.chicago_md:n50606	n-d---nv-
ἰώ	i)w/	ἰόσ1	i)o/s	urn:cite2:hmt:lsj.chicago_md:n50607	n-d---nv-
ἰώ	i)w/	ἰόσ1	i)o/s	urn:cite2:hmt:lsj.chicago_md:n50608	n-d---nv-
ἰώ	i)w/	ἰόσ1	i)o/s	urn:cite2:hmt:lsj.chicago_md:n50605	n-d---na-
ἰώ	i)w/	ἰόσ1	i)o/s	urn:cite2:hmt:lsj.chicago_md:n50606	n-d---na-
ἰώ	i)w/	ἰόσ1	i)o/s	urn:cite2:hmt:lsj.chicago_md:n50607	n-d---na-
ἰώ	i)w/	ἰόσ1	i)o/s	urn:cite2:hmt:lsj.chicago_md:n50608	n-d---na-
ἰώ	i)w/	ἰόσ2	i)o/s	urn:cite2:hmt:lsj.chicago_md:n50605	n-d---mn-
ἰώ	i)w/	ἰόσ2	i)o/s	urn:cite2:hmt:lsj.chicago_md:n50606	n-d---mn-
ἰώ	i)w/	ἰόσ2	i)o/s	urn:cite2:hmt:lsj.chicago_md:n50607	n-d---mn-
ἰώ	i)w/	ἰόσ2	i)o/s	urn:cite2:hmt:lsj.chicago_md:n50608	n-d---mn-
ἰώ	i)w/	ἰόσ2	i)o/s	urn:cite2:hmt:lsj.chicago_md:n50605	n-d---mv-
ἰώ	i)w/	ἰόσ2	i)o/s	urn:cite2:hmt:lsj.chicago_md:n50606	n-d---mv-
ἰώ	i)w/	ἰόσ2	i)o/s	urn:cite2:hmt:lsj.chicago_md:n50607	n-d---mv-
ἰώ	i)w/	ἰόσ2	i)o/s	urn:cite2:hmt:lsj.chicago_md:n50608	n-d---mv-
ἰώ	i)w/	ἰόσ2	i)o/s	urn:cite2:hmt:lsj.chicago_md:n50605	n-d---ma-
ἰώ	i)w/	ἰόσ2	i)o/s	urn:cite2:hmt:lsj.chicago_md:n50606	n-d---ma-
ἰώ	i)w/	ἰόσ2	i)o/s	urn:cite2:hmt:lsj.chicago_md:n50607	n-d---ma-
ἰώ	i)w/	ἰόσ2	i)o/s	urn:cite2:hmt:lsj.chicago_md:n50608	n-d---ma-
ἰώ	i)w/	ἰώ	i)w/	urn:cite2:hmt:lsj.chicago_md:n51546	x--------
ἰώ	i)w/	ἰώ	i)w/	urn:cite2:hmt:lsj.chicago_md:n51547	x--------
ἱδρύεθ’	i(dru/eq'	ἱδρύω	i(dru/w	urn:cite2:hmt:lsj.chicago_md:n49933	v3siie---
ἱδρύεθ’	i(dru/eq'	ἱδρύω	i(dru/w	urn:cite2:hmt:lsj.chicago_md:n49933	v2piia---
ἱδρύεθ’	i(dru/eq'	ἱδρύω	i(dru/w	urn:cite2:hmt:lsj.chicago_md:n49933	v2ppma---
ἱδρύεθ’	i(dru/eq'	ἱδρύω	i(dru/w	urn:cite2:hmt:lsj.chicago_md:n49933	v2ppia---
ἱδρύεθ’	i(dru/eq'	ἱδρύω	i(dru/w	urn:cite2:hmt:lsj.chicago_md:n49933	v3spie---
ἱδρύεθ’	i(dru/eq'	ἱδρύω	i(dru/w	urn:cite2:hmt:lsj.chicago_md:n49933	v3siie---
ἱδρύεθ’	i(dru/eq'	ἱδρύω	i(dru/w	urn:cite2:hmt:lsj.chicago_md:n49933	v2piia---
ἱδρῶτα	i(drw=ta	ἱδρώς	i(drw/s	urn:cite2:hmt:lsj.chicago_md:n49938	n-s---ma-
ἱεραί	i(erai/	ἱερά	i(era/	urn:cite2:hmt:lsj.chicago_md:n49955	n-p---fn-
ἱεραί	i(erai/	ἱερά	i(era/	urn:cite2:hmt:lsj.chicago_md:n49955	n-p---fv-
ἱεραί	i(erai/	ἱερή	i(erh/	urn:cite2:hmt:lsj.chicago_md:n50009	n-p---fn-
ἱεραί	i(erai/	ἱερή	i(erh/	urn:cite2:hmt:lsj.chicago_md:n50009	n-p---fv-
ἱεραί	i(erai/	ἱερός	i(ero/s	urn:cite2:hmt:lsj.chicago_md:n50093	a-p---fn-
ἱεραί	i(erai/	ἱερός	i(ero/s	urn:cite2:hmt:lsj.chicago_md:n50093	a-p---fv-
ἱεραῖσιν	i(erai=sin	ἱερά	i(era/	urn:cite2:hmt:lsj.chicago_md:n49955	n-p---fd-
ἱεραῖσιν	i(erai=sin	ἱερή	i(erh/	urn:cite2:hmt:lsj.chicago_md:n50009	n-p---fd-
ἱεραῖσιν	i(erai=sin	ἱερός	i(ero/s	urn:cite2:hmt:lsj.chicago_md:n50093	a-p---fd-
ἱερούς	i(erou/s	ἱερός	i(ero/s	urn:cite2:hmt:lsj.chicago_md:n50093	a-p---ma-
ἱερούς	i(erou/s	ἱερός	i(ero/s	urn:cite2:hmt:lsj.chicago_md:n50093	n-p---ma-
ἱερούς	i(erou/s	ἱερός	i(ero/s	urn:cite2:hmt:lsj.chicago_md:n50093	n-p---fa-
ἱεροῖς	i(eroi=s	ἱερόν	i(ero/n	urn:cite2:hmt:lsj.chicago_md:n50073	n-p---nd-
ἱεροῖς	i(eroi=s	ἱερός	i(ero/s	urn:cite2:hmt:lsj.chicago_md:n50093	a-p---md-
ἱεροῖς	i(eroi=s	ἱερός	i(ero/s	urn:cite2:hmt:lsj.chicago_md:n50093	a-p---nd-
ἱεροῖς	i(eroi=s	ἱερός	i(ero/s	urn:cite2:hmt:lsj.chicago_md:n50093	n-p---md-
ἱεροῖς	i(eroi=s	ἱερός	i(ero/s	urn:cite2:hmt:lsj.chicago_md:n50093	n-p---fd-
ἱεροῖς	i(eroi=s	ἱερός	i(ero/s	urn:cite2:hmt:lsj.chicago_md:n50093	n-p---nd-
ἱεροῖς	i(eroi=s	ἱερόω	i(ero/w	urn:cite2:hmt:lsj.chicago_md:n50137	v2spoa---
ἱεροῖς	i(eroi=s	ἱερόω	i(ero/w	urn:cite2:hmt:lsj.chicago_md:n50137	v2spsa---
ἱεροῖς	i(eroi=s	ἱερόω	i(ero/w	urn:cite2:hmt:lsj.chicago_md:n50137	v2spia---
ἱερά	i(era/	ἱερά	i(era/	urn:cite2:hmt:lsj.chicago_md:n49955	n-d---fn-
ἱερά	i(era/	ἱερά	i(era/	urn:cite2:hmt:lsj.chicago_md:n49955	n-d---fv-
ἱερά	i(era/	ἱερά	i(era/	urn:cite2:hmt:lsj.chicago_md:n49955	n-d---fa-
ἱερά	i(era/	ἱερά	i(era/	urn:cite2:hmt:lsj.chicago_md:n49955	n-s---fn-
ἱερά	i(era/	ἱερά	i(era/	urn:cite2:hmt:lsj.chicago_md:n49955	n-s---fv-
ἱερά	i(era/	ἱερή	i(erh/	urn:cite2:hmt:lsj.chicago_md:n50009	n-d---fn-
ἱερά	i(era/	ἱερή	i(erh/	urn:cite2:hmt:lsj.chicago_md:n50009	n-d---fv-
ἱερά	i(era/	ἱερή	i(erh/	urn:cite2:hmt:lsj.chicago_md:n50009	n-d---fa-
ἱερά	i(era/	ἱερή	i(erh/	urn:cite2:hmt:lsj.chicago_md:n50009	n-s---fn-
ἱερά	i(era/	ἱερή	i(erh/	urn:cite2:hmt:lsj.chicago_md:n50009	n-s---fv-
ἱερά	i(era/	ἱερόν	i(ero/n	urn:cite2:hmt:lsj.chicago_md:n50073	n-p---nn-
ἱερά	i(era/	ἱερόν	i(ero/n	urn:cite2:hmt:lsj.chicago_md:n50073	n-p---nv-
ἱερά	i(era/	ἱερόν	i(ero/n	urn:cite2:hmt:lsj.chicago_md:n50073	n-p---na-
ἱερά	i(era/	ἱερός	i(ero/s	urn:cite2:hmt:lsj.chicago_md:n50093	a-p---nn-
ἱερά	i(era/	ἱερός	i(ero/s	urn:cite2:hmt:lsj.chicago_md:n50093	a-p---nv-
ἱερά	i(era/	ἱερός	i(ero/s	urn:cite2:hmt:lsj.chicago_md:n50093	a-p---na-
ἱερά	i(era/	ἱερός	i(ero/s	urn:cite2:hmt:lsj.chicago_md:n50093	a-d---fn-
ἱερά	i(era/	ἱερός	i(ero/s	urn:cite2:hmt:lsj.chicago_md:n50093	a-d---fv-
ἱερά	i(era/	ἱερός	i(ero/s	urn:cite2:hmt:lsj.chicago_md:n50093	a-d---fa-
ἱερά	i(era/	ἱερός	i(ero/s	urn:cite2:hmt:lsj.chicago_md:n50093	a-s---fn-
ἱερά	i(era/	ἱερός	i(ero/s	urn:cite2:hmt:lsj.chicago_md:n50093	a-s---fv-
ἱερά	i(era/	ἱερός	i(ero/s	urn:cite2:hmt:lsj.chicago_md:n50093	n-p---nn-
ἱερά	i(era/	ἱερός	i(ero/s	urn:cite2:hmt:lsj.chicago_md:n50093	n-p---nv-
ἱερά	i(era/	ἱερός	i(ero/s	urn:cite2:hmt:lsj.chicago_md:n50093	n-p---na-
ἱεράν	i(era/n	ἱερά	i(era/	urn:cite2:hmt:lsj.chicago_md:n49955	n-s---fa-
ἱεράν	i(era/n	ἱερή	i(erh/	urn:cite2:hmt:lsj.chicago_md:n50009	n-s---fa-
ἱεράν	i(era/n	ἱερός	i(ero/s	urn:cite2:hmt:lsj.chicago_md:n50093	a-s---fa-
ἱεράς	i(era/s	ἱερά	i(era/	urn:cite2:hmt:lsj.chicago_md:n49955	n-p---fa-
ἱεράς	i(era/s	ἱερή	i(erh/	urn:cite2:hmt:lsj.chicago_md:n50009	n-p---fa-
ἱεράς	i(era/s	ἱερός	i(ero/s	urn:cite2:hmt:lsj.chicago_md:n50093	a-p---fa-
ἱερόν	i(ero/n	ἱερόν	i(ero/n	urn:cite2:hmt:lsj.chicago_md:n50073	n-s---nn-
ἱερόν	i(ero/n	ἱερόν	i(ero/n	urn:cite2:hmt:lsj.chicago_md:n50073	n-s---nv-
ἱερόν	i(ero/n	ἱερόν	i(ero/n	urn:cite2:hmt:lsj.chicago_md:n50073	n-s---na-
ἱερόν	i(ero/n	ἱερός	i(ero/s	urn:cite2:hmt:lsj.chicago_md:n50093	a-s---ma-
ἱερόν	i(ero/n	ἱερός	i(ero/s	urn:cite2:hmt:lsj.chicago_md:n50093	a-s---nn-
ἱερόν	i(ero/n	ἱερός	i(ero/s	urn:cite2:hmt:lsj.chicago_md:n50093	a-s---nv-
ἱερόν	i(ero/n	ἱερός	i(ero/s	urn:cite2:hmt:lsj.chicago_md:n50093	a-s---na-
ἱερόν	i(ero/n	ἱερός	i(ero/s	urn:cite2:hmt:lsj.chicago_md:n50093	n-s---ma-
ἱερόν	i(ero/n	ἱερός	i(ero/s	urn:cite2:hmt:lsj.chicago_md:n50093	n-s---fa-
ἱερόν	i(ero/n	ἱερός	i(ero/s	urn:cite2:hmt:lsj.chicago_md:n50093	n-s---nn-
ἱερόν	i(ero/n	ἱερός	i(ero/s	urn:cite2:hmt:lsj.chicago_md:n50093	n-s---nv-
ἱερόν	i(ero/n	ἱερός	i(ero/s	urn:cite2:hmt:lsj.chicago_md:n50093	n-s---na-
ἱερῷ	i(erw=|	ἱεράζω	i(era/zw	urn:cite2:hmt:lsj.chicago_md:n49959	v3sfoa---
ἱερῷ	i(erw=|	ἱερόν	i(ero/n	urn:cite2:hmt:lsj.chicago_md:n50073	n-s---nd-
ἱερῷ	i(erw=|	ἱερός	i(ero/s	urn:cite2:hmt:lsj.chicago_md:n50093	a-s---md-
ἱερῷ	i(erw=|	ἱερός	i(ero/s	urn:cite2:hmt:lsj.chicago_md:n50093	a-s---nd-
ἱερῷ	i(erw=|	ἱερός	i(ero/s	urn:cite2:hmt:lsj.chicago_md:n50093	n-s---md-
ἱερῷ	i(erw=|	ἱερός	i(ero/s	urn:cite2:hmt:lsj.chicago_md:n50093	n-s---fd-
ἱερῷ	i(erw=|	ἱερός	i(ero/s	urn:cite2:hmt:lsj.chicago_md:n50093	n-s---nd-
ἱκετεύσατε	i(keteu/sate	ἱκετεύω	i(keteu/w	urn:cite2:hmt:lsj.chicago_md:n50257	v2pama---
ἱκετεύσατε	i(keteu/sate	ἱκετεύω	i(keteu/w	urn:cite2:hmt:lsj.chicago_md:n50257	v2paia---
ἱκετεύσατε	i(keteu/sate	ἱκετεύω	i(keteu/w	urn:cite2:hmt:lsj.chicago_md:n50257	v2paia---
ἱκετεύω	i(keteu/w	ἱκετεύω	i(keteu/w	urn:cite2:hmt:lsj.chicago_md:n50257	v1spsa---
ἱκετεύω	i(keteu/w	ἱκετεύω	i(keteu/w	urn:cite2:hmt:lsj.chicago_md:n50257	v1spia---
ἱκοίμην	i(koi/mhn	ἱκνέομαι	i(kne/omai	urn:cite2:hmt:lsj.chicago_md:n50284	v1saom---
ἱκέτιν	i(ke/tin	ἱκέτις	i(ke/tis	urn:cite2:hmt:lsj.chicago_md:n50263	n-s---fa-
ἱκέτις	i(ke/tis	ἱκέτις	i(ke/tis	urn:cite2:hmt:lsj.chicago_md:n50263	n-s---fn-
ἱππείας	i(ppei/as	ἵππειος	i(/ppeios	urn:cite2:hmt:lsj.chicago_md:n50695	a-p---fa-
ἱππείας	i(ppei/as	ἵππειος	i(/ppeios	urn:cite2:hmt:lsj.chicago_md:n50695	a-s---fg-
ἱππείας	i(ppei/as	ἱππεία	i(ppei/a	urn:cite2:hmt:lsj.chicago_md:n50694	n-p---fa-
ἱππείας	i(ppei/as	ἱππεία	i(ppei/a	urn:cite2:hmt:lsj.chicago_md:n50694	n-s---fg-
ἱππεύοντος	i(ppeu/ontos	ἱππεύω	i(ppeu/w	urn:cite2:hmt:lsj.chicago_md:n50706	v-sppamg-
ἱππεύοντος	i(ppeu/ontos	ἱππεύω	i(ppeu/w	urn:cite2:hmt:lsj.chicago_md:n50706	v-sppang-
ἱστορεῖς	i(storei=s	ἱστορέω	i(store/w	urn:cite2:hmt:lsj.chicago_md:n51256	v2spia---
ἱστορούσῃ	i(storou/sh|	ἱστορέω	i(store/w	urn:cite2:hmt:lsj.chicago_md:n51256	v-sppafd-
ἱστορήσω	i(storh/sw	ἱστορέω	i(store/w	urn:cite2:hmt:lsj.chicago_md:n51256	v2saim---
ἱστορήσω	i(storh/sw	ἱστορέω	i(store/w	urn:cite2:hmt:lsj.chicago_md:n51256	v1sasa---
ἱστορήσω	i(storh/sw	ἱστορέω	i(store/w	urn:cite2:hmt:lsj.chicago_md:n51256	v1sfia---
ἱστορήσω	i(storh/sw	ἱστορέω	i(store/w	urn:cite2:hmt:lsj.chicago_md:n51256	v1stia---
ἱστορήσω	i(storh/sw	ἱστορέω	i(store/w	urn:cite2:hmt:lsj.chicago_md:n51256	v2saim---
ἱστορῶν	i(storw=n	ἱστορέω	i(store/w	urn:cite2:hmt:lsj.chicago_md:n51256	v-sppamn-
ἱστῶν	i(stw=n	ἱστάω	i(sta/w	urn:cite2:hmt:lsj.chicago_md:n51237	v-sppamv-
ἱστῶν	i(stw=n	ἱστάω	i(sta/w	urn:cite2:hmt:lsj.chicago_md:n51237	v-sppann-
ἱστῶν	i(stw=n	ἱστάω	i(sta/w	urn:cite2:hmt:lsj.chicago_md:n51237	v-sppanv-
ἱστῶν	i(stw=n	ἱστάω	i(sta/w	urn:cite2:hmt:lsj.chicago_md:n51237	v-sppana-
ἱστῶν	i(stw=n	ἱστάω	i(sta/w	urn:cite2:hmt:lsj.chicago_md:n51237	v-sppamn-
ἱστῶν	i(stw=n	ἱστός	i(sto/s	urn:cite2:hmt:lsj.chicago_md:n51269	n-p---mg-
ἴδεσθε	i)/desqe	εἶδον	ei)=don	urn:cite2:hmt:lsj.chicago_md:n30859a	v2pamm---
ἴδεσθε	i)/desqe	εἶδον	ei)=don	urn:cite2:hmt:lsj.chicago_md:n30859a	v2paim---
ἴση	i)/sh	ἴσος	i)/sos	urn:cite2:hmt:lsj.chicago_md:n51148	a-s---fn-
ἴση	i)/sh	ἴσος	i)/sos	urn:cite2:hmt:lsj.chicago_md:n51148	a-s---fv-
ἴση	i)/sh	ἴσος	i)/sos	urn:cite2:hmt:lsj.chicago_md:n51148	a-s---fn-
ἴση	i)/sh	ἴσος	i)/sos	urn:cite2:hmt:lsj.chicago_md:n51148	a-s---fv-
ἴσμεν	i)/smen	οἶδα	oi)=da	urn:cite2:hmt:lsj.chicago_md:n72202	v1pria---
ἴσον	i)/son	ἴσος	i)/sos	urn:cite2:hmt:lsj.chicago_md:n51148	a-s---ma-
ἴσον	i)/son	ἴσος	i)/sos	urn:cite2:hmt:lsj.chicago_md:n51148	a-s---nn-
ἴσον	i)/son	ἴσος	i)/sos	urn:cite2:hmt:lsj.chicago_md:n51148	a-s---nv-
ἴσον	i)/son	ἴσος	i)/sos	urn:cite2:hmt:lsj.chicago_md:n51148	a-s---na-
ἴστω	i)/stw	οἶδα	oi)=da	urn:cite2:hmt:lsj.chicago_md:n72202	v3srma---
ἴσως	i)/sws	ἴσος	i)/sos	urn:cite2:hmt:lsj.chicago_md:n51148	x--------
ἴσως	i)/sws	ἴσος	i)/sos	urn:cite2:hmt:lsj.chicago_md:n51148	a-p---ma-
ἴσως	i)/sws	ἴσος	i)/sos	urn:cite2:hmt:lsj.chicago_md:n51148	x--------
ἴσως	i)/sws	ἴσος	i)/sos	urn:cite2:hmt:lsj.chicago_md:n51148	a-p---ma-
ἴσως	i)/sws	ἴσως	i)/sws	urn:cite2:hmt:lsj.chicago_md:n51373	d--------
ἴσως	i)/sws	ἰσόω	i)so/w	urn:cite2:hmt:lsj.chicago_md:n51224	v2siia---
ἴσως	i)/sws	ἰσόω	i)so/w	urn:cite2:hmt:lsj.chicago_md:n51224	v2siia---
ἴσωσεν	i)/swsen	ἰσόω	i)so/w	urn:cite2:hmt:lsj.chicago_md:n51224	v3saia---
ἴσωσεν	i)/swsen	ἰσόω	i)so/w	urn:cite2:hmt:lsj.chicago_md:n51224	v3saia---
ἴτυν	i)/tun	ἴτυς	i)/tus	urn:cite2:hmt:lsj.chicago_md:n51407	n-s---fa-
ἴτυν	i)/tun	ἴτυς	i)/tus	urn:cite2:hmt:lsj.chicago_md:n51408	n-s---fa-
ἴτω	i)/tw	εἶμι	ei)=mi	urn:cite2:hmt:lsj.chicago_md:n31131	v3spma---
ἴτω	i)/tw	ἴτης	i)/ths	urn:cite2:hmt:lsj.chicago_md:n51394	n-s---mg-
ἴτω	i)/tw	ἴτον	i)/ton	urn:cite2:hmt:lsj.chicago_md:n51398	n-d---nn-
ἴτω	i)/tw	ἴτον	i)/ton	urn:cite2:hmt:lsj.chicago_md:n51398	n-d---nv-
ἴτω	i)/tw	ἴτον	i)/ton	urn:cite2:hmt:lsj.chicago_md:n51398	n-d---na-
ἴτω	i)/tw	ἴτον	i)/ton	urn:cite2:hmt:lsj.chicago_md:n51398	n-s---ng-
ἴχνος	i)/xnos	ἴχνος	i)/xnos	urn:cite2:hmt:lsj.chicago_md:n51530	n-s---nn-
ἴχνος	i)/xnos	ἴχνος	i)/xnos	urn:cite2:hmt:lsj.chicago_md:n51530	n-s---nv-
ἴχνος	i)/xnos	ἴχνος	i)/xnos	urn:cite2:hmt:lsj.chicago_md:n51530	n-s---na-
ἴῃς	i)/h|s	εἶμι	ei)=mi	urn:cite2:hmt:lsj.chicago_md:n31131	v2spsa---
ἵδρυσον	i(/druson	ἱδρύω	i(dru/w	urn:cite2:hmt:lsj.chicago_md:n49933	v2sama---
ἵζε	i(/ze	ἵζω	i(/zw	urn:cite2:hmt:lsj.chicago_md:n50158	v2spma---
ἵζε	i(/ze	ἵζω	i(/zw	urn:cite2:hmt:lsj.chicago_md:n50158	v3siia---
ἵζειν	i(/zein	ἵζω	i(/zw	urn:cite2:hmt:lsj.chicago_md:n50158	v--pna---
ἵζου	i(/zou	ἵζω	i(/zw	urn:cite2:hmt:lsj.chicago_md:n50158	v2siie---
ἵζου	i(/zou	ἵζω	i(/zw	urn:cite2:hmt:lsj.chicago_md:n50158	v2spme---
ἵζου	i(/zou	ἵζω	i(/zw	urn:cite2:hmt:lsj.chicago_md:n50158	v2siie---
ἵκοιθ’	i(/koiq'	ἵκω	i(/kw	urn:cite2:hmt:lsj.chicago_md:n50322	v2ppoa---
ἵκοιθ’	i(/koiq'	ἱκνέομαι	i(kne/omai	urn:cite2:hmt:lsj.chicago_md:n50284	v3saom---
ἵκοιθ’	i(/koiq'	ἱκνέομαι	i(kne/omai	urn:cite2:hmt:lsj.chicago_md:n50284	v2paoa---
ἵνα	i(/na	ἵνα	i(/na	urn:cite2:hmt:lsj.chicago_md:n50492	d--------
ἵνα	i(/na	ἵνα	i(/na	urn:cite2:hmt:lsj.chicago_md:n50492	c--------
ἵξεται	i(/cetai	ἵζω	i(/zw	urn:cite2:hmt:lsj.chicago_md:n50158	v3sasm---
ἵξεται	i(/cetai	ἱκνέομαι	i(kne/omai	urn:cite2:hmt:lsj.chicago_md:n50284	v3sfim---
ἵππου	i(/ppou	ἵππος	i(/ppos	urn:cite2:hmt:lsj.chicago_md:n50824	n-s---mg-
ἵππου	i(/ppou	ἵππος	i(/ppos	urn:cite2:hmt:lsj.chicago_md:n50824	n-s---fg-
ἵππους	i(/ppous	ἵππος	i(/ppos	urn:cite2:hmt:lsj.chicago_md:n50824	n-p---ma-
ἵππους	i(/ppous	ἵππος	i(/ppos	urn:cite2:hmt:lsj.chicago_md:n50824	n-p---fa-
Ἰώ	*)iw/	Ἰόν	*)io/n	urn:cite2:hmt:lsj.chicago_md:n50595	n-d---nn-
Ἰώ	*)iw/	Ἰόν	*)io/n	urn:cite2:hmt:lsj.chicago_md:n50595	n-d---nv-
Ἰώ	*)iw/	Ἰόν	*)io/n	urn:cite2:hmt:lsj.chicago_md:n50595	n-d---na-
Ἰώ	*)iw/	Ἰώ	*)iw/	urn:cite2:hmt:lsj.chicago_md:n51545	n-s---fn-
Ἰώ	*)iw/	Ἰώ	*)iw/	urn:cite2:hmt:lsj.chicago_md:n51546	n-s---fn-
Ἰώ	*)iw/	Ἰώ	*)iw/	urn:cite2:hmt:lsj.chicago_md:n51547	n-s---fn-
Ἰώ	*)iw/	ἰόσ1	i)o/s	urn:cite2:hmt:lsj.chicago_md:n50605	n-d---mn-
Ἰώ	*)iw/	ἰόσ1	i)o/s	urn:cite2:hmt:lsj.chicago_md:n50606	n-d---mn-
Ἰώ	*)iw/	ἰόσ1	i)o/s	urn:cite2:hmt:lsj.chicago_md:n50607	n-d---mn-
Ἰώ	*)iw/	ἰόσ1	i)o/s	urn:cite2:hmt:lsj.chicago_md:n50608	n-d---mn-
Ἰώ	*)iw/	ἰόσ1	i)o/s	urn:cite2:hmt:lsj.chicago_md:n50605	n-d---mv-
Ἰώ	*)iw/	ἰόσ1	i)o/s	urn:cite2:hmt:lsj.chicago_md:n50606	n-d---mv-
Ἰώ	*)iw/	ἰόσ1	i)o/s	urn:cite2:hmt:lsj.chicago_md:n50607	n-d---mv-
Ἰώ	*)iw/	ἰόσ1	i)o/s	urn:cite2:hmt:lsj.chicago_md:n50608	n-d---mv-
Ἰώ	*)iw/	ἰόσ1	i)o/s	urn:cite2:hmt:lsj.chicago_md:n50605	n-d---ma-
Ἰώ	*)iw/	ἰόσ1	i)o/s	urn:cite2:hmt:lsj.chicago_md:n50606	n-d---ma-
Ἰώ	*)iw/	ἰόσ1	i)o/s	urn:cite2:hmt:lsj.chicago_md:n50607	n-d---ma-
Ἰώ	*)iw/	ἰόσ1	i)o/s	urn:cite2:hmt:lsj.chicago_md:n50608	n-d---ma-
Ἰώ	*)iw/	ἰόσ1	i)o/s	urn:cite2:hmt:lsj.chicago_md:n50605	n-d---nn-
Ἰώ	*)iw/	ἰόσ1	i)o/s	urn:cite2:hmt:lsj.chicago_md:n50606	n-d---nn-
Ἰώ	*)iw/	ἰόσ1	i)o/s	urn:cite2:hmt:lsj.chicago_md:n50607	n-d---nn-
Ἰώ	*)iw/	ἰόσ1	i)o/s	urn:cite2:hmt:lsj.chicago_md:n50608	n-d---nn-
Ἰώ	*)iw/	ἰόσ1	i)o/s	urn:cite2:hmt:lsj.chicago_md:n50605	n-d---nv-
Ἰώ	*)iw/	ἰόσ1	i)o/s	urn:cite2:hmt:lsj.chicago_md:n50606	n-d---nv-
Ἰώ	*)iw/	ἰόσ1	i)o/s	urn:cite2:hmt:lsj.chicago_md:n50607	n-d---nv-
Ἰώ	*)iw/	ἰόσ1	i)o/s	urn:cite2:hmt:lsj.chicago_md:n50608	n-d---nv-
Ἰώ	*)iw/	ἰόσ1	i)o/s	urn:cite2:hmt:lsj.chicago_md:n50605	n-d---na-
Ἰώ	*)iw/	ἰόσ1	i)o/s	urn:cite2:hmt:lsj.chicago_md:n50606	n-d---na-
Ἰώ	*)iw/	ἰόσ1	i)o/s	urn:cite2:hmt:lsj.chicago_md:n50607	n-d---na-
Ἰώ	*)iw/	ἰόσ1	i)o/s	urn:cite2:hmt:lsj.chicago_md:n50608	n-d---na-
Ἰώ	*)iw/	ἰόσ2	i)o/s	urn:cite2:hmt:lsj.chicago_md:n50605	n-d---mn-
Ἰώ	*)iw/	ἰόσ2	i)o/s	urn:cite2:hmt:lsj.chicago_md:n50606	n-d---mn-
Ἰώ	*)iw/	ἰόσ2	i)o/s	urn:cite2:hmt:lsj.chicago_md:n50607	n-d---mn-
Ἰώ	*)iw/	ἰόσ2	i)o/s	urn:cite2:hmt:lsj.chicago_md:n50608	n-d---mn-
Ἰώ	*)iw/	ἰόσ2	i)o/s	urn:cite2:hmt:lsj.chicago_md:n50605	n-d---mv-
Ἰώ	*)iw/	ἰόσ2	i)o/s	urn:cite2:hmt:lsj.chicago_md:n50606	n-d---mv-
Ἰώ	*)iw/	ἰόσ2	i)o/s	urn:cite2:hmt:lsj.chicago_md:n50607	n-d---mv-
Ἰώ	*)iw/	ἰόσ2	i)o/s	urn:cite2:hmt:lsj.chicago_md:n50608	n-d---mv-
Ἰώ	*)iw/	ἰόσ2	i)o/s	urn:cite2:hmt:lsj.chicago_md:n50605	n-d---ma-
Ἰώ	*)iw/	ἰόσ2	i)o/s	urn:cite2:hmt:lsj.chicago_md:n50606	n-d---ma-
Ἰώ	*)iw/	ἰόσ2	i)o/s	urn:cite2:hmt:lsj.chicago_md:n50607	n-d---ma-
Ἰώ	*)iw/	ἰόσ2	i)o/s	urn:cite2:hmt:lsj.chicago_md:n50608	n-d---ma-
Ἰώ	*)iw/	ἰώ	i)w/	urn:cite2:hmt:lsj.chicago_md:n51546	x--------
Ἰώ	*)iw/	ἰώ	i)w/	urn:cite2:hmt:lsj.chicago_md:n51547	x--------
Ἴσθμιον	*)/isqmion	Ἴσθμιος	*)/isqmios	urn:cite2:hmt:lsj.chicago_md:n50970	a-s---ma-
Ἴσθμιον	*)/isqmion	Ἴσθμιος	*)/isqmios	urn:cite2:hmt:lsj.chicago_md:n50970	a-s---nn-
Ἴσθμιον	*)/isqmion	Ἴσθμιος	*)/isqmios	urn:cite2:hmt:lsj.chicago_md:n50970	a-s---nv-
Ἴσθμιον	*)/isqmion	Ἴσθμιος	*)/isqmios	urn:cite2:hmt:lsj.chicago_md:n50970	a-s---na-
Ἴσθμιον	*)/isqmion	Ἴσθμιος	*)/isqmios	urn:cite2:hmt:lsj.chicago_md:n50970	n-s---ma-
Ἴσθμιον	*)/isqmion	ἴσθμιον	i)/sqmion	urn:cite2:hmt:lsj.chicago_md:n50968	n-s---nn-
Ἴσθμιον	*)/isqmion	ἴσθμιον	i)/sqmion	urn:cite2:hmt:lsj.chicago_md:n50968	n-s---nv-
Ἴσθμιον	*)/isqmion	ἴσθμιον	i)/sqmion	urn:cite2:hmt:lsj.chicago_md:n50968	n-s---na-
Ἴσθμιον	*)/isqmion	ἴσθμιος	i)/sqmios	urn:cite2:hmt:lsj.chicago_md:n50970	a-s---ma-
Ἴσθμιον	*)/isqmion	ἴσθμιος	i)/sqmios	urn:cite2:hmt:lsj.chicago_md:n50970	a-s---nn-
Ἴσθμιον	*)/isqmion	ἴσθμιος	i)/sqmios	urn:cite2:hmt:lsj.chicago_md:n50970	a-s---nv-
Ἴσθμιον	*)/isqmion	ἴσθμιος	i)/sqmios	urn:cite2:hmt:lsj.chicago_md:n50970	a-s---na-
Ἴσθμιον	*)/isqmion	ἴσθμιος	i)/sqmios	urn:cite2:hmt:lsj.chicago_md:n50970	n-s---ma-
Ἴσθμιον	*)/isqmion	ἴσθμιος	i)/sqmios	urn:cite2:hmt:lsj.chicago_md:n50970	n-s---fa-
Ἴσθμιον	*)/isqmion	ἴσθμιος	i)/sqmios	urn:cite2:hmt:lsj.chicago_md:n50970	n-s---nn-
Ἴσθμιον	*)/isqmion	ἴσθμιος	i)/sqmios	urn:cite2:hmt:lsj.chicago_md:n50970	n-s---nv-
Ἴσθμιον	*)/isqmion	ἴσθμιος	i)/sqmios	urn:cite2:hmt:lsj.chicago_md:n50970	n-s---na-
Ἴων	*)/iwn	Ἴος	*)/ios	urn:cite2:hmt:lsj.chicago_md:n50605	n-p---fg-
Ἴων	*)/iwn	Ἴος	*)/ios	urn:cite2:hmt:lsj.chicago_md:n50606	n-p---fg-
Ἴων	*)/iwn	Ἴος	*)/ios	urn:cite2:hmt:lsj.chicago_md:n50607	n-p---fg-
Ἴων	*)/iwn	Ἴος	*)/ios	urn:cite2:hmt:lsj.chicago_md:n50608	n-p---fg-
Ἴων	*)/iwn	Ἴος	*)/ios	urn:cite2:hmt:lsj.chicago_md:n50609	n-p---fg-
Ἴων	*)/iwn	Ἴος	*)/ios	urn:cite2:hmt:lsj.chicago_md:n79574	n-p---fg-
Ἴων	*)/iwn	Ἴος	*)/ios	urn:cite2:hmt:lsj.chicago_md:n79574	n-p---fg-
Ἴων	*)/iwn	Ἴος	*)/ios	urn:cite2:hmt:lsj.chicago_md:n79574	n-p---fg-
Ἴων	*)/iwn	Ἴων	*)/iwn	urn:cite2:hmt:lsj.chicago_md:n51557	n-s---mn-
Ἴων	*)/iwn	Ἴων	*)/iwn	urn:cite2:hmt:lsj.chicago_md:n51557a	n-s---mn-
Ἴων	*)/iwn	Ἴων	*)/iwn	urn:cite2:hmt:lsj.chicago_md:n51557	n-s---mv-
Ἴων	*)/iwn	Ἴων	*)/iwn	urn:cite2:hmt:lsj.chicago_md:n51557a	n-s---mv-
Ἴων	*)/iwn	ἴα	i)/a	urn:cite2:hmt:lsj.chicago_md:n49650	n-p---ng-
Ἴων	*)/iwn	ἴα	i)/a	urn:cite2:hmt:lsj.chicago_md:n49652	n-p---ng-
Ἴων	*)/iwn	ἴον	i)/on	urn:cite2:hmt:lsj.chicago_md:n50595	n-p---ng-
Ἴων	*)/iwn	ἰόω	i)o/w	urn:cite2:hmt:lsj.chicago_md:n50599	v3piia---
Ἴων	*)/iwn	ἰόω	i)o/w	urn:cite2:hmt:lsj.chicago_md:n50599	v1siia---
Ἴων	*)/iwn	ἰόω	i)o/w	urn:cite2:hmt:lsj.chicago_md:n50599	v3piia---
Ἴων	*)/iwn	ἰόω	i)o/w	urn:cite2:hmt:lsj.chicago_md:n50599	v1siia---
Ἴωνα	*)/iwna	Ἴων	*)/iwn	urn:cite2:hmt:lsj.chicago_md:n51557	n-s---ma-
Ἴωνα	*)/iwna	Ἴων	*)/iwn	urn:cite2:hmt:lsj.chicago_md:n51557a	n-s---ma-
Ἴων’	*)/iwn'	Ἴων	*)/iwn	urn:cite2:hmt:lsj.chicago_md:n51557	n-s---ma-
Ἴων’	*)/iwn'	Ἴων	*)/iwn	urn:cite2:hmt:lsj.chicago_md:n51557a	n-s---ma-
Ἴων’	*)/iwn'	Ἴων	*)/iwn	urn:cite2:hmt:lsj.chicago_md:n51557	n-s---md-
Ἴων’	*)/iwn'	Ἴων	*)/iwn	urn:cite2:hmt:lsj.chicago_md:n51557a	n-s---md-
ὀγκωθῇ	o)gkwqh=|	ὀγκόω	o)gko/w	urn:cite2:hmt:lsj.chicago_md:n71980	v3sasp---
ὀδύνα	o)du/na	ὀδύνη	o)du/nh	urn:cite2:hmt:lsj.chicago_md:n72106	n-d---fn-
ὀδύνα	o)du/na	ὀδύνη	o)du/nh	urn:cite2:hmt:lsj.chicago_md:n72106	n-d---fv-
ὀδύνα	o)du/na	ὀδύνη	o)du/nh	urn:cite2:hmt:lsj.chicago_md:n72106	n-d---fa-
ὀδύνα	o)du/na	ὀδύνη	o)du/nh	urn:cite2:hmt:lsj.chicago_md:n72106	n-s---fn-
ὀδύνα	o)du/na	ὀδύνη	o)du/nh	urn:cite2:hmt:lsj.chicago_md:n72106	n-s---fv-
ὀδύνα	o)du/na	ὀδυνάω	o)duna/w	urn:cite2:hmt:lsj.chicago_md:n72105	v2spma---
ὀδύνα	o)du/na	ὀδυνάω	o)duna/w	urn:cite2:hmt:lsj.chicago_md:n72105	v3siia---
ὀλούμεθα	o)lou/meqa	ὄλλυμι	o)/llumi	urn:cite2:hmt:lsj.chicago_md:n73172	v1pfim---
ὀμφαλόν	o)mfalo/n	ὀμφαλός	o)mfalo/s	urn:cite2:hmt:lsj.chicago_md:n73959	n-s---ma-
ὀμφάν	o)mfa/n	ὀμφή	o)mfh/	urn:cite2:hmt:lsj.chicago_md:n73965	n-s---fa-
ὀνομασθέντες	o)nomasqe/ntes	ὀνομάζω	o)noma/zw	urn:cite2:hmt:lsj.chicago_md:n74127	v-pappmn-
ὀνομασθέντες	o)nomasqe/ntes	ὀνομάζω	o)noma/zw	urn:cite2:hmt:lsj.chicago_md:n74127	v-pappmv-
ὀνομάζει	o)noma/zei	ὀνομάζω	o)noma/zw	urn:cite2:hmt:lsj.chicago_md:n74127	v2spie---
ὀνομάζει	o)noma/zei	ὀνομάζω	o)noma/zw	urn:cite2:hmt:lsj.chicago_md:n74127	v3spia---
ὀνομάζουσι	o)noma/zousi	ὀνομάζω	o)noma/zw	urn:cite2:hmt:lsj.chicago_md:n74127	v-pppamd-
ὀνομάζουσι	o)noma/zousi	ὀνομάζω	o)noma/zw	urn:cite2:hmt:lsj.chicago_md:n74127	v-pppand-
ὀνομάζουσι	o)noma/zousi	ὀνομάζω	o)noma/zw	urn:cite2:hmt:lsj.chicago_md:n74127	v3ppia---
ὀνομάζω	o)noma/zw	ὀνομάζω	o)noma/zw	urn:cite2:hmt:lsj.chicago_md:n74127	v1spsa---
ὀνομάζω	o)noma/zw	ὀνομάζω	o)noma/zw	urn:cite2:hmt:lsj.chicago_md:n74127	v1spia---
ὀνόματος	o)no/matos	ὄνομα	o)/noma	urn:cite2:hmt:lsj.chicago_md:n74126	n-s---ng-
ὀπτηρίων	o)pthri/wn	ὀπτήρια	o)pth/ria	urn:cite2:hmt:lsj.chicago_md:n74660	n-p---ng-
ὀπάονας	o)pa/onas	ὀπάων	o)pa/wn	urn:cite2:hmt:lsj.chicago_md:n74425	n-p---ma-
ὀρεχθῆναι	o)rexqh=nai	ὀρέγω	o)re/gw	urn:cite2:hmt:lsj.chicago_md:n74797	v--anp---
ὀρθοστάταις	o)rqosta/tais	ὀρθοστάτης	o)rqosta/ths	urn:cite2:hmt:lsj.chicago_md:n75013	n-p---md-
ὀρθῶς	o)rqw=s	ὀρθός	o)rqo/s	urn:cite2:hmt:lsj.chicago_md:n75005	x--------
ὀρθῶς	o)rqw=s	ὀρθόω	o)rqo/w	urn:cite2:hmt:lsj.chicago_md:n75037	v2spia---
ὀρνίθων	o)rni/qwn	ὄρνις	o)/rnis	urn:cite2:hmt:lsj.chicago_md:n75263	n-p---mg-
ὀρνίθων	o)rni/qwn	ὄρνις	o)/rnis	urn:cite2:hmt:lsj.chicago_md:n75263	n-p---fg-
ὀρρωδίᾳ	o)rrwdi/a|	ὀρρωδία	o)rrwdi/a	urn:cite2:hmt:lsj.chicago_md:n75355	n-p---fn-
ὀρρωδίᾳ	o)rrwdi/a|	ὀρρωδία	o)rrwdi/a	urn:cite2:hmt:lsj.chicago_md:n75355	n-p---fv-
ὀρρωδίᾳ	o)rrwdi/a|	ὀρρωδία	o)rrwdi/a	urn:cite2:hmt:lsj.chicago_md:n75355	n-s---fd-
ὀρφανούς	o)rfanou/s	ὀρφανός	o)rfano/s	urn:cite2:hmt:lsj.chicago_md:n75446	a-p---ma-
ὀρφανούς	o)rfanou/s	ὀρφανός	o)rfano/s	urn:cite2:hmt:lsj.chicago_md:n75446	n-p---ma-
ὀρφανούς	o)rfanou/s	ὀρφανός	o)rfano/s	urn:cite2:hmt:lsj.chicago_md:n75446	n-p---fa-
ὀρόφους	o)ro/fous	ὄροφος	o)/rofos	urn:cite2:hmt:lsj.chicago_md:n75326	n-p---ma-
ὀρόφους	o)ro/fous	ὀροφόω	o)rofo/w	urn:cite2:hmt:lsj.chicago_md:n75327	v2siia---
ὀρόφῳ	o)ro/fw|	ὄροφος	o)/rofos	urn:cite2:hmt:lsj.chicago_md:n75326	n-s---md-
ὀφλισκάνειν	o)fliska/nein	ὀφλισκάνω	o)fliska/nw	urn:cite2:hmt:lsj.chicago_md:n76166	v--pna---
ὁ	o(	ὁ	o(	urn:cite2:hmt:lsj.chicago_md:n71882	l-s---mn-
ὁδουρός	o(douro/s	ὁδουρός	o(douro/s	urn:cite2:hmt:lsj.chicago_md:n72098	n-s---mn-
ὁδουρός	o(douro/s	ὁδουρός	o(douro/s	urn:cite2:hmt:lsj.chicago_md:n72098	n-s---fn-
ὁδούς	o(dou/s	ὁδόσ1	o(do/s	urn:cite2:hmt:lsj.chicago_md:n72092	n-p---ma-
ὁδούς	o(dou/s	ὁδόσ2	o(do/s	urn:cite2:hmt:lsj.chicago_md:n72092	n-p---fa-
ὁδοῦ	o(dou=	ὁδάω	o(da/w	urn:cite2:hmt:lsj.chicago_md:n72009	v2spme---
ὁδοῦ	o(dou=	ὁδόσ1	o(do/s	urn:cite2:hmt:lsj.chicago_md:n72092	n-s---mg-
ὁδοῦ	o(dou=	ὁδόσ2	o(do/s	urn:cite2:hmt:lsj.chicago_md:n72092	n-s---fg-
ὁδοῦ	o(dou=	ὁδόω	o(do/w	urn:cite2:hmt:lsj.chicago_md:n72103	v2spme---
ὁδοῦ	o(dou=	ὁδόω	o(do/w	urn:cite2:hmt:lsj.chicago_md:n72103	v2siie---
ὁδόν	o(do/n	ὁδόσ1	o(do/s	urn:cite2:hmt:lsj.chicago_md:n72092	n-s---ma-
ὁδόν	o(do/n	ὁδόσ2	o(do/s	urn:cite2:hmt:lsj.chicago_md:n72092	n-s---fa-
ὁθούνεκ’	o(qou/nek'	ὁθούνεκα	o(qou/neka	urn:cite2:hmt:lsj.chicago_md:n72174	c--------
ὁλκοῖς	o(lkoi=s	ὁλκόσ1	o(lko/s	urn:cite2:hmt:lsj.chicago_md:n73168	a-p---md-
ὁλκοῖς	o(lkoi=s	ὁλκόσ1	o(lko/s	urn:cite2:hmt:lsj.chicago_md:n73169	a-p---md-
ὁλκοῖς	o(lkoi=s	ὁλκόσ1	o(lko/s	urn:cite2:hmt:lsj.chicago_md:n73168	a-p---nd-
ὁλκοῖς	o(lkoi=s	ὁλκόσ1	o(lko/s	urn:cite2:hmt:lsj.chicago_md:n73169	a-p---nd-
ὁλκοῖς	o(lkoi=s	ὁλκόσ2	o(lko/s	urn:cite2:hmt:lsj.chicago_md:n73168	n-p---md-
ὁλκοῖς	o(lkoi=s	ὁλκόσ2	o(lko/s	urn:cite2:hmt:lsj.chicago_md:n73169	n-p---md-
ὁμευνέτας	o(meune/tas	ὅμευνος	o(/meunos	urn:cite2:hmt:lsj.chicago_md:n73452	n-p---ma-
ὁμευνέτας	o(meune/tas	ὅμευνος	o(/meunos	urn:cite2:hmt:lsj.chicago_md:n73452	n-s---mn-
ὁμευνέτας	o(meune/tas	ὁμευνέτης	o(meune/ths	urn:cite2:hmt:lsj.chicago_md:n73451	n-p---ma-
ὁμευνέτας	o(meune/tas	ὁμευνέτης	o(meune/ths	urn:cite2:hmt:lsj.chicago_md:n73451	n-s---mn-
ὁπλίζει	o(pli/zei	ὁπλίζω	o(pli/zw	urn:cite2:hmt:lsj.chicago_md:n74535	v2spie---
ὁπλίζει	o(pli/zei	ὁπλίζω	o(pli/zw	urn:cite2:hmt:lsj.chicago_md:n74535	v3spia---
ὁπλίσασ’	o(pli/sas'	ὁπλίζω	o(pli/zw	urn:cite2:hmt:lsj.chicago_md:n74535	v-sapafn-
ὁπλίσασ’	o(pli/sas'	ὁπλίζω	o(pli/zw	urn:cite2:hmt:lsj.chicago_md:n74535	v-sapafv-
ὁπλίσασ’	o(pli/sas'	ὁπλίζω	o(pli/zw	urn:cite2:hmt:lsj.chicago_md:n74535	v-papamd-
ὁπλίσασ’	o(pli/sas'	ὁπλίζω	o(pli/zw	urn:cite2:hmt:lsj.chicago_md:n74535	v-papand-
ὁπλίσασ’	o(pli/sas'	ὁπλίζω	o(pli/zw	urn:cite2:hmt:lsj.chicago_md:n74535	v-papafn-
ὁπλίσασ’	o(pli/sas'	ὁπλίζω	o(pli/zw	urn:cite2:hmt:lsj.chicago_md:n74535	v-papafv-
ὁποίας	o(poi/as	ὁποῖος	o(poi=os	urn:cite2:hmt:lsj.chicago_md:n74602	a-p---fa-
ὁποίας	o(poi/as	ὁποῖος	o(poi=os	urn:cite2:hmt:lsj.chicago_md:n74602	a-s---fg-
ὁρμηθείς	o(rmhqei/s	ὁρμάω	o(rma/w	urn:cite2:hmt:lsj.chicago_md:n75152	v-sappmn-
ὁρμηθείς	o(rmhqei/s	ὁρμάω	o(rma/w	urn:cite2:hmt:lsj.chicago_md:n75152	v-sappmv-
ὁρμηθείς	o(rmhqei/s	ὁρμέω	o(rme/w	urn:cite2:hmt:lsj.chicago_md:n75155	v-sappmn-
ὁρμηθείς	o(rmhqei/s	ὁρμέω	o(rme/w	urn:cite2:hmt:lsj.chicago_md:n75155	v-sappmv-
ὁρωμένων	o(rwme/nwn	ὁράω	o(ra/w	urn:cite2:hmt:lsj.chicago_md:n74735	v-pppmfg-
ὁρωμένων	o(rwme/nwn	ὁράω	o(ra/w	urn:cite2:hmt:lsj.chicago_md:n74735	v-pppmmg-
ὁρωμένων	o(rwme/nwn	ὁράω	o(ra/w	urn:cite2:hmt:lsj.chicago_md:n74735	v-pppmng-
ὁρωμένων	o(rwme/nwn	ὁράω	o(ra/w	urn:cite2:hmt:lsj.chicago_md:n74735	v-pppefg-
ὁρωμένων	o(rwme/nwn	ὁράω	o(ra/w	urn:cite2:hmt:lsj.chicago_md:n74735	v-pppemg-
ὁρωμένων	o(rwme/nwn	ὁράω	o(ra/w	urn:cite2:hmt:lsj.chicago_md:n74735	v-pppeng-
ὁρίζῃ	o(ri/zh|	ὁρίζω	o(ri/zw	urn:cite2:hmt:lsj.chicago_md:n75078	v2spse---
ὁρίζῃ	o(ri/zh|	ὁρίζω	o(ri/zw	urn:cite2:hmt:lsj.chicago_md:n75078	v2spie---
ὁρίζῃ	o(ri/zh|	ὁρίζω	o(ri/zw	urn:cite2:hmt:lsj.chicago_md:n75078	v3spsa---
ὁρώμενον	o(rw/menon	ὁράω	o(ra/w	urn:cite2:hmt:lsj.chicago_md:n74735	v-sppmma-
ὁρώμενον	o(rw/menon	ὁράω	o(ra/w	urn:cite2:hmt:lsj.chicago_md:n74735	v-sppmnn-
ὁρώμενον	o(rw/menon	ὁράω	o(ra/w	urn:cite2:hmt:lsj.chicago_md:n74735	v-sppmnv-
ὁρώμενον	o(rw/menon	ὁράω	o(ra/w	urn:cite2:hmt:lsj.chicago_md:n74735	v-sppmna-
ὁρώμενον	o(rw/menon	ὁράω	o(ra/w	urn:cite2:hmt:lsj.chicago_md:n74735	v-sppema-
ὁρώμενον	o(rw/menon	ὁράω	o(ra/w	urn:cite2:hmt:lsj.chicago_md:n74735	v-sppenn-
ὁρώμενον	o(rw/menon	ὁράω	o(ra/w	urn:cite2:hmt:lsj.chicago_md:n74735	v-sppenv-
ὁρώμενον	o(rw/menon	ὁράω	o(ra/w	urn:cite2:hmt:lsj.chicago_md:n74735	v-sppena-
ὁρᾶθ’	o(ra=q'	ὁράω	o(ra/w	urn:cite2:hmt:lsj.chicago_md:n74735	v2ppma---
ὁρᾶθ’	o(ra=q'	ὁράω	o(ra/w	urn:cite2:hmt:lsj.chicago_md:n74735	v2ppsa---
ὁρᾶθ’	o(ra=q'	ὁράω	o(ra/w	urn:cite2:hmt:lsj.chicago_md:n74735	v2ppia---
ὁρᾶθ’	o(ra=q'	ὁράω	o(ra/w	urn:cite2:hmt:lsj.chicago_md:n74735	v3spsm---
ὁρᾶθ’	o(ra=q'	ὁράω	o(ra/w	urn:cite2:hmt:lsj.chicago_md:n74735	v3spim---
ὁρᾶθ’	o(ra=q'	ὁράω	o(ra/w	urn:cite2:hmt:lsj.chicago_md:n74735	v3spse---
ὁρᾶθ’	o(ra=q'	ὁράω	o(ra/w	urn:cite2:hmt:lsj.chicago_md:n74735	v3spie---
ὁρᾶθ’	o(ra=q'	ὁράω	o(ra/w	urn:cite2:hmt:lsj.chicago_md:n74735	v3siie---
ὁρᾶθ’	o(ra=q'	ὁράω	o(ra/w	urn:cite2:hmt:lsj.chicago_md:n74735	v3siim---
ὁρᾶθ’	o(ra=q'	ὁράω	o(ra/w	urn:cite2:hmt:lsj.chicago_md:n74735	v2piia---
ὁρᾶν	o(ra=n	ὁράω	o(ra/w	urn:cite2:hmt:lsj.chicago_md:n74735	v-sppamv-
ὁρᾶν	o(ra=n	ὁράω	o(ra/w	urn:cite2:hmt:lsj.chicago_md:n74735	v-sppann-
ὁρᾶν	o(ra=n	ὁράω	o(ra/w	urn:cite2:hmt:lsj.chicago_md:n74735	v-sppanv-
ὁρᾶν	o(ra=n	ὁράω	o(ra/w	urn:cite2:hmt:lsj.chicago_md:n74735	v-sppana-
ὁρᾶν	o(ra=n	ὁράω	o(ra/w	urn:cite2:hmt:lsj.chicago_md:n74735	v-sppamn-
ὁρᾶν	o(ra=n	ὁράω	o(ra/w	urn:cite2:hmt:lsj.chicago_md:n74735	v--pna---
ὁρᾶν	o(ra=n	ὁράω	o(ra/w	urn:cite2:hmt:lsj.chicago_md:n74735	v--pna---
ὁρᾷς	o(ra=|s	ὁράω	o(ra/w	urn:cite2:hmt:lsj.chicago_md:n74735	v2spsa---
ὁρᾷς	o(ra=|s	ὁράω	o(ra/w	urn:cite2:hmt:lsj.chicago_md:n74735	v2spia---
ὁρῶ	o(rw=	ὁράω	o(ra/w	urn:cite2:hmt:lsj.chicago_md:n74735	v2spmm---
ὁρῶ	o(rw=	ὁράω	o(ra/w	urn:cite2:hmt:lsj.chicago_md:n74735	v2spme---
ὁρῶ	o(rw=	ὁράω	o(ra/w	urn:cite2:hmt:lsj.chicago_md:n74735	v1spsa---
ὁρῶ	o(rw=	ὁράω	o(ra/w	urn:cite2:hmt:lsj.chicago_md:n74735	v1spia---
ὁρῶ	o(rw=	ὁράω	o(ra/w	urn:cite2:hmt:lsj.chicago_md:n74735	v1spsa---
ὁρῶ	o(rw=	ὁράω	o(ra/w	urn:cite2:hmt:lsj.chicago_md:n74735	v1spia---
ὁρῶ	o(rw=	ὁράω	o(ra/w	urn:cite2:hmt:lsj.chicago_md:n74735	v2siie---
ὁρῶ	o(rw=	ὁράω	o(ra/w	urn:cite2:hmt:lsj.chicago_md:n74735	v2siim---
ὁρῶμεν	o(rw=men	ὁράω	o(ra/w	urn:cite2:hmt:lsj.chicago_md:n74735	v1ppsa---
ὁρῶμεν	o(rw=men	ὁράω	o(ra/w	urn:cite2:hmt:lsj.chicago_md:n74735	v1ppia---
ὁρῶμεν	o(rw=men	ὁράω	o(ra/w	urn:cite2:hmt:lsj.chicago_md:n74735	v1ppsa---
ὁρῶμεν	o(rw=men	ὁράω	o(ra/w	urn:cite2:hmt:lsj.chicago_md:n74735	v1piia---
ὁρῷθ’	o(rw=|q'	ὁράω	o(ra/w	urn:cite2:hmt:lsj.chicago_md:n74735	v3spom---
ὁρῷθ’	o(rw=|q'	ὁράω	o(ra/w	urn:cite2:hmt:lsj.chicago_md:n74735	v3spoe---
ὁρῷθ’	o(rw=|q'	ὁράω	o(ra/w	urn:cite2:hmt:lsj.chicago_md:n74735	v2ppoa---
ὄβριμον	o)/brimon	ὄβριμος	o)/brimos	urn:cite2:hmt:lsj.chicago_md:n71932	a-s---ma-
ὄβριμον	o)/brimon	ὄβριμος	o)/brimos	urn:cite2:hmt:lsj.chicago_md:n71932	a-s---nn-
ὄβριμον	o)/brimon	ὄβριμος	o)/brimos	urn:cite2:hmt:lsj.chicago_md:n71932	a-s---nv-
ὄβριμον	o)/brimon	ὄβριμος	o)/brimos	urn:cite2:hmt:lsj.chicago_md:n71932	a-s---na-
ὄβριμον	o)/brimon	ὄβριμος	o)/brimos	urn:cite2:hmt:lsj.chicago_md:n71932	n-s---ma-
ὄβριμον	o)/brimon	ὄβριμος	o)/brimos	urn:cite2:hmt:lsj.chicago_md:n71932	n-s---fa-
ὄβριμον	o)/brimon	ὄβριμος	o)/brimos	urn:cite2:hmt:lsj.chicago_md:n71932	n-s---nn-
ὄβριμον	o)/brimon	ὄβριμος	o)/brimos	urn:cite2:hmt:lsj.chicago_md:n71932	n-s---nv-
ὄβριμον	o)/brimon	ὄβριμος	o)/brimos	urn:cite2:hmt:lsj.chicago_md:n71932	n-s---na-
ὄγκον	o)/gkon	ὄγκοσ1	o)/gkos	urn:cite2:hmt:lsj.chicago_md:n71976	n-s---ma-
ὄγκον	o)/gkon	ὄγκοσ1	o)/gkos	urn:cite2:hmt:lsj.chicago_md:n71977	n-s---ma-
ὄγκον	o)/gkon	ὄγκοσ1	o)/gkos	urn:cite2:hmt:lsj.chicago_md:n71978	n-s---ma-
ὄγκον	o)/gkon	ὄγκοσ2	o)/gkos	urn:cite2:hmt:lsj.chicago_md:n71976	n-s---ma-
ὄγκον	o)/gkon	ὄγκοσ2	o)/gkos	urn:cite2:hmt:lsj.chicago_md:n71977	n-s---ma-
ὄγκον	o)/gkon	ὄγκοσ2	o)/gkos	urn:cite2:hmt:lsj.chicago_md:n71978	n-s---ma-
ὄλβιον	o)/lbion	ὄλβιος	o)/lbios	urn:cite2:hmt:lsj.chicago_md:n72908	a-s---ma-
ὄλβιον	o)/lbion	ὄλβιος	o)/lbios	urn:cite2:hmt:lsj.chicago_md:n72908	a-s---nn-
ὄλβιον	o)/lbion	ὄλβιος	o)/lbios	urn:cite2:hmt:lsj.chicago_md:n72908	a-s---nv-
ὄλβιον	o)/lbion	ὄλβιος	o)/lbios	urn:cite2:hmt:lsj.chicago_md:n72908	a-s---na-
ὄλβιον	o)/lbion	ὄλβιος	o)/lbios	urn:cite2:hmt:lsj.chicago_md:n72908	n-s---ma-
ὄλβιον	o)/lbion	ὄλβιος	o)/lbios	urn:cite2:hmt:lsj.chicago_md:n72908	n-s---fa-
ὄλβιον	o)/lbion	ὄλβιος	o)/lbios	urn:cite2:hmt:lsj.chicago_md:n72908	n-s---nn-
ὄλβιον	o)/lbion	ὄλβιος	o)/lbios	urn:cite2:hmt:lsj.chicago_md:n72908	n-s---nv-
ὄλβιον	o)/lbion	ὄλβιος	o)/lbios	urn:cite2:hmt:lsj.chicago_md:n72908	n-s---na-
ὄλβον	o)/lbon	ὄλβος	o)/lbos	urn:cite2:hmt:lsj.chicago_md:n72920	n-s---ma-
ὄλβος	o)/lbos	ὄλβος	o)/lbos	urn:cite2:hmt:lsj.chicago_md:n72920	n-s---mn-
ὄλλυμαι	o)/llumai	ὄλλυμι	o)/llumi	urn:cite2:hmt:lsj.chicago_md:n73172	v1spie---
ὄλοιτο	o)/loito	ὄλλυμι	o)/llumi	urn:cite2:hmt:lsj.chicago_md:n73172	v3saom---
ὄλοιτ’	o)/loit'	ὄλλυμι	o)/llumi	urn:cite2:hmt:lsj.chicago_md:n73172	v3saom---
ὄμμα	o)/mma	ὄμμα	o)/mma	urn:cite2:hmt:lsj.chicago_md:n73517	n-s---nn-
ὄμμα	o)/mma	ὄμμα	o)/mma	urn:cite2:hmt:lsj.chicago_md:n73517	n-s---nv-
ὄμμα	o)/mma	ὄμμα	o)/mma	urn:cite2:hmt:lsj.chicago_md:n73517	n-s---na-
ὄμμασι	o)/mmasi	ὄμμα	o)/mma	urn:cite2:hmt:lsj.chicago_md:n73517	n-p---nd-
ὄμματ’	o)/mmat'	ὄμμα	o)/mma	urn:cite2:hmt:lsj.chicago_md:n73517	n-p---nn-
ὄμματ’	o)/mmat'	ὄμμα	o)/mma	urn:cite2:hmt:lsj.chicago_md:n73517	n-p---nv-
ὄμματ’	o)/mmat'	ὄμμα	o)/mma	urn:cite2:hmt:lsj.chicago_md:n73517	n-p---na-
ὄμματ’	o)/mmat'	ὄμμα	o)/mma	urn:cite2:hmt:lsj.chicago_md:n73517	n-s---nd-
ὄμματ’	o)/mmat'	ὄμμα	o)/mma	urn:cite2:hmt:lsj.chicago_md:n73517	n-d---nn-
ὄμματ’	o)/mmat'	ὄμμα	o)/mma	urn:cite2:hmt:lsj.chicago_md:n73517	n-d---nv-
ὄμματ’	o)/mmat'	ὄμμα	o)/mma	urn:cite2:hmt:lsj.chicago_md:n73517	n-d---na-
ὄνομα	o)/noma	ὄνομα	o)/noma	urn:cite2:hmt:lsj.chicago_md:n74126	n-s---nn-
ὄνομα	o)/noma	ὄνομα	o)/noma	urn:cite2:hmt:lsj.chicago_md:n74126	n-s---nv-
ὄνομα	o)/noma	ὄνομα	o)/noma	urn:cite2:hmt:lsj.chicago_md:n74126	n-s---na-
ὄνομ’	o)/nom'	ὄνομα	o)/noma	urn:cite2:hmt:lsj.chicago_md:n74126	n-s---nn-
ὄνομ’	o)/nom'	ὄνομα	o)/noma	urn:cite2:hmt:lsj.chicago_md:n74126	n-s---nv-
ὄνομ’	o)/nom'	ὄνομα	o)/noma	urn:cite2:hmt:lsj.chicago_md:n74126	n-s---na-
ὄνομ’	o)/nom'	ὄνομαι	o)/nomai	urn:cite2:hmt:lsj.chicago_md:n74128	v1spie---
ὄντα	o)/nta	εἰμί	ei)mi/	urn:cite2:hmt:lsj.chicago_md:n31130	v-sppama-
ὄντα	o)/nta	εἰμί	ei)mi/	urn:cite2:hmt:lsj.chicago_md:n31130	v-pppann-
ὄντα	o)/nta	εἰμί	ei)mi/	urn:cite2:hmt:lsj.chicago_md:n31130	v-pppanv-
ὄντα	o)/nta	εἰμί	ei)mi/	urn:cite2:hmt:lsj.chicago_md:n31130	v-pppana-
ὄντα	o)/nta	ὄντα	o)/nta	urn:cite2:hmt:lsj.chicago_md:n74182	n-p---nn-
ὄντα	o)/nta	ὄντα	o)/nta	urn:cite2:hmt:lsj.chicago_md:n74182	n-p---nv-
ὄντα	o)/nta	ὄντα	o)/nta	urn:cite2:hmt:lsj.chicago_md:n74182	n-p---na-
ὄντι	o)/nti	εἰμί	ei)mi/	urn:cite2:hmt:lsj.chicago_md:n31130	v-sppamd-
ὄντι	o)/nti	εἰμί	ei)mi/	urn:cite2:hmt:lsj.chicago_md:n31130	v-sppand-
ὄντος	o)/ntos	εἰμί	ei)mi/	urn:cite2:hmt:lsj.chicago_md:n31130	v-sppamg-
ὄντος	o)/ntos	εἰμί	ei)mi/	urn:cite2:hmt:lsj.chicago_md:n31130	v-sppang-
ὄντων	o)/ntwn	εἰμί	ei)mi/	urn:cite2:hmt:lsj.chicago_md:n31130	v3ppma---
ὄντων	o)/ntwn	εἰμί	ei)mi/	urn:cite2:hmt:lsj.chicago_md:n31130	v-pppamg-
ὄντων	o)/ntwn	εἰμί	ei)mi/	urn:cite2:hmt:lsj.chicago_md:n31130	v-pppang-
ὄντως	o)/ntws	ὄντως	o)/ntws	urn:cite2:hmt:lsj.chicago_md:n74185	d--------
ὄντ’	o)/nt'	εἰμί	ei)mi/	urn:cite2:hmt:lsj.chicago_md:n31130	v-sppama-
ὄντ’	o)/nt'	εἰμί	ei)mi/	urn:cite2:hmt:lsj.chicago_md:n31130	v-pppann-
ὄντ’	o)/nt'	εἰμί	ei)mi/	urn:cite2:hmt:lsj.chicago_md:n31130	v-pppanv-
ὄντ’	o)/nt'	εἰμί	ei)mi/	urn:cite2:hmt:lsj.chicago_md:n31130	v-pppana-
ὄντ’	o)/nt'	εἰμί	ei)mi/	urn:cite2:hmt:lsj.chicago_md:n31130	v-sppamd-
ὄντ’	o)/nt'	εἰμί	ei)mi/	urn:cite2:hmt:lsj.chicago_md:n31130	v-sppand-
ὄντ’	o)/nt'	εἰμί	ei)mi/	urn:cite2:hmt:lsj.chicago_md:n31130	v-dppamn-
ὄντ’	o)/nt'	εἰμί	ei)mi/	urn:cite2:hmt:lsj.chicago_md:n31130	v-dppamv-
ὄντ’	o)/nt'	εἰμί	ei)mi/	urn:cite2:hmt:lsj.chicago_md:n31130	v-dppama-
ὄντ’	o)/nt'	εἰμί	ei)mi/	urn:cite2:hmt:lsj.chicago_md:n31130	v-dppann-
ὄντ’	o)/nt'	εἰμί	ei)mi/	urn:cite2:hmt:lsj.chicago_md:n31130	v-dppanv-
ὄντ’	o)/nt'	εἰμί	ei)mi/	urn:cite2:hmt:lsj.chicago_md:n31130	v-dppana-
ὄντ’	o)/nt'	ὄντα	o)/nta	urn:cite2:hmt:lsj.chicago_md:n74182	n-p---nn-
ὄντ’	o)/nt'	ὄντα	o)/nta	urn:cite2:hmt:lsj.chicago_md:n74182	n-p---nv-
ὄντ’	o)/nt'	ὄντα	o)/nta	urn:cite2:hmt:lsj.chicago_md:n74182	n-p---na-
ὄπα	o)/pa	ὄψ	o)/y	urn:cite2:hmt:lsj.chicago_md:n76280	n-s---fa-
ὄπα	o)/pa	ὄψ	o)/y	urn:cite2:hmt:lsj.chicago_md:n76281	n-s---fa-
ὄργανον	o)/rganon	ὄργανον	o)/rganon	urn:cite2:hmt:lsj.chicago_md:n74752	n-s---nn-
ὄργανον	o)/rganon	ὄργανον	o)/rganon	urn:cite2:hmt:lsj.chicago_md:n74752	n-s---nv-
ὄργανον	o)/rganon	ὄργανον	o)/rganon	urn:cite2:hmt:lsj.chicago_md:n74752	n-s---na-
ὄργανον	o)/rganon	ὄργανος	o)/rganos	urn:cite2:hmt:lsj.chicago_md:n74758	a-s---ma-
ὄργανον	o)/rganon	ὄργανος	o)/rganos	urn:cite2:hmt:lsj.chicago_md:n74758	a-s---nn-
ὄργανον	o)/rganon	ὄργανος	o)/rganos	urn:cite2:hmt:lsj.chicago_md:n74758	a-s---nv-
ὄργανον	o)/rganon	ὄργανος	o)/rganos	urn:cite2:hmt:lsj.chicago_md:n74758	a-s---na-
ὄργανον	o)/rganon	ὀργαίνω	o)rgai/nw	urn:cite2:hmt:lsj.chicago_md:n74743	v2sama---
ὄρθ’	o)/rq'	ὄρνυμι	o)/rnumi	urn:cite2:hmt:lsj.chicago_md:n75267	v--anm---
ὄρθ’	o)/rq'	ὄρνυμι	o)/rnumi	urn:cite2:hmt:lsj.chicago_md:n75267	v3saim---
ὄρνιθος	o)/rniqos	ὄρνις	o)/rnis	urn:cite2:hmt:lsj.chicago_md:n75263	n-s---mg-
ὄρνιθος	o)/rniqos	ὄρνις	o)/rnis	urn:cite2:hmt:lsj.chicago_md:n75263	n-s---fg-
ὄρφνῃ	o)/rfnh|	ὄρφνη	o)/rfnh	urn:cite2:hmt:lsj.chicago_md:n75459	n-s---fd-
ὄσσοις	o)/ssois	ὄσσε	o)/sse	urn:cite2:hmt:lsj.chicago_md:n75572	n-p---nd-
ὄσσων	o)/sswn	ὄσσε	o)/sse	urn:cite2:hmt:lsj.chicago_md:n75572	n-p---ng-
ὄφεσιν	o)/fesin	ὄφις	o)/fis	urn:cite2:hmt:lsj.chicago_md:n76157	n-p---md-
ὄχημ’	o)/xhm'	ὄχημα	o)/xhma	urn:cite2:hmt:lsj.chicago_md:n76213	n-s---nn-
ὄχημ’	o)/xhm'	ὄχημα	o)/xhma	urn:cite2:hmt:lsj.chicago_md:n76213	n-s---nv-
ὄχημ’	o)/xhm'	ὄχημα	o)/xhma	urn:cite2:hmt:lsj.chicago_md:n76213	n-s---na-
ὄχημ’	o)/xhm'	ὀχάομαι	o)xa/omai	urn:cite2:hmt:lsj.chicago_md:n76185	v1spie---
ὄχθῳ	o)/xqw|	ὄχθος	o)/xqos	urn:cite2:hmt:lsj.chicago_md:n76225	n-s---md-
ὄχλον	o)/xlon	ὄχλος	o)/xlos	urn:cite2:hmt:lsj.chicago_md:n76258	n-s---ma-
ὄψεται	o)/yetai	ὁράω	o(ra/w	urn:cite2:hmt:lsj.chicago_md:n74735	v3sasm---
ὄψεται	o)/yetai	ὁράω	o(ra/w	urn:cite2:hmt:lsj.chicago_md:n74735	v3sfim---
ὄψιν	o)/yin	ὄψις	o)/yis	urn:cite2:hmt:lsj.chicago_md:n76335	n-s---fa-
ὄψομαι	o)/yomai	ὁράω	o(ra/w	urn:cite2:hmt:lsj.chicago_md:n74735	v1sasm---
ὄψομαι	o)/yomai	ὁράω	o(ra/w	urn:cite2:hmt:lsj.chicago_md:n74735	v1sfim---
ὅ	o(/	ὁ	o(	urn:cite2:hmt:lsj.chicago_md:n71882	l-s---mn-
ὅ	o(/	ὅς	o(/s	urn:cite2:hmt:lsj.chicago_md:n75512	p-s---nn-
ὅ	o(/	ὅς	o(/s	urn:cite2:hmt:lsj.chicago_md:n75513	p-s---nn-
ὅ	o(/	ὅς	o(/s	urn:cite2:hmt:lsj.chicago_md:n75512	p-s---nv-
ὅ	o(/	ὅς	o(/s	urn:cite2:hmt:lsj.chicago_md:n75513	p-s---nv-
ὅ	o(/	ὅς	o(/s	urn:cite2:hmt:lsj.chicago_md:n75512	p-s---na-
ὅ	o(/	ὅς	o(/s	urn:cite2:hmt:lsj.chicago_md:n75513	p-s---na-
ὅδε	o(/de	ὅδε	o(/de	urn:cite2:hmt:lsj.chicago_md:n72010	n-s---mn-
ὅδωσον	o(/dwson	ὁδόω	o(do/w	urn:cite2:hmt:lsj.chicago_md:n72103	v2sama---
ὅδ’	o(/d'	ὅδε	o(/de	urn:cite2:hmt:lsj.chicago_md:n72010	n-s---mn-
ὅθεν	o(/qen	ὅθεν	o(/qen	urn:cite2:hmt:lsj.chicago_md:n72153	d--------
ὅθ’	o(/q'	ὅθι	o(/qi	urn:cite2:hmt:lsj.chicago_md:n72155	d--------
ὅθ’	o(/q'	ὅστε	o(/ste	urn:cite2:hmt:lsj.chicago_md:n75588	p-s---nn-
ὅθ’	o(/q'	ὅστε	o(/ste	urn:cite2:hmt:lsj.chicago_md:n75588	p-s---nv-
ὅθ’	o(/q'	ὅστε	o(/ste	urn:cite2:hmt:lsj.chicago_md:n75588	p-s---na-
ὅθ’	o(/q'	ὅστις	o(/stis	urn:cite2:hmt:lsj.chicago_md:n75598	p-s---nn-
ὅθ’	o(/q'	ὅστις	o(/stis	urn:cite2:hmt:lsj.chicago_md:n75598	p-s---na-
ὅθ’	o(/q'	ὅτε	o(/te	urn:cite2:hmt:lsj.chicago_md:n75688	c--------
ὅθ’	o(/q'	ὅτε	o(/te	urn:cite2:hmt:lsj.chicago_md:n75688a	c--------
ὅθ’	o(/q'	ὅτε	o(/te	urn:cite2:hmt:lsj.chicago_md:n75689	c--------
ὅθ’	o(/q'	ὅτι1	o(/ti	urn:cite2:hmt:lsj.chicago_md:n75695	d--------
ὅθ’	o(/q'	ὅτι2	o(/ti	urn:cite2:hmt:lsj.chicago_md:n75695	c--------
ὅμιλος	o(/milos	ὅμιλος	o(/milos	urn:cite2:hmt:lsj.chicago_md:n73506	n-s---mn-
ὅμοιος	o(/moios	ὅμοιος	o(/moios	urn:cite2:hmt:lsj.chicago_md:n73672	a-s---mn-
ὅμοιος	o(/moios	ὁμοῖος	o(moi=os	urn:cite2:hmt:lsj.chicago_md:n73672	a-s---mn-
ὅμως	o(/mws	ὅμως	o(/mws	urn:cite2:hmt:lsj.chicago_md:n73980	c--------
ὅμως	o(/mws	ὁμόω	o(mo/w	urn:cite2:hmt:lsj.chicago_md:n73923	v2siia---
ὅν	o(/n	ὅς	o(/s	urn:cite2:hmt:lsj.chicago_md:n75512	p-s---ma-
ὅν	o(/n	ὅς	o(/s	urn:cite2:hmt:lsj.chicago_md:n75513	p-s---ma-
ὅν	o(/n	ὅς	o(/s	urn:cite2:hmt:lsj.chicago_md:n75512	p-s---na-
ὅν	o(/n	ὅς	o(/s	urn:cite2:hmt:lsj.chicago_md:n75513	p-s---na-
ὅπλοις	o(/plois	ὅπλον	o(/plon	urn:cite2:hmt:lsj.chicago_md:n74571	n-p---nd-
ὅπλοισιν	o(/ploisin	ὅπλον	o(/plon	urn:cite2:hmt:lsj.chicago_md:n74571	n-p---nd-
ὅπου	o(/pou	ὅπου	o(/pou	urn:cite2:hmt:lsj.chicago_md:n74631	d--------
ὅπως	o(/pws	ὅπως	o(/pws	urn:cite2:hmt:lsj.chicago_md:n74713	c--------
ὅρα	o(/ra	ὁράω	o(ra/w	urn:cite2:hmt:lsj.chicago_md:n74735	v2spma---
ὅρα	o(/ra	ὁράω	o(ra/w	urn:cite2:hmt:lsj.chicago_md:n74735	v3siia---
ὅροις	o(/rois	ὅρος	o(/ros	urn:cite2:hmt:lsj.chicago_md:n75308	n-p---md-
ὅρους	o(/rous	ὅρος	o(/ros	urn:cite2:hmt:lsj.chicago_md:n75308	n-p---ma-
ὅς	o(/s	ὅς	o(/s	urn:cite2:hmt:lsj.chicago_md:n75512	p-s---mn-
ὅς	o(/s	ὅς	o(/s	urn:cite2:hmt:lsj.chicago_md:n75513	p-s---mn-
ὅσας	o(/sas	ὅσος	o(/sos	urn:cite2:hmt:lsj.chicago_md:n75552	a-p---fa-
ὅσας	o(/sas	ὅσος	o(/sos	urn:cite2:hmt:lsj.chicago_md:n75552	a-s---fg-
ὅσιος	o(/sios	ὅσιος	o(/sios	urn:cite2:hmt:lsj.chicago_md:n75526	a-s---mn-
ὅσιος	o(/sios	ὅσιος	o(/sios	urn:cite2:hmt:lsj.chicago_md:n75526	n-s---mn-
ὅσιος	o(/sios	ὅσιος	o(/sios	urn:cite2:hmt:lsj.chicago_md:n75526	n-s---fn-
ὅσι’	o(/si'	ὅσιος	o(/sios	urn:cite2:hmt:lsj.chicago_md:n75526	a-p---nn-
ὅσι’	o(/si'	ὅσιος	o(/sios	urn:cite2:hmt:lsj.chicago_md:n75526	a-p---nv-
ὅσι’	o(/si'	ὅσιος	o(/sios	urn:cite2:hmt:lsj.chicago_md:n75526	a-p---na-
ὅσι’	o(/si'	ὅσιος	o(/sios	urn:cite2:hmt:lsj.chicago_md:n75526	n-p---nn-
ὅσι’	o(/si'	ὅσιος	o(/sios	urn:cite2:hmt:lsj.chicago_md:n75526	n-p---nv-
ὅσι’	o(/si'	ὅσιος	o(/sios	urn:cite2:hmt:lsj.chicago_md:n75526	n-p---na-
ὅσι’	o(/si'	ὅσιος	o(/sios	urn:cite2:hmt:lsj.chicago_md:n75526	a-s---mv-
ὅσι’	o(/si'	ὅσιος	o(/sios	urn:cite2:hmt:lsj.chicago_md:n75526	n-s---mv-
ὅσι’	o(/si'	ὅσιος	o(/sios	urn:cite2:hmt:lsj.chicago_md:n75526	n-s---fv-
ὅσι’	o(/si'	ὅσιος	o(/sios	urn:cite2:hmt:lsj.chicago_md:n75526	a-p---fn-
ὅσι’	o(/si'	ὅσιος	o(/sios	urn:cite2:hmt:lsj.chicago_md:n75526	a-p---fv-
ὅσοι	o(/soi	ὅσος	o(/sos	urn:cite2:hmt:lsj.chicago_md:n75552	a-p---mn-
ὅσοι	o(/soi	ὅσος	o(/sos	urn:cite2:hmt:lsj.chicago_md:n75552	a-p---mv-
ὅσον	o(/son	ὅσος	o(/sos	urn:cite2:hmt:lsj.chicago_md:n75552	a-s---ma-
ὅσον	o(/son	ὅσος	o(/sos	urn:cite2:hmt:lsj.chicago_md:n75552	a-s---nn-
ὅσον	o(/son	ὅσος	o(/sos	urn:cite2:hmt:lsj.chicago_md:n75552	a-s---nv-
ὅσον	o(/son	ὅσος	o(/sos	urn:cite2:hmt:lsj.chicago_md:n75552	a-s---na-
ὅσπερ	o(/sper	ὅς	o(/s	urn:cite2:hmt:lsj.chicago_md:n75512	p-s---mn-
ὅσπερ	o(/sper	ὅς	o(/s	urn:cite2:hmt:lsj.chicago_md:n75513	p-s---mn-
ὅστις	o(/stis	ὅστις	o(/stis	urn:cite2:hmt:lsj.chicago_md:n75598	p-s---mn-
ὅστ’	o(/st'	ὅστε	o(/ste	urn:cite2:hmt:lsj.chicago_md:n75588	p-s---mn-
ὅστ’	o(/st'	ὅστε	o(/ste	urn:cite2:hmt:lsj.chicago_md:n75588	p-s---mv-
ὅσων	o(/swn	ὅσος	o(/sos	urn:cite2:hmt:lsj.chicago_md:n75552	a-p---fg-
ὅσων	o(/swn	ὅσος	o(/sos	urn:cite2:hmt:lsj.chicago_md:n75552	a-p---mg-
ὅσων	o(/swn	ὅσος	o(/sos	urn:cite2:hmt:lsj.chicago_md:n75552	a-p---ng-
ὅσ’	o(/s'	ὅσος	o(/sos	urn:cite2:hmt:lsj.chicago_md:n75552	a-p---nn-
ὅσ’	o(/s'	ὅσος	o(/sos	urn:cite2:hmt:lsj.chicago_md:n75552	a-p---nv-
ὅσ’	o(/s'	ὅσος	o(/sos	urn:cite2:hmt:lsj.chicago_md:n75552	a-p---na-
ὅσ’	o(/s'	ὅσος	o(/sos	urn:cite2:hmt:lsj.chicago_md:n75552	a-s---mv-
ὅσ’	o(/s'	ὅσος	o(/sos	urn:cite2:hmt:lsj.chicago_md:n75552	a-p---fn-
ὅσ’	o(/s'	ὅσος	o(/sos	urn:cite2:hmt:lsj.chicago_md:n75552	a-p---fv-
ὅσ’	o(/s'	ὅσος	o(/sos	urn:cite2:hmt:lsj.chicago_md:n75552	a-s---fd-
ὅταν	o(/tan	ὅταν	o(/tan	urn:cite2:hmt:lsj.chicago_md:n75687	c--------
ὅτε	o(/te	ὅστε	o(/ste	urn:cite2:hmt:lsj.chicago_md:n75588	p-s---nn-
ὅτε	o(/te	ὅστε	o(/ste	urn:cite2:hmt:lsj.chicago_md:n75588	p-s---nv-
ὅτε	o(/te	ὅστε	o(/ste	urn:cite2:hmt:lsj.chicago_md:n75588	p-s---na-
ὅτε	o(/te	ὅτε	o(/te	urn:cite2:hmt:lsj.chicago_md:n75688	c--------
ὅτε	o(/te	ὅτε	o(/te	urn:cite2:hmt:lsj.chicago_md:n75688a	c--------
ὅτε	o(/te	ὅτε	o(/te	urn:cite2:hmt:lsj.chicago_md:n75689	c--------
ὅτι	o(/ti	ὅστις	o(/stis	urn:cite2:hmt:lsj.chicago_md:n75598	p-s---nn-
ὅτι	o(/ti	ὅστις	o(/stis	urn:cite2:hmt:lsj.chicago_md:n75598	p-s---na-
ὅτι	o(/ti	ὅτι1	o(/ti	urn:cite2:hmt:lsj.chicago_md:n75695	d--------
ὅτι	o(/ti	ὅτι2	o(/ti	urn:cite2:hmt:lsj.chicago_md:n75695	c--------
ὅτου	o(/tou	ὅστις	o(/stis	urn:cite2:hmt:lsj.chicago_md:n75598	p-s---mg-
ὅτου	o(/tou	ὅστις	o(/stis	urn:cite2:hmt:lsj.chicago_md:n75598	p-s---ng-
ὅτῳ	o(/tw|	ὅστις	o(/stis	urn:cite2:hmt:lsj.chicago_md:n75598	p-s---md-
ὅτῳ	o(/tw|	ὅστις	o(/stis	urn:cite2:hmt:lsj.chicago_md:n75598	p-s---nd-
ὅτ’	o(/t'	ὅστε	o(/ste	urn:cite2:hmt:lsj.chicago_md:n75588	p-s---nn-
ὅτ’	o(/t'	ὅστε	o(/ste	urn:cite2:hmt:lsj.chicago_md:n75588	p-s---nv-
ὅτ’	o(/t'	ὅστε	o(/ste	urn:cite2:hmt:lsj.chicago_md:n75588	p-s---na-
ὅτ’	o(/t'	ὅστις	o(/stis	urn:cite2:hmt:lsj.chicago_md:n75598	p-s---nn-
ὅτ’	o(/t'	ὅστις	o(/stis	urn:cite2:hmt:lsj.chicago_md:n75598	p-s---na-
ὅτ’	o(/t'	ὅτε	o(/te	urn:cite2:hmt:lsj.chicago_md:n75688	c--------
ὅτ’	o(/t'	ὅτε	o(/te	urn:cite2:hmt:lsj.chicago_md:n75688a	c--------
ὅτ’	o(/t'	ὅτε	o(/te	urn:cite2:hmt:lsj.chicago_md:n75689	c--------
ὅτ’	o(/t'	ὅτι1	o(/ti	urn:cite2:hmt:lsj.chicago_md:n75695	d--------
ὅτ’	o(/t'	ὅτι2	o(/ti	urn:cite2:hmt:lsj.chicago_md:n75695	c--------
Ὀλύμπου	*)olu/mpou	Ὄλυμπος	*)/olumpos	urn:cite2:hmt:lsj.chicago_md:n73355	n-s---mg-
Ὅπλητες	*(/oplhtes	Ὅπλητες	*(/oplhtes	urn:cite2:hmt:lsj.chicago_md:n74533	n-p---mn-
Ὅπλητες	*(/oplhtes	Ὅπλητες	*(/oplhtes	urn:cite2:hmt:lsj.chicago_md:n74533	n-p---mv-
ὑβριζόμεσθα	u(brizo/mesqa	ὑβρίζω	u(bri/zw	urn:cite2:hmt:lsj.chicago_md:n106175	v1piie---
ὑβριζόμεσθα	u(brizo/mesqa	ὑβρίζω	u(bri/zw	urn:cite2:hmt:lsj.chicago_md:n106175	v1ppie---
ὑβριζόμεσθα	u(brizo/mesqa	ὑβρίζω	u(bri/zw	urn:cite2:hmt:lsj.chicago_md:n106175	v1piie---
ὑγραῖς	u(grai=s	ὑγρός	u(gro/s	urn:cite2:hmt:lsj.chicago_md:n106263	a-p---fd-
ὑγροῖσιν	u(groi=sin	ὑγρός	u(gro/s	urn:cite2:hmt:lsj.chicago_md:n106263	a-p---md-
ὑγροῖσιν	u(groi=sin	ὑγρός	u(gro/s	urn:cite2:hmt:lsj.chicago_md:n106263	a-p---nd-
ὑγρόν	u(gro/n	ὑγρός	u(gro/s	urn:cite2:hmt:lsj.chicago_md:n106263	a-s---ma-
ὑγρόν	u(gro/n	ὑγρός	u(gro/s	urn:cite2:hmt:lsj.chicago_md:n106263	a-s---nn-
ὑγρόν	u(gro/n	ὑγρός	u(gro/s	urn:cite2:hmt:lsj.chicago_md:n106263	a-s---nv-
ὑγρόν	u(gro/n	ὑγρός	u(gro/s	urn:cite2:hmt:lsj.chicago_md:n106263	a-s---na-
ὑμνηθήσεται	u(mnhqh/setai	ὑμνέω	u(mne/w	urn:cite2:hmt:lsj.chicago_md:n106707	v3sfip---
ὑμνῳδεῖ	u(mnw|dei=	ὑμνῳδέω	u(mnw|de/w	urn:cite2:hmt:lsj.chicago_md:n106739	v2spie---
ὑμνῳδεῖ	u(mnw|dei=	ὑμνῳδέω	u(mnw|de/w	urn:cite2:hmt:lsj.chicago_md:n106739	v3spia---
ὑμνῳδίαν	u(mnw|di/an	ὑμνῳδία	u(mnw|di/a	urn:cite2:hmt:lsj.chicago_md:n106741	n-s---fa-
ὑμέναιος	u(me/naios	ὑμέναιος	u(me/naios	urn:cite2:hmt:lsj.chicago_md:n106685	n-s---mn-
ὑμᾶς	u(ma=s	σύ	su/	urn:cite2:hmt:lsj.chicago_md:n97456	p-p----a-
ὑμᾶς	u(ma=s	ὑμός	u(mo/s	urn:cite2:hmt:lsj.chicago_md:n106745	a-s---fg-
ὑμῖν	u(mi=n	σύ	su/	urn:cite2:hmt:lsj.chicago_md:n97456	p-p----d-
ὑμῶν	u(mw=n	σύ	su/	urn:cite2:hmt:lsj.chicago_md:n97456	p-p----g-
ὑμῶν	u(mw=n	ὑμός	u(mo/s	urn:cite2:hmt:lsj.chicago_md:n106745	a-p---fg-
ὑμῶν	u(mw=n	ὑμός	u(mo/s	urn:cite2:hmt:lsj.chicago_md:n106745	a-p---mg-
ὑμῶν	u(mw=n	ὑμός	u(mo/s	urn:cite2:hmt:lsj.chicago_md:n106745	a-p---ng-
ὑπεξαντλῶν	u(pecantlw=n	ὑπεξαντλέω	u(pecantle/w	urn:cite2:hmt:lsj.chicago_md:n107164	v-sppamn-
ὑπεξαντλῶν	u(pecantlw=n	ὑπεξαντλέω	u(pecantle/w	urn:cite2:hmt:lsj.chicago_md:n107164	v-sppamn-
ὑπερβαλλούσας	u(perballou/sas	ὑπερβάλλω	u(perba/llw	urn:cite2:hmt:lsj.chicago_md:n107315	v-pppafa-
ὑπερβαλλούσας	u(perballou/sas	ὑπερβάλλω	u(perba/llw	urn:cite2:hmt:lsj.chicago_md:n107315	v-sppafg-
ὑπερβαίην	u(perbai/hn	ὑπερβαίνω	u(perbai/nw	urn:cite2:hmt:lsj.chicago_md:n107312	v1saoa---
ὑπερβαίνει	u(perbai/nei	ὑπερβαίνω	u(perbai/nw	urn:cite2:hmt:lsj.chicago_md:n107312	v2spie---
ὑπερβαίνει	u(perbai/nei	ὑπερβαίνω	u(perbai/nw	urn:cite2:hmt:lsj.chicago_md:n107312	v3spia---
ὑπερβάλλω	u(perba/llw	ὑπερβάλλω	u(perba/llw	urn:cite2:hmt:lsj.chicago_md:n107315	v1spsa---
ὑπερβάλλω	u(perba/llw	ὑπερβάλλω	u(perba/llw	urn:cite2:hmt:lsj.chicago_md:n107315	v1spia---
ὑπερβῆναι	u(perbh=nai	ὑπερβαίνω	u(perbai/nw	urn:cite2:hmt:lsj.chicago_md:n107312	v--ana---
ὑπερδράμω	u(perdra/mw	ὑπερτρέχω	u(pertre/xw	urn:cite2:hmt:lsj.chicago_md:n107905	v1sasa---
ὑπερτελής	u(pertelh/s	ὑπερτελής	u(pertelh/s	urn:cite2:hmt:lsj.chicago_md:n107885	n-s---mn-
ὑπερτελής	u(pertelh/s	ὑπερτελής	u(pertelh/s	urn:cite2:hmt:lsj.chicago_md:n107885	n-s---fn-
ὑπείδου	u(pei/dou	ὑπειδόμην	u(peido/mhn	urn:cite2:hmt:lsj.chicago_md:n107027	v2saim---
ὑπείδου	u(pei/dou	ὑπειδόμην	u(peido/mhn	urn:cite2:hmt:lsj.chicago_md:n107027	v2saim---
ὑπηρετῶν	u(phretw=n	ὑπηρέτης	u(phre/ths	urn:cite2:hmt:lsj.chicago_md:n108051	n-p---mg-
ὑπηρετῶν	u(phretw=n	ὑπηρετέω	u(phrete/w	urn:cite2:hmt:lsj.chicago_md:n108049	v-sppamn-
ὑπηρέτης	u(phre/ths	ὑπηρέτης	u(phre/ths	urn:cite2:hmt:lsj.chicago_md:n108051	n-s---mn-
ὑπηρέτης	u(phre/ths	ὑπηρετέω	u(phrete/w	urn:cite2:hmt:lsj.chicago_md:n108049	v2siia---
ὑπηρέτης	u(phre/ths	ὑπηρετέω	u(phrete/w	urn:cite2:hmt:lsj.chicago_md:n108049	v2siia---
ὑπουργήσω	u(pourgh/sw	ὑπουργέω	u(pourge/w	urn:cite2:hmt:lsj.chicago_md:n109463	v2saim---
ὑπουργήσω	u(pourgh/sw	ὑπουργέω	u(pourge/w	urn:cite2:hmt:lsj.chicago_md:n109463	v1sasa---
ὑπουργήσω	u(pourgh/sw	ὑπουργέω	u(pourge/w	urn:cite2:hmt:lsj.chicago_md:n109463	v1sfia---
ὑπουργήσω	u(pourgh/sw	ὑπουργέω	u(pourge/w	urn:cite2:hmt:lsj.chicago_md:n109463	v1stia---
ὑπουργήσω	u(pourgh/sw	ὑπουργέω	u(pourge/w	urn:cite2:hmt:lsj.chicago_md:n109463	v2saim---
ὑπέρ	u(pe/r	ὑπέρ	u(pe/r	urn:cite2:hmt:lsj.chicago_md:n107183	r--------
ὑπέσχεν	u(pe/sxen	ὑπέχω	u(pe/xw	urn:cite2:hmt:lsj.chicago_md:n108024	v3saia---
ὑπό	u(po/	ὑπό	u(po/	urn:cite2:hmt:lsj.chicago_md:n108092	r--------
ὑπῆλθεν	u(ph=lqen	ὑπέρχομαι	u(pe/rxomai	urn:cite2:hmt:lsj.chicago_md:n107976	v3saia---
ὑπῆλθεν	u(ph=lqen	ὑπέρχομαι	u(pe/rxomai	urn:cite2:hmt:lsj.chicago_md:n107976	v3saia---
ὑστάτοις	u(sta/tois	ὕστατος	u(/statos	urn:cite2:hmt:lsj.chicago_md:n109728	a-p---md-
ὑστάτοις	u(sta/tois	ὕστατος	u(/statos	urn:cite2:hmt:lsj.chicago_md:n109728	a-p---nd-
ὑστάτοις	u(sta/tois	ὕστερος	u(/steros	urn:cite2:hmt:lsj.chicago_md:n109757	a-p---md-
ὑστάτοις	u(sta/tois	ὕστερος	u(/steros	urn:cite2:hmt:lsj.chicago_md:n109757	a-p---nd-
ὑφανταί	u(fantai/	ὑφαντός	u(fanto/s	urn:cite2:hmt:lsj.chicago_md:n109801	a-p---fn-
ὑφανταί	u(fantai/	ὑφαντός	u(fanto/s	urn:cite2:hmt:lsj.chicago_md:n109801	a-p---fv-
ὑφαί	u(fai/	ὑφή	u(fh/	urn:cite2:hmt:lsj.chicago_md:n109840	n-p---fn-
ὑφαί	u(fai/	ὑφή	u(fh/	urn:cite2:hmt:lsj.chicago_md:n109840	n-p---fv-
ὑφάσμαθ’	u(fa/smaq'	ὕφασμα	u(/fasma	urn:cite2:hmt:lsj.chicago_md:n109814	n-p---nn-
ὑφάσμαθ’	u(fa/smaq'	ὕφασμα	u(/fasma	urn:cite2:hmt:lsj.chicago_md:n109814	n-p---nv-
ὑφάσμαθ’	u(fa/smaq'	ὕφασμα	u(/fasma	urn:cite2:hmt:lsj.chicago_md:n109814	n-p---na-
ὑφάσμαθ’	u(fa/smaq'	ὕφασμα	u(/fasma	urn:cite2:hmt:lsj.chicago_md:n109814	n-s---nd-
ὑφάσμαθ’	u(fa/smaq'	ὕφασμα	u(/fasma	urn:cite2:hmt:lsj.chicago_md:n109814	n-d---nn-
ὑφάσμαθ’	u(fa/smaq'	ὕφασμα	u(/fasma	urn:cite2:hmt:lsj.chicago_md:n109814	n-d---nv-
ὑφάσμαθ’	u(fa/smaq'	ὕφασμα	u(/fasma	urn:cite2:hmt:lsj.chicago_md:n109814	n-d---na-
ὑφάσματα	u(fa/smata	ὕφασμα	u(/fasma	urn:cite2:hmt:lsj.chicago_md:n109814	n-p---nn-
ὑφάσματα	u(fa/smata	ὕφασμα	u(/fasma	urn:cite2:hmt:lsj.chicago_md:n109814	n-p---nv-
ὑφάσματα	u(fa/smata	ὕφασμα	u(/fasma	urn:cite2:hmt:lsj.chicago_md:n109814	n-p---na-
ὑφέξεις	u(fe/ceis	ὕφεξις	u(/fecis	urn:cite2:hmt:lsj.chicago_md:n109833	n-p---fn-
ὑφέξεις	u(fe/ceis	ὕφεξις	u(/fecis	urn:cite2:hmt:lsj.chicago_md:n109833	n-p---fv-
ὑφέξεις	u(fe/ceis	ὕφεξις	u(/fecis	urn:cite2:hmt:lsj.chicago_md:n109833	n-p---fn-
ὑφέξεις	u(fe/ceis	ὕφεξις	u(/fecis	urn:cite2:hmt:lsj.chicago_md:n109833	n-p---fa-
ὑφέξεις	u(fe/ceis	ὑπέχω	u(pe/xw	urn:cite2:hmt:lsj.chicago_md:n108024	v2sfia---
ὑφήσεις	u(fh/seis	ὑφάω	u(fa/w	urn:cite2:hmt:lsj.chicago_md:n109817	v2sasa---
ὑφήσεις	u(fh/seis	ὑφάω	u(fa/w	urn:cite2:hmt:lsj.chicago_md:n109817	v2sfia---
ὑφήσεις	u(fh/seis	ὑφάω	u(fa/w	urn:cite2:hmt:lsj.chicago_md:n109817	v2stia---
ὑφήσεις	u(fh/seis	ὑφίημι	u(fi/hmi	urn:cite2:hmt:lsj.chicago_md:n109862	v2sfia---
ὑφίσταμαι	u(fi/stamai	ὑφίστημι	u(fi/sthmi	urn:cite2:hmt:lsj.chicago_md:n109865	v1spie---
ὕβριν	u(/brin	ὕβρις	u(/bris	urn:cite2:hmt:lsj.chicago_md:n106177	n-s---fa-
ὕδραν	u(/dran	ὕδρα	u(/dra	urn:cite2:hmt:lsj.chicago_md:n106339	n-s---fa-
ὕδωρ	u(/dwr	ὕδωρ	u(/dwr	urn:cite2:hmt:lsj.chicago_md:n106502	n-s---nn-
ὕδωρ	u(/dwr	ὕδωρ	u(/dwr	urn:cite2:hmt:lsj.chicago_md:n106502	n-s---nv-
ὕδωρ	u(/dwr	ὕδωρ	u(/dwr	urn:cite2:hmt:lsj.chicago_md:n106502	n-s---na-
ὕμνοις	u(/mnois	ὕμνος	u(/mnos	urn:cite2:hmt:lsj.chicago_md:n106733	n-p---md-
ὕμνους	u(/mnous	ὕμνος	u(/mnos	urn:cite2:hmt:lsj.chicago_md:n106733	n-p---ma-
ὕμνων	u(/mnwn	ὕμνος	u(/mnos	urn:cite2:hmt:lsj.chicago_md:n106733	n-p---mg-
ὕπερ	u(/per	ὑπέρ	u(pe/r	urn:cite2:hmt:lsj.chicago_md:n107183	r--------
ὕπερθε	u(/perqe	ὕπερθεν	u(/perqen	urn:cite2:hmt:lsj.chicago_md:n107560	r--------
ὕπνος	u(/pnos	ὕπνος	u(/pnos	urn:cite2:hmt:lsj.chicago_md:n108081	n-s---mn-
ὕστερον	u(/steron	ὕστερον	u(/steron	urn:cite2:hmt:lsj.chicago_md:n109750	n-s---nn-
ὕστερον	u(/steron	ὕστερον	u(/steron	urn:cite2:hmt:lsj.chicago_md:n109750	n-s---nv-
ὕστερον	u(/steron	ὕστερον	u(/steron	urn:cite2:hmt:lsj.chicago_md:n109750	n-s---na-
ὕστερον	u(/steron	ὕστερος	u(/steros	urn:cite2:hmt:lsj.chicago_md:n109757	a-s---ma-
ὕστερον	u(/steron	ὕστερος	u(/steros	urn:cite2:hmt:lsj.chicago_md:n109757	a-s---nn-
ὕστερον	u(/steron	ὕστερος	u(/steros	urn:cite2:hmt:lsj.chicago_md:n109757	a-s---nv-
ὕστερον	u(/steron	ὕστερος	u(/steros	urn:cite2:hmt:lsj.chicago_md:n109757	a-s---na-
ὕστερόν	u(/stero/n	ὕστερον	u(/steron	urn:cite2:hmt:lsj.chicago_md:n109750	n-s---nn-
ὕστερόν	u(/stero/n	ὕστερον	u(/steron	urn:cite2:hmt:lsj.chicago_md:n109750	n-s---nv-
ὕστερόν	u(/stero/n	ὕστερον	u(/steron	urn:cite2:hmt:lsj.chicago_md:n109750	n-s---na-
ὕστερόν	u(/stero/n	ὕστερος	u(/steros	urn:cite2:hmt:lsj.chicago_md:n109757	a-s---ma-
ὕστερόν	u(/stero/n	ὕστερος	u(/steros	urn:cite2:hmt:lsj.chicago_md:n109757	a-s---nn-
ὕστερόν	u(/stero/n	ὕστερος	u(/steros	urn:cite2:hmt:lsj.chicago_md:n109757	a-s---nv-
ὕστερόν	u(/stero/n	ὕστερος	u(/steros	urn:cite2:hmt:lsj.chicago_md:n109757	a-s---na-
ὕφασμα	u(/fasma	ὕφασμα	u(/fasma	urn:cite2:hmt:lsj.chicago_md:n109814	n-s---nn-
ὕφασμα	u(/fasma	ὕφασμα	u(/fasma	urn:cite2:hmt:lsj.chicago_md:n109814	n-s---nv-
ὕφασμα	u(/fasma	ὕφασμα	u(/fasma	urn:cite2:hmt:lsj.chicago_md:n109814	n-s---na-
ὕφασμ’	u(/fasm'	ὕφασμα	u(/fasma	urn:cite2:hmt:lsj.chicago_md:n109814	n-s---nn-
ὕφασμ’	u(/fasm'	ὕφασμα	u(/fasma	urn:cite2:hmt:lsj.chicago_md:n109814	n-s---nv-
ὕφασμ’	u(/fasm'	ὕφασμα	u(/fasma	urn:cite2:hmt:lsj.chicago_md:n109814	n-s---na-
ὕφασμ’	u(/fasm'	ὑφάζω	u(fa/zw	urn:cite2:hmt:lsj.chicago_md:n109776	v1srie---
ὕφασμ’	u(/fasm'	ὑφαίνω	u(fai/nw	urn:cite2:hmt:lsj.chicago_md:n109779	v1srie---
ὕφην’	u(/fhn'	ὑφαίνω	u(fai/nw	urn:cite2:hmt:lsj.chicago_md:n109779	v1saia---
ὕφην’	u(/fhn'	ὑφαίνω	u(fai/nw	urn:cite2:hmt:lsj.chicago_md:n109779	v3saia---
ὕφην’	u(/fhn'	ὑφαίνω	u(fai/nw	urn:cite2:hmt:lsj.chicago_md:n109779	v2samm---
ὕφην’	u(/fhn'	ὑφαίνω	u(fai/nw	urn:cite2:hmt:lsj.chicago_md:n109779	v1saia---
ὕφην’	u(/fhn'	ὑφαίνω	u(fai/nw	urn:cite2:hmt:lsj.chicago_md:n109779	v3saia---
Ὑάδες	*(ua/des	Ὑάδες	*(ua/des	urn:cite2:hmt:lsj.chicago_md:n106119	n-p---fn-
Ὑάδες	*(ua/des	Ὑάδες	*(ua/des	urn:cite2:hmt:lsj.chicago_md:n106119	n-p---fv-
ὠδίνων	w)di/nwn	ὠδίνω	w)di/nw	urn:cite2:hmt:lsj.chicago_md:n116058	v-sppamn-
ὠδίνων	w)di/nwn	ὠδίς	w)di/s	urn:cite2:hmt:lsj.chicago_md:n116059	n-p---fg-
ὠδῖν’	w)di=n'	ὠδίς	w)di/s	urn:cite2:hmt:lsj.chicago_md:n116059	n-s---fa-
ὠδῖν’	w)di=n'	ὠδίς	w)di/s	urn:cite2:hmt:lsj.chicago_md:n116059	n-s---fd-
ὠδῖν’	w)di=n'	ὠδίς	w)di/s	urn:cite2:hmt:lsj.chicago_md:n116059	n-d---fn-
ὠδῖν’	w)di=n'	ὠδίς	w)di/s	urn:cite2:hmt:lsj.chicago_md:n116059	n-d---fv-
ὠδῖν’	w)di=n'	ὠδίς	w)di/s	urn:cite2:hmt:lsj.chicago_md:n116059	n-d---fa-
ὠκιστᾶν	w)kista=n	ὠκύς	w)ku/s	urn:cite2:hmt:lsj.chicago_md:n116136	a-p---mg-
ὠκιστᾶν	w)kista=n	ὠκύς	w)ku/s	urn:cite2:hmt:lsj.chicago_md:n116136	a-p---fg-
ὠλένας	w)le/nas	ὠλένη	w)le/nh	urn:cite2:hmt:lsj.chicago_md:n116150	n-p---fa-
ὠλένας	w)le/nas	ὠλένη	w)le/nh	urn:cite2:hmt:lsj.chicago_md:n116150	n-s---fg-
ὠλένην	w)le/nhn	ὠλένη	w)le/nh	urn:cite2:hmt:lsj.chicago_md:n116150	n-s---fa-
ὠμός	w)mo/s	ὠμός	w)mo/s	urn:cite2:hmt:lsj.chicago_md:n116219	a-s---mn-
ὠμότητα	w)mo/thta	ὠμότης	w)mo/ths	urn:cite2:hmt:lsj.chicago_md:n116224	n-s---fa-
ὠφελεῖ	w)felei=	ὠφελέω	w)fele/w	urn:cite2:hmt:lsj.chicago_md:n116470	v2spie---
ὠφελεῖ	w)felei=	ὠφελέω	w)fele/w	urn:cite2:hmt:lsj.chicago_md:n116470	v3spia---
ὠφελούμεθα	w)felou/meqa	ὠφελέω	w)fele/w	urn:cite2:hmt:lsj.chicago_md:n116470	v1piie---
ὠφελούμεθα	w)felou/meqa	ὠφελέω	w)fele/w	urn:cite2:hmt:lsj.chicago_md:n116470	v1ppie---
ὠφελούμεθα	w)felou/meqa	ὠφελέω	w)fele/w	urn:cite2:hmt:lsj.chicago_md:n116470	v1piie---
ὠφελῶν	w)felw=n	ὠφελέω	w)fele/w	urn:cite2:hmt:lsj.chicago_md:n116470	v-sppamn-
ὠφέλιμον	w)fe/limon	ὠφέλιμος	w)fe/limos	urn:cite2:hmt:lsj.chicago_md:n116477	a-s---ma-
ὠφέλιμον	w)fe/limon	ὠφέλιμος	w)fe/limos	urn:cite2:hmt:lsj.chicago_md:n116477	a-s---nn-
ὠφέλιμον	w)fe/limon	ὠφέλιμος	w)fe/limos	urn:cite2:hmt:lsj.chicago_md:n116477	a-s---nv-
ὠφέλιμον	w)fe/limon	ὠφέλιμος	w)fe/limos	urn:cite2:hmt:lsj.chicago_md:n116477	a-s---na-
ὠφέλιμον	w)fe/limon	ὠφέλιμος	w)fe/limos	urn:cite2:hmt:lsj.chicago_md:n116477	n-s---ma-
ὠφέλιμον	w)fe/limon	ὠφέλιμος	w)fe/limos	urn:cite2:hmt:lsj.chicago_md:n116477	n-s---fa-
ὠφέλιμον	w)fe/limon	ὠφέλιμος	w)fe/limos	urn:cite2:hmt:lsj.chicago_md:n116477	n-s---nn-
ὠφέλιμον	w)fe/limon	ὠφέλιμος	w)fe/limos	urn:cite2:hmt:lsj.chicago_md:n116477	n-s---nv-
ὠφέλιμον	w)fe/limon	ὠφέλιμος	w)fe/limos	urn:cite2:hmt:lsj.chicago_md:n116477	n-s---na-
ὠή	w)h/	ὠή	w)h/	urn:cite2:hmt:lsj.chicago_md:n116069	x--------
ὡμάρτει	w(ma/rtei	ὁμαρτέω	o(marte/w	urn:cite2:hmt:lsj.chicago_md:n73409	v3siia---
ὡπλισμένον	w(plisme/non	ὁπλίζω	o(pli/zw	urn:cite2:hmt:lsj.chicago_md:n74535	v-srpema-
ὡπλισμένον	w(plisme/non	ὁπλίζω	o(pli/zw	urn:cite2:hmt:lsj.chicago_md:n74535	v-srpenn-
ὡπλισμένον	w(plisme/non	ὁπλίζω	o(pli/zw	urn:cite2:hmt:lsj.chicago_md:n74535	v-srpenv-
ὡπλισμένον	w(plisme/non	ὁπλίζω	o(pli/zw	urn:cite2:hmt:lsj.chicago_md:n74535	v-srpena-
ὡπλίζετο	w(pli/zeto	ὁπλίζω	o(pli/zw	urn:cite2:hmt:lsj.chicago_md:n74535	v3siie---
ὡρισμένη	w(risme/nh	ὁρίζω	o(ri/zw	urn:cite2:hmt:lsj.chicago_md:n75078	v-srpefn-
ὡρισμένη	w(risme/nh	ὁρίζω	o(ri/zw	urn:cite2:hmt:lsj.chicago_md:n75078	v-srpefv-
ὡς	w(s	ὡς	w(s	urn:cite2:hmt:lsj.chicago_md:n116401	c--------
ὤλβισα	w)/lbisa	ὀλβίζω	o)lbi/zw	urn:cite2:hmt:lsj.chicago_md:n72898	v1saia---
ὤμοι	w)/moi	ὤμοι	w)/moi	urn:cite2:hmt:lsj.chicago_md:n116208	x--------
ὤν	w)/n	εἰμί	ei)mi/	urn:cite2:hmt:lsj.chicago_md:n31130	v-sppamn-
ὤφελόν	w)/felo/n	ὀφείλω	o)fei/lw	urn:cite2:hmt:lsj.chicago_md:n76079	v3paia---
ὤφελόν	w)/felo/n	ὀφείλω	o)fei/lw	urn:cite2:hmt:lsj.chicago_md:n76079	v1saia---
ὤφθη	w)/fqh	ὁράω	o(ra/w	urn:cite2:hmt:lsj.chicago_md:n74735	v3saip---
ὥρισαν	w(/risan	ὁρίζω	o(ri/zw	urn:cite2:hmt:lsj.chicago_md:n75078	v3paia---
ὥς	w(/s	ὅς	o(/s	urn:cite2:hmt:lsj.chicago_md:n75512	p-p---ma-
ὥς	w(/s	ὅς	o(/s	urn:cite2:hmt:lsj.chicago_md:n75513	p-p---ma-
ὥς	w(/s	ὡς	w(s	urn:cite2:hmt:lsj.chicago_md:n116401	c--------
ὥς	w(/s	ὡς	w(s	urn:cite2:hmt:lsj.chicago_md:n116401	d--------
ὥσθ’	w(/sq'	ὥστε	w(/ste	urn:cite2:hmt:lsj.chicago_md:n116421	d--------
ὥσπερ	w(/sper	ὥσπερ	w(/sper	urn:cite2:hmt:lsj.chicago_md:n116416	d--------
ὥστε	w(/ste	ὥστε	w(/ste	urn:cite2:hmt:lsj.chicago_md:n116421	d--------
ὦ	w)=	εἰμί	ei)mi/	urn:cite2:hmt:lsj.chicago_md:n31130	v1spsa---
ὦ	w)=	ὦ	w)=	urn:cite2:hmt:lsj.chicago_md:n116027	x--------
ὧδε	w(=de	ὧδε	w(=de	urn:cite2:hmt:lsj.chicago_md:n116050	d--------
ὧν	w(=n	ὅς	o(/s	urn:cite2:hmt:lsj.chicago_md:n75512	p-p---fg-
ὧν	w(=n	ὅς	o(/s	urn:cite2:hmt:lsj.chicago_md:n75513	p-p---fg-
ὧν	w(=n	ὅς	o(/s	urn:cite2:hmt:lsj.chicago_md:n75512	p-p---mg-
ὧν	w(=n	ὅς	o(/s	urn:cite2:hmt:lsj.chicago_md:n75513	p-p---mg-
ὧν	w(=n	ὅς	o(/s	urn:cite2:hmt:lsj.chicago_md:n75512	p-p---ng-
ὧν	w(=n	ὅς	o(/s	urn:cite2:hmt:lsj.chicago_md:n75513	p-p---ng-
ὧνπερ	w(=nper	ὅς	o(/s	urn:cite2:hmt:lsj.chicago_md:n75512	p-p---fg-
ὧνπερ	w(=nper	ὅς	o(/s	urn:cite2:hmt:lsj.chicago_md:n75513	p-p---fg-
ὧνπερ	w(=nper	ὅς	o(/s	urn:cite2:hmt:lsj.chicago_md:n75512	p-p---mg-
ὧνπερ	w(=nper	ὅς	o(/s	urn:cite2:hmt:lsj.chicago_md:n75513	p-p---mg-
ὧνπερ	w(=nper	ὅς	o(/s	urn:cite2:hmt:lsj.chicago_md:n75512	p-p---ng-
ὧνπερ	w(=nper	ὅς	o(/s	urn:cite2:hmt:lsj.chicago_md:n75513	p-p---ng-
Ὠρίων	*)wri/wn	Ὠρίων	*)wri/wn	urn:cite2:hmt:lsj.chicago_md:n116349	n-s---mn-
Ὠρίων	*)wri/wn	Ὠρίων	*)wri/wn	urn:cite2:hmt:lsj.chicago_md:n116349	n-s---mv-
Ὠρίων	*)wri/wn	ὤριος	w)/rios	urn:cite2:hmt:lsj.chicago_md:n116343	n-p---mg-
Ὠρίων	*)wri/wn	ὤριος	w)/rios	urn:cite2:hmt:lsj.chicago_md:n116344	n-p---mg-
Ὠρίων	*)wri/wn	ὤριος	w)/rios	urn:cite2:hmt:lsj.chicago_md:n116343	n-p---fg-
Ὠρίων	*)wri/wn	ὤριος	w)/rios	urn:cite2:hmt:lsj.chicago_md:n116344	n-p---fg-
Ὠρίων	*)wri/wn	ὤριος	w)/rios	urn:cite2:hmt:lsj.chicago_md:n116343	n-p---ng-
Ὠρίων	*)wri/wn	ὤριος	w)/rios	urn:cite2:hmt:lsj.chicago_md:n116344	n-p---ng-
Ὠρίων	*)wri/wn	ὦρος	w)=ros	urn:cite2:hmt:lsj.chicago_md:n116377	n-p---ng-
Ὠρίων	*)wri/wn	ὦρος	w)=ros	urn:cite2:hmt:lsj.chicago_md:n116378	n-p---ng-
Ὠρίων	*)wri/wn	ὠρέω	w)re/w	urn:cite2:hmt:lsj.chicago_md:n116323	v-sppamn-
Ὦ	*)=w	εἰμί	ei)mi/	urn:cite2:hmt:lsj.chicago_md:n31130	v1spsa---
Ὦ	*)=w	ὦ	w)=	urn:cite2:hmt:lsj.chicago_md:n116027	x--------
ᾇ	a(=|	ὅς	o(/s	urn:cite2:hmt:lsj.chicago_md:n75512	p-s---fd-
ᾇ	a(=|	ὅς	o(/s	urn:cite2:hmt:lsj.chicago_md:n75513	p-s---fd-
ᾐσθόμην	h)|sqo/mhn	ἀίσθω	a)i/sqw	urn:cite2:hmt:lsj.chicago_md:n2674	v1siie---
ᾐσθόμην	h)|sqo/mhn	αἰσθάνομαι	ai)sqa/nomai	urn:cite2:hmt:lsj.chicago_md:n2665	v1saim---
ᾐσθόμην	h)|sqo/mhn	αἰσθάνομαι	ai)sqa/nomai	urn:cite2:hmt:lsj.chicago_md:n2665	v1siie---
ᾔδει	h)/|dei	οἶδα	oi)=da	urn:cite2:hmt:lsj.chicago_md:n72202	v3slia---
ᾔδειν	h)/|dein	οἶδα	oi)=da	urn:cite2:hmt:lsj.chicago_md:n72202	v1slia---
ᾔει	h)/|ei	εἶμι	ei)=mi	urn:cite2:hmt:lsj.chicago_md:n31131	v3siia---
ᾔνεσ’	h)/|nes'	αἰνέω	ai)ne/w	urn:cite2:hmt:lsj.chicago_md:n2515	v1saia---
ᾔνεσ’	h)/|nes'	αἰνέω	ai)ne/w	urn:cite2:hmt:lsj.chicago_md:n2515	v3saia---
ᾔσθετ’	h)/|sqet'	αἰσθάνομαι	ai)sqa/nomai	urn:cite2:hmt:lsj.chicago_md:n2665	v3saim---
ᾔσθετ’	h)/|sqet'	αἰσθάνομαι	ai)sqa/nomai	urn:cite2:hmt:lsj.chicago_md:n2665	v3siie---
ᾕμαξαν	h(/|macan	αἱμάσσω	ai(ma/ssw	urn:cite2:hmt:lsj.chicago_md:n2408	v3paia---
ᾖ	h)=|	εἰμί	ei)mi/	urn:cite2:hmt:lsj.chicago_md:n31130	v3spsa---
ᾖξας	h)=|cas	ἀίσσω	a)i/ssw	urn:cite2:hmt:lsj.chicago_md:n2685	v2saia---
ᾖξεν	h)=|cen	ἀίσσω	a)i/ssw	urn:cite2:hmt:lsj.chicago_md:n2685	v3saia---
ᾖς	h)=|s	εἰμί	ei)mi/	urn:cite2:hmt:lsj.chicago_md:n31130	v2spsa---
ᾗ	h(=|	ᾗ	h(=|	urn:cite2:hmt:lsj.chicago_md:n46574	d--------
ᾗ	h(=|	ἵημι	i(/hmi	urn:cite2:hmt:lsj.chicago_md:n50165	v2sasm---
ᾗ	h(=|	ἵημι	i(/hmi	urn:cite2:hmt:lsj.chicago_md:n50165	v3sasa---
ᾗ	h(=|	ἵημι	i(/hmi	urn:cite2:hmt:lsj.chicago_md:n50165	v3sasa---
ᾗ	h(=|	ὅς	o(/s	urn:cite2:hmt:lsj.chicago_md:n75512	p-s---fd-
ᾗ	h(=|	ὅς	o(/s	urn:cite2:hmt:lsj.chicago_md:n75513	p-s---fd-
ᾗπερ	h(=|per	ᾗπερ	h(=|per	urn:cite2:hmt:lsj.chicago_md:n47467	c--------
ᾠδάς	w)|da/s	ἀοιδή	a)oidh/	urn:cite2:hmt:lsj.chicago_md:n11106	n-p---fa-
ᾠδάς	w)|da/s	ᾠδή	w)|dh/	urn:cite2:hmt:lsj.chicago_md:n116053	n-p---fa-
ᾤχεθ’	w)/|xeq'	ὀίζω	o)i/zw	urn:cite2:hmt:lsj.chicago_md:n72229	v2plia---
ᾤχεθ’	w)/|xeq'	ὀίζω	o)i/zw	urn:cite2:hmt:lsj.chicago_md:n72229	v2prma---
ᾤχεθ’	w)/|xeq'	ὀίζω	o)i/zw	urn:cite2:hmt:lsj.chicago_md:n72229	v2plia---
ᾤχεθ’	w)/|xeq'	οἴχομαι	oi)/xomai	urn:cite2:hmt:lsj.chicago_md:n72712	v3siie---
ᾤχεθ’	w)/|xeq'	ὠίζω	w)i/zw	urn:cite2:hmt:lsj.chicago_md:n116078	v2plia---
ᾤχεθ’	w)/|xeq'	ὠίζω	w)i/zw	urn:cite2:hmt:lsj.chicago_md:n116078	v2plia---
ᾤχεθ’	w)/|xeq'	ὠίζω	w)i/zw	urn:cite2:hmt:lsj.chicago_md:n116078	v2prma---
ᾤχεθ’	w)/|xeq'	ὠίζω	w)i/zw	urn:cite2:hmt:lsj.chicago_md:n116078	v2prma---
ᾤχεθ’	w)/|xeq'	ὠίζω	w)i/zw	urn:cite2:hmt:lsj.chicago_md:n116078	v2plia---
ᾤχεθ’	w)/|xeq'	ὠίζω	w)i/zw	urn:cite2:hmt:lsj.chicago_md:n116078	v2plia---
ᾤχετ’	w)/|xet'	ὀίζω	o)i/zw	urn:cite2:hmt:lsj.chicago_md:n72229	v2plia---
ᾤχετ’	w)/|xet'	ὀίζω	o)i/zw	urn:cite2:hmt:lsj.chicago_md:n72229	v2prma---
ᾤχετ’	w)/|xet'	ὀίζω	o)i/zw	urn:cite2:hmt:lsj.chicago_md:n72229	v2plia---
ᾤχετ’	w)/|xet'	οἴχομαι	oi)/xomai	urn:cite2:hmt:lsj.chicago_md:n72712	v3siie---
ᾤχετ’	w)/|xet'	ὠίζω	w)i/zw	urn:cite2:hmt:lsj.chicago_md:n116078	v2plia---
ᾤχετ’	w)/|xet'	ὠίζω	w)i/zw	urn:cite2:hmt:lsj.chicago_md:n116078	v2plia---
ᾤχετ’	w)/|xet'	ὠίζω	w)i/zw	urn:cite2:hmt:lsj.chicago_md:n116078	v2prma---
ᾤχετ’	w)/|xet'	ὠίζω	w)i/zw	urn:cite2:hmt:lsj.chicago_md:n116078	v2prma---
ᾤχετ’	w)/|xet'	ὠίζω	w)i/zw	urn:cite2:hmt:lsj.chicago_md:n116078	v2plia---
ᾤχετ’	w)/|xet'	ὠίζω	w)i/zw	urn:cite2:hmt:lsj.chicago_md:n116078	v2plia---
ᾧ	w(=|	ὅς	o(/s	urn:cite2:hmt:lsj.chicago_md:n75512	p-s---md-
ᾧ	w(=|	ὅς	o(/s	urn:cite2:hmt:lsj.chicago_md:n75513	p-s---md-
ᾧ	w(=|	ὅς	o(/s	urn:cite2:hmt:lsj.chicago_md:n75512	p-s---nd-
ᾧ	w(=|	ὅς	o(/s	urn:cite2:hmt:lsj.chicago_md:n75513	p-s---nd-
ῥανίσιν	r(ani/sin	ῥανίς	r(ani/s	urn:cite2:hmt:lsj.chicago_md:n92162	n-p---fd-
ῥοάν	r(oa/n	ῥοή	r(oh/	urn:cite2:hmt:lsj.chicago_md:n92633	n-s---fa-
ῥυσιάζομαι	r(usia/zomai	ῥυσιάζω	r(usia/zw	urn:cite2:hmt:lsj.chicago_md:n92846	v1spie---
ῥυσιάζω	r(usia/zw	ῥυσιάζω	r(usia/zw	urn:cite2:hmt:lsj.chicago_md:n92846	v1spsa---
ῥυσιάζω	r(usia/zw	ῥυσιάζω	r(usia/zw	urn:cite2:hmt:lsj.chicago_md:n92846	v1spia---
ῥήξῃς	r(h/ch|s	ῥήγνυμι	r(h/gnumi	urn:cite2:hmt:lsj.chicago_md:n92323	v2sasa---
ῥήξῃς	r(h/ch|s	ῥήσσω	r(h/ssw	urn:cite2:hmt:lsj.chicago_md:n92356	v2sasa---
ῥίζης	r(i/zhs	ῥίζα	r(i/za	urn:cite2:hmt:lsj.chicago_md:n92406	n-s---fg-
ῥίψω	r(i/yw	ῥίπτω	r(i/ptw	urn:cite2:hmt:lsj.chicago_md:n92532	v1sasa---
ῥίψω	r(i/yw	ῥίπτω	r(i/ptw	urn:cite2:hmt:lsj.chicago_md:n92532	v1sfia---
ῥίψω	r(i/yw	ῥίπτω	r(i/ptw	urn:cite2:hmt:lsj.chicago_md:n92532	v2saim---
ῥόπτρων	r(o/ptrwn	ῥόπτρον	r(o/ptron	urn:cite2:hmt:lsj.chicago_md:n92716	n-p---ng-
ῥύσαιτ’	r(u/sait'	ῥύομαι	r(u/omai	urn:cite2:hmt:lsj.chicago_md:n92808	v3saom---
ῥᾴων	r(a/|wn	ῥάιος	r(a/ios	urn:cite2:hmt:lsj.chicago_md:n92110	a-p---fg-
ῥᾴων	r(a/|wn	ῥάιος	r(a/ios	urn:cite2:hmt:lsj.chicago_md:n92110	a-p---mg-
ῥᾴων	r(a/|wn	ῥάιος	r(a/ios	urn:cite2:hmt:lsj.chicago_md:n92110	a-p---ng-
ῥᾴων	r(a/|wn	ῥᾴδιος	r(a/|dios	urn:cite2:hmt:lsj.chicago_md:n92077	a-s---mn-
ῥᾴων	r(a/|wn	ῥᾴδιος	r(a/|dios	urn:cite2:hmt:lsj.chicago_md:n92077	a-s---fn-
ῥᾴων	r(a/|wn	ῥαίω	r(ai/w	urn:cite2:hmt:lsj.chicago_md:n92118	v-sppamn-
ῥῖψαι	r(i=yai	ῥίπτω	r(i/ptw	urn:cite2:hmt:lsj.chicago_md:n92532	v2samm---
ῥῖψαι	r(i=yai	ῥίπτω	r(i/ptw	urn:cite2:hmt:lsj.chicago_md:n92532	v--ana---
Ῥίου	*(ri/ou	Ῥίον	*(ri/on	urn:cite2:hmt:lsj.chicago_md:n92511	n-s---ng-
Ῥίου	*(ri/ou	ῥίον	r(i/on	urn:cite2:hmt:lsj.chicago_md:n92511	n-s---ng-
’κπεσεῖν	'kpesei=n	ἐκπίτνω	e)kpi/tnw	urn:cite2:hmt:lsj.chicago_md:n32657	v--ana---
’λελήσμεθα	'lelh/smeqa	λανθάνω	lanqa/nw	urn:cite2:hmt:lsj.chicago_md:n61885	v1plie---
’ξέθηκ’	'ce/qhk'	ἐκτίθημι	e)kti/qhmi	urn:cite2:hmt:lsj.chicago_md:n32998	v1saia---
’ξέθηκ’	'ce/qhk'	ἐκτίθημι	e)kti/qhmi	urn:cite2:hmt:lsj.chicago_md:n32998	v3saia---
’ξέλεγχέ	'ce/legxe/	ἐξελέγχω	e)cele/gxw	urn:cite2:hmt:lsj.chicago_md:n37097	v2spma---
’ξέλεγχέ	'ce/legxe/	ἐξελέγχω	e)cele/gxw	urn:cite2:hmt:lsj.chicago_md:n37097	v3siia---
’ς	's	εἰς	ei)s	urn:cite2:hmt:lsj.chicago_md:n31235	r--------
