’	'	ἒ	e)\	x--------
’Καί	'*kai/	ἀκή	a)kh/	n-p---fn-
’Καί	'*kai/	ἀκή	a)kh/	n-p---fv-
’Κύριον	'*ku/rion	κυρέω	kure/w	v3piia---
’Κύριον	'*ku/rion	κυρέω	kure/w	v1siia---
’Σταύρου	'*stau/rou	σταυρόω	stauro/w	v3siia---
’Τί	'*ti/	ἔτι	e)/ti	d--------
’δέ	'de/	ἔδω	e)/dw	v2spma---
’δέ	'de/	ἔδω	e)/dw	v3siia---
’δέκα	'de/ka	δεκάω	deka/w	v3siia---
’καθ’	'kaq'	ἀκατίς	a)kati/s	n-s---fv-
’καλῶς	'kalw=s	ἀκαλός	a)kalo/s	x--------
’καί	'kai/	ἀκή	a)kh/	n-p---fn-
’καί	'kai/	ἀκή	a)kh/	n-p---fv-
’λέγοντες	'le/gontes	ἀλέγω	a)le/gw	v-pppamn-
’λέγοντες	'le/gontes	ἀλέγω	a)le/gw	v-pppamv-
’λέγω	'le/gw	ἀλέγω	a)le/gw	v1spsa---
’λέγω	'le/gw	ἀλέγω	a)le/gw	v1spia---
’λέγω	'le/gw	ἔλεγος	e)/legos	n-d---mn-
’λέγω	'le/gw	ἔλεγος	e)/legos	n-d---mv-
’λέγω	'le/gw	ἔλεγος	e)/legos	n-d---ma-
’λέγω	'le/gw	ἔλεγος	e)/legos	n-s---mg-
’λέγων	'le/gwn	ἀλέγω	a)le/gw	v-sppamn-
’λέγων	'le/gwn	ἔλεγος	e)/legos	n-p---mg-
’μετά	'meta/	ἐμετός	e)meto/s	a-p---nn-
’μετά	'meta/	ἐμετός	e)meto/s	a-p---nv-
’μετά	'meta/	ἐμετός	e)meto/s	a-p---na-
’μετά	'meta/	ἐμετός	e)meto/s	a-d---fn-
’μετά	'meta/	ἐμετός	e)meto/s	a-d---fv-
’μετά	'meta/	ἐμετός	e)meto/s	a-d---fa-
’μετά	'meta/	ἐμετός	e)meto/s	a-s---fn-
’μετά	'meta/	ἐμετός	e)meto/s	a-s---fv-
’μου	'mou	ἀμόω	a)mo/w	v3siia---
’μου	'mou	ἀμόω	a)mo/w	v2spma---
’μου	'mou	ἀμόω	a)mo/w	v3siia---
’μοί	'moi/	ἁμόσ1	a(mo/s1	a-p---mn-
’μοί	'moi/	ἁμόσ1	a(mo/s1	a-p---mv-
’μοί	'moi/	ἀμόω	a)mo/w	v2spse---
’μοί	'moi/	ἀμόω	a)mo/w	v2spie---
’μοί	'moi/	ἀμόω	a)mo/w	v3spsa---
’μοί	'moi/	ἐγώ	e)gw/	p-s---md-
’μοί	'moi/	ἐγώ	e)gw/	p-s---fd-
’μοί	'moi/	ἐμός	e)mo/s	a-p---mn-
’μοί	'moi/	ἐμός	e)mo/s	a-p---mv-
’μοί	'moi/	ἡμός	h(mo/s	a-p---mn-
’μοί	'moi/	ἡμός	h(mo/s	a-p---mv-
’μή	'mh/	ἁμόσ1	a(mo/s1	a-s---fn-
’μή	'mh/	ἁμόσ1	a(mo/s1	a-s---fv-
’μή	'mh/	ἐμός	e)mo/s	a-s---fn-
’μή	'mh/	ἐμός	e)mo/s	a-s---fv-
’μή	'mh/	ἡμός	h(mo/s	a-s---fn-
’μή	'mh/	ἡμός	h(mo/s	a-s---fv-
’παρά	'para/	ἐπαρά	e)para/	n-d---fn-
’παρά	'para/	ἐπαρά	e)para/	n-d---fv-
’παρά	'para/	ἐπαρά	e)para/	n-d---fa-
’παρά	'para/	ἐπαρά	e)para/	n-s---fn-
’παρά	'para/	ἐπαρά	e)para/	n-s---fv-
’παρ’	'par'	ἐπαρά	e)para/	n-d---fn-
’παρ’	'par'	ἐπαρά	e)para/	n-d---fv-
’παρ’	'par'	ἐπαρά	e)para/	n-d---fa-
’παρ’	'par'	ἐπαρά	e)para/	n-s---fn-
’παρ’	'par'	ἐπαρά	e)para/	n-s---fv-
’παρ’	'par'	ἐπαρά	e)para/	n-p---fn-
’παρ’	'par'	ἐπαρά	e)para/	n-p---fv-
’πληρούμενον	'plhrou/menon	ἀποληρέω	a)polhre/w	v-sppema-
’πληρούμενον	'plhrou/menon	ἀποληρέω	a)polhre/w	v-sppenn-
’πληρούμενον	'plhrou/menon	ἀποληρέω	a)polhre/w	v-sppenv-
’πληρούμενον	'plhrou/menon	ἀποληρέω	a)polhre/w	v-sppena-
’πλήρης	'plh/rhs	ἀποληρέω	a)polhre/w	v2siia---
’πάντες	'pa/ntes	ἐπάντης	e)pa/nths	n-s---mv-
’πάντες	'pa/ntes	ἐπάντης	e)pa/nths	n-s---fv-
’πάντες	'pa/ntes	ἐπάντης	e)pa/nths	n-s---nn-
’πάντες	'pa/ntes	ἐπάντης	e)pa/nths	n-s---nv-
’πάντες	'pa/ntes	ἐπάντης	e)pa/nths	n-s---na-
’πάντων	'pa/ntwn	ἀπαντάω	a)panta/w	v3piia---
’πάντων	'pa/ntwn	ἀπαντάω	a)panta/w	v1siia---
’πάντων	'pa/ntwn	ἀπαντάω	a)panta/w	v3piia---
’πάντων	'pa/ntwn	ἀπαντάω	a)panta/w	v1siia---
’πάντων	'pa/ntwn	ἀπαντάω	a)panta/w	v3piia---
’πάντων	'pa/ntwn	ἀπαντάω	a)panta/w	v1siia---
’πάντων	'pa/ntwn	ἀπαντάω	a)panta/w	v3piia---
’πάντων	'pa/ntwn	ἀπαντάω	a)panta/w	v1siia---
’πάσαις	'pa/sais	ἀπό-ἄω3	a)po/-a)/w3	v2saoa---
’πάσαις	'pa/sais	ἐπί-ἄω3	e)pi/-a)/w3	v2saoa---
’σοι	'soi	ἄω3	a)/w3	v3sfoa---
’σοφίᾳ	'sofi/a|	ἀσοφία	a)sofi/a	n-p---fn-
’σοφίᾳ	'sofi/a|	ἀσοφία	a)sofi/a	n-p---fv-
’σοφίᾳ	'sofi/a|	ἀσοφία	a)sofi/a	n-s---fd-
’συμφωνήσει	'sumfwnh/sei	ἀσυμφωνέω	a)sumfwne/w	v3sasa---
’συμφωνήσει	'sumfwnh/sei	ἀσυμφωνέω	a)sumfwne/w	v2sfim---
’συμφωνήσει	'sumfwnh/sei	ἀσυμφωνέω	a)sumfwne/w	v3sfia---
’συμφωνήσει	'sumfwnh/sei	ἀσυμφωνέω	a)sumfwne/w	v2stie---
’συμφωνήσει	'sumfwnh/sei	ἀσυμφωνέω	a)sumfwne/w	v3stia---
’τούς	'tou/s	ἔτος	e)/tos	n-s---ng-
’τοῦ	'tou=	ἀτάομαι	a)ta/omai	v2siip---
’τοῦ	'tou=	ἀτάομαι	a)ta/omai	v2spmp---
’τοῦ	'tou=	ἀτάομαι	a)ta/omai	v2siip---
’τοῦ	'tou=	ἔτης	e)/ths	n-s---mg-
’τά	'ta/	ἔτης	e)/ths	n-d---mn-
’τά	'ta/	ἔτης	e)/ths	n-d---mv-
’τά	'ta/	ἔτης	e)/ths	n-d---ma-
’τά	'ta/	ἔτης	e)/ths	n-s---mv-
’τά	'ta/	ἔτης	e)/ths	n-s---mg-
’τά	'ta/	ἔτης	e)/ths	n-s---mn-
’τά	'ta/	ἔτος	e)/tos	n-p---nn-
’τά	'ta/	ἔτος	e)/tos	n-p---nv-
’τά	'ta/	ἔτος	e)/tos	n-p---na-
’τάς	'ta/s	ἔται	e)/tai	n-p---ma-
’τάς	'ta/s	ἔτης	e)/ths	n-p---ma-
’τάς	'ta/s	ἔτης	e)/ths	n-s---mn-
’τήν	'th/n	ἔτης	e)/ths	n-s---ma-
’τήν	'th/n	ἔτος	e)/tos	n-s---na-
’τῇ	'th=|	ἀτάομαι	a)ta/omai	v2spsp---
’τῇ	'th=|	ἀτάομαι	a)ta/omai	v2spip---
’τῇ	'th=|	ἀτάομαι	a)ta/omai	v2spsp---
’τῇ	'th=|	ἀτάομαι	a)ta/omai	v2spip---
’τῇ	'th=|	ἐτάζω	e)ta/zw	v2sfim---
’τῇ	'th=|	ἐτάζω	e)ta/zw	v3sfia---
’τῶν	'tw=n	ἄτη	a)/th	n-p---fg-
’τῶν	'tw=n	ἀτέω	a)te/w	v-sppamn-
’τῶν	'tw=n	ἔται	e)/tai	n-p---mg-
’τῶν	'tw=n	ἔτης	e)/ths	n-p---mg-
’τῶν	'tw=n	ἔτος	e)/tos	n-p---ng-
’τῶν	'tw=n	ἐτάζω	e)ta/zw	v-sfpamv-
’τῶν	'tw=n	ἐτάζω	e)ta/zw	v-sfpann-
’τῶν	'tw=n	ἐτάζω	e)ta/zw	v-sfpanv-
’τῶν	'tw=n	ἐτάζω	e)ta/zw	v-sfpana-
’τῶν	'tw=n	ἐτάζω	e)ta/zw	v-sfpamn-
’τῷ	'tw=|	ἐτάζω	e)ta/zw	v3sfoa---
’φίλους	'fi/lous	ἄφιλος	a)/filos	n-p---ma-
’φίλους	'fi/lous	ἄφιλος	a)/filos	n-p---fa-
’φίλους	'fi/lous	φιλόω	filo/w	v2siia---
’φόρους	'fo/rous	ἄφορος	a)/foros	n-p---ma-
’φόρους	'fo/rous	ἄφορος	a)/foros	n-p---fa-
’φόρους	'fo/rous	ἔφορος	e)/foros	n-p---ma-
Αἱ	*ai(	ὁ	o(	l-p---fn-
Αἱ	*ai(	ὁ	o(	l-p---fv-
Αἶρε	*ai)=re	αἴρω	ai)/rw	v2spma---
Αἶρε	*ai)=re	αἴρω	ai)/rw	v3siia---
Αὐγούστου	*au)gou/stou	Αὔγουστος	*au)/goustos	a-s---mg-
Αὐγούστου	*au)gou/stou	Αὔγουστος	*au)/goustos	a-s---ng-
Αὐγούστου	*au)gou/stou	Αὔγουστος	*au)/goustos	n-s---mg-
Βαρθολομαῖον	*barqolomai=on	Βαρθολομαῖος	*barqolomai=os	a-s---ma-
Βαρθολομαῖον	*barqolomai=on	Βαρθολομαῖος	*barqolomai=os	a-s---nn-
Βαρθολομαῖον	*barqolomai=on	Βαρθολομαῖος	*barqolomai=os	a-s---nv-
Βαρθολομαῖον	*barqolomai=on	Βαρθολομαῖος	*barqolomai=os	a-s---na-
Βλέπεις	*ble/peis	βλέπω	ble/pw	v2spia---
Βλέπετε	*ble/pete	βλέπω	ble/pw	v2ppma---
Βλέπετε	*ble/pete	βλέπω	ble/pw	v2ppia---
Βλέπετε	*ble/pete	βλέπω	ble/pw	v2piia---
Γαλιλαίαν	*galilai/an	Γαλιλαία	*galilai/a	n-s---fa-
Γαλιλαίαν	*galilai/an	Γαλιλαῖος	*galilai=os	a-s---fa-
Γαλιλαίας	*galilai/as	Γαλιλαία	*galilai/a	n-p---fa-
Γαλιλαίας	*galilai/as	Γαλιλαία	*galilai/a	n-s---fg-
Γαλιλαίας	*galilai/as	Γαλιλαῖος	*galilai=os	a-p---fa-
Γαλιλαίας	*galilai/as	Γαλιλαῖος	*galilai=os	a-s---fg-
Γαλιλαίους	*galilai/ous	Γαλιλαῖος	*galilai=os	a-p---ma-
Γαλιλαίων	*galilai/wn	Γαλιλαῖος	*galilai=os	a-p---fg-
Γαλιλαίων	*galilai/wn	Γαλιλαῖος	*galilai=os	a-p---mg-
Γαλιλαίων	*galilai/wn	Γαλιλαῖος	*galilai=os	a-p---ng-
Γαλιλαίᾳ	*galilai/a|	Γαλιλαία	*galilai/a	n-s---fd-
Γαλιλαίᾳ	*galilai/a|	Γαλιλαῖος	*galilai=os	a-s---fd-
Γαλιλαῖοι	*galilai=oi	Γαλιλαῖος	*galilai=os	a-p---mn-
Γαλιλαῖοι	*galilai=oi	Γαλιλαῖος	*galilai=os	a-p---mv-
Γαλιλαῖός	*galilai=o/s	Γαλιλαῖος	*galilai=os	a-s---mn-
Γεννήματα	*gennh/mata	γέννημα	ge/nnhma	n-p---nn-
Γεννήματα	*gennh/mata	γέννημα	ge/nnhma	n-p---nv-
Γεννήματα	*gennh/mata	γέννημα	ge/nnhma	n-p---na-
Γενομένης	*genome/nhs	γίγνομαι	gi/gnomai	v-sapmfg-
Γερασηνῶν	*gerashnw=n	Γερασηνός	*gerashno/s	n-p---mg-
Γυναῖκα	*gunai=ka	γυνή	gunh/	n-s---fa-
Γέγραπται	*ge/graptai	γράφω	gra/fw	v3srie---
Γύναι	*gu/nai	γυνή	gunh/	n-s---fv-
Δαιμόνιον	*daimo/nion	δαιμόνιον	daimo/nion	n-s---nn-
Δαιμόνιον	*daimo/nion	δαιμόνιον	daimo/nion	n-s---nv-
Δαιμόνιον	*daimo/nion	δαιμόνιον	daimo/nion	n-s---na-
Δαιμόνιον	*daimo/nion	δαιμόνιος	daimo/nios	a-s---ma-
Δαιμόνιον	*daimo/nion	δαιμόνιος	daimo/nios	a-s---nn-
Δαιμόνιον	*daimo/nion	δαιμόνιος	daimo/nios	a-s---nv-
Δαιμόνιον	*daimo/nion	δαιμόνιος	daimo/nios	a-s---na-
Δαιμόνιον	*daimo/nion	δαιμόνιος	daimo/nios	n-s---ma-
Δαιμόνιον	*daimo/nion	δαιμόνιος	daimo/nios	n-s---fa-
Δαιμόνιον	*daimo/nion	δαιμόνιος	daimo/nios	n-s---nn-
Δαιμόνιον	*daimo/nion	δαιμόνιος	daimo/nios	n-s---nv-
Δαιμόνιον	*daimo/nion	δαιμόνιος	daimo/nios	n-s---na-
Δαιμόνιον	*daimo/nion	δαιμονάω	daimona/w	v3piia---
Δαιμόνιον	*daimo/nion	δαιμονάω	daimona/w	v1siia---
Δείξατέ	*dei/cate/	δείκνυμι	dei/knumi	v2pama---
Δείξατέ	*dei/cate/	δείκνυμι	dei/knumi	v2paia---
Δεῖ	*dei=	Δεύς	*deu/s	n-s---md-
Δεῖ	*dei=	δέομαι	de/omai	v2spie---
Δεῖ	*dei=	δέω1	de/w1	v2spie---
Δεῖ	*dei=	δέω1	de/w1	v2spma---
Δεῖ	*dei=	δέω1	de/w1	v3spia---
Δεῖ	*dei=	δέω1	de/w1	v3siia---
Δεῖ	*dei=	δέω2	de/w2	v2spie---
Δεῖ	*dei=	δέω2	de/w2	v2spma---
Δεῖ	*dei=	δέω2	de/w2	v3spia---
Δεῖ	*dei=	δέω2	de/w2	v3siia---
Δεῖ	*dei=	δεῖ	dei=	v3siia---
Διδάσκαλε	*dida/skale	διδάσκαλος	dida/skalos	n-s---mv-
Διδάσκαλε	*dida/skale	διδάσκαλος	dida/skalos	n-s---fv-
Διά	*dia/	Ζεύς	*zeu/s	n-s---ma-
Διά	*dia/	διά	dia/	r--------
Διέλθωμεν	*die/lqwmen	διέρχομαι	die/rxomai	v1pasa---
Διέλθωμεν	*die/lqwmen	διέρχομαι	die/rxomai	v1pasa---
Δοκεῖτε	*dokei=te	δοκέω	doke/w	v2ppma---
Δοκεῖτε	*dokei=te	δοκέω	doke/w	v2ppoa---
Δοκεῖτε	*dokei=te	δοκέω	doke/w	v2ppia---
Δοκεῖτε	*dokei=te	δοκέω	doke/w	v2piia---
Δοῦλοι	*dou=loi	δοῦλος	dou=los	a-p---mn-
Δοῦλοι	*dou=loi	δοῦλος	dou=los	a-p---mv-
Δοῦλοι	*dou=loi	δοῦλος	dou=los	n-p---mn-
Δοῦλοι	*dou=loi	δοῦλος	dou=los	n-p---mv-
Δέξαι	*de/cai	δέχομαι	de/xomai	v2samm---
Δέξαι	*de/cai	δείκνυμι	dei/knumi	v2samm---
Δέξαι	*de/cai	δείκνυμι	dei/knumi	v--ana---
Δέξαι	*de/cai	δείκνυμι	dei/knumi	v3saoa---
Δόξα	*do/ca	δόξα	do/ca	n-d---fn-
Δόξα	*do/ca	δόξα	do/ca	n-d---fv-
Δόξα	*do/ca	δόξα	do/ca	n-d---fa-
Δόξα	*do/ca	δόξα	do/ca	n-s---fn-
Δόξα	*do/ca	δόξα	do/ca	n-s---fv-
Δόξα	*do/ca	δοκέω	doke/w	v1saia---
Δός	*do/s	δίδωμι	di/dwmi	v2sama---
Δότε	*do/te	δίδωμι	di/dwmi	v2pama---
Δότε	*do/te	δίδωμι	di/dwmi	v2paia---
Δότε	*do/te	δίδωμι	di/dwmi	v2paia---
Δύνοντος	*du/nontos	δύω2	du/w2	v-sppamg-
Δύνοντος	*du/nontos	δύω2	du/w2	v-sppang-
Εἰ	*ei)	εἰ	ei)	c--------
Εἰπόν	*ei)po/n	εἶπον	ei)=pon	v2sama---
Εἰπόν	*ei)po/n	εἶπον	ei)=pon	v-sapamv-
Εἰπόν	*ei)po/n	εἶπον	ei)=pon	v-sapann-
Εἰπόν	*ei)po/n	εἶπον	ei)=pon	v-sapanv-
Εἰπόν	*ei)po/n	εἶπον	ei)=pon	v-sapana-
Εἰρήνη	*ei)rh/nh	Εἰρήνη	*ei)rh/nh	n-s---fn-
Εἰρήνη	*ei)rh/nh	Εἰρήνη	*ei)rh/nh	n-s---fv-
Εἰρήνη	*ei)rh/nh	εἰρήνη	ei)rh/nh	n-s---fn-
Εἰρήνη	*ei)rh/nh	εἰρήνη	ei)rh/nh	n-s---fv-
Εἰρήνη	*ei)rh/nh	εἰρηνέω	ei)rhne/w	v2spma---
Εἰρήνη	*ei)rh/nh	εἰρηνέω	ei)rhne/w	v3siia---
Εἰσῆλθεν	*ei)sh=lqen	εἰσέρχομαι	ei)se/rxomai	v3saia---
Εἰσῆλθεν	*ei)sh=lqen	εἰσέρχομαι	ei)se/rxomai	v3saia---
Εἴ	*ei)/	εἰ	ei)	c--------
Εἴδομεν	*ei)/domen	εἶδον	ei)=don	v1paia---
Εἴδομεν	*ei)/domen	οἶδα	oi)=da	v1prsa---
Εἴρηται	*ei)/rhtai	ἔρομαι	e)/romai	v3spse---
Εἴρηται	*ei)/rhtai	ἐρῶ	e)rw=	v3srie---
Εἴρηται	*ei)/rhtai	εἴρω	ei)/rw	v3sasm---
Εἴρηται	*ei)/rhtai	εἴρω	ei)/rw	v3spse---
Εἴρηται	*ei)/rhtai	εἴρω2	ei)/rw2	v3spsm---
Εἶπαν	*ei)=pan	εἶπον	ei)=pon	v-sapann-
Εἶπαν	*ei)=pan	εἶπον	ei)=pon	v-sapanv-
Εἶπαν	*ei)=pan	εἶπον	ei)=pon	v-sapana-
Εἶπαν	*ei)=pan	εἶπον	ei)=pon	v3paia---
Εἶπαν	*ei)=pan	εἶπον	ei)=pon	v3paia---
Εἶπεν	*ei)=pen	εἶπον	ei)=pon	v3saia---
Εἶπεν	*ei)=pen	εἶπον	ei)=pon	v3saia---
Εἶπεν	*ei)=pen	εἶπον	ei)=pon	v3saia---
Εἶπεν	*ei)=pen	εἶπον	ei)=pon	v3saia---
Εἷς	*ei(=s	εἷς	ei(=s	n-s---mn-
Εὐθέως	*eu)qe/ws	εὐθέως	eu)qe/ws	d--------
Εὐθέως	*eu)qe/ws	εὐθής	eu)qh/s	x--------
Εὐθέως	*eu)qe/ws	εὐθύσ1	eu)qu/s1	x--------
Εὐθέως	*eu)qe/ws	εὐθύσ2	eu)qu/s2	d--------
Εὐκοπώτερον	*eu)kopw/teron	εὔκοπος	eu)/kopos	n-s---ma-
Εὐκοπώτερον	*eu)kopw/teron	εὔκοπος	eu)/kopos	n-s---nn-
Εὐκοπώτερον	*eu)kopw/teron	εὔκοπος	eu)/kopos	n-s---nv-
Εὐκοπώτερον	*eu)kopw/teron	εὔκοπος	eu)/kopos	n-s---na-
Εὐκοπώτερον	*eu)kopw/teron	εὔκοπος	eu)/kopos	x--------
Εὐλογητός	*eu)loghto/s	εὐλογητός	eu)loghto/s	a-s---mn-
Εὖγε	*eu)=ge	εὖγε	eu)=ge	d--------
Ζακχαῖε	*zakxai=e	Ζακχαῖος	*zakxai=os	a-s---mv-
Ζακχαῖος	*zakxai=os	Ζακχαῖος	*zakxai=os	a-s---mn-
Ζαχαρία	*zaxari/a	Ζαχαρίας	*zaxari/as	n-s---mv-
Ζαχαρία	*zaxari/a	Ζαχαρίας	*zaxari/as	n-s---mg-
Ζαχαρίαν	*zaxari/an	Ζαχαρίας	*zaxari/as	n-s---ma-
Ζαχαρίας	*zaxari/as	Ζαχαρίας	*zaxari/as	n-s---mn-
Ζαχαρίου	*zaxari/ou	Ζαχαρίας	*zaxari/as	n-s---mg-
Ζεβεδαίου	*zebedai/ou	Ζεβεδαῖος	*zebedai=os	n-s---mg-
Ζεύγη	*zeu/gh	ζεῦγος	zeu=gos	n-p---nn-
Ζεύγη	*zeu/gh	ζεῦγος	zeu=gos	n-p---nv-
Ζεύγη	*zeu/gh	ζεῦγος	zeu=gos	n-p---na-
Ζεύγη	*zeu/gh	ζεῦγος	zeu=gos	n-d---nn-
Ζεύγη	*zeu/gh	ζεῦγος	zeu=gos	n-d---nv-
Ζεύγη	*zeu/gh	ζεῦγος	zeu=gos	n-d---na-
Ζηλωτήν	*zhlwth/n	Ζηλωτής	*zhlwth/s	n-s---ma-
Ζηλωτήν	*zhlwth/n	ζηλωτής	zhlwth/s	n-s---ma-
Ζηλωτήν	*zhlwth/n	ζηλωτός	zhlwto/s	a-s---fa-
Ηὐλήσαμεν	*hu)lh/samen	αὐλέω	au)le/w	v1paia---
Θεόφιλε	*qeo/file	Θεόφιλος	*qeo/filos	n-s---mv-
Θεόφιλε	*qeo/file	θεόφιλος	qeo/filos	n-s---mv-
Θεόφιλε	*qeo/file	θεόφιλος	qeo/filos	n-s---fv-
Θυγατέρες	*qugate/res	θυγάτηρ	quga/thr	n-p---fn-
Θυγατέρες	*qugate/res	θυγάτηρ	quga/thr	n-p---fv-
Θυγάτηρ	*quga/thr	θυγάτηρ	quga/thr	n-s---fn-
Θωμᾶν	*qwma=n	Θωμᾶς	*qwma=s	n-s---ma-
Θωμᾶν	*qwma=n	θαυμάζω	qauma/zw	v-sfpamv-
Θωμᾶν	*qwma=n	θαυμάζω	qauma/zw	v-sfpann-
Θωμᾶν	*qwma=n	θαυμάζω	qauma/zw	v-sfpanv-
Θωμᾶν	*qwma=n	θαυμάζω	qauma/zw	v-sfpana-
Θωμᾶν	*qwma=n	θαυμάζω	qauma/zw	v-sfpamn-
Θωμᾶν	*qwma=n	θαυμάζω	qauma/zw	v--fna---
Θωμᾶν	*qwma=n	θωμάζω	qwma/zw	v-sfpamv-
Θωμᾶν	*qwma=n	θωμάζω	qwma/zw	v-sfpann-
Θωμᾶν	*qwma=n	θωμάζω	qwma/zw	v-sfpanv-
Θωμᾶν	*qwma=n	θωμάζω	qwma/zw	v-sfpana-
Θωμᾶν	*qwma=n	θωμάζω	qwma/zw	v-sfpamn-
Θωμᾶν	*qwma=n	θωμάζω	qwma/zw	v--fna---
Θέλω	*qe/lw	ἐθέλω	e)qe/lw	v1spsa---
Θέλω	*qe/lw	ἐθέλω	e)qe/lw	v1spia---
Θέσθε	*qe/sqe	τίθημι	ti/qhmi	v2pamm---
Θέσθε	*qe/sqe	τίθημι	ti/qhmi	v2paim---
Καλόν	*kalo/n	καλός	kalo/s	a-s---ma-
Καλόν	*kalo/n	καλός	kalo/s	a-s---nn-
Καλόν	*kalo/n	καλός	kalo/s	a-s---nv-
Καλόν	*kalo/n	καλός	kalo/s	a-s---na-
Καλύψατε	*kalu/yate	καλύπτω	kalu/ptw	v2pama---
Καλύψατε	*kalu/yate	καλύπτω	kalu/ptw	v2paia---
Κατακλίνατε	*katakli/nate	κατακλίνω	katakli/nw	v2pama---
Κατακλίνατε	*katakli/nate	κατακλίνω	katakli/nw	v2paia---
Κατά	*kata/	κατά	kata/	r--------
Καφαρναούμ	*kafarnaou/m	Καφαρναούμ	*kafarnaou/m	n-s---m--
Καί	*kai/	καί	kai/	c--------
Καίσαρι	*kai/sari	Καῖσαρ	*kai=sar	n-s---md-
Καίσαρος	*kai/saros	Καῖσαρ	*kai=sar	n-s---mg-
Καύσων	*kau/swn	καίω	kai/w	v-sfpamn-
Καύσων	*kau/swn	καύσων	kau/swn	n-s---mn-
Καύσων	*kau/swn	καύσων	kau/swn	n-s---mv-
Καύσων	*kau/swn	καῦσος	kau=sos	n-p---mg-
Καύσων	*kau/swn	καυσόω	kauso/w	v3piia---
Καύσων	*kau/swn	καυσόω	kauso/w	v1siia---
Κρανίον	*krani/on	κραίνω	krai/nw	v-sfpamv-
Κρανίον	*krani/on	κραίνω	krai/nw	v-sfpann-
Κρανίον	*krani/on	κραίνω	krai/nw	v-sfpanv-
Κρανίον	*krani/on	κραίνω	krai/nw	v-sfpana-
Κρανίον	*krani/on	κρανίον	krani/on	n-s---nn-
Κρανίον	*krani/on	κρανίον	krani/on	n-s---nv-
Κρανίον	*krani/on	κρανίον	krani/on	n-s---na-
Κριτής	*krith/s	κριτής	krith/s	n-s---mn-
Κυρηναῖον	*kurhnai=on	Κυρηναῖος	*kurhnai=os	a-s---ma-
Κυρηναῖον	*kurhnai=on	Κυρηναῖος	*kurhnai=os	a-s---nn-
Κυρηναῖον	*kurhnai=on	Κυρηναῖος	*kurhnai=os	a-s---nv-
Κυρηναῖον	*kurhnai=on	Κυρηναῖος	*kurhnai=os	a-s---na-
Κύριε	*ku/rie	κύριος	ku/rios	n-s---mv-
Κύριε	*ku/rie	κύριος	ku/rios	a-s---mv-
Κύριε	*ku/rie	κύριος	ku/rios	n-s---mv-
Κύριε	*ku/rie	κύριος	ku/rios	n-s---fv-
Κύριός	*ku/rio/s	κύριος	ku/rios	n-s---mn-
Κύριός	*ku/rio/s	κύριος	ku/rios	a-s---mn-
Κύριός	*ku/rio/s	κύριος	ku/rios	n-s---mn-
Κύριός	*ku/rio/s	κύριος	ku/rios	n-s---fn-
Κύριός	*ku/rio/s	κῦρος	ku=ros	n-s---ng-
Λευίτης	*leui/ths	Λευίτης	*leui/ths	n-s---mn-
Λευίτης	*leui/ths	Λευίτης	*leui/ths	n-s---mn-
Λυσανίου	*lusani/ou	Λυσανίας	*lusani/as	n-s---mg-
Λυσανίου	*lusani/ou	λυσανίας	lusani/as	n-s---mg-
Λυσανίου	*lusani/ou	λυσανίης	lusani/hs	n-s---mg-
Λάβετε	*la/bete	λαμβάνω	lamba/nw	v2pama---
Λάβετε	*la/bete	λαμβάνω	lamba/nw	v2paia---
Λάζαρον	*la/zaron	Λάζαρος	*la/zaros	n-s---ma-
Λάζαρος	*la/zaros	Λάζαρος	*la/zaros	n-s---mn-
Λέγει	*le/gei	λέγω1	le/gw1	v2spie---
Λέγει	*le/gei	λέγω1	le/gw1	v3spia---
Λέγει	*le/gei	λέγω2	le/gw2	v2spie---
Λέγει	*le/gei	λέγω2	le/gw2	v3spia---
Λέγει	*le/gei	λέγω3	le/gw3	v2spie---
Λέγει	*le/gei	λέγω3	le/gw3	v3spia---
Λέγω	*le/gw	λέγος	le/gos	a-d---mn-
Λέγω	*le/gw	λέγος	le/gos	a-d---mv-
Λέγω	*le/gw	λέγος	le/gos	a-d---ma-
Λέγω	*le/gw	λέγος	le/gos	a-d---nn-
Λέγω	*le/gw	λέγος	le/gos	a-d---nv-
Λέγω	*le/gw	λέγος	le/gos	a-d---na-
Λέγω	*le/gw	λέγος	le/gos	a-s---mg-
Λέγω	*le/gw	λέγος	le/gos	a-s---ng-
Λέγω	*le/gw	λέγω1	le/gw1	v1spsa---
Λέγω	*le/gw	λέγω1	le/gw1	v1spia---
Λέγω	*le/gw	λέγω2	le/gw2	v1spsa---
Λέγω	*le/gw	λέγω2	le/gw2	v1spia---
Λέγω	*le/gw	λέγω3	le/gw3	v1spsa---
Λέγω	*le/gw	λέγω3	le/gw3	v1spia---
Λίθον	*li/qon	λίθος	li/qos	n-s---ma-
Μαγδαληνή	*magdalhnh/	Μαγδαληνή	*magdalhnh/	n-s---fn-
Μαγδαληνή	*magdalhnh/	Μαγδαληνή	*magdalhnh/	n-s---fv-
Μαθθαῖον	*maqqai=on	Μαθθαῖος	*maqqai=os	a-s---ma-
Μαθθαῖον	*maqqai=on	Μαθθαῖος	*maqqai=os	a-s---nn-
Μαθθαῖον	*maqqai=on	Μαθθαῖος	*maqqai=os	a-s---nv-
Μαθθαῖον	*maqqai=on	Μαθθαῖος	*maqqai=os	a-s---na-
Μακαρία	*makari/a	Μακαρίη	*makari/h	n-d---fn-
Μακαρία	*makari/a	Μακαρίη	*makari/h	n-d---fv-
Μακαρία	*makari/a	Μακαρίη	*makari/h	n-d---fa-
Μακαρία	*makari/a	Μακαρίη	*makari/h	n-s---fn-
Μακαρία	*makari/a	Μακαρίη	*makari/h	n-s---fv-
Μακαρία	*makari/a	μακάριος	maka/rios	a-d---fn-
Μακαρία	*makari/a	μακάριος	maka/rios	a-d---fv-
Μακαρία	*makari/a	μακάριος	maka/rios	a-d---fa-
Μακαρία	*makari/a	μακάριος	maka/rios	a-s---fn-
Μακαρία	*makari/a	μακάριος	maka/rios	a-s---fv-
Μακαρία	*makari/a	μακαρία	makari/a	n-d---fn-
Μακαρία	*makari/a	μακαρία	makari/a	n-d---fv-
Μακαρία	*makari/a	μακαρία	makari/a	n-d---fa-
Μακαρία	*makari/a	μακαρία	makari/a	n-s---fn-
Μακαρία	*makari/a	μακαρία	makari/a	n-s---fv-
Μακάριαι	*maka/riai	Μακαρίη	*makari/h	n-p---fn-
Μακάριαι	*maka/riai	Μακαρίη	*makari/h	n-p---fv-
Μακάριαι	*maka/riai	μακάριος	maka/rios	a-p---fn-
Μακάριαι	*maka/riai	μακάριος	maka/rios	a-p---fv-
Μακάριοι	*maka/rioi	Μακάριος	*maka/rios	n-p---mn-
Μακάριοι	*maka/rioi	Μακάριος	*maka/rios	n-p---mv-
Μακάριοι	*maka/rioi	μακάριος	maka/rios	a-p---mn-
Μακάριοι	*maka/rioi	μακάριος	maka/rios	a-p---mv-
Μακάριοι	*maka/rioi	μακάριος	maka/rios	n-p---mn-
Μακάριοι	*maka/rioi	μακάριος	maka/rios	n-p---mv-
Μακάριοι	*maka/rioi	μακάριος	maka/rios	n-p---fn-
Μακάριοι	*maka/rioi	μακάριος	maka/rios	n-p---fv-
Μακάριος	*maka/rios	Μακάριος	*maka/rios	n-s---mn-
Μακάριος	*maka/rios	μακάριος	maka/rios	a-s---mn-
Μακάριος	*maka/rios	μακάριος	maka/rios	n-s---mn-
Μακάριος	*maka/rios	μακάριος	maka/rios	n-s---fn-
Μακάριοί	*maka/rioi/	Μακάριος	*maka/rios	n-p---mn-
Μακάριοί	*maka/rioi/	Μακάριος	*maka/rios	n-p---mv-
Μακάριοί	*maka/rioi/	μακάριος	maka/rios	a-p---mn-
Μακάριοί	*maka/rioi/	μακάριος	maka/rios	a-p---mv-
Μακάριοί	*maka/rioi/	μακάριος	maka/rios	n-p---mn-
Μακάριοί	*maka/rioi/	μακάριος	maka/rios	n-p---mv-
Μακάριοί	*maka/rioi/	μακάριος	maka/rios	n-p---fn-
Μακάριοί	*maka/rioi/	μακάριος	maka/rios	n-p---fv-
Μαριάμ	*maria/m	Μαριάμ	*maria/m	n-s---f--
Μαρία	*mari/a	Μαρία	*mari/a	n-d---fn-
Μαρία	*mari/a	Μαρία	*mari/a	n-d---fv-
Μαρία	*mari/a	Μαρία	*mari/a	n-d---fa-
Μαρίας	*mari/as	Μαρία	*mari/a	n-p---fa-
Μαρίας	*mari/as	Μαρία	*mari/a	n-s---fg-
Ματταθίου	*mattaqi/ou	Ματταθίας	*mattaqi/as	n-s---mg-
Μεγαλύνει	*megalu/nei	μεγαλύνω	megalu/nw	v2spie---
Μεγαλύνει	*megalu/nei	μεγαλύνω	megalu/nw	v3spia---
Μεγαλύνει	*megalu/nei	μεγαλύνω	megalu/nw	v3sasa---
Μενοῦν	*menou=n	μένω	me/nw	v-sfpamv-
Μενοῦν	*menou=n	μένω	me/nw	v-sfpann-
Μενοῦν	*menou=n	μένω	me/nw	v-sfpanv-
Μενοῦν	*menou=n	μένω	me/nw	v-sfpana-
Μετανοῶ	*metanow=	μετανοέω	metanoe/w	v1spsa---
Μετανοῶ	*metanow=	μετανοέω	metanoe/w	v1spia---
Μετανοῶ	*metanow=	μετανοέω	metanoe/w	v1spsa---
Μετανοῶ	*metanow=	μετανοέω	metanoe/w	v1spia---
Μετά	*meta/	μετά	meta/	r--------
Μεῖνον	*mei=non	μένω	me/nw	v2sama---
Μηδέν	*mhde/n	μηδείς	mhdei/s	n-s---nn-
Μηδέν	*mhde/n	μηδείς	mhdei/s	n-s---nv-
Μηδέν	*mhde/n	μηδείς	mhdei/s	n-s---na-
Μηδένα	*mhde/na	μηδείς	mhdei/s	n-s---ma-
Μηδένα	*mhde/na	μηδείς	mhdei/s	n-s---fa-
Μηδένα	*mhde/na	μηδείς	mhdei/s	n-p---nn-
Μηδένα	*mhde/na	μηδείς	mhdei/s	n-p---nv-
Μηδένα	*mhde/na	μηδείς	mhdei/s	n-p---na-
Μωϋσεῖ	*mwu+sei=	Μωυσῆσ-πλ	*mwush=s-pl	n-s---md-
Μωϋσέα	*mwu+se/a	Μωυσῆς	*mwush=s	n-s---mg-
Μωϋσέως	*mwu+se/ws	Μωυσῆσ-πλ	*mwush=s-pl	n-s---mg-
Μωϋσέως	*mwu+se/ws	Μωυσῆσ-πλ	*mwush=s-pl	n-s---mg-
Μωϋσέως	*mwu+se/ws	Μωυσῆσ-πλ	*mwush=s-pl	n-s---mn-
Μωϋσῆς	*mwu+sh=s	Μωυσῆς	*mwush=s	n-s---mn-
Μάρθα	*ma/rqa	Μάρθα	*ma/rqa	n-s---fn-
Μάρθα	*ma/rqa	Μάρθα	*ma/rqa	n-s---fv-
Μή	*mh/	μή	mh/	c--------
Μήτηρ	*mh/thr	μήτηρ	mh/thr	n-s---fn-
Μήτι	*mh/ti	μήτις	mh/tis	d--------
Μήτι	*mh/ti	μήτις	mh/tis	n-s----n-
Μήτι	*mh/ti	μήτις	mh/tis	n-s----v-
Μήτι	*mh/ti	μήτις	mh/tis	n-s----a-
Μήτι	*mh/ti	μῆτις	mh=tis	n-s---fd-
Ναζαρηνοῦ	*nazarhnou=	Ναζαρηνός	*nazarhno/s	n-s---mg-
Ναζαρηνέ	*nazarhne/	Ναζαρηνός	*nazarhno/s	n-s---mv-
Ναζωραῖος	*nazwrai=os	Ναζωραῖος	*nazwrai=os	a-s---mn-
Ναχώρ	*naxw/r	Ναχώρ	*naxw/r	n-s---n--
Ναΐν	*nai+/n	Ναίς	*nai/s	n-s---fa-
Νεανίσκε	*neani/ske	νεανίσκος	neani/skos	n-s---mv-
Νηρί	*nhri/	Νηρίς	*nhri/s	n-s---fv-
Νῦν	*nu=n	νῦν	nu=n	d--------
Οἱ	*oi(	ἕ	e(/	n-s---md-
Οἱ	*oi(	ἕ	e(/	n-s---fd-
Οἱ	*oi(	ὁ	o(	l-p---mn-
Οἱ	*oi(	ὁ	o(	l-p---mv-
Οὐ	*ou)	οὐ	ou)	d--------
Οὐαί	*ou)ai/	οὐαί	ou)ai/	x--------
Οὐδείς	*ou)dei/s	οὐδείς	ou)dei/s	n-s---mn-
Οὐδείς	*ou)dei/s	οὐδείς	ou)dei/s	n-s---mv-
Οὐδέ	*ou)de/	οὐδέ	ou)de/	g--------
Οὐδέ	*ou)de/	οὐδόσ1	ou)do/s1	n-s---mv-
Οὐδέ	*ou)de/	οὐδόσ2	ou)do/s2	n-s---fv-
Οὐδέν	*ou)de/n	οὐδείς	ou)dei/s	n-s---nn-
Οὐδέν	*ou)de/n	οὐδείς	ou)dei/s	n-s---nv-
Οὐδέν	*ou)de/n	οὐδείς	ou)dei/s	n-s---na-
Οὐθενός	*ou)qeno/s	οὐδείς	ou)dei/s	n-s----g-
Οὐκ	*ou)k	οὐ	ou)	d--------
Οὐχί	*ou)xi/	οὐ	ou)	d--------
Οὕτως	*ou(/tws	οὕτως	ou(/tws	d--------
Οὗτοι	*ou(=toi	οὗτος	ou(=tos	n-p---mn-
Οὗτοι	*ou(=toi	οὗτος	ou(=tos	n-p---mv-
Οὗτος	*ou(=tos	οὗτος	ou(=tos	n-s---mn-
Οὗτος	*ou(=tos	οὗτος	ou(=tos	n-s---mv-
Οὗτός	*ou(=to/s	οὗτος	ou(=tos	n-s---mn-
Οὗτός	*ou(=to/s	οὗτος	ou(=tos	n-s---mv-
Παραλαβών	*paralabw/n	παραλαμβάνω	paralamba/nw	v-sapamn-
Παρεγένετο	*parege/neto	παραγίγνομαι	paragi/gnomai	v3saim---
Παρά	*para/	παρά	para/	r--------
Παρά	*para/	πηρός	phro/s	a-p---nn-
Παρά	*para/	πηρός	phro/s	a-p---nv-
Παρά	*para/	πηρός	phro/s	a-p---na-
Παρά	*para/	πηρός	phro/s	a-d---fn-
Παρά	*para/	πηρός	phro/s	a-d---fv-
Παρά	*para/	πηρός	phro/s	a-d---fa-
Παρά	*para/	πηρός	phro/s	a-s---fn-
Παρά	*para/	πηρός	phro/s	a-s---fv-
Παρῆσαν	*parh=san	πάρειμι1	pa/reimi1	v3piia---
Πατέρα	*pate/ra	πατήρ	path/r	n-s---ma-
Πιλάτου	*pila/tou	Πιλᾶτος	*pila=tos	n-s---mg-
Πιλάτῳ	*pila/tw|	Πιλᾶτος	*pila=tos	n-s---md-
Πιλᾶτον	*pila=ton	Πιλᾶτος	*pila=tos	n-s---ma-
Πιλᾶτος	*pila=tos	Πιλᾶτος	*pila=tos	n-s---mn-
Πνεῦμα	*pneu=ma	πνεῦμα	pneu=ma	n-s---nn-
Πνεῦμα	*pneu=ma	πνεῦμα	pneu=ma	n-s---nv-
Πνεῦμα	*pneu=ma	πνεῦμα	pneu=ma	n-s---na-
Πολλά	*polla/	πολύς	polu/s	a-d---fn-
Πολλά	*polla/	πολύς	polu/s	a-d---fv-
Πολλά	*polla/	πολύς	polu/s	a-d---fa-
Πολλά	*polla/	πολύς	polu/s	a-s---fn-
Πολλά	*polla/	πολύς	polu/s	a-s---fv-
Πολλά	*polla/	πολύς	polu/s	a-p---nn-
Πολλά	*polla/	πολύς	polu/s	a-p---nv-
Πολλά	*polla/	πολύς	polu/s	a-p---na-
Ποντίου	*ponti/ou	Πόντιος	*po/ntios	n-s---mg-
Ποντίου	*ponti/ou	πόντιος	po/ntios	a-s---mg-
Ποντίου	*ponti/ou	πόντιος	po/ntios	a-s---ng-
Ποντίου	*ponti/ou	πόντιος	po/ntios	n-s---mg-
Ποντίου	*ponti/ou	πόντιος	po/ntios	n-s---fg-
Ποντίου	*ponti/ou	πόντιος	po/ntios	n-s---ng-
Πορευθέντες	*poreuqe/ntes	πορεύω	poreu/w	v-pappmn-
Πορευθέντες	*poreuqe/ntes	πορεύω	poreu/w	v-pappmv-
Πορεύθητι	*poreu/qhti	πορεύω	poreu/w	v2samp---
Πορεύου	*poreu/ou	πορεύω	poreu/w	v2spme---
Πορεύου	*poreu/ou	πορεύω	poreu/w	v2siie---
Ποίησον	*poi/hson	ποιέω	poie/w	v2sama---
Ποῖα	*poi=a	Ποίας	*poi/as	n-s---mv-
Ποῖα	*poi=a	ποῖος	poi=os	a-p---nn-
Ποῖα	*poi=a	ποῖος	poi=os	a-p---nv-
Ποῖα	*poi=a	ποῖος	poi=os	a-p---na-
Ποῦ	*pou=	πού	pou/	d--------
Ποῦ	*pou=	ποῦ	pou=	x--------
Πραγματεύσασθε	*pragmateu/sasqe	πραγματεύομαι	pragmateu/omai	v2pame---
Πραγματεύσασθε	*pragmateu/sasqe	πραγματεύομαι	pragmateu/omai	v2paie---
Προσδοκῶντος	*prosdokw=ntos	προσδοκάω	prosdoka/w	v-sppamg-
Προσδοκῶντος	*prosdokw=ntos	προσδοκάω	prosdoka/w	v-sppang-
Προσδοκῶντος	*prosdokw=ntos	προσδοκάω	prosdoka/w	v-sppamg-
Προσδοκῶντος	*prosdokw=ntos	προσδοκάω	prosdoka/w	v-sppang-
Προσελθόντες	*proselqo/ntes	προσέρχομαι	prose/rxomai	v-papamn-
Προσελθόντες	*proselqo/ntes	προσέρχομαι	prose/rxomai	v-papamv-
Προσεύχεσθε	*proseu/xesqe	προσεύχομαι	proseu/xomai	v2piie---
Προσεύχεσθε	*proseu/xesqe	προσεύχομαι	proseu/xomai	v2ppme---
Προσεύχεσθε	*proseu/xesqe	προσεύχομαι	proseu/xomai	v2ppie---
Προσεύχεσθε	*proseu/xesqe	προσεύχομαι	proseu/xomai	v2piie---
Προσηνέγκατέ	*proshne/gkate/	προσφέρω	prosfe/rw	v2paia---
Προσέφερον	*prose/feron	προσφέρω	prosfe/rw	v3piia---
Προσέφερον	*prose/feron	προσφέρω	prosfe/rw	v1siia---
Προσέχετε	*prose/xete	προσέχω	prose/xw	v2ppma---
Προσέχετε	*prose/xete	προσέχω	prose/xw	v2ppia---
Προσέχετε	*prose/xete	προσέχω	prose/xw	v2piia---
Προφήτευσον	*profh/teuson	προφητεύω	profhteu/w	v2sama---
Προφήτευσον	*profh/teuson	προφητεύω	profhteu/w	v2sama---
Προφήτης	*profh/ths	προφήτης	profh/ths	n-s---mn-
Πρίν	*pri/n	πρίν	pri/n	d--------
Πρό	*pro/	πρό	pro/	r--------
Πρόσθες	*pro/sqes	προστίθημι	prosti/qhmi	v2sama---
Πρόσθες	*pro/sqes	προστίθημι	prosti/qhmi	v2saia---
Πάντων	*pa/ntwn	πᾶς	pa=s	n-p---mg-
Πάντων	*pa/ntwn	πᾶς	pa=s	n-p---ng-
Πάντως	*pa/ntws	πάντως	pa/ntws	d--------
Πάσχα	*pa/sxa	πάσχα	pa/sxa	n-s---nn-
Πάσχα	*pa/sxa	πάσχα	pa/sxa	n-s---nv-
Πάσχα	*pa/sxa	πάσχα	pa/sxa	n-s---na-
Πάτερ	*pa/ter	πατήρ	path/r	n-s---mv-
Πέσετε	*pe/sete	πίπτω	pi/ptw	v2pama---
Πέσετε	*pe/sete	πίπτω	pi/ptw	v2paia---
Πέτρε	*pe/tre	Πέτρος	*pe/tros	n-s---mv-
Πέτρε	*pe/tre	πέτρος	pe/tros	n-s---mv-
Πέτρον	*pe/tron	Πέτρος	*pe/tros	n-s---ma-
Πέτρον	*pe/tron	Πέτρων	*pe/trwn	n-s---mv-
Πέτρον	*pe/tron	πέτρος	pe/tros	n-s---ma-
Πέτρος	*pe/tros	Πέτρος	*pe/tros	n-s---mn-
Πέτρος	*pe/tros	πέτρος	pe/tros	n-s---mn-
Πέτρῳ	*pe/trw|	Πέτρος	*pe/tros	n-s---md-
Πέτρῳ	*pe/trw|	πέτρος	pe/tros	n-s---md-
Πόσοι	*po/soi	πόσος	po/sos	a-p---mn-
Πόσοι	*po/soi	πόσος	po/sos	a-p---mv-
Πόσον	*po/son	πόσος	po/sos	a-s---ma-
Πόσον	*po/son	πόσος	po/sos	a-s---nn-
Πόσον	*po/son	πόσος	po/sos	a-s---nv-
Πόσον	*po/son	πόσος	po/sos	a-s---na-
Πᾶν	*pa=n	πᾶς	pa=s	n-s---ma-
Πᾶν	*pa=n	πᾶς	pa=s	n-s---nn-
Πᾶν	*pa=n	πᾶς	pa=s	n-s---nv-
Πᾶν	*pa=n	πᾶς	pa=s	n-s---na-
Πᾶς	*pa=s	πᾶς	pa=s	n-s---mn-
Πᾶς	*pa=s	πᾶς	pa=s	n-s---mv-
Πᾶσα	*pa=sa	πᾶς	pa=s	n-s---fn-
Πᾶσα	*pa=sa	πᾶς	pa=s	n-s---fv-
Πῦρ	*pu=r	πῦρ	pu=r	n-s---nn-
Πῦρ	*pu=r	πῦρ	pu=r	n-s---nv-
Πῦρ	*pu=r	πῦρ	pu=r	n-s---na-
Πῶς	*pw=s	πῶς	pw=s	x--------
Πῶς	*pw=s	πῶσ2	pw=s2	d--------
Πῶς	*pw=s	πως	pws	g--------
Σαδδουκαίων	*saddoukai/wn	Σαδδουκαῖοι	*saddoukai=oi	n-p---mg-
Σαλά	*sala/	σαλός	salo/s	a-p---nn-
Σαλά	*sala/	σαλός	salo/s	a-p---nv-
Σαλά	*sala/	σαλός	salo/s	a-p---na-
Σαλά	*sala/	σαλός	salo/s	a-d---fn-
Σαλά	*sala/	σαλός	salo/s	a-d---fv-
Σαλά	*sala/	σαλός	salo/s	a-d---fa-
Σαλά	*sala/	σαλός	salo/s	a-s---fn-
Σαλά	*sala/	σαλός	salo/s	a-s---fv-
Σαμαρείας	*samarei/as	Σαμάρεια	*sama/reia	n-p---fa-
Σαμαρείας	*samarei/as	Σαμάρεια	*sama/reia	n-s---fg-
Σαμαρείας	*samarei/as	Σαμαρεία	*samarei/a	n-p---fa-
Σαμαρείας	*samarei/as	Σαμαρεία	*samarei/a	n-s---fg-
Σαμαριτῶν	*samaritw=n	Σαμαρίτης	*samari/ths	n-p---mg-
Σαμαρίτης	*samari/ths	Σαμαρίτης	*samari/ths	n-s---mn-
Σατανᾶς	*satana=s	Σατάν-πλ	*sata/n-pl	n-s---mn-
Σιδωνίας	*sidwni/as	Σιδώνιος	*sidw/nios	a-p---fa-
Σιδωνίας	*sidwni/as	Σιδώνιος	*sidw/nios	a-s---fg-
Σιδῶνι	*sidw=ni	Σιδών	*sidw/n	n-s---fd-
Σιδῶνος	*sidw=nos	Σιδών	*sidw/n	n-s---fg-
Σολομών	*solomw/n	Σολομών	*solomw/n	n-s---mn-
Σολομών	*solomw/n	Σολομών	*solomw/n	n-s---mv-
Σολομῶνος	*solomw=nos	Σολομών	*solomw/n	n-s---mg-
Σοί	*soi/	σός	so/s	a-p---mn-
Σοί	*soi/	σός	so/s	a-p---mv-
Σοί	*soi/	σύ	su/	p-s----d-
Σοί	*soi/	σύ	su/	p-s----d-
Συγκαλεσάμενος	*sugkalesa/menos	συγκαλέω	sugkale/w	v-sapmmn-
Συγχάρητέ	*sugxa/rhte/	συγχαίρω	sugxai/rw	v2pamp---
Συγχάρητέ	*sugxa/rhte/	συγχαίρω	sugxai/rw	v2paip---
Συκῆν	*sukh=n	Σύκη	*su/kh	n-s---fa-
Συκῆν	*sukh=n	συκῆ	sukh=	n-s---fa-
Συκῆν	*sukh=n	συκῆ	sukh=	n-s---fa-
Συλλαβόντες	*sullabo/ntes	συλλαμβάνω	sullamba/nw	v-papamn-
Συλλαβόντες	*sullabo/ntes	συλλαμβάνω	sullamba/nw	v-papamv-
Συμεών	*sumew/n	Συμεών	*sumew/n	n-s---mn-
Συμεών	*sumew/n	Συμεών	*sumew/n	n-s---mv-
Συνεπορεύοντο	*suneporeu/onto	συμπορεύομαι	sumporeu/omai	v3piie---
Συνιόντος	*sunio/ntos	σύνειμι1	su/neimi1	v-sppamg-
Συνιόντος	*sunio/ntos	σύνειμι1	su/neimi1	v-sppang-
Συνιόντος	*sunio/ntos	σύνειμι2	su/neimi2	v-sppamg-
Συνιόντος	*sunio/ntos	σύνειμι2	su/neimi2	v-sppang-
Συρίας	*suri/as	Σύριος	*su/rios	a-p---fa-
Συρίας	*suri/as	Σύριος	*su/rios	a-s---fg-
Συρίας	*suri/as	Σῦρος	*su=ros	n-p---fa-
Συρίας	*suri/as	Σῦρος	*su=ros	n-s---fg-
Συρίας	*suri/as	Συρία	*suri/a	n-p---fa-
Συρίας	*suri/as	Συρία	*suri/a	n-s---fg-
Συρίας	*suri/as	συρία	suri/a	n-p---fa-
Συρίας	*suri/as	συρία	suri/a	n-s---fg-
Σήθ	*sh/q	Σήθ	*sh/q	n-s---nn-
Σήθ	*sh/q	Σήθ	*sh/q	n-s---nv-
Σήθ	*sh/q	Σήθ	*sh/q	n-s---na-
Σήμερον	*sh/meron	σήμερον	sh/meron	d--------
Σίμων	*si/mwn	Σίμων	*si/mwn	n-s---mn-
Σίμων	*si/mwn	Σίμων	*si/mwn	n-s---mv-
Σίμων	*si/mwn	Σῖμος	*si=mos	n-p---mg-
Σίμων	*si/mwn	σιμόω	simo/w	v3piia---
Σίμων	*si/mwn	σιμόω	simo/w	v1siia---
Σίμωνα	*si/mwna	Σίμων	*si/mwn	n-s---ma-
Σίμωνι	*si/mwni	Σίμων	*si/mwn	n-s---md-
Σίμωνος	*si/mwnos	Σίμων	*si/mwn	n-s---mg-
Σύ	*su/	σύ	su/	p-s----n-
Σύρος	*su/ros	Σύρος	*su/ros	n-s---mn-
Σύρος	*su/ros	σύρος	su/ros	n-s---mn-
Ταχύ	*taxu/	ταχύς	taxu/s	a-s---mv-
Ταχύ	*taxu/	ταχύς	taxu/s	a-s---nn-
Ταχύ	*taxu/	ταχύς	taxu/s	a-s---nv-
Ταχύ	*taxu/	ταχύς	taxu/s	a-s---na-
Ταῦτα	*tau=ta	οὗτος	ou(=tos	n-p---nn-
Ταῦτα	*tau=ta	οὗτος	ou(=tos	n-p---nv-
Ταῦτα	*tau=ta	οὗτος	ou(=tos	n-p---na-
Τιβερίου	*tiberi/ou	Τιβέριος	*tibe/rios	n-s---mg-
Τοίνυν	*toi/nun	τοίνυν	toi/nun	g--------
Τοῖς	*toi=s	ὁ	o(	l-p---md-
Τοῖς	*toi=s	ὁ	o(	l-p---nd-
Τοῦτο	*tou=to	οὗτος	ou(=tos	n-s---nn-
Τοῦτο	*tou=to	οὗτος	ou(=tos	n-s---nv-
Τοῦτο	*tou=to	οὗτος	ou(=tos	n-s---na-
Τοῦτον	*tou=ton	οὗτος	ou(=tos	n-s---ma-
Τοῦτό	*tou=to/	οὗτος	ou(=tos	n-s---nn-
Τοῦτό	*tou=to/	οὗτος	ou(=tos	n-s---nv-
Τοῦτό	*tou=to/	οὗτος	ou(=tos	n-s---na-
Τραχωνίτιδος	*traxwni/tidos	τραχών	traxw/n	n-s---fg-
Τά	*ta/	ὁ	o(	l-p---na-
Τά	*ta/	ὁ	o(	l-p---nn-
Τά	*ta/	ὁ	o(	l-p---nv-
Τά	*ta/	ὁ	o(	l-p---na-
Τά	*ta/	ὁ	o(	l-d---fa-
Τά	*ta/	ὁ	o(	l-d---fn-
Τά	*ta/	ὁ	o(	l-d---fv-
Τά	*ta/	ὁ	o(	l-d---fa-
Τά	*ta/	τίς	ti/s	n-p---nn-
Τά	*ta/	τίς	ti/s	n-p---nv-
Τά	*ta/	τίς	ti/s	n-p---na-
Τέθνηκεν	*te/qnhken	θνήσκω	qnh/skw	v3sria---
Τέθνηκεν	*te/qnhken	θνήσκω	qnh/skw	v3plia---
Τέκνον	*te/knon	τέκνον	te/knon	n-s---nn-
Τέκνον	*te/knon	τέκνον	te/knon	n-s---nv-
Τέκνον	*te/knon	τέκνον	te/knon	n-s---na-
Τί	*ti/	τίς	ti/s	n-s---nn-
Τί	*ti/	τίς	ti/s	n-s---nv-
Τί	*ti/	τίς	ti/s	n-s---na-
Τί	*ti/	τις	tis	p-s---nn-
Τί	*ti/	τις	tis	p-s---nv-
Τί	*ti/	τις	tis	p-s---na-
Τίμα	*ti/ma	τιμάω	tima/w	v2spma---
Τίμα	*ti/ma	τιμάω	tima/w	v3siia---
Τίνα	*ti/na	Τίνα	*ti/na	n-d---fn-
Τίνα	*ti/na	Τίνα	*ti/na	n-d---fv-
Τίνα	*ti/na	Τίνα	*ti/na	n-d---fa-
Τίνα	*ti/na	Τίνα	*ti/na	n-s---fn-
Τίνα	*ti/na	Τίνα	*ti/na	n-s---fv-
Τίνα	*ti/na	τίς	ti/s	n-s---ma-
Τίνα	*ti/na	τίς	ti/s	n-s---fa-
Τίνα	*ti/na	τίς	ti/s	n-p---nn-
Τίνα	*ti/na	τίς	ti/s	n-p---nv-
Τίνα	*ti/na	τίς	ti/s	n-p---na-
Τίνα	*ti/na	τις	tis	p-s---ma-
Τίνα	*ti/na	τις	tis	p-s---fa-
Τίνα	*ti/na	τις	tis	p-p---nn-
Τίνα	*ti/na	τις	tis	p-p---nv-
Τίνα	*ti/na	τις	tis	p-p---na-
Τίνες	*ti/nes	τίνω	ti/nw	v2spia---
Τίνες	*ti/nes	τίνω	ti/nw	v2spia---
Τίνες	*ti/nes	τίνω	ti/nw	v2siia---
Τίνες	*ti/nes	τίς	ti/s	n-p---mn-
Τίνες	*ti/nes	τίς	ti/s	n-p---mv-
Τίνες	*ti/nes	τίς	ti/s	n-p---fn-
Τίνες	*ti/nes	τίς	ti/s	n-p---fv-
Τίνες	*ti/nes	τις	tis	p-p---mn-
Τίνες	*ti/nes	τις	tis	p-p---mv-
Τίνες	*ti/nes	τις	tis	p-p---fn-
Τίνες	*ti/nes	τις	tis	p-p---fv-
Τίνι	*ti/ni	τίς	ti/s	n-s----d-
Τίνι	*ti/ni	τις	tis	p-s----d-
Τίνος	*ti/nos	τίς	ti/s	n-s----g-
Τίνος	*ti/nos	τις	tis	p-s----g-
Τίς	*ti/s	τίς	ti/s	n-s---mn-
Τίς	*ti/s	τίς	ti/s	n-s---fn-
Τίς	*ti/s	τις	tis	p-s---mn-
Τίς	*ti/s	τις	tis	p-s---fn-
Τό	*to/	ὁ	o(	l-s---nn-
Τό	*to/	ὁ	o(	l-s---nv-
Τό	*to/	ὁ	o(	l-s---na-
Τόν	*to/n	ὁ	o(	l-s---ma-
Τύρου	*tu/rou	Τύρας	*tu/ras	n-s---mg-
Τύρου	*tu/rou	Τύρος	*tu/ros	n-s---fg-
Τύρῳ	*tu/rw|	Τύρος	*tu/ros	n-s---fd-
Τῇ	*th=|	ὁ	o(	l-s---fd-
Τῇ	*th=|	τῇ	th=|	d--------
Τῶν	*tw=n	ὁ	o(	l-p---fg-
Τῶν	*tw=n	ὁ	o(	l-p---mg-
Τῶν	*tw=n	ὁ	o(	l-p---ng-
Υἱέ	*ui(e/	υἱός	ui(o/s	n-s---mv-
Φαρισαίοις	*farisai/ois	Φαρισαῖος	*farisai=os	n-p---md-
Φαρισαίου	*farisai/ou	Φαρισαῖος	*farisai=os	n-s---mg-
Φαρισαίους	*farisai/ous	Φαρισαῖος	*farisai=os	n-p---ma-
Φαρισαίων	*farisai/wn	Φαρισαῖος	*farisai=os	n-p---mg-
Φαρισαῖοι	*farisai=oi	Φαρισαῖος	*farisai=os	n-p---mn-
Φαρισαῖοι	*farisai=oi	Φαρισαῖος	*farisai=os	n-p---mv-
Φαρισαῖος	*farisai=os	Φαρισαῖος	*farisai=os	n-s---mn-
Φιλίππου	*fili/ppou	Φίλιππος	*fi/lippos	n-s---mg-
Φιλίππου	*fili/ppou	φίλιππος	fi/lippos	n-s---mg-
Φιλίππου	*fili/ppou	φίλιππος	fi/lippos	n-s---fg-
Φιλίππου	*fili/ppou	φίλιππος	fi/lippos	n-s---ng-
Φιμώθητι	*fimw/qhti	φιμόω	fimo/w	v2samp---
Φωνή	*fwnh/	φωνή	fwnh/	n-s---fn-
Φωνή	*fwnh/	φωνή	fwnh/	n-s---fv-
Φίλε	*fi/le	φίλος	fi/los	n-s---mv-
Φίλε	*fi/le	φίλος	fi/los	a-s---mv-
Φίλιππον	*fi/lippon	Φίλιππος	*fi/lippos	n-s---ma-
Φίλιππον	*fi/lippon	φίλιππος	fi/lippos	n-s---ma-
Φίλιππον	*fi/lippon	φίλιππος	fi/lippos	n-s---fa-
Φίλιππον	*fi/lippon	φίλιππος	fi/lippos	n-s---nn-
Φίλιππον	*fi/lippon	φίλιππος	fi/lippos	n-s---nv-
Φίλιππον	*fi/lippon	φίλιππος	fi/lippos	n-s---na-
Χαῖρε	*xai=re	χαίρω	xai/rw	v2spma---
Χαῖρε	*xai=re	χαίρω	xai/rw	v3siia---
Χρονίζει	*xroni/zei	χρονίζω	xroni/zw	v2spie---
Χρονίζει	*xroni/zei	χρονίζω	xroni/zw	v3spia---
Ψυχή	*yuxh/	Ψυχή	*yuxh/	n-s---fn-
Ψυχή	*yuxh/	Ψυχή	*yuxh/	n-s---fv-
Ψυχή	*yuxh/	ψυχή	yuxh/	n-s---fn-
Ψυχή	*yuxh/	ψυχή	yuxh/	n-s---fv-
αἰνεῖν	ai)nei=n	αἰνέω	ai)ne/w	v--pna---
αἰνούντων	ai)nou/ntwn	αἰνέω	ai)ne/w	v-pppamg-
αἰνούντων	ai)nou/ntwn	αἰνέω	ai)ne/w	v-pppang-
αἰνούντων	ai)nou/ntwn	αἰνέω	ai)ne/w	v3ppma---
αἰνοῦντες	ai)nou=ntes	αἰνέω	ai)ne/w	v-pppamn-
αἰνοῦντες	ai)nou=ntes	αἰνέω	ai)ne/w	v-pppamv-
αἰσχύνης	ai)sxu/nhs	αἰσχύνη	ai)sxu/nh	n-s---fg-
αἰσχύνομαι	ai)sxu/nomai	αἰσχύνω	ai)sxu/nw	v1sasm---
αἰσχύνομαι	ai)sxu/nomai	αἰσχύνω	ai)sxu/nw	v1spie---
αἰτεῖτε	ai)tei=te	αἰτέω	ai)te/w	v2ppma---
αἰτεῖτε	ai)tei=te	αἰτέω	ai)te/w	v2ppoa---
αἰτεῖτε	ai)tei=te	αἰτέω	ai)te/w	v2ppia---
αἰτεῖτε	ai)tei=te	αἰτέω	ai)te/w	v2piia---
αἰτούμενοι	ai)tou/menoi	αἰτέω	ai)te/w	v-pppemn-
αἰτούμενοι	ai)tou/menoi	αἰτέω	ai)te/w	v-pppemv-
αἰτοῦντί	ai)tou=nti/	αἰτέω	ai)te/w	v-sppamd-
αἰτοῦντί	ai)tou=nti/	αἰτέω	ai)te/w	v-sppand-
αἰτοῦντί	ai)tou=nti/	αἰτέω	ai)te/w	v3ppia---
αἰτοῦσιν	ai)tou=sin	αἰτέω	ai)te/w	v-pppamd-
αἰτοῦσιν	ai)tou=sin	αἰτέω	ai)te/w	v-pppand-
αἰτοῦσιν	ai)tou=sin	αἰτέω	ai)te/w	v3ppia---
αἰτήσας	ai)th/sas	αἰτέω	ai)te/w	v-sapamn-
αἰτήσας	ai)th/sas	αἰτέω	ai)te/w	v-sapamv-
αἰτήσει	ai)th/sei	αἴτησις	ai)/thsis	n-d---fn-
αἰτήσει	ai)th/sei	αἴτησις	ai)/thsis	n-d---fv-
αἰτήσει	ai)th/sei	αἴτησις	ai)/thsis	n-d---fa-
αἰτήσει	ai)th/sei	αἴτησις	ai)/thsis	n-s---fd-
αἰτήσει	ai)th/sei	αἴτησις	ai)/thsis	n-s---fd-
αἰτήσει	ai)th/sei	αἰτέω	ai)te/w	v3sasa---
αἰτήσει	ai)th/sei	αἰτέω	ai)te/w	v2sfim---
αἰτήσει	ai)th/sei	αἰτέω	ai)te/w	v3sfia---
αἰτήσουσιν	ai)th/sousin	αἰτέω	ai)te/w	v3pasa---
αἰτήσουσιν	ai)th/sousin	αἰτέω	ai)te/w	v-pfpamd-
αἰτήσουσιν	ai)th/sousin	αἰτέω	ai)te/w	v-pfpand-
αἰτήσουσιν	ai)th/sousin	αἰτέω	ai)te/w	v3pfia---
αἰτίαν	ai)ti/an	αἴτιος	ai)/tios	a-s---fa-
αἰτίαν	ai)ti/an	αἰτία	ai)ti/a	n-s---fa-
αἰτῶν	ai)tw=n	αἰτέω	ai)te/w	v-sppamn-
αἰχμαλωτισθήσονται	ai)xmalwtisqh/sontai	αἰχμαλωτίζω	ai)xmalwti/zw	v3pfip---
αἰχμαλώτοις	ai)xmalw/tois	αἰχμάλωτος	ai)xma/lwtos	n-p---md-
αἰχμαλώτοις	ai)xmalw/tois	αἰχμάλωτος	ai)xma/lwtos	n-p---fd-
αἰχμαλώτοις	ai)xmalw/tois	αἰχμάλωτος	ai)xma/lwtos	n-p---nd-
αἰωνίους	ai)wni/ous	αἰώνιος	ai)w/nios	a-p---ma-
αἰωνίους	ai)wni/ous	αἰώνιος	ai)w/nios	n-p---ma-
αἰωνίους	ai)wni/ous	αἰώνιος	ai)w/nios	n-p---fa-
αἰώνιον	ai)w/nion	αἰώνιος	ai)w/nios	a-s---ma-
αἰώνιον	ai)w/nion	αἰώνιος	ai)w/nios	a-s---nn-
αἰώνιον	ai)w/nion	αἰώνιος	ai)w/nios	a-s---nv-
αἰώνιον	ai)w/nion	αἰώνιος	ai)w/nios	a-s---na-
αἰώνιον	ai)w/nion	αἰώνιος	ai)w/nios	n-s---ma-
αἰώνιον	ai)w/nion	αἰώνιος	ai)w/nios	n-s---fa-
αἰώνιον	ai)w/nion	αἰώνιος	ai)w/nios	n-s---nn-
αἰώνιον	ai)w/nion	αἰώνιος	ai)w/nios	n-s---nv-
αἰώνιον	ai)w/nion	αἰώνιος	ai)w/nios	n-s---na-
αἰῶνα	ai)w=na	αἰών	ai)w/n	n-s---ma-
αἰῶνας	ai)w=nas	αἰών	ai)w/n	n-p---ma-
αἰῶνι	ai)w=ni	αἰών	ai)w/n	n-s---md-
αἰῶνος	ai)w=nos	αἰών	ai)w/n	n-s---mg-
αἱ	ai(	ὁ	o(	l-p---fn-
αἱ	ai(	ὁ	o(	l-p---fv-
αἴρει	ai)/rei	αἴρω	ai)/rw	v2spie---
αἴρει	ai)/rei	αἴρω	ai)/rw	v3spia---
αἴρεις	ai)/reis	αἴρω	ai)/rw	v2spia---
αἴρετε	ai)/rete	αἴρω	ai)/rw	v2ppma---
αἴρετε	ai)/rete	αἴρω	ai)/rw	v2ppia---
αἴρετε	ai)/rete	αἴρω	ai)/rw	v2piia---
αἴροντος	ai)/rontos	αἴρω	ai)/rw	v-sppamg-
αἴροντος	ai)/rontos	αἴρω	ai)/rw	v-sppang-
αἴροντός	ai)/ronto/s	αἴρω	ai)/rw	v-sppamg-
αἴροντός	ai)/ronto/s	αἴρω	ai)/rw	v-sppang-
αἴρων	ai)/rwn	αἴρω	ai)/rw	v-sppamn-
αἴσθωνται	ai)/sqwntai	αἰσθάνομαι	ai)sqa/nomai	v3pasm---
αἴσθωνται	ai)/sqwntai	αἰσθάνομαι	ai)sqa/nomai	v3ppse---
αἴτημα	ai)/thma	αἴτημα	ai)/thma	n-s---nn-
αἴτημα	ai)/thma	αἴτημα	ai)/thma	n-s---nv-
αἴτημα	ai)/thma	αἴτημα	ai)/thma	n-s---na-
αἴτιον	ai)/tion	αἴτιος	ai)/tios	a-s---ma-
αἴτιον	ai)/tion	αἴτιος	ai)/tios	a-s---nn-
αἴτιον	ai)/tion	αἴτιος	ai)/tios	a-s---nv-
αἴτιον	ai)/tion	αἴτιος	ai)/tios	a-s---na-
αἴτιον	ai)/tion	αἴτιος	ai)/tios	n-s---ma-
αἴτιον	ai)/tion	αἴτιος	ai)/tios	n-s---fa-
αἴτιον	ai)/tion	αἴτιος	ai)/tios	n-s---nn-
αἴτιον	ai)/tion	αἴτιος	ai)/tios	n-s---nv-
αἴτιον	ai)/tion	αἴτιος	ai)/tios	n-s---na-
αἴτιον	ai)/tion	αἰτέω	ai)te/w	v3piia---
αἴτιον	ai)/tion	αἰτέω	ai)te/w	v1siia---
αἵ	ai(/	ὁ	o(	l-p---fn-
αἵ	ai(/	ὁ	o(	l-p---fv-
αἵ	ai(/	ὅς	o(/s	p-p---fn-
αἵματος	ai(/matos	αἷμα	ai(=ma	n-s---ng-
αἵματί	ai(/mati/	αἷμα	ai(=ma	n-s---nd-
αἵτινες	ai(/tines	ὅστις	o(/stis	p-p---fn-
αἶνον	ai)=non	αἶνος	ai)=nos	n-s---ma-
αἷμα	ai(=ma	αἷμα	ai(=ma	n-s---nn-
αἷμα	ai(=ma	αἷμα	ai(=ma	n-s---nv-
αἷμα	ai(=ma	αἷμα	ai(=ma	n-s---na-
αἷς	ai(=s	ὅς	o(/s	p-p---fd-
αὐλήν	au)lh/n	αὐλή	au)lh/	n-s---fa-
αὐλῆς	au)lh=s	αὐλέω	au)le/w	v2spia---
αὐλῆς	au)lh=s	αὐλή	au)lh/	n-s---fg-
αὐξάνει	au)ca/nei	αὐξάνω	au)ca/nw	v2spie---
αὐξάνει	au)ca/nei	αὐξάνω	au)ca/nw	v3spia---
αὐστηρός	au)sthro/s	αὐστηρός	au)sthro/s	a-s---mn-
αὐταῖς	au)tai=s	αὐτός	au)to/s	n-p---fd-
αὐτοί	au)toi/	αὐτός	au)to/s	n-p---mn-
αὐτοί	au)toi/	αὐτός	au)to/s	n-p---mv-
αὐτούς	au)tou/s	αὐτός	au)to/s	n-p---ma-
αὐτοῖς	au)toi=s	αὐτός	au)to/s	n-p---nd-
αὐτοῖς	au)toi=s	αὐτός	au)to/s	n-p---md-
αὐτοῖσ’	au)toi=s'	αὐτός	au)to/s	n-p---nd-
αὐτοῖσ’	au)toi=s'	αὐτός	au)to/s	n-p---md-
αὐτοῦ	au)tou=	αὐτός	au)to/s	n-s---ng-
αὐτοῦ	au)tou=	αὐτός	au)to/s	n-s---mg-
αὐτοῦ	au)tou=	αὐτοῦ	au)tou=	d--------
αὐτά	au)ta/	αὐτός	au)to/s	n-p---nn-
αὐτά	au)ta/	αὐτός	au)to/s	n-p---nv-
αὐτά	au)ta/	αὐτός	au)to/s	n-p---na-
αὐτά	au)ta/	αὐτός	au)to/s	n-d---fn-
αὐτά	au)ta/	αὐτός	au)to/s	n-d---fv-
αὐτά	au)ta/	αὐτός	au)to/s	n-d---fa-
αὐτά	au)ta/	αὐτός	au)to/s	n-s---fn-
αὐτά	au)ta/	αὐτός	au)to/s	n-s---fv-
αὐτά’	au)ta/'	αὐτός	au)to/s	n-p---fn-
αὐτά’	au)ta/'	αὐτός	au)to/s	n-p---fv-
αὐτάς	au)ta/s	αὐτός	au)to/s	n-p---fa-
αὐτή	au)th/	αὐτός	au)to/s	n-s---fn-
αὐτή	au)th/	αὐτός	au)to/s	n-s---fv-
αὐτήν	au)th/n	αὐτός	au)to/s	n-s---fa-
αὐτό	au)to/	αὐτός	au)to/s	n-s---nn-
αὐτό	au)to/	αὐτός	au)to/s	n-s---nv-
αὐτό	au)to/	αὐτός	au)to/s	n-s---na-
αὐτόν	au)to/n	αὐτός	au)to/s	n-s---ma-
αὐτόπται	au)to/ptai	αὐτόπτης	au)to/pths	n-p---mn-
αὐτόπται	au)to/ptai	αὐτόπτης	au)to/pths	n-p---mv-
αὐτόπται	au)to/ptai	αὐτόπτης	au)to/pths	n-s---md-
αὐτός	au)to/s	αὐτός	au)to/s	n-s---mn-
αὐτόσ’	au)to/s'	αὐτόσε	au)to/se	d--------
αὐτῆς	au)th=s	αὐτός	au)to/s	n-s---fg-
αὐτῇ	au)th=|	αὐτός	au)to/s	n-s---fd-
αὐτῶν	au)tw=n	αὐτός	au)to/s	n-p---ng-
αὐτῶν	au)tw=n	αὐτός	au)to/s	n-p---fg-
αὐτῶν	au)tw=n	αὐτός	au)to/s	n-p---mg-
αὐτῷ	au)tw=|	αὐτός	au)to/s	n-s---nd-
αὐτῷ	au)tw=|	αὐτός	au)to/s	n-s---md-
αὑτούς	au(tou/s	ἑαυτοῦ	e(autou=	n-p---ma-
αὑτόν	au(to/n	ἑαυτοῦ	e(autou=	n-s---ma-
αὔριον	au)/rion	αὔριον	au)/rion	d--------
αὕτη	au(/th	οὗτος	ou(=tos	n-s---fn-
αὕτη	au(/th	οὗτος	ou(=tos	n-s---fv-
αὗταί	au(=tai/	οὗτος	ou(=tos	n-p---fn-
αὗταί	au(=tai/	οὗτος	ou(=tos	n-p---fv-
βαθέως	baqe/ws	βαθέως	baqe/ws	d--------
βαθέως	baqe/ws	βαθύς	baqu/s	x--------
βαλεῖ	balei=	βάλλω	ba/llw	v2sfim---
βαλεῖ	balei=	βάλλω	ba/llw	v3sfia---
βαλεῖν	balei=n	βάλλω	ba/llw	v--ana---
βαλεῖν	balei=n	βάλλω	ba/llw	v--fna---
βαλλαντίου	ballanti/ou	βαλλάντιον	balla/ntion	n-s---ng-
βαλλάντια	balla/ntia	βαλλάντιον	balla/ntion	n-p---nn-
βαλλάντια	balla/ntia	βαλλάντιον	balla/ntion	n-p---nv-
βαλλάντια	balla/ntia	βαλλάντιον	balla/ntion	n-p---na-
βαλλάντιον	balla/ntion	βαλλάντιον	balla/ntion	n-s---nn-
βαλλάντιον	balla/ntion	βαλλάντιον	balla/ntion	n-s---nv-
βαλλάντιον	balla/ntion	βαλλάντιον	balla/ntion	n-s---na-
βαλλόμενον	ballo/menon	βάλλω	ba/llw	v-sppema-
βαλλόμενον	ballo/menon	βάλλω	ba/llw	v-sppenn-
βαλλόμενον	ballo/menon	βάλλω	ba/llw	v-sppenv-
βαλλόμενον	ballo/menon	βάλλω	ba/llw	v-sppena-
βαπτισθέντες	baptisqe/ntes	βαπτίζω	bapti/zw	v-pappmn-
βαπτισθέντες	baptisqe/ntes	βαπτίζω	bapti/zw	v-pappmv-
βαπτισθέντος	baptisqe/ntos	βαπτίζω	bapti/zw	v-sappmg-
βαπτισθέντος	baptisqe/ntos	βαπτίζω	bapti/zw	v-sappng-
βαπτισθῆναι	baptisqh=nai	βαπτίζω	bapti/zw	v--anp---
βαπτιστήν	baptisth/n	βαπτιστής	baptisth/s	n-s---ma-
βαπτιστής	baptisth/s	βαπτιστής	baptisth/s	n-s---mn-
βαπτίζω	bapti/zw	βαπτίζω	bapti/zw	v1spsa---
βαπτίζω	bapti/zw	βαπτίζω	bapti/zw	v1spia---
βαπτίσει	bapti/sei	βάπτισις	ba/ptisis	n-d---fn-
βαπτίσει	bapti/sei	βάπτισις	ba/ptisis	n-d---fv-
βαπτίσει	bapti/sei	βάπτισις	ba/ptisis	n-d---fa-
βαπτίσει	bapti/sei	βάπτισις	ba/ptisis	n-s---fd-
βαπτίσει	bapti/sei	βάπτισις	ba/ptisis	n-s---fd-
βαπτίσει	bapti/sei	βαπτίζω	bapti/zw	v3sasa---
βαπτίσει	bapti/sei	βαπτίζω	bapti/zw	v2sfim---
βαπτίσει	bapti/sei	βαπτίζω	bapti/zw	v3sfia---
βαρηθῶσιν	barhqw=sin	βαρέω	bare/w	v3pasp---
βασανίσῃς	basani/sh|s	βασανίζω	basani/zw	v2sasa---
βασιλεία	basilei/a	βασίλεια	basi/leia	n-d---fn-
βασιλεία	basilei/a	βασίλεια	basi/leia	n-d---fv-
βασιλεία	basilei/a	βασίλεια	basi/leia	n-d---fa-
βασιλεία	basilei/a	βασίλειος	basi/leios	a-d---fn-
βασιλεία	basilei/a	βασίλειος	basi/leios	a-d---fv-
βασιλεία	basilei/a	βασίλειος	basi/leios	a-d---fa-
βασιλεία	basilei/a	βασίλειος	basi/leios	a-s---fn-
βασιλεία	basilei/a	βασίλειος	basi/leios	a-s---fv-
βασιλεία	basilei/a	βασιλεία	basilei/a	n-d---fn-
βασιλεία	basilei/a	βασιλεία	basilei/a	n-d---fv-
βασιλεία	basilei/a	βασιλεία	basilei/a	n-d---fa-
βασιλεία	basilei/a	βασιλεία	basilei/a	n-s---fn-
βασιλεία	basilei/a	βασιλεία	basilei/a	n-s---fv-
βασιλεία	basilei/a	βασιλειάω	basileia/w	v2spma---
βασιλεία	basilei/a	βασιλειάω	basileia/w	v2spma---
βασιλεία	basilei/a	βασιλειάω	basileia/w	v3siia---
βασιλεία	basilei/a	βασιλειάω	basileia/w	v3siia---
βασιλείαν	basilei/an	βασίλειος	basi/leios	a-s---fa-
βασιλείαν	basilei/an	βασιλεία	basilei/a	n-s---fa-
βασιλείαν	basilei/an	βασιλειάω	basileia/w	v3piia---
βασιλείαν	basilei/an	βασιλειάω	basileia/w	v1siia---
βασιλείαν	basilei/an	βασιλειάω	basileia/w	v3piia---
βασιλείαν	basilei/an	βασιλειάω	basileia/w	v1siia---
βασιλείας	basilei/as	βασίλεια	basi/leia	n-p---fa-
βασιλείας	basilei/as	βασίλεια	basi/leia	n-s---fg-
βασιλείας	basilei/as	βασίλειος	basi/leios	a-p---fa-
βασιλείας	basilei/as	βασίλειος	basi/leios	a-s---fg-
βασιλείας	basilei/as	βασιλεία	basilei/a	n-p---fa-
βασιλείας	basilei/as	βασιλεία	basilei/a	n-s---fg-
βασιλείας	basilei/as	βασιλειάω	basileia/w	v2siia---
βασιλείας	basilei/as	βασιλειάω	basileia/w	v2siia---
βασιλείοις	basilei/ois	βασίλειον	basi/leion	n-p---nd-
βασιλείοις	basilei/ois	βασίλειος	basi/leios	a-p---md-
βασιλείοις	basilei/ois	βασίλειος	basi/leios	a-p---nd-
βασιλείοις	basilei/ois	βασίλειος	basi/leios	n-p---md-
βασιλείοις	basilei/ois	βασίλειος	basi/leios	n-p---fd-
βασιλείοις	basilei/ois	βασίλειος	basi/leios	n-p---nd-
βασιλείᾳ	basilei/a|	βασίλεια	basi/leia	n-s---fd-
βασιλείᾳ	basilei/a|	βασίλειος	basi/leios	a-s---fd-
βασιλείᾳ	basilei/a|	βασιλεία	basilei/a	n-s---fd-
βασιλεύς	basileu/s	βασιλεύς	basileu/s	n-s---mn-
βασιλεύσει	basileu/sei	βασιλεύω	basileu/w	v3sasa---
βασιλεύσει	basileu/sei	βασιλεύω	basileu/w	v2sfim---
βασιλεύσει	basileu/sei	βασιλεύω	basileu/w	v3sfia---
βασιλεῖ	basilei=	βασιλεύς	basileu/s	n-s---md-
βασιλεῖς	basilei=s	βασιλεύς	basileu/s	n-p---mn-
βασιλεῖς	basilei=s	βασιλεύς	basileu/s	n-p---ma-
βασιλεῖς	basilei=s	βασιλεύς	basileu/s	n-p---mn-
βασιλεῖς	basilei=s	βασιλεύς	basileu/s	n-p---mv-
βασιλεῦσαι	basileu=sai	βασιλεύω	basileu/w	v--ana---
βασιλέα	basile/a	βασιλεύς	basileu/s	n-s---ma-
βασιλέως	basile/ws	βασιλεύς	basileu/s	n-s---mg-
βασιλέως	basile/ws	βασιλεύς	basileu/s	n-s---mg-
βασιλέως	basile/ws	βασιλεύς	basileu/s	n-s---mn-
βαστάζει	basta/zei	βαστάζω	basta/zw	v2spie---
βαστάζει	basta/zei	βαστάζω	basta/zw	v3spia---
βαστάζετε	basta/zete	βαστάζω	basta/zw	v2ppma---
βαστάζετε	basta/zete	βαστάζω	basta/zw	v2ppia---
βαστάζετε	basta/zete	βαστάζω	basta/zw	v2piia---
βαστάζοντες	basta/zontes	βαστάζω	basta/zw	v-pppamn-
βαστάζοντες	basta/zontes	βαστάζω	basta/zw	v-pppamv-
βαστάζων	basta/zwn	βαστάζω	basta/zw	v-sppamn-
βαστάσασά	basta/sasa/	βαστάζω	basta/zw	v-sapafn-
βαστάσασά	basta/sasa/	βαστάζω	basta/zw	v-sapafv-
βασάνοις	basa/nois	βάσανος	ba/sanos	n-p---fd-
βασάνου	basa/nou	βάσανος	ba/sanos	n-s---fg-
βασίλισσα	basi/lissa	βασίλισσα	basi/lissa	n-s---fn-
βασίλισσα	basi/lissa	βασίλισσα	basi/lissa	n-s---fv-
βασίλισσα	basi/lissa	βασιλίζω	basili/zw	v1saia---
βδέλυγμα	bde/lugma	βδέλυγμα	bde/lugma	n-s---nn-
βδέλυγμα	bde/lugma	βδέλυγμα	bde/lugma	n-s---nv-
βδέλυγμα	bde/lugma	βδέλυγμα	bde/lugma	n-s---na-
βεβαρημένοι	bebarhme/noi	βαρέω	bare/w	v-prpemn-
βεβαρημένοι	bebarhme/noi	βαρέω	bare/w	v-prpemv-
βεβλημένον	beblhme/non	βάλλω	ba/llw	v-srpema-
βεβλημένον	beblhme/non	βάλλω	ba/llw	v-srpenn-
βεβλημένον	beblhme/non	βάλλω	ba/llw	v-srpenv-
βεβλημένον	beblhme/non	βάλλω	ba/llw	v-srpena-
βιβλίον	bibli/on	βιβλίον	bibli/on	n-s---nn-
βιβλίον	bibli/on	βιβλίον	bibli/on	n-s---nv-
βιβλίον	bibli/on	βιβλίον	bibli/on	n-s---na-
βιωτικαῖς	biwtikai=s	βιωτικός	biwtiko/s	a-p---fd-
βιάζεται	bia/zetai	βιάζω	bia/zw	v3spie---
βλασφημοῦντες	blasfhmou=ntes	βλασφημέω	blasfhme/w	v-pppamn-
βλασφημοῦντες	blasfhmou=ntes	βλασφημέω	blasfhme/w	v-pppamv-
βλασφημήσαντι	blasfhmh/santi	βλασφημέω	blasfhme/w	v-sapamd-
βλασφημήσαντι	blasfhmh/santi	βλασφημέω	blasfhme/w	v-sapand-
βλασφημίας	blasfhmi/as	βλασφημία	blasfhmi/a	n-p---fa-
βλασφημίας	blasfhmi/as	βλασφημία	blasfhmi/a	n-s---fg-
βλητέον	blhte/on	βλητέον	blhte/on	n-s---ma-
βλητέον	blhte/on	βλητέον	blhte/on	n-s---nn-
βλητέον	blhte/on	βλητέον	blhte/on	n-s---nv-
βλητέον	blhte/on	βλητέον	blhte/on	n-s---na-
βλητέον	blhte/on	βλητέος	blhte/os	n-s---ma-
βλητέον	blhte/on	βλητέος	blhte/os	n-s---fa-
βλητέον	blhte/on	βλητέος	blhte/os	n-s---nn-
βλητέον	blhte/on	βλητέος	blhte/os	n-s---nv-
βλητέον	blhte/on	βλητέος	blhte/os	n-s---na-
βλάψαν	bla/yan	βλάπτω	bla/ptw	v-sapann-
βλάψαν	bla/yan	βλάπτω	bla/ptw	v-sapanv-
βλάψαν	bla/yan	βλάπτω	bla/ptw	v-sapana-
βλάψαν	bla/yan	βλάπτω	bla/ptw	v3paia---
βλέπει	ble/pei	βλέπος	ble/pos	n-d---nn-
βλέπει	ble/pei	βλέπος	ble/pos	n-d---nv-
βλέπει	ble/pei	βλέπος	ble/pos	n-d---na-
βλέπει	ble/pei	βλέπος	ble/pos	n-s---nd-
βλέπει	ble/pei	βλέπος	ble/pos	n-s---nd-
βλέπει	ble/pei	βλέπω	ble/pw	v2spie---
βλέπει	ble/pei	βλέπω	ble/pw	v3spia---
βλέπειν	ble/pein	βλέπω	ble/pw	v--pna---
βλέπεις	ble/peis	βλέπω	ble/pw	v2spia---
βλέπετε	ble/pete	βλέπω	ble/pw	v2ppma---
βλέπετε	ble/pete	βλέπω	ble/pw	v2ppia---
βλέπετε	ble/pete	βλέπω	ble/pw	v2piia---
βλέποντες	ble/pontes	βλέπω	ble/pw	v-pppamn-
βλέποντες	ble/pontes	βλέπω	ble/pw	v-pppamv-
βλέπων	ble/pwn	βλέπω	ble/pw	v-sppamn-
βλέπωσιν	ble/pwsin	βλέπω	ble/pw	v3ppsa---
βολήν	bolh/n	βολή	bolh/	n-s---fa-
βορρᾶ	borra=	Βορέασ-πλ	*bore/as-pl	n-s---mv-
βορρᾶ	borra=	Βορέασ-πλ	*bore/as-pl	n-s---mg-
βορρᾶ	borra=	Βορέασ-πλ	*bore/as-pl	n-s---mn-
βοσκομένη	boskome/nh	βόσκω	bo/skw	v-sfpmfn-
βοσκομένη	boskome/nh	βόσκω	bo/skw	v-sfpmfv-
βοσκομένη	boskome/nh	βόσκω	bo/skw	v-sppefn-
βοσκομένη	boskome/nh	βόσκω	bo/skw	v-sppefv-
βουλευτής	bouleuth/s	βουλευτής	bouleuth/s	n-s---mn-
βουλεύσεται	bouleu/setai	βουλεύω	bouleu/w	v3sasm---
βουλεύσεται	bouleu/setai	βουλεύω	bouleu/w	v3sfim---
βουλήν	boulh/n	βουλή	boulh/	n-s---fa-
βουλῇ	boulh=|	βουλεύς	bouleu/s	n-s---md-
βουλῇ	boulh=|	βουλή	boulh/	n-s---fd-
βουνοῖς	bounoi=s	βουνός	bouno/s	n-p---md-
βουνός	bouno/s	βουνός	bouno/s	n-s---mn-
βούλει	bou/lei	βούλομαι	bou/lomai	v2spie---
βούληται	bou/lhtai	βούλομαι	bou/lomai	v3spse---
βοώντων	bow/ntwn	βάζω	ba/zw	v-pfpamg-
βοώντων	bow/ntwn	βάζω	ba/zw	v-pfpang-
βοώντων	bow/ntwn	βοάω	boa/w	v-pppamg-
βοώντων	bow/ntwn	βοάω	boa/w	v-pppang-
βοώντων	bow/ntwn	βοάω	boa/w	v3ppma---
βοώντων	bow/ntwn	βοόω	boo/w	v-pppamg-
βοώντων	bow/ntwn	βοόω	boo/w	v-pppang-
βοώντων	bow/ntwn	βοόω	boo/w	v3ppma---
βοῦν	bou=n	βοῦς	bou=s	n-s---ma-
βοῦν	bou=n	βοῦς	bou=s	n-s---fa-
βοῦς	bou=s	βοῦς	bou=s	n-p---ma-
βοῦς	bou=s	βοῦς	bou=s	n-p---fa-
βοῦς	bou=s	βοῦς	bou=s	n-p---mn-
βοῦς	bou=s	βοῦς	bou=s	n-p---mv-
βοῦς	bou=s	βοῦς	bou=s	n-p---fn-
βοῦς	bou=s	βοῦς	bou=s	n-p---fv-
βοῦς	bou=s	βοῦς	bou=s	n-s---mn-
βοῦς	bou=s	βοῦς	bou=s	n-s---mv-
βοῦς	bou=s	βοῦς	bou=s	n-s---fn-
βοῦς	bou=s	βοῦς	bou=s	n-s---fv-
βοῶν	bow=n	βόα	bo/a	n-p---fg-
βοῶν	bow=n	βόειος	bo/eios	a-p---fg-
βοῶν	bow=n	βόειος	bo/eios	a-p---mg-
βοῶν	bow=n	βόειος	bo/eios	a-p---ng-
βοῶν	bow=n	βοάω	boa/w	v-sppamv-
βοῶν	bow=n	βοάω	boa/w	v-sppann-
βοῶν	bow=n	βοάω	boa/w	v-sppanv-
βοῶν	bow=n	βοάω	boa/w	v-sppana-
βοῶν	bow=n	βοάω	boa/w	v-sppamn-
βοῶν	bow=n	βοάω	boa/w	v-sppamn-
βοῶν	bow=n	βοή	boh/	n-p---fg-
βοῶν	bow=n	βοόω	boo/w	v-sppamv-
βοῶν	bow=n	βοόω	boo/w	v-sppann-
βοῶν	bow=n	βοόω	boo/w	v-sppanv-
βοῶν	bow=n	βοόω	boo/w	v-sppana-
βοῶν	bow=n	βοόω	boo/w	v-sppamn-
βοῶν	bow=n	βοόω	boo/w	v--pna---
βοῶν	bow=n	βοῦς	bou=s	n-p---mg-
βοῶν	bow=n	βοῦς	bou=s	n-p---fg-
βοῶντος	bow=ntos	βοάω	boa/w	v-sppamg-
βοῶντος	bow=ntos	βοάω	boa/w	v-sppang-
βοῶντος	bow=ntos	βοόω	boo/w	v-sppamg-
βοῶντος	bow=ntos	βοόω	boo/w	v-sppang-
βραδεῖς	bradei=s	βραδύς	bradu/s	a-p---mn-
βραχίονι	braxi/oni	βραχίων	braxi/wn	n-s---md-
βραχίονι	braxi/oni	βραχύς	braxu/s	a-s----d-
βραχίονι	braxi/oni	βραχύς	braxu/s	a-s----d-
βραχύ	braxu/	βραχύς	braxu/s	a-s---mv-
βραχύ	braxu/	βραχύς	braxu/s	a-s---nn-
βραχύ	braxu/	βραχύς	braxu/s	a-s---nv-
βραχύ	braxu/	βραχύς	braxu/s	a-s---na-
βρυγμός	brugmo/s	βρυγμός	brugmo/s	n-s---mn-
βρέφη	bre/fh	βρέφος	bre/fos	n-p---nn-
βρέφη	bre/fh	βρέφος	bre/fos	n-p---nv-
βρέφη	bre/fh	βρέφος	bre/fos	n-p---na-
βρέφη	bre/fh	βρέφος	bre/fos	n-d---nn-
βρέφη	bre/fh	βρέφος	bre/fos	n-d---nv-
βρέφη	bre/fh	βρέφος	bre/fos	n-d---na-
βρέφος	bre/fos	βρέφος	bre/fos	n-s---nn-
βρέφος	bre/fos	βρέφος	bre/fos	n-s---nv-
βρέφος	bre/fos	βρέφος	bre/fos	n-s---na-
βρέχειν	bre/xein	βρέχω	bre/xw	v--pna---
βρώματα	brw/mata	βρῶμα	brw=ma	n-p---nn-
βρώματα	brw/mata	βρῶμα	brw=ma	n-p---nv-
βρώματα	brw/mata	βρῶμα	brw=ma	n-p---na-
βρώσιμον	brw/simon	βρώσιμος	brw/simos	n-s---ma-
βρώσιμον	brw/simon	βρώσιμος	brw/simos	n-s---fa-
βρώσιμον	brw/simon	βρώσιμος	brw/simos	n-s---nn-
βρώσιμον	brw/simon	βρώσιμος	brw/simos	n-s---nv-
βρώσιμον	brw/simon	βρώσιμος	brw/simos	n-s---na-
βυθίζεσθαι	buqi/zesqai	βυθίζω	buqi/zw	v--pne---
βάθος	ba/qos	βάθος	ba/qos	n-s---nn-
βάθος	ba/qos	βάθος	ba/qos	n-s---nv-
βάθος	ba/qos	βάθος	ba/qos	n-s---na-
βάλε	ba/le	βάλλω	ba/llw	v2sama---
βάλε	ba/le	βάλλω	ba/llw	v3saia---
βάλλει	ba/llei	βάλλις	ba/llis	n-d---fn-
βάλλει	ba/llei	βάλλις	ba/llis	n-d---fv-
βάλλει	ba/llei	βάλλις	ba/llis	n-d---fa-
βάλλει	ba/llei	βάλλις	ba/llis	n-s---fd-
βάλλει	ba/llei	βάλλις	ba/llis	n-s---fd-
βάλλει	ba/llei	βάλλω	ba/llw	v2spie---
βάλλει	ba/llei	βάλλω	ba/llw	v3spia---
βάλλεται	ba/lletai	βάλλω	ba/llw	v3spie---
βάλλοντας	ba/llontas	βάλλω	ba/llw	v-pppama-
βάλλουσαν	ba/llousan	βάλλω	ba/llw	v-sppafa-
βάλλουσιν	ba/llousin	βάλλω	ba/llw	v-pppamd-
βάλλουσιν	ba/llousin	βάλλω	ba/llw	v-pppand-
βάλλουσιν	ba/llousin	βάλλω	ba/llw	v3ppia---
βάλω	ba/lw	βάλλω	ba/llw	v1sasa---
βάλω	ba/lw	βάλλω	ba/llw	v1sasa---
βάλω	ba/lw	βάλλω	ba/llw	v2saim---
βάπτισμα	ba/ptisma	βάπτισμα	ba/ptisma	n-s---nn-
βάπτισμα	ba/ptisma	βάπτισμα	ba/ptisma	n-s---nv-
βάπτισμα	ba/ptisma	βάπτισμα	ba/ptisma	n-s---na-
βάτου	ba/tou	βάτης	ba/ths	n-s---mg-
βάτου	ba/tou	βάτον	ba/ton	n-s---ng-
βάτου	ba/tou	βάτοσ1	ba/tos1	n-s---fg-
βάτου	ba/tou	βάτοσ2	ba/tos2	n-s---mg-
βάτους	ba/tous	βάτοσ1	ba/tos1	n-p---fa-
βάτους	ba/tous	βάτοσ2	ba/tos2	n-p---ma-
βάψῃ	ba/yh|	βάπτω	ba/ptw	v2sasm---
βάψῃ	ba/yh|	βάπτω	ba/ptw	v3sasa---
βάψῃ	ba/yh|	βάπτω	ba/ptw	v2sfim---
βάψῃ	ba/yh|	βάψις	ba/yis	n-s---fd-
βίβλῳ	bi/blw|	βίβλος	bi/blos	n-s---fd-
βίον	bi/on	βίος	bi/os	n-s---ma-
βίον	bi/on	βιόω	bio/w	v3paia---
βίου	bi/ou	βίος	bi/os	n-s---mg-
βίου	bi/ou	βιόω	bio/w	v2spma---
βίου	bi/ou	βιόω	bio/w	v2siie---
βίου	bi/ou	βιόω	bio/w	v3siia---
βόθυνον	bo/qunon	βόθυνος	bo/qunos	n-s---ma-
βόσκειν	bo/skein	βόσκω	bo/skw	v--pna---
βόσκοντες	bo/skontes	βόσκω	bo/skw	v-pppamn-
βόσκοντες	bo/skontes	βόσκω	bo/skw	v-pppamv-
βύσσον	bu/sson	βύσσος	bu/ssos	n-s---fa-
βύσσον	bu/sson	βύζω	bu/zw	v2sama---
γαζοφυλάκιον	gazofula/kion	γαζοφυλάκιον	gazofula/kion	n-s---nn-
γαζοφυλάκιον	gazofula/kion	γαζοφυλάκιον	gazofula/kion	n-s---nv-
γαζοφυλάκιον	gazofula/kion	γαζοφυλάκιον	gazofula/kion	n-s---na-
γαζοφυλάκιον	gazofula/kion	γαζοφυλακέω	gazofulake/w	v3piia---
γαζοφυλάκιον	gazofula/kion	γαζοφυλακέω	gazofulake/w	v1siia---
γαλήνη	galh/nh	γαλήνη	galh/nh	n-s---fn-
γαλήνη	galh/nh	γαλήνη	galh/nh	n-s---fv-
γαμοῦσιν	gamou=sin	γαμέω	game/w	v-pfpamd-
γαμοῦσιν	gamou=sin	γαμέω	game/w	v-pfpand-
γαμοῦσιν	gamou=sin	γαμέω	game/w	v3pfia---
γαμοῦσιν	gamou=sin	γαμέω	game/w	v-pppamd-
γαμοῦσιν	gamou=sin	γαμέω	game/w	v-pppand-
γαμοῦσιν	gamou=sin	γαμέω	game/w	v3ppia---
γαμίζονται	gami/zontai	γαμίζω	gami/zw	v3ppie---
γαμῶν	gamw=n	γαμέω	game/w	v-sfpamn-
γαμῶν	gamw=n	γαμέω	game/w	v-sppamn-
γαστρί	gastri/	γαστήρ	gasth/r	n-s---fd-
γε	ge	γε	ge	g--------
γεγονέναι	gegone/nai	γίγνομαι	gi/gnomai	v--rna---
γεγονός	gegono/s	γίγνομαι	gi/gnomai	v-srpann-
γεγονός	gegono/s	γίγνομαι	gi/gnomai	v-srpanv-
γεγονός	gegono/s	γίγνομαι	gi/gnomai	v-srpana-
γεγραμμένα	gegramme/na	γράφω	gra/fw	v-prpenn-
γεγραμμένα	gegramme/na	γράφω	gra/fw	v-prpenv-
γεγραμμένα	gegramme/na	γράφω	gra/fw	v-prpena-
γεγραμμένα	gegramme/na	γράφω	gra/fw	v-drpefn-
γεγραμμένα	gegramme/na	γράφω	gra/fw	v-drpefv-
γεγραμμένα	gegramme/na	γράφω	gra/fw	v-drpefa-
γεγραμμένα	gegramme/na	γράφω	gra/fw	v-srpefn-
γεγραμμένα	gegramme/na	γράφω	gra/fw	v-srpefv-
γεγραμμένον	gegramme/non	γράφω	gra/fw	v-srpema-
γεγραμμένον	gegramme/non	γράφω	gra/fw	v-srpenn-
γεγραμμένον	gegramme/non	γράφω	gra/fw	v-srpenv-
γεγραμμένον	gegramme/non	γράφω	gra/fw	v-srpena-
γελάσετε	gela/sete	γελάω	gela/w	v2pasa---
γελάσετε	gela/sete	γελάω	gela/w	v2pfia---
γελῶντες	gelw=ntes	γελάω	gela/w	v-pppamn-
γελῶντες	gelw=ntes	γελάω	gela/w	v-pppamv-
γελῶντες	gelw=ntes	γελάω	gela/w	v-pfpamn-
γελῶντες	gelw=ntes	γελάω	gela/w	v-pfpamv-
γεμισθῇ	gemisqh=|	γεμίζω	gemi/zw	v3sasp---
γενεαί	geneai/	γενεά	genea/	n-p---fn-
γενεαί	geneai/	γενεά	genea/	n-p---fv-
γενεά	genea/	γενεά	genea/	n-d---fn-
γενεά	genea/	γενεά	genea/	n-d---fv-
γενεά	genea/	γενεά	genea/	n-d---fa-
γενεά	genea/	γενεά	genea/	n-s---fn-
γενεά	genea/	γενεά	genea/	n-s---fv-
γενεάν	genea/n	γενεά	genea/	n-s---fa-
γενεάς	genea/s	γενεά	genea/	n-p---fa-
γενεᾶς	genea=s	γενεά	genea/	n-s---fg-
γενεᾷ	genea=|	γενεά	genea/	n-s---fd-
γεννητοῖς	gennhtoi=s	γεννητός	gennhto/s	a-p---md-
γεννητοῖς	gennhtoi=s	γεννητός	gennhto/s	a-p---nd-
γεννήσει	gennh/sei	γέννησις	ge/nnhsis	n-d---fn-
γεννήσει	gennh/sei	γέννησις	ge/nnhsis	n-d---fv-
γεννήσει	gennh/sei	γέννησις	ge/nnhsis	n-d---fa-
γεννήσει	gennh/sei	γέννησις	ge/nnhsis	n-s---fd-
γεννήσει	gennh/sei	γέννησις	ge/nnhsis	n-s---fd-
γεννήσει	gennh/sei	γεννάω	genna/w	v3sasa---
γεννήσει	gennh/sei	γεννάω	genna/w	v2sfim---
γεννήσει	gennh/sei	γεννάω	genna/w	v3sfia---
γεννώμενον	gennw/menon	γεννάω	genna/w	v-sppema-
γεννώμενον	gennw/menon	γεννάω	genna/w	v-sppenn-
γεννώμενον	gennw/menon	γεννάω	genna/w	v-sppenv-
γεννώμενον	gennw/menon	γεννάω	genna/w	v-sppena-
γενομένην	genome/nhn	γίγνομαι	gi/gnomai	v-sapmfa-
γενομένης	genome/nhs	γίγνομαι	gi/gnomai	v-sapmfg-
γενομένων	genome/nwn	γίγνομαι	gi/gnomai	v-papmfg-
γενομένων	genome/nwn	γίγνομαι	gi/gnomai	v-papmmg-
γενομένων	genome/nwn	γίγνομαι	gi/gnomai	v-papmng-
γενέσει	gene/sei	γένεσις	ge/nesis	n-d---fn-
γενέσει	gene/sei	γένεσις	ge/nesis	n-d---fv-
γενέσει	gene/sei	γένεσις	ge/nesis	n-d---fa-
γενέσει	gene/sei	γένεσις	ge/nesis	n-s---fd-
γενέσει	gene/sei	γένεσις	ge/nesis	n-s---fd-
γενέσθαι	gene/sqai	γίγνομαι	gi/gnomai	v--anm---
γενήματος	genh/matos	γένημα	ge/nhma	n-s---ng-
γενήσεται	genh/setai	γίγνομαι	gi/gnomai	v3sfim---
γενόμενα	geno/mena	γίγνομαι	gi/gnomai	v-papmnn-
γενόμενα	geno/mena	γίγνομαι	gi/gnomai	v-papmnv-
γενόμενα	geno/mena	γίγνομαι	gi/gnomai	v-papmna-
γενόμεναι	geno/menai	γίγνομαι	gi/gnomai	v-papmfn-
γενόμεναι	geno/menai	γίγνομαι	gi/gnomai	v-papmfv-
γενόμενοι	geno/menoi	γίγνομαι	gi/gnomai	v-papmmn-
γενόμενοι	geno/menoi	γίγνομαι	gi/gnomai	v-papmmv-
γενόμενον	geno/menon	γίγνομαι	gi/gnomai	v-sapmma-
γενόμενον	geno/menon	γίγνομαι	gi/gnomai	v-sapmnn-
γενόμενον	geno/menon	γίγνομαι	gi/gnomai	v-sapmnv-
γενόμενον	geno/menon	γίγνομαι	gi/gnomai	v-sapmna-
γενόμενος	geno/menos	γίγνομαι	gi/gnomai	v-sapmmn-
γεωργοί	gewrgoi/	γεωργός	gewrgo/s	n-p---mn-
γεωργοί	gewrgoi/	γεωργός	gewrgo/s	n-p---mv-
γεωργοί	gewrgoi/	γεωργός	gewrgo/s	n-p---fn-
γεωργοί	gewrgoi/	γεωργός	gewrgo/s	n-p---fv-
γεωργούς	gewrgou/s	γεωργός	gewrgo/s	n-p---ma-
γεωργούς	gewrgou/s	γεωργός	gewrgo/s	n-p---fa-
γεωργοῖς	gewrgoi=s	γεωργέω	gewrge/w	v2spoa---
γεωργοῖς	gewrgoi=s	γεωργός	gewrgo/s	n-p---md-
γεωργοῖς	gewrgoi=s	γεωργός	gewrgo/s	n-p---fd-
γεωργοῖς	gewrgoi=s	γεωργός	gewrgo/s	n-p---nd-
γείτονας	gei/tonas	γείτων	gei/twn	n-p---ma-
γείτονας	gei/tonas	γείτων	gei/twn	n-p---fa-
γεύσεταί	geu/setai/	γεύω	geu/w	v3sasm---
γεύσεταί	geu/setai/	γεύω	geu/w	v3sfim---
γεύσωνται	geu/swntai	γεύω	geu/w	v3pasm---
γινομένοις	ginome/nois	γίγνομαι	gi/gnomai	v-pppemd-
γινομένοις	ginome/nois	γίγνομαι	gi/gnomai	v-pppend-
γινέσθω	gine/sqw	γίγνομαι	gi/gnomai	v3spme---
γινόμενα	gino/mena	γίγνομαι	gi/gnomai	v-pppenn-
γινόμενα	gino/mena	γίγνομαι	gi/gnomai	v-pppenv-
γινόμενα	gino/mena	γίγνομαι	gi/gnomai	v-pppena-
γινόμενον	gino/menon	γίγνομαι	gi/gnomai	v-sppema-
γινόμενον	gino/menon	γίγνομαι	gi/gnomai	v-sppenn-
γινόμενον	gino/menon	γίγνομαι	gi/gnomai	v-sppenv-
γινόμενον	gino/menon	γίγνομαι	gi/gnomai	v-sppena-
γινώσκει	ginw/skei	γιγνώσκω	gignw/skw	v2spie---
γινώσκει	ginw/skei	γιγνώσκω	gignw/skw	v3spia---
γινώσκεται	ginw/sketai	γιγνώσκω	gignw/skw	v3spie---
γινώσκετε	ginw/skete	γιγνώσκω	gignw/skw	v2ppma---
γινώσκετε	ginw/skete	γιγνώσκω	gignw/skw	v2ppia---
γινώσκετε	ginw/skete	γιγνώσκω	gignw/skw	v2piia---
γινώσκω	ginw/skw	γιγνώσκω	gignw/skw	v1spsa---
γινώσκω	ginw/skw	γιγνώσκω	gignw/skw	v1spia---
γλῶσσα	glw=ssa	γλῶσσα	glw=ssa	n-s---fn-
γλῶσσα	glw=ssa	γλῶσσα	glw=ssa	n-s---fv-
γλῶσσάν	glw=ssa/n	γλῶσσα	glw=ssa	n-s---fa-
γνούς	gnou/s	γιγνώσκω	gignw/skw	v-sapamn-
γνούς	gnou/s	γιγνώσκω	gignw/skw	v-sapamv-
γνωσθήσεται	gnwsqh/setai	γιγνώσκω	gignw/skw	v3sfip---
γνωστοί	gnwstoi/	γνωστός	gnwsto/s	a-p---mn-
γνωστοί	gnwstoi/	γνωστός	gnwsto/s	a-p---mv-
γνωστοῖς	gnwstoi=s	γνωστός	gnwsto/s	a-p---md-
γνωστοῖς	gnwstoi=s	γνωστός	gnwsto/s	a-p---nd-
γνόντες	gno/ntes	γιγνώσκω	gignw/skw	v-papamn-
γνόντες	gno/ntes	γιγνώσκω	gignw/skw	v-papamv-
γνώσεως	gnw/sews	γνῶσις	gnw=sis	n-s---fg-
γνώσομαι	gnw/somai	γιγνώσκω	gignw/skw	v1sfim---
γνῶναι	gnw=nai	γιγνώσκω	gignw/skw	v--ana---
γνῶσιν	gnw=sin	γιγνώσκω	gignw/skw	v3pasa---
γνῶσιν	gnw=sin	γνῶσις	gnw=sis	n-s---fa-
γνῶτε	gnw=te	γιγνώσκω	gignw/skw	v2pama---
γνῶτε	gnw=te	γιγνώσκω	gignw/skw	v2pasa---
γνῶτε	gnw=te	γιγνώσκω	gignw/skw	v2paia---
γονεῖς	gonei=s	γονάω	gona/w	v2spia---
γονεῖς	gonei=s	γονεύς	goneu/s	n-p---ma-
γονεῖς	gonei=s	γονεύς	goneu/s	n-p---mn-
γονεῖς	gonei=s	γονεύς	goneu/s	n-p---mv-
γονέων	gone/wn	γονάω	gona/w	v-sppamn-
γονέων	gone/wn	γονεύς	goneu/s	n-p---mg-
γονέων	gone/wn	γονεύς	goneu/s	n-p---mg-
γονέων	gone/wn	γονή	gonh/	n-p---fg-
γραμματεῖς	grammatei=s	γραμματεύς	grammateu/s	n-p---ma-
γραμματεῖς	grammatei=s	γραμματεύς	grammateu/s	n-p---mn-
γραμματεῖς	grammatei=s	γραμματεύς	grammateu/s	n-p---mv-
γραμματέων	grammate/wn	γραμματεύς	grammateu/s	n-p---mg-
γραμματέων	grammate/wn	γραμματεύς	grammateu/s	n-p---mg-
γραφαῖς	grafai=s	γραφή	grafh/	n-p---fd-
γραφαῖς	grafai=s	γραφής	grafh/s	n-p---md-
γραφάς	grafa/s	γραφή	grafh/	n-p---fa-
γραφάς	grafa/s	γραφής	grafh/s	n-p---ma-
γραφάς	grafa/s	γραφής	grafh/s	n-s---mn-
γραφή	grafh/	γραφή	grafh/	n-s---fn-
γραφή	grafh/	γραφή	grafh/	n-s---fv-
γρηγοροῦντας	grhgorou=ntas	γρηγορέω	grhgore/w	v-pppama-
γράψαι	gra/yai	γράφω	gra/fw	v2samm---
γράψαι	gra/yai	γράφω	gra/fw	v--ana---
γράψαι	gra/yai	γράφω	gra/fw	v3saoa---
γράψον	gra/yon	γράφω	gra/fw	v2sama---
γράψον	gra/yon	γράφω	gra/fw	v-sfpamv-
γράψον	gra/yon	γράφω	gra/fw	v-sfpann-
γράψον	gra/yon	γράφω	gra/fw	v-sfpanv-
γράψον	gra/yon	γράφω	gra/fw	v-sfpana-
γυναικός	gunaiko/s	γυνή	gunh/	n-s---fg-
γυναικῶν	gunaikw=n	γυναικόω	gunaiko/w	v-sppamv-
γυναικῶν	gunaikw=n	γυναικόω	gunaiko/w	v-sppann-
γυναικῶν	gunaikw=n	γυναικόω	gunaiko/w	v-sppanv-
γυναικῶν	gunaikw=n	γυναικόω	gunaiko/w	v-sppana-
γυναικῶν	gunaikw=n	γυναικόω	gunaiko/w	v-sppamn-
γυναικῶν	gunaikw=n	γυναικόω	gunaiko/w	v--pna---
γυναικῶν	gunaikw=n	γυνή	gunh/	n-p---fg-
γυναιξίν	gunaici/n	γυνή	gunh/	n-p---fd-
γυναῖκα	gunai=ka	γυνή	gunh/	n-s---fa-
γυναῖκες	gunai=kes	γυνή	gunh/	n-p---fn-
γυναῖκες	gunai=kes	γυνή	gunh/	n-p---fv-
γυναῖκές	gunai=ke/s	γυνή	gunh/	n-p---fn-
γυναῖκές	gunai=ke/s	γυνή	gunh/	n-p---fv-
γυνή	gunh/	γυνή	gunh/	n-s---fn-
γωνίας	gwni/as	γωνία	gwni/a	n-p---fa-
γωνίας	gwni/as	γωνία	gwni/a	n-s---fg-
γάμους	ga/mous	γάμος	ga/mos	n-p---ma-
γάμων	ga/mwn	γάμος	ga/mos	n-p---mg-
γάρ	ga/r	γάρ	ga/r	g--------
γάρ’	ga/r'	γάρον	ga/ron	n-p---nn-
γάρ’	ga/r'	γάρον	ga/ron	n-p---nv-
γάρ’	ga/r'	γάρον	ga/ron	n-p---na-
γάρ’	ga/r'	γάρος	ga/ros	n-s---mv-
γέγονεν	ge/gonen	γίγνομαι	gi/gnomai	v3sria---
γέγονεν	ge/gonen	γίγνομαι	gi/gnomai	v3plia---
γέγραπται	ge/graptai	γράφω	gra/fw	v3srie---
γέενναν	ge/ennan	γέεννα	ge/enna	n-s---fa-
γέμει	ge/mei	γέμος	ge/mos	n-d---nn-
γέμει	ge/mei	γέμος	ge/mos	n-d---nv-
γέμει	ge/mei	γέμος	ge/mos	n-d---na-
γέμει	ge/mei	γέμος	ge/mos	n-s---nd-
γέμει	ge/mei	γέμος	ge/mos	n-s---nd-
γέμει	ge/mei	γέμω	ge/mw	v2spie---
γέμει	ge/mei	γέμω	ge/mw	v3spia---
γένηται	ge/nhtai	γίγνομαι	gi/gnomai	v3sasm---
γένοιτο	ge/noito	γίγνομαι	gi/gnomai	v3saom---
γένοιτό	ge/noito/	γίγνομαι	gi/gnomai	v3saom---
γήρει	gh/rei	γῆρος	gh=ros	n-d---nn-
γήρει	gh/rei	γῆρος	gh=ros	n-d---nv-
γήρει	gh/rei	γῆρος	gh=ros	n-d---na-
γήρει	gh/rei	γῆρος	gh=ros	n-s---nd-
γήρει	gh/rei	γῆρος	gh=ros	n-s---nd-
γήρει	gh/rei	γηράω	ghra/w	v2spma---
γήρει	gh/rei	γηράω	ghra/w	v3siia---
γίνεσθαι	gi/nesqai	γίγνομαι	gi/gnomai	v--pne---
γίνεσθε	gi/nesqe	γίγνομαι	gi/gnomai	v2ppme---
γίνεσθε	gi/nesqe	γίγνομαι	gi/gnomai	v2ppie---
γίνεσθε	gi/nesqe	γίγνομαι	gi/gnomai	v2piie---
γίνεται	gi/netai	γίγνομαι	gi/gnomai	v3spie---
γόνασιν	go/nasin	γόνυ	go/nu	n-p---nd-
γόνατα	go/nata	γόνυ	go/nu	n-p---na-
γόνατα	go/nata	γόνυ	go/nu	n-p---nn-
γύναι’	gu/nai'	γύναιον	gu/naion	n-p---nn-
γύναι’	gu/nai'	γύναιον	gu/naion	n-p---nv-
γύναι’	gu/nai'	γύναιον	gu/naion	n-p---na-
γύναι’	gu/nai'	γύναιος	gu/naios	a-p---nn-
γύναι’	gu/nai'	γύναιος	gu/naios	a-p---nv-
γύναι’	gu/nai'	γύναιος	gu/naios	a-p---na-
γύναι’	gu/nai'	γύναιος	gu/naios	n-p---nn-
γύναι’	gu/nai'	γύναιος	gu/naios	n-p---nv-
γύναι’	gu/nai'	γύναιος	gu/naios	n-p---na-
γύναι’	gu/nai'	γύναιος	gu/naios	a-s---mv-
γύναι’	gu/nai'	γύναιος	gu/naios	a-p---fn-
γύναι’	gu/nai'	γύναιος	gu/naios	a-p---fv-
γῆ	gh=	Γαῖα	*gai=a	n-s---fn-
γῆ	gh=	Γαῖα	*gai=a	n-s---fv-
γῆ	gh=	γῆ	gh=	n-s---fn-
γῆ	gh=	γῆ	gh=	n-s---fv-
γῆν	gh=n	Γαῖα	*gai=a	n-s---fa-
γῆν	gh=n	γῆ	gh=	n-s---fa-
γῆς	gh=s	Γαῖα	*gai=a	n-s---fg-
γῆς	gh=s	γῆ	gh=	n-s---fg-
γῇ	gh=|	Γαῖα	*gai=a	n-s---fd-
γῇ	gh=|	γῆ	gh=	n-s---fd-
δαιμονισθείς	daimonisqei/s	δαιμονίζομαι	daimoni/zomai	v-sapemn-
δαιμονισθείς	daimonisqei/s	δαιμονίζομαι	daimoni/zomai	v-sapemv-
δαιμονίου	daimoni/ou	δαιμόνιον	daimo/nion	n-s---ng-
δαιμονίου	daimoni/ou	δαιμόνιος	daimo/nios	a-s---mg-
δαιμονίου	daimoni/ou	δαιμόνιος	daimo/nios	a-s---ng-
δαιμονίου	daimoni/ou	δαιμόνιος	daimo/nios	n-s---mg-
δαιμονίου	daimoni/ou	δαιμόνιος	daimo/nios	n-s---fg-
δαιμονίου	daimoni/ou	δαιμόνιος	daimo/nios	n-s---ng-
δαιμονίων	daimoni/wn	δαιμόνιον	daimo/nion	n-p---ng-
δαιμονίων	daimoni/wn	δαιμόνιος	daimo/nios	a-p---fg-
δαιμονίων	daimoni/wn	δαιμόνιος	daimo/nios	a-p---mg-
δαιμονίων	daimoni/wn	δαιμόνιος	daimo/nios	a-p---ng-
δαιμονίων	daimoni/wn	δαιμόνιος	daimo/nios	n-p---mg-
δαιμονίων	daimoni/wn	δαιμόνιος	daimo/nios	n-p---fg-
δαιμονίων	daimoni/wn	δαιμόνιος	daimo/nios	n-p---ng-
δαιμονίων	daimoni/wn	δαιμονάω	daimona/w	v-sppamn-
δαιμονίων	daimoni/wn	δαιμονιάω	daimonia/w	v3piia---
δαιμονίων	daimoni/wn	δαιμονιάω	daimonia/w	v1siia---
δαιμόνια	daimo/nia	δαιμόνιον	daimo/nion	n-p---nn-
δαιμόνια	daimo/nia	δαιμόνιον	daimo/nion	n-p---nv-
δαιμόνια	daimo/nia	δαιμόνιον	daimo/nion	n-p---na-
δαιμόνια	daimo/nia	δαιμόνιος	daimo/nios	a-p---nn-
δαιμόνια	daimo/nia	δαιμόνιος	daimo/nios	a-p---nv-
δαιμόνια	daimo/nia	δαιμόνιος	daimo/nios	a-p---na-
δαιμόνια	daimo/nia	δαιμόνιος	daimo/nios	n-p---nn-
δαιμόνια	daimo/nia	δαιμόνιος	daimo/nios	n-p---nv-
δαιμόνια	daimo/nia	δαιμόνιος	daimo/nios	n-p---na-
δαιμόνιον	daimo/nion	δαιμόνιον	daimo/nion	n-s---nn-
δαιμόνιον	daimo/nion	δαιμόνιον	daimo/nion	n-s---nv-
δαιμόνιον	daimo/nion	δαιμόνιον	daimo/nion	n-s---na-
δαιμόνιον	daimo/nion	δαιμόνιος	daimo/nios	a-s---ma-
δαιμόνιον	daimo/nion	δαιμόνιος	daimo/nios	a-s---nn-
δαιμόνιον	daimo/nion	δαιμόνιος	daimo/nios	a-s---nv-
δαιμόνιον	daimo/nion	δαιμόνιος	daimo/nios	a-s---na-
δαιμόνιον	daimo/nion	δαιμόνιος	daimo/nios	n-s---ma-
δαιμόνιον	daimo/nion	δαιμόνιος	daimo/nios	n-s---fa-
δαιμόνιον	daimo/nion	δαιμόνιος	daimo/nios	n-s---nn-
δαιμόνιον	daimo/nion	δαιμόνιος	daimo/nios	n-s---nv-
δαιμόνιον	daimo/nion	δαιμόνιος	daimo/nios	n-s---na-
δαιμόνιον	daimo/nion	δαιμονάω	daimona/w	v3piia---
δαιμόνιον	daimo/nion	δαιμονάω	daimona/w	v1siia---
δακτύλιον	daktu/lion	δακτύλιον	daktu/lion	n-s---nn-
δακτύλιον	daktu/lion	δακτύλιον	daktu/lion	n-s---nv-
δακτύλιον	daktu/lion	δακτύλιον	daktu/lion	n-s---na-
δακτύλιον	daktu/lion	δακτύλιος	daktu/lios	n-s---ma-
δακτύλου	daktu/lou	δάκτυλος	da/ktulos	n-s---mg-
δακτύλων	daktu/lwn	δάκτυλος	da/ktulos	n-p---mg-
δακτύλων	daktu/lwn	δάκτυλος	da/ktulos	n-p---ng-
δακτύλῳ	daktu/lw|	δάκτυλος	da/ktulos	n-s---md-
δανίζετε	dani/zete	δανείζω	danei/zw	v2ppma---
δανίζετε	dani/zete	δανείζω	danei/zw	v2ppia---
δανίζετε	dani/zete	δανείζω	danei/zw	v2piia---
δανίζετε	dani/zete	δανίζω	dani/zw	v2ppma---
δανίζετε	dani/zete	δανίζω	dani/zw	v2ppia---
δανίζετε	dani/zete	δανίζω	dani/zw	v2piia---
δανίζουσιν	dani/zousin	δανείζω	danei/zw	v-pppamd-
δανίζουσιν	dani/zousin	δανείζω	danei/zw	v-pppand-
δανίζουσιν	dani/zousin	δανείζω	danei/zw	v3ppia---
δανίζουσιν	dani/zousin	δανίζω	dani/zw	v-pppamd-
δανίζουσιν	dani/zousin	δανίζω	dani/zw	v-pppand-
δανίζουσιν	dani/zousin	δανίζω	dani/zw	v3ppia---
δανίσητε	dani/shte	δανείζω	danei/zw	v2pasa---
δανίσητε	dani/shte	δανίζω	dani/zw	v2pasa---
δαπανήσαντος	dapanh/santos	δαπανάω	dapana/w	v-sapamg-
δαπανήσαντος	dapanh/santos	δαπανάω	dapana/w	v-sapang-
δαπάνην	dapa/nhn	δαπάνη	dapa/nh	n-s---fa-
δαπάνην	dapa/nhn	δαπανάω	dapana/w	v3piia---
δαπάνην	dapa/nhn	δαπανάω	dapana/w	v1siia---
δαρήσεται	darh/setai	δέρω	de/rw	v3sfip---
δεδεμένον	dedeme/non	δέω1	de/w1	v-srpema-
δεδεμένον	dedeme/non	δέω1	de/w1	v-srpenn-
δεδεμένον	dedeme/non	δέω1	de/w1	v-srpenv-
δεδεμένον	dedeme/non	δέω1	de/w1	v-srpena-
δεδικαιωμένος	dedikaiwme/nos	δικαιόω	dikaio/w	v-srpemn-
δεδώκει	dedw/kei	δίδωμι	di/dwmi	v3slia---
δεινῶς	deinw=s	δεινός	deino/s	x--------
δεινῶς	deinw=s	δεινόω	deino/w	v2spia---
δειπνήσω	deipnh/sw	δειπνέω	deipne/w	v1sasa---
δειπνήσω	deipnh/sw	δειπνέω	deipne/w	v1sfia---
δειπνήσω	deipnh/sw	δειπνέω	deipne/w	v2saim---
δειπνῆσαι	deipnh=sai	δειπνέω	deipne/w	v--ana---
δεκτόν	dekto/n	δεκτός	dekto/s	a-s---ma-
δεκτόν	dekto/n	δεκτός	dekto/s	a-s---nn-
δεκτόν	dekto/n	δεκτός	dekto/s	a-s---nv-
δεκτόν	dekto/n	δεκτός	dekto/s	a-s---na-
δεκτός	dekto/s	δεκτός	dekto/s	a-s---mn-
δεξιά	decia/	δεξιά	decia/	n-d---fn-
δεξιά	decia/	δεξιά	decia/	n-d---fv-
δεξιά	decia/	δεξιά	decia/	n-d---fa-
δεξιά	decia/	δεξιά	decia/	n-s---fn-
δεξιά	decia/	δεξιά	decia/	n-s---fv-
δεξιά	decia/	δεξιός	decio/s	a-p---nn-
δεξιά	decia/	δεξιός	decio/s	a-p---nv-
δεξιά	decia/	δεξιός	decio/s	a-p---na-
δεξιά	decia/	δεξιός	decio/s	a-d---fn-
δεξιά	decia/	δεξιός	decio/s	a-d---fv-
δεξιά	decia/	δεξιός	decio/s	a-d---fa-
δεξιά	decia/	δεξιός	decio/s	a-s---fn-
δεξιά	decia/	δεξιός	decio/s	a-s---fv-
δεξιόν	decio/n	δεξιός	decio/s	a-s---ma-
δεξιόν	decio/n	δεξιός	decio/s	a-s---nn-
δεξιόν	decio/n	δεξιός	decio/s	a-s---nv-
δεξιόν	decio/n	δεξιός	decio/s	a-s---na-
δεξιῶν	deciw=n	δεξιά	decia/	n-p---fg-
δεξιῶν	deciw=n	δεξιάζω	decia/zw	v-sfpamv-
δεξιῶν	deciw=n	δεξιάζω	decia/zw	v-sfpann-
δεξιῶν	deciw=n	δεξιάζω	decia/zw	v-sfpanv-
δεξιῶν	deciw=n	δεξιάζω	decia/zw	v-sfpana-
δεξιῶν	deciw=n	δεξιάζω	decia/zw	v-sfpamn-
δεξιῶν	deciw=n	δεξιός	decio/s	a-p---fg-
δεξιῶν	deciw=n	δεξιός	decio/s	a-p---mg-
δεξιῶν	deciw=n	δεξιός	decio/s	a-p---ng-
δεξάμενος	deca/menos	δέχομαι	de/xomai	v-sapmmn-
δεξάμενος	deca/menos	δείκνυμι	dei/knumi	v-sapmmn-
δεσμοῦ	desmou=	δεσμέω	desme/w	v2spme---
δεσμοῦ	desmou=	δεσμεύω	desmeu/w	v2spme---
δεσμοῦ	desmou=	δεσμεύω	desmeu/w	v2spme---
δεσμοῦ	desmou=	δεσμεύω	desmeu/w	v2siie---
δεσμοῦ	desmou=	δεσμός	desmo/s	n-s---mg-
δεσμά	desma/	δεσμός	desmo/s	n-p---nn-
δεσμά	desma/	δεσμός	desmo/s	n-p---nv-
δεσμά	desma/	δεσμός	desmo/s	n-p---na-
δευτέρᾳ	deute/ra|	δεύτερος	deu/teros	a-s---fd-
δεήθητε	deh/qhte	δέω2	de/w2	v2paip---
δεήσεις	deh/seis	δέησις	de/hsis	n-p---fn-
δεήσεις	deh/seis	δέησις	de/hsis	n-p---fv-
δεήσεις	deh/seis	δέησις	de/hsis	n-p---fn-
δεήσεις	deh/seis	δέησις	de/hsis	n-p---fa-
δεήσεις	deh/seis	δέω2	de/w2	v2sasa---
δεήσεις	deh/seis	δέω2	de/w2	v2sfia---
δεήσεσιν	deh/sesin	δέησις	de/hsis	n-p---fd-
δείξει	dei/cei	δείξις	dei/cis	n-d---fn-
δείξει	dei/cei	δείξις	dei/cis	n-d---fv-
δείξει	dei/cei	δείξις	dei/cis	n-d---fa-
δείξει	dei/cei	δείξις	dei/cis	n-s---fd-
δείξει	dei/cei	δείξις	dei/cis	n-s---fd-
δείξει	dei/cei	δείκνυμι	dei/knumi	v3sasa---
δείξει	dei/cei	δείκνυμι	dei/knumi	v2sfim---
δείξει	dei/cei	δείκνυμι	dei/knumi	v3sfia---
δείξει	dei/cei	δεῖξις	dei=cis	n-d---fn-
δείξει	dei/cei	δεῖξις	dei=cis	n-d---fv-
δείξει	dei/cei	δεῖξις	dei=cis	n-d---fa-
δείξει	dei/cei	δεῖξις	dei=cis	n-s---fd-
δείξει	dei/cei	δεῖξις	dei=cis	n-s---fd-
δείπνοις	dei/pnois	δεῖπνον	dei=pnon	n-p---nd-
δείπνοις	dei/pnois	δεῖπνος	dei=pnos	n-p---md-
δείπνου	dei/pnou	δεῖπνον	dei=pnon	n-s---ng-
δείπνου	dei/pnou	δεῖπνος	dei=pnos	n-s---mg-
δείραντες	dei/rantes	δέρω	de/rw	v-papamn-
δείραντες	dei/rantes	δέρω	de/rw	v-papamv-
δεόμενοι	deo/menoi	δέομαι	de/omai	v-pppemn-
δεόμενοι	deo/menoi	δέομαι	de/omai	v-pppemv-
δεόμενοι	deo/menoi	δέω1	de/w1	v-pppemn-
δεόμενοι	deo/menoi	δέω1	de/w1	v-pppemv-
δεόμενοι	deo/menoi	δέω2	de/w2	v-pppemn-
δεόμενοι	deo/menoi	δέω2	de/w2	v-pppemv-
δεόμενοι	deo/menoi	δέω2	de/w2	v-pppmmn-
δεόμενοι	deo/menoi	δέω2	de/w2	v-pppmmv-
δεύτερος	deu/teros	δεύτερος	deu/teros	a-s---mn-
δεῖ	dei=	δέομαι	de/omai	v2spie---
δεῖ	dei=	δέω1	de/w1	v2spie---
δεῖ	dei=	δέω1	de/w1	v2spma---
δεῖ	dei=	δέω1	de/w1	v3spia---
δεῖ	dei=	δέω1	de/w1	v3siia---
δεῖ	dei=	δέω2	de/w2	v2spie---
δεῖ	dei=	δέω2	de/w2	v2spma---
δεῖ	dei=	δέω2	de/w2	v3spia---
δεῖ	dei=	δέω2	de/w2	v3siia---
δεῖ	dei=	δεῖ	dei=	v3siia---
δεῖ’	dei='	δέομαι	de/omai	v2spoe---
δεῖ’	dei='	δέομαι	de/omai	v2spie---
δεῖ’	dei='	δέω1	de/w1	v2spie---
δεῖ’	dei='	δέω2	de/w2	v2spie---
δεῖν	dei=n	δέω1	de/w1	v--pna---
δεῖν	dei=n	δέω2	de/w2	v--pna---
δεῖν	dei=n	δεῖ	dei=	v-spp-nn-
δεῖν	dei=n	δεῖ	dei=	v-spp-nv-
δεῖν	dei=n	δεῖ	dei=	v-spp-na-
δεῖν	dei=n	δεῖ	dei=	v--pna---
δεῖξον	dei=con	δείκνυμι	dei/knumi	v2sama---
δεῖξον	dei=con	δείκνυμι	dei/knumi	v-sfpamv-
δεῖξον	dei=con	δείκνυμι	dei/knumi	v-sfpann-
δεῖξον	dei=con	δείκνυμι	dei/knumi	v-sfpanv-
δεῖξον	dei=con	δείκνυμι	dei/knumi	v-sfpana-
δεῖπνον	dei=pnon	δεῖπνον	dei=pnon	n-s---nn-
δεῖπνον	dei=pnon	δεῖπνον	dei=pnon	n-s---nv-
δεῖπνον	dei=pnon	δεῖπνον	dei=pnon	n-s---na-
δεῖπνον	dei=pnon	δεῖπνος	dei=pnos	n-s---ma-
δεῦρο	deu=ro	δεῦρο	deu=ro	d--------
δηνάρια	dhna/ria	δηνάριον	dhna/rion	n-p---nn-
δηνάρια	dhna/ria	δηνάριον	dhna/rion	n-p---nv-
δηνάρια	dhna/ria	δηνάριον	dhna/rion	n-p---na-
δηνάριον	dhna/rion	δηνάριον	dhna/rion	n-s---nn-
δηνάριον	dhna/rion	δηνάριον	dhna/rion	n-s---nv-
δηνάριον	dhna/rion	δηνάριον	dhna/rion	n-s---na-
διαβλέψεις	diable/yeis	διαβλέπω	diable/pw	v2sasa---
διαβόλου	diabo/lou	διάβολος	dia/bolos	n-s---mg-
διαβόλου	diabo/lou	διάβολος	dia/bolos	n-s---fg-
διαβόλου	diabo/lou	διάβολος	dia/bolos	n-s---ng-
διαβῆναι	diabh=nai	διαβαίνω	diabai/nw	v--ana---
διαγρηγορήσαντες	diagrhgorh/santes	διαγρηγορέω	diagrhgore/w	v-papamn-
διαγρηγορήσαντες	diagrhgorh/santes	διαγρηγορέω	diagrhgore/w	v-papamv-
διαδίδωσιν	diadi/dwsin	διαδίδωμι	diadi/dwmi	v3spia---
διαθήκη	diaqh/kh	διαθήκη	diaqh/kh	n-s---fn-
διαθήκη	diaqh/kh	διαθήκη	diaqh/kh	n-s---fv-
διαθήκης	diaqh/khs	διαθήκη	diaqh/kh	n-s---fg-
διακονεῖν	diakonei=n	διακονέω	diakone/w	v--pna---
διακονήσει	diakonh/sei	διακόνησις	diako/nhsis	n-d---fn-
διακονήσει	diakonh/sei	διακόνησις	diako/nhsis	n-d---fv-
διακονήσει	diakonh/sei	διακόνησις	diako/nhsis	n-d---fa-
διακονήσει	diakonh/sei	διακόνησις	diako/nhsis	n-s---fd-
διακονήσει	diakonh/sei	διακόνησις	diako/nhsis	n-s---fd-
διακονήσει	diakonh/sei	διακονέω	diakone/w	v3sasa---
διακονήσει	diakonh/sei	διακονέω	diakone/w	v2sfim---
διακονήσει	diakonh/sei	διακονέω	diakone/w	v3sfia---
διακονίαν	diakoni/an	διακονία	diakoni/a	n-s---fa-
διακονῶν	diakonw=n	διακονέω	diakone/w	v-sppamn-
διακόνει	diako/nei	διακονέω	diakone/w	v2spma---
διακόνει	diako/nei	διακονέω	diakone/w	v3siia---
διαλογιζομένων	dialogizome/nwn	διαλογίζομαι	dialogi/zomai	v-pppefg-
διαλογιζομένων	dialogizome/nwn	διαλογίζομαι	dialogi/zomai	v-pppemg-
διαλογιζομένων	dialogizome/nwn	διαλογίζομαι	dialogi/zomai	v-pppeng-
διαλογιζομένων	dialogizome/nwn	διαλογίζομαι	dialogi/zomai	v-pppefg-
διαλογιζομένων	dialogizome/nwn	διαλογίζομαι	dialogi/zomai	v-pppemg-
διαλογιζομένων	dialogizome/nwn	διαλογίζομαι	dialogi/zomai	v-pppeng-
διαλογισμοί	dialogismoi/	διαλογισμός	dialogismo/s	n-p---mn-
διαλογισμοί	dialogismoi/	διαλογισμός	dialogismo/s	n-p---mv-
διαλογισμούς	dialogismou/s	διαλογισμός	dialogismo/s	n-p---ma-
διαλογισμόν	dialogismo/n	διαλογισμός	dialogismo/s	n-s---ma-
διαλογισμός	dialogismo/s	διαλογισμός	dialogismo/s	n-s---mn-
διαλογίζεσθαι	dialogi/zesqai	διαλογίζομαι	dialogi/zomai	v--pne---
διαλογίζεσθαι	dialogi/zesqai	διαλογίζομαι	dialogi/zomai	v--pne---
διαλογίζεσθε	dialogi/zesqe	διαλογίζομαι	dialogi/zomai	v2ppme---
διαλογίζεσθε	dialogi/zesqe	διαλογίζομαι	dialogi/zomai	v2ppie---
διαλογίζεσθε	dialogi/zesqe	διαλογίζομαι	dialogi/zomai	v2ppme---
διαλογίζεσθε	dialogi/zesqe	διαλογίζομαι	dialogi/zomai	v2ppie---
διαλογίζεσθε	dialogi/zesqe	διαλογίζομαι	dialogi/zomai	v2piie---
διαλογίζεσθε	dialogi/zesqe	διαλογίζομαι	dialogi/zomai	v2piie---
διαμαρτύρηται	diamartu/rhtai	διαμαρτύρομαι	diamartu/romai	v3spse---
διαμαρτύρηται	diamartu/rhtai	διαμαρτύρομαι	diamartu/romai	v3sase---
διαμεμενηκότες	diamemenhko/tes	διαμένω	diame/nw	v-prpamn-
διαμεμενηκότες	diamemenhko/tes	διαμένω	diame/nw	v-prpamv-
διαμεμερισμένοι	diamemerisme/noi	διαμερίζω	diameri/zw	v-prpemn-
διαμεμερισμένοι	diamemerisme/noi	διαμερίζω	diameri/zw	v-prpemv-
διαμεριζόμενοι	diamerizo/menoi	διαμερίζω	diameri/zw	v-pppemn-
διαμεριζόμενοι	diamerizo/menoi	διαμερίζω	diameri/zw	v-pppemv-
διαμεριζόμενοι	diamerizo/menoi	διαμερίζω	diameri/zw	v-pppemn-
διαμεριζόμενοι	diamerizo/menoi	διαμερίζω	diameri/zw	v-pppemv-
διαμερισθεῖσα	diamerisqei=sa	διαμερίζω	diameri/zw	v-sappfn-
διαμερισθεῖσα	diamerisqei=sa	διαμερίζω	diameri/zw	v-sappfv-
διαμερισθεῖσα	diamerisqei=sa	διαμερίζω	diameri/zw	v-sappfn-
διαμερισθεῖσα	diamerisqei=sa	διαμερίζω	diameri/zw	v-sappfv-
διαμερισθήσονται	diamerisqh/sontai	διαμερίζω	diameri/zw	v3pfip---
διαμερισθήσονται	diamerisqh/sontai	διαμερίζω	diameri/zw	v3pfip---
διαμερισμόν	diamerismo/n	διαμερισμός	diamerismo/s	n-s---ma-
διαμερίσατε	diameri/sate	διαμερίζω	diameri/zw	v2pama---
διαμερίσατε	diameri/sate	διαμερίζω	diameri/zw	v2pama---
διαμερίσατε	diameri/sate	διαμερίζω	diameri/zw	v2paia---
διαμερίσατε	diameri/sate	διαμερίζω	diameri/zw	v2paia---
διανεύων	dianeu/wn	διανεύω	dianeu/w	v-sppamn-
διανοήματα	dianoh/mata	διανόημα	diano/hma	n-p---nn-
διανοήματα	dianoh/mata	διανόημα	diano/hma	n-p---nv-
διανοήματα	dianoh/mata	διανόημα	diano/hma	n-p---na-
διανοίᾳ	dianoi/a|	διάνοια	dia/noia	n-s---fd-
διανοῖγον	dianoi=gon	διανοίγω	dianoi/gw	v-sppamv-
διανοῖγον	dianoi=gon	διανοίγω	dianoi/gw	v-sppann-
διανοῖγον	dianoi=gon	διανοίγω	dianoi/gw	v-sppanv-
διανοῖγον	dianoi=gon	διανοίγω	dianoi/gw	v-sppana-
διανυκτερεύων	dianuktereu/wn	διανυκτερεύω	dianuktereu/w	v-sppamn-
διανυκτερεύων	dianuktereu/wn	διανυκτερεύω	dianuktereu/w	v-sppamn-
διαπερῶσιν	diaperw=sin	διαπεράω	diapera/w	v-pppamd-
διαπερῶσιν	diaperw=sin	διαπεράω	diapera/w	v-pppand-
διαπερῶσιν	diaperw=sin	διαπεράω	diapera/w	v3ppsa---
διαπερῶσιν	diaperw=sin	διαπεράω	diapera/w	v3ppia---
διαπερῶσιν	diaperw=sin	διαπεράω	diapera/w	v3ppsa---
διαπερῶσιν	diaperw=sin	διαπεράω	diapera/w	v-pppamd-
διαπερῶσιν	diaperw=sin	διαπεράω	diapera/w	v-pppand-
διαπερῶσιν	diaperw=sin	διαπεράω	diapera/w	v3ppsa---
διαπερῶσιν	diaperw=sin	διαπεράω	diapera/w	v3ppia---
διαπερῶσιν	diaperw=sin	διαπεράω	diapera/w	v3ppsa---
διαπορευομένου	diaporeuome/nou	διαπορεύω	diaporeu/w	v-sppemg-
διαπορευομένου	diaporeuome/nou	διαπορεύω	diaporeu/w	v-sppeng-
διαπορευομένου	diaporeuome/nou	διαπορεύω	diaporeu/w	v-sppemg-
διαπορευομένου	diaporeuome/nou	διαπορεύω	diaporeu/w	v-sppeng-
διαπορεύεσθαι	diaporeu/esqai	διαπορεύω	diaporeu/w	v--pne---
διαπορεύεσθαι	diaporeu/esqai	διαπορεύω	diaporeu/w	v--pne---
διαρρήσσων	diarrh/sswn	διαρρήγνυμι	diarrh/gnumi	v-sppamn-
διαρρήσσων	diarrh/sswn	διαρρήσσω	diarrh/ssw	v-sppamn-
διασείσητε	diasei/shte	διασείω	diasei/w	v2pasa---
διασκορπίζων	diaskorpi/zwn	διασκορπίζω	diaskorpi/zw	v-sppamn-
διασκορπίζων	diaskorpi/zwn	διασκορπίζω	diaskorpi/zw	v-sppamn-
διαστρέφοντα	diastre/fonta	διαστρέφω	diastre/fw	v-pppann-
διαστρέφοντα	diastre/fonta	διαστρέφω	diastre/fw	v-pppanv-
διαστρέφοντα	diastre/fonta	διαστρέφω	diastre/fw	v-pppana-
διαστρέφοντα	diastre/fonta	διαστρέφω	diastre/fw	v-sppama-
διαστάσης	diasta/shs	διάστασις	dia/stasis	n-p---fn-
διαστάσης	diasta/shs	διάστασις	dia/stasis	n-p---fv-
διαστάσης	diasta/shs	διίστημι	dii/sthmi	v-sapafg-
διασώσῃ	diasw/sh|	διασῴζω	diasw/|zw	v2sasm---
διασώσῃ	diasw/sh|	διασῴζω	diasw/|zw	v3sasa---
διασώσῃ	diasw/sh|	διασῴζω	diasw/|zw	v2sfim---
διαταχθέντα	diataxqe/nta	διατάσσω	diata/ssw	v-pappnn-
διαταχθέντα	diataxqe/nta	διατάσσω	diata/ssw	v-pappnv-
διαταχθέντα	diataxqe/nta	διατάσσω	diata/ssw	v-pappna-
διαταχθέντα	diataxqe/nta	διατάσσω	diata/ssw	v-sappma-
διαταχθέντα	diataxqe/nta	διατάσσω	diata/ssw	v-pappnn-
διαταχθέντα	diataxqe/nta	διατάσσω	diata/ssw	v-pappnv-
διαταχθέντα	diataxqe/nta	διατάσσω	diata/ssw	v-pappna-
διαταχθέντα	diataxqe/nta	διατάσσω	diata/ssw	v-sappma-
διατεταγμένον	diatetagme/non	διατάσσω	diata/ssw	v-srpema-
διατεταγμένον	diatetagme/non	διατάσσω	diata/ssw	v-srpenn-
διατεταγμένον	diatetagme/non	διατάσσω	diata/ssw	v-srpenv-
διατεταγμένον	diatetagme/non	διατάσσω	diata/ssw	v-srpena-
διατίθεμαι	diati/qemai	διατίθημι	diati/qhmi	v1spie---
διαφθείρει	diafqei/rei	διαφθείρω	diafqei/rw	v3sasa---
διαφθείρει	diafqei/rei	διαφθείρω	diafqei/rw	v2spie---
διαφθείρει	diafqei/rei	διαφθείρω	diafqei/rw	v3spia---
διαφυλάξαι	diafula/cai	διαφυλάσσω	diafula/ssw	v--ana---
διαφυλάξαι	diafula/cai	διαφυλάσσω	diafula/ssw	v3saoa---
διαφυλάξαι	diafula/cai	διαφυλάσσω	diafula/ssw	v--ana---
διαφυλάξαι	diafula/cai	διαφυλάσσω	diafula/ssw	v3saoa---
διαφέρετε	diafe/rete	διαφέρω	diafe/rw	v2ppma---
διαφέρετε	diafe/rete	διαφέρω	diafe/rw	v2ppia---
διαφέρετε	diafe/rete	διαφέρω	diafe/rw	v2piia---
διαχωρίζεσθαι	diaxwri/zesqai	διαχωρίζω	diaxwri/zw	v--pne---
διαχωρίζεσθαι	diaxwri/zesqai	διαχωρίζω	diaxwri/zw	v--pne---
διδασκάλων	didaska/lwn	διδάσκαλος	dida/skalos	n-p---mg-
διδασκάλων	didaska/lwn	διδάσκαλος	dida/skalos	n-p---fg-
διδαχῇ	didaxh=|	διδαχή	didaxh/	n-s---fd-
διδάξει	dida/cei	δίδαξις	di/dacis	n-d---fn-
διδάξει	dida/cei	δίδαξις	di/dacis	n-d---fv-
διδάξει	dida/cei	δίδαξις	di/dacis	n-d---fa-
διδάξει	dida/cei	δίδαξις	di/dacis	n-s---fd-
διδάξει	dida/cei	δίδαξις	di/dacis	n-s---fd-
διδάξει	dida/cei	διδάσκω	dida/skw	v3sasa---
διδάξει	dida/cei	διδάσκω	dida/skw	v2sfim---
διδάξει	dida/cei	διδάσκω	dida/skw	v3sfia---
διδάσκαλον	dida/skalon	διδάσκαλος	dida/skalos	n-s---ma-
διδάσκαλον	dida/skalon	διδάσκαλος	dida/skalos	n-s---fa-
διδάσκαλος	dida/skalos	διδάσκαλος	dida/skalos	n-s---mn-
διδάσκαλος	dida/skalos	διδάσκαλος	dida/skalos	n-s---fn-
διδάσκειν	dida/skein	διδάσκω	dida/skw	v--pna---
διδάσκεις	dida/skeis	διδάσκω	dida/skw	v2spia---
διδάσκοντος	dida/skontos	διδάσκω	dida/skw	v-sppamg-
διδάσκοντος	dida/skontos	διδάσκω	dida/skw	v-sppang-
διδάσκων	dida/skwn	διδάσκω	dida/skw	v-sppamn-
διδόμενον	dido/menon	δίδωμι	di/dwmi	v-sppema-
διδόμενον	dido/menon	δίδωμι	di/dwmi	v-sppenn-
διδόμενον	dido/menon	δίδωμι	di/dwmi	v-sppenv-
διδόμενον	dido/menon	δίδωμι	di/dwmi	v-sppena-
διδόναι	dido/nai	δίδωμι	di/dwmi	v--pna---
διεβλήθη	dieblh/qh	διαβάλλω	diaba/llw	v3saip---
διεγερθείς	diegerqei/s	διά-ἐγείρω	dia/-e)gei/rw	v-sappmn-
διεγερθείς	diegerqei/s	διά-ἐγείρω	dia/-e)gei/rw	v-sappmv-
διεγόγγυζον	diego/gguzon	διαγογγύζω	diagoggu/zw	v3piia---
διεγόγγυζον	diego/gguzon	διαγογγύζω	diagoggu/zw	v1siia---
διελαλεῖτο	dielalei=to	διαλαλέω	dialale/w	v3siie---
διελεύσεται	dieleu/setai	διέρχομαι	die/rxomai	v3sfim---
διελθών	dielqw/n	διέρχομαι	die/rxomai	v-sapamn-
διελογίζετο	dielogi/zeto	διαλογίζομαι	dialogi/zomai	v3siie---
διελογίζοντο	dielogi/zonto	διαλογίζομαι	dialogi/zomai	v3piie---
διελάλουν	diela/loun	διαλαλέω	dialale/w	v3piia---
διελάλουν	diela/loun	διαλαλέω	dialale/w	v1siia---
διεμερίσθη	diemeri/sqh	διαμερίζω	diameri/zw	v3saip---
διεπορεύετο	dieporeu/eto	διαπορεύω	diaporeu/w	v3siie---
διεπραγματεύσαντο	diepragmateu/santo	διαπραγματεύομαι	diapragmateu/omai	v3paie---
διερμήνευσεν	diermh/neusen	διερμηνεύω	diermhneu/w	v3saia---
διερμήνευσεν	diermh/neusen	διερμηνεύω	diermhneu/w	v3saia---
διερρήσσετο	dierrh/sseto	διαρρήγνυμι	diarrh/gnumi	v3siie---
διεσκόρπισεν	diesko/rpisen	διασκορπίζω	diaskorpi/zw	v3saia---
διεστραμμένη	diestramme/nh	διαστρέφω	diastre/fw	v-srpefn-
διεστραμμένη	diestramme/nh	διαστρέφω	diastre/fw	v-srpefv-
διετήρει	dieth/rei	διατηρέω	diathre/w	v3siia---
διεῖλεν	diei=len	διαιρέω	diaire/w	v3saia---
διεῖλεν	diei=len	διαιρέω	diaire/w	v3saia---
διηγοῦ	dihgou=	διηγέομαι	dihge/omai	v2spme---
διηγοῦ	dihgou=	διηγέομαι	dihge/omai	v2siim---
διηγοῦ	dihgou=	διηγέομαι	dihge/omai	v2spmm---
διηγοῦ	dihgou=	διηγέομαι	dihge/omai	v2siim---
διηγοῦ	dihgou=	διηγέομαι	dihge/omai	v2siie---
διηγοῦ	dihgou=	διηγέομαι	dihge/omai	v2siim---
διηγήσαντο	dihgh/santo	διηγέομαι	dihge/omai	v3paim---
διηγήσαντο	dihgh/santo	διηγέομαι	dihge/omai	v3paim---
διηγήσαντο	dihgh/santo	διηγέομαι	dihge/omai	v3paie---
διηγήσαντο	dihgh/santo	διηγέομαι	dihge/omai	v3paim---
διηκόνει	dihko/nei	διακονέω	diakone/w	v2spma---
διηκόνει	dihko/nei	διακονέω	diakone/w	v3siia---
διηκόνουν	dihko/noun	διακονέω	diakone/w	v3piia---
διηκόνουν	dihko/noun	διακονέω	diakone/w	v1siia---
διηνοίχθησαν	dihnoi/xqhsan	διανοίγω	dianoi/gw	v3paip---
διηπόρει	dihpo/rei	διαπορέω	diapore/w	v3siia---
δικαιοσύνῃ	dikaiosu/nh|	δικαιοσύνη	dikaiosu/nh	n-s---fd-
δικαιοῦντες	dikaiou=ntes	δικαιόω	dikaio/w	v-pppamn-
δικαιοῦντες	dikaiou=ntes	δικαιόω	dikaio/w	v-pppamv-
δικαιώμασιν	dikaiw/masin	δικαίωμα	dikai/wma	n-p---nd-
δικαιῶσαι	dikaiw=sai	δικαιόω	dikaio/w	v--ana---
δικαίοις	dikai/ois	δίκαιος	di/kaios	a-p---md-
δικαίοις	dikai/ois	δίκαιος	di/kaios	a-p---nd-
δικαίοις	dikai/ois	δίκαιος	di/kaios	n-p---md-
δικαίοις	dikai/ois	δίκαιος	di/kaios	n-p---fd-
δικαίοις	dikai/ois	δίκαιος	di/kaios	n-p---nd-
δικαίους	dikai/ous	δίκαιος	di/kaios	a-p---ma-
δικαίους	dikai/ous	δίκαιος	di/kaios	n-p---ma-
δικαίους	dikai/ous	δίκαιος	di/kaios	n-p---fa-
δικαίους	dikai/ous	δικαιόω	dikaio/w	v2siia---
δικαίων	dikai/wn	δίκαιος	di/kaios	a-p---fg-
δικαίων	dikai/wn	δίκαιος	di/kaios	a-p---mg-
δικαίων	dikai/wn	δίκαιος	di/kaios	a-p---ng-
δικαίων	dikai/wn	δίκαιος	di/kaios	n-p---mg-
δικαίων	dikai/wn	δίκαιος	di/kaios	n-p---fg-
δικαίων	dikai/wn	δίκαιος	di/kaios	n-p---ng-
δικαίων	dikai/wn	δικαιόω	dikaio/w	v3piia---
δικαίων	dikai/wn	δικαιόω	dikaio/w	v1siia---
δικαίως	dikai/ws	δίκαιος	di/kaios	x--------
δικαίως	dikai/ws	δίκαιος	di/kaios	a-p---ma-
δικαίως	dikai/ws	δίκαιος	di/kaios	x--------
δικαίως	dikai/ws	δίκαιος	di/kaios	n-p---ma-
δικαίως	dikai/ws	δίκαιος	di/kaios	n-p---fa-
δικαίως	dikai/ws	δικαιόω	dikaio/w	v2siia---
διορυχθῆναι	dioruxqh=nai	διορύσσω	dioru/ssw	v--anp---
διορυχθῆναι	dioruxqh=nai	διορύσσω	dioru/ssw	v--anp---
διχοτομήσει	dixotomh/sei	διχοτόμησις	dixoto/mhsis	n-d---fn-
διχοτομήσει	dixotomh/sei	διχοτόμησις	dixoto/mhsis	n-d---fv-
διχοτομήσει	dixotomh/sei	διχοτόμησις	dixoto/mhsis	n-d---fa-
διχοτομήσει	dixotomh/sei	διχοτόμησις	dixoto/mhsis	n-s---fd-
διχοτομήσει	dixotomh/sei	διχοτόμησις	dixoto/mhsis	n-s---fd-
διχοτομήσει	dixotomh/sei	διχοτομέω	dixotome/w	v3sasa---
διχοτομήσει	dixotomh/sei	διχοτομέω	dixotome/w	v2sfim---
διχοτομήσει	dixotomh/sei	διχοτομέω	dixotome/w	v3sfia---
διϊσχυρίζετο	dii+sxuri/zeto	διισχυρίζομαι	diisxuri/zomai	v3siie---
διϊσχυρίζετο	dii+sxuri/zeto	διισχυρίζομαι	diisxuri/zomai	v3siie---
διϊσχυρίζετο	dii+sxuri/zeto	διισχυρίζομαι	diisxuri/zomai	v3siie---
διά	dia/	διά	dia/	r--------
διάβολος	dia/bolos	διάβολος	dia/bolos	n-s---mn-
διάβολος	dia/bolos	διάβολος	dia/bolos	n-s---fn-
διάγγελλε	dia/ggelle	διαγγέλλω	diagge/llw	v3siia---
διάγγελλε	dia/ggelle	διαγγέλλω	diagge/llw	v2spma---
διάγγελλε	dia/ggelle	διαγγέλλω	diagge/llw	v2sama---
διάγγελλε	dia/ggelle	διαγγέλλω	diagge/llw	v3saia---
διάγγελλε	dia/ggelle	διαγγέλλω	diagge/llw	v3siia---
διάγγελλε	dia/ggelle	διαγγέλλω	diagge/llw	v3saia---
διάδος	dia/dos	διαδίδωμι	diadi/dwmi	v2sama---
διέθετό	die/qeto/	διατίθημι	diati/qhmi	v3saim---
διέλιπεν	die/lipen	διαλείπω	dialei/pw	v3saia---
διέμενεν	die/menen	διαμένω	diame/nw	v3siia---
διέρχεσθαι	die/rxesqai	διέρχομαι	die/rxomai	v--pne---
διέρχεται	die/rxetai	διέρχομαι	die/rxomai	v3spie---
διέστη	die/sth	διίστημι	dii/sthmi	v1slia---
διέστη	die/sth	διίστημι	dii/sthmi	v3saia---
διέταξεν	die/tacen	διατάσσω	diata/ssw	v3saia---
διήγειραν	dih/geiran	διά-ἀγείρω	dia/-a)gei/rw	v3paia---
διήγειραν	dih/geiran	διά-ἐγείρω	dia/-e)gei/rw	v3paia---
διήγησιν	dih/ghsin	διήγησις	dih/ghsis	n-s---fa-
διήνοιγεν	dih/noigen	διανοίγω	dianoi/gw	v3siia---
διήνοιξεν	dih/noicen	διανοίγω	dianoi/gw	v3saia---
διήρχετο	dih/rxeto	διέρχομαι	die/rxomai	v3siie---
διήρχοντο	dih/rxonto	διέρχομαι	die/rxomai	v3piie---
διό	dio/	διό	dio/	c--------
διότι	dio/ti	διότι	dio/ti	c--------
διώδευεν	diw/deuen	διοδεύω	diodeu/w	v3siia---
διώξητε	diw/chte	διώκω	diw/kw	v2pasa---
διώξουσιν	diw/cousin	διώκω	diw/kw	v3pasa---
διώξουσιν	diw/cousin	διώκω	diw/kw	v-pfpamd-
διώξουσιν	diw/cousin	διώκω	diw/kw	v-pfpand-
διώξουσιν	diw/cousin	διώκω	diw/kw	v3pfia---
δοθήσεται	doqh/setai	δίδωμι	di/dwmi	v3sfip---
δοθῆναι	doqh=nai	δίδωμι	di/dwmi	v--anp---
δοκεῖ	dokei=	δοκέω	doke/w	v2spie---
δοκεῖ	dokei=	δοκέω	doke/w	v3spia---
δοκεῖ	dokei=	δοκεύς	dokeu/s	n-s---md-
δοκεῖν	dokei=n	δοκέω	doke/w	v--pna---
δοκεῖτε	dokei=te	δοκέω	doke/w	v2ppma---
δοκεῖτε	dokei=te	δοκέω	doke/w	v2ppoa---
δοκεῖτε	dokei=te	δοκέω	doke/w	v2ppia---
δοκεῖτε	dokei=te	δοκέω	doke/w	v2piia---
δοκιμάζειν	dokima/zein	δοκιμάζω	dokima/zw	v--pna---
δοκιμάσαι	dokima/sai	δοκιμάζω	dokima/zw	v-sfpafd-
δοκιμάσαι	dokima/sai	δοκιμάζω	dokima/zw	v--ana---
δοκιμάσαι	dokima/sai	δοκιμάζω	dokima/zw	v3saoa---
δοκόν	doko/n	δοκόν	doko/n	n-s---nn-
δοκόν	doko/n	δοκόν	doko/n	n-s---nv-
δοκόν	doko/n	δοκόν	doko/n	n-s---na-
δοκόν	doko/n	δοκός	doko/s	n-s---ma-
δοκόν	doko/n	δοκός	doko/s	n-s---fa-
δοξαζόμενος	docazo/menos	δοξάζω	doca/zw	v-sppemn-
δοξάζοντες	doca/zontes	δοξάζω	doca/zw	v-pppamn-
δοξάζοντες	doca/zontes	δοξάζω	doca/zw	v-pppamv-
δοξάζων	doca/zwn	δοξάζω	doca/zw	v-sppamn-
δουλεύειν	douleu/ein	δουλεύω	douleu/w	v--pna---
δουλεύω	douleu/w	δουλεύω	douleu/w	v1spsa---
δουλεύω	douleu/w	δουλεύω	douleu/w	v1spia---
δοχήν	doxh/n	δοχή	doxh/	n-s---fa-
δούλη	dou/lh	δούλη	dou/lh	n-s---fn-
δούλη	dou/lh	δούλη	dou/lh	n-s---fv-
δούλη	dou/lh	δοῦλος	dou=los	n-s---fn-
δούλη	dou/lh	δοῦλος	dou=los	n-s---fv-
δούλη	dou/lh	δοῦλος	dou=los	a-s---fn-
δούλη	dou/lh	δοῦλος	dou=los	a-s---fv-
δούλης	dou/lhs	δούλη	dou/lh	n-s---fg-
δούλης	dou/lhs	δοῦλος	dou=los	n-s---fg-
δούλης	dou/lhs	δοῦλος	dou=los	a-s---fg-
δούλου	dou/lou	δοῦλος	dou=los	a-s---mg-
δούλου	dou/lou	δοῦλος	dou=los	a-s---ng-
δούλου	dou/lou	δοῦλος	dou=los	n-s---mg-
δούλου	dou/lou	δουλόω	doulo/w	v2spma---
δούλου	dou/lou	δουλόω	doulo/w	v3siia---
δούλους	dou/lous	δοῦλος	dou=los	a-p---ma-
δούλους	dou/lous	δοῦλος	dou=los	n-p---ma-
δούλους	dou/lous	δουλόω	doulo/w	v2siia---
δούλῳ	dou/lw|	δοῦλος	dou=los	a-s---md-
δούλῳ	dou/lw|	δοῦλος	dou=los	a-s---nd-
δούλῳ	dou/lw|	δοῦλος	dou=los	n-s---md-
δούς	dou/s	δίδωμι	di/dwmi	v-sapamn-
δούς	dou/s	δίδωμι	di/dwmi	v-sapamv-
δούς	dou/s	δίδωμι	di/dwmi	v-sapamn-
δούς	dou/s	δίδωμι	di/dwmi	v-sapamv-
δοῦλε	dou=le	δοῦλος	dou=los	a-s---mv-
δοῦλε	dou=le	δοῦλος	dou=los	n-s---mv-
δοῦλοι	dou=loi	δοῦλος	dou=los	a-p---mn-
δοῦλοι	dou=loi	δοῦλος	dou=los	a-p---mv-
δοῦλοι	dou=loi	δοῦλος	dou=los	n-p---mn-
δοῦλοι	dou=loi	δοῦλος	dou=los	n-p---mv-
δοῦλον	dou=lon	δοῦλος	dou=los	a-s---ma-
δοῦλον	dou=lon	δοῦλος	dou=los	a-s---nn-
δοῦλον	dou=lon	δοῦλος	dou=los	a-s---nv-
δοῦλον	dou=lon	δοῦλος	dou=los	a-s---na-
δοῦλον	dou=lon	δοῦλος	dou=los	n-s---ma-
δοῦλος	dou=los	δοῦλος	dou=los	a-s---mn-
δοῦλος	dou=los	δοῦλος	dou=los	n-s---mn-
δοῦλόν	dou=lo/n	δοῦλος	dou=los	a-s---ma-
δοῦλόν	dou=lo/n	δοῦλος	dou=los	a-s---nn-
δοῦλόν	dou=lo/n	δοῦλος	dou=los	a-s---nv-
δοῦλόν	dou=lo/n	δοῦλος	dou=los	a-s---na-
δοῦλόν	dou=lo/n	δοῦλος	dou=los	n-s---ma-
δοῦναι	dou=nai	δίδωμι	di/dwmi	v--ana---
δοῦναί	dou=nai/	δίδωμι	di/dwmi	v--ana---
δραμών	dramw/n	τρέχω	tre/xw	v-sapamn-
δραχμάς	draxma/s	δραχμή	draxmh/	n-p---fa-
δραχμήν	draxmh/n	δραχμή	draxmh/	n-s---fa-
δυναμένη	duname/nh	δύναμαι	du/namai	v-sppefn-
δυναμένη	duname/nh	δύναμαι	du/namai	v-sppefv-
δυνατά	dunata/	δυνατός	dunato/s	a-p---nn-
δυνατά	dunata/	δυνατός	dunato/s	a-p---nv-
δυνατά	dunata/	δυνατός	dunato/s	a-p---na-
δυνατά	dunata/	δυνατός	dunato/s	a-d---fn-
δυνατά	dunata/	δυνατός	dunato/s	a-d---fv-
δυνατά	dunata/	δυνατός	dunato/s	a-d---fa-
δυνατά	dunata/	δυνατός	dunato/s	a-s---fn-
δυνατά	dunata/	δυνατός	dunato/s	a-s---fv-
δυνατά	dunata/	δυνατός	dunato/s	n-p---nn-
δυνατά	dunata/	δυνατός	dunato/s	n-p---nv-
δυνατά	dunata/	δυνατός	dunato/s	n-p---na-
δυνατός	dunato/s	δυνατός	dunato/s	a-s---mn-
δυνατός	dunato/s	δυνατός	dunato/s	n-s---mn-
δυνατός	dunato/s	δυνατός	dunato/s	n-s---fn-
δυνάμει	duna/mei	δύναμις	du/namis	n-d---fn-
δυνάμει	duna/mei	δύναμις	du/namis	n-d---fv-
δυνάμει	duna/mei	δύναμις	du/namis	n-d---fa-
δυνάμει	duna/mei	δύναμις	du/namis	n-s---fd-
δυνάμει	duna/mei	δύναμις	du/namis	n-s---fd-
δυνάμεις	duna/meis	δύναμις	du/namis	n-p---fn-
δυνάμεις	duna/meis	δύναμις	du/namis	n-p---fv-
δυνάμεις	duna/meis	δύναμις	du/namis	n-p---fn-
δυνάμεις	duna/meis	δύναμις	du/namis	n-p---fa-
δυνάμενος	duna/menos	δύναμαι	du/namai	v-sppemn-
δυνάμεων	duna/mewn	δύναμις	du/namis	n-p---fg-
δυνάμεως	duna/mews	δύναμις	du/namis	n-s---fg-
δυνάστας	duna/stas	δυνάστης	duna/sths	n-p---ma-
δυνάστας	duna/stas	δυνάστης	duna/sths	n-s---mn-
δυνήσονται	dunh/sontai	δύναμαι	du/namai	v3pfim---
δυσβάστακτα	dusba/stakta	δυσβάστακτος	dusba/staktos	n-p---nn-
δυσβάστακτα	dusba/stakta	δυσβάστακτος	dusba/staktos	n-p---nv-
δυσβάστακτα	dusba/stakta	δυσβάστακτος	dusba/staktos	n-p---na-
δυσκόλως	dusko/lws	δύσκολος	du/skolos	x--------
δυσκόλως	dusko/lws	δύσκολος	du/skolos	n-p---ma-
δυσκόλως	dusko/lws	δύσκολος	du/skolos	n-p---fa-
δυσμῶν	dusmw=n	δυσμή	dusmh/	n-p---fg-
δυσί	dusi/	δύο	du/o	m-p---md-
δυσί	dusi/	δύο	du/o	m-p---fd-
δυσί	dusi/	δύο	du/o	m-p---nd-
δυσίν	dusi/n	δύο	du/o	m-p---md-
δυσίν	dusi/n	δύο	du/o	m-p---fd-
δυσίν	dusi/n	δύο	du/o	m-p---nd-
δωμάτων	dwma/twn	δῶμα	dw=ma	n-p---ng-
δωμάτων	dwma/twn	δωμάω	dwma/w	v3ppma---
δωμάτων	dwma/twn	δωμάω	dwma/w	v3dpma---
δωμάτων	dwma/twn	δωματόω	dwmato/w	v3piia---
δωμάτων	dwma/twn	δωματόω	dwmato/w	v1siia---
δάκρυσιν	da/krusin	δάκρυον	da/kruon	n-p---nd-
δέ	de/	δέ	de/	g--------
δέ’	de/'	δέομαι	de/omai	v2spme---
δέ’	de/'	δέομαι	de/omai	v2spie---
δέ’	de/'	δέομαι	de/omai	v2spie---
δέ’	de/'	δέομαι	de/omai	v2siie---
δέ’	de/'	δέω1	de/w1	v2spma---
δέ’	de/'	δέω1	de/w1	v2spie---
δέ’	de/'	δέω1	de/w1	v3siia---
δέ’	de/'	δέω2	de/w2	v2spma---
δέ’	de/'	δέω2	de/w2	v2spie---
δέ’	de/'	δέω2	de/w2	v3siia---
δέ’	de/'	δεῖ	dei=	v2spma---
δέ’	de/'	δεῖ	dei=	v3siia---
δέ’	de/'	δεῖ	dei=	v3siia---
δέδοται	de/dotai	δίδωμι	di/dwmi	v3srie---
δέδωκα	de/dwka	δίδωμι	di/dwmi	v1sria---
δέησίς	de/hsi/s	δέησις	de/hsis	n-s---fn-
δέκα	de/ka	δέκα	de/ka	m--------
δέκα	de/ka	δεκάω	deka/w	v2spma---
δέκα	de/ka	δεκάω	deka/w	v3siia---
δένδρα	de/ndra	δένδρον	de/ndron	n-p---nn-
δένδρα	de/ndra	δένδρον	de/ndron	n-p---nv-
δένδρα	de/ndra	δένδρον	de/ndron	n-p---na-
δένδρα	de/ndra	δένδρον	de/ndron	n-p---nn-
δένδρα	de/ndra	δένδρον	de/ndron	n-p---na-
δένδρα	de/ndra	δένδρον	de/ndron	n-p---nn-
δένδρα	de/ndra	δένδρον	de/ndron	n-p---nv-
δένδρα	de/ndra	δένδρον	de/ndron	n-p---na-
δένδρον	de/ndron	δένδρον	de/ndron	n-s---nn-
δένδρον	de/ndron	δένδρον	de/ndron	n-s---nv-
δένδρον	de/ndron	δένδρον	de/ndron	n-s---na-
δένδρων	de/ndrwn	δένδρον	de/ndron	n-p---ng-
δένδρων	de/ndrwn	δενδρόω	dendro/w	v3piia---
δένδρων	de/ndrwn	δενδρόω	dendro/w	v1siia---
δέξηται	de/chtai	δέχομαι	de/xomai	v3sasm---
δέξηται	de/chtai	δείκνυμι	dei/knumi	v3sasm---
δέξωνται	de/cwntai	δέχομαι	de/xomai	v3pasm---
δέξωνται	de/cwntai	δείκνυμι	dei/knumi	v3pasm---
δέξωνταί	de/cwntai/	δέχομαι	de/xomai	v3pasm---
δέξωνταί	de/cwntai/	δείκνυμι	dei/knumi	v3pasm---
δέομαί	de/omai/	δέομαι	de/omai	v1spie---
δέομαί	de/omai/	δέω1	de/w1	v1spie---
δέομαί	de/omai/	δέω2	de/w2	v1spie---
δέροντες	de/rontes	δέρω	de/rw	v-pppamn-
δέροντες	de/rontes	δέρω	de/rw	v-pppamv-
δέσποτα	de/spota	δεσπότης	despo/ths	n-s---mv-
δέχεται	de/xetai	δέχομαι	de/xomai	v3spie---
δέχονται	de/xontai	δέχομαι	de/xomai	v3ppie---
δέχωνται	de/xwntai	δέχομαι	de/xomai	v3ppse---
δή	dh/	δή	dh/	g--------
δίδαξον	di/dacon	διδάσκω	dida/skw	v2sama---
δίδοτε	di/dote	δίδωμι	di/dwmi	v2ppma---
δίδοτε	di/dote	δίδωμι	di/dwmi	v2ppia---
δίδοτε	di/dote	δίδωμι	di/dwmi	v2piia---
δίδου	di/dou	δίδημι	di/dhmi	v2spme---
δίδου	di/dou	δίδωμι	di/dwmi	v2spma---
δίδου	di/dou	δίδωμι	di/dwmi	v3siia---
δίδου	di/dou	δίδωμι	di/dwmi	v3siia---
δίδωμι	di/dwmi	δίδωμι	di/dwmi	v1spia---
δίκαιοι	di/kaioi	δίκαιος	di/kaios	a-p---mn-
δίκαιοι	di/kaioi	δίκαιος	di/kaios	a-p---mv-
δίκαιοι	di/kaioi	δίκαιος	di/kaios	n-p---mn-
δίκαιοι	di/kaioi	δίκαιος	di/kaios	n-p---mv-
δίκαιοι	di/kaioi	δίκαιος	di/kaios	n-p---fn-
δίκαιοι	di/kaioi	δίκαιος	di/kaios	n-p---fv-
δίκαιον	di/kaion	δίκαιος	di/kaios	a-s---ma-
δίκαιον	di/kaion	δίκαιος	di/kaios	a-s---nn-
δίκαιον	di/kaion	δίκαιος	di/kaios	a-s---nv-
δίκαιον	di/kaion	δίκαιος	di/kaios	a-s---na-
δίκαιον	di/kaion	δίκαιος	di/kaios	n-s---ma-
δίκαιον	di/kaion	δίκαιος	di/kaios	n-s---fa-
δίκαιον	di/kaion	δίκαιος	di/kaios	n-s---nn-
δίκαιον	di/kaion	δίκαιος	di/kaios	n-s---nv-
δίκαιον	di/kaion	δίκαιος	di/kaios	n-s---na-
δίκαιος	di/kaios	δίκαιος	di/kaios	a-s---mn-
δίκαιος	di/kaios	δίκαιος	di/kaios	n-s---mn-
δίκαιος	di/kaios	δίκαιος	di/kaios	n-s---fn-
δίκτυα	di/ktua	δίκτυον	di/ktuon	n-p---nn-
δίκτυα	di/ktua	δίκτυον	di/ktuon	n-p---nv-
δίκτυα	di/ktua	δίκτυον	di/ktuon	n-p---na-
δίκτυα	di/ktua	δίκτυς	di/ktus	n-s---fa-
δίς	di/s	δίς	di/s	d--------
δόγμα	do/gma	δόγμα	do/gma	n-s---nn-
δόγμα	do/gma	δόγμα	do/gma	n-s---nv-
δόγμα	do/gma	δόγμα	do/gma	n-s---na-
δόματα	do/mata	δόμα	do/ma	n-p---nn-
δόματα	do/mata	δόμα	do/ma	n-p---nv-
δόματα	do/mata	δόμα	do/ma	n-p---na-
δόξα	do/ca	δόξα	do/ca	n-d---fn-
δόξα	do/ca	δόξα	do/ca	n-d---fv-
δόξα	do/ca	δόξα	do/ca	n-d---fa-
δόξα	do/ca	δόξα	do/ca	n-s---fn-
δόξα	do/ca	δόξα	do/ca	n-s---fv-
δόξα	do/ca	δοκέω	doke/w	v1saia---
δόξαν	do/can	δόξα	do/ca	n-s---fa-
δόξαν	do/can	δοκέω	doke/w	v-sapann-
δόξαν	do/can	δοκέω	doke/w	v-sapanv-
δόξαν	do/can	δοκέω	doke/w	v-sapana-
δόξαν	do/can	δοκέω	doke/w	v3paia---
δόξης	do/chs	δόξα	do/ca	n-s---fg-
δόξης	do/chs	δόξις	do/cis	n-p---fn-
δόξης	do/chs	δόξις	do/cis	n-p---fv-
δόξῃ	do/ch|	δόξα	do/ca	n-s---fd-
δόξῃ	do/ch|	δόξις	do/cis	n-s---fd-
δόξῃ	do/ch|	δοκέω	doke/w	v2sasm---
δόξῃ	do/ch|	δοκέω	doke/w	v3sasa---
δόξῃ	do/ch|	δοκέω	doke/w	v2sfim---
δός	do/s	δίδωμι	di/dwmi	v2sama---
δότε	do/te	δίδωμι	di/dwmi	v2pama---
δότε	do/te	δίδωμι	di/dwmi	v2paia---
δότε	do/te	δίδωμι	di/dwmi	v2paia---
δύναμαι	du/namai	δύναμαι	du/namai	v1spie---
δύναμιν	du/namin	δύναμις	du/namis	n-s---fa-
δύναμις	du/namis	δύναμις	du/namis	n-s---fn-
δύνανται	du/nantai	δύναμαι	du/namai	v3ppie---
δύνασαι	du/nasai	δύναμαι	du/namai	v2spie---
δύνασαι	du/nasai	δύω2	du/w2	v-papafn-
δύνασαι	du/nasai	δύω2	du/w2	v-papafv-
δύνασαί	du/nasai/	δύναμαι	du/namai	v2spie---
δύνασαί	du/nasai/	δύω2	du/w2	v-papafn-
δύνασαί	du/nasai/	δύω2	du/w2	v-papafv-
δύνασθε	du/nasqe	δύναμαι	du/namai	v2ppme---
δύνασθε	du/nasqe	δύναμαι	du/namai	v2ppie---
δύνασθε	du/nasqe	δύναμαι	du/namai	v2piie---
δύναται	du/natai	δύναμαι	du/namai	v3spie---
δύνωνται	du/nwntai	δύναμαι	du/namai	v3ppse---
δύνωνται	du/nwntai	δύω2	du/w2	v3ppse---
δύνῃ	du/nh|	δύναμαι	du/namai	v2spse---
δύνῃ	du/nh|	δύναμαι	du/namai	v2spie---
δύνῃ	du/nh|	δύω2	du/w2	v3sasa---
δύνῃ	du/nh|	δύω2	du/w2	v2spse---
δύνῃ	du/nh|	δύω2	du/w2	v2spie---
δύνῃ	du/nh|	δύω2	du/w2	v3spsa---
δύο	du/o	δύο	du/o	m--------
δώδεκα	dw/deka	δώδεκα	dw/deka	m--------
δώματος	dw/matos	δῶμα	dw=ma	n-s---ng-
δώσει	dw/sei	δίδωμι	di/dwmi	v2sfim---
δώσει	dw/sei	δίδωμι	di/dwmi	v3sfia---
δώσουσιν	dw/sousin	δίδωμι	di/dwmi	v-pfpamd-
δώσουσιν	dw/sousin	δίδωμι	di/dwmi	v-pfpand-
δώσουσιν	dw/sousin	δίδωμι	di/dwmi	v3pfia---
δώσουσιν	dw/sousin	δώσων	dw/swn	n-p---md-
δώσω	dw/sw	δίδωμι	di/dwmi	v1sfia---
δῶμα	dw=ma	δῶμα	dw=ma	n-s---nn-
δῶμα	dw=ma	δῶμα	dw=ma	n-s---nv-
δῶμα	dw=ma	δῶμα	dw=ma	n-s---na-
δῶρα	dw=ra	δῶρον	dw=ron	n-p---nn-
δῶρα	dw=ra	δῶρον	dw=ron	n-p---nv-
δῶρα	dw=ra	δῶρον	dw=ron	n-p---na-
εἰ	ei)	εἰ	ei)	c--------
εἰδέναι	ei)de/nai	οἶδα	oi)=da	v--rna---
εἰδότες	ei)do/tes	οἶδα	oi)=da	v-prpamn-
εἰδότες	ei)do/tes	οἶδα	oi)=da	v-prpamv-
εἰδώς	ei)dw/s	εἰδοί	ei)doi/	n-p---ma-
εἰδώς	ei)dw/s	οἶδα	oi)=da	v-srpamn-
εἰδώς	ei)dw/s	οἶδα	oi)=da	v-srpamv-
εἰδῆτε	ei)dh=te	οἶδα	oi)=da	v2prsa---
εἰθισμένον	ei)qisme/non	ἐθίζω	e)qi/zw	v-srpema-
εἰθισμένον	ei)qisme/non	ἐθίζω	e)qi/zw	v-srpenn-
εἰθισμένον	ei)qisme/non	ἐθίζω	e)qi/zw	v-srpenv-
εἰθισμένον	ei)qisme/non	ἐθίζω	e)qi/zw	v-srpena-
εἰκόνα	ei)ko/na	εἰκών	ei)kw/n	n-s---fa-
εἰμι	ei)mi	εἰμί	ei)mi/	v1spia---
εἰμί	ei)mi/	εἰμί	ei)mi/	v1spia---
εἰπεῖν	ei)pei=n	εἶπον	ei)=pon	v--ana---
εἰπέ	ei)pe/	εἶπον	ei)=pon	v2sama---
εἰπόν	ei)po/n	εἶπον	ei)=pon	v2sama---
εἰπόν	ei)po/n	εἶπον	ei)=pon	v-sapamv-
εἰπόν	ei)po/n	εἶπον	ei)=pon	v-sapann-
εἰπόν	ei)po/n	εἶπον	ei)=pon	v-sapanv-
εἰπόν	ei)po/n	εἶπον	ei)=pon	v-sapana-
εἰπών	ei)pw/n	εἶπον	ei)=pon	v-sapamn-
εἰρημένον	ei)rhme/non	ἐρῶ	e)rw=	v-srpema-
εἰρημένον	ei)rhme/non	ἐρῶ	e)rw=	v-srpenn-
εἰρημένον	ei)rhme/non	ἐρῶ	e)rw=	v-srpenv-
εἰρημένον	ei)rhme/non	ἐρῶ	e)rw=	v-srpena-
εἰρήκει	ei)rh/kei	ἐρῶ	e)rw=	v3slia---
εἰρήνη	ei)rh/nh	εἰρήνη	ei)rh/nh	n-s---fn-
εἰρήνη	ei)rh/nh	εἰρήνη	ei)rh/nh	n-s---fv-
εἰρήνη	ei)rh/nh	εἰρηνέω	ei)rhne/w	v2spma---
εἰρήνη	ei)rh/nh	εἰρηνέω	ei)rhne/w	v3siia---
εἰρήνη’	ei)rh/nh'	εἰρήνη	ei)rh/nh	n-s---fd-
εἰρήνην	ei)rh/nhn	εἰρήνη	ei)rh/nh	n-s---fa-
εἰρήνης	ei)rh/nhs	εἰρήνη	ei)rh/nh	n-s---fg-
εἰρήνης	ei)rh/nhs	εἰρηνέω	ei)rhne/w	v2siia---
εἰρήνῃ	ei)rh/nh|	εἰρήνη	ei)rh/nh	n-s---fd-
εἰς	ei)s	εἰς	ei)s	r--------
εἰσαγαγεῖν	ei)sagagei=n	εἰσάγω	ei)sa/gw	v--ana---
εἰσελθεῖν	ei)selqei=n	εἰσέρχομαι	ei)se/rxomai	v--ana---
εἰσελθόντα	ei)selqo/nta	εἰσέρχομαι	ei)se/rxomai	v-papann-
εἰσελθόντα	ei)selqo/nta	εἰσέρχομαι	ei)se/rxomai	v-papanv-
εἰσελθόντα	ei)selqo/nta	εἰσέρχομαι	ei)se/rxomai	v-papana-
εἰσελθόντα	ei)selqo/nta	εἰσέρχομαι	ei)se/rxomai	v-sapama-
εἰσελθόντι	ei)selqo/nti	εἰσέρχομαι	ei)se/rxomai	v-sapamd-
εἰσελθόντι	ei)selqo/nti	εἰσέρχομαι	ei)se/rxomai	v-sapand-
εἰσελθόντων	ei)selqo/ntwn	εἰσέρχομαι	ei)se/rxomai	v-papamg-
εἰσελθόντων	ei)selqo/ntwn	εἰσέρχομαι	ei)se/rxomai	v-papang-
εἰσελθόντων	ei)selqo/ntwn	εἰσέρχομαι	ei)se/rxomai	v3pama---
εἰσελθών	ei)selqw/n	εἰσέρχομαι	ei)se/rxomai	v-sapamn-
εἰσενεγκεῖν	ei)senegkei=n	εἰσφέρω	ei)sfe/rw	v--ana---
εἰσενέγκωσιν	ei)sene/gkwsin	εἰσφέρω	ei)sfe/rw	v3pasa---
εἰσενέγκῃς	ei)sene/gkh|s	εἰσφέρω	ei)sfe/rw	v2sasa---
εἰσερχομένου	ei)serxome/nou	εἰσέρχομαι	ei)se/rxomai	v-sppemg-
εἰσερχομένου	ei)serxome/nou	εἰσέρχομαι	ei)se/rxomai	v-sppeng-
εἰσερχομένους	ei)serxome/nous	εἰσέρχομαι	ei)se/rxomai	v-pppema-
εἰσερχέσθωσαν	ei)serxe/sqwsan	εἰσέρχομαι	ei)se/rxomai	v3ppme---
εἰσηκούσθη	ei)shkou/sqh	εἰσακούω	ei)sakou/w	v3saip---
εἰσιν	ei)sin	εἰμί	ei)mi/	v3ppia---
εἰσπορευόμενοι	ei)sporeuo/menoi	εἰσπορεύω	ei)sporeu/w	v-pppemn-
εἰσπορευόμενοι	ei)sporeuo/menoi	εἰσπορεύω	ei)sporeu/w	v-pppemv-
εἰσπορευόμενοι	ei)sporeuo/menoi	εἰσπορεύω	ei)sporeu/w	v-pppemn-
εἰσπορευόμενοι	ei)sporeuo/menoi	εἰσπορεύω	ei)sporeu/w	v-pppemv-
εἰσπορεύεται	ei)sporeu/etai	εἰσπορεύω	ei)sporeu/w	v3spie---
εἰσπορεύεται	ei)sporeu/etai	εἰσπορεύω	ei)sporeu/w	v3spie---
εἰσφέρωσιν	ei)sfe/rwsin	εἰσφέρω	ei)sfe/rw	v3ppsa---
εἰσάγαγε	ei)sa/gage	εἰσάγω	ei)sa/gw	v2sama---
εἰσάγαγε	ei)sa/gage	εἰσάγω	ei)sa/gw	v3saia---
εἰσάγαγε	ei)sa/gage	εἰσάγω	ei)sa/gw	v3saia---
εἰσέλθητε	ei)se/lqhte	εἰσέρχομαι	ei)se/rxomai	v2pasa---
εἰσέλθητε	ei)se/lqhte	εἰσέρχομαι	ei)se/rxomai	v2pasa---
εἰσέλθῃ	ei)se/lqh|	εἰσέρχομαι	ei)se/rxomai	v2sasm---
εἰσέλθῃ	ei)se/lqh|	εἰσέρχομαι	ei)se/rxomai	v3sasa---
εἰσέλθῃ	ei)se/lqh|	εἰσέρχομαι	ei)se/rxomai	v3sasa---
εἰσέλθῃς	ei)se/lqh|s	εἰσέρχομαι	ei)se/rxomai	v2sasa---
εἰσέλθῃς	ei)se/lqh|s	εἰσέρχομαι	ei)se/rxomai	v2sasa---
εἰσέρχησθε	ei)se/rxhsqe	εἰσέρχομαι	ei)se/rxomai	v2ppse---
εἰσήγαγον	ei)sh/gagon	εἰσάγω	ei)sa/gw	v3paia---
εἰσήγαγον	ei)sh/gagon	εἰσάγω	ei)sa/gw	v1saia---
εἰσήλθατε	ei)sh/lqate	εἰσέρχομαι	ei)se/rxomai	v2paia---
εἰσίν	ei)si/n	εἰμί	ei)mi/	v3ppia---
εἰσῆλθεν	ei)sh=lqen	εἰσέρχομαι	ei)se/rxomai	v3saia---
εἰσῆλθεν	ei)sh=lqen	εἰσέρχομαι	ei)se/rxomai	v3saia---
εἰσῆλθον	ei)sh=lqon	εἰσέρχομαι	ei)se/rxomai	v3paia---
εἰσῆλθον	ei)sh=lqon	εἰσέρχομαι	ei)se/rxomai	v1saia---
εἰσῆλθόν	ei)sh=lqo/n	εἰσέρχομαι	ei)se/rxomai	v3paia---
εἰσῆλθόν	ei)sh=lqo/n	εἰσέρχομαι	ei)se/rxomai	v1saia---
εἰωθός	ei)wqo/s	ἔθω	e)/qw	v-srpann-
εἰωθός	ei)wqo/s	ἔθω	e)/qw	v-srpanv-
εἰωθός	ei)wqo/s	ἔθω	e)/qw	v-srpana-
εἱστήκει	ei(sth/kei	ἵστημι	i(/sthmi	v3slia---
εἱστήκεισαν	ei(sth/keisan	ἵστημι	i(/sthmi	v3plia---
εἴ	ei)/	εἰ	ei)	c--------
εἴα	ei)/a	ἐάω	e)a/w	v3siia---
εἴα	ei)/a	ἐάω	e)a/w	v2spma---
εἴα	ei)/a	ἐάω	e)a/w	v3siia---
εἴα	ei)/a	ἐάω	e)a/w	v3siia---
εἴδει	ei)/dei	εἴδομαι	ei)/domai	v2spim---
εἴδει	ei)/dei	εἶδος	ei)=dos	n-d---nn-
εἴδει	ei)/dei	εἶδος	ei)=dos	n-d---nv-
εἴδει	ei)/dei	εἶδος	ei)=dos	n-d---na-
εἴδει	ei)/dei	εἶδος	ei)=dos	n-s---nd-
εἴδει	ei)/dei	εἶδος	ei)=dos	n-s---nd-
εἴδετε	ei)/dete	εἶδον	ei)=don	v2paia---
εἴδετε	ei)/dete	οἶδα	oi)=da	v2prsa---
εἴδομέν	ei)/dome/n	εἶδον	ei)=don	v1paia---
εἴδομέν	ei)/dome/n	οἶδα	oi)=da	v1prsa---
εἴη	ei)/h	ἐάω	e)a/w	v3siia---
εἴη	ei)/h	ἐάω	e)a/w	v2spma---
εἴη	ei)/h	ἐάω	e)a/w	v3siia---
εἴη	ei)/h	ἐάω	e)a/w	v3siia---
εἴη	ei)/h	εἰμί	ei)mi/	v3spoa---
εἴκοσι	ei)/kosi	εἴκοσι	ei)/kosi	m--------
εἴπατε	ei)/pate	εἶπον	ei)=pon	v2pama---
εἴπατε	ei)/pate	εἶπον	ei)=pon	v2paia---
εἴπατε	ei)/pate	εἶπον	ei)=pon	v2paia---
εἴπατέ	ei)/pate/	εἶπον	ei)=pon	v2pama---
εἴπατέ	ei)/pate/	εἶπον	ei)=pon	v2paia---
εἴπατέ	ei)/pate/	εἶπον	ei)=pon	v2paia---
εἴπητε	ei)/phte	εἶπον	ei)=pon	v2pasa---
εἴπητε	ei)/phte	εἶπον	ei)=pon	v2pasa---
εἴπω	ei)/pw	εἶπον	ei)=pon	v2saim---
εἴπω	ei)/pw	εἶπον	ei)=pon	v1sasa---
εἴπω	ei)/pw	εἶπον	ei)=pon	v1sasa---
εἴπω	ei)/pw	εἶπον	ei)=pon	v2saim---
εἴπω	ei)/pw	εἶπος	ei)=pos	n-d---mn-
εἴπω	ei)/pw	εἶπος	ei)=pos	n-d---mv-
εἴπω	ei)/pw	εἶπος	ei)=pos	n-d---ma-
εἴπω	ei)/pw	εἶπος	ei)=pos	n-s---mg-
εἴπωμεν	ei)/pwmen	εἶπον	ei)=pon	v1pasa---
εἴπωμεν	ei)/pwmen	εἶπον	ei)=pon	v1pasa---
εἴπωσιν	ei)/pwsin	εἶπον	ei)=pon	v3pasa---
εἴπωσιν	ei)/pwsin	εἶπον	ei)=pon	v3pasa---
εἴπῃ	ei)/ph|	εἶπον	ei)=pon	v2sasm---
εἴπῃ	ei)/ph|	εἶπον	ei)=pon	v3sasa---
εἴπῃ	ei)/ph|	εἶπον	ei)=pon	v2sase---
εἴπῃ	ei)/ph|	εἶπον	ei)=pon	v3sasa---
εἴς	ei)/s	εἰς	ei)s	r--------
εἵνεκεν	ei(/neken	ἕνεκα	e(/neka	r--------
εἶ	ei)=	εἰ	ei)	c--------
εἶ	ei)=	εἶμι	ei)=mi	v2spia---
εἶ	ei)=	εἰμί	ei)mi/	v2spia---
εἶδεν	ei)=den	εἶδον	ei)=don	v3saia---
εἶδον	ei)=don	εἶδον	ei)=don	v3paia---
εἶδον	ei)=don	εἶδον	ei)=don	v1saia---
εἶδος	ei)=dos	εἶδος	ei)=dos	n-s---nn-
εἶδος	ei)=dos	εἶδος	ei)=dos	n-s---nv-
εἶδος	ei)=dos	εἶδος	ei)=dos	n-s---na-
εἶναι	ei)=nai	εἰμί	ei)mi/	v--pna---
εἶναί	ei)=nai/	εἰμί	ei)mi/	v--pna---
εἶπαν	ei)=pan	εἶπον	ei)=pon	v-sapann-
εἶπαν	ei)=pan	εἶπον	ei)=pon	v-sapanv-
εἶπαν	ei)=pan	εἶπον	ei)=pon	v-sapana-
εἶπαν	ei)=pan	εἶπον	ei)=pon	v3paia---
εἶπαν	ei)=pan	εἶπον	ei)=pon	v3paia---
εἶπας	ei)=pas	εἶπον	ei)=pon	v2saia---
εἶπας	ei)=pas	εἶπον	ei)=pon	v2saia---
εἶπεν	ei)=pen	εἶπον	ei)=pon	v3saia---
εἶπεν	ei)=pen	εἶπον	ei)=pon	v3saia---
εἶπεν	ei)=pen	εἶπον	ei)=pon	v3saia---
εἶπεν	ei)=pen	εἶπον	ei)=pon	v3saia---
εἶπον	ei)=pon	εἶπον	ei)=pon	v2sama---
εἶπον	ei)=pon	εἶπον	ei)=pon	v3paia---
εἶπον	ei)=pon	εἶπον	ei)=pon	v1saia---
εἶπον	ei)=pon	εἶπον	ei)=pon	v3paia---
εἶπον	ei)=pon	εἶπον	ei)=pon	v1saia---
εἶπον	ei)=pon	εἶπος	ei)=pos	n-s---ma-
εἶπέν	ei)=pe/n	εἶπον	ei)=pon	v3saia---
εἶπέν	ei)=pe/n	εἶπον	ei)=pon	v3saia---
εἶπέν	ei)=pe/n	εἶπον	ei)=pon	v3saia---
εἶπέν	ei)=pe/n	εἶπον	ei)=pon	v3saia---
εἶτα	ei)=ta	εἶτα	ei)=ta	d--------
εἶχεν	ei)=xen	ἔχω	e)/xw	v3siia---
εἶχον	ei)=xon	ἔχω	e)/xw	v3piia---
εἶχον	ei)=xon	ἔχω	e)/xw	v1siia---
εἶχέν	ei)=xe/n	ἔχω	e)/xw	v3siia---
εἷς	ei(=s	εἷς	ei(=s	n-s---mn-
εὐαγγελιζομένου	eu)aggelizome/nou	εὐαγγελίζομαι	eu)aggeli/zomai	v-sppemg-
εὐαγγελιζομένου	eu)aggelizome/nou	εὐαγγελίζομαι	eu)aggeli/zomai	v-sppeng-
εὐαγγελιζόμενοι	eu)aggelizo/menoi	εὐαγγελίζομαι	eu)aggeli/zomai	v-pppemn-
εὐαγγελιζόμενοι	eu)aggelizo/menoi	εὐαγγελίζομαι	eu)aggeli/zomai	v-pppemv-
εὐαγγελιζόμενος	eu)aggelizo/menos	εὐαγγελίζομαι	eu)aggeli/zomai	v-sppemn-
εὐαγγελίζεται	eu)aggeli/zetai	εὐαγγελίζομαι	eu)aggeli/zomai	v3spie---
εὐαγγελίζομαι	eu)aggeli/zomai	εὐαγγελίζομαι	eu)aggeli/zomai	v1spie---
εὐαγγελίζονται	eu)aggeli/zontai	εὐαγγελίζομαι	eu)aggeli/zomai	v3ppie---
εὐαγγελίσασθαι	eu)aggeli/sasqai	εὐαγγελίζομαι	eu)aggeli/zomai	v--ane---
εὐαγγελίσασθαί	eu)aggeli/sasqai/	εὐαγγελίζομαι	eu)aggeli/zomai	v--ane---
εὐγενής	eu)genh/s	εὐγενής	eu)genh/s	n-s---mn-
εὐγενής	eu)genh/s	εὐγενής	eu)genh/s	n-s---fn-
εὐδοκίας	eu)doki/as	εὐδοκία	eu)doki/a	n-p---fa-
εὐδοκίας	eu)doki/as	εὐδοκία	eu)doki/a	n-s---fg-
εὐδόκησα	eu)do/khsa	εὐδοκέω	eu)doke/w	v1saia---
εὐδόκησεν	eu)do/khsen	εὐδοκέω	eu)doke/w	v3saia---
εὐεργέται	eu)erge/tai	εὐεργέτης	eu)erge/ths	n-p---mn-
εὐεργέται	eu)erge/tai	εὐεργέτης	eu)erge/ths	n-p---mv-
εὐεργέται	eu)erge/tai	εὐεργέτης	eu)erge/ths	n-s---md-
εὐηγγελίζετο	eu)hggeli/zeto	εὐαγγελίζομαι	eu)aggeli/zomai	v3siie---
εὐθείας	eu)qei/as	εὐθεῖα	eu)qei=a	n-p---fa-
εὐθείας	eu)qei/as	εὐθεῖα	eu)qei=a	n-s---fg-
εὐθείας	eu)qei/as	εὐθύσ1	eu)qu/s1	a-p---fa-
εὐθείας	eu)qei/as	εὐθύσ1	eu)qu/s1	a-s---fg-
εὐθέως	eu)qe/ws	εὐθέως	eu)qe/ws	d--------
εὐθέως	eu)qe/ws	εὐθής	eu)qh/s	x--------
εὐθέως	eu)qe/ws	εὐθύσ1	eu)qu/s1	x--------
εὐθέως	eu)qe/ws	εὐθύσ2	eu)qu/s2	d--------
εὐκαιρίαν	eu)kairi/an	εὐκαιρία	eu)kairi/a	n-s---fa-
εὐκοπώτερον	eu)kopw/teron	εὔκοπος	eu)/kopos	n-s---ma-
εὐκοπώτερον	eu)kopw/teron	εὔκοπος	eu)/kopos	n-s---nn-
εὐκοπώτερον	eu)kopw/teron	εὔκοπος	eu)/kopos	n-s---nv-
εὐκοπώτερον	eu)kopw/teron	εὔκοπος	eu)/kopos	n-s---na-
εὐκοπώτερον	eu)kopw/teron	εὔκοπος	eu)/kopos	x--------
εὐλαβής	eu)labh/s	εὐλαβής	eu)labh/s	n-s---mn-
εὐλαβής	eu)labh/s	εὐλαβής	eu)labh/s	n-s---fn-
εὐλογεῖν	eu)logei=n	εὐλογέω	eu)loge/w	v--pna---
εὐλογεῖτε	eu)logei=te	εὐλογέω	eu)loge/w	v2piia---
εὐλογεῖτε	eu)logei=te	εὐλογέω	eu)loge/w	v2ppma---
εὐλογεῖτε	eu)logei=te	εὐλογέω	eu)loge/w	v2ppoa---
εὐλογεῖτε	eu)logei=te	εὐλογέω	eu)loge/w	v2ppia---
εὐλογεῖτε	eu)logei=te	εὐλογέω	eu)loge/w	v2piia---
εὐλογοῦντες	eu)logou=ntes	εὐλογέω	eu)loge/w	v-pppamn-
εὐλογοῦντες	eu)logou=ntes	εὐλογέω	eu)loge/w	v-pppamv-
εὐλογῶν	eu)logw=n	εὐλογέω	eu)loge/w	v-sppamn-
εὐλόγησεν	eu)lo/ghsen	εὐλογέω	eu)loge/w	v3saia---
εὐλόγησεν	eu)lo/ghsen	εὐλογέω	eu)loge/w	v3saia---
εὐτόνως	eu)to/nws	εὔτονος	eu)/tonos	x--------
εὐτόνως	eu)to/nws	εὔτονος	eu)/tonos	n-p---ma-
εὐτόνως	eu)to/nws	εὔτονος	eu)/tonos	n-p---fa-
εὐτόνως	eu)to/nws	εὐτονόω	eu)tono/w	v2siia---
εὐφραινόμενος	eu)fraino/menos	εὐφραίνω	eu)frai/nw	v-sppemn-
εὐφρανθῆναι	eu)franqh=nai	εὐφραίνω	eu)frai/nw	v--anp---
εὐφρανθῶ	eu)franqw=	εὐφραίνω	eu)frai/nw	v1sasp---
εὐφρανθῶμεν	eu)franqw=men	εὐφραίνω	eu)frai/nw	v1pasp---
εὐφραίνεσθαι	eu)frai/nesqai	εὐφραίνω	eu)frai/nw	v--pne---
εὐφραίνου	eu)frai/nou	εὐφραίνω	eu)frai/nw	v2spme---
εὐφραίνου	eu)frai/nou	εὐφραίνω	eu)frai/nw	v2siie---
εὐφραίνου	eu)frai/nou	εὐφραίνω	eu)frai/nw	v2siie---
εὐφόρησεν	eu)fo/rhsen	εὐφορέω	eu)fore/w	v3saia---
εὐχαριστήσας	eu)xaristh/sas	εὐχαριστέω	eu)xariste/w	v-sapamn-
εὐχαριστήσας	eu)xaristh/sas	εὐχαριστέω	eu)xariste/w	v-sapamv-
εὐχαριστῶ	eu)xaristw=	εὐχαριστέω	eu)xariste/w	v1spsa---
εὐχαριστῶ	eu)xaristw=	εὐχαριστέω	eu)xariste/w	v1spia---
εὐχαριστῶν	eu)xaristw=n	εὐχαριστέω	eu)xariste/w	v-sppamn-
εὑροῦσα	eu(rou=sa	εὑρίσκω	eu(ri/skw	v-sapafn-
εὑροῦσα	eu(rou=sa	εὑρίσκω	eu(ri/skw	v-sapafv-
εὑροῦσαι	eu(rou=sai	εὑρίσκω	eu(ri/skw	v-papafn-
εὑροῦσαι	eu(rou=sai	εὑρίσκω	eu(ri/skw	v-papafv-
εὑρέθη	eu(re/qh	εὑρίσκω	eu(ri/skw	v3saip---
εὑρέθησαν	eu(re/qhsan	εὑρίσκω	eu(ri/skw	v3paip---
εὑρήσει	eu(rh/sei	εὕρησις	eu(/rhsis	n-d---fn-
εὑρήσει	eu(rh/sei	εὕρησις	eu(/rhsis	n-d---fv-
εὑρήσει	eu(rh/sei	εὕρησις	eu(/rhsis	n-d---fa-
εὑρήσει	eu(rh/sei	εὕρησις	eu(/rhsis	n-s---fd-
εὑρήσει	eu(rh/sei	εὕρησις	eu(/rhsis	n-s---fd-
εὑρήσει	eu(rh/sei	εὑρίσκω	eu(ri/skw	v2sfim---
εὑρήσει	eu(rh/sei	εὑρίσκω	eu(ri/skw	v3sfia---
εὑρήσετε	eu(rh/sete	εὑρίσκω	eu(ri/skw	v2pfia---
εὑρίσκει	eu(ri/skei	εὑρίσκω	eu(ri/skw	v2spie---
εὑρίσκει	eu(ri/skei	εὑρίσκω	eu(ri/skw	v3spia---
εὑρίσκον	eu(ri/skon	εὑρίσκω	eu(ri/skw	v-sppamv-
εὑρίσκον	eu(ri/skon	εὑρίσκω	eu(ri/skw	v-sppann-
εὑρίσκον	eu(ri/skon	εὑρίσκω	eu(ri/skw	v-sppanv-
εὑρίσκον	eu(ri/skon	εὑρίσκω	eu(ri/skw	v-sppana-
εὑρίσκω	eu(ri/skw	εὑρίσκω	eu(ri/skw	v1spsa---
εὑρίσκω	eu(ri/skw	εὑρίσκω	eu(ri/skw	v1spia---
εὑρόντες	eu(ro/ntes	εὑρίσκω	eu(ri/skw	v-papamn-
εὑρόντες	eu(ro/ntes	εὑρίσκω	eu(ri/skw	v-papamv-
εὑρών	eu(rw/n	εὑρίσκω	eu(ri/skw	v-sapamn-
εὔθετόν	eu)/qeto/n	εὔθετος	eu)/qetos	n-s---ma-
εὔθετόν	eu)/qeto/n	εὔθετος	eu)/qetos	n-s---fa-
εὔθετόν	eu)/qeto/n	εὔθετος	eu)/qetos	n-s---nn-
εὔθετόν	eu)/qeto/n	εὔθετος	eu)/qetos	n-s---nv-
εὔθετόν	eu)/qeto/n	εὔθετος	eu)/qetos	n-s---na-
εὔθετός	eu)/qeto/s	εὔθετος	eu)/qetos	n-s---mn-
εὔθετός	eu)/qeto/s	εὔθετος	eu)/qetos	n-s---fn-
εὕραμεν	eu(/ramen	εὑρίσκω	eu(ri/skw	v1paia---
εὕραμεν	eu(/ramen	εὑρίσκω	eu(ri/skw	v1paia---
εὕρισκον	eu(/riskon	εὑρίσκω	eu(ri/skw	v3piia---
εὕρισκον	eu(/riskon	εὑρίσκω	eu(ri/skw	v1siia---
εὕρισκον	eu(/riskon	εὑρίσκω	eu(ri/skw	v3piia---
εὕρισκον	eu(/riskon	εὑρίσκω	eu(ri/skw	v1siia---
εὕρωσιν	eu(/rwsin	εὑρίσκω	eu(ri/skw	v3pasa---
εὕρωσιν	eu(/rwsin	εὑρίσκω	eu(ri/skw	v3pasa---
εὕρῃ	eu(/rh|	εὑρίσκω	eu(ri/skw	v2sasm---
εὕρῃ	eu(/rh|	εὑρίσκω	eu(ri/skw	v3sasa---
εὕρῃ	eu(/rh|	εὑρίσκω	eu(ri/skw	v2sase---
εὕρῃ	eu(/rh|	εὑρίσκω	eu(ri/skw	v3sasa---
εὗρεν	eu(=ren	εὑρίσκω	eu(ri/skw	v3saia---
εὗρεν	eu(=ren	εὑρίσκω	eu(ri/skw	v3saia---
εὗρεν	eu(=ren	εὑρίσκω	eu(ri/skw	v3saia---
εὗρεν	eu(=ren	εὑρίσκω	eu(ri/skw	v3saia---
εὗρες	eu(=res	εὑρίσκω	eu(ri/skw	v2saia---
εὗρες	eu(=res	εὑρίσκω	eu(ri/skw	v2saia---
εὗρον	eu(=ron	εὑρίσκω	eu(ri/skw	v2sama---
εὗρον	eu(=ron	εὑρίσκω	eu(ri/skw	v3paia---
εὗρον	eu(=ron	εὑρίσκω	eu(ri/skw	v1saia---
εὗρον	eu(=ron	εὑρίσκω	eu(ri/skw	v3paia---
εὗρον	eu(=ron	εὑρίσκω	eu(ri/skw	v1saia---
ζεῦγος	zeu=gos	ζεῦγος	zeu=gos	n-s---nn-
ζεῦγος	zeu=gos	ζεῦγος	zeu=gos	n-s---nv-
ζεῦγος	zeu=gos	ζεῦγος	zeu=gos	n-s---na-
ζημιωθείς	zhmiwqei/s	ζημιόω	zhmio/w	v-sappmn-
ζημιωθείς	zhmiwqei/s	ζημιόω	zhmio/w	v-sappmv-
ζητεῖ	zhtei=	ζητέω	zhte/w	v2spie---
ζητεῖ	zhtei=	ζητέω	zhte/w	v3spia---
ζητεῖτε	zhtei=te	ζητέω	zhte/w	v2ppma---
ζητεῖτε	zhtei=te	ζητέω	zhte/w	v2ppoa---
ζητεῖτε	zhtei=te	ζητέω	zhte/w	v2ppia---
ζητεῖτε	zhtei=te	ζητέω	zhte/w	v2piia---
ζητηθήσεται	zhthqh/setai	ζητέω	zhte/w	v3sfip---
ζητοῦν	zhtou=n	ζητέω	zhte/w	v-sppamv-
ζητοῦν	zhtou=n	ζητέω	zhte/w	v-sppann-
ζητοῦν	zhtou=n	ζητέω	zhte/w	v-sppanv-
ζητοῦν	zhtou=n	ζητέω	zhte/w	v-sppana-
ζητήσουσιν	zhth/sousin	ζητέω	zhte/w	v3pasa---
ζητήσουσιν	zhth/sousin	ζητέω	zhte/w	v-pfpamd-
ζητήσουσιν	zhth/sousin	ζητέω	zhte/w	v-pfpand-
ζητήσουσιν	zhth/sousin	ζητέω	zhte/w	v3pfia---
ζητήσῃ	zhth/sh|	ζήτησις	zh/thsis	n-s---fd-
ζητήσῃ	zhth/sh|	ζητέω	zhte/w	v2sasm---
ζητήσῃ	zhth/sh|	ζητέω	zhte/w	v3sasa---
ζητήσῃ	zhth/sh|	ζητέω	zhte/w	v2sfim---
ζητῆσαι	zhth=sai	ζητέω	zhte/w	v--ana---
ζητῶν	zhtw=n	ζητέω	zhte/w	v-sppamn-
ζωγρῶν	zwgrw=n	ζωγρέω	zwgre/w	v-sppamn-
ζωή	zwh/	ζωή	zwh/	n-s---fn-
ζωή	zwh/	ζωή	zwh/	n-s---fv-
ζωή	zwh/	ζωός	zwo/s	a-s---fn-
ζωή	zwh/	ζωός	zwo/s	a-s---fv-
ζωήν	zwh/n	ζωή	zwh/	n-s---fa-
ζωήν	zwh/n	ζωός	zwo/s	a-s---fa-
ζωῇ	zwh=|	ζωή	zwh/	n-s---fd-
ζωῇ	zwh=|	ζωός	zwo/s	a-s---fd-
ζήσασα	zh/sasa	ζάω	za/w	v-sapafn-
ζήσασα	zh/sasa	ζάω	za/w	v-sapafv-
ζήσεται	zh/setai	ζάω	za/w	v3sasm---
ζήσεται	zh/setai	ζάω	za/w	v3sfim---
ζήσῃ	zh/sh|	ζάω	za/w	v2sasm---
ζήσῃ	zh/sh|	ζάω	za/w	v3sasa---
ζήσῃ	zh/sh|	ζάω	za/w	v2sfim---
ζήσῃ	zh/sh|	ζῆσις	zh=sis	n-s---fd-
ζύμης	zu/mhs	ζύμη	zu/mh	n-s---fg-
ζύμῃ	zu/mh|	ζύμη	zu/mh	n-s---fd-
ζώντων	zw/ntwn	ζάω	za/w	v-pppamg-
ζώντων	zw/ntwn	ζάω	za/w	v-pppang-
ζώντων	zw/ntwn	ζάω	za/w	v3ppma---
ζῆν	zh=n	ζάω	za/w	v--pna---
ζῆν	zh=n	ζέω	ze/w	v--pna---
ζῳογονήσει	zw|ogonh/sei	ζῳογονέω	zw|ogone/w	v3sasa---
ζῳογονήσει	zw|ogonh/sei	ζῳογονέω	zw|ogone/w	v2sfim---
ζῳογονήσει	zw|ogonh/sei	ζῳογονέω	zw|ogone/w	v3sfia---
ζῶν	zw=n	ζάω	za/w	v-sppamv-
ζῶν	zw=n	ζάω	za/w	v-sppann-
ζῶν	zw=n	ζάω	za/w	v-sppanv-
ζῶν	zw=n	ζάω	za/w	v-sppana-
ζῶν	zw=n	ζάω	za/w	v-sppamn-
ζῶν	zw=n	ζάω	za/w	v3piia---
ζῶν	zw=n	ζάω	za/w	v1siia---
ζῶν	zw=n	ζέω	ze/w	v-sppamn-
ζῶντα	zw=nta	ζάω	za/w	v-pppann-
ζῶντα	zw=nta	ζάω	za/w	v-pppanv-
ζῶντα	zw=nta	ζάω	za/w	v-pppana-
ζῶντα	zw=nta	ζάω	za/w	v-sppama-
ζῶσιν	zw=sin	ζάω	za/w	v-pppamd-
ζῶσιν	zw=sin	ζάω	za/w	v-pppand-
ζῶσιν	zw=sin	ζάω	za/w	v3ppsa---
ζῶσιν	zw=sin	ζάω	za/w	v3ppia---
ζῶσιν	zw=sin	ζέω	ze/w	v3ppsa---
ζῶσιν	zw=sin	ζῶσις	zw=sis	n-s---fa-
ηὐλίζετο	hu)li/zeto	αὐλίζομαι	au)li/zomai	v3siie---
ηὔξανε	hu)/cane	αὐξάνω	au)ca/nw	v3siia---
ηὔξανεν	hu)/canen	αὐξάνω	au)ca/nw	v3siia---
ηὔξησεν	hu)/chsen	αὐξάνω	au)ca/nw	v3saia---
θαλάσσης	qala/sshs	θάλασσα	qa/lassa	n-s---fg-
θαλάσσῃ	qala/ssh|	θάλασσα	qa/lassa	n-s---fd-
θανατώσουσιν	qanatw/sousin	θανατόω	qanato/w	v3pasa---
θανατώσουσιν	qanatw/sousin	θανατόω	qanato/w	v-pfpamd-
θανατώσουσιν	qanatw/sousin	θανατόω	qanato/w	v-pfpand-
θανατώσουσιν	qanatw/sousin	θανατόω	qanato/w	v3pfia---
θανάτου	qana/tou	θάνατος	qa/natos	n-s---mg-
θανάτου	qana/tou	θανατόω	qanato/w	v2spma---
θανάτου	qana/tou	θανατόω	qanato/w	v3siia---
θαυμαζόντων	qaumazo/ntwn	θαυμάζω	qauma/zw	v-pppamg-
θαυμαζόντων	qaumazo/ntwn	θαυμάζω	qauma/zw	v-pppang-
θαυμαζόντων	qaumazo/ntwn	θαυμάζω	qauma/zw	v3ppma---
θαυμάζοντες	qauma/zontes	θαυμάζω	qauma/zw	v-pppamn-
θαυμάζοντες	qauma/zontes	θαυμάζω	qauma/zw	v-pppamv-
θαυμάζων	qauma/zwn	θαυμάζω	qauma/zw	v-sppamn-
θαυμάσαντες	qauma/santes	θαυμάζω	qauma/zw	v-papamn-
θαυμάσαντες	qauma/santes	θαυμάζω	qauma/zw	v-papamv-
θελήματι	qelh/mati	θέλημα	qe/lhma	n-s---nd-
θελήσαντάς	qelh/santa/s	ἐθέλω	e)qe/lw	v-papama-
θελόντων	qelo/ntwn	ἐθέλω	e)qe/lw	v-pppamg-
θελόντων	qelo/ntwn	ἐθέλω	e)qe/lw	v-pppang-
θελόντων	qelo/ntwn	ἐθέλω	e)qe/lw	v3ppma---
θεμελίου	qemeli/ou	θεμέλιος	qeme/lios	n-s---mg-
θεμελίου	qemeli/ou	θεμέλιος	qeme/lios	n-s---fg-
θεμελίου	qemeli/ou	θεμέλιος	qeme/lios	n-s---ng-
θεμελίου	qemeli/ou	θεμελιόω	qemelio/w	v2spma---
θεμελίου	qemeli/ou	θεμελιόω	qemelio/w	v3siia---
θεμέλιον	qeme/lion	θεμέλιος	qeme/lios	n-s---ma-
θεμέλιον	qeme/lion	θεμέλιος	qeme/lios	n-s---fa-
θεμέλιον	qeme/lion	θεμέλιος	qeme/lios	n-s---nn-
θεμέλιον	qeme/lion	θεμέλιος	qeme/lios	n-s---nv-
θεμέλιον	qeme/lion	θεμέλιος	qeme/lios	n-s---na-
θεοῦ	qeou=	θεάομαι	qea/omai	v2spme---
θεοῦ	qeou=	θεάομαι	qea/omai	v2siie---
θεοῦ	qeou=	θεάω	qea/w	v2spme---
θεοῦ	qeou=	θεάω	qea/w	v2siie---
θεοῦ	qeou=	θεός	qeo/s	n-s---mg-
θεραπευθῆναι	qerapeuqh=nai	θεραπεύω	qerapeu/w	v--anp---
θεραπείας	qerapei/as	θεραπεία	qerapei/a	n-p---fa-
θεραπείας	qerapei/as	θεραπεία	qerapei/a	n-s---fg-
θεραπείας	qerapei/as	θεραπείη	qerapei/h	n-p---fa-
θεραπείας	qerapei/as	θεραπείη	qerapei/h	n-s---fg-
θεραπεύει	qerapeu/ei	θεραπεύω	qerapeu/w	v2spie---
θεραπεύει	qerapeu/ei	θεραπεύω	qerapeu/w	v3spia---
θεραπεύειν	qerapeu/ein	θεραπεύω	qerapeu/w	v--pna---
θεραπεύεσθαι	qerapeu/esqai	θεραπεύω	qerapeu/w	v--pne---
θεραπεύεσθε	qerapeu/esqe	θεραπεύω	qerapeu/w	v2ppme---
θεραπεύεσθε	qerapeu/esqe	θεραπεύω	qerapeu/w	v2ppie---
θεραπεύεσθε	qerapeu/esqe	θεραπεύω	qerapeu/w	v2piie---
θεραπεύετε	qerapeu/ete	θεραπεύω	qerapeu/w	v2ppma---
θεραπεύετε	qerapeu/ete	θεραπεύω	qerapeu/w	v2ppia---
θεραπεύετε	qerapeu/ete	θεραπεύω	qerapeu/w	v2piia---
θεραπεύοντες	qerapeu/ontes	θεραπεύω	qerapeu/w	v-pppamn-
θεραπεύοντες	qerapeu/ontes	θεραπεύω	qerapeu/w	v-pppamv-
θερισμοῦ	qerismou=	θερισμός	qerismo/s	n-s---mg-
θερισμόν	qerismo/n	θερισμός	qerismo/s	n-s---ma-
θερισμός	qerismo/s	θερισμός	qerismo/s	n-s---mn-
θεράπευσον	qera/peuson	θεραπεύω	qerapeu/w	v2sama---
θερίζεις	qeri/zeis	θερίζω	qeri/zw	v2spia---
θερίζουσιν	qeri/zousin	θερίζω	qeri/zw	v-pppamd-
θερίζουσιν	qeri/zousin	θερίζω	qeri/zw	v-pppand-
θερίζουσιν	qeri/zousin	θερίζω	qeri/zw	v3ppia---
θερίζων	qeri/zwn	θερίζω	qeri/zw	v-sppamn-
θεωρεῖν	qewrei=n	θεωρέω	qewre/w	v--pna---
θεωρεῖτε	qewrei=te	θεωρέω	qewre/w	v2ppma---
θεωρεῖτε	qewrei=te	θεωρέω	qewre/w	v2ppoa---
θεωρεῖτε	qewrei=te	θεωρέω	qewre/w	v2ppia---
θεωρεῖτε	qewrei=te	θεωρέω	qewre/w	v2piia---
θεωροῦντες	qewrou=ntes	θεωρέω	qewre/w	v-pppamn-
θεωροῦντες	qewrou=ntes	θεωρέω	qewre/w	v-pppamv-
θεωρήσαντες	qewrh/santes	θεωρέω	qewre/w	v-papamn-
θεωρήσαντες	qewrh/santes	θεωρέω	qewre/w	v-papamv-
θεωρίαν	qewri/an	θεωρία	qewri/a	n-s---fa-
θεωρῶν	qewrw=n	θεωρέω	qewre/w	v-sppamn-
θεωρῶν	qewrw=n	θεωρός	qewro/s	n-p---mg-
θεάσασθαι	qea/sasqai	θεάομαι	qea/omai	v--ane---
θεάσασθαι	qea/sasqai	θεάομαι	qea/omai	v--ane---
θεάσασθαι	qea/sasqai	θεάω	qea/w	v--anm---
θεάσασθαι	qea/sasqai	θεάω	qea/w	v--anm---
θείς	qei/s	τίθημι	ti/qhmi	v-sapamn-
θείς	qei/s	τίθημι	ti/qhmi	v-sapamv-
θεόν	qeo/n	θεός	qeo/s	n-s---ma-
θεός	qeo/s	θεός	qeo/s	n-s---mn-
θεῖναι	qei=nai	θείνω	qei/nw	v2samm---
θεῖναι	qei=nai	θείνω	qei/nw	v--ana---
θεῖναι	qei=nai	τίθημι	ti/qhmi	v--ana---
θεῖον	qei=on	θέω	qe/w	v-sppamv-
θεῖον	qei=on	θέω	qe/w	v-sppann-
θεῖον	qei=on	θέω	qe/w	v-sppanv-
θεῖον	qei=on	θέω	qe/w	v-sppana-
θεῖον	qei=on	θέω	qe/w	v3piia---
θεῖον	qei=on	θέω	qe/w	v1siia---
θεῖον	qei=on	θεῖοσ1	qei=os1	a-s---ma-
θεῖον	qei=on	θεῖοσ1	qei=os1	a-s---nn-
θεῖον	qei=on	θεῖοσ1	qei=os1	a-s---nv-
θεῖον	qei=on	θεῖοσ1	qei=os1	a-s---na-
θεῖον	qei=on	θεῖοσ2	qei=os2	n-s---ma-
θεῷ	qew=|	θεάω	qea/w	v3spoa---
θεῷ	qew=|	θεός	qeo/s	n-s---md-
θηλαζούσαις	qhlazou/sais	θηλάζω	qhla/zw	v-pppafd-
θηρεῦσαί	qhreu=sai/	θηράω	qhra/w	v-pppafn-
θηρεῦσαί	qhreu=sai/	θηράω	qhra/w	v-pppafv-
θηρεῦσαί	qhreu=sai/	θηρεύω	qhreu/w	v--ana---
θησαυροῦ	qhsaurou=	θησαυρός	qhsauro/s	n-s---mg-
θησαυρίζων	qhsauri/zwn	θησαυρίζω	qhsauri/zw	v-sppamn-
θησαυρόν	qhsauro/n	θησαυρός	qhsauro/s	n-s---ma-
θησαυρός	qhsauro/s	θησαυρός	qhsauro/s	n-s---mn-
θορυβάζῃ	qoruba/zh|	θορυβάζομαι	qoruba/zomai	v2spse---
θορυβάζῃ	qoruba/zh|	θορυβάζομαι	qoruba/zomai	v2spie---
θριξίν	qrici/n	θρίξ	qri/c	n-p---fd-
θρίξ	qri/c	θρίξ	qri/c	n-s---fn-
θρόμβοι	qro/mboi	θρόμβος	qro/mbos	n-p---mn-
θρόμβοι	qro/mboi	θρόμβος	qro/mbos	n-p---mv-
θρόνον	qro/non	θρόνον	qro/non	n-s---nn-
θρόνον	qro/non	θρόνον	qro/non	n-s---nv-
θρόνον	qro/non	θρόνον	qro/non	n-s---na-
θρόνον	qro/non	θρόνος	qro/nos	n-s---ma-
θρόνων	qro/nwn	θρόνον	qro/non	n-p---ng-
θρόνων	qro/nwn	θρόνος	qro/nos	n-p---mg-
θυγατέρα	qugate/ra	θυγάτηρ	quga/thr	n-s---fa-
θυγατέρων	qugate/rwn	θυγάτηρ	quga/thr	n-p---fg-
θυγάτηρ	quga/thr	θυγάτηρ	quga/thr	n-s---fn-
θυμιάματος	qumia/matos	θυμίαμα	qumi/ama	n-s---ng-
θυμιᾶσαι	qumia=sai	θυμιάω	qumia/w	v2spie---
θυμιᾶσαι	qumia=sai	θυμιάω	qumia/w	v-pppafn-
θυμιᾶσαι	qumia=sai	θυμιάω	qumia/w	v-pppafv-
θυμιᾶσαι	qumia=sai	θυμιάω	qumia/w	v--ana---
θυμιᾶσαι	qumia=sai	θυμιάζω	qumia/zw	v-pfpafn-
θυμιᾶσαι	qumia=sai	θυμιάζω	qumia/zw	v-pfpafv-
θυμοῦ	qumou=	θυμός	qumo/s	n-s---mg-
θυμοῦ	qumou=	θυμόω	qumo/w	v2spme---
θυμοῦ	qumou=	θυμόω	qumo/w	v2siie---
θυσιαστηρίου	qusiasthri/ou	θυσιαστήριον	qusiasth/rion	n-s---ng-
θυσιαστηρίου	qusiasthri/ou	θυσιαστήριος	qusiasth/rios	a-s---mg-
θυσιαστηρίου	qusiasthri/ou	θυσιαστήριος	qusiasth/rios	a-s---ng-
θυσιῶν	qusiw=n	θυσία	qusi/a	n-p---fg-
θυσιῶν	qusiw=n	θυσιάζω	qusia/zw	v-sfpamv-
θυσιῶν	qusiw=n	θυσιάζω	qusia/zw	v-sfpann-
θυσιῶν	qusiw=n	θυσιάζω	qusia/zw	v-sfpanv-
θυσιῶν	qusiw=n	θυσιάζω	qusia/zw	v-sfpana-
θυσιῶν	qusiw=n	θυσιάζω	qusia/zw	v-sfpamn-
θυσίαν	qusi/an	θυσία	qusi/a	n-s---fa-
θάλασσαν	qa/lassan	θάλασσα	qa/lassa	n-s---fa-
θάμβος	qa/mbos	θάμβος	qa/mbos	n-s---nn-
θάμβος	qa/mbos	θάμβος	qa/mbos	n-s---nv-
θάμβος	qa/mbos	θάμβος	qa/mbos	n-s---na-
θάνατον	qa/naton	θάνατος	qa/natos	n-s---ma-
θάψαι	qa/yai	θάπτω	qa/ptw	v2samm---
θάψαι	qa/yai	θάπτω	qa/ptw	v--ana---
θάψαι	qa/yai	θάπτω	qa/ptw	v3saoa---
θέλει	qe/lei	ἐθέλω	e)qe/lw	v2spie---
θέλει	qe/lei	ἐθέλω	e)qe/lw	v3spia---
θέλεις	qe/leis	ἐθέλω	e)qe/lw	v2spia---
θέλετε	qe/lete	ἐθέλω	e)qe/lw	v2ppma---
θέλετε	qe/lete	ἐθέλω	e)qe/lw	v2ppia---
θέλετε	qe/lete	ἐθέλω	e)qe/lw	v2piia---
θέλημα	qe/lhma	θέλημα	qe/lhma	n-s---nn-
θέλημα	qe/lhma	θέλημα	qe/lhma	n-s---nv-
θέλημα	qe/lhma	θέλημα	qe/lhma	n-s---na-
θέλημά	qe/lhma/	θέλημα	qe/lhma	n-s---nn-
θέλημά	qe/lhma/	θέλημα	qe/lhma	n-s---nv-
θέλημά	qe/lhma/	θέλημα	qe/lhma	n-s---na-
θέλοι	qe/loi	ἐθέλω	e)qe/lw	v3spoa---
θέλομεν	qe/lomen	ἐθέλω	e)qe/lw	v1ppia---
θέλομεν	qe/lomen	ἐθέλω	e)qe/lw	v1piia---
θέλοντες	qe/lontes	ἐθέλω	e)qe/lw	v-pppamn-
θέλοντες	qe/lontes	ἐθέλω	e)qe/lw	v-pppamv-
θέλω	qe/lw	ἐθέλω	e)qe/lw	v1spsa---
θέλω	qe/lw	ἐθέλω	e)qe/lw	v1spia---
θέλων	qe/lwn	ἐθέλω	e)qe/lw	v-sppamn-
θέλῃ	qe/lh|	ἐθέλω	e)qe/lw	v2spse---
θέλῃ	qe/lh|	ἐθέλω	e)qe/lw	v2spie---
θέλῃ	qe/lh|	ἐθέλω	e)qe/lw	v3spsa---
θέλῃς	qe/lh|s	ἐθέλω	e)qe/lw	v2spsa---
θέντος	qe/ntos	τίθημι	ti/qhmi	v-sapamg-
θέντος	qe/ntos	τίθημι	ti/qhmi	v-sapang-
θέρος	qe/ros	θέρος	qe/ros	n-s---nn-
θέρος	qe/ros	θέρος	qe/ros	n-s---nv-
θέρος	qe/ros	θέρος	qe/ros	n-s---na-
θέτε	qe/te	τίθημι	ti/qhmi	v2paia---
θέτε	qe/te	τίθημι	ti/qhmi	v2pama---
θήσει	qh/sei	τίθημι	ti/qhmi	v2sfim---
θήσει	qh/sei	τίθημι	ti/qhmi	v3sfia---
θύεσθαι	qu/esqai	θύω1	qu/w1	v--pne---
θύεσθαι	qu/esqai	θύω2	qu/w2	v--pne---
θύρα	qu/ra	θύρα	qu/ra	n-d---fn-
θύρα	qu/ra	θύρα	qu/ra	n-d---fv-
θύρα	qu/ra	θύρα	qu/ra	n-d---fa-
θύρα	qu/ra	θύρα	qu/ra	n-s---fn-
θύρα	qu/ra	θύρα	qu/ra	n-s---fv-
θύραν	qu/ran	θύρα	qu/ra	n-s---fa-
θύρας	qu/ras	θύρα	qu/ra	n-p---fa-
θύρας	qu/ras	θύρα	qu/ra	n-s---fg-
θύσατε	qu/sate	θύω1	qu/w1	v2pama---
θύσατε	qu/sate	θύω1	qu/w1	v2paia---
θύσατε	qu/sate	θύω2	qu/w2	v2pama---
θύσατε	qu/sate	θύω2	qu/w2	v2paia---
θῶ	qw=	θάομαι	qa/omai	v2spme---
θῶ	qw=	θάομαι	qa/omai	v2siie---
θῶ	qw=	θάζω	qa/zw	v1sfia---
θῶ	qw=	θέω	qe/w	v1spsa---
θῶ	qw=	θέω	qe/w	v1spia---
θῶ	qw=	τίθημι	ti/qhmi	v1sasa---
θῶ	qw=	τίθημι	ti/qhmi	v1sasa---
καθαρισμοῦ	kaqarismou=	καθαρισμός	kaqarismo/s	n-s---mg-
καθαρά	kaqara/	καθαρός	kaqaro/s	a-p---nn-
καθαρά	kaqara/	καθαρός	kaqaro/s	a-p---nv-
καθαρά	kaqara/	καθαρός	kaqaro/s	a-p---na-
καθαρά	kaqara/	καθαρός	kaqaro/s	a-d---fn-
καθαρά	kaqara/	καθαρός	kaqaro/s	a-d---fv-
καθαρά	kaqara/	καθαρός	kaqaro/s	a-d---fa-
καθαρά	kaqara/	καθαρός	kaqaro/s	a-s---fn-
καθαρά	kaqara/	καθαρός	kaqaro/s	a-s---fv-
καθαρίζετε	kaqari/zete	καθαρίζω	kaqari/zw	v2ppma---
καθαρίζετε	kaqari/zete	καθαρίζω	kaqari/zw	v2ppia---
καθαρίζετε	kaqari/zete	καθαρίζω	kaqari/zw	v2piia---
καθαρίζονται	kaqari/zontai	καθαρίζω	kaqari/zw	v3ppie---
καθαρίσαι	kaqari/sai	καθαρίζω	kaqari/zw	v--ana---
καθαρίσαι	kaqari/sai	καθαρίζω	kaqari/zw	v3saoa---
καθαρίσθητι	kaqari/sqhti	καθαρίζω	kaqari/zw	v2samp---
καθεζόμενον	kaqezo/menon	κατά-ἕζομαι	kata/-e(/zomai	v-sppema-
καθεζόμενον	kaqezo/menon	κατά-ἕζομαι	kata/-e(/zomai	v-sppenn-
καθεζόμενον	kaqezo/menon	κατά-ἕζομαι	kata/-e(/zomai	v-sppenv-
καθεζόμενον	kaqezo/menon	κατά-ἕζομαι	kata/-e(/zomai	v-sppena-
καθεζόμενον	kaqezo/menon	κατά-καθέζομαι	kata/-kaqe/zomai	v-sppmma-
καθεζόμενον	kaqezo/menon	κατά-καθέζομαι	kata/-kaqe/zomai	v-sppmnn-
καθεζόμενον	kaqezo/menon	κατά-καθέζομαι	kata/-kaqe/zomai	v-sppmnv-
καθεζόμενον	kaqezo/menon	κατά-καθέζομαι	kata/-kaqe/zomai	v-sppmna-
καθελών	kaqelw/n	καθαιρέω	kaqaire/w	v-sapamn-
καθελῶ	kaqelw=	καθαιρέω	kaqaire/w	v1sfia---
καθεξῆς	kaqech=s	καθεξῆς	kaqech=s	d--------
καθεξῆς	kaqech=s	κατέχω	kate/xw	v2sfia---
καθεύδει	kaqeu/dei	καθεύδω	kaqeu/dw	v2spie---
καθεύδει	kaqeu/dei	καθεύδω	kaqeu/dw	v3spia---
καθεύδετε	kaqeu/dete	καθεύδω	kaqeu/dw	v2ppma---
καθεύδετε	kaqeu/dete	καθεύδω	kaqeu/dw	v2ppia---
καθεύδετε	kaqeu/dete	καθεύδω	kaqeu/dw	v2piia---
καθεύδετε	kaqeu/dete	καθεύδω	kaqeu/dw	v2piia---
καθεῖλεν	kaqei=len	καθαιρέω	kaqaire/w	v3saia---
καθεῖλεν	kaqei=len	καθαιρέω	kaqaire/w	v3saia---
καθημένοις	kaqhme/nois	κάθημαι	ka/qhmai	v-prpmmd-
καθημένοις	kaqhme/nois	κάθημαι	ka/qhmai	v-prpmnd-
καθημένους	kaqhme/nous	κάθημαι	ka/qhmai	v-prpmma-
καθωπλισμένος	kaqwplisme/nos	καθοπλίζω	kaqopli/zw	v-srpemn-
καθήμενοι	kaqh/menoi	κάθημαι	ka/qhmai	v-prpmmn-
καθήμενοι	kaqh/menoi	κάθημαι	ka/qhmai	v-prpmmv-
καθήμενον	kaqh/menon	κάθημαι	ka/qhmai	v-srpmma-
καθήμενον	kaqh/menon	κάθημαι	ka/qhmai	v-srpmnn-
καθήμενον	kaqh/menon	κάθημαι	ka/qhmai	v-srpmnv-
καθήμενον	kaqh/menon	κάθημαι	ka/qhmai	v-srpmna-
καθήμενος	kaqh/menos	κάθημαι	ka/qhmai	v-srpmmn-
καθήσεσθε	kaqh/sesqe	καθίημι	kaqi/hmi	v2pfim---
καθίσας	kaqi/sas	καθίζω	kaqi/zw	v-sapamn-
καθίσας	kaqi/sas	καθίζω	kaqi/zw	v-sapamv-
καθίσας	kaqi/sas	καθίζω	kaqi/zw	v-sapamn-
καθίσας	kaqi/sas	καθίζω	kaqi/zw	v-sapamv-
καθίσατε	kaqi/sate	καθίζω	kaqi/zw	v2pama---
καθίσατε	kaqi/sate	καθίζω	kaqi/zw	v2paia---
καθίσατε	kaqi/sate	καθίζω	kaqi/zw	v2paia---
καθίσατε	kaqi/sate	καθίζω	kaqi/zw	v2paia---
καθότι	kaqo/ti	καθότι	kaqo/ti	d--------
καθώς	kaqw/s	καθώς	kaqw/s	d--------
καθῆκαν	kaqh=kan	καθίημι	kaqi/hmi	v3paia---
καινούς	kainou/s	καινός	kaino/s	a-p---ma-
καινοῦ	kainou=	καινέω	kaine/w	v2spme---
καινοῦ	kainou=	καινός	kaino/s	a-s---mg-
καινοῦ	kainou=	καινός	kaino/s	a-s---ng-
καινοῦ	kainou=	καινόω	kaino/w	v2spme---
καινοῦ	kainou=	καινόω	kaino/w	v2siie---
καινή	kainh/	καινός	kaino/s	a-s---fn-
καινή	kainh/	καινός	kaino/s	a-s---fv-
καινόν	kaino/n	καινός	kaino/s	a-s---ma-
καινόν	kaino/n	καινός	kaino/s	a-s---nn-
καινόν	kaino/n	καινός	kaino/s	a-s---nv-
καινόν	kaino/n	καινός	kaino/s	a-s---na-
καιομένη	kaiome/nh	καίω	kai/w	v-sppefn-
καιομένη	kaiome/nh	καίω	kai/w	v-sppefv-
καιροί	kairoi/	καιρός	kairo/s	n-p---mn-
καιροί	kairoi/	καιρός	kairo/s	n-p---mv-
καιροί	kairoi/	καιρόω	kairo/w	v2spse---
καιροί	kairoi/	καιρόω	kairo/w	v2spie---
καιροί	kairoi/	καιρόω	kairo/w	v3spsa---
καιροῦ	kairou=	καιρός	kairo/s	n-s---mg-
καιροῦ	kairou=	καιρόω	kairo/w	v2spme---
καιροῦ	kairou=	καιρόω	kairo/w	v2siie---
καιρόν	kairo/n	καιρός	kairo/s	n-s---ma-
καιρός	kairo/s	καιρός	kairo/s	n-s---mn-
καιρῷ	kairw=|	καιρός	kairo/s	n-s---md-
καιόμενοι	kaio/menoi	καίω	kai/w	v-pppemn-
καιόμενοι	kaio/menoi	καίω	kai/w	v-pppemv-
κακοποιῆσαι	kakopoih=sai	κακοποιέω	kakopoie/w	v--ana---
κακούργους	kakou/rgous	κάκουργος	ka/kourgos	n-p---ma-
κακούργους	kakou/rgous	κάκουργος	ka/kourgos	n-p---fa-
κακούργους	kakou/rgous	κακοῦργος	kakou=rgos	n-p---ma-
κακούργους	kakou/rgous	κακοῦργος	kakou=rgos	n-p---fa-
κακούργων	kakou/rgwn	κάκουργος	ka/kourgos	n-p---mg-
κακούργων	kakou/rgwn	κάκουργος	ka/kourgos	n-p---fg-
κακούργων	kakou/rgwn	κάκουργος	ka/kourgos	n-p---ng-
κακούργων	kakou/rgwn	κακοῦργος	kakou=rgos	n-p---mg-
κακούργων	kakou/rgwn	κακοῦργος	kakou=rgos	n-p---fg-
κακούργων	kakou/rgwn	κακοῦργος	kakou=rgos	n-p---ng-
κακά	kaka/	κακός	kako/s	a-p---nn-
κακά	kaka/	κακός	kako/s	a-p---nv-
κακά	kaka/	κακός	kako/s	a-p---na-
κακά	kaka/	κακός	kako/s	a-d---fn-
κακά	kaka/	κακός	kako/s	a-d---fv-
κακά	kaka/	κακός	kako/s	a-d---fa-
κακά	kaka/	κακός	kako/s	a-s---fn-
κακά	kaka/	κακός	kako/s	a-s---fv-
κακόν	kako/n	κακός	kako/s	a-s---ma-
κακόν	kako/n	κακός	kako/s	a-s---nn-
κακόν	kako/n	κακός	kako/s	a-s---nv-
κακόν	kako/n	κακός	kako/s	a-s---na-
κακῶς	kakw=s	κακός	kako/s	x--------
κακῶς	kakw=s	κακόω	kako/w	v2spia---
καλεῖ	kalei=	καλέω	kale/w	v2sfim---
καλεῖ	kalei=	καλέω	kale/w	v3sfia---
καλεῖ	kalei=	καλέω	kale/w	v2spie---
καλεῖ	kalei=	καλέω	kale/w	v3spia---
καλεῖσθαι	kalei=sqai	καλέω	kale/w	v--fnm---
καλεῖσθαι	kalei=sqai	καλέω	kale/w	v--pne---
καλεῖται	kalei=tai	καλέω	kale/w	v3sfim---
καλεῖται	kalei=tai	καλέω	kale/w	v3spie---
καλεῖτε	kalei=te	καλέω	kale/w	v2pfia---
καλεῖτε	kalei=te	καλέω	kale/w	v2ppma---
καλεῖτε	kalei=te	καλέω	kale/w	v2ppoa---
καλεῖτε	kalei=te	καλέω	kale/w	v2ppia---
καλεῖτε	kalei=te	καλέω	kale/w	v2piia---
καλουμένη	kaloume/nh	καλέω	kale/w	v-sfpmfn-
καλουμένη	kaloume/nh	καλέω	kale/w	v-sfpmfv-
καλουμένη	kaloume/nh	καλέω	kale/w	v-sppefn-
καλουμένη	kaloume/nh	καλέω	kale/w	v-sppefv-
καλουμένην	kaloume/nhn	καλέω	kale/w	v-sfpmfa-
καλουμένην	kaloume/nhn	καλέω	kale/w	v-sppefa-
καλουμένῃ	kaloume/nh|	καλέω	kale/w	v-sfpmfd-
καλουμένῃ	kaloume/nh|	καλέω	kale/w	v-sppefd-
καλούμενον	kalou/menon	καλέω	kale/w	v-sfpmma-
καλούμενον	kalou/menon	καλέω	kale/w	v-sfpmnn-
καλούμενον	kalou/menon	καλέω	kale/w	v-sfpmnv-
καλούμενον	kalou/menon	καλέω	kale/w	v-sfpmna-
καλούμενον	kalou/menon	καλέω	kale/w	v-sppema-
καλούμενον	kalou/menon	καλέω	kale/w	v-sppenn-
καλούμενον	kalou/menon	καλέω	kale/w	v-sppenv-
καλούμενον	kalou/menon	καλέω	kale/w	v-sppena-
καλούμενος	kalou/menos	καλέω	kale/w	v-sfpmmn-
καλούμενος	kalou/menos	καλέω	kale/w	v-sppemn-
καλοῖς	kaloi=s	καλέω	kale/w	v2sfoa---
καλοῖς	kaloi=s	καλέω	kale/w	v2spoa---
καλοῖς	kaloi=s	καλός	kalo/s	a-p---md-
καλοῖς	kaloi=s	καλός	kalo/s	a-p---nd-
καλοῦνται	kalou=ntai	καλέω	kale/w	v3pfim---
καλοῦνται	kalou=ntai	καλέω	kale/w	v3ppie---
καλέσαι	kale/sai	καλέω	kale/w	v--ana---
καλέσαι	kale/sai	καλέω	kale/w	v3saoa---
καλέσας	kale/sas	καλέω	kale/w	v-sapamn-
καλέσας	kale/sas	καλέω	kale/w	v-sapamv-
καλέσεις	kale/seis	καλέω	kale/w	v2sasa---
καλέσεις	kale/seis	καλέω	kale/w	v2sfia---
καλόν	kalo/n	καλός	kalo/s	a-s---ma-
καλόν	kalo/n	καλός	kalo/s	a-s---nn-
καλόν	kalo/n	καλός	kalo/s	a-s---nv-
καλόν	kalo/n	καλός	kalo/s	a-s---na-
καλύπτει	kalu/ptei	καλύπτω	kalu/ptw	v2spie---
καλύπτει	kalu/ptei	καλύπτω	kalu/ptw	v3spia---
καλῇ	kalh=|	καλέω	kale/w	v2sfim---
καλῇ	kalh=|	καλέω	kale/w	v2spse---
καλῇ	kalh=|	καλέω	kale/w	v2spie---
καλῇ	kalh=|	καλέω	kale/w	v3spsa---
καλῇ	kalh=|	καλός	kalo/s	a-s---fd-
καλῶς	kalw=s	καλός	kalo/s	x--------
καρδιῶν	kardiw=n	καρδία	kardi/a	n-p---fg-
καρδιῶν	kardiw=n	καρδιάω	kardia/w	v-sppamv-
καρδιῶν	kardiw=n	καρδιάω	kardia/w	v-sppann-
καρδιῶν	kardiw=n	καρδιάω	kardia/w	v-sppanv-
καρδιῶν	kardiw=n	καρδιάω	kardia/w	v-sppana-
καρδιῶν	kardiw=n	καρδιάω	kardia/w	v-sppamn-
καρδιῶν	kardiw=n	καρδιόω	kardio/w	v-sppamv-
καρδιῶν	kardiw=n	καρδιόω	kardio/w	v-sppann-
καρδιῶν	kardiw=n	καρδιόω	kardio/w	v-sppanv-
καρδιῶν	kardiw=n	καρδιόω	kardio/w	v-sppana-
καρδιῶν	kardiw=n	καρδιόω	kardio/w	v-sppamn-
καρδιῶν	kardiw=n	καρδιόω	kardio/w	v--pna---
καρδία	kardi/a	καρδία	kardi/a	n-d---fn-
καρδία	kardi/a	καρδία	kardi/a	n-d---fv-
καρδία	kardi/a	καρδία	kardi/a	n-d---fa-
καρδία	kardi/a	καρδία	kardi/a	n-s---fn-
καρδία	kardi/a	καρδία	kardi/a	n-s---fv-
καρδία	kardi/a	καρδιάω	kardia/w	v2spma---
καρδία	kardi/a	καρδιάω	kardia/w	v3siia---
καρδίαις	kardi/ais	καρδία	kardi/a	n-p---fd-
καρδίαισ’	kardi/ais'	καρδία	kardi/a	n-p---fd-
καρδίας	kardi/as	καρδία	kardi/a	n-p---fa-
καρδίας	kardi/as	καρδία	kardi/a	n-s---fg-
καρδίας	kardi/as	καρδιάω	kardia/w	v2siia---
καρδίᾳ	kardi/a|	καρδία	kardi/a	n-p---fn-
καρδίᾳ	kardi/a|	καρδία	kardi/a	n-p---fv-
καρδίᾳ	kardi/a|	καρδία	kardi/a	n-s---fd-
καρποφοροῦσιν	karpoforou=sin	καρποφορέω	karpofore/w	v-pppamd-
καρποφοροῦσιν	karpoforou=sin	καρποφορέω	karpofore/w	v-pppand-
καρποφοροῦσιν	karpoforou=sin	καρποφορέω	karpofore/w	v3ppia---
καρπούς	karpou/s	καρπόσ1	karpo/s1	n-p---ma-
καρπούς	karpou/s	καρπόσ2	karpo/s2	n-p---ma-
καρποῦ	karpou=	καρπέω	karpe/w	v2spme---
καρποῦ	karpou=	καρπόσ1	karpo/s1	n-s---mg-
καρποῦ	karpou=	καρπόσ2	karpo/s2	n-s---mg-
καρποῦ	karpou=	καρπόω	karpo/w	v2spme---
καρποῦ	karpou=	καρπόω	karpo/w	v2siie---
καρπόν	karpo/n	καρπόσ1	karpo/s1	n-s---ma-
καρπόν	karpo/n	καρπόσ2	karpo/s2	n-s---ma-
καρπός	karpo/s	καρπόσ1	karpo/s1	n-s---mn-
καρπός	karpo/s	καρπόσ2	karpo/s2	n-s---mn-
καταβαίνοντες	katabai/nontes	καταβαίνω	katabai/nw	v-pppamn-
καταβαίνοντες	katabai/nontes	καταβαίνω	katabai/nw	v-pppamv-
καταβιβασθήσῃ	katabibasqh/sh|	καταβιβάζω	katabiba/zw	v2sfip---
καταβιβασθήσῃ	katabibasqh/sh|	καταβιβάζω	katabiba/zw	v2sfip---
καταβολῆς	katabolh=s	καταβολεύς	kataboleu/s	n-p---mn-
καταβολῆς	katabolh=s	καταβολεύς	kataboleu/s	n-p---mn-
καταβολῆς	katabolh=s	καταβολεύς	kataboleu/s	n-p---mv-
καταβολῆς	katabolh=s	καταβολή	katabolh/	n-s---fg-
καταβάς	kataba/s	καταβαίνω	katabai/nw	v-sapamn-
καταβάς	kataba/s	καταβαίνω	katabai/nw	v-sapamv-
καταβάσει	kataba/sei	κατάβασις	kata/basis	n-d---fn-
καταβάσει	kataba/sei	κατάβασις	kata/basis	n-d---fv-
καταβάσει	kataba/sei	κατάβασις	kata/basis	n-d---fa-
καταβάσει	kataba/sei	κατάβασις	kata/basis	n-s---fd-
καταβάσει	kataba/sei	κατάβασις	kata/basis	n-s---fd-
καταβάσει	kataba/sei	καταβαίνω	katabai/nw	v3sasa---
καταβάσει	kataba/sei	καταβαίνω	katabai/nw	v2sfim---
καταβάτω	kataba/tw	καταβάτης	kataba/ths	n-s---mg-
καταβάτω	kataba/tw	καταιβάτης	kataiba/ths	n-s---mg-
καταβῆναι	katabh=nai	καθάπτω	kaqa/ptw	v--anp---
καταβῆναι	katabh=nai	καταβαίνω	katabai/nw	v--ana---
καταγαγόντες	katagago/ntes	κατάγω	kata/gw	v-papamn-
καταγαγόντες	katagago/ntes	κατάγω	kata/gw	v-papamv-
καταδικασθῆτε	katadikasqh=te	καταδικάζω	katadika/zw	v2pasp---
καταδικασθῆτε	katadikasqh=te	καταδικάζω	katadika/zw	v2pasp---
καταδικάζετε	katadika/zete	καταδικάζω	katadika/zw	v2ppma---
καταδικάζετε	katadika/zete	καταδικάζω	katadika/zw	v2ppia---
καταδικάζετε	katadika/zete	καταδικάζω	katadika/zw	v2ppma---
καταδικάζετε	katadika/zete	καταδικάζω	katadika/zw	v2ppia---
καταδικάζετε	katadika/zete	καταδικάζω	katadika/zw	v2piia---
καταδικάζετε	katadika/zete	καταδικάζω	katadika/zw	v2piia---
κατακαύσει	katakau/sei	κατάκαυσις	kata/kausis	n-d---fn-
κατακαύσει	katakau/sei	κατάκαυσις	kata/kausis	n-d---fv-
κατακαύσει	katakau/sei	κατάκαυσις	kata/kausis	n-d---fa-
κατακαύσει	katakau/sei	κατάκαυσις	kata/kausis	n-s---fd-
κατακαύσει	katakau/sei	κατάκαυσις	kata/kausis	n-s---fd-
κατακαύσει	katakau/sei	κατακαίω	katakai/w	v3sasa---
κατακαύσει	katakau/sei	κατακαίω	katakai/w	v2sfim---
κατακαύσει	katakau/sei	κατακαίω	katakai/w	v3sfia---
κατακείμενοι	katakei/menoi	κατάκειμαι	kata/keimai	v-prpemn-
κατακείμενοι	katakei/menoi	κατάκειμαι	kata/keimai	v-prpemv-
κατακείμενοι	katakei/menoi	κατάκειμαι	kata/keimai	v-pppemn-
κατακείμενοι	katakei/menoi	κατάκειμαι	kata/keimai	v-pppemv-
κατακλιθῆναι	katakliqh=nai	κατακλίνω	katakli/nw	v--anp---
κατακλιθῇς	katakliqh=|s	κατακλίνω	katakli/nw	v2sasp---
κατακλυσμός	kataklusmo/s	κατακλυσμός	kataklusmo/s	n-s---mn-
κατακολουθήσασαι	katakolouqh/sasai	κατακολουθέω	katakolouqe/w	v-papafn-
κατακολουθήσασαι	katakolouqh/sasai	κατακολουθέω	katakolouqe/w	v-papafv-
κατακολουθήσασαι	katakolouqh/sasai	κατακολουθέω	katakolouqe/w	v-papafn-
κατακολουθήσασαι	katakolouqh/sasai	κατακολουθέω	katakolouqe/w	v-papafv-
κατακρημνίσαι	katakrhmni/sai	κατακρημνίζω	katakrhmni/zw	v--ana---
κατακρημνίσαι	katakrhmni/sai	κατακρημνίζω	katakrhmni/zw	v3saoa---
κατακρημνίσαι	katakrhmni/sai	κατακρημνίζω	katakrhmni/zw	v--ana---
κατακρημνίσαι	katakrhmni/sai	κατακρημνίζω	katakrhmni/zw	v3saoa---
κατακρινεῖ	katakrinei=	κατακρίνω	katakri/nw	v3sasp---
κατακρινεῖ	katakrinei=	κατακρίνω	katakri/nw	v2sfim---
κατακρινεῖ	katakrinei=	κατακρίνω	katakri/nw	v3sfia---
κατακρινοῦσιν	katakrinou=sin	κατακρίνω	katakri/nw	v3pasp---
κατακρινοῦσιν	katakrinou=sin	κατακρίνω	katakri/nw	v-pfpamd-
κατακρινοῦσιν	katakrinou=sin	κατακρίνω	katakri/nw	v-pfpand-
κατακρινοῦσιν	katakrinou=sin	κατακρίνω	katakri/nw	v3pfia---
καταλείπει	katalei/pei	καταλιμπάνω	katalimpa/nw	v2spie---
καταλείπει	katalei/pei	καταλιμπάνω	katalimpa/nw	v3spia---
καταλιθάσει	kataliqa/sei	καταλιθάζω	kataliqa/zw	v3sasa---
καταλιθάσει	kataliqa/sei	καταλιθάζω	kataliqa/zw	v2sfim---
καταλιθάσει	kataliqa/sei	καταλιθάζω	kataliqa/zw	v3sfia---
καταλιθάσει	kataliqa/sei	καταλιθάζω	kataliqa/zw	v3sasa---
καταλιθάσει	kataliqa/sei	καταλιθάζω	kataliqa/zw	v2sfim---
καταλιθάσει	kataliqa/sei	καταλιθάζω	kataliqa/zw	v3sfia---
καταλιπών	katalipw/n	καταλιμπάνω	katalimpa/nw	v-sapamn-
καταλυθήσεται	kataluqh/setai	καταλύω	katalu/w	v3sfip---
καταλύματι	katalu/mati	κατάλυμα	kata/luma	n-s---nd-
καταλύσωσιν	katalu/swsin	καταλύω	katalu/w	v3pasa---
καταλῦσαι	katalu=sai	καταλύω	katalu/w	v--ana---
κατανοεῖς	katanoei=s	κατανοέω	katanoe/w	v2spia---
κατανοεῖς	katanoei=s	κατανοέω	katanoe/w	v2spia---
κατανοήσας	katanoh/sas	κατανοέω	katanoe/w	v-sapamn-
κατανοήσας	katanoh/sas	κατανοέω	katanoe/w	v-sapamv-
κατανοήσας	katanoh/sas	κατανοέω	katanoe/w	v-sapamn-
κατανοήσας	katanoh/sas	κατανοέω	katanoe/w	v-sapamv-
κατανοήσατε	katanoh/sate	κατανοέω	katanoe/w	v2pama---
κατανοήσατε	katanoh/sate	κατανοέω	katanoe/w	v2pama---
κατανοήσατε	katanoh/sate	κατανοέω	katanoe/w	v2paia---
κατανοήσατε	katanoh/sate	κατανοέω	katanoe/w	v2paia---
καταξιωθέντες	kataciwqe/ntes	καταξιόω	katacio/w	v-pappmn-
καταξιωθέντες	kataciwqe/ntes	καταξιόω	katacio/w	v-pappmv-
καταξιωθέντες	kataciwqe/ntes	καταξιόω	katacio/w	v-pappmn-
καταξιωθέντες	kataciwqe/ntes	καταξιόω	katacio/w	v-pappmv-
καταπατεῖν	katapatei=n	καταπατέω	katapate/w	v--pna---
καταπατεῖν	katapatei=n	καταπατέω	katapate/w	v--pna---
καταπέτασμα	katape/tasma	καταπέτασμα	katape/tasma	n-s---nn-
καταπέτασμα	katape/tasma	καταπέτασμα	katape/tasma	n-s---nv-
καταπέτασμα	katape/tasma	καταπέτασμα	katape/tasma	n-s---na-
καταργεῖ	katargei=	καταργέω	katarge/w	v2spie---
καταργεῖ	katargei=	καταργέω	katarge/w	v3spia---
καταργεῖ	katargei=	καταργέω	katarge/w	v2spie---
καταργεῖ	katargei=	καταργέω	katarge/w	v3spia---
καταρωμένους	katarwme/nous	καταράομαι	katara/omai	v-pppema-
καταρωμένους	katarwme/nous	καταράομαι	katara/omai	v-pppema-
καταρωμένους	katarwme/nous	καταρόω	kataro/w	v-pppema-
καταρωμένους	katarwme/nous	καταρόω	kataro/w	v-pppema-
κατασκευάσει	kataskeua/sei	κατασκευάζω	kataskeua/zw	v3sasa---
κατασκευάσει	kataskeua/sei	κατασκευάζω	kataskeua/zw	v2sfim---
κατασκευάσει	kataskeua/sei	κατασκευάζω	kataskeua/zw	v3sfia---
κατασκευάσει	kataskeua/sei	κατασκευάζω	kataskeua/zw	v3sasa---
κατασκευάσει	kataskeua/sei	κατασκευάζω	kataskeua/zw	v2sfim---
κατασκευάσει	kataskeua/sei	κατασκευάζω	kataskeua/zw	v3sfia---
κατασκηνώσεις	kataskhnw/seis	κατασκήνωσις	kataskh/nwsis	n-p---fn-
κατασκηνώσεις	kataskhnw/seis	κατασκήνωσις	kataskh/nwsis	n-p---fv-
κατασκηνώσεις	kataskhnw/seis	κατασκήνωσις	kataskh/nwsis	n-p---fn-
κατασκηνώσεις	kataskhnw/seis	κατασκήνωσις	kataskh/nwsis	n-p---fa-
κατασκηνώσεις	kataskhnw/seis	κατασκηνόω	kataskhno/w	v2sasa---
κατασκηνώσεις	kataskhnw/seis	κατασκηνόω	kataskhno/w	v2sfia---
κατασκηνώσεις	kataskhnw/seis	κατασκηνόω	kataskhno/w	v2sasa---
κατασκηνώσεις	kataskhnw/seis	κατασκηνόω	kataskhno/w	v2sfia---
καταστήσει	katasth/sei	καθίστημι	kaqi/sthmi	v3sasa---
καταστήσει	katasth/sei	καθίστημι	kaqi/sthmi	v2sfim---
καταστήσει	katasth/sei	καθίστημι	kaqi/sthmi	v3sfia---
κατασφάξατε	katasfa/cate	κατασφάζω	katasfa/zw	v2pama---
κατασφάξατε	katasfa/cate	κατασφάζω	katasfa/zw	v2pama---
κατασφάξατε	katasfa/cate	κατασφάζω	katasfa/zw	v2paia---
κατασφάξατε	katasfa/cate	κατασφάζω	katasfa/zw	v2paia---
κατασύρῃ	katasu/rh|	κατασύρω	katasu/rw	v2spse---
κατασύρῃ	katasu/rh|	κατασύρω	katasu/rw	v2spie---
κατασύρῃ	katasu/rh|	κατασύρω	katasu/rw	v3spsa---
κατασύρῃ	katasu/rh|	κατασύρω	katasu/rw	v2sasm---
κατασύρῃ	katasu/rh|	κατασύρω	katasu/rw	v3sasa---
καταφαγών	katafagw/n	κατεσθίω	katesqi/w	v-sapamn-
καταφιλοῦσά	katafilou=sa/	καταφιλέω	katafile/w	v-sppafn-
καταφιλοῦσά	katafilou=sa/	καταφιλέω	katafile/w	v-sppafv-
καταφιλοῦσά	katafilou=sa/	καταφιλέω	katafile/w	v-sppafn-
καταφιλοῦσά	katafilou=sa/	καταφιλέω	katafile/w	v-sppafv-
καταφρονήσει	katafronh/sei	καταφρόνησις	katafro/nhsis	n-d---fn-
καταφρονήσει	katafronh/sei	καταφρόνησις	katafro/nhsis	n-d---fv-
καταφρονήσει	katafronh/sei	καταφρόνησις	katafro/nhsis	n-d---fa-
καταφρονήσει	katafronh/sei	καταφρόνησις	katafro/nhsis	n-s---fd-
καταφρονήσει	katafronh/sei	καταφρόνησις	katafro/nhsis	n-s---fd-
καταφρονήσει	katafronh/sei	καταφρονέω	katafrone/w	v3sasa---
καταφρονήσει	katafronh/sei	καταφρονέω	katafrone/w	v2sfim---
καταφρονήσει	katafronh/sei	καταφρονέω	katafrone/w	v3sfia---
καταφρονήσει	katafronh/sei	καταφρονέω	katafrone/w	v3sasa---
καταφρονήσει	katafronh/sei	καταφρονέω	katafrone/w	v2sfim---
καταφρονήσει	katafronh/sei	καταφρονέω	katafrone/w	v3sfia---
καταψύξῃ	katayu/ch|	κατάψυξις	kata/yucis	n-s---fd-
καταψύξῃ	katayu/ch|	καταψύχω	katayu/xw	v2sasm---
καταψύξῃ	katayu/ch|	καταψύχω	katayu/xw	v3sasa---
καταψύξῃ	katayu/ch|	καταψύχω	katayu/xw	v2sfim---
κατεγέλων	katege/lwn	καταγελάω	katagela/w	v3piia---
κατεγέλων	katege/lwn	καταγελάω	katagela/w	v1siia---
κατεκλίθη	katekli/qh	κατακλίνω	katakli/nw	v3saip---
κατελθόντων	katelqo/ntwn	κατέρχομαι	kate/rxomai	v-papamg-
κατελθόντων	katelqo/ntwn	κατέρχομαι	kate/rxomai	v-papang-
κατελθόντων	katelqo/ntwn	κατέρχομαι	kate/rxomai	v3pama---
κατεπατήθη	katepath/qh	καταπατέω	katapate/w	v3saip---
κατεσθίουσιν	katesqi/ousin	κατεσθίω	katesqi/w	v-pppamd-
κατεσθίουσιν	katesqi/ousin	κατεσθίω	katesqi/w	v-pppand-
κατεσθίουσιν	katesqi/ousin	κατεσθίω	katesqi/w	v3ppia---
κατεσκευασμένον	kateskeuasme/non	κατασκευάζω	kataskeua/zw	v-srpema-
κατεσκευασμένον	kateskeuasme/non	κατασκευάζω	kataskeua/zw	v-srpenn-
κατεσκευασμένον	kateskeuasme/non	κατασκευάζω	kataskeua/zw	v-srpenv-
κατεσκευασμένον	kateskeuasme/non	κατασκευάζω	kataskeua/zw	v-srpena-
κατεσκήνωσεν	kateskh/nwsen	κατασκηνόω	kataskhno/w	v3saia---
κατευθῦναι	kateuqu=nai	κατευθύνω	kateuqu/nw	v--ana---
κατευθῦναι	kateuqu=nai	κατευθύνω	kateuqu/nw	v--ana---
κατεφίλει	katefi/lei	καταφιλέω	katafile/w	v3siia---
κατεφίλησεν	katefi/lhsen	καταφιλέω	katafile/w	v3saia---
κατεῖχον	katei=xon	κατέχω	kate/xw	v3piia---
κατεῖχον	katei=xon	κατέχω	kate/xw	v1siia---
κατηγορεῖν	kathgorei=n	κατηγορέω	kathgore/w	v--pna---
κατηγορεῖν	kathgorei=n	κατηγορέω	kathgore/w	v--pna---
κατηγορεῖτε	kathgorei=te	κατηγορέω	kathgore/w	v2ppma---
κατηγορεῖτε	kathgorei=te	κατηγορέω	kathgore/w	v2ppoa---
κατηγορεῖτε	kathgorei=te	κατηγορέω	kathgore/w	v2ppia---
κατηγορεῖτε	kathgorei=te	κατηγορέω	kathgore/w	v2piia---
κατηγορεῖτε	kathgorei=te	κατηγορέω	kathgore/w	v2ppma---
κατηγορεῖτε	kathgorei=te	κατηγορέω	kathgore/w	v2ppoa---
κατηγορεῖτε	kathgorei=te	κατηγορέω	kathgore/w	v2ppia---
κατηγορεῖτε	kathgorei=te	κατηγορέω	kathgore/w	v2piia---
κατηγορεῖτε	kathgorei=te	κατηγορέω	kathgore/w	v2piia---
κατηγοροῦντες	kathgorou=ntes	κατηγορέω	kathgore/w	v-pppamn-
κατηγοροῦντες	kathgorou=ntes	κατηγορέω	kathgore/w	v-pppamv-
κατηγοροῦντες	kathgorou=ntes	κατηγορέω	kathgore/w	v-pppamn-
κατηγοροῦντες	kathgorou=ntes	κατηγορέω	kathgore/w	v-pppamv-
κατηρτισμένος	kathrtisme/nos	καταρτίζω	katarti/zw	v-srpemn-
κατηχήθης	kathxh/qhs	κατηχέω	kathxe/w	v2saip---
κατηχήθης	kathxh/qhs	κατηχέω	kathxe/w	v2saip---
κατηχήθης	kathxh/qhs	κατηχέω	kathxe/w	v2saip---
κατηχήθης	kathxh/qhs	κατηχέω	kathxe/w	v2saip---
κατισχύσητε	katisxu/shte	κατισχύω	katisxu/w	v2pasa---
κατοικεῖ	katoikei=	κατοικέω	katoike/w	v2spie---
κατοικεῖ	katoikei=	κατοικέω	katoike/w	v3spia---
κατοικεῖ	katoikei=	κατοικέω	katoike/w	v2spie---
κατοικεῖ	katoikei=	κατοικέω	katoike/w	v3spia---
κατοικοῦντας	katoikou=ntas	κατοικέω	katoike/w	v-pppama-
κατοικοῦντας	katoikou=ntas	κατοικέω	katoike/w	v-pppama-
κατά	kata/	κατά	kata/	r--------
κατάβηθι	kata/bhqi	καθάπτω	kaqa/ptw	v2samp---
κατάβηθι	kata/bhqi	καταβαίνω	katabai/nw	v2sama---
κατάκειται	kata/keitai	κατάκειμαι	kata/keimai	v3spie---
κατάλυμα	kata/luma	κατάλυμα	kata/luma	n-s---nn-
κατάλυμα	kata/luma	κατάλυμα	kata/luma	n-s---nv-
κατάλυμα	kata/luma	κατάλυμα	kata/luma	n-s---na-
κατέβαινεν	kate/bainen	καταβαίνω	katabai/nw	v3siia---
κατέβη	kate/bh	καταβαίνω	katabai/nw	v3saia---
κατέδησεν	kate/dhsen	καταδέω1	katade/w1	v3saia---
κατέδησεν	kate/dhsen	καταδέω2	katade/w2	v3saia---
κατέκειτο	kate/keito	κατάκειμαι	kata/keimai	v3siie---
κατέκλασεν	kate/klasen	κατακλάω	katakla/w	v3saia---
κατέκλεισεν	kate/kleisen	κατακλείω	kataklei/w	v3saia---
κατέκλιναν	kate/klinan	κατακλίνω	katakli/nw	v3paia---
κατέλειπεν	kate/leipen	καταλιμπάνω	katalimpa/nw	v3siia---
κατέλιπον	kate/lipon	καταλιμπάνω	katalimpa/nw	v3paia---
κατέλιπον	kate/lipon	καταλιμπάνω	katalimpa/nw	v1saia---
κατέναντι	kate/nanti	κατέναντι	kate/nanti	d--------
κατένευσαν	kate/neusan	κατανεύω	kataneu/w	v3paia---
κατέπεσεν	kate/pesen	καταπίπτω	katapi/ptw	v3saia---
κατέπλευσαν	kate/pleusan	καταπλέω	kataple/w	v3paia---
κατέστησεν	kate/sthsen	καθίστημι	kaqi/sthmi	v3saia---
κατέφαγεν	kate/fagen	κατεσθίω	katesqi/w	v3saia---
κατέχειν	kate/xein	κατέχω	kate/xw	v--pna---
κατέχουσιν	kate/xousin	κατέχω	kate/xw	v-pppamd-
κατέχουσιν	kate/xousin	κατέχω	kate/xw	v-pppand-
κατέχουσιν	kate/xousin	κατέχω	kate/xw	v3ppia---
κατίσχυον	kati/sxuon	κατισχύω	katisxu/w	v3piia---
κατίσχυον	kati/sxuon	κατισχύω	katisxu/w	v1siia---
κατίσχυον	kati/sxuon	κατισχύω	katisxu/w	v3piia---
κατίσχυον	kati/sxuon	κατισχύω	katisxu/w	v1siia---
κατῃσχύνοντο	kath|sxu/nonto	καταισχύνω	kataisxu/nw	v3piie---
κατῆλθεν	kath=lqen	κατέρχομαι	kate/rxomai	v3saia---
κατῆλθεν	kath=lqen	κατέρχομαι	kate/rxomai	v3saia---
καί	kai/	καί	kai/	c--------
κεκληκότι	keklhko/ti	καλέω	kale/w	v-srpamd-
κεκληκότι	keklhko/ti	καλέω	kale/w	v-srpand-
κεκληκώς	keklhkw/s	καλέω	kale/w	v-srpamn-
κεκληκώς	keklhkw/s	καλέω	kale/w	v-srpamv-
κεκλημένοις	keklhme/nois	καλέω	kale/w	v-prpemd-
κεκλημένοις	keklhme/nois	καλέω	kale/w	v-prpend-
κεκλημένος	keklhme/nos	καλέω	kale/w	v-srpemn-
κεκλημένους	keklhme/nous	καλέω	kale/w	v-prpema-
κεκλημένων	keklhme/nwn	καλέω	kale/w	v-prpefg-
κεκλημένων	keklhme/nwn	καλέω	kale/w	v-prpemg-
κεκλημένων	keklhme/nwn	καλέω	kale/w	v-prpeng-
κεκοσμημένον	kekosmhme/non	κοσμέω	kosme/w	v-srpema-
κεκοσμημένον	kekosmhme/non	κοσμέω	kosme/w	v-srpenn-
κεκοσμημένον	kekosmhme/non	κοσμέω	kosme/w	v-srpenv-
κεκοσμημένον	kekosmhme/non	κοσμέω	kosme/w	v-srpena-
κεκρυμμένον	kekrumme/non	κρύπτω	kru/ptw	v-srpema-
κεκρυμμένον	kekrumme/non	κρύπτω	kru/ptw	v-srpenn-
κεκρυμμένον	kekrumme/non	κρύπτω	kru/ptw	v-srpenv-
κεκρυμμένον	kekrumme/non	κρύπτω	kru/ptw	v-srpena-
κεκόσμηται	keko/smhtai	κοσμέω	kosme/w	v3srie---
κενούς	kenou/s	κενός	keno/s	a-p---ma-
κενόν	keno/n	κενός	keno/s	a-s---ma-
κενόν	keno/n	κενός	keno/s	a-s---nn-
κενόν	keno/n	κενός	keno/s	a-s---nv-
κενόν	keno/n	κενός	keno/s	a-s---na-
κερατίων	kerati/wn	κεράτια	kera/tia	n-p---ng-
κερατίων	kerati/wn	κεράτιον	kera/tion	n-p---ng-
κεραίαν	kerai/an	κεραία	kerai/a	n-s---fa-
κερδήσας	kerdh/sas	κερδαίνω	kerdai/nw	v-sapamn-
κερδήσας	kerdh/sas	κερδαίνω	kerdai/nw	v-sapamv-
κεράμιον	kera/mion	κεράμιον	kera/mion	n-s---nn-
κεράμιον	kera/mion	κεράμιον	kera/mion	n-s---nv-
κεράμιον	kera/mion	κεράμιον	kera/mion	n-s---na-
κεράμιον	kera/mion	κεράμιος	kera/mios	n-s---ma-
κεράμων	kera/mwn	κέραμος	ke/ramos	n-p---mg-
κεράμων	kera/mwn	κεραμόω	keramo/w	v3piia---
κεράμων	kera/mwn	κεραμόω	keramo/w	v1siia---
κεφαλάς	kefala/s	κεφαλή	kefalh/	n-p---fa-
κεφαλήν	kefalh/n	κεφαλή	kefalh/	n-s---fa-
κεφαλῆς	kefalh=s	κεφαλή	kefalh/	n-s---fg-
κεχαριτωμένη	kexaritwme/nh	χαριτόω	xarito/w	v-srpefn-
κεχαριτωμένη	kexaritwme/nh	χαριτόω	xarito/w	v-srpefv-
κεχρηματισμένον	kexrhmatisme/non	χρηματίζω	xrhmati/zw	v-srpema-
κεχρηματισμένον	kexrhmatisme/non	χρηματίζω	xrhmati/zw	v-srpenn-
κεχρηματισμένον	kexrhmatisme/non	χρηματίζω	xrhmati/zw	v-srpenv-
κεχρηματισμένον	kexrhmatisme/non	χρηματίζω	xrhmati/zw	v-srpena-
κείμενα	kei/mena	κεῖμαι	kei=mai	v-prpenn-
κείμενα	kei/mena	κεῖμαι	kei=mai	v-prpenv-
κείμενα	kei/mena	κεῖμαι	kei=mai	v-prpena-
κείμενα	kei/mena	κεῖμαι	kei=mai	v-pppenn-
κείμενα	kei/mena	κεῖμαι	kei=mai	v-pppenv-
κείμενα	kei/mena	κεῖμαι	kei=mai	v-pppena-
κείμενον	kei/menon	κεῖμαι	kei=mai	v-srpema-
κείμενον	kei/menon	κεῖμαι	kei=mai	v-srpenn-
κείμενον	kei/menon	κεῖμαι	kei=mai	v-srpenv-
κείμενον	kei/menon	κεῖμαι	kei=mai	v-srpena-
κείμενον	kei/menon	κεῖμαι	kei=mai	v-sppema-
κείμενον	kei/menon	κεῖμαι	kei=mai	v-sppenn-
κείμενον	kei/menon	κεῖμαι	kei=mai	v-sppenv-
κείμενον	kei/menon	κεῖμαι	kei=mai	v-sppena-
κείμενος	kei/menos	κεῖμαι	kei=mai	v-srpemn-
κείμενος	kei/menos	κεῖμαι	kei=mai	v-sppemn-
κεῖται	kei=tai	κέω	ke/w	v3spie---
κεῖται	kei=tai	κεῖμαι	kei=mai	v3spie---
κηρυχθήσεται	khruxqh/setai	κηρύσσω	khru/ssw	v3sfip---
κηρυχθῆναι	khruxqh=nai	κηρύσσω	khru/ssw	v--anp---
κηρύξαι	khru/cai	κηρύσσω	khru/ssw	v3saoa---
κηρύσσειν	khru/ssein	κηρύσσω	khru/ssw	v--pna---
κηρύσσων	khru/sswn	κηρύσσω	khru/ssw	v-sppamn-
κιβωτόν	kibwto/n	κιβωτός	kibwto/s	n-s---fa-
κλασμάτων	klasma/twn	κλάσμα	kla/sma	n-p---ng-
κλαυθμός	klauqmo/s	κλαυθμός	klauqmo/s	n-s---mn-
κλαίετε	klai/ete	κλαίω	klai/w	v2ppma---
κλαίετε	klai/ete	κλαίω	klai/w	v2ppia---
κλαίετε	klai/ete	κλαίω	klai/w	v2piia---
κλαίοντες	klai/ontes	κλαίω	klai/w	v-pppamn-
κλαίοντες	klai/ontes	κλαίω	klai/w	v-pppamv-
κλαίουσα	klai/ousa	κλαίω	klai/w	v-sppafn-
κλαίουσα	klai/ousa	κλαίω	klai/w	v-sppafv-
κλαύσετε	klau/sete	κλαίω	klai/w	v2pasa---
κλαῖε	klai=e	κλαίω	klai/w	v2spma---
κλαῖε	klai=e	κλαίω	klai/w	v3siia---
κλεῖδα	klei=da	κλείς	klei/s	n-s---fa-
κληθέν	klhqe/n	καλέω	kale/w	v-sappnn-
κληθέν	klhqe/n	καλέω	kale/w	v-sappnv-
κληθέν	klhqe/n	καλέω	kale/w	v-sappna-
κληθήσεται	klhqh/setai	καλέω	kale/w	v3sfip---
κληθήσῃ	klhqh/sh|	καλέω	kale/w	v2sfip---
κληθῆναι	klhqh=nai	καλέω	kale/w	v--anp---
κληθῇς	klhqh=|s	καλέω	kale/w	v2sasp---
κληρονομήσω	klhronomh/sw	κληρονομέω	klhronome/w	v1sasa---
κληρονομήσω	klhronomh/sw	κληρονομέω	klhronome/w	v1sfia---
κληρονομήσω	klhronomh/sw	κληρονομέω	klhronome/w	v2saim---
κληρονομία	klhronomi/a	κληρονομία	klhronomi/a	n-d---fn-
κληρονομία	klhronomi/a	κληρονομία	klhronomi/a	n-d---fv-
κληρονομία	klhronomi/a	κληρονομία	klhronomi/a	n-d---fa-
κληρονομία	klhronomi/a	κληρονομία	klhronomi/a	n-s---fn-
κληρονομία	klhronomi/a	κληρονομία	klhronomi/a	n-s---fv-
κληρονομίαν	klhronomi/an	κληρονομία	klhronomi/a	n-s---fa-
κληρονόμος	klhrono/mos	κληρονόμος	klhrono/mos	n-s---mn-
κλινιδίῳ	klinidi/w|	κλινίδιον	klini/dion	n-s---nd-
κλινουσῶν	klinousw=n	κλίνω	kli/nw	v-pfpafg-
κλινουσῶν	klinousw=n	κλίνω	kli/nw	v-pppafg-
κλινίδιόν	klini/dio/n	κλινίδιον	klini/dion	n-s---nn-
κλινίδιόν	klini/dio/n	κλινίδιον	klini/dion	n-s---nv-
κλινίδιόν	klini/dio/n	κλινίδιον	klini/dion	n-s---na-
κλισίας	klisi/as	κλισία	klisi/a	n-p---fa-
κλισίας	klisi/as	κλισία	klisi/a	n-s---fg-
κλάδοις	kla/dois	κλάδος	kla/dos	n-p---md-
κλάσας	kla/sas	κλάω	kla/w	v-pppafa-
κλάσας	kla/sas	κλάω	kla/w	v-sppafg-
κλάσας	kla/sas	κλάω	kla/w	v-sapamn-
κλάσας	kla/sas	κλάω	kla/w	v-sapamv-
κλάσας	kla/sas	κλάω	kla/w	v2saia---
κλάσει	kla/sei	κλάσις	kla/sis	n-d---fn-
κλάσει	kla/sei	κλάσις	kla/sis	n-d---fv-
κλάσει	kla/sei	κλάσις	kla/sis	n-d---fa-
κλάσει	kla/sei	κλάσις	kla/sis	n-s---fd-
κλάσει	kla/sei	κλάσις	kla/sis	n-s---fd-
κλάσει	kla/sei	κλάω	kla/w	v3sasa---
κλάσει	kla/sei	κλάω	kla/w	v2sfim---
κλάσει	kla/sei	κλάω	kla/w	v3sfia---
κλέπτης	kle/pths	κλέπτης	kle/pths	n-s---mn-
κλέψῃς	kle/yh|s	κλέπτω	kle/ptw	v2sasa---
κλήρους	klh/rous	κλῆρος	klh=ros	n-p---ma-
κλήρους	klh/rous	κληρόω	klhro/w	v2siia---
κλίβανον	kli/banon	κρίβανος	kri/banos	n-s---ma-
κλίνειν	kli/nein	κλίνω	kli/nw	v--pna---
κλίνης	kli/nhs	κλίνη	kli/nh	n-s---fg-
κλίνης	kli/nhs	κλίνω	kli/nw	v2saip---
κλίνῃ	kli/nh|	κλίνη	kli/nh	n-s---fd-
κλίνῃ	kli/nh|	κλίνω	kli/nw	v2sasm---
κλίνῃ	kli/nh|	κλίνω	kli/nw	v3sasa---
κλίνῃ	kli/nh|	κλίνω	kli/nw	v2spse---
κλίνῃ	kli/nh|	κλίνω	kli/nw	v2spie---
κλίνῃ	kli/nh|	κλίνω	kli/nw	v3spsa---
κλύδωνι	klu/dwni	κλύδων	klu/dwn	n-s---md-
κοιλία	koili/a	κοιλία	koili/a	n-d---fn-
κοιλία	koili/a	κοιλία	koili/a	n-d---fv-
κοιλία	koili/a	κοιλία	koili/a	n-d---fa-
κοιλία	koili/a	κοιλία	koili/a	n-s---fn-
κοιλία	koili/a	κοιλία	koili/a	n-s---fv-
κοιλίαι	koili/ai	κοιλία	koili/a	n-p---fn-
κοιλίαι	koili/ai	κοιλία	koili/a	n-p---fv-
κοιλίαι	koili/ai	κοιλία	koili/a	n-s---fd-
κοιλίαν	koili/an	κοιλία	koili/a	n-s---fa-
κοιλίας	koili/as	κοιλία	koili/a	n-p---fa-
κοιλίας	koili/as	κοιλία	koili/a	n-s---fg-
κοιλίᾳ	koili/a|	κοιλία	koili/a	n-p---fn-
κοιλίᾳ	koili/a|	κοιλία	koili/a	n-p---fv-
κοιλίᾳ	koili/a|	κοιλία	koili/a	n-s---fd-
κοινωνοί	koinwnoi/	κοινωνός	koinwno/s	n-p---mn-
κοινωνοί	koinwnoi/	κοινωνός	koinwno/s	n-p---mv-
κοινωνοί	koinwnoi/	κοινωνός	koinwno/s	n-p---fn-
κοινωνοί	koinwnoi/	κοινωνός	koinwno/s	n-p---fv-
κολληθέντα	kollhqe/nta	κολλάω	kolla/w	v-pappnn-
κολληθέντα	kollhqe/nta	κολλάω	kolla/w	v-pappnv-
κολληθέντα	kollhqe/nta	κολλάω	kolla/w	v-pappna-
κολληθέντα	kollhqe/nta	κολλάω	kolla/w	v-sappma-
κομίσασα	komi/sasa	κομίζω	komi/zw	v-sapafn-
κομίσασα	komi/sasa	κομίζω	komi/zw	v-sapafv-
κονιορτόν	koniorto/n	κονιορτός	koniorto/s	n-s---ma-
κοπιάσαντες	kopia/santes	κοπιάω	kopia/w	v-papamn-
κοπιάσαντες	kopia/santes	κοπιάω	kopia/w	v-papamv-
κοπιᾷ	kopia=|	κοπιάω	kopia/w	v2spse---
κοπιᾷ	kopia=|	κοπιάω	kopia/w	v2spie---
κοπιᾷ	kopia=|	κοπιάω	kopia/w	v3spsa---
κοπιᾷ	kopia=|	κοπιάω	kopia/w	v3spia---
κοπρίαν	kopri/an	κοπρία	kopri/a	n-s---fa-
κοπρίαν	kopri/an	κοπρίας	kopri/as	n-s---ma-
κοπρίαν	kopri/an	κοπρίας	kopri/as	n-s---ma-
κοίτην	koi/thn	κέω	ke/w	v3dpoa---
κοίτην	koi/thn	κοίτη	koi/th	n-s---fa-
κραιπάλῃ	kraipa/lh|	κραιπάλη	kraipa/lh	n-s---fd-
κρασπέδου	kraspe/dou	κράσπεδον	kra/spedon	n-s---ng-
κρατήσας	krath/sas	κρατέω	krate/w	v-sapamn-
κρατήσας	krath/sas	κρατέω	krate/w	v-sapamv-
κραυγάζοντα	krauga/zonta	κραυγάζω	krauga/zw	v-pppann-
κραυγάζοντα	krauga/zonta	κραυγάζω	krauga/zw	v-pppanv-
κραυγάζοντα	krauga/zonta	κραυγάζω	krauga/zw	v-pppana-
κραυγάζοντα	krauga/zonta	κραυγάζω	krauga/zw	v-sppama-
κραυγῇ	kraugh=|	κραυγάζω	krauga/zw	v2sfim---
κραυγῇ	kraugh=|	κραυγάζω	krauga/zw	v3sfia---
κραυγῇ	kraugh=|	κραυγή	kraugh/	n-s---fd-
κρεμασθέντων	kremasqe/ntwn	κρεμάννυμι	krema/nnumi	v-pappmg-
κρεμασθέντων	kremasqe/ntwn	κρεμάννυμι	krema/nnumi	v-pappng-
κρεμασθέντων	kremasqe/ntwn	κρεμάζω	krema/zw	v-pappmg-
κρεμασθέντων	kremasqe/ntwn	κρεμάζω	krema/zw	v-pappng-
κρημνοῦ	krhmnou=	κρημνάω	krhmna/w	v2spme---
κρημνοῦ	krhmnou=	κρημνάω	krhmna/w	v2siie---
κρημνοῦ	krhmnou=	κρημνός	krhmno/s	n-s---mg-
κριθῆτε	kriqh=te	κρίνω	kri/nw	v2pasp---
κριθῆτε	kriqh=te	κριθάω	kriqa/w	v2ppma---
κριθῆτε	kriqh=te	κριθάω	kriqa/w	v2ppsa---
κριθῆτε	kriqh=te	κριθάω	kriqa/w	v2ppia---
κριθῆτε	kriqh=te	κριθάω	kriqa/w	v2ppma---
κριθῆτε	kriqh=te	κριθάω	kriqa/w	v2ppsa---
κριθῆτε	kriqh=te	κριθάω	kriqa/w	v2ppia---
κριθῆτε	kriqh=te	κριθάω	kriqa/w	v2piia---
κριθῆτε	kriqh=te	κριθάω	kriqa/w	v2piia---
κριτήν	krith/n	κριτής	krith/s	n-s---ma-
κριτήν	krith/n	κριτός	krito/s	a-s---fa-
κριτής	krith/s	κριτής	krith/s	n-s---mn-
κρούειν	krou/ein	κρούω	krou/w	v--pna---
κρούετε	krou/ete	κρούω	krou/w	v2ppma---
κρούετε	krou/ete	κρούω	krou/w	v2ppia---
κρούετε	krou/ete	κρούω	krou/w	v2piia---
κρούοντι	krou/onti	κρούω	krou/w	v-sppamd-
κρούοντι	krou/onti	κρούω	krou/w	v-sppand-
κρούοντι	krou/onti	κρούω	krou/w	v3ppia---
κρούσαντος	krou/santos	κρούω	krou/w	v-sapamg-
κρούσαντος	krou/santos	κρούω	krou/w	v-sapang-
κρυπτόν	krupto/n	κρυπτός	krupto/s	a-s---ma-
κρυπτόν	krupto/n	κρυπτός	krupto/s	a-s---nn-
κρυπτόν	krupto/n	κρυπτός	krupto/s	a-s---nv-
κρυπτόν	krupto/n	κρυπτός	krupto/s	a-s---na-
κράζει	kra/zei	κράζω	kra/zw	v2spie---
κράζει	kra/zei	κράζω	kra/zw	v3spia---
κράξουσιν	kra/cousin	κράζω	kra/zw	v3pasa---
κράξουσιν	kra/cousin	κράζω	kra/zw	v-pfpamd-
κράξουσιν	kra/cousin	κράζω	kra/zw	v-pfpand-
κράξουσιν	kra/cousin	κράζω	kra/zw	v3pfia---
κράτιστε	kra/tiste	κράτιστος	kra/tistos	a-s---mv-
κράτος	kra/tos	κράτος	kra/tos	n-s---nn-
κράτος	kra/tos	κράτος	kra/tos	n-s---nv-
κράτος	kra/tos	κράτος	kra/tos	n-s---na-
κρίμα	kri/ma	κρίμα	kri/ma	n-s---nn-
κρίμα	kri/ma	κρίμα	kri/ma	n-s---nv-
κρίμα	kri/ma	κρίμα	kri/ma	n-s---na-
κρίματι	kri/mati	κρίμα	kri/ma	n-s---nd-
κρίματι	kri/mati	κρῖμα	kri=ma	n-s---nd-
κρίνα	kri/na	κρίνον	kri/non	n-p---nn-
κρίνα	kri/na	κρίνον	kri/non	n-p---nv-
κρίνα	kri/na	κρίνον	kri/non	n-p---na-
κρίνα	kri/na	κρίνον	kri/non	n-p---nn-
κρίνα	kri/na	κρίνον	kri/non	n-p---nv-
κρίνα	kri/na	κρίνον	kri/non	n-p---na-
κρίνετε	kri/nete	κρίνω	kri/nw	v2pasa---
κρίνετε	kri/nete	κρίνω	kri/nw	v2ppma---
κρίνετε	kri/nete	κρίνω	kri/nw	v2ppia---
κρίνετε	kri/nete	κρίνω	kri/nw	v2piia---
κρίνω	kri/nw	κρίνον	kri/non	n-d---nn-
κρίνω	kri/nw	κρίνον	kri/non	n-d---nv-
κρίνω	kri/nw	κρίνον	kri/non	n-d---na-
κρίνω	kri/nw	κρίνον	kri/non	n-s---ng-
κρίνω	kri/nw	κρίνω	kri/nw	v1sasa---
κρίνω	kri/nw	κρίνω	kri/nw	v1spsa---
κρίνω	kri/nw	κρίνω	kri/nw	v1spia---
κρίνω	kri/nw	κρίνω	kri/nw	v2saim---
κρίσει	kri/sei	κρίσις	kri/sis	n-d---fn-
κρίσει	kri/sei	κρίσις	kri/sis	n-d---fv-
κρίσει	kri/sei	κρίσις	kri/sis	n-d---fa-
κρίσει	kri/sei	κρίσις	kri/sis	n-s---fd-
κρίσει	kri/sei	κρίσις	kri/sis	n-s---fd-
κρίσιν	kri/sin	κρίσις	kri/sis	n-s---fa-
κρύπτην	kru/pthn	κρύπτης	kru/pths	n-s---ma-
κρύπτην	kru/pthn	κρύπτω	kru/ptw	v--pna---
κτήσασθε	kth/sasqe	κτάομαι	kta/omai	v2pamm---
κτήσασθε	kth/sasqe	κτάομαι	kta/omai	v2paim---
κτήσασθε	kth/sasqe	κτέομαι	kte/omai	v2pame---
κτήσασθε	kth/sasqe	κτέομαι	kte/omai	v2paie---
κτῆνος	kth=nos	κτῆνος	kth=nos	n-s---nn-
κτῆνος	kth=nos	κτῆνος	kth=nos	n-s---nv-
κτῆνος	kth=nos	κτῆνος	kth=nos	n-s---na-
κτῶμαι	ktw=mai	κτάομαι	kta/omai	v1spse---
κτῶμαι	ktw=mai	κτάομαι	kta/omai	v1spie---
κτῶμαι	ktw=mai	κτάομαι	kta/omai	v1spse---
κτῶμαι	ktw=mai	κτέομαι	kte/omai	v1spse---
κτῶμαι	ktw=mai	κτείνω	ktei/nw	v1sasm---
κυκλουμένην	kukloume/nhn	κυκλέω	kukle/w	v-sppefa-
κυκλουμένην	kukloume/nhn	κυκλόω	kuklo/w	v-sppefa-
κυριεύουσιν	kurieu/ousin	κυριεύω	kurieu/w	v-pppamd-
κυριεύουσιν	kurieu/ousin	κυριεύω	kurieu/w	v-pppand-
κυριεύουσιν	kurieu/ousin	κυριεύω	kurieu/w	v3ppia---
κυρίοις	kuri/ois	κύριος	ku/rios	n-p---md-
κυρίοις	kuri/ois	κύριος	ku/rios	a-p---md-
κυρίοις	kuri/ois	κύριος	ku/rios	a-p---nd-
κυρίοις	kuri/ois	κύριος	ku/rios	n-p---md-
κυρίοις	kuri/ois	κύριος	ku/rios	n-p---fd-
κυρίοις	kuri/ois	κύριος	ku/rios	n-p---nd-
κυρίοις	kuri/ois	κυρέω	kure/w	v2spoa---
κυρίου	kuri/ou	κύριος	ku/rios	n-s---mg-
κυρίου	kuri/ou	κύριος	ku/rios	a-s---mg-
κυρίου	kuri/ou	κύριος	ku/rios	a-s---ng-
κυρίου	kuri/ou	κύριος	ku/rios	n-s---mg-
κυρίου	kuri/ou	κύριος	ku/rios	n-s---fg-
κυρίου	kuri/ou	κύριος	ku/rios	n-s---ng-
κυρίου	kuri/ou	κυριόω	kurio/w	v2spma---
κυρίου	kuri/ou	κυριόω	kurio/w	v3siia---
κυρίῳ	kuri/w|	κύριος	ku/rios	n-s---md-
κυρίῳ	kuri/w|	κύριος	ku/rios	a-s---md-
κυρίῳ	kuri/w|	κύριος	ku/rios	a-s---nd-
κυρίῳ	kuri/w|	κύριος	ku/rios	n-s---md-
κυρίῳ	kuri/w|	κύριος	ku/rios	n-s---fd-
κυρίῳ	kuri/w|	κύριος	ku/rios	n-s---nd-
κωλύετε	kwlu/ete	κωλύω	kwlu/w	v2ppma---
κωλύετε	kwlu/ete	κωλύω	kwlu/w	v2ppia---
κωλύετε	kwlu/ete	κωλύω	kwlu/w	v2piia---
κωλύοντα	kwlu/onta	κωλύω	kwlu/w	v-pppann-
κωλύοντα	kwlu/onta	κωλύω	kwlu/w	v-pppanv-
κωλύοντα	kwlu/onta	κωλύω	kwlu/w	v-pppana-
κωλύοντα	kwlu/onta	κωλύω	kwlu/w	v-sppama-
κωλύσῃς	kwlu/sh|s	κωλύω	kwlu/w	v2sasa---
κωφοί	kwfoi/	κωφός	kwfo/s	a-p---mn-
κωφοί	kwfoi/	κωφός	kwfo/s	a-p---mv-
κωφόν	kwfo/n	κωφός	kwfo/s	a-s---ma-
κωφόν	kwfo/n	κωφός	kwfo/s	a-s---nn-
κωφόν	kwfo/n	κωφός	kwfo/s	a-s---nv-
κωφόν	kwfo/n	κωφός	kwfo/s	a-s---na-
κωφός	kwfo/s	κωφός	kwfo/s	a-s---mn-
κἀγώ	ka)gw/	ἀγός	a)go/s	n-d---mn-
κἀγώ	ka)gw/	ἀγός	a)go/s	n-d---mv-
κἀγώ	ka)gw/	ἀγός	a)go/s	n-d---ma-
κἀγώ	ka)gw/	ἐγώ	e)gw/	p-s---mn-
κἀγώ	ka)gw/	ἐγώ	e)gw/	p-s---mv-
κἀγώ	ka)gw/	ἐγώ	e)gw/	p-s---fn-
κἀγώ	ka)gw/	ἐγώ	e)gw/	p-s---fv-
κἀκεῖνα	ka)kei=na	ἐκεῖνος	e)kei=nos	n-p---nn-
κἀκεῖνα	ka)kei=na	ἐκεῖνος	e)kei=nos	n-p---nv-
κἀκεῖνα	ka)kei=na	ἐκεῖνος	e)kei=nos	n-p---na-
κἀκεῖνον	ka)kei=non	ἐκεῖνος	e)kei=nos	n-s---ma-
κἀκεῖνος	ka)kei=nos	ἐκεῖνος	e)kei=nos	n-s---mn-
κἀμοί	ka)moi/	ἁμόσ1	a(mo/s1	a-p---mn-
κἀμοί	ka)moi/	ἁμόσ1	a(mo/s1	a-p---mv-
κἀμοί	ka)moi/	ἀμόω	a)mo/w	v2spse---
κἀμοί	ka)moi/	ἀμόω	a)mo/w	v2spie---
κἀμοί	ka)moi/	ἀμόω	a)mo/w	v3spsa---
κἀμοί	ka)moi/	ἐγώ	e)gw/	p-s---md-
κἀμοί	ka)moi/	ἐγώ	e)gw/	p-s---fd-
κἀμοί	ka)moi/	ἐμός	e)mo/s	a-p---mn-
κἀμοί	ka)moi/	ἐμός	e)mo/s	a-p---mv-
κἀμοί	ka)moi/	ἡμός	h(mo/s	a-p---mn-
κἀμοί	ka)moi/	ἡμός	h(mo/s	a-p---mv-
κἄν	ka)/n	κἀν	ka)n	c--------
κἄν’	ka)/n'	ἄνα	a)/na	n-p---fn-
κἄν’	ka)/n'	ἄνα	a)/na	n-p---fv-
κἄν’	ka)/n'	ἄνα	a)/na	n-s---fd-
κἄν’	ka)/n'	ἄναξ	a)/nac	n-s---mv-
κἄν’	ka)/n'	ἄνη	a)/nh	n-p---fn-
κἄν’	ka)/n'	ἄνη	a)/nh	n-p---fv-
κἄν’	ka)/n'	ἄνη	a)/nh	n-s---fd-
κἄν’	ka)/n'	ἄνω1	a)/nw1	v2spma---
κἄν’	ka)/n'	ἀνά	a)na/	r--------
κἄν’	ka)/n'	ἐν	e)n	r--------
κἄν’	ka)/n'	ἐν	e)n	r--------
κἄν’	ka)/n'	ἐν	e)n	r--------
κάλαμον	ka/lamon	κάλαμος	ka/lamos	n-s---ma-
κάλει	ka/lei	καλέω	kale/w	v2spma---
κάλει	ka/lei	καλέω	kale/w	v3siia---
κάμηλον	ka/mhlon	κάμηλος	ka/mhlos	n-s---ma-
κάμηλον	ka/mhlon	κάμηλος	ka/mhlos	n-s---fa-
κάρφος	ka/rfos	κάρφος	ka/rfos	n-s---nn-
κάρφος	ka/rfos	κάρφος	ka/rfos	n-s---nv-
κάρφος	ka/rfos	κάρφος	ka/rfos	n-s---na-
κάτω	ka/tw	κάτος	ka/tos	n-d---mn-
κάτω	ka/tw	κάτος	ka/tos	n-d---mv-
κάτω	ka/tw	κάτος	ka/tos	n-d---ma-
κάτω	ka/tw	κάτος	ka/tos	n-d---fn-
κάτω	ka/tw	κάτος	ka/tos	n-d---fv-
κάτω	ka/tw	κάτος	ka/tos	n-d---fa-
κάτω	ka/tw	κάτος	ka/tos	n-d---nn-
κάτω	ka/tw	κάτος	ka/tos	n-d---nv-
κάτω	ka/tw	κάτος	ka/tos	n-d---na-
κάτω	ka/tw	κάτος	ka/tos	n-s---mg-
κάτω	ka/tw	κάτος	ka/tos	n-s---fg-
κάτω	ka/tw	κάτος	ka/tos	n-s---ng-
κάτω	ka/tw	κάτω	ka/tw	d--------
κάτω	ka/tw	κατόω	kato/w	v2spma---
κάτω	ka/tw	κατόω	kato/w	v3siia---
κέκλεισται	ke/kleistai	κλείω1	klei/w1	v3srie---
κέκλεισται	ke/kleistai	κλῄζω1	klh/|zw1	v3srie---
κέκλικεν	ke/kliken	κλίνω	kli/nw	v3sria---
κέκλικεν	ke/kliken	κλίνω	kli/nw	v3plia---
κέρας	ke/ras	κέρας	ke/ras	n-s---nn-
κέρας	ke/ras	κέρας	ke/ras	n-s---nv-
κέρας	ke/ras	κέρας	ke/ras	n-s---na-
κήρυγμα	kh/rugma	κήρυγμα	kh/rugma	n-s---nn-
κήρυγμα	kh/rugma	κήρυγμα	kh/rugma	n-s---nv-
κήρυγμα	kh/rugma	κήρυγμα	kh/rugma	n-s---na-
κόκκον	ko/kkon	κόκκος	ko/kkos	n-s---ma-
κόκκον	ko/kkon	κόκκων	ko/kkwn	n-s---mv-
κόκκῳ	ko/kkw|	κόκκος	ko/kkos	n-s---md-
κόλποις	ko/lpois	κόλπος	ko/lpos	n-p---md-
κόλπον	ko/lpon	κόλπος	ko/lpos	n-s---ma-
κόπον	ko/pon	κόπος	ko/pos	n-s---ma-
κόπους	ko/pous	κόπος	ko/pos	n-p---ma-
κόπους	ko/pous	κοπόω	kopo/w	v2siia---
κόπρια	ko/pria	κόπριον	ko/prion	n-p---nn-
κόπρια	ko/pria	κόπριον	ko/prion	n-p---nv-
κόπρια	ko/pria	κόπριον	ko/prion	n-p---na-
κόρακας	ko/rakas	κόραξ	ko/rac	n-p---ma-
κόρους	ko/rous	κόροσ1	ko/ros1	n-p---ma-
κόρους	ko/rous	κόροσ2	ko/ros2	n-p---ma-
κόρους	ko/rous	κόροσ3	ko/ros3	n-p---ma-
κόσμον	ko/smon	κόσμος	ko/smos	n-s---ma-
κόσμου	ko/smou	κόσμος	ko/smos	n-s---mg-
κόφινοι	ko/finoi	κόφινος	ko/finos	n-p---mn-
κόφινοι	ko/finoi	κόφινος	ko/finos	n-p---mv-
κύκλῳ	ku/klw|	κύκλος	ku/klos	n-s---md-
κύνες	ku/nes	κύων	ku/wn	n-p---mn-
κύνες	ku/nes	κύων	ku/wn	n-p---mv-
κύνες	ku/nes	κύων	ku/wn	n-p---fn-
κύνες	ku/nes	κύων	ku/wn	n-p---fv-
κύριε	ku/rie	κύριος	ku/rios	n-s---mv-
κύριε	ku/rie	κύριος	ku/rios	a-s---mv-
κύριε	ku/rie	κύριος	ku/rios	n-s---mv-
κύριε	ku/rie	κύριος	ku/rios	n-s---fv-
κύριοι	ku/rioi	κύριος	ku/rios	n-p---mn-
κύριοι	ku/rioi	κύριος	ku/rios	n-p---mv-
κύριοι	ku/rioi	κύριος	ku/rios	a-p---mn-
κύριοι	ku/rioi	κύριος	ku/rios	a-p---mv-
κύριοι	ku/rioi	κύριος	ku/rios	n-p---mn-
κύριοι	ku/rioi	κύριος	ku/rios	n-p---mv-
κύριοι	ku/rioi	κύριος	ku/rios	n-p---fn-
κύριοι	ku/rioi	κύριος	ku/rios	n-p---fv-
κύριον	ku/rion	κύριος	ku/rios	n-s---ma-
κύριον	ku/rion	κύριος	ku/rios	a-s---ma-
κύριον	ku/rion	κύριος	ku/rios	a-s---nn-
κύριον	ku/rion	κύριος	ku/rios	a-s---nv-
κύριον	ku/rion	κύριος	ku/rios	a-s---na-
κύριον	ku/rion	κύριος	ku/rios	n-s---ma-
κύριον	ku/rion	κύριος	ku/rios	n-s---fa-
κύριον	ku/rion	κύριος	ku/rios	n-s---nn-
κύριον	ku/rion	κύριος	ku/rios	n-s---nv-
κύριον	ku/rion	κύριος	ku/rios	n-s---na-
κύριον	ku/rion	κυρέω	kure/w	v3piia---
κύριον	ku/rion	κυρέω	kure/w	v1siia---
κύριος	ku/rios	κύριος	ku/rios	n-s---mn-
κύριος	ku/rios	κύριος	ku/rios	a-s---mn-
κύριος	ku/rios	κύριος	ku/rios	n-s---mn-
κύριος	ku/rios	κύριος	ku/rios	n-s---fn-
κύριος	ku/rios	κῦρος	ku=ros	n-s---ng-
κύριός	ku/rio/s	κύριος	ku/rios	n-s---mn-
κύριός	ku/rio/s	κύριος	ku/rios	a-s---mn-
κύριός	ku/rio/s	κύριος	ku/rios	n-s---mn-
κύριός	ku/rio/s	κύριος	ku/rios	n-s---fn-
κύριός	ku/rio/s	κῦρος	ku=ros	n-s---ng-
κώμας	kw/mas	κώμη	kw/mh	n-p---fa-
κώμας	kw/mas	κώμη	kw/mh	n-s---fg-
κώμην	kw/mhn	κώμη	kw/mh	n-s---fa-
κώμης	kw/mhs	κώμη	kw/mh	n-s---fg-
κῆπον	kh=pon	κῆπος	kh=pos	n-s---ma-
λαβεῖν	labei=n	λαμβάνω	lamba/nw	v--ana---
λαβοῦσα	labou=sa	λαμβάνω	lamba/nw	v-sapafn-
λαβοῦσα	labou=sa	λαμβάνω	lamba/nw	v-sapafv-
λαβόντα	labo/nta	λαμβάνω	lamba/nw	v-papann-
λαβόντα	labo/nta	λαμβάνω	lamba/nw	v-papanv-
λαβόντα	labo/nta	λαμβάνω	lamba/nw	v-papana-
λαβόντα	labo/nta	λαμβάνω	lamba/nw	v-sapama-
λαβών	labw/n	λαμβάνω	lamba/nw	v-sapamn-
λαλεῖ	lalei=	λαλέω	lale/w	v2spie---
λαλεῖ	lalei=	λαλέω	lale/w	v3spia---
λαλεῖν	lalei=n	λαλέω	lale/w	v--pna---
λαληθέντος	lalhqe/ntos	λαλέω	lale/w	v-sappmg-
λαληθέντος	lalhqe/ntos	λαλέω	lale/w	v-sappng-
λαληθέντων	lalhqe/ntwn	λαλέω	lale/w	v-pappmg-
λαληθέντων	lalhqe/ntwn	λαλέω	lale/w	v-pappng-
λαλουμένοις	laloume/nois	λαλέω	lale/w	v-pppemd-
λαλουμένοις	laloume/nois	λαλέω	lale/w	v-pppend-
λαλούντων	lalou/ntwn	λαλέω	lale/w	v-pppamg-
λαλούντων	lalou/ntwn	λαλέω	lale/w	v-pppang-
λαλούντων	lalou/ntwn	λαλέω	lale/w	v3ppma---
λαλοῦντος	lalou=ntos	λαλέω	lale/w	v-sppamg-
λαλοῦντος	lalou=ntos	λαλέω	lale/w	v-sppang-
λαλῆσαι	lalh=sai	λαλέω	lale/w	v--ana---
λαλῶν	lalw=n	λάλη	la/lh	n-p---fg-
λαλῶν	lalw=n	λαλάζω	lala/zw	v-sfpamv-
λαλῶν	lalw=n	λαλάζω	lala/zw	v-sfpann-
λαλῶν	lalw=n	λαλάζω	lala/zw	v-sfpanv-
λαλῶν	lalw=n	λαλάζω	lala/zw	v-sfpana-
λαλῶν	lalw=n	λαλάζω	lala/zw	v-sfpamn-
λαλῶν	lalw=n	λαλέω	lale/w	v-sppamn-
λαμβάνει	lamba/nei	λαμβάνω	lamba/nw	v2spie---
λαμβάνει	lamba/nei	λαμβάνω	lamba/nw	v3spia---
λαμβάνεις	lamba/neis	λαμβάνω	lamba/nw	v2spia---
λαμπράν	lampra/n	λαμπρός	lampro/s	a-s---fa-
λαμπρῶς	lamprw=s	λαμπρός	lampro/s	x--------
λαξευτῷ	laceutw=|	λαξευτός	laceuto/s	a-s---md-
λαξευτῷ	laceutw=|	λαξευτός	laceuto/s	a-s---nd-
λαοῦ	laou=	λαός	lao/s	n-s---mg-
λατρεύειν	latreu/ein	λατρεύω	latreu/w	v--pna---
λατρεύουσα	latreu/ousa	λατρεύω	latreu/w	v-sppafn-
λατρεύουσα	latreu/ousa	λατρεύω	latreu/w	v-sppafv-
λατρεύσεις	latreu/seis	λάτρευσις	la/treusis	n-p---fn-
λατρεύσεις	latreu/seis	λάτρευσις	la/treusis	n-p---fv-
λατρεύσεις	latreu/seis	λάτρευσις	la/treusis	n-p---fn-
λατρεύσεις	latreu/seis	λάτρευσις	la/treusis	n-p---fa-
λατρεύσεις	latreu/seis	λατρεύω	latreu/w	v2sasa---
λατρεύσεις	latreu/seis	λατρεύω	latreu/w	v2sfia---
λαόν	lao/n	λαός	lao/s	n-s---ma-
λαός	lao/s	λαός	lao/s	n-s---mn-
λαῖλαψ	lai=lay	λαῖλαψ	lai=lay	n-s---fn-
λαῖλαψ	lai=lay	λαῖλαψ	lai=lay	n-s---fv-
λαῶν	law=n	λαός	lao/s	n-p---mg-
λαῷ	law=|	λαός	lao/s	n-s---md-
λεγομένη	legome/nh	λέγω1	le/gw1	v-sppefn-
λεγομένη	legome/nh	λέγω1	le/gw1	v-sppefv-
λεγομένη	legome/nh	λέγω2	le/gw2	v-sppefn-
λεγομένη	legome/nh	λέγω2	le/gw2	v-sppefv-
λεγομένη	legome/nh	λέγω3	le/gw3	v-sppefn-
λεγομένη	legome/nh	λέγω3	le/gw3	v-sppefv-
λεγόμενα	lego/mena	λέγω1	le/gw1	v-pppenn-
λεγόμενα	lego/mena	λέγω1	le/gw1	v-pppenv-
λεγόμενα	lego/mena	λέγω1	le/gw1	v-pppena-
λεγόμενα	lego/mena	λέγω2	le/gw2	v-pppenn-
λεγόμενα	lego/mena	λέγω2	le/gw2	v-pppenv-
λεγόμενα	lego/mena	λέγω2	le/gw2	v-pppena-
λεγόμενα	lego/mena	λέγω3	le/gw3	v-pppenn-
λεγόμενα	lego/mena	λέγω3	le/gw3	v-pppenv-
λεγόμενα	lego/mena	λέγω3	le/gw3	v-pppena-
λεγόμενος	lego/menos	λέγω1	le/gw1	v-sppemn-
λεγόμενος	lego/menos	λέγω2	le/gw2	v-sppemn-
λεγόμενος	lego/menos	λέγω3	le/gw3	v-sppemn-
λεγόντων	lego/ntwn	λέγω1	le/gw1	v-pppamg-
λεγόντων	lego/ntwn	λέγω1	le/gw1	v-pppang-
λεγόντων	lego/ntwn	λέγω1	le/gw1	v3ppma---
λεγόντων	lego/ntwn	λέγω2	le/gw2	v-pppamg-
λεγόντων	lego/ntwn	λέγω2	le/gw2	v-pppang-
λεγόντων	lego/ntwn	λέγω2	le/gw2	v3ppma---
λεγόντων	lego/ntwn	λέγω3	le/gw3	v-pppamg-
λεγόντων	lego/ntwn	λέγω3	le/gw3	v-pppang-
λεγόντων	lego/ntwn	λέγω3	le/gw3	v3ppma---
λειτουργίας	leitourgi/as	λειτουργία	leitourgi/a	n-p---fa-
λειτουργίας	leitourgi/as	λειτουργία	leitourgi/a	n-s---fg-
λελαλημένοις	lelalhme/nois	λαλέω	lale/w	v-prpemd-
λελαλημένοις	lelalhme/nois	λαλέω	lale/w	v-prpend-
λεπροί	leproi/	λεπρόομαι	lepro/omai	v2spse---
λεπροί	leproi/	λεπρόομαι	lepro/omai	v2spie---
λεπροί	leproi/	λεπρός	lepro/s	a-p---mn-
λεπροί	leproi/	λεπρός	lepro/s	a-p---mv-
λεπτόν	lepto/n	λεπτόν	lepto/n	n-s---nn-
λεπτόν	lepto/n	λεπτόν	lepto/n	n-s---nv-
λεπτόν	lepto/n	λεπτόν	lepto/n	n-s---na-
λεπτόν	lepto/n	λεπτός	lepto/s	a-s---ma-
λεπτόν	lepto/n	λεπτός	lepto/s	a-s---nn-
λεπτόν	lepto/n	λεπτός	lepto/s	a-s---nv-
λεπτόν	lepto/n	λεπτός	lepto/s	a-s---na-
λευκός	leuko/s	λευκός	leuko/s	a-s---mn-
λείας	lei/as	λεία	lei/a	n-p---fa-
λείας	lei/as	λεία	lei/a	n-s---fg-
λείας	lei/as	λεῖος	lei=os	a-p---fa-
λείας	lei/as	λεῖος	lei=os	a-s---fg-
λείπει	lei/pei	λείπω	lei/pw	v2spie---
λείπει	lei/pei	λείπω	lei/pw	v3spia---
λιθοβολοῦσα	liqobolou=sa	λιθοβολέω	liqobole/w	v-sppafn-
λιθοβολοῦσα	liqobolou=sa	λιθοβολέω	liqobole/w	v-sppafv-
λικμήσει	likmh/sei	λικμάω	likma/w	v3sasa---
λικμήσει	likmh/sei	λικμάω	likma/w	v2sfim---
λικμήσει	likmh/sei	λικμάω	likma/w	v3sfia---
λιμός	limo/s	λιμός	limo/s	n-s---mn-
λιμός	limo/s	λιμός	limo/s	n-s---fn-
λοιπαί	loipai/	λοιπός	loipo/s	a-p---fn-
λοιπαί	loipai/	λοιπός	loipo/s	a-p---fv-
λοιποί	loipoi/	λοιπός	loipo/s	a-p---mn-
λοιποί	loipoi/	λοιπός	loipo/s	a-p---mv-
λοιπούς	loipou/s	λοιπός	loipo/s	a-p---ma-
λοιποῖς	loipoi=s	λοιπός	loipo/s	a-p---md-
λοιποῖς	loipoi=s	λοιπός	loipo/s	a-p---nd-
λοιπῶν	loipw=n	λοιπάζω	loipa/zw	v-sfpamv-
λοιπῶν	loipw=n	λοιπάζω	loipa/zw	v-sfpann-
λοιπῶν	loipw=n	λοιπάζω	loipa/zw	v-sfpanv-
λοιπῶν	loipw=n	λοιπάζω	loipa/zw	v-sfpana-
λοιπῶν	loipw=n	λοιπάζω	loipa/zw	v-sfpamn-
λοιπῶν	loipw=n	λοιπός	loipo/s	a-p---fg-
λοιπῶν	loipw=n	λοιπός	loipo/s	a-p---mg-
λοιπῶν	loipw=n	λοιπός	loipo/s	a-p---ng-
λυθῆναι	luqh=nai	λύω	lu/w	v--anp---
λυσιτελεῖ	lusitelei=	λυσιτελέω	lusitele/w	v2spie---
λυσιτελεῖ	lusitelei=	λυσιτελέω	lusitele/w	v3spia---
λυσιτελεῖ	lusitelei=	λυσιτελής	lusitelh/s	n-d---mn-
λυσιτελεῖ	lusitelei=	λυσιτελής	lusitelh/s	n-d---mv-
λυσιτελεῖ	lusitelei=	λυσιτελής	lusitelh/s	n-d---ma-
λυσιτελεῖ	lusitelei=	λυσιτελής	lusitelh/s	n-d---fn-
λυσιτελεῖ	lusitelei=	λυσιτελής	lusitelh/s	n-d---fv-
λυσιτελεῖ	lusitelei=	λυσιτελής	lusitelh/s	n-d---fa-
λυσιτελεῖ	lusitelei=	λυσιτελής	lusitelh/s	n-d---nn-
λυσιτελεῖ	lusitelei=	λυσιτελής	lusitelh/s	n-d---nv-
λυσιτελεῖ	lusitelei=	λυσιτελής	lusitelh/s	n-d---na-
λυσιτελεῖ	lusitelei=	λυσιτελής	lusitelh/s	n-s---md-
λυσιτελεῖ	lusitelei=	λυσιτελής	lusitelh/s	n-s---fd-
λυσιτελεῖ	lusitelei=	λυσιτελής	lusitelh/s	n-s---nd-
λυτροῦσθαι	lutrou=sqai	λυτρόω	lutro/w	v--pne---
λυχνίαν	luxni/an	λυχνία	luxni/a	n-s---fa-
λυχνίαν	luxni/an	λυχνίας	luxni/as	n-s---ma-
λυχνίαν	luxni/an	λυχνίας	luxni/as	n-s---ma-
λυχνίας	luxni/as	λυχνία	luxni/a	n-p---fa-
λυχνίας	luxni/as	λυχνία	luxni/a	n-s---fg-
λυχνίας	luxni/as	λυχνίας	luxni/as	n-p---ma-
λυχνίας	luxni/as	λυχνίας	luxni/as	n-s---mn-
λυόντων	luo/ntwn	λύω	lu/w	v-pppamg-
λυόντων	luo/ntwn	λύω	lu/w	v-pppang-
λυόντων	luo/ntwn	λύω	lu/w	v3ppma---
λυόντων	luo/ntwn	λύω	lu/w	v-pppamg-
λυόντων	luo/ntwn	λύω	lu/w	v-pppang-
λυόντων	luo/ntwn	λύω	lu/w	v3ppma---
λάβῃ	la/bh|	λαμβάνω	lamba/nw	v2sase---
λάβῃ	la/bh|	λαμβάνω	lamba/nw	v3sasa---
λάμπει	la/mpei	λάμπω	la/mpw	v2spie---
λάμπει	la/mpei	λάμπω	la/mpw	v3spia---
λάχανον	la/xanon	λάχανον	la/xanon	n-s---nn-
λάχανον	la/xanon	λάχανον	la/xanon	n-s---nv-
λάχανον	la/xanon	λάχανον	la/xanon	n-s---na-
λέγει	le/gei	λέγω1	le/gw1	v2spie---
λέγει	le/gei	λέγω1	le/gw1	v3spia---
λέγει	le/gei	λέγω2	le/gw2	v2spie---
λέγει	le/gei	λέγω2	le/gw2	v3spia---
λέγει	le/gei	λέγω3	le/gw3	v2spie---
λέγει	le/gei	λέγω3	le/gw3	v3spia---
λέγειν	le/gein	λέγω1	le/gw1	v--pna---
λέγειν	le/gein	λέγω2	le/gw2	v--pna---
λέγειν	le/gein	λέγω3	le/gw3	v--pna---
λέγεις	le/geis	λέγω1	le/gw1	v2spia---
λέγεις	le/geis	λέγω2	le/gw2	v2spia---
λέγεις	le/geis	λέγω3	le/gw3	v2spia---
λέγεσθαι	le/gesqai	λέγω1	le/gw1	v--pne---
λέγεσθαι	le/gesqai	λέγω2	le/gw2	v--pne---
λέγεσθαι	le/gesqai	λέγω3	le/gw3	v--pne---
λέγετε	le/gete	λέγω1	le/gw1	v2ppma---
λέγετε	le/gete	λέγω1	le/gw1	v2ppia---
λέγετε	le/gete	λέγω1	le/gw1	v2piia---
λέγετε	le/gete	λέγω2	le/gw2	v2ppma---
λέγετε	le/gete	λέγω2	le/gw2	v2ppia---
λέγετε	le/gete	λέγω2	le/gw2	v2piia---
λέγετε	le/gete	λέγω3	le/gw3	v2ppma---
λέγετε	le/gete	λέγω3	le/gw3	v2ppia---
λέγετε	le/gete	λέγω3	le/gw3	v2piia---
λέγοντα	le/gonta	λέγω1	le/gw1	v-pppann-
λέγοντα	le/gonta	λέγω1	le/gw1	v-pppanv-
λέγοντα	le/gonta	λέγω1	le/gw1	v-pppana-
λέγοντα	le/gonta	λέγω1	le/gw1	v-sppama-
λέγοντα	le/gonta	λέγω2	le/gw2	v-pppann-
λέγοντα	le/gonta	λέγω2	le/gw2	v-pppanv-
λέγοντα	le/gonta	λέγω2	le/gw2	v-pppana-
λέγοντα	le/gonta	λέγω2	le/gw2	v-sppama-
λέγοντα	le/gonta	λέγω3	le/gw3	v-pppann-
λέγοντα	le/gonta	λέγω3	le/gw3	v-pppanv-
λέγοντα	le/gonta	λέγω3	le/gw3	v-pppana-
λέγοντα	le/gonta	λέγω3	le/gw3	v-sppama-
λέγοντας	le/gontas	λέγω1	le/gw1	v-pppama-
λέγοντας	le/gontas	λέγω2	le/gw2	v-pppama-
λέγοντας	le/gontas	λέγω3	le/gw3	v-pppama-
λέγοντες	le/gontes	λέγω1	le/gw1	v-pppamn-
λέγοντες	le/gontes	λέγω1	le/gw1	v-pppamv-
λέγοντες	le/gontes	λέγω2	le/gw2	v-pppamn-
λέγοντες	le/gontes	λέγω2	le/gw2	v-pppamv-
λέγοντες	le/gontes	λέγω3	le/gw3	v-pppamn-
λέγοντες	le/gontes	λέγω3	le/gw3	v-pppamv-
λέγοντος	le/gontos	λέγω1	le/gw1	v-sppamg-
λέγοντος	le/gontos	λέγω1	le/gw1	v-sppang-
λέγοντος	le/gontos	λέγω2	le/gw2	v-sppamg-
λέγοντος	le/gontos	λέγω2	le/gw2	v-sppang-
λέγοντος	le/gontos	λέγω3	le/gw3	v-sppamg-
λέγοντος	le/gontos	λέγω3	le/gw3	v-sppang-
λέγουσα	le/gousa	λέγω1	le/gw1	v-sppafn-
λέγουσα	le/gousa	λέγω1	le/gw1	v-sppafv-
λέγουσα	le/gousa	λέγω2	le/gw2	v-sppafn-
λέγουσα	le/gousa	λέγω2	le/gw2	v-sppafv-
λέγουσα	le/gousa	λέγω3	le/gw3	v-sppafn-
λέγουσα	le/gousa	λέγω3	le/gw3	v-sppafv-
λέγουσαι	le/gousai	λέγω1	le/gw1	v-pppafn-
λέγουσαι	le/gousai	λέγω1	le/gw1	v-pppafv-
λέγουσαι	le/gousai	λέγω2	le/gw2	v-pppafn-
λέγουσαι	le/gousai	λέγω2	le/gw2	v-pppafv-
λέγουσαι	le/gousai	λέγω3	le/gw3	v-pppafn-
λέγουσαι	le/gousai	λέγω3	le/gw3	v-pppafv-
λέγουσιν	le/gousin	λέγω1	le/gw1	v-pppamd-
λέγουσιν	le/gousin	λέγω1	le/gw1	v-pppand-
λέγουσιν	le/gousin	λέγω1	le/gw1	v3ppia---
λέγουσιν	le/gousin	λέγω2	le/gw2	v-pppamd-
λέγουσιν	le/gousin	λέγω2	le/gw2	v-pppand-
λέγουσιν	le/gousin	λέγω2	le/gw2	v3ppia---
λέγουσιν	le/gousin	λέγω3	le/gw3	v-pppamd-
λέγουσιν	le/gousin	λέγω3	le/gw3	v-pppand-
λέγουσιν	le/gousin	λέγω3	le/gw3	v3ppia---
λέγω	le/gw	λέγος	le/gos	a-d---mn-
λέγω	le/gw	λέγος	le/gos	a-d---mv-
λέγω	le/gw	λέγος	le/gos	a-d---ma-
λέγω	le/gw	λέγος	le/gos	a-d---nn-
λέγω	le/gw	λέγος	le/gos	a-d---nv-
λέγω	le/gw	λέγος	le/gos	a-d---na-
λέγω	le/gw	λέγος	le/gos	a-s---mg-
λέγω	le/gw	λέγος	le/gos	a-s---ng-
λέγω	le/gw	λέγω1	le/gw1	v1spsa---
λέγω	le/gw	λέγω1	le/gw1	v1spia---
λέγω	le/gw	λέγω2	le/gw2	v1spsa---
λέγω	le/gw	λέγω2	le/gw2	v1spia---
λέγω	le/gw	λέγω3	le/gw3	v1spsa---
λέγω	le/gw	λέγω3	le/gw3	v1spia---
λέγω’	le/gw'	λέγος	le/gos	a-s---md-
λέγω’	le/gw'	λέγος	le/gos	a-s---nd-
λέγων	le/gwn	λέγος	le/gos	a-p---fg-
λέγων	le/gwn	λέγος	le/gos	a-p---mg-
λέγων	le/gwn	λέγος	le/gos	a-p---ng-
λέγων	le/gwn	λέγω1	le/gw1	v-sppamn-
λέγων	le/gwn	λέγω2	le/gw2	v-sppamn-
λέγων	le/gwn	λέγω3	le/gw3	v-sppamn-
λέπρα	le/pra	λέπρα	le/pra	n-d---fn-
λέπρα	le/pra	λέπρα	le/pra	n-d---fv-
λέπρα	le/pra	λέπρα	le/pra	n-d---fa-
λέπρα	le/pra	λέπρα	le/pra	n-s---fn-
λέπρα	le/pra	λέπρα	le/pra	n-s---fv-
λέπρα	le/pra	λεπράω	lepra/w	v2spma---
λέπρα	le/pra	λεπράω	lepra/w	v3siia---
λέπρας	le/pras	λέπρα	le/pra	n-p---fa-
λέπρας	le/pras	λέπρα	le/pra	n-s---fg-
λέπρας	le/pras	λεπράω	lepra/w	v2spia---
λέπρας	le/pras	λεπράω	lepra/w	v2siia---
λίαν	li/an	λίαν	li/an	d--------
λίθοι	li/qoi	λίθος	li/qos	n-p---mn-
λίθοι	li/qoi	λίθος	li/qos	n-p---mv-
λίθοις	li/qois	λίθος	li/qos	n-p---md-
λίθον	li/qon	λίθος	li/qos	n-s---ma-
λίθος	li/qos	λίθος	li/qos	n-s---mn-
λίθου	li/qou	λίθος	li/qos	n-s---mg-
λίθου	li/qou	λιθόομαι	liqo/omai	v2spma---
λίθου	li/qou	λιθόομαι	liqo/omai	v3siia---
λίθου	li/qou	λιθόω	liqo/w	v2spma---
λίθου	li/qou	λιθόω	liqo/w	v3siia---
λίθων	li/qwn	λίθος	li/qos	n-p---mg-
λίθων	li/qwn	λιθάω	liqa/w	v3piia---
λίθων	li/qwn	λιθάω	liqa/w	v1siia---
λίθῳ	li/qw|	λίθος	li/qos	n-s---md-
λίμνην	li/mnhn	λίμνη	li/mnh	n-s---fa-
λίμνης	li/mnhs	λίμνη	li/mnh	n-s---fg-
λίμνης	li/mnhs	λιμνει	limnei	n-p---fn-
λίμνης	li/mnhs	λιμνει	limnei	n-p---fv-
λόγοι	lo/goi	λόγος	lo/gos	n-p---mn-
λόγοι	lo/goi	λόγος	lo/gos	n-p---mv-
λόγοις	lo/gois	λόγος	lo/gos	n-p---md-
λόγον	lo/gon	λόγος	lo/gos	n-s---ma-
λόγος	lo/gos	λόγος	lo/gos	n-s---mn-
λόγου	lo/gou	λόγος	lo/gos	n-s---mg-
λόγου	lo/gou	λογόω	logo/w	v2spma---
λόγου	lo/gou	λογόω	logo/w	v3siia---
λόγους	lo/gous	λόγος	lo/gos	n-p---ma-
λόγους	lo/gous	λογόω	logo/w	v2siia---
λόγων	lo/gwn	λόγος	lo/gos	n-p---mg-
λόγων	lo/gwn	λογάω	loga/w	v3piia---
λόγων	lo/gwn	λογάω	loga/w	v1siia---
λόγῳ	lo/gw|	λόγος	lo/gos	n-s---md-
λύει	lu/ei	λύω	lu/w	v2spie---
λύει	lu/ei	λύω	lu/w	v3spia---
λύει	lu/ei	λύω	lu/w	v2spie---
λύει	lu/ei	λύω	lu/w	v3spia---
λύει	lu/ei	λυάω	lua/w	v2spma---
λύει	lu/ei	λυάω	lua/w	v3siia---
λύετε	lu/ete	λύω	lu/w	v2ppma---
λύετε	lu/ete	λύω	lu/w	v2ppia---
λύετε	lu/ete	λύω	lu/w	v2ppma---
λύετε	lu/ete	λύω	lu/w	v2ppia---
λύετε	lu/ete	λύω	lu/w	v2piia---
λύετε	lu/ete	λύω	lu/w	v2piia---
λύκων	lu/kwn	λύκος	lu/kos	n-p---mg-
λύκων	lu/kwn	λυκόω	luko/w	v3piia---
λύκων	lu/kwn	λυκόω	luko/w	v1siia---
λύπης	lu/phs	λύπη	lu/ph	n-s---fg-
λύπης	lu/phs	λυπέω	lupe/w	v2siia---
λύσαντες	lu/santes	λύω	lu/w	v-papamn-
λύσαντες	lu/santes	λύω	lu/w	v-papamv-
λύτρωσιν	lu/trwsin	λύτρωσις	lu/trwsis	n-s---fa-
λύχνοι	lu/xnoi	λύχνος	lu/xnos	n-p---mn-
λύχνοι	lu/xnoi	λύχνος	lu/xnos	n-p---mv-
λύχνον	lu/xnon	λύχνον	lu/xnon	n-s---nn-
λύχνον	lu/xnon	λύχνον	lu/xnon	n-s---nv-
λύχνον	lu/xnon	λύχνον	lu/xnon	n-s---na-
λύχνον	lu/xnon	λύχνος	lu/xnos	n-s---ma-
λύχνος	lu/xnos	λύχνος	lu/xnos	n-s---mn-
λῃσταῖς	lh|stai=s	ληιστής	lhisth/s	n-p---md-
λῃσταῖς	lh|stai=s	ληιστός	lhisto/s	a-p---fd-
λῃσταῖς	lh|stai=s	λῃστής	lh|sth/s	n-p---md-
λῃστάς	lh|sta/s	ληιστής	lhisth/s	n-p---ma-
λῃστάς	lh|sta/s	ληιστής	lhisth/s	n-s---mn-
λῃστάς	lh|sta/s	ληιστός	lhisto/s	a-p---fa-
λῃστάς	lh|sta/s	λῃστής	lh|sth/s	n-p---ma-
λῃστάς	lh|sta/s	λῃστής	lh|sth/s	n-s---mn-
λῃστήν	lh|sth/n	ληιστής	lhisth/s	n-s---ma-
λῃστήν	lh|sth/n	ληιστός	lhisto/s	a-s---fa-
λῃστήν	lh|sth/n	λῃστής	lh|sth/s	n-s---ma-
λῃστῶν	lh|stw=n	ληιστής	lhisth/s	n-p---mg-
λῃστῶν	lh|stw=n	ληιστός	lhisto/s	a-p---fg-
λῃστῶν	lh|stw=n	ληιστός	lhisto/s	a-p---mg-
λῃστῶν	lh|stw=n	ληιστός	lhisto/s	a-p---ng-
λῃστῶν	lh|stw=n	λῃστής	lh|sth/s	n-p---mg-
λῆρος	lh=ros	λῆρος	lh=ros	n-s---mn-
λῦσαι	lu=sai	λύω	lu/w	v2samm---
λῦσαι	lu=sai	λύω	lu/w	v--ana---
μαθηταί	maqhtai/	μαθητής	maqhth/s	n-p---mn-
μαθηταί	maqhtai/	μαθητής	maqhth/s	n-p---mv-
μαθηταί	maqhtai/	μαθητός	maqhto/s	a-p---fn-
μαθηταί	maqhtai/	μαθητός	maqhto/s	a-p---fv-
μαθηταῖς	maqhtai=s	μαθητής	maqhth/s	n-p---md-
μαθηταῖς	maqhtai=s	μαθητός	maqhto/s	a-p---fd-
μαθητάς	maqhta/s	μαθητής	maqhth/s	n-p---ma-
μαθητάς	maqhta/s	μαθητής	maqhth/s	n-s---mn-
μαθητάς	maqhta/s	μαθητός	maqhto/s	a-p---fa-
μαθητής	maqhth/s	μαθητής	maqhth/s	n-s---mn-
μαθητῶν	maqhtw=n	μαθητής	maqhth/s	n-p---mg-
μαθητῶν	maqhtw=n	μαθητός	maqhto/s	a-p---fg-
μαθητῶν	maqhtw=n	μαθητός	maqhto/s	a-p---mg-
μαθητῶν	maqhtw=n	μαθητός	maqhto/s	a-p---ng-
μακαριοῦσίν	makariou=si/n	μακαρίζω	makari/zw	v-pfpamd-
μακαριοῦσίν	makariou=si/n	μακαρίζω	makari/zw	v-pfpand-
μακαριοῦσίν	makariou=si/n	μακαρίζω	makari/zw	v3pfia---
μακαρία	makari/a	μακάριος	maka/rios	a-d---fn-
μακαρία	makari/a	μακάριος	maka/rios	a-d---fv-
μακαρία	makari/a	μακάριος	maka/rios	a-d---fa-
μακαρία	makari/a	μακάριος	maka/rios	a-s---fn-
μακαρία	makari/a	μακάριος	maka/rios	a-s---fv-
μακαρία	makari/a	μακαρία	makari/a	n-d---fn-
μακαρία	makari/a	μακαρία	makari/a	n-d---fv-
μακαρία	makari/a	μακαρία	makari/a	n-d---fa-
μακαρία	makari/a	μακαρία	makari/a	n-s---fn-
μακαρία	makari/a	μακαρία	makari/a	n-s---fv-
μακροθυμεῖ	makroqumei=	μακροθυμέω	makroqume/w	v2spie---
μακροθυμεῖ	makroqumei=	μακροθυμέω	makroqume/w	v3spia---
μακρά	makra/	μακρός	makro/s	a-p---nn-
μακρά	makra/	μακρός	makro/s	a-p---nv-
μακρά	makra/	μακρός	makro/s	a-p---na-
μακρά	makra/	μακρός	makro/s	a-d---fn-
μακρά	makra/	μακρός	makro/s	a-d---fv-
μακρά	makra/	μακρός	makro/s	a-d---fa-
μακρά	makra/	μακρός	makro/s	a-s---fn-
μακρά	makra/	μακρός	makro/s	a-s---fv-
μακράν	makra/n	μακράν	makra/n	d--------
μακράν	makra/n	μακρός	makro/s	a-s---fa-
μακρόθεν	makro/qen	μακρόθεν	makro/qen	d--------
μακάριοι	maka/rioi	μακάριος	maka/rios	a-p---mn-
μακάριοι	maka/rioi	μακάριος	maka/rios	a-p---mv-
μακάριοι	maka/rioi	μακάριος	maka/rios	n-p---mn-
μακάριοι	maka/rioi	μακάριος	maka/rios	n-p---mv-
μακάριοι	maka/rioi	μακάριος	maka/rios	n-p---fn-
μακάριοι	maka/rioi	μακάριος	maka/rios	n-p---fv-
μακάριος	maka/rios	μακάριος	maka/rios	a-s---mn-
μακάριος	maka/rios	μακάριος	maka/rios	n-s---mn-
μακάριος	maka/rios	μακάριος	maka/rios	n-s---fn-
μακάριοί	maka/rioi/	μακάριος	maka/rios	a-p---mn-
μακάριοί	maka/rioi/	μακάριος	maka/rios	a-p---mv-
μακάριοί	maka/rioi/	μακάριος	maka/rios	n-p---mn-
μακάριοί	maka/rioi/	μακάριος	maka/rios	n-p---mv-
μακάριοί	maka/rioi/	μακάριος	maka/rios	n-p---fn-
μακάριοί	maka/rioi/	μακάριος	maka/rios	n-p---fv-
μακάριός	maka/rio/s	μακάριος	maka/rios	a-s---mn-
μακάριός	maka/rio/s	μακάριος	maka/rios	n-s---mn-
μακάριός	maka/rio/s	μακάριος	maka/rios	n-s---fn-
μαλακοῖς	malakoi=s	μαλακός	malako/s	a-p---md-
μαλακοῖς	malakoi=s	μαλακός	malako/s	a-p---nd-
μαλακοῖς	malakoi=s	μαλακόω	malako/w	v2spoa---
μαλακοῖς	malakoi=s	μαλακόω	malako/w	v2spsa---
μαλακοῖς	malakoi=s	μαλακόω	malako/w	v2spia---
μαρτυρίας	marturi/as	μαρτυρία	marturi/a	n-p---fa-
μαρτυρίας	marturi/as	μαρτυρία	marturi/a	n-s---fg-
μαρτύριον	martu/rion	μαρτύριον	martu/rion	n-s---nn-
μαρτύριον	martu/rion	μαρτύριον	martu/rion	n-s---nv-
μαρτύριον	martu/rion	μαρτύριον	martu/rion	n-s---na-
μαρτύριον	martu/rion	μαρτυρέω	marture/w	v3piia---
μαρτύριον	martu/rion	μαρτυρέω	marture/w	v1siia---
μαστιγώσαντες	mastigw/santes	μαστιγόω	mastigo/w	v-papamn-
μαστιγώσαντες	mastigw/santes	μαστιγόω	mastigo/w	v-papamv-
μαστοί	mastoi/	μαστός	masto/s	n-p---mn-
μαστοί	mastoi/	μαστός	masto/s	n-p---mv-
μαστίγων	masti/gwn	μάστιξ	ma/stic	n-p---fg-
μαστίγων	masti/gwn	μαστιγόω	mastigo/w	v3piia---
μαστίγων	masti/gwn	μαστιγόω	mastigo/w	v1siia---
μαχαιρῶν	maxairw=n	μάχαιρα	ma/xaira	n-p---fg-
μαχαίρης	maxai/rhs	μάχαιρα	ma/xaira	n-s---fg-
μαχαίρῃ	maxai/rh|	μάχαιρα	ma/xaira	n-s---fd-
με	me	ἐγώ	e)gw/	p-s---ma-
με	me	ἐγώ	e)gw/	p-s---fa-
με’	me'	ἐγώ	e)gw/	p-s---mg-
με’	me'	ἐγώ	e)gw/	p-s---fg-
μεγαλειότητι	megaleio/thti	μεγαλειότης	megaleio/ths	n-s---fd-
μεγάλα	mega/la	μέγας	me/gas	a-d---fn-
μεγάλα	mega/la	μέγας	me/gas	a-d---fv-
μεγάλα	mega/la	μέγας	me/gas	a-d---fa-
μεγάλα	mega/la	μέγας	me/gas	a-s---fn-
μεγάλα	mega/la	μέγας	me/gas	a-s---fv-
μεγάλα	mega/la	μέγας	me/gas	a-p---nn-
μεγάλα	mega/la	μέγας	me/gas	a-p---nv-
μεγάλα	mega/la	μέγας	me/gas	a-p---na-
μεγάλα	mega/la	μέγας	me/gas	a-p---nv-
μεγάλα	mega/la	μέγας	me/gas	a-d---fv-
μεγάλα	mega/la	μέγας	me/gas	a-s---fv-
μεγάλα’	mega/la'	μέγας	me/gas	a-s---fd-
μεγάλα’	mega/la'	μέγας	me/gas	a-p---fn-
μεγάλα’	mega/la'	μέγας	me/gas	a-p---fv-
μεγάλα’	mega/la'	μέγας	me/gas	a-p---fv-
μεγάλαις	mega/lais	μέγας	me/gas	a-p---fd-
μεγάλη	mega/lh	μέγας	me/gas	a-s---fn-
μεγάλη	mega/lh	μέγας	me/gas	a-s---fv-
μεγάλη	mega/lh	μέγας	me/gas	a-s---fv-
μεγάλην	mega/lhn	μέγας	me/gas	a-s---fa-
μεγάλης	mega/lhs	μέγας	me/gas	a-s---fg-
μεγάλοι	mega/loi	μέγας	me/gas	a-p---mn-
μεγάλοι	mega/loi	μέγας	me/gas	a-p---mv-
μεγάλοι	mega/loi	μέγας	me/gas	a-p---mv-
μεγάλῃ	mega/lh|	μέγας	me/gas	a-s---fd-
μεγάλῳ	mega/lw|	μέγας	me/gas	a-s---md-
μεγάλῳ	mega/lw|	μέγας	me/gas	a-s---nd-
μεθύσκεσθαι	mequ/skesqai	μεθύσκω	mequ/skw	v--pne---
μελλούσης	mellou/shs	μέλλω	me/llw	v-sppafg-
μεριμνήσητε	merimnh/shte	μεριμνάω	merimna/w	v2pasa---
μεριμνᾶτε	merimna=te	μεριμνάω	merimna/w	v2ppma---
μεριμνᾶτε	merimna=te	μεριμνάω	merimna/w	v2ppsa---
μεριμνᾶτε	merimna=te	μεριμνάω	merimna/w	v2ppia---
μεριμνᾶτε	merimna=te	μεριμνάω	merimna/w	v2piia---
μεριμνᾷς	merimna=|s	μεριμνάω	merimna/w	v2spsa---
μεριμνᾷς	merimna=|s	μεριμνάω	merimna/w	v2spia---
μεριμνῶν	merimnw=n	μέριμνα	me/rimna	n-p---fg-
μεριμνῶν	merimnw=n	μεριμνάω	merimna/w	v-sppamv-
μεριμνῶν	merimnw=n	μεριμνάω	merimna/w	v-sppann-
μεριμνῶν	merimnw=n	μεριμνάω	merimna/w	v-sppanv-
μεριμνῶν	merimnw=n	μεριμνάω	merimna/w	v-sppana-
μεριμνῶν	merimnw=n	μεριμνάω	merimna/w	v-sppamn-
μεριμνῶν	merimnw=n	μεριμνάω	merimna/w	v-sppamn-
μεριστήν	meristh/n	μεριστής	meristh/s	n-s---ma-
μεριστήν	meristh/n	μεριστός	meristo/s	a-s---fa-
μερίδα	meri/da	μερίς	meri/s	n-s---fa-
μερίμναις	meri/mnais	μέριμνα	me/rimna	n-p---fd-
μερίσασθαι	meri/sasqai	μερίζω	meri/zw	v--anm---
μεσονυκτίου	mesonukti/ou	μεσονύκτιον	mesonu/ktion	n-s---ng-
μεσονυκτίου	mesonukti/ou	μεσονύκτιος	mesonu/ktios	n-s---mg-
μεσονυκτίου	mesonukti/ou	μεσονύκτιος	mesonu/ktios	n-s---fg-
μεσονυκτίου	mesonukti/ou	μεσονύκτιος	mesonu/ktios	n-s---ng-
μεταβαίνετε	metabai/nete	μεταβαίνω	metabai/nw	v2ppma---
μεταβαίνετε	metabai/nete	μεταβαίνω	metabai/nw	v2ppia---
μεταβαίνετε	metabai/nete	μεταβαίνω	metabai/nw	v2piia---
μεταδότω	metado/tw	μεταδίδωμι	metadi/dwmi	v3sama---
μεταδότω	metado/tw	μεταδότης	metado/ths	n-s---mg-
μετανοοῦντι	metanoou=nti	μετανοέω	metanoe/w	v-sppamd-
μετανοοῦντι	metanoou=nti	μετανοέω	metanoe/w	v-sppand-
μετανοοῦντι	metanoou=nti	μετανοέω	metanoe/w	v3ppia---
μετανοοῦντι	metanoou=nti	μετανοέω	metanoe/w	v-sppamd-
μετανοοῦντι	metanoou=nti	μετανοέω	metanoe/w	v-sppand-
μετανοοῦντι	metanoou=nti	μετανοέω	metanoe/w	v3ppia---
μετανοήσουσιν	metanoh/sousin	μετανοέω	metanoe/w	v3pasa---
μετανοήσουσιν	metanoh/sousin	μετανοέω	metanoe/w	v-pfpamd-
μετανοήσουσιν	metanoh/sousin	μετανοέω	metanoe/w	v-pfpand-
μετανοήσουσιν	metanoh/sousin	μετανοέω	metanoe/w	v3pfia---
μετανοήσουσιν	metanoh/sousin	μετανοέω	metanoe/w	v3pasa---
μετανοήσουσιν	metanoh/sousin	μετανοέω	metanoe/w	v-pfpamd-
μετανοήσουσιν	metanoh/sousin	μετανοέω	metanoe/w	v-pfpand-
μετανοήσουσιν	metanoh/sousin	μετανοέω	metanoe/w	v3pfia---
μετανοήσῃ	metanoh/sh|	μετανοέω	metanoe/w	v2sasm---
μετανοήσῃ	metanoh/sh|	μετανοέω	metanoe/w	v3sasa---
μετανοήσῃ	metanoh/sh|	μετανοέω	metanoe/w	v2sfim---
μετανοήσῃ	metanoh/sh|	μετανοέω	metanoe/w	v2sasm---
μετανοήσῃ	metanoh/sh|	μετανοέω	metanoe/w	v3sasa---
μετανοήσῃ	metanoh/sh|	μετανοέω	metanoe/w	v2sfim---
μετανοίας	metanoi/as	μετάνοια	meta/noia	n-p---fa-
μετανοίας	metanoi/as	μετάνοια	meta/noia	n-s---fg-
μετανοῆτε	metanoh=te	μετανοέω	metanoe/w	v2ppma---
μετανοῆτε	metanoh=te	μετανοέω	metanoe/w	v2ppsa---
μετανοῆτε	metanoh=te	μετανοέω	metanoe/w	v2ppia---
μετανοῆτε	metanoh=te	μετανοέω	metanoe/w	v2ppma---
μετανοῆτε	metanoh=te	μετανοέω	metanoe/w	v2ppsa---
μετανοῆτε	metanoh=te	μετανοέω	metanoe/w	v2ppia---
μετανοῆτε	metanoh=te	μετανοέω	metanoe/w	v2piia---
μετανοῆτε	metanoh=te	μετανοέω	metanoe/w	v2piia---
μεταξύ	metacu/	μεταξύ	metacu/	d--------
μετασταθῶ	metastaqw=	μεθίστημι	meqi/sthmi	v1sasp---
μετενόησαν	meteno/hsan	μετανοέω	metanoe/w	v3paia---
μετεωρίζεσθε	metewri/zesqe	μετεωρίζω	metewri/zw	v2ppme---
μετεωρίζεσθε	metewri/zesqe	μετεωρίζω	metewri/zw	v2ppie---
μετεωρίζεσθε	metewri/zesqe	μετεωρίζω	metewri/zw	v2piie---
μετρεῖτε	metrei=te	μετρέω	metre/w	v2ppma---
μετρεῖτε	metrei=te	μετρέω	metre/w	v2ppoa---
μετρεῖτε	metrei=te	μετρέω	metre/w	v2ppia---
μετρεῖτε	metrei=te	μετρέω	metre/w	v2piia---
μετά	meta/	μετά	meta/	r--------
μετάνοιαν	meta/noian	μετάνοια	meta/noia	n-s---fa-
μετόχοις	meto/xois	μέτοχος	me/toxos	n-p---md-
μετόχοις	meto/xois	μέτοχος	me/toxos	n-p---fd-
μετόχοις	meto/xois	μέτοχος	me/toxos	n-p---nd-
μείζονας	mei/zonas	μέγας	me/gas	a-p---ma-
μείζονας	mei/zonas	μέγας	me/gas	a-p---fa-
μείζων	mei/zwn	μέγας	me/gas	a-s---mn-
μείζων	mei/zwn	μέγας	me/gas	a-s---fn-
μεῖναι	mei=nai	μένω	me/nw	v2samm---
μεῖναι	mei=nai	μένω	me/nw	v--ana---
μηδενί	mhdeni/	μηδείς	mhdei/s	n-s----d-
μηδέ	mhde/	μηδέ	mhde/	g--------
μηδέν	mhde/n	μηδείς	mhdei/s	n-s---nn-
μηδέν	mhde/n	μηδείς	mhdei/s	n-s---nv-
μηδέν	mhde/n	μηδείς	mhdei/s	n-s---na-
μηδένα	mhde/na	μηδείς	mhdei/s	n-s---ma-
μηδένα	mhde/na	μηδείς	mhdei/s	n-s---fa-
μηδένα	mhde/na	μηδείς	mhdei/s	n-p---nn-
μηδένα	mhde/na	μηδείς	mhdei/s	n-p---nv-
μηδένα	mhde/na	μηδείς	mhdei/s	n-p---na-
μηκέτι	mhke/ti	μηκέτι	mhke/ti	d--------
μηνί	mhni/	μείς	mei/s	n-s---md-
μητρί	mhtri/	μήτηρ	mh/thr	n-s---fd-
μητρί	mhtri/	μήτηρ	mh/thr	n-s---fd-
μητρί	mhtri/	μητρίς	mhtri/s	n-s---fv-
μητρός	mhtro/s	μήτηρ	mh/thr	n-s---fg-
μητρός	mhtro/s	μήτηρ	mh/thr	n-s---fg-
μητέρα	mhte/ra	μήτηρ	mh/thr	n-s---fa-
μικρόν	mikro/n	μικρός	mikro/s	a-s---ma-
μικρόν	mikro/n	μικρός	mikro/s	a-s---nn-
μικρόν	mikro/n	μικρός	mikro/s	a-s---nv-
μικρόν	mikro/n	μικρός	mikro/s	a-s---na-
μικρόν	mikro/n	σμικρός	smikro/s	a-s---ma-
μικρόν	mikro/n	σμικρός	smikro/s	a-s---nn-
μικρόν	mikro/n	σμικρός	smikro/s	a-s---nv-
μικρόν	mikro/n	σμικρός	smikro/s	a-s---na-
μικρός	mikro/s	μικρός	mikro/s	a-s---mn-
μικρός	mikro/s	σμικρός	smikro/s	a-s---mn-
μικρότερος	mikro/teros	μικρός	mikro/s	a-s---mn-
μικρότερος	mikro/teros	σμικρός	smikro/s	a-s---mn-
μικρῶν	mikrw=n	μικρός	mikro/s	a-p---fg-
μικρῶν	mikrw=n	μικρός	mikro/s	a-p---mg-
μικρῶν	mikrw=n	μικρός	mikro/s	a-p---ng-
μικρῶν	mikrw=n	σμικρός	smikro/s	a-p---fg-
μικρῶν	mikrw=n	σμικρός	smikro/s	a-p---mg-
μικρῶν	mikrw=n	σμικρός	smikro/s	a-p---ng-
μισεῖ	misei=	μισέω	mise/w	v2spie---
μισεῖ	misei=	μισέω	mise/w	v3spia---
μισθοῦ	misqou=	μισθός	misqo/s	n-s---mg-
μισθοῦ	misqou=	μισθόω	misqo/w	v2spme---
μισθοῦ	misqou=	μισθόω	misqo/w	v2siie---
μισθίων	misqi/wn	μίσθιος	mi/sqios	a-p---fg-
μισθίων	misqi/wn	μίσθιος	mi/sqios	a-p---mg-
μισθίων	misqi/wn	μίσθιος	mi/sqios	a-p---ng-
μισθός	misqo/s	μισθός	misqo/s	n-s---mn-
μισούμενοι	misou/menoi	μισέω	mise/w	v-pppemn-
μισούμενοι	misou/menoi	μισέω	mise/w	v-pppemv-
μισούντων	misou/ntwn	μισέω	mise/w	v-pppamg-
μισούντων	misou/ntwn	μισέω	mise/w	v-pppang-
μισούντων	misou/ntwn	μισέω	mise/w	v3ppma---
μισοῦσιν	misou=sin	μισέω	mise/w	v-pppamd-
μισοῦσιν	misou=sin	μισέω	mise/w	v-pppand-
μισοῦσιν	misou=sin	μισέω	mise/w	v3ppia---
μισήσει	mish/sei	μισέω	mise/w	v3sasa---
μισήσει	mish/sei	μισέω	mise/w	v2sfim---
μισήσει	mish/sei	μισέω	mise/w	v3sfia---
μισήσωσιν	mish/swsin	μισέω	mise/w	v3pasa---
μιᾶς	mia=s	εἷς	ei(=s	a-s---fg-
μιᾷ	mia=|	εἷς	ei(=s	a-s---fd-
μνημείου	mnhmei/ou	μνημεῖον	mnhmei=on	n-s---ng-
μνημείου	mnhmei/ou	μνημεῖον	mnhmei=on	n-s---ng-
μνημεῖα	mnhmei=a	μνημεῖον	mnhmei=on	n-p---nn-
μνημεῖα	mnhmei=a	μνημεῖον	mnhmei=on	n-p---nv-
μνημεῖα	mnhmei=a	μνημεῖον	mnhmei=on	n-p---na-
μνημεῖον	mnhmei=on	μνημεῖον	mnhmei=on	n-s---nn-
μνημεῖον	mnhmei=on	μνημεῖον	mnhmei=on	n-s---nv-
μνημεῖον	mnhmei=on	μνημεῖον	mnhmei=on	n-s---na-
μνημονεύετε	mnhmoneu/ete	μνημονεύω	mnhmoneu/w	v2ppma---
μνημονεύετε	mnhmoneu/ete	μνημονεύω	mnhmoneu/w	v2ppia---
μνημονεύετε	mnhmoneu/ete	μνημονεύω	mnhmoneu/w	v2piia---
μνησθῆναι	mnhsqh=nai	μιμνήσκω	mimnh/skw	v--anp---
μνήμασιν	mnh/masin	μνῆμα	mnh=ma	n-p---nd-
μνήματι	mnh/mati	μνῆμα	mnh=ma	n-s---nd-
μνήσθητε	mnh/sqhte	μιμνήσκω	mimnh/skw	v2paip---
μνήσθητι	mnh/sqhti	μιμνήσκω	mimnh/skw	v2samp---
μνήσθητί	mnh/sqhti/	μιμνήσκω	mimnh/skw	v2samp---
μνᾶ	mna=	μνᾶ	mna=	n-s---fn-
μνᾶ	mna=	μνᾶ	mna=	n-d---fn-
μνᾶ	mna=	μνᾶ	mna=	n-d---fv-
μνᾶ	mna=	μνᾶ	mna=	n-d---fa-
μνᾶ	mna=	μνᾶ	mna=	n-s---fn-
μνᾶ	mna=	μνᾶ	mna=	n-s---fv-
μνᾶν	mna=n	μνᾶ	mna=	n-p---fg-
μνᾶν	mna=n	μνᾶ	mna=	n-s---fa-
μνᾶς	mna=s	μνᾶ	mna=	n-p---fa-
μνᾶς	mna=s	μνᾶ	mna=	n-s---fg-
μνῆμα	mnh=ma	μνῆμα	mnh=ma	n-s---nn-
μνῆμα	mnh=ma	μνῆμα	mnh=ma	n-s---nv-
μνῆμα	mnh=ma	μνῆμα	mnh=ma	n-s---na-
μοι	moi	ἐγώ	e)gw/	p-s---md-
μοι	moi	ἐγώ	e)gw/	p-s---fd-
μοιχεύει	moixeu/ei	μοιχεύω	moixeu/w	v2spie---
μοιχεύει	moixeu/ei	μοιχεύω	moixeu/w	v3spia---
μοιχεύσῃς	moixeu/sh|s	μοιχάω	moixa/w	v-pppafd-
μοιχεύσῃς	moixeu/sh|s	μοιχεύω	moixeu/w	v2sasa---
μοιχοί	moixoi/	μοιχός	moixo/s	n-p---mn-
μοιχοί	moixoi/	μοιχός	moixo/s	n-p---mv-
μονογενής	monogenh/s	μονογενής	monogenh/s	n-s---mn-
μονογενής	monogenh/s	μονογενής	monogenh/s	n-s---fn-
μου	mou	ἐγώ	e)gw/	p-s---mg-
μου	mou	ἐγώ	e)gw/	p-s---fg-
μού	mou/	ἐγώ	e)gw/	p-s---mg-
μού	mou/	ἐγώ	e)gw/	p-s---fg-
μυριάδων	muria/dwn	μυριάς	muria/s	n-p---fg-
μυστήρια	musth/ria	μυστήριον	musth/rion	n-p---nn-
μυστήρια	musth/ria	μυστήριον	musth/rion	n-p---nv-
μυστήρια	musth/ria	μυστήριον	musth/rion	n-p---na-
μάρτυρες	ma/rtures	μάρτυς	ma/rtus	n-p---mn-
μάρτυρες	ma/rtures	μάρτυς	ma/rtus	n-p---mv-
μάρτυρες	ma/rtures	μάρτυς	ma/rtus	n-p---fn-
μάρτυρες	ma/rtures	μάρτυς	ma/rtus	n-p---fv-
μάχαιραι	ma/xairai	μάχαιρα	ma/xaira	n-p---fn-
μάχαιραι	ma/xairai	μάχαιρα	ma/xaira	n-p---fv-
μάχαιραν	ma/xairan	μάχαιρα	ma/xaira	n-s---fa-
μέγα	me/ga	μέγας	me/gas	n-s---nn-
μέγα	me/ga	μέγας	me/gas	n-s---nv-
μέγα	me/ga	μέγας	me/gas	n-s---na-
μέγαν	me/gan	μέγας	me/gas	n-s---ma-
μέγας	me/gas	μέγας	me/gas	n-s---mn-
μέθῃ	me/qh|	μέθη	me/qh	n-s---fd-
μέθῃ	me/qh|	μέθημαι	me/qhmai	v2spim---
μέθῃ	me/qh|	μεθίημι	meqi/hmi	v2sasm---
μέλει	me/lei	μέλος	me/los	n-d---nn-
μέλει	me/lei	μέλος	me/los	n-d---nv-
μέλει	me/lei	μέλος	me/los	n-d---na-
μέλει	me/lei	μέλος	me/los	n-s---nd-
μέλει	me/lei	μέλος	me/los	n-s---nd-
μέλει	me/lei	μέλω	me/lw	v2spie---
μέλει	me/lei	μέλω	me/lw	v3spia---
μέλλει	me/llei	μέλλω	me/llw	v2spie---
μέλλει	me/llei	μέλλω	me/llw	v3spia---
μέλλον	me/llon	μέλλω	me/llw	v-sppamv-
μέλλον	me/llon	μέλλω	me/llw	v-sppann-
μέλλον	me/llon	μέλλω	me/llw	v-sppanv-
μέλλον	me/llon	μέλλω	me/llw	v-sppana-
μέλλον	me/llon	μέλλω	me/llw	v3piia---
μέλλον	me/llon	μέλλω	me/llw	v1siia---
μέλλοντα	me/llonta	μέλλω	me/llw	v-pppann-
μέλλοντα	me/llonta	μέλλω	me/llw	v-pppanv-
μέλλοντα	me/llonta	μέλλω	me/llw	v-pppana-
μέλλοντα	me/llonta	μέλλω	me/llw	v-sppama-
μέλλων	me/llwn	μέλλω	me/llw	v-sppamn-
μέλλῃ	me/llh|	μέλλω	me/llw	v2spse---
μέλλῃ	me/llh|	μέλλω	me/llw	v2spie---
μέλλῃ	me/llh|	μέλλω	me/llw	v3spsa---
μέν	me/n	μέν	me/n	g--------
μέν’	me/n'	μένω	me/nw	v2spma---
μέν’	me/n'	μένω	me/nw	v3siia---
μένετε	me/nete	μένω	me/nw	v2ppma---
μένετε	me/nete	μένω	me/nw	v2ppia---
μένετε	me/nete	μένω	me/nw	v2piia---
μέρος	me/ros	μέρος	me/ros	n-s---nn-
μέρος	me/ros	μέρος	me/ros	n-s---nv-
μέρος	me/ros	μέρος	me/ros	n-s---na-
μέσον	me/son	μέσος	me/sos	a-s---ma-
μέσον	me/son	μέσος	me/sos	a-s---nn-
μέσον	me/son	μέσος	me/sos	a-s---nv-
μέσον	me/son	μέσος	me/sos	a-s---na-
μέσος	me/sos	μέσος	me/sos	a-s---mn-
μέσου	me/sou	μέσης	me/shs	n-s---mg-
μέσου	me/sou	μέσος	me/sos	a-s---mg-
μέσου	me/sou	μέσος	me/sos	a-s---ng-
μέσου	me/sou	μεσόω	meso/w	v2spma---
μέσου	me/sou	μεσόω	meso/w	v3siia---
μέσῳ	me/sw|	μέσος	me/sos	a-s---md-
μέσῳ	me/sw|	μέσος	me/sos	a-s---nd-
μέτρον	me/tron	μέτρον	me/tron	n-s---nn-
μέτρον	me/tron	μέτρον	me/tron	n-s---nv-
μέτρον	me/tron	μέτρον	me/tron	n-s---na-
μέχρι	me/xri	μέχρι	me/xri	d--------
μέχρι	me/xri	μέχρι	me/xri	c--------
μέχρι	me/xri	μέχρι	me/xri	r--------
μή	mh/	μή	mh/	c--------
μήν	mh/n	μείς	mei/s	n-s---mn-
μήν	mh/n	μείς	mei/s	n-s---mv-
μήν	mh/n	μήν	mh/n	g--------
μήν	mh/n	μής	mh/s	n-s---ma-
μήποτε	mh/pote	μήποτε	mh/pote	d--------
μήτε	mh/te	μήτε	mh/te	g--------
μήτηρ	mh/thr	μήτηρ	mh/thr	n-s---fn-
μήτι	mh/ti	μήτις	mh/tis	d--------
μήτι	mh/ti	μήτις	mh/tis	n-s----n-
μήτι	mh/ti	μήτις	mh/tis	n-s----v-
μήτι	mh/ti	μήτις	mh/tis	n-s----a-
μήτι	mh/ti	μῆτις	mh=tis	n-s---fd-
μήτραν	mh/tran	μήτρα	mh/tra	n-s---fa-
μία	mi/a	εἷς	ei(=s	n-s---fn-
μία	mi/a	εἷς	ei(=s	n-s---fv-
μία	mi/a	εἷς	ei(=s	a-s---fn-
μία	mi/a	εἷς	ei(=s	a-s---fv-
μίαν	mi/an	εἷς	ei(=s	a-s---fa-
μίσθιοι	mi/sqioi	μίσθιος	mi/sqios	a-p---mn-
μίσθιοι	mi/sqioi	μίσθιος	mi/sqios	a-p---mv-
μόγις	mo/gis	μόγις	mo/gis	d--------
μόδιον	mo/dion	μόδιος	mo/dios	n-s---ma-
μόνα	mo/na	μόνος	mo/nos	a-p---nn-
μόνα	mo/na	μόνος	mo/nos	a-p---nv-
μόνα	mo/na	μόνος	mo/nos	a-p---na-
μόνα	mo/na	μόνος	mo/nos	a-d---fn-
μόνα	mo/na	μόνος	mo/nos	a-d---fv-
μόνα	mo/na	μόνος	mo/nos	a-d---fa-
μόνα	mo/na	μόνος	mo/nos	a-s---fn-
μόνα	mo/na	μόνος	mo/nos	a-s---fv-
μόνας	mo/nas	μόνος	mo/nos	a-p---fa-
μόνας	mo/nas	μόνος	mo/nos	a-s---fg-
μόνην	mo/nhn	μόνος	mo/nos	a-s---fa-
μόνον	mo/non	μόνος	mo/nos	a-s---ma-
μόνον	mo/non	μόνος	mo/nos	a-s---nn-
μόνον	mo/non	μόνος	mo/nos	a-s---nv-
μόνον	mo/non	μόνος	mo/nos	a-s---na-
μόνος	mo/nos	μόνος	mo/nos	a-s---mn-
μόνους	mo/nous	μόνος	mo/nos	a-p---ma-
μόνους	mo/nous	μονόω	mono/w	v2siia---
μόνῳ	mo/nw|	μόνος	mo/nos	a-s---md-
μόνῳ	mo/nw|	μόνος	mo/nos	a-s---nd-
μόσχον	mo/sxon	μόσχοσ1	mo/sxos1	n-s---ma-
μόσχον	mo/sxon	μόσχοσ2	mo/sxos2	n-s---ma-
μύρα	mu/ra	μύρον	mu/ron	n-p---nn-
μύρα	mu/ra	μύρον	mu/ron	n-p---nv-
μύρα	mu/ra	μύρον	mu/ron	n-p---na-
μύρου	mu/rou	μύρον	mu/ron	n-s---ng-
μύρου	mu/rou	μύρω	mu/rw	v2spme---
μύρου	mu/rou	μύρω	mu/rw	v2siie---
μύρου	mu/rou	μῦρος	mu=ros	n-s---mg-
μύρου	mu/rou	μυρόω	muro/w	v2spma---
μύρου	mu/rou	μυρόω	muro/w	v3siia---
μύρῳ	mu/rw|	μύρον	mu/ron	n-s---nd-
μύρῳ	mu/rw|	μῦρος	mu=ros	n-s---md-
μᾶλλον	ma=llon	μᾶλλον	ma=llon	d--------
μῆνας	mh=nas	μαίνομαι	mai/nomai	v2saia---
μῆνας	mh=nas	μείς	mei/s	n-p---ma-
ναοῦ	naou=	ναός	nao/s	n-s---mg-
ναοῦ	naou=	ναόω	nao/w	v2spme---
ναοῦ	naou=	ναόω	nao/w	v2siie---
ναί	nai/	ναί	nai/	d--------
ναί	nai/	ναῦς	nau=s	n-s---fd-
ναί	nai/	ναῦς	nau=s	n-s---fd-
ναόν	nao/n	ναός	nao/s	n-s---ma-
ναῷ	naw=|	ναός	nao/s	n-s---md-
νεκροί	nekroi/	νεκρός	nekro/s	a-p---mn-
νεκροί	nekroi/	νεκρός	nekro/s	a-p---mv-
νεκροί	nekroi/	νεκρός	nekro/s	n-p---mn-
νεκροί	nekroi/	νεκρός	nekro/s	n-p---mv-
νεκροί	nekroi/	νεκρόω	nekro/w	v2spse---
νεκροί	nekroi/	νεκρόω	nekro/w	v2spie---
νεκροί	nekroi/	νεκρόω	nekro/w	v3spsa---
νεκρούς	nekrou/s	νεκρός	nekro/s	a-p---ma-
νεκρούς	nekrou/s	νεκρός	nekro/s	n-p---ma-
νεκρός	nekro/s	νεκρός	nekro/s	a-s---mn-
νεκρός	nekro/s	νεκρός	nekro/s	n-s---mn-
νεκρῶν	nekrw=n	νεκρός	nekro/s	a-p---fg-
νεκρῶν	nekrw=n	νεκρός	nekro/s	a-p---mg-
νεκρῶν	nekrw=n	νεκρός	nekro/s	a-p---ng-
νεκρῶν	nekrw=n	νεκρός	nekro/s	n-p---mg-
νεκρῶν	nekrw=n	νεκρόω	nekro/w	v-sppamv-
νεκρῶν	nekrw=n	νεκρόω	nekro/w	v-sppann-
νεκρῶν	nekrw=n	νεκρόω	nekro/w	v-sppanv-
νεκρῶν	nekrw=n	νεκρόω	nekro/w	v-sppana-
νεκρῶν	nekrw=n	νεκρόω	nekro/w	v-sppamn-
νεκρῶν	nekrw=n	νεκρόω	nekro/w	v--pna---
νεφέλη	nefe/lh	νεφέλη	nefe/lh	n-s---fn-
νεφέλη	nefe/lh	νεφέλη	nefe/lh	n-s---fv-
νεφέλην	nefe/lhn	νεφέλη	nefe/lh	n-s---fa-
νεφέλης	nefe/lhs	νεφέλη	nefe/lh	n-s---fg-
νεφέλῃ	nefe/lh|	νεφέλη	nefe/lh	n-s---fd-
νεότητος	neo/thtos	νεότης	neo/ths	n-s---fg-
νεώτερος	new/teros	νέος	ne/os	a-s---mn-
νεώτερος	new/teros	νέος	ne/os	n-s---mn-
νεώτερος	new/teros	νεώτερος	new/teros	a-s---mn-
νηπίοις	nhpi/ois	νήπιος	nh/pios	a-p---md-
νηπίοις	nhpi/ois	νήπιος	nh/pios	a-p---nd-
νηστείαις	nhstei/ais	νηστεία	nhstei/a	n-p---fd-
νηστεύουσιν	nhsteu/ousin	νηστεύω	nhsteu/w	v-pppamd-
νηστεύουσιν	nhsteu/ousin	νηστεύω	nhsteu/w	v-pppand-
νηστεύουσιν	nhsteu/ousin	νηστεύω	nhsteu/w	v3ppia---
νηστεύσουσιν	nhsteu/sousin	νηστεύω	nhsteu/w	v3pasa---
νηστεύσουσιν	nhsteu/sousin	νηστεύω	nhsteu/w	v-pfpamd-
νηστεύσουσιν	nhsteu/sousin	νηστεύω	nhsteu/w	v-pfpand-
νηστεύσουσιν	nhsteu/sousin	νηστεύω	nhsteu/w	v3pfia---
νηστεύω	nhsteu/w	νηστεύω	nhsteu/w	v1spsa---
νηστεύω	nhsteu/w	νηστεύω	nhsteu/w	v1spia---
νηστεῦσαι	nhsteu=sai	νηστεύω	nhsteu/w	v--ana---
νικήσῃ	nikh/sh|	νικάω	nika/w	v2sasm---
νικήσῃ	nikh/sh|	νικάω	nika/w	v3sasa---
νικήσῃ	nikh/sh|	νικάω	nika/w	v2sfim---
νομικοί	nomikoi/	νομικός	nomiko/s	a-p---mn-
νομικοί	nomikoi/	νομικός	nomiko/s	a-p---mv-
νομικούς	nomikou/s	νομικός	nomiko/s	a-p---ma-
νομικοῖς	nomikoi=s	νομικός	nomiko/s	a-p---md-
νομικοῖς	nomikoi=s	νομικός	nomiko/s	a-p---nd-
νομικός	nomiko/s	νομικός	nomiko/s	a-s---mn-
νομικῶν	nomikw=n	νομικός	nomiko/s	a-p---fg-
νομικῶν	nomikw=n	νομικός	nomiko/s	a-p---mg-
νομικῶν	nomikw=n	νομικός	nomiko/s	a-p---ng-
νομοδιδάσκαλοι	nomodida/skaloi	νομοδιδάσκαλος	nomodida/skalos	n-p---mn-
νομοδιδάσκαλοι	nomodida/skaloi	νομοδιδάσκαλος	nomodida/skalos	n-p---mv-
νομίσαντες	nomi/santes	νομίζω	nomi/zw	v-papamn-
νομίσαντες	nomi/santes	νομίζω	nomi/zw	v-papamv-
νοῦν	nou=n	νέω	ne/w	v-sppamv-
νοῦν	nou=n	νέω	ne/w	v-sppann-
νοῦν	nou=n	νέω	ne/w	v-sppanv-
νοῦν	nou=n	νέω	ne/w	v-sppana-
νοῦν	nou=n	νέω	ne/w	v3piia---
νοῦν	nou=n	νέω	ne/w	v1siia---
νοῦν	nou=n	νέω1	ne/w1	v-sppamv-
νοῦν	nou=n	νέω1	ne/w1	v-sppann-
νοῦν	nou=n	νέω1	ne/w1	v-sppanv-
νοῦν	nou=n	νέω1	ne/w1	v-sppana-
νοῦν	nou=n	νέω1	ne/w1	v3piia---
νοῦν	nou=n	νέω1	ne/w1	v1siia---
νοῦν	nou=n	νέω2	ne/w2	v-sppamv-
νοῦν	nou=n	νέω2	ne/w2	v-sppann-
νοῦν	nou=n	νέω2	ne/w2	v-sppanv-
νοῦν	nou=n	νέω2	ne/w2	v-sppana-
νοῦν	nou=n	νέω2	ne/w2	v3piia---
νοῦν	nou=n	νέω2	ne/w2	v1siia---
νοῦν	nou=n	νέω3	ne/w3	v-sppamv-
νοῦν	nou=n	νέω3	ne/w3	v-sppann-
νοῦν	nou=n	νέω3	ne/w3	v-sppanv-
νοῦν	nou=n	νέω3	ne/w3	v-sppana-
νοῦν	nou=n	νέω3	ne/w3	v3piia---
νοῦν	nou=n	νέω3	ne/w3	v1siia---
νοῦν	nou=n	νόος	no/os	n-s---ma-
νυκτί	nukti/	νύξ	nu/c	n-s---fd-
νυκτός	nukto/s	νύξ	nu/c	n-s---fg-
νυμφίος	numfi/os	νυμφίοσ1	numfi/os1	n-s---mn-
νυμφίος	numfi/os	νυμφίοσ2	numfi/os2	a-s---mn-
νυμφῶνος	numfw=nos	νυμφών	numfw/n	n-s---mg-
νέον	ne/on	νέος	ne/os	a-s---ma-
νέον	ne/on	νέος	ne/os	a-s---nn-
νέον	ne/on	νέος	ne/os	a-s---nv-
νέον	ne/on	νέος	ne/os	a-s---na-
νέον	ne/on	νέος	ne/os	n-s---ma-
νέον	ne/on	νέος	ne/os	n-s---fa-
νέον	ne/on	νέος	ne/os	n-s---nn-
νέον	ne/on	νέος	ne/os	n-s---nv-
νέον	ne/on	νέος	ne/os	n-s---na-
νέον	ne/on	νέω	ne/w	v-sppamv-
νέον	ne/on	νέω	ne/w	v-sppann-
νέον	ne/on	νέω	ne/w	v-sppanv-
νέον	ne/on	νέω	ne/w	v-sppana-
νέον	ne/on	νέω	ne/w	v3piia---
νέον	ne/on	νέω	ne/w	v1siia---
νέον	ne/on	νέω1	ne/w1	v-sppamv-
νέον	ne/on	νέω1	ne/w1	v-sppann-
νέον	ne/on	νέω1	ne/w1	v-sppanv-
νέον	ne/on	νέω1	ne/w1	v-sppana-
νέον	ne/on	νέω1	ne/w1	v3piia---
νέον	ne/on	νέω1	ne/w1	v1siia---
νέον	ne/on	νέω2	ne/w2	v-sppamv-
νέον	ne/on	νέω2	ne/w2	v-sppann-
νέον	ne/on	νέω2	ne/w2	v-sppanv-
νέον	ne/on	νέω2	ne/w2	v-sppana-
νέον	ne/on	νέω2	ne/w2	v3piia---
νέον	ne/on	νέω2	ne/w2	v1siia---
νέον	ne/on	νέω3	ne/w3	v-sppamv-
νέον	ne/on	νέω3	ne/w3	v-sppann-
νέον	ne/on	νέω3	ne/w3	v-sppanv-
νέον	ne/on	νέω3	ne/w3	v-sppana-
νέον	ne/on	νέω3	ne/w3	v3piia---
νέον	ne/on	νέω3	ne/w3	v1siia---
νήθει	nh/qei	νήθω	nh/qw	v2spie---
νήθει	nh/qei	νήθω	nh/qw	v3spia---
νόμον	no/mon	νόμος	no/mos	n-s---ma-
νόμος	no/mos	νόμος	no/mos	n-s---mn-
νόμου	no/mou	νόμος	no/mos	n-s---mg-
νόμῳ	no/mw|	νόμος	no/mos	n-s---md-
νόσοις	no/sois	νόσος	no/sos	n-p---fd-
νόσους	no/sous	νόσος	no/sos	n-p---fa-
νόσων	no/swn	νόσος	no/sos	n-p---fg-
νότον	no/ton	νότος	no/tos	n-s---ma-
νότου	no/tou	νότος	no/tos	n-s---mg-
νύκτα	nu/kta	νύξ	nu/c	n-s---fa-
νύκτας	nu/ktas	νύξ	nu/c	n-p---fa-
νύμφη	nu/mfh	νύμφη	nu/mfh	n-s---fn-
νύμφη	nu/mfh	νύμφη	nu/mfh	n-s---fv-
νύμφην	nu/mfhn	νύμφη	nu/mfh	n-s---fa-
νῦν	nu=n	νῦν	nu=n	d--------
ξηρά	chra/	ξηρά	chra/	n-d---fn-
ξηρά	chra/	ξηρά	chra/	n-d---fv-
ξηρά	chra/	ξηρά	chra/	n-d---fa-
ξηρά	chra/	ξηρά	chra/	n-s---fn-
ξηρά	chra/	ξηρά	chra/	n-s---fv-
ξηρά	chra/	ξηρός	chro/s	a-p---nn-
ξηρά	chra/	ξηρός	chro/s	a-p---nv-
ξηρά	chra/	ξηρός	chro/s	a-p---na-
ξηρά	chra/	ξηρός	chro/s	a-d---fn-
ξηρά	chra/	ξηρός	chro/s	a-d---fv-
ξηρά	chra/	ξηρός	chro/s	a-d---fa-
ξηρά	chra/	ξηρός	chro/s	a-s---fn-
ξηρά	chra/	ξηρός	chro/s	a-s---fv-
ξηράν	chra/n	ξηρά	chra/	n-s---fa-
ξηράν	chra/n	ξηρός	chro/s	a-s---fa-
ξηρῷ	chrw=|	ξηρός	chro/s	a-s---md-
ξηρῷ	chrw=|	ξηρός	chro/s	a-s---nd-
ξύλων	cu/lwn	ξύλον	cu/lon	n-p---ng-
ξύλων	cu/lwn	ξυλόω	culo/w	v3piia---
ξύλων	cu/lwn	ξυλόω	culo/w	v1siia---
ξύλῳ	cu/lw|	ξύλον	cu/lon	n-s---nd-
οἰκοδεσπότης	oi)kodespo/ths	οἰκοδεσπότης	oi)kodespo/ths	n-s---mn-
οἰκοδεσπότης	oi)kodespo/ths	οἰκοδεσποτέω	oi)kodespote/w	v2siia---
οἰκοδεσπότῃ	oi)kodespo/th|	οἰκοδεσπότης	oi)kodespo/ths	n-s---md-
οἰκοδομεῖν	oi)kodomei=n	οἰκοδομέω	oi)kodome/w	v--pna---
οἰκοδομεῖτε	oi)kodomei=te	οἰκοδομέω	oi)kodome/w	v2ppma---
οἰκοδομεῖτε	oi)kodomei=te	οἰκοδομέω	oi)kodome/w	v2ppoa---
οἰκοδομεῖτε	oi)kodomei=te	οἰκοδομέω	oi)kodome/w	v2ppia---
οἰκοδομεῖτε	oi)kodomei=te	οἰκοδομέω	oi)kodome/w	v2piia---
οἰκοδομοῦντες	oi)kodomou=ntes	οἰκοδομέω	oi)kodome/w	v-pppamn-
οἰκοδομοῦντες	oi)kodomou=ntes	οἰκοδομέω	oi)kodome/w	v-pppamv-
οἰκοδομοῦντι	oi)kodomou=nti	οἰκοδομέω	oi)kodome/w	v-sppamd-
οἰκοδομοῦντι	oi)kodomou=nti	οἰκοδομέω	oi)kodome/w	v-sppand-
οἰκοδομοῦντι	oi)kodomou=nti	οἰκοδομέω	oi)kodome/w	v3ppia---
οἰκοδομήσαντι	oi)kodomh/santi	οἰκοδομέω	oi)kodome/w	v-sapamd-
οἰκοδομήσαντι	oi)kodomh/santi	οἰκοδομέω	oi)kodome/w	v-sapand-
οἰκοδομήσω	oi)kodomh/sw	οἰκοδομέω	oi)kodome/w	v1sasa---
οἰκοδομήσω	oi)kodomh/sw	οἰκοδομέω	oi)kodome/w	v1sfia---
οἰκοδομήσω	oi)kodomh/sw	οἰκοδομέω	oi)kodome/w	v2saim---
οἰκοδομῆσαι	oi)kodomh=sai	οἰκοδομέω	oi)kodome/w	v--ana---
οἰκοδομῆσθαι	oi)kodomh=sqai	οἰκοδομέω	oi)kodome/w	v--pne---
οἰκοδομῆσθαι	oi)kodomh=sqai	οἰκοδομέω	oi)kodome/w	v--rne---
οἰκονομεῖν	oi)konomei=n	οἰκονομέω	oi)konome/w	v--pna---
οἰκονομίαν	oi)konomi/an	οἰκονομία	oi)konomi/a	n-s---fa-
οἰκονομίας	oi)konomi/as	οἰκονομία	oi)konomi/a	n-p---fa-
οἰκονομίας	oi)konomi/as	οἰκονομία	oi)konomi/a	n-s---fg-
οἰκονόμον	oi)kono/mon	οἰκονόμος	oi)kono/mos	n-s---ma-
οἰκονόμος	oi)kono/mos	οἰκονόμος	oi)kono/mos	n-s---mn-
οἰκουμένην	oi)koume/nhn	οἰκέω	oi)ke/w	v-sppefa-
οἰκουμένην	oi)koume/nhn	οἰκουμένη	oi)koume/nh	n-s---fa-
οἰκουμένης	oi)koume/nhs	οἰκέω	oi)ke/w	v-sppefg-
οἰκουμένης	oi)koume/nhs	οἰκουμένη	oi)koume/nh	n-s---fg-
οἰκουμένῃ	oi)koume/nh|	οἰκέω	oi)ke/w	v-sppefd-
οἰκουμένῃ	oi)koume/nh|	οἰκουμένη	oi)koume/nh	n-s---fd-
οἰκτίρμονες	oi)kti/rmones	οἰκτίρμων	oi)kti/rmwn	n-p---mn-
οἰκτίρμονες	oi)kti/rmones	οἰκτίρμων	oi)kti/rmwn	n-p---mv-
οἰκτίρμονες	oi)kti/rmones	οἰκτίρμων	oi)kti/rmwn	n-p---fn-
οἰκτίρμονες	oi)kti/rmones	οἰκτίρμων	oi)kti/rmwn	n-p---fv-
οἰκτίρμονες	oi)kti/rmones	οἰκτιρμων	oi)ktirmwn	n-p---mn-
οἰκτίρμονες	oi)kti/rmones	οἰκτιρμων	oi)ktirmwn	n-p---mv-
οἰκτίρμων	oi)kti/rmwn	οἰκτίρμων	oi)kti/rmwn	n-s---mn-
οἰκτίρμων	oi)kti/rmwn	οἰκτίρμων	oi)kti/rmwn	n-s---fn-
οἰκτίρμων	oi)kti/rmwn	οἰκτιρμων	oi)ktirmwn	n-s---mn-
οἰκτίρμων	oi)kti/rmwn	οἰκτιρμων	oi)ktirmwn	n-s---mv-
οἰκέτης	oi)ke/ths	οἰκέτης	oi)ke/ths	n-s---mn-
οἰκίαν	oi)ki/an	οἰκία	oi)ki/a	n-s---fa-
οἰκίας	oi)ki/as	οἰκία	oi)ki/a	n-p---fa-
οἰκίας	oi)ki/as	οἰκία	oi)ki/a	n-s---fg-
οἰκίᾳ	oi)ki/a|	οἰκία	oi)ki/a	n-p---fn-
οἰκίᾳ	oi)ki/a|	οἰκία	oi)ki/a	n-p---fv-
οἰκίᾳ	oi)ki/a|	οἰκία	oi)ki/a	n-s---fd-
οἰνοπότης	oi)nopo/ths	οἰνοπότης	oi)nopo/ths	n-s---mn-
οἰνοπότης	oi)nopo/ths	οἰνοποτέω	oi)nopote/w	v2siia---
οἱ	oi(	ἕ	e(/	n-s---md-
οἱ	oi(	ἕ	e(/	n-s---fd-
οἱ	oi(	ὁ	o(	l-p---mn-
οἱ	oi(	ὁ	o(	l-p---mv-
οἴδαμεν	oi)/damen	οἶδα	oi)=da	v1pria---
οἴδασιν	oi)/dasin	οἶδα	oi)=da	v3pria---
οἴδατε	oi)/date	οἶδα	oi)=da	v2pria---
οἴκου	oi)/kou	οἶκος	oi)=kos	n-s---mg-
οἴκους	oi)/kous	οἶκος	oi)=kos	n-p---ma-
οἴκῳ	oi)/kw|	οἶκος	oi)=kos	n-s---md-
οἵ	oi(/	ἕ	e(/	n-s---md-
οἵ	oi(/	ἕ	e(/	n-s---fd-
οἵ	oi(/	ὁ	o(	l-p---mn-
οἵ	oi(/	ὁ	o(	l-p---mv-
οἵ	oi(/	ὅς	o(/s	p-p---mn-
οἵτινες	oi(/tines	ὅστις	o(/stis	p-p---mn-
οἶδα	oi)=da	οἶδα	oi)=da	v1sria---
οἶδας	oi)=das	οἶδα	oi)=da	v2sria---
οἶδεν	oi)=den	οἶδα	oi)=da	v3sria---
οἶδά	oi)=da/	οἶδα	oi)=da	v1sria---
οἶκον	oi)=kon	οἶκος	oi)=kos	n-s---ma-
οἶκος	oi)=kos	οἶκος	oi)=kos	n-s---mn-
οἶκόν	oi)=ko/n	οἶκος	oi)=kos	n-s---ma-
οἶκός	oi)=ko/s	οἶκος	oi)=kos	n-s---mn-
οἶνον	oi)=non	οἶνον	oi)=non	n-s---nn-
οἶνον	oi)=non	οἶνον	oi)=non	n-s---nv-
οἶνον	oi)=non	οἶνον	oi)=non	n-s---na-
οἶνον	oi)=non	οἶνος	oi)=nos	n-s---ma-
οἷς	oi(=s	ὅς	o(/s	p-p---md-
οἷς	oi(=s	ὅς	o(/s	p-p---nd-
οὐ	ou)	οὐ	ou)	d--------
οὐαί	ou)ai/	οὐαί	ou)ai/	x--------
οὐδεμίαν	ou)demi/an	οὐδείς	ou)dei/s	n-s---fa-
οὐδεμίαν	ou)demi/an	οὐδείς	ou)dei/s	a-s---fa-
οὐδενί	ou)deni/	οὐδείς	ou)dei/s	n-s----d-
οὐδενός	ou)deno/s	οὐδείς	ou)dei/s	n-s----g-
οὐδείς	ou)dei/s	οὐδείς	ou)dei/s	n-s---mn-
οὐδείς	ou)dei/s	οὐδείς	ou)dei/s	n-s---mv-
οὐδέ	ou)de/	οὐδέ	ou)de/	g--------
οὐδέ	ou)de/	οὐδόσ1	ou)do/s1	n-s---mv-
οὐδέ	ou)de/	οὐδόσ2	ou)do/s2	n-s---fv-
οὐδέν	ou)de/n	οὐδείς	ou)dei/s	n-s---nn-
οὐδέν	ou)de/n	οὐδείς	ou)dei/s	n-s---nv-
οὐδέν	ou)de/n	οὐδείς	ou)dei/s	n-s---na-
οὐδέποτε	ou)de/pote	οὐδέποτε	ou)de/pote	d--------
οὐθέν	ou)qe/n	οὐδείς	ou)dei/s	n-s---nn-
οὐθέν	ou)qe/n	οὐδείς	ou)dei/s	n-s---nv-
οὐθέν	ou)qe/n	οὐδείς	ou)dei/s	n-s---na-
οὐκ	ou)k	οὐ	ou)	d--------
οὐκέτι	ou)ke/ti	οὐκέτι	ou)ke/ti	d--------
οὐρανοῖς	ou)ranoi=s	οὐρανός	ou)rano/s	n-p---md-
οὐρανοῖς	ou)ranoi=s	οὐρανόω	ou)rano/w	v2spoa---
οὐρανοῖς	ou)ranoi=s	οὐρανόω	ou)rano/w	v2spsa---
οὐρανοῖς	ou)ranoi=s	οὐρανόω	ou)rano/w	v2spia---
οὐρανοῦ	ou)ranou=	οὐρανός	ou)rano/s	n-s---mg-
οὐρανοῦ	ou)ranou=	οὐρανόω	ou)rano/w	v2siie---
οὐρανοῦ	ou)ranou=	οὐρανόω	ou)rano/w	v2spme---
οὐρανοῦ	ou)ranou=	οὐρανόω	ou)rano/w	v2siie---
οὐρανίου	ou)rani/ou	οὐράνιος	ou)ra/nios	a-s---mg-
οὐρανίου	ou)rani/ou	οὐράνιος	ou)ra/nios	a-s---ng-
οὐρανίου	ou)rani/ou	οὐράνιος	ou)ra/nios	n-s---mg-
οὐρανίου	ou)rani/ou	οὐράνιος	ou)ra/nios	n-s---fg-
οὐρανίου	ou)rani/ou	οὐράνιος	ou)ra/nios	n-s---ng-
οὐρανόν	ou)rano/n	οὐρανός	ou)rano/s	n-s---ma-
οὐρανός	ou)rano/s	οὐρανός	ou)rano/s	n-s---mn-
οὐρανῶν	ou)ranw=n	οὐράνη	ou)ra/nh	n-p---fg-
οὐρανῶν	ou)ranw=n	οὐρανός	ou)rano/s	n-p---mg-
οὐρανῶν	ou)ranw=n	οὐρανόω	ou)rano/w	v-sppamv-
οὐρανῶν	ou)ranw=n	οὐρανόω	ou)rano/w	v-sppann-
οὐρανῶν	ou)ranw=n	οὐρανόω	ou)rano/w	v-sppanv-
οὐρανῶν	ou)ranw=n	οὐρανόω	ou)rano/w	v-sppana-
οὐρανῶν	ou)ranw=n	οὐρανόω	ou)rano/w	v-sppamn-
οὐρανῶν	ou)ranw=n	οὐρανόω	ou)rano/w	v--pna---
οὐρανῷ	ou)ranw=|	οὐρανός	ou)rano/s	n-s---md-
οὐσίαν	ou)si/an	οὐσία	ou)si/a	n-s---fa-
οὐσίας	ou)si/as	οὐσία	ou)si/a	n-p---fa-
οὐσίας	ou)si/as	οὐσία	ou)si/a	n-s---fg-
οὐχ	ou)x	οὐ	ou)	d--------
οὐχί	ou)xi/	οὐ	ou)	d--------
οὔ	ou)/	οὐ	ou)	d--------
οὔ’	ou)/'	οὐά	ou)a/	x--------
οὔ’	ou)/'	οὐαί	ou)ai/	x--------
οὔσῃ	ou)/sh|	εἰμί	ei)mi/	v-sppafd-
οὔτε	ou)/te	οὔτε	ou)/te	d--------
οὕς	ou(/s	ὅς	o(/s	p-p---ma-
οὕτως	ou(/tws	οὕτως	ou(/tws	d--------
οὖν	ou)=n	οὖν	ou)=n	g--------
οὖς	ou)=s	οὖς	ou)=s	n-s---nn-
οὖς	ou)=s	οὖς	ou)=s	n-s---nv-
οὖς	ou)=s	οὖς	ou)=s	n-s---na-
οὖσα	ou)=sa	εἰμί	ei)mi/	v-sppafn-
οὖσα	ou)=sa	εἰμί	ei)mi/	v-sppafv-
οὖσα	ou)=sa	οὖσον	ou)=son	n-p---nn-
οὖσα	ou)=sa	οὖσον	ou)=son	n-p---nv-
οὖσα	ou)=sa	οὖσον	ou)=son	n-p---na-
οὖσαν	ou)=san	εἰμί	ei)mi/	v-sppafa-
οὗ	ou(=	ἕ	e(/	n-s---mg-
οὗ	ou(=	ἕ	e(/	n-s---fg-
οὗ	ou(=	ἵημι	i(/hmi	v--amm---
οὗ	ou(=	ὅς	o(/s	p-s---mg-
οὗ	ou(=	ὅς	o(/s	p-s---ng-
οὗ	ou(=	οὗ	ou(=	d--------
οὗ’	ou(='	ἕ	e(/	n-s---mg-
οὗ’	ou(='	ἕ	e(/	n-s---fg-
οὗ’	ou(='	ὀά	o)a/	x--------
οὗ’	ou(='	ὕω	u(/w	v3siia---
οὗ’	ou(='	ὕω	u(/w	v2spma---
οὗτοι	ou(=toi	οὗτος	ou(=tos	n-p---mn-
οὗτοι	ou(=toi	οὗτος	ou(=tos	n-p---mv-
οὗτος	ou(=tos	οὗτος	ou(=tos	n-s---mn-
οὗτος	ou(=tos	οὗτος	ou(=tos	n-s---mv-
οὗτοί	ou(=toi/	οὗτος	ou(=tos	n-p---mn-
οὗτοί	ou(=toi/	οὗτος	ou(=tos	n-p---mv-
οὗτός	ou(=to/s	οὗτος	ou(=tos	n-s---mn-
οὗτός	ou(=to/s	οὗτος	ou(=tos	n-s---mv-
παγίς	pagi/s	παγίς	pagi/s	n-s---fn-
παθεῖν	paqei=n	πάσχω	pa/sxw	v--ana---
παιδεύσας	paideu/sas	παιδεύω	paideu/w	v-sapamn-
παιδεύσας	paideu/sas	παιδεύω	paideu/w	v-sapamv-
παιδία	paidi/a	παιδία	paidi/a	n-d---fn-
παιδία	paidi/a	παιδία	paidi/a	n-d---fv-
παιδία	paidi/a	παιδία	paidi/a	n-d---fa-
παιδία	paidi/a	παιδία	paidi/a	n-s---fn-
παιδία	paidi/a	παιδία	paidi/a	n-s---fv-
παιδία	paidi/a	παιδίον	paidi/on	n-p---nn-
παιδία	paidi/a	παιδίον	paidi/on	n-p---nv-
παιδία	paidi/a	παιδίον	paidi/on	n-p---na-
παιδίοις	paidi/ois	παίδιον	pai/dion	n-p---nd-
παιδίοις	paidi/ois	παίδιος	pai/dios	n-p---md-
παιδίοις	paidi/ois	παιδίον	paidi/on	n-p---nd-
παιδίον	paidi/on	παιδίον	paidi/on	n-s---nn-
παιδίον	paidi/on	παιδίον	paidi/on	n-s---nv-
παιδίον	paidi/on	παιδίον	paidi/on	n-s---na-
παιδίου	paidi/ou	παίδιον	pai/dion	n-s---ng-
παιδίου	paidi/ou	παίδιος	pai/dios	n-s---mg-
παιδίου	paidi/ou	παιδίον	paidi/on	n-s---ng-
παιδίσκας	paidi/skas	παιδίσκη	paidi/skh	n-p---fa-
παιδίσκας	paidi/skas	παιδίσκη	paidi/skh	n-s---fg-
παιδίσκη	paidi/skh	παιδίσκη	paidi/skh	n-s---fn-
παιδίσκη	paidi/skh	παιδίσκη	paidi/skh	n-s---fv-
παιδός	paido/s	παῖς	pai=s	n-s---mg-
παιδός	paido/s	παῖς	pai=s	n-s---fg-
παλαιούμενα	palaiou/mena	παλαιόω	palaio/w	v-pppenn-
παλαιούμενα	palaiou/mena	παλαιόω	palaio/w	v-pppenv-
παλαιούμενα	palaiou/mena	παλαιόω	palaio/w	v-pppena-
παλαιούς	palaiou/s	παλαιός	palaio/s	a-p---ma-
παλαιόν	palaio/n	παλαιός	palaio/s	a-s---ma-
παλαιόν	palaio/n	παλαιός	palaio/s	a-s---nn-
παλαιόν	palaio/n	παλαιός	palaio/s	a-s---nv-
παλαιόν	palaio/n	παλαιός	palaio/s	a-s---na-
παλαιός	palaio/s	παλαιός	palaio/s	a-s---mn-
παλαιῷ	palaiw=|	παλαιός	palaio/s	a-s---md-
παλαιῷ	palaiw=|	παλαιός	palaio/s	a-s---nd-
παμπληθεί	pamplhqei/	παμπληθεί	pamplhqei/	d--------
πανοπλίαν	panopli/an	πανοπλία	panopli/a	n-s---fa-
πανουργίαν	panourgi/an	πανουργία	panourgi/a	n-s---fa-
πανταχοῦ	pantaxou=	πανταχοῦ	pantaxou=	d--------
παντελές	pantele/s	παντελής	pantelh/s	n-s---mv-
παντελές	pantele/s	παντελής	pantelh/s	n-s---fv-
παντελές	pantele/s	παντελής	pantelh/s	n-s---nn-
παντελές	pantele/s	παντελής	pantelh/s	n-s---nv-
παντελές	pantele/s	παντελής	pantelh/s	n-s---na-
παντί	panti/	πᾶς	pa=s	n-s---md-
παντί	panti/	πᾶς	pa=s	n-s---nd-
παντός	panto/s	πᾶς	pa=s	n-s---mg-
παντός	panto/s	πᾶς	pa=s	n-s---ng-
παραβολαῖς	parabolai=s	παραβολή	parabolh/	n-p---fd-
παραβολή	parabolh/	παραβολή	parabolh/	n-s---fn-
παραβολή	parabolh/	παραβολή	parabolh/	n-s---fv-
παραβολήν	parabolh/n	παραβολή	parabolh/	n-s---fa-
παραβολῆς	parabolh=s	παραβολή	parabolh/	n-s---fg-
παραγενομένους	paragenome/nous	παραγίγνομαι	paragi/gnomai	v-papmma-
παραγενόμενοι	parageno/menoi	παραγίγνομαι	paragi/gnomai	v-papmmn-
παραγενόμενοι	parageno/menoi	παραγίγνομαι	paragi/gnomai	v-papmmv-
παραγενόμενος	parageno/menos	παραγίγνομαι	paragi/gnomai	v-sapmmn-
παραδείσῳ	paradei/sw|	παράδεισος	para/deisos	n-s---md-
παραδιδόντες	paradido/ntes	παραδίδωμι	paradi/dwmi	v-pppamn-
παραδιδόντες	paradido/ntes	παραδίδωμι	paradi/dwmi	v-pppamv-
παραδιδόντος	paradido/ntos	παραδίδωμι	paradi/dwmi	v-sppamg-
παραδιδόντος	paradido/ntos	παραδίδωμι	paradi/dwmi	v-sppang-
παραδοθήσεσθε	paradoqh/sesqe	παραδίδωμι	paradi/dwmi	v2pfip---
παραδοθήσεται	paradoqh/setai	παραδίδωμι	paradi/dwmi	v3sfip---
παραδοθῆναι	paradoqh=nai	παραδίδωμι	paradi/dwmi	v--anp---
παραδοῦναι	paradou=nai	παραδίδωμι	paradi/dwmi	v--ana---
παραδέδοται	parade/dotai	παραδίδωμι	paradi/dwmi	v3srie---
παραδίδοσθαι	paradi/dosqai	παραδίδωμι	paradi/dwmi	v--pne---
παραδίδοται	paradi/dotai	παραδίδωμι	paradi/dwmi	v3spie---
παραδίδως	paradi/dws	παραδίδωμι	paradi/dwmi	v2spia---
παραδίδως	paradi/dws	παραδίδωμι	paradi/dwmi	v2siia---
παραδώσει	paradw/sei	παραδίδωμι	paradi/dwmi	v2sfim---
παραδώσει	paradw/sei	παραδίδωμι	paradi/dwmi	v3sfia---
παραδῷ	paradw=|	παραδίδωμι	paradi/dwmi	v3sasa---
παραδῷ	paradw=|	παραδίδωμι	paradi/dwmi	v2sasm---
παραδῷ	paradw=|	παραδίδωμι	paradi/dwmi	v3sasa---
παραθεῖναι	paraqei=nai	παρατίθημι	parati/qhmi	v--ana---
παραθήσω	paraqh/sw	παραθέω	paraqe/w	v1sasa---
παραθήσω	paraqh/sw	παραθέω	paraqe/w	v1sfia---
παραθήσω	paraqh/sw	παραθέω	paraqe/w	v2saim---
παραθήσω	paraqh/sw	παρατίθημι	parati/qhmi	v1sfia---
παρακαλεῖται	parakalei=tai	παρακαλέω	parakale/w	v3spie---
παρακαλεῖται	parakalei=tai	παρακαλέω	parakale/w	v3sfim---
παρακαλεῖται	parakalei=tai	παρακαλέω	parakale/w	v3spie---
παρακαλῶν	parakalw=n	παρακαλέω	parakale/w	v-sppamn-
παρακαλῶν	parakalw=n	παρακαλέω	parakale/w	v-sfpamn-
παρακαλῶν	parakalw=n	παρακαλέω	parakale/w	v-sppamn-
παρακεκαλυμμένον	parakekalumme/non	παρακαλύπτω	parakalu/ptw	v-srpema-
παρακεκαλυμμένον	parakekalumme/non	παρακαλύπτω	parakalu/ptw	v-srpenn-
παρακεκαλυμμένον	parakekalumme/non	παρακαλύπτω	parakalu/ptw	v-srpenv-
παρακεκαλυμμένον	parakekalumme/non	παρακαλύπτω	parakalu/ptw	v-srpena-
παρακύψας	paraku/yas	παρακύπτω	paraku/ptw	v-sapamn-
παρακύψας	paraku/yas	παρακύπτω	paraku/ptw	v-sapamv-
παραλαβών	paralabw/n	παραλαμβάνω	paralamba/nw	v-sapamn-
παραλαμβάνει	paralamba/nei	παραλαμβάνω	paralamba/nw	v2spie---
παραλαμβάνει	paralamba/nei	παραλαμβάνω	paralamba/nw	v3spia---
παραλελυμένος	paralelume/nos	παραλύω	paralu/w	v-srpemn-
παραλελυμένῳ	paralelume/nw|	παραλύω	paralu/w	v-srpemd-
παραλελυμένῳ	paralelume/nw|	παραλύω	paralu/w	v-srpend-
παραλίου	parali/ou	παράλιον	para/lion	n-s---ng-
παραλίου	parali/ou	παράλιος	para/lios	a-s---mg-
παραλίου	parali/ou	παράλιος	para/lios	a-s---ng-
παραλίου	parali/ou	παράλιος	para/lios	n-s---mg-
παραλίου	parali/ou	παράλιος	para/lios	n-s---fg-
παραλίου	parali/ou	παράλιος	para/lios	n-s---ng-
παραστῆσαι	parasth=sai	παρίστημι	pari/sthmi	v--ana---
παρατηρούμενοι	parathrou/menoi	παρατηρέω	parathre/w	v-pppemn-
παρατηρούμενοι	parathrou/menoi	παρατηρέω	parathre/w	v-pppemv-
παρατηρούμενοι	parathrou/menoi	παρατηρέω	parathre/w	v-pppemn-
παρατηρούμενοι	parathrou/menoi	παρατηρέω	parathre/w	v-pppemv-
παρατηρήσαντες	parathrh/santes	παρατηρέω	parathre/w	v-papamn-
παρατηρήσαντες	parathrh/santes	παρατηρέω	parathre/w	v-papamv-
παρατηρήσαντες	parathrh/santes	παρατηρέω	parathre/w	v-papamn-
παρατηρήσαντες	parathrh/santes	παρατηρέω	parathre/w	v-papamv-
παρατηρήσεως	parathrh/sews	παρατήρησις	parath/rhsis	n-s---fg-
παρατιθέμενα	paratiqe/mena	παρατίθημι	parati/qhmi	v-pppenn-
παρατιθέμενα	paratiqe/mena	παρατίθημι	parati/qhmi	v-pppenv-
παρατιθέμενα	paratiqe/mena	παρατίθημι	parati/qhmi	v-pppena-
παρατίθεμαι	parati/qemai	παρατίθημι	parati/qhmi	v1spie---
παραχρῆμα	paraxrh=ma	παραχρῆμα	paraxrh=ma	d--------
παρεβιάσαντο	parebia/santo	παραβιάζομαι	parabia/zomai	v3paim---
παρεγενόμην	paregeno/mhn	παραγίγνομαι	paragi/gnomai	v1saim---
παρεγένετο	parege/neto	παραγίγνομαι	paragi/gnomai	v3saim---
παρεδόθη	paredo/qh	παραδίδωμι	paradi/dwmi	v3saip---
παρεκάλει	pareka/lei	παρακαλέω	parakale/w	v3siia---
παρεκάλεσαν	pareka/lesan	παρακαλέω	parakale/w	v3paia---
παρεκάλουν	pareka/loun	παρακαλέω	parakale/w	v3piia---
παρεκάλουν	pareka/loun	παρακαλέω	parakale/w	v1siia---
παρελεύσονται	pareleu/sontai	παρέρχομαι	pare/rxomai	v3pfim---
παρελθεῖν	parelqei=n	παρέρχομαι	pare/rxomai	v--ana---
παρελθών	parelqw/n	παρέρχομαι	pare/rxomai	v-sapamn-
παρεμβαλοῦσιν	parembalou=sin	παρεμβάλλω	paremba/llw	v-papamd-
παρεμβαλοῦσιν	parembalou=sin	παρεμβάλλω	paremba/llw	v-papand-
παρεμβαλοῦσιν	parembalou=sin	παρεμβάλλω	paremba/llw	v-pfpamd-
παρεμβαλοῦσιν	parembalou=sin	παρεμβάλλω	paremba/llw	v-pfpand-
παρεμβαλοῦσιν	parembalou=sin	παρεμβάλλω	paremba/llw	v3pfia---
παρεστηκώς	paresthkw/s	παρίστημι	pari/sthmi	v-srpamn-
παρεστηκώς	paresthkw/s	παρίστημι	pari/sthmi	v-srpamv-
παρεστῶσιν	parestw=sin	παρίστημι	pari/sthmi	v-prpamd-
παρεστῶσιν	parestw=sin	παρίστημι	pari/sthmi	v-prpand-
παρεστῶσιν	parestw=sin	παρίστημι	pari/sthmi	v3prsa---
παρετηροῦντο	parethrou=nto	παρατηρέω	parathre/w	v3piie---
παρεῖναι	parei=nai	πάρειμι1	pa/reimi1	v--pna---
παρεῖναι	parei=nai	παρίημι	pari/hmi	v--ana---
παρεῖναι	parei=nai	παρίημι	pari/hmi	v--ana---
παρηκολουθηκότι	parhkolouqhko/ti	παρακολουθέω	parakolouqe/w	v-srpamd-
παρηκολουθηκότι	parhkolouqhko/ti	παρακολουθέω	parakolouqe/w	v-srpand-
παρθενίας	parqeni/as	παρθένιος	parqe/nios	a-p---fa-
παρθενίας	parqeni/as	παρθένιος	parqe/nios	a-s---fg-
παρθενίας	parqeni/as	παρθενία	parqeni/a	n-p---fa-
παρθενίας	parqeni/as	παρθενία	parqeni/a	n-s---fg-
παρθενίας	parqeni/as	παρθενίας	parqeni/as	n-p---ma-
παρθενίας	parqeni/as	παρθενίας	parqeni/as	n-s---mn-
παρθενίας	parqeni/as	παρθενίης	parqeni/hs	n-p---ma-
παρθενίας	parqeni/as	παρθενίης	parqeni/hs	n-s---mn-
παρθένον	parqe/non	παρθένος	parqe/nos	n-s---fa-
παρθένου	parqe/nou	παρθένος	parqe/nos	n-s---fg-
παροικεῖς	paroikei=s	παροικέω	paroike/w	v2spia---
παροικεῖς	paroikei=s	παροικέω	paroike/w	v2spia---
παρά	para/	παρά	para/	r--------
παρά	para/	πηρός	phro/s	a-p---nn-
παρά	para/	πηρός	phro/s	a-p---nv-
παρά	para/	πηρός	phro/s	a-p---na-
παρά	para/	πηρός	phro/s	a-d---fn-
παρά	para/	πηρός	phro/s	a-d---fv-
παρά	para/	πηρός	phro/s	a-d---fa-
παρά	para/	πηρός	phro/s	a-s---fn-
παρά	para/	πηρός	phro/s	a-s---fv-
παράδοξα	para/doca	παράδοξος	para/docos	n-p---nn-
παράδοξα	para/doca	παράδοξος	para/docos	n-p---nv-
παράδοξα	para/doca	παράδοξος	para/docos	n-p---na-
παράκλησιν	para/klhsin	παράκλησις	para/klhsis	n-s---fa-
παρέδοσαν	pare/dosan	παραδίδωμι	paradi/dwmi	v3paia---
παρέδοσαν	pare/dosan	παραδίδωμι	paradi/dwmi	v3paia---
παρέδωκαν	pare/dwkan	παραδίδωμι	paradi/dwmi	v3paia---
παρέδωκεν	pare/dwken	παραδίδωμι	paradi/dwmi	v3saia---
παρέθεντο	pare/qento	παρατίθημι	parati/qhmi	v3paim---
παρέλθῃ	pare/lqh|	παρέρχομαι	pare/rxomai	v2sasm---
παρέλθῃ	pare/lqh|	παρέρχομαι	pare/rxomai	v3sasa---
παρέλθῃ	pare/lqh|	παρέρχομαι	pare/rxomai	v3sasa---
παρένεγκε	pare/negke	παραφέρω	parafe/rw	v3saia---
παρένεγκε	pare/negke	παραφέρω	parafe/rw	v3saia---
παρέξῃ	pare/ch|	πάρεξις	pa/recis	n-s---fd-
παρέξῃ	pare/ch|	παρέχω	pare/xw	v2sfim---
παρέξῃ	pare/ch|	παρεξίημι	pareci/hmi	v2sasm---
παρέρχεσθε	pare/rxesqe	παρέρχομαι	pare/rxomai	v2ppme---
παρέρχεσθε	pare/rxesqe	παρέρχομαι	pare/rxomai	v2ppie---
παρέρχεσθε	pare/rxesqe	παρέρχομαι	pare/rxomai	v2piie---
παρέρχεται	pare/rxetai	παρέρχομαι	pare/rxomai	v3spie---
παρέχειν	pare/xein	παρέχω	pare/xw	v--pna---
παρήγγειλεν	parh/ggeilen	παραγγέλλω	paragge/llw	v3saia---
παρήγγελλεν	parh/ggellen	παραγγέλλω	paragge/llw	v3siia---
παρήγγελλεν	parh/ggellen	παραγγέλλω	paragge/llw	v3saia---
παρῃτημένον	parh|thme/non	παραιτέομαι	paraite/omai	v-srpema-
παρῃτημένον	parh|thme/non	παραιτέομαι	paraite/omai	v-srpenn-
παρῃτημένον	parh|thme/non	παραιτέομαι	paraite/omai	v-srpenv-
παρῃτημένον	parh|thme/non	παραιτέομαι	paraite/omai	v-srpena-
παρῆλθον	parh=lqon	παρέρχομαι	pare/rxomai	v3paia---
παρῆλθον	parh=lqon	παρέρχομαι	pare/rxomai	v1saia---
πασῶν	pasw=n	πᾶς	pa=s	n-p---fg-
πασῶν	pasw=n	πᾶς	pa=s	n-p---fg-
πατεῖν	patei=n	πατέω	pate/w	v--pna---
πατουμένη	patoume/nh	πατέομαι	pate/omai	v-sppefn-
πατουμένη	patoume/nh	πατέομαι	pate/omai	v-sppefv-
πατουμένη	patoume/nh	πατέω	pate/w	v-sppefn-
πατουμένη	patoume/nh	πατέω	pate/w	v-sppefv-
πατριᾶς	patria=s	πατριά	patria/	n-s---fg-
πατριᾶς	patria=s	πατριάζω	patria/zw	v2sfia---
πατρί	patri/	πατήρ	path/r	n-s---md-
πατρί	patri/	πατρίς	patri/s	n-s---fv-
πατρίδι	patri/di	πατρίς	patri/s	n-s---fd-
πατρός	patro/s	πατήρ	path/r	n-s---mg-
πατάξομεν	pata/comen	πατάσσω	pata/ssw	v1pasa---
πατάξομεν	pata/comen	πατάσσω	pata/ssw	v1pfia---
πατέρα	pate/ra	πατήρ	path/r	n-s---ma-
πατέρας	pate/ras	πατήρ	path/r	n-p---ma-
πατέρες	pate/res	πατήρ	path/r	n-p---mn-
πατέρες	pate/res	πατήρ	path/r	n-p---mv-
πατέρων	pate/rwn	πατήρ	path/r	n-p---mg-
πατέρων	pate/rwn	πατήρ	path/r	n-p---mg-
πατήρ	path/r	πατήρ	path/r	n-s---mn-
παίδων	pai/dwn	παῖς	pai=s	n-p---mg-
παίδων	pai/dwn	παῖς	pai=s	n-p---fg-
παίσας	pai/sas	πᾶς	pa=s	n-p---fa-
παίσας	pai/sas	πᾶς	pa=s	n-s---fg-
παίσας	pai/sas	παίω1	pai/w1	v-sapamn-
παίσας	pai/sas	παίω1	pai/w1	v-sapamv-
παίσας	pai/sas	παίζω	pai/zw	v-sapamn-
παίσας	pai/sas	παίζω	pai/zw	v-sapamv-
παίσας	pai/sas	παίζω	pai/zw	v-sapamn-
παίσας	pai/sas	παίζω	pai/zw	v-sapamv-
παῖδα	pai=da	παῖς	pai=s	n-s---ma-
παῖδα	pai=da	παῖς	pai=s	n-s---fa-
παῖδας	pai=das	παῖς	pai=s	n-p---ma-
παῖδας	pai=das	παῖς	pai=s	n-p---fa-
παῖς	pai=s	πᾶς	pa=s	n-s---mn-
παῖς	pai=s	πᾶς	pa=s	n-s---mv-
παῖς	pai=s	παῖς	pai=s	n-s---mn-
παῖς	pai=s	παῖς	pai=s	n-s---fn-
πεδινοῦ	pedinou=	πεδινός	pedino/s	a-s---mg-
πεδινοῦ	pedinou=	πεδινός	pedino/s	a-s---ng-
πεινάσετε	peina/sete	πεινάω	peina/w	v2pasa---
πεινάσετε	peina/sete	πεινάω	peina/w	v2pfia---
πεινῶντας	peinw=ntas	πεινάω	peina/w	v-pppama-
πεινῶντες	peinw=ntes	πεινάω	peina/w	v-pppamn-
πεινῶντες	peinw=ntes	πεινάω	peina/w	v-pppamv-
πειραζόμενος	peirazo/menos	πειράζω	peira/zw	v-sppemn-
πειρασμοῖς	peirasmoi=s	πειρασμός	peirasmo/s	n-p---md-
πειρασμοῦ	peirasmou=	πειρασμός	peirasmo/s	n-s---mg-
πειρασμόν	peirasmo/n	πειρασμός	peirasmo/s	n-s---ma-
πειράζοντες	peira/zontes	πειράζω	peira/zw	v-pppamn-
πειράζοντες	peira/zontes	πειράζω	peira/zw	v-pppamv-
πεισθήσονται	peisqh/sontai	πείθω	pei/qw	v3pfip---
πεμφθέντεσ’	pemfqe/ntes'	πέμπω	pe/mpw	v-pappmd-
πεμφθέντεσ’	pemfqe/ntes'	πέμπω	pe/mpw	v-pappnd-
πενθερά	penqera/	πενθερά	penqera/	n-d---fn-
πενθερά	penqera/	πενθερά	penqera/	n-d---fv-
πενθερά	penqera/	πενθερά	penqera/	n-d---fa-
πενθερά	penqera/	πενθερά	penqera/	n-s---fn-
πενθερά	penqera/	πενθερά	penqera/	n-s---fv-
πενθεράν	penqera/n	πενθερά	penqera/	n-s---fa-
πενθήσετε	penqh/sete	πενθέω	penqe/w	v2pasa---
πενθήσετε	penqh/sete	πενθέω	penqe/w	v2pfia---
πενιχράν	penixra/n	πενιχρός	penixro/s	a-s---fa-
πεντακισχίλιοι	pentakisxi/lioi	πεντακισχίλιοι	pentakisxi/lioi	a-p---mn-
πεντακισχίλιοι	pentakisxi/lioi	πεντακισχίλιοι	pentakisxi/lioi	a-p---mv-
πεντακόσια	pentako/sia	πεντακόσιοι	pentako/sioi	a-p---nn-
πεντακόσια	pentako/sia	πεντακόσιοι	pentako/sioi	a-p---nv-
πεντακόσια	pentako/sia	πεντακόσιοι	pentako/sioi	a-p---na-
πεντεκαιδεκάτῳ	pentekaideka/tw|	πεντεκαιδέκατος	pentekaide/katos	a-s---md-
πεντεκαιδεκάτῳ	pentekaideka/tw|	πεντεκαιδέκατος	pentekaide/katos	a-s---nd-
πεντήκοντα	penth/konta	πεντήκοντα	penth/konta	m--------
πεπεισμένος	pepeisme/nos	πείθω	pei/qw	v-srpemn-
πεπιεσμένον	pepiesme/non	πιέζω	pie/zw	v-srpema-
πεπιεσμένον	pepiesme/non	πιέζω	pie/zw	v-srpenn-
πεπιεσμένον	pepiesme/non	πιέζω	pie/zw	v-srpenv-
πεπιεσμένον	pepiesme/non	πιέζω	pie/zw	v-srpena-
πεπληροφορημένων	peplhroforhme/nwn	πληροφορέω	plhrofore/w	v-prpefg-
πεπληροφορημένων	peplhroforhme/nwn	πληροφορέω	plhrofore/w	v-prpemg-
πεπληροφορημένων	peplhroforhme/nwn	πληροφορέω	plhrofore/w	v-prpeng-
πεπλήρωται	peplh/rwtai	πληρόω	plhro/w	v3srie---
πεποιθότας	pepoiqo/tas	πείθω	pei/qw	v-prpama-
πεποιήκαμεν	pepoih/kamen	ποιέω	poie/w	v1pria---
πεποίηκεν	pepoi/hken	ποιέω	poie/w	v3sria---
πεποίηκεν	pepoi/hken	ποιέω	poie/w	v3plia---
πεπραγμένον	pepragme/non	πράσσω	pra/ssw	v-srpema-
πεπραγμένον	pepragme/non	πράσσω	pra/ssw	v-srpenn-
πεπραγμένον	pepragme/non	πράσσω	pra/ssw	v-srpenv-
πεπραγμένον	pepragme/non	πράσσω	pra/ssw	v-srpena-
πεπόνθασιν	pepo/nqasin	πάσχω	pa/sxw	v3pria---
περιαψάντων	periaya/ntwn	περιάπτω	peria/ptw	v-papamg-
περιαψάντων	periaya/ntwn	περιάπτω	peria/ptw	v-papang-
περιαψάντων	periaya/ntwn	περιάπτω	peria/ptw	v3pama---
περιαψάντων	periaya/ntwn	περιιάπτω	periia/ptw	v-papamg-
περιαψάντων	periaya/ntwn	περιιάπτω	periia/ptw	v-papang-
περιαψάντων	periaya/ntwn	περιιάπτω	periia/ptw	v3pama---
περιβαλών	peribalw/n	περιβάλλω	periba/llw	v-sapamn-
περιβλεψάμενος	peribleya/menos	περιβλέπω	perible/pw	v-sapmmn-
περιεβάλετο	perieba/leto	περιβάλλω	periba/llw	v3saim---
περιεζωσμέναι	periezwsme/nai	περιζώννυμαι	perizw/nnumai	v-prpefn-
περιεζωσμέναι	periezwsme/nai	περιζώννυμαι	perizw/nnumai	v-prpefv-
περιεζωσμέναι	periezwsme/nai	περιζώννυμαι	perizw/nnumai	v-srpefd-
περιεσπᾶτο	periespa=to	περισπάω	perispa/w	v3siie---
περιζωσάμενος	perizwsa/menos	περιζώννυμαι	perizw/nnumai	v-sapmmn-
περιζώσεται	perizw/setai	περιζώννυμαι	perizw/nnumai	v3sasm---
περιζώσεται	perizw/setai	περιζώννυμαι	perizw/nnumai	v3sfim---
περικαλύψαντες	perikalu/yantes	περικαλύπτω	perikalu/ptw	v-papamn-
περικαλύψαντες	perikalu/yantes	περικαλύπτω	perikalu/ptw	v-papamv-
περικυκλώσουσίν	perikuklw/sousi/n	περικυκλόω	perikuklo/w	v3pasa---
περικυκλώσουσίν	perikuklw/sousi/n	περικυκλόω	perikuklo/w	v-pfpamd-
περικυκλώσουσίν	perikuklw/sousi/n	περικυκλόω	perikuklo/w	v-pfpand-
περικυκλώσουσίν	perikuklw/sousi/n	περικυκλόω	perikuklo/w	v3pfia---
περικυκλώσουσίν	perikuklw/sousi/n	περικυκλόω	perikuklo/w	v3pasa---
περικυκλώσουσίν	perikuklw/sousi/n	περικυκλόω	perikuklo/w	v-pfpamd-
περικυκλώσουσίν	perikuklw/sousi/n	περικυκλόω	perikuklo/w	v-pfpand-
περικυκλώσουσίν	perikuklw/sousi/n	περικυκλόω	perikuklo/w	v3pfia---
περιοικοῦντας	perioikou=ntas	περιοικέω	perioike/w	v-pppama-
περιοικοῦντας	perioikou=ntas	περιοικέω	perioike/w	v-pppama-
περιπατεῖν	peripatei=n	περιπατέω	peripate/w	v--pna---
περιπατεῖν	peripatei=n	περιπατέω	peripate/w	v--pna---
περιπατοῦντες	peripatou=ntes	περιπατέω	peripate/w	v-pppamn-
περιπατοῦντες	peripatou=ntes	περιπατέω	peripate/w	v-pppamv-
περιπατοῦντες	peripatou=ntes	περιπατέω	peripate/w	v-pppamn-
περιπατοῦντες	peripatou=ntes	περιπατέω	peripate/w	v-pppamv-
περιπατοῦσιν	peripatou=sin	περιπατέω	peripate/w	v-pppamd-
περιπατοῦσιν	peripatou=sin	περιπατέω	peripate/w	v-pppand-
περιπατοῦσιν	peripatou=sin	περιπατέω	peripate/w	v3ppia---
περιπατοῦσιν	peripatou=sin	περιπατέω	peripate/w	v-pppamd-
περιπατοῦσιν	peripatou=sin	περιπατέω	peripate/w	v-pppand-
περιπατοῦσιν	peripatou=sin	περιπατέω	peripate/w	v3ppia---
περιποιήσασθαι	peripoih/sasqai	περιποιέω	peripoie/w	v--anm---
περιποιήσασθαι	peripoih/sasqai	περιποιέω	peripoie/w	v--anm---
περιπάτει	peripa/tei	περιπατέω	peripate/w	v2spma---
περιπάτει	peripa/tei	περιπατέω	peripate/w	v2spma---
περιπάτει	peripa/tei	περιπατέω	peripate/w	v3siia---
περιπάτει	peripa/tei	περιπατέω	peripate/w	v3siia---
περισσεύειν	perisseu/ein	περισσεύω	perisseu/w	v--pna---
περισσεύματος	perisseu/matos	περίσσευμα	peri/sseuma	n-s---ng-
περισσεύονται	perisseu/ontai	περισσεύω	perisseu/w	v3ppie---
περισσεύοντος	perisseu/ontos	περισσεύω	perisseu/w	v-sppamg-
περισσεύοντος	perisseu/ontos	περισσεύω	perisseu/w	v-sppang-
περισσεῦσαν	perisseu=san	περισσεύω	perisseu/w	v-sapann-
περισσεῦσαν	perisseu=san	περισσεύω	perisseu/w	v-sapanv-
περισσεῦσαν	perisseu=san	περισσεύω	perisseu/w	v-sapana-
περισσότερον	perisso/teron	περισσός	perisso/s	x--------
περισσότερον	perisso/teron	περισσός	perisso/s	a-s---ma-
περισσότερον	perisso/teron	περισσός	perisso/s	a-s---nn-
περισσότερον	perisso/teron	περισσός	perisso/s	a-s---nv-
περισσότερον	perisso/teron	περισσός	perisso/s	a-s---na-
περισσότερόν	perisso/tero/n	περισσός	perisso/s	x--------
περισσότερόν	perisso/tero/n	περισσός	perisso/s	a-s---ma-
περισσότερόν	perisso/tero/n	περισσός	perisso/s	a-s---nn-
περισσότερόν	perisso/tero/n	περισσός	perisso/s	a-s---nv-
περισσότερόν	perisso/tero/n	περισσός	perisso/s	a-s---na-
περιστεράν	peristera/n	περιστερά	peristera/	n-s---fa-
περιστερῶν	peristerw=n	περιστερά	peristera/	n-p---fg-
περιστερῶν	peristerw=n	περιστερεών	peristerew/n	n-s---mn-
περιστερῶν	peristerw=n	περιστερεών	peristerew/n	n-s---mv-
περιστερῶν	peristerw=n	περιστερός	peristero/s	n-p---mg-
περιτεμεῖν	peritemei=n	περιτέμνω	perite/mnw	v--ana---
περιτεμεῖν	peritemei=n	περιτέμνω	perite/mnw	v--fna---
περιχώρου	perixw/rou	περίχωρος	peri/xwros	n-s---mg-
περιχώρου	perixw/rou	περίχωρος	peri/xwros	n-s---fg-
περιχώρου	perixw/rou	περίχωρος	peri/xwros	n-s---ng-
περιχώρῳ	perixw/rw|	περίχωρος	peri/xwros	n-s---md-
περιχώρῳ	perixw/rw|	περίχωρος	peri/xwros	n-s---fd-
περιχώρῳ	perixw/rw|	περίχωρος	peri/xwros	n-s---nd-
περιέκρυβεν	perie/kruben	περικρύπτω	perikru/ptw	v3siia---
περιέκρυβεν	perie/kruben	περικρύπτω	perikru/ptw	v3paip---
περιέλαμψεν	perie/lamyen	περιλάμπω	perila/mpw	v3saia---
περιέπεσεν	perie/pesen	περιπίπτω	peripi/ptw	v3saia---
περιέσχεν	perie/sxen	περιέχω	perie/xw	v3saia---
περάτων	pera/twn	πέρας	pe/ras	n-p---ng-
περάτων	pera/twn	πέρατος	pe/ratos	a-p---fg-
περάτων	pera/twn	πέρατος	pe/ratos	a-p---mg-
περάτων	pera/twn	πέρατος	pe/ratos	a-p---ng-
περάτων	pera/twn	περάω1	pera/w1	v3ppma---
περάτων	pera/twn	περάω1	pera/w1	v3dpma---
περάτων	pera/twn	περάω1	pera/w1	v3dpma---
περάτων	pera/twn	περάω2	pera/w2	v3ppma---
περάτων	pera/twn	περάω2	pera/w2	v3dpma---
περάτων	pera/twn	περατόω	perato/w	v3piia---
περάτων	pera/twn	περατόω	perato/w	v1siia---
περί	peri/	περί	peri/	r--------
περίκειται	peri/keitai	περίκειμαι	peri/keimai	v3spie---
περίλυπος	peri/lupos	περίλυπος	peri/lupos	n-s---mn-
περίλυπος	peri/lupos	περίλυπος	peri/lupos	n-s---fn-
περίοικοι	peri/oikoi	περίοικος	peri/oikos	n-p---mn-
περίοικοι	peri/oikoi	περίοικος	peri/oikos	n-p---mv-
περίοικοι	peri/oikoi	περίοικος	peri/oikos	n-p---fn-
περίοικοι	peri/oikoi	περίοικος	peri/oikos	n-p---fv-
περίχωρον	peri/xwron	περίχωρος	peri/xwros	n-s---ma-
περίχωρον	peri/xwron	περίχωρος	peri/xwros	n-s---fa-
περίχωρον	peri/xwron	περίχωρος	peri/xwros	n-s---nn-
περίχωρον	peri/xwron	περίχωρος	peri/xwros	n-s---nv-
περίχωρον	peri/xwron	περίχωρος	peri/xwros	n-s---na-
πεσεῖν	pesei=n	πίπτω	pi/ptw	v--ana---
πεσεῖται	pesei=tai	πίπτω	pi/ptw	v3sfim---
πεσοῦνται	pesou=ntai	πίπτω	pi/ptw	v3pfim---
πεσόν	peso/n	πίπτω	pi/ptw	v-sapamv-
πεσόν	peso/n	πίπτω	pi/ptw	v-sapann-
πεσόν	peso/n	πίπτω	pi/ptw	v-sapanv-
πεσόν	peso/n	πίπτω	pi/ptw	v-sapana-
πεσόντα	peso/nta	πίπτω	pi/ptw	v-papann-
πεσόντα	peso/nta	πίπτω	pi/ptw	v-papanv-
πεσόντα	peso/nta	πίπτω	pi/ptw	v-papana-
πεσόντα	peso/nta	πίπτω	pi/ptw	v-sapama-
πεσών	pesw/n	πίπτω	pi/ptw	v-sapamn-
πετεινά	peteina/	πετεινός	peteino/s	a-p---nn-
πετεινά	peteina/	πετεινός	peteino/s	a-p---nv-
πετεινά	peteina/	πετεινός	peteino/s	a-p---na-
πετεινά	peteina/	πετεινός	peteino/s	a-d---fn-
πετεινά	peteina/	πετεινός	peteino/s	a-d---fv-
πετεινά	peteina/	πετεινός	peteino/s	a-d---fa-
πετεινά	peteina/	πετεινός	peteino/s	a-s---fn-
πετεινά	peteina/	πετεινός	peteino/s	a-s---fv-
πετεινῶν	peteinw=n	πετεινός	peteino/s	a-p---fg-
πετεινῶν	peteinw=n	πετεινός	peteino/s	a-p---mg-
πετεινῶν	peteinw=n	πετεινός	peteino/s	a-p---ng-
πικρῶς	pikrw=s	πικρός	pikro/s	x--------
πικρῶς	pikrw=s	πικρόω	pikro/w	v2spia---
πινακίδιον	pinaki/dion	πινακίδιον	pinaki/dion	n-s---nn-
πινακίδιον	pinaki/dion	πινακίδιον	pinaki/dion	n-s---nv-
πινακίδιον	pinaki/dion	πινακίδιον	pinaki/dion	n-s---na-
πιπτόντων	pipto/ntwn	πίπτω	pi/ptw	v-pppamg-
πιπτόντων	pipto/ntwn	πίπτω	pi/ptw	v-pppang-
πιπτόντων	pipto/ntwn	πίπτω	pi/ptw	v3ppma---
πιστεύειν	pisteu/ein	πιστεύω	pisteu/w	v--pna---
πιστεύουσιν	pisteu/ousin	πιστεύω	pisteu/w	v-pppamd-
πιστεύουσιν	pisteu/ousin	πιστεύω	pisteu/w	v-pppand-
πιστεύουσιν	pisteu/ousin	πιστεύω	pisteu/w	v3ppia---
πιστεύσαντες	pisteu/santes	πιστεύω	pisteu/w	v-papamn-
πιστεύσαντες	pisteu/santes	πιστεύω	pisteu/w	v-papamv-
πιστεύσασα	pisteu/sasa	πιστεύω	pisteu/w	v-sapafn-
πιστεύσασα	pisteu/sasa	πιστεύω	pisteu/w	v-sapafv-
πιστεύσει	pisteu/sei	πίστευσις	pi/steusis	n-d---fn-
πιστεύσει	pisteu/sei	πίστευσις	pi/steusis	n-d---fv-
πιστεύσει	pisteu/sei	πίστευσις	pi/steusis	n-d---fa-
πιστεύσει	pisteu/sei	πίστευσις	pi/steusis	n-s---fd-
πιστεύσει	pisteu/sei	πίστευσις	pi/steusis	n-s---fd-
πιστεύσει	pisteu/sei	πιστεύω	pisteu/w	v3sasa---
πιστεύσει	pisteu/sei	πιστεύω	pisteu/w	v2sfim---
πιστεύσει	pisteu/sei	πιστεύω	pisteu/w	v3sfia---
πιστεύσητε	pisteu/shte	πιστεύω	pisteu/w	v2pasa---
πιστοί	pistoi/	πιστόσ1	pisto/s1	a-p---mn-
πιστοί	pistoi/	πιστόσ1	pisto/s1	a-p---mv-
πιστοί	pistoi/	πιστόσ2	pisto/s2	a-p---mn-
πιστοί	pistoi/	πιστόσ2	pisto/s2	a-p---mv-
πιστοί	pistoi/	πιστόω	pisto/w	v2spse---
πιστοί	pistoi/	πιστόω	pisto/w	v2spie---
πιστοί	pistoi/	πιστόω	pisto/w	v3spsa---
πιστός	pisto/s	πιστόσ1	pisto/s1	a-s---mn-
πιστός	pisto/s	πιστόσ2	pisto/s2	a-s---mn-
πιών	piw/n	πίνω	pi/nw	v-sapamn-
πλανηθῆτε	planhqh=te	πλανάω	plana/w	v2pasp---
πλατείαις	platei/ais	πλατεῖα	platei=a	n-p---fd-
πλατείαις	platei/ais	πλατύς	platu/s	a-p---fd-
πλατείας	platei/as	πλατεῖα	platei=a	n-p---fa-
πλατείας	platei/as	πλατεῖα	platei=a	n-s---fg-
πλατείας	platei/as	πλατύς	platu/s	a-p---fa-
πλατείας	platei/as	πλατύς	platu/s	a-s---fg-
πλειόνων	pleio/nwn	πλείων	plei/wn	a-p----g-
πλειόνων	pleio/nwn	πλείων	plei/wn	a-p---ng-
πλεονεξίας	pleoneci/as	πλεονεξία	pleoneci/a	n-p---fa-
πλεονεξίας	pleoneci/as	πλεονεξία	pleoneci/a	n-s---fg-
πλεόντων	pleo/ntwn	πλέω	ple/w	v-pppamg-
πλεόντων	pleo/ntwn	πλέω	ple/w	v-pppang-
πλεόντων	pleo/ntwn	πλέω	ple/w	v3ppma---
πλεῖον	plei=on	πλέω	ple/w	v-sppamv-
πλεῖον	plei=on	πλέω	ple/w	v-sppann-
πλεῖον	plei=on	πλέω	ple/w	v-sppanv-
πλεῖον	plei=on	πλέω	ple/w	v-sppana-
πλεῖον	plei=on	πλέω	ple/w	v3piia---
πλεῖον	plei=on	πλέω	ple/w	v1siia---
πλεῖον	plei=on	πλέως	ple/ws	a-s---ma-
πλεῖον	plei=on	πλέως	ple/ws	a-s---nn-
πλεῖον	plei=on	πλέως	ple/ws	a-s---nv-
πλεῖον	plei=on	πλέως	ple/ws	a-s---na-
πλεῖον	plei=on	πλείων	plei/wn	a-s---mv-
πλεῖον	plei=on	πλείων	plei/wn	a-s---fv-
πλεῖον	plei=on	πλείων	plei/wn	a-s---nn-
πλεῖον	plei=on	πλείων	plei/wn	a-s---nv-
πλεῖον	plei=on	πλείων	plei/wn	a-s---na-
πλεῖόν	plei=o/n	πλέω	ple/w	v-sppamv-
πλεῖόν	plei=o/n	πλέω	ple/w	v-sppann-
πλεῖόν	plei=o/n	πλέω	ple/w	v-sppanv-
πλεῖόν	plei=o/n	πλέω	ple/w	v-sppana-
πλεῖόν	plei=o/n	πλέω	ple/w	v3piia---
πλεῖόν	plei=o/n	πλέω	ple/w	v1siia---
πλεῖόν	plei=o/n	πλέως	ple/ws	a-s---ma-
πλεῖόν	plei=o/n	πλέως	ple/ws	a-s---nn-
πλεῖόν	plei=o/n	πλέως	ple/ws	a-s---nv-
πλεῖόν	plei=o/n	πλέως	ple/ws	a-s---na-
πλεῖόν	plei=o/n	πλείων	plei/wn	a-s---mv-
πλεῖόν	plei=o/n	πλείων	plei/wn	a-s---fv-
πλεῖόν	plei=o/n	πλείων	plei/wn	a-s---nn-
πλεῖόν	plei=o/n	πλείων	plei/wn	a-s---nv-
πλεῖόν	plei=o/n	πλείων	plei/wn	a-s---na-
πληγάς	plhga/s	πληγάς	plhga/s	n-s---fn-
πληγάς	plhga/s	πληγή	plhgh/	n-p---fa-
πληγῶν	plhgw=n	πλήξ	plh/c	n-p---fg-
πληγῶν	plhgw=n	πληγή	plhgh/	n-p---fg-
πλημμύρης	plhmmu/rhs	πλήμμυρα	plh/mmura	n-s---fg-
πλημμύρης	plhmmu/rhs	πλημμυρέω	plhmmure/w	v2siia---
πληροῦν	plhrou=n	πληρόω	plhro/w	v-sppamv-
πληροῦν	plhrou=n	πληρόω	plhro/w	v-sppann-
πληροῦν	plhrou=n	πληρόω	plhro/w	v-sppanv-
πληροῦν	plhrou=n	πληρόω	plhro/w	v-sppana-
πληροῦν	plhrou=n	πληρόω	plhro/w	v--pna---
πληρωθήσεται	plhrwqh/setai	πληρόω	plhro/w	v3sfip---
πληρωθήσονται	plhrwqh/sontai	πληρόω	plhro/w	v3pfip---
πληρωθῆναι	plhrwqh=nai	πληρόω	plhro/w	v--anp---
πληρωθῇ	plhrwqh=|	πληρόω	plhro/w	v3sasp---
πληρωθῶσιν	plhrwqw=sin	πληρόω	plhro/w	v3pasp---
πλησθήσεται	plhsqh/setai	πίμπλημι	pi/mplhmi	v3sfip---
πλησθῆναι	plhsqh=nai	πίμπλημι	pi/mplhmi	v--anp---
πλησίον	plhsi/on	πίμπλημι	pi/mplhmi	v-sfpamv-
πλησίον	plhsi/on	πίμπλημι	pi/mplhmi	v-sfpann-
πλησίον	plhsi/on	πίμπλημι	pi/mplhmi	v-sfpanv-
πλησίον	plhsi/on	πίμπλημι	pi/mplhmi	v-sfpana-
πλησίον	plhsi/on	πλησίος	plhsi/os	d--------
πλησίον	plhsi/on	πλησίος	plhsi/os	a-s---ma-
πλησίον	plhsi/on	πλησίος	plhsi/os	a-s---nn-
πλησίον	plhsi/on	πλησίος	plhsi/os	a-s---nv-
πλησίον	plhsi/on	πλησίος	plhsi/os	a-s---na-
πλουσίοις	plousi/ois	πλούσιος	plou/sios	a-p---md-
πλουσίοις	plousi/ois	πλούσιος	plou/sios	a-p---nd-
πλουσίου	plousi/ou	πλούσιος	plou/sios	a-s---mg-
πλουσίου	plousi/ou	πλούσιος	plou/sios	a-s---ng-
πλουσίους	plousi/ous	πλούσιος	plou/sios	a-p---ma-
πλουτοῦντας	ploutou=ntas	πλουτέω	ploute/w	v-pppama-
πλουτῶν	ploutw=n	πλοῦτοσ2	plou=tos2	n-p---ng-
πλουτῶν	ploutw=n	πλουτέω	ploute/w	v-sppamn-
πλοίου	ploi/ou	πλοῖον	ploi=on	n-s---ng-
πλοίων	ploi/wn	πλοῖον	ploi=on	n-p---ng-
πλοίῳ	ploi/w|	πλοῖον	ploi=on	n-s---nd-
πλούσιον	plou/sion	πλούσιος	plou/sios	a-s---ma-
πλούσιον	plou/sion	πλούσιος	plou/sios	a-s---nn-
πλούσιον	plou/sion	πλούσιος	plou/sios	a-s---nv-
πλούσιον	plou/sion	πλούσιος	plou/sios	a-s---na-
πλούσιος	plou/sios	πλούσιος	plou/sios	a-s---mn-
πλούτου	plou/tou	πλοῦτοσ1	plou=tos1	n-s---mg-
πλοῖα	ploi=a	πλοῖον	ploi=on	n-p---nn-
πλοῖα	ploi=a	πλοῖον	ploi=on	n-p---nv-
πλοῖα	ploi=a	πλοῖον	ploi=on	n-p---na-
πλοῖον	ploi=on	πλοῖον	ploi=on	n-s---nn-
πλοῖον	ploi=on	πλοῖον	ploi=on	n-s---nv-
πλοῖον	ploi=on	πλοῖον	ploi=on	n-s---na-
πλέον	ple/on	πλέος	ple/os	n-s---ma-
πλέον	ple/on	πλέος	ple/os	n-s---nn-
πλέον	ple/on	πλέος	ple/os	n-s---nv-
πλέον	ple/on	πλέος	ple/os	n-s---na-
πλέον	ple/on	πλέω	ple/w	v-sppamv-
πλέον	ple/on	πλέω	ple/w	v-sppann-
πλέον	ple/on	πλέω	ple/w	v-sppanv-
πλέον	ple/on	πλέω	ple/w	v-sppana-
πλέον	ple/on	πλέω	ple/w	v3piia---
πλέον	ple/on	πλέω	ple/w	v1siia---
πλέον	ple/on	πλέως	ple/ws	a-s---ma-
πλέον	ple/on	πλέως	ple/ws	a-s---nn-
πλέον	ple/on	πλέως	ple/ws	a-s---nv-
πλέον	ple/on	πλέως	ple/ws	a-s---na-
πλέον	ple/on	πλείων	plei/wn	a-s---mv-
πλέον	ple/on	πλείων	plei/wn	a-s---fv-
πλέον	ple/on	πλείων	plei/wn	a-s---nn-
πλέον	ple/on	πλείων	plei/wn	a-s---nv-
πλέον	ple/on	πλείων	plei/wn	a-s---na-
πλήν	plh/n	πλήν	plh/n	r--------
πλήρης	plh/rhs	πλήρης	plh/rhs	n-p---ma-
πλήρης	plh/rhs	πλήρης	plh/rhs	n-p---fa-
πλήρης	plh/rhs	πλήρης	plh/rhs	n-p---mn-
πλήρης	plh/rhs	πλήρης	plh/rhs	n-p---mv-
πλήρης	plh/rhs	πλήρης	plh/rhs	n-p---fn-
πλήρης	plh/rhs	πλήρης	plh/rhs	n-p---fv-
πλήρης	plh/rhs	πλήρης	plh/rhs	n-s---mn-
πλήρης	plh/rhs	πλήρης	plh/rhs	n-s---fn-
πλῆθος	plh=qos	πλῆθος	plh=qos	n-s---nn-
πλῆθος	plh=qos	πλῆθος	plh=qos	n-s---nv-
πλῆθος	plh=qos	πλῆθος	plh=qos	n-s---na-
πνευμάτων	pneuma/twn	πνεῦμα	pneu=ma	n-p---ng-
πνευμάτων	pneuma/twn	πνευματόω	pneumato/w	v3piia---
πνευμάτων	pneuma/twn	πνευματόω	pneumato/w	v1siia---
πνεύμασιν	pneu/masin	πνεῦμα	pneu=ma	n-p---nd-
πνεύματα	pneu/mata	πνεῦμα	pneu=ma	n-p---nn-
πνεύματα	pneu/mata	πνεῦμα	pneu=ma	n-p---nv-
πνεύματα	pneu/mata	πνεῦμα	pneu=ma	n-p---na-
πνεύματι	pneu/mati	πνεῦμα	pneu=ma	n-s---nd-
πνεύματος	pneu/matos	πνεῦμα	pneu=ma	n-s---ng-
πνεῦμα	pneu=ma	πνεῦμα	pneu=ma	n-s---nn-
πνεῦμα	pneu=ma	πνεῦμα	pneu=ma	n-s---nv-
πνεῦμα	pneu=ma	πνεῦμα	pneu=ma	n-s---na-
πνεῦμά	pneu=ma/	πνεῦμα	pneu=ma	n-s---nn-
πνεῦμά	pneu=ma/	πνεῦμα	pneu=ma	n-s---nv-
πνεῦμά	pneu=ma/	πνεῦμα	pneu=ma	n-s---na-
πνέοντα	pne/onta	πνέω	pne/w	v-pppann-
πνέοντα	pne/onta	πνέω	pne/w	v-pppanv-
πνέοντα	pne/onta	πνέω	pne/w	v-pppana-
πνέοντα	pne/onta	πνέω	pne/w	v-sppama-
ποδῶν	podw=n	ποδόω	podo/w	v-sppamv-
ποδῶν	podw=n	ποδόω	podo/w	v-sppann-
ποδῶν	podw=n	ποδόω	podo/w	v-sppanv-
ποδῶν	podw=n	ποδόω	podo/w	v-sppana-
ποδῶν	podw=n	ποδόω	podo/w	v-sppamn-
ποδῶν	podw=n	ποδόω	podo/w	v--pna---
ποδῶν	podw=n	πούς	pou/s	n-p---mg-
ποιείτω	poiei/tw	ποιέω	poie/w	v3spma---
ποιεῖ	poiei=	ποιέω	poie/w	v2spie---
ποιεῖ	poiei=	ποιέω	poie/w	v3spia---
ποιεῖς	poiei=s	ποιέω	poie/w	v2spia---
ποιεῖτε	poiei=te	ποιέω	poie/w	v2ppma---
ποιεῖτε	poiei=te	ποιέω	poie/w	v2ppoa---
ποιεῖτε	poiei=te	ποιέω	poie/w	v2ppia---
ποιεῖτε	poiei=te	ποιέω	poie/w	v2piia---
ποικίλαις	poiki/lais	ποικίλλω	poiki/llw	v-sapamn-
ποικίλαις	poiki/lais	ποικίλλω	poiki/llw	v-sapamv-
ποικίλαις	poiki/lais	ποικίλλω	poiki/llw	v2saoa---
ποικίλαις	poiki/lais	ποικίλος	poiki/los	a-p---fd-
ποιμαίνοντα	poimai/nonta	ποιμαίνω	poimai/nw	v-pppann-
ποιμαίνοντα	poimai/nonta	ποιμαίνω	poimai/nw	v-pppanv-
ποιμαίνοντα	poimai/nonta	ποιμαίνω	poimai/nw	v-pppana-
ποιμαίνοντα	poimai/nonta	ποιμαίνω	poimai/nw	v-sppama-
ποιμένες	poime/nes	ποιμήν	poimh/n	n-p---mn-
ποιμένες	poime/nes	ποιμήν	poimh/n	n-p---mv-
ποιμένων	poime/nwn	ποιμήν	poimh/n	n-p---mg-
ποιούμενος	poiou/menos	ποιέω	poie/w	v-sppemn-
ποιούμενος	poiou/menos	ποιόω	poio/w	v-sppemn-
ποιοῦν	poiou=n	ποιέω	poie/w	v-sppamv-
ποιοῦν	poiou=n	ποιέω	poie/w	v-sppann-
ποιοῦν	poiou=n	ποιέω	poie/w	v-sppanv-
ποιοῦν	poiou=n	ποιέω	poie/w	v-sppana-
ποιοῦν	poiou=n	ποιόω	poio/w	v-sppamv-
ποιοῦν	poiou=n	ποιόω	poio/w	v-sppann-
ποιοῦν	poiou=n	ποιόω	poio/w	v-sppanv-
ποιοῦν	poiou=n	ποιόω	poio/w	v-sppana-
ποιοῦν	poiou=n	ποιόω	poio/w	v--pna---
ποιοῦντα	poiou=nta	ποιέω	poie/w	v-pppann-
ποιοῦντα	poiou=nta	ποιέω	poie/w	v-pppanv-
ποιοῦντα	poiou=nta	ποιέω	poie/w	v-pppana-
ποιοῦντα	poiou=nta	ποιέω	poie/w	v-sppama-
ποιοῦντα	poiou=nta	ποιόω	poio/w	v-pppann-
ποιοῦντα	poiou=nta	ποιόω	poio/w	v-pppanv-
ποιοῦντα	poiou=nta	ποιόω	poio/w	v-pppana-
ποιοῦντα	poiou=nta	ποιόω	poio/w	v-sppama-
ποιοῦνται	poiou=ntai	ποιέω	poie/w	v3ppie---
ποιοῦνται	poiou=ntai	ποιόω	poio/w	v3ppie---
ποιοῦντες	poiou=ntes	ποιέω	poie/w	v-pppamn-
ποιοῦντες	poiou=ntes	ποιέω	poie/w	v-pppamv-
ποιοῦντες	poiou=ntes	ποιόω	poio/w	v-pppamn-
ποιοῦντες	poiou=ntes	ποιόω	poio/w	v-pppamv-
ποιοῦσιν	poiou=sin	ποιέω	poie/w	v-pppamd-
ποιοῦσιν	poiou=sin	ποιέω	poie/w	v-pppand-
ποιοῦσιν	poiou=sin	ποιέω	poie/w	v3ppia---
ποιοῦσιν	poiou=sin	ποιόω	poio/w	v-pppamd-
ποιοῦσιν	poiou=sin	ποιόω	poio/w	v-pppand-
ποιοῦσιν	poiou=sin	ποιόω	poio/w	v3ppia---
ποιήσαιεν	poih/saien	ποιέω	poie/w	v3paoa---
ποιήσαντες	poih/santes	ποιέω	poie/w	v-papamn-
ποιήσαντες	poih/santes	ποιέω	poie/w	v-papamv-
ποιήσας	poih/sas	ποιέω	poie/w	v-sapamn-
ποιήσας	poih/sas	ποιέω	poie/w	v-sapamv-
ποιήσατε	poih/sate	ποιέω	poie/w	v2pama---
ποιήσατε	poih/sate	ποιέω	poie/w	v2paia---
ποιήσει	poih/sei	ποίησις	poi/hsis	n-d---fn-
ποιήσει	poih/sei	ποίησις	poi/hsis	n-d---fv-
ποιήσει	poih/sei	ποίησις	poi/hsis	n-d---fa-
ποιήσει	poih/sei	ποίησις	poi/hsis	n-s---fd-
ποιήσει	poih/sei	ποίησις	poi/hsis	n-s---fd-
ποιήσει	poih/sei	ποιέω	poie/w	v3sasa---
ποιήσει	poih/sei	ποιέω	poie/w	v2sfim---
ποιήσει	poih/sei	ποιέω	poie/w	v3sfia---
ποιήσητε	poih/shte	ποιέω	poie/w	v2pasa---
ποιήσω	poih/sw	ποιέω	poie/w	v1sasa---
ποιήσω	poih/sw	ποιέω	poie/w	v1sfia---
ποιήσω	poih/sw	ποιέω	poie/w	v2saim---
ποιήσωμεν	poih/swmen	ποιέω	poie/w	v1pasa---
ποιήσωσιν	poih/swsin	ποιέω	poie/w	v3pasa---
ποιήσῃ	poih/sh|	ποίησις	poi/hsis	n-s---fd-
ποιήσῃ	poih/sh|	ποιέω	poie/w	v2sasm---
ποιήσῃ	poih/sh|	ποιέω	poie/w	v3sasa---
ποιήσῃ	poih/sh|	ποιέω	poie/w	v2sfim---
ποιῆσαι	poih=sai	ποιέω	poie/w	v--ana---
ποιῇς	poih=|s	ποιέω	poie/w	v2spsa---
ποιῇς	poih=|s	ποιός	poio/s	a-p---fd-
ποιῇσ’	poih=|s'	ποιέω	poie/w	v3spsa---
ποιῇσ’	poih=|s'	ποιός	poio/s	a-p---fd-
ποιῶ	poiw=	ποιέω	poie/w	v1spsa---
ποιῶ	poiw=	ποιέω	poie/w	v1spia---
ποιῶ	poiw=	ποιός	poio/s	a-s---mg-
ποιῶ	poiw=	ποιός	poio/s	a-s---ng-
ποιῶ	poiw=	ποιόω	poio/w	v1spsa---
ποιῶ	poiw=	ποιόω	poio/w	v1spia---
ποιῶν	poiw=n	πόα	po/a	n-p---fg-
ποιῶν	poiw=n	ποιέω	poie/w	v-sppamn-
ποιῶν	poiw=n	ποιός	poio/s	a-p---fg-
ποιῶν	poiw=n	ποιός	poio/s	a-p---mg-
ποιῶν	poiw=n	ποιός	poio/s	a-p---ng-
ποιῶν	poiw=n	ποιόω	poio/w	v-sppamv-
ποιῶν	poiw=n	ποιόω	poio/w	v-sppann-
ποιῶν	poiw=n	ποιόω	poio/w	v-sppanv-
ποιῶν	poiw=n	ποιόω	poio/w	v-sppana-
ποιῶν	poiw=n	ποιόω	poio/w	v-sppamn-
ποιῶν	poiw=n	ποιόω	poio/w	v--pna---
ποιῶσιν	poiw=sin	ποιέω	poie/w	v3ppsa---
ποιῶσιν	poiw=sin	ποιόω	poio/w	v2spse---
ποιῶσιν	poiw=sin	ποιόω	poio/w	v3ppsa---
ποιῶσιν	poiw=sin	ποιόω	poio/w	v3spsa---
πολιτῶν	politw=n	πολίτης	poli/ths	n-p---mg-
πολλαπλασίονα	pollaplasi/ona	πολλαπλασίων	pollaplasi/wn	n-p---nn-
πολλαπλασίονα	pollaplasi/ona	πολλαπλασίων	pollaplasi/wn	n-p---nv-
πολλαπλασίονα	pollaplasi/ona	πολλαπλασίων	pollaplasi/wn	n-p---na-
πολλαπλασίονα	pollaplasi/ona	πολλαπλασίων	pollaplasi/wn	n-s---ma-
πολλαπλασίονα	pollaplasi/ona	πολλαπλασίων	pollaplasi/wn	n-s---fa-
πολλαί	pollai/	πολύς	polu/s	a-p---fn-
πολλαί	pollai/	πολύς	polu/s	a-p---fv-
πολλαῖς	pollai=s	πολύς	polu/s	a-p---fd-
πολλοί	polloi/	πολύς	polu/s	a-p---mn-
πολλοί	polloi/	πολύς	polu/s	a-p---mv-
πολλούς	pollou/s	πολύς	polu/s	a-p---ma-
πολλοῖς	polloi=s	πολύς	polu/s	a-p---md-
πολλοῖς	polloi=s	πολύς	polu/s	a-p---nd-
πολλοῦ	pollou=	πολύς	polu/s	a-s---mg-
πολλοῦ	pollou=	πολύς	polu/s	a-s---ng-
πολλά	polla/	πολύς	polu/s	a-d---fn-
πολλά	polla/	πολύς	polu/s	a-d---fv-
πολλά	polla/	πολύς	polu/s	a-d---fa-
πολλά	polla/	πολύς	polu/s	a-s---fn-
πολλά	polla/	πολύς	polu/s	a-s---fv-
πολλά	polla/	πολύς	polu/s	a-p---nn-
πολλά	polla/	πολύς	polu/s	a-p---nv-
πολλά	polla/	πολύς	polu/s	a-p---na-
πολλά’	polla/'	πολύς	polu/s	a-p---fn-
πολλά’	polla/'	πολύς	polu/s	a-p---fv-
πολλάς	polla/s	πολύς	polu/s	a-p---fa-
πολλήν	pollh/n	πολύς	polu/s	a-s---fa-
πολλῆς	pollh=s	πολύς	polu/s	a-s---fg-
πολλῶν	pollw=n	πολύς	polu/s	a-p---fg-
πολλῶν	pollw=n	πολύς	polu/s	a-p---mg-
πολλῶν	pollw=n	πολύς	polu/s	a-p---ng-
πολλῷ	pollw=|	πολύς	polu/s	a-s---md-
πολλῷ	pollw=|	πολύς	polu/s	a-s---nd-
πολέμους	pole/mous	πόλεμος	po/lemos	n-p---ma-
πολέμους	pole/mous	πολεμόω	polemo/w	v2siia---
πολύ	polu/	πολύς	polu/s	n-s---nn-
πολύ	polu/	πολύς	polu/s	n-s---nv-
πολύ	polu/	πολύς	polu/s	n-s---na-
πολύς	polu/s	πολύς	polu/s	n-s---mn-
πολῖται	poli=tai	πολίτης	poli/ths	n-p---mn-
πολῖται	poli=tai	πολίτης	poli/ths	n-p---mv-
πονηροί	ponhroi/	πονηρός	ponhro/s	a-p---mn-
πονηροί	ponhroi/	πονηρός	ponhro/s	a-p---mv-
πονηρούς	ponhrou/s	πονηρός	ponhro/s	a-p---ma-
πονηροῦ	ponhrou=	πονηρός	ponhro/s	a-s---mg-
πονηροῦ	ponhrou=	πονηρός	ponhro/s	a-s---ng-
πονηρά	ponhra/	πονηρός	ponhro/s	a-p---nn-
πονηρά	ponhra/	πονηρός	ponhro/s	a-p---nv-
πονηρά	ponhra/	πονηρός	ponhro/s	a-p---na-
πονηρά	ponhra/	πονηρός	ponhro/s	a-d---fn-
πονηρά	ponhra/	πονηρός	ponhro/s	a-d---fv-
πονηρά	ponhra/	πονηρός	ponhro/s	a-d---fa-
πονηρά	ponhra/	πονηρός	ponhro/s	a-s---fn-
πονηρά	ponhra/	πονηρός	ponhro/s	a-s---fv-
πονηρέ	ponhre/	πονηρός	ponhro/s	a-s---mv-
πονηρίας	ponhri/as	πονηρία	ponhri/a	n-p---fa-
πονηρίας	ponhri/as	πονηρία	ponhri/a	n-s---fg-
πονηρόν	ponhro/n	πονηρός	ponhro/s	a-s---ma-
πονηρόν	ponhro/n	πονηρός	ponhro/s	a-s---nn-
πονηρόν	ponhro/n	πονηρός	ponhro/s	a-s---nv-
πονηρόν	ponhro/n	πονηρός	ponhro/s	a-s---na-
πονηρός	ponhro/s	πονηρός	ponhro/s	a-s---mn-
πονηρότερα	ponhro/tera	πονηρός	ponhro/s	a-p---nn-
πονηρότερα	ponhro/tera	πονηρός	ponhro/s	a-p---nv-
πονηρότερα	ponhro/tera	πονηρός	ponhro/s	a-p---na-
πονηρῶν	ponhrw=n	πονηρός	ponhro/s	a-p---fg-
πονηρῶν	ponhrw=n	πονηρός	ponhro/s	a-p---mg-
πονηρῶν	ponhrw=n	πονηρός	ponhro/s	a-p---ng-
πορευθείς	poreuqei/s	πορεύω	poreu/w	v-sappmn-
πορευθείς	poreuqei/s	πορεύω	poreu/w	v-sappmv-
πορευθέντες	poreuqe/ntes	πορεύω	poreu/w	v-pappmn-
πορευθέντες	poreuqe/ntes	πορεύω	poreu/w	v-pappmv-
πορευθῆτε	poreuqh=te	πορεύω	poreu/w	v2pasp---
πορευθῇ	poreuqh=|	πορεύω	poreu/w	v3sasp---
πορευομένου	poreuome/nou	πορεύω	poreu/w	v-sppemg-
πορευομένου	poreuome/nou	πορεύω	poreu/w	v-sppeng-
πορευομένων	poreuome/nwn	πορεύω	poreu/w	v-pppefg-
πορευομένων	poreuome/nwn	πορεύω	poreu/w	v-pppemg-
πορευομένων	poreuome/nwn	πορεύω	poreu/w	v-pppeng-
πορευόμενοι	poreuo/menoi	πορεύω	poreu/w	v-pppemn-
πορευόμενοι	poreuo/menoi	πορεύω	poreu/w	v-pppemv-
πορευόμενον	poreuo/menon	πορεύω	poreu/w	v-sppema-
πορευόμενον	poreuo/menon	πορεύω	poreu/w	v-sppenn-
πορευόμενον	poreuo/menon	πορεύω	poreu/w	v-sppenv-
πορευόμενον	poreuo/menon	πορεύω	poreu/w	v-sppena-
πορευόμενος	poreuo/menos	πορεύω	poreu/w	v-sppemn-
πορείαν	porei/an	πορεία	porei/a	n-s---fa-
πορεύεσθαι	poreu/esqai	πορεύω	poreu/w	v--pne---
πορεύεται	poreu/etai	πορεύω	poreu/w	v3spie---
πορεύομαι	poreu/omai	πορεύω	poreu/w	v1spie---
πορεύου	poreu/ou	πορεύω	poreu/w	v2spme---
πορεύου	poreu/ou	πορεύω	poreu/w	v2siie---
πορεύσεται	poreu/setai	πορεύω	poreu/w	v3sasm---
πορεύσεται	poreu/setai	πορεύω	poreu/w	v3sfim---
πορεύσομαι	poreu/somai	πορεύω	poreu/w	v1sasm---
πορεύσομαι	poreu/somai	πορεύω	poreu/w	v1sfim---
πορνῶν	pornw=n	πόρνη	po/rnh	n-p---fg-
πορρώτερον	porrw/teron	πρόσω	pro/sw	d--------
πορφύραν	porfu/ran	πορφύρα	porfu/ra	n-s---fa-
ποσάκις	posa/kis	ποσάκις	posa/kis	d--------
ποταμός	potamo/s	ποταμός	potamo/s	n-s---mn-
ποτε	pote	ποτέ	pote/	g--------
ποτηρίου	pothri/ou	ποτήριον	poth/rion	n-s---ng-
ποτήριον	poth/rion	ποτήριον	poth/rion	n-s---nn-
ποτήριον	poth/rion	ποτήριον	poth/rion	n-s---nv-
ποτήριον	poth/rion	ποτήριον	poth/rion	n-s---na-
ποτίζει	poti/zei	ποτίζω	poti/zw	v2spie---
ποτίζει	poti/zei	ποτίζω	poti/zw	v3spia---
ποία	poi/a	πόα	po/a	n-d---fn-
ποία	poi/a	πόα	po/a	n-d---fv-
ποία	poi/a	πόα	po/a	n-d---fa-
ποία	poi/a	πόα	po/a	n-s---fn-
ποία	poi/a	πόα	po/a	n-s---fv-
ποία	poi/a	ποῖος	poi=os	a-d---fn-
ποία	poi/a	ποῖος	poi=os	a-d---fv-
ποία	poi/a	ποῖος	poi=os	a-d---fa-
ποία	poi/a	ποῖος	poi=os	a-s---fn-
ποία	poi/a	ποῖος	poi=os	a-s---fv-
ποίας	poi/as	πόα	po/a	n-p---fa-
ποίας	poi/as	πόα	po/a	n-s---fg-
ποίας	poi/as	ποῖος	poi=os	a-p---fa-
ποίας	poi/as	ποῖος	poi=os	a-s---fg-
ποίει	poi/ei	ποιέω	poie/w	v2spma---
ποίει	poi/ei	ποιέω	poie/w	v3siia---
ποίησον	poi/hson	ποιέω	poie/w	v2sama---
ποίησόν	poi/hso/n	ποιέω	poie/w	v2sama---
ποίμνην	poi/mnhn	ποίμνη	poi/mnh	n-s---fa-
ποίμνιον	poi/mnion	ποίμνιον	poi/mnion	n-s---nn-
ποίμνιον	poi/mnion	ποίμνιον	poi/mnion	n-s---nv-
ποίμνιον	poi/mnion	ποίμνιον	poi/mnion	n-s---na-
ποίμνιον	poi/mnion	ποίμνιος	poi/mnios	a-s---ma-
ποίμνιον	poi/mnion	ποίμνιος	poi/mnios	a-s---nn-
ποίμνιον	poi/mnion	ποίμνιος	poi/mnios	a-s---nv-
ποίμνιον	poi/mnion	ποίμνιος	poi/mnios	a-s---na-
ποίᾳ	poi/a|	πόα	po/a	n-s---fd-
ποίᾳ	poi/a|	ποῖος	poi=os	a-s---fd-
ποῦ	pou=	πού	pou/	d--------
ποῦ	pou=	ποῦ	pou=	x--------
πραγμάτων	pragma/twn	πρᾶγμα	pra=gma	n-p---ng-
πρεσβείαν	presbei/an	πρεσβεία	presbei/a	n-s---fa-
πρεσβυτέριον	presbute/rion	πρεσβυτέριον	presbute/rion	n-s---nn-
πρεσβυτέριον	presbute/rion	πρεσβυτέριον	presbute/rion	n-s---nv-
πρεσβυτέριον	presbute/rion	πρεσβυτέριον	presbute/rion	n-s---na-
πρεσβυτέροις	presbute/rois	πρέσβυς	pre/sbus	a-p---md-
πρεσβυτέροις	presbute/rois	πρέσβυς	pre/sbus	a-p---nd-
πρεσβυτέρους	presbute/rous	πρέσβυς	pre/sbus	a-p---ma-
πρεσβυτέρων	presbute/rwn	πρέσβυς	pre/sbus	a-p---fg-
πρεσβυτέρων	presbute/rwn	πρέσβυς	pre/sbus	a-p---mg-
πρεσβυτέρων	presbute/rwn	πρέσβυς	pre/sbus	a-p---ng-
πρεσβύτερος	presbu/teros	πρέσβυς	pre/sbus	a-s---mn-
πρεσβύτης	presbu/ths	πρεσβύτης	presbu/ths	n-s---mn-
προβεβηκυῖα	probebhkui=a	προβαίνω	probai/nw	v-srpafn-
προβεβηκυῖα	probebhkui=a	προβαίνω	probai/nw	v-srpafv-
προβεβηκότες	probebhko/tes	προβαίνω	probai/nw	v-prpamn-
προβεβηκότες	probebhko/tes	προβαίνω	probai/nw	v-prpamv-
προβάλωσιν	proba/lwsin	προβάλλω	proba/llw	v3pasa---
προβάλωσιν	proba/lwsin	προβάλλω	proba/llw	v3pasa---
προδραμών	prodramw/n	προτρέχω	protre/xw	v-sapamn-
προδότης	prodo/ths	προδότης	prodo/ths	n-s---mn-
προελεύσεται	proeleu/setai	προέρχομαι	proe/rxomai	v3sfim---
προθέσεως	proqe/sews	πρόθεσις	pro/qesis	n-s---fg-
προμελετᾶν	promeleta=n	προμελετάω	promeleta/w	v-sppamv-
προμελετᾶν	promeleta=n	προμελετάω	promeleta/w	v-sppann-
προμελετᾶν	promeleta=n	προμελετάω	promeleta/w	v-sppanv-
προμελετᾶν	promeleta=n	προμελετάω	promeleta/w	v-sppana-
προμελετᾶν	promeleta=n	προμελετάω	promeleta/w	v-sppamn-
προμελετᾶν	promeleta=n	προμελετάω	promeleta/w	v--pna---
προμελετᾶν	promeleta=n	προμελετάω	promeleta/w	v--pna---
προμελετᾶν	promeleta=n	προμελετάω	promeleta/w	v-sppamv-
προμελετᾶν	promeleta=n	προμελετάω	promeleta/w	v-sppann-
προμελετᾶν	promeleta=n	προμελετάω	promeleta/w	v-sppanv-
προμελετᾶν	promeleta=n	προμελετάω	promeleta/w	v-sppana-
προμελετᾶν	promeleta=n	προμελετάω	promeleta/w	v-sppamn-
προμελετᾶν	promeleta=n	προμελετάω	promeleta/w	v--pna---
προμελετᾶν	promeleta=n	προμελετάω	promeleta/w	v--pna---
προπορεύσῃ	proporeu/sh|	προπορεύομαι	proporeu/omai	v2sasm---
προπορεύσῃ	proporeu/sh|	προπορεύομαι	proporeu/omai	v3sasa---
προπορεύσῃ	proporeu/sh|	προπορεύομαι	proporeu/omai	v2sfim---
προπορεύσῃ	proporeu/sh|	προπορεύω	proporeu/w	v2sasm---
προπορεύσῃ	proporeu/sh|	προπορεύω	proporeu/w	v3sasa---
προπορεύσῃ	proporeu/sh|	προπορεύω	proporeu/w	v2sfim---
προσαναλώσασα	prosanalw/sasa	προσαναλίσκω	prosanali/skw	v-sapafn-
προσαναλώσασα	prosanalw/sasa	προσαναλίσκω	prosanali/skw	v-sapafv-
προσανάβηθι	prosana/bhqi	προσαναβαίνω	prosanabai/nw	v2sama---
προσδαπανήσῃς	prosdapanh/sh|s	προσδαπανάω	prosdapana/w	v2sasa---
προσδαπανήσῃς	prosdapanh/sh|s	προσδαπανάω	prosdapana/w	v2sasa---
προσδεχομένοις	prosdexome/nois	προσδέχομαι	prosde/xomai	v-pppemd-
προσδεχομένοις	prosdexome/nois	προσδέχομαι	prosde/xomai	v-pppend-
προσδεχόμενος	prosdexo/menos	προσδέχομαι	prosde/xomai	v-sppemn-
προσδοκίας	prosdoki/as	προσδοκία	prosdoki/a	n-p---fa-
προσδοκίας	prosdoki/as	προσδοκία	prosdoki/a	n-s---fg-
προσδοκᾷ	prosdoka=|	προσδοκάω	prosdoka/w	v2spse---
προσδοκᾷ	prosdoka=|	προσδοκάω	prosdoka/w	v2spie---
προσδοκᾷ	prosdoka=|	προσδοκάω	prosdoka/w	v3spsa---
προσδοκᾷ	prosdoka=|	προσδοκάω	prosdoka/w	v3spia---
προσδοκᾷ	prosdoka=|	προσδοκάω	prosdoka/w	v2spse---
προσδοκᾷ	prosdoka=|	προσδοκάω	prosdoka/w	v2spie---
προσδοκᾷ	prosdoka=|	προσδοκάω	prosdoka/w	v3spsa---
προσδοκᾷ	prosdoka=|	προσδοκάω	prosdoka/w	v3spia---
προσδοκῶμεν	prosdokw=men	προσδοκάω	prosdoka/w	v1ppsa---
προσδοκῶμεν	prosdokw=men	προσδοκάω	prosdoka/w	v1ppia---
προσδοκῶμεν	prosdokw=men	προσδοκάω	prosdoka/w	v1ppsa---
προσδοκῶμεν	prosdokw=men	προσδοκάω	prosdoka/w	v1ppsa---
προσδοκῶμεν	prosdokw=men	προσδοκάω	prosdoka/w	v1ppia---
προσδοκῶμεν	prosdokw=men	προσδοκάω	prosdoka/w	v1ppsa---
προσδοκῶμεν	prosdokw=men	προσδοκάω	prosdoka/w	v1piia---
προσδοκῶμεν	prosdokw=men	προσδοκάω	prosdoka/w	v1piia---
προσδοκῶμεν	prosdokw=men	προσδοκέω	prosdoke/w	v1ppsa---
προσδοκῶμεν	prosdokw=men	προσδοκέω	prosdoke/w	v1ppsa---
προσδοκῶν	prosdokw=n	προσδοκάω	prosdoka/w	v-sppamv-
προσδοκῶν	prosdokw=n	προσδοκάω	prosdoka/w	v-sppann-
προσδοκῶν	prosdokw=n	προσδοκάω	prosdoka/w	v-sppanv-
προσδοκῶν	prosdokw=n	προσδοκάω	prosdoka/w	v-sppana-
προσδοκῶν	prosdokw=n	προσδοκάω	prosdoka/w	v-sppamn-
προσδοκῶν	prosdokw=n	προσδοκάω	prosdoka/w	v-sppamn-
προσδοκῶν	prosdokw=n	προσδοκάω	prosdoka/w	v-sppamv-
προσδοκῶν	prosdokw=n	προσδοκάω	prosdoka/w	v-sppann-
προσδοκῶν	prosdokw=n	προσδοκάω	prosdoka/w	v-sppanv-
προσδοκῶν	prosdokw=n	προσδοκάω	prosdoka/w	v-sppana-
προσδοκῶν	prosdokw=n	προσδοκάω	prosdoka/w	v-sppamn-
προσδοκῶν	prosdokw=n	προσδοκάω	prosdoka/w	v-sppamn-
προσδοκῶν	prosdokw=n	προσδοκέω	prosdoke/w	v-sppamn-
προσδοκῶν	prosdokw=n	προσδοκέω	prosdoke/w	v-sppamn-
προσδοκῶντες	prosdokw=ntes	προσδοκάω	prosdoka/w	v-pppamn-
προσδοκῶντες	prosdokw=ntes	προσδοκάω	prosdoka/w	v-pppamv-
προσδοκῶντες	prosdokw=ntes	προσδοκάω	prosdoka/w	v-pppamn-
προσδοκῶντες	prosdokw=ntes	προσδοκάω	prosdoka/w	v-pppamv-
προσδέχεται	prosde/xetai	προσδέχομαι	prosde/xomai	v3spie---
προσεδέχετο	prosede/xeto	προσδέχομαι	prosde/xomai	v3siie---
προσελθοῦσα	proselqou=sa	προσέρχομαι	prose/rxomai	v-sapafn-
προσελθοῦσα	proselqou=sa	προσέρχομαι	prose/rxomai	v-sapafv-
προσελθόντες	proselqo/ntes	προσέρχομαι	prose/rxomai	v-papamn-
προσελθόντες	proselqo/ntes	προσέρχομαι	prose/rxomai	v-papamv-
προσελθών	proselqw/n	προσέρχομαι	prose/rxomai	v-sapamn-
προσεποιήσατο	prosepoih/sato	προσποιέω	prospoie/w	v3saim---
προσερχομένου	proserxome/nou	προσέρχομαι	prose/rxomai	v-sppemg-
προσερχομένου	proserxome/nou	προσέρχομαι	prose/rxomai	v-sppeng-
προσερχόμενοι	proserxo/menoi	προσέρχομαι	prose/rxomai	v-pppemn-
προσερχόμενοι	proserxo/menoi	προσέρχομαι	prose/rxomai	v-pppemv-
προσευχομένου	proseuxome/nou	προσεύχομαι	proseu/xomai	v-sppemg-
προσευχομένου	proseuxome/nou	προσεύχομαι	proseu/xomai	v-sppeng-
προσευχόμενον	proseuxo/menon	προσεύχομαι	proseu/xomai	v-sppema-
προσευχόμενον	proseuxo/menon	προσεύχομαι	proseu/xomai	v-sppenn-
προσευχόμενον	proseuxo/menon	προσεύχομαι	proseu/xomai	v-sppenv-
προσευχόμενον	proseuxo/menon	προσεύχομαι	proseu/xomai	v-sppena-
προσευχόμενος	proseuxo/menos	προσεύχομαι	proseu/xomai	v-sppemn-
προσευχῆς	proseuxh=s	προσευχή	proseuxh/	n-s---fg-
προσευχῇ	proseuxh=|	προσευχή	proseuxh/	n-s---fd-
προσεφώνησεν	prosefw/nhsen	προσφωνέω	prosfwne/w	v3saia---
προσεύξασθαι	proseu/casqai	προσεύχομαι	proseu/xomai	v--anm---
προσεύχεσθαι	proseu/xesqai	προσεύχομαι	proseu/xomai	v--pne---
προσεύχεσθε	proseu/xesqe	προσεύχομαι	proseu/xomai	v2piie---
προσεύχεσθε	proseu/xesqe	προσεύχομαι	proseu/xomai	v2ppme---
προσεύχεσθε	proseu/xesqe	προσεύχομαι	proseu/xomai	v2ppie---
προσεύχεσθε	proseu/xesqe	προσεύχομαι	proseu/xomai	v2piie---
προσεύχησθε	proseu/xhsqe	προσεύχομαι	proseu/xomai	v2ppse---
προσεύχονται	proseu/xontai	προσεύχομαι	proseu/xomai	v3ppie---
προσηύχετο	proshu/xeto	προσεύχομαι	proseu/xomai	v3siie---
προσθείς	prosqei/s	προστίθημι	prosti/qhmi	v-sapamn-
προσθείς	prosqei/s	προστίθημι	prosti/qhmi	v-sapamv-
προσκαλεσάμενος	proskalesa/menos	προσκαλέω	proskale/w	v-sapmmn-
προσκυνήσαντες	proskunh/santes	προσκυνέω	proskune/w	v-papamn-
προσκυνήσαντες	proskunh/santes	προσκυνέω	proskune/w	v-papamv-
προσκυνήσαντες	proskunh/santes	προσκυνέω	proskune/w	v-papamn-
προσκυνήσαντες	proskunh/santes	προσκυνέω	proskune/w	v-papamv-
προσκυνήσῃς	proskunh/sh|s	προσκυνέω	proskune/w	v2sasa---
προσκυνήσῃς	proskunh/sh|s	προσκυνέω	proskune/w	v2sasa---
προσκόψῃς	prosko/yh|s	προσκόπτω	prosko/ptw	v2sasa---
προσπεσοῦσα	prospesou=sa	προσπίτνω	prospi/tnw	v-sapafn-
προσπεσοῦσα	prospesou=sa	προσπίτνω	prospi/tnw	v-sapafv-
προστεθήσεται	prosteqh/setai	προστίθημι	prosti/qhmi	v3sfip---
προσφωνοῦσιν	prosfwnou=sin	προσφωνέω	prosfwne/w	v-pppamd-
προσφωνοῦσιν	prosfwnou=sin	προσφωνέω	prosfwne/w	v-pppand-
προσφωνοῦσιν	prosfwnou=sin	προσφωνέω	prosfwne/w	v3ppia---
προσφωνοῦσιν	prosfwnou=sin	προσφωνέω	prosfwne/w	v-pppamd-
προσφωνοῦσιν	prosfwnou=sin	προσφωνέω	prosfwne/w	v-pppand-
προσφωνοῦσιν	prosfwnou=sin	προσφωνέω	prosfwne/w	v3ppia---
προσφέροντες	prosfe/rontes	προσφέρω	prosfe/rw	v-pppamn-
προσφέροντες	prosfe/rontes	προσφέρω	prosfe/rw	v-pppamv-
προσψαύετε	prosyau/ete	προσψαύω	prosyau/w	v2ppma---
προσψαύετε	prosyau/ete	προσψαύω	prosyau/w	v2ppia---
προσψαύετε	prosyau/ete	προσψαύω	prosyau/w	v2piia---
προσάγαγε	prosa/gage	προσάγω	prosa/gw	v2sama---
προσάγαγε	prosa/gage	προσάγω	prosa/gw	v3saia---
προσάγαγε	prosa/gage	προσάγω	prosa/gw	v3saia---
προσέθετο	prose/qeto	προστίθημι	prosti/qhmi	v3saim---
προσέθηκεν	prose/qhken	προστίθημι	prosti/qhmi	v3saia---
προσένεγκε	prose/negke	προσφέρω	prosfe/rw	v3saia---
προσένεγκε	prose/negke	προσφέρω	prosfe/rw	v3saia---
προσέπεσεν	prose/pesen	προσπίτνω	prospi/tnw	v3saia---
προσέρηξεν	prose/rhcen	προσρήγνυμι	prosrh/gnumi	v3saia---
προσέταξεν	prose/tacen	προστάσσω	prosta/ssw	v3saia---
προσέχετε	prose/xete	προσέχω	prose/xw	v2ppma---
προσέχετε	prose/xete	προσέχω	prose/xw	v2ppia---
προσέχετε	prose/xete	προσέχω	prose/xw	v2piia---
προσώπου	prosw/pou	πρόσωπον	pro/swpon	n-s---ng-
προσῆλθάν	prosh=lqa/n	προσέρχομαι	prose/rxomai	v3paia---
προφητῶν	profhtw=n	προφήτης	profh/ths	n-p---mg-
προφητῶν	profhtw=n	προφητάζω	profhta/zw	v-sfpamv-
προφητῶν	profhtw=n	προφητάζω	profhta/zw	v-sfpann-
προφητῶν	profhtw=n	προφητάζω	profhta/zw	v-sfpanv-
προφητῶν	profhtw=n	προφητάζω	profhta/zw	v-sfpana-
προφητῶν	profhtw=n	προφητάζω	profhta/zw	v-sfpamn-
προφάσει	profa/sei	πρόφασις	pro/fasis	n-d---fn-
προφάσει	profa/sei	πρόφασις	pro/fasis	n-d---fv-
προφάσει	profa/sei	πρόφασις	pro/fasis	n-d---fa-
προφάσει	profa/sei	πρόφασις	pro/fasis	n-s---fd-
προφάσει	profa/sei	πρόφασις	pro/fasis	n-s---fd-
προφάσει	profa/sei	προφάω	profa/w	v3sasa---
προφάσει	profa/sei	προφάω	profa/w	v2sfim---
προφάσει	profa/sei	προφάω	profa/w	v3sfia---
προφέρει	profe/rei	προφέρω	profe/rw	v2spie---
προφέρει	profe/rei	προφέρω	profe/rw	v3spia---
προφήταις	profh/tais	προφήτης	profh/ths	n-p---md-
προφήτας	profh/tas	προφήτης	profh/ths	n-p---ma-
προφήτας	profh/tas	προφήτης	profh/ths	n-s---mn-
προφήτην	profh/thn	προφάω	profa/w	v3diia---
προφήτην	profh/thn	προφήτης	profh/ths	n-s---ma-
προφήτης	profh/ths	προφήτης	profh/ths	n-s---mn-
προφήτου	profh/tou	προφήτης	profh/ths	n-s---mg-
προφῆται	profh=tai	προφάω	profa/w	v3spse---
προφῆται	profh=tai	προφάω	profa/w	v3spie---
προφῆται	profh=tai	προφάω	profa/w	v3spse---
προφῆται	profh=tai	προφάω	profa/w	v3spie---
προφῆται	profh=tai	προφήτης	profh/ths	n-p---mn-
προφῆται	profh=tai	προφήτης	profh/ths	n-p---mv-
προφῆτις	profh=tis	προφῆτις	profh=tis	n-s---fn-
προϋπῆρχον	prou+ph=rxon	προυπάρχω	proupa/rxw	v3piia---
προϋπῆρχον	prou+ph=rxon	προυπάρχω	proupa/rxw	v1siia---
προάγοντες	proa/gontes	προάγω	proa/gw	v-pppamn-
προάγοντες	proa/gontes	προάγω	proa/gw	v-pppamv-
προέκοπτεν	proe/kopten	προκόπτω	proko/ptw	v3siia---
προήρχετο	proh/rxeto	προέρχομαι	proe/rxomai	v3siie---
πρωτοκαθεδρίαν	prwtokaqedri/an	πρωτοκαθεδρία	prwtokaqedri/a	n-s---fa-
πρωτοκαθεδρίας	prwtokaqedri/as	πρωτοκαθεδρία	prwtokaqedri/a	n-p---fa-
πρωτοκαθεδρίας	prwtokaqedri/as	πρωτοκαθεδρία	prwtokaqedri/a	n-s---fg-
πρωτοκλισίαν	prwtoklisi/an	πρωτοκλισία	prwtoklisi/a	n-s---fa-
πρωτοκλισίας	prwtoklisi/as	πρωτοκλισία	prwtoklisi/a	n-p---fa-
πρωτοκλισίας	prwtoklisi/as	πρωτοκλισία	prwtoklisi/a	n-s---fg-
πρωτότοκον	prwto/tokon	πρωτότοκος	prwto/tokos	n-s---ma-
πρωτότοκον	prwto/tokon	πρωτότοκος	prwto/tokos	n-s---fa-
πρωτότοκον	prwto/tokon	πρωτότοκος	prwto/tokos	n-s---nn-
πρωτότοκον	prwto/tokon	πρωτότοκος	prwto/tokos	n-s---nv-
πρωτότοκον	prwto/tokon	πρωτότοκος	prwto/tokos	n-s---na-
πράκτορι	pra/ktori	πράκτωρ	pra/ktwr	n-s---md-
πράκτωρ	pra/ktwr	πράκτωρ	pra/ktwr	n-s---mn-
πράξει	pra/cei	πράσσω	pra/ssw	v3sasa---
πράξει	pra/cei	πράσσω	pra/ssw	v3sasa---
πράξει	pra/cei	πράσσω	pra/ssw	v2sfim---
πράξει	pra/cei	πράσσω	pra/ssw	v3sfia---
πράξει	pra/cei	πρᾶξις	pra=cis	n-d---fn-
πράξει	pra/cei	πρᾶξις	pra=cis	n-d---fv-
πράξει	pra/cei	πρᾶξις	pra=cis	n-d---fa-
πράξει	pra/cei	πρᾶξις	pra=cis	n-s---fd-
πράξει	pra/cei	πρᾶξις	pra=cis	n-s---fd-
πράσσειν	pra/ssein	πράσσω	pra/ssw	v--pna---
πράσσετε	pra/ssete	πράσσω	pra/ssw	v2ppma---
πράσσετε	pra/ssete	πράσσω	pra/ssw	v2ppia---
πράσσετε	pra/ssete	πράσσω	pra/ssw	v2piia---
πρίν	pri/n	πρίν	pri/n	d--------
πρό	pro/	πρό	pro/	r--------
πρόβατα	pro/bata	πρόβατον	pro/baton	n-p---nn-
πρόβατα	pro/bata	πρόβατον	pro/baton	n-p---nv-
πρόβατα	pro/bata	πρόβατον	pro/baton	n-p---na-
πρόβατόν	pro/bato/n	πρόβατον	pro/baton	n-s---nn-
πρόβατόν	pro/bato/n	πρόβατον	pro/baton	n-s---nv-
πρόβατόν	pro/bato/n	πρόβατον	pro/baton	n-s---na-
πρόβατόν	pro/bato/n	προβαίνω	probai/nw	v2dama---
πρόβατόν	pro/bato/n	προβαίνω	probai/nw	v2daia---
πρός	pro/s	πρός	pro/s	r--------
πρόσ’	pro/s'	προσάμβ	prosa/mb	n-s---fv-
πρόσωπον	pro/swpon	πρόσωπον	pro/swpon	n-s---nn-
πρόσωπον	pro/swpon	πρόσωπον	pro/swpon	n-s---nv-
πρόσωπον	pro/swpon	πρόσωπον	pro/swpon	n-s---na-
πρώτη	prw/th	πρότερος	pro/teros	a-s---fn-
πρώτη	prw/th	πρότερος	pro/teros	a-s---fv-
πρώτη	prw/th	πρῶτος	prw=tos	a-s---fn-
πρώτη	prw/th	πρῶτος	prw=tos	a-s---fv-
πρώτην	prw/thn	πρότερος	pro/teros	a-s---fa-
πρώτην	prw/thn	πρῶτος	prw=tos	a-s---fa-
πρώτων	prw/twn	πρότερος	pro/teros	a-p---fg-
πρώτων	prw/twn	πρότερος	pro/teros	a-p---mg-
πρώτων	prw/twn	πρότερος	pro/teros	a-p---ng-
πρώτων	prw/twn	πρῶτος	prw=tos	a-p---fg-
πρώτων	prw/twn	πρῶτος	prw=tos	a-p---mg-
πρώτων	prw/twn	πρῶτος	prw=tos	a-p---ng-
πρώτῳ	prw/tw|	πρότερος	pro/teros	a-s---md-
πρώτῳ	prw/tw|	πρότερος	pro/teros	a-s---nd-
πρώτῳ	prw/tw|	πρῶτος	prw=tos	a-s---md-
πρώτῳ	prw/tw|	πρῶτος	prw=tos	a-s---nd-
πρῶτοι	prw=toi	πρότερος	pro/teros	a-p---mn-
πρῶτοι	prw=toi	πρότερος	pro/teros	a-p---mv-
πρῶτοι	prw=toi	πρῶτος	prw=tos	a-p---mn-
πρῶτοι	prw=toi	πρῶτος	prw=tos	a-p---mv-
πρῶτον	prw=ton	πρότερος	pro/teros	a-s---ma-
πρῶτον	prw=ton	πρότερος	pro/teros	a-s---nn-
πρῶτον	prw=ton	πρότερος	pro/teros	a-s---nv-
πρῶτον	prw=ton	πρότερος	pro/teros	a-s---na-
πρῶτον	prw=ton	πρῶτος	prw=tos	a-s---ma-
πρῶτον	prw=ton	πρῶτος	prw=tos	a-s---nn-
πρῶτον	prw=ton	πρῶτος	prw=tos	a-s---nv-
πρῶτον	prw=ton	πρῶτος	prw=tos	a-s---na-
πρῶτος	prw=tos	πρότερος	pro/teros	a-s---mn-
πρῶτος	prw=tos	πρῶτος	prw=tos	a-s---mn-
πτερύγιον	pteru/gion	πτερύγιον	pteru/gion	n-s---nn-
πτερύγιον	pteru/gion	πτερύγιον	pteru/gion	n-s---nv-
πτερύγιον	pteru/gion	πτερύγιον	pteru/gion	n-s---na-
πτοηθέντες	ptohqe/ntes	πτοέω	ptoe/w	v-pappmn-
πτοηθέντες	ptohqe/ntes	πτοέω	ptoe/w	v-pappmv-
πτοηθῆτε	ptohqh=te	πτοέω	ptoe/w	v2pasp---
πτωχοί	ptwxoi/	πτωχός	ptwxo/s	a-p---mn-
πτωχοί	ptwxoi/	πτωχός	ptwxo/s	a-p---mv-
πτωχοί	ptwxoi/	πτωχός	ptwxo/s	n-p---mn-
πτωχοί	ptwxoi/	πτωχός	ptwxo/s	n-p---mv-
πτωχοί	ptwxoi/	πτωχός	ptwxo/s	n-p---fn-
πτωχοί	ptwxoi/	πτωχός	ptwxo/s	n-p---fv-
πτωχούς	ptwxou/s	πτωχός	ptwxo/s	a-p---ma-
πτωχούς	ptwxou/s	πτωχός	ptwxo/s	n-p---ma-
πτωχούς	ptwxou/s	πτωχός	ptwxo/s	n-p---fa-
πτωχοῖς	ptwxoi=s	πτωχός	ptwxo/s	a-p---md-
πτωχοῖς	ptwxoi=s	πτωχός	ptwxo/s	a-p---nd-
πτωχοῖς	ptwxoi=s	πτωχός	ptwxo/s	n-p---md-
πτωχοῖς	ptwxoi=s	πτωχός	ptwxo/s	n-p---fd-
πτωχοῖς	ptwxoi=s	πτωχός	ptwxo/s	n-p---nd-
πτωχή	ptwxh/	πτωχός	ptwxo/s	a-s---fn-
πτωχή	ptwxh/	πτωχός	ptwxo/s	a-s---fv-
πτωχόν	ptwxo/n	πτωχός	ptwxo/s	a-s---ma-
πτωχόν	ptwxo/n	πτωχός	ptwxo/s	a-s---nn-
πτωχόν	ptwxo/n	πτωχός	ptwxo/s	a-s---nv-
πτωχόν	ptwxo/n	πτωχός	ptwxo/s	a-s---na-
πτωχόν	ptwxo/n	πτωχός	ptwxo/s	n-s---ma-
πτωχόν	ptwxo/n	πτωχός	ptwxo/s	n-s---fa-
πτωχόν	ptwxo/n	πτωχός	ptwxo/s	n-s---nn-
πτωχόν	ptwxo/n	πτωχός	ptwxo/s	n-s---nv-
πτωχόν	ptwxo/n	πτωχός	ptwxo/s	n-s---na-
πτωχός	ptwxo/s	πτωχός	ptwxo/s	a-s---mn-
πτωχός	ptwxo/s	πτωχός	ptwxo/s	n-s---mn-
πτωχός	ptwxo/s	πτωχός	ptwxo/s	n-s---fn-
πτέρυγας	pte/rugas	πτέρυξ	pte/ruc	n-p---fa-
πτύξας	ptu/cas	πτύσσω	ptu/ssw	v-sapamn-
πτύξας	ptu/cas	πτύσσω	ptu/ssw	v-sapamv-
πτύξας	ptu/cas	πτύσσω	ptu/ssw	v2saia---
πτύον	ptu/on	πτύον	ptu/on	n-s---nn-
πτύον	ptu/on	πτύον	ptu/on	n-s---nv-
πτύον	ptu/on	πτύον	ptu/on	n-s---na-
πτύον	ptu/on	πτύω	ptu/w	v-sppamv-
πτύον	ptu/on	πτύω	ptu/w	v-sppann-
πτύον	ptu/on	πτύω	ptu/w	v-sppanv-
πτύον	ptu/on	πτύω	ptu/w	v-sppana-
πτύον	ptu/on	πτύω	ptu/w	v3piia---
πτύον	ptu/on	πτύω	ptu/w	v1siia---
πτῶσιν	ptw=sin	πτάζω	pta/zw	v-pfpamd-
πτῶσιν	ptw=sin	πτάζω	pta/zw	v-pfpand-
πτῶσιν	ptw=sin	πτάζω	pta/zw	v3pfia---
πτῶσιν	ptw=sin	πτῶσις	ptw=sis	n-s---fa-
πυκνά	pukna/	πυκνός	pukno/s	a-p---nn-
πυκνά	pukna/	πυκνός	pukno/s	a-p---nv-
πυκνά	pukna/	πυκνός	pukno/s	a-p---na-
πυκνά	pukna/	πυκνός	pukno/s	a-d---fn-
πυκνά	pukna/	πυκνός	pukno/s	a-d---fv-
πυκνά	pukna/	πυκνός	pukno/s	a-d---fa-
πυκνά	pukna/	πυκνός	pukno/s	a-s---fn-
πυκνά	pukna/	πυκνός	pukno/s	a-s---fv-
πυλῶνα	pulw=na	πυλών	pulw/n	n-s---ma-
πυρετῷ	puretw=|	πυρετός	pureto/s	n-s---md-
πυρί	puri/	πῦρ	pu=r	n-s---nd-
πωλησάτω	pwlhsa/tw	πωλέω	pwle/w	v3sama---
πωλοῦνται	pwlou=ntai	πωλέομαι	pwle/omai	v3ppie---
πωλοῦνται	pwlou=ntai	πωλέω	pwle/w	v3ppie---
πωλοῦντας	pwlou=ntas	πωλέω	pwle/w	v-pppama-
πωλήσατε	pwlh/sate	πωλέω	pwle/w	v2pama---
πωλήσατε	pwlh/sate	πωλέω	pwle/w	v2paia---
πάλαι	pa/lai	πάλα	pa/la	n-p---fn-
πάλαι	pa/lai	πάλα	pa/la	n-p---fv-
πάλαι	pa/lai	πάλα	pa/la	n-s---fd-
πάλαι	pa/lai	πάλαι	pa/lai	d--------
πάλαι	pa/lai	πάλη	pa/lh	n-p---fn-
πάλαι	pa/lai	πάλη	pa/lh	n-p---fv-
πάλαι	pa/lai	πάλη	pa/lh	n-s---fd-
πάλαι	pa/lai	πάλλω	pa/llw	v3saoa---
πάλιν	pa/lin	πάλιν	pa/lin	d--------
πάντα	pa/nta	πᾶς	pa=s	n-s---ma-
πάντα	pa/nta	πᾶς	pa=s	n-p---nn-
πάντα	pa/nta	πᾶς	pa=s	n-p---nv-
πάντα	pa/nta	πᾶς	pa=s	n-p---na-
πάντα’	pa/nta'	πάντῃ	pa/nth|	d--------
πάντας	pa/ntas	πᾶς	pa=s	n-p---ma-
πάντες	pa/ntes	πᾶς	pa=s	n-p---mn-
πάντες	pa/ntes	πᾶς	pa=s	n-p---mv-
πάντοθεν	pa/ntoqen	πάντοθεν	pa/ntoqen	d--------
πάντοτε	pa/ntote	πάντοτε	pa/ntote	d--------
πάντων	pa/ntwn	πᾶς	pa=s	n-p---mg-
πάντων	pa/ntwn	πᾶς	pa=s	n-p---ng-
πάρεχε	pa/rexe	παρέχω	pare/xw	v2spma---
πάρεχε	pa/rexe	παρέχω	pare/xw	v3siia---
πάσαις	pa/sais	πάσσω	pa/ssw	v-sapamn-
πάσαις	pa/sais	πάσσω	pa/ssw	v-sapamv-
πάσαις	pa/sais	πάσσω	pa/ssw	v2saoa---
πάσαις	pa/sais	πᾶς	pa=s	n-p---fd-
πάσαις	pa/sais	πᾶς	pa=s	n-p---fd-
πάσας	pa/sas	πάσσω	pa/ssw	v-sapamn-
πάσας	pa/sas	πάσσω	pa/ssw	v-sapamv-
πάσας	pa/sas	πάσσω	pa/ssw	v2saia---
πάσας	pa/sas	πᾶς	pa=s	n-p---fa-
πάσας	pa/sas	πᾶς	pa=s	n-s---fg-
πάσας	pa/sas	πᾶς	pa=s	n-p---fa-
πάσης	pa/shs	πᾶς	pa=s	n-s---fg-
πάσης	pa/shs	πᾶσις	pa=sis	n-p---fn-
πάσης	pa/shs	πᾶσις	pa=sis	n-p---fv-
πάσχα	pa/sxa	πάσχα	pa/sxa	n-s---nn-
πάσχα	pa/sxa	πάσχα	pa/sxa	n-s---nv-
πάσχα	pa/sxa	πάσχα	pa/sxa	n-s---na-
πάσῃ	pa/sh|	πάομαι	pa/omai	v2sasm---
πάσῃ	pa/sh|	πάομαι	pa/omai	v2sfim---
πάσῃ	pa/sh|	πάσσω	pa/ssw	v2sasm---
πάσῃ	pa/sh|	πάσσω	pa/ssw	v3sasa---
πάσῃ	pa/sh|	πᾶς	pa=s	n-s---fd-
πάσῃ	pa/sh|	πᾶσις	pa=sis	n-s---fd-
πάσῃ	pa/sh|	πατέομαι	pate/omai	v2sasm---
πάτερ	pa/ter	πατήρ	path/r	n-s---mv-
πέδαις	pe/dais	πέδη	pe/dh	n-p---fd-
πέμψαι’	pe/myai'	πέμπω	pe/mpw	v2saom---
πέμψον	pe/myon	πέμπω	pe/mpw	v2sama---
πέμψον	pe/myon	πέμπω	pe/mpw	v-sfpamv-
πέμψον	pe/myon	πέμπω	pe/mpw	v-sfpann-
πέμψον	pe/myon	πέμπω	pe/mpw	v-sfpanv-
πέμψον	pe/myon	πέμπω	pe/mpw	v-sfpana-
πέμψω	pe/myw	πέμπω	pe/mpw	v1sasa---
πέμψω	pe/myw	πέμπω	pe/mpw	v2saim---
πέμψω	pe/myw	πέμπω	pe/mpw	v1sfia---
πέμψῃς	pe/myh|s	πέμπω	pe/mpw	v2sasa---
πέντε	pe/nte	πέντε	pe/nte	m--------
πέραν	pe/ran	πέρα	pe/ra	n-s---fa-
πέραν	pe/ran	πέραν	pe/ran	d--------
πέραν	pe/ran	περάω1	pera/w1	v3piia---
πέραν	pe/ran	περάω1	pera/w1	v1siia---
πέραν	pe/ran	περάω1	pera/w1	v3piia---
πέραν	pe/ran	περάω1	pera/w1	v1siia---
πέραν	pe/ran	περάω2	pera/w2	v3piia---
πέραν	pe/ran	περάω2	pera/w2	v1siia---
πέσῃ	pe/sh|	πίπτω	pi/ptw	v3sasa---
πέτραν	pe/tran	πέτρα	pe/tra	n-s---fa-
πέτρας	pe/tras	πέτρα	pe/tra	n-p---fa-
πέτρας	pe/tras	πέτρα	pe/tra	n-s---fg-
πήγανον	ph/ganon	πήγανον	ph/ganon	n-s---nn-
πήγανον	ph/ganon	πήγανον	ph/ganon	n-s---nv-
πήγανον	ph/ganon	πήγανον	ph/ganon	n-s---na-
πήραν	ph/ran	πήρα	ph/ra	n-s---fa-
πήρας	ph/ras	πήρα	ph/ra	n-p---fa-
πήρας	ph/ras	πήρα	ph/ra	n-s---fg-
πίε	pi/e	πίνω	pi/nw	v2sama---
πίε	pi/e	πίνω	pi/nw	v3saia---
πίεσαι	pi/esai	πιέζω	pie/zw	v2samm---
πίητε	pi/hte	πίνω	pi/nw	v2pasa---
πίνακος	pi/nakos	πίναξ	pi/nac	n-s---mg-
πίνειν	pi/nein	πίνω	pi/nw	v--pna---
πίνετε	pi/nete	πίνω	pi/nw	v2ppma---
πίνετε	pi/nete	πίνω	pi/nw	v2ppia---
πίνετε	pi/nete	πίνω	pi/nw	v2piia---
πίνητε	pi/nhte	πίνω	pi/nw	v2ppsa---
πίνητε	pi/nhte	πινάω	pina/w	v2ppma---
πίνητε	pi/nhte	πινάω	pina/w	v2ppia---
πίνητε	pi/nhte	πινάω	pina/w	v2piia---
πίνοντες	pi/nontes	πίνω	pi/nw	v-pppamn-
πίνοντες	pi/nontes	πίνω	pi/nw	v-pppamv-
πίνουσιν	pi/nousin	πίνω	pi/nw	v-pppamd-
πίνουσιν	pi/nousin	πίνω	pi/nw	v-pppand-
πίνουσιν	pi/nousin	πίνω	pi/nw	v3ppia---
πίνων	pi/nwn	πίνος	pi/nos	n-p---mg-
πίνων	pi/nwn	πίνω	pi/nw	v-sppamn-
πίνων	pi/nwn	πῖνον	pi=non	n-p---ng-
πίνων	pi/nwn	πινάω	pina/w	v3piia---
πίνων	pi/nwn	πινάω	pina/w	v1siia---
πίπτει	pi/ptei	πίπτω	pi/ptw	v2spie---
πίπτει	pi/ptei	πίπτω	pi/ptw	v3spia---
πίστευσον	pi/steuson	πιστεύω	pisteu/w	v2sama---
πίστιν	pi/stin	πίστις	pi/stis	n-s---fa-
πίστις	pi/stis	πίστις	pi/stis	n-p---fa-
πίστις	pi/stis	πίστις	pi/stis	n-s---fn-
πίω	pi/w	πίνω	pi/nw	v1sasa---
πίω	pi/w	πῖον	pi=on	n-d---nn-
πίω	pi/w	πῖον	pi=on	n-d---nv-
πίω	pi/w	πῖον	pi=on	n-d---na-
πίω	pi/w	πῖον	pi=on	n-s---ng-
πίω	pi/w	πῖος	pi=os	a-d---mn-
πίω	pi/w	πῖος	pi=os	a-d---mv-
πίω	pi/w	πῖος	pi=os	a-d---ma-
πίω	pi/w	πῖος	pi=os	a-d---nn-
πίω	pi/w	πῖος	pi=os	a-d---nv-
πίω	pi/w	πῖος	pi=os	a-d---na-
πίω	pi/w	πῖος	pi=os	a-s---mg-
πίω	pi/w	πῖος	pi=os	a-s---ng-
πίῃ	pi/h|	πίνω	pi/nw	v2sase---
πίῃ	pi/h|	πίνω	pi/nw	v3sasa---
πίῃ	pi/h|	πίνω	pi/nw	v2sfim---
πίῃ	pi/h|	πίνω	pi/nw	v2spsm---
πίῃ	pi/h|	πίνω	pi/nw	v2spim---
πίῃ	pi/h|	πῖος	pi=os	a-s---fd-
πόδα	po/da	πούς	pou/s	n-s---ma-
πόδας	po/das	πούς	pou/s	n-p---ma-
πόθεν	po/qen	πίνω	pi/nw	v3paip---
πόθεν	po/qen	πόθεν	po/qen	d--------
πόθεν	po/qen	ποθεν	poqen	g--------
πόλει	po/lei	πόλις	po/lis	n-d---fn-
πόλει	po/lei	πόλις	po/lis	n-d---fv-
πόλει	po/lei	πόλις	po/lis	n-d---fa-
πόλει	po/lei	πόλις	po/lis	n-s---fd-
πόλει	po/lei	πόλις	po/lis	n-s---fd-
πόλει	po/lei	πολέω	pole/w	v2spma---
πόλει	po/lei	πολέω	pole/w	v3siia---
πόλεις	po/leis	πόλις	po/lis	n-p---fn-
πόλεις	po/leis	πόλις	po/lis	n-p---fv-
πόλεις	po/leis	πόλις	po/lis	n-p---fn-
πόλεις	po/leis	πόλις	po/lis	n-p---fa-
πόλεις	po/leis	πόλις	po/lis	n-p---fn-
πόλεις	po/leis	πολέω	pole/w	v2siia---
πόλεις	po/leis	πολύς	polu/s	n-p---mn-
πόλεις	po/leis	πολύς	polu/s	n-p---ma-
πόλεμον	po/lemon	πόλεμος	po/lemos	n-s---ma-
πόλεσιν	po/lesin	πόλις	po/lis	n-p---fd-
πόλεσιν	po/lesin	πολύς	polu/s	n-p---md-
πόλεων	po/lewn	πόλις	po/lis	n-p---fg-
πόλεων	po/lewn	πολύς	polu/s	n-p---mg-
πόλεως	po/lews	πόλις	po/lis	n-s---fg-
πόλιν	po/lin	πόλις	po/lis	n-s---fa-
πόλις	po/lis	πόλις	po/lis	n-p---fa-
πόλις	po/lis	πόλις	po/lis	n-s---fn-
πόρρωθεν	po/rrwqen	πρόσωθεν	pro/swqen	d--------
πόσον	po/son	πόσος	po/sos	a-s---ma-
πόσον	po/son	πόσος	po/sos	a-s---nn-
πόσον	po/son	πόσος	po/sos	a-s---nv-
πόσον	po/son	πόσος	po/sos	a-s---na-
πόσῳ	po/sw|	πόσος	po/sos	a-s---md-
πόσῳ	po/sw|	πόσος	po/sos	a-s---nd-
πότε	po/te	πότε	po/te	x--------
πότε	po/te	πότος	po/tos	n-s---mv-
πότε	po/te	ποτέ	pote/	g--------
πύλῃ	pu/lh|	πύλη	pu/lh	n-s---fd-
πύργον	pu/rgon	πύργος	pu/rgos	n-s---ma-
πύργος	pu/rgos	πύργος	pu/rgos	n-s---mn-
πώλησον	pw/lhson	πωλέω	pwle/w	v2sama---
πώποτε	pw/pote	πώποτε	pw/pote	d--------
πᾶν	pa=n	πᾶς	pa=s	n-s---ma-
πᾶν	pa=n	πᾶς	pa=s	n-s---nn-
πᾶν	pa=n	πᾶς	pa=s	n-s---nv-
πᾶν	pa=n	πᾶς	pa=s	n-s---na-
πᾶς	pa=s	πᾶς	pa=s	n-s---mn-
πᾶς	pa=s	πᾶς	pa=s	n-s---mv-
πᾶσα	pa=sa	πᾶς	pa=s	n-s---fn-
πᾶσα	pa=sa	πᾶς	pa=s	n-s---fv-
πᾶσαι	pa=sai	πάομαι	pa/omai	v2samm---
πᾶσαι	pa=sai	πᾶς	pa=s	n-p---fn-
πᾶσαι	pa=sai	πᾶς	pa=s	n-p---fv-
πᾶσαν	pa=san	πᾶς	pa=s	n-s---fa-
πᾶσι	pa=si	πᾶς	pa=s	n-p---md-
πᾶσι	pa=si	πᾶς	pa=s	n-p---nd-
πᾶσι	pa=si	πᾶσις	pa=sis	n-s---fv-
πᾶσιν	pa=sin	πᾶς	pa=s	n-p---md-
πᾶσιν	pa=sin	πᾶς	pa=s	n-p---nd-
πᾶσιν	pa=sin	πᾶσις	pa=sis	n-s---fa-
πῆχυν	ph=xun	πῆχυς	ph=xus	n-s---ma-
πῦρ	pu=r	πῦρ	pu=r	n-s---nn-
πῦρ	pu=r	πῦρ	pu=r	n-s---nv-
πῦρ	pu=r	πῦρ	pu=r	n-s---na-
πῶλον	pw=lon	πῶλος	pw=los	n-s---ma-
πῶλον	pw=lon	πῶλος	pw=los	n-s---fa-
πῶς	pw=s	πῶς	pw=s	x--------
πῶς	pw=s	πῶσ2	pw=s2	d--------
πῶς	pw=s	πως	pws	g--------
σαλευθήσονται	saleuqh/sontai	σαλεύω	saleu/w	v3pfip---
σαλευόμενον	saleuo/menon	σαλεύω	saleu/w	v-sppema-
σαλευόμενον	saleuo/menon	σαλεύω	saleu/w	v-sppenn-
σαλευόμενον	saleuo/menon	σαλεύω	saleu/w	v-sppenv-
σαλευόμενον	saleuo/menon	σαλεύω	saleu/w	v-sppena-
σαλεῦσαι	saleu=sai	σαλεύω	saleu/w	v--ana---
σαπρόν	sapro/n	σαπρός	sapro/s	a-s---ma-
σαπρόν	sapro/n	σαπρός	sapro/s	a-s---nn-
σαπρόν	sapro/n	σαπρός	sapro/s	a-s---nv-
σαπρόν	sapro/n	σαπρός	sapro/s	a-s---na-
σαροῖ	saroi=	σαρόω	saro/w	v2spie---
σαροῖ	saroi=	σαρόω	saro/w	v3spoa---
σαροῖ	saroi=	σαρόω	saro/w	v3spia---
σε	se	σύ	su/	p-s----a-
σε’	se'	σής	sh/s	n-s---md-
σε’	se'	σύ	su/	p-s----g-
σεαυτόν	seauto/n	σαυτοῦ	sautou=	p-s---ma-
σεαυτόν	seauto/n	σαυτοῦ	sautou=	p-s---na-
σεαυτόν	seauto/n	σαυτοῦ	sautou=	n-s---ma-
σεισμοί	seismoi/	σεισμός	seismo/s	n-p---mn-
σεισμοί	seismoi/	σεισμός	seismo/s	n-p---mv-
σελήνῃ	selh/nh|	σελήνη	selh/nh	n-s---fd-
σεσαλευμένον	sesaleume/non	σαλεύω	saleu/w	v-srpema-
σεσαλευμένον	sesaleume/non	σαλεύω	saleu/w	v-srpenn-
σεσαλευμένον	sesaleume/non	σαλεύω	saleu/w	v-srpenv-
σεσαλευμένον	sesaleume/non	σαλεύω	saleu/w	v-srpena-
σεσαρωμένον	sesarwme/non	σαρόω	saro/w	v-srpema-
σεσαρωμένον	sesarwme/non	σαρόω	saro/w	v-srpenn-
σεσαρωμένον	sesarwme/non	σαρόω	saro/w	v-srpenv-
σεσαρωμένον	sesarwme/non	σαρόω	saro/w	v-srpena-
σημεῖα	shmei=a	σημεῖον	shmei=on	n-p---nn-
σημεῖα	shmei=a	σημεῖον	shmei=on	n-p---nv-
σημεῖα	shmei=a	σημεῖον	shmei=on	n-p---na-
σημεῖον	shmei=on	σημεῖον	shmei=on	n-s---nn-
σημεῖον	shmei=on	σημεῖον	shmei=on	n-s---nv-
σημεῖον	shmei=on	σημεῖον	shmei=on	n-s---na-
σιαγόνα	siago/na	σιαγών	siagw/n	n-s---fa-
σιγήσῃ	sigh/sh|	σιγάω	siga/w	v2sasm---
σιγήσῃ	sigh/sh|	σιγάω	siga/w	v3sasa---
σιγήσῃ	sigh/sh|	σιγάω	siga/w	v2sfim---
σινδόνι	sindo/ni	σινδών	sindw/n	n-s---fd-
σινιάσαι	sinia/sai	σινιάζω	sinia/zw	v-sfpafd-
σινιάσαι	sinia/sai	σινιάζω	sinia/zw	v--ana---
σινιάσαι	sinia/sai	σινιάζω	sinia/zw	v3saoa---
σινάπεως	sina/pews	σίναπι	si/napi	n-s---ng-
σιτευτόν	siteuto/n	σιτευτός	siteuto/s	a-s---ma-
σιτευτόν	siteuto/n	σιτευτός	siteuto/s	a-s---nn-
σιτευτόν	siteuto/n	σιτευτός	siteuto/s	a-s---nv-
σιτευτόν	siteuto/n	σιτευτός	siteuto/s	a-s---na-
σιτομέτριον	sitome/trion	σιτομέτριον	sitome/trion	n-s---nn-
σιτομέτριον	sitome/trion	σιτομέτριον	sitome/trion	n-s---nv-
σιτομέτριον	sitome/trion	σιτομέτριον	sitome/trion	n-s---na-
σιτομέτριον	sitome/trion	σιτομετρέω	sitometre/w	v3piia---
σιτομέτριον	sitome/trion	σιτομετρέω	sitometre/w	v1siia---
σιωπήσουσιν	siwph/sousin	σιωπάω	siwpa/w	v3pasa---
σιωπήσουσιν	siwph/sousin	σιωπάω	siwpa/w	v-pfpamd-
σιωπήσουσιν	siwph/sousin	σιωπάω	siwpa/w	v-pfpand-
σιωπήσουσιν	siwph/sousin	σιωπάω	siwpa/w	v3pfia---
σιωπῶν	siwpw=n	σιωπάω	siwpa/w	v-sppamv-
σιωπῶν	siwpw=n	σιωπάω	siwpa/w	v-sppann-
σιωπῶν	siwpw=n	σιωπάω	siwpa/w	v-sppanv-
σιωπῶν	siwpw=n	σιωπάω	siwpa/w	v-sppana-
σιωπῶν	siwpw=n	σιωπάω	siwpa/w	v-sppamn-
σιωπῶν	siwpw=n	σιωπάω	siwpa/w	v-sppamn-
σιωπῶν	siwpw=n	σιωπή	siwph/	n-p---fg-
σκανδαλισθῇ	skandalisqh=|	σκανδαλίζω	skandali/zw	v3sasp---
σκανδαλίσῃ	skandali/sh|	σκανδαλίζω	skandali/zw	v2sasm---
σκανδαλίσῃ	skandali/sh|	σκανδαλίζω	skandali/zw	v3sasa---
σκανδαλίσῃ	skandali/sh|	σκανδαλίζω	skandali/zw	v2sfim---
σκεύει	skeu/ei	σκεῦος	skeu=os	n-d---nn-
σκεύει	skeu/ei	σκεῦος	skeu=os	n-d---nv-
σκεύει	skeu/ei	σκεῦος	skeu=os	n-d---na-
σκεύει	skeu/ei	σκεῦος	skeu=os	n-s---nd-
σκεύει	skeu/ei	σκεῦος	skeu=os	n-s---nd-
σκεύη	skeu/h	σκεῦος	skeu=os	n-p---nn-
σκεύη	skeu/h	σκεῦος	skeu=os	n-p---nv-
σκεύη	skeu/h	σκεῦος	skeu=os	n-p---na-
σκεύη	skeu/h	σκεῦος	skeu=os	n-d---nn-
σκεύη	skeu/h	σκεῦος	skeu=os	n-d---nv-
σκεύη	skeu/h	σκεῦος	skeu=os	n-d---na-
σκηνάς	skhna/s	σκηνή	skhnh/	n-p---fa-
σκιρτήσατε	skirth/sate	σκιρτάω	skirta/w	v2pama---
σκιρτήσατε	skirth/sate	σκιρτάω	skirta/w	v2paia---
σκιᾷ	skia=|	σκιά	skia/	n-s---fd-
σκιᾷ	skia=|	σκιάω	skia/w	v2spse---
σκιᾷ	skia=|	σκιάω	skia/w	v2spie---
σκιᾷ	skia=|	σκιάω	skia/w	v3spsa---
σκιᾷ	skia=|	σκιάω	skia/w	v3spia---
σκιᾷ	skia=|	σκιάζω	skia/zw	v2sfim---
σκιᾷ	skia=|	σκιάζω	skia/zw	v3sfia---
σκολιά	skolia/	σκολιός	skolio/s	a-p---nn-
σκολιά	skolia/	σκολιός	skolio/s	a-p---nv-
σκολιά	skolia/	σκολιός	skolio/s	a-p---na-
σκολιά	skolia/	σκολιός	skolio/s	a-d---fn-
σκολιά	skolia/	σκολιός	skolio/s	a-d---fv-
σκολιά	skolia/	σκολιός	skolio/s	a-d---fa-
σκολιά	skolia/	σκολιός	skolio/s	a-s---fn-
σκολιά	skolia/	σκολιός	skolio/s	a-s---fv-
σκορπίζει	skorpi/zei	σκορπίζω	skorpi/zw	v2spie---
σκορπίζει	skorpi/zei	σκορπίζω	skorpi/zw	v3spia---
σκορπίον	skorpi/on	σκορπίον	skorpi/on	n-s---nn-
σκορπίον	skorpi/on	σκορπίον	skorpi/on	n-s---nv-
σκορπίον	skorpi/on	σκορπίον	skorpi/on	n-s---na-
σκορπίον	skorpi/on	σκορπίος	skorpi/os	n-s---ma-
σκορπίων	skorpi/wn	σκορπίον	skorpi/on	n-p---ng-
σκορπίων	skorpi/wn	σκορπίος	skorpi/os	n-p---mg-
σκοτεινόν	skoteino/n	σκοτεινός	skoteino/s	a-s---ma-
σκοτεινόν	skoteino/n	σκοτεινός	skoteino/s	a-s---nn-
σκοτεινόν	skoteino/n	σκοτεινός	skoteino/s	a-s---nv-
σκοτεινόν	skoteino/n	σκοτεινός	skoteino/s	a-s---na-
σκοτίᾳ	skoti/a|	σκότιος	sko/tios	a-s---fd-
σκοτίᾳ	skoti/a|	σκοτία	skoti/a	n-p---fn-
σκοτίᾳ	skoti/a|	σκοτία	skoti/a	n-p---fv-
σκοτίᾳ	skoti/a|	σκοτία	skoti/a	n-s---fd-
σκυθρωποί	skuqrwpoi/	σκυθρωπός	skuqrwpo/s	n-p---mn-
σκυθρωποί	skuqrwpoi/	σκυθρωπός	skuqrwpo/s	n-p---mv-
σκυθρωποί	skuqrwpoi/	σκυθρωπός	skuqrwpo/s	n-p---fn-
σκυθρωποί	skuqrwpoi/	σκυθρωπός	skuqrwpo/s	n-p---fv-
σκάνδαλα	ska/ndala	σκάνδαλον	ska/ndalon	n-p---nn-
σκάνδαλα	ska/ndala	σκάνδαλον	ska/ndalon	n-p---nv-
σκάνδαλα	ska/ndala	σκάνδαλον	ska/ndalon	n-p---na-
σκάπτειν	ska/ptein	σκάπτω	ska/ptw	v--pna---
σκάψω	ska/yw	σκάπτω	ska/ptw	v1sasa---
σκάψω	ska/yw	σκάπτω	ska/ptw	v1sfia---
σκάψω	ska/yw	σκάπτω	ska/ptw	v2saim---
σκόπει	sko/pei	σκοπάω	skopa/w	v2spma---
σκόπει	sko/pei	σκοπάω	skopa/w	v3siia---
σκόπει	sko/pei	σκοπέω	skope/w	v2spma---
σκόπει	sko/pei	σκοπέω	skope/w	v3siia---
σκότει	sko/tei	σκότος	sko/tos	n-d---nn-
σκότει	sko/tei	σκότος	sko/tos	n-d---nv-
σκότει	sko/tei	σκότος	sko/tos	n-d---na-
σκότει	sko/tei	σκότος	sko/tos	n-s---nd-
σκότει	sko/tei	σκότος	sko/tos	n-s---nd-
σκότει	sko/tei	σκοτάω	skota/w	v2spma---
σκότει	sko/tei	σκοτάω	skota/w	v3siia---
σκότος	sko/tos	σκότος	sko/tos	n-s---nn-
σκότος	sko/tos	σκότος	sko/tos	n-s---nv-
σκότος	sko/tos	σκότος	sko/tos	n-s---na-
σκότος	sko/tos	σκότος	sko/tos	n-s---mn-
σκότους	sko/tous	σκότος	sko/tos	n-s---ng-
σκότους	sko/tous	σκότος	sko/tos	n-p---ma-
σκότους	sko/tous	σκοτόω	skoto/w	v2siia---
σκύλλε	sku/lle	σκύλλω	sku/llw	v2spma---
σκύλλε	sku/lle	σκύλλω	sku/llw	v3siia---
σκύλλου	sku/llou	σκύλλω	sku/llw	v2spme---
σκύλλου	sku/llou	σκύλλω	sku/llw	v2siie---
σκῦλα	sku=la	σκύλλω	sku/llw	v1saia---
σκῦλα	sku=la	σκῦλον	sku=lon	n-p---nn-
σκῦλα	sku=la	σκῦλον	sku=lon	n-p---nv-
σκῦλα	sku=la	σκῦλον	sku=lon	n-p---na-
σοι	soi	σύ	su/	p-s----d-
σοροῦ	sorou=	σορός	soro/s	n-s---fg-
σου	sou	σύ	su/	p-s----g-
σουδαρίῳ	soudari/w|	σουδάριον	souda/rion	n-s---nd-
σοφία	sofi/a	σοφία	sofi/a	n-d---fn-
σοφία	sofi/a	σοφία	sofi/a	n-d---fv-
σοφία	sofi/a	σοφία	sofi/a	n-d---fa-
σοφία	sofi/a	σοφία	sofi/a	n-s---fn-
σοφία	sofi/a	σοφία	sofi/a	n-s---fv-
σοφίαν	sofi/an	σοφία	sofi/a	n-s---fa-
σοφῶν	sofw=n	σοφός	sofo/s	a-p---fg-
σοφῶν	sofw=n	σοφός	sofo/s	a-p---mg-
σοφῶν	sofw=n	σοφός	sofo/s	a-p---ng-
σοφῶν	sofw=n	σοφόω	sofo/w	v-sppamv-
σοφῶν	sofw=n	σοφόω	sofo/w	v-sppann-
σοφῶν	sofw=n	σοφόω	sofo/w	v-sppanv-
σοφῶν	sofw=n	σοφόω	sofo/w	v-sppana-
σοφῶν	sofw=n	σοφόω	sofo/w	v-sppamn-
σοφῶν	sofw=n	σοφόω	sofo/w	v--pna---
σοί	soi/	σός	so/s	a-p---mn-
σοί	soi/	σός	so/s	a-p---mv-
σοί	soi/	σύ	su/	p-s----d-
σοί	soi/	σύ	su/	p-s----d-
σοῦ	sou=	σέω	se/w	v2spme---
σοῦ	sou=	σέω	se/w	v2siie---
σοῦ	sou=	σεύω	seu/w	v2spmm---
σοῦ	sou=	σός	so/s	a-s---mg-
σοῦ	sou=	σός	so/s	a-s---ng-
σοῦ	sou=	σοῦ	sou=	x--------
σοῦ	sou=	σύ	su/	p-s----g-
σπαράσσει	spara/ssei	σπαράσσω	spara/ssw	v2spie---
σπαράσσει	spara/ssei	σπαράσσω	spara/ssw	v3spia---
σπείρειν	spei/rein	σπείρω	spei/rw	v--pna---
σπείρουσιν	spei/rousin	σπείρω	spei/rw	v3pasa---
σπείρουσιν	spei/rousin	σπείρω	spei/rw	v-pppamd-
σπείρουσιν	spei/rousin	σπείρω	spei/rw	v-pppand-
σπείρουσιν	spei/rousin	σπείρω	spei/rw	v3ppia---
σπείρων	spei/rwn	σπείρω	spei/rw	v-sppamn-
σπείρων	spei/rwn	σπεῖρον	spei=ron	n-p---ng-
σπείρων	spei/rwn	σπειράομαι	speira/omai	v3piia---
σπείρων	spei/rwn	σπειράομαι	speira/omai	v1siia---
σπεύσαντες	speu/santes	σπεύδω	speu/dw	v-papamn-
σπεύσαντες	speu/santes	σπεύδω	speu/dw	v-papamv-
σπεύσας	speu/sas	σπεύδω	speu/dw	v-sapamn-
σπεύσας	speu/sas	σπεύδω	speu/dw	v-sapamv-
σπεῖραι	spei=rai	σπείρω	spei/rw	v2samm---
σπεῖραι	spei=rai	σπείρω	spei/rw	v--ana---
σπεῖραι	spei=rai	σπεῖρα	spei=ra	n-p---fn-
σπεῖραι	spei=rai	σπεῖρα	spei=ra	n-p---fv-
σπλάγχνα	spla/gxna	σπλάγχνον	spla/gxnon	n-p---nn-
σπλάγχνα	spla/gxna	σπλάγχνον	spla/gxnon	n-p---nv-
σπλάγχνα	spla/gxna	σπλάγχνον	spla/gxnon	n-p---na-
σποδῷ	spodw=|	σποδός	spodo/s	n-s---fd-
σπορίμων	spori/mwn	σπόριμος	spo/rimos	n-p---mg-
σπορίμων	spori/mwn	σπόριμος	spo/rimos	n-p---fg-
σπορίμων	spori/mwn	σπόριμος	spo/rimos	n-p---ng-
σπουδαίως	spoudai/ws	σπουδαῖος	spoudai=os	x--------
σπουδαίως	spoudai/ws	σπουδαῖος	spoudai=os	a-p---ma-
σπουδῆς	spoudh=s	σπουδάζω	spouda/zw	v2sfia---
σπουδῆς	spoudh=s	σπουδή	spoudh/	n-s---fg-
σπέρμα	spe/rma	σπέρμα	spe/rma	n-s---nn-
σπέρμα	spe/rma	σπέρμα	spe/rma	n-s---nv-
σπέρμα	spe/rma	σπέρμα	spe/rma	n-s---na-
σπέρματι	spe/rmati	σπέρμα	spe/rma	n-s---nd-
σπήλαιον	sph/laion	σπήλαιον	sph/laion	n-s---nn-
σπήλαιον	sph/laion	σπήλαιον	sph/laion	n-s---nv-
σπήλαιον	sph/laion	σπήλαιον	sph/laion	n-s---na-
σπόρον	spo/ron	σπόρος	spo/ros	n-s---ma-
σπόρος	spo/ros	σπόρος	spo/ros	n-s---mn-
σταδίους	stadi/ous	στάδιον	sta/dion	n-p---ma-
σταδίους	stadi/ous	στάδιος	sta/dios	a-p---ma-
σταθείς	staqei/s	ἵστημι	i(/sthmi	v-sappmn-
σταθείς	staqei/s	ἵστημι	i(/sthmi	v-sappmv-
σταθήσεται	staqh/setai	ἵστημι	i(/sthmi	v3sfip---
σταθῆναι	staqh=nai	ἵστημι	i(/sthmi	v--anp---
σταυρωθῆναι	staurwqh=nai	σταυρόω	stauro/w	v--anp---
σταυρόν	stauro/n	σταυρός	stauro/s	n-s---ma-
στενῆς	stenh=s	στενάζω	stena/zw	v2sfia---
στενῆς	stenh=s	στενός	steno/s	a-s---fg-
στείρᾳ	stei/ra|	στεῖρα1	stei=ra1	n-s---fd-
στείρᾳ	stei/ra|	στεῖρα2	stei=ra2	n-s---fd-
στεῖρα	stei=ra	στεῖρα1	stei=ra1	n-s---fn-
στεῖρα	stei=ra	στεῖρα1	stei=ra1	n-s---fv-
στεῖρα	stei=ra	στεῖρα2	stei=ra2	n-s---fn-
στεῖρα	stei=ra	στεῖρα2	stei=ra2	n-s---fv-
στεῖρα	stei=ra	στεῖρος	stei=ros	n-p---nn-
στεῖρα	stei=ra	στεῖρος	stei=ros	n-p---nv-
στεῖρα	stei=ra	στεῖρος	stei=ros	n-p---na-
στεῖραι	stei=rai	στεῖρα1	stei=ra1	n-p---fn-
στεῖραι	stei=rai	στεῖρα1	stei=ra1	n-p---fv-
στεῖραι	stei=rai	στεῖρα2	stei=ra2	n-p---fn-
στεῖραι	stei=rai	στεῖρα2	stei=ra2	n-p---fv-
στιγμῇ	stigmh=|	στιγμή	stigmh/	n-s---fd-
στολαῖς	stolai=s	στολή	stolh/	n-p---fd-
στολήν	stolh/n	στολή	stolh/	n-s---fa-
στρατευόμενοι	strateuo/menoi	στρατεύω	strateu/w	v-pppemn-
στρατευόμενοι	strateuo/menoi	στρατεύω	strateu/w	v-pppemv-
στρατεύμασιν	strateu/masin	στράτευμα	stra/teuma	n-p---nd-
στρατηγούς	strathgou/s	στρατηγός	strathgo/s	n-p---ma-
στρατηγοῖς	strathgoi=s	στρατηγέω	strathge/w	v2spoa---
στρατηγοῖς	strathgoi=s	στρατηγός	strathgo/s	n-p---md-
στρατιώτας	stratiw/tas	στρατιώτης	stratiw/ths	n-p---ma-
στρατιώτας	stratiw/tas	στρατιώτης	stratiw/ths	n-s---mn-
στρατιᾶς	stratia=s	στρατία	strati/a	n-s---fg-
στρατιᾶς	stratia=s	στρατιά	stratia/	n-s---fg-
στρατιῶται	stratiw=tai	στρατιώτης	stratiw/ths	n-p---mn-
στρατιῶται	stratiw=tai	στρατιώτης	stratiw/ths	n-p---mv-
στρατοπέδων	stratope/dwn	στρατόπεδον	strato/pedon	n-p---ng-
στραφείς	strafei/s	στράπτω	stra/ptw	v-sappmn-
στραφείς	strafei/s	στράπτω	stra/ptw	v-sappmv-
στραφείς	strafei/s	στρέφω	stre/fw	v-sappmn-
στραφείς	strafei/s	στρέφω	stre/fw	v-sappmv-
στρουθία	strouqi/a	στρουθίας	strouqi/as	n-d---mn-
στρουθία	strouqi/a	στρουθίας	strouqi/as	n-d---mv-
στρουθία	strouqi/a	στρουθίας	strouqi/as	n-d---ma-
στρουθία	strouqi/a	στρουθίας	strouqi/as	n-s---mv-
στρουθία	strouqi/a	στρουθίας	strouqi/as	n-s---mv-
στρουθία	strouqi/a	στρουθίας	strouqi/as	n-s---mg-
στρουθία	strouqi/a	στρουθίας	strouqi/as	n-s---mn-
στρουθία	strouqi/a	στρουθίον	strouqi/on	n-p---nn-
στρουθία	strouqi/a	στρουθίον	strouqi/on	n-p---nv-
στρουθία	strouqi/a	στρουθίον	strouqi/on	n-p---na-
στρουθίων	strouqi/wn	στρουθίον	strouqi/on	n-p---ng-
στρουθίων	strouqi/wn	στρουθίων	strouqi/wn	n-s---mn-
στρουθίων	strouqi/wn	στρουθίων	strouqi/wn	n-s---mv-
στάσιν	sta/sin	στάσις	sta/sis	n-s---fa-
στέγην	ste/ghn	στέγη	ste/gh	n-s---fa-
στέγην	ste/ghn	στέγος	ste/gos	n-s---na-
στέγην	ste/ghn	στέγω	ste/gw	v--pna---
στήθη	sth/qh	στῆθος	sth=qos	n-p---nn-
στήθη	sth/qh	στῆθος	sth=qos	n-p---nv-
στήθη	sth/qh	στῆθος	sth=qos	n-p---na-
στήθη	sth/qh	στῆθος	sth=qos	n-d---nn-
στήθη	sth/qh	στῆθος	sth=qos	n-d---nv-
στήθη	sth/qh	στῆθος	sth=qos	n-d---na-
στήρισον	sth/rison	στηρίζω	sthri/zw	v2sama---
στόμα	sto/ma	στόμα	sto/ma	n-s---nn-
στόμα	sto/ma	στόμα	sto/ma	n-s---nv-
στόμα	sto/ma	στόμα	sto/ma	n-s---na-
στόματι	sto/mati	στόμα	sto/ma	n-s---nd-
στόματος	sto/matos	στόμα	sto/ma	n-s---ng-
στόματός	sto/mato/s	στόμα	sto/ma	n-s---ng-
στᾶσα	sta=sa	ἵστημι	i(/sthmi	v-sapafn-
στᾶσα	sta=sa	ἵστημι	i(/sthmi	v-sapafv-
στᾶσα	sta=sa	ἵστημι	i(/sthmi	v1saia---
στᾶσα	sta=sa	στάζω	sta/zw	v-sfpafn-
στᾶσα	sta=sa	στάζω	sta/zw	v-sfpafv-
στῆθι	sth=qi	ἵστημι	i(/sthmi	v2sama---
στῆθος	sth=qos	στῆθος	sth=qos	n-s---nn-
στῆθος	sth=qos	στῆθος	sth=qos	n-s---nv-
στῆθος	sth=qos	στῆθος	sth=qos	n-s---na-
συγγενείασ’	suggenei/as'	σύν-γενειάω	su/n-geneia/w	v3spia---
συγγενείασ’	suggenei/as'	σύν-γενειάω	su/n-geneia/w	v2spme---
συγγενείασ’	suggenei/as'	σύν-γενειάω	su/n-geneia/w	v2spie---
συγγενείασ’	suggenei/as'	σύν-γενειάω	su/n-geneia/w	v2samm---
συγγενείασ’	suggenei/as'	σύν-γενειάω	su/n-geneia/w	v2samm---
συγγενείασ’	suggenei/as'	σύν-γενειάζω	su/n-geneia/zw	v2samm---
συγγενείασ’	suggenei/as'	σύν-γενειάζω	su/n-geneia/zw	v1saia---
συγγενείασ’	suggenei/as'	σύν-γενειάζω	su/n-geneia/zw	v3saia---
συγγενεῖς	suggenei=s	συγγενεύς	suggeneu/s	n-p---ma-
συγγενεῖς	suggenei=s	συγγενεύς	suggeneu/s	n-p---mn-
συγγενεῖς	suggenei=s	συγγενεύς	suggeneu/s	n-p---mv-
συγγενεῖς	suggenei=s	συγγενής	suggenh/s	n-p---ma-
συγγενεῖς	suggenei=s	συγγενής	suggenh/s	n-p---fa-
συγγενεῖς	suggenei=s	συγγενής	suggenh/s	n-p---mn-
συγγενεῖς	suggenei=s	συγγενής	suggenh/s	n-p---mv-
συγγενεῖς	suggenei=s	συγγενής	suggenh/s	n-p---fn-
συγγενεῖς	suggenei=s	συγγενής	suggenh/s	n-p---fv-
συγγενεῦσιν	suggeneu=sin	συγγενεύς	suggeneu/s	n-p---md-
συγγενίς	suggeni/s	συγγενίς	suggeni/s	n-s---fn-
συγγενῶν	suggenw=n	συγγενής	suggenh/s	n-p---mg-
συγγενῶν	suggenw=n	συγγενής	suggenh/s	n-p---fg-
συγγενῶν	suggenw=n	συγγενής	suggenh/s	n-p---ng-
συγκαθισάντων	sugkaqisa/ntwn	συγκαθίζω	sugkaqi/zw	v-papamg-
συγκαθισάντων	sugkaqisa/ntwn	συγκαθίζω	sugkaqi/zw	v-papang-
συγκαθισάντων	sugkaqisa/ntwn	συγκαθίζω	sugkaqi/zw	v3pama---
συγκαθισάντων	sugkaqisa/ntwn	συγκαθίζω	sugkaqi/zw	v-papamg-
συγκαθισάντων	sugkaqisa/ntwn	συγκαθίζω	sugkaqi/zw	v-papang-
συγκαλεσάμενος	sugkalesa/menos	συγκαλέω	sugkale/w	v-sapmmn-
συγκαλεῖ	sugkalei=	συγκαλέω	sugkale/w	v2spie---
συγκαλεῖ	sugkalei=	συγκαλέω	sugkale/w	v3spia---
συγκαλεῖ	sugkalei=	συγκαλέω	sugkale/w	v2sfim---
συγκαλεῖ	sugkalei=	συγκαλέω	sugkale/w	v3sfia---
συγκαλεῖ	sugkalei=	συγκαλέω	sugkale/w	v2spie---
συγκαλεῖ	sugkalei=	συγκαλέω	sugkale/w	v3spia---
συγκατατεθειμένος	sugkatateqeime/nos	συγκατατίθημι	sugkatati/qhmi	v-srpemn-
συγκεκαλυμμένον	sugkekalumme/non	συγκαλύπτω	sugkalu/ptw	v-srpema-
συγκεκαλυμμένον	sugkekalumme/non	συγκαλύπτω	sugkalu/ptw	v-srpenn-
συγκεκαλυμμένον	sugkekalumme/non	συγκαλύπτω	sugkalu/ptw	v-srpenv-
συγκεκαλυμμένον	sugkekalumme/non	συγκαλύπτω	sugkalu/ptw	v-srpena-
συγκυρίαν	sugkuri/an	συγκυρία	sugkuri/a	n-s---fa-
συγκύπτουσα	sugku/ptousa	συγκύπτω	sugku/ptw	v-sppafn-
συγκύπτουσα	sugku/ptousa	συγκύπτω	sugku/ptw	v-sppafv-
συζητεῖν	suzhtei=n	συζητέω	suzhte/w	v--pna---
συζητεῖν	suzhtei=n	συζητέω	suzhte/w	v--pna---
συκαμίνῳ	sukami/nw|	συκάμινον	suka/minon	n-s---nd-
συκαμίνῳ	sukami/nw|	συκάμινος	suka/minos	n-s---md-
συκαμίνῳ	sukami/nw|	συκάμινος	suka/minos	n-s---fd-
συκομορέαν	sukomore/an	συκομορέα	sukomore/a	n-s---fa-
συκοφαντήσητε	sukofanth/shte	συκοφαντέω	sukofante/w	v2pasa---
συκῆν	sukh=n	συκῆ	sukh=	n-s---fa-
συκῆν	sukh=n	συκῆ	sukh=	n-s---fa-
συκῇ	sukh=|	συκάζω	suka/zw	v2sfim---
συκῇ	sukh=|	συκάζω	suka/zw	v3sfia---
συκῇ	sukh=|	συκῆ	sukh=	n-s---fd-
συκῇ	sukh=|	συκῆ	sukh=	n-s---fd-
συλλαβέσθαι	sullabe/sqai	συλλαμβάνω	sullamba/nw	v--anm---
συλλέγουσιν	sulle/gousin	συλλέγω	sulle/gw	v-pppamd-
συλλέγουσιν	sulle/gousin	συλλέγω	sulle/gw	v-pppand-
συλλέγουσιν	sulle/gousin	συλλέγω	sulle/gw	v3ppia---
συμβεβηκότων	sumbebhko/twn	συμβαίνω	sumbai/nw	v-prpamg-
συμβεβηκότων	sumbebhko/twn	συμβαίνω	sumbai/nw	v-prpang-
συμβάλλουσα	sumba/llousa	συμβάλλω	sumba/llw	v-sppafn-
συμβάλλουσα	sumba/llousa	συμβάλλω	sumba/llw	v-sppafv-
συμπαραγενόμενοι	sumparageno/menoi	συμπαραγίγνομαι	sumparagi/gnomai	v-papmmn-
συμπαραγενόμενοι	sumparageno/menoi	συμπαραγίγνομαι	sumparagi/gnomai	v-papmmv-
συμπληροῦσθαι	sumplhrou=sqai	συμπληρόω	sumplhro/w	v--pne---
συμπληροῦσθαι	sumplhrou=sqai	συμπληρόω	sumplhro/w	v--pne---
συμπνίγονται	sumpni/gontai	συμπνίγω	sumpni/gw	v3ppie---
συμφυεῖσαι	sumfuei=sai	συμφύω	sumfu/w	v-pappfn-
συμφυεῖσαι	sumfuei=sai	συμφύω	sumfu/w	v-pappfv-
συμφωνίας	sumfwni/as	συμφωνία	sumfwni/a	n-p---fa-
συμφωνίας	sumfwni/as	συμφωνία	sumfwni/a	n-s---fg-
συναγαγεῖν	sunagagei=n	συνάγω	suna/gw	v--ana---
συναγαγών	sunagagw/n	συνάγω	suna/gw	v-sapamn-
συναγωγαῖς	sunagwgai=s	συναγωγή	sunagwgh/	n-p---fd-
συναγωγάς	sunagwga/s	συναγωγή	sunagwgh/	n-p---fa-
συναγωγήν	sunagwgh/n	συναγωγή	sunagwgh/	n-s---fa-
συναγωγῆς	sunagwgh=s	συναγωγεύς	sunagwgeu/s	n-p---mn-
συναγωγῆς	sunagwgh=s	συναγωγεύς	sunagwgeu/s	n-p---mn-
συναγωγῆς	sunagwgh=s	συναγωγεύς	sunagwgeu/s	n-p---mv-
συναγωγῆς	sunagwgh=s	συναγωγή	sunagwgh/	n-s---fg-
συναγωγῇ	sunagwgh=|	συναγωγεύς	sunagwgeu/s	n-s---md-
συναγωγῇ	sunagwgh=|	συναγωγή	sunagwgh/	n-s---fd-
συναγωγῶν	sunagwgw=n	συναγωγή	sunagwgh/	n-p---fg-
συναγωγῶν	sunagwgw=n	συναγωγός	sunagwgo/s	n-p---mg-
συναγωγῶν	sunagwgw=n	συναγωγός	sunagwgo/s	n-p---fg-
συναγωγῶν	sunagwgw=n	συναγωγός	sunagwgo/s	n-p---ng-
συνακολουθοῦσαι	sunakolouqou=sai	συνακολουθέω	sunakolouqe/w	v-pppafn-
συνακολουθοῦσαι	sunakolouqou=sai	συνακολουθέω	sunakolouqe/w	v-pppafv-
συνακολουθοῦσαι	sunakolouqou=sai	συνακολουθέω	sunakolouqe/w	v-pppafn-
συνακολουθοῦσαι	sunakolouqou=sai	συνακολουθέω	sunakolouqe/w	v-pppafv-
συνανακειμένων	sunanakeime/nwn	συνανάκειμαι	sunana/keimai	v-prpefg-
συνανακειμένων	sunanakeime/nwn	συνανάκειμαι	sunana/keimai	v-prpemg-
συνανακειμένων	sunanakeime/nwn	συνανάκειμαι	sunana/keimai	v-prpeng-
συνανακειμένων	sunanakeime/nwn	συνανάκειμαι	sunana/keimai	v-pppefg-
συνανακειμένων	sunanakeime/nwn	συνανάκειμαι	sunana/keimai	v-pppemg-
συνανακειμένων	sunanakeime/nwn	συνανάκειμαι	sunana/keimai	v-pppeng-
συνανακείμενοι	sunanakei/menoi	συνανάκειμαι	sunana/keimai	v-prpemn-
συνανακείμενοι	sunanakei/menoi	συνανάκειμαι	sunana/keimai	v-prpemv-
συνανακείμενοι	sunanakei/menoi	συνανάκειμαι	sunana/keimai	v-pppemn-
συνανακείμενοι	sunanakei/menoi	συνανάκειμαι	sunana/keimai	v-pppemv-
συναντιλάβηται	sunantila/bhtai	σύν-ἀντιλαμβάνω	su/n-a)ntilamba/nw	v3sase---
συναντήσει	sunanth/sei	συνάντησις	suna/nthsis	n-d---fn-
συναντήσει	sunanth/sei	συνάντησις	suna/nthsis	n-d---fv-
συναντήσει	sunanth/sei	συνάντησις	suna/nthsis	n-d---fa-
συναντήσει	sunanth/sei	συνάντησις	suna/nthsis	n-s---fd-
συναντήσει	sunanth/sei	συνάντησις	suna/nthsis	n-s---fd-
συναντήσει	sunanth/sei	συναντάω	sunanta/w	v3sasa---
συναντήσει	sunanth/sei	συναντάω	sunanta/w	v2sfim---
συναντήσει	sunanth/sei	συναντάω	sunanta/w	v3sfia---
συναντήσει	sunanth/sei	συναντάω	sunanta/w	v3sasa---
συναντήσει	sunanth/sei	συναντάω	sunanta/w	v2sfim---
συναντήσει	sunanth/sei	συναντάω	sunanta/w	v3sfia---
συναντήσει	sunanth/sei	συναντάω	sunanta/w	v2stie---
συναντήσει	sunanth/sei	συναντάω	sunanta/w	v3stia---
συνεληλυθυῖαι	sunelhluqui=ai	συνέρχομαι	sune/rxomai	v-prpafn-
συνεληλυθυῖαι	sunelhluqui=ai	συνέρχομαι	sune/rxomai	v-prpafv-
συνελογίσαντο	sunelogi/santo	συλλογίζομαι	sullogi/zomai	v3paie---
συνελάλησεν	sunela/lhsen	συλλαλέω	sullale/w	v3saia---
συνελάλουν	sunela/loun	συλλαλέω	sullale/w	v3piia---
συνελάλουν	sunela/loun	συλλαλέω	sullale/w	v1siia---
συνεπληροῦντο	suneplhrou=nto	συμπληρόω	sumplhro/w	v3piie---
συνεπορεύετο	suneporeu/eto	συμπορεύομαι	sumporeu/omai	v3siie---
συνεπορεύοντο	suneporeu/onto	συμπορεύομαι	sumporeu/omai	v3piie---
συνεσθίει	sunesqi/ei	σύν-ἐσθίω	su/n-e)sqi/w	v2spie---
συνεσθίει	sunesqi/ei	σύν-ἐσθίω	su/n-e)sqi/w	v3spia---
συνεσπάραξεν	sunespa/racen	συσπαράσσω	suspara/ssw	v3saia---
συνεστῶτας	sunestw=tas	συνίστημι	suni/sthmi	v-prpama-
συνετήρει	suneth/rei	συντηρέω	sunthre/w	v3siia---
συνετῶν	sunetw=n	συνετός	suneto/s	a-p---fg-
συνετῶν	sunetw=n	συνετός	suneto/s	a-p---mg-
συνετῶν	sunetw=n	συνετός	suneto/s	a-p---ng-
συνευδοκεῖτε	suneudokei=te	συνευδοκέω	suneudoke/w	v2ppma---
συνευδοκεῖτε	suneudokei=te	συνευδοκέω	suneudoke/w	v2ppoa---
συνευδοκεῖτε	suneudokei=te	συνευδοκέω	suneudoke/w	v2ppia---
συνευδοκεῖτε	suneudokei=te	συνευδοκέω	suneudoke/w	v2piia---
συνεχομένη	sunexome/nh	συνόχωκα	suno/xwka	v-sppefn-
συνεχομένη	sunexome/nh	συνόχωκα	suno/xwka	v-sppefv-
συνείληφεν	sunei/lhfen	συλλαμβάνω	sullamba/nw	v3plia---
συνείληφεν	sunei/lhfen	συλλαμβάνω	sullamba/nw	v3sria---
συνείχοντο	sunei/xonto	συνόχωκα	suno/xwka	v3piie---
συνηρπάκει	sunhrpa/kei	συναρπάζω	sunarpa/zw	v3slia---
συνιέναι	sunie/nai	σύνειμι2	su/neimi2	v--pna---
συνιέναι	sunie/nai	συνίημι	suni/hmi	v--pna---
συνιῶσιν	suniw=sin	σύν-ἱέω	su/n-i(e/w	v3ppsa---
συνιῶσιν	suniw=sin	σύν-ἰάζω	su/n-i)a/zw	v-pfpamd-
συνιῶσιν	suniw=sin	σύν-ἰάζω	su/n-i)a/zw	v-pfpand-
συνιῶσιν	suniw=sin	σύν-ἰάζω	su/n-i)a/zw	v3pfia---
συνιῶσιν	suniw=sin	σύν-ἰόομαι	su/n-i)o/omai	v2spse---
συνιῶσιν	suniw=sin	σύν-ἰόω	su/n-i)o/w	v2spse---
συνιῶσιν	suniw=sin	σύν-ἰόω	su/n-i)o/w	v3ppsa---
συνιῶσιν	suniw=sin	σύν-ἰόω	su/n-i)o/w	v3spsa---
συνοχή	sunoxh/	συνοχή	sunoxh/	n-s---fn-
συνοχή	sunoxh/	συνοχή	sunoxh/	n-s---fv-
συντελεσθεισῶν	suntelesqeisw=n	συντελέω	suntele/w	v-pappfg-
συντελέσας	suntele/sas	συντελέω	suntele/w	v-sapamn-
συντελέσας	suntele/sas	συντελέω	suntele/w	v-sapamv-
συντρῖβον	suntri=bon	συντρίβω	suntri/bw	v-sppamv-
συντρῖβον	suntri=bon	συντρίβω	suntri/bw	v-sppann-
συντρῖβον	suntri=bon	συντρίβω	suntri/bw	v-sppanv-
συντρῖβον	suntri=bon	συντρίβω	suntri/bw	v-sppana-
συντυχεῖν	suntuxei=n	συντυγχάνω	suntugxa/nw	v--ana---
συνάγων	suna/gwn	συνάγω	suna/gw	v-sppamn-
συνάξω	suna/cw	συνάγνυμι	suna/gnumi	v2saim---
συνάξω	suna/cw	συνάγνυμι	suna/gnumi	v1sasa---
συνάξω	suna/cw	συνάγνυμι	suna/gnumi	v1sfia---
συνάξω	suna/cw	συνάγνυμι	suna/gnumi	v2saim---
συνάξω	suna/cw	συνάγω	suna/gw	v2saim---
συνάξω	suna/cw	συνάγω	suna/gw	v1sasa---
συνάξω	suna/cw	συνάγω	suna/gw	v1sfia---
συνάξω	suna/cw	συνάγω	suna/gw	v2saim---
συνέδριον	sune/drion	συνέδριον	sune/drion	n-s---nn-
συνέδριον	sune/drion	συνέδριον	sune/drion	n-s---nv-
συνέδριον	sune/drion	συνέδριον	sune/drion	n-s---na-
συνέθεντο	sune/qento	συντίθημι	sunti/qhmi	v3paim---
συνέκλεισαν	sune/kleisan	συγκλείω	sugklei/w	v3paia---
συνέλαβεν	sune/laben	συλλαμβάνω	sullamba/nw	v3saia---
συνέλαβον	sune/labon	συλλαμβάνω	sullamba/nw	v3paia---
συνέλαβον	sune/labon	συλλαμβάνω	sullamba/nw	v1saia---
συνέξουσίν	sune/cousi/n	συνόχωκα	suno/xwka	v-pfpamd-
συνέξουσίν	sune/cousi/n	συνόχωκα	suno/xwka	v-pfpand-
συνέξουσίν	sune/cousi/n	συνόχωκα	suno/xwka	v3pfia---
συνέπνιγον	sune/pnigon	συμπνίγω	sumpni/gw	v3piia---
συνέπνιγον	sune/pnigon	συμπνίγω	sumpni/gw	v1siia---
συνέσει	sune/sei	σύνειμι1	su/neimi1	v2sfim---
συνέσει	sune/sei	σύνεσις	su/nesis	n-d---fn-
συνέσει	sune/sei	σύνεσις	su/nesis	n-d---fv-
συνέσει	sune/sei	σύνεσις	su/nesis	n-d---fa-
συνέσει	sune/sei	σύνεσις	su/nesis	n-s---fd-
συνέσει	sune/sei	σύνεσις	su/nesis	n-s---fd-
συνέχαιρον	sune/xairon	συγχαίρω	sugxai/rw	v3piia---
συνέχαιρον	sune/xairon	συγχαίρω	sugxai/rw	v1siia---
συνέχομαι	sune/xomai	συνόχωκα	suno/xwka	v1spie---
συνέχοντες	sune/xontes	συνόχωκα	suno/xwka	v-pppamn-
συνέχοντες	sune/xontes	συνόχωκα	suno/xwka	v-pppamv-
συνέχουσίν	sune/xousi/n	συνόχωκα	suno/xwka	v-pppamd-
συνέχουσίν	sune/xousi/n	συνόχωκα	suno/xwka	v-pppand-
συνέχουσίν	sune/xousi/n	συνόχωκα	suno/xwka	v3ppia---
συνήντησεν	sunh/nthsen	συναντάω	sunanta/w	v3saia---
συνήρχοντο	sunh/rxonto	συνάρχω	suna/rxw	v3piie---
συνήρχοντο	sunh/rxonto	συνέρχομαι	sune/rxomai	v3piie---
συνήχθη	sunh/xqh	συνάγω	suna/gw	v3saip---
συνῆκαν	sunh=kan	συνίημι	suni/hmi	v3paia---
συνῆσαν	sunh=san	σύνειμι1	su/neimi1	v3piia---
σφόδρα	sfo/dra	σφόδρα	sfo/dra	d--------
σχίσας	sxi/sas	σχίζω	sxi/zw	v-sapamn-
σχίσας	sxi/sas	σχίζω	sxi/zw	v-sapamv-
σχίσας	sxi/sas	σχίζω	sxi/zw	v2saia---
σχίσει	sxi/sei	σχίσις	sxi/sis	n-d---fn-
σχίσει	sxi/sei	σχίσις	sxi/sis	n-d---fv-
σχίσει	sxi/sei	σχίσις	sxi/sis	n-d---fa-
σχίσει	sxi/sei	σχίσις	sxi/sis	n-s---fd-
σχίσει	sxi/sei	σχίσις	sxi/sis	n-s---fd-
σχίσει	sxi/sei	σχίζω	sxi/zw	v3sasa---
σχίσει	sxi/sei	σχίζω	sxi/zw	v2sfim---
σχίσει	sxi/sei	σχίζω	sxi/zw	v3sfia---
σωθήσεται	swqh/setai	σώζω	sw/zw	v3sfip---
σωθῆναι	swqh=nai	σώζω	sw/zw	v--anp---
σωθῶσιν	swqw=sin	σώζω	sw/zw	v3pasp---
σωματικῷ	swmatikw=|	σωματικός	swmatiko/s	a-s---md-
σωματικῷ	swmatikw=|	σωματικός	swmatiko/s	a-s---nd-
σωσάτω	swsa/tw	σώζω	sw/zw	v3sama---
σωτηρία	swthri/a	σωτηρία	swthri/a	n-d---fn-
σωτηρία	swthri/a	σωτηρία	swthri/a	n-d---fv-
σωτηρία	swthri/a	σωτηρία	swthri/a	n-d---fa-
σωτηρία	swthri/a	σωτηρία	swthri/a	n-s---fn-
σωτηρία	swthri/a	σωτηρία	swthri/a	n-s---fv-
σωτηρίαν	swthri/an	σωτηρία	swthri/a	n-s---fa-
σωτηρίας	swthri/as	σωτηρία	swthri/a	n-p---fa-
σωτηρίας	swthri/as	σωτηρία	swthri/a	n-s---fg-
σωτήρ	swth/r	σωτήρ	swth/r	n-s---mn-
σωτήριον	swth/rion	σωτήριος	swth/rios	n-s---ma-
σωτήριον	swth/rion	σωτήριος	swth/rios	n-s---fa-
σωτήριον	swth/rion	σωτήριος	swth/rios	n-s---nn-
σωτήριον	swth/rion	σωτήριος	swth/rios	n-s---nv-
σωτήριον	swth/rion	σωτήριος	swth/rios	n-s---na-
σωτήριόν	swth/rio/n	σωτήριος	swth/rios	n-s---ma-
σωτήριόν	swth/rio/n	σωτήριος	swth/rios	n-s---fa-
σωτήριόν	swth/rio/n	σωτήριος	swth/rios	n-s---nn-
σωτήριόν	swth/rio/n	σωτήριος	swth/rios	n-s---nv-
σωτήριόν	swth/rio/n	σωτήριος	swth/rios	n-s---na-
σωτῆρί	swth=ri/	σωτήρ	swth/r	n-s---md-
σωφρονοῦντα	swfronou=nta	σωφρονέω	swfrone/w	v-pppann-
σωφρονοῦντα	swfronou=nta	σωφρονέω	swfrone/w	v-pppanv-
σωφρονοῦντα	swfronou=nta	σωφρονέω	swfrone/w	v-pppana-
σωφρονοῦντα	swfronou=nta	σωφρονέω	swfrone/w	v-sppama-
σά	sa/	σός	so/s	a-p---nn-
σά	sa/	σός	so/s	a-p---nv-
σά	sa/	σός	so/s	a-p---na-
σά	sa/	σός	so/s	a-d---fn-
σά	sa/	σός	so/s	a-d---fv-
σά	sa/	σός	so/s	a-d---fa-
σά	sa/	σός	so/s	a-s---fn-
σά	sa/	σός	so/s	a-s---fv-
σάββατον	sa/bbaton	σάββατον	sa/bbaton	n-s---nn-
σάββατον	sa/bbaton	σάββατον	sa/bbaton	n-s---nv-
σάββατον	sa/bbaton	σάββατον	sa/bbaton	n-s---na-
σάκκῳ	sa/kkw|	σάκκος	sa/kkos	n-s---md-
σάλου	sa/lou	σάλος	sa/los	n-s---mg-
σάρκα	sa/rka	σάρξ	sa/rc	n-s---fa-
σάρκα	sa/rka	σαρκάω	sarka/w	v2spma---
σάρκα	sa/rka	σαρκάω	sarka/w	v3siia---
σάρξ	sa/rc	σάρξ	sa/rc	n-s---fn-
σάρξ	sa/rc	σάρξ	sa/rc	n-s---fv-
σάτα	sa/ta	σάτον	sa/ton	n-p---nn-
σάτα	sa/ta	σάτον	sa/ton	n-p---nv-
σάτα	sa/ta	σάτον	sa/ton	n-p---na-
σέ	se/	σός	so/s	a-s---mv-
σέ	se/	σύ	su/	p-s----a-
σέ	se/	σύ	su/	p-s----a-
σέ’	se/'	σέω	se/w	v2spme---
σέ’	se/'	σέω	se/w	v2spma---
σέ’	se/'	σέω	se/w	v2spie---
σέ’	se/'	σέω	se/w	v2spie---
σέ’	se/'	σέω	se/w	v2siie---
σέ’	se/'	σέω	se/w	v3siia---
σέ’	se/'	σής	sh/s	n-s---ma-
σέ’	se/'	σής	sh/s	n-d---mn-
σέ’	se/'	σής	sh/s	n-d---mv-
σέ’	se/'	σής	sh/s	n-d---ma-
σέ’	se/'	σύ	su/	p-s----g-
σέ’	se/'	σύ	su/	p-s----g-
σέσωκέν	se/swke/n	σώζω	sw/zw	v3sria---
σέσωκέν	se/swke/n	σώζω	sw/zw	v3plia---
σήμερον	sh/meron	σήμερον	sh/meron	d--------
σής	sh/s	σής	sh/s	n-s---mn-
σής	sh/s	σής	sh/s	n-s---mn-
σίκερα	si/kera	σίκερα	si/kera	n-s---nn-
σίκερα	si/kera	σίκερα	si/kera	n-s---nv-
σίκερα	si/kera	σίκερα	si/kera	n-s---na-
σίτου	si/tou	σῖτος	si=tos	n-s---mg-
σόν	so/n	σός	so/s	a-s---ma-
σόν	so/n	σός	so/s	a-s---nn-
σόν	so/n	σός	so/s	a-s---nv-
σόν	so/n	σός	so/s	a-s---na-
σύ	su/	σύ	su/	p-s----n-
σύ’	su/'	ὗς	u(=s	n-d---mn-
σύ’	su/'	ὗς	u(=s	n-d---mv-
σύ’	su/'	ὗς	u(=s	n-d---ma-
σύ’	su/'	ὗς	u(=s	n-d---fn-
σύ’	su/'	ὗς	u(=s	n-d---fv-
σύ’	su/'	ὗς	u(=s	n-d---fa-
σύν	su/n	σύν	su/n	r--------
σώματι	sw/mati	σῶμα	sw=ma	n-s---nd-
σώματός	sw/mato/s	σῶμα	sw=ma	n-s---ng-
σώσει	sw/sei	σώζω	sw/zw	v3sasa---
σώσει	sw/sei	σώζω	sw/zw	v2sfim---
σώσει	sw/sei	σώζω	sw/zw	v3sfia---
σῖτον	si=ton	σῖτος	si=tos	n-s---ma-
σῦκα	su=ka	σῦκον	su=kon	n-p---nn-
σῦκα	su=ka	σῦκον	su=kon	n-p---nv-
σῦκα	su=ka	σῦκον	su=kon	n-p---na-
σῳζόμενοι	sw|zo/menoi	σώζω	sw/zw	v-pppemn-
σῳζόμενοι	sw|zo/menoi	σώζω	sw/zw	v-pppemv-
σῶμα	sw=ma	σῶμα	sw=ma	n-s---nn-
σῶμα	sw=ma	σῶμα	sw=ma	n-s---nv-
σῶμα	sw=ma	σῶμα	sw=ma	n-s---na-
σῶμά	sw=ma/	σῶμα	sw=ma	n-s---nn-
σῶμά	sw=ma/	σῶμα	sw=ma	n-s---nv-
σῶμά	sw=ma/	σῶμα	sw=ma	n-s---na-
σῶσαι	sw=sai	σώζω	sw/zw	v2samm---
σῶσαι	sw=sai	σώζω	sw/zw	v--ana---
σῶσον	sw=son	σώζω	sw/zw	v2sama---
σῶσον	sw=son	σώζω	sw/zw	v-sfpamv-
σῶσον	sw=son	σώζω	sw/zw	v-sfpann-
σῶσον	sw=son	σώζω	sw/zw	v-sfpanv-
σῶσον	sw=son	σώζω	sw/zw	v-sfpana-
ταμείοις	tamei/ois	ταμεῖον	tamei=on	n-p---nd-
ταμεῖον	tamei=on	ταμεῖον	tamei=on	n-s---nn-
ταμεῖον	tamei=on	ταμεῖον	tamei=on	n-s---nv-
ταμεῖον	tamei=on	ταμεῖον	tamei=on	n-s---na-
ταπεινούς	tapeinou/s	ταπεινός	tapeino/s	a-p---ma-
ταπεινωθήσεται	tapeinwqh/setai	ταπεινόω	tapeino/w	v3sfip---
ταπεινῶν	tapeinw=n	ταπεινός	tapeino/s	a-p---fg-
ταπεινῶν	tapeinw=n	ταπεινός	tapeino/s	a-p---mg-
ταπεινῶν	tapeinw=n	ταπεινός	tapeino/s	a-p---ng-
ταπεινῶν	tapeinw=n	ταπεινόω	tapeino/w	v-sppamv-
ταπεινῶν	tapeinw=n	ταπεινόω	tapeino/w	v-sppann-
ταπεινῶν	tapeinw=n	ταπεινόω	tapeino/w	v-sppanv-
ταπεινῶν	tapeinw=n	ταπεινόω	tapeino/w	v-sppana-
ταπεινῶν	tapeinw=n	ταπεινόω	tapeino/w	v-sppamn-
ταπεινῶν	tapeinw=n	ταπεινόω	tapeino/w	v--pna---
ταπείνωσιν	tapei/nwsin	ταπείνωσις	tapei/nwsis	n-s---fa-
τασσόμενος	tasso/menos	τάσσω	ta/ssw	v-sppemn-
ταχέως	taxe/ws	ταχέως	taxe/ws	d--------
ταχέως	taxe/ws	ταχύς	taxu/s	x--------
ταύταις	tau/tais	οὗτος	ou(=tos	n-p---fd-
ταύτας	tau/tas	οὗτος	ou(=tos	n-p---fa-
ταύτας	tau/tas	οὗτος	ou(=tos	n-s---fg-
ταύτην	tau/thn	οὗτος	ou(=tos	n-s---fa-
ταύτης	tau/ths	οὗτος	ou(=tos	n-s---fg-
ταύτῃ	tau/th|	οὗτος	ou(=tos	n-s---fd-
ταύτῃ	tau/th|	ταύτῃ	tau/th|	d--------
ταῖς	tai=s	ὁ	o(	l-p---fd-
ταῦτα	tau=ta	οὗτος	ou(=tos	n-p---nn-
ταῦτα	tau=ta	οὗτος	ou(=tos	n-p---nv-
ταῦτα	tau=ta	οὗτος	ou(=tos	n-p---na-
τε	te	τε	te	g--------
τεθεραπευμέναι	teqerapeume/nai	θεραπεύω	qerapeu/w	v-prpefn-
τεθεραπευμέναι	teqerapeume/nai	θεραπεύω	qerapeu/w	v-prpefv-
τεθεραπευμέναι	teqerapeume/nai	θεραπεύω	qerapeu/w	v-srpefd-
τεθνηκώς	teqnhkw/s	θνήσκω	qnh/skw	v-srpamn-
τεθνηκώς	teqnhkw/s	θνήσκω	qnh/skw	v-srpamv-
τεθραμμένος	teqramme/nos	τρέφω	tre/fw	v-srpemn-
τεθραυσμένους	teqrausme/nous	θραύω	qrau/w	v-prpema-
τεκεῖν	tekei=n	τίκτω	ti/ktw	v--ana---
τεκεῖν	tekei=n	τίκτω	ti/ktw	v--fna---
τελειοῦμαι	teleiou=mai	τελειόω	teleio/w	v1spie---
τελειωσάντων	teleiwsa/ntwn	τελειόω	teleio/w	v-papamg-
τελειωσάντων	teleiwsa/ntwn	τελειόω	teleio/w	v-papang-
τελειωσάντων	teleiwsa/ntwn	τελειόω	teleio/w	v3pama---
τελεσθήσεται	telesqh/setai	τελέω	tele/w	v3sfip---
τελεσθῆναι	telesqh=nai	τελέω	tele/w	v--anp---
τελεσθῇ	telesqh=|	τελέω	tele/w	v3sasp---
τελεσφοροῦσιν	telesforou=sin	τελεσφορέω	telesfore/w	v-pppamd-
τελεσφοροῦσιν	telesforou=sin	τελεσφορέω	telesfore/w	v-pppand-
τελεσφοροῦσιν	telesforou=sin	τελεσφορέω	telesfore/w	v3ppia---
τελευτᾶν	teleuta=n	τελευτάω	teleuta/w	v-sppamv-
τελευτᾶν	teleuta=n	τελευτάω	teleuta/w	v-sppann-
τελευτᾶν	teleuta=n	τελευτάω	teleuta/w	v-sppanv-
τελευτᾶν	teleuta=n	τελευτάω	teleuta/w	v-sppana-
τελευτᾶν	teleuta=n	τελευτάω	teleuta/w	v-sppamn-
τελευτᾶν	teleuta=n	τελευτάω	teleuta/w	v--pna---
τελευτᾶν	teleuta=n	τελευτάω	teleuta/w	v--pna---
τελευτᾶν	teleuta=n	τελευτή	teleuth/	n-p---fg-
τελείωσις	telei/wsis	τελείωσις	telei/wsis	n-s---fn-
τελωνῶν	telwnw=n	τελώνης	telw/nhs	n-p---mg-
τελωνῶν	telwnw=n	τελωνέω	telwne/w	v-sppamn-
τελώνην	telw/nhn	τελώνης	telw/nhs	n-s---ma-
τελώνης	telw/nhs	τελώνης	telw/nhs	n-s---mn-
τελώνης	telw/nhs	τελωνέω	telwne/w	v2siia---
τελώνιον	telw/nion	τελώνιον	telw/nion	n-s---nn-
τελώνιον	telw/nion	τελώνιον	telw/nion	n-s---nv-
τελώνιον	telw/nion	τελώνιον	telw/nion	n-s---na-
τελώνιον	telw/nion	τελωνέω	telwne/w	v3piia---
τελώνιον	telw/nion	τελωνέω	telwne/w	v1siia---
τελῶναι	telw=nai	τελώνης	telw/nhs	n-p---mn-
τελῶναι	telw=nai	τελώνης	telw/nhs	n-p---mv-
τεσσεράκοντα	tessera/konta	τεσσαράκοντα	tessara/konta	m--------
τεσσάρων	tessa/rwn	τέσσαρες	te/ssares	n-p---mg-
τεσσάρων	tessa/rwn	τέσσαρες	te/ssares	n-p---fg-
τεσσάρων	tessa/rwn	τέσσαρες	te/ssares	n-p---ng-
τεταραγμένοι	tetaragme/noi	ταράσσω	tara/ssw	v-prpemn-
τεταραγμένοι	tetaragme/noi	ταράσσω	tara/ssw	v-prpemv-
τετραπλοῦν	tetraplou=n	τετραπλόος	tetraplo/os	a-s---ma-
τετραπλοῦν	tetraplou=n	τετραπλόος	tetraplo/os	a-s---nn-
τετραπλοῦν	tetraplou=n	τετραπλόος	tetraplo/os	a-s---nv-
τετραπλοῦν	tetraplou=n	τετραπλόος	tetraplo/os	a-s---na-
τι	ti	τις	tis	p-s---nn-
τι	ti	τις	tis	p-s---nv-
τι	ti	τις	tis	p-s---na-
τι’	ti'	τιό	tio/	x--------
τινα	tina	τις	tis	p-s---ma-
τινα	tina	τις	tis	p-s---fa-
τινα	tina	τις	tis	p-p---nn-
τινα	tina	τις	tis	p-p---nv-
τινα	tina	τις	tis	p-p---na-
τινας	tinas	τις	tis	p-p---ma-
τινας	tinas	τις	tis	p-p---fa-
τινες	tines	τις	tis	p-p---mn-
τινες	tines	τις	tis	p-p---mv-
τινες	tines	τις	tis	p-p---fn-
τινες	tines	τις	tis	p-p---fv-
τινι	tini	τις	tis	p-s----d-
τινος	tinos	τις	tis	p-s----g-
τινων	tinwn	τις	tis	p-p----g-
τινά	tina/	τις	tis	p-s---ma-
τινά	tina/	τις	tis	p-s---fa-
τινά	tina/	τις	tis	p-p---nn-
τινά	tina/	τις	tis	p-p---nv-
τινά	tina/	τις	tis	p-p---na-
τινάς	tina/s	τις	tis	p-p---ma-
τινάς	tina/s	τις	tis	p-p---fa-
τινές	tine/s	τις	tis	p-p---mn-
τινές	tine/s	τις	tis	p-p---mv-
τινές	tine/s	τις	tis	p-p---fn-
τινές	tine/s	τις	tis	p-p---fv-
τινί	tini/	τις	tis	p-s----d-
τινός	tino/s	τις	tis	p-s----g-
τις	tis	τις	tis	p-s---mn-
τις	tis	τις	tis	p-s---fn-
τοιαῦτα	toiau=ta	τοιοῦτος	toiou=tos	n-p---nn-
τοιαῦτα	toiau=ta	τοιοῦτος	toiou=tos	n-p---nv-
τοιαῦτα	toiau=ta	τοιοῦτος	toiou=tos	n-p---na-
τοιούτων	toiou/twn	τοιοῦτος	toiou=tos	n-p---mg-
τοιούτων	toiou/twn	τοιοῦτος	toiou=tos	n-p---ng-
τοσαύτην	tosau/thn	τοσοῦτος	tosou=tos	n-s---fa-
τοσαῦτα	tosau=ta	τοσοῦτος	tosou=tos	n-p---nn-
τοσαῦτα	tosau=ta	τοσοῦτος	tosou=tos	n-p---nv-
τοσαῦτα	tosau=ta	τοσοῦτος	tosou=tos	n-p---na-
τούς	tou/s	ὁ	o(	l-p---ma-
τούτοις	tou/tois	οὗτος	ou(=tos	n-p---md-
τούτοις	tou/tois	οὗτος	ou(=tos	n-p---nd-
τούτου	tou/tou	οὗτος	ou(=tos	n-s---mg-
τούτου	tou/tou	οὗτος	ou(=tos	n-s---ng-
τούτους	tou/tous	οὗτος	ou(=tos	n-p---ma-
τούτων	tou/twn	οὗτος	ou(=tos	n-p---mg-
τούτων	tou/twn	οὗτος	ou(=tos	n-p---fg-
τούτων	tou/twn	οὗτος	ou(=tos	n-p---ng-
τούτῳ	tou/tw|	οὗτος	ou(=tos	n-s---md-
τούτῳ	tou/tw|	οὗτος	ou(=tos	n-s---nd-
τοῖς	toi=s	ὁ	o(	l-p---md-
τοῖς	toi=s	ὁ	o(	l-p---nd-
τοῦ	tou=	ὁ	o(	l-s---mg-
τοῦ	tou=	ὁ	o(	l-s---ng-
τοῦ	tou=	τίς	ti/s	n-s----g-
τοῦ	tou=	τις	tis	p-s----g-
τοῦτο	tou=to	οὗτος	ou(=tos	n-s---nn-
τοῦτο	tou=to	οὗτος	ou(=tos	n-s---nv-
τοῦτο	tou=to	οὗτος	ou(=tos	n-s---na-
τοῦτον	tou=ton	οὗτος	ou(=tos	n-s---ma-
τραπέζης	trape/zhs	τράπεζα	tra/peza	n-s---fg-
τραυματίσαντες	traumati/santes	τραυματίζω	traumati/zw	v-papamn-
τραυματίσαντες	traumati/santes	τραυματίζω	traumati/zw	v-papamv-
τραχεῖαι	traxei=ai	τραχύς	traxu/s	a-p---fn-
τραχεῖαι	traxei=ai	τραχύς	traxu/s	a-p---fv-
τραύματα	trau/mata	τραῦμα	trau=ma	n-p---nn-
τραύματα	trau/mata	τραῦμα	trau=ma	n-p---nv-
τραύματα	trau/mata	τραῦμα	trau=ma	n-p---na-
τρεῖς	trei=s	τρέω	tre/w	v2spia---
τρεῖς	trei=s	τρέω	tre/w	v2siia---
τρεῖς	trei=s	τρεῖς	trei=s	m-p---mn-
τρεῖς	trei=s	τρεῖς	trei=s	m-p---mv-
τρεῖς	trei=s	τρεῖς	trei=s	m-p---ma-
τρεῖς	trei=s	τρεῖς	trei=s	m-p---fn-
τρεῖς	trei=s	τρεῖς	trei=s	m-p---fv-
τρεῖς	trei=s	τρεῖς	trei=s	m-p---fa-
τρισίν	trisi/n	τρεῖς	trei=s	m-p---md-
τρισίν	trisi/n	τρεῖς	trei=s	m-p---fd-
τρισίν	trisi/n	τρεῖς	trei=s	m-p---nd-
τριῶν	triw=n	τρεῖς	trei=s	m-p---mg-
τριῶν	triw=n	τρεῖς	trei=s	m-p---fg-
τριῶν	triw=n	τρεῖς	trei=s	m-p---ng-
τριῶν	triw=n	τρίζω	tri/zw	v-sfpamn-
τριῶν	triw=n	τριάξω	tria/cw	v-sfpamv-
τριῶν	triw=n	τριάξω	tria/cw	v-sfpann-
τριῶν	triw=n	τριάξω	tria/cw	v-sfpanv-
τριῶν	triw=n	τριάξω	tria/cw	v-sfpana-
τριῶν	triw=n	τριάξω	tria/cw	v-sfpamn-
τριῶν	triw=n	τριάζω	tria/zw	v-sfpamv-
τριῶν	triw=n	τριάζω	tria/zw	v-sfpann-
τριῶν	triw=n	τριάζω	tria/zw	v-sfpanv-
τριῶν	triw=n	τριάζω	tria/zw	v-sfpana-
τριῶν	triw=n	τριάζω	tria/zw	v-sfpamn-
τροφῆς	trofh=s	τρέφω	tre/fw	v2spia---
τροφῆς	trofh=s	τροφέω	trofe/w	v2spia---
τροφῆς	trofh=s	τροφεύς	trofeu/s	n-p---mn-
τροφῆς	trofh=s	τροφεύς	trofeu/s	n-p---mn-
τροφῆς	trofh=s	τροφεύς	trofeu/s	n-p---mv-
τροφῆς	trofh=s	τροφή	trofh/	n-s---fg-
τρυγόνων	trugo/nwn	τρυγών	trugw/n	n-p---fg-
τρυφῇ	trufh=|	θρύπτω	qru/ptw	v3sasp---
τρυφῇ	trufh=|	τρυφάω	trufa/w	v2spse---
τρυφῇ	trufh=|	τρυφάω	trufa/w	v2spie---
τρυφῇ	trufh=|	τρυφάω	trufa/w	v3spsa---
τρυφῇ	trufh=|	τρυφάω	trufa/w	v3spia---
τρυφῇ	trufh=|	τρυφάω	trufa/w	v2spse---
τρυφῇ	trufh=|	τρυφάω	trufa/w	v2spie---
τρυφῇ	trufh=|	τρυφάω	trufa/w	v3spsa---
τρυφῇ	trufh=|	τρυφή	trufh/	n-s---fd-
τράπεζαν	tra/pezan	τράπεζα	tra/peza	n-s---fa-
τράχηλον	tra/xhlon	τράχηλος	tra/xhlos	n-s---ma-
τρέμουσα	tre/mousa	τρέμω	tre/mw	v-sppafn-
τρέμουσα	tre/mousa	τρέμω	tre/mw	v-sppafv-
τρέφει	tre/fei	τρέφος	tre/fos	n-d---nn-
τρέφει	tre/fei	τρέφος	tre/fos	n-d---nv-
τρέφει	tre/fei	τρέφος	tre/fos	n-d---na-
τρέφει	tre/fei	τρέφος	tre/fos	n-s---nd-
τρέφει	tre/fei	τρέφος	tre/fos	n-s---nd-
τρέφει	tre/fei	τρέφω	tre/fw	v2spie---
τρέφει	tre/fei	τρέφω	tre/fw	v3spia---
τρία	tri/a	τρεῖς	trei=s	m-p---nn-
τρία	tri/a	τρεῖς	trei=s	m-p---nv-
τρία	tri/a	τρεῖς	trei=s	m-p---na-
τρία	tri/a	τρία	tri/a	n-p---nn-
τρία	tri/a	τρία	tri/a	n-p---nv-
τρία	tri/a	τρία	tri/a	n-p---na-
τρίβους	tri/bous	τρίβος	tri/bos	n-p---ma-
τρίβους	tri/bous	τρίβος	tri/bos	n-p---fa-
τρίς	tri/s	τρίς	tri/s	d--------
τρίτην	tri/thn	τρίτος	tri/tos	a-s---fa-
τρίτην	tri/thn	τριτάω	trita/w	v3piia---
τρίτην	tri/thn	τριτάω	trita/w	v1siia---
τρίτον	tri/ton	τρίτος	tri/tos	a-s---ma-
τρίτον	tri/ton	τρίτος	tri/tos	a-s---nn-
τρίτον	tri/ton	τρίτος	tri/tos	a-s---nv-
τρίτον	tri/ton	τρίτος	tri/tos	a-s---na-
τρίτος	tri/tos	τρίτος	tri/tos	a-s---mn-
τρίτῃ	tri/th|	τρίτος	tri/tos	a-s---fd-
τρίχες	tri/xes	θρίξ	qri/c	n-p---fn-
τρίχες	tri/xes	θρίξ	qri/c	n-p---fv-
τρόπον	tro/pon	τρόπος	tro/pos	n-s---ma-
τυφλοί	tufloi/	τυφλός	tuflo/s	a-p---mn-
τυφλοί	tufloi/	τυφλός	tuflo/s	a-p---mv-
τυφλοί	tufloi/	τυφλόω	tuflo/w	v2spse---
τυφλοί	tufloi/	τυφλόω	tuflo/w	v2spie---
τυφλοί	tufloi/	τυφλόω	tuflo/w	v3spsa---
τυφλούς	tuflou/s	τυφλός	tuflo/s	a-p---ma-
τυφλοῖς	tufloi=s	τυφλός	tuflo/s	a-p---md-
τυφλοῖς	tufloi=s	τυφλός	tuflo/s	a-p---nd-
τυφλοῖς	tufloi=s	τυφλόω	tuflo/w	v2spoa---
τυφλοῖς	tufloi=s	τυφλόω	tuflo/w	v2spsa---
τυφλοῖς	tufloi=s	τυφλόω	tuflo/w	v2spia---
τυφλόν	tuflo/n	τυφλός	tuflo/s	a-s---ma-
τυφλόν	tuflo/n	τυφλός	tuflo/s	a-s---nn-
τυφλόν	tuflo/n	τυφλός	tuflo/s	a-s---nv-
τυφλόν	tuflo/n	τυφλός	tuflo/s	a-s---na-
τυφλός	tuflo/s	τυφλός	tuflo/s	a-s---mn-
τυχεῖν	tuxei=n	τυγχάνω	tugxa/nw	v--ana---
τά	ta/	ὁ	o(	l-p---na-
τά	ta/	ὁ	o(	l-p---nn-
τά	ta/	ὁ	o(	l-p---nv-
τά	ta/	ὁ	o(	l-p---na-
τά	ta/	ὁ	o(	l-d---fa-
τά	ta/	ὁ	o(	l-d---fn-
τά	ta/	ὁ	o(	l-d---fv-
τά	ta/	ὁ	o(	l-d---fa-
τά	ta/	τίς	ti/s	n-p---nn-
τά	ta/	τίς	ti/s	n-p---nv-
τά	ta/	τίς	ti/s	n-p---na-
τάξει	ta/cei	τάξις	ta/cis	n-d---fn-
τάξει	ta/cei	τάξις	ta/cis	n-d---fv-
τάξει	ta/cei	τάξις	ta/cis	n-d---fa-
τάξει	ta/cei	τάξις	ta/cis	n-s---fd-
τάξει	ta/cei	τάξις	ta/cis	n-s---fd-
τάξει	ta/cei	τάσσω	ta/ssw	v3sasa---
τάξει	ta/cei	τάσσω	ta/ssw	v2sfim---
τάξει	ta/cei	τάσσω	ta/ssw	v3sfia---
τάξει	ta/cei	τήκω	th/kw	v2sfim---
τάξει	ta/cei	τήκω	th/kw	v3sfia---
τάς	ta/s	ὁ	o(	l-p---fa-
τάχει	ta/xei	τάχος	ta/xos	n-d---nn-
τάχει	ta/xei	τάχος	ta/xos	n-d---nv-
τάχει	ta/xei	τάχος	ta/xos	n-d---na-
τάχει	ta/xei	τάχος	ta/xos	n-s---nd-
τάχει	ta/xei	τάχος	ta/xos	n-s---nd-
τέκνα	te/kna	τέκνον	te/knon	n-p---nn-
τέκνα	te/kna	τέκνον	te/knon	n-p---nv-
τέκνα	te/kna	τέκνον	te/knon	n-p---na-
τέκνοις	te/knois	τέκνον	te/knon	n-p---nd-
τέκνον	te/knon	τέκνον	te/knon	n-s---nn-
τέκνον	te/knon	τέκνον	te/knon	n-s---nv-
τέκνον	te/knon	τέκνον	te/knon	n-s---na-
τέκνων	te/knwn	τέκνον	te/knon	n-p---ng-
τέκνων	te/knwn	τεκνόω	tekno/w	v3piia---
τέκνων	te/knwn	τεκνόω	tekno/w	v1siia---
τέλος	te/los	τέλος	te/los	n-s---nn-
τέλος	te/los	τέλος	te/los	n-s---nv-
τέλος	te/los	τέλος	te/los	n-s---na-
τέξῃ	te/ch|	τέξις	te/cis	n-s---fd-
τέξῃ	te/ch|	τίκτω	ti/ktw	v2sfim---
τήν	th/n	ὁ	o(	l-s---fa-
τί	ti/	τίς	ti/s	n-s---nn-
τί	ti/	τίς	ti/s	n-s---nv-
τί	ti/	τίς	ti/s	n-s---na-
τί	ti/	τις	tis	p-s---nn-
τί	ti/	τις	tis	p-s---nv-
τί	ti/	τις	tis	p-s---na-
τί’	ti/'	τίω	ti/w	v2spma---
τί’	ti/'	τίω	ti/w	v3siia---
τίθησιν	ti/qhsin	τίθημι	ti/qhmi	v3spia---
τίνα	ti/na	τίς	ti/s	n-s---ma-
τίνα	ti/na	τίς	ti/s	n-s---fa-
τίνα	ti/na	τίς	ti/s	n-p---nn-
τίνα	ti/na	τίς	ti/s	n-p---nv-
τίνα	ti/na	τίς	ti/s	n-p---na-
τίνα	ti/na	τις	tis	p-s---ma-
τίνα	ti/na	τις	tis	p-s---fa-
τίνα	ti/na	τις	tis	p-p---nn-
τίνα	ti/na	τις	tis	p-p---nv-
τίνα	ti/na	τις	tis	p-p---na-
τίνι	ti/ni	τίς	ti/s	n-s----d-
τίνι	ti/ni	τις	tis	p-s----d-
τίνος	ti/nos	τίς	ti/s	n-s----g-
τίνος	ti/nos	τις	tis	p-s----g-
τίς	ti/s	τίς	ti/s	n-s---mn-
τίς	ti/s	τίς	ti/s	n-s---fn-
τίς	ti/s	τις	tis	p-s---mn-
τίς	ti/s	τις	tis	p-s---fn-
τό	to/	ὁ	o(	l-s---nn-
τό	to/	ὁ	o(	l-s---nv-
τό	to/	ὁ	o(	l-s---na-
τό’	to/'	σύ	su/	p-s----d-
τό’	to/'	τοι	toi	g--------
τόκῳ	to/kw|	τόκος	to/kos	n-s---md-
τόν	to/n	ὁ	o(	l-s---ma-
τόν’	to/n'	τόνος	to/nos	n-s---mv-
τόπον	to/pon	τόπος	to/pos	n-s---ma-
τόπος	to/pos	τόπος	to/pos	n-s---mn-
τόπου	to/pou	τόπος	to/pos	n-s---mg-
τόπων	to/pwn	τόπος	to/pos	n-p---mg-
τόπῳ	to/pw|	τόπος	to/pos	n-s---md-
τότε	to/te	τότε	to/te	d--------
τύπτειν	tu/ptein	τύπτω	tu/ptw	v--pna---
τύπτοντες	tu/ptontes	τύπτω	tu/ptw	v-pppamn-
τύπτοντες	tu/ptontes	τύπτω	tu/ptw	v-pppamv-
τύπτοντί	tu/ptonti/	τύπτω	tu/ptw	v-sppamd-
τύπτοντί	tu/ptonti/	τύπτω	tu/ptw	v-sppand-
τύπτοντί	tu/ptonti/	τύπτω	tu/ptw	v3ppia---
τῆς	th=s	ὁ	o(	l-s---fg-
τῇ	th=|	ὁ	o(	l-s---fd-
τῇ	th=|	τῇ	th=|	d--------
τῇδε	th=|de	ὅδε	o(/de	n-s---fd-
τῇδε	th=|de	τῇδε	th=|de	d--------
τῶν	tw=n	ὁ	o(	l-p---fg-
τῶν	tw=n	ὁ	o(	l-p---mg-
τῶν	tw=n	ὁ	o(	l-p---ng-
τῷ	tw=|	ὁ	o(	l-s---md-
τῷ	tw=|	ὁ	o(	l-s---nd-
τῷ	tw=|	τίς	ti/s	n-s----d-
τῷ	tw=|	τις	tis	p-s----d-
τῷ	tw=|	τῷ	tw=|	d--------
υἱοί	ui(oi/	υἱός	ui(o/s	n-p---mn-
υἱοί	ui(oi/	υἱός	ui(o/s	n-p---mv-
υἱοί	ui(oi/	υἱόω	ui(o/w	v2spse---
υἱοί	ui(oi/	υἱόω	ui(o/w	v2spie---
υἱοί	ui(oi/	υἱόω	ui(o/w	v3spsa---
υἱούς	ui(ou/s	υἱός	ui(o/s	n-p---ma-
υἱοῦ	ui(ou=	υἱός	ui(o/s	n-s---mg-
υἱοῦ	ui(ou=	υἱόω	ui(o/w	v2siie---
υἱοῦ	ui(ou=	υἱόω	ui(o/w	v2spme---
υἱέ	ui(e/	υἱός	ui(o/s	n-s---mv-
υἱόν	ui(o/n	υἱός	ui(o/s	n-s---ma-
υἱός	ui(o/s	υἱός	ui(o/s	n-s---mn-
υἱῶν	ui(w=n	υἱός	ui(o/s	n-p---mg-
υἱῶν	ui(w=n	υἱόω	ui(o/w	v-sppamv-
υἱῶν	ui(w=n	υἱόω	ui(o/w	v-sppann-
υἱῶν	ui(w=n	υἱόω	ui(o/w	v-sppanv-
υἱῶν	ui(w=n	υἱόω	ui(o/w	v-sppana-
υἱῶν	ui(w=n	υἱόω	ui(o/w	v-sppamn-
υἱῶν	ui(w=n	υἱόω	ui(o/w	v--pna---
υἱῷ	ui(w=|	υἱός	ui(o/s	n-s---md-
φαγεῖν	fagei=n	ἐσθίω	e)sqi/w	v--ana---
φαγόντες	fago/ntes	ἐσθίω	e)sqi/w	v-papamn-
φαγόντες	fago/ntes	ἐσθίω	e)sqi/w	v-papamv-
φανερόν	fanero/n	φανερός	fanero/s	a-s---ma-
φανερόν	fanero/n	φανερός	fanero/s	a-s---nn-
φανερόν	fanero/n	φανερός	fanero/s	a-s---nv-
φανερόν	fanero/n	φανερός	fanero/s	a-s---na-
φανερόν	fanero/n	φανερός	fanero/s	n-s---ma-
φανερόν	fanero/n	φανερός	fanero/s	n-s---fa-
φανερόν	fanero/n	φανερός	fanero/s	n-s---nn-
φανερόν	fanero/n	φανερός	fanero/s	n-s---nv-
φανερόν	fanero/n	φανερός	fanero/s	n-s---na-
φευγέτωσαν	feuge/twsan	φεύγω	feu/gw	v3ppma---
φιλονεικία	filoneiki/a	φιλονεικία	filoneiki/a	n-d---fn-
φιλονεικία	filoneiki/a	φιλονεικία	filoneiki/a	n-d---fv-
φιλονεικία	filoneiki/a	φιλονεικία	filoneiki/a	n-d---fa-
φιλονεικία	filoneiki/a	φιλονεικία	filoneiki/a	n-s---fn-
φιλονεικία	filoneiki/a	φιλονεικία	filoneiki/a	n-s---fv-
φιλούντων	filou/ntwn	φιλέω	file/w	v-pppamg-
φιλούντων	filou/ntwn	φιλέω	file/w	v-pppang-
φιλούντων	filou/ntwn	φιλέω	file/w	v3ppma---
φιλούντων	filou/ntwn	φιλόω	filo/w	v-pppamg-
φιλούντων	filou/ntwn	φιλόω	filo/w	v-pppang-
φιλούντων	filou/ntwn	φιλόω	filo/w	v3ppma---
φιλάργυροι	fila/rguroi	φιλάργυρος	fila/rguros	n-p---mn-
φιλάργυροι	fila/rguroi	φιλάργυρος	fila/rguros	n-p---mv-
φιλάργυροι	fila/rguroi	φιλάργυρος	fila/rguros	n-p---fn-
φιλάργυροι	fila/rguroi	φιλάργυρος	fila/rguros	n-p---fv-
φιλήματι	filh/mati	φίλημα	fi/lhma	n-s---nd-
φιλῆσαι	filh=sai	φιλέω	file/w	v--ana---
φλογί	flogi/	φλόξ	flo/c	n-s---fd-
φλογί	flogi/	φλογίς	flogi/s	n-s---fv-
φοβεῖσθε	fobei=sqe	φοβέω	fobe/w	v2ppme---
φοβεῖσθε	fobei=sqe	φοβέω	fobe/w	v2ppoe---
φοβεῖσθε	fobei=sqe	φοβέω	fobe/w	v2ppie---
φοβεῖσθε	fobei=sqe	φοβέω	fobe/w	v2piie---
φοβηθέντες	fobhqe/ntes	φοβέω	fobe/w	v-pappmn-
φοβηθέντες	fobhqe/ntes	φοβέω	fobe/w	v-pappmv-
φοβηθῆτε	fobhqh=te	φοβέω	fobe/w	v2pasp---
φοβουμένοις	foboume/nois	φοβέω	fobe/w	v-pppemd-
φοβουμένοις	foboume/nois	φοβέω	fobe/w	v-pppend-
φοβούμενος	fobou/menos	φοβέω	fobe/w	v-sppemn-
φοβοῦ	fobou=	φοβέω	fobe/w	v2spme---
φοβοῦ	fobou=	φοβέω	fobe/w	v2siie---
φοβοῦμαι	fobou=mai	φοβέω	fobe/w	v1spie---
φοβήθητε	fobh/qhte	φοβέω	fobe/w	v2paip---
φοβῇ	fobh=|	φοβέω	fobe/w	v2spse---
φοβῇ	fobh=|	φοβέω	fobe/w	v2spie---
φοβῇ	fobh=|	φοβέω	fobe/w	v3spsa---
φονεύσῃς	foneu/sh|s	φονάω	fona/w	v-pppafd-
φονεύσῃς	foneu/sh|s	φονεύω	foneu/w	v2sasa---
φονεύσῃς	foneu/sh|s	φονόω	fono/w	v-pppafd-
φορτία	forti/a	φορτίον	forti/on	n-p---nn-
φορτία	forti/a	φορτίον	forti/on	n-p---nv-
φορτία	forti/a	φορτίον	forti/on	n-p---na-
φορτίζετε	forti/zete	φορτίζω	forti/zw	v2ppma---
φορτίζετε	forti/zete	φορτίζω	forti/zw	v2ppia---
φορτίζετε	forti/zete	φορτίζω	forti/zw	v2piia---
φορτίοις	forti/ois	φορτίον	forti/on	n-p---nd-
φραγμούς	fragmou/s	φραγμός	fragmo/s	n-p---ma-
φρονιμώτεροι	fronimw/teroi	φρόνιμος	fro/nimos	n-p---mn-
φρονιμώτεροι	fronimw/teroi	φρόνιμος	fro/nimos	n-p---mv-
φρονήσει	fronh/sei	φρόνησις	fro/nhsis	n-d---fn-
φρονήσει	fronh/sei	φρόνησις	fro/nhsis	n-d---fv-
φρονήσει	fronh/sei	φρόνησις	fro/nhsis	n-d---fa-
φρονήσει	fronh/sei	φρόνησις	fro/nhsis	n-s---fd-
φρονήσει	fronh/sei	φρόνησις	fro/nhsis	n-s---fd-
φρονήσει	fronh/sei	φρονέω	frone/w	v3sasa---
φρονήσει	fronh/sei	φρονέω	frone/w	v2sfim---
φρονήσει	fronh/sei	φρονέω	frone/w	v3sfia---
φρονίμως	froni/mws	φρόνιμος	fro/nimos	x--------
φρονίμως	froni/mws	φρόνιμος	fro/nimos	n-p---ma-
φρονίμως	froni/mws	φρόνιμος	fro/nimos	n-p---fa-
φρέαρ	fre/ar	φρέαρ	fre/ar	n-s---nn-
φρέαρ	fre/ar	φρέαρ	fre/ar	n-s---nv-
φρέαρ	fre/ar	φρέαρ	fre/ar	n-s---na-
φρόνιμος	fro/nimos	φρόνιμος	fro/nimos	n-s---mn-
φρόνιμος	fro/nimos	φρόνιμος	fro/nimos	n-s---fn-
φυγεῖν	fugei=n	φεύγω	feu/gw	v--ana---
φυλακάς	fulaka/s	φυλακή	fulakh/	n-p---fa-
φυλακήν	fulakh/n	φυλακή	fulakh/	n-s---fa-
φυλακῇ	fulakh=|	φυλακεύς	fulakeu/s	n-s---md-
φυλακῇ	fulakh=|	φυλακή	fulakh/	n-s---fd-
φυλασσόμενος	fulasso/menos	φυλάσσω	fula/ssw	v-sppemn-
φυλασσόμενος	fulasso/menos	φυλάζω	fula/zw	v-sfpmmn-
φυλάς	fula/s	φυλή	fulh/	n-p---fa-
φυλάσσεσθε	fula/ssesqe	φυλάσσω	fula/ssw	v2ppme---
φυλάσσεσθε	fula/ssesqe	φυλάσσω	fula/ssw	v2ppie---
φυλάσσεσθε	fula/ssesqe	φυλάσσω	fula/ssw	v2piie---
φυλάσσεσθε	fula/ssesqe	φυλάζω	fula/zw	v2pfim---
φυλάσσοντες	fula/ssontes	φυλάσσω	fula/ssw	v-pppamn-
φυλάσσοντες	fula/ssontes	φυλάσσω	fula/ssw	v-pppamv-
φυλάσσοντες	fula/ssontes	φυλάζω	fula/zw	v-pfpamn-
φυλάσσοντες	fula/ssontes	φυλάζω	fula/zw	v-pfpamv-
φυλάσσῃ	fula/ssh|	φυλάσσω	fula/ssw	v2spse---
φυλάσσῃ	fula/ssh|	φυλάσσω	fula/ssw	v2spie---
φυλάσσῃ	fula/ssh|	φυλάσσω	fula/ssw	v3spsa---
φυλάσσῃ	fula/ssh|	φυλάζω	fula/zw	v2sasm---
φυλάσσῃ	fula/ssh|	φυλάζω	fula/zw	v3sasa---
φυλάσσῃ	fula/ssh|	φυλάζω	fula/zw	v2sfim---
φυλῆς	fulh=s	φυλάζω	fula/zw	v2sfia---
φυλῆς	fulh=s	φυλή	fulh/	n-s---fg-
φυτεύθητι	futeu/qhti	φυτεύω	futeu/w	v2samp---
φυέν	fue/n	φύω	fu/w	v-sappnn-
φυέν	fue/n	φύω	fu/w	v-sappnv-
φυέν	fue/n	φύω	fu/w	v-sappna-
φωλεούς	fwleou/s	φωλεός	fwleo/s	n-p---ma-
φωναί	fwnai/	φωνή	fwnh/	n-p---fn-
φωναί	fwnai/	φωνή	fwnh/	n-p---fv-
φωναῖς	fwnai=s	φωνή	fwnh/	n-p---fd-
φωνηθῆναι	fwnhqh=nai	φωνέω	fwne/w	v--anp---
φωνή	fwnh/	φωνή	fwnh/	n-s---fn-
φωνή	fwnh/	φωνή	fwnh/	n-s---fv-
φωνήν	fwnh/n	φωνή	fwnh/	n-s---fa-
φωνήσας	fwnh/sas	φωνέω	fwne/w	v-sapamn-
φωνήσας	fwnh/sas	φωνέω	fwne/w	v-sapamv-
φωνήσει	fwnh/sei	φώνησις	fw/nhsis	n-d---fn-
φωνήσει	fwnh/sei	φώνησις	fw/nhsis	n-d---fv-
φωνήσει	fwnh/sei	φώνησις	fw/nhsis	n-d---fa-
φωνήσει	fwnh/sei	φώνησις	fw/nhsis	n-s---fd-
φωνήσει	fwnh/sei	φώνησις	fw/nhsis	n-s---fd-
φωνήσει	fwnh/sei	φωνέω	fwne/w	v3sasa---
φωνήσει	fwnh/sei	φωνέω	fwne/w	v2sfim---
φωνήσει	fwnh/sei	φωνέω	fwne/w	v3sfia---
φωνῆς	fwnh=s	φωνέω	fwne/w	v2spia---
φωνῆς	fwnh=s	φωνή	fwnh/	n-s---fg-
φωνῆσαι	fwnh=sai	φωνέω	fwne/w	v--ana---
φωνῇ	fwnh=|	φωνέω	fwne/w	v2spse---
φωνῇ	fwnh=|	φωνέω	fwne/w	v2spie---
φωνῇ	fwnh=|	φωνέω	fwne/w	v3spsa---
φωνῇ	fwnh=|	φωνή	fwnh/	n-s---fd-
φωτεινόν	fwteino/n	φωτεινός	fwteino/s	a-s---ma-
φωτεινόν	fwteino/n	φωτεινός	fwteino/s	a-s---nn-
φωτεινόν	fwteino/n	φωτεινός	fwteino/s	a-s---nv-
φωτεινόν	fwteino/n	φωτεινός	fwteino/s	a-s---na-
φωτί	fwti/	φάος	fa/os	n-s---nd-
φωτί	fwti/	φώς	fw/s	n-s---md-
φωτίζῃ	fwti/zh|	φωτίζω	fwti/zw	v2spse---
φωτίζῃ	fwti/zh|	φωτίζω	fwti/zw	v2spie---
φωτίζῃ	fwti/zh|	φωτίζω	fwti/zw	v3spsa---
φωτός	fwto/s	φάος	fa/os	n-s---ng-
φωτός	fwto/s	φώς	fw/s	n-s---mg-
φάγε	fa/ge	ἐσθίω	e)sqi/w	v2sama---
φάγε	fa/ge	ἐσθίω	e)sqi/w	v3saia---
φάγε	fa/ge	φάγος	fa/gos	n-s---mv-
φάγε	fa/ge	φάγος	fa/gos	n-s---fv-
φάγε	fa/ge	φάγος	fa/gos	n-s---mv-
φάγεσαι	fa/gesai	ἐσθίω	e)sqi/w	v2sfim---
φάγεται	fa/getai	ἐσθίω	e)sqi/w	v3sfim---
φάγητε	fa/ghte	ἐσθίω	e)sqi/w	v2pasa---
φάγος	fa/gos	φάγος	fa/gos	n-s---mn-
φάγος	fa/gos	φάγος	fa/gos	n-s---fn-
φάγος	fa/gos	φάγος	fa/gos	n-s---mn-
φάγω	fa/gw	ἐσθίω	e)sqi/w	v1sasa---
φάγω	fa/gw	φάγος	fa/gos	n-d---mn-
φάγω	fa/gw	φάγος	fa/gos	n-d---mv-
φάγω	fa/gw	φάγος	fa/gos	n-d---ma-
φάγω	fa/gw	φάγος	fa/gos	n-d---fn-
φάγω	fa/gw	φάγος	fa/gos	n-d---fv-
φάγω	fa/gw	φάγος	fa/gos	n-d---fa-
φάγω	fa/gw	φάγος	fa/gos	n-d---nn-
φάγω	fa/gw	φάγος	fa/gos	n-d---nv-
φάγω	fa/gw	φάγος	fa/gos	n-d---na-
φάγω	fa/gw	φάγος	fa/gos	n-s---mg-
φάγω	fa/gw	φάγος	fa/gos	n-s---fg-
φάγω	fa/gw	φάγος	fa/gos	n-s---ng-
φάγω	fa/gw	φάγος	fa/gos	n-d---mn-
φάγω	fa/gw	φάγος	fa/gos	n-d---mv-
φάγω	fa/gw	φάγος	fa/gos	n-d---ma-
φάγω	fa/gw	φάγος	fa/gos	n-s---mg-
φάγωμεν	fa/gwmen	ἐσθίω	e)sqi/w	v1pasa---
φάγῃ	fa/gh|	ἐσθίω	e)sqi/w	v2sase---
φάγῃ	fa/gh|	ἐσθίω	e)sqi/w	v3sasa---
φάγῃ	fa/gh|	ἐσθίω	e)sqi/w	v2sfim---
φάραγξ	fa/ragc	φάραγξ	fa/ragc	n-s---fn-
φάραγξ	fa/ragc	φάραγξ	fa/ragc	n-s---fv-
φάτνης	fa/tnhs	φάτνη	fa/tnh	n-s---fg-
φάτνῃ	fa/tnh|	φάτνη	fa/tnh	n-s---fd-
φέγγος	fe/ggos	φέγγος	fe/ggos	n-s---nn-
φέγγος	fe/ggos	φέγγος	fe/ggos	n-s---nv-
φέγγος	fe/ggos	φέγγος	fe/ggos	n-s---na-
φέρειν	fe/rein	φέρω	fe/rw	v--pna---
φέρετε	fe/rete	φέρω	fe/rw	v2ppma---
φέρετε	fe/rete	φέρω	fe/rw	v2ppia---
φέρετε	fe/rete	φέρω	fe/rw	v2piia---
φέροντες	fe/rontes	φέρω	fe/rw	v-pppamn-
φέροντες	fe/rontes	φέρω	fe/rw	v-pppamv-
φέρουσαι	fe/rousai	φέρω	fe/rw	v-pppafn-
φέρουσαι	fe/rousai	φέρω	fe/rw	v-pppafv-
φήμη	fh/mh	φήμη	fh/mh	n-s---fn-
φήμη	fh/mh	φήμη	fh/mh	n-s---fv-
φήμη	fh/mh	φῆμις	fh=mis	n-d---fn-
φήμη	fh/mh	φῆμις	fh=mis	n-d---fv-
φήμη	fh/mh	φῆμις	fh=mis	n-d---fa-
φίλας	fi/las	φίλος	fi/los	a-p---fa-
φίλας	fi/las	φίλος	fi/los	a-s---fg-
φίλας	fi/las	φιλέω	file/w	v-sapamn-
φίλας	fi/las	φιλέω	file/w	v-sapamv-
φίλημά	fi/lhma/	φίλημα	fi/lhma	n-s---nn-
φίλημά	fi/lhma/	φίλημα	fi/lhma	n-s---nv-
φίλημά	fi/lhma/	φίλημα	fi/lhma	n-s---na-
φίλοι	fi/loi	φίλος	fi/los	a-p---mn-
φίλοι	fi/loi	φίλος	fi/los	a-p---mv-
φίλοις	fi/lois	φίλος	fi/los	a-p---md-
φίλοις	fi/lois	φίλος	fi/los	a-p---nd-
φίλον	fi/lon	φίλος	fi/los	a-s---ma-
φίλον	fi/lon	φίλος	fi/los	a-s---nn-
φίλον	fi/lon	φίλος	fi/los	a-s---nv-
φίλον	fi/lon	φίλος	fi/los	a-s---na-
φίλος	fi/los	φίλος	fi/los	a-s---mn-
φίλους	fi/lous	φίλος	fi/los	a-p---ma-
φίλους	fi/lous	φῖλος	fi=los	n-s---ng-
φίλους	fi/lous	φιλόω	filo/w	v2siia---
φίλων	fi/lwn	φίλος	fi/los	a-p---fg-
φίλων	fi/lwn	φίλος	fi/los	a-p---mg-
φίλων	fi/lwn	φίλος	fi/los	a-p---ng-
φίλων	fi/lwn	φίλων	fi/lwn	n-s---mn-
φίλων	fi/lwn	φίλων	fi/lwn	n-s---mv-
φίλων	fi/lwn	φιλόω	filo/w	v3piia---
φίλων	fi/lwn	φιλόω	filo/w	v1siia---
φίλων’	fi/lwn'	φίλων	fi/lwn	n-s---ma-
φίλων’	fi/lwn'	φίλων	fi/lwn	n-s---md-
φίλων’	fi/lwn'	φίλων	fi/lwn	n-d---mn-
φίλων’	fi/lwn'	φίλων	fi/lwn	n-d---mv-
φίλων’	fi/lwn'	φίλων	fi/lwn	n-d---ma-
φόβητρά	fo/bhtra/	φόβητρον	fo/bhtron	n-p---nn-
φόβητρά	fo/bhtra/	φόβητρον	fo/bhtron	n-p---nv-
φόβητρά	fo/bhtra/	φόβητρον	fo/bhtron	n-p---na-
φόβον	fo/bon	φόβος	fo/bos	n-s---ma-
φόβος	fo/bos	φόβος	fo/bos	n-s---mn-
φόβου	fo/bou	φόβος	fo/bos	n-s---mg-
φόβῳ	fo/bw|	φόβος	fo/bos	n-s---md-
φόνον	fo/non	φόνος	fo/nos	n-s---ma-
φόρον	fo/ron	φόρον	fo/ron	n-s---nn-
φόρον	fo/ron	φόρον	fo/ron	n-s---nv-
φόρον	fo/ron	φόρον	fo/ron	n-s---na-
φόρον	fo/ron	φόρος	fo/ros	n-s---ma-
φώνει	fw/nei	φωνέω	fwne/w	v2spma---
φώνει	fw/nei	φωνέω	fwne/w	v3siia---
φῶς	fw=s	φάος	fa/os	n-s---nn-
φῶς	fw=s	φάος	fa/os	n-s---nv-
φῶς	fw=s	φάος	fa/os	n-s---na-
χαλάσατε	xala/sate	χαλάω	xala/w	v2pama---
χαλάσατε	xala/sate	χαλάω	xala/w	v2paia---
χαλάσω	xala/sw	χαλάω	xala/w	v1sasa---
χαλάσω	xala/sw	χαλάω	xala/w	v1sfia---
χαλάσω	xala/sw	χαλάω	xala/w	v2saim---
χαρά	xara/	χαρά	xara/	n-d---fn-
χαρά	xara/	χαρά	xara/	n-d---fv-
χαρά	xara/	χαρά	xara/	n-d---fa-
χαρά	xara/	χαρά	xara/	n-s---fn-
χαρά	xara/	χαρά	xara/	n-s---fv-
χαρά’	xara/'	χαρά	xara/	n-p---fn-
χαρά’	xara/'	χαρά	xara/	n-p---fv-
χαράν	xara/n	χαρά	xara/	n-s---fa-
χαρήσονται	xarh/sontai	χαίρω	xai/rw	v3pfip---
χαρήσονται	xarh/sontai	χαίρω	xai/rw	v3pfim---
χαρᾶς	xara=s	χαρά	xara/	n-s---fg-
χαρῆναι	xarh=nai	χαίρω	xai/rw	v--anp---
χαίρετε	xai/rete	χαίρω	xai/rw	v2ppma---
χαίρετε	xai/rete	χαίρω	xai/rw	v2ppia---
χαίρετε	xai/rete	χαίρω	xai/rw	v2piia---
χαίροντες	xai/rontes	χαίρω	xai/rw	v-pppamn-
χαίροντες	xai/rontes	χαίρω	xai/rw	v-pppamv-
χαίρων	xai/rwn	χαίρω	xai/rw	v-sppamn-
χειρί	xeiri/	χείρ	xei/r	n-s---fd-
χειρί	xeiri/	χειρίς	xeiri/s	n-s---fv-
χειρός	xeiro/s	χείρ	xei/r	n-s---fg-
χειρῶν	xeirw=n	χείρ	xei/r	n-p---fg-
χειρῶν	xeirw=n	χειρόω	xeiro/w	v-sppamv-
χειρῶν	xeirw=n	χειρόω	xeiro/w	v-sppann-
χειρῶν	xeirw=n	χειρόω	xeiro/w	v-sppanv-
χειρῶν	xeirw=n	χειρόω	xeiro/w	v-sppana-
χειρῶν	xeirw=n	χειρόω	xeiro/w	v-sppamn-
χειρῶν	xeirw=n	χειρόω	xeiro/w	v--pna---
χερσίν	xersi/n	χείρ	xei/r	n-p---fd-
χείρ	xei/r	χείρ	xei/r	n-s---fn-
χείρονα	xei/rona	χείρων	xei/rwn	a-p---nn-
χείρονα	xei/rona	χείρων	xei/rwn	a-p---nv-
χείρονα	xei/rona	χείρων	xei/rwn	a-p---na-
χείρονα	xei/rona	χείρων	xei/rwn	a-s---ma-
χείρονα	xei/rona	χείρων	xei/rwn	a-s---fa-
χείρονα	xei/rona	χείρων	xei/rwn	a-p---na-
χείρονα	xei/rona	χείρων	xei/rwn	a-p---nn-
χεῖρα	xei=ra	χείρ	xei/r	n-s---fa-
χεῖρας	xei=ras	χείρ	xei/r	n-p---fa-
χεῖρά	xei=ra/	χείρ	xei/r	n-s---fa-
χεῖράς	xei=ra/s	χείρ	xei/r	n-p---fa-
χηρῶν	xhrw=n	χήρα	xh/ra	n-p---fg-
χηρῶν	xhrw=n	χηρόω	xhro/w	v-sppamv-
χηρῶν	xhrw=n	χηρόω	xhro/w	v-sppann-
χηρῶν	xhrw=n	χηρόω	xhro/w	v-sppanv-
χηρῶν	xhrw=n	χηρόω	xhro/w	v-sppana-
χηρῶν	xhrw=n	χηρόω	xhro/w	v-sppamn-
χηρῶν	xhrw=n	χηρόω	xhro/w	v--pna---
χιλιάδων	xilia/dwn	χιλιάς	xilia/s	n-p---fg-
χιλιάσιν	xilia/sin	χιλιάς	xilia/s	n-p---fd-
χιτῶνα	xitw=na	χιτών	xitw/n	n-s---ma-
χιτῶνας	xitw=nas	χιτών	xitw/n	n-p---ma-
χορτασθήσεσθε	xortasqh/sesqe	χορτάζω	xorta/zw	v2pfip---
χορτασθῆναι	xortasqh=nai	χορτάζω	xorta/zw	v--anp---
χορῶν	xorw=n	χορός	xoro/s	n-p---mg-
χοίρους	xoi/rous	χοῖρος	xoi=ros	n-p---ma-
χοίρους	xoi/rous	χοῖρος	xoi=ros	n-p---fa-
χοίρων	xoi/rwn	χοῖρος	xoi=ros	n-p---mg-
χοίρων	xoi/rwn	χοῖρος	xoi=ros	n-p---fg-
χοῖροι	xoi=roi	χοῖρος	xoi=ros	n-p---mn-
χοῖροι	xoi=roi	χοῖρος	xoi=ros	n-p---mv-
χοῖροι	xoi=roi	χοῖρος	xoi=ros	n-p---fn-
χοῖροι	xoi=roi	χοῖρος	xoi=ros	n-p---fv-
χρεία	xrei/a	χρέος	xre/os	n-p---nn-
χρεία	xrei/a	χρέος	xre/os	n-p---nv-
χρεία	xrei/a	χρέος	xre/os	n-p---na-
χρεία	xrei/a	χρεία	xrei/a	n-d---fn-
χρεία	xrei/a	χρεία	xrei/a	n-d---fv-
χρεία	xrei/a	χρεία	xrei/a	n-d---fa-
χρεία	xrei/a	χρεία	xrei/a	n-s---fn-
χρεία	xrei/a	χρεία	xrei/a	n-s---fv-
χρείαν	xrei/an	χρεία	xrei/a	n-s---fa-
χρηστός	xrhsto/s	χρηστός	xrhsto/s	a-s---mn-
χριστόν	xristo/n	χριστός	xristo/s	a-s---ma-
χριστόν	xristo/n	χριστός	xristo/s	a-s---nn-
χριστόν	xristo/n	χριστός	xristo/s	a-s---nv-
χριστόν	xristo/n	χριστός	xristo/s	a-s---na-
χριστόν	xristo/n	χριστός	xristo/s	n-s---ma-
χριστός	xristo/s	χριστός	xristo/s	a-s---mn-
χριστός	xristo/s	χριστός	xristo/s	n-s---mn-
χρονίζειν	xroni/zein	χρονίζω	xroni/zw	v--pna---
χρήματα	xrh/mata	χρῆμα	xrh=ma	n-p---nn-
χρήματα	xrh/mata	χρῆμα	xrh=ma	n-p---nv-
χρήματα	xrh/mata	χρῆμα	xrh=ma	n-p---na-
χρόνοις	xro/nois	χρόνος	xro/nos	n-p---md-
χρόνον	xro/non	χρόνος	xro/nos	n-s---ma-
χρόνος	xro/nos	χρόνος	xro/nos	n-s---mn-
χρόνου	xro/nou	χρόνος	xro/nos	n-s---mg-
χρόνου	xro/nou	χρονόω	xrono/w	v2spma---
χρόνου	xro/nou	χρονόω	xrono/w	v3siia---
χρόνους	xro/nous	χρόνος	xro/nos	n-p---ma-
χρόνους	xro/nous	χρονόω	xrono/w	v2siia---
χρόνων	xro/nwn	χρόνος	xro/nos	n-p---mg-
χρόνων	xro/nwn	χρονόω	xrono/w	v3piia---
χρόνων	xro/nwn	χρονόω	xrono/w	v1siia---
χρόνῳ	xro/nw|	χρόνος	xro/nos	n-s---md-
χρῄζει	xrh/|zei	χρῄζω	xrh/|zw	v2spie---
χρῄζει	xrh/|zei	χρῄζω	xrh/|zw	v3spia---
χρῄζετε	xrh/|zete	χρῄζω	xrh/|zw	v2ppma---
χρῄζετε	xrh/|zete	χρῄζω	xrh/|zw	v2ppia---
χρῄζετε	xrh/|zete	χρῄζω	xrh/|zw	v2piia---
χρῆσόν	xrh=so/n	χράω2	xra/w2	v2sama---
χρῆσόν	xrh=so/n	χράω2	xra/w2	v-sfpamv-
χρῆσόν	xrh=so/n	χράω2	xra/w2	v-sfpann-
χρῆσόν	xrh=so/n	χράω2	xra/w2	v-sfpanv-
χρῆσόν	xrh=so/n	χράω2	xra/w2	v-sfpana-
χωλοί	xwloi/	χωλόομαι	xwlo/omai	v2spse---
χωλοί	xwloi/	χωλόομαι	xwlo/omai	v2spie---
χωλοί	xwloi/	χωλός	xwlo/s	a-p---mn-
χωλοί	xwloi/	χωλός	xwlo/s	a-p---mv-
χωλούς	xwlou/s	χωλός	xwlo/s	a-p---ma-
χωλούσ’	xwlou/s'	χωλάω	xwla/w	v-sppafd-
χωρίς	xwri/s	χωρίς	xwri/s	d--------
χάρακά	xa/raka/	χάραξ	xa/rac	n-s---ma-
χάρητε	xa/rhte	χαίρω	xai/rw	v2pamp---
χάρητε	xa/rhte	χαίρω	xai/rw	v2paip---
χάριν	xa/rin	χάρις	xa/ris	d--------
χάριν	xa/rin	χάρις	xa/ris	r--------
χάριν	xa/rin	χάρις	xa/ris	n-s---fa-
χάρις	xa/ris	χάρις	xa/ris	n-s---fn-
χάριτι	xa/riti	χάρις	xa/ris	n-s---fd-
χάριτος	xa/ritos	χάρις	xa/ris	n-s---fg-
χάριτος	xa/ritos	χάριτος	xa/ritos	a-s---mn-
χάσμα	xa/sma	χάσμα	xa/sma	n-s---nn-
χάσμα	xa/sma	χάσμα	xa/sma	n-s---nv-
χάσμα	xa/sma	χάσμα	xa/sma	n-s---na-
χάσμα	xa/sma	χάσμη	xa/smh	n-d---fn-
χάσμα	xa/sma	χάσμη	xa/smh	n-d---fv-
χάσμα	xa/sma	χάσμη	xa/smh	n-d---fa-
χάσμα	xa/sma	χάσμη	xa/smh	n-s---fn-
χάσμα	xa/sma	χάσμη	xa/smh	n-s---fv-
χάσμα	xa/sma	χασμάω	xasma/w	v2spma---
χάσμα	xa/sma	χασμάω	xasma/w	v3siia---
χήρα	xh/ra	χήρα	xh/ra	n-d---fn-
χήρα	xh/ra	χήρα	xh/ra	n-d---fv-
χήρα	xh/ra	χήρα	xh/ra	n-d---fa-
χήρα	xh/ra	χήρα	xh/ra	n-s---fn-
χήρα	xh/ra	χήρα	xh/ra	n-s---fv-
χήρα	xh/ra	χήρα	xh/ra	a-d---fn-
χήρα	xh/ra	χήρα	xh/ra	a-d---fv-
χήρα	xh/ra	χήρα	xh/ra	a-d---fa-
χήρα	xh/ra	χήρα	xh/ra	a-s---fn-
χήρα	xh/ra	χήρα	xh/ra	a-s---fv-
χήρα	xh/ra	χῆρος	xh=ros	a-d---fn-
χήρα	xh/ra	χῆρος	xh=ros	a-d---fv-
χήρα	xh/ra	χῆρος	xh=ros	a-d---fa-
χήρα	xh/ra	χῆρος	xh=ros	a-s---fn-
χήρα	xh/ra	χῆρος	xh=ros	a-s---fv-
χήραν	xh/ran	χήρα	xh/ra	n-s---fa-
χήραν	xh/ran	χήρα	xh/ra	a-s---fa-
χήραν	xh/ran	χῆρος	xh=ros	a-s---fa-
χόρτον	xo/rton	χόρτος	xo/rtos	n-s---ma-
χώρα	xw/ra	χώρα	xw/ra	n-d---fn-
χώρα	xw/ra	χώρα	xw/ra	n-d---fv-
χώρα	xw/ra	χώρα	xw/ra	n-d---fa-
χώρα	xw/ra	χώρα	xw/ra	n-s---fn-
χώρα	xw/ra	χώρα	xw/ra	n-s---fv-
χώραις	xw/rais	χώρα	xw/ra	n-p---fd-
χώραν	xw/ran	χώρα	xw/ra	n-s---fa-
χώρας	xw/ras	χώρα	xw/ra	n-p---fa-
χώρας	xw/ras	χώρα	xw/ra	n-s---fg-
χώρᾳ	xw/ra|	χώρα	xw/ra	n-s---fd-
χῆραι	xh=rai	χήρα	xh/ra	n-p---fn-
χῆραι	xh=rai	χήρα	xh/ra	n-p---fv-
χῆραι	xh=rai	χήρα	xh/ra	a-p---fn-
χῆραι	xh=rai	χήρα	xh/ra	a-p---fv-
χῆραι	xh=rai	χῆρος	xh=ros	a-p---fn-
χῆραι	xh=rai	χῆρος	xh=ros	a-p---fv-
ψαλμοῖς	yalmoi=s	ψαλμός	yalmo/s	n-p---md-
ψαλμῶν	yalmw=n	ψαλμός	yalmo/s	n-p---mg-
ψευδομαρτυρήσῃς	yeudomarturh/sh|s	ψευδομαρτυρέω	yeudomarture/w	v2sasa---
ψευδοπροφήταις	yeudoprofh/tais	ψευδοπροφήτης	yeudoprofh/ths	n-p---md-
ψηλαφήσατέ	yhlafh/sate/	ψηλαφάω	yhlafa/w	v2pama---
ψηλαφήσατέ	yhlafh/sate/	ψηλαφάω	yhlafa/w	v2paia---
ψηφίζει	yhfi/zei	ψηφίζομαι	yhfi/zomai	v2spie---
ψηφίζει	yhfi/zei	ψηφίζω	yhfi/zw	v2spie---
ψηφίζει	yhfi/zei	ψηφίζω	yhfi/zw	v3spia---
ψυχάς	yuxa/s	ψυχή	yuxh/	n-p---fa-
ψυχή	yuxh/	ψυχή	yuxh/	n-s---fn-
ψυχή	yuxh/	ψυχή	yuxh/	n-s---fv-
ψυχήν	yuxh/n	ψυχή	yuxh/	n-s---fa-
ψυχῇ	yuxh=|	ψύχω	yu/xw	v3sasp---
ψυχῇ	yuxh=|	ψυχάζω	yuxa/zw	v2sfim---
ψυχῇ	yuxh=|	ψυχάζω	yuxa/zw	v3sfia---
ψυχῇ	yuxh=|	ψυχή	yuxh/	n-s---fd-
ψώχοντες	yw/xontes	ψώχω	yw/xw	v-pppamn-
ψώχοντες	yw/xontes	ψώχω	yw/xw	v-pppamv-
ἀγαθοποιεῖτε	a)gaqopoiei=te	ἀγαθοποιέω	a)gaqopoie/w	v2piia---
ἀγαθοποιεῖτε	a)gaqopoiei=te	ἀγαθοποιέω	a)gaqopoie/w	v2ppma---
ἀγαθοποιεῖτε	a)gaqopoiei=te	ἀγαθοποιέω	a)gaqopoie/w	v2ppoa---
ἀγαθοποιεῖτε	a)gaqopoiei=te	ἀγαθοποιέω	a)gaqopoie/w	v2ppia---
ἀγαθοποιεῖτε	a)gaqopoiei=te	ἀγαθοποιέω	a)gaqopoie/w	v2piia---
ἀγαθοποιοῦντας	a)gaqopoiou=ntas	ἀγαθοποιέω	a)gaqopoie/w	v-pppama-
ἀγαθοποιῆσαι	a)gaqopoih=sai	ἀγαθοποιέω	a)gaqopoie/w	v--ana---
ἀγαθοποιῆτε	a)gaqopoih=te	ἀγαθοποιέω	a)gaqopoie/w	v2piia---
ἀγαθοποιῆτε	a)gaqopoih=te	ἀγαθοποιέω	a)gaqopoie/w	v2ppma---
ἀγαθοποιῆτε	a)gaqopoih=te	ἀγαθοποιέω	a)gaqopoie/w	v2ppsa---
ἀγαθοποιῆτε	a)gaqopoih=te	ἀγαθοποιέω	a)gaqopoie/w	v2ppia---
ἀγαθοποιῆτε	a)gaqopoih=te	ἀγαθοποιέω	a)gaqopoie/w	v2piia---
ἀγαθοῦ	a)gaqou=	ἀγαθός	a)gaqo/s	a-s---mg-
ἀγαθοῦ	a)gaqou=	ἀγαθός	a)gaqo/s	a-s---ng-
ἀγαθοῦ	a)gaqou=	ἀγαθόω	a)gaqo/w	v2siie---
ἀγαθοῦ	a)gaqou=	ἀγαθόω	a)gaqo/w	v2spme---
ἀγαθοῦ	a)gaqou=	ἀγαθόω	a)gaqo/w	v2siie---
ἀγαθά	a)gaqa/	ἀγαθός	a)gaqo/s	a-p---nn-
ἀγαθά	a)gaqa/	ἀγαθός	a)gaqo/s	a-p---nv-
ἀγαθά	a)gaqa/	ἀγαθός	a)gaqo/s	a-p---na-
ἀγαθά	a)gaqa/	ἀγαθός	a)gaqo/s	a-d---fn-
ἀγαθά	a)gaqa/	ἀγαθός	a)gaqo/s	a-d---fv-
ἀγαθά	a)gaqa/	ἀγαθός	a)gaqo/s	a-d---fa-
ἀγαθά	a)gaqa/	ἀγαθός	a)gaqo/s	a-s---fn-
ἀγαθά	a)gaqa/	ἀγαθός	a)gaqo/s	a-s---fv-
ἀγαθέ	a)gaqe/	ἀγαθός	a)gaqo/s	a-s---mv-
ἀγαθήν	a)gaqh/n	ἀγαθός	a)gaqo/s	a-s---fa-
ἀγαθόν	a)gaqo/n	ἀγαθός	a)gaqo/s	a-s---ma-
ἀγαθόν	a)gaqo/n	ἀγαθός	a)gaqo/s	a-s---nn-
ἀγαθόν	a)gaqo/n	ἀγαθός	a)gaqo/s	a-s---nv-
ἀγαθόν	a)gaqo/n	ἀγαθός	a)gaqo/s	a-s---na-
ἀγαθός	a)gaqo/s	ἀγαθός	a)gaqo/s	a-s---mn-
ἀγαθῇ	a)gaqh=|	ἀγάω	a)ga/w	v3sasp---
ἀγαθῇ	a)gaqh=|	ἀγαθός	a)gaqo/s	a-s---fd-
ἀγαθῶν	a)gaqw=n	ἀγαθός	a)gaqo/s	a-p---fg-
ἀγαθῶν	a)gaqw=n	ἀγαθός	a)gaqo/s	a-p---mg-
ἀγαθῶν	a)gaqw=n	ἀγαθός	a)gaqo/s	a-p---ng-
ἀγαθῶν	a)gaqw=n	ἀγαθόω	a)gaqo/w	v-sppamv-
ἀγαθῶν	a)gaqw=n	ἀγαθόω	a)gaqo/w	v-sppann-
ἀγαθῶν	a)gaqw=n	ἀγαθόω	a)gaqo/w	v-sppanv-
ἀγαθῶν	a)gaqw=n	ἀγαθόω	a)gaqo/w	v-sppana-
ἀγαθῶν	a)gaqw=n	ἀγαθόω	a)gaqo/w	v-sppamn-
ἀγαθῶν	a)gaqw=n	ἀγαθόω	a)gaqo/w	v--pna---
ἀγαλλιάσει	a)gallia/sei	ἀγαλλίασις	a)galli/asis	n-d---fn-
ἀγαλλιάσει	a)gallia/sei	ἀγαλλίασις	a)galli/asis	n-d---fv-
ἀγαλλιάσει	a)gallia/sei	ἀγαλλίασις	a)galli/asis	n-d---fa-
ἀγαλλιάσει	a)gallia/sei	ἀγαλλίασις	a)galli/asis	n-s---fd-
ἀγαλλιάσει	a)gallia/sei	ἀγαλλίασις	a)galli/asis	n-s---fd-
ἀγαλλιάσει	a)gallia/sei	ἀγαλλιάω	a)gallia/w	v3sasa---
ἀγαλλιάσει	a)gallia/sei	ἀγαλλιάω	a)gallia/w	v2sfim---
ἀγαλλιάσει	a)gallia/sei	ἀγαλλιάω	a)gallia/w	v3sfia---
ἀγαλλιάσει	a)gallia/sei	ἀγαλλιάω	a)gallia/w	v3sasa---
ἀγαλλιάσει	a)gallia/sei	ἀγαλλιάω	a)gallia/w	v2sfim---
ἀγαλλιάσει	a)gallia/sei	ἀγαλλιάω	a)gallia/w	v3sfia---
ἀγαλλίασις	a)galli/asis	ἀγαλλίασις	a)galli/asis	n-s---fn-
ἀγανακτῶν	a)ganaktw=n	ἀγανακτέω	a)ganakte/w	v-sppamn-
ἀγαπητόν	a)gaphto/n	ἀγαπητός	a)gaphto/s	a-s---ma-
ἀγαπητόν	a)gaphto/n	ἀγαπητός	a)gaphto/s	a-s---nn-
ἀγαπητόν	a)gaphto/n	ἀγαπητός	a)gaphto/s	a-s---nv-
ἀγαπητόν	a)gaphto/n	ἀγαπητός	a)gaphto/s	a-s---na-
ἀγαπητός	a)gaphto/s	ἀγαπητός	a)gaphto/s	a-s---mn-
ἀγαπήσει	a)gaph/sei	ἀγάπησις	a)ga/phsis	n-d---fn-
ἀγαπήσει	a)gaph/sei	ἀγάπησις	a)ga/phsis	n-d---fv-
ἀγαπήσει	a)gaph/sei	ἀγάπησις	a)ga/phsis	n-d---fa-
ἀγαπήσει	a)gaph/sei	ἀγάπησις	a)ga/phsis	n-s---fd-
ἀγαπήσει	a)gaph/sei	ἀγάπησις	a)ga/phsis	n-s---fd-
ἀγαπήσει	a)gaph/sei	ἀγαπάω	a)gapa/w	v3sasa---
ἀγαπήσει	a)gaph/sei	ἀγαπάω	a)gapa/w	v2sfim---
ἀγαπήσει	a)gaph/sei	ἀγαπάω	a)gapa/w	v3sfia---
ἀγαπήσει	a)gaph/sei	ἀγαπάω	a)gapa/w	v2stie---
ἀγαπήσει	a)gaph/sei	ἀγαπάω	a)gapa/w	v3stia---
ἀγαπᾶτε	a)gapa=te	ἀγαπάω	a)gapa/w	v2piia---
ἀγαπᾶτε	a)gapa=te	ἀγαπάω	a)gapa/w	v2ppma---
ἀγαπᾶτε	a)gapa=te	ἀγαπάω	a)gapa/w	v2ppsa---
ἀγαπᾶτε	a)gapa=te	ἀγαπάω	a)gapa/w	v2ppia---
ἀγαπᾶτε	a)gapa=te	ἀγαπάω	a)gapa/w	v2piia---
ἀγαπᾶτε	a)gapa=te	ἀγαπάζω	a)gapa/zw	v2pfia---
ἀγαπᾷ	a)gapa=|	ἀγαπάω	a)gapa/w	v2spse---
ἀγαπᾷ	a)gapa=|	ἀγαπάω	a)gapa/w	v2spie---
ἀγαπᾷ	a)gapa=|	ἀγαπάω	a)gapa/w	v3spsa---
ἀγαπᾷ	a)gapa=|	ἀγαπάω	a)gapa/w	v3spia---
ἀγαπᾷ	a)gapa=|	ἀγαπάζω	a)gapa/zw	v2sfim---
ἀγαπᾷ	a)gapa=|	ἀγαπάζω	a)gapa/zw	v3sfia---
ἀγαπῶντας	a)gapw=ntas	ἀγαπάω	a)gapa/w	v-pppama-
ἀγαπῶντας	a)gapw=ntas	ἀγαπάζω	a)gapa/zw	v-pfpama-
ἀγαπῶσιν	a)gapw=sin	ἀγαπάω	a)gapa/w	v-pppamd-
ἀγαπῶσιν	a)gapw=sin	ἀγαπάω	a)gapa/w	v-pppand-
ἀγαπῶσιν	a)gapw=sin	ἀγαπάω	a)gapa/w	v3ppsa---
ἀγαπῶσιν	a)gapw=sin	ἀγαπάω	a)gapa/w	v3ppia---
ἀγαπῶσιν	a)gapw=sin	ἀγαπάω	a)gapa/w	v3ppsa---
ἀγαπῶσιν	a)gapw=sin	ἀγαπάζω	a)gapa/zw	v-pfpamd-
ἀγαπῶσιν	a)gapw=sin	ἀγαπάζω	a)gapa/zw	v-pfpand-
ἀγαπῶσιν	a)gapw=sin	ἀγαπάζω	a)gapa/zw	v3pfia---
ἀγγέλοις	a)gge/lois	ἄγγελος	a)/ggelos	n-p---md-
ἀγγέλοις	a)gge/lois	ἄγγελος	a)/ggelos	n-p---fd-
ἀγγέλου	a)gge/lou	ἄγγελος	a)/ggelos	n-s---mg-
ἀγγέλου	a)gge/lou	ἄγγελος	a)/ggelos	n-s---fg-
ἀγγέλους	a)gge/lous	ἄγγελος	a)/ggelos	n-p---ma-
ἀγγέλους	a)gge/lous	ἄγγελος	a)/ggelos	n-p---fa-
ἀγγέλων	a)gge/lwn	ἄγγελος	a)/ggelos	n-p---mg-
ἀγγέλων	a)gge/lwn	ἄγγελος	a)/ggelos	n-p---fg-
ἀγγέλων	a)gge/lwn	ἀναγελάω	a)nagela/w	v3piia---
ἀγγέλων	a)gge/lwn	ἀναγελάω	a)nagela/w	v1siia---
ἀγγέλῳ	a)gge/lw|	ἄγγελος	a)/ggelos	n-s---md-
ἀγγέλῳ	a)gge/lw|	ἄγγελος	a)/ggelos	n-s---fd-
ἀγκάλας	a)gka/las	ἀγκάλη	a)gka/lh	n-p---fa-
ἀγκάλας	a)gka/las	ἀγκάλη	a)gka/lh	n-s---fg-
ἀγορασάτω	a)gorasa/tw	ἀγοράζω	a)gora/zw	v3sama---
ἀγοραῖς	a)gorai=s	ἀγορά	a)gora/	n-p---fd-
ἀγοράσωμεν	a)gora/swmen	ἀγοράζω	a)gora/zw	v1pasa---
ἀγορᾷ	a)gora=|	ἀγορά	a)gora/	n-s---fd-
ἀγορᾷ	a)gora=|	ἀγοράομαι	a)gora/omai	v2spsm---
ἀγορᾷ	a)gora=|	ἀγοράομαι	a)gora/omai	v2spim---
ἀγορᾷ	a)gora=|	ἀγοράζω	a)gora/zw	v2sfim---
ἀγορᾷ	a)gora=|	ἀγοράζω	a)gora/zw	v3sfia---
ἀγραυλοῦντες	a)graulou=ntes	ἀγραυλέω	a)graule/w	v-pppamn-
ἀγραυλοῦντες	a)graulou=ntes	ἀγραυλέω	a)graule/w	v-pppamv-
ἀγρούς	a)grou/s	ἀγρός	a)gro/s	n-p---ma-
ἀγροῦ	a)grou=	ἀγρέω	a)gre/w	v2siie---
ἀγροῦ	a)grou=	ἀγρέω	a)gre/w	v2spme---
ἀγροῦ	a)grou=	ἀγρέω	a)gre/w	v2siie---
ἀγροῦ	a)grou=	ἀγρός	a)gro/s	n-s---mg-
ἀγρυπνεῖτε	a)grupnei=te	ἀγρυπνέω	a)grupne/w	v2piia---
ἀγρυπνεῖτε	a)grupnei=te	ἀγρυπνέω	a)grupne/w	v2ppma---
ἀγρυπνεῖτε	a)grupnei=te	ἀγρυπνέω	a)grupne/w	v2ppoa---
ἀγρυπνεῖτε	a)grupnei=te	ἀγρυπνέω	a)grupne/w	v2ppia---
ἀγρυπνεῖτε	a)grupnei=te	ἀγρυπνέω	a)grupne/w	v2piia---
ἀγρῷ	a)grw=|	ἀγρός	a)gro/s	n-s---md-
ἀγωνίᾳ	a)gwni/a|	ἀγωνία	a)gwni/a	n-p---fn-
ἀγωνίᾳ	a)gwni/a|	ἀγωνία	a)gwni/a	n-p---fv-
ἀγωνίᾳ	a)gwni/a|	ἀγωνία	a)gwni/a	n-s---fd-
ἀγάγετε	a)ga/gete	ἄγω	a)/gw	v2pama---
ἀγάγετε	a)ga/gete	ἄγω	a)/gw	v2paia---
ἀγάγετε	a)ga/gete	ἄγω	a)/gw	v2paia---
ἀγάπην	a)ga/phn	ἀγάπη	a)ga/ph	n-s---fa-
ἀγάπην	a)ga/phn	ἀγαπάω	a)gapa/w	v3piia---
ἀγάπην	a)ga/phn	ἀγαπάω	a)gapa/w	v1siia---
ἀγάπην	a)ga/phn	ἀγαπάω	a)gapa/w	v3piia---
ἀγάπην	a)ga/phn	ἀγαπάω	a)gapa/w	v1siia---
ἀγέλη	a)ge/lh	ἀγέλη	a)ge/lh	n-s---fn-
ἀγέλη	a)ge/lh	ἀγέλη	a)ge/lh	n-s---fv-
ἀδελφοί	a)delfoi/	ἀδελφός	a)delfo/s	n-p---mn-
ἀδελφοί	a)delfoi/	ἀδελφός	a)delfo/s	n-p---mv-
ἀδελφούς	a)delfou/s	ἀδελφός	a)delfo/s	n-p---ma-
ἀδελφοῦ	a)delfou=	ἀδελφός	a)delfo/s	n-s---mg-
ἀδελφάς	a)delfa/s	ἀδελφή	a)delfh/	n-p---fa-
ἀδελφή	a)delfh/	ἀδελφή	a)delfh/	n-s---fn-
ἀδελφή	a)delfh/	ἀδελφή	a)delfh/	n-s---fv-
ἀδελφόν	a)delfo/n	ἀδελφός	a)delfo/s	n-s---ma-
ἀδελφός	a)delfo/s	ἀδελφός	a)delfo/s	n-s---mn-
ἀδελφῷ	a)delfw=|	ἀδελφός	a)delfo/s	n-s---md-
ἀδικήσῃ	a)dikh/sh|	ἀδικέω	a)dike/w	v2sasm---
ἀδικήσῃ	a)dikh/sh|	ἀδικέω	a)dike/w	v3sasa---
ἀδικήσῃ	a)dikh/sh|	ἀδικέω	a)dike/w	v2sfim---
ἀδικήσῃ	a)dikh/sh|	ἀδικέω	a)dike/w	v2stie---
ἀδικήσῃ	a)dikh/sh|	ἀδικέω	a)dike/w	v2stim---
ἀδικίας	a)diki/as	ἀδικία	a)diki/a	n-p---fa-
ἀδικίας	a)diki/as	ἀδικία	a)diki/a	n-s---fg-
ἀδυνατήσει	a)dunath/sei	ἀδυνατέω	a)dunate/w	v3sasa---
ἀδυνατήσει	a)dunath/sei	ἀδυνατέω	a)dunate/w	v2sfim---
ἀδυνατήσει	a)dunath/sei	ἀδυνατέω	a)dunate/w	v3sfia---
ἀδυνατήσει	a)dunath/sei	ἀδυνατέω	a)dunate/w	v2stie---
ἀδυνατήσει	a)dunath/sei	ἀδυνατέω	a)dunate/w	v3stia---
ἀδίκῳ	a)di/kw|	ἄδικος	a)/dikos	n-s---md-
ἀδίκῳ	a)di/kw|	ἄδικος	a)/dikos	n-s---fd-
ἀδίκῳ	a)di/kw|	ἄδικος	a)/dikos	n-s---nd-
ἀδύνατα	a)du/nata	ἀδύνατος	a)du/natos	n-p---nn-
ἀδύνατα	a)du/nata	ἀδύνατος	a)du/natos	n-p---nv-
ἀδύνατα	a)du/nata	ἀδύνατος	a)du/natos	n-p---na-
ἀετοί	a)etoi/	ἀετός	a)eto/s	n-p---mn-
ἀετοί	a)etoi/	ἀετός	a)eto/s	n-p---mv-
ἀζύμων	a)zu/mwn	ἄζυμος	a)/zumos	n-p---mg-
ἀζύμων	a)zu/mwn	ἄζυμος	a)/zumos	n-p---fg-
ἀζύμων	a)zu/mwn	ἄζυμος	a)/zumos	n-p---ng-
ἀθετεῖ	a)qetei=	ἀθετέω	a)qete/w	v2spie---
ἀθετεῖ	a)qetei=	ἀθετέω	a)qete/w	v3spia---
ἀθετῶν	a)qetw=n	ἀθετέω	a)qete/w	v-sppamn-
ἀκαθάρτοις	a)kaqa/rtois	ἀκάθαρτος	a)ka/qartos	n-p---md-
ἀκαθάρτοις	a)kaqa/rtois	ἀκάθαρτος	a)ka/qartos	n-p---fd-
ἀκαθάρτοις	a)kaqa/rtois	ἀκάθαρτος	a)ka/qartos	n-p---nd-
ἀκαθάρτου	a)kaqa/rtou	ἀκάθαρτος	a)ka/qartos	n-s---mg-
ἀκαθάρτου	a)kaqa/rtou	ἀκάθαρτος	a)ka/qartos	n-s---fg-
ἀκαθάρτου	a)kaqa/rtou	ἀκάθαρτος	a)ka/qartos	n-s---ng-
ἀκαθάρτων	a)kaqa/rtwn	ἀκάθαρτος	a)ka/qartos	n-p---mg-
ἀκαθάρτων	a)kaqa/rtwn	ἀκάθαρτος	a)ka/qartos	n-p---fg-
ἀκαθάρτων	a)kaqa/rtwn	ἀκάθαρτος	a)ka/qartos	n-p---ng-
ἀκαθάρτῳ	a)kaqa/rtw|	ἀκάθαρτος	a)ka/qartos	n-s---md-
ἀκαθάρτῳ	a)kaqa/rtw|	ἀκάθαρτος	a)ka/qartos	n-s---fd-
ἀκαθάρτῳ	a)kaqa/rtw|	ἀκάθαρτος	a)ka/qartos	n-s---nd-
ἀκανθῶν	a)kanqw=n	ἄκανθα	a)/kanqa	n-p---fg-
ἀκαταστασίας	a)katastasi/as	ἀκαταστασία	a)katastasi/a	n-p---fa-
ἀκαταστασίας	a)katastasi/as	ἀκαταστασία	a)katastasi/a	n-s---fg-
ἀκολουθείτω	a)kolouqei/tw	ἀκολουθέω	a)kolouqe/w	v3spma---
ἀκολουθεῖ	a)kolouqei=	ἀκολουθέω	a)kolouqe/w	v2spie---
ἀκολουθεῖ	a)kolouqei=	ἀκολουθέω	a)kolouqe/w	v3spia---
ἀκολουθοῦντι	a)kolouqou=nti	ἀκολουθέω	a)kolouqe/w	v-sppamd-
ἀκολουθοῦντι	a)kolouqou=nti	ἀκολουθέω	a)kolouqe/w	v-sppand-
ἀκολουθοῦντι	a)kolouqou=nti	ἀκολουθέω	a)kolouqe/w	v3ppia---
ἀκολουθήσατε	a)kolouqh/sate	ἀκολουθέω	a)kolouqe/w	v2pama---
ἀκολουθήσατε	a)kolouqh/sate	ἀκολουθέω	a)kolouqe/w	v2paia---
ἀκολουθήσατε	a)kolouqh/sate	ἀκολουθέω	a)kolouqe/w	v2paia---
ἀκολούθει	a)kolou/qei	ἀκολουθέω	a)kolouqe/w	v3siia---
ἀκολούθει	a)kolou/qei	ἀκολουθέω	a)kolouqe/w	v2spma---
ἀκολούθει	a)kolou/qei	ἀκολουθέω	a)kolouqe/w	v3siia---
ἀκουσθήσεται	a)kousqh/setai	ἀκούω	a)kou/w	v3sfip---
ἀκουσάτωσαν	a)kousa/twsan	ἀκούω	a)kou/w	v3pama---
ἀκουέτω	a)koue/tw	ἀκούω	a)kou/w	v3spma---
ἀκοάς	a)koa/s	ἀκοή	a)koh/	n-p---fa-
ἀκούει	a)kou/ei	ἀκούω	a)kou/w	v2spie---
ἀκούει	a)kou/ei	ἀκούω	a)kou/w	v3spia---
ἀκούειν	a)kou/ein	ἀκούω	a)kou/w	v--pna---
ἀκούετε	a)kou/ete	ἀκούω	a)kou/w	v2piia---
ἀκούετε	a)kou/ete	ἀκούω	a)kou/w	v2ppma---
ἀκούετε	a)kou/ete	ἀκούω	a)kou/w	v2ppia---
ἀκούετε	a)kou/ete	ἀκούω	a)kou/w	v2piia---
ἀκούοντα	a)kou/onta	ἀκούω	a)kou/w	v-pppann-
ἀκούοντα	a)kou/onta	ἀκούω	a)kou/w	v-pppanv-
ἀκούοντα	a)kou/onta	ἀκούω	a)kou/w	v-pppana-
ἀκούοντα	a)kou/onta	ἀκούω	a)kou/w	v-sppama-
ἀκούοντες	a)kou/ontes	ἀκούω	a)kou/w	v-pppamn-
ἀκούοντες	a)kou/ontes	ἀκούω	a)kou/w	v-pppamv-
ἀκούουσιν	a)kou/ousin	ἀκούω	a)kou/w	v-pppamd-
ἀκούουσιν	a)kou/ousin	ἀκούω	a)kou/w	v-pppand-
ἀκούουσιν	a)kou/ousin	ἀκούω	a)kou/w	v3ppia---
ἀκούσαντες	a)kou/santes	ἀκούω	a)kou/w	v-papamn-
ἀκούσαντες	a)kou/santes	ἀκούω	a)kou/w	v-papamv-
ἀκούσας	a)kou/sas	ἀέκων	a)e/kwn	a-p---fa-
ἀκούσας	a)kou/sas	ἀέκων	a)e/kwn	a-s---fg-
ἀκούσας	a)kou/sas	ἀκέω	a)ke/w	v-pppafa-
ἀκούσας	a)kou/sas	ἀκέω	a)ke/w	v-sppafg-
ἀκούσας	a)kou/sas	ἀκούω	a)kou/w	v-sapamn-
ἀκούσας	a)kou/sas	ἀκούω	a)kou/w	v-sapamv-
ἀκούσητε	a)kou/shte	ἀκούω	a)kou/w	v2pasa---
ἀκούσωσιν	a)kou/swsin	ἀκούω	a)kou/w	v3pasa---
ἀκούω	a)kou/w	ἀκούω	a)kou/w	v1spsa---
ἀκούω	a)kou/w	ἀκούω	a)kou/w	v1spia---
ἀκούων	a)kou/wn	ἀκούω	a)kou/w	v-sppamn-
ἀκοῦσαι	a)kou=sai	ἀκέω	a)ke/w	v-pppafn-
ἀκοῦσαι	a)kou=sai	ἀκέω	a)ke/w	v-pppafv-
ἀκοῦσαι	a)kou=sai	ἀκούω	a)kou/w	v--ana---
ἀκριβῶς	a)kribw=s	ἀκριβής	a)kribh/s	x--------
ἀκριβῶς	a)kribw=s	ἀκριβόω	a)kribo/w	v2spia---
ἀκριβῶς	a)kribw=s	ἀκριβῶς	a)kribw=s	d--------
ἀκάθαρτον	a)ka/qarton	ἀκάθαρτος	a)ka/qartos	n-s---ma-
ἀκάθαρτον	a)ka/qarton	ἀκάθαρτος	a)ka/qartos	n-s---fa-
ἀκάθαρτον	a)ka/qarton	ἀκάθαρτος	a)ka/qartos	n-s---nn-
ἀκάθαρτον	a)ka/qarton	ἀκάθαρτος	a)ka/qartos	n-s---nv-
ἀκάθαρτον	a)ka/qarton	ἀκάθαρτος	a)ka/qartos	n-s---na-
ἀκάνθας	a)ka/nqas	ἄκανθα	a)/kanqa	n-p---fa-
ἀκάνθας	a)ka/nqas	ἄκανθα	a)/kanqa	n-s---fg-
ἀλεύρου	a)leu/rou	ἄλευρον	a)/leuron	n-s---ng-
ἀληθείας	a)lhqei/as	ἀλήθεια	a)lh/qeia	n-p---fa-
ἀληθείας	a)lhqei/as	ἀλήθεια	a)lh/qeia	n-s---fg-
ἀληθείας	a)lhqei/as	ἀλήθεια	a)lh/qeia	n-p---fa-
ἀληθείας	a)lhqei/as	ἀλήθεια	a)lh/qeia	n-s---fg-
ἀληθινόν	a)lhqino/n	ἀληθινός	a)lhqino/s	a-s---ma-
ἀληθινόν	a)lhqino/n	ἀληθινός	a)lhqino/s	a-s---nn-
ἀληθινόν	a)lhqino/n	ἀληθινός	a)lhqino/s	a-s---nv-
ἀληθινόν	a)lhqino/n	ἀληθινός	a)lhqino/s	a-s---na-
ἀληθῶς	a)lhqw=s	ἀληθής	a)lhqh/s	x--------
ἀλλογενής	a)llogenh/s	ἀλλογενής	a)llogenh/s	n-s---mn-
ἀλλογενής	a)llogenh/s	ἀλλογενής	a)llogenh/s	n-s---fn-
ἀλλοτρίῳ	a)llotri/w|	ἀλλότριος	a)llo/trios	a-s---md-
ἀλλοτρίῳ	a)llotri/w|	ἀλλότριος	a)llo/trios	a-s---nd-
ἀλλά	a)lla/	ἀλλά	a)lla/	d--------
ἀλλήλοις	a)llh/lois	ἀλλήλων	a)llh/lwn	n-p---nd-
ἀλλήλοις	a)llh/lois	ἀλλήλων	a)llh/lwn	n-p---md-
ἀλλήλους	a)llh/lous	ἀλλήλων	a)llh/lwn	n-p---ma-
ἀλλήλων	a)llh/lwn	ἀλλήλων	a)llh/lwn	n-p---ng-
ἀλλήλων	a)llh/lwn	ἀλλήλων	a)llh/lwn	n-p---fg-
ἀλλήλων	a)llh/lwn	ἀλλήλων	a)llh/lwn	n-p---mg-
ἀλάβαστρον	a)la/bastron	ἀλάβαστρον	a)la/bastron	n-s---ma-
ἀλάβαστρον	a)la/bastron	ἀλάβαστρον	a)la/bastron	n-s---nn-
ἀλάβαστρον	a)la/bastron	ἀλάβαστρον	a)la/bastron	n-s---nv-
ἀλάβαστρον	a)la/bastron	ἀλάβαστρον	a)la/bastron	n-s---na-
ἀλέκτορα	a)le/ktora	ἀλέκτωρ	a)le/ktwr	n-s---ma-
ἀλέκτωρ	a)le/ktwr	ἀλέκτωρ	a)le/ktwr	n-s---mn-
ἀλήθουσαι	a)lh/qousai	ἀλήθω	a)lh/qw	v-pppafn-
ἀλήθουσαι	a)lh/qousai	ἀλήθω	a)lh/qw	v-pppafv-
ἀλώπεκες	a)lw/pekes	ἀλώπηξ	a)lw/phc	n-p---mn-
ἀλώπεκες	a)lw/pekes	ἀλώπηξ	a)lw/phc	n-p---mv-
ἀλώπεκες	a)lw/pekes	ἀλώπηξ	a)lw/phc	n-p---fn-
ἀλώπεκες	a)lw/pekes	ἀλώπηξ	a)lw/phc	n-p---fv-
ἀλώπεκι	a)lw/peki	ἀλώπηξ	a)lw/phc	n-s---md-
ἀλώπεκι	a)lw/peki	ἀλώπηξ	a)lw/phc	n-s---fd-
ἀμπελουργόν	a)mpelourgo/n	ἀμπελουργός	a)mpelourgo/s	n-s---ma-
ἀμπελῶνα	a)mpelw=na	ἀμπελών	a)mpelw/n	n-s---ma-
ἀμπελῶνι	a)mpelw=ni	ἀμπελών	a)mpelw/n	n-s---md-
ἀμπελῶνος	a)mpelw=nos	ἀμπελών	a)mpelw/n	n-s---mg-
ἀμπέλου	a)mpe/lou	ἄμπελος	a)/mpelos	n-s---fg-
ἀμφιέζει	a)mfie/zei	ἀμφιάζω	a)mfia/zw	v2spie---
ἀμφιέζει	a)mfie/zei	ἀμφιάζω	a)mfia/zw	v3spia---
ἀμφοτέροις	a)mfote/rois	ἀμφότερος	a)mfo/teros	a-p---md-
ἀμφοτέροις	a)mfote/rois	ἀμφότερος	a)mfo/teros	a-p---nd-
ἀμφότερα	a)mfo/tera	ἀμφότερος	a)mfo/teros	a-p---nn-
ἀμφότερα	a)mfo/tera	ἀμφότερος	a)mfo/teros	a-p---nv-
ἀμφότερα	a)mfo/tera	ἀμφότερος	a)mfo/teros	a-p---na-
ἀμφότεροι	a)mfo/teroi	ἀμφότερος	a)mfo/teros	a-p---mn-
ἀμφότεροι	a)mfo/teroi	ἀμφότερος	a)mfo/teros	a-p---mv-
ἀμήν	a)mh/n	ἁμόσ1	a(mo/s1	a-s---fa-
ἀμήν	a)mh/n	ἀμήν	a)mh/n	x--------
ἀμήν	a)mh/n	ἡμός	h(mo/s	a-s---fa-
ἀναβαινόντων	a)nabaino/ntwn	ἀναβαίνω	a)nabai/nw	v-pppamg-
ἀναβαινόντων	a)nabaino/ntwn	ἀναβαίνω	a)nabai/nw	v-pppang-
ἀναβαινόντων	a)nabaino/ntwn	ἀναβαίνω	a)nabai/nw	v3ppma---
ἀναβαίνομεν	a)nabai/nomen	ἀναβαίνω	a)nabai/nw	v1ppia---
ἀναβαίνομεν	a)nabai/nomen	ἀναβαίνω	a)nabai/nw	v1piia---
ἀναβαίνουσιν	a)nabai/nousin	ἀναβαίνω	a)nabai/nw	v-pppamd-
ἀναβαίνουσιν	a)nabai/nousin	ἀναβαίνω	a)nabai/nw	v-pppand-
ἀναβαίνουσιν	a)nabai/nousin	ἀναβαίνω	a)nabai/nw	v3ppia---
ἀναβαίνων	a)nabai/nwn	ἀναβαίνω	a)nabai/nw	v-sppamn-
ἀναβλέπουσιν	a)nable/pousin	ἀναβλέπω	a)nable/pw	v-pppamd-
ἀναβλέπουσιν	a)nable/pousin	ἀναβλέπω	a)nable/pw	v-pppand-
ἀναβλέπουσιν	a)nable/pousin	ἀναβλέπω	a)nable/pw	v3ppia---
ἀναβλέψας	a)nable/yas	ἀναβλέπω	a)nable/pw	v-sapamn-
ἀναβλέψας	a)nable/yas	ἀναβλέπω	a)nable/pw	v-sapamv-
ἀναβλέψω	a)nable/yw	ἀναβλέπω	a)nable/pw	v1sasa---
ἀναβλέψω	a)nable/yw	ἀναβλέπω	a)nable/pw	v2saim---
ἀναβάντες	a)naba/ntes	ἀναβαίνω	a)nabai/nw	v-papamn-
ἀναβάντες	a)naba/ntes	ἀναβαίνω	a)nabai/nw	v-papamv-
ἀναγαγών	a)nagagw/n	ἀνάγω	a)na/gw	v-sapamn-
ἀναγινώσκεις	a)naginw/skeis	ἀναγιγνώσκω	a)nagignw/skw	v2spia---
ἀναγνῶναι	a)nagnw=nai	ἀναγιγνώσκω	a)nagignw/skw	v--ana---
ἀναδείξεως	a)nadei/cews	ἀνάδειξις	a)na/deicis	n-s---fg-
ἀναζητοῦντες	a)nazhtou=ntes	ἀναζητέω	a)nazhte/w	v-pppamn-
ἀναζητοῦντες	a)nazhtou=ntes	ἀναζητέω	a)nazhte/w	v-pppamv-
ἀναζητοῦντες	a)nazhtou=ntes	ἀναζητέω	a)nazhte/w	v-pppamn-
ἀναζητοῦντες	a)nazhtou=ntes	ἀναζητέω	a)nazhte/w	v-pppamv-
ἀναθήμασιν	a)naqh/masin	ἀνάθημα	a)na/qhma	n-p---nd-
ἀναιρεθῆναι	a)naireqh=nai	ἀναιρέω	a)naire/w	v--anp---
ἀνακείμενος	a)nakei/menos	ἀνάκειμαι	a)na/keimai	v-srpemn-
ἀνακείμενος	a)nakei/menos	ἀνάκειμαι	a)na/keimai	v-sppemn-
ἀνακλιθήσονται	a)nakliqh/sontai	ἀνακλίνω	a)nakli/nw	v3pfip---
ἀνακλινεῖ	a)naklinei=	ἀνακλίνω	a)nakli/nw	v3sasp---
ἀνακλινεῖ	a)naklinei=	ἀνακλίνω	a)nakli/nw	v2sfim---
ἀνακλινεῖ	a)naklinei=	ἀνακλίνω	a)nakli/nw	v3sfia---
ἀνακράξας	a)nakra/cas	ἀνακράζω	a)nakra/zw	v-sapamn-
ἀνακράξας	a)nakra/cas	ἀνακράζω	a)nakra/zw	v-sapamv-
ἀνακράξας	a)nakra/cas	ἀνακράζω	a)nakra/zw	v-sapamn-
ἀνακράξας	a)nakra/cas	ἀνακράζω	a)nakra/zw	v-sapamv-
ἀνακρίνας	a)nakri/nas	ἀνακρίνω	a)nakri/nw	v-sapamn-
ἀνακρίνας	a)nakri/nas	ἀνακρίνω	a)nakri/nw	v-sapamv-
ἀνακάμψει	a)naka/myei	ἀνάκαμψις	a)na/kamyis	n-d---fn-
ἀνακάμψει	a)naka/myei	ἀνάκαμψις	a)na/kamyis	n-d---fv-
ἀνακάμψει	a)naka/myei	ἀνάκαμψις	a)na/kamyis	n-d---fa-
ἀνακάμψει	a)naka/myei	ἀνάκαμψις	a)na/kamyis	n-s---fd-
ἀνακάμψει	a)naka/myei	ἀνάκαμψις	a)na/kamyis	n-s---fd-
ἀνακάμψει	a)naka/myei	ἀνακάμπτω	a)naka/mptw	v3sasa---
ἀνακάμψει	a)naka/myei	ἀνακάμπτω	a)naka/mptw	v2sfim---
ἀνακάμψει	a)naka/myei	ἀνακάμπτω	a)naka/mptw	v3sfia---
ἀνακύψαι	a)naku/yai	ἀνακύπτω	a)naku/ptw	v--ana---
ἀνακύψαι	a)naku/yai	ἀνακύπτω	a)naku/ptw	v3saoa---
ἀνακύψατε	a)naku/yate	ἀνακύπτω	a)naku/ptw	v2pama---
ἀνακύψατε	a)naku/yate	ἀνακύπτω	a)naku/ptw	v2paia---
ἀναλήμψεως	a)nalh/myews	ἀνάληψις	a)na/lhyis	n-s---fg-
ἀναλύσῃ	a)nalu/sh|	ἀνάλυσις	a)na/lusis	n-s---fd-
ἀναλύσῃ	a)nalu/sh|	ἀναλύω	a)nalu/w	v2sasm---
ἀναλύσῃ	a)nalu/sh|	ἀναλύω	a)nalu/w	v3sasa---
ἀναλύσῃ	a)nalu/sh|	ἀναλύω	a)nalu/w	v2sfim---
ἀναλύσῃ	a)nalu/sh|	ἀναλύζω	a)nalu/zw	v2sasm---
ἀναλύσῃ	a)nalu/sh|	ἀναλύζω	a)nalu/zw	v3sasa---
ἀναλύσῃ	a)nalu/sh|	ἀναλύζω	a)nalu/zw	v2sfim---
ἀναλῶσαι	a)nalw=sai	ἀναλίσκω	a)nali/skw	v--ana---
ἀναλῶσαι	a)nalw=sai	ἀναλόω	a)nalo/w	v--ana---
ἀναπαύου	a)napau/ou	ἀναπαύω	a)napau/w	v2spme---
ἀναπαύου	a)napau/ou	ἀναπαύω	a)napau/w	v2siie---
ἀναπείρους	a)napei/rous	ἀνά-ἀπειρόω	a)na/-a)peiro/w	v2siia---
ἀναπείρους	a)napei/rous	ἀνά-ἀπειρόω	a)na/-a)peiro/w	v2siia---
ἀναπτύξας	a)naptu/cas	ἀναπτύσσω	a)naptu/ssw	v-sapamn-
ἀναπτύξας	a)naptu/cas	ἀναπτύσσω	a)naptu/ssw	v-sapamv-
ἀναπτύξας	a)naptu/cas	ἀναπτύσσω	a)naptu/ssw	v-sapamn-
ἀναπτύξας	a)naptu/cas	ἀναπτύσσω	a)naptu/ssw	v-sapamv-
ἀνασπάσει	a)naspa/sei	ἀνάσπασις	a)na/spasis	n-d---fn-
ἀνασπάσει	a)naspa/sei	ἀνάσπασις	a)na/spasis	n-d---fv-
ἀνασπάσει	a)naspa/sei	ἀνάσπασις	a)na/spasis	n-d---fa-
ἀνασπάσει	a)naspa/sei	ἀνάσπασις	a)na/spasis	n-s---fd-
ἀνασπάσει	a)naspa/sei	ἀνάσπασις	a)na/spasis	n-s---fd-
ἀνασπάσει	a)naspa/sei	ἀνασπάω	a)naspa/w	v3sasa---
ἀνασπάσει	a)naspa/sei	ἀνασπάω	a)naspa/w	v2sfim---
ἀνασπάσει	a)naspa/sei	ἀνασπάω	a)naspa/w	v3sfia---
ἀνασπάσει	a)naspa/sei	ἀνασπάω	a)naspa/w	v3sasa---
ἀνασπάσει	a)naspa/sei	ἀνασπάω	a)naspa/w	v2sfim---
ἀνασπάσει	a)naspa/sei	ἀνασπάω	a)naspa/w	v3sfia---
ἀναστάν	a)nasta/n	ἀνίστημι	a)ni/sthmi	v-sapann-
ἀναστάν	a)nasta/n	ἀνίστημι	a)ni/sthmi	v-sapanv-
ἀναστάν	a)nasta/n	ἀνίστημι	a)ni/sthmi	v-sapana-
ἀναστάντες	a)nasta/ntes	ἀνίστημι	a)ni/sthmi	v-papamn-
ἀναστάντες	a)nasta/ntes	ἀνίστημι	a)ni/sthmi	v-papamv-
ἀναστάς	a)nasta/s	ἀνίστημι	a)ni/sthmi	v-sapamn-
ἀναστάς	a)nasta/s	ἀνίστημι	a)ni/sthmi	v-sapamv-
ἀναστάσει	a)nasta/sei	ἀνάστασις	a)na/stasis	n-d---fn-
ἀναστάσει	a)nasta/sei	ἀνάστασις	a)na/stasis	n-d---fv-
ἀναστάσει	a)nasta/sei	ἀνάστασις	a)na/stasis	n-d---fa-
ἀναστάσει	a)nasta/sei	ἀνάστασις	a)na/stasis	n-s---fd-
ἀναστάσει	a)nasta/sei	ἀνάστασις	a)na/stasis	n-s---fd-
ἀναστάσει	a)nasta/sei	ἀνίστημι	a)ni/sthmi	v3sasa---
ἀναστάσει	a)nasta/sei	ἀνίστημι	a)ni/sthmi	v2sfim---
ἀναστάσει	a)nasta/sei	ἀνίστημι	a)ni/sthmi	v3sfia---
ἀναστάσεως	a)nasta/sews	ἀνάστασις	a)na/stasis	n-s---fg-
ἀναστήσεται	a)nasth/setai	ἀνίστημι	a)ni/sthmi	v3sasm---
ἀναστήσεται	a)nasth/setai	ἀνίστημι	a)ni/sthmi	v3sfim---
ἀναστήσονται	a)nasth/sontai	ἀνίστημι	a)ni/sthmi	v3pfim---
ἀναστᾶσα	a)nasta=sa	ἀνίστημι	a)ni/sthmi	v-sapafn-
ἀναστᾶσα	a)nasta=sa	ἀνίστημι	a)ni/sthmi	v-sapafv-
ἀναστῆναι	a)nasth=nai	ἀνίστημι	a)ni/sthmi	v--ana---
ἀναστῇ	a)nasth=|	ἀνίστημι	a)ni/sthmi	v2sasm---
ἀναστῇ	a)nasth=|	ἀνίστημι	a)ni/sthmi	v3sasa---
ἀνατολή	a)natolh/	ἀνατολή	a)natolh/	n-s---fn-
ἀνατολή	a)natolh/	ἀνατολή	a)natolh/	n-s---fv-
ἀνατολῶν	a)natolw=n	ἀνατολή	a)natolh/	n-p---fg-
ἀνατάξασθαι	a)nata/casqai	ἀνατάσσω	a)nata/ssw	v--anm---
ἀνατέλλουσαν	a)nate/llousan	ἀνατέλλω	a)nate/llw	v-sppafa-
ἀναφαίνεσθαι	a)nafai/nesqai	ἀναφαίνω	a)nafai/nw	v--pne---
ἀναίδειαν	a)nai/deian	ἀναίδεια	a)nai/deia	n-s---fa-
ἀνδρί	a)ndri/	ἀνδρίς	a)ndri/s	n-s---fv-
ἀνδρί	a)ndri/	ἀνήρ	a)nh/r	n-s---md-
ἀνδρός	a)ndro/s	ἀνήρ	a)nh/r	n-s---mg-
ἀνδρῶν	a)ndrw=n	ἀνδρόω	a)ndro/w	v-sppamv-
ἀνδρῶν	a)ndrw=n	ἀνδρόω	a)ndro/w	v-sppann-
ἀνδρῶν	a)ndrw=n	ἀνδρόω	a)ndro/w	v-sppanv-
ἀνδρῶν	a)ndrw=n	ἀνδρόω	a)ndro/w	v-sppana-
ἀνδρῶν	a)ndrw=n	ἀνδρόω	a)ndro/w	v-sppamn-
ἀνδρῶν	a)ndrw=n	ἀνδρόω	a)ndro/w	v--pna---
ἀνδρῶν	a)ndrw=n	ἀνήρ	a)nh/r	n-p---mg-
ἀνεζήτουν	a)nezh/toun	ἀναζητέω	a)nazhte/w	v3piia---
ἀνεζήτουν	a)nezh/toun	ἀναζητέω	a)nazhte/w	v1siia---
ἀνεκτότερον	a)nekto/teron	ἀνεκτός	a)nekto/s	x--------
ἀνεκτότερον	a)nekto/teron	ἀνεκτός	a)nekto/s	n-s---ma-
ἀνεκτότερον	a)nekto/teron	ἀνεκτός	a)nekto/s	n-s---nn-
ἀνεκτότερον	a)nekto/teron	ἀνεκτός	a)nekto/s	n-s---nv-
ἀνεκτότερον	a)nekto/teron	ἀνεκτός	a)nekto/s	n-s---na-
ἀνεκάθισεν	a)neka/qisen	ἀνακαθίζω	a)nakaqi/zw	v3saia---
ἀνεφέρετο	a)nefe/reto	ἀναφέρω	a)nafe/rw	v3siie---
ἀνεφώνησεν	a)nefw/nhsen	ἀνά-φωνέω	a)na/-fwne/w	v3saia---
ἀνεῦραν	a)neu=ran	ἀνευρίσκω	a)neuri/skw	v-sapann-
ἀνεῦραν	a)neu=ran	ἀνευρίσκω	a)neuri/skw	v-sapanv-
ἀνεῦραν	a)neu=ran	ἀνευρίσκω	a)neuri/skw	v-sapana-
ἀνεῦραν	a)neu=ran	ἀνευρίσκω	a)neuri/skw	v3paia---
ἀνεῴχθη	a)new/|xqh	ἀνοίγνυμι	a)noi/gnumi	v3saip---
ἀνθρώποις	a)nqrw/pois	ἄνθρωπος	a)/nqrwpos	n-p---md-
ἀνθρώπου	a)nqrw/pou	ἄνθρωπος	a)/nqrwpos	n-s---mg-
ἀνθρώπους	a)nqrw/pous	ἄνθρωπος	a)/nqrwpos	n-p---ma-
ἀνθρώπων	a)nqrw/pwn	ἄνθρωπος	a)/nqrwpos	n-p---mg-
ἀνθρώπῳ	a)nqrw/pw|	ἄνθρωπος	a)/nqrwpos	n-s---md-
ἀνθωμολογεῖτο	a)nqwmologei=to	ἀνθομολογέομαι	a)nqomologe/omai	v3siie---
ἀνθέξεται	a)nqe/cetai	ἀντέχω	a)nte/xw	v3sfim---
ἀνθ’	a)nq'	ἀντί	a)nti/	r--------
ἀνοιγήσεται	a)noigh/setai	ἀνοίγνυμι	a)noi/gnumi	v3sfip---
ἀνοίας	a)noi/as	ἄνοια	a)/noia	n-p---fa-
ἀνοίας	a)noi/as	ἄνοια	a)/noia	n-s---fg-
ἀνοίας	a)noi/as	ἄνοια	a)/noia	n-p---fa-
ἀνοίας	a)noi/as	ἄνοια	a)/noia	n-s---fg-
ἀνοίξωσιν	a)noi/cwsin	ἀνοίγνυμι	a)noi/gnumi	v3pasa---
ἀνταποδοθήσεται	a)ntapodoqh/setai	ἀνταποδίδωμι	a)ntapodi/dwmi	v3sfip---
ἀνταποδοῦναί	a)ntapodou=nai/	ἀνταποδίδωμι	a)ntapodi/dwmi	v--ana---
ἀνταποκριθῆναι	a)ntapokriqh=nai	ἀνταποκρίνομαι	a)ntapokri/nomai	v--anp---
ἀντελάβετο	a)ntela/beto	ἀντιλαμβάνω	a)ntilamba/nw	v3saim---
ἀντιβάλλετε	a)ntiba/llete	ἀντιβάλλω	a)ntiba/llw	v2ppma---
ἀντιβάλλετε	a)ntiba/llete	ἀντιβάλλω	a)ntiba/llw	v2ppia---
ἀντιβάλλετε	a)ntiba/llete	ἀντιβάλλω	a)ntiba/llw	v2piia---
ἀντιδίκου	a)ntidi/kou	ἀντίδικος	a)nti/dikos	n-s---mg-
ἀντιδίκου	a)ntidi/kou	ἀντίδικος	a)nti/dikos	n-s---fg-
ἀντιδίκου	a)ntidi/kou	ἀντίδικος	a)nti/dikos	n-s---ng-
ἀντικείμενοι	a)ntikei/menoi	ἀντίκειμαι	a)nti/keimai	v-prpemn-
ἀντικείμενοι	a)ntikei/menoi	ἀντίκειμαι	a)nti/keimai	v-prpemv-
ἀντικείμενοι	a)ntikei/menoi	ἀντίκειμαι	a)nti/keimai	v-pppemn-
ἀντικείμενοι	a)ntikei/menoi	ἀντίκειμαι	a)nti/keimai	v-pppemv-
ἀντιλεγόμενον	a)ntilego/menon	ἀντιλέγω	a)ntile/gw	v-sppema-
ἀντιλεγόμενον	a)ntilego/menon	ἀντιλέγω	a)ntile/gw	v-sppenn-
ἀντιλεγόμενον	a)ntilego/menon	ἀντιλέγω	a)ntile/gw	v-sppenv-
ἀντιλεγόμενον	a)ntilego/menon	ἀντιλέγω	a)ntile/gw	v-sppena-
ἀντιλέγοντες	a)ntile/gontes	ἀντιλέγω	a)ntile/gw	v-pppamn-
ἀντιλέγοντες	a)ntile/gontes	ἀντιλέγω	a)ntile/gw	v-pppamv-
ἀντιμετρηθήσεται	a)ntimetrhqh/setai	ἀντιμετρέω	a)ntimetre/w	v3sfip---
ἀντιμετρηθήσεται	a)ntimetrhqh/setai	ἀντιμετρέω	a)ntimetre/w	v3sfip---
ἀντιπαρῆλθεν	a)ntiparh=lqen	ἀντιπαρέρχομαι	a)ntipare/rxomai	v3saia---
ἀντιπαρῆλθεν	a)ntiparh=lqen	ἀντιπαρέρχομαι	a)ntipare/rxomai	v3saia---
ἀντιπέρα	a)ntipe/ra	ἀντιπέρα	a)ntipe/ra	n-d---fn-
ἀντιπέρα	a)ntipe/ra	ἀντιπέρα	a)ntipe/ra	n-d---fv-
ἀντιπέρα	a)ntipe/ra	ἀντιπέρα	a)ntipe/ra	n-d---fa-
ἀντιπέρα	a)ntipe/ra	ἀντιπέρα	a)ntipe/ra	n-s---fn-
ἀντιπέρα	a)ntipe/ra	ἀντιπέρα	a)ntipe/ra	n-s---fv-
ἀντί	a)nti/	ἀντί	a)nti/	r--------
ἀνωρθώθη	a)nwrqw/qh	ἀνορθόω	a)norqo/w	v3saip---
ἀνά	a)na/	ἀνά	a)na/	r--------
ἀνάβλεψιν	a)na/bleyin	ἀνάβλεψις	a)na/bleyis	n-s---fa-
ἀνάγαιον	a)na/gaion	ἀνάγαιον	a)na/gaion	n-s---nn-
ἀνάγαιον	a)na/gaion	ἀνάγαιον	a)na/gaion	n-s---nv-
ἀνάγαιον	a)na/gaion	ἀνάγαιον	a)na/gaion	n-s---na-
ἀνάγκασον	a)na/gkason	ἀναγκάζω	a)nagka/zw	v2sama---
ἀνάγκη	a)na/gkh	ἀνάγκη	a)na/gkh	n-s---fn-
ἀνάγκη	a)na/gkh	ἀνάγκη	a)na/gkh	n-s---fv-
ἀνάγκην	a)na/gkhn	ἀνάγκη	a)na/gkh	n-s---fa-
ἀνάμνησιν	a)na/mnhsin	ἀνάμνησις	a)na/mnhsis	n-s---fa-
ἀνάπαυσιν	a)na/pausin	ἀνάπαυσις	a)na/pausis	n-s---fa-
ἀνάπεσε	a)na/pese	ἀναπίπτω	a)napi/ptw	v2sama---
ἀνάπεσε	a)na/pese	ἀναπίπτω	a)napi/ptw	v3saia---
ἀνάστασιν	a)na/stasin	ἀνάστασις	a)na/stasis	n-s---fa-
ἀνέβη	a)ne/bh	ἀναβαίνω	a)nabai/nw	v3saia---
ἀνέβησαν	a)ne/bhsan	ἀναβαίνω	a)nabai/nw	v3paia---
ἀνέβησαν	a)ne/bhsan	ἀναβαίνω	a)nabai/nw	v3paia---
ἀνέβλεψεν	a)ne/bleyen	ἀναβλέπω	a)nable/pw	v3saia---
ἀνέγνωτε	a)ne/gnwte	ἀναγιγνώσκω	a)nagignw/skw	v2paia---
ἀνέδειξεν	a)ne/deicen	ἀναδείκνυμι	a)nadei/knumi	v3saia---
ἀνέζησεν	a)ne/zhsen	ἀναζάω	a)naza/w	v3saia---
ἀνέκλειπτον	a)ne/kleipton	ἀνέκλειπτος	a)ne/kleiptos	n-s---ma-
ἀνέκλειπτον	a)ne/kleipton	ἀνέκλειπτος	a)ne/kleiptos	n-s---fa-
ἀνέκλειπτον	a)ne/kleipton	ἀνέκλειπτος	a)ne/kleiptos	n-s---nn-
ἀνέκλειπτον	a)ne/kleipton	ἀνέκλειπτος	a)ne/kleiptos	n-s---nv-
ἀνέκλειπτον	a)ne/kleipton	ἀνέκλειπτος	a)ne/kleiptos	n-s---na-
ἀνέκλινεν	a)ne/klinen	ἀνακλίνω	a)nakli/nw	v3paip---
ἀνέκλινεν	a)ne/klinen	ἀνακλίνω	a)nakli/nw	v3saia---
ἀνέκλινεν	a)ne/klinen	ἀνακλίνω	a)nakli/nw	v3siia---
ἀνέκραξεν	a)ne/kracen	ἀνακράζω	a)nakra/zw	v3saia---
ἀνέλωσιν	a)ne/lwsin	ἀναιρέω	a)naire/w	v3pasa---
ἀνέλωσιν	a)ne/lwsin	ἀναιρέω	a)naire/w	v3pasa---
ἀνέμοις	a)ne/mois	ἄνεμος	a)/nemos	n-p---md-
ἀνέμου	a)ne/mou	ἄνεμος	a)/nemos	n-s---mg-
ἀνέμου	a)ne/mou	ἀνεμόω	a)nemo/w	v3siia---
ἀνέμου	a)ne/mou	ἀνεμόω	a)nemo/w	v2spma---
ἀνέμου	a)ne/mou	ἀνεμόω	a)nemo/w	v3siia---
ἀνέμῳ	a)ne/mw|	ἄνεμος	a)/nemos	n-s---md-
ἀνέξομαι	a)ne/comai	ἀνέχω	a)ne/xw	v1sfim---
ἀνέπεμψεν	a)ne/pemyen	ἀναπέμπω	a)nape/mpw	v3saia---
ἀνέπεσεν	a)ne/pesen	ἀναπίπτω	a)napi/ptw	v3saia---
ἀνέστη	a)ne/sth	ἀνίστημι	a)ni/sthmi	v1slia---
ἀνέστη	a)ne/sth	ἀνίστημι	a)ni/sthmi	v3saia---
ἀνήγαγον	a)nh/gagon	ἀνάγω	a)na/gw	v3paia---
ἀνήγαγον	a)nh/gagon	ἀνάγω	a)na/gw	v1saia---
ἀνήρ	a)nh/r	ἀνήρ	a)nh/r	n-s---mn-
ἀνήφθη	a)nh/fqh	ἀνάπτω	a)na/ptw	v3saip---
ἀνήχθησαν	a)nh/xqhsan	ἀνάγω	a)na/gw	v3paip---
ἀνόητοι	a)no/htoi	ἀνόητος	a)no/htos	n-p---mn-
ἀνόητοι	a)no/htoi	ἀνόητος	a)no/htos	n-p---mv-
ἀνόητοι	a)no/htoi	ἀνόητος	a)no/htos	n-p---fn-
ἀνόητοι	a)no/htoi	ἀνόητος	a)no/htos	n-p---fv-
ἀνόμων	a)no/mwn	ἄνομος	a)/nomos	n-p---mg-
ἀνόμων	a)no/mwn	ἄνομος	a)/nomos	n-p---fg-
ἀνόμων	a)no/mwn	ἄνομος	a)/nomos	n-p---ng-
ἀνύδρων	a)nu/drwn	ἄνυδρος	a)/nudros	n-p---mg-
ἀνύδρων	a)nu/drwn	ἄνυδρος	a)/nudros	n-p---fg-
ἀνύδρων	a)nu/drwn	ἄνυδρος	a)/nudros	n-p---ng-
ἀνώτερον	a)nw/teron	ἀνώτερος	a)nw/teros	a-s---ma-
ἀνώτερον	a)nw/teron	ἀνώτερος	a)nw/teros	a-s---nn-
ἀνώτερον	a)nw/teron	ἀνώτερος	a)nw/teros	a-s---nv-
ἀνώτερον	a)nw/teron	ἀνώτερος	a)nw/teros	a-s---na-
ἀξίνη	a)ci/nh	ἀξίνη	a)ci/nh	n-s---fn-
ἀξίνη	a)ci/nh	ἀξίνη	a)ci/nh	n-s---fv-
ἀξίους	a)ci/ous	ἄξιος	a)/cios	a-p---ma-
ἀξίους	a)ci/ous	ἀξιόω	a)cio/w	v2siia---
ἀξίους	a)ci/ous	ἀξιόω	a)cio/w	v2siia---
ἀπαγαγών	a)pagagw/n	ἀπάγω	a)pa/gw	v-sapamn-
ἀπαγγείλατε	a)paggei/late	ἀπαγγέλλω	a)pagge/llw	v2pama---
ἀπαγγείλατε	a)paggei/late	ἀπαγγέλλω	a)pagge/llw	v2paia---
ἀπαγγείλατε	a)paggei/late	ἀπαγγέλλω	a)pagge/llw	v2paia---
ἀπαγγέλλοντες	a)pagge/llontes	ἀπαγγέλλω	a)pagge/llw	v-pppamn-
ἀπαγγέλλοντες	a)pagge/llontes	ἀπαγγέλλω	a)pagge/llw	v-pppamv-
ἀπαγομένους	a)pagome/nous	ἀπάγω	a)pa/gw	v-pppema-
ἀπαιτοῦσιν	a)paitou=sin	ἀπαιτέω	a)paite/w	v-pppamd-
ἀπαιτοῦσιν	a)paitou=sin	ἀπαιτέω	a)paite/w	v-pppand-
ἀπαιτοῦσιν	a)paitou=sin	ἀπαιτέω	a)paite/w	v3ppia---
ἀπαιτοῦσιν	a)paitou=sin	ἀπαιτέω	a)paite/w	v-pppamd-
ἀπαιτοῦσιν	a)paitou=sin	ἀπαιτέω	a)paite/w	v-pppand-
ἀπαιτοῦσιν	a)paitou=sin	ἀπαιτέω	a)paite/w	v3ppia---
ἀπαρθῇ	a)parqh=|	ἀπαίρω	a)pai/rw	v3sasp---
ἀπαρνηθήσεται	a)parnhqh/setai	ἀπαρνέομαι	a)parne/omai	v3sfie---
ἀπαρνηθήσεται	a)parnhqh/setai	ἀπαρνέομαι	a)parne/omai	v3sfie---
ἀπαρνήσῃ	a)parnh/sh|	ἀπάρνησις	a)pa/rnhsis	n-s---fd-
ἀπαρνήσῃ	a)parnh/sh|	ἀπαρνέομαι	a)parne/omai	v2sase---
ἀπαρνήσῃ	a)parnh/sh|	ἀπαρνέομαι	a)parne/omai	v2sfie---
ἀπαρνήσῃ	a)parnh/sh|	ἀπαρνέομαι	a)parne/omai	v2stie---
ἀπαρνήσῃ	a)parnh/sh|	ἀπαρνέομαι	a)parne/omai	v2sase---
ἀπαρνήσῃ	a)parnh/sh|	ἀπαρνέομαι	a)parne/omai	v2sfie---
ἀπαρνήσῃ	a)parnh/sh|	ἀπαρνέομαι	a)parne/omai	v2stie---
ἀπαρτισμόν	a)partismo/n	ἀπαρτισμός	a)partismo/s	n-s---ma-
ἀπαίτει	a)pai/tei	ἀπαιτέω	a)paite/w	v3siia---
ἀπαίτει	a)pai/tei	ἀπαιτέω	a)paite/w	v2spma---
ἀπαίτει	a)pai/tei	ἀπαιτέω	a)paite/w	v2spma---
ἀπαίτει	a)pai/tei	ἀπαιτέω	a)paite/w	v3siia---
ἀπαίτει	a)pai/tei	ἀπαιτέω	a)paite/w	v3siia---
ἀπεδοκίμασαν	a)pedoki/masan	ἀποδοκιμάω	a)podokima/w	v3paia---
ἀπεδοκίμασαν	a)pedoki/masan	ἀποδοκιμάζω	a)podokima/zw	v3paia---
ἀπεδέξατο	a)pede/cato	ἀποδέχομαι	a)pode/xomai	v3saim---
ἀπεδέξατο	a)pede/cato	ἀποδείκνυμι	a)podei/knumi	v3saim---
ἀπεδήμησεν	a)pedh/mhsen	ἀποδημέω	a)podhme/w	v3saia---
ἀπειθεῖς	a)peiqei=s	ἀπειθέω	a)peiqe/w	v2spia---
ἀπειθεῖς	a)peiqei=s	ἀπειθής	a)peiqh/s	n-p---ma-
ἀπειθεῖς	a)peiqei=s	ἀπειθής	a)peiqh/s	n-p---fa-
ἀπειθεῖς	a)peiqei=s	ἀπειθής	a)peiqh/s	n-p---mn-
ἀπειθεῖς	a)peiqei=s	ἀπειθής	a)peiqh/s	n-p---mv-
ἀπειθεῖς	a)peiqei=s	ἀπειθής	a)peiqh/s	n-p---fn-
ἀπειθεῖς	a)peiqei=s	ἀπειθής	a)peiqh/s	n-p---fv-
ἀπεκεφάλισα	a)pekefa/lisa	ἀπό-κεφαλίζω	a)po/-kefali/zw	v1saia---
ἀπεκρίθη	a)pekri/qh	ἀποκρίνω	a)pokri/nw	v3saip---
ἀπεκρίθης	a)pekri/qhs	ἀποκρίνω	a)pokri/nw	v2saip---
ἀπεκρίθησαν	a)pekri/qhsan	ἀποκρίνω	a)pokri/nw	v3paip---
ἀπεκρίνατο	a)pekri/nato	ἀποκρίνω	a)pokri/nw	v3saim---
ἀπεκάλυψας	a)peka/luyas	ἀποκαλύπτω	a)pokalu/ptw	v2saia---
ἀπελθεῖν	a)pelqei=n	ἀπέρχομαι	a)pe/rxomai	v--ana---
ἀπελθόντες	a)pelqo/ntes	ἀπέρχομαι	a)pe/rxomai	v-papamn-
ἀπελθόντες	a)pelqo/ntes	ἀπέρχομαι	a)pe/rxomai	v-papamv-
ἀπελθών	a)pelqw/n	ἀπέρχομαι	a)pe/rxomai	v-sapamn-
ἀπελπίζοντες	a)pelpi/zontes	ἀπελπίζω	a)pelpi/zw	v-pppamn-
ἀπελπίζοντες	a)pelpi/zontes	ἀπελπίζω	a)pelpi/zw	v-pppamv-
ἀπενεχθῆναι	a)penexqh=nai	ἀποφέρω	a)pofe/rw	v--anp---
ἀπεπνίγη	a)pepni/gh	ἀποπνίγω	a)popni/gw	v3saip---
ἀπεσπάσθη	a)pespa/sqh	ἀποσπάω	a)pospa/w	v3saip---
ἀπεσταλμένοι	a)pestalme/noi	ἀποστέλλω	a)poste/llw	v-prpemn-
ἀπεσταλμένοι	a)pestalme/noi	ἀποστέλλω	a)poste/llw	v-prpemv-
ἀπεσταλμένους	a)pestalme/nous	ἀποστέλλω	a)poste/llw	v-prpema-
ἀπεστάλη	a)pesta/lh	ἀποστέλλω	a)poste/llw	v3saip---
ἀπεστάλην	a)pesta/lhn	ἀποστέλλω	a)poste/llw	v3paip---
ἀπεστάλην	a)pesta/lhn	ἀποστέλλω	a)poste/llw	v1saip---
ἀπηλλάχθαι	a)phlla/xqai	ἀπαλλαξείω	a)pallacei/w	v--rne---
ἀπιστούντων	a)pistou/ntwn	ἀπιστέω	a)piste/w	v-pppamg-
ἀπιστούντων	a)pistou/ntwn	ἀπιστέω	a)piste/w	v-pppang-
ἀπιστούντων	a)pistou/ntwn	ἀπιστέω	a)piste/w	v3ppma---
ἀποβάντεσ’	a)poba/ntes'	ἀποβαίνω	a)pobai/nw	v-papamd-
ἀποβάντεσ’	a)poba/ntes'	ἀποβαίνω	a)pobai/nw	v-papand-
ἀποβήσεται	a)pobh/setai	ἀποβαίνω	a)pobai/nw	v3sasm---
ἀποβήσεται	a)pobh/setai	ἀποβαίνω	a)pobai/nw	v3sfim---
ἀπογραφή	a)pografh/	ἀπογραφή	a)pografh/	n-s---fn-
ἀπογραφή	a)pografh/	ἀπογραφή	a)pografh/	n-s---fv-
ἀπογράφεσθαι	a)pogra/fesqai	ἀπογράφω	a)pogra/fw	v--pne---
ἀπογράψασθαι	a)pogra/yasqai	ἀπογράφω	a)pogra/fw	v--anm---
ἀποδεκατοῦτε	a)podekatou=te	ἀποδεκατόω	a)podekato/w	v2piia---
ἀποδεκατοῦτε	a)podekatou=te	ἀποδεκατόω	a)podekato/w	v2ppma---
ἀποδεκατοῦτε	a)podekatou=te	ἀποδεκατόω	a)podekato/w	v2ppia---
ἀποδεκατοῦτε	a)podekatou=te	ἀποδεκατόω	a)podekato/w	v2ppma---
ἀποδεκατοῦτε	a)podekatou=te	ἀποδεκατόω	a)podekato/w	v2ppia---
ἀποδεκατοῦτε	a)podekatou=te	ἀποδεκατόω	a)podekato/w	v2piia---
ἀποδεκατοῦτε	a)podekatou=te	ἀποδεκατόω	a)podekato/w	v2piia---
ἀποδεκατῶ	a)podekatw=	ἀποδεκατόω	a)podekato/w	v1spsa---
ἀποδεκατῶ	a)podekatw=	ἀποδεκατόω	a)podekato/w	v1spia---
ἀποδεκατῶ	a)podekatw=	ἀποδεκατόω	a)podekato/w	v1spsa---
ἀποδεκατῶ	a)podekatw=	ἀποδεκατόω	a)podekato/w	v1spia---
ἀποδεξάμενος	a)podeca/menos	ἀποδέχομαι	a)pode/xomai	v-sapmmn-
ἀποδεξάμενος	a)podeca/menos	ἀποδείκνυμι	a)podei/knumi	v-sapmmn-
ἀποδοκιμασθῆναι	a)podokimasqh=nai	ἀποδοκιμάζω	a)podokima/zw	v--anp---
ἀποδοκιμασθῆναι	a)podokimasqh=nai	ἀποδοκιμάζω	a)podokima/zw	v--anp---
ἀποδούς	a)podou/s	ἀποδίδωμι	a)podi/dwmi	v-sapamn-
ἀποδούς	a)podou/s	ἀποδίδωμι	a)podi/dwmi	v-sapamv-
ἀποδούς	a)podou/s	ἀποδίδωμι	a)podi/dwmi	v-sapamn-
ἀποδούς	a)podou/s	ἀποδίδωμι	a)podi/dwmi	v-sapamv-
ἀποδοῦναι	a)podou=nai	ἀποδίδωμι	a)podi/dwmi	v--ana---
ἀποδίδωμι	a)podi/dwmi	ἀποδίδωμι	a)podi/dwmi	v1spia---
ἀποδώσω	a)podw/sw	ἀποδίδωμι	a)podi/dwmi	v1sfia---
ἀποδῷς	a)podw=|s	ἀποδίδωμι	a)podi/dwmi	v2sasa---
ἀποδῷς	a)podw=|s	ἀποδίδωμι	a)podi/dwmi	v2sasa---
ἀποθανεῖν	a)poqanei=n	ἀποθνήσκω	a)poqnh/skw	v--ana---
ἀποθλίβουσιν	a)poqli/bousin	ἀποθλίβω	a)poqli/bw	v-pppamd-
ἀποθλίβουσιν	a)poqli/bousin	ἀποθλίβω	a)poqli/bw	v-pppand-
ἀποθλίβουσιν	a)poqli/bousin	ἀποθλίβω	a)poqli/bw	v3ppia---
ἀποθάνῃ	a)poqa/nh|	ἀποθνήσκω	a)poqnh/skw	v2sase---
ἀποθάνῃ	a)poqa/nh|	ἀποθνήσκω	a)poqnh/skw	v3sasa---
ἀποθήκας	a)poqh/kas	ἀποθήκη	a)poqh/kh	n-p---fa-
ἀποθήκας	a)poqh/kas	ἀποθήκη	a)poqh/kh	n-s---fg-
ἀποθήκη	a)poqh/kh	ἀποθέω	a)poqe/w	v3slia---
ἀποθήκη	a)poqh/kh	ἀποθέω	a)poqe/w	v1slia---
ἀποθήκη	a)poqh/kh	ἀποθήκη	a)poqh/kh	n-s---fn-
ἀποθήκη	a)poqh/kh	ἀποθήκη	a)poqh/kh	n-s---fv-
ἀποθήκην	a)poqh/khn	ἀποθέω	a)poqe/w	v1slia---
ἀποθήκην	a)poqh/khn	ἀποθήκη	a)poqh/kh	n-s---fa-
ἀποκαλυφθήσεται	a)pokalufqh/setai	ἀποκαλύπτω	a)pokalu/ptw	v3sfip---
ἀποκαλυφθῶσιν	a)pokalufqw=sin	ἀποκαλύπτω	a)pokalu/ptw	v3pasp---
ἀποκαλύπτεται	a)pokalu/ptetai	ἀποκαλύπτω	a)pokalu/ptw	v3spie---
ἀποκαλύψαι	a)pokalu/yai	ἀποκαλύπτω	a)pokalu/ptw	v--ana---
ἀποκαλύψαι	a)pokalu/yai	ἀποκαλύπτω	a)pokalu/ptw	v3saoa---
ἀποκειμένην	a)pokeime/nhn	ἀπόκειμαι	a)po/keimai	v-srpefa-
ἀποκειμένην	a)pokeime/nhn	ἀπόκειμαι	a)po/keimai	v-sppefa-
ἀποκεκυλισμένον	a)pokekulisme/non	ἀπό-κυλίνδω	a)po/-kuli/ndw	v-srpema-
ἀποκεκυλισμένον	a)pokekulisme/non	ἀπό-κυλίνδω	a)po/-kuli/ndw	v-srpenn-
ἀποκεκυλισμένον	a)pokekulisme/non	ἀπό-κυλίνδω	a)po/-kuli/ndw	v-srpenv-
ἀποκεκυλισμένον	a)pokekulisme/non	ἀπό-κυλίνδω	a)po/-kuli/ndw	v-srpena-
ἀποκλείσῃ	a)poklei/sh|	ἀπόκλεισις	a)po/kleisis	n-s---fd-
ἀποκλείσῃ	a)poklei/sh|	ἀποκλείω	a)poklei/w	v2sasm---
ἀποκλείσῃ	a)poklei/sh|	ἀποκλείω	a)poklei/w	v3sasa---
ἀποκλείσῃ	a)poklei/sh|	ἀποκλείω	a)poklei/w	v2sfim---
ἀποκριθείς	a)pokriqei/s	ἀποκρίνω	a)pokri/nw	v-sappmn-
ἀποκριθείς	a)pokriqei/s	ἀποκρίνω	a)pokri/nw	v-sappmv-
ἀποκριθείσ’	a)pokriqei/s'	ἀποκρίνω	a)pokri/nw	v-sappfd-
ἀποκριθεῖσα	a)pokriqei=sa	ἀποκρίνω	a)pokri/nw	v-sappfn-
ἀποκριθεῖσα	a)pokriqei=sa	ἀποκρίνω	a)pokri/nw	v-sappfv-
ἀποκριθέντες	a)pokriqe/ntes	ἀποκρίνω	a)pokri/nw	v-pappmn-
ἀποκριθέντες	a)pokriqe/ntes	ἀποκρίνω	a)pokri/nw	v-pappmv-
ἀποκριθῆτε	a)pokriqh=te	ἀποκρίνω	a)pokri/nw	v2pasp---
ἀποκρίσει	a)pokri/sei	ἄποκρισλς	a)/pokrisls	n-d---fn-
ἀποκρίσει	a)pokri/sei	ἄποκρισλς	a)/pokrisls	n-d---fv-
ἀποκρίσει	a)pokri/sei	ἄποκρισλς	a)/pokrisls	n-d---fa-
ἀποκρίσει	a)pokri/sei	ἄποκρισλς	a)/pokrisls	n-s---fd-
ἀποκρίσει	a)pokri/sei	ἄποκρισλς	a)/pokrisls	n-s---fd-
ἀποκρίσει	a)pokri/sei	ἀπόκρισις	a)po/krisis	n-d---fn-
ἀποκρίσει	a)pokri/sei	ἀπόκρισις	a)po/krisis	n-d---fv-
ἀποκρίσει	a)pokri/sei	ἀπόκρισις	a)po/krisis	n-d---fa-
ἀποκρίσει	a)pokri/sei	ἀπόκρισις	a)po/krisis	n-s---fd-
ἀποκρίσει	a)pokri/sei	ἀπόκρισις	a)po/krisis	n-s---fd-
ἀποκρίσεσιν	a)pokri/sesin	ἄποκρισλς	a)/pokrisls	n-p---fd-
ἀποκρίσεσιν	a)pokri/sesin	ἀπόκρισις	a)po/krisis	n-p---fd-
ἀποκτανθῆναι	a)poktanqh=nai	ἀποκτείνω	a)poktei/nw	v--anp---
ἀποκτεινόντων	a)pokteino/ntwn	ἀποκτείνω	a)poktei/nw	v-pppamg-
ἀποκτεινόντων	a)pokteino/ntwn	ἀποκτείνω	a)poktei/nw	v-pppang-
ἀποκτεινόντων	a)pokteino/ntwn	ἀποκτείνω	a)poktei/nw	v3ppma---
ἀποκτενοῦσιν	a)poktenou=sin	ἀποκτείνω	a)poktei/nw	v-pfpamd-
ἀποκτενοῦσιν	a)poktenou=sin	ἀποκτείνω	a)poktei/nw	v-pfpand-
ἀποκτενοῦσιν	a)poktenou=sin	ἀποκτείνω	a)poktei/nw	v3pfia---
ἀποκτείνουσα	a)poktei/nousa	ἀποκτείνω	a)poktei/nw	v-sppafn-
ἀποκτείνουσα	a)poktei/nousa	ἀποκτείνω	a)poktei/nw	v-sppafv-
ἀποκτείνωμεν	a)poktei/nwmen	ἀποκτείνω	a)poktei/nw	v1pasa---
ἀποκτείνωμεν	a)poktei/nwmen	ἀποκτείνω	a)poktei/nw	v1ppsa---
ἀποκτεῖναι	a)poktei=nai	ἀποκτείνω	a)poktei/nw	v--ana---
ἀποκάλυψιν	a)poka/luyin	ἀποκάλυψις	a)poka/luyis	n-s---fa-
ἀπολαμβάνομεν	a)polamba/nomen	ἀπολαμβάνω	a)polamba/nw	v1ppia---
ἀπολαμβάνομεν	a)polamba/nomen	ἀπολαμβάνω	a)polamba/nw	v1piia---
ἀπολελυμένην	a)polelume/nhn	ἀπολύω	a)polu/w	v-srpefa-
ἀπολεῖσθε	a)polei=sqe	ἀπόλλυμι	a)po/llumi	v2pfim---
ἀπολλύμεθα	a)pollu/meqa	ἀπόλλυμι	a)po/llumi	v1ppie---
ἀπολλύμεθα	a)pollu/meqa	ἀπόλλυμι	a)po/llumi	v1piie---
ἀπολλύμεθα	a)pollu/meqa	ἀπολύω	a)polu/w	v1paip---
ἀπολογηθῆναι	a)pologhqh=nai	ἀπολογέομαι	a)pologe/omai	v--ane---
ἀπολογηθῆναι	a)pologhqh=nai	ἀπολογέομαι	a)pologe/omai	v--anp---
ἀπολογήσησθε	a)pologh/shsqe	ἀπολογέομαι	a)pologe/omai	v2pase---
ἀπολογήσησθε	a)pologh/shsqe	ἀπολογέομαι	a)pologe/omai	v2pasm---
ἀπολογήσησθε	a)pologh/shsqe	ἀπολογέομαι	a)pologe/omai	v2pasa---
ἀπολομένου	a)polome/nou	ἀπόλλυμι	a)po/llumi	v-sapmmg-
ἀπολομένου	a)polome/nou	ἀπόλλυμι	a)po/llumi	v-sapmng-
ἀπολοῦνται	a)polou=ntai	ἀπόλλυμι	a)po/llumi	v3pfim---
ἀπολοῦνται	a)polou=ntai	ἀπολούω	a)polou/w	v3ppip---
ἀπολυθήσεσθε	a)poluqh/sesqe	ἀπολύω	a)polu/w	v2pfip---
ἀπολωλός	a)polwlo/s	ἀπόλλυμι	a)po/llumi	v-srpann-
ἀπολωλός	a)polwlo/s	ἀπόλλυμι	a)po/llumi	v-srpanv-
ἀπολωλός	a)polwlo/s	ἀπόλλυμι	a)po/llumi	v-srpana-
ἀπολωλώς	a)polwlw/s	ἀπόλλυμι	a)po/llumi	v-srpamn-
ἀπολωλώς	a)polwlw/s	ἀπόλλυμι	a)po/llumi	v-srpamv-
ἀπολάβωσιν	a)pola/bwsin	ἀπολαμβάνω	a)polamba/nw	v3pasa---
ἀπολάβῃ	a)pola/bh|	ἀπολαμβάνω	a)polamba/nw	v2sase---
ἀπολάβῃ	a)pola/bh|	ἀπολαμβάνω	a)polamba/nw	v3sasa---
ἀπολέλυσαι	a)pole/lusai	ἀπολύω	a)polu/w	v2srie---
ἀπολέσαι	a)pole/sai	ἀπόλλυμι	a)po/llumi	v--ana---
ἀπολέσαι	a)pole/sai	ἀπόλλυμι	a)po/llumi	v3saoa---
ἀπολέσας	a)pole/sas	ἀπόλλυμι	a)po/llumi	v-sapamn-
ἀπολέσας	a)pole/sas	ἀπόλλυμι	a)po/llumi	v-sapamv-
ἀπολέσει	a)pole/sei	ἀπόλλυμι	a)po/llumi	v3sasa---
ἀπολέσει	a)pole/sei	ἀπόλλυμι	a)po/llumi	v2sfim---
ἀπολέσει	a)pole/sei	ἀπόλλυμι	a)po/llumi	v3sfia---
ἀπολέσθαι	a)pole/sqai	ἀπόλλυμι	a)po/llumi	v--anm---
ἀπολέσῃ	a)pole/sh|	ἀπόλλυμι	a)po/llumi	v2sasm---
ἀπολέσῃ	a)pole/sh|	ἀπόλλυμι	a)po/llumi	v3sasa---
ἀπολέσῃ	a)pole/sh|	ἀπόλλυμι	a)po/llumi	v2sfim---
ἀπολύεις	a)polu/eis	ἀπολύω	a)polu/w	v2spia---
ἀπολύεις	a)polu/eis	ἀπολύω	a)polu/w	v2spia---
ἀπολύετε	a)polu/ete	ἀπολύω	a)polu/w	v2ppma---
ἀπολύετε	a)polu/ete	ἀπολύω	a)polu/w	v2ppia---
ἀπολύετε	a)polu/ete	ἀπολύω	a)polu/w	v2ppma---
ἀπολύετε	a)polu/ete	ἀπολύω	a)polu/w	v2ppia---
ἀπολύετε	a)polu/ete	ἀπολύω	a)polu/w	v2piia---
ἀπολύετε	a)polu/ete	ἀπολύω	a)polu/w	v2piia---
ἀπολύσω	a)polu/sw	ἀπολύω	a)polu/w	v1sasa---
ἀπολύσω	a)polu/sw	ἀπολύω	a)polu/w	v1sfia---
ἀπολύσω	a)polu/sw	ἀπολύω	a)polu/w	v2saim---
ἀπολύτρωσις	a)polu/trwsis	ἀπολύτρωσις	a)polu/trwsis	n-s---fn-
ἀπολύων	a)polu/wn	ἀπολύω	a)polu/w	v-sppamn-
ἀπολύων	a)polu/wn	ἀπολύω	a)polu/w	v-sppamn-
ἀπολῦσαι	a)polu=sai	ἀπολύω	a)polu/w	v--ana---
ἀπομασσόμεθα	a)pomasso/meqa	ἀπομάσσω	a)poma/ssw	v1piie---
ἀπομασσόμεθα	a)pomasso/meqa	ἀπομάσσω	a)poma/ssw	v1ppie---
ἀπομασσόμεθα	a)pomasso/meqa	ἀπομάσσω	a)poma/ssw	v1ppie---
ἀπομασσόμεθα	a)pomasso/meqa	ἀπομάσσω	a)poma/ssw	v1piie---
ἀπομασσόμεθα	a)pomasso/meqa	ἀπομάσσω	a)poma/ssw	v1piie---
ἀπορεῖσθαι	a)porei=sqai	ἀφοράω	a)fora/w	v--pne---
ἀπορεῖσθαι	a)porei=sqai	ἀπορέω	a)pore/w	v--pne---
ἀπορεῖσθαι	a)porei=sqai	ἀπορρέω	a)porre/w	v--pne---
ἀπορίᾳ	a)pori/a|	ἀπορία	a)pori/a	n-p---fn-
ἀπορίᾳ	a)pori/a|	ἀπορία	a)pori/a	n-p---fv-
ἀπορίᾳ	a)pori/a|	ἀπορία	a)pori/a	n-s---fd-
ἀποστείλαντά	a)postei/lanta/	ἀποστέλλω	a)poste/llw	v-papann-
ἀποστείλαντά	a)postei/lanta/	ἀποστέλλω	a)poste/llw	v-papanv-
ἀποστείλαντά	a)postei/lanta/	ἀποστέλλω	a)poste/llw	v-papana-
ἀποστείλαντά	a)postei/lanta/	ἀποστέλλω	a)poste/llw	v-sapama-
ἀποστείλας	a)postei/las	ἀποστέλλω	a)poste/llw	v-sapamn-
ἀποστείλας	a)postei/las	ἀποστέλλω	a)poste/llw	v-sapamv-
ἀποστεῖλαι	a)postei=lai	ἀποστέλλω	a)poste/llw	v--ana---
ἀποστοματίζειν	a)postomati/zein	ἀποστοματίζω	a)postomati/zw	v--pna---
ἀποστοματίζειν	a)postomati/zein	ἀποστοματίζω	a)postomati/zw	v--pna---
ἀποστρέφοντα	a)postre/fonta	ἀποστρέφω	a)postre/fw	v-pppann-
ἀποστρέφοντα	a)postre/fonta	ἀποστρέφω	a)postre/fw	v-pppanv-
ἀποστρέφοντα	a)postre/fonta	ἀποστρέφω	a)postre/fw	v-pppana-
ἀποστρέφοντα	a)postre/fonta	ἀποστρέφω	a)postre/fw	v-sppama-
ἀποστέλλω	a)poste/llw	ἀποστέλλω	a)poste/llw	v1sasa---
ἀποστέλλω	a)poste/llw	ἀποστέλλω	a)poste/llw	v1spsa---
ἀποστέλλω	a)poste/llw	ἀποστέλλω	a)poste/llw	v1spia---
ἀποστόλους	a)posto/lous	ἀπόστολος	a)po/stolos	n-p---ma-
ἀποτελῶ	a)potelw=	ἀποτελέω	a)potele/w	v1spsa---
ἀποτελῶ	a)potelw=	ἀποτελέω	a)potele/w	v1spia---
ἀποτελῶ	a)potelw=	ἀποτελέω	a)potele/w	v1sfia---
ἀποτελῶ	a)potelw=	ἀποτελέω	a)potele/w	v1spsa---
ἀποτελῶ	a)potelw=	ἀποτελέω	a)potele/w	v1spia---
ἀποτινάσσετε	a)potina/ssete	ἀποτινάσσω	a)potina/ssw	v2piia---
ἀποτινάσσετε	a)potina/ssete	ἀποτινάσσω	a)potina/ssw	v2ppma---
ἀποτινάσσετε	a)potina/ssete	ἀποτινάσσω	a)potina/ssw	v2ppia---
ἀποτινάσσετε	a)potina/ssete	ἀποτινάσσω	a)potina/ssw	v2ppma---
ἀποτινάσσετε	a)potina/ssete	ἀποτινάσσω	a)potina/ssw	v2ppia---
ἀποτινάσσετε	a)potina/ssete	ἀποτινάσσω	a)potina/ssw	v2piia---
ἀποτινάσσετε	a)potina/ssete	ἀποτινάσσω	a)potina/ssw	v2piia---
ἀποτάξασθαι	a)pota/casqai	ἀποτάσσω	a)pota/ssw	v--anm---
ἀποτάξασθαι	a)pota/casqai	ἀποτάσσω	a)pota/ssw	v--anm---
ἀποτάσσεται	a)pota/ssetai	ἀποτάσσω	a)pota/ssw	v3spie---
ἀποτάσσεται	a)pota/ssetai	ἀποτάσσω	a)pota/ssw	v3spie---
ἀποχωρεῖ	a)poxwrei=	ἀποχωρέω	a)poxwre/w	v2spie---
ἀποχωρεῖ	a)poxwrei=	ἀποχωρέω	a)poxwre/w	v3spia---
ἀποχωρεῖ	a)poxwrei=	ἀποχωρέω	a)poxwre/w	v2spie---
ἀποχωρεῖ	a)poxwrei=	ἀποχωρέω	a)poxwre/w	v3spia---
ἀποψυχόντων	a)poyuxo/ntwn	ἀποψύχω	a)poyu/xw	v-pppamg-
ἀποψυχόντων	a)poyuxo/ntwn	ἀποψύχω	a)poyu/xw	v-pppang-
ἀποψυχόντων	a)poyuxo/ntwn	ἀποψύχω	a)poyu/xw	v3ppma---
ἀπέδωκεν	a)pe/dwken	ἀποδίδωμι	a)podi/dwmi	v3saia---
ἀπέθανεν	a)pe/qanen	ἀποθνήσκω	a)poqnh/skw	v3saia---
ἀπέθανον	a)pe/qanon	ἀποθνήσκω	a)poqnh/skw	v3paia---
ἀπέθανον	a)pe/qanon	ἀποθνήσκω	a)poqnh/skw	v1saia---
ἀπέθνῃσκεν	a)pe/qnh|sken	ἀποθνήσκω	a)poqnh/skw	v3siia---
ἀπέκρυψας	a)pe/kruyas	ἀποκρύπτω	a)pokru/ptw	v2saia---
ἀπέκτειναν	a)pe/kteinan	ἀποκτείνω	a)poktei/nw	v3paia---
ἀπέκτεινεν	a)pe/kteinen	ἀποκτείνω	a)poktei/nw	v3saia---
ἀπέκτεινεν	a)pe/kteinen	ἀποκτείνω	a)poktei/nw	v3siia---
ἀπέλαβεν	a)pe/laben	ἀπολάπτω	a)pola/ptw	v3paip---
ἀπέλαβεν	a)pe/laben	ἀπολαμβάνω	a)polamba/nw	v3saia---
ἀπέλαβες	a)pe/labes	ἀπολαμβάνω	a)polamba/nw	v2saia---
ἀπέλθητε	a)pe/lqhte	ἀπέρχομαι	a)pe/rxomai	v2pasa---
ἀπέλθητε	a)pe/lqhte	ἀπέρχομαι	a)pe/rxomai	v2pasa---
ἀπέλυσεν	a)pe/lusen	ἀπολύω	a)polu/w	v3saia---
ἀπέπνιξαν	a)pe/pnican	ἀποπνίγω	a)popni/gw	v3paia---
ἀπέρχῃ	a)pe/rxh|	ἀπέρχομαι	a)pe/rxomai	v2spse---
ἀπέρχῃ	a)pe/rxh|	ἀπέρχομαι	a)pe/rxomai	v2spie---
ἀπέσταλκέν	a)pe/stalke/n	ἀποστέλλω	a)poste/llw	v3plia---
ἀπέσταλκέν	a)pe/stalke/n	ἀποστέλλω	a)poste/llw	v3sria---
ἀπέστειλα	a)pe/steila	ἀποστέλλω	a)poste/llw	v1saia---
ἀπέστειλαν	a)pe/steilan	ἀποστέλλω	a)poste/llw	v3paia---
ἀπέστειλεν	a)pe/steilen	ἀποστέλλω	a)poste/llw	v3saia---
ἀπέστη	a)pe/sth	ἀφεστήξω	a)festh/cw	v1slia---
ἀπέστη	a)pe/sth	ἀφεστήξω	a)festh/cw	v3saia---
ἀπέχετε	a)pe/xete	ἀπέχω	a)pe/xw	v2ppma---
ἀπέχετε	a)pe/xete	ἀπέχω	a)pe/xw	v2ppia---
ἀπέχετε	a)pe/xete	ἀπέχω	a)pe/xw	v2piia---
ἀπέχοντος	a)pe/xontos	ἀπέχω	a)pe/xw	v-sppamg-
ἀπέχοντος	a)pe/xontos	ἀπέχω	a)pe/xw	v-sppang-
ἀπέχουσαν	a)pe/xousan	ἀπέχω	a)pe/xw	v-sppafa-
ἀπήγαγον	a)ph/gagon	ἀπάγω	a)pa/gw	v3paia---
ἀπήγαγον	a)ph/gagon	ἀπάγω	a)pa/gw	v1saia---
ἀπήγγειλαν	a)ph/ggeilan	ἀπαγγέλλω	a)pagge/llw	v3paia---
ἀπήγγειλεν	a)ph/ggeilen	ἀπαγγέλλω	a)pagge/llw	v3saia---
ἀπήντησαν	a)ph/nthsan	ἀπαντάω	a)panta/w	v3piia---
ἀπήντησαν	a)ph/nthsan	ἀπαντάω	a)panta/w	v3paia---
ἀπίστων	a)pi/stwn	ἄπιστος	a)/pistos	n-p---mg-
ἀπίστων	a)pi/stwn	ἄπιστος	a)/pistos	n-p---fg-
ἀπίστων	a)pi/stwn	ἄπιστος	a)/pistos	n-p---ng-
ἀπό	a)po/	ἀπό	a)po/	r--------
ἀπόδος	a)po/dos	ἀποδίδωμι	a)podi/dwmi	v2sama---
ἀπόκρυφον	a)po/krufon	ἀπόκρυφος	a)po/krufos	n-s---ma-
ἀπόκρυφον	a)po/krufon	ἀπόκρυφος	a)po/krufos	n-s---fa-
ἀπόκρυφον	a)po/krufon	ἀπόκρυφος	a)po/krufos	n-s---nn-
ἀπόκρυφον	a)po/krufon	ἀπόκρυφος	a)po/krufos	n-s---nv-
ἀπόκρυφον	a)po/krufon	ἀπόκρυφος	a)po/krufos	n-s---na-
ἀπόληται	a)po/lhtai	ἀπόλλυμι	a)po/llumi	v3sasm---
ἀπόλλυμαι	a)po/llumai	ἀπόλλυμι	a)po/llumi	v1spie---
ἀπόλυσον	a)po/luson	ἀπολύω	a)polu/w	v2sama---
ἀπόστητε	a)po/sthte	ἀφεστήξω	a)festh/cw	v2pama---
ἀπόστητε	a)po/sthte	ἀφεστήξω	a)festh/cw	v2paia---
ἀπόστολοι	a)po/stoloi	ἀπόστολος	a)po/stolos	n-p---mn-
ἀπόστολοι	a)po/stoloi	ἀπόστολος	a)po/stolos	n-p---mv-
ἀπώλεσα	a)pw/lesa	ἀπόλλυμι	a)po/llumi	v1saia---
ἀπώλεσεν	a)pw/lesen	ἀπόλλυμι	a)po/llumi	v3saia---
ἀπῆλθεν	a)ph=lqen	ἀπέρχομαι	a)pe/rxomai	v3saia---
ἀπῆλθεν	a)ph=lqen	ἀπέρχομαι	a)pe/rxomai	v3saia---
ἀπῆλθον	a)ph=lqon	ἀπέρχομαι	a)pe/rxomai	v3paia---
ἀπῆλθον	a)ph=lqon	ἀπέρχομαι	a)pe/rxomai	v1saia---
ἀπῆλθόν	a)ph=lqo/n	ἀπέρχομαι	a)pe/rxomai	v3paia---
ἀπῆλθόν	a)ph=lqo/n	ἀπέρχομαι	a)pe/rxomai	v1saia---
ἀργύριον	a)rgu/rion	ἀργύριον	a)rgu/rion	n-s---nn-
ἀργύριον	a)rgu/rion	ἀργύριον	a)rgu/rion	n-s---nv-
ἀργύριον	a)rgu/rion	ἀργύριον	a)rgu/rion	n-s---na-
ἀρθήσεται	a)rqh/setai	ἀραρίσκω	a)rari/skw	v3sfip---
ἀρθήσεται	a)rqh/setai	αἴρω	ai)/rw	v3sfip---
ἀριθμοῦ	a)riqmou=	ἀριθμέω	a)riqme/w	v2siie---
ἀριθμοῦ	a)riqmou=	ἀριθμέω	a)riqme/w	v2spme---
ἀριθμοῦ	a)riqmou=	ἀριθμέω	a)riqme/w	v2siie---
ἀριθμοῦ	a)riqmou=	ἀριθμός	a)riqmo/s	n-s---mg-
ἀριστερῶν	a)risterw=n	ἀριστερός	a)ristero/s	a-p---fg-
ἀριστερῶν	a)risterw=n	ἀριστερός	a)ristero/s	a-p---mg-
ἀριστερῶν	a)risterw=n	ἀριστερός	a)ristero/s	a-p---ng-
ἀριστήσῃ	a)risth/sh|	ἀριστάω	a)rista/w	v2sasm---
ἀριστήσῃ	a)risth/sh|	ἀριστάω	a)rista/w	v3sasa---
ἀριστήσῃ	a)risth/sh|	ἀριστάω	a)rista/w	v2sfim---
ἀριστήσῃ	a)risth/sh|	ἀριστάω	a)rista/w	v2stie---
ἀριστήσῃ	a)risth/sh|	ἀριστάω	a)rista/w	v2stim---
ἀρκεῖσθε	a)rkei=sqe	ἀρκέω	a)rke/w	v2piie---
ἀρκεῖσθε	a)rkei=sqe	ἀρκέω	a)rke/w	v2ppme---
ἀρκεῖσθε	a)rkei=sqe	ἀρκέω	a)rke/w	v2ppoe---
ἀρκεῖσθε	a)rkei=sqe	ἀρκέω	a)rke/w	v2ppie---
ἀρκεῖσθε	a)rkei=sqe	ἀρκέω	a)rke/w	v2piie---
ἀρνησάμενός	a)rnhsa/meno/s	ἀρνέομαι	a)rne/omai	v-sapemn-
ἀρνουμένων	a)rnoume/nwn	ἀρνέομαι	a)rne/omai	v-pppefg-
ἀρνουμένων	a)rnoume/nwn	ἀρνέομαι	a)rne/omai	v-pppemg-
ἀρνουμένων	a)rnoume/nwn	ἀρνέομαι	a)rne/omai	v-pppeng-
ἀρξάμενοι	a)rca/menoi	ἄρχω	a)/rxw	v-papmmn-
ἀρξάμενοι	a)rca/menoi	ἄρχω	a)/rxw	v-papmmv-
ἀρξάμενος	a)rca/menos	ἄρχω	a)/rxw	v-sapmmn-
ἀροτριῶντα	a)rotriw=nta	ἀροτριάω	a)rotria/w	v-pppann-
ἀροτριῶντα	a)rotriw=nta	ἀροτριάω	a)rotria/w	v-pppanv-
ἀροτριῶντα	a)rotriw=nta	ἀροτριάω	a)rotria/w	v-pppana-
ἀροτριῶντα	a)rotriw=nta	ἀροτριάω	a)rotria/w	v-sppama-
ἀροτριῶντα	a)rotriw=nta	ἀροτριάζω	a)rotria/zw	v-pfpann-
ἀροτριῶντα	a)rotriw=nta	ἀροτριάζω	a)rotria/zw	v-pfpanv-
ἀροτριῶντα	a)rotriw=nta	ἀροτριάζω	a)rotria/zw	v-pfpana-
ἀροτριῶντα	a)rotriw=nta	ἀροτριάζω	a)rotria/zw	v-sfpama-
ἀροτριῶντα	a)rotriw=nta	ἀροτριόω	a)rotrio/w	v-pppann-
ἀροτριῶντα	a)rotriw=nta	ἀροτριόω	a)rotrio/w	v-pppanv-
ἀροτριῶντα	a)rotriw=nta	ἀροτριόω	a)rotrio/w	v-pppana-
ἀροτριῶντα	a)rotriw=nta	ἀροτριόω	a)rotrio/w	v-sppama-
ἀροῦσίν	a)rou=si/n	ἀείρω	a)ei/rw	v-pfpamd-
ἀροῦσίν	a)rou=si/n	ἀείρω	a)ei/rw	v-pfpand-
ἀροῦσίν	a)rou=si/n	ἀείρω	a)ei/rw	v3pfia---
ἀροῦσίν	a)rou=si/n	ἀρόω	a)ro/w	v-pppamd-
ἀροῦσίν	a)rou=si/n	ἀρόω	a)ro/w	v-pppand-
ἀροῦσίν	a)rou=si/n	ἀρόω	a)ro/w	v3ppia---
ἀροῦσίν	a)rou=si/n	αἴρω	ai)/rw	v-pfpamd-
ἀροῦσίν	a)rou=si/n	αἴρω	ai)/rw	v-pfpand-
ἀροῦσίν	a)rou=si/n	αἴρω	ai)/rw	v3pfia---
ἀρτυθήσεται	a)rtuqh/setai	ἀρτύω	a)rtu/w	v3sfip---
ἀρχαίων	a)rxai/wn	ἀρχαῖος	a)rxai=os	a-p---fg-
ἀρχαίων	a)rxai/wn	ἀρχαῖος	a)rxai=os	a-p---mg-
ἀρχαίων	a)rxai/wn	ἀρχαῖος	a)rxai=os	a-p---ng-
ἀρχιερεῖς	a)rxierei=s	ἀρχιερεύς	a)rxiereu/s	n-p---ma-
ἀρχιερεῖς	a)rxierei=s	ἀρχιερεύς	a)rxiereu/s	n-p---mn-
ἀρχιερεῖς	a)rxierei=s	ἀρχιερεύς	a)rxiereu/s	n-p---mv-
ἀρχιερεῦσιν	a)rxiereu=sin	ἀρχιερεύς	a)rxiereu/s	n-p---md-
ἀρχιερέων	a)rxiere/wn	ἀρχιέρεως	a)rxie/rews	n-p---mg-
ἀρχιερέων	a)rxiere/wn	ἀρχιερεύς	a)rxiereu/s	n-p---mg-
ἀρχιερέων	a)rxiere/wn	ἀρχιερεύς	a)rxiereu/s	n-p---mg-
ἀρχιερέως	a)rxiere/ws	ἀρχιερεύς	a)rxiereu/s	n-s----g-
ἀρχιερέως	a)rxiere/ws	ἀρχιερεύς	a)rxiereu/s	n-s----g-
ἀρχιερέως	a)rxiere/ws	ἀρχιερεύς	a)rxiereu/s	n-s---mg-
ἀρχιερέως	a)rxiere/ws	ἀρχιερεύς	a)rxiereu/s	n-s---mg-
ἀρχιερέως	a)rxiere/ws	ἀρχιερεύς	a)rxiereu/s	n-s---mn-
ἀρχισυναγώγου	a)rxisunagw/gou	ἀρχισυνάγωγος	a)rxisuna/gwgos	n-s---mg-
ἀρχισυνάγωγος	a)rxisuna/gwgos	ἀρχισυνάγωγος	a)rxisuna/gwgos	n-s---mn-
ἀρχιτελώνης	a)rxitelw/nhs	ἀρχιτελώνης	a)rxitelw/nhs	n-s---mn-
ἀρχομένων	a)rxome/nwn	ἄρχω	a)/rxw	v-pppefg-
ἀρχομένων	a)rxome/nwn	ἄρχω	a)/rxw	v-pppemg-
ἀρχομένων	a)rxome/nwn	ἄρχω	a)/rxw	v-pppeng-
ἀρχάς	a)rxa/s	ἀρχή	a)rxh/	n-p---fa-
ἀρχόντων	a)rxo/ntwn	ἄρχω	a)/rxw	v-pppamg-
ἀρχόντων	a)rxo/ntwn	ἄρχω	a)/rxw	v-pppang-
ἀρχόντων	a)rxo/ntwn	ἄρχω	a)/rxw	v3ppma---
ἀρχόντων	a)rxo/ntwn	ἄρχων	a)/rxwn	n-p---mg-
ἀρχῆς	a)rxh=s	ἀρχή	a)rxh/	n-s---fg-
ἀρχῇ	a)rxh=|	ἀρχή	a)rxh/	n-s---fd-
ἀράτω	a)ra/tw	αἴρω	ai)/rw	v3sama---
ἀρίστου	a)ri/stou	ἄριστον	a)/riston	n-s---ng-
ἀρίστου	a)ri/stou	ἄριστον	a)/riston	n-s---ng-
ἀρίστου	a)ri/stou	ἄριστος	a)/ristos	a-s---mg-
ἀρίστου	a)ri/stou	ἄριστος	a)/ristos	a-s---ng-
ἀρώματα	a)rw/mata	ἄρωμα1	a)/rwma1	n-p---nn-
ἀρώματα	a)rw/mata	ἄρωμα1	a)/rwma1	n-p---nv-
ἀρώματα	a)rw/mata	ἄρωμα1	a)/rwma1	n-p---na-
ἀρώματα	a)rw/mata	ἄρωμα2	a)/rwma2	n-p---nn-
ἀρώματα	a)rw/mata	ἄρωμα2	a)/rwma2	n-p---nv-
ἀρώματα	a)rw/mata	ἄρωμα2	a)/rwma2	n-p---na-
ἀσβέστῳ	a)sbe/stw|	ἄσβεστος	a)/sbestos	a-s---md-
ἀσβέστῳ	a)sbe/stw|	ἄσβεστος	a)/sbestos	a-s---nd-
ἀσβέστῳ	a)sbe/stw|	ἄσβεστος	a)/sbestos	n-s---md-
ἀσβέστῳ	a)sbe/stw|	ἄσβεστος	a)/sbestos	n-s---fd-
ἀσβέστῳ	a)sbe/stw|	ἄσβεστος	a)/sbestos	n-s---nd-
ἀσθενειῶν	a)sqeneiw=n	ἀσθένεια	a)sqe/neia	n-p---fg-
ἀσθενείας	a)sqenei/as	ἀσθένεια	a)sqe/neia	n-p---fa-
ἀσθενείας	a)sqenei/as	ἀσθένεια	a)sqe/neia	n-s---fg-
ἀσθενεῖς	a)sqenei=s	ἀσθενέω	a)sqene/w	v2spia---
ἀσθενεῖς	a)sqenei=s	ἀσθενής	a)sqenh/s	n-p---ma-
ἀσθενεῖς	a)sqenei=s	ἀσθενής	a)sqenh/s	n-p---fa-
ἀσθενεῖς	a)sqenei=s	ἀσθενής	a)sqenh/s	n-p---mn-
ἀσθενεῖς	a)sqenei=s	ἀσθενής	a)sqenh/s	n-p---mv-
ἀσθενεῖς	a)sqenei=s	ἀσθενής	a)sqenh/s	n-p---fn-
ἀσθενεῖς	a)sqenei=s	ἀσθενής	a)sqenh/s	n-p---fv-
ἀσθενεῖσ’	a)sqenei=s'	ἀσθενής	a)sqenh/s	n-p---md-
ἀσθενεῖσ’	a)sqenei=s'	ἀσθενής	a)sqenh/s	n-p---fd-
ἀσθενεῖσ’	a)sqenei=s'	ἀσθενής	a)sqenh/s	n-p---nd-
ἀσθενοῦντας	a)sqenou=ntas	ἀσθενέω	a)sqene/w	v-pppama-
ἀσθενοῦντας	a)sqenou=ntas	ἀσθενόω	a)sqeno/w	v-pppama-
ἀσκοί	a)skoi/	ἀσκόομαι	a)sko/omai	v2spse---
ἀσκοί	a)skoi/	ἀσκόομαι	a)sko/omai	v2spie---
ἀσκοί	a)skoi/	ἀσκός	a)sko/s	n-p---mn-
ἀσκοί	a)skoi/	ἀσκός	a)sko/s	n-p---mv-
ἀσκούς	a)skou/s	ἀσκός	a)sko/s	n-p---ma-
ἀσπασμούς	a)spasmou/s	ἀσπασμός	a)spasmo/s	n-p---ma-
ἀσπασμοῦ	a)spasmou=	ἀσπασμός	a)spasmo/s	n-s---mg-
ἀσπασμόν	a)spasmo/n	ἀσπασμός	a)spasmo/s	n-s---ma-
ἀσπασμός	a)spasmo/s	ἀσπασμός	a)spasmo/s	n-s---mn-
ἀσπάσησθε	a)spa/shsqe	ἀσπάζομαι	a)spa/zomai	v2pase---
ἀσσαρίων	a)ssari/wn	ἀσσάριον	a)ssa/rion	n-p---ng-
ἀστραπή	a)straph/	ἀστραπή	a)straph/	n-s---fn-
ἀστραπή	a)straph/	ἀστραπή	a)straph/	n-s---fv-
ἀστραπήν	a)straph/n	ἀστραπή	a)straph/	n-s---fa-
ἀστραπῇ	a)straph=|	ἀστράπτω	a)stra/ptw	v3sasp---
ἀστραπῇ	a)straph=|	ἀστραπή	a)straph/	n-s---fd-
ἀστράπτουσα	a)stra/ptousa	ἀστράπτω	a)stra/ptw	v-sppafn-
ἀστράπτουσα	a)stra/ptousa	ἀστράπτω	a)stra/ptw	v-sppafv-
ἀσφάλειαν	a)sfa/leian	ἀσφάλεια	a)sfa/leia	n-s---fa-
ἀσώτως	a)sw/tws	ἄσωτος	a)/swtos	x--------
ἀσώτως	a)sw/tws	ἄσωτος	a)/swtos	n-p---ma-
ἀσώτως	a)sw/tws	ἄσωτος	a)/swtos	n-p---fa-
ἀτενίζοντες	a)teni/zontes	ἀτενίζω	a)teni/zw	v-pppamn-
ἀτενίζοντες	a)teni/zontes	ἀτενίζω	a)teni/zw	v-pppamv-
ἀτενίσασα	a)teni/sasa	ἀτενίζω	a)teni/zw	v-sapafn-
ἀτενίσασα	a)teni/sasa	ἀτενίζω	a)teni/zw	v-sapafv-
ἀτιμάσαντες	a)tima/santes	ἀτιμάω	a)tima/w	v-papamn-
ἀτιμάσαντες	a)tima/santes	ἀτιμάω	a)tima/w	v-papamv-
ἀτιμάσαντες	a)tima/santes	ἀτιμάζω	a)tima/zw	v-papamn-
ἀτιμάσαντες	a)tima/santes	ἀτιμάζω	a)tima/zw	v-papamv-
ἀφαιρεθήσεται	a)faireqh/setai	ἀφαιρέω	a)faire/w	v3sfip---
ἀφαιρεῖται	a)fairei=tai	ἀφαιρέω	a)faire/w	v3spie---
ἀφαιρεῖται	a)fairei=tai	ἀφαιρέω	a)faire/w	v3spie---
ἀφεθήσεται	a)feqh/setai	ἀφίημι	a)fi/hmi	v3sfip---
ἀφελεῖν	a)felei=n	ἀφαιρέω	a)faire/w	v--ana---
ἀφελεῖν	a)felei=n	ἀφαιρέω	a)faire/w	v--fna---
ἀφεῖλεν	a)fei=len	ἀφαιρέω	a)faire/w	v3saia---
ἀφεῖλεν	a)fei=len	ἀφαιρέω	a)faire/w	v3saia---
ἀφιέναι	a)fie/nai	ἀφίημι	a)fi/hmi	v--pna---
ἀφορίσωσιν	a)fori/swsin	ἀφορίζω	a)fori/zw	v3pasa---
ἀφορίσωσιν	a)fori/swsin	ἀφορίζω	a)fori/zw	v3pasa---
ἀφροῦ	a)frou=	ἀφρέω	a)fre/w	v2siie---
ἀφροῦ	a)frou=	ἀφρέω	a)fre/w	v2spme---
ἀφροῦ	a)frou=	ἀφρόομαι	a)fro/omai	v2siie---
ἀφροῦ	a)frou=	ἀφρόομαι	a)fro/omai	v2spme---
ἀφροῦ	a)frou=	ἀφρόομαι	a)fro/omai	v2siie---
ἀφροῦ	a)frou=	ἀφρός	a)fro/s	n-s---mg-
ἀφέντες	a)fe/ntes	ἀφίημι	a)fi/hmi	v-papamn-
ἀφέντες	a)fe/ntes	ἀφίημι	a)fi/hmi	v-papamv-
ἀφέσει	a)fe/sei	ἄφεσις	a)/fesis	n-d---fn-
ἀφέσει	a)fe/sei	ἄφεσις	a)/fesis	n-d---fv-
ἀφέσει	a)fe/sei	ἄφεσις	a)/fesis	n-d---fa-
ἀφέσει	a)fe/sei	ἄφεσις	a)/fesis	n-s---fd-
ἀφέσει	a)fe/sei	ἄφεσις	a)/fesis	n-s---fd-
ἀφέωνται	a)fe/wntai	ἀφίημι	a)fi/hmi	v3prie---
ἀφέωνταί	a)fe/wntai/	ἀφίημι	a)fi/hmi	v3prie---
ἀφήσεις	a)fh/seis	ἀφίημι	a)fi/hmi	v2sfia---
ἀφήσουσιν	a)fh/sousin	ἀφίημι	a)fi/hmi	v-pfpamd-
ἀφήσουσιν	a)fh/sousin	ἀφίημι	a)fi/hmi	v-pfpand-
ἀφήσουσιν	a)fh/sousin	ἀφίημι	a)fi/hmi	v3pfia---
ἀφίεται	a)fi/etai	ἀφίημι	a)fi/hmi	v3spie---
ἀφίησιν	a)fi/hsin	ἀφίημι	a)fi/hmi	v3spia---
ἀφίησιν	a)fi/hsin	ἀφίημι	a)fi/hmi	v3spsa---
ἀφίησιν	a)fi/hsin	ἀφίημι	a)fi/hmi	v2spse---
ἀφίστανται	a)fi/stantai	ἀφεστήξω	a)festh/cw	v3ppie---
ἀφίστατο	a)fi/stato	ἀφεστήξω	a)festh/cw	v3siie---
ἀφίστατο	a)fi/stato	ἀφεστήξω	a)festh/cw	v3siie---
ἀφόβως	a)fo/bws	ἄφοβος	a)/fobos	x--------
ἀφόβως	a)fo/bws	ἄφοβος	a)/fobos	n-p---ma-
ἀφόβως	a)fo/bws	ἄφοβος	a)/fobos	n-p---fa-
ἀφύπνωσεν	a)fu/pnwsen	ἀφυπνόω	a)fupno/w	v3saia---
ἀφύπνωσεν	a)fu/pnwsen	ἀφυπνόω	a)fupno/w	v3saia---
ἀφύπνωσεν	a)fu/pnwsen	ἀφυπνόω	a)fupno/w	v3saia---
ἀφύπνωσεν	a)fu/pnwsen	ἀφυπνόω	a)fupno/w	v3saia---
ἀφῆκεν	a)fh=ken	ἀφήκω	a)fh/kw	v3siia---
ἀφῆκεν	a)fh=ken	ἀφίημι	a)fi/hmi	v3saia---
ἀφ’	a)f'	ἀπό	a)po/	r--------
ἀφ’	a)f'	ἀπό	a)po/	r--------
ἀχαρίστους	a)xari/stous	ἀχάριστος	a)xa/ristos	n-p---ma-
ἀχαρίστους	a)xari/stous	ἀχάριστος	a)xa/ristos	n-p---fa-
ἀχθῆναι	a)xqh=nai	ἄγω	a)/gw	v--anp---
ἀχρεῖοί	a)xrei=oi/	ἀχρεῖος	a)xrei=os	n-p---mn-
ἀχρεῖοί	a)xrei=oi/	ἀχρεῖος	a)xrei=os	n-p---mv-
ἀχρεῖοί	a)xrei=oi/	ἀχρεῖος	a)xrei=os	n-p---fn-
ἀχρεῖοί	a)xrei=oi/	ἀχρεῖος	a)xrei=os	n-p---fv-
ἁγιασθήτω	a(giasqh/tw	ἁγιάζω	a(gia/zw	v3samp---
ἁγίας	a(gi/as	ἅγιος	a(/gios	a-p---fa-
ἁγίας	a(gi/as	ἅγιος	a(/gios	a-s---fg-
ἁγίου	a(gi/ou	ἅγιος	a(/gios	a-s---mg-
ἁγίου	a(gi/ou	ἅγιος	a(/gios	a-s---ng-
ἁγίων	a(gi/wn	ἅγιος	a(/gios	a-p---fg-
ἁγίων	a(gi/wn	ἅγιος	a(/gios	a-p---mg-
ἁγίων	a(gi/wn	ἅγιος	a(/gios	a-p---ng-
ἁγίων	a(gi/wn	ἁγής	a(gh/s	n-p---mg-
ἁγίων	a(gi/wn	ἁγής	a(gh/s	n-p---fg-
ἁγίων	a(gi/wn	ἁγής	a(gh/s	n-p---ng-
ἁγίων	a(gi/wn	ἄγος	a)/gos	n-p---ng-
ἁγίῳ	a(gi/w|	ἅγιος	a(/gios	a-s---md-
ἁγίῳ	a(gi/w|	ἅγιος	a(/gios	a-s---nd-
ἁλιεῖς	a(liei=s	ἁλίζω1	a(li/zw1	v2sfia---
ἁλιεῖς	a(liei=s	ἁλίζω2	a(li/zw2	v2sfia---
ἁλιεῖς	a(liei=s	ἁλιεύς	a(lieu/s	n-p---ma-
ἁλιεῖς	a(liei=s	ἁλιεύς	a(lieu/s	n-p---mn-
ἁλιεῖς	a(liei=s	ἁλιεύς	a(lieu/s	n-p---mv-
ἁλύσεσιν	a(lu/sesin	ἅλυσις	a(/lusis	n-p---fd-
ἁμαρτιῶν	a(martiw=n	ἁμαρτία	a(marti/a	n-p---fg-
ἁμαρτωλοί	a(martwloi/	ἁμαρτωλός	a(martwlo/s	n-p---mn-
ἁμαρτωλοί	a(martwloi/	ἁμαρτωλός	a(martwlo/s	n-p---mv-
ἁμαρτωλοί	a(martwloi/	ἁμαρτωλός	a(martwlo/s	n-p---fn-
ἁμαρτωλοί	a(martwloi/	ἁμαρτωλός	a(martwlo/s	n-p---fv-
ἁμαρτωλούς	a(martwlou/s	ἁμαρτωλός	a(martwlo/s	n-p---ma-
ἁμαρτωλούς	a(martwlou/s	ἁμαρτωλός	a(martwlo/s	n-p---fa-
ἁμαρτωλοῖς	a(martwloi=s	ἁμαρτωλός	a(martwlo/s	n-p---md-
ἁμαρτωλοῖς	a(martwloi=s	ἁμαρτωλός	a(martwlo/s	n-p---fd-
ἁμαρτωλοῖς	a(martwloi=s	ἁμαρτωλός	a(martwlo/s	n-p---nd-
ἁμαρτωλός	a(martwlo/s	ἁμαρτωλός	a(martwlo/s	n-s---mn-
ἁμαρτωλός	a(martwlo/s	ἁμαρτωλός	a(martwlo/s	n-s---fn-
ἁμαρτωλῶν	a(martwlw=n	ἁμαρτωλή	a(martwlh/	n-p---fg-
ἁμαρτωλῶν	a(martwlw=n	ἁμαρτωλός	a(martwlo/s	n-p---mg-
ἁμαρτωλῶν	a(martwlw=n	ἁμαρτωλός	a(martwlo/s	n-p---fg-
ἁμαρτωλῶν	a(martwlw=n	ἁμαρτωλός	a(martwlo/s	n-p---ng-
ἁμαρτωλῷ	a(martwlw=|	ἁμαρτωλός	a(martwlo/s	n-s---md-
ἁμαρτωλῷ	a(martwlw=|	ἁμαρτωλός	a(martwlo/s	n-s---fd-
ἁμαρτωλῷ	a(martwlw=|	ἁμαρτωλός	a(martwlo/s	n-s---nd-
ἁμαρτήσῃ	a(marth/sh|	ἁμαρτάνω	a(marta/nw	v2sasm---
ἁμαρτήσῃ	a(marth/sh|	ἁμαρτάνω	a(marta/nw	v3sasa---
ἁμαρτήσῃ	a(marth/sh|	ἁμαρτάνω	a(marta/nw	v2sfim---
ἁμαρτήσῃ	a(marth/sh|	ἁμαρτέω	a(marte/w	v2sasm---
ἁμαρτήσῃ	a(marth/sh|	ἁμαρτέω	a(marte/w	v3sasa---
ἁμαρτήσῃ	a(marth/sh|	ἁμαρτέω	a(marte/w	v2sfim---
ἁμαρτήσῃ	a(marth/sh|	ἁμαρτέω	a(marte/w	v2stie---
ἁμαρτήσῃ	a(marth/sh|	ἁμαρτέω	a(marte/w	v2stim---
ἁμαρτίαι	a(marti/ai	ἁμαρτία	a(marti/a	n-p---fn-
ἁμαρτίαι	a(marti/ai	ἁμαρτία	a(marti/a	n-p---fv-
ἁμαρτίαι	a(marti/ai	ἁμαρτία	a(marti/a	n-s---fd-
ἁμαρτίας	a(marti/as	ἁμαρτία	a(marti/a	n-p---fa-
ἁμαρτίας	a(marti/as	ἁμαρτία	a(marti/a	n-s---fg-
ἁμάρτῃ	a(ma/rth|	ἁμαρτάνω	a(marta/nw	v2sase---
ἁμάρτῃ	a(ma/rth|	ἁμαρτάνω	a(marta/nw	v3sasa---
ἁπλοῦς	a(plou=s	ἁπλόος	a(plo/os	a-p---ma-
ἁπλοῦς	a(plou=s	ἁπλόος	a(plo/os	a-s---mn-
ἁπλοῦς	a(plou=s	ἁπλόω	a(plo/w	v2spia---
ἁρπαγῆς	a(rpagh=s	ἁρπαγεύς	a(rpageu/s	n-p---mn-
ἁρπαγῆς	a(rpagh=s	ἁρπαγεύς	a(rpageu/s	n-p---mn-
ἁρπαγῆς	a(rpagh=s	ἁρπαγεύς	a(rpageu/s	n-p---mv-
ἁρπαγῆς	a(rpagh=s	ἁρπαγή	a(rpagh/	n-s---fg-
ἁψάμενος	a(ya/menos	ἅπτω	a(/ptw	v-sapmmn-
ἁψάμενός	a(ya/meno/s	ἅπτω	a(/ptw	v-sapmmn-
ἄβυσσον	a)/busson	ἄβυσσος	a)/bussos	n-s---ma-
ἄβυσσον	a)/busson	ἄβυσσος	a)/bussos	n-s---fa-
ἄβυσσον	a)/busson	ἄβυσσος	a)/bussos	n-s---nn-
ἄβυσσον	a)/busson	ἄβυσσος	a)/bussos	n-s---nv-
ἄβυσσον	a)/busson	ἄβυσσος	a)/bussos	n-s---na-
ἄγγελοι	a)/ggeloi	ἄγγελος	a)/ggelos	n-p---mn-
ἄγγελοι	a)/ggeloi	ἄγγελος	a)/ggelos	n-p---mv-
ἄγγελοι	a)/ggeloi	ἄγγελος	a)/ggelos	n-p---fn-
ἄγγελοι	a)/ggeloi	ἄγγελος	a)/ggelos	n-p---fv-
ἄγγελον	a)/ggelon	ἄγγελος	a)/ggelos	n-s---ma-
ἄγγελον	a)/ggelon	ἄγγελος	a)/ggelos	n-s---fa-
ἄγγελος	a)/ggelos	ἄγγελος	a)/ggelos	n-s---mn-
ἄγγελος	a)/ggelos	ἄγγελος	a)/ggelos	n-s---fn-
ἄγγελόν	a)/ggelo/n	ἄγγελος	a)/ggelos	n-s---ma-
ἄγγελόν	a)/ggelo/n	ἄγγελος	a)/ggelos	n-s---fa-
ἄγει	a)/gei	ἄγος	a)/gos	n-d---nn-
ἄγει	a)/gei	ἄγος	a)/gos	n-d---nv-
ἄγει	a)/gei	ἄγος	a)/gos	n-d---na-
ἄγει	a)/gei	ἄγος	a)/gos	n-s---nd-
ἄγει	a)/gei	ἄγος	a)/gos	n-s---nd-
ἄγει	a)/gei	ἄγω	a)/gw	v2spie---
ἄγει	a)/gei	ἄγω	a)/gw	v3spia---
ἄγει	a)/gei	ἀγάω	a)ga/w	v3siia---
ἄγει	a)/gei	ἀγάω	a)ga/w	v2spma---
ἄγει	a)/gei	ἀγάω	a)ga/w	v3siia---
ἄγραν	a)/gran	ἄγρα	a)/gra	n-s---fa-
ἄγρᾳ	a)/gra|	ἄγρα	a)/gra	n-p---fn-
ἄγρᾳ	a)/gra|	ἄγρα	a)/gra	n-p---fv-
ἄγρᾳ	a)/gra|	ἄγρα	a)/gra	n-s---fd-
ἄδηλα	a)/dhla	ἄδηλος	a)/dhlos	n-p---nn-
ἄδηλα	a)/dhla	ἄδηλος	a)/dhlos	n-p---nv-
ἄδηλα	a)/dhla	ἄδηλος	a)/dhlos	n-p---na-
ἄδικοι	a)/dikoi	ἄδικος	a)/dikos	n-p---mn-
ἄδικοι	a)/dikoi	ἄδικος	a)/dikos	n-p---mv-
ἄδικοι	a)/dikoi	ἄδικος	a)/dikos	n-p---fn-
ἄδικοι	a)/dikoi	ἄδικος	a)/dikos	n-p---fv-
ἄδικος	a)/dikos	ἄδικος	a)/dikos	n-s---mn-
ἄδικος	a)/dikos	ἄδικος	a)/dikos	n-s---fn-
ἄδικός	a)/diko/s	ἄδικος	a)/dikos	n-s---mn-
ἄδικός	a)/diko/s	ἄδικος	a)/dikos	n-s---fn-
ἄκανθαι	a)/kanqai	ἄκανθα	a)/kanqa	n-p---fn-
ἄκανθαι	a)/kanqai	ἄκανθα	a)/kanqa	n-p---fv-
ἄκρον	a)/kron	ἄκρον	a)/kron	n-s---nn-
ἄκρον	a)/kron	ἄκρον	a)/kron	n-s---nv-
ἄκρον	a)/kron	ἄκρον	a)/kron	n-s---na-
ἄκρον	a)/kron	ἄκρος	a)/kros	a-s---ma-
ἄκρον	a)/kron	ἄκρος	a)/kros	a-s---nn-
ἄκρον	a)/kron	ἄκρος	a)/kros	a-s---nv-
ἄκρον	a)/kron	ἄκρος	a)/kros	a-s---na-
ἄκρον	a)/kron	ἄκρων	a)/krwn	n-s---mv-
ἄλλην	a)/llhn	ἄλλος	a)/llos	n-s---fa-
ἄλλοι	a)/lloi	ἄλλος	a)/llos	n-p---mn-
ἄλλοι	a)/lloi	ἄλλος	a)/llos	n-p---mv-
ἄλλοις	a)/llois	ἄλλος	a)/llos	n-p---nd-
ἄλλοις	a)/llois	ἄλλος	a)/llos	n-p---md-
ἄλλον	a)/llon	ἄλλος	a)/llos	n-s---ma-
ἄλλος	a)/llos	ἄλλος	a)/llos	n-s---mn-
ἄλλων	a)/llwn	ἄλλος	a)/llos	n-p---ng-
ἄλλων	a)/llwn	ἄλλος	a)/llos	n-p---fg-
ἄλλων	a)/llwn	ἄλλος	a)/llos	n-p---mg-
ἄλλῳ	a)/llw|	ἄλλος	a)/llos	n-s---nd-
ἄλλῳ	a)/llw|	ἄλλος	a)/llos	n-s---md-
ἄμεμπτοι	a)/memptoi	ἄμεμπτος	a)/memptos	n-p---mn-
ἄμεμπτοι	a)/memptoi	ἄμεμπτος	a)/memptos	n-p---mv-
ἄμεμπτοι	a)/memptoi	ἄμεμπτος	a)/memptos	n-p---fn-
ἄμεμπτοι	a)/memptoi	ἄμεμπτος	a)/memptos	n-p---fv-
ἄν	a)/n	ἄν1	a)/n1	g--------
ἄν	a)/n	ἄν2	a)/n2	c--------
ἄν	a)/n	ἀνά	a)na/	r--------
ἄν	a)/n	ἐάν	e)a/n	c--------
ἄν’	a)/n'	ἄνα	a)/na	n-p---fn-
ἄν’	a)/n'	ἄνα	a)/na	n-p---fv-
ἄν’	a)/n'	ἄνα	a)/na	n-s---fd-
ἄν’	a)/n'	ἄναξ	a)/nac	n-s---mv-
ἄν’	a)/n'	ἄνη	a)/nh	n-p---fn-
ἄν’	a)/n'	ἄνη	a)/nh	n-p---fv-
ἄν’	a)/n'	ἄνη	a)/nh	n-s---fd-
ἄν’	a)/n'	ἄνω1	a)/nw1	v2spma---
ἄν’	a)/n'	ἄνω1	a)/nw1	v3siia---
ἄνδρα	a)/ndra	ἀνήρ	a)nh/r	n-s---ma-
ἄνδρας	a)/ndras	ἀνήρ	a)nh/r	n-p---ma-
ἄνδρες	a)/ndres	ἀνήρ	a)nh/r	n-p---mn-
ἄνδρες	a)/ndres	ἀνήρ	a)nh/r	n-p---mv-
ἄνθρωποι	a)/nqrwpoi	ἄνθρωπος	a)/nqrwpos	n-p---mn-
ἄνθρωποι	a)/nqrwpoi	ἄνθρωπος	a)/nqrwpos	n-p---mv-
ἄνθρωπον	a)/nqrwpon	ἄνθρωπος	a)/nqrwpos	n-s---ma-
ἄνθρωπος	a)/nqrwpos	ἄνθρωπος	a)/nqrwpos	n-s---mn-
ἄνθρωπός	a)/nqrwpo/s	ἄνθρωπος	a)/nqrwpos	n-s---mn-
ἄνοιξον	a)/noicon	ἀνοίγνυμι	a)noi/gnumi	v2sama---
ἄνωθεν	a)/nwqen	ἄνωθεν	a)/nwqen	d--------
ἄξια	a)/cia	ἄξιος	a)/cios	a-p---nn-
ἄξια	a)/cia	ἄξιος	a)/cios	a-p---nv-
ἄξια	a)/cia	ἄξιος	a)/cios	a-p---na-
ἄξιον	a)/cion	ἄξιος	a)/cios	a-s---ma-
ἄξιον	a)/cion	ἄξιος	a)/cios	a-s---nn-
ἄξιον	a)/cion	ἄξιος	a)/cios	a-s---nv-
ἄξιον	a)/cion	ἄξιος	a)/cios	a-s---na-
ἄξιος	a)/cios	ἄξιος	a)/cios	a-s---mn-
ἄπιστος	a)/pistos	ἄπιστος	a)/pistos	n-s---mn-
ἄπιστος	a)/pistos	ἄπιστος	a)/pistos	n-s---fn-
ἄρα	a)/ra	ἄρα	a)/ra	g--------
ἄρα	a)/ra	ἄρον	a)/ron	n-p---nn-
ἄρα	a)/ra	ἄρον	a)/ron	n-p---nv-
ἄρα	a)/ra	ἄρον	a)/ron	n-p---na-
ἄρα	a)/ra	ἄρος	a)/ros	n-p---nn-
ἄρα	a)/ra	ἄρος	a)/ros	n-p---nv-
ἄρα	a)/ra	ἄρος	a)/ros	n-p---na-
ἄρας	a)/ras	αἴρω	ai)/rw	v-sapamn-
ἄρας	a)/ras	αἴρω	ai)/rw	v-sapamv-
ἄριστον	a)/riston	ἄριστον	a)/riston	n-s---nn-
ἄριστον	a)/riston	ἄριστον	a)/riston	n-s---nv-
ἄριστον	a)/riston	ἄριστον	a)/riston	n-s---na-
ἄριστον	a)/riston	ἄριστον	a)/riston	n-s---nn-
ἄριστον	a)/riston	ἄριστον	a)/riston	n-s---nv-
ἄριστον	a)/riston	ἄριστον	a)/riston	n-s---na-
ἄριστον	a)/riston	ἄριστος	a)/ristos	a-s---ma-
ἄριστον	a)/riston	ἄριστος	a)/ristos	a-s---nn-
ἄριστον	a)/riston	ἄριστος	a)/ristos	a-s---nv-
ἄριστον	a)/riston	ἄριστος	a)/ristos	a-s---na-
ἄρνας	a)/rnas	ἀρνός	a)rno/s	n-p---ma-
ἄρνας	a)/rnas	ἀρνός	a)rno/s	n-p---fa-
ἄρξεσθε	a)/rcesqe	ἄρχω	a)/rxw	v2pfim---
ἄρξησθε	a)/rchsqe	ἄρχω	a)/rxw	v2pasm---
ἄρξησθε	a)/rchsqe	ἄρχω	a)/rxw	v2pasa---
ἄρξηται	a)/rchtai	ἄρχω	a)/rxw	v3sasm---
ἄρξονται	a)/rcontai	ἄρχω	a)/rxw	v3pfim---
ἄρξωνται	a)/rcwntai	ἄρχω	a)/rxw	v3pasm---
ἄρξῃ	a)/rch|	ἄρχω	a)/rxw	v2sasm---
ἄρξῃ	a)/rch|	ἄρχω	a)/rxw	v3sasa---
ἄρξῃ	a)/rch|	ἄρχω	a)/rxw	v2sfim---
ἄροτρον	a)/rotron	ἄροτρον	a)/rotron	n-s---nn-
ἄροτρον	a)/rotron	ἄροτρον	a)/rotron	n-s---nv-
ἄροτρον	a)/rotron	ἄροτρον	a)/rotron	n-s---na-
ἄρσεν	a)/rsen	ἄρδω	a)/rdw	v3saia---
ἄρσεν	a)/rsen	ἄρσην	a)/rshn	n-s---nn-
ἄρσεν	a)/rsen	ἄρσην	a)/rshn	n-s---nv-
ἄρσεν	a)/rsen	ἄρσην	a)/rshn	n-s---na-
ἄρσεν	a)/rsen	ἀραρίσκω	a)rari/skw	v3saia---
ἄρτον	a)/rton	ἄρτος	a)/rtos	n-s---ma-
ἄρτος	a)/rtos	ἄρτος	a)/rtos	n-s---mn-
ἄρτου	a)/rtou	ἄρτος	a)/rtos	n-s---mg-
ἄρτους	a)/rtous	ἄρτος	a)/rtos	n-p---ma-
ἄρτων	a)/rtwn	ἄρτος	a)/rtos	n-p---mg-
ἄρτων	a)/rtwn	ἀρτάω	a)rta/w	v3piia---
ἄρτων	a)/rtwn	ἀρτάω	a)rta/w	v1siia---
ἄρτων	a)/rtwn	ἀρτάω	a)rta/w	v3piia---
ἄρτων	a)/rtwn	ἀρτάω	a)rta/w	v1siia---
ἄρτῳ	a)/rtw|	ἄρτος	a)/rtos	n-s---md-
ἄρχοντα	a)/rxonta	ἄρχω	a)/rxw	v-pppann-
ἄρχοντα	a)/rxonta	ἄρχω	a)/rxw	v-pppanv-
ἄρχοντα	a)/rxonta	ἄρχω	a)/rxw	v-pppana-
ἄρχοντα	a)/rxonta	ἄρχω	a)/rxw	v-sppama-
ἄρχοντα	a)/rxonta	ἄρχων	a)/rxwn	n-s---ma-
ἄρχοντας	a)/rxontas	ἄρχω	a)/rxw	v-pppama-
ἄρχοντας	a)/rxontas	ἄρχων	a)/rxwn	n-p---ma-
ἄρχοντες	a)/rxontes	ἄρχω	a)/rxw	v-pppamn-
ἄρχοντες	a)/rxontes	ἄρχω	a)/rxw	v-pppamv-
ἄρχοντες	a)/rxontes	ἄρχων	a)/rxwn	n-p---mn-
ἄρχοντες	a)/rxontes	ἄρχων	a)/rxwn	n-p---mv-
ἄρχοντι	a)/rxonti	ἄρχω	a)/rxw	v-sppamd-
ἄρχοντι	a)/rxonti	ἄρχω	a)/rxw	v-sppand-
ἄρχοντι	a)/rxonti	ἄρχω	a)/rxw	v3ppia---
ἄρχοντι	a)/rxonti	ἄρχων	a)/rxwn	n-s---md-
ἄρχων	a)/rxwn	ἄρχω	a)/rxw	v-sppamn-
ἄρχων	a)/rxwn	ἄρχων	a)/rxwn	n-s---mn-
ἄστροις	a)/strois	ἄστρον	a)/stron	n-p---nd-
ἄτεκνος	a)/teknos	ἄτεκνος	a)/teknos	n-s---mn-
ἄτεκνος	a)/teknos	ἄτεκνος	a)/teknos	n-s---fn-
ἄτερ	a)/ter	ἄτερ	a)/ter	r--------
ἄτοπον	a)/topon	ἄτοπος	a)/topos	n-s---ma-
ἄτοπον	a)/topon	ἄτοπος	a)/topos	n-s---fa-
ἄτοπον	a)/topon	ἄτοπος	a)/topos	n-s---nn-
ἄτοπον	a)/topon	ἄτοπος	a)/topos	n-s---nv-
ἄτοπον	a)/topon	ἄτοπος	a)/topos	n-s---na-
ἄφαντος	a)/fantos	ἄφαντος	a)/fantos	n-s---mn-
ἄφαντος	a)/fantos	ἄφαντος	a)/fantos	n-s---fn-
ἄφες	a)/fes	ἀφίημι	a)fi/hmi	v2sama---
ἄφεσιν	a)/fesin	ἄφεσις	a)/fesis	n-s---fa-
ἄφρονες	a)/frones	ἄφρων	a)/frwn	n-p---mn-
ἄφρονες	a)/frones	ἄφρων	a)/frwn	n-p---mv-
ἄφρονες	a)/frones	ἄφρων	a)/frwn	n-p---fn-
ἄφρονες	a)/frones	ἄφρων	a)/frwn	n-p---fv-
ἄχρι	a)/xri	ἄχρι	a)/xri	d--------
ἄχυρον	a)/xuron	ἄχυρον	a)/xuron	n-s---nn-
ἄχυρον	a)/xuron	ἄχυρον	a)/xuron	n-s---nv-
ἄχυρον	a)/xuron	ἄχυρον	a)/xuron	n-s---na-
ἄχυρον	a)/xuron	ἄχυρος	a)/xuros	n-s---ma-
ἄχυρον	a)/xuron	ἀχυρός	a)xuro/s	n-s---ma-
ἅ	a(/	ὁ	o(	l-s---fn-
ἅ	a(/	ὅς	o(/s	p-p---na-
ἅ	a(/	ὅς	o(/s	p-p---nn-
ἅ	a(/	ὅς	o(/s	p-d---fa-
ἅ	a(/	ὅς	o(/s	p-d---fn-
ἅ	a(/	ὅς	o(/s	p-s---fn-
ἅγιον	a(/gion	ἅγιος	a(/gios	a-s---ma-
ἅγιον	a(/gion	ἅγιος	a(/gios	a-s---nn-
ἅγιον	a(/gion	ἅγιος	a(/gios	a-s---nv-
ἅγιον	a(/gion	ἅγιος	a(/gios	a-s---na-
ἅγιος	a(/gios	ἅγιος	a(/gios	a-s---mn-
ἅγιος	a(/gios	ἄγος	a)/gos	n-s---ng-
ἅλας	a(/las	ἅλας	a(/las	n-s---nn-
ἅλας	a(/las	ἅλας	a(/las	n-s---nv-
ἅλας	a(/las	ἅλας	a(/las	n-s---na-
ἅλας	a(/las	ἅλς	a(/ls	n-p---ma-
ἅλας	a(/las	ἅλς	a(/ls	n-p---fa-
ἅλωνα	a(/lwna	ἅλων	a(/lwn	n-s---fa-
ἅπαν	a(/pan	ἅπας	a(/pas	a-s---nn-
ἅπαν	a(/pan	ἅπας	a(/pas	a-s---nv-
ἅπαν	a(/pan	ἅπας	a(/pas	a-s---na-
ἅπαντα	a(/panta	ἅπας	a(/pas	a-p---nn-
ἅπαντα	a(/panta	ἅπας	a(/pas	a-p---nv-
ἅπαντα	a(/panta	ἅπας	a(/pas	a-p---na-
ἅπαντα	a(/panta	ἅπας	a(/pas	a-s---ma-
ἅπαντας	a(/pantas	ἅπας	a(/pas	a-p---ma-
ἅπαντες	a(/pantes	ἅπας	a(/pas	a-p---mn-
ἅπαντες	a(/pantes	ἅπας	a(/pas	a-p---mv-
ἅπας	a(/pas	ἅπας	a(/pas	a-s---mn-
ἅπας	a(/pas	ἅπας	a(/pas	a-s---mv-
ἅπασ’	a(/pas'	ἅπας	a(/pas	a-s---fn-
ἅπασ’	a(/pas'	ἅπας	a(/pas	a-s---fv-
ἅπασ’	a(/pas'	ἅπας	a(/pas	a-p---md-
ἅπασ’	a(/pas'	ἅπας	a(/pas	a-p---nd-
ἅπασ’	a(/pas'	ἅπας	a(/pas	a-p---fn-
ἅπασ’	a(/pas'	ἅπας	a(/pas	a-p---fv-
ἅπασαν	a(/pasan	ἅπας	a(/pas	a-s---fa-
ἅπτει	a(/ptei	ἅπτω	a(/ptw	v2spie---
ἅπτει	a(/ptei	ἅπτω	a(/ptw	v3spia---
ἅπτεσθαι	a(/ptesqai	ἅπτω	a(/ptw	v--pne---
ἅπτεται	a(/ptetai	ἅπτω	a(/ptw	v3spie---
ἅπτηται	a(/pthtai	ἅπτω	a(/ptw	v3spse---
ἅρπαγες	a(/rpages	ἅρπαξ	a(/rpac	n-p---mn-
ἅρπαγες	a(/rpages	ἅρπαξ	a(/rpac	n-p---mv-
ἅρπαγες	a(/rpages	ἅρπαξ	a(/rpac	n-p---fn-
ἅρπαγες	a(/rpages	ἅρπαξ	a(/rpac	n-p---fv-
ἅψας	a(/yas	ἅπτω	a(/ptw	v-sapamn-
ἅψας	a(/yas	ἅπτω	a(/ptw	v-sapamv-
ἅψας	a(/yas	ἅπτω	a(/ptw	v2saia---
ἆρα	a)=ra	ἆρα	a)=ra	x--------
ἆρα	a)=ra	αἴρω	ai)/rw	v1saia---
ἆρα	a)=ra	αἴρω	ai)/rw	v1saia---
ἆραι	a)=rai	αἴρω	ai)/rw	v2samm---
ἆραι	a)=rai	αἴρω	ai)/rw	v--ana---
Ἀαρών	*)aarw/n	Ἀαρών	*)aarw/n	n-s---mn-
Ἀαρών	*)aarw/n	Ἀαρών	*)aarw/n	n-s---mv-
Ἀβραάμ	*)abraa/m	Ἀβραάμ	*)abraa/m	n-s---n--
Ἀγαπήσεις	*)agaph/seis	ἀγάπησις	a)ga/phsis	n-p---fn-
Ἀγαπήσεις	*)agaph/seis	ἀγάπησις	a)ga/phsis	n-p---fv-
Ἀγαπήσεις	*)agaph/seis	ἀγάπησις	a)ga/phsis	n-p---fn-
Ἀγαπήσεις	*)agaph/seis	ἀγάπησις	a)ga/phsis	n-p---fa-
Ἀγαπήσεις	*)agaph/seis	ἀγαπάω	a)gapa/w	v2sasa---
Ἀγαπήσεις	*)agaph/seis	ἀγαπάω	a)gapa/w	v2sfia---
Ἀγαπήσεις	*)agaph/seis	ἀγαπάω	a)gapa/w	v2stia---
Ἀγρόν	*)agro/n	ἀγρός	a)gro/s	n-s---ma-
Ἀγωνίζεσθε	*)agwni/zesqe	ἀγωνίζομαι	a)gwni/zomai	v2piie---
Ἀγωνίζεσθε	*)agwni/zesqe	ἀγωνίζομαι	a)gwni/zomai	v2ppme---
Ἀγωνίζεσθε	*)agwni/zesqe	ἀγωνίζομαι	a)gwni/zomai	v2ppie---
Ἀγωνίζεσθε	*)agwni/zesqe	ἀγωνίζομαι	a)gwni/zomai	v2piie---
Ἀδελφέ	*)adelfe/	ἀδελφός	a)delfo/s	n-s---mv-
Ἀδάμ	*)ada/m	Ἀδάμ	*)ada/m	n-s---m--
Ἀκολουθήσω	*)akolouqh/sw	ἀκολουθέω	a)kolouqe/w	v2saim---
Ἀκολουθήσω	*)akolouqh/sw	ἀκολουθέω	a)kolouqe/w	v1sasa---
Ἀκολουθήσω	*)akolouqh/sw	ἀκολουθέω	a)kolouqe/w	v1sfia---
Ἀκολουθήσω	*)akolouqh/sw	ἀκολουθέω	a)kolouqe/w	v1stia---
Ἀκολουθήσω	*)akolouqh/sw	ἀκολουθέω	a)kolouqe/w	v2saim---
Ἀκολούθει	*)akolou/qei	ἀκολουθέω	a)kolouqe/w	v3siia---
Ἀκολούθει	*)akolou/qei	ἀκολουθέω	a)kolouqe/w	v2spma---
Ἀκολούθει	*)akolou/qei	ἀκολουθέω	a)kolouqe/w	v3siia---
Ἀκουόντων	*)akouo/ntwn	ἀκούω	a)kou/w	v-pppamg-
Ἀκουόντων	*)akouo/ntwn	ἀκούω	a)kou/w	v-pppang-
Ἀκουόντων	*)akouo/ntwn	ἀκούω	a)kou/w	v3ppma---
Ἀκούοντος	*)akou/ontos	ἀκούω	a)kou/w	v-sppamg-
Ἀκούοντος	*)akou/ontos	ἀκούω	a)kou/w	v-sppang-
Ἀκούσας	*)akou/sas	ἀέκων	a)e/kwn	a-p---fa-
Ἀκούσας	*)akou/sas	ἀέκων	a)e/kwn	a-s---fg-
Ἀκούσας	*)akou/sas	ἀκέω	a)ke/w	v-pppafa-
Ἀκούσας	*)akou/sas	ἀκέω	a)ke/w	v-sppafg-
Ἀκούσας	*)akou/sas	ἀκούω	a)kou/w	v-sapamn-
Ἀκούσας	*)akou/sas	ἀκούω	a)kou/w	v-sapamv-
Ἀκούσατε	*)akou/sate	ἀκούω	a)kou/w	v2pama---
Ἀκούσατε	*)akou/sate	ἀκούω	a)kou/w	v2paia---
Ἀκούσατε	*)akou/sate	ἀκούω	a)kou/w	v2paia---
Ἀληθῶς	*)alhqw=s	ἀληθής	a)lhqh/s	x--------
Ἀλλά	*)alla/	ἀλλά	a)lla/	d--------
Ἀμήν	*)amh/n	ἁμόσ1	a(mo/s1	a-s---fa-
Ἀμήν	*)amh/n	ἀμήν	a)mh/n	x--------
Ἀμήν	*)amh/n	ἡμός	h(mo/s	a-s---fa-
Ἀμώς	*)amw/s	ἁμόσ1	a(mo/s1	a-p---ma-
Ἀμώς	*)amw/s	ἡμός	h(mo/s	a-p---ma-
Ἀναβλέψας	*)anable/yas	ἀναβλέπω	a)nable/pw	v-sapamn-
Ἀναβλέψας	*)anable/yas	ἀναβλέπω	a)nable/pw	v-sapamv-
Ἀνασείει	*)anasei/ei	ἀνασείω	a)nasei/w	v3sasa---
Ἀνασείει	*)anasei/ei	ἀνασείω	a)nasei/w	v2sfim---
Ἀνασείει	*)anasei/ei	ἀνασείω	a)nasei/w	v3sfia---
Ἀνασείει	*)anasei/ei	ἀνασείω	a)nasei/w	v2spie---
Ἀνασείει	*)anasei/ei	ἀνασείω	a)nasei/w	v3spia---
Ἀναστάς	*)anasta/s	ἀνίστημι	a)ni/sthmi	v-sapamn-
Ἀναστάς	*)anasta/s	ἀνίστημι	a)ni/sthmi	v-sapamv-
Ἀναστᾶσα	*)anasta=sa	ἀνίστημι	a)ni/sthmi	v-sapafn-
Ἀναστᾶσα	*)anasta=sa	ἀνίστημι	a)ni/sthmi	v-sapafv-
Ἀνδρέαν	*)andre/an	Ἀνδρέας	*)andre/as	n-s---ma-
Ἀνθρώπου	*)anqrw/pou	ἄνθρωπος	a)/nqrwpos	n-s---mg-
Ἀνάβλεψον	*)ana/bleyon	ἀναβλέπω	a)nable/pw	v2sama---
Ἀνέβη	*)ane/bh	ἀναβαίνω	a)nabai/nw	v3saia---
Ἀνέκραγον	*)ane/kragon	ἀνακράζω	a)nakra/zw	v3paia---
Ἀνέκραγον	*)ane/kragon	ἀνακράζω	a)nakra/zw	v1saia---
Ἀνένδεκτόν	*)ane/ndekto/n	ἀνένδεκτος	a)ne/ndektos	n-s---ma-
Ἀνένδεκτόν	*)ane/ndekto/n	ἀνένδεκτος	a)ne/ndektos	n-s---fa-
Ἀνένδεκτόν	*)ane/ndekto/n	ἀνένδεκτος	a)ne/ndektos	n-s---nn-
Ἀνένδεκτόν	*)ane/ndekto/n	ἀνένδεκτος	a)ne/ndektos	n-s---nv-
Ἀνένδεκτόν	*)ane/ndekto/n	ἀνένδεκτος	a)ne/ndektos	n-s---na-
Ἀπελθόντων	*)apelqo/ntwn	ἀπέρχομαι	a)pe/rxomai	v-papamg-
Ἀπελθόντων	*)apelqo/ntwn	ἀπέρχομαι	a)pe/rxomai	v-papang-
Ἀπελθόντων	*)apelqo/ntwn	ἀπέρχομαι	a)pe/rxomai	v3pama---
Ἀποκριθείς	*)apokriqei/s	ἀποκρίνω	a)pokri/nw	v-sappmn-
Ἀποκριθείς	*)apokriqei/s	ἀποκρίνω	a)pokri/nw	v-sappmv-
Ἀποστελῶ	*)apostelw=	ἀποστέλλω	a)poste/llw	v1sfia---
Ἀπόλυσον	*)apo/luson	ἀπολύω	a)polu/w	v2sama---
Ἀρνί’	*)arni/'	ἀρνίον	a)rni/on	n-p---nn-
Ἀρνί’	*)arni/'	ἀρνίον	a)rni/on	n-p---nv-
Ἀρνί’	*)arni/'	ἀρνίον	a)rni/on	n-p---na-
Ἀφέωνταί	*)afe/wntai/	ἀφίημι	a)fi/hmi	v3prie---
Ἄλλους	*)/allous	ἄλλος	a)/llos	n-p---ma-
Ἄνθρωπε	*)/anqrwpe	ἄνθρωπος	a)/nqrwpos	n-s---mv-
Ἄνθρωποι	*)/anqrwpoi	ἄνθρωπος	a)/nqrwpos	n-p---mn-
Ἄνθρωποι	*)/anqrwpoi	ἄνθρωπος	a)/nqrwpos	n-p---mv-
Ἄνθρωπος	*)/anqrwpos	ἄνθρωπος	a)/nqrwpos	n-s---mn-
Ἄνθρωπός	*)/anqrwpo/s	ἄνθρωπος	a)/nqrwpos	n-s---mn-
Ἄξιός	*)/acio/s	Ἄξιος	*)/acios	n-s---mn-
Ἄξιός	*)/acio/s	ἄξιος	a)/cios	a-s---mn-
Ἄρατε	*)/arate	Ἄρατος	*)/aratos	n-s---mv-
Ἄρατε	*)/arate	αἴρω	ai)/rw	v2pama---
Ἄρατε	*)/arate	αἴρω	ai)/rw	v2paia---
Ἄρατε	*)/arate	αἴρω	ai)/rw	v2paia---
Ἄφες	*)/afes	ἀφίημι	a)fi/hmi	v2sama---
Ἄφετε	*)/afete	ἄφετος	a)/fetos	n-s---mv-
Ἄφετε	*)/afete	ἄφετος	a)/fetos	n-s---fv-
Ἄφετε	*)/afete	ἀφίημι	a)fi/hmi	v2pama---
Ἄφετε	*)/afete	ἀφίημι	a)fi/hmi	v2paia---
Ἄφρων	*)/afrwn	ἄφρων	a)/frwn	n-s---mn-
Ἄφρων	*)/afrwn	ἄφρων	a)/frwn	n-s---fn-
ἐβαπτίσθη	e)bapti/sqh	βαπτίζω	bapti/zw	v3saip---
ἐβλασφήμει	e)blasfh/mei	βλασφημέω	blasfhme/w	v3siia---
ἐβάθυνεν	e)ba/qunen	βαθύνω	baqu/nw	v3siia---
ἐβάθυνεν	e)ba/qunen	βαθύνω	baqu/nw	v3saia---
ἐβέβλητο	e)be/blhto	βάλλω	ba/llw	v3slie---
ἐβόησεν	e)bo/hsen	βοάω	boa/w	v3saia---
ἐγαμίζοντο	e)gami/zonto	γαμίζω	gami/zw	v3piie---
ἐγγέγραπται	e)gge/graptai	ἐγγράφω	e)ggra/fw	v3srie---
ἐγγύς	e)ggu/s	ἐγγύς	e)ggu/s	d--------
ἐγενήθη	e)genh/qh	γίγνομαι	gi/gnomai	v3saip---
ἐγενήθησαν	e)genh/qhsan	γίγνομαι	gi/gnomai	v3paip---
ἐγερθείς	e)gerqei/s	ἐγείρω	e)gei/rw	v-sappmn-
ἐγερθείς	e)gerqei/s	ἐγείρω	e)gei/rw	v-sappmv-
ἐγερθήσεται	e)gerqh/setai	ἐγείρω	e)gei/rw	v3sfip---
ἐγερθῆναι	e)gerqh=nai	ἐγείρω	e)gei/rw	v--anp---
ἐγερθῇ	e)gerqh=|	ἐγείρω	e)gei/rw	v3sasp---
ἐγείρονται	e)gei/rontai	ἐγείρω	e)gei/rw	v3ppie---
ἐγεῖραι	e)gei=rai	ἐγείρω	e)gei/rw	v--ana---
ἐγκαθέτους	e)gkaqe/tous	ἐγκάθετος	e)gka/qetos	n-p---ma-
ἐγκαθέτους	e)gkaqe/tous	ἐγκάθετος	e)gka/qetos	n-p---fa-
ἐγκακεῖν	e)gkakei=n	ἐγκακέω	e)gkake/w	v--pna---
ἐγκακεῖν	e)gkakei=n	ἐγκακέω	e)gkake/w	v--pna---
ἐγκύῳ	e)gku/w|	ἔγκυος	e)/gkuos	n-s---md-
ἐγκύῳ	e)gku/w|	ἔγκυος	e)/gkuos	n-s---fd-
ἐγκύῳ	e)gku/w|	ἔγκυος	e)/gkuos	n-s---nd-
ἐγνώρισαν	e)gnw/risan	γνωρίζω	gnwri/zw	v3paia---
ἐγνώρισεν	e)gnw/risen	γνωρίζω	gnwri/zw	v3saia---
ἐγνώσθη	e)gnw/sqh	γιγνώσκω	gignw/skw	v3saip---
ἐγάμουν	e)ga/moun	γαμέω	game/w	v3piia---
ἐγάμουν	e)ga/moun	γαμέω	game/w	v1siia---
ἐγένεσθε	e)ge/nesqe	γίγνομαι	gi/gnomai	v2paim---
ἐγένετο	e)ge/neto	γίγνομαι	gi/gnomai	v3saim---
ἐγέννησαν	e)ge/nnhsan	γεννάω	genna/w	v3piia---
ἐγέννησαν	e)ge/nnhsan	γεννάω	genna/w	v3paia---
ἐγέννησεν	e)ge/nnhsen	γεννάω	genna/w	v3saia---
ἐγένοντο	e)ge/nonto	γίγνομαι	gi/gnomai	v3paim---
ἐγένου	e)ge/nou	γίγνομαι	gi/gnomai	v2saim---
ἐγέρθητι	e)ge/rqhti	ἐγείρω	e)gei/rw	v2samp---
ἐγίνωσκεν	e)gi/nwsken	γιγνώσκω	gignw/skw	v3siia---
ἐγίνωσκον	e)gi/nwskon	γιγνώσκω	gignw/skw	v3piia---
ἐγίνωσκον	e)gi/nwskon	γιγνώσκω	gignw/skw	v1siia---
ἐγόγγυζον	e)go/gguzon	γογγύζω	goggu/zw	v3piia---
ἐγόγγυζον	e)go/gguzon	γογγύζω	goggu/zw	v1siia---
ἐγώ	e)gw/	ἐγώ	e)gw/	p-s---mn-
ἐγώ	e)gw/	ἐγώ	e)gw/	p-s---mv-
ἐγώ	e)gw/	ἐγώ	e)gw/	p-s---fn-
ἐγώ	e)gw/	ἐγώ	e)gw/	p-s---fv-
ἐδαφιοῦσίν	e)dafiou=si/n	ἐδαφίζω	e)dafi/zw	v-pfpamd-
ἐδαφιοῦσίν	e)dafiou=si/n	ἐδαφίζω	e)dafi/zw	v-pfpand-
ἐδαφιοῦσίν	e)dafiou=si/n	ἐδαφίζω	e)dafi/zw	v3pfia---
ἐδεσμεύετο	e)desmeu/eto	δεσμεύω	desmeu/w	v3siie---
ἐδεήθη	e)deh/qh	δέω2	de/w2	v3saip---
ἐδεήθην	e)deh/qhn	δέω2	de/w2	v3paip---
ἐδεήθην	e)deh/qhn	δέω2	de/w2	v1saip---
ἐδεῖτο	e)dei=to	δέομαι	de/omai	v3siie---
ἐδεῖτο	e)dei=to	δέω1	de/w1	v3siie---
ἐδεῖτο	e)dei=to	δέω2	de/w2	v3siie---
ἐδικαιώθη	e)dikaiw/qh	δικαιόω	dikaio/w	v3saip---
ἐδικαίωσαν	e)dikai/wsan	δικαιόω	dikaio/w	v3paia---
ἐδέξαντο	e)de/canto	δέχομαι	de/xomai	v3paim---
ἐδέξαντο	e)de/canto	δείκνυμι	dei/knumi	v3paim---
ἐδέξατο	e)de/cato	δέχομαι	de/xomai	v3saim---
ἐδέξατο	e)de/cato	δείκνυμι	dei/knumi	v3saim---
ἐδίδαξας	e)di/dacas	διδάσκω	dida/skw	v2saia---
ἐδίδαξεν	e)di/dacen	διδάσκω	dida/skw	v3saia---
ἐδίδασκεν	e)di/dasken	διδάσκω	dida/skw	v3siia---
ἐδίδου	e)di/dou	δίδωμι	di/dwmi	v3siia---
ἐδίδου	e)di/dou	δίδωμι	di/dwmi	v3siia---
ἐδόθη	e)do/qh	δίδωμι	di/dwmi	v3saip---
ἐδόκουν	e)do/koun	δοκέω	doke/w	v3piia---
ἐδόκουν	e)do/koun	δοκέω	doke/w	v1siia---
ἐδόκουν	e)do/koun	δοκόω	doko/w	v3piia---
ἐδόκουν	e)do/koun	δοκόω	doko/w	v1siia---
ἐδόξαζεν	e)do/cazen	δοξάζω	doca/zw	v3siia---
ἐδόξαζον	e)do/cazon	δοξάζω	doca/zw	v3piia---
ἐδόξαζον	e)do/cazon	δοξάζω	doca/zw	v1siia---
ἐδύνατο	e)du/nato	δύναμαι	du/namai	v3siie---
ἐζητεῖτέ	e)zhtei=te/	ζητέω	zhte/w	v2piia---
ἐζητοῦμέν	e)zhtou=me/n	ζητέω	zhte/w	v1piia---
ἐζυμώθη	e)zumw/qh	ζυμόω	zumo/w	v3saip---
ἐζήτει	e)zh/tei	ζητέω	zhte/w	v3siia---
ἐζήτησαν	e)zh/thsan	ζητέω	zhte/w	v3paia---
ἐζήτουν	e)zh/toun	ζητέω	zhte/w	v3piia---
ἐζήτουν	e)zh/toun	ζητέω	zhte/w	v1siia---
ἐθαύμαζον	e)qau/mazon	θαυμάζω	qauma/zw	v3piia---
ἐθαύμαζον	e)qau/mazon	θαυμάζω	qauma/zw	v1siia---
ἐθαύμασαν	e)qau/masan	θαυμάζω	qauma/zw	v3paia---
ἐθαύμασεν	e)qau/masen	θαυμάζω	qauma/zw	v3saia---
ἐθεραπεύοντο	e)qerapeu/onto	θεραπεύω	qerapeu/w	v3piie---
ἐθεράπευσεν	e)qera/peusen	θεραπεύω	qerapeu/w	v3saia---
ἐθεάσαντο	e)qea/santo	θεάομαι	qea/omai	v3paie---
ἐθεάσαντο	e)qea/santo	θεάομαι	qea/omai	v3paie---
ἐθεάσαντο	e)qea/santo	θεάω	qea/w	v3paim---
ἐθεάσαντο	e)qea/santo	θεάω	qea/w	v3paim---
ἐθεάσατο	e)qea/sato	θεάομαι	qea/omai	v3saie---
ἐθεάσατο	e)qea/sato	θεάομαι	qea/omai	v3saie---
ἐθεάσατο	e)qea/sato	θεάω	qea/w	v3saim---
ἐθεάσατο	e)qea/sato	θεάω	qea/w	v3saim---
ἐθνῶν	e)qnw=n	ἔθνος	e)/qnos	n-p---ng-
ἐθρηνήσαμεν	e)qrhnh/samen	θρηνέω	qrhne/w	v1paia---
ἐθρήνουν	e)qrh/noun	θρηνέω	qrhne/w	v3piia---
ἐθρήνουν	e)qrh/noun	θρηνέω	qrhne/w	v1siia---
ἐθήλασας	e)qh/lasas	θηλάζω	qhla/zw	v2saia---
ἐκ	e)k	ἐκ	e)k	r--------
ἐκαθαρίσθη	e)kaqari/sqh	καθαρίζω	kaqari/zw	v3saip---
ἐκαθαρίσθησαν	e)kaqari/sqhsan	καθαρίζω	kaqari/zw	v3paip---
ἐκβαλλομένους	e)kballome/nous	ἐκβάλλω	e)kba/llw	v-pppema-
ἐκβαλόντες	e)kbalo/ntes	ἐκβάλλω	e)kba/llw	v-papamn-
ἐκβαλόντες	e)kbalo/ntes	ἐκβάλλω	e)kba/llw	v-papamv-
ἐκβαλών	e)kbalw/n	ἐκβάλλω	e)kba/llw	v-sapamn-
ἐκβάλλει	e)kba/llei	ἐκβάλλω	e)kba/llw	v2spie---
ἐκβάλλει	e)kba/llei	ἐκβάλλω	e)kba/llw	v3spia---
ἐκβάλλειν	e)kba/llein	ἐκβάλλω	e)kba/llw	v--pna---
ἐκβάλλοντα	e)kba/llonta	ἐκβάλλω	e)kba/llw	v-pppann-
ἐκβάλλοντα	e)kba/llonta	ἐκβάλλω	e)kba/llw	v-pppanv-
ἐκβάλλοντα	e)kba/llonta	ἐκβάλλω	e)kba/llw	v-pppana-
ἐκβάλλοντα	e)kba/llonta	ἐκβάλλω	e)kba/llw	v-sppama-
ἐκβάλλουσιν	e)kba/llousin	ἐκβάλλω	e)kba/llw	v-pppamd-
ἐκβάλλουσιν	e)kba/llousin	ἐκβάλλω	e)kba/llw	v-pppand-
ἐκβάλλουσιν	e)kba/llousin	ἐκβάλλω	e)kba/llw	v3ppia---
ἐκβάλλω	e)kba/llw	ἐκβάλλω	e)kba/llw	v1spsa---
ἐκβάλλω	e)kba/llw	ἐκβάλλω	e)kba/llw	v1spia---
ἐκβάλλων	e)kba/llwn	ἐκβάλλω	e)kba/llw	v-sppamn-
ἐκβάλω	e)kba/lw	ἐκβάλλω	e)kba/llw	v1sasa---
ἐκβάλω	e)kba/lw	ἐκβάλλω	e)kba/llw	v1sasa---
ἐκβάλω	e)kba/lw	ἐκβάλλω	e)kba/llw	v2saim---
ἐκβάλωσιν	e)kba/lwsin	ἐκβάλλω	e)kba/llw	v3pasa---
ἐκβάλωσιν	e)kba/lwsin	ἐκβάλλω	e)kba/llw	v3pasa---
ἐκδικήσεως	e)kdikh/sews	ἐκδίκησις	e)kdi/khsis	n-s---fg-
ἐκδικήσω	e)kdikh/sw	ἐκδικέω	e)kdike/w	v1sasa---
ἐκδικήσω	e)kdikh/sw	ἐκδικέω	e)kdike/w	v1sfia---
ἐκδικήσω	e)kdikh/sw	ἐκδικέω	e)kdike/w	v1sasa---
ἐκδικήσω	e)kdikh/sw	ἐκδικέω	e)kdike/w	v1sfia---
ἐκδικήσω	e)kdikh/sw	ἐκδικέω	e)kdike/w	v2saim---
ἐκδικήσω	e)kdikh/sw	ἐκδικέω	e)kdike/w	v2saim---
ἐκδίκησιν	e)kdi/khsin	ἐκδίκησις	e)kdi/khsis	n-s---fa-
ἐκδύσαντες	e)kdu/santes	ἐκ-δύω1	e)k-du/w1	v-papamn-
ἐκδύσαντες	e)kdu/santes	ἐκ-δύω1	e)k-du/w1	v-papamv-
ἐκείναις	e)kei/nais	ἐκεῖνος	e)kei=nos	n-p---fd-
ἐκείνη	e)kei/nh	ἐκεῖνος	e)kei=nos	n-s---fn-
ἐκείνη	e)kei/nh	ἐκεῖνος	e)kei=nos	n-s---fv-
ἐκείνην	e)kei/nhn	ἐκεῖνος	e)kei=nos	n-s---fa-
ἐκείνης	e)kei/nhs	ἐκεῖνος	e)kei=nos	n-s---fg-
ἐκείνου	e)kei/nou	ἐκεῖνος	e)kei=nos	n-s---ng-
ἐκείνου	e)kei/nou	ἐκεῖνος	e)kei=nos	n-s---mg-
ἐκείνου	e)kei/nou	κενόω	keno/w	v3siia---
ἐκείνους	e)kei/nous	ἐκεῖνος	e)kei=nos	n-p---ma-
ἐκείνους	e)kei/nous	κενόω	keno/w	v2siia---
ἐκείνων	e)kei/nwn	ἐκεῖνος	e)kei=nos	n-p---ng-
ἐκείνων	e)kei/nwn	ἐκεῖνος	e)kei=nos	n-p---fg-
ἐκείνων	e)kei/nwn	ἐκεῖνος	e)kei=nos	n-p---mg-
ἐκείνων	e)kei/nwn	κενόω	keno/w	v3piia---
ἐκείνων	e)kei/nwn	κενόω	keno/w	v1siia---
ἐκείνῃ	e)kei/nh|	ἐκεῖνος	e)kei=nos	n-s---fd-
ἐκείνῳ	e)kei/nw|	ἐκεῖνος	e)kei=nos	n-s---nd-
ἐκείνῳ	e)kei/nw|	ἐκεῖνος	e)kei=nos	n-s---md-
ἐκεῖ	e)kei=	ἐκεῖ	e)kei=	d--------
ἐκεῖθεν	e)kei=qen	ἐκεῖθεν	e)kei=qen	d--------
ἐκεῖνοι	e)kei=noi	ἐκεῖνος	e)kei=nos	n-p---mn-
ἐκεῖνοι	e)kei=noi	ἐκεῖνος	e)kei=nos	n-p---mv-
ἐκεῖνον	e)kei=non	ἐκεῖνος	e)kei=nos	n-s---ma-
ἐκεῖνος	e)kei=nos	ἐκεῖνος	e)kei=nos	n-s---mn-
ἐκζητηθήσεται	e)kzhthqh/setai	ἐκζητέω	e)kzhte/w	v3sfip---
ἐκζητηθήσεται	e)kzhthqh/setai	ἐκζητέω	e)kzhte/w	v3sfip---
ἐκζητηθῇ	e)kzhthqh=|	ἐκζητέω	e)kzhte/w	v3sasp---
ἐκζητηθῇ	e)kzhthqh=|	ἐκζητέω	e)kzhte/w	v3sasp---
ἐκινδύνευον	e)kindu/neuon	κινδυνεύω	kinduneu/w	v3piia---
ἐκινδύνευον	e)kindu/neuon	κινδυνεύω	kinduneu/w	v1siia---
ἐκκεχυμένον	e)kkexume/non	ἐκχέω	e)kxe/w	v-srpema-
ἐκκεχυμένον	e)kkexume/non	ἐκχέω	e)kxe/w	v-srpenn-
ἐκκεχυμένον	e)kkexume/non	ἐκχέω	e)kxe/w	v-srpenv-
ἐκκεχυμένον	e)kkexume/non	ἐκχέω	e)kxe/w	v-srpena-
ἐκκόπτεται	e)kko/ptetai	ἐκκόπτω	e)kko/ptw	v3spie---
ἐκκόψεις	e)kko/yeis	ἐκκόπτω	e)kko/ptw	v2sasa---
ἐκκόψεις	e)kko/yeis	ἐκκόπτω	e)kko/ptw	v2sfia---
ἐκλαύσατε	e)klau/sate	κλαίω	klai/w	v2paia---
ἐκλεκτός	e)klekto/s	ἐκλεκτός	e)klekto/s	a-s---mn-
ἐκλεκτῶν	e)klektw=n	ἐκλεκτός	e)klekto/s	a-p---fg-
ἐκλεκτῶν	e)klektw=n	ἐκλεκτός	e)klekto/s	a-p---mg-
ἐκλεκτῶν	e)klektw=n	ἐκλεκτός	e)klekto/s	a-p---ng-
ἐκλεκτῶν	e)klektw=n	ἐκλεκτόω	e)klekto/w	v-sppamv-
ἐκλεκτῶν	e)klektw=n	ἐκλεκτόω	e)klekto/w	v-sppann-
ἐκλεκτῶν	e)klektw=n	ἐκλεκτόω	e)klekto/w	v-sppanv-
ἐκλεκτῶν	e)klektw=n	ἐκλεκτόω	e)klekto/w	v-sppana-
ἐκλεκτῶν	e)klektw=n	ἐκλεκτόω	e)klekto/w	v-sppamn-
ἐκλεκτῶν	e)klektw=n	ἐκλεκτόω	e)klekto/w	v--pna---
ἐκλελεγμένος	e)klelegme/nos	ἐκ-λέγω3	e)k-le/gw3	v-srpemn-
ἐκλεξάμενος	e)kleca/menos	ἐκλέγω	e)kle/gw	v-sapmmn-
ἐκλείσθη	e)klei/sqh	κλείω1	klei/w1	v3saip---
ἐκλείσθη	e)klei/sqh	κλῄζω1	klh/|zw1	v3saip---
ἐκλήθη	e)klh/qh	καλέω	kale/w	v3saip---
ἐκλίπῃ	e)kli/ph|	ἐκλείπω	e)klei/pw	v2sase---
ἐκλίπῃ	e)kli/ph|	ἐκλείπω	e)klei/pw	v3sasa---
ἐκολλήθη	e)kollh/qh	κολλάω	kolla/w	v3saip---
ἐκπειράζων	e)kpeira/zwn	ἐκπειράζω	e)kpeira/zw	v-sppamn-
ἐκπειράζων	e)kpeira/zwn	ἐκπειράζω	e)kpeira/zw	v-sppamn-
ἐκπειράσεις	e)kpeira/seis	ἐκπειράομαι	e)kpeira/omai	v2sasa---
ἐκπειράσεις	e)kpeira/seis	ἐκπειράομαι	e)kpeira/omai	v2sasa---
ἐκπειράσεις	e)kpeira/seis	ἐκπειράομαι	e)kpeira/omai	v2sfia---
ἐκπειράσεις	e)kpeira/seis	ἐκπειράομαι	e)kpeira/omai	v2sfia---
ἐκπειράσεις	e)kpeira/seis	ἐκπειράζω	e)kpeira/zw	v2sasa---
ἐκπειράσεις	e)kpeira/seis	ἐκπειράζω	e)kpeira/zw	v2sfia---
ἐκπειράσεις	e)kpeira/seis	ἐκπειράζω	e)kpeira/zw	v2sasa---
ἐκπειράσεις	e)kpeira/seis	ἐκπειράζω	e)kpeira/zw	v2sfia---
ἐκπορευομένοις	e)kporeuome/nois	ἐκπορεύω	e)kporeu/w	v-pppemd-
ἐκπορευομένοις	e)kporeuome/nois	ἐκπορεύω	e)kporeu/w	v-pppend-
ἐκπορευομένοις	e)kporeuome/nois	ἐκπορεύω	e)kporeu/w	v-pppemd-
ἐκπορευομένοις	e)kporeuome/nois	ἐκπορεύω	e)kporeu/w	v-pppend-
ἐκραταιοῦτο	e)krataiou=to	κραταιόομαι	krataio/omai	v3siie---
ἐκραταιοῦτο	e)krataiou=to	κραταιόω	krataio/w	v3siie---
ἐκρατοῦντο	e)kratou=nto	κρατέω	krate/w	v3piie---
ἐκρύβη	e)kru/bh	κρύπτω	kru/ptw	v3saip---
ἐκτελέσαι	e)ktele/sai	ἐκτελέω	e)ktele/w	v--ana---
ἐκτελέσαι	e)ktele/sai	ἐκτελέω	e)ktele/w	v3saoa---
ἐκτενέστερον	e)ktene/steron	ἐκτενής	e)ktenh/s	x--------
ἐκτενέστερον	e)ktene/steron	ἐκτενής	e)ktenh/s	n-s---ma-
ἐκτενέστερον	e)ktene/steron	ἐκτενής	e)ktenh/s	n-s---nn-
ἐκτενέστερον	e)ktene/steron	ἐκτενής	e)ktenh/s	n-s---nv-
ἐκτενέστερον	e)ktene/steron	ἐκτενής	e)ktenh/s	n-s---na-
ἐκτείνας	e)ktei/nas	ἐκτείνω	e)ktei/nw	v-sapamn-
ἐκτείνας	e)ktei/nas	ἐκτείνω	e)ktei/nw	v-sapamv-
ἐκφυγεῖν	e)kfugei=n	ἐκφεύγω	e)kfeu/gw	v--ana---
ἐκχυθήσεται	e)kxuqh/setai	ἐκχέω	e)kxe/w	v3sfip---
ἐκχωρείτωσαν	e)kxwrei/twsan	ἐκχωρέω	e)kxwre/w	v3ppma---
ἐκχωρείτωσαν	e)kxwrei/twsan	ἐκχωρέω	e)kxwre/w	v3ppma---
ἐκωλύομεν	e)kwlu/omen	κωλύω	kwlu/w	v1piia---
ἐκωλύσατε	e)kwlu/sate	κωλύω	kwlu/w	v2paia---
ἐκάθητο	e)ka/qhto	κατά-κάθημαι	kata/-ka/qhmai	v3siim---
ἐκάθισεν	e)ka/qisen	καθίζω	kaqi/zw	v3saia---
ἐκάλεσεν	e)ka/lesen	καλέω	kale/w	v3saia---
ἐκάλουν	e)ka/loun	καλέω	kale/w	v3piia---
ἐκάλουν	e)ka/loun	καλέω	kale/w	v1siia---
ἐκέλευσεν	e)ke/leusen	κελεύω	keleu/w	v3saia---
ἐκόπτοντο	e)ko/ptonto	κόπτω	ko/ptw	v3piie---
ἐλαλήθη	e)lalh/qh	λαλέω	lale/w	v3saip---
ἐλαλήσατε	e)lalh/sate	λαλέω	lale/w	v2paia---
ἐλαχίστῳ	e)laxi/stw|	ἐλάχιστος	e)la/xistos	a-s---md-
ἐλαχίστῳ	e)laxi/stw|	ἐλάχιστος	e)la/xistos	a-s---nd-
ἐλαίου	e)lai/ou	ἔλαιον	e)/laion	n-s---ng-
ἐλαίου	e)lai/ou	ἔλαιος	e)/laios	n-s---mg-
ἐλαίου	e)lai/ou	ἐλαιόω	e)laio/w	v2spma---
ἐλαίου	e)lai/ou	ἐλαιόω	e)laio/w	v3siia---
ἐλαίῳ	e)lai/w|	ἔλαιον	e)/laion	n-s---nd-
ἐλαίῳ	e)lai/w|	ἔλαιος	e)/laios	n-s---md-
ἐλεγχόμενος	e)legxo/menos	ἐλέγχω	e)le/gxw	v-sppemn-
ἐλεημοσύνην	e)lehmosu/nhn	ἐλεημοσύνη	e)lehmosu/nh	n-s---fa-
ἐλεύσεται	e)leu/setai	ἔρχομαι	e)/rxomai	v3sfim---
ἐλεύσονται	e)leu/sontai	ἔρχομαι	e)/rxomai	v3pfim---
ἐληλυθότες	e)lhluqo/tes	ἔρχομαι	e)/rxomai	v-prpamn-
ἐληλυθότες	e)lhluqo/tes	ἔρχομαι	e)/rxomai	v-prpamv-
ἐλθεῖν	e)lqei=n	ἔρχομαι	e)/rxomai	v--ana---
ἐλθέτω	e)lqe/tw	ἔρχομαι	e)/rxomai	v3sama---
ἐλθόν	e)lqo/n	ἔρχομαι	e)/rxomai	v-sapamv-
ἐλθόν	e)lqo/n	ἔρχομαι	e)/rxomai	v-sapann-
ἐλθόν	e)lqo/n	ἔρχομαι	e)/rxomai	v-sapanv-
ἐλθόν	e)lqo/n	ἔρχομαι	e)/rxomai	v-sapana-
ἐλθόντας	e)lqo/ntas	ἔρχομαι	e)/rxomai	v-papama-
ἐλθόντος	e)lqo/ntos	ἔρχομαι	e)/rxomai	v-sapamg-
ἐλθόντος	e)lqo/ntos	ἔρχομαι	e)/rxomai	v-sapang-
ἐλθών	e)lqw/n	ἔρχομαι	e)/rxomai	v-sapamn-
ἐλογίσθη	e)logi/sqh	λογίζομαι	logi/zomai	v3saie---
ἐλπίζετε	e)lpi/zete	ἐλπίζω	e)lpi/zw	v2ppma---
ἐλπίζετε	e)lpi/zete	ἐλπίζω	e)lpi/zw	v2ppia---
ἐλπίζετε	e)lpi/zete	ἐλπίζω	e)lpi/zw	v2piia---
ἐλάβομεν	e)la/bomen	λαμβάνω	lamba/nw	v1paia---
ἐλάλει	e)la/lei	λαλέω	lale/w	v3siia---
ἐλάλησα	e)la/lhsa	λαλέω	lale/w	v1saia---
ἐλάλησαν	e)la/lhsan	λαλέω	lale/w	v3paia---
ἐλάλησεν	e)la/lhsen	λαλέω	lale/w	v3saia---
ἐλάλουν	e)la/loun	λαλέω	lale/w	v3piia---
ἐλάλουν	e)la/loun	λαλέω	lale/w	v1siia---
ἐλάχιστον	e)la/xiston	ἐλάχιστος	e)la/xistos	a-s---ma-
ἐλάχιστον	e)la/xiston	ἐλάχιστος	e)la/xistos	a-s---nn-
ἐλάχιστον	e)la/xiston	ἐλάχιστος	e)la/xistos	a-s---nv-
ἐλάχιστον	e)la/xiston	ἐλάχιστος	e)la/xistos	a-s---na-
ἐλέγετε	e)le/gete	λέγω1	le/gw1	v2piia---
ἐλέγετε	e)le/gete	λέγω2	le/gw2	v2piia---
ἐλέγετε	e)le/gete	λέγω3	le/gw3	v2piia---
ἐλέησον	e)le/hson	ἐλεάω	e)lea/w	v2sama---
ἐλέησον	e)le/hson	ἐλεέω	e)lee/w	v2sama---
ἐλέησόν	e)le/hso/n	ἐλεάω	e)lea/w	v2sama---
ἐλέησόν	e)le/hso/n	ἐλεέω	e)lee/w	v2sama---
ἐλέους	e)le/ous	ἔλεος	e)/leos	n-s---ng-
ἐλέους	e)le/ous	ἔλεος	e)/leos	n-p---ma-
ἐλήλυθα	e)lh/luqa	ἔρχομαι	e)/rxomai	v1sria---
ἐλήλυθεν	e)lh/luqen	ἔρχομαι	e)/rxomai	v3sria---
ἐλήλυθεν	e)lh/luqen	ἔρχομαι	e)/rxomai	v3plia---
ἐμαρτύρουν	e)martu/roun	μαρτυρέω	marture/w	v3piia---
ἐμαρτύρουν	e)martu/roun	μαρτυρέω	marture/w	v1siia---
ἐμαυτόν	e)mauto/n	ἐμαυτοῦ	e)mautou=	p-s---ma-
ἐμαυτόν	e)mauto/n	ἐμαυτοῦ	e)mautou=	p-s---na-
ἐμβαλεῖν	e)mbalei=n	ἐμβάλλω	e)mba/llw	v--ana---
ἐμβαλεῖν	e)mbalei=n	ἐμβάλλω	e)mba/llw	v--fna---
ἐμβλέψας	e)mble/yas	ἐμβλέπω	e)mble/pw	v-sapamn-
ἐμβλέψας	e)mble/yas	ἐμβλέπω	e)mble/pw	v-sapamv-
ἐμβάς	e)mba/s	ἐμβάς	e)mba/s	n-s---fn-
ἐμβάς	e)mba/s	ἐμβαίνω	e)mbai/nw	v-sapamn-
ἐμβάς	e)mba/s	ἐμβαίνω	e)mbai/nw	v-sapamv-
ἐμεγάλυνεν	e)mega/lunen	μεγαλύνω	megalu/nw	v3siia---
ἐμεγάλυνεν	e)mega/lunen	μεγαλύνω	megalu/nw	v3saia---
ἐμνηστευμένην	e)mnhsteume/nhn	μνηστεύω	mnhsteu/w	v-srpefa-
ἐμνήσθησαν	e)mnh/sqhsan	μιμνήσκω	mimnh/skw	v3paip---
ἐμοί	e)moi/	ἐγώ	e)gw/	p-s---md-
ἐμοί	e)moi/	ἐγώ	e)gw/	p-s---fd-
ἐμοί	e)moi/	ἐμός	e)mo/s	a-p---mn-
ἐμοί	e)moi/	ἐμός	e)mo/s	a-p---mv-
ἐμούς	e)mou/s	ἐμός	e)mo/s	a-p---ma-
ἐμοῦ	e)mou=	ἐγώ	e)gw/	p-s---mg-
ἐμοῦ	e)mou=	ἐγώ	e)gw/	p-s---fg-
ἐμοῦ	e)mou=	ἐμέω	e)me/w	v2spme---
ἐμοῦ	e)mou=	ἐμέω	e)me/w	v2siie---
ἐμοῦ	e)mou=	ἐμός	e)mo/s	a-s---mg-
ἐμοῦ	e)mou=	ἐμός	e)mo/s	a-s---ng-
ἐμπαιχθήσεται	e)mpaixqh/setai	ἐμπαίζω	e)mpai/zw	v3sfip---
ἐμπαιχθήσεται	e)mpaixqh/setai	ἐμπαίζω	e)mpai/zw	v3sfip---
ἐμπαίξας	e)mpai/cas	ἐμπαίζω	e)mpai/zw	v-sapamn-
ἐμπαίξας	e)mpai/cas	ἐμπαίζω	e)mpai/zw	v-sapamv-
ἐμπαίξας	e)mpai/cas	ἐμπαίζω	e)mpai/zw	v-sapamn-
ἐμπαίξας	e)mpai/cas	ἐμπαίζω	e)mpai/zw	v-sapamv-
ἐμπεπλησμένοι	e)mpeplhsme/noi	ἐμπίπλημι	e)mpi/plhmi	v-prpemn-
ἐμπεπλησμένοι	e)mpeplhsme/noi	ἐμπίπλημι	e)mpi/plhmi	v-prpemv-
ἐμπεσοῦνται	e)mpesou=ntai	ἐμπίτνω	e)mpi/tnw	v3pfim---
ἐμπεσόντος	e)mpeso/ntos	ἐμπίτνω	e)mpi/tnw	v-sapamg-
ἐμπεσόντος	e)mpeso/ntos	ἐμπίτνω	e)mpi/tnw	v-sapang-
ἐμπτυσθήσεται	e)mptusqh/setai	ἐμπτύω	e)mptu/w	v3sfip---
ἐμφόβων	e)mfo/bwn	ἔμφοβος	e)/mfobos	n-p---mg-
ἐμφόβων	e)mfo/bwn	ἔμφοβος	e)/mfobos	n-p---fg-
ἐμφόβων	e)mfo/bwn	ἔμφοβος	e)/mfobos	n-p---ng-
ἐμά	e)ma/	ἐμός	e)mo/s	a-p---nn-
ἐμά	e)ma/	ἐμός	e)mo/s	a-p---nv-
ἐμά	e)ma/	ἐμός	e)mo/s	a-p---na-
ἐμά	e)ma/	ἐμός	e)mo/s	a-d---fn-
ἐμά	e)ma/	ἐμός	e)mo/s	a-d---fv-
ἐμά	e)ma/	ἐμός	e)mo/s	a-d---fa-
ἐμά	e)ma/	ἐμός	e)mo/s	a-s---fn-
ἐμά	e)ma/	ἐμός	e)mo/s	a-s---fv-
ἐμέ	e)me/	ἐγώ	e)gw/	p-s---ma-
ἐμέ	e)me/	ἐγώ	e)gw/	p-s---fa-
ἐμέ	e)me/	ἐμός	e)mo/s	a-s---mv-
ἐμήν	e)mh/n	ἐμός	e)mo/s	a-s---fa-
ἐμήνυσεν	e)mh/nusen	μηνύω	mhnu/w	v3saia---
ἐμίσουν	e)mi/soun	μισέω	mise/w	v3piia---
ἐμίσουν	e)mi/soun	μισέω	mise/w	v1siia---
ἐν	e)n	ἐν	e)n	r--------
ἐν	e)n	εἰς	ei)s	r--------
ἐναντίον	e)nanti/on	ἐναντίον	e)nanti/on	d--------
ἐναντίον	e)nanti/on	ἐναντίος	e)nanti/os	a-s---ma-
ἐναντίον	e)nanti/on	ἐναντίος	e)nanti/os	a-s---nn-
ἐναντίον	e)nanti/on	ἐναντίος	e)nanti/os	a-s---nv-
ἐναντίον	e)nanti/on	ἐναντίος	e)nanti/os	a-s---na-
ἐνδέχεται	e)nde/xetai	ἐνδέχομαι	e)nde/xomai	v3spie---
ἐνδόξοις	e)ndo/cois	ἔνδοξος	e)/ndocos	n-p---md-
ἐνδόξοις	e)ndo/cois	ἔνδοξος	e)/ndocos	n-p---fd-
ἐνδόξοις	e)ndo/cois	ἔνδοξος	e)/ndocos	n-p---nd-
ἐνδόξῳ	e)ndo/cw|	ἔνδοξος	e)/ndocos	n-s---md-
ἐνδόξῳ	e)ndo/cw|	ἔνδοξος	e)/ndocos	n-s---fd-
ἐνδόξῳ	e)ndo/cw|	ἔνδοξος	e)/ndocos	n-s---nd-
ἐνδύματος	e)ndu/matos	ἔνδυμα	e)/nduma	n-s---ng-
ἐνδύσατε	e)ndu/sate	ἐν-δύω1	e)n-du/w1	v2pama---
ἐνδύσατε	e)ndu/sate	ἐν-δύω1	e)n-du/w1	v2paia---
ἐνδύσησθε	e)ndu/shsqe	ἐνδύω	e)ndu/w	v2pasm---
ἐνεδιδύσκετο	e)nedidu/sketo	ἐνδιδύσκω	e)ndidu/skw	v3siie---
ἐνεδρεύοντες	e)nedreu/ontes	ἐνεδρεύω	e)nedreu/w	v-pppamn-
ἐνεδρεύοντες	e)nedreu/ontes	ἐνεδρεύω	e)nedreu/w	v-pppamv-
ἐνεδύσατο	e)nedu/sato	ἐνδύω	e)ndu/w	v3saim---
ἐνενήκοντα	e)nenh/konta	ἐνενήκοντα	e)nenh/konta	m--------
ἐνετύλιξεν	e)netu/licen	ἐντυλίσσω	e)ntuli/ssw	v3saia---
ἐνθάδε	e)nqa/de	ἐνθάδε	e)nqa/de	d--------
ἐνιαυτόν	e)niauto/n	ἐνιαυτός	e)niauto/s	n-s---ma-
ἐνισχύων	e)nisxu/wn	ἐν-ἰσχύω	e)n-i)sxu/w	v-sppamn-
ἐννέα	e)nne/a	ἐννέα	e)nne/a	m--------
ἐντελεῖται	e)ntelei=tai	ἐντέλλω	e)nte/llw	v3sfim---
ἐντελεῖται	e)ntelei=tai	ἐντελέω	e)ntele/w	v3spie---
ἐντεῦθεν	e)nteu=qen	ἐντεῦθεν	e)nteu=qen	d--------
ἐντιμότερός	e)ntimo/tero/s	ἔντιμος	e)/ntimos	n-s---mn-
ἐντολαῖς	e)ntolai=s	ἐντολή	e)ntolh/	n-p---fd-
ἐντολάς	e)ntola/s	ἐντολή	e)ntolh/	n-p---fa-
ἐντολήν	e)ntolh/n	ἐντολή	e)ntolh/	n-s---fa-
ἐντραπήσονται	e)ntraph/sontai	ἐντρέπω	e)ntre/pw	v3pfip---
ἐντρεπόμενος	e)ntrepo/menos	ἐντρέπω	e)ntre/pw	v-sppemn-
ἐντρέπομαι	e)ntre/pomai	ἐντρέπω	e)ntre/pw	v1spie---
ἐντός	e)nto/s	ἐντός	e)nto/s	d--------
ἐνάτης	e)na/ths	ἔνατος	e)/natos	a-s---fg-
ἐνέβη	e)ne/bh	ἐμβαίνω	e)mbai/nw	v3saia---
ἐνέβλεψεν	e)ne/bleyen	ἐμβλέπω	e)mble/pw	v3saia---
ἐνένευον	e)ne/neuon	ἐννεύω	e)nneu/w	v3piia---
ἐνένευον	e)ne/neuon	ἐννεύω	e)nneu/w	v1siia---
ἐνέπαιζον	e)ne/paizon	ἐμπαίζω	e)mpai/zw	v3piia---
ἐνέπαιζον	e)ne/paizon	ἐμπαίζω	e)mpai/zw	v1siia---
ἐνέπαιξαν	e)ne/paican	ἐμπαίζω	e)mpai/zw	v3paia---
ἐνέπλησεν	e)ne/plhsen	ἐμπίπλημι	e)mpi/plhmi	v3saia---
ἐνέχειν	e)ne/xein	ἐνέχω	e)ne/xw	v--pna---
ἐνόντα	e)no/nta	ἐν-εἰμί	e)n-ei)mi/	v-sppama-
ἐνόντα	e)no/nta	ἐν-εἰμί	e)n-ei)mi/	v-pppann-
ἐνόντα	e)no/nta	ἐν-εἰμί	e)n-ei)mi/	v-pppanv-
ἐνόντα	e)no/nta	ἐν-εἰμί	e)n-ei)mi/	v-pppana-
ἐνώπιον	e)nw/pion	ἐνώπιος	e)nw/pios	r--------
ἐνώπιον	e)nw/pion	ἐνώπιος	e)nw/pios	n-s---ma-
ἐνώπιον	e)nw/pion	ἐνώπιος	e)nw/pios	n-s---fa-
ἐνώπιον	e)nw/pion	ἐνώπιος	e)nw/pios	n-s---nn-
ἐνώπιον	e)nw/pion	ἐνώπιος	e)nw/pios	n-s---nv-
ἐνώπιον	e)nw/pion	ἐνώπιος	e)nw/pios	n-s---na-
ἐνώπιόν	e)nw/pio/n	ἐνώπιος	e)nw/pios	r--------
ἐνώπιόν	e)nw/pio/n	ἐνώπιος	e)nw/pios	n-s---ma-
ἐνώπιόν	e)nw/pio/n	ἐνώπιος	e)nw/pios	n-s---fa-
ἐνώπιόν	e)nw/pio/n	ἐνώπιος	e)nw/pios	n-s---nn-
ἐνώπιόν	e)nw/pio/n	ἐνώπιος	e)nw/pios	n-s---nv-
ἐνώπιόν	e)nw/pio/n	ἐνώπιος	e)nw/pios	n-s---na-
ἐξ	e)c	ἐκ	e)k	r--------
ἐξαναστήσῃ	e)canasth/sh|	ἐξανίστημι	e)cani/sthmi	v2sasm---
ἐξαναστήσῃ	e)canasth/sh|	ἐξανίστημι	e)cani/sthmi	v3sasa---
ἐξαναστήσῃ	e)canasth/sh|	ἐξανίστημι	e)cani/sthmi	v2sfim---
ἐξαποστέλλω	e)caposte/llw	ἐξαποστέλλω	e)caposte/llw	v1sasa---
ἐξαποστέλλω	e)caposte/llw	ἐξαποστέλλω	e)caposte/llw	v1spsa---
ἐξαποστέλλω	e)caposte/llw	ἐξαποστέλλω	e)caposte/llw	v1spia---
ἐξαπέστειλαν	e)cape/steilan	ἐξαποστέλλω	e)caposte/llw	v3paia---
ἐξαπέστειλεν	e)cape/steilen	ἐξαποστέλλω	e)caposte/llw	v3saia---
ἐξαστράπτων	e)castra/ptwn	ἐξαστράπτω	e)castra/ptw	v-sppamn-
ἐξαίφνης	e)cai/fnhs	ἐξαίφνης	e)cai/fnhs	d--------
ἐξεκομίζετο	e)cekomi/zeto	ἐκκομίζω	e)kkomi/zw	v3siie---
ἐξεκρέματο	e)cekre/mato	ἐκκρεμάννυμι	e)kkrema/nnumi	v3siie---
ἐξεληλυθυῖαν	e)celhluqui=an	ἐξέρχομαι	e)ce/rxomai	v-srpafa-
ἐξεληλύθει	e)celhlu/qei	ἐξέρχομαι	e)ce/rxomai	v3slia---
ἐξελθεῖν	e)celqei=n	ἐξέρχομαι	e)ce/rxomai	v--ana---
ἐξελθόντα	e)celqo/nta	ἐξέρχομαι	e)ce/rxomai	v-papann-
ἐξελθόντα	e)celqo/nta	ἐξέρχομαι	e)ce/rxomai	v-papanv-
ἐξελθόντα	e)celqo/nta	ἐξέρχομαι	e)ce/rxomai	v-papana-
ἐξελθόντα	e)celqo/nta	ἐξέρχομαι	e)ce/rxomai	v-sapama-
ἐξελθόντες	e)celqo/ntes	ἐξέρχομαι	e)ce/rxomai	v-papamn-
ἐξελθόντες	e)celqo/ntes	ἐξέρχομαι	e)ce/rxomai	v-papamv-
ἐξελθόντι	e)celqo/nti	ἐξέρχομαι	e)ce/rxomai	v-sapamd-
ἐξελθόντι	e)celqo/nti	ἐξέρχομαι	e)ce/rxomai	v-sapand-
ἐξελθόντος	e)celqo/ntos	ἐξέρχομαι	e)ce/rxomai	v-sapamg-
ἐξελθόντος	e)celqo/ntos	ἐξέρχομαι	e)ce/rxomai	v-sapang-
ἐξελθών	e)celqw/n	ἐξέρχομαι	e)ce/rxomai	v-sapamn-
ἐξελέγοντο	e)cele/gonto	ἐκλέγω	e)kle/gw	v3piie---
ἐξελέξατο	e)cele/cato	ἐκλέγω	e)kle/gw	v3saim---
ἐξεμυκτήριζον	e)cemukth/rizon	ἐκμυκτηρίζω	e)kmukthri/zw	v3piia---
ἐξεμυκτήριζον	e)cemukth/rizon	ἐκμυκτηρίζω	e)kmukthri/zw	v1siia---
ἐξενέγκατε	e)cene/gkate	ἐκφέρω	e)kfe/rw	v2pama---
ἐξενέγκατε	e)cene/gkate	ἐκφέρω	e)kfe/rw	v2paia---
ἐξεπλάγησαν	e)cepla/ghsan	ἐκπλήσσω	e)kplh/ssw	v3paip---
ἐξεπλάγησαν	e)cepla/ghsan	ἐκπλήσσω	e)kplh/ssw	v3paip---
ἐξεπλήσσοντο	e)ceplh/ssonto	ἐκπλήσσω	e)kplh/ssw	v3piie---
ἐξεπορεύετο	e)ceporeu/eto	ἐκπορεύω	e)kporeu/w	v3siie---
ἐξερχόμενοι	e)cerxo/menoi	ἐξέρχομαι	e)ce/rxomai	v-pppemn-
ἐξερχόμενοι	e)cerxo/menoi	ἐξέρχομαι	e)ce/rxomai	v-pppemv-
ἐξερχόμενος	e)cerxo/menos	ἐξέρχομαι	e)ce/rxomai	v-sppemn-
ἐξετείνατε	e)cetei/nate	ἐκτείνω	e)ktei/nw	v2paia---
ἐξηγοῦντο	e)chgou=nto	ἐξηγέομαι	e)chge/omai	v3piim---
ἐξηγοῦντο	e)chgou=nto	ἐξηγέομαι	e)chge/omai	v3piim---
ἐξηγοῦντο	e)chgou=nto	ἐξηγέομαι	e)chge/omai	v3piie---
ἐξηγοῦντο	e)chgou=nto	ἐξηγέομαι	e)chge/omai	v3piim---
ἐξηράνθη	e)chra/nqh	ξηραίνω	chrai/nw	v3saip---
ἐξουθενοῦντας	e)couqenou=ntas	ἐξουθενέω	e)couqene/w	v-pppama-
ἐξουθενοῦντας	e)couqenou=ntas	ἐξουθενέω	e)couqene/w	v-pppama-
ἐξουθενοῦντας	e)couqenou=ntas	ἐξουθενόω	e)couqeno/w	v-pppama-
ἐξουθενήσας	e)couqenh/sas	ἐξουθενέω	e)couqene/w	v-sapamn-
ἐξουθενήσας	e)couqenh/sas	ἐξουθενέω	e)couqene/w	v-sapamv-
ἐξουθενήσας	e)couqenh/sas	ἐξουθενέω	e)couqene/w	v-sapamn-
ἐξουθενήσας	e)couqenh/sas	ἐξουθενέω	e)couqene/w	v-sapamv-
ἐξουσιάζοντες	e)cousia/zontes	ἐξουσιάζω	e)cousia/zw	v-pppamn-
ἐξουσιάζοντες	e)cousia/zontes	ἐξουσιάζω	e)cousia/zw	v-pppamv-
ἐξουσία	e)cousi/a	ἐξουσία	e)cousi/a	n-d---fn-
ἐξουσία	e)cousi/a	ἐξουσία	e)cousi/a	n-d---fv-
ἐξουσία	e)cousi/a	ἐξουσία	e)cousi/a	n-d---fa-
ἐξουσία	e)cousi/a	ἐξουσία	e)cousi/a	n-s---fn-
ἐξουσία	e)cousi/a	ἐξουσία	e)cousi/a	n-s---fv-
ἐξουσίαν	e)cousi/an	ἐξουσία	e)cousi/a	n-s---fa-
ἐξουσίας	e)cousi/as	ἐξουσία	e)cousi/a	n-p---fa-
ἐξουσίας	e)cousi/as	ἐξουσία	e)cousi/a	n-s---fg-
ἐξουσίᾳ	e)cousi/a|	ἐξουσία	e)cousi/a	n-p---fn-
ἐξουσίᾳ	e)cousi/a|	ἐξουσία	e)cousi/a	n-p---fv-
ἐξουσίᾳ	e)cousi/a|	ἐξουσία	e)cousi/a	n-s---fd-
ἐξωμολόγησεν	e)cwmolo/ghsen	ἐξομολογέομαι	e)comologe/omai	v3saia---
ἐξέβαλον	e)ce/balon	ἐκβάλλω	e)kba/llw	v3paia---
ἐξέβαλον	e)ce/balon	ἐκβάλλω	e)kba/llw	v1saia---
ἐξέδετο	e)ce/deto	ἐκ-ἔδω	e)k-e)/dw	v3siie---
ἐξέλθῃ	e)ce/lqh|	ἐξέρχομαι	e)ce/rxomai	v2sasm---
ἐξέλθῃ	e)ce/lqh|	ἐξέρχομαι	e)ce/rxomai	v3sasa---
ἐξέλθῃ	e)ce/lqh|	ἐξέρχομαι	e)ce/rxomai	v3sasa---
ἐξέλθῃς	e)ce/lqh|s	ἐξέρχομαι	e)ce/rxomai	v2sasa---
ἐξέλθῃς	e)ce/lqh|s	ἐξέρχομαι	e)ce/rxomai	v2sasa---
ἐξέμαξεν	e)ce/macen	ἐκμάσσω	e)kma/ssw	v3saia---
ἐξέμασσεν	e)ce/massen	ἐκμάσσω	e)kma/ssw	v3siia---
ἐξέπνευσεν	e)ce/pneusen	ἐκπνέω	e)kpne/w	v3saia---
ἐξέρχεσθε	e)ce/rxesqe	ἐξέρχομαι	e)ce/rxomai	v2ppme---
ἐξέρχεσθε	e)ce/rxesqe	ἐξέρχομαι	e)ce/rxomai	v2ppie---
ἐξέρχεσθε	e)ce/rxesqe	ἐξέρχομαι	e)ce/rxomai	v2piie---
ἐξέρχονται	e)ce/rxontai	ἐξέρχομαι	e)ce/rxomai	v3ppie---
ἐξέστησαν	e)ce/sthsan	ἐξίστημι	e)ci/sthmi	v3paia---
ἐξέστησαν	e)ce/sthsan	ἐξίστημι	e)ci/sthmi	v3paia---
ἐξήλθατε	e)ch/lqate	ἐξέρχομαι	e)ce/rxomai	v2paia---
ἐξήρχετο	e)ch/rxeto	ἐξάρχω	e)ca/rxw	v3siie---
ἐξήρχετο	e)ch/rxeto	ἐξέρχομαι	e)ce/rxomai	v3siie---
ἐξίσταντο	e)ci/stanto	ἐξίστημι	e)ci/sthmi	v3piie---
ἐξίσταντο	e)ci/stanto	ἐξίστημι	e)ci/sthmi	v3piie---
ἐξῃτήσατο	e)ch|th/sato	ἐξαιτέω	e)caite/w	v3saim---
ἐξῆλθεν	e)ch=lqen	ἐξέρχομαι	e)ce/rxomai	v3saia---
ἐξῆλθεν	e)ch=lqen	ἐξέρχομαι	e)ce/rxomai	v3saia---
ἐξῆλθον	e)ch=lqon	ἐξέρχομαι	e)ce/rxomai	v3paia---
ἐξῆλθον	e)ch=lqon	ἐξέρχομαι	e)ce/rxomai	v1saia---
ἐπαγγελίαν	e)paggeli/an	ἐπαγγελία	e)paggeli/a	n-s---fa-
ἐπαθροιζομένων	e)paqroizome/nwn	ἐπαθροίζομαι	e)paqroi/zomai	v-pppefg-
ἐπαθροιζομένων	e)paqroizome/nwn	ἐπαθροίζομαι	e)paqroi/zomai	v-pppemg-
ἐπαθροιζομένων	e)paqroizome/nwn	ἐπαθροίζομαι	e)paqroi/zomai	v-pppeng-
ἐπαθροιζομένων	e)paqroizome/nwn	ἐπαθροίζομαι	e)paqroi/zomai	v-pppefg-
ἐπαθροιζομένων	e)paqroizome/nwn	ἐπαθροίζομαι	e)paqroi/zomai	v-pppemg-
ἐπαθροιζομένων	e)paqroizome/nwn	ἐπαθροίζομαι	e)paqroi/zomai	v-pppeng-
ἐπαθροιζομένων	e)paqroizome/nwn	ἐπαθροίζομαι	e)paqroi/zomai	v-pppefg-
ἐπαθροιζομένων	e)paqroizome/nwn	ἐπαθροίζομαι	e)paqroi/zomai	v-pppemg-
ἐπαθροιζομένων	e)paqroizome/nwn	ἐπαθροίζομαι	e)paqroi/zomai	v-pppeng-
ἐπαθροιζομένων	e)paqroizome/nwn	ἐπαθροίζομαι	e)paqroi/zomai	v-pppefg-
ἐπαθροιζομένων	e)paqroizome/nwn	ἐπαθροίζομαι	e)paqroi/zomai	v-pppemg-
ἐπαθροιζομένων	e)paqroizome/nwn	ἐπαθροίζομαι	e)paqroi/zomai	v-pppeng-
ἐπαισχυνθήσεται	e)paisxunqh/setai	ἐπαισχύνομαι	e)paisxu/nomai	v3sfie---
ἐπαισχυνθήσεται	e)paisxunqh/setai	ἐπαισχύνομαι	e)paisxu/nomai	v3sfip---
ἐπαισχυνθῇ	e)paisxunqh=|	ἐπαισχύνομαι	e)paisxu/nomai	v3sase---
ἐπαισχυνθῇ	e)paisxunqh=|	ἐπαισχύνομαι	e)paisxu/nomai	v3sasp---
ἐπαιτεῖν	e)paitei=n	ἐπαιτέω	e)paite/w	v--pna---
ἐπαιτεῖν	e)paitei=n	ἐπαιτέω	e)paite/w	v--pna---
ἐπαιτῶν	e)paitw=n	ἐπαίτης	e)pai/ths	n-p---mg-
ἐπαιτῶν	e)paitw=n	ἐπαιτέω	e)paite/w	v-sppamn-
ἐπαιτῶν	e)paitw=n	ἐπαιτέω	e)paite/w	v-sppamn-
ἐπαναγαγεῖν	e)panagagei=n	ἐπανάγω	e)pana/gw	v--ana---
ἐπανελθεῖν	e)panelqei=n	ἐπανέρχομαι	e)pane/rxomai	v--ana---
ἐπανέρχεσθαί	e)pane/rxesqai/	ἐπανέρχομαι	e)pane/rxomai	v--pne---
ἐπαύσαντο	e)pau/santo	ἐπαύω	e)pau/w	v3paim---
ἐπαύσαντο	e)pau/santo	ἐπαύω	e)pau/w	v3paim---
ἐπαύσαντο	e)pau/santo	παύω	pau/w	v3paim---
ἐπαύσατο	e)pau/sato	ἐπαύω	e)pau/w	v3saim---
ἐπαύσατο	e)pau/sato	ἐπαύω	e)pau/w	v3saim---
ἐπαύσατο	e)pau/sato	παύω	pau/w	v3saim---
ἐπεβίβασαν	e)pebi/basan	ἐπιβιβάζω	e)pibiba/zw	v3paia---
ἐπεδίδου	e)pedi/dou	ἐπιδίδωμι	e)pidi/dwmi	v3siia---
ἐπεδίδου	e)pedi/dou	ἐπιδίδωμι	e)pidi/dwmi	v3siia---
ἐπεδόθη	e)pedo/qh	ἐπιδίδωμι	e)pidi/dwmi	v3saip---
ἐπεζήτουν	e)pezh/toun	ἐπιζητέω	e)pizhte/w	v3piia---
ἐπεζήτουν	e)pezh/toun	ἐπιζητέω	e)pizhte/w	v1siia---
ἐπεθύμει	e)pequ/mei	ἐπιθυμέω	e)piqume/w	v3siia---
ἐπεθύμησα	e)pequ/mhsa	ἐπιθυμέω	e)piqume/w	v1saia---
ἐπειδή	e)peidh/	ἐπεί	e)pei/	c--------
ἐπελεύσεται	e)peleu/setai	ἐπέρχομαι	e)pe/rxomai	v3sfim---
ἐπελθών	e)pelqw/n	ἐπέρχομαι	e)pe/rxomai	v-sapamn-
ἐπεμελήθη	e)pemelh/qh	ἐπιμελέομαι	e)pimele/omai	v3saie---
ἐπεποίθει	e)pepoi/qei	πείθω	pei/qw	v3slia---
ἐπερχομένων	e)perxome/nwn	ἐπέρχομαι	e)pe/rxomai	v-pppefg-
ἐπερχομένων	e)perxome/nwn	ἐπέρχομαι	e)pe/rxomai	v-pppemg-
ἐπερχομένων	e)perxome/nwn	ἐπέρχομαι	e)pe/rxomai	v-pppeng-
ἐπερωτᾶν	e)perwta=n	ἐπερωτάω	e)perwta/w	v-sppamv-
ἐπερωτᾶν	e)perwta=n	ἐπερωτάω	e)perwta/w	v-sppann-
ἐπερωτᾶν	e)perwta=n	ἐπερωτάω	e)perwta/w	v-sppanv-
ἐπερωτᾶν	e)perwta=n	ἐπερωτάω	e)perwta/w	v-sppana-
ἐπερωτᾶν	e)perwta=n	ἐπερωτάω	e)perwta/w	v-sppamn-
ἐπερωτᾶν	e)perwta=n	ἐπερωτάω	e)perwta/w	v--pna---
ἐπερωτᾶν	e)perwta=n	ἐπερωτάω	e)perwta/w	v--pna---
ἐπερωτᾶν	e)perwta=n	ἐπερωτάω	e)perwta/w	v-sppamv-
ἐπερωτᾶν	e)perwta=n	ἐπερωτάω	e)perwta/w	v-sppann-
ἐπερωτᾶν	e)perwta=n	ἐπερωτάω	e)perwta/w	v-sppanv-
ἐπερωτᾶν	e)perwta=n	ἐπερωτάω	e)perwta/w	v-sppana-
ἐπερωτᾶν	e)perwta=n	ἐπερωτάω	e)perwta/w	v-sppamn-
ἐπερωτᾶν	e)perwta=n	ἐπερωτάω	e)perwta/w	v--pna---
ἐπερωτᾶν	e)perwta=n	ἐπερωτάω	e)perwta/w	v--pna---
ἐπερωτῶντα	e)perwtw=nta	ἐπερωτάω	e)perwta/w	v-pppann-
ἐπερωτῶντα	e)perwtw=nta	ἐπερωτάω	e)perwta/w	v-pppanv-
ἐπερωτῶντα	e)perwtw=nta	ἐπερωτάω	e)perwta/w	v-pppana-
ἐπερωτῶντα	e)perwtw=nta	ἐπερωτάω	e)perwta/w	v-sppama-
ἐπερωτῶντα	e)perwtw=nta	ἐπερωτάω	e)perwta/w	v-pppann-
ἐπερωτῶντα	e)perwtw=nta	ἐπερωτάω	e)perwta/w	v-pppanv-
ἐπερωτῶντα	e)perwtw=nta	ἐπερωτάω	e)perwta/w	v-pppana-
ἐπερωτῶντα	e)perwtw=nta	ἐπερωτάω	e)perwta/w	v-sppama-
ἐπεσκέψατο	e)peske/yato	ἐπισκέπτομαι	e)piske/ptomai	v3saie---
ἐπεσκίαζεν	e)peski/azen	ἐπισκιάζω	e)piskia/zw	v3siia---
ἐπετίμησεν	e)peti/mhsen	ἐπιτιμάω	e)pitima/w	v3saia---
ἐπετίμων	e)peti/mwn	ἐπιτιμάω	e)pitima/w	v3piia---
ἐπετίμων	e)peti/mwn	ἐπιτιμάω	e)pitima/w	v1siia---
ἐπεφώνουν	e)pefw/noun	ἐπιφωνέω	e)pifwne/w	v3piia---
ἐπεφώνουν	e)pefw/noun	ἐπιφωνέω	e)pifwne/w	v1siia---
ἐπεχείρησαν	e)pexei/rhsan	ἐπιχειρέω	e)pixeire/w	v3paia---
ἐπεί	e)pei/	ἐπεί	e)pei/	c--------
ἐπείνασεν	e)pei/nasen	πεινάω	peina/w	v3saia---
ἐπεῖδεν	e)pei=den	ἐπεῖδον	e)pei=don	v3saia---
ἐπηρεαζόντων	e)phreazo/ntwn	ἐπηρεάζω	e)phrea/zw	v-pppamg-
ἐπηρεαζόντων	e)phreazo/ntwn	ἐπηρεάζω	e)phrea/zw	v-pppang-
ἐπηρεαζόντων	e)phreazo/ntwn	ἐπηρεάζω	e)phrea/zw	v3ppma---
ἐπηρεαζόντων	e)phreazo/ntwn	ἐπηρεάζω	e)phrea/zw	v-pppamg-
ἐπηρεαζόντων	e)phreazo/ntwn	ἐπηρεάζω	e)phrea/zw	v-pppang-
ἐπηρεαζόντων	e)phreazo/ntwn	ἐπηρεάζω	e)phrea/zw	v3ppma---
ἐπηρώτα	e)phrw/ta	ἐπερωτάω	e)perwta/w	v3siia---
ἐπηρώτησαν	e)phrw/thsan	ἐπερωτάω	e)perwta/w	v3piia---
ἐπηρώτησαν	e)phrw/thsan	ἐπερωτάω	e)perwta/w	v3paia---
ἐπηρώτησεν	e)phrw/thsen	ἐπερωτάω	e)perwta/w	v3saia---
ἐπηρώτησέν	e)phrw/thse/n	ἐπερωτάω	e)perwta/w	v3saia---
ἐπηρώτων	e)phrw/twn	ἐπερωτάω	e)perwta/w	v3piia---
ἐπηρώτων	e)phrw/twn	ἐπερωτάω	e)perwta/w	v1siia---
ἐπιβαλεῖν	e)pibalei=n	ἐπιβάλλω	e)piba/llw	v--ana---
ἐπιβαλεῖν	e)pibalei=n	ἐπιβάλλω	e)piba/llw	v--fna---
ἐπιβαλοῦσιν	e)pibalou=sin	ἐπιβάλλω	e)piba/llw	v-papamd-
ἐπιβαλοῦσιν	e)pibalou=sin	ἐπιβάλλω	e)piba/llw	v-papand-
ἐπιβαλοῦσιν	e)pibalou=sin	ἐπιβάλλω	e)piba/llw	v-pfpamd-
ἐπιβαλοῦσιν	e)pibalou=sin	ἐπιβάλλω	e)piba/llw	v-pfpand-
ἐπιβαλοῦσιν	e)pibalou=sin	ἐπιβάλλω	e)piba/llw	v3pfia---
ἐπιβαλών	e)pibalw/n	ἐπιβάλλω	e)piba/llw	v-sapamn-
ἐπιβιβάσας	e)pibiba/sas	ἐπιβιβάζω	e)pibiba/zw	v-pfpafa-
ἐπιβιβάσας	e)pibiba/sas	ἐπιβιβάζω	e)pibiba/zw	v-sfpafg-
ἐπιβιβάσας	e)pibiba/sas	ἐπιβιβάζω	e)pibiba/zw	v-pfpafa-
ἐπιβιβάσας	e)pibiba/sas	ἐπιβιβάζω	e)pibiba/zw	v-sfpafg-
ἐπιβιβάσας	e)pibiba/sas	ἐπιβιβάζω	e)pibiba/zw	v-sapamn-
ἐπιβιβάσας	e)pibiba/sas	ἐπιβιβάζω	e)pibiba/zw	v-sapamv-
ἐπιβιβάσας	e)pibiba/sas	ἐπιβιβάζω	e)pibiba/zw	v-sapamn-
ἐπιβιβάσας	e)pibiba/sas	ἐπιβιβάζω	e)pibiba/zw	v-sapamv-
ἐπιβλέψαι	e)pible/yai	ἐπιβλέπω	e)pible/pw	v--ana---
ἐπιβλέψαι	e)pible/yai	ἐπιβλέπω	e)pible/pw	v3saoa---
ἐπιβάλλει	e)piba/llei	ἐπιβάλλω	e)piba/llw	v2spie---
ἐπιβάλλει	e)piba/llei	ἐπιβάλλω	e)piba/llw	v3spia---
ἐπιβάλλον	e)piba/llon	ἐπιβάλλον	e)piba/llon	n-s---nn-
ἐπιβάλλον	e)piba/llon	ἐπιβάλλον	e)piba/llon	n-s---nv-
ἐπιβάλλον	e)piba/llon	ἐπιβάλλον	e)piba/llon	n-s---na-
ἐπιβάλλον	e)piba/llon	ἐπιβάλλω	e)piba/llw	v-sppamv-
ἐπιβάλλον	e)piba/llon	ἐπιβάλλω	e)piba/llw	v-sppann-
ἐπιβάλλον	e)piba/llon	ἐπιβάλλω	e)piba/llw	v-sppanv-
ἐπιβάλλον	e)piba/llon	ἐπιβάλλω	e)piba/llw	v-sppana-
ἐπιγνούς	e)pignou/s	ἐπιγιγνώσκω	e)pigignw/skw	v-sapamn-
ἐπιγνούς	e)pignou/s	ἐπιγιγνώσκω	e)pigignw/skw	v-sapamv-
ἐπιγνοῦσα	e)pignou=sa	ἐπιγιγνώσκω	e)pigignw/skw	v-sapafn-
ἐπιγνοῦσα	e)pignou=sa	ἐπιγιγνώσκω	e)pigignw/skw	v-sapafv-
ἐπιγνῶναι	e)pignw=nai	ἐπιγιγνώσκω	e)pigignw/skw	v--ana---
ἐπιγνῷς	e)pignw=|s	ἐπιγιγνώσκω	e)pigignw/skw	v2sasa---
ἐπιγραφή	e)pigrafh/	ἐπιγραφή	e)pigrafh/	n-s---fn-
ἐπιγραφή	e)pigrafh/	ἐπιγραφή	e)pigrafh/	n-s---fv-
ἐπιγραφήν	e)pigrafh/n	ἐπιγραφή	e)pigrafh/	n-s---fa-
ἐπιδείξατε	e)pidei/cate	ἐπιδείκνυμι	e)pidei/knumi	v2pama---
ἐπιδείξατε	e)pidei/cate	ἐπιδείκνυμι	e)pidei/knumi	v2paia---
ἐπιδώσει	e)pidw/sei	ἐπιδίδωμι	e)pidi/dwmi	v2sfim---
ἐπιδώσει	e)pidw/sei	ἐπιδίδωμι	e)pidi/dwmi	v3sfia---
ἐπιδώσει’	e)pidw/sei'	ἐπί-δωσείω	e)pi/-dwsei/w	v2spma---
ἐπιδώσει’	e)pidw/sei'	ἐπί-δωσείω	e)pi/-dwsei/w	v3siia---
ἐπιζητοῦσιν	e)pizhtou=sin	ἐπιζητέω	e)pizhte/w	v-pppamd-
ἐπιζητοῦσιν	e)pizhtou=sin	ἐπιζητέω	e)pizhte/w	v-pppand-
ἐπιζητοῦσιν	e)pizhtou=sin	ἐπιζητέω	e)pizhte/w	v3ppia---
ἐπιζητοῦσιν	e)pizhtou=sin	ἐπιζητέω	e)pizhte/w	v-pppamd-
ἐπιζητοῦσιν	e)pizhtou=sin	ἐπιζητέω	e)pizhte/w	v-pppand-
ἐπιζητοῦσιν	e)pizhtou=sin	ἐπιζητέω	e)pizhte/w	v3ppia---
ἐπιθυμήσετε	e)piqumh/sete	ἐπιθυμέω	e)piqume/w	v2pasa---
ἐπιθυμήσετε	e)piqumh/sete	ἐπιθυμέω	e)piqume/w	v2pfia---
ἐπιθυμήσετε	e)piqumh/sete	ἐπιθυμέω	e)piqume/w	v2pasa---
ἐπιθυμήσετε	e)piqumh/sete	ἐπιθυμέω	e)piqume/w	v2pfia---
ἐπιθυμῶν	e)piqumw=n	ἐπιθυμέω	e)piqume/w	v-sppamn-
ἐπιθυμῶν	e)piqumw=n	ἐπιθυμέω	e)piqume/w	v-sppamn-
ἐπιθέντες	e)piqe/ntes	ἐπιτίθημι	e)piti/qhmi	v-papamn-
ἐπιθέντες	e)piqe/ntes	ἐπιτίθημι	e)piti/qhmi	v-papamv-
ἐπικεῖσθαι	e)pikei=sqai	ἐπίκειμαι	e)pi/keimai	v--pne---
ἐπιλαβέσθαι	e)pilabe/sqai	ἐπιλαμβάνω	e)pilamba/nw	v--anm---
ἐπιλαβόμενοι	e)pilabo/menoi	ἐπιλαμβάνω	e)pilamba/nw	v-papmmn-
ἐπιλαβόμενοι	e)pilabo/menoi	ἐπιλαμβάνω	e)pilamba/nw	v-papmmv-
ἐπιλαβόμενος	e)pilabo/menos	ἐπιλαμβάνω	e)pilamba/nw	v-sapmmn-
ἐπιλελησμένον	e)pilelhsme/non	ἐπιλανθάνομαι	e)pilanqa/nomai	v-srpema-
ἐπιλελησμένον	e)pilelhsme/non	ἐπιλανθάνομαι	e)pilanqa/nomai	v-srpenn-
ἐπιλελησμένον	e)pilelhsme/non	ἐπιλανθάνομαι	e)pilanqa/nomai	v-srpenv-
ἐπιλελησμένον	e)pilelhsme/non	ἐπιλανθάνομαι	e)pilanqa/nomai	v-srpena-
ἐπιλάβωνται	e)pila/bwntai	ἐπιλαμβάνω	e)pilamba/nw	v3pase---
ἐπιμελῶς	e)pimelw=s	ἐπιμελής	e)pimelh/s	x--------
ἐπιούσιον	e)piou/sion	ἐπιούσιος	e)piou/sios	n-s---ma-
ἐπιούσιον	e)piou/sion	ἐπιούσιος	e)piou/sios	n-s---fa-
ἐπιούσιον	e)piou/sion	ἐπιούσιος	e)piou/sios	n-s---nn-
ἐπιούσιον	e)piou/sion	ἐπιούσιος	e)piou/sios	n-s---nv-
ἐπιούσιον	e)piou/sion	ἐπιούσιος	e)piou/sios	n-s---na-
ἐπιπορευομένων	e)piporeuome/nwn	ἐπιπορεύομαι	e)piporeu/omai	v-pppefg-
ἐπιπορευομένων	e)piporeuome/nwn	ἐπιπορεύομαι	e)piporeu/omai	v-pppemg-
ἐπιπορευομένων	e)piporeuome/nwn	ἐπιπορεύομαι	e)piporeu/omai	v-pppeng-
ἐπιπορευομένων	e)piporeuome/nwn	ἐπιπορεύομαι	e)piporeu/omai	v-pppefg-
ἐπιπορευομένων	e)piporeuome/nwn	ἐπιπορεύομαι	e)piporeu/omai	v-pppemg-
ἐπιπορευομένων	e)piporeuome/nwn	ἐπιπορεύομαι	e)piporeu/omai	v-pppeng-
ἐπιρίψαντες	e)piri/yantes	ἐπιρριπτέω	e)pirripte/w	v-papamn-
ἐπιρίψαντες	e)piri/yantes	ἐπιρριπτέω	e)pirripte/w	v-papamv-
ἐπισιτισμόν	e)pisitismo/n	ἐπισιτισμός	e)pisitismo/s	n-s---ma-
ἐπισκιάσει	e)piskia/sei	ἐπισκιάω	e)piskia/w	v3sasa---
ἐπισκιάσει	e)piskia/sei	ἐπισκιάω	e)piskia/w	v2sfim---
ἐπισκιάσει	e)piskia/sei	ἐπισκιάω	e)piskia/w	v3sfia---
ἐπισκιάσει	e)piskia/sei	ἐπισκιάζω	e)piskia/zw	v3sasa---
ἐπισκιάσει	e)piskia/sei	ἐπισκιάζω	e)piskia/zw	v2sfim---
ἐπισκιάσει	e)piskia/sei	ἐπισκιάζω	e)piskia/zw	v3sfia---
ἐπισκιάσει	e)piskia/sei	ἐπισκιάζω	e)piskia/zw	v3sasa---
ἐπισκιάσει	e)piskia/sei	ἐπισκιάζω	e)piskia/zw	v2sfim---
ἐπισκιάσει	e)piskia/sei	ἐπισκιάζω	e)piskia/zw	v3sfia---
ἐπισκοπῆς	e)piskoph=s	ἐπισκοπέω	e)piskope/w	v2spia---
ἐπισκοπῆς	e)piskoph=s	ἐπισκοπέω	e)piskope/w	v2spia---
ἐπισκοπῆς	e)piskoph=s	ἐπισκοπή	e)piskoph/	n-s---fg-
ἐπισκέψεται	e)piske/yetai	ἐπισκέπτομαι	e)piske/ptomai	v3sase---
ἐπισκέψεται	e)piske/yetai	ἐπισκέπτομαι	e)piske/ptomai	v3sfie---
ἐπιστεύσατε	e)pisteu/sate	πιστεύω	pisteu/w	v2paia---
ἐπιστρεψάτω	e)pistreya/tw	ἐπιστρέφω	e)pistre/fw	v3sama---
ἐπιστρέψαι	e)pistre/yai	ἐπιστρέφω	e)pistre/fw	v--ana---
ἐπιστρέψαι	e)pistre/yai	ἐπιστρέφω	e)pistre/fw	v3saoa---
ἐπιστρέψας	e)pistre/yas	ἐπιστρέφω	e)pistre/fw	v-sapamn-
ἐπιστρέψας	e)pistre/yas	ἐπιστρέφω	e)pistre/fw	v-sapamv-
ἐπιστρέψει	e)pistre/yei	ἐπίστρεψις	e)pi/streyis	n-d---fn-
ἐπιστρέψει	e)pistre/yei	ἐπίστρεψις	e)pi/streyis	n-d---fv-
ἐπιστρέψει	e)pistre/yei	ἐπίστρεψις	e)pi/streyis	n-d---fa-
ἐπιστρέψει	e)pistre/yei	ἐπίστρεψις	e)pi/streyis	n-s---fd-
ἐπιστρέψει	e)pistre/yei	ἐπίστρεψις	e)pi/streyis	n-s---fd-
ἐπιστρέψει	e)pistre/yei	ἐπιστρέφω	e)pistre/fw	v3sasa---
ἐπιστρέψει	e)pistre/yei	ἐπιστρέφω	e)pistre/fw	v2sfim---
ἐπιστρέψει	e)pistre/yei	ἐπιστρέφω	e)pistre/fw	v3sfia---
ἐπιστρέψῃ	e)pistre/yh|	ἐπίστρεψις	e)pi/streyis	n-s---fd-
ἐπιστρέψῃ	e)pistre/yh|	ἐπιστρέφω	e)pistre/fw	v2sasm---
ἐπιστρέψῃ	e)pistre/yh|	ἐπιστρέφω	e)pistre/fw	v3sasa---
ἐπιστρέψῃ	e)pistre/yh|	ἐπιστρέφω	e)pistre/fw	v2sfim---
ἐπιστάς	e)pista/s	ἐφίστημι	e)fi/sthmi	v-sppamn-
ἐπιστάς	e)pista/s	ἐφίστημι	e)fi/sthmi	v-sppamv-
ἐπιστάς	e)pista/s	ἐφίστημι	e)fi/sthmi	v-sapamn-
ἐπιστάς	e)pista/s	ἐφίστημι	e)fi/sthmi	v-sapamv-
ἐπιστάτα	e)pista/ta	ἐπιστάτη	e)pista/th	n-d---fn-
ἐπιστάτα	e)pista/ta	ἐπιστάτη	e)pista/th	n-d---fv-
ἐπιστάτα	e)pista/ta	ἐπιστάτη	e)pista/th	n-d---fa-
ἐπιστάτα	e)pista/ta	ἐπιστάτη	e)pista/th	n-s---fn-
ἐπιστάτα	e)pista/ta	ἐπιστάτη	e)pista/th	n-s---fv-
ἐπιστάτα	e)pista/ta	ἐπιστάτης	e)pista/ths	n-d---mn-
ἐπιστάτα	e)pista/ta	ἐπιστάτης	e)pista/ths	n-d---mv-
ἐπιστάτα	e)pista/ta	ἐπιστάτης	e)pista/ths	n-d---ma-
ἐπιστάτα	e)pista/ta	ἐπιστάτης	e)pista/ths	n-s---mv-
ἐπιστάτα	e)pista/ta	ἐπιστάτης	e)pista/ths	n-s---mg-
ἐπιστάτα	e)pista/ta	ἐπιστάτης	e)pista/ths	n-s---mn-
ἐπιστᾶσα	e)pista=sa	ἐφίστημι	e)fi/sthmi	v-sppafn-
ἐπιστᾶσα	e)pista=sa	ἐφίστημι	e)fi/sthmi	v-sppafv-
ἐπιστᾶσα	e)pista=sa	ἐφίστημι	e)fi/sthmi	v-sapafn-
ἐπιστᾶσα	e)pista=sa	ἐφίστημι	e)fi/sthmi	v-sapafv-
ἐπιστᾶσα	e)pista=sa	ἐπιστάζω	e)pista/zw	v-sfpafn-
ἐπιστᾶσα	e)pista=sa	ἐπιστάζω	e)pista/zw	v-sfpafv-
ἐπισυναχθεισῶν	e)pisunaxqeisw=n	ἐπισυνάγω	e)pisuna/gw	v-pappfg-
ἐπισυνάξαι	e)pisuna/cai	ἐπισυνάγω	e)pisuna/gw	v--ana---
ἐπισυνάξαι	e)pisuna/cai	ἐπισυνάγω	e)pisuna/gw	v3saoa---
ἐπιτιμήσας	e)pitimh/sas	ἐπιτιμάω	e)pitima/w	v-sapamn-
ἐπιτιμήσας	e)pitimh/sas	ἐπιτιμάω	e)pitima/w	v-sapamv-
ἐπιτιμῶν	e)pitimw=n	ἐπιτιμάω	e)pitima/w	v-sppamv-
ἐπιτιμῶν	e)pitimw=n	ἐπιτιμάω	e)pitima/w	v-sppann-
ἐπιτιμῶν	e)pitimw=n	ἐπιτιμάω	e)pitima/w	v-sppanv-
ἐπιτιμῶν	e)pitimw=n	ἐπιτιμάω	e)pitima/w	v-sppana-
ἐπιτιμῶν	e)pitimw=n	ἐπιτιμάω	e)pitima/w	v-sppamn-
ἐπιτιμῶν	e)pitimw=n	ἐπιτιμάω	e)pitima/w	v-sppamn-
ἐπιτιμῶν	e)pitimw=n	ἐπιτιμή	e)pitimh/	n-p---fg-
ἐπιτρέψῃ	e)pitre/yh|	ἐπιτρέπω	e)pitre/pw	v2sasm---
ἐπιτρέψῃ	e)pitre/yh|	ἐπιτρέπω	e)pitre/pw	v3sasa---
ἐπιτρέψῃ	e)pitre/yh|	ἐπιτρέπω	e)pitre/pw	v2sfim---
ἐπιτρόπου	e)pitro/pou	ἐπίτροπος	e)pi/tropos	n-s---mg-
ἐπιτρόπου	e)pitro/pou	ἐπίτροπος	e)pi/tropos	n-s---fg-
ἐπιτρόπου	e)pitro/pou	ἐπίτροπος	e)pi/tropos	n-s---ng-
ἐπιτάξῃ	e)pita/ch|	ἐπίταξις	e)pi/tacis	n-s---fd-
ἐπιτάξῃ	e)pita/ch|	ἐπιτάσσω	e)pita/ssw	v2sasm---
ἐπιτάξῃ	e)pita/ch|	ἐπιτάσσω	e)pita/ssw	v3sasa---
ἐπιτάξῃ	e)pita/ch|	ἐπιτάσσω	e)pita/ssw	v2sfim---
ἐπιτάξῃ	e)pita/ch|	ἐπιτάσσω	e)pita/ssw	v2sasm---
ἐπιτάξῃ	e)pita/ch|	ἐπιτάσσω	e)pita/ssw	v3sasa---
ἐπιτάξῃ	e)pita/ch|	ἐπιτάσσω	e)pita/ssw	v2sfim---
ἐπιτάξῃ	e)pita/ch|	ἐπιτήκω	e)pith/kw	v2sfim---
ἐπιτάσσει	e)pita/ssei	ἐπιτάσσω	e)pita/ssw	v2spie---
ἐπιτάσσει	e)pita/ssei	ἐπιτάσσω	e)pita/ssw	v3spia---
ἐπιτάσσει	e)pita/ssei	ἐπιτάσσω	e)pita/ssw	v2spie---
ἐπιτάσσει	e)pita/ssei	ἐπιτάσσω	e)pita/ssw	v3spia---
ἐπιτίθησιν	e)piti/qhsin	ἐπιτίθημι	e)piti/qhmi	v3spia---
ἐπιτίμησον	e)piti/mhson	ἐπιτιμάω	e)pitima/w	v2sama---
ἐπιφᾶναι	e)pifa=nai	ἐπιφαίνω	e)pifai/nw	v--ana---
ἐπιχέων	e)pixe/wn	ἐπιχέω	e)pixe/w	v-sppamn-
ἐπιχέων	e)pixe/wn	ἐπιχέω	e)pixe/w	v-sppamn-
ἐπλήρωσεν	e)plh/rwsen	πληρόω	plhro/w	v3saia---
ἐπλήσθη	e)plh/sqh	πίμπλημι	pi/mplhmi	v3saip---
ἐπλήσθησαν	e)plh/sqhsan	πίμπλημι	pi/mplhmi	v3paip---
ἐποιήσατε	e)poih/sate	ποιέω	poie/w	v2paia---
ἐπορεύετο	e)poreu/eto	ἐφορεύω	e)foreu/w	v3siie---
ἐπορεύετο	e)poreu/eto	πορεύω	poreu/w	v3siie---
ἐπορεύθη	e)poreu/qh	ἐφορεύω	e)foreu/w	v3saip---
ἐπορεύθη	e)poreu/qh	πορεύω	poreu/w	v3saip---
ἐπορεύθησαν	e)poreu/qhsan	ἐφορεύω	e)foreu/w	v3paip---
ἐπορεύθησαν	e)poreu/qhsan	πορεύω	poreu/w	v3paip---
ἐπορεύοντο	e)poreu/onto	ἐφορεύω	e)foreu/w	v3piie---
ἐπορεύοντο	e)poreu/onto	πορεύω	poreu/w	v3piie---
ἐποίει	e)poi/ei	ποιέω	poie/w	v3siia---
ἐποίησαν	e)poi/hsan	ποιέω	poie/w	v3paia---
ἐποίησας	e)poi/hsas	ποιέω	poie/w	v2saia---
ἐποίησεν	e)poi/hsen	ποιέω	poie/w	v3saia---
ἐποίησέν	e)poi/hse/n	ποιέω	poie/w	v3saia---
ἐποίουν	e)poi/oun	ποιέω	poie/w	v3piia---
ἐποίουν	e)poi/oun	ποιέω	poie/w	v1siia---
ἐποίουν	e)poi/oun	ποιόω	poio/w	v3piia---
ἐποίουν	e)poi/oun	ποιόω	poio/w	v1siia---
ἐπροφήτευσεν	e)profh/teusen	προφητεύω	profhteu/w	v3saia---
ἐπράξαμεν	e)pra/camen	πράσσω	pra/ssw	v1paia---
ἐπράξαμεν	e)pra/camen	πράσσω	pra/ssw	v1paia---
ἐπυνθάνετο	e)punqa/neto	πυνθάνομαι	punqa/nomai	v3siie---
ἐπάν	e)pa/n	ἐπάν	e)pa/n	c--------
ἐπάνω	e)pa/nw	ἐπάνω	e)pa/nw	d--------
ἐπάρας	e)pa/ras	ἐπαίρω	e)pai/rw	v-sapamn-
ἐπάρας	e)pa/ras	ἐπαίρω	e)pai/rw	v-sapamv-
ἐπάρασά	e)pa/rasa/	ἐπαίρω	e)pai/rw	v-sapafn-
ἐπάρασά	e)pa/rasa/	ἐπαίρω	e)pai/rw	v-sapafv-
ἐπάρατε	e)pa/rate	ἐπάρατος	e)pa/ratos	n-s---mv-
ἐπάρατε	e)pa/rate	ἐπάρατος	e)pa/ratos	n-s---fv-
ἐπάρατε	e)pa/rate	ἐπαίρω	e)pai/rw	v2pama---
ἐπάρατε	e)pa/rate	ἐπαίρω	e)pai/rw	v2paia---
ἐπάρατε	e)pa/rate	ἐπαίρω	e)pai/rw	v2paia---
ἐπάταξεν	e)pa/tacen	πατάσσω	pata/ssw	v3saia---
ἐπέβλεψεν	e)pe/bleyen	ἐπιβλέπω	e)pible/pw	v3saia---
ἐπέγνωσαν	e)pe/gnwsan	ἐπιγιγνώσκω	e)pigignw/skw	v3paia---
ἐπέδωκαν	e)pe/dwkan	ἐπιδίδωμι	e)pidi/dwmi	v3paia---
ἐπέθηκαν	e)pe/qhkan	ἐπιτίθημι	e)piti/qhmi	v3paia---
ἐπέθηκεν	e)pe/qhken	ἐπιτίθημι	e)piti/qhmi	v3saia---
ἐπέκειντο	e)pe/keinto	ἐπίκειμαι	e)pi/keimai	v3piie---
ἐπέκρινεν	e)pe/krinen	ἐπικρίνω	e)pikri/nw	v3paip---
ἐπέκρινεν	e)pe/krinen	ἐπικρίνω	e)pikri/nw	v3saia---
ἐπέκρινεν	e)pe/krinen	ἐπικρίνω	e)pikri/nw	v3siia---
ἐπέλειχον	e)pe/leixon	ἐπί-λείχω	e)pi/-lei/xw	v3piia---
ἐπέλειχον	e)pe/leixon	ἐπί-λείχω	e)pi/-lei/xw	v1siia---
ἐπέμφθη	e)pe/mfqh	πέμπω	pe/mpw	v3saip---
ἐπέπεσεν	e)pe/pesen	ἐπιπίπτω	e)pipi/ptw	v3saia---
ἐπέστη	e)pe/sth	ἐφίστημι	e)fi/sthmi	v1slia---
ἐπέστη	e)pe/sth	ἐφίστημι	e)fi/sthmi	v3saia---
ἐπέστησαν	e)pe/sthsan	ἐφίστημι	e)fi/sthmi	v3paia---
ἐπέστησαν	e)pe/sthsan	ἐφίστημι	e)fi/sthmi	v3paia---
ἐπέστρεψαν	e)pe/streyan	ἐπιστρέφω	e)pistre/fw	v3paia---
ἐπέστρεψεν	e)pe/streyen	ἐπιστρέφω	e)pistre/fw	v3saia---
ἐπέταξας	e)pe/tacas	ἐπιτάσσω	e)pita/ssw	v2saia---
ἐπέταξας	e)pe/tacas	πετάζω	peta/zw	v2saia---
ἐπέτρεψεν	e)pe/treyen	ἐπιτρέπω	e)pitre/pw	v3saia---
ἐπέφωσκεν	e)pe/fwsken	ἐπιφώσκω	e)pifw/skw	v3siia---
ἐπέχων	e)pe/xwn	ἐπώχατο	e)pw/xato	v-sppamn-
ἐπί	e)pi/	ἐπί	e)pi/	r--------
ἐπίβλημα	e)pi/blhma	ἐπίβλημα	e)pi/blhma	n-s---nn-
ἐπίβλημα	e)pi/blhma	ἐπίβλημα	e)pi/blhma	n-s---nv-
ἐπίβλημα	e)pi/blhma	ἐπίβλημα	e)pi/blhma	n-s---na-
ἐπίομεν	e)pi/omen	ἔπειμι2	e)/peimi2	v1ppsa---
ἐπίομεν	e)pi/omen	πίνω	pi/nw	v1paia---
ἐπίστευσας	e)pi/steusas	πιστεύω	pisteu/w	v2saia---
ἐπίσχυον	e)pi/sxuon	ἐπισχύω	e)pisxu/w	v3piia---
ἐπίσχυον	e)pi/sxuon	ἐπισχύω	e)pisxu/w	v1siia---
ἐπίσχυον	e)pi/sxuon	ἐπισχύω	e)pisxu/w	v3piia---
ἐπίσχυον	e)pi/sxuon	ἐπισχύω	e)pisxu/w	v1siia---
ἐπίτρεψόν	e)pi/treyo/n	ἐπιτρέπω	e)pitre/pw	v2sama---
ἐπώλουν	e)pw/loun	πωλέω	pwle/w	v3piia---
ἐπώλουν	e)pw/loun	πωλέω	pwle/w	v1siia---
ἐπῄνεσεν	e)ph/|nesen	ἐπαινέω	e)paine/w	v3saia---
ἐργασίαν	e)rgasi/an	ἐργασία	e)rgasi/a	n-s---fa-
ἐργάζεσθαι	e)rga/zesqai	ἐργάζομαι	e)rga/zomai	v--pne---
ἐργάται	e)rga/tai	ἐργάτης	e)rga/ths	n-p---mn-
ἐργάται	e)rga/tai	ἐργάτης	e)rga/ths	n-p---mv-
ἐργάται	e)rga/tai	ἐργάτης	e)rga/ths	n-s---md-
ἐργάτης	e)rga/ths	ἐργάτης	e)rga/ths	n-s---mn-
ἐρεῖ	e)rei=	ἐράομαι	e)ra/omai	v2spie---
ἐρεῖ	e)rei=	ἐρέομαι	e)re/omai	v2spie---
ἐρεῖ	e)rei=	ἐρέω	e)re/w	v2spie---
ἐρεῖ	e)rei=	ἐρέω	e)re/w	v3spia---
ἐρεῖ	e)rei=	ἐρῶ	e)rw=	v2sfim---
ἐρεῖ	e)rei=	ἐρῶ	e)rw=	v3sfia---
ἐρεῖτε	e)rei=te	ἐρέω	e)re/w	v2ppma---
ἐρεῖτε	e)rei=te	ἐρέω	e)re/w	v2ppoa---
ἐρεῖτε	e)rei=te	ἐρέω	e)re/w	v2ppia---
ἐρεῖτε	e)rei=te	ἐρέω	e)re/w	v2piia---
ἐρεῖτε	e)rei=te	ἐρῶ	e)rw=	v2pfia---
ἐρεῖτε	e)rei=te	ῥέω	r(e/w	v2piia---
ἐρεῖτέ	e)rei=te/	ἐρέω	e)re/w	v2ppma---
ἐρεῖτέ	e)rei=te/	ἐρέω	e)re/w	v2ppoa---
ἐρεῖτέ	e)rei=te/	ἐρέω	e)re/w	v2ppia---
ἐρεῖτέ	e)rei=te/	ἐρέω	e)re/w	v2piia---
ἐρεῖτέ	e)rei=te/	ἐρῶ	e)rw=	v2pfia---
ἐρεῖτέ	e)rei=te/	ῥέω	r(e/w	v2piia---
ἐρημοῦται	e)rhmou=tai	ἐρημόω	e)rhmo/w	v3spie---
ἐροῦσιν	e)rou=sin	ἐρέω	e)re/w	v-pppamd-
ἐροῦσιν	e)rou=sin	ἐρέω	e)re/w	v-pppand-
ἐροῦσιν	e)rou=sin	ἐρέω	e)re/w	v3ppia---
ἐροῦσιν	e)rou=sin	ἐρῶ	e)rw=	v-pfpamd-
ἐροῦσιν	e)rou=sin	ἐρῶ	e)rw=	v-pfpand-
ἐροῦσιν	e)rou=sin	ἐρῶ	e)rw=	v3pfia---
ἐρχομένη	e)rxome/nh	ἔρχομαι	e)/rxomai	v-sppefn-
ἐρχομένη	e)rxome/nh	ἔρχομαι	e)/rxomai	v-sppefv-
ἐρχομένῳ	e)rxome/nw|	ἔρχομαι	e)/rxomai	v-sppemd-
ἐρχομένῳ	e)rxome/nw|	ἔρχομαι	e)/rxomai	v-sppend-
ἐρχόμενοι	e)rxo/menoi	ἔρχομαι	e)/rxomai	v-pppemn-
ἐρχόμενοι	e)rxo/menoi	ἔρχομαι	e)/rxomai	v-pppemv-
ἐρχόμενον	e)rxo/menon	ἔρχομαι	e)/rxomai	v-sppema-
ἐρχόμενον	e)rxo/menon	ἔρχομαι	e)/rxomai	v-sppenn-
ἐρχόμενον	e)rxo/menon	ἔρχομαι	e)/rxomai	v-sppenv-
ἐρχόμενον	e)rxo/menon	ἔρχομαι	e)/rxomai	v-sppena-
ἐρχόμενος	e)rxo/menos	ἔρχομαι	e)/rxomai	v-sppemn-
ἐρωτήσω	e)rwth/sw	ἐρωτάω	e)rwta/w	v1sasa---
ἐρωτήσω	e)rwth/sw	ἐρωτάω	e)rwta/w	v1sfia---
ἐρωτήσω	e)rwth/sw	ἐρωτάω	e)rwta/w	v2saim---
ἐρωτᾷ	e)rwta=|	ἐρωτάω	e)rwta/w	v2spse---
ἐρωτᾷ	e)rwta=|	ἐρωτάω	e)rwta/w	v2spie---
ἐρωτᾷ	e)rwta=|	ἐρωτάω	e)rwta/w	v3spsa---
ἐρωτᾷ	e)rwta=|	ἐρωτάω	e)rwta/w	v3spia---
ἐρωτῆσαι	e)rwth=sai	ἐρωτάω	e)rwta/w	v--ana---
ἐρωτῶ	e)rwtw=	ἐρωτάω	e)rwta/w	v2spme---
ἐρωτῶ	e)rwtw=	ἐρωτάω	e)rwta/w	v1spsa---
ἐρωτῶ	e)rwtw=	ἐρωτάω	e)rwta/w	v1spia---
ἐρωτῶ	e)rwtw=	ἐρωτάω	e)rwta/w	v1spsa---
ἐρωτῶ	e)rwtw=	ἐρωτάω	e)rwta/w	v1spia---
ἐρωτῶ	e)rwtw=	ἐρωτάω	e)rwta/w	v2siie---
ἐρωτῶν	e)rwtw=n	ἐρωτάω	e)rwta/w	v-sppamv-
ἐρωτῶν	e)rwtw=n	ἐρωτάω	e)rwta/w	v-sppann-
ἐρωτῶν	e)rwtw=n	ἐρωτάω	e)rwta/w	v-sppanv-
ἐρωτῶν	e)rwtw=n	ἐρωτάω	e)rwta/w	v-sppana-
ἐρωτῶν	e)rwtw=n	ἐρωτάω	e)rwta/w	v-sppamn-
ἐρωτῶν	e)rwtw=n	ἐρωτάω	e)rwta/w	v-sppamn-
ἐρήμοις	e)rh/mois	ἐρῆμος	e)rh=mos	a-p---md-
ἐρήμοις	e)rh/mois	ἐρῆμος	e)rh=mos	a-p---nd-
ἐρήμοις	e)rh/mois	ἐρῆμος	e)rh=mos	n-p---md-
ἐρήμοις	e)rh/mois	ἐρῆμος	e)rh=mos	n-p---fd-
ἐρήμοις	e)rh/mois	ἐρῆμος	e)rh=mos	n-p---nd-
ἐρήμους	e)rh/mous	ἐρῆμος	e)rh=mos	a-p---ma-
ἐρήμους	e)rh/mous	ἐρῆμος	e)rh=mos	n-p---ma-
ἐρήμους	e)rh/mous	ἐρῆμος	e)rh=mos	n-p---fa-
ἐρήμους	e)rh/mous	ἐρημόω	e)rhmo/w	v2siia---
ἐρήμωσις	e)rh/mwsis	ἐρήμωσις	e)rh/mwsis	n-s---fn-
ἐρήμῳ	e)rh/mw|	ἐρῆμος	e)rh=mos	a-s---md-
ἐρήμῳ	e)rh/mw|	ἐρῆμος	e)rh=mos	a-s---nd-
ἐρήμῳ	e)rh/mw|	ἐρῆμος	e)rh=mos	n-s---md-
ἐρήμῳ	e)rh/mw|	ἐρῆμος	e)rh=mos	n-s---fd-
ἐρήμῳ	e)rh/mw|	ἐρῆμος	e)rh=mos	n-s---nd-
ἐρῶ	e)rw=	ἐράομαι	e)ra/omai	v2spme---
ἐρῶ	e)rw=	ἐράομαι	e)ra/omai	v2siie---
ἐρῶ	e)rw=	ἐράω1	e)ra/w1	v2spme---
ἐρῶ	e)rw=	ἐράω1	e)ra/w1	v1spsa---
ἐρῶ	e)rw=	ἐράω1	e)ra/w1	v1spia---
ἐρῶ	e)rw=	ἐράω1	e)ra/w1	v2siie---
ἐρῶ	e)rw=	ἐράω2	e)ra/w2	v2spme---
ἐρῶ	e)rw=	ἐράω2	e)ra/w2	v1spsa---
ἐρῶ	e)rw=	ἐράω2	e)ra/w2	v1spia---
ἐρῶ	e)rw=	ἐράω2	e)ra/w2	v2siie---
ἐρῶ	e)rw=	ἐρέω	e)re/w	v1spia---
ἐρῶ	e)rw=	ἐρέω	e)re/w	v1spsa---
ἐρῶ	e)rw=	ἐρῶ	e)rw=	v1sfia---
ἐσθίειν	e)sqi/ein	ἐσθίω	e)sqi/w	v--pna---
ἐσθίετε	e)sqi/ete	ἐσθίω	e)sqi/w	v2ppma---
ἐσθίετε	e)sqi/ete	ἐσθίω	e)sqi/w	v2ppia---
ἐσθίετε	e)sqi/ete	ἐσθίω	e)sqi/w	v2piia---
ἐσθίοντες	e)sqi/ontes	ἐσθίω	e)sqi/w	v-pppamn-
ἐσθίοντες	e)sqi/ontes	ἐσθίω	e)sqi/w	v-pppamv-
ἐσθίοντες	e)sqi/ontes	εἰσθέω	ei)sqe/w	v-pppamn-
ἐσθίοντες	e)sqi/ontes	εἰσθέω	ei)sqe/w	v-pppamv-
ἐσθίουσιν	e)sqi/ousin	ἐσθίω	e)sqi/w	v-pppamd-
ἐσθίουσιν	e)sqi/ousin	ἐσθίω	e)sqi/w	v-pppand-
ἐσθίουσιν	e)sqi/ousin	ἐσθίω	e)sqi/w	v3ppia---
ἐσθίων	e)sqi/wn	ἔσθος	e)/sqos	n-p---ng-
ἐσθίων	e)sqi/wn	ἐσθίω	e)sqi/w	v-sppamn-
ἐσθίων	e)sqi/wn	εἰσθέω	ei)sqe/w	v-sppamn-
ἐσθῆτα	e)sqh=ta	ἐσθής	e)sqh/s	n-s---fa-
ἐσκίρτησεν	e)ski/rthsen	σκιρτάω	skirta/w	v3saia---
ἐσμεν	e)smen	εἰμί	ei)mi/	v1ppia---
ἐσμέν	e)sme/n	εἰμί	ei)mi/	v1ppia---
ἐσπαργανωμένον	e)sparganwme/non	σπαργανόω	spargano/w	v-srpema-
ἐσπαργανωμένον	e)sparganwme/non	σπαργανόω	spargano/w	v-srpenn-
ἐσπαργανωμένον	e)sparganwme/non	σπαργανόω	spargano/w	v-srpenv-
ἐσπαργανωμένον	e)sparganwme/non	σπαργανόω	spargano/w	v-srpena-
ἐσπαργάνωσεν	e)sparga/nwsen	σπαργανόω	spargano/w	v3saia---
ἐσπλαγχνίσθη	e)splagxni/sqh	σπλαγχνίζομαι	splagxni/zomai	v3saie---
ἐσπλαγχνίσθη	e)splagxni/sqh	σπλαγχνίζω	splagxni/zw	v3saip---
ἐσταύρωσαν	e)stau/rwsan	σταυρόω	stauro/w	v3paia---
ἐστε	e)ste	εἰμί	ei)mi/	v2ppia---
ἐστιν	e)stin	εἰμί	ei)mi/	v3spia---
ἐστρωμένον	e)strwme/non	στόρεννυμι	sto/rennumi	v-srpema-
ἐστρωμένον	e)strwme/non	στόρεννυμι	sto/rennumi	v-srpenn-
ἐστρωμένον	e)strwme/non	στόρεννυμι	sto/rennumi	v-srpenv-
ἐστρωμένον	e)strwme/non	στόρεννυμι	sto/rennumi	v-srpena-
ἐστάθησαν	e)sta/qhsan	ἵστημι	i(/sthmi	v3paip---
ἐστέ	e)ste/	εἰμί	ei)mi/	v2ppia---
ἐστήρικται	e)sth/riktai	στηρίζω	sthri/zw	v3srie---
ἐστήρισεν	e)sth/risen	στηρίζω	sthri/zw	v3saia---
ἐστίν	e)sti/n	εἰμί	ei)mi/	v3spia---
ἐσυκοφάντησα	e)sukofa/nthsa	συκοφαντέω	sukofante/w	v1saia---
ἐσχίσθη	e)sxi/sqh	σχίζω	sxi/zw	v3saip---
ἐσίγησαν	e)si/ghsan	σιγάω	siga/w	v3piia---
ἐσίγησαν	e)si/ghsan	σιγάω	siga/w	v3paia---
ἐσόμενον	e)so/menon	εἰμί	ei)mi/	v-sfpmma-
ἐσόμενον	e)so/menon	εἰμί	ei)mi/	v-sfpmnn-
ἐσόμενον	e)so/menon	εἰμί	ei)mi/	v-sfpmnv-
ἐσόμενον	e)so/menon	εἰμί	ei)mi/	v-sfpmna-
ἐσώθη	e)sw/qh	εἰσωθέω	ei)swqe/w	v3siia---
ἐσώθη	e)sw/qh	εἰσωθέω	ei)swqe/w	v2spma---
ἐσώθη	e)sw/qh	εἰσωθέω	ei)swqe/w	v3siia---
ἐσώθη	e)sw/qh	σώζω	sw/zw	v3saip---
ἐταράχθη	e)tara/xqh	ταράσσω	tara/ssw	v3saip---
ἐτάφη	e)ta/fh	θάπτω	qa/ptw	v3saip---
ἐτέθη	e)te/qh	τίθημι	ti/qhmi	v3saip---
ἐτέλεσαν	e)te/lesan	τελέω	tele/w	v3paia---
ἐτέχθη	e)te/xqh	τίκτω	ti/ktw	v3saip---
ἐτόλμων	e)to/lmwn	τολμάω	tolma/w	v3piia---
ἐτόλμων	e)to/lmwn	τολμάω	tolma/w	v1siia---
ἐτῶν	e)tw=n	ἔται	e)/tai	n-p---mg-
ἐτῶν	e)tw=n	ἔτης	e)/ths	n-p---mg-
ἐτῶν	e)tw=n	ἔτος	e)/tos	n-p---ng-
ἐτῶν	e)tw=n	ἐτάζω	e)ta/zw	v-sfpamv-
ἐτῶν	e)tw=n	ἐτάζω	e)ta/zw	v-sfpann-
ἐτῶν	e)tw=n	ἐτάζω	e)ta/zw	v-sfpanv-
ἐτῶν	e)tw=n	ἐτάζω	e)ta/zw	v-sfpana-
ἐτῶν	e)tw=n	ἐτάζω	e)ta/zw	v-sfpamn-
ἐφημερίας	e)fhmeri/as	ἐφημέριος	e)fhme/rios	a-p---fa-
ἐφημερίας	e)fhmeri/as	ἐφημέριος	e)fhme/rios	a-s---fg-
ἐφημερίας	e)fhmeri/as	ἐφημερία	e)fhmeri/a	n-p---fa-
ἐφημερίας	e)fhmeri/as	ἐφημερία	e)fhmeri/a	n-s---fg-
ἐφοβούμην	e)fobou/mhn	φοβέω	fobe/w	v1siie---
ἐφοβοῦντο	e)fobou=nto	φοβέω	fobe/w	v3piie---
ἐφοβήθησαν	e)fobh/qhsan	φοβέω	fobe/w	v3paip---
ἐφάνη	e)fa/nh	φαίνω	fai/nw	v3saip---
ἐφάνη	e)fa/nh	φανάω	fana/w	v3siia---
ἐφάνη	e)fa/nh	φανάω	fana/w	v3siia---
ἐφάνησαν	e)fa/nhsan	φαίνω	fai/nw	v3paip---
ἐφάνησαν	e)fa/nhsan	φανάω	fana/w	v3piia---
ἐφάνησαν	e)fa/nhsan	φανάω	fana/w	v3paia---
ἐφύλαξα	e)fu/laca	φυλάσσω	fula/ssw	v1saia---
ἐφύλαξα	e)fu/laca	φυλάζω	fula/zw	v1saia---
ἐφύτευον	e)fu/teuon	φυτεύω	futeu/w	v3piia---
ἐφύτευον	e)fu/teuon	φυτεύω	futeu/w	v1siia---
ἐφύτευσεν	e)fu/teusen	φυτεύω	futeu/w	v3saia---
ἐφώνει	e)fw/nei	φωνέω	fwne/w	v3siia---
ἐφώνησεν	e)fw/nhsen	φωνέω	fwne/w	v3saia---
ἐχαρίσατο	e)xari/sato	χαρίζομαι	xari/zomai	v3saie---
ἐχαρίσατο	e)xari/sato	χαρίζω	xari/zw	v3saim---
ἐχθροί	e)xqroi/	ἐχθρός	e)xqro/s	a-p---mn-
ἐχθροί	e)xqroi/	ἐχθρός	e)xqro/s	a-p---mv-
ἐχθρούς	e)xqrou/s	ἐχθρός	e)xqro/s	a-p---ma-
ἐχθροῦ	e)xqrou=	ἐχθρός	e)xqro/s	a-s---mg-
ἐχθροῦ	e)xqrou=	ἐχθρός	e)xqro/s	a-s---ng-
ἐχθρῶν	e)xqrw=n	ἔχθρα	e)/xqra	n-p---fg-
ἐχθρῶν	e)xqrw=n	ἔχθρη	e)/xqrh	n-p---fg-
ἐχθρῶν	e)xqrw=n	ἐχθρός	e)xqro/s	a-p---fg-
ἐχθρῶν	e)xqrw=n	ἐχθρός	e)xqro/s	a-p---mg-
ἐχθρῶν	e)xqrw=n	ἐχθρός	e)xqro/s	a-p---ng-
ἐχιδνῶν	e)xidnw=n	ἔχιδνα	e)/xidna	n-p---fg-
ἐχομένῃ	e)xome/nh|	ἔχω	e)/xw	v-sppefd-
ἐχορτάσθησαν	e)xorta/sqhsan	χορτάζω	xorta/zw	v3paip---
ἐχούσαις	e)xou/sais	ἔχω	e)/xw	v-pppafd-
ἐχάρη	e)xa/rh	χαίρω	xai/rw	v3saip---
ἐχάρησαν	e)xa/rhsan	χαίρω	xai/rw	v3paip---
ἐχόντων	e)xo/ntwn	ἔχω	e)/xw	v-pppamg-
ἐχόντων	e)xo/ntwn	ἔχω	e)/xw	v-pppang-
ἐχόντων	e)xo/ntwn	ἔχω	e)/xw	v3ppma---
ἐάν	e)a/n	ἐάν	e)a/n	c--------
ἑαυτούς	e(autou/s	ἑαυτοῦ	e(autou=	n-p---ma-
ἑαυτοῖς	e(autoi=s	ἑαυτοῦ	e(autou=	n-p---nd-
ἑαυτοῖς	e(autoi=s	ἑαυτοῦ	e(autou=	n-p---md-
ἑαυτοῦ	e(autou=	ἑαυτοῦ	e(autou=	n-s---ng-
ἑαυτοῦ	e(autou=	ἑαυτοῦ	e(autou=	n-s---mg-
ἑαυτάς	e(auta/s	ἑαυτοῦ	e(autou=	n-p---fa-
ἑαυτήν	e(auth/n	ἑαυτοῦ	e(autou=	n-s---fa-
ἑαυτόν	e(auto/n	ἑαυτοῦ	e(autou=	n-s---ma-
ἑαυτῆς	e(auth=s	ἑαυτοῦ	e(autou=	n-s---fg-
ἑαυτῶν	e(autw=n	ἑαυτοῦ	e(autou=	n-p---ng-
ἑαυτῶν	e(autw=n	ἑαυτοῦ	e(autou=	n-p---fg-
ἑαυτῶν	e(autw=n	ἑαυτοῦ	e(autou=	n-p---mg-
ἑαυτῷ	e(autw=|	ἑαυτοῦ	e(autou=	n-s---nd-
ἑαυτῷ	e(autw=|	ἑαυτοῦ	e(autou=	n-s---md-
ἑβδομήκοντα	e(bdomh/konta	ἑβδομήκοντα	e(bdomh/konta	m--------
ἑκατονταπλασίονα	e(katontaplasi/ona	ἑκατονταπλασίων	e(katontaplasi/wn	a-p---nn-
ἑκατονταπλασίονα	e(katontaplasi/ona	ἑκατονταπλασίων	e(katontaplasi/wn	a-p---nv-
ἑκατονταπλασίονα	e(katontaplasi/ona	ἑκατονταπλασίων	e(katontaplasi/wn	a-p---na-
ἑκατονταπλασίονα	e(katontaplasi/ona	ἑκατονταπλασίων	e(katontaplasi/wn	a-s---ma-
ἑκατονταπλασίονα	e(katontaplasi/ona	ἑκατονταπλασίων	e(katontaplasi/wn	a-s---fa-
ἑκατοντάρχης	e(katonta/rxhs	ἑκατοντάρχης	e(katonta/rxhs	n-s---mn-
ἑκατοντάρχης	e(katonta/rxhs	ἑκατονταρχέω	e(katontarxe/w	v2siia---
ἑκατοντάρχησ’	e(katonta/rxhs'	ἑκατονταρχέω	e(katontarxe/w	v2samm---
ἑκατοντάρχησ’	e(katonta/rxhs'	ἑκατονταρχέω	e(katontarxe/w	v1saia---
ἑκατοντάρχησ’	e(katonta/rxhs'	ἑκατονταρχέω	e(katontarxe/w	v3saia---
ἑκατόν	e(kato/n	ἑκατόν	e(kato/n	m--------
ἑκάστῳ	e(ka/stw|	ἕκαστος	e(/kastos	a-s---md-
ἑκάστῳ	e(ka/stw|	ἕκαστος	e(/kastos	a-s---nd-
ἑνί	e(ni/	εἷς	ei(=s	n-s---md-
ἑνί	e(ni/	εἷς	ei(=s	n-s---nd-
ἑνός	e(no/s	εἷς	ei(=s	n-s---mg-
ἑνός	e(no/s	εἷς	ei(=s	n-s---ng-
ἑξήκοντα	e(ch/konta	ἑξήκοντα	e(ch/konta	m--------
ἑξῆς	e(ch=s	ἑξῆς	e(ch=s	d--------
ἑξῆς	e(ch=s	ἔχω	e)/xw	v2sfia---
ἑορτή	e(orth/	ἑορτή	e(orth/	n-s---fn-
ἑορτή	e(orth/	ἑορτή	e(orth/	n-s---fv-
ἑορτῆς	e(orth=s	ἑορτάζω	e(orta/zw	v2sfia---
ἑορτῆς	e(orth=s	ἑορτή	e(orth/	n-s---fg-
ἑορτῇ	e(orth=|	ἑορτάζω	e(orta/zw	v2sfim---
ἑορτῇ	e(orth=|	ἑορτάζω	e(orta/zw	v3sfia---
ἑορτῇ	e(orth=|	ἑορτή	e(orth/	n-s---fd-
ἑπτά	e(pta/	ἑπτά	e(pta/	m--------
ἑπτά	e(pta/	ἑπτάς	e(pta/s	n-s---fv-
ἑπτάκις	e(pta/kis	ἑπτάκις	e(pta/kis	d--------
ἑσπέραν	e(spe/ran	ἑσπέρα	e(spe/ra	n-s---fa-
ἑστηκότων	e(sthko/twn	ἵστημι	i(/sthmi	v-prpamg-
ἑστηκότων	e(sthko/twn	ἵστημι	i(/sthmi	v-prpang-
ἑστάναι	e(sta/nai	ἵστημι	i(/sthmi	v--rna---
ἑστήκασιν	e(sth/kasin	ἵστημι	i(/sthmi	v3pria---
ἑστώς	e(stw/s	ἵστημι	i(/sthmi	v-srpamn-
ἑστώς	e(stw/s	ἵστημι	i(/sthmi	v-srpamv-
ἑστῶτα	e(stw=ta	ἵστημι	i(/sthmi	v-prpann-
ἑστῶτα	e(stw=ta	ἵστημι	i(/sthmi	v-prpanv-
ἑστῶτα	e(stw=ta	ἵστημι	i(/sthmi	v-prpana-
ἑστῶτα	e(stw=ta	ἵστημι	i(/sthmi	v-srpama-
ἑτοιμάσαι	e(toima/sai	ἑτοιμάζω	e(toima/zw	v-sfpafd-
ἑτοιμάσαι	e(toima/sai	ἑτοιμάζω	e(toima/zw	v--ana---
ἑτοιμάσαι	e(toima/sai	ἑτοιμάζω	e(toima/zw	v3saoa---
ἑτοιμάσας	e(toima/sas	ἑτοιμάζω	e(toima/zw	v-pfpafa-
ἑτοιμάσας	e(toima/sas	ἑτοιμάζω	e(toima/zw	v-sfpafg-
ἑτοιμάσας	e(toima/sas	ἑτοιμάζω	e(toima/zw	v-sapamn-
ἑτοιμάσας	e(toima/sas	ἑτοιμάζω	e(toima/zw	v-sapamv-
ἑτοιμάσατε	e(toima/sate	ἑτοιμάζω	e(toima/zw	v2pama---
ἑτοιμάσατε	e(toima/sate	ἑτοιμάζω	e(toima/zw	v2paia---
ἑτοιμάσωμεν	e(toima/swmen	ἑτοιμάζω	e(toima/zw	v1pasa---
ἑτέρα	e(te/ra	ἕτερος	e(/teros	a-d---fn-
ἑτέρα	e(te/ra	ἕτερος	e(/teros	a-d---fv-
ἑτέρα	e(te/ra	ἕτερος	e(/teros	a-d---fa-
ἑτέρα	e(te/ra	ἕτερος	e(/teros	a-s---fn-
ἑτέρα	e(te/ra	ἕτερος	e(/teros	a-s---fv-
ἑτέραις	e(te/rais	ἕτερος	e(/teros	a-p---fd-
ἑτέραν	e(te/ran	ἕτερος	e(/teros	a-s---fa-
ἑτέρου	e(te/rou	ἕτερος	e(/teros	a-s---mg-
ἑτέρου	e(te/rou	ἕτερος	e(/teros	a-s---ng-
ἑτέρους	e(te/rous	ἕτερος	e(/teros	a-p---ma-
ἑτέρῳ	e(te/rw|	ἕτερος	e(/teros	a-s---md-
ἑτέρῳ	e(te/rw|	ἕτερος	e(/teros	a-s---nd-
ἑωρακέναι	e(wrake/nai	ὁράω	o(ra/w	v--rna---
ἑώρακεν	e(w/raken	ὁράω	o(ra/w	v3plia---
ἑώρακεν	e(w/raken	ὁράω	o(ra/w	v3sria---
ἔβαλεν	e)/balen	βάλλω	ba/llw	v3saia---
ἔβαλεν	e)/balen	βάλλω	ba/llw	v3saia---
ἔβαλον	e)/balon	βάλλω	ba/llw	v3paia---
ἔβαλον	e)/balon	βάλλω	ba/llw	v1saia---
ἔβρεξεν	e)/brecen	βρέχω	bre/xw	v3saia---
ἔβρεξέν	e)/brece/n	βρέχω	bre/xw	v3saia---
ἔγειρε	e)/geire	ἐγείρω	e)gei/rw	v2spma---
ἔγειρε	e)/geire	ἐγείρω	e)gei/rw	v3saia---
ἔγειρε	e)/geire	ἐγείρω	e)gei/rw	v3siia---
ἔγημα	e)/ghma	γαμέω	game/w	v1saia---
ἔγνων	e)/gnwn	γιγνώσκω	gignw/skw	v3paia---
ἔγνων	e)/gnwn	γιγνώσκω	gignw/skw	v1saia---
ἔγνως	e)/gnws	γιγνώσκω	gignw/skw	v2saia---
ἔγνωσαν	e)/gnwsan	γιγνώσκω	gignw/skw	v3paia---
ἔγραψεν	e)/grayen	γράφω	gra/fw	v3saia---
ἔδει	e)/dei	δέω1	de/w1	v3siia---
ἔδει	e)/dei	δέω2	de/w2	v3siia---
ἔδει	e)/dei	δεῖ	dei=	v3siia---
ἔδει	e)/dei	ἔδω	e)/dw	v2sfim---
ἔδει	e)/dei	ἔδω	e)/dw	v2spie---
ἔδει	e)/dei	ἔδω	e)/dw	v3spia---
ἔδει	e)/dei	ἐσθίω	e)sqi/w	v2sfim---
ἔδειξεν	e)/deicen	δείκνυμι	dei/knumi	v3saia---
ἔδησεν	e)/dhsen	δέω1	de/w1	v3saia---
ἔδησεν	e)/dhsen	δέω2	de/w2	v3saia---
ἔδοξε	e)/doce	δοκέω	doke/w	v3saia---
ἔδραμεν	e)/dramen	τρέχω	tre/xw	v3saia---
ἔδωκας	e)/dwkas	δίδωμι	di/dwmi	v2saia---
ἔδωκεν	e)/dwken	δίδωμι	di/dwmi	v3saia---
ἔδωκάς	e)/dwka/s	δίδωμι	di/dwmi	v2saia---
ἔζησεν	e)/zhsen	ζάω	za/w	v3saia---
ἔθεντο	e)/qento	τίθημι	ti/qhmi	v3paim---
ἔθηκα	e)/qhka	τίθημι	ti/qhmi	v1saia---
ἔθηκας	e)/qhkas	τίθημι	ti/qhmi	v2saia---
ἔθηκεν	e)/qhken	τίθημι	ti/qhmi	v3saia---
ἔθνεσιν	e)/qnesin	ἔθνος	e)/qnos	n-p---nd-
ἔθνη	e)/qnh	ἔθνος	e)/qnos	n-p---nn-
ἔθνη	e)/qnh	ἔθνος	e)/qnos	n-p---nv-
ἔθνη	e)/qnh	ἔθνος	e)/qnos	n-p---na-
ἔθνη	e)/qnh	ἔθνος	e)/qnos	n-d---nn-
ἔθνη	e)/qnh	ἔθνος	e)/qnos	n-d---nv-
ἔθνη	e)/qnh	ἔθνος	e)/qnos	n-d---na-
ἔθνος	e)/qnos	ἔθνος	e)/qnos	n-s---nn-
ἔθνος	e)/qnos	ἔθνος	e)/qnos	n-s---nv-
ἔθνος	e)/qnos	ἔθνος	e)/qnos	n-s---na-
ἔθος	e)/qos	ἔθος	e)/qos	n-s---nn-
ἔθος	e)/qos	ἔθος	e)/qos	n-s---nv-
ἔθος	e)/qos	ἔθος	e)/qos	n-s---na-
ἔθρεψαν	e)/qreyan	τρέφω	tre/fw	v3paia---
ἔθυσας	e)/qusas	θύω1	qu/w1	v2saia---
ἔθυσας	e)/qusas	θύω2	qu/w2	v2saia---
ἔθυσεν	e)/qusen	θύω1	qu/w1	v3saia---
ἔθυσεν	e)/qusen	θύω2	qu/w2	v3saia---
ἔκβαλε	e)/kbale	ἐκβάλλω	e)kba/llw	v2sama---
ἔκβαλε	e)/kbale	ἐκβάλλω	e)kba/llw	v3saia---
ἔκκοψον	e)/kkoyon	ἐκκόπτω	e)kko/ptw	v2sama---
ἔκλαιον	e)/klaion	κλαίω	klai/w	v3piia---
ἔκλαιον	e)/klaion	κλαίω	klai/w	v1siia---
ἔκλασεν	e)/klasen	κλάω	kla/w	v3saia---
ἔκλαυσεν	e)/klausen	κλαίω	klai/w	v3saia---
ἔκραζεν	e)/krazen	ἐκραίνω	e)krai/nw	v3siia---
ἔκραζεν	e)/krazen	κράζω	kra/zw	v3siia---
ἔκρινας	e)/krinas	κρίνω	kri/nw	v2saia---
ἔκρυψεν	e)/kruyen	κρύπτω	kru/ptw	v3saia---
ἔκστασις	e)/kstasis	ἔκστασις	e)/kstasis	n-s---fn-
ἔλαβεν	e)/laben	λάπτω	la/ptw	v3paip---
ἔλαβεν	e)/laben	λαμβάνω	lamba/nw	v3saia---
ἔλαθεν	e)/laqen	ἐλαύνω	e)lau/nw	v3paip---
ἔλαθεν	e)/laqen	λανθάνω	lanqa/nw	v3saia---
ἔλαθεν	e)/laqen	λανθάνω	lanqa/nw	v3siia---
ἔλαιον	e)/laion	ἔλαιον	e)/laion	n-s---nn-
ἔλαιον	e)/laion	ἔλαιον	e)/laion	n-s---nv-
ἔλαιον	e)/laion	ἔλαιον	e)/laion	n-s---na-
ἔλαιον	e)/laion	ἔλαιος	e)/laios	n-s---ma-
ἔλαχε	e)/laxe	ἔλαχος	e)/laxos	n-s---mv-
ἔλαχε	e)/laxe	ἔλαχος	e)/laxos	n-s---fv-
ἔλαχε	e)/laxe	λαγχάνω	lagxa/nw	v3saia---
ἔλεγεν	e)/legen	λέγω1	le/gw1	v3paip---
ἔλεγεν	e)/legen	λέγω1	le/gw1	v3siia---
ἔλεγεν	e)/legen	λέγω2	le/gw2	v3siia---
ἔλεγεν	e)/legen	λέγω3	le/gw3	v3siia---
ἔλεγον	e)/legon	ἔλεγος	e)/legos	n-s---ma-
ἔλεγον	e)/legon	λέγω1	le/gw1	v3piia---
ἔλεγον	e)/legon	λέγω1	le/gw1	v1siia---
ἔλεγον	e)/legon	λέγω2	le/gw2	v3piia---
ἔλεγον	e)/legon	λέγω2	le/gw2	v1siia---
ἔλεγον	e)/legon	λέγω3	le/gw3	v3piia---
ἔλεγον	e)/legon	λέγω3	le/gw3	v1siia---
ἔλεος	e)/leos	ἔλεος	e)/leos	n-s---nn-
ἔλεος	e)/leos	ἔλεος	e)/leos	n-s---nv-
ἔλεος	e)/leos	ἔλεος	e)/leos	n-s---na-
ἔλεος	e)/leos	ἔλεος	e)/leos	n-s---mn-
ἔλθωσιν	e)/lqwsin	ἔρχομαι	e)/rxomai	v3pasa---
ἔλθωσιν	e)/lqwsin	ἔρχομαι	e)/rxomai	v3pasa---
ἔλθῃ	e)/lqh|	ἔρχομαι	e)/rxomai	v2sasm---
ἔλθῃ	e)/lqh|	ἔρχομαι	e)/rxomai	v3sasa---
ἔλθῃ	e)/lqh|	ἔρχομαι	e)/rxomai	v3sasa---
ἔλθῃς	e)/lqh|s	ἔρχομαι	e)/rxomai	v2sasa---
ἔλθῃς	e)/lqh|s	ἔρχομαι	e)/rxomai	v2sasa---
ἔμενεν	e)/menen	μένω	me/nw	v3siia---
ἔμιξεν	e)/micen	μίγνυμι	mi/gnumi	v3saia---
ἔμπροσθεν	e)/mprosqen	ἔμπροσθεν	e)/mprosqen	d--------
ἔμπροσθέν	e)/mprosqe/n	ἔμπροσθεν	e)/mprosqen	d--------
ἔμφοβοι	e)/mfoboi	ἔμφοβος	e)/mfobos	n-p---mn-
ἔμφοβοι	e)/mfoboi	ἔμφοβος	e)/mfobos	n-p---mv-
ἔμφοβοι	e)/mfoboi	ἔμφοβος	e)/mfobos	n-p---fn-
ἔμφοβοι	e)/mfoboi	ἔμφοβος	e)/mfobos	n-p---fv-
ἔν	e)/n	ἐν	e)n	r--------
ἔν	e)/n	εἰμί	ei)mi/	v3piia---
ἔν	e)/n	εἰς	ei)s	r--------
ἔναντι	e)/nanti	ἔναντι	e)/nanti	d--------
ἔνθεν	e)/nqen	ἔνθεν	e)/nqen	d--------
ἔνθεν	e)/nqen	ἔρχομαι	e)/rxomai	v3saia---
ἔντιμος	e)/ntimos	ἔντιμος	e)/ntimos	n-s---mn-
ἔντιμος	e)/ntimos	ἔντιμος	e)/ntimos	n-s---fn-
ἔξελθε	e)/celqe	ἐξέρχομαι	e)ce/rxomai	v2sama---
ἔξελθε	e)/celqe	ἐξέρχομαι	e)ce/rxomai	v3saia---
ἔξελθε	e)/celqe	ἐξέρχομαι	e)ce/rxomai	v3saia---
ἔξεστιν	e)/cestin	ἔξεστι	e)/cesti	v3spia---
ἔξοδον	e)/codon	ἔξοδοσ1	e)/codos1	n-s---fa-
ἔξοδον	e)/codon	ἔξοδοσ2	e)/codos2	n-s---ma-
ἔξοδον	e)/codon	ἔξοδοσ2	e)/codos2	n-s---fa-
ἔξοδον	e)/codon	ἔξοδοσ2	e)/codos2	n-s---nn-
ἔξοδον	e)/codon	ἔξοδοσ2	e)/codos2	n-s---nv-
ἔξοδον	e)/codon	ἔξοδοσ2	e)/codos2	n-s---na-
ἔξω	e)/cw	ἔξω	e)/cw	d--------
ἔξω	e)/cw	ἔσσομαι	e)/ssomai	v2saie---
ἔξωθεν	e)/cwqen	ἔξωθεν	e)/cwqen	d--------
ἔπειτα	e)/peita	ἔπειτα	e)/peita	d--------
ἔπεμψεν	e)/pemyen	πέμπω	pe/mpw	v3saia---
ἔπεσεν	e)/pesen	ἐφέζομαι	e)fe/zomai	v3saia---
ἔπεσεν	e)/pesen	ἐπιέννυμι	e)pie/nnumi	v3saia---
ἔπεσεν	e)/pesen	πίπτω	pi/ptw	v3saia---
ἔπινον	e)/pinon	πίνω	pi/nw	v3piia---
ἔπινον	e)/pinon	πίνω	pi/nw	v1siia---
ἔπλησαν	e)/plhsan	πίμπλημι	pi/mplhmi	v3paia---
ἔπλυνον	e)/plunon	πλύνω	plu/nw	v3piia---
ἔπλυνον	e)/plunon	πλύνω	plu/nw	v1siia---
ἔπραξεν	e)/pracen	πράσσω	pra/ssw	v3saia---
ἔπραξεν	e)/pracen	πράσσω	pra/ssw	v3saia---
ἔργοις	e)/rgois	ἔργον	e)/rgon	n-p---nd-
ἔργῳ	e)/rgw|	ἔργον	e)/rgon	n-s---nd-
ἔρημον	e)/rhmon	ἐρῆμος	e)rh=mos	n-s---ma-
ἔρημον	e)/rhmon	ἐρῆμος	e)rh=mos	n-s---fa-
ἔρημον	e)/rhmon	ἐρῆμος	e)rh=mos	n-s---nn-
ἔρημον	e)/rhmon	ἐρῆμος	e)rh=mos	n-s---nv-
ἔρημον	e)/rhmon	ἐρῆμος	e)rh=mos	n-s---na-
ἔριφον	e)/rifon	ἔριφος	e)/rifos	n-s---ma-
ἔρρηξεν	e)/rrhcen	ῥήγνυμι	r(h/gnumi	v3saia---
ἔρρηξεν	e)/rrhcen	ῥήσσω	r(h/ssw	v3saia---
ἔρριπται	e)/rriptai	ῥίπτω	r(i/ptw	v3srie---
ἔρχεσθαι	e)/rxesqai	ἔρχομαι	e)/rxomai	v--pne---
ἔρχεται	e)/rxetai	ἔρχομαι	e)/rxomai	v3spie---
ἔρχεταί	e)/rxetai/	ἔρχομαι	e)/rxomai	v3spie---
ἔρχομαι	e)/rxomai	ἔρχομαι	e)/rxomai	v1spie---
ἔρχονται	e)/rxontai	ἔρχομαι	e)/rxomai	v3ppie---
ἔσεσθε	e)/sesqe	εἰμί	ei)mi/	v2pfim---
ἔσεσθε	e)/sesqe	εἰσίημι	ei)si/hmi	v2pamm---
ἔσεσθε	e)/sesqe	εἰσίημι	ei)si/hmi	v2paim---
ἔσθητε	e)/sqhte	ἔσθω	e)/sqw	v2ppsa---
ἔσθητε	e)/sqhte	εἰστίθημι	ei)sti/qhmi	v2pasa---
ἔσκαψεν	e)/skayen	σκάπτω	ska/ptw	v3saia---
ἔσομαι	e)/somai	εἰμί	ei)mi/	v1sfim---
ἔσονται	e)/sontai	εἰμί	ei)mi/	v3pfim---
ἔσπειρα	e)/speira	σπείρω	spei/rw	v1saia---
ἔσπειρας	e)/speiras	σπείρω	spei/rw	v2saia---
ἔσται	e)/stai	εἰμί	ei)mi/	v3sfim---
ἔστη	e)/sth	ἵστημι	i(/sthmi	v3saia---
ἔστησαν	e)/sthsan	ἵστημι	i(/sthmi	v3paia---
ἔστησαν	e)/sthsan	ἵστημι	i(/sthmi	v3paia---
ἔστησεν	e)/sthsen	ἵστημι	i(/sthmi	v3saia---
ἔστιν	e)/stin	εἰμί	ei)mi/	v3spia---
ἔσχατα	e)/sxata	ἔσχατος	e)/sxatos	a-p---nn-
ἔσχατα	e)/sxata	ἔσχατος	e)/sxatos	a-p---nv-
ἔσχατα	e)/sxata	ἔσχατος	e)/sxatos	a-p---na-
ἔσχατοι	e)/sxatoi	ἔσχατος	e)/sxatos	a-p---mn-
ἔσχατοι	e)/sxatoi	ἔσχατος	e)/sxatos	a-p---mv-
ἔσχατον	e)/sxaton	ἔσχατος	e)/sxatos	a-s---ma-
ἔσχατον	e)/sxaton	ἔσχατος	e)/sxatos	a-s---nn-
ἔσχατον	e)/sxaton	ἔσχατος	e)/sxatos	a-s---nv-
ἔσχατον	e)/sxaton	ἔσχατος	e)/sxatos	a-s---na-
ἔσχον	e)/sxon	ἔχω	e)/xw	v3paia---
ἔσχον	e)/sxon	ἔχω	e)/xw	v1saia---
ἔσωθεν	e)/swqen	ἔσωθεν	e)/swqen	d--------
ἔσωθεν	e)/swqen	σώζω	sw/zw	v3paip---
ἔσωσεν	e)/swsen	εἰσωθέω	ei)swqe/w	v3saia---
ἔσωσεν	e)/swsen	σώζω	sw/zw	v3saia---
ἔσῃ	e)/sh|	εἰμί	ei)mi/	v2sfim---
ἔσῃ	e)/sh|	εἰσίημι	ei)si/hmi	v2sasm---
ἔτει	e)/tei	ἔτος	e)/tos	n-d---nn-
ἔτει	e)/tei	ἔτος	e)/tos	n-d---nv-
ἔτει	e)/tei	ἔτος	e)/tos	n-d---na-
ἔτει	e)/tei	ἔτος	e)/tos	n-s---nd-
ἔτει	e)/tei	ἔτος	e)/tos	n-s---nd-
ἔτεκεν	e)/teken	τίκτω	ti/ktw	v3saia---
ἔτη	e)/th	ἔτης	e)/ths	n-s---mv-
ἔτη	e)/th	ἔτος	e)/tos	n-p---nn-
ἔτη	e)/th	ἔτος	e)/tos	n-p---nv-
ἔτη	e)/th	ἔτος	e)/tos	n-p---na-
ἔτη	e)/th	ἔτος	e)/tos	n-d---nn-
ἔτη	e)/th	ἔτος	e)/tos	n-d---nv-
ἔτη	e)/th	ἔτος	e)/tos	n-d---na-
ἔτη’	e)/th'	ἔτης	e)/ths	n-s---md-
ἔτι	e)/ti	ἔτι	e)/ti	d--------
ἔτιλλον	e)/tillon	τίλλω	ti/llw	v3piia---
ἔτιλλον	e)/tillon	τίλλω	ti/llw	v1siia---
ἔτος	e)/tos	ἔτος	e)/tos	n-s---nn-
ἔτος	e)/tos	ἔτος	e)/tos	n-s---nv-
ἔτος	e)/tos	ἔτος	e)/tos	n-s---na-
ἔτυπτε	e)/tupte	τύπτω	tu/ptw	v3siia---
ἔφαγεν	e)/fagen	ἐσθίω	e)sqi/w	v3saia---
ἔφαγον	e)/fagon	ἐσθίω	e)sqi/w	v3paia---
ἔφαγον	e)/fagon	ἐσθίω	e)sqi/w	v1saia---
ἔφη	e)/fh	φημί	fhmi/	v3siia---
ἔφη’	e)/fh'	ἔφημαι	e)/fhmai	v2spim---
ἔφη’	e)/fh'	ἐφίημι	e)fi/hmi	v2sasm---
ἔφη’	e)/fh'	ἐφίημι	e)fi/hmi	v2sasm---
ἔφθασεν	e)/fqasen	φθάνω	fqa/nw	v3saia---
ἔφθασεν	e)/fqasen	φθάζω	fqa/zw	v3saia---
ἔφυγον	e)/fugon	φεύγω	feu/gw	v3paia---
ἔφυγον	e)/fugon	φεύγω	feu/gw	v1saia---
ἔχαιρεν	e)/xairen	χαίρω	xai/rw	v3siia---
ἔχε	e)/xe	ἔχω	e)/xw	v2spma---
ἔχε	e)/xe	ἔχω	e)/xw	v3siia---
ἔχει	e)/xei	ἔχις	e)/xis	n-d---mn-
ἔχει	e)/xei	ἔχις	e)/xis	n-d---mv-
ἔχει	e)/xei	ἔχις	e)/xis	n-d---ma-
ἔχει	e)/xei	ἔχις	e)/xis	n-s---md-
ἔχει	e)/xei	ἔχις	e)/xis	n-s---md-
ἔχει	e)/xei	ἔχω	e)/xw	v2spie---
ἔχει	e)/xei	ἔχω	e)/xw	v3spia---
ἔχει	e)/xei	χάω	xa/w	v3siia---
ἔχει	e)/xei	χέω	xe/w	v3siia---
ἔχει’	e)/xei'	χέω	xe/w	v3siia---
ἔχειν	e)/xein	ἔχω	e)/xw	v--pna---
ἔχεις	e)/xeis	ἔχις	e)/xis	n-p---mn-
ἔχεις	e)/xeis	ἔχις	e)/xis	n-p---mv-
ἔχεις	e)/xeis	ἔχις	e)/xis	n-p---mn-
ἔχεις	e)/xeis	ἔχις	e)/xis	n-p---ma-
ἔχεις	e)/xeis	ἔχω	e)/xw	v2spia---
ἔχεις	e)/xeis	χάω	xa/w	v2siia---
ἔχεις	e)/xeis	χέω	xe/w	v2siia---
ἔχετε	e)/xete	ἔχω	e)/xw	v2ppma---
ἔχετε	e)/xete	ἔχω	e)/xw	v2ppia---
ἔχετε	e)/xete	ἔχω	e)/xw	v2piia---
ἔχθρᾳ	e)/xqra|	ἔχθρα	e)/xqra	n-p---fn-
ἔχθρᾳ	e)/xqra|	ἔχθρα	e)/xqra	n-p---fv-
ἔχθρᾳ	e)/xqra|	ἔχθρα	e)/xqra	n-s---fd-
ἔχθρᾳ	e)/xqra|	ἔχθρη	e)/xqrh	n-p---fn-
ἔχθρᾳ	e)/xqra|	ἔχθρη	e)/xqrh	n-p---fv-
ἔχθρᾳ	e)/xqra|	ἔχθρη	e)/xqrh	n-s---fd-
ἔχομεν	e)/xomen	ἔχω	e)/xw	v1ppia---
ἔχομεν	e)/xomen	ἔχω	e)/xw	v1piia---
ἔχον	e)/xon	ἔχω	e)/xw	v-sppamv-
ἔχον	e)/xon	ἔχω	e)/xw	v-sppann-
ἔχον	e)/xon	ἔχω	e)/xw	v-sppanv-
ἔχον	e)/xon	ἔχω	e)/xw	v-sppana-
ἔχον	e)/xon	ἔχω	e)/xw	v3piia---
ἔχον	e)/xon	ἔχω	e)/xw	v1siia---
ἔχοντα	e)/xonta	ἔχω	e)/xw	v-pppann-
ἔχοντα	e)/xonta	ἔχω	e)/xw	v-pppanv-
ἔχοντα	e)/xonta	ἔχω	e)/xw	v-pppana-
ἔχοντα	e)/xonta	ἔχω	e)/xw	v-sppama-
ἔχοντας	e)/xontas	ἔχω	e)/xw	v-pppama-
ἔχοντες	e)/xontes	ἔχω	e)/xw	v-pppamn-
ἔχοντες	e)/xontes	ἔχω	e)/xw	v-pppamv-
ἔχοντι	e)/xonti	ἔχω	e)/xw	v-sppamd-
ἔχοντι	e)/xonti	ἔχω	e)/xw	v-sppand-
ἔχοντι	e)/xonti	ἔχω	e)/xw	v3ppia---
ἔχοντος	e)/xontos	ἔχω	e)/xw	v-sppamg-
ἔχοντος	e)/xontos	ἔχω	e)/xw	v-sppang-
ἔχουσα	e)/xousa	ἔχω	e)/xw	v-sppafn-
ἔχουσα	e)/xousa	ἔχω	e)/xw	v-sppafv-
ἔχουσιν	e)/xousin	ἔχω	e)/xw	v-pppamd-
ἔχουσιν	e)/xousin	ἔχω	e)/xw	v-pppand-
ἔχουσιν	e)/xousin	ἔχω	e)/xw	v3ppia---
ἔχρισέν	e)/xrise/n	χρίω	xri/w	v3saia---
ἔχω	e)/xw	ἔχω	e)/xw	v1spsa---
ἔχω	e)/xw	ἔχω	e)/xw	v1spia---
ἔχω	e)/xw	χόω	xo/w	v3siia---
ἔχων	e)/xwn	ἔχω	e)/xw	v-sppamn-
ἔχων	e)/xwn	χάω	xa/w	v3piia---
ἔχων	e)/xwn	χάω	xa/w	v1siia---
ἔχων	e)/xwn	χόω	xo/w	v3piia---
ἔχων	e)/xwn	χόω	xo/w	v1siia---
ἔχῃ	e)/xh|	ἔχις	e)/xis	n-s---md-
ἔχῃ	e)/xh|	ἔχω	e)/xw	v2spse---
ἔχῃ	e)/xh|	ἔχω	e)/xw	v2spie---
ἔχῃ	e)/xh|	ἔχω	e)/xw	v3spsa---
ἕκαστον	e(/kaston	ἕκαστος	e(/kastos	a-s---ma-
ἕκαστον	e(/kaston	ἕκαστος	e(/kastos	a-s---nn-
ἕκαστον	e(/kaston	ἕκαστος	e(/kastos	a-s---nv-
ἕκαστον	e(/kaston	ἕκαστος	e(/kastos	a-s---na-
ἕκαστος	e(/kastos	ἕκαστος	e(/kastos	a-s---mn-
ἕκτη	e(/kth	ἕκτη	e(/kth	n-s---fn-
ἕκτη	e(/kth	ἕκτη	e(/kth	n-s---fv-
ἕκτη	e(/kth	ἕκτος	e(/ktos	a-s---fn-
ἕκτη	e(/kth	ἕκτος	e(/ktos	a-s---fv-
ἕκτος	e(/ktos	ἕκτος	e(/ktos	a-s---mn-
ἕκτῳ	e(/ktw|	ἕκτος	e(/ktos	a-s---md-
ἕκτῳ	e(/ktw|	ἕκτος	e(/ktos	a-s---nd-
ἕλκη	e(/lkh	ἕλκος	e(/lkos	n-p---nn-
ἕλκη	e(/lkh	ἕλκος	e(/lkos	n-p---nv-
ἕλκη	e(/lkh	ἕλκος	e(/lkos	n-p---na-
ἕλκη	e(/lkh	ἕλκος	e(/lkos	n-d---nn-
ἕλκη	e(/lkh	ἕλκος	e(/lkos	n-d---nv-
ἕλκη	e(/lkh	ἕλκος	e(/lkos	n-d---na-
ἕλκη	e(/lkh	ἑλκέω	e(lke/w	v2spma---
ἕλκη	e(/lkh	ἑλκέω	e(lke/w	v3siia---
ἕν	e(/n	εἷς	ei(=s	n-s---nn-
ἕν	e(/n	εἷς	ei(=s	n-s---nv-
ἕν	e(/n	εἷς	ei(=s	n-s---na-
ἕν	e(/n	ἵημι	i(/hmi	v3paia---
ἕν	e(/n	ἵημι	i(/hmi	v-sapann-
ἕν	e(/n	ἵημι	i(/hmi	v-sapanv-
ἕν	e(/n	ἵημι	i(/hmi	v-sapana-
ἕν’	e(/n'	ἕνος	e(/nos	a-p---nn-
ἕν’	e(/n'	ἕνος	e(/nos	a-p---nv-
ἕν’	e(/n'	ἕνος	e(/nos	a-p---na-
ἕν’	e(/n'	ἕνος	e(/nos	a-s---mv-
ἕν’	e(/n'	ἕνος	e(/nos	a-p---fn-
ἕν’	e(/n'	ἕνος	e(/nos	a-p---fv-
ἕν’	e(/n'	ἕνος	e(/nos	a-s---fd-
ἕν’	e(/n'	εἷς	ei(=s	n-s---ma-
ἕνα	e(/na	ἕνος	e(/nos	a-p---nn-
ἕνα	e(/na	ἕνος	e(/nos	a-p---nv-
ἕνα	e(/na	ἕνος	e(/nos	a-p---na-
ἕνα	e(/na	ἕνος	e(/nos	a-d---fn-
ἕνα	e(/na	ἕνος	e(/nos	a-d---fv-
ἕνα	e(/na	ἕνος	e(/nos	a-d---fa-
ἕνα	e(/na	ἕνος	e(/nos	a-s---fn-
ἕνα	e(/na	ἕνος	e(/nos	a-s---fv-
ἕνα	e(/na	εἷς	ei(=s	n-s---ma-
ἕνα’	e(/na'	ἕνος	e(/nos	a-p---fn-
ἕνα’	e(/na'	ἕνος	e(/nos	a-p---fv-
ἕνα’	e(/na'	ἕνος	e(/nos	a-s---fd-
ἕνδεκα	e(/ndeka	ἕνδεκα	e(/ndeka	m--------
ἕνεκα	e(/neka	ἕνεκα	e(/neka	r--------
ἕνεκεν	e(/neken	ἕνεκα	e(/neka	r--------
ἕξ	e(/c	ἕξ	e(/c	m--------
ἕξει	e(/cei	ἕξις	e(/cis	n-d---fn-
ἕξει	e(/cei	ἕξις	e(/cis	n-d---fv-
ἕξει	e(/cei	ἕξις	e(/cis	n-d---fa-
ἕξει	e(/cei	ἕξις	e(/cis	n-s---fd-
ἕξει	e(/cei	ἕξις	e(/cis	n-s---fd-
ἕξει	e(/cei	ἔχω	e)/xw	v2sfim---
ἕξει	e(/cei	ἔχω	e)/xw	v3sfia---
ἕξεις	e(/ceis	ἕξις	e(/cis	n-p---fn-
ἕξεις	e(/ceis	ἕξις	e(/cis	n-p---fv-
ἕξεις	e(/ceis	ἕξις	e(/cis	n-p---fn-
ἕξεις	e(/ceis	ἕξις	e(/cis	n-p---fa-
ἕξεις	e(/ceis	ἔχω	e)/xw	v2sfia---
ἕτερα	e(/tera	ἕτερος	e(/teros	a-p---nn-
ἕτερα	e(/tera	ἕτερος	e(/teros	a-p---nv-
ἕτερα	e(/tera	ἕτερος	e(/teros	a-p---na-
ἕτεραι	e(/terai	ἕτερος	e(/teros	a-p---fn-
ἕτεραι	e(/terai	ἕτερος	e(/teros	a-p---fv-
ἕτεροι	e(/teroi	ἕτερος	e(/teros	a-p---mn-
ἕτεροι	e(/teroi	ἕτερος	e(/teros	a-p---mv-
ἕτερον	e(/teron	ἕτερος	e(/teros	a-s---ma-
ἕτερον	e(/teron	ἕτερος	e(/teros	a-s---nn-
ἕτερον	e(/teron	ἕτερος	e(/teros	a-s---nv-
ἕτερον	e(/teron	ἕτερος	e(/teros	a-s---na-
ἕτερος	e(/teros	ἕτερος	e(/teros	a-s---mn-
ἕτοιμοι	e(/toimoi	ἑτοῖμος	e(toi=mos	a-p---mn-
ἕτοιμοι	e(/toimoi	ἑτοῖμος	e(toi=mos	a-p---mv-
ἕτοιμοι	e(/toimoi	ἑτοῖμος	e(toi=mos	n-p---mn-
ἕτοιμοι	e(/toimoi	ἑτοῖμος	e(toi=mos	n-p---mv-
ἕτοιμοι	e(/toimoi	ἑτοῖμος	e(toi=mos	n-p---fn-
ἕτοιμοι	e(/toimoi	ἑτοῖμος	e(toi=mos	n-p---fv-
ἕτοιμά	e(/toima/	ἑτοῖμος	e(toi=mos	a-p---nn-
ἕτοιμά	e(/toima/	ἑτοῖμος	e(toi=mos	a-p---nv-
ἕτοιμά	e(/toima/	ἑτοῖμος	e(toi=mos	a-p---na-
ἕτοιμά	e(/toima/	ἑτοῖμος	e(toi=mos	n-p---nn-
ἕτοιμά	e(/toima/	ἑτοῖμος	e(toi=mos	n-p---nv-
ἕτοιμά	e(/toima/	ἑτοῖμος	e(toi=mos	n-p---na-
ἕτοιμός	e(/toimo/s	ἑτοῖμος	e(toi=mos	a-s---mn-
ἕτοιμός	e(/toimo/s	ἑτοῖμος	e(toi=mos	n-s---mn-
ἕτοιμός	e(/toimo/s	ἑτοῖμος	e(toi=mos	n-s---fn-
ἕως	e(/ws	ἕως	e(/ws	c--------
ἕως	e(/ws	ἠώς	h)w/s	n-p---fa-
ἕως	e(/ws	ἠώς	h)w/s	n-p---fn-
ἕως	e(/ws	ἠώς	h)w/s	n-p---fv-
ἕως	e(/ws	ἠώς	h)w/s	n-s---fg-
ἕως	e(/ws	ἠώς	h)w/s	n-s---fn-
Ἐγερθήσεται	*)egerqh/setai	ἐγείρω	e)gei/rw	v3sfip---
Ἐγένετο	*)ege/neto	γίγνομαι	gi/gnomai	v3saim---
Ἐγώ	*)egw/	ἐγώ	e)gw/	p-s---mn-
Ἐγώ	*)egw/	ἐγώ	e)gw/	p-s---mv-
Ἐγώ	*)egw/	ἐγώ	e)gw/	p-s---fn-
Ἐγώ	*)egw/	ἐγώ	e)gw/	p-s---fv-
Ἐθεώρουν	*)eqew/roun	θεωρέω	qewre/w	v3piia---
Ἐθεώρουν	*)eqew/roun	θεωρέω	qewre/w	v1siia---
Ἐκ	*)ek	ἐκ	e)k	r--------
Ἐκδίκησόν	*)ekdi/khso/n	ἐκδικέω	e)kdike/w	v2sama---
Ἐκδίκησόν	*)ekdi/khso/n	ἐκδικέω	e)kdike/w	v2sama---
Ἐκεῖ	*)ekei=	ἐκεῖ	e)kei=	d--------
Ἐκριζώθητι	*)ekrizw/qhti	ἐκριζόω	e)krizo/w	v2samp---
Ἐκριζώθητι	*)ekrizw/qhti	ἐκριζόω	e)krizo/w	v2samp---
Ἐλαιῶν	*)elaiw=n	Ἔλαιοῦς	*)/elaiou=s	n-p---mg-
Ἐλαιῶν	*)elaiw=n	Ἐλαία	*)elai/a	n-p---fg-
Ἐλαιῶν	*)elaiw=n	Ἐλαιός	*)elaio/s	n-p---mg-
Ἐλαιῶν	*)elaiw=n	ἐλαία	e)lai/a	n-p---fg-
Ἐλαιῶν	*)elaiw=n	ἐλαίζω	e)lai/zw	v-sfpamn-
Ἐλαιῶν	*)elaiw=n	ἐλαιάω	e)laia/w	v-sppamv-
Ἐλαιῶν	*)elaiw=n	ἐλαιάω	e)laia/w	v-sppann-
Ἐλαιῶν	*)elaiw=n	ἐλαιάω	e)laia/w	v-sppanv-
Ἐλαιῶν	*)elaiw=n	ἐλαιάω	e)laia/w	v-sppana-
Ἐλαιῶν	*)elaiw=n	ἐλαιάω	e)laia/w	v-sppamn-
Ἐλαιῶν	*)elaiw=n	ἐλαιάω	e)laia/w	v-sppamv-
Ἐλαιῶν	*)elaiw=n	ἐλαιάω	e)laia/w	v-sppann-
Ἐλαιῶν	*)elaiw=n	ἐλαιάω	e)laia/w	v-sppanv-
Ἐλαιῶν	*)elaiw=n	ἐλαιάω	e)laia/w	v-sppana-
Ἐλαιῶν	*)elaiw=n	ἐλαιάω	e)laia/w	v-sppamn-
Ἐλαιῶν	*)elaiw=n	ἐλαιόω	e)laio/w	v-sppamv-
Ἐλαιῶν	*)elaiw=n	ἐλαιόω	e)laio/w	v-sppann-
Ἐλαιῶν	*)elaiw=n	ἐλαιόω	e)laio/w	v-sppanv-
Ἐλαιῶν	*)elaiw=n	ἐλαιόω	e)laio/w	v-sppana-
Ἐλαιῶν	*)elaiw=n	ἐλαιόω	e)laio/w	v-sppamn-
Ἐλαιῶν	*)elaiw=n	ἐλαιόω	e)laio/w	v--pna---
Ἐλεύσονται	*)eleu/sontai	ἔρχομαι	e)/rxomai	v3pfim---
Ἐν	*)en	ἐν	e)n	r--------
Ἐν	*)en	εἰς	ei)s	r--------
Ἐξ	*)ec	ἐκ	e)k	r--------
Ἐξομολογοῦμαί	*)ecomologou=mai/	ἐξομολογέομαι	e)comologe/omai	v1spie---
Ἐξομολογοῦμαί	*)ecomologou=mai/	ἐξομολογέομαι	e)comologe/omai	v1spie---
Ἐξήγαγεν	*)ech/gagen	ἐξάγω	e)ca/gw	v3saia---
Ἐξῆλθεν	*)ech=lqen	ἐξέρχομαι	e)ce/rxomai	v3saia---
Ἐξῆλθεν	*)ech=lqen	ἐξέρχομαι	e)ce/rxomai	v3saia---
Ἐπανάγαγε	*)epana/gage	ἐπανάγω	e)pana/gw	v2sama---
Ἐπανάγαγε	*)epana/gage	ἐπανάγω	e)pana/gw	v3saia---
Ἐπανάγαγε	*)epana/gage	ἐπανάγω	e)pana/gw	v3saia---
Ἐπειδή	*)epeidh/	ἐπεί	e)pei/	c--------
Ἐπειδήπερ	*)epeidh/per	ἐπεί	e)pei/	c--------
Ἐπερωτηθείς	*)eperwthqei/s	ἐπερωτάω	e)perwta/w	v-sappmn-
Ἐπερωτηθείς	*)eperwthqei/s	ἐπερωτάω	e)perwta/w	v-sappmv-
Ἐπερωτηθείς	*)eperwthqei/s	ἐπερωτάω	e)perwta/w	v-sappmn-
Ἐπερωτηθείς	*)eperwthqei/s	ἐπερωτάω	e)perwta/w	v-sappmv-
Ἐπερωτῶ	*)eperwtw=	ἐπερωτάω	e)perwta/w	v2spme---
Ἐπερωτῶ	*)eperwtw=	ἐπερωτάω	e)perwta/w	v1spsa---
Ἐπερωτῶ	*)eperwtw=	ἐπερωτάω	e)perwta/w	v1spia---
Ἐπερωτῶ	*)eperwtw=	ἐπερωτάω	e)perwta/w	v1spsa---
Ἐπερωτῶ	*)eperwtw=	ἐπερωτάω	e)perwta/w	v1spia---
Ἐπερωτῶ	*)eperwtw=	ἐπερωτάω	e)perwta/w	v2spme---
Ἐπερωτῶ	*)eperwtw=	ἐπερωτάω	e)perwta/w	v1spsa---
Ἐπερωτῶ	*)eperwtw=	ἐπερωτάω	e)perwta/w	v1spia---
Ἐπερωτῶ	*)eperwtw=	ἐπερωτάω	e)perwta/w	v1spsa---
Ἐπερωτῶ	*)eperwtw=	ἐπερωτάω	e)perwta/w	v1spia---
Ἐπερωτῶ	*)eperwtw=	ἐπερωτάω	e)perwta/w	v2siie---
Ἐπερωτῶ	*)eperwtw=	ἐπερωτάω	e)perwta/w	v2siie---
Ἐπεσκέψατο	*)epeske/yato	ἐπισκέπτομαι	e)piske/ptomai	v3saie---
Ἐπηρώτησαν	*)ephrw/thsan	ἐπερωτάω	e)perwta/w	v3piia---
Ἐπηρώτησαν	*)ephrw/thsan	ἐπερωτάω	e)perwta/w	v3paia---
Ἐπηρώτων	*)ephrw/twn	ἐπερωτάω	e)perwta/w	v3piia---
Ἐπηρώτων	*)ephrw/twn	ἐπερωτάω	e)perwta/w	v1siia---
Ἐπιθυμίᾳ	*)epiqumi/a|	ἐπιθυμία	e)piqumi/a	n-p---fn-
Ἐπιθυμίᾳ	*)epiqumi/a|	ἐπιθυμία	e)piqumi/a	n-p---fv-
Ἐπιθυμίᾳ	*)epiqumi/a|	ἐπιθυμία	e)piqumi/a	n-s---fd-
Ἐπιμελήθητι	*)epimelh/qhti	ἐπιμελέομαι	e)pimele/omai	v2same---
Ἐπιστάτα	*)epista/ta	ἐπιστάτη	e)pista/th	n-d---fn-
Ἐπιστάτα	*)epista/ta	ἐπιστάτη	e)pista/th	n-d---fv-
Ἐπιστάτα	*)epista/ta	ἐπιστάτη	e)pista/th	n-d---fa-
Ἐπιστάτα	*)epista/ta	ἐπιστάτη	e)pista/th	n-s---fn-
Ἐπιστάτα	*)epista/ta	ἐπιστάτη	e)pista/th	n-s---fv-
Ἐπιστάτα	*)epista/ta	ἐπιστάτης	e)pista/ths	n-d---mn-
Ἐπιστάτα	*)epista/ta	ἐπιστάτης	e)pista/ths	n-d---mv-
Ἐπιστάτα	*)epista/ta	ἐπιστάτης	e)pista/ths	n-d---ma-
Ἐπιστάτα	*)epista/ta	ἐπιστάτης	e)pista/ths	n-s---mv-
Ἐπιστάτα	*)epista/ta	ἐπιστάτης	e)pista/ths	n-s---mg-
Ἐπιστάτα	*)epista/ta	ἐπιστάτης	e)pista/ths	n-s---mn-
Ἐποίησεν	*)epoi/hsen	ποιέω	poie/w	v3saia---
Ἐπί	*)epi/	ἐπί	e)pi/	r--------
Ἐπ’	*)ep'	ἐπί	e)pi/	r--------
Ἐρωτήσω	*)erwth/sw	ἐρωτάω	e)rwta/w	v1sasa---
Ἐρωτήσω	*)erwth/sw	ἐρωτάω	e)rwta/w	v1sfia---
Ἐρωτήσω	*)erwth/sw	ἐρωτάω	e)rwta/w	v2saim---
Ἐρωτῶ	*)erwtw=	ἐρωτάω	e)rwta/w	v2spme---
Ἐρωτῶ	*)erwtw=	ἐρωτάω	e)rwta/w	v1spsa---
Ἐρωτῶ	*)erwtw=	ἐρωτάω	e)rwta/w	v1spia---
Ἐρωτῶ	*)erwtw=	ἐρωτάω	e)rwta/w	v1spsa---
Ἐρωτῶ	*)erwtw=	ἐρωτάω	e)rwta/w	v1spia---
Ἐρωτῶ	*)erwtw=	ἐρωτάω	e)rwta/w	v2siie---
Ἐφάγομεν	*)efa/gomen	ἐσθίω	e)sqi/w	v1paia---
Ἐάν	*)ea/n	ἐάν	e)a/n	c--------
Ἐᾶτε	*)ea=te	ἐάω	e)a/w	v2ppma---
Ἐᾶτε	*)ea=te	ἐάω	e)a/w	v2ppsa---
Ἐᾶτε	*)ea=te	ἐάω	e)a/w	v2ppia---
Ἐᾶτε	*)ea=te	ἐάω	e)a/w	v2piia---
Ἑκατοντάρχου	*(ekatonta/rxou	ἑκατόνταρχος	e(kato/ntarxos	n-s---mg-
Ἑκατοντάρχου	*(ekatonta/rxou	ἑκατοντάρχης	e(katonta/rxhs	n-s---mg-
Ἑκατόν	*(ekato/n	ἑκατόν	e(kato/n	m--------
Ἑτοιμάσατε	*(etoima/sate	ἑτοιμάζω	e(toima/zw	v2pama---
Ἑτοιμάσατε	*(etoima/sate	ἑτοιμάζω	e(toima/zw	v2paia---
Ἑτοίμασον	*(etoi/mason	ἑτοιμάζω	e(toima/zw	v2sama---
Ἔα	*)/ea	ἔα	e)/a	x--------
Ἔα	*)/ea	ἐάω	e)a/w	v2spma---
Ἔα	*)/ea	ἐάω	e)a/w	v3siia---
Ἔα	*)/ea	εἰμί	ei)mi/	v1siia---
Ἔγειρε	*)/egeire	ἐγείρω	e)gei/rw	v2spma---
Ἔγειρε	*)/egeire	ἐγείρω	e)gei/rw	v3saia---
Ἔγειρε	*)/egeire	ἐγείρω	e)gei/rw	v3siia---
Ἔκτεινον	*)/ekteinon	ἐκτείνω	e)ktei/nw	v2sama---
Ἔκτεινον	*)/ekteinon	ἐκτείνω	e)ktei/nw	v3piia---
Ἔκτεινον	*)/ekteinon	ἐκτείνω	e)ktei/nw	v1siia---
Ἔκτεινον	*)/ekteinon	κτείνω	ktei/nw	v3piia---
Ἔκτεινον	*)/ekteinon	κτείνω	ktei/nw	v1siia---
Ἔλεγεν	*)/elegen	λέγω1	le/gw1	v3paip---
Ἔλεγεν	*)/elegen	λέγω1	le/gw1	v3siia---
Ἔλεγεν	*)/elegen	λέγω2	le/gw2	v3siia---
Ἔλεγεν	*)/elegen	λέγω3	le/gw3	v3siia---
Ἔμεινεν	*)/emeinen	μένω	me/nw	v3saia---
Ἔξελθε	*)/ecelqe	ἐξέρχομαι	e)ce/rxomai	v2sama---
Ἔξελθε	*)/ecelqe	ἐξέρχομαι	e)ce/rxomai	v3saia---
Ἔξελθε	*)/ecelqe	ἐξέρχομαι	e)ce/rxomai	v3saia---
Ἔξεστιν	*)/ecestin	ἔξεστι	e)/cesti	v3spia---
Ἔρχεσθε	*)/erxesqe	ἔρχομαι	e)/rxomai	v2ppme---
Ἔρχεσθε	*)/erxesqe	ἔρχομαι	e)/rxomai	v2ppie---
Ἔρχεσθε	*)/erxesqe	ἔρχομαι	e)/rxomai	v2piie---
Ἔρχου	*)/erxou	ἔρχομαι	e)/rxomai	v2spme---
Ἔρχου	*)/erxou	ἔρχομαι	e)/rxomai	v2siie---
Ἔστιν	*)/estin	εἰμί	ei)mi/	v3spia---
Ἔστωσαν	*)/estwsan	εἰμί	ei)mi/	v3ppma---
Ἔτι	*)/eti	ἔτι	e)/ti	d--------
Ἔχετέ	*)/exete/	Ἔχετος	*)/exetos	n-s---mv-
Ἔχετέ	*)/exete/	ἔχω	e)/xw	v2ppma---
Ἔχετέ	*)/exete/	ἔχω	e)/xw	v2ppia---
Ἔχετέ	*)/exete/	ἔχω	e)/xw	v2piia---
Ἔχουσι	*)/exousi	ἔχω	e)/xw	v-pppamd-
Ἔχουσι	*)/exousi	ἔχω	e)/xw	v-pppand-
Ἔχουσι	*)/exousi	ἔχω	e)/xw	v3ppia---
Ἕξ	*(/ec	ἕξ	e(/c	m--------
ἠγαλλιάσατο	h)gallia/sato	ἀγαλλιάω	a)gallia/w	v3saim---
ἠγαλλιάσατο	h)gallia/sato	ἀγαλλιάω	a)gallia/w	v3saim---
ἠγαλλίασεν	h)galli/asen	ἀγαλλιάω	a)gallia/w	v3saia---
ἠγαλλίασεν	h)galli/asen	ἀγαλλιάω	a)gallia/w	v3saia---
ἠγνόουν	h)gno/oun	ἀγνοέω	a)gnoe/w	v3piia---
ἠγνόουν	h)gno/oun	ἀγνοέω	a)gnoe/w	v1siia---
ἠγάπησεν	h)ga/phsen	ἀγαπάω	a)gapa/w	v3saia---
ἠγέρθη	h)ge/rqh	ἀγείρω	a)gei/rw	v3saip---
ἠγέρθη	h)ge/rqh	ἐγείρω	e)gei/rw	v3saip---
ἠγόραζον	h)go/razon	ἀγοράζω	a)gora/zw	v3piia---
ἠγόραζον	h)go/razon	ἀγοράζω	a)gora/zw	v1siia---
ἠγόρασα	h)go/rasa	ἀγοράζω	a)gora/zw	v1saia---
ἠδυνήθησαν	h)dunh/qhsan	δύναμαι	du/namai	v3paip---
ἠδύναντο	h)du/nanto	δύναμαι	du/namai	v3paim---
ἠδύνατο	h)du/nato	δύναμαι	du/namai	v3saim---
ἠθελήσατε	h)qelh/sate	ἐθέλω	e)qe/lw	v2paia---
ἠθροισμένους	h)qroisme/nous	ἀθροίζω	a)qroi/zw	v-prpema-
ἠθέλησα	h)qe/lhsa	ἐθέλω	e)qe/lw	v1saia---
ἠθέλησαν	h)qe/lhsan	ἐθέλω	e)qe/lw	v3paia---
ἠθέτησαν	h)qe/thsan	ἀθετέω	a)qete/w	v3paia---
ἠκολουθήσαμέν	h)kolouqh/same/n	ἀκολουθέω	a)kolouqe/w	v1paia---
ἠκολούθει	h)kolou/qei	ἀκολουθέω	a)kolouqe/w	v3siia---
ἠκολούθησαν	h)kolou/qhsan	ἀκολουθέω	a)kolouqe/w	v3paia---
ἠκούσαμεν	h)kou/samen	ἀκούω	a)kou/w	v1paia---
ἠκούσατε	h)kou/sate	ἀκούω	a)kou/w	v2paia---
ἠλαύνετο	h)lau/neto	ἐλαύνω	e)lau/nw	v3siie---
ἠλπίζομεν	h)lpi/zomen	ἐλπίζω	e)lpi/zw	v1piia---
ἠμφιεσμένον	h)mfiesme/non	ἀμφί-ἀμφιέννυμι	a)mfi/-a)mfie/nnumi	v-srpema-
ἠμφιεσμένον	h)mfiesme/non	ἀμφί-ἀμφιέννυμι	a)mfi/-a)mfie/nnumi	v-srpenn-
ἠμφιεσμένον	h)mfiesme/non	ἀμφί-ἀμφιέννυμι	a)mfi/-a)mfie/nnumi	v-srpenv-
ἠμφιεσμένον	h)mfiesme/non	ἀμφί-ἀμφιέννυμι	a)mfi/-a)mfie/nnumi	v-srpena-
ἠξίωσα	h)ci/wsa	ἀξιόω	a)cio/w	v1saia---
ἠξίωσα	h)ci/wsa	ἐξιόω	e)cio/w	v1saia---
ἠπίστουν	h)pi/stoun	ἀπιστέω	a)piste/w	v3piia---
ἠπίστουν	h)pi/stoun	ἀπιστέω	a)piste/w	v1siia---
ἠρνήσατο	h)rnh/sato	ἀρνέομαι	a)rne/omai	v3saie---
ἠρίθμηνται	h)ri/qmhntai	ἀριθμέω	a)riqme/w	v3prie---
ἠρώτησαν	h)rw/thsan	ἐρωτάω	e)rwta/w	v3piia---
ἠρώτησαν	h)rw/thsan	ἐρωτάω	e)rwta/w	v3paia---
ἠρώτησεν	h)rw/thsen	ἐρωτάω	e)rwta/w	v3saia---
ἠσπάσατο	h)spa/sato	ἀσπάζομαι	a)spa/zomai	v3saie---
ἡ	h(	ὁ	o(	l-s---fn-
ἡ	h(	ὁ	o(	l-s---fv-
ἡγεμονεύοντος	h(gemoneu/ontos	ἡγεμονεύω	h(gemoneu/w	v-sppamg-
ἡγεμονεύοντος	h(gemoneu/ontos	ἡγεμονεύω	h(gemoneu/w	v-sppang-
ἡγεμονίας	h(gemoni/as	ἡγεμονία	h(gemoni/a	n-p---fa-
ἡγεμονίας	h(gemoni/as	ἡγεμονία	h(gemoni/a	n-s---fg-
ἡγεμόνας	h(gemo/nas	ἡγεμών	h(gemw/n	n-p---ma-
ἡγεμόνας	h(gemo/nas	ἡγεμών	h(gemw/n	n-p---fa-
ἡγεμόνος	h(gemo/nos	ἡγεμών	h(gemw/n	n-s---mg-
ἡγεμόνος	h(gemo/nos	ἡγεμών	h(gemw/n	n-s---fg-
ἡγούμενος	h(gou/menos	ἡγέομαι	h(ge/omai	v-sppmmn-
ἡδονῶν	h(donw=n	ἡδονά	h(dona/	n-p---fg-
ἡδονῶν	h(donw=n	ἡδονή	h(donh/	n-p---fg-
ἡδύοσμον	h(du/osmon	ἡδύοσμον	h(du/osmon	n-s---nn-
ἡδύοσμον	h(du/osmon	ἡδύοσμον	h(du/osmon	n-s---nv-
ἡδύοσμον	h(du/osmon	ἡδύοσμον	h(du/osmon	n-s---na-
ἡδύοσμον	h(du/osmon	ἡδύοσμος	h(du/osmos	n-s---ma-
ἡδύοσμον	h(du/osmon	ἡδύοσμος	h(du/osmos	n-s---fa-
ἡδύοσμον	h(du/osmon	ἡδύοσμος	h(du/osmos	n-s---nn-
ἡδύοσμον	h(du/osmon	ἡδύοσμος	h(du/osmos	n-s---nv-
ἡδύοσμον	h(du/osmon	ἡδύοσμος	h(du/osmos	n-s---na-
ἡλικίαν	h(liki/an	ἡλικία	h(liki/a	n-s---fa-
ἡλικίᾳ	h(liki/a|	ἡλικία	h(liki/a	n-p---fn-
ἡλικίᾳ	h(liki/a|	ἡλικία	h(liki/a	n-p---fv-
ἡλικίᾳ	h(liki/a|	ἡλικία	h(liki/a	n-s---fd-
ἡλίου	h(li/ou	ἥλιος	h(/lios	n-s---mg-
ἡλίου	h(li/ou	ἡλιόω	h(lio/w	v3siia---
ἡλίου	h(li/ou	ἡλιόω	h(lio/w	v2spma---
ἡλίου	h(li/ou	ἡλιόω	h(lio/w	v3siia---
ἡλίῳ	h(li/w|	ἥλιος	h(/lios	n-s---md-
ἡμερῶν	h(merw=n	ἡμέρα	h(me/ra	n-p---fg-
ἡμερῶν	h(merw=n	ἡμερόω	h(mero/w	v-sppamv-
ἡμερῶν	h(merw=n	ἡμερόω	h(mero/w	v-sppann-
ἡμερῶν	h(merw=n	ἡμερόω	h(mero/w	v-sppanv-
ἡμερῶν	h(merw=n	ἡμερόω	h(mero/w	v-sppana-
ἡμερῶν	h(merw=n	ἡμερόω	h(mero/w	v-sppamn-
ἡμερῶν	h(merw=n	ἡμερόω	h(mero/w	v--pna---
ἡμεῖς	h(mei=s	ἐγώ	e)gw/	p-p---mn-
ἡμεῖς	h(mei=s	ἐγώ	e)gw/	p-p---mv-
ἡμεῖς	h(mei=s	ἐγώ	e)gw/	p-p---fn-
ἡμεῖς	h(mei=s	ἐγώ	e)gw/	p-p---fv-
ἡμιθανῆ	h(miqanh=	ἡμιθανής	h(miqanh/s	n-p---nn-
ἡμιθανῆ	h(miqanh=	ἡμιθανής	h(miqanh/s	n-p---nv-
ἡμιθανῆ	h(miqanh=	ἡμιθανής	h(miqanh/s	n-p---na-
ἡμιθανῆ	h(miqanh=	ἡμιθανής	h(miqanh/s	n-d---mn-
ἡμιθανῆ	h(miqanh=	ἡμιθανής	h(miqanh/s	n-d---mv-
ἡμιθανῆ	h(miqanh=	ἡμιθανής	h(miqanh/s	n-d---ma-
ἡμιθανῆ	h(miqanh=	ἡμιθανής	h(miqanh/s	n-d---fn-
ἡμιθανῆ	h(miqanh=	ἡμιθανής	h(miqanh/s	n-d---fv-
ἡμιθανῆ	h(miqanh=	ἡμιθανής	h(miqanh/s	n-d---fa-
ἡμιθανῆ	h(miqanh=	ἡμιθανής	h(miqanh/s	n-d---nn-
ἡμιθανῆ	h(miqanh=	ἡμιθανής	h(miqanh/s	n-d---nv-
ἡμιθανῆ	h(miqanh=	ἡμιθανής	h(miqanh/s	n-d---na-
ἡμιθανῆ	h(miqanh=	ἡμιθανής	h(miqanh/s	n-s---ma-
ἡμιθανῆ	h(miqanh=	ἡμιθανής	h(miqanh/s	n-s---fa-
ἡμέρα	h(me/ra	ἥμερος	h(/meros	a-d---fn-
ἡμέρα	h(me/ra	ἥμερος	h(/meros	a-d---fv-
ἡμέρα	h(me/ra	ἥμερος	h(/meros	a-d---fa-
ἡμέρα	h(me/ra	ἥμερος	h(/meros	a-s---fn-
ἡμέρα	h(me/ra	ἥμερος	h(/meros	a-s---fv-
ἡμέρα	h(me/ra	ἡμέρα	h(me/ra	n-d---fn-
ἡμέρα	h(me/ra	ἡμέρα	h(me/ra	n-d---fv-
ἡμέρα	h(me/ra	ἡμέρα	h(me/ra	n-d---fa-
ἡμέρα	h(me/ra	ἡμέρα	h(me/ra	n-s---fn-
ἡμέρα	h(me/ra	ἡμέρα	h(me/ra	n-s---fv-
ἡμέραι	h(me/rai	ἥμερος	h(/meros	a-s---fd-
ἡμέραι	h(me/rai	ἡμέρα	h(me/ra	n-p---fn-
ἡμέραι	h(me/rai	ἡμέρα	h(me/ra	n-p---fv-
ἡμέραι	h(me/rai	ἡμέρα	h(me/ra	n-s---fd-
ἡμέραις	h(me/rais	ἥμερος	h(/meros	a-p---fd-
ἡμέραις	h(me/rais	ἡμέρα	h(me/ra	n-p---fd-
ἡμέραισ’	h(me/rais'	ἥμερος	h(/meros	a-p---fd-
ἡμέραισ’	h(me/rais'	ἡμέρα	h(me/ra	n-p---fd-
ἡμέραν	h(me/ran	ἥμερος	h(/meros	a-s---fa-
ἡμέραν	h(me/ran	ἡμέρα	h(me/ra	n-s---fa-
ἡμέρας	h(me/ras	ἥμερος	h(/meros	a-p---fa-
ἡμέρας	h(me/ras	ἥμερος	h(/meros	a-s---fg-
ἡμέρας	h(me/ras	ἡμέρα	h(me/ra	n-p---fa-
ἡμέρας	h(me/ras	ἡμέρα	h(me/ra	n-s---fg-
ἡμέρᾳ	h(me/ra|	ἥμερος	h(/meros	a-s---fd-
ἡμέρᾳ	h(me/ra|	ἡμέρα	h(me/ra	n-p---fn-
ἡμέρᾳ	h(me/ra|	ἡμέρα	h(me/ra	n-p---fv-
ἡμέρᾳ	h(me/ra|	ἡμέρα	h(me/ra	n-s---fd-
ἡμᾶς	h(ma=s	ἐγώ	e)gw/	p-p---ma-
ἡμᾶς	h(ma=s	ἐγώ	e)gw/	p-p---fa-
ἡμᾶς	h(ma=s	ἡμός	h(mo/s	a-s---fg-
ἡμῖν	h(mi=n	ἐγώ	e)gw/	p-p---md-
ἡμῖν	h(mi=n	ἐγώ	e)gw/	p-p---fd-
ἡμῶν	h(mw=n	ἐγώ	e)gw/	p-p---mg-
ἡμῶν	h(mw=n	ἐγώ	e)gw/	p-p---fg-
ἡμῶν	h(mw=n	ἡμός	h(mo/s	a-p---fg-
ἡμῶν	h(mw=n	ἡμός	h(mo/s	a-p---mg-
ἡμῶν	h(mw=n	ἡμός	h(mo/s	a-p---ng-
ἡσύχασαν	h(su/xasan	ἡσυχάω	h(suxa/w	v3paia---
ἡσύχασαν	h(su/xasan	ἡσυχάζω	h(suxa/zw	v3paia---
ἡσύχασαν	h(su/xasan	ἡσυχάζω	h(suxa/zw	v3paia---
ἡτοίμασαν	h(toi/masan	ἑτοιμάζω	e(toima/zw	v3paia---
ἡτοίμασας	h(toi/masas	ἑτοιμάζω	e(toima/zw	v2saia---
ἤ	h)/	ἤ1	h)/1	c--------
ἤ	h)/	ἤ2	h)/2	x--------
ἤγαγεν	h)/gagen	ἄγω	a)/gw	v3saia---
ἤγαγον	h)/gagon	ἄγω	a)/gw	v3paia---
ἤγαγον	h)/gagon	ἄγω	a)/gw	v1saia---
ἤγειρεν	h)/geiren	ἀγείρω	a)gei/rw	v3saia---
ἤγειρεν	h)/geiren	ἀγείρω	a)gei/rw	v3siia---
ἤγειρεν	h)/geiren	ἐγείρω	e)gei/rw	v3saia---
ἤγειρεν	h)/geiren	ἐγείρω	e)gei/rw	v3siia---
ἤγετο	h)/geto	ἄγω	a)/gw	v3siie---
ἤδη	h)/dh	ἤδη	h)/dh	d--------
ἤδη	h)/dh	ἦδος	h)=dos	n-p---nn-
ἤδη	h)/dh	ἦδος	h)=dos	n-p---nv-
ἤδη	h)/dh	ἦδος	h)=dos	n-p---na-
ἤδη	h)/dh	ἦδος	h)=dos	n-d---nn-
ἤδη	h)/dh	ἦδος	h)=dos	n-d---nv-
ἤδη	h)/dh	ἦδος	h)=dos	n-d---na-
ἤθελεν	h)/qelen	ἐθέλω	e)qe/lw	v3siia---
ἤκουεν	h)/kouen	ἀκούω	a)kou/w	v3siia---
ἤκουσαν	h)/kousan	ἀκούω	a)kou/w	v3paia---
ἤκουσεν	h)/kousen	ἀκούω	a)kou/w	v3saia---
ἤλειφεν	h)/leifen	ἀλείφω	a)lei/fw	v3siia---
ἤλειψας	h)/leiyas	ἀλείφω	a)lei/fw	v2saia---
ἤλειψεν	h)/leiyen	ἀλείφω	a)lei/fw	v3saia---
ἤλπιζέν	h)/lpize/n	ἐλπίζω	e)lpi/zw	v3siia---
ἤμελλεν	h)/mellen	μέλλω	me/llw	v3siia---
ἤρατε	h)/rate	αἴρω	ai)/rw	v2paia---
ἤρθη	h)/rqh	ἀραρίσκω	a)rari/skw	v3saip---
ἤρθη	h)/rqh	αἴρω	ai)/rw	v3saip---
ἤρξαντο	h)/rcanto	ἄρχω	a)/rxw	v3paim---
ἤρξαντο	h)/rcanto	ἔρδω	e)/rdw	v3paim---
ἤρξατο	h)/rcato	ἄρχω	a)/rxw	v3saim---
ἤρξατο	h)/rcato	ἔρδω	e)/rdw	v3saim---
ἤρχετο	h)/rxeto	ἄρχω	a)/rxw	v3siie---
ἤρχετο	h)/rxeto	ἔρχομαι	e)/rxomai	v3siie---
ἤσθιον	h)/sqion	ἐσθίω	e)sqi/w	v3piia---
ἤσθιον	h)/sqion	ἐσθίω	e)sqi/w	v1siia---
ἤχους	h)/xous	ἦχος	h)=xos	n-p---ma-
ἥ	h(/	ὁ	o(	l-s---fn-
ἥ	h(/	ὁ	o(	l-s---fv-
ἥ	h(/	ὅς	o(/s	p-s---fn-
ἥκει	h(/kei	ἥκω	h(/kw	v2spie---
ἥκει	h(/kei	ἥκω	h(/kw	v3spia---
ἥμαρτον	h(/marton	ἁμαρτάνω	a(marta/nw	v3paia---
ἥμαρτον	h(/marton	ἁμαρτάνω	a(marta/nw	v1saia---
ἥν	h(/n	ὅς	o(/s	p-s---fa-
ἥξει	h(/cei	ἥκω	h(/kw	v3sasa---
ἥξει	h(/cei	ἥκω	h(/kw	v2sfim---
ἥξει	h(/cei	ἥκω	h(/kw	v3sfia---
ἥξουσιν	h(/cousin	ἥκω	h(/kw	v3pasa---
ἥξουσιν	h(/cousin	ἥκω	h(/kw	v-pfpamd-
ἥξουσιν	h(/cousin	ἥκω	h(/kw	v-pfpand-
ἥξουσιν	h(/cousin	ἥκω	h(/kw	v3pfia---
ἥτις	h(/tis	ὅστις	o(/stis	p-s---fn-
ἥψατο	h(/yato	ἅπτω	a(/ptw	v3saim---
ἥψατο	h(/yato	ἑψάω	e(ya/w	v3slie---
ἦλθαν	h)=lqan	ἔρχομαι	e)/rxomai	v3paia---
ἦλθεν	h)=lqen	ἔρχομαι	e)/rxomai	v3saia---
ἦλθεν	h)=lqen	ἔρχομαι	e)/rxomai	v3saia---
ἦλθες	h)=lqes	ἔρχομαι	e)/rxomai	v2saia---
ἦλθον	h)=lqon	ἔρχομαι	e)/rxomai	v3paia---
ἦλθον	h)=lqon	ἔρχομαι	e)/rxomai	v1saia---
ἦν	h)=n	εἰμί	ei)mi/	v1siia---
ἦν	h)=n	εἰμί	ei)mi/	v3piia---
ἦν	h)=n	εἰμί	ei)mi/	v3siia---
ἦν	h)=n	ἠμί	h)mi/	v1siia---
ἦν’	h)=n'	ἄνω1	a)/nw1	v3siia---
ἦν’	h)=n'	ἦνις	h)=nis	n-s---fv-
ἦραν	h)=ran	αἴρω	ai)/rw	v3paia---
ἦσαν	h)=san	εἰμί	ei)mi/	v3piia---
ἦχος	h)=xos	ἦχος	h)=xos	n-s---mn-
ἧς	h(=s	εἷς	ei(=s	n-s---mn-
ἧς	h(=s	ὅς	o(/s	p-s---fg-
Ἠκολούθει	*)hkolou/qei	ἀκολουθέω	a)kolouqe/w	v3siia---
Ἠλίαν	*)hli/an	Ἠλίας	*)hli/as	n-s---ma-
Ἠλίας	*)hli/as	Ἠλίας	*)hli/as	n-s---mn-
Ἠλίου	*)hli/ou	Ἠλίας	*)hli/as	n-s---mg-
Ἠλίᾳ	*)hli/a|	Ἠλίας	*)hli/as	n-s---md-
Ἠρώτα	*)hrw/ta	ἐρωτάω	e)rwta/w	v3siia---
Ἠσαΐου	*)hsai+/ou	Ἠσαΐας	*)hsai+/as	n-s---mg-
Ἡ	*(h	ὁ	o(	l-s---fn-
Ἡ	*(h	ὁ	o(	l-s---fv-
Ἡρῴδην	*(hrw/|dhn	Ἡρῴδης	*(hrw/|dhs	n-s---ma-
Ἡρῴδης	*(hrw/|dhs	Ἡρῴδης	*(hrw/|dhs	n-s---mn-
Ἡρῴδου	*(hrw/|dou	Ἡρῴδης	*(hrw/|dhs	n-s---mg-
Ἤ	*)/h	ἤ1	h)/1	c--------
Ἤ	*)/h	ἤ2	h)/2	x--------
Ἤγοντο	*)/hgonto	ἄγω	a)/gw	v3piie---
Ἤκουον	*)/hkouon	ἀκούω	a)kou/w	v3piia---
Ἤκουον	*)/hkouon	ἀκούω	a)kou/w	v1siia---
Ἤκουσεν	*)/hkousen	ἀκούω	a)kou/w	v3saia---
Ἤρξατο	*)/hrcato	ἄρχω	a)/rxw	v3saim---
Ἤρξατο	*)/hrcato	ἔρδω	e)/rdw	v3saim---
Ἥψατό	*(/hyato/	ἅπτω	a(/ptw	v3saim---
Ἥψατό	*(/hyato/	ἑψάω	e(ya/w	v3slie---
Ἦλθεν	*)=hlqen	ἔρχομαι	e)/rxomai	v3saia---
Ἦλθεν	*)=hlqen	ἔρχομαι	e)/rxomai	v3saia---
Ἦν	*)=hn	εἰμί	ei)mi/	v1siia---
Ἦν	*)=hn	εἰμί	ei)mi/	v3piia---
Ἦν	*)=hn	εἰμί	ei)mi/	v3siia---
Ἦν	*)=hn	ἠμί	h)mi/	v1siia---
Ἦσαν	*)=hsan	εἰμί	ei)mi/	v3piia---
ἰαθήτω	i)aqh/tw	ἰάομαι	i)a/omai	v3same---
ἰαθῆναι	i)aqh=nai	ἰάομαι	i)a/omai	v--ane---
ἰατροῦ	i)atrou=	ἰατρός	i)atro/s	n-s---mg-
ἰδεῖν	i)dei=n	εἶδον	ei)=don	v--ana---
ἰδεῖν	i)dei=n	ἰδέω	i)de/w	v--pna---
ἰδού	i)dou/	ἰδού	i)dou/	d--------
ἰδοῦσα	i)dou=sa	εἶδον	ei)=don	v-sapafn-
ἰδοῦσα	i)dou=sa	εἶδον	ei)=don	v-sapafv-
ἰδοῦσα	i)dou=sa	ἰδέω	i)de/w	v-sppafn-
ἰδοῦσα	i)dou=sa	ἰδέω	i)de/w	v-sppafv-
ἰδίαν	i)di/an	ἴδιος	i)/dios	a-s---fa-
ἰδίου	i)di/ou	ἴδιος	i)/dios	a-s---mg-
ἰδίου	i)di/ou	ἴδιος	i)/dios	a-s---ng-
ἰδίου	i)di/ou	ἴδιος	i)/dios	n-s---mg-
ἰδίου	i)di/ou	ἴδιος	i)/dios	n-s---fg-
ἰδίου	i)di/ou	ἴδιος	i)/dios	n-s---ng-
ἰδίου	i)di/ou	ἰδίω	i)di/w	v2siie---
ἰδίου	i)di/ou	ἰδίω	i)di/w	v2spme---
ἰδίου	i)di/ou	ἰδίω	i)di/w	v2siie---
ἰδίῳ	i)di/w|	ἴδιος	i)/dios	a-s---md-
ἰδίῳ	i)di/w|	ἴδιος	i)/dios	a-s---nd-
ἰδίῳ	i)di/w|	ἴδιος	i)/dios	n-s---md-
ἰδίῳ	i)di/w|	ἴδιος	i)/dios	n-s---fd-
ἰδίῳ	i)di/w|	ἴδιος	i)/dios	n-s---nd-
ἰδόντες	i)do/ntes	εἶδον	ei)=don	v-papamn-
ἰδόντες	i)do/ntes	εἶδον	ei)=don	v-papamv-
ἰδών	i)dw/n	εἶδον	ei)=don	v-sapamn-
ἰκμάδα	i)kma/da	ἰκμάς	i)kma/s	n-s---fa-
ἰσχυρά	i)sxura/	ἰσχυρός	i)sxuro/s	a-p---nn-
ἰσχυρά	i)sxura/	ἰσχυρός	i)sxuro/s	a-p---nv-
ἰσχυρά	i)sxura/	ἰσχυρός	i)sxuro/s	a-p---na-
ἰσχυρά	i)sxura/	ἰσχυρός	i)sxuro/s	a-d---fn-
ἰσχυρά	i)sxura/	ἰσχυρός	i)sxuro/s	a-d---fv-
ἰσχυρά	i)sxura/	ἰσχυρός	i)sxuro/s	a-d---fa-
ἰσχυρά	i)sxura/	ἰσχυρός	i)sxuro/s	a-s---fn-
ἰσχυρά	i)sxura/	ἰσχυρός	i)sxuro/s	a-s---fv-
ἰσχυρός	i)sxuro/s	ἰσχυρός	i)sxuro/s	a-s---mn-
ἰσχυρότερος	i)sxuro/teros	ἰσχυρός	i)sxuro/s	a-s---mn-
ἰσχυρότερός	i)sxuro/tero/s	ἰσχυρός	i)sxuro/s	a-s---mn-
ἰσχύοντος	i)sxu/ontos	ἰσχύω	i)sxu/w	v-sppamg-
ἰσχύοντος	i)sxu/ontos	ἰσχύω	i)sxu/w	v-sppang-
ἰσχύσουσιν	i)sxu/sousin	ἰσχύω	i)sxu/w	v3pasa---
ἰσχύσουσιν	i)sxu/sousin	ἰσχύω	i)sxu/w	v-pfpamd-
ἰσχύσουσιν	i)sxu/sousin	ἰσχύω	i)sxu/w	v-pfpand-
ἰσχύσουσιν	i)sxu/sousin	ἰσχύω	i)sxu/w	v3pfia---
ἰσχύω	i)sxu/w	ἰσχύω	i)sxu/w	v1spsa---
ἰσχύω	i)sxu/w	ἰσχύω	i)sxu/w	v1spia---
ἰσχύϊ’	i)sxu/i+'	ἰσχύω	i)sxu/w	v2siie---
ἰσχύϊ’	i)sxu/i+'	ἰσχύω	i)sxu/w	v2spme---
ἰσχύϊ’	i)sxu/i+'	ἰσχύω	i)sxu/w	v2siie---
ἰσάγγελοι	i)sa/ggeloi	ἰσάγγελος	i)sa/ggelos	n-p---mn-
ἰσάγγελοι	i)sa/ggeloi	ἰσάγγελος	i)sa/ggelos	n-p---mv-
ἰσάγγελοι	i)sa/ggeloi	ἰσάγγελος	i)sa/ggelos	n-p---fn-
ἰσάγγελοι	i)sa/ggeloi	ἰσάγγελος	i)sa/ggelos	n-p---fv-
ἰχθύας	i)xqu/as	ἰχθύα	i)xqu/a	n-p---fa-
ἰχθύας	i)xqu/as	ἰχθύα	i)xqu/a	n-s---fg-
ἰχθύας	i)xqu/as	ἰχθύς	i)xqu/s	n-p---ma-
ἰχθύας	i)xqu/as	ἰχθυάω	i)xqua/w	v2siia---
ἰχθύας	i)xqu/as	ἰχθυάω	i)xqua/w	v2siia---
ἰχθύες	i)xqu/es	ἰχθύς	i)xqu/s	n-p---mn-
ἰχθύες	i)xqu/es	ἰχθύς	i)xqu/s	n-p---mn-
ἰχθύες	i)xqu/es	ἰχθύς	i)xqu/s	n-p---mv-
ἰχθύες	i)xqu/es	ἰχθύς	i)xqu/s	n-p---mv-
ἰχθύν	i)xqu/n	ἰχθύς	i)xqu/s	n-s---ma-
ἰχθύος	i)xqu/os	ἰχθύς	i)xqu/s	n-s---mg-
ἰχθύων	i)xqu/wn	ἰχθύς	i)xqu/s	n-p---mg-
ἰχθύων	i)xqu/wn	ἰχθυάω	i)xqua/w	v3piia---
ἰχθύων	i)xqu/wn	ἰχθυάω	i)xqua/w	v1siia---
ἰχθύων	i)xqu/wn	ἰχθυάω	i)xqua/w	v3piia---
ἰχθύων	i)xqu/wn	ἰχθυάω	i)xqua/w	v1siia---
ἰάθη	i)a/qh	ἰάομαι	i)a/omai	v3saie---
ἰάθη	i)a/qh	ἰάομαι	i)a/omai	v3saie---
ἰάσατο	i)a/sato	ἰάομαι	i)a/omai	v3saie---
ἰάσατο	i)a/sato	ἰάζω	i)a/zw	v3saim---
ἰάσατο	i)a/sato	ἰάζω	i)a/zw	v3saim---
ἰάσεις	i)a/seis	ἴασις	i)/asis	n-p---fn-
ἰάσεις	i)a/seis	ἴασις	i)/asis	n-p---fv-
ἰάσεις	i)a/seis	ἴασις	i)/asis	n-p---fn-
ἰάσεις	i)a/seis	ἴασις	i)/asis	n-p---fa-
ἰάσεις	i)a/seis	ἰάζω	i)a/zw	v2sasa---
ἰάσεις	i)a/seis	ἰάζω	i)a/zw	v2sfia---
ἰᾶσθαι	i)a=sqai	ἰάομαι	i)a/omai	v--pne---
ἰᾶσθαι	i)a=sqai	ἰάζω	i)a/zw	v--fnm---
ἰᾶτο	i)a=to	ἰάομαι	i)a/omai	v3siie---
ἰᾶτο	i)a=to	ἰάομαι	i)a/omai	v3siie---
ἱδρώς	i(drw/s	ἱδρώς	i(drw/s	n-s---mn-
ἱερατείας	i(eratei/as	ἱερατεία	i(eratei/a	n-p---fa-
ἱερατείας	i(eratei/as	ἱερατεία	i(eratei/a	n-s---fg-
ἱερατεύειν	i(erateu/ein	ἱερατεύω	i(erateu/w	v--pna---
ἱερεύς	i(ereu/s	ἱερεύς	i(ereu/s	n-s---mn-
ἱερεῖ	i(erei=	ἱεράομαι	i(era/omai	v2spie---
ἱερεῖ	i(erei=	ἱερεύς	i(ereu/s	n-s---md-
ἱερεῖς	i(erei=s	ἱερεύς	i(ereu/s	n-p---ma-
ἱερεῖς	i(erei=s	ἱερεύς	i(ereu/s	n-p---mn-
ἱερεῖς	i(erei=s	ἱερεύς	i(ereu/s	n-p---mv-
ἱερεῦσιν	i(ereu=sin	ἱερεύς	i(ereu/s	n-p---md-
ἱερεῦσιν	i(ereu=sin	ἱερόω	i(ero/w	v-pppamd-
ἱερεῦσιν	i(ereu=sin	ἱερόω	i(ero/w	v-pppand-
ἱερεῦσιν	i(ereu=sin	ἱερόω	i(ero/w	v3ppia---
ἱεροῦ	i(erou=	ἱεράομαι	i(era/omai	v2siie---
ἱεροῦ	i(erou=	ἱεράομαι	i(era/omai	v2spme---
ἱεροῦ	i(erou=	ἱερόν	i(ero/n	n-s---ng-
ἱεροῦ	i(erou=	ἱερός	i(ero/s	a-s---mg-
ἱεροῦ	i(erou=	ἱερός	i(ero/s	a-s---ng-
ἱεροῦ	i(erou=	ἱερός	i(ero/s	n-s---mg-
ἱεροῦ	i(erou=	ἱερός	i(ero/s	n-s---fg-
ἱεροῦ	i(erou=	ἱερός	i(ero/s	n-s---ng-
ἱεροῦ	i(erou=	ἱερόω	i(ero/w	v2siie---
ἱεροῦ	i(erou=	ἱερόω	i(ero/w	v2spme---
ἱεροῦ	i(erou=	ἱερόω	i(ero/w	v2siie---
ἱερόν	i(ero/n	ἱερόν	i(ero/n	n-s---nn-
ἱερόν	i(ero/n	ἱερόν	i(ero/n	n-s---nv-
ἱερόν	i(ero/n	ἱερόν	i(ero/n	n-s---na-
ἱερόν	i(ero/n	ἱερός	i(ero/s	a-s---ma-
ἱερόν	i(ero/n	ἱερός	i(ero/s	a-s---nn-
ἱερόν	i(ero/n	ἱερός	i(ero/s	a-s---nv-
ἱερόν	i(ero/n	ἱερός	i(ero/s	a-s---na-
ἱερόν	i(ero/n	ἱερός	i(ero/s	n-s---ma-
ἱερόν	i(ero/n	ἱερός	i(ero/s	n-s---fa-
ἱερόν	i(ero/n	ἱερός	i(ero/s	n-s---nn-
ἱερόν	i(ero/n	ἱερός	i(ero/s	n-s---nv-
ἱερόν	i(ero/n	ἱερός	i(ero/s	n-s---na-
ἱερῷ	i(erw=|	ἱεράζω	i(era/zw	v3sfoa---
ἱερῷ	i(erw=|	ἱερόν	i(ero/n	n-s---nd-
ἱερῷ	i(erw=|	ἱερός	i(ero/s	a-s---md-
ἱερῷ	i(erw=|	ἱερός	i(ero/s	a-s---nd-
ἱερῷ	i(erw=|	ἱερός	i(ero/s	n-s---md-
ἱερῷ	i(erw=|	ἱερός	i(ero/s	n-s---fd-
ἱερῷ	i(erw=|	ἱερός	i(ero/s	n-s---nd-
ἱκανούς	i(kanou/s	ἱκανός	i(kano/s	a-p---ma-
ἱκανοῖς	i(kanoi=s	ἱκανός	i(kano/s	a-p---md-
ἱκανοῖς	i(kanoi=s	ἱκανός	i(kano/s	a-p---nd-
ἱκανοῖς	i(kanoi=s	ἱκανόω	i(kano/w	v2spoa---
ἱκανοῖς	i(kanoi=s	ἱκανόω	i(kano/w	v2spsa---
ἱκανοῖς	i(kanoi=s	ἱκανόω	i(kano/w	v2spia---
ἱκανός	i(kano/s	ἱκανός	i(kano/s	a-s---mn-
ἱκανῶν	i(kanw=n	ἱκανός	i(kano/s	a-p---fg-
ἱκανῶν	i(kanw=n	ἱκανός	i(kano/s	a-p---mg-
ἱκανῶν	i(kanw=n	ἱκανός	i(kano/s	a-p---ng-
ἱκανῶν	i(kanw=n	ἱκανόω	i(kano/w	v-sppamv-
ἱκανῶν	i(kanw=n	ἱκανόω	i(kano/w	v-sppann-
ἱκανῶν	i(kanw=n	ἱκανόω	i(kano/w	v-sppanv-
ἱκανῶν	i(kanw=n	ἱκανόω	i(kano/w	v-sppana-
ἱκανῶν	i(kanw=n	ἱκανόω	i(kano/w	v-sppamn-
ἱκανῶν	i(kanw=n	ἱκανόω	i(kano/w	v--pna---
ἱκανῷ	i(kanw=|	ἱκανός	i(kano/s	a-s---md-
ἱκανῷ	i(kanw=|	ἱκανός	i(kano/s	a-s---nd-
ἱλάσθητί	i(la/sqhti/	ἱλάσκομαι	i(la/skomai	v2samp---
ἱματισμένον	i(matisme/non	ἱματίζω	i(mati/zw	v-srpema-
ἱματισμένον	i(matisme/non	ἱματίζω	i(mati/zw	v-srpenn-
ἱματισμένον	i(matisme/non	ἱματίζω	i(mati/zw	v-srpenv-
ἱματισμένον	i(matisme/non	ἱματίζω	i(mati/zw	v-srpena-
ἱματισμός	i(matismo/s	ἱματισμός	i(matismo/s	n-s---mn-
ἱματισμῷ	i(matismw=|	ἱματισμός	i(matismo/s	n-s---md-
ἱματίοις	i(mati/ois	ἱμάτιον	i(ma/tion	n-p---nd-
ἱματίου	i(mati/ou	ἱμάτιον	i(ma/tion	n-s---ng-
ἱμάντα	i(ma/nta	ἱμάς	i(ma/s	n-s---ma-
ἱμάντα	i(ma/nta	ἱμάς	i(ma/s	n-s---ma-
ἱμάτια	i(ma/tia	ἱμάτιον	i(ma/tion	n-p---nn-
ἱμάτια	i(ma/tia	ἱμάτιον	i(ma/tion	n-p---nv-
ἱμάτια	i(ma/tia	ἱμάτιον	i(ma/tion	n-p---na-
ἱμάτιον	i(ma/tion	ἱμάτιον	i(ma/tion	n-s---nn-
ἱμάτιον	i(ma/tion	ἱμάτιον	i(ma/tion	n-s---nv-
ἱμάτιον	i(ma/tion	ἱμάτιον	i(ma/tion	n-s---na-
ἴδετε	i)/dete	εἶδον	ei)=don	v2pama---
ἴδετε	i)/dete	εἶδον	ei)=don	v2paia---
ἴδητε	i)/dhte	εἶδον	ei)=don	v2pasa---
ἴδια’	i)/dia'	ἴδιος	i)/dios	a-p---fn-
ἴδια’	i)/dia'	ἴδιος	i)/dios	a-p---fv-
ἴδιον	i)/dion	ἴδιος	i)/dios	a-s---ma-
ἴδιον	i)/dion	ἴδιος	i)/dios	a-s---nn-
ἴδιον	i)/dion	ἴδιος	i)/dios	a-s---nv-
ἴδιον	i)/dion	ἴδιος	i)/dios	a-s---na-
ἴδιον	i)/dion	ἴδιος	i)/dios	n-s---ma-
ἴδιον	i)/dion	ἴδιος	i)/dios	n-s---fa-
ἴδιον	i)/dion	ἴδιος	i)/dios	n-s---nn-
ἴδιον	i)/dion	ἴδιος	i)/dios	n-s---nv-
ἴδιον	i)/dion	ἴδιος	i)/dios	n-s---na-
ἴδιον	i)/dion	ἰδέω	i)de/w	v3piia---
ἴδιον	i)/dion	ἰδέω	i)de/w	v1siia---
ἴδιον	i)/dion	ἰδίω	i)di/w	v3piia---
ἴδιον	i)/dion	ἰδίω	i)di/w	v1siia---
ἴδιον	i)/dion	ἰδίω	i)di/w	v3piia---
ἴδιον	i)/dion	ἰδίω	i)di/w	v1siia---
ἴδωμεν	i)/dwmen	εἶδον	ei)=don	v1pasa---
ἴδωσιν	i)/dwsin	εἶδον	ei)=don	v3pasa---
ἴδῃ	i)/dh|	εἶδον	ei)=don	v2sase---
ἴδῃ	i)/dh|	εἶδον	ei)=don	v3sasa---
ἴδῃ	i)/dh|	ἴδη	i)/dh	n-s---fd-
ἴσα	i)/sa	ἴσος	i)/sos	a-p---nn-
ἴσα	i)/sa	ἴσος	i)/sos	a-p---nv-
ἴσα	i)/sa	ἴσος	i)/sos	a-p---na-
ἴσα	i)/sa	ἴσος	i)/sos	a-d---fn-
ἴσα	i)/sa	ἴσος	i)/sos	a-d---fv-
ἴσα	i)/sa	ἴσος	i)/sos	a-d---fa-
ἴσα	i)/sa	ἴσος	i)/sos	a-s---fn-
ἴσα	i)/sa	ἴσος	i)/sos	a-s---fv-
ἴσα	i)/sa	ἴσος	i)/sos	a-d---fn-
ἴσα	i)/sa	ἴσος	i)/sos	a-d---fv-
ἴσα	i)/sa	ἴσος	i)/sos	a-d---fa-
ἴσα	i)/sa	ἴσος	i)/sos	a-s---fn-
ἴσα	i)/sa	ἴσος	i)/sos	a-s---fv-
ἴσθι	i)/sqi	εἰμί	ei)mi/	v2spma---
ἴσθι	i)/sqi	οἶδα	oi)=da	v2srma---
ἴσχυσαν	i)/sxusan	ἰσχύω	i)sxu/w	v3paia---
ἴσχυσαν	i)/sxusan	ἰσχύω	i)sxu/w	v3paia---
ἴσχυσεν	i)/sxusen	ἰσχύω	i)sxu/w	v3saia---
ἴσχυσεν	i)/sxusen	ἰσχύω	i)sxu/w	v3saia---
ἴσως	i)/sws	ἴσος	i)/sos	x--------
ἴσως	i)/sws	ἴσος	i)/sos	a-p---ma-
ἴσως	i)/sws	ἴσος	i)/sos	x--------
ἴσως	i)/sws	ἴσος	i)/sos	a-p---ma-
ἴσως	i)/sws	ἴσως	i)/sws	d--------
ἴσως	i)/sws	ἰσόω	i)so/w	v2siia---
ἴσως	i)/sws	ἰσόω	i)so/w	v2siia---
ἵνα	i(/na	ἵνα	i(/na	d--------
ἵνα	i(/na	ἵνα	i(/na	c--------
Ἰακώβ	*)iakw/b	Ἰακώβ	*)iakw/b	n-s---m--
Ἰακώβου	*)iakw/bou	Ἰάκωβος	*)ia/kwbos	n-s---mg-
Ἰατρέ	*)iatre/	ἰατρός	i)atro/s	n-s---mv-
Ἰδού	*)idou/	ἰδού	i)dou/	d--------
Ἰδόντες	*)ido/ntes	εἶδον	ei)=don	v-papamn-
Ἰδόντες	*)ido/ntes	εἶδον	ei)=don	v-papamv-
Ἰδών	*)idw/n	εἶδον	ei)=don	v-sapamn-
Ἰεριχώ	*)ierixw/	Ἰεριχοῦς	*)ierixou=s	n-d---mn-
Ἰεριχώ	*)ierixw/	Ἰεριχοῦς	*)ierixou=s	n-d---mv-
Ἰεριχώ	*)ierixw/	Ἰεριχοῦς	*)ierixou=s	n-d---ma-
Ἰεριχώ	*)ierixw/	Ἰεριχώ	*)ierixw/	n-s---fn-
Ἰερουσαλήμ	*)ierousalh/m	Ἱεροσόλυμα	*(ieroso/luma	n-s---nn-
Ἰερουσαλήμ	*)ierousalh/m	Ἱεροσόλυμα	*(ieroso/luma	n-s---nv-
Ἰερουσαλήμ	*)ierousalh/m	Ἱεροσόλυμα	*(ieroso/luma	n-s---na-
Ἰησοῦ	*)ihsou=	Ἰησοῦς	*)ihsou=s	n-s---mv-
Ἰησοῦ	*)ihsou=	Ἰησοῦς	*)ihsou=s	n-s---mg-
Ἰησοῦν	*)ihsou=n	Ἰησοῦς	*)ihsou=s	n-s---ma-
Ἰησοῦς	*)ihsou=s	Ἰησοῦς	*)ihsou=s	n-s---mn-
Ἰορδάνου	*)iorda/nou	Ἰόρδανος	*)io/rdanos	a-s---mg-
Ἰορδάνου	*)iorda/nou	Ἰόρδανος	*)io/rdanos	a-s---ng-
Ἰορδάνου	*)iorda/nou	Ἰορδάνης	*)iorda/nhs	n-s---mg-
Ἰουδαίαν	*)ioudai/an	Ἰουδαῖος	*)ioudai=os	a-s---fa-
Ἰουδαίας	*)ioudai/as	Ἰουδαῖος	*)ioudai=os	a-p---fa-
Ἰουδαίας	*)ioudai/as	Ἰουδαῖος	*)ioudai=os	a-s---fg-
Ἰουδαίων	*)ioudai/wn	Ἰουδαῖος	*)ioudai=os	a-p---fg-
Ἰουδαίων	*)ioudai/wn	Ἰουδαῖος	*)ioudai=os	a-p---mg-
Ἰουδαίων	*)ioudai/wn	Ἰουδαῖος	*)ioudai=os	a-p---ng-
Ἰουδαίᾳ	*)ioudai/a|	Ἰουδαῖος	*)ioudai=os	a-s---fd-
Ἰούδα	*)iou/da	Ἰούδας	*)iou/das	n-s---mg-
Ἰούδαν	*)iou/dan	Ἰούδας	*)iou/das	n-s---ma-
Ἰούδας	*)iou/das	Ἰούδας	*)iou/das	n-s---mn-
Ἰσαάκ	*)isaa/k	Ἰσαάκ	*)isaa/k	n-s---m--
Ἰσκαριώτην	*)iskariw/thn	Ἰσκαριώτης	*)iskariw/ths	n-s---ma-
Ἰσραήλ	*)israh/l	Ἰσραήλ	*)israh/l	n-s---n--
Ἰτουραίας	*)itourai/as	Ἰτουραία	*)itourai/a	n-p---fa-
Ἰτουραίας	*)itourai/as	Ἰτουραία	*)itourai/a	n-s---fg-
Ἰτουραίας	*)itourai/as	Ἰτουραῖος	*)itourai=os	a-p---fa-
Ἰτουραίας	*)itourai/as	Ἰτουραῖος	*)itourai=os	a-s---fg-
Ἰωσήφ	*)iwsh/f	Ἰωσήφ	*)iwsh/f	n-s---m--
Ἰωάννα	*)iwa/nna	Ἰωάννης	*)iwa/nnhs	n-s---mg-
Ἰωάννην	*)iwa/nnhn	Ἰωάννης	*)iwa/nnhs	n-s---ma-
Ἰωάννης	*)iwa/nnhs	Ἰωάννης	*)iwa/nnhs	n-s---mn-
Ἰωάννου	*)iwa/nnou	Ἰωάννης	*)iwa/nnhs	n-s---mg-
Ἰωάννῃ	*)iwa/nnh|	Ἰωάννης	*)iwa/nnhs	n-s---md-
Ἰάκωβον	*)ia/kwbon	Ἰάκωβος	*)ia/kwbos	n-s---ma-
Ἰάκωβος	*)ia/kwbos	Ἰάκωβος	*)ia/kwbos	n-s---mn-
Ἱεροσολύμοις	*(ierosolu/mois	Ἱεροσόλυμα	*(ieroso/luma	n-p---nd-
Ἱεροσόλυμα	*(ieroso/luma	Ἱεροσόλυμα	*(ieroso/luma	n-p---nn-
Ἱεροσόλυμα	*(ieroso/luma	Ἱεροσόλυμα	*(ieroso/luma	n-p---nv-
Ἱεροσόλυμα	*(ieroso/luma	Ἱεροσόλυμα	*(ieroso/luma	n-p---na-
Ἱκανόν	*(ikano/n	ἱκανός	i(kano/s	a-s---ma-
Ἱκανόν	*(ikano/n	ἱκανός	i(kano/s	a-s---nn-
Ἱκανόν	*(ikano/n	ἱκανός	i(kano/s	a-s---nv-
Ἱκανόν	*(ikano/n	ἱκανός	i(kano/s	a-s---na-
Ἴδετε	*)/idete	εἶδον	ei)=don	v2pama---
Ἴδετε	*)/idete	εἶδον	ei)=don	v2paia---
ὀγδοήκοντα	o)gdoh/konta	ὀγδοήκοντα	o)gdoh/konta	m--------
ὀδυνώμενοι	o)dunw/menoi	ὀδυνάω	o)duna/w	v-pppemn-
ὀδυνώμενοι	o)dunw/menoi	ὀδυνάω	o)duna/w	v-pppemv-
ὀδυνᾶσαι	o)duna=sai	ὀδυνάω	o)duna/w	v2spie---
ὀδυνᾶσαι	o)duna=sai	ὀδυνάω	o)duna/w	v-pppafn-
ὀδυνᾶσαι	o)duna=sai	ὀδυνάω	o)duna/w	v-pppafv-
ὀδυνᾶσαι	o)duna=sai	ὀδυνάω	o)duna/w	v--ana---
ὀδυνῶμαι	o)dunw=mai	ὀδυνάω	o)duna/w	v1spse---
ὀδυνῶμαι	o)dunw=mai	ὀδυνάω	o)duna/w	v1spie---
ὀδυνῶμαι	o)dunw=mai	ὀδυνάω	o)duna/w	v1spse---
ὀδόντων	o)do/ntwn	ὀδούς	o)dou/s	n-p---mg-
ὀδόντων	o)do/ntwn	ὀδούς	o)dou/s	n-p---mg-
ὀδόντων	o)do/ntwn	ὀδών	o)dw/n	n-p---mg-
ὀθόνια	o)qo/nia	ὀθόνιον	o)qo/nion	n-p---nn-
ὀθόνια	o)qo/nia	ὀθόνιον	o)qo/nion	n-p---nv-
ὀθόνια	o)qo/nia	ὀθόνιον	o)qo/nion	n-p---na-
ὀκτώ	o)ktw/	ὀκτώ	o)ktw/	m--------
ὀλιγόπιστοι	o)ligo/pistoi	ὀλιγόπιστος	o)ligo/pistos	n-p---mn-
ὀλιγόπιστοι	o)ligo/pistoi	ὀλιγόπιστος	o)ligo/pistos	n-p---mv-
ὀλιγόπιστοι	o)ligo/pistoi	ὀλιγόπιστος	o)ligo/pistos	n-p---fn-
ὀλιγόπιστοι	o)ligo/pistoi	ὀλιγόπιστος	o)ligo/pistos	n-p---fv-
ὀλίγας	o)li/gas	ὀλίγος	o)li/gos	a-p---fa-
ὀλίγας	o)li/gas	ὀλίγος	o)li/gos	a-s---fg-
ὀλίγοι	o)li/goi	ὀλίγος	o)li/gos	a-p---mn-
ὀλίγοι	o)li/goi	ὀλίγος	o)li/gos	a-p---mv-
ὀλίγον	o)li/gon	ὀλίγος	o)li/gos	a-s---ma-
ὀλίγον	o)li/gon	ὀλίγος	o)li/gos	a-s---nn-
ὀλίγον	o)li/gon	ὀλίγος	o)li/gos	a-s---nv-
ὀλίγον	o)li/gon	ὀλίγος	o)li/gos	a-s---na-
ὀνειδίσωσιν	o)neidi/swsin	ὀνειδίζω	o)neidi/zw	v3pasa---
ὀνόματα	o)no/mata	ὄνομα	o)/noma	n-p---nn-
ὀνόματα	o)no/mata	ὄνομα	o)/noma	n-p---nv-
ὀνόματα	o)no/mata	ὄνομα	o)/noma	n-p---na-
ὀνόματι	o)no/mati	ὄνομα	o)/noma	n-s---nd-
ὀνόματί	o)no/mati/	ὄνομα	o)/noma	n-s---nd-
ὀνόματός	o)no/mato/s	ὄνομα	o)/noma	n-s---ng-
ὀπτασίαν	o)ptasi/an	ὀπτασία	o)ptasi/a	n-s---fa-
ὀπτοῦ	o)ptou=	ὀπτάω	o)pta/w	v2spme---
ὀπτοῦ	o)ptou=	ὀπτάω	o)pta/w	v2siie---
ὀπτοῦ	o)ptou=	ὀπτός	o)pto/s	a-s---mg-
ὀπτοῦ	o)ptou=	ὀπτός	o)pto/s	a-s---ng-
ὀπίσω	o)pi/sw	ὀπίσω	o)pi/sw	d--------
ὀπίσω	o)pi/sw	ὀπίζω	o)pi/zw	v1sasa---
ὀπίσω	o)pi/sw	ὀπίζω	o)pi/zw	v1sfia---
ὀπίσω	o)pi/sw	ὀπίζω	o)pi/zw	v2saim---
ὀργισθείς	o)rgisqei/s	ὀργίζω	o)rgi/zw	v-sappmn-
ὀργισθείς	o)rgisqei/s	ὀργίζω	o)rgi/zw	v-sappmv-
ὀργή	o)rgh/	ὀργή	o)rgh/	n-s---fn-
ὀργή	o)rgh/	ὀργή	o)rgh/	n-s---fv-
ὀργῆς	o)rgh=s	ὀργάω	o)rga/w	v2spia---
ὀργῆς	o)rgh=s	ὀργάω	o)rga/w	v2spia---
ὀργῆς	o)rgh=s	ὀργάζω	o)rga/zw	v2sfia---
ὀργῆς	o)rgh=s	ὀργή	o)rgh/	n-s---fg-
ὀρεινήν	o)reinh/n	ὀρεινός	o)reino/s	a-s---fa-
ὀρεινῇ	o)reinh=|	ὀρεινός	o)reino/s	a-s---fd-
ὀρθριναί	o)rqrinai/	ὀρθρινός	o)rqrino/s	a-p---fn-
ὀρθριναί	o)rqrinai/	ὀρθρινός	o)rqrino/s	a-p---fv-
ὀρθῶς	o)rqw=s	ὀρθός	o)rqo/s	x--------
ὀρθῶς	o)rqw=s	ὀρθόω	o)rqo/w	v2spia---
ὀστέα	o)ste/a	ὀστέον	o)ste/on	n-p---nn-
ὀστέα	o)ste/a	ὀστέον	o)ste/on	n-p---nv-
ὀστέα	o)ste/a	ὀστέον	o)ste/on	n-p---na-
ὀσφύες	o)sfu/es	ὀσφύς	o)sfu/s	n-p---fn-
ὀσφύες	o)sfu/es	ὀσφύς	o)sfu/s	n-p---fv-
ὀσφύες	o)sfu/es	ὀσφύς	o)sfu/s	n-p---fn-
ὀσφύες	o)sfu/es	ὀσφύς	o)sfu/s	n-p---fv-
ὀφειλέται	o)feile/tai	ὀφειλέτης	o)feile/ths	n-p---mn-
ὀφειλέται	o)feile/tai	ὀφειλέτης	o)feile/ths	n-p---mv-
ὀφειλέται	o)feile/tai	ὀφειλέτης	o)feile/ths	n-s---md-
ὀφείλεις	o)fei/leis	ὀφέλλω	o)fe/llw	v2sasa---
ὀφείλεις	o)fei/leis	ὀφείλω	o)fei/lw	v2spia---
ὀφείλεις	o)fei/leis	ὀφειλέω	o)feile/w	v2siia---
ὀφείλοντι	o)fei/lonti	ὀφείλω	o)fei/lw	v-sppamd-
ὀφείλοντι	o)fei/lonti	ὀφείλω	o)fei/lw	v-sppand-
ὀφείλοντι	o)fei/lonti	ὀφείλω	o)fei/lw	v3ppia---
ὀφθαλμοί	o)fqalmoi/	ὀφθαλμός	o)fqalmo/s	n-p---mn-
ὀφθαλμοί	o)fqalmoi/	ὀφθαλμός	o)fqalmo/s	n-p---mv-
ὀφθαλμούς	o)fqalmou/s	ὀφθαλμός	o)fqalmo/s	n-p---ma-
ὀφθαλμοῦ	o)fqalmou=	ὀφθαλμός	o)fqalmo/s	n-s---mg-
ὀφθαλμός	o)fqalmo/s	ὀφθαλμός	o)fqalmo/s	n-s---mn-
ὀφθαλμῶν	o)fqalmw=n	ὀφθαλμός	o)fqalmo/s	n-p---mg-
ὀφθαλμῷ	o)fqalmw=|	ὀφθαλμός	o)fqalmo/s	n-s---md-
ὀφθέντες	o)fqe/ntes	ὁράω	o(ra/w	v-pappmn-
ὀφθέντες	o)fqe/ntes	ὁράω	o(ra/w	v-pappmv-
ὀφρύος	o)fru/os	ὀφρύς	o)fru/s	n-s---fg-
ὀψωνίοις	o)ywni/ois	ὀψώνιον	o)yw/nion	n-p---nd-
ὀψωνίοις	o)ywni/ois	ὀψωνέω	o)ywne/w	v2spoa---
ὁ	o(	ὁ	o(	l-s---mn-
ὁδεύων	o(deu/wn	ὁδεύω	o(deu/w	v-sppamn-
ὁδηγεῖν	o(dhgei=n	ὁδηγέω	o(dhge/w	v--pna---
ὁδούς	o(dou/s	ὁδόσ1	o(do/s1	n-p---ma-
ὁδούς	o(dou/s	ὁδόσ2	o(do/s2	n-p---fa-
ὁδοῦ	o(dou=	ὁδάω	o(da/w	v2spme---
ὁδοῦ	o(dou=	ὁδόσ1	o(do/s1	n-s---mg-
ὁδοῦ	o(dou=	ὁδόσ2	o(do/s2	n-s---fg-
ὁδοῦ	o(dou=	ὁδόω	o(do/w	v2spme---
ὁδοῦ	o(dou=	ὁδόω	o(do/w	v2siie---
ὁδόν	o(do/n	ὁδόσ1	o(do/s1	n-s---ma-
ὁδόν	o(do/n	ὁδόσ2	o(do/s2	n-s---fa-
ὁδῷ	o(dw=|	ὁδάω	o(da/w	v3spoa---
ὁδῷ	o(dw=|	ὁδόσ1	o(do/s1	n-s---md-
ὁδῷ	o(dw=|	ὁδόσ2	o(do/s2	n-s---fd-
ὁμιλεῖν	o(milei=n	ὁμιλέω	o(mile/w	v--pna---
ὁμοιώσω	o(moiw/sw	ὁμοιόω	o(moio/w	v1sasa---
ὁμοιώσω	o(moiw/sw	ὁμοιόω	o(moio/w	v1sfia---
ὁμοιώσω	o(moiw/sw	ὁμοιόω	o(moio/w	v2saim---
ὁμολογήσει	o(mologh/sei	ὁμολόγησις	o(molo/ghsis	n-d---fn-
ὁμολογήσει	o(mologh/sei	ὁμολόγησις	o(molo/ghsis	n-d---fv-
ὁμολογήσει	o(mologh/sei	ὁμολόγησις	o(molo/ghsis	n-d---fa-
ὁμολογήσει	o(mologh/sei	ὁμολόγησις	o(molo/ghsis	n-s---fd-
ὁμολογήσει	o(mologh/sei	ὁμολόγησις	o(molo/ghsis	n-s---fd-
ὁμολογήσει	o(mologh/sei	ὁμολογέω	o(mologe/w	v3sasa---
ὁμολογήσει	o(mologh/sei	ὁμολογέω	o(mologe/w	v2sfim---
ὁμολογήσει	o(mologh/sei	ὁμολογέω	o(mologe/w	v3sfia---
ὁμολογήσῃ	o(mologh/sh|	ὁμολόγησις	o(molo/ghsis	n-s---fd-
ὁμολογήσῃ	o(mologh/sh|	ὁμολογέω	o(mologe/w	v2sasm---
ὁμολογήσῃ	o(mologh/sh|	ὁμολογέω	o(mologe/w	v3sasa---
ὁμολογήσῃ	o(mologh/sh|	ὁμολογέω	o(mologe/w	v2sfim---
ὁμοία	o(moi/a	ὅμοιος	o(/moios	a-d---fn-
ὁμοία	o(moi/a	ὅμοιος	o(/moios	a-d---fv-
ὁμοία	o(moi/a	ὅμοιος	o(/moios	a-d---fa-
ὁμοία	o(moi/a	ὅμοιος	o(/moios	a-s---fn-
ὁμοία	o(moi/a	ὅμοιος	o(/moios	a-s---fv-
ὁμοία	o(moi/a	ὁμοῖος	o(moi=os	a-d---fn-
ὁμοία	o(moi/a	ὁμοῖος	o(moi=os	a-d---fv-
ὁμοία	o(moi/a	ὁμοῖος	o(moi=os	a-d---fa-
ὁμοία	o(moi/a	ὁμοῖος	o(moi=os	a-s---fn-
ὁμοία	o(moi/a	ὁμοῖος	o(moi=os	a-s---fv-
ὁμοίως	o(moi/ws	ὅμοιος	o(/moios	x--------
ὁμοίως	o(moi/ws	ὅμοιος	o(/moios	a-p---ma-
ὁμοίως	o(moi/ws	ὅμοιος	o(/moios	x--------
ὁμοίως	o(moi/ws	ὅμοιος	o(/moios	n-p---ma-
ὁμοίως	o(moi/ws	ὅμοιος	o(/moios	n-p---fa-
ὁμοίως	o(moi/ws	ὁμοῖος	o(moi=os	x--------
ὁμοίως	o(moi/ws	ὁμοῖος	o(moi=os	a-p---ma-
ὁμοίως	o(moi/ws	ὁμοιόω	o(moio/w	v2siia---
ὁπότε	o(po/te	ὁπότε	o(po/te	d--------
ὁρᾷ	o(ra=|	ὁράω	o(ra/w	v2spsm---
ὁρᾷ	o(ra=|	ὁράω	o(ra/w	v2spim---
ὁρᾷ	o(ra=|	ὁράω	o(ra/w	v2spse---
ὁρᾷ	o(ra=|	ὁράω	o(ra/w	v2spie---
ὁρᾷ	o(ra=|	ὁράω	o(ra/w	v3spsa---
ὁρᾷ	o(ra=|	ὁράω	o(ra/w	v3spia---
ὁρῶσαι	o(rw=sai	ὁράω	o(ra/w	v-pppafn-
ὁρῶσαι	o(rw=sai	ὁράω	o(ra/w	v-pppafv-
ὁσιότητι	o(sio/thti	ὁσιότης	o(sio/ths	n-s---md-
ὄνειδός	o)/neido/s	ὄνειδος	o)/neidos	n-s---nn-
ὄνειδός	o)/neido/s	ὄνειδος	o)/neidos	n-s---nv-
ὄνειδός	o)/neido/s	ὄνειδος	o)/neidos	n-s---na-
ὄνομα	o)/noma	ὄνομα	o)/noma	n-s---nn-
ὄνομα	o)/noma	ὄνομα	o)/noma	n-s---nv-
ὄνομα	o)/noma	ὄνομα	o)/noma	n-s---na-
ὄνομά	o)/noma/	ὄνομα	o)/noma	n-s---nn-
ὄνομά	o)/noma/	ὄνομα	o)/noma	n-s---nv-
ὄνομά	o)/noma/	ὄνομα	o)/noma	n-s---na-
ὄνον	o)/non	ὄνος	o)/nos	n-s---ma-
ὄνον	o)/non	ὄνος	o)/nos	n-s---fa-
ὄντα	o)/nta	εἰμί	ei)mi/	v-sppama-
ὄντα	o)/nta	εἰμί	ei)mi/	v-pppann-
ὄντα	o)/nta	εἰμί	ei)mi/	v-pppanv-
ὄντα	o)/nta	εἰμί	ei)mi/	v-pppana-
ὄντα	o)/nta	ὄντα	o)/nta	n-p---nn-
ὄντα	o)/nta	ὄντα	o)/nta	n-p---nv-
ὄντα	o)/nta	ὄντα	o)/nta	n-p---na-
ὄντες	o)/ntes	εἰμί	ei)mi/	v-pppamn-
ὄντες	o)/ntes	εἰμί	ei)mi/	v-pppamv-
ὄντος	o)/ntos	εἰμί	ei)mi/	v-sppamg-
ὄντος	o)/ntos	εἰμί	ei)mi/	v-sppang-
ὄξος	o)/cos	ὄξος	o)/cos	n-s---nn-
ὄξος	o)/cos	ὄξος	o)/cos	n-s---nv-
ὄξος	o)/cos	ὄξος	o)/cos	n-s---na-
ὄπισθεν	o)/pisqen	ὄπισθεν	o)/pisqen	d--------
ὄπισθεν	o)/pisqen	ὀπίζω	o)pi/zw	v3paip---
ὄρει	o)/rei	ὄρομαι	o)/romai	v2spie---
ὄρει	o)/rei	ὄρος	o)/ros	n-d---nn-
ὄρει	o)/rei	ὄρος	o)/ros	n-d---nv-
ὄρει	o)/rei	ὄρος	o)/ros	n-d---na-
ὄρει	o)/rei	ὄρος	o)/ros	n-s---nd-
ὄρει	o)/rei	ὄρος	o)/ros	n-s---nd-
ὄρεσιν	o)/resin	ὄρος	o)/ros	n-p---nd-
ὄρη	o)/rh	ὄρος	o)/ros	n-p---nn-
ὄρη	o)/rh	ὄρος	o)/ros	n-p---nv-
ὄρη	o)/rh	ὄρος	o)/ros	n-p---na-
ὄρη	o)/rh	ὄρος	o)/ros	n-d---nn-
ὄρη	o)/rh	ὄρος	o)/ros	n-d---nv-
ὄρη	o)/rh	ὄρος	o)/ros	n-d---na-
ὄρθρου	o)/rqrou	ὄρθρος	o)/rqros	n-s---mg-
ὄρθρου	o)/rqrou	ὀρθρόω	o)rqro/w	v2spma---
ὄρθρου	o)/rqrou	ὀρθρόω	o)rqro/w	v3siia---
ὄρνις	o)/rnis	ὄρνις	o)/rnis	n-p---ma-
ὄρνις	o)/rnis	ὄρνις	o)/rnis	n-p---fa-
ὄρνις	o)/rnis	ὄρνις	o)/rnis	n-s---mn-
ὄρνις	o)/rnis	ὄρνις	o)/rnis	n-s---fn-
ὄρος	o)/ros	ὄρος	o)/ros	n-s---nn-
ὄρος	o)/ros	ὄρος	o)/ros	n-s---nv-
ὄρος	o)/ros	ὄρος	o)/ros	n-s---na-
ὄρους	o)/rous	ὄρος	o)/ros	n-s---ng-
ὄφεων	o)/fewn	ὄφις	o)/fis	n-p---mg-
ὄφιν	o)/fin	ὄφις	o)/fis	n-s---ma-
ὄχλοι	o)/xloi	ὄχλος	o)/xlos	n-p---mn-
ὄχλοι	o)/xloi	ὄχλος	o)/xlos	n-p---mv-
ὄχλοις	o)/xlois	ὄχλος	o)/xlos	n-p---md-
ὄχλον	o)/xlon	ὄχλος	o)/xlos	n-s---ma-
ὄχλος	o)/xlos	ὄχλος	o)/xlos	n-s---mn-
ὄχλου	o)/xlou	ὄχλος	o)/xlos	n-s---mg-
ὄχλους	o)/xlous	ὄχλος	o)/xlos	n-p---ma-
ὄχλων	o)/xlwn	ὄχλος	o)/xlos	n-p---mg-
ὄχλῳ	o)/xlw|	ὄχλος	o)/xlos	n-s---md-
ὄψεσθε	o)/yesqe	ὁράω	o(ra/w	v2pfim---
ὄψεται	o)/yetai	ὁράω	o(ra/w	v3sasm---
ὄψεται	o)/yetai	ὁράω	o(ra/w	v3sfim---
ὄψησθε	o)/yhsqe	ὁράω	o(ra/w	v2pasm---
ὄψονται	o)/yontai	ὁράω	o(ra/w	v3pfim---
ὅ	o(/	ὁ	o(	l-s---mn-
ὅ	o(/	ὅς	o(/s	p-s---nn-
ὅ	o(/	ὅς	o(/s	p-s---nv-
ὅ	o(/	ὅς	o(/s	p-s---na-
ὅθεν	o(/qen	ὅθεν	o(/qen	d--------
ὅλην	o(/lhn	ὅλοξ	o(/loc	a-s---fa-
ὅλην	o(/lhn	ὅλος	o(/los	a-s---fa-
ὅλης	o(/lhs	ὅλοξ	o(/loc	a-s---fg-
ὅλης	o(/lhs	ὅλος	o(/los	a-s---fg-
ὅλης	o(/lhs	ὁλάω	o(la/w	v2siia---
ὅλον	o(/lon	ὅλοξ	o(/loc	a-s---ma-
ὅλον	o(/lon	ὅλοξ	o(/loc	a-s---nn-
ὅλον	o(/lon	ὅλοξ	o(/loc	a-s---nv-
ὅλον	o(/lon	ὅλοξ	o(/loc	a-s---na-
ὅλον	o(/lon	ὅλος	o(/los	a-s---ma-
ὅλον	o(/lon	ὅλος	o(/los	a-s---nn-
ὅλον	o(/lon	ὅλος	o(/los	a-s---nv-
ὅλον	o(/lon	ὅλος	o(/los	a-s---na-
ὅλῃ	o(/lh|	ὅλοξ	o(/loc	a-s---fd-
ὅλῃ	o(/lh|	ὅλος	o(/los	a-s---fd-
ὅμοιοι	o(/moioi	ὅμοιος	o(/moios	a-p---mn-
ὅμοιοι	o(/moioi	ὅμοιος	o(/moios	a-p---mv-
ὅμοιοι	o(/moioi	ὁμοῖος	o(moi=os	a-p---mn-
ὅμοιοι	o(/moioi	ὁμοῖος	o(moi=os	a-p---mv-
ὅμοιος	o(/moios	ὅμοιος	o(/moios	a-s---mn-
ὅμοιος	o(/moios	ὁμοῖος	o(moi=os	a-s---mn-
ὅμοιοί	o(/moioi/	ὅμοιος	o(/moios	a-p---mn-
ὅμοιοί	o(/moioi/	ὅμοιος	o(/moios	a-p---mv-
ὅμοιοί	o(/moioi/	ὁμοῖος	o(moi=os	a-p---mn-
ὅμοιοί	o(/moioi/	ὁμοῖος	o(moi=os	a-p---mv-
ὅμοιός	o(/moio/s	ὅμοιος	o(/moios	a-s---mn-
ὅμοιός	o(/moio/s	ὁμοῖος	o(moi=os	a-s---mn-
ὅν	o(/n	ὅς	o(/s	p-s---ma-
ὅν	o(/n	ὅς	o(/s	p-s---na-
ὅπου	o(/pou	ὅπου	o(/pou	d--------
ὅπως	o(/pws	ὅπως	o(/pws	c--------
ὅρκον	o(/rkon	ὅρκος	o(/rkos	n-s---ma-
ὅς	o(/s	ὅς	o(/s	p-s---mn-
ὅσα	o(/sa	ὅσος	o(/sos	a-p---nn-
ὅσα	o(/sa	ὅσος	o(/sos	a-p---nv-
ὅσα	o(/sa	ὅσος	o(/sos	a-p---na-
ὅσα	o(/sa	ὅσος	o(/sos	a-d---fn-
ὅσα	o(/sa	ὅσος	o(/sos	a-d---fv-
ὅσα	o(/sa	ὅσος	o(/sos	a-d---fa-
ὅσα	o(/sa	ὅσος	o(/sos	a-s---fn-
ὅσα	o(/sa	ὅσος	o(/sos	a-s---fv-
ὅσοι	o(/soi	ὅσος	o(/sos	a-p---mn-
ὅσοι	o(/soi	ὅσος	o(/sos	a-p---mv-
ὅστις	o(/stis	ὅστις	o(/stis	p-s---mn-
ὅσων	o(/swn	ὅσος	o(/sos	a-p---fg-
ὅσων	o(/swn	ὅσος	o(/sos	a-p---mg-
ὅσων	o(/swn	ὅσος	o(/sos	a-p---ng-
ὅταν	o(/tan	ὅταν	o(/tan	c--------
ὅτε	o(/te	ὅστε	o(/ste	p-s---nn-
ὅτε	o(/te	ὅστε	o(/ste	p-s---nv-
ὅτε	o(/te	ὅστε	o(/ste	p-s---na-
ὅτε	o(/te	ὅτε	o(/te	c--------
ὅτε’	o(/te'	ὅστις	o(/stis	p-s---mg-
ὅτε’	o(/te'	ὅστις	o(/stis	p-s---ng-
ὅτι	o(/ti	ὅστις	o(/stis	p-s---nn-
ὅτι	o(/ti	ὅστις	o(/stis	p-s---na-
ὅτι	o(/ti	ὅτι1	o(/ti1	d--------
ὅτι	o(/ti	ὅτι2	o(/ti2	c--------
ὅτου	o(/tou	ὅστις	o(/stis	p-s---mg-
ὅτου	o(/tou	ὅστις	o(/stis	p-s---ng-
Ὀρθῶς	*)orqw=s	ὀρθός	o)rqo/s	x--------
Ὀρθῶς	*)orqw=s	ὀρθόω	o)rqo/w	v2spia---
Ὁ	*(o	ὁ	o(	l-s---mn-
Ὁρᾶτε	*(ora=te	ὁράω	o(ra/w	v2ppma---
Ὁρᾶτε	*(ora=te	ὁράω	o(ra/w	v2ppsa---
Ὁρᾶτε	*(ora=te	ὁράω	o(ra/w	v2ppia---
Ὁρᾶτε	*(ora=te	ὁράω	o(ra/w	v2piia---
Ὄμβρος	*)/ombros	ὄμβρος	o)/mbros	n-s---mn-
Ὄμβρος	*)/ombros	ό̓μβρος	o/)mbros	n-s---mn-
Ὄντως	*)/ontws	ὄντως	o)/ntws	d--------
Ὄρος	*)/oros	ὄρος	o)/ros	n-s---nn-
Ὄρος	*)/oros	ὄρος	o)/ros	n-s---nv-
Ὄρος	*)/oros	ὄρος	o)/ros	n-s---na-
Ὄρους	*)/orous	ὄρος	o)/ros	n-s---ng-
Ὅπου	*(/opou	ὅπου	o(/pou	d--------
Ὅς	*(/os	ὅς	o(/s	p-s---mn-
Ὅταν	*(/otan	ὅταν	o(/tan	c--------
Ὅτε	*(/ote	ὅστε	o(/ste	p-s---nn-
Ὅτε	*(/ote	ὅστε	o(/ste	p-s---nv-
Ὅτε	*(/ote	ὅστε	o(/ste	p-s---na-
Ὅτε	*(/ote	ὅτε	o(/te	c--------
ὑβρισθήσεται	u(brisqh/setai	ὑβρίζω	u(bri/zw	v3sfip---
ὑβρίζεις	u(bri/zeis	ὑβρίζω	u(bri/zw	v2spia---
ὑγιαίνοντα	u(giai/nonta	ὑγιαίνω	u(giai/nw	v-pppann-
ὑγιαίνοντα	u(giai/nonta	ὑγιαίνω	u(giai/nw	v-pppanv-
ὑγιαίνοντα	u(giai/nonta	ὑγιαίνω	u(giai/nw	v-pppana-
ὑγιαίνοντα	u(giai/nonta	ὑγιαίνω	u(giai/nw	v-sppama-
ὑγιαίνοντες	u(giai/nontes	ὑγιαίνω	u(giai/nw	v-pppamn-
ὑγιαίνοντες	u(giai/nontes	ὑγιαίνω	u(giai/nw	v-pppamv-
ὑγρῷ	u(grw=|	ὑγράζω	u(gra/zw	v3sfoa---
ὑγρῷ	u(grw=|	ὑγρός	u(gro/s	a-s---md-
ὑγρῷ	u(grw=|	ὑγρός	u(gro/s	a-s---nd-
ὑδρωπικός	u(drwpiko/s	ὑδρωπικός	u(drwpiko/s	a-s---mn-
ὑμετέρα	u(mete/ra	ὑμέτερος	u(me/teros	a-d---fn-
ὑμετέρα	u(mete/ra	ὑμέτερος	u(me/teros	a-d---fv-
ὑμετέρα	u(mete/ra	ὑμέτερος	u(me/teros	a-d---fa-
ὑμετέρα	u(mete/ra	ὑμέτερος	u(me/teros	a-s---fn-
ὑμετέρα	u(mete/ra	ὑμέτερος	u(me/teros	a-s---fv-
ὑμεῖς	u(mei=s	σύ	su/	p-p----n-
ὑμέτερον	u(me/teron	ὑμέτερος	u(me/teros	a-s---ma-
ὑμέτερον	u(me/teron	ὑμέτερος	u(me/teros	a-s---nn-
ὑμέτερον	u(me/teron	ὑμέτερος	u(me/teros	a-s---nv-
ὑμέτερον	u(me/teron	ὑμέτερος	u(me/teros	a-s---na-
ὑμᾶς	u(ma=s	σύ	su/	p-p----a-
ὑμᾶς	u(ma=s	ὑμός	u(mo/s	a-s---fg-
ὑμῖν	u(mi=n	σύ	su/	p-p----d-
ὑμῶν	u(mw=n	σύ	su/	p-p----g-
ὑμῶν	u(mw=n	ὑμός	u(mo/s	a-p---fg-
ὑμῶν	u(mw=n	ὑμός	u(mo/s	a-p---mg-
ὑμῶν	u(mw=n	ὑμός	u(mo/s	a-p---ng-
ὑπακούουσιν	u(pakou/ousin	ὑπακούω	u(pakou/w	v-pppamd-
ὑπακούουσιν	u(pakou/ousin	ὑπακούω	u(pakou/w	v-pppand-
ὑπακούουσιν	u(pakou/ousin	ὑπακούω	u(pakou/w	v3ppia---
ὑπαντῆσαι	u(panth=sai	ὑπαντάω	u(panta/w	v--ana---
ὑπαντῆσαι	u(panth=sai	ὑπαντάω	u(panta/w	v--ana---
ὑπαρχόντων	u(parxo/ntwn	ὑπάρχω	u(pa/rxw	v-pppamg-
ὑπαρχόντων	u(parxo/ntwn	ὑπάρχω	u(pa/rxw	v-pppang-
ὑπαρχόντων	u(parxo/ntwn	ὑπάρχω	u(pa/rxw	v3ppma---
ὑπεδέξατο	u(pede/cato	ὑποδέχομαι	u(pode/xomai	v3saim---
ὑπεδέξατο	u(pede/cato	ὑποδείκνυμι	u(podei/knumi	v3saim---
ὑπεμνήσθη	u(pemnh/sqh	ὑπομιμνήσκω	u(pomimnh/skw	v3saip---
ὑπερηφάνους	u(perhfa/nous	ὑπερήφανος	u(perh/fanos	n-p---ma-
ὑπερηφάνους	u(perhfa/nous	ὑπερήφανος	u(perh/fanos	n-p---fa-
ὑπεστρώννυον	u(pestrw/nnuon	ὑπό-στόρεννυμι	u(po/-sto/rennumi	v3piia---
ὑπεστρώννυον	u(pestrw/nnuon	ὑπό-στόρεννυμι	u(po/-sto/rennumi	v1siia---
ὑπεχώρησεν	u(pexw/rhsen	ὑποχωρέω	u(poxwre/w	v3saia---
ὑπηρέται	u(phre/tai	ὑπηρέτης	u(phre/ths	n-p---mn-
ὑπηρέται	u(phre/tai	ὑπηρέτης	u(phre/ths	n-p---mv-
ὑπηρέται	u(phre/tai	ὑπηρέτης	u(phre/ths	n-s---md-
ὑπηρέτῃ	u(phre/th|	ὑπηρέτης	u(phre/ths	n-s---md-
ὑποδείξω	u(podei/cw	ὑποδείκνυμι	u(podei/knumi	v1sasa---
ὑποδείξω	u(podei/cw	ὑποδείκνυμι	u(podei/knumi	v1sfia---
ὑποδείξω	u(podei/cw	ὑποδείκνυμι	u(podei/knumi	v2saim---
ὑποδημάτων	u(podhma/twn	ὑπόδημα	u(po/dhma	n-p---ng-
ὑποδήματα	u(podh/mata	ὑπόδημα	u(po/dhma	n-p---nn-
ὑποδήματα	u(podh/mata	ὑπόδημα	u(po/dhma	n-p---nv-
ὑποδήματα	u(podh/mata	ὑπόδημα	u(po/dhma	n-p---na-
ὑποκρινομένους	u(pokrinome/nous	ὑποκρίνομαι	u(pokri/nomai	v-pppema-
ὑποκριταί	u(pokritai/	ὑποκριτής	u(pokrith/s	n-p---mn-
ὑποκριταί	u(pokritai/	ὑποκριτής	u(pokrith/s	n-p---mv-
ὑποκριτά	u(pokrita/	ὑποκριτής	u(pokrith/s	n-d---mn-
ὑποκριτά	u(pokrita/	ὑποκριτής	u(pokrith/s	n-d---mv-
ὑποκριτά	u(pokrita/	ὑποκριτής	u(pokrith/s	n-d---ma-
ὑποκριτά	u(pokrita/	ὑποκριτής	u(pokrith/s	n-s---mv-
ὑποκριτά	u(pokrita/	ὑποκριτής	u(pokrith/s	n-s---mn-
ὑποκάτω	u(poka/tw	ὑποκάτω	u(poka/tw	d--------
ὑπολαβών	u(polabw/n	ὑπολαμβάνω	u(polamba/nw	v-sapamn-
ὑπομονῇ	u(pomonh=|	ὑπομονή	u(pomonh/	n-s---fd-
ὑποπόδιον	u(popo/dion	ὑποπόδιον	u(popo/dion	n-s---nn-
ὑποπόδιον	u(popo/dion	ὑποπόδιον	u(popo/dion	n-s---nv-
ὑποπόδιον	u(popo/dion	ὑποπόδιον	u(popo/dion	n-s---na-
ὑποστρέφειν	u(postre/fein	ὑποστρέφω	u(postre/fw	v--pna---
ὑποστρέψαι	u(postre/yai	ὑποστρέφω	u(postre/fw	v--ana---
ὑποστρέψαι	u(postre/yai	ὑποστρέφω	u(postre/fw	v3saoa---
ὑποστρέψαντες	u(postre/yantes	ὑποστρέφω	u(postre/fw	v-papamn-
ὑποστρέψαντες	u(postre/yantes	ὑποστρέφω	u(postre/fw	v-papamv-
ὑποστρέψασαι	u(postre/yasai	ὑποστρέφω	u(postre/fw	v-papafn-
ὑποστρέψασαι	u(postre/yasai	ὑποστρέφω	u(postre/fw	v-papafv-
ὑποτασσόμενος	u(potasso/menos	ὑποτάσσω	u(pota/ssw	v-sppemn-
ὑποτασσόμενος	u(potasso/menos	ὑποτάσσω	u(pota/ssw	v-sppemn-
ὑποτάσσεται	u(pota/ssetai	ὑποτάσσω	u(pota/ssw	v3spie---
ὑποτάσσεται	u(pota/ssetai	ὑποτάσσω	u(pota/ssw	v3spie---
ὑποχωρῶν	u(poxwrw=n	ὑποχωρέω	u(poxwre/w	v-sppamn-
ὑποχωρῶν	u(poxwrw=n	ὑποχωρέω	u(poxwre/w	v-sppamn-
ὑπωπιάζῃ	u(pwpia/zh|	ὑπωπιάζω	u(pwpia/zw	v2spse---
ὑπωπιάζῃ	u(pwpia/zh|	ὑπωπιάζω	u(pwpia/zw	v2spie---
ὑπωπιάζῃ	u(pwpia/zh|	ὑπωπιάζω	u(pwpia/zw	v3spsa---
ὑπάγειν	u(pa/gein	ὑπάγω	u(pa/gw	v--pna---
ὑπάγεις	u(pa/geis	ὑπάγω	u(pa/gw	v2spia---
ὑπάγετε	u(pa/gete	ὑπάγω	u(pa/gw	v2piia---
ὑπάγετε	u(pa/gete	ὑπάγω	u(pa/gw	v2ppma---
ὑπάγετε	u(pa/gete	ὑπάγω	u(pa/gw	v2ppia---
ὑπάγετε	u(pa/gete	ὑπάγω	u(pa/gw	v2piia---
ὑπάρχοντα	u(pa/rxonta	ὑπάρχω	u(pa/rxw	v-pppann-
ὑπάρχοντα	u(pa/rxonta	ὑπάρχω	u(pa/rxw	v-pppanv-
ὑπάρχοντα	u(pa/rxonta	ὑπάρχω	u(pa/rxw	v-pppana-
ὑπάρχοντα	u(pa/rxonta	ὑπάρχω	u(pa/rxw	v-sppama-
ὑπάρχοντες	u(pa/rxontes	ὑπάρχω	u(pa/rxw	v-pppamn-
ὑπάρχοντες	u(pa/rxontes	ὑπάρχω	u(pa/rxw	v-pppamv-
ὑπάρχουσιν	u(pa/rxousin	ὑπάρχω	u(pa/rxw	v-pppamd-
ὑπάρχουσιν	u(pa/rxousin	ὑπάρχω	u(pa/rxw	v-pppand-
ὑπάρχουσιν	u(pa/rxousin	ὑπάρχω	u(pa/rxw	v3ppia---
ὑπάρχων	u(pa/rxwn	ὕπαρχος	u(/parxos	n-p---mg-
ὑπάρχων	u(pa/rxwn	ὑπάρχω	u(pa/rxw	v-sppamn-
ὑπέδειξεν	u(pe/deicen	ὑποδείκνυμι	u(podei/knumi	v3saia---
ὑπέμεινεν	u(pe/meinen	ὑπομένω	u(pome/nw	v3saia---
ὑπέρ	u(pe/r	ὑπέρ	u(pe/r	r--------
ὑπέστρεφον	u(pe/strefon	ὑποστρέφω	u(postre/fw	v3piia---
ὑπέστρεφον	u(pe/strefon	ὑποστρέφω	u(postre/fw	v1siia---
ὑπέστρεψαν	u(pe/streyan	ὑποστρέφω	u(postre/fw	v3paia---
ὑπέστρεψεν	u(pe/streyen	ὑποστρέφω	u(postre/fw	v3saia---
ὑπήκουσεν	u(ph/kousen	ὑπακούω	u(pakou/w	v3saia---
ὑπήντησεν	u(ph/nthsen	ὑπαντάω	u(panta/w	v3saia---
ὑπό	u(po/	ὑπό	u(po/	r--------
ὑπόκρισις	u(po/krisis	ὑπόκρισις	u(po/krisis	n-s---fn-
ὑπῆρχεν	u(ph=rxen	ὑπάρχω	u(pa/rxw	v3plia---
ὑπῆρχεν	u(ph=rxen	ὑπάρχω	u(pa/rxw	v3sria---
ὑπῆρχεν	u(ph=rxen	ὑπάρχω	u(pa/rxw	v3siia---
ὑστερεῖσθαι	u(sterei=sqai	ὑστερέω	u(stere/w	v--pne---
ὑστερήματος	u(sterh/matos	ὑστέρημα	u(ste/rhma	n-s---ng-
ὑστερήσατε	u(sterh/sate	ὑστερέω	u(stere/w	v2pama---
ὑστερήσατε	u(sterh/sate	ὑστερέω	u(stere/w	v2paia---
ὑστερήσατε	u(sterh/sate	ὑστερέω	u(stere/w	v2paia---
ὑψηλόν	u(yhlo/n	ὑψηλός	u(yhlo/s	a-s---ma-
ὑψηλόν	u(yhlo/n	ὑψηλός	u(yhlo/s	a-s---nn-
ὑψηλόν	u(yhlo/n	ὑψηλός	u(yhlo/s	a-s---nv-
ὑψηλόν	u(yhlo/n	ὑψηλός	u(yhlo/s	a-s---na-
ὑψωθήσεται	u(ywqh/setai	ὑψόω	u(yo/w	v3sfip---
ὑψίστοις	u(yi/stois	ὕψιστος	u(/yistos	a-p---md-
ὑψίστοις	u(yi/stois	ὕψιστος	u(/yistos	a-p---nd-
ὑψίστου	u(yi/stou	ὕψιστος	u(/yistos	a-s---mg-
ὑψίστου	u(yi/stou	ὕψιστος	u(/yistos	a-s---ng-
ὑψῶν	u(yw=n	ὕψος	u(/yos	n-p---ng-
ὑψῶν	u(yw=n	ὑψόω	u(yo/w	v-sppamv-
ὑψῶν	u(yw=n	ὑψόω	u(yo/w	v-sppann-
ὑψῶν	u(yw=n	ὑψόω	u(yo/w	v-sppanv-
ὑψῶν	u(yw=n	ὑψόω	u(yo/w	v-sppana-
ὑψῶν	u(yw=n	ὑψόω	u(yo/w	v-sppamn-
ὑψῶν	u(yw=n	ὑψόω	u(yo/w	v--pna---
ὕδατι	u(/dati	ὕδωρ	u(/dwr	n-s---nd-
ὕδατος	u(/datos	ὕδωρ	u(/dwr	n-s---ng-
ὕδωρ	u(/dwr	ὕδωρ	u(/dwr	n-s---nn-
ὕδωρ	u(/dwr	ὕδωρ	u(/dwr	n-s---nv-
ὕδωρ	u(/dwr	ὕδωρ	u(/dwr	n-s---na-
ὕπνῳ	u(/pnw|	ὕπνον	u(/pnon	n-s---nd-
ὕπνῳ	u(/pnw|	ὕπνος	u(/pnos	n-s---md-
ὕστερον	u(/steron	ὕστερον	u(/steron	n-s---nn-
ὕστερον	u(/steron	ὕστερον	u(/steron	n-s---nv-
ὕστερον	u(/steron	ὕστερον	u(/steron	n-s---na-
ὕστερον	u(/steron	ὕστερος	u(/steros	a-s---ma-
ὕστερον	u(/steron	ὕστερος	u(/steros	a-s---nn-
ὕστερον	u(/steron	ὕστερος	u(/steros	a-s---nv-
ὕστερον	u(/steron	ὕστερος	u(/steros	a-s---na-
ὕψους	u(/yous	ὕψος	u(/yos	n-s---ng-
ὕψους	u(/yous	ὑψόω	u(yo/w	v2siia---
ὕψους	u(/yous	ὑψόω	u(yo/w	v2siia---
ὕψωσεν	u(/ywsen	ὑψόω	u(yo/w	v3saia---
ὕψωσεν	u(/ywsen	ὑψόω	u(yo/w	v3saia---
Ὑμεῖς	*(umei=s	σύ	su/	p-p----n-
Ὑμῖν	*(umi=n	σύ	su/	p-p----d-
Ὑποκριταί	*(upokritai/	ὑποκριτής	u(pokrith/s	n-p---mn-
Ὑποκριταί	*(upokritai/	ὑποκριτής	u(pokrith/s	n-p---mv-
Ὑπολαμβάνω	*(upolamba/nw	ὑπολαμβάνω	u(polamba/nw	v1spsa---
Ὑπολαμβάνω	*(upolamba/nw	ὑπολαμβάνω	u(polamba/nw	v1spia---
Ὑποστρέψω	*(upostre/yw	ὑποστρέφω	u(postre/fw	v1sasa---
Ὑποστρέψω	*(upostre/yw	ὑποστρέφω	u(postre/fw	v1sfia---
Ὑποστρέψω	*(upostre/yw	ὑποστρέφω	u(postre/fw	v2saim---
Ὑπάγετε	*(upa/gete	ὑπάγω	u(pa/gw	v2piia---
Ὑπάγετε	*(upa/gete	ὑπάγω	u(pa/gw	v2ppma---
Ὑπάγετε	*(upa/gete	ὑπάγω	u(pa/gw	v2ppia---
Ὑπάγετε	*(upa/gete	ὑπάγω	u(pa/gw	v2piia---
Ὑπέστρεψαν	*(upe/streyan	ὑποστρέφω	u(postre/fw	v3paia---
Ὑπόστρεφε	*(upo/strefe	ὑποστρέφω	u(postre/fw	v2spma---
Ὑπόστρεφε	*(upo/strefe	ὑποστρέφω	u(postre/fw	v3siia---
Ὑψίστου	*(uyi/stou	Ὕψιστος	*(/uyistos	n-s---mg-
Ὑψίστου	*(uyi/stou	ὕψιστος	u(/yistos	a-s---mg-
Ὑψίστου	*(uyi/stou	ὕψιστος	u(/yistos	a-s---ng-
ὠνόμασεν	w)no/masen	ὀνομάζω	o)noma/zw	v3saia---
ὠργίσθη	w)rgi/sqh	ὀργίζω	o)rgi/zw	v3saip---
ὠρχήσασθε	w)rxh/sasqe	ὀρχέομαι	o)rxe/omai	v2paie---
ὠρχήσασθε	w)rxh/sasqe	ὀρχέω	o)rxe/w	v2paim---
ὠσίν	w)si/n	οὖς	ou)=s	n-p---nd-
ὠτίου	w)ti/ou	ὠτίον	w)ti/on	n-s---ng-
ὠφελεῖται	w)felei=tai	ὠφελέω	w)fele/w	v3spie---
ὡμίλουν	w(mi/loun	ὁμιλέω	o(mile/w	v3piia---
ὡμίλουν	w(mi/loun	ὁμιλέω	o(mile/w	v1siia---
ὡρισμένον	w(risme/non	ὁρίζω	o(ri/zw	v-srpema-
ὡρισμένον	w(risme/non	ὁρίζω	o(ri/zw	v-srpenn-
ὡρισμένον	w(risme/non	ὁρίζω	o(ri/zw	v-srpenv-
ὡρισμένον	w(risme/non	ὁρίζω	o(ri/zw	v-srpena-
ὡς	w(s	ὡς	w(s	c--------
ὡσαύτως	w(sau/tws	ὡσαύτως	w(sau/tws	d--------
ὡσεί	w(sei/	ὡσεί	w(sei/	d--------
ὤμοσεν	w)/mosen	ὄμνυμι	o)/mnumi	v3saia---
ὤμους	w)/mous	ὦμος	w)=mos	n-p---ma-
ὤν	w)/n	εἰμί	ei)mi/	v-sppamn-
ὤρθριζεν	w)/rqrizen	ὀρθρίζω	o)rqri/zw	v3siia---
ὤφειλεν	w)/feilen	ὀφέλλω	o)fe/llw	v3saia---
ὤφειλεν	w)/feilen	ὀφείλω	o)fei/lw	v3siia---
ὤφθη	w)/fqh	ὁράω	o(ra/w	v3saip---
ὥρα	w(/ra	ὁράω	o(ra/w	v3siia---
ὥρα	w(/ra	ὥρα	w(/ra	n-d---fn-
ὥρα	w(/ra	ὥρα	w(/ra	n-d---fv-
ὥρα	w(/ra	ὥρα	w(/ra	n-d---fa-
ὥρα	w(/ra	ὥρα	w(/ra	n-s---fn-
ὥρα	w(/ra	ὥρα	w(/ra	n-s---fv-
ὥρας	w(/ras	ὁράω	o(ra/w	v2siia---
ὥρας	w(/ras	ὥρα	w(/ra	n-p---fa-
ὥρας	w(/ras	ὥρα	w(/ra	n-s---fg-
ὥρμησεν	w(/rmhsen	ὁρμάω	o(rma/w	v3saia---
ὥρμησεν	w(/rmhsen	ὁρμέω	o(rme/w	v3saia---
ὥρᾳ	w(/ra|	ὥρα	w(/ra	n-s---fd-
ὥσπερ	w(/sper	ὥσπερ	w(/sper	d--------
ὥστε	w(/ste	ὥστε	w(/ste	d--------
ὦτα	w)=ta	οὖς	ou)=s	n-p---nn-
ὦτα	w)=ta	οὖς	ou)=s	n-p---nv-
ὦτα	w)=ta	οὖς	ou)=s	n-p---na-
ὦτά	w)=ta/	οὖς	ou)=s	n-p---nn-
ὦτά	w)=ta/	οὖς	ou)=s	n-p---nv-
ὦτά	w)=ta/	οὖς	ou)=s	n-p---na-
ὧδε	w(=de	ὧδε	w(=de	d--------
ὧν	w(=n	ὅς	o(/s	p-p---fg-
ὧν	w(=n	ὅς	o(/s	p-p---mg-
ὧν	w(=n	ὅς	o(/s	p-p---ng-
Ὡς	*(ws	ὡς	w(s	c--------
Ὦ	*)=w	εἰμί	ei)mi/	v1spsa---
Ὦ	*)=w	ὦ	w)=	x--------
ᾅδου	a(/|dou	ᾅδης	a(/|dhs	n-s---mg-
ᾅδῃ	a(/|dh|	ᾅδης	a(/|dhs	n-s---md-
ᾐτοῦντο	h)|tou=nto	αἰτέω	ai)te/w	v3piie---
ᾐτήσατο	h)|th/sato	αἰτέω	ai)te/w	v3saim---
ᾔδει	h)/|dei	οἶδα	oi)=da	v3slia---
ᾔδεις	h)/|deis	οἶδα	oi)=da	v2slia---
ᾔδεισαν	h)/|deisan	οἶδα	oi)=da	v3plia---
ᾔδειτε	h)/|deite	οἶδα	oi)=da	v2plia---
ᾖ	h)=|	εἰμί	ei)mi/	v3spsa---
ᾗ	h(=|	ᾗ	h(=|	d--------
ᾗ	h(=|	ἵημι	i(/hmi	v2sasm---
ᾗ	h(=|	ἵημι	i(/hmi	v3sasa---
ᾗ	h(=|	ἵημι	i(/hmi	v3sasa---
ᾗ	h(=|	ὅς	o(/s	p-s---fd-
ᾠκοδόμησεν	w)|kodo/mhsen	οἰκοδομέω	oi)kodome/w	v3saia---
ᾠκοδόμουν	w)|kodo/moun	οἰκοδομέω	oi)kodome/w	v3piia---
ᾠκοδόμουν	w)|kodo/moun	οἰκοδομέω	oi)kodome/w	v1siia---
ᾠόν	w)|o/n	ᾠόν	w)|o/n	n-s---nn-
ᾠόν	w)|o/n	ᾠόν	w)|o/n	n-s---nv-
ᾠόν	w)|o/n	ᾠόν	w)|o/n	n-s---na-
ᾧ	w(=|	ὅς	o(/s	p-s---md-
ᾧ	w(=|	ὅς	o(/s	p-s---nd-
ᾧ’	w(=|'	ἀίω1	a)i/w1	v3siia---
ᾧ’	w(=|'	ἀίω1	a)i/w1	v2spma---
ῥημάτων	r(hma/twn	ῥῆμα	r(h=ma	n-p---ng-
ῥομφαία	r(omfai/a	ῥομφαία	r(omfai/a	n-d---fn-
ῥομφαία	r(omfai/a	ῥομφαία	r(omfai/a	n-d---fv-
ῥομφαία	r(omfai/a	ῥομφαία	r(omfai/a	n-d---fa-
ῥομφαία	r(omfai/a	ῥομφαία	r(omfai/a	n-s---fn-
ῥομφαία	r(omfai/a	ῥομφαία	r(omfai/a	n-s---fv-
ῥυσθέντας	r(usqe/ntas	ῥύομαι	r(u/omai	v-pappma-
ῥάβδον	r(a/bdon	ῥάβδος	r(a/bdos	n-s---fa-
ῥήματα	r(h/mata	ῥῆμα	r(h=ma	n-p---nn-
ῥήματα	r(h/mata	ῥῆμα	r(h=ma	n-p---nv-
ῥήματα	r(h/mata	ῥῆμα	r(h=ma	n-p---na-
ῥήματος	r(h/matos	ῥῆμα	r(h=ma	n-s---ng-
ῥήματί	r(h/mati/	ῥῆμα	r(h=ma	n-s---nd-
ῥήξει	r(h/cei	ῥήγνυμι	r(h/gnumi	v3sasa---
ῥήξει	r(h/cei	ῥήγνυμι	r(h/gnumi	v2sfim---
ῥήξει	r(h/cei	ῥήγνυμι	r(h/gnumi	v3sfia---
ῥήξει	r(h/cei	ῥήσσω	r(h/ssw	v3sasa---
ῥήξει	r(h/cei	ῥήσσω	r(h/ssw	v2sfim---
ῥήξει	r(h/cei	ῥήσσω	r(h/ssw	v3sfia---
ῥήξει	r(h/cei	ῥῆξις	r(h=cis	n-d---fn-
ῥήξει	r(h/cei	ῥῆξις	r(h=cis	n-d---fv-
ῥήξει	r(h/cei	ῥῆξις	r(h=cis	n-d---fa-
ῥήξει	r(h/cei	ῥῆξις	r(h=cis	n-s---fd-
ῥήξει	r(h/cei	ῥῆξις	r(h=cis	n-s---fd-
ῥίζαν	r(i/zan	ῥίζα	r(i/za	n-s---fa-
ῥύμας	r(u/mas	ῥύμη	r(u/mh	n-p---fa-
ῥύμας	r(u/mas	ῥύμη	r(u/mh	n-s---fg-
ῥύσει	r(u/sei	ῥύομαι	r(u/omai	v2sfim---
ῥύσει	r(u/sei	ῥύσις	r(u/sis	n-d---fn-
ῥύσει	r(u/sei	ῥύσις	r(u/sis	n-d---fv-
ῥύσει	r(u/sei	ῥύσις	r(u/sis	n-d---fa-
ῥύσει	r(u/sei	ῥύσις	r(u/sis	n-s---fd-
ῥύσει	r(u/sei	ῥύσις	r(u/sis	n-s---fd-
ῥύσει	r(u/sei	ῥῦσις	r(u=sis	n-d---fn-
ῥύσει	r(u/sei	ῥῦσις	r(u=sis	n-d---fv-
ῥύσει	r(u/sei	ῥῦσις	r(u=sis	n-d---fa-
ῥύσει	r(u/sei	ῥῦσις	r(u=sis	n-s---fd-
ῥύσει	r(u/sei	ῥῦσις	r(u=sis	n-s---fd-
ῥύσει	r(u/sei	ῥυσάω	r(usa/w	v2spma---
ῥύσει	r(u/sei	ῥυσάω	r(usa/w	v3siia---
ῥύσις	r(u/sis	ῥύσις	r(u/sis	n-p---fa-
ῥύσις	r(u/sis	ῥύσις	r(u/sis	n-s---fn-
ῥύσις	r(u/sis	ῥῦσις	r(u=sis	n-p---fa-
ῥῆγμα	r(h=gma	ῥῆγμα	r(h=gma	n-s---nn-
ῥῆγμα	r(h=gma	ῥῆγμα	r(h=gma	n-s---nv-
ῥῆγμα	r(h=gma	ῥῆγμα	r(h=gma	n-s---na-
ῥῆμα	r(h=ma	ῥῆμα	r(h=ma	n-s---nn-
ῥῆμα	r(h=ma	ῥῆμα	r(h=ma	n-s---nv-
ῥῆμα	r(h=ma	ῥῆμα	r(h=ma	n-s---na-
ῥῆμά	r(h=ma/	ῥῆμα	r(h=ma	n-s---nn-
ῥῆμά	r(h=ma/	ῥῆμα	r(h=ma	n-s---nv-
ῥῆμά	r(h=ma/	ῥῆμα	r(h=ma	n-s---na-
