Βακχίας	*bakxi/as	Βάκχειος	*ba/kxeios	urn:cite2:hmt:lsj.chicago_md:n19172	a-p---fa-
Βακχίας	*bakxi/as	Βάκχειος	*ba/kxeios	urn:cite2:hmt:lsj.chicago_md:n19172	a-s---fg-
Βακχίας	*bakxi/as	Βάκχειος	*ba/kxeios	urn:cite2:hmt:lsj.chicago_md:n19172	a-p---fa-
Βακχίας	*bakxi/as	Βάκχειος	*ba/kxeios	urn:cite2:hmt:lsj.chicago_md:n19172	a-s---fg-
Γιγάντων	*giga/ntwn	γίγας	gi/gas	urn:cite2:hmt:lsj.chicago_md:n22190	n-p---mg-
Δηιάνειραν	*dhia/neiran	Δηιάνειρα	*dhia/neira	urn:cite2:hmt:lsj.chicago_md:n24308	n-s---fa-
Διί	*dii/	Ζεύς	*zeu/s	urn:cite2:hmt:lsj.chicago_md:n46195	n-s---md-
Διός	*dio/s	Ζεύς	*zeu/s	urn:cite2:hmt:lsj.chicago_md:n46195	n-s---mg-
Δωδῶνι	*dwdw=ni	Δωδώνη	*dwdw/nh	urn:cite2:hmt:lsj.chicago_md:n29768	n-s---fd-
Δίκη	*di/kh	Δίκη	*di/kh	urn:cite2:hmt:lsj.chicago_md:n26943	n-s---fn-
Δίκη	*di/kh	Δίκη	*di/kh	urn:cite2:hmt:lsj.chicago_md:n26943	n-s---fv-
Δίκη	*di/kh	δίκη	di/kh	urn:cite2:hmt:lsj.chicago_md:n26943	n-s---fn-
Δίκη	*di/kh	δίκη	di/kh	urn:cite2:hmt:lsj.chicago_md:n26943	n-s---fv-
Δῃάνειρα	*dh|a/neira	Δηιάνειρα	*dhia/neira	urn:cite2:hmt:lsj.chicago_md:n24308	n-s---fn-
Δῃάνειρα	*dh|a/neira	Δηιάνειρα	*dhia/neira	urn:cite2:hmt:lsj.chicago_md:n24308	n-s---fv-
Δῃάνειραν	*dh|a/neiran	Δηιάνειρα	*dhia/neira	urn:cite2:hmt:lsj.chicago_md:n24308	n-s---fa-
Δῖον	*di=on	Δῖον	*di=on	urn:cite2:hmt:lsj.chicago_md:n27197	n-s---nn-
Δῖον	*di=on	Δῖον	*di=on	urn:cite2:hmt:lsj.chicago_md:n27198	n-s---nn-
Δῖον	*di=on	Δῖον	*di=on	urn:cite2:hmt:lsj.chicago_md:n27197	n-s---nv-
Δῖον	*di=on	Δῖον	*di=on	urn:cite2:hmt:lsj.chicago_md:n27198	n-s---nv-
Δῖον	*di=on	Δῖον	*di=on	urn:cite2:hmt:lsj.chicago_md:n27197	n-s---na-
Δῖον	*di=on	Δῖον	*di=on	urn:cite2:hmt:lsj.chicago_md:n27198	n-s---na-
Δῖον	*di=on	Δῖος	*di=os	urn:cite2:hmt:lsj.chicago_md:n27293	n-s---ma-
Δῖον	*di=on	Δῖος	*di=os	urn:cite2:hmt:lsj.chicago_md:n27294	n-s---ma-
Δῖον	*di=on	Δῖος	*di=os	urn:cite2:hmt:lsj.chicago_md:n27295	n-s---ma-
Δῖον	*di=on	Δῖος	*di=os	urn:cite2:hmt:lsj.chicago_md:n27296	n-s---ma-
Δῖον	*di=on	δῖος	di=os	urn:cite2:hmt:lsj.chicago_md:n27293	a-s---ma-
Δῖον	*di=on	δῖος	di=os	urn:cite2:hmt:lsj.chicago_md:n27294	a-s---ma-
Δῖον	*di=on	δῖος	di=os	urn:cite2:hmt:lsj.chicago_md:n27293	a-s---nn-
Δῖον	*di=on	δῖος	di=os	urn:cite2:hmt:lsj.chicago_md:n27294	a-s---nn-
Δῖον	*di=on	δῖος	di=os	urn:cite2:hmt:lsj.chicago_md:n27293	a-s---nv-
Δῖον	*di=on	δῖος	di=os	urn:cite2:hmt:lsj.chicago_md:n27294	a-s---nv-
Δῖον	*di=on	δῖος	di=os	urn:cite2:hmt:lsj.chicago_md:n27293	a-s---na-
Δῖον	*di=on	δῖος	di=os	urn:cite2:hmt:lsj.chicago_md:n27294	a-s---na-
Δῖον	*di=on	δῖος	di=os	urn:cite2:hmt:lsj.chicago_md:n27293	n-s---ma-
Δῖον	*di=on	δῖος	di=os	urn:cite2:hmt:lsj.chicago_md:n27294	n-s---ma-
Δῖον	*di=on	δῖος	di=os	urn:cite2:hmt:lsj.chicago_md:n27293	n-s---fa-
Δῖον	*di=on	δῖος	di=os	urn:cite2:hmt:lsj.chicago_md:n27294	n-s---fa-
Δῖον	*di=on	δῖος	di=os	urn:cite2:hmt:lsj.chicago_md:n27293	n-s---nn-
Δῖον	*di=on	δῖος	di=os	urn:cite2:hmt:lsj.chicago_md:n27294	n-s---nn-
Δῖον	*di=on	δῖος	di=os	urn:cite2:hmt:lsj.chicago_md:n27293	n-s---nv-
Δῖον	*di=on	δῖος	di=os	urn:cite2:hmt:lsj.chicago_md:n27294	n-s---nv-
Δῖον	*di=on	δῖος	di=os	urn:cite2:hmt:lsj.chicago_md:n27293	n-s---na-
Δῖον	*di=on	δῖος	di=os	urn:cite2:hmt:lsj.chicago_md:n27294	n-s---na-
Εὐβοίας	*eu)boi/as	Εὔβοια	*eu)/boia	urn:cite2:hmt:lsj.chicago_md:n43509	n-p---fa-
Εὐβοίας	*eu)boi/as	Εὔβοια	*eu)/boia	urn:cite2:hmt:lsj.chicago_md:n43509	n-s---fg-
Εὐβοίας	*eu)boi/as	Εὔβοια	*eu)/boia	urn:cite2:hmt:lsj.chicago_md:n43509	n-p---fa-
Εὐβοίας	*eu)boi/as	Εὔβοια	*eu)/boia	urn:cite2:hmt:lsj.chicago_md:n43509	n-s---fg-
Εὐρύτου	*eu)ru/tou	Εὔρυτος	*eu)/rutos	urn:cite2:hmt:lsj.chicago_md:n45049	n-s---mg-
Εὐρύτου	*eu)ru/tou	εὔρυτος	eu)/rutos	urn:cite2:hmt:lsj.chicago_md:n45049	n-s---mg-
Εὐρύτου	*eu)ru/tou	εὔρυτος	eu)/rutos	urn:cite2:hmt:lsj.chicago_md:n45049	n-s---fg-
Εὐρύτου	*eu)ru/tou	εὔρυτος	eu)/rutos	urn:cite2:hmt:lsj.chicago_md:n45049	n-s---ng-
Εὔρυτον	*eu)/ruton	Εὔρυτος	*eu)/rutos	urn:cite2:hmt:lsj.chicago_md:n45049	n-s---ma-
Εὔρυτον	*eu)/ruton	εὔρυτος	eu)/rutos	urn:cite2:hmt:lsj.chicago_md:n45049	n-s---ma-
Εὔρυτον	*eu)/ruton	εὔρυτος	eu)/rutos	urn:cite2:hmt:lsj.chicago_md:n45049	n-s---fa-
Εὔρυτον	*eu)/ruton	εὔρυτος	eu)/rutos	urn:cite2:hmt:lsj.chicago_md:n45049	n-s---nn-
Εὔρυτον	*eu)/ruton	εὔρυτος	eu)/rutos	urn:cite2:hmt:lsj.chicago_md:n45049	n-s---nv-
Εὔρυτον	*eu)/ruton	εὔρυτος	eu)/rutos	urn:cite2:hmt:lsj.chicago_md:n45049	n-s---na-
Εὔρυτόν	*eu)/ruto/n	Εὔρυτος	*eu)/rutos	urn:cite2:hmt:lsj.chicago_md:n45049	n-s---ma-
Εὔρυτόν	*eu)/ruto/n	εὔρυτος	eu)/rutos	urn:cite2:hmt:lsj.chicago_md:n45049	n-s---ma-
Εὔρυτόν	*eu)/ruto/n	εὔρυτος	eu)/rutos	urn:cite2:hmt:lsj.chicago_md:n45049	n-s---fa-
Εὔρυτόν	*eu)/ruto/n	εὔρυτος	eu)/rutos	urn:cite2:hmt:lsj.chicago_md:n45049	n-s---nn-
Εὔρυτόν	*eu)/ruto/n	εὔρυτος	eu)/rutos	urn:cite2:hmt:lsj.chicago_md:n45049	n-s---nv-
Εὔρυτόν	*eu)/ruto/n	εὔρυτος	eu)/rutos	urn:cite2:hmt:lsj.chicago_md:n45049	n-s---na-
Ζεύς	*zeu/s	Ζεύς	*zeu/s	urn:cite2:hmt:lsj.chicago_md:n46195	n-s---mn-
Ζεῦ	*zeu=	Ζεύς	*zeu/s	urn:cite2:hmt:lsj.chicago_md:n46195	n-s---mv-
Ζεῦ	*zeu=	ζέω	ze/w	urn:cite2:hmt:lsj.chicago_md:n46204	v2spme---
Ζεῦ	*zeu=	ζέω	ze/w	urn:cite2:hmt:lsj.chicago_md:n46204	v2siie---
Ζηνί	*zhni/	Ζεύς	*zeu/s	urn:cite2:hmt:lsj.chicago_md:n46195	n-s---md-
Ζηνός	*zhno/s	Ζεύς	*zeu/s	urn:cite2:hmt:lsj.chicago_md:n46195	n-s---mg-
Ζῆν’	*zh=n'	Ζεύς	*zeu/s	urn:cite2:hmt:lsj.chicago_md:n46195	n-s---ma-
Ζῆν’	*zh=n'	ζῆνος	zh=nos	urn:cite2:hmt:lsj.chicago_md:n46242	a-p---nn-
Ζῆν’	*zh=n'	ζῆνος	zh=nos	urn:cite2:hmt:lsj.chicago_md:n46242	a-p---nv-
Ζῆν’	*zh=n'	ζῆνος	zh=nos	urn:cite2:hmt:lsj.chicago_md:n46242	a-p---na-
Ζῆν’	*zh=n'	ζῆνος	zh=nos	urn:cite2:hmt:lsj.chicago_md:n46242	a-s---mv-
Ζῆν’	*zh=n'	ζῆνος	zh=nos	urn:cite2:hmt:lsj.chicago_md:n46242	a-p---fn-
Ζῆν’	*zh=n'	ζῆνος	zh=nos	urn:cite2:hmt:lsj.chicago_md:n46242	a-p---fv-
Θήβας	*qh/bas	Θῆβαι	*qh=bai	urn:cite2:hmt:lsj.chicago_md:n48603	n-p---fa-
Καδμογενῆ	*kadmogenh=	Καδμογενής	*kadmogenh/s	urn:cite2:hmt:lsj.chicago_md:n51637	n-p---nn-
Καδμογενῆ	*kadmogenh=	Καδμογενής	*kadmogenh/s	urn:cite2:hmt:lsj.chicago_md:n51637	n-p---nv-
Καδμογενῆ	*kadmogenh=	Καδμογενής	*kadmogenh/s	urn:cite2:hmt:lsj.chicago_md:n51637	n-p---na-
Καδμογενῆ	*kadmogenh=	Καδμογενής	*kadmogenh/s	urn:cite2:hmt:lsj.chicago_md:n51637	n-d---mn-
Καδμογενῆ	*kadmogenh=	Καδμογενής	*kadmogenh/s	urn:cite2:hmt:lsj.chicago_md:n51637	n-d---mv-
Καδμογενῆ	*kadmogenh=	Καδμογενής	*kadmogenh/s	urn:cite2:hmt:lsj.chicago_md:n51637	n-d---ma-
Καδμογενῆ	*kadmogenh=	Καδμογενής	*kadmogenh/s	urn:cite2:hmt:lsj.chicago_md:n51637	n-d---fn-
Καδμογενῆ	*kadmogenh=	Καδμογενής	*kadmogenh/s	urn:cite2:hmt:lsj.chicago_md:n51637	n-d---fv-
Καδμογενῆ	*kadmogenh=	Καδμογενής	*kadmogenh/s	urn:cite2:hmt:lsj.chicago_md:n51637	n-d---fa-
Καδμογενῆ	*kadmogenh=	Καδμογενής	*kadmogenh/s	urn:cite2:hmt:lsj.chicago_md:n51637	n-d---nn-
Καδμογενῆ	*kadmogenh=	Καδμογενής	*kadmogenh/s	urn:cite2:hmt:lsj.chicago_md:n51637	n-d---nv-
Καδμογενῆ	*kadmogenh=	Καδμογενής	*kadmogenh/s	urn:cite2:hmt:lsj.chicago_md:n51637	n-d---na-
Καδμογενῆ	*kadmogenh=	Καδμογενής	*kadmogenh/s	urn:cite2:hmt:lsj.chicago_md:n51637	n-s---ma-
Καδμογενῆ	*kadmogenh=	Καδμογενής	*kadmogenh/s	urn:cite2:hmt:lsj.chicago_md:n51637	n-s---fa-
Κενταύρου	*kentau/rou	Κένταυρος	*ke/ntauros	urn:cite2:hmt:lsj.chicago_md:n56607	n-s---mg-
Κρονίδαν	*kroni/dan	Κρονίδης	*kroni/dhs	urn:cite2:hmt:lsj.chicago_md:n60123	n-s---ma-
Κρονίδαν	*kroni/dan	Κρονίδης	*kroni/dhs	urn:cite2:hmt:lsj.chicago_md:n60123	n-s---ma-
Κρονίδας	*kroni/das	Κρονίδης	*kroni/dhs	urn:cite2:hmt:lsj.chicago_md:n60123	n-p---ma-
Κρονίδας	*kroni/das	Κρονίδης	*kroni/dhs	urn:cite2:hmt:lsj.chicago_md:n60123	n-s---mn-
Κρήσιον	*krh/sion	Κρής	*krh/s	urn:cite2:hmt:lsj.chicago_md:n59906	a-s---ma-
Κρήσιον	*krh/sion	Κρής	*krh/s	urn:cite2:hmt:lsj.chicago_md:n59907	a-s---ma-
Κρήσιον	*krh/sion	Κρής	*krh/s	urn:cite2:hmt:lsj.chicago_md:n59906	a-s---nn-
Κρήσιον	*krh/sion	Κρής	*krh/s	urn:cite2:hmt:lsj.chicago_md:n59907	a-s---nn-
Κρήσιον	*krh/sion	Κρής	*krh/s	urn:cite2:hmt:lsj.chicago_md:n59906	a-s---nv-
Κρήσιον	*krh/sion	Κρής	*krh/s	urn:cite2:hmt:lsj.chicago_md:n59907	a-s---nv-
Κρήσιον	*krh/sion	Κρής	*krh/s	urn:cite2:hmt:lsj.chicago_md:n59906	a-s---na-
Κρήσιον	*krh/sion	Κρής	*krh/s	urn:cite2:hmt:lsj.chicago_md:n59907	a-s---na-
Κένταυρος	*ke/ntauros	Κένταυρος	*ke/ntauros	urn:cite2:hmt:lsj.chicago_md:n56607	n-s---mn-
Κύπρις	*ku/pris	Κύπρις	*ku/pris	urn:cite2:hmt:lsj.chicago_md:n61013	n-s---fn-
Λοκρῶν	*lokrw=n	Λοκροί	*lokroi/	urn:cite2:hmt:lsj.chicago_md:n63856	n-p---mg-
Λυδοῖς	*ludoi=s	Λυδός	*ludo/s	urn:cite2:hmt:lsj.chicago_md:n64054	n-p---md-
Λυδοῖς	*ludoi=s	Λυδός	*ludo/s	urn:cite2:hmt:lsj.chicago_md:n64054	a-p---md-
Λυδοῖς	*ludoi=s	Λυδός	*ludo/s	urn:cite2:hmt:lsj.chicago_md:n64054	a-p---nd-
Λυδία	*ludi/a	Λύδιος	*lu/dios	urn:cite2:hmt:lsj.chicago_md:n64050	a-d---fn-
Λυδία	*ludi/a	Λύδιος	*lu/dios	urn:cite2:hmt:lsj.chicago_md:n64050	a-d---fv-
Λυδία	*ludi/a	Λύδιος	*lu/dios	urn:cite2:hmt:lsj.chicago_md:n64050	a-d---fa-
Λυδία	*ludi/a	Λύδιος	*lu/dios	urn:cite2:hmt:lsj.chicago_md:n64050	a-s---fn-
Λυδία	*ludi/a	Λύδιος	*lu/dios	urn:cite2:hmt:lsj.chicago_md:n64050	a-s---fv-
Λυδία	*ludi/a	Λυδία	*ludi/a	urn:cite2:hmt:lsj.chicago_md:n64048	n-d---fn-
Λυδία	*ludi/a	Λυδία	*ludi/a	urn:cite2:hmt:lsj.chicago_md:n64048	n-d---fv-
Λυδία	*ludi/a	Λυδία	*ludi/a	urn:cite2:hmt:lsj.chicago_md:n64048	n-d---fa-
Λυδία	*ludi/a	Λυδία	*ludi/a	urn:cite2:hmt:lsj.chicago_md:n64048	n-s---fn-
Λυδία	*ludi/a	Λυδία	*ludi/a	urn:cite2:hmt:lsj.chicago_md:n64048	n-s---fv-
Λυδῇ	*ludh=|	Λυδός	*ludo/s	urn:cite2:hmt:lsj.chicago_md:n64054	a-s---fd-
Λίχα	*li/xa	Λίχας	*li/xas	urn:cite2:hmt:lsj.chicago_md:n63663	n-s---mv-
Λίχαν	*li/xan	Λίχας	*li/xas	urn:cite2:hmt:lsj.chicago_md:n63663	n-s---mv-
Λίχας	*li/xas	Λίχας	*li/xas	urn:cite2:hmt:lsj.chicago_md:n63663	n-s---mn-
Μηλιεύς	*mhlieu/s	Μηλιεύς	*mhlieu/s	urn:cite2:hmt:lsj.chicago_md:n67382	n-s---mn-
Μηλίδα	*mhli/da	Μηλίς	*mhli/s	urn:cite2:hmt:lsj.chicago_md:n67389	n-s---fa-
Μηλίδα	*mhli/da	Μηλίς	*mhli/s	urn:cite2:hmt:lsj.chicago_md:n67390	n-s---fa-
Μηλίδα	*mhli/da	Μηλίς	*mhli/s	urn:cite2:hmt:lsj.chicago_md:n67391	n-s---fa-
Μηλίδα	*mhli/da	Μηλίς	*mhli/s	urn:cite2:hmt:lsj.chicago_md:n67392	n-s---fa-
Μηλίδα	*mhli/da	Μηλιεύς	*mhlieu/s	urn:cite2:hmt:lsj.chicago_md:n67382	n-s---fa-
Μηλίδα	*mhli/da	μηλίς	mhli/s	urn:cite2:hmt:lsj.chicago_md:n67389	n-s---fa-
Μηλίδα	*mhli/da	μηλίς	mhli/s	urn:cite2:hmt:lsj.chicago_md:n67390	n-s---fa-
Μηλίδα	*mhli/da	μηλίς	mhli/s	urn:cite2:hmt:lsj.chicago_md:n67391	n-s---fa-
Μηλίδα	*mhli/da	μηλίς	mhli/s	urn:cite2:hmt:lsj.chicago_md:n67392	n-s---fa-
Νεμέας	*neme/as	Νεμέα	*neme/a	urn:cite2:hmt:lsj.chicago_md:n70164	n-p---fa-
Νεμέας	*neme/as	Νεμέα	*neme/a	urn:cite2:hmt:lsj.chicago_md:n70164	n-s---fg-
Νύμφας	*nu/mfas	νύμφη	nu/mfh	urn:cite2:hmt:lsj.chicago_md:n71282	n-p---fa-
Νύμφας	*nu/mfas	νύμφη	nu/mfh	urn:cite2:hmt:lsj.chicago_md:n71282	n-s---fg-
Οἰχαλία	*oi)xali/a	Οἰχαλία	*oi)xali/a	urn:cite2:hmt:lsj.chicago_md:n72706	n-d---fn-
Οἰχαλία	*oi)xali/a	Οἰχαλία	*oi)xali/a	urn:cite2:hmt:lsj.chicago_md:n72706	n-d---fv-
Οἰχαλία	*oi)xali/a	Οἰχαλία	*oi)xali/a	urn:cite2:hmt:lsj.chicago_md:n72706	n-d---fa-
Οἰχαλία	*oi)xali/a	Οἰχαλία	*oi)xali/a	urn:cite2:hmt:lsj.chicago_md:n72706	n-s---fn-
Οἰχαλία	*oi)xali/a	Οἰχαλία	*oi)xali/a	urn:cite2:hmt:lsj.chicago_md:n72706	n-s---fv-
Οἰχαλίαν	*oi)xali/an	Οἰχαλία	*oi)xali/a	urn:cite2:hmt:lsj.chicago_md:n72706	n-s---fa-
Οἰχαλίας	*oi)xali/as	Οἰχαλία	*oi)xali/a	urn:cite2:hmt:lsj.chicago_md:n72706	n-p---fa-
Οἰχαλίας	*oi)xali/as	Οἰχαλία	*oi)xali/a	urn:cite2:hmt:lsj.chicago_md:n72706	n-s---fg-
Οἴτας	*oi)/tas	Οἴτη	*oi)/th	urn:cite2:hmt:lsj.chicago_md:n72700	n-p---fa-
Οἴτας	*oi)/tas	Οἴτη	*oi)/th	urn:cite2:hmt:lsj.chicago_md:n72700	n-s---fg-
Οἴτης	*oi)/ths	Οἴτη	*oi)/th	urn:cite2:hmt:lsj.chicago_md:n72700	n-s---fg-
Παιάν	*paia/n	Παιάν	*paia/n	urn:cite2:hmt:lsj.chicago_md:n76532	n-s---mn-
Παιάν	*paia/n	Παιάν	*paia/n	urn:cite2:hmt:lsj.chicago_md:n76532	n-s---mv-
Παιάν	*paia/n	Παιάν	*paia/n	urn:cite2:hmt:lsj.chicago_md:n76532	n-s---mn-
Παιάν	*paia/n	Παιάν	*paia/n	urn:cite2:hmt:lsj.chicago_md:n76532	n-s---mv-
Πελειάδων	*peleia/dwn	πελειάς	peleia/s	urn:cite2:hmt:lsj.chicago_md:n80436	n-p---fg-
Ποσειδάωνα	*poseida/wna	Ποσειδῶν	*poseidw=n	urn:cite2:hmt:lsj.chicago_md:n85893	n-s---ma-
Πυλάτιδες	*pula/tides	Πυλᾶτις	*pula=tis	urn:cite2:hmt:lsj.chicago_md:n91483	n-p---fn-
Πυλάτιδες	*pula/tides	Πυλᾶτις	*pula=tis	urn:cite2:hmt:lsj.chicago_md:n91483	n-p---fv-
Πυλάτιδες	*pula/tides	πυλᾶτις	pula=tis	urn:cite2:hmt:lsj.chicago_md:n91483	n-p---fn-
Πυλάτιδες	*pula/tides	πυλᾶτις	pula=tis	urn:cite2:hmt:lsj.chicago_md:n91483	n-p---fv-
Σελλῶν	*sellw=n	Σελλοί	*selloi/	urn:cite2:hmt:lsj.chicago_md:n93674	n-p---mg-
Σελλῶν	*sellw=n	σέλλα	se/lla	urn:cite2:hmt:lsj.chicago_md:n93669	n-p---fg-
Τραχινίων	*traxini/wn	Τραχίς	*traxi/s	urn:cite2:hmt:lsj.chicago_md:n104627	a-p---fg-
Τραχινίων	*traxini/wn	Τραχίς	*traxi/s	urn:cite2:hmt:lsj.chicago_md:n104627	a-p---mg-
Τραχινίων	*traxini/wn	Τραχίς	*traxi/s	urn:cite2:hmt:lsj.chicago_md:n104627	a-p---ng-
Τραχινίων	*traxini/wn	Τραχίς	*traxi/s	urn:cite2:hmt:lsj.chicago_md:n104627	n-p---mg-
Τραχινίων	*traxini/wn	Τραχίς	*traxi/s	urn:cite2:hmt:lsj.chicago_md:n104627	n-p---fg-
Τραχινίων	*traxini/wn	Τραχίς	*traxi/s	urn:cite2:hmt:lsj.chicago_md:n104627	n-p---ng-
Τραχῖνι	*traxi=ni	Τραχίς	*traxi/s	urn:cite2:hmt:lsj.chicago_md:n104627	n-s---fd-
Χείρωνα	*xei/rwna	Χείρων	*xei/rwn	urn:cite2:hmt:lsj.chicago_md:n113711	n-s---ma-
Χείρωνα	*xei/rwna	Χείρων	*xei/rwn	urn:cite2:hmt:lsj.chicago_md:n113712	n-s---ma-
αἰαῖ	ai)ai=	αἰαῖ	ai)ai=	urn:cite2:hmt:lsj.chicago_md:n2105	x--------
αἰδοῖα	ai)doi=a	αἰδοῖον	ai)doi=on	urn:cite2:hmt:lsj.chicago_md:n2253	n-p---nn-
αἰδοῖα	ai)doi=a	αἰδοῖον	ai)doi=on	urn:cite2:hmt:lsj.chicago_md:n2253	n-p---nv-
αἰδοῖα	ai)doi=a	αἰδοῖον	ai)doi=on	urn:cite2:hmt:lsj.chicago_md:n2253	n-p---na-
αἰδοῖα	ai)doi=a	αἰδοῖος	ai)doi=os	urn:cite2:hmt:lsj.chicago_md:n2254	a-p---nn-
αἰδοῖα	ai)doi=a	αἰδοῖος	ai)doi=os	urn:cite2:hmt:lsj.chicago_md:n2254	a-p---nv-
αἰδοῖα	ai)doi=a	αἰδοῖος	ai)doi=os	urn:cite2:hmt:lsj.chicago_md:n2254	a-p---na-
αἰεί	ai)ei/	ἀεί	a)ei/	urn:cite2:hmt:lsj.chicago_md:n1564	d--------
αἰκίζει	ai)ki/zei	αἰκίζω	ai)ki/zw	urn:cite2:hmt:lsj.chicago_md:n2373	v2spie---
αἰκίζει	ai)ki/zei	αἰκίζω	ai)ki/zw	urn:cite2:hmt:lsj.chicago_md:n2373	v3spia---
αἰπεινᾶς	ai)peina=s	αἰπεινός	ai)peino/s	urn:cite2:hmt:lsj.chicago_md:n2622	a-s---fg-
αἰσχροῦ	ai)sxrou=	αἰσχρός	ai)sxro/s	urn:cite2:hmt:lsj.chicago_md:n2731	a-s---mg-
αἰσχροῦ	ai)sxrou=	αἰσχρός	ai)sxro/s	urn:cite2:hmt:lsj.chicago_md:n2731	a-s---ng-
αἰσχροῦ	ai)sxrou=	αἰσχρός	ai)sxro/s	urn:cite2:hmt:lsj.chicago_md:n2731	n-s---mg-
αἰσχροῦ	ai)sxrou=	αἰσχρός	ai)sxro/s	urn:cite2:hmt:lsj.chicago_md:n2731	n-s---fg-
αἰσχροῦ	ai)sxrou=	αἰσχρός	ai)sxro/s	urn:cite2:hmt:lsj.chicago_md:n2731	n-s---ng-
αἰσχρά	ai)sxra/	αἰσχρός	ai)sxro/s	urn:cite2:hmt:lsj.chicago_md:n2731	a-p---nn-
αἰσχρά	ai)sxra/	αἰσχρός	ai)sxro/s	urn:cite2:hmt:lsj.chicago_md:n2731	a-p---nv-
αἰσχρά	ai)sxra/	αἰσχρός	ai)sxro/s	urn:cite2:hmt:lsj.chicago_md:n2731	a-p---na-
αἰσχρά	ai)sxra/	αἰσχρός	ai)sxro/s	urn:cite2:hmt:lsj.chicago_md:n2731	a-d---fn-
αἰσχρά	ai)sxra/	αἰσχρός	ai)sxro/s	urn:cite2:hmt:lsj.chicago_md:n2731	a-d---fv-
αἰσχρά	ai)sxra/	αἰσχρός	ai)sxro/s	urn:cite2:hmt:lsj.chicago_md:n2731	a-d---fa-
αἰσχρά	ai)sxra/	αἰσχρός	ai)sxro/s	urn:cite2:hmt:lsj.chicago_md:n2731	a-s---fn-
αἰσχρά	ai)sxra/	αἰσχρός	ai)sxro/s	urn:cite2:hmt:lsj.chicago_md:n2731	a-s---fv-
αἰσχρά	ai)sxra/	αἰσχρός	ai)sxro/s	urn:cite2:hmt:lsj.chicago_md:n2731	n-p---nn-
αἰσχρά	ai)sxra/	αἰσχρός	ai)sxro/s	urn:cite2:hmt:lsj.chicago_md:n2731	n-p---nv-
αἰσχρά	ai)sxra/	αἰσχρός	ai)sxro/s	urn:cite2:hmt:lsj.chicago_md:n2731	n-p---na-
αἰσχύνην	ai)sxu/nhn	αἰσχύνη	ai)sxu/nh	urn:cite2:hmt:lsj.chicago_md:n2739	n-s---fa-
αἰσχύνην	ai)sxu/nhn	αἰσχύνω	ai)sxu/nw	urn:cite2:hmt:lsj.chicago_md:n2749	v--pna---
αἰσχύνῃ	ai)sxu/nh|	αἰσχύνη	ai)sxu/nh	urn:cite2:hmt:lsj.chicago_md:n2739	n-s---fd-
αἰσχύνῃ	ai)sxu/nh|	αἰσχύνω	ai)sxu/nw	urn:cite2:hmt:lsj.chicago_md:n2749	v2sasm---
αἰσχύνῃ	ai)sxu/nh|	αἰσχύνω	ai)sxu/nw	urn:cite2:hmt:lsj.chicago_md:n2749	v3sasa---
αἰσχύνῃ	ai)sxu/nh|	αἰσχύνω	ai)sxu/nw	urn:cite2:hmt:lsj.chicago_md:n2749	v2spse---
αἰσχύνῃ	ai)sxu/nh|	αἰσχύνω	ai)sxu/nw	urn:cite2:hmt:lsj.chicago_md:n2749	v2spie---
αἰσχύνῃ	ai)sxu/nh|	αἰσχύνω	ai)sxu/nw	urn:cite2:hmt:lsj.chicago_md:n2749	v3spsa---
αἰτήσομαι	ai)th/somai	αἰτέω	ai)te/w	urn:cite2:hmt:lsj.chicago_md:n2754	v1sasm---
αἰτήσομαι	ai)th/somai	αἰτέω	ai)te/w	urn:cite2:hmt:lsj.chicago_md:n2754	v1sfim---
αἰτίαν	ai)ti/an	αἴτιος	ai)/tios	urn:cite2:hmt:lsj.chicago_md:n2777	a-s---fa-
αἰτίαν	ai)ti/an	αἰτία	ai)ti/a	urn:cite2:hmt:lsj.chicago_md:n2764	n-s---fa-
αἰτίᾳ	ai)ti/a|	αἴτιος	ai)/tios	urn:cite2:hmt:lsj.chicago_md:n2777	a-s---fd-
αἰτίᾳ	ai)ti/a|	αἰτία	ai)ti/a	urn:cite2:hmt:lsj.chicago_md:n2764	n-p---fn-
αἰτίᾳ	ai)ti/a|	αἰτία	ai)ti/a	urn:cite2:hmt:lsj.chicago_md:n2764	n-p---fv-
αἰτίᾳ	ai)ti/a|	αἰτία	ai)ti/a	urn:cite2:hmt:lsj.chicago_md:n2764	n-s---fd-
αἰτῶ	ai)tw=	αἰτέω	ai)te/w	urn:cite2:hmt:lsj.chicago_md:n2754	v1spsa---
αἰτῶ	ai)tw=	αἰτέω	ai)te/w	urn:cite2:hmt:lsj.chicago_md:n2754	v1spia---
αἰχμαλώτοις	ai)xmalw/tois	αἰχμάλωτος	ai)xma/lwtos	urn:cite2:hmt:lsj.chicago_md:n2800	n-p---md-
αἰχμαλώτοις	ai)xmalw/tois	αἰχμάλωτος	ai)xma/lwtos	urn:cite2:hmt:lsj.chicago_md:n2800	n-p---fd-
αἰχμαλώτοις	ai)xmalw/tois	αἰχμάλωτος	ai)xma/lwtos	urn:cite2:hmt:lsj.chicago_md:n2800	n-p---nd-
αἰχμάλωτον	ai)xma/lwton	αἰχμάλωτος	ai)xma/lwtos	urn:cite2:hmt:lsj.chicago_md:n2800	n-s---ma-
αἰχμάλωτον	ai)xma/lwton	αἰχμάλωτος	ai)xma/lwtos	urn:cite2:hmt:lsj.chicago_md:n2800	n-s---fa-
αἰχμάλωτον	ai)xma/lwton	αἰχμάλωτος	ai)xma/lwtos	urn:cite2:hmt:lsj.chicago_md:n2800	n-s---nn-
αἰχμάλωτον	ai)xma/lwton	αἰχμάλωτος	ai)xma/lwtos	urn:cite2:hmt:lsj.chicago_md:n2800	n-s---nv-
αἰχμάλωτον	ai)xma/lwton	αἰχμάλωτος	ai)xma/lwtos	urn:cite2:hmt:lsj.chicago_md:n2800	n-s---na-
αἰχμάσαι	ai)xma/sai	αἰχμάζω	ai)xma/zw	urn:cite2:hmt:lsj.chicago_md:n2792	v-sfpafd-
αἰχμάσαι	ai)xma/sai	αἰχμάζω	ai)xma/zw	urn:cite2:hmt:lsj.chicago_md:n2792	v--ana---
αἰχμάσαι	ai)xma/sai	αἰχμάζω	ai)xma/zw	urn:cite2:hmt:lsj.chicago_md:n2792	v3saoa---
αἰχμᾷ	ai)xma=|	αἰχμάζω	ai)xma/zw	urn:cite2:hmt:lsj.chicago_md:n2792	v2sfim---
αἰχμᾷ	ai)xma=|	αἰχμάζω	ai)xma/zw	urn:cite2:hmt:lsj.chicago_md:n2792	v3sfia---
αἰχμᾷ	ai)xma=|	αἰχμή	ai)xmh/	urn:cite2:hmt:lsj.chicago_md:n2801	n-s---fd-
αἰέν	ai)e/n	ἀεί	a)ei/	urn:cite2:hmt:lsj.chicago_md:n1564	d--------
αἰόλα	ai)o/la	αἰόλος	ai)o/los	urn:cite2:hmt:lsj.chicago_md:n2609	a-p---nn-
αἰόλα	ai)o/la	αἰόλος	ai)o/los	urn:cite2:hmt:lsj.chicago_md:n2609	a-p---nv-
αἰόλα	ai)o/la	αἰόλος	ai)o/los	urn:cite2:hmt:lsj.chicago_md:n2609	a-p---na-
αἰόλα	ai)o/la	αἰόλος	ai)o/los	urn:cite2:hmt:lsj.chicago_md:n2609	a-d---fn-
αἰόλα	ai)o/la	αἰόλος	ai)o/los	urn:cite2:hmt:lsj.chicago_md:n2609	a-d---fv-
αἰόλα	ai)o/la	αἰόλος	ai)o/los	urn:cite2:hmt:lsj.chicago_md:n2609	a-d---fa-
αἰόλα	ai)o/la	αἰόλος	ai)o/los	urn:cite2:hmt:lsj.chicago_md:n2609	a-s---fn-
αἰόλα	ai)o/la	αἰόλος	ai)o/los	urn:cite2:hmt:lsj.chicago_md:n2609	a-s---fv-
αἰόλος	ai)o/los	αἰόλος	ai)o/los	urn:cite2:hmt:lsj.chicago_md:n2609	a-s---mn-
αἰών	ai)w/n	αἰών	ai)w/n	urn:cite2:hmt:lsj.chicago_md:n2815	n-s---mn-
αἰών	ai)w/n	αἰών	ai)w/n	urn:cite2:hmt:lsj.chicago_md:n2815	n-s---mv-
αἰῶν’	ai)w=n'	αἰών	ai)w/n	urn:cite2:hmt:lsj.chicago_md:n2815	n-s---ma-
αἰῶν’	ai)w=n'	αἰών	ai)w/n	urn:cite2:hmt:lsj.chicago_md:n2815	n-s---md-
αἰῶν’	ai)w=n'	αἰών	ai)w/n	urn:cite2:hmt:lsj.chicago_md:n2815	n-d---mn-
αἰῶν’	ai)w=n'	αἰών	ai)w/n	urn:cite2:hmt:lsj.chicago_md:n2815	n-d---mv-
αἰῶν’	ai)w=n'	αἰών	ai)w/n	urn:cite2:hmt:lsj.chicago_md:n2815	n-d---ma-
αἱματηρά	ai(mathra/	αἱματηρός	ai(mathro/s	urn:cite2:hmt:lsj.chicago_md:n2412	a-p---nn-
αἱματηρά	ai(mathra/	αἱματηρός	ai(mathro/s	urn:cite2:hmt:lsj.chicago_md:n2412	a-p---nv-
αἱματηρά	ai(mathra/	αἱματηρός	ai(mathro/s	urn:cite2:hmt:lsj.chicago_md:n2412	a-p---na-
αἱματηρά	ai(mathra/	αἱματηρός	ai(mathro/s	urn:cite2:hmt:lsj.chicago_md:n2412	a-d---fn-
αἱματηρά	ai(mathra/	αἱματηρός	ai(mathro/s	urn:cite2:hmt:lsj.chicago_md:n2412	a-d---fv-
αἱματηρά	ai(mathra/	αἱματηρός	ai(mathro/s	urn:cite2:hmt:lsj.chicago_md:n2412	a-d---fa-
αἱματηρά	ai(mathra/	αἱματηρός	ai(mathro/s	urn:cite2:hmt:lsj.chicago_md:n2412	a-s---fn-
αἱματηρά	ai(mathra/	αἱματηρός	ai(mathro/s	urn:cite2:hmt:lsj.chicago_md:n2412	a-s---fv-
αἱματηρά	ai(mathra/	αἱματηρός	ai(mathro/s	urn:cite2:hmt:lsj.chicago_md:n2412	n-p---nn-
αἱματηρά	ai(mathra/	αἱματηρός	ai(mathro/s	urn:cite2:hmt:lsj.chicago_md:n2412	n-p---nv-
αἱματηρά	ai(mathra/	αἱματηρός	ai(mathro/s	urn:cite2:hmt:lsj.chicago_md:n2412	n-p---na-
αἴρεσθε	ai)/resqe	αἴρω	ai)/rw	urn:cite2:hmt:lsj.chicago_md:n2660	v2ppme---
αἴρεσθε	ai)/resqe	αἴρω	ai)/rw	urn:cite2:hmt:lsj.chicago_md:n2660	v2ppie---
αἴρεσθε	ai)/resqe	αἴρω	ai)/rw	urn:cite2:hmt:lsj.chicago_md:n2660	v2piie---
αἴρετ’	ai)/ret'	αἴρω	ai)/rw	urn:cite2:hmt:lsj.chicago_md:n2660	v2ppma---
αἴρετ’	ai)/ret'	αἴρω	ai)/rw	urn:cite2:hmt:lsj.chicago_md:n2660	v2ppia---
αἴρετ’	ai)/ret'	αἴρω	ai)/rw	urn:cite2:hmt:lsj.chicago_md:n2660	v3spie---
αἴρετ’	ai)/ret'	αἴρω	ai)/rw	urn:cite2:hmt:lsj.chicago_md:n2660	v3siie---
αἴρετ’	ai)/ret'	αἴρω	ai)/rw	urn:cite2:hmt:lsj.chicago_md:n2660	v2piia---
αἴτιον	ai)/tion	αἴτιος	ai)/tios	urn:cite2:hmt:lsj.chicago_md:n2777	a-s---ma-
αἴτιον	ai)/tion	αἴτιος	ai)/tios	urn:cite2:hmt:lsj.chicago_md:n2777	a-s---nn-
αἴτιον	ai)/tion	αἴτιος	ai)/tios	urn:cite2:hmt:lsj.chicago_md:n2777	a-s---nv-
αἴτιον	ai)/tion	αἴτιος	ai)/tios	urn:cite2:hmt:lsj.chicago_md:n2777	a-s---na-
αἴτιον	ai)/tion	αἴτιος	ai)/tios	urn:cite2:hmt:lsj.chicago_md:n2777	n-s---ma-
αἴτιον	ai)/tion	αἴτιος	ai)/tios	urn:cite2:hmt:lsj.chicago_md:n2777	n-s---fa-
αἴτιον	ai)/tion	αἴτιος	ai)/tios	urn:cite2:hmt:lsj.chicago_md:n2777	n-s---nn-
αἴτιον	ai)/tion	αἴτιος	ai)/tios	urn:cite2:hmt:lsj.chicago_md:n2777	n-s---nv-
αἴτιον	ai)/tion	αἴτιος	ai)/tios	urn:cite2:hmt:lsj.chicago_md:n2777	n-s---na-
αἴτιον	ai)/tion	αἰτέω	ai)te/w	urn:cite2:hmt:lsj.chicago_md:n2754	v3piia---
αἴτιον	ai)/tion	αἰτέω	ai)te/w	urn:cite2:hmt:lsj.chicago_md:n2754	v1siia---
αἵ	ai(/	ὁ	o(	urn:cite2:hmt:lsj.chicago_md:n71882	l-p---fn-
αἵ	ai(/	ὁ	o(	urn:cite2:hmt:lsj.chicago_md:n71882	l-p---fv-
αἵ	ai(/	ὅς	o(/s	urn:cite2:hmt:lsj.chicago_md:n75512	p-p---fn-
αἵ	ai(/	ὅς	o(/s	urn:cite2:hmt:lsj.chicago_md:n75513	p-p---fn-
αἵματος	ai(/matos	αἷμα	ai(=ma	urn:cite2:hmt:lsj.chicago_md:n2392	n-s---ng-
αἵματός	ai(/mato/s	αἷμα	ai(=ma	urn:cite2:hmt:lsj.chicago_md:n2392	n-s---ng-
αἶσαν	ai)=san	Αἶσα	*ai)=sa	urn:cite2:hmt:lsj.chicago_md:n2662	n-s---fa-
αἷμα	ai(=ma	αἷμα	ai(=ma	urn:cite2:hmt:lsj.chicago_md:n2392	n-s---nn-
αἷμα	ai(=ma	αἷμα	ai(=ma	urn:cite2:hmt:lsj.chicago_md:n2392	n-s---nv-
αἷμα	ai(=ma	αἷμα	ai(=ma	urn:cite2:hmt:lsj.chicago_md:n2392	n-s---na-
αἷμά	ai(=ma/	αἷμα	ai(=ma	urn:cite2:hmt:lsj.chicago_md:n2392	n-s---nn-
αἷμά	ai(=ma/	αἷμα	ai(=ma	urn:cite2:hmt:lsj.chicago_md:n2392	n-s---nv-
αἷμά	ai(=ma/	αἷμα	ai(=ma	urn:cite2:hmt:lsj.chicago_md:n2392	n-s---na-
αὐδηθείς	au)dhqei/s	αὐδάομαι	au)da/omai	urn:cite2:hmt:lsj.chicago_md:n17335	v-sapemn-
αὐδηθείς	au)dhqei/s	αὐδάομαι	au)da/omai	urn:cite2:hmt:lsj.chicago_md:n17335	v-sapemv-
αὐδηθείς	au)dhqei/s	αὐδάω	au)da/w	urn:cite2:hmt:lsj.chicago_md:n17335	v-sappmn-
αὐδηθείς	au)dhqei/s	αὐδάω	au)da/w	urn:cite2:hmt:lsj.chicago_md:n17335	v-sappmv-
αὐδῆσαί	au)dh=sai/	αὐδάω	au)da/w	urn:cite2:hmt:lsj.chicago_md:n17335	v--ana---
αὐθαίμων	au)qai/mwn	αὐθαίμων	au)qai/mwn	urn:cite2:hmt:lsj.chicago_md:n17359	n-p---mg-
αὐθαίμων	au)qai/mwn	αὐθαίμων	au)qai/mwn	urn:cite2:hmt:lsj.chicago_md:n17359	n-p---fg-
αὐθαίμων	au)qai/mwn	αὐθαίμων	au)qai/mwn	urn:cite2:hmt:lsj.chicago_md:n17359	n-p---ng-
αὐθαίμων	au)qai/mwn	αὐθαίμων	au)qai/mwn	urn:cite2:hmt:lsj.chicago_md:n17359	n-s---mn-
αὐθαίμων	au)qai/mwn	αὐθαίμων	au)qai/mwn	urn:cite2:hmt:lsj.chicago_md:n17359	n-s---fn-
αὐλαῖς	au)lai=s	αὐλή	au)lh/	urn:cite2:hmt:lsj.chicago_md:n17412	n-p---fd-
αὐλόν	au)lo/n	αὐλός	au)lo/s	urn:cite2:hmt:lsj.chicago_md:n17453	n-s---ma-
αὐλός	au)lo/s	αὐλός	au)lo/s	urn:cite2:hmt:lsj.chicago_md:n17453	n-s---mn-
αὐλῆς	au)lh=s	αὐλέω	au)le/w	urn:cite2:hmt:lsj.chicago_md:n17411	v2spia---
αὐλῆς	au)lh=s	αὐλή	au)lh/	urn:cite2:hmt:lsj.chicago_md:n17412	n-s---fg-
αὐλῶνος	au)lw=nos	αὐλών	au)lw/n	urn:cite2:hmt:lsj.chicago_md:n17465	n-s---mg-
αὐτοί	au)toi/	αὐτός	au)to/s	urn:cite2:hmt:lsj.chicago_md:n17907	n-p---mn-
αὐτοί	au)toi/	αὐτός	au)to/s	urn:cite2:hmt:lsj.chicago_md:n17907	n-p---mv-
αὐτοῖς	au)toi=s	αὐτός	au)to/s	urn:cite2:hmt:lsj.chicago_md:n17907	n-p---nd-
αὐτοῖς	au)toi=s	αὐτός	au)to/s	urn:cite2:hmt:lsj.chicago_md:n17907	n-p---md-
αὐτοῦ	au)tou=	αὐτός	au)to/s	urn:cite2:hmt:lsj.chicago_md:n17907	n-s---ng-
αὐτοῦ	au)tou=	αὐτός	au)to/s	urn:cite2:hmt:lsj.chicago_md:n17907	n-s---mg-
αὐτοῦ	au)tou=	αὐτοῦ	au)tou=	urn:cite2:hmt:lsj.chicago_md:n17975	d--------
αὐτά	au)ta/	αὐτός	au)to/s	urn:cite2:hmt:lsj.chicago_md:n17907	n-p---nn-
αὐτά	au)ta/	αὐτός	au)to/s	urn:cite2:hmt:lsj.chicago_md:n17907	n-p---nv-
αὐτά	au)ta/	αὐτός	au)to/s	urn:cite2:hmt:lsj.chicago_md:n17907	n-p---na-
αὐτά	au)ta/	αὐτός	au)to/s	urn:cite2:hmt:lsj.chicago_md:n17907	n-d---fn-
αὐτά	au)ta/	αὐτός	au)to/s	urn:cite2:hmt:lsj.chicago_md:n17907	n-d---fv-
αὐτά	au)ta/	αὐτός	au)to/s	urn:cite2:hmt:lsj.chicago_md:n17907	n-d---fa-
αὐτά	au)ta/	αὐτός	au)to/s	urn:cite2:hmt:lsj.chicago_md:n17907	n-s---fn-
αὐτά	au)ta/	αὐτός	au)to/s	urn:cite2:hmt:lsj.chicago_md:n17907	n-s---fv-
αὐτή	au)th/	αὐτός	au)to/s	urn:cite2:hmt:lsj.chicago_md:n17907	n-s---fn-
αὐτή	au)th/	αὐτός	au)to/s	urn:cite2:hmt:lsj.chicago_md:n17907	n-s---fv-
αὐτήν	au)th/n	αὐτός	au)to/s	urn:cite2:hmt:lsj.chicago_md:n17907	n-s---fa-
αὐτίκα	au)ti/ka	αὐτίκα	au)ti/ka	urn:cite2:hmt:lsj.chicago_md:n17595	d--------
αὐτίκ’	au)ti/k'	αὐτίκα	au)ti/ka	urn:cite2:hmt:lsj.chicago_md:n17595	d--------
αὐτόκλητος	au)to/klhtos	αὐτόκλητος	au)to/klhtos	urn:cite2:hmt:lsj.chicago_md:n17759	n-s---mn-
αὐτόκλητος	au)to/klhtos	αὐτόκλητος	au)to/klhtos	urn:cite2:hmt:lsj.chicago_md:n17759	n-s---fn-
αὐτόν	au)to/n	αὐτός	au)to/s	urn:cite2:hmt:lsj.chicago_md:n17907	n-s---ma-
αὐτόπαιδι	au)to/paidi	αὐτόπαις	au)to/pais	urn:cite2:hmt:lsj.chicago_md:n17852	n-s---md-
αὐτόπαιδι	au)to/paidi	αὐτόπαις	au)to/pais	urn:cite2:hmt:lsj.chicago_md:n17852	n-s---fd-
αὐτός	au)to/s	αὐτός	au)to/s	urn:cite2:hmt:lsj.chicago_md:n17907	n-s---mn-
αὐτόχειρα	au)to/xeira	αὐτόχειρ	au)to/xeir	urn:cite2:hmt:lsj.chicago_md:n18018	n-s---ma-
αὐτόχειρα	au)to/xeira	αὐτόχειρ	au)to/xeir	urn:cite2:hmt:lsj.chicago_md:n18018	n-s---fa-
αὐτόχειρα	au)to/xeira	αὐτόχειρος	au)to/xeiros	urn:cite2:hmt:lsj.chicago_md:n18023	n-p---nn-
αὐτόχειρα	au)to/xeira	αὐτόχειρος	au)to/xeiros	urn:cite2:hmt:lsj.chicago_md:n18023	n-p---nv-
αὐτόχειρα	au)to/xeira	αὐτόχειρος	au)to/xeiros	urn:cite2:hmt:lsj.chicago_md:n18023	n-p---na-
αὐτῆς	au)th=s	αὐτός	au)to/s	urn:cite2:hmt:lsj.chicago_md:n17907	n-s---fg-
αὐτῇ	au)th=|	αὐτός	au)to/s	urn:cite2:hmt:lsj.chicago_md:n17907	n-s---fd-
αὐτῶν	au)tw=n	αὐτός	au)to/s	urn:cite2:hmt:lsj.chicago_md:n17907	n-p---ng-
αὐτῶν	au)tw=n	αὐτός	au)to/s	urn:cite2:hmt:lsj.chicago_md:n17907	n-p---fg-
αὐτῶν	au)tw=n	αὐτός	au)to/s	urn:cite2:hmt:lsj.chicago_md:n17907	n-p---mg-
αὐτῷ	au)tw=|	αὐτός	au)to/s	urn:cite2:hmt:lsj.chicago_md:n17907	n-s---nd-
αὐτῷ	au)tw=|	αὐτός	au)to/s	urn:cite2:hmt:lsj.chicago_md:n17907	n-s---md-
αὑτοῦ	au(tou=	ἑαυτοῦ	e(autou=	urn:cite2:hmt:lsj.chicago_md:n29881	n-s---ng-
αὑτοῦ	au(tou=	ἑαυτοῦ	e(autou=	urn:cite2:hmt:lsj.chicago_md:n29881	n-s---mg-
αὑτήν	au(th/n	ἑαυτοῦ	e(autou=	urn:cite2:hmt:lsj.chicago_md:n29881	n-s---fa-
αὑτόν	au(to/n	ἑαυτοῦ	e(autou=	urn:cite2:hmt:lsj.chicago_md:n29881	n-s---ma-
αὑτῆς	au(th=s	ἑαυτοῦ	e(autou=	urn:cite2:hmt:lsj.chicago_md:n29881	n-s---fg-
αὑτῷ	au(tw=|	ἑαυτοῦ	e(autou=	urn:cite2:hmt:lsj.chicago_md:n29881	n-s---nd-
αὑτῷ	au(tw=|	ἑαυτοῦ	e(autou=	urn:cite2:hmt:lsj.chicago_md:n29881	n-s---md-
αὔξει	au)/cei	αὖξις	au)=cis	urn:cite2:hmt:lsj.chicago_md:n17494	n-d---fn-
αὔξει	au)/cei	αὖξις	au)=cis	urn:cite2:hmt:lsj.chicago_md:n17494	n-d---fv-
αὔξει	au)/cei	αὖξις	au)=cis	urn:cite2:hmt:lsj.chicago_md:n17494	n-d---fa-
αὔξει	au)/cei	αὖξις	au)=cis	urn:cite2:hmt:lsj.chicago_md:n17494	n-s---fd-
αὔξει	au)/cei	αὖξις	au)=cis	urn:cite2:hmt:lsj.chicago_md:n17494	n-s---fd-
αὔξει	au)/cei	αὐξάνω	au)ca/nw	urn:cite2:hmt:lsj.chicago_md:n17478	v2spie---
αὔξει	au)/cei	αὐξάνω	au)ca/nw	urn:cite2:hmt:lsj.chicago_md:n17478	v3spia---
αὔρα	au)/ra	αὔρα	au)/ra	urn:cite2:hmt:lsj.chicago_md:n17518	n-d---fn-
αὔρα	au)/ra	αὔρα	au)/ra	urn:cite2:hmt:lsj.chicago_md:n17518	n-d---fv-
αὔρα	au)/ra	αὔρα	au)/ra	urn:cite2:hmt:lsj.chicago_md:n17518	n-d---fa-
αὔρα	au)/ra	αὔρα	au)/ra	urn:cite2:hmt:lsj.chicago_md:n17518	n-s---fn-
αὔρα	au)/ra	αὔρα	au)/ra	urn:cite2:hmt:lsj.chicago_md:n17518	n-s---fv-
αὔριον	au)/rion	αὔριον	au)/rion	urn:cite2:hmt:lsj.chicago_md:n17525	d--------
αὕτη	au(/th	οὗτος	ou(=tos	urn:cite2:hmt:lsj.chicago_md:n76062	n-s---fn-
αὕτη	au(/th	οὗτος	ou(=tos	urn:cite2:hmt:lsj.chicago_md:n76062	n-s---fv-
αὖ	au)=	αὗ	au(=	urn:cite2:hmt:lsj.chicago_md:n17306	x--------
αὖ	au)=	αὖ	au)=	urn:cite2:hmt:lsj.chicago_md:n17306	d--------
αὖθις	au)=qis	αὖθις	au)=qis	urn:cite2:hmt:lsj.chicago_md:n17381	d--------
αὖθ’	au)=q'	αὖθι	au)=qi	urn:cite2:hmt:lsj.chicago_md:n17378	d--------
αὖθ’	au)=q'	αὖτε	au)=te	urn:cite2:hmt:lsj.chicago_md:n17568	d--------
αὗται	au(=tai	οὗτος	ou(=tos	urn:cite2:hmt:lsj.chicago_md:n76062	n-p---fn-
αὗται	au(=tai	οὗτος	ou(=tos	urn:cite2:hmt:lsj.chicago_md:n76062	n-p---fv-
βαθυρρίζου	baqurri/zou	βαθύρριζος	baqu/rrizos	urn:cite2:hmt:lsj.chicago_md:n19079	n-s---mg-
βαθυρρίζου	baqurri/zou	βαθύρριζος	baqu/rrizos	urn:cite2:hmt:lsj.chicago_md:n19079	n-s---fg-
βαθυρρίζου	baqurri/zou	βαθύρριζος	baqu/rrizos	urn:cite2:hmt:lsj.chicago_md:n19079	n-s---ng-
βαθύρρουν	baqu/rroun	βαθύρροος	baqu/rroos	urn:cite2:hmt:lsj.chicago_md:n19080	n-s---ma-
βαθύρρουν	baqu/rroun	βαθύρροος	baqu/rroos	urn:cite2:hmt:lsj.chicago_md:n19080	n-s---fa-
βαθύρρουν	baqu/rroun	βαθύρροος	baqu/rroos	urn:cite2:hmt:lsj.chicago_md:n19080	n-s---nn-
βαθύρρουν	baqu/rroun	βαθύρροος	baqu/rroos	urn:cite2:hmt:lsj.chicago_md:n19080	n-s---nv-
βαθύρρουν	baqu/rroun	βαθύρροος	baqu/rroos	urn:cite2:hmt:lsj.chicago_md:n19080	n-s---na-
βαιόν	baio/n	βαιός	baio/s	urn:cite2:hmt:lsj.chicago_md:n19125	a-s---ma-
βαιόν	baio/n	βαιός	baio/s	urn:cite2:hmt:lsj.chicago_md:n19125	a-s---nn-
βαιόν	baio/n	βαιός	baio/s	urn:cite2:hmt:lsj.chicago_md:n19125	a-s---nv-
βαιόν	baio/n	βαιός	baio/s	urn:cite2:hmt:lsj.chicago_md:n19125	a-s---na-
βακχίαν	bakxi/an	Βάκχειος	*ba/kxeios	urn:cite2:hmt:lsj.chicago_md:n19172	a-s---fa-
βαλόντ’	balo/nt'	βάλλω	ba/llw	urn:cite2:hmt:lsj.chicago_md:n19282	v-papann-
βαλόντ’	balo/nt'	βάλλω	ba/llw	urn:cite2:hmt:lsj.chicago_md:n19282	v-papanv-
βαλόντ’	balo/nt'	βάλλω	ba/llw	urn:cite2:hmt:lsj.chicago_md:n19282	v-papana-
βαλόντ’	balo/nt'	βάλλω	ba/llw	urn:cite2:hmt:lsj.chicago_md:n19282	v-sapama-
βαλόντ’	balo/nt'	βάλλω	ba/llw	urn:cite2:hmt:lsj.chicago_md:n19282	v-sapamd-
βαλόντ’	balo/nt'	βάλλω	ba/llw	urn:cite2:hmt:lsj.chicago_md:n19282	v-sapand-
βαλόντ’	balo/nt'	βάλλω	ba/llw	urn:cite2:hmt:lsj.chicago_md:n19282	v-dapamn-
βαλόντ’	balo/nt'	βάλλω	ba/llw	urn:cite2:hmt:lsj.chicago_md:n19282	v-dapamv-
βαλόντ’	balo/nt'	βάλλω	ba/llw	urn:cite2:hmt:lsj.chicago_md:n19282	v-dapama-
βαλόντ’	balo/nt'	βάλλω	ba/llw	urn:cite2:hmt:lsj.chicago_md:n19282	v-dapann-
βαλόντ’	balo/nt'	βάλλω	ba/llw	urn:cite2:hmt:lsj.chicago_md:n19282	v-dapanv-
βαλόντ’	balo/nt'	βάλλω	ba/llw	urn:cite2:hmt:lsj.chicago_md:n19282	v-dapana-
βαρβάρου	barba/rou	βάρβαρος	ba/rbaros	urn:cite2:hmt:lsj.chicago_md:n19346	n-s---mg-
βαρβάρου	barba/rou	βάρβαρος	ba/rbaros	urn:cite2:hmt:lsj.chicago_md:n19346	n-s---fg-
βαρβάρου	barba/rou	βάρβαρος	ba/rbaros	urn:cite2:hmt:lsj.chicago_md:n19346	n-s---ng-
βαρβάρου	barba/rou	βαρβαρόομαι	barbaro/omai	urn:cite2:hmt:lsj.chicago_md:n19351	v2spma---
βαρβάρου	barba/rou	βαρβαρόομαι	barbaro/omai	urn:cite2:hmt:lsj.chicago_md:n19351	v3siia---
βαρβάρῳ	barba/rw|	βάρβαρος	ba/rbaros	urn:cite2:hmt:lsj.chicago_md:n19346	n-s---md-
βαρβάρῳ	barba/rw|	βάρβαρος	ba/rbaros	urn:cite2:hmt:lsj.chicago_md:n19346	n-s---fd-
βαρβάρῳ	barba/rw|	βάρβαρος	ba/rbaros	urn:cite2:hmt:lsj.chicago_md:n19346	n-s---nd-
βαρεῖαν	barei=an	βαρύς	baru/s	urn:cite2:hmt:lsj.chicago_md:n19477	a-s---fa-
βαρύ	baru/	βαρύς	baru/s	urn:cite2:hmt:lsj.chicago_md:n19477	a-s---mv-
βαρύ	baru/	βαρύς	baru/s	urn:cite2:hmt:lsj.chicago_md:n19477	a-s---nn-
βαρύ	baru/	βαρύς	baru/s	urn:cite2:hmt:lsj.chicago_md:n19477	a-s---nv-
βαρύ	baru/	βαρύς	baru/s	urn:cite2:hmt:lsj.chicago_md:n19477	a-s---na-
βαρύν	baru/n	βαρύς	baru/s	urn:cite2:hmt:lsj.chicago_md:n19477	a-s---ma-
βαρύνομαι	baru/nomai	βαρύνω	baru/nw	urn:cite2:hmt:lsj.chicago_md:n19452	v1spie---
βαρύνομαι	baru/nomai	βαρύνω	baru/nw	urn:cite2:hmt:lsj.chicago_md:n19452	v1sasm---
βαρύς	baru/s	βαρύς	baru/s	urn:cite2:hmt:lsj.chicago_md:n19477	a-s---mn-
βασιλεύς	basileu/s	βασιλεύς	basileu/s	urn:cite2:hmt:lsj.chicago_md:n19546	n-s---mn-
βεβουλεῦσθαι	bebouleu=sqai	βουλεύω	bouleu/w	urn:cite2:hmt:lsj.chicago_md:n20598	v--rne---
βεβουλεῦσθαι	bebouleu=sqai	βουλεύω	bouleu/w	urn:cite2:hmt:lsj.chicago_md:n20598	v--rne---
βεβώς	bebw/s	βαίνω	bai/nw	urn:cite2:hmt:lsj.chicago_md:n19123	v-srpamn-
βεβώς	bebw/s	βαίνω	bai/nw	urn:cite2:hmt:lsj.chicago_md:n19123	v-srpamv-
βεβώς	bebw/s	βαίνω	bai/nw	urn:cite2:hmt:lsj.chicago_md:n19123	v-srpamn-
βεβᾶσι	beba=si	βαίνω	bai/nw	urn:cite2:hmt:lsj.chicago_md:n19123	v3pria---
βιότου	bio/tou	βίοτος	bi/otos	urn:cite2:hmt:lsj.chicago_md:n19986	n-s---mg-
βλεφάρων	blefa/rwn	βλέφαρον	ble/faron	urn:cite2:hmt:lsj.chicago_md:n20104	n-p---ng-
βλάβαν	bla/ban	βλάβη	bla/bh	urn:cite2:hmt:lsj.chicago_md:n20020	n-s---fa-
βλάστας	bla/stas	βλάστη	bla/sth	urn:cite2:hmt:lsj.chicago_md:n20053	n-p---fa-
βλάστας	bla/stas	βλάστη	bla/sth	urn:cite2:hmt:lsj.chicago_md:n20053	n-s---fg-
βλάστας	bla/stas	βλαστάω	blasta/w	urn:cite2:hmt:lsj.chicago_md:n20051	v2siia---
βλέπειν	ble/pein	βλέπω	ble/pw	urn:cite2:hmt:lsj.chicago_md:n20097	v--pna---
βλέπουσ’	ble/pous'	βλέπω	ble/pw	urn:cite2:hmt:lsj.chicago_md:n20097	v-sppafn-
βλέπουσ’	ble/pous'	βλέπω	ble/pw	urn:cite2:hmt:lsj.chicago_md:n20097	v-sppafv-
βλέπουσ’	ble/pous'	βλέπω	ble/pw	urn:cite2:hmt:lsj.chicago_md:n20097	v-pppamd-
βλέπουσ’	ble/pous'	βλέπω	ble/pw	urn:cite2:hmt:lsj.chicago_md:n20097	v-pppand-
βλέπουσ’	ble/pous'	βλέπω	ble/pw	urn:cite2:hmt:lsj.chicago_md:n20097	v3ppia---
βλέπουσ’	ble/pous'	βλέπω	ble/pw	urn:cite2:hmt:lsj.chicago_md:n20097	v-pppafn-
βλέπουσ’	ble/pous'	βλέπω	ble/pw	urn:cite2:hmt:lsj.chicago_md:n20097	v-pppafv-
βλέπω	ble/pw	βλέπω	ble/pw	urn:cite2:hmt:lsj.chicago_md:n20097	v1spsa---
βλέπω	ble/pw	βλέπω	ble/pw	urn:cite2:hmt:lsj.chicago_md:n20097	v1spia---
βλέφ’	ble/f'	βλέπω	ble/pw	urn:cite2:hmt:lsj.chicago_md:n20097	v2spma---
βλέφ’	ble/f'	βλέπω	ble/pw	urn:cite2:hmt:lsj.chicago_md:n20097	v3siia---
βλέψειας	ble/yeias	βλέπω	ble/pw	urn:cite2:hmt:lsj.chicago_md:n20097	v2saoa---
βλέψειεν	ble/yeien	βλέπω	ble/pw	urn:cite2:hmt:lsj.chicago_md:n20097	v3saoa---
βορέα	bore/a	Βορέας	*bore/as	urn:cite2:hmt:lsj.chicago_md:n20369	n-d---mn-
βορέα	bore/a	Βορέας	*bore/as	urn:cite2:hmt:lsj.chicago_md:n20370	n-d---mn-
βορέα	bore/a	Βορέας	*bore/as	urn:cite2:hmt:lsj.chicago_md:n20369	n-d---mv-
βορέα	bore/a	Βορέας	*bore/as	urn:cite2:hmt:lsj.chicago_md:n20370	n-d---mv-
βορέα	bore/a	Βορέας	*bore/as	urn:cite2:hmt:lsj.chicago_md:n20369	n-d---ma-
βορέα	bore/a	Βορέας	*bore/as	urn:cite2:hmt:lsj.chicago_md:n20370	n-d---ma-
βορέα	bore/a	Βορέας	*bore/as	urn:cite2:hmt:lsj.chicago_md:n20369	n-s---mv-
βορέα	bore/a	Βορέας	*bore/as	urn:cite2:hmt:lsj.chicago_md:n20370	n-s---mv-
βορέα	bore/a	Βορέας	*bore/as	urn:cite2:hmt:lsj.chicago_md:n20369	n-s---mg-
βορέα	bore/a	Βορέας	*bore/as	urn:cite2:hmt:lsj.chicago_md:n20370	n-s---mg-
βοσκήματα	boskh/mata	βόσκημα	bo/skhma	urn:cite2:hmt:lsj.chicago_md:n20407	n-p---nn-
βοσκήματα	boskh/mata	βόσκημα	bo/skhma	urn:cite2:hmt:lsj.chicago_md:n20407	n-p---nv-
βοσκήματα	boskh/mata	βόσκημα	bo/skhma	urn:cite2:hmt:lsj.chicago_md:n20407	n-p---na-
βοτοῦ	botou=	βοτέω	bote/w	urn:cite2:hmt:lsj.chicago_md:n20443	v2spme---
βοτοῦ	botou=	βοτέω	bote/w	urn:cite2:hmt:lsj.chicago_md:n20443	v2siie---
βοτοῦ	botou=	βοτόν	boto/n	urn:cite2:hmt:lsj.chicago_md:n20448	n-s---ng-
βουθερεῖ	bouqerei=	βουθερής	bouqerh/s	urn:cite2:hmt:lsj.chicago_md:n20518	n-d---mn-
βουθερεῖ	bouqerei=	βουθερής	bouqerh/s	urn:cite2:hmt:lsj.chicago_md:n20518	n-d---mv-
βουθερεῖ	bouqerei=	βουθερής	bouqerh/s	urn:cite2:hmt:lsj.chicago_md:n20518	n-d---ma-
βουθερεῖ	bouqerei=	βουθερής	bouqerh/s	urn:cite2:hmt:lsj.chicago_md:n20518	n-d---fn-
βουθερεῖ	bouqerei=	βουθερής	bouqerh/s	urn:cite2:hmt:lsj.chicago_md:n20518	n-d---fv-
βουθερεῖ	bouqerei=	βουθερής	bouqerh/s	urn:cite2:hmt:lsj.chicago_md:n20518	n-d---fa-
βουθερεῖ	bouqerei=	βουθερής	bouqerh/s	urn:cite2:hmt:lsj.chicago_md:n20518	n-d---nn-
βουθερεῖ	bouqerei=	βουθερής	bouqerh/s	urn:cite2:hmt:lsj.chicago_md:n20518	n-d---nv-
βουθερεῖ	bouqerei=	βουθερής	bouqerh/s	urn:cite2:hmt:lsj.chicago_md:n20518	n-d---na-
βουθερεῖ	bouqerei=	βουθερής	bouqerh/s	urn:cite2:hmt:lsj.chicago_md:n20518	n-s---md-
βουθερεῖ	bouqerei=	βουθερής	bouqerh/s	urn:cite2:hmt:lsj.chicago_md:n20518	n-s---fd-
βουθερεῖ	bouqerei=	βουθερής	bouqerh/s	urn:cite2:hmt:lsj.chicago_md:n20518	n-s---nd-
βουκόλων	bouko/lwn	βούκολος	bou/kolos	urn:cite2:hmt:lsj.chicago_md:n20563	n-p---mg-
βουκόλων	bouko/lwn	βουκόλος	bouko/los	urn:cite2:hmt:lsj.chicago_md:n20563	n-p---mg-
βουλεύμασιν	bouleu/masin	βούλευμα	bou/leuma	urn:cite2:hmt:lsj.chicago_md:n20586	n-p---nd-
βουλεύσασ’	bouleu/sas'	βουλεύω	bouleu/w	urn:cite2:hmt:lsj.chicago_md:n20598	v-sapafn-
βουλεύσασ’	bouleu/sas'	βουλεύω	bouleu/w	urn:cite2:hmt:lsj.chicago_md:n20598	v-sapafv-
βουλεύσασ’	bouleu/sas'	βουλεύω	bouleu/w	urn:cite2:hmt:lsj.chicago_md:n20598	v-papamd-
βουλεύσασ’	bouleu/sas'	βουλεύω	bouleu/w	urn:cite2:hmt:lsj.chicago_md:n20598	v-papand-
βουλεύσασ’	bouleu/sas'	βουλεύω	bouleu/w	urn:cite2:hmt:lsj.chicago_md:n20598	v-papafn-
βουλεύσασ’	bouleu/sas'	βουλεύω	bouleu/w	urn:cite2:hmt:lsj.chicago_md:n20598	v-papafv-
βοήν	boh/n	βοή	boh/	urn:cite2:hmt:lsj.chicago_md:n20200	n-s---fa-
βούλει	bou/lei	βούλομαι	bou/lomai	urn:cite2:hmt:lsj.chicago_md:n20621	v2spie---
βούλομαι	bou/lomai	βούλομαι	bou/lomai	urn:cite2:hmt:lsj.chicago_md:n20621	v1spie---
βούλου	bou/lou	βούλομαι	bou/lomai	urn:cite2:hmt:lsj.chicago_md:n20621	v2spme---
βούλου	bou/lou	βούλομαι	bou/lomai	urn:cite2:hmt:lsj.chicago_md:n20621	v2siie---
βούπρῳρος	bou/prw|ros	βούπρῳρος	bou/prw|ros	urn:cite2:hmt:lsj.chicago_md:n20665	n-s---mn-
βούπρῳρος	bou/prw|ros	βούπρῳρος	bou/prw|ros	urn:cite2:hmt:lsj.chicago_md:n20665	n-s---fn-
βοᾶτε	boa=te	βοάω	boa/w	urn:cite2:hmt:lsj.chicago_md:n20195	v2ppma---
βοᾶτε	boa=te	βοάω	boa/w	urn:cite2:hmt:lsj.chicago_md:n20195	v2ppsa---
βοᾶτε	boa=te	βοάω	boa/w	urn:cite2:hmt:lsj.chicago_md:n20195	v2ppia---
βοᾶτε	boa=te	βοάω	boa/w	urn:cite2:hmt:lsj.chicago_md:n20195	v2piia---
βοῦς	bou=s	βοῦς	bou=s	urn:cite2:hmt:lsj.chicago_md:n20674	n-p---ma-
βοῦς	bou=s	βοῦς	bou=s	urn:cite2:hmt:lsj.chicago_md:n20674	n-p---fa-
βοῦς	bou=s	βοῦς	bou=s	urn:cite2:hmt:lsj.chicago_md:n20674	n-p---mn-
βοῦς	bou=s	βοῦς	bou=s	urn:cite2:hmt:lsj.chicago_md:n20674	n-p---mv-
βοῦς	bou=s	βοῦς	bou=s	urn:cite2:hmt:lsj.chicago_md:n20674	n-p---fn-
βοῦς	bou=s	βοῦς	bou=s	urn:cite2:hmt:lsj.chicago_md:n20674	n-p---fv-
βοῦς	bou=s	βοῦς	bou=s	urn:cite2:hmt:lsj.chicago_md:n20674	n-s---mn-
βοῦς	bou=s	βοῦς	bou=s	urn:cite2:hmt:lsj.chicago_md:n20674	n-s---mv-
βοῦς	bou=s	βοῦς	bou=s	urn:cite2:hmt:lsj.chicago_md:n20674	n-s---fn-
βοῦς	bou=s	βοῦς	bou=s	urn:cite2:hmt:lsj.chicago_md:n20674	n-s---fv-
βοῶν	bow=n	βόα	bo/a	urn:cite2:hmt:lsj.chicago_md:n20179	n-p---fg-
βοῶν	bow=n	βόειος	bo/eios	urn:cite2:hmt:lsj.chicago_md:n20198	a-p---fg-
βοῶν	bow=n	βόειος	bo/eios	urn:cite2:hmt:lsj.chicago_md:n20198	a-p---mg-
βοῶν	bow=n	βόειος	bo/eios	urn:cite2:hmt:lsj.chicago_md:n20198	a-p---ng-
βοῶν	bow=n	βοάω	boa/w	urn:cite2:hmt:lsj.chicago_md:n20195	v-sppamv-
βοῶν	bow=n	βοάω	boa/w	urn:cite2:hmt:lsj.chicago_md:n20195	v-sppann-
βοῶν	bow=n	βοάω	boa/w	urn:cite2:hmt:lsj.chicago_md:n20195	v-sppanv-
βοῶν	bow=n	βοάω	boa/w	urn:cite2:hmt:lsj.chicago_md:n20195	v-sppana-
βοῶν	bow=n	βοάω	boa/w	urn:cite2:hmt:lsj.chicago_md:n20195	v-sppamn-
βοῶν	bow=n	βοάω	boa/w	urn:cite2:hmt:lsj.chicago_md:n20195	v-sppamn-
βοῶν	bow=n	βοή	boh/	urn:cite2:hmt:lsj.chicago_md:n20200	n-p---fg-
βοῶν	bow=n	βοόω	boo/w	urn:cite2:hmt:lsj.chicago_md:n20347	v-sppamv-
βοῶν	bow=n	βοόω	boo/w	urn:cite2:hmt:lsj.chicago_md:n20347	v-sppann-
βοῶν	bow=n	βοόω	boo/w	urn:cite2:hmt:lsj.chicago_md:n20347	v-sppanv-
βοῶν	bow=n	βοόω	boo/w	urn:cite2:hmt:lsj.chicago_md:n20347	v-sppana-
βοῶν	bow=n	βοόω	boo/w	urn:cite2:hmt:lsj.chicago_md:n20347	v-sppamn-
βοῶν	bow=n	βοόω	boo/w	urn:cite2:hmt:lsj.chicago_md:n20347	v--pna---
βοῶν	bow=n	βοῦς	bou=s	urn:cite2:hmt:lsj.chicago_md:n20674	n-p---mg-
βοῶν	bow=n	βοῦς	bou=s	urn:cite2:hmt:lsj.chicago_md:n20674	n-p---fg-
βραδεῖ	bradei=	βραδύς	bradu/s	urn:cite2:hmt:lsj.chicago_md:n20795	a-s---md-
βραδεῖ	bradei=	βραδύς	bradu/s	urn:cite2:hmt:lsj.chicago_md:n20795	a-s---nd-
βραδεῖς	bradei=s	βραδύς	bradu/s	urn:cite2:hmt:lsj.chicago_md:n20795	a-p---mn-
βραχεῖαν	braxei=an	βραχύς	braxu/s	urn:cite2:hmt:lsj.chicago_md:n20885	a-s---fa-
βραχίονες	braxi/ones	βραχίων	braxi/wn	urn:cite2:hmt:lsj.chicago_md:n20836	n-p---mn-
βραχίονες	braxi/ones	βραχίων	braxi/wn	urn:cite2:hmt:lsj.chicago_md:n20837	n-p---mn-
βραχίονες	braxi/ones	βραχίων	braxi/wn	urn:cite2:hmt:lsj.chicago_md:n20836	n-p---mv-
βραχίονες	braxi/ones	βραχίων	braxi/wn	urn:cite2:hmt:lsj.chicago_md:n20837	n-p---mv-
βραχίονες	braxi/ones	βραχύς	braxu/s	urn:cite2:hmt:lsj.chicago_md:n20885	a-p---mn-
βραχίονες	braxi/ones	βραχύς	braxu/s	urn:cite2:hmt:lsj.chicago_md:n20885	a-p---mv-
βραχίονες	braxi/ones	βραχύς	braxu/s	urn:cite2:hmt:lsj.chicago_md:n20885	a-p---fn-
βραχίονες	braxi/ones	βραχύς	braxu/s	urn:cite2:hmt:lsj.chicago_md:n20885	a-p---fv-
βραχίονες	braxi/ones	βραχύς	braxu/s	urn:cite2:hmt:lsj.chicago_md:n20885	a-p---mn-
βραχίονες	braxi/ones	βραχύς	braxu/s	urn:cite2:hmt:lsj.chicago_md:n20885	a-p---mv-
βραχίονες	braxi/ones	βραχύς	braxu/s	urn:cite2:hmt:lsj.chicago_md:n20885	a-p---fn-
βραχίονες	braxi/ones	βραχύς	braxu/s	urn:cite2:hmt:lsj.chicago_md:n20885	a-p---fv-
βραχύ	braxu/	βραχύς	braxu/s	urn:cite2:hmt:lsj.chicago_md:n20885	a-s---mv-
βραχύ	braxu/	βραχύς	braxu/s	urn:cite2:hmt:lsj.chicago_md:n20885	a-s---nn-
βραχύ	braxu/	βραχύς	braxu/s	urn:cite2:hmt:lsj.chicago_md:n20885	a-s---nv-
βραχύ	braxu/	βραχύς	braxu/s	urn:cite2:hmt:lsj.chicago_md:n20885	a-s---na-
βροτούς	brotou/s	βροτός	broto/s	urn:cite2:hmt:lsj.chicago_md:n21056	n-p---ma-
βροτοῖσιν	brotoi=sin	βροτός	broto/s	urn:cite2:hmt:lsj.chicago_md:n21056	n-p---md-
βροτῶν	brotw=n	βροτός	broto/s	urn:cite2:hmt:lsj.chicago_md:n21056	n-p---mg-
βρυχώμενον	bruxw/menon	βρυχάομαι	bruxa/omai	urn:cite2:hmt:lsj.chicago_md:n21133	v-sppema-
βρυχώμενον	bruxw/menon	βρυχάομαι	bruxa/omai	urn:cite2:hmt:lsj.chicago_md:n21133	v-sppenn-
βρυχώμενον	bruxw/menon	βρυχάομαι	bruxa/omai	urn:cite2:hmt:lsj.chicago_md:n21133	v-sppenv-
βρυχώμενον	bruxw/menon	βρυχάομαι	bruxa/omai	urn:cite2:hmt:lsj.chicago_md:n21133	v-sppena-
βρυχᾶτο	bruxa=to	βρυχάομαι	bruxa/omai	urn:cite2:hmt:lsj.chicago_md:n21133	v3siie---
βρύκει	bru/kei	βρύκω	bru/kw	urn:cite2:hmt:lsj.chicago_md:n21102	v2spie---
βρύκει	bru/kei	βρύκω	bru/kw	urn:cite2:hmt:lsj.chicago_md:n21102	v3spia---
βωμούς	bwmou/s	βωμός	bwmo/s	urn:cite2:hmt:lsj.chicago_md:n21335	n-p---ma-
βωμοῖσι	bwmoi=si	βωμός	bwmo/s	urn:cite2:hmt:lsj.chicago_md:n21335	n-p---md-
βωμῶν	bwmw=n	βωμός	bwmo/s	urn:cite2:hmt:lsj.chicago_md:n21335	n-p---mg-
βάλλουσαν	ba/llousan	βάλλω	ba/llw	urn:cite2:hmt:lsj.chicago_md:n19282	v-sppafa-
βάλοι	ba/loi	βάλλω	ba/llw	urn:cite2:hmt:lsj.chicago_md:n19282	v3saoa---
βάντ’	ba/nt'	βαίνω	bai/nw	urn:cite2:hmt:lsj.chicago_md:n19123	v-papann-
βάντ’	ba/nt'	βαίνω	bai/nw	urn:cite2:hmt:lsj.chicago_md:n19123	v-papanv-
βάντ’	ba/nt'	βαίνω	bai/nw	urn:cite2:hmt:lsj.chicago_md:n19123	v-papana-
βάντ’	ba/nt'	βαίνω	bai/nw	urn:cite2:hmt:lsj.chicago_md:n19123	v-sapama-
βάντ’	ba/nt'	βαίνω	bai/nw	urn:cite2:hmt:lsj.chicago_md:n19123	v-sapamd-
βάντ’	ba/nt'	βαίνω	bai/nw	urn:cite2:hmt:lsj.chicago_md:n19123	v-sapand-
βάντ’	ba/nt'	βαίνω	bai/nw	urn:cite2:hmt:lsj.chicago_md:n19123	v-dapamn-
βάντ’	ba/nt'	βαίνω	bai/nw	urn:cite2:hmt:lsj.chicago_md:n19123	v-dapamv-
βάντ’	ba/nt'	βαίνω	bai/nw	urn:cite2:hmt:lsj.chicago_md:n19123	v-dapama-
βάντ’	ba/nt'	βαίνω	bai/nw	urn:cite2:hmt:lsj.chicago_md:n19123	v-dapann-
βάντ’	ba/nt'	βαίνω	bai/nw	urn:cite2:hmt:lsj.chicago_md:n19123	v-dapanv-
βάντ’	ba/nt'	βαίνω	bai/nw	urn:cite2:hmt:lsj.chicago_md:n19123	v-dapana-
βάξιν	ba/cin	βάξις	ba/cis	urn:cite2:hmt:lsj.chicago_md:n19314	n-s---fa-
βάρος	ba/ros	βάρος	ba/ros	urn:cite2:hmt:lsj.chicago_md:n19381	n-s---nn-
βάρος	ba/ros	βάρος	ba/ros	urn:cite2:hmt:lsj.chicago_md:n19381	n-s---nv-
βάρος	ba/ros	βάρος	ba/ros	urn:cite2:hmt:lsj.chicago_md:n19381	n-s---na-
βάσιν	ba/sin	βάσις	ba/sis	urn:cite2:hmt:lsj.chicago_md:n19563	n-s---fa-
βάσις	ba/sis	βάσις	ba/sis	urn:cite2:hmt:lsj.chicago_md:n19563	n-p---fa-
βάσις	ba/sis	βάσις	ba/sis	urn:cite2:hmt:lsj.chicago_md:n19563	n-s---fn-
βέβαιον	be/baion	βέβαιος	be/baios	urn:cite2:hmt:lsj.chicago_md:n19719	a-s---ma-
βέβαιον	be/baion	βέβαιος	be/baios	urn:cite2:hmt:lsj.chicago_md:n19719	a-s---nn-
βέβαιον	be/baion	βέβαιος	be/baios	urn:cite2:hmt:lsj.chicago_md:n19719	a-s---nv-
βέβαιον	be/baion	βέβαιος	be/baios	urn:cite2:hmt:lsj.chicago_md:n19719	a-s---na-
βέβαιον	be/baion	βέβαιος	be/baios	urn:cite2:hmt:lsj.chicago_md:n19719	n-s---ma-
βέβαιον	be/baion	βέβαιος	be/baios	urn:cite2:hmt:lsj.chicago_md:n19719	n-s---fa-
βέβαιον	be/baion	βέβαιος	be/baios	urn:cite2:hmt:lsj.chicago_md:n19719	n-s---nn-
βέβαιον	be/baion	βέβαιος	be/baios	urn:cite2:hmt:lsj.chicago_md:n19719	n-s---nv-
βέβαιον	be/baion	βέβαιος	be/baios	urn:cite2:hmt:lsj.chicago_md:n19719	n-s---na-
βέβακε	be/bake	βάζω	ba/zw	urn:cite2:hmt:lsj.chicago_md:n18996	v2srma---
βέβακε	be/bake	βάζω	ba/zw	urn:cite2:hmt:lsj.chicago_md:n18996	v3sria---
βέβακε	be/bake	βαίνω	bai/nw	urn:cite2:hmt:lsj.chicago_md:n19123	v2srma---
βέβακε	be/bake	βαίνω	bai/nw	urn:cite2:hmt:lsj.chicago_md:n19123	v3sria---
βέβακεν	be/baken	βάζω	ba/zw	urn:cite2:hmt:lsj.chicago_md:n18996	v3sria---
βέβακεν	be/baken	βάζω	ba/zw	urn:cite2:hmt:lsj.chicago_md:n18996	v3plia---
βέβακεν	be/baken	βαίνω	bai/nw	urn:cite2:hmt:lsj.chicago_md:n19123	v3sria---
βέβηκε	be/bhke	βαίνω	bai/nw	urn:cite2:hmt:lsj.chicago_md:n19123	v2srma---
βέβηκε	be/bhke	βαίνω	bai/nw	urn:cite2:hmt:lsj.chicago_md:n19123	v3sria---
βέβηκεν	be/bhken	βαίνω	bai/nw	urn:cite2:hmt:lsj.chicago_md:n19123	v3sria---
βέβηκεν	be/bhken	βαίνω	bai/nw	urn:cite2:hmt:lsj.chicago_md:n19123	v3plia---
βέβρυχα	be/bruxa	βρυχάομαι	bruxa/omai	urn:cite2:hmt:lsj.chicago_md:n21133	v1sria---
βέβρωκε	be/brwke	βιβρώσκω	bibrw/skw	urn:cite2:hmt:lsj.chicago_md:n19926	v2srma---
βέβρωκε	be/brwke	βιβρώσκω	bibrw/skw	urn:cite2:hmt:lsj.chicago_md:n19926	v3sria---
βέλεος	be/leos	βέλος	be/los	urn:cite2:hmt:lsj.chicago_md:n19775	n-s---ng-
βέλη	be/lh	βέλος	be/los	urn:cite2:hmt:lsj.chicago_md:n19775	n-p---nn-
βέλη	be/lh	βέλος	be/los	urn:cite2:hmt:lsj.chicago_md:n19775	n-p---nv-
βέλη	be/lh	βέλος	be/los	urn:cite2:hmt:lsj.chicago_md:n19775	n-p---na-
βέλη	be/lh	βέλος	be/los	urn:cite2:hmt:lsj.chicago_md:n19775	n-d---nn-
βέλη	be/lh	βέλος	be/los	urn:cite2:hmt:lsj.chicago_md:n19775	n-d---nv-
βέλη	be/lh	βέλος	be/los	urn:cite2:hmt:lsj.chicago_md:n19775	n-d---na-
βέλος	be/los	βέλος	be/los	urn:cite2:hmt:lsj.chicago_md:n19775	n-s---nn-
βέλος	be/los	βέλος	be/los	urn:cite2:hmt:lsj.chicago_md:n19775	n-s---nv-
βέλος	be/los	βέλος	be/los	urn:cite2:hmt:lsj.chicago_md:n19775	n-s---na-
βία	bi/a	βία	bi/a	urn:cite2:hmt:lsj.chicago_md:n19870	n-d---fn-
βία	bi/a	βία	bi/a	urn:cite2:hmt:lsj.chicago_md:n19870	n-d---fv-
βία	bi/a	βία	bi/a	urn:cite2:hmt:lsj.chicago_md:n19870	n-d---fa-
βία	bi/a	βία	bi/a	urn:cite2:hmt:lsj.chicago_md:n19870	n-s---fn-
βία	bi/a	βία	bi/a	urn:cite2:hmt:lsj.chicago_md:n19870	n-s---fv-
βία	bi/a	βιάω	bia/w	urn:cite2:hmt:lsj.chicago_md:n19891	v2spma---
βία	bi/a	βιάω	bia/w	urn:cite2:hmt:lsj.chicago_md:n19891	v3siia---
βίαν	bi/an	βία	bi/a	urn:cite2:hmt:lsj.chicago_md:n19870	n-s---fa-
βίαν	bi/an	βιάω	bia/w	urn:cite2:hmt:lsj.chicago_md:n19891	v3piia---
βίαν	bi/an	βιάω	bia/w	urn:cite2:hmt:lsj.chicago_md:n19891	v1siia---
βίαν	bi/an	βιάω	bia/w	urn:cite2:hmt:lsj.chicago_md:n19891	v3piia---
βίαν	bi/an	βιάω	bia/w	urn:cite2:hmt:lsj.chicago_md:n19891	v1siia---
βίον	bi/on	βίος	bi/os	urn:cite2:hmt:lsj.chicago_md:n19972	n-s---ma-
βίον	bi/on	βιόω	bio/w	urn:cite2:hmt:lsj.chicago_md:n19992	v3paia---
βίοτον	bi/oton	βίοτος	bi/otos	urn:cite2:hmt:lsj.chicago_md:n19986	n-s---ma-
βίου	bi/ou	βίος	bi/os	urn:cite2:hmt:lsj.chicago_md:n19972	n-s---mg-
βίου	bi/ou	βιόω	bio/w	urn:cite2:hmt:lsj.chicago_md:n19992	v2spma---
βίου	bi/ou	βιόω	bio/w	urn:cite2:hmt:lsj.chicago_md:n19992	v2siie---
βίου	bi/ou	βιόω	bio/w	urn:cite2:hmt:lsj.chicago_md:n19992	v3siia---
βίᾳ	bi/a|	βία	bi/a	urn:cite2:hmt:lsj.chicago_md:n19870	n-p---fn-
βίᾳ	bi/a|	βία	bi/a	urn:cite2:hmt:lsj.chicago_md:n19870	n-p---fv-
βίᾳ	bi/a|	βία	bi/a	urn:cite2:hmt:lsj.chicago_md:n19870	n-s---fd-
βίῳ	bi/w|	βίος	bi/os	urn:cite2:hmt:lsj.chicago_md:n19972	n-s---md-
βόσκεται	bo/sketai	βόσκω	bo/skw	urn:cite2:hmt:lsj.chicago_md:n20413	v3sfim---
βόσκεται	bo/sketai	βόσκω	bo/skw	urn:cite2:hmt:lsj.chicago_md:n20413	v3spie---
βᾶσ’	ba=s'	βάζω	ba/zw	urn:cite2:hmt:lsj.chicago_md:n18996	v-sfpafn-
βᾶσ’	ba=s'	βάζω	ba/zw	urn:cite2:hmt:lsj.chicago_md:n18996	v-sfpafv-
βᾶσ’	ba=s'	βάζω	ba/zw	urn:cite2:hmt:lsj.chicago_md:n18996	v-pfpamd-
βᾶσ’	ba=s'	βάζω	ba/zw	urn:cite2:hmt:lsj.chicago_md:n18996	v-pfpand-
βᾶσ’	ba=s'	βάζω	ba/zw	urn:cite2:hmt:lsj.chicago_md:n18996	v-pfpafn-
βᾶσ’	ba=s'	βάζω	ba/zw	urn:cite2:hmt:lsj.chicago_md:n18996	v-pfpafv-
βᾶσ’	ba=s'	βαίνω	bai/nw	urn:cite2:hmt:lsj.chicago_md:n19123	v-sapafn-
βᾶσ’	ba=s'	βαίνω	bai/nw	urn:cite2:hmt:lsj.chicago_md:n19123	v-sapafv-
βᾶσ’	ba=s'	βαίνω	bai/nw	urn:cite2:hmt:lsj.chicago_md:n19123	v-papamd-
βᾶσ’	ba=s'	βαίνω	bai/nw	urn:cite2:hmt:lsj.chicago_md:n19123	v-papand-
βᾶσ’	ba=s'	βαίνω	bai/nw	urn:cite2:hmt:lsj.chicago_md:n19123	v-papafn-
βᾶσ’	ba=s'	βαίνω	bai/nw	urn:cite2:hmt:lsj.chicago_md:n19123	v-papafv-
βᾶσ’	ba=s'	βαίνω	bai/nw	urn:cite2:hmt:lsj.chicago_md:n19123	v--ana---
βᾶσ’	ba=s'	βαίνω	bai/nw	urn:cite2:hmt:lsj.chicago_md:n19123	v1saia---
βᾶσ’	ba=s'	βαίνω	bai/nw	urn:cite2:hmt:lsj.chicago_md:n19123	v3saia---
βῆναι	bh=nai	βαίνω	bai/nw	urn:cite2:hmt:lsj.chicago_md:n19123	v--ana---
γαίας	gai/as	γαῖα	gai=a	urn:cite2:hmt:lsj.chicago_md:n21401	n-p---fa-
γαίας	gai/as	γαῖα	gai=a	urn:cite2:hmt:lsj.chicago_md:n21401	n-s---fg-
γαίας	gai/as	γαῖα	gai=a	urn:cite2:hmt:lsj.chicago_md:n21401	n-p---fa-
γαίας	gai/as	γαῖα	gai=a	urn:cite2:hmt:lsj.chicago_md:n21401	n-s---fg-
γαῖαν	gai=an	γαῖα	gai=a	urn:cite2:hmt:lsj.chicago_md:n21401	n-s---fa-
γε	ge	γε	ge	urn:cite2:hmt:lsj.chicago_md:n21705	g--------
γεγώς	gegw/s	γίγνομαι	gi/gnomai	urn:cite2:hmt:lsj.chicago_md:n22209	v-srpamn-
γεγώς	gegw/s	γίγνομαι	gi/gnomai	urn:cite2:hmt:lsj.chicago_md:n22209	v-srpamv-
γενειάδος	geneia/dos	γενειάς	geneia/s	urn:cite2:hmt:lsj.chicago_md:n21854	n-s---fg-
γενναία	gennai/a	γενναῖος	gennai=os	urn:cite2:hmt:lsj.chicago_md:n21899	a-d---fn-
γενναία	gennai/a	γενναῖος	gennai=os	urn:cite2:hmt:lsj.chicago_md:n21899	a-d---fv-
γενναία	gennai/a	γενναῖος	gennai=os	urn:cite2:hmt:lsj.chicago_md:n21899	a-d---fa-
γενναία	gennai/a	γενναῖος	gennai=os	urn:cite2:hmt:lsj.chicago_md:n21899	a-s---fn-
γενναία	gennai/a	γενναῖος	gennai=os	urn:cite2:hmt:lsj.chicago_md:n21899	a-s---fv-
γενοῦ	genou=	γίγνομαι	gi/gnomai	urn:cite2:hmt:lsj.chicago_md:n22209	v2samm---
γενέσθαι	gene/sqai	γίγνομαι	gi/gnomai	urn:cite2:hmt:lsj.chicago_md:n22209	v--anm---
γενήσεται	genh/setai	γίγνομαι	gi/gnomai	urn:cite2:hmt:lsj.chicago_md:n22209	v3sfim---
γεραιά	geraia/	γεραιός	geraio/s	urn:cite2:hmt:lsj.chicago_md:n21936	a-p---nn-
γεραιά	geraia/	γεραιός	geraio/s	urn:cite2:hmt:lsj.chicago_md:n21936	a-p---nv-
γεραιά	geraia/	γεραιός	geraio/s	urn:cite2:hmt:lsj.chicago_md:n21936	a-p---na-
γεραιά	geraia/	γεραιός	geraio/s	urn:cite2:hmt:lsj.chicago_md:n21936	a-d---fn-
γεραιά	geraia/	γεραιός	geraio/s	urn:cite2:hmt:lsj.chicago_md:n21936	a-d---fv-
γεραιά	geraia/	γεραιός	geraio/s	urn:cite2:hmt:lsj.chicago_md:n21936	a-d---fa-
γεραιά	geraia/	γεραιός	geraio/s	urn:cite2:hmt:lsj.chicago_md:n21936	a-s---fn-
γεραιά	geraia/	γεραιός	geraio/s	urn:cite2:hmt:lsj.chicago_md:n21936	a-s---fv-
γεραιέ	geraie/	γεραιός	geraio/s	urn:cite2:hmt:lsj.chicago_md:n21936	a-s---mv-
γείτονάς	gei/tona/s	γείτων	gei/twn	urn:cite2:hmt:lsj.chicago_md:n21765	n-p---ma-
γείτονάς	gei/tona/s	γείτων	gei/twn	urn:cite2:hmt:lsj.chicago_md:n21765	n-p---fa-
γηγενής	ghgenh/s	γηγενής	ghgenh/s	urn:cite2:hmt:lsj.chicago_md:n22102	n-s---mn-
γηγενής	ghgenh/s	γηγενής	ghgenh/s	urn:cite2:hmt:lsj.chicago_md:n22102	n-s---fn-
γλαυκῆς	glaukh=s	γλαυκός	glauko/s	urn:cite2:hmt:lsj.chicago_md:n22257	a-s---fg-
γλωχῖνι	glwxi=ni	γλωχίν	glwxi/n	urn:cite2:hmt:lsj.chicago_md:n22463	n-s---fd-
γλώσσης	glw/sshs	γλῶσσα	glw=ssa	urn:cite2:hmt:lsj.chicago_md:n22425	n-s---fg-
γλώσσης	glw/sshs	γλῶσσα	glw=ssa	urn:cite2:hmt:lsj.chicago_md:n22425	n-s---fg-
γλῶσσαν	glw=ssan	γλῶσσα	glw=ssa	urn:cite2:hmt:lsj.chicago_md:n22425	n-s---fa-
γνοίης	gnoi/hs	γιγνώσκω	gignw/skw	urn:cite2:hmt:lsj.chicago_md:n22210	v2saoa---
γνώμαισι	gnw/maisi	γνώμη	gnw/mh	urn:cite2:hmt:lsj.chicago_md:n22502	n-p---fd-
γνώμας	gnw/mas	γνώμη	gnw/mh	urn:cite2:hmt:lsj.chicago_md:n22502	n-p---fa-
γνώμας	gnw/mas	γνώμη	gnw/mh	urn:cite2:hmt:lsj.chicago_md:n22502	n-s---fg-
γνώμης	gnw/mhs	γνώμη	gnw/mh	urn:cite2:hmt:lsj.chicago_md:n22502	n-s---fg-
γνῶμα	gnw=ma	γνῶμα	gnw=ma	urn:cite2:hmt:lsj.chicago_md:n22497	n-s---nn-
γνῶμα	gnw=ma	γνῶμα	gnw=ma	urn:cite2:hmt:lsj.chicago_md:n22497	n-s---nv-
γνῶμα	gnw=ma	γνῶμα	gnw=ma	urn:cite2:hmt:lsj.chicago_md:n22497	n-s---na-
γοωμένην	gowme/nhn	γοάω	goa/w	urn:cite2:hmt:lsj.chicago_md:n22549	v-sppefa-
γοώμενος	gow/menos	γοάω	goa/w	urn:cite2:hmt:lsj.chicago_md:n22549	v-sppemn-
γοῦν	gou=n	γοῦν	gou=n	urn:cite2:hmt:lsj.chicago_md:n22708	g--------
γραφήν	grafh/n	γραφή	grafh/	urn:cite2:hmt:lsj.chicago_md:n22814	n-s---fa-
γραφήν	grafh/n	γραφής	grafh/s	urn:cite2:hmt:lsj.chicago_md:n22816	n-s---ma-
γραῖα	grai=a	γραῖα	grai=a	urn:cite2:hmt:lsj.chicago_md:n22728	n-s---fn-
γραῖα	grai=a	γραῖα	grai=a	urn:cite2:hmt:lsj.chicago_md:n22728	n-s---fv-
γυναικεία	gunaikei/a	γυναικεῖος	gunaikei=os	urn:cite2:hmt:lsj.chicago_md:n23011	a-d---fn-
γυναικεία	gunaikei/a	γυναικεῖος	gunaikei=os	urn:cite2:hmt:lsj.chicago_md:n23011	a-d---fv-
γυναικεία	gunaikei/a	γυναικεῖος	gunaikei=os	urn:cite2:hmt:lsj.chicago_md:n23011	a-d---fa-
γυναικεία	gunaikei/a	γυναικεῖος	gunaikei=os	urn:cite2:hmt:lsj.chicago_md:n23011	a-s---fn-
γυναικεία	gunaikei/a	γυναικεῖος	gunaikei=os	urn:cite2:hmt:lsj.chicago_md:n23011	a-s---fv-
γυναικί	gunaiki/	γυνή	gunh/	urn:cite2:hmt:lsj.chicago_md:n23069	n-s---fd-
γυναικῶν	gunaikw=n	γυναικόω	gunaiko/w	urn:cite2:hmt:lsj.chicago_md:n23062	v-sppamv-
γυναικῶν	gunaikw=n	γυναικόω	gunaiko/w	urn:cite2:hmt:lsj.chicago_md:n23062	v-sppann-
γυναικῶν	gunaikw=n	γυναικόω	gunaiko/w	urn:cite2:hmt:lsj.chicago_md:n23062	v-sppanv-
γυναικῶν	gunaikw=n	γυναικόω	gunaiko/w	urn:cite2:hmt:lsj.chicago_md:n23062	v-sppana-
γυναικῶν	gunaikw=n	γυναικόω	gunaiko/w	urn:cite2:hmt:lsj.chicago_md:n23062	v-sppamn-
γυναικῶν	gunaikw=n	γυναικόω	gunaiko/w	urn:cite2:hmt:lsj.chicago_md:n23062	v--pna---
γυναικῶν	gunaikw=n	γυνή	gunh/	urn:cite2:hmt:lsj.chicago_md:n23069	n-p---fg-
γυναῖκα	gunai=ka	γυνή	gunh/	urn:cite2:hmt:lsj.chicago_md:n23069	n-s---fa-
γυναῖκες	gunai=kes	γυνή	gunh/	urn:cite2:hmt:lsj.chicago_md:n23069	n-p---fn-
γυναῖκες	gunai=kes	γυνή	gunh/	urn:cite2:hmt:lsj.chicago_md:n23069	n-p---fv-
γυνή	gunh/	γυνή	gunh/	urn:cite2:hmt:lsj.chicago_md:n23069	n-s---fn-
γάμον	ga/mon	γάμος	ga/mos	urn:cite2:hmt:lsj.chicago_md:n21578	n-s---ma-
γάμους	ga/mous	γάμος	ga/mos	urn:cite2:hmt:lsj.chicago_md:n21578	n-p---ma-
γάμων	ga/mwn	γάμος	ga/mos	urn:cite2:hmt:lsj.chicago_md:n21578	n-p---mg-
γάρ	ga/r	γάρ	ga/r	urn:cite2:hmt:lsj.chicago_md:n21618	g--------
γέ	ge/	γε	ge	urn:cite2:hmt:lsj.chicago_md:n21705	g--------
γένεσιν	ge/nesin	γένεσις	ge/nesis	urn:cite2:hmt:lsj.chicago_md:n21872	n-s---fa-
γένεσιν	ge/nesin	γένος	ge/nos	urn:cite2:hmt:lsj.chicago_md:n21920	n-p---nd-
γέννημα	ge/nnhma	γέννημα	ge/nnhma	urn:cite2:hmt:lsj.chicago_md:n21904	n-s---nn-
γέννημα	ge/nnhma	γέννημα	ge/nnhma	urn:cite2:hmt:lsj.chicago_md:n21904	n-s---nv-
γέννημα	ge/nnhma	γέννημα	ge/nnhma	urn:cite2:hmt:lsj.chicago_md:n21904	n-s---na-
γένοιντ’	ge/noint'	γίγνομαι	gi/gnomai	urn:cite2:hmt:lsj.chicago_md:n22209	v3paom---
γένοιτ’	ge/noit'	γίγνομαι	gi/gnomai	urn:cite2:hmt:lsj.chicago_md:n22209	v3saom---
γέρον	ge/ron	γέρων	ge/rwn	urn:cite2:hmt:lsj.chicago_md:n22019	n-s---mv-
γέροντος	ge/rontos	γέρων	ge/rwn	urn:cite2:hmt:lsj.chicago_md:n22019	n-s---mg-
γίγνεται	gi/gnetai	γίγνομαι	gi/gnomai	urn:cite2:hmt:lsj.chicago_md:n22209	v3spie---
γόνον	go/non	γόνος	go/nos	urn:cite2:hmt:lsj.chicago_md:n22658	n-s---ma-
γόνον	go/non	γόνος	go/nos	urn:cite2:hmt:lsj.chicago_md:n22658	n-s---fa-
γόνος	go/nos	γόνος	go/nos	urn:cite2:hmt:lsj.chicago_md:n22658	n-s---mn-
γόνος	go/nos	γόνος	go/nos	urn:cite2:hmt:lsj.chicago_md:n22658	n-s---fn-
γόου	go/ou	γόος	go/os	urn:cite2:hmt:lsj.chicago_md:n22673	n-s---mg-
γόου	go/ou	γοάω	goa/w	urn:cite2:hmt:lsj.chicago_md:n22549	v2saim---
γύναι	gu/nai	γυνή	gunh/	urn:cite2:hmt:lsj.chicago_md:n23069	n-s---fv-
γᾶς	ga=s	Γαῖα	*gai=a	urn:cite2:hmt:lsj.chicago_md:n21401	n-p---fa-
γᾶς	ga=s	Γαῖα	*gai=a	urn:cite2:hmt:lsj.chicago_md:n21401	n-s---fg-
γᾶς	ga=s	γῆ	gh=	urn:cite2:hmt:lsj.chicago_md:n22100	n-p---fa-
γᾶς	ga=s	γῆ	gh=	urn:cite2:hmt:lsj.chicago_md:n22100	n-s---fg-
γῄτης	gh/|ths	γηίτης	ghi/ths	urn:cite2:hmt:lsj.chicago_md:n22116	n-s---mn-
γῆν	gh=n	Γαῖα	*gai=a	urn:cite2:hmt:lsj.chicago_md:n21401	n-s---fa-
γῆν	gh=n	γῆ	gh=	urn:cite2:hmt:lsj.chicago_md:n22100	n-s---fa-
γῆς	gh=s	Γαῖα	*gai=a	urn:cite2:hmt:lsj.chicago_md:n21401	n-s---fg-
γῆς	gh=s	γῆ	gh=	urn:cite2:hmt:lsj.chicago_md:n22100	n-s---fg-
δακρυρροεῖ	dakrurroei=	δακρυρροέω	dakrurroe/w	urn:cite2:hmt:lsj.chicago_md:n23297	v2spie---
δακρυρροεῖ	dakrurroei=	δακρυρροέω	dakrurroe/w	urn:cite2:hmt:lsj.chicago_md:n23297	v3spia---
δακρυρροοῦντα	dakrurroou=nta	δακρυρροέω	dakrurroe/w	urn:cite2:hmt:lsj.chicago_md:n23297	v-pppann-
δακρυρροοῦντα	dakrurroou=nta	δακρυρροέω	dakrurroe/w	urn:cite2:hmt:lsj.chicago_md:n23297	v-pppanv-
δακρυρροοῦντα	dakrurroou=nta	δακρυρροέω	dakrurroe/w	urn:cite2:hmt:lsj.chicago_md:n23297	v-pppana-
δακρυρροοῦντα	dakrurroou=nta	δακρυρροέω	dakrurroe/w	urn:cite2:hmt:lsj.chicago_md:n23297	v-sppama-
δακρύων	dakru/wn	δάκρυον	da/kruon	urn:cite2:hmt:lsj.chicago_md:n23292	n-p---ng-
δακρύων	dakru/wn	δάκρυον	da/kruon	urn:cite2:hmt:lsj.chicago_md:n23292	n-p---ng-
δακρύων	dakru/wn	δακρύω	dakru/w	urn:cite2:hmt:lsj.chicago_md:n23304	v-sppamn-
δακών	dakw/n	δάκνω	da/knw	urn:cite2:hmt:lsj.chicago_md:n23283	v-sapamn-
δαμείη	damei/h	δαμάζω	dama/zw	urn:cite2:hmt:lsj.chicago_md:n23350	v3saop---
δαρόν	daro/n	δηρός	dhro/s	urn:cite2:hmt:lsj.chicago_md:n24503	a-s---ma-
δαρόν	daro/n	δηρός	dhro/s	urn:cite2:hmt:lsj.chicago_md:n24503	a-s---nn-
δαρόν	daro/n	δηρός	dhro/s	urn:cite2:hmt:lsj.chicago_md:n24503	a-s---nv-
δαρόν	daro/n	δηρός	dhro/s	urn:cite2:hmt:lsj.chicago_md:n24503	a-s---na-
δασκίου	daski/ou	δάσκιος	da/skios	urn:cite2:hmt:lsj.chicago_md:n23487	n-s---mg-
δασκίου	daski/ou	δάσκιος	da/skios	urn:cite2:hmt:lsj.chicago_md:n23487	n-s---fg-
δασκίου	daski/ou	δάσκιος	da/skios	urn:cite2:hmt:lsj.chicago_md:n23487	n-s---ng-
δασυστέρνου	dasuste/rnou	δασύστερνος	dasu/sternos	urn:cite2:hmt:lsj.chicago_md:n23530	n-s---mg-
δασυστέρνου	dasuste/rnou	δασύστερνος	dasu/sternos	urn:cite2:hmt:lsj.chicago_md:n23530	n-s---fg-
δασυστέρνου	dasuste/rnou	δασύστερνος	dasu/sternos	urn:cite2:hmt:lsj.chicago_md:n23530	n-s---ng-
δαίμονες	dai/mones	δαίμων	dai/mwn	urn:cite2:hmt:lsj.chicago_md:n23242	n-p---mn-
δαίμονες	dai/mones	δαίμων	dai/mwn	urn:cite2:hmt:lsj.chicago_md:n23242	n-p---mv-
δαίμονες	dai/mones	δαίμων	dai/mwn	urn:cite2:hmt:lsj.chicago_md:n23242	n-p---fn-
δαίμονες	dai/mones	δαίμων	dai/mwn	urn:cite2:hmt:lsj.chicago_md:n23242	n-p---fv-
δαίμον’	dai/mon'	δαίμων	dai/mwn	urn:cite2:hmt:lsj.chicago_md:n23242	n-s---ma-
δαίμον’	dai/mon'	δαίμων	dai/mwn	urn:cite2:hmt:lsj.chicago_md:n23242	n-s---fa-
δαίμον’	dai/mon'	δαίμων	dai/mwn	urn:cite2:hmt:lsj.chicago_md:n23242	n-s---md-
δαίμον’	dai/mon'	δαίμων	dai/mwn	urn:cite2:hmt:lsj.chicago_md:n23242	n-s---fd-
δαίμον’	dai/mon'	δαίμων	dai/mwn	urn:cite2:hmt:lsj.chicago_md:n23242	n-d---mn-
δαίμον’	dai/mon'	δαίμων	dai/mwn	urn:cite2:hmt:lsj.chicago_md:n23242	n-d---mv-
δαίμον’	dai/mon'	δαίμων	dai/mwn	urn:cite2:hmt:lsj.chicago_md:n23242	n-d---ma-
δαίμον’	dai/mon'	δαίμων	dai/mwn	urn:cite2:hmt:lsj.chicago_md:n23242	n-d---fn-
δαίμον’	dai/mon'	δαίμων	dai/mwn	urn:cite2:hmt:lsj.chicago_md:n23242	n-d---fv-
δαίμον’	dai/mon'	δαίμων	dai/mwn	urn:cite2:hmt:lsj.chicago_md:n23242	n-d---fa-
δαίνυται	dai/nutai	δαίνυμι	dai/numi	urn:cite2:hmt:lsj.chicago_md:n23243	v3spie---
δαῖμον	dai=mon	δαίμων	dai/mwn	urn:cite2:hmt:lsj.chicago_md:n23242	n-s---mv-
δαῖμον	dai=mon	δαίμων	dai/mwn	urn:cite2:hmt:lsj.chicago_md:n23242	n-s---fv-
δεδορκώς	dedorkw/s	δέρκομαι	de/rkomai	urn:cite2:hmt:lsj.chicago_md:n24129	v-srpamn-
δεδορκώς	dedorkw/s	δέρκομαι	de/rkomai	urn:cite2:hmt:lsj.chicago_md:n24129	v-srpamv-
δεδρακότα	dedrako/ta	δράω	dra/w	urn:cite2:hmt:lsj.chicago_md:n28360	v-prpann-
δεδρακότα	dedrako/ta	δράω	dra/w	urn:cite2:hmt:lsj.chicago_md:n28361	v-prpann-
δεδρακότα	dedrako/ta	δράω	dra/w	urn:cite2:hmt:lsj.chicago_md:n28360	v-prpanv-
δεδρακότα	dedrako/ta	δράω	dra/w	urn:cite2:hmt:lsj.chicago_md:n28361	v-prpanv-
δεδρακότα	dedrako/ta	δράω	dra/w	urn:cite2:hmt:lsj.chicago_md:n28360	v-prpana-
δεδρακότα	dedrako/ta	δράω	dra/w	urn:cite2:hmt:lsj.chicago_md:n28361	v-prpana-
δεδρακότα	dedrako/ta	δράω	dra/w	urn:cite2:hmt:lsj.chicago_md:n28360	v-srpama-
δεδρακότα	dedrako/ta	δράω	dra/w	urn:cite2:hmt:lsj.chicago_md:n28361	v-srpama-
δεικνύς	deiknu/s	δείκνυμι	dei/knumi	urn:cite2:hmt:lsj.chicago_md:n23658	v-sppamn-
δεικνύς	deiknu/s	δείκνυμι	dei/knumi	urn:cite2:hmt:lsj.chicago_md:n23658	v-sppamv-
δειλαία	deilai/a	δείλαιος	dei/laios	urn:cite2:hmt:lsj.chicago_md:n23667	a-d---fn-
δειλαία	deilai/a	δείλαιος	dei/laios	urn:cite2:hmt:lsj.chicago_md:n23667	a-d---fv-
δειλαία	deilai/a	δείλαιος	dei/laios	urn:cite2:hmt:lsj.chicago_md:n23667	a-d---fa-
δειλαία	deilai/a	δείλαιος	dei/laios	urn:cite2:hmt:lsj.chicago_md:n23667	a-s---fn-
δειλαία	deilai/a	δείλαιος	dei/laios	urn:cite2:hmt:lsj.chicago_md:n23667	a-s---fv-
δειμαίνειν	deimai/nein	δειμαίνω	deimai/nw	urn:cite2:hmt:lsj.chicago_md:n23694	v--pna---
δειμαίνων	deimai/nwn	δειμαίνω	deimai/nw	urn:cite2:hmt:lsj.chicago_md:n23694	v-sppamn-
δεινοτάτῳ	deinota/tw|	δεινός	deino/s	urn:cite2:hmt:lsj.chicago_md:n23726	a-s---mds
δεινοτάτῳ	deinota/tw|	δεινός	deino/s	urn:cite2:hmt:lsj.chicago_md:n23726	a-s---nds
δεινοῦ	deinou=	δεινός	deino/s	urn:cite2:hmt:lsj.chicago_md:n23726	a-s---mg-
δεινοῦ	deinou=	δεινός	deino/s	urn:cite2:hmt:lsj.chicago_md:n23726	a-s---ng-
δεινοῦ	deinou=	δεινόω	deino/w	urn:cite2:hmt:lsj.chicago_md:n23731	v2spme---
δεινοῦ	deinou=	δεινόω	deino/w	urn:cite2:hmt:lsj.chicago_md:n23731	v2siie---
δεινήν	deinh/n	δεινός	deino/s	urn:cite2:hmt:lsj.chicago_md:n23726	a-s---fa-
δεινόν	deino/n	δεινός	deino/s	urn:cite2:hmt:lsj.chicago_md:n23726	a-s---ma-
δεινόν	deino/n	δεινός	deino/s	urn:cite2:hmt:lsj.chicago_md:n23726	a-s---nn-
δεινόν	deino/n	δεινός	deino/s	urn:cite2:hmt:lsj.chicago_md:n23726	a-s---nv-
δεινόν	deino/n	δεινός	deino/s	urn:cite2:hmt:lsj.chicago_md:n23726	a-s---na-
δεινός	deino/s	δεινός	deino/s	urn:cite2:hmt:lsj.chicago_md:n23726	a-s---mn-
δεινῆς	deinh=s	δεινάζω	deina/zw	urn:cite2:hmt:lsj.chicago_md:n23709	v2sfia---
δεινῆς	deinh=s	δεινός	deino/s	urn:cite2:hmt:lsj.chicago_md:n23726	a-s---fg-
δεινῶς	deinw=s	δεινός	deino/s	urn:cite2:hmt:lsj.chicago_md:n23726	x--------
δεινῶς	deinw=s	δεινόω	deino/w	urn:cite2:hmt:lsj.chicago_md:n23731	v2spia---
δεμνίοις	demni/ois	δέμνιον	de/mnion	urn:cite2:hmt:lsj.chicago_md:n24012	n-p---nd-
δεξιάν	decia/n	δεξιά	decia/	urn:cite2:hmt:lsj.chicago_md:n24074	n-s---fa-
δεξιάν	decia/n	δεξιός	decio/s	urn:cite2:hmt:lsj.chicago_md:n24084	a-s---fa-
δεσπόζειν	despo/zein	δεσπόζω	despo/zw	urn:cite2:hmt:lsj.chicago_md:n24192	v--pna---
δεσπότιν	despo/tin	δεσπότις	despo/tis	urn:cite2:hmt:lsj.chicago_md:n24209	n-s---fa-
δείλαιος	dei/laios	δείλαιος	dei/laios	urn:cite2:hmt:lsj.chicago_md:n23667	a-s---mn-
δείν’	dei/n'	δεινός	deino/s	urn:cite2:hmt:lsj.chicago_md:n23726	a-p---nn-
δείν’	dei/n'	δεινός	deino/s	urn:cite2:hmt:lsj.chicago_md:n23726	a-p---nv-
δείν’	dei/n'	δεινός	deino/s	urn:cite2:hmt:lsj.chicago_md:n23726	a-p---na-
δείν’	dei/n'	δεινός	deino/s	urn:cite2:hmt:lsj.chicago_md:n23726	a-d---fn-
δείν’	dei/n'	δεινός	deino/s	urn:cite2:hmt:lsj.chicago_md:n23726	a-d---fv-
δείν’	dei/n'	δεινός	deino/s	urn:cite2:hmt:lsj.chicago_md:n23726	a-d---fa-
δείν’	dei/n'	δεινός	deino/s	urn:cite2:hmt:lsj.chicago_md:n23726	a-s---fn-
δείν’	dei/n'	δεινός	deino/s	urn:cite2:hmt:lsj.chicago_md:n23726	a-s---fv-
δείν’	dei/n'	δεινός	deino/s	urn:cite2:hmt:lsj.chicago_md:n23726	a-s---mv-
δείν’	dei/n'	δεινός	deino/s	urn:cite2:hmt:lsj.chicago_md:n23726	a-p---fn-
δείν’	dei/n'	δεινός	deino/s	urn:cite2:hmt:lsj.chicago_md:n23726	a-p---fv-
δείξω	dei/cw	δείκνυμι	dei/knumi	urn:cite2:hmt:lsj.chicago_md:n23658	v1sasa---
δείξω	dei/cw	δείκνυμι	dei/knumi	urn:cite2:hmt:lsj.chicago_md:n23658	v1sfia---
δείξω	dei/cw	δείκνυμι	dei/knumi	urn:cite2:hmt:lsj.chicago_md:n23658	v2saim---
δείξῃ	dei/ch|	δείξις	dei/cis	urn:cite2:hmt:lsj.chicago_md:n23738	n-s---fd-
δείξῃ	dei/ch|	δείξις	dei/cis	urn:cite2:hmt:lsj.chicago_md:n23738	n-s---fd-
δείξῃ	dei/ch|	δείκνυμι	dei/knumi	urn:cite2:hmt:lsj.chicago_md:n23658	v2sasm---
δείξῃ	dei/ch|	δείκνυμι	dei/knumi	urn:cite2:hmt:lsj.chicago_md:n23658	v3sasa---
δείξῃ	dei/ch|	δείκνυμι	dei/knumi	urn:cite2:hmt:lsj.chicago_md:n23658	v2sfim---
δείξῃ	dei/ch|	δεῖξις	dei=cis	urn:cite2:hmt:lsj.chicago_md:n23738	n-s---fd-
δείξῃ	dei/ch|	δεῖξις	dei=cis	urn:cite2:hmt:lsj.chicago_md:n23738	n-s---fd-
δείπνοις	dei/pnois	δεῖπνον	dei=pnon	urn:cite2:hmt:lsj.chicago_md:n23762	n-p---nd-
δείπνοις	dei/pnois	δεῖπνος	dei=pnos	urn:cite2:hmt:lsj.chicago_md:n23767	n-p---md-
δεύτερον	deu/teron	δεύτερος	deu/teros	urn:cite2:hmt:lsj.chicago_md:n24261	a-s---ma-
δεύτερον	deu/teron	δεύτερος	deu/teros	urn:cite2:hmt:lsj.chicago_md:n24261	a-s---nn-
δεύτερον	deu/teron	δεύτερος	deu/teros	urn:cite2:hmt:lsj.chicago_md:n24261	a-s---nv-
δεύτερον	deu/teron	δεύτερος	deu/teros	urn:cite2:hmt:lsj.chicago_md:n24261	a-s---na-
δεῖ	dei=	δέομαι	de/omai	urn:cite2:hmt:lsj.chicago_md:n24292	v2spie---
δεῖ	dei=	δέομαι	de/omai	urn:cite2:hmt:lsj.chicago_md:n24293	v2spie---
δεῖ	dei=	δέω1	de/w	urn:cite2:hmt:lsj.chicago_md:n24292	v2spie---
δεῖ	dei=	δέω1	de/w	urn:cite2:hmt:lsj.chicago_md:n24293	v2spie---
δεῖ	dei=	δέω1	de/w	urn:cite2:hmt:lsj.chicago_md:n24294	v2spie---
δεῖ	dei=	δέω1	de/w	urn:cite2:hmt:lsj.chicago_md:n24292	v2spma---
δεῖ	dei=	δέω1	de/w	urn:cite2:hmt:lsj.chicago_md:n24293	v2spma---
δεῖ	dei=	δέω1	de/w	urn:cite2:hmt:lsj.chicago_md:n24294	v2spma---
δεῖ	dei=	δέω1	de/w	urn:cite2:hmt:lsj.chicago_md:n24292	v3spia---
δεῖ	dei=	δέω1	de/w	urn:cite2:hmt:lsj.chicago_md:n24293	v3spia---
δεῖ	dei=	δέω1	de/w	urn:cite2:hmt:lsj.chicago_md:n24294	v3spia---
δεῖ	dei=	δέω1	de/w	urn:cite2:hmt:lsj.chicago_md:n24292	v3siia---
δεῖ	dei=	δέω1	de/w	urn:cite2:hmt:lsj.chicago_md:n24293	v3siia---
δεῖ	dei=	δέω1	de/w	urn:cite2:hmt:lsj.chicago_md:n24294	v3siia---
δεῖ	dei=	δέω2	de/w	urn:cite2:hmt:lsj.chicago_md:n24292	v2spie---
δεῖ	dei=	δέω2	de/w	urn:cite2:hmt:lsj.chicago_md:n24293	v2spie---
δεῖ	dei=	δέω2	de/w	urn:cite2:hmt:lsj.chicago_md:n24294	v2spie---
δεῖ	dei=	δέω2	de/w	urn:cite2:hmt:lsj.chicago_md:n24292	v2spma---
δεῖ	dei=	δέω2	de/w	urn:cite2:hmt:lsj.chicago_md:n24293	v2spma---
δεῖ	dei=	δέω2	de/w	urn:cite2:hmt:lsj.chicago_md:n24294	v2spma---
δεῖ	dei=	δέω2	de/w	urn:cite2:hmt:lsj.chicago_md:n24292	v3spia---
δεῖ	dei=	δέω2	de/w	urn:cite2:hmt:lsj.chicago_md:n24293	v3spia---
δεῖ	dei=	δέω2	de/w	urn:cite2:hmt:lsj.chicago_md:n24294	v3spia---
δεῖ	dei=	δέω2	de/w	urn:cite2:hmt:lsj.chicago_md:n24292	v3siia---
δεῖ	dei=	δέω2	de/w	urn:cite2:hmt:lsj.chicago_md:n24293	v3siia---
δεῖ	dei=	δέω2	de/w	urn:cite2:hmt:lsj.chicago_md:n24294	v3siia---
δεῖ	dei=	δεῖ	dei=	urn:cite2:hmt:lsj.chicago_md:n23631	v3siia---
δεῖμα	dei=ma	δέμω	de/mw	urn:cite2:hmt:lsj.chicago_md:n24014	v1saia---
δεῖμα	dei=ma	δεῖμα	dei=ma	urn:cite2:hmt:lsj.chicago_md:n23693	n-s---nn-
δεῖμα	dei=ma	δεῖμα	dei=ma	urn:cite2:hmt:lsj.chicago_md:n23693	n-s---nv-
δεῖμα	dei=ma	δεῖμα	dei=ma	urn:cite2:hmt:lsj.chicago_md:n23693	n-s---na-
δεῖξαι	dei=cai	δείκνυμι	dei/knumi	urn:cite2:hmt:lsj.chicago_md:n23658	v2samm---
δεῖξαι	dei=cai	δείκνυμι	dei/knumi	urn:cite2:hmt:lsj.chicago_md:n23658	v--ana---
δεῦρο	deu=ro	δεῦρο	deu=ro	urn:cite2:hmt:lsj.chicago_md:n24226	d--------
δεῦρό	deu=ro/	δεῦρο	deu=ro	urn:cite2:hmt:lsj.chicago_md:n24226	d--------
δηλῶσαι	dhlw=sai	δηλόω	dhlo/w	urn:cite2:hmt:lsj.chicago_md:n24342	v--ana---
διαδεδεγμένη	diadedegme/nh	διαδέχομαι	diade/xomai	urn:cite2:hmt:lsj.chicago_md:n24697	v-srpefn-
διαδεδεγμένη	diadedegme/nh	διαδέχομαι	diade/xomai	urn:cite2:hmt:lsj.chicago_md:n24697	v-srpefv-
διαιρετόν	diaireto/n	διαιρετός	diaireto/s	urn:cite2:hmt:lsj.chicago_md:n24846	a-s---ma-
διαιρετόν	diaireto/n	διαιρετός	diaireto/s	urn:cite2:hmt:lsj.chicago_md:n24846	a-s---nn-
διαιρετόν	diaireto/n	διαιρετός	diaireto/s	urn:cite2:hmt:lsj.chicago_md:n24846	a-s---nv-
διαιρετόν	diaireto/n	διαιρετός	diaireto/s	urn:cite2:hmt:lsj.chicago_md:n24846	a-s---na-
διαπεπραγμένου	diapepragme/nou	διαπράσσω	diapra/ssw	urn:cite2:hmt:lsj.chicago_md:n25630	v-srpemg-
διαπεπραγμένου	diapepragme/nou	διαπράσσω	diapra/ssw	urn:cite2:hmt:lsj.chicago_md:n25630	v-srpeng-
διασπαρέντος	diaspare/ntos	διασπείρω	diaspei/rw	urn:cite2:hmt:lsj.chicago_md:n25883	v-sappmg-
διασπαρέντος	diaspare/ntos	διασπείρω	diaspei/rw	urn:cite2:hmt:lsj.chicago_md:n25883	v-sappng-
διδακτά	didakta/	διδακτός	didakto/s	urn:cite2:hmt:lsj.chicago_md:n26403	a-p---nn-
διδακτά	didakta/	διδακτός	didakto/s	urn:cite2:hmt:lsj.chicago_md:n26403	a-p---nv-
διδακτά	didakta/	διδακτός	didakto/s	urn:cite2:hmt:lsj.chicago_md:n26403	a-p---na-
διδακτά	didakta/	διδακτός	didakto/s	urn:cite2:hmt:lsj.chicago_md:n26403	a-d---fn-
διδακτά	didakta/	διδακτός	didakto/s	urn:cite2:hmt:lsj.chicago_md:n26403	a-d---fv-
διδακτά	didakta/	διδακτός	didakto/s	urn:cite2:hmt:lsj.chicago_md:n26403	a-d---fa-
διδακτά	didakta/	διδακτός	didakto/s	urn:cite2:hmt:lsj.chicago_md:n26403	a-s---fn-
διδακτά	didakta/	διδακτός	didakto/s	urn:cite2:hmt:lsj.chicago_md:n26403	a-s---fv-
διδακτόν	didakto/n	διδακτός	didakto/s	urn:cite2:hmt:lsj.chicago_md:n26403	a-s---ma-
διδακτόν	didakto/n	διδακτός	didakto/s	urn:cite2:hmt:lsj.chicago_md:n26403	a-s---nn-
διδακτόν	didakto/n	διδακτός	didakto/s	urn:cite2:hmt:lsj.chicago_md:n26403	a-s---nv-
διδακτόν	didakto/n	διδακτός	didakto/s	urn:cite2:hmt:lsj.chicago_md:n26403	a-s---na-
διδούς	didou/s	δίδωμι	di/dwmi	urn:cite2:hmt:lsj.chicago_md:n26447	v-sppamn-
διδούς	didou/s	δίδωμι	di/dwmi	urn:cite2:hmt:lsj.chicago_md:n26447	v-sppamv-
διελθών	dielqw/n	διέρχομαι	die/rxomai	urn:cite2:hmt:lsj.chicago_md:n26680	v-sapamn-
διερροίζησεν	dierroi/zhsen	διαρροιζέω	diarroize/w	urn:cite2:hmt:lsj.chicago_md:n25751	v3saia---
διείποιμ’	diei/poim'	διεῖπον	diei=pon	urn:cite2:hmt:lsj.chicago_md:n26475	v1saoa---
διηΐστωσε	dihi+/stwse	διαιστόω	diaisto/w	urn:cite2:hmt:lsj.chicago_md:n24854	v3saia---
δικαιοῖς	dikaioi=s	δικαιόω	dikaio/w	urn:cite2:hmt:lsj.chicago_md:n26891	v2spoa---
δικαιοῖς	dikaioi=s	δικαιόω	dikaio/w	urn:cite2:hmt:lsj.chicago_md:n26891	v2spsa---
δικαιοῖς	dikaioi=s	δικαιόω	dikaio/w	urn:cite2:hmt:lsj.chicago_md:n26891	v2spia---
διπλῆ	diplh=	διπλόος	diplo/os	urn:cite2:hmt:lsj.chicago_md:n27393	a-s---fn-
διπλῆ	diplh=	διπλόος	diplo/os	urn:cite2:hmt:lsj.chicago_md:n27393	a-s---fv-
δισσαῖσιν	dissai=sin	δισσός	disso/s	urn:cite2:hmt:lsj.chicago_md:n27489	a-p---fd-
δισσῶν	dissw=n	δισσός	disso/s	urn:cite2:hmt:lsj.chicago_md:n27489	a-p---fg-
δισσῶν	dissw=n	δισσός	disso/s	urn:cite2:hmt:lsj.chicago_md:n27489	a-p---mg-
δισσῶν	dissw=n	δισσός	disso/s	urn:cite2:hmt:lsj.chicago_md:n27489	a-p---ng-
διφυῆ	difuh=	διφυής	difuh/s	urn:cite2:hmt:lsj.chicago_md:n27625	n-p---nn-
διφυῆ	difuh=	διφυής	difuh/s	urn:cite2:hmt:lsj.chicago_md:n27625	n-p---nv-
διφυῆ	difuh=	διφυής	difuh/s	urn:cite2:hmt:lsj.chicago_md:n27625	n-p---na-
διφυῆ	difuh=	διφυής	difuh/s	urn:cite2:hmt:lsj.chicago_md:n27625	n-d---mn-
διφυῆ	difuh=	διφυής	difuh/s	urn:cite2:hmt:lsj.chicago_md:n27625	n-d---mv-
διφυῆ	difuh=	διφυής	difuh/s	urn:cite2:hmt:lsj.chicago_md:n27625	n-d---ma-
διφυῆ	difuh=	διφυής	difuh/s	urn:cite2:hmt:lsj.chicago_md:n27625	n-d---fn-
διφυῆ	difuh=	διφυής	difuh/s	urn:cite2:hmt:lsj.chicago_md:n27625	n-d---fv-
διφυῆ	difuh=	διφυής	difuh/s	urn:cite2:hmt:lsj.chicago_md:n27625	n-d---fa-
διφυῆ	difuh=	διφυής	difuh/s	urn:cite2:hmt:lsj.chicago_md:n27625	n-d---nn-
διφυῆ	difuh=	διφυής	difuh/s	urn:cite2:hmt:lsj.chicago_md:n27625	n-d---nv-
διφυῆ	difuh=	διφυής	difuh/s	urn:cite2:hmt:lsj.chicago_md:n27625	n-d---na-
διφυῆ	difuh=	διφυής	difuh/s	urn:cite2:hmt:lsj.chicago_md:n27625	n-s---ma-
διφυῆ	difuh=	διφυής	difuh/s	urn:cite2:hmt:lsj.chicago_md:n27625	n-s---fa-
διά	dia/	διά	dia/	urn:cite2:hmt:lsj.chicago_md:n24517	r--------
διάβορον	dia/boron	διαβόρος	diabo/ros	urn:cite2:hmt:lsj.chicago_md:n24573	n-s---ma-
διάβορον	dia/boron	διαβόρος	diabo/ros	urn:cite2:hmt:lsj.chicago_md:n24573	n-s---fa-
διάβορον	dia/boron	διαβόρος	diabo/ros	urn:cite2:hmt:lsj.chicago_md:n24573	n-s---nn-
διάβορον	dia/boron	διαβόρος	diabo/ros	urn:cite2:hmt:lsj.chicago_md:n24573	n-s---nv-
διάβορον	dia/boron	διαβόρος	diabo/ros	urn:cite2:hmt:lsj.chicago_md:n24573	n-s---na-
διάβορος	dia/boros	διαβόρος	diabo/ros	urn:cite2:hmt:lsj.chicago_md:n24573	n-s---mn-
διάβορος	dia/boros	διαβόρος	diabo/ros	urn:cite2:hmt:lsj.chicago_md:n24573	n-s---fn-
διάστροφον	dia/strofon	διάστροφος	dia/strofos	urn:cite2:hmt:lsj.chicago_md:n25949	n-s---ma-
διάστροφον	dia/strofon	διάστροφος	dia/strofos	urn:cite2:hmt:lsj.chicago_md:n25949	n-s---fa-
διάστροφον	dia/strofon	διάστροφος	dia/strofos	urn:cite2:hmt:lsj.chicago_md:n25949	n-s---nn-
διάστροφον	dia/strofon	διάστροφος	dia/strofos	urn:cite2:hmt:lsj.chicago_md:n25949	n-s---nv-
διάστροφον	dia/strofon	διάστροφος	dia/strofos	urn:cite2:hmt:lsj.chicago_md:n25949	n-s---na-
διέφθαρμαι	die/fqarmai	διαφθείρω	diafqei/rw	urn:cite2:hmt:lsj.chicago_md:n26207	v1srie---
διήνεμον	dih/nemon	διήνεμος	dih/nemos	urn:cite2:hmt:lsj.chicago_md:n26787	n-s---ma-
διήνεμον	dih/nemon	διήνεμος	dih/nemos	urn:cite2:hmt:lsj.chicago_md:n26787	n-s---fa-
διήνεμον	dih/nemon	διήνεμος	dih/nemos	urn:cite2:hmt:lsj.chicago_md:n26787	n-s---nn-
διήνεμον	dih/nemon	διήνεμος	dih/nemos	urn:cite2:hmt:lsj.chicago_md:n26787	n-s---nv-
διήνεμον	dih/nemon	διήνεμος	dih/nemos	urn:cite2:hmt:lsj.chicago_md:n26787	n-s---na-
διήσει	dih/sei	διίημι	dii/hmi	urn:cite2:hmt:lsj.chicago_md:n26824	v2sfim---
διήσει	dih/sei	διίημι	dii/hmi	urn:cite2:hmt:lsj.chicago_md:n26824	v3sfia---
διόλλυμαι	dio/llumai	διόλλυμι	dio/llumi	urn:cite2:hmt:lsj.chicago_md:n27176	v1spie---
διώδυνος	diw/dunos	διώδυνος	diw/dunos	urn:cite2:hmt:lsj.chicago_md:n27750	n-s---mn-
διώδυνος	diw/dunos	διώδυνος	diw/dunos	urn:cite2:hmt:lsj.chicago_md:n27750	n-s---fn-
διώλεσεν	diw/lesen	διόλλυμι	dio/llumi	urn:cite2:hmt:lsj.chicago_md:n27176	v3saia---
διώμνυτο	diw/mnuto	διόμνυμι	dio/mnumi	urn:cite2:hmt:lsj.chicago_md:n27192	v3siie---
διώμοσεν	diw/mosen	διόμνυμι	dio/mnumi	urn:cite2:hmt:lsj.chicago_md:n27192	v3saia---
διῆλθε	dih=lqe	διέρχομαι	die/rxomai	urn:cite2:hmt:lsj.chicago_md:n26680	v3saia---
διῆλθε	dih=lqe	διέρχομαι	die/rxomai	urn:cite2:hmt:lsj.chicago_md:n26680	v3saia---
διῇξε	dih=|ce	διαίσσω	diai/ssw	urn:cite2:hmt:lsj.chicago_md:n24853	v3saia---
δοκεῖ	dokei=	δοκέω	doke/w	urn:cite2:hmt:lsj.chicago_md:n27847	v2spie---
δοκεῖ	dokei=	δοκέω	doke/w	urn:cite2:hmt:lsj.chicago_md:n27847	v3spia---
δοκεῖ	dokei=	δοκεύς	dokeu/s	urn:cite2:hmt:lsj.chicago_md:n27845	n-s---md-
δοκεῖν	dokei=n	δοκέω	doke/w	urn:cite2:hmt:lsj.chicago_md:n27847	v--pna---
δοκεῖς	dokei=s	δοκέω	doke/w	urn:cite2:hmt:lsj.chicago_md:n27847	v2spia---
δοκεῖς	dokei=s	δοκεύς	dokeu/s	urn:cite2:hmt:lsj.chicago_md:n27845	n-p---ma-
δοκεῖς	dokei=s	δοκεύς	dokeu/s	urn:cite2:hmt:lsj.chicago_md:n27845	n-p---mn-
δοκεῖς	dokei=s	δοκεύς	dokeu/s	urn:cite2:hmt:lsj.chicago_md:n27845	n-p---mv-
δοκοῦσα	dokou=sa	δοκέω	doke/w	urn:cite2:hmt:lsj.chicago_md:n27847	v-sppafn-
δοκοῦσα	dokou=sa	δοκέω	doke/w	urn:cite2:hmt:lsj.chicago_md:n27847	v-sppafv-
δοκοῦσα	dokou=sa	δοκόω	doko/w	urn:cite2:hmt:lsj.chicago_md:n27881	v-sppafn-
δοκοῦσα	dokou=sa	δοκόω	doko/w	urn:cite2:hmt:lsj.chicago_md:n27881	v-sppafv-
δοκῶ	dokw=	δοκάζω	doka/zw	urn:cite2:hmt:lsj.chicago_md:n27842	v1sfia---
δοκῶ	dokw=	δοκέω	doke/w	urn:cite2:hmt:lsj.chicago_md:n27847	v1spsa---
δοκῶ	dokw=	δοκέω	doke/w	urn:cite2:hmt:lsj.chicago_md:n27847	v1spia---
δοκῶ	dokw=	δοκός	doko/s	urn:cite2:hmt:lsj.chicago_md:n27878	n-s---mg-
δοκῶ	dokw=	δοκός	doko/s	urn:cite2:hmt:lsj.chicago_md:n27878	n-s---fg-
δοκῶ	dokw=	δοκόω	doko/w	urn:cite2:hmt:lsj.chicago_md:n27881	v1spsa---
δοκῶ	dokw=	δοκόω	doko/w	urn:cite2:hmt:lsj.chicago_md:n27881	v1spia---
δοκῶ	dokw=	δοκώ	dokw/	urn:cite2:hmt:lsj.chicago_md:n27882	n-d---fn-
δοκῶ	dokw=	δοκώ	dokw/	urn:cite2:hmt:lsj.chicago_md:n27882	n-d---fv-
δοκῶ	dokw=	δοκώ	dokw/	urn:cite2:hmt:lsj.chicago_md:n27882	n-d---fa-
δοκῶ	dokw=	δοκώ	dokw/	urn:cite2:hmt:lsj.chicago_md:n27882	n-s---fa-
δολιόμυθα	dolio/muqa	δολιόμυθος	dolio/muqos	urn:cite2:hmt:lsj.chicago_md:n27896	n-p---nn-
δολιόμυθα	dolio/muqa	δολιόμυθος	dolio/muqos	urn:cite2:hmt:lsj.chicago_md:n27896	n-p---nv-
δολιόμυθα	dolio/muqa	δολιόμυθος	dolio/muqos	urn:cite2:hmt:lsj.chicago_md:n27896	n-p---na-
δολιόμυθα	dolio/muqa	δολόμυθος	dolo/muqos	urn:cite2:hmt:lsj.chicago_md:n27935	n-p---nn-
δολιόμυθα	dolio/muqa	δολόμυθος	dolo/muqos	urn:cite2:hmt:lsj.chicago_md:n27935	n-p---nv-
δολιόμυθα	dolio/muqa	δολόμυθος	dolo/muqos	urn:cite2:hmt:lsj.chicago_md:n27935	n-p---na-
δολοποιός	dolopoio/s	δολοποιός	dolopoio/s	urn:cite2:hmt:lsj.chicago_md:n27940	n-s---mn-
δολοποιός	dolopoio/s	δολοποιός	dolopoio/s	urn:cite2:hmt:lsj.chicago_md:n27940	n-s---fn-
δολίαν	doli/an	δόλιος	do/lios	urn:cite2:hmt:lsj.chicago_md:n27898	a-s---fa-
δολίαν	doli/an	δολία	doli/a	urn:cite2:hmt:lsj.chicago_md:n27889	n-s---fa-
δολῶπις	dolw=pis	δολῶπις	dolw=pis	urn:cite2:hmt:lsj.chicago_md:n27965	n-s---fn-
δορί	dori/	δόρυ	do/ru	urn:cite2:hmt:lsj.chicago_md:n28101	n-s---nd-
δορί	dori/	δορίς	dori/s	urn:cite2:hmt:lsj.chicago_md:n28074	n-s---fv-
δορός	doro/s	δόρυ	do/ru	urn:cite2:hmt:lsj.chicago_md:n28101	n-s---ng-
δορός	doro/s	δορός	doro/s	urn:cite2:hmt:lsj.chicago_md:n28090	n-s---mn-
δουλώσειν	doulw/sein	δουλόω	doulo/w	urn:cite2:hmt:lsj.chicago_md:n28194	v--fna---
δούλαις	dou/lais	δοῦλος	dou=los	urn:cite2:hmt:lsj.chicago_md:n28188	n-p---fd-
δούλαις	dou/lais	δοῦλος	dou=los	urn:cite2:hmt:lsj.chicago_md:n28189	n-p---fd-
δούλαις	dou/lais	δοῦλος	dou=los	urn:cite2:hmt:lsj.chicago_md:n28188	a-p---fd-
δούλαις	dou/lais	δοῦλος	dou=los	urn:cite2:hmt:lsj.chicago_md:n28189	a-p---fd-
δούλη	dou/lh	δοῦλος	dou=los	urn:cite2:hmt:lsj.chicago_md:n28188	n-s---fn-
δούλη	dou/lh	δοῦλος	dou=los	urn:cite2:hmt:lsj.chicago_md:n28189	n-s---fn-
δούλη	dou/lh	δοῦλος	dou=los	urn:cite2:hmt:lsj.chicago_md:n28188	n-s---fv-
δούλη	dou/lh	δοῦλος	dou=los	urn:cite2:hmt:lsj.chicago_md:n28189	n-s---fv-
δούλη	dou/lh	δοῦλος	dou=los	urn:cite2:hmt:lsj.chicago_md:n28188	a-s---fn-
δούλη	dou/lh	δοῦλος	dou=los	urn:cite2:hmt:lsj.chicago_md:n28189	a-s---fn-
δούλη	dou/lh	δοῦλος	dou=los	urn:cite2:hmt:lsj.chicago_md:n28188	a-s---fv-
δούλη	dou/lh	δοῦλος	dou=los	urn:cite2:hmt:lsj.chicago_md:n28189	a-s---fv-
δούλην	dou/lhn	δοῦλος	dou=los	urn:cite2:hmt:lsj.chicago_md:n28188	n-s---fa-
δούλην	dou/lhn	δοῦλος	dou=los	urn:cite2:hmt:lsj.chicago_md:n28189	n-s---fa-
δούλην	dou/lhn	δοῦλος	dou=los	urn:cite2:hmt:lsj.chicago_md:n28188	a-s---fa-
δούλην	dou/lhn	δοῦλος	dou=los	urn:cite2:hmt:lsj.chicago_md:n28189	a-s---fa-
δοῦλον	dou=lon	δοῦλος	dou=los	urn:cite2:hmt:lsj.chicago_md:n28188	a-s---ma-
δοῦλον	dou=lon	δοῦλος	dou=los	urn:cite2:hmt:lsj.chicago_md:n28189	a-s---ma-
δοῦλον	dou=lon	δοῦλος	dou=los	urn:cite2:hmt:lsj.chicago_md:n28188	a-s---nn-
δοῦλον	dou=lon	δοῦλος	dou=los	urn:cite2:hmt:lsj.chicago_md:n28189	a-s---nn-
δοῦλον	dou=lon	δοῦλος	dou=los	urn:cite2:hmt:lsj.chicago_md:n28188	a-s---nv-
δοῦλον	dou=lon	δοῦλος	dou=los	urn:cite2:hmt:lsj.chicago_md:n28189	a-s---nv-
δοῦλον	dou=lon	δοῦλος	dou=los	urn:cite2:hmt:lsj.chicago_md:n28188	a-s---na-
δοῦλον	dou=lon	δοῦλος	dou=los	urn:cite2:hmt:lsj.chicago_md:n28189	a-s---na-
δοῦλον	dou=lon	δοῦλος	dou=los	urn:cite2:hmt:lsj.chicago_md:n28188	n-s---ma-
δοῦλον	dou=lon	δοῦλος	dou=los	urn:cite2:hmt:lsj.chicago_md:n28189	n-s---ma-
δοῦλος	dou=los	δοῦλος	dou=los	urn:cite2:hmt:lsj.chicago_md:n28188	a-s---mn-
δοῦλος	dou=los	δοῦλος	dou=los	urn:cite2:hmt:lsj.chicago_md:n28189	a-s---mn-
δοῦλος	dou=los	δοῦλος	dou=los	urn:cite2:hmt:lsj.chicago_md:n28188	n-s---mn-
δοῦλος	dou=los	δοῦλος	dou=los	urn:cite2:hmt:lsj.chicago_md:n28189	n-s---mn-
δοῦναι	dou=nai	δίδωμι	di/dwmi	urn:cite2:hmt:lsj.chicago_md:n26447	v--ana---
δραστέ’	draste/'	δραστέος	draste/os	urn:cite2:hmt:lsj.chicago_md:n28341	n-p---nn-
δραστέ’	draste/'	δραστέος	draste/os	urn:cite2:hmt:lsj.chicago_md:n28341	n-p---nv-
δραστέ’	draste/'	δραστέος	draste/os	urn:cite2:hmt:lsj.chicago_md:n28341	n-p---na-
δραστέ’	draste/'	δραστέος	draste/os	urn:cite2:hmt:lsj.chicago_md:n28341	n-s---mv-
δραστέ’	draste/'	δραστέος	draste/os	urn:cite2:hmt:lsj.chicago_md:n28341	n-p---fn-
δραστέ’	draste/'	δραστέος	draste/os	urn:cite2:hmt:lsj.chicago_md:n28341	n-p---fv-
δραστέ’	draste/'	δραστέος	draste/os	urn:cite2:hmt:lsj.chicago_md:n28341	n-s---fd-
δρομαία	dromai/a	δρομαῖος	dromai=os	urn:cite2:hmt:lsj.chicago_md:n28416	a-d---fn-
δρομαία	dromai/a	δρομαῖος	dromai=os	urn:cite2:hmt:lsj.chicago_md:n28416	a-d---fv-
δρομαία	dromai/a	δρομαῖος	dromai=os	urn:cite2:hmt:lsj.chicago_md:n28416	a-d---fa-
δρομαία	dromai/a	δρομαῖος	dromai=os	urn:cite2:hmt:lsj.chicago_md:n28416	a-s---fn-
δρομαία	dromai/a	δρομαῖος	dromai=os	urn:cite2:hmt:lsj.chicago_md:n28416	a-s---fv-
δρυός	druo/s	δρῦς	dru=s	urn:cite2:hmt:lsj.chicago_md:n28512	n-s---fg-
δρυός	druo/s	δρῦς	dru=s	urn:cite2:hmt:lsj.chicago_md:n28512	n-s---fg-
δρωμένοις	drwme/nois	δράω	dra/w	urn:cite2:hmt:lsj.chicago_md:n28360	v-pppemd-
δρωμένοις	drwme/nois	δράω	dra/w	urn:cite2:hmt:lsj.chicago_md:n28361	v-pppemd-
δρωμένοις	drwme/nois	δράω	dra/w	urn:cite2:hmt:lsj.chicago_md:n28360	v-pppend-
δρωμένοις	drwme/nois	δράω	dra/w	urn:cite2:hmt:lsj.chicago_md:n28361	v-pppend-
δράκοντα	dra/konta	δράκων	dra/kwn	urn:cite2:hmt:lsj.chicago_md:n28297	n-s---ma-
δράκων	dra/kwn	δράκων	dra/kwn	urn:cite2:hmt:lsj.chicago_md:n28297	n-s---mn-
δράσασαν	dra/sasan	δράω	dra/w	urn:cite2:hmt:lsj.chicago_md:n28360	v-sapafa-
δράσασαν	dra/sasan	δράω	dra/w	urn:cite2:hmt:lsj.chicago_md:n28361	v-sapafa-
δράσειν	dra/sein	δράω	dra/w	urn:cite2:hmt:lsj.chicago_md:n28360	v--fna---
δράσειν	dra/sein	δράω	dra/w	urn:cite2:hmt:lsj.chicago_md:n28361	v--fna---
δράσεις	dra/seis	δράω	dra/w	urn:cite2:hmt:lsj.chicago_md:n28360	v2sasa---
δράσεις	dra/seis	δράω	dra/w	urn:cite2:hmt:lsj.chicago_md:n28361	v2sasa---
δράσεις	dra/seis	δράω	dra/w	urn:cite2:hmt:lsj.chicago_md:n28360	v2sfia---
δράσεις	dra/seis	δράω	dra/w	urn:cite2:hmt:lsj.chicago_md:n28361	v2sfia---
δράσεις	dra/seis	δρᾶσις	dra=sis	urn:cite2:hmt:lsj.chicago_md:n28334	n-p---fn-
δράσεις	dra/seis	δρᾶσις	dra=sis	urn:cite2:hmt:lsj.chicago_md:n28334	n-p---fv-
δράσεις	dra/seis	δρᾶσις	dra=sis	urn:cite2:hmt:lsj.chicago_md:n28334	n-p---fn-
δράσεις	dra/seis	δρᾶσις	dra=sis	urn:cite2:hmt:lsj.chicago_md:n28334	n-p---fa-
δράσω	dra/sw	δράω	dra/w	urn:cite2:hmt:lsj.chicago_md:n28360	v1sasa---
δράσω	dra/sw	δράω	dra/w	urn:cite2:hmt:lsj.chicago_md:n28361	v1sasa---
δράσω	dra/sw	δράω	dra/w	urn:cite2:hmt:lsj.chicago_md:n28360	v1sfia---
δράσω	dra/sw	δράω	dra/w	urn:cite2:hmt:lsj.chicago_md:n28361	v1sfia---
δράσω	dra/sw	δράω	dra/w	urn:cite2:hmt:lsj.chicago_md:n28360	v2saim---
δράσω	dra/sw	δράω	dra/w	urn:cite2:hmt:lsj.chicago_md:n28361	v2saim---
δράσων	dra/swn	δράω	dra/w	urn:cite2:hmt:lsj.chicago_md:n28360	v-sfpamn-
δράσων	dra/swn	δράω	dra/w	urn:cite2:hmt:lsj.chicago_md:n28361	v-sfpamn-
δρία	dri/a	δρίος	dri/os	urn:cite2:hmt:lsj.chicago_md:n28407	n-p---nn-
δρία	dri/a	δρίος	dri/os	urn:cite2:hmt:lsj.chicago_md:n28407	n-p---nv-
δρία	dri/a	δρίος	dri/os	urn:cite2:hmt:lsj.chicago_md:n28407	n-p---na-
δρία	dri/a	δρίος	dri/os	urn:cite2:hmt:lsj.chicago_md:n28407	n-p---nn-
δρία	dri/a	δρίος	dri/os	urn:cite2:hmt:lsj.chicago_md:n28407	n-p---nv-
δρία	dri/a	δρίος	dri/os	urn:cite2:hmt:lsj.chicago_md:n28407	n-p---na-
δρᾶν	dra=n	δράω	dra/w	urn:cite2:hmt:lsj.chicago_md:n28360	v-sppamv-
δρᾶν	dra=n	δράω	dra/w	urn:cite2:hmt:lsj.chicago_md:n28361	v-sppamv-
δρᾶν	dra=n	δράω	dra/w	urn:cite2:hmt:lsj.chicago_md:n28360	v-sppann-
δρᾶν	dra=n	δράω	dra/w	urn:cite2:hmt:lsj.chicago_md:n28361	v-sppann-
δρᾶν	dra=n	δράω	dra/w	urn:cite2:hmt:lsj.chicago_md:n28360	v-sppanv-
δρᾶν	dra=n	δράω	dra/w	urn:cite2:hmt:lsj.chicago_md:n28361	v-sppanv-
δρᾶν	dra=n	δράω	dra/w	urn:cite2:hmt:lsj.chicago_md:n28360	v-sppana-
δρᾶν	dra=n	δράω	dra/w	urn:cite2:hmt:lsj.chicago_md:n28361	v-sppana-
δρᾶν	dra=n	δράω	dra/w	urn:cite2:hmt:lsj.chicago_md:n28360	v-sppamn-
δρᾶν	dra=n	δράω	dra/w	urn:cite2:hmt:lsj.chicago_md:n28361	v-sppamn-
δρᾶν	dra=n	δράω	dra/w	urn:cite2:hmt:lsj.chicago_md:n28360	v--pna---
δρᾶν	dra=n	δράω	dra/w	urn:cite2:hmt:lsj.chicago_md:n28361	v--pna---
δρᾶν	dra=n	δράω	dra/w	urn:cite2:hmt:lsj.chicago_md:n28360	v--pna---
δρᾶν	dra=n	δράω	dra/w	urn:cite2:hmt:lsj.chicago_md:n28361	v--pna---
δρᾶν	dra=n	δράω	dra/w	urn:cite2:hmt:lsj.chicago_md:n28360	v3piia---
δρᾶν	dra=n	δράω	dra/w	urn:cite2:hmt:lsj.chicago_md:n28361	v3piia---
δρᾶν	dra=n	δράω	dra/w	urn:cite2:hmt:lsj.chicago_md:n28360	v1siia---
δρᾶν	dra=n	δράω	dra/w	urn:cite2:hmt:lsj.chicago_md:n28361	v1siia---
δρᾷ	dra=|	δράω	dra/w	urn:cite2:hmt:lsj.chicago_md:n28360	v2spse---
δρᾷ	dra=|	δράω	dra/w	urn:cite2:hmt:lsj.chicago_md:n28361	v2spse---
δρᾷ	dra=|	δράω	dra/w	urn:cite2:hmt:lsj.chicago_md:n28360	v2spie---
δρᾷ	dra=|	δράω	dra/w	urn:cite2:hmt:lsj.chicago_md:n28361	v2spie---
δρᾷ	dra=|	δράω	dra/w	urn:cite2:hmt:lsj.chicago_md:n28360	v3spsa---
δρᾷ	dra=|	δράω	dra/w	urn:cite2:hmt:lsj.chicago_md:n28361	v3spsa---
δρᾷ	dra=|	δράω	dra/w	urn:cite2:hmt:lsj.chicago_md:n28360	v3spia---
δρᾷ	dra=|	δράω	dra/w	urn:cite2:hmt:lsj.chicago_md:n28361	v3spia---
δρῶν	drw=n	δράω	dra/w	urn:cite2:hmt:lsj.chicago_md:n28360	v-sppamv-
δρῶν	drw=n	δράω	dra/w	urn:cite2:hmt:lsj.chicago_md:n28361	v-sppamv-
δρῶν	drw=n	δράω	dra/w	urn:cite2:hmt:lsj.chicago_md:n28360	v-sppann-
δρῶν	drw=n	δράω	dra/w	urn:cite2:hmt:lsj.chicago_md:n28361	v-sppann-
δρῶν	drw=n	δράω	dra/w	urn:cite2:hmt:lsj.chicago_md:n28360	v-sppanv-
δρῶν	drw=n	δράω	dra/w	urn:cite2:hmt:lsj.chicago_md:n28361	v-sppanv-
δρῶν	drw=n	δράω	dra/w	urn:cite2:hmt:lsj.chicago_md:n28360	v-sppana-
δρῶν	drw=n	δράω	dra/w	urn:cite2:hmt:lsj.chicago_md:n28361	v-sppana-
δρῶν	drw=n	δράω	dra/w	urn:cite2:hmt:lsj.chicago_md:n28360	v-sppamn-
δρῶν	drw=n	δράω	dra/w	urn:cite2:hmt:lsj.chicago_md:n28361	v-sppamn-
δρῶν	drw=n	δράω	dra/w	urn:cite2:hmt:lsj.chicago_md:n28360	v3piia---
δρῶν	drw=n	δράω	dra/w	urn:cite2:hmt:lsj.chicago_md:n28361	v3piia---
δρῶν	drw=n	δράω	dra/w	urn:cite2:hmt:lsj.chicago_md:n28360	v1siia---
δρῶν	drw=n	δράω	dra/w	urn:cite2:hmt:lsj.chicago_md:n28361	v1siia---
δρῶσαν	drw=san	δράω	dra/w	urn:cite2:hmt:lsj.chicago_md:n28360	v-sppafa-
δρῶσαν	drw=san	δράω	dra/w	urn:cite2:hmt:lsj.chicago_md:n28361	v-sppafa-
δρῶσ’	drw=s'	δράω	dra/w	urn:cite2:hmt:lsj.chicago_md:n28360	v-sppafn-
δρῶσ’	drw=s'	δράω	dra/w	urn:cite2:hmt:lsj.chicago_md:n28361	v-sppafn-
δρῶσ’	drw=s'	δράω	dra/w	urn:cite2:hmt:lsj.chicago_md:n28360	v-sppafv-
δρῶσ’	drw=s'	δράω	dra/w	urn:cite2:hmt:lsj.chicago_md:n28361	v-sppafv-
δρῶσ’	drw=s'	δράω	dra/w	urn:cite2:hmt:lsj.chicago_md:n28360	v-pppamd-
δρῶσ’	drw=s'	δράω	dra/w	urn:cite2:hmt:lsj.chicago_md:n28361	v-pppamd-
δρῶσ’	drw=s'	δράω	dra/w	urn:cite2:hmt:lsj.chicago_md:n28360	v-pppand-
δρῶσ’	drw=s'	δράω	dra/w	urn:cite2:hmt:lsj.chicago_md:n28361	v-pppand-
δρῶσ’	drw=s'	δράω	dra/w	urn:cite2:hmt:lsj.chicago_md:n28360	v3ppsa---
δρῶσ’	drw=s'	δράω	dra/w	urn:cite2:hmt:lsj.chicago_md:n28361	v3ppsa---
δρῶσ’	drw=s'	δράω	dra/w	urn:cite2:hmt:lsj.chicago_md:n28360	v3ppia---
δρῶσ’	drw=s'	δράω	dra/w	urn:cite2:hmt:lsj.chicago_md:n28361	v3ppia---
δρῶσ’	drw=s'	δράω	dra/w	urn:cite2:hmt:lsj.chicago_md:n28360	v-pppafn-
δρῶσ’	drw=s'	δράω	dra/w	urn:cite2:hmt:lsj.chicago_md:n28361	v-pppafn-
δρῶσ’	drw=s'	δράω	dra/w	urn:cite2:hmt:lsj.chicago_md:n28360	v-pppafv-
δρῶσ’	drw=s'	δράω	dra/w	urn:cite2:hmt:lsj.chicago_md:n28361	v-pppafv-
δυοκαιδεκάμηνον	duokaideka/mhnon	δυοκαιδεκάμηνος	duokaideka/mhnos	urn:cite2:hmt:lsj.chicago_md:n28599	n-s---ma-
δυοκαιδεκάμηνον	duokaideka/mhnon	δυοκαιδεκάμηνος	duokaideka/mhnos	urn:cite2:hmt:lsj.chicago_md:n28599	n-s---fa-
δυοκαιδεκάμηνον	duokaideka/mhnon	δυοκαιδεκάμηνος	duokaideka/mhnos	urn:cite2:hmt:lsj.chicago_md:n28599	n-s---nn-
δυοκαιδεκάμηνον	duokaideka/mhnon	δυοκαιδεκάμηνος	duokaideka/mhnos	urn:cite2:hmt:lsj.chicago_md:n28599	n-s---nv-
δυοκαιδεκάμηνον	duokaideka/mhnon	δυοκαιδεκάμηνος	duokaideka/mhnos	urn:cite2:hmt:lsj.chicago_md:n28599	n-s---na-
δυοῖν	duoi=n	δύο	du/o	urn:cite2:hmt:lsj.chicago_md:n28592	m-d---mg-
δυοῖν	duoi=n	δύο	du/o	urn:cite2:hmt:lsj.chicago_md:n28592	m-d---md-
δυοῖν	duoi=n	δύο	du/o	urn:cite2:hmt:lsj.chicago_md:n28592	m-d---fg-
δυοῖν	duoi=n	δύο	du/o	urn:cite2:hmt:lsj.chicago_md:n28592	m-d---fd-
δυοῖν	duoi=n	δύο	du/o	urn:cite2:hmt:lsj.chicago_md:n28592	m-d---ng-
δυοῖν	duoi=n	δύο	du/o	urn:cite2:hmt:lsj.chicago_md:n28592	m-d---nd-
δυσαπαλλάκτοις	dusapalla/ktois	δυσαπάλλακτος	dusapa/llaktos	urn:cite2:hmt:lsj.chicago_md:n28704	n-p---md-
δυσαπαλλάκτοις	dusapalla/ktois	δυσαπάλλακτος	dusapa/llaktos	urn:cite2:hmt:lsj.chicago_md:n28704	n-p---fd-
δυσαπαλλάκτοις	dusapalla/ktois	δυσαπάλλακτος	dusapa/llaktos	urn:cite2:hmt:lsj.chicago_md:n28704	n-p---nd-
δυσδαίμονα	dusdai/mona	δυσδαίμων	dusdai/mwn	urn:cite2:hmt:lsj.chicago_md:n28795	n-p---nn-
δυσδαίμονα	dusdai/mona	δυσδαίμων	dusdai/mwn	urn:cite2:hmt:lsj.chicago_md:n28795	n-p---nv-
δυσδαίμονα	dusdai/mona	δυσδαίμων	dusdai/mwn	urn:cite2:hmt:lsj.chicago_md:n28795	n-p---na-
δυσδαίμονα	dusdai/mona	δυσδαίμων	dusdai/mwn	urn:cite2:hmt:lsj.chicago_md:n28795	n-s---ma-
δυσδαίμονα	dusdai/mona	δυσδαίμων	dusdai/mwn	urn:cite2:hmt:lsj.chicago_md:n28795	n-s---fa-
δυσμαχοῦντες	dusmaxou=ntes	δυσμαχέω	dusmaxe/w	urn:cite2:hmt:lsj.chicago_md:n29215	v-pppamn-
δυσμαχοῦντες	dusmaxou=ntes	δυσμαχέω	dusmaxe/w	urn:cite2:hmt:lsj.chicago_md:n29215	v-pppamv-
δυσπάρευνον	duspa/reunon	δυσπάρευνος	duspa/reunos	urn:cite2:hmt:lsj.chicago_md:n29366	n-s---ma-
δυσπάρευνον	duspa/reunon	δυσπάρευνος	duspa/reunos	urn:cite2:hmt:lsj.chicago_md:n29366	n-s---fa-
δυσπάρευνον	duspa/reunon	δυσπάρευνος	duspa/reunos	urn:cite2:hmt:lsj.chicago_md:n29366	n-s---nn-
δυσπάρευνον	duspa/reunon	δυσπάρευνος	duspa/reunos	urn:cite2:hmt:lsj.chicago_md:n29366	n-s---nv-
δυσπάρευνον	duspa/reunon	δυσπάρευνος	duspa/reunos	urn:cite2:hmt:lsj.chicago_md:n29366	n-s---na-
δυσπότμους	duspo/tmous	δύσποτμος	du/spotmos	urn:cite2:hmt:lsj.chicago_md:n29442	n-p---ma-
δυσπότμους	duspo/tmous	δύσποτμος	du/spotmos	urn:cite2:hmt:lsj.chicago_md:n29442	n-p---fa-
δυσσεβεῖν	dussebei=n	δυσσεβέω	dussebe/w	urn:cite2:hmt:lsj.chicago_md:n29486	v--pna---
δυσσέβεια	dusse/beia	δυσσέβεια	dusse/beia	urn:cite2:hmt:lsj.chicago_md:n29485	n-s---fn-
δυσσέβεια	dusse/beia	δυσσέβεια	dusse/beia	urn:cite2:hmt:lsj.chicago_md:n29485	n-s---fv-
δυστυχῆ	dustuxh=	δυστυχής	dustuxh/s	urn:cite2:hmt:lsj.chicago_md:n29561	n-p---nn-
δυστυχῆ	dustuxh=	δυστυχής	dustuxh/s	urn:cite2:hmt:lsj.chicago_md:n29561	n-p---nv-
δυστυχῆ	dustuxh=	δυστυχής	dustuxh/s	urn:cite2:hmt:lsj.chicago_md:n29561	n-p---na-
δυστυχῆ	dustuxh=	δυστυχής	dustuxh/s	urn:cite2:hmt:lsj.chicago_md:n29561	n-d---mn-
δυστυχῆ	dustuxh=	δυστυχής	dustuxh/s	urn:cite2:hmt:lsj.chicago_md:n29561	n-d---mv-
δυστυχῆ	dustuxh=	δυστυχής	dustuxh/s	urn:cite2:hmt:lsj.chicago_md:n29561	n-d---ma-
δυστυχῆ	dustuxh=	δυστυχής	dustuxh/s	urn:cite2:hmt:lsj.chicago_md:n29561	n-d---fn-
δυστυχῆ	dustuxh=	δυστυχής	dustuxh/s	urn:cite2:hmt:lsj.chicago_md:n29561	n-d---fv-
δυστυχῆ	dustuxh=	δυστυχής	dustuxh/s	urn:cite2:hmt:lsj.chicago_md:n29561	n-d---fa-
δυστυχῆ	dustuxh=	δυστυχής	dustuxh/s	urn:cite2:hmt:lsj.chicago_md:n29561	n-d---nn-
δυστυχῆ	dustuxh=	δυστυχής	dustuxh/s	urn:cite2:hmt:lsj.chicago_md:n29561	n-d---nv-
δυστυχῆ	dustuxh=	δυστυχής	dustuxh/s	urn:cite2:hmt:lsj.chicago_md:n29561	n-d---na-
δυστυχῆ	dustuxh=	δυστυχής	dustuxh/s	urn:cite2:hmt:lsj.chicago_md:n29561	n-s---ma-
δυστυχῆ	dustuxh=	δυστυχής	dustuxh/s	urn:cite2:hmt:lsj.chicago_md:n29561	n-s---fa-
δυστάλαινα	dusta/laina	δυστάλας	dusta/las	urn:cite2:hmt:lsj.chicago_md:n29510	a-s---fn-
δυστάλαινα	dusta/laina	δυστάλας	dusta/las	urn:cite2:hmt:lsj.chicago_md:n29510	a-s---fv-
δυστάνῳ	dusta/nw|	δύστηνος	du/sthnos	urn:cite2:hmt:lsj.chicago_md:n29524	n-s---md-
δυστάνῳ	dusta/nw|	δύστηνος	du/sthnos	urn:cite2:hmt:lsj.chicago_md:n29524	n-s---fd-
δυστάνῳ	dusta/nw|	δύστηνος	du/sthnos	urn:cite2:hmt:lsj.chicago_md:n29524	n-s---nd-
δωδέκατος	dwde/katos	δωδέκατος	dwde/katos	urn:cite2:hmt:lsj.chicago_md:n29752	a-s---mn-
δωμάτων	dwma/twn	δῶμα	dw=ma	urn:cite2:hmt:lsj.chicago_md:n29773	n-p---ng-
δωμάτων	dwma/twn	δωμάω	dwma/w	urn:cite2:hmt:lsj.chicago_md:n29778	v3ppma---
δωμάτων	dwma/twn	δωμάω	dwma/w	urn:cite2:hmt:lsj.chicago_md:n29778	v3dpma---
δωρημάτων	dwrhma/twn	δώρημα	dw/rhma	urn:cite2:hmt:lsj.chicago_md:n29792	n-p---ng-
δάκνει	da/knei	δάκνω	da/knw	urn:cite2:hmt:lsj.chicago_md:n23283	v2spie---
δάκνει	da/knei	δάκνω	da/knw	urn:cite2:hmt:lsj.chicago_md:n23283	v3spia---
δάκρυ	da/kru	δάκρυον	da/kruon	urn:cite2:hmt:lsj.chicago_md:n23292	n-s---nn-
δάκρυ	da/kru	δάκρυον	da/kruon	urn:cite2:hmt:lsj.chicago_md:n23292	n-s---nv-
δάκρυ	da/kru	δάκρυον	da/kruon	urn:cite2:hmt:lsj.chicago_md:n23292	n-s---na-
δάμαρ	da/mar	δάμαρ	da/mar	urn:cite2:hmt:lsj.chicago_md:n23363	n-s---fn-
δάμαρτα	da/marta	δάμαρ	da/mar	urn:cite2:hmt:lsj.chicago_md:n23363	n-s---fa-
δάμαρτά	da/marta/	δάμαρ	da/mar	urn:cite2:hmt:lsj.chicago_md:n23363	n-s---fa-
δάμαρτ’	da/mart'	δάμαρ	da/mar	urn:cite2:hmt:lsj.chicago_md:n23363	n-s---fa-
δάμαρτ’	da/mart'	δάμαρ	da/mar	urn:cite2:hmt:lsj.chicago_md:n23363	n-s---fd-
δάμαρτ’	da/mart'	δάμαρ	da/mar	urn:cite2:hmt:lsj.chicago_md:n23363	n-d---fn-
δάμαρτ’	da/mart'	δάμαρ	da/mar	urn:cite2:hmt:lsj.chicago_md:n23363	n-d---fv-
δάμαρτ’	da/mart'	δάμαρ	da/mar	urn:cite2:hmt:lsj.chicago_md:n23363	n-d---fa-
δέ	de/	δέ	de/	urn:cite2:hmt:lsj.chicago_md:n23596	g--------
δέδοικα	de/doika	δείδω	dei/dw	urn:cite2:hmt:lsj.chicago_md:n23646	v1sria---
δέδοικας	de/doikas	δείδω	dei/dw	urn:cite2:hmt:lsj.chicago_md:n23646	v2sria---
δέδοκται	de/doktai	δοκέω	doke/w	urn:cite2:hmt:lsj.chicago_md:n27847	v3srie---
δέκα	de/ka	δέκα	de/ka	urn:cite2:hmt:lsj.chicago_md:n23799	m--------
δέκα	de/ka	δεκάω	deka/w	urn:cite2:hmt:lsj.chicago_md:n23928	v2spma---
δέκα	de/ka	δεκάω	deka/w	urn:cite2:hmt:lsj.chicago_md:n23928	v3siia---
δέλτον	de/lton	δέλτος	de/ltos	urn:cite2:hmt:lsj.chicago_md:n23980	n-s---fa-
δέλτον	de/lton	δέλτος	de/ltos	urn:cite2:hmt:lsj.chicago_md:n23981	n-s---fa-
δέλτου	de/ltou	δέλτος	de/ltos	urn:cite2:hmt:lsj.chicago_md:n23980	n-s---fg-
δέλτου	de/ltou	δέλτος	de/ltos	urn:cite2:hmt:lsj.chicago_md:n23981	n-s---fg-
δέμας	de/mas	δέμας	de/mas	urn:cite2:hmt:lsj.chicago_md:n24007	n-s---ng-
δέμας	de/mas	δέμας	de/mas	urn:cite2:hmt:lsj.chicago_md:n24007	n-s---nn-
δέμας	de/mas	δέμας	de/mas	urn:cite2:hmt:lsj.chicago_md:n24007	n-s---nv-
δέμας	de/mas	δέμας	de/mas	urn:cite2:hmt:lsj.chicago_md:n24007	n-s---na-
δέμνια	de/mnia	δέμνιον	de/mnion	urn:cite2:hmt:lsj.chicago_md:n24012	n-p---nn-
δέμνια	de/mnia	δέμνιον	de/mnion	urn:cite2:hmt:lsj.chicago_md:n24012	n-p---nv-
δέμνια	de/mnia	δέμνιον	de/mnion	urn:cite2:hmt:lsj.chicago_md:n24012	n-p---na-
δέξαι	de/cai	δέχομαι	de/xomai	urn:cite2:hmt:lsj.chicago_md:n24289	v2samm---
δέξαι	de/cai	δείκνυμι	dei/knumi	urn:cite2:hmt:lsj.chicago_md:n23658	v2samm---
δέξαι	de/cai	δείκνυμι	dei/knumi	urn:cite2:hmt:lsj.chicago_md:n23658	v--ana---
δέξαι	de/cai	δείκνυμι	dei/knumi	urn:cite2:hmt:lsj.chicago_md:n23658	v3saoa---
δέξεσθ’	de/cesq'	δέχομαι	de/xomai	urn:cite2:hmt:lsj.chicago_md:n24289	v2pfim---
δέξεσθ’	de/cesq'	δέχομαι	de/xomai	urn:cite2:hmt:lsj.chicago_md:n24289	v--fnm---
δέξεσθ’	de/cesq'	δείκνυμι	dei/knumi	urn:cite2:hmt:lsj.chicago_md:n23658	v2pfim---
δέξεσθ’	de/cesq'	δείκνυμι	dei/knumi	urn:cite2:hmt:lsj.chicago_md:n23658	v--fnm---
δέρκομαι	de/rkomai	δέρκομαι	de/rkomai	urn:cite2:hmt:lsj.chicago_md:n24129	v1spim---
δέσποινα	de/spoina	δέσποινα	de/spoina	urn:cite2:hmt:lsj.chicago_md:n24193	n-s---fn-
δέσποινα	de/spoina	δέσποινα	de/spoina	urn:cite2:hmt:lsj.chicago_md:n24193	n-s---fv-
δέσποιναν	de/spoinan	δέσποινα	de/spoina	urn:cite2:hmt:lsj.chicago_md:n24193	n-s---fa-
δέσποιν’	de/spoin'	δέσποινα	de/spoina	urn:cite2:hmt:lsj.chicago_md:n24193	n-s---fn-
δέσποιν’	de/spoin'	δέσποινα	de/spoina	urn:cite2:hmt:lsj.chicago_md:n24193	n-s---fv-
δέσποιν’	de/spoin'	δέσποινα	de/spoina	urn:cite2:hmt:lsj.chicago_md:n24193	n-p---fn-
δέσποιν’	de/spoin'	δέσποινα	de/spoina	urn:cite2:hmt:lsj.chicago_md:n24193	n-p---fv-
δή	dh/	δή	dh/	urn:cite2:hmt:lsj.chicago_md:n24295	g--------
δήπου	dh/pou	δήπου	dh/pou	urn:cite2:hmt:lsj.chicago_md:n24493	g--------
δίδαξον	di/dacon	διδάσκω	dida/skw	urn:cite2:hmt:lsj.chicago_md:n26412	v2sama---
δίδωσι	di/dwsi	δίδωμι	di/dwmi	urn:cite2:hmt:lsj.chicago_md:n26447	v3spia---
δίκαια	di/kaia	δίκαιος	di/kaios	urn:cite2:hmt:lsj.chicago_md:n26886	a-p---nn-
δίκαια	di/kaia	δίκαιος	di/kaios	urn:cite2:hmt:lsj.chicago_md:n26886	a-p---nv-
δίκαια	di/kaia	δίκαιος	di/kaios	urn:cite2:hmt:lsj.chicago_md:n26886	a-p---na-
δίκαια	di/kaia	δίκαιος	di/kaios	urn:cite2:hmt:lsj.chicago_md:n26886	n-p---nn-
δίκαια	di/kaia	δίκαιος	di/kaios	urn:cite2:hmt:lsj.chicago_md:n26886	n-p---nv-
δίκαια	di/kaia	δίκαιος	di/kaios	urn:cite2:hmt:lsj.chicago_md:n26886	n-p---na-
δίκαιον	di/kaion	δίκαιος	di/kaios	urn:cite2:hmt:lsj.chicago_md:n26886	a-s---ma-
δίκαιον	di/kaion	δίκαιος	di/kaios	urn:cite2:hmt:lsj.chicago_md:n26886	a-s---nn-
δίκαιον	di/kaion	δίκαιος	di/kaios	urn:cite2:hmt:lsj.chicago_md:n26886	a-s---nv-
δίκαιον	di/kaion	δίκαιος	di/kaios	urn:cite2:hmt:lsj.chicago_md:n26886	a-s---na-
δίκαιον	di/kaion	δίκαιος	di/kaios	urn:cite2:hmt:lsj.chicago_md:n26886	n-s---ma-
δίκαιον	di/kaion	δίκαιος	di/kaios	urn:cite2:hmt:lsj.chicago_md:n26886	n-s---fa-
δίκαιον	di/kaion	δίκαιος	di/kaios	urn:cite2:hmt:lsj.chicago_md:n26886	n-s---nn-
δίκαιον	di/kaion	δίκαιος	di/kaios	urn:cite2:hmt:lsj.chicago_md:n26886	n-s---nv-
δίκαιον	di/kaion	δίκαιος	di/kaios	urn:cite2:hmt:lsj.chicago_md:n26886	n-s---na-
δίκαιος	di/kaios	δίκαιος	di/kaios	urn:cite2:hmt:lsj.chicago_md:n26886	a-s---mn-
δίκαιος	di/kaios	δίκαιος	di/kaios	urn:cite2:hmt:lsj.chicago_md:n26886	n-s---mn-
δίκαιος	di/kaios	δίκαιος	di/kaios	urn:cite2:hmt:lsj.chicago_md:n26886	n-s---fn-
δίκαιά	di/kaia/	δίκαιος	di/kaios	urn:cite2:hmt:lsj.chicago_md:n26886	a-p---nn-
δίκαιά	di/kaia/	δίκαιος	di/kaios	urn:cite2:hmt:lsj.chicago_md:n26886	a-p---nv-
δίκαιά	di/kaia/	δίκαιος	di/kaios	urn:cite2:hmt:lsj.chicago_md:n26886	a-p---na-
δίκαιά	di/kaia/	δίκαιος	di/kaios	urn:cite2:hmt:lsj.chicago_md:n26886	n-p---nn-
δίκαιά	di/kaia/	δίκαιος	di/kaios	urn:cite2:hmt:lsj.chicago_md:n26886	n-p---nv-
δίκαιά	di/kaia/	δίκαιος	di/kaios	urn:cite2:hmt:lsj.chicago_md:n26886	n-p---na-
δίκην	di/khn	δίκη	di/kh	urn:cite2:hmt:lsj.chicago_md:n26943	n-s---fa-
δίκης	di/khs	δίκη	di/kh	urn:cite2:hmt:lsj.chicago_md:n26943	n-s---fg-
δίκῃ	di/kh|	δίκη	di/kh	urn:cite2:hmt:lsj.chicago_md:n26943	n-s---fd-
δίκῃ	di/kh|	δικεῖν	dikei=n	urn:cite2:hmt:lsj.chicago_md:n26929	v2sase---
δίκῃ	di/kh|	δικεῖν	dikei=n	urn:cite2:hmt:lsj.chicago_md:n26929	v3sasa---
δίχα	di/xa	δίχα	di/xa	urn:cite2:hmt:lsj.chicago_md:n27629	d--------
δίχα	di/xa	διχάω	dixa/w	urn:cite2:hmt:lsj.chicago_md:n27648	v2spma---
δίχα	di/xa	διχάω	dixa/w	urn:cite2:hmt:lsj.chicago_md:n27648	v3siia---
δόκησιν	do/khsin	δόκησις	do/khsis	urn:cite2:hmt:lsj.chicago_md:n27852	n-s---fa-
δόλῳ	do/lw|	δόλος	do/los	urn:cite2:hmt:lsj.chicago_md:n27945	n-s---md-
δόλῳ	do/lw|	δόλος	do/los	urn:cite2:hmt:lsj.chicago_md:n27946	n-s---md-
δόμοις	do/mois	δόμος	do/mos	urn:cite2:hmt:lsj.chicago_md:n27980	n-p---md-
δόμοισι	do/moisi	δόμος	do/mos	urn:cite2:hmt:lsj.chicago_md:n27980	n-p---md-
δόμοισιν	do/moisin	δόμος	do/mos	urn:cite2:hmt:lsj.chicago_md:n27980	n-p---md-
δόμους	do/mous	δόμος	do/mos	urn:cite2:hmt:lsj.chicago_md:n27980	n-p---ma-
δόμους	do/mous	δομόω	domo/w	urn:cite2:hmt:lsj.chicago_md:n27983	v2siia---
δόμων	do/mwn	δόμος	do/mos	urn:cite2:hmt:lsj.chicago_md:n27980	n-p---mg-
δόμων	do/mwn	δομάω	doma/w	urn:cite2:hmt:lsj.chicago_md:n27971	v3piia---
δόμων	do/mwn	δομάω	doma/w	urn:cite2:hmt:lsj.chicago_md:n27971	v1siia---
δόξῃ	do/ch|	δόξα	do/ca	urn:cite2:hmt:lsj.chicago_md:n28002	n-s---fd-
δόξῃ	do/ch|	δόξις	do/cis	urn:cite2:hmt:lsj.chicago_md:n28013	n-s---fd-
δόξῃ	do/ch|	δοκέω	doke/w	urn:cite2:hmt:lsj.chicago_md:n27847	v2sasm---
δόξῃ	do/ch|	δοκέω	doke/w	urn:cite2:hmt:lsj.chicago_md:n27847	v3sasa---
δόξῃ	do/ch|	δοκέω	doke/w	urn:cite2:hmt:lsj.chicago_md:n27847	v2sfim---
δόρει	do/rei	δόρυ	do/ru	urn:cite2:hmt:lsj.chicago_md:n28101	n-s---nd-
δός	do/s	δίδωμι	di/dwmi	urn:cite2:hmt:lsj.chicago_md:n26447	v2sama---
δύναιτο	du/naito	δύναμαι	du/namai	urn:cite2:hmt:lsj.chicago_md:n28566	v3spoe---
δύναιτ’	du/nait'	δύναμαι	du/namai	urn:cite2:hmt:lsj.chicago_md:n28566	v3spoe---
δύναιτ’	du/nait'	δύω2	du/w	urn:cite2:hmt:lsj.chicago_md:n29676	v2paoa---
δύναιτ’	du/nait'	δύω2	du/w	urn:cite2:hmt:lsj.chicago_md:n29677	v2paoa---
δύο	du/o	δύο	du/o	urn:cite2:hmt:lsj.chicago_md:n28592	m--------
δύσκριτ’	du/skrit'	δύσκριτος	du/skritos	urn:cite2:hmt:lsj.chicago_md:n29184	n-p---nn-
δύσκριτ’	du/skrit'	δύσκριτος	du/skritos	urn:cite2:hmt:lsj.chicago_md:n29184	n-p---nv-
δύσκριτ’	du/skrit'	δύσκριτος	du/skritos	urn:cite2:hmt:lsj.chicago_md:n29184	n-p---na-
δύσκριτ’	du/skrit'	δύσκριτος	du/skritos	urn:cite2:hmt:lsj.chicago_md:n29184	n-s---mv-
δύσκριτ’	du/skrit'	δύσκριτος	du/skritos	urn:cite2:hmt:lsj.chicago_md:n29184	n-s---fv-
δύσμορον	du/smoron	δύσμορος	du/smoros	urn:cite2:hmt:lsj.chicago_md:n29256	n-s---ma-
δύσμορον	du/smoron	δύσμορος	du/smoros	urn:cite2:hmt:lsj.chicago_md:n29256	n-s---fa-
δύσμορον	du/smoron	δύσμορος	du/smoros	urn:cite2:hmt:lsj.chicago_md:n29256	n-s---nn-
δύσμορον	du/smoron	δύσμορος	du/smoros	urn:cite2:hmt:lsj.chicago_md:n29256	n-s---nv-
δύσμορον	du/smoron	δύσμορος	du/smoros	urn:cite2:hmt:lsj.chicago_md:n29256	n-s---na-
δύσμορος	du/smoros	δύσμορος	du/smoros	urn:cite2:hmt:lsj.chicago_md:n29256	n-s---mn-
δύσμορος	du/smoros	δύσμορος	du/smoros	urn:cite2:hmt:lsj.chicago_md:n29256	n-s---fn-
δύσνιπτον	du/snipton	δύσνιπτος	du/sniptos	urn:cite2:hmt:lsj.chicago_md:n29262	n-s---ma-
δύσνιπτον	du/snipton	δύσνιπτος	du/sniptos	urn:cite2:hmt:lsj.chicago_md:n29262	n-s---fa-
δύσνιπτον	du/snipton	δύσνιπτος	du/sniptos	urn:cite2:hmt:lsj.chicago_md:n29262	n-s---nn-
δύσνιπτον	du/snipton	δύσνιπτος	du/sniptos	urn:cite2:hmt:lsj.chicago_md:n29262	n-s---nv-
δύσνιπτον	du/snipton	δύσνιπτος	du/sniptos	urn:cite2:hmt:lsj.chicago_md:n29262	n-s---na-
δύσοργος	du/sorgos	δύσοργος	du/sorgos	urn:cite2:hmt:lsj.chicago_md:n29317	n-s---mn-
δύσοργος	du/sorgos	δύσοργος	du/sorgos	urn:cite2:hmt:lsj.chicago_md:n29317	n-s---fn-
δύστανον	du/stanon	δύστηνος	du/sthnos	urn:cite2:hmt:lsj.chicago_md:n29524	n-s---ma-
δύστανον	du/stanon	δύστηνος	du/sthnos	urn:cite2:hmt:lsj.chicago_md:n29524	n-s---fa-
δύστανον	du/stanon	δύστηνος	du/sthnos	urn:cite2:hmt:lsj.chicago_md:n29524	n-s---nn-
δύστανον	du/stanon	δύστηνος	du/sthnos	urn:cite2:hmt:lsj.chicago_md:n29524	n-s---nv-
δύστανον	du/stanon	δύστηνος	du/sthnos	urn:cite2:hmt:lsj.chicago_md:n29524	n-s---na-
δύστηνον	du/sthnon	δύστηνος	du/sthnos	urn:cite2:hmt:lsj.chicago_md:n29524	n-s---ma-
δύστηνον	du/sthnon	δύστηνος	du/sthnos	urn:cite2:hmt:lsj.chicago_md:n29524	n-s---fa-
δύστηνον	du/sthnon	δύστηνος	du/sthnos	urn:cite2:hmt:lsj.chicago_md:n29524	n-s---nn-
δύστηνον	du/sthnon	δύστηνος	du/sthnos	urn:cite2:hmt:lsj.chicago_md:n29524	n-s---nv-
δύστηνον	du/sthnon	δύστηνος	du/sthnos	urn:cite2:hmt:lsj.chicago_md:n29524	n-s---na-
δύστηνος	du/sthnos	δύστηνος	du/sthnos	urn:cite2:hmt:lsj.chicago_md:n29524	n-s---mn-
δύστηνος	du/sthnos	δύστηνος	du/sthnos	urn:cite2:hmt:lsj.chicago_md:n29524	n-s---fn-
δώδεκα	dw/deka	δώδεκα	dw/deka	urn:cite2:hmt:lsj.chicago_md:n29698	m--------
δώματα	dw/mata	δῶμα	dw=ma	urn:cite2:hmt:lsj.chicago_md:n29773	n-p---nn-
δώματα	dw/mata	δῶμα	dw=ma	urn:cite2:hmt:lsj.chicago_md:n29773	n-p---nv-
δώματα	dw/mata	δῶμα	dw=ma	urn:cite2:hmt:lsj.chicago_md:n29773	n-p---na-
δώρημα	dw/rhma	δώρημα	dw/rhma	urn:cite2:hmt:lsj.chicago_md:n29792	n-s---nn-
δώρημα	dw/rhma	δώρημα	dw/rhma	urn:cite2:hmt:lsj.chicago_md:n29792	n-s---nv-
δώρημα	dw/rhma	δώρημα	dw/rhma	urn:cite2:hmt:lsj.chicago_md:n29792	n-s---na-
δώρημ’	dw/rhm'	δώρημα	dw/rhma	urn:cite2:hmt:lsj.chicago_md:n29792	n-s---nn-
δώρημ’	dw/rhm'	δώρημα	dw/rhma	urn:cite2:hmt:lsj.chicago_md:n29792	n-s---nv-
δώρημ’	dw/rhm'	δώρημα	dw/rhma	urn:cite2:hmt:lsj.chicago_md:n29792	n-s---na-
δώρων	dw/rwn	δῶρον	dw=ron	urn:cite2:hmt:lsj.chicago_md:n29828	n-p---ng-
δῆθεν	dh=qen	δέομαι	de/omai	urn:cite2:hmt:lsj.chicago_md:n24292	v3paie---
δῆθεν	dh=qen	δέομαι	de/omai	urn:cite2:hmt:lsj.chicago_md:n24293	v3paie---
δῆτα	dh=ta	δῆτα	dh=ta	urn:cite2:hmt:lsj.chicago_md:n24506	d--------
δῶρα	dw=ra	δῶρον	dw=ron	urn:cite2:hmt:lsj.chicago_md:n29828	n-p---nn-
δῶρα	dw=ra	δῶρον	dw=ron	urn:cite2:hmt:lsj.chicago_md:n29828	n-p---nv-
δῶρα	dw=ra	δῶρον	dw=ron	urn:cite2:hmt:lsj.chicago_md:n29828	n-p---na-
δῶρον	dw=ron	δῶρον	dw=ron	urn:cite2:hmt:lsj.chicago_md:n29828	n-s---nn-
δῶρον	dw=ron	δῶρον	dw=ron	urn:cite2:hmt:lsj.chicago_md:n29828	n-s---nv-
δῶρον	dw=ron	δῶρον	dw=ron	urn:cite2:hmt:lsj.chicago_md:n29828	n-s---na-
εἰ	ei)	εἰ	ei)	urn:cite2:hmt:lsj.chicago_md:n30817	c--------
εἰδέναι	ei)de/nai	οἶδα	oi)=da	urn:cite2:hmt:lsj.chicago_md:n72202	v--rna---
εἰδότες	ei)do/tes	οἶδα	oi)=da	urn:cite2:hmt:lsj.chicago_md:n72202	v-prpamn-
εἰδότες	ei)do/tes	οἶδα	oi)=da	urn:cite2:hmt:lsj.chicago_md:n72202	v-prpamv-
εἰδώς	ei)dw/s	εἰδοί	ei)doi/	urn:cite2:hmt:lsj.chicago_md:n30858	n-p---ma-
εἰδώς	ei)dw/s	οἶδα	oi)=da	urn:cite2:hmt:lsj.chicago_md:n72202	v-srpamn-
εἰδώς	ei)dw/s	οἶδα	oi)=da	urn:cite2:hmt:lsj.chicago_md:n72202	v-srpamv-
εἰδῇς	ei)dh=|s	οἶδα	oi)=da	urn:cite2:hmt:lsj.chicago_md:n72202	v2srsa---
εἰδῶ	ei)dw=	οἶδα	oi)=da	urn:cite2:hmt:lsj.chicago_md:n72202	v1srsa---
εἰκαθόντα	ei)kaqo/nta	εἴκω	ei)/kw	urn:cite2:hmt:lsj.chicago_md:n31035	v-papann-
εἰκαθόντα	ei)kaqo/nta	εἴκω	ei)/kw	urn:cite2:hmt:lsj.chicago_md:n31035a	v-papann-
εἰκαθόντα	ei)kaqo/nta	εἴκω	ei)/kw	urn:cite2:hmt:lsj.chicago_md:n31036	v-papann-
εἰκαθόντα	ei)kaqo/nta	εἴκω	ei)/kw	urn:cite2:hmt:lsj.chicago_md:n31035	v-papanv-
εἰκαθόντα	ei)kaqo/nta	εἴκω	ei)/kw	urn:cite2:hmt:lsj.chicago_md:n31035a	v-papanv-
εἰκαθόντα	ei)kaqo/nta	εἴκω	ei)/kw	urn:cite2:hmt:lsj.chicago_md:n31036	v-papanv-
εἰκαθόντα	ei)kaqo/nta	εἴκω	ei)/kw	urn:cite2:hmt:lsj.chicago_md:n31035	v-papana-
εἰκαθόντα	ei)kaqo/nta	εἴκω	ei)/kw	urn:cite2:hmt:lsj.chicago_md:n31035a	v-papana-
εἰκαθόντα	ei)kaqo/nta	εἴκω	ei)/kw	urn:cite2:hmt:lsj.chicago_md:n31036	v-papana-
εἰκαθόντα	ei)kaqo/nta	εἴκω	ei)/kw	urn:cite2:hmt:lsj.chicago_md:n31035	v-sapama-
εἰκαθόντα	ei)kaqo/nta	εἴκω	ei)/kw	urn:cite2:hmt:lsj.chicago_md:n31035a	v-sapama-
εἰκαθόντα	ei)kaqo/nta	εἴκω	ei)/kw	urn:cite2:hmt:lsj.chicago_md:n31036	v-sapama-
εἰκαστόν	ei)kasto/n	εἰκαστός	ei)kasto/s	urn:cite2:hmt:lsj.chicago_md:n30934	a-s---ma-
εἰκαστόν	ei)kasto/n	εἰκαστός	ei)kasto/s	urn:cite2:hmt:lsj.chicago_md:n30934	a-s---nn-
εἰκαστόν	ei)kasto/n	εἰκαστός	ei)kasto/s	urn:cite2:hmt:lsj.chicago_md:n30934	a-s---nv-
εἰκαστόν	ei)kasto/n	εἰκαστός	ei)kasto/s	urn:cite2:hmt:lsj.chicago_md:n30934	a-s---na-
εἰκός	ei)ko/s	ἔοικα	e)/oika	urn:cite2:hmt:lsj.chicago_md:n37776	v-srpann-
εἰκός	ei)ko/s	ἔοικα	e)/oika	urn:cite2:hmt:lsj.chicago_md:n37776	v-srpanv-
εἰκός	ei)ko/s	ἔοικα	e)/oika	urn:cite2:hmt:lsj.chicago_md:n37776	v-srpana-
εἰκός	ei)ko/s	εἰκός	ei)ko/s	urn:cite2:hmt:lsj.chicago_md:n30962	v-srpann-
εἰκός	ei)ko/s	εἰκός	ei)ko/s	urn:cite2:hmt:lsj.chicago_md:n30962	v-srpanv-
εἰκός	ei)ko/s	εἰκός	ei)ko/s	urn:cite2:hmt:lsj.chicago_md:n30962	v-srpana-
εἰμι	ei)mi	εἰμί	ei)mi/	urn:cite2:hmt:lsj.chicago_md:n31130	v1spia---
εἰμί	ei)mi/	εἰμί	ei)mi/	urn:cite2:hmt:lsj.chicago_md:n31130	v1spia---
εἰπεῖν	ei)pei=n	εἶπον	ei)=pon	urn:cite2:hmt:lsj.chicago_md:n31161	v--ana---
εἰπέ	ei)pe/	εἶπον	ei)=pon	urn:cite2:hmt:lsj.chicago_md:n31161	v2sama---
εἰπών	ei)pw/n	εἶπον	ei)=pon	urn:cite2:hmt:lsj.chicago_md:n31161	v-sapamn-
εἰργάσθαι	ei)rga/sqai	ἐργάζομαι	e)rga/zomai	urn:cite2:hmt:lsj.chicago_md:n42159	v--rne---
εἰρηκέναι	ei)rhke/nai	ἐρῶ	e)rw=	urn:cite2:hmt:lsj.chicago_md:n42830	v--rna---
εἰρημένης	ei)rhme/nhs	ἐρῶ	e)rw=	urn:cite2:hmt:lsj.chicago_md:n42830	v-srpefg-
εἰς	ei)s	εἰς	ei)s	urn:cite2:hmt:lsj.chicago_md:n31235	r--------
εἰσαεί	ei)saei/	εἰσαεί	ei)saei/	urn:cite2:hmt:lsj.chicago_md:n31254	d--------
εἰσδέδεγμαι	ei)sde/degmai	εἰσδέχομαι	ei)sde/xomai	urn:cite2:hmt:lsj.chicago_md:n31323	v1srie---
εἰσεγραψάμην	ei)segraya/mhn	εἰσγράφω	ei)sgra/fw	urn:cite2:hmt:lsj.chicago_md:n31319	v1saim---
εἰσιδοῦσ’	ei)sidou=s'	εἰσ-εἶδον	ei)s-ei)=don	urn:cite2:hmt:lsj.chicago_md:n31332	v-sapafn-
εἰσιδοῦσ’	ei)sidou=s'	εἰσ-εἶδον	ei)s-ei)=don	urn:cite2:hmt:lsj.chicago_md:n31332	v-sapafv-
εἰσιδοῦσ’	ei)sidou=s'	εἰσ-εἶδον	ei)s-ei)=don	urn:cite2:hmt:lsj.chicago_md:n31332	v-papamd-
εἰσιδοῦσ’	ei)sidou=s'	εἰσ-εἶδον	ei)s-ei)=don	urn:cite2:hmt:lsj.chicago_md:n31332	v-papand-
εἰσιδοῦσ’	ei)sidou=s'	εἰσ-εἶδον	ei)s-ei)=don	urn:cite2:hmt:lsj.chicago_md:n31332	v-papafn-
εἰσιδοῦσ’	ei)sidou=s'	εἰσ-εἶδον	ei)s-ei)=don	urn:cite2:hmt:lsj.chicago_md:n31332	v-papafv-
εἰσιδών	ei)sidw/n	εἰσ-εἶδον	ei)s-ei)=don	urn:cite2:hmt:lsj.chicago_md:n31332	v-sapamn-
εἰσορμωμένην	ei)sormwme/nhn	εἰσορμάω	ei)sorma/w	urn:cite2:hmt:lsj.chicago_md:n31475	v-sppefa-
εἰσορμωμένην	ei)sormwme/nhn	εἰσορμάω	ei)sorma/w	urn:cite2:hmt:lsj.chicago_md:n31475	v-sppefa-
εἰσορωμένη	ei)sorwme/nh	εἰσοράω	ei)sora/w	urn:cite2:hmt:lsj.chicago_md:n31474	v-sppefn-
εἰσορωμένη	ei)sorwme/nh	εἰσοράω	ei)sora/w	urn:cite2:hmt:lsj.chicago_md:n31474	v-sppefv-
εἰσορωμένη	ei)sorwme/nh	εἰσοράω	ei)sora/w	urn:cite2:hmt:lsj.chicago_md:n31474	v-sppmfn-
εἰσορωμένη	ei)sorwme/nh	εἰσοράω	ei)sora/w	urn:cite2:hmt:lsj.chicago_md:n31474	v-sppmfv-
εἰσορωμένη	ei)sorwme/nh	εἰσοράω	ei)sora/w	urn:cite2:hmt:lsj.chicago_md:n31474	v-sppefn-
εἰσορωμένη	ei)sorwme/nh	εἰσοράω	ei)sora/w	urn:cite2:hmt:lsj.chicago_md:n31474	v-sppefv-
εἰσορᾷς	ei)sora=|s	εἰσοράω	ei)sora/w	urn:cite2:hmt:lsj.chicago_md:n31474	v2spsa---
εἰσορᾷς	ei)sora=|s	εἰσοράω	ei)sora/w	urn:cite2:hmt:lsj.chicago_md:n31474	v2spia---
εἰσορᾷς	ei)sora=|s	εἰσοράω	ei)sora/w	urn:cite2:hmt:lsj.chicago_md:n31474	v2spsa---
εἰσορᾷς	ei)sora=|s	εἰσοράω	ei)sora/w	urn:cite2:hmt:lsj.chicago_md:n31474	v2spia---
εἰσορῶ	ei)sorw=	εἰσοράω	ei)sora/w	urn:cite2:hmt:lsj.chicago_md:n31474	v2spme---
εἰσορῶ	ei)sorw=	εἰσοράω	ei)sora/w	urn:cite2:hmt:lsj.chicago_md:n31474	v1spsa---
εἰσορῶ	ei)sorw=	εἰσοράω	ei)sora/w	urn:cite2:hmt:lsj.chicago_md:n31474	v1spia---
εἰσορῶ	ei)sorw=	εἰσοράω	ei)sora/w	urn:cite2:hmt:lsj.chicago_md:n31474	v1spsa---
εἰσορῶ	ei)sorw=	εἰσοράω	ei)sora/w	urn:cite2:hmt:lsj.chicago_md:n31474	v1spia---
εἰσορῶ	ei)sorw=	εἰσοράω	ei)sora/w	urn:cite2:hmt:lsj.chicago_md:n31474	v2spmm---
εἰσορῶ	ei)sorw=	εἰσοράω	ei)sora/w	urn:cite2:hmt:lsj.chicago_md:n31474	v2spme---
εἰσορῶ	ei)sorw=	εἰσοράω	ei)sora/w	urn:cite2:hmt:lsj.chicago_md:n31474	v1spsa---
εἰσορῶ	ei)sorw=	εἰσοράω	ei)sora/w	urn:cite2:hmt:lsj.chicago_md:n31474	v1spia---
εἰσορῶ	ei)sorw=	εἰσοράω	ei)sora/w	urn:cite2:hmt:lsj.chicago_md:n31474	v1spsa---
εἰσορῶ	ei)sorw=	εἰσοράω	ei)sora/w	urn:cite2:hmt:lsj.chicago_md:n31474	v1spia---
εἰσορῶ	ei)sorw=	εἰσοράω	ei)sora/w	urn:cite2:hmt:lsj.chicago_md:n31474	v2siie---
εἰσορῶ	ei)sorw=	εἰσοράω	ei)sora/w	urn:cite2:hmt:lsj.chicago_md:n31474	v2siie---
εἰσορῶ	ei)sorw=	εἰσοράω	ei)sora/w	urn:cite2:hmt:lsj.chicago_md:n31474	v2siim---
εἰσάγει	ei)sa/gei	εἰσάγω	ei)sa/gw	urn:cite2:hmt:lsj.chicago_md:n31246	v2spie---
εἰσάγει	ei)sa/gei	εἰσάγω	ei)sa/gw	urn:cite2:hmt:lsj.chicago_md:n31246	v3spia---
εἰσέβη	ei)se/bh	εἰσβαίνω	ei)sbai/nw	urn:cite2:hmt:lsj.chicago_md:n31305	v3saia---
εἰσήκουσας	ei)sh/kousas	εἰσακούω	ei)sakou/w	urn:cite2:hmt:lsj.chicago_md:n31263	v2saia---
εἰσήκουσ’	ei)sh/kous'	εἰσακούω	ei)sakou/w	urn:cite2:hmt:lsj.chicago_md:n31263	v1saia---
εἰσήκουσ’	ei)sh/kous'	εἰσακούω	ei)sakou/w	urn:cite2:hmt:lsj.chicago_md:n31263	v2slie---
εἰσήκουσ’	ei)sh/kous'	εἰσακούω	ei)sakou/w	urn:cite2:hmt:lsj.chicago_md:n31263	v2srme---
εἰσήκουσ’	ei)sh/kous'	εἰσακούω	ei)sakou/w	urn:cite2:hmt:lsj.chicago_md:n31263	v3saia---
εἰσήκουσ’	ei)sh/kous'	εἰσακούω	ei)sakou/w	urn:cite2:hmt:lsj.chicago_md:n31263	v2srie---
εἰσήκουσ’	ei)sh/kous'	εἰσήκω	ei)sh/kw	urn:cite2:hmt:lsj.chicago_md:n31365	v-sppafn-
εἰσήκουσ’	ei)sh/kous'	εἰσήκω	ei)sh/kw	urn:cite2:hmt:lsj.chicago_md:n31365	v-sppafv-
εἰσήκουσ’	ei)sh/kous'	εἰσήκω	ei)sh/kw	urn:cite2:hmt:lsj.chicago_md:n31365	v-pppamd-
εἰσήκουσ’	ei)sh/kous'	εἰσήκω	ei)sh/kw	urn:cite2:hmt:lsj.chicago_md:n31365	v-pppand-
εἰσήκουσ’	ei)sh/kous'	εἰσήκω	ei)sh/kw	urn:cite2:hmt:lsj.chicago_md:n31365	v3ppia---
εἰσήκουσ’	ei)sh/kous'	εἰσήκω	ei)sh/kw	urn:cite2:hmt:lsj.chicago_md:n31365	v-pppafn-
εἰσήκουσ’	ei)sh/kous'	εἰσήκω	ei)sh/kw	urn:cite2:hmt:lsj.chicago_md:n31365	v-pppafv-
εἰσί	ei)si/	εἰμί	ei)mi/	urn:cite2:hmt:lsj.chicago_md:n31130	v3ppia---
εἰσίδοι	ei)si/doi	εἰσ-εἶδον	ei)s-ei)=don	urn:cite2:hmt:lsj.chicago_md:n31332	v3saoa---
εἰσίδοιμί	ei)si/doimi/	εἰσ-εἶδον	ei)s-ei)=don	urn:cite2:hmt:lsj.chicago_md:n31332	v1saoa---
εἰσίδοιτο	ei)si/doito	εἰσ-εἶδον	ei)s-ei)=don	urn:cite2:hmt:lsj.chicago_md:n31332	v3saom---
εἰσίτω	ei)si/tw	εἴσειμι	ei)/seimi	urn:cite2:hmt:lsj.chicago_md:n31333	v3spma---
εἰσόμεσθα	ei)so/mesqa	εἶμι	ei)=mi	urn:cite2:hmt:lsj.chicago_md:n31131	v1pfim---
εἰσόμεσθα	ei)so/mesqa	οἶδα	oi)=da	urn:cite2:hmt:lsj.chicago_md:n72202	v1pfim---
εἱλόμην	ei(lo/mhn	αἱρέω	ai(re/w	urn:cite2:hmt:lsj.chicago_md:n2654	v1saim---
εἱμαρμένα	ei(marme/na	μείρομαι	mei/romai	urn:cite2:hmt:lsj.chicago_md:n65755	v-prpenn-
εἱμαρμένα	ei(marme/na	μείρομαι	mei/romai	urn:cite2:hmt:lsj.chicago_md:n65756	v-prpenn-
εἱμαρμένα	ei(marme/na	μείρομαι	mei/romai	urn:cite2:hmt:lsj.chicago_md:n65755	v-prpenv-
εἱμαρμένα	ei(marme/na	μείρομαι	mei/romai	urn:cite2:hmt:lsj.chicago_md:n65756	v-prpenv-
εἱμαρμένα	ei(marme/na	μείρομαι	mei/romai	urn:cite2:hmt:lsj.chicago_md:n65755	v-prpena-
εἱμαρμένα	ei(marme/na	μείρομαι	mei/romai	urn:cite2:hmt:lsj.chicago_md:n65756	v-prpena-
εἱμαρμένα	ei(marme/na	μείρομαι	mei/romai	urn:cite2:hmt:lsj.chicago_md:n65755	v-drpefn-
εἱμαρμένα	ei(marme/na	μείρομαι	mei/romai	urn:cite2:hmt:lsj.chicago_md:n65756	v-drpefn-
εἱμαρμένα	ei(marme/na	μείρομαι	mei/romai	urn:cite2:hmt:lsj.chicago_md:n65755	v-drpefv-
εἱμαρμένα	ei(marme/na	μείρομαι	mei/romai	urn:cite2:hmt:lsj.chicago_md:n65756	v-drpefv-
εἱμαρμένα	ei(marme/na	μείρομαι	mei/romai	urn:cite2:hmt:lsj.chicago_md:n65755	v-drpefa-
εἱμαρμένα	ei(marme/na	μείρομαι	mei/romai	urn:cite2:hmt:lsj.chicago_md:n65756	v-drpefa-
εἱμαρμένα	ei(marme/na	μείρομαι	mei/romai	urn:cite2:hmt:lsj.chicago_md:n65755	v-srpefn-
εἱμαρμένα	ei(marme/na	μείρομαι	mei/romai	urn:cite2:hmt:lsj.chicago_md:n65756	v-srpefn-
εἱμαρμένα	ei(marme/na	μείρομαι	mei/romai	urn:cite2:hmt:lsj.chicago_md:n65755	v-srpefv-
εἱμαρμένα	ei(marme/na	μείρομαι	mei/romai	urn:cite2:hmt:lsj.chicago_md:n65756	v-srpefv-
εἱπόμην	ei(po/mhn	ἕπομαι	e(/pomai	urn:cite2:hmt:lsj.chicago_md:n41798	v1siie---
εἴ	ei)/	εἰ	ei)	urn:cite2:hmt:lsj.chicago_md:n30817	c--------
εἴα	ei)/a	ἐάω	e)a/w	urn:cite2:hmt:lsj.chicago_md:n29883	v3siia---
εἴα	ei)/a	ἐάω	e)a/w	urn:cite2:hmt:lsj.chicago_md:n29883	v2spma---
εἴα	ei)/a	ἐάω	e)a/w	urn:cite2:hmt:lsj.chicago_md:n29883	v3siia---
εἴα	ei)/a	ἐάω	e)a/w	urn:cite2:hmt:lsj.chicago_md:n29883	v3siia---
εἴδετε	ei)/dete	εἶδον	ei)=don	urn:cite2:hmt:lsj.chicago_md:n30859a	v2paia---
εἴδετε	ei)/dete	οἶδα	oi)=da	urn:cite2:hmt:lsj.chicago_md:n72202	v2prsa---
εἴπερ	ei)/per	εἴπερ	ei)/per	urn:cite2:hmt:lsj.chicago_md:n31159	c--------
εἴπῃς	ei)/ph|s	εἶπον	ei)=pon	urn:cite2:hmt:lsj.chicago_md:n31161	v2sasa---
εἴπῃς	ei)/ph|s	εἶπον	ei)=pon	urn:cite2:hmt:lsj.chicago_md:n31161	v2sasa---
εἴπ’	ei)/p'	εἶπον	ei)=pon	urn:cite2:hmt:lsj.chicago_md:n31161	v2sama---
εἴργασαι	ei)/rgasai	ἐργάζομαι	e)rga/zomai	urn:cite2:hmt:lsj.chicago_md:n42159	v2srie---
εἴργει	ei)/rgei	ἔργω1	e)/rgw	urn:cite2:hmt:lsj.chicago_md:n42224	v2spie---
εἴργει	ei)/rgei	ἔργω1	e)/rgw	urn:cite2:hmt:lsj.chicago_md:n42225	v2spie---
εἴργει	ei)/rgei	ἔργω1	e)/rgw	urn:cite2:hmt:lsj.chicago_md:n42224	v3spia---
εἴργει	ei)/rgei	ἔργω1	e)/rgw	urn:cite2:hmt:lsj.chicago_md:n42225	v3spia---
εἴργεται	ei)/rgetai	ἔργω1	e)/rgw	urn:cite2:hmt:lsj.chicago_md:n42224	v3spie---
εἴργεται	ei)/rgetai	ἔργω1	e)/rgw	urn:cite2:hmt:lsj.chicago_md:n42225	v3spie---
εἴρηκας	ei)/rhkas	ἐρῶ	e)rw=	urn:cite2:hmt:lsj.chicago_md:n42830	v2sria---
εἴρηκεν	ei)/rhken	ἐρῶ	e)rw=	urn:cite2:hmt:lsj.chicago_md:n42830	v3plia---
εἴρηκεν	ei)/rhken	ἐρῶ	e)rw=	urn:cite2:hmt:lsj.chicago_md:n42830	v3sria---
εἴσω	ei)/sw	εἴδομαι	ei)/domai	urn:cite2:hmt:lsj.chicago_md:n30858a	v1sasa---
εἴσω	ei)/sw	εἴσω	ei)/sw	urn:cite2:hmt:lsj.chicago_md:n31555	d--------
εἴσ’	ei)/s'	εἰμί	ei)mi/	urn:cite2:hmt:lsj.chicago_md:n31130	v3ppia---
εἴτε	ei)/te	εἴτε	ei)/te	urn:cite2:hmt:lsj.chicago_md:n31565	d--------
εἴχομεν	ei)/xomen	ἔχω	e)/xw	urn:cite2:hmt:lsj.chicago_md:n45996	v1piia---
εἴχομεν	ei)/xomen	ἔχω	e)/xw	urn:cite2:hmt:lsj.chicago_md:n45997	v1piia---
εἵνεχ’	ei(/nex'	ἕνεκα	e(/neka	urn:cite2:hmt:lsj.chicago_md:n35364	r--------
εἶ	ei)=	εἰ	ei)	urn:cite2:hmt:lsj.chicago_md:n30817	c--------
εἶ	ei)=	εἶμι	ei)=mi	urn:cite2:hmt:lsj.chicago_md:n31131	v2spia---
εἶ	ei)=	εἰμί	ei)mi/	urn:cite2:hmt:lsj.chicago_md:n31130	v2spia---
εἶδε	ei)=de	εἶδον	ei)=don	urn:cite2:hmt:lsj.chicago_md:n30859a	v3saia---
εἶδεν	ei)=den	εἶδον	ei)=don	urn:cite2:hmt:lsj.chicago_md:n30859a	v3saia---
εἶδος	ei)=dos	εἶδος	ei)=dos	urn:cite2:hmt:lsj.chicago_md:n30866	n-s---nn-
εἶδος	ei)=dos	εἶδος	ei)=dos	urn:cite2:hmt:lsj.chicago_md:n30866	n-s---nv-
εἶδος	ei)=dos	εἶδος	ei)=dos	urn:cite2:hmt:lsj.chicago_md:n30866	n-s---na-
εἶδέ	ei)=de/	εἶδον	ei)=don	urn:cite2:hmt:lsj.chicago_md:n30859a	v3saia---
εἶμι	ei)=mi	εἶμι	ei)=mi	urn:cite2:hmt:lsj.chicago_md:n31131	v1spia---
εἶναι	ei)=nai	εἰμί	ei)mi/	urn:cite2:hmt:lsj.chicago_md:n31130	v--pna---
εἶπας	ei)=pas	εἶπον	ei)=pon	urn:cite2:hmt:lsj.chicago_md:n31161	v2saia---
εἶπας	ei)=pas	εἶπον	ei)=pon	urn:cite2:hmt:lsj.chicago_md:n31161	v2saia---
εἶπε	ei)=pe	εἶπον	ei)=pon	urn:cite2:hmt:lsj.chicago_md:n31161	v3saia---
εἶπε	ei)=pe	εἶπον	ei)=pon	urn:cite2:hmt:lsj.chicago_md:n31161	v2sama---
εἶπε	ei)=pe	εἶπον	ei)=pon	urn:cite2:hmt:lsj.chicago_md:n31161	v3saia---
εἶπε	ei)=pe	εἶπον	ei)=pon	urn:cite2:hmt:lsj.chicago_md:n31161	v3saia---
εἶπε	ei)=pe	εἶπον	ei)=pon	urn:cite2:hmt:lsj.chicago_md:n31161	v3saia---
εἶπε	ei)=pe	εἶπος	ei)=pos	urn:cite2:hmt:lsj.chicago_md:n31162	n-s---mv-
εἶπον	ei)=pon	εἶπον	ei)=pon	urn:cite2:hmt:lsj.chicago_md:n31161	v2sama---
εἶπον	ei)=pon	εἶπον	ei)=pon	urn:cite2:hmt:lsj.chicago_md:n31161	v3paia---
εἶπον	ei)=pon	εἶπον	ei)=pon	urn:cite2:hmt:lsj.chicago_md:n31161	v1saia---
εἶπον	ei)=pon	εἶπον	ei)=pon	urn:cite2:hmt:lsj.chicago_md:n31161	v3paia---
εἶπον	ei)=pon	εἶπον	ei)=pon	urn:cite2:hmt:lsj.chicago_md:n31161	v1saia---
εἶπον	ei)=pon	εἶπος	ei)=pos	urn:cite2:hmt:lsj.chicago_md:n31162	n-s---ma-
εἶτα	ei)=ta	εἶτα	ei)=ta	urn:cite2:hmt:lsj.chicago_md:n31562	d--------
εἷρπε	ei(=rpe	ἕρπω	e(/rpw	urn:cite2:hmt:lsj.chicago_md:n42686	v3siia---
εἷς	ei(=s	εἷς	ei(=s	urn:cite2:hmt:lsj.chicago_md:n31236	n-s---mn-
εὐαίων’	eu)ai/wn'	εὐαίων	eu)ai/wn	urn:cite2:hmt:lsj.chicago_md:n43358	n-s---ma-
εὐαίων’	eu)ai/wn'	εὐαίων	eu)ai/wn	urn:cite2:hmt:lsj.chicago_md:n43358	n-s---fa-
εὐαίων’	eu)ai/wn'	εὐαίων	eu)ai/wn	urn:cite2:hmt:lsj.chicago_md:n43358	n-s---md-
εὐαίων’	eu)ai/wn'	εὐαίων	eu)ai/wn	urn:cite2:hmt:lsj.chicago_md:n43358	n-s---fd-
εὐαίων’	eu)ai/wn'	εὐαίων	eu)ai/wn	urn:cite2:hmt:lsj.chicago_md:n43358	n-d---mn-
εὐαίων’	eu)ai/wn'	εὐαίων	eu)ai/wn	urn:cite2:hmt:lsj.chicago_md:n43358	n-d---mv-
εὐαίων’	eu)ai/wn'	εὐαίων	eu)ai/wn	urn:cite2:hmt:lsj.chicago_md:n43358	n-d---ma-
εὐαίων’	eu)ai/wn'	εὐαίων	eu)ai/wn	urn:cite2:hmt:lsj.chicago_md:n43358	n-d---fn-
εὐαίων’	eu)ai/wn'	εὐαίων	eu)ai/wn	urn:cite2:hmt:lsj.chicago_md:n43358	n-d---fv-
εὐαίων’	eu)ai/wn'	εὐαίων	eu)ai/wn	urn:cite2:hmt:lsj.chicago_md:n43358	n-d---fa-
εὐθύς	eu)qu/s	εὐθύσ1	eu)qu/s	urn:cite2:hmt:lsj.chicago_md:n44099	a-s---mn-
εὐθύς	eu)qu/s	εὐθύσ2	eu)qu/s	urn:cite2:hmt:lsj.chicago_md:n44099	d--------
εὐκταῖα	eu)ktai=a	εὐκταῖος	eu)ktai=os	urn:cite2:hmt:lsj.chicago_md:n44328	a-p---nn-
εὐκταῖα	eu)ktai=a	εὐκταῖος	eu)ktai=os	urn:cite2:hmt:lsj.chicago_md:n44328	a-p---nv-
εὐκταῖα	eu)ktai=a	εὐκταῖος	eu)ktai=os	urn:cite2:hmt:lsj.chicago_md:n44328	a-p---na-
εὐλαβοῦ	eu)labou=	εὐλαβέομαι	eu)labe/omai	urn:cite2:hmt:lsj.chicago_md:n44352	v2spme---
εὐλαβοῦ	eu)labou=	εὐλαβέομαι	eu)labe/omai	urn:cite2:hmt:lsj.chicago_md:n44352	v2siie---
εὐμαθές	eu)maqe/s	εὐμαθής	eu)maqh/s	urn:cite2:hmt:lsj.chicago_md:n44417	n-s---mv-
εὐμαθές	eu)maqe/s	εὐμαθής	eu)maqh/s	urn:cite2:hmt:lsj.chicago_md:n44417	n-s---fv-
εὐμαθές	eu)maqe/s	εὐμαθής	eu)maqh/s	urn:cite2:hmt:lsj.chicago_md:n44417	n-s---nn-
εὐμαθές	eu)maqe/s	εὐμαθής	eu)maqh/s	urn:cite2:hmt:lsj.chicago_md:n44417	n-s---nv-
εὐμαθές	eu)maqe/s	εὐμαθής	eu)maqh/s	urn:cite2:hmt:lsj.chicago_md:n44417	n-s---na-
εὐμαρείᾳ	eu)marei/a|	εὐμάρεια	eu)ma/reia	urn:cite2:hmt:lsj.chicago_md:n44425	n-s---fd-
εὐμαρείᾳ	eu)marei/a|	εὐμάρεια	eu)ma/reia	urn:cite2:hmt:lsj.chicago_md:n44425	n-s---fd-
εὐνασθέντος	eu)nasqe/ntos	εὐνάζω	eu)na/zw	urn:cite2:hmt:lsj.chicago_md:n44521	v-sappmg-
εὐνασθέντος	eu)nasqe/ntos	εὐνάζω	eu)na/zw	urn:cite2:hmt:lsj.chicago_md:n44521	v-sappng-
εὐνατηρίοις	eu)nathri/ois	εὐνατήριον	eu)nath/rion	urn:cite2:hmt:lsj.chicago_md:n44528	n-p---nd-
εὐναῖς	eu)nai=s	εὐνή	eu)nh/	urn:cite2:hmt:lsj.chicago_md:n44534	n-p---fd-
εὐνάζειν	eu)na/zein	εὐνάζω	eu)na/zw	urn:cite2:hmt:lsj.chicago_md:n44521	v--pna---
εὐνάτριαν	eu)na/trian	εὐνήτης	eu)nh/ths	urn:cite2:hmt:lsj.chicago_md:n44539	n-s---fa-
εὐνᾶσθαι	eu)na=sqai	εὐνάω	eu)na/w	urn:cite2:hmt:lsj.chicago_md:n44529	v--pne---
εὐνᾶσθαι	eu)na=sqai	εὐνάζω	eu)na/zw	urn:cite2:hmt:lsj.chicago_md:n44521	v--fnm---
εὐρέϊ	eu)re/i+	εὐρύς	eu)ru/s	urn:cite2:hmt:lsj.chicago_md:n45036	a-s---md-
εὐρέϊ	eu)re/i+	εὐρύς	eu)ru/s	urn:cite2:hmt:lsj.chicago_md:n45036	a-s---nd-
εὐσεβεῖν	eu)sebei=n	εὐσεβέω	eu)sebe/w	urn:cite2:hmt:lsj.chicago_md:n45100	v--pna---
εὐτυχεῖ	eu)tuxei=	εὐτυχέω	eu)tuxe/w	urn:cite2:hmt:lsj.chicago_md:n45368	v2spie---
εὐτυχεῖ	eu)tuxei=	εὐτυχέω	eu)tuxe/w	urn:cite2:hmt:lsj.chicago_md:n45368	v3spia---
εὐτυχεῖ	eu)tuxei=	εὐτυχής	eu)tuxh/s	urn:cite2:hmt:lsj.chicago_md:n45370	n-d---mn-
εὐτυχεῖ	eu)tuxei=	εὐτυχής	eu)tuxh/s	urn:cite2:hmt:lsj.chicago_md:n45370	n-d---mv-
εὐτυχεῖ	eu)tuxei=	εὐτυχής	eu)tuxh/s	urn:cite2:hmt:lsj.chicago_md:n45370	n-d---ma-
εὐτυχεῖ	eu)tuxei=	εὐτυχής	eu)tuxh/s	urn:cite2:hmt:lsj.chicago_md:n45370	n-d---fn-
εὐτυχεῖ	eu)tuxei=	εὐτυχής	eu)tuxh/s	urn:cite2:hmt:lsj.chicago_md:n45370	n-d---fv-
εὐτυχεῖ	eu)tuxei=	εὐτυχής	eu)tuxh/s	urn:cite2:hmt:lsj.chicago_md:n45370	n-d---fa-
εὐτυχεῖ	eu)tuxei=	εὐτυχής	eu)tuxh/s	urn:cite2:hmt:lsj.chicago_md:n45370	n-d---nn-
εὐτυχεῖ	eu)tuxei=	εὐτυχής	eu)tuxh/s	urn:cite2:hmt:lsj.chicago_md:n45370	n-d---nv-
εὐτυχεῖ	eu)tuxei=	εὐτυχής	eu)tuxh/s	urn:cite2:hmt:lsj.chicago_md:n45370	n-d---na-
εὐτυχεῖ	eu)tuxei=	εὐτυχής	eu)tuxh/s	urn:cite2:hmt:lsj.chicago_md:n45370	n-s---md-
εὐτυχεῖ	eu)tuxei=	εὐτυχής	eu)tuxh/s	urn:cite2:hmt:lsj.chicago_md:n45370	n-s---fd-
εὐτυχεῖ	eu)tuxei=	εὐτυχής	eu)tuxh/s	urn:cite2:hmt:lsj.chicago_md:n45370	n-s---nd-
εὐτυχῆ	eu)tuxh=	εὐτυχής	eu)tuxh/s	urn:cite2:hmt:lsj.chicago_md:n45370	n-p---nn-
εὐτυχῆ	eu)tuxh=	εὐτυχής	eu)tuxh/s	urn:cite2:hmt:lsj.chicago_md:n45370	n-p---nv-
εὐτυχῆ	eu)tuxh=	εὐτυχής	eu)tuxh/s	urn:cite2:hmt:lsj.chicago_md:n45370	n-p---na-
εὐτυχῆ	eu)tuxh=	εὐτυχής	eu)tuxh/s	urn:cite2:hmt:lsj.chicago_md:n45370	n-d---mn-
εὐτυχῆ	eu)tuxh=	εὐτυχής	eu)tuxh/s	urn:cite2:hmt:lsj.chicago_md:n45370	n-d---mv-
εὐτυχῆ	eu)tuxh=	εὐτυχής	eu)tuxh/s	urn:cite2:hmt:lsj.chicago_md:n45370	n-d---ma-
εὐτυχῆ	eu)tuxh=	εὐτυχής	eu)tuxh/s	urn:cite2:hmt:lsj.chicago_md:n45370	n-d---fn-
εὐτυχῆ	eu)tuxh=	εὐτυχής	eu)tuxh/s	urn:cite2:hmt:lsj.chicago_md:n45370	n-d---fv-
εὐτυχῆ	eu)tuxh=	εὐτυχής	eu)tuxh/s	urn:cite2:hmt:lsj.chicago_md:n45370	n-d---fa-
εὐτυχῆ	eu)tuxh=	εὐτυχής	eu)tuxh/s	urn:cite2:hmt:lsj.chicago_md:n45370	n-d---nn-
εὐτυχῆ	eu)tuxh=	εὐτυχής	eu)tuxh/s	urn:cite2:hmt:lsj.chicago_md:n45370	n-d---nv-
εὐτυχῆ	eu)tuxh=	εὐτυχής	eu)tuxh/s	urn:cite2:hmt:lsj.chicago_md:n45370	n-d---na-
εὐτυχῆ	eu)tuxh=	εὐτυχής	eu)tuxh/s	urn:cite2:hmt:lsj.chicago_md:n45370	n-s---ma-
εὐτυχῆ	eu)tuxh=	εὐτυχής	eu)tuxh/s	urn:cite2:hmt:lsj.chicago_md:n45370	n-s---fa-
εὐφαρέτραν	eu)fare/tran	εὐφαρέτρης	eu)fare/trhs	urn:cite2:hmt:lsj.chicago_md:n45397	n-s---ma-
εὐφαρέτραν	eu)fare/tran	εὐφαρέτρης	eu)fare/trhs	urn:cite2:hmt:lsj.chicago_md:n45397	n-s---ma-
εὐφημίαν	eu)fhmi/an	εὐφημία	eu)fhmi/a	urn:cite2:hmt:lsj.chicago_md:n45405	n-s---fa-
εὐχαῖς	eu)xai=s	εὐχή	eu)xh/	urn:cite2:hmt:lsj.chicago_md:n45492	n-p---fd-
εὐέρου	eu)e/rou	εὔειρος	eu)/eiros	urn:cite2:hmt:lsj.chicago_md:n43731	n-s---mg-
εὐέρου	eu)e/rou	εὔειρος	eu)/eiros	urn:cite2:hmt:lsj.chicago_md:n43731	n-s---fg-
εὐέρου	eu)e/rou	εὔειρος	eu)/eiros	urn:cite2:hmt:lsj.chicago_md:n43731	n-s---ng-
εὐώνυμον	eu)w/numon	εὐώνυμος	eu)w/numos	urn:cite2:hmt:lsj.chicago_md:n45560	n-s---ma-
εὐώνυμον	eu)w/numon	εὐώνυμος	eu)w/numos	urn:cite2:hmt:lsj.chicago_md:n45561	n-s---ma-
εὐώνυμον	eu)w/numon	εὐώνυμος	eu)w/numos	urn:cite2:hmt:lsj.chicago_md:n45560	n-s---fa-
εὐώνυμον	eu)w/numon	εὐώνυμος	eu)w/numos	urn:cite2:hmt:lsj.chicago_md:n45561	n-s---fa-
εὐώνυμον	eu)w/numon	εὐώνυμος	eu)w/numos	urn:cite2:hmt:lsj.chicago_md:n45560	n-s---nn-
εὐώνυμον	eu)w/numon	εὐώνυμος	eu)w/numos	urn:cite2:hmt:lsj.chicago_md:n45561	n-s---nn-
εὐώνυμον	eu)w/numon	εὐώνυμος	eu)w/numos	urn:cite2:hmt:lsj.chicago_md:n45560	n-s---nv-
εὐώνυμον	eu)w/numon	εὐώνυμος	eu)w/numos	urn:cite2:hmt:lsj.chicago_md:n45561	n-s---nv-
εὐώνυμον	eu)w/numon	εὐώνυμος	eu)w/numos	urn:cite2:hmt:lsj.chicago_md:n45560	n-s---na-
εὐώνυμον	eu)w/numon	εὐώνυμος	eu)w/numos	urn:cite2:hmt:lsj.chicago_md:n45561	n-s---na-
εὐῶπις	eu)w=pis	εὐῶπις	eu)w=pis	urn:cite2:hmt:lsj.chicago_md:n45563	n-s----n-
εὑρεθῇς	eu(reqh=|s	εὑρίσκω	eu(ri/skw	urn:cite2:hmt:lsj.chicago_md:n44964	v2sasp---
εὑροῦσαι	eu(rou=sai	εὑρίσκω	eu(ri/skw	urn:cite2:hmt:lsj.chicago_md:n44964	v-papafn-
εὑροῦσαι	eu(rou=sai	εὑρίσκω	eu(ri/skw	urn:cite2:hmt:lsj.chicago_md:n44964	v-papafv-
εὔλεκτρος	eu)/lektros	εὔλεκτρος	eu)/lektros	urn:cite2:hmt:lsj.chicago_md:n44369	n-s---mn-
εὔλεκτρος	eu)/lektros	εὔλεκτρος	eu)/lektros	urn:cite2:hmt:lsj.chicago_md:n44369	n-s---fn-
εὔμναστον	eu)/mnaston	εὔμνηστος	eu)/mnhstos	urn:cite2:hmt:lsj.chicago_md:n44499	n-s---ma-
εὔμναστον	eu)/mnaston	εὔμνηστος	eu)/mnhstos	urn:cite2:hmt:lsj.chicago_md:n44499	n-s---fa-
εὔμναστον	eu)/mnaston	εὔμνηστος	eu)/mnhstos	urn:cite2:hmt:lsj.chicago_md:n44499	n-s---nn-
εὔμναστον	eu)/mnaston	εὔμνηστος	eu)/mnhstos	urn:cite2:hmt:lsj.chicago_md:n44499	n-s---nv-
εὔμναστον	eu)/mnaston	εὔμνηστος	eu)/mnhstos	urn:cite2:hmt:lsj.chicago_md:n44499	n-s---na-
εὔνασον	eu)/nason	εὐνάω	eu)na/w	urn:cite2:hmt:lsj.chicago_md:n44529	v2sama---
εὔνασον	eu)/nason	εὐνάζω	eu)na/zw	urn:cite2:hmt:lsj.chicago_md:n44521	v2sama---
εὔνοιαν	eu)/noian	εὔνοια	eu)/noia	urn:cite2:hmt:lsj.chicago_md:n44552	n-s---fa-
εὔχομαι	eu)/xomai	εὔχομαι	eu)/xomai	urn:cite2:hmt:lsj.chicago_md:n45499	v1spie---
εὔχου	eu)/xou	εὔχομαι	eu)/xomai	urn:cite2:hmt:lsj.chicago_md:n45499	v2siie---
εὔχου	eu)/xou	εὔχομαι	eu)/xomai	urn:cite2:hmt:lsj.chicago_md:n45499	v2spme---
εὔχου	eu)/xou	εὔχομαι	eu)/xomai	urn:cite2:hmt:lsj.chicago_md:n45499	v2siie---
εὕδουσαν	eu(/dousan	εὕδω	eu(/dw	urn:cite2:hmt:lsj.chicago_md:n43711	v-sppafa-
εὖ	eu)=	εὖ	eu)=	urn:cite2:hmt:lsj.chicago_md:n43309	d--------
εὖνις	eu)=nis	εὖνισ1	eu)=nis	urn:cite2:hmt:lsj.chicago_md:n44543	n-s----n-
εὖνις	eu)=nis	εὖνισ1	eu)=nis	urn:cite2:hmt:lsj.chicago_md:n44544	n-s----n-
εὖνις	eu)=nis	εὖνισ1	eu)=nis	urn:cite2:hmt:lsj.chicago_md:n44543	n-s---mn-
εὖνις	eu)=nis	εὖνισ1	eu)=nis	urn:cite2:hmt:lsj.chicago_md:n44544	n-s---mn-
εὖνις	eu)=nis	εὖνισ1	eu)=nis	urn:cite2:hmt:lsj.chicago_md:n44543	n-s---fn-
εὖνις	eu)=nis	εὖνισ1	eu)=nis	urn:cite2:hmt:lsj.chicago_md:n44544	n-s---fn-
εὖνις	eu)=nis	εὖνισ2	eu)=nis	urn:cite2:hmt:lsj.chicago_md:n44543	n-s---fn-
εὖνις	eu)=nis	εὖνισ2	eu)=nis	urn:cite2:hmt:lsj.chicago_md:n44544	n-s---fn-
εὖτ’	eu)=t'	εὖτε	eu)=te	urn:cite2:hmt:lsj.chicago_md:n45273	c--------
ζυγάστρῳ	zuga/strw|	ζύγαστρον	zu/gastron	urn:cite2:hmt:lsj.chicago_md:n46301	n-s---nd-
ζήτησιν	zh/thsin	ζήτησις	zh/thsis	urn:cite2:hmt:lsj.chicago_md:n46255	n-s---fa-
ζώσης	zw/shs	ζάω	za/w	urn:cite2:hmt:lsj.chicago_md:n46123	v-sppafg-
ζώσης	zw/shs	ζῶσις	zw=sis	urn:cite2:hmt:lsj.chicago_md:n46542	n-p---fn-
ζώσης	zw/shs	ζῶσις	zw=sis	urn:cite2:hmt:lsj.chicago_md:n46542	n-p---fv-
ζῆν	zh=n	ζάω	za/w	urn:cite2:hmt:lsj.chicago_md:n46123	v--pna---
ζῆν	zh=n	ζέω	ze/w	urn:cite2:hmt:lsj.chicago_md:n46204	v--pna---
ζῇ	zh=|	ζάω	za/w	urn:cite2:hmt:lsj.chicago_md:n46123	v2spse---
ζῇ	zh=|	ζάω	za/w	urn:cite2:hmt:lsj.chicago_md:n46123	v2spie---
ζῇ	zh=|	ζάω	za/w	urn:cite2:hmt:lsj.chicago_md:n46123	v3spsa---
ζῇ	zh=|	ζάω	za/w	urn:cite2:hmt:lsj.chicago_md:n46123	v3spia---
ζῇ	zh=|	ζέω	ze/w	urn:cite2:hmt:lsj.chicago_md:n46204	v2spse---
ζῇ	zh=|	ζέω	ze/w	urn:cite2:hmt:lsj.chicago_md:n46204	v2spie---
ζῇ	zh=|	ζέω	ze/w	urn:cite2:hmt:lsj.chicago_md:n46204	v3spsa---
ζῶν	zw=n	ζάω	za/w	urn:cite2:hmt:lsj.chicago_md:n46123	v-sppamv-
ζῶν	zw=n	ζάω	za/w	urn:cite2:hmt:lsj.chicago_md:n46123	v-sppann-
ζῶν	zw=n	ζάω	za/w	urn:cite2:hmt:lsj.chicago_md:n46123	v-sppanv-
ζῶν	zw=n	ζάω	za/w	urn:cite2:hmt:lsj.chicago_md:n46123	v-sppana-
ζῶν	zw=n	ζάω	za/w	urn:cite2:hmt:lsj.chicago_md:n46123	v-sppamn-
ζῶν	zw=n	ζάω	za/w	urn:cite2:hmt:lsj.chicago_md:n46123	v3piia---
ζῶν	zw=n	ζάω	za/w	urn:cite2:hmt:lsj.chicago_md:n46123	v1siia---
ζῶν	zw=n	ζέω	ze/w	urn:cite2:hmt:lsj.chicago_md:n46204	v-sppamn-
ζῶνθ’	zw=nq'	ζάω	za/w	urn:cite2:hmt:lsj.chicago_md:n46123	v-pppann-
ζῶνθ’	zw=nq'	ζάω	za/w	urn:cite2:hmt:lsj.chicago_md:n46123	v-pppanv-
ζῶνθ’	zw=nq'	ζάω	za/w	urn:cite2:hmt:lsj.chicago_md:n46123	v-pppana-
ζῶνθ’	zw=nq'	ζάω	za/w	urn:cite2:hmt:lsj.chicago_md:n46123	v-sppama-
ζῶνθ’	zw=nq'	ζάω	za/w	urn:cite2:hmt:lsj.chicago_md:n46123	v-sppamd-
ζῶνθ’	zw=nq'	ζάω	za/w	urn:cite2:hmt:lsj.chicago_md:n46123	v-sppand-
ζῶνθ’	zw=nq'	ζάω	za/w	urn:cite2:hmt:lsj.chicago_md:n46123	v3ppia---
ζῶνθ’	zw=nq'	ζάω	za/w	urn:cite2:hmt:lsj.chicago_md:n46123	v-dppamn-
ζῶνθ’	zw=nq'	ζάω	za/w	urn:cite2:hmt:lsj.chicago_md:n46123	v-dppamv-
ζῶνθ’	zw=nq'	ζάω	za/w	urn:cite2:hmt:lsj.chicago_md:n46123	v-dppama-
ζῶνθ’	zw=nq'	ζάω	za/w	urn:cite2:hmt:lsj.chicago_md:n46123	v-dppann-
ζῶνθ’	zw=nq'	ζάω	za/w	urn:cite2:hmt:lsj.chicago_md:n46123	v-dppanv-
ζῶνθ’	zw=nq'	ζάω	za/w	urn:cite2:hmt:lsj.chicago_md:n46123	v-dppana-
ζῶνθ’	zw=nq'	ζάω	za/w	urn:cite2:hmt:lsj.chicago_md:n46123	v3ppse---
ζῶνθ’	zw=nq'	ζάω	za/w	urn:cite2:hmt:lsj.chicago_md:n46123	v3ppie---
ζῶνθ’	zw=nq'	ζάω	za/w	urn:cite2:hmt:lsj.chicago_md:n46123	v3piie---
ζῶνθ’	zw=nq'	ζέω	ze/w	urn:cite2:hmt:lsj.chicago_md:n46204	v3ppsa---
ζῶνθ’	zw=nq'	ζέω	ze/w	urn:cite2:hmt:lsj.chicago_md:n46204	v3ppse---
ζῶντα	zw=nta	ζάω	za/w	urn:cite2:hmt:lsj.chicago_md:n46123	v-pppann-
ζῶντα	zw=nta	ζάω	za/w	urn:cite2:hmt:lsj.chicago_md:n46123	v-pppanv-
ζῶντα	zw=nta	ζάω	za/w	urn:cite2:hmt:lsj.chicago_md:n46123	v-pppana-
ζῶντα	zw=nta	ζάω	za/w	urn:cite2:hmt:lsj.chicago_md:n46123	v-sppama-
ζῶντι	zw=nti	ζάω	za/w	urn:cite2:hmt:lsj.chicago_md:n46123	v-sppamd-
ζῶντι	zw=nti	ζάω	za/w	urn:cite2:hmt:lsj.chicago_md:n46123	v-sppand-
ζῶντι	zw=nti	ζάω	za/w	urn:cite2:hmt:lsj.chicago_md:n46123	v3ppia---
ζῶντι	zw=nti	ζέω	ze/w	urn:cite2:hmt:lsj.chicago_md:n46204	v3ppsa---
ζῶντά	zw=nta/	ζάω	za/w	urn:cite2:hmt:lsj.chicago_md:n46123	v-pppann-
ζῶντά	zw=nta/	ζάω	za/w	urn:cite2:hmt:lsj.chicago_md:n46123	v-pppanv-
ζῶντά	zw=nta/	ζάω	za/w	urn:cite2:hmt:lsj.chicago_md:n46123	v-pppana-
ζῶντά	zw=nta/	ζάω	za/w	urn:cite2:hmt:lsj.chicago_md:n46123	v-sppama-
ζῶντ’	zw=nt'	ζάω	za/w	urn:cite2:hmt:lsj.chicago_md:n46123	v-pppann-
ζῶντ’	zw=nt'	ζάω	za/w	urn:cite2:hmt:lsj.chicago_md:n46123	v-pppanv-
ζῶντ’	zw=nt'	ζάω	za/w	urn:cite2:hmt:lsj.chicago_md:n46123	v-pppana-
ζῶντ’	zw=nt'	ζάω	za/w	urn:cite2:hmt:lsj.chicago_md:n46123	v-sppama-
ζῶντ’	zw=nt'	ζάω	za/w	urn:cite2:hmt:lsj.chicago_md:n46123	v-sppamd-
ζῶντ’	zw=nt'	ζάω	za/w	urn:cite2:hmt:lsj.chicago_md:n46123	v-sppand-
ζῶντ’	zw=nt'	ζάω	za/w	urn:cite2:hmt:lsj.chicago_md:n46123	v3ppia---
ζῶντ’	zw=nt'	ζάω	za/w	urn:cite2:hmt:lsj.chicago_md:n46123	v-dppamn-
ζῶντ’	zw=nt'	ζάω	za/w	urn:cite2:hmt:lsj.chicago_md:n46123	v-dppamv-
ζῶντ’	zw=nt'	ζάω	za/w	urn:cite2:hmt:lsj.chicago_md:n46123	v-dppama-
ζῶντ’	zw=nt'	ζάω	za/w	urn:cite2:hmt:lsj.chicago_md:n46123	v-dppann-
ζῶντ’	zw=nt'	ζάω	za/w	urn:cite2:hmt:lsj.chicago_md:n46123	v-dppanv-
ζῶντ’	zw=nt'	ζάω	za/w	urn:cite2:hmt:lsj.chicago_md:n46123	v-dppana-
ζῶντ’	zw=nt'	ζάω	za/w	urn:cite2:hmt:lsj.chicago_md:n46123	v3ppse---
ζῶντ’	zw=nt'	ζάω	za/w	urn:cite2:hmt:lsj.chicago_md:n46123	v3ppie---
ζῶντ’	zw=nt'	ζάω	za/w	urn:cite2:hmt:lsj.chicago_md:n46123	v3piie---
ζῶντ’	zw=nt'	ζέω	ze/w	urn:cite2:hmt:lsj.chicago_md:n46204	v3ppsa---
ζῶντ’	zw=nt'	ζέω	ze/w	urn:cite2:hmt:lsj.chicago_md:n46204	v3ppse---
ζῶσαν	zw=san	ζάω	za/w	urn:cite2:hmt:lsj.chicago_md:n46123	v-sppafa-
ζῶσαν	zw=san	ζώννυμι	zw/nnumi	urn:cite2:hmt:lsj.chicago_md:n46461	v-sapann-
ζῶσαν	zw=san	ζώννυμι	zw/nnumi	urn:cite2:hmt:lsj.chicago_md:n46461	v-sapanv-
ζῶσαν	zw=san	ζώννυμι	zw/nnumi	urn:cite2:hmt:lsj.chicago_md:n46461	v-sapana-
ζῶσαν	zw=san	ζώννυμι	zw/nnumi	urn:cite2:hmt:lsj.chicago_md:n46461	v3paia---
ηὔγμην	hu)/gmhn	εὔχομαι	eu)/xomai	urn:cite2:hmt:lsj.chicago_md:n45499	v1slie---
ηὕρημαι	hu(/rhmai	εὑρίσκω	eu(ri/skw	urn:cite2:hmt:lsj.chicago_md:n44964	v1srie---
θακῶν	qakw=n	θακέω	qake/w	urn:cite2:hmt:lsj.chicago_md:n47712	v-sppamn-
θαμά	qama/	θαμά	qama/	urn:cite2:hmt:lsj.chicago_md:n47828	d--------
θανάσιμον	qana/simon	θανάσιμος	qana/simos	urn:cite2:hmt:lsj.chicago_md:n47863	n-s---ma-
θανάσιμον	qana/simon	θανάσιμος	qana/simos	urn:cite2:hmt:lsj.chicago_md:n47863	n-s---fa-
θανάσιμον	qana/simon	θανάσιμος	qana/simos	urn:cite2:hmt:lsj.chicago_md:n47863	n-s---nn-
θανάσιμον	qana/simon	θανάσιμος	qana/simos	urn:cite2:hmt:lsj.chicago_md:n47863	n-s---nv-
θανάσιμον	qana/simon	θανάσιμος	qana/simos	urn:cite2:hmt:lsj.chicago_md:n47863	n-s---na-
θανάτους	qana/tous	θάνατος	qa/natos	urn:cite2:hmt:lsj.chicago_md:n47876	n-p---ma-
θανάτους	qana/tous	θανατόω	qanato/w	urn:cite2:hmt:lsj.chicago_md:n47879	v2siia---
θανάτῳ	qana/tw|	θάνατος	qa/natos	urn:cite2:hmt:lsj.chicago_md:n47876	n-s---md-
θατέρᾳ	qate/ra|	ἕτερος	e(/teros	urn:cite2:hmt:lsj.chicago_md:n43206	a-s---fd-
θαῦμα	qau=ma	θαῦμα	qau=ma	urn:cite2:hmt:lsj.chicago_md:n47916	n-s---nn-
θαῦμα	qau=ma	θαῦμα	qau=ma	urn:cite2:hmt:lsj.chicago_md:n47916	n-s---nv-
θαῦμα	qau=ma	θαῦμα	qau=ma	urn:cite2:hmt:lsj.chicago_md:n47916	n-s---na-
θαῦμ’	qau=m'	θαῦμα	qau=ma	urn:cite2:hmt:lsj.chicago_md:n47916	n-s---nn-
θαῦμ’	qau=m'	θαῦμα	qau=ma	urn:cite2:hmt:lsj.chicago_md:n47916	n-s---nv-
θαῦμ’	qau=m'	θαῦμα	qau=ma	urn:cite2:hmt:lsj.chicago_md:n47916	n-s---na-
θεοπρόπον	qeopro/pon	θεοπρόπος	qeopro/pos	urn:cite2:hmt:lsj.chicago_md:n48278	n-s---ma-
θεοπρόπον	qeopro/pon	θεοπρόπος	qeopro/pos	urn:cite2:hmt:lsj.chicago_md:n48278	n-s---fa-
θεοπρόπον	qeopro/pon	θεοπρόπος	qeopro/pos	urn:cite2:hmt:lsj.chicago_md:n48278	n-s---nn-
θεοπρόπον	qeopro/pon	θεοπρόπος	qeopro/pos	urn:cite2:hmt:lsj.chicago_md:n48278	n-s---nv-
θεοπρόπον	qeopro/pon	θεοπρόπος	qeopro/pos	urn:cite2:hmt:lsj.chicago_md:n48278	n-s---na-
θεούς	qeou/s	θεός	qeo/s	urn:cite2:hmt:lsj.chicago_md:n48291	n-p---ma-
θεοῖς	qeoi=s	θεάω	qea/w	urn:cite2:hmt:lsj.chicago_md:n47998	v2spoa---
θεοῖς	qeoi=s	θεός	qeo/s	urn:cite2:hmt:lsj.chicago_md:n48291	n-p---md-
θεοῖσι	qeoi=si	θεάω	qea/w	urn:cite2:hmt:lsj.chicago_md:n47998	v-pppamd-
θεοῖσι	qeoi=si	θεάω	qea/w	urn:cite2:hmt:lsj.chicago_md:n47998	v-pppand-
θεοῖσι	qeoi=si	θεός	qeo/s	urn:cite2:hmt:lsj.chicago_md:n48291	n-p---md-
θεοῖσιν	qeoi=sin	θεάω	qea/w	urn:cite2:hmt:lsj.chicago_md:n47998	v-pppamd-
θεοῖσιν	qeoi=sin	θεάω	qea/w	urn:cite2:hmt:lsj.chicago_md:n47998	v-pppand-
θεοῖσιν	qeoi=sin	θεός	qeo/s	urn:cite2:hmt:lsj.chicago_md:n48291	n-p---md-
θεοῦ	qeou=	θεάομαι	qea/omai	urn:cite2:hmt:lsj.chicago_md:n47964	v2spme---
θεοῦ	qeou=	θεάομαι	qea/omai	urn:cite2:hmt:lsj.chicago_md:n47964	v2siie---
θεοῦ	qeou=	θεάω	qea/w	urn:cite2:hmt:lsj.chicago_md:n47998	v2spme---
θεοῦ	qeou=	θεάω	qea/w	urn:cite2:hmt:lsj.chicago_md:n47998	v2siie---
θεοῦ	qeou=	θεός	qeo/s	urn:cite2:hmt:lsj.chicago_md:n48291	n-s---mg-
θερμά	qerma/	θερμός	qermo/s	urn:cite2:hmt:lsj.chicago_md:n48479	a-p---nn-
θερμά	qerma/	θερμός	qermo/s	urn:cite2:hmt:lsj.chicago_md:n48479	a-p---nv-
θερμά	qerma/	θερμός	qermo/s	urn:cite2:hmt:lsj.chicago_md:n48479	a-p---na-
θερμά	qerma/	θερμός	qermo/s	urn:cite2:hmt:lsj.chicago_md:n48479	a-d---fn-
θερμά	qerma/	θερμός	qermo/s	urn:cite2:hmt:lsj.chicago_md:n48479	a-d---fv-
θερμά	qerma/	θερμός	qermo/s	urn:cite2:hmt:lsj.chicago_md:n48479	a-d---fa-
θερμά	qerma/	θερμός	qermo/s	urn:cite2:hmt:lsj.chicago_md:n48479	a-s---fn-
θερμά	qerma/	θερμός	qermo/s	urn:cite2:hmt:lsj.chicago_md:n48479	a-s---fv-
θερμά	qerma/	θερμός	qermo/s	urn:cite2:hmt:lsj.chicago_md:n48479	n-p---nn-
θερμά	qerma/	θερμός	qermo/s	urn:cite2:hmt:lsj.chicago_md:n48479	n-p---nv-
θερμά	qerma/	θερμός	qermo/s	urn:cite2:hmt:lsj.chicago_md:n48479	n-p---na-
θερμῆς	qermh=s	θερμάζω	qerma/zw	urn:cite2:hmt:lsj.chicago_md:n48428	v2sfia---
θερμῆς	qermh=s	θερμός	qermo/s	urn:cite2:hmt:lsj.chicago_md:n48479	a-s---fg-
θεσμῶν	qesmw=n	θεσμός	qesmo/s	urn:cite2:hmt:lsj.chicago_md:n48515	n-p---mg-
θεσμῶν	qesmw=n	θεσμός	qesmo/s	urn:cite2:hmt:lsj.chicago_md:n48515	n-p---ng-
θεσφάτων	qesfa/twn	θέσφατος	qe/sfatos	urn:cite2:hmt:lsj.chicago_md:n48555	n-p---mg-
θεσφάτων	qesfa/twn	θέσφατος	qe/sfatos	urn:cite2:hmt:lsj.chicago_md:n48555	n-p---fg-
θεσφάτων	qesfa/twn	θέσφατος	qe/sfatos	urn:cite2:hmt:lsj.chicago_md:n48555	n-p---ng-
θείας	qei/as	θεία	qei/a	urn:cite2:hmt:lsj.chicago_md:n48021	n-p---fa-
θείας	qei/as	θεία	qei/a	urn:cite2:hmt:lsj.chicago_md:n48021	n-s---fg-
θείας	qei/as	θεῖοσ1	qei=os	urn:cite2:hmt:lsj.chicago_md:n48051	a-p---fa-
θείας	qei/as	θεῖοσ1	qei=os	urn:cite2:hmt:lsj.chicago_md:n48052	a-p---fa-
θείας	qei/as	θεῖοσ1	qei=os	urn:cite2:hmt:lsj.chicago_md:n48051	a-s---fg-
θείας	qei/as	θεῖοσ1	qei=os	urn:cite2:hmt:lsj.chicago_md:n48052	a-s---fg-
θεόν	qeo/n	θεός	qeo/s	urn:cite2:hmt:lsj.chicago_md:n48291	n-s---ma-
θεᾶσθε	qea=sqe	θεάομαι	qea/omai	urn:cite2:hmt:lsj.chicago_md:n47964	v2ppme---
θεᾶσθε	qea=sqe	θεάομαι	qea/omai	urn:cite2:hmt:lsj.chicago_md:n47964	v2ppse---
θεᾶσθε	qea=sqe	θεάομαι	qea/omai	urn:cite2:hmt:lsj.chicago_md:n47964	v2ppie---
θεᾶσθε	qea=sqe	θεάομαι	qea/omai	urn:cite2:hmt:lsj.chicago_md:n47964	v2piie---
θεᾶσθε	qea=sqe	θεάω	qea/w	urn:cite2:hmt:lsj.chicago_md:n47998	v2ppme---
θεᾶσθε	qea=sqe	θεάω	qea/w	urn:cite2:hmt:lsj.chicago_md:n47998	v2ppse---
θεᾶσθε	qea=sqe	θεάω	qea/w	urn:cite2:hmt:lsj.chicago_md:n47998	v2ppie---
θεᾶσθε	qea=sqe	θεάω	qea/w	urn:cite2:hmt:lsj.chicago_md:n47998	v2ppsa---
θεᾶσθε	qea=sqe	θεάω	qea/w	urn:cite2:hmt:lsj.chicago_md:n47998	v2piie---
θεῖον	qei=on	θέω	qe/w	urn:cite2:hmt:lsj.chicago_md:n48574	v-sppamv-
θεῖον	qei=on	θέω	qe/w	urn:cite2:hmt:lsj.chicago_md:n48575	v-sppamv-
θεῖον	qei=on	θέω	qe/w	urn:cite2:hmt:lsj.chicago_md:n48574	v-sppann-
θεῖον	qei=on	θέω	qe/w	urn:cite2:hmt:lsj.chicago_md:n48575	v-sppann-
θεῖον	qei=on	θέω	qe/w	urn:cite2:hmt:lsj.chicago_md:n48574	v-sppanv-
θεῖον	qei=on	θέω	qe/w	urn:cite2:hmt:lsj.chicago_md:n48575	v-sppanv-
θεῖον	qei=on	θέω	qe/w	urn:cite2:hmt:lsj.chicago_md:n48574	v-sppana-
θεῖον	qei=on	θέω	qe/w	urn:cite2:hmt:lsj.chicago_md:n48575	v-sppana-
θεῖον	qei=on	θέω	qe/w	urn:cite2:hmt:lsj.chicago_md:n48574	v3piia---
θεῖον	qei=on	θέω	qe/w	urn:cite2:hmt:lsj.chicago_md:n48575	v3piia---
θεῖον	qei=on	θέω	qe/w	urn:cite2:hmt:lsj.chicago_md:n48574	v1siia---
θεῖον	qei=on	θέω	qe/w	urn:cite2:hmt:lsj.chicago_md:n48575	v1siia---
θεῖον	qei=on	θεῖοσ1	qei=os	urn:cite2:hmt:lsj.chicago_md:n48051	a-s---ma-
θεῖον	qei=on	θεῖοσ1	qei=os	urn:cite2:hmt:lsj.chicago_md:n48052	a-s---ma-
θεῖον	qei=on	θεῖοσ1	qei=os	urn:cite2:hmt:lsj.chicago_md:n48051	a-s---nn-
θεῖον	qei=on	θεῖοσ1	qei=os	urn:cite2:hmt:lsj.chicago_md:n48052	a-s---nn-
θεῖον	qei=on	θεῖοσ1	qei=os	urn:cite2:hmt:lsj.chicago_md:n48051	a-s---nv-
θεῖον	qei=on	θεῖοσ1	qei=os	urn:cite2:hmt:lsj.chicago_md:n48052	a-s---nv-
θεῖον	qei=on	θεῖοσ1	qei=os	urn:cite2:hmt:lsj.chicago_md:n48051	a-s---na-
θεῖον	qei=on	θεῖοσ1	qei=os	urn:cite2:hmt:lsj.chicago_md:n48052	a-s---na-
θεῖον	qei=on	θεῖοσ2	qei=os	urn:cite2:hmt:lsj.chicago_md:n48051	n-s---ma-
θεῖον	qei=on	θεῖοσ2	qei=os	urn:cite2:hmt:lsj.chicago_md:n48052	n-s---ma-
θεῶν	qew=n	θέα	qe/a	urn:cite2:hmt:lsj.chicago_md:n47951	n-p---fg-
θεῶν	qew=n	θεά	qea/	urn:cite2:hmt:lsj.chicago_md:n47950	n-p---fg-
θεῶν	qew=n	θεάω	qea/w	urn:cite2:hmt:lsj.chicago_md:n47998	v-sppamv-
θεῶν	qew=n	θεάω	qea/w	urn:cite2:hmt:lsj.chicago_md:n47998	v-sppann-
θεῶν	qew=n	θεάω	qea/w	urn:cite2:hmt:lsj.chicago_md:n47998	v-sppanv-
θεῶν	qew=n	θεάω	qea/w	urn:cite2:hmt:lsj.chicago_md:n47998	v-sppana-
θεῶν	qew=n	θεάω	qea/w	urn:cite2:hmt:lsj.chicago_md:n47998	v-sppamn-
θεῶν	qew=n	θεάω	qea/w	urn:cite2:hmt:lsj.chicago_md:n47998	v-sppamn-
θεῶν	qew=n	θεός	qeo/s	urn:cite2:hmt:lsj.chicago_md:n48291	n-p---mg-
θηρός	qhro/s	θήρ	qh/r	urn:cite2:hmt:lsj.chicago_md:n48702	n-s---mg-
θηρῶν	qhrw=n	θήρ	qh/r	urn:cite2:hmt:lsj.chicago_md:n48702	n-p---mg-
θηρῶν	qhrw=n	θήρα	qh/ra	urn:cite2:hmt:lsj.chicago_md:n48703	n-p---fg-
θηρῶν	qhrw=n	θήρα	qh/ra	urn:cite2:hmt:lsj.chicago_md:n48704	n-p---fg-
θηρῶν	qhrw=n	θηράω	qhra/w	urn:cite2:hmt:lsj.chicago_md:n48722	v-sppamv-
θηρῶν	qhrw=n	θηράω	qhra/w	urn:cite2:hmt:lsj.chicago_md:n48722	v-sppann-
θηρῶν	qhrw=n	θηράω	qhra/w	urn:cite2:hmt:lsj.chicago_md:n48722	v-sppanv-
θηρῶν	qhrw=n	θηράω	qhra/w	urn:cite2:hmt:lsj.chicago_md:n48722	v-sppana-
θηρῶν	qhrw=n	θηράω	qhra/w	urn:cite2:hmt:lsj.chicago_md:n48722	v-sppamn-
θηρῶν	qhrw=n	θηράω	qhra/w	urn:cite2:hmt:lsj.chicago_md:n48722	v-sppamn-
θνατοῖς	qnatoi=s	θνητός	qnhto/s	urn:cite2:hmt:lsj.chicago_md:n48910	a-p---md-
θνατοῖς	qnatoi=s	θνητός	qnhto/s	urn:cite2:hmt:lsj.chicago_md:n48910	a-p---nd-
θνατοῖς	qnatoi=s	θνητός	qnhto/s	urn:cite2:hmt:lsj.chicago_md:n48910	n-p---md-
θνατοῖς	qnatoi=s	θνητός	qnhto/s	urn:cite2:hmt:lsj.chicago_md:n48910	n-p---fd-
θνατοῖς	qnatoi=s	θνητός	qnhto/s	urn:cite2:hmt:lsj.chicago_md:n48910	n-p---nd-
θνητά	qnhta/	θνητός	qnhto/s	urn:cite2:hmt:lsj.chicago_md:n48910	a-p---nn-
θνητά	qnhta/	θνητός	qnhto/s	urn:cite2:hmt:lsj.chicago_md:n48910	a-p---nv-
θνητά	qnhta/	θνητός	qnhto/s	urn:cite2:hmt:lsj.chicago_md:n48910	a-p---na-
θνητά	qnhta/	θνητός	qnhto/s	urn:cite2:hmt:lsj.chicago_md:n48910	a-d---fn-
θνητά	qnhta/	θνητός	qnhto/s	urn:cite2:hmt:lsj.chicago_md:n48910	a-d---fv-
θνητά	qnhta/	θνητός	qnhto/s	urn:cite2:hmt:lsj.chicago_md:n48910	a-d---fa-
θνητά	qnhta/	θνητός	qnhto/s	urn:cite2:hmt:lsj.chicago_md:n48910	a-s---fn-
θνητά	qnhta/	θνητός	qnhto/s	urn:cite2:hmt:lsj.chicago_md:n48910	a-s---fv-
θνητά	qnhta/	θνητός	qnhto/s	urn:cite2:hmt:lsj.chicago_md:n48910	n-p---nn-
θνητά	qnhta/	θνητός	qnhto/s	urn:cite2:hmt:lsj.chicago_md:n48910	n-p---nv-
θνητά	qnhta/	θνητός	qnhto/s	urn:cite2:hmt:lsj.chicago_md:n48910	n-p---na-
θνητήν	qnhth/n	θνητός	qnhto/s	urn:cite2:hmt:lsj.chicago_md:n48910	a-s---fa-
θοάν	qoa/n	θοός	qoo/s	urn:cite2:hmt:lsj.chicago_md:n48951	a-s---fa-
θοάν	qoa/n	θοός	qoo/s	urn:cite2:hmt:lsj.chicago_md:n48952	a-s---fa-
θροεῖ	qroei=	θροέω	qroe/w	urn:cite2:hmt:lsj.chicago_md:n49189	v2spie---
θροεῖ	qroei=	θροέω	qroe/w	urn:cite2:hmt:lsj.chicago_md:n49189	v3spia---
θροεῖς	qroei=s	θροέω	qroe/w	urn:cite2:hmt:lsj.chicago_md:n49189	v2spia---
θρομβώδεις	qrombw/deis	θρομβώδης	qrombw/dhs	urn:cite2:hmt:lsj.chicago_md:n49194	n-p---ma-
θρομβώδεις	qrombw/deis	θρομβώδης	qrombw/dhs	urn:cite2:hmt:lsj.chicago_md:n49194	n-p---fa-
θρομβώδεις	qrombw/deis	θρομβώδης	qrombw/dhs	urn:cite2:hmt:lsj.chicago_md:n49194	n-p---mn-
θρομβώδεις	qrombw/deis	θρομβώδης	qrombw/dhs	urn:cite2:hmt:lsj.chicago_md:n49194	n-p---mv-
θρομβώδεις	qrombw/deis	θρομβώδης	qrombw/dhs	urn:cite2:hmt:lsj.chicago_md:n49194	n-p---fn-
θρομβώδεις	qrombw/deis	θρομβώδης	qrombw/dhs	urn:cite2:hmt:lsj.chicago_md:n49194	n-p---fv-
θράσος	qra/sos	θράσος	qra/sos	urn:cite2:hmt:lsj.chicago_md:n49022	n-s---nn-
θράσος	qra/sos	θράσος	qra/sos	urn:cite2:hmt:lsj.chicago_md:n49022	n-s---nv-
θράσος	qra/sos	θράσος	qra/sos	urn:cite2:hmt:lsj.chicago_md:n49022	n-s---na-
θρέμμα	qre/mma	θρέμμα	qre/mma	urn:cite2:hmt:lsj.chicago_md:n49078	n-s---nn-
θρέμμα	qre/mma	θρέμμα	qre/mma	urn:cite2:hmt:lsj.chicago_md:n49078	n-s---nv-
θρέμμα	qre/mma	θρέμμα	qre/mma	urn:cite2:hmt:lsj.chicago_md:n49078	n-s---na-
θρόνων	qro/nwn	θρόνον	qro/non	urn:cite2:hmt:lsj.chicago_md:n49203	n-p---ng-
θρόνων	qro/nwn	θρόνος	qro/nos	urn:cite2:hmt:lsj.chicago_md:n49205	n-p---mg-
θρῴσκει	qrw/|skei	θρῴσκω	qrw/|skw	urn:cite2:hmt:lsj.chicago_md:n49250	v2spie---
θρῴσκει	qrw/|skei	θρῴσκω	qrw/|skw	urn:cite2:hmt:lsj.chicago_md:n49250	v3spia---
θυμοφθορῶ	qumofqorw=	θυμοφθορέω	qumofqore/w	urn:cite2:hmt:lsj.chicago_md:n49418	v1spsa---
θυμοφθορῶ	qumofqorw=	θυμοφθορέω	qumofqore/w	urn:cite2:hmt:lsj.chicago_md:n49418	v1spia---
θυμοῦσθαι	qumou=sqai	θυμόω	qumo/w	urn:cite2:hmt:lsj.chicago_md:n49423	v--pne---
θυμός	qumo/s	θυμός	qumo/s	urn:cite2:hmt:lsj.chicago_md:n49415	n-s---mn-
θυμῷ	qumw=|	θυμός	qumo/s	urn:cite2:hmt:lsj.chicago_md:n49415	n-s---md-
θυραῖον	qurai=on	θυραῖος	qurai=os	urn:cite2:hmt:lsj.chicago_md:n49470	a-s---ma-
θυραῖον	qurai=on	θυραῖος	qurai=os	urn:cite2:hmt:lsj.chicago_md:n49470	a-s---nn-
θυραῖον	qurai=on	θυραῖος	qurai=os	urn:cite2:hmt:lsj.chicago_md:n49470	a-s---nv-
θυραῖον	qurai=on	θυραῖος	qurai=os	urn:cite2:hmt:lsj.chicago_md:n49470	a-s---na-
θυραῖον	qurai=on	θυραῖος	qurai=os	urn:cite2:hmt:lsj.chicago_md:n49470	n-s---ma-
θυραῖον	qurai=on	θυραῖος	qurai=os	urn:cite2:hmt:lsj.chicago_md:n49470	n-s---fa-
θυραῖον	qurai=on	θυραῖος	qurai=os	urn:cite2:hmt:lsj.chicago_md:n49470	n-s---nn-
θυραῖον	qurai=on	θυραῖος	qurai=os	urn:cite2:hmt:lsj.chicago_md:n49470	n-s---nv-
θυραῖον	qurai=on	θυραῖος	qurai=os	urn:cite2:hmt:lsj.chicago_md:n49470	n-s---na-
θυραῖος	qurai=os	θυραῖος	qurai=os	urn:cite2:hmt:lsj.chicago_md:n49470	a-s---mn-
θυραῖος	qurai=os	θυραῖος	qurai=os	urn:cite2:hmt:lsj.chicago_md:n49470	n-s---mn-
θυραῖος	qurai=os	θυραῖος	qurai=os	urn:cite2:hmt:lsj.chicago_md:n49470	n-s---fn-
θυτήρ	quth/r	θυτήρ	quth/r	urn:cite2:hmt:lsj.chicago_md:n49581	n-s---mn-
θυτῆρα	quth=ra	θυτήρ	quth/r	urn:cite2:hmt:lsj.chicago_md:n49581	n-s---ma-
θάλαμον	qa/lamon	θάλαμος	qa/lamos	urn:cite2:hmt:lsj.chicago_md:n47734	n-s---ma-
θάλλοντα	qa/llonta	θάλλω	qa/llw	urn:cite2:hmt:lsj.chicago_md:n47808	v-pppann-
θάλλοντα	qa/llonta	θάλλω	qa/llw	urn:cite2:hmt:lsj.chicago_md:n47808	v-pppanv-
θάλλοντα	qa/llonta	θάλλω	qa/llw	urn:cite2:hmt:lsj.chicago_md:n47808	v-pppana-
θάλλοντα	qa/llonta	θάλλω	qa/llw	urn:cite2:hmt:lsj.chicago_md:n47808	v-sppama-
θάλπος	qa/lpos	θάλπος	qa/lpos	urn:cite2:hmt:lsj.chicago_md:n47815	n-s---nn-
θάλπος	qa/lpos	θάλπος	qa/lpos	urn:cite2:hmt:lsj.chicago_md:n47815	n-s---nv-
θάλπος	qa/lpos	θάλπος	qa/lpos	urn:cite2:hmt:lsj.chicago_md:n47815	n-s---na-
θάνατον	qa/naton	θάνατος	qa/natos	urn:cite2:hmt:lsj.chicago_md:n47876	n-s---ma-
θάνατος	qa/natos	θάνατος	qa/natos	urn:cite2:hmt:lsj.chicago_md:n47876	n-s---mn-
θέας	qe/as	θέα	qe/a	urn:cite2:hmt:lsj.chicago_md:n47951	n-p---fa-
θέας	qe/as	θέα	qe/a	urn:cite2:hmt:lsj.chicago_md:n47951	n-s---fg-
θέας	qe/as	θεάω	qea/w	urn:cite2:hmt:lsj.chicago_md:n47998	v2spia---
θέας	qe/as	θεάω	qea/w	urn:cite2:hmt:lsj.chicago_md:n47998	v2siia---
θέλει	qe/lei	ἐθέλω	e)qe/lw	urn:cite2:hmt:lsj.chicago_md:n30790	v2spie---
θέλει	qe/lei	ἐθέλω	e)qe/lw	urn:cite2:hmt:lsj.chicago_md:n30790	v3spia---
θέλεις	qe/leis	ἐθέλω	e)qe/lw	urn:cite2:hmt:lsj.chicago_md:n30790	v2spia---
θέλκτροισι	qe/lktroisi	θέλκτρον	qe/lktron	urn:cite2:hmt:lsj.chicago_md:n48083	n-p---nd-
θέλξειεν	qe/lceien	θέλγω	qe/lgw	urn:cite2:hmt:lsj.chicago_md:n48066	v3saoa---
θέλοις	qe/lois	ἐθέλω	e)qe/lw	urn:cite2:hmt:lsj.chicago_md:n30790	v2spoa---
θέλων	qe/lwn	ἐθέλω	e)qe/lw	urn:cite2:hmt:lsj.chicago_md:n30790	v-sppamn-
θέλῃς	qe/lh|s	ἐθέλω	e)qe/lw	urn:cite2:hmt:lsj.chicago_md:n30790	v2spsa---
θέμενοι	qe/menoi	τίθημι	ti/qhmi	urn:cite2:hmt:lsj.chicago_md:n103922	v-papmmn-
θέμενοι	qe/menoi	τίθημι	ti/qhmi	urn:cite2:hmt:lsj.chicago_md:n103922	v-papmmv-
θέμιν	qe/min	θέμις	qe/mis	urn:cite2:hmt:lsj.chicago_md:n48121	n-s---fa-
θέμιν	qe/min	θέμις	qe/mis	urn:cite2:hmt:lsj.chicago_md:n48121	n-s---fa-
θέμιν	qe/min	θέμις	qe/mis	urn:cite2:hmt:lsj.chicago_md:n48121	n-s---fa-
θέμις	qe/mis	θέμις	qe/mis	urn:cite2:hmt:lsj.chicago_md:n48121	n-p---fa-
θέμις	qe/mis	θέμις	qe/mis	urn:cite2:hmt:lsj.chicago_md:n48121	n-s---fn-
θέμις	qe/mis	θέμις	qe/mis	urn:cite2:hmt:lsj.chicago_md:n48121	n-s---fn-
θέμις	qe/mis	θέμις	qe/mis	urn:cite2:hmt:lsj.chicago_md:n48121	n-s---fn-
θέντες	qe/ntes	τίθημι	ti/qhmi	urn:cite2:hmt:lsj.chicago_md:n103922	v-papamn-
θέντες	qe/ntes	τίθημι	ti/qhmi	urn:cite2:hmt:lsj.chicago_md:n103922	v-papamv-
θές	qe/s	τίθημι	ti/qhmi	urn:cite2:hmt:lsj.chicago_md:n103922	v2sama---
θές	qe/s	τίθημι	ti/qhmi	urn:cite2:hmt:lsj.chicago_md:n103922	v2saia---
θήρ	qh/r	θήρ	qh/r	urn:cite2:hmt:lsj.chicago_md:n48702	n-s---mn-
θήρειος	qh/reios	θήρειος	qh/reios	urn:cite2:hmt:lsj.chicago_md:n48724	a-s---mn-
θήρειος	qh/reios	θήρειος	qh/reios	urn:cite2:hmt:lsj.chicago_md:n48724	n-s---mn-
θήρειος	qh/reios	θήρειος	qh/reios	urn:cite2:hmt:lsj.chicago_md:n48724	n-s---fn-
θίγῃ	qi/gh|	θιγγάνω	qigga/nw	urn:cite2:hmt:lsj.chicago_md:n48867	v2sase---
θίγῃ	qi/gh|	θιγγάνω	qigga/nw	urn:cite2:hmt:lsj.chicago_md:n48867	v3sasa---
θύματα	qu/mata	θῦμα	qu=ma	urn:cite2:hmt:lsj.chicago_md:n49342	n-p---nn-
θύματα	qu/mata	θῦμα	qu=ma	urn:cite2:hmt:lsj.chicago_md:n49342	n-p---nv-
θύματα	qu/mata	θῦμα	qu=ma	urn:cite2:hmt:lsj.chicago_md:n49342	n-p---na-
θύραθεν	qu/raqen	θύραθεν	qu/raqen	urn:cite2:hmt:lsj.chicago_md:n49468	d--------
θᾶσσον	qa=sson	θάσσων	qa/sswn	urn:cite2:hmt:lsj.chicago_md:n47913	a-s---mv-
θᾶσσον	qa=sson	θάσσων	qa/sswn	urn:cite2:hmt:lsj.chicago_md:n47913	a-s---fv-
θᾶσσον	qa=sson	θάσσων	qa/sswn	urn:cite2:hmt:lsj.chicago_md:n47913	a-s---nn-
θᾶσσον	qa=sson	θάσσων	qa/sswn	urn:cite2:hmt:lsj.chicago_md:n47913	a-s---nv-
θᾶσσον	qa=sson	θάσσων	qa/sswn	urn:cite2:hmt:lsj.chicago_md:n47913	a-s---na-
θᾶσσον	qa=sson	ταχύς	taxu/s	urn:cite2:hmt:lsj.chicago_md:n102736	a-s---mv-
θᾶσσον	qa=sson	ταχύς	taxu/s	urn:cite2:hmt:lsj.chicago_md:n102736	a-s---fv-
θᾶσσον	qa=sson	ταχύς	taxu/s	urn:cite2:hmt:lsj.chicago_md:n102736	a-s---nn-
θᾶσσον	qa=sson	ταχύς	taxu/s	urn:cite2:hmt:lsj.chicago_md:n102736	a-s---nv-
θᾶσσον	qa=sson	ταχύς	taxu/s	urn:cite2:hmt:lsj.chicago_md:n102736	a-s---na-
θῆλυς	qh=lus	θῆλυς	qh=lus	urn:cite2:hmt:lsj.chicago_md:n48670	a-s---mn-
θῆρα	qh=ra	θήρ	qh/r	urn:cite2:hmt:lsj.chicago_md:n48702	n-s---ma-
θῇς	qh=|s	θέω	qe/w	urn:cite2:hmt:lsj.chicago_md:n48574	v2spsa---
θῇς	qh=|s	θέω	qe/w	urn:cite2:hmt:lsj.chicago_md:n48575	v2spsa---
θῇς	qh=|s	τίθημι	ti/qhmi	urn:cite2:hmt:lsj.chicago_md:n103922	v2sasa---
θῇς	qh=|s	τίθημι	ti/qhmi	urn:cite2:hmt:lsj.chicago_md:n103922	v2sasa---
καθαίρων	kaqai/rwn	καθαίρω	kaqai/rw	urn:cite2:hmt:lsj.chicago_md:n51662	v-sppamn-
καθεῖλε	kaqei=le	καθαιρέω	kaqaire/w	urn:cite2:hmt:lsj.chicago_md:n51661	v3saia---
καθεῖλε	kaqei=le	καθαιρέω	kaqaire/w	urn:cite2:hmt:lsj.chicago_md:n51661	v3saia---
καθέσταθ’	kaqe/staq'	καθίστημι	kaqi/sthmi	urn:cite2:hmt:lsj.chicago_md:n51849	v3slie---
καθέσταθ’	kaqe/staq'	καθίστημι	kaqi/sthmi	urn:cite2:hmt:lsj.chicago_md:n51849	v2plia---
καθέσταθ’	kaqe/staq'	καθίστημι	kaqi/sthmi	urn:cite2:hmt:lsj.chicago_md:n51849	v2prma---
καθέσταθ’	kaqe/staq'	καθίστημι	kaqi/sthmi	urn:cite2:hmt:lsj.chicago_md:n51849	v2pria---
καθέσταθ’	kaqe/staq'	καθίστημι	kaqi/sthmi	urn:cite2:hmt:lsj.chicago_md:n51849	v3srie---
καθέσταθ’	kaqe/staq'	καθίστημι	kaqi/sthmi	urn:cite2:hmt:lsj.chicago_md:n51849	v2srma---
καθῃρέθη	kaqh|re/qh	καθαιρέω	kaqaire/w	urn:cite2:hmt:lsj.chicago_md:n51661	v3saip---
καθῆψεν	kaqh=yen	καθάπτω	kaqa/ptw	urn:cite2:hmt:lsj.chicago_md:n51679	v3saia---
καθῆψεν	kaqh=yen	καθέψω	kaqe/yw	urn:cite2:hmt:lsj.chicago_md:n51781	v3siia---
καινοπαθῆ	kainopaqh=	καινοπαθής	kainopaqh/s	urn:cite2:hmt:lsj.chicago_md:n51978	n-p---nn-
καινοπαθῆ	kainopaqh=	καινοπαθής	kainopaqh/s	urn:cite2:hmt:lsj.chicago_md:n51978	n-p---nv-
καινοπαθῆ	kainopaqh=	καινοπαθής	kainopaqh/s	urn:cite2:hmt:lsj.chicago_md:n51978	n-p---na-
καινοπαθῆ	kainopaqh=	καινοπαθής	kainopaqh/s	urn:cite2:hmt:lsj.chicago_md:n51978	n-d---mn-
καινοπαθῆ	kainopaqh=	καινοπαθής	kainopaqh/s	urn:cite2:hmt:lsj.chicago_md:n51978	n-d---mv-
καινοπαθῆ	kainopaqh=	καινοπαθής	kainopaqh/s	urn:cite2:hmt:lsj.chicago_md:n51978	n-d---ma-
καινοπαθῆ	kainopaqh=	καινοπαθής	kainopaqh/s	urn:cite2:hmt:lsj.chicago_md:n51978	n-d---fn-
καινοπαθῆ	kainopaqh=	καινοπαθής	kainopaqh/s	urn:cite2:hmt:lsj.chicago_md:n51978	n-d---fv-
καινοπαθῆ	kainopaqh=	καινοπαθής	kainopaqh/s	urn:cite2:hmt:lsj.chicago_md:n51978	n-d---fa-
καινοπαθῆ	kainopaqh=	καινοπαθής	kainopaqh/s	urn:cite2:hmt:lsj.chicago_md:n51978	n-d---nn-
καινοπαθῆ	kainopaqh=	καινοπαθής	kainopaqh/s	urn:cite2:hmt:lsj.chicago_md:n51978	n-d---nv-
καινοπαθῆ	kainopaqh=	καινοπαθής	kainopaqh/s	urn:cite2:hmt:lsj.chicago_md:n51978	n-d---na-
καινοπαθῆ	kainopaqh=	καινοπαθής	kainopaqh/s	urn:cite2:hmt:lsj.chicago_md:n51978	n-s---ma-
καινοπαθῆ	kainopaqh=	καινοπαθής	kainopaqh/s	urn:cite2:hmt:lsj.chicago_md:n51978	n-s---fa-
καινοποιηθέν	kainopoihqe/n	καινοποιέω	kainopoie/w	urn:cite2:hmt:lsj.chicago_md:n51981	v-sappnn-
καινοποιηθέν	kainopoihqe/n	καινοποιέω	kainopoie/w	urn:cite2:hmt:lsj.chicago_md:n51981	v-sappnv-
καινοποιηθέν	kainopoihqe/n	καινοποιέω	kainopoie/w	urn:cite2:hmt:lsj.chicago_md:n51981	v-sappna-
καινά	kaina/	καινός	kaino/s	urn:cite2:hmt:lsj.chicago_md:n51989	a-p---nn-
καινά	kaina/	καινός	kaino/s	urn:cite2:hmt:lsj.chicago_md:n51989	a-p---nv-
καινά	kaina/	καινός	kaino/s	urn:cite2:hmt:lsj.chicago_md:n51989	a-p---na-
καινά	kaina/	καινός	kaino/s	urn:cite2:hmt:lsj.chicago_md:n51989	a-d---fn-
καινά	kaina/	καινός	kaino/s	urn:cite2:hmt:lsj.chicago_md:n51989	a-d---fv-
καινά	kaina/	καινός	kaino/s	urn:cite2:hmt:lsj.chicago_md:n51989	a-d---fa-
καινά	kaina/	καινός	kaino/s	urn:cite2:hmt:lsj.chicago_md:n51989	a-s---fn-
καινά	kaina/	καινός	kaino/s	urn:cite2:hmt:lsj.chicago_md:n51989	a-s---fv-
καινίζει	kaini/zei	καινίζω	kaini/zw	urn:cite2:hmt:lsj.chicago_md:n51963	v2spie---
καινίζει	kaini/zei	καινίζω	kaini/zw	urn:cite2:hmt:lsj.chicago_md:n51963	v3spia---
καινόν	kaino/n	καινός	kaino/s	urn:cite2:hmt:lsj.chicago_md:n51989	a-s---ma-
καινόν	kaino/n	καινός	kaino/s	urn:cite2:hmt:lsj.chicago_md:n51989	a-s---nn-
καινόν	kaino/n	καινός	kaino/s	urn:cite2:hmt:lsj.chicago_md:n51989	a-s---nv-
καινόν	kaino/n	καινός	kaino/s	urn:cite2:hmt:lsj.chicago_md:n51989	a-s---na-
καινῷ	kainw=|	καινός	kaino/s	urn:cite2:hmt:lsj.chicago_md:n51989	a-s---md-
καινῷ	kainw=|	καινός	kaino/s	urn:cite2:hmt:lsj.chicago_md:n51989	a-s---nd-
καιρόν	kairo/n	καιρός	kairo/s	urn:cite2:hmt:lsj.chicago_md:n52035	n-s---ma-
κακοί	kakoi/	κακός	kako/s	urn:cite2:hmt:lsj.chicago_md:n52332	a-p---mn-
κακοί	kakoi/	κακός	kako/s	urn:cite2:hmt:lsj.chicago_md:n52332	a-p---mv-
κακοί	kakoi/	κακόω	kako/w	urn:cite2:hmt:lsj.chicago_md:n52444	v2spse---
κακοί	kakoi/	κακόω	kako/w	urn:cite2:hmt:lsj.chicago_md:n52444	v2spie---
κακοί	kakoi/	κακόω	kako/w	urn:cite2:hmt:lsj.chicago_md:n52444	v3spsa---
κακούμενον	kakou/menon	κακόω	kako/w	urn:cite2:hmt:lsj.chicago_md:n52444	v-sppema-
κακούμενον	kakou/menon	κακόω	kako/w	urn:cite2:hmt:lsj.chicago_md:n52444	v-sppenn-
κακούμενον	kakou/menon	κακόω	kako/w	urn:cite2:hmt:lsj.chicago_md:n52444	v-sppenv-
κακούμενον	kakou/menon	κακόω	kako/w	urn:cite2:hmt:lsj.chicago_md:n52444	v-sppena-
κακούς	kakou/s	κακός	kako/s	urn:cite2:hmt:lsj.chicago_md:n52332	a-p---ma-
κακοῖς	kakoi=s	κακός	kako/s	urn:cite2:hmt:lsj.chicago_md:n52332	a-p---md-
κακοῖς	kakoi=s	κακός	kako/s	urn:cite2:hmt:lsj.chicago_md:n52332	a-p---nd-
κακοῖς	kakoi=s	κακόω	kako/w	urn:cite2:hmt:lsj.chicago_md:n52444	v2spoa---
κακοῖς	kakoi=s	κακόω	kako/w	urn:cite2:hmt:lsj.chicago_md:n52444	v2spsa---
κακοῖς	kakoi=s	κακόω	kako/w	urn:cite2:hmt:lsj.chicago_md:n52444	v2spia---
κακοῖσιν	kakoi=sin	κακός	kako/s	urn:cite2:hmt:lsj.chicago_md:n52332	a-p---md-
κακοῖσιν	kakoi=sin	κακός	kako/s	urn:cite2:hmt:lsj.chicago_md:n52332	a-p---nd-
κακοῖσιν	kakoi=sin	κακόω	kako/w	urn:cite2:hmt:lsj.chicago_md:n52444	v-pppamd-
κακοῖσιν	kakoi=sin	κακόω	kako/w	urn:cite2:hmt:lsj.chicago_md:n52444	v-pppand-
κακοῖσιν	kakoi=sin	κακόω	kako/w	urn:cite2:hmt:lsj.chicago_md:n52444	v3spsa---
κακοῖσιν	kakoi=sin	κακόω	kako/w	urn:cite2:hmt:lsj.chicago_md:n52444	v3ppia---
κακοῦ	kakou=	κακός	kako/s	urn:cite2:hmt:lsj.chicago_md:n52332	a-s---mg-
κακοῦ	kakou=	κακός	kako/s	urn:cite2:hmt:lsj.chicago_md:n52332	a-s---ng-
κακοῦ	kakou=	κακόω	kako/w	urn:cite2:hmt:lsj.chicago_md:n52444	v2spme---
κακοῦ	kakou=	κακόω	kako/w	urn:cite2:hmt:lsj.chicago_md:n52444	v2siie---
κακά	kaka/	κακός	kako/s	urn:cite2:hmt:lsj.chicago_md:n52332	a-p---nn-
κακά	kaka/	κακός	kako/s	urn:cite2:hmt:lsj.chicago_md:n52332	a-p---nv-
κακά	kaka/	κακός	kako/s	urn:cite2:hmt:lsj.chicago_md:n52332	a-p---na-
κακά	kaka/	κακός	kako/s	urn:cite2:hmt:lsj.chicago_md:n52332	a-d---fn-
κακά	kaka/	κακός	kako/s	urn:cite2:hmt:lsj.chicago_md:n52332	a-d---fv-
κακά	kaka/	κακός	kako/s	urn:cite2:hmt:lsj.chicago_md:n52332	a-d---fa-
κακά	kaka/	κακός	kako/s	urn:cite2:hmt:lsj.chicago_md:n52332	a-s---fn-
κακά	kaka/	κακός	kako/s	urn:cite2:hmt:lsj.chicago_md:n52332	a-s---fv-
κακάν	kaka/n	κακός	kako/s	urn:cite2:hmt:lsj.chicago_md:n52332	a-s---fa-
κακάς	kaka/s	κακός	kako/s	urn:cite2:hmt:lsj.chicago_md:n52332	a-p---fa-
κακή	kakh/	κακός	kako/s	urn:cite2:hmt:lsj.chicago_md:n52332	a-s---fn-
κακή	kakh/	κακός	kako/s	urn:cite2:hmt:lsj.chicago_md:n52332	a-s---fv-
κακόν	kako/n	κακός	kako/s	urn:cite2:hmt:lsj.chicago_md:n52332	a-s---ma-
κακόν	kako/n	κακός	kako/s	urn:cite2:hmt:lsj.chicago_md:n52332	a-s---nn-
κακόν	kako/n	κακός	kako/s	urn:cite2:hmt:lsj.chicago_md:n52332	a-s---nv-
κακόν	kako/n	κακός	kako/s	urn:cite2:hmt:lsj.chicago_md:n52332	a-s---na-
κακός	kako/s	κακός	kako/s	urn:cite2:hmt:lsj.chicago_md:n52332	a-s---mn-
κακῆς	kakh=s	κακός	kako/s	urn:cite2:hmt:lsj.chicago_md:n52332	a-s---fg-
κακῇ	kakh=|	κακός	kako/s	urn:cite2:hmt:lsj.chicago_md:n52332	a-s---fd-
κακῶν	kakw=n	κάκη	ka/kh	urn:cite2:hmt:lsj.chicago_md:n52083	n-p---fg-
κακῶν	kakw=n	κακός	kako/s	urn:cite2:hmt:lsj.chicago_md:n52332	a-p---fg-
κακῶν	kakw=n	κακός	kako/s	urn:cite2:hmt:lsj.chicago_md:n52332	a-p---mg-
κακῶν	kakw=n	κακός	kako/s	urn:cite2:hmt:lsj.chicago_md:n52332	a-p---ng-
κακῶν	kakw=n	κακόω	kako/w	urn:cite2:hmt:lsj.chicago_md:n52444	v-sppamv-
κακῶν	kakw=n	κακόω	kako/w	urn:cite2:hmt:lsj.chicago_md:n52444	v-sppann-
κακῶν	kakw=n	κακόω	kako/w	urn:cite2:hmt:lsj.chicago_md:n52444	v-sppanv-
κακῶν	kakw=n	κακόω	kako/w	urn:cite2:hmt:lsj.chicago_md:n52444	v-sppana-
κακῶν	kakw=n	κακόω	kako/w	urn:cite2:hmt:lsj.chicago_md:n52444	v-sppamn-
κακῶν	kakw=n	κακόω	kako/w	urn:cite2:hmt:lsj.chicago_md:n52444	v--pna---
κακῶς	kakw=s	κακός	kako/s	urn:cite2:hmt:lsj.chicago_md:n52332	x--------
κακῶς	kakw=s	κακόω	kako/w	urn:cite2:hmt:lsj.chicago_md:n52444	v2spia---
καλεῖ	kalei=	καλέω	kale/w	urn:cite2:hmt:lsj.chicago_md:n52571	v2sfim---
καλεῖ	kalei=	καλέω	kale/w	urn:cite2:hmt:lsj.chicago_md:n52571	v3sfia---
καλεῖ	kalei=	καλέω	kale/w	urn:cite2:hmt:lsj.chicago_md:n52571	v2spie---
καλεῖ	kalei=	καλέω	kale/w	urn:cite2:hmt:lsj.chicago_md:n52571	v3spia---
καλεῖσθαι	kalei=sqai	καλέω	kale/w	urn:cite2:hmt:lsj.chicago_md:n52571	v--fnm---
καλεῖσθαι	kalei=sqai	καλέω	kale/w	urn:cite2:hmt:lsj.chicago_md:n52571	v--pne---
καλλιβόας	kallibo/as	καλλιβόας	kallibo/as	urn:cite2:hmt:lsj.chicago_md:n52619	n-p---ma-
καλλιβόας	kallibo/as	καλλιβόας	kallibo/as	urn:cite2:hmt:lsj.chicago_md:n52619	n-s---mn-
καλούμενος	kalou/menos	καλέω	kale/w	urn:cite2:hmt:lsj.chicago_md:n52571	v-sfpmmn-
καλούμενος	kalou/menos	καλέω	kale/w	urn:cite2:hmt:lsj.chicago_md:n52571	v-sppemn-
καλοῖς	kaloi=s	καλέω	kale/w	urn:cite2:hmt:lsj.chicago_md:n52571	v2sfoa---
καλοῖς	kaloi=s	καλέω	kale/w	urn:cite2:hmt:lsj.chicago_md:n52571	v2spoa---
καλοῖς	kaloi=s	καλός	kalo/s	urn:cite2:hmt:lsj.chicago_md:n52840	a-p---md-
καλοῖς	kaloi=s	καλός	kalo/s	urn:cite2:hmt:lsj.chicago_md:n52840	a-p---nd-
καλυμμάτων	kalumma/twn	κάλυμμα	ka/lumma	urn:cite2:hmt:lsj.chicago_md:n52881	n-p---ng-
καλή	kalh/	καλός	kalo/s	urn:cite2:hmt:lsj.chicago_md:n52840	a-s---fn-
καλή	kalh/	καλός	kalo/s	urn:cite2:hmt:lsj.chicago_md:n52840	a-s---fv-
καλήν	kalh/n	καλός	kalo/s	urn:cite2:hmt:lsj.chicago_md:n52840	a-s---fa-
καλόν	kalo/n	καλός	kalo/s	urn:cite2:hmt:lsj.chicago_md:n52840	a-s---ma-
καλόν	kalo/n	καλός	kalo/s	urn:cite2:hmt:lsj.chicago_md:n52840	a-s---nn-
καλόν	kalo/n	καλός	kalo/s	urn:cite2:hmt:lsj.chicago_md:n52840	a-s---nv-
καλόν	kalo/n	καλός	kalo/s	urn:cite2:hmt:lsj.chicago_md:n52840	a-s---na-
καλός	kalo/s	καλός	kalo/s	urn:cite2:hmt:lsj.chicago_md:n52840	a-s---mn-
καλῆς	kalh=s	καλέω	kale/w	urn:cite2:hmt:lsj.chicago_md:n52571	v2sfia---
καλῆς	kalh=s	καλέω	kale/w	urn:cite2:hmt:lsj.chicago_md:n52571	v2spia---
καλῆς	kalh=s	καλός	kalo/s	urn:cite2:hmt:lsj.chicago_md:n52840	a-s---fg-
καλῆται	kalh=tai	καλέω	kale/w	urn:cite2:hmt:lsj.chicago_md:n52571	v3sfim---
καλῆται	kalh=tai	καλέω	kale/w	urn:cite2:hmt:lsj.chicago_md:n52571	v3spse---
καλῆται	kalh=tai	καλέω	kale/w	urn:cite2:hmt:lsj.chicago_md:n52571	v3spie---
καλῶ	kalw=	καλέω	kale/w	urn:cite2:hmt:lsj.chicago_md:n52571	v1sfia---
καλῶ	kalw=	καλέω	kale/w	urn:cite2:hmt:lsj.chicago_md:n52571	v1spsa---
καλῶ	kalw=	καλέω	kale/w	urn:cite2:hmt:lsj.chicago_md:n52571	v1spia---
καλῶ	kalw=	καλός	kalo/s	urn:cite2:hmt:lsj.chicago_md:n52840	a-s---mg-
καλῶ	kalw=	καλός	kalo/s	urn:cite2:hmt:lsj.chicago_md:n52840	a-s---ng-
καλῶμεν	kalw=men	καλέω	kale/w	urn:cite2:hmt:lsj.chicago_md:n52571	v1ppsa---
καλῶς	kalw=s	καλός	kalo/s	urn:cite2:hmt:lsj.chicago_md:n52840	x--------
καμεῖ	kamei=	κάμνω	ka/mnw	urn:cite2:hmt:lsj.chicago_md:n52995	v2sfim---
καναχάν	kanaxa/n	καναχή	kanaxh/	urn:cite2:hmt:lsj.chicago_md:n53055	n-s---fa-
καναχάν	kanaxa/n	καναχός	kanaxo/s	urn:cite2:hmt:lsj.chicago_md:n53063	a-s---fa-
καρδίαν	kardi/an	καρδία	kardi/a	urn:cite2:hmt:lsj.chicago_md:n53290	n-s---fa-
καρδίαν	kardi/an	καρδιάω	kardia/w	urn:cite2:hmt:lsj.chicago_md:n53297	v3piia---
καρδίαν	kardi/an	καρδιάω	kardia/w	urn:cite2:hmt:lsj.chicago_md:n53297	v1siia---
καρπούμεθα	karpou/meqa	καρπέω	karpe/w	urn:cite2:hmt:lsj.chicago_md:n53411	v1ppie---
καρπούμεθα	karpou/meqa	καρπέω	karpe/w	urn:cite2:hmt:lsj.chicago_md:n53411	v1piie---
καρπούμεθα	karpou/meqa	καρπόω	karpo/w	urn:cite2:hmt:lsj.chicago_md:n53461	v1ppie---
καρπούμεθα	karpou/meqa	καρπόω	karpo/w	urn:cite2:hmt:lsj.chicago_md:n53461	v1piie---
καρῦξαι	karu=cai	κηρύσσω	khru/ssw	urn:cite2:hmt:lsj.chicago_md:n57264	v--ana---
καταδερχθῆναι	kataderxqh=nai	καταδέρκομαι	katade/rkomai	urn:cite2:hmt:lsj.chicago_md:n53882	v--anp---
κατακηλήσει	katakhlh/sei	κατακηλέω	katakhle/w	urn:cite2:hmt:lsj.chicago_md:n54140	v3sasa---
κατακηλήσει	katakhlh/sei	κατακηλέω	katakhle/w	urn:cite2:hmt:lsj.chicago_md:n54140	v2sfim---
κατακηλήσει	katakhlh/sei	κατακηλέω	katakhle/w	urn:cite2:hmt:lsj.chicago_md:n54140	v3sfia---
κατακηλήσει	katakhlh/sei	κατακηλέω	katakhle/w	urn:cite2:hmt:lsj.chicago_md:n54140	v3sasa---
κατακηλήσει	katakhlh/sei	κατακηλέω	katakhle/w	urn:cite2:hmt:lsj.chicago_md:n54140	v2sfim---
κατακηλήσει	katakhlh/sei	κατακηλέω	katakhle/w	urn:cite2:hmt:lsj.chicago_md:n54140	v3sfia---
κατακτείνασα	kataktei/nasa	κατακτείνω	kataktei/nw	urn:cite2:hmt:lsj.chicago_md:n54303	v-sapafn-
κατακτείνασα	kataktei/nasa	κατακτείνω	kataktei/nw	urn:cite2:hmt:lsj.chicago_md:n54303	v-sapafv-
κατακτήσαιτο	katakth/saito	κατακτάομαι	katakta/omai	urn:cite2:hmt:lsj.chicago_md:n54300	v3saoe---
κατακτήσαιτο	katakth/saito	κατακτάομαι	katakta/omai	urn:cite2:hmt:lsj.chicago_md:n54300	v3saom---
καταστεφῆ	katastefh=	καταστεφής	katastefh/s	urn:cite2:hmt:lsj.chicago_md:n55271	n-p---nn-
καταστεφῆ	katastefh=	καταστεφής	katastefh/s	urn:cite2:hmt:lsj.chicago_md:n55271	n-p---nv-
καταστεφῆ	katastefh=	καταστεφής	katastefh/s	urn:cite2:hmt:lsj.chicago_md:n55271	n-p---na-
καταστεφῆ	katastefh=	καταστεφής	katastefh/s	urn:cite2:hmt:lsj.chicago_md:n55271	n-d---mn-
καταστεφῆ	katastefh=	καταστεφής	katastefh/s	urn:cite2:hmt:lsj.chicago_md:n55271	n-d---mv-
καταστεφῆ	katastefh=	καταστεφής	katastefh/s	urn:cite2:hmt:lsj.chicago_md:n55271	n-d---ma-
καταστεφῆ	katastefh=	καταστεφής	katastefh/s	urn:cite2:hmt:lsj.chicago_md:n55271	n-d---fn-
καταστεφῆ	katastefh=	καταστεφής	katastefh/s	urn:cite2:hmt:lsj.chicago_md:n55271	n-d---fv-
καταστεφῆ	katastefh=	καταστεφής	katastefh/s	urn:cite2:hmt:lsj.chicago_md:n55271	n-d---fa-
καταστεφῆ	katastefh=	καταστεφής	katastefh/s	urn:cite2:hmt:lsj.chicago_md:n55271	n-d---nn-
καταστεφῆ	katastefh=	καταστεφής	katastefh/s	urn:cite2:hmt:lsj.chicago_md:n55271	n-d---nv-
καταστεφῆ	katastefh=	καταστεφής	katastefh/s	urn:cite2:hmt:lsj.chicago_md:n55271	n-d---na-
καταστεφῆ	katastefh=	καταστεφής	katastefh/s	urn:cite2:hmt:lsj.chicago_md:n55271	n-s---ma-
καταστεφῆ	katastefh=	καταστεφής	katastefh/s	urn:cite2:hmt:lsj.chicago_md:n55271	n-s---fa-
καταστράπτοντος	katastra/ptontos	καταστράπτω	katastra/ptw	urn:cite2:hmt:lsj.chicago_md:n55305	v-sppamg-
καταστράπτοντος	katastra/ptontos	καταστράπτω	katastra/ptw	urn:cite2:hmt:lsj.chicago_md:n55305	v-sppang-
κατειργάσασθε	kateirga/sasqe	κατεργάζομαι	katerga/zomai	urn:cite2:hmt:lsj.chicago_md:n55814	v2paie---
κατερρακωμένος	katerrakwme/nos	καταρρακόω	katarrako/w	urn:cite2:hmt:lsj.chicago_md:n55008	v-srpemn-
κατευνάζει	kateuna/zei	κατευνάζω	kateuna/zw	urn:cite2:hmt:lsj.chicago_md:n55872	v2spie---
κατευνάζει	kateuna/zei	κατευνάζω	kateuna/zw	urn:cite2:hmt:lsj.chicago_md:n55872	v3spia---
κατευνάζει	kateuna/zei	κατευνάζω	kateuna/zw	urn:cite2:hmt:lsj.chicago_md:n55872	v2spie---
κατευνάζει	kateuna/zei	κατευνάζω	kateuna/zw	urn:cite2:hmt:lsj.chicago_md:n55872	v3spia---
κατείχεθ’	katei/xeq'	κατέχω	kate/xw	urn:cite2:hmt:lsj.chicago_md:n55905	v3siie---
κατείχεθ’	katei/xeq'	κατέχω	kate/xw	urn:cite2:hmt:lsj.chicago_md:n55905	v2piia---
κατεῖδον	katei=don	κατεῖδον	katei=don	urn:cite2:hmt:lsj.chicago_md:n55714	v3paia---
κατεῖδον	katei=don	κατεῖδον	katei=don	urn:cite2:hmt:lsj.chicago_md:n55714	v1saia---
κατηγόρῳ	kathgo/rw|	κατήγορος	kath/goros	urn:cite2:hmt:lsj.chicago_md:n55919	n-s---md-
κατηγόρῳ	kathgo/rw|	κατήγορος	kath/goros	urn:cite2:hmt:lsj.chicago_md:n55919	n-s---fd-
κατηγόρῳ	kathgo/rw|	κατήγορος	kath/goros	urn:cite2:hmt:lsj.chicago_md:n55919	n-s---nd-
κατηφής	kathfh/s	κατηφής	kathfh/s	urn:cite2:hmt:lsj.chicago_md:n55949	n-s---mn-
κατηφής	kathfh/s	κατηφής	kathfh/s	urn:cite2:hmt:lsj.chicago_md:n55949	n-s---fn-
κατηύχετο	kathu/xeto	κατεύχομαι	kateu/xomai	urn:cite2:hmt:lsj.chicago_md:n55897	v3siie---
κατουρίζει	katouri/zei	κατουρίζω	katouri/zw	urn:cite2:hmt:lsj.chicago_md:n56117	v2spie---
κατουρίζει	katouri/zei	κατουρίζω	katouri/zw	urn:cite2:hmt:lsj.chicago_md:n56117	v3spia---
κατουρίζει	katouri/zei	κατουρίζω	katouri/zw	urn:cite2:hmt:lsj.chicago_md:n56117	v2spie---
κατουρίζει	katouri/zei	κατουρίζω	katouri/zw	urn:cite2:hmt:lsj.chicago_md:n56117	v3spia---
κατά	kata/	κατά	kata/	urn:cite2:hmt:lsj.chicago_md:n53647	r--------
κατά	kata/	κατά	kata/	urn:cite2:hmt:lsj.chicago_md:n53648	r--------
κατέβαν	kate/ban	καταβαίνω	katabai/nw	urn:cite2:hmt:lsj.chicago_md:n53651	v3paia---
κατέβαν	kate/ban	καταβαίνω	katabai/nw	urn:cite2:hmt:lsj.chicago_md:n53651	v3paia---
κατέβαν	kate/ban	καταβαίνω	katabai/nw	urn:cite2:hmt:lsj.chicago_md:n53651	v1saia---
κατέβαν	kate/ban	καταβαίνω	katabai/nw	urn:cite2:hmt:lsj.chicago_md:n53651	v1saia---
κατέψηκται	kate/yhktai	καταψήχω	katayh/xw	urn:cite2:hmt:lsj.chicago_md:n55678	v3srie---
κατῄδη	kath/|dh	κάτοιδα	ka/toida	urn:cite2:hmt:lsj.chicago_md:n55991	v1slia---
κατῄδη	kath/|dh	κάτοιδα	ka/toida	urn:cite2:hmt:lsj.chicago_md:n55991	v3slia---
κατῆρξας	kath=rcas	κατάρχω	kata/rxw	urn:cite2:hmt:lsj.chicago_md:n55086	v2saia---
καί	kai/	καί	kai/	urn:cite2:hmt:lsj.chicago_md:n51951	c--------
κειμένῳ	keime/nw|	κεῖμαι	kei=mai	urn:cite2:hmt:lsj.chicago_md:n56393	v-srpemd-
κειμένῳ	keime/nw|	κεῖμαι	kei=mai	urn:cite2:hmt:lsj.chicago_md:n56393	v-srpend-
κειμένῳ	keime/nw|	κεῖμαι	kei=mai	urn:cite2:hmt:lsj.chicago_md:n56393	v-sppemd-
κειμένῳ	keime/nw|	κεῖμαι	kei=mai	urn:cite2:hmt:lsj.chicago_md:n56393	v-sppend-
κεκλῆσθαι	keklh=sqai	καλέω	kale/w	urn:cite2:hmt:lsj.chicago_md:n52571	v--rne---
κεκρυμμένον	kekrumme/non	κρύπτω	kru/ptw	urn:cite2:hmt:lsj.chicago_md:n60245	v-srpema-
κεκρυμμένον	kekrumme/non	κρύπτω	kru/ptw	urn:cite2:hmt:lsj.chicago_md:n60245	v-srpenn-
κεκρυμμένον	kekrumme/non	κρύπτω	kru/ptw	urn:cite2:hmt:lsj.chicago_md:n60245	v-srpenv-
κεκρυμμένον	kekrumme/non	κρύπτω	kru/ptw	urn:cite2:hmt:lsj.chicago_md:n60245	v-srpena-
κελαινά	kelaina/	κελαινός	kelaino/s	urn:cite2:hmt:lsj.chicago_md:n56458	a-p---nn-
κελαινά	kelaina/	κελαινός	kelaino/s	urn:cite2:hmt:lsj.chicago_md:n56458	a-p---nv-
κελαινά	kelaina/	κελαινός	kelaino/s	urn:cite2:hmt:lsj.chicago_md:n56458	a-p---na-
κελαινά	kelaina/	κελαινός	kelaino/s	urn:cite2:hmt:lsj.chicago_md:n56458	a-d---fn-
κελαινά	kelaina/	κελαινός	kelaino/s	urn:cite2:hmt:lsj.chicago_md:n56458	a-d---fv-
κελαινά	kelaina/	κελαινός	kelaino/s	urn:cite2:hmt:lsj.chicago_md:n56458	a-d---fa-
κελαινά	kelaina/	κελαινός	kelaino/s	urn:cite2:hmt:lsj.chicago_md:n56458	a-s---fn-
κελαινά	kelaina/	κελαινός	kelaino/s	urn:cite2:hmt:lsj.chicago_md:n56458	a-s---fv-
κελεύεις	keleu/eis	κελεύω	keleu/w	urn:cite2:hmt:lsj.chicago_md:n56496	v2spia---
κενόν	keno/n	κενός	keno/s	urn:cite2:hmt:lsj.chicago_md:n56586	a-s---ma-
κενόν	keno/n	κενός	keno/s	urn:cite2:hmt:lsj.chicago_md:n56586	a-s---nn-
κενόν	keno/n	κενός	keno/s	urn:cite2:hmt:lsj.chicago_md:n56586	a-s---nv-
κενόν	keno/n	κενός	keno/s	urn:cite2:hmt:lsj.chicago_md:n56586	a-s---na-
κεραυνοῦ	keraunou=	κεραυνός	kerauno/s	urn:cite2:hmt:lsj.chicago_md:n56804	n-s---mg-
κεραυνοῦ	keraunou=	κεραυνόω	kerauno/w	urn:cite2:hmt:lsj.chicago_md:n56810	v2spme---
κεραυνοῦ	keraunou=	κεραυνόω	kerauno/w	urn:cite2:hmt:lsj.chicago_md:n56810	v2siie---
κερδαίνειν	kerdai/nein	κερδαίνω	kerdai/nw	urn:cite2:hmt:lsj.chicago_md:n56823	v--pna---
κερδάναιμι	kerda/naimi	κερδαίνω	kerdai/nw	urn:cite2:hmt:lsj.chicago_md:n56823	v1saoa---
κεράτων	kera/twn	κέρας	ke/ras	urn:cite2:hmt:lsj.chicago_md:n56730	n-p---ng-
κεράτων	kera/twn	κερατόω	kerato/w	urn:cite2:hmt:lsj.chicago_md:n56778	v3piia---
κεράτων	kera/twn	κερατόω	kerato/w	urn:cite2:hmt:lsj.chicago_md:n56778	v1siia---
κεἰ	kei)	εἰ	ei)	urn:cite2:hmt:lsj.chicago_md:n30817	c--------
κείνης	kei/nhs	ἐκεῖνος	e)kei=nos	urn:cite2:hmt:lsj.chicago_md:n31951	n-s---fg-
κείνης	kei/nhs	κεῖνος	kei=nos	urn:cite2:hmt:lsj.chicago_md:n56400	a-s---fg-
κείνου	kei/nou	ἐκεῖνος	e)kei=nos	urn:cite2:hmt:lsj.chicago_md:n31951	n-s---ng-
κείνου	kei/nou	ἐκεῖνος	e)kei=nos	urn:cite2:hmt:lsj.chicago_md:n31951	n-s---mg-
κείνου	kei/nou	κεῖνος	kei=nos	urn:cite2:hmt:lsj.chicago_md:n56400	a-s---mg-
κείνου	kei/nou	κεῖνος	kei=nos	urn:cite2:hmt:lsj.chicago_md:n56400	a-s---ng-
κείνου	kei/nou	κενόω	keno/w	urn:cite2:hmt:lsj.chicago_md:n56597	v2spma---
κείνου	kei/nou	κενόω	keno/w	urn:cite2:hmt:lsj.chicago_md:n56597	v3siia---
κείνῳ	kei/nw|	ἐκεῖνος	e)kei=nos	urn:cite2:hmt:lsj.chicago_md:n31951	n-s---nd-
κείνῳ	kei/nw|	ἐκεῖνος	e)kei=nos	urn:cite2:hmt:lsj.chicago_md:n31951	n-s---md-
κείνῳ	kei/nw|	κεῖνος	kei=nos	urn:cite2:hmt:lsj.chicago_md:n56400	a-s---md-
κείνῳ	kei/nw|	κεῖνος	kei=nos	urn:cite2:hmt:lsj.chicago_md:n56400	a-s---nd-
κείραντα	kei/ranta	κείρω	kei/rw	urn:cite2:hmt:lsj.chicago_md:n56406	v-papann-
κείραντα	kei/ranta	κείρω	kei/rw	urn:cite2:hmt:lsj.chicago_md:n56406	v-papanv-
κείραντα	kei/ranta	κείρω	kei/rw	urn:cite2:hmt:lsj.chicago_md:n56406	v-papana-
κείραντα	kei/ranta	κείρω	kei/rw	urn:cite2:hmt:lsj.chicago_md:n56406	v-sapama-
κεύθειν	keu/qein	κεύθω	keu/qw	urn:cite2:hmt:lsj.chicago_md:n56974	v--pna---
κεῖμαι	kei=mai	κεῖμαι	kei=mai	urn:cite2:hmt:lsj.chicago_md:n56393	v1spie---
κεῖνοι	kei=noi	ἐκεῖνος	e)kei=nos	urn:cite2:hmt:lsj.chicago_md:n31951	n-p---mn-
κεῖνοι	kei=noi	ἐκεῖνος	e)kei=nos	urn:cite2:hmt:lsj.chicago_md:n31951	n-p---mv-
κεῖνοι	kei=noi	κεῖνος	kei=nos	urn:cite2:hmt:lsj.chicago_md:n56400	a-p---mn-
κεῖνοι	kei=noi	κεῖνος	kei=nos	urn:cite2:hmt:lsj.chicago_md:n56400	a-p---mv-
κεῖνος	kei=nos	ἐκεῖνος	e)kei=nos	urn:cite2:hmt:lsj.chicago_md:n31951	n-s---mn-
κεῖνος	kei=nos	κεῖνος	kei=nos	urn:cite2:hmt:lsj.chicago_md:n56400	a-s---mn-
κεῖνός	kei=no/s	ἐκεῖνος	e)kei=nos	urn:cite2:hmt:lsj.chicago_md:n31951	n-s---mn-
κεῖνός	kei=no/s	κεῖνος	kei=nos	urn:cite2:hmt:lsj.chicago_md:n56400	a-s---mn-
κεῖσε	kei=se	ἐκεῖσε	e)kei=se	urn:cite2:hmt:lsj.chicago_md:n31952	d--------
κεῖσε	kei=se	κεῖσε	kei=se	urn:cite2:hmt:lsj.chicago_md:n56407	d--------
κεῖται	kei=tai	κέω	ke/w	urn:cite2:hmt:lsj.chicago_md:n57039	v3spie---
κεῖται	kei=tai	κεῖμαι	kei=mai	urn:cite2:hmt:lsj.chicago_md:n56393	v3spie---
κηλητήριον	khlhth/rion	κηλητήριος	khlhth/rios	urn:cite2:hmt:lsj.chicago_md:n57104	a-s---ma-
κηλητήριον	khlhth/rion	κηλητήριος	khlhth/rios	urn:cite2:hmt:lsj.chicago_md:n57104	a-s---nn-
κηλητήριον	khlhth/rion	κηλητήριος	khlhth/rios	urn:cite2:hmt:lsj.chicago_md:n57104	a-s---nv-
κηλητήριον	khlhth/rion	κηλητήριος	khlhth/rios	urn:cite2:hmt:lsj.chicago_md:n57104	a-s---na-
κηλητήριον	khlhth/rion	κηλητήριος	khlhth/rios	urn:cite2:hmt:lsj.chicago_md:n57104	n-s---ma-
κηλητήριον	khlhth/rion	κηλητήριος	khlhth/rios	urn:cite2:hmt:lsj.chicago_md:n57104	n-s---fa-
κηλητήριον	khlhth/rion	κηλητήριος	khlhth/rios	urn:cite2:hmt:lsj.chicago_md:n57104	n-s---nn-
κηλητήριον	khlhth/rion	κηλητήριος	khlhth/rios	urn:cite2:hmt:lsj.chicago_md:n57104	n-s---nv-
κηλητήριον	khlhth/rion	κηλητήριος	khlhth/rios	urn:cite2:hmt:lsj.chicago_md:n57104	n-s---na-
κινήσῃς	kinh/sh|s	κινέω	kine/w	urn:cite2:hmt:lsj.chicago_md:n57460	v2sasa---
κισσός	kisso/s	κισσός	kisso/s	urn:cite2:hmt:lsj.chicago_md:n57586	n-s---mn-
κλαγγά	klagga/	κλαγγή	klaggh/	urn:cite2:hmt:lsj.chicago_md:n57648	n-d---fn-
κλαγγά	klagga/	κλαγγή	klaggh/	urn:cite2:hmt:lsj.chicago_md:n57648	n-d---fv-
κλαγγά	klagga/	κλαγγή	klaggh/	urn:cite2:hmt:lsj.chicago_md:n57648	n-d---fa-
κλαγγά	klagga/	κλαγγή	klaggh/	urn:cite2:hmt:lsj.chicago_md:n57648	n-s---fn-
κλαγγά	klagga/	κλαγγή	klaggh/	urn:cite2:hmt:lsj.chicago_md:n57648	n-s---fv-
κλαίων	klai/wn	κλαίω	klai/w	urn:cite2:hmt:lsj.chicago_md:n57683	v-sppamn-
κλεινήν	kleinh/n	κλεινός	kleino/s	urn:cite2:hmt:lsj.chicago_md:n57768	a-s---fa-
κλεινός	kleino/s	κλεινός	kleino/s	urn:cite2:hmt:lsj.chicago_md:n57768	a-s---mn-
κληθῇ	klhqh=|	καλέω	kale/w	urn:cite2:hmt:lsj.chicago_md:n52571	v3sasp---
κληθῇς	klhqh=|s	καλέω	kale/w	urn:cite2:hmt:lsj.chicago_md:n52571	v2sasp---
κλιθείς	kliqei/s	κλίνω	kli/nw	urn:cite2:hmt:lsj.chicago_md:n57964	v-sappmn-
κλιθείς	kliqei/s	κλίνω	kli/nw	urn:cite2:hmt:lsj.chicago_md:n57964	v-sappmv-
κλιθεῖσαν	kliqei=san	κλίνω	kli/nw	urn:cite2:hmt:lsj.chicago_md:n57964	v-sappfa-
κλιτύν	klitu/n	κλιτύς	klitu/s	urn:cite2:hmt:lsj.chicago_md:n57980a	n-s---fa-
κλονεῖ	klonei=	κλονέω	klone/w	urn:cite2:hmt:lsj.chicago_md:n57985	v2spie---
κλονεῖ	klonei=	κλονέω	klone/w	urn:cite2:hmt:lsj.chicago_md:n57985	v3spia---
κλέονται	kle/ontai	κλέω	kle/w	urn:cite2:hmt:lsj.chicago_md:n57835	v3ppie---
κλέονται	kle/ontai	κλέω	kle/w	urn:cite2:hmt:lsj.chicago_md:n57836	v3ppie---
κλέπτουσί	kle/ptousi/	κλέπτω	kle/ptw	urn:cite2:hmt:lsj.chicago_md:n57817	v-pppamd-
κλέπτουσί	kle/ptousi/	κλέπτω	kle/ptw	urn:cite2:hmt:lsj.chicago_md:n57817	v-pppand-
κλέπτουσί	kle/ptousi/	κλέπτω	kle/ptw	urn:cite2:hmt:lsj.chicago_md:n57817	v3ppia---
κλίμακες	kli/makes	κλῖμαξ	kli=mac	urn:cite2:hmt:lsj.chicago_md:n57929	n-p---fn-
κλίμακες	kli/makes	κλῖμαξ	kli=mac	urn:cite2:hmt:lsj.chicago_md:n57929	n-p---fv-
κλίνεις	kli/neis	κλίνω	kli/nw	urn:cite2:hmt:lsj.chicago_md:n57964	v2sasa---
κλίνεις	kli/neis	κλίνω	kli/nw	urn:cite2:hmt:lsj.chicago_md:n57964	v2spia---
κλύειν	klu/ein	κλύω	klu/w	urn:cite2:hmt:lsj.chicago_md:n58057	v--pna---
κλύεις	klu/eis	κλύω	klu/w	urn:cite2:hmt:lsj.chicago_md:n58057	v2spia---
κλύοι	klu/oi	κλύω	klu/w	urn:cite2:hmt:lsj.chicago_md:n58057	v3saoa---
κλύοι	klu/oi	κλύω	klu/w	urn:cite2:hmt:lsj.chicago_md:n58057	v3spoa---
κλύοιμι	klu/oimi	κλύω	klu/w	urn:cite2:hmt:lsj.chicago_md:n58057	v1saoa---
κλύοιμι	klu/oimi	κλύω	klu/w	urn:cite2:hmt:lsj.chicago_md:n58057	v1spoa---
κλύοντες	klu/ontes	κλύω	klu/w	urn:cite2:hmt:lsj.chicago_md:n58057	v-pppamn-
κλύοντες	klu/ontes	κλύω	klu/w	urn:cite2:hmt:lsj.chicago_md:n58057	v-pppamv-
κλύουσα	klu/ousa	κλύω	klu/w	urn:cite2:hmt:lsj.chicago_md:n58057	v-sppafn-
κλύουσα	klu/ousa	κλύω	klu/w	urn:cite2:hmt:lsj.chicago_md:n58057	v-sppafv-
κλύουσαν	klu/ousan	κλύω	klu/w	urn:cite2:hmt:lsj.chicago_md:n58057	v-sppafa-
κλύουσ’	klu/ous'	κλύω	klu/w	urn:cite2:hmt:lsj.chicago_md:n58057	v-sppafn-
κλύουσ’	klu/ous'	κλύω	klu/w	urn:cite2:hmt:lsj.chicago_md:n58057	v-sppafv-
κλύουσ’	klu/ous'	κλύω	klu/w	urn:cite2:hmt:lsj.chicago_md:n58057	v-pppamd-
κλύουσ’	klu/ous'	κλύω	klu/w	urn:cite2:hmt:lsj.chicago_md:n58057	v-pppand-
κλύουσ’	klu/ous'	κλύω	klu/w	urn:cite2:hmt:lsj.chicago_md:n58057	v3ppia---
κλύουσ’	klu/ous'	κλύω	klu/w	urn:cite2:hmt:lsj.chicago_md:n58057	v-pppafn-
κλύουσ’	klu/ous'	κλύω	klu/w	urn:cite2:hmt:lsj.chicago_md:n58057	v-pppafv-
κλύω	klu/w	κλύω	klu/w	urn:cite2:hmt:lsj.chicago_md:n58057	v1sasa---
κλύω	klu/w	κλύω	klu/w	urn:cite2:hmt:lsj.chicago_md:n58057	v1spsa---
κλύω	klu/w	κλύω	klu/w	urn:cite2:hmt:lsj.chicago_md:n58057	v1spia---
κλύων	klu/wn	κλύω	klu/w	urn:cite2:hmt:lsj.chicago_md:n58057	v-sppamn-
κλῃζόμενοι	klh|zo/menoi	κλῄζω1	klh/|zw	urn:cite2:hmt:lsj.chicago_md:n57847	v-pppemn-
κλῃζόμενοι	klh|zo/menoi	κλῄζω1	klh/|zw	urn:cite2:hmt:lsj.chicago_md:n57848	v-pppemn-
κλῃζόμενοι	klh|zo/menoi	κλῄζω1	klh/|zw	urn:cite2:hmt:lsj.chicago_md:n57847	v-pppemv-
κλῃζόμενοι	klh|zo/menoi	κλῄζω1	klh/|zw	urn:cite2:hmt:lsj.chicago_md:n57848	v-pppemv-
κλῃζόμενοι	klh|zo/menoi	κλῄζω1	klh/|zw	urn:cite2:hmt:lsj.chicago_md:n57847	v-pppemn-
κλῃζόμενοι	klh|zo/menoi	κλῄζω1	klh/|zw	urn:cite2:hmt:lsj.chicago_md:n57848	v-pppemn-
κλῃζόμενοι	klh|zo/menoi	κλῄζω1	klh/|zw	urn:cite2:hmt:lsj.chicago_md:n57847	v-pppemv-
κλῃζόμενοι	klh|zo/menoi	κλῄζω1	klh/|zw	urn:cite2:hmt:lsj.chicago_md:n57848	v-pppemv-
κλῃζόμενοι	klh|zo/menoi	κλῄζω2	klh/|zw	urn:cite2:hmt:lsj.chicago_md:n57847	v-pppemn-
κλῃζόμενοι	klh|zo/menoi	κλῄζω2	klh/|zw	urn:cite2:hmt:lsj.chicago_md:n57848	v-pppemn-
κλῃζόμενοι	klh|zo/menoi	κλῄζω2	klh/|zw	urn:cite2:hmt:lsj.chicago_md:n57847	v-pppemv-
κλῃζόμενοι	klh|zo/menoi	κλῄζω2	klh/|zw	urn:cite2:hmt:lsj.chicago_md:n57848	v-pppemv-
κλῄζεται	klh/|zetai	κλῄζω1	klh/|zw	urn:cite2:hmt:lsj.chicago_md:n57847	v3spie---
κλῄζεται	klh/|zetai	κλῄζω1	klh/|zw	urn:cite2:hmt:lsj.chicago_md:n57848	v3spie---
κλῄζεται	klh/|zetai	κλῄζω2	klh/|zw	urn:cite2:hmt:lsj.chicago_md:n57847	v3spie---
κλῄζεται	klh/|zetai	κλῄζω2	klh/|zw	urn:cite2:hmt:lsj.chicago_md:n57848	v3spie---
κλῦθί	klu=qi/	κλύω	klu/w	urn:cite2:hmt:lsj.chicago_md:n58057	v2sama---
κνώδαλ’	knw/dal'	κνώδαλον	knw/dalon	urn:cite2:hmt:lsj.chicago_md:n58242	n-p---nn-
κνώδαλ’	knw/dal'	κνώδαλον	knw/dalon	urn:cite2:hmt:lsj.chicago_md:n58242	n-p---nv-
κνώδαλ’	knw/dal'	κνώδαλον	knw/dalon	urn:cite2:hmt:lsj.chicago_md:n58242	n-p---na-
κοινωνοῦσα	koinwnou=sa	κοινωνέω	koinwne/w	urn:cite2:hmt:lsj.chicago_md:n58444	v-sppafn-
κοινωνοῦσα	koinwnou=sa	κοινωνέω	koinwne/w	urn:cite2:hmt:lsj.chicago_md:n58444	v-sppafv-
κοινωνός	koinwno/s	κοινωνός	koinwno/s	urn:cite2:hmt:lsj.chicago_md:n58454	n-s---mn-
κοινωνός	koinwno/s	κοινωνός	koinwno/s	urn:cite2:hmt:lsj.chicago_md:n58454	n-s---fn-
κοινά	koina/	κοινός	koino/s	urn:cite2:hmt:lsj.chicago_md:n58429	a-p---nn-
κοινά	koina/	κοινός	koino/s	urn:cite2:hmt:lsj.chicago_md:n58429	a-p---nv-
κοινά	koina/	κοινός	koino/s	urn:cite2:hmt:lsj.chicago_md:n58429	a-p---na-
κοινά	koina/	κοινός	koino/s	urn:cite2:hmt:lsj.chicago_md:n58429	a-d---fn-
κοινά	koina/	κοινός	koino/s	urn:cite2:hmt:lsj.chicago_md:n58429	a-d---fv-
κοινά	koina/	κοινός	koino/s	urn:cite2:hmt:lsj.chicago_md:n58429	a-d---fa-
κοινά	koina/	κοινός	koino/s	urn:cite2:hmt:lsj.chicago_md:n58429	a-s---fn-
κοινά	koina/	κοινός	koino/s	urn:cite2:hmt:lsj.chicago_md:n58429	a-s---fv-
κοινά	koina/	κοινός	koino/s	urn:cite2:hmt:lsj.chicago_md:n58429	n-p---nn-
κοινά	koina/	κοινός	koino/s	urn:cite2:hmt:lsj.chicago_md:n58429	n-p---nv-
κοινά	koina/	κοινός	koino/s	urn:cite2:hmt:lsj.chicago_md:n58429	n-p---na-
κοινήν	koinh/n	κοινός	koino/s	urn:cite2:hmt:lsj.chicago_md:n58429	a-s---fa-
κοινός	koino/s	κοινός	koino/s	urn:cite2:hmt:lsj.chicago_md:n58429	a-s---mn-
κοινός	koino/s	κοινός	koino/s	urn:cite2:hmt:lsj.chicago_md:n58429	n-s---mn-
κοινός	koino/s	κοινός	koino/s	urn:cite2:hmt:lsj.chicago_md:n58429	n-s---fn-
κομήτην	komh/thn	κομάω	koma/w	urn:cite2:hmt:lsj.chicago_md:n58771	v3diia---
κομήτην	komh/thn	κομήτης	komh/ths	urn:cite2:hmt:lsj.chicago_md:n58786	n-s---ma-
κουφίσας	koufi/sas	κουφίζω	koufi/zw	urn:cite2:hmt:lsj.chicago_md:n59501	v-sapamn-
κουφίσας	koufi/sas	κουφίζω	koufi/zw	urn:cite2:hmt:lsj.chicago_md:n59501	v-sapamv-
κοὐ	kou)	οὐ	ou)	urn:cite2:hmt:lsj.chicago_md:n75730	d--------
κοὐδείς	kou)dei/s	οὐδείς	ou)dei/s	urn:cite2:hmt:lsj.chicago_md:n75765	n-s---mn-
κοὐδείς	kou)dei/s	οὐδείς	ou)dei/s	urn:cite2:hmt:lsj.chicago_md:n75765	n-s---mv-
κοὐδέν	kou)de/n	οὐδείς	ou)dei/s	urn:cite2:hmt:lsj.chicago_md:n75765	n-s---nn-
κοὐδέν	kou)de/n	οὐδείς	ou)dei/s	urn:cite2:hmt:lsj.chicago_md:n75765	n-s---nv-
κοὐδέν	kou)de/n	οὐδείς	ou)dei/s	urn:cite2:hmt:lsj.chicago_md:n75765	n-s---na-
κοὐκ	kou)k	οὐ	ou)	urn:cite2:hmt:lsj.chicago_md:n75730	d--------
κοὐχ	kou)x	οὐ	ou)	urn:cite2:hmt:lsj.chicago_md:n75730	d--------
κοὔπω	kou)/pw	οὔπω	ou)/pw	urn:cite2:hmt:lsj.chicago_md:n75907	d--------
κοὔτοι	kou)/toi	οὔτοι	ou)/toi	urn:cite2:hmt:lsj.chicago_md:n76061	d--------
κοίλῳ	koi/lw|	κόιλος	ko/ilos	urn:cite2:hmt:lsj.chicago_md:n58344	a-s---md-
κοίλῳ	koi/lw|	κόιλος	ko/ilos	urn:cite2:hmt:lsj.chicago_md:n58344	a-s---nd-
κοίλῳ	koi/lw|	κοῖλος	koi=los	urn:cite2:hmt:lsj.chicago_md:n58344	a-s---md-
κοίλῳ	koi/lw|	κοῖλος	koi=los	urn:cite2:hmt:lsj.chicago_md:n58344	a-s---nd-
κοίταισι	koi/taisi	κοίτη	koi/th	urn:cite2:hmt:lsj.chicago_md:n58478	n-p---fd-
κοίτης	koi/ths	κοίτη	koi/th	urn:cite2:hmt:lsj.chicago_md:n58478	n-s---fg-
κοῖλα	koi=la	κόιλος	ko/ilos	urn:cite2:hmt:lsj.chicago_md:n58344	a-p---nn-
κοῖλα	koi=la	κόιλος	ko/ilos	urn:cite2:hmt:lsj.chicago_md:n58344	a-p---nv-
κοῖλα	koi=la	κόιλος	ko/ilos	urn:cite2:hmt:lsj.chicago_md:n58344	a-p---na-
κοῖλα	koi=la	κοῖλος	koi=los	urn:cite2:hmt:lsj.chicago_md:n58344	a-p---nn-
κοῖλα	koi=la	κοῖλος	koi=los	urn:cite2:hmt:lsj.chicago_md:n58344	a-p---nv-
κοῖλα	koi=la	κοῖλος	koi=los	urn:cite2:hmt:lsj.chicago_md:n58344	a-p---na-
κρατιστεύων	kratisteu/wn	κρατιστεύω	kratisteu/w	urn:cite2:hmt:lsj.chicago_md:n59732	v-sppamn-
κρατοῦντα	kratou=nta	κρατέω	krate/w	urn:cite2:hmt:lsj.chicago_md:n59708	v-pppann-
κρατοῦντα	kratou=nta	κρατέω	krate/w	urn:cite2:hmt:lsj.chicago_md:n59708	v-pppanv-
κρατοῦντα	kratou=nta	κρατέω	krate/w	urn:cite2:hmt:lsj.chicago_md:n59708	v-pppana-
κρατοῦντα	kratou=nta	κρατέω	krate/w	urn:cite2:hmt:lsj.chicago_md:n59708	v-sppama-
κρατοῦσαν	kratou=san	κρατέω	krate/w	urn:cite2:hmt:lsj.chicago_md:n59708	v-sppafa-
κρατός	krato/s	κράς	kra/s	urn:cite2:hmt:lsj.chicago_md:n59655	n-s---fg-
κραίνων	krai/nwn	κραίνω	krai/nw	urn:cite2:hmt:lsj.chicago_md:n59589	v-sppamn-
κρεῖσσον	krei=sson	κρείσσων	krei/sswn	urn:cite2:hmt:lsj.chicago_md:n59794	a-s---mv-
κρεῖσσον	krei=sson	κρείσσων	krei/sswn	urn:cite2:hmt:lsj.chicago_md:n59794	a-s---fv-
κρεῖσσον	krei=sson	κρείσσων	krei/sswn	urn:cite2:hmt:lsj.chicago_md:n59794	a-s---nn-
κρεῖσσον	krei=sson	κρείσσων	krei/sswn	urn:cite2:hmt:lsj.chicago_md:n59794	a-s---nv-
κρεῖσσον	krei=sson	κρείσσων	krei/sswn	urn:cite2:hmt:lsj.chicago_md:n59794	a-s---na-
κρηναίου	krhnai/ou	κρηναῖος	krhnai=os	urn:cite2:hmt:lsj.chicago_md:n59884	a-s---mg-
κρηναίου	krhnai/ou	κρηναῖος	krhnai=os	urn:cite2:hmt:lsj.chicago_md:n59884	a-s---ng-
κρηπίς	krhpi/s	κρηπίς	krhpi/s	urn:cite2:hmt:lsj.chicago_md:n59905	n-s---fn-
κριτόν	krito/n	κριτός	krito/s	urn:cite2:hmt:lsj.chicago_md:n60047	a-s---ma-
κριτόν	krito/n	κριτός	krito/s	urn:cite2:hmt:lsj.chicago_md:n60047	a-s---nn-
κριτόν	krito/n	κριτός	krito/s	urn:cite2:hmt:lsj.chicago_md:n60047	a-s---nv-
κριτόν	krito/n	κριτός	krito/s	urn:cite2:hmt:lsj.chicago_md:n60047	a-s---na-
κρουνοί	krounoi/	κρουνός	krouno/s	urn:cite2:hmt:lsj.chicago_md:n60187	n-p---mn-
κρουνοί	krounoi/	κρουνός	krouno/s	urn:cite2:hmt:lsj.chicago_md:n60187	n-p---mv-
κρυφῇ	krufh=|	κρύπτω	kru/ptw	urn:cite2:hmt:lsj.chicago_md:n60245	v3sasp---
κρυφῇ	krufh=|	κρυφῇ	krufh=|	urn:cite2:hmt:lsj.chicago_md:n60263	d--------
κράτει	kra/tei	κράτος	kra/tos	urn:cite2:hmt:lsj.chicago_md:n59741	n-d---nn-
κράτει	kra/tei	κράτος	kra/tos	urn:cite2:hmt:lsj.chicago_md:n59741	n-d---nv-
κράτει	kra/tei	κράτος	kra/tos	urn:cite2:hmt:lsj.chicago_md:n59741	n-d---na-
κράτει	kra/tei	κράτος	kra/tos	urn:cite2:hmt:lsj.chicago_md:n59741	n-s---nd-
κράτει	kra/tei	κράτος	kra/tos	urn:cite2:hmt:lsj.chicago_md:n59741	n-s---nd-
κράτει	kra/tei	κρατέω	krate/w	urn:cite2:hmt:lsj.chicago_md:n59708	v2spma---
κράτει	kra/tei	κρατέω	krate/w	urn:cite2:hmt:lsj.chicago_md:n59708	v3siia---
κρίνει	kri/nei	κρίνον	kri/non	urn:cite2:hmt:lsj.chicago_md:n60001	n-d---nn-
κρίνει	kri/nei	κρίνον	kri/non	urn:cite2:hmt:lsj.chicago_md:n60001	n-d---nv-
κρίνει	kri/nei	κρίνον	kri/non	urn:cite2:hmt:lsj.chicago_md:n60001	n-d---na-
κρίνει	kri/nei	κρίνον	kri/non	urn:cite2:hmt:lsj.chicago_md:n60001	n-s---nd-
κρίνει	kri/nei	κρίνον	kri/non	urn:cite2:hmt:lsj.chicago_md:n60001	n-s---nd-
κρίνει	kri/nei	κρίνω	kri/nw	urn:cite2:hmt:lsj.chicago_md:n60003	v3sasa---
κρίνει	kri/nei	κρίνω	kri/nw	urn:cite2:hmt:lsj.chicago_md:n60003	v2spie---
κρίνει	kri/nei	κρίνω	kri/nw	urn:cite2:hmt:lsj.chicago_md:n60003	v3spia---
κρίνειν	kri/nein	κρίνω	kri/nw	urn:cite2:hmt:lsj.chicago_md:n60003	v--pna---
κρίνοις	kri/nois	κρίνον	kri/non	urn:cite2:hmt:lsj.chicago_md:n60001	n-p---nd-
κρίνοις	kri/nois	κρίνω	kri/nw	urn:cite2:hmt:lsj.chicago_md:n60003	v2spoa---
κρίσιν	kri/sin	κρίσις	kri/sis	urn:cite2:hmt:lsj.chicago_md:n60034	n-s---fa-
κρύπτειν	kru/ptein	κρύπτω	kru/ptw	urn:cite2:hmt:lsj.chicago_md:n60245	v--pna---
κρύφιον	kru/fion	κρύφιος	kru/fios	urn:cite2:hmt:lsj.chicago_md:n60270	a-s---ma-
κρύφιον	kru/fion	κρύφιος	kru/fios	urn:cite2:hmt:lsj.chicago_md:n60270	a-s---nn-
κρύφιον	kru/fion	κρύφιος	kru/fios	urn:cite2:hmt:lsj.chicago_md:n60270	a-s---nv-
κρύφιον	kru/fion	κρύφιος	kru/fios	urn:cite2:hmt:lsj.chicago_md:n60270	a-s---na-
κρύφιον	kru/fion	κρύφιος	kru/fios	urn:cite2:hmt:lsj.chicago_md:n60270	n-s---ma-
κρύφιον	kru/fion	κρύφιος	kru/fios	urn:cite2:hmt:lsj.chicago_md:n60270	n-s---fa-
κρύφιον	kru/fion	κρύφιος	kru/fios	urn:cite2:hmt:lsj.chicago_md:n60270	n-s---nn-
κρύφιον	kru/fion	κρύφιος	kru/fios	urn:cite2:hmt:lsj.chicago_md:n60270	n-s---nv-
κρύφιον	kru/fion	κρύφιος	kru/fios	urn:cite2:hmt:lsj.chicago_md:n60270	n-s---na-
κρύψασ’	kru/yas'	κρύπτω	kru/ptw	urn:cite2:hmt:lsj.chicago_md:n60245	v-sapafn-
κρύψασ’	kru/yas'	κρύπτω	kru/ptw	urn:cite2:hmt:lsj.chicago_md:n60245	v-sapafv-
κρύψασ’	kru/yas'	κρύπτω	kru/ptw	urn:cite2:hmt:lsj.chicago_md:n60245	v-papamd-
κρύψασ’	kru/yas'	κρύπτω	kru/ptw	urn:cite2:hmt:lsj.chicago_md:n60245	v-papand-
κρύψασ’	kru/yas'	κρύπτω	kru/ptw	urn:cite2:hmt:lsj.chicago_md:n60245	v-papafn-
κρύψασ’	kru/yas'	κρύπτω	kru/ptw	urn:cite2:hmt:lsj.chicago_md:n60245	v-papafv-
κρύψομαι	kru/yomai	κρύπτω	kru/ptw	urn:cite2:hmt:lsj.chicago_md:n60245	v1sasm---
κρύψομαι	kru/yomai	κρύπτω	kru/ptw	urn:cite2:hmt:lsj.chicago_md:n60245	v1sfim---
κρᾶτα	kra=ta	κράς	kra/s	urn:cite2:hmt:lsj.chicago_md:n59655	n-s---fa-
κρᾶτα	kra=ta	κράς	kra/s	urn:cite2:hmt:lsj.chicago_md:n59655	n-p---nn-
κρᾶτα	kra=ta	κράς	kra/s	urn:cite2:hmt:lsj.chicago_md:n59655	n-p---nv-
κρᾶτα	kra=ta	κράς	kra/s	urn:cite2:hmt:lsj.chicago_md:n59655	n-p---na-
κρῖναι	kri=nai	κρίνω	kri/nw	urn:cite2:hmt:lsj.chicago_md:n60003	v2samm---
κρῖναι	kri=nai	κρίνω	kri/nw	urn:cite2:hmt:lsj.chicago_md:n60003	v--ana---
κτείνασα	ktei/nasa	κτείνω	ktei/nw	urn:cite2:hmt:lsj.chicago_md:n60316	v-sapafn-
κτείνασα	ktei/nasa	κτείνω	ktei/nw	urn:cite2:hmt:lsj.chicago_md:n60316	v-sapafv-
κτείνασ’	ktei/nas'	κτείνω	ktei/nw	urn:cite2:hmt:lsj.chicago_md:n60316	v-sapafn-
κτείνασ’	ktei/nas'	κτείνω	ktei/nw	urn:cite2:hmt:lsj.chicago_md:n60316	v-sapafv-
κτείνασ’	ktei/nas'	κτείνω	ktei/nw	urn:cite2:hmt:lsj.chicago_md:n60316	v-papamd-
κτείνασ’	ktei/nas'	κτείνω	ktei/nw	urn:cite2:hmt:lsj.chicago_md:n60316	v-papand-
κτείνασ’	ktei/nas'	κτείνω	ktei/nw	urn:cite2:hmt:lsj.chicago_md:n60316	v-papafn-
κτείνασ’	ktei/nas'	κτείνω	ktei/nw	urn:cite2:hmt:lsj.chicago_md:n60316	v-papafv-
κτείνει	ktei/nei	κτείνω	ktei/nw	urn:cite2:hmt:lsj.chicago_md:n60316	v3sasa---
κτείνει	ktei/nei	κτείνω	ktei/nw	urn:cite2:hmt:lsj.chicago_md:n60316	v2spie---
κτείνει	ktei/nei	κτείνω	ktei/nw	urn:cite2:hmt:lsj.chicago_md:n60316	v3spia---
κτησίου	kthsi/ou	κτήσιος	kth/sios	urn:cite2:hmt:lsj.chicago_md:n60366	a-s---mg-
κτησίου	kthsi/ou	κτήσιος	kth/sios	urn:cite2:hmt:lsj.chicago_md:n60366	a-s---ng-
κτήσει	kth/sei	κτάομαι	kta/omai	urn:cite2:hmt:lsj.chicago_md:n60308	v2sfim---
κτήσει	kth/sei	κτέομαι	kte/omai	urn:cite2:hmt:lsj.chicago_md:n60330	v2sfie---
κτήσει	kth/sei	κτῆσις	kth=sis	urn:cite2:hmt:lsj.chicago_md:n60368	n-d---fn-
κτήσει	kth/sei	κτῆσις	kth=sis	urn:cite2:hmt:lsj.chicago_md:n60368	n-d---fv-
κτήσει	kth/sei	κτῆσις	kth=sis	urn:cite2:hmt:lsj.chicago_md:n60368	n-d---fa-
κτήσει	kth/sei	κτῆσις	kth=sis	urn:cite2:hmt:lsj.chicago_md:n60368	n-s---fd-
κτήσει	kth/sei	κτῆσις	kth=sis	urn:cite2:hmt:lsj.chicago_md:n60368	n-s---fd-
κτίσαι	kti/sai	κτίζω	kti/zw	urn:cite2:hmt:lsj.chicago_md:n60375	v2samm---
κτίσαι	kti/sai	κτίζω	kti/zw	urn:cite2:hmt:lsj.chicago_md:n60375	v--ana---
κτίσαι	kti/sai	κτίζω	kti/zw	urn:cite2:hmt:lsj.chicago_md:n60375	v3saoa---
κτῆμα	kth=ma	κτῆμα	kth=ma	urn:cite2:hmt:lsj.chicago_md:n60340	n-s---nn-
κτῆμα	kth=ma	κτῆμα	kth=ma	urn:cite2:hmt:lsj.chicago_md:n60340	n-s---nv-
κτῆμα	kth=ma	κτῆμα	kth=ma	urn:cite2:hmt:lsj.chicago_md:n60340	n-s---na-
κτῆσιν	kth=sin	κτάομαι	kta/omai	urn:cite2:hmt:lsj.chicago_md:n60308	v2spse---
κτῆσιν	kth=sin	κτέομαι	kte/omai	urn:cite2:hmt:lsj.chicago_md:n60330	v2spse---
κτῆσιν	kth=sin	κτείνω	ktei/nw	urn:cite2:hmt:lsj.chicago_md:n60316	v2sasm---
κτῆσιν	kth=sin	κτῆσις	kth=sis	urn:cite2:hmt:lsj.chicago_md:n60368	n-s---fa-
κτῴμην	ktw/|mhn	κτάομαι	kta/omai	urn:cite2:hmt:lsj.chicago_md:n60308	v1spoe---
κυκλοῦσιν	kuklou=sin	κυκλέω	kukle/w	urn:cite2:hmt:lsj.chicago_md:n60614	v-pppamd-
κυκλοῦσιν	kuklou=sin	κυκλέω	kukle/w	urn:cite2:hmt:lsj.chicago_md:n60614	v-pppand-
κυκλοῦσιν	kuklou=sin	κυκλέω	kukle/w	urn:cite2:hmt:lsj.chicago_md:n60614	v3ppia---
κυκλοῦσιν	kuklou=sin	κυκλόω	kuklo/w	urn:cite2:hmt:lsj.chicago_md:n60657	v-pppamd-
κυκλοῦσιν	kuklou=sin	κυκλόω	kuklo/w	urn:cite2:hmt:lsj.chicago_md:n60657	v-pppand-
κυκλοῦσιν	kuklou=sin	κυκλόω	kuklo/w	urn:cite2:hmt:lsj.chicago_md:n60657	v3ppia---
κυρεῖ	kurei=	κυρέω	kure/w	urn:cite2:hmt:lsj.chicago_md:n61030	v2spie---
κυρεῖ	kurei=	κυρέω	kure/w	urn:cite2:hmt:lsj.chicago_md:n61030	v3spia---
κυρεῖς	kurei=s	κυρέω	kure/w	urn:cite2:hmt:lsj.chicago_md:n61030	v2spia---
κυρῶ	kurw=	κυρέω	kure/w	urn:cite2:hmt:lsj.chicago_md:n61030	v1spsa---
κυρῶ	kurw=	κυρέω	kure/w	urn:cite2:hmt:lsj.chicago_md:n61030	v1spia---
κυρῶ	kurw=	κυρόω	kuro/w	urn:cite2:hmt:lsj.chicago_md:n61073	v1spsa---
κυρῶ	kurw=	κυρόω	kuro/w	urn:cite2:hmt:lsj.chicago_md:n61073	v1spia---
κωκυτόν	kwkuto/n	Κωκυτός	*kwkuto/s	urn:cite2:hmt:lsj.chicago_md:n61223	n-s---ma-
κἀγαθός	ka)gaqo/s	ἀγαθός	a)gaqo/s	urn:cite2:hmt:lsj.chicago_md:n260	a-s---mn-
κἀγώ	ka)gw/	ἀγός	a)go/s	urn:cite2:hmt:lsj.chicago_md:n796	n-d---mn-
κἀγώ	ka)gw/	ἀγός	a)go/s	urn:cite2:hmt:lsj.chicago_md:n796	n-d---mv-
κἀγώ	ka)gw/	ἀγός	a)go/s	urn:cite2:hmt:lsj.chicago_md:n796	n-d---ma-
κἀγώ	ka)gw/	ἐγώ	e)gw/	urn:cite2:hmt:lsj.chicago_md:n30657	p-s---mn-
κἀγώ	ka)gw/	ἐγώ	e)gw/	urn:cite2:hmt:lsj.chicago_md:n30657	p-s---mv-
κἀγώ	ka)gw/	ἐγώ	e)gw/	urn:cite2:hmt:lsj.chicago_md:n30657	p-s---fn-
κἀγώ	ka)gw/	ἐγώ	e)gw/	urn:cite2:hmt:lsj.chicago_md:n30657	p-s---fv-
κἀδούλωσεν	ka)dou/lwsen	δουλόω	doulo/w	urn:cite2:hmt:lsj.chicago_md:n28194	v3saia---
κἀδάκρυτος	ka)da/krutos	ἀδάκρυτος	a)da/krutos	urn:cite2:hmt:lsj.chicago_md:n1138	n-s---mn-
κἀδάκρυτος	ka)da/krutos	ἀδάκρυτος	a)da/krutos	urn:cite2:hmt:lsj.chicago_md:n1138	n-s---fn-
κἀδόκουν	ka)do/koun	δοκέω	doke/w	urn:cite2:hmt:lsj.chicago_md:n27847	v3piia---
κἀδόκουν	ka)do/koun	δοκέω	doke/w	urn:cite2:hmt:lsj.chicago_md:n27847	v1siia---
κἀδόκουν	ka)do/koun	δοκόω	doko/w	urn:cite2:hmt:lsj.chicago_md:n27881	v3piia---
κἀδόκουν	ka)do/koun	δοκόω	doko/w	urn:cite2:hmt:lsj.chicago_md:n27881	v1siia---
κἀκ	ka)k	ἐκ	e)k	urn:cite2:hmt:lsj.chicago_md:n31575	r--------
κἀκεῖνος	ka)kei=nos	ἐκεῖνος	e)kei=nos	urn:cite2:hmt:lsj.chicago_md:n31951	n-s---mn-
κἀκκινήσεις	ka)kkinh/seis	ἐκκινέω	e)kkine/w	urn:cite2:hmt:lsj.chicago_md:n32160	v2sasa---
κἀκκινήσεις	ka)kkinh/seis	ἐκκινέω	e)kkine/w	urn:cite2:hmt:lsj.chicago_md:n32160	v2sfia---
κἀκκινήσεις	ka)kkinh/seis	ἐκκινέω	e)kkine/w	urn:cite2:hmt:lsj.chicago_md:n32160	v2sasa---
κἀκκινήσεις	ka)kkinh/seis	ἐκκινέω	e)kkine/w	urn:cite2:hmt:lsj.chicago_md:n32160	v2sfia---
κἀκροθίνια	ka)kroqi/nia	ἀκροθίνιον	a)kroqi/nion	urn:cite2:hmt:lsj.chicago_md:n3558	n-p---nn-
κἀκροθίνια	ka)kroqi/nia	ἀκροθίνιον	a)kroqi/nion	urn:cite2:hmt:lsj.chicago_md:n3558	n-p---nv-
κἀκροθίνια	ka)kroqi/nia	ἀκροθίνιον	a)kroqi/nion	urn:cite2:hmt:lsj.chicago_md:n3558	n-p---na-
κἀμοῦ	ka)mou=	ἁμόσ1	a(mo/s	urn:cite2:hmt:lsj.chicago_md:n5446	a-s---mg-
κἀμοῦ	ka)mou=	ἁμόσ1	a(mo/s	urn:cite2:hmt:lsj.chicago_md:n5447	a-s---mg-
κἀμοῦ	ka)mou=	ἁμόσ1	a(mo/s	urn:cite2:hmt:lsj.chicago_md:n5446	a-s---ng-
κἀμοῦ	ka)mou=	ἁμόσ1	a(mo/s	urn:cite2:hmt:lsj.chicago_md:n5447	a-s---ng-
κἀμοῦ	ka)mou=	ἁμοῦ	a(mou=	urn:cite2:hmt:lsj.chicago_md:n5451	d--------
κἀμοῦ	ka)mou=	ἀμόω	a)mo/w	urn:cite2:hmt:lsj.chicago_md:n5461	v2siie---
κἀμοῦ	ka)mou=	ἀμόω	a)mo/w	urn:cite2:hmt:lsj.chicago_md:n5461	v2spme---
κἀμοῦ	ka)mou=	ἐγώ	e)gw/	urn:cite2:hmt:lsj.chicago_md:n30657	p-s---mg-
κἀμοῦ	ka)mou=	ἐγώ	e)gw/	urn:cite2:hmt:lsj.chicago_md:n30657	p-s---fg-
κἀμοῦ	ka)mou=	ἐμέω	e)me/w	urn:cite2:hmt:lsj.chicago_md:n34111	v2spme---
κἀμοῦ	ka)mou=	ἐμός	e)mo/s	urn:cite2:hmt:lsj.chicago_md:n34194	a-s---mg-
κἀμοῦ	ka)mou=	ἐμός	e)mo/s	urn:cite2:hmt:lsj.chicago_md:n34194	a-s---ng-
κἀμοῦ	ka)mou=	ἡμός	h(mo/s	urn:cite2:hmt:lsj.chicago_md:n47379	a-s---mg-
κἀμοῦ	ka)mou=	ἡμός	h(mo/s	urn:cite2:hmt:lsj.chicago_md:n47379	a-s---ng-
κἀμέ	ka)me/	ἁμόσ1	a(mo/s	urn:cite2:hmt:lsj.chicago_md:n5446	a-s---mv-
κἀμέ	ka)me/	ἁμόσ1	a(mo/s	urn:cite2:hmt:lsj.chicago_md:n5447	a-s---mv-
κἀμέ	ka)me/	ἐγώ	e)gw/	urn:cite2:hmt:lsj.chicago_md:n30657	p-s---ma-
κἀμέ	ka)me/	ἐγώ	e)gw/	urn:cite2:hmt:lsj.chicago_md:n30657	p-s---fa-
κἀμέ	ka)me/	ἐμός	e)mo/s	urn:cite2:hmt:lsj.chicago_md:n34194	a-s---mv-
κἀμέ	ka)me/	ἡμός	h(mo/s	urn:cite2:hmt:lsj.chicago_md:n47379	a-s---mv-
κἀν	ka)n	ἐν	e)n	urn:cite2:hmt:lsj.chicago_md:n34700	r--------
κἀν	ka)n	εἰς	ei)s	urn:cite2:hmt:lsj.chicago_md:n31235	r--------
κἀναστήσεις	ka)nasth/seis	ἀνίστημι	a)ni/sthmi	urn:cite2:hmt:lsj.chicago_md:n9082	v2sasa---
κἀναστήσεις	ka)nasth/seis	ἀνίστημι	a)ni/sthmi	urn:cite2:hmt:lsj.chicago_md:n9082	v2sfia---
κἀνιαύσιον	ka)niau/sion	ἐνιαύσιος	e)niau/sios	urn:cite2:hmt:lsj.chicago_md:n35668	a-s---ma-
κἀνιαύσιον	ka)niau/sion	ἐνιαύσιος	e)niau/sios	urn:cite2:hmt:lsj.chicago_md:n35668	a-s---nn-
κἀνιαύσιον	ka)niau/sion	ἐνιαύσιος	e)niau/sios	urn:cite2:hmt:lsj.chicago_md:n35668	a-s---nv-
κἀνιαύσιον	ka)niau/sion	ἐνιαύσιος	e)niau/sios	urn:cite2:hmt:lsj.chicago_md:n35668	a-s---na-
κἀνιαύσιον	ka)niau/sion	ἐνιαύσιος	e)niau/sios	urn:cite2:hmt:lsj.chicago_md:n35668	n-s---ma-
κἀνιαύσιον	ka)niau/sion	ἐνιαύσιος	e)niau/sios	urn:cite2:hmt:lsj.chicago_md:n35668	n-s---fa-
κἀνιαύσιον	ka)niau/sion	ἐνιαύσιος	e)niau/sios	urn:cite2:hmt:lsj.chicago_md:n35668	n-s---nn-
κἀνιαύσιον	ka)niau/sion	ἐνιαύσιος	e)niau/sios	urn:cite2:hmt:lsj.chicago_md:n35668	n-s---nv-
κἀνιαύσιον	ka)niau/sion	ἐνιαύσιος	e)niau/sios	urn:cite2:hmt:lsj.chicago_md:n35668	n-s---na-
κἀννεώσασθαι	ka)nnew/sasqai	ἀνανεόομαι	a)naneo/omai	urn:cite2:hmt:lsj.chicago_md:n7056	v--anm---
κἀννεώσασθαι	ka)nnew/sasqai	ἐννεόω	e)nneo/w	urn:cite2:hmt:lsj.chicago_md:n35843	v--anm---
κἀνταῦθ’	ka)ntau=q'	ἐνταῦθα	e)ntau=qa	urn:cite2:hmt:lsj.chicago_md:n36165	d--------
κἀξ	ka)c	ἐκ	e)k	urn:cite2:hmt:lsj.chicago_md:n31575	r--------
κἀξακριβῶσαι	ka)cakribw=sai	ἐξακριβάζω	e)cakriba/zw	urn:cite2:hmt:lsj.chicago_md:n36621	v-pfpafn-
κἀξακριβῶσαι	ka)cakribw=sai	ἐξακριβάζω	e)cakriba/zw	urn:cite2:hmt:lsj.chicago_md:n36621	v-pfpafv-
κἀξακριβῶσαι	ka)cakribw=sai	ἐξακριβόω	e)cakribo/w	urn:cite2:hmt:lsj.chicago_md:n36623	v--ana---
κἀξακριβῶσαι	ka)cakribw=sai	ἐξακριβόω	e)cakribo/w	urn:cite2:hmt:lsj.chicago_md:n36623	v--ana---
κἀξαμῶν	ka)camw=n	ἐξαμάω	e)cama/w	urn:cite2:hmt:lsj.chicago_md:n36683	v-sppamv-
κἀξαμῶν	ka)camw=n	ἐξαμάω	e)cama/w	urn:cite2:hmt:lsj.chicago_md:n36684	v-sppamv-
κἀξαμῶν	ka)camw=n	ἐξαμάω	e)cama/w	urn:cite2:hmt:lsj.chicago_md:n36683	v-sppann-
κἀξαμῶν	ka)camw=n	ἐξαμάω	e)cama/w	urn:cite2:hmt:lsj.chicago_md:n36684	v-sppann-
κἀξαμῶν	ka)camw=n	ἐξαμάω	e)cama/w	urn:cite2:hmt:lsj.chicago_md:n36683	v-sppanv-
κἀξαμῶν	ka)camw=n	ἐξαμάω	e)cama/w	urn:cite2:hmt:lsj.chicago_md:n36684	v-sppanv-
κἀξαμῶν	ka)camw=n	ἐξαμάω	e)cama/w	urn:cite2:hmt:lsj.chicago_md:n36683	v-sppana-
κἀξαμῶν	ka)camw=n	ἐξαμάω	e)cama/w	urn:cite2:hmt:lsj.chicago_md:n36684	v-sppana-
κἀξαμῶν	ka)camw=n	ἐξαμάω	e)cama/w	urn:cite2:hmt:lsj.chicago_md:n36683	v-sppamn-
κἀξαμῶν	ka)camw=n	ἐξαμάω	e)cama/w	urn:cite2:hmt:lsj.chicago_md:n36684	v-sppamn-
κἀξαμῶν	ka)camw=n	ἐξαμάω	e)cama/w	urn:cite2:hmt:lsj.chicago_md:n36683	v-sppamn-
κἀξαμῶν	ka)camw=n	ἐξαμάω	e)cama/w	urn:cite2:hmt:lsj.chicago_md:n36684	v-sppamn-
κἀξαμῶν	ka)camw=n	ἐξαμάω1	e)cama/w	urn:cite2:hmt:lsj.chicago_md:n36683	v-sppamv-
κἀξαμῶν	ka)camw=n	ἐξαμάω1	e)cama/w	urn:cite2:hmt:lsj.chicago_md:n36684	v-sppamv-
κἀξαμῶν	ka)camw=n	ἐξαμάω1	e)cama/w	urn:cite2:hmt:lsj.chicago_md:n36683	v-sppann-
κἀξαμῶν	ka)camw=n	ἐξαμάω1	e)cama/w	urn:cite2:hmt:lsj.chicago_md:n36684	v-sppann-
κἀξαμῶν	ka)camw=n	ἐξαμάω1	e)cama/w	urn:cite2:hmt:lsj.chicago_md:n36683	v-sppanv-
κἀξαμῶν	ka)camw=n	ἐξαμάω1	e)cama/w	urn:cite2:hmt:lsj.chicago_md:n36684	v-sppanv-
κἀξαμῶν	ka)camw=n	ἐξαμάω1	e)cama/w	urn:cite2:hmt:lsj.chicago_md:n36683	v-sppana-
κἀξαμῶν	ka)camw=n	ἐξαμάω1	e)cama/w	urn:cite2:hmt:lsj.chicago_md:n36684	v-sppana-
κἀξαμῶν	ka)camw=n	ἐξαμάω1	e)cama/w	urn:cite2:hmt:lsj.chicago_md:n36683	v-sppamn-
κἀξαμῶν	ka)camw=n	ἐξαμάω1	e)cama/w	urn:cite2:hmt:lsj.chicago_md:n36684	v-sppamn-
κἀξαναγκάζεις	ka)canagka/zeis	ἐξαναγκάζω	e)canagka/zw	urn:cite2:hmt:lsj.chicago_md:n36729	v2spia---
κἀξαναγκάζεις	ka)canagka/zeis	ἐξαναγκάζω	e)canagka/zw	urn:cite2:hmt:lsj.chicago_md:n36729	v2spia---
κἀπροσήγορον	ka)prosh/goron	ἀπροσήγορος	a)prosh/goros	urn:cite2:hmt:lsj.chicago_md:n14476	n-s---ma-
κἀπροσήγορον	ka)prosh/goron	ἀπροσήγορος	a)prosh/goros	urn:cite2:hmt:lsj.chicago_md:n14476	n-s---fa-
κἀπροσήγορον	ka)prosh/goron	ἀπροσήγορος	a)prosh/goros	urn:cite2:hmt:lsj.chicago_md:n14476	n-s---nn-
κἀπροσήγορον	ka)prosh/goron	ἀπροσήγορος	a)prosh/goros	urn:cite2:hmt:lsj.chicago_md:n14476	n-s---nv-
κἀπροσήγορον	ka)prosh/goron	ἀπροσήγορος	a)prosh/goros	urn:cite2:hmt:lsj.chicago_md:n14476	n-s---na-
κἀπί	ka)pi/	ἐπί	e)pi/	urn:cite2:hmt:lsj.chicago_md:n38862	r--------
κἀπό	ka)po/	ἀπό	a)po/	urn:cite2:hmt:lsj.chicago_md:n12243	r--------
κἀπ’	ka)p'	Ἀπίς	*)api/s	urn:cite2:hmt:lsj.chicago_md:n12129	n-s---fv-
κἀπ’	ka)p'	ἄπιοσ2	a)/pios	urn:cite2:hmt:lsj.chicago_md:n12126	n-s---fv-
κἀπ’	ka)p'	ἄπιοσ2	a)/pios	urn:cite2:hmt:lsj.chicago_md:n12127	n-s---fv-
κἀπ’	ka)p'	ἀπό	a)po/	urn:cite2:hmt:lsj.chicago_md:n12243	r--------
κἀπ’	ka)p'	ἀπό	a)po/	urn:cite2:hmt:lsj.chicago_md:n12243	r--------
κἀπ’	ka)p'	ἐπί	e)pi/	urn:cite2:hmt:lsj.chicago_md:n38862	r--------
κἀστίν	ka)sti/n	εἰμί	ei)mi/	urn:cite2:hmt:lsj.chicago_md:n31130	v3spia---
κἀφύσαμεν	ka)fu/samen	ἀφύσσω	a)fu/ssw	urn:cite2:hmt:lsj.chicago_md:n18597	v1paia---
κἀφύσαμεν	ka)fu/samen	ἐφύω	e)fu/w	urn:cite2:hmt:lsj.chicago_md:n45872	v1paia---
κἀφύσαμεν	ka)fu/samen	φύω	fu/w	urn:cite2:hmt:lsj.chicago_md:n112794	v1paia---
κἀφύσαμεν	ka)fu/samen	φύζω	fu/zw	urn:cite2:hmt:lsj.chicago_md:n112495	v1paia---
κἄδρων	ka)/drwn	δράω	dra/w	urn:cite2:hmt:lsj.chicago_md:n28360	v3piia---
κἄδρων	ka)/drwn	δράω	dra/w	urn:cite2:hmt:lsj.chicago_md:n28361	v3piia---
κἄδρων	ka)/drwn	δράω	dra/w	urn:cite2:hmt:lsj.chicago_md:n28360	v1siia---
κἄδρων	ka)/drwn	δράω	dra/w	urn:cite2:hmt:lsj.chicago_md:n28361	v1siia---
κἄθηκα	ka)/qhka	τίθημι	ti/qhmi	urn:cite2:hmt:lsj.chicago_md:n103922	v1saia---
κἄλλῃ	ka)/llh|	ἄλλῃ	a)/llh|	urn:cite2:hmt:lsj.chicago_md:n4388	d--------
κἄλλῃ	ka)/llh|	ἄλλος	a)/llos	urn:cite2:hmt:lsj.chicago_md:n4490	n-s---fd-
κἄν	ka)/n	κἀν	ka)n	urn:cite2:hmt:lsj.chicago_md:n53040	c--------
κἄν	ka)/n	κἀν	ka)n	urn:cite2:hmt:lsj.chicago_md:n53041	c--------
κάκιστε	ka/kiste	κακός	kako/s	urn:cite2:hmt:lsj.chicago_md:n52332	a-s---mv-
κάλει	ka/lei	καλέω	kale/w	urn:cite2:hmt:lsj.chicago_md:n52571	v2spma---
κάλει	ka/lei	καλέω	kale/w	urn:cite2:hmt:lsj.chicago_md:n52571	v3siia---
κάλλιστον	ka/lliston	καλός	kalo/s	urn:cite2:hmt:lsj.chicago_md:n52840	a-s---ma-
κάλλιστον	ka/lliston	καλός	kalo/s	urn:cite2:hmt:lsj.chicago_md:n52840	a-s---nn-
κάλλιστον	ka/lliston	καλός	kalo/s	urn:cite2:hmt:lsj.chicago_md:n52840	a-s---nv-
κάλλιστον	ka/lliston	καλός	kalo/s	urn:cite2:hmt:lsj.chicago_md:n52840	a-s---na-
κάλλος	ka/llos	κάλλος	ka/llos	urn:cite2:hmt:lsj.chicago_md:n52774	n-s---nn-
κάλλος	ka/llos	κάλλος	ka/llos	urn:cite2:hmt:lsj.chicago_md:n52774	n-s---nv-
κάλλος	ka/llos	κάλλος	ka/llos	urn:cite2:hmt:lsj.chicago_md:n52774	n-s---na-
κάρα	ka/ra	κάρ	ka/r	urn:cite2:hmt:lsj.chicago_md:n53244	n-p---nn-
κάρα	ka/ra	κάρ	ka/r	urn:cite2:hmt:lsj.chicago_md:n53245	n-p---nn-
κάρα	ka/ra	κάρ	ka/r	urn:cite2:hmt:lsj.chicago_md:n53247	n-p---nn-
κάρα	ka/ra	κάρ	ka/r	urn:cite2:hmt:lsj.chicago_md:n53244	n-p---nv-
κάρα	ka/ra	κάρ	ka/r	urn:cite2:hmt:lsj.chicago_md:n53245	n-p---nv-
κάρα	ka/ra	κάρ	ka/r	urn:cite2:hmt:lsj.chicago_md:n53247	n-p---nv-
κάρα	ka/ra	κάρ	ka/r	urn:cite2:hmt:lsj.chicago_md:n53244	n-p---na-
κάρα	ka/ra	κάρ	ka/r	urn:cite2:hmt:lsj.chicago_md:n53245	n-p---na-
κάρα	ka/ra	κάρ	ka/r	urn:cite2:hmt:lsj.chicago_md:n53247	n-p---na-
κάρα	ka/ra	κάρα	ka/ra	urn:cite2:hmt:lsj.chicago_md:n53248	n-p---nn-
κάρα	ka/ra	κάρα	ka/ra	urn:cite2:hmt:lsj.chicago_md:n53249	n-p---nn-
κάρα	ka/ra	κάρα	ka/ra	urn:cite2:hmt:lsj.chicago_md:n53248	n-p---nv-
κάρα	ka/ra	κάρα	ka/ra	urn:cite2:hmt:lsj.chicago_md:n53249	n-p---nv-
κάρα	ka/ra	κάρα	ka/ra	urn:cite2:hmt:lsj.chicago_md:n53248	n-p---na-
κάρα	ka/ra	κάρα	ka/ra	urn:cite2:hmt:lsj.chicago_md:n53249	n-p---na-
κάρα	ka/ra	κάρα	ka/ra	urn:cite2:hmt:lsj.chicago_md:n53248	n-s---nn-
κάρα	ka/ra	κάρα	ka/ra	urn:cite2:hmt:lsj.chicago_md:n53249	n-s---nn-
κάρα	ka/ra	κάρα	ka/ra	urn:cite2:hmt:lsj.chicago_md:n53248	n-s---nv-
κάρα	ka/ra	κάρα	ka/ra	urn:cite2:hmt:lsj.chicago_md:n53249	n-s---nv-
κάρα	ka/ra	κάρα	ka/ra	urn:cite2:hmt:lsj.chicago_md:n53248	n-s---na-
κάρα	ka/ra	κάρα	ka/ra	urn:cite2:hmt:lsj.chicago_md:n53249	n-s---na-
κάρα	ka/ra	κάρα	ka/ra	urn:cite2:hmt:lsj.chicago_md:n53248	n-d---fa-
κάρα	ka/ra	κάρα	ka/ra	urn:cite2:hmt:lsj.chicago_md:n53249	n-d---fa-
κάρα	ka/ra	κάρα	ka/ra	urn:cite2:hmt:lsj.chicago_md:n53248	n-d---fn-
κάρα	ka/ra	κάρα	ka/ra	urn:cite2:hmt:lsj.chicago_md:n53249	n-d---fn-
κάρα	ka/ra	κάρα	ka/ra	urn:cite2:hmt:lsj.chicago_md:n53248	n-d---fv-
κάρα	ka/ra	κάρα	ka/ra	urn:cite2:hmt:lsj.chicago_md:n53249	n-d---fv-
κάρα	ka/ra	κάρα	ka/ra	urn:cite2:hmt:lsj.chicago_md:n53248	n-d---fa-
κάρα	ka/ra	κάρα	ka/ra	urn:cite2:hmt:lsj.chicago_md:n53249	n-d---fa-
κάρα	ka/ra	κάρα	ka/ra	urn:cite2:hmt:lsj.chicago_md:n53248	n-s---fn-
κάρα	ka/ra	κάρα	ka/ra	urn:cite2:hmt:lsj.chicago_md:n53249	n-s---fn-
κάρα	ka/ra	κάρα	ka/ra	urn:cite2:hmt:lsj.chicago_md:n53248	n-s---fv-
κάρα	ka/ra	κάρα	ka/ra	urn:cite2:hmt:lsj.chicago_md:n53249	n-s---fv-
κάρα	ka/ra	κάρον	ka/ron	urn:cite2:hmt:lsj.chicago_md:n53390	n-p---nn-
κάρα	ka/ra	κάρον	ka/ron	urn:cite2:hmt:lsj.chicago_md:n53390	n-p---nv-
κάρα	ka/ra	κάρον	ka/ron	urn:cite2:hmt:lsj.chicago_md:n53390	n-p---na-
κάρτα	ka/rta	κάρτα	ka/rta	urn:cite2:hmt:lsj.chicago_md:n53477	d--------
κάρτα	ka/rta	κάρτος	ka/rtos	urn:cite2:hmt:lsj.chicago_md:n53506	n-p---nn-
κάρτα	ka/rta	κάρτος	ka/rtos	urn:cite2:hmt:lsj.chicago_md:n53506	n-p---nv-
κάρτα	ka/rta	κάρτος	ka/rtos	urn:cite2:hmt:lsj.chicago_md:n53506	n-p---na-
κάρτ’	ka/rt'	κάρτα	ka/rta	urn:cite2:hmt:lsj.chicago_md:n53477	d--------
κάταγμα	ka/tagma	κάταγμα	ka/tagma	urn:cite2:hmt:lsj.chicago_md:n53800	n-s---nn-
κάταγμα	ka/tagma	κάταγμα	ka/tagma	urn:cite2:hmt:lsj.chicago_md:n53801	n-s---nn-
κάταγμα	ka/tagma	κάταγμα	ka/tagma	urn:cite2:hmt:lsj.chicago_md:n53800	n-s---nv-
κάταγμα	ka/tagma	κάταγμα	ka/tagma	urn:cite2:hmt:lsj.chicago_md:n53801	n-s---nv-
κάταγμα	ka/tagma	κάταγμα	ka/tagma	urn:cite2:hmt:lsj.chicago_md:n53800	n-s---na-
κάταγμα	ka/tagma	κάταγμα	ka/tagma	urn:cite2:hmt:lsj.chicago_md:n53801	n-s---na-
κάτοιδε	ka/toide	κάτοιδα	ka/toida	urn:cite2:hmt:lsj.chicago_md:n55991	v3sria---
κάτοισθα	ka/toisqa	κάτοιδα	ka/toida	urn:cite2:hmt:lsj.chicago_md:n55991	v2sria---
κάτοισθ’	ka/toisq'	κάτοιδα	ka/toida	urn:cite2:hmt:lsj.chicago_md:n55991	v2sria---
κάτοισθ’	ka/toisq'	καθίημι	kaqi/hmi	urn:cite2:hmt:lsj.chicago_md:n51826	v2paom---
κάτοχον	ka/toxon	κάτοχος	ka/toxos	urn:cite2:hmt:lsj.chicago_md:n56129	n-s---ma-
κάτοχον	ka/toxon	κάτοχος	ka/toxos	urn:cite2:hmt:lsj.chicago_md:n56129	n-s---fa-
κάτοχον	ka/toxon	κάτοχος	ka/toxos	urn:cite2:hmt:lsj.chicago_md:n56129	n-s---nn-
κάτοχον	ka/toxon	κάτοχος	ka/toxos	urn:cite2:hmt:lsj.chicago_md:n56129	n-s---nv-
κάτοχον	ka/toxon	κάτοχος	ka/toxos	urn:cite2:hmt:lsj.chicago_md:n56129	n-s---na-
κέαρ	ke/ar	κῆρ	kh=r	urn:cite2:hmt:lsj.chicago_md:n57168	n-s---nv-
κέαρ	ke/ar	κῆρ	kh=r	urn:cite2:hmt:lsj.chicago_md:n57168	n-s---na-
κέαρ	ke/ar	κῆρ	kh=r	urn:cite2:hmt:lsj.chicago_md:n57168	n-s---nn-
κέλευθοι	ke/leuqoi	κέλευθος	ke/leuqos	urn:cite2:hmt:lsj.chicago_md:n56480	n-p---fn-
κέλευθοι	ke/leuqoi	κέλευθος	ke/leuqos	urn:cite2:hmt:lsj.chicago_md:n56480	n-p---fv-
κέντρ’	ke/ntr'	κέντρον	ke/ntron	urn:cite2:hmt:lsj.chicago_md:n56642	n-p---nn-
κέντρ’	ke/ntr'	κέντρον	ke/ntron	urn:cite2:hmt:lsj.chicago_md:n56642	n-p---nv-
κέντρ’	ke/ntr'	κέντρον	ke/ntron	urn:cite2:hmt:lsj.chicago_md:n56642	n-p---na-
κέρδος	ke/rdos	κέρδος	ke/rdos	urn:cite2:hmt:lsj.chicago_md:n56840	n-s---nn-
κέρδος	ke/rdos	κέρδος	ke/rdos	urn:cite2:hmt:lsj.chicago_md:n56840	n-s---nv-
κέρδος	ke/rdos	κέρδος	ke/rdos	urn:cite2:hmt:lsj.chicago_md:n56840	n-s---na-
κέχυται	ke/xutai	χέω	xe/w	urn:cite2:hmt:lsj.chicago_md:n113864	v3srie---
κήδευσον	kh/deuson	κηδεύω	khdeu/w	urn:cite2:hmt:lsj.chicago_md:n57066	v2sama---
κήρ	kh/r	κήρ	kh/r	urn:cite2:hmt:lsj.chicago_md:n57167	n-s---fn-
κήρ	kh/r	κήρ	kh/r	urn:cite2:hmt:lsj.chicago_md:n57167	n-s---fn-
κήρυκα	kh/ruka	κῆρυξ	kh=ruc	urn:cite2:hmt:lsj.chicago_md:n57262	n-s---ma-
κόμης	ko/mhs	κόμη	ko/mh	urn:cite2:hmt:lsj.chicago_md:n58782	n-s---fg-
κόμης	ko/mhs	κόμης	ko/mhs	urn:cite2:hmt:lsj.chicago_md:n58784	n-s---fn-
κόμης	ko/mhs	κομάω	koma/w	urn:cite2:hmt:lsj.chicago_md:n58771	v2spia---
κόμης	ko/mhs	κομάω	koma/w	urn:cite2:hmt:lsj.chicago_md:n58771	v2siia---
κόρας	ko/ras	κόρη	ko/rh	urn:cite2:hmt:lsj.chicago_md:n59098	n-p---fa-
κόρας	ko/ras	κόρη	ko/rh	urn:cite2:hmt:lsj.chicago_md:n59098	n-s---fg-
κόρη	ko/rh	κόρη	ko/rh	urn:cite2:hmt:lsj.chicago_md:n59098	n-s---fn-
κόρη	ko/rh	κόρη	ko/rh	urn:cite2:hmt:lsj.chicago_md:n59098	n-s---fv-
κόρη	ko/rh	κόρις	ko/ris	urn:cite2:hmt:lsj.chicago_md:n59124	n-d---mn-
κόρη	ko/rh	κόρις	ko/ris	urn:cite2:hmt:lsj.chicago_md:n59124	n-d---mv-
κόρη	ko/rh	κόρις	ko/ris	urn:cite2:hmt:lsj.chicago_md:n59124	n-d---ma-
κόρη	ko/rh	κορέω	kore/w	urn:cite2:hmt:lsj.chicago_md:n59096	v2spma---
κόρη	ko/rh	κορέω	kore/w	urn:cite2:hmt:lsj.chicago_md:n59097	v2spma---
κόρη	ko/rh	κορέω	kore/w	urn:cite2:hmt:lsj.chicago_md:n59096	v3siia---
κόρη	ko/rh	κορέω	kore/w	urn:cite2:hmt:lsj.chicago_md:n59097	v3siia---
κόρην	ko/rhn	κόρη	ko/rh	urn:cite2:hmt:lsj.chicago_md:n59098	n-s---fa-
κόρης	ko/rhs	κόρη	ko/rh	urn:cite2:hmt:lsj.chicago_md:n59098	n-s---fg-
κόρης	ko/rhs	κόρις	ko/ris	urn:cite2:hmt:lsj.chicago_md:n59124	n-p---mn-
κόρης	ko/rhs	κόρις	ko/ris	urn:cite2:hmt:lsj.chicago_md:n59124	n-p---mv-
κόρης	ko/rhs	κόρις	ko/ris	urn:cite2:hmt:lsj.chicago_md:n59124	n-p---mn-
κόρης	ko/rhs	κορέω	kore/w	urn:cite2:hmt:lsj.chicago_md:n59096	v2siia---
κόρης	ko/rhs	κορέω	kore/w	urn:cite2:hmt:lsj.chicago_md:n59097	v2siia---
κόρος	ko/ros	κόροσ1	ko/ros	urn:cite2:hmt:lsj.chicago_md:n59150	n-s---mn-
κόρος	ko/ros	κόροσ1	ko/ros	urn:cite2:hmt:lsj.chicago_md:n59151	n-s---mn-
κόρος	ko/ros	κόροσ1	ko/ros	urn:cite2:hmt:lsj.chicago_md:n59152	n-s---mn-
κόρος	ko/ros	κόροσ1	ko/ros	urn:cite2:hmt:lsj.chicago_md:n59153	n-s---mn-
κόρος	ko/ros	κόροσ2	ko/ros	urn:cite2:hmt:lsj.chicago_md:n59150	n-s---mn-
κόρος	ko/ros	κόροσ2	ko/ros	urn:cite2:hmt:lsj.chicago_md:n59151	n-s---mn-
κόρος	ko/ros	κόροσ2	ko/ros	urn:cite2:hmt:lsj.chicago_md:n59152	n-s---mn-
κόρος	ko/ros	κόροσ2	ko/ros	urn:cite2:hmt:lsj.chicago_md:n59153	n-s---mn-
κόρος	ko/ros	κόροσ3	ko/ros	urn:cite2:hmt:lsj.chicago_md:n59150	n-s---mn-
κόρος	ko/ros	κόροσ3	ko/ros	urn:cite2:hmt:lsj.chicago_md:n59151	n-s---mn-
κόρος	ko/ros	κόροσ3	ko/ros	urn:cite2:hmt:lsj.chicago_md:n59152	n-s---mn-
κόρος	ko/ros	κόροσ3	ko/ros	urn:cite2:hmt:lsj.chicago_md:n59153	n-s---mn-
κόσμῳ	ko/smw|	κόσμος	ko/smos	urn:cite2:hmt:lsj.chicago_md:n59339	n-s---md-
κύκλῳ	ku/klw|	κύκλος	ku/klos	urn:cite2:hmt:lsj.chicago_md:n60646	n-s---md-
κύματ’	ku/mat'	κῦμα	ku=ma	urn:cite2:hmt:lsj.chicago_md:n60736	n-p---nn-
κύματ’	ku/mat'	κῦμα	ku=ma	urn:cite2:hmt:lsj.chicago_md:n60736	n-p---nv-
κύματ’	ku/mat'	κῦμα	ku=ma	urn:cite2:hmt:lsj.chicago_md:n60736	n-p---na-
κύματ’	ku/mat'	κῦμα	ku=ma	urn:cite2:hmt:lsj.chicago_md:n60736	n-s---nd-
κύματ’	ku/mat'	κῦμα	ku=ma	urn:cite2:hmt:lsj.chicago_md:n60736	n-d---nn-
κύματ’	ku/mat'	κῦμα	ku=ma	urn:cite2:hmt:lsj.chicago_md:n60736	n-d---nv-
κύματ’	ku/mat'	κῦμα	ku=ma	urn:cite2:hmt:lsj.chicago_md:n60736	n-d---na-
κύτει	ku/tei	κύτος	ku/tos	urn:cite2:hmt:lsj.chicago_md:n61138	n-d---nn-
κύτει	ku/tei	κύτος	ku/tos	urn:cite2:hmt:lsj.chicago_md:n61138	n-d---nv-
κύτει	ku/tei	κύτος	ku/tos	urn:cite2:hmt:lsj.chicago_md:n61138	n-d---na-
κύτει	ku/tei	κύτος	ku/tos	urn:cite2:hmt:lsj.chicago_md:n61138	n-s---nd-
κύτει	ku/tei	κύτος	ku/tos	urn:cite2:hmt:lsj.chicago_md:n61138	n-s---nd-
κώπαις	kw/pais	κώπη	kw/ph	urn:cite2:hmt:lsj.chicago_md:n61367	n-p---fd-
κῆρες	kh=res	κήρ	kh/r	urn:cite2:hmt:lsj.chicago_md:n57167	n-p---fn-
κῆρες	kh=res	κήρ	kh/r	urn:cite2:hmt:lsj.chicago_md:n57167	n-p---fn-
κῆρες	kh=res	κήρ	kh/r	urn:cite2:hmt:lsj.chicago_md:n57167	n-p---fv-
κῆρες	kh=res	κήρ	kh/r	urn:cite2:hmt:lsj.chicago_md:n57167	n-p---fv-
κῆρυξ	kh=ruc	κῆρυξ	kh=ruc	urn:cite2:hmt:lsj.chicago_md:n57262	n-s---mn-
κῆρυξ	kh=ruc	κῆρυξ	kh=ruc	urn:cite2:hmt:lsj.chicago_md:n57262	n-s---mv-
λαβεῖν	labei=n	λαμβάνω	lamba/nw	urn:cite2:hmt:lsj.chicago_md:n61791	v--ana---
λαβόντα	labo/nta	λαμβάνω	lamba/nw	urn:cite2:hmt:lsj.chicago_md:n61791	v-papann-
λαβόντα	labo/nta	λαμβάνω	lamba/nw	urn:cite2:hmt:lsj.chicago_md:n61791	v-papanv-
λαβόντα	labo/nta	λαμβάνω	lamba/nw	urn:cite2:hmt:lsj.chicago_md:n61791	v-papana-
λαβόντα	labo/nta	λαμβάνω	lamba/nw	urn:cite2:hmt:lsj.chicago_md:n61791	v-sapama-
λαβών	labw/n	λαμβάνω	lamba/nw	urn:cite2:hmt:lsj.chicago_md:n61791	v-sapamn-
λαθραῖον	laqrai=on	λαθραῖος	laqrai=os	urn:cite2:hmt:lsj.chicago_md:n61604	n-s---ma-
λαθραῖον	laqrai=on	λαθραῖος	laqrai=os	urn:cite2:hmt:lsj.chicago_md:n61604	n-s---fa-
λαθραῖον	laqrai=on	λαθραῖος	laqrai=os	urn:cite2:hmt:lsj.chicago_md:n61604	n-s---nn-
λαθραῖον	laqrai=on	λαθραῖος	laqrai=os	urn:cite2:hmt:lsj.chicago_md:n61604	n-s---nv-
λαθραῖον	laqrai=on	λαθραῖος	laqrai=os	urn:cite2:hmt:lsj.chicago_md:n61604	n-s---na-
λαθραῖ’	laqrai='	λαθραῖος	laqrai=os	urn:cite2:hmt:lsj.chicago_md:n61604	n-p---nn-
λαθραῖ’	laqrai='	λαθραῖος	laqrai=os	urn:cite2:hmt:lsj.chicago_md:n61604	n-p---nv-
λαθραῖ’	laqrai='	λαθραῖος	laqrai=os	urn:cite2:hmt:lsj.chicago_md:n61604	n-p---na-
λαθραῖ’	laqrai='	λαθραῖος	laqrai=os	urn:cite2:hmt:lsj.chicago_md:n61604	n-s---mv-
λαθραῖ’	laqrai='	λαθραῖος	laqrai=os	urn:cite2:hmt:lsj.chicago_md:n61604	n-s---fv-
λαθίπονον	laqi/ponon	λαθίπονος	laqi/ponos	urn:cite2:hmt:lsj.chicago_md:n61592	n-s---ma-
λαθίπονον	laqi/ponon	λαθίπονος	laqi/ponos	urn:cite2:hmt:lsj.chicago_md:n61592	n-s---fa-
λαθίπονον	laqi/ponon	λαθίπονος	laqi/ponos	urn:cite2:hmt:lsj.chicago_md:n61592	n-s---nn-
λαθίπονον	laqi/ponon	λαθίπονος	laqi/ponos	urn:cite2:hmt:lsj.chicago_md:n61592	n-s---nv-
λαθίπονον	laqi/ponon	λαθίπονος	laqi/ponos	urn:cite2:hmt:lsj.chicago_md:n61592	n-s---na-
λαμπρά	lampra/	λαμπρός	lampro/s	urn:cite2:hmt:lsj.chicago_md:n61855	a-p---nn-
λαμπρά	lampra/	λαμπρός	lampro/s	urn:cite2:hmt:lsj.chicago_md:n61855	a-p---nv-
λαμπρά	lampra/	λαμπρός	lampro/s	urn:cite2:hmt:lsj.chicago_md:n61855	a-p---na-
λαμπρά	lampra/	λαμπρός	lampro/s	urn:cite2:hmt:lsj.chicago_md:n61855	a-d---fn-
λαμπρά	lampra/	λαμπρός	lampro/s	urn:cite2:hmt:lsj.chicago_md:n61855	a-d---fv-
λαμπρά	lampra/	λαμπρός	lampro/s	urn:cite2:hmt:lsj.chicago_md:n61855	a-d---fa-
λαμπρά	lampra/	λαμπρός	lampro/s	urn:cite2:hmt:lsj.chicago_md:n61855	a-s---fn-
λαμπρά	lampra/	λαμπρός	lampro/s	urn:cite2:hmt:lsj.chicago_md:n61855	a-s---fv-
λαμπρᾷ	lampra=|	λαμπρός	lampro/s	urn:cite2:hmt:lsj.chicago_md:n61855	a-s---fd-
λαμπάδος	lampa/dos	λαμπάσ1	lampa/s	urn:cite2:hmt:lsj.chicago_md:n61830	n-s---fg-
λαμπάδος	lampa/dos	λαμπάσ1	lampa/s	urn:cite2:hmt:lsj.chicago_md:n61831	n-s---fg-
λαμπάδος	lampa/dos	λαμπάσ2	lampa/s	urn:cite2:hmt:lsj.chicago_md:n61830	n-s---fg-
λαμπάδος	lampa/dos	λαμπάσ2	lampa/s	urn:cite2:hmt:lsj.chicago_md:n61831	n-s---fg-
λατρείαν	latrei/an	λατρεία	latrei/a	urn:cite2:hmt:lsj.chicago_md:n62054	n-s---fa-
λατρεύματ’	latreu/mat'	λάτρευμα	la/treuma	urn:cite2:hmt:lsj.chicago_md:n62057	n-p---nn-
λατρεύματ’	latreu/mat'	λάτρευμα	la/treuma	urn:cite2:hmt:lsj.chicago_md:n62057	n-p---nv-
λατρεύματ’	latreu/mat'	λάτρευμα	la/treuma	urn:cite2:hmt:lsj.chicago_md:n62057	n-p---na-
λατρεύματ’	latreu/mat'	λάτρευμα	la/treuma	urn:cite2:hmt:lsj.chicago_md:n62057	n-s---nd-
λατρεύματ’	latreu/mat'	λάτρευμα	la/treuma	urn:cite2:hmt:lsj.chicago_md:n62057	n-d---nn-
λατρεύματ’	latreu/mat'	λάτρευμα	la/treuma	urn:cite2:hmt:lsj.chicago_md:n62057	n-d---nv-
λατρεύματ’	latreu/mat'	λάτρευμα	la/treuma	urn:cite2:hmt:lsj.chicago_md:n62057	n-d---na-
λατρεύοντά	latreu/onta/	λατρεύω	latreu/w	urn:cite2:hmt:lsj.chicago_md:n62062	v-pppann-
λατρεύοντά	latreu/onta/	λατρεύω	latreu/w	urn:cite2:hmt:lsj.chicago_md:n62062	v-pppanv-
λατρεύοντά	latreu/onta/	λατρεύω	latreu/w	urn:cite2:hmt:lsj.chicago_md:n62062	v-pppana-
λατρεύοντά	latreu/onta/	λατρεύω	latreu/w	urn:cite2:hmt:lsj.chicago_md:n62062	v-sppama-
λαίφεσιν	lai/fesin	λαῖφος	lai=fos	urn:cite2:hmt:lsj.chicago_md:n61690	n-p---nd-
λεγούσῃ	legou/sh|	λέγω1	le/gw	urn:cite2:hmt:lsj.chicago_md:n62205	v-sppafd-
λεγούσῃ	legou/sh|	λέγω2	le/gw	urn:cite2:hmt:lsj.chicago_md:n62205	v-sppafd-
λεγούσῃ	legou/sh|	λέγω3	le/gw	urn:cite2:hmt:lsj.chicago_md:n62205	v-sppafd-
λειμῶνι	leimw=ni	λειμών	leimw/n	urn:cite2:hmt:lsj.chicago_md:n62231	n-s---md-
λειμῶν’	leimw=n'	λειμών	leimw/n	urn:cite2:hmt:lsj.chicago_md:n62231	n-s---ma-
λειμῶν’	leimw=n'	λειμών	leimw/n	urn:cite2:hmt:lsj.chicago_md:n62231	n-s---md-
λειμῶν’	leimw=n'	λειμών	leimw/n	urn:cite2:hmt:lsj.chicago_md:n62231	n-d---mn-
λειμῶν’	leimw=n'	λειμών	leimw/n	urn:cite2:hmt:lsj.chicago_md:n62231	n-d---mv-
λειμῶν’	leimw=n'	λειμών	leimw/n	urn:cite2:hmt:lsj.chicago_md:n62231	n-d---ma-
λευκόν	leuko/n	λευκόν	leuko/n	urn:cite2:hmt:lsj.chicago_md:n62698	n-s---nn-
λευκόν	leuko/n	λευκόν	leuko/n	urn:cite2:hmt:lsj.chicago_md:n62698	n-s---nv-
λευκόν	leuko/n	λευκόν	leuko/n	urn:cite2:hmt:lsj.chicago_md:n62698	n-s---na-
λευκόν	leuko/n	λευκός	leuko/s	urn:cite2:hmt:lsj.chicago_md:n62727	a-s---ma-
λευκόν	leuko/n	λευκός	leuko/s	urn:cite2:hmt:lsj.chicago_md:n62727	a-s---nn-
λευκόν	leuko/n	λευκός	leuko/s	urn:cite2:hmt:lsj.chicago_md:n62727	a-s---nv-
λευκόν	leuko/n	λευκός	leuko/s	urn:cite2:hmt:lsj.chicago_md:n62727	a-s---na-
λεχθέν	lexqe/n	λέγω2	le/gw	urn:cite2:hmt:lsj.chicago_md:n62205	v-sappnn-
λεχθέν	lexqe/n	λέγω2	le/gw	urn:cite2:hmt:lsj.chicago_md:n62205	v-sappnv-
λεχθέν	lexqe/n	λέγω2	le/gw	urn:cite2:hmt:lsj.chicago_md:n62205	v-sappna-
λεχθέν	lexqe/n	λέγω3	le/gw	urn:cite2:hmt:lsj.chicago_md:n62205	v-sappnn-
λεχθέν	lexqe/n	λέγω3	le/gw	urn:cite2:hmt:lsj.chicago_md:n62205	v-sappnv-
λεχθέν	lexqe/n	λέγω3	le/gw	urn:cite2:hmt:lsj.chicago_md:n62205	v-sappna-
λεχθέντος	lexqe/ntos	λέγω2	le/gw	urn:cite2:hmt:lsj.chicago_md:n62205	v-sappmg-
λεχθέντος	lexqe/ntos	λέγω2	le/gw	urn:cite2:hmt:lsj.chicago_md:n62205	v-sappng-
λεχθέντος	lexqe/ntos	λέγω3	le/gw	urn:cite2:hmt:lsj.chicago_md:n62205	v-sappmg-
λεχθέντος	lexqe/ntos	λέγω3	le/gw	urn:cite2:hmt:lsj.chicago_md:n62205	v-sappng-
λεχέων	lexe/wn	λέχος	le/xos	urn:cite2:hmt:lsj.chicago_md:n62799	n-p---ng-
λείας	lei/as	λεία	lei/a	urn:cite2:hmt:lsj.chicago_md:n62211	n-p---fa-
λείας	lei/as	λεία	lei/a	urn:cite2:hmt:lsj.chicago_md:n62212	n-p---fa-
λείας	lei/as	λεία	lei/a	urn:cite2:hmt:lsj.chicago_md:n62211	n-s---fg-
λείας	lei/as	λεία	lei/a	urn:cite2:hmt:lsj.chicago_md:n62212	n-s---fg-
λείας	lei/as	λεῖος	lei=os	urn:cite2:hmt:lsj.chicago_md:n62257	a-p---fa-
λείας	lei/as	λεῖος	lei=os	urn:cite2:hmt:lsj.chicago_md:n62257	a-s---fg-
λείπει	lei/pei	λείπω	lei/pw	urn:cite2:hmt:lsj.chicago_md:n62274	v2spie---
λείπει	lei/pei	λείπω	lei/pw	urn:cite2:hmt:lsj.chicago_md:n62274	v3spia---
λείποιτο	lei/poito	λείπω	lei/pw	urn:cite2:hmt:lsj.chicago_md:n62274	v3spoe---
λείπου	lei/pou	λείπω	lei/pw	urn:cite2:hmt:lsj.chicago_md:n62274	v2spme---
λείπου	lei/pou	λείπω	lei/pw	urn:cite2:hmt:lsj.chicago_md:n62274	v2siie---
λεύσσειν	leu/ssein	λεύσσω	leu/ssw	urn:cite2:hmt:lsj.chicago_md:n62785	v--pna---
λεύσσων	leu/sswn	λεύσσω	leu/ssw	urn:cite2:hmt:lsj.chicago_md:n62785	v-sppamn-
λεώς	lew/s	λαός	lao/s	urn:cite2:hmt:lsj.chicago_md:n61925	n-p---ma-
λεώς	lew/s	λαός	lao/s	urn:cite2:hmt:lsj.chicago_md:n61925	n-p---mn-
λεώς	lew/s	λαός	lao/s	urn:cite2:hmt:lsj.chicago_md:n61925	n-p---mv-
λεώς	lew/s	λαός	lao/s	urn:cite2:hmt:lsj.chicago_md:n61925	n-p---ma-
λεώς	lew/s	λαός	lao/s	urn:cite2:hmt:lsj.chicago_md:n61925	n-s---mn-
λεώς	lew/s	λαός	lao/s	urn:cite2:hmt:lsj.chicago_md:n61925	n-s---mv-
ληρεῖν	lhrei=n	ληρέω	lhre/w	urn:cite2:hmt:lsj.chicago_md:n62956	v--pna---
ληφθέντι	lhfqe/nti	λαμβάνω	lamba/nw	urn:cite2:hmt:lsj.chicago_md:n61791	v-sappmd-
ληφθέντι	lhfqe/nti	λαμβάνω	lamba/nw	urn:cite2:hmt:lsj.chicago_md:n61791	v-sappnd-
λιγνύος	lignu/os	λιγνύς	lignu/s	urn:cite2:hmt:lsj.chicago_md:n63081	n-s---fg-
λιθοκόλλητον	liqoko/llhton	λιθοκόλλητος	liqoko/llhtos	urn:cite2:hmt:lsj.chicago_md:n63185	n-s---ma-
λιθοκόλλητον	liqoko/llhton	λιθοκόλλητος	liqoko/llhtos	urn:cite2:hmt:lsj.chicago_md:n63185	n-s---fa-
λιθοκόλλητον	liqoko/llhton	λιθοκόλλητος	liqoko/llhtos	urn:cite2:hmt:lsj.chicago_md:n63185	n-s---nn-
λιθοκόλλητον	liqoko/llhton	λιθοκόλλητος	liqoko/llhtos	urn:cite2:hmt:lsj.chicago_md:n63185	n-s---nv-
λιθοκόλλητον	liqoko/llhton	λιθοκόλλητος	liqoko/llhtos	urn:cite2:hmt:lsj.chicago_md:n63185	n-s---na-
λιπών	lipw/n	λείπω	lei/pw	urn:cite2:hmt:lsj.chicago_md:n62274	v-sapamn-
λογίζεται	logi/zetai	λογίζομαι	logi/zomai	urn:cite2:hmt:lsj.chicago_md:n63713	v3spie---
λοιπόν	loipo/n	λοιπός	loipo/s	urn:cite2:hmt:lsj.chicago_md:n63845	a-s---ma-
λοιπόν	loipo/n	λοιπός	loipo/s	urn:cite2:hmt:lsj.chicago_md:n63845	a-s---nn-
λοιπόν	loipo/n	λοιπός	loipo/s	urn:cite2:hmt:lsj.chicago_md:n63845	a-s---nv-
λοιπόν	loipo/n	λοιπός	loipo/s	urn:cite2:hmt:lsj.chicago_md:n63845	a-s---na-
λουτρά	loutra/	λουτρόν	loutro/n	urn:cite2:hmt:lsj.chicago_md:n63928	n-p---nn-
λουτρά	loutra/	λουτρόν	loutro/n	urn:cite2:hmt:lsj.chicago_md:n63928	n-p---nv-
λουτρά	loutra/	λουτρόν	loutro/n	urn:cite2:hmt:lsj.chicago_md:n63928	n-p---na-
λυγίζεται	lugi/zetai	λυγίζομαι	lugi/zomai	urn:cite2:hmt:lsj.chicago_md:n64022	v3spie---
λυγίζεται	lugi/zetai	λυγίζω	lugi/zw	urn:cite2:hmt:lsj.chicago_md:n64023	v3spie---
λυμαντήν	lumanth/n	λυμαντής	lumanth/s	urn:cite2:hmt:lsj.chicago_md:n64141	n-s---ma-
λυτήριον	luth/rion	λυτήριος	luth/rios	urn:cite2:hmt:lsj.chicago_md:n64261	n-s---ma-
λυτήριον	luth/rion	λυτήριος	luth/rios	urn:cite2:hmt:lsj.chicago_md:n64261	n-s---fa-
λυτήριον	luth/rion	λυτήριος	luth/rios	urn:cite2:hmt:lsj.chicago_md:n64261	n-s---nn-
λυτήριον	luth/rion	λυτήριος	luth/rios	urn:cite2:hmt:lsj.chicago_md:n64261	n-s---nv-
λυτήριον	luth/rion	λυτήριος	luth/rios	urn:cite2:hmt:lsj.chicago_md:n64261	n-s---na-
λωβητόν	lwbhto/n	λωβητός	lwbhto/s	urn:cite2:hmt:lsj.chicago_md:n64329	a-s---ma-
λωβητόν	lwbhto/n	λωβητός	lwbhto/s	urn:cite2:hmt:lsj.chicago_md:n64329	a-s---nn-
λωβητόν	lwbhto/n	λωβητός	lwbhto/s	urn:cite2:hmt:lsj.chicago_md:n64329	a-s---nv-
λωβητόν	lwbhto/n	λωβητός	lwbhto/s	urn:cite2:hmt:lsj.chicago_md:n64329	a-s---na-
λάβοι	la/boi	λαμβάνω	lamba/nw	urn:cite2:hmt:lsj.chicago_md:n61791	v3saoa---
λάβω	la/bw	λαμβάνω	lamba/nw	urn:cite2:hmt:lsj.chicago_md:n61791	v1sasa---
λάβῃ	la/bh|	λαμβάνω	lamba/nw	urn:cite2:hmt:lsj.chicago_md:n61791	v2sase---
λάβῃ	la/bh|	λαμβάνω	lamba/nw	urn:cite2:hmt:lsj.chicago_md:n61791	v3sasa---
λάθρᾳ	la/qra|	λάθρῃ	la/qrh|	urn:cite2:hmt:lsj.chicago_md:n61607	d--------
λάτριν	la/trin	λάτρις	la/tris	urn:cite2:hmt:lsj.chicago_md:n62064	n-s---fa-
λάφυρ’	la/fur'	λάφυρα	la/fura	urn:cite2:hmt:lsj.chicago_md:n62093	n-p---nn-
λάφυρ’	la/fur'	λάφυρα	la/fura	urn:cite2:hmt:lsj.chicago_md:n62093	n-p---nv-
λάφυρ’	la/fur'	λάφυρα	la/fura	urn:cite2:hmt:lsj.chicago_md:n62093	n-p---na-
λάχνην	la/xnhn	λάχνη	la/xnh	urn:cite2:hmt:lsj.chicago_md:n62152	n-s---fa-
λέβητι	le/bhti	λέβης	le/bhs	urn:cite2:hmt:lsj.chicago_md:n62183	n-s---md-
λέγε	le/ge	λέγος	le/gos	urn:cite2:hmt:lsj.chicago_md:n62203	a-s---mv-
λέγε	le/ge	λέγω1	le/gw	urn:cite2:hmt:lsj.chicago_md:n62205	v2spma---
λέγε	le/ge	λέγω1	le/gw	urn:cite2:hmt:lsj.chicago_md:n62205	v3siia---
λέγε	le/ge	λέγω2	le/gw	urn:cite2:hmt:lsj.chicago_md:n62205	v2spma---
λέγε	le/ge	λέγω2	le/gw	urn:cite2:hmt:lsj.chicago_md:n62205	v3siia---
λέγε	le/ge	λέγω3	le/gw	urn:cite2:hmt:lsj.chicago_md:n62205	v2spma---
λέγε	le/ge	λέγω3	le/gw	urn:cite2:hmt:lsj.chicago_md:n62205	v3siia---
λέγει	le/gei	λέγω1	le/gw	urn:cite2:hmt:lsj.chicago_md:n62205	v2spie---
λέγει	le/gei	λέγω1	le/gw	urn:cite2:hmt:lsj.chicago_md:n62205	v3spia---
λέγει	le/gei	λέγω2	le/gw	urn:cite2:hmt:lsj.chicago_md:n62205	v2spie---
λέγει	le/gei	λέγω2	le/gw	urn:cite2:hmt:lsj.chicago_md:n62205	v3spia---
λέγει	le/gei	λέγω3	le/gw	urn:cite2:hmt:lsj.chicago_md:n62205	v2spie---
λέγει	le/gei	λέγω3	le/gw	urn:cite2:hmt:lsj.chicago_md:n62205	v3spia---
λέγειν	le/gein	λέγω1	le/gw	urn:cite2:hmt:lsj.chicago_md:n62205	v--pna---
λέγειν	le/gein	λέγω2	le/gw	urn:cite2:hmt:lsj.chicago_md:n62205	v--pna---
λέγειν	le/gein	λέγω3	le/gw	urn:cite2:hmt:lsj.chicago_md:n62205	v--pna---
λέγεις	le/geis	λέγω1	le/gw	urn:cite2:hmt:lsj.chicago_md:n62205	v2spia---
λέγεις	le/geis	λέγω2	le/gw	urn:cite2:hmt:lsj.chicago_md:n62205	v2spia---
λέγεις	le/geis	λέγω3	le/gw	urn:cite2:hmt:lsj.chicago_md:n62205	v2spia---
λέγοι	le/goi	λέγος	le/gos	urn:cite2:hmt:lsj.chicago_md:n62203	a-p---mn-
λέγοι	le/goi	λέγος	le/gos	urn:cite2:hmt:lsj.chicago_md:n62203	a-p---mv-
λέγοι	le/goi	λέγω1	le/gw	urn:cite2:hmt:lsj.chicago_md:n62205	v3spoa---
λέγοι	le/goi	λέγω2	le/gw	urn:cite2:hmt:lsj.chicago_md:n62205	v3spoa---
λέγοι	le/goi	λέγω3	le/gw	urn:cite2:hmt:lsj.chicago_md:n62205	v3spoa---
λέγοις	le/gois	λέγος	le/gos	urn:cite2:hmt:lsj.chicago_md:n62203	a-p---md-
λέγοις	le/gois	λέγος	le/gos	urn:cite2:hmt:lsj.chicago_md:n62203	a-p---nd-
λέγοις	le/gois	λέγω1	le/gw	urn:cite2:hmt:lsj.chicago_md:n62205	v2spoa---
λέγοις	le/gois	λέγω2	le/gw	urn:cite2:hmt:lsj.chicago_md:n62205	v2spoa---
λέγοις	le/gois	λέγω3	le/gw	urn:cite2:hmt:lsj.chicago_md:n62205	v2spoa---
λέγοντος	le/gontos	λέγω1	le/gw	urn:cite2:hmt:lsj.chicago_md:n62205	v-sppamg-
λέγοντος	le/gontos	λέγω1	le/gw	urn:cite2:hmt:lsj.chicago_md:n62205	v-sppang-
λέγοντος	le/gontos	λέγω2	le/gw	urn:cite2:hmt:lsj.chicago_md:n62205	v-sppamg-
λέγοντος	le/gontos	λέγω2	le/gw	urn:cite2:hmt:lsj.chicago_md:n62205	v-sppang-
λέγοντος	le/gontos	λέγω3	le/gw	urn:cite2:hmt:lsj.chicago_md:n62205	v-sppamg-
λέγοντος	le/gontos	λέγω3	le/gw	urn:cite2:hmt:lsj.chicago_md:n62205	v-sppang-
λέγουσιν	le/gousin	λέγω1	le/gw	urn:cite2:hmt:lsj.chicago_md:n62205	v-pppamd-
λέγουσιν	le/gousin	λέγω1	le/gw	urn:cite2:hmt:lsj.chicago_md:n62205	v-pppand-
λέγουσιν	le/gousin	λέγω1	le/gw	urn:cite2:hmt:lsj.chicago_md:n62205	v3ppia---
λέγουσιν	le/gousin	λέγω2	le/gw	urn:cite2:hmt:lsj.chicago_md:n62205	v-pppamd-
λέγουσιν	le/gousin	λέγω2	le/gw	urn:cite2:hmt:lsj.chicago_md:n62205	v-pppand-
λέγουσιν	le/gousin	λέγω2	le/gw	urn:cite2:hmt:lsj.chicago_md:n62205	v3ppia---
λέγουσιν	le/gousin	λέγω3	le/gw	urn:cite2:hmt:lsj.chicago_md:n62205	v-pppamd-
λέγουσιν	le/gousin	λέγω3	le/gw	urn:cite2:hmt:lsj.chicago_md:n62205	v-pppand-
λέγουσιν	le/gousin	λέγω3	le/gw	urn:cite2:hmt:lsj.chicago_md:n62205	v3ppia---
λέγω	le/gw	λέγος	le/gos	urn:cite2:hmt:lsj.chicago_md:n62203	a-d---mn-
λέγω	le/gw	λέγος	le/gos	urn:cite2:hmt:lsj.chicago_md:n62203	a-d---mv-
λέγω	le/gw	λέγος	le/gos	urn:cite2:hmt:lsj.chicago_md:n62203	a-d---ma-
λέγω	le/gw	λέγος	le/gos	urn:cite2:hmt:lsj.chicago_md:n62203	a-d---nn-
λέγω	le/gw	λέγος	le/gos	urn:cite2:hmt:lsj.chicago_md:n62203	a-d---nv-
λέγω	le/gw	λέγος	le/gos	urn:cite2:hmt:lsj.chicago_md:n62203	a-d---na-
λέγω	le/gw	λέγος	le/gos	urn:cite2:hmt:lsj.chicago_md:n62203	a-s---mg-
λέγω	le/gw	λέγος	le/gos	urn:cite2:hmt:lsj.chicago_md:n62203	a-s---ng-
λέγω	le/gw	λέγω1	le/gw	urn:cite2:hmt:lsj.chicago_md:n62205	v1spsa---
λέγω	le/gw	λέγω1	le/gw	urn:cite2:hmt:lsj.chicago_md:n62205	v1spia---
λέγω	le/gw	λέγω2	le/gw	urn:cite2:hmt:lsj.chicago_md:n62205	v1spsa---
λέγω	le/gw	λέγω2	le/gw	urn:cite2:hmt:lsj.chicago_md:n62205	v1spia---
λέγω	le/gw	λέγω3	le/gw	urn:cite2:hmt:lsj.chicago_md:n62205	v1spsa---
λέγω	le/gw	λέγω3	le/gw	urn:cite2:hmt:lsj.chicago_md:n62205	v1spia---
λέγων	le/gwn	λέγος	le/gos	urn:cite2:hmt:lsj.chicago_md:n62203	a-p---fg-
λέγων	le/gwn	λέγος	le/gos	urn:cite2:hmt:lsj.chicago_md:n62203	a-p---mg-
λέγων	le/gwn	λέγος	le/gos	urn:cite2:hmt:lsj.chicago_md:n62203	a-p---ng-
λέγων	le/gwn	λέγω1	le/gw	urn:cite2:hmt:lsj.chicago_md:n62205	v-sppamn-
λέγων	le/gwn	λέγω2	le/gw	urn:cite2:hmt:lsj.chicago_md:n62205	v-sppamn-
λέγων	le/gwn	λέγω3	le/gw	urn:cite2:hmt:lsj.chicago_md:n62205	v-sppamn-
λέκτρον	le/ktron	λέκτρον	le/ktron	urn:cite2:hmt:lsj.chicago_md:n62352	n-s---nn-
λέκτρον	le/ktron	λέκτρον	le/ktron	urn:cite2:hmt:lsj.chicago_md:n62352	n-s---nv-
λέκτρον	le/ktron	λέκτρον	le/ktron	urn:cite2:hmt:lsj.chicago_md:n62352	n-s---na-
λέλοιπεν	le/loipen	λείπω	lei/pw	urn:cite2:hmt:lsj.chicago_md:n62274	v3sria---
λέλοιπεν	le/loipen	λείπω	lei/pw	urn:cite2:hmt:lsj.chicago_md:n62274	v3plia---
λέξειεν	le/ceien	λέγω1	le/gw	urn:cite2:hmt:lsj.chicago_md:n62205	v3saoa---
λέξειεν	le/ceien	λέγω3	le/gw	urn:cite2:hmt:lsj.chicago_md:n62205	v3saoa---
λέξεις	le/ceis	λέξις	le/cis	urn:cite2:hmt:lsj.chicago_md:n62383	n-p---fn-
λέξεις	le/ceis	λέξις	le/cis	urn:cite2:hmt:lsj.chicago_md:n62383	n-p---fv-
λέξεις	le/ceis	λέξις	le/cis	urn:cite2:hmt:lsj.chicago_md:n62383	n-p---fn-
λέξεις	le/ceis	λέξις	le/cis	urn:cite2:hmt:lsj.chicago_md:n62383	n-p---fa-
λέξεις	le/ceis	λέγω1	le/gw	urn:cite2:hmt:lsj.chicago_md:n62205	v2sasa---
λέξεις	le/ceis	λέγω1	le/gw	urn:cite2:hmt:lsj.chicago_md:n62205	v2sfia---
λέξεις	le/ceis	λέγω2	le/gw	urn:cite2:hmt:lsj.chicago_md:n62205	v2sfia---
λέξεις	le/ceis	λέγω3	le/gw	urn:cite2:hmt:lsj.chicago_md:n62205	v2sasa---
λέξεις	le/ceis	λέγω3	le/gw	urn:cite2:hmt:lsj.chicago_md:n62205	v2sfia---
λέοντ’	le/ont'	λέων	le/wn	urn:cite2:hmt:lsj.chicago_md:n62816	n-s---ma-
λέοντ’	le/ont'	λέων	le/wn	urn:cite2:hmt:lsj.chicago_md:n62816	n-s---md-
λέοντ’	le/ont'	λέων	le/wn	urn:cite2:hmt:lsj.chicago_md:n62816	n-d---mn-
λέοντ’	le/ont'	λέων	le/wn	urn:cite2:hmt:lsj.chicago_md:n62816	n-d---mv-
λέοντ’	le/ont'	λέων	le/wn	urn:cite2:hmt:lsj.chicago_md:n62816	n-d---ma-
λέχη	le/xh	λέχος	le/xos	urn:cite2:hmt:lsj.chicago_md:n62799	n-p---nn-
λέχη	le/xh	λέχος	le/xos	urn:cite2:hmt:lsj.chicago_md:n62799	n-p---nv-
λέχη	le/xh	λέχος	le/xos	urn:cite2:hmt:lsj.chicago_md:n62799	n-p---na-
λέχη	le/xh	λέχος	le/xos	urn:cite2:hmt:lsj.chicago_md:n62799	n-d---nn-
λέχη	le/xh	λέχος	le/xos	urn:cite2:hmt:lsj.chicago_md:n62799	n-d---nv-
λέχη	le/xh	λέχος	le/xos	urn:cite2:hmt:lsj.chicago_md:n62799	n-d---na-
λέχος	le/xos	λέχος	le/xos	urn:cite2:hmt:lsj.chicago_md:n62799	n-s---nn-
λέχος	le/xos	λέχος	le/xos	urn:cite2:hmt:lsj.chicago_md:n62799	n-s---nv-
λέχος	le/xos	λέχος	le/xos	urn:cite2:hmt:lsj.chicago_md:n62799	n-s---na-
λέχους	le/xous	λέχος	le/xos	urn:cite2:hmt:lsj.chicago_md:n62799	n-s---ng-
λήσεις	lh/seis	λανθάνω	lanqa/nw	urn:cite2:hmt:lsj.chicago_md:n61885	v2sasa---
λήσεις	lh/seis	λανθάνω	lanqa/nw	urn:cite2:hmt:lsj.chicago_md:n61885	v2sfia---
λήσεις	lh/seis	λῆσις	lh=sis	urn:cite2:hmt:lsj.chicago_md:n62970	n-p---fn-
λήσεις	lh/seis	λῆσις	lh=sis	urn:cite2:hmt:lsj.chicago_md:n62971	n-p---fn-
λήσεις	lh/seis	λῆσις	lh=sis	urn:cite2:hmt:lsj.chicago_md:n62970	n-p---fv-
λήσεις	lh/seis	λῆσις	lh=sis	urn:cite2:hmt:lsj.chicago_md:n62971	n-p---fv-
λήσεις	lh/seis	λῆσις	lh=sis	urn:cite2:hmt:lsj.chicago_md:n62970	n-p---fn-
λήσεις	lh/seis	λῆσις	lh=sis	urn:cite2:hmt:lsj.chicago_md:n62971	n-p---fn-
λήσεις	lh/seis	λῆσις	lh=sis	urn:cite2:hmt:lsj.chicago_md:n62970	n-p---fa-
λήσεις	lh/seis	λῆσις	lh=sis	urn:cite2:hmt:lsj.chicago_md:n62971	n-p---fa-
λίμναν	li/mnan	λίμνη	li/mnh	urn:cite2:hmt:lsj.chicago_md:n63314	n-s---fa-
λόγοις	lo/gois	λόγος	lo/gos	urn:cite2:hmt:lsj.chicago_md:n63772	n-p---md-
λόγον	lo/gon	λόγος	lo/gos	urn:cite2:hmt:lsj.chicago_md:n63772	n-s---ma-
λόγος	lo/gos	λόγος	lo/gos	urn:cite2:hmt:lsj.chicago_md:n63772	n-s---mn-
λόγου	lo/gou	λόγος	lo/gos	urn:cite2:hmt:lsj.chicago_md:n63772	n-s---mg-
λόγου	lo/gou	λογόω	logo/w	urn:cite2:hmt:lsj.chicago_md:n63777	v2spma---
λόγου	lo/gou	λογόω	logo/w	urn:cite2:hmt:lsj.chicago_md:n63777	v3siia---
λόγους	lo/gous	λόγος	lo/gos	urn:cite2:hmt:lsj.chicago_md:n63772	n-p---ma-
λόγους	lo/gous	λογόω	logo/w	urn:cite2:hmt:lsj.chicago_md:n63777	v2siia---
λόγχα	lo/gxa	λόγχη	lo/gxh	urn:cite2:hmt:lsj.chicago_md:n63783	n-d---fn-
λόγχα	lo/gxa	λόγχη	lo/gxh	urn:cite2:hmt:lsj.chicago_md:n63784	n-d---fn-
λόγχα	lo/gxa	λόγχη	lo/gxh	urn:cite2:hmt:lsj.chicago_md:n63783	n-d---fv-
λόγχα	lo/gxa	λόγχη	lo/gxh	urn:cite2:hmt:lsj.chicago_md:n63784	n-d---fv-
λόγχα	lo/gxa	λόγχη	lo/gxh	urn:cite2:hmt:lsj.chicago_md:n63783	n-d---fa-
λόγχα	lo/gxa	λόγχη	lo/gxh	urn:cite2:hmt:lsj.chicago_md:n63784	n-d---fa-
λόγχα	lo/gxa	λόγχη	lo/gxh	urn:cite2:hmt:lsj.chicago_md:n63783	n-s---fn-
λόγχα	lo/gxa	λόγχη	lo/gxh	urn:cite2:hmt:lsj.chicago_md:n63784	n-s---fn-
λόγχα	lo/gxa	λόγχη	lo/gxh	urn:cite2:hmt:lsj.chicago_md:n63783	n-s---fv-
λόγχα	lo/gxa	λόγχη	lo/gxh	urn:cite2:hmt:lsj.chicago_md:n63784	n-s---fv-
λόγχας	lo/gxas	λόγχη	lo/gxh	urn:cite2:hmt:lsj.chicago_md:n63783	n-p---fa-
λόγχας	lo/gxas	λόγχη	lo/gxh	urn:cite2:hmt:lsj.chicago_md:n63784	n-p---fa-
λόγχας	lo/gxas	λόγχη	lo/gxh	urn:cite2:hmt:lsj.chicago_md:n63783	n-s---fg-
λόγχας	lo/gxas	λόγχη	lo/gxh	urn:cite2:hmt:lsj.chicago_md:n63784	n-s---fg-
λόγχη	lo/gxh	λόγχη	lo/gxh	urn:cite2:hmt:lsj.chicago_md:n63783	n-s---fn-
λόγχη	lo/gxh	λόγχη	lo/gxh	urn:cite2:hmt:lsj.chicago_md:n63784	n-s---fn-
λόγχη	lo/gxh	λόγχη	lo/gxh	urn:cite2:hmt:lsj.chicago_md:n63783	n-s---fv-
λόγχη	lo/gxh	λόγχη	lo/gxh	urn:cite2:hmt:lsj.chicago_md:n63784	n-s---fv-
λόγων	lo/gwn	λόγος	lo/gos	urn:cite2:hmt:lsj.chicago_md:n63772	n-p---mg-
λόγων	lo/gwn	λογάω	loga/w	urn:cite2:hmt:lsj.chicago_md:n63698	v3piia---
λόγων	lo/gwn	λογάω	loga/w	urn:cite2:hmt:lsj.chicago_md:n63698	v1siia---
λόγῳ	lo/gw|	λόγος	lo/gos	urn:cite2:hmt:lsj.chicago_md:n63772	n-s---md-
λύει	lu/ei	λύω	lu/w	urn:cite2:hmt:lsj.chicago_md:n64316	v2spie---
λύει	lu/ei	λύω	lu/w	urn:cite2:hmt:lsj.chicago_md:n64316	v3spia---
λύει	lu/ei	λύω	lu/w	urn:cite2:hmt:lsj.chicago_md:n64316	v2spie---
λύει	lu/ei	λύω	lu/w	urn:cite2:hmt:lsj.chicago_md:n64316	v3spia---
λύει	lu/ei	λυάω	lua/w	urn:cite2:hmt:lsj.chicago_md:n64004	v2spma---
λύει	lu/ei	λυάω	lua/w	urn:cite2:hmt:lsj.chicago_md:n64004	v3siia---
λύπην	lu/phn	λύπη	lu/ph	urn:cite2:hmt:lsj.chicago_md:n64152	n-s---fa-
λύσιν	lu/sin	λύσις	lu/sis	urn:cite2:hmt:lsj.chicago_md:n64221	n-s---fa-
λύσω	lu/sw	λύω	lu/w	urn:cite2:hmt:lsj.chicago_md:n64316	v1sasa---
λύσω	lu/sw	λύω	lu/w	urn:cite2:hmt:lsj.chicago_md:n64316	v1sfia---
λύσω	lu/sw	λύω	lu/w	urn:cite2:hmt:lsj.chicago_md:n64316	v2saim---
λώβαν	lw/ban	λώβη	lw/bh	urn:cite2:hmt:lsj.chicago_md:n64322	n-s---fa-
λώφημα	lw/fhma	λώφημα	lw/fhma	urn:cite2:hmt:lsj.chicago_md:n64382	n-s---nn-
λώφημα	lw/fhma	λώφημα	lw/fhma	urn:cite2:hmt:lsj.chicago_md:n64382	n-s---nv-
λώφημα	lw/fhma	λώφημα	lw/fhma	urn:cite2:hmt:lsj.chicago_md:n64382	n-s---na-
λῆξον	lh=con	λήγω	lh/gw	urn:cite2:hmt:lsj.chicago_md:n62824	v2sama---
λῆξον	lh=con	λήγω	lh/gw	urn:cite2:hmt:lsj.chicago_md:n62824	v-sfpamv-
λῆξον	lh=con	λήγω	lh/gw	urn:cite2:hmt:lsj.chicago_md:n62824	v-sfpann-
λῆξον	lh=con	λήγω	lh/gw	urn:cite2:hmt:lsj.chicago_md:n62824	v-sfpanv-
λῆξον	lh=con	λήγω	lh/gw	urn:cite2:hmt:lsj.chicago_md:n62824	v-sfpana-
λῴους	lw/|ous	λῷος	lw=|os	urn:cite2:hmt:lsj.chicago_md:n64340	n-p---ma-
λῴους	lw/|ous	λωίων	lwi/wn	urn:cite2:hmt:lsj.chicago_md:n64335	a-p---mn-
λῴους	lw/|ous	λωίων	lwi/wn	urn:cite2:hmt:lsj.chicago_md:n64335	a-p---ma-
λῴους	lw/|ous	λωίων	lwi/wn	urn:cite2:hmt:lsj.chicago_md:n64335	a-p---fn-
λῴους	lw/|ous	λωίων	lwi/wn	urn:cite2:hmt:lsj.chicago_md:n64335	a-p---fa-
λῴους	lw/|ous	λωίων	lwi/wn	urn:cite2:hmt:lsj.chicago_md:n64335	a-p---ma-
λῴους	lw/|ous	λωίων	lwi/wn	urn:cite2:hmt:lsj.chicago_md:n64335	a-p---fa-
λῴους	lw/|ous	λωίων	lwi/wn	urn:cite2:hmt:lsj.chicago_md:n64335	a-p---ma-
λῴους	lw/|ous	λωίων	lwi/wn	urn:cite2:hmt:lsj.chicago_md:n64335	a-p---fa-
μαθεῖν	maqei=n	μανθάνω	manqa/nw	urn:cite2:hmt:lsj.chicago_md:n64914	v--ana---
μαθήσεται	maqh/setai	μανθάνω	manqa/nw	urn:cite2:hmt:lsj.chicago_md:n64914	v3sfim---
μαθών	maqw/n	μανθάνω	manqa/nw	urn:cite2:hmt:lsj.chicago_md:n64914	v-sapamn-
μακροῖς	makroi=s	μακρός	makro/s	urn:cite2:hmt:lsj.chicago_md:n64703	a-p---md-
μακροῖς	makroi=s	μακρός	makro/s	urn:cite2:hmt:lsj.chicago_md:n64703	a-p---nd-
μακροῦ	makrou=	μακρός	makro/s	urn:cite2:hmt:lsj.chicago_md:n64703	a-s---mg-
μακροῦ	makrou=	μακρός	makro/s	urn:cite2:hmt:lsj.chicago_md:n64703	a-s---ng-
μακρά	makra/	μακρός	makro/s	urn:cite2:hmt:lsj.chicago_md:n64703	a-p---nn-
μακρά	makra/	μακρός	makro/s	urn:cite2:hmt:lsj.chicago_md:n64703	a-p---nv-
μακρά	makra/	μακρός	makro/s	urn:cite2:hmt:lsj.chicago_md:n64703	a-p---na-
μακρά	makra/	μακρός	makro/s	urn:cite2:hmt:lsj.chicago_md:n64703	a-d---fn-
μακρά	makra/	μακρός	makro/s	urn:cite2:hmt:lsj.chicago_md:n64703	a-d---fv-
μακρά	makra/	μακρός	makro/s	urn:cite2:hmt:lsj.chicago_md:n64703	a-d---fa-
μακρά	makra/	μακρός	makro/s	urn:cite2:hmt:lsj.chicago_md:n64703	a-s---fn-
μακρά	makra/	μακρός	makro/s	urn:cite2:hmt:lsj.chicago_md:n64703	a-s---fv-
μακράν	makra/n	μακράν	makra/n	urn:cite2:hmt:lsj.chicago_md:n64619	d--------
μακράν	makra/n	μακρός	makro/s	urn:cite2:hmt:lsj.chicago_md:n64703	a-s---fa-
μακρῷ	makrw=|	μακρός	makro/s	urn:cite2:hmt:lsj.chicago_md:n64703	a-s---md-
μακρῷ	makrw=|	μακρός	makro/s	urn:cite2:hmt:lsj.chicago_md:n64703	a-s---nd-
μαλλῷ	mallw=|	μαλλός	mallo/s	urn:cite2:hmt:lsj.chicago_md:n64867	n-s---md-
μανθάνω	manqa/nw	μανθάνω	manqa/nw	urn:cite2:hmt:lsj.chicago_md:n64914	v1spsa---
μανθάνω	manqa/nw	μανθάνω	manqa/nw	urn:cite2:hmt:lsj.chicago_md:n64914	v1spia---
μαντείας	mantei/as	μαντεία	mantei/a	urn:cite2:hmt:lsj.chicago_md:n64944	n-p---fa-
μαντείας	mantei/as	μαντεία	mantei/a	urn:cite2:hmt:lsj.chicago_md:n64944	n-s---fg-
μαντείας	mantei/as	μαντεῖος	mantei=os	urn:cite2:hmt:lsj.chicago_md:n64946	a-p---fa-
μαντείας	mantei/as	μαντεῖος	mantei=os	urn:cite2:hmt:lsj.chicago_md:n64946	a-s---fg-
μαντεῖα	mantei=a	μαντεῖον	mantei=on	urn:cite2:hmt:lsj.chicago_md:n64945	n-p---nn-
μαντεῖα	mantei=a	μαντεῖον	mantei=on	urn:cite2:hmt:lsj.chicago_md:n64945	n-p---nv-
μαντεῖα	mantei=a	μαντεῖον	mantei=on	urn:cite2:hmt:lsj.chicago_md:n64945	n-p---na-
μαντεῖα	mantei=a	μαντεῖος	mantei=os	urn:cite2:hmt:lsj.chicago_md:n64946	a-p---nn-
μαντεῖα	mantei=a	μαντεῖος	mantei=os	urn:cite2:hmt:lsj.chicago_md:n64946	a-p---nv-
μαντεῖα	mantei=a	μαντεῖος	mantei=os	urn:cite2:hmt:lsj.chicago_md:n64946	a-p---na-
μαντεῖα	mantei=a	μαντεῖος	mantei=os	urn:cite2:hmt:lsj.chicago_md:n64946	n-p---nn-
μαντεῖα	mantei=a	μαντεῖος	mantei=os	urn:cite2:hmt:lsj.chicago_md:n64946	n-p---nv-
μαντεῖα	mantei=a	μαντεῖος	mantei=os	urn:cite2:hmt:lsj.chicago_md:n64946	n-p---na-
μανίας	mani/as	μανία	mani/a	urn:cite2:hmt:lsj.chicago_md:n64915	n-p---fa-
μανίας	mani/as	μανία	mani/a	urn:cite2:hmt:lsj.chicago_md:n64916	n-p---fa-
μανίας	mani/as	μανία	mani/a	urn:cite2:hmt:lsj.chicago_md:n64915	n-s---fg-
μανίας	mani/as	μανία	mani/a	urn:cite2:hmt:lsj.chicago_md:n64916	n-s---fg-
μανίας	mani/as	μανιάω	mania/w	urn:cite2:hmt:lsj.chicago_md:n64921	v2siia---
μαργᾷ	marga=|	μαργάω	marga/w	urn:cite2:hmt:lsj.chicago_md:n65010	v2spse---
μαργᾷ	marga=|	μαργάω	marga/w	urn:cite2:hmt:lsj.chicago_md:n65010	v2spie---
μαργᾷ	marga=|	μαργάω	marga/w	urn:cite2:hmt:lsj.chicago_md:n65010	v3spsa---
μαργᾷ	marga=|	μαργάω	marga/w	urn:cite2:hmt:lsj.chicago_md:n65010	v3spia---
μαρτυρεῖν	marturei=n	μαρτυρέω	marture/w	urn:cite2:hmt:lsj.chicago_md:n65083	v--pna---
μαρτυρήσει	marturh/sei	μαρτύρησις	martu/rhsis	urn:cite2:hmt:lsj.chicago_md:n65085	n-d---fn-
μαρτυρήσει	marturh/sei	μαρτύρησις	martu/rhsis	urn:cite2:hmt:lsj.chicago_md:n65085	n-d---fv-
μαρτυρήσει	marturh/sei	μαρτύρησις	martu/rhsis	urn:cite2:hmt:lsj.chicago_md:n65085	n-d---fa-
μαρτυρήσει	marturh/sei	μαρτύρησις	martu/rhsis	urn:cite2:hmt:lsj.chicago_md:n65085	n-s---fd-
μαρτυρήσει	marturh/sei	μαρτύρησις	martu/rhsis	urn:cite2:hmt:lsj.chicago_md:n65085	n-s---fd-
μαρτυρήσει	marturh/sei	μαρτύρομαι	martu/romai	urn:cite2:hmt:lsj.chicago_md:n65091	v2sfie---
μαρτυρήσει	marturh/sei	μαρτυρέω	marture/w	urn:cite2:hmt:lsj.chicago_md:n65083	v3sasa---
μαρτυρήσει	marturh/sei	μαρτυρέω	marture/w	urn:cite2:hmt:lsj.chicago_md:n65083	v2sfim---
μαρτυρήσει	marturh/sei	μαρτυρέω	marture/w	urn:cite2:hmt:lsj.chicago_md:n65083	v3sfia---
μαρτύρων	martu/rwn	μάρτυρος	ma/rturos	urn:cite2:hmt:lsj.chicago_md:n65096	n-p---mg-
μαρτύρων	martu/rwn	μάρτυς	ma/rtus	urn:cite2:hmt:lsj.chicago_md:n65097	n-p---mg-
μαρτύρων	martu/rwn	μάρτυς	ma/rtus	urn:cite2:hmt:lsj.chicago_md:n65097	n-p---fg-
μαστήρ	masth/r	μαστήρ	masth/r	urn:cite2:hmt:lsj.chicago_md:n65140	n-s---mn-
μαστῶν	mastw=n	μαστάζω	masta/zw	urn:cite2:hmt:lsj.chicago_md:n65128	v-sfpamv-
μαστῶν	mastw=n	μαστάζω	masta/zw	urn:cite2:hmt:lsj.chicago_md:n65128	v-sfpann-
μαστῶν	mastw=n	μαστάζω	masta/zw	urn:cite2:hmt:lsj.chicago_md:n65128	v-sfpanv-
μαστῶν	mastw=n	μαστάζω	masta/zw	urn:cite2:hmt:lsj.chicago_md:n65128	v-sfpana-
μαστῶν	mastw=n	μαστάζω	masta/zw	urn:cite2:hmt:lsj.chicago_md:n65128	v-sfpamn-
μαστῶν	mastw=n	μαστός	masto/s	urn:cite2:hmt:lsj.chicago_md:n65174	n-p---mg-
ματαία	matai/a	μάταιος	ma/taios	urn:cite2:hmt:lsj.chicago_md:n65218	a-d---fn-
ματαία	matai/a	μάταιος	ma/taios	urn:cite2:hmt:lsj.chicago_md:n65218	a-d---fv-
ματαία	matai/a	μάταιος	ma/taios	urn:cite2:hmt:lsj.chicago_md:n65218	a-d---fa-
ματαία	matai/a	μάταιος	ma/taios	urn:cite2:hmt:lsj.chicago_md:n65218	a-s---fn-
ματαία	matai/a	μάταιος	ma/taios	urn:cite2:hmt:lsj.chicago_md:n65218	a-s---fv-
ματαίαις	matai/ais	μάταιος	ma/taios	urn:cite2:hmt:lsj.chicago_md:n65218	a-p---fd-
ματαίως	matai/ws	μάταιος	ma/taios	urn:cite2:hmt:lsj.chicago_md:n65218	x--------
ματαίως	matai/ws	μάταιος	ma/taios	urn:cite2:hmt:lsj.chicago_md:n65218	a-p---ma-
ματαίως	matai/ws	μάταιος	ma/taios	urn:cite2:hmt:lsj.chicago_md:n65218	x--------
ματαίως	matai/ws	μάταιος	ma/taios	urn:cite2:hmt:lsj.chicago_md:n65218	n-p---ma-
ματαίως	matai/ws	μάταιος	ma/taios	urn:cite2:hmt:lsj.chicago_md:n65218	n-p---fa-
ματαίως	matai/ws	ματαιόω	mataio/w	urn:cite2:hmt:lsj.chicago_md:n65230	v2siia---
ματρός	matro/s	μήτηρ	mh/thr	urn:cite2:hmt:lsj.chicago_md:n67543	n-s---fg-
ματρός	matro/s	μήτηρ	mh/thr	urn:cite2:hmt:lsj.chicago_md:n67543	n-s---fg-
μαίνομαι	mai/nomai	μαίνομαι	mai/nomai	urn:cite2:hmt:lsj.chicago_md:n64562	v1spie---
με	me	ἐγώ	e)gw/	urn:cite2:hmt:lsj.chicago_md:n30657	p-s---ma-
με	me	ἐγώ	e)gw/	urn:cite2:hmt:lsj.chicago_md:n30657	p-s---fa-
μεγάλα	mega/la	μέγας	me/gas	urn:cite2:hmt:lsj.chicago_md:n65552	a-d---fn-
μεγάλα	mega/la	μέγας	me/gas	urn:cite2:hmt:lsj.chicago_md:n65552	a-d---fv-
μεγάλα	mega/la	μέγας	me/gas	urn:cite2:hmt:lsj.chicago_md:n65552	a-d---fa-
μεγάλα	mega/la	μέγας	me/gas	urn:cite2:hmt:lsj.chicago_md:n65552	a-s---fn-
μεγάλα	mega/la	μέγας	me/gas	urn:cite2:hmt:lsj.chicago_md:n65552	a-s---fv-
μεγάλα	mega/la	μέγας	me/gas	urn:cite2:hmt:lsj.chicago_md:n65552	a-p---nn-
μεγάλα	mega/la	μέγας	me/gas	urn:cite2:hmt:lsj.chicago_md:n65552	a-p---nv-
μεγάλα	mega/la	μέγας	me/gas	urn:cite2:hmt:lsj.chicago_md:n65552	a-p---na-
μεγάλα	mega/la	μέγας	me/gas	urn:cite2:hmt:lsj.chicago_md:n65552	a-p---nv-
μεγάλα	mega/la	μέγας	me/gas	urn:cite2:hmt:lsj.chicago_md:n65552	a-d---fv-
μεγάλα	mega/la	μέγας	me/gas	urn:cite2:hmt:lsj.chicago_md:n65552	a-s---fv-
μεγάλαν	mega/lan	μέγας	me/gas	urn:cite2:hmt:lsj.chicago_md:n65552	a-s---fa-
μεγάλην	mega/lhn	μέγας	me/gas	urn:cite2:hmt:lsj.chicago_md:n65552	a-s---fa-
μεγάλους	mega/lous	μέγας	me/gas	urn:cite2:hmt:lsj.chicago_md:n65552	a-p---ma-
μεθεῖτο	meqei=to	μεθίημι	meqi/hmi	urn:cite2:hmt:lsj.chicago_md:n65624	v3saim---
μεθεῖτο	meqei=to	μεθίημι	meqi/hmi	urn:cite2:hmt:lsj.chicago_md:n65624	v3slie---
μεθύστερον	mequ/steron	μεθύστερος	mequ/steros	urn:cite2:hmt:lsj.chicago_md:n65677	a-s---ma-
μεθύστερον	mequ/steron	μεθύστερος	mequ/steros	urn:cite2:hmt:lsj.chicago_md:n65677	a-s---nn-
μεθύστερον	mequ/steron	μεθύστερος	mequ/steros	urn:cite2:hmt:lsj.chicago_md:n65677	a-s---nv-
μεθύστερον	mequ/steron	μεθύστερος	mequ/steros	urn:cite2:hmt:lsj.chicago_md:n65677	a-s---na-
μελαγχαίτα	melagxai/ta	μελαγχαίτης	melagxai/ths	urn:cite2:hmt:lsj.chicago_md:n65784	n-d---mn-
μελαγχαίτα	melagxai/ta	μελαγχαίτης	melagxai/ths	urn:cite2:hmt:lsj.chicago_md:n65784	n-d---mv-
μελαγχαίτα	melagxai/ta	μελαγχαίτης	melagxai/ths	urn:cite2:hmt:lsj.chicago_md:n65784	n-d---ma-
μελαγχαίτα	melagxai/ta	μελαγχαίτης	melagxai/ths	urn:cite2:hmt:lsj.chicago_md:n65784	n-s---mg-
μελαγχόλους	melagxo/lous	μελάγχολος	mela/gxolos	urn:cite2:hmt:lsj.chicago_md:n65792	n-p---ma-
μελαγχόλους	melagxo/lous	μελάγχολος	mela/gxolos	urn:cite2:hmt:lsj.chicago_md:n65792	n-p---fa-
μελλόνυμφος	mello/numfos	μελλόνυμφος	mello/numfos	urn:cite2:hmt:lsj.chicago_md:n66167	n-s---mn-
μελλόνυμφος	mello/numfos	μελλόνυμφος	mello/numfos	urn:cite2:hmt:lsj.chicago_md:n66167	n-s---fn-
μελέῳ	mele/w|	μέλεος	me/leos	urn:cite2:hmt:lsj.chicago_md:n65960	a-s---md-
μελέῳ	mele/w|	μέλεος	me/leos	urn:cite2:hmt:lsj.chicago_md:n65960	a-s---nd-
μελέῳ	mele/w|	μέλεος	me/leos	urn:cite2:hmt:lsj.chicago_md:n65960	n-s---md-
μελέῳ	mele/w|	μέλεος	me/leos	urn:cite2:hmt:lsj.chicago_md:n65960	n-s---fd-
μελέῳ	mele/w|	μέλεος	me/leos	urn:cite2:hmt:lsj.chicago_md:n65960	n-s---nd-
μεμηχάνηται	memhxa/nhtai	μηχανάομαι	mhxana/omai	urn:cite2:hmt:lsj.chicago_md:n67615	v3srie---
μεμνημένος	memnhme/nos	μιμνήσκω	mimnh/skw	urn:cite2:hmt:lsj.chicago_md:n67868	v-srpemn-
μεμπτός	mempto/s	μεμπτός	mempto/s	urn:cite2:hmt:lsj.chicago_md:n66246	a-s---mn-
μενεῖ	menei=	μένω	me/nw	urn:cite2:hmt:lsj.chicago_md:n66294	v2sfim---
μενεῖ	menei=	μένω	me/nw	urn:cite2:hmt:lsj.chicago_md:n66294	v3sfia---
μενῶ	menw=	μένω	me/nw	urn:cite2:hmt:lsj.chicago_md:n66294	v1sfia---
μεταιτίᾳ	metaiti/a|	μεταίτιος	metai/tios	urn:cite2:hmt:lsj.chicago_md:n66682	a-s---fd-
μεταίτιον	metai/tion	μεταίτιος	metai/tios	urn:cite2:hmt:lsj.chicago_md:n66682	a-s---ma-
μεταίτιον	metai/tion	μεταίτιος	metai/tios	urn:cite2:hmt:lsj.chicago_md:n66682	a-s---nn-
μεταίτιον	metai/tion	μεταίτιος	metai/tios	urn:cite2:hmt:lsj.chicago_md:n66682	a-s---nv-
μεταίτιον	metai/tion	μεταίτιος	metai/tios	urn:cite2:hmt:lsj.chicago_md:n66682	a-s---na-
μεταίτιον	metai/tion	μεταίτιος	metai/tios	urn:cite2:hmt:lsj.chicago_md:n66682	n-s---ma-
μεταίτιον	metai/tion	μεταίτιος	metai/tios	urn:cite2:hmt:lsj.chicago_md:n66682	n-s---fa-
μεταίτιον	metai/tion	μεταίτιος	metai/tios	urn:cite2:hmt:lsj.chicago_md:n66682	n-s---nn-
μεταίτιον	metai/tion	μεταίτιος	metai/tios	urn:cite2:hmt:lsj.chicago_md:n66682	n-s---nv-
μεταίτιον	metai/tion	μεταίτιος	metai/tios	urn:cite2:hmt:lsj.chicago_md:n66682	n-s---na-
μεταίτιον	metai/tion	μεταιτέω	metaite/w	urn:cite2:hmt:lsj.chicago_md:n66679	v3piia---
μεταίτιον	metai/tion	μεταιτέω	metaite/w	urn:cite2:hmt:lsj.chicago_md:n66679	v1siia---
μεταίτιον	metai/tion	μεταιτέω	metaite/w	urn:cite2:hmt:lsj.chicago_md:n66679	v3piia---
μεταίτιον	metai/tion	μεταιτέω	metaite/w	urn:cite2:hmt:lsj.chicago_md:n66679	v1siia---
μεταίτιος	metai/tios	μεταίτιος	metai/tios	urn:cite2:hmt:lsj.chicago_md:n66682	a-s---mn-
μεταίτιος	metai/tios	μεταίτιος	metai/tios	urn:cite2:hmt:lsj.chicago_md:n66682	n-s---mn-
μεταίτιος	metai/tios	μεταίτιος	metai/tios	urn:cite2:hmt:lsj.chicago_md:n66682	n-s---fn-
μετάρσιος	meta/rsios	μέταρσις	me/tarsis	urn:cite2:hmt:lsj.chicago_md:n66926	n-s---fg-
μετάρσιος	meta/rsios	μετάρσιος	meta/rsios	urn:cite2:hmt:lsj.chicago_md:n66924	a-s---mn-
μετάρσιος	meta/rsios	μετάρσιος	meta/rsios	urn:cite2:hmt:lsj.chicago_md:n66924	n-s---mn-
μετάρσιος	meta/rsios	μετάρσιος	meta/rsios	urn:cite2:hmt:lsj.chicago_md:n66924	n-s---fn-
μετώπων	metw/pwn	μέτωπον	me/twpon	urn:cite2:hmt:lsj.chicago_md:n67278	n-p---ng-
μείζον’	mei/zon'	μέγας	me/gas	urn:cite2:hmt:lsj.chicago_md:n65552	a-p---nn-
μείζον’	mei/zon'	μέγας	me/gas	urn:cite2:hmt:lsj.chicago_md:n65552	a-p---nv-
μείζον’	mei/zon'	μέγας	me/gas	urn:cite2:hmt:lsj.chicago_md:n65552	a-p---na-
μείζον’	mei/zon'	μέγας	me/gas	urn:cite2:hmt:lsj.chicago_md:n65552	a-s---ma-
μείζον’	mei/zon'	μέγας	me/gas	urn:cite2:hmt:lsj.chicago_md:n65552	a-s---fa-
μείζον’	mei/zon'	μέγας	me/gas	urn:cite2:hmt:lsj.chicago_md:n65552	a-s----d-
μείζον’	mei/zon'	μέγας	me/gas	urn:cite2:hmt:lsj.chicago_md:n65552	a-d----n-
μείζον’	mei/zon'	μέγας	me/gas	urn:cite2:hmt:lsj.chicago_md:n65552	a-d----v-
μείζον’	mei/zon'	μέγας	me/gas	urn:cite2:hmt:lsj.chicago_md:n65552	a-d----a-
μεῖζον	mei=zon	μέγας	me/gas	urn:cite2:hmt:lsj.chicago_md:n65552	a-s---mv-
μεῖζον	mei=zon	μέγας	me/gas	urn:cite2:hmt:lsj.chicago_md:n65552	a-s---fv-
μεῖζον	mei=zon	μέγας	me/gas	urn:cite2:hmt:lsj.chicago_md:n65552	a-s---nn-
μεῖζον	mei=zon	μέγας	me/gas	urn:cite2:hmt:lsj.chicago_md:n65552	a-s---nv-
μεῖζον	mei=zon	μέγας	me/gas	urn:cite2:hmt:lsj.chicago_md:n65552	a-s---na-
μηδενός	mhdeno/s	μηδείς	mhdei/s	urn:cite2:hmt:lsj.chicago_md:n67302	n-s----g-
μηδείς	mhdei/s	μηδείς	mhdei/s	urn:cite2:hmt:lsj.chicago_md:n67302	n-s---mn-
μηδείς	mhdei/s	μηδείς	mhdei/s	urn:cite2:hmt:lsj.chicago_md:n67302	n-s---mv-
μηδέ	mhde/	μηδέ	mhde/	urn:cite2:hmt:lsj.chicago_md:n67299	g--------
μηδέν	mhde/n	μηδείς	mhdei/s	urn:cite2:hmt:lsj.chicago_md:n67302	n-s---nn-
μηδέν	mhde/n	μηδείς	mhdei/s	urn:cite2:hmt:lsj.chicago_md:n67302	n-s---nv-
μηδέν	mhde/n	μηδείς	mhdei/s	urn:cite2:hmt:lsj.chicago_md:n67302	n-s---na-
μηκέτι	mhke/ti	μηκέτι	mhke/ti	urn:cite2:hmt:lsj.chicago_md:n67344	d--------
μηνίσας	mhni/sas	μηνίω	mhni/w	urn:cite2:hmt:lsj.chicago_md:n67488	v-sapamn-
μηνίσας	mhni/sas	μηνίω	mhni/w	urn:cite2:hmt:lsj.chicago_md:n67488	v-sapamv-
μηνίσας	mhni/sas	μηνίζω	mhni/zw	urn:cite2:hmt:lsj.chicago_md:n67481	v-sapamn-
μηνίσας	mhni/sas	μηνίζω	mhni/zw	urn:cite2:hmt:lsj.chicago_md:n67481	v-sapamv-
μητρί	mhtri/	μήτηρ	mh/thr	urn:cite2:hmt:lsj.chicago_md:n67543	n-s---fd-
μητρί	mhtri/	μήτηρ	mh/thr	urn:cite2:hmt:lsj.chicago_md:n67543	n-s---fd-
μητρί	mhtri/	μητρίς	mhtri/s	urn:cite2:hmt:lsj.chicago_md:n67571	n-s---fv-
μητρός	mhtro/s	μήτηρ	mh/thr	urn:cite2:hmt:lsj.chicago_md:n67543	n-s---fg-
μητρός	mhtro/s	μήτηρ	mh/thr	urn:cite2:hmt:lsj.chicago_md:n67543	n-s---fg-
μητρῷον	mhtrw=|on	μητρῷος	mhtrw=|os	urn:cite2:hmt:lsj.chicago_md:n67612	a-s---ma-
μητρῷον	mhtrw=|on	μητρῷος	mhtrw=|os	urn:cite2:hmt:lsj.chicago_md:n67612	a-s---nn-
μητρῷον	mhtrw=|on	μητρῷος	mhtrw=|os	urn:cite2:hmt:lsj.chicago_md:n67612	a-s---nv-
μητρῷον	mhtrw=|on	μητρῷος	mhtrw=|os	urn:cite2:hmt:lsj.chicago_md:n67612	a-s---na-
μητέρ’	mhte/r'	μήτηρ	mh/thr	urn:cite2:hmt:lsj.chicago_md:n67543	n-s---fa-
μητέρ’	mhte/r'	μήτηρ	mh/thr	urn:cite2:hmt:lsj.chicago_md:n67543	n-s---fd-
μητέρ’	mhte/r'	μήτηρ	mh/thr	urn:cite2:hmt:lsj.chicago_md:n67543	n-d---fn-
μητέρ’	mhte/r'	μήτηρ	mh/thr	urn:cite2:hmt:lsj.chicago_md:n67543	n-d---fv-
μητέρ’	mhte/r'	μήτηρ	mh/thr	urn:cite2:hmt:lsj.chicago_md:n67543	n-d---fa-
μηχαναῖς	mhxanai=s	μηχανή	mhxanh/	urn:cite2:hmt:lsj.chicago_md:n67619	n-p---fd-
μιαρά	miara/	μιαρός	miaro/s	urn:cite2:hmt:lsj.chicago_md:n67660	a-p---nn-
μιαρά	miara/	μιαρός	miaro/s	urn:cite2:hmt:lsj.chicago_md:n67660	a-p---nv-
μιαρά	miara/	μιαρός	miaro/s	urn:cite2:hmt:lsj.chicago_md:n67660	a-p---na-
μιαρά	miara/	μιαρός	miaro/s	urn:cite2:hmt:lsj.chicago_md:n67660	a-d---fn-
μιαρά	miara/	μιαρός	miaro/s	urn:cite2:hmt:lsj.chicago_md:n67660	a-d---fv-
μιαρά	miara/	μιαρός	miaro/s	urn:cite2:hmt:lsj.chicago_md:n67660	a-d---fa-
μιαρά	miara/	μιαρός	miaro/s	urn:cite2:hmt:lsj.chicago_md:n67660	a-s---fn-
μιαρά	miara/	μιαρός	miaro/s	urn:cite2:hmt:lsj.chicago_md:n67660	a-s---fv-
μικρόν	mikro/n	μικρός	mikro/s	urn:cite2:hmt:lsj.chicago_md:n67762	a-s---ma-
μικρόν	mikro/n	μικρός	mikro/s	urn:cite2:hmt:lsj.chicago_md:n67762	a-s---nn-
μικρόν	mikro/n	μικρός	mikro/s	urn:cite2:hmt:lsj.chicago_md:n67762	a-s---nv-
μικρόν	mikro/n	μικρός	mikro/s	urn:cite2:hmt:lsj.chicago_md:n67762	a-s---na-
μικρόν	mikro/n	σμικρός	smikro/s	urn:cite2:hmt:lsj.chicago_md:n95505	a-s---ma-
μικρόν	mikro/n	σμικρός	smikro/s	urn:cite2:hmt:lsj.chicago_md:n95505	a-s---nn-
μικρόν	mikro/n	σμικρός	smikro/s	urn:cite2:hmt:lsj.chicago_md:n95505	a-s---nv-
μικρόν	mikro/n	σμικρός	smikro/s	urn:cite2:hmt:lsj.chicago_md:n95505	a-s---na-
μισθοῦ	misqou=	μισθός	misqo/s	urn:cite2:hmt:lsj.chicago_md:n68011	n-s---mg-
μισθοῦ	misqou=	μισθόω	misqo/w	urn:cite2:hmt:lsj.chicago_md:n68019	v2spme---
μισθοῦ	misqou=	μισθόω	misqo/w	urn:cite2:hmt:lsj.chicago_md:n68019	v2siie---
μιᾶς	mia=s	εἷς	ei(=s	urn:cite2:hmt:lsj.chicago_md:n31236	a-s---fg-
μνηστήρ	mnhsth/r	μνηστήρ	mnhsth/r	urn:cite2:hmt:lsj.chicago_md:n68213	n-s---mn-
μνηστῆρα	mnhsth=ra	μνηστήρ	mnhsth/r	urn:cite2:hmt:lsj.chicago_md:n68213	n-s---ma-
μοι	moi	ἐγώ	e)gw/	urn:cite2:hmt:lsj.chicago_md:n30657	p-s---md-
μοι	moi	ἐγώ	e)gw/	urn:cite2:hmt:lsj.chicago_md:n30657	p-s---fd-
μολεῖν	molei=n	βλώσκω	blw/skw	urn:cite2:hmt:lsj.chicago_md:n20178	v--ana---
μολοῦσα	molou=sa	βλώσκω	blw/skw	urn:cite2:hmt:lsj.chicago_md:n20178	v-sapafn-
μολοῦσα	molou=sa	βλώσκω	blw/skw	urn:cite2:hmt:lsj.chicago_md:n20178	v-sapafv-
μολόντα	molo/nta	βλώσκω	blw/skw	urn:cite2:hmt:lsj.chicago_md:n20178	v-papann-
μολόντα	molo/nta	βλώσκω	blw/skw	urn:cite2:hmt:lsj.chicago_md:n20178	v-papanv-
μολόντα	molo/nta	βλώσκω	blw/skw	urn:cite2:hmt:lsj.chicago_md:n20178	v-papana-
μολόντα	molo/nta	βλώσκω	blw/skw	urn:cite2:hmt:lsj.chicago_md:n20178	v-sapama-
μολόντ’	molo/nt'	βλώσκω	blw/skw	urn:cite2:hmt:lsj.chicago_md:n20178	v-papann-
μολόντ’	molo/nt'	βλώσκω	blw/skw	urn:cite2:hmt:lsj.chicago_md:n20178	v-papanv-
μολόντ’	molo/nt'	βλώσκω	blw/skw	urn:cite2:hmt:lsj.chicago_md:n20178	v-papana-
μολόντ’	molo/nt'	βλώσκω	blw/skw	urn:cite2:hmt:lsj.chicago_md:n20178	v-sapama-
μολόντ’	molo/nt'	βλώσκω	blw/skw	urn:cite2:hmt:lsj.chicago_md:n20178	v-sapamd-
μολόντ’	molo/nt'	βλώσκω	blw/skw	urn:cite2:hmt:lsj.chicago_md:n20178	v-sapand-
μολόντ’	molo/nt'	βλώσκω	blw/skw	urn:cite2:hmt:lsj.chicago_md:n20178	v-dapamn-
μολόντ’	molo/nt'	βλώσκω	blw/skw	urn:cite2:hmt:lsj.chicago_md:n20178	v-dapamv-
μολόντ’	molo/nt'	βλώσκω	blw/skw	urn:cite2:hmt:lsj.chicago_md:n20178	v-dapama-
μολόντ’	molo/nt'	βλώσκω	blw/skw	urn:cite2:hmt:lsj.chicago_md:n20178	v-dapann-
μολόντ’	molo/nt'	βλώσκω	blw/skw	urn:cite2:hmt:lsj.chicago_md:n20178	v-dapanv-
μολόντ’	molo/nt'	βλώσκω	blw/skw	urn:cite2:hmt:lsj.chicago_md:n20178	v-dapana-
μολών	molw/n	βλώσκω	blw/skw	urn:cite2:hmt:lsj.chicago_md:n20178	v-sapamn-
μορφαῖσιν	morfai=sin	μορφή	morfh/	urn:cite2:hmt:lsj.chicago_md:n68791	n-p---fd-
μορφῇ	morfh=|	μορφάζω	morfa/zw	urn:cite2:hmt:lsj.chicago_md:n68788	v2sfim---
μορφῇ	morfh=|	μορφάζω	morfa/zw	urn:cite2:hmt:lsj.chicago_md:n68788	v3sfia---
μορφῇ	morfh=|	μορφή	morfh/	urn:cite2:hmt:lsj.chicago_md:n68791	n-s---fd-
μου	mou	ἐγώ	e)gw/	urn:cite2:hmt:lsj.chicago_md:n30657	p-s---mg-
μου	mou	ἐγώ	e)gw/	urn:cite2:hmt:lsj.chicago_md:n30657	p-s---fg-
μοχθήσας	moxqh/sas	μοχθέω	moxqe/w	urn:cite2:hmt:lsj.chicago_md:n68933	v-sapamn-
μοχθήσας	moxqh/sas	μοχθέω	moxqe/w	urn:cite2:hmt:lsj.chicago_md:n68933	v-sapamv-
μοῖρα	moi=ra	μοῖρα	moi=ra	urn:cite2:hmt:lsj.chicago_md:n68262	n-s---fn-
μοῖρα	moi=ra	μοῖρα	moi=ra	urn:cite2:hmt:lsj.chicago_md:n68262	n-s---fv-
μοῖραν	moi=ran	μοῖρα	moi=ra	urn:cite2:hmt:lsj.chicago_md:n68262	n-s---fa-
μοῦνον	mou=non	μόνος	mo/nos	urn:cite2:hmt:lsj.chicago_md:n68641	a-s---ma-
μοῦνον	mou=non	μόνος	mo/nos	urn:cite2:hmt:lsj.chicago_md:n68641	a-s---nn-
μοῦνον	mou=non	μόνος	mo/nos	urn:cite2:hmt:lsj.chicago_md:n68641	a-s---nv-
μοῦνον	mou=non	μόνος	mo/nos	urn:cite2:hmt:lsj.chicago_md:n68641	a-s---na-
μυελόν	muelo/n	μυελός	muelo/s	urn:cite2:hmt:lsj.chicago_md:n68996	n-s---ma-
μυρίων	muri/wn	μύρω	mu/rw	urn:cite2:hmt:lsj.chicago_md:n69415	v-sfpamn-
μυρίων	muri/wn	μυρίος	muri/os	urn:cite2:hmt:lsj.chicago_md:n69292	a-p---fg-
μυρίων	muri/wn	μυρίος	muri/os	urn:cite2:hmt:lsj.chicago_md:n69292	a-p---mg-
μυρίων	muri/wn	μυρίος	muri/os	urn:cite2:hmt:lsj.chicago_md:n69292	a-p---ng-
μυχοῖς	muxoi=s	μυχός	muxo/s	urn:cite2:hmt:lsj.chicago_md:n69527	n-p---md-
μωμένη	mwme/nh	μάομαι	ma/omai	urn:cite2:hmt:lsj.chicago_md:n64973	v-sppefn-
μωμένη	mwme/nh	μάομαι	ma/omai	urn:cite2:hmt:lsj.chicago_md:n64973	v-sppefv-
μωμένη	mwme/nh	μῶμαι	mw=mai	urn:cite2:hmt:lsj.chicago_md:n69580	v-srpefn-
μωμένη	mwme/nh	μῶμαι	mw=mai	urn:cite2:hmt:lsj.chicago_md:n69580	v-srpefv-
μωμένη	mwme/nh	μῶμαι	mw=mai	urn:cite2:hmt:lsj.chicago_md:n69580	v-sppefn-
μωμένη	mwme/nh	μῶμαι	mw=mai	urn:cite2:hmt:lsj.chicago_md:n69580	v-sppefv-
μάθησιν	ma/qhsin	μάθησις	ma/qhsis	urn:cite2:hmt:lsj.chicago_md:n64517	n-s---fa-
μάθησιν	ma/qhsin	μανθάνω	manqa/nw	urn:cite2:hmt:lsj.chicago_md:n64914	v2sase---
μάθησιν	ma/qhsin	μανθάνω	manqa/nw	urn:cite2:hmt:lsj.chicago_md:n64914	v3sasa---
μάθοις	ma/qois	μανθάνω	manqa/nw	urn:cite2:hmt:lsj.chicago_md:n64914	v2saoa---
μάθῃς	ma/qh|s	μάθη	ma/qh	urn:cite2:hmt:lsj.chicago_md:n64511	n-p---fd-
μάθῃς	ma/qh|s	μανθάνω	manqa/nw	urn:cite2:hmt:lsj.chicago_md:n64914	v2sasa---
μάλα	ma/la	μάλα	ma/la	urn:cite2:hmt:lsj.chicago_md:n64757	d--------
μάλα	ma/la	μάλη	ma/lh	urn:cite2:hmt:lsj.chicago_md:n64825	n-d---fn-
μάλα	ma/la	μάλη	ma/lh	urn:cite2:hmt:lsj.chicago_md:n64825	n-d---fv-
μάλα	ma/la	μάλη	ma/lh	urn:cite2:hmt:lsj.chicago_md:n64825	n-d---fa-
μάλα	ma/la	μάλη	ma/lh	urn:cite2:hmt:lsj.chicago_md:n64825	n-s---fn-
μάλα	ma/la	μάλη	ma/lh	urn:cite2:hmt:lsj.chicago_md:n64825	n-s---fv-
μάρτυρας	ma/rturas	μάρτυς	ma/rtus	urn:cite2:hmt:lsj.chicago_md:n65097	n-p---ma-
μάρτυρας	ma/rturas	μάρτυς	ma/rtus	urn:cite2:hmt:lsj.chicago_md:n65097	n-p---fa-
μάρψας	ma/ryas	μάρπτω	ma/rptw	urn:cite2:hmt:lsj.chicago_md:n65077	v-sapamn-
μάρψας	ma/ryas	μάρπτω	ma/rptw	urn:cite2:hmt:lsj.chicago_md:n65077	v-sapamv-
μάρψας	ma/ryas	μάρπτω	ma/rptw	urn:cite2:hmt:lsj.chicago_md:n65077	v2saia---
μάταια	ma/taia	μάταιος	ma/taios	urn:cite2:hmt:lsj.chicago_md:n65218	a-p---nn-
μάταια	ma/taia	μάταιος	ma/taios	urn:cite2:hmt:lsj.chicago_md:n65218	a-p---nv-
μάταια	ma/taia	μάταιος	ma/taios	urn:cite2:hmt:lsj.chicago_md:n65218	a-p---na-
μάταια	ma/taia	μάταιος	ma/taios	urn:cite2:hmt:lsj.chicago_md:n65218	n-p---nn-
μάταια	ma/taia	μάταιος	ma/taios	urn:cite2:hmt:lsj.chicago_md:n65218	n-p---nv-
μάταια	ma/taia	μάταιος	ma/taios	urn:cite2:hmt:lsj.chicago_md:n65218	n-p---na-
μάταιον	ma/taion	μάταιος	ma/taios	urn:cite2:hmt:lsj.chicago_md:n65218	a-s---ma-
μάταιον	ma/taion	μάταιος	ma/taios	urn:cite2:hmt:lsj.chicago_md:n65218	a-s---nn-
μάταιον	ma/taion	μάταιος	ma/taios	urn:cite2:hmt:lsj.chicago_md:n65218	a-s---nv-
μάταιον	ma/taion	μάταιος	ma/taios	urn:cite2:hmt:lsj.chicago_md:n65218	a-s---na-
μάταιον	ma/taion	μάταιος	ma/taios	urn:cite2:hmt:lsj.chicago_md:n65218	n-s---ma-
μάταιον	ma/taion	μάταιος	ma/taios	urn:cite2:hmt:lsj.chicago_md:n65218	n-s---fa-
μάταιον	ma/taion	μάταιος	ma/taios	urn:cite2:hmt:lsj.chicago_md:n65218	n-s---nn-
μάταιον	ma/taion	μάταιος	ma/taios	urn:cite2:hmt:lsj.chicago_md:n65218	n-s---nv-
μάταιον	ma/taion	μάταιος	ma/taios	urn:cite2:hmt:lsj.chicago_md:n65218	n-s---na-
μάταιος	ma/taios	μάταιος	ma/taios	urn:cite2:hmt:lsj.chicago_md:n65218	a-s---mn-
μάταιος	ma/taios	μάταιος	ma/taios	urn:cite2:hmt:lsj.chicago_md:n65218	n-s---mn-
μάταιος	ma/taios	μάταιος	ma/taios	urn:cite2:hmt:lsj.chicago_md:n65218	n-s---fn-
μάταιός	ma/taio/s	μάταιος	ma/taios	urn:cite2:hmt:lsj.chicago_md:n65218	a-s---mn-
μάταιός	ma/taio/s	μάταιος	ma/taios	urn:cite2:hmt:lsj.chicago_md:n65218	n-s---mn-
μάταιός	ma/taio/s	μάταιος	ma/taios	urn:cite2:hmt:lsj.chicago_md:n65218	n-s---fn-
μάτην	ma/thn	μάτη	ma/th	urn:cite2:hmt:lsj.chicago_md:n65237	n-s---fa-
μάτην	ma/thn	μάτην	ma/thn	urn:cite2:hmt:lsj.chicago_md:n65240	d--------
μάτην	ma/thn	μάτος	ma/tos	urn:cite2:hmt:lsj.chicago_md:n65246	n-s---na-
μάτην	ma/thn	ματάω	mata/w	urn:cite2:hmt:lsj.chicago_md:n65234	v3piia---
μάτην	ma/thn	ματάω	mata/w	urn:cite2:hmt:lsj.chicago_md:n65234	v1siia---
μάχης	ma/xhs	μάχη	ma/xh	urn:cite2:hmt:lsj.chicago_md:n65295	n-s---fg-
μάχης	ma/xhs	μαχάω	maxa/w	urn:cite2:hmt:lsj.chicago_md:n65293	v2spia---
μάχης	ma/xhs	μαχάω	maxa/w	urn:cite2:hmt:lsj.chicago_md:n65293	v2siia---
μέγα	me/ga	μέγας	me/gas	urn:cite2:hmt:lsj.chicago_md:n65552	n-s---nn-
μέγα	me/ga	μέγας	me/gas	urn:cite2:hmt:lsj.chicago_md:n65552	n-s---nv-
μέγα	me/ga	μέγας	me/gas	urn:cite2:hmt:lsj.chicago_md:n65552	n-s---na-
μέγας	me/gas	μέγας	me/gas	urn:cite2:hmt:lsj.chicago_md:n65552	n-s---mn-
μέγ’	me/g'	μέγας	me/gas	urn:cite2:hmt:lsj.chicago_md:n65552	n-s---nn-
μέγ’	me/g'	μέγας	me/gas	urn:cite2:hmt:lsj.chicago_md:n65552	n-s---nv-
μέγ’	me/g'	μέγας	me/gas	urn:cite2:hmt:lsj.chicago_md:n65552	n-s---na-
μέλας	me/las	μέλας	me/las	urn:cite2:hmt:lsj.chicago_md:n65934	a-s---mn-
μέλας	me/las	μέλη	me/lh	urn:cite2:hmt:lsj.chicago_md:n65975	n-p---fa-
μέλας	me/las	μέλη	me/lh	urn:cite2:hmt:lsj.chicago_md:n65975	n-s---fg-
μέλεα	me/lea	μέλεος	me/leos	urn:cite2:hmt:lsj.chicago_md:n65960	a-p---nn-
μέλεα	me/lea	μέλεος	me/leos	urn:cite2:hmt:lsj.chicago_md:n65960	a-p---nv-
μέλεα	me/lea	μέλεος	me/leos	urn:cite2:hmt:lsj.chicago_md:n65960	a-p---na-
μέλεα	me/lea	μέλεος	me/leos	urn:cite2:hmt:lsj.chicago_md:n65960	n-p---nn-
μέλεα	me/lea	μέλεος	me/leos	urn:cite2:hmt:lsj.chicago_md:n65960	n-p---nv-
μέλεα	me/lea	μέλεος	me/leos	urn:cite2:hmt:lsj.chicago_md:n65960	n-p---na-
μέλεα	me/lea	μέλος	me/los	urn:cite2:hmt:lsj.chicago_md:n66187	n-p---nn-
μέλεα	me/lea	μέλος	me/los	urn:cite2:hmt:lsj.chicago_md:n66187	n-p---nv-
μέλεα	me/lea	μέλος	me/los	urn:cite2:hmt:lsj.chicago_md:n66187	n-p---na-
μέλεον	me/leon	μέλεος	me/leos	urn:cite2:hmt:lsj.chicago_md:n65960	a-s---ma-
μέλεον	me/leon	μέλεος	me/leos	urn:cite2:hmt:lsj.chicago_md:n65960	a-s---nn-
μέλεον	me/leon	μέλεος	me/leos	urn:cite2:hmt:lsj.chicago_md:n65960	a-s---nv-
μέλεον	me/leon	μέλεος	me/leos	urn:cite2:hmt:lsj.chicago_md:n65960	a-s---na-
μέλεον	me/leon	μέλεος	me/leos	urn:cite2:hmt:lsj.chicago_md:n65960	n-s---ma-
μέλεον	me/leon	μέλεος	me/leos	urn:cite2:hmt:lsj.chicago_md:n65960	n-s---fa-
μέλεον	me/leon	μέλεος	me/leos	urn:cite2:hmt:lsj.chicago_md:n65960	n-s---nn-
μέλεον	me/leon	μέλεος	me/leos	urn:cite2:hmt:lsj.chicago_md:n65960	n-s---nv-
μέλεον	me/leon	μέλεος	me/leos	urn:cite2:hmt:lsj.chicago_md:n65960	n-s---na-
μέλεος	me/leos	μέλεος	me/leos	urn:cite2:hmt:lsj.chicago_md:n65960	a-s---mn-
μέλεος	me/leos	μέλεος	me/leos	urn:cite2:hmt:lsj.chicago_md:n65960	n-s---mn-
μέλεος	me/leos	μέλεος	me/leos	urn:cite2:hmt:lsj.chicago_md:n65960	n-s---fn-
μέλεος	me/leos	μέλος	me/los	urn:cite2:hmt:lsj.chicago_md:n66187	n-s---ng-
μέλλει	me/llei	μέλλω	me/llw	urn:cite2:hmt:lsj.chicago_md:n66173	v2spie---
μέλλει	me/llei	μέλλω	me/llw	urn:cite2:hmt:lsj.chicago_md:n66173	v3spia---
μέλλειν	me/llein	μέλλω	me/llw	urn:cite2:hmt:lsj.chicago_md:n66173	v--pna---
μέλλοντι	me/llonti	μέλλω	me/llw	urn:cite2:hmt:lsj.chicago_md:n66173	v-sppamd-
μέλλοντι	me/llonti	μέλλω	me/llw	urn:cite2:hmt:lsj.chicago_md:n66173	v-sppand-
μέλλοντι	me/llonti	μέλλω	me/llw	urn:cite2:hmt:lsj.chicago_md:n66173	v3ppia---
μέλλοντ’	me/llont'	μέλλω	me/llw	urn:cite2:hmt:lsj.chicago_md:n66173	v-pppann-
μέλλοντ’	me/llont'	μέλλω	me/llw	urn:cite2:hmt:lsj.chicago_md:n66173	v-pppanv-
μέλλοντ’	me/llont'	μέλλω	me/llw	urn:cite2:hmt:lsj.chicago_md:n66173	v-pppana-
μέλλοντ’	me/llont'	μέλλω	me/llw	urn:cite2:hmt:lsj.chicago_md:n66173	v-sppama-
μέλλοντ’	me/llont'	μέλλω	me/llw	urn:cite2:hmt:lsj.chicago_md:n66173	v-sppamd-
μέλλοντ’	me/llont'	μέλλω	me/llw	urn:cite2:hmt:lsj.chicago_md:n66173	v-sppand-
μέλλοντ’	me/llont'	μέλλω	me/llw	urn:cite2:hmt:lsj.chicago_md:n66173	v3ppia---
μέλλοντ’	me/llont'	μέλλω	me/llw	urn:cite2:hmt:lsj.chicago_md:n66173	v-dppamn-
μέλλοντ’	me/llont'	μέλλω	me/llw	urn:cite2:hmt:lsj.chicago_md:n66173	v-dppamv-
μέλλοντ’	me/llont'	μέλλω	me/llw	urn:cite2:hmt:lsj.chicago_md:n66173	v-dppama-
μέλλοντ’	me/llont'	μέλλω	me/llw	urn:cite2:hmt:lsj.chicago_md:n66173	v-dppann-
μέλλοντ’	me/llont'	μέλλω	me/llw	urn:cite2:hmt:lsj.chicago_md:n66173	v-dppanv-
μέλλοντ’	me/llont'	μέλλω	me/llw	urn:cite2:hmt:lsj.chicago_md:n66173	v-dppana-
μέλλοντ’	me/llont'	μέλλω	me/llw	urn:cite2:hmt:lsj.chicago_md:n66173	v3ppie---
μέλλοντ’	me/llont'	μέλλω	me/llw	urn:cite2:hmt:lsj.chicago_md:n66173	v3piie---
μέμψει	me/myei	μέμφομαι	me/mfomai	urn:cite2:hmt:lsj.chicago_md:n66252	v2sfim---
μέμψει	me/myei	μέμψις	me/myis	urn:cite2:hmt:lsj.chicago_md:n66259	n-d---fn-
μέμψει	me/myei	μέμψις	me/myis	urn:cite2:hmt:lsj.chicago_md:n66259	n-d---fv-
μέμψει	me/myei	μέμψις	me/myis	urn:cite2:hmt:lsj.chicago_md:n66259	n-d---fa-
μέμψει	me/myei	μέμψις	me/myis	urn:cite2:hmt:lsj.chicago_md:n66259	n-s---fd-
μέμψει	me/myei	μέμψις	me/myis	urn:cite2:hmt:lsj.chicago_md:n66259	n-s---fd-
μέν	me/n	μέν	me/n	urn:cite2:hmt:lsj.chicago_md:n66260	g--------
μένει	me/nei	μένος	me/nos	urn:cite2:hmt:lsj.chicago_md:n66288	n-d---nn-
μένει	me/nei	μένος	me/nos	urn:cite2:hmt:lsj.chicago_md:n66288	n-d---nv-
μένει	me/nei	μένος	me/nos	urn:cite2:hmt:lsj.chicago_md:n66288	n-d---na-
μένει	me/nei	μένος	me/nos	urn:cite2:hmt:lsj.chicago_md:n66288	n-s---nd-
μένει	me/nei	μένος	me/nos	urn:cite2:hmt:lsj.chicago_md:n66288	n-s---nd-
μένει	me/nei	μένω	me/nw	urn:cite2:hmt:lsj.chicago_md:n66294	v2spie---
μένει	me/nei	μένω	me/nw	urn:cite2:hmt:lsj.chicago_md:n66294	v3spia---
μένειν	me/nein	μένω	me/nw	urn:cite2:hmt:lsj.chicago_md:n66294	v--pna---
μένομεν	me/nomen	μένω	me/nw	urn:cite2:hmt:lsj.chicago_md:n66294	v1ppia---
μένομεν	me/nomen	μένω	me/nw	urn:cite2:hmt:lsj.chicago_md:n66294	v1piia---
μέντοι	me/ntoi	μέντοι	me/ntoi	urn:cite2:hmt:lsj.chicago_md:n66291a	g--------
μέρος	me/ros	μέρος	me/ros	urn:cite2:hmt:lsj.chicago_md:n66342	n-s---nn-
μέρος	me/ros	μέρος	me/ros	urn:cite2:hmt:lsj.chicago_md:n66342	n-s---nv-
μέρος	me/ros	μέρος	me/ros	urn:cite2:hmt:lsj.chicago_md:n66342	n-s---na-
μέσην	me/shn	μέση	me/sh	urn:cite2:hmt:lsj.chicago_md:n66388	n-s---fa-
μέσην	me/shn	μέσης	me/shs	urn:cite2:hmt:lsj.chicago_md:n66405	n-s---ma-
μέσην	me/shn	μέσος	me/sos	urn:cite2:hmt:lsj.chicago_md:n66494	a-s---fa-
μέσοισιν	me/soisin	μέσος	me/sos	urn:cite2:hmt:lsj.chicago_md:n66494	a-p---md-
μέσοισιν	me/soisin	μέσος	me/sos	urn:cite2:hmt:lsj.chicago_md:n66494	a-p---nd-
μέσον	me/son	μέσος	me/sos	urn:cite2:hmt:lsj.chicago_md:n66494	a-s---ma-
μέσον	me/son	μέσος	me/sos	urn:cite2:hmt:lsj.chicago_md:n66494	a-s---nn-
μέσον	me/son	μέσος	me/sos	urn:cite2:hmt:lsj.chicago_md:n66494	a-s---nv-
μέσον	me/son	μέσος	me/sos	urn:cite2:hmt:lsj.chicago_md:n66494	a-s---na-
μέσου	me/sou	μέσης	me/shs	urn:cite2:hmt:lsj.chicago_md:n66405	n-s---mg-
μέσου	me/sou	μέσος	me/sos	urn:cite2:hmt:lsj.chicago_md:n66494	a-s---mg-
μέσου	me/sou	μέσος	me/sos	urn:cite2:hmt:lsj.chicago_md:n66494	a-s---ng-
μέσου	me/sou	μεσόω	meso/w	urn:cite2:hmt:lsj.chicago_md:n66537	v2spma---
μέσου	me/sou	μεσόω	meso/w	urn:cite2:hmt:lsj.chicago_md:n66537	v3siia---
μέσσαν	me/ssan	μέσος	me/sos	urn:cite2:hmt:lsj.chicago_md:n66494	a-s---fa-
μέσῃ	me/sh|	μέση	me/sh	urn:cite2:hmt:lsj.chicago_md:n66388	n-s---fd-
μέσῃ	me/sh|	μέσης	me/shs	urn:cite2:hmt:lsj.chicago_md:n66405	n-s---md-
μέσῃ	me/sh|	μέσος	me/sos	urn:cite2:hmt:lsj.chicago_md:n66494	a-s---fd-
μέσῳ	me/sw|	μέσος	me/sos	urn:cite2:hmt:lsj.chicago_md:n66494	a-s---md-
μέσῳ	me/sw|	μέσος	me/sos	urn:cite2:hmt:lsj.chicago_md:n66494	a-s---nd-
μή	mh/	μή	mh/	urn:cite2:hmt:lsj.chicago_md:n67283	c--------
μήκει	mh/kei	μῆκος	mh=kos	urn:cite2:hmt:lsj.chicago_md:n67352	n-d---nn-
μήκει	mh/kei	μῆκος	mh=kos	urn:cite2:hmt:lsj.chicago_md:n67352	n-d---nv-
μήκει	mh/kei	μῆκος	mh=kos	urn:cite2:hmt:lsj.chicago_md:n67352	n-d---na-
μήκει	mh/kei	μῆκος	mh=kos	urn:cite2:hmt:lsj.chicago_md:n67352	n-s---nd-
μήκει	mh/kei	μῆκος	mh=kos	urn:cite2:hmt:lsj.chicago_md:n67352	n-s---nd-
μήλων	mh/lwn	μῆλον1	mh=lon	urn:cite2:hmt:lsj.chicago_md:n67422	n-p---ng-
μήλων	mh/lwn	μῆλον1	mh=lon	urn:cite2:hmt:lsj.chicago_md:n67423	n-p---ng-
μήλων	mh/lwn	μῆλον2	mh=lon	urn:cite2:hmt:lsj.chicago_md:n67422	n-p---ng-
μήλων	mh/lwn	μῆλον2	mh=lon	urn:cite2:hmt:lsj.chicago_md:n67423	n-p---ng-
μήν	mh/n	μείς	mei/s	urn:cite2:hmt:lsj.chicago_md:n65757	n-s---mn-
μήν	mh/n	μείς	mei/s	urn:cite2:hmt:lsj.chicago_md:n65757	n-s---mv-
μήν	mh/n	μήν	mh/n	urn:cite2:hmt:lsj.chicago_md:n67461	g--------
μήν	mh/n	μήν	mh/n	urn:cite2:hmt:lsj.chicago_md:n67462	g--------
μήν	mh/n	μής	mh/s	urn:cite2:hmt:lsj.chicago_md:n67539	n-s---ma-
μήποτ’	mh/pot'	μήποτε	mh/pote	urn:cite2:hmt:lsj.chicago_md:n67507	d--------
μήσομαι	mh/somai	μήδομαι	mh/domai	urn:cite2:hmt:lsj.chicago_md:n67321	v1sasm---
μήσομαι	mh/somai	μήδομαι	mh/domai	urn:cite2:hmt:lsj.chicago_md:n67321	v1sfim---
μήτε	mh/te	μήτε	mh/te	urn:cite2:hmt:lsj.chicago_md:n67541	g--------
μήτηρ	mh/thr	μήτηρ	mh/thr	urn:cite2:hmt:lsj.chicago_md:n67543	n-s---fn-
μήτιν’	mh/tin'	μήτις	mh/tis	urn:cite2:hmt:lsj.chicago_md:n67552	n-s---ma-
μήτιν’	mh/tin'	μήτις	mh/tis	urn:cite2:hmt:lsj.chicago_md:n67552	n-s---fa-
μήτιν’	mh/tin'	μήτις	mh/tis	urn:cite2:hmt:lsj.chicago_md:n67552	n-p---nn-
μήτιν’	mh/tin'	μήτις	mh/tis	urn:cite2:hmt:lsj.chicago_md:n67552	n-p---nv-
μήτιν’	mh/tin'	μήτις	mh/tis	urn:cite2:hmt:lsj.chicago_md:n67552	n-p---na-
μήτιν’	mh/tin'	μήτις	mh/tis	urn:cite2:hmt:lsj.chicago_md:n67552	n-s----d-
μήτιν’	mh/tin'	μήτις	mh/tis	urn:cite2:hmt:lsj.chicago_md:n67552	n-d----n-
μήτιν’	mh/tin'	μήτις	mh/tis	urn:cite2:hmt:lsj.chicago_md:n67552	n-d----v-
μήτιν’	mh/tin'	μήτις	mh/tis	urn:cite2:hmt:lsj.chicago_md:n67552	n-d----a-
μίμνομεν	mi/mnomen	μίμνω	mi/mnw	urn:cite2:hmt:lsj.chicago_md:n67869	v1ppia---
μίμνομεν	mi/mnomen	μίμνω	mi/mnw	urn:cite2:hmt:lsj.chicago_md:n67869	v1piia---
μίμν’	mi/mn'	μίμνω	mi/mnw	urn:cite2:hmt:lsj.chicago_md:n67869	v2spma---
μίμν’	mi/mn'	μίμνω	mi/mnw	urn:cite2:hmt:lsj.chicago_md:n67869	v3siia---
μόλις	mo/lis	μόλις	mo/lis	urn:cite2:hmt:lsj.chicago_md:n68335	d--------
μόλοι	mo/loi	βλώσκω	blw/skw	urn:cite2:hmt:lsj.chicago_md:n20178	v3saoa---
μόνα	mo/na	μόνος	mo/nos	urn:cite2:hmt:lsj.chicago_md:n68641	a-p---nn-
μόνα	mo/na	μόνος	mo/nos	urn:cite2:hmt:lsj.chicago_md:n68641	a-p---nv-
μόνα	mo/na	μόνος	mo/nos	urn:cite2:hmt:lsj.chicago_md:n68641	a-p---na-
μόνα	mo/na	μόνος	mo/nos	urn:cite2:hmt:lsj.chicago_md:n68641	a-d---fn-
μόνα	mo/na	μόνος	mo/nos	urn:cite2:hmt:lsj.chicago_md:n68641	a-d---fv-
μόνα	mo/na	μόνος	mo/nos	urn:cite2:hmt:lsj.chicago_md:n68641	a-d---fa-
μόνα	mo/na	μόνος	mo/nos	urn:cite2:hmt:lsj.chicago_md:n68641	a-s---fn-
μόνα	mo/na	μόνος	mo/nos	urn:cite2:hmt:lsj.chicago_md:n68641	a-s---fv-
μόνη	mo/nh	μόνος	mo/nos	urn:cite2:hmt:lsj.chicago_md:n68641	a-s---fn-
μόνη	mo/nh	μόνος	mo/nos	urn:cite2:hmt:lsj.chicago_md:n68641	a-s---fv-
μόνης	mo/nhs	μόνος	mo/nos	urn:cite2:hmt:lsj.chicago_md:n68641	a-s---fg-
μόνον	mo/non	μόνος	mo/nos	urn:cite2:hmt:lsj.chicago_md:n68641	a-s---ma-
μόνον	mo/non	μόνος	mo/nos	urn:cite2:hmt:lsj.chicago_md:n68641	a-s---nn-
μόνον	mo/non	μόνος	mo/nos	urn:cite2:hmt:lsj.chicago_md:n68641	a-s---nv-
μόνον	mo/non	μόνος	mo/nos	urn:cite2:hmt:lsj.chicago_md:n68641	a-s---na-
μόνος	mo/nos	μόνος	mo/nos	urn:cite2:hmt:lsj.chicago_md:n68641	a-s---mn-
μόρος	mo/ros	μόρος	mo/ros	urn:cite2:hmt:lsj.chicago_md:n68778	n-s---mn-
μόρῳ	mo/rw|	μόρον	mo/ron	urn:cite2:hmt:lsj.chicago_md:n68775	n-s---nd-
μόρῳ	mo/rw|	μόρος	mo/ros	urn:cite2:hmt:lsj.chicago_md:n68778	n-s---md-
μόχθος	mo/xqos	μόχθος	mo/xqos	urn:cite2:hmt:lsj.chicago_md:n68941	n-s---mn-
μόχθων	mo/xqwn	μόχθος	mo/xqos	urn:cite2:hmt:lsj.chicago_md:n68941	n-p---mg-
μόχθων	mo/xqwn	μοχθόω	moxqo/w	urn:cite2:hmt:lsj.chicago_md:n68942	v3piia---
μόχθων	mo/xqwn	μοχθόω	moxqo/w	urn:cite2:hmt:lsj.chicago_md:n68942	v1siia---
μύθοις	mu/qois	μῦθος	mu=qos	urn:cite2:hmt:lsj.chicago_md:n69052	n-p---md-
μύσῃ	mu/sh|	μύσις	mu/sis	urn:cite2:hmt:lsj.chicago_md:n69442	n-s---fd-
μύσῃ	mu/sh|	μύω	mu/w	urn:cite2:hmt:lsj.chicago_md:n69531	v2sasm---
μύσῃ	mu/sh|	μύω	mu/w	urn:cite2:hmt:lsj.chicago_md:n69531	v3sasa---
μύσῃ	mu/sh|	μύω	mu/w	urn:cite2:hmt:lsj.chicago_md:n69531	v2sfim---
μύσῃ	mu/sh|	μύζω	mu/zw	urn:cite2:hmt:lsj.chicago_md:n69004	v2sasm---
μύσῃ	mu/sh|	μύζω	mu/zw	urn:cite2:hmt:lsj.chicago_md:n69005	v2sasm---
μύσῃ	mu/sh|	μύζω	mu/zw	urn:cite2:hmt:lsj.chicago_md:n69004	v3sasa---
μύσῃ	mu/sh|	μύζω	mu/zw	urn:cite2:hmt:lsj.chicago_md:n69005	v3sasa---
μύσῃ	mu/sh|	μύζω	mu/zw	urn:cite2:hmt:lsj.chicago_md:n69004	v2sfim---
μύσῃ	mu/sh|	μύζω	mu/zw	urn:cite2:hmt:lsj.chicago_md:n69005	v2sfim---
μᾶλλον	ma=llon	μᾶλλον	ma=llon	urn:cite2:hmt:lsj.chicago_md:n64866	d--------
μῆνας	mh=nas	μαίνομαι	mai/nomai	urn:cite2:hmt:lsj.chicago_md:n64562	v2saia---
μῆνας	mh=nas	μείς	mei/s	urn:cite2:hmt:lsj.chicago_md:n65757	n-p---ma-
μῆτερ	mh=ter	μήτηρ	mh/thr	urn:cite2:hmt:lsj.chicago_md:n67543	n-s---fv-
μῦθοι	mu=qoi	μῦθος	mu=qos	urn:cite2:hmt:lsj.chicago_md:n69052	n-p---mn-
μῦθοι	mu=qoi	μῦθος	mu=qos	urn:cite2:hmt:lsj.chicago_md:n69052	n-p---mv-
μῦθον	mu=qon	μῦθος	mu=qos	urn:cite2:hmt:lsj.chicago_md:n69052	n-s---ma-
μῶρος	mw=ros	μωρός	mwro/s	urn:cite2:hmt:lsj.chicago_md:n69622	a-s---mn-
μῶρος	mw=ros	μωρός	mwro/s	urn:cite2:hmt:lsj.chicago_md:n69622	n-s---mn-
μῶρος	mw=ros	μωρός	mwro/s	urn:cite2:hmt:lsj.chicago_md:n69622	n-s---fn-
ναμέρτεια	name/rteia	νημέρτεια	nhme/rteia	urn:cite2:hmt:lsj.chicago_md:n70667	n-s---fn-
ναμέρτεια	name/rteia	νημέρτεια	nhme/rteia	urn:cite2:hmt:lsj.chicago_md:n70667	n-s---fv-
νασιῶτιν	nasiw=tin	νησιώτης	nhsiw/ths	urn:cite2:hmt:lsj.chicago_md:n70759	n-s---fa-
ναυτίλος	nauti/los	ναυτίλος	nauti/los	urn:cite2:hmt:lsj.chicago_md:n69905	n-s---mn-
ναίει	nai/ei	ναίω1	nai/w	urn:cite2:hmt:lsj.chicago_md:n69674	v2spie---
ναίει	nai/ei	ναίω1	nai/w	urn:cite2:hmt:lsj.chicago_md:n69674	v3spia---
ναίει	nai/ei	ναίω2	nai/w	urn:cite2:hmt:lsj.chicago_md:n69674	v2spie---
ναίει	nai/ei	ναίω2	nai/w	urn:cite2:hmt:lsj.chicago_md:n69674	v3spia---
ναίομεν	nai/omen	ναίω1	nai/w	urn:cite2:hmt:lsj.chicago_md:n69674	v1ppia---
ναίομεν	nai/omen	ναίω1	nai/w	urn:cite2:hmt:lsj.chicago_md:n69674	v1piia---
ναίομεν	nai/omen	ναίω2	nai/w	urn:cite2:hmt:lsj.chicago_md:n69674	v1ppia---
ναίομεν	nai/omen	ναίω2	nai/w	urn:cite2:hmt:lsj.chicago_md:n69674	v1piia---
ναίοντας	nai/ontas	ναίω1	nai/w	urn:cite2:hmt:lsj.chicago_md:n69674	v-pppama-
ναίοντας	nai/ontas	ναίω2	nai/w	urn:cite2:hmt:lsj.chicago_md:n69674	v-pppama-
ναίουσ’	nai/ous'	ναίω1	nai/w	urn:cite2:hmt:lsj.chicago_md:n69674	v-sppafn-
ναίουσ’	nai/ous'	ναίω1	nai/w	urn:cite2:hmt:lsj.chicago_md:n69674	v-sppafv-
ναίουσ’	nai/ous'	ναίω1	nai/w	urn:cite2:hmt:lsj.chicago_md:n69674	v-pppamd-
ναίουσ’	nai/ous'	ναίω1	nai/w	urn:cite2:hmt:lsj.chicago_md:n69674	v-pppand-
ναίουσ’	nai/ous'	ναίω1	nai/w	urn:cite2:hmt:lsj.chicago_md:n69674	v3ppia---
ναίουσ’	nai/ous'	ναίω1	nai/w	urn:cite2:hmt:lsj.chicago_md:n69674	v-pppafn-
ναίουσ’	nai/ous'	ναίω1	nai/w	urn:cite2:hmt:lsj.chicago_md:n69674	v-pppafv-
ναίουσ’	nai/ous'	ναίω2	nai/w	urn:cite2:hmt:lsj.chicago_md:n69674	v-sppafn-
ναίουσ’	nai/ous'	ναίω2	nai/w	urn:cite2:hmt:lsj.chicago_md:n69674	v-sppafv-
ναίουσ’	nai/ous'	ναίω2	nai/w	urn:cite2:hmt:lsj.chicago_md:n69674	v-pppamd-
ναίουσ’	nai/ous'	ναίω2	nai/w	urn:cite2:hmt:lsj.chicago_md:n69674	v-pppand-
ναίουσ’	nai/ous'	ναίω2	nai/w	urn:cite2:hmt:lsj.chicago_md:n69674	v3ppia---
ναίουσ’	nai/ous'	ναίω2	nai/w	urn:cite2:hmt:lsj.chicago_md:n69674	v-pppafn-
ναίουσ’	nai/ous'	ναίω2	nai/w	urn:cite2:hmt:lsj.chicago_md:n69674	v-pppafv-
ναός	nao/s	ναός	nao/s	urn:cite2:hmt:lsj.chicago_md:n69714	n-s---mn-
ναός	nao/s	ναός	nao/s	urn:cite2:hmt:lsj.chicago_md:n69715	n-s---mn-
ναός	nao/s	ναῦς	nau=s	urn:cite2:hmt:lsj.chicago_md:n69863	n-s---fg-
ναός	nao/s	ναῦς	nau=s	urn:cite2:hmt:lsj.chicago_md:n69863	n-s---fg-
ναύλοχα	nau/loxa	ναύλοχος	nau/loxos	urn:cite2:hmt:lsj.chicago_md:n69831	n-p---nn-
ναύλοχα	nau/loxa	ναύλοχος	nau/loxos	urn:cite2:hmt:lsj.chicago_md:n69831	n-p---nv-
ναύλοχα	nau/loxa	ναύλοχος	nau/loxos	urn:cite2:hmt:lsj.chicago_md:n69831	n-p---na-
νεανίδων	neani/dwn	νεᾶνις	nea=nis	urn:cite2:hmt:lsj.chicago_md:n69955	n-p---fg-
νεμεῖν	nemei=n	νέμω	ne/mw	urn:cite2:hmt:lsj.chicago_md:n70188	v--fna---
νεοσφαγής	neosfagh/s	νεοσφαγής	neosfagh/s	urn:cite2:hmt:lsj.chicago_md:n70403	n-s---mn-
νεοσφαγής	neosfagh/s	νεοσφαγής	neosfagh/s	urn:cite2:hmt:lsj.chicago_md:n70403	n-s---fn-
νεφέλᾳ	nefe/la|	νεφέλη	nefe/lh	urn:cite2:hmt:lsj.chicago_md:n70531	n-p---fn-
νεφέλᾳ	nefe/la|	νεφέλη	nefe/lh	urn:cite2:hmt:lsj.chicago_md:n70531	n-p---fv-
νεφέλᾳ	nefe/la|	νεφέλη	nefe/lh	urn:cite2:hmt:lsj.chicago_md:n70531	n-s---fd-
νεωτέρας	newte/ras	νέος	ne/os	urn:cite2:hmt:lsj.chicago_md:n70364	a-p---fa-
νεωτέρας	newte/ras	νέος	ne/os	urn:cite2:hmt:lsj.chicago_md:n70364	a-s---fg-
νεωτέρας	newte/ras	νέος	ne/os	urn:cite2:hmt:lsj.chicago_md:n70364	n-p---fa-
νεωτέρας	newte/ras	νέος	ne/os	urn:cite2:hmt:lsj.chicago_md:n70364	n-s---fg-
νεωτέρας	newte/ras	νεώτερος	new/teros	urn:cite2:hmt:lsj.chicago_md:n70613	a-p---fa-
νεωτέρας	newte/ras	νεώτερος	new/teros	urn:cite2:hmt:lsj.chicago_md:n70613	a-s---fg-
νεάζον	nea/zon	νεάζω	nea/zw	urn:cite2:hmt:lsj.chicago_md:n69930	v-sppamv-
νεάζον	nea/zon	νεάζω	nea/zw	urn:cite2:hmt:lsj.chicago_md:n69930	v-sppann-
νεάζον	nea/zon	νεάζω	nea/zw	urn:cite2:hmt:lsj.chicago_md:n69930	v-sppanv-
νεάζον	nea/zon	νεάζω	nea/zw	urn:cite2:hmt:lsj.chicago_md:n69930	v-sppana-
νεώς	new/s	ναός	nao/s	urn:cite2:hmt:lsj.chicago_md:n69714	n-p---ma-
νεώς	new/s	ναός	nao/s	urn:cite2:hmt:lsj.chicago_md:n69715	n-p---ma-
νεώς	new/s	ναός	nao/s	urn:cite2:hmt:lsj.chicago_md:n69714	n-s---mn-
νεώς	new/s	ναός	nao/s	urn:cite2:hmt:lsj.chicago_md:n69715	n-s---mn-
νεώς	new/s	ναῦς	nau=s	urn:cite2:hmt:lsj.chicago_md:n69863	n-s---fg-
νεώς	new/s	ναῦς	nau=s	urn:cite2:hmt:lsj.chicago_md:n69863	n-s----g-
νεώς	new/s	νεώς	new/s	urn:cite2:hmt:lsj.chicago_md:n70597	n-p---ma-
νεώς	new/s	νεώς	new/s	urn:cite2:hmt:lsj.chicago_md:n70597	n-s---mn-
νικηφόρῳ	nikhfo/rw|	νικηφόρος	nikhfo/ros	urn:cite2:hmt:lsj.chicago_md:n70852	n-s---md-
νικηφόρῳ	nikhfo/rw|	νικηφόρος	nikhfo/ros	urn:cite2:hmt:lsj.chicago_md:n70852	n-s---fd-
νικηφόρῳ	nikhfo/rw|	νικηφόρος	nikhfo/ros	urn:cite2:hmt:lsj.chicago_md:n70852	n-s---nd-
νιν	nin	νιν	nin	urn:cite2:hmt:lsj.chicago_md:n70864	n-s---ma-
νιν	nin	νιν	nin	urn:cite2:hmt:lsj.chicago_md:n70864	n-s---fa-
νιν	nin	νιν	nin	urn:cite2:hmt:lsj.chicago_md:n70864	n-s---na-
νοεῖς	noei=s	νοέω	noe/w	urn:cite2:hmt:lsj.chicago_md:n70910	v2spia---
νομάδας	noma/das	νομάς	noma/s	urn:cite2:hmt:lsj.chicago_md:n70949	n-p---ma-
νομάδας	noma/das	νομάς	noma/s	urn:cite2:hmt:lsj.chicago_md:n70949	n-p---fa-
νοσεῖς	nosei=s	νοσέω	nose/w	urn:cite2:hmt:lsj.chicago_md:n71037	v2spia---
νοσοῖ	nosoi=	νοσέω	nose/w	urn:cite2:hmt:lsj.chicago_md:n71037	v3spoa---
νοσοῦντι	nosou=nti	νοσέω	nose/w	urn:cite2:hmt:lsj.chicago_md:n71037	v-sppamd-
νοσοῦντι	nosou=nti	νοσέω	nose/w	urn:cite2:hmt:lsj.chicago_md:n71037	v-sppand-
νοσοῦντι	nosou=nti	νοσέω	nose/w	urn:cite2:hmt:lsj.chicago_md:n71037	v3ppia---
νοσοῦντος	nosou=ntos	νοσέω	nose/w	urn:cite2:hmt:lsj.chicago_md:n71037	v-sppamg-
νοσοῦντος	nosou=ntos	νοσέω	nose/w	urn:cite2:hmt:lsj.chicago_md:n71037	v-sppang-
νοσῶν	nosw=n	νοσάζω	nosa/zw	urn:cite2:hmt:lsj.chicago_md:n71030	v-sfpamv-
νοσῶν	nosw=n	νοσάζω	nosa/zw	urn:cite2:hmt:lsj.chicago_md:n71030	v-sfpann-
νοσῶν	nosw=n	νοσάζω	nosa/zw	urn:cite2:hmt:lsj.chicago_md:n71030	v-sfpanv-
νοσῶν	nosw=n	νοσάζω	nosa/zw	urn:cite2:hmt:lsj.chicago_md:n71030	v-sfpana-
νοσῶν	nosw=n	νοσάζω	nosa/zw	urn:cite2:hmt:lsj.chicago_md:n71030	v-sfpamn-
νοσῶν	nosw=n	νοσέω	nose/w	urn:cite2:hmt:lsj.chicago_md:n71037	v-sppamn-
νοῦν	nou=n	νέω	ne/w	urn:cite2:hmt:lsj.chicago_md:n70564	v-sppamv-
νοῦν	nou=n	νέω	ne/w	urn:cite2:hmt:lsj.chicago_md:n70565	v-sppamv-
νοῦν	nou=n	νέω	ne/w	urn:cite2:hmt:lsj.chicago_md:n70566	v-sppamv-
νοῦν	nou=n	νέω	ne/w	urn:cite2:hmt:lsj.chicago_md:n70567	v-sppamv-
νοῦν	nou=n	νέω	ne/w	urn:cite2:hmt:lsj.chicago_md:n70564	v-sppann-
νοῦν	nou=n	νέω	ne/w	urn:cite2:hmt:lsj.chicago_md:n70565	v-sppann-
νοῦν	nou=n	νέω	ne/w	urn:cite2:hmt:lsj.chicago_md:n70566	v-sppann-
νοῦν	nou=n	νέω	ne/w	urn:cite2:hmt:lsj.chicago_md:n70567	v-sppann-
νοῦν	nou=n	νέω	ne/w	urn:cite2:hmt:lsj.chicago_md:n70564	v-sppanv-
νοῦν	nou=n	νέω	ne/w	urn:cite2:hmt:lsj.chicago_md:n70565	v-sppanv-
νοῦν	nou=n	νέω	ne/w	urn:cite2:hmt:lsj.chicago_md:n70566	v-sppanv-
νοῦν	nou=n	νέω	ne/w	urn:cite2:hmt:lsj.chicago_md:n70567	v-sppanv-
νοῦν	nou=n	νέω	ne/w	urn:cite2:hmt:lsj.chicago_md:n70564	v-sppana-
νοῦν	nou=n	νέω	ne/w	urn:cite2:hmt:lsj.chicago_md:n70565	v-sppana-
νοῦν	nou=n	νέω	ne/w	urn:cite2:hmt:lsj.chicago_md:n70566	v-sppana-
νοῦν	nou=n	νέω	ne/w	urn:cite2:hmt:lsj.chicago_md:n70567	v-sppana-
νοῦν	nou=n	νέω	ne/w	urn:cite2:hmt:lsj.chicago_md:n70564	v3piia---
νοῦν	nou=n	νέω	ne/w	urn:cite2:hmt:lsj.chicago_md:n70565	v3piia---
νοῦν	nou=n	νέω	ne/w	urn:cite2:hmt:lsj.chicago_md:n70566	v3piia---
νοῦν	nou=n	νέω	ne/w	urn:cite2:hmt:lsj.chicago_md:n70567	v3piia---
νοῦν	nou=n	νέω	ne/w	urn:cite2:hmt:lsj.chicago_md:n70564	v1siia---
νοῦν	nou=n	νέω	ne/w	urn:cite2:hmt:lsj.chicago_md:n70565	v1siia---
νοῦν	nou=n	νέω	ne/w	urn:cite2:hmt:lsj.chicago_md:n70566	v1siia---
νοῦν	nou=n	νέω	ne/w	urn:cite2:hmt:lsj.chicago_md:n70567	v1siia---
νοῦν	nou=n	νέω1	ne/w	urn:cite2:hmt:lsj.chicago_md:n70564	v-sppamv-
νοῦν	nou=n	νέω1	ne/w	urn:cite2:hmt:lsj.chicago_md:n70565	v-sppamv-
νοῦν	nou=n	νέω1	ne/w	urn:cite2:hmt:lsj.chicago_md:n70566	v-sppamv-
νοῦν	nou=n	νέω1	ne/w	urn:cite2:hmt:lsj.chicago_md:n70567	v-sppamv-
νοῦν	nou=n	νέω1	ne/w	urn:cite2:hmt:lsj.chicago_md:n70564	v-sppann-
νοῦν	nou=n	νέω1	ne/w	urn:cite2:hmt:lsj.chicago_md:n70565	v-sppann-
νοῦν	nou=n	νέω1	ne/w	urn:cite2:hmt:lsj.chicago_md:n70566	v-sppann-
νοῦν	nou=n	νέω1	ne/w	urn:cite2:hmt:lsj.chicago_md:n70567	v-sppann-
νοῦν	nou=n	νέω1	ne/w	urn:cite2:hmt:lsj.chicago_md:n70564	v-sppanv-
νοῦν	nou=n	νέω1	ne/w	urn:cite2:hmt:lsj.chicago_md:n70565	v-sppanv-
νοῦν	nou=n	νέω1	ne/w	urn:cite2:hmt:lsj.chicago_md:n70566	v-sppanv-
νοῦν	nou=n	νέω1	ne/w	urn:cite2:hmt:lsj.chicago_md:n70567	v-sppanv-
νοῦν	nou=n	νέω1	ne/w	urn:cite2:hmt:lsj.chicago_md:n70564	v-sppana-
νοῦν	nou=n	νέω1	ne/w	urn:cite2:hmt:lsj.chicago_md:n70565	v-sppana-
νοῦν	nou=n	νέω1	ne/w	urn:cite2:hmt:lsj.chicago_md:n70566	v-sppana-
νοῦν	nou=n	νέω1	ne/w	urn:cite2:hmt:lsj.chicago_md:n70567	v-sppana-
νοῦν	nou=n	νέω1	ne/w	urn:cite2:hmt:lsj.chicago_md:n70564	v3piia---
νοῦν	nou=n	νέω1	ne/w	urn:cite2:hmt:lsj.chicago_md:n70565	v3piia---
νοῦν	nou=n	νέω1	ne/w	urn:cite2:hmt:lsj.chicago_md:n70566	v3piia---
νοῦν	nou=n	νέω1	ne/w	urn:cite2:hmt:lsj.chicago_md:n70567	v3piia---
νοῦν	nou=n	νέω1	ne/w	urn:cite2:hmt:lsj.chicago_md:n70564	v1siia---
νοῦν	nou=n	νέω1	ne/w	urn:cite2:hmt:lsj.chicago_md:n70565	v1siia---
νοῦν	nou=n	νέω1	ne/w	urn:cite2:hmt:lsj.chicago_md:n70566	v1siia---
νοῦν	nou=n	νέω1	ne/w	urn:cite2:hmt:lsj.chicago_md:n70567	v1siia---
νοῦν	nou=n	νέω2	ne/w	urn:cite2:hmt:lsj.chicago_md:n70564	v-sppamv-
νοῦν	nou=n	νέω2	ne/w	urn:cite2:hmt:lsj.chicago_md:n70565	v-sppamv-
νοῦν	nou=n	νέω2	ne/w	urn:cite2:hmt:lsj.chicago_md:n70566	v-sppamv-
νοῦν	nou=n	νέω2	ne/w	urn:cite2:hmt:lsj.chicago_md:n70567	v-sppamv-
νοῦν	nou=n	νέω2	ne/w	urn:cite2:hmt:lsj.chicago_md:n70564	v-sppann-
νοῦν	nou=n	νέω2	ne/w	urn:cite2:hmt:lsj.chicago_md:n70565	v-sppann-
νοῦν	nou=n	νέω2	ne/w	urn:cite2:hmt:lsj.chicago_md:n70566	v-sppann-
νοῦν	nou=n	νέω2	ne/w	urn:cite2:hmt:lsj.chicago_md:n70567	v-sppann-
νοῦν	nou=n	νέω2	ne/w	urn:cite2:hmt:lsj.chicago_md:n70564	v-sppanv-
νοῦν	nou=n	νέω2	ne/w	urn:cite2:hmt:lsj.chicago_md:n70565	v-sppanv-
νοῦν	nou=n	νέω2	ne/w	urn:cite2:hmt:lsj.chicago_md:n70566	v-sppanv-
νοῦν	nou=n	νέω2	ne/w	urn:cite2:hmt:lsj.chicago_md:n70567	v-sppanv-
νοῦν	nou=n	νέω2	ne/w	urn:cite2:hmt:lsj.chicago_md:n70564	v-sppana-
νοῦν	nou=n	νέω2	ne/w	urn:cite2:hmt:lsj.chicago_md:n70565	v-sppana-
νοῦν	nou=n	νέω2	ne/w	urn:cite2:hmt:lsj.chicago_md:n70566	v-sppana-
νοῦν	nou=n	νέω2	ne/w	urn:cite2:hmt:lsj.chicago_md:n70567	v-sppana-
νοῦν	nou=n	νέω2	ne/w	urn:cite2:hmt:lsj.chicago_md:n70564	v3piia---
νοῦν	nou=n	νέω2	ne/w	urn:cite2:hmt:lsj.chicago_md:n70565	v3piia---
νοῦν	nou=n	νέω2	ne/w	urn:cite2:hmt:lsj.chicago_md:n70566	v3piia---
νοῦν	nou=n	νέω2	ne/w	urn:cite2:hmt:lsj.chicago_md:n70567	v3piia---
νοῦν	nou=n	νέω2	ne/w	urn:cite2:hmt:lsj.chicago_md:n70564	v1siia---
νοῦν	nou=n	νέω2	ne/w	urn:cite2:hmt:lsj.chicago_md:n70565	v1siia---
νοῦν	nou=n	νέω2	ne/w	urn:cite2:hmt:lsj.chicago_md:n70566	v1siia---
νοῦν	nou=n	νέω2	ne/w	urn:cite2:hmt:lsj.chicago_md:n70567	v1siia---
νοῦν	nou=n	νέω3	ne/w	urn:cite2:hmt:lsj.chicago_md:n70564	v-sppamv-
νοῦν	nou=n	νέω3	ne/w	urn:cite2:hmt:lsj.chicago_md:n70565	v-sppamv-
νοῦν	nou=n	νέω3	ne/w	urn:cite2:hmt:lsj.chicago_md:n70566	v-sppamv-
νοῦν	nou=n	νέω3	ne/w	urn:cite2:hmt:lsj.chicago_md:n70567	v-sppamv-
νοῦν	nou=n	νέω3	ne/w	urn:cite2:hmt:lsj.chicago_md:n70564	v-sppann-
νοῦν	nou=n	νέω3	ne/w	urn:cite2:hmt:lsj.chicago_md:n70565	v-sppann-
νοῦν	nou=n	νέω3	ne/w	urn:cite2:hmt:lsj.chicago_md:n70566	v-sppann-
νοῦν	nou=n	νέω3	ne/w	urn:cite2:hmt:lsj.chicago_md:n70567	v-sppann-
νοῦν	nou=n	νέω3	ne/w	urn:cite2:hmt:lsj.chicago_md:n70564	v-sppanv-
νοῦν	nou=n	νέω3	ne/w	urn:cite2:hmt:lsj.chicago_md:n70565	v-sppanv-
νοῦν	nou=n	νέω3	ne/w	urn:cite2:hmt:lsj.chicago_md:n70566	v-sppanv-
νοῦν	nou=n	νέω3	ne/w	urn:cite2:hmt:lsj.chicago_md:n70567	v-sppanv-
νοῦν	nou=n	νέω3	ne/w	urn:cite2:hmt:lsj.chicago_md:n70564	v-sppana-
νοῦν	nou=n	νέω3	ne/w	urn:cite2:hmt:lsj.chicago_md:n70565	v-sppana-
νοῦν	nou=n	νέω3	ne/w	urn:cite2:hmt:lsj.chicago_md:n70566	v-sppana-
νοῦν	nou=n	νέω3	ne/w	urn:cite2:hmt:lsj.chicago_md:n70567	v-sppana-
νοῦν	nou=n	νέω3	ne/w	urn:cite2:hmt:lsj.chicago_md:n70564	v3piia---
νοῦν	nou=n	νέω3	ne/w	urn:cite2:hmt:lsj.chicago_md:n70565	v3piia---
νοῦν	nou=n	νέω3	ne/w	urn:cite2:hmt:lsj.chicago_md:n70566	v3piia---
νοῦν	nou=n	νέω3	ne/w	urn:cite2:hmt:lsj.chicago_md:n70567	v3piia---
νοῦν	nou=n	νέω3	ne/w	urn:cite2:hmt:lsj.chicago_md:n70564	v1siia---
νοῦν	nou=n	νέω3	ne/w	urn:cite2:hmt:lsj.chicago_md:n70565	v1siia---
νοῦν	nou=n	νέω3	ne/w	urn:cite2:hmt:lsj.chicago_md:n70566	v1siia---
νοῦν	nou=n	νέω3	ne/w	urn:cite2:hmt:lsj.chicago_md:n70567	v1siia---
νοῦν	nou=n	νόος	no/os	urn:cite2:hmt:lsj.chicago_md:n71023	n-s---ma-
νυκτί	nukti/	νύξ	nu/c	urn:cite2:hmt:lsj.chicago_md:n71314	n-s---fd-
νυμφείων	numfei/wn	νυμφεῖος	numfei=os	urn:cite2:hmt:lsj.chicago_md:n71274	a-p---fg-
νυμφείων	numfei/wn	νυμφεῖος	numfei=os	urn:cite2:hmt:lsj.chicago_md:n71274	a-p---mg-
νυμφείων	numfei/wn	νυμφεῖος	numfei=os	urn:cite2:hmt:lsj.chicago_md:n71274	a-p---ng-
νυμφείων	numfei/wn	νυμφεῖος	numfei=os	urn:cite2:hmt:lsj.chicago_md:n71274	n-p---mg-
νυμφείων	numfei/wn	νυμφεῖος	numfei=os	urn:cite2:hmt:lsj.chicago_md:n71274	n-p---fg-
νυμφείων	numfei/wn	νυμφεῖος	numfei=os	urn:cite2:hmt:lsj.chicago_md:n71274	n-p---ng-
νυμφεῖ’	numfei='	νυμφεῖος	numfei=os	urn:cite2:hmt:lsj.chicago_md:n71274	a-p---nn-
νυμφεῖ’	numfei='	νυμφεῖος	numfei=os	urn:cite2:hmt:lsj.chicago_md:n71274	a-p---nv-
νυμφεῖ’	numfei='	νυμφεῖος	numfei=os	urn:cite2:hmt:lsj.chicago_md:n71274	a-p---na-
νυμφεῖ’	numfei='	νυμφεῖος	numfei=os	urn:cite2:hmt:lsj.chicago_md:n71274	n-p---nn-
νυμφεῖ’	numfei='	νυμφεῖος	numfei=os	urn:cite2:hmt:lsj.chicago_md:n71274	n-p---nv-
νυμφεῖ’	numfei='	νυμφεῖος	numfei=os	urn:cite2:hmt:lsj.chicago_md:n71274	n-p---na-
νυμφεῖ’	numfei='	νυμφεῖος	numfei=os	urn:cite2:hmt:lsj.chicago_md:n71274	a-s---mv-
νυμφεῖ’	numfei='	νυμφεῖος	numfei=os	urn:cite2:hmt:lsj.chicago_md:n71274	n-s---mv-
νυμφεῖ’	numfei='	νυμφεῖος	numfei=os	urn:cite2:hmt:lsj.chicago_md:n71274	n-s---fv-
νυμφεῖ’	numfei='	νυμφεῖος	numfei=os	urn:cite2:hmt:lsj.chicago_md:n71274	a-p---fn-
νυμφεῖ’	numfei='	νυμφεῖος	numfei=os	urn:cite2:hmt:lsj.chicago_md:n71274	a-p---fv-
νυν	nun	νῦν	nu=n	urn:cite2:hmt:lsj.chicago_md:n71308	d--------
νάματα	na/mata	νᾶμα	na=ma	urn:cite2:hmt:lsj.chicago_md:n69689	n-p---nn-
νάματα	na/mata	νᾶμα	na=ma	urn:cite2:hmt:lsj.chicago_md:n69689	n-p---nv-
νάματα	na/mata	νᾶμα	na=ma	urn:cite2:hmt:lsj.chicago_md:n69689	n-p---na-
νάπος	na/pos	νάπος	na/pos	urn:cite2:hmt:lsj.chicago_md:n69724	n-s---nn-
νάπος	na/pos	νάπος	na/pos	urn:cite2:hmt:lsj.chicago_md:n69724	n-s---nv-
νάπος	na/pos	νάπος	na/pos	urn:cite2:hmt:lsj.chicago_md:n69724	n-s---na-
νέμει	ne/mei	νέμος	ne/mos	urn:cite2:hmt:lsj.chicago_md:n70187	n-d---nn-
νέμει	ne/mei	νέμος	ne/mos	urn:cite2:hmt:lsj.chicago_md:n70187	n-d---nv-
νέμει	ne/mei	νέμος	ne/mos	urn:cite2:hmt:lsj.chicago_md:n70187	n-d---na-
νέμει	ne/mei	νέμος	ne/mos	urn:cite2:hmt:lsj.chicago_md:n70187	n-s---nd-
νέμει	ne/mei	νέμος	ne/mos	urn:cite2:hmt:lsj.chicago_md:n70187	n-s---nd-
νέμει	ne/mei	νέμω	ne/mw	urn:cite2:hmt:lsj.chicago_md:n70188	v2spie---
νέμει	ne/mei	νέμω	ne/mw	urn:cite2:hmt:lsj.chicago_md:n70188	v3spia---
νέμεις	ne/meis	νέμω	ne/mw	urn:cite2:hmt:lsj.chicago_md:n70188	v2spia---
νέμοι	ne/moi	νέμω	ne/mw	urn:cite2:hmt:lsj.chicago_md:n70188	v3spoa---
νέορτος	ne/ortos	νέορτος	ne/ortos	urn:cite2:hmt:lsj.chicago_md:n70363	n-s---mn-
νέορτος	ne/ortos	νέορτος	ne/ortos	urn:cite2:hmt:lsj.chicago_md:n70363	n-s---fn-
νέους	ne/ous	νέος	ne/os	urn:cite2:hmt:lsj.chicago_md:n70364	a-p---ma-
νέους	ne/ous	νέος	ne/os	urn:cite2:hmt:lsj.chicago_md:n70364	n-p---ma-
νέους	ne/ous	νέος	ne/os	urn:cite2:hmt:lsj.chicago_md:n70364	n-p---fa-
νέους	ne/ous	νεόω	neo/w	urn:cite2:hmt:lsj.chicago_md:n70458	v2siia---
νέρθεν	ne/rqen	ἔνερθε	e)/nerqe	urn:cite2:hmt:lsj.chicago_md:n35435	r--------
νέων	ne/wn	νέος	ne/os	urn:cite2:hmt:lsj.chicago_md:n70364	a-p---fg-
νέων	ne/wn	νέος	ne/os	urn:cite2:hmt:lsj.chicago_md:n70364	a-p---mg-
νέων	ne/wn	νέος	ne/os	urn:cite2:hmt:lsj.chicago_md:n70364	a-p---ng-
νέων	ne/wn	νέος	ne/os	urn:cite2:hmt:lsj.chicago_md:n70364	n-p---mg-
νέων	ne/wn	νέος	ne/os	urn:cite2:hmt:lsj.chicago_md:n70364	n-p---fg-
νέων	ne/wn	νέος	ne/os	urn:cite2:hmt:lsj.chicago_md:n70364	n-p---ng-
νέων	ne/wn	νέω	ne/w	urn:cite2:hmt:lsj.chicago_md:n70564	v-sppamn-
νέων	ne/wn	νέω	ne/w	urn:cite2:hmt:lsj.chicago_md:n70565	v-sppamn-
νέων	ne/wn	νέω	ne/w	urn:cite2:hmt:lsj.chicago_md:n70566	v-sppamn-
νέων	ne/wn	νέω	ne/w	urn:cite2:hmt:lsj.chicago_md:n70567	v-sppamn-
νέων	ne/wn	νέω1	ne/w	urn:cite2:hmt:lsj.chicago_md:n70564	v-sppamn-
νέων	ne/wn	νέω1	ne/w	urn:cite2:hmt:lsj.chicago_md:n70565	v-sppamn-
νέων	ne/wn	νέω1	ne/w	urn:cite2:hmt:lsj.chicago_md:n70566	v-sppamn-
νέων	ne/wn	νέω1	ne/w	urn:cite2:hmt:lsj.chicago_md:n70567	v-sppamn-
νέων	ne/wn	νέω2	ne/w	urn:cite2:hmt:lsj.chicago_md:n70564	v-sppamn-
νέων	ne/wn	νέω2	ne/w	urn:cite2:hmt:lsj.chicago_md:n70565	v-sppamn-
νέων	ne/wn	νέω2	ne/w	urn:cite2:hmt:lsj.chicago_md:n70566	v-sppamn-
νέων	ne/wn	νέω2	ne/w	urn:cite2:hmt:lsj.chicago_md:n70567	v-sppamn-
νέων	ne/wn	νέω3	ne/w	urn:cite2:hmt:lsj.chicago_md:n70564	v-sppamn-
νέων	ne/wn	νέω3	ne/w	urn:cite2:hmt:lsj.chicago_md:n70565	v-sppamn-
νέων	ne/wn	νέω3	ne/w	urn:cite2:hmt:lsj.chicago_md:n70566	v-sppamn-
νέων	ne/wn	νέω3	ne/w	urn:cite2:hmt:lsj.chicago_md:n70567	v-sppamn-
νέων	ne/wn	νεάω	nea/w	urn:cite2:hmt:lsj.chicago_md:n69987	v3piia---
νέων	ne/wn	νεάω	nea/w	urn:cite2:hmt:lsj.chicago_md:n69987	v1siia---
νίκας	ni/kas	νίκη	ni/kh	urn:cite2:hmt:lsj.chicago_md:n70840	n-p---fa-
νίκας	ni/kas	νίκη	ni/kh	urn:cite2:hmt:lsj.chicago_md:n111343	n-p---fa-
νίκας	ni/kas	νίκη	ni/kh	urn:cite2:hmt:lsj.chicago_md:n70840	n-s---fg-
νίκας	ni/kas	νίκη	ni/kh	urn:cite2:hmt:lsj.chicago_md:n111343	n-s---fg-
νίκας	ni/kas	νικάω	nika/w	urn:cite2:hmt:lsj.chicago_md:n70839	v2siia---
νίκης	ni/khs	νίκη	ni/kh	urn:cite2:hmt:lsj.chicago_md:n70840	n-s---fg-
νίκης	ni/khs	νίκη	ni/kh	urn:cite2:hmt:lsj.chicago_md:n111343	n-s---fg-
νίκης	ni/khs	νικάω	nika/w	urn:cite2:hmt:lsj.chicago_md:n70839	v2spia---
νίκης	ni/khs	νικάω	nika/w	urn:cite2:hmt:lsj.chicago_md:n70839	v2siia---
νόμον	no/mon	νόμος	no/mos	urn:cite2:hmt:lsj.chicago_md:n71005	n-s---ma-
νόσοι	no/soi	νόσος	no/sos	urn:cite2:hmt:lsj.chicago_md:n71065	n-p---fn-
νόσοι	no/soi	νόσος	no/sos	urn:cite2:hmt:lsj.chicago_md:n71065	n-p---fv-
νόσον	no/son	νόσος	no/sos	urn:cite2:hmt:lsj.chicago_md:n71065	n-s---fa-
νόσος	no/sos	νόσος	no/sos	urn:cite2:hmt:lsj.chicago_md:n71065	n-s---fn-
νόσῳ	no/sw|	νόσος	no/sos	urn:cite2:hmt:lsj.chicago_md:n71065	n-s---fd-
νότου	no/tou	νότος	no/tos	urn:cite2:hmt:lsj.chicago_md:n71101	n-s---mg-
νύμφα	nu/mfa	νύμφη	nu/mfh	urn:cite2:hmt:lsj.chicago_md:n71282	n-d---fn-
νύμφα	nu/mfa	νύμφη	nu/mfh	urn:cite2:hmt:lsj.chicago_md:n71282	n-d---fv-
νύμφα	nu/mfa	νύμφη	nu/mfh	urn:cite2:hmt:lsj.chicago_md:n71282	n-d---fa-
νύμφα	nu/mfa	νύμφη	nu/mfh	urn:cite2:hmt:lsj.chicago_md:n71282	n-s---fn-
νύμφα	nu/mfa	νύμφη	nu/mfh	urn:cite2:hmt:lsj.chicago_md:n71282	n-s---fv-
νύμφαν	nu/mfan	νύμφη	nu/mfh	urn:cite2:hmt:lsj.chicago_md:n71282	n-s---fa-
νύμφας	nu/mfas	νύμφη	nu/mfh	urn:cite2:hmt:lsj.chicago_md:n71282	n-p---fa-
νύμφας	nu/mfas	νύμφη	nu/mfh	urn:cite2:hmt:lsj.chicago_md:n71282	n-s---fg-
νύξ	nu/c	νύξ	nu/c	urn:cite2:hmt:lsj.chicago_md:n71314	n-s---fn-
νύξ	nu/c	νύξ	nu/c	urn:cite2:hmt:lsj.chicago_md:n71314	n-s---fv-
νώτοισι	nw/toisi	νῶτον	nw=ton	urn:cite2:hmt:lsj.chicago_md:n71413	n-p---nd-
νῦν	nu=n	νῦν	nu=n	urn:cite2:hmt:lsj.chicago_md:n71308	d--------
νῶτα	nw=ta	νῶτον	nw=ton	urn:cite2:hmt:lsj.chicago_md:n71413	n-p---nn-
νῶτα	nw=ta	νῶτον	nw=ton	urn:cite2:hmt:lsj.chicago_md:n71413	n-p---nv-
νῶτα	nw=ta	νῶτον	nw=ton	urn:cite2:hmt:lsj.chicago_md:n71413	n-p---na-
ξυλλαβοῦσ’	cullabou=s'	συλλαμβάνω	sullamba/nw	urn:cite2:hmt:lsj.chicago_md:n98173	v-sapafn-
ξυλλαβοῦσ’	cullabou=s'	συλλαμβάνω	sullamba/nw	urn:cite2:hmt:lsj.chicago_md:n98173	v-sapafv-
ξυλλαβοῦσ’	cullabou=s'	συλλαμβάνω	sullamba/nw	urn:cite2:hmt:lsj.chicago_md:n98173	v-papamd-
ξυλλαβοῦσ’	cullabou=s'	συλλαμβάνω	sullamba/nw	urn:cite2:hmt:lsj.chicago_md:n98173	v-papand-
ξυλλαβοῦσ’	cullabou=s'	συλλαμβάνω	sullamba/nw	urn:cite2:hmt:lsj.chicago_md:n98173	v-papafn-
ξυλλαβοῦσ’	cullabou=s'	συλλαμβάνω	sullamba/nw	urn:cite2:hmt:lsj.chicago_md:n98173	v-papafv-
ξυμφοραί	cumforai/	συμφορά	sumfora/	urn:cite2:hmt:lsj.chicago_md:n98925	n-p---fn-
ξυμφοραί	cumforai/	συμφορά	sumfora/	urn:cite2:hmt:lsj.chicago_md:n98925	n-p---fv-
ξυμφορά	cumfora/	συμφορά	sumfora/	urn:cite2:hmt:lsj.chicago_md:n98925	n-d---fn-
ξυμφορά	cumfora/	συμφορά	sumfora/	urn:cite2:hmt:lsj.chicago_md:n98925	n-d---fv-
ξυμφορά	cumfora/	συμφορά	sumfora/	urn:cite2:hmt:lsj.chicago_md:n98925	n-d---fa-
ξυμφορά	cumfora/	συμφορά	sumfora/	urn:cite2:hmt:lsj.chicago_md:n98925	n-s---fn-
ξυμφορά	cumfora/	συμφορά	sumfora/	urn:cite2:hmt:lsj.chicago_md:n98925	n-s---fv-
ξυμφοράν	cumfora/n	συμφορά	sumfora/	urn:cite2:hmt:lsj.chicago_md:n98925	n-s---fa-
ξυμφορᾶς	cumfora=s	συμφορά	sumfora/	urn:cite2:hmt:lsj.chicago_md:n98925	n-s---fg-
ξυμφορᾶς	cumfora=s	συμφορεύς	sumforeu/s	urn:cite2:hmt:lsj.chicago_md:n98928	n-p---ma-
ξυνελθοῦσ’	cunelqou=s'	συνέρχομαι	sune/rxomai	urn:cite2:hmt:lsj.chicago_md:n100410	v-sapafn-
ξυνελθοῦσ’	cunelqou=s'	συνέρχομαι	sune/rxomai	urn:cite2:hmt:lsj.chicago_md:n100410	v-sapafv-
ξυνελθοῦσ’	cunelqou=s'	συνέρχομαι	sune/rxomai	urn:cite2:hmt:lsj.chicago_md:n100410	v-papamd-
ξυνελθοῦσ’	cunelqou=s'	συνέρχομαι	sune/rxomai	urn:cite2:hmt:lsj.chicago_md:n100410	v-papand-
ξυνελθοῦσ’	cunelqou=s'	συνέρχομαι	sune/rxomai	urn:cite2:hmt:lsj.chicago_md:n100410	v-papafn-
ξυνελθοῦσ’	cunelqou=s'	συνέρχομαι	sune/rxomai	urn:cite2:hmt:lsj.chicago_md:n100410	v-papafv-
ξυνεμπόρων	cunempo/rwn	συνέμπορος	sune/mporos	urn:cite2:hmt:lsj.chicago_md:n100055	n-p---mg-
ξυνεμπόρων	cunempo/rwn	συνέμπορος	sune/mporos	urn:cite2:hmt:lsj.chicago_md:n100055	n-p---fg-
ξυνεῖλε	cunei=le	συναιρέω	sunaire/w	urn:cite2:hmt:lsj.chicago_md:n99096	v3saia---
ξυνεῖλε	cunei=le	συναιρέω	sunaire/w	urn:cite2:hmt:lsj.chicago_md:n99096	v3saia---
ξυνηγορεῖς	cunhgorei=s	συνηγορέω	sunhgore/w	urn:cite2:hmt:lsj.chicago_md:n100513	v2spia---
ξυνθήμαθ’	cunqh/maq'	σύνθημα	su/nqhma	urn:cite2:hmt:lsj.chicago_md:n100601	n-p---nn-
ξυνθήμαθ’	cunqh/maq'	σύνθημα	su/nqhma	urn:cite2:hmt:lsj.chicago_md:n100601	n-p---nv-
ξυνθήμαθ’	cunqh/maq'	σύνθημα	su/nqhma	urn:cite2:hmt:lsj.chicago_md:n100601	n-p---na-
ξυνθήμαθ’	cunqh/maq'	σύνθημα	su/nqhma	urn:cite2:hmt:lsj.chicago_md:n100601	n-s---nd-
ξυνθήμαθ’	cunqh/maq'	σύνθημα	su/nqhma	urn:cite2:hmt:lsj.chicago_md:n100601	n-d---nn-
ξυνθήμαθ’	cunqh/maq'	σύνθημα	su/nqhma	urn:cite2:hmt:lsj.chicago_md:n100601	n-d---nv-
ξυνθήμαθ’	cunqh/maq'	σύνθημα	su/nqhma	urn:cite2:hmt:lsj.chicago_md:n100601	n-d---na-
ξυνοικεῖν	cunoikei=n	συνοικέω	sunoike/w	urn:cite2:hmt:lsj.chicago_md:n100778	v--pna---
ξυνοικοῦν	cunoikou=n	συνοικέω	sunoike/w	urn:cite2:hmt:lsj.chicago_md:n100778	v-sppamv-
ξυνοικοῦν	cunoikou=n	συνοικέω	sunoike/w	urn:cite2:hmt:lsj.chicago_md:n100778	v-sppann-
ξυνοικοῦν	cunoikou=n	συνοικέω	sunoike/w	urn:cite2:hmt:lsj.chicago_md:n100778	v-sppanv-
ξυνοικοῦν	cunoikou=n	συνοικέω	sunoike/w	urn:cite2:hmt:lsj.chicago_md:n100778	v-sppana-
ξυνοῦσα	cunou=sa	ξυνόω	cuno/w	urn:cite2:hmt:lsj.chicago_md:n71813	v-sppafn-
ξυνοῦσα	cunou=sa	ξυνόω	cuno/w	urn:cite2:hmt:lsj.chicago_md:n71813	v-sppafv-
ξυνοῦσα	cunou=sa	σύνειμι1	su/neimi	urn:cite2:hmt:lsj.chicago_md:n99858	v-sppafn-
ξυνοῦσα	cunou=sa	σύνειμι1	su/neimi	urn:cite2:hmt:lsj.chicago_md:n99859	v-sppafn-
ξυνοῦσα	cunou=sa	σύνειμι1	su/neimi	urn:cite2:hmt:lsj.chicago_md:n99858	v-sppafv-
ξυνοῦσα	cunou=sa	σύνειμι1	su/neimi	urn:cite2:hmt:lsj.chicago_md:n99859	v-sppafv-
ξυντρέχει	cuntre/xei	συντρέχω	suntre/xw	urn:cite2:hmt:lsj.chicago_md:n101063	v2spie---
ξυντρέχει	cuntre/xei	συντρέχω	suntre/xw	urn:cite2:hmt:lsj.chicago_md:n101063	v3spia---
ξυνέρξων	cune/rcwn	συνέρδω	sune/rdw	urn:cite2:hmt:lsj.chicago_md:n100392	v-sfpamn-
ξυνέρξων	cune/rcwn	συνέργω	sune/rgw	urn:cite2:hmt:lsj.chicago_md:n100391	v-sfpamn-
ξυνήγορα	cunh/gora	συνήγορος	sunh/goros	urn:cite2:hmt:lsj.chicago_md:n100518	n-p---nn-
ξυνήγορα	cunh/gora	συνήγορος	sunh/goros	urn:cite2:hmt:lsj.chicago_md:n100518	n-p---nv-
ξυνήγορα	cunh/gora	συνήγορος	sunh/goros	urn:cite2:hmt:lsj.chicago_md:n100518	n-p---na-
ξυνίημ’	cuni/hm'	συνίημι	suni/hmi	urn:cite2:hmt:lsj.chicago_md:n100673	v1spia---
ξυστᾶσ’	custa=s'	συνίστημι	suni/sthmi	urn:cite2:hmt:lsj.chicago_md:n100693	v-sapafn-
ξυστᾶσ’	custa=s'	συνίστημι	suni/sthmi	urn:cite2:hmt:lsj.chicago_md:n100693	v-sapafv-
ξυστᾶσ’	custa=s'	συνίστημι	suni/sthmi	urn:cite2:hmt:lsj.chicago_md:n100693	v-papamd-
ξυστᾶσ’	custa=s'	συνίστημι	suni/sthmi	urn:cite2:hmt:lsj.chicago_md:n100693	v-papand-
ξυστᾶσ’	custa=s'	συνίστημι	suni/sthmi	urn:cite2:hmt:lsj.chicago_md:n100693	v-papafn-
ξυστᾶσ’	custa=s'	συνίστημι	suni/sthmi	urn:cite2:hmt:lsj.chicago_md:n100693	v-papafv-
ξυστᾶσ’	custa=s'	συνίστημι	suni/sthmi	urn:cite2:hmt:lsj.chicago_md:n100693	v--ana---
ξέναις	ce/nais	ξένη	ce/nh	urn:cite2:hmt:lsj.chicago_md:n71492	n-p---fd-
ξέναις	ce/nais	ξένοσ2	ce/nos	urn:cite2:hmt:lsj.chicago_md:n71544	a-p---fd-
ξένη	ce/nh	ξένη	ce/nh	urn:cite2:hmt:lsj.chicago_md:n71492	n-s---fn-
ξένη	ce/nh	ξένη	ce/nh	urn:cite2:hmt:lsj.chicago_md:n71492	n-s---fv-
ξένη	ce/nh	ξένοσ2	ce/nos	urn:cite2:hmt:lsj.chicago_md:n71544	a-s---fn-
ξένη	ce/nh	ξένοσ2	ce/nos	urn:cite2:hmt:lsj.chicago_md:n71544	a-s---fv-
ξένης	ce/nhs	ξένη	ce/nh	urn:cite2:hmt:lsj.chicago_md:n71492	n-s---fg-
ξένης	ce/nhs	ξένοσ2	ce/nos	urn:cite2:hmt:lsj.chicago_md:n71544	a-s---fg-
ξένον	ce/non	ξένοσ1	ce/nos	urn:cite2:hmt:lsj.chicago_md:n71544	n-s---ma-
ξένον	ce/non	ξένοσ2	ce/nos	urn:cite2:hmt:lsj.chicago_md:n71544	a-s---ma-
ξένον	ce/non	ξένοσ2	ce/nos	urn:cite2:hmt:lsj.chicago_md:n71544	a-s---nn-
ξένον	ce/non	ξένοσ2	ce/nos	urn:cite2:hmt:lsj.chicago_md:n71544	a-s---nv-
ξένον	ce/non	ξένοσ2	ce/nos	urn:cite2:hmt:lsj.chicago_md:n71544	a-s---na-
ξένον	ce/non	ξένοσ2	ce/nos	urn:cite2:hmt:lsj.chicago_md:n71544	n-s---ma-
ξένον	ce/non	ξένοσ2	ce/nos	urn:cite2:hmt:lsj.chicago_md:n71544	n-s---fa-
ξένον	ce/non	ξένοσ2	ce/nos	urn:cite2:hmt:lsj.chicago_md:n71544	n-s---nn-
ξένον	ce/non	ξένοσ2	ce/nos	urn:cite2:hmt:lsj.chicago_md:n71544	n-s---nv-
ξένον	ce/non	ξένοσ2	ce/nos	urn:cite2:hmt:lsj.chicago_md:n71544	n-s---na-
ξένος	ce/nos	ξένοσ1	ce/nos	urn:cite2:hmt:lsj.chicago_md:n71544	n-s---mn-
ξένος	ce/nos	ξένοσ2	ce/nos	urn:cite2:hmt:lsj.chicago_md:n71544	a-s---mn-
ξένος	ce/nos	ξένοσ2	ce/nos	urn:cite2:hmt:lsj.chicago_md:n71544	n-s---mn-
ξένος	ce/nos	ξένοσ2	ce/nos	urn:cite2:hmt:lsj.chicago_md:n71544	n-s---fn-
ξένων	ce/nwn	ξένοσ1	ce/nos	urn:cite2:hmt:lsj.chicago_md:n71544	n-p---mg-
ξένων	ce/nwn	ξένοσ2	ce/nos	urn:cite2:hmt:lsj.chicago_md:n71544	a-p---fg-
ξένων	ce/nwn	ξένοσ2	ce/nos	urn:cite2:hmt:lsj.chicago_md:n71544	a-p---mg-
ξένων	ce/nwn	ξένοσ2	ce/nos	urn:cite2:hmt:lsj.chicago_md:n71544	a-p---ng-
ξένων	ce/nwn	ξένοσ2	ce/nos	urn:cite2:hmt:lsj.chicago_md:n71544	n-p---mg-
ξένων	ce/nwn	ξένοσ2	ce/nos	urn:cite2:hmt:lsj.chicago_md:n71544	n-p---fg-
ξένων	ce/nwn	ξένοσ2	ce/nos	urn:cite2:hmt:lsj.chicago_md:n71544	n-p---ng-
ξένων	ce/nwn	ξενόω	ceno/w	urn:cite2:hmt:lsj.chicago_md:n71563	v3piia---
ξένων	ce/nwn	ξενόω	ceno/w	urn:cite2:hmt:lsj.chicago_md:n71563	v1siia---
ξένῳ	ce/nw|	ξένοσ1	ce/nos	urn:cite2:hmt:lsj.chicago_md:n71544	n-s---md-
ξένῳ	ce/nw|	ξένοσ2	ce/nos	urn:cite2:hmt:lsj.chicago_md:n71544	a-s---md-
ξένῳ	ce/nw|	ξένοσ2	ce/nos	urn:cite2:hmt:lsj.chicago_md:n71544	a-s---nd-
ξένῳ	ce/nw|	ξένοσ2	ce/nos	urn:cite2:hmt:lsj.chicago_md:n71544	n-s---md-
ξένῳ	ce/nw|	ξένοσ2	ce/nos	urn:cite2:hmt:lsj.chicago_md:n71544	n-s---fd-
ξένῳ	ce/nw|	ξένοσ2	ce/nos	urn:cite2:hmt:lsj.chicago_md:n71544	n-s---nd-
ξύλου	cu/lou	ξύλον	cu/lon	urn:cite2:hmt:lsj.chicago_md:n71751	n-s---ng-
ξύλου	cu/lou	ξυλόω	culo/w	urn:cite2:hmt:lsj.chicago_md:n71790	v2spma---
ξύλου	cu/lou	ξυλόω	culo/w	urn:cite2:hmt:lsj.chicago_md:n71790	v3siia---
ξύν	cu/n	σύν	su/n	urn:cite2:hmt:lsj.chicago_md:n99002	r--------
ξύνες	cu/nes	συνίημι	suni/hmi	urn:cite2:hmt:lsj.chicago_md:n100673	v2sama---
ξύνεστιν	cu/nestin	σύνειμι1	su/neimi	urn:cite2:hmt:lsj.chicago_md:n99858	v3spia---
ξύνεστιν	cu/nestin	σύνειμι1	su/neimi	urn:cite2:hmt:lsj.chicago_md:n99859	v3spia---
οἰκετῶν	oi)ketw=n	οἰκέτης	oi)ke/ths	urn:cite2:hmt:lsj.chicago_md:n72268	n-p---mg-
οἰκεῖος	oi)kei=os	οἰκεῖος	oi)kei=os	urn:cite2:hmt:lsj.chicago_md:n72254	a-s---mn-
οἰκεῖος	oi)kei=os	οἰκεῖος	oi)kei=os	urn:cite2:hmt:lsj.chicago_md:n72254	n-s---mn-
οἰκεῖος	oi)kei=os	οἰκεῖος	oi)kei=os	urn:cite2:hmt:lsj.chicago_md:n72254	n-s---fn-
οἰκούρι’	oi)kou/ri'	οἰκούριος	oi)kou/rios	urn:cite2:hmt:lsj.chicago_md:n72380	a-p---nn-
οἰκούρι’	oi)kou/ri'	οἰκούριος	oi)kou/rios	urn:cite2:hmt:lsj.chicago_md:n72380	a-p---nv-
οἰκούρι’	oi)kou/ri'	οἰκούριος	oi)kou/rios	urn:cite2:hmt:lsj.chicago_md:n72380	a-p---na-
οἰκούρι’	oi)kou/ri'	οἰκούριος	oi)kou/rios	urn:cite2:hmt:lsj.chicago_md:n72380	n-p---nn-
οἰκούρι’	oi)kou/ri'	οἰκούριος	oi)kou/rios	urn:cite2:hmt:lsj.chicago_md:n72380	n-p---nv-
οἰκούρι’	oi)kou/ri'	οἰκούριος	oi)kou/rios	urn:cite2:hmt:lsj.chicago_md:n72380	n-p---na-
οἰκούρι’	oi)kou/ri'	οἰκούριος	oi)kou/rios	urn:cite2:hmt:lsj.chicago_md:n72380	a-s---mv-
οἰκούρι’	oi)kou/ri'	οἰκούριος	oi)kou/rios	urn:cite2:hmt:lsj.chicago_md:n72380	n-s---mv-
οἰκούρι’	oi)kou/ri'	οἰκούριος	oi)kou/rios	urn:cite2:hmt:lsj.chicago_md:n72380	n-s---fv-
οἰκούρι’	oi)kou/ri'	οἰκούριος	oi)kou/rios	urn:cite2:hmt:lsj.chicago_md:n72380	a-p---fn-
οἰκούρι’	oi)kou/ri'	οἰκούριος	oi)kou/rios	urn:cite2:hmt:lsj.chicago_md:n72380	a-p---fv-
οἰκτραί	oi)ktrai/	οἰκτρός	oi)ktro/s	urn:cite2:hmt:lsj.chicago_md:n72411	a-p---fn-
οἰκτραί	oi)ktrai/	οἰκτρός	oi)ktro/s	urn:cite2:hmt:lsj.chicago_md:n72411	a-p---fv-
οἰκτρά	oi)ktra/	οἰκτρός	oi)ktro/s	urn:cite2:hmt:lsj.chicago_md:n72411	a-p---nn-
οἰκτρά	oi)ktra/	οἰκτρός	oi)ktro/s	urn:cite2:hmt:lsj.chicago_md:n72411	a-p---nv-
οἰκτρά	oi)ktra/	οἰκτρός	oi)ktro/s	urn:cite2:hmt:lsj.chicago_md:n72411	a-p---na-
οἰκτρά	oi)ktra/	οἰκτρός	oi)ktro/s	urn:cite2:hmt:lsj.chicago_md:n72411	a-d---fn-
οἰκτρά	oi)ktra/	οἰκτρός	oi)ktro/s	urn:cite2:hmt:lsj.chicago_md:n72411	a-d---fv-
οἰκτρά	oi)ktra/	οἰκτρός	oi)ktro/s	urn:cite2:hmt:lsj.chicago_md:n72411	a-d---fa-
οἰκτρά	oi)ktra/	οἰκτρός	oi)ktro/s	urn:cite2:hmt:lsj.chicago_md:n72411	a-s---fn-
οἰκτρά	oi)ktra/	οἰκτρός	oi)ktro/s	urn:cite2:hmt:lsj.chicago_md:n72411	a-s---fv-
οἰκτρόν	oi)ktro/n	οἰκτρός	oi)ktro/s	urn:cite2:hmt:lsj.chicago_md:n72411	a-s---ma-
οἰκτρόν	oi)ktro/n	οἰκτρός	oi)ktro/s	urn:cite2:hmt:lsj.chicago_md:n72411	a-s---nn-
οἰκτρόν	oi)ktro/n	οἰκτρός	oi)ktro/s	urn:cite2:hmt:lsj.chicago_md:n72411	a-s---nv-
οἰκτρόν	oi)ktro/n	οἰκτρός	oi)ktro/s	urn:cite2:hmt:lsj.chicago_md:n72411	a-s---na-
οἰκτρῶς	oi)ktrw=s	οἰκτρός	oi)ktro/s	urn:cite2:hmt:lsj.chicago_md:n72411	x--------
οἰκτίσαι	oi)kti/sai	οἰκτίζω	oi)kti/zw	urn:cite2:hmt:lsj.chicago_md:n72392	v--ana---
οἰκτίσαι	oi)kti/sai	οἰκτίζω	oi)kti/zw	urn:cite2:hmt:lsj.chicago_md:n72392	v3saoa---
οἰκήτορες	oi)kh/tores	οἰκήτωρ	oi)kh/twr	urn:cite2:hmt:lsj.chicago_md:n72286	n-p---mn-
οἰκήτορες	oi)kh/tores	οἰκήτωρ	oi)kh/twr	urn:cite2:hmt:lsj.chicago_md:n72286	n-p---mv-
οἰκήτωρ	oi)kh/twr	οἰκήτωρ	oi)kh/twr	urn:cite2:hmt:lsj.chicago_md:n72286	n-s---mn-
οἰμωγῇ	oi)mwgh=|	οἰμώσσω	oi)mw/ssw	urn:cite2:hmt:lsj.chicago_md:n72443	v3sasp---
οἰμωγῇ	oi)mwgh=|	οἰμωγή	oi)mwgh/	urn:cite2:hmt:lsj.chicago_md:n72434	n-s---fd-
οἰστρηθείς	oi)strhqei/s	οἰστράω	oi)stra/w	urn:cite2:hmt:lsj.chicago_md:n72666	v-sappmn-
οἰστρηθείς	oi)strhqei/s	οἰστράω	oi)stra/w	urn:cite2:hmt:lsj.chicago_md:n72666	v-sappmv-
οἰχόμεσθ’	oi)xo/mesq'	οἴχομαι	oi)/xomai	urn:cite2:hmt:lsj.chicago_md:n72712	v1ppie---
οἰχόμεσθ’	oi)xo/mesq'	οἴχομαι	oi)/xomai	urn:cite2:hmt:lsj.chicago_md:n72712	v1piie---
οἰός	oi)o/s	ὄις	o)/is	urn:cite2:hmt:lsj.chicago_md:n72636	n-s---mg-
οἰός	oi)o/s	ὄις	o)/is	urn:cite2:hmt:lsj.chicago_md:n72636	n-s---fg-
οἱ	oi(	ἕ	e(/	urn:cite2:hmt:lsj.chicago_md:n29856	n-s---md-
οἱ	oi(	ἕ	e(/	urn:cite2:hmt:lsj.chicago_md:n29856	n-s---fd-
οἱ	oi(	ὁ	o(	urn:cite2:hmt:lsj.chicago_md:n71882	l-p---mn-
οἱ	oi(	ὁ	o(	urn:cite2:hmt:lsj.chicago_md:n71882	l-p---mv-
οἴκοι	oi)/koi	ἔοικα	e)/oika	urn:cite2:hmt:lsj.chicago_md:n37776	v3sroa---
οἴκοι	oi)/koi	οἴκοι	oi)/koi	urn:cite2:hmt:lsj.chicago_md:n72340	d--------
οἴκου	oi)/kou	οἶκος	oi)=kos	urn:cite2:hmt:lsj.chicago_md:n72357	n-s---mg-
οἴκους	oi)/kous	οἶκος	oi)=kos	urn:cite2:hmt:lsj.chicago_md:n72357	n-p---ma-
οἴκτου	oi)/ktou	οἶκτος	oi)=ktos	urn:cite2:hmt:lsj.chicago_md:n72401	n-s---mg-
οἴκων	oi)/kwn	οἶκος	oi)=kos	urn:cite2:hmt:lsj.chicago_md:n72357	n-p---mg-
οἴμοι	oi)/moi	οἴμοι	oi)/moi	urn:cite2:hmt:lsj.chicago_md:n72432	x--------
οἴσεις	oi)/seis	φέρω	fe/rw	urn:cite2:hmt:lsj.chicago_md:n110598	v2sfia---
οἴσεις	oi)/seis	οἶσις	oi)=sis	urn:cite2:hmt:lsj.chicago_md:n72643	n-p---fn-
οἴσεις	oi)/seis	οἶσις	oi)=sis	urn:cite2:hmt:lsj.chicago_md:n72643	n-p---fv-
οἴσεις	oi)/seis	οἶσις	oi)=sis	urn:cite2:hmt:lsj.chicago_md:n72643	n-p---fn-
οἴσεις	oi)/seis	οἶσις	oi)=sis	urn:cite2:hmt:lsj.chicago_md:n72643	n-p---fa-
οἴσω	oi)/sw	φέρω	fe/rw	urn:cite2:hmt:lsj.chicago_md:n110598	v1sfia---
οἴχομαι	oi)/xomai	οἴχομαι	oi)/xomai	urn:cite2:hmt:lsj.chicago_md:n72712	v1spie---
οἵ	oi(/	ἕ	e(/	urn:cite2:hmt:lsj.chicago_md:n29856	n-s---md-
οἵ	oi(/	ἕ	e(/	urn:cite2:hmt:lsj.chicago_md:n29856	n-s---fd-
οἵ	oi(/	ὁ	o(	urn:cite2:hmt:lsj.chicago_md:n71882	l-p---mn-
οἵ	oi(/	ὁ	o(	urn:cite2:hmt:lsj.chicago_md:n71882	l-p---mv-
οἵ	oi(/	ὅς	o(/s	urn:cite2:hmt:lsj.chicago_md:n75512	p-p---mn-
οἵ	oi(/	ὅς	o(/s	urn:cite2:hmt:lsj.chicago_md:n75513	p-p---mn-
οἵαις	oi(/ais	οἷος	oi(=os	urn:cite2:hmt:lsj.chicago_md:n72627	a-p---fd-
οἵαν	oi(/an	οἷος	oi(=os	urn:cite2:hmt:lsj.chicago_md:n72627	a-s---fa-
οἵας	oi(/as	οἷος	oi(=os	urn:cite2:hmt:lsj.chicago_md:n72627	a-p---fa-
οἵας	oi(/as	οἷος	oi(=os	urn:cite2:hmt:lsj.chicago_md:n72627	a-s---fg-
οἵων	oi(/wn	οἷος	oi(=os	urn:cite2:hmt:lsj.chicago_md:n72627	a-p---fg-
οἵων	oi(/wn	οἷος	oi(=os	urn:cite2:hmt:lsj.chicago_md:n72627	a-p---mg-
οἵων	oi(/wn	οἷος	oi(=os	urn:cite2:hmt:lsj.chicago_md:n72627	a-p---ng-
οἶδα	oi)=da	οἶδα	oi)=da	urn:cite2:hmt:lsj.chicago_md:n72202	v1sria---
οἶδε	oi)=de	οἶδα	oi)=da	urn:cite2:hmt:lsj.chicago_md:n72202	v3sria---
οἶδεν	oi)=den	οἶδα	oi)=da	urn:cite2:hmt:lsj.chicago_md:n72202	v3sria---
οἶκον	oi)=kon	οἶκος	oi)=kos	urn:cite2:hmt:lsj.chicago_md:n72357	n-s---ma-
οἶκτον	oi)=kton	οἶκτος	oi)=ktos	urn:cite2:hmt:lsj.chicago_md:n72401	n-s---ma-
οἶκτος	oi)=ktos	οἶκτος	oi)=ktos	urn:cite2:hmt:lsj.chicago_md:n72401	n-s---mn-
οἶμαι	oi)=mai	οἴμη	oi)/mh	urn:cite2:hmt:lsj.chicago_md:n72427	n-p---fn-
οἶμαι	oi)=mai	οἴμη	oi)/mh	urn:cite2:hmt:lsj.chicago_md:n72427	n-p---fv-
οἶμαι	oi)=mai	οἴομαι	oi)/omai	urn:cite2:hmt:lsj.chicago_md:n72610	v1spie---
οἶσθα	oi)=sqa	οἶδα	oi)=da	urn:cite2:hmt:lsj.chicago_md:n72202	v2sria---
οἶστρον	oi)=stron	οἶστρος	oi)=stros	urn:cite2:hmt:lsj.chicago_md:n72682	n-s---ma-
οἷ	oi(=	ἕ	e(/	urn:cite2:hmt:lsj.chicago_md:n29856	n-s---md-
οἷ	oi(=	ἕ	e(/	urn:cite2:hmt:lsj.chicago_md:n29856	n-s---fd-
οἷ	oi(=	ὁ	o(	urn:cite2:hmt:lsj.chicago_md:n71882	l-p---mn-
οἷ	oi(=	ὁ	o(	urn:cite2:hmt:lsj.chicago_md:n71882	l-p---mv-
οἷα	oi(=a	οἷος	oi(=os	urn:cite2:hmt:lsj.chicago_md:n72627	a-p---nn-
οἷα	oi(=a	οἷος	oi(=os	urn:cite2:hmt:lsj.chicago_md:n72627	a-p---nv-
οἷα	oi(=a	οἷος	oi(=os	urn:cite2:hmt:lsj.chicago_md:n72627	a-p---na-
οἷον	oi(=on	οἷος	oi(=os	urn:cite2:hmt:lsj.chicago_md:n72627	a-s---ma-
οἷον	oi(=on	οἷος	oi(=os	urn:cite2:hmt:lsj.chicago_md:n72627	a-s---nn-
οἷον	oi(=on	οἷος	oi(=os	urn:cite2:hmt:lsj.chicago_md:n72627	a-s---nv-
οἷον	oi(=on	οἷος	oi(=os	urn:cite2:hmt:lsj.chicago_md:n72627	a-s---na-
οἷος	oi(=os	οἷος	oi(=os	urn:cite2:hmt:lsj.chicago_md:n72627	a-s---mn-
οἷς	oi(=s	ὅς	o(/s	urn:cite2:hmt:lsj.chicago_md:n75512	p-p---md-
οἷς	oi(=s	ὅς	o(/s	urn:cite2:hmt:lsj.chicago_md:n75513	p-p---md-
οἷς	oi(=s	ὅς	o(/s	urn:cite2:hmt:lsj.chicago_md:n75512	p-p---nd-
οἷς	oi(=s	ὅς	o(/s	urn:cite2:hmt:lsj.chicago_md:n75513	p-p---nd-
οἷά	oi(=a/	οἷος	oi(=os	urn:cite2:hmt:lsj.chicago_md:n72627	a-p---nn-
οἷά	oi(=a/	οἷος	oi(=os	urn:cite2:hmt:lsj.chicago_md:n72627	a-p---nv-
οἷά	oi(=a/	οἷος	oi(=os	urn:cite2:hmt:lsj.chicago_md:n72627	a-p---na-
οἷόν	oi(=o/n	οἷος	oi(=os	urn:cite2:hmt:lsj.chicago_md:n72627	a-s---ma-
οἷόν	oi(=o/n	οἷος	oi(=os	urn:cite2:hmt:lsj.chicago_md:n72627	a-s---nn-
οἷόν	oi(=o/n	οἷος	oi(=os	urn:cite2:hmt:lsj.chicago_md:n72627	a-s---nv-
οἷόν	oi(=o/n	οἷος	oi(=os	urn:cite2:hmt:lsj.chicago_md:n72627	a-s---na-
οὐ	ou)	οὐ	ou)	urn:cite2:hmt:lsj.chicago_md:n75730	d--------
οὐδαμά	ou)dama/	οὐδαμός	ou)damo/s	urn:cite2:hmt:lsj.chicago_md:n75759	a-p---nn-
οὐδαμά	ou)dama/	οὐδαμός	ou)damo/s	urn:cite2:hmt:lsj.chicago_md:n75759	a-p---nv-
οὐδαμά	ou)dama/	οὐδαμός	ou)damo/s	urn:cite2:hmt:lsj.chicago_md:n75759	a-p---na-
οὐδαμά	ou)dama/	οὐδαμός	ou)damo/s	urn:cite2:hmt:lsj.chicago_md:n75759	a-d---fn-
οὐδαμά	ou)dama/	οὐδαμός	ou)damo/s	urn:cite2:hmt:lsj.chicago_md:n75759	a-d---fv-
οὐδαμά	ou)dama/	οὐδαμός	ou)damo/s	urn:cite2:hmt:lsj.chicago_md:n75759	a-d---fa-
οὐδαμά	ou)dama/	οὐδαμός	ou)damo/s	urn:cite2:hmt:lsj.chicago_md:n75759	a-s---fn-
οὐδαμά	ou)dama/	οὐδαμός	ou)damo/s	urn:cite2:hmt:lsj.chicago_md:n75759	a-s---fv-
οὐδενός	ou)deno/s	οὐδείς	ou)dei/s	urn:cite2:hmt:lsj.chicago_md:n75765	n-s----g-
οὐδείς	ou)dei/s	οὐδείς	ou)dei/s	urn:cite2:hmt:lsj.chicago_md:n75765	n-s---mn-
οὐδείς	ou)dei/s	οὐδείς	ou)dei/s	urn:cite2:hmt:lsj.chicago_md:n75765	n-s---mv-
οὐδέ	ou)de/	οὐδέ	ou)de/	urn:cite2:hmt:lsj.chicago_md:n75764	g--------
οὐδέ	ou)de/	οὐδόσ1	ou)do/s	urn:cite2:hmt:lsj.chicago_md:n75787	n-s---mv-
οὐδέ	ou)de/	οὐδόσ1	ou)do/s	urn:cite2:hmt:lsj.chicago_md:n75788	n-s---mv-
οὐδέ	ou)de/	οὐδόσ2	ou)do/s	urn:cite2:hmt:lsj.chicago_md:n75787	n-s---fv-
οὐδέ	ou)de/	οὐδόσ2	ou)do/s	urn:cite2:hmt:lsj.chicago_md:n75788	n-s---fv-
οὐδέν	ou)de/n	οὐδείς	ou)dei/s	urn:cite2:hmt:lsj.chicago_md:n75765	n-s---nn-
οὐδέν	ou)de/n	οὐδείς	ou)dei/s	urn:cite2:hmt:lsj.chicago_md:n75765	n-s---nv-
οὐδέν	ou)de/n	οὐδείς	ou)dei/s	urn:cite2:hmt:lsj.chicago_md:n75765	n-s---na-
οὐκ	ou)k	οὐ	ou)	urn:cite2:hmt:lsj.chicago_md:n75730	d--------
οὐκέτι	ou)ke/ti	οὐκέτι	ou)ke/ti	urn:cite2:hmt:lsj.chicago_md:n75808	d--------
οὐσίας	ou)si/as	οὐσία	ou)si/a	urn:cite2:hmt:lsj.chicago_md:n76029	n-p---fa-
οὐσίας	ou)si/as	οὐσία	ou)si/a	urn:cite2:hmt:lsj.chicago_md:n76029	n-s---fg-
οὐχ	ou)x	οὐ	ou)	urn:cite2:hmt:lsj.chicago_md:n75730	d--------
οὐχί	ou)xi/	οὐ	ou)	urn:cite2:hmt:lsj.chicago_md:n75730	d--------
οὑπάγων	ou(pa/gwn	ἐπάγω	e)pa/gw	urn:cite2:hmt:lsj.chicago_md:n37851	v-sppamn-
οὑπάγων	ou(pa/gwn	ὑπάγω	u(pa/gw	urn:cite2:hmt:lsj.chicago_md:n106796	v-sppamn-
οὔ	ou)/	οὐ	ou)	urn:cite2:hmt:lsj.chicago_md:n75730	d--------
οὔθ’	ou)/q'	οὔτε	ou)/te	urn:cite2:hmt:lsj.chicago_md:n76050	d--------
οὔθ’	ou)/q'	οὔτις	ou)/tis	urn:cite2:hmt:lsj.chicago_md:n76059	n-s---nn-
οὔθ’	ou)/q'	οὔτις	ou)/tis	urn:cite2:hmt:lsj.chicago_md:n76059	n-s---nv-
οὔθ’	ou)/q'	οὔτις	ou)/tis	urn:cite2:hmt:lsj.chicago_md:n76059	n-s---na-
οὔκ	ou)/k	οὐ	ou)	urn:cite2:hmt:lsj.chicago_md:n75730	d--------
οὔκουν	ou)/koun	οὔκουν	ou)/koun	urn:cite2:hmt:lsj.chicago_md:n75810	d--------
οὔποτε	ou)/pote	οὔποτε	ou)/pote	urn:cite2:hmt:lsj.chicago_md:n75903	d--------
οὔποτ’	ou)/pot'	οὔποτε	ou)/pote	urn:cite2:hmt:lsj.chicago_md:n75903	d--------
οὔπω	ou)/pw	οὔπω	ou)/pw	urn:cite2:hmt:lsj.chicago_md:n75907	d--------
οὔτε	ou)/te	οὔτε	ou)/te	urn:cite2:hmt:lsj.chicago_md:n76050	d--------
οὔτ’	ou)/t'	οὔτε	ou)/te	urn:cite2:hmt:lsj.chicago_md:n76050	d--------
οὔτ’	ou)/t'	οὔτις	ou)/tis	urn:cite2:hmt:lsj.chicago_md:n76059	n-s---nn-
οὔτ’	ou)/t'	οὔτις	ou)/tis	urn:cite2:hmt:lsj.chicago_md:n76059	n-s---nv-
οὔτ’	ou)/t'	οὔτις	ou)/tis	urn:cite2:hmt:lsj.chicago_md:n76059	n-s---na-
οὕνεκα	ou(/neka	οὕνεκα	ou(/neka	urn:cite2:hmt:lsj.chicago_md:n75890	c--------
οὕς	ou(/s	ὅς	o(/s	urn:cite2:hmt:lsj.chicago_md:n75512	p-p---ma-
οὕς	ou(/s	ὅς	o(/s	urn:cite2:hmt:lsj.chicago_md:n75513	p-p---ma-
οὕστινάς	ou(/stina/s	ὅστις	o(/stis	urn:cite2:hmt:lsj.chicago_md:n75598	p-p---ma-
οὕτω	ou(/tw	οὕτως	ou(/tws	urn:cite2:hmt:lsj.chicago_md:n76063	d--------
οὕτως	ou(/tws	οὕτως	ou(/tws	urn:cite2:hmt:lsj.chicago_md:n76063	d--------
οὕτῶ	ou(/tw=	οὕτως	ou(/tws	urn:cite2:hmt:lsj.chicago_md:n76063	d--------
οὖν	ou)=n	οὖν	ou)=n	urn:cite2:hmt:lsj.chicago_md:n75887	g--------
οὖρον	ou)=ron	ὅρος	o(/ros	urn:cite2:hmt:lsj.chicago_md:n75308	n-s---ma-
οὖρον	ou)=ron	οὖρον1	ou)=ron	urn:cite2:hmt:lsj.chicago_md:n76017	n-s---nn-
οὖρον	ou)=ron	οὖρον1	ou)=ron	urn:cite2:hmt:lsj.chicago_md:n76018	n-s---nn-
οὖρον	ou)=ron	οὖρον1	ou)=ron	urn:cite2:hmt:lsj.chicago_md:n76017	n-s---nv-
οὖρον	ou)=ron	οὖρον1	ou)=ron	urn:cite2:hmt:lsj.chicago_md:n76018	n-s---nv-
οὖρον	ou)=ron	οὖρον1	ou)=ron	urn:cite2:hmt:lsj.chicago_md:n76017	n-s---na-
οὖρον	ou)=ron	οὖρον1	ou)=ron	urn:cite2:hmt:lsj.chicago_md:n76018	n-s---na-
οὖρον	ou)=ron	οὖρον2	ou)=ron	urn:cite2:hmt:lsj.chicago_md:n76017	n-s---nn-
οὖρον	ou)=ron	οὖρον2	ou)=ron	urn:cite2:hmt:lsj.chicago_md:n76018	n-s---nn-
οὖρον	ou)=ron	οὖρον2	ou)=ron	urn:cite2:hmt:lsj.chicago_md:n76017	n-s---nv-
οὖρον	ou)=ron	οὖρον2	ou)=ron	urn:cite2:hmt:lsj.chicago_md:n76018	n-s---nv-
οὖρον	ou)=ron	οὖρον2	ou)=ron	urn:cite2:hmt:lsj.chicago_md:n76017	n-s---na-
οὖρον	ou)=ron	οὖρον2	ou)=ron	urn:cite2:hmt:lsj.chicago_md:n76018	n-s---na-
οὖρον	ou)=ron	οὖροσ1	ou)=ros	urn:cite2:hmt:lsj.chicago_md:n76020	n-s---ma-
οὖρον	ou)=ron	οὖροσ1	ou)=ros	urn:cite2:hmt:lsj.chicago_md:n76021	n-s---ma-
οὖρον	ou)=ron	οὖροσ1	ou)=ros	urn:cite2:hmt:lsj.chicago_md:n76021a	n-s---ma-
οὖρον	ou)=ron	οὖροσ1	ou)=ros	urn:cite2:hmt:lsj.chicago_md:n76021b	n-s---ma-
οὖρον	ou)=ron	οὖροσ1	ou)=ros	urn:cite2:hmt:lsj.chicago_md:n76022	n-s---ma-
οὖρον	ou)=ron	οὖροσ1	ou)=ros	urn:cite2:hmt:lsj.chicago_md:n76023	n-s---ma-
οὖρον	ou)=ron	οὖροσ2	ou)=ros	urn:cite2:hmt:lsj.chicago_md:n76020	n-s---ma-
οὖρον	ou)=ron	οὖροσ2	ou)=ros	urn:cite2:hmt:lsj.chicago_md:n76021	n-s---ma-
οὖρον	ou)=ron	οὖροσ2	ou)=ros	urn:cite2:hmt:lsj.chicago_md:n76021a	n-s---ma-
οὖρον	ou)=ron	οὖροσ2	ou)=ros	urn:cite2:hmt:lsj.chicago_md:n76021b	n-s---ma-
οὖρον	ou)=ron	οὖροσ2	ou)=ros	urn:cite2:hmt:lsj.chicago_md:n76022	n-s---ma-
οὖρον	ou)=ron	οὖροσ2	ou)=ros	urn:cite2:hmt:lsj.chicago_md:n76023	n-s---ma-
οὖρον	ou)=ron	οὖροσ3	ou)=ros	urn:cite2:hmt:lsj.chicago_md:n76020	n-s---ma-
οὖρον	ou)=ron	οὖροσ3	ou)=ros	urn:cite2:hmt:lsj.chicago_md:n76021	n-s---ma-
οὖρον	ou)=ron	οὖροσ3	ou)=ros	urn:cite2:hmt:lsj.chicago_md:n76021a	n-s---ma-
οὖρον	ou)=ron	οὖροσ3	ou)=ros	urn:cite2:hmt:lsj.chicago_md:n76021b	n-s---ma-
οὖρον	ou)=ron	οὖροσ3	ou)=ros	urn:cite2:hmt:lsj.chicago_md:n76022	n-s---ma-
οὖρον	ou)=ron	οὖροσ3	ou)=ros	urn:cite2:hmt:lsj.chicago_md:n76023	n-s---ma-
οὖρον	ou)=ron	οὖροσ4	ou)=ros	urn:cite2:hmt:lsj.chicago_md:n76020	n-s---ma-
οὖρον	ou)=ron	οὖροσ4	ou)=ros	urn:cite2:hmt:lsj.chicago_md:n76021	n-s---ma-
οὖρον	ou)=ron	οὖροσ4	ou)=ros	urn:cite2:hmt:lsj.chicago_md:n76021a	n-s---ma-
οὖρον	ou)=ron	οὖροσ4	ou)=ros	urn:cite2:hmt:lsj.chicago_md:n76021b	n-s---ma-
οὖρον	ou)=ron	οὖροσ4	ou)=ros	urn:cite2:hmt:lsj.chicago_md:n76022	n-s---ma-
οὖρον	ou)=ron	οὖροσ4	ou)=ros	urn:cite2:hmt:lsj.chicago_md:n76023	n-s---ma-
οὖρος	ou)=ros	ὅρος	o(/ros	urn:cite2:hmt:lsj.chicago_md:n75308	n-s---mn-
οὖρος	ou)=ros	ὄρος	o)/ros	urn:cite2:hmt:lsj.chicago_md:n75306	n-s---nn-
οὖρος	ou)=ros	ὄρος	o)/ros	urn:cite2:hmt:lsj.chicago_md:n75306	n-s---nv-
οὖρος	ou)=ros	ὄρος	o)/ros	urn:cite2:hmt:lsj.chicago_md:n75306	n-s---na-
οὖρος	ou)=ros	οὖροσ1	ou)=ros	urn:cite2:hmt:lsj.chicago_md:n76020	n-s---mn-
οὖρος	ou)=ros	οὖροσ1	ou)=ros	urn:cite2:hmt:lsj.chicago_md:n76021	n-s---mn-
οὖρος	ou)=ros	οὖροσ1	ou)=ros	urn:cite2:hmt:lsj.chicago_md:n76021a	n-s---mn-
οὖρος	ou)=ros	οὖροσ1	ou)=ros	urn:cite2:hmt:lsj.chicago_md:n76021b	n-s---mn-
οὖρος	ou)=ros	οὖροσ1	ou)=ros	urn:cite2:hmt:lsj.chicago_md:n76022	n-s---mn-
οὖρος	ou)=ros	οὖροσ1	ou)=ros	urn:cite2:hmt:lsj.chicago_md:n76023	n-s---mn-
οὖρος	ou)=ros	οὖροσ2	ou)=ros	urn:cite2:hmt:lsj.chicago_md:n76020	n-s---mn-
οὖρος	ou)=ros	οὖροσ2	ou)=ros	urn:cite2:hmt:lsj.chicago_md:n76021	n-s---mn-
οὖρος	ou)=ros	οὖροσ2	ou)=ros	urn:cite2:hmt:lsj.chicago_md:n76021a	n-s---mn-
οὖρος	ou)=ros	οὖροσ2	ou)=ros	urn:cite2:hmt:lsj.chicago_md:n76021b	n-s---mn-
οὖρος	ou)=ros	οὖροσ2	ou)=ros	urn:cite2:hmt:lsj.chicago_md:n76022	n-s---mn-
οὖρος	ou)=ros	οὖροσ2	ou)=ros	urn:cite2:hmt:lsj.chicago_md:n76023	n-s---mn-
οὖρος	ou)=ros	οὖροσ3	ou)=ros	urn:cite2:hmt:lsj.chicago_md:n76020	n-s---mn-
οὖρος	ou)=ros	οὖροσ3	ou)=ros	urn:cite2:hmt:lsj.chicago_md:n76021	n-s---mn-
οὖρος	ou)=ros	οὖροσ3	ou)=ros	urn:cite2:hmt:lsj.chicago_md:n76021a	n-s---mn-
οὖρος	ou)=ros	οὖροσ3	ou)=ros	urn:cite2:hmt:lsj.chicago_md:n76021b	n-s---mn-
οὖρος	ou)=ros	οὖροσ3	ou)=ros	urn:cite2:hmt:lsj.chicago_md:n76022	n-s---mn-
οὖρος	ou)=ros	οὖροσ3	ou)=ros	urn:cite2:hmt:lsj.chicago_md:n76023	n-s---mn-
οὖρος	ou)=ros	οὖροσ4	ou)=ros	urn:cite2:hmt:lsj.chicago_md:n76020	n-s---mn-
οὖρος	ou)=ros	οὖροσ4	ou)=ros	urn:cite2:hmt:lsj.chicago_md:n76021	n-s---mn-
οὖρος	ou)=ros	οὖροσ4	ou)=ros	urn:cite2:hmt:lsj.chicago_md:n76021a	n-s---mn-
οὖρος	ou)=ros	οὖροσ4	ou)=ros	urn:cite2:hmt:lsj.chicago_md:n76021b	n-s---mn-
οὖρος	ou)=ros	οὖροσ4	ou)=ros	urn:cite2:hmt:lsj.chicago_md:n76022	n-s---mn-
οὖρος	ou)=ros	οὖροσ4	ou)=ros	urn:cite2:hmt:lsj.chicago_md:n76023	n-s---mn-
οὖσα	ou)=sa	εἰμί	ei)mi/	urn:cite2:hmt:lsj.chicago_md:n31130	v-sppafn-
οὖσα	ou)=sa	εἰμί	ei)mi/	urn:cite2:hmt:lsj.chicago_md:n31130	v-sppafv-
οὖσα	ou)=sa	οὖσον	ou)=son	urn:cite2:hmt:lsj.chicago_md:n76045	n-p---nn-
οὖσα	ou)=sa	οὖσον	ou)=son	urn:cite2:hmt:lsj.chicago_md:n76045	n-p---nv-
οὖσα	ou)=sa	οὖσον	ou)=son	urn:cite2:hmt:lsj.chicago_md:n76045	n-p---na-
οὖσαι	ou)=sai	εἰμί	ei)mi/	urn:cite2:hmt:lsj.chicago_md:n31130	v-pppafn-
οὖσαι	ou)=sai	εἰμί	ei)mi/	urn:cite2:hmt:lsj.chicago_md:n31130	v-pppafv-
οὖσιν	ou)=sin	εἰμί	ei)mi/	urn:cite2:hmt:lsj.chicago_md:n31130	v-pppamd-
οὖσιν	ou)=sin	εἰμί	ei)mi/	urn:cite2:hmt:lsj.chicago_md:n31130	v-pppand-
οὗ	ou(=	ἕ	e(/	urn:cite2:hmt:lsj.chicago_md:n29856	n-s---mg-
οὗ	ou(=	ἕ	e(/	urn:cite2:hmt:lsj.chicago_md:n29856	n-s---fg-
οὗ	ou(=	ἵημι	i(/hmi	urn:cite2:hmt:lsj.chicago_md:n50165	v--amm---
οὗ	ou(=	ὅς	o(/s	urn:cite2:hmt:lsj.chicago_md:n75512	p-s---mg-
οὗ	ou(=	ὅς	o(/s	urn:cite2:hmt:lsj.chicago_md:n75513	p-s---mg-
οὗ	ou(=	ὅς	o(/s	urn:cite2:hmt:lsj.chicago_md:n75512	p-s---ng-
οὗ	ou(=	ὅς	o(/s	urn:cite2:hmt:lsj.chicago_md:n75513	p-s---ng-
οὗ	ou(=	οὗ	ou(=	urn:cite2:hmt:lsj.chicago_md:n75731	d--------
οὗ	ou(=	οὗ	ou(=	urn:cite2:hmt:lsj.chicago_md:n75732	d--------
οὗτος	ou(=tos	οὗτος	ou(=tos	urn:cite2:hmt:lsj.chicago_md:n76062	n-s---mn-
οὗτος	ou(=tos	οὗτος	ou(=tos	urn:cite2:hmt:lsj.chicago_md:n76062	n-s---mv-
παγκάκιστε	pagka/kiste	πάγκακος	pa/gkakos	urn:cite2:hmt:lsj.chicago_md:n76443	a-s---mv-
παγκόνιτά	pagko/nita/	παγκόνιτος	pagko/nitos	urn:cite2:hmt:lsj.chicago_md:n76463	n-p---nn-
παγκόνιτά	pagko/nita/	παγκόνιτος	pagko/nitos	urn:cite2:hmt:lsj.chicago_md:n76463	n-p---nv-
παγκόνιτά	pagko/nita/	παγκόνιτος	pagko/nitos	urn:cite2:hmt:lsj.chicago_md:n76463	n-p---na-
παγχρίστῳ	pagxri/stw|	πάγχριστος	pa/gxristos	urn:cite2:hmt:lsj.chicago_md:n76497	n-s---md-
παγχρίστῳ	pagxri/stw|	πάγχριστος	pa/gxristos	urn:cite2:hmt:lsj.chicago_md:n76497	n-s---fd-
παγχρίστῳ	pagxri/stw|	πάγχριστος	pa/gxristos	urn:cite2:hmt:lsj.chicago_md:n76497	n-s---nd-
παγά	paga/	πηγή	phgh/	urn:cite2:hmt:lsj.chicago_md:n82881	n-d---fn-
παγά	paga/	πηγή	phgh/	urn:cite2:hmt:lsj.chicago_md:n82881	n-d---fv-
παγά	paga/	πηγή	phgh/	urn:cite2:hmt:lsj.chicago_md:n82881	n-d---fa-
παγά	paga/	πηγή	phgh/	urn:cite2:hmt:lsj.chicago_md:n82881	n-s---fn-
παγά	paga/	πηγή	phgh/	urn:cite2:hmt:lsj.chicago_md:n82881	n-s---fv-
παθοῦσα	paqou=sa	πάσχω	pa/sxw	urn:cite2:hmt:lsj.chicago_md:n79983	v-sapafn-
παθοῦσα	paqou=sa	πάσχω	pa/sxw	urn:cite2:hmt:lsj.chicago_md:n79983	v-sapafv-
παιδεύεις	paideu/eis	παιδεύω	paideu/w	urn:cite2:hmt:lsj.chicago_md:n76586	v2spia---
παιδί	paidi/	παῖς	pai=s	urn:cite2:hmt:lsj.chicago_md:n76703	n-s---md-
παιδί	paidi/	παῖς	pai=s	urn:cite2:hmt:lsj.chicago_md:n76703	n-s---fd-
παισί	paisi/	παῖς	pai=s	urn:cite2:hmt:lsj.chicago_md:n76703	n-p---md-
παισί	paisi/	παῖς	pai=s	urn:cite2:hmt:lsj.chicago_md:n76703	n-p---fd-
παισίν	paisi/n	παῖς	pai=s	urn:cite2:hmt:lsj.chicago_md:n76703	n-p---md-
παισίν	paisi/n	παῖς	pai=s	urn:cite2:hmt:lsj.chicago_md:n76703	n-p---fd-
παιώνιον	paiw/nion	Παιώνιοσ2	*paiw/nios	urn:cite2:hmt:lsj.chicago_md:n76722	n-s---ma-
παιώνιον	paiw/nion	παιώνιος	paiw/nios	urn:cite2:hmt:lsj.chicago_md:n76722	a-s---ma-
παιώνιον	paiw/nion	παιώνιος	paiw/nios	urn:cite2:hmt:lsj.chicago_md:n76722	a-s---nn-
παιώνιον	paiw/nion	παιώνιος	paiw/nios	urn:cite2:hmt:lsj.chicago_md:n76722	a-s---nv-
παιώνιον	paiw/nion	παιώνιος	paiw/nios	urn:cite2:hmt:lsj.chicago_md:n76722	a-s---na-
παιᾶνα	paia=na	Παιάν	*paia/n	urn:cite2:hmt:lsj.chicago_md:n76532	n-s---ma-
παιᾶν’	paia=n'	Παιάν	*paia/n	urn:cite2:hmt:lsj.chicago_md:n76532	n-s---ma-
παιᾶν’	paia=n'	Παιάν	*paia/n	urn:cite2:hmt:lsj.chicago_md:n76532	n-s---md-
παιᾶν’	paia=n'	Παιάν	*paia/n	urn:cite2:hmt:lsj.chicago_md:n76532	n-d---mn-
παιᾶν’	paia=n'	Παιάν	*paia/n	urn:cite2:hmt:lsj.chicago_md:n76532	n-d---mv-
παιᾶν’	paia=n'	Παιάν	*paia/n	urn:cite2:hmt:lsj.chicago_md:n76532	n-d---ma-
παλαιφάτου	palaifa/tou	παλαίφατος	palai/fatos	urn:cite2:hmt:lsj.chicago_md:n76799	n-s---mg-
παλαιφάτου	palaifa/tou	παλαίφατος	palai/fatos	urn:cite2:hmt:lsj.chicago_md:n76799	n-s---fg-
παλαιφάτου	palaifa/tou	παλαίφατος	palai/fatos	urn:cite2:hmt:lsj.chicago_md:n76799	n-s---ng-
παλαιάν	palaia/n	παλαιός	palaio/s	urn:cite2:hmt:lsj.chicago_md:n76765	a-s---fa-
παλαιόν	palaio/n	παλαιός	palaio/s	urn:cite2:hmt:lsj.chicago_md:n76765	a-s---ma-
παλαιόν	palaio/n	παλαιός	palaio/s	urn:cite2:hmt:lsj.chicago_md:n76765	a-s---nn-
παλαιόν	palaio/n	παλαιός	palaio/s	urn:cite2:hmt:lsj.chicago_md:n76765	a-s---nv-
παλαιόν	palaio/n	παλαιός	palaio/s	urn:cite2:hmt:lsj.chicago_md:n76765	a-s---na-
παλαμναῖον	palamnai=on	παλαμναῖος	palamnai=os	urn:cite2:hmt:lsj.chicago_md:n76809	a-s---ma-
παλαμναῖον	palamnai=on	παλαμναῖος	palamnai=os	urn:cite2:hmt:lsj.chicago_md:n76809	a-s---nn-
παλαμναῖον	palamnai=on	παλαμναῖος	palamnai=os	urn:cite2:hmt:lsj.chicago_md:n76809	a-s---nv-
παλαμναῖον	palamnai=on	παλαμναῖος	palamnai=os	urn:cite2:hmt:lsj.chicago_md:n76809	a-s---na-
παλίντονα	pali/ntona	παλίντονος	pali/ntonos	urn:cite2:hmt:lsj.chicago_md:n76965	n-p---nn-
παλίντονα	pali/ntona	παλίντονος	pali/ntonos	urn:cite2:hmt:lsj.chicago_md:n76965	n-p---nv-
παλίντονα	pali/ntona	παλίντονος	pali/ntonos	urn:cite2:hmt:lsj.chicago_md:n76965	n-p---na-
πανδάκρυτ’	panda/krut'	πανδάκρυτος	panda/krutos	urn:cite2:hmt:lsj.chicago_md:n77293	n-p---nn-
πανδάκρυτ’	panda/krut'	πανδάκρυτος	panda/krutos	urn:cite2:hmt:lsj.chicago_md:n77293	n-p---nv-
πανδάκρυτ’	panda/krut'	πανδάκρυτος	panda/krutos	urn:cite2:hmt:lsj.chicago_md:n77293	n-p---na-
πανδάκρυτ’	panda/krut'	πανδάκρυτος	panda/krutos	urn:cite2:hmt:lsj.chicago_md:n77293	n-s---mv-
πανδάκρυτ’	panda/krut'	πανδάκρυτος	panda/krutos	urn:cite2:hmt:lsj.chicago_md:n77293	n-s---fv-
πανδίκως	pandi/kws	πάνδικος	pa/ndikos	urn:cite2:hmt:lsj.chicago_md:n77312	x--------
πανδίκως	pandi/kws	πάνδικος	pa/ndikos	urn:cite2:hmt:lsj.chicago_md:n77312	n-p---ma-
πανδίκως	pandi/kws	πάνδικος	pa/ndikos	urn:cite2:hmt:lsj.chicago_md:n77312	n-p---fa-
πανδίκῳ	pandi/kw|	πάνδικος	pa/ndikos	urn:cite2:hmt:lsj.chicago_md:n77312	n-s---md-
πανδίκῳ	pandi/kw|	πάνδικος	pa/ndikos	urn:cite2:hmt:lsj.chicago_md:n77312	n-s---fd-
πανδίκῳ	pandi/kw|	πάνδικος	pa/ndikos	urn:cite2:hmt:lsj.chicago_md:n77312	n-s---nd-
παντᾷ	panta=|	πάντῃ	pa/nth|	urn:cite2:hmt:lsj.chicago_md:n77613	d--------
πανυστάτην	panusta/thn	πανύστατος	panu/statos	urn:cite2:hmt:lsj.chicago_md:n77706	a-s---fa-
πανίμερος	pani/meros	πανίμερος	pani/meros	urn:cite2:hmt:lsj.chicago_md:n77460	n-s---mn-
πανίμερος	pani/meros	πανίμερος	pani/meros	urn:cite2:hmt:lsj.chicago_md:n77460	n-s---fn-
παραινέσαι	paraine/sai	παραινέω	paraine/w	urn:cite2:hmt:lsj.chicago_md:n78056	v--ana---
παραινέσαι	paraine/sai	παραινέω	paraine/w	urn:cite2:hmt:lsj.chicago_md:n78056	v3saoa---
παραναιετάοντες	paranaieta/ontes	παραναιετάω	paranaieta/w	urn:cite2:hmt:lsj.chicago_md:n78460	v-pppamn-
παραναιετάοντες	paranaieta/ontes	παραναιετάω	paranaieta/w	urn:cite2:hmt:lsj.chicago_md:n78460	v-pppamv-
παραστάς	parasta/s	παραστάς	parasta/s	urn:cite2:hmt:lsj.chicago_md:n78804	n-s---fn-
παραστάς	parasta/s	παρίστημι	pari/sthmi	urn:cite2:hmt:lsj.chicago_md:n79634	v-sapamn-
παραστάς	parasta/s	παρίστημι	pari/sthmi	urn:cite2:hmt:lsj.chicago_md:n79634	v-sapamv-
παραστάτις	parasta/tis	παραστάτις	parasta/tis	urn:cite2:hmt:lsj.chicago_md:n78810	n-s---fn-
παρασχών	parasxw/n	παρέχω	pare/xw	urn:cite2:hmt:lsj.chicago_md:n79526	v-sapamn-
παρελθόντ’	parelqo/nt'	παρέρχομαι	pare/rxomai	urn:cite2:hmt:lsj.chicago_md:n79484	v-papann-
παρελθόντ’	parelqo/nt'	παρέρχομαι	pare/rxomai	urn:cite2:hmt:lsj.chicago_md:n79484	v-papanv-
παρελθόντ’	parelqo/nt'	παρέρχομαι	pare/rxomai	urn:cite2:hmt:lsj.chicago_md:n79484	v-papana-
παρελθόντ’	parelqo/nt'	παρέρχομαι	pare/rxomai	urn:cite2:hmt:lsj.chicago_md:n79484	v-sapama-
παρελθόντ’	parelqo/nt'	παρέρχομαι	pare/rxomai	urn:cite2:hmt:lsj.chicago_md:n79484	v-sapamd-
παρελθόντ’	parelqo/nt'	παρέρχομαι	pare/rxomai	urn:cite2:hmt:lsj.chicago_md:n79484	v-sapand-
παρελθόντ’	parelqo/nt'	παρέρχομαι	pare/rxomai	urn:cite2:hmt:lsj.chicago_md:n79484	v-dapamn-
παρελθόντ’	parelqo/nt'	παρέρχομαι	pare/rxomai	urn:cite2:hmt:lsj.chicago_md:n79484	v-dapamv-
παρελθόντ’	parelqo/nt'	παρέρχομαι	pare/rxomai	urn:cite2:hmt:lsj.chicago_md:n79484	v-dapama-
παρελθόντ’	parelqo/nt'	παρέρχομαι	pare/rxomai	urn:cite2:hmt:lsj.chicago_md:n79484	v-dapann-
παρελθόντ’	parelqo/nt'	παρέρχομαι	pare/rxomai	urn:cite2:hmt:lsj.chicago_md:n79484	v-dapanv-
παρελθόντ’	parelqo/nt'	παρέρχομαι	pare/rxomai	urn:cite2:hmt:lsj.chicago_md:n79484	v-dapana-
παρεμνήσω	paremnh/sw	παραμιμνήσκομαι	paramimnh/skomai	urn:cite2:hmt:lsj.chicago_md:n78421	v2saim---
παρείς	parei/s	παρίημι	pari/hmi	urn:cite2:hmt:lsj.chicago_md:n79615	v-sapamn-
παρείς	parei/s	παρίημι	pari/hmi	urn:cite2:hmt:lsj.chicago_md:n79615	v-sapamv-
παρείς	parei/s	πείρω	pei/rw	urn:cite2:hmt:lsj.chicago_md:n80362	v-sappmn-
παρείς	parei/s	πείρω	pei/rw	urn:cite2:hmt:lsj.chicago_md:n80362	v-sappmv-
παρθένοι	parqe/noi	παρθένος	parqe/nos	urn:cite2:hmt:lsj.chicago_md:n79595	n-p---fn-
παρθένοι	parqe/noi	παρθένος	parqe/nos	urn:cite2:hmt:lsj.chicago_md:n79572	n-p---fn-
παρθένοι	parqe/noi	παρθένος	parqe/nos	urn:cite2:hmt:lsj.chicago_md:n79595	n-p---fv-
παρθένοι	parqe/noi	παρθένος	parqe/nos	urn:cite2:hmt:lsj.chicago_md:n79572	n-p---fv-
παρθένον	parqe/non	παρθένος	parqe/nos	urn:cite2:hmt:lsj.chicago_md:n79595	n-s---fa-
παρθένον	parqe/non	παρθένος	parqe/nos	urn:cite2:hmt:lsj.chicago_md:n79572	n-s---fa-
παρθένος	parqe/nos	παρθένος	parqe/nos	urn:cite2:hmt:lsj.chicago_md:n79595	n-s---fn-
παρθένος	parqe/nos	παρθένος	parqe/nos	urn:cite2:hmt:lsj.chicago_md:n79572	n-s---fn-
παρθένου	parqe/nou	παρθένος	parqe/nos	urn:cite2:hmt:lsj.chicago_md:n79595	n-s---fg-
παρθένου	parqe/nou	παρθένος	parqe/nos	urn:cite2:hmt:lsj.chicago_md:n79572	n-s---fg-
παρθέν’	parqe/n'	παρθένος	parqe/nos	urn:cite2:hmt:lsj.chicago_md:n79595	n-s---fv-
παρθέν’	parqe/n'	παρθένος	parqe/nos	urn:cite2:hmt:lsj.chicago_md:n79572	n-s---fv-
παρουσῶν	parousw=n	πάρειμι1	pa/reimi	urn:cite2:hmt:lsj.chicago_md:n79223	v-pppafg-
παρουσῶν	parousw=n	πάρειμι1	pa/reimi	urn:cite2:hmt:lsj.chicago_md:n79224	v-pppafg-
παρουσῶν	parousw=n	παρόω	paro/w	urn:cite2:hmt:lsj.chicago_md:n79825	v-pppafg-
παροῦσα	parou=sa	πάρειμι1	pa/reimi	urn:cite2:hmt:lsj.chicago_md:n79223	v-sppafn-
παροῦσα	parou=sa	πάρειμι1	pa/reimi	urn:cite2:hmt:lsj.chicago_md:n79224	v-sppafn-
παροῦσα	parou=sa	πάρειμι1	pa/reimi	urn:cite2:hmt:lsj.chicago_md:n79223	v-sppafv-
παροῦσα	parou=sa	πάρειμι1	pa/reimi	urn:cite2:hmt:lsj.chicago_md:n79224	v-sppafv-
παροῦσα	parou=sa	παρόω	paro/w	urn:cite2:hmt:lsj.chicago_md:n79825	v-sppafn-
παροῦσα	parou=sa	παρόω	paro/w	urn:cite2:hmt:lsj.chicago_md:n79825	v-sppafv-
παροῦσαν	parou=san	πάρειμι1	pa/reimi	urn:cite2:hmt:lsj.chicago_md:n79223	v-sppafa-
παροῦσαν	parou=san	πάρειμι1	pa/reimi	urn:cite2:hmt:lsj.chicago_md:n79224	v-sppafa-
παροῦσαν	parou=san	παρόω	paro/w	urn:cite2:hmt:lsj.chicago_md:n79825	v-sppafa-
παροῦσιν	parou=sin	πάρειμι1	pa/reimi	urn:cite2:hmt:lsj.chicago_md:n79223	v-pppamd-
παροῦσιν	parou=sin	πάρειμι1	pa/reimi	urn:cite2:hmt:lsj.chicago_md:n79224	v-pppamd-
παροῦσιν	parou=sin	πάρειμι1	pa/reimi	urn:cite2:hmt:lsj.chicago_md:n79223	v-pppand-
παροῦσιν	parou=sin	πάρειμι1	pa/reimi	urn:cite2:hmt:lsj.chicago_md:n79224	v-pppand-
παροῦσιν	parou=sin	παρόω	paro/w	urn:cite2:hmt:lsj.chicago_md:n79825	v-pppamd-
παροῦσιν	parou=sin	παρόω	paro/w	urn:cite2:hmt:lsj.chicago_md:n79825	v-pppand-
παροῦσιν	parou=sin	παρόω	paro/w	urn:cite2:hmt:lsj.chicago_md:n79825	v3ppia---
παροῦσιν	parou=sin	πείρω	pei/rw	urn:cite2:hmt:lsj.chicago_md:n80362	v3pasp---
παρά	para/	παρά	para/	urn:cite2:hmt:lsj.chicago_md:n77763	r--------
παρά	para/	πηρός	phro/s	urn:cite2:hmt:lsj.chicago_md:n83010	a-p---nn-
παρά	para/	πηρός	phro/s	urn:cite2:hmt:lsj.chicago_md:n83010	a-p---nv-
παρά	para/	πηρός	phro/s	urn:cite2:hmt:lsj.chicago_md:n83010	a-p---na-
παρά	para/	πηρός	phro/s	urn:cite2:hmt:lsj.chicago_md:n83010	a-d---fn-
παρά	para/	πηρός	phro/s	urn:cite2:hmt:lsj.chicago_md:n83010	a-d---fv-
παρά	para/	πηρός	phro/s	urn:cite2:hmt:lsj.chicago_md:n83010	a-d---fa-
παρά	para/	πηρός	phro/s	urn:cite2:hmt:lsj.chicago_md:n83010	a-s---fn-
παρά	para/	πηρός	phro/s	urn:cite2:hmt:lsj.chicago_md:n83010	a-s---fv-
παρέβαν	pare/ban	παραβαίνω	parabai/nw	urn:cite2:hmt:lsj.chicago_md:n77764	v3paia---
παρέβαν	pare/ban	παραβαίνω	parabai/nw	urn:cite2:hmt:lsj.chicago_md:n77764	v3paia---
παρέβαν	pare/ban	παραβαίνω	parabai/nw	urn:cite2:hmt:lsj.chicago_md:n77764	v1saia---
παρέβαν	pare/ban	παραβαίνω	parabai/nw	urn:cite2:hmt:lsj.chicago_md:n77764	v1saia---
παρέσχες	pare/sxes	παρέχω	pare/xw	urn:cite2:hmt:lsj.chicago_md:n79526	v2saia---
παρέσχ’	pare/sx'	παρέχω	pare/xw	urn:cite2:hmt:lsj.chicago_md:n79526	v3saia---
παρέχουσ’	pare/xous'	παρέχω	pare/xw	urn:cite2:hmt:lsj.chicago_md:n79526	v-sppafn-
παρέχουσ’	pare/xous'	παρέχω	pare/xw	urn:cite2:hmt:lsj.chicago_md:n79526	v-sppafv-
παρέχουσ’	pare/xous'	παρέχω	pare/xw	urn:cite2:hmt:lsj.chicago_md:n79526	v-pppamd-
παρέχουσ’	pare/xous'	παρέχω	pare/xw	urn:cite2:hmt:lsj.chicago_md:n79526	v-pppand-
παρέχουσ’	pare/xous'	παρέχω	pare/xw	urn:cite2:hmt:lsj.chicago_md:n79526	v3ppia---
παρέχουσ’	pare/xous'	παρέχω	pare/xw	urn:cite2:hmt:lsj.chicago_md:n79526	v-pppafn-
παρέχουσ’	pare/xous'	παρέχω	pare/xw	urn:cite2:hmt:lsj.chicago_md:n79526	v-pppafv-
παρίστασαι	pari/stasai	παρίστημι	pari/sthmi	urn:cite2:hmt:lsj.chicago_md:n79634	v2spie---
παρόντι	paro/nti	πάρειμι1	pa/reimi	urn:cite2:hmt:lsj.chicago_md:n79223	v-sppamd-
παρόντι	paro/nti	πάρειμι1	pa/reimi	urn:cite2:hmt:lsj.chicago_md:n79224	v-sppamd-
παρόντι	paro/nti	πάρειμι1	pa/reimi	urn:cite2:hmt:lsj.chicago_md:n79223	v-sppand-
παρόντι	paro/nti	πάρειμι1	pa/reimi	urn:cite2:hmt:lsj.chicago_md:n79224	v-sppand-
παρόντος	paro/ntos	πάρειμι1	pa/reimi	urn:cite2:hmt:lsj.chicago_md:n79223	v-sppamg-
παρόντος	paro/ntos	πάρειμι1	pa/reimi	urn:cite2:hmt:lsj.chicago_md:n79224	v-sppamg-
παρόντος	paro/ntos	πάρειμι1	pa/reimi	urn:cite2:hmt:lsj.chicago_md:n79223	v-sppang-
παρόντος	paro/ntos	πάρειμι1	pa/reimi	urn:cite2:hmt:lsj.chicago_md:n79224	v-sppang-
παρόντων	paro/ntwn	πάρειμι1	pa/reimi	urn:cite2:hmt:lsj.chicago_md:n79223	v3ppma---
παρόντων	paro/ntwn	πάρειμι1	pa/reimi	urn:cite2:hmt:lsj.chicago_md:n79224	v3ppma---
παρόντων	paro/ntwn	πάρειμι1	pa/reimi	urn:cite2:hmt:lsj.chicago_md:n79223	v-pppamg-
παρόντων	paro/ntwn	πάρειμι1	pa/reimi	urn:cite2:hmt:lsj.chicago_md:n79224	v-pppamg-
παρόντων	paro/ntwn	πάρειμι1	pa/reimi	urn:cite2:hmt:lsj.chicago_md:n79223	v-pppang-
παρόντων	paro/ntwn	πάρειμι1	pa/reimi	urn:cite2:hmt:lsj.chicago_md:n79224	v-pppang-
παρών	parw/n	πάρειμι1	pa/reimi	urn:cite2:hmt:lsj.chicago_md:n79223	v-sppamn-
παρών	parw/n	πάρειμι1	pa/reimi	urn:cite2:hmt:lsj.chicago_md:n79224	v-sppamn-
παρών	parw/n	παρών	parw/n	urn:cite2:hmt:lsj.chicago_md:n79879	n-s---mn-
παρών	parw/n	παρών	parw/n	urn:cite2:hmt:lsj.chicago_md:n79879	n-s---mv-
παρώσας	parw/sas	παρόω	paro/w	urn:cite2:hmt:lsj.chicago_md:n79825	v-sapamn-
παρώσας	parw/sas	παρόω	paro/w	urn:cite2:hmt:lsj.chicago_md:n79825	v-sapamv-
παρώσας	parw/sas	παρωθέω	parwqe/w	urn:cite2:hmt:lsj.chicago_md:n79872	v-sapamn-
παρώσας	parw/sas	παρωθέω	parwqe/w	urn:cite2:hmt:lsj.chicago_md:n79872	v-sapamv-
παρῆ	parh=	πάρειμι1	pa/reimi	urn:cite2:hmt:lsj.chicago_md:n79223	v1siia---
παρῆ	parh=	πάρειμι1	pa/reimi	urn:cite2:hmt:lsj.chicago_md:n79224	v1siia---
παρῆκα	parh=ka	παρίημι	pari/hmi	urn:cite2:hmt:lsj.chicago_md:n79615	v1saia---
παρῆλθε	parh=lqe	παρέρχομαι	pare/rxomai	urn:cite2:hmt:lsj.chicago_md:n79484	v3saia---
παρῆλθε	parh=lqe	παρέρχομαι	pare/rxomai	urn:cite2:hmt:lsj.chicago_md:n79484	v3saia---
παρῆν	parh=n	πάρειμι1	pa/reimi	urn:cite2:hmt:lsj.chicago_md:n79223	v1siia---
παρῆν	parh=n	πάρειμι1	pa/reimi	urn:cite2:hmt:lsj.chicago_md:n79224	v1siia---
παρῆν	parh=n	πάρειμι1	pa/reimi	urn:cite2:hmt:lsj.chicago_md:n79223	v3piia---
παρῆν	parh=n	πάρειμι1	pa/reimi	urn:cite2:hmt:lsj.chicago_md:n79224	v3piia---
παρῆν	parh=n	πάρειμι1	pa/reimi	urn:cite2:hmt:lsj.chicago_md:n79223	v3siia---
παρῆν	parh=n	πάρειμι1	pa/reimi	urn:cite2:hmt:lsj.chicago_md:n79224	v3siia---
πατροφόντου	patrofo/ntou	πατροφόνος	patrofo/nos	urn:cite2:hmt:lsj.chicago_md:n80088	n-s---mg-
πατροφόντου	patrofo/ntou	πατροφόνος	patrofo/nos	urn:cite2:hmt:lsj.chicago_md:n80088	n-s---fg-
πατροφόντου	patrofo/ntou	πατροφόντης	patrofo/nths	urn:cite2:hmt:lsj.chicago_md:n80089	n-s---mg-
πατρί	patri/	πατήρ	path/r	urn:cite2:hmt:lsj.chicago_md:n80011	n-s---md-
πατρί	patri/	πατρίς	patri/s	urn:cite2:hmt:lsj.chicago_md:n80043	n-s---fv-
πατρίδα	patri/da	πατρίς	patri/s	urn:cite2:hmt:lsj.chicago_md:n80043	n-s---fa-
πατρός	patro/s	πατήρ	path/r	urn:cite2:hmt:lsj.chicago_md:n80011	n-s---mg-
πατρῴαν	patrw/|an	πατρῷος	patrw=|os	urn:cite2:hmt:lsj.chicago_md:n80107	a-s---fa-
πατρῴας	patrw/|as	πατρῷος	patrw=|os	urn:cite2:hmt:lsj.chicago_md:n80107	a-p---fa-
πατρῴας	patrw/|as	πατρῷος	patrw=|os	urn:cite2:hmt:lsj.chicago_md:n80107	a-s---fg-
πατρῴων	patrw/|wn	πατρῷος	patrw=|os	urn:cite2:hmt:lsj.chicago_md:n80107	a-p---fg-
πατρῴων	patrw/|wn	πατρῷος	patrw=|os	urn:cite2:hmt:lsj.chicago_md:n80107	a-p---mg-
πατρῴων	patrw/|wn	πατρῷος	patrw=|os	urn:cite2:hmt:lsj.chicago_md:n80107	a-p---ng-
πατρῴων	patrw/|wn	πατρῷος	patrw=|os	urn:cite2:hmt:lsj.chicago_md:n80107	n-p---mg-
πατρῴων	patrw/|wn	πατρῷος	patrw=|os	urn:cite2:hmt:lsj.chicago_md:n80107	n-p---fg-
πατρῴων	patrw/|wn	πατρῷος	patrw=|os	urn:cite2:hmt:lsj.chicago_md:n80107	n-p---ng-
πατρῴῳ	patrw/|w|	πατρῷος	patrw=|os	urn:cite2:hmt:lsj.chicago_md:n80107	a-s---md-
πατρῴῳ	patrw/|w|	πατρῷος	patrw=|os	urn:cite2:hmt:lsj.chicago_md:n80107	a-s---nd-
πατρῴῳ	patrw/|w|	πατρῷος	patrw=|os	urn:cite2:hmt:lsj.chicago_md:n80107	n-s---md-
πατρῴῳ	patrw/|w|	πατρῷος	patrw=|os	urn:cite2:hmt:lsj.chicago_md:n80107	n-s---fd-
πατρῴῳ	patrw/|w|	πατρῷος	patrw=|os	urn:cite2:hmt:lsj.chicago_md:n80107	n-s---nd-
πατρῷον	patrw=|on	πατρῷος	patrw=|os	urn:cite2:hmt:lsj.chicago_md:n80107	a-s---ma-
πατρῷον	patrw=|on	πατρῷος	patrw=|os	urn:cite2:hmt:lsj.chicago_md:n80107	a-s---nn-
πατρῷον	patrw=|on	πατρῷος	patrw=|os	urn:cite2:hmt:lsj.chicago_md:n80107	a-s---nv-
πατρῷον	patrw=|on	πατρῷος	patrw=|os	urn:cite2:hmt:lsj.chicago_md:n80107	a-s---na-
πατρῷον	patrw=|on	πατρῷος	patrw=|os	urn:cite2:hmt:lsj.chicago_md:n80107	n-s---ma-
πατρῷον	patrw=|on	πατρῷος	patrw=|os	urn:cite2:hmt:lsj.chicago_md:n80107	n-s---fa-
πατρῷον	patrw=|on	πατρῷος	patrw=|os	urn:cite2:hmt:lsj.chicago_md:n80107	n-s---nn-
πατρῷον	patrw=|on	πατρῷος	patrw=|os	urn:cite2:hmt:lsj.chicago_md:n80107	n-s---nv-
πατρῷον	patrw=|on	πατρῷος	patrw=|os	urn:cite2:hmt:lsj.chicago_md:n80107	n-s---na-
πατρῷος	patrw=|os	πατρῷος	patrw=|os	urn:cite2:hmt:lsj.chicago_md:n80107	a-s---mn-
πατρῷος	patrw=|os	πατρῷος	patrw=|os	urn:cite2:hmt:lsj.chicago_md:n80107	n-s---mn-
πατρῷος	patrw=|os	πατρῷος	patrw=|os	urn:cite2:hmt:lsj.chicago_md:n80107	n-s---fn-
πατέρα	pate/ra	πατήρ	path/r	urn:cite2:hmt:lsj.chicago_md:n80011	n-s---ma-
πατέρες	pate/res	πατήρ	path/r	urn:cite2:hmt:lsj.chicago_md:n80011	n-p---mn-
πατέρες	pate/res	πατήρ	path/r	urn:cite2:hmt:lsj.chicago_md:n80011	n-p---mv-
πατήρ	path/r	πατήρ	path/r	urn:cite2:hmt:lsj.chicago_md:n80011	n-s---mn-
παίδων	pai/dwn	παῖς	pai=s	urn:cite2:hmt:lsj.chicago_md:n76703	n-p---mg-
παίδων	pai/dwn	παῖς	pai=s	urn:cite2:hmt:lsj.chicago_md:n76703	n-p---fg-
παῖ	pai=	παῖς	pai=s	urn:cite2:hmt:lsj.chicago_md:n76703	n-s---mv-
παῖ	pai=	παῖς	pai=s	urn:cite2:hmt:lsj.chicago_md:n76703	n-s---fv-
παῖδα	pai=da	παῖς	pai=s	urn:cite2:hmt:lsj.chicago_md:n76703	n-s---ma-
παῖδα	pai=da	παῖς	pai=s	urn:cite2:hmt:lsj.chicago_md:n76703	n-s---fa-
παῖδας	pai=das	παῖς	pai=s	urn:cite2:hmt:lsj.chicago_md:n76703	n-p---ma-
παῖδας	pai=das	παῖς	pai=s	urn:cite2:hmt:lsj.chicago_md:n76703	n-p---fa-
παῖδες	pai=des	παῖς	pai=s	urn:cite2:hmt:lsj.chicago_md:n76703	n-p---mn-
παῖδες	pai=des	παῖς	pai=s	urn:cite2:hmt:lsj.chicago_md:n76703	n-p---mv-
παῖδες	pai=des	παῖς	pai=s	urn:cite2:hmt:lsj.chicago_md:n76703	n-p---fn-
παῖδες	pai=des	παῖς	pai=s	urn:cite2:hmt:lsj.chicago_md:n76703	n-p---fv-
παῖδ’	pai=d'	παῖς	pai=s	urn:cite2:hmt:lsj.chicago_md:n76703	n-s---ma-
παῖδ’	pai=d'	παῖς	pai=s	urn:cite2:hmt:lsj.chicago_md:n76703	n-s---fa-
παῖδ’	pai=d'	παῖς	pai=s	urn:cite2:hmt:lsj.chicago_md:n76703	n-d---mn-
παῖδ’	pai=d'	παῖς	pai=s	urn:cite2:hmt:lsj.chicago_md:n76703	n-d---mv-
παῖδ’	pai=d'	παῖς	pai=s	urn:cite2:hmt:lsj.chicago_md:n76703	n-d---ma-
παῖδ’	pai=d'	παῖς	pai=s	urn:cite2:hmt:lsj.chicago_md:n76703	n-d---fn-
παῖδ’	pai=d'	παῖς	pai=s	urn:cite2:hmt:lsj.chicago_md:n76703	n-d---fv-
παῖδ’	pai=d'	παῖς	pai=s	urn:cite2:hmt:lsj.chicago_md:n76703	n-d---fa-
παῖς	pai=s	πᾶς	pa=s	urn:cite2:hmt:lsj.chicago_md:n79904	n-s---mn-
παῖς	pai=s	πᾶς	pa=s	urn:cite2:hmt:lsj.chicago_md:n79905	n-s---mn-
παῖς	pai=s	πᾶς	pa=s	urn:cite2:hmt:lsj.chicago_md:n79906	n-s---mn-
παῖς	pai=s	πᾶς	pa=s	urn:cite2:hmt:lsj.chicago_md:n79904	n-s---mv-
παῖς	pai=s	πᾶς	pa=s	urn:cite2:hmt:lsj.chicago_md:n79905	n-s---mv-
παῖς	pai=s	πᾶς	pa=s	urn:cite2:hmt:lsj.chicago_md:n79906	n-s---mv-
παῖς	pai=s	παῖς	pai=s	urn:cite2:hmt:lsj.chicago_md:n76703	n-s---mn-
παῖς	pai=s	παῖς	pai=s	urn:cite2:hmt:lsj.chicago_md:n76703	n-s---fn-
παῖσον	pai=son	παίω1	pai/w	urn:cite2:hmt:lsj.chicago_md:n76715	v2sama---
παῖσον	pai=son	παίω1	pai/w	urn:cite2:hmt:lsj.chicago_md:n76715	v-sfpamv-
παῖσον	pai=son	παίω1	pai/w	urn:cite2:hmt:lsj.chicago_md:n76715	v-sfpann-
παῖσον	pai=son	παίω1	pai/w	urn:cite2:hmt:lsj.chicago_md:n76715	v-sfpanv-
παῖσον	pai=son	παίω1	pai/w	urn:cite2:hmt:lsj.chicago_md:n76715	v-sfpana-
παῖσον	pai=son	παίζω	pai/zw	urn:cite2:hmt:lsj.chicago_md:n76678	v2sama---
παῖσον	pai=son	παίζω	pai/zw	urn:cite2:hmt:lsj.chicago_md:n76678	v-sfpamv-
παῖσον	pai=son	παίζω	pai/zw	urn:cite2:hmt:lsj.chicago_md:n76678	v-sfpann-
παῖσον	pai=son	παίζω	pai/zw	urn:cite2:hmt:lsj.chicago_md:n76678	v-sfpanv-
παῖσον	pai=son	παίζω	pai/zw	urn:cite2:hmt:lsj.chicago_md:n76678	v-sfpana-
παῦλά	pau=la/	παῦλα	pau=la	urn:cite2:hmt:lsj.chicago_md:n80115	n-s---fn-
παῦλά	pau=la/	παῦλα	pau=la	urn:cite2:hmt:lsj.chicago_md:n80115	n-s---fv-
πεδιάς	pedia/s	πεδιάς	pedia/s	urn:cite2:hmt:lsj.chicago_md:n80230	n-s---fn-
πειθαρχεῖν	peiqarxei=n	πειθαρχέω	peiqarxe/w	urn:cite2:hmt:lsj.chicago_md:n80318	v--pna---
πειθοῦς	peiqou=s	Πειθώ	*peiqw/	urn:cite2:hmt:lsj.chicago_md:n80327	n-p---fn-
πειθοῦς	peiqou=s	Πειθώ	*peiqw/	urn:cite2:hmt:lsj.chicago_md:n80328	n-p---fn-
πειθοῦς	peiqou=s	Πειθώ	*peiqw/	urn:cite2:hmt:lsj.chicago_md:n80327	n-p---fv-
πειθοῦς	peiqou=s	Πειθώ	*peiqw/	urn:cite2:hmt:lsj.chicago_md:n80328	n-p---fv-
πειθοῦς	peiqou=s	Πειθώ	*peiqw/	urn:cite2:hmt:lsj.chicago_md:n80327	n-s---fg-
πειθοῦς	peiqou=s	Πειθώ	*peiqw/	urn:cite2:hmt:lsj.chicago_md:n80328	n-s---fg-
πειρωμένη	peirwme/nh	πειράω	peira/w	urn:cite2:hmt:lsj.chicago_md:n80357	v-sppefn-
πειρωμένη	peirwme/nh	πειράω	peira/w	urn:cite2:hmt:lsj.chicago_md:n80357	v-sppefv-
πειρωμένη	peirwme/nh	πειράζω	peira/zw	urn:cite2:hmt:lsj.chicago_md:n80342	v-sfpmfn-
πειρωμένη	peirwme/nh	πειράζω	peira/zw	urn:cite2:hmt:lsj.chicago_md:n80342	v-sfpmfv-
πελάγιον	pela/gion	πελάγιος	pela/gios	urn:cite2:hmt:lsj.chicago_md:n80394	a-s---ma-
πελάγιον	pela/gion	πελάγιος	pela/gios	urn:cite2:hmt:lsj.chicago_md:n80394	a-s---nn-
πελάγιον	pela/gion	πελάγιος	pela/gios	urn:cite2:hmt:lsj.chicago_md:n80394	a-s---nv-
πελάγιον	pela/gion	πελάγιος	pela/gios	urn:cite2:hmt:lsj.chicago_md:n80394	a-s---na-
πελάγιον	pela/gion	πελάγιος	pela/gios	urn:cite2:hmt:lsj.chicago_md:n80394	n-s---ma-
πελάγιον	pela/gion	πελάγιος	pela/gios	urn:cite2:hmt:lsj.chicago_md:n80394	n-s---fa-
πελάγιον	pela/gion	πελάγιος	pela/gios	urn:cite2:hmt:lsj.chicago_md:n80394	n-s---nn-
πελάγιον	pela/gion	πελάγιος	pela/gios	urn:cite2:hmt:lsj.chicago_md:n80394	n-s---nv-
πελάγιον	pela/gion	πελάγιος	pela/gios	urn:cite2:hmt:lsj.chicago_md:n80394	n-s---na-
πεπαύσομαι	pepau/somai	παύω	pau/w	urn:cite2:hmt:lsj.chicago_md:n80140	v1stim---
πεπείρανται	pepei/rantai	πειράω	peira/w	urn:cite2:hmt:lsj.chicago_md:n80357	v3prie---
πεπείρανται	pepei/rantai	πειράω	peira/w	urn:cite2:hmt:lsj.chicago_md:n80357	v3prie---
πεπείρανται	pepei/rantai	περαίνω	perai/nw	urn:cite2:hmt:lsj.chicago_md:n80964	v3prie---
πεπείρανται	pepei/rantai	περαίνω	perai/nw	urn:cite2:hmt:lsj.chicago_md:n80964	v3srie---
πεπληγμένην	peplhgme/nhn	πλήσσω	plh/ssw	urn:cite2:hmt:lsj.chicago_md:n83869	v-srpefa-
πεπλώματι	peplw/mati	πέπλωμα	pe/plwma	urn:cite2:hmt:lsj.chicago_md:n80928	n-s---nd-
πεπονημένος	peponhme/nos	πονέω	pone/w	urn:cite2:hmt:lsj.chicago_md:n85643	v-srpemn-
πεπραγμέν’	pepragme/n'	πράσσω	pra/ssw	urn:cite2:hmt:lsj.chicago_md:n86219	v-prpenn-
πεπραγμέν’	pepragme/n'	πράσσω	pra/ssw	urn:cite2:hmt:lsj.chicago_md:n86219	v-prpenv-
πεπραγμέν’	pepragme/n'	πράσσω	pra/ssw	urn:cite2:hmt:lsj.chicago_md:n86219	v-prpena-
πεπραγμέν’	pepragme/n'	πράσσω	pra/ssw	urn:cite2:hmt:lsj.chicago_md:n86219	v-srpemv-
πεπραγμέν’	pepragme/n'	πράσσω	pra/ssw	urn:cite2:hmt:lsj.chicago_md:n86219	v-prpefn-
πεπραγμέν’	pepragme/n'	πράσσω	pra/ssw	urn:cite2:hmt:lsj.chicago_md:n86219	v-prpefv-
πεπραγμέν’	pepragme/n'	πράσσω	pra/ssw	urn:cite2:hmt:lsj.chicago_md:n86219	v-srpefd-
πεπυσμένη	pepusme/nh	πυνθάνομαι	punqa/nomai	urn:cite2:hmt:lsj.chicago_md:n91516	v-srpefn-
πεπυσμένη	pepusme/nh	πυνθάνομαι	punqa/nomai	urn:cite2:hmt:lsj.chicago_md:n91516	v-srpefv-
πεπυσμένῃ	pepusme/nh|	πυνθάνομαι	punqa/nomai	urn:cite2:hmt:lsj.chicago_md:n91516	v-srpefd-
περαιτέρω	peraite/rw	περαίτερος	perai/teros	urn:cite2:hmt:lsj.chicago_md:n80968	a-d---mn-
περαιτέρω	peraite/rw	περαίτερος	perai/teros	urn:cite2:hmt:lsj.chicago_md:n80968	a-d---mv-
περαιτέρω	peraite/rw	περαίτερος	perai/teros	urn:cite2:hmt:lsj.chicago_md:n80968	a-d---ma-
περαιτέρω	peraite/rw	περαίτερος	perai/teros	urn:cite2:hmt:lsj.chicago_md:n80968	a-d---nn-
περαιτέρω	peraite/rw	περαίτερος	perai/teros	urn:cite2:hmt:lsj.chicago_md:n80968	a-d---nv-
περαιτέρω	peraite/rw	περαίτερος	perai/teros	urn:cite2:hmt:lsj.chicago_md:n80968	a-d---na-
περαιτέρω	peraite/rw	περαίτερος	perai/teros	urn:cite2:hmt:lsj.chicago_md:n80968	a-s---mg-
περαιτέρω	peraite/rw	περαίτερος	perai/teros	urn:cite2:hmt:lsj.chicago_md:n80968	a-s---ng-
περισσά	perissa/	περισσός	perisso/s	urn:cite2:hmt:lsj.chicago_md:n82190	a-p---nn-
περισσά	perissa/	περισσός	perisso/s	urn:cite2:hmt:lsj.chicago_md:n82190	a-p---nv-
περισσά	perissa/	περισσός	perisso/s	urn:cite2:hmt:lsj.chicago_md:n82190	a-p---na-
περισσά	perissa/	περισσός	perisso/s	urn:cite2:hmt:lsj.chicago_md:n82190	a-d---fn-
περισσά	perissa/	περισσός	perisso/s	urn:cite2:hmt:lsj.chicago_md:n82190	a-d---fv-
περισσά	perissa/	περισσός	perisso/s	urn:cite2:hmt:lsj.chicago_md:n82190	a-d---fa-
περισσά	perissa/	περισσός	perisso/s	urn:cite2:hmt:lsj.chicago_md:n82190	a-s---fn-
περισσά	perissa/	περισσός	perisso/s	urn:cite2:hmt:lsj.chicago_md:n82190	a-s---fv-
περονίς	peroni/s	περονίς	peroni/s	urn:cite2:hmt:lsj.chicago_md:n82649	n-s---fn-
περί	peri/	περί	peri/	urn:cite2:hmt:lsj.chicago_md:n81017	r--------
πεσεῖ	pesei=	πίπτω	pi/ptw	urn:cite2:hmt:lsj.chicago_md:n83253	v2sfim---
πετραῖα	petrai=a	πετραῖος	petrai=os	urn:cite2:hmt:lsj.chicago_md:n82761	a-p---nn-
πετραῖα	petrai=a	πετραῖος	petrai=os	urn:cite2:hmt:lsj.chicago_md:n82761	a-p---nv-
πετραῖα	petrai=a	πετραῖος	petrai=os	urn:cite2:hmt:lsj.chicago_md:n82761	a-p---na-
πευκίνης	peuki/nhs	πεύκινος	peu/kinos	urn:cite2:hmt:lsj.chicago_md:n82827	a-s---fg-
πεφυκέναι	pefuke/nai	φύω	fu/w	urn:cite2:hmt:lsj.chicago_md:n112794	v--rna---
πεφυκέναι	pefuke/nai	φύζω	fu/zw	urn:cite2:hmt:lsj.chicago_md:n112495	v--rna---
πείθου	pei/qou	πείθω	pei/qw	urn:cite2:hmt:lsj.chicago_md:n80327	v2spme---
πείθου	pei/qou	πείθω	pei/qw	urn:cite2:hmt:lsj.chicago_md:n80327	v2siie---
πείρᾳ	pei/ra|	πεῖρα	pei=ra	urn:cite2:hmt:lsj.chicago_md:n80340	n-s---fd-
πείσομαι	pei/somai	πάσχω	pa/sxw	urn:cite2:hmt:lsj.chicago_md:n79983	v1sfim---
πείσομαι	pei/somai	πείθω	pei/qw	urn:cite2:hmt:lsj.chicago_md:n80327	v1sasm---
πείσομαι	pei/somai	πείθω	pei/qw	urn:cite2:hmt:lsj.chicago_md:n80327	v1sfim---
πεύθου	peu/qou	πεύθομαι	peu/qomai	urn:cite2:hmt:lsj.chicago_md:n82816	v2spme---
πεύθου	peu/qou	πεύθομαι	peu/qomai	urn:cite2:hmt:lsj.chicago_md:n82816	v2siie---
πεύσει	peu/sei	πεῦσις	peu=sis	urn:cite2:hmt:lsj.chicago_md:n82830	n-d---fn-
πεύσει	peu/sei	πεῦσις	peu=sis	urn:cite2:hmt:lsj.chicago_md:n82830	n-d---fv-
πεύσει	peu/sei	πεῦσις	peu=sis	urn:cite2:hmt:lsj.chicago_md:n82830	n-d---fa-
πεύσει	peu/sei	πεῦσις	peu=sis	urn:cite2:hmt:lsj.chicago_md:n82830	n-s---fd-
πεύσει	peu/sei	πεῦσις	peu=sis	urn:cite2:hmt:lsj.chicago_md:n82830	n-s---fd-
πεύσει	peu/sei	πυνθάνομαι	punqa/nomai	urn:cite2:hmt:lsj.chicago_md:n91516	v2sfim---
πημονάς	phmona/s	πημονή	phmonh/	urn:cite2:hmt:lsj.chicago_md:n82975	n-p---fa-
πημονήν	phmonh/n	πημονή	phmonh/	urn:cite2:hmt:lsj.chicago_md:n82975	n-s---fa-
πημονῆς	phmonh=s	πημονή	phmonh/	urn:cite2:hmt:lsj.chicago_md:n82975	n-s---fg-
πημήναντα	phmh/nanta	πημαίνω	phmai/nw	urn:cite2:hmt:lsj.chicago_md:n82973	v-papann-
πημήναντα	phmh/nanta	πημαίνω	phmai/nw	urn:cite2:hmt:lsj.chicago_md:n82973	v-papanv-
πημήναντα	phmh/nanta	πημαίνω	phmai/nw	urn:cite2:hmt:lsj.chicago_md:n82973	v-papana-
πημήναντα	phmh/nanta	πημαίνω	phmai/nw	urn:cite2:hmt:lsj.chicago_md:n82973	v-sapama-
πιείρας	piei/ras	πίειρα	pi/eira	urn:cite2:hmt:lsj.chicago_md:n83058	n-p---fa-
πιείρας	piei/ras	πίειρα	pi/eira	urn:cite2:hmt:lsj.chicago_md:n83058	n-s---fg-
πικράς	pikra/s	πικράς	pikra/s	urn:cite2:hmt:lsj.chicago_md:n83125	n-s---fn-
πικράς	pikra/s	πικρός	pikro/s	urn:cite2:hmt:lsj.chicago_md:n83139	a-p---fa-
πικρᾷ	pikra=|	πικράζω	pikra/zw	urn:cite2:hmt:lsj.chicago_md:n83122	v2sfim---
πικρᾷ	pikra=|	πικράζω	pikra/zw	urn:cite2:hmt:lsj.chicago_md:n83122	v3sfia---
πικρᾷ	pikra=|	πικρός	pikro/s	urn:cite2:hmt:lsj.chicago_md:n83139	a-s---fd-
πιστεύειν	pisteu/ein	πιστεύω	pisteu/w	urn:cite2:hmt:lsj.chicago_md:n83310	v--pna---
πιστεύσαντ’	pisteu/sant'	πιστεύω	pisteu/w	urn:cite2:hmt:lsj.chicago_md:n83310	v-papann-
πιστεύσαντ’	pisteu/sant'	πιστεύω	pisteu/w	urn:cite2:hmt:lsj.chicago_md:n83310	v-papanv-
πιστεύσαντ’	pisteu/sant'	πιστεύω	pisteu/w	urn:cite2:hmt:lsj.chicago_md:n83310	v-papana-
πιστεύσαντ’	pisteu/sant'	πιστεύω	pisteu/w	urn:cite2:hmt:lsj.chicago_md:n83310	v-sapama-
πιστεύσαντ’	pisteu/sant'	πιστεύω	pisteu/w	urn:cite2:hmt:lsj.chicago_md:n83310	v-sapamd-
πιστεύσαντ’	pisteu/sant'	πιστεύω	pisteu/w	urn:cite2:hmt:lsj.chicago_md:n83310	v-sapand-
πιστεύσαντ’	pisteu/sant'	πιστεύω	pisteu/w	urn:cite2:hmt:lsj.chicago_md:n83310	v-dapamn-
πιστεύσαντ’	pisteu/sant'	πιστεύω	pisteu/w	urn:cite2:hmt:lsj.chicago_md:n83310	v-dapamv-
πιστεύσαντ’	pisteu/sant'	πιστεύω	pisteu/w	urn:cite2:hmt:lsj.chicago_md:n83310	v-dapama-
πιστεύσαντ’	pisteu/sant'	πιστεύω	pisteu/w	urn:cite2:hmt:lsj.chicago_md:n83310	v-dapann-
πιστεύσαντ’	pisteu/sant'	πιστεύω	pisteu/w	urn:cite2:hmt:lsj.chicago_md:n83310	v-dapanv-
πιστεύσαντ’	pisteu/sant'	πιστεύω	pisteu/w	urn:cite2:hmt:lsj.chicago_md:n83310	v-dapana-
πιστεύσαντ’	pisteu/sant'	πιστεύω	pisteu/w	urn:cite2:hmt:lsj.chicago_md:n83310	v3paim---
πιστεύσας	pisteu/sas	πιστεύω	pisteu/w	urn:cite2:hmt:lsj.chicago_md:n83310	v-sapamn-
πιστεύσας	pisteu/sas	πιστεύω	pisteu/w	urn:cite2:hmt:lsj.chicago_md:n83310	v-sapamv-
πιστεύσας	pisteu/sas	πιστόω	pisto/w	urn:cite2:hmt:lsj.chicago_md:n83330	v-pppafa-
πιστά	pista/	πιστόν	pisto/n	urn:cite2:hmt:lsj.chicago_md:n83322	n-p---nn-
πιστά	pista/	πιστόν	pisto/n	urn:cite2:hmt:lsj.chicago_md:n83322	n-p---nv-
πιστά	pista/	πιστόν	pisto/n	urn:cite2:hmt:lsj.chicago_md:n83322	n-p---na-
πιστά	pista/	πιστόσ1	pisto/s	urn:cite2:hmt:lsj.chicago_md:n83324	a-p---nn-
πιστά	pista/	πιστόσ1	pisto/s	urn:cite2:hmt:lsj.chicago_md:n83325	a-p---nn-
πιστά	pista/	πιστόσ1	pisto/s	urn:cite2:hmt:lsj.chicago_md:n83324	a-p---nv-
πιστά	pista/	πιστόσ1	pisto/s	urn:cite2:hmt:lsj.chicago_md:n83325	a-p---nv-
πιστά	pista/	πιστόσ1	pisto/s	urn:cite2:hmt:lsj.chicago_md:n83324	a-p---na-
πιστά	pista/	πιστόσ1	pisto/s	urn:cite2:hmt:lsj.chicago_md:n83325	a-p---na-
πιστά	pista/	πιστόσ1	pisto/s	urn:cite2:hmt:lsj.chicago_md:n83324	a-d---fn-
πιστά	pista/	πιστόσ1	pisto/s	urn:cite2:hmt:lsj.chicago_md:n83325	a-d---fn-
πιστά	pista/	πιστόσ1	pisto/s	urn:cite2:hmt:lsj.chicago_md:n83324	a-d---fv-
πιστά	pista/	πιστόσ1	pisto/s	urn:cite2:hmt:lsj.chicago_md:n83325	a-d---fv-
πιστά	pista/	πιστόσ1	pisto/s	urn:cite2:hmt:lsj.chicago_md:n83324	a-d---fa-
πιστά	pista/	πιστόσ1	pisto/s	urn:cite2:hmt:lsj.chicago_md:n83325	a-d---fa-
πιστά	pista/	πιστόσ1	pisto/s	urn:cite2:hmt:lsj.chicago_md:n83324	a-s---fn-
πιστά	pista/	πιστόσ1	pisto/s	urn:cite2:hmt:lsj.chicago_md:n83325	a-s---fn-
πιστά	pista/	πιστόσ1	pisto/s	urn:cite2:hmt:lsj.chicago_md:n83324	a-s---fv-
πιστά	pista/	πιστόσ1	pisto/s	urn:cite2:hmt:lsj.chicago_md:n83325	a-s---fv-
πιστά	pista/	πιστόσ2	pisto/s	urn:cite2:hmt:lsj.chicago_md:n83324	a-p---nn-
πιστά	pista/	πιστόσ2	pisto/s	urn:cite2:hmt:lsj.chicago_md:n83325	a-p---nn-
πιστά	pista/	πιστόσ2	pisto/s	urn:cite2:hmt:lsj.chicago_md:n83324	a-p---nv-
πιστά	pista/	πιστόσ2	pisto/s	urn:cite2:hmt:lsj.chicago_md:n83325	a-p---nv-
πιστά	pista/	πιστόσ2	pisto/s	urn:cite2:hmt:lsj.chicago_md:n83324	a-p---na-
πιστά	pista/	πιστόσ2	pisto/s	urn:cite2:hmt:lsj.chicago_md:n83325	a-p---na-
πιστά	pista/	πιστόσ2	pisto/s	urn:cite2:hmt:lsj.chicago_md:n83324	a-d---fn-
πιστά	pista/	πιστόσ2	pisto/s	urn:cite2:hmt:lsj.chicago_md:n83325	a-d---fn-
πιστά	pista/	πιστόσ2	pisto/s	urn:cite2:hmt:lsj.chicago_md:n83324	a-d---fv-
πιστά	pista/	πιστόσ2	pisto/s	urn:cite2:hmt:lsj.chicago_md:n83325	a-d---fv-
πιστά	pista/	πιστόσ2	pisto/s	urn:cite2:hmt:lsj.chicago_md:n83324	a-d---fa-
πιστά	pista/	πιστόσ2	pisto/s	urn:cite2:hmt:lsj.chicago_md:n83325	a-d---fa-
πιστά	pista/	πιστόσ2	pisto/s	urn:cite2:hmt:lsj.chicago_md:n83324	a-s---fn-
πιστά	pista/	πιστόσ2	pisto/s	urn:cite2:hmt:lsj.chicago_md:n83325	a-s---fn-
πιστά	pista/	πιστόσ2	pisto/s	urn:cite2:hmt:lsj.chicago_md:n83324	a-s---fv-
πιστά	pista/	πιστόσ2	pisto/s	urn:cite2:hmt:lsj.chicago_md:n83325	a-s---fv-
πιστόν	pisto/n	πιστόν	pisto/n	urn:cite2:hmt:lsj.chicago_md:n83322	n-s---nn-
πιστόν	pisto/n	πιστόν	pisto/n	urn:cite2:hmt:lsj.chicago_md:n83322	n-s---nv-
πιστόν	pisto/n	πιστόν	pisto/n	urn:cite2:hmt:lsj.chicago_md:n83322	n-s---na-
πιστόν	pisto/n	πιστόσ1	pisto/s	urn:cite2:hmt:lsj.chicago_md:n83324	a-s---ma-
πιστόν	pisto/n	πιστόσ1	pisto/s	urn:cite2:hmt:lsj.chicago_md:n83325	a-s---ma-
πιστόν	pisto/n	πιστόσ1	pisto/s	urn:cite2:hmt:lsj.chicago_md:n83324	a-s---nn-
πιστόν	pisto/n	πιστόσ1	pisto/s	urn:cite2:hmt:lsj.chicago_md:n83325	a-s---nn-
πιστόν	pisto/n	πιστόσ1	pisto/s	urn:cite2:hmt:lsj.chicago_md:n83324	a-s---nv-
πιστόν	pisto/n	πιστόσ1	pisto/s	urn:cite2:hmt:lsj.chicago_md:n83325	a-s---nv-
πιστόν	pisto/n	πιστόσ1	pisto/s	urn:cite2:hmt:lsj.chicago_md:n83324	a-s---na-
πιστόν	pisto/n	πιστόσ1	pisto/s	urn:cite2:hmt:lsj.chicago_md:n83325	a-s---na-
πιστόν	pisto/n	πιστόσ2	pisto/s	urn:cite2:hmt:lsj.chicago_md:n83324	a-s---ma-
πιστόν	pisto/n	πιστόσ2	pisto/s	urn:cite2:hmt:lsj.chicago_md:n83325	a-s---ma-
πιστόν	pisto/n	πιστόσ2	pisto/s	urn:cite2:hmt:lsj.chicago_md:n83324	a-s---nn-
πιστόν	pisto/n	πιστόσ2	pisto/s	urn:cite2:hmt:lsj.chicago_md:n83325	a-s---nn-
πιστόν	pisto/n	πιστόσ2	pisto/s	urn:cite2:hmt:lsj.chicago_md:n83324	a-s---nv-
πιστόν	pisto/n	πιστόσ2	pisto/s	urn:cite2:hmt:lsj.chicago_md:n83325	a-s---nv-
πιστόν	pisto/n	πιστόσ2	pisto/s	urn:cite2:hmt:lsj.chicago_md:n83324	a-s---na-
πιστόν	pisto/n	πιστόσ2	pisto/s	urn:cite2:hmt:lsj.chicago_md:n83325	a-s---na-
πιστός	pisto/s	πιστόσ1	pisto/s	urn:cite2:hmt:lsj.chicago_md:n83324	a-s---mn-
πιστός	pisto/s	πιστόσ1	pisto/s	urn:cite2:hmt:lsj.chicago_md:n83325	a-s---mn-
πιστός	pisto/s	πιστόσ2	pisto/s	urn:cite2:hmt:lsj.chicago_md:n83324	a-s---mn-
πιστός	pisto/s	πιστόσ2	pisto/s	urn:cite2:hmt:lsj.chicago_md:n83325	a-s---mn-
πλακός	plako/s	πλάξ	pla/c	urn:cite2:hmt:lsj.chicago_md:n83487	n-s---fg-
πλευμόνων	pleumo/nwn	πλεύμων	pleu/mwn	urn:cite2:hmt:lsj.chicago_md:n83729	n-p---mg-
πλευμόνων	pleumo/nwn	πνεύμων	pneu/mwn	urn:cite2:hmt:lsj.chicago_md:n84064	n-p---mg-
πλευραῖσι	pleurai=si	πλευρά	pleura/	urn:cite2:hmt:lsj.chicago_md:n83732	n-p---fd-
πλευραῖσιν	pleurai=sin	πλευρά	pleura/	urn:cite2:hmt:lsj.chicago_md:n83732	n-p---fd-
πλευροῖς	pleuroi=s	πλευρόν	pleuro/n	urn:cite2:hmt:lsj.chicago_md:n83745	n-p---nd-
πλευρά	pleura/	πλευρά	pleura/	urn:cite2:hmt:lsj.chicago_md:n83732	n-d---fn-
πλευρά	pleura/	πλευρά	pleura/	urn:cite2:hmt:lsj.chicago_md:n83732	n-d---fv-
πλευρά	pleura/	πλευρά	pleura/	urn:cite2:hmt:lsj.chicago_md:n83732	n-d---fa-
πλευρά	pleura/	πλευρά	pleura/	urn:cite2:hmt:lsj.chicago_md:n83732	n-s---fn-
πλευρά	pleura/	πλευρά	pleura/	urn:cite2:hmt:lsj.chicago_md:n83732	n-s---fv-
πλευρά	pleura/	πλευρόν	pleuro/n	urn:cite2:hmt:lsj.chicago_md:n83745	n-p---nn-
πλευρά	pleura/	πλευρόν	pleuro/n	urn:cite2:hmt:lsj.chicago_md:n83745	n-p---nv-
πλευρά	pleura/	πλευρόν	pleuro/n	urn:cite2:hmt:lsj.chicago_md:n83745	n-p---na-
πλευράν	pleura/n	πλευρά	pleura/	urn:cite2:hmt:lsj.chicago_md:n83732	n-s---fa-
πλευρόθεν	pleuro/qen	πλευρόθεν	pleuro/qen	urn:cite2:hmt:lsj.chicago_md:n83743	d--------
πλευρῶν	pleurw=n	πλευρά	pleura/	urn:cite2:hmt:lsj.chicago_md:n83732	n-p---fg-
πλευρῶν	pleurw=n	πλευρόν	pleuro/n	urn:cite2:hmt:lsj.chicago_md:n83745	n-p---ng-
πλείους	plei/ous	πλέως	ple/ws	urn:cite2:hmt:lsj.chicago_md:n83756	a-p---ma-
πλείους	plei/ous	πλείων	plei/wn	urn:cite2:hmt:lsj.chicago_md:n83669	a-p---mn-
πλείους	plei/ous	πλείων	plei/wn	urn:cite2:hmt:lsj.chicago_md:n83669	a-p---ma-
πλείους	plei/ous	πλείων	plei/wn	urn:cite2:hmt:lsj.chicago_md:n83669	a-p---fn-
πλείους	plei/ous	πλείων	plei/wn	urn:cite2:hmt:lsj.chicago_md:n83669	a-p---fa-
πλείους	plei/ous	πλείων	plei/wn	urn:cite2:hmt:lsj.chicago_md:n83669	a-p---ma-
πλείους	plei/ous	πλείων	plei/wn	urn:cite2:hmt:lsj.chicago_md:n83669	a-p---fa-
πλείους	plei/ous	πλείων	plei/wn	urn:cite2:hmt:lsj.chicago_md:n83669	a-p---mn-
πλείους	plei/ous	πλείων	plei/wn	urn:cite2:hmt:lsj.chicago_md:n83669	a-p---fn-
πλείστας	plei/stas	πλεῖστος	plei=stos	urn:cite2:hmt:lsj.chicago_md:n83665	a-p---fa-
πλείστας	plei/stas	πλεῖστος	plei=stos	urn:cite2:hmt:lsj.chicago_md:n83665	a-s---fg-
πλείω	plei/w	πλέω	ple/w	urn:cite2:hmt:lsj.chicago_md:n83754	v1spsa---
πλείω	plei/w	πλέω	ple/w	urn:cite2:hmt:lsj.chicago_md:n83754	v1spia---
πλείω	plei/w	πλέως	ple/ws	urn:cite2:hmt:lsj.chicago_md:n83756	a-d---mn-
πλείω	plei/w	πλέως	ple/ws	urn:cite2:hmt:lsj.chicago_md:n83756	a-d---mv-
πλείω	plei/w	πλέως	ple/ws	urn:cite2:hmt:lsj.chicago_md:n83756	a-d---ma-
πλείω	plei/w	πλέως	ple/ws	urn:cite2:hmt:lsj.chicago_md:n83756	a-d---nn-
πλείω	plei/w	πλέως	ple/ws	urn:cite2:hmt:lsj.chicago_md:n83756	a-d---nv-
πλείω	plei/w	πλέως	ple/ws	urn:cite2:hmt:lsj.chicago_md:n83756	a-d---na-
πλείω	plei/w	πλέως	ple/ws	urn:cite2:hmt:lsj.chicago_md:n83756	a-s---mg-
πλείω	plei/w	πλέως	ple/ws	urn:cite2:hmt:lsj.chicago_md:n83756	a-s---ng-
πλείω	plei/w	πλείων	plei/wn	urn:cite2:hmt:lsj.chicago_md:n83669	a-p---na-
πλείω	plei/w	πλείων	plei/wn	urn:cite2:hmt:lsj.chicago_md:n83669	a-p---nn-
πλείω	plei/w	πλείων	plei/wn	urn:cite2:hmt:lsj.chicago_md:n83669	a-s---ma-
πλείω	plei/w	πλείων	plei/wn	urn:cite2:hmt:lsj.chicago_md:n83669	a-s---fa-
πλεύμονας	pleu/monas	πλεύμων	pleu/mwn	urn:cite2:hmt:lsj.chicago_md:n83729	n-p---ma-
πλεύμονας	pleu/monas	πνεύμων	pneu/mwn	urn:cite2:hmt:lsj.chicago_md:n84064	n-p---ma-
πλεύμονός	pleu/mono/s	πλεύμων	pleu/mwn	urn:cite2:hmt:lsj.chicago_md:n83729	n-s---mg-
πλεύμονός	pleu/mono/s	πνεύμων	pneu/mwn	urn:cite2:hmt:lsj.chicago_md:n84064	n-s---mg-
πλεῖστον	plei=ston	πλεῖστος	plei=stos	urn:cite2:hmt:lsj.chicago_md:n83665	a-s---ma-
πλεῖστον	plei=ston	πλεῖστος	plei=stos	urn:cite2:hmt:lsj.chicago_md:n83665	a-s---nn-
πλεῖστον	plei=ston	πλεῖστος	plei=stos	urn:cite2:hmt:lsj.chicago_md:n83665	a-s---nv-
πλεῖστον	plei=ston	πλεῖστος	plei=stos	urn:cite2:hmt:lsj.chicago_md:n83665	a-s---na-
πληθύεις	plhqu/eis	πληθύω	plhqu/w	urn:cite2:hmt:lsj.chicago_md:n83783	v2spia---
πλησία	plhsi/a	πλήσιος	plh/sios	urn:cite2:hmt:lsj.chicago_md:n83854	a-d---fn-
πλησία	plhsi/a	πλήσιος	plh/sios	urn:cite2:hmt:lsj.chicago_md:n83854	a-d---fv-
πλησία	plhsi/a	πλήσιος	plh/sios	urn:cite2:hmt:lsj.chicago_md:n83854	a-d---fa-
πλησία	plhsi/a	πλήσιος	plh/sios	urn:cite2:hmt:lsj.chicago_md:n83854	a-s---fn-
πλησία	plhsi/a	πλήσιος	plh/sios	urn:cite2:hmt:lsj.chicago_md:n83854	a-s---fv-
πλησία	plhsi/a	πλησίος	plhsi/os	urn:cite2:hmt:lsj.chicago_md:n83854	a-p---nn-
πλησία	plhsi/a	πλησίος	plhsi/os	urn:cite2:hmt:lsj.chicago_md:n83854	a-p---nv-
πλησία	plhsi/a	πλησίος	plhsi/os	urn:cite2:hmt:lsj.chicago_md:n83854	a-p---na-
πλησία	plhsi/a	πλησίος	plhsi/os	urn:cite2:hmt:lsj.chicago_md:n83854	a-d---fn-
πλησία	plhsi/a	πλησίος	plhsi/os	urn:cite2:hmt:lsj.chicago_md:n83854	a-d---fv-
πλησία	plhsi/a	πλησίος	plhsi/os	urn:cite2:hmt:lsj.chicago_md:n83854	a-d---fa-
πλησία	plhsi/a	πλησίος	plhsi/os	urn:cite2:hmt:lsj.chicago_md:n83854	a-s---fn-
πλησία	plhsi/a	πλησίος	plhsi/os	urn:cite2:hmt:lsj.chicago_md:n83854	a-s---fv-
πλησίον	plhsi/on	πίμπλημι	pi/mplhmi	urn:cite2:hmt:lsj.chicago_md:n83182	v-sfpamv-
πλησίον	plhsi/on	πίμπλημι	pi/mplhmi	urn:cite2:hmt:lsj.chicago_md:n83182	v-sfpann-
πλησίον	plhsi/on	πίμπλημι	pi/mplhmi	urn:cite2:hmt:lsj.chicago_md:n83182	v-sfpanv-
πλησίον	plhsi/on	πίμπλημι	pi/mplhmi	urn:cite2:hmt:lsj.chicago_md:n83182	v-sfpana-
πλησίον	plhsi/on	πλησίος	plhsi/os	urn:cite2:hmt:lsj.chicago_md:n83854	d--------
πλησίον	plhsi/on	πλησίος	plhsi/os	urn:cite2:hmt:lsj.chicago_md:n83854	a-s---ma-
πλησίον	plhsi/on	πλησίος	plhsi/os	urn:cite2:hmt:lsj.chicago_md:n83854	a-s---nn-
πλησίον	plhsi/on	πλησίος	plhsi/os	urn:cite2:hmt:lsj.chicago_md:n83854	a-s---nv-
πλησίον	plhsi/on	πλησίος	plhsi/os	urn:cite2:hmt:lsj.chicago_md:n83854	a-s---na-
πλοῦτος	plou=tos	πλοῦτοσ1	plou=tos	urn:cite2:hmt:lsj.chicago_md:n83987	n-s---mn-
πλοῦτος	plou=tos	πλοῦτοσ1	plou=tos	urn:cite2:hmt:lsj.chicago_md:n83988	n-s---mn-
πλοῦτος	plou=tos	πλοῦτοσ2	plou=tos	urn:cite2:hmt:lsj.chicago_md:n83987	n-s---nn-
πλοῦτος	plou=tos	πλοῦτοσ2	plou=tos	urn:cite2:hmt:lsj.chicago_md:n83988	n-s---nn-
πλοῦτος	plou=tos	πλοῦτοσ2	plou=tos	urn:cite2:hmt:lsj.chicago_md:n83987	n-s---nv-
πλοῦτος	plou=tos	πλοῦτοσ2	plou=tos	urn:cite2:hmt:lsj.chicago_md:n83988	n-s---nv-
πλοῦτος	plou=tos	πλοῦτοσ2	plou=tos	urn:cite2:hmt:lsj.chicago_md:n83987	n-s---na-
πλοῦτος	plou=tos	πλοῦτοσ2	plou=tos	urn:cite2:hmt:lsj.chicago_md:n83988	n-s---na-
πλέον	ple/on	πλέος	ple/os	urn:cite2:hmt:lsj.chicago_md:n83718	n-s---ma-
πλέον	ple/on	πλέος	ple/os	urn:cite2:hmt:lsj.chicago_md:n83718	n-s---nn-
πλέον	ple/on	πλέος	ple/os	urn:cite2:hmt:lsj.chicago_md:n83718	n-s---nv-
πλέον	ple/on	πλέος	ple/os	urn:cite2:hmt:lsj.chicago_md:n83718	n-s---na-
πλέον	ple/on	πλέω	ple/w	urn:cite2:hmt:lsj.chicago_md:n83754	v-sppamv-
πλέον	ple/on	πλέω	ple/w	urn:cite2:hmt:lsj.chicago_md:n83754	v-sppann-
πλέον	ple/on	πλέω	ple/w	urn:cite2:hmt:lsj.chicago_md:n83754	v-sppanv-
πλέον	ple/on	πλέω	ple/w	urn:cite2:hmt:lsj.chicago_md:n83754	v-sppana-
πλέον	ple/on	πλέω	ple/w	urn:cite2:hmt:lsj.chicago_md:n83754	v3piia---
πλέον	ple/on	πλέω	ple/w	urn:cite2:hmt:lsj.chicago_md:n83754	v1siia---
πλέον	ple/on	πλέως	ple/ws	urn:cite2:hmt:lsj.chicago_md:n83756	a-s---ma-
πλέον	ple/on	πλέως	ple/ws	urn:cite2:hmt:lsj.chicago_md:n83756	a-s---nn-
πλέον	ple/on	πλέως	ple/ws	urn:cite2:hmt:lsj.chicago_md:n83756	a-s---nv-
πλέον	ple/on	πλέως	ple/ws	urn:cite2:hmt:lsj.chicago_md:n83756	a-s---na-
πλέον	ple/on	πλείων	plei/wn	urn:cite2:hmt:lsj.chicago_md:n83669	a-s---mv-
πλέον	ple/on	πλείων	plei/wn	urn:cite2:hmt:lsj.chicago_md:n83669	a-s---fv-
πλέον	ple/on	πλείων	plei/wn	urn:cite2:hmt:lsj.chicago_md:n83669	a-s---nn-
πλέον	ple/on	πλείων	plei/wn	urn:cite2:hmt:lsj.chicago_md:n83669	a-s---nv-
πλέον	ple/on	πλείων	plei/wn	urn:cite2:hmt:lsj.chicago_md:n83669	a-s---na-
πλήγματα	plh/gmata	πλῆγμα	plh=gma	urn:cite2:hmt:lsj.chicago_md:n83765	n-p---nn-
πλήγματα	plh/gmata	πλῆγμα	plh=gma	urn:cite2:hmt:lsj.chicago_md:n83765	n-p---nv-
πλήγματα	plh/gmata	πλῆγμα	plh=gma	urn:cite2:hmt:lsj.chicago_md:n83765	n-p---na-
πλήν	plh/n	πλήν	plh/n	urn:cite2:hmt:lsj.chicago_md:n83818	r--------
πλήρωμα	plh/rwma	πλήρωμα	plh/rwma	urn:cite2:hmt:lsj.chicago_md:n83835	n-s---nn-
πλήρωμα	plh/rwma	πλήρωμα	plh/rwma	urn:cite2:hmt:lsj.chicago_md:n83835	n-s---nv-
πλήρωμα	plh/rwma	πλήρωμα	plh/rwma	urn:cite2:hmt:lsj.chicago_md:n83835	n-s---na-
πνευμάτων	pneuma/twn	πνεῦμα	pneu=ma	urn:cite2:hmt:lsj.chicago_md:n84034	n-p---ng-
πνευμάτων	pneuma/twn	πνευματόω	pneumato/w	urn:cite2:hmt:lsj.chicago_md:n84052	v3piia---
πνευμάτων	pneuma/twn	πνευματόω	pneumato/w	urn:cite2:hmt:lsj.chicago_md:n84052	v1siia---
ποδός	podo/s	πούς	pou/s	urn:cite2:hmt:lsj.chicago_md:n86108	n-s---mg-
ποεῖν	poei=n	ποιέω	poie/w	urn:cite2:hmt:lsj.chicago_md:n84234	v--pna---
ποθεν	poqen	ποθεν	poqen	urn:cite2:hmt:lsj.chicago_md:n84202	g--------
ποθουμένᾳ	poqoume/na|	ποθέω	poqe/w	urn:cite2:hmt:lsj.chicago_md:n84205	v-sppefd-
ποθούμεθα	poqou/meqa	ποθέω	poqe/w	urn:cite2:hmt:lsj.chicago_md:n84205	v1ppie---
ποθούμεθα	poqou/meqa	ποθέω	poqe/w	urn:cite2:hmt:lsj.chicago_md:n84205	v1piie---
ποθοῦν	poqou=n	ποθέω	poqe/w	urn:cite2:hmt:lsj.chicago_md:n84205	v-sppamv-
ποθοῦν	poqou=n	ποθέω	poqe/w	urn:cite2:hmt:lsj.chicago_md:n84205	v-sppann-
ποθοῦν	poqou=n	ποθέω	poqe/w	urn:cite2:hmt:lsj.chicago_md:n84205	v-sppanv-
ποθοῦν	poqou=n	ποθέω	poqe/w	urn:cite2:hmt:lsj.chicago_md:n84205	v-sppana-
ποι	poi	ποι	poi	urn:cite2:hmt:lsj.chicago_md:n84227	d--------
ποικίλας	poiki/las	ποικίλλω	poiki/llw	urn:cite2:hmt:lsj.chicago_md:n84267	v-sapamn-
ποικίλας	poiki/las	ποικίλλω	poiki/llw	urn:cite2:hmt:lsj.chicago_md:n84267	v-sapamv-
ποικίλας	poiki/las	ποικίλος	poiki/los	urn:cite2:hmt:lsj.chicago_md:n84295	a-p---fa-
ποικίλας	poiki/las	ποικίλος	poiki/los	urn:cite2:hmt:lsj.chicago_md:n84295	a-s---fg-
ποικίλλεις	poiki/lleis	ποικίλλω	poiki/llw	urn:cite2:hmt:lsj.chicago_md:n84267	v2spia---
πολλοί	polloi/	πολύς	polu/s	urn:cite2:hmt:lsj.chicago_md:n85306	a-p---mn-
πολλοί	polloi/	πολύς	polu/s	urn:cite2:hmt:lsj.chicago_md:n85306	a-p---mv-
πολλούς	pollou/s	πολύς	polu/s	urn:cite2:hmt:lsj.chicago_md:n85306	a-p---ma-
πολλοῖσιν	polloi=sin	πολύς	polu/s	urn:cite2:hmt:lsj.chicago_md:n85306	a-p---md-
πολλοῖσιν	polloi=sin	πολύς	polu/s	urn:cite2:hmt:lsj.chicago_md:n85306	a-p---nd-
πολλοῦ	pollou=	πολύς	polu/s	urn:cite2:hmt:lsj.chicago_md:n85306	a-s---mg-
πολλοῦ	pollou=	πολύς	polu/s	urn:cite2:hmt:lsj.chicago_md:n85306	a-s---ng-
πολλά	polla/	πολύς	polu/s	urn:cite2:hmt:lsj.chicago_md:n85306	a-d---fn-
πολλά	polla/	πολύς	polu/s	urn:cite2:hmt:lsj.chicago_md:n85306	a-d---fv-
πολλά	polla/	πολύς	polu/s	urn:cite2:hmt:lsj.chicago_md:n85306	a-d---fa-
πολλά	polla/	πολύς	polu/s	urn:cite2:hmt:lsj.chicago_md:n85306	a-s---fn-
πολλά	polla/	πολύς	polu/s	urn:cite2:hmt:lsj.chicago_md:n85306	a-s---fv-
πολλά	polla/	πολύς	polu/s	urn:cite2:hmt:lsj.chicago_md:n85306	a-p---nn-
πολλά	polla/	πολύς	polu/s	urn:cite2:hmt:lsj.chicago_md:n85306	a-p---nv-
πολλά	polla/	πολύς	polu/s	urn:cite2:hmt:lsj.chicago_md:n85306	a-p---na-
πολλή	pollh/	πολύς	polu/s	urn:cite2:hmt:lsj.chicago_md:n85306	a-s---fn-
πολλή	pollh/	πολύς	polu/s	urn:cite2:hmt:lsj.chicago_md:n85306	a-s---fv-
πολλήν	pollh/n	πολύς	polu/s	urn:cite2:hmt:lsj.chicago_md:n85306	a-s---fa-
πολλόν	pollo/n	πολύς	polu/s	urn:cite2:hmt:lsj.chicago_md:n85306	a-s---ma-
πολλόν	pollo/n	πολύς	polu/s	urn:cite2:hmt:lsj.chicago_md:n85306	a-s---nn-
πολλόν	pollo/n	πολύς	polu/s	urn:cite2:hmt:lsj.chicago_md:n85306	a-s---nv-
πολλόν	pollo/n	πολύς	polu/s	urn:cite2:hmt:lsj.chicago_md:n85306	a-s---na-
πολλῇ	pollh=|	πολύς	polu/s	urn:cite2:hmt:lsj.chicago_md:n85306	a-s---fd-
πολλῶν	pollw=n	πολύς	polu/s	urn:cite2:hmt:lsj.chicago_md:n85306	a-p---fg-
πολλῶν	pollw=n	πολύς	polu/s	urn:cite2:hmt:lsj.chicago_md:n85306	a-p---mg-
πολλῶν	pollw=n	πολύς	polu/s	urn:cite2:hmt:lsj.chicago_md:n85306	a-p---ng-
πολλῷ	pollw=|	πολύς	polu/s	urn:cite2:hmt:lsj.chicago_md:n85306	a-s---md-
πολλῷ	pollw=|	πολύς	polu/s	urn:cite2:hmt:lsj.chicago_md:n85306	a-s---nd-
πολυγλώσσου	poluglw/ssou	πολύγλωσσος	polu/glwssos	urn:cite2:hmt:lsj.chicago_md:n84710	n-s---mg-
πολυγλώσσου	poluglw/ssou	πολύγλωσσος	polu/glwssos	urn:cite2:hmt:lsj.chicago_md:n84710	n-s---fg-
πολυγλώσσου	poluglw/ssou	πολύγλωσσος	polu/glwssos	urn:cite2:hmt:lsj.chicago_md:n84710	n-s---ng-
πολυθύτους	poluqu/tous	πολύθυτος	polu/qutos	urn:cite2:hmt:lsj.chicago_md:n84887	n-p---ma-
πολυθύτους	poluqu/tous	πολύθυτος	polu/qutos	urn:cite2:hmt:lsj.chicago_md:n84887	n-p---fa-
πολύζηλον	polu/zhlon	πολύζηλος	polu/zhlos	urn:cite2:hmt:lsj.chicago_md:n84828	n-s---ma-
πολύζηλον	polu/zhlon	πολύζηλος	polu/zhlos	urn:cite2:hmt:lsj.chicago_md:n84828	n-s---fa-
πολύζηλον	polu/zhlon	πολύζηλος	polu/zhlos	urn:cite2:hmt:lsj.chicago_md:n84828	n-s---nn-
πολύζηλον	polu/zhlon	πολύζηλος	polu/zhlos	urn:cite2:hmt:lsj.chicago_md:n84828	n-s---nv-
πολύζηλον	polu/zhlon	πολύζηλος	polu/zhlos	urn:cite2:hmt:lsj.chicago_md:n84828	n-s---na-
πολύκωπον	polu/kwpon	πολύκωπος	polu/kwpos	urn:cite2:hmt:lsj.chicago_md:n85012	n-s---ma-
πολύκωπον	polu/kwpon	πολύκωπος	polu/kwpos	urn:cite2:hmt:lsj.chicago_md:n85012	n-s---fa-
πολύκωπον	polu/kwpon	πολύκωπος	polu/kwpos	urn:cite2:hmt:lsj.chicago_md:n85012	n-s---nn-
πολύκωπον	polu/kwpon	πολύκωπος	polu/kwpos	urn:cite2:hmt:lsj.chicago_md:n85012	n-s---nv-
πολύκωπον	polu/kwpon	πολύκωπος	polu/kwpos	urn:cite2:hmt:lsj.chicago_md:n85012	n-s---na-
πολύπονον	polu/ponon	πολύπονος	polu/ponos	urn:cite2:hmt:lsj.chicago_md:n85233	n-s---ma-
πολύπονον	polu/ponon	πολύπονος	polu/ponos	urn:cite2:hmt:lsj.chicago_md:n85233	n-s---fa-
πολύπονον	polu/ponon	πολύπονος	polu/ponos	urn:cite2:hmt:lsj.chicago_md:n85233	n-s---nn-
πολύπονον	polu/ponon	πολύπονος	polu/ponos	urn:cite2:hmt:lsj.chicago_md:n85233	n-s---nv-
πολύπονον	polu/ponon	πολύπονος	polu/ponos	urn:cite2:hmt:lsj.chicago_md:n85233	n-s---na-
πολύς	polu/s	πολύς	polu/s	urn:cite2:hmt:lsj.chicago_md:n85306	n-s---mn-
πολύφθορος	polu/fqoros	πολύφθορος	polu/fqoros	urn:cite2:hmt:lsj.chicago_md:n85496	n-s---mn-
πολύφθορος	polu/fqoros	πολύφθορος	polu/fqoros	urn:cite2:hmt:lsj.chicago_md:n85496	n-s---fn-
πομπεύω	pompeu/w	πομπεύω	pompeu/w	urn:cite2:hmt:lsj.chicago_md:n85625	v1spsa---
πομπεύω	pompeu/w	πομπεύω	pompeu/w	urn:cite2:hmt:lsj.chicago_md:n85625	v1spia---
πομπίμοις	pompi/mois	πόμπιμος	po/mpimos	urn:cite2:hmt:lsj.chicago_md:n85630	a-p---md-
πομπίμοις	pompi/mois	πόμπιμος	po/mpimos	urn:cite2:hmt:lsj.chicago_md:n85630	a-p---nd-
πομπίμοις	pompi/mois	πόμπιμος	po/mpimos	urn:cite2:hmt:lsj.chicago_md:n85630	n-p---md-
πομπίμοις	pompi/mois	πόμπιμος	po/mpimos	urn:cite2:hmt:lsj.chicago_md:n85630	n-p---fd-
πομπίμοις	pompi/mois	πόμπιμος	po/mpimos	urn:cite2:hmt:lsj.chicago_md:n85630	n-p---nd-
πομπός	pompo/s	πομπός	pompo/s	urn:cite2:hmt:lsj.chicago_md:n85632	n-s---mn-
πονεῖν	ponei=n	πονέω	pone/w	urn:cite2:hmt:lsj.chicago_md:n85643	v--pna---
ποντίας	ponti/as	πόντιος	po/ntios	urn:cite2:hmt:lsj.chicago_md:n85675	a-p---fa-
ποντίας	ponti/as	πόντιος	po/ntios	urn:cite2:hmt:lsj.chicago_md:n85675	a-s---fg-
πονῶν	ponw=n	πονέω	pone/w	urn:cite2:hmt:lsj.chicago_md:n85643	v-sppamn-
πορευέσθω	poreue/sqw	πορεύω	poreu/w	urn:cite2:hmt:lsj.chicago_md:n85734	v3spme---
πορεύεται	poreu/etai	πορεύω	poreu/w	urn:cite2:hmt:lsj.chicago_md:n85734	v3spie---
πορθμῶν	porqmw=n	πορθμός	porqmo/s	urn:cite2:hmt:lsj.chicago_md:n85756	n-p---mg-
ποταμοῦ	potamou=	ποταμός	potamo/s	urn:cite2:hmt:lsj.chicago_md:n85953	n-s---mg-
ποταμόν	potamo/n	ποταμός	potamo/s	urn:cite2:hmt:lsj.chicago_md:n85953	n-s---ma-
ποταμός	potamo/s	ποταμός	potamo/s	urn:cite2:hmt:lsj.chicago_md:n85953	n-s---mn-
ποτε	pote	ποτέ	pote/	urn:cite2:hmt:lsj.chicago_md:n85971	g--------
ποτε	pote	ποτέ	pote/	urn:cite2:hmt:lsj.chicago_md:n85971a	g--------
ποτιψαύων	potiyau/wn	προσψαύω	prosyau/w	urn:cite2:hmt:lsj.chicago_md:n90404	v-sppamn-
ποτοῦ	potou=	ποτάομαι	pota/omai	urn:cite2:hmt:lsj.chicago_md:n85962	v2spme---
ποτοῦ	potou=	ποτάομαι	pota/omai	urn:cite2:hmt:lsj.chicago_md:n85962	v2siie---
ποτοῦ	potou=	ποτέομαι	pote/omai	urn:cite2:hmt:lsj.chicago_md:n85979	v2spme---
ποτοῦ	potou=	ποτέομαι	pote/omai	urn:cite2:hmt:lsj.chicago_md:n85979	v2siie---
ποτοῦ	potou=	ποτός	poto/s	urn:cite2:hmt:lsj.chicago_md:n86083	a-s---mg-
ποτοῦ	potou=	ποτός	poto/s	urn:cite2:hmt:lsj.chicago_md:n86083	a-s---ng-
ποτοῦ	potou=	προσίημι	prosi/hmi	urn:cite2:hmt:lsj.chicago_md:n89440	v--amm---
ποτέ	pote/	ποτέ	pote/	urn:cite2:hmt:lsj.chicago_md:n85971	g--------
ποτέ	pote/	ποτέ	pote/	urn:cite2:hmt:lsj.chicago_md:n85971a	g--------
ποτέ	pote/	ποτός	poto/s	urn:cite2:hmt:lsj.chicago_md:n86083	a-s---mv-
που	pou	πού	pou/	urn:cite2:hmt:lsj.chicago_md:n86087	d--------
που	pou	πού	pou/	urn:cite2:hmt:lsj.chicago_md:n86088	d--------
ποήσω	poh/sw	ποιέω	poie/w	urn:cite2:hmt:lsj.chicago_md:n84234	v1sasa---
ποήσω	poh/sw	ποιέω	poie/w	urn:cite2:hmt:lsj.chicago_md:n84234	v1sfia---
ποήσω	poh/sw	ποιέω	poie/w	urn:cite2:hmt:lsj.chicago_md:n84234	v2saim---
ποίαις	poi/ais	πόα	po/a	urn:cite2:hmt:lsj.chicago_md:n84094	n-p---fd-
ποίαις	poi/ais	ποῖος	poi=os	urn:cite2:hmt:lsj.chicago_md:n84363	a-p---fd-
ποίαν	poi/an	πόα	po/a	urn:cite2:hmt:lsj.chicago_md:n84094	n-s---fa-
ποίαν	poi/an	ποῖος	poi=os	urn:cite2:hmt:lsj.chicago_md:n84363	a-s---fa-
ποίνιμος	poi/nimos	ποίνιμος	poi/nimos	urn:cite2:hmt:lsj.chicago_md:n84353	n-s---mn-
ποίνιμος	poi/nimos	ποίνιμος	poi/nimos	urn:cite2:hmt:lsj.chicago_md:n84353	n-s---fn-
ποίοις	poi/ois	ποῖος	poi=os	urn:cite2:hmt:lsj.chicago_md:n84363	a-p---md-
ποίοις	poi/ois	ποῖος	poi=os	urn:cite2:hmt:lsj.chicago_md:n84363	a-p---nd-
ποίοις	poi/ois	ποιέω	poie/w	urn:cite2:hmt:lsj.chicago_md:n84234	v2spoa---
ποῖ	poi=	ποι	poi	urn:cite2:hmt:lsj.chicago_md:n84227	d--------
ποῖ	poi=	ποῖ	poi=	urn:cite2:hmt:lsj.chicago_md:n84227	d--------
ποῖα	poi=a	ποῖος	poi=os	urn:cite2:hmt:lsj.chicago_md:n84363	a-p---nn-
ποῖα	poi=a	ποῖος	poi=os	urn:cite2:hmt:lsj.chicago_md:n84363	a-p---nv-
ποῖα	poi=a	ποῖος	poi=os	urn:cite2:hmt:lsj.chicago_md:n84363	a-p---na-
ποῖον	poi=on	ποῖος	poi=os	urn:cite2:hmt:lsj.chicago_md:n84363	a-s---ma-
ποῖον	poi=on	ποῖος	poi=os	urn:cite2:hmt:lsj.chicago_md:n84363	a-s---nn-
ποῖον	poi=on	ποῖος	poi=os	urn:cite2:hmt:lsj.chicago_md:n84363	a-s---nv-
ποῖον	poi=on	ποῖος	poi=os	urn:cite2:hmt:lsj.chicago_md:n84363	a-s---na-
ποῦ	pou=	πού	pou/	urn:cite2:hmt:lsj.chicago_md:n86087	d--------
ποῦ	pou=	πού	pou/	urn:cite2:hmt:lsj.chicago_md:n86088	d--------
ποῦ	pou=	ποῦ	pou=	urn:cite2:hmt:lsj.chicago_md:n86087	x--------
πραθείς	praqei/s	πιπράσκω	pipra/skw	urn:cite2:hmt:lsj.chicago_md:n83251	v-sappmn-
πραθείς	praqei/s	πιπράσκω	pipra/skw	urn:cite2:hmt:lsj.chicago_md:n83251	v-sappmv-
πρασσομένων	prassome/nwn	πράσσω	pra/ssw	urn:cite2:hmt:lsj.chicago_md:n86219	v-pppefg-
πρασσομένων	prassome/nwn	πράσσω	pra/ssw	urn:cite2:hmt:lsj.chicago_md:n86219	v-pppemg-
πρασσομένων	prassome/nwn	πράσσω	pra/ssw	urn:cite2:hmt:lsj.chicago_md:n86219	v-pppeng-
πρατόν	prato/n	πρατός	prato/s	urn:cite2:hmt:lsj.chicago_md:n86236	a-s---ma-
πρατόν	prato/n	πρατός	prato/s	urn:cite2:hmt:lsj.chicago_md:n86236	a-s---nn-
πρατόν	prato/n	πρατός	prato/s	urn:cite2:hmt:lsj.chicago_md:n86236	a-s---nv-
πρατόν	prato/n	πρατός	prato/s	urn:cite2:hmt:lsj.chicago_md:n86236	a-s---na-
πρεσβεύσῃς	presbeu/sh|s	πρεσβεύω	presbeu/w	urn:cite2:hmt:lsj.chicago_md:n86293	v2sasa---
προθυμεῖ	proqumei=	προθυμέομαι	proqume/omai	urn:cite2:hmt:lsj.chicago_md:n87535	v2spie---
προθυμεῖ	proqumei=	προθυμέομαι	proqume/omai	urn:cite2:hmt:lsj.chicago_md:n87535	v2spie---
προθυμεῖ	proqumei=	προθυμέομαι	proqume/omai	urn:cite2:hmt:lsj.chicago_md:n87535	v3spia---
προθυμίαν	proqumi/an	προθυμία	proqumi/a	urn:cite2:hmt:lsj.chicago_md:n87537	n-s---fa-
προκηδομένα	prokhdome/na	προκήδομαι	prokh/domai	urn:cite2:hmt:lsj.chicago_md:n87782	v-dppefn-
προκηδομένα	prokhdome/na	προκήδομαι	prokh/domai	urn:cite2:hmt:lsj.chicago_md:n87782	v-dppefv-
προκηδομένα	prokhdome/na	προκήδομαι	prokh/domai	urn:cite2:hmt:lsj.chicago_md:n87782	v-dppefa-
προκηδομένα	prokhdome/na	προκήδομαι	prokh/domai	urn:cite2:hmt:lsj.chicago_md:n87782	v-sppefn-
προκηδομένα	prokhdome/na	προκήδομαι	prokh/domai	urn:cite2:hmt:lsj.chicago_md:n87782	v-sppefv-
προκηραίνουσα	prokhrai/nousa	προκηραίνω	prokhrai/nw	urn:cite2:hmt:lsj.chicago_md:n87783	v-sppafn-
προκηραίνουσα	prokhrai/nousa	προκηραίνω	prokhrai/nw	urn:cite2:hmt:lsj.chicago_md:n87783	v-sppafv-
προμάχου	proma/xou	πρόμαχος	pro/maxos	urn:cite2:hmt:lsj.chicago_md:n87992	n-s---mg-
προμάχου	proma/xou	πρόμαχος	pro/maxos	urn:cite2:hmt:lsj.chicago_md:n87992	n-s---fg-
προμάχου	proma/xou	πρόμαχος	pro/maxos	urn:cite2:hmt:lsj.chicago_md:n87992	n-s---ng-
προμάχου	proma/xou	προμάχομαι	proma/xomai	urn:cite2:hmt:lsj.chicago_md:n87990	v2spme---
προμάχου	proma/xou	προμάχομαι	proma/xomai	urn:cite2:hmt:lsj.chicago_md:n87990	v2siie---
προνοίας	pronoi/as	πρόνοια	pro/noia	urn:cite2:hmt:lsj.chicago_md:n88094	n-p---fa-
προνοίας	pronoi/as	πρόνοια	pro/noia	urn:cite2:hmt:lsj.chicago_md:n88094	n-s---fg-
προνοίας	pronoi/as	πρόνοια	pro/noia	urn:cite2:hmt:lsj.chicago_md:n88094	n-p---fa-
προνοίας	pronoi/as	πρόνοια	pro/noia	urn:cite2:hmt:lsj.chicago_md:n88094	n-s---fg-
προξενεῖ	procenei=	προξενέω	procene/w	urn:cite2:hmt:lsj.chicago_md:n88115	v2spie---
προξενεῖ	procenei=	προξενέω	procene/w	urn:cite2:hmt:lsj.chicago_md:n88115	v3spia---
προορῶσα	proorw=sa	προοράω	proora/w	urn:cite2:hmt:lsj.chicago_md:n88183	v-sppafn-
προορῶσα	proorw=sa	προοράω	proora/w	urn:cite2:hmt:lsj.chicago_md:n88183	v-sppafv-
προορῶσα	proorw=sa	προοράω	proora/w	urn:cite2:hmt:lsj.chicago_md:n88183	v-sppafn-
προορῶσα	proorw=sa	προοράω	proora/w	urn:cite2:hmt:lsj.chicago_md:n88183	v-sppafv-
προπετές	propete/s	προπετής	propeth/s	urn:cite2:hmt:lsj.chicago_md:n88299	n-s---mv-
προπετές	propete/s	προπετής	propeth/s	urn:cite2:hmt:lsj.chicago_md:n88299	n-s---fv-
προπετές	propete/s	προπετής	propeth/s	urn:cite2:hmt:lsj.chicago_md:n88299	n-s---nn-
προπετές	propete/s	προπετής	propeth/s	urn:cite2:hmt:lsj.chicago_md:n88299	n-s---nv-
προπετές	propete/s	προπετής	propeth/s	urn:cite2:hmt:lsj.chicago_md:n88299	n-s---na-
προπετής	propeth/s	προπετής	propeth/s	urn:cite2:hmt:lsj.chicago_md:n88299	n-s---mn-
προπετής	propeth/s	προπετής	propeth/s	urn:cite2:hmt:lsj.chicago_md:n88299	n-s---fn-
προσαρμόσαι	prosarmo/sai	προσαρμόζω	prosarmo/zw	urn:cite2:hmt:lsj.chicago_md:n88735	v--ana---
προσαρμόσαι	prosarmo/sai	προσαρμόζω	prosarmo/zw	urn:cite2:hmt:lsj.chicago_md:n88735	v3saoa---
προσβαλεῖν	prosbalei=n	προσβάλλω	prosba/llw	urn:cite2:hmt:lsj.chicago_md:n88781	v--ana---
προσβαλεῖν	prosbalei=n	προσβάλλω	prosba/llw	urn:cite2:hmt:lsj.chicago_md:n88781	v--fna---
προσβαλοῦσ’	prosbalou=s'	προσβάλλω	prosba/llw	urn:cite2:hmt:lsj.chicago_md:n88781	v-sapafn-
προσβαλοῦσ’	prosbalou=s'	προσβάλλω	prosba/llw	urn:cite2:hmt:lsj.chicago_md:n88781	v-sapafv-
προσβαλοῦσ’	prosbalou=s'	προσβάλλω	prosba/llw	urn:cite2:hmt:lsj.chicago_md:n88781	v-sfpafn-
προσβαλοῦσ’	prosbalou=s'	προσβάλλω	prosba/llw	urn:cite2:hmt:lsj.chicago_md:n88781	v-sfpafv-
προσβαλοῦσ’	prosbalou=s'	προσβάλλω	prosba/llw	urn:cite2:hmt:lsj.chicago_md:n88781	v-papamd-
προσβαλοῦσ’	prosbalou=s'	προσβάλλω	prosba/llw	urn:cite2:hmt:lsj.chicago_md:n88781	v-papand-
προσβαλοῦσ’	prosbalou=s'	προσβάλλω	prosba/llw	urn:cite2:hmt:lsj.chicago_md:n88781	v-pfpamd-
προσβαλοῦσ’	prosbalou=s'	προσβάλλω	prosba/llw	urn:cite2:hmt:lsj.chicago_md:n88781	v-pfpand-
προσβαλοῦσ’	prosbalou=s'	προσβάλλω	prosba/llw	urn:cite2:hmt:lsj.chicago_md:n88781	v3pfia---
προσβαλοῦσ’	prosbalou=s'	προσβάλλω	prosba/llw	urn:cite2:hmt:lsj.chicago_md:n88781	v-papafn-
προσβαλοῦσ’	prosbalou=s'	προσβάλλω	prosba/llw	urn:cite2:hmt:lsj.chicago_md:n88781	v-papafv-
προσβαλοῦσ’	prosbalou=s'	προσβάλλω	prosba/llw	urn:cite2:hmt:lsj.chicago_md:n88781	v-pfpafn-
προσβαλοῦσ’	prosbalou=s'	προσβάλλω	prosba/llw	urn:cite2:hmt:lsj.chicago_md:n88781	v-pfpafv-
προσβαλών	prosbalw/n	προσβάλλω	prosba/llw	urn:cite2:hmt:lsj.chicago_md:n88781	v-sapamn-
προσβλέψας	prosble/yas	προσβλέπω	prosble/pw	urn:cite2:hmt:lsj.chicago_md:n88796	v-sapamn-
προσβλέψας	prosble/yas	προσβλέπω	prosble/pw	urn:cite2:hmt:lsj.chicago_md:n88796	v-sapamv-
προσβλέψασ’	prosble/yas'	προσβλέπω	prosble/pw	urn:cite2:hmt:lsj.chicago_md:n88796	v-sapafn-
προσβλέψασ’	prosble/yas'	προσβλέπω	prosble/pw	urn:cite2:hmt:lsj.chicago_md:n88796	v-sapafv-
προσβλέψασ’	prosble/yas'	προσβλέπω	prosble/pw	urn:cite2:hmt:lsj.chicago_md:n88796	v-papamd-
προσβλέψασ’	prosble/yas'	προσβλέπω	prosble/pw	urn:cite2:hmt:lsj.chicago_md:n88796	v-papand-
προσβλέψασ’	prosble/yas'	προσβλέπω	prosble/pw	urn:cite2:hmt:lsj.chicago_md:n88796	v-papafn-
προσβλέψασ’	prosble/yas'	προσβλέπω	prosble/pw	urn:cite2:hmt:lsj.chicago_md:n88796	v-papafv-
προσγίγνεται	prosgi/gnetai	προσγίγνομαι	prosgi/gnomai	urn:cite2:hmt:lsj.chicago_md:n88821	v3spie---
προσδεδεγμένη	prosdedegme/nh	προσδέχομαι	prosde/xomai	urn:cite2:hmt:lsj.chicago_md:n88855	v-srpefn-
προσδεδεγμένη	prosdedegme/nh	προσδέχομαι	prosde/xomai	urn:cite2:hmt:lsj.chicago_md:n88855	v-srpefv-
προσδέγματ’	prosde/gmat'	πρόσδεγμα	pro/sdegma	urn:cite2:hmt:lsj.chicago_md:n88837	n-p---nn-
προσδέγματ’	prosde/gmat'	πρόσδεγμα	pro/sdegma	urn:cite2:hmt:lsj.chicago_md:n88837	n-p---nv-
προσδέγματ’	prosde/gmat'	πρόσδεγμα	pro/sdegma	urn:cite2:hmt:lsj.chicago_md:n88837	n-p---na-
προσδέγματ’	prosde/gmat'	πρόσδεγμα	pro/sdegma	urn:cite2:hmt:lsj.chicago_md:n88837	n-s---nd-
προσδέγματ’	prosde/gmat'	πρόσδεγμα	pro/sdegma	urn:cite2:hmt:lsj.chicago_md:n88837	n-d---nn-
προσδέγματ’	prosde/gmat'	πρόσδεγμα	pro/sdegma	urn:cite2:hmt:lsj.chicago_md:n88837	n-d---nv-
προσδέγματ’	prosde/gmat'	πρόσδεγμα	pro/sdegma	urn:cite2:hmt:lsj.chicago_md:n88837	n-d---na-
προσδέξομαι	prosde/comai	προσδέχομαι	prosde/xomai	urn:cite2:hmt:lsj.chicago_md:n88855	v1sasm---
προσδέξομαι	prosde/comai	προσδέχομαι	prosde/xomai	urn:cite2:hmt:lsj.chicago_md:n88855	v1sfim---
προσδόκα	prosdo/ka	προσδοκάω	prosdoka/w	urn:cite2:hmt:lsj.chicago_md:n88917	v2spma---
προσδόκα	prosdo/ka	προσδοκάω	prosdoka/w	urn:cite2:hmt:lsj.chicago_md:n88917	v2spma---
προσδόκα	prosdo/ka	προσδοκάω	prosdoka/w	urn:cite2:hmt:lsj.chicago_md:n88917	v3siia---
προσδόκα	prosdo/ka	προσδοκάω	prosdoka/w	urn:cite2:hmt:lsj.chicago_md:n88917	v3siia---
προσελθόνθ’	proselqo/nq'	προσέρχομαι	prose/rxomai	urn:cite2:hmt:lsj.chicago_md:n89311	v-papann-
προσελθόνθ’	proselqo/nq'	προσέρχομαι	prose/rxomai	urn:cite2:hmt:lsj.chicago_md:n89311	v-papanv-
προσελθόνθ’	proselqo/nq'	προσέρχομαι	prose/rxomai	urn:cite2:hmt:lsj.chicago_md:n89311	v-papana-
προσελθόνθ’	proselqo/nq'	προσέρχομαι	prose/rxomai	urn:cite2:hmt:lsj.chicago_md:n89311	v-sapama-
προσελθόνθ’	proselqo/nq'	προσέρχομαι	prose/rxomai	urn:cite2:hmt:lsj.chicago_md:n89311	v-sapamd-
προσελθόνθ’	proselqo/nq'	προσέρχομαι	prose/rxomai	urn:cite2:hmt:lsj.chicago_md:n89311	v-sapand-
προσελθόνθ’	proselqo/nq'	προσέρχομαι	prose/rxomai	urn:cite2:hmt:lsj.chicago_md:n89311	v-dapamn-
προσελθόνθ’	proselqo/nq'	προσέρχομαι	prose/rxomai	urn:cite2:hmt:lsj.chicago_md:n89311	v-dapamv-
προσελθόνθ’	proselqo/nq'	προσέρχομαι	prose/rxomai	urn:cite2:hmt:lsj.chicago_md:n89311	v-dapama-
προσελθόνθ’	proselqo/nq'	προσέρχομαι	prose/rxomai	urn:cite2:hmt:lsj.chicago_md:n89311	v-dapann-
προσελθόνθ’	proselqo/nq'	προσέρχομαι	prose/rxomai	urn:cite2:hmt:lsj.chicago_md:n89311	v-dapanv-
προσελθόνθ’	proselqo/nq'	προσέρχομαι	prose/rxomai	urn:cite2:hmt:lsj.chicago_md:n89311	v-dapana-
προσελθών	proselqw/n	προσέρχομαι	prose/rxomai	urn:cite2:hmt:lsj.chicago_md:n89311	v-sapamn-
προσεῖδε	prosei=de	προσεῖδον	prosei=don	urn:cite2:hmt:lsj.chicago_md:n88963	v3saia---
προσεῖναι	prosei=nai	πρόσειμι1	pro/seimi	urn:cite2:hmt:lsj.chicago_md:n88971	v--pna---
προσεῖναι	prosei=nai	πρόσειμι1	pro/seimi	urn:cite2:hmt:lsj.chicago_md:n88972	v--pna---
προσεῖναι	prosei=nai	προσίημι	prosi/hmi	urn:cite2:hmt:lsj.chicago_md:n89440	v--ana---
προσεῖναι	prosei=nai	προσίημι	prosi/hmi	urn:cite2:hmt:lsj.chicago_md:n89440	v--ana---
προσθοῦ	prosqou=	προσθέω	prosqe/w	urn:cite2:hmt:lsj.chicago_md:n89414	v2spme---
προσθοῦ	prosqou=	προσθέω	prosqe/w	urn:cite2:hmt:lsj.chicago_md:n89414	v2spmm---
προσθοῦ	prosqou=	προσθέω	prosqe/w	urn:cite2:hmt:lsj.chicago_md:n89414	v2siie---
προσθοῦ	prosqou=	προσθέω	prosqe/w	urn:cite2:hmt:lsj.chicago_md:n89414	v2siim---
προσθοῦ	prosqou=	προστίθημι	prosti/qhmi	urn:cite2:hmt:lsj.chicago_md:n90166	v2samm---
προσιδεῖν	prosidei=n	προσεῖδον	prosei=don	urn:cite2:hmt:lsj.chicago_md:n88963	v--ana---
προσμαχθέν	prosmaxqe/n	προσμάσσω	prosma/ssw	urn:cite2:hmt:lsj.chicago_md:n89732	v-sappnn-
προσμαχθέν	prosmaxqe/n	προσμάσσω	prosma/ssw	urn:cite2:hmt:lsj.chicago_md:n89732	v-sappnv-
προσμαχθέν	prosmaxqe/n	προσμάσσω	prosma/ssw	urn:cite2:hmt:lsj.chicago_md:n89732	v-sappna-
προσμαχθέν	prosmaxqe/n	προσμάσσω	prosma/ssw	urn:cite2:hmt:lsj.chicago_md:n89732	v-sappnn-
προσμαχθέν	prosmaxqe/n	προσμάσσω	prosma/ssw	urn:cite2:hmt:lsj.chicago_md:n89732	v-sappnv-
προσμαχθέν	prosmaxqe/n	προσμάσσω	prosma/ssw	urn:cite2:hmt:lsj.chicago_md:n89732	v-sappna-
προσμένουσ’	prosme/nous'	προσμένω	prosme/nw	urn:cite2:hmt:lsj.chicago_md:n89743	v-sppafn-
προσμένουσ’	prosme/nous'	προσμένω	prosme/nw	urn:cite2:hmt:lsj.chicago_md:n89743	v-sppafv-
προσμένουσ’	prosme/nous'	προσμένω	prosme/nw	urn:cite2:hmt:lsj.chicago_md:n89743	v-pppamd-
προσμένουσ’	prosme/nous'	προσμένω	prosme/nw	urn:cite2:hmt:lsj.chicago_md:n89743	v-pppand-
προσμένουσ’	prosme/nous'	προσμένω	prosme/nw	urn:cite2:hmt:lsj.chicago_md:n89743	v3ppia---
προσμένουσ’	prosme/nous'	προσμένω	prosme/nw	urn:cite2:hmt:lsj.chicago_md:n89743	v-pppafn-
προσμένουσ’	prosme/nous'	προσμένω	prosme/nw	urn:cite2:hmt:lsj.chicago_md:n89743	v-pppafv-
προσμένωμεν	prosme/nwmen	προσμένω	prosme/nw	urn:cite2:hmt:lsj.chicago_md:n89743	v1ppsa---
προσμόλοι	prosmo/loi	προσμολεῖν	prosmolei=n	urn:cite2:hmt:lsj.chicago_md:n89760	v3saoa---
προσπτύσσεται	prosptu/ssetai	προσπτύσσω	prosptu/ssw	urn:cite2:hmt:lsj.chicago_md:n90009	v3spie---
προσπτύσσεται	prosptu/ssetai	προσπτύσσω	prosptu/ssw	urn:cite2:hmt:lsj.chicago_md:n90009	v3spie---
προσπίπτουσ’	prospi/ptous'	προσπίτνω	prospi/tnw	urn:cite2:hmt:lsj.chicago_md:n89960	v-sppafn-
προσπίπτουσ’	prospi/ptous'	προσπίτνω	prospi/tnw	urn:cite2:hmt:lsj.chicago_md:n89960	v-sppafv-
προσπίπτουσ’	prospi/ptous'	προσπίτνω	prospi/tnw	urn:cite2:hmt:lsj.chicago_md:n89960	v-pppamd-
προσπίπτουσ’	prospi/ptous'	προσπίτνω	prospi/tnw	urn:cite2:hmt:lsj.chicago_md:n89960	v-pppand-
προσπίπτουσ’	prospi/ptous'	προσπίτνω	prospi/tnw	urn:cite2:hmt:lsj.chicago_md:n89960	v3ppia---
προσπίπτουσ’	prospi/ptous'	προσπίτνω	prospi/tnw	urn:cite2:hmt:lsj.chicago_md:n89960	v-pppafn-
προσπίπτουσ’	prospi/ptous'	προσπίτνω	prospi/tnw	urn:cite2:hmt:lsj.chicago_md:n89960	v-pppafv-
προστακέντος	prostake/ntos	προστήκομαι	prosth/komai	urn:cite2:hmt:lsj.chicago_md:n90160	v-sappmg-
προστακέντος	prostake/ntos	προστήκομαι	prosth/komai	urn:cite2:hmt:lsj.chicago_md:n90160	v-sappng-
προστάταν	prosta/tan	προστάτης	prosta/ths	urn:cite2:hmt:lsj.chicago_md:n90128	n-s---ma-
προστάταν	prosta/tan	προστάτης	prosta/ths	urn:cite2:hmt:lsj.chicago_md:n90128	n-s---ma-
προσφωνούμεθα	prosfwnou/meqa	προσφωνέω	prosfwne/w	urn:cite2:hmt:lsj.chicago_md:n90351	v1ppie---
προσφωνούμεθα	prosfwnou/meqa	προσφωνέω	prosfwne/w	urn:cite2:hmt:lsj.chicago_md:n90351	v1ppie---
προσφωνούμεθα	prosfwnou/meqa	προσφωνέω	prosfwne/w	urn:cite2:hmt:lsj.chicago_md:n90351	v1piie---
προσφωνούμεθα	prosfwnou/meqa	προσφωνέω	prosfwne/w	urn:cite2:hmt:lsj.chicago_md:n90351	v1piie---
προσωμίλησά	proswmi/lhsa/	προσομιλέω	prosomile/w	urn:cite2:hmt:lsj.chicago_md:n89820	v1saia---
προσέβαλε	prose/bale	προσβάλλω	prosba/llw	urn:cite2:hmt:lsj.chicago_md:n88781	v3saia---
προσέβαλε	prose/bale	προσβάλλω	prosba/llw	urn:cite2:hmt:lsj.chicago_md:n88781	v3saia---
προσέδρου	prose/drou	πρόσεδρος	pro/sedros	urn:cite2:hmt:lsj.chicago_md:n88957	n-s---mg-
προσέδρου	prose/drou	πρόσεδρος	pro/sedros	urn:cite2:hmt:lsj.chicago_md:n88957	n-s---fg-
προσέδρου	prose/drou	πρόσεδρος	pro/sedros	urn:cite2:hmt:lsj.chicago_md:n88957	n-s---ng-
προσέμιξεν	prose/micen	προσμείγνυμι	prosmei/gnumi	urn:cite2:hmt:lsj.chicago_md:n89736	v3saia---
προσῆγε	prosh=ge	προσάγω	prosa/gw	urn:cite2:hmt:lsj.chicago_md:n88467	v3siia---
προταρβεῖν	protarbei=n	προταρβέω	protarbe/w	urn:cite2:hmt:lsj.chicago_md:n90461	v--pna---
προταρβεῖν	protarbei=n	προταρβέω	protarbe/w	urn:cite2:hmt:lsj.chicago_md:n90461	v--pna---
προτείνω	protei/nw	προτείνω	protei/nw	urn:cite2:hmt:lsj.chicago_md:n90470	v1sasa---
προτείνω	protei/nw	προτείνω	protei/nw	urn:cite2:hmt:lsj.chicago_md:n90470	v1spsa---
προτείνω	protei/nw	προτείνω	protei/nw	urn:cite2:hmt:lsj.chicago_md:n90470	v1spia---
προτείνω	protei/nw	προτείνω	protei/nw	urn:cite2:hmt:lsj.chicago_md:n90470	v2saim---
προτιμᾷ	protima=|	προτιμάω	protima/w	urn:cite2:hmt:lsj.chicago_md:n90524	v2spse---
προτιμᾷ	protima=|	προτιμάω	protima/w	urn:cite2:hmt:lsj.chicago_md:n90524	v2spie---
προτιμᾷ	protima=|	προτιμάω	protima/w	urn:cite2:hmt:lsj.chicago_md:n90524	v3spsa---
προτιμᾷ	protima=|	προτιμάω	protima/w	urn:cite2:hmt:lsj.chicago_md:n90524	v3spia---
προτιμᾷ	protima=|	προτιμάω	protima/w	urn:cite2:hmt:lsj.chicago_md:n90524	v2spse---
προτιμᾷ	protima=|	προτιμάω	protima/w	urn:cite2:hmt:lsj.chicago_md:n90524	v2spie---
προτιμᾷ	protima=|	προτιμάω	protima/w	urn:cite2:hmt:lsj.chicago_md:n90524	v3spsa---
προτιμᾷ	protima=|	προτιμάω	protima/w	urn:cite2:hmt:lsj.chicago_md:n90524	v3spia---
προτάξας	prota/cas	προσάγω	prosa/gw	urn:cite2:hmt:lsj.chicago_md:n88467	v-sapamn-
προτάξας	prota/cas	προσάγω	prosa/gw	urn:cite2:hmt:lsj.chicago_md:n88467	v-sapamv-
προτάξας	prota/cas	προτάσσω	prota/ssw	urn:cite2:hmt:lsj.chicago_md:n90464	v-sapamn-
προτάξας	prota/cas	προτάσσω	prota/ssw	urn:cite2:hmt:lsj.chicago_md:n90464	v-sapamv-
προτάξας	prota/cas	προτάσσω	prota/ssw	urn:cite2:hmt:lsj.chicago_md:n90464	v-sapamn-
προτάξας	prota/cas	προτάσσω	prota/ssw	urn:cite2:hmt:lsj.chicago_md:n90464	v-sapamv-
προυδιδάξατο	proudida/cato	προδιδάσκω	prodida/skw	urn:cite2:hmt:lsj.chicago_md:n87037	v3saim---
προυννέπω	prounne/pw	προεννέπω	proenne/pw	urn:cite2:hmt:lsj.chicago_md:n87289	v1spsa---
προυννέπω	prounne/pw	προεννέπω	proenne/pw	urn:cite2:hmt:lsj.chicago_md:n87289	v1spia---
προυξεφίεσο	proucefi/eso	προεξεφίεμαι	proecefi/emai	urn:cite2:hmt:lsj.chicago_md:n87343	v2siie---
προυξεφίεσο	proucefi/eso	προεξεφίεμαι	proecefi/emai	urn:cite2:hmt:lsj.chicago_md:n87343	v2spme---
προυξεφίεσο	proucefi/eso	προεξεφίεμαι	proecefi/emai	urn:cite2:hmt:lsj.chicago_md:n87343	v2siie---
προφαίνει	profai/nei	προφαίνω	profai/nw	urn:cite2:hmt:lsj.chicago_md:n90654	v2spie---
προφαίνει	profai/nei	προφαίνω	profai/nw	urn:cite2:hmt:lsj.chicago_md:n90654	v3spia---
προφάσει	profa/sei	πρόφασις	pro/fasis	urn:cite2:hmt:lsj.chicago_md:n90661	n-d---fn-
προφάσει	profa/sei	πρόφασις	pro/fasis	urn:cite2:hmt:lsj.chicago_md:n90661	n-d---fv-
προφάσει	profa/sei	πρόφασις	pro/fasis	urn:cite2:hmt:lsj.chicago_md:n90661	n-d---fa-
προφάσει	profa/sei	πρόφασις	pro/fasis	urn:cite2:hmt:lsj.chicago_md:n90661	n-s---fd-
προφάσει	profa/sei	πρόφασις	pro/fasis	urn:cite2:hmt:lsj.chicago_md:n90661	n-s---fd-
προφάσει	profa/sei	προφάω	profa/w	urn:cite2:hmt:lsj.chicago_md:n90667	v3sasa---
προφάσει	profa/sei	προφάω	profa/w	urn:cite2:hmt:lsj.chicago_md:n90667	v2sfim---
προφάσει	profa/sei	προφάω	profa/w	urn:cite2:hmt:lsj.chicago_md:n90667	v3sfia---
προύβαλες	prou/bales	προβάλλω	proba/llw	urn:cite2:hmt:lsj.chicago_md:n86767	v2saia---
προύθηκεν	prou/qhken	προτίθημι	proti/qhmi	urn:cite2:hmt:lsj.chicago_md:n90522	v3saia---
προύκειτο	prou/keito	πρόκειμαι	pro/keimai	urn:cite2:hmt:lsj.chicago_md:n87771	v3siie---
προύκειτ’	prou/keit'	πρόκειμαι	pro/keimai	urn:cite2:hmt:lsj.chicago_md:n87771	v3siie---
προύκλαιον	prou/klaion	προκλαίω	proklai/w	urn:cite2:hmt:lsj.chicago_md:n87796	v3piia---
προύκλαιον	prou/klaion	προκλαίω	proklai/w	urn:cite2:hmt:lsj.chicago_md:n87796	v1siia---
προύχριον	prou/xrion	προχρίω	proxri/w	urn:cite2:hmt:lsj.chicago_md:n90781	v3piia---
προύχριον	prou/xrion	προχρίω	proxri/w	urn:cite2:hmt:lsj.chicago_md:n90781	v1siia---
πράγματος	pra/gmatos	πρᾶγμα	pra=gma	urn:cite2:hmt:lsj.chicago_md:n86112	n-s---ng-
πράκτωρ	pra/ktwr	πράκτωρ	pra/ktwr	urn:cite2:hmt:lsj.chicago_md:n86166	n-s---mn-
πράξειν	pra/cein	πράσσω	pra/ssw	urn:cite2:hmt:lsj.chicago_md:n86219	v--fna---
πράξω	pra/cw	πράσσω	pra/ssw	urn:cite2:hmt:lsj.chicago_md:n86219	v1sasa---
πράξω	pra/cw	πράσσω	pra/ssw	urn:cite2:hmt:lsj.chicago_md:n86219	v1sasa---
πράξω	pra/cw	πράσσω	pra/ssw	urn:cite2:hmt:lsj.chicago_md:n86219	v1sfia---
πράξω	pra/cw	πράσσω	pra/ssw	urn:cite2:hmt:lsj.chicago_md:n86219	v2saim---
πράξω	pra/cw	πράσσω	pra/ssw	urn:cite2:hmt:lsj.chicago_md:n86219	v2saim---
πράσσειν	pra/ssein	πράσσω	pra/ssw	urn:cite2:hmt:lsj.chicago_md:n86219	v--pna---
πράσσοντα	pra/ssonta	πράσσω	pra/ssw	urn:cite2:hmt:lsj.chicago_md:n86219	v-pppann-
πράσσοντα	pra/ssonta	πράσσω	pra/ssw	urn:cite2:hmt:lsj.chicago_md:n86219	v-pppanv-
πράσσοντα	pra/ssonta	πράσσω	pra/ssw	urn:cite2:hmt:lsj.chicago_md:n86219	v-pppana-
πράσσοντα	pra/ssonta	πράσσω	pra/ssw	urn:cite2:hmt:lsj.chicago_md:n86219	v-sppama-
πράσσοντ’	pra/ssont'	πράσσω	pra/ssw	urn:cite2:hmt:lsj.chicago_md:n86219	v-pppann-
πράσσοντ’	pra/ssont'	πράσσω	pra/ssw	urn:cite2:hmt:lsj.chicago_md:n86219	v-pppanv-
πράσσοντ’	pra/ssont'	πράσσω	pra/ssw	urn:cite2:hmt:lsj.chicago_md:n86219	v-pppana-
πράσσοντ’	pra/ssont'	πράσσω	pra/ssw	urn:cite2:hmt:lsj.chicago_md:n86219	v-sppama-
πράσσοντ’	pra/ssont'	πράσσω	pra/ssw	urn:cite2:hmt:lsj.chicago_md:n86219	v-sppamd-
πράσσοντ’	pra/ssont'	πράσσω	pra/ssw	urn:cite2:hmt:lsj.chicago_md:n86219	v-sppand-
πράσσοντ’	pra/ssont'	πράσσω	pra/ssw	urn:cite2:hmt:lsj.chicago_md:n86219	v3ppia---
πράσσοντ’	pra/ssont'	πράσσω	pra/ssw	urn:cite2:hmt:lsj.chicago_md:n86219	v-dppamn-
πράσσοντ’	pra/ssont'	πράσσω	pra/ssw	urn:cite2:hmt:lsj.chicago_md:n86219	v-dppamv-
πράσσοντ’	pra/ssont'	πράσσω	pra/ssw	urn:cite2:hmt:lsj.chicago_md:n86219	v-dppama-
πράσσοντ’	pra/ssont'	πράσσω	pra/ssw	urn:cite2:hmt:lsj.chicago_md:n86219	v-dppann-
πράσσοντ’	pra/ssont'	πράσσω	pra/ssw	urn:cite2:hmt:lsj.chicago_md:n86219	v-dppanv-
πράσσοντ’	pra/ssont'	πράσσω	pra/ssw	urn:cite2:hmt:lsj.chicago_md:n86219	v-dppana-
πράσσοντ’	pra/ssont'	πράσσω	pra/ssw	urn:cite2:hmt:lsj.chicago_md:n86219	v3ppie---
πράσσοντ’	pra/ssont'	πράσσω	pra/ssw	urn:cite2:hmt:lsj.chicago_md:n86219	v3piie---
πράσσω	pra/ssw	πράσσω	pra/ssw	urn:cite2:hmt:lsj.chicago_md:n86219	v1spsa---
πράσσω	pra/ssw	πράσσω	pra/ssw	urn:cite2:hmt:lsj.chicago_md:n86219	v1spia---
πράσσῃς	pra/ssh|s	πράσσω	pra/ssw	urn:cite2:hmt:lsj.chicago_md:n86219	v2spsa---
πρέπει	pre/pei	πρέπω	pre/pw	urn:cite2:hmt:lsj.chicago_md:n86276	v2spie---
πρέπει	pre/pei	πρέπω	pre/pw	urn:cite2:hmt:lsj.chicago_md:n86276	v3spia---
πρέπειν	pre/pein	πρέπω	pre/pw	urn:cite2:hmt:lsj.chicago_md:n86276	v--pna---
πρέποντ’	pre/pont'	πρέπω	pre/pw	urn:cite2:hmt:lsj.chicago_md:n86276	v-pppann-
πρέποντ’	pre/pont'	πρέπω	pre/pw	urn:cite2:hmt:lsj.chicago_md:n86276	v-pppanv-
πρέποντ’	pre/pont'	πρέπω	pre/pw	urn:cite2:hmt:lsj.chicago_md:n86276	v-pppana-
πρέποντ’	pre/pont'	πρέπω	pre/pw	urn:cite2:hmt:lsj.chicago_md:n86276	v-sppama-
πρέποντ’	pre/pont'	πρέπω	pre/pw	urn:cite2:hmt:lsj.chicago_md:n86276	v-sppamd-
πρέποντ’	pre/pont'	πρέπω	pre/pw	urn:cite2:hmt:lsj.chicago_md:n86276	v-sppand-
πρέποντ’	pre/pont'	πρέπω	pre/pw	urn:cite2:hmt:lsj.chicago_md:n86276	v3ppia---
πρέποντ’	pre/pont'	πρέπω	pre/pw	urn:cite2:hmt:lsj.chicago_md:n86276	v-dppamn-
πρέποντ’	pre/pont'	πρέπω	pre/pw	urn:cite2:hmt:lsj.chicago_md:n86276	v-dppamv-
πρέποντ’	pre/pont'	πρέπω	pre/pw	urn:cite2:hmt:lsj.chicago_md:n86276	v-dppama-
πρέποντ’	pre/pont'	πρέπω	pre/pw	urn:cite2:hmt:lsj.chicago_md:n86276	v-dppann-
πρέποντ’	pre/pont'	πρέπω	pre/pw	urn:cite2:hmt:lsj.chicago_md:n86276	v-dppanv-
πρέποντ’	pre/pont'	πρέπω	pre/pw	urn:cite2:hmt:lsj.chicago_md:n86276	v-dppana-
πρέποντ’	pre/pont'	πρέπω	pre/pw	urn:cite2:hmt:lsj.chicago_md:n86276	v3ppie---
πρέποντ’	pre/pont'	πρέπω	pre/pw	urn:cite2:hmt:lsj.chicago_md:n86276	v3piie---
πρέποντ’	pre/pont'	πρέπων	pre/pwn	urn:cite2:hmt:lsj.chicago_md:n86278	n-s---ma-
πρέποντ’	pre/pont'	πρέπων	pre/pwn	urn:cite2:hmt:lsj.chicago_md:n86278	n-s---md-
πρέποντ’	pre/pont'	πρέπων	pre/pwn	urn:cite2:hmt:lsj.chicago_md:n86278	n-d---mn-
πρέποντ’	pre/pont'	πρέπων	pre/pwn	urn:cite2:hmt:lsj.chicago_md:n86278	n-d---mv-
πρέποντ’	pre/pont'	πρέπων	pre/pwn	urn:cite2:hmt:lsj.chicago_md:n86278	n-d---ma-
πρίν	pri/n	πρίν	pri/n	urn:cite2:hmt:lsj.chicago_md:n86371	d--------
πρίονος	pri/onos	πρίων1	pri/wn	urn:cite2:hmt:lsj.chicago_md:n86402	n-s---mg-
πρίονος	pri/onos	πρίων1	pri/wn	urn:cite2:hmt:lsj.chicago_md:n86403	n-s---mg-
πρό	pro/	πρό	pro/	urn:cite2:hmt:lsj.chicago_md:n86405	r--------
πρόρρητα	pro/rrhta	πρόρρητος	pro/rrhtos	urn:cite2:hmt:lsj.chicago_md:n88438	n-p---nn-
πρόρρητα	pro/rrhta	πρόρρητος	pro/rrhtos	urn:cite2:hmt:lsj.chicago_md:n88438	n-p---nv-
πρόρρητα	pro/rrhta	πρόρρητος	pro/rrhtos	urn:cite2:hmt:lsj.chicago_md:n88438	n-p---na-
πρός	pro/s	πρός	pro/s	urn:cite2:hmt:lsj.chicago_md:n88443	r--------
πρόσελθε	pro/selqe	προσέρχομαι	prose/rxomai	urn:cite2:hmt:lsj.chicago_md:n89311	v2sama---
πρόσελθε	pro/selqe	προσέρχομαι	prose/rxomai	urn:cite2:hmt:lsj.chicago_md:n89311	v3saia---
πρόσελθε	pro/selqe	προσέρχομαι	prose/rxomai	urn:cite2:hmt:lsj.chicago_md:n89311	v3saia---
πρόσεστιν	pro/sestin	πρόσειμι1	pro/seimi	urn:cite2:hmt:lsj.chicago_md:n88971	v3spia---
πρόσεστιν	pro/sestin	πρόσειμι1	pro/seimi	urn:cite2:hmt:lsj.chicago_md:n88972	v3spia---
πρόσθεν	pro/sqen	πρόσθεν	pro/sqen	urn:cite2:hmt:lsj.chicago_md:n89405	d--------
πρόσθες	pro/sqes	προστίθημι	prosti/qhmi	urn:cite2:hmt:lsj.chicago_md:n90166	v2sama---
πρόσθες	pro/sqes	προστίθημι	prosti/qhmi	urn:cite2:hmt:lsj.chicago_md:n90166	v2saia---
πρόσθ’	pro/sq'	πρόσθεν	pro/sqen	urn:cite2:hmt:lsj.chicago_md:n89405	d--------
πρόσθ’	pro/sq'	πρόσθεν	pro/sqen	urn:cite2:hmt:lsj.chicago_md:n89405	d--------
πρόσθ’	pro/sq'	πρόσθη	pro/sqh	urn:cite2:hmt:lsj.chicago_md:n89417	n-p---fn-
πρόσθ’	pro/sq'	πρόσθη	pro/sqh	urn:cite2:hmt:lsj.chicago_md:n89417	n-p---fv-
πρόσθ’	pro/sq'	πρόσθη	pro/sqh	urn:cite2:hmt:lsj.chicago_md:n89417	n-s---fd-
πρόσθ’	pro/sq'	προστάς	prosta/s	urn:cite2:hmt:lsj.chicago_md:n90117	n-s---fv-
πρόσλαβε	pro/slabe	προσλαμβάνω	proslamba/nw	urn:cite2:hmt:lsj.chicago_md:n89698	v2sama---
πρόσλαβε	pro/slabe	προσλαμβάνω	proslamba/nw	urn:cite2:hmt:lsj.chicago_md:n89698	v3saia---
πρόσνειμαι	pro/sneimai	προσνέμω	prosne/mw	urn:cite2:hmt:lsj.chicago_md:n89772	v2samm---
πρόσω	pro/sw	πρόσω	pro/sw	urn:cite2:hmt:lsj.chicago_md:n90410	d--------
πρότερον	pro/teron	πρότερος	pro/teros	urn:cite2:hmt:lsj.chicago_md:n90504	a-s---ma-
πρότερον	pro/teron	πρότερος	pro/teros	urn:cite2:hmt:lsj.chicago_md:n90504	a-s---nn-
πρότερον	pro/teron	πρότερος	pro/teros	urn:cite2:hmt:lsj.chicago_md:n90504	a-s---nv-
πρότερον	pro/teron	πρότερος	pro/teros	urn:cite2:hmt:lsj.chicago_md:n90504	a-s---na-
πρόφαντον	pro/fanton	πρόφαντος	pro/fantos	urn:cite2:hmt:lsj.chicago_md:n90659	n-s---ma-
πρόφαντον	pro/fanton	πρόφαντος	pro/fantos	urn:cite2:hmt:lsj.chicago_md:n90659	n-s---fa-
πρόφαντον	pro/fanton	πρόφαντος	pro/fantos	urn:cite2:hmt:lsj.chicago_md:n90659	n-s---nn-
πρόφαντον	pro/fanton	πρόφαντος	pro/fantos	urn:cite2:hmt:lsj.chicago_md:n90659	n-s---nv-
πρόφαντον	pro/fanton	πρόφαντος	pro/fantos	urn:cite2:hmt:lsj.chicago_md:n90659	n-s---na-
πρώτιστά	prw/tista/	πρώτιστος	prw/tistos	urn:cite2:hmt:lsj.chicago_md:n90936	a-p---nn-
πρώτιστά	prw/tista/	πρώτιστος	prw/tistos	urn:cite2:hmt:lsj.chicago_md:n90936	a-p---nv-
πρώτιστά	prw/tista/	πρώτιστος	prw/tistos	urn:cite2:hmt:lsj.chicago_md:n90936	a-p---na-
πρώτιστά	prw/tista/	πρώτιστος	prw/tistos	urn:cite2:hmt:lsj.chicago_md:n90936	n-p---nn-
πρώτιστά	prw/tista/	πρώτιστος	prw/tistos	urn:cite2:hmt:lsj.chicago_md:n90936	n-p---nv-
πρώτιστά	prw/tista/	πρώτιστος	prw/tistos	urn:cite2:hmt:lsj.chicago_md:n90936	n-p---na-
πρᾶξιν	pra=cin	πρᾶξις	pra=cis	urn:cite2:hmt:lsj.chicago_md:n86184	n-s---fa-
πρῆσαι	prh=sai	πίμπρημι	pi/mprhmi	urn:cite2:hmt:lsj.chicago_md:n83183	v2samm---
πρῆσαι	prh=sai	πίμπρημι	pi/mprhmi	urn:cite2:hmt:lsj.chicago_md:n83183	v--ana---
πρῆσαι	prh=sai	πρήθω	prh/qw	urn:cite2:hmt:lsj.chicago_md:n86326	v2samm---
πρῆσαι	prh=sai	πρήθω	prh/qw	urn:cite2:hmt:lsj.chicago_md:n86326	v--ana---
πρῴ	prw/|	πρωί	prwi/	urn:cite2:hmt:lsj.chicago_md:n90864	d--------
πρῶθ’	prw=q'	πρότερος	pro/teros	urn:cite2:hmt:lsj.chicago_md:n90504	a-p---nn-
πρῶθ’	prw=q'	πρότερος	pro/teros	urn:cite2:hmt:lsj.chicago_md:n90504	a-p---nv-
πρῶθ’	prw=q'	πρότερος	pro/teros	urn:cite2:hmt:lsj.chicago_md:n90504	a-p---na-
πρῶθ’	prw=q'	πρότερος	pro/teros	urn:cite2:hmt:lsj.chicago_md:n90504	a-s---mv-
πρῶθ’	prw=q'	πρότερος	pro/teros	urn:cite2:hmt:lsj.chicago_md:n90504	a-p---fn-
πρῶθ’	prw=q'	πρότερος	pro/teros	urn:cite2:hmt:lsj.chicago_md:n90504	a-p---fv-
πρῶθ’	prw=q'	πρῶτος	prw=tos	urn:cite2:hmt:lsj.chicago_md:n91038	a-p---nn-
πρῶθ’	prw=q'	πρῶτος	prw=tos	urn:cite2:hmt:lsj.chicago_md:n91038	a-p---nv-
πρῶθ’	prw=q'	πρῶτος	prw=tos	urn:cite2:hmt:lsj.chicago_md:n91038	a-p---na-
πρῶθ’	prw=q'	πρῶτος	prw=tos	urn:cite2:hmt:lsj.chicago_md:n91038	a-s---mv-
πρῶθ’	prw=q'	πρῶτος	prw=tos	urn:cite2:hmt:lsj.chicago_md:n91038	a-p---fn-
πρῶθ’	prw=q'	πρῶτος	prw=tos	urn:cite2:hmt:lsj.chicago_md:n91038	a-p---fv-
πρῶνες	prw=nes	πρών	prw/n	urn:cite2:hmt:lsj.chicago_md:n90889	n-p---mn-
πρῶνες	prw=nes	πρών	prw/n	urn:cite2:hmt:lsj.chicago_md:n90889	n-p---mv-
πρῶτα	prw=ta	πρότερος	pro/teros	urn:cite2:hmt:lsj.chicago_md:n90504	a-p---nn-
πρῶτα	prw=ta	πρότερος	pro/teros	urn:cite2:hmt:lsj.chicago_md:n90504	a-p---nv-
πρῶτα	prw=ta	πρότερος	pro/teros	urn:cite2:hmt:lsj.chicago_md:n90504	a-p---na-
πρῶτα	prw=ta	πρῶτος	prw=tos	urn:cite2:hmt:lsj.chicago_md:n91038	a-p---nn-
πρῶτα	prw=ta	πρῶτος	prw=tos	urn:cite2:hmt:lsj.chicago_md:n91038	a-p---nv-
πρῶτα	prw=ta	πρῶτος	prw=tos	urn:cite2:hmt:lsj.chicago_md:n91038	a-p---na-
πρῶτον	prw=ton	πρότερος	pro/teros	urn:cite2:hmt:lsj.chicago_md:n90504	a-s---ma-
πρῶτον	prw=ton	πρότερος	pro/teros	urn:cite2:hmt:lsj.chicago_md:n90504	a-s---nn-
πρῶτον	prw=ton	πρότερος	pro/teros	urn:cite2:hmt:lsj.chicago_md:n90504	a-s---nv-
πρῶτον	prw=ton	πρότερος	pro/teros	urn:cite2:hmt:lsj.chicago_md:n90504	a-s---na-
πρῶτον	prw=ton	πρῶτος	prw=tos	urn:cite2:hmt:lsj.chicago_md:n91038	a-s---ma-
πρῶτον	prw=ton	πρῶτος	prw=tos	urn:cite2:hmt:lsj.chicago_md:n91038	a-s---nn-
πρῶτον	prw=ton	πρῶτος	prw=tos	urn:cite2:hmt:lsj.chicago_md:n91038	a-s---nv-
πρῶτον	prw=ton	πρῶτος	prw=tos	urn:cite2:hmt:lsj.chicago_md:n91038	a-s---na-
πρῶτος	prw=tos	πρότερος	pro/teros	urn:cite2:hmt:lsj.chicago_md:n90504	a-s---mn-
πρῶτος	prw=tos	πρῶτος	prw=tos	urn:cite2:hmt:lsj.chicago_md:n91038	a-s---mn-
πρῶτ’	prw=t'	πρότερος	pro/teros	urn:cite2:hmt:lsj.chicago_md:n90504	a-p---nn-
πρῶτ’	prw=t'	πρότερος	pro/teros	urn:cite2:hmt:lsj.chicago_md:n90504	a-p---nv-
πρῶτ’	prw=t'	πρότερος	pro/teros	urn:cite2:hmt:lsj.chicago_md:n90504	a-p---na-
πρῶτ’	prw=t'	πρότερος	pro/teros	urn:cite2:hmt:lsj.chicago_md:n90504	a-s---mv-
πρῶτ’	prw=t'	πρότερος	pro/teros	urn:cite2:hmt:lsj.chicago_md:n90504	a-p---fn-
πρῶτ’	prw=t'	πρότερος	pro/teros	urn:cite2:hmt:lsj.chicago_md:n90504	a-p---fv-
πρῶτ’	prw=t'	πρῶτος	prw=tos	urn:cite2:hmt:lsj.chicago_md:n91038	a-p---nn-
πρῶτ’	prw=t'	πρῶτος	prw=tos	urn:cite2:hmt:lsj.chicago_md:n91038	a-p---nv-
πρῶτ’	prw=t'	πρῶτος	prw=tos	urn:cite2:hmt:lsj.chicago_md:n91038	a-p---na-
πρῶτ’	prw=t'	πρῶτος	prw=tos	urn:cite2:hmt:lsj.chicago_md:n91038	a-s---mv-
πρῶτ’	prw=t'	πρῶτος	prw=tos	urn:cite2:hmt:lsj.chicago_md:n91038	a-p---fn-
πρῶτ’	prw=t'	πρῶτος	prw=tos	urn:cite2:hmt:lsj.chicago_md:n91038	a-p---fv-
πυθέσθαι	puqe/sqai	πυνθάνομαι	punqa/nomai	urn:cite2:hmt:lsj.chicago_md:n91516	v--anm---
πυνθάνομαι	punqa/nomai	πυνθάνομαι	punqa/nomai	urn:cite2:hmt:lsj.chicago_md:n91516	v1spie---
πυργώδους	purgw/dous	πυργώδης	purgw/dhs	urn:cite2:hmt:lsj.chicago_md:n91613	n-s---mg-
πυργώδους	purgw/dous	πυργώδης	purgw/dhs	urn:cite2:hmt:lsj.chicago_md:n91613	n-s---fg-
πυργώδους	purgw/dous	πυργώδης	purgw/dhs	urn:cite2:hmt:lsj.chicago_md:n91613	n-s---ng-
πυράν	pura/n	πυρή	purh/	urn:cite2:hmt:lsj.chicago_md:n91642	n-s---fa-
πυρᾶς	pura=s	πυράζω	pura/zw	urn:cite2:hmt:lsj.chicago_md:n91553	v2sfia---
πυρᾶς	pura=s	πυρεύς	pureu/s	urn:cite2:hmt:lsj.chicago_md:n91638	n-p---ma-
πυρᾶς	pura=s	πυρή	purh/	urn:cite2:hmt:lsj.chicago_md:n91642	n-s---fg-
πω	pw	πω	pw	urn:cite2:hmt:lsj.chicago_md:n91921	g--------
πως	pws	πως	pws	urn:cite2:hmt:lsj.chicago_md:n92011	g--------
πάγκλαυτος	pa/gklautos	πάγκλαυστος	pa/gklaustos	urn:cite2:hmt:lsj.chicago_md:n76455	n-s---mn-
πάγκλαυτος	pa/gklautos	πάγκλαυστος	pa/gklaustos	urn:cite2:hmt:lsj.chicago_md:n76455	n-s---fn-
πάγον	pa/gon	πάγος	pa/gos	urn:cite2:hmt:lsj.chicago_md:n76486	n-s---ma-
πάγους	pa/gous	πάγος	pa/gos	urn:cite2:hmt:lsj.chicago_md:n76486	n-p---ma-
πάγους	pa/gous	πᾶγος	pa=gos	urn:cite2:hmt:lsj.chicago_md:n76487	n-p---ma-
πάθη	pa/qh	πάθη	pa/qh	urn:cite2:hmt:lsj.chicago_md:n76512	n-s---fn-
πάθη	pa/qh	πάθη	pa/qh	urn:cite2:hmt:lsj.chicago_md:n76512	n-s---fv-
πάθη	pa/qh	πάθος	pa/qos	urn:cite2:hmt:lsj.chicago_md:n76530	n-p---nn-
πάθη	pa/qh	πάθος	pa/qos	urn:cite2:hmt:lsj.chicago_md:n76530	n-p---nv-
πάθη	pa/qh	πάθος	pa/qos	urn:cite2:hmt:lsj.chicago_md:n76530	n-p---na-
πάθη	pa/qh	πάθος	pa/qos	urn:cite2:hmt:lsj.chicago_md:n76530	n-d---nn-
πάθη	pa/qh	πάθος	pa/qos	urn:cite2:hmt:lsj.chicago_md:n76530	n-d---nv-
πάθη	pa/qh	πάθος	pa/qos	urn:cite2:hmt:lsj.chicago_md:n76530	n-d---na-
πάθημα	pa/qhma	πάθημα	pa/qhma	urn:cite2:hmt:lsj.chicago_md:n76513	n-s---nn-
πάθημα	pa/qhma	πάθημα	pa/qhma	urn:cite2:hmt:lsj.chicago_md:n76513	n-s---nv-
πάθημα	pa/qhma	πάθημα	pa/qhma	urn:cite2:hmt:lsj.chicago_md:n76513	n-s---na-
πάθος	pa/qos	πάθος	pa/qos	urn:cite2:hmt:lsj.chicago_md:n76530	n-s---nn-
πάθος	pa/qos	πάθος	pa/qos	urn:cite2:hmt:lsj.chicago_md:n76530	n-s---nv-
πάθος	pa/qos	πάθος	pa/qos	urn:cite2:hmt:lsj.chicago_md:n76530	n-s---na-
πάθους	pa/qous	πάθος	pa/qos	urn:cite2:hmt:lsj.chicago_md:n76530	n-s---ng-
πάθω	pa/qw	πάσχω	pa/sxw	urn:cite2:hmt:lsj.chicago_md:n79983	v1sasa---
πάθῃ	pa/qh|	πάθη	pa/qh	urn:cite2:hmt:lsj.chicago_md:n76512	n-s---fd-
πάθῃ	pa/qh|	πάσχω	pa/sxw	urn:cite2:hmt:lsj.chicago_md:n79983	v2sase---
πάθῃ	pa/qh|	πάσχω	pa/sxw	urn:cite2:hmt:lsj.chicago_md:n79983	v3sasa---
πάλαι	pa/lai	πάλα	pa/la	urn:cite2:hmt:lsj.chicago_md:n76736	n-p---fn-
πάλαι	pa/lai	πάλα	pa/la	urn:cite2:hmt:lsj.chicago_md:n76736	n-p---fv-
πάλαι	pa/lai	πάλα	pa/la	urn:cite2:hmt:lsj.chicago_md:n76736	n-s---fd-
πάλαι	pa/lai	πάλαι	pa/lai	urn:cite2:hmt:lsj.chicago_md:n76742	d--------
πάλαι	pa/lai	πάλη	pa/lh	urn:cite2:hmt:lsj.chicago_md:n76826	n-p---fn-
πάλαι	pa/lai	πάλη	pa/lh	urn:cite2:hmt:lsj.chicago_md:n76827	n-p---fn-
πάλαι	pa/lai	πάλη	pa/lh	urn:cite2:hmt:lsj.chicago_md:n76826	n-p---fv-
πάλαι	pa/lai	πάλη	pa/lh	urn:cite2:hmt:lsj.chicago_md:n76827	n-p---fv-
πάλαι	pa/lai	πάλη	pa/lh	urn:cite2:hmt:lsj.chicago_md:n76826	n-s---fd-
πάλαι	pa/lai	πάλη	pa/lh	urn:cite2:hmt:lsj.chicago_md:n76827	n-s---fd-
πάλαι	pa/lai	πάλλω	pa/llw	urn:cite2:hmt:lsj.chicago_md:n77030	v3saoa---
πάλιν	pa/lin	πάλιν	pa/lin	urn:cite2:hmt:lsj.chicago_md:n76910	d--------
πάμπληκτα	pa/mplhkta	πάμπληκτος	pa/mplhktos	urn:cite2:hmt:lsj.chicago_md:n77115	n-p---nn-
πάμπληκτα	pa/mplhkta	πάμπληκτος	pa/mplhktos	urn:cite2:hmt:lsj.chicago_md:n77115	n-p---nv-
πάμπληκτα	pa/mplhkta	πάμπληκτος	pa/mplhktos	urn:cite2:hmt:lsj.chicago_md:n77115	n-p---na-
πάνθ’	pa/nq'	πάντῃ	pa/nth|	urn:cite2:hmt:lsj.chicago_md:n77613	d--------
πάνθ’	pa/nq'	πᾶς	pa=s	urn:cite2:hmt:lsj.chicago_md:n79904	n-s---ma-
πάνθ’	pa/nq'	πᾶς	pa=s	urn:cite2:hmt:lsj.chicago_md:n79905	n-s---ma-
πάνθ’	pa/nq'	πᾶς	pa=s	urn:cite2:hmt:lsj.chicago_md:n79906	n-s---ma-
πάνθ’	pa/nq'	πᾶς	pa=s	urn:cite2:hmt:lsj.chicago_md:n79904	n-p---nn-
πάνθ’	pa/nq'	πᾶς	pa=s	urn:cite2:hmt:lsj.chicago_md:n79905	n-p---nn-
πάνθ’	pa/nq'	πᾶς	pa=s	urn:cite2:hmt:lsj.chicago_md:n79906	n-p---nn-
πάνθ’	pa/nq'	πᾶς	pa=s	urn:cite2:hmt:lsj.chicago_md:n79904	n-p---nv-
πάνθ’	pa/nq'	πᾶς	pa=s	urn:cite2:hmt:lsj.chicago_md:n79905	n-p---nv-
πάνθ’	pa/nq'	πᾶς	pa=s	urn:cite2:hmt:lsj.chicago_md:n79906	n-p---nv-
πάνθ’	pa/nq'	πᾶς	pa=s	urn:cite2:hmt:lsj.chicago_md:n79904	n-p---na-
πάνθ’	pa/nq'	πᾶς	pa=s	urn:cite2:hmt:lsj.chicago_md:n79905	n-p---na-
πάνθ’	pa/nq'	πᾶς	pa=s	urn:cite2:hmt:lsj.chicago_md:n79906	n-p---na-
πάντα	pa/nta	πᾶς	pa=s	urn:cite2:hmt:lsj.chicago_md:n79904	n-s---ma-
πάντα	pa/nta	πᾶς	pa=s	urn:cite2:hmt:lsj.chicago_md:n79905	n-s---ma-
πάντα	pa/nta	πᾶς	pa=s	urn:cite2:hmt:lsj.chicago_md:n79906	n-s---ma-
πάντα	pa/nta	πᾶς	pa=s	urn:cite2:hmt:lsj.chicago_md:n79904	n-p---nn-
πάντα	pa/nta	πᾶς	pa=s	urn:cite2:hmt:lsj.chicago_md:n79905	n-p---nn-
πάντα	pa/nta	πᾶς	pa=s	urn:cite2:hmt:lsj.chicago_md:n79906	n-p---nn-
πάντα	pa/nta	πᾶς	pa=s	urn:cite2:hmt:lsj.chicago_md:n79904	n-p---nv-
πάντα	pa/nta	πᾶς	pa=s	urn:cite2:hmt:lsj.chicago_md:n79905	n-p---nv-
πάντα	pa/nta	πᾶς	pa=s	urn:cite2:hmt:lsj.chicago_md:n79906	n-p---nv-
πάντα	pa/nta	πᾶς	pa=s	urn:cite2:hmt:lsj.chicago_md:n79904	n-p---na-
πάντα	pa/nta	πᾶς	pa=s	urn:cite2:hmt:lsj.chicago_md:n79905	n-p---na-
πάντα	pa/nta	πᾶς	pa=s	urn:cite2:hmt:lsj.chicago_md:n79906	n-p---na-
πάντες	pa/ntes	πᾶς	pa=s	urn:cite2:hmt:lsj.chicago_md:n79904	n-p---mn-
πάντες	pa/ntes	πᾶς	pa=s	urn:cite2:hmt:lsj.chicago_md:n79905	n-p---mn-
πάντες	pa/ntes	πᾶς	pa=s	urn:cite2:hmt:lsj.chicago_md:n79906	n-p---mn-
πάντες	pa/ntes	πᾶς	pa=s	urn:cite2:hmt:lsj.chicago_md:n79904	n-p---mv-
πάντες	pa/ntes	πᾶς	pa=s	urn:cite2:hmt:lsj.chicago_md:n79905	n-p---mv-
πάντες	pa/ntes	πᾶς	pa=s	urn:cite2:hmt:lsj.chicago_md:n79906	n-p---mv-
πάντων	pa/ntwn	πᾶς	pa=s	urn:cite2:hmt:lsj.chicago_md:n79904	n-p---mg-
πάντων	pa/ntwn	πᾶς	pa=s	urn:cite2:hmt:lsj.chicago_md:n79905	n-p---mg-
πάντων	pa/ntwn	πᾶς	pa=s	urn:cite2:hmt:lsj.chicago_md:n79906	n-p---mg-
πάντων	pa/ntwn	πᾶς	pa=s	urn:cite2:hmt:lsj.chicago_md:n79904	n-p---ng-
πάντων	pa/ntwn	πᾶς	pa=s	urn:cite2:hmt:lsj.chicago_md:n79905	n-p---ng-
πάντων	pa/ntwn	πᾶς	pa=s	urn:cite2:hmt:lsj.chicago_md:n79906	n-p---ng-
πάρ	pa/r	παρά	para/	urn:cite2:hmt:lsj.chicago_md:n77763	r--------
πάρει	pa/rei	πάρειμι2	pa/reimi	urn:cite2:hmt:lsj.chicago_md:n79223	v2spia---
πάρει	pa/rei	πάρειμι2	pa/reimi	urn:cite2:hmt:lsj.chicago_md:n79224	v2spia---
πάρει	pa/rei	πῆρος	ph=ros	urn:cite2:hmt:lsj.chicago_md:n83011	n-d---nn-
πάρει	pa/rei	πῆρος	ph=ros	urn:cite2:hmt:lsj.chicago_md:n83011	n-d---nv-
πάρει	pa/rei	πῆρος	ph=ros	urn:cite2:hmt:lsj.chicago_md:n83011	n-d---na-
πάρει	pa/rei	πῆρος	ph=ros	urn:cite2:hmt:lsj.chicago_md:n83011	n-s---nd-
πάρει	pa/rei	πῆρος	ph=ros	urn:cite2:hmt:lsj.chicago_md:n83011	n-s---nd-
πάρειμ’	pa/reim'	πάρειμι1	pa/reimi	urn:cite2:hmt:lsj.chicago_md:n79223	v1spia---
πάρειμ’	pa/reim'	πάρειμι1	pa/reimi	urn:cite2:hmt:lsj.chicago_md:n79224	v1spia---
πάρειμ’	pa/reim'	πάρειμι2	pa/reimi	urn:cite2:hmt:lsj.chicago_md:n79223	v1spia---
πάρειμ’	pa/reim'	πάρειμι2	pa/reimi	urn:cite2:hmt:lsj.chicago_md:n79224	v1spia---
πάρεσμεν	pa/resmen	πάρειμι1	pa/reimi	urn:cite2:hmt:lsj.chicago_md:n79223	v1ppia---
πάρεσμεν	pa/resmen	πάρειμι1	pa/reimi	urn:cite2:hmt:lsj.chicago_md:n79224	v1ppia---
πάρεστι	pa/resti	πάρειμι1	pa/reimi	urn:cite2:hmt:lsj.chicago_md:n79223	v3spia---
πάρεστι	pa/resti	πάρειμι1	pa/reimi	urn:cite2:hmt:lsj.chicago_md:n79224	v3spia---
πάρεστ’	pa/rest'	πάρειμι1	pa/reimi	urn:cite2:hmt:lsj.chicago_md:n79223	v3spia---
πάρεστ’	pa/rest'	πάρειμι1	pa/reimi	urn:cite2:hmt:lsj.chicago_md:n79224	v3spia---
πάρεστ’	pa/rest'	πάρειμι1	pa/reimi	urn:cite2:hmt:lsj.chicago_md:n79223	v2ppia---
πάρεστ’	pa/rest'	πάρειμι1	pa/reimi	urn:cite2:hmt:lsj.chicago_md:n79224	v2ppia---
πάρεστ’	pa/rest'	πάρειμι1	pa/reimi	urn:cite2:hmt:lsj.chicago_md:n79223	v3sfim---
πάρεστ’	pa/rest'	πάρειμι1	pa/reimi	urn:cite2:hmt:lsj.chicago_md:n79224	v3sfim---
πάροιθεν	pa/roiqen	πάροιθε	pa/roiqe	urn:cite2:hmt:lsj.chicago_md:n79686	r--------
πάρος	pa/ros	πάρος	pa/ros	urn:cite2:hmt:lsj.chicago_md:n79791	d--------
πάρος	pa/ros	πάρος	pa/ros	urn:cite2:hmt:lsj.chicago_md:n79792	d--------
πάρος	pa/ros	πάρος	pa/ros	urn:cite2:hmt:lsj.chicago_md:n79791	r--------
πάρος	pa/ros	πάρος	pa/ros	urn:cite2:hmt:lsj.chicago_md:n79792	r--------
πάσας	pa/sas	πάσσω	pa/ssw	urn:cite2:hmt:lsj.chicago_md:n79955	v-sapamn-
πάσας	pa/sas	πάσσω	pa/ssw	urn:cite2:hmt:lsj.chicago_md:n79955	v-sapamv-
πάσας	pa/sas	πάσσω	pa/ssw	urn:cite2:hmt:lsj.chicago_md:n79955	v2saia---
πάσας	pa/sas	πᾶς	pa=s	urn:cite2:hmt:lsj.chicago_md:n79904	n-p---fa-
πάσας	pa/sas	πᾶς	pa=s	urn:cite2:hmt:lsj.chicago_md:n79905	n-p---fa-
πάσας	pa/sas	πᾶς	pa=s	urn:cite2:hmt:lsj.chicago_md:n79906	n-p---fa-
πάσας	pa/sas	πᾶς	pa=s	urn:cite2:hmt:lsj.chicago_md:n79904	n-s---fg-
πάσας	pa/sas	πᾶς	pa=s	urn:cite2:hmt:lsj.chicago_md:n79905	n-s---fg-
πάσας	pa/sas	πᾶς	pa=s	urn:cite2:hmt:lsj.chicago_md:n79906	n-s---fg-
πάσας	pa/sas	πᾶς	pa=s	urn:cite2:hmt:lsj.chicago_md:n79904	n-p---fa-
πάσας	pa/sas	πᾶς	pa=s	urn:cite2:hmt:lsj.chicago_md:n79905	n-p---fa-
πάσας	pa/sas	πᾶς	pa=s	urn:cite2:hmt:lsj.chicago_md:n79906	n-p---fa-
πάσχω	pa/sxw	πάσχω	pa/sxw	urn:cite2:hmt:lsj.chicago_md:n79983	v1spsa---
πάσχω	pa/sxw	πάσχω	pa/sxw	urn:cite2:hmt:lsj.chicago_md:n79983	v1spia---
πάταγος	pa/tagos	πάταγος	pa/tagos	urn:cite2:hmt:lsj.chicago_md:n79990	n-s---mn-
πάτερ	pa/ter	πατήρ	path/r	urn:cite2:hmt:lsj.chicago_md:n80011	n-s---mv-
πάτραν	pa/tran	φράτρα	fra/tra	urn:cite2:hmt:lsj.chicago_md:n112240	n-s---fa-
πάτραν	pa/tran	πάτρα	pa/tra	urn:cite2:hmt:lsj.chicago_md:n80021	n-s---fa-
πέδονδε	pe/donde	πέδονδε	pe/donde	urn:cite2:hmt:lsj.chicago_md:n80258	d--------
πέδῃ	pe/dh|	μέθημαι	me/qhmai	urn:cite2:hmt:lsj.chicago_md:n65617	v2spim---
πέδῃ	pe/dh|	μεθίημι	meqi/hmi	urn:cite2:hmt:lsj.chicago_md:n65624	v2sasm---
πέδῃ	pe/dh|	πέδη	pe/dh	urn:cite2:hmt:lsj.chicago_md:n80223	n-s---fd-
πέλαγος	pe/lagos	πέλαγος	pe/lagos	urn:cite2:hmt:lsj.chicago_md:n80399	n-s---nn-
πέλαγος	pe/lagos	πέλαγος	pe/lagos	urn:cite2:hmt:lsj.chicago_md:n80399	n-s---nv-
πέλαγος	pe/lagos	πέλαγος	pe/lagos	urn:cite2:hmt:lsj.chicago_md:n80399	n-s---na-
πέλοι	pe/loi	πέλω	pe/lw	urn:cite2:hmt:lsj.chicago_md:n80522	v3spoa---
πέμπεις	pe/mpeis	πέμπω	pe/mpw	urn:cite2:hmt:lsj.chicago_md:n80557	v2spia---
πέμπων	pe/mpwn	πέμπω	pe/mpw	urn:cite2:hmt:lsj.chicago_md:n80557	v-sppamn-
πένθος	pe/nqos	πένθος	pe/nqos	urn:cite2:hmt:lsj.chicago_md:n80609	n-s---nn-
πένθος	pe/nqos	πένθος	pe/nqos	urn:cite2:hmt:lsj.chicago_md:n80609	n-s---nv-
πένθος	pe/nqos	πένθος	pe/nqos	urn:cite2:hmt:lsj.chicago_md:n80609	n-s---na-
πέντ’	pe/nt'	πέντε	pe/nte	urn:cite2:hmt:lsj.chicago_md:n80761	m--------
πέπειρα	pe/peira	πέπειρα	pe/peira	urn:cite2:hmt:lsj.chicago_md:n80899	n-s---fn-
πέπειρα	pe/peira	πέπειρα	pe/peira	urn:cite2:hmt:lsj.chicago_md:n80899	n-s---fv-
πέπειρα	pe/peira	πέπειρος	pe/peiros	urn:cite2:hmt:lsj.chicago_md:n80900	a-p---nn-
πέπειρα	pe/peira	πέπειρος	pe/peiros	urn:cite2:hmt:lsj.chicago_md:n80900	a-p---nv-
πέπειρα	pe/peira	πέπειρος	pe/peiros	urn:cite2:hmt:lsj.chicago_md:n80900	a-p---na-
πέπειρα	pe/peira	πέπειρος	pe/peiros	urn:cite2:hmt:lsj.chicago_md:n80900	n-p---nn-
πέπειρα	pe/peira	πέπειρος	pe/peiros	urn:cite2:hmt:lsj.chicago_md:n80900	n-p---nv-
πέπειρα	pe/peira	πέπειρος	pe/peiros	urn:cite2:hmt:lsj.chicago_md:n80900	n-p---na-
πέπλον	pe/plon	πέπλος	pe/plos	urn:cite2:hmt:lsj.chicago_md:n80926	n-s---ma-
πέπλον	pe/plon	πεπλος	peplos	urn:cite2:hmt:lsj.chicago_md:n80926	n-s---ma-
πέπλον	pe/plon	πεπλος	peplos	urn:cite2:hmt:lsj.chicago_md:n80926	n-s---fa-
πέπλον	pe/plon	πεπλος	peplos	urn:cite2:hmt:lsj.chicago_md:n80926	n-s---nn-
πέπλον	pe/plon	πεπλος	peplos	urn:cite2:hmt:lsj.chicago_md:n80926	n-s---nv-
πέπλον	pe/plon	πεπλος	peplos	urn:cite2:hmt:lsj.chicago_md:n80926	n-s---na-
πέπονθα	pe/ponqa	πάσχω	pa/sxw	urn:cite2:hmt:lsj.chicago_md:n79983	v1sria---
πέπωκεν	pe/pwken	πίνω	pi/nw	urn:cite2:hmt:lsj.chicago_md:n83231	v3sria---
πέπωκεν	pe/pwken	πίνω	pi/nw	urn:cite2:hmt:lsj.chicago_md:n83231	v3plia---
πέρσας	pe/rsas	πέρθω	pe/rqw	urn:cite2:hmt:lsj.chicago_md:n81016	v-sapamn-
πέρσας	pe/rsas	πέρθω	pe/rqw	urn:cite2:hmt:lsj.chicago_md:n81016	v-sapamv-
πέρσας	pe/rsas	πέρθω	pe/rqw	urn:cite2:hmt:lsj.chicago_md:n81016	v2saia---
πέρσειεν	pe/rseien	πέρθω	pe/rqw	urn:cite2:hmt:lsj.chicago_md:n81016	v3saoa---
πέρσειεν	pe/rseien	περισείομαι	perisei/omai	urn:cite2:hmt:lsj.chicago_md:n82081	v3saia---
πέρσειεν	pe/rseien	περισείομαι	perisei/omai	urn:cite2:hmt:lsj.chicago_md:n82081	v3siia---
πέσω	pe/sw	πίπτω	pi/ptw	urn:cite2:hmt:lsj.chicago_md:n83253	v1sasa---
πέτραι	pe/trai	πέτρα	pe/tra	urn:cite2:hmt:lsj.chicago_md:n82758	n-p---fn-
πέτραι	pe/trai	πέτρα	pe/tra	urn:cite2:hmt:lsj.chicago_md:n82758	n-p---fv-
πέτραι	pe/trai	πέτρα	pe/tra	urn:cite2:hmt:lsj.chicago_md:n82758	n-s---fd-
πέτραν	pe/tran	πέτρα	pe/tra	urn:cite2:hmt:lsj.chicago_md:n82758	n-s---fa-
πέφυκεν	pe/fuken	φύω	fu/w	urn:cite2:hmt:lsj.chicago_md:n112794	v3sria---
πέφυκεν	pe/fuken	φύω	fu/w	urn:cite2:hmt:lsj.chicago_md:n112794	v3plia---
πέφυκεν	pe/fuken	φύζω	fu/zw	urn:cite2:hmt:lsj.chicago_md:n112495	v3sria---
πέφυκεν	pe/fuken	φύζω	fu/zw	urn:cite2:hmt:lsj.chicago_md:n112495	v3plia---
πήματα	ph/mata	πῆμα	ph=ma	urn:cite2:hmt:lsj.chicago_md:n82972	n-p---nn-
πήματα	ph/mata	πῆμα	ph=ma	urn:cite2:hmt:lsj.chicago_md:n82972	n-p---nv-
πήματα	ph/mata	πῆμα	ph=ma	urn:cite2:hmt:lsj.chicago_md:n82972	n-p---na-
πίθῃ	pi/qh|	πείθω	pei/qw	urn:cite2:hmt:lsj.chicago_md:n80327	v2sase---
πίθῃ	pi/qh|	πείθω	pei/qw	urn:cite2:hmt:lsj.chicago_md:n80327	v3sasa---
πίονος	pi/onos	πίων	pi/wn	urn:cite2:hmt:lsj.chicago_md:n83385	n-s---mg-
πίονος	pi/onos	πίων	pi/wn	urn:cite2:hmt:lsj.chicago_md:n83385	n-s---fg-
πίπτομεν	pi/ptomen	πίπτω	pi/ptw	urn:cite2:hmt:lsj.chicago_md:n83253	v1ppia---
πίπτομεν	pi/ptomen	πίπτω	pi/ptw	urn:cite2:hmt:lsj.chicago_md:n83253	v1piia---
πίπτουσιν	pi/ptousin	πίπτω	pi/ptw	urn:cite2:hmt:lsj.chicago_md:n83253	v-pppamd-
πίπτουσιν	pi/ptousin	πίπτω	pi/ptw	urn:cite2:hmt:lsj.chicago_md:n83253	v-pppand-
πίπτουσιν	pi/ptousin	πίπτω	pi/ptw	urn:cite2:hmt:lsj.chicago_md:n83253	v3ppia---
πίστιν	pi/stin	πίστις	pi/stis	urn:cite2:hmt:lsj.chicago_md:n83319	n-s---fa-
πίστις	pi/stis	πίστις	pi/stis	urn:cite2:hmt:lsj.chicago_md:n83319	n-p---fa-
πίστις	pi/stis	πίστις	pi/stis	urn:cite2:hmt:lsj.chicago_md:n83319	n-s---fn-
πόδα	po/da	πούς	pou/s	urn:cite2:hmt:lsj.chicago_md:n86108	n-s---ma-
πόθεν	po/qen	πίνω	pi/nw	urn:cite2:hmt:lsj.chicago_md:n83231	v3paip---
πόθεν	po/qen	πόθεν	po/qen	urn:cite2:hmt:lsj.chicago_md:n84202	d--------
πόθεν	po/qen	ποθεν	poqen	urn:cite2:hmt:lsj.chicago_md:n84202	g--------
πόθι	po/qi	πόθι	po/qi	urn:cite2:hmt:lsj.chicago_md:n84215	d--------
πόθι	po/qi	ποθι	poqi	urn:cite2:hmt:lsj.chicago_md:n84215	d--------
πόθον	po/qon	πόθος	po/qos	urn:cite2:hmt:lsj.chicago_md:n84226	n-s---ma-
πόθῳ	po/qw|	πόθος	po/qos	urn:cite2:hmt:lsj.chicago_md:n84226	n-s---md-
πόκος	po/kos	πόκος	po/kos	urn:cite2:hmt:lsj.chicago_md:n84396	n-s---mn-
πόλει	po/lei	πόλις	po/lis	urn:cite2:hmt:lsj.chicago_md:n84494	n-d---fn-
πόλει	po/lei	πόλις	po/lis	urn:cite2:hmt:lsj.chicago_md:n84494	n-d---fv-
πόλει	po/lei	πόλις	po/lis	urn:cite2:hmt:lsj.chicago_md:n84494	n-d---fa-
πόλει	po/lei	πόλις	po/lis	urn:cite2:hmt:lsj.chicago_md:n84494	n-s---fd-
πόλει	po/lei	πόλις	po/lis	urn:cite2:hmt:lsj.chicago_md:n84494	n-s---fd-
πόλει	po/lei	πολέω	pole/w	urn:cite2:hmt:lsj.chicago_md:n84443	v2spma---
πόλει	po/lei	πολέω	pole/w	urn:cite2:hmt:lsj.chicago_md:n84443	v3siia---
πόλιν	po/lin	πόλις	po/lis	urn:cite2:hmt:lsj.chicago_md:n84494	n-s---fa-
πόλις	po/lis	πόλις	po/lis	urn:cite2:hmt:lsj.chicago_md:n84494	n-p---fa-
πόλις	po/lis	πόλις	po/lis	urn:cite2:hmt:lsj.chicago_md:n84494	n-s---fn-
πόμπιμον	po/mpimon	πόμπιμος	po/mpimos	urn:cite2:hmt:lsj.chicago_md:n85630	a-s---ma-
πόμπιμον	po/mpimon	πόμπιμος	po/mpimos	urn:cite2:hmt:lsj.chicago_md:n85630	a-s---nn-
πόμπιμον	po/mpimon	πόμπιμος	po/mpimos	urn:cite2:hmt:lsj.chicago_md:n85630	a-s---nv-
πόμπιμον	po/mpimon	πόμπιμος	po/mpimos	urn:cite2:hmt:lsj.chicago_md:n85630	a-s---na-
πόμπιμον	po/mpimon	πόμπιμος	po/mpimos	urn:cite2:hmt:lsj.chicago_md:n85630	n-s---ma-
πόμπιμον	po/mpimon	πόμπιμος	po/mpimos	urn:cite2:hmt:lsj.chicago_md:n85630	n-s---fa-
πόμπιμον	po/mpimon	πόμπιμος	po/mpimos	urn:cite2:hmt:lsj.chicago_md:n85630	n-s---nn-
πόμπιμον	po/mpimon	πόμπιμος	po/mpimos	urn:cite2:hmt:lsj.chicago_md:n85630	n-s---nv-
πόμπιμον	po/mpimon	πόμπιμος	po/mpimos	urn:cite2:hmt:lsj.chicago_md:n85630	n-s---na-
πόνον	po/non	πόνος	po/nos	urn:cite2:hmt:lsj.chicago_md:n85665	n-s---ma-
πόντου	po/ntou	πόντος	po/ntos	urn:cite2:hmt:lsj.chicago_md:n85696	n-s---mg-
πόντου	po/ntou	ποντίζω	ponti/zw	urn:cite2:hmt:lsj.chicago_md:n85671	v2spma---
πόντου	po/ntou	ποντίζω	ponti/zw	urn:cite2:hmt:lsj.chicago_md:n85671	v3siia---
πόντου	po/ntou	ποντόω	ponto/w	urn:cite2:hmt:lsj.chicago_md:n85700	v2spma---
πόντου	po/ntou	ποντόω	ponto/w	urn:cite2:hmt:lsj.chicago_md:n85700	v3siia---
πόντῳ	po/ntw|	πόντος	po/ntos	urn:cite2:hmt:lsj.chicago_md:n85696	n-s---md-
πόνων	po/nwn	πόνος	po/nos	urn:cite2:hmt:lsj.chicago_md:n85665	n-p---mg-
πόποι	po/poi	πόποι	po/poi	urn:cite2:hmt:lsj.chicago_md:n85712	x--------
πόρθμευσον	po/rqmeuson	πορθμεύω	porqmeu/w	urn:cite2:hmt:lsj.chicago_md:n85750	v2sama---
πόρρωθεν	po/rrwqen	πρόσωθεν	pro/swqen	urn:cite2:hmt:lsj.chicago_md:n90417	d--------
πόρτις	po/rtis	πόρτις	po/rtis	urn:cite2:hmt:lsj.chicago_md:n85829	n-p---fa-
πόρτις	po/rtis	πόρτις	po/rtis	urn:cite2:hmt:lsj.chicago_md:n85829	n-s---fn-
πόρῳ	po/rw|	πόρος	po/ros	urn:cite2:hmt:lsj.chicago_md:n85807	n-s---md-
πόσιν	po/sin	πόσισ1	po/sis	urn:cite2:hmt:lsj.chicago_md:n85907	n-s---ma-
πόσιν	po/sin	πόσισ1	po/sis	urn:cite2:hmt:lsj.chicago_md:n85908	n-s---ma-
πόσιν	po/sin	πόσισ2	po/sis	urn:cite2:hmt:lsj.chicago_md:n85907	n-s---fa-
πόσιν	po/sin	πόσισ2	po/sis	urn:cite2:hmt:lsj.chicago_md:n85908	n-s---fa-
πόσις	po/sis	πόσισ1	po/sis	urn:cite2:hmt:lsj.chicago_md:n85907	n-p---ma-
πόσις	po/sis	πόσισ1	po/sis	urn:cite2:hmt:lsj.chicago_md:n85908	n-p---ma-
πόσις	po/sis	πόσισ1	po/sis	urn:cite2:hmt:lsj.chicago_md:n85907	n-s---mn-
πόσις	po/sis	πόσισ1	po/sis	urn:cite2:hmt:lsj.chicago_md:n85908	n-s---mn-
πόσις	po/sis	πόσισ2	po/sis	urn:cite2:hmt:lsj.chicago_md:n85907	n-p---fa-
πόσις	po/sis	πόσισ2	po/sis	urn:cite2:hmt:lsj.chicago_md:n85908	n-p---fa-
πόσις	po/sis	πόσισ2	po/sis	urn:cite2:hmt:lsj.chicago_md:n85907	n-s---fn-
πόσις	po/sis	πόσισ2	po/sis	urn:cite2:hmt:lsj.chicago_md:n85908	n-s---fn-
πότερα	po/tera	πότερος	po/teros	urn:cite2:hmt:lsj.chicago_md:n85982	a-p---nn-
πότερα	po/tera	πότερος	po/teros	urn:cite2:hmt:lsj.chicago_md:n85982	a-p---nv-
πότερα	po/tera	πότερος	po/teros	urn:cite2:hmt:lsj.chicago_md:n85982	a-p---na-
πότερον	po/teron	πότερος	po/teros	urn:cite2:hmt:lsj.chicago_md:n85982	a-s---ma-
πότερον	po/teron	πότερος	po/teros	urn:cite2:hmt:lsj.chicago_md:n85982	a-s---nn-
πότερον	po/teron	πότερος	po/teros	urn:cite2:hmt:lsj.chicago_md:n85982	a-s---nv-
πότερον	po/teron	πότερος	po/teros	urn:cite2:hmt:lsj.chicago_md:n85982	a-s---na-
πότμος	po/tmos	πότμος	po/tmos	urn:cite2:hmt:lsj.chicago_md:n86067	n-s---mn-
πύθησθε	pu/qhsqe	πύθω	pu/qw	urn:cite2:hmt:lsj.chicago_md:n91391	v2ppsp---
πύθησθε	pu/qhsqe	πυνθάνομαι	punqa/nomai	urn:cite2:hmt:lsj.chicago_md:n91516	v2pase---
πύθησθε	pu/qhsqe	πυνθάνομαι	punqa/nomai	urn:cite2:hmt:lsj.chicago_md:n91516	v2pasa---
πύθοιτο	pu/qoito	πύθω	pu/qw	urn:cite2:hmt:lsj.chicago_md:n91391	v3spop---
πύθοιτο	pu/qoito	πυνθάνομαι	punqa/nomai	urn:cite2:hmt:lsj.chicago_md:n91516	v3saom---
πύκτης	pu/kths	πύκτης	pu/kths	urn:cite2:hmt:lsj.chicago_md:n91462	n-s---mn-
πᾶν	pa=n	πᾶς	pa=s	urn:cite2:hmt:lsj.chicago_md:n79904	n-s---ma-
πᾶν	pa=n	πᾶς	pa=s	urn:cite2:hmt:lsj.chicago_md:n79905	n-s---ma-
πᾶν	pa=n	πᾶς	pa=s	urn:cite2:hmt:lsj.chicago_md:n79906	n-s---ma-
πᾶν	pa=n	πᾶς	pa=s	urn:cite2:hmt:lsj.chicago_md:n79904	n-s---nn-
πᾶν	pa=n	πᾶς	pa=s	urn:cite2:hmt:lsj.chicago_md:n79905	n-s---nn-
πᾶν	pa=n	πᾶς	pa=s	urn:cite2:hmt:lsj.chicago_md:n79906	n-s---nn-
πᾶν	pa=n	πᾶς	pa=s	urn:cite2:hmt:lsj.chicago_md:n79904	n-s---nv-
πᾶν	pa=n	πᾶς	pa=s	urn:cite2:hmt:lsj.chicago_md:n79905	n-s---nv-
πᾶν	pa=n	πᾶς	pa=s	urn:cite2:hmt:lsj.chicago_md:n79906	n-s---nv-
πᾶν	pa=n	πᾶς	pa=s	urn:cite2:hmt:lsj.chicago_md:n79904	n-s---na-
πᾶν	pa=n	πᾶς	pa=s	urn:cite2:hmt:lsj.chicago_md:n79905	n-s---na-
πᾶν	pa=n	πᾶς	pa=s	urn:cite2:hmt:lsj.chicago_md:n79906	n-s---na-
πᾶσα	pa=sa	πᾶς	pa=s	urn:cite2:hmt:lsj.chicago_md:n79904	n-s---fn-
πᾶσα	pa=sa	πᾶς	pa=s	urn:cite2:hmt:lsj.chicago_md:n79905	n-s---fn-
πᾶσα	pa=sa	πᾶς	pa=s	urn:cite2:hmt:lsj.chicago_md:n79906	n-s---fn-
πᾶσα	pa=sa	πᾶς	pa=s	urn:cite2:hmt:lsj.chicago_md:n79904	n-s---fv-
πᾶσα	pa=sa	πᾶς	pa=s	urn:cite2:hmt:lsj.chicago_md:n79905	n-s---fv-
πᾶσα	pa=sa	πᾶς	pa=s	urn:cite2:hmt:lsj.chicago_md:n79906	n-s---fv-
πᾶσαν	pa=san	πᾶς	pa=s	urn:cite2:hmt:lsj.chicago_md:n79904	n-s---fa-
πᾶσαν	pa=san	πᾶς	pa=s	urn:cite2:hmt:lsj.chicago_md:n79905	n-s---fa-
πᾶσαν	pa=san	πᾶς	pa=s	urn:cite2:hmt:lsj.chicago_md:n79906	n-s---fa-
πᾶσι	pa=si	πᾶς	pa=s	urn:cite2:hmt:lsj.chicago_md:n79904	n-p---md-
πᾶσι	pa=si	πᾶς	pa=s	urn:cite2:hmt:lsj.chicago_md:n79905	n-p---md-
πᾶσι	pa=si	πᾶς	pa=s	urn:cite2:hmt:lsj.chicago_md:n79906	n-p---md-
πᾶσι	pa=si	πᾶς	pa=s	urn:cite2:hmt:lsj.chicago_md:n79904	n-p---nd-
πᾶσι	pa=si	πᾶς	pa=s	urn:cite2:hmt:lsj.chicago_md:n79905	n-p---nd-
πᾶσι	pa=si	πᾶς	pa=s	urn:cite2:hmt:lsj.chicago_md:n79906	n-p---nd-
πᾶσι	pa=si	πᾶσις	pa=sis	urn:cite2:hmt:lsj.chicago_md:n79920	n-s---fv-
πᾶσιν	pa=sin	πᾶς	pa=s	urn:cite2:hmt:lsj.chicago_md:n79904	n-p---md-
πᾶσιν	pa=sin	πᾶς	pa=s	urn:cite2:hmt:lsj.chicago_md:n79905	n-p---md-
πᾶσιν	pa=sin	πᾶς	pa=s	urn:cite2:hmt:lsj.chicago_md:n79906	n-p---md-
πᾶσιν	pa=sin	πᾶς	pa=s	urn:cite2:hmt:lsj.chicago_md:n79904	n-p---nd-
πᾶσιν	pa=sin	πᾶς	pa=s	urn:cite2:hmt:lsj.chicago_md:n79905	n-p---nd-
πᾶσιν	pa=sin	πᾶς	pa=s	urn:cite2:hmt:lsj.chicago_md:n79906	n-p---nd-
πᾶσιν	pa=sin	πᾶσις	pa=sis	urn:cite2:hmt:lsj.chicago_md:n79920	n-s---fa-
πᾷ	pa=|	πῆ	ph=	urn:cite2:hmt:lsj.chicago_md:n82862	x--------
πῆμα	ph=ma	πῆμα	ph=ma	urn:cite2:hmt:lsj.chicago_md:n82972	n-s---nn-
πῆμα	ph=ma	πῆμα	ph=ma	urn:cite2:hmt:lsj.chicago_md:n82972	n-s---nv-
πῆμα	ph=ma	πῆμα	ph=ma	urn:cite2:hmt:lsj.chicago_md:n82972	n-s---na-
πῆμ’	ph=m'	πῆμα	ph=ma	urn:cite2:hmt:lsj.chicago_md:n82972	n-s---nn-
πῆμ’	ph=m'	πῆμα	ph=ma	urn:cite2:hmt:lsj.chicago_md:n82972	n-s---nv-
πῆμ’	ph=m'	πῆμα	ph=ma	urn:cite2:hmt:lsj.chicago_md:n82972	n-s---na-
πῦρ	pu=r	πῦρ	pu=r	urn:cite2:hmt:lsj.chicago_md:n91547	n-s---nn-
πῦρ	pu=r	πῦρ	pu=r	urn:cite2:hmt:lsj.chicago_md:n91547	n-s---nv-
πῦρ	pu=r	πῦρ	pu=r	urn:cite2:hmt:lsj.chicago_md:n91547	n-s---na-
πῶς	pw=s	πῶς	pw=s	urn:cite2:hmt:lsj.chicago_md:n92010	x--------
πῶς	pw=s	πῶσ2	pw=s	urn:cite2:hmt:lsj.chicago_md:n92010	d--------
πῶς	pw=s	πως	pws	urn:cite2:hmt:lsj.chicago_md:n92011	g--------
σαυτῆς	sauth=s	σαυτοῦ	sautou=	urn:cite2:hmt:lsj.chicago_md:n93465a	p-s---fg-
σαυτῆς	sauth=s	σαυτοῦ	sautou=	urn:cite2:hmt:lsj.chicago_md:n93465a	n-s---fg-
σαφηνῆ	safhnh=	σαφηνής	safhnh/s	urn:cite2:hmt:lsj.chicago_md:n93473	n-p---nn-
σαφηνῆ	safhnh=	σαφηνής	safhnh/s	urn:cite2:hmt:lsj.chicago_md:n93473	n-p---nv-
σαφηνῆ	safhnh=	σαφηνής	safhnh/s	urn:cite2:hmt:lsj.chicago_md:n93473	n-p---na-
σαφηνῆ	safhnh=	σαφηνής	safhnh/s	urn:cite2:hmt:lsj.chicago_md:n93473	n-d---mn-
σαφηνῆ	safhnh=	σαφηνής	safhnh/s	urn:cite2:hmt:lsj.chicago_md:n93473	n-d---mv-
σαφηνῆ	safhnh=	σαφηνής	safhnh/s	urn:cite2:hmt:lsj.chicago_md:n93473	n-d---ma-
σαφηνῆ	safhnh=	σαφηνής	safhnh/s	urn:cite2:hmt:lsj.chicago_md:n93473	n-d---fn-
σαφηνῆ	safhnh=	σαφηνής	safhnh/s	urn:cite2:hmt:lsj.chicago_md:n93473	n-d---fv-
σαφηνῆ	safhnh=	σαφηνής	safhnh/s	urn:cite2:hmt:lsj.chicago_md:n93473	n-d---fa-
σαφηνῆ	safhnh=	σαφηνής	safhnh/s	urn:cite2:hmt:lsj.chicago_md:n93473	n-d---nn-
σαφηνῆ	safhnh=	σαφηνής	safhnh/s	urn:cite2:hmt:lsj.chicago_md:n93473	n-d---nv-
σαφηνῆ	safhnh=	σαφηνής	safhnh/s	urn:cite2:hmt:lsj.chicago_md:n93473	n-d---na-
σαφηνῆ	safhnh=	σαφηνής	safhnh/s	urn:cite2:hmt:lsj.chicago_md:n93473	n-s---ma-
σαφηνῆ	safhnh=	σαφηνής	safhnh/s	urn:cite2:hmt:lsj.chicago_md:n93473	n-s---fa-
σαφῆ	safh=	σαφής	safh/s	urn:cite2:hmt:lsj.chicago_md:n93478	n-p---nn-
σαφῆ	safh=	σαφής	safh/s	urn:cite2:hmt:lsj.chicago_md:n93478	n-p---nv-
σαφῆ	safh=	σαφής	safh/s	urn:cite2:hmt:lsj.chicago_md:n93478	n-p---na-
σαφῆ	safh=	σαφής	safh/s	urn:cite2:hmt:lsj.chicago_md:n93478	n-d---mn-
σαφῆ	safh=	σαφής	safh/s	urn:cite2:hmt:lsj.chicago_md:n93478	n-d---mv-
σαφῆ	safh=	σαφής	safh/s	urn:cite2:hmt:lsj.chicago_md:n93478	n-d---ma-
σαφῆ	safh=	σαφής	safh/s	urn:cite2:hmt:lsj.chicago_md:n93478	n-d---fn-
σαφῆ	safh=	σαφής	safh/s	urn:cite2:hmt:lsj.chicago_md:n93478	n-d---fv-
σαφῆ	safh=	σαφής	safh/s	urn:cite2:hmt:lsj.chicago_md:n93478	n-d---fa-
σαφῆ	safh=	σαφής	safh/s	urn:cite2:hmt:lsj.chicago_md:n93478	n-d---nn-
σαφῆ	safh=	σαφής	safh/s	urn:cite2:hmt:lsj.chicago_md:n93478	n-d---nv-
σαφῆ	safh=	σαφής	safh/s	urn:cite2:hmt:lsj.chicago_md:n93478	n-d---na-
σαφῆ	safh=	σαφής	safh/s	urn:cite2:hmt:lsj.chicago_md:n93478	n-s---ma-
σαφῆ	safh=	σαφής	safh/s	urn:cite2:hmt:lsj.chicago_md:n93478	n-s---fa-
σαφῶς	safw=s	σαφής	safh/s	urn:cite2:hmt:lsj.chicago_md:n93478	x--------
σαῖν	sai=n	σός	so/s	urn:cite2:hmt:lsj.chicago_md:n95610	a-d---fg-
σαῖν	sai=n	σός	so/s	urn:cite2:hmt:lsj.chicago_md:n95610	a-d---fd-
σε	se	σύ	su/	urn:cite2:hmt:lsj.chicago_md:n97456	p-s----a-
σεαυτόν	seauto/n	σαυτοῦ	sautou=	urn:cite2:hmt:lsj.chicago_md:n93465a	p-s---ma-
σεαυτόν	seauto/n	σαυτοῦ	sautou=	urn:cite2:hmt:lsj.chicago_md:n93465a	p-s---na-
σεαυτόν	seauto/n	σαυτοῦ	sautou=	urn:cite2:hmt:lsj.chicago_md:n93465a	n-s---ma-
σεμνῶν	semnw=n	σεμνόν	semno/n	urn:cite2:hmt:lsj.chicago_md:n93702	n-p---ng-
σεμνῶν	semnw=n	σεμνός	semno/s	urn:cite2:hmt:lsj.chicago_md:n93711	a-p---fg-
σεμνῶν	semnw=n	σεμνός	semno/s	urn:cite2:hmt:lsj.chicago_md:n93711	a-p---mg-
σεμνῶν	semnw=n	σεμνός	semno/s	urn:cite2:hmt:lsj.chicago_md:n93711	a-p---ng-
σεμνῶν	semnw=n	σεμνόω	semno/w	urn:cite2:hmt:lsj.chicago_md:n93717	v-sppamv-
σεμνῶν	semnw=n	σεμνόω	semno/w	urn:cite2:hmt:lsj.chicago_md:n93717	v-sppann-
σεμνῶν	semnw=n	σεμνόω	semno/w	urn:cite2:hmt:lsj.chicago_md:n93717	v-sppanv-
σεμνῶν	semnw=n	σεμνόω	semno/w	urn:cite2:hmt:lsj.chicago_md:n93717	v-sppana-
σεμνῶν	semnw=n	σεμνόω	semno/w	urn:cite2:hmt:lsj.chicago_md:n93717	v-sppamn-
σεμνῶν	semnw=n	σεμνόω	semno/w	urn:cite2:hmt:lsj.chicago_md:n93717	v--pna---
σημαινέτω	shmaine/tw	σημαίνω	shmai/nw	urn:cite2:hmt:lsj.chicago_md:n93789	v3spma---
σημανοῦσά	shmanou=sa/	σημαίνω	shmai/nw	urn:cite2:hmt:lsj.chicago_md:n93789	v-sfpafn-
σημανοῦσά	shmanou=sa/	σημαίνω	shmai/nw	urn:cite2:hmt:lsj.chicago_md:n93789	v-sfpafv-
σθένος	sqe/nos	σθένος	sqe/nos	urn:cite2:hmt:lsj.chicago_md:n93917	n-s---nn-
σθένος	sqe/nos	σθένος	sqe/nos	urn:cite2:hmt:lsj.chicago_md:n93917	n-s---nv-
σθένος	sqe/nos	σθένος	sqe/nos	urn:cite2:hmt:lsj.chicago_md:n93917	n-s---na-
σιγηλός	sighlo/s	σιγηλός	sighlo/s	urn:cite2:hmt:lsj.chicago_md:n93969	a-s---mn-
σιγήν	sigh/n	σιγή	sigh/	urn:cite2:hmt:lsj.chicago_md:n93968	n-s---fa-
σιγᾶν	siga=n	σιγάω	siga/w	urn:cite2:hmt:lsj.chicago_md:n93963	v-sppamv-
σιγᾶν	siga=n	σιγάω	siga/w	urn:cite2:hmt:lsj.chicago_md:n93963	v-sppann-
σιγᾶν	siga=n	σιγάω	siga/w	urn:cite2:hmt:lsj.chicago_md:n93963	v-sppanv-
σιγᾶν	siga=n	σιγάω	siga/w	urn:cite2:hmt:lsj.chicago_md:n93963	v-sppana-
σιγᾶν	siga=n	σιγάω	siga/w	urn:cite2:hmt:lsj.chicago_md:n93963	v-sppamn-
σιγᾶν	siga=n	σιγάω	siga/w	urn:cite2:hmt:lsj.chicago_md:n93963	v--pna---
σιγᾶν	siga=n	σιγάω	siga/w	urn:cite2:hmt:lsj.chicago_md:n93963	v--pna---
σιγᾶν	siga=n	σιγάζω	siga/zw	urn:cite2:hmt:lsj.chicago_md:n93956	v-sfpamv-
σιγᾶν	siga=n	σιγάζω	siga/zw	urn:cite2:hmt:lsj.chicago_md:n93956	v-sfpann-
σιγᾶν	siga=n	σιγάζω	siga/zw	urn:cite2:hmt:lsj.chicago_md:n93956	v-sfpanv-
σιγᾶν	siga=n	σιγάζω	siga/zw	urn:cite2:hmt:lsj.chicago_md:n93956	v-sfpana-
σιγᾶν	siga=n	σιγάζω	siga/zw	urn:cite2:hmt:lsj.chicago_md:n93956	v-sfpamn-
σιγᾶν	siga=n	σιγάζω	siga/zw	urn:cite2:hmt:lsj.chicago_md:n93956	v--fna---
σιγᾶν	siga=n	σιγή	sigh/	urn:cite2:hmt:lsj.chicago_md:n93968	n-p---fg-
σιγῇ	sigh=|	σιγάω	siga/w	urn:cite2:hmt:lsj.chicago_md:n93963	v2spse---
σιγῇ	sigh=|	σιγάω	siga/w	urn:cite2:hmt:lsj.chicago_md:n93963	v2spie---
σιγῇ	sigh=|	σιγάω	siga/w	urn:cite2:hmt:lsj.chicago_md:n93963	v3spsa---
σιγῇ	sigh=|	σιγάω	siga/w	urn:cite2:hmt:lsj.chicago_md:n93963	v3spia---
σιγῇ	sigh=|	σιγάω	siga/w	urn:cite2:hmt:lsj.chicago_md:n93963	v2spse---
σιγῇ	sigh=|	σιγάω	siga/w	urn:cite2:hmt:lsj.chicago_md:n93963	v2spie---
σιγῇ	sigh=|	σιγάω	siga/w	urn:cite2:hmt:lsj.chicago_md:n93963	v3spsa---
σιγῇ	sigh=|	σιγάζω	siga/zw	urn:cite2:hmt:lsj.chicago_md:n93956	v2sfim---
σιγῇ	sigh=|	σιγάζω	siga/zw	urn:cite2:hmt:lsj.chicago_md:n93956	v3sfia---
σιγῇ	sigh=|	σιγή	sigh/	urn:cite2:hmt:lsj.chicago_md:n93968	n-s---fd-
σιγῶσα	sigw=sa	σιγάω	siga/w	urn:cite2:hmt:lsj.chicago_md:n93963	v-sppafn-
σιγῶσα	sigw=sa	σιγάω	siga/w	urn:cite2:hmt:lsj.chicago_md:n93963	v-sppafv-
σιγῶσα	sigw=sa	σιγάζω	siga/zw	urn:cite2:hmt:lsj.chicago_md:n93956	v-sfpafn-
σιγῶσα	sigw=sa	σιγάζω	siga/zw	urn:cite2:hmt:lsj.chicago_md:n93956	v-sfpafv-
σιδάρου	sida/rou	σίδηρος	si/dhros	urn:cite2:hmt:lsj.chicago_md:n94045	n-s---mg-
σκεδάσαι	skeda/sai	σκεδάννυμι	skeda/nnumi	urn:cite2:hmt:lsj.chicago_md:n94645	v-sfpafd-
σκεδάσαι	skeda/sai	σκεδάννυμι	skeda/nnumi	urn:cite2:hmt:lsj.chicago_md:n94645	v--ana---
σκεδάσαι	skeda/sai	σκεδάννυμι	skeda/nnumi	urn:cite2:hmt:lsj.chicago_md:n94645	v3saoa---
σκληρά	sklhra/	σκληρός	sklhro/s	urn:cite2:hmt:lsj.chicago_md:n95004	a-p---nn-
σκληρά	sklhra/	σκληρός	sklhro/s	urn:cite2:hmt:lsj.chicago_md:n95004	a-p---nv-
σκληρά	sklhra/	σκληρός	sklhro/s	urn:cite2:hmt:lsj.chicago_md:n95004	a-p---na-
σκληρά	sklhra/	σκληρός	sklhro/s	urn:cite2:hmt:lsj.chicago_md:n95004	a-d---fn-
σκληρά	sklhra/	σκληρός	sklhro/s	urn:cite2:hmt:lsj.chicago_md:n95004	a-d---fv-
σκληρά	sklhra/	σκληρός	sklhro/s	urn:cite2:hmt:lsj.chicago_md:n95004	a-d---fa-
σκληρά	sklhra/	σκληρός	sklhro/s	urn:cite2:hmt:lsj.chicago_md:n95004	a-s---fn-
σκληρά	sklhra/	σκληρός	sklhro/s	urn:cite2:hmt:lsj.chicago_md:n95004	a-s---fv-
σκοπουμένοις	skopoume/nois	σκοπάω	skopa/w	urn:cite2:hmt:lsj.chicago_md:n95100	v-pppemd-
σκοπουμένοις	skopoume/nois	σκοπάω	skopa/w	urn:cite2:hmt:lsj.chicago_md:n95100	v-pppend-
σκοπουμένοις	skopoume/nois	σκοπέω	skope/w	urn:cite2:hmt:lsj.chicago_md:n95111	v-pppemd-
σκοπουμένοις	skopoume/nois	σκοπέω	skope/w	urn:cite2:hmt:lsj.chicago_md:n95111	v-pppend-
σκοπῶν	skopw=n	σκοπάω	skopa/w	urn:cite2:hmt:lsj.chicago_md:n95100	v-sppamv-
σκοπῶν	skopw=n	σκοπάω	skopa/w	urn:cite2:hmt:lsj.chicago_md:n95100	v-sppann-
σκοπῶν	skopw=n	σκοπάω	skopa/w	urn:cite2:hmt:lsj.chicago_md:n95100	v-sppanv-
σκοπῶν	skopw=n	σκοπάω	skopa/w	urn:cite2:hmt:lsj.chicago_md:n95100	v-sppana-
σκοπῶν	skopw=n	σκοπάω	skopa/w	urn:cite2:hmt:lsj.chicago_md:n95100	v-sppamn-
σκοπῶν	skopw=n	σκοπάω	skopa/w	urn:cite2:hmt:lsj.chicago_md:n95100	v-sppamn-
σκοπῶν	skopw=n	σκοπέω	skope/w	urn:cite2:hmt:lsj.chicago_md:n95111	v-sppamn-
σκοπῶν	skopw=n	σκοπή	skoph/	urn:cite2:hmt:lsj.chicago_md:n95112	n-p---fg-
σκοπῶν	skopw=n	σκοπός	skopo/s	urn:cite2:hmt:lsj.chicago_md:n95121	n-p---mg-
σκοπῶν	skopw=n	σκοπός	skopo/s	urn:cite2:hmt:lsj.chicago_md:n95121	n-p---fg-
σκάφει	ska/fei	σκάφοσ2	ska/fos	urn:cite2:hmt:lsj.chicago_md:n94641	n-d---nn-
σκάφει	ska/fei	σκάφοσ2	ska/fos	urn:cite2:hmt:lsj.chicago_md:n94642	n-d---nn-
σκάφει	ska/fei	σκάφοσ2	ska/fos	urn:cite2:hmt:lsj.chicago_md:n94641	n-d---nv-
σκάφει	ska/fei	σκάφοσ2	ska/fos	urn:cite2:hmt:lsj.chicago_md:n94642	n-d---nv-
σκάφει	ska/fei	σκάφοσ2	ska/fos	urn:cite2:hmt:lsj.chicago_md:n94641	n-d---na-
σκάφει	ska/fei	σκάφοσ2	ska/fos	urn:cite2:hmt:lsj.chicago_md:n94642	n-d---na-
σκάφει	ska/fei	σκάφοσ2	ska/fos	urn:cite2:hmt:lsj.chicago_md:n94641	n-s---nd-
σκάφει	ska/fei	σκάφοσ2	ska/fos	urn:cite2:hmt:lsj.chicago_md:n94642	n-s---nd-
σκάφει	ska/fei	σκάφοσ2	ska/fos	urn:cite2:hmt:lsj.chicago_md:n94641	n-s---nd-
σκάφει	ska/fei	σκάφοσ2	ska/fos	urn:cite2:hmt:lsj.chicago_md:n94642	n-s---nd-
σκέψαι	ske/yai	σκέπτομαι	ske/ptomai	urn:cite2:hmt:lsj.chicago_md:n94711	v2same---
σκότῳ	sko/tw|	σκότος	sko/tos	urn:cite2:hmt:lsj.chicago_md:n95221	n-s---md-
σκύλακ’	sku/lak'	σκύλαξ	sku/lac	urn:cite2:hmt:lsj.chicago_md:n95295	n-s---ma-
σκύλακ’	sku/lak'	σκύλαξ	sku/lac	urn:cite2:hmt:lsj.chicago_md:n95295	n-s---fa-
σκύλακ’	sku/lak'	σκύλαξ	sku/lac	urn:cite2:hmt:lsj.chicago_md:n95295	n-s---md-
σκύλακ’	sku/lak'	σκύλαξ	sku/lac	urn:cite2:hmt:lsj.chicago_md:n95295	n-s---fd-
σκύλακ’	sku/lak'	σκύλαξ	sku/lac	urn:cite2:hmt:lsj.chicago_md:n95295	n-d---mn-
σκύλακ’	sku/lak'	σκύλαξ	sku/lac	urn:cite2:hmt:lsj.chicago_md:n95295	n-d---mv-
σκύλακ’	sku/lak'	σκύλαξ	sku/lac	urn:cite2:hmt:lsj.chicago_md:n95295	n-d---ma-
σκύλακ’	sku/lak'	σκύλαξ	sku/lac	urn:cite2:hmt:lsj.chicago_md:n95295	n-d---fn-
σκύλακ’	sku/lak'	σκύλαξ	sku/lac	urn:cite2:hmt:lsj.chicago_md:n95295	n-d---fv-
σκύλακ’	sku/lak'	σκύλαξ	sku/lac	urn:cite2:hmt:lsj.chicago_md:n95295	n-d---fa-
σκύλακ’	sku/lak'	σκυλάκη	skula/kh	urn:cite2:hmt:lsj.chicago_md:n95286	n-p---fn-
σκύλακ’	sku/lak'	σκυλάκη	skula/kh	urn:cite2:hmt:lsj.chicago_md:n95286	n-p---fv-
σμικροῖς	smikroi=s	μικρός	mikro/s	urn:cite2:hmt:lsj.chicago_md:n67762	a-p---md-
σμικροῖς	smikroi=s	μικρός	mikro/s	urn:cite2:hmt:lsj.chicago_md:n67762	a-p---nd-
σμικροῖς	smikroi=s	σμικρός	smikro/s	urn:cite2:hmt:lsj.chicago_md:n95505	a-p---md-
σμικροῖς	smikroi=s	σμικρός	smikro/s	urn:cite2:hmt:lsj.chicago_md:n95505	a-p---nd-
σμικρῶν	smikrw=n	μικρός	mikro/s	urn:cite2:hmt:lsj.chicago_md:n67762	a-p---fg-
σμικρῶν	smikrw=n	μικρός	mikro/s	urn:cite2:hmt:lsj.chicago_md:n67762	a-p---mg-
σμικρῶν	smikrw=n	μικρός	mikro/s	urn:cite2:hmt:lsj.chicago_md:n67762	a-p---ng-
σμικρῶν	smikrw=n	σμικρός	smikro/s	urn:cite2:hmt:lsj.chicago_md:n95505	a-p---fg-
σμικρῶν	smikrw=n	σμικρός	smikro/s	urn:cite2:hmt:lsj.chicago_md:n95505	a-p---mg-
σμικρῶν	smikrw=n	σμικρός	smikro/s	urn:cite2:hmt:lsj.chicago_md:n95505	a-p---ng-
σοι	soi	σύ	su/	urn:cite2:hmt:lsj.chicago_md:n97456	p-s----d-
σου	sou	σύ	su/	urn:cite2:hmt:lsj.chicago_md:n97456	p-s----g-
σοί	soi/	σός	so/s	urn:cite2:hmt:lsj.chicago_md:n95610	a-p---mn-
σοί	soi/	σός	so/s	urn:cite2:hmt:lsj.chicago_md:n95610	a-p---mv-
σοί	soi/	σύ	su/	urn:cite2:hmt:lsj.chicago_md:n97456	p-s----d-
σοί	soi/	σύ	su/	urn:cite2:hmt:lsj.chicago_md:n97456	p-s----d-
σούς	sou/s	σός	so/s	urn:cite2:hmt:lsj.chicago_md:n95610	a-p---ma-
σοῦ	sou=	σεύω	seu/w	urn:cite2:hmt:lsj.chicago_md:n93762	v2spmm---
σοῦ	sou=	σός	so/s	urn:cite2:hmt:lsj.chicago_md:n95610	a-s---mg-
σοῦ	sou=	σός	so/s	urn:cite2:hmt:lsj.chicago_md:n95610	a-s---ng-
σοῦ	sou=	σοῦ	sou=	urn:cite2:hmt:lsj.chicago_md:n95612	x--------
σοῦ	sou=	σοῦ	sou=	urn:cite2:hmt:lsj.chicago_md:n95613	x--------
σοῦ	sou=	σύ	su/	urn:cite2:hmt:lsj.chicago_md:n97456	p-s----g-
σοῦται	sou=tai	σεύω	seu/w	urn:cite2:hmt:lsj.chicago_md:n93762	v3spim---
σπαραγμόν	sparagmo/n	σπαραγμός	sparagmo/s	urn:cite2:hmt:lsj.chicago_md:n95741	n-s---ma-
σπαραγμός	sparagmo/s	σπαραγμός	sparagmo/s	urn:cite2:hmt:lsj.chicago_md:n95741	n-s---mn-
σπασμοῖσι	spasmoi=si	σπασμός	spasmo/s	urn:cite2:hmt:lsj.chicago_md:n95789	n-p---md-
σπασμός	spasmo/s	σπασμός	spasmo/s	urn:cite2:hmt:lsj.chicago_md:n95789	n-s---mn-
σπείρων	spei/rwn	σπείρω	spei/rw	urn:cite2:hmt:lsj.chicago_md:n95836	v-sppamn-
σπείρων	spei/rwn	σπεῖρον	spei=ron	urn:cite2:hmt:lsj.chicago_md:n95829	n-p---ng-
σπείρων	spei/rwn	σπειράομαι	speira/omai	urn:cite2:hmt:lsj.chicago_md:n95817	v3piia---
σπείρων	spei/rwn	σπειράομαι	speira/omai	urn:cite2:hmt:lsj.chicago_md:n95817	v1siia---
σπεύδῃς	speu/dh|s	σπεύδω	speu/dw	urn:cite2:hmt:lsj.chicago_md:n95898	v2spsa---
σπιλάδος	spila/dos	σπιλάς	spila/s	urn:cite2:hmt:lsj.chicago_md:n95929	n-s---fg-
σπιλάδος	spila/dos	σπιλάς	spila/s	urn:cite2:hmt:lsj.chicago_md:n95930	n-s---fg-
σπιλάδος	spila/dos	σπιλάς	spila/s	urn:cite2:hmt:lsj.chicago_md:n95931	n-s---fg-
σπορά	spora/	σπορά	spora/	urn:cite2:hmt:lsj.chicago_md:n96061	n-d---fn-
σπορά	spora/	σπορά	spora/	urn:cite2:hmt:lsj.chicago_md:n96061	n-d---fv-
σπορά	spora/	σπορά	spora/	urn:cite2:hmt:lsj.chicago_md:n96061	n-d---fa-
σπορά	spora/	σπορά	spora/	urn:cite2:hmt:lsj.chicago_md:n96061	n-s---fn-
σπορά	spora/	σπορά	spora/	urn:cite2:hmt:lsj.chicago_md:n96061	n-s---fv-
σπορά	spora/	σποράς	spora/s	urn:cite2:hmt:lsj.chicago_md:n96066	n-s---mv-
σπορά	spora/	σποράς	spora/s	urn:cite2:hmt:lsj.chicago_md:n96066	n-s---fv-
σποράν	spora/n	σπορά	spora/	urn:cite2:hmt:lsj.chicago_md:n96061	n-s---fa-
σπάσασα	spa/sasa	σπάω	spa/w	urn:cite2:hmt:lsj.chicago_md:n95811	v-sapafn-
σπάσασα	spa/sasa	σπάω	spa/w	urn:cite2:hmt:lsj.chicago_md:n95811	v-sapafv-
σπέρμα	spe/rma	σπέρμα	spe/rma	urn:cite2:hmt:lsj.chicago_md:n95853	n-s---nn-
σπέρμα	spe/rma	σπέρμα	spe/rma	urn:cite2:hmt:lsj.chicago_md:n95853	n-s---nv-
σπέρμα	spe/rma	σπέρμα	spe/rma	urn:cite2:hmt:lsj.chicago_md:n95853	n-s---na-
σταθείς	staqei/s	ἵστημι	i(/sthmi	urn:cite2:hmt:lsj.chicago_md:n51241	v-sappmn-
σταθείς	staqei/s	ἵστημι	i(/sthmi	urn:cite2:hmt:lsj.chicago_md:n51241	v-sappmv-
σταθεῖσ’	staqei=s'	ἵστημι	i(/sthmi	urn:cite2:hmt:lsj.chicago_md:n51241	v-sappfn-
σταθεῖσ’	staqei=s'	ἵστημι	i(/sthmi	urn:cite2:hmt:lsj.chicago_md:n51241	v-sappfv-
σταθεῖσ’	staqei=s'	ἵστημι	i(/sthmi	urn:cite2:hmt:lsj.chicago_md:n51241	v-pappmd-
σταθεῖσ’	staqei=s'	ἵστημι	i(/sthmi	urn:cite2:hmt:lsj.chicago_md:n51241	v-pappnd-
σταθεῖσ’	staqei=s'	ἵστημι	i(/sthmi	urn:cite2:hmt:lsj.chicago_md:n51241	v-pappfn-
σταθεῖσ’	staqei=s'	ἵστημι	i(/sthmi	urn:cite2:hmt:lsj.chicago_md:n51241	v-pappfv-
σταίη	stai/h	ἵστημι	i(/sthmi	urn:cite2:hmt:lsj.chicago_md:n51241	v3saoa---
στεγοίμεθ’	stegoi/meq'	στέγω	ste/gw	urn:cite2:hmt:lsj.chicago_md:n96404	v1ppoe---
στελεῖν	stelei=n	στέλλω	ste/llw	urn:cite2:hmt:lsj.chicago_md:n96447	v--fna---
στεροπᾷ	steropa=|	στεροπή	steroph/	urn:cite2:hmt:lsj.chicago_md:n96613	n-s---fd-
στείχοις	stei/xois	στείχω	stei/xw	urn:cite2:hmt:lsj.chicago_md:n96425	v2spoa---
στείχονθ’	stei/xonq'	στείχω	stei/xw	urn:cite2:hmt:lsj.chicago_md:n96425	v-pppann-
στείχονθ’	stei/xonq'	στείχω	stei/xw	urn:cite2:hmt:lsj.chicago_md:n96425	v-pppanv-
στείχονθ’	stei/xonq'	στείχω	stei/xw	urn:cite2:hmt:lsj.chicago_md:n96425	v-pppana-
στείχονθ’	stei/xonq'	στείχω	stei/xw	urn:cite2:hmt:lsj.chicago_md:n96425	v-sppama-
στείχονθ’	stei/xonq'	στείχω	stei/xw	urn:cite2:hmt:lsj.chicago_md:n96425	v-sppamd-
στείχονθ’	stei/xonq'	στείχω	stei/xw	urn:cite2:hmt:lsj.chicago_md:n96425	v-sppand-
στείχονθ’	stei/xonq'	στείχω	stei/xw	urn:cite2:hmt:lsj.chicago_md:n96425	v3ppia---
στείχονθ’	stei/xonq'	στείχω	stei/xw	urn:cite2:hmt:lsj.chicago_md:n96425	v-dppamn-
στείχονθ’	stei/xonq'	στείχω	stei/xw	urn:cite2:hmt:lsj.chicago_md:n96425	v-dppamv-
στείχονθ’	stei/xonq'	στείχω	stei/xw	urn:cite2:hmt:lsj.chicago_md:n96425	v-dppama-
στείχονθ’	stei/xonq'	στείχω	stei/xw	urn:cite2:hmt:lsj.chicago_md:n96425	v-dppann-
στείχονθ’	stei/xonq'	στείχω	stei/xw	urn:cite2:hmt:lsj.chicago_md:n96425	v-dppanv-
στείχονθ’	stei/xonq'	στείχω	stei/xw	urn:cite2:hmt:lsj.chicago_md:n96425	v-dppana-
στείχονθ’	stei/xonq'	στείχω	stei/xw	urn:cite2:hmt:lsj.chicago_md:n96425	v3ppie---
στείχονθ’	stei/xonq'	στείχω	stei/xw	urn:cite2:hmt:lsj.chicago_md:n96425	v3piie---
στολῇ	stolh=|	στολάζομαι	stola/zomai	urn:cite2:hmt:lsj.chicago_md:n96956	v2sfie---
στολῇ	stolh=|	στολή	stolh/	urn:cite2:hmt:lsj.chicago_md:n96960	n-s---fd-
στονόεντος	stono/entos	στονόεις	stono/eis	urn:cite2:hmt:lsj.chicago_md:n97030	n-s---mg-
στονόεντος	stono/entos	στονόεις	stono/eis	urn:cite2:hmt:lsj.chicago_md:n97030	n-s---ng-
στορνύνθ’	stornu/nq'	στόρεννυμι	sto/rennumi	urn:cite2:hmt:lsj.chicago_md:n97038	v-pppann-
στορνύνθ’	stornu/nq'	στόρεννυμι	sto/rennumi	urn:cite2:hmt:lsj.chicago_md:n97038	v-pppanv-
στορνύνθ’	stornu/nq'	στόρεννυμι	sto/rennumi	urn:cite2:hmt:lsj.chicago_md:n97038	v-pppana-
στορνύνθ’	stornu/nq'	στόρεννυμι	sto/rennumi	urn:cite2:hmt:lsj.chicago_md:n97038	v-sppama-
στορνύνθ’	stornu/nq'	στόρεννυμι	sto/rennumi	urn:cite2:hmt:lsj.chicago_md:n97038	v-sppamd-
στορνύνθ’	stornu/nq'	στόρεννυμι	sto/rennumi	urn:cite2:hmt:lsj.chicago_md:n97038	v-sppand-
στορνύνθ’	stornu/nq'	στόρεννυμι	sto/rennumi	urn:cite2:hmt:lsj.chicago_md:n97038	v-dppamn-
στορνύνθ’	stornu/nq'	στόρεννυμι	sto/rennumi	urn:cite2:hmt:lsj.chicago_md:n97038	v-dppamv-
στορνύνθ’	stornu/nq'	στόρεννυμι	sto/rennumi	urn:cite2:hmt:lsj.chicago_md:n97038	v-dppama-
στορνύνθ’	stornu/nq'	στόρεννυμι	sto/rennumi	urn:cite2:hmt:lsj.chicago_md:n97038	v-dppann-
στορνύνθ’	stornu/nq'	στόρεννυμι	sto/rennumi	urn:cite2:hmt:lsj.chicago_md:n97038	v-dppanv-
στορνύνθ’	stornu/nq'	στόρεννυμι	sto/rennumi	urn:cite2:hmt:lsj.chicago_md:n97038	v-dppana-
στρατόν	strato/n	στρατός	strato/s	urn:cite2:hmt:lsj.chicago_md:n97150	n-s---ma-
στρατός	strato/s	στρατός	strato/s	urn:cite2:hmt:lsj.chicago_md:n97150	n-s---mn-
στρατῷ	stratw=|	στρατός	strato/s	urn:cite2:hmt:lsj.chicago_md:n97150	n-s---md-
στραφείη	strafei/h	στράπτω	stra/ptw	urn:cite2:hmt:lsj.chicago_md:n97094	v3saop---
στραφείη	strafei/h	στρέφω	stre/fw	urn:cite2:hmt:lsj.chicago_md:n97186	v3saop---
στροφάδες	strofa/des	στροφάς	strofa/s	urn:cite2:hmt:lsj.chicago_md:n97294	n-p---mn-
στροφάδες	strofa/des	στροφάς	strofa/s	urn:cite2:hmt:lsj.chicago_md:n97294	n-p---mv-
στροφάδες	strofa/des	στροφάς	strofa/s	urn:cite2:hmt:lsj.chicago_md:n97294	n-p---fn-
στροφάδες	strofa/des	στροφάς	strofa/s	urn:cite2:hmt:lsj.chicago_md:n97294	n-p---fv-
στρωτά	strwta/	στρωτός	strwto/s	urn:cite2:hmt:lsj.chicago_md:n97348	a-p---nn-
στρωτά	strwta/	στρωτός	strwto/s	urn:cite2:hmt:lsj.chicago_md:n97348	a-p---nv-
στρωτά	strwta/	στρωτός	strwto/s	urn:cite2:hmt:lsj.chicago_md:n97348	a-p---na-
στρωτά	strwta/	στρωτός	strwto/s	urn:cite2:hmt:lsj.chicago_md:n97348	a-d---fn-
στρωτά	strwta/	στρωτός	strwto/s	urn:cite2:hmt:lsj.chicago_md:n97348	a-d---fv-
στρωτά	strwta/	στρωτός	strwto/s	urn:cite2:hmt:lsj.chicago_md:n97348	a-d---fa-
στρωτά	strwta/	στρωτός	strwto/s	urn:cite2:hmt:lsj.chicago_md:n97348	a-s---fn-
στρωτά	strwta/	στρωτός	strwto/s	urn:cite2:hmt:lsj.chicago_md:n97348	a-s---fv-
στρωφωμένη	strwfwme/nh	στρωφάω	strwfa/w	urn:cite2:hmt:lsj.chicago_md:n97349	v-sppefn-
στρωφωμένη	strwfwme/nh	στρωφάω	strwfa/w	urn:cite2:hmt:lsj.chicago_md:n97349	v-sppefv-
στρέφει	stre/fei	στρέφω	stre/fw	urn:cite2:hmt:lsj.chicago_md:n97186	v2spie---
στρέφει	stre/fei	στρέφω	stre/fw	urn:cite2:hmt:lsj.chicago_md:n97186	v3spia---
στυγεροῦ	stugerou=	στυγερός	stugero/s	urn:cite2:hmt:lsj.chicago_md:n97356	a-s---mg-
στυγεροῦ	stugerou=	στυγερός	stugero/s	urn:cite2:hmt:lsj.chicago_md:n97356	a-s---ng-
στυγνός	stugno/s	στυγνός	stugno/s	urn:cite2:hmt:lsj.chicago_md:n97369	a-s---mn-
στυγούμενον	stugou/menon	στυγέω	stuge/w	urn:cite2:hmt:lsj.chicago_md:n97359	v-sppema-
στυγούμενον	stugou/menon	στυγέω	stuge/w	urn:cite2:hmt:lsj.chicago_md:n97359	v-sppenn-
στυγούμενον	stugou/menon	στυγέω	stuge/w	urn:cite2:hmt:lsj.chicago_md:n97359	v-sppenv-
στυγούμενον	stugou/menon	στυγέω	stuge/w	urn:cite2:hmt:lsj.chicago_md:n97359	v-sppena-
στυγῶ	stugw=	στυγέω	stuge/w	urn:cite2:hmt:lsj.chicago_md:n97359	v1spsa---
στυγῶ	stugw=	στυγέω	stuge/w	urn:cite2:hmt:lsj.chicago_md:n97359	v1spia---
στάσιν	sta/sin	στάσις	sta/sis	urn:cite2:hmt:lsj.chicago_md:n96270	n-s---fa-
στέγας	ste/gas	στέγη	ste/gh	urn:cite2:hmt:lsj.chicago_md:n96389	n-p---fa-
στέγας	ste/gas	στέγη	ste/gh	urn:cite2:hmt:lsj.chicago_md:n96389	n-s---fg-
στέγη	ste/gh	στέγη	ste/gh	urn:cite2:hmt:lsj.chicago_md:n96389	n-s---fn-
στέγη	ste/gh	στέγη	ste/gh	urn:cite2:hmt:lsj.chicago_md:n96389	n-s---fv-
στέγη	ste/gh	στέγος	ste/gos	urn:cite2:hmt:lsj.chicago_md:n96402	n-p---nn-
στέγη	ste/gh	στέγος	ste/gos	urn:cite2:hmt:lsj.chicago_md:n96402	n-p---nv-
στέγη	ste/gh	στέγος	ste/gos	urn:cite2:hmt:lsj.chicago_md:n96402	n-p---na-
στέγη	ste/gh	στέγος	ste/gos	urn:cite2:hmt:lsj.chicago_md:n96402	n-d---nn-
στέγη	ste/gh	στέγος	ste/gos	urn:cite2:hmt:lsj.chicago_md:n96402	n-d---nv-
στέγη	ste/gh	στέγος	ste/gos	urn:cite2:hmt:lsj.chicago_md:n96402	n-d---na-
στέγης	ste/ghs	στέγη	ste/gh	urn:cite2:hmt:lsj.chicago_md:n96389	n-s---fg-
στένει	ste/nei	στένος	ste/nos	urn:cite2:hmt:lsj.chicago_md:n96504	n-d---nn-
στένει	ste/nei	στένος	ste/nos	urn:cite2:hmt:lsj.chicago_md:n96504	n-d---nv-
στένει	ste/nei	στένος	ste/nos	urn:cite2:hmt:lsj.chicago_md:n96504	n-d---na-
στένει	ste/nei	στένος	ste/nos	urn:cite2:hmt:lsj.chicago_md:n96504	n-s---nd-
στένει	ste/nei	στένος	ste/nos	urn:cite2:hmt:lsj.chicago_md:n96504	n-s---nd-
στένει	ste/nei	στένω	ste/nw	urn:cite2:hmt:lsj.chicago_md:n96525	v2spie---
στένει	ste/nei	στένω	ste/nw	urn:cite2:hmt:lsj.chicago_md:n96525	v3spia---
στέργε	ste/rge	στέργω	ste/rgw	urn:cite2:hmt:lsj.chicago_md:n96541	v2spma---
στέργε	ste/rge	στέργω	ste/rgw	urn:cite2:hmt:lsj.chicago_md:n96541	v3siia---
στέργημα	ste/rghma	στέργημα	ste/rghma	urn:cite2:hmt:lsj.chicago_md:n96538	n-s---nn-
στέργημα	ste/rghma	στέργημα	ste/rghma	urn:cite2:hmt:lsj.chicago_md:n96538	n-s---nv-
στέργημα	ste/rghma	στέργημα	ste/rghma	urn:cite2:hmt:lsj.chicago_md:n96538	n-s---na-
στέργουσιν	ste/rgousin	στέργω	ste/rgw	urn:cite2:hmt:lsj.chicago_md:n96541	v-pppamd-
στέργουσιν	ste/rgousin	στέργω	ste/rgw	urn:cite2:hmt:lsj.chicago_md:n96541	v-pppand-
στέργουσιν	ste/rgousin	στέργω	ste/rgw	urn:cite2:hmt:lsj.chicago_md:n96541	v3ppia---
στέρεσθαι	ste/resqai	στέρομαι	ste/romai	urn:cite2:hmt:lsj.chicago_md:n96612	v--pne---
στέρνον	ste/rnon	στέρνον	ste/rnon	urn:cite2:hmt:lsj.chicago_md:n96602	n-s---nn-
στέρνον	ste/rnon	στέρνον	ste/rnon	urn:cite2:hmt:lsj.chicago_md:n96602	n-s---nv-
στέρνον	ste/rnon	στέρνον	ste/rnon	urn:cite2:hmt:lsj.chicago_md:n96602	n-s---na-
στέρνων	ste/rnwn	στέρνον	ste/rnon	urn:cite2:hmt:lsj.chicago_md:n96602	n-p---ng-
στέρν’	ste/rn'	στέρνον	ste/rnon	urn:cite2:hmt:lsj.chicago_md:n96602	n-p---nn-
στέρν’	ste/rn'	στέρνον	ste/rnon	urn:cite2:hmt:lsj.chicago_md:n96602	n-p---nv-
στέρν’	ste/rn'	στέρνον	ste/rnon	urn:cite2:hmt:lsj.chicago_md:n96602	n-p---na-
στέρξαιμι	ste/rcaimi	στέργω	ste/rgw	urn:cite2:hmt:lsj.chicago_md:n96541	v1saoa---
στέρξει	ste/rcei	στέργω	ste/rgw	urn:cite2:hmt:lsj.chicago_md:n96541	v3sasa---
στέρξει	ste/rcei	στέργω	ste/rgw	urn:cite2:hmt:lsj.chicago_md:n96541	v2sfim---
στέρξει	ste/rcei	στέργω	ste/rgw	urn:cite2:hmt:lsj.chicago_md:n96541	v3sfia---
στόλον	sto/lon	στόλος	sto/los	urn:cite2:hmt:lsj.chicago_md:n96979	n-s---ma-
στόλῳ	sto/lw|	στόλος	sto/los	urn:cite2:hmt:lsj.chicago_md:n96979	n-s---md-
στόμα	sto/ma	στόμα	sto/ma	urn:cite2:hmt:lsj.chicago_md:n96981	n-s---nn-
στόμα	sto/ma	στόμα	sto/ma	urn:cite2:hmt:lsj.chicago_md:n96981	n-s---nv-
στόμα	sto/ma	στόμα	sto/ma	urn:cite2:hmt:lsj.chicago_md:n96981	n-s---na-
στόμασιν	sto/masin	στόμα	sto/ma	urn:cite2:hmt:lsj.chicago_md:n96981	n-p---nd-
στόμιον	sto/mion	στόμιον	sto/mion	urn:cite2:hmt:lsj.chicago_md:n97004	n-s---nn-
στόμιον	sto/mion	στόμιον	sto/mion	urn:cite2:hmt:lsj.chicago_md:n97004	n-s---nv-
στόμιον	sto/mion	στόμιον	sto/mion	urn:cite2:hmt:lsj.chicago_md:n97004	n-s---na-
στόνος	sto/nos	στόνος	sto/nos	urn:cite2:hmt:lsj.chicago_md:n97031	n-s---mn-
στῆθι	sth=qi	ἵστημι	i(/sthmi	urn:cite2:hmt:lsj.chicago_md:n51241	v2sama---
συγγνωμοσύνην	suggnwmosu/nhn	συγγνωμοσύνη	suggnwmosu/nh	urn:cite2:hmt:lsj.chicago_md:n97531	n-s---fa-
συγγνώμην	suggnw/mhn	συγγνώμη	suggnw/mh	urn:cite2:hmt:lsj.chicago_md:n97527	n-s---fa-
συγκατοικτιουμένη	sugkatoiktioume/nh	συγκατοικτίζομαι	sugkatoikti/zomai	urn:cite2:hmt:lsj.chicago_md:n97758	v-sfpefn-
συγκατοικτιουμένη	sugkatoiktioume/nh	συγκατοικτίζομαι	sugkatoikti/zomai	urn:cite2:hmt:lsj.chicago_md:n97758	v-sfpefv-
συγκατοικτιουμένη	sugkatoiktioume/nh	συγκατοικτίζομαι	sugkatoikti/zomai	urn:cite2:hmt:lsj.chicago_md:n97758	v-sfpmfn-
συγκατοικτιουμένη	sugkatoiktioume/nh	συγκατοικτίζομαι	sugkatoikti/zomai	urn:cite2:hmt:lsj.chicago_md:n97758	v-sfpmfv-
συγκραθείς	sugkraqei/s	συγκεράννυμι	sugkera/nnumi	urn:cite2:hmt:lsj.chicago_md:n97779	v-sappmn-
συγκραθείς	sugkraqei/s	συγκεράννυμι	sugkera/nnumi	urn:cite2:hmt:lsj.chicago_md:n97779	v-sappmv-
συγχεῖ	sugxei=	συγχέω	sugxe/w	urn:cite2:hmt:lsj.chicago_md:n97990	v2spie---
συγχεῖ	sugxei=	συγχέω	sugxe/w	urn:cite2:hmt:lsj.chicago_md:n97990	v3spia---
συγχεῖ	sugxei=	συγχέω	sugxe/w	urn:cite2:hmt:lsj.chicago_md:n97990	v2spie---
συγχεῖ	sugxei=	συγχέω	sugxe/w	urn:cite2:hmt:lsj.chicago_md:n97990	v3spia---
συμβαίνει	sumbai/nei	συμβαίνω	sumbai/nw	urn:cite2:hmt:lsj.chicago_md:n98234	v2spie---
συμβαίνει	sumbai/nei	συμβαίνω	sumbai/nw	urn:cite2:hmt:lsj.chicago_md:n98234	v3spia---
συμβαίνοντ’	sumbai/nont'	συμβαίνω	sumbai/nw	urn:cite2:hmt:lsj.chicago_md:n98234	v-pppann-
συμβαίνοντ’	sumbai/nont'	συμβαίνω	sumbai/nw	urn:cite2:hmt:lsj.chicago_md:n98234	v-pppanv-
συμβαίνοντ’	sumbai/nont'	συμβαίνω	sumbai/nw	urn:cite2:hmt:lsj.chicago_md:n98234	v-pppana-
συμβαίνοντ’	sumbai/nont'	συμβαίνω	sumbai/nw	urn:cite2:hmt:lsj.chicago_md:n98234	v-sppama-
συμβαίνοντ’	sumbai/nont'	συμβαίνω	sumbai/nw	urn:cite2:hmt:lsj.chicago_md:n98234	v-sppamd-
συμβαίνοντ’	sumbai/nont'	συμβαίνω	sumbai/nw	urn:cite2:hmt:lsj.chicago_md:n98234	v-sppand-
συμβαίνοντ’	sumbai/nont'	συμβαίνω	sumbai/nw	urn:cite2:hmt:lsj.chicago_md:n98234	v3ppia---
συμβαίνοντ’	sumbai/nont'	συμβαίνω	sumbai/nw	urn:cite2:hmt:lsj.chicago_md:n98234	v-dppamn-
συμβαίνοντ’	sumbai/nont'	συμβαίνω	sumbai/nw	urn:cite2:hmt:lsj.chicago_md:n98234	v-dppamv-
συμβαίνοντ’	sumbai/nont'	συμβαίνω	sumbai/nw	urn:cite2:hmt:lsj.chicago_md:n98234	v-dppama-
συμβαίνοντ’	sumbai/nont'	συμβαίνω	sumbai/nw	urn:cite2:hmt:lsj.chicago_md:n98234	v-dppann-
συμβαίνοντ’	sumbai/nont'	συμβαίνω	sumbai/nw	urn:cite2:hmt:lsj.chicago_md:n98234	v-dppanv-
συμβαίνοντ’	sumbai/nont'	συμβαίνω	sumbai/nw	urn:cite2:hmt:lsj.chicago_md:n98234	v-dppana-
συμβαίνοντ’	sumbai/nont'	συμβαίνω	sumbai/nw	urn:cite2:hmt:lsj.chicago_md:n98234	v3ppie---
συμβαίνοντ’	sumbai/nont'	συμβαίνω	sumbai/nw	urn:cite2:hmt:lsj.chicago_md:n98234	v3piie---
συμβέβηκεν	sumbe/bhken	συμβαίνω	sumbai/nw	urn:cite2:hmt:lsj.chicago_md:n98234	v3sria---
συμβέβηκεν	sumbe/bhken	συμβαίνω	sumbai/nw	urn:cite2:hmt:lsj.chicago_md:n98234	v3plia---
συμμιγῆ	summigh=	συμμιγής	summigh/s	urn:cite2:hmt:lsj.chicago_md:n98433	n-p---nn-
συμμιγῆ	summigh=	συμμιγής	summigh/s	urn:cite2:hmt:lsj.chicago_md:n98433	n-p---nv-
συμμιγῆ	summigh=	συμμιγής	summigh/s	urn:cite2:hmt:lsj.chicago_md:n98433	n-p---na-
συμμιγῆ	summigh=	συμμιγής	summigh/s	urn:cite2:hmt:lsj.chicago_md:n98433	n-d---mn-
συμμιγῆ	summigh=	συμμιγής	summigh/s	urn:cite2:hmt:lsj.chicago_md:n98433	n-d---mv-
συμμιγῆ	summigh=	συμμιγής	summigh/s	urn:cite2:hmt:lsj.chicago_md:n98433	n-d---ma-
συμμιγῆ	summigh=	συμμιγής	summigh/s	urn:cite2:hmt:lsj.chicago_md:n98433	n-d---fn-
συμμιγῆ	summigh=	συμμιγής	summigh/s	urn:cite2:hmt:lsj.chicago_md:n98433	n-d---fv-
συμμιγῆ	summigh=	συμμιγής	summigh/s	urn:cite2:hmt:lsj.chicago_md:n98433	n-d---fa-
συμμιγῆ	summigh=	συμμιγής	summigh/s	urn:cite2:hmt:lsj.chicago_md:n98433	n-d---nn-
συμμιγῆ	summigh=	συμμιγής	summigh/s	urn:cite2:hmt:lsj.chicago_md:n98433	n-d---nv-
συμμιγῆ	summigh=	συμμιγής	summigh/s	urn:cite2:hmt:lsj.chicago_md:n98433	n-d---na-
συμμιγῆ	summigh=	συμμιγής	summigh/s	urn:cite2:hmt:lsj.chicago_md:n98433	n-s---ma-
συμμιγῆ	summigh=	συμμιγής	summigh/s	urn:cite2:hmt:lsj.chicago_md:n98433	n-s---fa-
συμπεσών	sumpesw/n	συμπίτνω	sumpi/tnw	urn:cite2:hmt:lsj.chicago_md:n98707	v-sapamn-
συμπράσσειν	sumpra/ssein	συμπράσσω	sumpra/ssw	urn:cite2:hmt:lsj.chicago_md:n98807	v--pna---
συμπράσσειν	sumpra/ssein	συμπράσσω	sumpra/ssw	urn:cite2:hmt:lsj.chicago_md:n98807	v--pna---
συμπτύξασ’	sumptu/cas'	συμπτύσσω	sumptu/ssw	urn:cite2:hmt:lsj.chicago_md:n98867	v-sapafn-
συμπτύξασ’	sumptu/cas'	συμπτύσσω	sumptu/ssw	urn:cite2:hmt:lsj.chicago_md:n98867	v-sapafv-
συμπτύξασ’	sumptu/cas'	συμπτύσσω	sumptu/ssw	urn:cite2:hmt:lsj.chicago_md:n98867	v-sapafn-
συμπτύξασ’	sumptu/cas'	συμπτύσσω	sumptu/ssw	urn:cite2:hmt:lsj.chicago_md:n98867	v-sapafv-
συμπτύξασ’	sumptu/cas'	συμπτύσσω	sumptu/ssw	urn:cite2:hmt:lsj.chicago_md:n98867	v-papamd-
συμπτύξασ’	sumptu/cas'	συμπτύσσω	sumptu/ssw	urn:cite2:hmt:lsj.chicago_md:n98867	v-papand-
συμπτύξασ’	sumptu/cas'	συμπτύσσω	sumptu/ssw	urn:cite2:hmt:lsj.chicago_md:n98867	v-papamd-
συμπτύξασ’	sumptu/cas'	συμπτύσσω	sumptu/ssw	urn:cite2:hmt:lsj.chicago_md:n98867	v-papand-
συμπτύξασ’	sumptu/cas'	συμπτύσσω	sumptu/ssw	urn:cite2:hmt:lsj.chicago_md:n98867	v-papafn-
συμπτύξασ’	sumptu/cas'	συμπτύσσω	sumptu/ssw	urn:cite2:hmt:lsj.chicago_md:n98867	v-papafv-
συμπτύξασ’	sumptu/cas'	συμπτύσσω	sumptu/ssw	urn:cite2:hmt:lsj.chicago_md:n98867	v-papafn-
συμπτύξασ’	sumptu/cas'	συμπτύσσω	sumptu/ssw	urn:cite2:hmt:lsj.chicago_md:n98867	v-papafv-
συμφοράς	sumfora/s	συμφορά	sumfora/	urn:cite2:hmt:lsj.chicago_md:n98925	n-p---fa-
συμφορᾶς	sumfora=s	συμφορά	sumfora/	urn:cite2:hmt:lsj.chicago_md:n98925	n-s---fg-
συμφορᾶς	sumfora=s	συμφοράζω	sumfora/zw	urn:cite2:hmt:lsj.chicago_md:n98926	v2sfia---
συμφορᾶς	sumfora=s	συμφορεύς	sumforeu/s	urn:cite2:hmt:lsj.chicago_md:n98928	n-p---ma-
συναλλαγαῖς	sunallagai=s	συναλλαγή	sunallagh/	urn:cite2:hmt:lsj.chicago_md:n99152	n-p---fd-
συνεξήκουον	sunech/kouon	συνεξακούω	sunecakou/w	urn:cite2:hmt:lsj.chicago_md:n100097	v3piia---
συνεξήκουον	sunech/kouon	συνεξακούω	sunecakou/w	urn:cite2:hmt:lsj.chicago_md:n100097	v1siia---
συνναίειν	sunnai/ein	συνναίω	sunnai/w	urn:cite2:hmt:lsj.chicago_md:n100702	v--pna---
συντρέχειν	suntre/xein	συντρέχω	suntre/xw	urn:cite2:hmt:lsj.chicago_md:n101063	v--pna---
συντόνῳ	sunto/nw|	σύντονος	su/ntonos	urn:cite2:hmt:lsj.chicago_md:n101046	n-s---md-
συντόνῳ	sunto/nw|	σύντονος	su/ntonos	urn:cite2:hmt:lsj.chicago_md:n101046	n-s---fd-
συντόνῳ	sunto/nw|	σύντονος	su/ntonos	urn:cite2:hmt:lsj.chicago_md:n101046	n-s---nd-
συνωφρυωμένη	sunwfruwme/nh	συνοφρυόομαι	sunofruo/omai	urn:cite2:hmt:lsj.chicago_md:n100916	v-srppfn-
συνωφρυωμένη	sunwfruwme/nh	συνοφρυόομαι	sunofruo/omai	urn:cite2:hmt:lsj.chicago_md:n100916	v-srppfv-
συνέγνω	sune/gnw	συγγιγνώσκω	suggignw/skw	urn:cite2:hmt:lsj.chicago_md:n97524	v3saia---
σφαγάς	sfaga/s	σφαγή	sfagh/	urn:cite2:hmt:lsj.chicago_md:n101545	n-p---fa-
σφαγῶν	sfagw=n	σφαγή	sfagh/	urn:cite2:hmt:lsj.chicago_md:n101545	n-p---fg-
σφαλεῖσι	sfalei=si	σφάλλω	sfa/llw	urn:cite2:hmt:lsj.chicago_md:n101611	v-pappmd-
σφαλεῖσι	sfalei=si	σφάλλω	sfa/llw	urn:cite2:hmt:lsj.chicago_md:n101611	v-pappnd-
σφαλεῖσι	sfalei=si	σφάλος	sfa/los	urn:cite2:hmt:lsj.chicago_md:n101615	n-p---nd-
σφαλήσεται	sfalh/setai	σφάλλω	sfa/llw	urn:cite2:hmt:lsj.chicago_md:n101611	v3sfip---
σφαλῇ	sfalh=|	σφάλλω	sfa/llw	urn:cite2:hmt:lsj.chicago_md:n101611	v3sasp---
σφαλῇ	sfalh=|	σφάλλω	sfa/llw	urn:cite2:hmt:lsj.chicago_md:n101611	v2sfim---
σφαλῶ	sfalw=	σφάλλω	sfa/llw	urn:cite2:hmt:lsj.chicago_md:n101611	v1sasp---
σφαλῶ	sfalw=	σφάλλω	sfa/llw	urn:cite2:hmt:lsj.chicago_md:n101611	v1sfia---
σφαλῶ	sfalw=	σφαλός	sfalo/s	urn:cite2:hmt:lsj.chicago_md:n101616	n-s---mg-
σφε	sfe	σφεῖς	sfei=s	urn:cite2:hmt:lsj.chicago_md:n101628	n-p---ma-
σφε	sfe	σφεῖς	sfei=s	urn:cite2:hmt:lsj.chicago_md:n101628	n-p---fa-
σφραγῖδος	sfragi=dos	σφραγίς	sfragi/s	urn:cite2:hmt:lsj.chicago_md:n101731	n-s---fg-
σφ’	sf'	ἕπομαι	e(/pomai	urn:cite2:hmt:lsj.chicago_md:n41798	v2sama---
σφ’	sf'	ἕπομαι	e(/pomai	urn:cite2:hmt:lsj.chicago_md:n41798	v3saia---
σφ’	sf'	σφεῖς	sfei=s	urn:cite2:hmt:lsj.chicago_md:n101628	n-p---md-
σφ’	sf'	σφεῖς	sfei=s	urn:cite2:hmt:lsj.chicago_md:n101628	n-p---fd-
σφ’	sf'	σφεῖς	sfei=s	urn:cite2:hmt:lsj.chicago_md:n101628	n-p---ma-
σφ’	sf'	σφεῖς	sfei=s	urn:cite2:hmt:lsj.chicago_md:n101628	n-p---fa-
σφ’	sf'	σφός	sfo/s	urn:cite2:hmt:lsj.chicago_md:n101726	a-s---mv-
σχεδόν	sxedo/n	σχεδόν	sxedo/n	urn:cite2:hmt:lsj.chicago_md:n101822	d--------
σχετλιώτατά	sxetliw/tata/	σχέτλιος	sxe/tlios	urn:cite2:hmt:lsj.chicago_md:n101849	a-------s
σχετλιώτατά	sxetliw/tata/	σχέτλιος	sxe/tlios	urn:cite2:hmt:lsj.chicago_md:n101849	a-p---nns
σχετλιώτατά	sxetliw/tata/	σχέτλιος	sxe/tlios	urn:cite2:hmt:lsj.chicago_md:n101849	a-p---nvs
σχετλιώτατά	sxetliw/tata/	σχέτλιος	sxe/tlios	urn:cite2:hmt:lsj.chicago_md:n101849	a-p---nas
σάρκας	sa/rkas	σάρξ	sa/rc	urn:cite2:hmt:lsj.chicago_md:n93388	n-p---fa-
σάρκας	sa/rkas	σαρκάω	sarka/w	urn:cite2:hmt:lsj.chicago_md:n93332	v2siia---
σάφα	sa/fa	σάφα	sa/fa	urn:cite2:hmt:lsj.chicago_md:n93466	d--------
σέ	se/	σός	so/s	urn:cite2:hmt:lsj.chicago_md:n95610	a-s---mv-
σέ	se/	σύ	su/	urn:cite2:hmt:lsj.chicago_md:n97456	p-s----a-
σέ	se/	σύ	su/	urn:cite2:hmt:lsj.chicago_md:n97456	p-s----a-
σέθεν	se/qen	σύ	su/	urn:cite2:hmt:lsj.chicago_md:n97456	p-s----g-
σέλας	se/las	σέλας	se/las	urn:cite2:hmt:lsj.chicago_md:n93616	n-s---ng-
σέλας	se/las	σέλας	se/las	urn:cite2:hmt:lsj.chicago_md:n93616	n-s---nn-
σέλας	se/las	σέλας	se/las	urn:cite2:hmt:lsj.chicago_md:n93616	n-s---nv-
σέλας	se/las	σέλας	se/las	urn:cite2:hmt:lsj.chicago_md:n93616	n-s---na-
σέλας	se/las	σελάω	sela/w	urn:cite2:hmt:lsj.chicago_md:n93626	v2siia---
σήμαινε	sh/maine	σημαίνω	shmai/nw	urn:cite2:hmt:lsj.chicago_md:n93789	v2spma---
σήμαινε	sh/maine	σημαίνω	shmai/nw	urn:cite2:hmt:lsj.chicago_md:n93789	v3siia---
σήν	sh/n	σής	sh/s	urn:cite2:hmt:lsj.chicago_md:n93867	n-s---ma-
σήν	sh/n	σός	so/s	urn:cite2:hmt:lsj.chicago_md:n95610	a-s---fa-
σίγα	si/ga	σῖγος	si=gos	urn:cite2:hmt:lsj.chicago_md:n93990	n-p---nn-
σίγα	si/ga	σῖγος	si=gos	urn:cite2:hmt:lsj.chicago_md:n93990	n-p---nv-
σίγα	si/ga	σῖγος	si=gos	urn:cite2:hmt:lsj.chicago_md:n93990	n-p---na-
σίγα	si/ga	σιγάω	siga/w	urn:cite2:hmt:lsj.chicago_md:n93963	v2spma---
σίγα	si/ga	σιγάω	siga/w	urn:cite2:hmt:lsj.chicago_md:n93963	v3siia---
σόν	so/n	σός	so/s	urn:cite2:hmt:lsj.chicago_md:n95610	a-s---ma-
σόν	so/n	σός	so/s	urn:cite2:hmt:lsj.chicago_md:n95610	a-s---nn-
σόν	so/n	σός	so/s	urn:cite2:hmt:lsj.chicago_md:n95610	a-s---nv-
σόν	so/n	σός	so/s	urn:cite2:hmt:lsj.chicago_md:n95610	a-s---na-
σός	so/s	σός	so/s	urn:cite2:hmt:lsj.chicago_md:n95610	a-s---mn-
σύ	su/	σύ	su/	urn:cite2:hmt:lsj.chicago_md:n97456	p-s----n-
σύλλαβε	su/llabe	συλλαμβάνω	sullamba/nw	urn:cite2:hmt:lsj.chicago_md:n98173	v2sama---
σύλλαβε	su/llabe	συλλαμβάνω	sullamba/nw	urn:cite2:hmt:lsj.chicago_md:n98173	v3saia---
σύμμαχον	su/mmaxon	σύμμαχος	su/mmaxos	urn:cite2:hmt:lsj.chicago_md:n98358	n-s---ma-
σύμμαχον	su/mmaxon	σύμμαχος	su/mmaxos	urn:cite2:hmt:lsj.chicago_md:n98358	n-s---fa-
σύμμαχον	su/mmaxon	σύμμαχος	su/mmaxos	urn:cite2:hmt:lsj.chicago_md:n98358	n-s---nn-
σύμμαχον	su/mmaxon	σύμμαχος	su/mmaxos	urn:cite2:hmt:lsj.chicago_md:n98358	n-s---nv-
σύμμαχον	su/mmaxon	σύμμαχος	su/mmaxos	urn:cite2:hmt:lsj.chicago_md:n98358	n-s---na-
σύν	su/n	σύν	su/n	urn:cite2:hmt:lsj.chicago_md:n99002	r--------
σώφρονος	sw/fronos	σώφρων	sw/frwn	urn:cite2:hmt:lsj.chicago_md:n102117	n-s----g-
σῆμ’	sh=m'	σῆμα	sh=ma	urn:cite2:hmt:lsj.chicago_md:n93786	n-s---nn-
σῆμ’	sh=m'	σῆμα	sh=ma	urn:cite2:hmt:lsj.chicago_md:n93786	n-s---nv-
σῆμ’	sh=m'	σῆμα	sh=ma	urn:cite2:hmt:lsj.chicago_md:n93786	n-s---na-
σῖγ’	si=g'	σῖγα	si=ga	urn:cite2:hmt:lsj.chicago_md:n93953	d--------
σῶμα	sw=ma	σῶμα	sw=ma	urn:cite2:hmt:lsj.chicago_md:n102000	n-s---nn-
σῶμα	sw=ma	σῶμα	sw=ma	urn:cite2:hmt:lsj.chicago_md:n102000	n-s---nv-
σῶμα	sw=ma	σῶμα	sw=ma	urn:cite2:hmt:lsj.chicago_md:n102000	n-s---na-
σῶμ’	sw=m'	σῶμα	sw=ma	urn:cite2:hmt:lsj.chicago_md:n102000	n-s---nn-
σῶμ’	sw=m'	σῶμα	sw=ma	urn:cite2:hmt:lsj.chicago_md:n102000	n-s---nv-
σῶμ’	sw=m'	σῶμα	sw=ma	urn:cite2:hmt:lsj.chicago_md:n102000	n-s---na-
σῶν	sw=n	σής	sh/s	urn:cite2:hmt:lsj.chicago_md:n93867	n-p---mg-
σῶν	sw=n	σός	so/s	urn:cite2:hmt:lsj.chicago_md:n95610	a-p---fg-
σῶν	sw=n	σός	so/s	urn:cite2:hmt:lsj.chicago_md:n95610	a-p---mg-
σῶν	sw=n	σός	so/s	urn:cite2:hmt:lsj.chicago_md:n95610	a-p---ng-
σῶν	sw=n	σῶς	sw=s	urn:cite2:hmt:lsj.chicago_md:n102082	n-s---ma-
σῶν	sw=n	σῶς	sw=s	urn:cite2:hmt:lsj.chicago_md:n102083	n-s---ma-
σῶν	sw=n	σῶς	sw=s	urn:cite2:hmt:lsj.chicago_md:n102082	n-s---fa-
σῶν	sw=n	σῶς	sw=s	urn:cite2:hmt:lsj.chicago_md:n102083	n-s---fa-
ταλαίνης	talai/nhs	τάλας	ta/las	urn:cite2:hmt:lsj.chicago_md:n102242	a-s---fg-
ταναϋφῆ	tanau+fh=	ταναϋφής	tanau+fh/s	urn:cite2:hmt:lsj.chicago_md:n102299	n-p---nn-
ταναϋφῆ	tanau+fh=	ταναϋφής	tanau+fh/s	urn:cite2:hmt:lsj.chicago_md:n102299	n-p---nv-
ταναϋφῆ	tanau+fh=	ταναϋφής	tanau+fh/s	urn:cite2:hmt:lsj.chicago_md:n102299	n-p---na-
ταναϋφῆ	tanau+fh=	ταναϋφής	tanau+fh/s	urn:cite2:hmt:lsj.chicago_md:n102299	n-d---mn-
ταναϋφῆ	tanau+fh=	ταναϋφής	tanau+fh/s	urn:cite2:hmt:lsj.chicago_md:n102299	n-d---mv-
ταναϋφῆ	tanau+fh=	ταναϋφής	tanau+fh/s	urn:cite2:hmt:lsj.chicago_md:n102299	n-d---ma-
ταναϋφῆ	tanau+fh=	ταναϋφής	tanau+fh/s	urn:cite2:hmt:lsj.chicago_md:n102299	n-d---fn-
ταναϋφῆ	tanau+fh=	ταναϋφής	tanau+fh/s	urn:cite2:hmt:lsj.chicago_md:n102299	n-d---fv-
ταναϋφῆ	tanau+fh=	ταναϋφής	tanau+fh/s	urn:cite2:hmt:lsj.chicago_md:n102299	n-d---fa-
ταναϋφῆ	tanau+fh=	ταναϋφής	tanau+fh/s	urn:cite2:hmt:lsj.chicago_md:n102299	n-d---nn-
ταναϋφῆ	tanau+fh=	ταναϋφής	tanau+fh/s	urn:cite2:hmt:lsj.chicago_md:n102299	n-d---nv-
ταναϋφῆ	tanau+fh=	ταναϋφής	tanau+fh/s	urn:cite2:hmt:lsj.chicago_md:n102299	n-d---na-
ταναϋφῆ	tanau+fh=	ταναϋφής	tanau+fh/s	urn:cite2:hmt:lsj.chicago_md:n102299	n-s---ma-
ταναϋφῆ	tanau+fh=	ταναϋφής	tanau+fh/s	urn:cite2:hmt:lsj.chicago_md:n102299	n-s---fa-
ταναϋφῆ	tanau+fh=	ταναυφής	tanaufh/s	urn:cite2:hmt:lsj.chicago_md:n102299	n-p---nn-
ταναϋφῆ	tanau+fh=	ταναυφής	tanaufh/s	urn:cite2:hmt:lsj.chicago_md:n102299	n-p---nv-
ταναϋφῆ	tanau+fh=	ταναυφής	tanaufh/s	urn:cite2:hmt:lsj.chicago_md:n102299	n-p---na-
ταναϋφῆ	tanau+fh=	ταναυφής	tanaufh/s	urn:cite2:hmt:lsj.chicago_md:n102299	n-d---mn-
ταναϋφῆ	tanau+fh=	ταναυφής	tanaufh/s	urn:cite2:hmt:lsj.chicago_md:n102299	n-d---mv-
ταναϋφῆ	tanau+fh=	ταναυφής	tanaufh/s	urn:cite2:hmt:lsj.chicago_md:n102299	n-d---ma-
ταναϋφῆ	tanau+fh=	ταναυφής	tanaufh/s	urn:cite2:hmt:lsj.chicago_md:n102299	n-d---fn-
ταναϋφῆ	tanau+fh=	ταναυφής	tanaufh/s	urn:cite2:hmt:lsj.chicago_md:n102299	n-d---fv-
ταναϋφῆ	tanau+fh=	ταναυφής	tanaufh/s	urn:cite2:hmt:lsj.chicago_md:n102299	n-d---fa-
ταναϋφῆ	tanau+fh=	ταναυφής	tanaufh/s	urn:cite2:hmt:lsj.chicago_md:n102299	n-d---nn-
ταναϋφῆ	tanau+fh=	ταναυφής	tanaufh/s	urn:cite2:hmt:lsj.chicago_md:n102299	n-d---nv-
ταναϋφῆ	tanau+fh=	ταναυφής	tanaufh/s	urn:cite2:hmt:lsj.chicago_md:n102299	n-d---na-
ταναϋφῆ	tanau+fh=	ταναυφής	tanaufh/s	urn:cite2:hmt:lsj.chicago_md:n102299	n-s---ma-
ταναϋφῆ	tanau+fh=	ταναυφής	tanaufh/s	urn:cite2:hmt:lsj.chicago_md:n102299	n-s---fa-
τανῦν	tanu=n	τανῦν	tanu=n	urn:cite2:hmt:lsj.chicago_md:n102339	d--------
ταρβαλέα	tarbale/a	ταρβαλέος	tarbale/os	urn:cite2:hmt:lsj.chicago_md:n102437	n-p---nn-
ταρβαλέα	tarbale/a	ταρβαλέος	tarbale/os	urn:cite2:hmt:lsj.chicago_md:n102437	n-p---nv-
ταρβαλέα	tarbale/a	ταρβαλέος	tarbale/os	urn:cite2:hmt:lsj.chicago_md:n102437	n-p---na-
ταρβαλέα	tarbale/a	ταρβαλέος	tarbale/os	urn:cite2:hmt:lsj.chicago_md:n102437	n-d---fn-
ταρβαλέα	tarbale/a	ταρβαλέος	tarbale/os	urn:cite2:hmt:lsj.chicago_md:n102437	n-d---fv-
ταρβαλέα	tarbale/a	ταρβαλέος	tarbale/os	urn:cite2:hmt:lsj.chicago_md:n102437	n-d---fa-
ταρβαλέα	tarbale/a	ταρβαλέος	tarbale/os	urn:cite2:hmt:lsj.chicago_md:n102437	n-s---fn-
ταρβαλέα	tarbale/a	ταρβαλέος	tarbale/os	urn:cite2:hmt:lsj.chicago_md:n102437	n-s---fv-
ταρβεῖν	tarbei=n	ταρβέω	tarbe/w	urn:cite2:hmt:lsj.chicago_md:n102440	v--pna---
ταρβεῖς	tarbei=s	ταρβέω	tarbe/w	urn:cite2:hmt:lsj.chicago_md:n102440	v2spia---
ταρβοῦσαν	tarbou=san	ταρβέω	tarbe/w	urn:cite2:hmt:lsj.chicago_md:n102440	v-sppafa-
ταρβήσασ’	tarbh/sas'	ταρβέω	tarbe/w	urn:cite2:hmt:lsj.chicago_md:n102440	v-sapafn-
ταρβήσασ’	tarbh/sas'	ταρβέω	tarbe/w	urn:cite2:hmt:lsj.chicago_md:n102440	v-sapafv-
ταρβήσασ’	tarbh/sas'	ταρβέω	tarbe/w	urn:cite2:hmt:lsj.chicago_md:n102440	v-papamd-
ταρβήσασ’	tarbh/sas'	ταρβέω	tarbe/w	urn:cite2:hmt:lsj.chicago_md:n102440	v-papand-
ταρβήσασ’	tarbh/sas'	ταρβέω	tarbe/w	urn:cite2:hmt:lsj.chicago_md:n102440	v-papafn-
ταρβήσασ’	tarbh/sas'	ταρβέω	tarbe/w	urn:cite2:hmt:lsj.chicago_md:n102440	v-papafv-
ταρβῶ	tarbw=	ταρβέω	tarbe/w	urn:cite2:hmt:lsj.chicago_md:n102440	v1spsa---
ταρβῶ	tarbw=	ταρβέω	tarbe/w	urn:cite2:hmt:lsj.chicago_md:n102440	v1spia---
ταυρείων	taurei/wn	ταύρειος	tau/reios	urn:cite2:hmt:lsj.chicago_md:n102531	a-p---fg-
ταυρείων	taurei/wn	ταύρειος	tau/reios	urn:cite2:hmt:lsj.chicago_md:n102531	a-p---mg-
ταυρείων	taurei/wn	ταύρειος	tau/reios	urn:cite2:hmt:lsj.chicago_md:n102531	a-p---ng-
ταυρείων	taurei/wn	ταύρειος	tau/reios	urn:cite2:hmt:lsj.chicago_md:n102531	n-p---mg-
ταυρείων	taurei/wn	ταύρειος	tau/reios	urn:cite2:hmt:lsj.chicago_md:n102531	n-p---fg-
ταυρείων	taurei/wn	ταύρειος	tau/reios	urn:cite2:hmt:lsj.chicago_md:n102531	n-p---ng-
ταυροκτονεῖ	tauroktonei=	ταυροκτονέω	tauroktone/w	urn:cite2:hmt:lsj.chicago_md:n102576	v2spie---
ταυροκτονεῖ	tauroktonei=	ταυροκτονέω	tauroktone/w	urn:cite2:hmt:lsj.chicago_md:n102576	v3spia---
ταυροσφάγῳ	taurosfa/gw|	ταυροσφάγος	taurosfa/gos	urn:cite2:hmt:lsj.chicago_md:n102591	n-s---md-
ταυροσφάγῳ	taurosfa/gw|	ταυροσφάγος	taurosfa/gos	urn:cite2:hmt:lsj.chicago_md:n102591	n-s---fd-
ταυροσφάγῳ	taurosfa/gw|	ταυροσφάγος	taurosfa/gos	urn:cite2:hmt:lsj.chicago_md:n102591	n-s---nd-
ταχείας	taxei/as	ταχύς	taxu/s	urn:cite2:hmt:lsj.chicago_md:n102736	a-p---fa-
ταχείας	taxei/as	ταχύς	taxu/s	urn:cite2:hmt:lsj.chicago_md:n102736	a-s---fg-
ταχεῖαν	taxei=an	ταχύς	taxu/s	urn:cite2:hmt:lsj.chicago_md:n102736	a-s---fa-
ταὐτό	tau)to/	αὐτός	au)to/s	urn:cite2:hmt:lsj.chicago_md:n17907	n-s---nn-
ταὐτό	tau)to/	αὐτός	au)to/s	urn:cite2:hmt:lsj.chicago_md:n17907	n-s---nv-
ταὐτό	tau)to/	αὐτός	au)to/s	urn:cite2:hmt:lsj.chicago_md:n17907	n-s---na-
ταύρου	tau/rou	ταῦρος	tau=ros	urn:cite2:hmt:lsj.chicago_md:n102589	n-s---mg-
ταύτας	tau/tas	οὗτος	ou(=tos	urn:cite2:hmt:lsj.chicago_md:n76062	n-p---fa-
ταύτας	tau/tas	οὗτος	ou(=tos	urn:cite2:hmt:lsj.chicago_md:n76062	n-s---fg-
ταύτην	tau/thn	οὗτος	ou(=tos	urn:cite2:hmt:lsj.chicago_md:n76062	n-s---fa-
ταύτης	tau/ths	οὗτος	ou(=tos	urn:cite2:hmt:lsj.chicago_md:n76062	n-s---fg-
ταύτῃ	tau/th|	οὗτος	ou(=tos	urn:cite2:hmt:lsj.chicago_md:n76062	n-s---fd-
ταῖς	tai=s	ὁ	o(	urn:cite2:hmt:lsj.chicago_md:n71882	l-p---fd-
ταῖσδέ	tai=sde/	ὅδε	o(/de	urn:cite2:hmt:lsj.chicago_md:n72010	n-p---fd-
ταῖσδ’	tai=sd'	ὅδε	o(/de	urn:cite2:hmt:lsj.chicago_md:n72010	n-p---fd-
ταῦρος	tau=ros	ταῦρος	tau=ros	urn:cite2:hmt:lsj.chicago_md:n102589	n-s---mn-
ταῦτα	tau=ta	οὗτος	ou(=tos	urn:cite2:hmt:lsj.chicago_md:n76062	n-p---nn-
ταῦτα	tau=ta	οὗτος	ou(=tos	urn:cite2:hmt:lsj.chicago_md:n76062	n-p---nv-
ταῦτα	tau=ta	οὗτος	ou(=tos	urn:cite2:hmt:lsj.chicago_md:n76062	n-p---na-
ταῦτά	tau=ta/	οὗτος	ou(=tos	urn:cite2:hmt:lsj.chicago_md:n76062	n-p---nn-
ταῦτά	tau=ta/	οὗτος	ou(=tos	urn:cite2:hmt:lsj.chicago_md:n76062	n-p---nv-
ταῦτά	tau=ta/	οὗτος	ou(=tos	urn:cite2:hmt:lsj.chicago_md:n76062	n-p---na-
τε	te	τε	te	urn:cite2:hmt:lsj.chicago_md:n102752	g--------
τεκνοῦσσα	teknou=ssa	τεκνοῦς	teknou=s	urn:cite2:hmt:lsj.chicago_md:n102887	n-s---fn-
τεκνοῦσσα	teknou=ssa	τεκνοῦς	teknou=s	urn:cite2:hmt:lsj.chicago_md:n102887	n-s---fv-
τεκνοῦσσα	teknou=ssa	τεκνοῦς	teknou=s	urn:cite2:hmt:lsj.chicago_md:n102887	n-s---fn-
τεκνοῦσσα	teknou=ssa	τεκνοῦς	teknou=s	urn:cite2:hmt:lsj.chicago_md:n102887	n-s---fv-
τεκοῦσα	tekou=sa	τίκτω	ti/ktw	urn:cite2:hmt:lsj.chicago_md:n103942	v-sapafn-
τεκοῦσα	tekou=sa	τίκτω	ti/ktw	urn:cite2:hmt:lsj.chicago_md:n103942	v-sapafv-
τεκοῦσα	tekou=sa	τίκτω	ti/ktw	urn:cite2:hmt:lsj.chicago_md:n103942	v-sfpafn-
τεκοῦσα	tekou=sa	τίκτω	ti/ktw	urn:cite2:hmt:lsj.chicago_md:n103942	v-sfpafv-
τεκοῦσαν	tekou=san	τίκτω	ti/ktw	urn:cite2:hmt:lsj.chicago_md:n103942	v-sapafa-
τεκοῦσαν	tekou=san	τίκτω	ti/ktw	urn:cite2:hmt:lsj.chicago_md:n103942	v-sfpafa-
τελειοῦσθαι	teleiou=sqai	τελειόω	teleio/w	urn:cite2:hmt:lsj.chicago_md:n102936	v--pne---
τελεσθῆναι	telesqh=nai	τελέω	tele/w	urn:cite2:hmt:lsj.chicago_md:n102995	v--anp---
τελευταίαν	teleutai/an	τελευταῖος	teleutai=os	urn:cite2:hmt:lsj.chicago_md:n102991	a-s---fa-
τελευτή	teleuth/	τελευτή	teleuth/	urn:cite2:hmt:lsj.chicago_md:n102993	n-s---fn-
τελευτή	teleuth/	τελευτή	teleuth/	urn:cite2:hmt:lsj.chicago_md:n102993	n-s---fv-
τελευτήν	teleuth/n	τελευτή	teleuth/	urn:cite2:hmt:lsj.chicago_md:n102993	n-s---fa-
τελευτᾷς	teleuta=|s	τελευτάω	teleuta/w	urn:cite2:hmt:lsj.chicago_md:n102992	v2spsa---
τελευτᾷς	teleuta=|s	τελευτάω	teleuta/w	urn:cite2:hmt:lsj.chicago_md:n102992	v2spia---
τελεόμηνος	teleo/mhnos	τελεόμηνος	teleo/mhnos	urn:cite2:hmt:lsj.chicago_md:n102947	n-s---mn-
τελεόμηνος	teleo/mhnos	τελεόμηνος	teleo/mhnos	urn:cite2:hmt:lsj.chicago_md:n102947	n-s---fn-
τελεῖν	telei=n	τέλλω	te/llw	urn:cite2:hmt:lsj.chicago_md:n103005	v--fna---
τελεῖν	telei=n	τελέω	tele/w	urn:cite2:hmt:lsj.chicago_md:n102995	v--fna---
τελεῖν	telei=n	τελέω	tele/w	urn:cite2:hmt:lsj.chicago_md:n102995	v--pna---
τελεῖσθαι	telei=sqai	τέλλω	te/llw	urn:cite2:hmt:lsj.chicago_md:n103005	v--fnm---
τελεῖσθαι	telei=sqai	τελέω	tele/w	urn:cite2:hmt:lsj.chicago_md:n102995	v--fnm---
τελεῖσθαι	telei=sqai	τελέω	tele/w	urn:cite2:hmt:lsj.chicago_md:n102995	v--pne---
τελέουσ’	tele/ous'	τέλλω	te/llw	urn:cite2:hmt:lsj.chicago_md:n103005	v-sfpafn-
τελέουσ’	tele/ous'	τέλλω	te/llw	urn:cite2:hmt:lsj.chicago_md:n103005	v-sfpafv-
τελέουσ’	tele/ous'	τέλλω	te/llw	urn:cite2:hmt:lsj.chicago_md:n103005	v-pfpamd-
τελέουσ’	tele/ous'	τέλλω	te/llw	urn:cite2:hmt:lsj.chicago_md:n103005	v-pfpand-
τελέουσ’	tele/ous'	τέλλω	te/llw	urn:cite2:hmt:lsj.chicago_md:n103005	v3pfia---
τελέουσ’	tele/ous'	τέλλω	te/llw	urn:cite2:hmt:lsj.chicago_md:n103005	v-pfpafn-
τελέουσ’	tele/ous'	τέλλω	te/llw	urn:cite2:hmt:lsj.chicago_md:n103005	v-pfpafv-
τελέουσ’	tele/ous'	τελέω	tele/w	urn:cite2:hmt:lsj.chicago_md:n102995	v-sfpafn-
τελέουσ’	tele/ous'	τελέω	tele/w	urn:cite2:hmt:lsj.chicago_md:n102995	v-sfpafv-
τελέουσ’	tele/ous'	τελέω	tele/w	urn:cite2:hmt:lsj.chicago_md:n102995	v-sppafn-
τελέουσ’	tele/ous'	τελέω	tele/w	urn:cite2:hmt:lsj.chicago_md:n102995	v-sppafv-
τελέουσ’	tele/ous'	τελέω	tele/w	urn:cite2:hmt:lsj.chicago_md:n102995	v-pfpamd-
τελέουσ’	tele/ous'	τελέω	tele/w	urn:cite2:hmt:lsj.chicago_md:n102995	v-pfpand-
τελέουσ’	tele/ous'	τελέω	tele/w	urn:cite2:hmt:lsj.chicago_md:n102995	v3pfia---
τελέουσ’	tele/ous'	τελέω	tele/w	urn:cite2:hmt:lsj.chicago_md:n102995	v-pppamd-
τελέουσ’	tele/ous'	τελέω	tele/w	urn:cite2:hmt:lsj.chicago_md:n102995	v-pppand-
τελέουσ’	tele/ous'	τελέω	tele/w	urn:cite2:hmt:lsj.chicago_md:n102995	v3ppia---
τελέουσ’	tele/ous'	τελέω	tele/w	urn:cite2:hmt:lsj.chicago_md:n102995	v-pfpafn-
τελέουσ’	tele/ous'	τελέω	tele/w	urn:cite2:hmt:lsj.chicago_md:n102995	v-pfpafv-
τελέουσ’	tele/ous'	τελέω	tele/w	urn:cite2:hmt:lsj.chicago_md:n102995	v-pppafn-
τελέουσ’	tele/ous'	τελέω	tele/w	urn:cite2:hmt:lsj.chicago_md:n102995	v-pppafv-
τελῶ	telw=	τέλλω	te/llw	urn:cite2:hmt:lsj.chicago_md:n103005	v1sfia---
τελῶ	telw=	τελέω	tele/w	urn:cite2:hmt:lsj.chicago_md:n102995	v1sfia---
τελῶ	telw=	τελέω	tele/w	urn:cite2:hmt:lsj.chicago_md:n102995	v1spsa---
τελῶ	telw=	τελέω	tele/w	urn:cite2:hmt:lsj.chicago_md:n102995	v1spia---
τεμενίαν	temeni/an	τεμένιος	teme/nios	urn:cite2:hmt:lsj.chicago_md:n103042	a-s---fa-
τετραόρου	tetrao/rou	τετράορος	tetra/oros	urn:cite2:hmt:lsj.chicago_md:n103467	n-s---mg-
τετραόρου	tetrao/rou	τετράορος	tetra/oros	urn:cite2:hmt:lsj.chicago_md:n103467	n-s---fg-
τετραόρου	tetrao/rou	τετράορος	tetra/oros	urn:cite2:hmt:lsj.chicago_md:n103467	n-s---ng-
τεχνωμένης	texnwme/nhs	τεχνάομαι	texna/omai	urn:cite2:hmt:lsj.chicago_md:n103695	v-sppefg-
τεχνωμένης	texnwme/nhs	τεχνάζω	texna/zw	urn:cite2:hmt:lsj.chicago_md:n103694	v-sfpmfg-
τεύχειν	teu/xein	τεύχω	teu/xw	urn:cite2:hmt:lsj.chicago_md:n103681	v--pna---
τηλαυγεῖ	thlaugei=	τηλαυγής	thlaugh/s	urn:cite2:hmt:lsj.chicago_md:n103788	n-d---mn-
τηλαυγεῖ	thlaugei=	τηλαυγής	thlaugh/s	urn:cite2:hmt:lsj.chicago_md:n103788	n-d---mv-
τηλαυγεῖ	thlaugei=	τηλαυγής	thlaugh/s	urn:cite2:hmt:lsj.chicago_md:n103788	n-d---ma-
τηλαυγεῖ	thlaugei=	τηλαυγής	thlaugh/s	urn:cite2:hmt:lsj.chicago_md:n103788	n-d---fn-
τηλαυγεῖ	thlaugei=	τηλαυγής	thlaugh/s	urn:cite2:hmt:lsj.chicago_md:n103788	n-d---fv-
τηλαυγεῖ	thlaugei=	τηλαυγής	thlaugh/s	urn:cite2:hmt:lsj.chicago_md:n103788	n-d---fa-
τηλαυγεῖ	thlaugei=	τηλαυγής	thlaugh/s	urn:cite2:hmt:lsj.chicago_md:n103788	n-d---nn-
τηλαυγεῖ	thlaugei=	τηλαυγής	thlaugh/s	urn:cite2:hmt:lsj.chicago_md:n103788	n-d---nv-
τηλαυγεῖ	thlaugei=	τηλαυγής	thlaugh/s	urn:cite2:hmt:lsj.chicago_md:n103788	n-d---na-
τηλαυγεῖ	thlaugei=	τηλαυγής	thlaugh/s	urn:cite2:hmt:lsj.chicago_md:n103788	n-s---md-
τηλαυγεῖ	thlaugei=	τηλαυγής	thlaugh/s	urn:cite2:hmt:lsj.chicago_md:n103788	n-s---fd-
τηλαυγεῖ	thlaugei=	τηλαυγής	thlaugh/s	urn:cite2:hmt:lsj.chicago_md:n103788	n-s---nd-
τι	ti	τις	tis	urn:cite2:hmt:lsj.chicago_md:n104051	p-s---nn-
τι	ti	τις	tis	urn:cite2:hmt:lsj.chicago_md:n104051	p-s---nv-
τι	ti	τις	tis	urn:cite2:hmt:lsj.chicago_md:n104051	p-s---na-
τιθῶ	tiqw=	τίθημι	ti/qhmi	urn:cite2:hmt:lsj.chicago_md:n103922	v1spsa---
τιθῶ	tiqw=	τιθός	tiqo/s	urn:cite2:hmt:lsj.chicago_md:n103936	a-s---mg-
τιθῶ	tiqw=	τιθός	tiqo/s	urn:cite2:hmt:lsj.chicago_md:n103936	a-s---ng-
τινα	tina	τις	tis	urn:cite2:hmt:lsj.chicago_md:n104051	p-s---ma-
τινα	tina	τις	tis	urn:cite2:hmt:lsj.chicago_md:n104051	p-s---fa-
τινα	tina	τις	tis	urn:cite2:hmt:lsj.chicago_md:n104051	p-p---nn-
τινα	tina	τις	tis	urn:cite2:hmt:lsj.chicago_md:n104051	p-p---nv-
τινα	tina	τις	tis	urn:cite2:hmt:lsj.chicago_md:n104051	p-p---na-
τινος	tinos	τις	tis	urn:cite2:hmt:lsj.chicago_md:n104051	p-s----g-
τινά	tina/	τις	tis	urn:cite2:hmt:lsj.chicago_md:n104051	p-s---ma-
τινά	tina/	τις	tis	urn:cite2:hmt:lsj.chicago_md:n104051	p-s---fa-
τινά	tina/	τις	tis	urn:cite2:hmt:lsj.chicago_md:n104051	p-p---nn-
τινά	tina/	τις	tis	urn:cite2:hmt:lsj.chicago_md:n104051	p-p---nv-
τινά	tina/	τις	tis	urn:cite2:hmt:lsj.chicago_md:n104051	p-p---na-
τινάκτορα	tina/ktora	τινάκτωρ	tina/ktwr	urn:cite2:hmt:lsj.chicago_md:n104032	n-s---ma-
τινάσσων	tina/sswn	τινάσσω	tina/ssw	urn:cite2:hmt:lsj.chicago_md:n104033	v-sppamn-
τινός	tino/s	τις	tis	urn:cite2:hmt:lsj.chicago_md:n104051	p-s----g-
τις	tis	τις	tis	urn:cite2:hmt:lsj.chicago_md:n104051	p-s---mn-
τις	tis	τις	tis	urn:cite2:hmt:lsj.chicago_md:n104051	p-s---fn-
τλάμων	tla/mwn	τλήμων	tlh/mwn	urn:cite2:hmt:lsj.chicago_md:n104123	n-s---mn-
τλάμων	tla/mwn	τλήμων	tlh/mwn	urn:cite2:hmt:lsj.chicago_md:n104123	n-s---mv-
τλάμων	tla/mwn	τλήμων	tlh/mwn	urn:cite2:hmt:lsj.chicago_md:n104123	n-s---fn-
τλάμων	tla/mwn	τλήμων	tlh/mwn	urn:cite2:hmt:lsj.chicago_md:n104123	n-s---fv-
τλῆμον	tlh=mon	τλήμων	tlh/mwn	urn:cite2:hmt:lsj.chicago_md:n104123	n-s---mv-
τλῆμον	tlh=mon	τλήμων	tlh/mwn	urn:cite2:hmt:lsj.chicago_md:n104123	n-s---fv-
τλῆμον	tlh=mon	τλήμων	tlh/mwn	urn:cite2:hmt:lsj.chicago_md:n104123	n-s---nn-
τλῆμον	tlh=mon	τλήμων	tlh/mwn	urn:cite2:hmt:lsj.chicago_md:n104123	n-s---nv-
τλῆμον	tlh=mon	τλήμων	tlh/mwn	urn:cite2:hmt:lsj.chicago_md:n104123	n-s---na-
τλῆμον	tlh=mon	τλήμων	tlh/mwn	urn:cite2:hmt:lsj.chicago_md:n104123	n-s---nv-
τοι	toi	σύ	su/	urn:cite2:hmt:lsj.chicago_md:n97456	p-s----d-
τοι	toi	τοι	toi	urn:cite2:hmt:lsj.chicago_md:n104155	g--------
τοι	toi	τοι	toi	urn:cite2:hmt:lsj.chicago_md:n104156	g--------
τοιαύτην	toiau/thn	τοιοῦτος	toiou=tos	urn:cite2:hmt:lsj.chicago_md:n104169	n-s---fa-
τοιαῦτα	toiau=ta	τοιοῦτος	toiou=tos	urn:cite2:hmt:lsj.chicago_md:n104169	n-p---nn-
τοιαῦτα	toiau=ta	τοιοῦτος	toiou=tos	urn:cite2:hmt:lsj.chicago_md:n104169	n-p---nv-
τοιαῦτα	toiau=ta	τοιοῦτος	toiou=tos	urn:cite2:hmt:lsj.chicago_md:n104169	n-p---na-
τοιαῦτ’	toiau=t'	τοιοῦτος	toiou=tos	urn:cite2:hmt:lsj.chicago_md:n104169	n-p---nn-
τοιαῦτ’	toiau=t'	τοιοῦτος	toiou=tos	urn:cite2:hmt:lsj.chicago_md:n104169	n-p---nv-
τοιαῦτ’	toiau=t'	τοιοῦτος	toiou=tos	urn:cite2:hmt:lsj.chicago_md:n104169	n-p---na-
τοιαῦτ’	toiau=t'	τοιοῦτος	toiou=tos	urn:cite2:hmt:lsj.chicago_md:n104169	n-p---fn-
τοιαῦτ’	toiau=t'	τοιοῦτος	toiou=tos	urn:cite2:hmt:lsj.chicago_md:n104169	n-p---fv-
τοιγάρ	toiga/r	τοιγάρ	toiga/r	urn:cite2:hmt:lsj.chicago_md:n104159	g--------
τοιούτου	toiou/tou	τοιοῦτος	toiou=tos	urn:cite2:hmt:lsj.chicago_md:n104169	n-s---mg-
τοιούτου	toiou/tou	τοιοῦτος	toiou=tos	urn:cite2:hmt:lsj.chicago_md:n104169	n-s---ng-
τοιοῖσδε	toioi=sde	τοιόσδε	toio/sde	urn:cite2:hmt:lsj.chicago_md:n104166	n-p---md-
τοιοῖσδε	toioi=sde	τοιόσδε	toio/sde	urn:cite2:hmt:lsj.chicago_md:n104166	n-p---nd-
τοιοῦτον	toiou=ton	τοιοῦτος	toiou=tos	urn:cite2:hmt:lsj.chicago_md:n104169	n-s---ma-
τοιοῦτος	toiou=tos	τοιοῦτος	toiou=tos	urn:cite2:hmt:lsj.chicago_md:n104169	n-s---mn-
τοιάδ’	toia/d'	τοιόσδε	toio/sde	urn:cite2:hmt:lsj.chicago_md:n104166	n-p---na-
τοιάδ’	toia/d'	τοιόσδε	toio/sde	urn:cite2:hmt:lsj.chicago_md:n104166	n-p---nn-
τοιάδ’	toia/d'	τοιόσδε	toio/sde	urn:cite2:hmt:lsj.chicago_md:n104166	n-d---fa-
τοιάδ’	toia/d'	τοιόσδε	toio/sde	urn:cite2:hmt:lsj.chicago_md:n104166	n-d---fn-
τοιάδ’	toia/d'	τοιόσδε	toio/sde	urn:cite2:hmt:lsj.chicago_md:n104166	n-d---fv-
τοιάδ’	toia/d'	τοιόσδε	toio/sde	urn:cite2:hmt:lsj.chicago_md:n104166	n-s---fn-
τοιάνδ’	toia/nd'	τοιόσδε	toio/sde	urn:cite2:hmt:lsj.chicago_md:n104166	n-s---fa-
τοιόνδε	toio/nde	τοιόσδε	toio/sde	urn:cite2:hmt:lsj.chicago_md:n104166	n-s---ma-
τοιόνδε	toio/nde	τοιόσδε	toio/sde	urn:cite2:hmt:lsj.chicago_md:n104166	n-s---na-
τοιόνδε	toio/nde	τοιόσδε	toio/sde	urn:cite2:hmt:lsj.chicago_md:n104166	n-s---nn-
τοιόνδ’	toio/nd'	τοιόσδε	toio/sde	urn:cite2:hmt:lsj.chicago_md:n104166	n-s---ma-
τοιόνδ’	toio/nd'	τοιόσδε	toio/sde	urn:cite2:hmt:lsj.chicago_md:n104166	n-s---na-
τοιόνδ’	toio/nd'	τοιόσδε	toio/sde	urn:cite2:hmt:lsj.chicago_md:n104166	n-s---nn-
τοιᾷδε	toia=|de	τοιόσδε	toio/sde	urn:cite2:hmt:lsj.chicago_md:n104166	n-s---fd-
τοιῷδε	toiw=|de	τοιόσδε	toio/sde	urn:cite2:hmt:lsj.chicago_md:n104166	n-s---md-
τοιῷδε	toiw=|de	τοιόσδε	toio/sde	urn:cite2:hmt:lsj.chicago_md:n104166	n-s---nd-
τολμώσας	tolmw/sas	τολμάω	tolma/w	urn:cite2:hmt:lsj.chicago_md:n104225	v-pppafa-
τολμώσας	tolmw/sas	τολμάω	tolma/w	urn:cite2:hmt:lsj.chicago_md:n104225	v-sppafg-
τομᾷ	toma=|	τομάω	toma/w	urn:cite2:hmt:lsj.chicago_md:n104247	v2spse---
τομᾷ	toma=|	τομάω	toma/w	urn:cite2:hmt:lsj.chicago_md:n104247	v2spie---
τομᾷ	toma=|	τομάω	toma/w	urn:cite2:hmt:lsj.chicago_md:n104247	v3spsa---
τομᾷ	toma=|	τομάω	toma/w	urn:cite2:hmt:lsj.chicago_md:n104247	v3spia---
τομᾷ	toma=|	τομή	tomh/	urn:cite2:hmt:lsj.chicago_md:n104250a	n-s---fd-
τομᾷ	toma=|	τομός	tomo/s	urn:cite2:hmt:lsj.chicago_md:n104257	a-s---fd-
τομῇ	tomh=|	τομάω	toma/w	urn:cite2:hmt:lsj.chicago_md:n104247	v2spse---
τομῇ	tomh=|	τομάω	toma/w	urn:cite2:hmt:lsj.chicago_md:n104247	v2spie---
τομῇ	tomh=|	τομάω	toma/w	urn:cite2:hmt:lsj.chicago_md:n104247	v3spsa---
τομῇ	tomh=|	τομάω	toma/w	urn:cite2:hmt:lsj.chicago_md:n104247	v3spia---
τομῇ	tomh=|	τομάω	toma/w	urn:cite2:hmt:lsj.chicago_md:n104247	v2spse---
τομῇ	tomh=|	τομάω	toma/w	urn:cite2:hmt:lsj.chicago_md:n104247	v2spie---
τομῇ	tomh=|	τομάω	toma/w	urn:cite2:hmt:lsj.chicago_md:n104247	v3spsa---
τομῇ	tomh=|	τομεύς	tomeu/s	urn:cite2:hmt:lsj.chicago_md:n104249	n-s---md-
τομῇ	tomh=|	τομή	tomh/	urn:cite2:hmt:lsj.chicago_md:n104250a	n-s---fd-
τομῇ	tomh=|	τομός	tomo/s	urn:cite2:hmt:lsj.chicago_md:n104257	a-s---fd-
τοσαῦτα	tosau=ta	τοσοῦτος	tosou=tos	urn:cite2:hmt:lsj.chicago_md:n104421	n-p---nn-
τοσαῦτα	tosau=ta	τοσοῦτος	tosou=tos	urn:cite2:hmt:lsj.chicago_md:n104421	n-p---nv-
τοσαῦτα	tosau=ta	τοσοῦτος	tosou=tos	urn:cite2:hmt:lsj.chicago_md:n104421	n-p---na-
τοσαῦτ’	tosau=t'	τοσοῦτος	tosou=tos	urn:cite2:hmt:lsj.chicago_md:n104421	n-p---nn-
τοσαῦτ’	tosau=t'	τοσοῦτος	tosou=tos	urn:cite2:hmt:lsj.chicago_md:n104421	n-p---nv-
τοσαῦτ’	tosau=t'	τοσοῦτος	tosou=tos	urn:cite2:hmt:lsj.chicago_md:n104421	n-p---na-
τοσαῦτ’	tosau=t'	τοσοῦτος	tosou=tos	urn:cite2:hmt:lsj.chicago_md:n104421	n-p---fn-
τοσαῦτ’	tosau=t'	τοσοῦτος	tosou=tos	urn:cite2:hmt:lsj.chicago_md:n104421	n-p---fv-
τοσοῖσδε	tosoi=sde	τοσόσδε	toso/sde	urn:cite2:hmt:lsj.chicago_md:n104417	n-p---md-
τοσοῖσδε	tosoi=sde	τοσόσδε	toso/sde	urn:cite2:hmt:lsj.chicago_md:n104417	n-p---nd-
τοσοῦτον	tosou=ton	τοσοῦτος	tosou=tos	urn:cite2:hmt:lsj.chicago_md:n104421	n-s---ma-
τοσοῦτος	tosou=tos	τοσοῦτος	tosou=tos	urn:cite2:hmt:lsj.chicago_md:n104421	n-s---mn-
τοσόνδ’	toso/nd'	τοσόσδε	toso/sde	urn:cite2:hmt:lsj.chicago_md:n104417	n-s---ma-
τοσόνδ’	toso/nd'	τοσόσδε	toso/sde	urn:cite2:hmt:lsj.chicago_md:n104417	n-s---na-
τοσόνδ’	toso/nd'	τοσόσδε	toso/sde	urn:cite2:hmt:lsj.chicago_md:n104417	n-s---nn-
τοτοτοῖ	tototoi=	τοτοῖ	totoi=	urn:cite2:hmt:lsj.chicago_md:n104432	x--------
του	tou	τις	tis	urn:cite2:hmt:lsj.chicago_md:n104051	p-s----g-
τοὐμόν	tou)mo/n	ἐμός	e)mo/s	urn:cite2:hmt:lsj.chicago_md:n34194	a-s---ma-
τοὐμόν	tou)mo/n	ἐμός	e)mo/s	urn:cite2:hmt:lsj.chicago_md:n34194	a-s---nn-
τοὐμόν	tou)mo/n	ἐμός	e)mo/s	urn:cite2:hmt:lsj.chicago_md:n34194	a-s---nv-
τοὐμόν	tou)mo/n	ἐμός	e)mo/s	urn:cite2:hmt:lsj.chicago_md:n34194	a-s---na-
τοὔνειδος	tou)/neidos	ὄνειδος	o)/neidos	urn:cite2:hmt:lsj.chicago_md:n74014	n-s---nn-
τοὔνειδος	tou)/neidos	ὄνειδος	o)/neidos	urn:cite2:hmt:lsj.chicago_md:n74014	n-s---nv-
τοὔνειδος	tou)/neidos	ὄνειδος	o)/neidos	urn:cite2:hmt:lsj.chicago_md:n74014	n-s---na-
τοὔπος	tou)/pos	ἔπος	e)/pos	urn:cite2:hmt:lsj.chicago_md:n41858	n-s---nn-
τοὔπος	tou)/pos	ἔπος	e)/pos	urn:cite2:hmt:lsj.chicago_md:n41858	n-s---nv-
τοὔπος	tou)/pos	ἔπος	e)/pos	urn:cite2:hmt:lsj.chicago_md:n41858	n-s---na-
τοὔργον	tou)/rgon	ἔργον	e)/rgon	urn:cite2:hmt:lsj.chicago_md:n42214	n-s---nn-
τοὔργον	tou)/rgon	ἔργον	e)/rgon	urn:cite2:hmt:lsj.chicago_md:n42214	n-s---nv-
τοὔργον	tou)/rgon	ἔργον	e)/rgon	urn:cite2:hmt:lsj.chicago_md:n42214	n-s---na-
τοίνυν	toi/nun	τοίνυν	toi/nun	urn:cite2:hmt:lsj.chicago_md:n104163	g--------
τούς	tou/s	ὁ	o(	urn:cite2:hmt:lsj.chicago_md:n71882	l-p---ma-
τούσδε	tou/sde	ὅδε	o(/de	urn:cite2:hmt:lsj.chicago_md:n72010	n-p---ma-
τούτοισι	tou/toisi	οὗτος	ou(=tos	urn:cite2:hmt:lsj.chicago_md:n76062	n-p---md-
τούτοισι	tou/toisi	οὗτος	ou(=tos	urn:cite2:hmt:lsj.chicago_md:n76062	n-p---nd-
τούτου	tou/tou	οὗτος	ou(=tos	urn:cite2:hmt:lsj.chicago_md:n76062	n-s---mg-
τούτου	tou/tou	οὗτος	ou(=tos	urn:cite2:hmt:lsj.chicago_md:n76062	n-s---ng-
τούτους	tou/tous	οὗτος	ou(=tos	urn:cite2:hmt:lsj.chicago_md:n76062	n-p---ma-
τούτων	tou/twn	οὗτος	ou(=tos	urn:cite2:hmt:lsj.chicago_md:n76062	n-p---mg-
τούτων	tou/twn	οὗτος	ou(=tos	urn:cite2:hmt:lsj.chicago_md:n76062	n-p---fg-
τούτων	tou/twn	οὗτος	ou(=tos	urn:cite2:hmt:lsj.chicago_md:n76062	n-p---ng-
τοῖς	toi=s	ὁ	o(	urn:cite2:hmt:lsj.chicago_md:n71882	l-p---md-
τοῖς	toi=s	ὁ	o(	urn:cite2:hmt:lsj.chicago_md:n71882	l-p---nd-
τοῖσδε	toi=sde	ὅδε	o(/de	urn:cite2:hmt:lsj.chicago_md:n72010	n-p---md-
τοῖσδε	toi=sde	ὅδε	o(/de	urn:cite2:hmt:lsj.chicago_md:n72010	n-p---nd-
τοῖσδ’	toi=sd'	ὅδε	o(/de	urn:cite2:hmt:lsj.chicago_md:n72010	n-p---md-
τοῖσδ’	toi=sd'	ὅδε	o(/de	urn:cite2:hmt:lsj.chicago_md:n72010	n-p---nd-
τοῖσι	toi=si	ὁ	o(	urn:cite2:hmt:lsj.chicago_md:n71882	l-p---md-
τοῖσι	toi=si	ὁ	o(	urn:cite2:hmt:lsj.chicago_md:n71882	l-p---nd-
τοῖσι	toi=si	τίς	ti/s	urn:cite2:hmt:lsj.chicago_md:n104051a	n-p----d-
τοῖσιν	toi=sin	ὁ	o(	urn:cite2:hmt:lsj.chicago_md:n71882	l-p---md-
τοῖσιν	toi=sin	ὁ	o(	urn:cite2:hmt:lsj.chicago_md:n71882	l-p---nd-
τοῖσιν	toi=sin	τίς	ti/s	urn:cite2:hmt:lsj.chicago_md:n104051a	n-p----d-
τοῦ	tou=	ὁ	o(	urn:cite2:hmt:lsj.chicago_md:n71882	l-s---mg-
τοῦ	tou=	ὁ	o(	urn:cite2:hmt:lsj.chicago_md:n71882	l-s---ng-
τοῦ	tou=	τίς	ti/s	urn:cite2:hmt:lsj.chicago_md:n104051a	n-s----g-
τοῦ	tou=	τις	tis	urn:cite2:hmt:lsj.chicago_md:n104051	p-s----g-
τοῦδε	tou=de	ὅδε	o(/de	urn:cite2:hmt:lsj.chicago_md:n72010	n-s---mg-
τοῦδε	tou=de	ὅδε	o(/de	urn:cite2:hmt:lsj.chicago_md:n72010	n-s---ng-
τοῦδέ	tou=de/	ὅδε	o(/de	urn:cite2:hmt:lsj.chicago_md:n72010	n-s---mg-
τοῦδέ	tou=de/	ὅδε	o(/de	urn:cite2:hmt:lsj.chicago_md:n72010	n-s---ng-
τοῦτο	tou=to	οὗτος	ou(=tos	urn:cite2:hmt:lsj.chicago_md:n76062	n-s---nn-
τοῦτο	tou=to	οὗτος	ou(=tos	urn:cite2:hmt:lsj.chicago_md:n76062	n-s---nv-
τοῦτο	tou=to	οὗτος	ou(=tos	urn:cite2:hmt:lsj.chicago_md:n76062	n-s---na-
τοῦτον	tou=ton	οὗτος	ou(=tos	urn:cite2:hmt:lsj.chicago_md:n76062	n-s---ma-
τοῦτό	tou=to/	οὗτος	ou(=tos	urn:cite2:hmt:lsj.chicago_md:n76062	n-s---nn-
τοῦτό	tou=to/	οὗτος	ou(=tos	urn:cite2:hmt:lsj.chicago_md:n76062	n-s---nv-
τοῦτό	tou=to/	οὗτος	ou(=tos	urn:cite2:hmt:lsj.chicago_md:n76062	n-s---na-
τρισίν	trisi/n	τρεῖς	trei=s	urn:cite2:hmt:lsj.chicago_md:n104655	m-p---md-
τρισίν	trisi/n	τρεῖς	trei=s	urn:cite2:hmt:lsj.chicago_md:n104655	m-p---fd-
τρισίν	trisi/n	τρεῖς	trei=s	urn:cite2:hmt:lsj.chicago_md:n104655	m-p---nd-
τριῶν	triw=n	τρεῖς	trei=s	urn:cite2:hmt:lsj.chicago_md:n104655	m-p---mg-
τριῶν	triw=n	τρεῖς	trei=s	urn:cite2:hmt:lsj.chicago_md:n104655	m-p---fg-
τριῶν	triw=n	τρεῖς	trei=s	urn:cite2:hmt:lsj.chicago_md:n104655	m-p---ng-
τριῶν	triw=n	τρίζω	tri/zw	urn:cite2:hmt:lsj.chicago_md:n104920	v-sfpamn-
τριῶν	triw=n	τριάζω	tria/zw	urn:cite2:hmt:lsj.chicago_md:n104723	v-sfpamv-
τριῶν	triw=n	τριάζω	tria/zw	urn:cite2:hmt:lsj.chicago_md:n104723	v-sfpann-
τριῶν	triw=n	τριάζω	tria/zw	urn:cite2:hmt:lsj.chicago_md:n104723	v-sfpanv-
τριῶν	triw=n	τριάζω	tria/zw	urn:cite2:hmt:lsj.chicago_md:n104723	v-sfpana-
τριῶν	triw=n	τριάζω	tria/zw	urn:cite2:hmt:lsj.chicago_md:n104723	v-sfpamn-
τροπαῖα	tropai=a	τροπαῖος	tropai=os	urn:cite2:hmt:lsj.chicago_md:n105505	a-p---nn-
τροπαῖα	tropai=a	τροπαῖος	tropai=os	urn:cite2:hmt:lsj.chicago_md:n105505	a-p---nv-
τροπαῖα	tropai=a	τροπαῖος	tropai=os	urn:cite2:hmt:lsj.chicago_md:n105505	a-p---na-
τροπαῖε	tropai=e	τροπαῖος	tropai=os	urn:cite2:hmt:lsj.chicago_md:n105505	a-s---mv-
τροπαῖ’	tropai='	τροπαία	tropai/a	urn:cite2:hmt:lsj.chicago_md:n105501	n-p---fn-
τροπαῖ’	tropai='	τροπαία	tropai/a	urn:cite2:hmt:lsj.chicago_md:n105501	n-p---fv-
τροπαῖ’	tropai='	τροπαῖος	tropai=os	urn:cite2:hmt:lsj.chicago_md:n105505	a-p---nn-
τροπαῖ’	tropai='	τροπαῖος	tropai=os	urn:cite2:hmt:lsj.chicago_md:n105505	a-p---nv-
τροπαῖ’	tropai='	τροπαῖος	tropai=os	urn:cite2:hmt:lsj.chicago_md:n105505	a-p---na-
τροπαῖ’	tropai='	τροπαῖος	tropai=os	urn:cite2:hmt:lsj.chicago_md:n105505	a-s---mv-
τροπαῖ’	tropai='	τροπαῖος	tropai=os	urn:cite2:hmt:lsj.chicago_md:n105505	a-p---fn-
τροπαῖ’	tropai='	τροπαῖος	tropai=os	urn:cite2:hmt:lsj.chicago_md:n105505	a-p---fv-
τρέφει	tre/fei	τρέφος	tre/fos	urn:cite2:hmt:lsj.chicago_md:n104688	n-d---nn-
τρέφει	tre/fei	τρέφος	tre/fos	urn:cite2:hmt:lsj.chicago_md:n104688	n-d---nv-
τρέφει	tre/fei	τρέφος	tre/fos	urn:cite2:hmt:lsj.chicago_md:n104688	n-d---na-
τρέφει	tre/fei	τρέφος	tre/fos	urn:cite2:hmt:lsj.chicago_md:n104688	n-s---nd-
τρέφει	tre/fei	τρέφος	tre/fos	urn:cite2:hmt:lsj.chicago_md:n104688	n-s---nd-
τρέφει	tre/fei	τρέφω	tre/fw	urn:cite2:hmt:lsj.chicago_md:n104690	v2spie---
τρέφει	tre/fei	τρέφω	tre/fw	urn:cite2:hmt:lsj.chicago_md:n104690	v3spia---
τρέφειν	tre/fein	τρέφω	tre/fw	urn:cite2:hmt:lsj.chicago_md:n104690	v--pna---
τρέφουσαν	tre/fousan	τρέφω	tre/fw	urn:cite2:hmt:lsj.chicago_md:n104690	v-sppafa-
τρέφω	tre/fw	τρέφω	tre/fw	urn:cite2:hmt:lsj.chicago_md:n104690	v1spsa---
τρέφω	tre/fw	τρέφω	tre/fw	urn:cite2:hmt:lsj.chicago_md:n104690	v1spia---
τρίκρανον	tri/kranon	τρίκρανος	tri/kranos	urn:cite2:hmt:lsj.chicago_md:n105004	n-s---ma-
τρίκρανον	tri/kranon	τρίκρανος	tri/kranos	urn:cite2:hmt:lsj.chicago_md:n105004	n-s---fa-
τρίκρανον	tri/kranon	τρίκρανος	tri/kranos	urn:cite2:hmt:lsj.chicago_md:n105004	n-s---nn-
τρίκρανον	tri/kranon	τρίκρανος	tri/kranos	urn:cite2:hmt:lsj.chicago_md:n105004	n-s---nv-
τρίκρανον	tri/kranon	τρίκρανος	tri/kranos	urn:cite2:hmt:lsj.chicago_md:n105004	n-s---na-
τρίμηνον	tri/mhnon	τρίμηνος	tri/mhnos	urn:cite2:hmt:lsj.chicago_md:n105043	n-s---ma-
τρίμηνον	tri/mhnon	τρίμηνος	tri/mhnos	urn:cite2:hmt:lsj.chicago_md:n105043	n-s---fa-
τρίμηνον	tri/mhnon	τρίμηνος	tri/mhnos	urn:cite2:hmt:lsj.chicago_md:n105043	n-s---nn-
τρίμηνον	tri/mhnon	τρίμηνος	tri/mhnos	urn:cite2:hmt:lsj.chicago_md:n105043	n-s---nv-
τρίμηνον	tri/mhnon	τρίμηνος	tri/mhnos	urn:cite2:hmt:lsj.chicago_md:n105043	n-s---na-
τρόπον	tro/pon	τρόπος	tro/pos	urn:cite2:hmt:lsj.chicago_md:n105531	n-s---ma-
τρόπῳ	tro/pw|	τρόπος	tro/pos	urn:cite2:hmt:lsj.chicago_md:n105531	n-s---md-
τρύχεσθαι	tru/xesqai	τρύχω	tru/xw	urn:cite2:hmt:lsj.chicago_md:n105769	v--pne---
τυγχάνει	tugxa/nei	τυγχάνω	tugxa/nw	urn:cite2:hmt:lsj.chicago_md:n105829	v2spie---
τυγχάνει	tugxa/nei	τυγχάνω	tugxa/nw	urn:cite2:hmt:lsj.chicago_md:n105829	v3spia---
τυγχάνειν	tugxa/nein	τυγχάνω	tugxa/nw	urn:cite2:hmt:lsj.chicago_md:n105829	v--pna---
τυγχάνω	tugxa/nw	τυγχάνω	tugxa/nw	urn:cite2:hmt:lsj.chicago_md:n105829	v1spsa---
τυγχάνω	tugxa/nw	τυγχάνω	tugxa/nw	urn:cite2:hmt:lsj.chicago_md:n105829	v1spia---
τυράννων	tura/nnwn	τύραννος	tu/rannos	urn:cite2:hmt:lsj.chicago_md:n105974	n-p---mg-
τυράννων	tura/nnwn	τύραννος	tu/rannos	urn:cite2:hmt:lsj.chicago_md:n105974	n-p---ng-
τυφλῆς	tuflh=s	τυφλός	tuflo/s	urn:cite2:hmt:lsj.chicago_md:n106064	a-s---fg-
τἀκεῖθεν	ta)kei=qen	ἐκεῖθεν	e)kei=qen	urn:cite2:hmt:lsj.chicago_md:n31947	d--------
τἀληθές	ta)lhqe/s	ἀληθής	a)lhqh/s	urn:cite2:hmt:lsj.chicago_md:n4076	n-s---mv-
τἀληθές	ta)lhqe/s	ἀληθής	a)lhqh/s	urn:cite2:hmt:lsj.chicago_md:n4076	n-s---fv-
τἀληθές	ta)lhqe/s	ἀληθής	a)lhqh/s	urn:cite2:hmt:lsj.chicago_md:n4076	n-s---nn-
τἀληθές	ta)lhqe/s	ἀληθής	a)lhqh/s	urn:cite2:hmt:lsj.chicago_md:n4076	n-s---nv-
τἀληθές	ta)lhqe/s	ἀληθής	a)lhqh/s	urn:cite2:hmt:lsj.chicago_md:n4076	n-s---na-
τἀνδρί	ta)ndri/	ἀνδρίς	a)ndri/s	urn:cite2:hmt:lsj.chicago_md:n7949	n-s---fv-
τἀνδρί	ta)ndri/	ἀνήρ	a)nh/r	urn:cite2:hmt:lsj.chicago_md:n8665	n-s---md-
τἀνδρός	ta)ndro/s	ἀνήρ	a)nh/r	urn:cite2:hmt:lsj.chicago_md:n8665	n-s---mg-
τἀνθρώπων	ta)nqrw/pwn	ἄνθρωπος	a)/nqrwpos	urn:cite2:hmt:lsj.chicago_md:n8909	n-p---mg-
τἀνθάδ’	ta)nqa/d'	ἐνθάδε	e)nqa/de	urn:cite2:hmt:lsj.chicago_md:n35542	d--------
τἀπορεῖν	ta)porei=n	ἀφοράω	a)fora/w	urn:cite2:hmt:lsj.chicago_md:n18445	v--pna---
τἀπορεῖν	ta)porei=n	ἀπορέω	a)pore/w	urn:cite2:hmt:lsj.chicago_md:n13568	v--pna---
τἀπορεῖν	ta)porei=n	ἀπορέω	a)pore/w	urn:cite2:hmt:lsj.chicago_md:n13569	v--pna---
τἀπορεῖν	ta)porei=n	ἀπορρέω	a)porre/w	urn:cite2:hmt:lsj.chicago_md:n13608	v--pna---
τἀπορεῖν	ta)porei=n	ἐποράω	e)pora/w	urn:cite2:hmt:lsj.chicago_md:n41837	v--pna---
τἀπί	ta)pi/	ἐπί	e)pi/	urn:cite2:hmt:lsj.chicago_md:n38862	r--------
τἄλλα	ta)/lla	ἄλλος	a)/llos	urn:cite2:hmt:lsj.chicago_md:n4490	n-p---nn-
τἄλλα	ta)/lla	ἄλλος	a)/llos	urn:cite2:hmt:lsj.chicago_md:n4490	n-p---nv-
τἄλλα	ta)/lla	ἄλλος	a)/llos	urn:cite2:hmt:lsj.chicago_md:n4490	n-p---na-
τἄλλα	ta)/lla	ἄλλος	a)/llos	urn:cite2:hmt:lsj.chicago_md:n4490	n-d---fn-
τἄλλα	ta)/lla	ἄλλος	a)/llos	urn:cite2:hmt:lsj.chicago_md:n4490	n-d---fv-
τἄλλα	ta)/lla	ἄλλος	a)/llos	urn:cite2:hmt:lsj.chicago_md:n4490	n-d---fa-
τἄλλα	ta)/lla	ἄλλος	a)/llos	urn:cite2:hmt:lsj.chicago_md:n4490	n-s---fn-
τἄλλα	ta)/lla	ἄλλος	a)/llos	urn:cite2:hmt:lsj.chicago_md:n4490	n-s---fv-
τἄν	ta)/n	ἄν1	a)/n	urn:cite2:hmt:lsj.chicago_md:n6207	g--------
τἄν	ta)/n	ἄν1	a)/n	urn:cite2:hmt:lsj.chicago_md:n6208	g--------
τἄν	ta)/n	ἄν1	a)/n	urn:cite2:hmt:lsj.chicago_md:n6209	g--------
τἄν	ta)/n	ἄν1	a)/n	urn:cite2:hmt:lsj.chicago_md:n6210	g--------
τἄν	ta)/n	ἄν2	a)/n	urn:cite2:hmt:lsj.chicago_md:n6207	c--------
τἄν	ta)/n	ἄν2	a)/n	urn:cite2:hmt:lsj.chicago_md:n6208	c--------
τἄν	ta)/n	ἄν2	a)/n	urn:cite2:hmt:lsj.chicago_md:n6209	c--------
τἄν	ta)/n	ἄν2	a)/n	urn:cite2:hmt:lsj.chicago_md:n6210	c--------
τἄν	ta)/n	ἀνά	a)na/	urn:cite2:hmt:lsj.chicago_md:n6213	r--------
τἄν	ta)/n	ἐάν	e)a/n	urn:cite2:hmt:lsj.chicago_md:n29859	c--------
τἄν	ta)/n	ἐν	e)n	urn:cite2:hmt:lsj.chicago_md:n34700	r--------
τἄν	ta)/n	εἰμί	ei)mi/	urn:cite2:hmt:lsj.chicago_md:n31130	v3piia---
τἄν	ta)/n	εἰς	ei)s	urn:cite2:hmt:lsj.chicago_md:n31235	r--------
τἄνδον	ta)/ndon	ἔνδον	e)/ndon	urn:cite2:hmt:lsj.chicago_md:n35267	d--------
τἄρα	ta)/ra	ἄρα	a)/ra	urn:cite2:hmt:lsj.chicago_md:n14639	g--------
τἄρα	ta)/ra	ἄρον	a)/ron	urn:cite2:hmt:lsj.chicago_md:n15343	n-p---nn-
τἄρα	ta)/ra	ἄρον	a)/ron	urn:cite2:hmt:lsj.chicago_md:n15343	n-p---nv-
τἄρα	ta)/ra	ἄρον	a)/ron	urn:cite2:hmt:lsj.chicago_md:n15343	n-p---na-
τἄρα	ta)/ra	ἄρος	a)/ros	urn:cite2:hmt:lsj.chicago_md:n15345	n-p---nn-
τἄρα	ta)/ra	ἄρος	a)/ros	urn:cite2:hmt:lsj.chicago_md:n15345	n-p---nv-
τἄρα	ta)/ra	ἄρος	a)/ros	urn:cite2:hmt:lsj.chicago_md:n15345	n-p---na-
τἄρα	ta)/ra	ἔρα	e)/ra	urn:cite2:hmt:lsj.chicago_md:n42107	n-d---fn-
τἄρα	ta)/ra	ἔρα	e)/ra	urn:cite2:hmt:lsj.chicago_md:n42107	n-d---fv-
τἄρα	ta)/ra	ἔρα	e)/ra	urn:cite2:hmt:lsj.chicago_md:n42107	n-d---fa-
τἄρα	ta)/ra	ἔρα	e)/ra	urn:cite2:hmt:lsj.chicago_md:n42107	n-s---fn-
τἄρα	ta)/ra	ἔρα	e)/ra	urn:cite2:hmt:lsj.chicago_md:n42107	n-s---fv-
τἄρα	ta)/ra	ἔραμαι	e)/ramai	urn:cite2:hmt:lsj.chicago_md:n42109	v2spme---
τἄρα	ta)/ra	ἔροσ2	e)/ros	urn:cite2:hmt:lsj.chicago_md:n42650	n-p---nn-
τἄρα	ta)/ra	ἔροσ2	e)/ros	urn:cite2:hmt:lsj.chicago_md:n42651	n-p---nn-
τἄρα	ta)/ra	ἔροσ2	e)/ros	urn:cite2:hmt:lsj.chicago_md:n42650	n-p---nv-
τἄρα	ta)/ra	ἔροσ2	e)/ros	urn:cite2:hmt:lsj.chicago_md:n42651	n-p---nv-
τἄρα	ta)/ra	ἔροσ2	e)/ros	urn:cite2:hmt:lsj.chicago_md:n42650	n-p---na-
τἄρα	ta)/ra	ἔροσ2	e)/ros	urn:cite2:hmt:lsj.chicago_md:n42651	n-p---na-
τἄρα	ta)/ra	ἐράω1	e)ra/w	urn:cite2:hmt:lsj.chicago_md:n42155	v2spma---
τἄρα	ta)/ra	ἐράω1	e)ra/w	urn:cite2:hmt:lsj.chicago_md:n42156	v2spma---
τἄρα	ta)/ra	ἐράω2	e)ra/w	urn:cite2:hmt:lsj.chicago_md:n42155	v2spma---
τἄρα	ta)/ra	ἐράω2	e)ra/w	urn:cite2:hmt:lsj.chicago_md:n42156	v2spma---
τὠμῷ	tw)mw=|	ἁμόσ1	a(mo/s	urn:cite2:hmt:lsj.chicago_md:n5446	a-s---md-
τὠμῷ	tw)mw=|	ἁμόσ1	a(mo/s	urn:cite2:hmt:lsj.chicago_md:n5447	a-s---md-
τὠμῷ	tw)mw=|	ἁμόσ1	a(mo/s	urn:cite2:hmt:lsj.chicago_md:n5446	a-s---nd-
τὠμῷ	tw)mw=|	ἁμόσ1	a(mo/s	urn:cite2:hmt:lsj.chicago_md:n5447	a-s---nd-
τὠμῷ	tw)mw=|	ἀμάω1	a)ma/w	urn:cite2:hmt:lsj.chicago_md:n5011	v3spoa---
τὠμῷ	tw)mw=|	ἀμάω1	a)ma/w	urn:cite2:hmt:lsj.chicago_md:n5012	v3spoa---
τὠμῷ	tw)mw=|	ἐμός	e)mo/s	urn:cite2:hmt:lsj.chicago_md:n34194	a-s---md-
τὠμῷ	tw)mw=|	ἐμός	e)mo/s	urn:cite2:hmt:lsj.chicago_md:n34194	a-s---nd-
τὠμῷ	tw)mw=|	ἡμός	h(mo/s	urn:cite2:hmt:lsj.chicago_md:n47379	a-s---md-
τὠμῷ	tw)mw=|	ἡμός	h(mo/s	urn:cite2:hmt:lsj.chicago_md:n47379	a-s---nd-
τὠμῷ	tw)mw=|	ἡμός	h(mo/s	urn:cite2:hmt:lsj.chicago_md:n47379	a-s---md-
τὠμῷ	tw)mw=|	ἡμός	h(mo/s	urn:cite2:hmt:lsj.chicago_md:n47379	a-s---nd-
τὠμῷ	tw)mw=|	ὀμάζω	o)ma/zw	urn:cite2:hmt:lsj.chicago_md:n73381	v3sfoa---
τὠμῷ	tw)mw=|	ὠμός	w)mo/s	urn:cite2:hmt:lsj.chicago_md:n116219	a-s---md-
τὠμῷ	tw)mw=|	ὠμός	w)mo/s	urn:cite2:hmt:lsj.chicago_md:n116219	a-s---nd-
τά	ta/	ὁ	o(	urn:cite2:hmt:lsj.chicago_md:n71882	l-p---na-
τά	ta/	ὁ	o(	urn:cite2:hmt:lsj.chicago_md:n71882	l-p---nn-
τά	ta/	ὁ	o(	urn:cite2:hmt:lsj.chicago_md:n71882	l-p---nv-
τά	ta/	ὁ	o(	urn:cite2:hmt:lsj.chicago_md:n71882	l-p---na-
τά	ta/	ὁ	o(	urn:cite2:hmt:lsj.chicago_md:n71882	l-d---fa-
τά	ta/	ὁ	o(	urn:cite2:hmt:lsj.chicago_md:n71882	l-d---fn-
τά	ta/	ὁ	o(	urn:cite2:hmt:lsj.chicago_md:n71882	l-d---fv-
τά	ta/	ὁ	o(	urn:cite2:hmt:lsj.chicago_md:n71882	l-d---fa-
τά	ta/	τίς	ti/s	urn:cite2:hmt:lsj.chicago_md:n104051a	n-p---nn-
τά	ta/	τίς	ti/s	urn:cite2:hmt:lsj.chicago_md:n104051a	n-p---nv-
τά	ta/	τίς	ti/s	urn:cite2:hmt:lsj.chicago_md:n104051a	n-p---na-
τάδε	ta/de	ὅδε	o(/de	urn:cite2:hmt:lsj.chicago_md:n72010	n-p---na-
τάδε	ta/de	ὅδε	o(/de	urn:cite2:hmt:lsj.chicago_md:n72010	n-p---nn-
τάδε	ta/de	ὅδε	o(/de	urn:cite2:hmt:lsj.chicago_md:n72010	n-d---fa-
τάδε	ta/de	ὅδε	o(/de	urn:cite2:hmt:lsj.chicago_md:n72010	n-d---fn-
τάδε	ta/de	ὅδε	o(/de	urn:cite2:hmt:lsj.chicago_md:n72010	n-d---fv-
τάλαινα	ta/laina	τάλας	ta/las	urn:cite2:hmt:lsj.chicago_md:n102242	a-s---fn-
τάλαινα	ta/laina	τάλας	ta/las	urn:cite2:hmt:lsj.chicago_md:n102242	a-s---fv-
τάλαιναν	ta/lainan	τάλας	ta/las	urn:cite2:hmt:lsj.chicago_md:n102242	a-s---fa-
τάλαιν’	ta/lain'	τάλας	ta/las	urn:cite2:hmt:lsj.chicago_md:n102242	a-s---fn-
τάλαιν’	ta/lain'	τάλας	ta/las	urn:cite2:hmt:lsj.chicago_md:n102242	a-s---fv-
τάλαιν’	ta/lain'	τάλας	ta/las	urn:cite2:hmt:lsj.chicago_md:n102242	a-p---fn-
τάλαιν’	ta/lain'	τάλας	ta/las	urn:cite2:hmt:lsj.chicago_md:n102242	a-p---fv-
τάλας	ta/las	τάλας	ta/las	urn:cite2:hmt:lsj.chicago_md:n102242	a-s---mn-
τάν	ta/n	ὁ	o(	urn:cite2:hmt:lsj.chicago_md:n71882	l-s---fa-
τάνδε	ta/nde	ὅδε	o(/de	urn:cite2:hmt:lsj.chicago_md:n72010	n-s---fa-
τάνδ’	ta/nd'	ὅδε	o(/de	urn:cite2:hmt:lsj.chicago_md:n72010	n-s---fa-
τάς	ta/s	ὁ	o(	urn:cite2:hmt:lsj.chicago_md:n71882	l-p---fa-
τάσδε	ta/sde	ὅδε	o(/de	urn:cite2:hmt:lsj.chicago_md:n72010	n-p---fa-
τάσδε	ta/sde	τάσσω	ta/ssw	urn:cite2:hmt:lsj.chicago_md:n102515	v2spma---
τάσδε	ta/sde	τάσσω	ta/ssw	urn:cite2:hmt:lsj.chicago_md:n102515	v3siia---
τάσδ’	ta/sd'	ὅδε	o(/de	urn:cite2:hmt:lsj.chicago_md:n72010	n-p---fa-
τάσδ’	ta/sd'	τάσσω	ta/ssw	urn:cite2:hmt:lsj.chicago_md:n102515	v2spma---
τάσδ’	ta/sd'	τάσσω	ta/ssw	urn:cite2:hmt:lsj.chicago_md:n102515	v3siia---
τάχα	ta/xa	τάχα	ta/xa	urn:cite2:hmt:lsj.chicago_md:n102668	d--------
τάχα	ta/xa	τάχος	ta/xos	urn:cite2:hmt:lsj.chicago_md:n102676	n-p---nn-
τάχα	ta/xa	τάχος	ta/xos	urn:cite2:hmt:lsj.chicago_md:n102676	n-p---nv-
τάχα	ta/xa	τάχος	ta/xos	urn:cite2:hmt:lsj.chicago_md:n102676	n-p---na-
τάχιστα	ta/xista	ταχύς	taxu/s	urn:cite2:hmt:lsj.chicago_md:n102736	a-p---nn-
τάχιστα	ta/xista	ταχύς	taxu/s	urn:cite2:hmt:lsj.chicago_md:n102736	a-p---nv-
τάχιστα	ta/xista	ταχύς	taxu/s	urn:cite2:hmt:lsj.chicago_md:n102736	a-p---na-
τάχους	ta/xous	τάχος	ta/xos	urn:cite2:hmt:lsj.chicago_md:n102676	n-s---ng-
τάχ’	ta/x'	τάχα	ta/xa	urn:cite2:hmt:lsj.chicago_md:n102668	d--------
τέ	te/	σύ	su/	urn:cite2:hmt:lsj.chicago_md:n97456	p-s----a-
τέ	te/	τε	te	urn:cite2:hmt:lsj.chicago_md:n102752	g--------
τέγγει	te/ggei	τέγγω	te/ggw	urn:cite2:hmt:lsj.chicago_md:n102759	v2spie---
τέγγει	te/ggei	τέγγω	te/ggw	urn:cite2:hmt:lsj.chicago_md:n102759	v3spia---
τέγγει	te/ggei	τέγγω	te/ggw	urn:cite2:hmt:lsj.chicago_md:n102759	v2spim---
τέκετο	te/keto	τίκτω	ti/ktw	urn:cite2:hmt:lsj.chicago_md:n103942	v3saim---
τέκνοις	te/knois	τέκνον	te/knon	urn:cite2:hmt:lsj.chicago_md:n102869	n-p---nd-
τέκνοισι	te/knoisi	τέκνον	te/knon	urn:cite2:hmt:lsj.chicago_md:n102869	n-p---nd-
τέκνον	te/knon	τέκνον	te/knon	urn:cite2:hmt:lsj.chicago_md:n102869	n-s---nn-
τέκνον	te/knon	τέκνον	te/knon	urn:cite2:hmt:lsj.chicago_md:n102869	n-s---nv-
τέκνον	te/knon	τέκνον	te/knon	urn:cite2:hmt:lsj.chicago_md:n102869	n-s---na-
τέκνων	te/knwn	τέκνον	te/knon	urn:cite2:hmt:lsj.chicago_md:n102869	n-p---ng-
τέκνων	te/knwn	τεκνόω	tekno/w	urn:cite2:hmt:lsj.chicago_md:n102892	v3piia---
τέκνων	te/knwn	τεκνόω	tekno/w	urn:cite2:hmt:lsj.chicago_md:n102892	v1siia---
τέκτονος	te/ktonos	τέκτων	te/ktwn	urn:cite2:hmt:lsj.chicago_md:n102909	n-s---mg-
τέλη	te/lh	τέλος	te/los	urn:cite2:hmt:lsj.chicago_md:n103012	n-p---nn-
τέλη	te/lh	τέλος	te/los	urn:cite2:hmt:lsj.chicago_md:n103012	n-p---nv-
τέλη	te/lh	τέλος	te/los	urn:cite2:hmt:lsj.chicago_md:n103012	n-p---na-
τέλη	te/lh	τέλος	te/los	urn:cite2:hmt:lsj.chicago_md:n103012	n-d---nn-
τέλη	te/lh	τέλος	te/los	urn:cite2:hmt:lsj.chicago_md:n103012	n-d---nv-
τέλη	te/lh	τέλος	te/los	urn:cite2:hmt:lsj.chicago_md:n103012	n-d---na-
τέλη	te/lh	τελέω	tele/w	urn:cite2:hmt:lsj.chicago_md:n102995	v2spma---
τέλη	te/lh	τελέω	tele/w	urn:cite2:hmt:lsj.chicago_md:n102995	v3siia---
τέλος	te/los	τέλος	te/los	urn:cite2:hmt:lsj.chicago_md:n103012	n-s---nn-
τέλος	te/los	τέλος	te/los	urn:cite2:hmt:lsj.chicago_md:n103012	n-s---nv-
τέλος	te/los	τέλος	te/los	urn:cite2:hmt:lsj.chicago_md:n103012	n-s---na-
τέρας	te/ras	τέρας	te/ras	urn:cite2:hmt:lsj.chicago_md:n103102	n-s---nn-
τέρας	te/ras	τέρας	te/ras	urn:cite2:hmt:lsj.chicago_md:n103102	n-s---nv-
τέρας	te/ras	τέρας	te/ras	urn:cite2:hmt:lsj.chicago_md:n103102	n-s---na-
τέρψεις	te/ryeis	τέρπω	te/rpw	urn:cite2:hmt:lsj.chicago_md:n103190	v2sasa---
τέρψεις	te/ryeis	τέρπω	te/rpw	urn:cite2:hmt:lsj.chicago_md:n103190	v2sfia---
τέρψεις	te/ryeis	τέρψις	te/ryis	urn:cite2:hmt:lsj.chicago_md:n103209	n-p---fn-
τέρψεις	te/ryeis	τέρψις	te/ryis	urn:cite2:hmt:lsj.chicago_md:n103209	n-p---fv-
τέρψεις	te/ryeis	τέρψις	te/ryis	urn:cite2:hmt:lsj.chicago_md:n103209	n-p---fn-
τέρψεις	te/ryeis	τέρψις	te/ryis	urn:cite2:hmt:lsj.chicago_md:n103209	n-p---fa-
τέρψιν	te/ryin	τέρψις	te/ryis	urn:cite2:hmt:lsj.chicago_md:n103209	n-s---fa-
τέρψις	te/ryis	τέρψις	te/ryis	urn:cite2:hmt:lsj.chicago_md:n103209	n-p---fa-
τέρψις	te/ryis	τέρψις	te/ryis	urn:cite2:hmt:lsj.chicago_md:n103209	n-s---fn-
τέχνην	te/xnhn	τέχνη	te/xnh	urn:cite2:hmt:lsj.chicago_md:n103701	n-s---fa-
τήν	th/n	ὁ	o(	urn:cite2:hmt:lsj.chicago_md:n71882	l-s---fa-
τήνδε	th/nde	ὅδε	o(/de	urn:cite2:hmt:lsj.chicago_md:n72010	n-s---fa-
τήνδ’	th/nd'	ὅδε	o(/de	urn:cite2:hmt:lsj.chicago_md:n72010	n-s---fa-
τί	ti/	τίς	ti/s	urn:cite2:hmt:lsj.chicago_md:n104051a	n-s---nn-
τί	ti/	τίς	ti/s	urn:cite2:hmt:lsj.chicago_md:n104051a	n-s---nv-
τί	ti/	τίς	ti/s	urn:cite2:hmt:lsj.chicago_md:n104051a	n-s---na-
τί	ti/	τις	tis	urn:cite2:hmt:lsj.chicago_md:n104051	p-s---nn-
τί	ti/	τις	tis	urn:cite2:hmt:lsj.chicago_md:n104051	p-s---nv-
τί	ti/	τις	tis	urn:cite2:hmt:lsj.chicago_md:n104051	p-s---na-
τίκτει	ti/ktei	τίκτω	ti/ktw	urn:cite2:hmt:lsj.chicago_md:n103942	v2spie---
τίκτει	ti/ktei	τίκτω	ti/ktw	urn:cite2:hmt:lsj.chicago_md:n103942	v3spia---
τίνα	ti/na	τίς	ti/s	urn:cite2:hmt:lsj.chicago_md:n104051a	n-s---ma-
τίνα	ti/na	τίς	ti/s	urn:cite2:hmt:lsj.chicago_md:n104051a	n-s---fa-
τίνα	ti/na	τίς	ti/s	urn:cite2:hmt:lsj.chicago_md:n104051a	n-p---nn-
τίνα	ti/na	τίς	ti/s	urn:cite2:hmt:lsj.chicago_md:n104051a	n-p---nv-
τίνα	ti/na	τίς	ti/s	urn:cite2:hmt:lsj.chicago_md:n104051a	n-p---na-
τίνα	ti/na	τις	tis	urn:cite2:hmt:lsj.chicago_md:n104051	p-s---ma-
τίνα	ti/na	τις	tis	urn:cite2:hmt:lsj.chicago_md:n104051	p-s---fa-
τίνα	ti/na	τις	tis	urn:cite2:hmt:lsj.chicago_md:n104051	p-p---nn-
τίνα	ti/na	τις	tis	urn:cite2:hmt:lsj.chicago_md:n104051	p-p---nv-
τίνα	ti/na	τις	tis	urn:cite2:hmt:lsj.chicago_md:n104051	p-p---na-
τίνες	ti/nes	τίνω	ti/nw	urn:cite2:hmt:lsj.chicago_md:n104040	v2spia---
τίνες	ti/nes	τίνω	ti/nw	urn:cite2:hmt:lsj.chicago_md:n104040	v2spia---
τίνες	ti/nes	τίνω	ti/nw	urn:cite2:hmt:lsj.chicago_md:n104040	v2siia---
τίνες	ti/nes	τίς	ti/s	urn:cite2:hmt:lsj.chicago_md:n104051a	n-p---mn-
τίνες	ti/nes	τίς	ti/s	urn:cite2:hmt:lsj.chicago_md:n104051a	n-p---mv-
τίνες	ti/nes	τίς	ti/s	urn:cite2:hmt:lsj.chicago_md:n104051a	n-p---fn-
τίνες	ti/nes	τίς	ti/s	urn:cite2:hmt:lsj.chicago_md:n104051a	n-p---fv-
τίνες	ti/nes	τις	tis	urn:cite2:hmt:lsj.chicago_md:n104051	p-p---mn-
τίνες	ti/nes	τις	tis	urn:cite2:hmt:lsj.chicago_md:n104051	p-p---mv-
τίνες	ti/nes	τις	tis	urn:cite2:hmt:lsj.chicago_md:n104051	p-p---fn-
τίνες	ti/nes	τις	tis	urn:cite2:hmt:lsj.chicago_md:n104051	p-p---fv-
τίνι	ti/ni	τίς	ti/s	urn:cite2:hmt:lsj.chicago_md:n104051a	n-s----d-
τίνι	ti/ni	τις	tis	urn:cite2:hmt:lsj.chicago_md:n104051	p-s----d-
τίνος	ti/nos	τίς	ti/s	urn:cite2:hmt:lsj.chicago_md:n104051a	n-s----g-
τίνος	ti/nos	τις	tis	urn:cite2:hmt:lsj.chicago_md:n104051	p-s----g-
τίς	ti/s	τίς	ti/s	urn:cite2:hmt:lsj.chicago_md:n104051a	n-s---mn-
τίς	ti/s	τίς	ti/s	urn:cite2:hmt:lsj.chicago_md:n104051a	n-s---fn-
τίς	ti/s	τις	tis	urn:cite2:hmt:lsj.chicago_md:n104051	p-s---mn-
τίς	ti/s	τις	tis	urn:cite2:hmt:lsj.chicago_md:n104051	p-s---fn-
τίσαιτ’	ti/sait'	τίνω	ti/nw	urn:cite2:hmt:lsj.chicago_md:n104040	v3saom---
τίσαιτ’	ti/sait'	τίνω	ti/nw	urn:cite2:hmt:lsj.chicago_md:n104040	v2paoa---
τίσαιτ’	ti/sait'	τίζω	ti/zw	urn:cite2:hmt:lsj.chicago_md:n103904	v3saom---
τίσαιτ’	ti/sait'	τίζω	ti/zw	urn:cite2:hmt:lsj.chicago_md:n103904	v2paoa---
τό	to/	ὁ	o(	urn:cite2:hmt:lsj.chicago_md:n71882	l-s---nn-
τό	to/	ὁ	o(	urn:cite2:hmt:lsj.chicago_md:n71882	l-s---nv-
τό	to/	ὁ	o(	urn:cite2:hmt:lsj.chicago_md:n71882	l-s---na-
τόδε	to/de	ὅδε	o(/de	urn:cite2:hmt:lsj.chicago_md:n72010	n-s---nn-
τόδε	to/de	ὅδε	o(/de	urn:cite2:hmt:lsj.chicago_md:n72010	n-s---nv-
τόδε	to/de	ὅδε	o(/de	urn:cite2:hmt:lsj.chicago_md:n72010	n-s---na-
τόδ’	to/d'	ὅδε	o(/de	urn:cite2:hmt:lsj.chicago_md:n72010	n-s---nn-
τόδ’	to/d'	ὅδε	o(/de	urn:cite2:hmt:lsj.chicago_md:n72010	n-s---nv-
τόδ’	to/d'	ὅδε	o(/de	urn:cite2:hmt:lsj.chicago_md:n72010	n-s---na-
τόκον	to/kon	τόκος	to/kos	urn:cite2:hmt:lsj.chicago_md:n104221	n-s---ma-
τόλμας	to/lmas	τόλμα	to/lma	urn:cite2:hmt:lsj.chicago_md:n104224	n-p---fa-
τόλμας	to/lmas	τόλμα	to/lma	urn:cite2:hmt:lsj.chicago_md:n104224	n-s---fg-
τόλμας	to/lmas	τολμάω	tolma/w	urn:cite2:hmt:lsj.chicago_md:n104225	v2siia---
τόλμησον	to/lmhson	τολμάω	tolma/w	urn:cite2:hmt:lsj.chicago_md:n104225	v2sama---
τόν	to/n	ὁ	o(	urn:cite2:hmt:lsj.chicago_md:n71882	l-s---ma-
τόνδε	to/nde	ὅδε	o(/de	urn:cite2:hmt:lsj.chicago_md:n72010	n-s---ma-
τόνδε	to/nde	ὅδε	o(/de	urn:cite2:hmt:lsj.chicago_md:n72010	n-s---na-
τόξα	to/ca	τόξον	to/con	urn:cite2:hmt:lsj.chicago_md:n104311	n-p---nn-
τόξα	to/ca	τόξον	to/con	urn:cite2:hmt:lsj.chicago_md:n104311	n-p---nv-
τόξα	to/ca	τόξον	to/con	urn:cite2:hmt:lsj.chicago_md:n104311	n-p---na-
τόξου	to/cou	τόξον	to/con	urn:cite2:hmt:lsj.chicago_md:n104311	n-s---ng-
τόξων	to/cwn	τόξον	to/con	urn:cite2:hmt:lsj.chicago_md:n104311	n-p---ng-
τόποις	to/pois	τόπος	to/pos	urn:cite2:hmt:lsj.chicago_md:n104355	n-p---md-
τόπων	to/pwn	τόπος	to/pos	urn:cite2:hmt:lsj.chicago_md:n104355	n-p---mg-
τότε	to/te	τότε	to/te	urn:cite2:hmt:lsj.chicago_md:n104429	d--------
τότ’	to/t'	τότε	to/te	urn:cite2:hmt:lsj.chicago_md:n104429	d--------
τύραννε	tu/ranne	τύραννος	tu/rannos	urn:cite2:hmt:lsj.chicago_md:n105974	n-s---mv-
τύχη	tu/xh	τύχη	tu/xh	urn:cite2:hmt:lsj.chicago_md:n106094	n-s---fn-
τύχη	tu/xh	τύχη	tu/xh	urn:cite2:hmt:lsj.chicago_md:n106094	n-s---fv-
τύχης	tu/xhs	τύχη	tu/xh	urn:cite2:hmt:lsj.chicago_md:n106094	n-s---fg-
τᾶς	ta=s	ὁ	o(	urn:cite2:hmt:lsj.chicago_md:n71882	l-s---fg-
τᾷδέ	ta=|de/	ὅδε	o(/de	urn:cite2:hmt:lsj.chicago_md:n72010	n-s---fd-
τῆμος	th=mos	τῆμος	th=mos	urn:cite2:hmt:lsj.chicago_md:n103852	d--------
τῆς	th=s	ὁ	o(	urn:cite2:hmt:lsj.chicago_md:n71882	l-s---fg-
τῆσδε	th=sde	ὅδε	o(/de	urn:cite2:hmt:lsj.chicago_md:n72010	n-s---fg-
τῆσδέ	th=sde/	ὅδε	o(/de	urn:cite2:hmt:lsj.chicago_md:n72010	n-s---fg-
τῇ	th=|	ὁ	o(	urn:cite2:hmt:lsj.chicago_md:n71882	l-s---fd-
τῇ	th=|	τῇ	th=|	urn:cite2:hmt:lsj.chicago_md:n103745	d--------
τῇδε	th=|de	ὅδε	o(/de	urn:cite2:hmt:lsj.chicago_md:n72010	n-s---fd-
τῇδ’	th=|d'	ὅδε	o(/de	urn:cite2:hmt:lsj.chicago_md:n72010	n-s---fd-
τῳ	tw|	τις	tis	urn:cite2:hmt:lsj.chicago_md:n104051	p-s----d-
τῶν	tw=n	ὁ	o(	urn:cite2:hmt:lsj.chicago_md:n71882	l-p---fg-
τῶν	tw=n	ὁ	o(	urn:cite2:hmt:lsj.chicago_md:n71882	l-p---mg-
τῶν	tw=n	ὁ	o(	urn:cite2:hmt:lsj.chicago_md:n71882	l-p---ng-
τῶνδε	tw=nde	ὅδε	o(/de	urn:cite2:hmt:lsj.chicago_md:n72010	n-p---fg-
τῶνδε	tw=nde	ὅδε	o(/de	urn:cite2:hmt:lsj.chicago_md:n72010	n-p---mg-
τῶνδε	tw=nde	ὅδε	o(/de	urn:cite2:hmt:lsj.chicago_md:n72010	n-p---ng-
τῶνδ’	tw=nd'	ὅδε	o(/de	urn:cite2:hmt:lsj.chicago_md:n72010	n-p---fg-
τῶνδ’	tw=nd'	ὅδε	o(/de	urn:cite2:hmt:lsj.chicago_md:n72010	n-p---mg-
τῶνδ’	tw=nd'	ὅδε	o(/de	urn:cite2:hmt:lsj.chicago_md:n72010	n-p---ng-
τῷ	tw=|	ὁ	o(	urn:cite2:hmt:lsj.chicago_md:n71882	l-s---md-
τῷ	tw=|	ὁ	o(	urn:cite2:hmt:lsj.chicago_md:n71882	l-s---nd-
τῷ	tw=|	τίς	ti/s	urn:cite2:hmt:lsj.chicago_md:n104051a	n-s----d-
τῷ	tw=|	τις	tis	urn:cite2:hmt:lsj.chicago_md:n104051	p-s----d-
τῷ	tw=|	τῷ	tw=|	urn:cite2:hmt:lsj.chicago_md:n106104	d--------
τῷδε	tw=|de	ὅδε	o(/de	urn:cite2:hmt:lsj.chicago_md:n72010	n-s---md-
τῷδε	tw=|de	ὅδε	o(/de	urn:cite2:hmt:lsj.chicago_md:n72010	n-s---nd-
φαμί	fami/	φημί	fhmi/	urn:cite2:hmt:lsj.chicago_md:n110639	v1spia---
φανερά	fanera/	φανερός	fanero/s	urn:cite2:hmt:lsj.chicago_md:n110243	a-p---nn-
φανερά	fanera/	φανερός	fanero/s	urn:cite2:hmt:lsj.chicago_md:n110243	a-p---nv-
φανερά	fanera/	φανερός	fanero/s	urn:cite2:hmt:lsj.chicago_md:n110243	a-p---na-
φανερά	fanera/	φανερός	fanero/s	urn:cite2:hmt:lsj.chicago_md:n110243	a-d---fn-
φανερά	fanera/	φανερός	fanero/s	urn:cite2:hmt:lsj.chicago_md:n110243	a-d---fv-
φανερά	fanera/	φανερός	fanero/s	urn:cite2:hmt:lsj.chicago_md:n110243	a-d---fa-
φανερά	fanera/	φανερός	fanero/s	urn:cite2:hmt:lsj.chicago_md:n110243	a-s---fn-
φανερά	fanera/	φανερός	fanero/s	urn:cite2:hmt:lsj.chicago_md:n110243	a-s---fv-
φανερά	fanera/	φανερός	fanero/s	urn:cite2:hmt:lsj.chicago_md:n110243	n-p---nn-
φανερά	fanera/	φανερός	fanero/s	urn:cite2:hmt:lsj.chicago_md:n110243	n-p---nv-
φανερά	fanera/	φανερός	fanero/s	urn:cite2:hmt:lsj.chicago_md:n110243	n-p---na-
φανερός	fanero/s	φανερός	fanero/s	urn:cite2:hmt:lsj.chicago_md:n110243	a-s---mn-
φανερός	fanero/s	φανερός	fanero/s	urn:cite2:hmt:lsj.chicago_md:n110243	n-s---mn-
φανερός	fanero/s	φανερός	fanero/s	urn:cite2:hmt:lsj.chicago_md:n110243	n-s---fn-
φανείην	fanei/hn	φαίνω	fai/nw	urn:cite2:hmt:lsj.chicago_md:n110114	v1saop---
φανείς	fanei/s	φαίνω	fai/nw	urn:cite2:hmt:lsj.chicago_md:n110114	v-sappmn-
φανείς	fanei/s	φαίνω	fai/nw	urn:cite2:hmt:lsj.chicago_md:n110114	v-sappmv-
φανεῖν	fanei=n	φαίνω	fai/nw	urn:cite2:hmt:lsj.chicago_md:n110114	v--ana---
φανεῖν	fanei=n	φαίνω	fai/nw	urn:cite2:hmt:lsj.chicago_md:n110114	v--fna---
φανεῖν	fanei=n	φανάω	fana/w	urn:cite2:hmt:lsj.chicago_md:n110237	v--pna---
φανεῖς	fanei=s	φαίνω	fai/nw	urn:cite2:hmt:lsj.chicago_md:n110114	v2sasp---
φανεῖς	fanei=s	φαίνω	fai/nw	urn:cite2:hmt:lsj.chicago_md:n110114	v2sfia---
φανεῖς	fanei=s	φανάω	fana/w	urn:cite2:hmt:lsj.chicago_md:n110237	v2spia---
φανθέν	fanqe/n	φαίνω	fai/nw	urn:cite2:hmt:lsj.chicago_md:n110114	v-sappnn-
φανθέν	fanqe/n	φαίνω	fai/nw	urn:cite2:hmt:lsj.chicago_md:n110114	v-sappnv-
φανθέν	fanqe/n	φαίνω	fai/nw	urn:cite2:hmt:lsj.chicago_md:n110114	v-sappna-
φανέντα	fane/nta	φαίνω	fai/nw	urn:cite2:hmt:lsj.chicago_md:n110114	v-pappnn-
φανέντα	fane/nta	φαίνω	fai/nw	urn:cite2:hmt:lsj.chicago_md:n110114	v-pappnv-
φανέντα	fane/nta	φαίνω	fai/nw	urn:cite2:hmt:lsj.chicago_md:n110114	v-pappna-
φανέντα	fane/nta	φαίνω	fai/nw	urn:cite2:hmt:lsj.chicago_md:n110114	v-sappma-
φανήσομαι	fanh/somai	φαίνω	fai/nw	urn:cite2:hmt:lsj.chicago_md:n110114	v1sfip---
φανήσομαι	fanh/somai	φανάω	fana/w	urn:cite2:hmt:lsj.chicago_md:n110237	v1sasm---
φανήσομαι	fanh/somai	φανάω	fana/w	urn:cite2:hmt:lsj.chicago_md:n110237	v1sfim---
φανῇ	fanh=|	φαίνω	fai/nw	urn:cite2:hmt:lsj.chicago_md:n110114	v3sasp---
φανῇ	fanh=|	φαίνω	fai/nw	urn:cite2:hmt:lsj.chicago_md:n110114	v2sfim---
φανῇ	fanh=|	φανάω	fana/w	urn:cite2:hmt:lsj.chicago_md:n110237	v2spse---
φανῇ	fanh=|	φανάω	fana/w	urn:cite2:hmt:lsj.chicago_md:n110237	v2spie---
φανῇ	fanh=|	φανάω	fana/w	urn:cite2:hmt:lsj.chicago_md:n110237	v3spsa---
φανῇ	fanh=|	φανάω	fana/w	urn:cite2:hmt:lsj.chicago_md:n110237	v3spia---
φανῇ	fanh=|	φανάω	fana/w	urn:cite2:hmt:lsj.chicago_md:n110237	v2spse---
φανῇ	fanh=|	φανάω	fana/w	urn:cite2:hmt:lsj.chicago_md:n110237	v2spie---
φανῇ	fanh=|	φανάω	fana/w	urn:cite2:hmt:lsj.chicago_md:n110237	v3spsa---
φανῇ	fanh=|	φανή	fanh/	urn:cite2:hmt:lsj.chicago_md:n110249	n-s---fd-
φανῇ	fanh=|	φανόσ1	fano/s	urn:cite2:hmt:lsj.chicago_md:n110257	a-s---fd-
φανῇ	fanh=|	φανόσ1	fano/s	urn:cite2:hmt:lsj.chicago_md:n110258	a-s---fd-
φανῇς	fanh=|s	φαίνω	fai/nw	urn:cite2:hmt:lsj.chicago_md:n110114	v2sasp---
φανῇς	fanh=|s	φανάω	fana/w	urn:cite2:hmt:lsj.chicago_md:n110237	v2spsa---
φανῇς	fanh=|s	φανάω	fana/w	urn:cite2:hmt:lsj.chicago_md:n110237	v2spia---
φανῇς	fanh=|s	φανάω	fana/w	urn:cite2:hmt:lsj.chicago_md:n110237	v2spsa---
φανῇς	fanh=|s	φανή	fanh/	urn:cite2:hmt:lsj.chicago_md:n110249	n-p---fd-
φανῇς	fanh=|s	φανόσ1	fano/s	urn:cite2:hmt:lsj.chicago_md:n110257	a-p---fd-
φανῇς	fanh=|s	φανόσ1	fano/s	urn:cite2:hmt:lsj.chicago_md:n110258	a-p---fd-
φανῶ	fanw=	φαίνω	fai/nw	urn:cite2:hmt:lsj.chicago_md:n110114	v1sasp---
φανῶ	fanw=	φαίνω	fai/nw	urn:cite2:hmt:lsj.chicago_md:n110114	v1sfia---
φανῶ	fanw=	φανάω	fana/w	urn:cite2:hmt:lsj.chicago_md:n110237	v2spme---
φανῶ	fanw=	φανάω	fana/w	urn:cite2:hmt:lsj.chicago_md:n110237	v1spsa---
φανῶ	fanw=	φανάω	fana/w	urn:cite2:hmt:lsj.chicago_md:n110237	v1spia---
φανῶ	fanw=	φανάω	fana/w	urn:cite2:hmt:lsj.chicago_md:n110237	v1spsa---
φανῶ	fanw=	φανάω	fana/w	urn:cite2:hmt:lsj.chicago_md:n110237	v1spia---
φανῶ	fanw=	φανάω	fana/w	urn:cite2:hmt:lsj.chicago_md:n110237	v2siie---
φανῶ	fanw=	φανόσ1	fano/s	urn:cite2:hmt:lsj.chicago_md:n110257	a-s---mg-
φανῶ	fanw=	φανόσ1	fano/s	urn:cite2:hmt:lsj.chicago_md:n110258	a-s---mg-
φανῶ	fanw=	φανόσ1	fano/s	urn:cite2:hmt:lsj.chicago_md:n110257	a-s---ng-
φανῶ	fanw=	φανόσ1	fano/s	urn:cite2:hmt:lsj.chicago_md:n110258	a-s---ng-
φανῶ	fanw=	φανόσ2	fano/s	urn:cite2:hmt:lsj.chicago_md:n110257	n-s---mg-
φανῶ	fanw=	φανόσ2	fano/s	urn:cite2:hmt:lsj.chicago_md:n110258	n-s---mg-
φαρμακεύς	farmakeu/s	φαρμακεύς	farmakeu/s	urn:cite2:hmt:lsj.chicago_md:n110321	n-s---mn-
φασγάνου	fasga/nou	φάσγανον	fa/sganon	urn:cite2:hmt:lsj.chicago_md:n110390	n-s---ng-
φασγάνῳ	fasga/nw|	φάσγανον	fa/sganon	urn:cite2:hmt:lsj.chicago_md:n110390	n-s---nd-
φασί	fasi/	φημί	fhmi/	urn:cite2:hmt:lsj.chicago_md:n110639	v3ppia---
φασί	fasi/	φημί	fhmi/	urn:cite2:hmt:lsj.chicago_md:n110639	v3spia---
φασίν	fasi/n	φημί	fhmi/	urn:cite2:hmt:lsj.chicago_md:n110639	v3ppia---
φασίν	fasi/n	φημί	fhmi/	urn:cite2:hmt:lsj.chicago_md:n110639	v3spia---
φαίη	fai/h	φημί	fhmi/	urn:cite2:hmt:lsj.chicago_md:n110639	v3spoa---
φαίνων	fai/nwn	φαίνω	fai/nw	urn:cite2:hmt:lsj.chicago_md:n110114	v-sppamn-
φεῦ	feu=	φεῦ	feu=	urn:cite2:hmt:lsj.chicago_md:n110604	x--------
φηγόν	fhgo/n	φηγός	fhgo/s	urn:cite2:hmt:lsj.chicago_md:n110625	n-s---fa-
φημι	fhmi	φημί	fhmi/	urn:cite2:hmt:lsj.chicago_md:n110639	v1spia---
φημί	fhmi/	φημί	fhmi/	urn:cite2:hmt:lsj.chicago_md:n110639	v1spia---
φησ’	fhs'	φημί	fhmi/	urn:cite2:hmt:lsj.chicago_md:n110639	v3spia---
φθείρει	fqei/rei	φθείρω	fqei/rw	urn:cite2:hmt:lsj.chicago_md:n110689	v3sasa---
φθείρει	fqei/rei	φθείρω	fqei/rw	urn:cite2:hmt:lsj.chicago_md:n110689	v2spie---
φθείρει	fqei/rei	φθείρω	fqei/rw	urn:cite2:hmt:lsj.chicago_md:n110689	v3spia---
φθίμενος	fqi/menos	φθίω	fqi/w	urn:cite2:hmt:lsj.chicago_md:n110727	v-sapmmn-
φθίνει	fqi/nei	φθίω	fqi/w	urn:cite2:hmt:lsj.chicago_md:n110727	v2spie---
φθίνει	fqi/nei	φθίω	fqi/w	urn:cite2:hmt:lsj.chicago_md:n110727	v3spia---
φθίνει	fqi/nei	φθινάω	fqina/w	urn:cite2:hmt:lsj.chicago_md:n110700	v2spma---
φθίνει	fqi/nei	φθινάω	fqina/w	urn:cite2:hmt:lsj.chicago_md:n110700	v3siia---
φθίνοντι	fqi/nonti	φθίω	fqi/w	urn:cite2:hmt:lsj.chicago_md:n110727	v-sppamd-
φθίνοντι	fqi/nonti	φθίω	fqi/w	urn:cite2:hmt:lsj.chicago_md:n110727	v-sppand-
φθίνοντι	fqi/nonti	φθίω	fqi/w	urn:cite2:hmt:lsj.chicago_md:n110727	v3ppia---
φθίνοντος	fqi/nontos	φθίω	fqi/w	urn:cite2:hmt:lsj.chicago_md:n110727	v-sppamg-
φθίνοντος	fqi/nontos	φθίω	fqi/w	urn:cite2:hmt:lsj.chicago_md:n110727	v-sppang-
φθίνουσαν	fqi/nousan	φθίω	fqi/w	urn:cite2:hmt:lsj.chicago_md:n110727	v-sppafa-
φθίσας	fqi/sas	φθίω	fqi/w	urn:cite2:hmt:lsj.chicago_md:n110727	v-sapamn-
φθίσας	fqi/sas	φθίω	fqi/w	urn:cite2:hmt:lsj.chicago_md:n110727	v-sapamv-
φθίσας	fqi/sas	φθίω	fqi/w	urn:cite2:hmt:lsj.chicago_md:n110727	v-sapamn-
φθίσας	fqi/sas	φθίω	fqi/w	urn:cite2:hmt:lsj.chicago_md:n110727	v-sapamv-
φθίσας	fqi/sas	φθίω	fqi/w	urn:cite2:hmt:lsj.chicago_md:n110727	v2saia---
φθίσας	fqi/sas	φθῖσα	fqi=sa	urn:cite2:hmt:lsj.chicago_md:n110715	n-p---fa-
φθίσας	fqi/sas	φθῖσα	fqi=sa	urn:cite2:hmt:lsj.chicago_md:n110715	n-s---fg-
φθόνησις	fqo/nhsis	φθόνησις	fqo/nhsis	urn:cite2:hmt:lsj.chicago_md:n110741	n-s---fn-
φθόνον	fqo/non	φθόνος	fqo/nos	urn:cite2:hmt:lsj.chicago_md:n110745	n-s---ma-
φιλεῖ	filei=	φιλέω	file/w	urn:cite2:hmt:lsj.chicago_md:n110979	v2spie---
φιλεῖ	filei=	φιλέω	file/w	urn:cite2:hmt:lsj.chicago_md:n110979	v3spia---
φιλεῖν	filei=n	φιλέω	file/w	urn:cite2:hmt:lsj.chicago_md:n110979	v--pna---
φιτύσας	fitu/sas	φιτύω	fitu/w	urn:cite2:hmt:lsj.chicago_md:n111683	v-sapamn-
φιτύσας	fitu/sas	φιτύω	fitu/w	urn:cite2:hmt:lsj.chicago_md:n111683	v-sapamv-
φλεγέθων	flege/qwn	φλεγέθω	flege/qw	urn:cite2:hmt:lsj.chicago_md:n111720	v-sppamn-
φλογιζόμενον	flogizo/menon	φλογίζω	flogi/zw	urn:cite2:hmt:lsj.chicago_md:n111793	v-sppema-
φλογιζόμενον	flogizo/menon	φλογίζω	flogi/zw	urn:cite2:hmt:lsj.chicago_md:n111793	v-sppenn-
φλογιζόμενον	flogizo/menon	φλογίζω	flogi/zw	urn:cite2:hmt:lsj.chicago_md:n111793	v-sppenv-
φλογιζόμενον	flogizo/menon	φλογίζω	flogi/zw	urn:cite2:hmt:lsj.chicago_md:n111793	v-sppena-
φλόγα	flo/ga	φλόξ	flo/c	urn:cite2:hmt:lsj.chicago_md:n111844	n-s---fa-
φλόξ	flo/c	φλόξ	flo/c	urn:cite2:hmt:lsj.chicago_md:n111844	n-s---fn-
φλόξ	flo/c	φλόξ	flo/c	urn:cite2:hmt:lsj.chicago_md:n111844	n-s---fv-
φοβεῖ	fobei=	φοβέω	fobe/w	urn:cite2:hmt:lsj.chicago_md:n111895	v2spie---
φοβεῖ	fobei=	φοβέω	fobe/w	urn:cite2:hmt:lsj.chicago_md:n111895	v3spia---
φοβουμένη	foboume/nh	φοβέω	fobe/w	urn:cite2:hmt:lsj.chicago_md:n111895	v-sppefn-
φοβουμένη	foboume/nh	φοβέω	fobe/w	urn:cite2:hmt:lsj.chicago_md:n111895	v-sppefv-
φοβοῦμαι	fobou=mai	φοβέω	fobe/w	urn:cite2:hmt:lsj.chicago_md:n111895	v1spie---
φοινίας	foini/as	φοίνιος	foi/nios	urn:cite2:hmt:lsj.chicago_md:n112004	a-p---fa-
φοινίας	foini/as	φοίνιος	foi/nios	urn:cite2:hmt:lsj.chicago_md:n112004	a-s---fg-
φοιτάδα	foita/da	φοιτάς	foita/s	urn:cite2:hmt:lsj.chicago_md:n112015	n-s---fa-
φοιτῶν	foitw=n	φοίτης	foi/ths	urn:cite2:hmt:lsj.chicago_md:n112018	n-p---mg-
φοιτῶν	foitw=n	φοιτάω	foita/w	urn:cite2:hmt:lsj.chicago_md:n112016	v-sppamv-
φοιτῶν	foitw=n	φοιτάω	foita/w	urn:cite2:hmt:lsj.chicago_md:n112016	v-sppann-
φοιτῶν	foitw=n	φοιτάω	foita/w	urn:cite2:hmt:lsj.chicago_md:n112016	v-sppanv-
φοιτῶν	foitw=n	φοιτάω	foita/w	urn:cite2:hmt:lsj.chicago_md:n112016	v-sppana-
φοιτῶν	foitw=n	φοιτάω	foita/w	urn:cite2:hmt:lsj.chicago_md:n112016	v-sppamn-
φοιτῶν	foitw=n	φοιτάω	foita/w	urn:cite2:hmt:lsj.chicago_md:n112016	v-sppamn-
φοιτῶν	foitw=n	φοιτάζω	foita/zw	urn:cite2:hmt:lsj.chicago_md:n112011	v-sfpamv-
φοιτῶν	foitw=n	φοιτάζω	foita/zw	urn:cite2:hmt:lsj.chicago_md:n112011	v-sfpann-
φοιτῶν	foitw=n	φοιτάζω	foita/zw	urn:cite2:hmt:lsj.chicago_md:n112011	v-sfpanv-
φοιτῶν	foitw=n	φοιτάζω	foita/zw	urn:cite2:hmt:lsj.chicago_md:n112011	v-sfpana-
φοιτῶν	foitw=n	φοιτάζω	foita/zw	urn:cite2:hmt:lsj.chicago_md:n112011	v-sfpamn-
φονέα	fone/a	φονεύς	foneu/s	urn:cite2:hmt:lsj.chicago_md:n112042	n-s---ma-
φονίᾳ	foni/a|	φόνιος	fo/nios	urn:cite2:hmt:lsj.chicago_md:n112052	a-s---fd-
φονῶν	fonw=n	φονάω	fona/w	urn:cite2:hmt:lsj.chicago_md:n112039	v-sppamv-
φονῶν	fonw=n	φονάω	fona/w	urn:cite2:hmt:lsj.chicago_md:n112039	v-sppann-
φονῶν	fonw=n	φονάω	fona/w	urn:cite2:hmt:lsj.chicago_md:n112039	v-sppanv-
φονῶν	fonw=n	φονάω	fona/w	urn:cite2:hmt:lsj.chicago_md:n112039	v-sppana-
φονῶν	fonw=n	φονάω	fona/w	urn:cite2:hmt:lsj.chicago_md:n112039	v-sppamn-
φονῶν	fonw=n	φονάω	fona/w	urn:cite2:hmt:lsj.chicago_md:n112039	v-sppamn-
φονῶν	fonw=n	φονή	fonh/	urn:cite2:hmt:lsj.chicago_md:n112049	n-p---fg-
φονῶν	fonw=n	φονός	fono/s	urn:cite2:hmt:lsj.chicago_md:n112061	n-p---fg-
φονῶν	fonw=n	φονόω	fono/w	urn:cite2:hmt:lsj.chicago_md:n112063	v-sppamv-
φονῶν	fonw=n	φονόω	fono/w	urn:cite2:hmt:lsj.chicago_md:n112063	v-sppann-
φονῶν	fonw=n	φονόω	fono/w	urn:cite2:hmt:lsj.chicago_md:n112063	v-sppanv-
φονῶν	fonw=n	φονόω	fono/w	urn:cite2:hmt:lsj.chicago_md:n112063	v-sppana-
φονῶν	fonw=n	φονόω	fono/w	urn:cite2:hmt:lsj.chicago_md:n112063	v-sppamn-
φονῶν	fonw=n	φονόω	fono/w	urn:cite2:hmt:lsj.chicago_md:n112063	v--pna---
φορεῖ	forei=	φορέω	fore/w	urn:cite2:hmt:lsj.chicago_md:n112102	v2spie---
φορεῖ	forei=	φορέω	fore/w	urn:cite2:hmt:lsj.chicago_md:n112102	v3spia---
φορεῖ	forei=	φορεύς	foreu/s	urn:cite2:hmt:lsj.chicago_md:n112100	n-s---md-
φορᾶς	fora=s	φορά	fora/	urn:cite2:hmt:lsj.chicago_md:n112070	n-s---fg-
φορᾶς	fora=s	φορεύς	foreu/s	urn:cite2:hmt:lsj.chicago_md:n112100	n-p---ma-
φρενοῦν	frenou=n	φρενόω	freno/w	urn:cite2:hmt:lsj.chicago_md:n112297	v-sppamv-
φρενοῦν	frenou=n	φρενόω	freno/w	urn:cite2:hmt:lsj.chicago_md:n112297	v-sppann-
φρενοῦν	frenou=n	φρενόω	freno/w	urn:cite2:hmt:lsj.chicago_md:n112297	v-sppanv-
φρενοῦν	frenou=n	φρενόω	freno/w	urn:cite2:hmt:lsj.chicago_md:n112297	v-sppana-
φρενοῦν	frenou=n	φρενόω	freno/w	urn:cite2:hmt:lsj.chicago_md:n112297	v--pna---
φρενί	freni/	φρήν	frh/n	urn:cite2:hmt:lsj.chicago_md:n112307	n-s---fd-
φρενός	freno/s	φρήν	frh/n	urn:cite2:hmt:lsj.chicago_md:n112307	n-s---fg-
φρονεῖ	fronei=	φρονέω	frone/w	urn:cite2:hmt:lsj.chicago_md:n112350	v2spie---
φρονεῖ	fronei=	φρονέω	frone/w	urn:cite2:hmt:lsj.chicago_md:n112350	v3spia---
φρονεῖν	fronei=n	φρονέω	frone/w	urn:cite2:hmt:lsj.chicago_md:n112350	v--pna---
φρονεῖς	fronei=s	φρονέω	frone/w	urn:cite2:hmt:lsj.chicago_md:n112350	v2spia---
φρονοῦμεν	fronou=men	φρονέω	frone/w	urn:cite2:hmt:lsj.chicago_md:n112350	v1ppia---
φρονοῦμεν	fronou=men	φρονέω	frone/w	urn:cite2:hmt:lsj.chicago_md:n112350	v1piia---
φρονοῦντα	fronou=nta	φρονέω	frone/w	urn:cite2:hmt:lsj.chicago_md:n112350	v-pppann-
φρονοῦντα	fronou=nta	φρονέω	frone/w	urn:cite2:hmt:lsj.chicago_md:n112350	v-pppanv-
φρονοῦντα	fronou=nta	φρονέω	frone/w	urn:cite2:hmt:lsj.chicago_md:n112350	v-pppana-
φρονοῦντα	fronou=nta	φρονέω	frone/w	urn:cite2:hmt:lsj.chicago_md:n112350	v-sppama-
φρονοῦσαν	fronou=san	φρονέω	frone/w	urn:cite2:hmt:lsj.chicago_md:n112350	v-sppafa-
φροντίδων	fronti/dwn	φροντίς	fronti/s	urn:cite2:hmt:lsj.chicago_md:n112368	n-p---fg-
φρονῶ	fronw=	φρονέω	frone/w	urn:cite2:hmt:lsj.chicago_md:n112350	v1spsa---
φρονῶ	fronw=	φρονέω	frone/w	urn:cite2:hmt:lsj.chicago_md:n112350	v1spia---
φρουράν	froura/n	φρουρά	froura/	urn:cite2:hmt:lsj.chicago_md:n112379	n-s---fa-
φρούρουν	frou/roun	φρουρέω	froure/w	urn:cite2:hmt:lsj.chicago_md:n112384	v3piia---
φρούρουν	frou/roun	φρουρέω	froure/w	urn:cite2:hmt:lsj.chicago_md:n112384	v1siia---
φράζε	fra/ze	φράζω	fra/zw	urn:cite2:hmt:lsj.chicago_md:n112217	v2spma---
φράζε	fra/ze	φράζω	fra/zw	urn:cite2:hmt:lsj.chicago_md:n112217	v3siia---
φράζω	fra/zw	φράζω	fra/zw	urn:cite2:hmt:lsj.chicago_md:n112217	v1spsa---
φράζω	fra/zw	φράζω	fra/zw	urn:cite2:hmt:lsj.chicago_md:n112217	v1spia---
φράζ’	fra/z'	φράζω	fra/zw	urn:cite2:hmt:lsj.chicago_md:n112217	v2spma---
φράζ’	fra/z'	φράζω	fra/zw	urn:cite2:hmt:lsj.chicago_md:n112217	v3siia---
φράσαι	fra/sai	φράζω	fra/zw	urn:cite2:hmt:lsj.chicago_md:n112217	v-sfpafd-
φράσαι	fra/sai	φράζω	fra/zw	urn:cite2:hmt:lsj.chicago_md:n112217	v2samm---
φράσαι	fra/sai	φράζω	fra/zw	urn:cite2:hmt:lsj.chicago_md:n112217	v--ana---
φράσαι	fra/sai	φράζω	fra/zw	urn:cite2:hmt:lsj.chicago_md:n112217	v3saoa---
φράσεις	fra/seis	φράσις	fra/sis	urn:cite2:hmt:lsj.chicago_md:n112227	n-p---fn-
φράσεις	fra/seis	φράσις	fra/sis	urn:cite2:hmt:lsj.chicago_md:n112227	n-p---fv-
φράσεις	fra/seis	φράσις	fra/sis	urn:cite2:hmt:lsj.chicago_md:n112227	n-p---fn-
φράσεις	fra/seis	φράσις	fra/sis	urn:cite2:hmt:lsj.chicago_md:n112227	n-p---fa-
φράσεις	fra/seis	φράζω	fra/zw	urn:cite2:hmt:lsj.chicago_md:n112217	v2sasa---
φράσεις	fra/seis	φράζω	fra/zw	urn:cite2:hmt:lsj.chicago_md:n112217	v2sfia---
φράσον	fra/son	φράζω	fra/zw	urn:cite2:hmt:lsj.chicago_md:n112217	v2sama---
φράσον	fra/son	φράζω	fra/zw	urn:cite2:hmt:lsj.chicago_md:n112217	v-sfpamv-
φράσον	fra/son	φράζω	fra/zw	urn:cite2:hmt:lsj.chicago_md:n112217	v-sfpann-
φράσον	fra/son	φράζω	fra/zw	urn:cite2:hmt:lsj.chicago_md:n112217	v-sfpanv-
φράσον	fra/son	φράζω	fra/zw	urn:cite2:hmt:lsj.chicago_md:n112217	v-sfpana-
φράσουσα	fra/sousa	φράζω	fra/zw	urn:cite2:hmt:lsj.chicago_md:n112217	v-sfpafn-
φράσουσα	fra/sousa	φράζω	fra/zw	urn:cite2:hmt:lsj.chicago_md:n112217	v-sfpafv-
φράσουσ’	fra/sous'	φράζω	fra/zw	urn:cite2:hmt:lsj.chicago_md:n112217	v-sfpafn-
φράσουσ’	fra/sous'	φράζω	fra/zw	urn:cite2:hmt:lsj.chicago_md:n112217	v-sfpafv-
φράσουσ’	fra/sous'	φράζω	fra/zw	urn:cite2:hmt:lsj.chicago_md:n112217	v3pasa---
φράσουσ’	fra/sous'	φράζω	fra/zw	urn:cite2:hmt:lsj.chicago_md:n112217	v-pfpamd-
φράσουσ’	fra/sous'	φράζω	fra/zw	urn:cite2:hmt:lsj.chicago_md:n112217	v-pfpand-
φράσουσ’	fra/sous'	φράζω	fra/zw	urn:cite2:hmt:lsj.chicago_md:n112217	v3pfia---
φράσουσ’	fra/sous'	φράζω	fra/zw	urn:cite2:hmt:lsj.chicago_md:n112217	v-pfpafn-
φράσουσ’	fra/sous'	φράζω	fra/zw	urn:cite2:hmt:lsj.chicago_md:n112217	v-pfpafv-
φράσω	fra/sw	φράζω	fra/zw	urn:cite2:hmt:lsj.chicago_md:n112217	v1sasa---
φράσω	fra/sw	φράζω	fra/zw	urn:cite2:hmt:lsj.chicago_md:n112217	v1sfia---
φράσω	fra/sw	φράζω	fra/zw	urn:cite2:hmt:lsj.chicago_md:n112217	v2saim---
φράσων	fra/swn	φράζω	fra/zw	urn:cite2:hmt:lsj.chicago_md:n112217	v-sfpamn-
φρένας	fre/nas	φρήν	frh/n	urn:cite2:hmt:lsj.chicago_md:n112307	n-p---fa-
φρήν	frh/n	φρήν	frh/n	urn:cite2:hmt:lsj.chicago_md:n112307	n-s---fn-
φρήν	frh/n	φρήν	frh/n	urn:cite2:hmt:lsj.chicago_md:n112307	n-s---fv-
φρόνει	fro/nei	φρόνις	fro/nis	urn:cite2:hmt:lsj.chicago_md:n112365	n-d---fn-
φρόνει	fro/nei	φρόνις	fro/nis	urn:cite2:hmt:lsj.chicago_md:n112365	n-d---fv-
φρόνει	fro/nei	φρόνις	fro/nis	urn:cite2:hmt:lsj.chicago_md:n112365	n-d---fa-
φρόνει	fro/nei	φρόνις	fro/nis	urn:cite2:hmt:lsj.chicago_md:n112365	n-s---fd-
φρόνει	fro/nei	φρόνις	fro/nis	urn:cite2:hmt:lsj.chicago_md:n112365	n-s---fd-
φρόνει	fro/nei	φρονέω	frone/w	urn:cite2:hmt:lsj.chicago_md:n112350	v2spma---
φρόνει	fro/nei	φρονέω	frone/w	urn:cite2:hmt:lsj.chicago_md:n112350	v3siia---
φυλλάδα	fulla/da	φυλλάς	fulla/s	urn:cite2:hmt:lsj.chicago_md:n112573	n-s---fa-
φυτεύσαντος	futeu/santos	φυτεύω	futeu/w	urn:cite2:hmt:lsj.chicago_md:n112755	v-sapamg-
φυτεύσαντος	futeu/santos	φυτεύω	futeu/w	urn:cite2:hmt:lsj.chicago_md:n112755	v-sapang-
φυτοσπόρον	futospo/ron	φυτοσπόρος	futospo/ros	urn:cite2:hmt:lsj.chicago_md:n112775	n-s---ma-
φυτοσπόρον	futospo/ron	φυτοσπόρος	futospo/ros	urn:cite2:hmt:lsj.chicago_md:n112775	n-s---fa-
φυτοσπόρον	futospo/ron	φυτοσπόρος	futospo/ros	urn:cite2:hmt:lsj.chicago_md:n112775	n-s---nn-
φυτοσπόρον	futospo/ron	φυτοσπόρος	futospo/ros	urn:cite2:hmt:lsj.chicago_md:n112775	n-s---nv-
φυτοσπόρον	futospo/ron	φυτοσπόρος	futospo/ros	urn:cite2:hmt:lsj.chicago_md:n112775	n-s---na-
φωνεῖ	fwnei=	φωνέω	fwne/w	urn:cite2:hmt:lsj.chicago_md:n112832	v2spie---
φωνεῖ	fwnei=	φωνέω	fwne/w	urn:cite2:hmt:lsj.chicago_md:n112832	v3spia---
φωνεῖν	fwnei=n	φωνέω	fwne/w	urn:cite2:hmt:lsj.chicago_md:n112832	v--pna---
φωνεῖς	fwnei=s	φωνέω	fwne/w	urn:cite2:hmt:lsj.chicago_md:n112832	v2spia---
φωνήσασα	fwnh/sasa	φωνέω	fwne/w	urn:cite2:hmt:lsj.chicago_md:n112832	v-sapafn-
φωνήσασα	fwnh/sasa	φωνέω	fwne/w	urn:cite2:hmt:lsj.chicago_md:n112832	v-sapafv-
φωνήσατ’	fwnh/sat'	φωνέω	fwne/w	urn:cite2:hmt:lsj.chicago_md:n112832	v2pama---
φωνήσατ’	fwnh/sat'	φωνέω	fwne/w	urn:cite2:hmt:lsj.chicago_md:n112832	v3saim---
φωνήσατ’	fwnh/sat'	φωνέω	fwne/w	urn:cite2:hmt:lsj.chicago_md:n112832	v2paia---
φωτός	fwto/s	φάος	fa/os	urn:cite2:hmt:lsj.chicago_md:n110284	n-s---ng-
φωτός	fwto/s	φώς	fw/s	urn:cite2:hmt:lsj.chicago_md:n112862	n-s---mg-
φάρη	fa/rh	φάρος	fa/ros	urn:cite2:hmt:lsj.chicago_md:n110369	n-p---nn-
φάρη	fa/rh	φάρος	fa/ros	urn:cite2:hmt:lsj.chicago_md:n110370	n-p---nn-
φάρη	fa/rh	φάρος	fa/ros	urn:cite2:hmt:lsj.chicago_md:n110371	n-p---nn-
φάρη	fa/rh	φάρος	fa/ros	urn:cite2:hmt:lsj.chicago_md:n110369	n-p---nv-
φάρη	fa/rh	φάρος	fa/ros	urn:cite2:hmt:lsj.chicago_md:n110370	n-p---nv-
φάρη	fa/rh	φάρος	fa/ros	urn:cite2:hmt:lsj.chicago_md:n110371	n-p---nv-
φάρη	fa/rh	φάρος	fa/ros	urn:cite2:hmt:lsj.chicago_md:n110369	n-p---na-
φάρη	fa/rh	φάρος	fa/ros	urn:cite2:hmt:lsj.chicago_md:n110370	n-p---na-
φάρη	fa/rh	φάρος	fa/ros	urn:cite2:hmt:lsj.chicago_md:n110371	n-p---na-
φάρη	fa/rh	φάρος	fa/ros	urn:cite2:hmt:lsj.chicago_md:n110369	n-d---nn-
φάρη	fa/rh	φάρος	fa/ros	urn:cite2:hmt:lsj.chicago_md:n110370	n-d---nn-
φάρη	fa/rh	φάρος	fa/ros	urn:cite2:hmt:lsj.chicago_md:n110371	n-d---nn-
φάρη	fa/rh	φάρος	fa/ros	urn:cite2:hmt:lsj.chicago_md:n110369	n-d---nv-
φάρη	fa/rh	φάρος	fa/ros	urn:cite2:hmt:lsj.chicago_md:n110370	n-d---nv-
φάρη	fa/rh	φάρος	fa/ros	urn:cite2:hmt:lsj.chicago_md:n110371	n-d---nv-
φάρη	fa/rh	φάρος	fa/ros	urn:cite2:hmt:lsj.chicago_md:n110369	n-d---na-
φάρη	fa/rh	φάρος	fa/ros	urn:cite2:hmt:lsj.chicago_md:n110370	n-d---na-
φάρη	fa/rh	φάρος	fa/ros	urn:cite2:hmt:lsj.chicago_md:n110371	n-d---na-
φάρη	fa/rh	φᾶρος	fa=ros	urn:cite2:hmt:lsj.chicago_md:n110368	n-p---nn-
φάρη	fa/rh	φᾶρος	fa=ros	urn:cite2:hmt:lsj.chicago_md:n110368	n-p---nv-
φάρη	fa/rh	φᾶρος	fa=ros	urn:cite2:hmt:lsj.chicago_md:n110368	n-p---na-
φάρη	fa/rh	φᾶρος	fa=ros	urn:cite2:hmt:lsj.chicago_md:n110368	n-d---nn-
φάρη	fa/rh	φᾶρος	fa=ros	urn:cite2:hmt:lsj.chicago_md:n110368	n-d---nv-
φάρη	fa/rh	φᾶρος	fa=ros	urn:cite2:hmt:lsj.chicago_md:n110368	n-d---na-
φάρη	fa/rh	φᾶρος	fa=ros	urn:cite2:hmt:lsj.chicago_md:n110368	n-p---nn-
φάρη	fa/rh	φᾶρος	fa=ros	urn:cite2:hmt:lsj.chicago_md:n110368	n-p---nv-
φάρη	fa/rh	φᾶρος	fa=ros	urn:cite2:hmt:lsj.chicago_md:n110368	n-p---na-
φάρη	fa/rh	φᾶρος	fa=ros	urn:cite2:hmt:lsj.chicago_md:n110368	n-d---nn-
φάρη	fa/rh	φᾶρος	fa=ros	urn:cite2:hmt:lsj.chicago_md:n110368	n-d---nv-
φάρη	fa/rh	φᾶρος	fa=ros	urn:cite2:hmt:lsj.chicago_md:n110368	n-d---na-
φάρη	fa/rh	φαράω	fara/w	urn:cite2:hmt:lsj.chicago_md:n110296	v2spma---
φάρη	fa/rh	φαράω	fara/w	urn:cite2:hmt:lsj.chicago_md:n110296	v2spma---
φάρη	fa/rh	φαράω	fara/w	urn:cite2:hmt:lsj.chicago_md:n110296	v3siia---
φάρμακον	fa/rmakon	φάρμακον	fa/rmakon	urn:cite2:hmt:lsj.chicago_md:n110341	n-s---nn-
φάρμακον	fa/rmakon	φάρμακον	fa/rmakon	urn:cite2:hmt:lsj.chicago_md:n110341	n-s---nv-
φάρμακον	fa/rmakon	φάρμακον	fa/rmakon	urn:cite2:hmt:lsj.chicago_md:n110341	n-s---na-
φάρμακον	fa/rmakon	φάρμακος	fa/rmakos	urn:cite2:hmt:lsj.chicago_md:n110349	n-s---ma-
φάρους	fa/rous	φάρος	fa/ros	urn:cite2:hmt:lsj.chicago_md:n110369	n-s---ng-
φάρους	fa/rous	φάρος	fa/ros	urn:cite2:hmt:lsj.chicago_md:n110370	n-s---ng-
φάρους	fa/rous	φάρος	fa/ros	urn:cite2:hmt:lsj.chicago_md:n110371	n-s---ng-
φάρους	fa/rous	φάρος	fa/ros	urn:cite2:hmt:lsj.chicago_md:n110369	n-p---ma-
φάρους	fa/rous	φάρος	fa/ros	urn:cite2:hmt:lsj.chicago_md:n110370	n-p---ma-
φάρους	fa/rous	φάρος	fa/ros	urn:cite2:hmt:lsj.chicago_md:n110371	n-p---ma-
φάρους	fa/rous	φᾶρος	fa=ros	urn:cite2:hmt:lsj.chicago_md:n110368	n-s---ng-
φάρους	fa/rous	φᾶρος	fa=ros	urn:cite2:hmt:lsj.chicago_md:n110368	n-s---ng-
φάρους	fa/rous	φαρόω	faro/w	urn:cite2:hmt:lsj.chicago_md:n110373	v2siia---
φάσμα	fa/sma	φάσμα	fa/sma	urn:cite2:hmt:lsj.chicago_md:n110409	n-s---nn-
φάσμα	fa/sma	φάσμα	fa/sma	urn:cite2:hmt:lsj.chicago_md:n110409	n-s---nv-
φάσμα	fa/sma	φάσμα	fa/sma	urn:cite2:hmt:lsj.chicago_md:n110409	n-s---na-
φάσματι	fa/smati	φάσμα	fa/sma	urn:cite2:hmt:lsj.chicago_md:n110409	n-s---nd-
φάτιν	fa/tin	φάτις	fa/tis	urn:cite2:hmt:lsj.chicago_md:n110425	n-s---fa-
φέγγος	fe/ggos	φέγγος	fe/ggos	urn:cite2:hmt:lsj.chicago_md:n110477	n-s---nn-
φέγγος	fe/ggos	φέγγος	fe/ggos	urn:cite2:hmt:lsj.chicago_md:n110477	n-s---nv-
φέγγος	fe/ggos	φέγγος	fe/ggos	urn:cite2:hmt:lsj.chicago_md:n110477	n-s---na-
φέρε	fe/re	φέρω	fe/rw	urn:cite2:hmt:lsj.chicago_md:n110598	v2spma---
φέρε	fe/re	φέρω	fe/rw	urn:cite2:hmt:lsj.chicago_md:n110598	v3siia---
φέρει	fe/rei	φέρω	fe/rw	urn:cite2:hmt:lsj.chicago_md:n110598	v2spie---
φέρει	fe/rei	φέρω	fe/rw	urn:cite2:hmt:lsj.chicago_md:n110598	v3spia---
φέρειν	fe/rein	φέρω	fe/rw	urn:cite2:hmt:lsj.chicago_md:n110598	v--pna---
φέρεις	fe/reis	φέρω	fe/rw	urn:cite2:hmt:lsj.chicago_md:n110598	v2spia---
φέρεται	fe/retai	φέρω	fe/rw	urn:cite2:hmt:lsj.chicago_md:n110598	v3spie---
φέροι	fe/roi	φέρω	fe/rw	urn:cite2:hmt:lsj.chicago_md:n110598	v3spoa---
φέρων	fe/rwn	φέρω	fe/rw	urn:cite2:hmt:lsj.chicago_md:n110598	v-sppamn-
φέρῃς	fe/rh|s	φέρω	fe/rw	urn:cite2:hmt:lsj.chicago_md:n110598	v2spsa---
φήμην	fh/mhn	φήμη	fh/mh	urn:cite2:hmt:lsj.chicago_md:n110638	n-s---fa-
φήμης	fh/mhs	φήμη	fh/mh	urn:cite2:hmt:lsj.chicago_md:n110638	n-s---fg-
φήμης	fh/mhs	φῆμις	fh=mis	urn:cite2:hmt:lsj.chicago_md:n110642	n-p---fn-
φήμης	fh/mhs	φῆμις	fh=mis	urn:cite2:hmt:lsj.chicago_md:n110642	n-p---fv-
φής	fh/s	φημί	fhmi/	urn:cite2:hmt:lsj.chicago_md:n110639	v2spia---
φίλα	fi/la	φίλος	fi/los	urn:cite2:hmt:lsj.chicago_md:n111463	a-p---nn-
φίλα	fi/la	φίλος	fi/los	urn:cite2:hmt:lsj.chicago_md:n111463	a-p---nv-
φίλα	fi/la	φίλος	fi/los	urn:cite2:hmt:lsj.chicago_md:n111463	a-p---na-
φίλα	fi/la	φίλος	fi/los	urn:cite2:hmt:lsj.chicago_md:n111463	a-d---fn-
φίλα	fi/la	φίλος	fi/los	urn:cite2:hmt:lsj.chicago_md:n111463	a-d---fv-
φίλα	fi/la	φίλος	fi/los	urn:cite2:hmt:lsj.chicago_md:n111463	a-d---fa-
φίλα	fi/la	φίλος	fi/los	urn:cite2:hmt:lsj.chicago_md:n111463	a-s---fn-
φίλα	fi/la	φίλος	fi/los	urn:cite2:hmt:lsj.chicago_md:n111463	a-s---fv-
φίλα	fi/la	φῖλος	fi=los	urn:cite2:hmt:lsj.chicago_md:n111462	n-p---nn-
φίλα	fi/la	φῖλος	fi=los	urn:cite2:hmt:lsj.chicago_md:n111462	n-p---nv-
φίλα	fi/la	φῖλος	fi=los	urn:cite2:hmt:lsj.chicago_md:n111462	n-p---na-
φίλαι	fi/lai	φίλος	fi/los	urn:cite2:hmt:lsj.chicago_md:n111463	a-p---fn-
φίλαι	fi/lai	φίλος	fi/los	urn:cite2:hmt:lsj.chicago_md:n111463	a-p---fv-
φίλαι	fi/lai	φίλος	fi/los	urn:cite2:hmt:lsj.chicago_md:n111463	a-s---fd-
φίλαι	fi/lai	φιλέω	file/w	urn:cite2:hmt:lsj.chicago_md:n110979	v3saoa---
φίλη	fi/lh	φίλος	fi/los	urn:cite2:hmt:lsj.chicago_md:n111463	a-s---fn-
φίλη	fi/lh	φίλος	fi/los	urn:cite2:hmt:lsj.chicago_md:n111463	a-s---fv-
φίλη	fi/lh	φῖλος	fi=los	urn:cite2:hmt:lsj.chicago_md:n111462	n-p---nn-
φίλη	fi/lh	φῖλος	fi=los	urn:cite2:hmt:lsj.chicago_md:n111462	n-p---nv-
φίλη	fi/lh	φῖλος	fi=los	urn:cite2:hmt:lsj.chicago_md:n111462	n-p---na-
φίλη	fi/lh	φῖλος	fi=los	urn:cite2:hmt:lsj.chicago_md:n111462	n-d---nn-
φίλη	fi/lh	φῖλος	fi=los	urn:cite2:hmt:lsj.chicago_md:n111462	n-d---nv-
φίλη	fi/lh	φῖλος	fi=los	urn:cite2:hmt:lsj.chicago_md:n111462	n-d---na-
φίλη	fi/lh	φιλέω	file/w	urn:cite2:hmt:lsj.chicago_md:n110979	v2spma---
φίλη	fi/lh	φιλέω	file/w	urn:cite2:hmt:lsj.chicago_md:n110979	v3siia---
φίλοι	fi/loi	φίλος	fi/los	urn:cite2:hmt:lsj.chicago_md:n111463	a-p---mn-
φίλοι	fi/loi	φίλος	fi/los	urn:cite2:hmt:lsj.chicago_md:n111463	a-p---mv-
φίλου	fi/lou	φίλος	fi/los	urn:cite2:hmt:lsj.chicago_md:n111463	a-s---mg-
φίλου	fi/lou	φίλος	fi/los	urn:cite2:hmt:lsj.chicago_md:n111463	a-s---ng-
φίλου	fi/lou	φιλόω	filo/w	urn:cite2:hmt:lsj.chicago_md:n111619	v2spma---
φίλου	fi/lou	φιλόω	filo/w	urn:cite2:hmt:lsj.chicago_md:n111619	v3siia---
φίλτατ’	fi/ltat'	φίλτατος	fi/ltatos	urn:cite2:hmt:lsj.chicago_md:n111621	a-p---nn-
φίλτατ’	fi/ltat'	φίλτατος	fi/ltatos	urn:cite2:hmt:lsj.chicago_md:n111621	a-p---nv-
φίλτατ’	fi/ltat'	φίλτατος	fi/ltatos	urn:cite2:hmt:lsj.chicago_md:n111621	a-p---na-
φίλτατ’	fi/ltat'	φίλτατος	fi/ltatos	urn:cite2:hmt:lsj.chicago_md:n111621	a-s---mv-
φίλτατ’	fi/ltat'	φίλτατος	fi/ltatos	urn:cite2:hmt:lsj.chicago_md:n111621	a-p---fn-
φίλτατ’	fi/ltat'	φίλτατος	fi/ltatos	urn:cite2:hmt:lsj.chicago_md:n111621	a-p---fv-
φίλτροις	fi/ltrois	φίλτρον	fi/ltron	urn:cite2:hmt:lsj.chicago_md:n111627	n-p---nd-
φίλτρῳ	fi/ltrw|	φίλτρον	fi/ltron	urn:cite2:hmt:lsj.chicago_md:n111627	n-s---nd-
φίλων	fi/lwn	φίλος	fi/los	urn:cite2:hmt:lsj.chicago_md:n111463	a-p---fg-
φίλων	fi/lwn	φίλος	fi/los	urn:cite2:hmt:lsj.chicago_md:n111463	a-p---mg-
φίλων	fi/lwn	φίλος	fi/los	urn:cite2:hmt:lsj.chicago_md:n111463	a-p---ng-
φίλων	fi/lwn	φίλων	fi/lwn	urn:cite2:hmt:lsj.chicago_md:n111650	n-s---mn-
φίλων	fi/lwn	φίλων	fi/lwn	urn:cite2:hmt:lsj.chicago_md:n111650	n-s---mv-
φίλων	fi/lwn	φιλόω	filo/w	urn:cite2:hmt:lsj.chicago_md:n111619	v3piia---
φίλων	fi/lwn	φιλόω	filo/w	urn:cite2:hmt:lsj.chicago_md:n111619	v1siia---
φίλως	fi/lws	φίλος	fi/los	urn:cite2:hmt:lsj.chicago_md:n111463	x--------
φίλως	fi/lws	φίλος	fi/los	urn:cite2:hmt:lsj.chicago_md:n111463	a-p---ma-
φίλως	fi/lws	φιλόω	filo/w	urn:cite2:hmt:lsj.chicago_md:n111619	v2siia---
φόβον	fo/bon	φόβος	fo/bos	urn:cite2:hmt:lsj.chicago_md:n111908	n-s---ma-
φόβου	fo/bou	φόβος	fo/bos	urn:cite2:hmt:lsj.chicago_md:n111908	n-s---mg-
φόβῳ	fo/bw|	φόβος	fo/bos	urn:cite2:hmt:lsj.chicago_md:n111908	n-s---md-
φόρτον	fo/rton	φόρτος	fo/rtos	urn:cite2:hmt:lsj.chicago_md:n112169	n-s---ma-
φύγῃς	fu/gh|s	φεύγω	feu/gw	urn:cite2:hmt:lsj.chicago_md:n110606	v2sasa---
φύλακ’	fu/lak'	φύλαξ	fu/lac	urn:cite2:hmt:lsj.chicago_md:n112551	n-s---ma-
φύλακ’	fu/lak'	φύλαξ	fu/lac	urn:cite2:hmt:lsj.chicago_md:n112551	n-s---md-
φύλακ’	fu/lak'	φύλαξ	fu/lac	urn:cite2:hmt:lsj.chicago_md:n112551	n-d---mn-
φύλακ’	fu/lak'	φύλαξ	fu/lac	urn:cite2:hmt:lsj.chicago_md:n112551	n-d---mv-
φύλακ’	fu/lak'	φύλαξ	fu/lac	urn:cite2:hmt:lsj.chicago_md:n112551	n-d---ma-
φύλακ’	fu/lak'	φυλακός	fulako/s	urn:cite2:hmt:lsj.chicago_md:n112541	n-s---mv-
φύλασσε	fu/lasse	φυλάσσω	fula/ssw	urn:cite2:hmt:lsj.chicago_md:n112559	v2spma---
φύλασσε	fu/lasse	φυλάσσω	fula/ssw	urn:cite2:hmt:lsj.chicago_md:n112559	v3siia---
φύλασσε	fu/lasse	φυλάζω	fula/zw	urn:cite2:hmt:lsj.chicago_md:n112526	v3saia---
φύσαντες	fu/santes	φύω	fu/w	urn:cite2:hmt:lsj.chicago_md:n112794	v-papamn-
φύσαντες	fu/santes	φύω	fu/w	urn:cite2:hmt:lsj.chicago_md:n112794	v-papamv-
φύσαντες	fu/santes	φύζω	fu/zw	urn:cite2:hmt:lsj.chicago_md:n112495	v-papamn-
φύσαντες	fu/santes	φύζω	fu/zw	urn:cite2:hmt:lsj.chicago_md:n112495	v-papamv-
φύσαντος	fu/santos	φύω	fu/w	urn:cite2:hmt:lsj.chicago_md:n112794	v-sapamg-
φύσαντος	fu/santos	φύω	fu/w	urn:cite2:hmt:lsj.chicago_md:n112794	v-sapang-
φύσαντος	fu/santos	φύζω	fu/zw	urn:cite2:hmt:lsj.chicago_md:n112495	v-sapamg-
φύσαντος	fu/santos	φύζω	fu/zw	urn:cite2:hmt:lsj.chicago_md:n112495	v-sapang-
φύσιν	fu/sin	φύς	fu/s	urn:cite2:hmt:lsj.chicago_md:n112662	v-papamd-
φύσιν	fu/sin	φύσις	fu/sis	urn:cite2:hmt:lsj.chicago_md:n112720	n-s---fa-
φύσιν	fu/sin	φύω	fu/w	urn:cite2:hmt:lsj.chicago_md:n112794	v-papamd-
φύσιν	fu/sin	φύω	fu/w	urn:cite2:hmt:lsj.chicago_md:n112794	v-papand-
φῦσα	fu=sa	φύω	fu/w	urn:cite2:hmt:lsj.chicago_md:n112794	v-sapafn-
φῦσα	fu=sa	φύω	fu/w	urn:cite2:hmt:lsj.chicago_md:n112794	v-sapafv-
φῦσα	fu=sa	φύω	fu/w	urn:cite2:hmt:lsj.chicago_md:n112794	v1saia---
φῦσα	fu=sa	φῦσα	fu=sa	urn:cite2:hmt:lsj.chicago_md:n112663	n-s---fn-
φῦσα	fu=sa	φῦσα	fu=sa	urn:cite2:hmt:lsj.chicago_md:n112663	n-s---fv-
χαλεπώτατα	xalepw/tata	χαλεπός	xalepo/s	urn:cite2:hmt:lsj.chicago_md:n112989	a-------s
χαλεπώτατα	xalepw/tata	χαλεπός	xalepo/s	urn:cite2:hmt:lsj.chicago_md:n112989	a-p---nns
χαλεπώτατα	xalepw/tata	χαλεπός	xalepo/s	urn:cite2:hmt:lsj.chicago_md:n112989	a-p---nvs
χαλεπώτατα	xalepw/tata	χαλεπός	xalepo/s	urn:cite2:hmt:lsj.chicago_md:n112989	a-p---nas
χαλκέῳ	xalke/w|	χάλκεος	xa/lkeos	urn:cite2:hmt:lsj.chicago_md:n113060	a-s---md-
χαλκέῳ	xalke/w|	χάλκεος	xa/lkeos	urn:cite2:hmt:lsj.chicago_md:n113060	a-s---nd-
χαλκέῳ	xalke/w|	χάλκεος	xa/lkeos	urn:cite2:hmt:lsj.chicago_md:n113060	n-s---md-
χαλκέῳ	xalke/w|	χάλκεος	xa/lkeos	urn:cite2:hmt:lsj.chicago_md:n113060	n-s---fd-
χαλκέῳ	xalke/w|	χάλκεος	xa/lkeos	urn:cite2:hmt:lsj.chicago_md:n113060	n-s---nd-
χαλκέῳ	xalke/w|	χαλκοῦς	xalkou=s	urn:cite2:hmt:lsj.chicago_md:n113190	a-s---md-
χαλκέῳ	xalke/w|	χαλκοῦς	xalkou=s	urn:cite2:hmt:lsj.chicago_md:n113190	a-s---nd-
χαλκέῳ	xalke/w|	χαλκοῦς	xalkou=s	urn:cite2:hmt:lsj.chicago_md:n113190	n-s---md-
χαλκῆς	xalkh=s	χάλκεος	xa/lkeos	urn:cite2:hmt:lsj.chicago_md:n113060	a-s---fg-
χαλκῆς	xalkh=s	χαλκεύς	xalkeu/s	urn:cite2:hmt:lsj.chicago_md:n113067	n-p---mn-
χαλκῆς	xalkh=s	χαλκεύς	xalkeu/s	urn:cite2:hmt:lsj.chicago_md:n113067	n-p---mn-
χαλκῆς	xalkh=s	χαλκεύς	xalkeu/s	urn:cite2:hmt:lsj.chicago_md:n113067	n-p---mv-
χαλκῆς	xalkh=s	χαλκεύς	xalkeu/s	urn:cite2:hmt:lsj.chicago_md:n113067	n-p---mn-
χαλκῆς	xalkh=s	χαλκεύς	xalkeu/s	urn:cite2:hmt:lsj.chicago_md:n113067	n-p---fn-
χαλκῆς	xalkh=s	χαλκοῦς	xalkou=s	urn:cite2:hmt:lsj.chicago_md:n113190	a-s---fg-
χαμαικοιτῶν	xamaikoitw=n	χαμαικοίτης	xamaikoi/ths	urn:cite2:hmt:lsj.chicago_md:n113247	n-p---mg-
χαμαικοιτῶν	xamaikoitw=n	χαμαικοιτέω	xamaikoite/w	urn:cite2:hmt:lsj.chicago_md:n113246	v-sppamn-
χαρτόν	xarto/n	χαρτός	xarto/s	urn:cite2:hmt:lsj.chicago_md:n113453	a-s---ma-
χαρτόν	xarto/n	χαρτός	xarto/s	urn:cite2:hmt:lsj.chicago_md:n113453	a-s---nn-
χαρτόν	xarto/n	χαρτός	xarto/s	urn:cite2:hmt:lsj.chicago_md:n113453	a-s---nv-
χαρτόν	xarto/n	χαρτός	xarto/s	urn:cite2:hmt:lsj.chicago_md:n113453	a-s---na-
χαρά	xara/	χαρά	xara/	urn:cite2:hmt:lsj.chicago_md:n113328	n-d---fn-
χαρά	xara/	χαρά	xara/	urn:cite2:hmt:lsj.chicago_md:n113328	n-d---fv-
χαρά	xara/	χαρά	xara/	urn:cite2:hmt:lsj.chicago_md:n113328	n-d---fa-
χαρά	xara/	χαρά	xara/	urn:cite2:hmt:lsj.chicago_md:n113328	n-s---fn-
χαρά	xara/	χαρά	xara/	urn:cite2:hmt:lsj.chicago_md:n113328	n-s---fv-
χαράν	xara/n	χαρά	xara/	urn:cite2:hmt:lsj.chicago_md:n113328	n-s---fa-
χαίρεθ’	xai/req'	χαίρω	xai/rw	urn:cite2:hmt:lsj.chicago_md:n112934	v2ppma---
χαίρεθ’	xai/req'	χαίρω	xai/rw	urn:cite2:hmt:lsj.chicago_md:n112934	v2ppia---
χαίρεθ’	xai/req'	χαίρω	xai/rw	urn:cite2:hmt:lsj.chicago_md:n112934	v3spie---
χαίρεθ’	xai/req'	χαίρω	xai/rw	urn:cite2:hmt:lsj.chicago_md:n112934	v3siie---
χαίρεθ’	xai/req'	χαίρω	xai/rw	urn:cite2:hmt:lsj.chicago_md:n112934	v2piia---
χαίρειν	xai/rein	χαίρω	xai/rw	urn:cite2:hmt:lsj.chicago_md:n112934	v--pna---
χαίροιμ’	xai/roim'	χαίρω	xai/rw	urn:cite2:hmt:lsj.chicago_md:n112934	v1spoa---
χαίρουσα	xai/rousa	χαίρω	xai/rw	urn:cite2:hmt:lsj.chicago_md:n112934	v-sppafn-
χαίρουσα	xai/rousa	χαίρω	xai/rw	urn:cite2:hmt:lsj.chicago_md:n112934	v-sppafv-
χαίρων	xai/rwn	χαίρω	xai/rw	urn:cite2:hmt:lsj.chicago_md:n112934	v-sppamn-
χειροποιεῖται	xeiropoiei=tai	χειροποιέομαι	xeiropoie/omai	urn:cite2:hmt:lsj.chicago_md:n113670	v3spie---
χειροτέχνης	xeirote/xnhs	χειροτέχνης	xeirote/xnhs	urn:cite2:hmt:lsj.chicago_md:n113685	n-s---mn-
χειροτέχνης	xeirote/xnhs	χειροτεχνέω	xeirotexne/w	urn:cite2:hmt:lsj.chicago_md:n113683	v2siia---
χειρουμένῳ	xeiroume/nw|	χειρόω	xeiro/w	urn:cite2:hmt:lsj.chicago_md:n113709	v-sppemd-
χειρουμένῳ	xeiroume/nw|	χειρόω	xeiro/w	urn:cite2:hmt:lsj.chicago_md:n113648	v-sppemd-
χειρουμένῳ	xeiroume/nw|	χειρόω	xeiro/w	urn:cite2:hmt:lsj.chicago_md:n113709	v-sppend-
χειρουμένῳ	xeiroume/nw|	χειρόω	xeiro/w	urn:cite2:hmt:lsj.chicago_md:n113648	v-sppend-
χειρωθείς	xeirwqei/s	χειρόω	xeiro/w	urn:cite2:hmt:lsj.chicago_md:n113709	v-sappmn-
χειρωθείς	xeirwqei/s	χειρόω	xeiro/w	urn:cite2:hmt:lsj.chicago_md:n113648	v-sappmn-
χειρωθείς	xeirwqei/s	χειρόω	xeiro/w	urn:cite2:hmt:lsj.chicago_md:n113709	v-sappmv-
χειρωθείς	xeirwqei/s	χειρόω	xeiro/w	urn:cite2:hmt:lsj.chicago_md:n113648	v-sappmv-
χειρώσομαι	xeirw/somai	χειρόω	xeiro/w	urn:cite2:hmt:lsj.chicago_md:n113709	v1sasm---
χειρώσομαι	xeirw/somai	χειρόω	xeiro/w	urn:cite2:hmt:lsj.chicago_md:n113648	v1sasm---
χειρώσομαι	xeirw/somai	χειρόω	xeiro/w	urn:cite2:hmt:lsj.chicago_md:n113709	v1sfim---
χειρώσομαι	xeirw/somai	χειρόω	xeiro/w	urn:cite2:hmt:lsj.chicago_md:n113648	v1sfim---
χεροῖν	xeroi=n	χείρ	xei/r	urn:cite2:hmt:lsj.chicago_md:n113560	n-d---fg-
χεροῖν	xeroi=n	χείρ	xei/r	urn:cite2:hmt:lsj.chicago_md:n113560	n-d---fd-
χερσί	xersi/	χείρ	xei/r	urn:cite2:hmt:lsj.chicago_md:n113560	n-p---fd-
χερσίν	xersi/n	χείρ	xei/r	urn:cite2:hmt:lsj.chicago_md:n113560	n-p---fd-
χερί	xeri/	χείρ	xei/r	urn:cite2:hmt:lsj.chicago_md:n113560	n-s---fd-
χερός	xero/s	χείρ	xei/r	urn:cite2:hmt:lsj.chicago_md:n113560	n-s---fg-
χερῶν	xerw=n	χείρ	xei/r	urn:cite2:hmt:lsj.chicago_md:n113560	n-p---fg-
χείρ	xei/r	χείρ	xei/r	urn:cite2:hmt:lsj.chicago_md:n113560	n-s---fn-
χεῖρα	xei=ra	χείρ	xei/r	urn:cite2:hmt:lsj.chicago_md:n113560	n-s---fa-
χεῖρας	xei=ras	χείρ	xei/r	urn:cite2:hmt:lsj.chicago_md:n113560	n-p---fa-
χθονί	xqoni/	χθών	xqw/n	urn:cite2:hmt:lsj.chicago_md:n113963	n-s---fd-
χθονός	xqono/s	χθών	xqw/n	urn:cite2:hmt:lsj.chicago_md:n113963	n-s---fg-
χιτών	xitw/n	χιτών	xitw/n	urn:cite2:hmt:lsj.chicago_md:n114083	n-s---mn-
χιτών	xitw/n	χιτών	xitw/n	urn:cite2:hmt:lsj.chicago_md:n114083	n-s---mv-
χιτῶνα	xitw=na	χιτών	xitw/n	urn:cite2:hmt:lsj.chicago_md:n114083	n-s---ma-
χιτῶνι	xitw=ni	χιτών	xitw/n	urn:cite2:hmt:lsj.chicago_md:n114083	n-s---md-
χλαίνης	xlai/nhs	χλαῖνα	xlai=na	urn:cite2:hmt:lsj.chicago_md:n114096	n-s---fg-
χλαίνης	xlai/nhs	χλαῖνα	xlai=na	urn:cite2:hmt:lsj.chicago_md:n114096	n-s---fg-
χλωράν	xlwra/n	χλωρός	xlwro/s	urn:cite2:hmt:lsj.chicago_md:n114230	a-s---fa-
χλωρόν	xlwro/n	χλωρός	xlwro/s	urn:cite2:hmt:lsj.chicago_md:n114230	a-s---ma-
χλωρόν	xlwro/n	χλωρός	xlwro/s	urn:cite2:hmt:lsj.chicago_md:n114230	a-s---nn-
χλωρόν	xlwro/n	χλωρός	xlwro/s	urn:cite2:hmt:lsj.chicago_md:n114230	a-s---nv-
χλωρόν	xlwro/n	χλωρός	xlwro/s	urn:cite2:hmt:lsj.chicago_md:n114230	a-s---na-
χοὔτως	xou)/tws	οὕτως	ou(/tws	urn:cite2:hmt:lsj.chicago_md:n76063	d--------
χρείη	xrei/h	χρέος	xre/os	urn:cite2:hmt:lsj.chicago_md:n114587	n-p---nn-
χρείη	xrei/h	χρέος	xre/os	urn:cite2:hmt:lsj.chicago_md:n114587	n-p---nv-
χρείη	xrei/h	χρέος	xre/os	urn:cite2:hmt:lsj.chicago_md:n114587	n-p---na-
χρείη	xrei/h	χρέος	xre/os	urn:cite2:hmt:lsj.chicago_md:n114587	n-d---nn-
χρείη	xrei/h	χρέος	xre/os	urn:cite2:hmt:lsj.chicago_md:n114587	n-d---nv-
χρείη	xrei/h	χρέος	xre/os	urn:cite2:hmt:lsj.chicago_md:n114587	n-d---na-
χρείη	xrei/h	χρεία	xrei/a	urn:cite2:hmt:lsj.chicago_md:n114558	n-s---fn-
χρείη	xrei/h	χρεία	xrei/a	urn:cite2:hmt:lsj.chicago_md:n114558	n-s---fv-
χρείη	xrei/h	χρή	xrh/	urn:cite2:hmt:lsj.chicago_md:n114615	v3spoa---
χρεών	xrew/n	χρεών	xrew/n	urn:cite2:hmt:lsj.chicago_md:n114599	x--------
χρηστά	xrhsta/	χρηστός	xrhsto/s	urn:cite2:hmt:lsj.chicago_md:n114706	a-p---nn-
χρηστά	xrhsta/	χρηστός	xrhsto/s	urn:cite2:hmt:lsj.chicago_md:n114706	a-p---nv-
χρηστά	xrhsta/	χρηστός	xrhsto/s	urn:cite2:hmt:lsj.chicago_md:n114706	a-p---na-
χρηστά	xrhsta/	χρηστός	xrhsto/s	urn:cite2:hmt:lsj.chicago_md:n114706	a-d---fn-
χρηστά	xrhsta/	χρηστός	xrhsto/s	urn:cite2:hmt:lsj.chicago_md:n114706	a-d---fv-
χρηστά	xrhsta/	χρηστός	xrhsto/s	urn:cite2:hmt:lsj.chicago_md:n114706	a-d---fa-
χρηστά	xrhsta/	χρηστός	xrhsto/s	urn:cite2:hmt:lsj.chicago_md:n114706	a-s---fn-
χρηστά	xrhsta/	χρηστός	xrhsto/s	urn:cite2:hmt:lsj.chicago_md:n114706	a-s---fv-
χρηστός	xrhsto/s	χρηστός	xrhsto/s	urn:cite2:hmt:lsj.chicago_md:n114706	a-s---mn-
χροΐ	xroi+/	χρώς	xrw/s	urn:cite2:hmt:lsj.chicago_md:n115067	n-s---md-
χρυσαλακάτου	xrusalaka/tou	χρυσηλάκατος	xrushla/katos	urn:cite2:hmt:lsj.chicago_md:n114831	n-s---mg-
χρυσαλακάτου	xrusalaka/tou	χρυσηλάκατος	xrushla/katos	urn:cite2:hmt:lsj.chicago_md:n114831	n-s---fg-
χρυσαλακάτου	xrusalaka/tou	χρυσηλάκατος	xrushla/katos	urn:cite2:hmt:lsj.chicago_md:n114831	n-s---ng-
χρυσέων	xruse/wn	χρύσεος	xru/seos	urn:cite2:hmt:lsj.chicago_md:n114816	a-p---fg-
χρυσέων	xruse/wn	χρύσεος	xru/seos	urn:cite2:hmt:lsj.chicago_md:n114816	a-p---mg-
χρυσέων	xruse/wn	χρύσεος	xru/seos	urn:cite2:hmt:lsj.chicago_md:n114816	a-p---ng-
χρυσήλατος	xrush/latos	χρυσήλατος	xrush/latos	urn:cite2:hmt:lsj.chicago_md:n114832	n-s---mn-
χρυσήλατος	xrush/latos	χρυσήλατος	xrush/latos	urn:cite2:hmt:lsj.chicago_md:n114832	n-s---fn-
χρωτί	xrwti/	χρώς	xrw/s	urn:cite2:hmt:lsj.chicago_md:n115067	n-s---md-
χρή	xrh/	χρή	xrh/	urn:cite2:hmt:lsj.chicago_md:n114615	v3spia---
χρήστ’	xrh/st'	χρήστης	xrh/sths	urn:cite2:hmt:lsj.chicago_md:n114691	n-s---md-
χρίει	xri/ei	χρίω	xri/w	urn:cite2:hmt:lsj.chicago_md:n114726	v2spie---
χρίει	xri/ei	χρίω	xri/w	urn:cite2:hmt:lsj.chicago_md:n114726	v3spia---
χρόνον	xro/non	χρόνος	xro/nos	urn:cite2:hmt:lsj.chicago_md:n114753	n-s---ma-
χρόνου	xro/nou	χρόνος	xro/nos	urn:cite2:hmt:lsj.chicago_md:n114753	n-s---mg-
χρόνου	xro/nou	χρονόω	xrono/w	urn:cite2:hmt:lsj.chicago_md:n114756	v2spma---
χρόνου	xro/nou	χρονόω	xrono/w	urn:cite2:hmt:lsj.chicago_md:n114756	v3siia---
χρόνῳ	xro/nw|	χρόνος	xro/nos	urn:cite2:hmt:lsj.chicago_md:n114753	n-s---md-
χρώμενος	xrw/menos	χράομαι	xra/omai	urn:cite2:hmt:lsj.chicago_md:n114553a	v-sppemn-
χρώμενος	xrw/menos	χράομαι	xra/omai	urn:cite2:hmt:lsj.chicago_md:n114553a	v-sppemn-
χρώμενος	xrw/menos	χράω1	xra/w	urn:cite2:hmt:lsj.chicago_md:n114552	v-sppemn-
χρώμενος	xrw/menos	χράω1	xra/w	urn:cite2:hmt:lsj.chicago_md:n114553	v-sppemn-
χρώμενος	xrw/menos	χράω2	xra/w	urn:cite2:hmt:lsj.chicago_md:n114552	v-sppemn-
χρώμενος	xrw/menos	χράω2	xra/w	urn:cite2:hmt:lsj.chicago_md:n114553	v-sppemn-
χρώμενος	xrw/menos	χράω2	xra/w	urn:cite2:hmt:lsj.chicago_md:n114552	v-sppmmn-
χρώμενος	xrw/menos	χράω2	xra/w	urn:cite2:hmt:lsj.chicago_md:n114553	v-sppmmn-
χρώμενος	xrw/menos	χραύω	xrau/w	urn:cite2:hmt:lsj.chicago_md:n114551	v-sppemn-
χρῄζεις	xrh/|zeis	χρῄζω	xrh/|zw	urn:cite2:hmt:lsj.chicago_md:n114619	v2spia---
χρῄζεις	xrh/|zeis	χρῄζω	xrh/|zw	urn:cite2:hmt:lsj.chicago_md:n114620	v2spia---
χρῄζων	xrh/|zwn	χρῄζω	xrh/|zw	urn:cite2:hmt:lsj.chicago_md:n114619	v-sppamn-
χρῄζων	xrh/|zwn	χρῄζω	xrh/|zw	urn:cite2:hmt:lsj.chicago_md:n114620	v-sppamn-
χρῆμ’	xrh=m'	χρήμη	xrh/mh	urn:cite2:hmt:lsj.chicago_md:n114641	n-p---fn-
χρῆμ’	xrh=m'	χρήμη	xrh/mh	urn:cite2:hmt:lsj.chicago_md:n114641	n-p---fv-
χρῆμ’	xrh=m'	χρῆμα	xrh=ma	urn:cite2:hmt:lsj.chicago_md:n114624	n-s---nn-
χρῆμ’	xrh=m'	χρῆμα	xrh=ma	urn:cite2:hmt:lsj.chicago_md:n114624	n-s---nv-
χρῆμ’	xrh=m'	χρῆμα	xrh=ma	urn:cite2:hmt:lsj.chicago_md:n114624	n-s---na-
χρῆν	xrh=n	χράω1	xra/w	urn:cite2:hmt:lsj.chicago_md:n114552	v--pna---
χρῆν	xrh=n	χράω1	xra/w	urn:cite2:hmt:lsj.chicago_md:n114553	v--pna---
χρῆν	xrh=n	χράω2	xra/w	urn:cite2:hmt:lsj.chicago_md:n114552	v--pna---
χρῆν	xrh=n	χράω2	xra/w	urn:cite2:hmt:lsj.chicago_md:n114553	v--pna---
χρῆν	xrh=n	χράω2	xra/w	urn:cite2:hmt:lsj.chicago_md:n114552	v--pna---
χρῆν	xrh=n	χράω2	xra/w	urn:cite2:hmt:lsj.chicago_md:n114553	v--pna---
χρῆν	xrh=n	χραύω	xrau/w	urn:cite2:hmt:lsj.chicago_md:n114551	v--pna---
χρῆν	xrh=n	χρή	xrh/	urn:cite2:hmt:lsj.chicago_md:n114615	v3siia---
χρῆν	xrh=n	χρῆ	xrh=	urn:cite2:hmt:lsj.chicago_md:n114615	n-s---fa-
χρῆναί	xrh=nai/	χρή	xrh/	urn:cite2:hmt:lsj.chicago_md:n114615	v--pna---
χρῆσθαι	xrh=sqai	χράομαι	xra/omai	urn:cite2:hmt:lsj.chicago_md:n114553a	v--pne---
χρῆσθαι	xrh=sqai	χράομαι	xra/omai	urn:cite2:hmt:lsj.chicago_md:n114553a	v--pne---
χρῆσθαι	xrh=sqai	χράομαι	xra/omai	urn:cite2:hmt:lsj.chicago_md:n114553a	v--pne---
χρῆσθαι	xrh=sqai	χράω1	xra/w	urn:cite2:hmt:lsj.chicago_md:n114552	v--pne---
χρῆσθαι	xrh=sqai	χράω1	xra/w	urn:cite2:hmt:lsj.chicago_md:n114553	v--pne---
χρῆσθαι	xrh=sqai	χράω2	xra/w	urn:cite2:hmt:lsj.chicago_md:n114552	v--pne---
χρῆσθαι	xrh=sqai	χράω2	xra/w	urn:cite2:hmt:lsj.chicago_md:n114553	v--pne---
χρῆσθαι	xrh=sqai	χράω2	xra/w	urn:cite2:hmt:lsj.chicago_md:n114552	v--pne---
χρῆσθαι	xrh=sqai	χράω2	xra/w	urn:cite2:hmt:lsj.chicago_md:n114553	v--pne---
χρῆσθαι	xrh=sqai	χραύω	xrau/w	urn:cite2:hmt:lsj.chicago_md:n114551	v--pne---
χυθέντος	xuqe/ntos	χέω	xe/w	urn:cite2:hmt:lsj.chicago_md:n113864	v-sappmg-
χυθέντος	xuqe/ntos	χέω	xe/w	urn:cite2:hmt:lsj.chicago_md:n113864	v-sappng-
χωρεῖ	xwrei=	χωρέω	xwre/w	urn:cite2:hmt:lsj.chicago_md:n115201	v2spie---
χωρεῖ	xwrei=	χωρέω	xwre/w	urn:cite2:hmt:lsj.chicago_md:n115201	v3spia---
χωρεῖν	xwrei=n	χωρέω	xwre/w	urn:cite2:hmt:lsj.chicago_md:n115201	v--pna---
χωροῦσι	xwrou=si	χωρέω	xwre/w	urn:cite2:hmt:lsj.chicago_md:n115201	v-pppamd-
χωροῦσι	xwrou=si	χωρέω	xwre/w	urn:cite2:hmt:lsj.chicago_md:n115201	v-pppand-
χωροῦσι	xwrou=si	χωρέω	xwre/w	urn:cite2:hmt:lsj.chicago_md:n115201	v3ppia---
χωρήσαντά	xwrh/santa/	χωρέω	xwre/w	urn:cite2:hmt:lsj.chicago_md:n115201	v-papann-
χωρήσαντά	xwrh/santa/	χωρέω	xwre/w	urn:cite2:hmt:lsj.chicago_md:n115201	v-papanv-
χωρήσαντά	xwrh/santa/	χωρέω	xwre/w	urn:cite2:hmt:lsj.chicago_md:n115201	v-papana-
χωρήσαντά	xwrh/santa/	χωρέω	xwre/w	urn:cite2:hmt:lsj.chicago_md:n115201	v-sapama-
χωρίς	xwri/s	χωρίς	xwri/s	urn:cite2:hmt:lsj.chicago_md:n115213	d--------
χωρῶμεν	xwrw=men	χωράζω	xwra/zw	urn:cite2:hmt:lsj.chicago_md:n115194	v1pfia---
χωρῶμεν	xwrw=men	χωρέω	xwre/w	urn:cite2:hmt:lsj.chicago_md:n115201	v1ppsa---
χἀτέρας	xa)te/ras	ἅτερος	a(/teros	urn:cite2:hmt:lsj.chicago_md:n17032	a-p---fa-
χἀτέρας	xa)te/ras	ἅτερος	a(/teros	urn:cite2:hmt:lsj.chicago_md:n17032	a-s---fg-
χἀτέρας	xa)te/ras	ἕτερος	e(/teros	urn:cite2:hmt:lsj.chicago_md:n43206	a-p---fa-
χἀτέρας	xa)te/ras	ἕτερος	e(/teros	urn:cite2:hmt:lsj.chicago_md:n43206	a-s---fg-
χὠ	xw)	ὁ	o(	urn:cite2:hmt:lsj.chicago_md:n71882	l-s---mn-
χὦνπερ	xw)=nper	ὅς	o(/s	urn:cite2:hmt:lsj.chicago_md:n75512	p-p---fg-
χὦνπερ	xw)=nper	ὅς	o(/s	urn:cite2:hmt:lsj.chicago_md:n75513	p-p---fg-
χὦνπερ	xw)=nper	ὅς	o(/s	urn:cite2:hmt:lsj.chicago_md:n75512	p-p---mg-
χὦνπερ	xw)=nper	ὅς	o(/s	urn:cite2:hmt:lsj.chicago_md:n75513	p-p---mg-
χὦνπερ	xw)=nper	ὅς	o(/s	urn:cite2:hmt:lsj.chicago_md:n75512	p-p---ng-
χὦνπερ	xw)=nper	ὅς	o(/s	urn:cite2:hmt:lsj.chicago_md:n75513	p-p---ng-
χάλυβος	xa/lubos	χάλυβος	xa/lubos	urn:cite2:hmt:lsj.chicago_md:n113218	n-s---mn-
χάριν	xa/rin	χάρις	xa/ris	urn:cite2:hmt:lsj.chicago_md:n113388	d--------
χάριν	xa/rin	χάρις	xa/ris	urn:cite2:hmt:lsj.chicago_md:n113388	r--------
χάριν	xa/rin	χάρις	xa/ris	urn:cite2:hmt:lsj.chicago_md:n113388	n-s---fa-
χάρις	xa/ris	χάρις	xa/ris	urn:cite2:hmt:lsj.chicago_md:n113388	n-s---fn-
χέρες	xe/res	χείρ	xei/r	urn:cite2:hmt:lsj.chicago_md:n113560	n-p---fn-
χόλον	xo/lon	χόλος	xo/los	urn:cite2:hmt:lsj.chicago_md:n114362	n-s---ma-
χώραν	xw/ran	χώρα	xw/ra	urn:cite2:hmt:lsj.chicago_md:n115193	n-s---fa-
χώρας	xw/ras	χώρα	xw/ra	urn:cite2:hmt:lsj.chicago_md:n115193	n-p---fa-
χώρας	xw/ras	χώρα	xw/ra	urn:cite2:hmt:lsj.chicago_md:n115193	n-s---fg-
χώρει	xw/rei	χωρέω	xwre/w	urn:cite2:hmt:lsj.chicago_md:n115201	v2spma---
χώρει	xw/rei	χωρέω	xwre/w	urn:cite2:hmt:lsj.chicago_md:n115201	v3siia---
χώροισιν	xw/roisin	χῶρος	xw=ros	urn:cite2:hmt:lsj.chicago_md:n115235	n-p---md-
χώροισιν	xw/roisin	χῶρος	xw=ros	urn:cite2:hmt:lsj.chicago_md:n115236	n-p---md-
ψαύει	yau/ei	ψαύω	yau/w	urn:cite2:hmt:lsj.chicago_md:n115374	v2spie---
ψαύει	yau/ei	ψαύω	yau/w	urn:cite2:hmt:lsj.chicago_md:n115374	v3spia---
ψαύεις	yau/eis	ψαύω	yau/w	urn:cite2:hmt:lsj.chicago_md:n115374	v2spia---
ψαύσειεν	yau/seien	ψαύω	yau/w	urn:cite2:hmt:lsj.chicago_md:n115374	v3saoa---
ψαύω	yau/w	ψαύω	yau/w	urn:cite2:hmt:lsj.chicago_md:n115374	v1spsa---
ψαύω	yau/w	ψαύω	yau/w	urn:cite2:hmt:lsj.chicago_md:n115374	v1spia---
ψευδεῖ	yeudei=	ψευδής	yeudh/s	urn:cite2:hmt:lsj.chicago_md:n115471	n-d---mn-
ψευδεῖ	yeudei=	ψευδής	yeudh/s	urn:cite2:hmt:lsj.chicago_md:n115471	n-d---mv-
ψευδεῖ	yeudei=	ψευδής	yeudh/s	urn:cite2:hmt:lsj.chicago_md:n115471	n-d---ma-
ψευδεῖ	yeudei=	ψευδής	yeudh/s	urn:cite2:hmt:lsj.chicago_md:n115471	n-d---fn-
ψευδεῖ	yeudei=	ψευδής	yeudh/s	urn:cite2:hmt:lsj.chicago_md:n115471	n-d---fv-
ψευδεῖ	yeudei=	ψευδής	yeudh/s	urn:cite2:hmt:lsj.chicago_md:n115471	n-d---fa-
ψευδεῖ	yeudei=	ψευδής	yeudh/s	urn:cite2:hmt:lsj.chicago_md:n115471	n-d---nn-
ψευδεῖ	yeudei=	ψευδής	yeudh/s	urn:cite2:hmt:lsj.chicago_md:n115471	n-d---nv-
ψευδεῖ	yeudei=	ψευδής	yeudh/s	urn:cite2:hmt:lsj.chicago_md:n115471	n-d---na-
ψευδεῖ	yeudei=	ψευδής	yeudh/s	urn:cite2:hmt:lsj.chicago_md:n115471	n-s---md-
ψευδεῖ	yeudei=	ψευδής	yeudh/s	urn:cite2:hmt:lsj.chicago_md:n115471	n-s---fd-
ψευδεῖ	yeudei=	ψευδής	yeudh/s	urn:cite2:hmt:lsj.chicago_md:n115471	n-s---nd-
ψευσθήσομαι	yeusqh/somai	ψεύδω	yeu/dw	urn:cite2:hmt:lsj.chicago_md:n115586	v1sfip---
ψεύδει	yeu/dei	ψεύδω	yeu/dw	urn:cite2:hmt:lsj.chicago_md:n115586	v2spie---
ψεύδει	yeu/dei	ψεύδω	yeu/dw	urn:cite2:hmt:lsj.chicago_md:n115586	v3spia---
ψεύδει	yeu/dei	ψεῦδις	yeu=dis	urn:cite2:hmt:lsj.chicago_md:n115474	n-d---mn-
ψεύδει	yeu/dei	ψεῦδις	yeu=dis	urn:cite2:hmt:lsj.chicago_md:n115474	n-d---mv-
ψεύδει	yeu/dei	ψεῦδις	yeu=dis	urn:cite2:hmt:lsj.chicago_md:n115474	n-d---ma-
ψεύδει	yeu/dei	ψεῦδις	yeu=dis	urn:cite2:hmt:lsj.chicago_md:n115474	n-d---fn-
ψεύδει	yeu/dei	ψεῦδις	yeu=dis	urn:cite2:hmt:lsj.chicago_md:n115474	n-d---fv-
ψεύδει	yeu/dei	ψεῦδις	yeu=dis	urn:cite2:hmt:lsj.chicago_md:n115474	n-d---fa-
ψεύδει	yeu/dei	ψεῦδις	yeu=dis	urn:cite2:hmt:lsj.chicago_md:n115474	n-s---md-
ψεύδει	yeu/dei	ψεῦδις	yeu=dis	urn:cite2:hmt:lsj.chicago_md:n115474	n-s---fd-
ψεύδει	yeu/dei	ψεῦδις	yeu=dis	urn:cite2:hmt:lsj.chicago_md:n115474	n-s---md-
ψεύδει	yeu/dei	ψεῦδις	yeu=dis	urn:cite2:hmt:lsj.chicago_md:n115474	n-s---fd-
ψεύδει	yeu/dei	ψεῦδος	yeu=dos	urn:cite2:hmt:lsj.chicago_md:n115563	n-d---nn-
ψεύδει	yeu/dei	ψεῦδος	yeu=dos	urn:cite2:hmt:lsj.chicago_md:n115563	n-d---nv-
ψεύδει	yeu/dei	ψεῦδος	yeu=dos	urn:cite2:hmt:lsj.chicago_md:n115563	n-d---na-
ψεύδει	yeu/dei	ψεῦδος	yeu=dos	urn:cite2:hmt:lsj.chicago_md:n115563	n-s---nd-
ψεύδει	yeu/dei	ψεῦδος	yeu=dos	urn:cite2:hmt:lsj.chicago_md:n115563	n-s---nd-
ψυχή	yuxh/	ψυχή	yuxh/	urn:cite2:hmt:lsj.chicago_md:n115887	n-s---fn-
ψυχή	yuxh/	ψυχή	yuxh/	urn:cite2:hmt:lsj.chicago_md:n115887	n-s---fv-
ψῇ	yh=|	ψάω	ya/w	urn:cite2:hmt:lsj.chicago_md:n115388	v2spse---
ψῇ	yh=|	ψάω	ya/w	urn:cite2:hmt:lsj.chicago_md:n115388	v2spie---
ψῇ	yh=|	ψάω	ya/w	urn:cite2:hmt:lsj.chicago_md:n115388	v3spsa---
ψῇ	yh=|	ψάω	ya/w	urn:cite2:hmt:lsj.chicago_md:n115388	v3spia---
ψῇ	yh=|	ψέω	ye/w	urn:cite2:hmt:lsj.chicago_md:n115607	v2spse---
ψῇ	yh=|	ψέω	ye/w	urn:cite2:hmt:lsj.chicago_md:n115607	v2spie---
ψῇ	yh=|	ψέω	ye/w	urn:cite2:hmt:lsj.chicago_md:n115607	v3spsa---
ἀγαθάν	a)gaqa/n	ἀγαθός	a)gaqo/s	urn:cite2:hmt:lsj.chicago_md:n260	a-s---fa-
ἀγακλειτόν	a)gakleito/n	ἀγακλειτός	a)gakleito/s	urn:cite2:hmt:lsj.chicago_md:n278	a-s---ma-
ἀγακλειτόν	a)gakleito/n	ἀγακλειτός	a)gakleito/s	urn:cite2:hmt:lsj.chicago_md:n278	a-s---nn-
ἀγακλειτόν	a)gakleito/n	ἀγακλειτός	a)gakleito/s	urn:cite2:hmt:lsj.chicago_md:n278	a-s---nv-
ἀγακλειτόν	a)gakleito/n	ἀγακλειτός	a)gakleito/s	urn:cite2:hmt:lsj.chicago_md:n278	a-s---na-
ἀγγείλας	a)ggei/las	ἀγγέλλω	a)gge/llw	urn:cite2:hmt:lsj.chicago_md:n395	v-sapamn-
ἀγγείλας	a)ggei/las	ἀγγέλλω	a)gge/llw	urn:cite2:hmt:lsj.chicago_md:n395	v-sapamv-
ἀγγέλλειν	a)gge/llein	ἀγγέλλω	a)gge/llw	urn:cite2:hmt:lsj.chicago_md:n395	v--pna---
ἀγγέλλεται	a)gge/lletai	ἀγγέλλω	a)gge/llw	urn:cite2:hmt:lsj.chicago_md:n395	v3spie---
ἀγγέλων	a)gge/lwn	ἄγγελος	a)/ggelos	urn:cite2:hmt:lsj.chicago_md:n397	n-p---mg-
ἀγγέλων	a)gge/lwn	ἄγγελος	a)/ggelos	urn:cite2:hmt:lsj.chicago_md:n397	n-p---fg-
ἀγγέλων	a)gge/lwn	ἀναγελάω	a)nagela/w	urn:cite2:hmt:lsj.chicago_md:n6315	v3piia---
ἀγγέλων	a)gge/lwn	ἀναγελάω	a)nagela/w	urn:cite2:hmt:lsj.chicago_md:n6315	v1siia---
ἀγεννήτων	a)gennh/twn	ἀγέννητος	a)ge/nnhtos	urn:cite2:hmt:lsj.chicago_md:n460	a-p---fg-
ἀγεννήτων	a)gennh/twn	ἀγέννητος	a)ge/nnhtos	urn:cite2:hmt:lsj.chicago_md:n460	a-p---mg-
ἀγεννήτων	a)gennh/twn	ἀγέννητος	a)ge/nnhtos	urn:cite2:hmt:lsj.chicago_md:n460	a-p---ng-
ἀγεννήτων	a)gennh/twn	ἀγέννητος	a)ge/nnhtos	urn:cite2:hmt:lsj.chicago_md:n460	n-p---mg-
ἀγεννήτων	a)gennh/twn	ἀγέννητος	a)ge/nnhtos	urn:cite2:hmt:lsj.chicago_md:n460	n-p---fg-
ἀγεννήτων	a)gennh/twn	ἀγέννητος	a)ge/nnhtos	urn:cite2:hmt:lsj.chicago_md:n460	n-p---ng-
ἀγνοία	a)gnoi/a	ἄγνοια	a)/gnoia	urn:cite2:hmt:lsj.chicago_md:n722	n-d---fn-
ἀγνοία	a)gnoi/a	ἄγνοια	a)/gnoia	urn:cite2:hmt:lsj.chicago_md:n722	n-d---fv-
ἀγνοία	a)gnoi/a	ἄγνοια	a)/gnoia	urn:cite2:hmt:lsj.chicago_md:n722	n-d---fa-
ἀγνοία	a)gnoi/a	ἄγνοια	a)/gnoia	urn:cite2:hmt:lsj.chicago_md:n722	n-d---fn-
ἀγνοία	a)gnoi/a	ἄγνοια	a)/gnoia	urn:cite2:hmt:lsj.chicago_md:n722	n-d---fv-
ἀγνοία	a)gnoi/a	ἄγνοια	a)/gnoia	urn:cite2:hmt:lsj.chicago_md:n722	n-d---fa-
ἀγνοία	a)gnoi/a	ἄγνοια	a)/gnoia	urn:cite2:hmt:lsj.chicago_md:n722	n-s---fn-
ἀγνοία	a)gnoi/a	ἄγνοια	a)/gnoia	urn:cite2:hmt:lsj.chicago_md:n722	n-s---fv-
ἀγνοίας	a)gnoi/as	ἄγνοια	a)/gnoia	urn:cite2:hmt:lsj.chicago_md:n722	n-p---fa-
ἀγνοίας	a)gnoi/as	ἄγνοια	a)/gnoia	urn:cite2:hmt:lsj.chicago_md:n722	n-s---fg-
ἀγνοίας	a)gnoi/as	ἄγνοια	a)/gnoia	urn:cite2:hmt:lsj.chicago_md:n722	n-p---fa-
ἀγνοίας	a)gnoi/as	ἄγνοια	a)/gnoia	urn:cite2:hmt:lsj.chicago_md:n722	n-s---fg-
ἀγνοῶ	a)gnow=	ἀγνοέω	a)gnoe/w	urn:cite2:hmt:lsj.chicago_md:n715	v1spsa---
ἀγνοῶ	a)gnow=	ἀγνοέω	a)gnoe/w	urn:cite2:hmt:lsj.chicago_md:n715	v1spia---
ἀγνωμοσύνην	a)gnwmosu/nhn	ἀγνωμοσύνη	a)gnwmosu/nh	urn:cite2:hmt:lsj.chicago_md:n741	n-s---fa-
ἀγνώμονα	a)gnw/mona	ἀγνώμων	a)gnw/mwn	urn:cite2:hmt:lsj.chicago_md:n742	n-p---nn-
ἀγνώμονα	a)gnw/mona	ἀγνώμων	a)gnw/mwn	urn:cite2:hmt:lsj.chicago_md:n742	n-p---nv-
ἀγνώμονα	a)gnw/mona	ἀγνώμων	a)gnw/mwn	urn:cite2:hmt:lsj.chicago_md:n742	n-p---na-
ἀγνώμονα	a)gnw/mona	ἀγνώμων	a)gnw/mwn	urn:cite2:hmt:lsj.chicago_md:n742	n-s---ma-
ἀγνώμονα	a)gnw/mona	ἀγνώμων	a)gnw/mwn	urn:cite2:hmt:lsj.chicago_md:n742	n-s---fa-
ἀγοραί	a)gorai/	ἀγορά	a)gora/	urn:cite2:hmt:lsj.chicago_md:n761	n-p---fn-
ἀγοραί	a)gorai/	ἀγορά	a)gora/	urn:cite2:hmt:lsj.chicago_md:n761	n-p---fv-
ἀγορᾷ	a)gora=|	ἀγορά	a)gora/	urn:cite2:hmt:lsj.chicago_md:n761	n-s---fd-
ἀγορᾷ	a)gora=|	ἀγοράομαι	a)gora/omai	urn:cite2:hmt:lsj.chicago_md:n770	v2spsm---
ἀγορᾷ	a)gora=|	ἀγοράομαι	a)gora/omai	urn:cite2:hmt:lsj.chicago_md:n770	v2spim---
ἀγορᾷ	a)gora=|	ἀγοράζω	a)gora/zw	urn:cite2:hmt:lsj.chicago_md:n762	v2sfim---
ἀγορᾷ	a)gora=|	ἀγοράζω	a)gora/zw	urn:cite2:hmt:lsj.chicago_md:n762	v3sfia---
ἀγρίαν	a)gri/an	ἄγριος	a)/grios	urn:cite2:hmt:lsj.chicago_md:n892	a-s---fa-
ἀγρίαν	a)gri/an	ἀγρία	a)gri/a	urn:cite2:hmt:lsj.chicago_md:n842	n-s---fa-
ἀγρίαν	a)gri/an	ἀγριάω	a)gria/w	urn:cite2:hmt:lsj.chicago_md:n849	v3piia---
ἀγρίαν	a)gri/an	ἀγριάω	a)gria/w	urn:cite2:hmt:lsj.chicago_md:n849	v1siia---
ἀγρίαν	a)gri/an	ἀγριάω	a)gria/w	urn:cite2:hmt:lsj.chicago_md:n849	v3piia---
ἀγρίαν	a)gri/an	ἀγριάω	a)gria/w	urn:cite2:hmt:lsj.chicago_md:n849	v1siia---
ἀγχιστῆρα	a)gxisth=ra	ἀγχιστήρ	a)gxisth/r	urn:cite2:hmt:lsj.chicago_md:n1047	n-s---ma-
ἀγχοῦ	a)gxou=	ἀγχοῦ	a)gxou=	urn:cite2:hmt:lsj.chicago_md:n1072	d--------
ἀγχοῦ	a)gxou=	ἀναχώννυμι	a)naxw/nnumi	urn:cite2:hmt:lsj.chicago_md:n7830	v2spme---
ἀγχοῦ	a)gxou=	ἀναχώννυμι	a)naxw/nnumi	urn:cite2:hmt:lsj.chicago_md:n7830	v2siie---
ἀγένητον	a)ge/nhton	ἀγένητος	a)ge/nhtos	urn:cite2:hmt:lsj.chicago_md:n456	n-s---ma-
ἀγένητον	a)ge/nhton	ἀγένητος	a)ge/nhtos	urn:cite2:hmt:lsj.chicago_md:n456	n-s---fa-
ἀγένητον	a)ge/nhton	ἀγένητος	a)ge/nhtos	urn:cite2:hmt:lsj.chicago_md:n456	n-s---nn-
ἀγένητον	a)ge/nhton	ἀγένητος	a)ge/nhtos	urn:cite2:hmt:lsj.chicago_md:n456	n-s---nv-
ἀγένητον	a)ge/nhton	ἀγένητος	a)ge/nhtos	urn:cite2:hmt:lsj.chicago_md:n456	n-s---na-
ἀγύμναστόν	a)gu/mnasto/n	ἀγύμναστος	a)gu/mnastos	urn:cite2:hmt:lsj.chicago_md:n977	n-s---ma-
ἀγύμναστόν	a)gu/mnasto/n	ἀγύμναστος	a)gu/mnastos	urn:cite2:hmt:lsj.chicago_md:n977	n-s---fa-
ἀγύμναστόν	a)gu/mnasto/n	ἀγύμναστος	a)gu/mnastos	urn:cite2:hmt:lsj.chicago_md:n977	n-s---nn-
ἀγύμναστόν	a)gu/mnasto/n	ἀγύμναστος	a)gu/mnastos	urn:cite2:hmt:lsj.chicago_md:n977	n-s---nv-
ἀγύμναστόν	a)gu/mnasto/n	ἀγύμναστος	a)gu/mnastos	urn:cite2:hmt:lsj.chicago_md:n977	n-s---na-
ἀγών	a)gw/n	ἀγών	a)gw/n	urn:cite2:hmt:lsj.chicago_md:n1093	n-s---mn-
ἀγών	a)gw/n	ἀγών	a)gw/n	urn:cite2:hmt:lsj.chicago_md:n1093	n-s---mv-
ἀγώνιος	a)gw/nios	ἀγώνιος	a)gw/nios	urn:cite2:hmt:lsj.chicago_md:n1100	n-s---mn-
ἀγώνιος	a)gw/nios	ἀγώνιος	a)gw/nios	urn:cite2:hmt:lsj.chicago_md:n1101	n-s---mn-
ἀγώνιος	a)gw/nios	ἀγώνιος	a)gw/nios	urn:cite2:hmt:lsj.chicago_md:n1100	n-s---fn-
ἀγώνιος	a)gw/nios	ἀγώνιος	a)gw/nios	urn:cite2:hmt:lsj.chicago_md:n1101	n-s---fn-
ἀγώνων	a)gw/nwn	ἄγωνος	a)/gwnos	urn:cite2:hmt:lsj.chicago_md:n1118	n-p---mg-
ἀγώνων	a)gw/nwn	ἄγωνος	a)/gwnos	urn:cite2:hmt:lsj.chicago_md:n1119	n-p---mg-
ἀγώνων	a)gw/nwn	ἄγωνος	a)/gwnos	urn:cite2:hmt:lsj.chicago_md:n1118	n-p---fg-
ἀγώνων	a)gw/nwn	ἄγωνος	a)/gwnos	urn:cite2:hmt:lsj.chicago_md:n1119	n-p---fg-
ἀγώνων	a)gw/nwn	ἄγωνος	a)/gwnos	urn:cite2:hmt:lsj.chicago_md:n1118	n-p---ng-
ἀγώνων	a)gw/nwn	ἄγωνος	a)/gwnos	urn:cite2:hmt:lsj.chicago_md:n1119	n-p---ng-
ἀγώνων	a)gw/nwn	ἀγών	a)gw/n	urn:cite2:hmt:lsj.chicago_md:n1093	n-p---mg-
ἀγῶνα	a)gw=na	ἀγών	a)gw/n	urn:cite2:hmt:lsj.chicago_md:n1093	n-s---ma-
ἀγῶνας	a)gw=nas	ἀγών	a)gw/n	urn:cite2:hmt:lsj.chicago_md:n1093	n-p---ma-
ἀδαγμός	a)dagmo/s	ὀδαγμός	o)dagmo/s	urn:cite2:hmt:lsj.chicago_md:n71999	n-s---mn-
ἀδακρύτων	a)dakru/twn	ἀδάκρυτος	a)da/krutos	urn:cite2:hmt:lsj.chicago_md:n1138	n-p---mg-
ἀδακρύτων	a)dakru/twn	ἀδάκρυτος	a)da/krutos	urn:cite2:hmt:lsj.chicago_md:n1138	n-p---fg-
ἀδακρύτων	a)dakru/twn	ἀδάκρυτος	a)da/krutos	urn:cite2:hmt:lsj.chicago_md:n1138	n-p---ng-
ἀδικώτατοι	a)dikw/tatoi	ἄδικος	a)/dikos	urn:cite2:hmt:lsj.chicago_md:n1397	a-p---mns
ἀδικώτατοι	a)dikw/tatoi	ἄδικος	a)/dikos	urn:cite2:hmt:lsj.chicago_md:n1397	a-p---mvs
ἀδινῶν	a)dinw=n	ἀδινός	a)dino/s	urn:cite2:hmt:lsj.chicago_md:n1401	a-p---fg-
ἀδινῶν	a)dinw=n	ἀδινός	a)dino/s	urn:cite2:hmt:lsj.chicago_md:n1401	a-p---mg-
ἀδινῶν	a)dinw=n	ἀδινός	a)dino/s	urn:cite2:hmt:lsj.chicago_md:n1401	a-p---ng-
ἀεκούσιον	a)ekou/sion	ἀεκούσιος	a)ekou/sios	urn:cite2:hmt:lsj.chicago_md:n1665	a-s---ma-
ἀεκούσιον	a)ekou/sion	ἀεκούσιος	a)ekou/sios	urn:cite2:hmt:lsj.chicago_md:n1665	a-s---nn-
ἀεκούσιον	a)ekou/sion	ἀεκούσιος	a)ekou/sios	urn:cite2:hmt:lsj.chicago_md:n1665	a-s---nv-
ἀεκούσιον	a)ekou/sion	ἀεκούσιος	a)ekou/sios	urn:cite2:hmt:lsj.chicago_md:n1665	a-s---na-
ἀεκούσιον	a)ekou/sion	ἀεκούσιος	a)ekou/sios	urn:cite2:hmt:lsj.chicago_md:n1665	n-s---ma-
ἀεκούσιον	a)ekou/sion	ἀεκούσιος	a)ekou/sios	urn:cite2:hmt:lsj.chicago_md:n1665	n-s---fa-
ἀεκούσιον	a)ekou/sion	ἀεκούσιος	a)ekou/sios	urn:cite2:hmt:lsj.chicago_md:n1665	n-s---nn-
ἀεκούσιον	a)ekou/sion	ἀεκούσιος	a)ekou/sios	urn:cite2:hmt:lsj.chicago_md:n1665	n-s---nv-
ἀεκούσιον	a)ekou/sion	ἀεκούσιος	a)ekou/sios	urn:cite2:hmt:lsj.chicago_md:n1665	n-s---na-
ἀεί	a)ei/	ἀεί	a)ei/	urn:cite2:hmt:lsj.chicago_md:n1564	d--------
ἀείρομαι	a)ei/romai	ἀείρω	a)ei/rw	urn:cite2:hmt:lsj.chicago_md:n1640	v1sasm---
ἀείρομαι	a)ei/romai	ἀείρω	a)ei/rw	urn:cite2:hmt:lsj.chicago_md:n1640	v1spie---
ἀηδών	a)hdw/n	ἀηδών	a)hdw/n	urn:cite2:hmt:lsj.chicago_md:n1863	n-s---fn-
ἀηδών	a)hdw/n	ἀηδών	a)hdw/n	urn:cite2:hmt:lsj.chicago_md:n1863	n-s---fv-
ἀθυμῶ	a)qumw=	ἀθυμέω	a)qume/w	urn:cite2:hmt:lsj.chicago_md:n2066	v1spsa---
ἀθυμῶ	a)qumw=	ἀθυμέω	a)qume/w	urn:cite2:hmt:lsj.chicago_md:n2066	v1spia---
ἀθυμῶ	a)qumw=	ἀθυμόω	a)qumo/w	urn:cite2:hmt:lsj.chicago_md:n2072	v1spsa---
ἀθυμῶ	a)qumw=	ἀθυμόω	a)qumo/w	urn:cite2:hmt:lsj.chicago_md:n2072	v1spia---
ἀκινήτου	a)kinh/tou	ἀκίνητος	a)ki/nhtos	urn:cite2:hmt:lsj.chicago_md:n3182	a-s---mg-
ἀκινήτου	a)kinh/tou	ἀκίνητος	a)ki/nhtos	urn:cite2:hmt:lsj.chicago_md:n3182	a-s---ng-
ἀκινήτου	a)kinh/tou	ἀκίνητος	a)ki/nhtos	urn:cite2:hmt:lsj.chicago_md:n3182	n-s---mg-
ἀκινήτου	a)kinh/tou	ἀκίνητος	a)ki/nhtos	urn:cite2:hmt:lsj.chicago_md:n3182	n-s---fg-
ἀκινήτου	a)kinh/tou	ἀκίνητος	a)ki/nhtos	urn:cite2:hmt:lsj.chicago_md:n3182	n-s---ng-
ἀκοίταν	a)koi/tan	ἀκοίτης	a)koi/ths	urn:cite2:hmt:lsj.chicago_md:n3273	n-s---ma-
ἀκτάν	a)kta/n	ἀκτή	a)kth/	urn:cite2:hmt:lsj.chicago_md:n3727	n-s---fa-
ἀκτάν	a)kta/n	ἀκτή	a)kth/	urn:cite2:hmt:lsj.chicago_md:n3728	n-s---fa-
ἀκτή	a)kth/	ἀκτή	a)kth/	urn:cite2:hmt:lsj.chicago_md:n3727	n-s---fn-
ἀκτή	a)kth/	ἀκτή	a)kth/	urn:cite2:hmt:lsj.chicago_md:n3728	n-s---fn-
ἀκτή	a)kth/	ἀκτή	a)kth/	urn:cite2:hmt:lsj.chicago_md:n3727	n-s---fv-
ἀκτή	a)kth/	ἀκτή	a)kth/	urn:cite2:hmt:lsj.chicago_md:n3728	n-s---fv-
ἀκτίς	a)kti/s	ἀκτίς	a)kti/s	urn:cite2:hmt:lsj.chicago_md:n3751	n-s---fn-
ἀκτίς	a)kti/s	ἀκτίς	a)kti/s	urn:cite2:hmt:lsj.chicago_md:n3751	n-s---fv-
ἀκτῖνός	a)kti=no/s	ἀκτίς	a)kti/s	urn:cite2:hmt:lsj.chicago_md:n3751	n-s---fg-
ἀκτῖν’	a)kti=n'	ἀκτίς	a)kti/s	urn:cite2:hmt:lsj.chicago_md:n3751	n-s---fa-
ἀκτῖν’	a)kti=n'	ἀκτίς	a)kti/s	urn:cite2:hmt:lsj.chicago_md:n3751	n-s---fd-
ἀκτῖν’	a)kti=n'	ἀκτίς	a)kti/s	urn:cite2:hmt:lsj.chicago_md:n3751	n-d---fn-
ἀκτῖν’	a)kti=n'	ἀκτίς	a)kti/s	urn:cite2:hmt:lsj.chicago_md:n3751	n-d---fv-
ἀκτῖν’	a)kti=n'	ἀκτίς	a)kti/s	urn:cite2:hmt:lsj.chicago_md:n3751	n-d---fa-
ἀκάμαντος	a)ka/mantos	ἀκάμας	a)ka/mas	urn:cite2:hmt:lsj.chicago_md:n2885	a-s---mg-
ἀκάμαντος	a)ka/mantos	ἀκάμας	a)ka/mas	urn:cite2:hmt:lsj.chicago_md:n2885	a-s---ng-
ἀκήκοας	a)kh/koas	ἀκούω	a)kou/w	urn:cite2:hmt:lsj.chicago_md:n3398	v2sria---
ἀκήλητον	a)kh/lhton	ἀκήλητος	a)kh/lhtos	urn:cite2:hmt:lsj.chicago_md:n3142	n-s---ma-
ἀκήλητον	a)kh/lhton	ἀκήλητος	a)kh/lhtos	urn:cite2:hmt:lsj.chicago_md:n3142	n-s---fa-
ἀκήλητον	a)kh/lhton	ἀκήλητος	a)kh/lhtos	urn:cite2:hmt:lsj.chicago_md:n3142	n-s---nn-
ἀκήλητον	a)kh/lhton	ἀκήλητος	a)kh/lhtos	urn:cite2:hmt:lsj.chicago_md:n3142	n-s---nv-
ἀκήλητον	a)kh/lhton	ἀκήλητος	a)kh/lhtos	urn:cite2:hmt:lsj.chicago_md:n3142	n-s---na-
ἀκήρυκτος	a)kh/ruktos	ἀκήρυκτος	a)kh/ruktos	urn:cite2:hmt:lsj.chicago_md:n3156	n-s---mn-
ἀκήρυκτος	a)kh/ruktos	ἀκήρυκτος	a)kh/ruktos	urn:cite2:hmt:lsj.chicago_md:n3156	n-s---fn-
ἀλαλαγαῖς	a)lalagai=s	ἀλαλαγή	a)lalagh/	urn:cite2:hmt:lsj.chicago_md:n3838	n-p---fd-
ἀλαμπές	a)lampe/s	ἀλαμπής	a)lamph/s	urn:cite2:hmt:lsj.chicago_md:n3861	n-s---mv-
ἀλαμπές	a)lampe/s	ἀλαμπής	a)lamph/s	urn:cite2:hmt:lsj.chicago_md:n3861	n-s---fv-
ἀλαμπές	a)lampe/s	ἀλαμπής	a)lamph/s	urn:cite2:hmt:lsj.chicago_md:n3861	n-s---nn-
ἀλαμπές	a)lampe/s	ἀλαμπής	a)lamph/s	urn:cite2:hmt:lsj.chicago_md:n3861	n-s---nv-
ἀλαμπές	a)lampe/s	ἀλαμπής	a)lamph/s	urn:cite2:hmt:lsj.chicago_md:n3861	n-s---na-
ἀλαστόρων	a)lasto/rwn	ἀλάστορος	a)la/storos	urn:cite2:hmt:lsj.chicago_md:n3875	n-p---mg-
ἀλαστόρων	a)lasto/rwn	ἀλάστορος	a)la/storos	urn:cite2:hmt:lsj.chicago_md:n3875	n-p---fg-
ἀλαστόρων	a)lasto/rwn	ἀλάστορος	a)la/storos	urn:cite2:hmt:lsj.chicago_md:n3875	n-p---ng-
ἀλαστόρων	a)lasto/rwn	ἀλάστωρ	a)la/stwr	urn:cite2:hmt:lsj.chicago_md:n3877	n-p---mg-
ἀλγεῖς	a)lgei=s	ἀλγέω	a)lge/w	urn:cite2:hmt:lsj.chicago_md:n3895	v2spia---
ἀλγύνειεν	a)lgu/neien	ἀλγύνω	a)lgu/nw	urn:cite2:hmt:lsj.chicago_md:n3906	v3saoa---
ἀλγύνοιμι	a)lgu/noimi	ἀλγύνω	a)lgu/nw	urn:cite2:hmt:lsj.chicago_md:n3906	v1spoa---
ἀληθείας	a)lhqei/as	ἀλήθεια	a)lh/qeia	urn:cite2:hmt:lsj.chicago_md:n4071	n-p---fa-
ἀληθείας	a)lhqei/as	ἀλήθεια	a)lh/qeia	urn:cite2:hmt:lsj.chicago_md:n4071	n-s---fg-
ἀληθείας	a)lhqei/as	ἀλήθεια	a)lh/qeia	urn:cite2:hmt:lsj.chicago_md:n4071	n-p---fa-
ἀληθείας	a)lhqei/as	ἀλήθεια	a)lh/qeia	urn:cite2:hmt:lsj.chicago_md:n4071	n-s---fg-
ἀλλά	a)lla/	ἀλλά	a)lla/	urn:cite2:hmt:lsj.chicago_md:n4357	d--------
ἀλλήκτοις	a)llh/ktois	ἄλληκτος	a)/llhktos	urn:cite2:hmt:lsj.chicago_md:n4395	n-p---md-
ἀλλήκτοις	a)llh/ktois	ἄλληκτος	a)/llhktos	urn:cite2:hmt:lsj.chicago_md:n4396	n-p---md-
ἀλλήκτοις	a)llh/ktois	ἄλληκτος	a)/llhktos	urn:cite2:hmt:lsj.chicago_md:n4395	n-p---fd-
ἀλλήκτοις	a)llh/ktois	ἄλληκτος	a)/llhktos	urn:cite2:hmt:lsj.chicago_md:n4396	n-p---fd-
ἀλλήκτοις	a)llh/ktois	ἄλληκτος	a)/llhktos	urn:cite2:hmt:lsj.chicago_md:n4395	n-p---nd-
ἀλλήκτοις	a)llh/ktois	ἄλληκτος	a)/llhktos	urn:cite2:hmt:lsj.chicago_md:n4396	n-p---nd-
ἀλλόθρου	a)llo/qrou	ἀλλόθροος	a)llo/qroos	urn:cite2:hmt:lsj.chicago_md:n4457	n-s---mg-
ἀλλόθρου	a)llo/qrou	ἀλλόθροος	a)llo/qroos	urn:cite2:hmt:lsj.chicago_md:n4457	n-s---fg-
ἀλλόθρου	a)llo/qrou	ἀλλόθροος	a)llo/qroos	urn:cite2:hmt:lsj.chicago_md:n4457	n-s---ng-
ἀλυπήτῳ	a)luph/tw|	ἀλύπητος	a)lu/phtos	urn:cite2:hmt:lsj.chicago_md:n4712	n-s---md-
ἀλυπήτῳ	a)luph/tw|	ἀλύπητος	a)lu/phtos	urn:cite2:hmt:lsj.chicago_md:n4712	n-s---fd-
ἀλυπήτῳ	a)luph/tw|	ἀλύπητος	a)lu/phtos	urn:cite2:hmt:lsj.chicago_md:n4712	n-s---nd-
ἀλωμένας	a)lwme/nas	ἀλάομαι	a)la/omai	urn:cite2:hmt:lsj.chicago_md:n3864	v-pppefa-
ἀλωμένας	a)lwme/nas	ἀλάομαι	a)la/omai	urn:cite2:hmt:lsj.chicago_md:n3864	v-sppefg-
ἀλωμένας	a)lwme/nas	ἀλόω	a)lo/w	urn:cite2:hmt:lsj.chicago_md:n4668	v-pppefa-
ἀλωμένας	a)lwme/nas	ἀλόω	a)lo/w	urn:cite2:hmt:lsj.chicago_md:n4668	v-sppefg-
ἀλωμένας	a)lwme/nas	ἀλόω	a)lo/w	urn:cite2:hmt:lsj.chicago_md:n4668	v-prpefa-
ἀλωμένας	a)lwme/nas	ἀλόω	a)lo/w	urn:cite2:hmt:lsj.chicago_md:n4668	v-srpefg-
ἀλάστορα	a)la/stora	ἀλάστορος	a)la/storos	urn:cite2:hmt:lsj.chicago_md:n3875	n-p---nn-
ἀλάστορα	a)la/stora	ἀλάστορος	a)la/storos	urn:cite2:hmt:lsj.chicago_md:n3875	n-p---nv-
ἀλάστορα	a)la/stora	ἀλάστορος	a)la/storos	urn:cite2:hmt:lsj.chicago_md:n3875	n-p---na-
ἀλάστορα	a)la/stora	ἀλάστωρ	a)la/stwr	urn:cite2:hmt:lsj.chicago_md:n3877	n-s---ma-
ἀλήθειαν	a)lh/qeian	ἀλήθεια	a)lh/qeia	urn:cite2:hmt:lsj.chicago_md:n4071	n-s---fa-
ἀμείψας	a)mei/yas	ἀμείβω	a)mei/bw	urn:cite2:hmt:lsj.chicago_md:n5103	v-sapamn-
ἀμείψας	a)mei/yas	ἀμείβω	a)mei/bw	urn:cite2:hmt:lsj.chicago_md:n5103	v-sapamv-
ἀμείψασθαί	a)mei/yasqai/	ἀμείβω	a)mei/bw	urn:cite2:hmt:lsj.chicago_md:n5103	v--anm---
ἀμμείνασ’	a)mmei/nas'	ἀναμένω	a)name/nw	urn:cite2:hmt:lsj.chicago_md:n6983	v-sapafn-
ἀμμείνασ’	a)mmei/nas'	ἀναμένω	a)name/nw	urn:cite2:hmt:lsj.chicago_md:n6983	v-sapafv-
ἀμμείνασ’	a)mmei/nas'	ἀναμένω	a)name/nw	urn:cite2:hmt:lsj.chicago_md:n6983	v-papamd-
ἀμμείνασ’	a)mmei/nas'	ἀναμένω	a)name/nw	urn:cite2:hmt:lsj.chicago_md:n6983	v-papand-
ἀμμείνασ’	a)mmei/nas'	ἀναμένω	a)name/nw	urn:cite2:hmt:lsj.chicago_md:n6983	v-papafn-
ἀμμείνασ’	a)mmei/nas'	ἀναμένω	a)name/nw	urn:cite2:hmt:lsj.chicago_md:n6983	v-papafv-
ἀμμένει	a)mme/nei	ἀναμένω	a)name/nw	urn:cite2:hmt:lsj.chicago_md:n6983	v2spie---
ἀμμένει	a)mme/nei	ἀναμένω	a)name/nw	urn:cite2:hmt:lsj.chicago_md:n6983	v3spia---
ἀμμένουσαι	a)mme/nousai	ἀναμένω	a)name/nw	urn:cite2:hmt:lsj.chicago_md:n6983	v-pppafn-
ἀμμένουσαι	a)mme/nousai	ἀναμένω	a)name/nw	urn:cite2:hmt:lsj.chicago_md:n6983	v-pppafv-
ἀμπέλου	a)mpe/lou	ἄμπελος	a)/mpelos	urn:cite2:hmt:lsj.chicago_md:n5496	n-s---fg-
ἀμφιδύσεται	a)mfidu/setai	ἀμφιδύω	a)mfidu/w	urn:cite2:hmt:lsj.chicago_md:n5808	v3sasm---
ἀμφιδύσεται	a)mfidu/setai	ἀμφιδύω	a)mfidu/w	urn:cite2:hmt:lsj.chicago_md:n5808	v3sfim---
ἀμφινεικῆ	a)mfineikh=	ἀμφινεικής	a)mfineikh/s	urn:cite2:hmt:lsj.chicago_md:n5959	n-p---nn-
ἀμφινεικῆ	a)mfineikh=	ἀμφινεικής	a)mfineikh/s	urn:cite2:hmt:lsj.chicago_md:n5959	n-p---nv-
ἀμφινεικῆ	a)mfineikh=	ἀμφινεικής	a)mfineikh/s	urn:cite2:hmt:lsj.chicago_md:n5959	n-p---na-
ἀμφινεικῆ	a)mfineikh=	ἀμφινεικής	a)mfineikh/s	urn:cite2:hmt:lsj.chicago_md:n5959	n-d---mn-
ἀμφινεικῆ	a)mfineikh=	ἀμφινεικής	a)mfineikh/s	urn:cite2:hmt:lsj.chicago_md:n5959	n-d---mv-
ἀμφινεικῆ	a)mfineikh=	ἀμφινεικής	a)mfineikh/s	urn:cite2:hmt:lsj.chicago_md:n5959	n-d---ma-
ἀμφινεικῆ	a)mfineikh=	ἀμφινεικής	a)mfineikh/s	urn:cite2:hmt:lsj.chicago_md:n5959	n-d---fn-
ἀμφινεικῆ	a)mfineikh=	ἀμφινεικής	a)mfineikh/s	urn:cite2:hmt:lsj.chicago_md:n5959	n-d---fv-
ἀμφινεικῆ	a)mfineikh=	ἀμφινεικής	a)mfineikh/s	urn:cite2:hmt:lsj.chicago_md:n5959	n-d---fa-
ἀμφινεικῆ	a)mfineikh=	ἀμφινεικής	a)mfineikh/s	urn:cite2:hmt:lsj.chicago_md:n5959	n-d---nn-
ἀμφινεικῆ	a)mfineikh=	ἀμφινεικής	a)mfineikh/s	urn:cite2:hmt:lsj.chicago_md:n5959	n-d---nv-
ἀμφινεικῆ	a)mfineikh=	ἀμφινεικής	a)mfineikh/s	urn:cite2:hmt:lsj.chicago_md:n5959	n-d---na-
ἀμφινεικῆ	a)mfineikh=	ἀμφινεικής	a)mfineikh/s	urn:cite2:hmt:lsj.chicago_md:n5959	n-s---ma-
ἀμφινεικῆ	a)mfineikh=	ἀμφινεικής	a)mfineikh/s	urn:cite2:hmt:lsj.chicago_md:n5959	n-s---fa-
ἀμφινείκητον	a)mfinei/khton	ἀμφινείκητος	a)mfinei/khtos	urn:cite2:hmt:lsj.chicago_md:n5960	n-s---ma-
ἀμφινείκητον	a)mfinei/khton	ἀμφινείκητος	a)mfinei/khtos	urn:cite2:hmt:lsj.chicago_md:n5960	n-s---fa-
ἀμφινείκητον	a)mfinei/khton	ἀμφινείκητος	a)mfinei/khtos	urn:cite2:hmt:lsj.chicago_md:n5960	n-s---nn-
ἀμφινείκητον	a)mfinei/khton	ἀμφινείκητος	a)mfinei/khtos	urn:cite2:hmt:lsj.chicago_md:n5960	n-s---nv-
ἀμφινείκητον	a)mfinei/khton	ἀμφινείκητος	a)mfinei/khtos	urn:cite2:hmt:lsj.chicago_md:n5960	n-s---na-
ἀμφινείκητον	a)mfinei/khton	ἀμφινεικής	a)mfineikh/s	urn:cite2:hmt:lsj.chicago_md:n5959	n-s---ma-
ἀμφινείκητον	a)mfinei/khton	ἀμφινεικής	a)mfineikh/s	urn:cite2:hmt:lsj.chicago_md:n5959	n-s---fa-
ἀμφινείκητον	a)mfinei/khton	ἀμφινεικής	a)mfineikh/s	urn:cite2:hmt:lsj.chicago_md:n5959	n-s---nn-
ἀμφινείκητον	a)mfinei/khton	ἀμφινεικής	a)mfineikh/s	urn:cite2:hmt:lsj.chicago_md:n5959	n-s---nv-
ἀμφινείκητον	a)mfinei/khton	ἀμφινεικής	a)mfineikh/s	urn:cite2:hmt:lsj.chicago_md:n5959	n-s---na-
ἀμφιπλῆγι	a)mfiplh=gi	ἀμφιπλήξ	a)mfiplh/c	urn:cite2:hmt:lsj.chicago_md:n6016	n-s---md-
ἀμφιπλῆγι	a)mfiplh=gi	ἀμφιπλήξ	a)mfiplh/c	urn:cite2:hmt:lsj.chicago_md:n6016	n-s---fd-
ἀμφιπίπτων	a)mfipi/ptwn	ἀμφιπίπτω	a)mfipi/ptw	urn:cite2:hmt:lsj.chicago_md:n6007	v-sppamn-
ἀμφοῖν	a)mfoi=n	ἄμφω	a)/mfw	urn:cite2:hmt:lsj.chicago_md:n6184	n-d---mg-
ἀμφοῖν	a)mfoi=n	ἄμφω	a)/mfw	urn:cite2:hmt:lsj.chicago_md:n6184	n-d---md-
ἀμφοῖν	a)mfoi=n	ἄμφω	a)/mfw	urn:cite2:hmt:lsj.chicago_md:n6184	n-d---fg-
ἀμφοῖν	a)mfoi=n	ἄμφω	a)/mfw	urn:cite2:hmt:lsj.chicago_md:n6184	n-d---fd-
ἀμφοῖν	a)mfoi=n	ἄμφω	a)/mfw	urn:cite2:hmt:lsj.chicago_md:n6184	n-d---ng-
ἀμφοῖν	a)mfoi=n	ἄμφω	a)/mfw	urn:cite2:hmt:lsj.chicago_md:n6184	n-d---nd-
ἀμφί	a)mfi/	ἀμφί	a)mfi/	urn:cite2:hmt:lsj.chicago_md:n5704	r--------
ἀμφίβληστρον	a)mfi/blhstron	ἀμφίβληστρον	a)mfi/blhstron	urn:cite2:hmt:lsj.chicago_md:n5727	n-s---nn-
ἀμφίβληστρον	a)mfi/blhstron	ἀμφίβληστρον	a)mfi/blhstron	urn:cite2:hmt:lsj.chicago_md:n5727	n-s---nv-
ἀμφίβληστρον	a)mfi/blhstron	ἀμφίβληστρον	a)mfi/blhstron	urn:cite2:hmt:lsj.chicago_md:n5727	n-s---na-
ἀμφίγυοι	a)mfi/guoi	ἀμφίγυος	a)mfi/guos	urn:cite2:hmt:lsj.chicago_md:n5757	n-p---mn-
ἀμφίγυοι	a)mfi/guoi	ἀμφίγυος	a)mfi/guos	urn:cite2:hmt:lsj.chicago_md:n5757	n-p---mv-
ἀμφίγυοι	a)mfi/guoi	ἀμφίγυος	a)mfi/guos	urn:cite2:hmt:lsj.chicago_md:n5757	n-p---fn-
ἀμφίγυοι	a)mfi/guoi	ἀμφίγυος	a)mfi/guos	urn:cite2:hmt:lsj.chicago_md:n5757	n-p---fv-
ἀμφίθρεπτον	a)mfi/qrepton	ἀμφίθρεπτος	a)mfi/qreptos	urn:cite2:hmt:lsj.chicago_md:n5853	n-s---ma-
ἀμφίθρεπτον	a)mfi/qrepton	ἀμφίθρεπτος	a)mfi/qreptos	urn:cite2:hmt:lsj.chicago_md:n5853	n-s---fa-
ἀμφίθρεπτον	a)mfi/qrepton	ἀμφίθρεπτος	a)mfi/qreptos	urn:cite2:hmt:lsj.chicago_md:n5853	n-s---nn-
ἀμφίθρεπτον	a)mfi/qrepton	ἀμφίθρεπτος	a)mfi/qreptos	urn:cite2:hmt:lsj.chicago_md:n5853	n-s---nv-
ἀμφίθρεπτον	a)mfi/qrepton	ἀμφίθρεπτος	a)mfi/qreptos	urn:cite2:hmt:lsj.chicago_md:n5853	n-s---na-
ἀμφίκλυστον	a)mfi/kluston	ἀμφίκλυστος	a)mfi/klustos	urn:cite2:hmt:lsj.chicago_md:n5883	n-s---ma-
ἀμφίκλυστον	a)mfi/kluston	ἀμφίκλυστος	a)mfi/klustos	urn:cite2:hmt:lsj.chicago_md:n5883	n-s---fa-
ἀμφίκλυστον	a)mfi/kluston	ἀμφίκλυστος	a)mfi/klustos	urn:cite2:hmt:lsj.chicago_md:n5883	n-s---nn-
ἀμφίκλυστον	a)mfi/kluston	ἀμφίκλυστος	a)mfi/klustos	urn:cite2:hmt:lsj.chicago_md:n5883	n-s---nv-
ἀμφίκλυστον	a)mfi/kluston	ἀμφίκλυστος	a)mfi/klustos	urn:cite2:hmt:lsj.chicago_md:n5883	n-s---na-
ἀμφίκλυστος	a)mfi/klustos	ἀμφίκλυστος	a)mfi/klustos	urn:cite2:hmt:lsj.chicago_md:n5883	n-s---mn-
ἀμφίκλυστος	a)mfi/klustos	ἀμφίκλυστος	a)mfi/klustos	urn:cite2:hmt:lsj.chicago_md:n5883	n-s---fn-
ἀμφίπλεκτοι	a)mfi/plektoi	ἀμφίπλεκτος	a)mfi/plektos	urn:cite2:hmt:lsj.chicago_md:n6010	n-p---mn-
ἀμφίπλεκτοι	a)mfi/plektoi	ἀμφίπλεκτος	a)mfi/plektos	urn:cite2:hmt:lsj.chicago_md:n6010	n-p---mv-
ἀμφίπλεκτοι	a)mfi/plektoi	ἀμφίπλεκτος	a)mfi/plektos	urn:cite2:hmt:lsj.chicago_md:n6010	n-p---fn-
ἀμφίπλεκτοι	a)mfi/plektoi	ἀμφίπλεκτος	a)mfi/plektos	urn:cite2:hmt:lsj.chicago_md:n6010	n-p---fv-
ἀμφίπολος	a)mfi/polos	ἀμφίπολος	a)mfi/polos	urn:cite2:hmt:lsj.chicago_md:n6028	n-s---mn-
ἀμφίπολος	a)mfi/polos	ἀμφίπολος	a)mfi/polos	urn:cite2:hmt:lsj.chicago_md:n6028	n-s---fn-
ἀμφίπυρον	a)mfi/puron	ἀμφίπυρος	a)mfi/puros	urn:cite2:hmt:lsj.chicago_md:n6042	n-s---ma-
ἀμφίπυρον	a)mfi/puron	ἀμφίπυρος	a)mfi/puros	urn:cite2:hmt:lsj.chicago_md:n6042	n-s---fa-
ἀμφίπυρον	a)mfi/puron	ἀμφίπυρος	a)mfi/puros	urn:cite2:hmt:lsj.chicago_md:n6042	n-s---nn-
ἀμφίπυρον	a)mfi/puron	ἀμφίπυρος	a)mfi/puros	urn:cite2:hmt:lsj.chicago_md:n6042	n-s---nv-
ἀμφίπυρον	a)mfi/puron	ἀμφίπυρος	a)mfi/puros	urn:cite2:hmt:lsj.chicago_md:n6042	n-s---na-
ἀναγκαίως	a)nagkai/ws	ἀναγκαῖος	a)nagkai=os	urn:cite2:hmt:lsj.chicago_md:n6330	x--------
ἀναγκαίως	a)nagkai/ws	ἀναγκαῖος	a)nagkai=os	urn:cite2:hmt:lsj.chicago_md:n6330	a-p---ma-
ἀναγκαίως	a)nagkai/ws	ἀναγκαῖος	a)nagkai=os	urn:cite2:hmt:lsj.chicago_md:n6330	x--------
ἀναγκαίως	a)nagkai/ws	ἀναγκαῖος	a)nagkai=os	urn:cite2:hmt:lsj.chicago_md:n6330	n-p---ma-
ἀναγκαίως	a)nagkai/ws	ἀναγκαῖος	a)nagkai=os	urn:cite2:hmt:lsj.chicago_md:n6330	n-p---fa-
ἀναδοχάν	a)nadoxa/n	ἀναδοχή	a)nadoxh/	urn:cite2:hmt:lsj.chicago_md:n6474	n-s---fa-
ἀναζέουσι	a)naze/ousi	ἀναζάω	a)naza/w	urn:cite2:hmt:lsj.chicago_md:n6494	v-pppamd-
ἀναζέουσι	a)naze/ousi	ἀναζάω	a)naza/w	urn:cite2:hmt:lsj.chicago_md:n6494	v-pppand-
ἀναζέουσι	a)naze/ousi	ἀναζάω	a)naza/w	urn:cite2:hmt:lsj.chicago_md:n6494	v3ppia---
ἀναζέουσι	a)naze/ousi	ἀναζέω	a)naze/w	urn:cite2:hmt:lsj.chicago_md:n6500	v-pppamd-
ἀναζέουσι	a)naze/ousi	ἀναζέω	a)naze/w	urn:cite2:hmt:lsj.chicago_md:n6500	v-pppand-
ἀναζέουσι	a)naze/ousi	ἀναζέω	a)naze/w	urn:cite2:hmt:lsj.chicago_md:n6500	v3ppia---
ἀναζέουσι	a)naze/ousi	ἀναζέω	a)naze/w	urn:cite2:hmt:lsj.chicago_md:n6500	v-pppamd-
ἀναζέουσι	a)naze/ousi	ἀναζέω	a)naze/w	urn:cite2:hmt:lsj.chicago_md:n6500	v-pppand-
ἀναζέουσι	a)naze/ousi	ἀναζέω	a)naze/w	urn:cite2:hmt:lsj.chicago_md:n6500	v3ppia---
ἀνακαλουμένη	a)nakaloume/nh	ἀνακαλέω	a)nakale/w	urn:cite2:hmt:lsj.chicago_md:n6661	v-sppefn-
ἀνακαλουμένη	a)nakaloume/nh	ἀνακαλέω	a)nakale/w	urn:cite2:hmt:lsj.chicago_md:n6661	v-sppefv-
ἀνακαλουμένη	a)nakaloume/nh	ἀνακαλέω	a)nakale/w	urn:cite2:hmt:lsj.chicago_md:n6661	v-sfpmfn-
ἀνακαλουμένη	a)nakaloume/nh	ἀνακαλέω	a)nakale/w	urn:cite2:hmt:lsj.chicago_md:n6661	v-sfpmfv-
ἀνακαλουμένη	a)nakaloume/nh	ἀνακαλέω	a)nakale/w	urn:cite2:hmt:lsj.chicago_md:n6661	v-sppefn-
ἀνακαλουμένη	a)nakaloume/nh	ἀνακαλέω	a)nakale/w	urn:cite2:hmt:lsj.chicago_md:n6661	v-sppefv-
ἀνακινῆσαι	a)nakinh=sai	ἀνακινέω	a)nakine/w	urn:cite2:hmt:lsj.chicago_md:n6707	v--ana---
ἀνακινῆσαι	a)nakinh=sai	ἀνακινέω	a)nakine/w	urn:cite2:hmt:lsj.chicago_md:n6707	v--ana---
ἀναμπλάκητον	a)nampla/khton	ἀναμπλάκητος	a)nampla/khtos	urn:cite2:hmt:lsj.chicago_md:n7032	n-s---ma-
ἀναμπλάκητον	a)nampla/khton	ἀναμπλάκητος	a)nampla/khtos	urn:cite2:hmt:lsj.chicago_md:n7032	n-s---fa-
ἀναμπλάκητον	a)nampla/khton	ἀναμπλάκητος	a)nampla/khtos	urn:cite2:hmt:lsj.chicago_md:n7032	n-s---nn-
ἀναμπλάκητον	a)nampla/khton	ἀναμπλάκητος	a)nampla/khtos	urn:cite2:hmt:lsj.chicago_md:n7032	n-s---nv-
ἀναμπλάκητον	a)nampla/khton	ἀναμπλάκητος	a)nampla/khtos	urn:cite2:hmt:lsj.chicago_md:n7032	n-s---na-
ἀνανδρώτοισι	a)nandrw/toisi	ἀνάνδρωτος	a)na/ndrwtos	urn:cite2:hmt:lsj.chicago_md:n7052	n-p---md-
ἀνανδρώτοισι	a)nandrw/toisi	ἀνάνδρωτος	a)na/ndrwtos	urn:cite2:hmt:lsj.chicago_md:n7052	n-p---fd-
ἀνανδρώτοισι	a)nandrw/toisi	ἀνάνδρωτος	a)na/ndrwtos	urn:cite2:hmt:lsj.chicago_md:n7052	n-p---nd-
ἀναρσίαν	a)narsi/an	ἀνάρσιος	a)na/rsios	urn:cite2:hmt:lsj.chicago_md:n7425	a-s---fa-
ἀναρσίων	a)narsi/wn	ἀνάρσιος	a)na/rsios	urn:cite2:hmt:lsj.chicago_md:n7425	a-p---fg-
ἀναρσίων	a)narsi/wn	ἀνάρσιος	a)na/rsios	urn:cite2:hmt:lsj.chicago_md:n7425	a-p---mg-
ἀναρσίων	a)narsi/wn	ἀνάρσιος	a)na/rsios	urn:cite2:hmt:lsj.chicago_md:n7425	a-p---ng-
ἀναρσίων	a)narsi/wn	ἀνάρσιος	a)na/rsios	urn:cite2:hmt:lsj.chicago_md:n7425	n-p---mg-
ἀναρσίων	a)narsi/wn	ἀνάρσιος	a)na/rsios	urn:cite2:hmt:lsj.chicago_md:n7425	n-p---fg-
ἀναρσίων	a)narsi/wn	ἀνάρσιος	a)na/rsios	urn:cite2:hmt:lsj.chicago_md:n7425	n-p---ng-
ἀναστένων	a)naste/nwn	ἀναστένω	a)naste/nw	urn:cite2:hmt:lsj.chicago_md:n7533	v-sppamn-
ἀνασχετόν	a)nasxeto/n	ἀνασχετός	a)nasxeto/s	urn:cite2:hmt:lsj.chicago_md:n7591	n-s---ma-
ἀνασχετόν	a)nasxeto/n	ἀνασχετός	a)nasxeto/s	urn:cite2:hmt:lsj.chicago_md:n7591	n-s---fa-
ἀνασχετόν	a)nasxeto/n	ἀνασχετός	a)nasxeto/s	urn:cite2:hmt:lsj.chicago_md:n7591	n-s---nn-
ἀνασχετόν	a)nasxeto/n	ἀνασχετός	a)nasxeto/s	urn:cite2:hmt:lsj.chicago_md:n7591	n-s---nv-
ἀνασχετόν	a)nasxeto/n	ἀνασχετός	a)nasxeto/s	urn:cite2:hmt:lsj.chicago_md:n7591	n-s---na-
ἀνασχόν	a)nasxo/n	ἀνέχω	a)ne/xw	urn:cite2:hmt:lsj.chicago_md:n8575	v-sapamv-
ἀνασχόν	a)nasxo/n	ἀνέχω	a)ne/xw	urn:cite2:hmt:lsj.chicago_md:n8575	v-sapann-
ἀνασχόν	a)nasxo/n	ἀνέχω	a)ne/xw	urn:cite2:hmt:lsj.chicago_md:n8575	v-sapanv-
ἀνασχόν	a)nasxo/n	ἀνέχω	a)ne/xw	urn:cite2:hmt:lsj.chicago_md:n8575	v-sapana-
ἀναταράσσει	a)natara/ssei	ἀναταράσσω	a)natara/ssw	urn:cite2:hmt:lsj.chicago_md:n7604	v2spie---
ἀναταράσσει	a)natara/ssei	ἀναταράσσω	a)natara/ssw	urn:cite2:hmt:lsj.chicago_md:n7604	v3spia---
ἀναταράσσει	a)natara/ssei	ἀναταράσσω	a)natara/ssw	urn:cite2:hmt:lsj.chicago_md:n7604	v2spie---
ἀναταράσσει	a)natara/ssei	ἀναταράσσω	a)natara/ssw	urn:cite2:hmt:lsj.chicago_md:n7604	v3spia---
ἀνατέτροφας	a)nate/trofas	ἀνατρέφω	a)natre/fw	urn:cite2:hmt:lsj.chicago_md:n7648	v2sria---
ἀνατέτροφας	a)nate/trofas	ἀνατρέπω	a)natre/pw	urn:cite2:hmt:lsj.chicago_md:n7647	v2sria---
ἀναύδατος	a)nau/datos	ἀναύδητος	a)nau/dhtos	urn:cite2:hmt:lsj.chicago_md:n7687	n-s---mn-
ἀναύδατος	a)nau/datos	ἀναύδητος	a)nau/dhtos	urn:cite2:hmt:lsj.chicago_md:n7687	n-s---fn-
ἀνδρείῳ	a)ndrei/w|	ἀνδρεῖος	a)ndrei=os	urn:cite2:hmt:lsj.chicago_md:n7915	a-s---md-
ἀνδρείῳ	a)ndrei/w|	ἀνδρεῖος	a)ndrei=os	urn:cite2:hmt:lsj.chicago_md:n7915	a-s---nd-
ἀνδρί	a)ndri/	ἀνδρίς	a)ndri/s	urn:cite2:hmt:lsj.chicago_md:n7949	n-s---fv-
ἀνδρί	a)ndri/	ἀνήρ	a)nh/r	urn:cite2:hmt:lsj.chicago_md:n8665	n-s---md-
ἀνδρός	a)ndro/s	ἀνήρ	a)nh/r	urn:cite2:hmt:lsj.chicago_md:n8665	n-s---mg-
ἀνδρῶν	a)ndrw=n	ἀνδρόω	a)ndro/w	urn:cite2:hmt:lsj.chicago_md:n8045	v-sppamv-
ἀνδρῶν	a)ndrw=n	ἀνδρόω	a)ndro/w	urn:cite2:hmt:lsj.chicago_md:n8045	v-sppann-
ἀνδρῶν	a)ndrw=n	ἀνδρόω	a)ndro/w	urn:cite2:hmt:lsj.chicago_md:n8045	v-sppanv-
ἀνδρῶν	a)ndrw=n	ἀνδρόω	a)ndro/w	urn:cite2:hmt:lsj.chicago_md:n8045	v-sppana-
ἀνδρῶν	a)ndrw=n	ἀνδρόω	a)ndro/w	urn:cite2:hmt:lsj.chicago_md:n8045	v-sppamn-
ἀνδρῶν	a)ndrw=n	ἀνδρόω	a)ndro/w	urn:cite2:hmt:lsj.chicago_md:n8045	v--pna---
ἀνδρῶν	a)ndrw=n	ἀνήρ	a)nh/r	urn:cite2:hmt:lsj.chicago_md:n8665	n-p---mg-
ἀνειλόμην	a)neilo/mhn	ἀναιρέω	a)naire/w	urn:cite2:hmt:lsj.chicago_md:n6616	v1saim---
ἀνειλόμην	a)neilo/mhn	ἀνειλέω	a)neile/w	urn:cite2:hmt:lsj.chicago_md:n8096	v1siie---
ἀνεμόεσσά	a)nemo/essa/	ἠνεμόεις	h)nemo/eis	urn:cite2:hmt:lsj.chicago_md:n47397	n-s---fn-
ἀνεμόεσσά	a)nemo/essa/	ἠνεμόεις	h)nemo/eis	urn:cite2:hmt:lsj.chicago_md:n47397	n-s---fv-
ἀνηυφήμησεν	a)nhufh/mhsen	ἀνευφημέω	a)neufhme/w	urn:cite2:hmt:lsj.chicago_md:n8557	v3saia---
ἀνθρώποισι	a)nqrw/poisi	ἄνθρωπος	a)/nqrwpos	urn:cite2:hmt:lsj.chicago_md:n8909	n-p---md-
ἀνθρώπων	a)nqrw/pwn	ἄνθρωπος	a)/nqrwpos	urn:cite2:hmt:lsj.chicago_md:n8909	n-p---mg-
ἀνθρώπῳ	a)nqrw/pw|	ἄνθρωπος	a)/nqrwpos	urn:cite2:hmt:lsj.chicago_md:n8909	n-s---md-
ἀνθήψατο	a)nqh/yato	ἀνθάπτομαι	a)nqa/ptomai	urn:cite2:hmt:lsj.chicago_md:n8695	v3saim---
ἀνιστόρουν	a)nisto/roun	ἀνιστορέω	a)nistore/w	urn:cite2:hmt:lsj.chicago_md:n9083	v3piia---
ἀνιστόρουν	a)nisto/roun	ἀνιστορέω	a)nistore/w	urn:cite2:hmt:lsj.chicago_md:n9083	v1siia---
ἀνιστόρουν	a)nisto/roun	ἀνιστορέω	a)nistore/w	urn:cite2:hmt:lsj.chicago_md:n9083	v3piia---
ἀνιστόρουν	a)nisto/roun	ἀνιστορέω	a)nistore/w	urn:cite2:hmt:lsj.chicago_md:n9083	v1siia---
ἀνιστόρουν	a)nisto/roun	ἀνιστορέω	a)nistore/w	urn:cite2:hmt:lsj.chicago_md:n9083	v3piia---
ἀνιστόρουν	a)nisto/roun	ἀνιστορέω	a)nistore/w	urn:cite2:hmt:lsj.chicago_md:n9083	v1siia---
ἀνιστόρουν	a)nisto/roun	ἀνιστορέω	a)nistore/w	urn:cite2:hmt:lsj.chicago_md:n9083	v3piia---
ἀνιστόρουν	a)nisto/roun	ἀνιστορέω	a)nistore/w	urn:cite2:hmt:lsj.chicago_md:n9083	v1siia---
ἀνολολυξάτω	a)nololuca/tw	ἀνολολύζω	a)nololu/zw	urn:cite2:hmt:lsj.chicago_md:n9200	v3sama---
ἀνολολυξάτω	a)nololuca/tw	ἀνολολύζω	a)nololu/zw	urn:cite2:hmt:lsj.chicago_md:n9200	v3sama---
ἀντανίσταται	a)ntani/statai	ἀντανίστημι	a)ntani/sthmi	urn:cite2:hmt:lsj.chicago_md:n9459	v3spie---
ἀντειρήσεται	a)nteirh/setai	ἀντερῶ	a)nterw=	urn:cite2:hmt:lsj.chicago_md:n9728	v3sfim---
ἀντιφωνῆσαι	a)ntifwnh=sai	ἀντιφωνέω	a)ntifwne/w	urn:cite2:hmt:lsj.chicago_md:n10684	v--ana---
ἀντιφωνῆσαι	a)ntifwnh=sai	ἀντιφωνέω	a)ntifwne/w	urn:cite2:hmt:lsj.chicago_md:n10684	v--ana---
ἀντέπεμψε	a)nte/pemye	ἀντιπέμπω	a)ntipe/mpw	urn:cite2:hmt:lsj.chicago_md:n10319	v3saia---
ἀντί	a)nti/	ἀντί	a)nti/	urn:cite2:hmt:lsj.chicago_md:n9778	r--------
ἀντία	a)nti/a	ἀντίον	a)nti/on	urn:cite2:hmt:lsj.chicago_md:n10223	n-p---nn-
ἀντία	a)nti/a	ἀντίον	a)nti/on	urn:cite2:hmt:lsj.chicago_md:n10224	n-p---nn-
ἀντία	a)nti/a	ἀντίον	a)nti/on	urn:cite2:hmt:lsj.chicago_md:n10223	n-p---nv-
ἀντία	a)nti/a	ἀντίον	a)nti/on	urn:cite2:hmt:lsj.chicago_md:n10224	n-p---nv-
ἀντία	a)nti/a	ἀντίον	a)nti/on	urn:cite2:hmt:lsj.chicago_md:n10223	n-p---na-
ἀντία	a)nti/a	ἀντίον	a)nti/on	urn:cite2:hmt:lsj.chicago_md:n10224	n-p---na-
ἀντία	a)nti/a	ἀντίος	a)nti/os	urn:cite2:hmt:lsj.chicago_md:n10226	a-p---nn-
ἀντία	a)nti/a	ἀντίος	a)nti/os	urn:cite2:hmt:lsj.chicago_md:n10226	a-p---nv-
ἀντία	a)nti/a	ἀντίος	a)nti/os	urn:cite2:hmt:lsj.chicago_md:n10226	a-p---na-
ἀντία	a)nti/a	ἀντίος	a)nti/os	urn:cite2:hmt:lsj.chicago_md:n10226	a-d---fn-
ἀντία	a)nti/a	ἀντίος	a)nti/os	urn:cite2:hmt:lsj.chicago_md:n10226	a-d---fv-
ἀντία	a)nti/a	ἀντίος	a)nti/os	urn:cite2:hmt:lsj.chicago_md:n10226	a-d---fa-
ἀντία	a)nti/a	ἀντίος	a)nti/os	urn:cite2:hmt:lsj.chicago_md:n10226	a-s---fn-
ἀντία	a)nti/a	ἀντίος	a)nti/os	urn:cite2:hmt:lsj.chicago_md:n10226	a-s---fv-
ἀντία	a)nti/a	ἀντιάω	a)ntia/w	urn:cite2:hmt:lsj.chicago_md:n9787	v3siia---
ἀντία	a)nti/a	ἀντιάω	a)ntia/w	urn:cite2:hmt:lsj.chicago_md:n9787	v2spma---
ἀντία	a)nti/a	ἀντιάω	a)ntia/w	urn:cite2:hmt:lsj.chicago_md:n9787	v3siia---
ἀντίλυρον	a)nti/luron	ἀντίλυρος	a)nti/luros	urn:cite2:hmt:lsj.chicago_md:n10120	n-s---ma-
ἀντίλυρον	a)nti/luron	ἀντίλυρος	a)nti/luros	urn:cite2:hmt:lsj.chicago_md:n10120	n-s---fa-
ἀντίλυρον	a)nti/luron	ἀντίλυρος	a)nti/luros	urn:cite2:hmt:lsj.chicago_md:n10120	n-s---nn-
ἀντίλυρον	a)nti/luron	ἀντίλυρος	a)nti/luros	urn:cite2:hmt:lsj.chicago_md:n10120	n-s---nv-
ἀντίλυρον	a)nti/luron	ἀντίλυρος	a)nti/luros	urn:cite2:hmt:lsj.chicago_md:n10120	n-s---na-
ἀντίον	a)nti/on	ἀντάω	a)nta/w	urn:cite2:hmt:lsj.chicago_md:n9533	v-sppamv-
ἀντίον	a)nti/on	ἀντάω	a)nta/w	urn:cite2:hmt:lsj.chicago_md:n9533	v-sppann-
ἀντίον	a)nti/on	ἀντάω	a)nta/w	urn:cite2:hmt:lsj.chicago_md:n9533	v-sppanv-
ἀντίον	a)nti/on	ἀντάω	a)nta/w	urn:cite2:hmt:lsj.chicago_md:n9533	v-sppana-
ἀντίον	a)nti/on	ἀντίον	a)nti/on	urn:cite2:hmt:lsj.chicago_md:n10223	n-s---nn-
ἀντίον	a)nti/on	ἀντίον	a)nti/on	urn:cite2:hmt:lsj.chicago_md:n10224	n-s---nn-
ἀντίον	a)nti/on	ἀντίον	a)nti/on	urn:cite2:hmt:lsj.chicago_md:n10223	n-s---nv-
ἀντίον	a)nti/on	ἀντίον	a)nti/on	urn:cite2:hmt:lsj.chicago_md:n10224	n-s---nv-
ἀντίον	a)nti/on	ἀντίον	a)nti/on	urn:cite2:hmt:lsj.chicago_md:n10223	n-s---na-
ἀντίον	a)nti/on	ἀντίον	a)nti/on	urn:cite2:hmt:lsj.chicago_md:n10224	n-s---na-
ἀντίον	a)nti/on	ἀντίος	a)nti/os	urn:cite2:hmt:lsj.chicago_md:n10226	a-s---ma-
ἀντίον	a)nti/on	ἀντίος	a)nti/os	urn:cite2:hmt:lsj.chicago_md:n10226	a-s---nn-
ἀντίον	a)nti/on	ἀντίος	a)nti/os	urn:cite2:hmt:lsj.chicago_md:n10226	a-s---nv-
ἀντίον	a)nti/on	ἀντίος	a)nti/os	urn:cite2:hmt:lsj.chicago_md:n10226	a-s---na-
ἀντίπρῳρα	a)nti/prw|ra	ἀντίπρῳρος	a)nti/prw|ros	urn:cite2:hmt:lsj.chicago_md:n10443	n-p---nn-
ἀντίπρῳρα	a)nti/prw|ra	ἀντίπρῳρος	a)nti/prw|ros	urn:cite2:hmt:lsj.chicago_md:n10443	n-p---nv-
ἀντίπρῳρα	a)nti/prw|ra	ἀντίπρῳρος	a)nti/prw|ros	urn:cite2:hmt:lsj.chicago_md:n10443	n-p---na-
ἀντίσπαστος	a)nti/spastos	ἀντίσπαστος	a)nti/spastos	urn:cite2:hmt:lsj.chicago_md:n10499	n-s---mn-
ἀντίσπαστος	a)nti/spastos	ἀντίσπαστος	a)nti/spastos	urn:cite2:hmt:lsj.chicago_md:n10499	n-s---fn-
ἀντῴη	a)ntw/|h	ἀντάω	a)nta/w	urn:cite2:hmt:lsj.chicago_md:n9533	v3spoa---
ἀνάγετ’	a)na/get'	ἀνάγω	a)na/gw	urn:cite2:hmt:lsj.chicago_md:n6396	v3siie---
ἀνάγετ’	a)na/get'	ἀνάγω	a)na/gw	urn:cite2:hmt:lsj.chicago_md:n6396	v2piia---
ἀνάγετ’	a)na/get'	ἀνάγω	a)na/gw	urn:cite2:hmt:lsj.chicago_md:n6396	v2ppma---
ἀνάγετ’	a)na/get'	ἀνάγω	a)na/gw	urn:cite2:hmt:lsj.chicago_md:n6396	v2ppia---
ἀνάγετ’	a)na/get'	ἀνάγω	a)na/gw	urn:cite2:hmt:lsj.chicago_md:n6396	v3spie---
ἀνάγετ’	a)na/get'	ἀνάγω	a)na/gw	urn:cite2:hmt:lsj.chicago_md:n6396	v3siie---
ἀνάγετ’	a)na/get'	ἀνάγω	a)na/gw	urn:cite2:hmt:lsj.chicago_md:n6396	v2piia---
ἀνάγκα	a)na/gka	ἀνάγκη	a)na/gkh	urn:cite2:hmt:lsj.chicago_md:n6339	n-d---fn-
ἀνάγκα	a)na/gka	ἀνάγκη	a)na/gkh	urn:cite2:hmt:lsj.chicago_md:n6339	n-d---fv-
ἀνάγκα	a)na/gka	ἀνάγκη	a)na/gkh	urn:cite2:hmt:lsj.chicago_md:n6339	n-d---fa-
ἀνάγκα	a)na/gka	ἀνάγκη	a)na/gkh	urn:cite2:hmt:lsj.chicago_md:n6339	n-s---fn-
ἀνάγκα	a)na/gka	ἀνάγκη	a)na/gkh	urn:cite2:hmt:lsj.chicago_md:n6339	n-s---fv-
ἀνάγκη	a)na/gkh	ἀνάγκη	a)na/gkh	urn:cite2:hmt:lsj.chicago_md:n6339	n-s---fn-
ἀνάγκη	a)na/gkh	ἀνάγκη	a)na/gkh	urn:cite2:hmt:lsj.chicago_md:n6339	n-s---fv-
ἀνάλγητα	a)na/lghta	ἀνάλγητος	a)na/lghtos	urn:cite2:hmt:lsj.chicago_md:n6876	n-p---nn-
ἀνάλγητα	a)na/lghta	ἀνάλγητος	a)na/lghtos	urn:cite2:hmt:lsj.chicago_md:n6876	n-p---nv-
ἀνάλγητα	a)na/lghta	ἀνάλγητος	a)na/lghtos	urn:cite2:hmt:lsj.chicago_md:n6876	n-p---na-
ἀνάμιγδα	a)na/migda	ἀναμίξ	a)nami/c	urn:cite2:hmt:lsj.chicago_md:n7010	d--------
ἀνάπαυε	a)na/paue	ἀναπαύω	a)napau/w	urn:cite2:hmt:lsj.chicago_md:n7159	v2spma---
ἀνάπαυε	a)na/paue	ἀναπαύω	a)napau/w	urn:cite2:hmt:lsj.chicago_md:n7159	v3siia---
ἀνάστατοι	a)na/statoi	ἀνάστατος	a)na/statos	urn:cite2:hmt:lsj.chicago_md:n7518	n-p---mn-
ἀνάστατοι	a)na/statoi	ἀνάστατος	a)na/statos	urn:cite2:hmt:lsj.chicago_md:n7518	n-p---mv-
ἀνάστατοι	a)na/statoi	ἀνάστατος	a)na/statos	urn:cite2:hmt:lsj.chicago_md:n7518	n-p---fn-
ἀνάστατοι	a)na/statoi	ἀνάστατος	a)na/statos	urn:cite2:hmt:lsj.chicago_md:n7518	n-p---fv-
ἀνάστατον	a)na/staton	ἀνάστατος	a)na/statos	urn:cite2:hmt:lsj.chicago_md:n7518	n-s---ma-
ἀνάστατον	a)na/staton	ἀνάστατος	a)na/statos	urn:cite2:hmt:lsj.chicago_md:n7518	n-s---fa-
ἀνάστατον	a)na/staton	ἀνάστατος	a)na/statos	urn:cite2:hmt:lsj.chicago_md:n7518	n-s---nn-
ἀνάστατον	a)na/staton	ἀνάστατος	a)na/statos	urn:cite2:hmt:lsj.chicago_md:n7518	n-s---nv-
ἀνάστατον	a)na/staton	ἀνάστατος	a)na/statos	urn:cite2:hmt:lsj.chicago_md:n7518	n-s---na-
ἀνάστατον	a)na/staton	ἀνίστημι	a)ni/sthmi	urn:cite2:hmt:lsj.chicago_md:n9082	v2daia---
ἀνέλπιστον	a)ne/lpiston	ἀνέλπιστος	a)ne/lpistos	urn:cite2:hmt:lsj.chicago_md:n8216	n-s---ma-
ἀνέλπιστον	a)ne/lpiston	ἀνέλπιστος	a)ne/lpistos	urn:cite2:hmt:lsj.chicago_md:n8216	n-s---fa-
ἀνέλπιστον	a)ne/lpiston	ἀνέλπιστος	a)ne/lpistos	urn:cite2:hmt:lsj.chicago_md:n8216	n-s---nn-
ἀνέλπιστον	a)ne/lpiston	ἀνέλπιστος	a)ne/lpistos	urn:cite2:hmt:lsj.chicago_md:n8216	n-s---nv-
ἀνέλπιστον	a)ne/lpiston	ἀνέλπιστος	a)ne/lpistos	urn:cite2:hmt:lsj.chicago_md:n8216	n-s---na-
ἀνέρες	a)ne/res	ἀνήρ	a)nh/r	urn:cite2:hmt:lsj.chicago_md:n8665	n-p---mn-
ἀνέρες	a)ne/res	ἀνήρ	a)nh/r	urn:cite2:hmt:lsj.chicago_md:n8665	n-p---mv-
ἀνήκει	a)nh/kei	ἀνέω	a)ne/w	urn:cite2:hmt:lsj.chicago_md:n8586	v3slia---
ἀνήκει	a)nh/kei	ἀνήκω	a)nh/kw	urn:cite2:hmt:lsj.chicago_md:n8622	v2spie---
ἀνήκει	a)nh/kei	ἀνήκω	a)nh/kw	urn:cite2:hmt:lsj.chicago_md:n8622	v3spia---
ἀνήρ	a)nh/r	ἀνήρ	a)nh/r	urn:cite2:hmt:lsj.chicago_md:n8665	n-s---mn-
ἀνήριθμον	a)nh/riqmon	ἀνάριθμος	a)na/riqmos	urn:cite2:hmt:lsj.chicago_md:n7357	n-s---ma-
ἀνήριθμον	a)nh/riqmon	ἀνάριθμος	a)na/riqmos	urn:cite2:hmt:lsj.chicago_md:n7357	n-s---fa-
ἀνήριθμον	a)nh/riqmon	ἀνάριθμος	a)na/riqmos	urn:cite2:hmt:lsj.chicago_md:n7357	n-s---nn-
ἀνήριθμον	a)nh/riqmon	ἀνάριθμος	a)na/riqmos	urn:cite2:hmt:lsj.chicago_md:n7357	n-s---nv-
ἀνήριθμον	a)nh/riqmon	ἀνάριθμος	a)na/riqmos	urn:cite2:hmt:lsj.chicago_md:n7357	n-s---na-
ἀνήριθμον	a)nh/riqmon	ἀνήριθμος	a)nh/riqmos	urn:cite2:hmt:lsj.chicago_md:n8673	n-s---ma-
ἀνήριθμον	a)nh/riqmon	ἀνήριθμος	a)nh/riqmos	urn:cite2:hmt:lsj.chicago_md:n8673	n-s---fa-
ἀνήριθμον	a)nh/riqmon	ἀνήριθμος	a)nh/riqmos	urn:cite2:hmt:lsj.chicago_md:n8673	n-s---nn-
ἀνήριθμον	a)nh/riqmon	ἀνήριθμος	a)nh/riqmos	urn:cite2:hmt:lsj.chicago_md:n8673	n-s---nv-
ἀνήριθμον	a)nh/riqmon	ἀνήριθμος	a)nh/riqmos	urn:cite2:hmt:lsj.chicago_md:n8673	n-s---na-
ἀνύσασα	a)nu/sasa	ἀνύω	a)nu/w	urn:cite2:hmt:lsj.chicago_md:n10921	v-sapafn-
ἀνύσασα	a)nu/sasa	ἀνύω	a)nu/w	urn:cite2:hmt:lsj.chicago_md:n10921	v-sapafv-
ἀνύσειε	a)nu/seie	ἀνύω	a)nu/w	urn:cite2:hmt:lsj.chicago_md:n10921	v3saoa---
ἀνώνυμος	a)nw/numos	ἀνώνυμος	a)nw/numos	urn:cite2:hmt:lsj.chicago_md:n10959	n-s---mn-
ἀνώνυμος	a)nw/numos	ἀνώνυμος	a)nw/numos	urn:cite2:hmt:lsj.chicago_md:n10959	n-s---fn-
ἀνῄει	a)nh/|ei	ἄνειμι	a)/neimi	urn:cite2:hmt:lsj.chicago_md:n8108	v3siia---
ἀξιοῖς	a)cioi=s	ἀξιόω	a)cio/w	urn:cite2:hmt:lsj.chicago_md:n11072	v2spoa---
ἀξιοῖς	a)cioi=s	ἀξιόω	a)cio/w	urn:cite2:hmt:lsj.chicago_md:n11072	v2spsa---
ἀξιοῖς	a)cioi=s	ἀξιόω	a)cio/w	urn:cite2:hmt:lsj.chicago_md:n11072	v2spia---
ἀξύμβλητον	a)cu/mblhton	ἀσύμβλητος	a)su/mblhtos	urn:cite2:hmt:lsj.chicago_md:n16760	n-s---ma-
ἀξύμβλητον	a)cu/mblhton	ἀσύμβλητος	a)su/mblhtos	urn:cite2:hmt:lsj.chicago_md:n16760	n-s---fa-
ἀξύμβλητον	a)cu/mblhton	ἀσύμβλητος	a)su/mblhtos	urn:cite2:hmt:lsj.chicago_md:n16760	n-s---nn-
ἀξύμβλητον	a)cu/mblhton	ἀσύμβλητος	a)su/mblhtos	urn:cite2:hmt:lsj.chicago_md:n16760	n-s---nv-
ἀξύμβλητον	a)cu/mblhton	ἀσύμβλητος	a)su/mblhtos	urn:cite2:hmt:lsj.chicago_md:n16760	n-s---na-
ἀοιδός	a)oido/s	ἀοιδόσ1	a)oido/s	urn:cite2:hmt:lsj.chicago_md:n11114	n-s---mn-
ἀολλεῖς	a)ollei=s	ἀολλής	a)ollh/s	urn:cite2:hmt:lsj.chicago_md:n11126	n-p---ma-
ἀολλεῖς	a)ollei=s	ἀολλής	a)ollh/s	urn:cite2:hmt:lsj.chicago_md:n11126	n-p---fa-
ἀολλεῖς	a)ollei=s	ἀολλής	a)ollh/s	urn:cite2:hmt:lsj.chicago_md:n11126	n-p---mn-
ἀολλεῖς	a)ollei=s	ἀολλής	a)ollh/s	urn:cite2:hmt:lsj.chicago_md:n11126	n-p---mv-
ἀολλεῖς	a)ollei=s	ἀολλής	a)ollh/s	urn:cite2:hmt:lsj.chicago_md:n11126	n-p---fn-
ἀολλεῖς	a)ollei=s	ἀολλής	a)ollh/s	urn:cite2:hmt:lsj.chicago_md:n11126	n-p---fv-
ἀοίκους	a)oi/kous	ἄοικος	a)/oikos	urn:cite2:hmt:lsj.chicago_md:n11117	n-p---ma-
ἀοίκους	a)oi/kous	ἄοικος	a)/oikos	urn:cite2:hmt:lsj.chicago_md:n11117	n-p---fa-
ἀπαρχάς	a)parxa/s	ἀπαρχή	a)parxh/	urn:cite2:hmt:lsj.chicago_md:n11577	n-p---fa-
ἀπαρχήν	a)parxh/n	ἀπαρχή	a)parxh/	urn:cite2:hmt:lsj.chicago_md:n11577	n-s---fa-
ἀπαράξαι	a)para/cai	ἀπαράσσω	a)para/ssw	urn:cite2:hmt:lsj.chicago_md:n11494	v--ana---
ἀπαράξαι	a)para/cai	ἀπαράσσω	a)para/ssw	urn:cite2:hmt:lsj.chicago_md:n11494	v3saoa---
ἀπαράξαι	a)para/cai	ἀπαράσσω	a)para/ssw	urn:cite2:hmt:lsj.chicago_md:n11494	v--ana---
ἀπαράξαι	a)para/cai	ἀπαράσσω	a)para/ssw	urn:cite2:hmt:lsj.chicago_md:n11494	v3saoa---
ἀπεικάσαι	a)peika/sai	ἀπεικάζω	a)peika/zw	urn:cite2:hmt:lsj.chicago_md:n11691	v-sfpafd-
ἀπεικάσαι	a)peika/sai	ἀπεικάζω	a)peika/zw	urn:cite2:hmt:lsj.chicago_md:n11691	v-sfpafd-
ἀπεικάσαι	a)peika/sai	ἀπεικάζω	a)peika/zw	urn:cite2:hmt:lsj.chicago_md:n11691	v--ana---
ἀπεικάσαι	a)peika/sai	ἀπεικάζω	a)peika/zw	urn:cite2:hmt:lsj.chicago_md:n11691	v3saoa---
ἀπεικάσαι	a)peika/sai	ἀπεικάζω	a)peika/zw	urn:cite2:hmt:lsj.chicago_md:n11691	v--ana---
ἀπεικάσαι	a)peika/sai	ἀπεικάζω	a)peika/zw	urn:cite2:hmt:lsj.chicago_md:n11691	v3saoa---
ἀπείη	a)pei/h	ἄπειμι1	a)/peimi	urn:cite2:hmt:lsj.chicago_md:n11709	v3spoa---
ἀπείη	a)pei/h	ἄπειμι1	a)/peimi	urn:cite2:hmt:lsj.chicago_md:n11710	v3spoa---
ἀπείη	a)pei/h	ἀφίημι	a)fi/hmi	urn:cite2:hmt:lsj.chicago_md:n18331	v3saoa---
ἀπείη	a)pei/h	ἀφίημι	a)fi/hmi	urn:cite2:hmt:lsj.chicago_md:n18331	v3saoa---
ἀπείροις	a)pei/rois	ἄπειροσ1	a)/peiros	urn:cite2:hmt:lsj.chicago_md:n11760	n-p---md-
ἀπείροις	a)pei/rois	ἄπειροσ1	a)/peiros	urn:cite2:hmt:lsj.chicago_md:n11761	n-p---md-
ἀπείροις	a)pei/rois	ἄπειροσ1	a)/peiros	urn:cite2:hmt:lsj.chicago_md:n11760	n-p---fd-
ἀπείροις	a)pei/rois	ἄπειροσ1	a)/peiros	urn:cite2:hmt:lsj.chicago_md:n11761	n-p---fd-
ἀπείροις	a)pei/rois	ἄπειροσ1	a)/peiros	urn:cite2:hmt:lsj.chicago_md:n11760	n-p---nd-
ἀπείροις	a)pei/rois	ἄπειροσ1	a)/peiros	urn:cite2:hmt:lsj.chicago_md:n11761	n-p---nd-
ἀπείροις	a)pei/rois	ἄπειροσ2	a)/peiros	urn:cite2:hmt:lsj.chicago_md:n11760	n-p---md-
ἀπείροις	a)pei/rois	ἄπειροσ2	a)/peiros	urn:cite2:hmt:lsj.chicago_md:n11761	n-p---md-
ἀπείροις	a)pei/rois	ἄπειροσ2	a)/peiros	urn:cite2:hmt:lsj.chicago_md:n11760	n-p---fd-
ἀπείροις	a)pei/rois	ἄπειροσ2	a)/peiros	urn:cite2:hmt:lsj.chicago_md:n11761	n-p---fd-
ἀπείροις	a)pei/rois	ἄπειροσ2	a)/peiros	urn:cite2:hmt:lsj.chicago_md:n11760	n-p---nd-
ἀπείροις	a)pei/rois	ἄπειροσ2	a)/peiros	urn:cite2:hmt:lsj.chicago_md:n11761	n-p---nd-
ἀπείροις	a)pei/rois	ἤπειρος	h)/peiros	urn:cite2:hmt:lsj.chicago_md:n47462	n-p---fd-
ἀπεῖπε	a)pei=pe	ἀπεῖπον	a)pei=pon	urn:cite2:hmt:lsj.chicago_md:n11711	v3saia---
ἀπεῖπε	a)pei=pe	ἀπεῖπον	a)pei=pon	urn:cite2:hmt:lsj.chicago_md:n11711	v3saia---
ἀπηρνήθη	a)phrnh/qh	ἀπαρνέομαι	a)parne/omai	urn:cite2:hmt:lsj.chicago_md:n11542	v3saie---
ἀπιστεῖν	a)pistei=n	ἀπιστέω	a)piste/w	urn:cite2:hmt:lsj.chicago_md:n12133	v--pna---
ἀπιστήσαντα	a)pisth/santa	ἀπιστέω	a)piste/w	urn:cite2:hmt:lsj.chicago_md:n12133	v-papann-
ἀπιστήσαντα	a)pisth/santa	ἀπιστέω	a)piste/w	urn:cite2:hmt:lsj.chicago_md:n12133	v-papanv-
ἀπιστήσαντα	a)pisth/santa	ἀπιστέω	a)piste/w	urn:cite2:hmt:lsj.chicago_md:n12133	v-papana-
ἀπιστήσαντα	a)pisth/santa	ἀπιστέω	a)piste/w	urn:cite2:hmt:lsj.chicago_md:n12133	v-sapama-
ἀπιστήσεις	a)pisth/seis	ἀπιστέω	a)piste/w	urn:cite2:hmt:lsj.chicago_md:n12133	v2sasa---
ἀπιστήσεις	a)pisth/seis	ἀπιστέω	a)piste/w	urn:cite2:hmt:lsj.chicago_md:n12133	v2sfia---
ἀπιστήσεις	a)pisth/seis	ἀπιστέω	a)piste/w	urn:cite2:hmt:lsj.chicago_md:n12133	v2stia---
ἀπιστήσῃς	a)pisth/sh|s	ἀπιστέω	a)piste/w	urn:cite2:hmt:lsj.chicago_md:n12133	v2sasa---
ἀποικίσειεν	a)poiki/seien	ἀποικίζω	a)poiki/zw	urn:cite2:hmt:lsj.chicago_md:n12682	v3saoa---
ἀποικίσειεν	a)poiki/seien	ἀποικίζω	a)poiki/zw	urn:cite2:hmt:lsj.chicago_md:n12682	v3saoa---
ἀπολεῖς	a)polei=s	ἀπόλλυμι	a)po/llumi	urn:cite2:hmt:lsj.chicago_md:n13096	v2sfia---
ἀποστείχουσα	a)postei/xousa	ἀποστείχω	a)postei/xw	urn:cite2:hmt:lsj.chicago_md:n13830	v-sppafn-
ἀποστείχουσα	a)postei/xousa	ἀποστείχω	a)postei/xw	urn:cite2:hmt:lsj.chicago_md:n13830	v-sppafv-
ἀποστήτω	a)posth/tw	ἀφεστήξω	a)festh/cw	urn:cite2:hmt:lsj.chicago_md:n18229	v3sama---
ἀποτρύειν	a)potru/ein	ἀποτρύω	a)potru/w	urn:cite2:hmt:lsj.chicago_md:n14138	v--pna---
ἀποφθίσαι	a)pofqi/sai	ἀποφθίνω	a)pofqi/nw	urn:cite2:hmt:lsj.chicago_md:n14216	v--ana---
ἀποφθίσαι	a)pofqi/sai	ἀποφθίνω	a)pofqi/nw	urn:cite2:hmt:lsj.chicago_md:n14216	v3saoa---
ἀποφθίσαι	a)pofqi/sai	ἀποφθίνω	a)pofqi/nw	urn:cite2:hmt:lsj.chicago_md:n14216	v3saoa---
ἀποίσεις	a)poi/seis	ἀποφέρω	a)pofe/rw	urn:cite2:hmt:lsj.chicago_md:n14197	v2sfia---
ἀποίχεται	a)poi/xetai	ἀποίχομαι	a)poi/xomai	urn:cite2:hmt:lsj.chicago_md:n12712	v3spie---
ἀπρόσμαχον	a)pro/smaxon	ἀπρόσμαχος	a)pro/smaxos	urn:cite2:hmt:lsj.chicago_md:n14495	n-s---ma-
ἀπρόσμαχον	a)pro/smaxon	ἀπρόσμαχος	a)pro/smaxos	urn:cite2:hmt:lsj.chicago_md:n14495	n-s---fa-
ἀπρόσμαχον	a)pro/smaxon	ἀπρόσμαχος	a)pro/smaxos	urn:cite2:hmt:lsj.chicago_md:n14495	n-s---nn-
ἀπρόσμαχον	a)pro/smaxon	ἀπρόσμαχος	a)pro/smaxos	urn:cite2:hmt:lsj.chicago_md:n14495	n-s---nv-
ἀπρόσμαχον	a)pro/smaxon	ἀπρόσμαχος	a)pro/smaxos	urn:cite2:hmt:lsj.chicago_md:n14495	n-s---na-
ἀπωθεῖ	a)pwqei=	ἀπωθέω	a)pwqe/w	urn:cite2:hmt:lsj.chicago_md:n14604	v2spie---
ἀπωθεῖ	a)pwqei=	ἀπωθέω	a)pwqe/w	urn:cite2:hmt:lsj.chicago_md:n14604	v3spia---
ἀπωθεῖ	a)pwqei=	ἀπωθέω	a)pwqe/w	urn:cite2:hmt:lsj.chicago_md:n14604	v2spie---
ἀπωθεῖ	a)pwqei=	ἀπωθέω	a)pwqe/w	urn:cite2:hmt:lsj.chicago_md:n14604	v3spia---
ἀπάτασεν	a)pa/tasen	ἀπατάω	a)pata/w	urn:cite2:hmt:lsj.chicago_md:n11602	v3saia---
ἀπάτασεν	a)pa/tasen	ἀπατάω	a)pata/w	urn:cite2:hmt:lsj.chicago_md:n11602	v3saia---
ἀπάτοράς	a)pa/tora/s	ἀπάτωρ	a)pa/twr	urn:cite2:hmt:lsj.chicago_md:n11630	n-p---ma-
ἀπάτοράς	a)pa/tora/s	ἀπάτωρ	a)pa/twr	urn:cite2:hmt:lsj.chicago_md:n11630	n-p---fa-
ἀπήμπλαχ’	a)ph/mplax'	ἀπαμπλακεῖν	a)pamplakei=n	urn:cite2:hmt:lsj.chicago_md:n11360	v3saia---
ἀπό	a)po/	ἀπό	a)po/	urn:cite2:hmt:lsj.chicago_md:n12243	r--------
ἀπόπτολιν	a)po/ptolin	ἀπόπολις	a)po/polis	urn:cite2:hmt:lsj.chicago_md:n13478	n-s---fa-
ἀπόπτολιν	a)po/ptolin	ἀπόπολις	a)po/polis	urn:cite2:hmt:lsj.chicago_md:n13478	n-s---fa-
ἀπώσομαι	a)pw/somai	ἀπωθέω	a)pwqe/w	urn:cite2:hmt:lsj.chicago_md:n14604	v1sasm---
ἀπώσομαι	a)pw/somai	ἀπωθέω	a)pwqe/w	urn:cite2:hmt:lsj.chicago_md:n14604	v1sfim---
ἀπῇξ’	a)ph=|c'	ἀπαίσσω	a)pai/ssw	urn:cite2:hmt:lsj.chicago_md:n11247	v1saia---
ἀπῇξ’	a)ph=|c'	ἀπαίσσω	a)pai/ssw	urn:cite2:hmt:lsj.chicago_md:n11247	v2slie---
ἀπῇξ’	a)ph=|c'	ἀπαίσσω	a)pai/ssw	urn:cite2:hmt:lsj.chicago_md:n11247	v2srme---
ἀπῇξ’	a)ph=|c'	ἀπαίσσω	a)pai/ssw	urn:cite2:hmt:lsj.chicago_md:n11247	v3saia---
ἀπῇξ’	a)ph=|c'	ἀπαίσσω	a)pai/ssw	urn:cite2:hmt:lsj.chicago_md:n11247	v2srie---
ἀραῖος	a)rai=os	ἀραῖος	a)rai=os	urn:cite2:hmt:lsj.chicago_md:n14671	a-s---mn-
ἀραῖος	a)rai=os	ἀραῖος	a)rai=os	urn:cite2:hmt:lsj.chicago_md:n14671	n-s---mn-
ἀραῖος	a)rai=os	ἀραῖος	a)rai=os	urn:cite2:hmt:lsj.chicago_md:n14671	n-s---fn-
ἀργής	a)rgh/s	ἀργής	a)rgh/s	urn:cite2:hmt:lsj.chicago_md:n14776	n-s---mn-
ἀργής	a)rgh/s	ἀργής	a)rgh/s	urn:cite2:hmt:lsj.chicago_md:n14776	n-s---fn-
ἀρετᾶς	a)reta=s	ἀρετάω	a)reta/w	urn:cite2:hmt:lsj.chicago_md:n14966	v2spia---
ἀρετᾶς	a)reta=s	ἀρετή	a)reth/	urn:cite2:hmt:lsj.chicago_md:n14967	n-s---fg-
ἀριστεύων	a)risteu/wn	ἀριστεύω	a)risteu/w	urn:cite2:hmt:lsj.chicago_md:n15096	v-sppamn-
ἀρκεῖ	a)rkei=	ἀρκέω	a)rke/w	urn:cite2:hmt:lsj.chicago_md:n15173	v2spie---
ἀρκεῖ	a)rkei=	ἀρκέω	a)rke/w	urn:cite2:hmt:lsj.chicago_md:n15173	v3spia---
ἀρκέσει	a)rke/sei	ἄρκεσις	a)/rkesis	urn:cite2:hmt:lsj.chicago_md:n15166	n-d---fn-
ἀρκέσει	a)rke/sei	ἄρκεσις	a)/rkesis	urn:cite2:hmt:lsj.chicago_md:n15166	n-d---fv-
ἀρκέσει	a)rke/sei	ἄρκεσις	a)/rkesis	urn:cite2:hmt:lsj.chicago_md:n15166	n-d---fa-
ἀρκέσει	a)rke/sei	ἄρκεσις	a)/rkesis	urn:cite2:hmt:lsj.chicago_md:n15166	n-s---fd-
ἀρκέσει	a)rke/sei	ἄρκεσις	a)/rkesis	urn:cite2:hmt:lsj.chicago_md:n15166	n-s---fd-
ἀρκέσει	a)rke/sei	ἀρκέω	a)rke/w	urn:cite2:hmt:lsj.chicago_md:n15173	v3sasa---
ἀρκέσει	a)rke/sei	ἀρκέω	a)rke/w	urn:cite2:hmt:lsj.chicago_md:n15173	v2sfim---
ἀρκέσει	a)rke/sei	ἀρκέω	a)rke/w	urn:cite2:hmt:lsj.chicago_md:n15173	v3sfia---
ἀρσένων	a)rse/nwn	ἄρσην	a)/rshn	urn:cite2:hmt:lsj.chicago_md:n15571	n-p----g-
ἀρτηρίας	a)rthri/as	ἀρτηρία	a)rthri/a	urn:cite2:hmt:lsj.chicago_md:n15609	n-p---fa-
ἀρτηρίας	a)rthri/as	ἀρτηρία	a)rthri/a	urn:cite2:hmt:lsj.chicago_md:n15609	n-s---fg-
ἀρτίκολλος	a)rti/kollos	ἀρτίκολλος	a)rti/kollos	urn:cite2:hmt:lsj.chicago_md:n15658	n-s---mn-
ἀρτίκολλος	a)rti/kollos	ἀρτίκολλος	a)rti/kollos	urn:cite2:hmt:lsj.chicago_md:n15658	n-s---fn-
ἀρτίπους	a)rti/pous	ἀρτίπους	a)rti/pous	urn:cite2:hmt:lsj.chicago_md:n15691	n-s---mn-
ἀρτίπους	a)rti/pous	ἀρτίπους	a)rti/pous	urn:cite2:hmt:lsj.chicago_md:n15691	n-s---mv-
ἀρτίπους	a)rti/pous	ἀρτίπους	a)rti/pous	urn:cite2:hmt:lsj.chicago_md:n15691	n-s---fn-
ἀρτίπους	a)rti/pous	ἀρτίπους	a)rti/pous	urn:cite2:hmt:lsj.chicago_md:n15691	n-s---fv-
ἀρτίχριστον	a)rti/xriston	ἀρτίχριστος	a)rti/xristos	urn:cite2:hmt:lsj.chicago_md:n15726	n-s---ma-
ἀρτίχριστον	a)rti/xriston	ἀρτίχριστος	a)rti/xristos	urn:cite2:hmt:lsj.chicago_md:n15726	n-s---fa-
ἀρτίχριστον	a)rti/xriston	ἀρτίχριστος	a)rti/xristos	urn:cite2:hmt:lsj.chicago_md:n15726	n-s---nn-
ἀρτίχριστον	a)rti/xriston	ἀρτίχριστος	a)rti/xristos	urn:cite2:hmt:lsj.chicago_md:n15726	n-s---nv-
ἀρτίχριστον	a)rti/xriston	ἀρτίχριστος	a)rti/xristos	urn:cite2:hmt:lsj.chicago_md:n15726	n-s---na-
ἀρτίως	a)rti/ws	ἄρτιος	a)/rtios	urn:cite2:hmt:lsj.chicago_md:n15682	x--------
ἀρτίως	a)rti/ws	ἄρτιος	a)/rtios	urn:cite2:hmt:lsj.chicago_md:n15682	a-p---ma-
ἀρχαίου	a)rxai/ou	ἀρχαῖος	a)rxai=os	urn:cite2:hmt:lsj.chicago_md:n15842	a-s---mg-
ἀρχαίου	a)rxai/ou	ἀρχαῖος	a)rxai=os	urn:cite2:hmt:lsj.chicago_md:n15842	a-s---ng-
ἀρχαῖος	a)rxai=os	ἀρχαῖος	a)rxai=os	urn:cite2:hmt:lsj.chicago_md:n15842	a-s---mn-
ἀρά	a)ra/	ἀρά	a)ra/	urn:cite2:hmt:lsj.chicago_md:n14641	n-d---fn-
ἀρά	a)ra/	ἀρά	a)ra/	urn:cite2:hmt:lsj.chicago_md:n14641	n-d---fv-
ἀρά	a)ra/	ἀρά	a)ra/	urn:cite2:hmt:lsj.chicago_md:n14641	n-d---fa-
ἀρά	a)ra/	ἀρά	a)ra/	urn:cite2:hmt:lsj.chicago_md:n14641	n-s---fn-
ἀρά	a)ra/	ἀρά	a)ra/	urn:cite2:hmt:lsj.chicago_md:n14641	n-s---fv-
ἀρά	a)ra/	ἀρή	a)rh/	urn:cite2:hmt:lsj.chicago_md:n14971	n-d---fn-
ἀρά	a)ra/	ἀρή	a)rh/	urn:cite2:hmt:lsj.chicago_md:n14971	n-d---fv-
ἀρά	a)ra/	ἀρή	a)rh/	urn:cite2:hmt:lsj.chicago_md:n14971	n-d---fa-
ἀρά	a)ra/	ἀρή	a)rh/	urn:cite2:hmt:lsj.chicago_md:n14971	n-s---fn-
ἀρά	a)ra/	ἀρή	a)rh/	urn:cite2:hmt:lsj.chicago_md:n14971	n-s---fv-
ἀρίστης	a)ri/sths	ἄριστος	a)/ristos	urn:cite2:hmt:lsj.chicago_md:n15133	a-s---fg-
ἀρίστης	a)ri/sths	ἀριστάω	a)rista/w	urn:cite2:hmt:lsj.chicago_md:n15080	v2siia---
ἀρίστης	a)ri/sths	ἀριστάω	a)rista/w	urn:cite2:hmt:lsj.chicago_md:n15080	v2siia---
ἀρίστης	a)ri/sths	ἀριστάω	a)rista/w	urn:cite2:hmt:lsj.chicago_md:n15080	v2siia---
ἀρίστης	a)ri/sths	ἀριστάω	a)rista/w	urn:cite2:hmt:lsj.chicago_md:n15080	v2spia---
ἀρίστης	a)ri/sths	ἀριστάω	a)rista/w	urn:cite2:hmt:lsj.chicago_md:n15080	v2siia---
ἀρίστου	a)ri/stou	ἄριστον	a)/riston	urn:cite2:hmt:lsj.chicago_md:n15121	n-s---ng-
ἀρίστου	a)ri/stou	ἄριστον	a)/riston	urn:cite2:hmt:lsj.chicago_md:n15121	n-s---ng-
ἀρίστου	a)ri/stou	ἄριστος	a)/ristos	urn:cite2:hmt:lsj.chicago_md:n15133	a-s---mg-
ἀρίστου	a)ri/stou	ἄριστος	a)/ristos	urn:cite2:hmt:lsj.chicago_md:n15133	a-s---ng-
ἀρῶμαι	a)rw=mai	ἀράομαι	a)ra/omai	urn:cite2:hmt:lsj.chicago_md:n14702	v1spse---
ἀρῶμαι	a)rw=mai	ἀράομαι	a)ra/omai	urn:cite2:hmt:lsj.chicago_md:n14702	v1spie---
ἀρῶμαι	a)rw=mai	ἀράομαι	a)ra/omai	urn:cite2:hmt:lsj.chicago_md:n14702	v1spse---
ἀρῶμαι	a)rw=mai	ἀράζω	a)ra/zw	urn:cite2:hmt:lsj.chicago_md:n14664	v1sfim---
ἀρῶμαι	a)rw=mai	ἀρέομαι	a)re/omai	urn:cite2:hmt:lsj.chicago_md:n14942	v1spse---
ἀρῶμαι	a)rw=mai	ἀρόω	a)ro/w	urn:cite2:hmt:lsj.chicago_md:n15388	v1spse---
ἀρῶμαι	a)rw=mai	ἀρόω	a)ro/w	urn:cite2:hmt:lsj.chicago_md:n15388	v1spie---
ἀσκεῖ	a)skei=	ἀσκέω	a)ske/w	urn:cite2:hmt:lsj.chicago_md:n16266	v2spie---
ἀσκεῖ	a)skei=	ἀσκέω	a)ske/w	urn:cite2:hmt:lsj.chicago_md:n16266	v3spia---
ἀσμένῃ	a)sme/nh|	ἄσμενος	a)/smenos	urn:cite2:hmt:lsj.chicago_md:n16330	a-s---fd-
ἀστένακτος	a)ste/naktos	ἀστένακτος	a)ste/naktos	urn:cite2:hmt:lsj.chicago_md:n16479	n-s---mn-
ἀστένακτος	a)ste/naktos	ἀστένακτος	a)ste/naktos	urn:cite2:hmt:lsj.chicago_md:n16479	n-s---fn-
ἀστῶν	a)stw=n	ἄστυ	a)/stu	urn:cite2:hmt:lsj.chicago_md:n16686	n-p---ng-
ἀστῶν	a)stw=n	ἀστή	a)sth/	urn:cite2:hmt:lsj.chicago_md:n16522	n-p---fg-
ἀστῶν	a)stw=n	ἀστός	a)sto/s	urn:cite2:hmt:lsj.chicago_md:n16565	n-p---mg-
ἀταρβής	a)tarbh/s	ἀταρβής	a)tarbh/s	urn:cite2:hmt:lsj.chicago_md:n16966	n-s---mn-
ἀταρβής	a)tarbh/s	ἀταρβής	a)tarbh/s	urn:cite2:hmt:lsj.chicago_md:n16966	n-s---fn-
ἀτηρᾷ	a)thra=|	ἀτηρός	a)thro/s	urn:cite2:hmt:lsj.chicago_md:n17066	a-s---fd-
ἀτάρ	a)ta/r	ἀτάρ	a)ta/r	urn:cite2:hmt:lsj.chicago_md:n16958	g--------
ἀφαρπάζειν	a)farpa/zein	ἀφαρπάζω	a)farpa/zw	urn:cite2:hmt:lsj.chicago_md:n18158	v--pna---
ἀφαρπάζειν	a)farpa/zein	ἀφαρπάζω	a)farpa/zw	urn:cite2:hmt:lsj.chicago_md:n18158	v--pna---
ἀφροντίστως	a)fronti/stws	ἀφρόντιστος	a)fro/ntistos	urn:cite2:hmt:lsj.chicago_md:n18535	x--------
ἀφροντίστως	a)fronti/stws	ἀφρόντιστος	a)fro/ntistos	urn:cite2:hmt:lsj.chicago_md:n18535	n-p---ma-
ἀφροντίστως	a)fronti/stws	ἀφρόντιστος	a)fro/ntistos	urn:cite2:hmt:lsj.chicago_md:n18535	n-p---fa-
ἀφροί	a)froi/	ἀφρόομαι	a)fro/omai	urn:cite2:hmt:lsj.chicago_md:n18536	v2spse---
ἀφροί	a)froi/	ἀφρόομαι	a)fro/omai	urn:cite2:hmt:lsj.chicago_md:n18536	v2spie---
ἀφροί	a)froi/	ἀφρός	a)fro/s	urn:cite2:hmt:lsj.chicago_md:n18537	n-p---mn-
ἀφροί	a)froi/	ἀφρός	a)fro/s	urn:cite2:hmt:lsj.chicago_md:n18537	n-p---mv-
ἀφράστῳ	a)fra/stw|	ἄφραστος	a)/frastos	urn:cite2:hmt:lsj.chicago_md:n18485	n-s---md-
ἀφράστῳ	a)fra/stw|	ἄφραστος	a)/frastos	urn:cite2:hmt:lsj.chicago_md:n18485	n-s---fd-
ἀφράστῳ	a)fra/stw|	ἄφραστος	a)/frastos	urn:cite2:hmt:lsj.chicago_md:n18485	n-s---nd-
ἀφέρπειν	a)fe/rpein	ἀφέρπω	a)fe/rpw	urn:cite2:hmt:lsj.chicago_md:n18220	v--pna---
ἀφέρπεις	a)fe/rpeis	ἀφέρπω	a)fe/rpw	urn:cite2:hmt:lsj.chicago_md:n18220	v2spia---
ἀφίκοιτο	a)fi/koito	ἀφικνέομαι	a)fikne/omai	urn:cite2:hmt:lsj.chicago_md:n18334	v3saom---
ἀφίκοιτ’	a)fi/koit'	ἀφικνέομαι	a)fikne/omai	urn:cite2:hmt:lsj.chicago_md:n18334	v3saom---
ἀφίκοιτ’	a)fi/koit'	ἀφικνέομαι	a)fikne/omai	urn:cite2:hmt:lsj.chicago_md:n18334	v2paoa---
ἀχῶν	a)xw=n	ἄχος	a)/xos	urn:cite2:hmt:lsj.chicago_md:n18753	n-p---ng-
ἀχῶν	a)xw=n	ἀχέω2	a)xe/w	urn:cite2:hmt:lsj.chicago_md:n18686	v-sppamn-
ἀχῶν	a)xw=n	ἀχέω2	a)xe/w	urn:cite2:hmt:lsj.chicago_md:n18687	v-sppamn-
ἀχῶν	a)xw=n	ἠχέω	h)xe/w	urn:cite2:hmt:lsj.chicago_md:n47673	v-sppamn-
ἀχῶν	a)xw=n	ἠχή	h)xh/	urn:cite2:hmt:lsj.chicago_md:n47674	n-p---fg-
ἀχῶν	a)xw=n	ἠχώ	h)xw/	urn:cite2:hmt:lsj.chicago_md:n47687	n-p---fg-
ἀψευδεῖν	a)yeudei=n	ἀψευδέω	a)yeude/w	urn:cite2:hmt:lsj.chicago_md:n18862	v--pna---
ἀέλιον	a)e/lion	ἀέλιος	a)e/lios	urn:cite2:hmt:lsj.chicago_md:n1669	n-s---ma-
ἀέλιον	a)e/lion	ἥλιος	h(/lios	urn:cite2:hmt:lsj.chicago_md:n46892	n-s---ma-
ἀΐσσουσαν	a)i+/ssousan	ἀίσσω	a)i/ssw	urn:cite2:hmt:lsj.chicago_md:n2685	v-sppafa-
ἀΐσσουσαν	a)i+/ssousan	ἀίσσω	a)i/ssw	urn:cite2:hmt:lsj.chicago_md:n2685	v-sppafa-
ἁ	a(	ὁ	o(	urn:cite2:hmt:lsj.chicago_md:n71882	l-s---fn-
ἁβρά	a(bra/	ἁβρός	a(bro/s	urn:cite2:hmt:lsj.chicago_md:n184	a-p---nn-
ἁβρά	a(bra/	ἁβρός	a(bro/s	urn:cite2:hmt:lsj.chicago_md:n184	a-p---nv-
ἁβρά	a(bra/	ἁβρός	a(bro/s	urn:cite2:hmt:lsj.chicago_md:n184	a-p---na-
ἁβρά	a(bra/	ἁβρός	a(bro/s	urn:cite2:hmt:lsj.chicago_md:n184	a-d---fn-
ἁβρά	a(bra/	ἁβρός	a(bro/s	urn:cite2:hmt:lsj.chicago_md:n184	a-d---fv-
ἁβρά	a(bra/	ἁβρός	a(bro/s	urn:cite2:hmt:lsj.chicago_md:n184	a-d---fa-
ἁβρά	a(bra/	ἁβρός	a(bro/s	urn:cite2:hmt:lsj.chicago_md:n184	a-s---fn-
ἁβρά	a(bra/	ἁβρός	a(bro/s	urn:cite2:hmt:lsj.chicago_md:n184	a-s---fv-
ἁβρά	a(bra/	ἁβρός	a(bro/s	urn:cite2:hmt:lsj.chicago_md:n184	n-p---nn-
ἁβρά	a(bra/	ἁβρός	a(bro/s	urn:cite2:hmt:lsj.chicago_md:n184	n-p---nv-
ἁβρά	a(bra/	ἁβρός	a(bro/s	urn:cite2:hmt:lsj.chicago_md:n184	n-p---na-
ἁγνά	a(gna/	ἁγνός	a(gno/s	urn:cite2:hmt:lsj.chicago_md:n729	a-p---nn-
ἁγνά	a(gna/	ἁγνός	a(gno/s	urn:cite2:hmt:lsj.chicago_md:n729	a-p---nv-
ἁγνά	a(gna/	ἁγνός	a(gno/s	urn:cite2:hmt:lsj.chicago_md:n729	a-p---na-
ἁγνά	a(gna/	ἁγνός	a(gno/s	urn:cite2:hmt:lsj.chicago_md:n729	a-d---fn-
ἁγνά	a(gna/	ἁγνός	a(gno/s	urn:cite2:hmt:lsj.chicago_md:n729	a-d---fv-
ἁγνά	a(gna/	ἁγνός	a(gno/s	urn:cite2:hmt:lsj.chicago_md:n729	a-d---fa-
ἁγνά	a(gna/	ἁγνός	a(gno/s	urn:cite2:hmt:lsj.chicago_md:n729	a-s---fn-
ἁγνά	a(gna/	ἁγνός	a(gno/s	urn:cite2:hmt:lsj.chicago_md:n729	a-s---fv-
ἁγνός	a(gno/s	ἁγνός	a(gno/s	urn:cite2:hmt:lsj.chicago_md:n729	a-s---mn-
ἁλώσεως	a(lw/sews	ἅλωσις	a(/lwsis	urn:cite2:hmt:lsj.chicago_md:n4837	n-s---fg-
ἁμαρτίαν	a(marti/an	ἁμαρτία	a(marti/a	urn:cite2:hmt:lsj.chicago_md:n4965	n-s---fa-
ἁμοί	a(moi/	ἁμόσ1	a(mo/s	urn:cite2:hmt:lsj.chicago_md:n5446	a-p---mn-
ἁμοί	a(moi/	ἁμόσ1	a(mo/s	urn:cite2:hmt:lsj.chicago_md:n5447	a-p---mn-
ἁμοί	a(moi/	ἁμόσ1	a(mo/s	urn:cite2:hmt:lsj.chicago_md:n5446	a-p---mv-
ἁμοί	a(moi/	ἁμόσ1	a(mo/s	urn:cite2:hmt:lsj.chicago_md:n5447	a-p---mv-
ἁμέραν	a(me/ran	ἥμερος	h(/meros	urn:cite2:hmt:lsj.chicago_md:n47007	a-s---fa-
ἁμέραν	a(me/ran	ἡμέρα	h(me/ra	urn:cite2:hmt:lsj.chicago_md:n46966	n-s---fa-
ἁνήρ	a(nh/r	ἀνήρ	a)nh/r	urn:cite2:hmt:lsj.chicago_md:n8665	n-s---mn-
ἁπασῶν	a(pasw=n	ἅπας	a(/pas	urn:cite2:hmt:lsj.chicago_md:n11583	a-p---fg-
ἁπλῆς	a(plh=s	ἁπλόος	a(plo/os	urn:cite2:hmt:lsj.chicago_md:n12210	a-s---fg-
ἁπλῆς	a(plh=s	ἁπλός	a(plo/s	urn:cite2:hmt:lsj.chicago_md:n12213	a-s---fg-
ἁπάντων	a(pa/ntwn	ἅπας	a(/pas	urn:cite2:hmt:lsj.chicago_md:n11583	a-p---mg-
ἁπάντων	a(pa/ntwn	ἅπας	a(/pas	urn:cite2:hmt:lsj.chicago_md:n11583	a-p---ng-
ἁρμόζοι	a(rmo/zoi	ἁρμόζω	a(rmo/zw	urn:cite2:hmt:lsj.chicago_md:n15274	v3spoa---
ἁρμόσαιμί	a(rmo/saimi/	ἁρμόζω	a(rmo/zw	urn:cite2:hmt:lsj.chicago_md:n15274	v1saoa---
ἁτεχνησάμην	a(texnhsa/mhn	ἀτεχνέω	a)texne/w	urn:cite2:hmt:lsj.chicago_md:n17046	v1saim---
ἁτεχνησάμην	a(texnhsa/mhn	τεχνάομαι	texna/omai	urn:cite2:hmt:lsj.chicago_md:n103695	v1saie---
ἄβουλον	a)/boulon	ἄβουλος	a)/boulos	urn:cite2:hmt:lsj.chicago_md:n148	n-s---ma-
ἄβουλον	a)/boulon	ἄβουλος	a)/boulos	urn:cite2:hmt:lsj.chicago_md:n148	n-s---fa-
ἄβουλον	a)/boulon	ἄβουλος	a)/boulos	urn:cite2:hmt:lsj.chicago_md:n148	n-s---nn-
ἄβουλον	a)/boulon	ἄβουλος	a)/boulos	urn:cite2:hmt:lsj.chicago_md:n148	n-s---nv-
ἄβουλον	a)/boulon	ἄβουλος	a)/boulos	urn:cite2:hmt:lsj.chicago_md:n148	n-s---na-
ἄγαγες	a)/gages	ἄγω	a)/gw	urn:cite2:hmt:lsj.chicago_md:n1083	v2saia---
ἄγαγες	a)/gages	ἄγω	a)/gw	urn:cite2:hmt:lsj.chicago_md:n1083	v2saia---
ἄγαν	a)/gan	ἄγαν	a)/gan	urn:cite2:hmt:lsj.chicago_md:n324	d--------
ἄγαν	a)/gan	ἄγη	a)/gh	urn:cite2:hmt:lsj.chicago_md:n487	n-s---fa-
ἄγαν	a)/gan	ἄγη	a)/gh	urn:cite2:hmt:lsj.chicago_md:n490	n-s---fa-
ἄγαν	a)/gan	ἀγάω	a)ga/w	urn:cite2:hmt:lsj.chicago_md:n376	v3piia---
ἄγαν	a)/gan	ἀγάω	a)ga/w	urn:cite2:hmt:lsj.chicago_md:n376	v1siia---
ἄγαν	a)/gan	ἀγάω	a)ga/w	urn:cite2:hmt:lsj.chicago_md:n376	v3piia---
ἄγαν	a)/gan	ἀγάω	a)ga/w	urn:cite2:hmt:lsj.chicago_md:n376	v1siia---
ἄγγελος	a)/ggelos	ἄγγελος	a)/ggelos	urn:cite2:hmt:lsj.chicago_md:n397	n-s---mn-
ἄγγελος	a)/ggelos	ἄγγελος	a)/ggelos	urn:cite2:hmt:lsj.chicago_md:n397	n-s---fn-
ἄγγος	a)/ggos	ἄγγος	a)/ggos	urn:cite2:hmt:lsj.chicago_md:n403	n-s---nn-
ἄγγος	a)/ggos	ἄγγος	a)/ggos	urn:cite2:hmt:lsj.chicago_md:n403	n-s---nv-
ἄγγος	a)/ggos	ἄγγος	a)/ggos	urn:cite2:hmt:lsj.chicago_md:n403	n-s---na-
ἄγε	a)/ge	ἄγε	a)/ge	urn:cite2:hmt:lsj.chicago_md:n408	d--------
ἄγε	a)/ge	ἄγω	a)/gw	urn:cite2:hmt:lsj.chicago_md:n1083	v2spma---
ἄγε	a)/ge	ἄγω	a)/gw	urn:cite2:hmt:lsj.chicago_md:n1083	v3siia---
ἄγειν	a)/gein	ἄγω	a)/gw	urn:cite2:hmt:lsj.chicago_md:n1083	v--pna---
ἄγεις	a)/geis	ἄγω	a)/gw	urn:cite2:hmt:lsj.chicago_md:n1083	v2spia---
ἄγεις	a)/geis	ἀγάω	a)ga/w	urn:cite2:hmt:lsj.chicago_md:n376	v2siia---
ἄγεις	a)/geis	ἀγάω	a)ga/w	urn:cite2:hmt:lsj.chicago_md:n376	v2siia---
ἄγλωσσος	a)/glwssos	ἄγλωσσος	a)/glwssos	urn:cite2:hmt:lsj.chicago_md:n686	n-s---mn-
ἄγλωσσος	a)/glwssos	ἄγλωσσος	a)/glwssos	urn:cite2:hmt:lsj.chicago_md:n686	n-s---fn-
ἄγοντ’	a)/gont'	ἄγω	a)/gw	urn:cite2:hmt:lsj.chicago_md:n1083	v-pppann-
ἄγοντ’	a)/gont'	ἄγω	a)/gw	urn:cite2:hmt:lsj.chicago_md:n1083	v-pppanv-
ἄγοντ’	a)/gont'	ἄγω	a)/gw	urn:cite2:hmt:lsj.chicago_md:n1083	v-pppana-
ἄγοντ’	a)/gont'	ἄγω	a)/gw	urn:cite2:hmt:lsj.chicago_md:n1083	v-sppama-
ἄγοντ’	a)/gont'	ἄγω	a)/gw	urn:cite2:hmt:lsj.chicago_md:n1083	v-sppamd-
ἄγοντ’	a)/gont'	ἄγω	a)/gw	urn:cite2:hmt:lsj.chicago_md:n1083	v-sppand-
ἄγοντ’	a)/gont'	ἄγω	a)/gw	urn:cite2:hmt:lsj.chicago_md:n1083	v3ppia---
ἄγοντ’	a)/gont'	ἄγω	a)/gw	urn:cite2:hmt:lsj.chicago_md:n1083	v3piie---
ἄγοντ’	a)/gont'	ἄγω	a)/gw	urn:cite2:hmt:lsj.chicago_md:n1083	v-dppamn-
ἄγοντ’	a)/gont'	ἄγω	a)/gw	urn:cite2:hmt:lsj.chicago_md:n1083	v-dppamv-
ἄγοντ’	a)/gont'	ἄγω	a)/gw	urn:cite2:hmt:lsj.chicago_md:n1083	v-dppama-
ἄγοντ’	a)/gont'	ἄγω	a)/gw	urn:cite2:hmt:lsj.chicago_md:n1083	v-dppann-
ἄγοντ’	a)/gont'	ἄγω	a)/gw	urn:cite2:hmt:lsj.chicago_md:n1083	v-dppanv-
ἄγοντ’	a)/gont'	ἄγω	a)/gw	urn:cite2:hmt:lsj.chicago_md:n1083	v-dppana-
ἄγοντ’	a)/gont'	ἄγω	a)/gw	urn:cite2:hmt:lsj.chicago_md:n1083	v3ppie---
ἄγοντ’	a)/gont'	ἄγω	a)/gw	urn:cite2:hmt:lsj.chicago_md:n1083	v3piie---
ἄγριον	a)/grion	ἄγριος	a)/grios	urn:cite2:hmt:lsj.chicago_md:n892	a-s---ma-
ἄγριον	a)/grion	ἄγριος	a)/grios	urn:cite2:hmt:lsj.chicago_md:n892	a-s---nn-
ἄγριον	a)/grion	ἄγριος	a)/grios	urn:cite2:hmt:lsj.chicago_md:n892	a-s---nv-
ἄγριον	a)/grion	ἄγριος	a)/grios	urn:cite2:hmt:lsj.chicago_md:n892	a-s---na-
ἄγριον	a)/grion	ἄγριος	a)/grios	urn:cite2:hmt:lsj.chicago_md:n892	n-s---ma-
ἄγριον	a)/grion	ἄγριος	a)/grios	urn:cite2:hmt:lsj.chicago_md:n892	n-s---fa-
ἄγριον	a)/grion	ἄγριος	a)/grios	urn:cite2:hmt:lsj.chicago_md:n892	n-s---nn-
ἄγριον	a)/grion	ἄγριος	a)/grios	urn:cite2:hmt:lsj.chicago_md:n892	n-s---nv-
ἄγριον	a)/grion	ἄγριος	a)/grios	urn:cite2:hmt:lsj.chicago_md:n892	n-s---na-
ἄγριον	a)/grion	ἀγρέω	a)gre/w	urn:cite2:hmt:lsj.chicago_md:n839	v3piia---
ἄγριον	a)/grion	ἀγρέω	a)gre/w	urn:cite2:hmt:lsj.chicago_md:n839	v1siia---
ἄγριον	a)/grion	ἀγρέω	a)gre/w	urn:cite2:hmt:lsj.chicago_md:n839	v3piia---
ἄγριον	a)/grion	ἀγρέω	a)gre/w	urn:cite2:hmt:lsj.chicago_md:n839	v1siia---
ἄγων	a)/gwn	ἄγω	a)/gw	urn:cite2:hmt:lsj.chicago_md:n1083	v-sppamn-
ἄγων	a)/gwn	ἀγάω	a)ga/w	urn:cite2:hmt:lsj.chicago_md:n376	v3piia---
ἄγων	a)/gwn	ἀγάω	a)ga/w	urn:cite2:hmt:lsj.chicago_md:n376	v1siia---
ἄγων	a)/gwn	ἀγάω	a)ga/w	urn:cite2:hmt:lsj.chicago_md:n376	v3piia---
ἄγων	a)/gwn	ἀγάω	a)ga/w	urn:cite2:hmt:lsj.chicago_md:n376	v1siia---
ἄγῃς	a)/gh|s	ἄγη	a)/gh	urn:cite2:hmt:lsj.chicago_md:n487	n-p---fd-
ἄγῃς	a)/gh|s	ἄγη	a)/gh	urn:cite2:hmt:lsj.chicago_md:n490	n-p---fd-
ἄγῃς	a)/gh|s	ἄγω	a)/gw	urn:cite2:hmt:lsj.chicago_md:n1083	v2spsa---
ἄδηλον	a)/dhlon	ἄδηλος	a)/dhlos	urn:cite2:hmt:lsj.chicago_md:n1239	n-s---ma-
ἄδηλον	a)/dhlon	ἄδηλος	a)/dhlos	urn:cite2:hmt:lsj.chicago_md:n1239	n-s---fa-
ἄδηλον	a)/dhlon	ἄδηλος	a)/dhlos	urn:cite2:hmt:lsj.chicago_md:n1239	n-s---nn-
ἄδηλον	a)/dhlon	ἄδηλος	a)/dhlos	urn:cite2:hmt:lsj.chicago_md:n1239	n-s---nv-
ἄδηλον	a)/dhlon	ἄδηλος	a)/dhlos	urn:cite2:hmt:lsj.chicago_md:n1239	n-s---na-
ἄεθλ’	a)/eql'	ἆθλον	a)=qlon	urn:cite2:hmt:lsj.chicago_md:n2031	n-p---nn-
ἄεθλ’	a)/eql'	ἆθλον	a)=qlon	urn:cite2:hmt:lsj.chicago_md:n2031	n-p---nv-
ἄεθλ’	a)/eql'	ἆθλον	a)=qlon	urn:cite2:hmt:lsj.chicago_md:n2031	n-p---na-
ἄεθλ’	a)/eql'	ἆθλος	a)=qlos	urn:cite2:hmt:lsj.chicago_md:n2032	n-s---mv-
ἄελπτον	a)/elpton	ἄελπτος	a)/elptos	urn:cite2:hmt:lsj.chicago_md:n1688	n-s---ma-
ἄελπτον	a)/elpton	ἄελπτος	a)/elptos	urn:cite2:hmt:lsj.chicago_md:n1688	n-s---fa-
ἄελπτον	a)/elpton	ἄελπτος	a)/elptos	urn:cite2:hmt:lsj.chicago_md:n1688	n-s---nn-
ἄελπτον	a)/elpton	ἄελπτος	a)/elptos	urn:cite2:hmt:lsj.chicago_md:n1688	n-s---nv-
ἄελπτον	a)/elpton	ἄελπτος	a)/elptos	urn:cite2:hmt:lsj.chicago_md:n1688	n-s---na-
ἄζηλον	a)/zhlon	ἄζηλος	a)/zhlos	urn:cite2:hmt:lsj.chicago_md:n1816	n-s---ma-
ἄζηλον	a)/zhlon	ἄζηλος	a)/zhlos	urn:cite2:hmt:lsj.chicago_md:n1816	n-s---fa-
ἄζηλον	a)/zhlon	ἄζηλος	a)/zhlos	urn:cite2:hmt:lsj.chicago_md:n1816	n-s---nn-
ἄζηλον	a)/zhlon	ἄζηλος	a)/zhlos	urn:cite2:hmt:lsj.chicago_md:n1816	n-s---nv-
ἄζηλον	a)/zhlon	ἄζηλος	a)/zhlos	urn:cite2:hmt:lsj.chicago_md:n1816	n-s---na-
ἄθικτον	a)/qikton	ἄθικτος	a)/qiktos	urn:cite2:hmt:lsj.chicago_md:n2008	n-s---ma-
ἄθικτον	a)/qikton	ἄθικτος	a)/qiktos	urn:cite2:hmt:lsj.chicago_md:n2008	n-s---fa-
ἄθικτον	a)/qikton	ἄθικτος	a)/qiktos	urn:cite2:hmt:lsj.chicago_md:n2008	n-s---nn-
ἄθικτον	a)/qikton	ἄθικτος	a)/qiktos	urn:cite2:hmt:lsj.chicago_md:n2008	n-s---nv-
ἄθικτον	a)/qikton	ἄθικτος	a)/qiktos	urn:cite2:hmt:lsj.chicago_md:n2008	n-s---na-
ἄθλιον	a)/qlion	ἄθλιος	a)/qlios	urn:cite2:hmt:lsj.chicago_md:n2024	a-s---ma-
ἄθλιον	a)/qlion	ἄθλιος	a)/qlios	urn:cite2:hmt:lsj.chicago_md:n2024	a-s---nn-
ἄθλιον	a)/qlion	ἄθλιος	a)/qlios	urn:cite2:hmt:lsj.chicago_md:n2024	a-s---nv-
ἄθλιον	a)/qlion	ἄθλιος	a)/qlios	urn:cite2:hmt:lsj.chicago_md:n2024	a-s---na-
ἄθλιον	a)/qlion	ἄθλιος	a)/qlios	urn:cite2:hmt:lsj.chicago_md:n2024	n-s---ma-
ἄθλιον	a)/qlion	ἄθλιος	a)/qlios	urn:cite2:hmt:lsj.chicago_md:n2024	n-s---fa-
ἄθλιον	a)/qlion	ἄθλιος	a)/qlios	urn:cite2:hmt:lsj.chicago_md:n2024	n-s---nn-
ἄθλιον	a)/qlion	ἄθλιος	a)/qlios	urn:cite2:hmt:lsj.chicago_md:n2024	n-s---nv-
ἄθλιον	a)/qlion	ἄθλιος	a)/qlios	urn:cite2:hmt:lsj.chicago_md:n2024	n-s---na-
ἄθλιον	a)/qlion	ἀθλέω	a)qle/w	urn:cite2:hmt:lsj.chicago_md:n2012	v3piia---
ἄθλιον	a)/qlion	ἀθλέω	a)qle/w	urn:cite2:hmt:lsj.chicago_md:n2012	v1siia---
ἄθλιον	a)/qlion	ἀθλέω	a)qle/w	urn:cite2:hmt:lsj.chicago_md:n2012	v3piia---
ἄθλιον	a)/qlion	ἀθλέω	a)qle/w	urn:cite2:hmt:lsj.chicago_md:n2012	v1siia---
ἄθλων	a)/qlwn	ἆθλον	a)=qlon	urn:cite2:hmt:lsj.chicago_md:n2031	n-p---ng-
ἄθλων	a)/qlwn	ἆθλος	a)=qlos	urn:cite2:hmt:lsj.chicago_md:n2032	n-p---mg-
ἄκουε	a)/koue	ἀκούω	a)kou/w	urn:cite2:hmt:lsj.chicago_md:n3398	v3siia---
ἄκουε	a)/koue	ἀκούω	a)kou/w	urn:cite2:hmt:lsj.chicago_md:n3398	v2spma---
ἄκουε	a)/koue	ἀκούω	a)kou/w	urn:cite2:hmt:lsj.chicago_md:n3398	v3siia---
ἄκουσα	a)/kousa	ἀέκων	a)e/kwn	urn:cite2:hmt:lsj.chicago_md:n1666	a-s---fn-
ἄκουσα	a)/kousa	ἀέκων	a)e/kwn	urn:cite2:hmt:lsj.chicago_md:n1666	a-s---fv-
ἄκουσα	a)/kousa	ἀκούω	a)kou/w	urn:cite2:hmt:lsj.chicago_md:n3398	v1saia---
ἄκουσα	a)/kousa	ἀκούω	a)kou/w	urn:cite2:hmt:lsj.chicago_md:n3398	v1saia---
ἄκουσον	a)/kouson	ἀκούω	a)kou/w	urn:cite2:hmt:lsj.chicago_md:n3398	v2sama---
ἄκραι	a)/krai	ἄκρα	a)/kra	urn:cite2:hmt:lsj.chicago_md:n3399	n-p---fn-
ἄκραι	a)/krai	ἄκρα	a)/kra	urn:cite2:hmt:lsj.chicago_md:n3399	n-p---fv-
ἄκραι	a)/krai	ἄκρα	a)/kra	urn:cite2:hmt:lsj.chicago_md:n3399	n-s---fd-
ἄκραι	a)/krai	ἄκρος	a)/kros	urn:cite2:hmt:lsj.chicago_md:n3630	a-p---fn-
ἄκραι	a)/krai	ἄκρος	a)/kros	urn:cite2:hmt:lsj.chicago_md:n3630	a-p---fv-
ἄκραι	a)/krai	ἄκρος	a)/kros	urn:cite2:hmt:lsj.chicago_md:n3630	a-s---fd-
ἄκρας	a)/kras	ἄκρα	a)/kra	urn:cite2:hmt:lsj.chicago_md:n3399	n-p---fa-
ἄκρας	a)/kras	ἄκρα	a)/kra	urn:cite2:hmt:lsj.chicago_md:n3399	n-s---fg-
ἄκρας	a)/kras	ἄκρος	a)/kros	urn:cite2:hmt:lsj.chicago_md:n3630	a-p---fa-
ἄκρας	a)/kras	ἄκρος	a)/kros	urn:cite2:hmt:lsj.chicago_md:n3630	a-s---fg-
ἄκρον	a)/kron	ἄκρον	a)/kron	urn:cite2:hmt:lsj.chicago_md:n3591	n-s---nn-
ἄκρον	a)/kron	ἄκρον	a)/kron	urn:cite2:hmt:lsj.chicago_md:n3591	n-s---nv-
ἄκρον	a)/kron	ἄκρον	a)/kron	urn:cite2:hmt:lsj.chicago_md:n3591	n-s---na-
ἄκρον	a)/kron	ἄκρος	a)/kros	urn:cite2:hmt:lsj.chicago_md:n3630	a-s---ma-
ἄκρον	a)/kron	ἄκρος	a)/kros	urn:cite2:hmt:lsj.chicago_md:n3630	a-s---nn-
ἄκρον	a)/kron	ἄκρος	a)/kros	urn:cite2:hmt:lsj.chicago_md:n3630	a-s---nv-
ἄκρον	a)/kron	ἄκρος	a)/kros	urn:cite2:hmt:lsj.chicago_md:n3630	a-s---na-
ἄκρον	a)/kron	ἄκρων	a)/krwn	urn:cite2:hmt:lsj.chicago_md:n3696	n-s---mv-
ἄλγιστον	a)/lgiston	ἀλγίων	a)lgi/wn	urn:cite2:hmt:lsj.chicago_md:n3902	a-s---ma-
ἄλγιστον	a)/lgiston	ἀλγίων	a)lgi/wn	urn:cite2:hmt:lsj.chicago_md:n3902	a-s---nn-
ἄλγιστον	a)/lgiston	ἀλγίων	a)lgi/wn	urn:cite2:hmt:lsj.chicago_md:n3902	a-s---nv-
ἄλγιστον	a)/lgiston	ἀλγίων	a)lgi/wn	urn:cite2:hmt:lsj.chicago_md:n3902	a-s---na-
ἄλγος	a)/lgos	ἄλγος	a)/lgos	urn:cite2:hmt:lsj.chicago_md:n3903	n-s---nn-
ἄλγος	a)/lgos	ἄλγος	a)/lgos	urn:cite2:hmt:lsj.chicago_md:n3903	n-s---nv-
ἄλγος	a)/lgos	ἄλγος	a)/lgos	urn:cite2:hmt:lsj.chicago_md:n3903	n-s---na-
ἄλκιμον	a)/lkimon	ἄλκιμος	a)/lkimos	urn:cite2:hmt:lsj.chicago_md:n4345	a-s---ma-
ἄλκιμον	a)/lkimon	ἄλκιμος	a)/lkimos	urn:cite2:hmt:lsj.chicago_md:n4345	a-s---nn-
ἄλκιμον	a)/lkimon	ἄλκιμος	a)/lkimos	urn:cite2:hmt:lsj.chicago_md:n4345	a-s---nv-
ἄλκιμον	a)/lkimon	ἄλκιμος	a)/lkimos	urn:cite2:hmt:lsj.chicago_md:n4345	a-s---na-
ἄλκιμον	a)/lkimon	ἄλκιμος	a)/lkimos	urn:cite2:hmt:lsj.chicago_md:n4345	n-s---ma-
ἄλκιμον	a)/lkimon	ἄλκιμος	a)/lkimos	urn:cite2:hmt:lsj.chicago_md:n4345	n-s---fa-
ἄλκιμον	a)/lkimon	ἄλκιμος	a)/lkimos	urn:cite2:hmt:lsj.chicago_md:n4345	n-s---nn-
ἄλκιμον	a)/lkimon	ἄλκιμος	a)/lkimos	urn:cite2:hmt:lsj.chicago_md:n4345	n-s---nv-
ἄλκιμον	a)/lkimon	ἄλκιμος	a)/lkimos	urn:cite2:hmt:lsj.chicago_md:n4345	n-s---na-
ἄλλα	a)/lla	ἄλλος	a)/llos	urn:cite2:hmt:lsj.chicago_md:n4490	n-p---nn-
ἄλλα	a)/lla	ἄλλος	a)/llos	urn:cite2:hmt:lsj.chicago_md:n4490	n-p---nv-
ἄλλα	a)/lla	ἄλλος	a)/llos	urn:cite2:hmt:lsj.chicago_md:n4490	n-p---na-
ἄλλα	a)/lla	ἄλλος	a)/llos	urn:cite2:hmt:lsj.chicago_md:n4490	n-d---fn-
ἄλλα	a)/lla	ἄλλος	a)/llos	urn:cite2:hmt:lsj.chicago_md:n4490	n-d---fv-
ἄλλα	a)/lla	ἄλλος	a)/llos	urn:cite2:hmt:lsj.chicago_md:n4490	n-d---fa-
ἄλλα	a)/lla	ἄλλος	a)/llos	urn:cite2:hmt:lsj.chicago_md:n4490	n-s---fn-
ἄλλα	a)/lla	ἄλλος	a)/llos	urn:cite2:hmt:lsj.chicago_md:n4490	n-s---fv-
ἄλλην	a)/llhn	ἄλλος	a)/llos	urn:cite2:hmt:lsj.chicago_md:n4490	n-s---fa-
ἄλλο	a)/llo	ἄλλος	a)/llos	urn:cite2:hmt:lsj.chicago_md:n4490	n-s---nn-
ἄλλο	a)/llo	ἄλλος	a)/llos	urn:cite2:hmt:lsj.chicago_md:n4490	n-s---nv-
ἄλλο	a)/llo	ἄλλος	a)/llos	urn:cite2:hmt:lsj.chicago_md:n4490	n-s---na-
ἄλλοις	a)/llois	ἄλλος	a)/llos	urn:cite2:hmt:lsj.chicago_md:n4490	n-p---nd-
ἄλλοις	a)/llois	ἄλλος	a)/llos	urn:cite2:hmt:lsj.chicago_md:n4490	n-p---md-
ἄλλον	a)/llon	ἄλλος	a)/llos	urn:cite2:hmt:lsj.chicago_md:n4490	n-s---ma-
ἄλλος	a)/llos	ἄλλος	a)/llos	urn:cite2:hmt:lsj.chicago_md:n4490	n-s---mn-
ἄλλοσ’	a)/llos'	ἄλλοτε	a)/llote	urn:cite2:hmt:lsj.chicago_md:n4493	d--------
ἄλλοτ’	a)/llot'	ἄλλοτε	a)/llote	urn:cite2:hmt:lsj.chicago_md:n4493	d--------
ἄλλου	a)/llou	ἄλλος	a)/llos	urn:cite2:hmt:lsj.chicago_md:n4490	n-s---ng-
ἄλλου	a)/llou	ἄλλος	a)/llos	urn:cite2:hmt:lsj.chicago_md:n4490	n-s---mg-
ἄλλων	a)/llwn	ἄλλος	a)/llos	urn:cite2:hmt:lsj.chicago_md:n4490	n-p---ng-
ἄλλων	a)/llwn	ἄλλος	a)/llos	urn:cite2:hmt:lsj.chicago_md:n4490	n-p---fg-
ἄλλων	a)/llwn	ἄλλος	a)/llos	urn:cite2:hmt:lsj.chicago_md:n4490	n-p---mg-
ἄλλως	a)/llws	ἄλλος	a)/llos	urn:cite2:hmt:lsj.chicago_md:n4490	n-p---ma-
ἄλλως	a)/llws	ἄλλως	a)/llws	urn:cite2:hmt:lsj.chicago_md:n4548	d--------
ἄλλῃ	a)/llh|	ἄλλῃ	a)/llh|	urn:cite2:hmt:lsj.chicago_md:n4388	d--------
ἄλλῃ	a)/llh|	ἄλλος	a)/llos	urn:cite2:hmt:lsj.chicago_md:n4490	n-s---fd-
ἄλσος	a)/lsos	ἄλσος	a)/lsos	urn:cite2:hmt:lsj.chicago_md:n4683	n-s---nn-
ἄλσος	a)/lsos	ἄλσος	a)/lsos	urn:cite2:hmt:lsj.chicago_md:n4683	n-s---nv-
ἄλσος	a)/lsos	ἄλσος	a)/lsos	urn:cite2:hmt:lsj.chicago_md:n4683	n-s---na-
ἄμικτον	a)/mikton	ἄμικτος	a)/miktos	urn:cite2:hmt:lsj.chicago_md:n5273	n-s---ma-
ἄμικτον	a)/mikton	ἄμικτος	a)/miktos	urn:cite2:hmt:lsj.chicago_md:n5273	n-s---fa-
ἄμικτον	a)/mikton	ἄμικτος	a)/miktos	urn:cite2:hmt:lsj.chicago_md:n5273	n-s---nn-
ἄμικτον	a)/mikton	ἄμικτος	a)/miktos	urn:cite2:hmt:lsj.chicago_md:n5273	n-s---nv-
ἄμικτον	a)/mikton	ἄμικτος	a)/miktos	urn:cite2:hmt:lsj.chicago_md:n5273	n-s---na-
ἄμμιγά	a)/mmiga/	ἀνάμιγα	a)na/miga	urn:cite2:hmt:lsj.chicago_md:n7000	d--------
ἄμοχθον	a)/moxqon	ἄμοχθος	a)/moxqos	urn:cite2:hmt:lsj.chicago_md:n5460	n-s---ma-
ἄμοχθον	a)/moxqon	ἄμοχθος	a)/moxqos	urn:cite2:hmt:lsj.chicago_md:n5460	n-s---fa-
ἄμοχθον	a)/moxqon	ἄμοχθος	a)/moxqos	urn:cite2:hmt:lsj.chicago_md:n5460	n-s---nn-
ἄμοχθον	a)/moxqon	ἄμοχθος	a)/moxqos	urn:cite2:hmt:lsj.chicago_md:n5460	n-s---nv-
ἄμοχθον	a)/moxqon	ἄμοχθος	a)/moxqos	urn:cite2:hmt:lsj.chicago_md:n5460	n-s---na-
ἄν	a)/n	ἄν1	a)/n	urn:cite2:hmt:lsj.chicago_md:n6207	g--------
ἄν	a)/n	ἄν1	a)/n	urn:cite2:hmt:lsj.chicago_md:n6208	g--------
ἄν	a)/n	ἄν1	a)/n	urn:cite2:hmt:lsj.chicago_md:n6209	g--------
ἄν	a)/n	ἄν1	a)/n	urn:cite2:hmt:lsj.chicago_md:n6210	g--------
ἄν	a)/n	ἄν2	a)/n	urn:cite2:hmt:lsj.chicago_md:n6207	c--------
ἄν	a)/n	ἄν2	a)/n	urn:cite2:hmt:lsj.chicago_md:n6208	c--------
ἄν	a)/n	ἄν2	a)/n	urn:cite2:hmt:lsj.chicago_md:n6209	c--------
ἄν	a)/n	ἄν2	a)/n	urn:cite2:hmt:lsj.chicago_md:n6210	c--------
ἄν	a)/n	ἀνά	a)na/	urn:cite2:hmt:lsj.chicago_md:n6213	r--------
ἄν	a)/n	ἐάν	e)a/n	urn:cite2:hmt:lsj.chicago_md:n29859	c--------
ἄνακτα	a)/nakta	ἄναξ	a)/nac	urn:cite2:hmt:lsj.chicago_md:n7094	n-s---ma-
ἄνακτος	a)/naktos	ἄναξ	a)/nac	urn:cite2:hmt:lsj.chicago_md:n7094	n-s---mg-
ἄνανδρος	a)/nandros	ἄνανδρος	a)/nandros	urn:cite2:hmt:lsj.chicago_md:n7051	n-s---mn-
ἄνανδρος	a)/nandros	ἄνανδρος	a)/nandros	urn:cite2:hmt:lsj.chicago_md:n7051	n-s---fn-
ἄναξ	a)/nac	ἄναξ	a)/nac	urn:cite2:hmt:lsj.chicago_md:n7094	n-s---mn-
ἄναξ	a)/nac	ἄναξ	a)/nac	urn:cite2:hmt:lsj.chicago_md:n7094	n-s---mv-
ἄναρθρος	a)/narqros	ἄναρθρος	a)/narqros	urn:cite2:hmt:lsj.chicago_md:n7352	n-s---mn-
ἄναρθρος	a)/narqros	ἄναρθρος	a)/narqros	urn:cite2:hmt:lsj.chicago_md:n7352	n-s---fn-
ἄνασσα	a)/nassa	ἄνασσα	a)/nassa	urn:cite2:hmt:lsj.chicago_md:n7501	n-s---fn-
ἄνασσα	a)/nassa	ἄνασσα	a)/nassa	urn:cite2:hmt:lsj.chicago_md:n7501	n-s---fv-
ἄνασσα	a)/nassa	ἀνάζω	a)na/zw	urn:cite2:hmt:lsj.chicago_md:n6509	v1saia---
ἄνασσα	a)/nassa	ἀνάζω	a)na/zw	urn:cite2:hmt:lsj.chicago_md:n6509	v1saia---
ἄνασσαν	a)/nassan	ἄνασσα	a)/nassa	urn:cite2:hmt:lsj.chicago_md:n7501	n-s---fa-
ἄνασσαν	a)/nassan	ἀνάζω	a)na/zw	urn:cite2:hmt:lsj.chicago_md:n6509	v3paia---
ἄνασσαν	a)/nassan	ἀνάζω	a)na/zw	urn:cite2:hmt:lsj.chicago_md:n6509	v3paia---
ἄναυδος	a)/naudos	ἄναυδος	a)/naudos	urn:cite2:hmt:lsj.chicago_md:n7689	n-s---mn-
ἄναυδος	a)/naudos	ἄναυδος	a)/naudos	urn:cite2:hmt:lsj.chicago_md:n7689	n-s---fn-
ἄνδρα	a)/ndra	ἀνήρ	a)nh/r	urn:cite2:hmt:lsj.chicago_md:n8665	n-s---ma-
ἄνδρ’	a)/ndr'	ἀνήρ	a)nh/r	urn:cite2:hmt:lsj.chicago_md:n8665	n-s---ma-
ἄνδρ’	a)/ndr'	ἀνήρ	a)nh/r	urn:cite2:hmt:lsj.chicago_md:n8665	n-d---mn-
ἄνδρ’	a)/ndr'	ἀνήρ	a)nh/r	urn:cite2:hmt:lsj.chicago_md:n8665	n-d---mv-
ἄνδρ’	a)/ndr'	ἀνήρ	a)nh/r	urn:cite2:hmt:lsj.chicago_md:n8665	n-d---ma-
ἄνευ	a)/neu	ἄνευ	a)/neu	urn:cite2:hmt:lsj.chicago_md:n8529	r--------
ἄνευ	a)/neu	ἄνω1	a)/nw	urn:cite2:hmt:lsj.chicago_md:n10922	v2siie---
ἄνευ	a)/neu	ἄνω1	a)/nw	urn:cite2:hmt:lsj.chicago_md:n10923	v2siie---
ἄνευ	a)/neu	ἄνω1	a)/nw	urn:cite2:hmt:lsj.chicago_md:n10922	v2spme---
ἄνευ	a)/neu	ἄνω1	a)/nw	urn:cite2:hmt:lsj.chicago_md:n10923	v2spme---
ἄνευ	a)/neu	ἄνω1	a)/nw	urn:cite2:hmt:lsj.chicago_md:n10922	v2siie---
ἄνευ	a)/neu	ἄνω1	a)/nw	urn:cite2:hmt:lsj.chicago_md:n10923	v2siie---
ἄνθος	a)/nqos	ἄνθος	a)/nqos	urn:cite2:hmt:lsj.chicago_md:n8817	n-s---nn-
ἄνθος	a)/nqos	ἄνθος	a)/nqos	urn:cite2:hmt:lsj.chicago_md:n8818	n-s---nn-
ἄνθος	a)/nqos	ἄνθος	a)/nqos	urn:cite2:hmt:lsj.chicago_md:n8817	n-s---nv-
ἄνθος	a)/nqos	ἄνθος	a)/nqos	urn:cite2:hmt:lsj.chicago_md:n8818	n-s---nv-
ἄνθος	a)/nqos	ἄνθος	a)/nqos	urn:cite2:hmt:lsj.chicago_md:n8817	n-s---na-
ἄνθος	a)/nqos	ἄνθος	a)/nqos	urn:cite2:hmt:lsj.chicago_md:n8818	n-s---na-
ἄνομον	a)/nomon	ἄνομος	a)/nomos	urn:cite2:hmt:lsj.chicago_md:n9250	n-s---ma-
ἄνομον	a)/nomon	ἄνομος	a)/nomos	urn:cite2:hmt:lsj.chicago_md:n9250	n-s---fa-
ἄνομον	a)/nomon	ἄνομος	a)/nomos	urn:cite2:hmt:lsj.chicago_md:n9250	n-s---nn-
ἄνομον	a)/nomon	ἄνομος	a)/nomos	urn:cite2:hmt:lsj.chicago_md:n9250	n-s---nv-
ἄνομον	a)/nomon	ἄνομος	a)/nomos	urn:cite2:hmt:lsj.chicago_md:n9250	n-s---na-
ἄνω	a)/nw	ἄνοος	a)/noos	urn:cite2:hmt:lsj.chicago_md:n9260	n-d---mn-
ἄνω	a)/nw	ἄνοος	a)/noos	urn:cite2:hmt:lsj.chicago_md:n9260	n-d---mv-
ἄνω	a)/nw	ἄνοος	a)/noos	urn:cite2:hmt:lsj.chicago_md:n9260	n-d---ma-
ἄνω	a)/nw	ἄνοος	a)/noos	urn:cite2:hmt:lsj.chicago_md:n9260	n-d---fn-
ἄνω	a)/nw	ἄνοος	a)/noos	urn:cite2:hmt:lsj.chicago_md:n9260	n-d---fv-
ἄνω	a)/nw	ἄνοος	a)/noos	urn:cite2:hmt:lsj.chicago_md:n9260	n-d---fa-
ἄνω	a)/nw	ἄνοος	a)/noos	urn:cite2:hmt:lsj.chicago_md:n9260	n-d---nn-
ἄνω	a)/nw	ἄνοος	a)/noos	urn:cite2:hmt:lsj.chicago_md:n9260	n-d---nv-
ἄνω	a)/nw	ἄνοος	a)/noos	urn:cite2:hmt:lsj.chicago_md:n9260	n-d---na-
ἄνω	a)/nw	ἄνω1	a)/nw	urn:cite2:hmt:lsj.chicago_md:n10922	v1spsa---
ἄνω	a)/nw	ἄνω1	a)/nw	urn:cite2:hmt:lsj.chicago_md:n10923	v1spsa---
ἄνω	a)/nw	ἄνω1	a)/nw	urn:cite2:hmt:lsj.chicago_md:n10922	v1spia---
ἄνω	a)/nw	ἄνω1	a)/nw	urn:cite2:hmt:lsj.chicago_md:n10923	v1spia---
ἄνω	a)/nw	ἄνω2	a)/nw	urn:cite2:hmt:lsj.chicago_md:n10922	d--------
ἄνω	a)/nw	ἄνω2	a)/nw	urn:cite2:hmt:lsj.chicago_md:n10923	d--------
ἄνωγας	a)/nwgas	ἄνωγα	a)/nwga	urn:cite2:hmt:lsj.chicago_md:n10924	v2sria---
ἄοκνος	a)/oknos	ἄοκνος	a)/oknos	urn:cite2:hmt:lsj.chicago_md:n11123	n-s---mn-
ἄοκνος	a)/oknos	ἄοκνος	a)/oknos	urn:cite2:hmt:lsj.chicago_md:n11123	n-s---fn-
ἄπαιδας	a)/paidas	ἄπαις	a)/pais	urn:cite2:hmt:lsj.chicago_md:n11245	n-p---ma-
ἄπαιδας	a)/paidas	ἄπαις	a)/pais	urn:cite2:hmt:lsj.chicago_md:n11245	n-p---fa-
ἄπειμι	a)/peimi	ἄπειμι1	a)/peimi	urn:cite2:hmt:lsj.chicago_md:n11709	v1spia---
ἄπειμι	a)/peimi	ἄπειμι1	a)/peimi	urn:cite2:hmt:lsj.chicago_md:n11710	v1spia---
ἄπειμι	a)/peimi	ἄπειμι2	a)/peimi	urn:cite2:hmt:lsj.chicago_md:n11709	v1spia---
ἄπειμι	a)/peimi	ἄπειμι2	a)/peimi	urn:cite2:hmt:lsj.chicago_md:n11710	v1spia---
ἄπειρος	a)/peiros	ἄπειροσ1	a)/peiros	urn:cite2:hmt:lsj.chicago_md:n11760	n-s---mn-
ἄπειρος	a)/peiros	ἄπειροσ1	a)/peiros	urn:cite2:hmt:lsj.chicago_md:n11761	n-s---mn-
ἄπειρος	a)/peiros	ἄπειροσ1	a)/peiros	urn:cite2:hmt:lsj.chicago_md:n11760	n-s---fn-
ἄπειρος	a)/peiros	ἄπειροσ1	a)/peiros	urn:cite2:hmt:lsj.chicago_md:n11761	n-s---fn-
ἄπειρος	a)/peiros	ἄπειροσ2	a)/peiros	urn:cite2:hmt:lsj.chicago_md:n11760	n-s---mn-
ἄπειρος	a)/peiros	ἄπειροσ2	a)/peiros	urn:cite2:hmt:lsj.chicago_md:n11761	n-s---mn-
ἄπειρος	a)/peiros	ἄπειροσ2	a)/peiros	urn:cite2:hmt:lsj.chicago_md:n11760	n-s---fn-
ἄπειρος	a)/peiros	ἄπειροσ2	a)/peiros	urn:cite2:hmt:lsj.chicago_md:n11761	n-s---fn-
ἄπειρος	a)/peiros	ἤπειρος	h)/peiros	urn:cite2:hmt:lsj.chicago_md:n47462	n-s---fn-
ἄπεστιν	a)/pestin	ἄπειμι1	a)/peimi	urn:cite2:hmt:lsj.chicago_md:n11709	v3spia---
ἄπεστιν	a)/pestin	ἄπειμι1	a)/peimi	urn:cite2:hmt:lsj.chicago_md:n11710	v3spia---
ἄπλατον	a)/platon	ἄπλατος	a)/platos	urn:cite2:hmt:lsj.chicago_md:n12169	n-s---ma-
ἄπλατον	a)/platon	ἄπλατος	a)/platos	urn:cite2:hmt:lsj.chicago_md:n12169	n-s---fa-
ἄπλατον	a)/platon	ἄπλατος	a)/platos	urn:cite2:hmt:lsj.chicago_md:n12169	n-s---nn-
ἄπλατον	a)/platon	ἄπλατος	a)/platos	urn:cite2:hmt:lsj.chicago_md:n12169	n-s---nv-
ἄπλατον	a)/platon	ἄπλατος	a)/platos	urn:cite2:hmt:lsj.chicago_md:n12169	n-s---na-
ἄπλετον	a)/pleton	ἄπλετος	a)/pletos	urn:cite2:hmt:lsj.chicago_md:n12176	n-s---ma-
ἄπλετον	a)/pleton	ἄπλετος	a)/pletos	urn:cite2:hmt:lsj.chicago_md:n12176	n-s---fa-
ἄπλετον	a)/pleton	ἄπλετος	a)/pletos	urn:cite2:hmt:lsj.chicago_md:n12176	n-s---nn-
ἄπλετον	a)/pleton	ἄπλετος	a)/pletos	urn:cite2:hmt:lsj.chicago_md:n12176	n-s---nv-
ἄπλετον	a)/pleton	ἄπλετος	a)/pletos	urn:cite2:hmt:lsj.chicago_md:n12176	n-s---na-
ἄπυρον	a)/puron	ἄπυρος	a)/puros	urn:cite2:hmt:lsj.chicago_md:n14592	n-s---ma-
ἄπυρον	a)/puron	ἄπυρος	a)/puros	urn:cite2:hmt:lsj.chicago_md:n14592	n-s---fa-
ἄπυρον	a)/puron	ἄπυρος	a)/puros	urn:cite2:hmt:lsj.chicago_md:n14592	n-s---nn-
ἄπυρον	a)/puron	ἄπυρος	a)/puros	urn:cite2:hmt:lsj.chicago_md:n14592	n-s---nv-
ἄπυρον	a)/puron	ἄπυρος	a)/puros	urn:cite2:hmt:lsj.chicago_md:n14592	n-s---na-
ἄπωθεν	a)/pwqen	ἄπωθεν	a)/pwqen	urn:cite2:hmt:lsj.chicago_md:n14603	d--------
ἄρα	a)/ra	ἄρα	a)/ra	urn:cite2:hmt:lsj.chicago_md:n14639	g--------
ἄρα	a)/ra	ἄρον	a)/ron	urn:cite2:hmt:lsj.chicago_md:n15343	n-p---nn-
ἄρα	a)/ra	ἄρον	a)/ron	urn:cite2:hmt:lsj.chicago_md:n15343	n-p---nv-
ἄρα	a)/ra	ἄρον	a)/ron	urn:cite2:hmt:lsj.chicago_md:n15343	n-p---na-
ἄρα	a)/ra	ἄρος	a)/ros	urn:cite2:hmt:lsj.chicago_md:n15345	n-p---nn-
ἄρα	a)/ra	ἄρος	a)/ros	urn:cite2:hmt:lsj.chicago_md:n15345	n-p---nv-
ἄρα	a)/ra	ἄρος	a)/ros	urn:cite2:hmt:lsj.chicago_md:n15345	n-p---na-
ἄρας	a)/ras	αἴρω	ai)/rw	urn:cite2:hmt:lsj.chicago_md:n2660	v-sapamn-
ἄρας	a)/ras	αἴρω	ai)/rw	urn:cite2:hmt:lsj.chicago_md:n2660	v-sapamv-
ἄρθρον	a)/rqron	ἄρθρον	a)/rqron	urn:cite2:hmt:lsj.chicago_md:n15011	n-s---nn-
ἄρθρον	a)/rqron	ἄρθρον	a)/rqron	urn:cite2:hmt:lsj.chicago_md:n15011	n-s---nv-
ἄρθρον	a)/rqron	ἄρθρον	a)/rqron	urn:cite2:hmt:lsj.chicago_md:n15011	n-s---na-
ἄριστον	a)/riston	ἄριστον	a)/riston	urn:cite2:hmt:lsj.chicago_md:n15121	n-s---nn-
ἄριστον	a)/riston	ἄριστον	a)/riston	urn:cite2:hmt:lsj.chicago_md:n15121	n-s---nv-
ἄριστον	a)/riston	ἄριστον	a)/riston	urn:cite2:hmt:lsj.chicago_md:n15121	n-s---na-
ἄριστον	a)/riston	ἄριστον	a)/riston	urn:cite2:hmt:lsj.chicago_md:n15121	n-s---nn-
ἄριστον	a)/riston	ἄριστον	a)/riston	urn:cite2:hmt:lsj.chicago_md:n15121	n-s---nv-
ἄριστον	a)/riston	ἄριστον	a)/riston	urn:cite2:hmt:lsj.chicago_md:n15121	n-s---na-
ἄριστον	a)/riston	ἄριστος	a)/ristos	urn:cite2:hmt:lsj.chicago_md:n15133	a-s---ma-
ἄριστον	a)/riston	ἄριστος	a)/ristos	urn:cite2:hmt:lsj.chicago_md:n15133	a-s---nn-
ἄριστον	a)/riston	ἄριστος	a)/ristos	urn:cite2:hmt:lsj.chicago_md:n15133	a-s---nv-
ἄριστον	a)/riston	ἄριστος	a)/ristos	urn:cite2:hmt:lsj.chicago_md:n15133	a-s---na-
ἄρκτου	a)/rktou	ἄρκτος	a)/rktos	urn:cite2:hmt:lsj.chicago_md:n15198	n-s---fg-
ἄρνυμαι	a)/rnumai	ἄρνυμαι	a)/rnumai	urn:cite2:hmt:lsj.chicago_md:n15335	v1spie---
ἄροτον	a)/roton	ἄροτος	a)/rotos	urn:cite2:hmt:lsj.chicago_md:n15354	n-s---ma-
ἄροτον	a)/roton	ἀρόω	a)ro/w	urn:cite2:hmt:lsj.chicago_md:n15388	v2diia---
ἄροτον	a)/roton	ἀρόω	a)ro/w	urn:cite2:hmt:lsj.chicago_md:n15388	v2dpma---
ἄροτον	a)/roton	ἀρόω	a)ro/w	urn:cite2:hmt:lsj.chicago_md:n15388	v3dpia---
ἄροτον	a)/roton	ἀρόω	a)ro/w	urn:cite2:hmt:lsj.chicago_md:n15388	v2dpia---
ἄροτον	a)/roton	ἀρόω	a)ro/w	urn:cite2:hmt:lsj.chicago_md:n15388	v2diia---
ἄροτος	a)/rotos	ἄροτος	a)/rotos	urn:cite2:hmt:lsj.chicago_md:n15354	n-s---mn-
ἄρουραν	a)/rouran	ἄρουρα	a)/roura	urn:cite2:hmt:lsj.chicago_md:n15378	n-s---fa-
ἄρσεν’	a)/rsen'	ἄρσην	a)/rshn	urn:cite2:hmt:lsj.chicago_md:n15571	n-p---nn-
ἄρσεν’	a)/rsen'	ἄρσην	a)/rshn	urn:cite2:hmt:lsj.chicago_md:n15571	n-p---nv-
ἄρσεν’	a)/rsen'	ἄρσην	a)/rshn	urn:cite2:hmt:lsj.chicago_md:n15571	n-p---na-
ἄρσεν’	a)/rsen'	ἄρσην	a)/rshn	urn:cite2:hmt:lsj.chicago_md:n15571	n-s---ma-
ἄρσεν’	a)/rsen'	ἄρσην	a)/rshn	urn:cite2:hmt:lsj.chicago_md:n15571	n-s---fa-
ἄρσεν’	a)/rsen'	ἄρσην	a)/rshn	urn:cite2:hmt:lsj.chicago_md:n15571	n-s----d-
ἄρσεν’	a)/rsen'	ἄρσην	a)/rshn	urn:cite2:hmt:lsj.chicago_md:n15571	n-d----n-
ἄρσεν’	a)/rsen'	ἄρσην	a)/rshn	urn:cite2:hmt:lsj.chicago_md:n15571	n-d----v-
ἄρσεν’	a)/rsen'	ἄρσην	a)/rshn	urn:cite2:hmt:lsj.chicago_md:n15571	n-d----a-
ἄρτι	a)/rti	ἄρτι	a)/rti	urn:cite2:hmt:lsj.chicago_md:n15618	d--------
ἄρχει	a)/rxei	ἄρχω	a)/rxw	urn:cite2:hmt:lsj.chicago_md:n16051	v2spie---
ἄρχει	a)/rxei	ἄρχω	a)/rxw	urn:cite2:hmt:lsj.chicago_md:n16051	v3spia---
ἄσημον	a)/shmon	ἄσημος	a)/shmos	urn:cite2:hmt:lsj.chicago_md:n16160	n-s---ma-
ἄσημον	a)/shmon	ἄσημος	a)/shmos	urn:cite2:hmt:lsj.chicago_md:n16160	n-s---fa-
ἄσημον	a)/shmon	ἄσημος	a)/shmos	urn:cite2:hmt:lsj.chicago_md:n16160	n-s---nn-
ἄσημον	a)/shmon	ἄσημος	a)/shmos	urn:cite2:hmt:lsj.chicago_md:n16160	n-s---nv-
ἄσημον	a)/shmon	ἄσημος	a)/shmos	urn:cite2:hmt:lsj.chicago_md:n16160	n-s---na-
ἄσημον	a)/shmon	ἀσήμων	a)sh/mwn	urn:cite2:hmt:lsj.chicago_md:n16162	n-s---mv-
ἄσημον	a)/shmon	ἀσήμων	a)sh/mwn	urn:cite2:hmt:lsj.chicago_md:n16162	n-s---fv-
ἄσημον	a)/shmon	ἀσήμων	a)sh/mwn	urn:cite2:hmt:lsj.chicago_md:n16162	n-s---nn-
ἄσημον	a)/shmon	ἀσήμων	a)sh/mwn	urn:cite2:hmt:lsj.chicago_md:n16162	n-s---nv-
ἄσημον	a)/shmon	ἀσήμων	a)sh/mwn	urn:cite2:hmt:lsj.chicago_md:n16162	n-s---na-
ἄσκοπον	a)/skopon	ἄσκοποσ1	a)/skopos	urn:cite2:hmt:lsj.chicago_md:n16297	n-s---ma-
ἄσκοπον	a)/skopon	ἄσκοποσ1	a)/skopos	urn:cite2:hmt:lsj.chicago_md:n16298	n-s---ma-
ἄσκοπον	a)/skopon	ἄσκοποσ1	a)/skopos	urn:cite2:hmt:lsj.chicago_md:n16297	n-s---fa-
ἄσκοπον	a)/skopon	ἄσκοποσ1	a)/skopos	urn:cite2:hmt:lsj.chicago_md:n16298	n-s---fa-
ἄσκοπον	a)/skopon	ἄσκοποσ1	a)/skopos	urn:cite2:hmt:lsj.chicago_md:n16297	n-s---nn-
ἄσκοπον	a)/skopon	ἄσκοποσ1	a)/skopos	urn:cite2:hmt:lsj.chicago_md:n16298	n-s---nn-
ἄσκοπον	a)/skopon	ἄσκοποσ1	a)/skopos	urn:cite2:hmt:lsj.chicago_md:n16297	n-s---nv-
ἄσκοπον	a)/skopon	ἄσκοποσ1	a)/skopos	urn:cite2:hmt:lsj.chicago_md:n16298	n-s---nv-
ἄσκοπον	a)/skopon	ἄσκοποσ1	a)/skopos	urn:cite2:hmt:lsj.chicago_md:n16297	n-s---na-
ἄσκοπον	a)/skopon	ἄσκοποσ1	a)/skopos	urn:cite2:hmt:lsj.chicago_md:n16298	n-s---na-
ἄσκοπον	a)/skopon	ἄσκοποσ2	a)/skopos	urn:cite2:hmt:lsj.chicago_md:n16297	n-s---ma-
ἄσκοπον	a)/skopon	ἄσκοποσ2	a)/skopos	urn:cite2:hmt:lsj.chicago_md:n16298	n-s---ma-
ἄσκοπον	a)/skopon	ἄσκοποσ2	a)/skopos	urn:cite2:hmt:lsj.chicago_md:n16297	n-s---fa-
ἄσκοπον	a)/skopon	ἄσκοποσ2	a)/skopos	urn:cite2:hmt:lsj.chicago_md:n16298	n-s---fa-
ἄσκοπον	a)/skopon	ἄσκοποσ2	a)/skopos	urn:cite2:hmt:lsj.chicago_md:n16297	n-s---nn-
ἄσκοπον	a)/skopon	ἄσκοποσ2	a)/skopos	urn:cite2:hmt:lsj.chicago_md:n16298	n-s---nn-
ἄσκοπον	a)/skopon	ἄσκοποσ2	a)/skopos	urn:cite2:hmt:lsj.chicago_md:n16297	n-s---nv-
ἄσκοπον	a)/skopon	ἄσκοποσ2	a)/skopos	urn:cite2:hmt:lsj.chicago_md:n16298	n-s---nv-
ἄσκοπον	a)/skopon	ἄσκοποσ2	a)/skopos	urn:cite2:hmt:lsj.chicago_md:n16297	n-s---na-
ἄσκοπον	a)/skopon	ἄσκοποσ2	a)/skopos	urn:cite2:hmt:lsj.chicago_md:n16298	n-s---na-
ἄσμενος	a)/smenos	ἄσμενος	a)/smenos	urn:cite2:hmt:lsj.chicago_md:n16330	a-s---mn-
ἄσπετόν	a)/speto/n	ἄσπετος	a)/spetos	urn:cite2:hmt:lsj.chicago_md:n16370	n-s---ma-
ἄσπετόν	a)/speto/n	ἄσπετος	a)/spetos	urn:cite2:hmt:lsj.chicago_md:n16370	n-s---fa-
ἄσπετόν	a)/speto/n	ἄσπετος	a)/spetos	urn:cite2:hmt:lsj.chicago_md:n16370	n-s---nn-
ἄσπετόν	a)/speto/n	ἄσπετος	a)/spetos	urn:cite2:hmt:lsj.chicago_md:n16370	n-s---nv-
ἄσπετόν	a)/speto/n	ἄσπετος	a)/spetos	urn:cite2:hmt:lsj.chicago_md:n16370	n-s---na-
ἄστρα	a)/stra	ἄστρον	a)/stron	urn:cite2:hmt:lsj.chicago_md:n16664	n-p---nn-
ἄστρα	a)/stra	ἄστρον	a)/stron	urn:cite2:hmt:lsj.chicago_md:n16664	n-p---nv-
ἄστρα	a)/stra	ἄστρον	a)/stron	urn:cite2:hmt:lsj.chicago_md:n16664	n-p---na-
ἄστυ	a)/stu	ἄστυ	a)/stu	urn:cite2:hmt:lsj.chicago_md:n16686	n-s---nn-
ἄστυ	a)/stu	ἄστυ	a)/stu	urn:cite2:hmt:lsj.chicago_md:n16686	n-s---nv-
ἄστυ	a)/stu	ἄστυ	a)/stu	urn:cite2:hmt:lsj.chicago_md:n16686	n-s---na-
ἄταν	a)/tan	ἄτη	a)/th	urn:cite2:hmt:lsj.chicago_md:n17054	n-s---fa-
ἄτερ	a)/ter	ἄτερ	a)/ter	urn:cite2:hmt:lsj.chicago_md:n17016	r--------
ἄτην	a)/thn	ἄτη	a)/th	urn:cite2:hmt:lsj.chicago_md:n17054	n-s---fa-
ἄτης	a)/ths	ἄτη	a)/th	urn:cite2:hmt:lsj.chicago_md:n17054	n-s---fg-
ἄτομον	a)/tomon	ἄτομος	a)/tomos	urn:cite2:hmt:lsj.chicago_md:n17142	n-s---ma-
ἄτομον	a)/tomon	ἄτομος	a)/tomos	urn:cite2:hmt:lsj.chicago_md:n17142	n-s---fa-
ἄτομον	a)/tomon	ἄτομος	a)/tomos	urn:cite2:hmt:lsj.chicago_md:n17142	n-s---nn-
ἄτομον	a)/tomon	ἄτομος	a)/tomos	urn:cite2:hmt:lsj.chicago_md:n17142	n-s---nv-
ἄτομον	a)/tomon	ἄτομος	a)/tomos	urn:cite2:hmt:lsj.chicago_md:n17142	n-s---na-
ἄτρακτον	a)/trakton	ἄτρακτος	a)/traktos	urn:cite2:hmt:lsj.chicago_md:n17164	n-s---ma-
ἄφαρ	a)/far	ἄφαρ	a)/far	urn:cite2:hmt:lsj.chicago_md:n18143	d--------
ἄφραστον	a)/fraston	ἄφραστος	a)/frastos	urn:cite2:hmt:lsj.chicago_md:n18485	n-s---ma-
ἄφραστον	a)/fraston	ἄφραστος	a)/frastos	urn:cite2:hmt:lsj.chicago_md:n18485	n-s---fa-
ἄφραστον	a)/fraston	ἄφραστος	a)/frastos	urn:cite2:hmt:lsj.chicago_md:n18485	n-s---nn-
ἄφραστον	a)/fraston	ἄφραστος	a)/frastos	urn:cite2:hmt:lsj.chicago_md:n18485	n-s---nv-
ἄφραστον	a)/fraston	ἄφραστος	a)/frastos	urn:cite2:hmt:lsj.chicago_md:n18485	n-s---na-
ἄφυκτ’	a)/fukt'	ἄφυκτος	a)/fuktos	urn:cite2:hmt:lsj.chicago_md:n18565	a-p---nn-
ἄφυκτ’	a)/fukt'	ἄφυκτος	a)/fuktos	urn:cite2:hmt:lsj.chicago_md:n18565	a-p---nv-
ἄφυκτ’	a)/fukt'	ἄφυκτος	a)/fuktos	urn:cite2:hmt:lsj.chicago_md:n18565	a-p---na-
ἄφυκτ’	a)/fukt'	ἄφυκτος	a)/fuktos	urn:cite2:hmt:lsj.chicago_md:n18565	n-p---nn-
ἄφυκτ’	a)/fukt'	ἄφυκτος	a)/fuktos	urn:cite2:hmt:lsj.chicago_md:n18565	n-p---nv-
ἄφυκτ’	a)/fukt'	ἄφυκτος	a)/fuktos	urn:cite2:hmt:lsj.chicago_md:n18565	n-p---na-
ἄφυκτ’	a)/fukt'	ἄφυκτος	a)/fuktos	urn:cite2:hmt:lsj.chicago_md:n18565	a-s---mv-
ἄφυκτ’	a)/fukt'	ἄφυκτος	a)/fuktos	urn:cite2:hmt:lsj.chicago_md:n18565	n-s---mv-
ἄφυκτ’	a)/fukt'	ἄφυκτος	a)/fuktos	urn:cite2:hmt:lsj.chicago_md:n18565	n-s---fv-
ἄφυκτ’	a)/fukt'	ἄφυκτος	a)/fuktos	urn:cite2:hmt:lsj.chicago_md:n18565	a-p---fn-
ἄφυκτ’	a)/fukt'	ἄφυκτος	a)/fuktos	urn:cite2:hmt:lsj.chicago_md:n18565	a-p---fv-
ἄφυκτ’	a)/fukt'	ἀφύσσω	a)fu/ssw	urn:cite2:hmt:lsj.chicago_md:n18597	v3slie---
ἄφυκτ’	a)/fukt'	ἀφύσσω	a)fu/ssw	urn:cite2:hmt:lsj.chicago_md:n18597	v3srie---
ἄχναν	a)/xnan	ἄχνη	a)/xnh	urn:cite2:hmt:lsj.chicago_md:n18734	n-s---fa-
ἄψορρον	a)/yorron	ἄψορρος	a)/yorros	urn:cite2:hmt:lsj.chicago_md:n18898	n-s---ma-
ἄψορρον	a)/yorron	ἄψορρος	a)/yorros	urn:cite2:hmt:lsj.chicago_md:n18898	n-s---fa-
ἄψορρον	a)/yorron	ἄψορρος	a)/yorros	urn:cite2:hmt:lsj.chicago_md:n18898	n-s---nn-
ἄψορρον	a)/yorron	ἄψορρος	a)/yorros	urn:cite2:hmt:lsj.chicago_md:n18898	n-s---nv-
ἄψορρον	a)/yorron	ἄψορρος	a)/yorros	urn:cite2:hmt:lsj.chicago_md:n18898	n-s---na-
ἄψοφον	a)/yofon	ἄψοφος	a)/yofos	urn:cite2:hmt:lsj.chicago_md:n18903	n-s---ma-
ἄψοφον	a)/yofon	ἄψοφος	a)/yofos	urn:cite2:hmt:lsj.chicago_md:n18903	n-s---fa-
ἄψοφον	a)/yofon	ἄψοφος	a)/yofos	urn:cite2:hmt:lsj.chicago_md:n18903	n-s---nn-
ἄψοφον	a)/yofon	ἄψοφος	a)/yofos	urn:cite2:hmt:lsj.chicago_md:n18903	n-s---nv-
ἄψοφον	a)/yofon	ἄψοφος	a)/yofos	urn:cite2:hmt:lsj.chicago_md:n18903	n-s---na-
ἄψοφον	a)/yofon	ἀψόφητος	a)yo/fhtos	urn:cite2:hmt:lsj.chicago_md:n18901	n-s---ma-
ἄψοφον	a)/yofon	ἀψόφητος	a)yo/fhtos	urn:cite2:hmt:lsj.chicago_md:n18901	n-s---fa-
ἄψοφον	a)/yofon	ἀψόφητος	a)yo/fhtos	urn:cite2:hmt:lsj.chicago_md:n18901	n-s---nn-
ἄψοφον	a)/yofon	ἀψόφητος	a)yo/fhtos	urn:cite2:hmt:lsj.chicago_md:n18901	n-s---nv-
ἄψοφον	a)/yofon	ἀψόφητος	a)yo/fhtos	urn:cite2:hmt:lsj.chicago_md:n18901	n-s---na-
ἅ	a(/	ὁ	o(	urn:cite2:hmt:lsj.chicago_md:n71882	l-s---fn-
ἅ	a(/	ὅς	o(/s	urn:cite2:hmt:lsj.chicago_md:n75512	p-p---na-
ἅ	a(/	ὅς	o(/s	urn:cite2:hmt:lsj.chicago_md:n75513	p-p---na-
ἅ	a(/	ὅς	o(/s	urn:cite2:hmt:lsj.chicago_md:n75512	p-p---nn-
ἅ	a(/	ὅς	o(/s	urn:cite2:hmt:lsj.chicago_md:n75513	p-p---nn-
ἅ	a(/	ὅς	o(/s	urn:cite2:hmt:lsj.chicago_md:n75512	p-d---fa-
ἅ	a(/	ὅς	o(/s	urn:cite2:hmt:lsj.chicago_md:n75513	p-d---fa-
ἅ	a(/	ὅς	o(/s	urn:cite2:hmt:lsj.chicago_md:n75512	p-d---fn-
ἅ	a(/	ὅς	o(/s	urn:cite2:hmt:lsj.chicago_md:n75513	p-d---fn-
ἅ	a(/	ὅς	o(/s	urn:cite2:hmt:lsj.chicago_md:n75512	p-s---fn-
ἅ	a(/	ὅς	o(/s	urn:cite2:hmt:lsj.chicago_md:n75513	p-s---fn-
ἅδε	a(/de	ἅδος	a(/dos	urn:cite2:hmt:lsj.chicago_md:n1460	n-s---mv-
ἅδε	a(/de	ἅδος	a(/dos	urn:cite2:hmt:lsj.chicago_md:n1461	n-s---mv-
ἅδε	a(/de	ἁνδάνω	a(nda/nw	urn:cite2:hmt:lsj.chicago_md:n7858	v3saia---
ἅδε	a(/de	ἁνδάνω	a(nda/nw	urn:cite2:hmt:lsj.chicago_md:n7858	v2sama---
ἅδε	a(/de	ὅδε	o(/de	urn:cite2:hmt:lsj.chicago_md:n72010	n-s---fn-
ἅδ’	a(/d'	ἅδος	a(/dos	urn:cite2:hmt:lsj.chicago_md:n1460	n-s---mv-
ἅδ’	a(/d'	ἅδος	a(/dos	urn:cite2:hmt:lsj.chicago_md:n1461	n-s---mv-
ἅδ’	a(/d'	ἁνδάνω	a(nda/nw	urn:cite2:hmt:lsj.chicago_md:n7858	v3saia---
ἅδ’	a(/d'	ἁνδάνω	a(nda/nw	urn:cite2:hmt:lsj.chicago_md:n7858	v2sama---
ἅδ’	a(/d'	ὅδε	o(/de	urn:cite2:hmt:lsj.chicago_md:n72010	n-s---fn-
ἅλις	a(/lis	ἅλις	a(/lis	urn:cite2:hmt:lsj.chicago_md:n4268	d--------
ἅμα	a(/ma	ἅμα	a(/ma	urn:cite2:hmt:lsj.chicago_md:n4845	d--------
ἅμιλλαν	a(/millan	ἅμιλλα	a(/milla	urn:cite2:hmt:lsj.chicago_md:n5274	n-s---fa-
ἅνθρωπος	a(/nqrwpos	ἄνθρωπος	a)/nqrwpos	urn:cite2:hmt:lsj.chicago_md:n8909	n-s---mn-
ἅπαν	a(/pan	ἅπας	a(/pas	urn:cite2:hmt:lsj.chicago_md:n11583	a-s---nn-
ἅπαν	a(/pan	ἅπας	a(/pas	urn:cite2:hmt:lsj.chicago_md:n11583	a-s---nv-
ἅπαν	a(/pan	ἅπας	a(/pas	urn:cite2:hmt:lsj.chicago_md:n11583	a-s---na-
ἅπανθ’	a(/panq'	ἅπας	a(/pas	urn:cite2:hmt:lsj.chicago_md:n11583	a-p---nn-
ἅπανθ’	a(/panq'	ἅπας	a(/pas	urn:cite2:hmt:lsj.chicago_md:n11583	a-p---nv-
ἅπανθ’	a(/panq'	ἅπας	a(/pas	urn:cite2:hmt:lsj.chicago_md:n11583	a-p---na-
ἅπανθ’	a(/panq'	ἅπας	a(/pas	urn:cite2:hmt:lsj.chicago_md:n11583	a-s---ma-
ἅπανθ’	a(/panq'	ἅπας	a(/pas	urn:cite2:hmt:lsj.chicago_md:n11583	a-s---md-
ἅπανθ’	a(/panq'	ἅπας	a(/pas	urn:cite2:hmt:lsj.chicago_md:n11583	a-s---nd-
ἅπανθ’	a(/panq'	ἅπας	a(/pas	urn:cite2:hmt:lsj.chicago_md:n11583	a-d---mn-
ἅπανθ’	a(/panq'	ἅπας	a(/pas	urn:cite2:hmt:lsj.chicago_md:n11583	a-d---mv-
ἅπανθ’	a(/panq'	ἅπας	a(/pas	urn:cite2:hmt:lsj.chicago_md:n11583	a-d---ma-
ἅπανθ’	a(/panq'	ἅπας	a(/pas	urn:cite2:hmt:lsj.chicago_md:n11583	a-d---nn-
ἅπανθ’	a(/panq'	ἅπας	a(/pas	urn:cite2:hmt:lsj.chicago_md:n11583	a-d---nv-
ἅπανθ’	a(/panq'	ἅπας	a(/pas	urn:cite2:hmt:lsj.chicago_md:n11583	a-d---na-
ἅπαξ	a(/pac	ἅπαξ	a(/pac	urn:cite2:hmt:lsj.chicago_md:n11433	d--------
ἅπας	a(/pas	ἅπας	a(/pas	urn:cite2:hmt:lsj.chicago_md:n11583	a-s---mn-
ἅπας	a(/pas	ἅπας	a(/pas	urn:cite2:hmt:lsj.chicago_md:n11583	a-s---mv-
ἅπασαν	a(/pasan	ἅπας	a(/pas	urn:cite2:hmt:lsj.chicago_md:n11583	a-s---fa-
ἅσπερ	a(/sper	ὅς	o(/s	urn:cite2:hmt:lsj.chicago_md:n75512	p-p---fa-
ἅσπερ	a(/sper	ὅς	o(/s	urn:cite2:hmt:lsj.chicago_md:n75513	p-p---fa-
ἆ	a)=	ἆ	a)=	urn:cite2:hmt:lsj.chicago_md:n3	x--------
ἆθλον	a)=qlon	ἆθλον	a)=qlon	urn:cite2:hmt:lsj.chicago_md:n2031	n-s---nn-
ἆθλον	a)=qlon	ἆθλον	a)=qlon	urn:cite2:hmt:lsj.chicago_md:n2031	n-s---nv-
ἆθλον	a)=qlon	ἆθλον	a)=qlon	urn:cite2:hmt:lsj.chicago_md:n2031	n-s---na-
ἆθλον	a)=qlon	ἆθλος	a)=qlos	urn:cite2:hmt:lsj.chicago_md:n2032	n-s---ma-
ἆρα	a)=ra	ἆρα	a)=ra	urn:cite2:hmt:lsj.chicago_md:n14640	x--------
ἆρα	a)=ra	αἴρω	ai)/rw	urn:cite2:hmt:lsj.chicago_md:n2660	v1saia---
ἆρα	a)=ra	αἴρω	ai)/rw	urn:cite2:hmt:lsj.chicago_md:n2660	v1saia---
ἆρον	a)=ron	ἀρόω	a)ro/w	urn:cite2:hmt:lsj.chicago_md:n15388	v3piia---
ἆρον	a)=ron	ἀρόω	a)ro/w	urn:cite2:hmt:lsj.chicago_md:n15388	v1siia---
ἆρον	a)=ron	αἴρω	ai)/rw	urn:cite2:hmt:lsj.chicago_md:n2660	v2sama---
Ἀπόλλω	*)apo/llw	Ἀπόλλων	*)apo/llwn	urn:cite2:hmt:lsj.chicago_md:n13098	n-s---mn-
Ἀπόλλω	*)apo/llw	ἀπολούω	a)polou/w	urn:cite2:hmt:lsj.chicago_md:n13128	v3siia---
Ἀχελῷον	*)axelw=|on	Ἀχελῷος	*)axelw=|os	urn:cite2:hmt:lsj.chicago_md:n18677	n-s---ma-
Ἀχελῷος	*)axelw=|os	Ἀχελῷος	*)axelw=|os	urn:cite2:hmt:lsj.chicago_md:n18677	n-s---mn-
Ἀίδη	*)ai/dh	Ἅιδης	*(/aidhs	urn:cite2:hmt:lsj.chicago_md:n2244	n-s---mv-
Ἀίδη	*)ai/dh	Ἅιδης	*(/aidhs	urn:cite2:hmt:lsj.chicago_md:n2245	n-s---mv-
Ἀίδη	*)ai/dh	Ἅιδης	*(/aidhs	urn:cite2:hmt:lsj.chicago_md:n2245	n-s---mv-
Ἀίδη	*)ai/dh	Ἅιδης	*(/aidhs	urn:cite2:hmt:lsj.chicago_md:n2246	n-s---mv-
Ἀίδη	*)ai/dh	Ἅιδης	*(/aidhs	urn:cite2:hmt:lsj.chicago_md:n2246	n-s---mv-
Ἄρης	*)/arhs	Ἄρης	*)/arhs	urn:cite2:hmt:lsj.chicago_md:n14990	n-s---mn-
Ἄρης	*)/arhs	Ἄρης	*)/arhs	urn:cite2:hmt:lsj.chicago_md:n14990	n-s---mn-
Ἄρης	*)/arhs	Ἄρης	*)/arhs	urn:cite2:hmt:lsj.chicago_md:n14990	n-s---mn-
Ἄρης	*)/arhs	Ἄρης	*)/arhs	urn:cite2:hmt:lsj.chicago_md:n14990	n-s---mn-
Ἄρης	*)/arhs	Ἄρις	*)/aris	urn:cite2:hmt:lsj.chicago_md:n15064	n-p---fn-
Ἄρης	*)/arhs	Ἄρις	*)/aris	urn:cite2:hmt:lsj.chicago_md:n15065	n-p---fn-
Ἄρης	*)/arhs	Ἄρις	*)/aris	urn:cite2:hmt:lsj.chicago_md:n15064	n-p---fv-
Ἄρης	*)/arhs	Ἄρις	*)/aris	urn:cite2:hmt:lsj.chicago_md:n15065	n-p---fv-
Ἄρτεμιν	*)/artemin	Ἄρτεμις	*)/artemis	urn:cite2:hmt:lsj.chicago_md:n15597	n-s---fa-
Ἅιδα	*(/aida	Ἅιδης	*(/aidhs	urn:cite2:hmt:lsj.chicago_md:n2244	n-s---mg-
Ἅιδα	*(/aida	Ἅιδης	*(/aidhs	urn:cite2:hmt:lsj.chicago_md:n2245	n-s---mg-
Ἅιδα	*(/aida	Ἅιδης	*(/aidhs	urn:cite2:hmt:lsj.chicago_md:n2245	n-s---mg-
Ἅιδα	*(/aida	Ἅιδης	*(/aidhs	urn:cite2:hmt:lsj.chicago_md:n2246	n-s---mg-
Ἅιδα	*(/aida	Ἅιδης	*(/aidhs	urn:cite2:hmt:lsj.chicago_md:n2246	n-s---mg-
Ἅιδαν	*(/aidan	Ἅιδης	*(/aidhs	urn:cite2:hmt:lsj.chicago_md:n2244	n-s---ma-
Ἅιδαν	*(/aidan	Ἅιδης	*(/aidhs	urn:cite2:hmt:lsj.chicago_md:n2245	n-s---ma-
Ἅιδαν	*(/aidan	Ἅιδης	*(/aidhs	urn:cite2:hmt:lsj.chicago_md:n2245	n-s---ma-
Ἅιδαν	*(/aidan	Ἅιδης	*(/aidhs	urn:cite2:hmt:lsj.chicago_md:n2246	n-s---ma-
Ἅιδαν	*(/aidan	Ἅιδης	*(/aidhs	urn:cite2:hmt:lsj.chicago_md:n2246	n-s---ma-
Ἅιδου	*(/aidou	Ἅιδης	*(/aidhs	urn:cite2:hmt:lsj.chicago_md:n2244	n-s---mg-
Ἅιδου	*(/aidou	Ἅιδης	*(/aidhs	urn:cite2:hmt:lsj.chicago_md:n2245	n-s---mg-
Ἅιδου	*(/aidou	Ἅιδης	*(/aidhs	urn:cite2:hmt:lsj.chicago_md:n2245	n-s---mg-
Ἅιδου	*(/aidou	Ἅιδης	*(/aidhs	urn:cite2:hmt:lsj.chicago_md:n2246	n-s---mg-
Ἅιδου	*(/aidou	Ἅιδης	*(/aidhs	urn:cite2:hmt:lsj.chicago_md:n2246	n-s---mg-
Ἅλιον	*(/alion	Ἅλιος	*(/alios	urn:cite2:hmt:lsj.chicago_md:n4235	n-s---ma-
Ἅλιον	*(/alion	Ἅλιος	*(/alios	urn:cite2:hmt:lsj.chicago_md:n4236	n-s---ma-
Ἅλιον	*(/alion	Ἅλιος	*(/alios	urn:cite2:hmt:lsj.chicago_md:n4237	n-s---ma-
Ἅλιον	*(/alion	ἅλιοσ1	a(/lios	urn:cite2:hmt:lsj.chicago_md:n4235	a-s---ma-
Ἅλιον	*(/alion	ἅλιοσ1	a(/lios	urn:cite2:hmt:lsj.chicago_md:n4236	a-s---ma-
Ἅλιον	*(/alion	ἅλιοσ1	a(/lios	urn:cite2:hmt:lsj.chicago_md:n4237	a-s---ma-
Ἅλιον	*(/alion	ἅλιοσ1	a(/lios	urn:cite2:hmt:lsj.chicago_md:n4235	a-s---nn-
Ἅλιον	*(/alion	ἅλιοσ1	a(/lios	urn:cite2:hmt:lsj.chicago_md:n4236	a-s---nn-
Ἅλιον	*(/alion	ἅλιοσ1	a(/lios	urn:cite2:hmt:lsj.chicago_md:n4237	a-s---nn-
Ἅλιον	*(/alion	ἅλιοσ1	a(/lios	urn:cite2:hmt:lsj.chicago_md:n4235	a-s---nv-
Ἅλιον	*(/alion	ἅλιοσ1	a(/lios	urn:cite2:hmt:lsj.chicago_md:n4236	a-s---nv-
Ἅλιον	*(/alion	ἅλιοσ1	a(/lios	urn:cite2:hmt:lsj.chicago_md:n4237	a-s---nv-
Ἅλιον	*(/alion	ἅλιοσ1	a(/lios	urn:cite2:hmt:lsj.chicago_md:n4235	a-s---na-
Ἅλιον	*(/alion	ἅλιοσ1	a(/lios	urn:cite2:hmt:lsj.chicago_md:n4236	a-s---na-
Ἅλιον	*(/alion	ἅλιοσ1	a(/lios	urn:cite2:hmt:lsj.chicago_md:n4237	a-s---na-
Ἅλιον	*(/alion	ἅλιοσ1	a(/lios	urn:cite2:hmt:lsj.chicago_md:n4235	n-s---ma-
Ἅλιον	*(/alion	ἅλιοσ1	a(/lios	urn:cite2:hmt:lsj.chicago_md:n4236	n-s---ma-
Ἅλιον	*(/alion	ἅλιοσ1	a(/lios	urn:cite2:hmt:lsj.chicago_md:n4237	n-s---ma-
Ἅλιον	*(/alion	ἅλιοσ1	a(/lios	urn:cite2:hmt:lsj.chicago_md:n4235	n-s---fa-
Ἅλιον	*(/alion	ἅλιοσ1	a(/lios	urn:cite2:hmt:lsj.chicago_md:n4236	n-s---fa-
Ἅλιον	*(/alion	ἅλιοσ1	a(/lios	urn:cite2:hmt:lsj.chicago_md:n4237	n-s---fa-
Ἅλιον	*(/alion	ἅλιοσ1	a(/lios	urn:cite2:hmt:lsj.chicago_md:n4235	n-s---nn-
Ἅλιον	*(/alion	ἅλιοσ1	a(/lios	urn:cite2:hmt:lsj.chicago_md:n4236	n-s---nn-
Ἅλιον	*(/alion	ἅλιοσ1	a(/lios	urn:cite2:hmt:lsj.chicago_md:n4237	n-s---nn-
Ἅλιον	*(/alion	ἅλιοσ1	a(/lios	urn:cite2:hmt:lsj.chicago_md:n4235	n-s---nv-
Ἅλιον	*(/alion	ἅλιοσ1	a(/lios	urn:cite2:hmt:lsj.chicago_md:n4236	n-s---nv-
Ἅλιον	*(/alion	ἅλιοσ1	a(/lios	urn:cite2:hmt:lsj.chicago_md:n4237	n-s---nv-
Ἅλιον	*(/alion	ἅλιοσ1	a(/lios	urn:cite2:hmt:lsj.chicago_md:n4235	n-s---na-
Ἅλιον	*(/alion	ἅλιοσ1	a(/lios	urn:cite2:hmt:lsj.chicago_md:n4236	n-s---na-
Ἅλιον	*(/alion	ἅλιοσ1	a(/lios	urn:cite2:hmt:lsj.chicago_md:n4237	n-s---na-
Ἅλιον	*(/alion	ἅλιοσ2	a(/lios	urn:cite2:hmt:lsj.chicago_md:n4235	a-s---ma-
Ἅλιον	*(/alion	ἅλιοσ2	a(/lios	urn:cite2:hmt:lsj.chicago_md:n4236	a-s---ma-
Ἅλιον	*(/alion	ἅλιοσ2	a(/lios	urn:cite2:hmt:lsj.chicago_md:n4237	a-s---ma-
Ἅλιον	*(/alion	ἅλιοσ2	a(/lios	urn:cite2:hmt:lsj.chicago_md:n4235	a-s---nn-
Ἅλιον	*(/alion	ἅλιοσ2	a(/lios	urn:cite2:hmt:lsj.chicago_md:n4236	a-s---nn-
Ἅλιον	*(/alion	ἅλιοσ2	a(/lios	urn:cite2:hmt:lsj.chicago_md:n4237	a-s---nn-
Ἅλιον	*(/alion	ἅλιοσ2	a(/lios	urn:cite2:hmt:lsj.chicago_md:n4235	a-s---nv-
Ἅλιον	*(/alion	ἅλιοσ2	a(/lios	urn:cite2:hmt:lsj.chicago_md:n4236	a-s---nv-
Ἅλιον	*(/alion	ἅλιοσ2	a(/lios	urn:cite2:hmt:lsj.chicago_md:n4237	a-s---nv-
Ἅλιον	*(/alion	ἅλιοσ2	a(/lios	urn:cite2:hmt:lsj.chicago_md:n4235	a-s---na-
Ἅλιον	*(/alion	ἅλιοσ2	a(/lios	urn:cite2:hmt:lsj.chicago_md:n4236	a-s---na-
Ἅλιον	*(/alion	ἅλιοσ2	a(/lios	urn:cite2:hmt:lsj.chicago_md:n4237	a-s---na-
Ἅλιον	*(/alion	ἥλιος	h(/lios	urn:cite2:hmt:lsj.chicago_md:n46892	n-s---ma-
ἐγγεγραμμένην	e)ggegramme/nhn	ἐγγράφω	e)ggra/fw	urn:cite2:hmt:lsj.chicago_md:n30006	v-srpefa-
ἐγγύς	e)ggu/s	ἐγγύς	e)ggu/s	urn:cite2:hmt:lsj.chicago_md:n30030	d--------
ἐγευσάμην	e)geusa/mhn	γεύω	geu/w	urn:cite2:hmt:lsj.chicago_md:n22036	v1saim---
ἐγκατάσκηψον	e)gkata/skhyon	ἐγκατασκήπτω	e)gkataskh/ptw	urn:cite2:hmt:lsj.chicago_md:n30192	v2sama---
ἐγκεκλῃμένον	e)gkeklh|me/non	ἐγκλείω	e)gklei/w	urn:cite2:hmt:lsj.chicago_md:n30297	v-srpema-
ἐγκεκλῃμένον	e)gkeklh|me/non	ἐγκλείω	e)gklei/w	urn:cite2:hmt:lsj.chicago_md:n30297	v-srpenn-
ἐγκεκλῃμένον	e)gkeklh|me/non	ἐγκλείω	e)gklei/w	urn:cite2:hmt:lsj.chicago_md:n30297	v-srpenv-
ἐγκεκλῃμένον	e)gkeklh|me/non	ἐγκλείω	e)gklei/w	urn:cite2:hmt:lsj.chicago_md:n30297	v-srpena-
ἐγκεκλῃμένον	e)gkeklh|me/non	ἐγκλείω	e)gklei/w	urn:cite2:hmt:lsj.chicago_md:n30297	v-srpema-
ἐγκεκλῃμένον	e)gkeklh|me/non	ἐγκλείω	e)gklei/w	urn:cite2:hmt:lsj.chicago_md:n30297	v-srpenn-
ἐγκεκλῃμένον	e)gkeklh|me/non	ἐγκλείω	e)gklei/w	urn:cite2:hmt:lsj.chicago_md:n30297	v-srpenv-
ἐγκεκλῃμένον	e)gkeklh|me/non	ἐγκλείω	e)gklei/w	urn:cite2:hmt:lsj.chicago_md:n30297	v-srpena-
ἐγκονεῖτ’	e)gkonei=t'	ἐγκονέω	e)gkone/w	urn:cite2:hmt:lsj.chicago_md:n30369	v3spoe---
ἐγκονεῖτ’	e)gkonei=t'	ἐγκονέω	e)gkone/w	urn:cite2:hmt:lsj.chicago_md:n30369	v3spoe---
ἐγκονεῖτ’	e)gkonei=t'	ἐγκονέω	e)gkone/w	urn:cite2:hmt:lsj.chicago_md:n30369	v2ppma---
ἐγκονεῖτ’	e)gkonei=t'	ἐγκονέω	e)gkone/w	urn:cite2:hmt:lsj.chicago_md:n30369	v2ppoa---
ἐγκονεῖτ’	e)gkonei=t'	ἐγκονέω	e)gkone/w	urn:cite2:hmt:lsj.chicago_md:n30369	v2ppia---
ἐγκονεῖτ’	e)gkonei=t'	ἐγκονέω	e)gkone/w	urn:cite2:hmt:lsj.chicago_md:n30369	v2ppma---
ἐγκονεῖτ’	e)gkonei=t'	ἐγκονέω	e)gkone/w	urn:cite2:hmt:lsj.chicago_md:n30369	v2ppoa---
ἐγκονεῖτ’	e)gkonei=t'	ἐγκονέω	e)gkone/w	urn:cite2:hmt:lsj.chicago_md:n30369	v2ppia---
ἐγκονεῖτ’	e)gkonei=t'	ἐγκονέω	e)gkone/w	urn:cite2:hmt:lsj.chicago_md:n30369	v3spie---
ἐγκονεῖτ’	e)gkonei=t'	ἐγκονέω	e)gkone/w	urn:cite2:hmt:lsj.chicago_md:n30369	v3spie---
ἐγκονεῖτ’	e)gkonei=t'	ἐγκονέω	e)gkone/w	urn:cite2:hmt:lsj.chicago_md:n30369	v3siie---
ἐγκονεῖτ’	e)gkonei=t'	ἐγκονέω	e)gkone/w	urn:cite2:hmt:lsj.chicago_md:n30369	v3siie---
ἐγκονεῖτ’	e)gkonei=t'	ἐγκονέω	e)gkone/w	urn:cite2:hmt:lsj.chicago_md:n30369	v2piia---
ἐγκονεῖτ’	e)gkonei=t'	ἐγκονέω	e)gkone/w	urn:cite2:hmt:lsj.chicago_md:n30369	v2piia---
ἐγχωρίοις	e)gxwri/ois	ἐγχώριος	e)gxw/rios	urn:cite2:hmt:lsj.chicago_md:n30653	a-p---md-
ἐγχωρίοις	e)gxwri/ois	ἐγχώριος	e)gxw/rios	urn:cite2:hmt:lsj.chicago_md:n30653	a-p---nd-
ἐγχωρίοις	e)gxwri/ois	ἐγχώριος	e)gxw/rios	urn:cite2:hmt:lsj.chicago_md:n30653	n-p---md-
ἐγχωρίοις	e)gxwri/ois	ἐγχώριος	e)gxw/rios	urn:cite2:hmt:lsj.chicago_md:n30653	n-p---fd-
ἐγχωρίοις	e)gxwri/ois	ἐγχώριος	e)gxw/rios	urn:cite2:hmt:lsj.chicago_md:n30653	n-p---nd-
ἐγχωρίοις	e)gxwri/ois	ἐγχωρέω	e)gxwre/w	urn:cite2:hmt:lsj.chicago_md:n30652	v2spoa---
ἐγχωρίοις	e)gxwri/ois	ἐγχωρέω	e)gxwre/w	urn:cite2:hmt:lsj.chicago_md:n30652	v2spoa---
ἐγώ	e)gw/	ἐγώ	e)gw/	urn:cite2:hmt:lsj.chicago_md:n30657	p-s---mn-
ἐγώ	e)gw/	ἐγώ	e)gw/	urn:cite2:hmt:lsj.chicago_md:n30657	p-s---mv-
ἐγώ	e)gw/	ἐγώ	e)gw/	urn:cite2:hmt:lsj.chicago_md:n30657	p-s---fn-
ἐγώ	e)gw/	ἐγώ	e)gw/	urn:cite2:hmt:lsj.chicago_md:n30657	p-s---fv-
ἐδαίετο	e)dai/eto	δαίω1	dai/w	urn:cite2:hmt:lsj.chicago_md:n23272	v3siie---
ἐδαίετο	e)dai/eto	δαίω1	dai/w	urn:cite2:hmt:lsj.chicago_md:n23273	v3siie---
ἐδαίετο	e)dai/eto	δαίω2	dai/w	urn:cite2:hmt:lsj.chicago_md:n23272	v3siie---
ἐδαίετο	e)dai/eto	δαίω2	dai/w	urn:cite2:hmt:lsj.chicago_md:n23273	v3siie---
ἐδαίνυτο	e)dai/nuto	δαίνυμι	dai/numi	urn:cite2:hmt:lsj.chicago_md:n23243	v3siie---
ἐδεξάμην	e)deca/mhn	δέχομαι	de/xomai	urn:cite2:hmt:lsj.chicago_md:n24289	v1saim---
ἐδεξάμην	e)deca/mhn	δείκνυμι	dei/knumi	urn:cite2:hmt:lsj.chicago_md:n23658	v1saim---
ἐδεστόν	e)desto/n	ἐδεστός	e)desto/s	urn:cite2:hmt:lsj.chicago_md:n30684	a-s---ma-
ἐδεστόν	e)desto/n	ἐδεστός	e)desto/s	urn:cite2:hmt:lsj.chicago_md:n30684	a-s---nn-
ἐδεστόν	e)desto/n	ἐδεστός	e)desto/s	urn:cite2:hmt:lsj.chicago_md:n30684	a-s---nv-
ἐδεστόν	e)desto/n	ἐδεστός	e)desto/s	urn:cite2:hmt:lsj.chicago_md:n30684	a-s---na-
ἐδήχθη	e)dh/xqh	δάκνω	da/knw	urn:cite2:hmt:lsj.chicago_md:n23283	v3saip---
ἐζευγμένην	e)zeugme/nhn	ζεύγνυμι	zeu/gnumi	urn:cite2:hmt:lsj.chicago_md:n46176	v-srpefa-
ἐθάλπετο	e)qa/lpeto	θάλπω	qa/lpw	urn:cite2:hmt:lsj.chicago_md:n47819	v3siie---
ἐθέσπισας	e)qe/spisas	θεσπίζω	qespi/zw	urn:cite2:hmt:lsj.chicago_md:n48535	v2saia---
ἐκ	e)k	ἐκ	e)k	urn:cite2:hmt:lsj.chicago_md:n31575	r--------
ἐκβρώματ’	e)kbrw/mat'	ἔκβρωμα	e)/kbrwma	urn:cite2:hmt:lsj.chicago_md:n31781	n-p---nn-
ἐκβρώματ’	e)kbrw/mat'	ἔκβρωμα	e)/kbrwma	urn:cite2:hmt:lsj.chicago_md:n31781	n-p---nv-
ἐκβρώματ’	e)kbrw/mat'	ἔκβρωμα	e)/kbrwma	urn:cite2:hmt:lsj.chicago_md:n31781	n-p---na-
ἐκβρώματ’	e)kbrw/mat'	ἔκβρωμα	e)/kbrwma	urn:cite2:hmt:lsj.chicago_md:n31781	n-s---nd-
ἐκβρώματ’	e)kbrw/mat'	ἔκβρωμα	e)/kbrwma	urn:cite2:hmt:lsj.chicago_md:n31781	n-d---nn-
ἐκβρώματ’	e)kbrw/mat'	ἔκβρωμα	e)/kbrwma	urn:cite2:hmt:lsj.chicago_md:n31781	n-d---nv-
ἐκβρώματ’	e)kbrw/mat'	ἔκβρωμα	e)/kbrwma	urn:cite2:hmt:lsj.chicago_md:n31781	n-d---na-
ἐκβέβηκεν	e)kbe/bhken	ἐκβαίνω	e)kbai/nw	urn:cite2:hmt:lsj.chicago_md:n31706	v3sria---
ἐκβέβηκεν	e)kbe/bhken	ἐκβαίνω	e)kbai/nw	urn:cite2:hmt:lsj.chicago_md:n31706	v3plia---
ἐκδιδαχθείς	e)kdidaxqei/s	ἐκδιδάσκω	e)kdida/skw	urn:cite2:hmt:lsj.chicago_md:n31872	v-sappmn-
ἐκδιδαχθείς	e)kdidaxqei/s	ἐκδιδάσκω	e)kdida/skw	urn:cite2:hmt:lsj.chicago_md:n31872	v-sappmv-
ἐκδιδαχθῇ	e)kdidaxqh=|	ἐκδιδάσκω	e)kdida/skw	urn:cite2:hmt:lsj.chicago_md:n31872	v3sasp---
ἐκδιδαχθῶ	e)kdidaxqw=	ἐκδιδάσκω	e)kdida/skw	urn:cite2:hmt:lsj.chicago_md:n31872	v1sasp---
ἐκείνης	e)kei/nhs	ἐκεῖνος	e)kei=nos	urn:cite2:hmt:lsj.chicago_md:n31951	n-s---fg-
ἐκείνοις	e)kei/nois	ἐκεῖνος	e)kei=nos	urn:cite2:hmt:lsj.chicago_md:n31951	n-p---nd-
ἐκείνοις	e)kei/nois	ἐκεῖνος	e)kei=nos	urn:cite2:hmt:lsj.chicago_md:n31951	n-p---md-
ἐκείνους	e)kei/nous	ἐκεῖνος	e)kei=nos	urn:cite2:hmt:lsj.chicago_md:n31951	n-p---ma-
ἐκείνους	e)kei/nous	κενόω	keno/w	urn:cite2:hmt:lsj.chicago_md:n56597	v2siia---
ἐκείνῳ	e)kei/nw|	ἐκεῖνος	e)kei=nos	urn:cite2:hmt:lsj.chicago_md:n31951	n-s---nd-
ἐκείνῳ	e)kei/nw|	ἐκεῖνος	e)kei=nos	urn:cite2:hmt:lsj.chicago_md:n31951	n-s---md-
ἐκεῖθεν	e)kei=qen	ἐκεῖθεν	e)kei=qen	urn:cite2:hmt:lsj.chicago_md:n31947	d--------
ἐκεῖνον	e)kei=non	ἐκεῖνος	e)kei=nos	urn:cite2:hmt:lsj.chicago_md:n31951	n-s---ma-
ἐκεῖνος	e)kei=nos	ἐκεῖνος	e)kei=nos	urn:cite2:hmt:lsj.chicago_md:n31951	n-s---mn-
ἐκκαλεῖ	e)kkalei=	ἐκκαλέω	e)kkale/w	urn:cite2:hmt:lsj.chicago_md:n32105	v2spie---
ἐκκαλεῖ	e)kkalei=	ἐκκαλέω	e)kkale/w	urn:cite2:hmt:lsj.chicago_md:n32105	v3spia---
ἐκκαλεῖ	e)kkalei=	ἐκκαλέω	e)kkale/w	urn:cite2:hmt:lsj.chicago_md:n32105	v2sfim---
ἐκκαλεῖ	e)kkalei=	ἐκκαλέω	e)kkale/w	urn:cite2:hmt:lsj.chicago_md:n32105	v3sfia---
ἐκκαλεῖ	e)kkalei=	ἐκκαλέω	e)kkale/w	urn:cite2:hmt:lsj.chicago_md:n32105	v2spie---
ἐκκαλεῖ	e)kkalei=	ἐκκαλέω	e)kkale/w	urn:cite2:hmt:lsj.chicago_md:n32105	v3spia---
ἐκκινεῖς	e)kkinei=s	ἐκκινέω	e)kkine/w	urn:cite2:hmt:lsj.chicago_md:n32160	v2spia---
ἐκκινεῖς	e)kkinei=s	ἐκκινέω	e)kkine/w	urn:cite2:hmt:lsj.chicago_md:n32160	v2spia---
ἐκκλέψῃς	e)kkle/yh|s	ἐκκλέπτω	e)kkle/ptw	urn:cite2:hmt:lsj.chicago_md:n32167	v2sasa---
ἐκλαυσάμην	e)klausa/mhn	κλαίω	klai/w	urn:cite2:hmt:lsj.chicago_md:n57683	v1saim---
ἐκλύεταί	e)klu/etai/	ἐκλύω	e)klu/w	urn:cite2:hmt:lsj.chicago_md:n32417	v3spie---
ἐκλύεταί	e)klu/etai/	ἐκλύω	e)klu/w	urn:cite2:hmt:lsj.chicago_md:n32417	v3spie---
ἐκμαθεῖν	e)kmaqei=n	ἐκμανθάνω	e)kmanqa/nw	urn:cite2:hmt:lsj.chicago_md:n32433	v--ana---
ἐκμανθάνεις	e)kmanqa/neis	ἐκμανθάνω	e)kmanqa/nw	urn:cite2:hmt:lsj.chicago_md:n32433	v2spia---
ἐκμάθοιμι	e)kma/qoimi	ἐκμανθάνω	e)kmanqa/nw	urn:cite2:hmt:lsj.chicago_md:n32433	v1saoa---
ἐκμάθοις	e)kma/qois	ἐκμανθάνω	e)kmanqa/nw	urn:cite2:hmt:lsj.chicago_md:n32433	v2saoa---
ἐκμάθῃς	e)kma/qh|s	ἐκμανθάνω	e)kmanqa/nw	urn:cite2:hmt:lsj.chicago_md:n32433	v2sasa---
ἐκμῆναι	e)kmh=nai	ἐκμαίνω	e)kmai/nw	urn:cite2:hmt:lsj.chicago_md:n32426	v--ana---
ἐκπεπληγμένη	e)kpeplhgme/nh	ἐκπλήσσω	e)kplh/ssw	urn:cite2:hmt:lsj.chicago_md:n32686	v-srpefn-
ἐκπεπληγμένη	e)kpeplhgme/nh	ἐκπλήσσω	e)kplh/ssw	urn:cite2:hmt:lsj.chicago_md:n32686	v-srpefv-
ἐκπεπόρθημαι	e)kpepo/rqhmai	ἐκπορθέω	e)kporqe/w	urn:cite2:hmt:lsj.chicago_md:n32726	v1srie---
ἐκπηδᾶν	e)kphda=n	ἐκπηδάω	e)kphda/w	urn:cite2:hmt:lsj.chicago_md:n32630	v-sppamv-
ἐκπηδᾶν	e)kphda=n	ἐκπηδάω	e)kphda/w	urn:cite2:hmt:lsj.chicago_md:n32630	v-sppann-
ἐκπηδᾶν	e)kphda=n	ἐκπηδάω	e)kphda/w	urn:cite2:hmt:lsj.chicago_md:n32630	v-sppanv-
ἐκπηδᾶν	e)kphda=n	ἐκπηδάω	e)kphda/w	urn:cite2:hmt:lsj.chicago_md:n32630	v-sppana-
ἐκπηδᾶν	e)kphda=n	ἐκπηδάω	e)kphda/w	urn:cite2:hmt:lsj.chicago_md:n32630	v-sppamn-
ἐκπηδᾶν	e)kphda=n	ἐκπηδάω	e)kphda/w	urn:cite2:hmt:lsj.chicago_md:n32630	v--pna---
ἐκπηδᾶν	e)kphda=n	ἐκπηδάω	e)kphda/w	urn:cite2:hmt:lsj.chicago_md:n32630	v--pna---
ἐκπηδᾶν	e)kphda=n	ἐκπηδάω	e)kphda/w	urn:cite2:hmt:lsj.chicago_md:n32630	v-sppamv-
ἐκπηδᾶν	e)kphda=n	ἐκπηδάω	e)kphda/w	urn:cite2:hmt:lsj.chicago_md:n32630	v-sppann-
ἐκπηδᾶν	e)kphda=n	ἐκπηδάω	e)kphda/w	urn:cite2:hmt:lsj.chicago_md:n32630	v-sppanv-
ἐκπηδᾶν	e)kphda=n	ἐκπηδάω	e)kphda/w	urn:cite2:hmt:lsj.chicago_md:n32630	v-sppana-
ἐκπηδᾶν	e)kphda=n	ἐκπηδάω	e)kphda/w	urn:cite2:hmt:lsj.chicago_md:n32630	v-sppamn-
ἐκπηδᾶν	e)kphda=n	ἐκπηδάω	e)kphda/w	urn:cite2:hmt:lsj.chicago_md:n32630	v--pna---
ἐκπηδᾶν	e)kphda=n	ἐκπηδάω	e)kphda/w	urn:cite2:hmt:lsj.chicago_md:n32630	v--pna---
ἐκπλαγῆναι	e)kplagh=nai	ἐκπλάσσω	e)kpla/ssw	urn:cite2:hmt:lsj.chicago_md:n32662	v--anp---
ἐκπλαγῆναι	e)kplagh=nai	ἐκπλήσσω	e)kplh/ssw	urn:cite2:hmt:lsj.chicago_md:n32686	v--anp---
ἐκπλαγῆναι	e)kplagh=nai	ἐκπλήσσω	e)kplh/ssw	urn:cite2:hmt:lsj.chicago_md:n32686	v--anp---
ἐκπράξασ’	e)kpra/cas'	ἐκπράσσω	e)kpra/ssw	urn:cite2:hmt:lsj.chicago_md:n32741	v-sapafn-
ἐκπράξασ’	e)kpra/cas'	ἐκπράσσω	e)kpra/ssw	urn:cite2:hmt:lsj.chicago_md:n32741	v-sapafv-
ἐκπράξασ’	e)kpra/cas'	ἐκπράσσω	e)kpra/ssw	urn:cite2:hmt:lsj.chicago_md:n32741	v-sapafn-
ἐκπράξασ’	e)kpra/cas'	ἐκπράσσω	e)kpra/ssw	urn:cite2:hmt:lsj.chicago_md:n32741	v-sapafv-
ἐκπράξασ’	e)kpra/cas'	ἐκπράσσω	e)kpra/ssw	urn:cite2:hmt:lsj.chicago_md:n32741	v-sapafn-
ἐκπράξασ’	e)kpra/cas'	ἐκπράσσω	e)kpra/ssw	urn:cite2:hmt:lsj.chicago_md:n32741	v-sapafv-
ἐκπράξασ’	e)kpra/cas'	ἐκπράσσω	e)kpra/ssw	urn:cite2:hmt:lsj.chicago_md:n32741	v-papamd-
ἐκπράξασ’	e)kpra/cas'	ἐκπράσσω	e)kpra/ssw	urn:cite2:hmt:lsj.chicago_md:n32741	v-papand-
ἐκπράξασ’	e)kpra/cas'	ἐκπράσσω	e)kpra/ssw	urn:cite2:hmt:lsj.chicago_md:n32741	v-papamd-
ἐκπράξασ’	e)kpra/cas'	ἐκπράσσω	e)kpra/ssw	urn:cite2:hmt:lsj.chicago_md:n32741	v-papand-
ἐκπράξασ’	e)kpra/cas'	ἐκπράσσω	e)kpra/ssw	urn:cite2:hmt:lsj.chicago_md:n32741	v-papamd-
ἐκπράξασ’	e)kpra/cas'	ἐκπράσσω	e)kpra/ssw	urn:cite2:hmt:lsj.chicago_md:n32741	v-papand-
ἐκπράξασ’	e)kpra/cas'	ἐκπράσσω	e)kpra/ssw	urn:cite2:hmt:lsj.chicago_md:n32741	v-papafn-
ἐκπράξασ’	e)kpra/cas'	ἐκπράσσω	e)kpra/ssw	urn:cite2:hmt:lsj.chicago_md:n32741	v-papafv-
ἐκπράξασ’	e)kpra/cas'	ἐκπράσσω	e)kpra/ssw	urn:cite2:hmt:lsj.chicago_md:n32741	v-papafn-
ἐκπράξασ’	e)kpra/cas'	ἐκπράσσω	e)kpra/ssw	urn:cite2:hmt:lsj.chicago_md:n32741	v-papafv-
ἐκπράξασ’	e)kpra/cas'	ἐκπράσσω	e)kpra/ssw	urn:cite2:hmt:lsj.chicago_md:n32741	v-papafn-
ἐκπράξασ’	e)kpra/cas'	ἐκπράσσω	e)kpra/ssw	urn:cite2:hmt:lsj.chicago_md:n32741	v-papafv-
ἐκραίνει	e)krai/nei	ἐκραίνω	e)krai/nw	urn:cite2:hmt:lsj.chicago_md:n32820	v2spie---
ἐκραίνει	e)krai/nei	ἐκραίνω	e)krai/nw	urn:cite2:hmt:lsj.chicago_md:n32820	v3spia---
ἐκτελευτᾶσθαι	e)kteleuta=sqai	ἐκτελευτάω	e)kteleuta/w	urn:cite2:hmt:lsj.chicago_md:n32975	v--pne---
ἐκτελευτᾶσθαι	e)kteleuta=sqai	ἐκτελευτάω	e)kteleuta/w	urn:cite2:hmt:lsj.chicago_md:n32975	v--pne---
ἐκτελεῖν	e)ktelei=n	ἐκτελέω	e)ktele/w	urn:cite2:hmt:lsj.chicago_md:n32976	v--pna---
ἐκτελεῖν	e)ktelei=n	ἐκτελέω	e)ktele/w	urn:cite2:hmt:lsj.chicago_md:n32976	v--fna---
ἐκτελεῖν	e)ktelei=n	ἐκτελέω	e)ktele/w	urn:cite2:hmt:lsj.chicago_md:n32976	v--pna---
ἐκτεμόνθ’	e)ktemo/nq'	ἐκτέμνω	e)kte/mnw	urn:cite2:hmt:lsj.chicago_md:n32978	v-papann-
ἐκτεμόνθ’	e)ktemo/nq'	ἐκτέμνω	e)kte/mnw	urn:cite2:hmt:lsj.chicago_md:n32978	v-papanv-
ἐκτεμόνθ’	e)ktemo/nq'	ἐκτέμνω	e)kte/mnw	urn:cite2:hmt:lsj.chicago_md:n32978	v-papana-
ἐκτεμόνθ’	e)ktemo/nq'	ἐκτέμνω	e)kte/mnw	urn:cite2:hmt:lsj.chicago_md:n32978	v-sapama-
ἐκτεμόνθ’	e)ktemo/nq'	ἐκτέμνω	e)kte/mnw	urn:cite2:hmt:lsj.chicago_md:n32978	v-sapamd-
ἐκτεμόνθ’	e)ktemo/nq'	ἐκτέμνω	e)kte/mnw	urn:cite2:hmt:lsj.chicago_md:n32978	v-sapand-
ἐκτεμόνθ’	e)ktemo/nq'	ἐκτέμνω	e)kte/mnw	urn:cite2:hmt:lsj.chicago_md:n32978	v-dapamn-
ἐκτεμόνθ’	e)ktemo/nq'	ἐκτέμνω	e)kte/mnw	urn:cite2:hmt:lsj.chicago_md:n32978	v-dapamv-
ἐκτεμόνθ’	e)ktemo/nq'	ἐκτέμνω	e)kte/mnw	urn:cite2:hmt:lsj.chicago_md:n32978	v-dapama-
ἐκτεμόνθ’	e)ktemo/nq'	ἐκτέμνω	e)kte/mnw	urn:cite2:hmt:lsj.chicago_md:n32978	v-dapann-
ἐκτεμόνθ’	e)ktemo/nq'	ἐκτέμνω	e)kte/mnw	urn:cite2:hmt:lsj.chicago_md:n32978	v-dapanv-
ἐκτεμόνθ’	e)ktemo/nq'	ἐκτέμνω	e)kte/mnw	urn:cite2:hmt:lsj.chicago_md:n32978	v-dapana-
ἐκτενῶ	e)ktenw=	ἐκτείνω	e)ktei/nw	urn:cite2:hmt:lsj.chicago_md:n32964	v1sfia---
ἐκτόπου	e)kto/pou	ἔκτοπος	e)/ktopos	urn:cite2:hmt:lsj.chicago_md:n33050	n-s---mg-
ἐκτόπου	e)kto/pou	ἔκτοπος	e)/ktopos	urn:cite2:hmt:lsj.chicago_md:n33050	n-s---fg-
ἐκτόπου	e)kto/pou	ἔκτοπος	e)/ktopos	urn:cite2:hmt:lsj.chicago_md:n33050	n-s---ng-
ἐκτός	e)kto/s	ἐκτός	e)kto/s	urn:cite2:hmt:lsj.chicago_md:n33059	d--------
ἐκτύπουν	e)ktu/poun	ἐκτυπόω	e)ktupo/w	urn:cite2:hmt:lsj.chicago_md:n33120	v3piia---
ἐκτύπουν	e)ktu/poun	ἐκτυπόω	e)ktupo/w	urn:cite2:hmt:lsj.chicago_md:n33120	v1siia---
ἐκτύπουν	e)ktu/poun	ἐκτυπόω	e)ktupo/w	urn:cite2:hmt:lsj.chicago_md:n33120	v3piia---
ἐκτύπουν	e)ktu/poun	ἐκτυπόω	e)ktupo/w	urn:cite2:hmt:lsj.chicago_md:n33120	v1siia---
ἐκτύπουν	e)ktu/poun	κτυπέω	ktupe/w	urn:cite2:hmt:lsj.chicago_md:n60398	v3piia---
ἐκτύπουν	e)ktu/poun	κτυπέω	ktupe/w	urn:cite2:hmt:lsj.chicago_md:n60398	v1siia---
ἐκφέρεται	e)kfe/retai	ἐκφέρω	e)kfe/rw	urn:cite2:hmt:lsj.chicago_md:n33160	v3spie---
ἐκφέροι	e)kfe/roi	ἐκφέρω	e)kfe/rw	urn:cite2:hmt:lsj.chicago_md:n33160	v3spoa---
ἐκέλσαμεν	e)ke/lsamen	κέλλω	ke/llw	urn:cite2:hmt:lsj.chicago_md:n56518	v1paia---
ἐλαύνεται	e)lau/netai	ἐλαύνω	e)lau/nw	urn:cite2:hmt:lsj.chicago_md:n33457	v3sasm---
ἐλαύνεται	e)lau/netai	ἐλαύνω	e)lau/nw	urn:cite2:hmt:lsj.chicago_md:n33457	v3spie---
ἐλεινόν	e)leino/n	ἐλεεινός	e)leeino/s	urn:cite2:hmt:lsj.chicago_md:n33544	a-s---ma-
ἐλεινόν	e)leino/n	ἐλεεινός	e)leeino/s	urn:cite2:hmt:lsj.chicago_md:n33544	a-s---nn-
ἐλεινόν	e)leino/n	ἐλεεινός	e)leeino/s	urn:cite2:hmt:lsj.chicago_md:n33544	a-s---nv-
ἐλεινόν	e)leino/n	ἐλεεινός	e)leeino/s	urn:cite2:hmt:lsj.chicago_md:n33544	a-s---na-
ἐλευθέρου	e)leuqe/rou	ἐλεύθερος	e)leu/qeros	urn:cite2:hmt:lsj.chicago_md:n33618	a-s---mg-
ἐλευθέρου	e)leuqe/rou	ἐλεύθερος	e)leu/qeros	urn:cite2:hmt:lsj.chicago_md:n33618	a-s---ng-
ἐλευθέρου	e)leuqe/rou	ἐλεύθερος	e)leu/qeros	urn:cite2:hmt:lsj.chicago_md:n33618	n-s---mg-
ἐλευθέρου	e)leuqe/rou	ἐλεύθερος	e)leu/qeros	urn:cite2:hmt:lsj.chicago_md:n33618	n-s---fg-
ἐλευθέρου	e)leuqe/rou	ἐλεύθερος	e)leu/qeros	urn:cite2:hmt:lsj.chicago_md:n33618	n-s---ng-
ἐλευθέρου	e)leuqe/rou	ἐλευθερόω	e)leuqero/w	urn:cite2:hmt:lsj.chicago_md:n33623	v2spma---
ἐλευθέρου	e)leuqe/rou	ἐλευθερόω	e)leuqero/w	urn:cite2:hmt:lsj.chicago_md:n33623	v3siia---
ἐλευθέρους	e)leuqe/rous	ἐλεύθερος	e)leu/qeros	urn:cite2:hmt:lsj.chicago_md:n33618	a-p---ma-
ἐλευθέρους	e)leuqe/rous	ἐλεύθερος	e)leu/qeros	urn:cite2:hmt:lsj.chicago_md:n33618	n-p---ma-
ἐλευθέρους	e)leuqe/rous	ἐλεύθερος	e)leu/qeros	urn:cite2:hmt:lsj.chicago_md:n33618	n-p---fa-
ἐλευθέρους	e)leuqe/rous	ἐλευθερόω	e)leuqero/w	urn:cite2:hmt:lsj.chicago_md:n33623	v2siia---
ἐλευθέρων	e)leuqe/rwn	ἐλεύθερος	e)leu/qeros	urn:cite2:hmt:lsj.chicago_md:n33618	a-p---fg-
ἐλευθέρων	e)leuqe/rwn	ἐλεύθερος	e)leu/qeros	urn:cite2:hmt:lsj.chicago_md:n33618	a-p---mg-
ἐλευθέρων	e)leuqe/rwn	ἐλεύθερος	e)leu/qeros	urn:cite2:hmt:lsj.chicago_md:n33618	a-p---ng-
ἐλευθέρων	e)leuqe/rwn	ἐλεύθερος	e)leu/qeros	urn:cite2:hmt:lsj.chicago_md:n33618	n-p---mg-
ἐλευθέρων	e)leuqe/rwn	ἐλεύθερος	e)leu/qeros	urn:cite2:hmt:lsj.chicago_md:n33618	n-p---fg-
ἐλευθέρων	e)leuqe/rwn	ἐλεύθερος	e)leu/qeros	urn:cite2:hmt:lsj.chicago_md:n33618	n-p---ng-
ἐλευθέρων	e)leuqe/rwn	ἐλευθερόω	e)leuqero/w	urn:cite2:hmt:lsj.chicago_md:n33623	v3piia---
ἐλευθέρων	e)leuqe/rwn	ἐλευθερόω	e)leuqero/w	urn:cite2:hmt:lsj.chicago_md:n33623	v1siia---
ἐλευθέρῳ	e)leuqe/rw|	ἐλεύθερος	e)leu/qeros	urn:cite2:hmt:lsj.chicago_md:n33618	a-s---md-
ἐλευθέρῳ	e)leuqe/rw|	ἐλεύθερος	e)leu/qeros	urn:cite2:hmt:lsj.chicago_md:n33618	a-s---nd-
ἐλευθέρῳ	e)leuqe/rw|	ἐλεύθερος	e)leu/qeros	urn:cite2:hmt:lsj.chicago_md:n33618	n-s---md-
ἐλευθέρῳ	e)leuqe/rw|	ἐλεύθερος	e)leu/qeros	urn:cite2:hmt:lsj.chicago_md:n33618	n-s---fd-
ἐλευθέρῳ	e)leuqe/rw|	ἐλεύθερος	e)leu/qeros	urn:cite2:hmt:lsj.chicago_md:n33618	n-s---nd-
ἐλείπετ’	e)lei/pet'	λείπω	lei/pw	urn:cite2:hmt:lsj.chicago_md:n62274	v3siie---
ἐλείπετ’	e)lei/pet'	λείπω	lei/pw	urn:cite2:hmt:lsj.chicago_md:n62274	v2piia---
ἐλεύθερον	e)leu/qeron	ἐλεύθερος	e)leu/qeros	urn:cite2:hmt:lsj.chicago_md:n33618	a-s---ma-
ἐλεύθερον	e)leu/qeron	ἐλεύθερος	e)leu/qeros	urn:cite2:hmt:lsj.chicago_md:n33618	a-s---nn-
ἐλεύθερον	e)leu/qeron	ἐλεύθερος	e)leu/qeros	urn:cite2:hmt:lsj.chicago_md:n33618	a-s---nv-
ἐλεύθερον	e)leu/qeron	ἐλεύθερος	e)leu/qeros	urn:cite2:hmt:lsj.chicago_md:n33618	a-s---na-
ἐλεύθερον	e)leu/qeron	ἐλεύθερος	e)leu/qeros	urn:cite2:hmt:lsj.chicago_md:n33618	n-s---ma-
ἐλεύθερον	e)leu/qeron	ἐλεύθερος	e)leu/qeros	urn:cite2:hmt:lsj.chicago_md:n33618	n-s---fa-
ἐλεύθερον	e)leu/qeron	ἐλεύθερος	e)leu/qeros	urn:cite2:hmt:lsj.chicago_md:n33618	n-s---nn-
ἐλεύθερον	e)leu/qeron	ἐλεύθερος	e)leu/qeros	urn:cite2:hmt:lsj.chicago_md:n33618	n-s---nv-
ἐλεύθερον	e)leu/qeron	ἐλεύθερος	e)leu/qeros	urn:cite2:hmt:lsj.chicago_md:n33618	n-s---na-
ἐλεύθερος	e)leu/qeros	ἐλεύθερος	e)leu/qeros	urn:cite2:hmt:lsj.chicago_md:n33618	a-s---mn-
ἐλεύθερος	e)leu/qeros	ἐλεύθερος	e)leu/qeros	urn:cite2:hmt:lsj.chicago_md:n33618	n-s---mn-
ἐλεύθερος	e)leu/qeros	ἐλεύθερος	e)leu/qeros	urn:cite2:hmt:lsj.chicago_md:n33618	n-s---fn-
ἐλεύσεται	e)leu/setai	ἔρχομαι	e)/rxomai	urn:cite2:hmt:lsj.chicago_md:n42827	v3sfim---
ἐλθόντ’	e)lqo/nt'	ἔρχομαι	e)/rxomai	urn:cite2:hmt:lsj.chicago_md:n42827	v-papann-
ἐλθόντ’	e)lqo/nt'	ἔρχομαι	e)/rxomai	urn:cite2:hmt:lsj.chicago_md:n42827	v-papanv-
ἐλθόντ’	e)lqo/nt'	ἔρχομαι	e)/rxomai	urn:cite2:hmt:lsj.chicago_md:n42827	v-papana-
ἐλθόντ’	e)lqo/nt'	ἔρχομαι	e)/rxomai	urn:cite2:hmt:lsj.chicago_md:n42827	v-sapama-
ἐλθόντ’	e)lqo/nt'	ἔρχομαι	e)/rxomai	urn:cite2:hmt:lsj.chicago_md:n42827	v-sapamd-
ἐλθόντ’	e)lqo/nt'	ἔρχομαι	e)/rxomai	urn:cite2:hmt:lsj.chicago_md:n42827	v-sapand-
ἐλθόντ’	e)lqo/nt'	ἔρχομαι	e)/rxomai	urn:cite2:hmt:lsj.chicago_md:n42827	v-dapamn-
ἐλθόντ’	e)lqo/nt'	ἔρχομαι	e)/rxomai	urn:cite2:hmt:lsj.chicago_md:n42827	v-dapamv-
ἐλθόντ’	e)lqo/nt'	ἔρχομαι	e)/rxomai	urn:cite2:hmt:lsj.chicago_md:n42827	v-dapama-
ἐλθόντ’	e)lqo/nt'	ἔρχομαι	e)/rxomai	urn:cite2:hmt:lsj.chicago_md:n42827	v-dapann-
ἐλθόντ’	e)lqo/nt'	ἔρχομαι	e)/rxomai	urn:cite2:hmt:lsj.chicago_md:n42827	v-dapanv-
ἐλθόντ’	e)lqo/nt'	ἔρχομαι	e)/rxomai	urn:cite2:hmt:lsj.chicago_md:n42827	v-dapana-
ἐλλείψω	e)llei/yw	ἐλλείπω	e)llei/pw	urn:cite2:hmt:lsj.chicago_md:n33809	v1sfia---
ἐλπίδα	e)lpi/da	ἐλπίς	e)lpi/s	urn:cite2:hmt:lsj.chicago_md:n33903	n-s---fa-
ἐλπίδος	e)lpi/dos	ἐλπίς	e)lpi/s	urn:cite2:hmt:lsj.chicago_md:n33903	n-s---fg-
ἐλπίδ’	e)lpi/d'	ἐλπίς	e)lpi/s	urn:cite2:hmt:lsj.chicago_md:n33903	n-s---fa-
ἐλπίδ’	e)lpi/d'	ἐλπίς	e)lpi/s	urn:cite2:hmt:lsj.chicago_md:n33903	n-s---fd-
ἐλπίδ’	e)lpi/d'	ἐλπίς	e)lpi/s	urn:cite2:hmt:lsj.chicago_md:n33903	n-d---fn-
ἐλπίδ’	e)lpi/d'	ἐλπίς	e)lpi/s	urn:cite2:hmt:lsj.chicago_md:n33903	n-d---fv-
ἐλπίδ’	e)lpi/d'	ἐλπίς	e)lpi/s	urn:cite2:hmt:lsj.chicago_md:n33903	n-d---fa-
ἐλπίζουσαν	e)lpi/zousan	ἐλπίζω	e)lpi/zw	urn:cite2:hmt:lsj.chicago_md:n33902	v-sppafa-
ἐλπίς	e)lpi/s	ἐλπίς	e)lpi/s	urn:cite2:hmt:lsj.chicago_md:n33903	n-s---fn-
ἐλπίσιν	e)lpi/sin	ἐλπίς	e)lpi/s	urn:cite2:hmt:lsj.chicago_md:n33903	n-p---fd-
ἐλάσσονα	e)la/ssona	ἐλάσσων	e)la/sswn	urn:cite2:hmt:lsj.chicago_md:n33426	a-p---nn-
ἐλάσσονα	e)la/ssona	ἐλάσσων	e)la/sswn	urn:cite2:hmt:lsj.chicago_md:n33426	a-p---nv-
ἐλάσσονα	e)la/ssona	ἐλάσσων	e)la/sswn	urn:cite2:hmt:lsj.chicago_md:n33426	a-p---na-
ἐλάσσονα	e)la/ssona	ἐλάσσων	e)la/sswn	urn:cite2:hmt:lsj.chicago_md:n33426	a-s---ma-
ἐλάσσονα	e)la/ssona	ἐλάσσων	e)la/sswn	urn:cite2:hmt:lsj.chicago_md:n33426	a-s---fa-
ἐλήφθης	e)lh/fqhs	λαμβάνω	lamba/nw	urn:cite2:hmt:lsj.chicago_md:n61791	v2saip---
ἐλώπισεν	e)lw/pisen	λωπίζω	lwpi/zw	urn:cite2:hmt:lsj.chicago_md:n64344	v3saia---
ἐμβαλεῖν	e)mbalei=n	ἐμβάλλω	e)mba/llw	urn:cite2:hmt:lsj.chicago_md:n33956	v--ana---
ἐμβαλεῖν	e)mbalei=n	ἐμβάλλω	e)mba/llw	urn:cite2:hmt:lsj.chicago_md:n33956	v--fna---
ἐμμέμονεν	e)mme/monen	ἐμμέμονα	e)mme/mona	urn:cite2:hmt:lsj.chicago_md:n34140	v3sria---
ἐμμέμονεν	e)mme/monen	ἐμμέμονα	e)mme/mona	urn:cite2:hmt:lsj.chicago_md:n34140	v3plia---
ἐμοί	e)moi/	ἐγώ	e)gw/	urn:cite2:hmt:lsj.chicago_md:n30657	p-s---md-
ἐμοί	e)moi/	ἐγώ	e)gw/	urn:cite2:hmt:lsj.chicago_md:n30657	p-s---fd-
ἐμοί	e)moi/	ἐμός	e)mo/s	urn:cite2:hmt:lsj.chicago_md:n34194	a-p---mn-
ἐμοί	e)moi/	ἐμός	e)mo/s	urn:cite2:hmt:lsj.chicago_md:n34194	a-p---mv-
ἐμοῖς	e)moi=s	ἐμέω	e)me/w	urn:cite2:hmt:lsj.chicago_md:n34111	v2sfoa---
ἐμοῖς	e)moi=s	ἐμέω	e)me/w	urn:cite2:hmt:lsj.chicago_md:n34111	v2spoa---
ἐμοῖς	e)moi=s	ἐμός	e)mo/s	urn:cite2:hmt:lsj.chicago_md:n34194	a-p---md-
ἐμοῖς	e)moi=s	ἐμός	e)mo/s	urn:cite2:hmt:lsj.chicago_md:n34194	a-p---nd-
ἐμοῦ	e)mou=	ἐγώ	e)gw/	urn:cite2:hmt:lsj.chicago_md:n30657	p-s---mg-
ἐμοῦ	e)mou=	ἐγώ	e)gw/	urn:cite2:hmt:lsj.chicago_md:n30657	p-s---fg-
ἐμοῦ	e)mou=	ἐμέω	e)me/w	urn:cite2:hmt:lsj.chicago_md:n34111	v2spme---
ἐμοῦ	e)mou=	ἐμέω	e)me/w	urn:cite2:hmt:lsj.chicago_md:n34111	v2siie---
ἐμοῦ	e)mou=	ἐμός	e)mo/s	urn:cite2:hmt:lsj.chicago_md:n34194	a-s---mg-
ἐμοῦ	e)mou=	ἐμός	e)mo/s	urn:cite2:hmt:lsj.chicago_md:n34194	a-s---ng-
ἐμπελασθῆναί	e)mpelasqh=nai/	ἐμπελάζω	e)mpela/zw	urn:cite2:hmt:lsj.chicago_md:n34282	v--anp---
ἐμπελασθῆναί	e)mpelasqh=nai/	ἐμπελάζω	e)mpela/zw	urn:cite2:hmt:lsj.chicago_md:n34282	v--anp---
ἐμπελάζεις	e)mpela/zeis	ἐμπελάζω	e)mpela/zw	urn:cite2:hmt:lsj.chicago_md:n34282	v2spia---
ἐμπελάζεις	e)mpela/zeis	ἐμπελάζω	e)mpela/zw	urn:cite2:hmt:lsj.chicago_md:n34282	v2spia---
ἐμπεσεῖν	e)mpesei=n	ἐμπίτνω	e)mpi/tnw	urn:cite2:hmt:lsj.chicago_md:n34366	v--ana---
ἐμπνεόντων	e)mpneo/ntwn	ἐμπνέω	e)mpne/w	urn:cite2:hmt:lsj.chicago_md:n34431	v-pppamg-
ἐμπνεόντων	e)mpneo/ntwn	ἐμπνέω	e)mpne/w	urn:cite2:hmt:lsj.chicago_md:n34431	v-pppang-
ἐμπνεόντων	e)mpneo/ntwn	ἐμπνέω	e)mpne/w	urn:cite2:hmt:lsj.chicago_md:n34431	v3ppma---
ἐμπνεόντων	e)mpneo/ntwn	ἐμπνέω	e)mpne/w	urn:cite2:hmt:lsj.chicago_md:n34431	v-pppamg-
ἐμπνεόντων	e)mpneo/ntwn	ἐμπνέω	e)mpne/w	urn:cite2:hmt:lsj.chicago_md:n34431	v-pppang-
ἐμπνεόντων	e)mpneo/ntwn	ἐμπνέω	e)mpne/w	urn:cite2:hmt:lsj.chicago_md:n34431	v3ppma---
ἐμποληθείς	e)mpolhqei/s	ἐμπολάω	e)mpola/w	urn:cite2:hmt:lsj.chicago_md:n34460	v-sappmn-
ἐμποληθείς	e)mpolhqei/s	ἐμπολάω	e)mpola/w	urn:cite2:hmt:lsj.chicago_md:n34460	v-sappmv-
ἐμποληθείς	e)mpolhqei/s	ἐμπολέω	e)mpole/w	urn:cite2:hmt:lsj.chicago_md:n34466	v-sappmn-
ἐμποληθείς	e)mpolhqei/s	ἐμπολέω	e)mpole/w	urn:cite2:hmt:lsj.chicago_md:n34466	v-sappmv-
ἐμπολᾷ	e)mpola=|	ἐμπολάω	e)mpola/w	urn:cite2:hmt:lsj.chicago_md:n34460	v2spse---
ἐμπολᾷ	e)mpola=|	ἐμπολάω	e)mpola/w	urn:cite2:hmt:lsj.chicago_md:n34460	v2spie---
ἐμπολᾷ	e)mpola=|	ἐμπολάω	e)mpola/w	urn:cite2:hmt:lsj.chicago_md:n34460	v3spsa---
ἐμπολᾷ	e)mpola=|	ἐμπολάω	e)mpola/w	urn:cite2:hmt:lsj.chicago_md:n34460	v3spia---
ἐμπολᾷ	e)mpola=|	ἐμπολή	e)mpolh/	urn:cite2:hmt:lsj.chicago_md:n34467	n-s---fd-
ἐμπέδως	e)mpe/dws	ἔμπεδος	e)/mpedos	urn:cite2:hmt:lsj.chicago_md:n34259	x--------
ἐμπέδως	e)mpe/dws	ἔμπεδος	e)/mpedos	urn:cite2:hmt:lsj.chicago_md:n34260	x--------
ἐμπέδως	e)mpe/dws	ἔμπεδος	e)/mpedos	urn:cite2:hmt:lsj.chicago_md:n34259	n-p---ma-
ἐμπέδως	e)mpe/dws	ἔμπεδος	e)/mpedos	urn:cite2:hmt:lsj.chicago_md:n34260	n-p---ma-
ἐμπέδως	e)mpe/dws	ἔμπεδος	e)/mpedos	urn:cite2:hmt:lsj.chicago_md:n34259	n-p---fa-
ἐμπέδως	e)mpe/dws	ἔμπεδος	e)/mpedos	urn:cite2:hmt:lsj.chicago_md:n34260	n-p---fa-
ἐμπέδως	e)mpe/dws	ἐμπεδόω	e)mpedo/w	urn:cite2:hmt:lsj.chicago_md:n34264	v2siia---
ἐμπόλημα	e)mpo/lhma	ἐμπόλημα	e)mpo/lhma	urn:cite2:hmt:lsj.chicago_md:n34468	n-s---nn-
ἐμπόλημα	e)mpo/lhma	ἐμπόλημα	e)mpo/lhma	urn:cite2:hmt:lsj.chicago_md:n34468	n-s---nv-
ἐμπόλημα	e)mpo/lhma	ἐμπόλημα	e)mpo/lhma	urn:cite2:hmt:lsj.chicago_md:n34468	n-s---na-
ἐμφανής	e)mfanh/s	ἐμφανής	e)mfanh/s	urn:cite2:hmt:lsj.chicago_md:n34587	n-s---mn-
ἐμφανής	e)mfanh/s	ἐμφανής	e)mfanh/s	urn:cite2:hmt:lsj.chicago_md:n34587	n-s---fn-
ἐμφανῆ	e)mfanh=	ἐμφανής	e)mfanh/s	urn:cite2:hmt:lsj.chicago_md:n34587	n-p---nn-
ἐμφανῆ	e)mfanh=	ἐμφανής	e)mfanh/s	urn:cite2:hmt:lsj.chicago_md:n34587	n-p---nv-
ἐμφανῆ	e)mfanh=	ἐμφανής	e)mfanh/s	urn:cite2:hmt:lsj.chicago_md:n34587	n-p---na-
ἐμφανῆ	e)mfanh=	ἐμφανής	e)mfanh/s	urn:cite2:hmt:lsj.chicago_md:n34587	n-d---mn-
ἐμφανῆ	e)mfanh=	ἐμφανής	e)mfanh/s	urn:cite2:hmt:lsj.chicago_md:n34587	n-d---mv-
ἐμφανῆ	e)mfanh=	ἐμφανής	e)mfanh/s	urn:cite2:hmt:lsj.chicago_md:n34587	n-d---ma-
ἐμφανῆ	e)mfanh=	ἐμφανής	e)mfanh/s	urn:cite2:hmt:lsj.chicago_md:n34587	n-d---fn-
ἐμφανῆ	e)mfanh=	ἐμφανής	e)mfanh/s	urn:cite2:hmt:lsj.chicago_md:n34587	n-d---fv-
ἐμφανῆ	e)mfanh=	ἐμφανής	e)mfanh/s	urn:cite2:hmt:lsj.chicago_md:n34587	n-d---fa-
ἐμφανῆ	e)mfanh=	ἐμφανής	e)mfanh/s	urn:cite2:hmt:lsj.chicago_md:n34587	n-d---nn-
ἐμφανῆ	e)mfanh=	ἐμφανής	e)mfanh/s	urn:cite2:hmt:lsj.chicago_md:n34587	n-d---nv-
ἐμφανῆ	e)mfanh=	ἐμφανής	e)mfanh/s	urn:cite2:hmt:lsj.chicago_md:n34587	n-d---na-
ἐμφανῆ	e)mfanh=	ἐμφανής	e)mfanh/s	urn:cite2:hmt:lsj.chicago_md:n34587	n-s---ma-
ἐμφανῆ	e)mfanh=	ἐμφανής	e)mfanh/s	urn:cite2:hmt:lsj.chicago_md:n34587	n-s---fa-
ἐμφανῶς	e)mfanw=s	ἐμφανής	e)mfanh/s	urn:cite2:hmt:lsj.chicago_md:n34587	x--------
ἐμά	e)ma/	ἐμός	e)mo/s	urn:cite2:hmt:lsj.chicago_md:n34194	a-p---nn-
ἐμά	e)ma/	ἐμός	e)mo/s	urn:cite2:hmt:lsj.chicago_md:n34194	a-p---nv-
ἐμά	e)ma/	ἐμός	e)mo/s	urn:cite2:hmt:lsj.chicago_md:n34194	a-p---na-
ἐμά	e)ma/	ἐμός	e)mo/s	urn:cite2:hmt:lsj.chicago_md:n34194	a-d---fn-
ἐμά	e)ma/	ἐμός	e)mo/s	urn:cite2:hmt:lsj.chicago_md:n34194	a-d---fv-
ἐμά	e)ma/	ἐμός	e)mo/s	urn:cite2:hmt:lsj.chicago_md:n34194	a-d---fa-
ἐμά	e)ma/	ἐμός	e)mo/s	urn:cite2:hmt:lsj.chicago_md:n34194	a-s---fn-
ἐμά	e)ma/	ἐμός	e)mo/s	urn:cite2:hmt:lsj.chicago_md:n34194	a-s---fv-
ἐμάν	e)ma/n	ἐμός	e)mo/s	urn:cite2:hmt:lsj.chicago_md:n34194	a-s---fa-
ἐμέ	e)me/	ἐγώ	e)gw/	urn:cite2:hmt:lsj.chicago_md:n30657	p-s---ma-
ἐμέ	e)me/	ἐγώ	e)gw/	urn:cite2:hmt:lsj.chicago_md:n30657	p-s---fa-
ἐμέ	e)me/	ἐμός	e)mo/s	urn:cite2:hmt:lsj.chicago_md:n34194	a-s---mv-
ἐμήν	e)mh/n	ἐμός	e)mo/s	urn:cite2:hmt:lsj.chicago_md:n34194	a-s---fa-
ἐμήσατο	e)mh/sato	μήδομαι	mh/domai	urn:cite2:hmt:lsj.chicago_md:n67321	v3saim---
ἐμόν	e)mo/n	ἐμός	e)mo/s	urn:cite2:hmt:lsj.chicago_md:n34194	a-s---ma-
ἐμόν	e)mo/n	ἐμός	e)mo/s	urn:cite2:hmt:lsj.chicago_md:n34194	a-s---nn-
ἐμόν	e)mo/n	ἐμός	e)mo/s	urn:cite2:hmt:lsj.chicago_md:n34194	a-s---nv-
ἐμόν	e)mo/n	ἐμός	e)mo/s	urn:cite2:hmt:lsj.chicago_md:n34194	a-s---na-
ἐμός	e)mo/s	ἐμός	e)mo/s	urn:cite2:hmt:lsj.chicago_md:n34194	a-s---mn-
ἐμᾶς	e)ma=s	ἐμός	e)mo/s	urn:cite2:hmt:lsj.chicago_md:n34194	a-s---fg-
ἐμῆς	e)mh=s	ἐμέω	e)me/w	urn:cite2:hmt:lsj.chicago_md:n34111	v2sfia---
ἐμῆς	e)mh=s	ἐμέω	e)me/w	urn:cite2:hmt:lsj.chicago_md:n34111	v2spia---
ἐμῆς	e)mh=s	ἐμός	e)mo/s	urn:cite2:hmt:lsj.chicago_md:n34194	a-s---fg-
ἐμῇ	e)mh=|	ἐμέω	e)me/w	urn:cite2:hmt:lsj.chicago_md:n34111	v2sfim---
ἐμῇ	e)mh=|	ἐμέω	e)me/w	urn:cite2:hmt:lsj.chicago_md:n34111	v2spse---
ἐμῇ	e)mh=|	ἐμέω	e)me/w	urn:cite2:hmt:lsj.chicago_md:n34111	v2spie---
ἐμῇ	e)mh=|	ἐμέω	e)me/w	urn:cite2:hmt:lsj.chicago_md:n34111	v3spsa---
ἐμῇ	e)mh=|	ἐμός	e)mo/s	urn:cite2:hmt:lsj.chicago_md:n34194	a-s---fd-
ἐμῶν	e)mw=n	ἐμέω	e)me/w	urn:cite2:hmt:lsj.chicago_md:n34111	v-sfpamn-
ἐμῶν	e)mw=n	ἐμέω	e)me/w	urn:cite2:hmt:lsj.chicago_md:n34111	v-sppamn-
ἐμῶν	e)mw=n	ἐμός	e)mo/s	urn:cite2:hmt:lsj.chicago_md:n34194	a-p---fg-
ἐμῶν	e)mw=n	ἐμός	e)mo/s	urn:cite2:hmt:lsj.chicago_md:n34194	a-p---mg-
ἐμῶν	e)mw=n	ἐμός	e)mo/s	urn:cite2:hmt:lsj.chicago_md:n34194	a-p---ng-
ἐμῷ	e)mw=|	ἐμός	e)mo/s	urn:cite2:hmt:lsj.chicago_md:n34194	a-s---md-
ἐμῷ	e)mw=|	ἐμός	e)mo/s	urn:cite2:hmt:lsj.chicago_md:n34194	a-s---nd-
ἐν	e)n	ἐν	e)n	urn:cite2:hmt:lsj.chicago_md:n34700	r--------
ἐν	e)n	εἰς	ei)s	urn:cite2:hmt:lsj.chicago_md:n31235	r--------
ἐναργής	e)nargh/s	ἐναργής	e)nargh/s	urn:cite2:hmt:lsj.chicago_md:n34982	n-s---mn-
ἐναργής	e)nargh/s	ἐναργής	e)nargh/s	urn:cite2:hmt:lsj.chicago_md:n34982	n-s---fn-
ἐναργῆ	e)nargh=	ἐναργής	e)nargh/s	urn:cite2:hmt:lsj.chicago_md:n34982	n-p---nn-
ἐναργῆ	e)nargh=	ἐναργής	e)nargh/s	urn:cite2:hmt:lsj.chicago_md:n34982	n-p---nv-
ἐναργῆ	e)nargh=	ἐναργής	e)nargh/s	urn:cite2:hmt:lsj.chicago_md:n34982	n-p---na-
ἐναργῆ	e)nargh=	ἐναργής	e)nargh/s	urn:cite2:hmt:lsj.chicago_md:n34982	n-d---mn-
ἐναργῆ	e)nargh=	ἐναργής	e)nargh/s	urn:cite2:hmt:lsj.chicago_md:n34982	n-d---mv-
ἐναργῆ	e)nargh=	ἐναργής	e)nargh/s	urn:cite2:hmt:lsj.chicago_md:n34982	n-d---ma-
ἐναργῆ	e)nargh=	ἐναργής	e)nargh/s	urn:cite2:hmt:lsj.chicago_md:n34982	n-d---fn-
ἐναργῆ	e)nargh=	ἐναργής	e)nargh/s	urn:cite2:hmt:lsj.chicago_md:n34982	n-d---fv-
ἐναργῆ	e)nargh=	ἐναργής	e)nargh/s	urn:cite2:hmt:lsj.chicago_md:n34982	n-d---fa-
ἐναργῆ	e)nargh=	ἐναργής	e)nargh/s	urn:cite2:hmt:lsj.chicago_md:n34982	n-d---nn-
ἐναργῆ	e)nargh=	ἐναργής	e)nargh/s	urn:cite2:hmt:lsj.chicago_md:n34982	n-d---nv-
ἐναργῆ	e)nargh=	ἐναργής	e)nargh/s	urn:cite2:hmt:lsj.chicago_md:n34982	n-d---na-
ἐναργῆ	e)nargh=	ἐναργής	e)nargh/s	urn:cite2:hmt:lsj.chicago_md:n34982	n-s---ma-
ἐναργῆ	e)nargh=	ἐναργής	e)nargh/s	urn:cite2:hmt:lsj.chicago_md:n34982	n-s---fa-
ἐναριζομένα	e)narizome/na	ἐναρίζω	e)nari/zw	urn:cite2:hmt:lsj.chicago_md:n34997	v-dppefn-
ἐναριζομένα	e)narizome/na	ἐναρίζω	e)nari/zw	urn:cite2:hmt:lsj.chicago_md:n34997	v-dppefv-
ἐναριζομένα	e)narizome/na	ἐναρίζω	e)nari/zw	urn:cite2:hmt:lsj.chicago_md:n34997	v-dppefa-
ἐναριζομένα	e)narizome/na	ἐναρίζω	e)nari/zw	urn:cite2:hmt:lsj.chicago_md:n34997	v-sppefn-
ἐναριζομένα	e)narizome/na	ἐναρίζω	e)nari/zw	urn:cite2:hmt:lsj.chicago_md:n34997	v-sppefv-
ἐνδατούμενος	e)ndatou/menos	ἐνδατέομαι	e)ndate/omai	urn:cite2:hmt:lsj.chicago_md:n35100	v-sppemn-
ἐνδατούμενος	e)ndatou/menos	ἐνδατέομαι	e)ndate/omai	urn:cite2:hmt:lsj.chicago_md:n35100	v-sppmmn-
ἐνδυτῆρα	e)nduth=ra	ἐνδυτήρ	e)nduth/r	urn:cite2:hmt:lsj.chicago_md:n35318	n-s---ma-
ἐνδύς	e)ndu/s	ἐνδύω	e)ndu/w	urn:cite2:hmt:lsj.chicago_md:n35322	v-sapamn-
ἐνδύς	e)ndu/s	ἐνδύω	e)ndu/w	urn:cite2:hmt:lsj.chicago_md:n35322	v-sapamv-
ἐνθυμίοις	e)nqumi/ois	ἐνθύμιος	e)nqu/mios	urn:cite2:hmt:lsj.chicago_md:n35653	n-p---md-
ἐνθυμίοις	e)nqumi/ois	ἐνθύμιος	e)nqu/mios	urn:cite2:hmt:lsj.chicago_md:n35653	n-p---fd-
ἐνθυμίοις	e)nqumi/ois	ἐνθύμιος	e)nqu/mios	urn:cite2:hmt:lsj.chicago_md:n35653	n-p---nd-
ἐνθυμίοις	e)nqumi/ois	ἐνθυμέομαι	e)nqume/omai	urn:cite2:hmt:lsj.chicago_md:n35642	v2spoa---
ἐνθάδε	e)nqa/de	ἐνθάδε	e)nqa/de	urn:cite2:hmt:lsj.chicago_md:n35542	d--------
ἐνιαυτόν	e)niauto/n	ἐνιαυτός	e)niauto/s	urn:cite2:hmt:lsj.chicago_md:n35672	n-s---ma-
ἐννοήσασ’	e)nnoh/sas'	ἐννοέω	e)nnoe/w	urn:cite2:hmt:lsj.chicago_md:n35863	v-sapafn-
ἐννοήσασ’	e)nnoh/sas'	ἐννοέω	e)nnoe/w	urn:cite2:hmt:lsj.chicago_md:n35863	v-sapafv-
ἐννοήσασ’	e)nnoh/sas'	ἐννοέω	e)nnoe/w	urn:cite2:hmt:lsj.chicago_md:n35863	v-sapafn-
ἐννοήσασ’	e)nnoh/sas'	ἐννοέω	e)nnoe/w	urn:cite2:hmt:lsj.chicago_md:n35863	v-sapafv-
ἐννοήσασ’	e)nnoh/sas'	ἐννοέω	e)nnoe/w	urn:cite2:hmt:lsj.chicago_md:n35863	v-papamd-
ἐννοήσασ’	e)nnoh/sas'	ἐννοέω	e)nnoe/w	urn:cite2:hmt:lsj.chicago_md:n35863	v-papand-
ἐννοήσασ’	e)nnoh/sas'	ἐννοέω	e)nnoe/w	urn:cite2:hmt:lsj.chicago_md:n35863	v-papamd-
ἐννοήσασ’	e)nnoh/sas'	ἐννοέω	e)nnoe/w	urn:cite2:hmt:lsj.chicago_md:n35863	v-papand-
ἐννοήσασ’	e)nnoh/sas'	ἐννοέω	e)nnoe/w	urn:cite2:hmt:lsj.chicago_md:n35863	v-papafn-
ἐννοήσασ’	e)nnoh/sas'	ἐννοέω	e)nnoe/w	urn:cite2:hmt:lsj.chicago_md:n35863	v-papafv-
ἐννοήσασ’	e)nnoh/sas'	ἐννοέω	e)nnoe/w	urn:cite2:hmt:lsj.chicago_md:n35863	v-papafn-
ἐννοήσασ’	e)nnoh/sas'	ἐννοέω	e)nnoe/w	urn:cite2:hmt:lsj.chicago_md:n35863	v-papafv-
ἐννέπει	e)nne/pei	ἐνέπω	e)ne/pw	urn:cite2:hmt:lsj.chicago_md:n35414	v2spie---
ἐννέπει	e)nne/pei	ἐνέπω	e)ne/pw	urn:cite2:hmt:lsj.chicago_md:n35414	v3spia---
ἐννέπειν	e)nne/pein	ἐνέπω	e)ne/pw	urn:cite2:hmt:lsj.chicago_md:n35414	v--pna---
ἐννέποις	e)nne/pois	ἐνέπω	e)ne/pw	urn:cite2:hmt:lsj.chicago_md:n35414	v2spoa---
ἐντακείη	e)ntakei/h	ἐντήκω	e)nth/kw	urn:cite2:hmt:lsj.chicago_md:n36241	v3saop---
ἐνταῦθα	e)ntau=qa	ἐνταῦθα	e)ntau=qa	urn:cite2:hmt:lsj.chicago_md:n36165	d--------
ἐνταῦθά	e)ntau=qa/	ἐνταῦθα	e)ntau=qa	urn:cite2:hmt:lsj.chicago_md:n36165	d--------
ἐνταῦθ’	e)ntau=q'	ἐνταῦθα	e)ntau=qa	urn:cite2:hmt:lsj.chicago_md:n36165	d--------
ἐντεθέρμανται	e)nteqe/rmantai	ἐνθερμαίνω	e)nqermai/nw	urn:cite2:hmt:lsj.chicago_md:n35578	v3prie---
ἐντεθέρμανται	e)nteqe/rmantai	ἐνθερμαίνω	e)nqermai/nw	urn:cite2:hmt:lsj.chicago_md:n35578	v3srie---
ἐντελεῖς	e)ntelei=s	ἐντέλλω	e)nte/llw	urn:cite2:hmt:lsj.chicago_md:n36198	v2sfia---
ἐντελεῖς	e)ntelei=s	ἐντελέω	e)ntele/w	urn:cite2:hmt:lsj.chicago_md:n36195	v2spia---
ἐντελεῖς	e)ntelei=s	ἐντελής	e)ntelh/s	urn:cite2:hmt:lsj.chicago_md:n36196	n-p---ma-
ἐντελεῖς	e)ntelei=s	ἐντελής	e)ntelh/s	urn:cite2:hmt:lsj.chicago_md:n36196	n-p---fa-
ἐντελεῖς	e)ntelei=s	ἐντελής	e)ntelh/s	urn:cite2:hmt:lsj.chicago_md:n36196	n-p---mn-
ἐντελεῖς	e)ntelei=s	ἐντελής	e)ntelh/s	urn:cite2:hmt:lsj.chicago_md:n36196	n-p---mv-
ἐντελεῖς	e)ntelei=s	ἐντελής	e)ntelh/s	urn:cite2:hmt:lsj.chicago_md:n36196	n-p---fn-
ἐντελεῖς	e)ntelei=s	ἐντελής	e)ntelh/s	urn:cite2:hmt:lsj.chicago_md:n36196	n-p---fv-
ἐνέγκοι	e)ne/gkoi	φέρω	fe/rw	urn:cite2:hmt:lsj.chicago_md:n110598	v3saoa---
ἐνέγκῃ	e)ne/gkh|	φέρω	fe/rw	urn:cite2:hmt:lsj.chicago_md:n110598	v2sasm---
ἐνέγκῃ	e)ne/gkh|	φέρω	fe/rw	urn:cite2:hmt:lsj.chicago_md:n110598	v3sasa---
ἐξ	e)c	ἐκ	e)k	urn:cite2:hmt:lsj.chicago_md:n31575	r--------
ἐξανύσαι	e)canu/sai	ἐξανύω	e)canu/w	urn:cite2:hmt:lsj.chicago_md:n36817	v--ana---
ἐξανύσαι	e)canu/sai	ἐξανύω	e)canu/w	urn:cite2:hmt:lsj.chicago_md:n36817	v3saoa---
ἐξαποφθερῶ	e)capofqerw=	ἐξαποφθείρω	e)capofqei/rw	urn:cite2:hmt:lsj.chicago_md:n36886	v1sfia---
ἐξαρκῆ	e)carkh=	ἐξαρκής	e)carkh/s	urn:cite2:hmt:lsj.chicago_md:n36924	n-p---nn-
ἐξαρκῆ	e)carkh=	ἐξαρκής	e)carkh/s	urn:cite2:hmt:lsj.chicago_md:n36924	n-p---nv-
ἐξαρκῆ	e)carkh=	ἐξαρκής	e)carkh/s	urn:cite2:hmt:lsj.chicago_md:n36924	n-p---na-
ἐξαρκῆ	e)carkh=	ἐξαρκής	e)carkh/s	urn:cite2:hmt:lsj.chicago_md:n36924	n-d---mn-
ἐξαρκῆ	e)carkh=	ἐξαρκής	e)carkh/s	urn:cite2:hmt:lsj.chicago_md:n36924	n-d---mv-
ἐξαρκῆ	e)carkh=	ἐξαρκής	e)carkh/s	urn:cite2:hmt:lsj.chicago_md:n36924	n-d---ma-
ἐξαρκῆ	e)carkh=	ἐξαρκής	e)carkh/s	urn:cite2:hmt:lsj.chicago_md:n36924	n-d---fn-
ἐξαρκῆ	e)carkh=	ἐξαρκής	e)carkh/s	urn:cite2:hmt:lsj.chicago_md:n36924	n-d---fv-
ἐξαρκῆ	e)carkh=	ἐξαρκής	e)carkh/s	urn:cite2:hmt:lsj.chicago_md:n36924	n-d---fa-
ἐξαρκῆ	e)carkh=	ἐξαρκής	e)carkh/s	urn:cite2:hmt:lsj.chicago_md:n36924	n-d---nn-
ἐξαρκῆ	e)carkh=	ἐξαρκής	e)carkh/s	urn:cite2:hmt:lsj.chicago_md:n36924	n-d---nv-
ἐξαρκῆ	e)carkh=	ἐξαρκής	e)carkh/s	urn:cite2:hmt:lsj.chicago_md:n36924	n-d---na-
ἐξαρκῆ	e)carkh=	ἐξαρκής	e)carkh/s	urn:cite2:hmt:lsj.chicago_md:n36924	n-s---ma-
ἐξαρκῆ	e)carkh=	ἐξαρκής	e)carkh/s	urn:cite2:hmt:lsj.chicago_md:n36924	n-s---fa-
ἐξαρούμεθα	e)carou/meqa	ἐξαείρω	e)caei/rw	urn:cite2:hmt:lsj.chicago_md:n36533	v1pfim---
ἐξαρούμεθα	e)carou/meqa	ἐξαίρω	e)cai/rw	urn:cite2:hmt:lsj.chicago_md:n36575	v1pfim---
ἐξαρούμεθα	e)carou/meqa	ἐξαράομαι	e)cara/omai	urn:cite2:hmt:lsj.chicago_md:n36900	v1ppie---
ἐξαρούμεθα	e)carou/meqa	ἐξαράομαι	e)cara/omai	urn:cite2:hmt:lsj.chicago_md:n36900	v1piie---
ἐξαρούμεθα	e)carou/meqa	ἐξαράομαι	e)cara/omai	urn:cite2:hmt:lsj.chicago_md:n36900	v1ppie---
ἐξαρούμεθα	e)carou/meqa	ἐξαράομαι	e)cara/omai	urn:cite2:hmt:lsj.chicago_md:n36900	v1piie---
ἐξαρούμεθα	e)carou/meqa	ἐξαράομαι	e)cara/omai	urn:cite2:hmt:lsj.chicago_md:n36900	v1piie---
ἐξαφεῖται	e)cafei=tai	ἐξαφίημι	e)cafi/hmi	urn:cite2:hmt:lsj.chicago_md:n37019	v3srie---
ἐξαίρει	e)cai/rei	ἐξαίρω	e)cai/rw	urn:cite2:hmt:lsj.chicago_md:n36575	v2spie---
ἐξαίρει	e)cai/rei	ἐξαίρω	e)cai/rw	urn:cite2:hmt:lsj.chicago_md:n36575	v3spia---
ἐξαίρει	e)cai/rei	ἐξαιρέω	e)caire/w	urn:cite2:hmt:lsj.chicago_md:n36571	v2spma---
ἐξαίρει	e)cai/rei	ἐξαιρέω	e)caire/w	urn:cite2:hmt:lsj.chicago_md:n36571	v2spma---
ἐξαίρει	e)cai/rei	ἐξαιρέω	e)caire/w	urn:cite2:hmt:lsj.chicago_md:n36571	v3siia---
ἐξαίρει	e)cai/rei	ἐξαιρέω	e)caire/w	urn:cite2:hmt:lsj.chicago_md:n36571	v3siia---
ἐξαίφνης	e)cai/fnhs	ἐξαίφνης	e)cai/fnhs	urn:cite2:hmt:lsj.chicago_md:n36588	d--------
ἐξειδώς	e)ceidw/s	ἔξοιδα	e)/coida	urn:cite2:hmt:lsj.chicago_md:n37478	v-srpamn-
ἐξειδώς	e)ceidw/s	ἔξοιδα	e)/coida	urn:cite2:hmt:lsj.chicago_md:n37478	v-srpamv-
ἐξειπεῖν	e)ceipei=n	ἐξεῖπον	e)cei=pon	urn:cite2:hmt:lsj.chicago_md:n37077	v--ana---
ἐξειργασμένην	e)ceirgasme/nhn	ἐξεργάζομαι	e)cerga/zomai	urn:cite2:hmt:lsj.chicago_md:n37155	v-srpefa-
ἐξειρήσεται	e)ceirh/setai	ἐξέρομαι	e)ce/romai	urn:cite2:hmt:lsj.chicago_md:n37189	v3sfim---
ἐξειρήσεται	e)ceirh/setai	ἐξερέω1	e)cere/w	urn:cite2:hmt:lsj.chicago_md:n37178	v3sfim---
ἐξειρήσεται	e)ceirh/setai	ἐξερέω1	e)cere/w	urn:cite2:hmt:lsj.chicago_md:n37179	v3sfim---
ἐξελέγχειν	e)cele/gxein	ἐξελέγχω	e)cele/gxw	urn:cite2:hmt:lsj.chicago_md:n37097	v--pna---
ἐξενωμένου	e)cenwme/nou	ξενόω	ceno/w	urn:cite2:hmt:lsj.chicago_md:n71563	v-srpemg-
ἐξενωμένου	e)cenwme/nou	ξενόω	ceno/w	urn:cite2:hmt:lsj.chicago_md:n71563	v-srpeng-
ἐξεπίστασαι	e)cepi/stasai	ἐξεπίσταμαι	e)cepi/stamai	urn:cite2:hmt:lsj.chicago_md:n37145	v2spie---
ἐξερῶ	e)cerw=	ἐξεράω	e)cera/w	urn:cite2:hmt:lsj.chicago_md:n37154	v2spme---
ἐξερῶ	e)cerw=	ἐξεράω	e)cera/w	urn:cite2:hmt:lsj.chicago_md:n37154	v1spsa---
ἐξερῶ	e)cerw=	ἐξεράω	e)cera/w	urn:cite2:hmt:lsj.chicago_md:n37154	v1spia---
ἐξερῶ	e)cerw=	ἐξεράω	e)cera/w	urn:cite2:hmt:lsj.chicago_md:n37154	v1spsa---
ἐξερῶ	e)cerw=	ἐξεράω	e)cera/w	urn:cite2:hmt:lsj.chicago_md:n37154	v1spia---
ἐξερῶ	e)cerw=	ἐξεράω	e)cera/w	urn:cite2:hmt:lsj.chicago_md:n37154	v2spme---
ἐξερῶ	e)cerw=	ἐξεράω	e)cera/w	urn:cite2:hmt:lsj.chicago_md:n37154	v1spsa---
ἐξερῶ	e)cerw=	ἐξεράω	e)cera/w	urn:cite2:hmt:lsj.chicago_md:n37154	v1spia---
ἐξερῶ	e)cerw=	ἐξεράω	e)cera/w	urn:cite2:hmt:lsj.chicago_md:n37154	v2siie---
ἐξερῶ	e)cerw=	ἐξεράω	e)cera/w	urn:cite2:hmt:lsj.chicago_md:n37154	v2siie---
ἐξερῶ	e)cerw=	ἐξερέω	e)cere/w	urn:cite2:hmt:lsj.chicago_md:n37178	v1spsa---
ἐξερῶ	e)cerw=	ἐξερέω	e)cere/w	urn:cite2:hmt:lsj.chicago_md:n37179	v1spsa---
ἐξερῶ	e)cerw=	ἐξερέω	e)cere/w	urn:cite2:hmt:lsj.chicago_md:n37178	v1spia---
ἐξερῶ	e)cerw=	ἐξερέω	e)cere/w	urn:cite2:hmt:lsj.chicago_md:n37179	v1spia---
ἐξερῶ	e)cerw=	ἐξερέω1	e)cere/w	urn:cite2:hmt:lsj.chicago_md:n37178	v1sfia---
ἐξερῶ	e)cerw=	ἐξερέω1	e)cere/w	urn:cite2:hmt:lsj.chicago_md:n37179	v1sfia---
ἐξευρόντα	e)ceuro/nta	ἐξευρίσκω	e)ceuri/skw	urn:cite2:hmt:lsj.chicago_md:n37244	v-papann-
ἐξευρόντα	e)ceuro/nta	ἐξευρίσκω	e)ceuri/skw	urn:cite2:hmt:lsj.chicago_md:n37244	v-papanv-
ἐξευρόντα	e)ceuro/nta	ἐξευρίσκω	e)ceuri/skw	urn:cite2:hmt:lsj.chicago_md:n37244	v-papana-
ἐξευρόντα	e)ceuro/nta	ἐξευρίσκω	e)ceuri/skw	urn:cite2:hmt:lsj.chicago_md:n37244	v-sapama-
ἐξείλεθ’	e)cei/leq'	ἐξαιρέω	e)caire/w	urn:cite2:hmt:lsj.chicago_md:n36571	v3saim---
ἐξείλεθ’	e)cei/leq'	ἐξαιρέω	e)caire/w	urn:cite2:hmt:lsj.chicago_md:n36571	v2paia---
ἐξείλεθ’	e)cei/leq'	ἐξείλλω	e)cei/llw	urn:cite2:hmt:lsj.chicago_md:n37072	v2pasa---
ἐξείλεθ’	e)cei/leq'	ἐξείλλω	e)cei/llw	urn:cite2:hmt:lsj.chicago_md:n37072	v2ppma---
ἐξείλεθ’	e)cei/leq'	ἐξείλλω	e)cei/llw	urn:cite2:hmt:lsj.chicago_md:n37072	v2ppia---
ἐξείλεθ’	e)cei/leq'	ἐξείλλω	e)cei/llw	urn:cite2:hmt:lsj.chicago_md:n37072	v3sasm---
ἐξείλεθ’	e)cei/leq'	ἐξείλλω	e)cei/llw	urn:cite2:hmt:lsj.chicago_md:n37072	v3spie---
ἐξείλεθ’	e)cei/leq'	ἐξείλλω	e)cei/llw	urn:cite2:hmt:lsj.chicago_md:n37072	v3siie---
ἐξείλεθ’	e)cei/leq'	ἐξείλλω	e)cei/llw	urn:cite2:hmt:lsj.chicago_md:n37072	v2piia---
ἐξείρηκας	e)cei/rhkas	ἐξερέω1	e)cere/w	urn:cite2:hmt:lsj.chicago_md:n37178	v2sria---
ἐξείρηκας	e)cei/rhkas	ἐξερέω1	e)cere/w	urn:cite2:hmt:lsj.chicago_md:n37179	v2sria---
ἐξείρηχ’	e)cei/rhx'	ἐξερέω1	e)cere/w	urn:cite2:hmt:lsj.chicago_md:n37178	v1sria---
ἐξείρηχ’	e)cei/rhx'	ἐξερέω1	e)cere/w	urn:cite2:hmt:lsj.chicago_md:n37179	v1sria---
ἐξείρηχ’	e)cei/rhx'	ἐξερέω1	e)cere/w	urn:cite2:hmt:lsj.chicago_md:n37178	v2srma---
ἐξείρηχ’	e)cei/rhx'	ἐξερέω1	e)cere/w	urn:cite2:hmt:lsj.chicago_md:n37179	v2srma---
ἐξείρηχ’	e)cei/rhx'	ἐξερέω1	e)cere/w	urn:cite2:hmt:lsj.chicago_md:n37178	v3sria---
ἐξείρηχ’	e)cei/rhx'	ἐξερέω1	e)cere/w	urn:cite2:hmt:lsj.chicago_md:n37179	v3sria---
ἐξεύροι	e)ceu/roi	ἐξευρίσκω	e)ceuri/skw	urn:cite2:hmt:lsj.chicago_md:n37244	v3saoa---
ἐξιχνοσκοπῶν	e)cixnoskopw=n	ἐξιχνοσκοπέω	e)cixnoskope/w	urn:cite2:hmt:lsj.chicago_md:n37438	v-sppamn-
ἐξιών	e)ciw/n	ἔξειμι2	e)/ceimi	urn:cite2:hmt:lsj.chicago_md:n37074	v-sppamn-
ἐξιών	e)ciw/n	ἔξειμι2	e)/ceimi	urn:cite2:hmt:lsj.chicago_md:n37075	v-sppamn-
ἐξιών	e)ciw/n	ἔξεστι	e)/cesti	urn:cite2:hmt:lsj.chicago_md:n37210	v-sppamn-
ἐξολωλότος	e)colwlo/tos	ἐξόλλυμι	e)co/llumi	urn:cite2:hmt:lsj.chicago_md:n37522	v-srpamg-
ἐξολωλότος	e)colwlo/tos	ἐξόλλυμι	e)co/llumi	urn:cite2:hmt:lsj.chicago_md:n37522	v-srpang-
ἐξορμώμεθα	e)cormw/meqa	ἐξορμάω	e)corma/w	urn:cite2:hmt:lsj.chicago_md:n37602	v1ppse---
ἐξορμώμεθα	e)cormw/meqa	ἐξορμάω	e)corma/w	urn:cite2:hmt:lsj.chicago_md:n37602	v1ppie---
ἐξορμώμεθα	e)cormw/meqa	ἐξορμάω	e)corma/w	urn:cite2:hmt:lsj.chicago_md:n37602	v1ppse---
ἐξορμώμεθα	e)cormw/meqa	ἐξορμάω	e)corma/w	urn:cite2:hmt:lsj.chicago_md:n37602	v1ppse---
ἐξορμώμεθα	e)cormw/meqa	ἐξορμάω	e)corma/w	urn:cite2:hmt:lsj.chicago_md:n37602	v1ppie---
ἐξορμώμεθα	e)cormw/meqa	ἐξορμάω	e)corma/w	urn:cite2:hmt:lsj.chicago_md:n37602	v1ppse---
ἐξορμώμεθα	e)cormw/meqa	ἐξορμάω	e)corma/w	urn:cite2:hmt:lsj.chicago_md:n37602	v1piie---
ἐξορμώμεθα	e)cormw/meqa	ἐξορμάω	e)corma/w	urn:cite2:hmt:lsj.chicago_md:n37602	v1piie---
ἐξορμώμεθα	e)cormw/meqa	ἐξορμέω	e)corme/w	urn:cite2:hmt:lsj.chicago_md:n37604	v1ppse---
ἐξορμώμεθα	e)cormw/meqa	ἐξορμέω	e)corme/w	urn:cite2:hmt:lsj.chicago_md:n37604	v1ppse---
ἐξυπηρετήσομεν	e)cuphreth/somen	ἐξυπηρετέω	e)cuphrete/w	urn:cite2:hmt:lsj.chicago_md:n37707	v1pasa---
ἐξυπηρετήσομεν	e)cuphreth/somen	ἐξυπηρετέω	e)cuphrete/w	urn:cite2:hmt:lsj.chicago_md:n37707	v1pfia---
ἐξυπηρετήσομεν	e)cuphreth/somen	ἐξυπηρετέω	e)cuphrete/w	urn:cite2:hmt:lsj.chicago_md:n37707	v1pasa---
ἐξυπηρετήσομεν	e)cuphreth/somen	ἐξυπηρετέω	e)cuphrete/w	urn:cite2:hmt:lsj.chicago_md:n37707	v1pfia---
ἐξυπηρετήσομεν	e)cuphreth/somen	ἐξυπηρετέω	e)cuphrete/w	urn:cite2:hmt:lsj.chicago_md:n37707	v1ptia---
ἐξωρμήκεν	e)cwrmh/ken	ἐξορμάω	e)corma/w	urn:cite2:hmt:lsj.chicago_md:n37602	v--rna---
ἐξωρμήκεν	e)cwrmh/ken	ἐξορμέω	e)corme/w	urn:cite2:hmt:lsj.chicago_md:n37604	v--rna---
ἐξάραντά	e)ca/ranta/	ἐξαίρω	e)cai/rw	urn:cite2:hmt:lsj.chicago_md:n36575	v-papann-
ἐξάραντά	e)ca/ranta/	ἐξαίρω	e)cai/rw	urn:cite2:hmt:lsj.chicago_md:n36575	v-papanv-
ἐξάραντά	e)ca/ranta/	ἐξαίρω	e)cai/rw	urn:cite2:hmt:lsj.chicago_md:n36575	v-papana-
ἐξάραντά	e)ca/ranta/	ἐξαίρω	e)cai/rw	urn:cite2:hmt:lsj.chicago_md:n36575	v-sapama-
ἐξέλυσ’	e)ce/lus'	ἐκλύω	e)klu/w	urn:cite2:hmt:lsj.chicago_md:n32417	v1saia---
ἐξέλυσ’	e)ce/lus'	ἐκλύω	e)klu/w	urn:cite2:hmt:lsj.chicago_md:n32417	v2saip---
ἐξέλυσ’	e)ce/lus'	ἐκλύω	e)klu/w	urn:cite2:hmt:lsj.chicago_md:n32417	v3saia---
ἐξέπεισέ	e)ce/peise/	ἐκπείθω	e)kpei/qw	urn:cite2:hmt:lsj.chicago_md:n32583	v3saia---
ἐξέπεμψεν	e)ce/pemyen	ἐκπέμπω	e)kpe/mpw	urn:cite2:hmt:lsj.chicago_md:n32591	v3saia---
ἐξέπλησεν	e)ce/plhsen	ἐκπίμπλημι	e)kpi/mplhmi	urn:cite2:hmt:lsj.chicago_md:n32651	v3saia---
ἐξήκεις	e)ch/keis	ἐξήκω	e)ch/kw	urn:cite2:hmt:lsj.chicago_md:n37307	v2spia---
ἐξήνεγκας	e)ch/negkas	ἐκφέρω	e)kfe/rw	urn:cite2:hmt:lsj.chicago_md:n33160	v2saia---
ἐξόδῳ	e)co/dw|	ἔξοδοσ1	e)/codos	urn:cite2:hmt:lsj.chicago_md:n37470	n-s---fd-
ἐξόδῳ	e)co/dw|	ἔξοδοσ1	e)/codos	urn:cite2:hmt:lsj.chicago_md:n37471	n-s---fd-
ἐξόδῳ	e)co/dw|	ἔξοδοσ2	e)/codos	urn:cite2:hmt:lsj.chicago_md:n37470	n-s---md-
ἐξόδῳ	e)co/dw|	ἔξοδοσ2	e)/codos	urn:cite2:hmt:lsj.chicago_md:n37471	n-s---md-
ἐξόδῳ	e)co/dw|	ἔξοδοσ2	e)/codos	urn:cite2:hmt:lsj.chicago_md:n37470	n-s---fd-
ἐξόδῳ	e)co/dw|	ἔξοδοσ2	e)/codos	urn:cite2:hmt:lsj.chicago_md:n37471	n-s---fd-
ἐξόδῳ	e)co/dw|	ἔξοδοσ2	e)/codos	urn:cite2:hmt:lsj.chicago_md:n37470	n-s---nd-
ἐξόδῳ	e)co/dw|	ἔξοδοσ2	e)/codos	urn:cite2:hmt:lsj.chicago_md:n37471	n-s---nd-
ἐξόμιλος	e)co/milos	ἐξόμιλος	e)co/milos	urn:cite2:hmt:lsj.chicago_md:n37532	n-s---mn-
ἐξόμιλος	e)co/milos	ἐξόμιλος	e)co/milos	urn:cite2:hmt:lsj.chicago_md:n37532	n-s---fn-
ἐξῄδη	e)ch/|dh	ἔξοιδα	e)/coida	urn:cite2:hmt:lsj.chicago_md:n37478	v1slia---
ἐξῄδη	e)ch/|dh	ἔξοιδα	e)/coida	urn:cite2:hmt:lsj.chicago_md:n37478	v3slia---
ἐξῄτει	e)ch/|tei	ἐξαιτέω	e)caite/w	urn:cite2:hmt:lsj.chicago_md:n36581	v3siia---
ἐξῆλθον	e)ch=lqon	ἐξέρχομαι	e)ce/rxomai	urn:cite2:hmt:lsj.chicago_md:n37200	v3paia---
ἐξῆλθον	e)ch=lqon	ἐξέρχομαι	e)ce/rxomai	urn:cite2:hmt:lsj.chicago_md:n37200	v1saia---
ἐπακτίᾳ	e)pakti/a|	ἐπάκτιος	e)pa/ktios	urn:cite2:hmt:lsj.chicago_md:n37945	a-s---fd-
ἐπακτόν	e)pakto/n	ἐπακτός	e)pakto/s	urn:cite2:hmt:lsj.chicago_md:n37946	n-s---ma-
ἐπακτόν	e)pakto/n	ἐπακτός	e)pakto/s	urn:cite2:hmt:lsj.chicago_md:n37946	n-s---fa-
ἐπακτόν	e)pakto/n	ἐπακτός	e)pakto/s	urn:cite2:hmt:lsj.chicago_md:n37946	n-s---nn-
ἐπακτόν	e)pakto/n	ἐπακτός	e)pakto/s	urn:cite2:hmt:lsj.chicago_md:n37946	n-s---nv-
ἐπακτόν	e)pakto/n	ἐπακτός	e)pakto/s	urn:cite2:hmt:lsj.chicago_md:n37946	n-s---na-
ἐπειδή	e)peidh/	ἐπεί	e)pei/	urn:cite2:hmt:lsj.chicago_md:n38466	c--------
ἐπεικάζειν	e)peika/zein	ἐπεικάζω	e)peika/zw	urn:cite2:hmt:lsj.chicago_md:n38475	v--pna---
ἐπεικάζειν	e)peika/zein	ἐπεικάζω	e)peika/zw	urn:cite2:hmt:lsj.chicago_md:n38475	v--pna---
ἐπελθών	e)pelqw/n	ἐπέρχομαι	e)pe/rxomai	urn:cite2:hmt:lsj.chicago_md:n38732	v-sapamn-
ἐπερρόθησε	e)perro/qhse	ἐπιρροθέω	e)pirroqe/w	urn:cite2:hmt:lsj.chicago_md:n40748	v3saia---
ἐπεσκιασμένη	e)peskiasme/nh	ἐπισκιάζω	e)piskia/zw	urn:cite2:hmt:lsj.chicago_md:n40870	v-srpefn-
ἐπεσκιασμένη	e)peskiasme/nh	ἐπισκιάζω	e)piskia/zw	urn:cite2:hmt:lsj.chicago_md:n40870	v-srpefv-
ἐπεί	e)pei/	ἐπεί	e)pei/	urn:cite2:hmt:lsj.chicago_md:n38466	c--------
ἐπεύχομαι	e)peu/xomai	ἐπεύχομαι	e)peu/xomai	urn:cite2:hmt:lsj.chicago_md:n38790	v1spie---
ἐπεῖδες	e)pei=des	ἐπεῖδον	e)pei=don	urn:cite2:hmt:lsj.chicago_md:n38472	v2saia---
ἐπεῖδον	e)pei=don	ἐπεῖδον	e)pei=don	urn:cite2:hmt:lsj.chicago_md:n38472	v3paia---
ἐπεῖδον	e)pei=don	ἐπεῖδον	e)pei=don	urn:cite2:hmt:lsj.chicago_md:n38472	v1saia---
ἐπηυχόμην	e)phuxo/mhn	ἐπεύχομαι	e)peu/xomai	urn:cite2:hmt:lsj.chicago_md:n38790	v1siie---
ἐπιζέσαντα	e)pize/santa	ἐπιζέω	e)pize/w	urn:cite2:hmt:lsj.chicago_md:n39368	v-papann-
ἐπιζέσαντα	e)pize/santa	ἐπιζέω	e)pize/w	urn:cite2:hmt:lsj.chicago_md:n39368	v-papanv-
ἐπιζέσαντα	e)pize/santa	ἐπιζέω	e)pize/w	urn:cite2:hmt:lsj.chicago_md:n39368	v-papana-
ἐπιζέσαντα	e)pize/santa	ἐπιζέω	e)pize/w	urn:cite2:hmt:lsj.chicago_md:n39368	v-sapama-
ἐπιμεμφομένα	e)pimemfome/na	ἐπιμέμφομαι	e)pime/mfomai	urn:cite2:hmt:lsj.chicago_md:n40175	v-dppefn-
ἐπιμεμφομένα	e)pimemfome/na	ἐπιμέμφομαι	e)pime/mfomai	urn:cite2:hmt:lsj.chicago_md:n40175	v-dppefv-
ἐπιμεμφομένα	e)pimemfome/na	ἐπιμέμφομαι	e)pime/mfomai	urn:cite2:hmt:lsj.chicago_md:n40175	v-dppefa-
ἐπιμεμφομένα	e)pimemfome/na	ἐπιμέμφομαι	e)pime/mfomai	urn:cite2:hmt:lsj.chicago_md:n40175	v-sppefn-
ἐπιμεμφομένα	e)pimemfome/na	ἐπιμέμφομαι	e)pime/mfomai	urn:cite2:hmt:lsj.chicago_md:n40175	v-sppefv-
ἐπισκήπτω	e)piskh/ptw	ἐπισκήπτω	e)piskh/ptw	urn:cite2:hmt:lsj.chicago_md:n40867	v1spsa---
ἐπισκήπτω	e)piskh/ptw	ἐπισκήπτω	e)piskh/ptw	urn:cite2:hmt:lsj.chicago_md:n40867	v1spia---
ἐπισκήψαντος	e)piskh/yantos	ἐπισκήπτω	e)piskh/ptw	urn:cite2:hmt:lsj.chicago_md:n40867	v-sapamg-
ἐπισκήψαντος	e)piskh/yantos	ἐπισκήπτω	e)piskh/ptw	urn:cite2:hmt:lsj.chicago_md:n40867	v-sapang-
ἐπισταίμην	e)pistai/mhn	ἐφίστημι	e)fi/sthmi	urn:cite2:hmt:lsj.chicago_md:n45794	v1spoe---
ἐπισταίμην	e)pistai/mhn	ἐφίστημι	e)fi/sthmi	urn:cite2:hmt:lsj.chicago_md:n45794	v1saom---
ἐπισταίμην	e)pistai/mhn	ἐπίσταμαι	e)pi/stamai	urn:cite2:hmt:lsj.chicago_md:n40972	v1spoe---
ἐπιστολάς	e)pistola/s	ἐπιστολή	e)pistolh/	urn:cite2:hmt:lsj.chicago_md:n41045	n-p---fa-
ἐπιστρατεύει	e)pistrateu/ei	ἐπιστρατεύω	e)pistrateu/w	urn:cite2:hmt:lsj.chicago_md:n41068	v2spie---
ἐπιστρατεύει	e)pistrateu/ei	ἐπιστρατεύω	e)pistrateu/w	urn:cite2:hmt:lsj.chicago_md:n41068	v3spia---
ἐπιστρατεύει	e)pistrateu/ei	ἐπιστρατεύω	e)pistrateu/w	urn:cite2:hmt:lsj.chicago_md:n41068	v2spie---
ἐπιστρατεύει	e)pistrateu/ei	ἐπιστρατεύω	e)pistrateu/w	urn:cite2:hmt:lsj.chicago_md:n41068	v3spia---
ἐπιστρατεύειν	e)pistrateu/ein	ἐπιστρατεύω	e)pistrateu/w	urn:cite2:hmt:lsj.chicago_md:n41068	v--pna---
ἐπιστρατεύειν	e)pistrateu/ein	ἐπιστρατεύω	e)pistrateu/w	urn:cite2:hmt:lsj.chicago_md:n41068	v--pna---
ἐπιστρέφεις	e)pistre/feis	ἐπιστρέφω	e)pistre/fw	urn:cite2:hmt:lsj.chicago_md:n41082	v2spia---
ἐπιστρέψας	e)pistre/yas	ἐπιστρέφω	e)pistre/fw	urn:cite2:hmt:lsj.chicago_md:n41082	v-sapamn-
ἐπιστρέψας	e)pistre/yas	ἐπιστρέφω	e)pistre/fw	urn:cite2:hmt:lsj.chicago_md:n41082	v-sapamv-
ἐπιστένω	e)piste/nw	ἐπίστενος	e)pi/stenos	urn:cite2:hmt:lsj.chicago_md:n41007	n-d---mn-
ἐπιστένω	e)piste/nw	ἐπίστενος	e)pi/stenos	urn:cite2:hmt:lsj.chicago_md:n41007	n-d---mv-
ἐπιστένω	e)piste/nw	ἐπίστενος	e)pi/stenos	urn:cite2:hmt:lsj.chicago_md:n41007	n-d---ma-
ἐπιστένω	e)piste/nw	ἐπίστενος	e)pi/stenos	urn:cite2:hmt:lsj.chicago_md:n41007	n-d---fn-
ἐπιστένω	e)piste/nw	ἐπίστενος	e)pi/stenos	urn:cite2:hmt:lsj.chicago_md:n41007	n-d---fv-
ἐπιστένω	e)piste/nw	ἐπίστενος	e)pi/stenos	urn:cite2:hmt:lsj.chicago_md:n41007	n-d---fa-
ἐπιστένω	e)piste/nw	ἐπίστενος	e)pi/stenos	urn:cite2:hmt:lsj.chicago_md:n41007	n-d---nn-
ἐπιστένω	e)piste/nw	ἐπίστενος	e)pi/stenos	urn:cite2:hmt:lsj.chicago_md:n41007	n-d---nv-
ἐπιστένω	e)piste/nw	ἐπίστενος	e)pi/stenos	urn:cite2:hmt:lsj.chicago_md:n41007	n-d---na-
ἐπιστένω	e)piste/nw	ἐπίστενος	e)pi/stenos	urn:cite2:hmt:lsj.chicago_md:n41007	n-s---mg-
ἐπιστένω	e)piste/nw	ἐπίστενος	e)pi/stenos	urn:cite2:hmt:lsj.chicago_md:n41007	n-s---fg-
ἐπιστένω	e)piste/nw	ἐπίστενος	e)pi/stenos	urn:cite2:hmt:lsj.chicago_md:n41007	n-s---ng-
ἐπιστένω	e)piste/nw	ἐπιστένω	e)piste/nw	urn:cite2:hmt:lsj.chicago_md:n41008	v1spsa---
ἐπιστένω	e)piste/nw	ἐπιστένω	e)piste/nw	urn:cite2:hmt:lsj.chicago_md:n41008	v1spia---
ἐπιστήμην	e)pisth/mhn	ἐπιστήμη	e)pisth/mh	urn:cite2:hmt:lsj.chicago_md:n41018	n-s---fa-
ἐπιτρέψει	e)pitre/yei	ἐπιτρέπω	e)pitre/pw	urn:cite2:hmt:lsj.chicago_md:n41416	v3sasa---
ἐπιτρέψει	e)pitre/yei	ἐπιτρέπω	e)pitre/pw	urn:cite2:hmt:lsj.chicago_md:n41416	v2sfim---
ἐπιτρέψει	e)pitre/yei	ἐπιτρέπω	e)pitre/pw	urn:cite2:hmt:lsj.chicago_md:n41416	v3sfia---
ἐπιόντα	e)pio/nta	ἔπειμι1	e)/peimi	urn:cite2:hmt:lsj.chicago_md:n38487	v-sppama-
ἐπιόντα	e)pio/nta	ἔπειμι1	e)/peimi	urn:cite2:hmt:lsj.chicago_md:n38488	v-sppama-
ἐπιόντα	e)pio/nta	ἔπειμι1	e)/peimi	urn:cite2:hmt:lsj.chicago_md:n38487	v-pppann-
ἐπιόντα	e)pio/nta	ἔπειμι1	e)/peimi	urn:cite2:hmt:lsj.chicago_md:n38488	v-pppann-
ἐπιόντα	e)pio/nta	ἔπειμι1	e)/peimi	urn:cite2:hmt:lsj.chicago_md:n38487	v-pppanv-
ἐπιόντα	e)pio/nta	ἔπειμι1	e)/peimi	urn:cite2:hmt:lsj.chicago_md:n38488	v-pppanv-
ἐπιόντα	e)pio/nta	ἔπειμι1	e)/peimi	urn:cite2:hmt:lsj.chicago_md:n38487	v-pppana-
ἐπιόντα	e)pio/nta	ἔπειμι1	e)/peimi	urn:cite2:hmt:lsj.chicago_md:n38488	v-pppana-
ἐπιόντα	e)pio/nta	ἔπειμι1	e)/peimi	urn:cite2:hmt:lsj.chicago_md:n38487	v-sppama-
ἐπιόντα	e)pio/nta	ἔπειμι1	e)/peimi	urn:cite2:hmt:lsj.chicago_md:n38488	v-sppama-
ἐπιόντα	e)pio/nta	ἔπειμι1	e)/peimi	urn:cite2:hmt:lsj.chicago_md:n38487	v-pppann-
ἐπιόντα	e)pio/nta	ἔπειμι1	e)/peimi	urn:cite2:hmt:lsj.chicago_md:n38488	v-pppann-
ἐπιόντα	e)pio/nta	ἔπειμι1	e)/peimi	urn:cite2:hmt:lsj.chicago_md:n38487	v-pppanv-
ἐπιόντα	e)pio/nta	ἔπειμι1	e)/peimi	urn:cite2:hmt:lsj.chicago_md:n38488	v-pppanv-
ἐπιόντα	e)pio/nta	ἔπειμι1	e)/peimi	urn:cite2:hmt:lsj.chicago_md:n38487	v-pppana-
ἐπιόντα	e)pio/nta	ἔπειμι1	e)/peimi	urn:cite2:hmt:lsj.chicago_md:n38488	v-pppana-
ἐπιόντα	e)pio/nta	ἔπειμι2	e)/peimi	urn:cite2:hmt:lsj.chicago_md:n38487	v-sppama-
ἐπιόντα	e)pio/nta	ἔπειμι2	e)/peimi	urn:cite2:hmt:lsj.chicago_md:n38488	v-sppama-
ἐπιόντα	e)pio/nta	ἔπειμι2	e)/peimi	urn:cite2:hmt:lsj.chicago_md:n38487	v-pppann-
ἐπιόντα	e)pio/nta	ἔπειμι2	e)/peimi	urn:cite2:hmt:lsj.chicago_md:n38488	v-pppann-
ἐπιόντα	e)pio/nta	ἔπειμι2	e)/peimi	urn:cite2:hmt:lsj.chicago_md:n38487	v-pppanv-
ἐπιόντα	e)pio/nta	ἔπειμι2	e)/peimi	urn:cite2:hmt:lsj.chicago_md:n38488	v-pppanv-
ἐπιόντα	e)pio/nta	ἔπειμι2	e)/peimi	urn:cite2:hmt:lsj.chicago_md:n38487	v-pppana-
ἐπιόντα	e)pio/nta	ἔπειμι2	e)/peimi	urn:cite2:hmt:lsj.chicago_md:n38488	v-pppana-
ἐπράχθη	e)pra/xqh	πράσσω	pra/ssw	urn:cite2:hmt:lsj.chicago_md:n86219	v3saip---
ἐπράχθη	e)pra/xqh	πράσσω	pra/ssw	urn:cite2:hmt:lsj.chicago_md:n86219	v3saip---
ἐπάνεισιν	e)pa/neisin	ἐπάνειμι	e)pa/neimi	urn:cite2:hmt:lsj.chicago_md:n38178	v3spia---
ἐπέβαλε	e)pe/bale	ἐπιβάλλω	e)piba/llw	urn:cite2:hmt:lsj.chicago_md:n38879	v3saia---
ἐπέβαλε	e)pe/bale	ἐπιβάλλω	e)piba/llw	urn:cite2:hmt:lsj.chicago_md:n38879	v3saia---
ἐπέμολε	e)pe/mole	ἐπιμολεῖν	e)pimolei=n	urn:cite2:hmt:lsj.chicago_md:n40243	v3saia---
ἐπέρχεται	e)pe/rxetai	ἐπέρχομαι	e)pe/rxomai	urn:cite2:hmt:lsj.chicago_md:n38732	v3spie---
ἐπί	e)pi/	ἐπί	e)pi/	urn:cite2:hmt:lsj.chicago_md:n38862	r--------
ἐπίπονον	e)pi/ponon	ἐπίπονος	e)pi/ponos	urn:cite2:hmt:lsj.chicago_md:n40599	n-s---ma-
ἐπίπονον	e)pi/ponon	ἐπίπονος	e)pi/ponos	urn:cite2:hmt:lsj.chicago_md:n40599	n-s---fa-
ἐπίπονον	e)pi/ponon	ἐπίπονος	e)pi/ponos	urn:cite2:hmt:lsj.chicago_md:n40599	n-s---nn-
ἐπίπονον	e)pi/ponon	ἐπίπονος	e)pi/ponos	urn:cite2:hmt:lsj.chicago_md:n40599	n-s---nv-
ἐπίπονον	e)pi/ponon	ἐπίπονος	e)pi/ponos	urn:cite2:hmt:lsj.chicago_md:n40599	n-s---na-
ἐπίσταμαι	e)pi/stamai	ἐφίστημι	e)fi/sthmi	urn:cite2:hmt:lsj.chicago_md:n45794	v1spie---
ἐπίσταμαι	e)pi/stamai	ἐπίσταμαι	e)pi/stamai	urn:cite2:hmt:lsj.chicago_md:n40972	v1spie---
ἐπίσταμαί	e)pi/stamai/	ἐφίστημι	e)fi/sthmi	urn:cite2:hmt:lsj.chicago_md:n45794	v1spie---
ἐπίσταμαί	e)pi/stamai/	ἐπίσταμαι	e)pi/stamai	urn:cite2:hmt:lsj.chicago_md:n40972	v1spie---
ἐπίστασαι	e)pi/stasai	ἐφίστημι	e)fi/sthmi	urn:cite2:hmt:lsj.chicago_md:n45794	v2spie---
ἐπίστασαι	e)pi/stasai	ἐφίστημι	e)fi/sthmi	urn:cite2:hmt:lsj.chicago_md:n45794	v2samm---
ἐπίστασαι	e)pi/stasai	ἐπίσταμαι	e)pi/stamai	urn:cite2:hmt:lsj.chicago_md:n40972	v2spie---
ἐπίστασαι	e)pi/stasai	ἐπιστάζω	e)pista/zw	urn:cite2:hmt:lsj.chicago_md:n40960	v2samm---
ἐπίστω	e)pi/stw	ἐφίστημι	e)fi/sthmi	urn:cite2:hmt:lsj.chicago_md:n45794	v2spme---
ἐπίστω	e)pi/stw	ἐφίστημι	e)fi/sthmi	urn:cite2:hmt:lsj.chicago_md:n45794	v2samm---
ἐπίστω	e)pi/stw	ἐφίστημι	e)fi/sthmi	urn:cite2:hmt:lsj.chicago_md:n45794	v2saim---
ἐπίστω	e)pi/stw	ἐπίσταμαι	e)pi/stamai	urn:cite2:hmt:lsj.chicago_md:n40972	v2spme---
ἐπίστω	e)pi/stw	ἐπίσταμαι	e)pi/stamai	urn:cite2:hmt:lsj.chicago_md:n40972	v2siie---
ἐπίστω	e)pi/stw	πιστόω	pisto/w	urn:cite2:hmt:lsj.chicago_md:n83330	v3siia---
ἐπίχαρτον	e)pi/xarton	ἐπίχαρτος	e)pi/xartos	urn:cite2:hmt:lsj.chicago_md:n41610	n-s---ma-
ἐπίχαρτον	e)pi/xarton	ἐπίχαρτος	e)pi/xartos	urn:cite2:hmt:lsj.chicago_md:n41610	n-s---fa-
ἐπίχαρτον	e)pi/xarton	ἐπίχαρτος	e)pi/xartos	urn:cite2:hmt:lsj.chicago_md:n41610	n-s---nn-
ἐπίχαρτον	e)pi/xarton	ἐπίχαρτος	e)pi/xartos	urn:cite2:hmt:lsj.chicago_md:n41610	n-s---nv-
ἐπίχαρτον	e)pi/xarton	ἐπίχαρτος	e)pi/xartos	urn:cite2:hmt:lsj.chicago_md:n41610	n-s---na-
ἐπόν	e)po/n	ἔπειμι1	e)/peimi	urn:cite2:hmt:lsj.chicago_md:n38487	v-sppamv-
ἐπόν	e)po/n	ἔπειμι1	e)/peimi	urn:cite2:hmt:lsj.chicago_md:n38488	v-sppamv-
ἐπόν	e)po/n	ἔπειμι1	e)/peimi	urn:cite2:hmt:lsj.chicago_md:n38487	v-sppann-
ἐπόν	e)po/n	ἔπειμι1	e)/peimi	urn:cite2:hmt:lsj.chicago_md:n38488	v-sppann-
ἐπόν	e)po/n	ἔπειμι1	e)/peimi	urn:cite2:hmt:lsj.chicago_md:n38487	v-sppanv-
ἐπόν	e)po/n	ἔπειμι1	e)/peimi	urn:cite2:hmt:lsj.chicago_md:n38488	v-sppanv-
ἐπόν	e)po/n	ἔπειμι1	e)/peimi	urn:cite2:hmt:lsj.chicago_md:n38487	v-sppana-
ἐπόν	e)po/n	ἔπειμι1	e)/peimi	urn:cite2:hmt:lsj.chicago_md:n38488	v-sppana-
ἐπώμοτον	e)pw/moton	ἐπώμοτος	e)pw/motos	urn:cite2:hmt:lsj.chicago_md:n42076	n-s---ma-
ἐπώμοτον	e)pw/moton	ἐπώμοτος	e)pw/motos	urn:cite2:hmt:lsj.chicago_md:n42076	n-s---fa-
ἐπώμοτον	e)pw/moton	ἐπώμοτος	e)pw/motos	urn:cite2:hmt:lsj.chicago_md:n42076	n-s---nn-
ἐπώμοτον	e)pw/moton	ἐπώμοτος	e)pw/motos	urn:cite2:hmt:lsj.chicago_md:n42076	n-s---nv-
ἐπώμοτον	e)pw/moton	ἐπώμοτος	e)pw/motos	urn:cite2:hmt:lsj.chicago_md:n42076	n-s---na-
ἐπώμοτος	e)pw/motos	ἐπώμοτος	e)pw/motos	urn:cite2:hmt:lsj.chicago_md:n42076	n-s---mn-
ἐπώμοτος	e)pw/motos	ἐπώμοτος	e)pw/motos	urn:cite2:hmt:lsj.chicago_md:n42076	n-s---fn-
ἐργασείων	e)rgasei/wn	ἐργασείω	e)rgasei/w	urn:cite2:hmt:lsj.chicago_md:n42167	v-sppamn-
ἐργασθήσεται	e)rgasqh/setai	ἐργάζομαι	e)rga/zomai	urn:cite2:hmt:lsj.chicago_md:n42159	v3sfie---
ἐργαστέον	e)rgaste/on	ἐργαστέον	e)rgaste/on	urn:cite2:hmt:lsj.chicago_md:n42172	n-s---ma-
ἐργαστέον	e)rgaste/on	ἐργαστέον	e)rgaste/on	urn:cite2:hmt:lsj.chicago_md:n42172	n-s---nn-
ἐργαστέον	e)rgaste/on	ἐργαστέον	e)rgaste/on	urn:cite2:hmt:lsj.chicago_md:n42172	n-s---nv-
ἐργαστέον	e)rgaste/on	ἐργαστέον	e)rgaste/on	urn:cite2:hmt:lsj.chicago_md:n42172	n-s---na-
ἐρεῖς	e)rei=s	ἐρέω	e)re/w	urn:cite2:hmt:lsj.chicago_md:n42358	v2spia---
ἐρεῖς	e)rei=s	ἐρέω	e)re/w	urn:cite2:hmt:lsj.chicago_md:n42359	v2spia---
ἐρεῖς	e)rei=s	ἐρέω	e)re/w	urn:cite2:hmt:lsj.chicago_md:n42360	v2spia---
ἐρεῖς	e)rei=s	ἐρῶ	e)rw=	urn:cite2:hmt:lsj.chicago_md:n42830	v2sfia---
ἐρινύν	e)rinu/n	Ἐρινύς	*)erinu/s	urn:cite2:hmt:lsj.chicago_md:n42488	n-s---fa-
ἐρχομένα	e)rxome/na	ἔρχομαι	e)/rxomai	urn:cite2:hmt:lsj.chicago_md:n42827	v-dppefn-
ἐρχομένα	e)rxome/na	ἔρχομαι	e)/rxomai	urn:cite2:hmt:lsj.chicago_md:n42827	v-dppefv-
ἐρχομένα	e)rxome/na	ἔρχομαι	e)/rxomai	urn:cite2:hmt:lsj.chicago_md:n42827	v-dppefa-
ἐρχομένα	e)rxome/na	ἔρχομαι	e)/rxomai	urn:cite2:hmt:lsj.chicago_md:n42827	v-sppefn-
ἐρχομένα	e)rxome/na	ἔρχομαι	e)/rxomai	urn:cite2:hmt:lsj.chicago_md:n42827	v-sppefv-
ἐρωτήσας	e)rwth/sas	ἐρωτάω	e)rwta/w	urn:cite2:hmt:lsj.chicago_md:n42842	v-sapamn-
ἐρωτήσας	e)rwth/sas	ἐρωτάω	e)rwta/w	urn:cite2:hmt:lsj.chicago_md:n42842	v-sapamv-
ἐρέσσων	e)re/sswn	ἐρέσσω	e)re/ssw	urn:cite2:hmt:lsj.chicago_md:n42310	v-sppamn-
ἐρήμα	e)rh/ma	ἐρῆμος	e)rh=mos	urn:cite2:hmt:lsj.chicago_md:n42381	a-d---fn-
ἐρήμα	e)rh/ma	ἐρῆμος	e)rh=mos	urn:cite2:hmt:lsj.chicago_md:n42381	a-d---fv-
ἐρήμα	e)rh/ma	ἐρῆμος	e)rh=mos	urn:cite2:hmt:lsj.chicago_md:n42381	a-d---fa-
ἐρήμα	e)rh/ma	ἐρῆμος	e)rh=mos	urn:cite2:hmt:lsj.chicago_md:n42381	a-s---fn-
ἐρήμα	e)rh/ma	ἐρῆμος	e)rh=mos	urn:cite2:hmt:lsj.chicago_md:n42381	a-s---fv-
ἐρύκει	e)ru/kei	ἐρύκω	e)ru/kw	urn:cite2:hmt:lsj.chicago_md:n42785	v2spie---
ἐρύκει	e)ru/kei	ἐρύκω	e)ru/kw	urn:cite2:hmt:lsj.chicago_md:n42785	v3spia---
ἐς	e)s	εἰς	ei)s	urn:cite2:hmt:lsj.chicago_md:n31235	r--------
ἐσελθών	e)selqw/n	εἰσέρχομαι	ei)se/rxomai	urn:cite2:hmt:lsj.chicago_md:n31351	v-sapamn-
ἐσεῖδον	e)sei=don	εἰσ-εἶδον	ei)s-ei)=don	urn:cite2:hmt:lsj.chicago_md:n31332	v3paia---
ἐσεῖδον	e)sei=don	εἰσ-εἶδον	ei)s-ei)=don	urn:cite2:hmt:lsj.chicago_md:n31332	v1saia---
ἐσμέν	e)sme/n	εἰμί	ei)mi/	urn:cite2:hmt:lsj.chicago_md:n31130	v1ppia---
ἐσπᾶτο	e)spa=to	σπάω	spa/w	urn:cite2:hmt:lsj.chicago_md:n95811	v3siie---
ἐσταλμένον	e)stalme/non	στέλλω	ste/llw	urn:cite2:hmt:lsj.chicago_md:n96447	v-srpema-
ἐσταλμένον	e)stalme/non	στέλλω	ste/llw	urn:cite2:hmt:lsj.chicago_md:n96447	v-srpenn-
ἐσταλμένον	e)stalme/non	στέλλω	ste/llw	urn:cite2:hmt:lsj.chicago_md:n96447	v-srpenv-
ἐσταλμένον	e)stalme/non	στέλλω	ste/llw	urn:cite2:hmt:lsj.chicago_md:n96447	v-srpena-
ἐστερημένην	e)sterhme/nhn	στερέω	stere/w	urn:cite2:hmt:lsj.chicago_md:n96568	v-srpefa-
ἐστιν	e)stin	εἰμί	ei)mi/	urn:cite2:hmt:lsj.chicago_md:n31130	v3spia---
ἐστί	e)sti/	εἰμί	ei)mi/	urn:cite2:hmt:lsj.chicago_md:n31130	v3spia---
ἐστίν	e)sti/n	εἰμί	ei)mi/	urn:cite2:hmt:lsj.chicago_md:n31130	v3spia---
ἐσχάτας	e)sxa/tas	ἔσχατος	e)/sxatos	urn:cite2:hmt:lsj.chicago_md:n43056	a-p---fa-
ἐσχάτας	e)sxa/tas	ἔσχατος	e)/sxatos	urn:cite2:hmt:lsj.chicago_md:n43056	a-s---fg-
ἐσχάτας	e)sxa/tas	ἐσχατάω	e)sxata/w	urn:cite2:hmt:lsj.chicago_md:n43046	v2siia---
ἐσχάτοις	e)sxa/tois	ἔσχατος	e)/sxatos	urn:cite2:hmt:lsj.chicago_md:n43056	a-p---md-
ἐσχάτοις	e)sxa/tois	ἔσχατος	e)/sxatos	urn:cite2:hmt:lsj.chicago_md:n43056	a-p---nd-
ἐσόψεσθ’	e)so/yesq'	εἰσοράω	ei)sora/w	urn:cite2:hmt:lsj.chicago_md:n31474	v2pfim---
ἐσόψεσθ’	e)so/yesq'	εἰσοράω	ei)sora/w	urn:cite2:hmt:lsj.chicago_md:n31474	v--fnm---
ἐτισάμην	e)tisa/mhn	τίνω	ti/nw	urn:cite2:hmt:lsj.chicago_md:n104040	v1saim---
ἐτισάμην	e)tisa/mhn	τίζω	ti/zw	urn:cite2:hmt:lsj.chicago_md:n103904	v1saim---
ἐτέλεσε	e)te/lese	τελέω	tele/w	urn:cite2:hmt:lsj.chicago_md:n102995	v3saia---
ἐτήτυμος	e)th/tumos	ἐτήτυμος	e)th/tumos	urn:cite2:hmt:lsj.chicago_md:n43265	n-s---mn-
ἐτήτυμος	e)th/tumos	ἐτήτυμος	e)th/tumos	urn:cite2:hmt:lsj.chicago_md:n43265	n-s---fn-
ἐτόλμα	e)to/lma	τολμάω	tolma/w	urn:cite2:hmt:lsj.chicago_md:n104225	v3siia---
ἐφαρμόσαι	e)farmo/sai	ἐφαρμόζω	e)farmo/zw	urn:cite2:hmt:lsj.chicago_md:n45615	v--ana---
ἐφαρμόσαι	e)farmo/sai	ἐφαρμόζω	e)farmo/zw	urn:cite2:hmt:lsj.chicago_md:n45615	v3saoa---
ἐφεστίοις	e)festi/ois	ἐφέστιος	e)fe/stios	urn:cite2:hmt:lsj.chicago_md:n45681	n-p---md-
ἐφεστίοις	e)festi/ois	ἐφέστιος	e)fe/stios	urn:cite2:hmt:lsj.chicago_md:n45681	n-p---fd-
ἐφεστίοις	e)festi/ois	ἐφέστιος	e)fe/stios	urn:cite2:hmt:lsj.chicago_md:n45681	n-p---nd-
ἐφεστώτων	e)festw/twn	ἐφίστημι	e)fi/sthmi	urn:cite2:hmt:lsj.chicago_md:n45794	v-prpamg-
ἐφεστώτων	e)festw/twn	ἐφίστημι	e)fi/sthmi	urn:cite2:hmt:lsj.chicago_md:n45794	v-prpang-
ἐφεῖτ’	e)fei=t'	ἐφέζομαι	e)fe/zomai	urn:cite2:hmt:lsj.chicago_md:n45637	v3slie---
ἐφεῖτ’	e)fei=t'	ἐφέζομαι	e)fe/zomai	urn:cite2:hmt:lsj.chicago_md:n45637	v3srie---
ἐφεῖτ’	e)fei=t'	ἐφίημι	e)fi/hmi	urn:cite2:hmt:lsj.chicago_md:n45773	v3saim---
ἐφεῖτ’	e)fei=t'	ἐφίημι	e)fi/hmi	urn:cite2:hmt:lsj.chicago_md:n45773	v3slie---
ἐφεῖτ’	e)fei=t'	ἐφίημι	e)fi/hmi	urn:cite2:hmt:lsj.chicago_md:n45773	v2paoa---
ἐφεῖτ’	e)fei=t'	ἐφίημι	e)fi/hmi	urn:cite2:hmt:lsj.chicago_md:n45773	v2paoa---
ἐφεῖτ’	e)fei=t'	ἐφίημι	e)fi/hmi	urn:cite2:hmt:lsj.chicago_md:n45773	v3srie---
ἐφεῖτ’	e)fei=t'	ἐπιέννυμι	e)pie/nnumi	urn:cite2:hmt:lsj.chicago_md:n39349	v3slip---
ἐφεῖτ’	e)fei=t'	ἐπιέννυμι	e)pie/nnumi	urn:cite2:hmt:lsj.chicago_md:n39349	v3srip---
ἐφορᾷ	e)fora=|	ἐφοράω	e)fora/w	urn:cite2:hmt:lsj.chicago_md:n45827	v2spse---
ἐφορᾷ	e)fora=|	ἐφοράω	e)fora/w	urn:cite2:hmt:lsj.chicago_md:n45827	v2spie---
ἐφορᾷ	e)fora=|	ἐφοράω	e)fora/w	urn:cite2:hmt:lsj.chicago_md:n45827	v3spsa---
ἐφορᾷ	e)fora=|	ἐφοράω	e)fora/w	urn:cite2:hmt:lsj.chicago_md:n45827	v3spia---
ἐφορᾷ	e)fora=|	ἐποράω	e)pora/w	urn:cite2:hmt:lsj.chicago_md:n41837	v2spsm---
ἐφορᾷ	e)fora=|	ἐποράω	e)pora/w	urn:cite2:hmt:lsj.chicago_md:n41837	v2spim---
ἐφορᾷ	e)fora=|	ἐποράω	e)pora/w	urn:cite2:hmt:lsj.chicago_md:n41837	v2spse---
ἐφορᾷ	e)fora=|	ἐποράω	e)pora/w	urn:cite2:hmt:lsj.chicago_md:n41837	v2spie---
ἐφορᾷ	e)fora=|	ἐποράω	e)pora/w	urn:cite2:hmt:lsj.chicago_md:n41837	v3spsa---
ἐφορᾷ	e)fora=|	ἐποράω	e)pora/w	urn:cite2:hmt:lsj.chicago_md:n41837	v3spia---
ἐφορῶσι	e)forw=si	ἐφοράω	e)fora/w	urn:cite2:hmt:lsj.chicago_md:n45827	v-pppamd-
ἐφορῶσι	e)forw=si	ἐφοράω	e)fora/w	urn:cite2:hmt:lsj.chicago_md:n45827	v-pppand-
ἐφορῶσι	e)forw=si	ἐφοράω	e)fora/w	urn:cite2:hmt:lsj.chicago_md:n45827	v3ppsa---
ἐφορῶσι	e)forw=si	ἐφοράω	e)fora/w	urn:cite2:hmt:lsj.chicago_md:n45827	v3ppia---
ἐφορῶσι	e)forw=si	ἐφοράω	e)fora/w	urn:cite2:hmt:lsj.chicago_md:n45827	v3ppsa---
ἐφορῶσι	e)forw=si	ἐποράω	e)pora/w	urn:cite2:hmt:lsj.chicago_md:n41837	v-pppamd-
ἐφορῶσι	e)forw=si	ἐποράω	e)pora/w	urn:cite2:hmt:lsj.chicago_md:n41837	v-pppand-
ἐφορῶσι	e)forw=si	ἐποράω	e)pora/w	urn:cite2:hmt:lsj.chicago_md:n41837	v3ppsa---
ἐφορῶσι	e)forw=si	ἐποράω	e)pora/w	urn:cite2:hmt:lsj.chicago_md:n41837	v3ppia---
ἐφορῶσι	e)forw=si	ἐποράω	e)pora/w	urn:cite2:hmt:lsj.chicago_md:n41837	v3ppsa---
ἐφάνη	e)fa/nh	φαίνω	fai/nw	urn:cite2:hmt:lsj.chicago_md:n110114	v3saip---
ἐφάνη	e)fa/nh	φανάω	fana/w	urn:cite2:hmt:lsj.chicago_md:n110237	v3siia---
ἐφάνη	e)fa/nh	φανάω	fana/w	urn:cite2:hmt:lsj.chicago_md:n110237	v3siia---
ἐφάψειεν	e)fa/yeien	ἐφάπτω	e)fa/ptw	urn:cite2:hmt:lsj.chicago_md:n45610	v3saoa---
ἐφέστιον	e)fe/stion	ἐφέστιος	e)fe/stios	urn:cite2:hmt:lsj.chicago_md:n45681	n-s---ma-
ἐφέστιον	e)fe/stion	ἐφέστιος	e)fe/stios	urn:cite2:hmt:lsj.chicago_md:n45681	n-s---fa-
ἐφέστιον	e)fe/stion	ἐφέστιος	e)fe/stios	urn:cite2:hmt:lsj.chicago_md:n45681	n-s---nn-
ἐφέστιον	e)fe/stion	ἐφέστιος	e)fe/stios	urn:cite2:hmt:lsj.chicago_md:n45681	n-s---nv-
ἐφέστιον	e)fe/stion	ἐφέστιος	e)fe/stios	urn:cite2:hmt:lsj.chicago_md:n45681	n-s---na-
ἐφίστασαι	e)fi/stasai	ἐφίστημι	e)fi/sthmi	urn:cite2:hmt:lsj.chicago_md:n45794	v2spie---
ἐφίστασαι	e)fi/stasai	ἐφιστάω	e)fista/w	urn:cite2:hmt:lsj.chicago_md:n45793	v2samm---
ἐφώνει	e)fw/nei	φωνέω	fwne/w	urn:cite2:hmt:lsj.chicago_md:n112832	v3siia---
ἐχθρᾶς	e)xqra=s	ἐχθρός	e)xqro/s	urn:cite2:hmt:lsj.chicago_md:n45948	a-s---fg-
ἐχθίστοισι	e)xqi/stoisi	ἔχθιστος	e)/xqistos	urn:cite2:hmt:lsj.chicago_md:n45927	a-p---md-
ἐχθίστοισι	e)xqi/stoisi	ἔχθιστος	e)/xqistos	urn:cite2:hmt:lsj.chicago_md:n45927	a-p---nd-
ἐχρῆτο	e)xrh=to	χράομαι	xra/omai	urn:cite2:hmt:lsj.chicago_md:n114553a	v3siie---
ἐχρῆτο	e)xrh=to	χράομαι	xra/omai	urn:cite2:hmt:lsj.chicago_md:n114553a	v3siie---
ἐχρῆτο	e)xrh=to	χράω1	xra/w	urn:cite2:hmt:lsj.chicago_md:n114552	v3siie---
ἐχρῆτο	e)xrh=to	χράω1	xra/w	urn:cite2:hmt:lsj.chicago_md:n114553	v3siie---
ἐχρῆτο	e)xrh=to	χράω2	xra/w	urn:cite2:hmt:lsj.chicago_md:n114552	v3siie---
ἐχρῆτο	e)xrh=to	χράω2	xra/w	urn:cite2:hmt:lsj.chicago_md:n114553	v3siie---
ἐχρῆτο	e)xrh=to	χράω2	xra/w	urn:cite2:hmt:lsj.chicago_md:n114552	v3siie---
ἐχρῆτο	e)xrh=to	χράω2	xra/w	urn:cite2:hmt:lsj.chicago_md:n114553	v3siie---
ἐχρῆτο	e)xrh=to	χραύω	xrau/w	urn:cite2:hmt:lsj.chicago_md:n114551	v3siie---
ἐχίδνης	e)xi/dnhs	ἔχιδνα	e)/xidna	urn:cite2:hmt:lsj.chicago_md:n45957	n-s---fg-
ἐάν	e)a/n	ἐάν	e)a/n	urn:cite2:hmt:lsj.chicago_md:n29859	c--------
ἐάσθω	e)a/sqw	ἐάω	e)a/w	urn:cite2:hmt:lsj.chicago_md:n29883	v3spme---
ἐᾶθ’	e)a=q'	ἐάω	e)a/w	urn:cite2:hmt:lsj.chicago_md:n29883	v2ppma---
ἐᾶθ’	e)a=q'	ἐάω	e)a/w	urn:cite2:hmt:lsj.chicago_md:n29883	v2ppsa---
ἐᾶθ’	e)a=q'	ἐάω	e)a/w	urn:cite2:hmt:lsj.chicago_md:n29883	v2ppia---
ἐᾶθ’	e)a=q'	ἐάω	e)a/w	urn:cite2:hmt:lsj.chicago_md:n29883	v3spse---
ἐᾶθ’	e)a=q'	ἐάω	e)a/w	urn:cite2:hmt:lsj.chicago_md:n29883	v3spie---
ἐᾶθ’	e)a=q'	ἐάω	e)a/w	urn:cite2:hmt:lsj.chicago_md:n29883	v3siie---
ἐᾶθ’	e)a=q'	ἐάω	e)a/w	urn:cite2:hmt:lsj.chicago_md:n29883	v2piia---
ἐᾶν	e)a=n	ἐάω	e)a/w	urn:cite2:hmt:lsj.chicago_md:n29883	v-sppamv-
ἐᾶν	e)a=n	ἐάω	e)a/w	urn:cite2:hmt:lsj.chicago_md:n29883	v-sppann-
ἐᾶν	e)a=n	ἐάω	e)a/w	urn:cite2:hmt:lsj.chicago_md:n29883	v-sppanv-
ἐᾶν	e)a=n	ἐάω	e)a/w	urn:cite2:hmt:lsj.chicago_md:n29883	v-sppana-
ἐᾶν	e)a=n	ἐάω	e)a/w	urn:cite2:hmt:lsj.chicago_md:n29883	v-sppamn-
ἐᾶν	e)a=n	ἐάω	e)a/w	urn:cite2:hmt:lsj.chicago_md:n29883	v--pna---
ἐᾶν	e)a=n	ἐάω	e)a/w	urn:cite2:hmt:lsj.chicago_md:n29883	v--pna---
ἐᾶτέ	e)a=te/	ἐάω	e)a/w	urn:cite2:hmt:lsj.chicago_md:n29883	v2ppma---
ἐᾶτέ	e)a=te/	ἐάω	e)a/w	urn:cite2:hmt:lsj.chicago_md:n29883	v2ppsa---
ἐᾶτέ	e)a=te/	ἐάω	e)a/w	urn:cite2:hmt:lsj.chicago_md:n29883	v2ppia---
ἐᾶτέ	e)a=te/	ἐάω	e)a/w	urn:cite2:hmt:lsj.chicago_md:n29883	v2piia---
ἐᾶτ’	e)a=t'	ἐάω	e)a/w	urn:cite2:hmt:lsj.chicago_md:n29883	v2ppma---
ἐᾶτ’	e)a=t'	ἐάω	e)a/w	urn:cite2:hmt:lsj.chicago_md:n29883	v2ppsa---
ἐᾶτ’	e)a=t'	ἐάω	e)a/w	urn:cite2:hmt:lsj.chicago_md:n29883	v2ppia---
ἐᾶτ’	e)a=t'	ἐάω	e)a/w	urn:cite2:hmt:lsj.chicago_md:n29883	v3spse---
ἐᾶτ’	e)a=t'	ἐάω	e)a/w	urn:cite2:hmt:lsj.chicago_md:n29883	v3spie---
ἐᾶτ’	e)a=t'	ἐάω	e)a/w	urn:cite2:hmt:lsj.chicago_md:n29883	v3siie---
ἐᾶτ’	e)a=t'	ἐάω	e)a/w	urn:cite2:hmt:lsj.chicago_md:n29883	v2piia---
ἑαυτήν	e(auth/n	ἑαυτοῦ	e(autou=	urn:cite2:hmt:lsj.chicago_md:n29881	n-s---fa-
ἑαυτόν	e(auto/n	ἑαυτοῦ	e(autou=	urn:cite2:hmt:lsj.chicago_md:n29881	n-s---ma-
ἑκατόν	e(kato/n	ἑκατόν	e(kato/n	urn:cite2:hmt:lsj.chicago_md:n31642	m--------
ἑκουσία	e(kousi/a	ἑκούσιος	e(kou/sios	urn:cite2:hmt:lsj.chicago_md:n32544	a-d---fn-
ἑκουσία	e(kousi/a	ἑκούσιος	e(kou/sios	urn:cite2:hmt:lsj.chicago_md:n32544	a-d---fv-
ἑκουσία	e(kousi/a	ἑκούσιος	e(kou/sios	urn:cite2:hmt:lsj.chicago_md:n32544	a-d---fa-
ἑκουσία	e(kousi/a	ἑκούσιος	e(kou/sios	urn:cite2:hmt:lsj.chicago_md:n32544	a-s---fn-
ἑκουσία	e(kousi/a	ἑκούσιος	e(kou/sios	urn:cite2:hmt:lsj.chicago_md:n32544	a-s---fv-
ἑκουσίας	e(kousi/as	ἑκούσιος	e(kou/sios	urn:cite2:hmt:lsj.chicago_md:n32544	a-p---fa-
ἑκουσίας	e(kousi/as	ἑκούσιος	e(kou/sios	urn:cite2:hmt:lsj.chicago_md:n32544	a-s---fg-
ἑκοῦσα	e(kou=sa	ἑκών	e(kw/n	urn:cite2:hmt:lsj.chicago_md:n33304	a-s---fn-
ἑκοῦσα	e(kou=sa	ἑκών	e(kw/n	urn:cite2:hmt:lsj.chicago_md:n33304	a-s---fv-
ἑκοῦσι	e(kou=si	ἑκών	e(kw/n	urn:cite2:hmt:lsj.chicago_md:n33304	a-p---md-
ἑκοῦσι	e(kou=si	ἑκών	e(kw/n	urn:cite2:hmt:lsj.chicago_md:n33304	a-p---nd-
ἑκών	e(kw/n	ἑκών	e(kw/n	urn:cite2:hmt:lsj.chicago_md:n33304	a-s---mn-
ἑλικτός	e(likto/s	ἑλικτός	e(likto/s	urn:cite2:hmt:lsj.chicago_md:n33707	a-s---mn-
ἑλέσθαι	e(le/sqai	αἱρέω	ai(re/w	urn:cite2:hmt:lsj.chicago_md:n2654	v--anm---
ἑρπούσῃ	e(rpou/sh|	ἕρπω	e(/rpw	urn:cite2:hmt:lsj.chicago_md:n42686	v-sppafd-
ἑρπέτω	e(rpe/tw	ἕρπω	e(/rpw	urn:cite2:hmt:lsj.chicago_md:n42686	v3spma---
ἑσπόμην	e(spo/mhn	ἕπομαι	e(/pomai	urn:cite2:hmt:lsj.chicago_md:n41798	v1saim---
ἑστιῶτις	e(stiw=tis	ἑστιῶτις	e(stiw=tis	urn:cite2:hmt:lsj.chicago_md:n43008	n-s---fn-
ἑστίαν	e(sti/an	ἕστιος	e(/stios	urn:cite2:hmt:lsj.chicago_md:n43005	a-s---fa-
ἑστίαν	e(sti/an	ἑστία	e(sti/a	urn:cite2:hmt:lsj.chicago_md:n42983	n-s---fa-
ἑστίαν	e(sti/an	ἑστιάω	e(stia/w	urn:cite2:hmt:lsj.chicago_md:n43000	v3piia---
ἑστίαν	e(sti/an	ἑστιάω	e(stia/w	urn:cite2:hmt:lsj.chicago_md:n43000	v1siia---
ἑστῶτ’	e(stw=t'	ἵστημι	i(/sthmi	urn:cite2:hmt:lsj.chicago_md:n51241	v-prpann-
ἑστῶτ’	e(stw=t'	ἵστημι	i(/sthmi	urn:cite2:hmt:lsj.chicago_md:n51241	v-prpanv-
ἑστῶτ’	e(stw=t'	ἵστημι	i(/sthmi	urn:cite2:hmt:lsj.chicago_md:n51241	v-prpana-
ἑστῶτ’	e(stw=t'	ἵστημι	i(/sthmi	urn:cite2:hmt:lsj.chicago_md:n51241	v-srpama-
ἑστῶτ’	e(stw=t'	ἵστημι	i(/sthmi	urn:cite2:hmt:lsj.chicago_md:n51241	v-srpamd-
ἑστῶτ’	e(stw=t'	ἵστημι	i(/sthmi	urn:cite2:hmt:lsj.chicago_md:n51241	v-srpand-
ἑστῶτ’	e(stw=t'	ἵστημι	i(/sthmi	urn:cite2:hmt:lsj.chicago_md:n51241	v-drpamn-
ἑστῶτ’	e(stw=t'	ἵστημι	i(/sthmi	urn:cite2:hmt:lsj.chicago_md:n51241	v-drpamv-
ἑστῶτ’	e(stw=t'	ἵστημι	i(/sthmi	urn:cite2:hmt:lsj.chicago_md:n51241	v-drpama-
ἑστῶτ’	e(stw=t'	ἵστημι	i(/sthmi	urn:cite2:hmt:lsj.chicago_md:n51241	v-drpann-
ἑστῶτ’	e(stw=t'	ἵστημι	i(/sthmi	urn:cite2:hmt:lsj.chicago_md:n51241	v-drpanv-
ἑστῶτ’	e(stw=t'	ἵστημι	i(/sthmi	urn:cite2:hmt:lsj.chicago_md:n51241	v-drpana-
ἑτοιμάσας	e(toima/sas	ἑτοιμάζω	e(toima/zw	urn:cite2:hmt:lsj.chicago_md:n43273	v-pfpafa-
ἑτοιμάσας	e(toima/sas	ἑτοιμάζω	e(toima/zw	urn:cite2:hmt:lsj.chicago_md:n43273	v-sfpafg-
ἑτοιμάσας	e(toima/sas	ἑτοιμάζω	e(toima/zw	urn:cite2:hmt:lsj.chicago_md:n43273	v-sapamn-
ἑτοιμάσας	e(toima/sas	ἑτοιμάζω	e(toima/zw	urn:cite2:hmt:lsj.chicago_md:n43273	v-sapamv-
ἑτοίμα	e(toi/ma	ἑτοῖμος	e(toi=mos	urn:cite2:hmt:lsj.chicago_md:n43287	a-d---fn-
ἑτοίμα	e(toi/ma	ἑτοῖμος	e(toi=mos	urn:cite2:hmt:lsj.chicago_md:n43287	a-d---fv-
ἑτοίμα	e(toi/ma	ἑτοῖμος	e(toi=mos	urn:cite2:hmt:lsj.chicago_md:n43287	a-d---fa-
ἑτοίμα	e(toi/ma	ἑτοῖμος	e(toi=mos	urn:cite2:hmt:lsj.chicago_md:n43287	a-s---fn-
ἑτοίμα	e(toi/ma	ἑτοῖμος	e(toi=mos	urn:cite2:hmt:lsj.chicago_md:n43287	a-s---fv-
ἔ	e)/	ἒ	e)\	urn:cite2:hmt:lsj.chicago_md:n29854	x--------
ἔ	e)/	ἒ	e)\	urn:cite2:hmt:lsj.chicago_md:n29856	x--------
ἔα	e)/a	ἔα	e)/a	urn:cite2:hmt:lsj.chicago_md:n29857	x--------
ἔα	e)/a	ἔα	e)/a	urn:cite2:hmt:lsj.chicago_md:n29858	x--------
ἔα	e)/a	ἐάω	e)a/w	urn:cite2:hmt:lsj.chicago_md:n29883	v2spma---
ἔα	e)/a	ἐάω	e)a/w	urn:cite2:hmt:lsj.chicago_md:n29883	v3siia---
ἔα	e)/a	εἰμί	ei)mi/	urn:cite2:hmt:lsj.chicago_md:n31130	v1siia---
ἔβαψα	e)/baya	βάπτω	ba/ptw	urn:cite2:hmt:lsj.chicago_md:n19327	v1saia---
ἔβαψεν	e)/bayen	βάπτω	ba/ptw	urn:cite2:hmt:lsj.chicago_md:n19327	v3saia---
ἔβλαστεν	e)/blasten	βλαστάνω	blasta/nw	urn:cite2:hmt:lsj.chicago_md:n20049	v3saia---
ἔγημε	e)/ghme	γαμέω	game/w	urn:cite2:hmt:lsj.chicago_md:n21556	v3saia---
ἔγκαρπα	e)/gkarpa	ἔγκαρπος	e)/gkarpos	urn:cite2:hmt:lsj.chicago_md:n30122	n-p---nn-
ἔγκαρπα	e)/gkarpa	ἔγκαρπος	e)/gkarpos	urn:cite2:hmt:lsj.chicago_md:n30122	n-p---nv-
ἔγκαρπα	e)/gkarpa	ἔγκαρπος	e)/gkarpos	urn:cite2:hmt:lsj.chicago_md:n30122	n-p---na-
ἔγκλημα	e)/gklhma	ἔγκλημα	e)/gklhma	urn:cite2:hmt:lsj.chicago_md:n30299	n-s---nn-
ἔγκλημα	e)/gklhma	ἔγκλημα	e)/gklhma	urn:cite2:hmt:lsj.chicago_md:n30299	n-s---nv-
ἔγκλημα	e)/gklhma	ἔγκλημα	e)/gklhma	urn:cite2:hmt:lsj.chicago_md:n30299	n-s---na-
ἔγνω	e)/gnw	γιγνώσκω	gignw/skw	urn:cite2:hmt:lsj.chicago_md:n22210	v3saia---
ἔγνως	e)/gnws	γιγνώσκω	gignw/skw	urn:cite2:hmt:lsj.chicago_md:n22210	v2saia---
ἔγχος	e)/gxos	ἔγχος	e)/gxos	urn:cite2:hmt:lsj.chicago_md:n30602	n-s---nn-
ἔγχος	e)/gxos	ἔγχος	e)/gxos	urn:cite2:hmt:lsj.chicago_md:n30602	n-s---nv-
ἔγχος	e)/gxos	ἔγχος	e)/gxos	urn:cite2:hmt:lsj.chicago_md:n30602	n-s---na-
ἔγωγε	e)/gwge	ἐγώ	e)gw/	urn:cite2:hmt:lsj.chicago_md:n30657	p-s---mn-
ἔγωγε	e)/gwge	ἐγώ	e)gw/	urn:cite2:hmt:lsj.chicago_md:n30657	p-s---mv-
ἔγωγε	e)/gwge	ἐγώ	e)gw/	urn:cite2:hmt:lsj.chicago_md:n30657	p-s---fn-
ἔγωγε	e)/gwge	ἐγώ	e)gw/	urn:cite2:hmt:lsj.chicago_md:n30657	p-s---fv-
ἔγωγέ	e)/gwge/	ἐγώ	e)gw/	urn:cite2:hmt:lsj.chicago_md:n30657	p-s---mn-
ἔγωγέ	e)/gwge/	ἐγώ	e)gw/	urn:cite2:hmt:lsj.chicago_md:n30657	p-s---mv-
ἔγωγέ	e)/gwge/	ἐγώ	e)gw/	urn:cite2:hmt:lsj.chicago_md:n30657	p-s---fn-
ἔγωγέ	e)/gwge/	ἐγώ	e)gw/	urn:cite2:hmt:lsj.chicago_md:n30657	p-s---fv-
ἔδοξεν	e)/docen	δοκέω	doke/w	urn:cite2:hmt:lsj.chicago_md:n27847	v3saia---
ἔδρασε	e)/drase	δράω	dra/w	urn:cite2:hmt:lsj.chicago_md:n28360	v3saia---
ἔδρασε	e)/drase	δράω	dra/w	urn:cite2:hmt:lsj.chicago_md:n28361	v3saia---
ἔδρασέ	e)/drase/	δράω	dra/w	urn:cite2:hmt:lsj.chicago_md:n28360	v3saia---
ἔδρασέ	e)/drase/	δράω	dra/w	urn:cite2:hmt:lsj.chicago_md:n28361	v3saia---
ἔδρων	e)/drwn	δράω	dra/w	urn:cite2:hmt:lsj.chicago_md:n28360	v3piia---
ἔδρων	e)/drwn	δράω	dra/w	urn:cite2:hmt:lsj.chicago_md:n28361	v3piia---
ἔδρων	e)/drwn	δράω	dra/w	urn:cite2:hmt:lsj.chicago_md:n28360	v1siia---
ἔδρων	e)/drwn	δράω	dra/w	urn:cite2:hmt:lsj.chicago_md:n28361	v1siia---
ἔδωκας	e)/dwkas	δίδωμι	di/dwmi	urn:cite2:hmt:lsj.chicago_md:n26447	v2saia---
ἔθαλψεν	e)/qalyen	θάλπω	qa/lpw	urn:cite2:hmt:lsj.chicago_md:n47819	v3saia---
ἔθελγέ	e)/qelge/	θέλγω	qe/lgw	urn:cite2:hmt:lsj.chicago_md:n48066	v3siia---
ἔθηκε	e)/qhke	τίθημι	ti/qhmi	urn:cite2:hmt:lsj.chicago_md:n103922	v3saia---
ἔθου	e)/qou	ἔθω	e)/qw	urn:cite2:hmt:lsj.chicago_md:n30814	v2spme---
ἔθου	e)/qou	ἔθω	e)/qw	urn:cite2:hmt:lsj.chicago_md:n30814	v2siie---
ἔθου	e)/qou	τίθημι	ti/qhmi	urn:cite2:hmt:lsj.chicago_md:n103922	v2saim---
ἔκ	e)/k	ἐκ	e)k	urn:cite2:hmt:lsj.chicago_md:n31575	r--------
ἔκειτο	e)/keito	κεῖμαι	kei=mai	urn:cite2:hmt:lsj.chicago_md:n56393	v3siie---
ἔκλαιεν	e)/klaien	κλαίω	klai/w	urn:cite2:hmt:lsj.chicago_md:n57683	v3siia---
ἔκτα	e)/kta	κτείνω	ktei/nw	urn:cite2:hmt:lsj.chicago_md:n60316	v3saia---
ἔκτεινεν	e)/kteinen	ἐκτείνω	e)ktei/nw	urn:cite2:hmt:lsj.chicago_md:n32964	v3saia---
ἔκτεινεν	e)/kteinen	ἐκτείνω	e)ktei/nw	urn:cite2:hmt:lsj.chicago_md:n32964	v3siia---
ἔκτεινεν	e)/kteinen	κτείνω	ktei/nw	urn:cite2:hmt:lsj.chicago_md:n60316	v3saia---
ἔκτεινεν	e)/kteinen	κτείνω	ktei/nw	urn:cite2:hmt:lsj.chicago_md:n60316	v3siia---
ἔκτοπον	e)/ktopon	ἔκτοπος	e)/ktopos	urn:cite2:hmt:lsj.chicago_md:n33050	n-s---ma-
ἔκτοπον	e)/ktopon	ἔκτοπος	e)/ktopos	urn:cite2:hmt:lsj.chicago_md:n33050	n-s---fa-
ἔκτοπον	e)/ktopon	ἔκτοπος	e)/ktopos	urn:cite2:hmt:lsj.chicago_md:n33050	n-s---nn-
ἔκτοπον	e)/ktopon	ἔκτοπος	e)/ktopos	urn:cite2:hmt:lsj.chicago_md:n33050	n-s---nv-
ἔκτοπον	e)/ktopon	ἔκτοπος	e)/ktopos	urn:cite2:hmt:lsj.chicago_md:n33050	n-s---na-
ἔλαιον	e)/laion	ἔλαιον	e)/laion	urn:cite2:hmt:lsj.chicago_md:n33348	n-s---nn-
ἔλαιον	e)/laion	ἔλαιον	e)/laion	urn:cite2:hmt:lsj.chicago_md:n33348	n-s---nv-
ἔλαιον	e)/laion	ἔλαιον	e)/laion	urn:cite2:hmt:lsj.chicago_md:n33348	n-s---na-
ἔλαιον	e)/laion	ἔλαιος	e)/laios	urn:cite2:hmt:lsj.chicago_md:n33358	n-s---ma-
ἔλακεν	e)/laken	λάσκω	la/skw	urn:cite2:hmt:lsj.chicago_md:n62023	v3saia---
ἔλειπον	e)/leipon	λείπω	lei/pw	urn:cite2:hmt:lsj.chicago_md:n62274	v3piia---
ἔλειπον	e)/leipon	λείπω	lei/pw	urn:cite2:hmt:lsj.chicago_md:n62274	v1siia---
ἔλειπέ	e)/leipe/	λείπω	lei/pw	urn:cite2:hmt:lsj.chicago_md:n62274	v3siia---
ἔλεξας	e)/lecas	λέγω1	le/gw	urn:cite2:hmt:lsj.chicago_md:n62205	v2saia---
ἔλεξας	e)/lecas	λέγω3	le/gw	urn:cite2:hmt:lsj.chicago_md:n62205	v2saia---
ἔλεξεν	e)/lecen	λέγω1	le/gw	urn:cite2:hmt:lsj.chicago_md:n62205	v3saia---
ἔλεξεν	e)/lecen	λέγω3	le/gw	urn:cite2:hmt:lsj.chicago_md:n62205	v3saia---
ἔλευσσες	e)/leusses	λεύσσω	leu/ssw	urn:cite2:hmt:lsj.chicago_md:n62785	v2siia---
ἔληξεν	e)/lhcen	λήγω	lh/gw	urn:cite2:hmt:lsj.chicago_md:n62824	v3saia---
ἔλθοις	e)/lqois	ἔρχομαι	e)/rxomai	urn:cite2:hmt:lsj.chicago_md:n42827	v2saoa---
ἔμβαλλε	e)/mballe	ἐμβάλλω	e)mba/llw	urn:cite2:hmt:lsj.chicago_md:n33956	v2spma---
ἔμβαλλε	e)/mballe	ἐμβάλλω	e)mba/llw	urn:cite2:hmt:lsj.chicago_md:n33956	v3siia---
ἔμοιγε	e)/moige	ἐγώ	e)gw/	urn:cite2:hmt:lsj.chicago_md:n30657	p-s---md-
ἔμοιγε	e)/moige	ἐγώ	e)gw/	urn:cite2:hmt:lsj.chicago_md:n30657	p-s---fd-
ἔμπαλιν	e)/mpalin	ἔμπαλιν	e)/mpalin	urn:cite2:hmt:lsj.chicago_md:n34219	d--------
ἔμπεδα	e)/mpeda	ἔμπεδα	e)/mpeda	urn:cite2:hmt:lsj.chicago_md:n34250	d--------
ἔμπεδα	e)/mpeda	ἔμπεδος	e)/mpedos	urn:cite2:hmt:lsj.chicago_md:n34259	n-p---nn-
ἔμπεδα	e)/mpeda	ἔμπεδος	e)/mpedos	urn:cite2:hmt:lsj.chicago_md:n34260	n-p---nn-
ἔμπεδα	e)/mpeda	ἔμπεδος	e)/mpedos	urn:cite2:hmt:lsj.chicago_md:n34259	n-p---nv-
ἔμπεδα	e)/mpeda	ἔμπεδος	e)/mpedos	urn:cite2:hmt:lsj.chicago_md:n34260	n-p---nv-
ἔμπεδα	e)/mpeda	ἔμπεδος	e)/mpedos	urn:cite2:hmt:lsj.chicago_md:n34259	n-p---na-
ἔμπεδα	e)/mpeda	ἔμπεδος	e)/mpedos	urn:cite2:hmt:lsj.chicago_md:n34260	n-p---na-
ἔμ’	e)/m'	ἐγώ	e)gw/	urn:cite2:hmt:lsj.chicago_md:n30657	p-s---ma-
ἔμ’	e)/m'	ἐγώ	e)gw/	urn:cite2:hmt:lsj.chicago_md:n30657	p-s---fa-
ἔμ’	e)/m'	ἐμός	e)mo/s	urn:cite2:hmt:lsj.chicago_md:n34194	a-p---nn-
ἔμ’	e)/m'	ἐμός	e)mo/s	urn:cite2:hmt:lsj.chicago_md:n34194	a-p---nv-
ἔμ’	e)/m'	ἐμός	e)mo/s	urn:cite2:hmt:lsj.chicago_md:n34194	a-p---na-
ἔμ’	e)/m'	ἐμός	e)mo/s	urn:cite2:hmt:lsj.chicago_md:n34194	a-d---fn-
ἔμ’	e)/m'	ἐμός	e)mo/s	urn:cite2:hmt:lsj.chicago_md:n34194	a-d---fv-
ἔμ’	e)/m'	ἐμός	e)mo/s	urn:cite2:hmt:lsj.chicago_md:n34194	a-d---fa-
ἔμ’	e)/m'	ἐμός	e)mo/s	urn:cite2:hmt:lsj.chicago_md:n34194	a-s---fn-
ἔμ’	e)/m'	ἐμός	e)mo/s	urn:cite2:hmt:lsj.chicago_md:n34194	a-s---fv-
ἔμ’	e)/m'	ἐμός	e)mo/s	urn:cite2:hmt:lsj.chicago_md:n34194	a-s---mv-
ἔμ’	e)/m'	ἐμός	e)mo/s	urn:cite2:hmt:lsj.chicago_md:n34194	a-p---fn-
ἔμ’	e)/m'	ἐμός	e)mo/s	urn:cite2:hmt:lsj.chicago_md:n34194	a-p---fv-
ἔνδοθεν	e)/ndoqen	ἔνδοθεν	e)/ndoqen	urn:cite2:hmt:lsj.chicago_md:n35244	d--------
ἔνδοθεν	e)/ndoqen	ἐνδίδωμι	e)ndi/dwmi	urn:cite2:hmt:lsj.chicago_md:n35219	v3paip---
ἔνδον	e)/ndon	ἔνδον	e)/ndon	urn:cite2:hmt:lsj.chicago_md:n35267	d--------
ἔνδον	e)/ndon	ἐνδίδωμι	e)ndi/dwmi	urn:cite2:hmt:lsj.chicago_md:n35219	v3paia---
ἔνδον	e)/ndon	ἐνδίδωμι	e)ndi/dwmi	urn:cite2:hmt:lsj.chicago_md:n35219	v3paia---
ἔνεστι	e)/nesti	ἐν-εἰμί	e)n-ei)mi/	urn:cite2:hmt:lsj.chicago_md:n35360	v3spia---
ἔνθα	e)/nqa	ἔνθα	e)/nqa	urn:cite2:hmt:lsj.chicago_md:n35541	d--------
ἔνθ’	e)/nq'	ἔνθα	e)/nqa	urn:cite2:hmt:lsj.chicago_md:n35541	d--------
ἔνθ’	e)/nq'	ἔρχομαι	e)/rxomai	urn:cite2:hmt:lsj.chicago_md:n42827	v2sama---
ἔνθ’	e)/nq'	ἔρχομαι	e)/rxomai	urn:cite2:hmt:lsj.chicago_md:n42827	v3saia---
ἔνθ’	e)/nq'	εἰμί	ei)mi/	urn:cite2:hmt:lsj.chicago_md:n31130	v3ppia---
ἔνθ’	e)/nq'	εἰμί	ei)mi/	urn:cite2:hmt:lsj.chicago_md:n31130	v3spia---
ἔννυχον	e)/nnuxon	ἔννυχος	e)/nnuxos	urn:cite2:hmt:lsj.chicago_md:n35889	d--------
ἔννυχον	e)/nnuxon	ἔννυχος	e)/nnuxos	urn:cite2:hmt:lsj.chicago_md:n35889	n-s---ma-
ἔννυχον	e)/nnuxon	ἔννυχος	e)/nnuxos	urn:cite2:hmt:lsj.chicago_md:n35889	n-s---fa-
ἔννυχον	e)/nnuxon	ἔννυχος	e)/nnuxos	urn:cite2:hmt:lsj.chicago_md:n35889	n-s---nn-
ἔννυχον	e)/nnuxon	ἔννυχος	e)/nnuxos	urn:cite2:hmt:lsj.chicago_md:n35889	n-s---nv-
ἔννυχον	e)/nnuxon	ἔννυχος	e)/nnuxos	urn:cite2:hmt:lsj.chicago_md:n35889	n-s---na-
ἔνοικον	e)/noikon	ἔνοικος	e)/noikos	urn:cite2:hmt:lsj.chicago_md:n35927	n-s---ma-
ἔνοικον	e)/noikon	ἔνοικος	e)/noikos	urn:cite2:hmt:lsj.chicago_md:n35927	n-s---fa-
ἔνοικον	e)/noikon	ἔνοικος	e)/noikos	urn:cite2:hmt:lsj.chicago_md:n35927	n-s---nn-
ἔνοικον	e)/noikon	ἔνοικος	e)/noikos	urn:cite2:hmt:lsj.chicago_md:n35927	n-s---nv-
ἔνοικον	e)/noikon	ἔνοικος	e)/noikos	urn:cite2:hmt:lsj.chicago_md:n35927	n-s---na-
ἔνσεισον	e)/nseison	ἐνσείω	e)nsei/w	urn:cite2:hmt:lsj.chicago_md:n36043	v2sama---
ἔξειπ’	e)/ceip'	ἐξεῖπον	e)cei=pon	urn:cite2:hmt:lsj.chicago_md:n37077	v2sama---
ἔξειπ’	e)/ceip'	ἐξεῖπον	e)cei=pon	urn:cite2:hmt:lsj.chicago_md:n37077	v2samm---
ἔξειπ’	e)/ceip'	ἐξεῖπον	e)cei=pon	urn:cite2:hmt:lsj.chicago_md:n37077	v1saia---
ἔξειπ’	e)/ceip'	ἐξεῖπον	e)cei=pon	urn:cite2:hmt:lsj.chicago_md:n37077	v3saia---
ἔξειπ’	e)/ceip'	ἐξεῖπον	e)cei=pon	urn:cite2:hmt:lsj.chicago_md:n37077	v3saia---
ἔξοδον	e)/codon	ἔξοδοσ1	e)/codos	urn:cite2:hmt:lsj.chicago_md:n37470	n-s---fa-
ἔξοδον	e)/codon	ἔξοδοσ1	e)/codos	urn:cite2:hmt:lsj.chicago_md:n37471	n-s---fa-
ἔξοδον	e)/codon	ἔξοδοσ2	e)/codos	urn:cite2:hmt:lsj.chicago_md:n37470	n-s---ma-
ἔξοδον	e)/codon	ἔξοδοσ2	e)/codos	urn:cite2:hmt:lsj.chicago_md:n37471	n-s---ma-
ἔξοδον	e)/codon	ἔξοδοσ2	e)/codos	urn:cite2:hmt:lsj.chicago_md:n37470	n-s---fa-
ἔξοδον	e)/codon	ἔξοδοσ2	e)/codos	urn:cite2:hmt:lsj.chicago_md:n37471	n-s---fa-
ἔξοδον	e)/codon	ἔξοδοσ2	e)/codos	urn:cite2:hmt:lsj.chicago_md:n37470	n-s---nn-
ἔξοδον	e)/codon	ἔξοδοσ2	e)/codos	urn:cite2:hmt:lsj.chicago_md:n37471	n-s---nn-
ἔξοδον	e)/codon	ἔξοδοσ2	e)/codos	urn:cite2:hmt:lsj.chicago_md:n37470	n-s---nv-
ἔξοδον	e)/codon	ἔξοδοσ2	e)/codos	urn:cite2:hmt:lsj.chicago_md:n37471	n-s---nv-
ἔξοδον	e)/codon	ἔξοδοσ2	e)/codos	urn:cite2:hmt:lsj.chicago_md:n37470	n-s---na-
ἔξοδον	e)/codon	ἔξοδοσ2	e)/codos	urn:cite2:hmt:lsj.chicago_md:n37471	n-s---na-
ἔξοιδ’	e)/coid'	ἔξοιδα	e)/coida	urn:cite2:hmt:lsj.chicago_md:n37478	v1sria---
ἔξοιδ’	e)/coid'	ἔξοιδα	e)/coida	urn:cite2:hmt:lsj.chicago_md:n37478	v3sria---
ἔξω	e)/cw	ἔξω	e)/cw	urn:cite2:hmt:lsj.chicago_md:n37720	d--------
ἔοικας	e)/oikas	ἔοικα	e)/oika	urn:cite2:hmt:lsj.chicago_md:n37776	v2sria---
ἔοικεν	e)/oiken	ἔοικα	e)/oika	urn:cite2:hmt:lsj.chicago_md:n37776	v3sria---
ἔοικεν	e)/oiken	ἔοικα	e)/oika	urn:cite2:hmt:lsj.chicago_md:n37776	v3plia---
ἔπειθε	e)/peiqe	πείθω	pei/qw	urn:cite2:hmt:lsj.chicago_md:n80327	v3siia---
ἔπειθ’	e)/peiq'	ἔπειμι2	e)/peimi	urn:cite2:hmt:lsj.chicago_md:n38487	v3spia---
ἔπειθ’	e)/peiq'	ἔπειμι2	e)/peimi	urn:cite2:hmt:lsj.chicago_md:n38488	v3spia---
ἔπειθ’	e)/peiq'	ἔπειτα	e)/peita	urn:cite2:hmt:lsj.chicago_md:n38547	d--------
ἔπειθ’	e)/peiq'	πείθω	pei/qw	urn:cite2:hmt:lsj.chicago_md:n80327	v3siia---
ἔπεμπε	e)/pempe	πέμπω	pe/mpw	urn:cite2:hmt:lsj.chicago_md:n80557	v3siia---
ἔπεμψας	e)/pemyas	πέμπω	pe/mpw	urn:cite2:hmt:lsj.chicago_md:n80557	v2saia---
ἔπεμψ’	e)/pemy'	πέμπω	pe/mpw	urn:cite2:hmt:lsj.chicago_md:n80557	v1saia---
ἔπεμψ’	e)/pemy'	πέμπω	pe/mpw	urn:cite2:hmt:lsj.chicago_md:n80557	v3saia---
ἔπερσε	e)/perse	πέρθω	pe/rqw	urn:cite2:hmt:lsj.chicago_md:n81016	v3saia---
ἔπη	e)/ph	ἔπος	e)/pos	urn:cite2:hmt:lsj.chicago_md:n41858	n-p---nn-
ἔπη	e)/ph	ἔπος	e)/pos	urn:cite2:hmt:lsj.chicago_md:n41858	n-p---nv-
ἔπη	e)/ph	ἔπος	e)/pos	urn:cite2:hmt:lsj.chicago_md:n41858	n-p---na-
ἔπη	e)/ph	ἔπος	e)/pos	urn:cite2:hmt:lsj.chicago_md:n41858	n-d---nn-
ἔπη	e)/ph	ἔπος	e)/pos	urn:cite2:hmt:lsj.chicago_md:n41858	n-d---nv-
ἔπη	e)/ph	ἔπος	e)/pos	urn:cite2:hmt:lsj.chicago_md:n41858	n-d---na-
ἔπουρος	e)/pouros	ἔπουρος	e)/pouros	urn:cite2:hmt:lsj.chicago_md:n41874	n-s---mn-
ἔπουρος	e)/pouros	ἔπουρος	e)/pouros	urn:cite2:hmt:lsj.chicago_md:n41874	n-s---fn-
ἔργα	e)/rga	ἔργον	e)/rgon	urn:cite2:hmt:lsj.chicago_md:n42214	n-p---nn-
ἔργα	e)/rga	ἔργον	e)/rgon	urn:cite2:hmt:lsj.chicago_md:n42214	n-p---nv-
ἔργα	e)/rga	ἔργον	e)/rgon	urn:cite2:hmt:lsj.chicago_md:n42214	n-p---na-
ἔργασαι	e)/rgasai	ἐργάζομαι	e)rga/zomai	urn:cite2:hmt:lsj.chicago_md:n42159	v2srie---
ἔργασαι	e)/rgasai	ἐργάζομαι	e)rga/zomai	urn:cite2:hmt:lsj.chicago_md:n42159	v2same---
ἔργον	e)/rgon	ἔργον	e)/rgon	urn:cite2:hmt:lsj.chicago_md:n42214	n-s---nn-
ἔργον	e)/rgon	ἔργον	e)/rgon	urn:cite2:hmt:lsj.chicago_md:n42214	n-s---nv-
ἔργον	e)/rgon	ἔργον	e)/rgon	urn:cite2:hmt:lsj.chicago_md:n42214	n-s---na-
ἔργου	e)/rgou	ἔργον	e)/rgon	urn:cite2:hmt:lsj.chicago_md:n42214	n-s---ng-
ἔργων	e)/rgwn	ἔργον	e)/rgon	urn:cite2:hmt:lsj.chicago_md:n42214	n-p---ng-
ἔρημοι	e)/rhmoi	ἐρῆμος	e)rh=mos	urn:cite2:hmt:lsj.chicago_md:n42381	n-p---mn-
ἔρημοι	e)/rhmoi	ἐρῆμος	e)rh=mos	urn:cite2:hmt:lsj.chicago_md:n42381	n-p---mv-
ἔρημοι	e)/rhmoi	ἐρῆμος	e)rh=mos	urn:cite2:hmt:lsj.chicago_md:n42381	n-p---fn-
ἔρημοι	e)/rhmoi	ἐρῆμος	e)rh=mos	urn:cite2:hmt:lsj.chicago_md:n42381	n-p---fv-
ἔρξειεν	e)/rceien	ἔρδω	e)/rdw	urn:cite2:hmt:lsj.chicago_md:n42230	v3saoa---
ἔρξον	e)/rcon	ἔρδω	e)/rdw	urn:cite2:hmt:lsj.chicago_md:n42230	v2sama---
ἔρξον	e)/rcon	ἔρδω	e)/rdw	urn:cite2:hmt:lsj.chicago_md:n42230	v-sfpamv-
ἔρξον	e)/rcon	ἔρδω	e)/rdw	urn:cite2:hmt:lsj.chicago_md:n42230	v-sfpann-
ἔρξον	e)/rcon	ἔρδω	e)/rdw	urn:cite2:hmt:lsj.chicago_md:n42230	v-sfpanv-
ἔρξον	e)/rcon	ἔρδω	e)/rdw	urn:cite2:hmt:lsj.chicago_md:n42230	v-sfpana-
ἔρξον	e)/rcon	ἔργω1	e)/rgw	urn:cite2:hmt:lsj.chicago_md:n42224	v-sfpamv-
ἔρξον	e)/rcon	ἔργω1	e)/rgw	urn:cite2:hmt:lsj.chicago_md:n42225	v-sfpamv-
ἔρξον	e)/rcon	ἔργω1	e)/rgw	urn:cite2:hmt:lsj.chicago_md:n42224	v-sfpann-
ἔρξον	e)/rcon	ἔργω1	e)/rgw	urn:cite2:hmt:lsj.chicago_md:n42225	v-sfpann-
ἔρξον	e)/rcon	ἔργω1	e)/rgw	urn:cite2:hmt:lsj.chicago_md:n42224	v-sfpanv-
ἔρξον	e)/rcon	ἔργω1	e)/rgw	urn:cite2:hmt:lsj.chicago_md:n42225	v-sfpanv-
ἔρξον	e)/rcon	ἔργω1	e)/rgw	urn:cite2:hmt:lsj.chicago_md:n42224	v-sfpana-
ἔρξον	e)/rcon	ἔργω1	e)/rgw	urn:cite2:hmt:lsj.chicago_md:n42225	v-sfpana-
ἔρριψεν	e)/rriyen	ῥίπτω	r(i/ptw	urn:cite2:hmt:lsj.chicago_md:n92532	v3saia---
ἔρρωγεν	e)/rrwgen	ῥήγνυμι	r(h/gnumi	urn:cite2:hmt:lsj.chicago_md:n92323	v3plia---
ἔρρωγεν	e)/rrwgen	ῥήγνυμι	r(h/gnumi	urn:cite2:hmt:lsj.chicago_md:n92323	v3sria---
ἔρχεται	e)/rxetai	ἔρχομαι	e)/rxomai	urn:cite2:hmt:lsj.chicago_md:n42827	v3spie---
ἔρως	e)/rws	ἔροσ1	e)/ros	urn:cite2:hmt:lsj.chicago_md:n42650	n-p---ma-
ἔρως	e)/rws	ἔροσ1	e)/ros	urn:cite2:hmt:lsj.chicago_md:n42651	n-p---ma-
ἔρως	e)/rws	ἔρως	e)/rws	urn:cite2:hmt:lsj.chicago_md:n42840	n-s---mn-
ἔρωτος	e)/rwtos	ἔρως	e)/rws	urn:cite2:hmt:lsj.chicago_md:n42840	n-s---mg-
ἔσθενον	e)/sqenon	σθένω	sqe/nw	urn:cite2:hmt:lsj.chicago_md:n93919	v3piia---
ἔσθενον	e)/sqenon	σθένω	sqe/nw	urn:cite2:hmt:lsj.chicago_md:n93919	v1siia---
ἔσοιθ’	e)/soiq'	εἰμί	ei)mi/	urn:cite2:hmt:lsj.chicago_md:n31130	v3sfom---
ἔσοιθ’	e)/soiq'	εἰσίημι	ei)si/hmi	urn:cite2:hmt:lsj.chicago_md:n31382	v3saom---
ἔσται	e)/stai	εἰμί	ei)mi/	urn:cite2:hmt:lsj.chicago_md:n31130	v3sfim---
ἔστε	e)/ste	ἔστε	e)/ste	urn:cite2:hmt:lsj.chicago_md:n42974	c--------
ἔστε	e)/ste	εἰμί	ei)mi/	urn:cite2:hmt:lsj.chicago_md:n31130	v2ppia---
ἔστε	e)/ste	εἰμί	ei)mi/	urn:cite2:hmt:lsj.chicago_md:n31130	v2ppma---
ἔστειχε	e)/steixe	στείχω	stei/xw	urn:cite2:hmt:lsj.chicago_md:n96425	v3siia---
ἔστησε	e)/sthse	ἵστημι	i(/sthmi	urn:cite2:hmt:lsj.chicago_md:n51241	v3saia---
ἔστι	e)/sti	εἰμί	ei)mi/	urn:cite2:hmt:lsj.chicago_md:n31130	v3spia---
ἔστιν	e)/stin	εἰμί	ei)mi/	urn:cite2:hmt:lsj.chicago_md:n31130	v3spia---
ἔσχον	e)/sxon	ἔχω	e)/xw	urn:cite2:hmt:lsj.chicago_md:n45996	v3paia---
ἔσχον	e)/sxon	ἔχω	e)/xw	urn:cite2:hmt:lsj.chicago_md:n45997	v3paia---
ἔσχον	e)/sxon	ἔχω	e)/xw	urn:cite2:hmt:lsj.chicago_md:n45996	v1saia---
ἔσχον	e)/sxon	ἔχω	e)/xw	urn:cite2:hmt:lsj.chicago_md:n45997	v1saia---
ἔσω	e)/sw	ἔσω	e)/sw	urn:cite2:hmt:lsj.chicago_md:n43060	r--------
ἔτεκε	e)/teke	τίκτω	ti/ktw	urn:cite2:hmt:lsj.chicago_md:n103942	v3saia---
ἔτεκεν	e)/teken	τίκτω	ti/ktw	urn:cite2:hmt:lsj.chicago_md:n103942	v3saia---
ἔτι	e)/ti	ἔτι	e)/ti	urn:cite2:hmt:lsj.chicago_md:n43266	d--------
ἔτλη	e)/tlh	τλάω	tla/w	urn:cite2:hmt:lsj.chicago_md:n104119	v3saia---
ἔτλη	e)/tlh	τλάω	tla/w	urn:cite2:hmt:lsj.chicago_md:n104119	v3siia---
ἔτρεφε	e)/trefe	τρέφω	tre/fw	urn:cite2:hmt:lsj.chicago_md:n104690	v3siia---
ἔφασκε	e)/faske	φάσκω	fa/skw	urn:cite2:hmt:lsj.chicago_md:n110407	v3siia---
ἔφασκες	e)/faskes	φάσκω	fa/skw	urn:cite2:hmt:lsj.chicago_md:n110407	v2siia---
ἔφασκον	e)/faskon	φάσκω	fa/skw	urn:cite2:hmt:lsj.chicago_md:n110407	v3piia---
ἔφασκον	e)/faskon	φάσκω	fa/skw	urn:cite2:hmt:lsj.chicago_md:n110407	v1siia---
ἔφη	e)/fh	φημί	fhmi/	urn:cite2:hmt:lsj.chicago_md:n110639	v3siia---
ἔφραζε	e)/fraze	φράζω	fra/zw	urn:cite2:hmt:lsj.chicago_md:n112217	v3siia---
ἔφριξα	e)/frica	φρίσσω	fri/ssw	urn:cite2:hmt:lsj.chicago_md:n112347	v1saia---
ἔφριξα	e)/frica	φρίζω	fri/zw	urn:cite2:hmt:lsj.chicago_md:n112316	v1saia---
ἔφυ	e)/fu	φύω	fu/w	urn:cite2:hmt:lsj.chicago_md:n112794	v3saia---
ἔχει	e)/xei	ἔχις	e)/xis	urn:cite2:hmt:lsj.chicago_md:n45984	n-d---mn-
ἔχει	e)/xei	ἔχις	e)/xis	urn:cite2:hmt:lsj.chicago_md:n45984	n-d---mv-
ἔχει	e)/xei	ἔχις	e)/xis	urn:cite2:hmt:lsj.chicago_md:n45984	n-d---ma-
ἔχει	e)/xei	ἔχις	e)/xis	urn:cite2:hmt:lsj.chicago_md:n45984	n-s---md-
ἔχει	e)/xei	ἔχις	e)/xis	urn:cite2:hmt:lsj.chicago_md:n45984	n-s---md-
ἔχει	e)/xei	ἔχω	e)/xw	urn:cite2:hmt:lsj.chicago_md:n45996	v2spie---
ἔχει	e)/xei	ἔχω	e)/xw	urn:cite2:hmt:lsj.chicago_md:n45997	v2spie---
ἔχει	e)/xei	ἔχω	e)/xw	urn:cite2:hmt:lsj.chicago_md:n45996	v3spia---
ἔχει	e)/xei	ἔχω	e)/xw	urn:cite2:hmt:lsj.chicago_md:n45997	v3spia---
ἔχει	e)/xei	χάω	xa/w	urn:cite2:hmt:lsj.chicago_md:n113505	v3siia---
ἔχει	e)/xei	χέω	xe/w	urn:cite2:hmt:lsj.chicago_md:n113864	v3siia---
ἔχειν	e)/xein	ἔχω	e)/xw	urn:cite2:hmt:lsj.chicago_md:n45996	v--pna---
ἔχειν	e)/xein	ἔχω	e)/xw	urn:cite2:hmt:lsj.chicago_md:n45997	v--pna---
ἔχεις	e)/xeis	ἔχις	e)/xis	urn:cite2:hmt:lsj.chicago_md:n45984	n-p---mn-
ἔχεις	e)/xeis	ἔχις	e)/xis	urn:cite2:hmt:lsj.chicago_md:n45984	n-p---mv-
ἔχεις	e)/xeis	ἔχις	e)/xis	urn:cite2:hmt:lsj.chicago_md:n45984	n-p---mn-
ἔχεις	e)/xeis	ἔχις	e)/xis	urn:cite2:hmt:lsj.chicago_md:n45984	n-p---ma-
ἔχεις	e)/xeis	ἔχω	e)/xw	urn:cite2:hmt:lsj.chicago_md:n45996	v2spia---
ἔχεις	e)/xeis	ἔχω	e)/xw	urn:cite2:hmt:lsj.chicago_md:n45997	v2spia---
ἔχεις	e)/xeis	χάω	xa/w	urn:cite2:hmt:lsj.chicago_md:n113505	v2siia---
ἔχεις	e)/xeis	χέω	xe/w	urn:cite2:hmt:lsj.chicago_md:n113864	v2siia---
ἔχοι	e)/xoi	ἔχω	e)/xw	urn:cite2:hmt:lsj.chicago_md:n45996	v3spoa---
ἔχοι	e)/xoi	ἔχω	e)/xw	urn:cite2:hmt:lsj.chicago_md:n45997	v3spoa---
ἔχοις	e)/xois	ἔχω	e)/xw	urn:cite2:hmt:lsj.chicago_md:n45996	v2spoa---
ἔχοις	e)/xois	ἔχω	e)/xw	urn:cite2:hmt:lsj.chicago_md:n45997	v2spoa---
ἔχομεν	e)/xomen	ἔχω	e)/xw	urn:cite2:hmt:lsj.chicago_md:n45996	v1ppia---
ἔχομεν	e)/xomen	ἔχω	e)/xw	urn:cite2:hmt:lsj.chicago_md:n45997	v1ppia---
ἔχομεν	e)/xomen	ἔχω	e)/xw	urn:cite2:hmt:lsj.chicago_md:n45996	v1piia---
ἔχομεν	e)/xomen	ἔχω	e)/xw	urn:cite2:hmt:lsj.chicago_md:n45997	v1piia---
ἔχοντα	e)/xonta	ἔχω	e)/xw	urn:cite2:hmt:lsj.chicago_md:n45996	v-pppann-
ἔχοντα	e)/xonta	ἔχω	e)/xw	urn:cite2:hmt:lsj.chicago_md:n45997	v-pppann-
ἔχοντα	e)/xonta	ἔχω	e)/xw	urn:cite2:hmt:lsj.chicago_md:n45996	v-pppanv-
ἔχοντα	e)/xonta	ἔχω	e)/xw	urn:cite2:hmt:lsj.chicago_md:n45997	v-pppanv-
ἔχοντα	e)/xonta	ἔχω	e)/xw	urn:cite2:hmt:lsj.chicago_md:n45996	v-pppana-
ἔχοντα	e)/xonta	ἔχω	e)/xw	urn:cite2:hmt:lsj.chicago_md:n45997	v-pppana-
ἔχοντα	e)/xonta	ἔχω	e)/xw	urn:cite2:hmt:lsj.chicago_md:n45996	v-sppama-
ἔχοντα	e)/xonta	ἔχω	e)/xw	urn:cite2:hmt:lsj.chicago_md:n45997	v-sppama-
ἔχοντά	e)/xonta/	ἔχω	e)/xw	urn:cite2:hmt:lsj.chicago_md:n45996	v-pppann-
ἔχοντά	e)/xonta/	ἔχω	e)/xw	urn:cite2:hmt:lsj.chicago_md:n45997	v-pppann-
ἔχοντά	e)/xonta/	ἔχω	e)/xw	urn:cite2:hmt:lsj.chicago_md:n45996	v-pppanv-
ἔχοντά	e)/xonta/	ἔχω	e)/xw	urn:cite2:hmt:lsj.chicago_md:n45997	v-pppanv-
ἔχοντά	e)/xonta/	ἔχω	e)/xw	urn:cite2:hmt:lsj.chicago_md:n45996	v-pppana-
ἔχοντά	e)/xonta/	ἔχω	e)/xw	urn:cite2:hmt:lsj.chicago_md:n45997	v-pppana-
ἔχοντά	e)/xonta/	ἔχω	e)/xw	urn:cite2:hmt:lsj.chicago_md:n45996	v-sppama-
ἔχοντά	e)/xonta/	ἔχω	e)/xw	urn:cite2:hmt:lsj.chicago_md:n45997	v-sppama-
ἔχοντ’	e)/xont'	ἔχω	e)/xw	urn:cite2:hmt:lsj.chicago_md:n45996	v-pppann-
ἔχοντ’	e)/xont'	ἔχω	e)/xw	urn:cite2:hmt:lsj.chicago_md:n45997	v-pppann-
ἔχοντ’	e)/xont'	ἔχω	e)/xw	urn:cite2:hmt:lsj.chicago_md:n45996	v-pppanv-
ἔχοντ’	e)/xont'	ἔχω	e)/xw	urn:cite2:hmt:lsj.chicago_md:n45997	v-pppanv-
ἔχοντ’	e)/xont'	ἔχω	e)/xw	urn:cite2:hmt:lsj.chicago_md:n45996	v-pppana-
ἔχοντ’	e)/xont'	ἔχω	e)/xw	urn:cite2:hmt:lsj.chicago_md:n45997	v-pppana-
ἔχοντ’	e)/xont'	ἔχω	e)/xw	urn:cite2:hmt:lsj.chicago_md:n45996	v-sppama-
ἔχοντ’	e)/xont'	ἔχω	e)/xw	urn:cite2:hmt:lsj.chicago_md:n45997	v-sppama-
ἔχοντ’	e)/xont'	ἔχω	e)/xw	urn:cite2:hmt:lsj.chicago_md:n45996	v-sppamd-
ἔχοντ’	e)/xont'	ἔχω	e)/xw	urn:cite2:hmt:lsj.chicago_md:n45997	v-sppamd-
ἔχοντ’	e)/xont'	ἔχω	e)/xw	urn:cite2:hmt:lsj.chicago_md:n45996	v-sppand-
ἔχοντ’	e)/xont'	ἔχω	e)/xw	urn:cite2:hmt:lsj.chicago_md:n45997	v-sppand-
ἔχοντ’	e)/xont'	ἔχω	e)/xw	urn:cite2:hmt:lsj.chicago_md:n45996	v3ppia---
ἔχοντ’	e)/xont'	ἔχω	e)/xw	urn:cite2:hmt:lsj.chicago_md:n45997	v3ppia---
ἔχοντ’	e)/xont'	ἔχω	e)/xw	urn:cite2:hmt:lsj.chicago_md:n45996	v-dppamn-
ἔχοντ’	e)/xont'	ἔχω	e)/xw	urn:cite2:hmt:lsj.chicago_md:n45997	v-dppamn-
ἔχοντ’	e)/xont'	ἔχω	e)/xw	urn:cite2:hmt:lsj.chicago_md:n45996	v-dppamv-
ἔχοντ’	e)/xont'	ἔχω	e)/xw	urn:cite2:hmt:lsj.chicago_md:n45997	v-dppamv-
ἔχοντ’	e)/xont'	ἔχω	e)/xw	urn:cite2:hmt:lsj.chicago_md:n45996	v-dppama-
ἔχοντ’	e)/xont'	ἔχω	e)/xw	urn:cite2:hmt:lsj.chicago_md:n45997	v-dppama-
ἔχοντ’	e)/xont'	ἔχω	e)/xw	urn:cite2:hmt:lsj.chicago_md:n45996	v-dppann-
ἔχοντ’	e)/xont'	ἔχω	e)/xw	urn:cite2:hmt:lsj.chicago_md:n45997	v-dppann-
ἔχοντ’	e)/xont'	ἔχω	e)/xw	urn:cite2:hmt:lsj.chicago_md:n45996	v-dppanv-
ἔχοντ’	e)/xont'	ἔχω	e)/xw	urn:cite2:hmt:lsj.chicago_md:n45997	v-dppanv-
ἔχοντ’	e)/xont'	ἔχω	e)/xw	urn:cite2:hmt:lsj.chicago_md:n45996	v-dppana-
ἔχοντ’	e)/xont'	ἔχω	e)/xw	urn:cite2:hmt:lsj.chicago_md:n45997	v-dppana-
ἔχοντ’	e)/xont'	ἔχω	e)/xw	urn:cite2:hmt:lsj.chicago_md:n45996	v3ppie---
ἔχοντ’	e)/xont'	ἔχω	e)/xw	urn:cite2:hmt:lsj.chicago_md:n45997	v3ppie---
ἔχοντ’	e)/xont'	ἔχω	e)/xw	urn:cite2:hmt:lsj.chicago_md:n45996	v3piie---
ἔχοντ’	e)/xont'	ἔχω	e)/xw	urn:cite2:hmt:lsj.chicago_md:n45997	v3piie---
ἔχουσα	e)/xousa	ἔχω	e)/xw	urn:cite2:hmt:lsj.chicago_md:n45996	v-sppafn-
ἔχουσα	e)/xousa	ἔχω	e)/xw	urn:cite2:hmt:lsj.chicago_md:n45997	v-sppafn-
ἔχουσα	e)/xousa	ἔχω	e)/xw	urn:cite2:hmt:lsj.chicago_md:n45996	v-sppafv-
ἔχουσα	e)/xousa	ἔχω	e)/xw	urn:cite2:hmt:lsj.chicago_md:n45997	v-sppafv-
ἔχουσαν	e)/xousan	ἔχω	e)/xw	urn:cite2:hmt:lsj.chicago_md:n45996	v-sppafa-
ἔχουσαν	e)/xousan	ἔχω	e)/xw	urn:cite2:hmt:lsj.chicago_md:n45997	v-sppafa-
ἔχριον	e)/xrion	χράω2	xra/w	urn:cite2:hmt:lsj.chicago_md:n114552	v3piia---
ἔχριον	e)/xrion	χράω2	xra/w	urn:cite2:hmt:lsj.chicago_md:n114553	v3piia---
ἔχριον	e)/xrion	χράω2	xra/w	urn:cite2:hmt:lsj.chicago_md:n114552	v1siia---
ἔχριον	e)/xrion	χράω2	xra/w	urn:cite2:hmt:lsj.chicago_md:n114553	v1siia---
ἔχριον	e)/xrion	χρίω	xri/w	urn:cite2:hmt:lsj.chicago_md:n114726	v3piia---
ἔχριον	e)/xrion	χρίω	xri/w	urn:cite2:hmt:lsj.chicago_md:n114726	v1siia---
ἔχρισα	e)/xrisa	χρίω	xri/w	urn:cite2:hmt:lsj.chicago_md:n114726	v1saia---
ἔχρῃζον	e)/xrh|zon	χρῄζω	xrh/|zw	urn:cite2:hmt:lsj.chicago_md:n114619	v3piia---
ἔχρῃζον	e)/xrh|zon	χρῄζω	xrh/|zw	urn:cite2:hmt:lsj.chicago_md:n114620	v3piia---
ἔχρῃζον	e)/xrh|zon	χρῄζω	xrh/|zw	urn:cite2:hmt:lsj.chicago_md:n114619	v1siia---
ἔχρῃζον	e)/xrh|zon	χρῄζω	xrh/|zw	urn:cite2:hmt:lsj.chicago_md:n114620	v1siia---
ἔχω	e)/xw	ἔχω	e)/xw	urn:cite2:hmt:lsj.chicago_md:n45996	v1spsa---
ἔχω	e)/xw	ἔχω	e)/xw	urn:cite2:hmt:lsj.chicago_md:n45997	v1spsa---
ἔχω	e)/xw	ἔχω	e)/xw	urn:cite2:hmt:lsj.chicago_md:n45996	v1spia---
ἔχω	e)/xw	ἔχω	e)/xw	urn:cite2:hmt:lsj.chicago_md:n45997	v1spia---
ἔχω	e)/xw	χόω	xo/w	urn:cite2:hmt:lsj.chicago_md:n114536	v3siia---
ἔχων	e)/xwn	ἔχω	e)/xw	urn:cite2:hmt:lsj.chicago_md:n45996	v-sppamn-
ἔχων	e)/xwn	ἔχω	e)/xw	urn:cite2:hmt:lsj.chicago_md:n45997	v-sppamn-
ἔχων	e)/xwn	χάω	xa/w	urn:cite2:hmt:lsj.chicago_md:n113505	v3piia---
ἔχων	e)/xwn	χάω	xa/w	urn:cite2:hmt:lsj.chicago_md:n113505	v1siia---
ἔχων	e)/xwn	χόω	xo/w	urn:cite2:hmt:lsj.chicago_md:n114536	v3piia---
ἔχων	e)/xwn	χόω	xo/w	urn:cite2:hmt:lsj.chicago_md:n114536	v1siia---
ἕδραν	e(/dran	ἕδρα	e(/dra	urn:cite2:hmt:lsj.chicago_md:n30700	n-s---fa-
ἕκαστος	e(/kastos	ἕκαστος	e(/kastos	urn:cite2:hmt:lsj.chicago_md:n31598	a-s---mn-
ἕκατι	e(/kati	ἕκητι	e(/khti	urn:cite2:hmt:lsj.chicago_md:n31978	d--------
ἕλοι	e(/loi	αἱρέω	ai(re/w	urn:cite2:hmt:lsj.chicago_md:n2654	v3saoa---
ἕλοιτο	e(/loito	αἱρέω	ai(re/w	urn:cite2:hmt:lsj.chicago_md:n2654	v3saom---
ἕν	e(/n	εἷς	ei(=s	urn:cite2:hmt:lsj.chicago_md:n31236	n-s---nn-
ἕν	e(/n	εἷς	ei(=s	urn:cite2:hmt:lsj.chicago_md:n31236	n-s---nv-
ἕν	e(/n	εἷς	ei(=s	urn:cite2:hmt:lsj.chicago_md:n31236	n-s---na-
ἕν	e(/n	ἵημι	i(/hmi	urn:cite2:hmt:lsj.chicago_md:n50165	v3paia---
ἕν	e(/n	ἵημι	i(/hmi	urn:cite2:hmt:lsj.chicago_md:n50165	v-sapann-
ἕν	e(/n	ἵημι	i(/hmi	urn:cite2:hmt:lsj.chicago_md:n50165	v-sapanv-
ἕν	e(/n	ἵημι	i(/hmi	urn:cite2:hmt:lsj.chicago_md:n50165	v-sapana-
ἕξουσαν	e(/cousan	ἔχω	e)/xw	urn:cite2:hmt:lsj.chicago_md:n45996	v-sfpafa-
ἕξουσαν	e(/cousan	ἔχω	e)/xw	urn:cite2:hmt:lsj.chicago_md:n45997	v-sfpafa-
ἕρκει	e(/rkei	ἕρκος	e(/rkos	urn:cite2:hmt:lsj.chicago_md:n42576	n-d---nn-
ἕρκει	e(/rkei	ἕρκος	e(/rkos	urn:cite2:hmt:lsj.chicago_md:n42576	n-d---nv-
ἕρκει	e(/rkei	ἕρκος	e(/rkos	urn:cite2:hmt:lsj.chicago_md:n42576	n-d---na-
ἕρκει	e(/rkei	ἕρκος	e(/rkos	urn:cite2:hmt:lsj.chicago_md:n42576	n-s---nd-
ἕρκει	e(/rkei	ἕρκος	e(/rkos	urn:cite2:hmt:lsj.chicago_md:n42576	n-s---nd-
ἕρκος	e(/rkos	ἕρκος	e(/rkos	urn:cite2:hmt:lsj.chicago_md:n42576	n-s---nn-
ἕρκος	e(/rkos	ἕρκος	e(/rkos	urn:cite2:hmt:lsj.chicago_md:n42576	n-s---nv-
ἕρκος	e(/rkos	ἕρκος	e(/rkos	urn:cite2:hmt:lsj.chicago_md:n42576	n-s---na-
ἕρπε	e(/rpe	ἕρπω	e(/rpw	urn:cite2:hmt:lsj.chicago_md:n42686	v2spma---
ἕρπε	e(/rpe	ἕρπω	e(/rpw	urn:cite2:hmt:lsj.chicago_md:n42686	v3siia---
ἕρπει	e(/rpei	ἕρπω	e(/rpw	urn:cite2:hmt:lsj.chicago_md:n42686	v2spie---
ἕρπει	e(/rpei	ἕρπω	e(/rpw	urn:cite2:hmt:lsj.chicago_md:n42686	v3spia---
ἕρποντος	e(/rpontos	ἕρπω	e(/rpw	urn:cite2:hmt:lsj.chicago_md:n42686	v-sppamg-
ἕρποντος	e(/rpontos	ἕρπω	e(/rpw	urn:cite2:hmt:lsj.chicago_md:n42686	v-sppang-
ἕρπουσαν	e(/rpousan	ἕρπω	e(/rpw	urn:cite2:hmt:lsj.chicago_md:n42686	v-sppafa-
ἕρπω	e(/rpw	ἕρπω	e(/rpw	urn:cite2:hmt:lsj.chicago_md:n42686	v1spsa---
ἕρπω	e(/rpw	ἕρπω	e(/rpw	urn:cite2:hmt:lsj.chicago_md:n42686	v1spia---
ἕσταμεν	e(/stamen	ἵστημι	i(/sthmi	urn:cite2:hmt:lsj.chicago_md:n51241	v1plia---
ἕσταμεν	e(/stamen	ἵστημι	i(/sthmi	urn:cite2:hmt:lsj.chicago_md:n51241	v1pria---
ἕτερον	e(/teron	ἕτερος	e(/teros	urn:cite2:hmt:lsj.chicago_md:n43206	a-s---ma-
ἕτερον	e(/teron	ἕτερος	e(/teros	urn:cite2:hmt:lsj.chicago_md:n43206	a-s---nn-
ἕτερον	e(/teron	ἕτερος	e(/teros	urn:cite2:hmt:lsj.chicago_md:n43206	a-s---nv-
ἕτερον	e(/teron	ἕτερος	e(/teros	urn:cite2:hmt:lsj.chicago_md:n43206	a-s---na-
ἕως	e(/ws	ἕως	e(/ws	urn:cite2:hmt:lsj.chicago_md:n46043	c--------
ἕως	e(/ws	ἠώς	h)w/s	urn:cite2:hmt:lsj.chicago_md:n47695	n-p---fa-
ἕως	e(/ws	ἠώς	h)w/s	urn:cite2:hmt:lsj.chicago_md:n47695	n-p---fn-
ἕως	e(/ws	ἠώς	h)w/s	urn:cite2:hmt:lsj.chicago_md:n47695	n-p---fv-
ἕως	e(/ws	ἠώς	h)w/s	urn:cite2:hmt:lsj.chicago_md:n47695	n-s---fg-
ἕως	e(/ws	ἠώς	h)w/s	urn:cite2:hmt:lsj.chicago_md:n47695	n-s---fn-
Ἐρινύς	*)erinu/s	Ἐρινύς	*)erinu/s	urn:cite2:hmt:lsj.chicago_md:n42488	n-s---fn-
Ἐρινύς	*)erinu/s	Ἐρινύς	*)erinu/s	urn:cite2:hmt:lsj.chicago_md:n42488	n-s---fn-
Ἐρινύων	*)erinu/wn	Ἐρινύς	*)erinu/s	urn:cite2:hmt:lsj.chicago_md:n42488	n-p---fg-
Ἐρινύων	*)erinu/wn	Ἐρινύς	*)erinu/s	urn:cite2:hmt:lsj.chicago_md:n42488	n-p----g-
Ἐρινύων	*)erinu/wn	Ἐρινύς	*)erinu/s	urn:cite2:hmt:lsj.chicago_md:n42488	n-p---fg-
Ἐρινύων	*)erinu/wn	ἐρινύω	e)rinu/w	urn:cite2:hmt:lsj.chicago_md:n42489	v-sppamn-
Ἐχίδνης	*)exi/dnhs	Ἔχιδνα	*)/exidna	urn:cite2:hmt:lsj.chicago_md:n45957	n-s---fg-
Ἐχίδνης	*)exi/dnhs	ἔχιδνα	e)/xidna	urn:cite2:hmt:lsj.chicago_md:n45957	n-s---fg-
Ἑλλάνων	*(ella/nwn	Ἕλλην	*(/ellhn	urn:cite2:hmt:lsj.chicago_md:n33819	n-p---mg-
Ἑλλάνων	*(ella/nwn	Ἕλλην	*(/ellhn	urn:cite2:hmt:lsj.chicago_md:n33819	n-p---fg-
Ἑλλάς	*(ella/s	Ἑλλάς	*(ella/s	urn:cite2:hmt:lsj.chicago_md:n33791	n-s---fn-
Ἑλλάς	*(ella/s	ἑλλά	e(lla/	urn:cite2:hmt:lsj.chicago_md:n33776	n-p---fa-
Ἑρμοῦ	*(ermou=	Ἑρμῆς	*(ermh=s	urn:cite2:hmt:lsj.chicago_md:n42622	n-s---mg-
Ἔρως	*)/erws	Ἔρως	*)/erws	urn:cite2:hmt:lsj.chicago_md:n42840	n-s---mn-
Ἔρως	*)/erws	ἔροσ1	e)/ros	urn:cite2:hmt:lsj.chicago_md:n42650	n-p---ma-
Ἔρως	*)/erws	ἔροσ1	e)/ros	urn:cite2:hmt:lsj.chicago_md:n42651	n-p---ma-
Ἔρως	*)/erws	ἔρως	e)/rws	urn:cite2:hmt:lsj.chicago_md:n42840	n-s---mn-
Ἔρωτι	*)/erwti	Ἔρως	*)/erws	urn:cite2:hmt:lsj.chicago_md:n42840	n-s---md-
Ἔρωτι	*)/erwti	ἔρως	e)/rws	urn:cite2:hmt:lsj.chicago_md:n42840	n-s----d-
Ἔρωτι	*)/erwti	ἔρως	e)/rws	urn:cite2:hmt:lsj.chicago_md:n42840	n-s---md-
ἠγορῶ	h)gorw=	ἀγοράομαι	a)gora/omai	urn:cite2:hmt:lsj.chicago_md:n770	v2siim---
ἠμύνατο	h)mu/nato	ἀμύνω	a)mu/nw	urn:cite2:hmt:lsj.chicago_md:n5607	v3saim---
ἠνέγκατ’	h)ne/gkat'	φέρω	fe/rw	urn:cite2:hmt:lsj.chicago_md:n110598	v3saim---
ἠνέγκατ’	h)ne/gkat'	φέρω	fe/rw	urn:cite2:hmt:lsj.chicago_md:n110598	v2paia---
ἠνέσχετο	h)ne/sxeto	ἀνέχω	a)ne/xw	urn:cite2:hmt:lsj.chicago_md:n8575	v3saim---
ἠνύσω	h)nu/sw	ἀνύω	a)nu/w	urn:cite2:hmt:lsj.chicago_md:n10921	v2saim---
ἠφάνισται	h)fa/nistai	ἀφανίζω	a)fani/zw	urn:cite2:hmt:lsj.chicago_md:n18128	v3srie---
ἠχεῖ	h)xei=	ἠχέω	h)xe/w	urn:cite2:hmt:lsj.chicago_md:n47673	v2spie---
ἠχεῖ	h)xei=	ἠχέω	h)xe/w	urn:cite2:hmt:lsj.chicago_md:n47673	v3spia---
ἡ	h(	ὁ	o(	urn:cite2:hmt:lsj.chicago_md:n71882	l-s---fn-
ἡ	h(	ὁ	o(	urn:cite2:hmt:lsj.chicago_md:n71882	l-s---fv-
ἡδοναῖς	h(donai=s	ἡδονή	h(donh/	urn:cite2:hmt:lsj.chicago_md:n46650	n-p---fd-
ἡδονήν	h(donh/n	ἡδονή	h(donh/	urn:cite2:hmt:lsj.chicago_md:n46650	n-s---fa-
ἡδονῇ	h(donh=|	ἡδονή	h(donh/	urn:cite2:hmt:lsj.chicago_md:n46650	n-s---fd-
ἡδέως	h(de/ws	ἡδέως	h(de/ws	urn:cite2:hmt:lsj.chicago_md:n46645	d--------
ἡδέως	h(de/ws	ἡδύς	h(du/s	urn:cite2:hmt:lsj.chicago_md:n46712	x--------
ἡδέως	h(de/ws	ἡδύς	h(du/s	urn:cite2:hmt:lsj.chicago_md:n46712	x--------
ἡλιῶτιν	h(liw=tin	ἡλιώτης	h(liw/ths	urn:cite2:hmt:lsj.chicago_md:n46923	n-s---fa-
ἡλίου	h(li/ou	ἥλιος	h(/lios	urn:cite2:hmt:lsj.chicago_md:n46892	n-s---mg-
ἡλίου	h(li/ou	ἡλιόω	h(lio/w	urn:cite2:hmt:lsj.chicago_md:n46907	v3siia---
ἡλίου	h(li/ou	ἡλιόω	h(lio/w	urn:cite2:hmt:lsj.chicago_md:n46907	v2spma---
ἡλίου	h(li/ou	ἡλιόω	h(lio/w	urn:cite2:hmt:lsj.chicago_md:n46907	v3siia---
ἡλίωσε	h(li/wse	ἁλιόω	a(lio/w	urn:cite2:hmt:lsj.chicago_md:n4240	v3saia---
ἡλίωσε	h(li/wse	ἡλιόω	h(lio/w	urn:cite2:hmt:lsj.chicago_md:n46907	v3saia---
ἡλίωσε	h(li/wse	ἡλιόω	h(lio/w	urn:cite2:hmt:lsj.chicago_md:n46907	v3saia---
ἡμαρτημένοις	h(marthme/nois	ἁμαρτάνω	a(marta/nw	urn:cite2:hmt:lsj.chicago_md:n4958	v-prpemd-
ἡμαρτημένοις	h(marthme/nois	ἁμαρτάνω	a(marta/nw	urn:cite2:hmt:lsj.chicago_md:n4958	v-prpend-
ἡμαρτημένοις	h(marthme/nois	ἁμαρτέω	a(marte/w	urn:cite2:hmt:lsj.chicago_md:n4960	v-prpemd-
ἡμαρτημένοις	h(marthme/nois	ἁμαρτέω	a(marte/w	urn:cite2:hmt:lsj.chicago_md:n4960	v-prpend-
ἡμερῶν	h(merw=n	ἡμέρα	h(me/ra	urn:cite2:hmt:lsj.chicago_md:n46966	n-p---fg-
ἡμερῶν	h(merw=n	ἡμερόω	h(mero/w	urn:cite2:hmt:lsj.chicago_md:n47022	v-sppamv-
ἡμερῶν	h(merw=n	ἡμερόω	h(mero/w	urn:cite2:hmt:lsj.chicago_md:n47022	v-sppann-
ἡμερῶν	h(merw=n	ἡμερόω	h(mero/w	urn:cite2:hmt:lsj.chicago_md:n47022	v-sppanv-
ἡμερῶν	h(merw=n	ἡμερόω	h(mero/w	urn:cite2:hmt:lsj.chicago_md:n47022	v-sppana-
ἡμερῶν	h(merw=n	ἡμερόω	h(mero/w	urn:cite2:hmt:lsj.chicago_md:n47022	v-sppamn-
ἡμερῶν	h(merw=n	ἡμερόω	h(mero/w	urn:cite2:hmt:lsj.chicago_md:n47022	v--pna---
ἡμεῖς	h(mei=s	ἐγώ	e)gw/	urn:cite2:hmt:lsj.chicago_md:n30657	p-p---mn-
ἡμεῖς	h(mei=s	ἐγώ	e)gw/	urn:cite2:hmt:lsj.chicago_md:n30657	p-p---mv-
ἡμεῖς	h(mei=s	ἐγώ	e)gw/	urn:cite2:hmt:lsj.chicago_md:n30657	p-p---fn-
ἡμεῖς	h(mei=s	ἐγώ	e)gw/	urn:cite2:hmt:lsj.chicago_md:n30657	p-p---fv-
ἡμέραν	h(me/ran	ἥμερος	h(/meros	urn:cite2:hmt:lsj.chicago_md:n47007	a-s---fa-
ἡμέραν	h(me/ran	ἡμέρα	h(me/ra	urn:cite2:hmt:lsj.chicago_md:n46966	n-s---fa-
ἡμέρας	h(me/ras	ἥμερος	h(/meros	urn:cite2:hmt:lsj.chicago_md:n47007	a-p---fa-
ἡμέρας	h(me/ras	ἥμερος	h(/meros	urn:cite2:hmt:lsj.chicago_md:n47007	a-s---fg-
ἡμέρας	h(me/ras	ἡμέρα	h(me/ra	urn:cite2:hmt:lsj.chicago_md:n46966	n-p---fa-
ἡμέρας	h(me/ras	ἡμέρα	h(me/ra	urn:cite2:hmt:lsj.chicago_md:n46966	n-s---fg-
ἡμέρᾳ	h(me/ra|	ἥμερος	h(/meros	urn:cite2:hmt:lsj.chicago_md:n47007	a-s---fd-
ἡμέρᾳ	h(me/ra|	ἡμέρα	h(me/ra	urn:cite2:hmt:lsj.chicago_md:n46966	n-p---fn-
ἡμέρᾳ	h(me/ra|	ἡμέρα	h(me/ra	urn:cite2:hmt:lsj.chicago_md:n46966	n-p---fv-
ἡμέρᾳ	h(me/ra|	ἡμέρα	h(me/ra	urn:cite2:hmt:lsj.chicago_md:n46966	n-s---fd-
ἡμίν	h(mi/n	ἐγώ	e)gw/	urn:cite2:hmt:lsj.chicago_md:n30657	p-p---md-
ἡμίν	h(mi/n	ἐγώ	e)gw/	urn:cite2:hmt:lsj.chicago_md:n30657	p-p---fd-
ἡμᾶς	h(ma=s	ἐγώ	e)gw/	urn:cite2:hmt:lsj.chicago_md:n30657	p-p---ma-
ἡμᾶς	h(ma=s	ἐγώ	e)gw/	urn:cite2:hmt:lsj.chicago_md:n30657	p-p---fa-
ἡμᾶς	h(ma=s	ἡμός	h(mo/s	urn:cite2:hmt:lsj.chicago_md:n47379	a-s---fg-
ἡμῖν	h(mi=n	ἐγώ	e)gw/	urn:cite2:hmt:lsj.chicago_md:n30657	p-p---md-
ἡμῖν	h(mi=n	ἐγώ	e)gw/	urn:cite2:hmt:lsj.chicago_md:n30657	p-p---fd-
ἡνίκα	h(ni/ka	ἡνίκα	h(ni/ka	urn:cite2:hmt:lsj.chicago_md:n47405	d--------
ἤ	h)/	ἤ1	h)/	urn:cite2:hmt:lsj.chicago_md:n46568	c--------
ἤ	h)/	ἤ1	h)/	urn:cite2:hmt:lsj.chicago_md:n46569	c--------
ἤ	h)/	ἤ1	h)/	urn:cite2:hmt:lsj.chicago_md:n46570	c--------
ἤ	h)/	ἤ2	h)/	urn:cite2:hmt:lsj.chicago_md:n46568	x--------
ἤ	h)/	ἤ2	h)/	urn:cite2:hmt:lsj.chicago_md:n46569	x--------
ἤ	h)/	ἤ2	h)/	urn:cite2:hmt:lsj.chicago_md:n46570	x--------
ἤδη	h)/dh	ἤδη	h)/dh	urn:cite2:hmt:lsj.chicago_md:n46646	d--------
ἤδη	h)/dh	ἦδος	h)=dos	urn:cite2:hmt:lsj.chicago_md:n46654	n-p---nn-
ἤδη	h)/dh	ἦδος	h)=dos	urn:cite2:hmt:lsj.chicago_md:n46654	n-p---nv-
ἤδη	h)/dh	ἦδος	h)=dos	urn:cite2:hmt:lsj.chicago_md:n46654	n-p---na-
ἤδη	h)/dh	ἦδος	h)=dos	urn:cite2:hmt:lsj.chicago_md:n46654	n-d---nn-
ἤδη	h)/dh	ἦδος	h)=dos	urn:cite2:hmt:lsj.chicago_md:n46654	n-d---nv-
ἤδη	h)/dh	ἦδος	h)=dos	urn:cite2:hmt:lsj.chicago_md:n46654	n-d---na-
ἤκουσας	h)/kousas	ἀκούω	a)kou/w	urn:cite2:hmt:lsj.chicago_md:n3398	v2saia---
ἤκουσε	h)/kouse	ἀκούω	a)kou/w	urn:cite2:hmt:lsj.chicago_md:n3398	v3saia---
ἤκουσεν	h)/kousen	ἀκούω	a)kou/w	urn:cite2:hmt:lsj.chicago_md:n3398	v3saia---
ἤν	h)/n	ἐάν	e)a/n	urn:cite2:hmt:lsj.chicago_md:n29859	c--------
ἤν	h)/n	ἤν	h)/n	urn:cite2:hmt:lsj.chicago_md:n47387	x--------
ἤν	h)/n	ἤν	h)/n	urn:cite2:hmt:lsj.chicago_md:n47388	x--------
ἤνθηκεν	h)/nqhken	ἀνατίθημι	a)nati/qhmi	urn:cite2:hmt:lsj.chicago_md:n7618	v3saia---
ἤνθηκεν	h)/nqhken	ἀνθέω	a)nqe/w	urn:cite2:hmt:lsj.chicago_md:n8741	v3plia---
ἤνθηκεν	h)/nqhken	ἀνθέω	a)nqe/w	urn:cite2:hmt:lsj.chicago_md:n8741	v3sria---
ἤνυτον	h)/nuton	ἀνύω	a)nu/w	urn:cite2:hmt:lsj.chicago_md:n10921	v3piia---
ἤνυτον	h)/nuton	ἀνύω	a)nu/w	urn:cite2:hmt:lsj.chicago_md:n10921	v1siia---
ἤτοι	h)/toi	ἤτοι	h)/toi	urn:cite2:hmt:lsj.chicago_md:n47642	g--------
ἤυσ’	h)/us'	αὔω2	au)/w	urn:cite2:hmt:lsj.chicago_md:n18080	v1saia---
ἤυσ’	h)/us'	αὔω2	au)/w	urn:cite2:hmt:lsj.chicago_md:n18081	v1saia---
ἤυσ’	h)/us'	αὔω2	au)/w	urn:cite2:hmt:lsj.chicago_md:n18082	v1saia---
ἤυσ’	h)/us'	αὔω2	au)/w	urn:cite2:hmt:lsj.chicago_md:n18080	v3saia---
ἤυσ’	h)/us'	αὔω2	au)/w	urn:cite2:hmt:lsj.chicago_md:n18081	v3saia---
ἤυσ’	h)/us'	αὔω2	au)/w	urn:cite2:hmt:lsj.chicago_md:n18082	v3saia---
ἥ	h(/	ὁ	o(	urn:cite2:hmt:lsj.chicago_md:n71882	l-s---fn-
ἥ	h(/	ὁ	o(	urn:cite2:hmt:lsj.chicago_md:n71882	l-s---fv-
ἥ	h(/	ὅς	o(/s	urn:cite2:hmt:lsj.chicago_md:n75512	p-s---fn-
ἥ	h(/	ὅς	o(/s	urn:cite2:hmt:lsj.chicago_md:n75513	p-s---fn-
ἥβην	h(/bhn	ἅπτω	a(/ptw	urn:cite2:hmt:lsj.chicago_md:n14568	v3paip---
ἥβην	h(/bhn	ἅπτω	a(/ptw	urn:cite2:hmt:lsj.chicago_md:n14568	v1saip---
ἥβην	h(/bhn	ἥβη	h(/bh	urn:cite2:hmt:lsj.chicago_md:n46581	n-s---fa-
ἥβην	h(/bhn	ἡβάω	h(ba/w	urn:cite2:hmt:lsj.chicago_md:n46580	v3piia---
ἥβην	h(/bhn	ἡβάω	h(ba/w	urn:cite2:hmt:lsj.chicago_md:n46580	v1siia---
ἥβην	h(/bhn	ἡβάω	h(ba/w	urn:cite2:hmt:lsj.chicago_md:n46580	v3piia---
ἥβην	h(/bhn	ἡβάω	h(ba/w	urn:cite2:hmt:lsj.chicago_md:n46580	v1siia---
ἥδε	h(/de	ὅδε	o(/de	urn:cite2:hmt:lsj.chicago_md:n72010	n-s---fn-
ἥδιστα	h(/dista	ἡδύς	h(du/s	urn:cite2:hmt:lsj.chicago_md:n46712	a-p---nn-
ἥδιστα	h(/dista	ἡδύς	h(du/s	urn:cite2:hmt:lsj.chicago_md:n46712	a-p---nv-
ἥδιστα	h(/dista	ἡδύς	h(du/s	urn:cite2:hmt:lsj.chicago_md:n46712	a-p---na-
ἥδιστον	h(/diston	ἡδύς	h(du/s	urn:cite2:hmt:lsj.chicago_md:n46712	a-s---ma-
ἥδιστον	h(/diston	ἡδύς	h(du/s	urn:cite2:hmt:lsj.chicago_md:n46712	a-s---nn-
ἥδιστον	h(/diston	ἡδύς	h(du/s	urn:cite2:hmt:lsj.chicago_md:n46712	a-s---nv-
ἥδιστον	h(/diston	ἡδύς	h(du/s	urn:cite2:hmt:lsj.chicago_md:n46712	a-s---na-
ἥδομαι	h(/domai	ἥδομαι	h(/domai	urn:cite2:hmt:lsj.chicago_md:n46648	v1spie---
ἥκει	h(/kei	ἥκω	h(/kw	urn:cite2:hmt:lsj.chicago_md:n46804	v2spie---
ἥκει	h(/kei	ἥκω	h(/kw	urn:cite2:hmt:lsj.chicago_md:n46804	v3spia---
ἥκεις	h(/keis	ἥκω	h(/kw	urn:cite2:hmt:lsj.chicago_md:n46804	v2spia---
ἥκιστα	h(/kista	ἥκιστος	h(/kistos	urn:cite2:hmt:lsj.chicago_md:n46802	a-p---nn-
ἥκιστα	h(/kista	ἥκιστος	h(/kistos	urn:cite2:hmt:lsj.chicago_md:n46802	a-p---nv-
ἥκιστα	h(/kista	ἥκιστος	h(/kistos	urn:cite2:hmt:lsj.chicago_md:n46802	a-p---na-
ἥκω	h(/kw	ἥκω	h(/kw	urn:cite2:hmt:lsj.chicago_md:n46804	v1spsa---
ἥκω	h(/kw	ἥκω	h(/kw	urn:cite2:hmt:lsj.chicago_md:n46804	v1spia---
ἥκω	h(/kw	ἵημι	i(/hmi	urn:cite2:hmt:lsj.chicago_md:n50165	v2saim---
ἥκω	h(/kw	ἵημι	i(/hmi	urn:cite2:hmt:lsj.chicago_md:n50165	v2saim---
ἥμαρτε	h(/marte	ἁμαρτάνω	a(marta/nw	urn:cite2:hmt:lsj.chicago_md:n4958	v3saia---
ἥμαρτεν	h(/marten	ἁμαρτάνω	a(marta/nw	urn:cite2:hmt:lsj.chicago_md:n4958	v3saia---
ἥμαρτον	h(/marton	ἁμαρτάνω	a(marta/nw	urn:cite2:hmt:lsj.chicago_md:n4958	v3paia---
ἥμαρτον	h(/marton	ἁμαρτάνω	a(marta/nw	urn:cite2:hmt:lsj.chicago_md:n4958	v1saia---
ἥμην	h(/mhn	ἧμαι	h(=mai	urn:cite2:hmt:lsj.chicago_md:n46954	v1slim---
ἥμην	h(/mhn	κάθημαι	ka/qhmai	urn:cite2:hmt:lsj.chicago_md:n51800	v1siim---
ἥν	h(/n	ὅς	o(/s	urn:cite2:hmt:lsj.chicago_md:n75512	p-s---fa-
ἥν	h(/n	ὅς	o(/s	urn:cite2:hmt:lsj.chicago_md:n75513	p-s---fa-
ἥξειν	h(/cein	ἥκω	h(/kw	urn:cite2:hmt:lsj.chicago_md:n46804	v--fna---
ἥξοντα	h(/conta	ἥκω	h(/kw	urn:cite2:hmt:lsj.chicago_md:n46804	v-pfpann-
ἥξοντα	h(/conta	ἥκω	h(/kw	urn:cite2:hmt:lsj.chicago_md:n46804	v-pfpanv-
ἥξοντα	h(/conta	ἥκω	h(/kw	urn:cite2:hmt:lsj.chicago_md:n46804	v-pfpana-
ἥξοντα	h(/conta	ἥκω	h(/kw	urn:cite2:hmt:lsj.chicago_md:n46804	v-sfpama-
ἥσσων	h(/sswn	ἥσσων	h(/sswn	urn:cite2:hmt:lsj.chicago_md:n47617	a-s---mn-
ἥσσων	h(/sswn	ἥσσων	h(/sswn	urn:cite2:hmt:lsj.chicago_md:n47617	a-s---fn-
ἥτις	h(/tis	ὅστις	o(/stis	urn:cite2:hmt:lsj.chicago_md:n75598	p-s---fn-
ἦ	h)=	εἰμί	ei)mi/	urn:cite2:hmt:lsj.chicago_md:n31130	v1siia---
ἦ	h)=	ἦ	h)=	urn:cite2:hmt:lsj.chicago_md:n46571	d--------
ἦ	h)=	ἦ	h)=	urn:cite2:hmt:lsj.chicago_md:n46571a	d--------
ἦ	h)=	ἦ	h)=	urn:cite2:hmt:lsj.chicago_md:n46572	d--------
ἦ	h)=	ἠμί	h)mi/	urn:cite2:hmt:lsj.chicago_md:n47031	v3siia---
ἦλθε	h)=lqe	ἔρχομαι	e)/rxomai	urn:cite2:hmt:lsj.chicago_md:n42827	v3saia---
ἦλθε	h)=lqe	ἔρχομαι	e)/rxomai	urn:cite2:hmt:lsj.chicago_md:n42827	v3saia---
ἦλθον	h)=lqon	ἔρχομαι	e)/rxomai	urn:cite2:hmt:lsj.chicago_md:n42827	v3paia---
ἦλθον	h)=lqon	ἔρχομαι	e)/rxomai	urn:cite2:hmt:lsj.chicago_md:n42827	v1saia---
ἦμος	h)=mos	ἦμος	h)=mos	urn:cite2:hmt:lsj.chicago_md:n47379	d--------
ἦν	h)=n	εἰμί	ei)mi/	urn:cite2:hmt:lsj.chicago_md:n31130	v1siia---
ἦν	h)=n	εἰμί	ei)mi/	urn:cite2:hmt:lsj.chicago_md:n31130	v3piia---
ἦν	h)=n	εἰμί	ei)mi/	urn:cite2:hmt:lsj.chicago_md:n31130	v3siia---
ἦν	h)=n	ἠμί	h)mi/	urn:cite2:hmt:lsj.chicago_md:n47031	v1siia---
ἦρξεν	h)=rcen	ἄρχω	a)/rxw	urn:cite2:hmt:lsj.chicago_md:n16051	v3saia---
ἦρξεν	h)=rcen	ἔρδω	e)/rdw	urn:cite2:hmt:lsj.chicago_md:n42230	v3saia---
ἦσαν	h)=san	εἰμί	ei)mi/	urn:cite2:hmt:lsj.chicago_md:n31130	v3piia---
ἧκε	h(=ke	ἥκω	h(/kw	urn:cite2:hmt:lsj.chicago_md:n46804	v3siia---
ἧκε	h(=ke	ἥκω	h(/kw	urn:cite2:hmt:lsj.chicago_md:n46804	v2spma---
ἧκε	h(=ke	ἥκω	h(/kw	urn:cite2:hmt:lsj.chicago_md:n46804	v3siia---
ἧκε	h(=ke	ἵημι	i(/hmi	urn:cite2:hmt:lsj.chicago_md:n50165	v3saia---
ἧκε	h(=ke	ἵημι	i(/hmi	urn:cite2:hmt:lsj.chicago_md:n50165	v3saia---
ἧκεν	h(=ken	ἥκω	h(/kw	urn:cite2:hmt:lsj.chicago_md:n46804	v3siia---
ἧκεν	h(=ken	ἥκω	h(/kw	urn:cite2:hmt:lsj.chicago_md:n46804	v3siia---
ἧκεν	h(=ken	ἵημι	i(/hmi	urn:cite2:hmt:lsj.chicago_md:n50165	v3saia---
ἧκεν	h(=ken	ἵημι	i(/hmi	urn:cite2:hmt:lsj.chicago_md:n50165	v3saia---
ἧπαρ	h(=par	ἧπαρ	h(=par	urn:cite2:hmt:lsj.chicago_md:n47442	n-s---nn-
ἧπαρ	h(=par	ἧπαρ	h(=par	urn:cite2:hmt:lsj.chicago_md:n47442	n-s---nv-
ἧπαρ	h(=par	ἧπαρ	h(=par	urn:cite2:hmt:lsj.chicago_md:n47442	n-s---na-
ἧπταί	h(=ptai/	ἅπτω	a(/ptw	urn:cite2:hmt:lsj.chicago_md:n14568	v3srie---
ἧς	h(=s	εἷς	ei(=s	urn:cite2:hmt:lsj.chicago_md:n31236	n-s---mn-
ἧς	h(=s	ὅς	o(/s	urn:cite2:hmt:lsj.chicago_md:n75512	p-s---fg-
ἧς	h(=s	ὅς	o(/s	urn:cite2:hmt:lsj.chicago_md:n75513	p-s---fg-
ἧστο	h(=sto	ἧμαι	h(=mai	urn:cite2:hmt:lsj.chicago_md:n46954	v3slim---
Ἡρακλείας	*(hraklei/as	Ἡράκλειος	*(hra/kleios	urn:cite2:hmt:lsj.chicago_md:n47515	a-p---fa-
Ἡρακλείας	*(hraklei/as	Ἡράκλειος	*(hra/kleios	urn:cite2:hmt:lsj.chicago_md:n47515	a-s---fg-
Ἡρακλείοις	*(hraklei/ois	Ἡράκλειος	*(hra/kleios	urn:cite2:hmt:lsj.chicago_md:n47515	a-p---md-
Ἡρακλείοις	*(hraklei/ois	Ἡράκλειος	*(hra/kleios	urn:cite2:hmt:lsj.chicago_md:n47515	a-p---nd-
Ἡρακλείοις	*(hraklei/ois	Ἡράκλειος	*(hra/kleios	urn:cite2:hmt:lsj.chicago_md:n47515	n-p---md-
Ἡρακλείοις	*(hraklei/ois	Ἡράκλειος	*(hra/kleios	urn:cite2:hmt:lsj.chicago_md:n47515	n-p---fd-
Ἡρακλείοις	*(hraklei/ois	Ἡράκλειος	*(hra/kleios	urn:cite2:hmt:lsj.chicago_md:n47515	n-p---nd-
Ἡρακλείων	*(hraklei/wn	Ἡράκλειος	*(hra/kleios	urn:cite2:hmt:lsj.chicago_md:n47515	a-p---fg-
Ἡρακλείων	*(hraklei/wn	Ἡράκλειος	*(hra/kleios	urn:cite2:hmt:lsj.chicago_md:n47515	a-p---mg-
Ἡρακλείων	*(hraklei/wn	Ἡράκλειος	*(hra/kleios	urn:cite2:hmt:lsj.chicago_md:n47515	a-p---ng-
Ἡρακλείων	*(hraklei/wn	Ἡράκλειος	*(hra/kleios	urn:cite2:hmt:lsj.chicago_md:n47515	n-p---mg-
Ἡρακλείων	*(hraklei/wn	Ἡράκλειος	*(hra/kleios	urn:cite2:hmt:lsj.chicago_md:n47515	n-p---fg-
Ἡρακλείων	*(hraklei/wn	Ἡράκλειος	*(hra/kleios	urn:cite2:hmt:lsj.chicago_md:n47515	n-p---ng-
Ἡρακλεῖ	*(hraklei=	Ἡρακλῆς	*(hraklh=s	urn:cite2:hmt:lsj.chicago_md:n47522	n-s---md-
Ἡρακλέους	*(hrakle/ous	Ἡρακλῆς	*(hraklh=s	urn:cite2:hmt:lsj.chicago_md:n47522	n-s---mg-
Ἡρακλῆς	*(hraklh=s	Ἡρακλῆς	*(hraklh=s	urn:cite2:hmt:lsj.chicago_md:n47522	n-s---mn-
Ἡράκλειον	*(hra/kleion	Ἡράκλειος	*(hra/kleios	urn:cite2:hmt:lsj.chicago_md:n47515	a-s---ma-
Ἡράκλειον	*(hra/kleion	Ἡράκλειος	*(hra/kleios	urn:cite2:hmt:lsj.chicago_md:n47515	a-s---nn-
Ἡράκλειον	*(hra/kleion	Ἡράκλειος	*(hra/kleios	urn:cite2:hmt:lsj.chicago_md:n47515	a-s---nv-
Ἡράκλειον	*(hra/kleion	Ἡράκλειος	*(hra/kleios	urn:cite2:hmt:lsj.chicago_md:n47515	a-s---na-
Ἡράκλειον	*(hra/kleion	Ἡράκλειος	*(hra/kleios	urn:cite2:hmt:lsj.chicago_md:n47515	n-s---ma-
Ἡράκλειον	*(hra/kleion	Ἡράκλειος	*(hra/kleios	urn:cite2:hmt:lsj.chicago_md:n47515	n-s---fa-
Ἡράκλειον	*(hra/kleion	Ἡράκλειος	*(hra/kleios	urn:cite2:hmt:lsj.chicago_md:n47515	n-s---nn-
Ἡράκλειον	*(hra/kleion	Ἡράκλειος	*(hra/kleios	urn:cite2:hmt:lsj.chicago_md:n47515	n-s---nv-
Ἡράκλειον	*(hra/kleion	Ἡράκλειος	*(hra/kleios	urn:cite2:hmt:lsj.chicago_md:n47515	n-s---na-
ἰατορίας	i)atori/as	ἰατορία	i)atori/a	urn:cite2:hmt:lsj.chicago_md:n49739	n-p---fa-
ἰατορίας	i)atori/as	ἰατορία	i)atori/a	urn:cite2:hmt:lsj.chicago_md:n49739	n-s---fg-
ἰατῆρα	i)ath=ra	ἰατήρ	i)ath/r	urn:cite2:hmt:lsj.chicago_md:n49735	n-s---ma-
ἰδεῖν	i)dei=n	εἶδον	ei)=don	urn:cite2:hmt:lsj.chicago_md:n30859a	v--ana---
ἰδοίμην	i)doi/mhn	εἶδον	ei)=don	urn:cite2:hmt:lsj.chicago_md:n30859a	v1saom---
ἰδού	i)dou/	ἰδού	i)dou/	urn:cite2:hmt:lsj.chicago_md:n49924	d--------
ἰδοῦσα	i)dou=sa	εἶδον	ei)=don	urn:cite2:hmt:lsj.chicago_md:n30859a	v-sapafn-
ἰδοῦσα	i)dou=sa	εἶδον	ei)=don	urn:cite2:hmt:lsj.chicago_md:n30859a	v-sapafv-
ἰδών	i)dw/n	εἶδον	ei)=don	urn:cite2:hmt:lsj.chicago_md:n30859a	v-sapamn-
ἰού	i)ou/	ἰού	i)ou/	urn:cite2:hmt:lsj.chicago_md:n50615	x--------
ἰούς	i)ou/s	ἰόσ1	i)o/s	urn:cite2:hmt:lsj.chicago_md:n50605	n-p---ma-
ἰούς	i)ou/s	ἰόσ1	i)o/s	urn:cite2:hmt:lsj.chicago_md:n50606	n-p---ma-
ἰούς	i)ou/s	ἰόσ1	i)o/s	urn:cite2:hmt:lsj.chicago_md:n50607	n-p---ma-
ἰούς	i)ou/s	ἰόσ1	i)o/s	urn:cite2:hmt:lsj.chicago_md:n50608	n-p---ma-
ἰούς	i)ou/s	ἰόσ2	i)o/s	urn:cite2:hmt:lsj.chicago_md:n50605	n-p---ma-
ἰούς	i)ou/s	ἰόσ2	i)o/s	urn:cite2:hmt:lsj.chicago_md:n50606	n-p---ma-
ἰούς	i)ou/s	ἰόσ2	i)o/s	urn:cite2:hmt:lsj.chicago_md:n50607	n-p---ma-
ἰούς	i)ou/s	ἰόσ2	i)o/s	urn:cite2:hmt:lsj.chicago_md:n50608	n-p---ma-
ἰοῦ	i)ou=	ἰάομαι	i)a/omai	urn:cite2:hmt:lsj.chicago_md:n49705	v2siie---
ἰοῦ	i)ou=	ἰάομαι	i)a/omai	urn:cite2:hmt:lsj.chicago_md:n49705	v2spme---
ἰοῦ	i)ou=	ἰόομαι	i)o/omai	urn:cite2:hmt:lsj.chicago_md:n50599	v2siie---
ἰοῦ	i)ou=	ἰόομαι	i)o/omai	urn:cite2:hmt:lsj.chicago_md:n50599	v2spme---
ἰοῦ	i)ou=	ἰόομαι	i)o/omai	urn:cite2:hmt:lsj.chicago_md:n50599	v2siie---
ἰοῦ	i)ou=	ἰόσ1	i)o/s	urn:cite2:hmt:lsj.chicago_md:n50605	n-s---mg-
ἰοῦ	i)ou=	ἰόσ1	i)o/s	urn:cite2:hmt:lsj.chicago_md:n50606	n-s---mg-
ἰοῦ	i)ou=	ἰόσ1	i)o/s	urn:cite2:hmt:lsj.chicago_md:n50607	n-s---mg-
ἰοῦ	i)ou=	ἰόσ1	i)o/s	urn:cite2:hmt:lsj.chicago_md:n50608	n-s---mg-
ἰοῦ	i)ou=	ἰόσ1	i)o/s	urn:cite2:hmt:lsj.chicago_md:n50605	n-s---ng-
ἰοῦ	i)ou=	ἰόσ1	i)o/s	urn:cite2:hmt:lsj.chicago_md:n50606	n-s---ng-
ἰοῦ	i)ou=	ἰόσ1	i)o/s	urn:cite2:hmt:lsj.chicago_md:n50607	n-s---ng-
ἰοῦ	i)ou=	ἰόσ1	i)o/s	urn:cite2:hmt:lsj.chicago_md:n50608	n-s---ng-
ἰοῦ	i)ou=	ἰόσ2	i)o/s	urn:cite2:hmt:lsj.chicago_md:n50605	n-s---mg-
ἰοῦ	i)ou=	ἰόσ2	i)o/s	urn:cite2:hmt:lsj.chicago_md:n50606	n-s---mg-
ἰοῦ	i)ou=	ἰόσ2	i)o/s	urn:cite2:hmt:lsj.chicago_md:n50607	n-s---mg-
ἰοῦ	i)ou=	ἰόσ2	i)o/s	urn:cite2:hmt:lsj.chicago_md:n50608	n-s---mg-
ἰοῦ	i)ou=	ἰόω	i)o/w	urn:cite2:hmt:lsj.chicago_md:n50599	v2siie---
ἰοῦ	i)ou=	ἰόω	i)o/w	urn:cite2:hmt:lsj.chicago_md:n50599	v2spme---
ἰοῦ	i)ou=	ἰόω	i)o/w	urn:cite2:hmt:lsj.chicago_md:n50599	v2siie---
ἰοῦ	i)ou=	ἰού	i)ou/	urn:cite2:hmt:lsj.chicago_md:n50615	x--------
ἰσχύοντά	i)sxu/onta/	ἰσχύω	i)sxu/w	urn:cite2:hmt:lsj.chicago_md:n51368	v-pppann-
ἰσχύοντά	i)sxu/onta/	ἰσχύω	i)sxu/w	urn:cite2:hmt:lsj.chicago_md:n51368	v-pppanv-
ἰσχύοντά	i)sxu/onta/	ἰσχύω	i)sxu/w	urn:cite2:hmt:lsj.chicago_md:n51368	v-pppana-
ἰσχύοντά	i)sxu/onta/	ἰσχύω	i)sxu/w	urn:cite2:hmt:lsj.chicago_md:n51368	v-sppama-
ἰόν	i)o/n	εἶμι	ei)=mi	urn:cite2:hmt:lsj.chicago_md:n31131	v-sppamv-
ἰόν	i)o/n	εἶμι	ei)=mi	urn:cite2:hmt:lsj.chicago_md:n31131	v-sppann-
ἰόν	i)o/n	εἶμι	ei)=mi	urn:cite2:hmt:lsj.chicago_md:n31131	v-sppanv-
ἰόν	i)o/n	εἶμι	ei)=mi	urn:cite2:hmt:lsj.chicago_md:n31131	v-sppana-
ἰόν	i)o/n	εἰμί	ei)mi/	urn:cite2:hmt:lsj.chicago_md:n31130	v-sppamv-
ἰόν	i)o/n	εἰμί	ei)mi/	urn:cite2:hmt:lsj.chicago_md:n31130	v-sppann-
ἰόν	i)o/n	εἰμί	ei)mi/	urn:cite2:hmt:lsj.chicago_md:n31130	v-sppanv-
ἰόν	i)o/n	εἰμί	ei)mi/	urn:cite2:hmt:lsj.chicago_md:n31130	v-sppana-
ἰόν	i)o/n	ἰόσ1	i)o/s	urn:cite2:hmt:lsj.chicago_md:n50605	n-s---ma-
ἰόν	i)o/n	ἰόσ1	i)o/s	urn:cite2:hmt:lsj.chicago_md:n50606	n-s---ma-
ἰόν	i)o/n	ἰόσ1	i)o/s	urn:cite2:hmt:lsj.chicago_md:n50607	n-s---ma-
ἰόν	i)o/n	ἰόσ1	i)o/s	urn:cite2:hmt:lsj.chicago_md:n50608	n-s---ma-
ἰόν	i)o/n	ἰόσ1	i)o/s	urn:cite2:hmt:lsj.chicago_md:n50605	n-s---nn-
ἰόν	i)o/n	ἰόσ1	i)o/s	urn:cite2:hmt:lsj.chicago_md:n50606	n-s---nn-
ἰόν	i)o/n	ἰόσ1	i)o/s	urn:cite2:hmt:lsj.chicago_md:n50607	n-s---nn-
ἰόν	i)o/n	ἰόσ1	i)o/s	urn:cite2:hmt:lsj.chicago_md:n50608	n-s---nn-
ἰόν	i)o/n	ἰόσ1	i)o/s	urn:cite2:hmt:lsj.chicago_md:n50605	n-s---nv-
ἰόν	i)o/n	ἰόσ1	i)o/s	urn:cite2:hmt:lsj.chicago_md:n50606	n-s---nv-
ἰόν	i)o/n	ἰόσ1	i)o/s	urn:cite2:hmt:lsj.chicago_md:n50607	n-s---nv-
ἰόν	i)o/n	ἰόσ1	i)o/s	urn:cite2:hmt:lsj.chicago_md:n50608	n-s---nv-
ἰόν	i)o/n	ἰόσ1	i)o/s	urn:cite2:hmt:lsj.chicago_md:n50605	n-s---na-
ἰόν	i)o/n	ἰόσ1	i)o/s	urn:cite2:hmt:lsj.chicago_md:n50606	n-s---na-
ἰόν	i)o/n	ἰόσ1	i)o/s	urn:cite2:hmt:lsj.chicago_md:n50607	n-s---na-
ἰόν	i)o/n	ἰόσ1	i)o/s	urn:cite2:hmt:lsj.chicago_md:n50608	n-s---na-
ἰόν	i)o/n	ἰόσ2	i)o/s	urn:cite2:hmt:lsj.chicago_md:n50605	n-s---ma-
ἰόν	i)o/n	ἰόσ2	i)o/s	urn:cite2:hmt:lsj.chicago_md:n50606	n-s---ma-
ἰόν	i)o/n	ἰόσ2	i)o/s	urn:cite2:hmt:lsj.chicago_md:n50607	n-s---ma-
ἰόν	i)o/n	ἰόσ2	i)o/s	urn:cite2:hmt:lsj.chicago_md:n50608	n-s---ma-
ἰός	i)o/s	ἰόσ1	i)o/s	urn:cite2:hmt:lsj.chicago_md:n50605	n-s---mn-
ἰός	i)o/s	ἰόσ1	i)o/s	urn:cite2:hmt:lsj.chicago_md:n50606	n-s---mn-
ἰός	i)o/s	ἰόσ1	i)o/s	urn:cite2:hmt:lsj.chicago_md:n50607	n-s---mn-
ἰός	i)o/s	ἰόσ1	i)o/s	urn:cite2:hmt:lsj.chicago_md:n50608	n-s---mn-
ἰός	i)o/s	ἰόσ2	i)o/s	urn:cite2:hmt:lsj.chicago_md:n50605	n-s---mn-
ἰός	i)o/s	ἰόσ2	i)o/s	urn:cite2:hmt:lsj.chicago_md:n50606	n-s---mn-
ἰός	i)o/s	ἰόσ2	i)o/s	urn:cite2:hmt:lsj.chicago_md:n50607	n-s---mn-
ἰός	i)o/s	ἰόσ2	i)o/s	urn:cite2:hmt:lsj.chicago_md:n50608	n-s---mn-
ἰύζων	i)u/zwn	ἰύζω	i)u/zw	urn:cite2:hmt:lsj.chicago_md:n51420	v-sppamn-
ἰώ	i)w/	ἰόσ1	i)o/s	urn:cite2:hmt:lsj.chicago_md:n50605	n-d---mn-
ἰώ	i)w/	ἰόσ1	i)o/s	urn:cite2:hmt:lsj.chicago_md:n50606	n-d---mn-
ἰώ	i)w/	ἰόσ1	i)o/s	urn:cite2:hmt:lsj.chicago_md:n50607	n-d---mn-
ἰώ	i)w/	ἰόσ1	i)o/s	urn:cite2:hmt:lsj.chicago_md:n50608	n-d---mn-
ἰώ	i)w/	ἰόσ1	i)o/s	urn:cite2:hmt:lsj.chicago_md:n50605	n-d---mv-
ἰώ	i)w/	ἰόσ1	i)o/s	urn:cite2:hmt:lsj.chicago_md:n50606	n-d---mv-
ἰώ	i)w/	ἰόσ1	i)o/s	urn:cite2:hmt:lsj.chicago_md:n50607	n-d---mv-
ἰώ	i)w/	ἰόσ1	i)o/s	urn:cite2:hmt:lsj.chicago_md:n50608	n-d---mv-
ἰώ	i)w/	ἰόσ1	i)o/s	urn:cite2:hmt:lsj.chicago_md:n50605	n-d---ma-
ἰώ	i)w/	ἰόσ1	i)o/s	urn:cite2:hmt:lsj.chicago_md:n50606	n-d---ma-
ἰώ	i)w/	ἰόσ1	i)o/s	urn:cite2:hmt:lsj.chicago_md:n50607	n-d---ma-
ἰώ	i)w/	ἰόσ1	i)o/s	urn:cite2:hmt:lsj.chicago_md:n50608	n-d---ma-
ἰώ	i)w/	ἰόσ1	i)o/s	urn:cite2:hmt:lsj.chicago_md:n50605	n-d---nn-
ἰώ	i)w/	ἰόσ1	i)o/s	urn:cite2:hmt:lsj.chicago_md:n50606	n-d---nn-
ἰώ	i)w/	ἰόσ1	i)o/s	urn:cite2:hmt:lsj.chicago_md:n50607	n-d---nn-
ἰώ	i)w/	ἰόσ1	i)o/s	urn:cite2:hmt:lsj.chicago_md:n50608	n-d---nn-
ἰώ	i)w/	ἰόσ1	i)o/s	urn:cite2:hmt:lsj.chicago_md:n50605	n-d---nv-
ἰώ	i)w/	ἰόσ1	i)o/s	urn:cite2:hmt:lsj.chicago_md:n50606	n-d---nv-
ἰώ	i)w/	ἰόσ1	i)o/s	urn:cite2:hmt:lsj.chicago_md:n50607	n-d---nv-
ἰώ	i)w/	ἰόσ1	i)o/s	urn:cite2:hmt:lsj.chicago_md:n50608	n-d---nv-
ἰώ	i)w/	ἰόσ1	i)o/s	urn:cite2:hmt:lsj.chicago_md:n50605	n-d---na-
ἰώ	i)w/	ἰόσ1	i)o/s	urn:cite2:hmt:lsj.chicago_md:n50606	n-d---na-
ἰώ	i)w/	ἰόσ1	i)o/s	urn:cite2:hmt:lsj.chicago_md:n50607	n-d---na-
ἰώ	i)w/	ἰόσ1	i)o/s	urn:cite2:hmt:lsj.chicago_md:n50608	n-d---na-
ἰώ	i)w/	ἰόσ2	i)o/s	urn:cite2:hmt:lsj.chicago_md:n50605	n-d---mn-
ἰώ	i)w/	ἰόσ2	i)o/s	urn:cite2:hmt:lsj.chicago_md:n50606	n-d---mn-
ἰώ	i)w/	ἰόσ2	i)o/s	urn:cite2:hmt:lsj.chicago_md:n50607	n-d---mn-
ἰώ	i)w/	ἰόσ2	i)o/s	urn:cite2:hmt:lsj.chicago_md:n50608	n-d---mn-
ἰώ	i)w/	ἰόσ2	i)o/s	urn:cite2:hmt:lsj.chicago_md:n50605	n-d---mv-
ἰώ	i)w/	ἰόσ2	i)o/s	urn:cite2:hmt:lsj.chicago_md:n50606	n-d---mv-
ἰώ	i)w/	ἰόσ2	i)o/s	urn:cite2:hmt:lsj.chicago_md:n50607	n-d---mv-
ἰώ	i)w/	ἰόσ2	i)o/s	urn:cite2:hmt:lsj.chicago_md:n50608	n-d---mv-
ἰώ	i)w/	ἰόσ2	i)o/s	urn:cite2:hmt:lsj.chicago_md:n50605	n-d---ma-
ἰώ	i)w/	ἰόσ2	i)o/s	urn:cite2:hmt:lsj.chicago_md:n50606	n-d---ma-
ἰώ	i)w/	ἰόσ2	i)o/s	urn:cite2:hmt:lsj.chicago_md:n50607	n-d---ma-
ἰώ	i)w/	ἰόσ2	i)o/s	urn:cite2:hmt:lsj.chicago_md:n50608	n-d---ma-
ἰώ	i)w/	ἰώ	i)w/	urn:cite2:hmt:lsj.chicago_md:n51546	x--------
ἰώ	i)w/	ἰώ	i)w/	urn:cite2:hmt:lsj.chicago_md:n51547	x--------
ἰῴμην	i)w/|mhn	ἰάομαι	i)a/omai	urn:cite2:hmt:lsj.chicago_md:n49705	v1spoe---
ἱδρώς	i(drw/s	ἱδρώς	i(drw/s	urn:cite2:hmt:lsj.chicago_md:n49938	n-s---mn-
ἱδρῦσθαι	i(dru=sqai	ἱδρύω	i(dru/w	urn:cite2:hmt:lsj.chicago_md:n49933	v--rne---
ἱερόν	i(ero/n	ἱερόν	i(ero/n	urn:cite2:hmt:lsj.chicago_md:n50073	n-s---nn-
ἱερόν	i(ero/n	ἱερόν	i(ero/n	urn:cite2:hmt:lsj.chicago_md:n50073	n-s---nv-
ἱερόν	i(ero/n	ἱερόν	i(ero/n	urn:cite2:hmt:lsj.chicago_md:n50073	n-s---na-
ἱερόν	i(ero/n	ἱερός	i(ero/s	urn:cite2:hmt:lsj.chicago_md:n50093	a-s---ma-
ἱερόν	i(ero/n	ἱερός	i(ero/s	urn:cite2:hmt:lsj.chicago_md:n50093	a-s---nn-
ἱερόν	i(ero/n	ἱερός	i(ero/s	urn:cite2:hmt:lsj.chicago_md:n50093	a-s---nv-
ἱερόν	i(ero/n	ἱερός	i(ero/s	urn:cite2:hmt:lsj.chicago_md:n50093	a-s---na-
ἱερόν	i(ero/n	ἱερός	i(ero/s	urn:cite2:hmt:lsj.chicago_md:n50093	n-s---ma-
ἱερόν	i(ero/n	ἱερός	i(ero/s	urn:cite2:hmt:lsj.chicago_md:n50093	n-s---fa-
ἱερόν	i(ero/n	ἱερός	i(ero/s	urn:cite2:hmt:lsj.chicago_md:n50093	n-s---nn-
ἱερόν	i(ero/n	ἱερός	i(ero/s	urn:cite2:hmt:lsj.chicago_md:n50093	n-s---nv-
ἱερόν	i(ero/n	ἱερός	i(ero/s	urn:cite2:hmt:lsj.chicago_md:n50093	n-s---na-
ἱερῶν	i(erw=n	ἱερά	i(era/	urn:cite2:hmt:lsj.chicago_md:n49955	n-p---fg-
ἱερῶν	i(erw=n	ἱεράζω	i(era/zw	urn:cite2:hmt:lsj.chicago_md:n49959	v-sfpamv-
ἱερῶν	i(erw=n	ἱεράζω	i(era/zw	urn:cite2:hmt:lsj.chicago_md:n49959	v-sfpann-
ἱερῶν	i(erw=n	ἱεράζω	i(era/zw	urn:cite2:hmt:lsj.chicago_md:n49959	v-sfpanv-
ἱερῶν	i(erw=n	ἱεράζω	i(era/zw	urn:cite2:hmt:lsj.chicago_md:n49959	v-sfpana-
ἱερῶν	i(erw=n	ἱεράζω	i(era/zw	urn:cite2:hmt:lsj.chicago_md:n49959	v-sfpamn-
ἱερῶν	i(erw=n	ἱερή	i(erh/	urn:cite2:hmt:lsj.chicago_md:n50009	n-p---fg-
ἱερῶν	i(erw=n	ἱερόν	i(ero/n	urn:cite2:hmt:lsj.chicago_md:n50073	n-p---ng-
ἱερῶν	i(erw=n	ἱερός	i(ero/s	urn:cite2:hmt:lsj.chicago_md:n50093	a-p---fg-
ἱερῶν	i(erw=n	ἱερός	i(ero/s	urn:cite2:hmt:lsj.chicago_md:n50093	a-p---mg-
ἱερῶν	i(erw=n	ἱερός	i(ero/s	urn:cite2:hmt:lsj.chicago_md:n50093	a-p---ng-
ἱερῶν	i(erw=n	ἱερός	i(ero/s	urn:cite2:hmt:lsj.chicago_md:n50093	n-p---mg-
ἱερῶν	i(erw=n	ἱερός	i(ero/s	urn:cite2:hmt:lsj.chicago_md:n50093	n-p---fg-
ἱερῶν	i(erw=n	ἱερός	i(ero/s	urn:cite2:hmt:lsj.chicago_md:n50093	n-p---ng-
ἱερῶν	i(erw=n	ἱερόω	i(ero/w	urn:cite2:hmt:lsj.chicago_md:n50137	v-sppamv-
ἱερῶν	i(erw=n	ἱερόω	i(ero/w	urn:cite2:hmt:lsj.chicago_md:n50137	v-sppann-
ἱερῶν	i(erw=n	ἱερόω	i(ero/w	urn:cite2:hmt:lsj.chicago_md:n50137	v-sppanv-
ἱερῶν	i(erw=n	ἱερόω	i(ero/w	urn:cite2:hmt:lsj.chicago_md:n50137	v-sppana-
ἱερῶν	i(erw=n	ἱερόω	i(ero/w	urn:cite2:hmt:lsj.chicago_md:n50137	v-sppamn-
ἱερῶν	i(erw=n	ἱερόω	i(ero/w	urn:cite2:hmt:lsj.chicago_md:n50137	v--pna---
ἱκόμην	i(ko/mhn	ἱκνέομαι	i(kne/omai	urn:cite2:hmt:lsj.chicago_md:n50284	v1saim---
ἱκόμην	i(ko/mhn	ἱκνέομαι	i(kne/omai	urn:cite2:hmt:lsj.chicago_md:n50284	v1saim---
ἱπποβάμονα	i(ppoba/mona	ἱπποβάμων	i(ppoba/mwn	urn:cite2:hmt:lsj.chicago_md:n50729	n-p---nn-
ἱπποβάμονα	i(ppoba/mona	ἱπποβάμων	i(ppoba/mwn	urn:cite2:hmt:lsj.chicago_md:n50729	n-p---nv-
ἱπποβάμονα	i(ppoba/mona	ἱπποβάμων	i(ppoba/mwn	urn:cite2:hmt:lsj.chicago_md:n50729	n-p---na-
ἱπποβάμονα	i(ppoba/mona	ἱπποβάμων	i(ppoba/mwn	urn:cite2:hmt:lsj.chicago_md:n50729	n-s---ma-
ἱπποβάμονα	i(ppoba/mona	ἱπποβάμων	i(ppoba/mwn	urn:cite2:hmt:lsj.chicago_md:n50729	n-s---fa-
ἱστορεῖν	i(storei=n	ἱστορέω	i(store/w	urn:cite2:hmt:lsj.chicago_md:n51256	v--pna---
ἱστορεῖς	i(storei=s	ἱστορέω	i(store/w	urn:cite2:hmt:lsj.chicago_md:n51256	v2spia---
ἱστορούμενος	i(storou/menos	ἱστορέω	i(store/w	urn:cite2:hmt:lsj.chicago_md:n51256	v-sppemn-
ἱστορῶ	i(storw=	ἱστορέω	i(store/w	urn:cite2:hmt:lsj.chicago_md:n51256	v1spsa---
ἱστορῶ	i(storw=	ἱστορέω	i(store/w	urn:cite2:hmt:lsj.chicago_md:n51256	v1spia---
ἱστορῶν	i(storw=n	ἱστορέω	i(store/w	urn:cite2:hmt:lsj.chicago_md:n51256	v-sppamn-
ἱέμενοι	i(e/menoi	ἵημι	i(/hmi	urn:cite2:hmt:lsj.chicago_md:n50165	v-pppmmn-
ἱέμενοι	i(e/menoi	ἵημι	i(/hmi	urn:cite2:hmt:lsj.chicago_md:n50165	v-pppmmv-
ἴδοι	i)/doi	εἶδον	ei)=don	urn:cite2:hmt:lsj.chicago_md:n30859a	v3saoa---
ἴδοιμι	i)/doimi	εἶδον	ei)=don	urn:cite2:hmt:lsj.chicago_md:n30859a	v1saoa---
ἴδριες	i)/dries	ἴδρις	i)/dris	urn:cite2:hmt:lsj.chicago_md:n49926	n-p---mn-
ἴδριες	i)/dries	ἴδρις	i)/dris	urn:cite2:hmt:lsj.chicago_md:n49926	n-p---mv-
ἴδριες	i)/dries	ἴδρις	i)/dris	urn:cite2:hmt:lsj.chicago_md:n49926	n-p---fn-
ἴδριες	i)/dries	ἴδρις	i)/dris	urn:cite2:hmt:lsj.chicago_md:n49926	n-p---fv-
ἴδριες	i)/dries	ἴδρις	i)/dris	urn:cite2:hmt:lsj.chicago_md:n49926	n-p---mn-
ἴδριες	i)/dries	ἴδρις	i)/dris	urn:cite2:hmt:lsj.chicago_md:n49926	n-p---fn-
ἴδ’	i)/d'	εἶδον	ei)=don	urn:cite2:hmt:lsj.chicago_md:n30859a	v2sama---
ἴδ’	i)/d'	εἶδον	ei)=don	urn:cite2:hmt:lsj.chicago_md:n30859a	v3saia---
ἴδ’	i)/d'	ἴδη	i)/dh	urn:cite2:hmt:lsj.chicago_md:n49824	n-s---fd-
ἴδ’	i)/d'	ἴδη	i)/dh	urn:cite2:hmt:lsj.chicago_md:n49825	n-s---fd-
ἴδ’	i)/d'	ἰδέ	i)de/	urn:cite2:hmt:lsj.chicago_md:n49814	d--------
ἴσα	i)/sa	ἴσος	i)/sos	urn:cite2:hmt:lsj.chicago_md:n51148	a-p---nn-
ἴσα	i)/sa	ἴσος	i)/sos	urn:cite2:hmt:lsj.chicago_md:n51148	a-p---nv-
ἴσα	i)/sa	ἴσος	i)/sos	urn:cite2:hmt:lsj.chicago_md:n51148	a-p---na-
ἴσα	i)/sa	ἴσος	i)/sos	urn:cite2:hmt:lsj.chicago_md:n51148	a-d---fn-
ἴσα	i)/sa	ἴσος	i)/sos	urn:cite2:hmt:lsj.chicago_md:n51148	a-d---fv-
ἴσα	i)/sa	ἴσος	i)/sos	urn:cite2:hmt:lsj.chicago_md:n51148	a-d---fa-
ἴσα	i)/sa	ἴσος	i)/sos	urn:cite2:hmt:lsj.chicago_md:n51148	a-s---fn-
ἴσα	i)/sa	ἴσος	i)/sos	urn:cite2:hmt:lsj.chicago_md:n51148	a-s---fv-
ἴσα	i)/sa	ἴσος	i)/sos	urn:cite2:hmt:lsj.chicago_md:n51148	a-d---fn-
ἴσα	i)/sa	ἴσος	i)/sos	urn:cite2:hmt:lsj.chicago_md:n51148	a-d---fv-
ἴσα	i)/sa	ἴσος	i)/sos	urn:cite2:hmt:lsj.chicago_md:n51148	a-d---fa-
ἴσα	i)/sa	ἴσος	i)/sos	urn:cite2:hmt:lsj.chicago_md:n51148	a-s---fn-
ἴσα	i)/sa	ἴσος	i)/sos	urn:cite2:hmt:lsj.chicago_md:n51148	a-s---fv-
ἴσαν	i)/san	εἶμι	ei)=mi	urn:cite2:hmt:lsj.chicago_md:n31131	v3piia---
ἴσαν	i)/san	ἴσος	i)/sos	urn:cite2:hmt:lsj.chicago_md:n51148	a-s---fa-
ἴσαν	i)/san	ἴσος	i)/sos	urn:cite2:hmt:lsj.chicago_md:n51148	a-s---fa-
ἴσαν	i)/san	οἶδα	oi)=da	urn:cite2:hmt:lsj.chicago_md:n72202	v3plia---
ἴσθι	i)/sqi	εἰμί	ei)mi/	urn:cite2:hmt:lsj.chicago_md:n31130	v2spma---
ἴσθι	i)/sqi	οἶδα	oi)=da	urn:cite2:hmt:lsj.chicago_md:n72202	v2srma---
ἴσου	i)/sou	ἴσος	i)/sos	urn:cite2:hmt:lsj.chicago_md:n51148	a-s---mg-
ἴσου	i)/sou	ἴσος	i)/sos	urn:cite2:hmt:lsj.chicago_md:n51148	a-s---ng-
ἴσου	i)/sou	ἴσος	i)/sos	urn:cite2:hmt:lsj.chicago_md:n51148	a-s---mg-
ἴσου	i)/sou	ἴσος	i)/sos	urn:cite2:hmt:lsj.chicago_md:n51148	a-s---ng-
ἴσου	i)/sou	ἰσόω	i)so/w	urn:cite2:hmt:lsj.chicago_md:n51224	v3siia---
ἴσου	i)/sou	ἰσόω	i)so/w	urn:cite2:hmt:lsj.chicago_md:n51224	v2spma---
ἴσου	i)/sou	ἰσόω	i)so/w	urn:cite2:hmt:lsj.chicago_md:n51224	v3siia---
ἴστε	i)/ste	οἶδα	oi)=da	urn:cite2:hmt:lsj.chicago_md:n72202	v2prma---
ἴστε	i)/ste	οἶδα	oi)=da	urn:cite2:hmt:lsj.chicago_md:n72202	v2pria---
ἴστω	i)/stw	οἶδα	oi)=da	urn:cite2:hmt:lsj.chicago_md:n72202	v3srma---
ἴσχε	i)/sxe	ἴσχω	i)/sxw	urn:cite2:hmt:lsj.chicago_md:n51369	v2spma---
ἴσχε	i)/sxe	ἴσχω	i)/sxw	urn:cite2:hmt:lsj.chicago_md:n51369	v3siia---
ἴσχειν	i)/sxein	ἴσχω	i)/sxw	urn:cite2:hmt:lsj.chicago_md:n51369	v--pna---
ἴσχεις	i)/sxeis	ἴσχω	i)/sxw	urn:cite2:hmt:lsj.chicago_md:n51369	v2spia---
ἴσχουσιν	i)/sxousin	ἴσχω	i)/sxw	urn:cite2:hmt:lsj.chicago_md:n51369	v-pppamd-
ἴσχουσιν	i)/sxousin	ἴσχω	i)/sxw	urn:cite2:hmt:lsj.chicago_md:n51369	v-pppand-
ἴσχουσιν	i)/sxousin	ἴσχω	i)/sxw	urn:cite2:hmt:lsj.chicago_md:n51369	v3ppia---
ἴσχ’	i)/sx'	ἴσκω	i)/skw	urn:cite2:hmt:lsj.chicago_md:n50990	v2spma---
ἴσχ’	i)/sx'	ἴσκω	i)/skw	urn:cite2:hmt:lsj.chicago_md:n50991	v2spma---
ἴσχ’	i)/sx'	ἴσκω	i)/skw	urn:cite2:hmt:lsj.chicago_md:n50990	v3siia---
ἴσχ’	i)/sx'	ἴσκω	i)/skw	urn:cite2:hmt:lsj.chicago_md:n50991	v3siia---
ἴσχ’	i)/sx'	ἴσχω	i)/sxw	urn:cite2:hmt:lsj.chicago_md:n51369	v2spma---
ἴσχ’	i)/sx'	ἴσχω	i)/sxw	urn:cite2:hmt:lsj.chicago_md:n51369	v3siia---
ἴσως	i)/sws	ἴσος	i)/sos	urn:cite2:hmt:lsj.chicago_md:n51148	x--------
ἴσως	i)/sws	ἴσος	i)/sos	urn:cite2:hmt:lsj.chicago_md:n51148	a-p---ma-
ἴσως	i)/sws	ἴσος	i)/sos	urn:cite2:hmt:lsj.chicago_md:n51148	x--------
ἴσως	i)/sws	ἴσος	i)/sos	urn:cite2:hmt:lsj.chicago_md:n51148	a-p---ma-
ἴσως	i)/sws	ἴσως	i)/sws	urn:cite2:hmt:lsj.chicago_md:n51373	d--------
ἴσως	i)/sws	ἰσόω	i)so/w	urn:cite2:hmt:lsj.chicago_md:n51224	v2siia---
ἴσως	i)/sws	ἰσόω	i)so/w	urn:cite2:hmt:lsj.chicago_md:n51224	v2siia---
ἴτε	i)/te	εἶμι	ei)=mi	urn:cite2:hmt:lsj.chicago_md:n31131	v2ppma---
ἴτε	i)/te	εἶμι	ei)=mi	urn:cite2:hmt:lsj.chicago_md:n31131	v2ppia---
ἴτω	i)/tw	εἶμι	ei)=mi	urn:cite2:hmt:lsj.chicago_md:n31131	v3spma---
ἴτω	i)/tw	ἴτης	i)/ths	urn:cite2:hmt:lsj.chicago_md:n51394	n-s---mg-
ἴτω	i)/tw	ἴτον	i)/ton	urn:cite2:hmt:lsj.chicago_md:n51398	n-d---nn-
ἴτω	i)/tw	ἴτον	i)/ton	urn:cite2:hmt:lsj.chicago_md:n51398	n-d---nv-
ἴτω	i)/tw	ἴτον	i)/ton	urn:cite2:hmt:lsj.chicago_md:n51398	n-d---na-
ἴτω	i)/tw	ἴτον	i)/ton	urn:cite2:hmt:lsj.chicago_md:n51398	n-s---ng-
ἵγμεθ’	i(/gmeq'	ἱκνέομαι	i(kne/omai	urn:cite2:hmt:lsj.chicago_md:n50284	v1plie---
ἵγμεθ’	i(/gmeq'	ἱκνέομαι	i(kne/omai	urn:cite2:hmt:lsj.chicago_md:n50284	v1prie---
ἵκετ’	i(/ket'	ἵκετις	i(/ketis	urn:cite2:hmt:lsj.chicago_md:n50263	n-s---fv-
ἵκετ’	i(/ket'	ἵκω	i(/kw	urn:cite2:hmt:lsj.chicago_md:n50322	v2piia---
ἵκετ’	i(/ket'	ἵκω	i(/kw	urn:cite2:hmt:lsj.chicago_md:n50322	v2ppma---
ἵκετ’	i(/ket'	ἵκω	i(/kw	urn:cite2:hmt:lsj.chicago_md:n50322	v2ppia---
ἵκετ’	i(/ket'	ἵκω	i(/kw	urn:cite2:hmt:lsj.chicago_md:n50322	v2piia---
ἵκετ’	i(/ket'	ἱκνέομαι	i(kne/omai	urn:cite2:hmt:lsj.chicago_md:n50284	v3saim---
ἵκετ’	i(/ket'	ἱκνέομαι	i(kne/omai	urn:cite2:hmt:lsj.chicago_md:n50284	v2pama---
ἵκετ’	i(/ket'	ἱκνέομαι	i(kne/omai	urn:cite2:hmt:lsj.chicago_md:n50284	v2paia---
ἵκετ’	i(/ket'	ἱκνέομαι	i(kne/omai	urn:cite2:hmt:lsj.chicago_md:n50284	v3saim---
ἵκετ’	i(/ket'	ἱκνέομαι	i(kne/omai	urn:cite2:hmt:lsj.chicago_md:n50284	v2paia---
ἵλεῳ	i(/lew|	ἴλαος	i)/laos	urn:cite2:hmt:lsj.chicago_md:n50331	n-s---md-
ἵλεῳ	i(/lew|	ἴλαος	i)/laos	urn:cite2:hmt:lsj.chicago_md:n50331	n-s---fd-
ἵλεῳ	i(/lew|	ἴλαος	i)/laos	urn:cite2:hmt:lsj.chicago_md:n50331	n-s---nd-
ἵμερός	i(/mero/s	ἵμερος	i(/meros	urn:cite2:hmt:lsj.chicago_md:n50478	n-s---mn-
ἵνα	i(/na	ἵνα	i(/na	urn:cite2:hmt:lsj.chicago_md:n50492	d--------
ἵνα	i(/na	ἵνα	i(/na	urn:cite2:hmt:lsj.chicago_md:n50492	c--------
ἵππους	i(/ppous	ἵππος	i(/ppos	urn:cite2:hmt:lsj.chicago_md:n50824	n-p---ma-
ἵππους	i(/ppous	ἵππος	i(/ppos	urn:cite2:hmt:lsj.chicago_md:n50824	n-p---fa-
ὀδυνᾶν	o)duna=n	ὀδύνη	o)du/nh	urn:cite2:hmt:lsj.chicago_md:n72106	n-p---fg-
ὀδυνᾶν	o)duna=n	ὀδυνάω	o)duna/w	urn:cite2:hmt:lsj.chicago_md:n72105	v-sppamv-
ὀδυνᾶν	o)duna=n	ὀδυνάω	o)duna/w	urn:cite2:hmt:lsj.chicago_md:n72105	v-sppann-
ὀδυνᾶν	o)duna=n	ὀδυνάω	o)duna/w	urn:cite2:hmt:lsj.chicago_md:n72105	v-sppanv-
ὀδυνᾶν	o)duna=n	ὀδυνάω	o)duna/w	urn:cite2:hmt:lsj.chicago_md:n72105	v-sppana-
ὀδυνᾶν	o)duna=n	ὀδυνάω	o)duna/w	urn:cite2:hmt:lsj.chicago_md:n72105	v-sppamn-
ὀδυνᾶν	o)duna=n	ὀδυνάω	o)duna/w	urn:cite2:hmt:lsj.chicago_md:n72105	v--pna---
ὀδυνᾶν	o)duna=n	ὀδυνάω	o)duna/w	urn:cite2:hmt:lsj.chicago_md:n72105	v--pna---
ὀδυρμάτων	o)durma/twn	ὄδυρμα	o)/durma	urn:cite2:hmt:lsj.chicago_md:n72113	n-p---ng-
ὀδύναις	o)du/nais	ὀδύνη	o)du/nh	urn:cite2:hmt:lsj.chicago_md:n72106	n-p---fd-
ὀδύνην	o)du/nhn	ὀδύνη	o)du/nh	urn:cite2:hmt:lsj.chicago_md:n72106	n-s---fa-
ὀδύνην	o)du/nhn	ὀδυνάω	o)duna/w	urn:cite2:hmt:lsj.chicago_md:n72105	v3piia---
ὀδύνην	o)du/nhn	ὀδυνάω	o)duna/w	urn:cite2:hmt:lsj.chicago_md:n72105	v1siia---
ὀδύρματα	o)du/rmata	ὄδυρμα	o)/durma	urn:cite2:hmt:lsj.chicago_md:n72113	n-p---nn-
ὀδύρματα	o)du/rmata	ὄδυρμα	o)/durma	urn:cite2:hmt:lsj.chicago_md:n72113	n-p---nv-
ὀδύρματα	o)du/rmata	ὄδυρμα	o)/durma	urn:cite2:hmt:lsj.chicago_md:n72113	n-p---na-
ὀλβίων	o)lbi/wn	ὄλβιος	o)/lbios	urn:cite2:hmt:lsj.chicago_md:n72908	a-p---fg-
ὀλβίων	o)lbi/wn	ὄλβιος	o)/lbios	urn:cite2:hmt:lsj.chicago_md:n72908	a-p---mg-
ὀλβίων	o)lbi/wn	ὄλβιος	o)/lbios	urn:cite2:hmt:lsj.chicago_md:n72908	a-p---ng-
ὀλβίων	o)lbi/wn	ὄλβιος	o)/lbios	urn:cite2:hmt:lsj.chicago_md:n72908	n-p---mg-
ὀλβίων	o)lbi/wn	ὄλβιος	o)/lbios	urn:cite2:hmt:lsj.chicago_md:n72908	n-p---fg-
ὀλβίων	o)lbi/wn	ὄλβιος	o)/lbios	urn:cite2:hmt:lsj.chicago_md:n72908	n-p---ng-
ὀλεθρία	o)leqri/a	ὀλέθριος	o)le/qrios	urn:cite2:hmt:lsj.chicago_md:n72927	a-d---fn-
ὀλεθρία	o)leqri/a	ὀλέθριος	o)le/qrios	urn:cite2:hmt:lsj.chicago_md:n72927	a-d---fv-
ὀλεθρία	o)leqri/a	ὀλέθριος	o)le/qrios	urn:cite2:hmt:lsj.chicago_md:n72927	a-d---fa-
ὀλεθρία	o)leqri/a	ὀλέθριος	o)le/qrios	urn:cite2:hmt:lsj.chicago_md:n72927	a-s---fn-
ὀλεθρία	o)leqri/a	ὀλέθριος	o)le/qrios	urn:cite2:hmt:lsj.chicago_md:n72927	a-s---fv-
ὀλεθρία	o)leqri/a	ὀλεθριάω	o)leqria/w	urn:cite2:hmt:lsj.chicago_md:n72926	v2spma---
ὀλεθρία	o)leqri/a	ὀλεθριάω	o)leqria/w	urn:cite2:hmt:lsj.chicago_md:n72926	v3siia---
ὀλεθρίαισι	o)leqri/aisi	ὀλέθριος	o)le/qrios	urn:cite2:hmt:lsj.chicago_md:n72927	a-p---fd-
ὀλεῖ	o)lei=	ὄλλυμι	o)/llumi	urn:cite2:hmt:lsj.chicago_md:n73172	v2sfim---
ὀλεῖ	o)lei=	ὄλλυμι	o)/llumi	urn:cite2:hmt:lsj.chicago_md:n73172	v3sfia---
ὀλοά	o)loa/	ὀλοός	o)loo/s	urn:cite2:hmt:lsj.chicago_md:n73261	a-p---nn-
ὀλοά	o)loa/	ὀλοός	o)loo/s	urn:cite2:hmt:lsj.chicago_md:n73261	a-p---nv-
ὀλοά	o)loa/	ὀλοός	o)loo/s	urn:cite2:hmt:lsj.chicago_md:n73261	a-p---na-
ὀλοά	o)loa/	ὀλοός	o)loo/s	urn:cite2:hmt:lsj.chicago_md:n73261	a-d---fn-
ὀλοά	o)loa/	ὀλοός	o)loo/s	urn:cite2:hmt:lsj.chicago_md:n73261	a-d---fv-
ὀλοά	o)loa/	ὀλοός	o)loo/s	urn:cite2:hmt:lsj.chicago_md:n73261	a-d---fa-
ὀλοά	o)loa/	ὀλοός	o)loo/s	urn:cite2:hmt:lsj.chicago_md:n73261	a-s---fn-
ὀλοά	o)loa/	ὀλοός	o)loo/s	urn:cite2:hmt:lsj.chicago_md:n73261	a-s---fv-
ὀλόεντα	o)lo/enta	ὀλόεις	o)lo/eis	urn:cite2:hmt:lsj.chicago_md:n73194	n-p---nn-
ὀλόεντα	o)lo/enta	ὀλόεις	o)lo/eis	urn:cite2:hmt:lsj.chicago_md:n73194	n-p---nv-
ὀλόεντα	o)lo/enta	ὀλόεις	o)lo/eis	urn:cite2:hmt:lsj.chicago_md:n73194	n-p---na-
ὀλόεντα	o)lo/enta	ὀλόεις	o)lo/eis	urn:cite2:hmt:lsj.chicago_md:n73194	n-s---ma-
ὀλόεντα	o)lo/enta	ὀλοός	o)loo/s	urn:cite2:hmt:lsj.chicago_md:n73261	n-p---nn-
ὀλόεντα	o)lo/enta	ὀλοός	o)loo/s	urn:cite2:hmt:lsj.chicago_md:n73261	n-p---nv-
ὀλόεντα	o)lo/enta	ὀλοός	o)loo/s	urn:cite2:hmt:lsj.chicago_md:n73261	n-p---na-
ὀλόεντα	o)lo/enta	ὀλοός	o)loo/s	urn:cite2:hmt:lsj.chicago_md:n73261	n-s---ma-
ὀνήσει	o)nh/sei	ὄνησις	o)/nhsis	urn:cite2:hmt:lsj.chicago_md:n74079	n-d---fn-
ὀνήσει	o)nh/sei	ὄνησις	o)/nhsis	urn:cite2:hmt:lsj.chicago_md:n74079	n-d---fv-
ὀνήσει	o)nh/sei	ὄνησις	o)/nhsis	urn:cite2:hmt:lsj.chicago_md:n74079	n-d---fa-
ὀνήσει	o)nh/sei	ὄνησις	o)/nhsis	urn:cite2:hmt:lsj.chicago_md:n74079	n-s---fd-
ὀνήσει	o)nh/sei	ὄνησις	o)/nhsis	urn:cite2:hmt:lsj.chicago_md:n74079	n-s---fd-
ὀνήσει	o)nh/sei	ὀνίνημι	o)ni/nhmi	urn:cite2:hmt:lsj.chicago_md:n74094	v3sasa---
ὀνήσει	o)nh/sei	ὀνίνημι	o)ni/nhmi	urn:cite2:hmt:lsj.chicago_md:n74094	v2sfim---
ὀνήσει	o)nh/sei	ὀνίνημι	o)ni/nhmi	urn:cite2:hmt:lsj.chicago_md:n74094	v3sfia---
ὀνήσιμον	o)nh/simon	ὀνήσιμος	o)nh/simos	urn:cite2:hmt:lsj.chicago_md:n74077	n-s---ma-
ὀνήσιμον	o)nh/simon	ὀνήσιμος	o)nh/simos	urn:cite2:hmt:lsj.chicago_md:n74077	n-s---fa-
ὀνήσιμον	o)nh/simon	ὀνήσιμος	o)nh/simos	urn:cite2:hmt:lsj.chicago_md:n74077	n-s---nn-
ὀνήσιμον	o)nh/simon	ὀνήσιμος	o)nh/simos	urn:cite2:hmt:lsj.chicago_md:n74077	n-s---nv-
ὀνήσιμον	o)nh/simon	ὀνήσιμος	o)nh/simos	urn:cite2:hmt:lsj.chicago_md:n74077	n-s---na-
ὀνόματος	o)no/matos	ὄνομα	o)/noma	urn:cite2:hmt:lsj.chicago_md:n74126	n-s---ng-
ὀξύφωνος	o)cu/fwnos	ὀξύφωνος	o)cu/fwnos	urn:cite2:hmt:lsj.chicago_md:n74404	n-s---mn-
ὀξύφωνος	o)cu/fwnos	ὀξύφωνος	o)cu/fwnos	urn:cite2:hmt:lsj.chicago_md:n74404	n-s---fn-
ὀξῦναι	o)cu=nai	ὀξύνω	o)cu/nw	urn:cite2:hmt:lsj.chicago_md:n74339	v--ana---
ὀπαδοί	o)padoi/	ὀπηδός	o)phdo/s	urn:cite2:hmt:lsj.chicago_md:n74437	n-p---mn-
ὀπαδοί	o)padoi/	ὀπηδός	o)phdo/s	urn:cite2:hmt:lsj.chicago_md:n74437	n-p---mv-
ὀπαδοί	o)padoi/	ὀπηδός	o)phdo/s	urn:cite2:hmt:lsj.chicago_md:n74437	n-p---fn-
ὀπαδοί	o)padoi/	ὀπηδός	o)phdo/s	urn:cite2:hmt:lsj.chicago_md:n74437	n-p---fv-
ὀπώρας	o)pw/ras	ὀπώρα	o)pw/ra	urn:cite2:hmt:lsj.chicago_md:n74691	n-p---fa-
ὀπώρας	o)pw/ras	ὀπώρα	o)pw/ra	urn:cite2:hmt:lsj.chicago_md:n74691	n-s---fg-
ὀργαίνειν	o)rgai/nein	ὀργαίνω	o)rgai/nw	urn:cite2:hmt:lsj.chicago_md:n74743	v--pna---
ὀργάνων	o)rga/nwn	ὄργανον	o)/rganon	urn:cite2:hmt:lsj.chicago_md:n74752	n-p---ng-
ὀργάνων	o)rga/nwn	ὄργανος	o)/rganos	urn:cite2:hmt:lsj.chicago_md:n74758	a-p---fg-
ὀργάνων	o)rga/nwn	ὄργανος	o)/rganos	urn:cite2:hmt:lsj.chicago_md:n74758	a-p---mg-
ὀργάνων	o)rga/nwn	ὄργανος	o)/rganos	urn:cite2:hmt:lsj.chicago_md:n74758	a-p---ng-
ὀργάνων	o)rga/nwn	ὀργανόω	o)rgano/w	urn:cite2:hmt:lsj.chicago_md:n74759	v3piia---
ὀργάνων	o)rga/nwn	ὀργανόω	o)rgano/w	urn:cite2:hmt:lsj.chicago_md:n74759	v1siia---
ὀργή	o)rgh/	ὀργή	o)rgh/	urn:cite2:hmt:lsj.chicago_md:n74767	n-s---fn-
ὀργή	o)rgh/	ὀργή	o)rgh/	urn:cite2:hmt:lsj.chicago_md:n74767	n-s---fv-
ὀργήν	o)rgh/n	ὀργή	o)rgh/	urn:cite2:hmt:lsj.chicago_md:n74767	n-s---fa-
ὀργίων	o)rgi/wn	ὄργια	o)/rgia	urn:cite2:hmt:lsj.chicago_md:n74770	n-p---ng-
ὀργίων	o)rgi/wn	ὀργάω	o)rga/w	urn:cite2:hmt:lsj.chicago_md:n74764	v-sppamn-
ὀργίων	o)rgi/wn	ὀργιάω	o)rgia/w	urn:cite2:hmt:lsj.chicago_md:n74776	v3piia---
ὀργίων	o)rgi/wn	ὀργιάω	o)rgia/w	urn:cite2:hmt:lsj.chicago_md:n74776	v1siia---
ὀρείων	o)rei/wn	ὄρειον	o)/reion	urn:cite2:hmt:lsj.chicago_md:n74823	n-p---ng-
ὀρείων	o)rei/wn	ὄρειος	o)/reios	urn:cite2:hmt:lsj.chicago_md:n74825	a-p---fg-
ὀρείων	o)rei/wn	ὄρειος	o)/reios	urn:cite2:hmt:lsj.chicago_md:n74825	a-p---mg-
ὀρείων	o)rei/wn	ὄρειος	o)/reios	urn:cite2:hmt:lsj.chicago_md:n74825	a-p---ng-
ὀρείων	o)rei/wn	ὄρειος	o)/reios	urn:cite2:hmt:lsj.chicago_md:n74825	n-p---mg-
ὀρείων	o)rei/wn	ὄρειος	o)/reios	urn:cite2:hmt:lsj.chicago_md:n74825	n-p---fg-
ὀρείων	o)rei/wn	ὄρειος	o)/reios	urn:cite2:hmt:lsj.chicago_md:n74825	n-p---ng-
ὀρθόν	o)rqo/n	ὀρθός	o)rqo/s	urn:cite2:hmt:lsj.chicago_md:n75005	a-s---ma-
ὀρθόν	o)rqo/n	ὀρθός	o)rqo/s	urn:cite2:hmt:lsj.chicago_md:n75005	a-s---nn-
ὀρθόν	o)rqo/n	ὀρθός	o)rqo/s	urn:cite2:hmt:lsj.chicago_md:n75005	a-s---nv-
ὀρθόν	o)rqo/n	ὀρθός	o)rqo/s	urn:cite2:hmt:lsj.chicago_md:n75005	a-s---na-
ὀρθῶς	o)rqw=s	ὀρθός	o)rqo/s	urn:cite2:hmt:lsj.chicago_md:n75005	x--------
ὀρθῶς	o)rqw=s	ὀρθόω	o)rqo/w	urn:cite2:hmt:lsj.chicago_md:n75037	v2spia---
ὀστέων	o)ste/wn	ὀστέον	o)ste/on	urn:cite2:hmt:lsj.chicago_md:n75595	n-p---ng-
ὀφθαλμόν	o)fqalmo/n	ὀφθαλμός	o)fqalmo/s	urn:cite2:hmt:lsj.chicago_md:n76118	n-s---ma-
ὀφθαλμός	o)fqalmo/s	ὀφθαλμός	o)fqalmo/s	urn:cite2:hmt:lsj.chicago_md:n76118	n-s---mn-
ὀφθαλμῶν	o)fqalmw=n	ὀφθαλμός	o)fqalmo/s	urn:cite2:hmt:lsj.chicago_md:n76118	n-p---mg-
ὀφθήσει	o)fqh/sei	ὁράω	o(ra/w	urn:cite2:hmt:lsj.chicago_md:n74735	v2sfip---
ὁ	o(	ὁ	o(	urn:cite2:hmt:lsj.chicago_md:n71882	l-s---mn-
ὁδοῦ	o(dou=	ὁδάω	o(da/w	urn:cite2:hmt:lsj.chicago_md:n72009	v2spme---
ὁδοῦ	o(dou=	ὁδόσ1	o(do/s	urn:cite2:hmt:lsj.chicago_md:n72092	n-s---mg-
ὁδοῦ	o(dou=	ὁδόσ2	o(do/s	urn:cite2:hmt:lsj.chicago_md:n72092	n-s---fg-
ὁδοῦ	o(dou=	ὁδόω	o(do/w	urn:cite2:hmt:lsj.chicago_md:n72103	v2spme---
ὁδοῦ	o(dou=	ὁδόω	o(do/w	urn:cite2:hmt:lsj.chicago_md:n72103	v2siie---
ὁδόν	o(do/n	ὁδόσ1	o(do/s	urn:cite2:hmt:lsj.chicago_md:n72092	n-s---ma-
ὁδόν	o(do/n	ὁδόσ2	o(do/s	urn:cite2:hmt:lsj.chicago_md:n72092	n-s---fa-
ὁδῶν	o(dw=n	ὁδάω	o(da/w	urn:cite2:hmt:lsj.chicago_md:n72009	v-sppamv-
ὁδῶν	o(dw=n	ὁδάω	o(da/w	urn:cite2:hmt:lsj.chicago_md:n72009	v-sppann-
ὁδῶν	o(dw=n	ὁδάω	o(da/w	urn:cite2:hmt:lsj.chicago_md:n72009	v-sppanv-
ὁδῶν	o(dw=n	ὁδάω	o(da/w	urn:cite2:hmt:lsj.chicago_md:n72009	v-sppana-
ὁδῶν	o(dw=n	ὁδάω	o(da/w	urn:cite2:hmt:lsj.chicago_md:n72009	v-sppamn-
ὁδῶν	o(dw=n	ὁδάω	o(da/w	urn:cite2:hmt:lsj.chicago_md:n72009	v-sppamn-
ὁδῶν	o(dw=n	ὁδόσ1	o(do/s	urn:cite2:hmt:lsj.chicago_md:n72092	n-p---mg-
ὁδῶν	o(dw=n	ὁδόσ2	o(do/s	urn:cite2:hmt:lsj.chicago_md:n72092	n-p---fg-
ὁδῶν	o(dw=n	ὁδόω	o(do/w	urn:cite2:hmt:lsj.chicago_md:n72103	v-sppamv-
ὁδῶν	o(dw=n	ὁδόω	o(do/w	urn:cite2:hmt:lsj.chicago_md:n72103	v-sppann-
ὁδῶν	o(dw=n	ὁδόω	o(do/w	urn:cite2:hmt:lsj.chicago_md:n72103	v-sppanv-
ὁδῶν	o(dw=n	ὁδόω	o(do/w	urn:cite2:hmt:lsj.chicago_md:n72103	v-sppana-
ὁδῶν	o(dw=n	ὁδόω	o(do/w	urn:cite2:hmt:lsj.chicago_md:n72103	v-sppamn-
ὁδῶν	o(dw=n	ὁδόω	o(do/w	urn:cite2:hmt:lsj.chicago_md:n72103	v--pna---
ὁθούνεκα	o(qou/neka	ὁθούνεκα	o(qou/neka	urn:cite2:hmt:lsj.chicago_md:n72174	c--------
ὁθούνεκ’	o(qou/nek'	ὁθούνεκα	o(qou/neka	urn:cite2:hmt:lsj.chicago_md:n72174	c--------
ὁθούνεχ’	o(qou/nex'	ὁθούνεκα	o(qou/neka	urn:cite2:hmt:lsj.chicago_md:n72174	c--------
ὁμαιμόνων	o(maimo/nwn	ὁμαίμων	o(mai/mwn	urn:cite2:hmt:lsj.chicago_md:n73386	n-p---mg-
ὁμοῦ	o(mou=	ὁμός	o(mo/s	urn:cite2:hmt:lsj.chicago_md:n73819	a-s---mg-
ὁμοῦ	o(mou=	ὁμός	o(mo/s	urn:cite2:hmt:lsj.chicago_md:n73819	a-s---ng-
ὁμοῦ	o(mou=	ὁμόω	o(mo/w	urn:cite2:hmt:lsj.chicago_md:n73923	v2spme---
ὁμοῦ	o(mou=	ὁμόω	o(mo/w	urn:cite2:hmt:lsj.chicago_md:n73923	v2siie---
ὁμοῦ	o(mou=	ὁμοῦ	o(mou=	urn:cite2:hmt:lsj.chicago_md:n73881	d--------
ὁμόσπορον	o(mo/sporon	ὁμόσπορος	o(mo/sporos	urn:cite2:hmt:lsj.chicago_md:n73833	n-s---ma-
ὁμόσπορον	o(mo/sporon	ὁμόσπορος	o(mo/sporos	urn:cite2:hmt:lsj.chicago_md:n73833	n-s---fa-
ὁμόσπορον	o(mo/sporon	ὁμόσπορος	o(mo/sporos	urn:cite2:hmt:lsj.chicago_md:n73833	n-s---nn-
ὁμόσπορον	o(mo/sporon	ὁμόσπορος	o(mo/sporos	urn:cite2:hmt:lsj.chicago_md:n73833	n-s---nv-
ὁμόσπορον	o(mo/sporon	ὁμόσπορος	o(mo/sporos	urn:cite2:hmt:lsj.chicago_md:n73833	n-s---na-
ὁποίας	o(poi/as	ὁποῖος	o(poi=os	urn:cite2:hmt:lsj.chicago_md:n74602	a-p---fa-
ὁποίας	o(poi/as	ὁποῖος	o(poi=os	urn:cite2:hmt:lsj.chicago_md:n74602	a-s---fg-
ὁποῖα	o(poi=a	ὁποῖος	o(poi=os	urn:cite2:hmt:lsj.chicago_md:n74602	a-p---nn-
ὁποῖα	o(poi=a	ὁποῖος	o(poi=os	urn:cite2:hmt:lsj.chicago_md:n74602	a-p---nv-
ὁποῖα	o(poi=a	ὁποῖος	o(poi=os	urn:cite2:hmt:lsj.chicago_md:n74602	a-p---na-
ὁποῖον	o(poi=on	ὁποῖος	o(poi=os	urn:cite2:hmt:lsj.chicago_md:n74602	a-s---ma-
ὁποῖον	o(poi=on	ὁποῖος	o(poi=os	urn:cite2:hmt:lsj.chicago_md:n74602	a-s---nn-
ὁποῖον	o(poi=on	ὁποῖος	o(poi=os	urn:cite2:hmt:lsj.chicago_md:n74602	a-s---nv-
ὁποῖον	o(poi=on	ὁποῖος	o(poi=os	urn:cite2:hmt:lsj.chicago_md:n74602	a-s---na-
ὁποῖος	o(poi=os	ὁποῖος	o(poi=os	urn:cite2:hmt:lsj.chicago_md:n74602	a-s---mn-
ὁπότε	o(po/te	ὁπότε	o(po/te	urn:cite2:hmt:lsj.chicago_md:n74626	d--------
ὁρκίων	o(rki/wn	ὅρκιον	o(/rkion	urn:cite2:hmt:lsj.chicago_md:n75119	n-p---ng-
ὁρκίων	o(rki/wn	ὅρκιος	o(/rkios	urn:cite2:hmt:lsj.chicago_md:n75120	a-p---fg-
ὁρκίων	o(rki/wn	ὅρκιος	o(/rkios	urn:cite2:hmt:lsj.chicago_md:n75120	a-p---mg-
ὁρκίων	o(rki/wn	ὅρκιος	o(/rkios	urn:cite2:hmt:lsj.chicago_md:n75120	a-p---ng-
ὁρκίων	o(rki/wn	ὅρκιος	o(/rkios	urn:cite2:hmt:lsj.chicago_md:n75120	n-p---mg-
ὁρκίων	o(rki/wn	ὅρκιος	o(/rkios	urn:cite2:hmt:lsj.chicago_md:n75120	n-p---fg-
ὁρκίων	o(rki/wn	ὅρκιος	o(/rkios	urn:cite2:hmt:lsj.chicago_md:n75120	n-p---ng-
ὁρμωμένου	o(rmwme/nou	ὁρμάω	o(rma/w	urn:cite2:hmt:lsj.chicago_md:n75152	v-sppemg-
ὁρμωμένου	o(rmwme/nou	ὁρμάω	o(rma/w	urn:cite2:hmt:lsj.chicago_md:n75152	v-sppeng-
ὁρμωμένου	o(rmwme/nou	ὁρμάζω	o(rma/zw	urn:cite2:hmt:lsj.chicago_md:n75144	v-sfpmmg-
ὁρμωμένου	o(rmwme/nou	ὁρμάζω	o(rma/zw	urn:cite2:hmt:lsj.chicago_md:n75144	v-sfpmng-
ὁρμῇ	o(rmh=|	ὁρμάω	o(rma/w	urn:cite2:hmt:lsj.chicago_md:n75152	v2spse---
ὁρμῇ	o(rmh=|	ὁρμάω	o(rma/w	urn:cite2:hmt:lsj.chicago_md:n75152	v2spie---
ὁρμῇ	o(rmh=|	ὁρμάω	o(rma/w	urn:cite2:hmt:lsj.chicago_md:n75152	v3spsa---
ὁρμῇ	o(rmh=|	ὁρμάω	o(rma/w	urn:cite2:hmt:lsj.chicago_md:n75152	v3spia---
ὁρμῇ	o(rmh=|	ὁρμάω	o(rma/w	urn:cite2:hmt:lsj.chicago_md:n75152	v2spse---
ὁρμῇ	o(rmh=|	ὁρμάω	o(rma/w	urn:cite2:hmt:lsj.chicago_md:n75152	v2spie---
ὁρμῇ	o(rmh=|	ὁρμάω	o(rma/w	urn:cite2:hmt:lsj.chicago_md:n75152	v3spsa---
ὁρμῇ	o(rmh=|	ὁρμάζω	o(rma/zw	urn:cite2:hmt:lsj.chicago_md:n75144	v2sfim---
ὁρμῇ	o(rmh=|	ὁρμάζω	o(rma/zw	urn:cite2:hmt:lsj.chicago_md:n75144	v3sfia---
ὁρμῇ	o(rmh=|	ὁρμέω	o(rme/w	urn:cite2:hmt:lsj.chicago_md:n75155	v2spse---
ὁρμῇ	o(rmh=|	ὁρμέω	o(rme/w	urn:cite2:hmt:lsj.chicago_md:n75155	v2spie---
ὁρμῇ	o(rmh=|	ὁρμέω	o(rme/w	urn:cite2:hmt:lsj.chicago_md:n75155	v3spsa---
ὁρμῇ	o(rmh=|	ὁρμή	o(rmh/	urn:cite2:hmt:lsj.chicago_md:n75156	n-s---fd-
ὁρωμένη	o(rwme/nh	ὁράω	o(ra/w	urn:cite2:hmt:lsj.chicago_md:n74735	v-sppmfn-
ὁρωμένη	o(rwme/nh	ὁράω	o(ra/w	urn:cite2:hmt:lsj.chicago_md:n74735	v-sppmfv-
ὁρωμένη	o(rwme/nh	ὁράω	o(ra/w	urn:cite2:hmt:lsj.chicago_md:n74735	v-sppefn-
ὁρωμένη	o(rwme/nh	ὁράω	o(ra/w	urn:cite2:hmt:lsj.chicago_md:n74735	v-sppefv-
ὁρίζει	o(ri/zei	ὁρίζω	o(ri/zw	urn:cite2:hmt:lsj.chicago_md:n75078	v2spie---
ὁρίζει	o(ri/zei	ὁρίζω	o(ri/zw	urn:cite2:hmt:lsj.chicago_md:n75078	v3spia---
ὁρίζεται	o(ri/zetai	ὁρίζω	o(ri/zw	urn:cite2:hmt:lsj.chicago_md:n75078	v3spie---
ὁρώσῃ	o(rw/sh|	ὁράω	o(ra/w	urn:cite2:hmt:lsj.chicago_md:n74735	v-sppafd-
ὁρᾶν	o(ra=n	ὁράω	o(ra/w	urn:cite2:hmt:lsj.chicago_md:n74735	v-sppamv-
ὁρᾶν	o(ra=n	ὁράω	o(ra/w	urn:cite2:hmt:lsj.chicago_md:n74735	v-sppann-
ὁρᾶν	o(ra=n	ὁράω	o(ra/w	urn:cite2:hmt:lsj.chicago_md:n74735	v-sppanv-
ὁρᾶν	o(ra=n	ὁράω	o(ra/w	urn:cite2:hmt:lsj.chicago_md:n74735	v-sppana-
ὁρᾶν	o(ra=n	ὁράω	o(ra/w	urn:cite2:hmt:lsj.chicago_md:n74735	v-sppamn-
ὁρᾶν	o(ra=n	ὁράω	o(ra/w	urn:cite2:hmt:lsj.chicago_md:n74735	v--pna---
ὁρᾶν	o(ra=n	ὁράω	o(ra/w	urn:cite2:hmt:lsj.chicago_md:n74735	v--pna---
ὁρᾶτε	o(ra=te	ὁράω	o(ra/w	urn:cite2:hmt:lsj.chicago_md:n74735	v2ppma---
ὁρᾶτε	o(ra=te	ὁράω	o(ra/w	urn:cite2:hmt:lsj.chicago_md:n74735	v2ppsa---
ὁρᾶτε	o(ra=te	ὁράω	o(ra/w	urn:cite2:hmt:lsj.chicago_md:n74735	v2ppia---
ὁρᾶτε	o(ra=te	ὁράω	o(ra/w	urn:cite2:hmt:lsj.chicago_md:n74735	v2piia---
ὁρᾷς	o(ra=|s	ὁράω	o(ra/w	urn:cite2:hmt:lsj.chicago_md:n74735	v2spsa---
ὁρᾷς	o(ra=|s	ὁράω	o(ra/w	urn:cite2:hmt:lsj.chicago_md:n74735	v2spia---
ὁρῶ	o(rw=	ὁράω	o(ra/w	urn:cite2:hmt:lsj.chicago_md:n74735	v2spmm---
ὁρῶ	o(rw=	ὁράω	o(ra/w	urn:cite2:hmt:lsj.chicago_md:n74735	v2spme---
ὁρῶ	o(rw=	ὁράω	o(ra/w	urn:cite2:hmt:lsj.chicago_md:n74735	v1spsa---
ὁρῶ	o(rw=	ὁράω	o(ra/w	urn:cite2:hmt:lsj.chicago_md:n74735	v1spia---
ὁρῶ	o(rw=	ὁράω	o(ra/w	urn:cite2:hmt:lsj.chicago_md:n74735	v1spsa---
ὁρῶ	o(rw=	ὁράω	o(ra/w	urn:cite2:hmt:lsj.chicago_md:n74735	v1spia---
ὁρῶ	o(rw=	ὁράω	o(ra/w	urn:cite2:hmt:lsj.chicago_md:n74735	v2siie---
ὁρῶ	o(rw=	ὁράω	o(ra/w	urn:cite2:hmt:lsj.chicago_md:n74735	v2siim---
ὁρῶμεν	o(rw=men	ὁράω	o(ra/w	urn:cite2:hmt:lsj.chicago_md:n74735	v1ppsa---
ὁρῶμεν	o(rw=men	ὁράω	o(ra/w	urn:cite2:hmt:lsj.chicago_md:n74735	v1ppia---
ὁρῶμεν	o(rw=men	ὁράω	o(ra/w	urn:cite2:hmt:lsj.chicago_md:n74735	v1ppsa---
ὁρῶμεν	o(rw=men	ὁράω	o(ra/w	urn:cite2:hmt:lsj.chicago_md:n74735	v1piia---
ὁρῶν	o(rw=n	ὁράω	o(ra/w	urn:cite2:hmt:lsj.chicago_md:n74735	v-sppamv-
ὁρῶν	o(rw=n	ὁράω	o(ra/w	urn:cite2:hmt:lsj.chicago_md:n74735	v-sppann-
ὁρῶν	o(rw=n	ὁράω	o(ra/w	urn:cite2:hmt:lsj.chicago_md:n74735	v-sppanv-
ὁρῶν	o(rw=n	ὁράω	o(ra/w	urn:cite2:hmt:lsj.chicago_md:n74735	v-sppana-
ὁρῶν	o(rw=n	ὁράω	o(ra/w	urn:cite2:hmt:lsj.chicago_md:n74735	v-sppamn-
ὁρῶν	o(rw=n	ὁράω	o(ra/w	urn:cite2:hmt:lsj.chicago_md:n74735	v-sppamn-
ὄγκον	o)/gkon	ὄγκοσ1	o)/gkos	urn:cite2:hmt:lsj.chicago_md:n71976	n-s---ma-
ὄγκον	o)/gkon	ὄγκοσ1	o)/gkos	urn:cite2:hmt:lsj.chicago_md:n71977	n-s---ma-
ὄγκον	o)/gkon	ὄγκοσ1	o)/gkos	urn:cite2:hmt:lsj.chicago_md:n71978	n-s---ma-
ὄγκον	o)/gkon	ὄγκοσ2	o)/gkos	urn:cite2:hmt:lsj.chicago_md:n71976	n-s---ma-
ὄγκον	o)/gkon	ὄγκοσ2	o)/gkos	urn:cite2:hmt:lsj.chicago_md:n71977	n-s---ma-
ὄγκον	o)/gkon	ὄγκοσ2	o)/gkos	urn:cite2:hmt:lsj.chicago_md:n71978	n-s---ma-
ὄκνον	o)/knon	ὄκνος	o)/knos	urn:cite2:hmt:lsj.chicago_md:n72769	n-s---ma-
ὄκνου	o)/knou	ὄκνος	o)/knos	urn:cite2:hmt:lsj.chicago_md:n72769	n-s---mg-
ὄλοιντο	o)/lointo	ὄλλυμι	o)/llumi	urn:cite2:hmt:lsj.chicago_md:n73172	v3paom---
ὄλωλα	o)/lwla	ὄλλυμι	o)/llumi	urn:cite2:hmt:lsj.chicago_md:n73172	v1sria---
ὄλωλ’	o)/lwl'	ὄλλυμι	o)/llumi	urn:cite2:hmt:lsj.chicago_md:n73172	v1sria---
ὄλωλ’	o)/lwl'	ὄλλυμι	o)/llumi	urn:cite2:hmt:lsj.chicago_md:n73172	v2srma---
ὄλωλ’	o)/lwl'	ὄλλυμι	o)/llumi	urn:cite2:hmt:lsj.chicago_md:n73172	v3sria---
ὄμβρος	o)/mbros	ὄμβρος	o)/mbros	urn:cite2:hmt:lsj.chicago_md:n73435	n-s---mn-
ὄμβρος	o)/mbros	ὄμβρος	o)/mbros	urn:cite2:hmt:lsj.chicago_md:n73436	n-s---mn-
ὄμβρος	o)/mbros	ό̓μβρος	o/)mbros	urn:cite2:hmt:lsj.chicago_md:n73435	n-s---mn-
ὄμβρος	o)/mbros	ό̓μβρος	o/)mbros	urn:cite2:hmt:lsj.chicago_md:n73436	n-s---mn-
ὄμμα	o)/mma	ὄμμα	o)/mma	urn:cite2:hmt:lsj.chicago_md:n73517	n-s---nn-
ὄμμα	o)/mma	ὄμμα	o)/mma	urn:cite2:hmt:lsj.chicago_md:n73517	n-s---nv-
ὄμμα	o)/mma	ὄμμα	o)/mma	urn:cite2:hmt:lsj.chicago_md:n73517	n-s---na-
ὄμμασιν	o)/mmasin	ὄμμα	o)/mma	urn:cite2:hmt:lsj.chicago_md:n73517	n-p---nd-
ὄμματος	o)/mmatos	ὄμμα	o)/mma	urn:cite2:hmt:lsj.chicago_md:n73517	n-s---ng-
ὄμμ’	o)/mm'	ὄμμα	o)/mma	urn:cite2:hmt:lsj.chicago_md:n73517	n-s---nn-
ὄμμ’	o)/mm'	ὄμμα	o)/mma	urn:cite2:hmt:lsj.chicago_md:n73517	n-s---nv-
ὄμμ’	o)/mm'	ὄμμα	o)/mma	urn:cite2:hmt:lsj.chicago_md:n73517	n-s---na-
ὄμνυ	o)/mnu	ὄμνυμι	o)/mnumi	urn:cite2:hmt:lsj.chicago_md:n73530	v2spma---
ὄμνυ	o)/mnu	ὄμνυμι	o)/mnumi	urn:cite2:hmt:lsj.chicago_md:n73530	v3siia---
ὄμνυμ’	o)/mnum'	ὄμνυμι	o)/mnumi	urn:cite2:hmt:lsj.chicago_md:n73530	v1spia---
ὄμνυμ’	o)/mnum'	ὄμνυμι	o)/mnumi	urn:cite2:hmt:lsj.chicago_md:n73530	v1spie---
ὄνειδος	o)/neidos	ὄνειδος	o)/neidos	urn:cite2:hmt:lsj.chicago_md:n74014	n-s---nn-
ὄνειδος	o)/neidos	ὄνειδος	o)/neidos	urn:cite2:hmt:lsj.chicago_md:n74014	n-s---nv-
ὄνειδος	o)/neidos	ὄνειδος	o)/neidos	urn:cite2:hmt:lsj.chicago_md:n74014	n-s---na-
ὄνομα	o)/noma	ὄνομα	o)/noma	urn:cite2:hmt:lsj.chicago_md:n74126	n-s---nn-
ὄνομα	o)/noma	ὄνομα	o)/noma	urn:cite2:hmt:lsj.chicago_md:n74126	n-s---nv-
ὄνομα	o)/noma	ὄνομα	o)/noma	urn:cite2:hmt:lsj.chicago_md:n74126	n-s---na-
ὄντα	o)/nta	εἰμί	ei)mi/	urn:cite2:hmt:lsj.chicago_md:n31130	v-sppama-
ὄντα	o)/nta	εἰμί	ei)mi/	urn:cite2:hmt:lsj.chicago_md:n31130	v-pppann-
ὄντα	o)/nta	εἰμί	ei)mi/	urn:cite2:hmt:lsj.chicago_md:n31130	v-pppanv-
ὄντα	o)/nta	εἰμί	ei)mi/	urn:cite2:hmt:lsj.chicago_md:n31130	v-pppana-
ὄντα	o)/nta	ὄντα	o)/nta	urn:cite2:hmt:lsj.chicago_md:n74182	n-p---nn-
ὄντα	o)/nta	ὄντα	o)/nta	urn:cite2:hmt:lsj.chicago_md:n74182	n-p---nv-
ὄντα	o)/nta	ὄντα	o)/nta	urn:cite2:hmt:lsj.chicago_md:n74182	n-p---na-
ὄρειοι	o)/reioi	ὄρειος	o)/reios	urn:cite2:hmt:lsj.chicago_md:n74825	a-p---mn-
ὄρειοι	o)/reioi	ὄρειος	o)/reios	urn:cite2:hmt:lsj.chicago_md:n74825	a-p---mv-
ὄρειοι	o)/reioi	ὄρειος	o)/reios	urn:cite2:hmt:lsj.chicago_md:n74825	n-p---mn-
ὄρειοι	o)/reioi	ὄρειος	o)/reios	urn:cite2:hmt:lsj.chicago_md:n74825	n-p---mv-
ὄρειοι	o)/reioi	ὄρειος	o)/reios	urn:cite2:hmt:lsj.chicago_md:n74825	n-p---fn-
ὄρειοι	o)/reioi	ὄρειος	o)/reios	urn:cite2:hmt:lsj.chicago_md:n74825	n-p---fv-
ὄρνιν	o)/rnin	ὄρνις	o)/rnis	urn:cite2:hmt:lsj.chicago_md:n75263	n-s---ma-
ὄρνιν	o)/rnin	ὄρνις	o)/rnis	urn:cite2:hmt:lsj.chicago_md:n75263	n-s---fa-
ὄσσοις	o)/ssois	ὄσσε	o)/sse	urn:cite2:hmt:lsj.chicago_md:n75572	n-p---nd-
ὄχημα	o)/xhma	ὄχημα	o)/xhma	urn:cite2:hmt:lsj.chicago_md:n76213	n-s---nn-
ὄχημα	o)/xhma	ὄχημα	o)/xhma	urn:cite2:hmt:lsj.chicago_md:n76213	n-s---nv-
ὄχημα	o)/xhma	ὄχημα	o)/xhma	urn:cite2:hmt:lsj.chicago_md:n76213	n-s---na-
ὄχθῳ	o)/xqw|	ὄχθος	o)/xqos	urn:cite2:hmt:lsj.chicago_md:n76225	n-s---md-
ὄχλος	o)/xlos	ὄχλος	o)/xlos	urn:cite2:hmt:lsj.chicago_md:n76258	n-s---mn-
ὄψει	o)/yei	ὁράω	o(ra/w	urn:cite2:hmt:lsj.chicago_md:n74735	v2sfim---
ὄψει	o)/yei	ὄψις	o)/yis	urn:cite2:hmt:lsj.chicago_md:n76335	n-d---fn-
ὄψει	o)/yei	ὄψις	o)/yis	urn:cite2:hmt:lsj.chicago_md:n76335	n-d---fv-
ὄψει	o)/yei	ὄψις	o)/yis	urn:cite2:hmt:lsj.chicago_md:n76335	n-d---fa-
ὄψει	o)/yei	ὄψις	o)/yis	urn:cite2:hmt:lsj.chicago_md:n76335	n-s---fd-
ὄψει	o)/yei	ὄψις	o)/yis	urn:cite2:hmt:lsj.chicago_md:n76335	n-s---fd-
ὄψει	o)/yei	ὄψος	o)/yos	urn:cite2:hmt:lsj.chicago_md:n76374	n-d---nn-
ὄψει	o)/yei	ὄψος	o)/yos	urn:cite2:hmt:lsj.chicago_md:n76374	n-d---nv-
ὄψει	o)/yei	ὄψος	o)/yos	urn:cite2:hmt:lsj.chicago_md:n76374	n-d---na-
ὄψει	o)/yei	ὄψος	o)/yos	urn:cite2:hmt:lsj.chicago_md:n76374	n-s---nd-
ὄψει	o)/yei	ὄψος	o)/yos	urn:cite2:hmt:lsj.chicago_md:n76374	n-s---nd-
ὄψεται	o)/yetai	ὁράω	o(ra/w	urn:cite2:hmt:lsj.chicago_md:n74735	v3sasm---
ὄψεται	o)/yetai	ὁράω	o(ra/w	urn:cite2:hmt:lsj.chicago_md:n74735	v3sfim---
ὄψεταί	o)/yetai/	ὁράω	o(ra/w	urn:cite2:hmt:lsj.chicago_md:n74735	v3sasm---
ὄψεταί	o)/yetai/	ὁράω	o(ra/w	urn:cite2:hmt:lsj.chicago_md:n74735	v3sfim---
ὄψ’	o)/y'	ὁράω	o(ra/w	urn:cite2:hmt:lsj.chicago_md:n74735	v2samm---
ὄψ’	o)/y'	ὄψις	o)/yis	urn:cite2:hmt:lsj.chicago_md:n76335	n-s---fv-
ὄψ’	o)/y'	ὄψον	o)/yon	urn:cite2:hmt:lsj.chicago_md:n76358	n-p---nn-
ὄψ’	o)/y'	ὄψον	o)/yon	urn:cite2:hmt:lsj.chicago_md:n76358	n-p---nv-
ὄψ’	o)/y'	ὄψον	o)/yon	urn:cite2:hmt:lsj.chicago_md:n76358	n-p---na-
ὅ	o(/	ὁ	o(	urn:cite2:hmt:lsj.chicago_md:n71882	l-s---mn-
ὅ	o(/	ὅς	o(/s	urn:cite2:hmt:lsj.chicago_md:n75512	p-s---nn-
ὅ	o(/	ὅς	o(/s	urn:cite2:hmt:lsj.chicago_md:n75513	p-s---nn-
ὅ	o(/	ὅς	o(/s	urn:cite2:hmt:lsj.chicago_md:n75512	p-s---nv-
ὅ	o(/	ὅς	o(/s	urn:cite2:hmt:lsj.chicago_md:n75513	p-s---nv-
ὅ	o(/	ὅς	o(/s	urn:cite2:hmt:lsj.chicago_md:n75512	p-s---na-
ὅ	o(/	ὅς	o(/s	urn:cite2:hmt:lsj.chicago_md:n75513	p-s---na-
ὅδε	o(/de	ὅδε	o(/de	urn:cite2:hmt:lsj.chicago_md:n72010	n-s---mn-
ὅδ’	o(/d'	ὅδε	o(/de	urn:cite2:hmt:lsj.chicago_md:n72010	n-s---mn-
ὅθεν	o(/qen	ὅθεν	o(/qen	urn:cite2:hmt:lsj.chicago_md:n72153	d--------
ὅθ’	o(/q'	ὅθι	o(/qi	urn:cite2:hmt:lsj.chicago_md:n72155	d--------
ὅθ’	o(/q'	ὅστε	o(/ste	urn:cite2:hmt:lsj.chicago_md:n75588	p-s---nn-
ὅθ’	o(/q'	ὅστε	o(/ste	urn:cite2:hmt:lsj.chicago_md:n75588	p-s---nv-
ὅθ’	o(/q'	ὅστε	o(/ste	urn:cite2:hmt:lsj.chicago_md:n75588	p-s---na-
ὅθ’	o(/q'	ὅστις	o(/stis	urn:cite2:hmt:lsj.chicago_md:n75598	p-s---nn-
ὅθ’	o(/q'	ὅστις	o(/stis	urn:cite2:hmt:lsj.chicago_md:n75598	p-s---na-
ὅθ’	o(/q'	ὅτε	o(/te	urn:cite2:hmt:lsj.chicago_md:n75688	c--------
ὅθ’	o(/q'	ὅτε	o(/te	urn:cite2:hmt:lsj.chicago_md:n75688a	c--------
ὅθ’	o(/q'	ὅτε	o(/te	urn:cite2:hmt:lsj.chicago_md:n75689	c--------
ὅθ’	o(/q'	ὅτι1	o(/ti	urn:cite2:hmt:lsj.chicago_md:n75695	d--------
ὅθ’	o(/q'	ὅτι2	o(/ti	urn:cite2:hmt:lsj.chicago_md:n75695	c--------
ὅμως	o(/mws	ὅμως	o(/mws	urn:cite2:hmt:lsj.chicago_md:n73980	c--------
ὅμως	o(/mws	ὁμόω	o(mo/w	urn:cite2:hmt:lsj.chicago_md:n73923	v2siia---
ὅν	o(/n	ὅς	o(/s	urn:cite2:hmt:lsj.chicago_md:n75512	p-s---ma-
ὅν	o(/n	ὅς	o(/s	urn:cite2:hmt:lsj.chicago_md:n75513	p-s---ma-
ὅν	o(/n	ὅς	o(/s	urn:cite2:hmt:lsj.chicago_md:n75512	p-s---na-
ὅν	o(/n	ὅς	o(/s	urn:cite2:hmt:lsj.chicago_md:n75513	p-s---na-
ὅνπερ	o(/nper	ὅς	o(/s	urn:cite2:hmt:lsj.chicago_md:n75512	p-s---ma-
ὅνπερ	o(/nper	ὅς	o(/s	urn:cite2:hmt:lsj.chicago_md:n75513	p-s---ma-
ὅνπερ	o(/nper	ὅς	o(/s	urn:cite2:hmt:lsj.chicago_md:n75512	p-s---na-
ὅνπερ	o(/nper	ὅς	o(/s	urn:cite2:hmt:lsj.chicago_md:n75513	p-s---na-
ὅπου	o(/pou	ὅπου	o(/pou	urn:cite2:hmt:lsj.chicago_md:n74631	d--------
ὅπως	o(/pws	ὅπως	o(/pws	urn:cite2:hmt:lsj.chicago_md:n74713	c--------
ὅρκον	o(/rkon	ὅρκος	o(/rkos	urn:cite2:hmt:lsj.chicago_md:n75127	n-s---ma-
ὅς	o(/s	ὅς	o(/s	urn:cite2:hmt:lsj.chicago_md:n75512	p-s---mn-
ὅς	o(/s	ὅς	o(/s	urn:cite2:hmt:lsj.chicago_md:n75513	p-s---mn-
ὅσα	o(/sa	ὅσος	o(/sos	urn:cite2:hmt:lsj.chicago_md:n75552	a-p---nn-
ὅσα	o(/sa	ὅσος	o(/sos	urn:cite2:hmt:lsj.chicago_md:n75552	a-p---nv-
ὅσα	o(/sa	ὅσος	o(/sos	urn:cite2:hmt:lsj.chicago_md:n75552	a-p---na-
ὅσα	o(/sa	ὅσος	o(/sos	urn:cite2:hmt:lsj.chicago_md:n75552	a-d---fn-
ὅσα	o(/sa	ὅσος	o(/sos	urn:cite2:hmt:lsj.chicago_md:n75552	a-d---fv-
ὅσα	o(/sa	ὅσος	o(/sos	urn:cite2:hmt:lsj.chicago_md:n75552	a-d---fa-
ὅσα	o(/sa	ὅσος	o(/sos	urn:cite2:hmt:lsj.chicago_md:n75552	a-s---fn-
ὅσα	o(/sa	ὅσος	o(/sos	urn:cite2:hmt:lsj.chicago_md:n75552	a-s---fv-
ὅσην	o(/shn	ὅσος	o(/sos	urn:cite2:hmt:lsj.chicago_md:n75552	a-s---fa-
ὅσοι	o(/soi	ὅσος	o(/sos	urn:cite2:hmt:lsj.chicago_md:n75552	a-p---mn-
ὅσοι	o(/soi	ὅσος	o(/sos	urn:cite2:hmt:lsj.chicago_md:n75552	a-p---mv-
ὅσον	o(/son	ὅσος	o(/sos	urn:cite2:hmt:lsj.chicago_md:n75552	a-s---ma-
ὅσον	o(/son	ὅσος	o(/sos	urn:cite2:hmt:lsj.chicago_md:n75552	a-s---nn-
ὅσον	o(/son	ὅσος	o(/sos	urn:cite2:hmt:lsj.chicago_md:n75552	a-s---nv-
ὅσον	o(/son	ὅσος	o(/sos	urn:cite2:hmt:lsj.chicago_md:n75552	a-s---na-
ὅσονπερ	o(/sonper	ὅσος	o(/sos	urn:cite2:hmt:lsj.chicago_md:n75552	a-s---ma-
ὅσονπερ	o(/sonper	ὅσος	o(/sos	urn:cite2:hmt:lsj.chicago_md:n75552	a-s---nn-
ὅσονπερ	o(/sonper	ὅσος	o(/sos	urn:cite2:hmt:lsj.chicago_md:n75552	a-s---nv-
ὅσονπερ	o(/sonper	ὅσος	o(/sos	urn:cite2:hmt:lsj.chicago_md:n75552	a-s---na-
ὅστις	o(/stis	ὅστις	o(/stis	urn:cite2:hmt:lsj.chicago_md:n75598	p-s---mn-
ὅσῳπερ	o(/sw|per	ὅσος	o(/sos	urn:cite2:hmt:lsj.chicago_md:n75552	a-s---md-
ὅσῳπερ	o(/sw|per	ὅσος	o(/sos	urn:cite2:hmt:lsj.chicago_md:n75552	a-s---nd-
ὅσ’	o(/s'	ὅσος	o(/sos	urn:cite2:hmt:lsj.chicago_md:n75552	a-p---nn-
ὅσ’	o(/s'	ὅσος	o(/sos	urn:cite2:hmt:lsj.chicago_md:n75552	a-p---nv-
ὅσ’	o(/s'	ὅσος	o(/sos	urn:cite2:hmt:lsj.chicago_md:n75552	a-p---na-
ὅσ’	o(/s'	ὅσος	o(/sos	urn:cite2:hmt:lsj.chicago_md:n75552	a-s---mv-
ὅσ’	o(/s'	ὅσος	o(/sos	urn:cite2:hmt:lsj.chicago_md:n75552	a-p---fn-
ὅσ’	o(/s'	ὅσος	o(/sos	urn:cite2:hmt:lsj.chicago_md:n75552	a-p---fv-
ὅσ’	o(/s'	ὅσος	o(/sos	urn:cite2:hmt:lsj.chicago_md:n75552	a-s---fd-
ὅταν	o(/tan	ὅταν	o(/tan	urn:cite2:hmt:lsj.chicago_md:n75687	c--------
ὅτι	o(/ti	ὅστις	o(/stis	urn:cite2:hmt:lsj.chicago_md:n75598	p-s---nn-
ὅτι	o(/ti	ὅστις	o(/stis	urn:cite2:hmt:lsj.chicago_md:n75598	p-s---na-
ὅτι	o(/ti	ὅτι1	o(/ti	urn:cite2:hmt:lsj.chicago_md:n75695	d--------
ὅτι	o(/ti	ὅτι2	o(/ti	urn:cite2:hmt:lsj.chicago_md:n75695	c--------
ὅτοις	o(/tois	ὅστις	o(/stis	urn:cite2:hmt:lsj.chicago_md:n75598	p-p---md-
ὅτοις	o(/tois	ὅστις	o(/stis	urn:cite2:hmt:lsj.chicago_md:n75598	p-p---nd-
ὅτου	o(/tou	ὅστις	o(/stis	urn:cite2:hmt:lsj.chicago_md:n75598	p-s---mg-
ὅτου	o(/tou	ὅστις	o(/stis	urn:cite2:hmt:lsj.chicago_md:n75598	p-s---ng-
ὅτ’	o(/t'	ὅστε	o(/ste	urn:cite2:hmt:lsj.chicago_md:n75588	p-s---nn-
ὅτ’	o(/t'	ὅστε	o(/ste	urn:cite2:hmt:lsj.chicago_md:n75588	p-s---nv-
ὅτ’	o(/t'	ὅστε	o(/ste	urn:cite2:hmt:lsj.chicago_md:n75588	p-s---na-
ὅτ’	o(/t'	ὅστις	o(/stis	urn:cite2:hmt:lsj.chicago_md:n75598	p-s---nn-
ὅτ’	o(/t'	ὅστις	o(/stis	urn:cite2:hmt:lsj.chicago_md:n75598	p-s---na-
ὅτ’	o(/t'	ὅτε	o(/te	urn:cite2:hmt:lsj.chicago_md:n75688	c--------
ὅτ’	o(/t'	ὅτε	o(/te	urn:cite2:hmt:lsj.chicago_md:n75688a	c--------
ὅτ’	o(/t'	ὅτε	o(/te	urn:cite2:hmt:lsj.chicago_md:n75689	c--------
ὅτ’	o(/t'	ὅτι1	o(/ti	urn:cite2:hmt:lsj.chicago_md:n75695	d--------
ὅτ’	o(/t'	ὅτι2	o(/ti	urn:cite2:hmt:lsj.chicago_md:n75695	c--------
Ὀλύμπιος	*)olu/mpios	Ὀλύμπιος	*)olu/mpios	urn:cite2:hmt:lsj.chicago_md:n73353	n-s---mn-
Ὀλύμπιος	*)olu/mpios	Ὀλύμπιος	*)olu/mpios	urn:cite2:hmt:lsj.chicago_md:n73353	n-s---fn-
Ὀρτυγίαν	*)ortugi/an	Ὀρτυγία	*)ortugi/a	urn:cite2:hmt:lsj.chicago_md:n75384	n-s---fa-
ὑβριστήν	u(bristh/n	ὑβριστής	u(bristh/s	urn:cite2:hmt:lsj.chicago_md:n106184	n-s---ma-
ὑμεῖς	u(mei=s	σύ	su/	urn:cite2:hmt:lsj.chicago_md:n97456	p-p----n-
ὑμᾶς	u(ma=s	σύ	su/	urn:cite2:hmt:lsj.chicago_md:n97456	p-p----a-
ὑμᾶς	u(ma=s	ὑμός	u(mo/s	urn:cite2:hmt:lsj.chicago_md:n106745	a-s---fg-
ὑμῖν	u(mi=n	σύ	su/	urn:cite2:hmt:lsj.chicago_md:n97456	p-p----d-
ὑμῶν	u(mw=n	σύ	su/	urn:cite2:hmt:lsj.chicago_md:n97456	p-p----g-
ὑμῶν	u(mw=n	ὑμός	u(mo/s	urn:cite2:hmt:lsj.chicago_md:n106745	a-p---fg-
ὑμῶν	u(mw=n	ὑμός	u(mo/s	urn:cite2:hmt:lsj.chicago_md:n106745	a-p---mg-
ὑμῶν	u(mw=n	ὑμός	u(mo/s	urn:cite2:hmt:lsj.chicago_md:n106745	a-p---ng-
ὑπαγκάλισμα	u(pagka/lisma	ὑπαγκάλισμα	u(pagka/lisma	urn:cite2:hmt:lsj.chicago_md:n106787	n-s---nn-
ὑπαγκάλισμα	u(pagka/lisma	ὑπαγκάλισμα	u(pagka/lisma	urn:cite2:hmt:lsj.chicago_md:n106787	n-s---nv-
ὑπαγκάλισμα	u(pagka/lisma	ὑπαγκάλισμα	u(pagka/lisma	urn:cite2:hmt:lsj.chicago_md:n106787	n-s---na-
ὑπαίθων	u(pai/qwn	ὑπαίθω	u(pai/qw	urn:cite2:hmt:lsj.chicago_md:n106817	v-sppamn-
ὑπεκδραμόντα	u(pekdramo/nta	ὑπεκτρέχω	u(pektre/xw	urn:cite2:hmt:lsj.chicago_md:n107102	v-papann-
ὑπεκδραμόντα	u(pekdramo/nta	ὑπεκτρέχω	u(pektre/xw	urn:cite2:hmt:lsj.chicago_md:n107102	v-papanv-
ὑπεκδραμόντα	u(pekdramo/nta	ὑπεκτρέχω	u(pektre/xw	urn:cite2:hmt:lsj.chicago_md:n107102	v-papana-
ὑπεκδραμόντα	u(pekdramo/nta	ὑπεκτρέχω	u(pektre/xw	urn:cite2:hmt:lsj.chicago_md:n107102	v-sapama-
ὑπεκτρέπει	u(pektre/pei	ὑπεκτρέπω	u(pektre/pw	urn:cite2:hmt:lsj.chicago_md:n107101	v2spie---
ὑπεκτρέπει	u(pektre/pei	ὑπεκτρέπω	u(pektre/pw	urn:cite2:hmt:lsj.chicago_md:n107101	v3spia---
ὑπερβαλώμεθα	u(perbalw/meqa	ὑπερβάλλω	u(perba/llw	urn:cite2:hmt:lsj.chicago_md:n107315	v1pase---
ὑπερβαλώμεθα	u(perbalw/meqa	ὑπερβάλλω	u(perba/llw	urn:cite2:hmt:lsj.chicago_md:n107315	v1pasm---
ὑπερτελής	u(pertelh/s	ὑπερτελής	u(pertelh/s	urn:cite2:hmt:lsj.chicago_md:n107885	n-s---mn-
ὑπερτελής	u(pertelh/s	ὑπερτελής	u(pertelh/s	urn:cite2:hmt:lsj.chicago_md:n107885	n-s---fn-
ὑπερχλίοντες	u(perxli/ontes	ὑπερχλίω	u(perxli/w	urn:cite2:hmt:lsj.chicago_md:n107973	v-pppamn-
ὑπερχλίοντες	u(perxli/ontes	ὑπερχλίω	u(perxli/w	urn:cite2:hmt:lsj.chicago_md:n107973	v-pppamv-
ὑποστρέφων	u(postre/fwn	ὑποστρέφω	u(postre/fw	urn:cite2:hmt:lsj.chicago_md:n109246	v-sppamn-
ὑποφόνια	u(pofo/nia	ὑποφόνια	u(pofo/nia	urn:cite2:hmt:lsj.chicago_md:n109518	n-p---nn-
ὑποφόνια	u(pofo/nia	ὑποφόνια	u(pofo/nia	urn:cite2:hmt:lsj.chicago_md:n109518	n-p---nv-
ὑποφόνια	u(pofo/nia	ὑποφόνια	u(pofo/nia	urn:cite2:hmt:lsj.chicago_md:n109518	n-p---na-
ὑποφόνια	u(pofo/nia	ὑποφόνιος	u(pofo/nios	urn:cite2:hmt:lsj.chicago_md:n109519	n-p---nn-
ὑποφόνια	u(pofo/nia	ὑποφόνιος	u(pofo/nios	urn:cite2:hmt:lsj.chicago_md:n109519	n-p---nv-
ὑποφόνια	u(pofo/nia	ὑποφόνιος	u(pofo/nios	urn:cite2:hmt:lsj.chicago_md:n109519	n-p---na-
ὑπέροχον	u(pe/roxon	ὑπέροχος	u(pe/roxos	urn:cite2:hmt:lsj.chicago_md:n107775	n-s---ma-
ὑπέροχον	u(pe/roxon	ὑπέροχος	u(pe/roxos	urn:cite2:hmt:lsj.chicago_md:n107775	n-s---fa-
ὑπέροχον	u(pe/roxon	ὑπέροχος	u(pe/roxos	urn:cite2:hmt:lsj.chicago_md:n107775	n-s---nn-
ὑπέροχον	u(pe/roxon	ὑπέροχος	u(pe/roxos	urn:cite2:hmt:lsj.chicago_md:n107775	n-s---nv-
ὑπέροχον	u(pe/roxon	ὑπέροχος	u(pe/roxos	urn:cite2:hmt:lsj.chicago_md:n107775	n-s---na-
ὑπέχοντι	u(pe/xonti	ὑπέχω	u(pe/xw	urn:cite2:hmt:lsj.chicago_md:n108024	v-sppamd-
ὑπέχοντι	u(pe/xonti	ὑπέχω	u(pe/xw	urn:cite2:hmt:lsj.chicago_md:n108024	v-sppand-
ὑπέχοντι	u(pe/xonti	ὑπέχω	u(pe/xw	urn:cite2:hmt:lsj.chicago_md:n108024	v3ppia---
ὑπό	u(po/	ὑπό	u(po/	urn:cite2:hmt:lsj.chicago_md:n108092	r--------
ὑπόστεγον	u(po/stegon	ὑπόστεγος	u(po/stegos	urn:cite2:hmt:lsj.chicago_md:n109206	n-s---ma-
ὑπόστεγον	u(po/stegon	ὑπόστεγος	u(po/stegos	urn:cite2:hmt:lsj.chicago_md:n109206	n-s---fa-
ὑπόστεγον	u(po/stegon	ὑπόστεγος	u(po/stegos	urn:cite2:hmt:lsj.chicago_md:n109206	n-s---nn-
ὑπόστεγον	u(po/stegon	ὑπόστεγος	u(po/stegos	urn:cite2:hmt:lsj.chicago_md:n109206	n-s---nv-
ὑπόστεγον	u(po/stegon	ὑπόστεγος	u(po/stegos	urn:cite2:hmt:lsj.chicago_md:n109206	n-s---na-
ὑπόστεγον	u(po/stegon	ὑποστέγω	u(poste/gw	urn:cite2:hmt:lsj.chicago_md:n109207	v3piia---
ὑπόστεγον	u(po/stegon	ὑποστέγω	u(poste/gw	urn:cite2:hmt:lsj.chicago_md:n109207	v1siia---
ὑστάτη	u(sta/th	ὕστατος	u(/statos	urn:cite2:hmt:lsj.chicago_md:n109728	a-s---fn-
ὑστάτη	u(sta/th	ὕστατος	u(/statos	urn:cite2:hmt:lsj.chicago_md:n109728	a-s---fv-
ὑστάτη	u(sta/th	ὕστερος	u(/steros	urn:cite2:hmt:lsj.chicago_md:n109757	a-s---fn-
ὑστάτη	u(sta/th	ὕστερος	u(/steros	urn:cite2:hmt:lsj.chicago_md:n109757	a-s---fv-
ὑστάτην	u(sta/thn	ὕστατος	u(/statos	urn:cite2:hmt:lsj.chicago_md:n109728	a-s---fa-
ὑστάτην	u(sta/thn	ὕστερος	u(/steros	urn:cite2:hmt:lsj.chicago_md:n109757	a-s---fa-
ὑστάτοις	u(sta/tois	ὕστατος	u(/statos	urn:cite2:hmt:lsj.chicago_md:n109728	a-p---md-
ὑστάτοις	u(sta/tois	ὕστατος	u(/statos	urn:cite2:hmt:lsj.chicago_md:n109728	a-p---nd-
ὑστάτοις	u(sta/tois	ὕστερος	u(/steros	urn:cite2:hmt:lsj.chicago_md:n109757	a-p---md-
ὑστάτοις	u(sta/tois	ὕστερος	u(/steros	urn:cite2:hmt:lsj.chicago_md:n109757	a-p---nd-
ὑστέρῳ	u(ste/rw|	ὕστερον	u(/steron	urn:cite2:hmt:lsj.chicago_md:n109750	n-s---nd-
ὑστέρῳ	u(ste/rw|	ὕστερος	u(/steros	urn:cite2:hmt:lsj.chicago_md:n109757	a-s---md-
ὑστέρῳ	u(ste/rw|	ὕστερος	u(/steros	urn:cite2:hmt:lsj.chicago_md:n109757	a-s---nd-
ὑφαντόν	u(fanto/n	ὑφαντός	u(fanto/s	urn:cite2:hmt:lsj.chicago_md:n109801	a-s---ma-
ὑφαντόν	u(fanto/n	ὑφαντός	u(fanto/s	urn:cite2:hmt:lsj.chicago_md:n109801	a-s---nn-
ὑφαντόν	u(fanto/n	ὑφαντός	u(fanto/s	urn:cite2:hmt:lsj.chicago_md:n109801	a-s---nv-
ὑφαντόν	u(fanto/n	ὑφαντός	u(fanto/s	urn:cite2:hmt:lsj.chicago_md:n109801	a-s---na-
ὑφ’	u(f'	ὑφή	u(fh/	urn:cite2:hmt:lsj.chicago_md:n109840	n-d---fn-
ὑφ’	u(f'	ὑφή	u(fh/	urn:cite2:hmt:lsj.chicago_md:n109840	n-d---fv-
ὑφ’	u(f'	ὑφή	u(fh/	urn:cite2:hmt:lsj.chicago_md:n109840	n-d---fa-
ὑφ’	u(f'	ὑφή	u(fh/	urn:cite2:hmt:lsj.chicago_md:n109840	n-s---fn-
ὑφ’	u(f'	ὑφή	u(fh/	urn:cite2:hmt:lsj.chicago_md:n109840	n-s---fv-
ὑφ’	u(f'	ὑφή	u(fh/	urn:cite2:hmt:lsj.chicago_md:n109840	n-p---fn-
ὑφ’	u(f'	ὑφή	u(fh/	urn:cite2:hmt:lsj.chicago_md:n109840	n-p---fv-
ὑφ’	u(f'	ὑπό	u(po/	urn:cite2:hmt:lsj.chicago_md:n108092	r--------
ὑφ’	u(f'	ὑπό	u(po/	urn:cite2:hmt:lsj.chicago_md:n108092	r--------
ὑψίκερω	u(yi/kerw	ὑψίκερως	u(yi/kerws	urn:cite2:hmt:lsj.chicago_md:n109958	n-d---mn-
ὑψίκερω	u(yi/kerw	ὑψίκερως	u(yi/kerws	urn:cite2:hmt:lsj.chicago_md:n109958	n-d---mv-
ὑψίκερω	u(yi/kerw	ὑψίκερως	u(yi/kerws	urn:cite2:hmt:lsj.chicago_md:n109958	n-d---ma-
ὑψίκερω	u(yi/kerw	ὑψίκερως	u(yi/kerws	urn:cite2:hmt:lsj.chicago_md:n109958	n-d---fn-
ὑψίκερω	u(yi/kerw	ὑψίκερως	u(yi/kerws	urn:cite2:hmt:lsj.chicago_md:n109958	n-d---fv-
ὑψίκερω	u(yi/kerw	ὑψίκερως	u(yi/kerws	urn:cite2:hmt:lsj.chicago_md:n109958	n-d---fa-
ὑψίκερω	u(yi/kerw	ὑψίκερως	u(yi/kerws	urn:cite2:hmt:lsj.chicago_md:n109958	n-d---nn-
ὑψίκερω	u(yi/kerw	ὑψίκερως	u(yi/kerws	urn:cite2:hmt:lsj.chicago_md:n109958	n-d---nv-
ὑψίκερω	u(yi/kerw	ὑψίκερως	u(yi/kerws	urn:cite2:hmt:lsj.chicago_md:n109958	n-d---na-
ὑψίκερω	u(yi/kerw	ὑψίκερως	u(yi/kerws	urn:cite2:hmt:lsj.chicago_md:n109958	n-s---mg-
ὑψίκερω	u(yi/kerw	ὑψίκερως	u(yi/kerws	urn:cite2:hmt:lsj.chicago_md:n109958	n-s---fg-
ὑψίκερω	u(yi/kerw	ὑψίκερως	u(yi/kerws	urn:cite2:hmt:lsj.chicago_md:n109958	n-s---ng-
ὑψίπυργον	u(yi/purgon	ὑψίπυργος	u(yi/purgos	urn:cite2:hmt:lsj.chicago_md:n109990	n-s---ma-
ὑψίπυργον	u(yi/purgon	ὑψίπυργος	u(yi/purgos	urn:cite2:hmt:lsj.chicago_md:n109990	n-s---fa-
ὑψίπυργον	u(yi/purgon	ὑψίπυργος	u(yi/purgos	urn:cite2:hmt:lsj.chicago_md:n109990	n-s---nn-
ὑψίπυργον	u(yi/purgon	ὑψίπυργος	u(yi/purgos	urn:cite2:hmt:lsj.chicago_md:n109990	n-s---nv-
ὑψίπυργον	u(yi/purgon	ὑψίπυργος	u(yi/purgos	urn:cite2:hmt:lsj.chicago_md:n109990	n-s---na-
ὕβριν	u(/brin	ὕβρις	u(/bris	urn:cite2:hmt:lsj.chicago_md:n106177	n-s---fa-
ὕδραν	u(/dran	ὕδρα	u(/dra	urn:cite2:hmt:lsj.chicago_md:n106339	n-s---fa-
ὕδρας	u(/dras	ὕδρα	u(/dra	urn:cite2:hmt:lsj.chicago_md:n106339	n-p---fa-
ὕδρας	u(/dras	ὕδρα	u(/dra	urn:cite2:hmt:lsj.chicago_md:n106339	n-s---fg-
ὕλην	u(/lhn	ὕλη	u(/lh	urn:cite2:hmt:lsj.chicago_md:n106601	n-s---fa-
ὕλην	u(/lhn	ὑλάω	u(la/w	urn:cite2:hmt:lsj.chicago_md:n106597	v3piia---
ὕλην	u(/lhn	ὑλάω	u(la/w	urn:cite2:hmt:lsj.chicago_md:n106597	v1siia---
ὕλην	u(/lhn	ὑλάω	u(la/w	urn:cite2:hmt:lsj.chicago_md:n106597	v3piia---
ὕλην	u(/lhn	ὑλάω	u(la/w	urn:cite2:hmt:lsj.chicago_md:n106597	v1siia---
ὕπερ	u(/per	ὑπέρ	u(pe/r	urn:cite2:hmt:lsj.chicago_md:n107183	r--------
ὕπνον	u(/pnon	ὕπνον	u(/pnon	urn:cite2:hmt:lsj.chicago_md:n108078	n-s---nn-
ὕπνον	u(/pnon	ὕπνον	u(/pnon	urn:cite2:hmt:lsj.chicago_md:n108078	n-s---nv-
ὕπνον	u(/pnon	ὕπνον	u(/pnon	urn:cite2:hmt:lsj.chicago_md:n108078	n-s---na-
ὕπνον	u(/pnon	ὕπνος	u(/pnos	urn:cite2:hmt:lsj.chicago_md:n108081	n-s---ma-
ὕπνῳ	u(/pnw|	ὕπνον	u(/pnon	urn:cite2:hmt:lsj.chicago_md:n108078	n-s---nd-
ὕπνῳ	u(/pnw|	ὕπνος	u(/pnos	urn:cite2:hmt:lsj.chicago_md:n108081	n-s---md-
ὕστατον	u(/staton	ὕστατος	u(/statos	urn:cite2:hmt:lsj.chicago_md:n109728	a-s---ma-
ὕστατον	u(/staton	ὕστατος	u(/statos	urn:cite2:hmt:lsj.chicago_md:n109728	a-s---nn-
ὕστατον	u(/staton	ὕστατος	u(/statos	urn:cite2:hmt:lsj.chicago_md:n109728	a-s---nv-
ὕστατον	u(/staton	ὕστατος	u(/statos	urn:cite2:hmt:lsj.chicago_md:n109728	a-s---na-
ὕστατον	u(/staton	ὕστερος	u(/steros	urn:cite2:hmt:lsj.chicago_md:n109757	a-s---ma-
ὕστατον	u(/staton	ὕστερος	u(/steros	urn:cite2:hmt:lsj.chicago_md:n109757	a-s---nn-
ὕστατον	u(/staton	ὕστερος	u(/steros	urn:cite2:hmt:lsj.chicago_md:n109757	a-s---nv-
ὕστατον	u(/staton	ὕστερος	u(/steros	urn:cite2:hmt:lsj.chicago_md:n109757	a-s---na-
ὕστερον	u(/steron	ὕστερον	u(/steron	urn:cite2:hmt:lsj.chicago_md:n109750	n-s---nn-
ὕστερον	u(/steron	ὕστερον	u(/steron	urn:cite2:hmt:lsj.chicago_md:n109750	n-s---nv-
ὕστερον	u(/steron	ὕστερον	u(/steron	urn:cite2:hmt:lsj.chicago_md:n109750	n-s---na-
ὕστερον	u(/steron	ὕστερος	u(/steros	urn:cite2:hmt:lsj.chicago_md:n109757	a-s---ma-
ὕστερον	u(/steron	ὕστερος	u(/steros	urn:cite2:hmt:lsj.chicago_md:n109757	a-s---nn-
ὕστερον	u(/steron	ὕστερος	u(/steros	urn:cite2:hmt:lsj.chicago_md:n109757	a-s---nv-
ὕστερον	u(/steron	ὕστερος	u(/steros	urn:cite2:hmt:lsj.chicago_md:n109757	a-s---na-
ὕψιστον	u(/yiston	ὕψιστος	u(/yistos	urn:cite2:hmt:lsj.chicago_md:n109992	a-s---ma-
ὕψιστον	u(/yiston	ὕψιστος	u(/yistos	urn:cite2:hmt:lsj.chicago_md:n109992	a-s---nn-
ὕψιστον	u(/yiston	ὕψιστος	u(/yistos	urn:cite2:hmt:lsj.chicago_md:n109992	a-s---nv-
ὕψιστον	u(/yiston	ὕψιστος	u(/yistos	urn:cite2:hmt:lsj.chicago_md:n109992	a-s---na-
Ὕλλον	*(/ullon	Ὕλλος	*(/ullos	urn:cite2:hmt:lsj.chicago_md:n106635	n-s---ma-
Ὕλλον	*(/ullon	ὕλλος	u(/llos	urn:cite2:hmt:lsj.chicago_md:n106635	n-s---ma-
ὠδίνουσα	w)di/nousa	ὠδίνω	w)di/nw	urn:cite2:hmt:lsj.chicago_md:n116058	v-sppafn-
ὠδίνουσα	w)di/nousa	ὠδίνω	w)di/nw	urn:cite2:hmt:lsj.chicago_md:n116058	v-sppafv-
ὠδῖνας	w)di=nas	ὠδίς	w)di/s	urn:cite2:hmt:lsj.chicago_md:n116059	n-p---fa-
ὠκυπέτᾳ	w)kupe/ta|	ὠκυπέτης	w)kupe/ths	urn:cite2:hmt:lsj.chicago_md:n116122	n-p---mn-
ὠκυπέτᾳ	w)kupe/ta|	ὠκυπέτης	w)kupe/ths	urn:cite2:hmt:lsj.chicago_md:n116122	n-p---mv-
ὠκυπέτᾳ	w)kupe/ta|	ὠκυπέτης	w)kupe/ths	urn:cite2:hmt:lsj.chicago_md:n116122	n-s---md-
ὠλεκόμαν	w)leko/man	ὀλέκω	o)le/kw	urn:cite2:hmt:lsj.chicago_md:n72934	v1siie---
ὠλένην	w)le/nhn	ὠλένη	w)le/nh	urn:cite2:hmt:lsj.chicago_md:n116150	n-s---fa-
ὠμόφρονος	w)mo/fronos	ὠμόφρων	w)mo/frwn	urn:cite2:hmt:lsj.chicago_md:n116237	n-s---mg-
ὠμόφρονος	w)mo/fronos	ὠμόφρων	w)mo/frwn	urn:cite2:hmt:lsj.chicago_md:n116237	n-s---fg-
ὠνομασμένος	w)nomasme/nos	ὀνομάζω	o)noma/zw	urn:cite2:hmt:lsj.chicago_md:n74127	v-srpemn-
ὠρφανισμένος	w)rfanisme/nos	ὀρφανίζω	o)rfani/zw	urn:cite2:hmt:lsj.chicago_md:n75439	v-srpemn-
ὡρμᾶτ’	w(rma=t'	ὁρμάω	o(rma/w	urn:cite2:hmt:lsj.chicago_md:n75152	v3siie---
ὡρμᾶτ’	w(rma=t'	ὁρμάω	o(rma/w	urn:cite2:hmt:lsj.chicago_md:n75152	v2piia---
ὡς	w(s	ὡς	w(s	urn:cite2:hmt:lsj.chicago_md:n116401	c--------
ὡσαύτως	w(sau/tws	ὡσαύτως	w(sau/tws	urn:cite2:hmt:lsj.chicago_md:n116408	d--------
ὤλλυτο	w)/lluto	ὄλλυμι	o)/llumi	urn:cite2:hmt:lsj.chicago_md:n73172	v3siie---
ὤμοι	w)/moi	ὤμοι	w)/moi	urn:cite2:hmt:lsj.chicago_md:n116208	x--------
ὤμοις	w)/mois	ὦμος	w)=mos	urn:cite2:hmt:lsj.chicago_md:n116218	n-p---md-
ὤν	w)/n	εἰμί	ei)mi/	urn:cite2:hmt:lsj.chicago_md:n31130	v-sppamn-
ὤραν	w)/ran	ὤρα	w)/ra	urn:cite2:hmt:lsj.chicago_md:n116292	n-s---fa-
ὤφελον	w)/felon	ὀφείλω	o)fei/lw	urn:cite2:hmt:lsj.chicago_md:n76079	v3paia---
ὤφελον	w)/felon	ὀφείλω	o)fei/lw	urn:cite2:hmt:lsj.chicago_md:n76079	v1saia---
ὥς	w(/s	ὅς	o(/s	urn:cite2:hmt:lsj.chicago_md:n75512	p-p---ma-
ὥς	w(/s	ὅς	o(/s	urn:cite2:hmt:lsj.chicago_md:n75513	p-p---ma-
ὥς	w(/s	ὡς	w(s	urn:cite2:hmt:lsj.chicago_md:n116401	c--------
ὥς	w(/s	ὡς	w(s	urn:cite2:hmt:lsj.chicago_md:n116401	d--------
ὥσθ’	w(/sq'	ὥστε	w(/ste	urn:cite2:hmt:lsj.chicago_md:n116421	d--------
ὥσπερ	w(/sper	ὥσπερ	w(/sper	urn:cite2:hmt:lsj.chicago_md:n116416	d--------
ὥστε	w(/ste	ὥστε	w(/ste	urn:cite2:hmt:lsj.chicago_md:n116421	d--------
ὦ	w)=	εἰμί	ei)mi/	urn:cite2:hmt:lsj.chicago_md:n31130	v1spsa---
ὦ	w)=	ὦ	w)=	urn:cite2:hmt:lsj.chicago_md:n116027	x--------
ὦναξ	w)=nac	ἄναξ	a)/nac	urn:cite2:hmt:lsj.chicago_md:n7094	n-s---mn-
ὦναξ	w)=nac	ἄναξ	a)/nac	urn:cite2:hmt:lsj.chicago_md:n7094	n-s---mv-
ὧδε	w(=de	ὧδε	w(=de	urn:cite2:hmt:lsj.chicago_md:n116050	d--------
ὧδ’	w(=d'	ὧδε	w(=de	urn:cite2:hmt:lsj.chicago_md:n116050	d--------
ὧν	w(=n	ὅς	o(/s	urn:cite2:hmt:lsj.chicago_md:n75512	p-p---fg-
ὧν	w(=n	ὅς	o(/s	urn:cite2:hmt:lsj.chicago_md:n75513	p-p---fg-
ὧν	w(=n	ὅς	o(/s	urn:cite2:hmt:lsj.chicago_md:n75512	p-p---mg-
ὧν	w(=n	ὅς	o(/s	urn:cite2:hmt:lsj.chicago_md:n75513	p-p---mg-
ὧν	w(=n	ὅς	o(/s	urn:cite2:hmt:lsj.chicago_md:n75512	p-p---ng-
ὧν	w(=n	ὅς	o(/s	urn:cite2:hmt:lsj.chicago_md:n75513	p-p---ng-
ᾄσσεις	a)/|sseis	ἀίσσω	a)i/ssw	urn:cite2:hmt:lsj.chicago_md:n2685	v2spia---
ᾕρει	h(/|rei	αἱρέω	ai(re/w	urn:cite2:hmt:lsj.chicago_md:n2654	v3siia---
ᾖ	h)=|	εἰμί	ei)mi/	urn:cite2:hmt:lsj.chicago_md:n31130	v3spsa---
ᾗ	h(=|	ᾗ	h(=|	urn:cite2:hmt:lsj.chicago_md:n46574	d--------
ᾗ	h(=|	ἵημι	i(/hmi	urn:cite2:hmt:lsj.chicago_md:n50165	v2sasm---
ᾗ	h(=|	ἵημι	i(/hmi	urn:cite2:hmt:lsj.chicago_md:n50165	v3sasa---
ᾗ	h(=|	ἵημι	i(/hmi	urn:cite2:hmt:lsj.chicago_md:n50165	v3sasa---
ᾗ	h(=|	ὅς	o(/s	urn:cite2:hmt:lsj.chicago_md:n75512	p-s---fd-
ᾗ	h(=|	ὅς	o(/s	urn:cite2:hmt:lsj.chicago_md:n75513	p-s---fd-
ᾠνωμένος	w)|nwme/nos	οἰνόω	oi)no/w	urn:cite2:hmt:lsj.chicago_md:n72588	v-srpemn-
ᾤκτισα	w)/|ktisa	οἰκτίζω	oi)kti/zw	urn:cite2:hmt:lsj.chicago_md:n72392	v1saia---
ᾤκτισας	w)/|ktisas	οἰκτίζω	oi)kti/zw	urn:cite2:hmt:lsj.chicago_md:n72392	v2saia---
ᾤμωξεν	w)/|mwcen	οἰμώσσω	oi)mw/ssw	urn:cite2:hmt:lsj.chicago_md:n72443	v3saia---
ᾤμωξεν	w)/|mwcen	οἰμώζω	oi)mw/zw	urn:cite2:hmt:lsj.chicago_md:n72437	v3saia---
ᾤχετο	w)/|xeto	οἴχομαι	oi)/xomai	urn:cite2:hmt:lsj.chicago_md:n72712	v3siie---
ᾧ	w(=|	ὅς	o(/s	urn:cite2:hmt:lsj.chicago_md:n75512	p-s---md-
ᾧ	w(=|	ὅς	o(/s	urn:cite2:hmt:lsj.chicago_md:n75513	p-s---md-
ᾧ	w(=|	ὅς	o(/s	urn:cite2:hmt:lsj.chicago_md:n75512	p-s---nd-
ᾧ	w(=|	ὅς	o(/s	urn:cite2:hmt:lsj.chicago_md:n75513	p-s---nd-
ῥαβδονόμει	r(abdono/mei	ῥαβδονομέω	r(abdonome/w	urn:cite2:hmt:lsj.chicago_md:n92037	v2spma---
ῥαβδονόμει	r(abdono/mei	ῥαβδονομέω	r(abdonome/w	urn:cite2:hmt:lsj.chicago_md:n92037	v3siia---
ῥαίοιτο	r(ai/oito	ῥαίω	r(ai/w	urn:cite2:hmt:lsj.chicago_md:n92118	v3spoe---
ῥείτω	r(ei/tw	ῥέω	r(e/w	urn:cite2:hmt:lsj.chicago_md:n92316	v3spma---
ῥείτω	r(ei/tw	ῥείτης	r(ei/ths	urn:cite2:hmt:lsj.chicago_md:n92279	n-s---mg-
ῥεῖ	r(ei=	ῥέω	r(e/w	urn:cite2:hmt:lsj.chicago_md:n92316	v2spie---
ῥεῖ	r(ei=	ῥέω	r(e/w	urn:cite2:hmt:lsj.chicago_md:n92316	v2spma---
ῥεῖ	r(ei=	ῥέω	r(e/w	urn:cite2:hmt:lsj.chicago_md:n92316	v3spia---
ῥεῖ	r(ei=	ῥέω	r(e/w	urn:cite2:hmt:lsj.chicago_md:n92316	v3siia---
ῥιπτεῖ	r(iptei=	ῥίπτω	r(i/ptw	urn:cite2:hmt:lsj.chicago_md:n92532	v2spie---
ῥιπτεῖ	r(iptei=	ῥίπτω	r(i/ptw	urn:cite2:hmt:lsj.chicago_md:n92532	v3spia---
ῥιπτεῖ	r(iptei=	ῥιπτέω	r(ipte/w	urn:cite2:hmt:lsj.chicago_md:n92528	v2spie---
ῥιπτεῖ	r(iptei=	ῥιπτέω	r(ipte/w	urn:cite2:hmt:lsj.chicago_md:n92528	v3spia---
ῥιπτός	r(ipto/s	ῥιπτός	r(ipto/s	urn:cite2:hmt:lsj.chicago_md:n92531	a-s---mn-
ῥοπῇ	r(oph=|	ῥοπή	r(oph/	urn:cite2:hmt:lsj.chicago_md:n92711	n-s---fd-
ῥοφεῖ	r(ofei=	ῥοφέω	r(ofe/w	urn:cite2:hmt:lsj.chicago_md:n92730	v2spie---
ῥοφεῖ	r(ofei=	ῥοφέω	r(ofe/w	urn:cite2:hmt:lsj.chicago_md:n92730	v3spia---
ῥέξῃ	r(e/ch|	ῥέζω	r(e/zw	urn:cite2:hmt:lsj.chicago_md:n92269	v2sasm---
ῥέξῃ	r(e/ch|	ῥέζω	r(e/zw	urn:cite2:hmt:lsj.chicago_md:n92269a	v2sasm---
ῥέξῃ	r(e/ch|	ῥέζω	r(e/zw	urn:cite2:hmt:lsj.chicago_md:n92270	v2sasm---
ῥέξῃ	r(e/ch|	ῥέζω	r(e/zw	urn:cite2:hmt:lsj.chicago_md:n92269	v3sasa---
ῥέξῃ	r(e/ch|	ῥέζω	r(e/zw	urn:cite2:hmt:lsj.chicago_md:n92269a	v3sasa---
ῥέξῃ	r(e/ch|	ῥέζω	r(e/zw	urn:cite2:hmt:lsj.chicago_md:n92270	v3sasa---
ῥέξῃ	r(e/ch|	ῥέζω	r(e/zw	urn:cite2:hmt:lsj.chicago_md:n92269	v2sfim---
ῥέξῃ	r(e/ch|	ῥέζω	r(e/zw	urn:cite2:hmt:lsj.chicago_md:n92269a	v2sfim---
ῥέξῃ	r(e/ch|	ῥέζω	r(e/zw	urn:cite2:hmt:lsj.chicago_md:n92270	v2sfim---
ῥήξασα	r(h/casa	ῥήγνυμι	r(h/gnumi	urn:cite2:hmt:lsj.chicago_md:n92323	v-sapafn-
ῥήξασα	r(h/casa	ῥήγνυμι	r(h/gnumi	urn:cite2:hmt:lsj.chicago_md:n92323	v-sapafv-
ῥήξασα	r(h/casa	ῥήσσω	r(h/ssw	urn:cite2:hmt:lsj.chicago_md:n92356	v-sapafn-
ῥήξασα	r(h/casa	ῥήσσω	r(h/ssw	urn:cite2:hmt:lsj.chicago_md:n92356	v-sapafv-
ῥίπτων	r(i/ptwn	ῥίπτω	r(i/ptw	urn:cite2:hmt:lsj.chicago_md:n92532	v-sppamn-
ῥίψασά	r(i/yasa/	ῥίπτω	r(i/ptw	urn:cite2:hmt:lsj.chicago_md:n92532	v-sapafn-
ῥίψασά	r(i/yasa/	ῥίπτω	r(i/ptw	urn:cite2:hmt:lsj.chicago_md:n92532	v-sapafv-
ῥόπαλόν	r(o/palo/n	ῥόπαλον	r(o/palon	urn:cite2:hmt:lsj.chicago_md:n92706	n-s---nn-
ῥόπαλόν	r(o/palo/n	ῥόπαλον	r(o/palon	urn:cite2:hmt:lsj.chicago_md:n92706	n-s---nv-
ῥόπαλόν	r(o/palo/n	ῥόπαλον	r(o/palon	urn:cite2:hmt:lsj.chicago_md:n92706	n-s---na-
ῥώμαν	r(w/man	ῥώμη	r(w/mh	urn:cite2:hmt:lsj.chicago_md:n92927	n-s---fa-
ῥώμαν	r(w/man	ῥώμη	r(w/mh	urn:cite2:hmt:lsj.chicago_md:n92928	n-s---fa-
’βόησε	'bo/hse	βοάω	boa/w	urn:cite2:hmt:lsj.chicago_md:n20195	v3saia---
’καλεῖτο	'kalei=to	καλέω	kale/w	urn:cite2:hmt:lsj.chicago_md:n52571	v3siie---
’κλαιε	'klaie	κλαίω	klai/w	urn:cite2:hmt:lsj.chicago_md:n57683	v3siia---
’μοί	'moi/	ἁμόσ1	a(mo/s	urn:cite2:hmt:lsj.chicago_md:n5446	a-p---mn-
’μοί	'moi/	ἁμόσ1	a(mo/s	urn:cite2:hmt:lsj.chicago_md:n5447	a-p---mn-
’μοί	'moi/	ἁμόσ1	a(mo/s	urn:cite2:hmt:lsj.chicago_md:n5446	a-p---mv-
’μοί	'moi/	ἁμόσ1	a(mo/s	urn:cite2:hmt:lsj.chicago_md:n5447	a-p---mv-
’μοί	'moi/	ἀμόω	a)mo/w	urn:cite2:hmt:lsj.chicago_md:n5461	v2spse---
’μοί	'moi/	ἀμόω	a)mo/w	urn:cite2:hmt:lsj.chicago_md:n5461	v2spie---
’μοί	'moi/	ἀμόω	a)mo/w	urn:cite2:hmt:lsj.chicago_md:n5461	v3spsa---
’μοί	'moi/	ἐγώ	e)gw/	urn:cite2:hmt:lsj.chicago_md:n30657	p-s---md-
’μοί	'moi/	ἐγώ	e)gw/	urn:cite2:hmt:lsj.chicago_md:n30657	p-s---fd-
’μοί	'moi/	ἐμός	e)mo/s	urn:cite2:hmt:lsj.chicago_md:n34194	a-p---mn-
’μοί	'moi/	ἐμός	e)mo/s	urn:cite2:hmt:lsj.chicago_md:n34194	a-p---mv-
’μοί	'moi/	ἡμός	h(mo/s	urn:cite2:hmt:lsj.chicago_md:n47379	a-p---mn-
’μοί	'moi/	ἡμός	h(mo/s	urn:cite2:hmt:lsj.chicago_md:n47379	a-p---mv-
’ξ	'c	ἐκ	e)k	urn:cite2:hmt:lsj.chicago_md:n31575	r--------
’ξεγερεῖς	'cegerei=s	ἐξεγείρω	e)cegei/rw	urn:cite2:hmt:lsj.chicago_md:n37043	v2sfia---
’πιθυμεῖν	'piqumei=n	ἐπιθυμέω	e)piqume/w	urn:cite2:hmt:lsj.chicago_md:n39482	v--pna---
’πιθυμεῖν	'piqumei=n	ἐπιθυμέω	e)piqume/w	urn:cite2:hmt:lsj.chicago_md:n39482	v--pna---
’πιμεῖναι	'pimei=nai	ἐπιμένω	e)pime/nw	urn:cite2:hmt:lsj.chicago_md:n40179	v--ana---
’πόρευε	'po/reue	ἐφορεύω	e)foreu/w	urn:cite2:hmt:lsj.chicago_md:n45830	v2spma---
’πόρευε	'po/reue	ἐφορεύω	e)foreu/w	urn:cite2:hmt:lsj.chicago_md:n45830	v3siia---
’πόρευε	'po/reue	πορεύω	poreu/w	urn:cite2:hmt:lsj.chicago_md:n85734	v3siia---
’στ’	'st'	ἀστή	a)sth/	urn:cite2:hmt:lsj.chicago_md:n16522	n-d---fn-
’στ’	'st'	ἀστή	a)sth/	urn:cite2:hmt:lsj.chicago_md:n16522	n-d---fv-
’στ’	'st'	ἀστή	a)sth/	urn:cite2:hmt:lsj.chicago_md:n16522	n-d---fa-
’στ’	'st'	ἀστή	a)sth/	urn:cite2:hmt:lsj.chicago_md:n16522	n-s---fn-
’στ’	'st'	ἀστή	a)sth/	urn:cite2:hmt:lsj.chicago_md:n16522	n-s---fv-
’στ’	'st'	ἀστή	a)sth/	urn:cite2:hmt:lsj.chicago_md:n16522	n-p---fn-
’στ’	'st'	ἀστή	a)sth/	urn:cite2:hmt:lsj.chicago_md:n16522	n-p---fv-
’στ’	'st'	ἀστός	a)sto/s	urn:cite2:hmt:lsj.chicago_md:n16565	n-s---mv-
’στ’	'st'	εἰμί	ei)mi/	urn:cite2:hmt:lsj.chicago_md:n31130	v3spia---
’στ’	'st'	εἰμί	ei)mi/	urn:cite2:hmt:lsj.chicago_md:n31130	v2ppia---
