form	token_urn	expanded_form	presentation_form
Τολμαίου’	urn:cts:greekLit:tlg0003.tlg001.fu:4.119.2.token.58		Τολμαίου’
αἵδ’	urn:cts:greekLit:tlg0003.tlg001.fu:1.23.6.token.33		αἵδ’
γ’	urn:cts:greekLit:tlg0003.tlg001.fu:1.33.4.token.3	γε	γε
γ’	urn:cts:greekLit:tlg0003.tlg001.fu:1.40.4.token.3	γε	γε
γ’	urn:cts:greekLit:tlg0003.tlg001.fu:1.76.4.token.2	γε	γε
γ’	urn:cts:greekLit:tlg0003.tlg001.fu:1.77.6.token.2	γε	γε
γ’	urn:cts:greekLit:tlg0003.tlg001.fu:3.11.8.token.5	γε	γε
γ’	urn:cts:greekLit:tlg0003.tlg001.fu:3.39.6.token.31	γε	γε
γ’	urn:cts:greekLit:tlg0003.tlg001.fu:3.94.2.token.46	γε	γε
γ’	urn:cts:greekLit:tlg0003.tlg001.fu:4.27.5.token.34	γε	γε
γ’	urn:cts:greekLit:tlg0003.tlg001.fu:4.87.4.token.5	γε	γε
γ’	urn:cts:greekLit:tlg0003.tlg001.fu:5.46.3.token.20	γε	γε
γ’	urn:cts:greekLit:tlg0003.tlg001.fu:6.37.1.token.46	γε	γε
γ’	urn:cts:greekLit:tlg0003.tlg001.fu:7.15.1.token.44	γε	γε
γ’	urn:cts:greekLit:tlg0003.tlg001.fu:7.66.3.token.10	γε	γε
γ’	urn:cts:greekLit:tlg0003.tlg001.fu:8.2.2.token.27	γε	γε
δι’	urn:cts:greekLit:tlg0003.tlg001.fu:1.2.2.token.62	διά	διά
δι’	urn:cts:greekLit:tlg0003.tlg001.fu:1.3.4.token.21	διά	διά
δι’	urn:cts:greekLit:tlg0003.tlg001.fu:1.11.3.token.2	διά	διά
δι’	urn:cts:greekLit:tlg0003.tlg001.fu:1.17.1.token.26	διά	διά
δι’	urn:cts:greekLit:tlg0003.tlg001.fu:1.18.1.token.80	διά	διά
δι’	urn:cts:greekLit:tlg0003.tlg001.fu:1.32.4.token.27	διά	διά
δι’	urn:cts:greekLit:tlg0003.tlg001.fu:1.33.3.token.5	διά	διά
δι’	urn:cts:greekLit:tlg0003.tlg001.fu:1.36.1.token.13	διά	διά
δι’	urn:cts:greekLit:tlg0003.tlg001.fu:1.40.4.token.31	διά	διά
δι’	urn:cts:greekLit:tlg0003.tlg001.fu:1.41.2.token.30	διά	διά
δι’	urn:cts:greekLit:tlg0003.tlg001.fu:1.68.2.token.34	διά	διά
δι’	urn:cts:greekLit:tlg0003.tlg001.fu:1.70.8.token.8	διά	διά
δι’	urn:cts:greekLit:tlg0003.tlg001.fu:1.71.3.token.30	διά	διά
δι’	urn:cts:greekLit:tlg0003.tlg001.fu:1.71.5.token.22	διά	διά
δι’	urn:cts:greekLit:tlg0003.tlg001.fu:1.73.2.token.31	διά	διά
δι’	urn:cts:greekLit:tlg0003.tlg001.fu:1.77.6.token.29	διά	διά
δι’	urn:cts:greekLit:tlg0003.tlg001.fu:1.83.2.token.22	διά	διά
δι’	urn:cts:greekLit:tlg0003.tlg001.fu:1.84.2.token.11	διά	διά
δι’	urn:cts:greekLit:tlg0003.tlg001.fu:1.120.3.token.1	διά	διά
δι’	urn:cts:greekLit:tlg0003.tlg001.fu:1.120.4.token.15	διά	διά
δι’	urn:cts:greekLit:tlg0003.tlg001.fu:1.128.1.token.34	διά	διά
δι’	urn:cts:greekLit:tlg0003.tlg001.fu:1.128.7.token.63	διά	διά
δι’	urn:cts:greekLit:tlg0003.tlg001.fu:1.130.2.token.19	διά	διά
δι’	urn:cts:greekLit:tlg0003.tlg001.fu:1.131.1.token.8	διά	διά
δι’	urn:cts:greekLit:tlg0003.tlg001.fu:1.137.2.token.38	διά	διά
δι’	urn:cts:greekLit:tlg0003.tlg001.fu:1.137.4.token.77	διά	διά
δι’	urn:cts:greekLit:tlg0003.tlg001.fu:1.138.3.token.35	διά	διά
δι’	urn:cts:greekLit:tlg0003.tlg001.fu:1.140.1.token.96	διά	διά
δι’	urn:cts:greekLit:tlg0003.tlg001.fu:1.142.8.token.25	διά	διά
δι’	urn:cts:greekLit:tlg0003.tlg001.fu:2.2.3.token.4	διά	διά
δι’	urn:cts:greekLit:tlg0003.tlg001.fu:2.11.4.token.13	διά	διά
δι’	urn:cts:greekLit:tlg0003.tlg001.fu:2.21.1.token.61	διά	διά
δι’	urn:cts:greekLit:tlg0003.tlg001.fu:2.22.1.token.49	διά	διά
δι’	urn:cts:greekLit:tlg0003.tlg001.fu:2.36.1.token.39	διά	διά
δι’	urn:cts:greekLit:tlg0003.tlg001.fu:2.37.2.token.21	διά	διά
δι’	urn:cts:greekLit:tlg0003.tlg001.fu:2.40.4.token.28	διά	διά
δι’	urn:cts:greekLit:tlg0003.tlg001.fu:2.42.1.token.2	διά	διά
δι’	urn:cts:greekLit:tlg0003.tlg001.fu:2.42.4.token.101	διά	διά
δι’	urn:cts:greekLit:tlg0003.tlg001.fu:2.44.1.token.2	διά	διά
δι’	urn:cts:greekLit:tlg0003.tlg001.fu:2.49.6.token.77	διά	διά
δι’	urn:cts:greekLit:tlg0003.tlg001.fu:2.59.2.token.13	διά	διά
δι’	urn:cts:greekLit:tlg0003.tlg001.fu:2.60.4.token.55	διά	διά
δι’	urn:cts:greekLit:tlg0003.tlg001.fu:2.64.1.token.12	διά	διά
δι’	urn:cts:greekLit:tlg0003.tlg001.fu:2.64.1.token.55	διά	διά
δι’	urn:cts:greekLit:tlg0003.tlg001.fu:2.67.1.token.78	διά	διά
δι’	urn:cts:greekLit:tlg0003.tlg001.fu:2.85.2.token.38	διά	διά
δι’	urn:cts:greekLit:tlg0003.tlg001.fu:2.87.1.token.14	διά	διά
δι’	urn:cts:greekLit:tlg0003.tlg001.fu:2.89.2.token.39	διά	διά
δι’	urn:cts:greekLit:tlg0003.tlg001.fu:2.89.9.token.28	διά	διά
δι’	urn:cts:greekLit:tlg0003.tlg001.fu:2.96.3.token.35	διά	διά
δι’	urn:cts:greekLit:tlg0003.tlg001.fu:2.98.1.token.44	διά	διά
δι’	urn:cts:greekLit:tlg0003.tlg001.fu:3.11.3.token.5	διά	διά
δι’	urn:cts:greekLit:tlg0003.tlg001.fu:3.13.5.token.39	διά	διά
δι’	urn:cts:greekLit:tlg0003.tlg001.fu:3.21.3.token.35	διά	διά
δι’	urn:cts:greekLit:tlg0003.tlg001.fu:3.21.4.token.20	διά	διά
δι’	urn:cts:greekLit:tlg0003.tlg001.fu:3.23.1.token.32	διά	διά
δι’	urn:cts:greekLit:tlg0003.tlg001.fu:3.39.4.token.9	διά	διά
δι’	urn:cts:greekLit:tlg0003.tlg001.fu:3.39.8.token.24	διά	διά
δι’	urn:cts:greekLit:tlg0003.tlg001.fu:3.43.4.token.18	διά	διά
δι’	urn:cts:greekLit:tlg0003.tlg001.fu:3.51.2.token.7	διά	διά
δι’	urn:cts:greekLit:tlg0003.tlg001.fu:3.56.1.token.17	διά	διά
δι’	urn:cts:greekLit:tlg0003.tlg001.fu:3.56.2.token.33	διά	διά
δι’	urn:cts:greekLit:tlg0003.tlg001.fu:3.57.2.token.20	διά	διά
δι’	urn:cts:greekLit:tlg0003.tlg001.fu:3.64.2.token.7	διά	διά
δι’	urn:cts:greekLit:tlg0003.tlg001.fu:3.67.5.token.5	διά	διά
δι’	urn:cts:greekLit:tlg0003.tlg001.fu:3.88.1.token.23	διά	διά
δι’	urn:cts:greekLit:tlg0003.tlg001.fu:3.106.1.token.28	διά	διά
δι’	urn:cts:greekLit:tlg0003.tlg001.fu:3.106.3.token.12	διά	διά
δι’	urn:cts:greekLit:tlg0003.tlg001.fu:4.8.8.token.58	διά	διά
δι’	urn:cts:greekLit:tlg0003.tlg001.fu:4.17.5.token.22	διά	διά
δι’	urn:cts:greekLit:tlg0003.tlg001.fu:4.40.2.token.19	διά	διά
δι’	urn:cts:greekLit:tlg0003.tlg001.fu:4.54.3.token.15	διά	διά
δι’	urn:cts:greekLit:tlg0003.tlg001.fu:4.55.4.token.3	διά	διά
δι’	urn:cts:greekLit:tlg0003.tlg001.fu:4.59.4.token.29	διά	διά
δι’	urn:cts:greekLit:tlg0003.tlg001.fu:4.95.1.token.5	διά	διά
δι’	urn:cts:greekLit:tlg0003.tlg001.fu:4.123.2.token.1	διά	διά
δι’	urn:cts:greekLit:tlg0003.tlg001.fu:4.126.2.token.15	διά	διά
δι’	urn:cts:greekLit:tlg0003.tlg001.fu:4.128.5.token.18	διά	διά
δι’	urn:cts:greekLit:tlg0003.tlg001.fu:5.14.1.token.41	διά	διά
δι’	urn:cts:greekLit:tlg0003.tlg001.fu:5.29.2.token.29	διά	διά
δι’	urn:cts:greekLit:tlg0003.tlg001.fu:5.46.5.token.15	διά	διά
δι’	urn:cts:greekLit:tlg0003.tlg001.fu:5.66.1.token.35	διά	διά
δι’	urn:cts:greekLit:tlg0003.tlg001.fu:5.69.2.token.41	διά	διά
δι’	urn:cts:greekLit:tlg0003.tlg001.fu:5.86.1.token.54	διά	διά
δι’	urn:cts:greekLit:tlg0003.tlg001.fu:5.110.1.token.18	διά	διά
δι’	urn:cts:greekLit:tlg0003.tlg001.fu:5.111.1.token.23	διά	διά
δι’	urn:cts:greekLit:tlg0003.tlg001.fu:5.115.2.token.14	διά	διά
δι’	urn:cts:greekLit:tlg0003.tlg001.fu:6.5.3.token.35	διά	διά
δι’	urn:cts:greekLit:tlg0003.tlg001.fu:6.9.2.token.42	διά	διά
δι’	urn:cts:greekLit:tlg0003.tlg001.fu:6.11.4.token.22	διά	διά
δι’	urn:cts:greekLit:tlg0003.tlg001.fu:6.11.7.token.22	διά	διά
δι’	urn:cts:greekLit:tlg0003.tlg001.fu:6.15.2.token.38	διά	διά
δι’	urn:cts:greekLit:tlg0003.tlg001.fu:6.17.3.token.3	διά	διά
δι’	urn:cts:greekLit:tlg0003.tlg001.fu:6.29.3.token.23	διά	διά
δι’	urn:cts:greekLit:tlg0003.tlg001.fu:6.33.5.token.35	διά	διά
δι’	urn:cts:greekLit:tlg0003.tlg001.fu:6.38.3.token.2	διά	διά
δι’	urn:cts:greekLit:tlg0003.tlg001.fu:6.47.1.token.89	διά	διά
δι’	urn:cts:greekLit:tlg0003.tlg001.fu:6.54.1.token.7	διά	διά
δι’	urn:cts:greekLit:tlg0003.tlg001.fu:6.56.2.token.9	διά	διά
δι’	urn:cts:greekLit:tlg0003.tlg001.fu:6.57.3.token.6	διά	διά
δι’	urn:cts:greekLit:tlg0003.tlg001.fu:6.57.3.token.43	διά	διά
δι’	urn:cts:greekLit:tlg0003.tlg001.fu:6.59.1.token.4	διά	διά
δι’	urn:cts:greekLit:tlg0003.tlg001.fu:6.61.5.token.37	διά	διά
δι’	urn:cts:greekLit:tlg0003.tlg001.fu:6.75.1.token.30	διά	διά
δι’	urn:cts:greekLit:tlg0003.tlg001.fu:6.80.2.token.12	διά	διά
δι’	urn:cts:greekLit:tlg0003.tlg001.fu:6.89.2.token.40	διά	διά
δι’	urn:cts:greekLit:tlg0003.tlg001.fu:6.102.2.token.22	διά	διά
δι’	urn:cts:greekLit:tlg0003.tlg001.fu:7.4.4.token.40	διά	διά
δι’	urn:cts:greekLit:tlg0003.tlg001.fu:7.6.3.token.22	διά	διά
δι’	urn:cts:greekLit:tlg0003.tlg001.fu:7.8.3.token.30	διά	διά
δι’	urn:cts:greekLit:tlg0003.tlg001.fu:7.15.2.token.39	διά	διά
δι’	urn:cts:greekLit:tlg0003.tlg001.fu:7.28.4.token.1	διά	διά
δι’	urn:cts:greekLit:tlg0003.tlg001.fu:7.29.1.token.34	διά	διά
δι’	urn:cts:greekLit:tlg0003.tlg001.fu:7.30.2.token.77	διά	διά
δι’	urn:cts:greekLit:tlg0003.tlg001.fu:7.34.7.token.28	διά	διά
δι’	urn:cts:greekLit:tlg0003.tlg001.fu:7.36.5.token.41	διά	διά
δι’	urn:cts:greekLit:tlg0003.tlg001.fu:7.39.2.token.83	διά	διά
δι’	urn:cts:greekLit:tlg0003.tlg001.fu:7.48.5.token.70	διά	διά
δι’	urn:cts:greekLit:tlg0003.tlg001.fu:7.70.8.token.34	διά	διά
δι’	urn:cts:greekLit:tlg0003.tlg001.fu:7.71.3.token.1	διά	διά
δι’	urn:cts:greekLit:tlg0003.tlg001.fu:7.82.1.token.4	διά	διά
δι’	urn:cts:greekLit:tlg0003.tlg001.fu:8.5.5.token.27	διά	διά
δι’	urn:cts:greekLit:tlg0003.tlg001.fu:8.12.2.token.8	διά	διά
δι’	urn:cts:greekLit:tlg0003.tlg001.fu:8.43.4.token.29	διά	διά
δι’	urn:cts:greekLit:tlg0003.tlg001.fu:8.50.5.token.71	διά	διά
δι’	urn:cts:greekLit:tlg0003.tlg001.fu:8.53.2.token.31	διά	διά
δι’	urn:cts:greekLit:tlg0003.tlg001.fu:8.56.4.token.99	διά	διά
δι’	urn:cts:greekLit:tlg0003.tlg001.fu:8.73.4.token.64	διά	διά
δι’	urn:cts:greekLit:tlg0003.tlg001.fu:8.76.5.token.2	διά	διά
δι’	urn:cts:greekLit:tlg0003.tlg001.fu:8.84.5.token.43	διά	διά
δι’	urn:cts:greekLit:tlg0003.tlg001.fu:8.88.1.token.79	διά	διά
δι’	urn:cts:greekLit:tlg0003.tlg001.fu:8.94.2.token.30	διά	διά
δι’	urn:cts:greekLit:tlg0003.tlg001.fu:8.96.3.token.5	διά	διά
δυναίμεθ’	urn:cts:greekLit:tlg0003.tlg001.fu:7.11.3.token.20		δυναίμεθ’
δ’	urn:cts:greekLit:tlg0003.tlg001.fu:1.3.4.token.2	δέ	δέ
δ’	urn:cts:greekLit:tlg0003.tlg001.fu:1.6.2.token.2	δέ	δέ
δ’	urn:cts:greekLit:tlg0003.tlg001.fu:1.6.4.token.2	δέ	δέ
δ’	urn:cts:greekLit:tlg0003.tlg001.fu:1.6.6.token.2	δέ	δέ
δ’	urn:cts:greekLit:tlg0003.tlg001.fu:1.10.5.token.4	δέ	δέ
δ’	urn:cts:greekLit:tlg0003.tlg001.fu:1.11.1.token.2	δέ	δέ
δ’	urn:cts:greekLit:tlg0003.tlg001.fu:1.11.1.token.48	δέ	δέ
δ’	urn:cts:greekLit:tlg0003.tlg001.fu:1.11.2.token.39	δέ	δέ
δ’	urn:cts:greekLit:tlg0003.tlg001.fu:1.13.3.token.13	δέ	δέ
δ’	urn:cts:greekLit:tlg0003.tlg001.fu:1.14.1.token.24	δέ	δέ
δ’	urn:cts:greekLit:tlg0003.tlg001.fu:1.22.1.token.37	δέ	δέ
δ’	urn:cts:greekLit:tlg0003.tlg001.fu:1.22.2.token.2	δέ	δέ
δ’	urn:cts:greekLit:tlg0003.tlg001.fu:1.23.2.token.14	δέ	δέ
δ’	urn:cts:greekLit:tlg0003.tlg001.fu:1.23.2.token.21	δέ	δέ
δ’	urn:cts:greekLit:tlg0003.tlg001.fu:1.23.5.token.2	δέ	δέ
δ’	urn:cts:greekLit:tlg0003.tlg001.fu:1.23.6.token.27	δέ	δέ
δ’	urn:cts:greekLit:tlg0003.tlg001.fu:1.24.1.token.13	δέ	δέ
δ’	urn:cts:greekLit:tlg0003.tlg001.fu:1.24.2.token.7	δέ	δέ
δ’	urn:cts:greekLit:tlg0003.tlg001.fu:1.25.1.token.41	δέ	δέ
δ’	urn:cts:greekLit:tlg0003.tlg001.fu:1.26.5.token.25	δέ	δέ
δ’	urn:cts:greekLit:tlg0003.tlg001.fu:1.26.5.token.34	δέ	δέ
δ’	urn:cts:greekLit:tlg0003.tlg001.fu:1.27.1.token.2	δέ	δέ
δ’	urn:cts:greekLit:tlg0003.tlg001.fu:1.28.2.token.19	δέ	δέ
δ’	urn:cts:greekLit:tlg0003.tlg001.fu:1.28.4.token.21	δέ	δέ
δ’	urn:cts:greekLit:tlg0003.tlg001.fu:1.29.3.token.2	δέ	δέ
δ’	urn:cts:greekLit:tlg0003.tlg001.fu:1.31.1.token.2	δέ	δέ
δ’	urn:cts:greekLit:tlg0003.tlg001.fu:1.33.2.token.52	δέ	δέ
δ’	urn:cts:greekLit:tlg0003.tlg001.fu:1.36.3.token.2	δέ	δέ
δ’	urn:cts:greekLit:tlg0003.tlg001.fu:1.37.2.token.13	δέ	δέ
δ’	urn:cts:greekLit:tlg0003.tlg001.fu:1.37.4.token.28	δέ	δέ
δ’	urn:cts:greekLit:tlg0003.tlg001.fu:1.38.1.token.13	δέ	δέ
δ’	urn:cts:greekLit:tlg0003.tlg001.fu:1.38.5.token.2	δέ	δέ
δ’	urn:cts:greekLit:tlg0003.tlg001.fu:1.44.1.token.67	δέ	δέ
δ’	urn:cts:greekLit:tlg0003.tlg001.fu:1.49.3.token.39	δέ	δέ
δ’	urn:cts:greekLit:tlg0003.tlg001.fu:1.53.2.token.26	δέ	δέ
δ’	urn:cts:greekLit:tlg0003.tlg001.fu:1.56.1.token.3	δέ	δέ
δ’	urn:cts:greekLit:tlg0003.tlg001.fu:1.62.4.token.2	δέ	δέ
δ’	urn:cts:greekLit:tlg0003.tlg001.fu:1.63.1.token.32	δέ	δέ
δ’	urn:cts:greekLit:tlg0003.tlg001.fu:1.63.2.token.2	δέ	δέ
δ’	urn:cts:greekLit:tlg0003.tlg001.fu:1.63.2.token.71	δέ	δέ
δ’	urn:cts:greekLit:tlg0003.tlg001.fu:1.64.1.token.16	δέ	δέ
δ’	urn:cts:greekLit:tlg0003.tlg001.fu:1.65.1.token.47	δέ	δέ
δ’	urn:cts:greekLit:tlg0003.tlg001.fu:1.66.1.token.2	δέ	δέ
δ’	urn:cts:greekLit:tlg0003.tlg001.fu:1.70.7.token.14	δέ	δέ
δ’	urn:cts:greekLit:tlg0003.tlg001.fu:1.70.7.token.27	δέ	δέ
δ’	urn:cts:greekLit:tlg0003.tlg001.fu:1.71.2.token.2	δέ	δέ
δ’	urn:cts:greekLit:tlg0003.tlg001.fu:1.71.2.token.11	δέ	δέ
δ’	urn:cts:greekLit:tlg0003.tlg001.fu:1.71.5.token.2	δέ	δέ
δ’	urn:cts:greekLit:tlg0003.tlg001.fu:1.77.4.token.24	δέ	δέ
δ’	urn:cts:greekLit:tlg0003.tlg001.fu:1.80.2.token.2	δέ	δέ
δ’	urn:cts:greekLit:tlg0003.tlg001.fu:1.81.3.token.2	δέ	δέ
δ’	urn:cts:greekLit:tlg0003.tlg001.fu:1.85.1.token.42	δέ	δέ
δ’	urn:cts:greekLit:tlg0003.tlg001.fu:1.86.1.token.38	δέ	δέ
δ’	urn:cts:greekLit:tlg0003.tlg001.fu:1.86.2.token.25	δέ	δέ
δ’	urn:cts:greekLit:tlg0003.tlg001.fu:1.90.3.token.2	δέ	δέ
δ’	urn:cts:greekLit:tlg0003.tlg001.fu:1.90.3.token.24	δέ	δέ
δ’	urn:cts:greekLit:tlg0003.tlg001.fu:1.93.3.token.13	δέ	δέ
δ’	urn:cts:greekLit:tlg0003.tlg001.fu:1.93.6.token.26	δέ	δέ
δ’	urn:cts:greekLit:tlg0003.tlg001.fu:1.96.2.token.23	δέ	δέ
δ’	urn:cts:greekLit:tlg0003.tlg001.fu:1.102.1.token.22	δέ	δέ
δ’	urn:cts:greekLit:tlg0003.tlg001.fu:1.102.2.token.2	δέ	δέ
δ’	urn:cts:greekLit:tlg0003.tlg001.fu:1.102.4.token.2	δέ	δέ
δ’	urn:cts:greekLit:tlg0003.tlg001.fu:1.103.1.token.2	δέ	δέ
δ’	urn:cts:greekLit:tlg0003.tlg001.fu:1.105.4.token.13	δέ	δέ
δ’	urn:cts:greekLit:tlg0003.tlg001.fu:1.107.4.token.2	δέ	δέ
δ’	urn:cts:greekLit:tlg0003.tlg001.fu:1.109.1.token.2	δέ	δέ
δ’	urn:cts:greekLit:tlg0003.tlg001.fu:1.110.4.token.46	δέ	δέ
δ’	urn:cts:greekLit:tlg0003.tlg001.fu:1.111.2.token.18	δέ	δέ
δ’	urn:cts:greekLit:tlg0003.tlg001.fu:1.113.2.token.2	δέ	δέ
δ’	urn:cts:greekLit:tlg0003.tlg001.fu:1.115.5.token.45	δέ	δέ
δ’	urn:cts:greekLit:tlg0003.tlg001.fu:1.121.4.token.11	δέ	δέ
δ’	urn:cts:greekLit:tlg0003.tlg001.fu:1.121.4.token.52	δέ	δέ
δ’	urn:cts:greekLit:tlg0003.tlg001.fu:1.121.5.token.28	δέ	δέ
δ’	urn:cts:greekLit:tlg0003.tlg001.fu:1.122.1.token.64	δέ	δέ
δ’	urn:cts:greekLit:tlg0003.tlg001.fu:1.122.3.token.52	δέ	δέ
δ’	urn:cts:greekLit:tlg0003.tlg001.fu:1.124.1.token.60	δέ	δέ
δ’	urn:cts:greekLit:tlg0003.tlg001.fu:1.124.2.token.27	δέ	δέ
δ’	urn:cts:greekLit:tlg0003.tlg001.fu:1.126.10.token.12	δέ	δέ
δ’	urn:cts:greekLit:tlg0003.tlg001.fu:1.133.1.token.89	δέ	δέ
δ’	urn:cts:greekLit:tlg0003.tlg001.fu:1.134.1.token.22	δέ	δέ
δ’	urn:cts:greekLit:tlg0003.tlg001.fu:1.134.1.token.64	δέ	δέ
δ’	urn:cts:greekLit:tlg0003.tlg001.fu:1.136.4.token.67	δέ	δέ
δ’	urn:cts:greekLit:tlg0003.tlg001.fu:1.137.2.token.70	δέ	δέ
δ’	urn:cts:greekLit:tlg0003.tlg001.fu:1.137.4.token.33	δέ	δέ
δ’	urn:cts:greekLit:tlg0003.tlg001.fu:1.137.4.token.101	δέ	δέ
δ’	urn:cts:greekLit:tlg0003.tlg001.fu:1.138.1.token.18	δέ	δέ
δ’	urn:cts:greekLit:tlg0003.tlg001.fu:1.138.3.token.63	δέ	δέ
δ’	urn:cts:greekLit:tlg0003.tlg001.fu:1.139.3.token.38	δέ	δέ
δ’	urn:cts:greekLit:tlg0003.tlg001.fu:1.142.4.token.2	δέ	δέ
δ’	urn:cts:greekLit:tlg0003.tlg001.fu:1.143.4.token.42	δέ	δέ
δ’	urn:cts:greekLit:tlg0003.tlg001.fu:2.2.4.token.26	δέ	δέ
δ’	urn:cts:greekLit:tlg0003.tlg001.fu:2.4.1.token.2	δέ	δέ
δ’	urn:cts:greekLit:tlg0003.tlg001.fu:2.5.1.token.2	δέ	δέ
δ’	urn:cts:greekLit:tlg0003.tlg001.fu:2.5.4.token.2	δέ	δέ
δ’	urn:cts:greekLit:tlg0003.tlg001.fu:2.5.6.token.11	δέ	δέ
δ’	urn:cts:greekLit:tlg0003.tlg001.fu:2.5.7.token.2	δέ	δέ
δ’	urn:cts:greekLit:tlg0003.tlg001.fu:2.6.2.token.2	δέ	δέ
δ’	urn:cts:greekLit:tlg0003.tlg001.fu:2.8.1.token.33	δέ	δέ
δ’	urn:cts:greekLit:tlg0003.tlg001.fu:2.9.3.token.27	δέ	δέ
δ’	urn:cts:greekLit:tlg0003.tlg001.fu:2.9.5.token.11	δέ	δέ
δ’	urn:cts:greekLit:tlg0003.tlg001.fu:2.11.5.token.14	δέ	δέ
δ’	urn:cts:greekLit:tlg0003.tlg001.fu:2.12.3.token.2	δέ	δέ
δ’	urn:cts:greekLit:tlg0003.tlg001.fu:2.13.5.token.33	δέ	δέ
δ’	urn:cts:greekLit:tlg0003.tlg001.fu:2.13.7.token.97	δέ	δέ
δ’	urn:cts:greekLit:tlg0003.tlg001.fu:2.20.4.token.86	δέ	δέ
δ’	urn:cts:greekLit:tlg0003.tlg001.fu:2.25.1.token.2	δέ	δέ
δ’	urn:cts:greekLit:tlg0003.tlg001.fu:2.27.2.token.57	δέ	δέ
δ’	urn:cts:greekLit:tlg0003.tlg001.fu:2.28.1.token.2	δέ	δέ
δ’	urn:cts:greekLit:tlg0003.tlg001.fu:2.30.1.token.2	δέ	δέ
δ’	urn:cts:greekLit:tlg0003.tlg001.fu:2.30.2.token.31	δέ	δέ
δ’	urn:cts:greekLit:tlg0003.tlg001.fu:2.33.1.token.2	δέ	δέ
δ’	urn:cts:greekLit:tlg0003.tlg001.fu:2.33.3.token.2	δέ	δέ
δ’	urn:cts:greekLit:tlg0003.tlg001.fu:2.34.8.token.2	δέ	δέ
δ’	urn:cts:greekLit:tlg0003.tlg001.fu:2.40.3.token.32	δέ	δέ
δ’	urn:cts:greekLit:tlg0003.tlg001.fu:2.41.4.token.37	δέ	δέ
δ’	urn:cts:greekLit:tlg0003.tlg001.fu:2.42.4.token.95	δέ	δέ
δ’	urn:cts:greekLit:tlg0003.tlg001.fu:2.43.4.token.12	δέ	δέ
δ’	urn:cts:greekLit:tlg0003.tlg001.fu:2.44.1.token.27	δέ	δέ
δ’	urn:cts:greekLit:tlg0003.tlg001.fu:2.44.4.token.2	δέ	δέ
δ’	urn:cts:greekLit:tlg0003.tlg001.fu:2.45.1.token.2	δέ	δέ
δ’	urn:cts:greekLit:tlg0003.tlg001.fu:2.49.8.token.19	δέ	δέ
δ’	urn:cts:greekLit:tlg0003.tlg001.fu:2.51.6.token.3	δέ	δέ
δ’	urn:cts:greekLit:tlg0003.tlg001.fu:2.52.1.token.2	δέ	δέ
δ’	urn:cts:greekLit:tlg0003.tlg001.fu:2.56.1.token.2	δέ	δέ
δ’	urn:cts:greekLit:tlg0003.tlg001.fu:2.56.2.token.2	δέ	δέ
δ’	urn:cts:greekLit:tlg0003.tlg001.fu:2.58.1.token.2	δέ	δέ
δ’	urn:cts:greekLit:tlg0003.tlg001.fu:2.59.3.token.20	δέ	δέ
δ’	urn:cts:greekLit:tlg0003.tlg001.fu:2.60.4.token.13	δέ	δέ
δ’	urn:cts:greekLit:tlg0003.tlg001.fu:2.61.1.token.16	δέ	δέ
δ’	urn:cts:greekLit:tlg0003.tlg001.fu:2.65.4.token.2	δέ	δέ
δ’	urn:cts:greekLit:tlg0003.tlg001.fu:2.65.8.token.2	δέ	δέ
δ’	urn:cts:greekLit:tlg0003.tlg001.fu:2.68.7.token.2	δέ	δέ
δ’	urn:cts:greekLit:tlg0003.tlg001.fu:2.69.1.token.2	δέ	δέ
δ’	urn:cts:greekLit:tlg0003.tlg001.fu:2.70.1.token.2	δέ	δέ
δ’	urn:cts:greekLit:tlg0003.tlg001.fu:2.71.1.token.2	δέ	δέ
δ’	urn:cts:greekLit:tlg0003.tlg001.fu:2.73.1.token.2	δέ	δέ
δ’	urn:cts:greekLit:tlg0003.tlg001.fu:2.75.5.token.2	δέ	δέ
δ’	urn:cts:greekLit:tlg0003.tlg001.fu:2.79.1.token.2	δέ	δέ
δ’	urn:cts:greekLit:tlg0003.tlg001.fu:2.79.6.token.11	δέ	δέ
δ’	urn:cts:greekLit:tlg0003.tlg001.fu:2.80.1.token.2	δέ	δέ
δ’	urn:cts:greekLit:tlg0003.tlg001.fu:2.80.1.token.77	δέ	δέ
δ’	urn:cts:greekLit:tlg0003.tlg001.fu:2.80.3.token.29	δέ	δέ
δ’	urn:cts:greekLit:tlg0003.tlg001.fu:2.81.3.token.14	δέ	δέ
δ’	urn:cts:greekLit:tlg0003.tlg001.fu:2.81.5.token.2	δέ	δέ
δ’	urn:cts:greekLit:tlg0003.tlg001.fu:2.81.8.token.2	δέ	δέ
δ’	urn:cts:greekLit:tlg0003.tlg001.fu:2.83.1.token.2	δέ	δέ
δ’	urn:cts:greekLit:tlg0003.tlg001.fu:2.84.1.token.2	δέ	δέ
δ’	urn:cts:greekLit:tlg0003.tlg001.fu:2.84.1.token.27	δέ	δέ
δ’	urn:cts:greekLit:tlg0003.tlg001.fu:2.86.1.token.2	δέ	δέ
δ’	urn:cts:greekLit:tlg0003.tlg001.fu:2.86.3.token.12	δέ	δέ
δ’	urn:cts:greekLit:tlg0003.tlg001.fu:2.89.3.token.2	δέ	δέ
δ’	urn:cts:greekLit:tlg0003.tlg001.fu:2.89.11.token.2	δέ	δέ
δ’	urn:cts:greekLit:tlg0003.tlg001.fu:2.90.2.token.2	δέ	δέ
δ’	urn:cts:greekLit:tlg0003.tlg001.fu:2.90.5.token.21	δέ	δέ
δ’	urn:cts:greekLit:tlg0003.tlg001.fu:2.92.1.token.2	δέ	δέ
δ’	urn:cts:greekLit:tlg0003.tlg001.fu:2.94.1.token.35	δέ	δέ
δ’	urn:cts:greekLit:tlg0003.tlg001.fu:2.94.4.token.2	δέ	δέ
δ’	urn:cts:greekLit:tlg0003.tlg001.fu:2.96.1.token.58	δέ	δέ
δ’	urn:cts:greekLit:tlg0003.tlg001.fu:2.96.2.token.30	δέ	δέ
δ’	urn:cts:greekLit:tlg0003.tlg001.fu:2.96.4.token.16	δέ	δέ
δ’	urn:cts:greekLit:tlg0003.tlg001.fu:2.96.4.token.34	δέ	δέ
δ’	urn:cts:greekLit:tlg0003.tlg001.fu:2.98.4.token.15	δέ	δέ
δ’	urn:cts:greekLit:tlg0003.tlg001.fu:2.99.2.token.23	δέ	δέ
δ’	urn:cts:greekLit:tlg0003.tlg001.fu:2.101.2.token.2	δέ	δέ
δ’	urn:cts:greekLit:tlg0003.tlg001.fu:2.101.3.token.24	δέ	δέ
δ’	urn:cts:greekLit:tlg0003.tlg001.fu:2.102.2.token.46	δέ	δέ
δ’	urn:cts:greekLit:tlg0003.tlg001.fu:2.102.5.token.2	δέ	δέ
δ’	urn:cts:greekLit:tlg0003.tlg001.fu:2.102.6.token.2	δέ	δέ
δ’	urn:cts:greekLit:tlg0003.tlg001.fu:3.1.1.token.2	δέ	δέ
δ’	urn:cts:greekLit:tlg0003.tlg001.fu:3.3.1.token.2	δέ	δέ
δ’	urn:cts:greekLit:tlg0003.tlg001.fu:3.5.1.token.2	δέ	δέ
δ’	urn:cts:greekLit:tlg0003.tlg001.fu:3.7.3.token.15	δέ	δέ
δ’	urn:cts:greekLit:tlg0003.tlg001.fu:3.7.4.token.2	δέ	δέ
δ’	urn:cts:greekLit:tlg0003.tlg001.fu:3.13.3.token.27	δέ	δέ
δ’	urn:cts:greekLit:tlg0003.tlg001.fu:3.13.7.token.45	δέ	δέ
δ’	urn:cts:greekLit:tlg0003.tlg001.fu:3.18.4.token.17	δέ	δέ
δ’	urn:cts:greekLit:tlg0003.tlg001.fu:3.20.1.token.2	δέ	δέ
δ’	urn:cts:greekLit:tlg0003.tlg001.fu:3.22.1.token.2	δέ	δέ
δ’	urn:cts:greekLit:tlg0003.tlg001.fu:3.23.1.token.2	δέ	δέ
δ’	urn:cts:greekLit:tlg0003.tlg001.fu:3.23.1.token.64	δέ	δέ
δ’	urn:cts:greekLit:tlg0003.tlg001.fu:3.24.2.token.59	δέ	δέ
δ’	urn:cts:greekLit:tlg0003.tlg001.fu:3.24.3.token.13	δέ	δέ
δ’	urn:cts:greekLit:tlg0003.tlg001.fu:3.26.1.token.2	δέ	δέ
δ’	urn:cts:greekLit:tlg0003.tlg001.fu:3.26.4.token.21	δέ	δέ
δ’	urn:cts:greekLit:tlg0003.tlg001.fu:3.28.1.token.61	δέ	δέ
δ’	urn:cts:greekLit:tlg0003.tlg001.fu:3.28.2.token.35	δέ	δέ
δ’	urn:cts:greekLit:tlg0003.tlg001.fu:3.29.1.token.2	δέ	δέ
δ’	urn:cts:greekLit:tlg0003.tlg001.fu:3.29.1.token.44	δέ	δέ
δ’	urn:cts:greekLit:tlg0003.tlg001.fu:3.31.1.token.50	δέ	δέ
δ’	urn:cts:greekLit:tlg0003.tlg001.fu:3.33.1.token.27	δέ	δέ
δ’	urn:cts:greekLit:tlg0003.tlg001.fu:3.33.2.token.48	δέ	δέ
δ’	urn:cts:greekLit:tlg0003.tlg001.fu:3.33.3.token.18	δέ	δέ
δ’	urn:cts:greekLit:tlg0003.tlg001.fu:3.34.3.token.38	δέ	δέ
δ’	urn:cts:greekLit:tlg0003.tlg001.fu:3.36.5.token.2	δέ	δέ
δ’	urn:cts:greekLit:tlg0003.tlg001.fu:3.36.6.token.2	δέ	δέ
δ’	urn:cts:greekLit:tlg0003.tlg001.fu:3.37.1.token.17	δέ	δέ
δ’	urn:cts:greekLit:tlg0003.tlg001.fu:3.37.4.token.40	δέ	δέ
δ’	urn:cts:greekLit:tlg0003.tlg001.fu:3.38.1.token.75	δέ	δέ
δ’	urn:cts:greekLit:tlg0003.tlg001.fu:3.38.4.token.2	δέ	δέ
δ’	urn:cts:greekLit:tlg0003.tlg001.fu:3.40.1.token.30	δέ	δέ
δ’	urn:cts:greekLit:tlg0003.tlg001.fu:3.40.7.token.10	δέ	δέ
δ’	urn:cts:greekLit:tlg0003.tlg001.fu:3.41.1.token.8	δέ	δέ
δ’	urn:cts:greekLit:tlg0003.tlg001.fu:3.42.2.token.39	δέ	δέ
δ’	urn:cts:greekLit:tlg0003.tlg001.fu:3.42.3.token.29	δέ	δέ
δ’	urn:cts:greekLit:tlg0003.tlg001.fu:3.45.4.token.25	δέ	δέ
δ’	urn:cts:greekLit:tlg0003.tlg001.fu:3.45.4.token.34	δέ	δέ
δ’	urn:cts:greekLit:tlg0003.tlg001.fu:3.45.5.token.15	δέ	δέ
δ’	urn:cts:greekLit:tlg0003.tlg001.fu:3.48.1.token.41	δέ	δέ
δ’	urn:cts:greekLit:tlg0003.tlg001.fu:3.49.4.token.41	δέ	δέ
δ’	urn:cts:greekLit:tlg0003.tlg001.fu:3.50.1.token.2	δέ	δέ
δ’	urn:cts:greekLit:tlg0003.tlg001.fu:3.52.5.token.2	δέ	δέ
δ’	urn:cts:greekLit:tlg0003.tlg001.fu:3.54.3.token.2	δέ	δέ
δ’	urn:cts:greekLit:tlg0003.tlg001.fu:3.55.3.token.2	δέ	δέ
δ’	urn:cts:greekLit:tlg0003.tlg001.fu:3.60.1.token.45	δέ	δέ
δ’	urn:cts:greekLit:tlg0003.tlg001.fu:3.61.1.token.69	δέ	δέ
δ’	urn:cts:greekLit:tlg0003.tlg001.fu:3.65.3.token.72	δέ	δέ
δ’	urn:cts:greekLit:tlg0003.tlg001.fu:3.70.6.token.2	δέ	δέ
δ’	urn:cts:greekLit:tlg0003.tlg001.fu:3.73.1.token.2	δέ	δέ
δ’	urn:cts:greekLit:tlg0003.tlg001.fu:3.73.1.token.34	δέ	δέ
δ’	urn:cts:greekLit:tlg0003.tlg001.fu:3.74.1.token.2	δέ	δέ
δ’	urn:cts:greekLit:tlg0003.tlg001.fu:3.75.1.token.41	δέ	δέ
δ’	urn:cts:greekLit:tlg0003.tlg001.fu:3.75.4.token.10	δέ	δέ
δ’	urn:cts:greekLit:tlg0003.tlg001.fu:3.78.1.token.17	δέ	δέ
δ’	urn:cts:greekLit:tlg0003.tlg001.fu:3.78.3.token.2	δέ	δέ
δ’	urn:cts:greekLit:tlg0003.tlg001.fu:3.79.2.token.2	δέ	δέ
δ’	urn:cts:greekLit:tlg0003.tlg001.fu:3.79.3.token.2	δέ	δέ
δ’	urn:cts:greekLit:tlg0003.tlg001.fu:3.81.3.token.31	δέ	δέ
δ’	urn:cts:greekLit:tlg0003.tlg001.fu:3.82.4.token.45	δέ	δέ
δ’	urn:cts:greekLit:tlg0003.tlg001.fu:3.82.5.token.9	δέ	δέ
δ’	urn:cts:greekLit:tlg0003.tlg001.fu:3.82.7.token.88	δέ	δέ
δ’	urn:cts:greekLit:tlg0003.tlg001.fu:3.82.8.token.2	δέ	δέ
δ’	urn:cts:greekLit:tlg0003.tlg001.fu:3.82.8.token.13	δέ	δέ
δ’	urn:cts:greekLit:tlg0003.tlg001.fu:3.84.1.token.3	δέ	δέ
δ’	urn:cts:greekLit:tlg0003.tlg001.fu:3.84.1.token.38	δέ	δέ
δ’	urn:cts:greekLit:tlg0003.tlg001.fu:3.86.1.token.2	δέ	δέ
δ’	urn:cts:greekLit:tlg0003.tlg001.fu:3.87.1.token.2	δέ	δέ
δ’	urn:cts:greekLit:tlg0003.tlg001.fu:3.88.2.token.11	δέ	δέ
δ’	urn:cts:greekLit:tlg0003.tlg001.fu:3.88.3.token.39	δέ	δέ
δ’	urn:cts:greekLit:tlg0003.tlg001.fu:3.88.4.token.2	δέ	δέ
δ’	urn:cts:greekLit:tlg0003.tlg001.fu:3.89.1.token.2	δέ	δέ
δ’	urn:cts:greekLit:tlg0003.tlg001.fu:3.89.2.token.37	δέ	δέ
δ’	urn:cts:greekLit:tlg0003.tlg001.fu:3.89.5.token.2	δέ	δέ
δ’	urn:cts:greekLit:tlg0003.tlg001.fu:3.90.1.token.2	δέ	δέ
δ’	urn:cts:greekLit:tlg0003.tlg001.fu:3.91.1.token.2	δέ	δέ
δ’	urn:cts:greekLit:tlg0003.tlg001.fu:3.94.1.token.2	δέ	δέ
δ’	urn:cts:greekLit:tlg0003.tlg001.fu:3.94.3.token.2	δέ	δέ
δ’	urn:cts:greekLit:tlg0003.tlg001.fu:3.94.5.token.2	δέ	δέ
δ’	urn:cts:greekLit:tlg0003.tlg001.fu:3.97.1.token.41	δέ	δέ
δ’	urn:cts:greekLit:tlg0003.tlg001.fu:3.100.1.token.2	δέ	δέ
δ’	urn:cts:greekLit:tlg0003.tlg001.fu:3.100.2.token.26	δέ	δέ
δ’	urn:cts:greekLit:tlg0003.tlg001.fu:3.102.2.token.2	δέ	δέ
δ’	urn:cts:greekLit:tlg0003.tlg001.fu:3.103.1.token.2	δέ	δέ
δ’	urn:cts:greekLit:tlg0003.tlg001.fu:3.104.1.token.2	δέ	δέ
δ’	urn:cts:greekLit:tlg0003.tlg001.fu:3.104.5.token.55	δέ	δέ
δ’	urn:cts:greekLit:tlg0003.tlg001.fu:3.104.5.token.84	δέ	δέ
δ’	urn:cts:greekLit:tlg0003.tlg001.fu:3.104.5.token.101	δέ	δέ
δ’	urn:cts:greekLit:tlg0003.tlg001.fu:3.105.1.token.2	δέ	δέ
δ’	urn:cts:greekLit:tlg0003.tlg001.fu:3.107.3.token.10	δέ	δέ
δ’	urn:cts:greekLit:tlg0003.tlg001.fu:3.107.3.token.22	δέ	δέ
δ’	urn:cts:greekLit:tlg0003.tlg001.fu:3.108.1.token.2	δέ	δέ
δ’	urn:cts:greekLit:tlg0003.tlg001.fu:3.111.1.token.3	δέ	δέ
δ’	urn:cts:greekLit:tlg0003.tlg001.fu:3.111.2.token.2	δέ	δέ
δ’	urn:cts:greekLit:tlg0003.tlg001.fu:3.111.3.token.46	δέ	δέ
δ’	urn:cts:greekLit:tlg0003.tlg001.fu:3.111.4.token.23	δέ	δέ
δ’	urn:cts:greekLit:tlg0003.tlg001.fu:3.112.1.token.2	δέ	δέ
δ’	urn:cts:greekLit:tlg0003.tlg001.fu:3.112.1.token.40	δέ	δέ
δ’	urn:cts:greekLit:tlg0003.tlg001.fu:3.112.2.token.24	δέ	δέ
δ’	urn:cts:greekLit:tlg0003.tlg001.fu:3.113.2.token.2	δέ	δέ
δ’	urn:cts:greekLit:tlg0003.tlg001.fu:3.113.3.token.25	δέ	δέ
δ’	urn:cts:greekLit:tlg0003.tlg001.fu:3.113.3.token.31	δέ	δέ
δ’	urn:cts:greekLit:tlg0003.tlg001.fu:3.113.4.token.22	δέ	δέ
δ’	urn:cts:greekLit:tlg0003.tlg001.fu:3.113.6.token.60	δέ	δέ
δ’	urn:cts:greekLit:tlg0003.tlg001.fu:3.115.1.token.2	δέ	δέ
δ’	urn:cts:greekLit:tlg0003.tlg001.fu:4.1.1.token.2	δέ	δέ
δ’	urn:cts:greekLit:tlg0003.tlg001.fu:4.6.1.token.2	δέ	δέ
δ’	urn:cts:greekLit:tlg0003.tlg001.fu:4.8.9.token.2	δέ	δέ
δ’	urn:cts:greekLit:tlg0003.tlg001.fu:4.12.2.token.2	δέ	δέ
δ’	urn:cts:greekLit:tlg0003.tlg001.fu:4.12.2.token.8	δέ	δέ
δ’	urn:cts:greekLit:tlg0003.tlg001.fu:4.13.3.token.47	δέ	δέ
δ’	urn:cts:greekLit:tlg0003.tlg001.fu:4.13.4.token.18	δέ	δέ
δ’	urn:cts:greekLit:tlg0003.tlg001.fu:4.14.1.token.2	δέ	δέ
δ’	urn:cts:greekLit:tlg0003.tlg001.fu:4.14.5.token.34	δέ	δέ
δ’	urn:cts:greekLit:tlg0003.tlg001.fu:4.16.2.token.2	δέ	δέ
δ’	urn:cts:greekLit:tlg0003.tlg001.fu:4.20.2.token.2	δέ	δέ
δ’	urn:cts:greekLit:tlg0003.tlg001.fu:4.22.2.token.21	δέ	δέ
δ’	urn:cts:greekLit:tlg0003.tlg001.fu:4.23.1.token.23	δέ	δέ
δ’	urn:cts:greekLit:tlg0003.tlg001.fu:4.25.7.token.21	δέ	δέ
δ’	urn:cts:greekLit:tlg0003.tlg001.fu:4.25.8.token.14	δέ	δέ
δ’	urn:cts:greekLit:tlg0003.tlg001.fu:4.26.2.token.2	δέ	δέ
δ’	urn:cts:greekLit:tlg0003.tlg001.fu:4.28.5.token.14	δέ	δέ
δ’	urn:cts:greekLit:tlg0003.tlg001.fu:4.29.4.token.2	δέ	δέ
δ’	urn:cts:greekLit:tlg0003.tlg001.fu:4.31.1.token.11	δέ	δέ
δ’	urn:cts:greekLit:tlg0003.tlg001.fu:4.32.3.token.12	δέ	δέ
δ’	urn:cts:greekLit:tlg0003.tlg001.fu:4.35.4.token.36	δέ	δέ
δ’	urn:cts:greekLit:tlg0003.tlg001.fu:4.38.4.token.18	δέ	δέ
δ’	urn:cts:greekLit:tlg0003.tlg001.fu:4.38.5.token.2	δέ	δέ
δ’	urn:cts:greekLit:tlg0003.tlg001.fu:4.41.1.token.18	δέ	δέ
δ’	urn:cts:greekLit:tlg0003.tlg001.fu:4.42.1.token.2	δέ	δέ
δ’	urn:cts:greekLit:tlg0003.tlg001.fu:4.42.3.token.36	δέ	δέ
δ’	urn:cts:greekLit:tlg0003.tlg001.fu:4.44.4.token.2	δέ	δέ
δ’	urn:cts:greekLit:tlg0003.tlg001.fu:4.44.6.token.13	δέ	δέ
δ’	urn:cts:greekLit:tlg0003.tlg001.fu:4.45.2.token.2	δέ	δέ
δ’	urn:cts:greekLit:tlg0003.tlg001.fu:4.50.1.token.2	δέ	δέ
δ’	urn:cts:greekLit:tlg0003.tlg001.fu:4.51.1.token.2	δέ	δέ
δ’	urn:cts:greekLit:tlg0003.tlg001.fu:4.52.1.token.2	δέ	δέ
δ’	urn:cts:greekLit:tlg0003.tlg001.fu:4.53.2.token.15	δέ	δέ
δ’	urn:cts:greekLit:tlg0003.tlg001.fu:4.58.1.token.2	δέ	δέ
δ’	urn:cts:greekLit:tlg0003.tlg001.fu:4.61.7.token.2	δέ	δέ
δ’	urn:cts:greekLit:tlg0003.tlg001.fu:4.62.3.token.49	δέ	δέ
δ’	urn:cts:greekLit:tlg0003.tlg001.fu:4.63.2.token.29	δέ	δέ
δ’	urn:cts:greekLit:tlg0003.tlg001.fu:4.65.4.token.32	δέ	δέ
δ’	urn:cts:greekLit:tlg0003.tlg001.fu:4.66.1.token.2	δέ	δέ
δ’	urn:cts:greekLit:tlg0003.tlg001.fu:4.66.3.token.109	δέ	δέ
δ’	urn:cts:greekLit:tlg0003.tlg001.fu:4.68.3.token.23	δέ	δέ
δ’	urn:cts:greekLit:tlg0003.tlg001.fu:4.69.2.token.21	δέ	δέ
δ’	urn:cts:greekLit:tlg0003.tlg001.fu:4.75.1.token.2	δέ	δέ
δ’	urn:cts:greekLit:tlg0003.tlg001.fu:4.77.1.token.61	δέ	δέ
δ’	urn:cts:greekLit:tlg0003.tlg001.fu:4.80.5.token.12	δέ	δέ
δ’	urn:cts:greekLit:tlg0003.tlg001.fu:4.82.1.token.2	δέ	δέ
δ’	urn:cts:greekLit:tlg0003.tlg001.fu:4.87.2.token.3	δέ	δέ
δ’	urn:cts:greekLit:tlg0003.tlg001.fu:4.87.2.token.13	δέ	δέ
δ’	urn:cts:greekLit:tlg0003.tlg001.fu:4.89.1.token.2	δέ	δέ
δ’	urn:cts:greekLit:tlg0003.tlg001.fu:4.89.1.token.34	δέ	δέ
δ’	urn:cts:greekLit:tlg0003.tlg001.fu:4.90.4.token.33	δέ	δέ
δ’	urn:cts:greekLit:tlg0003.tlg001.fu:4.92.2.token.2	δέ	δέ
δ’	urn:cts:greekLit:tlg0003.tlg001.fu:4.98.6.token.2	δέ	δέ
δ’	urn:cts:greekLit:tlg0003.tlg001.fu:4.102.1.token.2	δέ	δέ
δ’	urn:cts:greekLit:tlg0003.tlg001.fu:4.109.1.token.2	δέ	δέ
δ’	urn:cts:greekLit:tlg0003.tlg001.fu:4.110.1.token.2	δέ	δέ
δ’	urn:cts:greekLit:tlg0003.tlg001.fu:4.115.2.token.8	δέ	δέ
δ’	urn:cts:greekLit:tlg0003.tlg001.fu:4.117.2.token.29	δέ	δέ
δ’	urn:cts:greekLit:tlg0003.tlg001.fu:4.118.4.token.71	δέ	δέ
δ’	urn:cts:greekLit:tlg0003.tlg001.fu:4.120.1.token.30	δέ	δέ
δ’	urn:cts:greekLit:tlg0003.tlg001.fu:4.120.2.token.2	δέ	δέ
δ’	urn:cts:greekLit:tlg0003.tlg001.fu:4.122.4.token.2	δέ	δέ
δ’	urn:cts:greekLit:tlg0003.tlg001.fu:4.124.1.token.59	δέ	δέ
δ’	urn:cts:greekLit:tlg0003.tlg001.fu:4.126.6.token.64	δέ	δέ
δ’	urn:cts:greekLit:tlg0003.tlg001.fu:4.130.1.token.2	δέ	δέ
δ’	urn:cts:greekLit:tlg0003.tlg001.fu:4.130.7.token.26	δέ	δέ
δ’	urn:cts:greekLit:tlg0003.tlg001.fu:4.131.2.token.2	δέ	δέ
δ’	urn:cts:greekLit:tlg0003.tlg001.fu:4.132.2.token.40	δέ	δέ
δ’	urn:cts:greekLit:tlg0003.tlg001.fu:5.1.1.token.2	δέ	δέ
δ’	urn:cts:greekLit:tlg0003.tlg001.fu:5.2.3.token.2	δέ	δέ
δ’	urn:cts:greekLit:tlg0003.tlg001.fu:5.6.5.token.2	δέ	δέ
δ’	urn:cts:greekLit:tlg0003.tlg001.fu:5.6.5.token.26	δέ	δέ
δ’	urn:cts:greekLit:tlg0003.tlg001.fu:5.10.4.token.2	δέ	δέ
δ’	urn:cts:greekLit:tlg0003.tlg001.fu:5.11.2.token.16	δέ	δέ
δ’	urn:cts:greekLit:tlg0003.tlg001.fu:5.13.1.token.2	δέ	δέ
δ’	urn:cts:greekLit:tlg0003.tlg001.fu:5.14.3.token.2	δέ	δέ
δ’	urn:cts:greekLit:tlg0003.tlg001.fu:5.17.2.token.56	δέ	δέ
δ’	urn:cts:greekLit:tlg0003.tlg001.fu:5.18.2.token.29	δέ	δέ
δ’	urn:cts:greekLit:tlg0003.tlg001.fu:5.18.5.token.76	δέ	δέ
δ’	urn:cts:greekLit:tlg0003.tlg001.fu:5.18.9.token.28	δέ	δέ
δ’	urn:cts:greekLit:tlg0003.tlg001.fu:5.21.2.token.2	δέ	δέ
δ’	urn:cts:greekLit:tlg0003.tlg001.fu:5.22.2.token.2	δέ	δέ
δ’	urn:cts:greekLit:tlg0003.tlg001.fu:5.23.1.token.68	δέ	δέ
δ’	urn:cts:greekLit:tlg0003.tlg001.fu:5.23.3.token.2	δέ	δέ
δ’	urn:cts:greekLit:tlg0003.tlg001.fu:5.25.1.token.28	δέ	δέ
δ’	urn:cts:greekLit:tlg0003.tlg001.fu:5.29.1.token.2	δέ	δέ
δ’	urn:cts:greekLit:tlg0003.tlg001.fu:5.30.3.token.28	δέ	δέ
δ’	urn:cts:greekLit:tlg0003.tlg001.fu:5.31.3.token.20	δέ	δέ
δ’	urn:cts:greekLit:tlg0003.tlg001.fu:5.33.2.token.25	δέ	δέ
δ’	urn:cts:greekLit:tlg0003.tlg001.fu:5.34.2.token.2	δέ	δέ
δ’	urn:cts:greekLit:tlg0003.tlg001.fu:5.35.1.token.2	δέ	δέ
δ’	urn:cts:greekLit:tlg0003.tlg001.fu:5.36.1.token.2	δέ	δέ
δ’	urn:cts:greekLit:tlg0003.tlg001.fu:5.38.3.token.2	δέ	δέ
δ’	urn:cts:greekLit:tlg0003.tlg001.fu:5.41.2.token.40	δέ	δέ
δ’	urn:cts:greekLit:tlg0003.tlg001.fu:5.41.2.token.46	δέ	δέ
δ’	urn:cts:greekLit:tlg0003.tlg001.fu:5.41.2.token.85	δέ	δέ
δ’	urn:cts:greekLit:tlg0003.tlg001.fu:5.41.3.token.30	δέ	δέ
δ’	urn:cts:greekLit:tlg0003.tlg001.fu:5.42.1.token.70	δέ	δέ
δ’	urn:cts:greekLit:tlg0003.tlg001.fu:5.46.1.token.2	δέ	δέ
δ’	urn:cts:greekLit:tlg0003.tlg001.fu:5.47.6.token.60	δέ	δέ
δ’	urn:cts:greekLit:tlg0003.tlg001.fu:5.47.12.token.17	δέ	δέ
δ’	urn:cts:greekLit:tlg0003.tlg001.fu:5.48.2.token.34	δέ	δέ
δ’	urn:cts:greekLit:tlg0003.tlg001.fu:5.49.1.token.2	δέ	δέ
δ’	urn:cts:greekLit:tlg0003.tlg001.fu:5.50.1.token.2	δέ	δέ
δ’	urn:cts:greekLit:tlg0003.tlg001.fu:5.50.4.token.2	δέ	δέ
δ’	urn:cts:greekLit:tlg0003.tlg001.fu:5.51.1.token.2	δέ	δέ
δ’	urn:cts:greekLit:tlg0003.tlg001.fu:5.52.1.token.2	δέ	δέ
δ’	urn:cts:greekLit:tlg0003.tlg001.fu:5.53.1.token.2	δέ	δέ
δ’	urn:cts:greekLit:tlg0003.tlg001.fu:5.54.2.token.2	δέ	δέ
δ’	urn:cts:greekLit:tlg0003.tlg001.fu:5.54.2.token.24	δέ	δέ
δ’	urn:cts:greekLit:tlg0003.tlg001.fu:5.54.3.token.2	δέ	δέ
δ’	urn:cts:greekLit:tlg0003.tlg001.fu:5.55.1.token.45	δέ	δέ
δ’	urn:cts:greekLit:tlg0003.tlg001.fu:5.56.1.token.2	δέ	δέ
δ’	urn:cts:greekLit:tlg0003.tlg001.fu:5.56.2.token.2	δέ	δέ
δ’	urn:cts:greekLit:tlg0003.tlg001.fu:5.56.3.token.29	δέ	δέ
δ’	urn:cts:greekLit:tlg0003.tlg001.fu:5.57.1.token.2	δέ	δέ
δ’	urn:cts:greekLit:tlg0003.tlg001.fu:5.57.1.token.26	δέ	δέ
δ’	urn:cts:greekLit:tlg0003.tlg001.fu:5.57.2.token.2	δέ	δέ
δ’	urn:cts:greekLit:tlg0003.tlg001.fu:5.57.2.token.15	δέ	δέ
δ’	urn:cts:greekLit:tlg0003.tlg001.fu:5.57.2.token.48	δέ	δέ
δ’	urn:cts:greekLit:tlg0003.tlg001.fu:5.58.1.token.29	δέ	δέ
δ’	urn:cts:greekLit:tlg0003.tlg001.fu:5.60.2.token.17	δέ	δέ
δ’	urn:cts:greekLit:tlg0003.tlg001.fu:5.61.3.token.27	δέ	δέ
δ’	urn:cts:greekLit:tlg0003.tlg001.fu:5.64.1.token.3	δέ	δέ
δ’	urn:cts:greekLit:tlg0003.tlg001.fu:5.65.1.token.2	δέ	δέ
δ’	urn:cts:greekLit:tlg0003.tlg001.fu:5.65.5.token.15	δέ	δέ
δ’	urn:cts:greekLit:tlg0003.tlg001.fu:5.66.1.token.2	δέ	δέ
δ’	urn:cts:greekLit:tlg0003.tlg001.fu:5.66.3.token.29	δέ	δέ
δ’	urn:cts:greekLit:tlg0003.tlg001.fu:5.67.1.token.22	δέ	δέ
δ’	urn:cts:greekLit:tlg0003.tlg001.fu:5.67.2.token.7	δέ	δέ
δ’	urn:cts:greekLit:tlg0003.tlg001.fu:5.67.2.token.25	δέ	δέ
δ’	urn:cts:greekLit:tlg0003.tlg001.fu:5.68.2.token.28	δέ	δέ
δ’	urn:cts:greekLit:tlg0003.tlg001.fu:5.71.1.token.2	δέ	δέ
δ’	urn:cts:greekLit:tlg0003.tlg001.fu:5.76.1.token.2	δέ	δέ
δ’	urn:cts:greekLit:tlg0003.tlg001.fu:5.76.3.token.28	δέ	δέ
δ’	urn:cts:greekLit:tlg0003.tlg001.fu:5.77.7.token.2	δέ	δέ
δ’	urn:cts:greekLit:tlg0003.tlg001.fu:5.80.3.token.19	δέ	δέ
δ’	urn:cts:greekLit:tlg0003.tlg001.fu:5.82.1.token.2	δέ	δέ
δ’	urn:cts:greekLit:tlg0003.tlg001.fu:5.83.1.token.2	δέ	δέ
δ’	urn:cts:greekLit:tlg0003.tlg001.fu:5.84.1.token.2	δέ	δέ
δ’	urn:cts:greekLit:tlg0003.tlg001.fu:5.84.2.token.10	δέ	δέ
δ’	urn:cts:greekLit:tlg0003.tlg001.fu:5.87.1.token.32	δέ	δέ
δ’	urn:cts:greekLit:tlg0003.tlg001.fu:5.89.1.token.50	δέ	δέ
δ’	urn:cts:greekLit:tlg0003.tlg001.fu:5.91.2.token.42	δέ	δέ
δ’	urn:cts:greekLit:tlg0003.tlg001.fu:5.96.1.token.5	δέ	δέ
δ’	urn:cts:greekLit:tlg0003.tlg001.fu:5.98.1.token.5	δέ	δέ
δ’	urn:cts:greekLit:tlg0003.tlg001.fu:5.103.1.token.23	δέ	δέ
δ’	urn:cts:greekLit:tlg0003.tlg001.fu:5.105.1.token.29	δέ	δέ
δ’	urn:cts:greekLit:tlg0003.tlg001.fu:5.109.1.token.5	δέ	δέ
δ’	urn:cts:greekLit:tlg0003.tlg001.fu:5.111.2.token.32	δέ	δέ
δ’	urn:cts:greekLit:tlg0003.tlg001.fu:5.115.3.token.12	δέ	δέ
δ’	urn:cts:greekLit:tlg0003.tlg001.fu:5.116.1.token.2	δέ	δέ
δ’	urn:cts:greekLit:tlg0003.tlg001.fu:5.116.1.token.44	δέ	δέ
δ’	urn:cts:greekLit:tlg0003.tlg001.fu:6.1.1.token.2	δέ	δέ
δ’	urn:cts:greekLit:tlg0003.tlg001.fu:6.2.3.token.26	δέ	δέ
δ’	urn:cts:greekLit:tlg0003.tlg001.fu:6.2.4.token.2	δέ	δέ
δ’	urn:cts:greekLit:tlg0003.tlg001.fu:6.4.1.token.49	δέ	δέ
δ’	urn:cts:greekLit:tlg0003.tlg001.fu:6.4.5.token.80	δέ	δέ
δ’	urn:cts:greekLit:tlg0003.tlg001.fu:6.5.2.token.17	δέ	δέ
δ’	urn:cts:greekLit:tlg0003.tlg001.fu:6.6.2.token.2	δέ	δέ
δ’	urn:cts:greekLit:tlg0003.tlg001.fu:6.6.2.token.126	δέ	δέ
δ’	urn:cts:greekLit:tlg0003.tlg001.fu:6.7.4.token.21	δέ	δέ
δ’	urn:cts:greekLit:tlg0003.tlg001.fu:6.8.1.token.2	δέ	δέ
δ’	urn:cts:greekLit:tlg0003.tlg001.fu:6.10.3.token.2	δέ	δέ
δ’	urn:cts:greekLit:tlg0003.tlg001.fu:6.10.4.token.2	δέ	δέ
δ’	urn:cts:greekLit:tlg0003.tlg001.fu:6.10.5.token.59	δέ	δέ
δ’	urn:cts:greekLit:tlg0003.tlg001.fu:6.11.1.token.9	δέ	δέ
δ’	urn:cts:greekLit:tlg0003.tlg001.fu:6.11.1.token.26	δέ	δέ
δ’	urn:cts:greekLit:tlg0003.tlg001.fu:6.11.2.token.2	δέ	δέ
δ’	urn:cts:greekLit:tlg0003.tlg001.fu:6.11.3.token.12	δέ	δέ
δ’	urn:cts:greekLit:tlg0003.tlg001.fu:6.11.4.token.2	δέ	δέ
δ’	urn:cts:greekLit:tlg0003.tlg001.fu:6.13.2.token.2	δέ	δέ
δ’	urn:cts:greekLit:tlg0003.tlg001.fu:6.13.2.token.40	δέ	δέ
δ’	urn:cts:greekLit:tlg0003.tlg001.fu:6.15.5.token.2	δέ	δέ
δ’	urn:cts:greekLit:tlg0003.tlg001.fu:6.17.4.token.20	δέ	δέ
δ’	urn:cts:greekLit:tlg0003.tlg001.fu:6.19.1.token.8	δέ	δέ
δ’	urn:cts:greekLit:tlg0003.tlg001.fu:6.24.3.token.27	δέ	δέ
δ’	urn:cts:greekLit:tlg0003.tlg001.fu:6.25.2.token.32	δέ	δέ
δ’	urn:cts:greekLit:tlg0003.tlg001.fu:6.26.1.token.2	δέ	δέ
δ’	urn:cts:greekLit:tlg0003.tlg001.fu:6.26.2.token.20	δέ	δέ
δ’	urn:cts:greekLit:tlg0003.tlg001.fu:6.29.1.token.2	δέ	δέ
δ’	urn:cts:greekLit:tlg0003.tlg001.fu:6.29.1.token.44	δέ	δέ
δ’	urn:cts:greekLit:tlg0003.tlg001.fu:6.29.3.token.2	δέ	δέ
δ’	urn:cts:greekLit:tlg0003.tlg001.fu:6.30.1.token.48	δέ	δέ
δ’	urn:cts:greekLit:tlg0003.tlg001.fu:6.30.2.token.55	δέ	δέ
δ’	urn:cts:greekLit:tlg0003.tlg001.fu:6.31.5.token.53	δέ	δέ
δ’	urn:cts:greekLit:tlg0003.tlg001.fu:6.34.5.token.2	δέ	δέ
δ’	urn:cts:greekLit:tlg0003.tlg001.fu:6.34.7.token.2	δέ	δέ
δ’	urn:cts:greekLit:tlg0003.tlg001.fu:6.34.7.token.12	δέ	δέ
δ’	urn:cts:greekLit:tlg0003.tlg001.fu:6.34.8.token.24	δέ	δέ
δ’	urn:cts:greekLit:tlg0003.tlg001.fu:6.34.9.token.37	δέ	δέ
δ’	urn:cts:greekLit:tlg0003.tlg001.fu:6.35.1.token.64	δέ	δέ
δ’	urn:cts:greekLit:tlg0003.tlg001.fu:6.35.2.token.2	δέ	δέ
δ’	urn:cts:greekLit:tlg0003.tlg001.fu:6.38.4.token.47	δέ	δέ
δ’	urn:cts:greekLit:tlg0003.tlg001.fu:6.38.4.token.74	δέ	δέ
δ’	urn:cts:greekLit:tlg0003.tlg001.fu:6.39.1.token.11	δέ	δέ
δ’	urn:cts:greekLit:tlg0003.tlg001.fu:6.39.1.token.43	δέ	δέ
δ’	urn:cts:greekLit:tlg0003.tlg001.fu:6.39.1.token.50	δέ	δέ
δ’	urn:cts:greekLit:tlg0003.tlg001.fu:6.39.2.token.11	δέ	δέ
δ’	urn:cts:greekLit:tlg0003.tlg001.fu:6.40.1.token.35	δέ	δέ
δ’	urn:cts:greekLit:tlg0003.tlg001.fu:6.40.2.token.51	δέ	δέ
δ’	urn:cts:greekLit:tlg0003.tlg001.fu:6.41.4.token.10	δέ	δέ
δ’	urn:cts:greekLit:tlg0003.tlg001.fu:6.42.1.token.2	δέ	δέ
δ’	urn:cts:greekLit:tlg0003.tlg001.fu:6.43.1.token.46	δέ	δέ
δ’	urn:cts:greekLit:tlg0003.tlg001.fu:6.43.1.token.101	δέ	δέ
δ’	urn:cts:greekLit:tlg0003.tlg001.fu:6.46.1.token.2	δέ	δέ
δ’	urn:cts:greekLit:tlg0003.tlg001.fu:6.49.2.token.65	δέ	δέ
δ’	urn:cts:greekLit:tlg0003.tlg001.fu:6.50.1.token.44	δέ	δέ
δ’	urn:cts:greekLit:tlg0003.tlg001.fu:6.50.5.token.2	δέ	δέ
δ’	urn:cts:greekLit:tlg0003.tlg001.fu:6.52.1.token.51	δέ	δέ
δ’	urn:cts:greekLit:tlg0003.tlg001.fu:6.54.7.token.20	δέ	δέ
δ’	urn:cts:greekLit:tlg0003.tlg001.fu:6.55.1.token.17	δέ	δέ
δ’	urn:cts:greekLit:tlg0003.tlg001.fu:6.56.1.token.2	δέ	δέ
δ’	urn:cts:greekLit:tlg0003.tlg001.fu:6.59.2.token.2	δέ	δέ
δ’	urn:cts:greekLit:tlg0003.tlg001.fu:6.61.7.token.2	δέ	δέ
δ’	urn:cts:greekLit:tlg0003.tlg001.fu:6.61.7.token.17	δέ	δέ
δ’	urn:cts:greekLit:tlg0003.tlg001.fu:6.61.7.token.44	δέ	δέ
δ’	urn:cts:greekLit:tlg0003.tlg001.fu:6.62.2.token.2	δέ	δέ
δ’	urn:cts:greekLit:tlg0003.tlg001.fu:6.63.1.token.2	δέ	δέ
δ’	urn:cts:greekLit:tlg0003.tlg001.fu:6.64.1.token.70	δέ	δέ
δ’	urn:cts:greekLit:tlg0003.tlg001.fu:6.64.1.token.93	δέ	δέ
δ’	urn:cts:greekLit:tlg0003.tlg001.fu:6.65.2.token.2	δέ	δέ
δ’	urn:cts:greekLit:tlg0003.tlg001.fu:6.66.1.token.3	δέ	δέ
δ’	urn:cts:greekLit:tlg0003.tlg001.fu:6.67.1.token.2	δέ	δέ
δ’	urn:cts:greekLit:tlg0003.tlg001.fu:6.67.2.token.66	δέ	δέ
δ’	urn:cts:greekLit:tlg0003.tlg001.fu:6.68.2.token.56	δέ	δέ
δ’	urn:cts:greekLit:tlg0003.tlg001.fu:6.69.3.token.2	δέ	δέ
δ’	urn:cts:greekLit:tlg0003.tlg001.fu:6.69.3.token.26	δέ	δέ
δ’	urn:cts:greekLit:tlg0003.tlg001.fu:6.69.3.token.66	δέ	δέ
δ’	urn:cts:greekLit:tlg0003.tlg001.fu:6.70.1.token.2	δέ	δέ
δ’	urn:cts:greekLit:tlg0003.tlg001.fu:6.70.1.token.41	δέ	δέ
δ’	urn:cts:greekLit:tlg0003.tlg001.fu:6.71.1.token.24	δέ	δέ
δ’	urn:cts:greekLit:tlg0003.tlg001.fu:6.72.4.token.78	δέ	δέ
δ’	urn:cts:greekLit:tlg0003.tlg001.fu:6.72.4.token.96	δέ	δέ
δ’	urn:cts:greekLit:tlg0003.tlg001.fu:6.74.1.token.2	δέ	δέ
δ’	urn:cts:greekLit:tlg0003.tlg001.fu:6.75.3.token.62	δέ	δέ
δ’	urn:cts:greekLit:tlg0003.tlg001.fu:6.76.3.token.44	δέ	δέ
δ’	urn:cts:greekLit:tlg0003.tlg001.fu:6.76.4.token.31	δέ	δέ
δ’	urn:cts:greekLit:tlg0003.tlg001.fu:6.78.1.token.11	δέ	δέ
δ’	urn:cts:greekLit:tlg0003.tlg001.fu:6.78.1.token.75	δέ	δέ
δ’	urn:cts:greekLit:tlg0003.tlg001.fu:6.79.2.token.28	δέ	δέ
δ’	urn:cts:greekLit:tlg0003.tlg001.fu:6.80.4.token.14	δέ	δέ
δ’	urn:cts:greekLit:tlg0003.tlg001.fu:6.81.1.token.8	δέ	δέ
δ’	urn:cts:greekLit:tlg0003.tlg001.fu:6.83.3.token.29	δέ	δέ
δ’	urn:cts:greekLit:tlg0003.tlg001.fu:6.86.5.token.37	δέ	δέ
δ’	urn:cts:greekLit:tlg0003.tlg001.fu:6.87.1.token.18	δέ	δέ
δ’	urn:cts:greekLit:tlg0003.tlg001.fu:6.87.2.token.25	δέ	δέ
δ’	urn:cts:greekLit:tlg0003.tlg001.fu:6.87.4.token.49	δέ	δέ
δ’	urn:cts:greekLit:tlg0003.tlg001.fu:6.88.1.token.41	δέ	δέ
δ’	urn:cts:greekLit:tlg0003.tlg001.fu:6.88.3.token.14	δέ	δέ
δ’	urn:cts:greekLit:tlg0003.tlg001.fu:6.88.7.token.2	δέ	δέ
δ’	urn:cts:greekLit:tlg0003.tlg001.fu:6.89.2.token.2	δέ	δέ
δ’	urn:cts:greekLit:tlg0003.tlg001.fu:6.89.5.token.13	δέ	δέ
δ’	urn:cts:greekLit:tlg0003.tlg001.fu:6.90.2.token.14	δέ	δέ
δ’	urn:cts:greekLit:tlg0003.tlg001.fu:6.90.3.token.77	δέ	δέ
δ’	urn:cts:greekLit:tlg0003.tlg001.fu:6.91.2.token.8	δέ	δέ
δ’	urn:cts:greekLit:tlg0003.tlg001.fu:6.91.6.token.26	δέ	δέ
δ’	urn:cts:greekLit:tlg0003.tlg001.fu:6.91.7.token.2	δέ	δέ
δ’	urn:cts:greekLit:tlg0003.tlg001.fu:6.91.7.token.34	δέ	δέ
δ’	urn:cts:greekLit:tlg0003.tlg001.fu:6.92.5.token.49	δέ	δέ
δ’	urn:cts:greekLit:tlg0003.tlg001.fu:6.93.1.token.21	δέ	δέ
δ’	urn:cts:greekLit:tlg0003.tlg001.fu:6.95.1.token.2	δέ	δέ
δ’	urn:cts:greekLit:tlg0003.tlg001.fu:6.95.2.token.28	δέ	δέ
δ’	urn:cts:greekLit:tlg0003.tlg001.fu:6.98.1.token.40	δέ	δέ
δ’	urn:cts:greekLit:tlg0003.tlg001.fu:6.99.4.token.28	δέ	δέ
δ’	urn:cts:greekLit:tlg0003.tlg001.fu:6.100.1.token.120	δέ	δέ
δ’	urn:cts:greekLit:tlg0003.tlg001.fu:6.101.1.token.2	δέ	δέ
δ’	urn:cts:greekLit:tlg0003.tlg001.fu:6.101.3.token.2	δέ	δέ
δ’	urn:cts:greekLit:tlg0003.tlg001.fu:6.101.4.token.27	δέ	δέ
δ’	urn:cts:greekLit:tlg0003.tlg001.fu:6.103.2.token.2	δέ	δέ
δ’	urn:cts:greekLit:tlg0003.tlg001.fu:7.2.1.token.2	δέ	δέ
δ’	urn:cts:greekLit:tlg0003.tlg001.fu:7.2.4.token.36	δέ	δέ
δ’	urn:cts:greekLit:tlg0003.tlg001.fu:7.3.2.token.2	δέ	δέ
δ’	urn:cts:greekLit:tlg0003.tlg001.fu:7.3.3.token.37	δέ	δέ
δ’	urn:cts:greekLit:tlg0003.tlg001.fu:7.3.4.token.2	δέ	δέ
δ’	urn:cts:greekLit:tlg0003.tlg001.fu:7.4.3.token.2	δέ	δέ
δ’	urn:cts:greekLit:tlg0003.tlg001.fu:7.6.2.token.18	δέ	δέ
δ’	urn:cts:greekLit:tlg0003.tlg001.fu:7.7.1.token.25	δέ	δέ
δ’	urn:cts:greekLit:tlg0003.tlg001.fu:7.10.1.token.2	δέ	δέ
δ’	urn:cts:greekLit:tlg0003.tlg001.fu:7.11.2.token.47	δέ	δέ
δ’	urn:cts:greekLit:tlg0003.tlg001.fu:7.12.5.token.2	δέ	δέ
δ’	urn:cts:greekLit:tlg0003.tlg001.fu:7.13.1.token.2	δέ	δέ
δ’	urn:cts:greekLit:tlg0003.tlg001.fu:7.13.2.token.99	δέ	δέ
δ’	urn:cts:greekLit:tlg0003.tlg001.fu:7.13.2.token.105	δέ	δέ
δ’	urn:cts:greekLit:tlg0003.tlg001.fu:7.14.1.token.2	δέ	δέ
δ’	urn:cts:greekLit:tlg0003.tlg001.fu:7.15.2.token.2	δέ	δέ
δ’	urn:cts:greekLit:tlg0003.tlg001.fu:7.15.2.token.44	δέ	δέ
δ’	urn:cts:greekLit:tlg0003.tlg001.fu:7.15.2.token.51	δέ	δέ
δ’	urn:cts:greekLit:tlg0003.tlg001.fu:7.19.1.token.2	δέ	δέ
δ’	urn:cts:greekLit:tlg0003.tlg001.fu:7.19.3.token.14	δέ	δέ
δ’	urn:cts:greekLit:tlg0003.tlg001.fu:7.20.2.token.59	δέ	δέ
δ’	urn:cts:greekLit:tlg0003.tlg001.fu:7.22.2.token.2	δέ	δέ
δ’	urn:cts:greekLit:tlg0003.tlg001.fu:7.22.2.token.29	δέ	δέ
δ’	urn:cts:greekLit:tlg0003.tlg001.fu:7.23.1.token.3	δέ	δέ
δ’	urn:cts:greekLit:tlg0003.tlg001.fu:7.24.1.token.12	δέ	δέ
δ’	urn:cts:greekLit:tlg0003.tlg001.fu:7.24.2.token.2	δέ	δέ
δ’	urn:cts:greekLit:tlg0003.tlg001.fu:7.25.1.token.46	δέ	δέ
δ’	urn:cts:greekLit:tlg0003.tlg001.fu:7.25.4.token.14	δέ	δέ
δ’	urn:cts:greekLit:tlg0003.tlg001.fu:7.25.4.token.31	δέ	δέ
δ’	urn:cts:greekLit:tlg0003.tlg001.fu:7.25.6.token.39	δέ	δέ
δ’	urn:cts:greekLit:tlg0003.tlg001.fu:7.25.7.token.2	δέ	δέ
δ’	urn:cts:greekLit:tlg0003.tlg001.fu:7.25.7.token.45	δέ	δέ
δ’	urn:cts:greekLit:tlg0003.tlg001.fu:7.27.2.token.2	δέ	δέ
δ’	urn:cts:greekLit:tlg0003.tlg001.fu:7.27.4.token.30	δέ	δέ
δ’	urn:cts:greekLit:tlg0003.tlg001.fu:7.27.5.token.61	δέ	δέ
δ’	urn:cts:greekLit:tlg0003.tlg001.fu:7.28.2.token.32	δέ	δέ
δ’	urn:cts:greekLit:tlg0003.tlg001.fu:7.28.3.token.2	δέ	δέ
δ’	urn:cts:greekLit:tlg0003.tlg001.fu:7.31.1.token.40	δέ	δέ
δ’	urn:cts:greekLit:tlg0003.tlg001.fu:7.31.3.token.2	δέ	δέ
δ’	urn:cts:greekLit:tlg0003.tlg001.fu:7.31.5.token.68	δέ	δέ
δ’	urn:cts:greekLit:tlg0003.tlg001.fu:7.32.1.token.2	δέ	δέ
δ’	urn:cts:greekLit:tlg0003.tlg001.fu:7.32.2.token.2	δέ	δέ
δ’	urn:cts:greekLit:tlg0003.tlg001.fu:7.33.2.token.12	δέ	δέ
δ’	urn:cts:greekLit:tlg0003.tlg001.fu:7.33.2.token.20	δέ	δέ
δ’	urn:cts:greekLit:tlg0003.tlg001.fu:7.34.3.token.2	δέ	δέ
δ’	urn:cts:greekLit:tlg0003.tlg001.fu:7.34.5.token.10	δέ	δέ
δ’	urn:cts:greekLit:tlg0003.tlg001.fu:7.35.2.token.48	δέ	δέ
δ’	urn:cts:greekLit:tlg0003.tlg001.fu:7.36.5.token.55	δέ	δέ
δ’	urn:cts:greekLit:tlg0003.tlg001.fu:7.38.2.token.2	δέ	δέ
δ’	urn:cts:greekLit:tlg0003.tlg001.fu:7.39.1.token.2	δέ	δέ
δ’	urn:cts:greekLit:tlg0003.tlg001.fu:7.39.1.token.12	δέ	δέ
δ’	urn:cts:greekLit:tlg0003.tlg001.fu:7.40.2.token.2	δέ	δέ
δ’	urn:cts:greekLit:tlg0003.tlg001.fu:7.40.5.token.44	δέ	δέ
δ’	urn:cts:greekLit:tlg0003.tlg001.fu:7.41.4.token.2	δέ	δέ
δ’	urn:cts:greekLit:tlg0003.tlg001.fu:7.43.5.token.2	δέ	δέ
δ’	urn:cts:greekLit:tlg0003.tlg001.fu:7.44.3.token.10	δέ	δέ
δ’	urn:cts:greekLit:tlg0003.tlg001.fu:7.44.3.token.31	δέ	δέ
δ’	urn:cts:greekLit:tlg0003.tlg001.fu:7.44.5.token.2	δέ	δέ
δ’	urn:cts:greekLit:tlg0003.tlg001.fu:7.44.5.token.36	δέ	δέ
δ’	urn:cts:greekLit:tlg0003.tlg001.fu:7.45.1.token.2	δέ	δέ
δ’	urn:cts:greekLit:tlg0003.tlg001.fu:7.45.1.token.29	δέ	δέ
δ’	urn:cts:greekLit:tlg0003.tlg001.fu:7.45.2.token.39	δέ	δέ
δ’	urn:cts:greekLit:tlg0003.tlg001.fu:7.48.3.token.15	δέ	δέ
δ’	urn:cts:greekLit:tlg0003.tlg001.fu:7.48.5.token.34	δέ	δέ
δ’	urn:cts:greekLit:tlg0003.tlg001.fu:7.52.1.token.13	δέ	δέ
δ’	urn:cts:greekLit:tlg0003.tlg001.fu:7.52.1.token.33	δέ	δέ
δ’	urn:cts:greekLit:tlg0003.tlg001.fu:7.57.3.token.2	δέ	δέ
δ’	urn:cts:greekLit:tlg0003.tlg001.fu:7.57.3.token.9	δέ	δέ
δ’	urn:cts:greekLit:tlg0003.tlg001.fu:7.57.4.token.29	δέ	δέ
δ’	urn:cts:greekLit:tlg0003.tlg001.fu:7.57.4.token.64	δέ	δέ
δ’	urn:cts:greekLit:tlg0003.tlg001.fu:7.57.4.token.70	δέ	δέ
δ’	urn:cts:greekLit:tlg0003.tlg001.fu:7.57.5.token.2	δέ	δέ
δ’	urn:cts:greekLit:tlg0003.tlg001.fu:7.58.3.token.33	δέ	δέ
δ’	urn:cts:greekLit:tlg0003.tlg001.fu:7.59.2.token.2	δέ	δέ
δ’	urn:cts:greekLit:tlg0003.tlg001.fu:7.60.2.token.52	δέ	δέ
δ’	urn:cts:greekLit:tlg0003.tlg001.fu:7.62.3.token.2	δέ	δέ
δ’	urn:cts:greekLit:tlg0003.tlg001.fu:7.63.2.token.20	δέ	δέ
δ’	urn:cts:greekLit:tlg0003.tlg001.fu:7.65.1.token.34	δέ	δέ
δ’	urn:cts:greekLit:tlg0003.tlg001.fu:7.66.2.token.59	δέ	δέ
δ’	urn:cts:greekLit:tlg0003.tlg001.fu:7.67.2.token.26	δέ	δέ
δ’	urn:cts:greekLit:tlg0003.tlg001.fu:7.67.4.token.2	δέ	δέ
δ’	urn:cts:greekLit:tlg0003.tlg001.fu:7.70.6.token.39	δέ	δέ
δ’	urn:cts:greekLit:tlg0003.tlg001.fu:7.71.3.token.40	δέ	δέ
δ’	urn:cts:greekLit:tlg0003.tlg001.fu:7.72.1.token.2	δέ	δέ
δ’	urn:cts:greekLit:tlg0003.tlg001.fu:7.72.2.token.2	δέ	δέ
δ’	urn:cts:greekLit:tlg0003.tlg001.fu:7.72.3.token.47	δέ	δέ
δ’	urn:cts:greekLit:tlg0003.tlg001.fu:7.74.2.token.74	δέ	δέ
δ’	urn:cts:greekLit:tlg0003.tlg001.fu:7.75.7.token.31	δέ	δέ
δ’	urn:cts:greekLit:tlg0003.tlg001.fu:7.77.6.token.47	δέ	δέ
δ’	urn:cts:greekLit:tlg0003.tlg001.fu:7.78.4.token.18	δέ	δέ
δ’	urn:cts:greekLit:tlg0003.tlg001.fu:7.78.6.token.2	δέ	δέ
δ’	urn:cts:greekLit:tlg0003.tlg001.fu:7.79.4.token.2	δέ	δέ
δ’	urn:cts:greekLit:tlg0003.tlg001.fu:7.79.5.token.17	δέ	δέ
δ’	urn:cts:greekLit:tlg0003.tlg001.fu:7.79.5.token.43	δέ	δέ
δ’	urn:cts:greekLit:tlg0003.tlg001.fu:7.80.6.token.2	δέ	δέ
δ’	urn:cts:greekLit:tlg0003.tlg001.fu:7.81.1.token.3	δέ	δέ
δ’	urn:cts:greekLit:tlg0003.tlg001.fu:7.82.1.token.2	δέ	δέ
δ’	urn:cts:greekLit:tlg0003.tlg001.fu:7.82.2.token.2	δέ	δέ
δ’	urn:cts:greekLit:tlg0003.tlg001.fu:7.83.1.token.24	δέ	δέ
δ’	urn:cts:greekLit:tlg0003.tlg001.fu:7.83.2.token.2	δέ	δέ
δ’	urn:cts:greekLit:tlg0003.tlg001.fu:7.83.2.token.39	δέ	δέ
δ’	urn:cts:greekLit:tlg0003.tlg001.fu:7.84.1.token.2	δέ	δέ
δ’	urn:cts:greekLit:tlg0003.tlg001.fu:7.84.2.token.37	δέ	δέ
δ’	urn:cts:greekLit:tlg0003.tlg001.fu:7.85.4.token.62	δέ	δέ
δ’	urn:cts:greekLit:tlg0003.tlg001.fu:7.87.1.token.2	δέ	δέ
δ’	urn:cts:greekLit:tlg0003.tlg001.fu:7.87.5.token.17	δέ	δέ
δ’	urn:cts:greekLit:tlg0003.tlg001.fu:8.2.1.token.2	δέ	δέ
δ’	urn:cts:greekLit:tlg0003.tlg001.fu:8.2.1.token.79	δέ	δέ
δ’	urn:cts:greekLit:tlg0003.tlg001.fu:8.5.1.token.52	δέ	δέ
δ’	urn:cts:greekLit:tlg0003.tlg001.fu:8.6.2.token.36	δέ	δέ
δ’	urn:cts:greekLit:tlg0003.tlg001.fu:8.6.4.token.2	δέ	δέ
δ’	urn:cts:greekLit:tlg0003.tlg001.fu:8.9.2.token.43	δέ	δέ
δ’	urn:cts:greekLit:tlg0003.tlg001.fu:8.9.3.token.2	δέ	δέ
δ’	urn:cts:greekLit:tlg0003.tlg001.fu:8.10.2.token.34	δέ	δέ
δ’	urn:cts:greekLit:tlg0003.tlg001.fu:8.11.2.token.62	δέ	δέ
δ’	urn:cts:greekLit:tlg0003.tlg001.fu:8.14.2.token.12	δέ	δέ
δ’	urn:cts:greekLit:tlg0003.tlg001.fu:8.15.2.token.25	δέ	δέ
δ’	urn:cts:greekLit:tlg0003.tlg001.fu:8.19.3.token.34	δέ	δέ
δ’	urn:cts:greekLit:tlg0003.tlg001.fu:8.22.1.token.77	δέ	δέ
δ’	urn:cts:greekLit:tlg0003.tlg001.fu:8.24.1.token.2	δέ	δέ
δ’	urn:cts:greekLit:tlg0003.tlg001.fu:8.24.2.token.49	δέ	δέ
δ’	urn:cts:greekLit:tlg0003.tlg001.fu:8.27.4.token.20	δέ	δέ
δ’	urn:cts:greekLit:tlg0003.tlg001.fu:8.29.1.token.2	δέ	δέ
δ’	urn:cts:greekLit:tlg0003.tlg001.fu:8.30.1.token.2	δέ	δέ
δ’	urn:cts:greekLit:tlg0003.tlg001.fu:8.30.2.token.33	δέ	δέ
δ’	urn:cts:greekLit:tlg0003.tlg001.fu:8.31.1.token.2	δέ	δέ
δ’	urn:cts:greekLit:tlg0003.tlg001.fu:8.31.3.token.2	δέ	δέ
δ’	urn:cts:greekLit:tlg0003.tlg001.fu:8.32.1.token.2	δέ	δέ
δ’	urn:cts:greekLit:tlg0003.tlg001.fu:8.32.1.token.18	δέ	δέ
δ’	urn:cts:greekLit:tlg0003.tlg001.fu:8.32.3.token.46	δέ	δέ
δ’	urn:cts:greekLit:tlg0003.tlg001.fu:8.33.2.token.9	δέ	δέ
δ’	urn:cts:greekLit:tlg0003.tlg001.fu:8.34.1.token.71	δέ	δέ
δ’	urn:cts:greekLit:tlg0003.tlg001.fu:8.34.1.token.75	δέ	δέ
δ’	urn:cts:greekLit:tlg0003.tlg001.fu:8.34.1.token.88	δέ	δέ
δ’	urn:cts:greekLit:tlg0003.tlg001.fu:8.35.1.token.38	δέ	δέ
δ’	urn:cts:greekLit:tlg0003.tlg001.fu:8.35.3.token.20	δέ	δέ
δ’	urn:cts:greekLit:tlg0003.tlg001.fu:8.35.4.token.2	δέ	δέ
δ’	urn:cts:greekLit:tlg0003.tlg001.fu:8.37.4.token.24	δέ	δέ
δ’	urn:cts:greekLit:tlg0003.tlg001.fu:8.38.2.token.2	δέ	δέ
δ’	urn:cts:greekLit:tlg0003.tlg001.fu:8.38.4.token.13	δέ	δέ
δ’	urn:cts:greekLit:tlg0003.tlg001.fu:8.38.5.token.14	δέ	δέ
δ’	urn:cts:greekLit:tlg0003.tlg001.fu:8.43.2.token.2	δέ	δέ
δ’	urn:cts:greekLit:tlg0003.tlg001.fu:8.44.1.token.2	δέ	δέ
δ’	urn:cts:greekLit:tlg0003.tlg001.fu:8.44.3.token.34	δέ	δέ
δ’	urn:cts:greekLit:tlg0003.tlg001.fu:8.44.4.token.18	δέ	δέ
δ’	urn:cts:greekLit:tlg0003.tlg001.fu:8.45.4.token.24	δέ	δέ
δ’	urn:cts:greekLit:tlg0003.tlg001.fu:8.45.5.token.2	δέ	δέ
δ’	urn:cts:greekLit:tlg0003.tlg001.fu:8.46.1.token.39	δέ	δέ
δ’	urn:cts:greekLit:tlg0003.tlg001.fu:8.46.2.token.2	δέ	δέ
δ’	urn:cts:greekLit:tlg0003.tlg001.fu:8.46.3.token.72	δέ	δέ
δ’	urn:cts:greekLit:tlg0003.tlg001.fu:8.47.1.token.49	δέ	δέ
δ’	urn:cts:greekLit:tlg0003.tlg001.fu:8.55.2.token.2	δέ	δέ
δ’	urn:cts:greekLit:tlg0003.tlg001.fu:8.61.1.token.2	δέ	δέ
δ’	urn:cts:greekLit:tlg0003.tlg001.fu:8.62.2.token.44	δέ	δέ
δ’	urn:cts:greekLit:tlg0003.tlg001.fu:8.64.1.token.33	δέ	δέ
δ’	urn:cts:greekLit:tlg0003.tlg001.fu:8.64.3.token.24	δέ	δέ
δ’	urn:cts:greekLit:tlg0003.tlg001.fu:8.69.1.token.26	δέ	δέ
δ’	urn:cts:greekLit:tlg0003.tlg001.fu:8.69.1.token.37	δέ	δέ
δ’	urn:cts:greekLit:tlg0003.tlg001.fu:8.69.2.token.15	δέ	δέ
δ’	urn:cts:greekLit:tlg0003.tlg001.fu:8.71.3.token.16	δέ	δέ
δ’	urn:cts:greekLit:tlg0003.tlg001.fu:8.73.6.token.39	δέ	δέ
δ’	urn:cts:greekLit:tlg0003.tlg001.fu:8.78.1.token.88	δέ	δέ
δ’	urn:cts:greekLit:tlg0003.tlg001.fu:8.81.3.token.2	δέ	δέ
δ’	urn:cts:greekLit:tlg0003.tlg001.fu:8.81.3.token.57	δέ	δέ
δ’	urn:cts:greekLit:tlg0003.tlg001.fu:8.84.1.token.2	δέ	δέ
δ’	urn:cts:greekLit:tlg0003.tlg001.fu:8.86.3.token.2	δέ	δέ
δ’	urn:cts:greekLit:tlg0003.tlg001.fu:8.87.1.token.2	δέ	δέ
δ’	urn:cts:greekLit:tlg0003.tlg001.fu:8.87.3.token.79	δέ	δέ
δ’	urn:cts:greekLit:tlg0003.tlg001.fu:8.87.6.token.2	δέ	δέ
δ’	urn:cts:greekLit:tlg0003.tlg001.fu:8.89.1.token.2	δέ	δέ
δ’	urn:cts:greekLit:tlg0003.tlg001.fu:8.89.4.token.2	δέ	δέ
δ’	urn:cts:greekLit:tlg0003.tlg001.fu:8.92.11.token.84	δέ	δέ
δ’	urn:cts:greekLit:tlg0003.tlg001.fu:8.93.1.token.2	δέ	δέ
δ’	urn:cts:greekLit:tlg0003.tlg001.fu:8.93.1.token.16	δέ	δέ
δ’	urn:cts:greekLit:tlg0003.tlg001.fu:8.94.2.token.20	δέ	δέ
δ’	urn:cts:greekLit:tlg0003.tlg001.fu:8.94.3.token.2	δέ	δέ
δ’	urn:cts:greekLit:tlg0003.tlg001.fu:8.96.3.token.2	δέ	δέ
δ’	urn:cts:greekLit:tlg0003.tlg001.fu:8.97.1.token.2	δέ	δέ
δ’	urn:cts:greekLit:tlg0003.tlg001.fu:8.98.2.token.11	δέ	δέ
δ’	urn:cts:greekLit:tlg0003.tlg001.fu:8.100.4.token.37	δέ	δέ
δ’	urn:cts:greekLit:tlg0003.tlg001.fu:8.101.3.token.40	δέ	δέ
δ’	urn:cts:greekLit:tlg0003.tlg001.fu:8.103.2.token.2	δέ	δέ
δ’	urn:cts:greekLit:tlg0003.tlg001.fu:8.104.2.token.28	δέ	δέ
δ’	urn:cts:greekLit:tlg0003.tlg001.fu:8.104.3.token.13	δέ	δέ
δ’	urn:cts:greekLit:tlg0003.tlg001.fu:8.104.5.token.2	δέ	δέ
εἴτ’	urn:cts:greekLit:tlg0003.tlg001.fu:7.1.1.token.47		εἴτ’
εἴτ’	urn:cts:greekLit:tlg0003.tlg001.fu:7.1.1.token.56		εἴτ’
θ’	urn:cts:greekLit:tlg0003.tlg001.fu:5.71.3.token.55	τε	τε
θ’	urn:cts:greekLit:tlg0003.tlg001.fu:8.48.1.token.58	τε	τε
καθ’	urn:cts:greekLit:tlg0003.tlg001.fu:1.2.2.token.48	κατά	κατά
καθ’	urn:cts:greekLit:tlg0003.tlg001.fu:1.3.2.token.64	κατά	κατά
καθ’	urn:cts:greekLit:tlg0003.tlg001.fu:1.13.6.token.20	κατά	κατά
καθ’	urn:cts:greekLit:tlg0003.tlg001.fu:1.35.4.token.60	κατά	κατά
καθ’	urn:cts:greekLit:tlg0003.tlg001.fu:1.36.3.token.10	κατά	κατά
καθ’	urn:cts:greekLit:tlg0003.tlg001.fu:1.62.6.token.21	κατά	κατά
καθ’	urn:cts:greekLit:tlg0003.tlg001.fu:1.68.1.token.10	κατά	κατά
καθ’	urn:cts:greekLit:tlg0003.tlg001.fu:1.69.2.token.21	κατά	κατά
καθ’	urn:cts:greekLit:tlg0003.tlg001.fu:1.74.4.token.40	κατά	κατά
καθ’	urn:cts:greekLit:tlg0003.tlg001.fu:1.77.6.token.43	κατά	κατά
καθ’	urn:cts:greekLit:tlg0003.tlg001.fu:1.82.6.token.24	κατά	κατά
καθ’	urn:cts:greekLit:tlg0003.tlg001.fu:1.83.3.token.30	κατά	κατά
καθ’	urn:cts:greekLit:tlg0003.tlg001.fu:1.85.1.token.38	κατά	κατά
καθ’	urn:cts:greekLit:tlg0003.tlg001.fu:1.98.3.token.15	κατά	κατά
καθ’	urn:cts:greekLit:tlg0003.tlg001.fu:1.117.1.token.28	κατά	κατά
καθ’	urn:cts:greekLit:tlg0003.tlg001.fu:1.127.3.token.5	κατά	κατά
καθ’	urn:cts:greekLit:tlg0003.tlg001.fu:1.133.1.token.74	κατά	κατά
καθ’	urn:cts:greekLit:tlg0003.tlg001.fu:1.138.6.token.43	κατά	κατά
καθ’	urn:cts:greekLit:tlg0003.tlg001.fu:1.141.2.token.15	κατά	κατά
καθ’	urn:cts:greekLit:tlg0003.tlg001.fu:1.145.1.token.27	κατά	κατά
καθ’	urn:cts:greekLit:tlg0003.tlg001.fu:2.5.1.token.25	κατά	κατά
καθ’	urn:cts:greekLit:tlg0003.tlg001.fu:2.11.3.token.38	κατά	κατά
καθ’	urn:cts:greekLit:tlg0003.tlg001.fu:2.37.2.token.15	κατά	κατά
καθ’	urn:cts:greekLit:tlg0003.tlg001.fu:2.37.2.token.27	κατά	κατά
καθ’	urn:cts:greekLit:tlg0003.tlg001.fu:2.38.1.token.27	κατά	κατά
καθ’	urn:cts:greekLit:tlg0003.tlg001.fu:2.39.2.token.7	κατά	κατά
καθ’	urn:cts:greekLit:tlg0003.tlg001.fu:2.41.1.token.14	κατά	κατά
καθ’	urn:cts:greekLit:tlg0003.tlg001.fu:2.43.1.token.64	κατά	κατά
καθ’	urn:cts:greekLit:tlg0003.tlg001.fu:2.45.1.token.26	κατά	κατά
καθ’	urn:cts:greekLit:tlg0003.tlg001.fu:2.53.1.token.23	κατά	κατά
καθ’	urn:cts:greekLit:tlg0003.tlg001.fu:2.60.2.token.12	κατά	κατά
καθ’	urn:cts:greekLit:tlg0003.tlg001.fu:2.60.3.token.7	κατά	κατά
καθ’	urn:cts:greekLit:tlg0003.tlg001.fu:2.64.3.token.71	κατά	κατά
καθ’	urn:cts:greekLit:tlg0003.tlg001.fu:2.65.10.token.17	κατά	κατά
καθ’	urn:cts:greekLit:tlg0003.tlg001.fu:2.85.4.token.33	κατά	κατά
καθ’	urn:cts:greekLit:tlg0003.tlg001.fu:2.87.7.token.3	κατά	κατά
καθ’	urn:cts:greekLit:tlg0003.tlg001.fu:2.87.8.token.8	κατά	κατά
καθ’	urn:cts:greekLit:tlg0003.tlg001.fu:2.93.3.token.28	κατά	κατά
καθ’	urn:cts:greekLit:tlg0003.tlg001.fu:2.99.2.token.25	κατά	κατά
καθ’	urn:cts:greekLit:tlg0003.tlg001.fu:3.9.1.token.30	κατά	κατά
καθ’	urn:cts:greekLit:tlg0003.tlg001.fu:3.10.5.token.4	κατά	κατά
καθ’	urn:cts:greekLit:tlg0003.tlg001.fu:3.11.6.token.10	κατά	κατά
καθ’	urn:cts:greekLit:tlg0003.tlg001.fu:3.37.2.token.4	κατά	κατά
καθ’	urn:cts:greekLit:tlg0003.tlg001.fu:3.39.2.token.99	κατά	κατά
καθ’	urn:cts:greekLit:tlg0003.tlg001.fu:3.48.1.token.37	κατά	κατά
καθ’	urn:cts:greekLit:tlg0003.tlg001.fu:3.70.4.token.26	κατά	κατά
καθ’	urn:cts:greekLit:tlg0003.tlg001.fu:3.78.1.token.13	κατά	κατά
καθ’	urn:cts:greekLit:tlg0003.tlg001.fu:3.82.2.token.75	κατά	κατά
καθ’	urn:cts:greekLit:tlg0003.tlg001.fu:3.108.2.token.12	κατά	κατά
καθ’	urn:cts:greekLit:tlg0003.tlg001.fu:4.14.1.token.5	κατά	κατά
καθ’	urn:cts:greekLit:tlg0003.tlg001.fu:4.18.4.token.26	κατά	κατά
καθ’	urn:cts:greekLit:tlg0003.tlg001.fu:4.34.3.token.58	κατά	κατά
καθ’	urn:cts:greekLit:tlg0003.tlg001.fu:4.38.3.token.54	κατά	κατά
καθ’	urn:cts:greekLit:tlg0003.tlg001.fu:4.46.1.token.7	κατά	κατά
καθ’	urn:cts:greekLit:tlg0003.tlg001.fu:4.56.1.token.14	κατά	κατά
καθ’	urn:cts:greekLit:tlg0003.tlg001.fu:4.64.3.token.47	κατά	κατά
καθ’	urn:cts:greekLit:tlg0003.tlg001.fu:4.64.4.token.15	κατά	κατά
καθ’	urn:cts:greekLit:tlg0003.tlg001.fu:4.64.5.token.26	κατά	κατά
καθ’	urn:cts:greekLit:tlg0003.tlg001.fu:4.71.1.token.33	κατά	κατά
καθ’	urn:cts:greekLit:tlg0003.tlg001.fu:4.117.1.token.28	κατά	κατά
καθ’	urn:cts:greekLit:tlg0003.tlg001.fu:4.118.4.token.139	κατά	κατά
καθ’	urn:cts:greekLit:tlg0003.tlg001.fu:4.118.11.token.26	κατά	κατά
καθ’	urn:cts:greekLit:tlg0003.tlg001.fu:4.118.13.token.15	κατά	κατά
καθ’	urn:cts:greekLit:tlg0003.tlg001.fu:4.118.14.token.18	κατά	κατά
καθ’	urn:cts:greekLit:tlg0003.tlg001.fu:4.134.1.token.40	κατά	κατά
καθ’	urn:cts:greekLit:tlg0003.tlg001.fu:5.3.3.token.10	κατά	κατά
καθ’	urn:cts:greekLit:tlg0003.tlg001.fu:5.18.4.token.48	κατά	κατά
καθ’	urn:cts:greekLit:tlg0003.tlg001.fu:5.26.5.token.50	κατά	κατά
καθ’	urn:cts:greekLit:tlg0003.tlg001.fu:5.37.2.token.12	κατά	κατά
καθ’	urn:cts:greekLit:tlg0003.tlg001.fu:5.47.3.token.32	κατά	κατά
καθ’	urn:cts:greekLit:tlg0003.tlg001.fu:5.47.4.token.27	κατά	κατά
καθ’	urn:cts:greekLit:tlg0003.tlg001.fu:5.55.1.token.2	κατά	κατά
καθ’	urn:cts:greekLit:tlg0003.tlg001.fu:5.65.5.token.73	κατά	κατά
καθ’	urn:cts:greekLit:tlg0003.tlg001.fu:5.68.2.token.5	κατά	κατά
καθ’	urn:cts:greekLit:tlg0003.tlg001.fu:5.69.1.token.10	κατά	κατά
καθ’	urn:cts:greekLit:tlg0003.tlg001.fu:5.69.2.token.11	κατά	κατά
καθ’	urn:cts:greekLit:tlg0003.tlg001.fu:5.73.3.token.19	κατά	κατά
καθ’	urn:cts:greekLit:tlg0003.tlg001.fu:5.76.3.token.21	κατά	κατά
καθ’	urn:cts:greekLit:tlg0003.tlg001.fu:5.85.1.token.54	κατά	κατά
καθ’	urn:cts:greekLit:tlg0003.tlg001.fu:5.86.1.token.13	κατά	κατά
καθ’	urn:cts:greekLit:tlg0003.tlg001.fu:5.116.2.token.9	κατά	κατά
καθ’	urn:cts:greekLit:tlg0003.tlg001.fu:6.8.3.token.10	κατά	κατά
καθ’	urn:cts:greekLit:tlg0003.tlg001.fu:6.9.1.token.12	κατά	κατά
καθ’	urn:cts:greekLit:tlg0003.tlg001.fu:6.13.1.token.109	κατά	κατά
καθ’	urn:cts:greekLit:tlg0003.tlg001.fu:6.15.4.token.22	κατά	κατά
καθ’	urn:cts:greekLit:tlg0003.tlg001.fu:6.16.5.token.16	κατά	κατά
καθ’	urn:cts:greekLit:tlg0003.tlg001.fu:6.17.4.token.27	κατά	κατά
καθ’	urn:cts:greekLit:tlg0003.tlg001.fu:6.25.2.token.11	κατά	κατά
καθ’	urn:cts:greekLit:tlg0003.tlg001.fu:6.54.6.token.14	κατά	κατά
καθ’	urn:cts:greekLit:tlg0003.tlg001.fu:6.60.2.token.25	κατά	κατά
καθ’	urn:cts:greekLit:tlg0003.tlg001.fu:6.60.4.token.6	κατά	κατά
καθ’	urn:cts:greekLit:tlg0003.tlg001.fu:6.64.1.token.31	κατά	κατά
καθ’	urn:cts:greekLit:tlg0003.tlg001.fu:6.66.1.token.13	κατά	κατά
καθ’	urn:cts:greekLit:tlg0003.tlg001.fu:6.77.2.token.70	κατά	κατά
καθ’	urn:cts:greekLit:tlg0003.tlg001.fu:6.82.3.token.28	κατά	κατά
καθ’	urn:cts:greekLit:tlg0003.tlg001.fu:6.87.3.token.21	κατά	κατά
καθ’	urn:cts:greekLit:tlg0003.tlg001.fu:6.88.1.token.20	κατά	κατά
καθ’	urn:cts:greekLit:tlg0003.tlg001.fu:6.88.3.token.6	κατά	κατά
καθ’	urn:cts:greekLit:tlg0003.tlg001.fu:6.100.1.token.35	κατά	κατά
καθ’	urn:cts:greekLit:tlg0003.tlg001.fu:7.8.1.token.8	κατά	κατά
καθ’	urn:cts:greekLit:tlg0003.tlg001.fu:7.8.1.token.32	κατά	κατά
καθ’	urn:cts:greekLit:tlg0003.tlg001.fu:7.28.3.token.50	κατά	κατά
καθ’	urn:cts:greekLit:tlg0003.tlg001.fu:7.37.2.token.19	κατά	κατά
καθ’	urn:cts:greekLit:tlg0003.tlg001.fu:7.38.3.token.24	κατά	κατά
καθ’	urn:cts:greekLit:tlg0003.tlg001.fu:7.40.2.token.14	κατά	κατά
καθ’	urn:cts:greekLit:tlg0003.tlg001.fu:7.42.6.token.34	κατά	κατά
καθ’	urn:cts:greekLit:tlg0003.tlg001.fu:7.44.1.token.42	κατά	κατά
καθ’	urn:cts:greekLit:tlg0003.tlg001.fu:7.50.3.token.43	κατά	κατά
καθ’	urn:cts:greekLit:tlg0003.tlg001.fu:7.59.2.token.32	κατά	κατά
καθ’	urn:cts:greekLit:tlg0003.tlg001.fu:7.64.2.token.16	κατά	κατά
καθ’	urn:cts:greekLit:tlg0003.tlg001.fu:7.69.2.token.71	κατά	κατά
καθ’	urn:cts:greekLit:tlg0003.tlg001.fu:7.70.6.token.43	κατά	κατά
καθ’	urn:cts:greekLit:tlg0003.tlg001.fu:7.73.3.token.26	κατά	κατά
καθ’	urn:cts:greekLit:tlg0003.tlg001.fu:7.73.3.token.96	κατά	κατά
καθ’	urn:cts:greekLit:tlg0003.tlg001.fu:7.74.2.token.76	κατά	κατά
καθ’	urn:cts:greekLit:tlg0003.tlg001.fu:7.75.2.token.5	κατά	κατά
καθ’	urn:cts:greekLit:tlg0003.tlg001.fu:7.76.1.token.30	κατά	κατά
καθ’	urn:cts:greekLit:tlg0003.tlg001.fu:7.78.1.token.31	κατά	κατά
καθ’	urn:cts:greekLit:tlg0003.tlg001.fu:8.27.2.token.23	κατά	κατά
καθ’	urn:cts:greekLit:tlg0003.tlg001.fu:8.27.3.token.46	κατά	κατά
καθ’	urn:cts:greekLit:tlg0003.tlg001.fu:8.28.4.token.39	κατά	κατά
καθ’	urn:cts:greekLit:tlg0003.tlg001.fu:8.46.2.token.4	κατά	κατά
καθ’	urn:cts:greekLit:tlg0003.tlg001.fu:8.50.5.token.49	κατά	κατά
καθ’	urn:cts:greekLit:tlg0003.tlg001.fu:8.58.7.token.23	κατά	κατά
καθ’	urn:cts:greekLit:tlg0003.tlg001.fu:8.67.1.token.41	κατά	κατά
καθ’	urn:cts:greekLit:tlg0003.tlg001.fu:8.68.1.token.41	κατά	κατά
καθ’	urn:cts:greekLit:tlg0003.tlg001.fu:8.103.2.token.20	κατά	κατά
κατ’	urn:cts:greekLit:tlg0003.tlg001.fu:1.5.3.token.4	κατά	κατά
κατ’	urn:cts:greekLit:tlg0003.tlg001.fu:1.15.2.token.63	κατά	κατά
κατ’	urn:cts:greekLit:tlg0003.tlg001.fu:1.19.1.token.13	κατά	κατά
κατ’	urn:cts:greekLit:tlg0003.tlg001.fu:1.23.2.token.38	κατά	κατά
κατ’	urn:cts:greekLit:tlg0003.tlg001.fu:1.25.4.token.29	κατά	κατά
κατ’	urn:cts:greekLit:tlg0003.tlg001.fu:1.26.3.token.37	κατά	κατά
κατ’	urn:cts:greekLit:tlg0003.tlg001.fu:1.30.2.token.22	κατά	κατά
κατ’	urn:cts:greekLit:tlg0003.tlg001.fu:1.33.3.token.53	κατά	κατά
κατ’	urn:cts:greekLit:tlg0003.tlg001.fu:1.61.5.token.1	κατά	κατά
κατ’	urn:cts:greekLit:tlg0003.tlg001.fu:1.69.3.token.9	κατά	κατά
κατ’	urn:cts:greekLit:tlg0003.tlg001.fu:1.93.3.token.21	κατά	κατά
κατ’	urn:cts:greekLit:tlg0003.tlg001.fu:1.103.3.token.14	κατά	κατά
κατ’	urn:cts:greekLit:tlg0003.tlg001.fu:1.126.3.token.21	κατά	κατά
κατ’	urn:cts:greekLit:tlg0003.tlg001.fu:1.139.4.token.35	κατά	κατά
κατ’	urn:cts:greekLit:tlg0003.tlg001.fu:1.142.5.token.16	κατά	κατά
κατ’	urn:cts:greekLit:tlg0003.tlg001.fu:1.143.4.token.50	κατά	κατά
κατ’	urn:cts:greekLit:tlg0003.tlg001.fu:2.13.3.token.13	κατά	κατά
κατ’	urn:cts:greekLit:tlg0003.tlg001.fu:2.14.1.token.20	κατά	κατά
κατ’	urn:cts:greekLit:tlg0003.tlg001.fu:2.51.1.token.32	κατά	κατά
κατ’	urn:cts:greekLit:tlg0003.tlg001.fu:2.60.4.token.34	κατά	κατά
κατ’	urn:cts:greekLit:tlg0003.tlg001.fu:2.62.3.token.67	κατά	κατά
κατ’	urn:cts:greekLit:tlg0003.tlg001.fu:2.67.4.token.78	κατά	κατά
κατ’	urn:cts:greekLit:tlg0003.tlg001.fu:2.75.3.token.12	κατά	κατά
κατ’	urn:cts:greekLit:tlg0003.tlg001.fu:2.95.2.token.13	κατά	κατά
κατ’	urn:cts:greekLit:tlg0003.tlg001.fu:3.30.2.token.43	κατά	κατά
κατ’	urn:cts:greekLit:tlg0003.tlg001.fu:3.54.4.token.28	κατά	κατά
κατ’	urn:cts:greekLit:tlg0003.tlg001.fu:3.58.2.token.26	κατά	κατά
κατ’	urn:cts:greekLit:tlg0003.tlg001.fu:3.62.3.token.19	κατά	κατά
κατ’	urn:cts:greekLit:tlg0003.tlg001.fu:3.68.1.token.57	κατά	κατά
κατ’	urn:cts:greekLit:tlg0003.tlg001.fu:3.78.1.token.8	κατά	κατά
κατ’	urn:cts:greekLit:tlg0003.tlg001.fu:3.92.6.token.34	κατά	κατά
κατ’	urn:cts:greekLit:tlg0003.tlg001.fu:3.108.1.token.53	κατά	κατά
κατ’	urn:cts:greekLit:tlg0003.tlg001.fu:3.111.1.token.17	κατά	κατά
κατ’	urn:cts:greekLit:tlg0003.tlg001.fu:3.114.4.token.36	κατά	κατά
κατ’	urn:cts:greekLit:tlg0003.tlg001.fu:4.10.4.token.10	κατά	κατά
κατ’	urn:cts:greekLit:tlg0003.tlg001.fu:4.11.3.token.16	κατά	κατά
κατ’	urn:cts:greekLit:tlg0003.tlg001.fu:4.19.2.token.21	κατά	κατά
κατ’	urn:cts:greekLit:tlg0003.tlg001.fu:4.21.3.token.11	κατά	κατά
κατ’	urn:cts:greekLit:tlg0003.tlg001.fu:4.46.5.token.14	κατά	κατά
κατ’	urn:cts:greekLit:tlg0003.tlg001.fu:4.63.1.token.21	κατά	κατά
κατ’	urn:cts:greekLit:tlg0003.tlg001.fu:4.63.2.token.57	κατά	κατά
κατ’	urn:cts:greekLit:tlg0003.tlg001.fu:4.84.2.token.7	κατά	κατά
κατ’	urn:cts:greekLit:tlg0003.tlg001.fu:4.112.3.token.18	κατά	κατά
κατ’	urn:cts:greekLit:tlg0003.tlg001.fu:5.9.2.token.15	κατά	κατά
κατ’	urn:cts:greekLit:tlg0003.tlg001.fu:5.18.10.token.5	κατά	κατά
κατ’	urn:cts:greekLit:tlg0003.tlg001.fu:5.23.4.token.16	κατά	κατά
κατ’	urn:cts:greekLit:tlg0003.tlg001.fu:5.60.2.token.19	κατά	κατά
κατ’	urn:cts:greekLit:tlg0003.tlg001.fu:5.82.2.token.5	κατά	κατά
κατ’	urn:cts:greekLit:tlg0003.tlg001.fu:5.106.1.token.6	κατά	κατά
κατ’	urn:cts:greekLit:tlg0003.tlg001.fu:6.10.2.token.59	κατά	κατά
κατ’	urn:cts:greekLit:tlg0003.tlg001.fu:6.31.3.token.20	κατά	κατά
κατ’	urn:cts:greekLit:tlg0003.tlg001.fu:6.34.4.token.125	κατά	κατά
κατ’	urn:cts:greekLit:tlg0003.tlg001.fu:6.60.4.token.9	κατά	κατά
κατ’	urn:cts:greekLit:tlg0003.tlg001.fu:6.85.3.token.34	κατά	κατά
κατ’	urn:cts:greekLit:tlg0003.tlg001.fu:6.92.5.token.112	κατά	κατά
κατ’	urn:cts:greekLit:tlg0003.tlg001.fu:7.6.3.token.15	κατά	κατά
κατ’	urn:cts:greekLit:tlg0003.tlg001.fu:7.28.3.token.69	κατά	κατά
κατ’	urn:cts:greekLit:tlg0003.tlg001.fu:7.36.5.token.47	κατά	κατά
κατ’	urn:cts:greekLit:tlg0003.tlg001.fu:7.42.1.token.6	κατά	κατά
κατ’	urn:cts:greekLit:tlg0003.tlg001.fu:7.47.2.token.5	κατά	κατά
κατ’	urn:cts:greekLit:tlg0003.tlg001.fu:7.50.3.token.11	κατά	κατά
κατ’	urn:cts:greekLit:tlg0003.tlg001.fu:7.57.5.token.31	κατά	κατά
κατ’	urn:cts:greekLit:tlg0003.tlg001.fu:7.70.6.token.27	κατά	κατά
κατ’	urn:cts:greekLit:tlg0003.tlg001.fu:7.70.8.token.12	κατά	κατά
κατ’	urn:cts:greekLit:tlg0003.tlg001.fu:7.77.3.token.15	κατά	κατά
κατ’	urn:cts:greekLit:tlg0003.tlg001.fu:8.2.3.token.22	κατά	κατά
κατ’	urn:cts:greekLit:tlg0003.tlg001.fu:8.34.1.token.15	κατά	κατά
κατ’	urn:cts:greekLit:tlg0003.tlg001.fu:8.38.3.token.38	κατά	κατά
κατ’	urn:cts:greekLit:tlg0003.tlg001.fu:8.51.3.token.19	κατά	κατά
κατ’	urn:cts:greekLit:tlg0003.tlg001.fu:8.65.2.token.35	κατά	κατά
κατ’	urn:cts:greekLit:tlg0003.tlg001.fu:8.71.1.token.111	κατά	κατά
κατ’	urn:cts:greekLit:tlg0003.tlg001.fu:8.83.3.token.3	κατά	κατά
κατ’	urn:cts:greekLit:tlg0003.tlg001.fu:8.86.9.token.47	κατά	κατά
κατ’	urn:cts:greekLit:tlg0003.tlg001.fu:8.89.3.token.11	κατά	κατά
κατ’	urn:cts:greekLit:tlg0003.tlg001.fu:8.92.2.token.4	κατά	κατά
κατ’	urn:cts:greekLit:tlg0003.tlg001.fu:8.92.2.token.82	κατά	κατά
μεθ’	urn:cts:greekLit:tlg0003.tlg001.fu:1.6.1.token.22	μετά	μετά
μεθ’	urn:cts:greekLit:tlg0003.tlg001.fu:1.40.4.token.18	μετά	μετά
μεθ’	urn:cts:greekLit:tlg0003.tlg001.fu:1.62.3.token.9	μετά	μετά
μεθ’	urn:cts:greekLit:tlg0003.tlg001.fu:1.63.1.token.36	μετά	μετά
μεθ’	urn:cts:greekLit:tlg0003.tlg001.fu:2.25.2.token.53	μετά	μετά
μεθ’	urn:cts:greekLit:tlg0003.tlg001.fu:2.36.4.token.45	μετά	μετά
μεθ’	urn:cts:greekLit:tlg0003.tlg001.fu:2.39.2.token.10	μετά	μετά
μεθ’	urn:cts:greekLit:tlg0003.tlg001.fu:2.67.4.token.100	μετά	μετά
μεθ’	urn:cts:greekLit:tlg0003.tlg001.fu:2.72.1.token.94	μετά	μετά
μεθ’	urn:cts:greekLit:tlg0003.tlg001.fu:2.101.5.token.45	μετά	μετά
μεθ’	urn:cts:greekLit:tlg0003.tlg001.fu:3.5.2.token.92	μετά	μετά
μεθ’	urn:cts:greekLit:tlg0003.tlg001.fu:3.10.6.token.20	μετά	μετά
μεθ’	urn:cts:greekLit:tlg0003.tlg001.fu:3.104.6.token.28	μετά	μετά
μεθ’	urn:cts:greekLit:tlg0003.tlg001.fu:3.113.4.token.15	μετά	μετά
μεθ’	urn:cts:greekLit:tlg0003.tlg001.fu:4.18.3.token.21	μετά	μετά
μεθ’	urn:cts:greekLit:tlg0003.tlg001.fu:4.19.4.token.25	μετά	μετά
μεθ’	urn:cts:greekLit:tlg0003.tlg001.fu:4.70.1.token.93	μετά	μετά
μεθ’	urn:cts:greekLit:tlg0003.tlg001.fu:4.128.1.token.6	μετά	μετά
μεθ’	urn:cts:greekLit:tlg0003.tlg001.fu:5.8.3.token.15	μετά	μετά
μεθ’	urn:cts:greekLit:tlg0003.tlg001.fu:5.10.5.token.17	μετά	μετά
μεθ’	urn:cts:greekLit:tlg0003.tlg001.fu:5.10.11.token.24	μετά	μετά
μεθ’	urn:cts:greekLit:tlg0003.tlg001.fu:5.55.1.token.53	μετά	μετά
μεθ’	urn:cts:greekLit:tlg0003.tlg001.fu:6.34.4.token.34	μετά	μετά
μεθ’	urn:cts:greekLit:tlg0003.tlg001.fu:6.44.3.token.59	μετά	μετά
μεθ’	urn:cts:greekLit:tlg0003.tlg001.fu:6.48.1.token.82	μετά	μετά
μεθ’	urn:cts:greekLit:tlg0003.tlg001.fu:6.75.4.token.18	μετά	μετά
μεθ’	urn:cts:greekLit:tlg0003.tlg001.fu:6.80.5.token.14	μετά	μετά
μεθ’	urn:cts:greekLit:tlg0003.tlg001.fu:6.86.3.token.8	μετά	μετά
μεθ’	urn:cts:greekLit:tlg0003.tlg001.fu:6.87.5.token.20	μετά	μετά
μεθ’	urn:cts:greekLit:tlg0003.tlg001.fu:7.33.2.token.14	μετά	μετά
μεθ’	urn:cts:greekLit:tlg0003.tlg001.fu:7.61.3.token.33	μετά	μετά
μεθ’	urn:cts:greekLit:tlg0003.tlg001.fu:7.75.7.token.37	μετά	μετά
μεθ’	urn:cts:greekLit:tlg0003.tlg001.fu:8.5.3.token.20	μετά	μετά
μεθ’	urn:cts:greekLit:tlg0003.tlg001.fu:8.23.4.token.74	μετά	μετά
μεθ’	urn:cts:greekLit:tlg0003.tlg001.fu:8.48.5.token.47	μετά	μετά
μετ’	urn:cts:greekLit:tlg0003.tlg001.fu:1.3.3.token.23	μετά	μετά
μετ’	urn:cts:greekLit:tlg0003.tlg001.fu:1.18.2.token.4	μετά	μετά
μετ’	urn:cts:greekLit:tlg0003.tlg001.fu:1.33.1.token.36	μετά	μετά
μετ’	urn:cts:greekLit:tlg0003.tlg001.fu:1.33.3.token.55	μετά	μετά
μετ’	urn:cts:greekLit:tlg0003.tlg001.fu:1.36.4.token.10	μετά	μετά
μετ’	urn:cts:greekLit:tlg0003.tlg001.fu:1.40.3.token.21	μετά	μετά
μετ’	urn:cts:greekLit:tlg0003.tlg001.fu:1.57.5.token.28	μετά	μετά
μετ’	urn:cts:greekLit:tlg0003.tlg001.fu:1.57.6.token.29	μετά	μετά
μετ’	urn:cts:greekLit:tlg0003.tlg001.fu:1.61.1.token.21	μετά	μετά
μετ’	urn:cts:greekLit:tlg0003.tlg001.fu:1.67.2.token.16	μετά	μετά
μετ’	urn:cts:greekLit:tlg0003.tlg001.fu:1.91.5.token.25	μετά	μετά
μετ’	urn:cts:greekLit:tlg0003.tlg001.fu:1.95.6.token.13	μετά	μετά
μετ’	urn:cts:greekLit:tlg0003.tlg001.fu:1.112.4.token.44	μετά	μετά
μετ’	urn:cts:greekLit:tlg0003.tlg001.fu:1.113.2.token.16	μετά	μετά
μετ’	urn:cts:greekLit:tlg0003.tlg001.fu:1.120.5.token.33	μετά	μετά
μετ’	urn:cts:greekLit:tlg0003.tlg001.fu:1.129.3.token.72	μετά	μετά
μετ’	urn:cts:greekLit:tlg0003.tlg001.fu:2.2.1.token.13	μετά	μετά
μετ’	urn:cts:greekLit:tlg0003.tlg001.fu:2.2.2.token.14	μετά	μετά
μετ’	urn:cts:greekLit:tlg0003.tlg001.fu:2.15.1.token.63	μετά	μετά
μετ’	urn:cts:greekLit:tlg0003.tlg001.fu:2.22.2.token.37	μετά	μετά
μετ’	urn:cts:greekLit:tlg0003.tlg001.fu:2.24.2.token.3	μετά	μετά
μετ’	urn:cts:greekLit:tlg0003.tlg001.fu:2.25.1.token.12	μετά	μετά
μετ’	urn:cts:greekLit:tlg0003.tlg001.fu:2.40.1.token.5	μετά	μετά
μετ’	urn:cts:greekLit:tlg0003.tlg001.fu:2.42.4.token.42	μετά	μετά
μετ’	urn:cts:greekLit:tlg0003.tlg001.fu:2.65.12.token.38	μετά	μετά
μετ’	urn:cts:greekLit:tlg0003.tlg001.fu:2.73.2.token.13	μετά	μετά
μετ’	urn:cts:greekLit:tlg0003.tlg001.fu:2.79.3.token.10	μετά	μετά
μετ’	urn:cts:greekLit:tlg0003.tlg001.fu:2.80.4.token.5	μετά	μετά
μετ’	urn:cts:greekLit:tlg0003.tlg001.fu:2.98.4.token.23	μετά	μετά
μετ’	urn:cts:greekLit:tlg0003.tlg001.fu:3.5.2.token.44	μετά	μετά
μετ’	urn:cts:greekLit:tlg0003.tlg001.fu:3.10.1.token.32	μετά	μετά
μετ’	urn:cts:greekLit:tlg0003.tlg001.fu:3.13.1.token.79	μετά	μετά
μετ’	urn:cts:greekLit:tlg0003.tlg001.fu:3.48.2.token.24	μετά	μετά
μετ’	urn:cts:greekLit:tlg0003.tlg001.fu:3.56.4.token.46	μετά	μετά
μετ’	urn:cts:greekLit:tlg0003.tlg001.fu:3.59.2.token.65	μετά	μετά
μετ’	urn:cts:greekLit:tlg0003.tlg001.fu:3.59.3.token.21	μετά	μετά
μετ’	urn:cts:greekLit:tlg0003.tlg001.fu:3.61.2.token.19	μετά	μετά
μετ’	urn:cts:greekLit:tlg0003.tlg001.fu:3.61.2.token.57	μετά	μετά
μετ’	urn:cts:greekLit:tlg0003.tlg001.fu:3.63.2.token.27	μετά	μετά
μετ’	urn:cts:greekLit:tlg0003.tlg001.fu:3.80.2.token.32	μετά	μετά
μετ’	urn:cts:greekLit:tlg0003.tlg001.fu:3.102.4.token.3	μετά	μετά
μετ’	urn:cts:greekLit:tlg0003.tlg001.fu:3.102.5.token.5	μετά	μετά
μετ’	urn:cts:greekLit:tlg0003.tlg001.fu:3.105.4.token.21	μετά	μετά
μετ’	urn:cts:greekLit:tlg0003.tlg001.fu:3.106.1.token.4	μετά	μετά
μετ’	urn:cts:greekLit:tlg0003.tlg001.fu:3.107.4.token.69	μετά	μετά
μετ’	urn:cts:greekLit:tlg0003.tlg001.fu:4.25.7.token.14	μετά	μετά
μετ’	urn:cts:greekLit:tlg0003.tlg001.fu:4.38.1.token.51	μετά	μετά
μετ’	urn:cts:greekLit:tlg0003.tlg001.fu:4.38.2.token.7	μετά	μετά
μετ’	urn:cts:greekLit:tlg0003.tlg001.fu:4.68.4.token.22	μετά	μετά
μετ’	urn:cts:greekLit:tlg0003.tlg001.fu:4.91.1.token.70	μετά	μετά
μετ’	urn:cts:greekLit:tlg0003.tlg001.fu:4.121.2.token.21	μετά	μετά
μετ’	urn:cts:greekLit:tlg0003.tlg001.fu:4.125.1.token.10	μετά	μετά
μετ’	urn:cts:greekLit:tlg0003.tlg001.fu:4.130.4.token.47	μετά	μετά
μετ’	urn:cts:greekLit:tlg0003.tlg001.fu:5.9.6.token.40	μετά	μετά
μετ’	urn:cts:greekLit:tlg0003.tlg001.fu:5.16.2.token.10	μετά	μετά
μετ’	urn:cts:greekLit:tlg0003.tlg001.fu:5.25.3.token.19	μετά	μετά
μετ’	urn:cts:greekLit:tlg0003.tlg001.fu:5.26.3.token.10	μετά	μετά
μετ’	urn:cts:greekLit:tlg0003.tlg001.fu:5.31.6.token.7	μετά	μετά
μετ’	urn:cts:greekLit:tlg0003.tlg001.fu:5.35.3.token.31	μετά	μετά
μετ’	urn:cts:greekLit:tlg0003.tlg001.fu:5.44.1.token.12	μετά	μετά
μετ’	urn:cts:greekLit:tlg0003.tlg001.fu:5.45.4.token.44	μετά	μετά
μετ’	urn:cts:greekLit:tlg0003.tlg001.fu:5.46.4.token.31	μετά	μετά
μετ’	urn:cts:greekLit:tlg0003.tlg001.fu:5.52.2.token.21	μετά	μετά
μετ’	urn:cts:greekLit:tlg0003.tlg001.fu:5.59.3.token.21	μετά	μετά
μετ’	urn:cts:greekLit:tlg0003.tlg001.fu:5.67.1.token.31	μετά	μετά
μετ’	urn:cts:greekLit:tlg0003.tlg001.fu:5.67.2.token.59	μετά	μετά
μετ’	urn:cts:greekLit:tlg0003.tlg001.fu:5.67.2.token.79	μετά	μετά
μετ’	urn:cts:greekLit:tlg0003.tlg001.fu:5.73.3.token.25	μετά	μετά
μετ’	urn:cts:greekLit:tlg0003.tlg001.fu:5.81.2.token.24	μετά	μετά
μετ’	urn:cts:greekLit:tlg0003.tlg001.fu:5.89.1.token.8	μετά	μετά
μετ’	urn:cts:greekLit:tlg0003.tlg001.fu:5.103.2.token.46	μετά	μετά
μετ’	urn:cts:greekLit:tlg0003.tlg001.fu:5.107.1.token.9	μετά	μετά
μετ’	urn:cts:greekLit:tlg0003.tlg001.fu:6.2.2.token.3	μετά	μετά
μετ’	urn:cts:greekLit:tlg0003.tlg001.fu:6.3.3.token.23	μετά	μετά
μετ’	urn:cts:greekLit:tlg0003.tlg001.fu:6.8.1.token.18	μετά	μετά
μετ’	urn:cts:greekLit:tlg0003.tlg001.fu:6.17.1.token.39	μετά	μετά
μετ’	urn:cts:greekLit:tlg0003.tlg001.fu:6.28.2.token.52	μετά	μετά
μετ’	urn:cts:greekLit:tlg0003.tlg001.fu:6.30.2.token.41	μετά	μετά
μετ’	urn:cts:greekLit:tlg0003.tlg001.fu:6.34.5.token.33	μετά	μετά
μετ’	urn:cts:greekLit:tlg0003.tlg001.fu:6.53.1.token.30	μετά	μετά
μετ’	urn:cts:greekLit:tlg0003.tlg001.fu:6.60.3.token.32	μετά	μετά
μετ’	urn:cts:greekLit:tlg0003.tlg001.fu:6.60.4.token.50	μετά	μετά
μετ’	urn:cts:greekLit:tlg0003.tlg001.fu:6.61.7.token.13	μετά	μετά
μετ’	urn:cts:greekLit:tlg0003.tlg001.fu:6.61.7.token.54	μετά	μετά
μετ’	urn:cts:greekLit:tlg0003.tlg001.fu:6.70.2.token.12	μετά	μετά
μετ’	urn:cts:greekLit:tlg0003.tlg001.fu:6.81.1.token.14	μετά	μετά
μετ’	urn:cts:greekLit:tlg0003.tlg001.fu:6.93.2.token.31	μετά	μετά
μετ’	urn:cts:greekLit:tlg0003.tlg001.fu:6.98.4.token.11	μετά	μετά
μετ’	urn:cts:greekLit:tlg0003.tlg001.fu:6.101.6.token.27	μετά	μετά
μετ’	urn:cts:greekLit:tlg0003.tlg001.fu:6.101.6.token.39	μετά	μετά
μετ’	urn:cts:greekLit:tlg0003.tlg001.fu:7.43.6.token.12	μετά	μετά
μετ’	urn:cts:greekLit:tlg0003.tlg001.fu:7.44.6.token.29	μετά	μετά
μετ’	urn:cts:greekLit:tlg0003.tlg001.fu:7.52.2.token.52	μετά	μετά
μετ’	urn:cts:greekLit:tlg0003.tlg001.fu:7.57.1.token.34	μετά	μετά
μετ’	urn:cts:greekLit:tlg0003.tlg001.fu:7.57.6.token.18	μετά	μετά
μετ’	urn:cts:greekLit:tlg0003.tlg001.fu:7.58.1.token.11	μετά	μετά
μετ’	urn:cts:greekLit:tlg0003.tlg001.fu:7.63.4.token.48	μετά	μετά
μετ’	urn:cts:greekLit:tlg0003.tlg001.fu:7.81.4.token.49	μετά	μετά
μετ’	urn:cts:greekLit:tlg0003.tlg001.fu:7.82.3.token.39	μετά	μετά
μετ’	urn:cts:greekLit:tlg0003.tlg001.fu:7.83.2.token.31	μετά	μετά
μετ’	urn:cts:greekLit:tlg0003.tlg001.fu:8.1.2.token.115	μετά	μετά
μετ’	urn:cts:greekLit:tlg0003.tlg001.fu:8.5.4.token.44	μετά	μετά
μετ’	urn:cts:greekLit:tlg0003.tlg001.fu:8.11.3.token.43	μετά	μετά
μετ’	urn:cts:greekLit:tlg0003.tlg001.fu:8.19.4.token.20	μετά	μετά
μετ’	urn:cts:greekLit:tlg0003.tlg001.fu:8.23.4.token.13	μετά	μετά
μετ’	urn:cts:greekLit:tlg0003.tlg001.fu:8.24.1.token.28	μετά	μετά
μετ’	urn:cts:greekLit:tlg0003.tlg001.fu:8.48.5.token.40	μετά	μετά
μετ’	urn:cts:greekLit:tlg0003.tlg001.fu:8.54.2.token.9	μετά	μετά
μετ’	urn:cts:greekLit:tlg0003.tlg001.fu:8.64.3.token.16	μετά	μετά
μετ’	urn:cts:greekLit:tlg0003.tlg001.fu:8.69.4.token.18	μετά	μετά
μετ’	urn:cts:greekLit:tlg0003.tlg001.fu:8.71.3.token.6	μετά	μετά
μετ’	urn:cts:greekLit:tlg0003.tlg001.fu:8.73.3.token.47	μετά	μετά
μετ’	urn:cts:greekLit:tlg0003.tlg001.fu:8.82.3.token.12	μετά	μετά
μετ’	urn:cts:greekLit:tlg0003.tlg001.fu:8.85.2.token.43	μετά	μετά
μετ’	urn:cts:greekLit:tlg0003.tlg001.fu:8.90.3.token.24	μετά	μετά
μετ’	urn:cts:greekLit:tlg0003.tlg001.fu:8.92.6.token.35	μετά	μετά
μετ’	urn:cts:greekLit:tlg0003.tlg001.fu:8.94.1.token.51	μετά	μετά
μετ’	urn:cts:greekLit:tlg0003.tlg001.fu:8.97.3.token.7	μετά	μετά
μηδ’	urn:cts:greekLit:tlg0003.tlg001.fu:1.39.3.token.23	μηδέ	μηδέ
μηδ’	urn:cts:greekLit:tlg0003.tlg001.fu:1.42.4.token.1	μηδέ	μηδέ
μηδ’	urn:cts:greekLit:tlg0003.tlg001.fu:1.74.2.token.32	μηδέ	μηδέ
μηδ’	urn:cts:greekLit:tlg0003.tlg001.fu:2.49.5.token.40	μηδέ	μηδέ
μηδ’	urn:cts:greekLit:tlg0003.tlg001.fu:2.51.6.token.59	μηδέ	μηδέ
μηδ’	urn:cts:greekLit:tlg0003.tlg001.fu:2.71.2.token.80	μηδέ	μηδέ
μηδ’	urn:cts:greekLit:tlg0003.tlg001.fu:2.89.2.token.9	μηδέ	μηδέ
μηδ’	urn:cts:greekLit:tlg0003.tlg001.fu:3.42.5.token.34	μηδέ	μηδέ
μηδ’	urn:cts:greekLit:tlg0003.tlg001.fu:3.42.5.token.48	μηδέ	μηδέ
μηδ’	urn:cts:greekLit:tlg0003.tlg001.fu:3.46.6.token.18	μηδέ	μηδέ
μηδ’	urn:cts:greekLit:tlg0003.tlg001.fu:4.17.3.token.6	μηδέ	μηδέ
μηδ’	urn:cts:greekLit:tlg0003.tlg001.fu:4.92.1.token.9	μηδέ	μηδέ
μηδ’	urn:cts:greekLit:tlg0003.tlg001.fu:5.49.1.token.26	μηδέ	μηδέ
μηδ’	urn:cts:greekLit:tlg0003.tlg001.fu:5.85.1.token.58	μηδέ	μηδέ
μηδ’	urn:cts:greekLit:tlg0003.tlg001.fu:6.13.1.token.39	μηδέ	μηδέ
μηδ’	urn:cts:greekLit:tlg0003.tlg001.fu:6.89.3.token.57	μηδέ	μηδέ
μηδ’	urn:cts:greekLit:tlg0003.tlg001.fu:7.28.3.token.31	μηδέ	μηδέ
μηδ’	urn:cts:greekLit:tlg0003.tlg001.fu:7.42.3.token.85	μηδέ	μηδέ
μηδ’	urn:cts:greekLit:tlg0003.tlg001.fu:7.56.1.token.20	μηδέ	μηδέ
μηδ’	urn:cts:greekLit:tlg0003.tlg001.fu:7.66.3.token.21	μηδέ	μηδέ
μηδ’	urn:cts:greekLit:tlg0003.tlg001.fu:8.2.2.token.21	μηδέ	μηδέ
μηδ’	urn:cts:greekLit:tlg0003.tlg001.fu:8.93.2.token.55	μηδέ	μηδέ
μνήσασθ’	urn:cts:greekLit:tlg0003.tlg001.fu:3.104.5.token.64		μνήσασθ’
μνῆμ’	urn:cts:greekLit:tlg0003.tlg001.fu:1.132.2.token.71		μνῆμ’
μάλιστ’	urn:cts:greekLit:tlg0003.tlg001.fu:1.22.1.token.48		μάλιστ’
μάλιστ’	urn:cts:greekLit:tlg0003.tlg001.fu:1.92.1.token.41		μάλιστ’
μάλιστ’	urn:cts:greekLit:tlg0003.tlg001.fu:2.41.1.token.31		μάλιστ’
μάλιστ’	urn:cts:greekLit:tlg0003.tlg001.fu:2.48.3.token.56		μάλιστ’
μάλιστ’	urn:cts:greekLit:tlg0003.tlg001.fu:3.53.1.token.47		μάλιστ’
μάλιστ’	urn:cts:greekLit:tlg0003.tlg001.fu:4.17.5.token.26		μάλιστ’
μάλιστ’	urn:cts:greekLit:tlg0003.tlg001.fu:4.19.2.token.6		μάλιστ’
μάλιστ’	urn:cts:greekLit:tlg0003.tlg001.fu:4.76.2.token.31		μάλιστ’
μάλιστ’	urn:cts:greekLit:tlg0003.tlg001.fu:4.126.5.token.72		μάλιστ’
μάλιστ’	urn:cts:greekLit:tlg0003.tlg001.fu:5.9.5.token.11		μάλιστ’
μάλιστ’	urn:cts:greekLit:tlg0003.tlg001.fu:5.22.2.token.47		μάλιστ’
μάλιστ’	urn:cts:greekLit:tlg0003.tlg001.fu:5.73.1.token.50		μάλιστ’
μάλιστ’	urn:cts:greekLit:tlg0003.tlg001.fu:5.105.4.token.31		μάλιστ’
μάλιστ’	urn:cts:greekLit:tlg0003.tlg001.fu:6.18.6.token.72		μάλιστ’
μάλιστ’	urn:cts:greekLit:tlg0003.tlg001.fu:6.24.1.token.21		μάλιστ’
μάλιστ’	urn:cts:greekLit:tlg0003.tlg001.fu:6.34.4.token.74		μάλιστ’
μάλιστ’	urn:cts:greekLit:tlg0003.tlg001.fu:6.49.2.token.37		μάλιστ’
μάλιστ’	urn:cts:greekLit:tlg0003.tlg001.fu:7.36.5.token.14		μάλιστ’
μέγιστ’	urn:cts:greekLit:tlg0003.tlg001.fu:5.9.5.token.17		μέγιστ’
μέμψαιτ’	urn:cts:greekLit:tlg0003.tlg001.fu:2.64.4.token.6		μέμψαιτ’
μήθ’	urn:cts:greekLit:tlg0003.tlg001.fu:1.82.1.token.33	μήτε	μήτε
μήθ’	urn:cts:greekLit:tlg0003.tlg001.fu:1.129.3.token.45	μήτε	μήτε
μήθ’	urn:cts:greekLit:tlg0003.tlg001.fu:6.87.3.token.3	μήτε	μήτε
μήθ’	urn:cts:greekLit:tlg0003.tlg001.fu:6.87.3.token.10	μήτε	μήτε
μήτ’	urn:cts:greekLit:tlg0003.tlg001.fu:1.90.1.token.16	μήτε	μήτε
μήτ’	urn:cts:greekLit:tlg0003.tlg001.fu:1.90.1.token.18	μήτε	μήτε
μήτ’	urn:cts:greekLit:tlg0003.tlg001.fu:2.69.1.token.22	μήτε	μήτε
μήτ’	urn:cts:greekLit:tlg0003.tlg001.fu:2.69.1.token.31	μήτε	μήτε
μήτ’	urn:cts:greekLit:tlg0003.tlg001.fu:3.48.1.token.13	μήτε	μήτε
μήτ’	urn:cts:greekLit:tlg0003.tlg001.fu:6.75.3.token.34	μήτε	μήτε
μήτ’	urn:cts:greekLit:tlg0003.tlg001.fu:7.62.4.token.17	μήτε	μήτε
ξύμπαντ’	urn:cts:greekLit:tlg0003.tlg001.fu:6.39.2.token.19		ξύμπαντ’
οἴκαδ’	urn:cts:greekLit:tlg0003.tlg001.fu:5.77.8.token.19	οἴκαδε	οἴκαδε
οἵδ’	urn:cts:greekLit:tlg0003.tlg001.fu:6.85.3.token.67		οἵδ’
οἶδ’	urn:cts:greekLit:tlg0003.tlg001.fu:2.64.1.token.57	οἶδα	οἶδα
οἶδ’	urn:cts:greekLit:tlg0003.tlg001.fu:6.34.7.token.5	οἶδα	οἶδα
οἶδ’	urn:cts:greekLit:tlg0003.tlg001.fu:6.34.9.token.62	οἶδα	οἶδα
οἶδ’	urn:cts:greekLit:tlg0003.tlg001.fu:6.38.1.token.17	οἶδα	οἶδα
οἶδ’	urn:cts:greekLit:tlg0003.tlg001.fu:6.68.3.token.36	οἶδα	οἶδα
οἷ’	urn:cts:greekLit:tlg0003.tlg001.fu:4.26.5.token.26	οἷα	οἷα
οὐδ’	urn:cts:greekLit:tlg0003.tlg001.fu:1.2.2.token.7	οὐδέ	οὐδέ
οὐδ’	urn:cts:greekLit:tlg0003.tlg001.fu:1.3.3.token.19	οὐδέ	οὐδέ
οὐδ’	urn:cts:greekLit:tlg0003.tlg001.fu:1.10.4.token.87	οὐδέ	οὐδέ
οὐδ’	urn:cts:greekLit:tlg0003.tlg001.fu:1.11.1.token.49	οὐδέ	οὐδέ
οὐδ’	urn:cts:greekLit:tlg0003.tlg001.fu:1.15.2.token.53	οὐδέ	οὐδέ
οὐδ’	urn:cts:greekLit:tlg0003.tlg001.fu:1.20.3.token.43	οὐδέ	οὐδέ
οὐδ’	urn:cts:greekLit:tlg0003.tlg001.fu:1.22.2.token.17	οὐδέ	οὐδέ
οὐδ’	urn:cts:greekLit:tlg0003.tlg001.fu:1.38.2.token.3	οὐδέ	οὐδέ
οὐδ’	urn:cts:greekLit:tlg0003.tlg001.fu:1.38.4.token.18	οὐδέ	οὐδέ
οὐδ’	urn:cts:greekLit:tlg0003.tlg001.fu:1.41.1.token.28	οὐδέ	οὐδέ
οὐδ’	urn:cts:greekLit:tlg0003.tlg001.fu:1.70.1.token.34	οὐδέ	οὐδέ
οὐδ’	urn:cts:greekLit:tlg0003.tlg001.fu:1.76.2.token.2	οὐδέ	οὐδέ
οὐδ’	urn:cts:greekLit:tlg0003.tlg001.fu:1.76.2.token.7	οὐδέ	οὐδέ
οὐδ’	urn:cts:greekLit:tlg0003.tlg001.fu:1.76.2.token.34	οὐδέ	οὐδέ
οὐδ’	urn:cts:greekLit:tlg0003.tlg001.fu:1.77.3.token.55	οὐδέ	οὐδέ
οὐδ’	urn:cts:greekLit:tlg0003.tlg001.fu:1.111.1.token.59	οὐδέ	οὐδέ
οὐδ’	urn:cts:greekLit:tlg0003.tlg001.fu:1.122.3.token.39	οὐδέ	οὐδέ
οὐδ’	urn:cts:greekLit:tlg0003.tlg001.fu:1.132.5.token.2	οὐδέ	οὐδέ
οὐδ’	urn:cts:greekLit:tlg0003.tlg001.fu:1.142.2.token.3	οὐδέ	οὐδέ
οὐδ’	urn:cts:greekLit:tlg0003.tlg001.fu:2.11.6.token.3	οὐδέ	οὐδέ
οὐδ’	urn:cts:greekLit:tlg0003.tlg001.fu:2.12.2.token.9	οὐδέ	οὐδέ
οὐδ’	urn:cts:greekLit:tlg0003.tlg001.fu:2.21.2.token.37	οὐδέ	οὐδέ
οὐδ’	urn:cts:greekLit:tlg0003.tlg001.fu:2.37.1.token.75	οὐδέ	οὐδέ
οὐδ’	urn:cts:greekLit:tlg0003.tlg001.fu:2.62.1.token.62	οὐδέ	οὐδέ
οὐδ’	urn:cts:greekLit:tlg0003.tlg001.fu:2.62.3.token.22	οὐδέ	οὐδέ
οὐδ’	urn:cts:greekLit:tlg0003.tlg001.fu:2.63.2.token.2	οὐδέ	οὐδέ
οὐδ’	urn:cts:greekLit:tlg0003.tlg001.fu:2.71.2.token.9	οὐδέ	οὐδέ
οὐδ’	urn:cts:greekLit:tlg0003.tlg001.fu:2.76.3.token.4	οὐδέ	οὐδέ
οὐδ’	urn:cts:greekLit:tlg0003.tlg001.fu:2.87.4.token.3	οὐδέ	οὐδέ
οὐδ’	urn:cts:greekLit:tlg0003.tlg001.fu:2.89.8.token.11	οὐδέ	οὐδέ
οὐδ’	urn:cts:greekLit:tlg0003.tlg001.fu:2.89.8.token.64	οὐδέ	οὐδέ
οὐδ’	urn:cts:greekLit:tlg0003.tlg001.fu:2.93.3.token.22	οὐδέ	οὐδέ
οὐδ’	urn:cts:greekLit:tlg0003.tlg001.fu:2.93.3.token.31	οὐδέ	οὐδέ
οὐδ’	urn:cts:greekLit:tlg0003.tlg001.fu:2.97.6.token.13	οὐδέ	οὐδέ
οὐδ’	urn:cts:greekLit:tlg0003.tlg001.fu:2.97.6.token.32	οὐδέ	οὐδέ
οὐδ’	urn:cts:greekLit:tlg0003.tlg001.fu:2.102.4.token.36	οὐδέ	οὐδέ
οὐδ’	urn:cts:greekLit:tlg0003.tlg001.fu:3.57.1.token.35	οὐδέ	οὐδέ
οὐδ’	urn:cts:greekLit:tlg0003.tlg001.fu:3.62.2.token.9	οὐδέ	οὐδέ
οὐδ’	urn:cts:greekLit:tlg0003.tlg001.fu:3.62.4.token.33	οὐδέ	οὐδέ
οὐδ’	urn:cts:greekLit:tlg0003.tlg001.fu:3.64.1.token.15	οὐδέ	οὐδέ
οὐδ’	urn:cts:greekLit:tlg0003.tlg001.fu:3.65.1.token.22	οὐδέ	οὐδέ
οὐδ’	urn:cts:greekLit:tlg0003.tlg001.fu:3.82.1.token.53	οὐδέ	οὐδέ
οὐδ’	urn:cts:greekLit:tlg0003.tlg001.fu:4.27.1.token.47	οὐδέ	οὐδέ
οὐδ’	urn:cts:greekLit:tlg0003.tlg001.fu:4.48.1.token.57	οὐδέ	οὐδέ
οὐδ’	urn:cts:greekLit:tlg0003.tlg001.fu:4.48.2.token.8	οὐδέ	οὐδέ
οὐδ’	urn:cts:greekLit:tlg0003.tlg001.fu:4.62.3.token.45	οὐδέ	οὐδέ
οὐδ’	urn:cts:greekLit:tlg0003.tlg001.fu:4.87.5.token.1	οὐδέ	οὐδέ
οὐδ’	urn:cts:greekLit:tlg0003.tlg001.fu:4.99.1.token.65	οὐδέ	οὐδέ
οὐδ’	urn:cts:greekLit:tlg0003.tlg001.fu:4.114.4.token.20	οὐδέ	οὐδέ
οὐδ’	urn:cts:greekLit:tlg0003.tlg001.fu:5.5.3.token.14	οὐδέ	οὐδέ
οὐδ’	urn:cts:greekLit:tlg0003.tlg001.fu:5.11.1.token.104	οὐδέ	οὐδέ
οὐδ’	urn:cts:greekLit:tlg0003.tlg001.fu:5.30.2.token.8	οὐδέ	οὐδέ
οὐδ’	urn:cts:greekLit:tlg0003.tlg001.fu:5.48.1.token.20	οὐδέ	οὐδέ
οὐδ’	urn:cts:greekLit:tlg0003.tlg001.fu:5.55.2.token.18	οὐδέ	οὐδέ
οὐδ’	urn:cts:greekLit:tlg0003.tlg001.fu:5.55.3.token.11	οὐδέ	οὐδέ
οὐδ’	urn:cts:greekLit:tlg0003.tlg001.fu:5.105.1.token.11	οὐδέ	οὐδέ
οὐδ’	urn:cts:greekLit:tlg0003.tlg001.fu:5.111.1.token.17	οὐδέ	οὐδέ
οὐδ’	urn:cts:greekLit:tlg0003.tlg001.fu:5.115.2.token.19	οὐδέ	οὐδέ
οὐδ’	urn:cts:greekLit:tlg0003.tlg001.fu:6.16.5.token.59	οὐδέ	οὐδέ
οὐδ’	urn:cts:greekLit:tlg0003.tlg001.fu:6.17.5.token.3	οὐδέ	οὐδέ
οὐδ’	urn:cts:greekLit:tlg0003.tlg001.fu:6.20.2.token.33	οὐδέ	οὐδέ
οὐδ’	urn:cts:greekLit:tlg0003.tlg001.fu:6.34.6.token.9	οὐδέ	οὐδέ
οὐδ’	urn:cts:greekLit:tlg0003.tlg001.fu:6.35.1.token.29	οὐδέ	οὐδέ
οὐδ’	urn:cts:greekLit:tlg0003.tlg001.fu:6.37.1.token.52	οὐδέ	οὐδέ
οὐδ’	urn:cts:greekLit:tlg0003.tlg001.fu:6.37.2.token.68	οὐδέ	οὐδέ
οὐδ’	urn:cts:greekLit:tlg0003.tlg001.fu:6.53.3.token.17	οὐδέ	οὐδέ
οὐδ’	urn:cts:greekLit:tlg0003.tlg001.fu:6.55.1.token.58	οὐδέ	οὐδέ
οὐδ’	urn:cts:greekLit:tlg0003.tlg001.fu:6.55.3.token.3	οὐδέ	οὐδέ
οὐδ’	urn:cts:greekLit:tlg0003.tlg001.fu:6.77.1.token.68	οὐδέ	οὐδέ
οὐδ’	urn:cts:greekLit:tlg0003.tlg001.fu:6.79.2.token.2	οὐδέ	οὐδέ
οὐδ’	urn:cts:greekLit:tlg0003.tlg001.fu:6.85.1.token.12	οὐδέ	οὐδέ
οὐδ’	urn:cts:greekLit:tlg0003.tlg001.fu:6.86.2.token.17	οὐδέ	οὐδέ
οὐδ’	urn:cts:greekLit:tlg0003.tlg001.fu:6.92.4.token.16	οὐδέ	οὐδέ
οὐδ’	urn:cts:greekLit:tlg0003.tlg001.fu:6.96.1.token.50	οὐδέ	οὐδέ
οὐδ’	urn:cts:greekLit:tlg0003.tlg001.fu:7.14.2.token.26	οὐδέ	οὐδέ
οὐδ’	urn:cts:greekLit:tlg0003.tlg001.fu:7.21.3.token.20	οὐδέ	οὐδέ
οὐδ’	urn:cts:greekLit:tlg0003.tlg001.fu:7.21.3.token.25	οὐδέ	οὐδέ
οὐδ’	urn:cts:greekLit:tlg0003.tlg001.fu:7.24.3.token.21	οὐδέ	οὐδέ
οὐδ’	urn:cts:greekLit:tlg0003.tlg001.fu:7.34.6.token.46	οὐδέ	οὐδέ
οὐδ’	urn:cts:greekLit:tlg0003.tlg001.fu:7.34.7.token.30	οὐδέ	οὐδέ
οὐδ’	urn:cts:greekLit:tlg0003.tlg001.fu:7.42.3.token.57	οὐδέ	οὐδέ
οὐδ’	urn:cts:greekLit:tlg0003.tlg001.fu:7.44.1.token.18	οὐδέ	οὐδέ
οὐδ’	urn:cts:greekLit:tlg0003.tlg001.fu:7.47.4.token.26	οὐδέ	οὐδέ
οὐδ’	urn:cts:greekLit:tlg0003.tlg001.fu:7.48.1.token.30	οὐδέ	οὐδέ
οὐδ’	urn:cts:greekLit:tlg0003.tlg001.fu:7.49.2.token.8	οὐδέ	οὐδέ
οὐδ’	urn:cts:greekLit:tlg0003.tlg001.fu:7.50.4.token.48	οὐδέ	οὐδέ
οὐδ’	urn:cts:greekLit:tlg0003.tlg001.fu:7.56.3.token.25	οὐδέ	οὐδέ
οὐδ’	urn:cts:greekLit:tlg0003.tlg001.fu:7.63.4.token.31	οὐδέ	οὐδέ
οὐδ’	urn:cts:greekLit:tlg0003.tlg001.fu:7.67.2.token.56	οὐδέ	οὐδέ
οὐδ’	urn:cts:greekLit:tlg0003.tlg001.fu:7.75.6.token.20	οὐδέ	οὐδέ
οὐδ’	urn:cts:greekLit:tlg0003.tlg001.fu:8.1.2.token.57	οὐδέ	οὐδέ
οὐδ’	urn:cts:greekLit:tlg0003.tlg001.fu:8.8.2.token.14	οὐδέ	οὐδέ
οὐδ’	urn:cts:greekLit:tlg0003.tlg001.fu:8.21.1.token.81	οὐδέ	οὐδέ
οὐδ’	urn:cts:greekLit:tlg0003.tlg001.fu:8.21.1.token.85	οὐδέ	οὐδέ
οὐδ’	urn:cts:greekLit:tlg0003.tlg001.fu:8.24.5.token.2	οὐδέ	οὐδέ
οὐδ’	urn:cts:greekLit:tlg0003.tlg001.fu:8.24.5.token.31	οὐδέ	οὐδέ
οὐδ’	urn:cts:greekLit:tlg0003.tlg001.fu:8.27.1.token.41	οὐδέ	οὐδέ
οὐδ’	urn:cts:greekLit:tlg0003.tlg001.fu:8.43.1.token.32	οὐδέ	οὐδέ
οὐδ’	urn:cts:greekLit:tlg0003.tlg001.fu:8.48.4.token.35	οὐδέ	οὐδέ
οὐδ’	urn:cts:greekLit:tlg0003.tlg001.fu:8.68.1.token.62	οὐδέ	οὐδέ
οὐδ’	urn:cts:greekLit:tlg0003.tlg001.fu:8.71.1.token.9	οὐδέ	οὐδέ
οὐδ’	urn:cts:greekLit:tlg0003.tlg001.fu:8.71.1.token.30	οὐδέ	οὐδέ
οὐδ’	urn:cts:greekLit:tlg0003.tlg001.fu:8.71.2.token.12	οὐδέ	οὐδέ
οὐδ’	urn:cts:greekLit:tlg0003.tlg001.fu:8.78.1.token.103	οὐδέ	οὐδέ
οὐδ’	urn:cts:greekLit:tlg0003.tlg001.fu:8.81.3.token.33	οὐδέ	οὐδέ
οὐδ’	urn:cts:greekLit:tlg0003.tlg001.fu:8.86.5.token.7	οὐδέ	οὐδέ
οὐδ’	urn:cts:greekLit:tlg0003.tlg001.fu:8.86.7.token.39	οὐδέ	οὐδέ
οὐκέθ’	urn:cts:greekLit:tlg0003.tlg001.fu:8.35.4.token.25	οὐκέτι	οὐκέτι
οὐκέτ’	urn:cts:greekLit:tlg0003.tlg001.fu:4.128.2.token.44	οὐκέτι	οὐκέτι
οὔθ’	urn:cts:greekLit:tlg0003.tlg001.fu:1.77.6.token.58		οὔθ’
οὔθ’	urn:cts:greekLit:tlg0003.tlg001.fu:1.78.4.token.11		οὔθ’
οὔθ’	urn:cts:greekLit:tlg0003.tlg001.fu:5.89.1.token.29		οὔθ’
οὔθ’	urn:cts:greekLit:tlg0003.tlg001.fu:6.20.2.token.14		οὔθ’
οὔθ’	urn:cts:greekLit:tlg0003.tlg001.fu:6.33.4.token.26		οὔθ’
οὔθ’	urn:cts:greekLit:tlg0003.tlg001.fu:6.37.1.token.48		οὔθ’
οὔθ’	urn:cts:greekLit:tlg0003.tlg001.fu:6.37.1.token.62		οὔθ’
οὔθ’	urn:cts:greekLit:tlg0003.tlg001.fu:6.76.4.token.11		οὔθ’
οὔθ’	urn:cts:greekLit:tlg0003.tlg001.fu:6.78.4.token.59		οὔθ’
οὔθ’	urn:cts:greekLit:tlg0003.tlg001.fu:6.78.4.token.64		οὔθ’
οὔθ’	urn:cts:greekLit:tlg0003.tlg001.fu:6.85.3.token.66		οὔθ’
οὔθ’	urn:cts:greekLit:tlg0003.tlg001.fu:8.38.3.token.53		οὔθ’
οὔθ’	urn:cts:greekLit:tlg0003.tlg001.fu:8.48.5.token.26		οὔθ’
οὔθ’	urn:cts:greekLit:tlg0003.tlg001.fu:8.48.5.token.30		οὔθ’
οὔθ’	urn:cts:greekLit:tlg0003.tlg001.fu:8.86.3.token.18		οὔθ’
οὔθ’	urn:cts:greekLit:tlg0003.tlg001.fu:8.86.3.token.51		οὔθ’
οὔθ’	urn:cts:greekLit:tlg0003.tlg001.fu:8.105.2.token.5		οὔθ’
οὔθ’	urn:cts:greekLit:tlg0003.tlg001.fu:8.105.2.token.19		οὔθ’
οὔτ’	urn:cts:greekLit:tlg0003.tlg001.fu:1.78.4.token.9		οὔτ’
οὔτ’	urn:cts:greekLit:tlg0003.tlg001.fu:1.138.3.token.29		οὔτ’
οὔτ’	urn:cts:greekLit:tlg0003.tlg001.fu:1.141.3.token.9		οὔτ’
οὔτ’	urn:cts:greekLit:tlg0003.tlg001.fu:2.49.5.token.7		οὔτ’
οὔτ’	urn:cts:greekLit:tlg0003.tlg001.fu:2.62.1.token.44		οὔτ’
οὔτ’	urn:cts:greekLit:tlg0003.tlg001.fu:2.62.1.token.55		οὔτ’
οὔτ’	urn:cts:greekLit:tlg0003.tlg001.fu:2.73.3.token.2		οὔτ’
οὔτ’	urn:cts:greekLit:tlg0003.tlg001.fu:2.78.4.token.20		οὔτ’
οὔτ’	urn:cts:greekLit:tlg0003.tlg001.fu:2.89.8.token.53		οὔτ’
οὔτ’	urn:cts:greekLit:tlg0003.tlg001.fu:3.28.1.token.7		οὔτ’
οὔτ’	urn:cts:greekLit:tlg0003.tlg001.fu:3.40.3.token.14		οὔτ’
οὔτ’	urn:cts:greekLit:tlg0003.tlg001.fu:3.65.3.token.2		οὔτ’
οὔτ’	urn:cts:greekLit:tlg0003.tlg001.fu:4.40.1.token.20		οὔτ’
οὔτ’	urn:cts:greekLit:tlg0003.tlg001.fu:4.86.2.token.3		οὔτ’
οὔτ’	urn:cts:greekLit:tlg0003.tlg001.fu:5.7.5.token.14		οὔτ’
οὔτ’	urn:cts:greekLit:tlg0003.tlg001.fu:5.26.2.token.41		οὔτ’
οὔτ’	urn:cts:greekLit:tlg0003.tlg001.fu:5.112.2.token.15		οὔτ’
οὔτ’	urn:cts:greekLit:tlg0003.tlg001.fu:6.17.5.token.5		οὔτ’
οὔτ’	urn:cts:greekLit:tlg0003.tlg001.fu:6.39.1.token.6		οὔτ’
οὔτ’	urn:cts:greekLit:tlg0003.tlg001.fu:6.69.1.token.62		οὔτ’
οὔτ’	urn:cts:greekLit:tlg0003.tlg001.fu:6.69.1.token.67		οὔτ’
οὔτ’	urn:cts:greekLit:tlg0003.tlg001.fu:7.55.2.token.27		οὔτ’
οὔτ’	urn:cts:greekLit:tlg0003.tlg001.fu:7.55.2.token.40		οὔτ’
οὔτ’	urn:cts:greekLit:tlg0003.tlg001.fu:7.77.2.token.18		οὔτ’
οὔτ’	urn:cts:greekLit:tlg0003.tlg001.fu:7.77.4.token.74		οὔτ’
οὔτ’	urn:cts:greekLit:tlg0003.tlg001.fu:7.77.4.token.79		οὔτ’
οὔτ’	urn:cts:greekLit:tlg0003.tlg001.fu:8.27.1.token.35		οὔτ’
οὔτ’	urn:cts:greekLit:tlg0003.tlg001.fu:8.27.1.token.39		οὔτ’
οὔτ’	urn:cts:greekLit:tlg0003.tlg001.fu:8.38.3.token.49		οὔτ’
οὔτ’	urn:cts:greekLit:tlg0003.tlg001.fu:8.66.2.token.33		οὔτ’
οὔτ’	urn:cts:greekLit:tlg0003.tlg001.fu:8.72.2.token.23		οὔτ’
οὔτ’	urn:cts:greekLit:tlg0003.tlg001.fu:8.87.5.token.34		οὔτ’
παρ’	urn:cts:greekLit:tlg0003.tlg001.fu:1.2.6.token.29	παρά	παρά
παρ’	urn:cts:greekLit:tlg0003.tlg001.fu:1.6.1.token.14	παρά	παρά
παρ’	urn:cts:greekLit:tlg0003.tlg001.fu:1.8.2.token.8	παρά	παρά
παρ’	urn:cts:greekLit:tlg0003.tlg001.fu:1.13.5.token.39	παρά	παρά
παρ’	urn:cts:greekLit:tlg0003.tlg001.fu:1.20.1.token.31	παρά	παρά
παρ’	urn:cts:greekLit:tlg0003.tlg001.fu:1.23.3.token.50	παρά	παρά
παρ’	urn:cts:greekLit:tlg0003.tlg001.fu:1.33.1.token.48	παρά	παρά
παρ’	urn:cts:greekLit:tlg0003.tlg001.fu:1.33.3.token.33	παρά	παρά
παρ’	urn:cts:greekLit:tlg0003.tlg001.fu:1.35.2.token.14	παρά	παρά
παρ’	urn:cts:greekLit:tlg0003.tlg001.fu:1.36.3.token.30	παρά	παρά
παρ’	urn:cts:greekLit:tlg0003.tlg001.fu:1.40.2.token.8	παρά	παρά
παρ’	urn:cts:greekLit:tlg0003.tlg001.fu:1.43.1.token.19	παρά	παρά
παρ’	urn:cts:greekLit:tlg0003.tlg001.fu:1.46.4.token.21	παρά	παρά
παρ’	urn:cts:greekLit:tlg0003.tlg001.fu:1.58.1.token.6	παρά	παρά
παρ’	urn:cts:greekLit:tlg0003.tlg001.fu:1.69.5.token.30	παρά	παρά
παρ’	urn:cts:greekLit:tlg0003.tlg001.fu:1.77.1.token.13	παρά	παρά
παρ’	urn:cts:greekLit:tlg0003.tlg001.fu:1.95.4.token.13	παρά	παρά
παρ’	urn:cts:greekLit:tlg0003.tlg001.fu:1.115.2.token.18	παρά	παρά
παρ’	urn:cts:greekLit:tlg0003.tlg001.fu:1.138.2.token.7	παρά	παρά
παρ’	urn:cts:greekLit:tlg0003.tlg001.fu:1.139.1.token.22	παρά	παρά
παρ’	urn:cts:greekLit:tlg0003.tlg001.fu:1.146.1.token.27	παρά	παρά
παρ’	urn:cts:greekLit:tlg0003.tlg001.fu:2.1.1.token.21	παρά	παρά
παρ’	urn:cts:greekLit:tlg0003.tlg001.fu:2.2.4.token.59	παρά	παρά
παρ’	urn:cts:greekLit:tlg0003.tlg001.fu:2.3.3.token.12	παρά	παρά
παρ’	urn:cts:greekLit:tlg0003.tlg001.fu:2.13.6.token.21	παρά	παρά
παρ’	urn:cts:greekLit:tlg0003.tlg001.fu:2.22.3.token.25	παρά	παρά
παρ’	urn:cts:greekLit:tlg0003.tlg001.fu:2.29.1.token.19	παρά	παρά
παρ’	urn:cts:greekLit:tlg0003.tlg001.fu:2.31.1.token.57	παρά	παρά
παρ’	urn:cts:greekLit:tlg0003.tlg001.fu:2.41.1.token.22	παρά	παρά
παρ’	urn:cts:greekLit:tlg0003.tlg001.fu:2.43.3.token.26	παρά	παρά
παρ’	urn:cts:greekLit:tlg0003.tlg001.fu:2.62.3.token.76	παρά	παρά
παρ’	urn:cts:greekLit:tlg0003.tlg001.fu:2.71.2.token.45	παρά	παρά
παρ’	urn:cts:greekLit:tlg0003.tlg001.fu:2.72.2.token.41	παρά	παρά
παρ’	urn:cts:greekLit:tlg0003.tlg001.fu:2.82.1.token.38	παρά	παρά
παρ’	urn:cts:greekLit:tlg0003.tlg001.fu:2.102.2.token.48	παρά	παρά
παρ’	urn:cts:greekLit:tlg0003.tlg001.fu:3.34.3.token.34	παρά	παρά
παρ’	urn:cts:greekLit:tlg0003.tlg001.fu:3.58.5.token.16	παρά	παρά
παρ’	urn:cts:greekLit:tlg0003.tlg001.fu:3.106.2.token.13	παρά	παρά
παρ’	urn:cts:greekLit:tlg0003.tlg001.fu:4.1.3.token.26	παρά	παρά
παρ’	urn:cts:greekLit:tlg0003.tlg001.fu:4.10.5.token.53	παρά	παρά
παρ’	urn:cts:greekLit:tlg0003.tlg001.fu:4.11.1.token.13	παρά	παρά
παρ’	urn:cts:greekLit:tlg0003.tlg001.fu:4.18.1.token.18	παρά	παρά
παρ’	urn:cts:greekLit:tlg0003.tlg001.fu:4.41.3.token.47	παρά	παρά
παρ’	urn:cts:greekLit:tlg0003.tlg001.fu:4.57.3.token.46	παρά	παρά
παρ’	urn:cts:greekLit:tlg0003.tlg001.fu:4.62.3.token.15	παρά	παρά
παρ’	urn:cts:greekLit:tlg0003.tlg001.fu:4.87.3.token.37	παρά	παρά
παρ’	urn:cts:greekLit:tlg0003.tlg001.fu:4.109.3.token.8	παρά	παρά
παρ’	urn:cts:greekLit:tlg0003.tlg001.fu:4.110.2.token.40	παρά	παρά
παρ’	urn:cts:greekLit:tlg0003.tlg001.fu:4.114.4.token.8	παρά	παρά
παρ’	urn:cts:greekLit:tlg0003.tlg001.fu:4.122.1.token.19	παρά	παρά
παρ’	urn:cts:greekLit:tlg0003.tlg001.fu:5.23.5.token.10	παρά	παρά
παρ’	urn:cts:greekLit:tlg0003.tlg001.fu:5.23.5.token.21	παρά	παρά
παρ’	urn:cts:greekLit:tlg0003.tlg001.fu:5.26.5.token.36	παρά	παρά
παρ’	urn:cts:greekLit:tlg0003.tlg001.fu:5.30.2.token.37	παρά	παρά
παρ’	urn:cts:greekLit:tlg0003.tlg001.fu:5.35.8.token.10	παρά	παρά
παρ’	urn:cts:greekLit:tlg0003.tlg001.fu:5.49.3.token.4	παρά	παρά
παρ’	urn:cts:greekLit:tlg0003.tlg001.fu:5.56.2.token.4	παρά	παρά
παρ’	urn:cts:greekLit:tlg0003.tlg001.fu:5.67.1.token.44	παρά	παρά
παρ’	urn:cts:greekLit:tlg0003.tlg001.fu:5.78.1.token.28	παρά	παρά
παρ’	urn:cts:greekLit:tlg0003.tlg001.fu:5.80.1.token.32	παρά	παρά
παρ’	urn:cts:greekLit:tlg0003.tlg001.fu:6.22.1.token.130	παρά	παρά
παρ’	urn:cts:greekLit:tlg0003.tlg001.fu:6.32.1.token.43	παρά	παρά
παρ’	urn:cts:greekLit:tlg0003.tlg001.fu:6.37.1.token.59	παρά	παρά
παρ’	urn:cts:greekLit:tlg0003.tlg001.fu:6.59.4.token.26	παρά	παρά
παρ’	urn:cts:greekLit:tlg0003.tlg001.fu:6.71.2.token.44	παρά	παρά
παρ’	urn:cts:greekLit:tlg0003.tlg001.fu:6.91.7.token.69	παρά	παρά
παρ’	urn:cts:greekLit:tlg0003.tlg001.fu:6.98.1.token.33	παρά	παρά
παρ’	urn:cts:greekLit:tlg0003.tlg001.fu:6.100.3.token.18	παρά	παρά
παρ’	urn:cts:greekLit:tlg0003.tlg001.fu:7.31.4.token.5	παρά	παρά
παρ’	urn:cts:greekLit:tlg0003.tlg001.fu:7.66.3.token.28	παρά	παρά
παρ’	urn:cts:greekLit:tlg0003.tlg001.fu:7.71.3.token.99	παρά	παρά
παρ’	urn:cts:greekLit:tlg0003.tlg001.fu:8.21.1.token.83	παρά	παρά
παρ’	urn:cts:greekLit:tlg0003.tlg001.fu:8.28.4.token.43	παρά	παρά
παρ’	urn:cts:greekLit:tlg0003.tlg001.fu:8.47.1.token.16	παρά	παρά
παρ’	urn:cts:greekLit:tlg0003.tlg001.fu:8.47.2.token.6	παρά	παρά
παρ’	urn:cts:greekLit:tlg0003.tlg001.fu:8.48.7.token.3	παρά	παρά
παρ’	urn:cts:greekLit:tlg0003.tlg001.fu:8.50.3.token.21	παρά	παρά
παρ’	urn:cts:greekLit:tlg0003.tlg001.fu:8.76.4.token.35	παρά	παρά
παρ’	urn:cts:greekLit:tlg0003.tlg001.fu:8.85.2.token.8	παρά	παρά
παρ’	urn:cts:greekLit:tlg0003.tlg001.fu:8.90.4.token.10	παρά	παρά
παρ’	urn:cts:greekLit:tlg0003.tlg001.fu:8.104.1.token.14	παρά	παρά
παυοίμεθ’	urn:cts:greekLit:tlg0003.tlg001.fu:5.87.1.token.28		παυοίμεθ’
πειρῷντ’	urn:cts:greekLit:tlg0003.tlg001.fu:1.25.1.token.35		πειρῷντ’
πλεῖστ’	urn:cts:greekLit:tlg0003.tlg001.fu:2.41.1.token.25		πλεῖστ’
πλεῖστ’	urn:cts:greekLit:tlg0003.tlg001.fu:3.30.4.token.34		πλεῖστ’
πλεῖστ’	urn:cts:greekLit:tlg0003.tlg001.fu:3.42.4.token.17		πλεῖστ’
πλεῖστ’	urn:cts:greekLit:tlg0003.tlg001.fu:4.3.3.token.45		πλεῖστ’
πλεῖστ’	urn:cts:greekLit:tlg0003.tlg001.fu:5.9.4.token.34		πλεῖστ’
πλεῖστ’	urn:cts:greekLit:tlg0003.tlg001.fu:5.99.1.token.46		πλεῖστ’
πλεῖστ’	urn:cts:greekLit:tlg0003.tlg001.fu:5.111.4.token.66		πλεῖστ’
ποιοῦντασ’	urn:cts:greekLit:tlg0003.tlg001.fu:4.38.3.token.50		ποιοῦντασ’
ποτ’	urn:cts:greekLit:tlg0003.tlg001.fu:3.59.1.token.67	ποτε	ποτε
πώποτ’	urn:cts:greekLit:tlg0003.tlg001.fu:1.40.4.token.33	πώποτε	πώποτε
ταῦτ’	urn:cts:greekLit:tlg0003.tlg001.fu:1.90.3.token.9	ταῦτα	ταῦτα
ταῦτ’	urn:cts:greekLit:tlg0003.tlg001.fu:2.7.3.token.30	ταῦτα	ταῦτα
ταῦτ’	urn:cts:greekLit:tlg0003.tlg001.fu:5.15.1.token.1	ταῦτα	ταῦτα
ταῦτ’	urn:cts:greekLit:tlg0003.tlg001.fu:8.91.1.token.1	ταῦτα	ταῦτα
ταῦτ’	urn:cts:greekLit:tlg0003.tlg001.fu:8.92.6.token.21	ταῦτα	ταῦτα
τοσῶνδ’	urn:cts:greekLit:tlg0003.tlg001.fu:6.14.1.token.45		τοσῶνδ’
τοῖσδ’	urn:cts:greekLit:tlg0003.tlg001.fu:1.38.4.token.11		τοῖσδ’
τοῦτ’	urn:cts:greekLit:tlg0003.tlg001.fu:1.84.2.token.6	τοῦτο	τοῦτο
τοῦτ’	urn:cts:greekLit:tlg0003.tlg001.fu:2.76.3.token.53	τοῦτο	τοῦτο
τοῦτ’	urn:cts:greekLit:tlg0003.tlg001.fu:3.62.4.token.30	τοῦτο	τοῦτο
τοῦτ’	urn:cts:greekLit:tlg0003.tlg001.fu:4.98.4.token.13	τοῦτο	τοῦτο
τοῦτ’	urn:cts:greekLit:tlg0003.tlg001.fu:6.14.1.token.65	τοῦτο	τοῦτο
τράποιντ’	urn:cts:greekLit:tlg0003.tlg001.fu:5.110.2.token.6		τράποιντ’
τἆλλ’	urn:cts:greekLit:tlg0003.tlg001.fu:1.133.1.token.72		τἆλλ’
τάδ’	urn:cts:greekLit:tlg0003.tlg001.fu:8.46.2.token.34	τάδε	τάδε
τάχιστ’	urn:cts:greekLit:tlg0003.tlg001.fu:1.120.4.token.8		τάχιστ’
τάχιστ’	urn:cts:greekLit:tlg0003.tlg001.fu:2.63.3.token.1		τάχιστ’
τάχιστ’	urn:cts:greekLit:tlg0003.tlg001.fu:6.11.4.token.46		τάχιστ’
τάχιστ’	urn:cts:greekLit:tlg0003.tlg001.fu:6.18.7.token.7		τάχιστ’
τάχ’	urn:cts:greekLit:tlg0003.tlg001.fu:1.81.1.token.1		τάχ’
τάχ’	urn:cts:greekLit:tlg0003.tlg001.fu:2.35.2.token.23		τάχ’
τάχ’	urn:cts:greekLit:tlg0003.tlg001.fu:3.44.4.token.29		τάχ’
τάχ’	urn:cts:greekLit:tlg0003.tlg001.fu:6.19.2.token.24		τάχ’
τάχ’	urn:cts:greekLit:tlg0003.tlg001.fu:6.34.2.token.31		τάχ’
τάχ’	urn:cts:greekLit:tlg0003.tlg001.fu:6.78.3.token.10		τάχ’
τόδ’	urn:cts:greekLit:tlg0003.tlg001.fu:6.54.7.token.35		τόδ’
τότ’	urn:cts:greekLit:tlg0003.tlg001.fu:1.132.3.token.32		τότ’
τότ’	urn:cts:greekLit:tlg0003.tlg001.fu:6.88.9.token.18		τότ’
τῇδ’	urn:cts:greekLit:tlg0003.tlg001.fu:4.85.7.token.4		τῇδ’
τῷδ’	urn:cts:greekLit:tlg0003.tlg001.fu:1.36.3.token.13	τῷδε	τῷδε
τ’	urn:cts:greekLit:tlg0003.tlg001.fu:1.58.2.token.23	τε	τε
τ’	urn:cts:greekLit:tlg0003.tlg001.fu:1.91.7.token.4	τε	τε
τ’	urn:cts:greekLit:tlg0003.tlg001.fu:1.121.3.token.28	τε	τε
τ’	urn:cts:greekLit:tlg0003.tlg001.fu:2.54.1.token.10	τε	τε
τ’	urn:cts:greekLit:tlg0003.tlg001.fu:2.83.5.token.12	τε	τε
τ’	urn:cts:greekLit:tlg0003.tlg001.fu:2.84.2.token.27	τε	τε
τ’	urn:cts:greekLit:tlg0003.tlg001.fu:3.13.6.token.30	τε	τε
τ’	urn:cts:greekLit:tlg0003.tlg001.fu:3.28.1.token.13	τε	τε
τ’	urn:cts:greekLit:tlg0003.tlg001.fu:3.36.1.token.20	τε	τε
τ’	urn:cts:greekLit:tlg0003.tlg001.fu:3.77.1.token.8	τε	τε
τ’	urn:cts:greekLit:tlg0003.tlg001.fu:3.82.3.token.24	τε	τε
τ’	urn:cts:greekLit:tlg0003.tlg001.fu:4.61.7.token.40	τε	τε
τ’	urn:cts:greekLit:tlg0003.tlg001.fu:4.120.3.token.61	τε	τε
τ’	urn:cts:greekLit:tlg0003.tlg001.fu:4.121.1.token.32	τε	τε
τ’	urn:cts:greekLit:tlg0003.tlg001.fu:4.122.6.token.24	τε	τε
τ’	urn:cts:greekLit:tlg0003.tlg001.fu:5.9.7.token.24	τε	τε
τ’	urn:cts:greekLit:tlg0003.tlg001.fu:5.10.3.token.42	τε	τε
τ’	urn:cts:greekLit:tlg0003.tlg001.fu:5.81.2.token.11	τε	τε
τ’	urn:cts:greekLit:tlg0003.tlg001.fu:6.20.4.token.21	τε	τε
τ’	urn:cts:greekLit:tlg0003.tlg001.fu:6.29.3.token.26	τε	τε
τ’	urn:cts:greekLit:tlg0003.tlg001.fu:6.33.4.token.21	τε	τε
τ’	urn:cts:greekLit:tlg0003.tlg001.fu:6.34.6.token.23	τε	τε
τ’	urn:cts:greekLit:tlg0003.tlg001.fu:6.59.3.token.59	τε	τε
τ’	urn:cts:greekLit:tlg0003.tlg001.fu:6.59.3.token.64	τε	τε
τ’	urn:cts:greekLit:tlg0003.tlg001.fu:6.77.1.token.30	τε	τε
τ’	urn:cts:greekLit:tlg0003.tlg001.fu:6.96.2.token.12	τε	τε
τ’	urn:cts:greekLit:tlg0003.tlg001.fu:7.14.3.token.20	τε	τε
τ’	urn:cts:greekLit:tlg0003.tlg001.fu:7.20.2.token.34	τε	τε
τ’	urn:cts:greekLit:tlg0003.tlg001.fu:7.27.3.token.42	τε	τε
τ’	urn:cts:greekLit:tlg0003.tlg001.fu:7.34.7.token.48	τε	τε
τ’	urn:cts:greekLit:tlg0003.tlg001.fu:7.42.3.token.74	τε	τε
τ’	urn:cts:greekLit:tlg0003.tlg001.fu:7.43.5.token.4	τε	τε
τ’	urn:cts:greekLit:tlg0003.tlg001.fu:7.60.4.token.31	τε	τε
τ’	urn:cts:greekLit:tlg0003.tlg001.fu:7.78.6.token.56	τε	τε
τ’	urn:cts:greekLit:tlg0003.tlg001.fu:7.81.2.token.9	τε	τε
τ’	urn:cts:greekLit:tlg0003.tlg001.fu:8.2.2.token.31	τε	τε
τ’	urn:cts:greekLit:tlg0003.tlg001.fu:8.23.6.token.5	τε	τε
τ’	urn:cts:greekLit:tlg0003.tlg001.fu:8.24.1.token.6	τε	τε
τ’	urn:cts:greekLit:tlg0003.tlg001.fu:8.28.4.token.2	τε	τε
τ’	urn:cts:greekLit:tlg0003.tlg001.fu:8.72.2.token.2	τε	τε
τ’	urn:cts:greekLit:tlg0003.tlg001.fu:8.86.5.token.19	τε	τε
φαίνοιτ’	urn:cts:greekLit:tlg0003.tlg001.fu:1.10.2.token.77		φαίνοιτ’
ἀγωνίσαιτ’	urn:cts:greekLit:tlg0003.tlg001.fu:3.38.2.token.15		ἀγωνίσαιτ’
ἀλλ’	urn:cts:greekLit:tlg0003.tlg001.fu:1.22.2.token.22	ἀλλά	ἀλλά
ἀλλ’	urn:cts:greekLit:tlg0003.tlg001.fu:1.22.3.token.18	ἀλλά	ἀλλά
ἀλλ’	urn:cts:greekLit:tlg0003.tlg001.fu:1.24.7.token.18	ἀλλά	ἀλλά
ἀλλ’	urn:cts:greekLit:tlg0003.tlg001.fu:1.25.2.token.35	ἀλλά	ἀλλά
ἀλλ’	urn:cts:greekLit:tlg0003.tlg001.fu:1.29.1.token.7	ἀλλά	ἀλλά
ἀλλ’	urn:cts:greekLit:tlg0003.tlg001.fu:1.34.1.token.35	ἀλλά	ἀλλά
ἀλλ’	urn:cts:greekLit:tlg0003.tlg001.fu:1.35.4.token.47	ἀλλά	ἀλλά
ἀλλ’	urn:cts:greekLit:tlg0003.tlg001.fu:1.35.5.token.32	ἀλλά	ἀλλά
ἀλλ’	urn:cts:greekLit:tlg0003.tlg001.fu:1.37.1.token.15	ἀλλά	ἀλλά
ἀλλ’	urn:cts:greekLit:tlg0003.tlg001.fu:1.37.4.token.13	ἀλλά	ἀλλά
ἀλλ’	urn:cts:greekLit:tlg0003.tlg001.fu:1.38.1.token.1	ἀλλά	ἀλλά
ἀλλ’	urn:cts:greekLit:tlg0003.tlg001.fu:1.38.2.token.13	ἀλλά	ἀλλά
ἀλλ’	urn:cts:greekLit:tlg0003.tlg001.fu:1.39.2.token.9	ἀλλά	ἀλλά
ἀλλ’	urn:cts:greekLit:tlg0003.tlg001.fu:1.40.2.token.27	ἀλλά	ἀλλά
ἀλλ’	urn:cts:greekLit:tlg0003.tlg001.fu:1.58.1.token.49	ἀλλά	ἀλλά
ἀλλ’	urn:cts:greekLit:tlg0003.tlg001.fu:1.66.1.token.67	ἀλλά	ἀλλά
ἀλλ’	urn:cts:greekLit:tlg0003.tlg001.fu:1.68.2.token.40	ἀλλά	ἀλλά
ἀλλ’	urn:cts:greekLit:tlg0003.tlg001.fu:1.69.1.token.49	ἀλλά	ἀλλά
ἀλλ’	urn:cts:greekLit:tlg0003.tlg001.fu:1.69.5.token.45	ἀλλά	ἀλλά
ἀλλ’	urn:cts:greekLit:tlg0003.tlg001.fu:1.71.1.token.43	ἀλλά	ἀλλά
ἀλλ’	urn:cts:greekLit:tlg0003.tlg001.fu:1.71.5.token.27	ἀλλά	ἀλλά
ἀλλ’	urn:cts:greekLit:tlg0003.tlg001.fu:1.72.1.token.58	ἀλλά	ἀλλά
ἀλλ’	urn:cts:greekLit:tlg0003.tlg001.fu:1.73.1.token.51	ἀλλά	ἀλλά
ἀλλ’	urn:cts:greekLit:tlg0003.tlg001.fu:1.74.2.token.46	ἀλλά	ἀλλά
ἀλλ’	urn:cts:greekLit:tlg0003.tlg001.fu:1.75.2.token.9	ἀλλά	ἀλλά
ἀλλ’	urn:cts:greekLit:tlg0003.tlg001.fu:1.75.4.token.25	ἀλλά	ἀλλά
ἀλλ’	urn:cts:greekLit:tlg0003.tlg001.fu:1.76.2.token.41	ἀλλά	ἀλλά
ἀλλ’	urn:cts:greekLit:tlg0003.tlg001.fu:1.80.4.token.5	ἀλλά	ἀλλά
ἀλλ’	urn:cts:greekLit:tlg0003.tlg001.fu:1.84.4.token.23	ἀλλά	ἀλλά
ἀλλ’	urn:cts:greekLit:tlg0003.tlg001.fu:1.90.3.token.45	ἀλλά	ἀλλά
ἀλλ’	urn:cts:greekLit:tlg0003.tlg001.fu:1.93.2.token.26	ἀλλά	ἀλλά
ἀλλ’	urn:cts:greekLit:tlg0003.tlg001.fu:1.111.1.token.68	ἀλλά	ἀλλά
ἀλλ’	urn:cts:greekLit:tlg0003.tlg001.fu:1.111.3.token.21	ἀλλά	ἀλλά
ἀλλ’	urn:cts:greekLit:tlg0003.tlg001.fu:1.115.4.token.11	ἀλλά	ἀλλά
ἀλλ’	urn:cts:greekLit:tlg0003.tlg001.fu:1.118.2.token.109	ἀλλά	ἀλλά
ἀλλ’	urn:cts:greekLit:tlg0003.tlg001.fu:1.123.2.token.28	ἀλλά	ἀλλά
ἀλλ’	urn:cts:greekLit:tlg0003.tlg001.fu:1.126.6.token.47	ἀλλά	ἀλλά
ἀλλ’	urn:cts:greekLit:tlg0003.tlg001.fu:1.127.3.token.21	ἀλλά	ἀλλά
ἀλλ’	urn:cts:greekLit:tlg0003.tlg001.fu:1.130.1.token.66	ἀλλά	ἀλλά
ἀλλ’	urn:cts:greekLit:tlg0003.tlg001.fu:1.132.5.token.1	ἀλλά	ἀλλά
ἀλλ’	urn:cts:greekLit:tlg0003.tlg001.fu:1.137.1.token.40	ἀλλά	ἀλλά
ἀλλ’	urn:cts:greekLit:tlg0003.tlg001.fu:1.143.5.token.104	ἀλλά	ἀλλά
ἀλλ’	urn:cts:greekLit:tlg0003.tlg001.fu:1.144.2.token.1	ἀλλά	ἀλλά
ἀλλ’	urn:cts:greekLit:tlg0003.tlg001.fu:1.144.2.token.81	ἀλλά	ἀλλά
ἀλλ’	urn:cts:greekLit:tlg0003.tlg001.fu:2.3.4.token.38	ἀλλά	ἀλλά
ἀλλ’	urn:cts:greekLit:tlg0003.tlg001.fu:2.8.1.token.7	ἀλλά	ἀλλά
ἀλλ’	urn:cts:greekLit:tlg0003.tlg001.fu:2.11.6.token.37	ἀλλά	ἀλλά
ἀλλ’	urn:cts:greekLit:tlg0003.tlg001.fu:2.15.1.token.46	ἀλλά	ἀλλά
ἀλλ’	urn:cts:greekLit:tlg0003.tlg001.fu:2.17.3.token.24	ἀλλά	ἀλλά
ἀλλ’	urn:cts:greekLit:tlg0003.tlg001.fu:2.20.4.token.34	ἀλλά	ἀλλά
ἀλλ’	urn:cts:greekLit:tlg0003.tlg001.fu:2.21.2.token.18	ἀλλά	ἀλλά
ἀλλ’	urn:cts:greekLit:tlg0003.tlg001.fu:2.21.3.token.78	ἀλλά	ἀλλά
ἀλλ’	urn:cts:greekLit:tlg0003.tlg001.fu:2.24.1.token.42	ἀλλά	ἀλλά
ἀλλ’	urn:cts:greekLit:tlg0003.tlg001.fu:2.29.3.token.23	ἀλλά	ἀλλά
ἀλλ’	urn:cts:greekLit:tlg0003.tlg001.fu:2.37.1.token.30	ἀλλά	ἀλλά
ἀλλ’	urn:cts:greekLit:tlg0003.tlg001.fu:2.40.2.token.32	ἀλλά	ἀλλά
ἀλλ’	urn:cts:greekLit:tlg0003.tlg001.fu:2.40.4.token.44	ἀλλά	ἀλλά
ἀλλ’	urn:cts:greekLit:tlg0003.tlg001.fu:2.43.2.token.22	ἀλλά	ἀλλά
ἀλλ’	urn:cts:greekLit:tlg0003.tlg001.fu:2.43.5.token.17	ἀλλά	ἀλλά
ἀλλ’	urn:cts:greekLit:tlg0003.tlg001.fu:2.44.2.token.34	ἀλλά	ἀλλά
ἀλλ’	urn:cts:greekLit:tlg0003.tlg001.fu:2.45.1.token.32	ἀλλά	ἀλλά
ἀλλ’	urn:cts:greekLit:tlg0003.tlg001.fu:2.47.4.token.10	ἀλλά	ἀλλά
ἀλλ’	urn:cts:greekLit:tlg0003.tlg001.fu:2.49.2.token.8	ἀλλά	ἀλλά
ἀλλ’	urn:cts:greekLit:tlg0003.tlg001.fu:2.49.5.token.14	ἀλλά	ἀλλά
ἀλλ’	urn:cts:greekLit:tlg0003.tlg001.fu:2.49.6.token.28	ἀλλά	ἀλλά
ἀλλ’	urn:cts:greekLit:tlg0003.tlg001.fu:2.52.2.token.6	ἀλλά	ἀλλά
ἀλλ’	urn:cts:greekLit:tlg0003.tlg001.fu:2.56.6.token.43	ἀλλά	ἀλλά
ἀλλ’	urn:cts:greekLit:tlg0003.tlg001.fu:2.63.3.token.37	ἀλλά	ἀλλά
ἀλλ’	urn:cts:greekLit:tlg0003.tlg001.fu:2.65.8.token.49	ἀλλά	ἀλλά
ἀλλ’	urn:cts:greekLit:tlg0003.tlg001.fu:2.70.1.token.13	ἀλλά	ἀλλά
ἀλλ’	urn:cts:greekLit:tlg0003.tlg001.fu:2.74.1.token.12	ἀλλά	ἀλλά
ἀλλ’	urn:cts:greekLit:tlg0003.tlg001.fu:2.74.1.token.34	ἀλλά	ἀλλά
ἀλλ’	urn:cts:greekLit:tlg0003.tlg001.fu:2.81.6.token.23	ἀλλά	ἀλλά
ἀλλ’	urn:cts:greekLit:tlg0003.tlg001.fu:2.83.1.token.35	ἀλλά	ἀλλά
ἀλλ’	urn:cts:greekLit:tlg0003.tlg001.fu:2.90.2.token.41	ἀλλά	ἀλλά
ἀλλ’	urn:cts:greekLit:tlg0003.tlg001.fu:2.97.6.token.12	ἀλλά	ἀλλά
ἀλλ’	urn:cts:greekLit:tlg0003.tlg001.fu:3.2.1.token.22	ἀλλά	ἀλλά
ἀλλ’	urn:cts:greekLit:tlg0003.tlg001.fu:3.5.2.token.33	ἀλλά	ἀλλά
ἀλλ’	urn:cts:greekLit:tlg0003.tlg001.fu:3.10.3.token.11	ἀλλά	ἀλλά
ἀλλ’	urn:cts:greekLit:tlg0003.tlg001.fu:3.13.4.token.24	ἀλλά	ἀλλά
ἀλλ’	urn:cts:greekLit:tlg0003.tlg001.fu:3.16.1.token.18	ἀλλά	ἀλλά
ἀλλ’	urn:cts:greekLit:tlg0003.tlg001.fu:3.22.6.token.17	ἀλλά	ἀλλά
ἀλλ’	urn:cts:greekLit:tlg0003.tlg001.fu:3.23.5.token.12	ἀλλά	ἀλλά
ἀλλ’	urn:cts:greekLit:tlg0003.tlg001.fu:3.28.2.token.27	ἀλλά	ἀλλά
ἀλλ’	urn:cts:greekLit:tlg0003.tlg001.fu:3.37.2.token.72	ἀλλά	ἀλλά
ἀλλ’	urn:cts:greekLit:tlg0003.tlg001.fu:3.42.5.token.12	ἀλλά	ἀλλά
ἀλλ’	urn:cts:greekLit:tlg0003.tlg001.fu:3.45.1.token.16	ἀλλά	ἀλλά
ἀλλ’	urn:cts:greekLit:tlg0003.tlg001.fu:3.45.4.token.15	ἀλλά	ἀλλά
ἀλλ’	urn:cts:greekLit:tlg0003.tlg001.fu:3.46.4.token.42	ἀλλά	ἀλλά
ἀλλ’	urn:cts:greekLit:tlg0003.tlg001.fu:3.53.2.token.36	ἀλλά	ἀλλά
ἀλλ’	urn:cts:greekLit:tlg0003.tlg001.fu:3.55.4.token.18	ἀλλά	ἀλλά
ἀλλ’	urn:cts:greekLit:tlg0003.tlg001.fu:3.58.2.token.23	ἀλλά	ἀλλά
ἀλλ’	urn:cts:greekLit:tlg0003.tlg001.fu:3.59.1.token.54	ἀλλά	ἀλλά
ἀλλ’	urn:cts:greekLit:tlg0003.tlg001.fu:3.63.2.token.76	ἀλλά	ἀλλά
ἀλλ’	urn:cts:greekLit:tlg0003.tlg001.fu:3.64.1.token.13	ἀλλά	ἀλλά
ἀλλ’	urn:cts:greekLit:tlg0003.tlg001.fu:3.64.2.token.16	ἀλλά	ἀλλά
ἀλλ’	urn:cts:greekLit:tlg0003.tlg001.fu:3.65.3.token.1	ἀλλά	ἀλλά
ἀλλ’	urn:cts:greekLit:tlg0003.tlg001.fu:3.65.3.token.61	ἀλλά	ἀλλά
ἀλλ’	urn:cts:greekLit:tlg0003.tlg001.fu:3.67.5.token.50	ἀλλά	ἀλλά
ἀλλ’	urn:cts:greekLit:tlg0003.tlg001.fu:3.67.6.token.46	ἀλλά	ἀλλά
ἀλλ’	urn:cts:greekLit:tlg0003.tlg001.fu:3.67.7.token.1	ἀλλά	ἀλλά
ἀλλ’	urn:cts:greekLit:tlg0003.tlg001.fu:3.71.1.token.25	ἀλλά	ἀλλά
ἀλλ’	urn:cts:greekLit:tlg0003.tlg001.fu:3.102.5.token.25	ἀλλά	ἀλλά
ἀλλ’	urn:cts:greekLit:tlg0003.tlg001.fu:3.104.1.token.27	ἀλλά	ἀλλά
ἀλλ’	urn:cts:greekLit:tlg0003.tlg001.fu:3.104.2.token.24	ἀλλά	ἀλλά
ἀλλ’	urn:cts:greekLit:tlg0003.tlg001.fu:3.104.4.token.20	ἀλλά	ἀλλά
ἀλλ’	urn:cts:greekLit:tlg0003.tlg001.fu:3.104.5.token.44	ἀλλά	ἀλλά
ἀλλ’	urn:cts:greekLit:tlg0003.tlg001.fu:3.107.4.token.61	ἀλλά	ἀλλά
ἀλλ’	urn:cts:greekLit:tlg0003.tlg001.fu:3.113.2.token.22	ἀλλά	ἀλλά
ἀλλ’	urn:cts:greekLit:tlg0003.tlg001.fu:3.113.4.token.35	ἀλλά	ἀλλά
ἀλλ’	urn:cts:greekLit:tlg0003.tlg001.fu:4.10.4.token.32	ἀλλά	ἀλλά
ἀλλ’	urn:cts:greekLit:tlg0003.tlg001.fu:4.17.2.token.11	ἀλλά	ἀλλά
ἀλλ’	urn:cts:greekLit:tlg0003.tlg001.fu:4.18.4.token.38	ἀλλά	ἀλλά
ἀλλ’	urn:cts:greekLit:tlg0003.tlg001.fu:4.19.2.token.31	ἀλλά	ἀλλά
ἀλλ’	urn:cts:greekLit:tlg0003.tlg001.fu:4.19.3.token.11	ἀλλά	ἀλλά
ἀλλ’	urn:cts:greekLit:tlg0003.tlg001.fu:4.21.3.token.58	ἀλλά	ἀλλά
ἀλλ’	urn:cts:greekLit:tlg0003.tlg001.fu:4.27.1.token.65	ἀλλά	ἀλλά
ἀλλ’	urn:cts:greekLit:tlg0003.tlg001.fu:4.28.2.token.24	ἀλλά	ἀλλά
ἀλλ’	urn:cts:greekLit:tlg0003.tlg001.fu:4.32.3.token.38	ἀλλά	ἀλλά
ἀλλ’	urn:cts:greekLit:tlg0003.tlg001.fu:4.33.2.token.27	ἀλλά	ἀλλά
ἀλλ’	urn:cts:greekLit:tlg0003.tlg001.fu:4.44.1.token.43	ἀλλά	ἀλλά
ἀλλ’	urn:cts:greekLit:tlg0003.tlg001.fu:4.57.2.token.27	ἀλλά	ἀλλά
ἀλλ’	urn:cts:greekLit:tlg0003.tlg001.fu:4.60.1.token.19	ἀλλά	ἀλλά
ἀλλ’	urn:cts:greekLit:tlg0003.tlg001.fu:4.61.7.token.21	ἀλλά	ἀλλά
ἀλλ’	urn:cts:greekLit:tlg0003.tlg001.fu:4.62.3.token.44	ἀλλά	ἀλλά
ἀλλ’	urn:cts:greekLit:tlg0003.tlg001.fu:4.64.1.token.56	ἀλλά	ἀλλά
ἀλλ’	urn:cts:greekLit:tlg0003.tlg001.fu:4.71.1.token.44	ἀλλά	ἀλλά
ἀλλ’	urn:cts:greekLit:tlg0003.tlg001.fu:4.72.4.token.49	ἀλλά	ἀλλά
ἀλλ’	urn:cts:greekLit:tlg0003.tlg001.fu:4.76.4.token.35	ἀλλά	ἀλλά
ἀλλ’	urn:cts:greekLit:tlg0003.tlg001.fu:4.85.6.token.49	ἀλλά	ἀλλά
ἀλλ’	urn:cts:greekLit:tlg0003.tlg001.fu:4.98.1.token.34	ἀλλά	ἀλλά
ἀλλ’	urn:cts:greekLit:tlg0003.tlg001.fu:4.98.5.token.14	ἀλλά	ἀλλά
ἀλλ’	urn:cts:greekLit:tlg0003.tlg001.fu:4.104.2.token.14	ἀλλά	ἀλλά
ἀλλ’	urn:cts:greekLit:tlg0003.tlg001.fu:4.114.3.token.41	ἀλλά	ἀλλά
ἀλλ’	urn:cts:greekLit:tlg0003.tlg001.fu:4.114.5.token.29	ἀλλά	ἀλλά
ἀλλ’	urn:cts:greekLit:tlg0003.tlg001.fu:4.120.2.token.52	ἀλλά	ἀλλά
ἀλλ’	urn:cts:greekLit:tlg0003.tlg001.fu:5.4.6.token.31	ἀλλά	ἀλλά
ἀλλ’	urn:cts:greekLit:tlg0003.tlg001.fu:5.7.3.token.50	ἀλλά	ἀλλά
ἀλλ’	urn:cts:greekLit:tlg0003.tlg001.fu:5.15.2.token.12	ἀλλά	ἀλλά
ἀλλ’	urn:cts:greekLit:tlg0003.tlg001.fu:5.17.2.token.69	ἀλλά	ἀλλά
ἀλλ’	urn:cts:greekLit:tlg0003.tlg001.fu:5.27.2.token.33	ἀλλά	ἀλλά
ἀλλ’	urn:cts:greekLit:tlg0003.tlg001.fu:5.32.6.token.26	ἀλλά	ἀλλά
ἀλλ’	urn:cts:greekLit:tlg0003.tlg001.fu:5.40.3.token.27	ἀλλά	ἀλλά
ἀλλ’	urn:cts:greekLit:tlg0003.tlg001.fu:5.41.2.token.54	ἀλλά	ἀλλά
ἀλλ’	urn:cts:greekLit:tlg0003.tlg001.fu:5.43.3.token.16	ἀλλά	ἀλλά
ἀλλ’	urn:cts:greekLit:tlg0003.tlg001.fu:5.44.1.token.20	ἀλλά	ἀλλά
ἀλλ’	urn:cts:greekLit:tlg0003.tlg001.fu:5.49.4.token.21	ἀλλά	ἀλλά
ἀλλ’	urn:cts:greekLit:tlg0003.tlg001.fu:5.55.2.token.23	ἀλλά	ἀλλά
ἀλλ’	urn:cts:greekLit:tlg0003.tlg001.fu:5.59.4.token.17	ἀλλά	ἀλλά
ἀλλ’	urn:cts:greekLit:tlg0003.tlg001.fu:5.60.1.token.33	ἀλλά	ἀλλά
ἀλλ’	urn:cts:greekLit:tlg0003.tlg001.fu:5.68.3.token.45	ἀλλά	ἀλλά
ἀλλ’	urn:cts:greekLit:tlg0003.tlg001.fu:5.70.1.token.33	ἀλλά	ἀλλά
ἀλλ’	urn:cts:greekLit:tlg0003.tlg001.fu:5.72.4.token.59	ἀλλά	ἀλλά
ἀλλ’	urn:cts:greekLit:tlg0003.tlg001.fu:5.73.3.token.51	ἀλλά	ἀλλά
ἀλλ’	urn:cts:greekLit:tlg0003.tlg001.fu:5.80.1.token.52	ἀλλά	ἀλλά
ἀλλ’	urn:cts:greekLit:tlg0003.tlg001.fu:5.91.1.token.44	ἀλλά	ἀλλά
ἀλλ’	urn:cts:greekLit:tlg0003.tlg001.fu:5.102.1.token.4	ἀλλά	ἀλλά
ἀλλ’	urn:cts:greekLit:tlg0003.tlg001.fu:5.109.1.token.17	ἀλλά	ἀλλά
ἀλλ’	urn:cts:greekLit:tlg0003.tlg001.fu:5.111.2.token.23	ἀλλά	ἀλλά
ἀλλ’	urn:cts:greekLit:tlg0003.tlg001.fu:5.113.1.token.18	ἀλλά	ἀλλά
ἀλλ’	urn:cts:greekLit:tlg0003.tlg001.fu:6.10.3.token.16	ἀλλά	ἀλλά
ἀλλ’	urn:cts:greekLit:tlg0003.tlg001.fu:6.11.7.token.19	ἀλλά	ἀλλά
ἀλλ’	urn:cts:greekLit:tlg0003.tlg001.fu:6.13.1.token.62	ἀλλά	ἀλλά
ἀλλ’	urn:cts:greekLit:tlg0003.tlg001.fu:6.16.4.token.23	ἀλλά	ἀλλά
ἀλλ’	urn:cts:greekLit:tlg0003.tlg001.fu:6.16.5.token.62	ἀλλά	ἀλλά
ἀλλ’	urn:cts:greekLit:tlg0003.tlg001.fu:6.17.1.token.33	ἀλλά	ἀλλά
ἀλλ’	urn:cts:greekLit:tlg0003.tlg001.fu:6.18.1.token.44	ἀλλά	ἀλλά
ἀλλ’	urn:cts:greekLit:tlg0003.tlg001.fu:6.18.3.token.11	ἀλλά	ἀλλά
ἀλλ’	urn:cts:greekLit:tlg0003.tlg001.fu:6.18.6.token.112	ἀλλά	ἀλλά
ἀλλ’	urn:cts:greekLit:tlg0003.tlg001.fu:6.21.2.token.59	ἀλλά	ἀλλά
ἀλλ’	urn:cts:greekLit:tlg0003.tlg001.fu:6.25.1.token.18	ἀλλά	ἀλλά
ἀλλ’	urn:cts:greekLit:tlg0003.tlg001.fu:6.29.2.token.10	ἀλλά	ἀλλά
ἀλλ’	urn:cts:greekLit:tlg0003.tlg001.fu:6.34.2.token.16	ἀλλά	ἀλλά
ἀλλ’	urn:cts:greekLit:tlg0003.tlg001.fu:6.34.6.token.15	ἀλλά	ἀλλά
ἀλλ’	urn:cts:greekLit:tlg0003.tlg001.fu:6.36.3.token.17	ἀλλά	ἀλλά
ἀλλ’	urn:cts:greekLit:tlg0003.tlg001.fu:6.38.2.token.7	ἀλλά	ἀλλά
ἀλλ’	urn:cts:greekLit:tlg0003.tlg001.fu:6.38.5.token.19	ἀλλά	ἀλλά
ἀλλ’	urn:cts:greekLit:tlg0003.tlg001.fu:6.39.2.token.40	ἀλλά	ἀλλά
ἀλλ’	urn:cts:greekLit:tlg0003.tlg001.fu:6.40.1.token.1	ἀλλά	ἀλλά
ἀλλ’	urn:cts:greekLit:tlg0003.tlg001.fu:6.44.3.token.64	ἀλλά	ἀλλά
ἀλλ’	urn:cts:greekLit:tlg0003.tlg001.fu:6.48.1.token.14	ἀλλά	ἀλλά
ἀλλ’	urn:cts:greekLit:tlg0003.tlg001.fu:6.50.1.token.35	ἀλλά	ἀλλά
ἀλλ’	urn:cts:greekLit:tlg0003.tlg001.fu:6.53.3.token.24	ἀλλά	ἀλλά
ἀλλ’	urn:cts:greekLit:tlg0003.tlg001.fu:6.54.2.token.16	ἀλλά	ἀλλά
ἀλλ’	urn:cts:greekLit:tlg0003.tlg001.fu:6.54.5.token.12	ἀλλά	ἀλλά
ἀλλ’	urn:cts:greekLit:tlg0003.tlg001.fu:6.58.1.token.13	ἀλλά	ἀλλά
ἀλλ’	urn:cts:greekLit:tlg0003.tlg001.fu:6.61.6.token.32	ἀλλά	ἀλλά
ἀλλ’	urn:cts:greekLit:tlg0003.tlg001.fu:6.76.2.token.25	ἀλλά	ἀλλά
ἀλλ’	urn:cts:greekLit:tlg0003.tlg001.fu:6.77.1.token.2	ἀλλά	ἀλλά
ἀλλ’	urn:cts:greekLit:tlg0003.tlg001.fu:6.78.4.token.58	ἀλλά	ἀλλά
ἀλλ’	urn:cts:greekLit:tlg0003.tlg001.fu:6.79.3.token.1	ἀλλά	ἀλλά
ἀλλ’	urn:cts:greekLit:tlg0003.tlg001.fu:6.79.3.token.23	ἀλλά	ἀλλά
ἀλλ’	urn:cts:greekLit:tlg0003.tlg001.fu:6.84.2.token.26	ἀλλά	ἀλλά
ἀλλ’	urn:cts:greekLit:tlg0003.tlg001.fu:6.85.1.token.42	ἀλλά	ἀλλά
ἀλλ’	urn:cts:greekLit:tlg0003.tlg001.fu:6.87.5.token.16	ἀλλά	ἀλλά
ἀλλ’	urn:cts:greekLit:tlg0003.tlg001.fu:6.92.4.token.10	ἀλλά	ἀλλά
ἀλλ’	urn:cts:greekLit:tlg0003.tlg001.fu:6.92.4.token.48	ἀλλά	ἀλλά
ἀλλ’	urn:cts:greekLit:tlg0003.tlg001.fu:6.99.4.token.16	ἀλλά	ἀλλά
ἀλλ’	urn:cts:greekLit:tlg0003.tlg001.fu:7.1.1.token.35	ἀλλά	ἀλλά
ἀλλ’	urn:cts:greekLit:tlg0003.tlg001.fu:7.3.3.token.29	ἀλλά	ἀλλά
ἀλλ’	urn:cts:greekLit:tlg0003.tlg001.fu:7.5.3.token.29	ἀλλά	ἀλλά
ἀλλ’	urn:cts:greekLit:tlg0003.tlg001.fu:7.14.2.token.39	ἀλλά	ἀλλά
ἀλλ’	urn:cts:greekLit:tlg0003.tlg001.fu:7.15.1.token.51	ἀλλά	ἀλλά
ἀλλ’	urn:cts:greekLit:tlg0003.tlg001.fu:7.16.1.token.22	ἀλλά	ἀλλά
ἀλλ’	urn:cts:greekLit:tlg0003.tlg001.fu:7.21.3.token.31	ἀλλά	ἀλλά
ἀλλ’	urn:cts:greekLit:tlg0003.tlg001.fu:7.25.4.token.36	ἀλλά	ἀλλά
ἀλλ’	urn:cts:greekLit:tlg0003.tlg001.fu:7.28.3.token.37	ἀλλά	ἀλλά
ἀλλ’	urn:cts:greekLit:tlg0003.tlg001.fu:7.40.4.token.21	ἀλλά	ἀλλά
ἀλλ’	urn:cts:greekLit:tlg0003.tlg001.fu:7.42.3.token.38	ἀλλά	ἀλλά
ἀλλ’	urn:cts:greekLit:tlg0003.tlg001.fu:7.47.3.token.10	ἀλλά	ἀλλά
ἀλλ’	urn:cts:greekLit:tlg0003.tlg001.fu:7.48.3.token.67	ἀλλά	ἀλλά
ἀλλ’	urn:cts:greekLit:tlg0003.tlg001.fu:7.49.2.token.80	ἀλλά	ἀλλά
ἀλλ’	urn:cts:greekLit:tlg0003.tlg001.fu:7.49.3.token.17	ἀλλά	ἀλλά
ἀλλ’	urn:cts:greekLit:tlg0003.tlg001.fu:7.50.3.token.73	ἀλλά	ἀλλά
ἀλλ’	urn:cts:greekLit:tlg0003.tlg001.fu:7.51.1.token.56	ἀλλά	ἀλλά
ἀλλ’	urn:cts:greekLit:tlg0003.tlg001.fu:7.57.1.token.38	ἀλλά	ἀλλά
ἀλλ’	urn:cts:greekLit:tlg0003.tlg001.fu:7.57.9.token.88	ἀλλά	ἀλλά
ἀλλ’	urn:cts:greekLit:tlg0003.tlg001.fu:7.61.3.token.1	ἀλλά	ἀλλά
ἀλλ’	urn:cts:greekLit:tlg0003.tlg001.fu:7.69.2.token.148	ἀλλά	ἀλλά
ἀλλ’	urn:cts:greekLit:tlg0003.tlg001.fu:7.71.6.token.27	ἀλλά	ἀλλά
ἀλλ’	urn:cts:greekLit:tlg0003.tlg001.fu:7.77.2.token.9	ἀλλά	ἀλλά
ἀλλ’	urn:cts:greekLit:tlg0003.tlg001.fu:7.84.5.token.18	ἀλλά	ἀλλά
ἀλλ’	urn:cts:greekLit:tlg0003.tlg001.fu:8.2.1.token.43	ἀλλά	ἀλλά
ἀλλ’	urn:cts:greekLit:tlg0003.tlg001.fu:8.8.1.token.33	ἀλλά	ἀλλά
ἀλλ’	urn:cts:greekLit:tlg0003.tlg001.fu:8.10.2.token.42	ἀλλά	ἀλλά
ἀλλ’	urn:cts:greekLit:tlg0003.tlg001.fu:8.10.3.token.1	ἀλλά	ἀλλά
ἀλλ’	urn:cts:greekLit:tlg0003.tlg001.fu:8.25.4.token.22	ἀλλά	ἀλλά
ἀλλ’	urn:cts:greekLit:tlg0003.tlg001.fu:8.28.2.token.31	ἀλλά	ἀλλά
ἀλλ’	urn:cts:greekLit:tlg0003.tlg001.fu:8.29.2.token.15	ἀλλά	ἀλλά
ἀλλ’	urn:cts:greekLit:tlg0003.tlg001.fu:8.41.3.token.20	ἀλλά	ἀλλά
ἀλλ’	urn:cts:greekLit:tlg0003.tlg001.fu:8.48.4.token.18	ἀλλά	ἀλλά
ἀλλ’	urn:cts:greekLit:tlg0003.tlg001.fu:8.56.3.token.38	ἀλλά	ἀλλά
ἀλλ’	urn:cts:greekLit:tlg0003.tlg001.fu:8.56.4.token.88	ἀλλά	ἀλλά
ἀλλ’	urn:cts:greekLit:tlg0003.tlg001.fu:8.66.2.token.39	ἀλλά	ἀλλά
ἀλλ’	urn:cts:greekLit:tlg0003.tlg001.fu:8.68.1.token.69	ἀλλά	ἀλλά
ἀλλ’	urn:cts:greekLit:tlg0003.tlg001.fu:8.69.2.token.27	ἀλλά	ἀλλά
ἀλλ’	urn:cts:greekLit:tlg0003.tlg001.fu:8.70.1.token.19	ἀλλά	ἀλλά
ἀλλ’	urn:cts:greekLit:tlg0003.tlg001.fu:8.72.1.token.27	ἀλλά	ἀλλά
ἀλλ’	urn:cts:greekLit:tlg0003.tlg001.fu:8.75.3.token.39	ἀλλά	ἀλλά
ἀλλ’	urn:cts:greekLit:tlg0003.tlg001.fu:8.76.4.token.33	ἀλλά	ἀλλά
ἀλλ’	urn:cts:greekLit:tlg0003.tlg001.fu:8.76.6.token.32	ἀλλά	ἀλλά
ἀλλ’	urn:cts:greekLit:tlg0003.tlg001.fu:8.86.2.token.11	ἀλλά	ἀλλά
ἀλλ’	urn:cts:greekLit:tlg0003.tlg001.fu:8.86.3.token.14	ἀλλά	ἀλλά
ἀλλ’	urn:cts:greekLit:tlg0003.tlg001.fu:8.86.3.token.64	ἀλλά	ἀλλά
ἀλλ’	urn:cts:greekLit:tlg0003.tlg001.fu:8.86.4.token.9	ἀλλά	ἀλλά
ἀλλ’	urn:cts:greekLit:tlg0003.tlg001.fu:8.86.9.token.74	ἀλλά	ἀλλά
ἀλλ’	urn:cts:greekLit:tlg0003.tlg001.fu:8.90.3.token.43	ἀλλά	ἀλλά
ἀλλ’	urn:cts:greekLit:tlg0003.tlg001.fu:8.95.4.token.41	ἀλλά	ἀλλά
ἀλλ’	urn:cts:greekLit:tlg0003.tlg001.fu:8.96.5.token.1	ἀλλά	ἀλλά
ἀλλ’	urn:cts:greekLit:tlg0003.tlg001.fu:8.102.2.token.42	ἀλλά	ἀλλά
ἀνθ’	urn:cts:greekLit:tlg0003.tlg001.fu:1.62.2.token.29		ἀνθ’
ἀνθ’	urn:cts:greekLit:tlg0003.tlg001.fu:1.134.4.token.59		ἀνθ’
ἀνθ’	urn:cts:greekLit:tlg0003.tlg001.fu:3.61.2.token.63		ἀνθ’
ἀνθ’	urn:cts:greekLit:tlg0003.tlg001.fu:4.83.6.token.28		ἀνθ’
ἀνθ’	urn:cts:greekLit:tlg0003.tlg001.fu:6.83.1.token.1		ἀνθ’
ἀνθ’	urn:cts:greekLit:tlg0003.tlg001.fu:7.68.3.token.1		ἀνθ’
ἀνθ’	urn:cts:greekLit:tlg0003.tlg001.fu:7.77.3.token.1		ἀνθ’
ἀνθ’	urn:cts:greekLit:tlg0003.tlg001.fu:7.86.4.token.1		ἀνθ’
ἀντ’	urn:cts:greekLit:tlg0003.tlg001.fu:1.40.2.token.45		ἀντ’
ἀντ’	urn:cts:greekLit:tlg0003.tlg001.fu:1.86.1.token.49		ἀντ’
ἀντ’	urn:cts:greekLit:tlg0003.tlg001.fu:1.120.3.token.10		ἀντ’
ἀντ’	urn:cts:greekLit:tlg0003.tlg001.fu:2.63.1.token.36		ἀντ’
ἀντ’	urn:cts:greekLit:tlg0003.tlg001.fu:2.65.2.token.59		ἀντ’
ἀντ’	urn:cts:greekLit:tlg0003.tlg001.fu:2.103.1.token.35		ἀντ’
ἀντ’	urn:cts:greekLit:tlg0003.tlg001.fu:5.3.4.token.73		ἀντ’
ἀντ’	urn:cts:greekLit:tlg0003.tlg001.fu:5.36.2.token.11		ἀντ’
ἀντ’	urn:cts:greekLit:tlg0003.tlg001.fu:5.39.2.token.52		ἀντ’
ἀντ’	urn:cts:greekLit:tlg0003.tlg001.fu:5.39.3.token.42		ἀντ’
ἀντ’	urn:cts:greekLit:tlg0003.tlg001.fu:6.20.2.token.40		ἀντ’
ἀντ’	urn:cts:greekLit:tlg0003.tlg001.fu:8.43.3.token.61		ἀντ’
ἀπ’	urn:cts:greekLit:tlg0003.tlg001.fu:1.17.1.token.38	ἀπό	ἀπό
ἀπ’	urn:cts:greekLit:tlg0003.tlg001.fu:1.21.2.token.27	ἀπό	ἀπό
ἀπ’	urn:cts:greekLit:tlg0003.tlg001.fu:1.23.3.token.54	ἀπό	ἀπό
ἀπ’	urn:cts:greekLit:tlg0003.tlg001.fu:1.25.1.token.36	ἀπό	ἀπό
ἀπ’	urn:cts:greekLit:tlg0003.tlg001.fu:1.31.2.token.42	ἀπό	ἀπό
ἀπ’	urn:cts:greekLit:tlg0003.tlg001.fu:1.51.1.token.8	ἀπό	ἀπό
ἀπ’	urn:cts:greekLit:tlg0003.tlg001.fu:1.68.1.token.26	ἀπό	ἀπό
ἀπ’	urn:cts:greekLit:tlg0003.tlg001.fu:1.99.3.token.21	ἀπό	ἀπό
ἀπ’	urn:cts:greekLit:tlg0003.tlg001.fu:1.105.3.token.57	ἀπό	ἀπό
ἀπ’	urn:cts:greekLit:tlg0003.tlg001.fu:1.105.5.token.8	ἀπό	ἀπό
ἀπ’	urn:cts:greekLit:tlg0003.tlg001.fu:1.109.2.token.30	ἀπό	ἀπό
ἀπ’	urn:cts:greekLit:tlg0003.tlg001.fu:1.112.3.token.7	ἀπό	ἀπό
ἀπ’	urn:cts:greekLit:tlg0003.tlg001.fu:1.115.1.token.3	ἀπό	ἀπό
ἀπ’	urn:cts:greekLit:tlg0003.tlg001.fu:1.124.2.token.28	ἀπό	ἀπό
ἀπ’	urn:cts:greekLit:tlg0003.tlg001.fu:1.126.11.token.57	ἀπό	ἀπό
ἀπ’	urn:cts:greekLit:tlg0003.tlg001.fu:2.15.4.token.64	ἀπό	ἀπό
ἀπ’	urn:cts:greekLit:tlg0003.tlg001.fu:2.18.3.token.7	ἀπό	ἀπό
ἀπ’	urn:cts:greekLit:tlg0003.tlg001.fu:2.19.1.token.23	ἀπό	ἀπό
ἀπ’	urn:cts:greekLit:tlg0003.tlg001.fu:2.29.3.token.7	ἀπό	ἀπό
ἀπ’	urn:cts:greekLit:tlg0003.tlg001.fu:2.37.1.token.71	ἀπό	ἀπό
ἀπ’	urn:cts:greekLit:tlg0003.tlg001.fu:2.49.2.token.4	ἀπό	ἀπό
ἀπ’	urn:cts:greekLit:tlg0003.tlg001.fu:2.56.6.token.3	ἀπό	ἀπό
ἀπ’	urn:cts:greekLit:tlg0003.tlg001.fu:2.65.2.token.32	ἀπό	ἀπό
ἀπ’	urn:cts:greekLit:tlg0003.tlg001.fu:2.77.4.token.31	ἀπό	ἀπό
ἀπ’	urn:cts:greekLit:tlg0003.tlg001.fu:2.81.3.token.37	ἀπό	ἀπό
ἀπ’	urn:cts:greekLit:tlg0003.tlg001.fu:2.86.3.token.25	ἀπό	ἀπό
ἀπ’	urn:cts:greekLit:tlg0003.tlg001.fu:3.2.1.token.12	ἀπό	ἀπό
ἀπ’	urn:cts:greekLit:tlg0003.tlg001.fu:3.13.4.token.31	ἀπό	ἀπό
ἀπ’	urn:cts:greekLit:tlg0003.tlg001.fu:3.21.1.token.24	ἀπό	ἀπό
ἀπ’	urn:cts:greekLit:tlg0003.tlg001.fu:3.21.1.token.35	ἀπό	ἀπό
ἀπ’	urn:cts:greekLit:tlg0003.tlg001.fu:3.29.1.token.45	ἀπό	ἀπό
ἀπ’	urn:cts:greekLit:tlg0003.tlg001.fu:3.31.1.token.14	ἀπό	ἀπό
ἀπ’	urn:cts:greekLit:tlg0003.tlg001.fu:3.33.1.token.28	ἀπό	ἀπό
ἀπ’	urn:cts:greekLit:tlg0003.tlg001.fu:3.46.3.token.24	ἀπό	ἀπό
ἀπ’	urn:cts:greekLit:tlg0003.tlg001.fu:3.48.1.token.22	ἀπό	ἀπό
ἀπ’	urn:cts:greekLit:tlg0003.tlg001.fu:3.64.2.token.37	ἀπό	ἀπό
ἀπ’	urn:cts:greekLit:tlg0003.tlg001.fu:3.69.1.token.29	ἀπό	ἀπό
ἀπ’	urn:cts:greekLit:tlg0003.tlg001.fu:3.93.1.token.41	ἀπό	ἀπό
ἀπ’	urn:cts:greekLit:tlg0003.tlg001.fu:4.52.3.token.66	ἀπό	ἀπό
ἀπ’	urn:cts:greekLit:tlg0003.tlg001.fu:4.53.3.token.6	ἀπό	ἀπό
ἀπ’	urn:cts:greekLit:tlg0003.tlg001.fu:4.62.2.token.87	ἀπό	ἀπό
ἀπ’	urn:cts:greekLit:tlg0003.tlg001.fu:4.69.2.token.33	ἀπό	ἀπό
ἀπ’	urn:cts:greekLit:tlg0003.tlg001.fu:4.92.7.token.86	ἀπό	ἀπό
ἀπ’	urn:cts:greekLit:tlg0003.tlg001.fu:4.105.1.token.32	ἀπό	ἀπό
ἀπ’	urn:cts:greekLit:tlg0003.tlg001.fu:4.115.1.token.26	ἀπό	ἀπό
ἀπ’	urn:cts:greekLit:tlg0003.tlg001.fu:4.120.1.token.14	ἀπό	ἀπό
ἀπ’	urn:cts:greekLit:tlg0003.tlg001.fu:4.126.6.token.7	ἀπό	ἀπό
ἀπ’	urn:cts:greekLit:tlg0003.tlg001.fu:4.128.1.token.32	ἀπό	ἀπό
ἀπ’	urn:cts:greekLit:tlg0003.tlg001.fu:5.64.3.token.72	ἀπό	ἀπό
ἀπ’	urn:cts:greekLit:tlg0003.tlg001.fu:6.2.2.token.42	ἀπό	ἀπό
ἀπ’	urn:cts:greekLit:tlg0003.tlg001.fu:6.2.3.token.51	ἀπό	ἀπό
ἀπ’	urn:cts:greekLit:tlg0003.tlg001.fu:6.46.3.token.55	ἀπό	ἀπό
ἀπ’	urn:cts:greekLit:tlg0003.tlg001.fu:6.55.2.token.19	ἀπό	ἀπό
ἀπ’	urn:cts:greekLit:tlg0003.tlg001.fu:6.61.1.token.51	ἀπό	ἀπό
ἀπ’	urn:cts:greekLit:tlg0003.tlg001.fu:6.64.2.token.25	ἀπό	ἀπό
ἀπ’	urn:cts:greekLit:tlg0003.tlg001.fu:6.76.1.token.22	ἀπό	ἀπό
ἀπ’	urn:cts:greekLit:tlg0003.tlg001.fu:6.77.1.token.88	ἀπό	ἀπό
ἀπ’	urn:cts:greekLit:tlg0003.tlg001.fu:6.86.5.token.13	ἀπό	ἀπό
ἀπ’	urn:cts:greekLit:tlg0003.tlg001.fu:6.89.4.token.20	ἀπό	ἀπό
ἀπ’	urn:cts:greekLit:tlg0003.tlg001.fu:7.14.4.token.45	ἀπό	ἀπό
ἀπ’	urn:cts:greekLit:tlg0003.tlg001.fu:7.21.2.token.19	ἀπό	ἀπό
ἀπ’	urn:cts:greekLit:tlg0003.tlg001.fu:7.29.1.token.45	ἀπό	ἀπό
ἀπ’	urn:cts:greekLit:tlg0003.tlg001.fu:7.34.6.token.38	ἀπό	ἀπό
ἀπ’	urn:cts:greekLit:tlg0003.tlg001.fu:7.36.2.token.38	ἀπό	ἀπό
ἀπ’	urn:cts:greekLit:tlg0003.tlg001.fu:7.38.3.token.8	ἀπό	ἀπό
ἀπ’	urn:cts:greekLit:tlg0003.tlg001.fu:7.50.2.token.50	ἀπό	ἀπό
ἀπ’	urn:cts:greekLit:tlg0003.tlg001.fu:7.57.4.token.15	ἀπό	ἀπό
ἀπ’	urn:cts:greekLit:tlg0003.tlg001.fu:7.57.4.token.58	ἀπό	ἀπό
ἀπ’	urn:cts:greekLit:tlg0003.tlg001.fu:7.77.4.token.32	ἀπό	ἀπό
ἀπ’	urn:cts:greekLit:tlg0003.tlg001.fu:7.79.6.token.27	ἀπό	ἀπό
ἀπ’	urn:cts:greekLit:tlg0003.tlg001.fu:7.86.4.token.73	ἀπό	ἀπό
ἀπ’	urn:cts:greekLit:tlg0003.tlg001.fu:8.19.2.token.34	ἀπό	ἀπό
ἀπ’	urn:cts:greekLit:tlg0003.tlg001.fu:8.35.2.token.26	ἀπό	ἀπό
ἀπ’	urn:cts:greekLit:tlg0003.tlg001.fu:8.43.4.token.27	ἀπό	ἀπό
ἀπ’	urn:cts:greekLit:tlg0003.tlg001.fu:8.45.1.token.34	ἀπό	ἀπό
ἀπ’	urn:cts:greekLit:tlg0003.tlg001.fu:8.48.7.token.21	ἀπό	ἀπό
ἀπ’	urn:cts:greekLit:tlg0003.tlg001.fu:8.68.4.token.22	ἀπό	ἀπό
ἀπ’	urn:cts:greekLit:tlg0003.tlg001.fu:8.81.1.token.31	ἀπό	ἀπό
ἀπ’	urn:cts:greekLit:tlg0003.tlg001.fu:8.84.3.token.36	ἀπό	ἀπό
ἀπ’	urn:cts:greekLit:tlg0003.tlg001.fu:8.87.5.token.42	ἀπό	ἀπό
ἀπ’	urn:cts:greekLit:tlg0003.tlg001.fu:8.92.2.token.90	ἀπό	ἀπό
ἀπ’	urn:cts:greekLit:tlg0003.tlg001.fu:8.96.4.token.29	ἀπό	ἀπό
ἀπ’	urn:cts:greekLit:tlg0003.tlg001.fu:8.99.1.token.109	ἀπό	ἀπό
ἀφ’	urn:cts:greekLit:tlg0003.tlg001.fu:1.3.2.token.37		ἀφ’
ἀφ’	urn:cts:greekLit:tlg0003.tlg001.fu:1.6.3.token.49		ἀφ’
ἀφ’	urn:cts:greekLit:tlg0003.tlg001.fu:1.12.2.token.24		ἀφ’
ἀφ’	urn:cts:greekLit:tlg0003.tlg001.fu:1.12.3.token.39		ἀφ’
ἀφ’	urn:cts:greekLit:tlg0003.tlg001.fu:1.14.3.token.22		ἀφ’
ἀφ’	urn:cts:greekLit:tlg0003.tlg001.fu:1.18.1.token.71		ἀφ’
ἀφ’	urn:cts:greekLit:tlg0003.tlg001.fu:1.23.6.token.37		ἀφ’
ἀφ’	urn:cts:greekLit:tlg0003.tlg001.fu:1.24.2.token.14		ἀφ’
ἀφ’	urn:cts:greekLit:tlg0003.tlg001.fu:1.37.1.token.43		ἀφ’
ἀφ’	urn:cts:greekLit:tlg0003.tlg001.fu:1.39.3.token.43		ἀφ’
ἀφ’	urn:cts:greekLit:tlg0003.tlg001.fu:1.46.4.token.39		ἀφ’
ἀφ’	urn:cts:greekLit:tlg0003.tlg001.fu:1.69.5.token.94		ἀφ’
ἀφ’	urn:cts:greekLit:tlg0003.tlg001.fu:1.81.4.token.18		ἀφ’
ἀφ’	urn:cts:greekLit:tlg0003.tlg001.fu:1.122.1.token.45		ἀφ’
ἀφ’	urn:cts:greekLit:tlg0003.tlg001.fu:1.124.2.token.43		ἀφ’
ἀφ’	urn:cts:greekLit:tlg0003.tlg001.fu:1.125.1.token.5		ἀφ’
ἀφ’	urn:cts:greekLit:tlg0003.tlg001.fu:2.8.3.token.12		ἀφ’
ἀφ’	urn:cts:greekLit:tlg0003.tlg001.fu:2.13.3.token.45		ἀφ’
ἀφ’	urn:cts:greekLit:tlg0003.tlg001.fu:2.39.1.token.52		ἀφ’
ἀφ’	urn:cts:greekLit:tlg0003.tlg001.fu:2.48.3.token.14		ἀφ’
ἀφ’	urn:cts:greekLit:tlg0003.tlg001.fu:2.48.3.token.44		ἀφ’
ἀφ’	urn:cts:greekLit:tlg0003.tlg001.fu:2.51.4.token.36		ἀφ’
ἀφ’	urn:cts:greekLit:tlg0003.tlg001.fu:2.65.13.token.6		ἀφ’
ἀφ’	urn:cts:greekLit:tlg0003.tlg001.fu:2.73.3.token.13		ἀφ’
ἀφ’	urn:cts:greekLit:tlg0003.tlg001.fu:2.102.6.token.25		ἀφ’
ἀφ’	urn:cts:greekLit:tlg0003.tlg001.fu:3.9.2.token.17		ἀφ’
ἀφ’	urn:cts:greekLit:tlg0003.tlg001.fu:3.11.5.token.3		ἀφ’
ἀφ’	urn:cts:greekLit:tlg0003.tlg001.fu:3.36.6.token.8		ἀφ’
ἀφ’	urn:cts:greekLit:tlg0003.tlg001.fu:3.64.2.token.5		ἀφ’
ἀφ’	urn:cts:greekLit:tlg0003.tlg001.fu:3.84.3.token.12		ἀφ’
ἀφ’	urn:cts:greekLit:tlg0003.tlg001.fu:3.116.2.token.19		ἀφ’
ἀφ’	urn:cts:greekLit:tlg0003.tlg001.fu:4.8.1.token.34		ἀφ’
ἀφ’	urn:cts:greekLit:tlg0003.tlg001.fu:4.63.2.token.14		ἀφ’
ἀφ’	urn:cts:greekLit:tlg0003.tlg001.fu:4.68.3.token.8		ἀφ’
ἀφ’	urn:cts:greekLit:tlg0003.tlg001.fu:4.73.4.token.80		ἀφ’
ἀφ’	urn:cts:greekLit:tlg0003.tlg001.fu:4.115.2.token.18		ἀφ’
ἀφ’	urn:cts:greekLit:tlg0003.tlg001.fu:4.126.3.token.18		ἀφ’
ἀφ’	urn:cts:greekLit:tlg0003.tlg001.fu:5.55.1.token.61		ἀφ’
ἀφ’	urn:cts:greekLit:tlg0003.tlg001.fu:5.60.1.token.8		ἀφ’
ἀφ’	urn:cts:greekLit:tlg0003.tlg001.fu:5.60.3.token.47		ἀφ’
ἀφ’	urn:cts:greekLit:tlg0003.tlg001.fu:5.82.4.token.26		ἀφ’
ἀφ’	urn:cts:greekLit:tlg0003.tlg001.fu:5.116.3.token.31		ἀφ’
ἀφ’	urn:cts:greekLit:tlg0003.tlg001.fu:6.10.5.token.32		ἀφ’
ἀφ’	urn:cts:greekLit:tlg0003.tlg001.fu:6.34.6.token.69		ἀφ’
ἀφ’	urn:cts:greekLit:tlg0003.tlg001.fu:6.40.2.token.58		ἀφ’
ἀφ’	urn:cts:greekLit:tlg0003.tlg001.fu:6.64.3.token.60		ἀφ’
ἀφ’	urn:cts:greekLit:tlg0003.tlg001.fu:6.87.4.token.28		ἀφ’
ἀφ’	urn:cts:greekLit:tlg0003.tlg001.fu:7.14.2.token.41		ἀφ’
ἀφ’	urn:cts:greekLit:tlg0003.tlg001.fu:7.29.2.token.20		ἀφ’
ἀφ’	urn:cts:greekLit:tlg0003.tlg001.fu:7.31.5.token.16		ἀφ’
ἀφ’	urn:cts:greekLit:tlg0003.tlg001.fu:7.44.1.token.19		ἀφ’
ἀφ’	urn:cts:greekLit:tlg0003.tlg001.fu:7.48.2.token.9		ἀφ’
ἀφ’	urn:cts:greekLit:tlg0003.tlg001.fu:7.67.3.token.42		ἀφ’
ἀφ’	urn:cts:greekLit:tlg0003.tlg001.fu:7.70.7.token.8		ἀφ’
ἀφ’	urn:cts:greekLit:tlg0003.tlg001.fu:7.79.3.token.21		ἀφ’
ἀφ’	urn:cts:greekLit:tlg0003.tlg001.fu:8.6.1.token.77		ἀφ’
ἀφ’	urn:cts:greekLit:tlg0003.tlg001.fu:8.6.4.token.66		ἀφ’
ἀφ’	urn:cts:greekLit:tlg0003.tlg001.fu:8.27.6.token.5		ἀφ’
ἀφ’	urn:cts:greekLit:tlg0003.tlg001.fu:8.45.2.token.62		ἀφ’
ἀφ’	urn:cts:greekLit:tlg0003.tlg001.fu:8.65.1.token.22		ἀφ’
ἀφ’	urn:cts:greekLit:tlg0003.tlg001.fu:8.97.2.token.9		ἀφ’
ἀφ’	urn:cts:greekLit:tlg0003.tlg001.fu:8.100.5.token.26		ἀφ’
ἄγεθ’	urn:cts:greekLit:tlg0003.tlg001.fu:3.104.5.token.45		ἄγεθ’
ἄλλ’	urn:cts:greekLit:tlg0003.tlg001.fu:1.113.1.token.16		ἄλλ’
ἅμ’	urn:cts:greekLit:tlg0003.tlg001.fu:2.54.2.token.25	ἅμα	ἅμα
ἅμ’	urn:cts:greekLit:tlg0003.tlg001.fu:2.94.2.token.3	ἅμα	ἅμα
ἅμ’	urn:cts:greekLit:tlg0003.tlg001.fu:3.17.1.token.16	ἅμα	ἅμα
ἅμ’	urn:cts:greekLit:tlg0003.tlg001.fu:3.22.1.token.15	ἅμα	ἅμα
ἆρ’	urn:cts:greekLit:tlg0003.tlg001.fu:1.75.1.token.2	ἆρα	ἆρα
ἐλάχιστ’	urn:cts:greekLit:tlg0003.tlg001.fu:4.18.4.token.47		ἐλάχιστ’
ἐλύοντ’	urn:cts:greekLit:tlg0003.tlg001.fu:1.44.1.token.57		ἐλύοντ’
ἐνθάδ’	urn:cts:greekLit:tlg0003.tlg001.fu:3.104.5.token.72	ἐνθάδε	ἐνθάδε
ἐπιθοίμεθ’	urn:cts:greekLit:tlg0003.tlg001.fu:6.34.5.token.15		ἐπιθοίμεθ’
ἐπάγειν’	urn:cts:greekLit:tlg0003.tlg001.fu:7.60.2.token.32		ἐπάγειν’
ἐπ’	urn:cts:greekLit:tlg0003.tlg001.fu:1.3.2.token.57	ἐπί	ἐπί
ἐπ’	urn:cts:greekLit:tlg0003.tlg001.fu:1.5.1.token.25	ἐπί	ἐπί
ἐπ’	urn:cts:greekLit:tlg0003.tlg001.fu:1.7.1.token.17	ἐπί	ἐπί
ἐπ’	urn:cts:greekLit:tlg0003.tlg001.fu:1.15.2.token.36	ἐπί	ἐπί
ἐπ’	urn:cts:greekLit:tlg0003.tlg001.fu:1.26.4.token.10	ἐπί	ἐπί
ἐπ’	urn:cts:greekLit:tlg0003.tlg001.fu:1.30.2.token.14	ἐπί	ἐπί
ἐπ’	urn:cts:greekLit:tlg0003.tlg001.fu:1.30.4.token.27	ἐπί	ἐπί
ἐπ’	urn:cts:greekLit:tlg0003.tlg001.fu:1.41.2.token.55	ἐπί	ἐπί
ἐπ’	urn:cts:greekLit:tlg0003.tlg001.fu:1.54.1.token.12	ἐπί	ἐπί
ἐπ’	urn:cts:greekLit:tlg0003.tlg001.fu:1.55.1.token.11	ἐπί	ἐπί
ἐπ’	urn:cts:greekLit:tlg0003.tlg001.fu:1.55.1.token.41	ἐπί	ἐπί
ἐπ’	urn:cts:greekLit:tlg0003.tlg001.fu:1.69.6.token.4	ἐπί	ἐπί
ἐπ’	urn:cts:greekLit:tlg0003.tlg001.fu:1.70.5.token.10	ἐπί	ἐπί
ἐπ’	urn:cts:greekLit:tlg0003.tlg001.fu:1.73.2.token.46	ἐπί	ἐπί
ἐπ’	urn:cts:greekLit:tlg0003.tlg001.fu:1.82.2.token.29	ἐπί	ἐπί
ἐπ’	urn:cts:greekLit:tlg0003.tlg001.fu:1.83.3.token.22	ἐπί	ἐπί
ἐπ’	urn:cts:greekLit:tlg0003.tlg001.fu:1.85.2.token.37	ἐπί	ἐπί
ἐπ’	urn:cts:greekLit:tlg0003.tlg001.fu:1.87.5.token.5	ἐπί	ἐπί
ἐπ’	urn:cts:greekLit:tlg0003.tlg001.fu:1.89.2.token.39	ἐπί	ἐπί
ἐπ’	urn:cts:greekLit:tlg0003.tlg001.fu:1.92.1.token.58	ἐπί	ἐπί
ἐπ’	urn:cts:greekLit:tlg0003.tlg001.fu:1.100.1.token.7	ἐπί	ἐπί
ἐπ’	urn:cts:greekLit:tlg0003.tlg001.fu:1.105.2.token.11	ἐπί	ἐπί
ἐπ’	urn:cts:greekLit:tlg0003.tlg001.fu:1.106.2.token.35	ἐπί	ἐπί
ἐπ’	urn:cts:greekLit:tlg0003.tlg001.fu:1.107.5.token.3	ἐπί	ἐπί
ἐπ’	urn:cts:greekLit:tlg0003.tlg001.fu:1.108.2.token.12	ἐπί	ἐπί
ἐπ’	urn:cts:greekLit:tlg0003.tlg001.fu:1.111.3.token.23	ἐπί	ἐπί
ἐπ’	urn:cts:greekLit:tlg0003.tlg001.fu:1.112.4.token.32	ἐπί	ἐπί
ἐπ’	urn:cts:greekLit:tlg0003.tlg001.fu:1.114.2.token.27	ἐπί	ἐπί
ἐπ’	urn:cts:greekLit:tlg0003.tlg001.fu:1.116.3.token.21	ἐπί	ἐπί
ἐπ’	urn:cts:greekLit:tlg0003.tlg001.fu:1.126.7.token.11	ἐπί	ἐπί
ἐπ’	urn:cts:greekLit:tlg0003.tlg001.fu:1.131.1.token.59	ἐπί	ἐπί
ἐπ’	urn:cts:greekLit:tlg0003.tlg001.fu:1.137.2.token.6	ἐπί	ἐπί
ἐπ’	urn:cts:greekLit:tlg0003.tlg001.fu:1.139.4.token.7	ἐπί	ἐπί
ἐπ’	urn:cts:greekLit:tlg0003.tlg001.fu:1.141.3.token.26	ἐπί	ἐπί
ἐπ’	urn:cts:greekLit:tlg0003.tlg001.fu:1.143.5.token.80	ἐπί	ἐπί
ἐπ’	urn:cts:greekLit:tlg0003.tlg001.fu:1.145.1.token.60	ἐπί	ἐπί
ἐπ’	urn:cts:greekLit:tlg0003.tlg001.fu:2.3.4.token.21	ἐπί	ἐπί
ἐπ’	urn:cts:greekLit:tlg0003.tlg001.fu:2.11.9.token.17	ἐπί	ἐπί
ἐπ’	urn:cts:greekLit:tlg0003.tlg001.fu:2.17.2.token.39	ἐπί	ἐπί
ἐπ’	urn:cts:greekLit:tlg0003.tlg001.fu:2.23.2.token.20	ἐπί	ἐπί
ἐπ’	urn:cts:greekLit:tlg0003.tlg001.fu:2.29.3.token.84	ἐπί	ἐπί
ἐπ’	urn:cts:greekLit:tlg0003.tlg001.fu:2.31.1.token.41	ἐπί	ἐπί
ἐπ’	urn:cts:greekLit:tlg0003.tlg001.fu:2.33.2.token.25	ἐπί	ἐπί
ἐπ’	urn:cts:greekLit:tlg0003.tlg001.fu:2.33.3.token.37	ἐπί	ἐπί
ἐπ’	urn:cts:greekLit:tlg0003.tlg001.fu:2.34.6.token.25	ἐπί	ἐπί
ἐπ’	urn:cts:greekLit:tlg0003.tlg001.fu:2.36.4.token.42	ἐπί	ἐπί
ἐπ’	urn:cts:greekLit:tlg0003.tlg001.fu:2.37.3.token.30	ἐπί	ἐπί
ἐπ’	urn:cts:greekLit:tlg0003.tlg001.fu:2.45.2.token.38	ἐπί	ἐπί
ἐπ’	urn:cts:greekLit:tlg0003.tlg001.fu:2.52.2.token.22	ἐπί	ἐπί
ἐπ’	urn:cts:greekLit:tlg0003.tlg001.fu:2.53.3.token.16	ἐπί	ἐπί
ἐπ’	urn:cts:greekLit:tlg0003.tlg001.fu:2.56.6.token.29	ἐπί	ἐπί
ἐπ’	urn:cts:greekLit:tlg0003.tlg001.fu:2.65.5.token.21	ἐπί	ἐπί
ἐπ’	urn:cts:greekLit:tlg0003.tlg001.fu:2.65.8.token.51	ἐπί	ἐπί
ἐπ’	urn:cts:greekLit:tlg0003.tlg001.fu:2.66.2.token.26	ἐπί	ἐπί
ἐπ’	urn:cts:greekLit:tlg0003.tlg001.fu:2.68.1.token.21	ἐπί	ἐπί
ἐπ’	urn:cts:greekLit:tlg0003.tlg001.fu:2.68.9.token.58	ἐπί	ἐπί
ἐπ’	urn:cts:greekLit:tlg0003.tlg001.fu:2.71.2.token.78	ἐπί	ἐπί
ἐπ’	urn:cts:greekLit:tlg0003.tlg001.fu:2.80.1.token.34	ἐπί	ἐπί
ἐπ’	urn:cts:greekLit:tlg0003.tlg001.fu:2.82.1.token.46	ἐπί	ἐπί
ἐπ’	urn:cts:greekLit:tlg0003.tlg001.fu:2.83.3.token.62	ἐπί	ἐπί
ἐπ’	urn:cts:greekLit:tlg0003.tlg001.fu:2.92.1.token.16	ἐπί	ἐπί
ἐπ’	urn:cts:greekLit:tlg0003.tlg001.fu:2.93.4.token.56	ἐπί	ἐπί
ἐπ’	urn:cts:greekLit:tlg0003.tlg001.fu:2.101.5.token.65	ἐπί	ἐπί
ἐπ’	urn:cts:greekLit:tlg0003.tlg001.fu:2.101.6.token.23	ἐπί	ἐπί
ἐπ’	urn:cts:greekLit:tlg0003.tlg001.fu:2.102.1.token.22	ἐπί	ἐπί
ἐπ’	urn:cts:greekLit:tlg0003.tlg001.fu:3.6.1.token.43	ἐπί	ἐπί
ἐπ’	urn:cts:greekLit:tlg0003.tlg001.fu:3.7.3.token.9	ἐπί	ἐπί
ἐπ’	urn:cts:greekLit:tlg0003.tlg001.fu:3.7.3.token.28	ἐπί	ἐπί
ἐπ’	urn:cts:greekLit:tlg0003.tlg001.fu:3.10.3.token.12	ἐπί	ἐπί
ἐπ’	urn:cts:greekLit:tlg0003.tlg001.fu:3.12.3.token.19	ἐπί	ἐπί
ἐπ’	urn:cts:greekLit:tlg0003.tlg001.fu:3.12.3.token.23	ἐπί	ἐπί
ἐπ’	urn:cts:greekLit:tlg0003.tlg001.fu:3.16.2.token.46	ἐπί	ἐπί
ἐπ’	urn:cts:greekLit:tlg0003.tlg001.fu:3.18.1.token.39	ἐπί	ἐπί
ἐπ’	urn:cts:greekLit:tlg0003.tlg001.fu:3.18.1.token.60	ἐπί	ἐπί
ἐπ’	urn:cts:greekLit:tlg0003.tlg001.fu:3.18.2.token.8	ἐπί	ἐπί
ἐπ’	urn:cts:greekLit:tlg0003.tlg001.fu:3.24.1.token.49	ἐπί	ἐπί
ἐπ’	urn:cts:greekLit:tlg0003.tlg001.fu:3.45.6.token.4	ἐπί	ἐπί
ἐπ’	urn:cts:greekLit:tlg0003.tlg001.fu:3.46.6.token.27	ἐπί	ἐπί
ἐπ’	urn:cts:greekLit:tlg0003.tlg001.fu:3.54.4.token.7	ἐπί	ἐπί
ἐπ’	urn:cts:greekLit:tlg0003.tlg001.fu:3.67.7.token.19	ἐπί	ἐπί
ἐπ’	urn:cts:greekLit:tlg0003.tlg001.fu:3.81.1.token.11	ἐπί	ἐπί
ἐπ’	urn:cts:greekLit:tlg0003.tlg001.fu:3.90.1.token.21	ἐπί	ἐπί
ἐπ’	urn:cts:greekLit:tlg0003.tlg001.fu:3.91.6.token.15	ἐπί	ἐπί
ἐπ’	urn:cts:greekLit:tlg0003.tlg001.fu:3.95.2.token.49	ἐπί	ἐπί
ἐπ’	urn:cts:greekLit:tlg0003.tlg001.fu:3.103.1.token.34	ἐπί	ἐπί
ἐπ’	urn:cts:greekLit:tlg0003.tlg001.fu:3.110.2.token.23	ἐπί	ἐπί
ἐπ’	urn:cts:greekLit:tlg0003.tlg001.fu:3.112.1.token.8	ἐπί	ἐπί
ἐπ’	urn:cts:greekLit:tlg0003.tlg001.fu:3.114.3.token.32	ἐπί	ἐπί
ἐπ’	urn:cts:greekLit:tlg0003.tlg001.fu:4.6.1.token.17	ἐπί	ἐπί
ἐπ’	urn:cts:greekLit:tlg0003.tlg001.fu:4.10.5.token.23	ἐπί	ἐπί
ἐπ’	urn:cts:greekLit:tlg0003.tlg001.fu:4.12.3.token.31	ἐπί	ἐπί
ἐπ’	urn:cts:greekLit:tlg0003.tlg001.fu:4.14.1.token.10	ἐπί	ἐπί
ἐπ’	urn:cts:greekLit:tlg0003.tlg001.fu:4.17.5.token.5	ἐπί	ἐπί
ἐπ’	urn:cts:greekLit:tlg0003.tlg001.fu:4.25.9.token.60	ἐπί	ἐπί
ἐπ’	urn:cts:greekLit:tlg0003.tlg001.fu:4.25.10.token.9	ἐπί	ἐπί
ἐπ’	urn:cts:greekLit:tlg0003.tlg001.fu:4.25.12.token.16	ἐπί	ἐπί
ἐπ’	urn:cts:greekLit:tlg0003.tlg001.fu:4.29.3.token.74	ἐπί	ἐπί
ἐπ’	urn:cts:greekLit:tlg0003.tlg001.fu:4.30.3.token.27	ἐπί	ἐπί
ἐπ’	urn:cts:greekLit:tlg0003.tlg001.fu:4.31.1.token.16	ἐπί	ἐπί
ἐπ’	urn:cts:greekLit:tlg0003.tlg001.fu:4.34.1.token.77	ἐπί	ἐπί
ἐπ’	urn:cts:greekLit:tlg0003.tlg001.fu:4.39.3.token.15	ἐπί	ἐπί
ἐπ’	urn:cts:greekLit:tlg0003.tlg001.fu:4.42.2.token.41	ἐπί	ἐπί
ἐπ’	urn:cts:greekLit:tlg0003.tlg001.fu:4.45.2.token.64	ἐπί	ἐπί
ἐπ’	urn:cts:greekLit:tlg0003.tlg001.fu:4.50.3.token.32	ἐπί	ἐπί
ἐπ’	urn:cts:greekLit:tlg0003.tlg001.fu:4.58.1.token.46	ἐπί	ἐπί
ἐπ’	urn:cts:greekLit:tlg0003.tlg001.fu:4.62.4.token.44	ἐπί	ἐπί
ἐπ’	urn:cts:greekLit:tlg0003.tlg001.fu:4.74.2.token.12	ἐπί	ἐπί
ἐπ’	urn:cts:greekLit:tlg0003.tlg001.fu:4.86.1.token.7	ἐπί	ἐπί
ἐπ’	urn:cts:greekLit:tlg0003.tlg001.fu:4.87.2.token.55	ἐπί	ἐπί
ἐπ’	urn:cts:greekLit:tlg0003.tlg001.fu:4.88.1.token.14	ἐπί	ἐπί
ἐπ’	urn:cts:greekLit:tlg0003.tlg001.fu:4.90.4.token.19	ἐπί	ἐπί
ἐπ’	urn:cts:greekLit:tlg0003.tlg001.fu:4.91.1.token.25	ἐπί	ἐπί
ἐπ’	urn:cts:greekLit:tlg0003.tlg001.fu:4.93.4.token.48	ἐπί	ἐπί
ἐπ’	urn:cts:greekLit:tlg0003.tlg001.fu:4.94.1.token.66	ἐπί	ἐπί
ἐπ’	urn:cts:greekLit:tlg0003.tlg001.fu:4.96.9.token.26	ἐπί	ἐπί
ἐπ’	urn:cts:greekLit:tlg0003.tlg001.fu:4.100.2.token.15	ἐπί	ἐπί
ἐπ’	urn:cts:greekLit:tlg0003.tlg001.fu:4.100.4.token.30	ἐπί	ἐπί
ἐπ’	urn:cts:greekLit:tlg0003.tlg001.fu:4.100.5.token.22	ἐπί	ἐπί
ἐπ’	urn:cts:greekLit:tlg0003.tlg001.fu:4.102.4.token.34	ἐπί	ἐπί
ἐπ’	urn:cts:greekLit:tlg0003.tlg001.fu:4.115.2.token.47	ἐπί	ἐπί
ἐπ’	urn:cts:greekLit:tlg0003.tlg001.fu:4.123.3.token.12	ἐπί	ἐπί
ἐπ’	urn:cts:greekLit:tlg0003.tlg001.fu:4.125.1.token.80	ἐπί	ἐπί
ἐπ’	urn:cts:greekLit:tlg0003.tlg001.fu:4.130.1.token.45	ἐπί	ἐπί
ἐπ’	urn:cts:greekLit:tlg0003.tlg001.fu:4.133.4.token.15	ἐπί	ἐπί
ἐπ’	urn:cts:greekLit:tlg0003.tlg001.fu:5.11.3.token.7	ἐπί	ἐπί
ἐπ’	urn:cts:greekLit:tlg0003.tlg001.fu:5.13.1.token.32	ἐπί	ἐπί
ἐπ’	urn:cts:greekLit:tlg0003.tlg001.fu:5.14.4.token.11	ἐπί	ἐπί
ἐπ’	urn:cts:greekLit:tlg0003.tlg001.fu:5.18.4.token.13	ἐπί	ἐπί
ἐπ’	urn:cts:greekLit:tlg0003.tlg001.fu:5.18.5.token.35	ἐπί	ἐπί
ἐπ’	urn:cts:greekLit:tlg0003.tlg001.fu:5.27.2.token.5	ἐπί	ἐπί
ἐπ’	urn:cts:greekLit:tlg0003.tlg001.fu:5.27.2.token.30	ἐπί	ἐπί
ἐπ’	urn:cts:greekLit:tlg0003.tlg001.fu:5.27.3.token.8	ἐπί	ἐπί
ἐπ’	urn:cts:greekLit:tlg0003.tlg001.fu:5.28.2.token.15	ἐπί	ἐπί
ἐπ’	urn:cts:greekLit:tlg0003.tlg001.fu:5.30.5.token.7	ἐπί	ἐπί
ἐπ’	urn:cts:greekLit:tlg0003.tlg001.fu:5.33.3.token.13	ἐπί	ἐπί
ἐπ’	urn:cts:greekLit:tlg0003.tlg001.fu:5.36.1.token.52	ἐπί	ἐπί
ἐπ’	urn:cts:greekLit:tlg0003.tlg001.fu:5.38.2.token.31	ἐπί	ἐπί
ἐπ’	urn:cts:greekLit:tlg0003.tlg001.fu:5.43.3.token.24	ἐπί	ἐπί
ἐπ’	urn:cts:greekLit:tlg0003.tlg001.fu:5.50.5.token.38	ἐπί	ἐπί
ἐπ’	urn:cts:greekLit:tlg0003.tlg001.fu:5.51.2.token.13	ἐπί	ἐπί
ἐπ’	urn:cts:greekLit:tlg0003.tlg001.fu:5.54.2.token.13	ἐπί	ἐπί
ἐπ’	urn:cts:greekLit:tlg0003.tlg001.fu:5.55.4.token.11	ἐπί	ἐπί
ἐπ’	urn:cts:greekLit:tlg0003.tlg001.fu:5.57.1.token.50	ἐπί	ἐπί
ἐπ’	urn:cts:greekLit:tlg0003.tlg001.fu:5.60.4.token.15	ἐπί	ἐπί
ἐπ’	urn:cts:greekLit:tlg0003.tlg001.fu:5.62.2.token.12	ἐπί	ἐπί
ἐπ’	urn:cts:greekLit:tlg0003.tlg001.fu:5.64.3.token.41	ἐπί	ἐπί
ἐπ’	urn:cts:greekLit:tlg0003.tlg001.fu:5.78.1.token.19	ἐπί	ἐπί
ἐπ’	urn:cts:greekLit:tlg0003.tlg001.fu:5.82.3.token.42	ἐπί	ἐπί
ἐπ’	urn:cts:greekLit:tlg0003.tlg001.fu:5.91.2.token.14	ἐπί	ἐπί
ἐπ’	urn:cts:greekLit:tlg0003.tlg001.fu:6.7.1.token.70	ἐπί	ἐπί
ἐπ’	urn:cts:greekLit:tlg0003.tlg001.fu:6.7.2.token.59	ἐπί	ἐπί
ἐπ’	urn:cts:greekLit:tlg0003.tlg001.fu:6.18.4.token.8	ἐπί	ἐπί
ἐπ’	urn:cts:greekLit:tlg0003.tlg001.fu:6.31.1.token.53	ἐπί	ἐπί
ἐπ’	urn:cts:greekLit:tlg0003.tlg001.fu:6.33.6.token.18	ἐπί	ἐπί
ἐπ’	urn:cts:greekLit:tlg0003.tlg001.fu:6.36.4.token.15	ἐπί	ἐπί
ἐπ’	urn:cts:greekLit:tlg0003.tlg001.fu:6.36.4.token.31	ἐπί	ἐπί
ἐπ’	urn:cts:greekLit:tlg0003.tlg001.fu:6.53.1.token.24	ἐπί	ἐπί
ἐπ’	urn:cts:greekLit:tlg0003.tlg001.fu:6.60.2.token.63	ἐπί	ἐπί
ἐπ’	urn:cts:greekLit:tlg0003.tlg001.fu:6.63.1.token.20	ἐπί	ἐπί
ἐπ’	urn:cts:greekLit:tlg0003.tlg001.fu:6.63.2.token.30	ἐπί	ἐπί
ἐπ’	urn:cts:greekLit:tlg0003.tlg001.fu:6.75.2.token.31	ἐπί	ἐπί
ἐπ’	urn:cts:greekLit:tlg0003.tlg001.fu:6.76.3.token.39	ἐπί	ἐπί
ἐπ’	urn:cts:greekLit:tlg0003.tlg001.fu:6.83.2.token.13	ἐπί	ἐπί
ἐπ’	urn:cts:greekLit:tlg0003.tlg001.fu:6.95.1.token.6	ἐπί	ἐπί
ἐπ’	urn:cts:greekLit:tlg0003.tlg001.fu:6.97.5.token.37	ἐπί	ἐπί
ἐπ’	urn:cts:greekLit:tlg0003.tlg001.fu:6.101.3.token.65	ἐπί	ἐπί
ἐπ’	urn:cts:greekLit:tlg0003.tlg001.fu:6.105.3.token.30	ἐπί	ἐπί
ἐπ’	urn:cts:greekLit:tlg0003.tlg001.fu:7.9.1.token.14	ἐπί	ἐπί
ἐπ’	urn:cts:greekLit:tlg0003.tlg001.fu:7.12.1.token.8	ἐπί	ἐπί
ἐπ’	urn:cts:greekLit:tlg0003.tlg001.fu:7.12.5.token.9	ἐπί	ἐπί
ἐπ’	urn:cts:greekLit:tlg0003.tlg001.fu:7.13.2.token.87	ἐπί	ἐπί
ἐπ’	urn:cts:greekLit:tlg0003.tlg001.fu:7.25.1.token.12	ἐπί	ἐπί
ἐπ’	urn:cts:greekLit:tlg0003.tlg001.fu:7.25.4.token.10	ἐπί	ἐπί
ἐπ’	urn:cts:greekLit:tlg0003.tlg001.fu:7.25.9.token.53	ἐπί	ἐπί
ἐπ’	urn:cts:greekLit:tlg0003.tlg001.fu:7.26.3.token.49	ἐπί	ἐπί
ἐπ’	urn:cts:greekLit:tlg0003.tlg001.fu:7.33.3.token.48	ἐπί	ἐπί
ἐπ’	urn:cts:greekLit:tlg0003.tlg001.fu:7.34.5.token.32	ἐπί	ἐπί
ἐπ’	urn:cts:greekLit:tlg0003.tlg001.fu:7.36.1.token.23	ἐπί	ἐπί
ἐπ’	urn:cts:greekLit:tlg0003.tlg001.fu:7.48.3.token.7	ἐπί	ἐπί
ἐπ’	urn:cts:greekLit:tlg0003.tlg001.fu:7.48.4.token.39	ἐπί	ἐπί
ἐπ’	urn:cts:greekLit:tlg0003.tlg001.fu:7.58.1.token.19	ἐπί	ἐπί
ἐπ’	urn:cts:greekLit:tlg0003.tlg001.fu:7.59.3.token.23	ἐπί	ἐπί
ἐπ’	urn:cts:greekLit:tlg0003.tlg001.fu:7.60.4.token.13	ἐπί	ἐπί
ἐπ’	urn:cts:greekLit:tlg0003.tlg001.fu:7.64.1.token.40	ἐπί	ἐπί
ἐπ’	urn:cts:greekLit:tlg0003.tlg001.fu:7.70.5.token.19	ἐπί	ἐπί
ἐπ’	urn:cts:greekLit:tlg0003.tlg001.fu:7.78.3.token.15	ἐπί	ἐπί
ἐπ’	urn:cts:greekLit:tlg0003.tlg001.fu:7.79.1.token.28	ἐπί	ἐπί
ἐπ’	urn:cts:greekLit:tlg0003.tlg001.fu:7.81.5.token.36	ἐπί	ἐπί
ἐπ’	urn:cts:greekLit:tlg0003.tlg001.fu:7.82.1.token.38	ἐπί	ἐπί
ἐπ’	urn:cts:greekLit:tlg0003.tlg001.fu:7.84.3.token.4	ἐπί	ἐπί
ἐπ’	urn:cts:greekLit:tlg0003.tlg001.fu:7.85.1.token.6	ἐπί	ἐπί
ἐπ’	urn:cts:greekLit:tlg0003.tlg001.fu:7.86.5.token.18	ἐπί	ἐπί
ἐπ’	urn:cts:greekLit:tlg0003.tlg001.fu:7.87.2.token.15	ἐπί	ἐπί
ἐπ’	urn:cts:greekLit:tlg0003.tlg001.fu:7.87.6.token.30	ἐπί	ἐπί
ἐπ’	urn:cts:greekLit:tlg0003.tlg001.fu:8.19.4.token.32	ἐπί	ἐπί
ἐπ’	urn:cts:greekLit:tlg0003.tlg001.fu:8.22.1.token.48	ἐπί	ἐπί
ἐπ’	urn:cts:greekLit:tlg0003.tlg001.fu:8.25.3.token.14	ἐπί	ἐπί
ἐπ’	urn:cts:greekLit:tlg0003.tlg001.fu:8.27.6.token.33	ἐπί	ἐπί
ἐπ’	urn:cts:greekLit:tlg0003.tlg001.fu:8.38.3.token.31	ἐπί	ἐπί
ἐπ’	urn:cts:greekLit:tlg0003.tlg001.fu:8.43.1.token.34	ἐπί	ἐπί
ἐπ’	urn:cts:greekLit:tlg0003.tlg001.fu:8.47.2.token.36	ἐπί	ἐπί
ἐπ’	urn:cts:greekLit:tlg0003.tlg001.fu:8.48.6.token.35	ἐπί	ἐπί
ἐπ’	urn:cts:greekLit:tlg0003.tlg001.fu:8.62.2.token.49	ἐπί	ἐπί
ἐπ’	urn:cts:greekLit:tlg0003.tlg001.fu:8.64.1.token.15	ἐπί	ἐπί
ἐπ’	urn:cts:greekLit:tlg0003.tlg001.fu:8.68.4.token.43	ἐπί	ἐπί
ἐπ’	urn:cts:greekLit:tlg0003.tlg001.fu:8.69.2.token.22	ἐπί	ἐπί
ἐπ’	urn:cts:greekLit:tlg0003.tlg001.fu:8.69.3.token.20	ἐπί	ἐπί
ἐπ’	urn:cts:greekLit:tlg0003.tlg001.fu:8.71.3.token.26	ἐπί	ἐπί
ἐπ’	urn:cts:greekLit:tlg0003.tlg001.fu:8.74.1.token.7	ἐπί	ἐπί
ἐπ’	urn:cts:greekLit:tlg0003.tlg001.fu:8.79.3.token.25	ἐπί	ἐπί
ἐπ’	urn:cts:greekLit:tlg0003.tlg001.fu:8.90.4.token.38	ἐπί	ἐπί
ἐπ’	urn:cts:greekLit:tlg0003.tlg001.fu:8.92.3.token.27	ἐπί	ἐπί
ἐπ’	urn:cts:greekLit:tlg0003.tlg001.fu:8.92.10.token.22	ἐπί	ἐπί
ἐπ’	urn:cts:greekLit:tlg0003.tlg001.fu:8.95.4.token.44	ἐπί	ἐπί
ἐπ’	urn:cts:greekLit:tlg0003.tlg001.fu:8.100.3.token.11	ἐπί	ἐπί
ἐπ’	urn:cts:greekLit:tlg0003.tlg001.fu:8.100.4.token.5	ἐπί	ἐπί
ἐπ’	urn:cts:greekLit:tlg0003.tlg001.fu:8.100.5.token.10	ἐπί	ἐπί
ἐπ’	urn:cts:greekLit:tlg0003.tlg001.fu:8.102.1.token.48	ἐπί	ἐπί
ἐφ’	urn:cts:greekLit:tlg0003.tlg001.fu:1.4.1.token.50	ἐπί	ἐπί
ἐφ’	urn:cts:greekLit:tlg0003.tlg001.fu:1.17.1.token.11	ἐπί	ἐπί
ἐφ’	urn:cts:greekLit:tlg0003.tlg001.fu:1.32.5.token.22	ἐπί	ἐπί
ἐφ’	urn:cts:greekLit:tlg0003.tlg001.fu:1.40.6.token.23	ἐπί	ἐπί
ἐφ’	urn:cts:greekLit:tlg0003.tlg001.fu:1.40.6.token.28	ἐπί	ἐπί
ἐφ’	urn:cts:greekLit:tlg0003.tlg001.fu:1.59.2.token.23	ἐπί	ἐπί
ἐφ’	urn:cts:greekLit:tlg0003.tlg001.fu:1.80.3.token.18	ἐπί	ἐπί
ἐφ’	urn:cts:greekLit:tlg0003.tlg001.fu:1.87.5.token.15	ἐπί	ἐπί
ἐφ’	urn:cts:greekLit:tlg0003.tlg001.fu:1.103.1.token.17	ἐπί	ἐπί
ἐφ’	urn:cts:greekLit:tlg0003.tlg001.fu:1.113.3.token.10	ἐπί	ἐπί
ἐφ’	urn:cts:greekLit:tlg0003.tlg001.fu:1.126.11.token.18	ἐπί	ἐπί
ἐφ’	urn:cts:greekLit:tlg0003.tlg001.fu:1.134.1.token.41	ἐπί	ἐπί
ἐφ’	urn:cts:greekLit:tlg0003.tlg001.fu:1.136.4.token.78	ἐπί	ἐπί
ἐφ’	urn:cts:greekLit:tlg0003.tlg001.fu:1.141.6.token.40	ἐπί	ἐπί
ἐφ’	urn:cts:greekLit:tlg0003.tlg001.fu:2.42.1.token.33	ἐπί	ἐπί
ἐφ’	urn:cts:greekLit:tlg0003.tlg001.fu:2.62.2.token.30	ἐπί	ἐπί
ἐφ’	urn:cts:greekLit:tlg0003.tlg001.fu:2.84.2.token.54	ἐπί	ἐπί
ἐφ’	urn:cts:greekLit:tlg0003.tlg001.fu:2.98.3.token.23	ἐπί	ἐπί
ἐφ’	urn:cts:greekLit:tlg0003.tlg001.fu:3.12.3.token.31	ἐπί	ἐπί
ἐφ’	urn:cts:greekLit:tlg0003.tlg001.fu:3.13.3.token.28	ἐπί	ἐπί
ἐφ’	urn:cts:greekLit:tlg0003.tlg001.fu:3.22.3.token.49	ἐπί	ἐπί
ἐφ’	urn:cts:greekLit:tlg0003.tlg001.fu:3.78.1.token.33	ἐπί	ἐπί
ἐφ’	urn:cts:greekLit:tlg0003.tlg001.fu:3.97.2.token.58	ἐπί	ἐπί
ἐφ’	urn:cts:greekLit:tlg0003.tlg001.fu:3.111.1.token.22	ἐπί	ἐπί
ἐφ’	urn:cts:greekLit:tlg0003.tlg001.fu:4.18.1.token.27	ἐπί	ἐπί
ἐφ’	urn:cts:greekLit:tlg0003.tlg001.fu:4.30.4.token.54	ἐπί	ἐπί
ἐφ’	urn:cts:greekLit:tlg0003.tlg001.fu:4.42.2.token.23	ἐπί	ἐπί
ἐφ’	urn:cts:greekLit:tlg0003.tlg001.fu:4.43.5.token.17	ἐπί	ἐπί
ἐφ’	urn:cts:greekLit:tlg0003.tlg001.fu:4.69.3.token.31	ἐπί	ἐπί
ἐφ’	urn:cts:greekLit:tlg0003.tlg001.fu:4.85.7.token.34	ἐπί	ἐπί
ἐφ’	urn:cts:greekLit:tlg0003.tlg001.fu:4.94.1.token.20	ἐπί	ἐπί
ἐφ’	urn:cts:greekLit:tlg0003.tlg001.fu:4.102.2.token.5	ἐπί	ἐπί
ἐφ’	urn:cts:greekLit:tlg0003.tlg001.fu:4.104.2.token.8	ἐπί	ἐπί
ἐφ’	urn:cts:greekLit:tlg0003.tlg001.fu:4.106.2.token.33	ἐπί	ἐπί
ἐφ’	urn:cts:greekLit:tlg0003.tlg001.fu:5.36.1.token.12	ἐπί	ἐπί
ἐφ’	urn:cts:greekLit:tlg0003.tlg001.fu:5.41.1.token.11	ἐπί	ἐπί
ἐφ’	urn:cts:greekLit:tlg0003.tlg001.fu:5.41.3.token.23	ἐπί	ἐπί
ἐφ’	urn:cts:greekLit:tlg0003.tlg001.fu:5.62.1.token.11	ἐπί	ἐπί
ἐφ’	urn:cts:greekLit:tlg0003.tlg001.fu:5.67.1.token.71	ἐπί	ἐπί
ἐφ’	urn:cts:greekLit:tlg0003.tlg001.fu:5.73.1.token.16	ἐπί	ἐπί
ἐφ’	urn:cts:greekLit:tlg0003.tlg001.fu:6.3.1.token.26	ἐπί	ἐπί
ἐφ’	urn:cts:greekLit:tlg0003.tlg001.fu:6.9.3.token.42	ἐπί	ἐπί
ἐφ’	urn:cts:greekLit:tlg0003.tlg001.fu:6.16.4.token.4	ἐπί	ἐπί
ἐφ’	urn:cts:greekLit:tlg0003.tlg001.fu:6.24.3.token.16	ἐπί	ἐπί
ἐφ’	urn:cts:greekLit:tlg0003.tlg001.fu:6.28.1.token.37	ἐπί	ἐπί
ἐφ’	urn:cts:greekLit:tlg0003.tlg001.fu:6.33.2.token.3	ἐπί	ἐπί
ἐφ’	urn:cts:greekLit:tlg0003.tlg001.fu:6.38.4.token.12	ἐπί	ἐπί
ἐφ’	urn:cts:greekLit:tlg0003.tlg001.fu:6.40.2.token.52	ἐπί	ἐπί
ἐφ’	urn:cts:greekLit:tlg0003.tlg001.fu:6.47.1.token.13	ἐπί	ἐπί
ἐφ’	urn:cts:greekLit:tlg0003.tlg001.fu:6.59.3.token.43	ἐπί	ἐπί
ἐφ’	urn:cts:greekLit:tlg0003.tlg001.fu:6.63.2.token.72	ἐπί	ἐπί
ἐφ’	urn:cts:greekLit:tlg0003.tlg001.fu:6.67.2.token.9	ἐπί	ἐπί
ἐφ’	urn:cts:greekLit:tlg0003.tlg001.fu:6.69.3.token.53	ἐπί	ἐπί
ἐφ’	urn:cts:greekLit:tlg0003.tlg001.fu:6.77.1.token.42	ἐπί	ἐπί
ἐφ’	urn:cts:greekLit:tlg0003.tlg001.fu:6.79.1.token.36	ἐπί	ἐπί
ἐφ’	urn:cts:greekLit:tlg0003.tlg001.fu:6.82.4.token.6	ἐπί	ἐπί
ἐφ’	urn:cts:greekLit:tlg0003.tlg001.fu:6.86.5.token.27	ἐπί	ἐπί
ἐφ’	urn:cts:greekLit:tlg0003.tlg001.fu:6.103.4.token.47	ἐπί	ἐπί
ἐφ’	urn:cts:greekLit:tlg0003.tlg001.fu:7.11.2.token.8	ἐπί	ἐπί
ἐφ’	urn:cts:greekLit:tlg0003.tlg001.fu:7.15.1.token.4	ἐπί	ἐπί
ἐφ’	urn:cts:greekLit:tlg0003.tlg001.fu:7.28.2.token.25	ἐπί	ἐπί
ἐφ’	urn:cts:greekLit:tlg0003.tlg001.fu:7.34.2.token.7	ἐπί	ἐπί
ἐφ’	urn:cts:greekLit:tlg0003.tlg001.fu:7.77.4.token.8	ἐπί	ἐπί
ἐφ’	urn:cts:greekLit:tlg0003.tlg001.fu:8.8.1.token.35	ἐπί	ἐπί
ἐφ’	urn:cts:greekLit:tlg0003.tlg001.fu:8.41.3.token.52	ἐπί	ἐπί
ἐφ’	urn:cts:greekLit:tlg0003.tlg001.fu:8.58.6.token.21	ἐπί	ἐπί
ἐφ’	urn:cts:greekLit:tlg0003.tlg001.fu:8.61.1.token.20	ἐπί	ἐπί
ἐφ’	urn:cts:greekLit:tlg0003.tlg001.fu:8.69.1.token.46	ἐπί	ἐπί
ἐφ’	urn:cts:greekLit:tlg0003.tlg001.fu:8.92.3.token.44	ἐπί	ἐπί
ἑαυτῶν’	urn:cts:greekLit:tlg0003.tlg001.fu:4.99.1.token.78		ἑαυτῶν’
ἔπειθ’	urn:cts:greekLit:tlg0003.tlg001.fu:3.24.2.token.16		ἔπειθ’
ἔπειτ’	urn:cts:greekLit:tlg0003.tlg001.fu:5.67.1.token.34	ἔπειτα	ἔπειτα
ἔπειτ’	urn:cts:greekLit:tlg0003.tlg001.fu:5.81.1.token.19	ἔπειτα	ἔπειτα
ἔπειτ’	urn:cts:greekLit:tlg0003.tlg001.fu:7.66.2.token.15	ἔπειτα	ἔπειτα
ἔπειτ’	urn:cts:greekLit:tlg0003.tlg001.fu:8.46.4.token.14	ἔπειτα	ἔπειτα
ἕπεσθ’	urn:cts:greekLit:tlg0003.tlg001.fu:2.11.9.token.23		ἕπεσθ’
ἡγούμεθ’	urn:cts:greekLit:tlg0003.tlg001.fu:5.108.1.token.12		ἡγούμεθ’
ἡμέτερ’	urn:cts:greekLit:tlg0003.tlg001.fu:1.82.1.token.41		ἡμέτερ’
ἥδ’	urn:cts:greekLit:tlg0003.tlg001.fu:6.16.3.token.31	ἥδε	ἥδε
ἥκιστ’	urn:cts:greekLit:tlg0003.tlg001.fu:3.24.1.token.25		ἥκιστ’
ἥκιστ’	urn:cts:greekLit:tlg0003.tlg001.fu:3.71.1.token.14		ἥκιστ’
ἥκιστ’	urn:cts:greekLit:tlg0003.tlg001.fu:5.36.1.token.103		ἥκιστ’
ἥκιστ’	urn:cts:greekLit:tlg0003.tlg001.fu:6.34.4.token.14		ἥκιστ’
ἥκιστ’	urn:cts:greekLit:tlg0003.tlg001.fu:6.66.1.token.36		ἥκιστ’
ἥκιστ’	urn:cts:greekLit:tlg0003.tlg001.fu:6.82.3.token.48		ἥκιστ’
ἵν’	urn:cts:greekLit:tlg0003.tlg001.fu:7.67.4.token.37	ἵνα	ἵνα
ὅτ’	urn:cts:greekLit:tlg0003.tlg001.fu:1.9.2.token.68		ὅτ’
ὅτ’	urn:cts:greekLit:tlg0003.tlg001.fu:5.49.2.token.20		ὅτ’
ὅτ’	urn:cts:greekLit:tlg0003.tlg001.fu:6.74.1.token.25		ὅτ’
ὅτ’	urn:cts:greekLit:tlg0003.tlg001.fu:7.15.2.token.9		ὅτ’
ὑπ’	urn:cts:greekLit:tlg0003.tlg001.fu:1.8.2.token.18	ὑπό	ὑπό
ὑπ’	urn:cts:greekLit:tlg0003.tlg001.fu:1.26.2.token.16	ὑπό	ὑπό
ὑπ’	urn:cts:greekLit:tlg0003.tlg001.fu:1.32.5.token.43	ὑπό	ὑπό
ὑπ’	urn:cts:greekLit:tlg0003.tlg001.fu:1.34.3.token.18	ὑπό	ὑπό
ὑπ’	urn:cts:greekLit:tlg0003.tlg001.fu:1.69.1.token.32	ὑπό	ὑπό
ὑπ’	urn:cts:greekLit:tlg0003.tlg001.fu:1.82.1.token.69	ὑπό	ὑπό
ὑπ’	urn:cts:greekLit:tlg0003.tlg001.fu:1.121.5.token.45	ὑπό	ὑπό
ὑπ’	urn:cts:greekLit:tlg0003.tlg001.fu:1.128.3.token.18	ὑπό	ὑπό
ὑπ’	urn:cts:greekLit:tlg0003.tlg001.fu:1.131.1.token.34	ὑπό	ὑπό
ὑπ’	urn:cts:greekLit:tlg0003.tlg001.fu:1.136.1.token.28	ὑπό	ὑπό
ὑπ’	urn:cts:greekLit:tlg0003.tlg001.fu:1.136.3.token.15	ὑπό	ὑπό
ὑπ’	urn:cts:greekLit:tlg0003.tlg001.fu:1.136.4.token.31	ὑπό	ὑπό
ὑπ’	urn:cts:greekLit:tlg0003.tlg001.fu:2.15.3.token.15	ὑπό	ὑπό
ὑπ’	urn:cts:greekLit:tlg0003.tlg001.fu:2.15.6.token.14	ὑπό	ὑπό
ὑπ’	urn:cts:greekLit:tlg0003.tlg001.fu:2.31.3.token.26	ὑπό	ὑπό
ὑπ’	urn:cts:greekLit:tlg0003.tlg001.fu:2.33.3.token.17	ὑπό	ὑπό
ὑπ’	urn:cts:greekLit:tlg0003.tlg001.fu:2.41.3.token.28	ὑπό	ὑπό
ὑπ’	urn:cts:greekLit:tlg0003.tlg001.fu:2.48.2.token.22	ὑπό	ὑπό
ὑπ’	urn:cts:greekLit:tlg0003.tlg001.fu:2.51.6.token.61	ὑπό	ὑπό
ὑπ’	urn:cts:greekLit:tlg0003.tlg001.fu:2.65.8.token.29	ὑπό	ὑπό
ὑπ’	urn:cts:greekLit:tlg0003.tlg001.fu:2.72.1.token.48	ὑπό	ὑπό
ὑπ’	urn:cts:greekLit:tlg0003.tlg001.fu:2.77.4.token.22	ὑπό	ὑπό
ὑπ’	urn:cts:greekLit:tlg0003.tlg001.fu:2.79.2.token.48	ὑπό	ὑπό
ὑπ’	urn:cts:greekLit:tlg0003.tlg001.fu:2.84.3.token.14	ὑπό	ὑπό
ὑπ’	urn:cts:greekLit:tlg0003.tlg001.fu:2.85.1.token.25	ὑπό	ὑπό
ὑπ’	urn:cts:greekLit:tlg0003.tlg001.fu:2.85.6.token.22	ὑπό	ὑπό
ὑπ’	urn:cts:greekLit:tlg0003.tlg001.fu:2.89.7.token.7	ὑπό	ὑπό
ὑπ’	urn:cts:greekLit:tlg0003.tlg001.fu:2.101.4.token.13	ὑπό	ὑπό
ὑπ’	urn:cts:greekLit:tlg0003.tlg001.fu:3.9.3.token.11	ὑπό	ὑπό
ὑπ’	urn:cts:greekLit:tlg0003.tlg001.fu:3.13.1.token.90	ὑπό	ὑπό
ὑπ’	urn:cts:greekLit:tlg0003.tlg001.fu:3.37.2.token.25	ὑπό	ὑπό
ὑπ’	urn:cts:greekLit:tlg0003.tlg001.fu:3.45.4.token.44	ὑπό	ὑπό
ὑπ’	urn:cts:greekLit:tlg0003.tlg001.fu:3.63.2.token.40	ὑπό	ὑπό
ὑπ’	urn:cts:greekLit:tlg0003.tlg001.fu:3.68.1.token.23	ὑπό	ὑπό
ὑπ’	urn:cts:greekLit:tlg0003.tlg001.fu:3.68.1.token.71	ὑπό	ὑπό
ὑπ’	urn:cts:greekLit:tlg0003.tlg001.fu:3.71.1.token.17	ὑπό	ὑπό
ὑπ’	urn:cts:greekLit:tlg0003.tlg001.fu:3.82.8.token.129	ὑπό	ὑπό
ὑπ’	urn:cts:greekLit:tlg0003.tlg001.fu:4.8.6.token.50	ὑπό	ὑπό
ὑπ’	urn:cts:greekLit:tlg0003.tlg001.fu:4.23.2.token.5	ὑπό	ὑπό
ὑπ’	urn:cts:greekLit:tlg0003.tlg001.fu:4.25.7.token.10	ὑπό	ὑπό
ὑπ’	urn:cts:greekLit:tlg0003.tlg001.fu:4.47.2.token.30	ὑπό	ὑπό
ὑπ’	urn:cts:greekLit:tlg0003.tlg001.fu:4.60.1.token.30	ὑπό	ὑπό
ὑπ’	urn:cts:greekLit:tlg0003.tlg001.fu:4.74.4.token.6	ὑπό	ὑπό
ὑπ’	urn:cts:greekLit:tlg0003.tlg001.fu:4.114.5.token.32	ὑπό	ὑπό
ὑπ’	urn:cts:greekLit:tlg0003.tlg001.fu:4.129.4.token.31	ὑπό	ὑπό
ὑπ’	urn:cts:greekLit:tlg0003.tlg001.fu:4.130.4.token.26	ὑπό	ὑπό
ὑπ’	urn:cts:greekLit:tlg0003.tlg001.fu:5.2.3.token.6	ὑπό	ὑπό
ὑπ’	urn:cts:greekLit:tlg0003.tlg001.fu:5.3.4.token.69	ὑπό	ὑπό
ὑπ’	urn:cts:greekLit:tlg0003.tlg001.fu:5.16.1.token.162	ὑπό	ὑπό
ὑπ’	urn:cts:greekLit:tlg0003.tlg001.fu:5.23.2.token.44	ὑπό	ὑπό
ὑπ’	urn:cts:greekLit:tlg0003.tlg001.fu:5.63.2.token.16	ὑπό	ὑπό
ὑπ’	urn:cts:greekLit:tlg0003.tlg001.fu:5.66.3.token.4	ὑπό	ὑπό
ὑπ’	urn:cts:greekLit:tlg0003.tlg001.fu:6.79.1.token.47	ὑπό	ὑπό
ὑπ’	urn:cts:greekLit:tlg0003.tlg001.fu:6.86.4.token.29	ὑπό	ὑπό
ὑπ’	urn:cts:greekLit:tlg0003.tlg001.fu:6.87.2.token.20	ὑπό	ὑπό
ὑπ’	urn:cts:greekLit:tlg0003.tlg001.fu:6.89.3.token.5	ὑπό	ὑπό
ὑπ’	urn:cts:greekLit:tlg0003.tlg001.fu:6.104.2.token.32	ὑπό	ὑπό
ὑπ’	urn:cts:greekLit:tlg0003.tlg001.fu:7.6.4.token.19	ὑπό	ὑπό
ὑπ’	urn:cts:greekLit:tlg0003.tlg001.fu:7.43.6.token.34	ὑπό	ὑπό
ὑπ’	urn:cts:greekLit:tlg0003.tlg001.fu:7.48.4.token.45	ὑπό	ὑπό
ὑπ’	urn:cts:greekLit:tlg0003.tlg001.fu:7.57.8.token.12	ὑπό	ὑπό
ὑπ’	urn:cts:greekLit:tlg0003.tlg001.fu:7.81.4.token.39	ὑπό	ὑπό
ὑπ’	urn:cts:greekLit:tlg0003.tlg001.fu:8.56.2.token.24	ὑπό	ὑπό
ὑπ’	urn:cts:greekLit:tlg0003.tlg001.fu:8.68.3.token.38	ὑπό	ὑπό
ὑπ’	urn:cts:greekLit:tlg0003.tlg001.fu:8.73.1.token.16	ὑπό	ὑπό
ὑπ’	urn:cts:greekLit:tlg0003.tlg001.fu:8.76.5.token.41	ὑπό	ὑπό
ὑπ’	urn:cts:greekLit:tlg0003.tlg001.fu:8.83.2.token.31	ὑπό	ὑπό
ὑπ’	urn:cts:greekLit:tlg0003.tlg001.fu:8.92.2.token.25	ὑπό	ὑπό
ὑπ’	urn:cts:greekLit:tlg0003.tlg001.fu:8.95.6.token.17	ὑπό	ὑπό
ὑπ’	urn:cts:greekLit:tlg0003.tlg001.fu:8.108.4.token.46	ὑπό	ὑπό
ὑφ’	urn:cts:greekLit:tlg0003.tlg001.fu:1.20.2.token.7		ὑφ’
ὑφ’	urn:cts:greekLit:tlg0003.tlg001.fu:1.136.4.token.75		ὑφ’
ὑφ’	urn:cts:greekLit:tlg0003.tlg001.fu:1.142.7.token.28		ὑφ’
ὑφ’	urn:cts:greekLit:tlg0003.tlg001.fu:2.39.3.token.44		ὑφ’
ὑφ’	urn:cts:greekLit:tlg0003.tlg001.fu:2.41.3.token.19		ὑφ’
ὑφ’	urn:cts:greekLit:tlg0003.tlg001.fu:3.39.5.token.10		ὑφ’
ὑφ’	urn:cts:greekLit:tlg0003.tlg001.fu:3.61.2.token.38		ὑφ’
ὑφ’	urn:cts:greekLit:tlg0003.tlg001.fu:3.62.5.token.27		ὑφ’
ὑφ’	urn:cts:greekLit:tlg0003.tlg001.fu:3.67.5.token.20		ὑφ’
ὑφ’	urn:cts:greekLit:tlg0003.tlg001.fu:4.10.3.token.42		ὑφ’
ὑφ’	urn:cts:greekLit:tlg0003.tlg001.fu:4.64.2.token.9		ὑφ’
ὑφ’	urn:cts:greekLit:tlg0003.tlg001.fu:4.87.3.token.47		ὑφ’
ὑφ’	urn:cts:greekLit:tlg0003.tlg001.fu:5.48.1.token.21		ὑφ’
ὑφ’	urn:cts:greekLit:tlg0003.tlg001.fu:6.10.5.token.57		ὑφ’
ὑφ’	urn:cts:greekLit:tlg0003.tlg001.fu:6.18.3.token.32		ὑφ’
ὑφ’	urn:cts:greekLit:tlg0003.tlg001.fu:6.53.3.token.18		ὑφ’
ὑφ’	urn:cts:greekLit:tlg0003.tlg001.fu:6.92.5.token.23		ὑφ’
ὑφ’	urn:cts:greekLit:tlg0003.tlg001.fu:7.11.2.token.43		ὑφ’
ὑφ’	urn:cts:greekLit:tlg0003.tlg001.fu:7.23.3.token.35		ὑφ’
ὑφ’	urn:cts:greekLit:tlg0003.tlg001.fu:8.48.4.token.106		ὑφ’
ὑφ’	urn:cts:greekLit:tlg0003.tlg001.fu:8.50.1.token.24		ὑφ’
ὠφελούμεθ’	urn:cts:greekLit:tlg0003.tlg001.fu:3.53.4.token.22		ὠφελούμεθ’
ὥστ’	urn:cts:greekLit:tlg0003.tlg001.fu:1.41.1.token.31	ὥστε	ὥστε
ὥστ’	urn:cts:greekLit:tlg0003.tlg001.fu:2.60.7.token.1	ὥστε	ὥστε
ὥστ’	urn:cts:greekLit:tlg0003.tlg001.fu:2.101.5.token.49	ὥστε	ὥστε
ὥστ’	urn:cts:greekLit:tlg0003.tlg001.fu:3.23.5.token.9	ὥστε	ὥστε
ὥστ’	urn:cts:greekLit:tlg0003.tlg001.fu:3.92.4.token.42	ὥστε	ὥστε
ὥστ’	urn:cts:greekLit:tlg0003.tlg001.fu:4.46.3.token.20	ὥστε	ὥστε
ὥστ’	urn:cts:greekLit:tlg0003.tlg001.fu:5.14.4.token.31	ὥστε	ὥστε
ὥστ’	urn:cts:greekLit:tlg0003.tlg001.fu:6.34.6.token.1	ὥστε	ὥστε
ὥστ’	urn:cts:greekLit:tlg0003.tlg001.fu:7.44.3.token.35	ὥστε	ὥστε
ὥστ’	urn:cts:greekLit:tlg0003.tlg001.fu:7.44.5.token.17	ὥστε	ὥστε
ὥστ’	urn:cts:greekLit:tlg0003.tlg001.fu:7.77.5.token.4	ὥστε	ὥστε
ὥστ’	urn:cts:greekLit:tlg0003.tlg001.fu:8.45.1.token.42	ὥστε	ὥστε
ὧδ’	urn:cts:greekLit:tlg0003.tlg001.fu:3.53.3.token.21		ὧδ’
’	urn:cts:greekLit:tlg0003.tlg001.fu:1.87.2.token.55		’
’	urn:cts:greekLit:tlg0003.tlg001.fu:1.139.3.token.46		’
’	urn:cts:greekLit:tlg0003.tlg001.fu:2.17.1.token.84		’
’	urn:cts:greekLit:tlg0003.tlg001.fu:3.104.5.token.98		’
’	urn:cts:greekLit:tlg0003.tlg001.fu:5.30.3.token.39		’
’θελῆσαι	urn:cts:greekLit:tlg0003.tlg001.fu:5.72.1.token.20		’θελῆσαι
’θέλοιεν	urn:cts:greekLit:tlg0003.tlg001.fu:2.51.5.token.4		’θέλοιεν
’θέλοντας	urn:cts:greekLit:tlg0003.tlg001.fu:6.91.4.token.60		’θέλοντας
’θέλωσι	urn:cts:greekLit:tlg0003.tlg001.fu:5.35.3.token.37		’θέλωσι
〈δ’〉	urn:cts:greekLit:tlg0003.tlg001.fu:4.118.12.token.2		〈δ’〉
