’	'	ἒ	e)\	x--------
’’	''	ἀεί	a)ei/	d--------
’’	''	εἰμί	ei)mi/	v1siia---
Δημοσθένει	*dhmosqe/nei	Δημοσθένης	*dhmosqe/nhs	n-d---mn-
Δημοσθένει	*dhmosqe/nei	Δημοσθένης	*dhmosqe/nhs	n-d---mv-
Δημοσθένει	*dhmosqe/nei	Δημοσθένης	*dhmosqe/nhs	n-d---ma-
Δημοσθένει	*dhmosqe/nei	Δημοσθένης	*dhmosqe/nhs	n-s---md-
Δημοσθένει	*dhmosqe/nei	Δημοσθένης	*dhmosqe/nhs	n-s---md-
Δημοσθένη	*dhmosqe/nh	Δημοσθένης	*dhmosqe/nhs	n-d---mn-
Δημοσθένη	*dhmosqe/nh	Δημοσθένης	*dhmosqe/nhs	n-d---mv-
Δημοσθένη	*dhmosqe/nh	Δημοσθένης	*dhmosqe/nhs	n-d---ma-
Δημοσθένη	*dhmosqe/nh	Δημοσθένης	*dhmosqe/nhs	n-s---ma-
Δημοσθένης	*dhmosqe/nhs	Δημοσθένης	*dhmosqe/nhs	n-p---ma-
Δημοσθένης	*dhmosqe/nhs	Δημοσθένης	*dhmosqe/nhs	n-p---mn-
Δημοσθένης	*dhmosqe/nhs	Δημοσθένης	*dhmosqe/nhs	n-p---mv-
Δημοσθένης	*dhmosqe/nhs	Δημοσθένης	*dhmosqe/nhs	n-s---mn-
Δημοσθένους	*dhmosqe/nous	Δημοσθένης	*dhmosqe/nhs	n-s---mg-
Διός	*dio/s	Ζεύς	*zeu/s	n-s---mg-
Δία	*di/a	Δίη	*di/h	n-s---fn-
Δία	*di/a	Δίη	*di/h	n-s---fv-
Δία	*di/a	Δίον	*di/on	n-p---nn-
Δία	*di/a	Δίον	*di/on	n-p---nv-
Δία	*di/a	Δίον	*di/on	n-p---na-
Δία	*di/a	Ζεύς	*zeu/s	n-s---ma-
Δία	*di/a	δῖος	di=os	a-d---fn-
Δία	*di/a	δῖος	di=os	a-d---fv-
Δία	*di/a	δῖος	di=os	a-d---fa-
Δία	*di/a	δῖος	di=os	a-s---fn-
Δία	*di/a	δῖος	di=os	a-s---fv-
Εὐριπίδην	*eu)ripi/dhn	Εὐριπίδης	*eu)ripi/dhs	n-s---ma-
Εὐριπίδην	*eu)ripi/dhn	εὐριπίδης	eu)ripi/dhs	n-s---ma-
Εὐριπίδης	*eu)ripi/dhs	Εὐριπίδης	*eu)ripi/dhs	n-s---mn-
Εὐριπίδης	*eu)ripi/dhs	εὐριπίδης	eu)ripi/dhs	n-s---mn-
Εὐριπίδου	*eu)ripi/dou	Εὐριπίδης	*eu)ripi/dhs	n-s---mg-
Εὐριπίδου	*eu)ripi/dou	εὐριπίδης	eu)ripi/dhs	n-s---mg-
Εὐριπίδῃ	*eu)ripi/dh|	Εὐριπίδης	*eu)ripi/dhs	n-s---md-
Εὐριπίδῃ	*eu)ripi/dh|	εὐριπίδης	eu)ripi/dhs	n-s---md-
Εὖ	*eu)=	εὖ	eu)=	d--------
Ζεύς	*zeu/s	Ζεύς	*zeu/s	n-s---mn-
Ζεῦ	*zeu=	Ζεύς	*zeu/s	n-s---mv-
Ζεῦ	*zeu=	ζέω	ze/w	v2spme---
Ζεῦ	*zeu=	ζέω	ze/w	v2siie---
Κατά	*kata/	κατά	kata/	r--------
Λακεδαιμονίων	*lakedaimoni/wn	Λακεδαιμόνιος	*lakedaimo/nios	a-p---fg-
Λακεδαιμονίων	*lakedaimoni/wn	Λακεδαιμόνιος	*lakedaimo/nios	a-p---mg-
Λακεδαιμονίων	*lakedaimoni/wn	Λακεδαιμόνιος	*lakedaimo/nios	a-p---ng-
Μανθάνεις	*manqa/neis	μανθάνω	manqa/nw	v2spia---
Πάνυ	*pa/nu	πάνυ	pa/nu	d--------
Σωκράτει	*swkra/tei	Σωκράτης	*swkra/ths	n-d---mn-
Σωκράτει	*swkra/tei	Σωκράτης	*swkra/ths	n-d---mv-
Σωκράτει	*swkra/tei	Σωκράτης	*swkra/ths	n-d---ma-
Σωκράτει	*swkra/tei	Σωκράτης	*swkra/ths	n-s---md-
Σωκράτει	*swkra/tei	Σωκράτης	*swkra/ths	n-s---md-
Σωκράτει	*swkra/tei	Σωκρατέω	*swkrate/w	v3siia---
Σωκράτει	*swkra/tei	Σωκρατέω	*swkrate/w	v2spma---
Σωκράτει	*swkra/tei	σωκρατέω	swkrate/w	v2spma---
Σωκράτει	*swkra/tei	σωκρατέω	swkrate/w	v3siia---
Σωκράτη	*swkra/th	Σωκράτης	*swkra/ths	n-d---mn-
Σωκράτη	*swkra/th	Σωκράτης	*swkra/ths	n-d---mv-
Σωκράτη	*swkra/th	Σωκράτης	*swkra/ths	n-d---ma-
Σωκράτη	*swkra/th	Σωκράτης	*swkra/ths	n-s---ma-
Σωκράτη	*swkra/th	Σωκράτης	*swkra/ths	n-s---mv-
Σωκράτη	*swkra/th	Σωκρατέω	*swkrate/w	v3siia---
Σωκράτη	*swkra/th	Σωκρατέω	*swkrate/w	v2spma---
Σωκράτη	*swkra/th	σωκρατέω	swkrate/w	v2spma---
Σωκράτη	*swkra/th	σωκρατέω	swkrate/w	v3siia---
Σωκράτης	*swkra/ths	Σωκράτης	*swkra/ths	n-p---ma-
Σωκράτης	*swkra/ths	Σωκράτης	*swkra/ths	n-p---mn-
Σωκράτης	*swkra/ths	Σωκράτης	*swkra/ths	n-p---mv-
Σωκράτης	*swkra/ths	Σωκράτης	*swkra/ths	n-s---mn-
Σωκράτης	*swkra/ths	Σωκράτης	*swkra/ths	n-s---mn-
Σωκράτης	*swkra/ths	Σωκρατέω	*swkrate/w	v2siia---
Σωκράτης	*swkra/ths	σωκρατέω	swkrate/w	v2siia---
Σωκράτους	*swkra/tous	Σωκράτης	*swkra/ths	n-s---mg-
Σώκρατες	*sw/krates	Σωκράτης	*swkra/ths	n-s---mv-
αἰγῶν	ai)gw=n	αἴξ	ai)/c	n-p---mg-
αἰγῶν	ai)gw=n	αἴξ	ai)/c	n-p---fg-
αἰξί	ai)ci/	αἴξ	ai)/c	n-p---md-
αἰξί	ai)ci/	αἴξ	ai)/c	n-p---fd-
αἰσθανόμενοι	ai)sqano/menoi	αἰσθάνομαι	ai)sqa/nomai	v-pppmmn-
αἰσθανόμενοι	ai)sqano/menoi	αἰσθάνομαι	ai)sqa/nomai	v-pppmmv-
αἰσχροί	ai)sxroi/	αἰσχρός	ai)sxro/s	a-p---mn-
αἰσχροί	ai)sxroi/	αἰσχρός	ai)sxro/s	a-p---mv-
αἰσχροί	ai)sxroi/	αἰσχρός	ai)sxro/s	n-p---mn-
αἰσχροί	ai)sxroi/	αἰσχρός	ai)sxro/s	n-p---mv-
αἰσχροί	ai)sxroi/	αἰσχρός	ai)sxro/s	n-p---fn-
αἰσχροί	ai)sxroi/	αἰσχρός	ai)sxro/s	n-p---fv-
αἰσχροῦ	ai)sxrou=	αἰσχρός	ai)sxro/s	a-s---mg-
αἰσχροῦ	ai)sxrou=	αἰσχρός	ai)sxro/s	a-s---ng-
αἰσχροῦ	ai)sxrou=	αἰσχρός	ai)sxro/s	n-s---mg-
αἰσχροῦ	ai)sxrou=	αἰσχρός	ai)sxro/s	n-s---fg-
αἰσχροῦ	ai)sxrou=	αἰσχρός	ai)sxro/s	n-s---ng-
αἰσχρά	ai)sxra/	αἰσχρός	ai)sxro/s	a-p---nn-
αἰσχρά	ai)sxra/	αἰσχρός	ai)sxro/s	a-p---nv-
αἰσχρά	ai)sxra/	αἰσχρός	ai)sxro/s	a-p---na-
αἰσχρά	ai)sxra/	αἰσχρός	ai)sxro/s	a-d---fn-
αἰσχρά	ai)sxra/	αἰσχρός	ai)sxro/s	a-d---fv-
αἰσχρά	ai)sxra/	αἰσχρός	ai)sxro/s	a-d---fa-
αἰσχρά	ai)sxra/	αἰσχρός	ai)sxro/s	a-s---fn-
αἰσχρά	ai)sxra/	αἰσχρός	ai)sxro/s	a-s---fv-
αἰσχρά	ai)sxra/	αἰσχρός	ai)sxro/s	n-p---nn-
αἰσχρά	ai)sxra/	αἰσχρός	ai)sxro/s	n-p---nv-
αἰσχρά	ai)sxra/	αἰσχρός	ai)sxro/s	n-p---na-
αἰσχράν	ai)sxra/n	αἰσχρός	ai)sxro/s	a-s---fa-
αἰσχρέ	ai)sxre/	αἰσχρός	ai)sxro/s	a-s---mv-
αἰσχρέ	ai)sxre/	αἰσχρός	ai)sxro/s	n-s---mv-
αἰσχρέ	ai)sxre/	αἰσχρός	ai)sxro/s	n-s---fv-
αἰσχρόν	ai)sxro/n	αἰσχρός	ai)sxro/s	a-s---ma-
αἰσχρόν	ai)sxro/n	αἰσχρός	ai)sxro/s	a-s---nn-
αἰσχρόν	ai)sxro/n	αἰσχρός	ai)sxro/s	a-s---nv-
αἰσχρόν	ai)sxro/n	αἰσχρός	ai)sxro/s	a-s---na-
αἰσχρόν	ai)sxro/n	αἰσχρός	ai)sxro/s	n-s---ma-
αἰσχρόν	ai)sxro/n	αἰσχρός	ai)sxro/s	n-s---fa-
αἰσχρόν	ai)sxro/n	αἰσχρός	ai)sxro/s	n-s---nn-
αἰσχρόν	ai)sxro/n	αἰσχρός	ai)sxro/s	n-s---nv-
αἰσχρόν	ai)sxro/n	αἰσχρός	ai)sxro/s	n-s---na-
αἰσχρός	ai)sxro/s	αἰσχρός	ai)sxro/s	a-s---mn-
αἰσχρός	ai)sxro/s	αἰσχρός	ai)sxro/s	n-s---mn-
αἰσχρός	ai)sxro/s	αἰσχρός	ai)sxro/s	n-s---fn-
αἰσχρῶν	ai)sxrw=n	αἰσχρός	ai)sxro/s	a-p---fg-
αἰσχρῶν	ai)sxrw=n	αἰσχρός	ai)sxro/s	a-p---mg-
αἰσχρῶν	ai)sxrw=n	αἰσχρός	ai)sxro/s	a-p---ng-
αἰσχρῶν	ai)sxrw=n	αἰσχρός	ai)sxro/s	n-p---mg-
αἰσχρῶν	ai)sxrw=n	αἰσχρός	ai)sxro/s	n-p---fg-
αἰσχρῶν	ai)sxrw=n	αἰσχρός	ai)sxro/s	n-p---ng-
αἰσχρῶς	ai)sxrw=s	αἰσχρός	ai)sxro/s	x--------
αἰσχρῶς	ai)sxrw=s	αἰσχρός	ai)sxro/s	x--------
αἰσχυνώμεθα	ai)sxunw/meqa	αἰσχύνω	ai)sxu/nw	v1pasm---
αἰσχυνώμεθα	ai)sxunw/meqa	αἰσχύνω	ai)sxu/nw	v1ppse---
αἰσχίονες	ai)sxi/ones	αἰσχρός	ai)sxro/s	a-p---mn-
αἰσχίονες	ai)sxi/ones	αἰσχρός	ai)sxro/s	a-p---mv-
αἰσχίονες	ai)sxi/ones	αἰσχρός	ai)sxro/s	a-p---fn-
αἰσχίονες	ai)sxi/ones	αἰσχρός	ai)sxro/s	a-p---fv-
αἰσχίους	ai)sxi/ous	αἰσχρός	ai)sxro/s	a-p---mn-
αἰσχίους	ai)sxi/ous	αἰσχρός	ai)sxro/s	a-p---ma-
αἰσχίους	ai)sxi/ous	αἰσχρός	ai)sxro/s	a-p---fn-
αἰσχίους	ai)sxi/ous	αἰσχρός	ai)sxro/s	a-p---fa-
αἰσχίους	ai)sxi/ous	αἰσχρός	ai)sxro/s	a-p---ma-
αἰσχίους	ai)sxi/ous	αἰσχρός	ai)sxro/s	a-p---fa-
αἰτίαν	ai)ti/an	αἴτιος	ai)/tios	a-s---fa-
αἰτίαν	ai)ti/an	αἰτία	ai)ti/a	n-s---fa-
αἰτίων	ai)ti/wn	αἴτιος	ai)/tios	a-p---fg-
αἰτίων	ai)ti/wn	αἴτιος	ai)/tios	a-p---mg-
αἰτίων	ai)ti/wn	αἴτιος	ai)/tios	a-p---ng-
αἰτίων	ai)ti/wn	αἴτιος	ai)/tios	n-p---mg-
αἰτίων	ai)ti/wn	αἴτιος	ai)/tios	n-p---fg-
αἰτίων	ai)ti/wn	αἴτιος	ai)/tios	n-p---ng-
αἰτίων	ai)ti/wn	αἰτέω	ai)te/w	v-sppamn-
αἱ	ai(	ὁ	o(	l-p---fn-
αἱ	ai(	ὁ	o(	l-p---fv-
αἱρεῖσθαι	ai(rei=sqai	αἱρέω	ai(re/w	v--pne---
αἱροῦνται	ai(rou=ntai	αἱρέω	ai(re/w	v3ppie---
αἴσχισθ’	ai)/sxisq'	αἰσχρός	ai)sxro/s	a-p---nn-
αἴσχισθ’	ai)/sxisq'	αἰσχρός	ai)sxro/s	a-p---nv-
αἴσχισθ’	ai)/sxisq'	αἰσχρός	ai)sxro/s	a-p---na-
αἴσχισθ’	ai)/sxisq'	αἰσχρός	ai)sxro/s	a-s---mv-
αἴσχισθ’	ai)/sxisq'	αἰσχρός	ai)sxro/s	a-p---fn-
αἴσχισθ’	ai)/sxisq'	αἰσχρός	ai)sxro/s	a-p---fv-
αἴσχιστα	ai)/sxista	αἰσχρός	ai)sxro/s	a-p---nn-
αἴσχιστα	ai)/sxista	αἰσχρός	ai)sxro/s	a-p---nv-
αἴσχιστα	ai)/sxista	αἰσχρός	ai)sxro/s	a-p---na-
αἴσχιστε	ai)/sxiste	αἰσχρός	ai)sxro/s	a-s---mv-
αἴτιος	ai)/tios	αἴτιος	ai)/tios	a-s---mn-
αἴτιος	ai)/tios	αἴτιος	ai)/tios	n-s---mn-
αἴτιος	ai)/tios	αἴτιος	ai)/tios	n-s---fn-
αἴτιός	ai)/tio/s	αἴτιος	ai)/tios	a-s---mn-
αἴτιός	ai)/tio/s	αἴτιος	ai)/tios	n-s---mn-
αἴτιός	ai)/tio/s	αἴτιος	ai)/tios	n-s---fn-
αἶγα	ai)=ga	αἴξ	ai)/c	n-s---ma-
αἶγα	ai)=ga	αἴξ	ai)/c	n-s---fa-
αἶγας	ai)=gas	αἴξ	ai)/c	n-p---ma-
αἶγας	ai)=gas	αἴξ	ai)/c	n-p---fa-
αἶγες	ai)=ges	αἴξ	ai)/c	n-p---mn-
αἶγες	ai)=ges	αἴξ	ai)/c	n-p---mv-
αἶγες	ai)=ges	αἴξ	ai)/c	n-p---fn-
αἶγες	ai)=ges	αἴξ	ai)/c	n-p---fv-
αἶγάς	ai)=ga/s	αἴξ	ai)/c	n-p---ma-
αἶγάς	ai)=ga/s	αἴξ	ai)/c	n-p---fa-
αἷς	ai(=s	ὅς	o(/s	p-p---fd-
αὐταί	au)tai/	αὐτός	au)to/s	n-p---fn-
αὐταί	au)tai/	αὐτός	au)to/s	n-p---fv-
αὐτοί	au)toi/	αὐτός	au)to/s	n-p---mn-
αὐτοί	au)toi/	αὐτός	au)to/s	n-p---mv-
αὐτούς	au)tou/s	αὐτός	au)to/s	n-p---ma-
αὐτοῖς	au)toi=s	αὐτός	au)to/s	n-p---nd-
αὐτοῖς	au)toi=s	αὐτός	au)to/s	n-p---md-
αὐτοῦ	au)tou=	αὐτός	au)to/s	n-s---ng-
αὐτοῦ	au)tou=	αὐτός	au)to/s	n-s---mg-
αὐτοῦ	au)tou=	αὐτοῦ	au)tou=	d--------
αὐτά	au)ta/	αὐτός	au)to/s	n-p---nn-
αὐτά	au)ta/	αὐτός	au)to/s	n-p---nv-
αὐτά	au)ta/	αὐτός	au)to/s	n-p---na-
αὐτά	au)ta/	αὐτός	au)to/s	n-d---fn-
αὐτά	au)ta/	αὐτός	au)to/s	n-d---fv-
αὐτά	au)ta/	αὐτός	au)to/s	n-d---fa-
αὐτά	au)ta/	αὐτός	au)to/s	n-s---fn-
αὐτά	au)ta/	αὐτός	au)to/s	n-s---fv-
αὐτή	au)th/	αὐτός	au)to/s	n-s---fn-
αὐτή	au)th/	αὐτός	au)to/s	n-s---fv-
αὐτήν	au)th/n	αὐτός	au)to/s	n-s---fa-
αὐτίκα	au)ti/ka	αὐτίκα	au)ti/ka	d--------
αὐτόν	au)to/n	αὐτός	au)to/s	n-s---ma-
αὐτός	au)to/s	αὐτός	au)to/s	n-s---mn-
αὐτῆς	au)th=s	αὐτός	au)to/s	n-s---fg-
αὐτῶν	au)tw=n	αὐτός	au)to/s	n-p---ng-
αὐτῶν	au)tw=n	αὐτός	au)to/s	n-p---fg-
αὐτῶν	au)tw=n	αὐτός	au)to/s	n-p---mg-
αὐτῷ	au)tw=|	αὐτός	au)to/s	n-s---nd-
αὐτῷ	au)tw=|	αὐτός	au)to/s	n-s---md-
αὑτοῦ	au(tou=	ἑαυτοῦ	e(autou=	n-s---ng-
αὑτοῦ	au(tou=	ἑαυτοῦ	e(autou=	n-s---mg-
αὑτόν	au(to/n	ἑαυτοῦ	e(autou=	n-s---ma-
αὑτῶν	au(tw=n	ἑαυτοῦ	e(autou=	n-p---ng-
αὑτῶν	au(tw=n	ἑαυτοῦ	e(autou=	n-p---fg-
αὑτῶν	au(tw=n	ἑαυτοῦ	e(autou=	n-p---mg-
αὕτη	au(/th	οὗτος	ou(=tos	n-s---fn-
αὕτη	au(/th	οὗτος	ou(=tos	n-s---fv-
βαλεῖν	balei=n	βάλλω	ba/llw	v--ana---
βαλεῖν	balei=n	βάλλω	ba/llw	v--fna---
βαλόντων	balo/ntwn	βάλλω	ba/llw	v-papamg-
βαλόντων	balo/ntwn	βάλλω	ba/llw	v-papang-
βαλόντων	balo/ntwn	βάλλω	ba/llw	v3pama---
βαρβάροις	barba/rois	βάρβαρος	ba/rbaros	n-p---md-
βαρβάροις	barba/rois	βάρβαρος	ba/rbaros	n-p---fd-
βαρβάροις	barba/rois	βάρβαρος	ba/rbaros	n-p---nd-
βαρβάρου	barba/rou	βάρβαρος	ba/rbaros	n-s---mg-
βαρβάρου	barba/rou	βάρβαρος	ba/rbaros	n-s---fg-
βαρβάρου	barba/rou	βάρβαρος	ba/rbaros	n-s---ng-
βαρβάρου	barba/rou	βαρβαρόομαι	barbaro/omai	v2spma---
βαρβάρου	barba/rou	βαρβαρόομαι	barbaro/omai	v3siia---
βαρβάρου	barba/rou	βαρβαρόω	barbaro/w	v2spma---
βαρβάρου	barba/rou	βαρβαρόω	barbaro/w	v3siia---
βαρβάρους	barba/rous	βάρβαρος	ba/rbaros	n-p---ma-
βαρβάρους	barba/rous	βάρβαρος	ba/rbaros	n-p---fa-
βαρβάρους	barba/rous	βαρβαρόομαι	barbaro/omai	v2siia---
βαρβάρους	barba/rous	βαρβαρόω	barbaro/w	v2siia---
βαρβάρων	barba/rwn	βάρβαρος	ba/rbaros	n-p---mg-
βαρβάρων	barba/rwn	βάρβαρος	ba/rbaros	n-p---fg-
βαρβάρων	barba/rwn	βάρβαρος	ba/rbaros	n-p---ng-
βαρβάρων	barba/rwn	βαρβαρόομαι	barbaro/omai	v3piia---
βαρβάρων	barba/rwn	βαρβαρόομαι	barbaro/omai	v1siia---
βαρβάρων	barba/rwn	βαρβαρόω	barbaro/w	v3piia---
βαρβάρων	barba/rwn	βαρβαρόω	barbaro/w	v1siia---
βαρεῖς	barei=s	βαρέω	bare/w	v2spia---
βαρεῖς	barei=s	βαρύς	baru/s	a-p---mn-
βαρυτέροις	barute/rois	βαρύς	baru/s	a-p---md-
βαρυτέροις	barute/rois	βαρύς	baru/s	a-p---nd-
βαρέα	bare/a	βαρύς	baru/s	a-p---nn-
βαρέα	bare/a	βαρύς	baru/s	a-p---nv-
βαρέα	bare/a	βαρύς	baru/s	a-p---na-
βαρέα	bare/a	βαρύς	baru/s	a-d---fn-
βαρέα	bare/a	βαρύς	baru/s	a-d---fv-
βαρέα	bare/a	βαρύς	baru/s	a-d---fa-
βαρέα	bare/a	βαρύς	baru/s	a-s---fn-
βαρέα	bare/a	βαρύς	baru/s	a-s---fv-
βασιλεύς	basileu/s	βασιλεύς	basileu/s	n-s---mn-
βασιλεύς·	basileu/s:	βασιλεύς	basileu/s	n-s---mn-
βασιλεῖ	basilei=	βασιλεύς	basileu/s	n-s---md-
βασιλέα	basile/a	βασιλεύς	basileu/s	n-s---ma-
βασιλέων	basile/wn	βασίλη	basi/lh	n-p---fg-
βασιλέων	basile/wn	βασιλεύς	basileu/s	n-p---mg-
βασιλέων	basile/wn	βασιλεύς	basileu/s	n-p---mg-
βασιλέως	basile/ws	βασιλεύς	basileu/s	n-s---mg-
βασιλέως	basile/ws	βασιλεύς	basileu/s	n-s---mg-
βασιλέως	basile/ws	βασιλεύς	basileu/s	n-s---mn-
βελτίονας	belti/onas	βελτίων	belti/wn	a-p---ma-
βελτίονας	belti/onas	βελτίων	belti/wn	a-p---fa-
βελτίων	belti/wn	βελτίων	belti/wn	a-s---mn-
βελτίων	belti/wn	βελτίων	belti/wn	a-s---fn-
βελτίων	belti/wn	βελτιόω	beltio/w	v3piia---
βελτίων	belti/wn	βελτιόω	beltio/w	v1siia---
βιβλία	bibli/a	βιβλίον	bibli/on	n-p---nn-
βιβλία	bibli/a	βιβλίον	bibli/on	n-p---nv-
βιβλία	bibli/a	βιβλίον	bibli/on	n-p---na-
βιβλίοις	bibli/ois	βιβλίον	bibli/on	n-p---nd-
βιβλίον	bibli/on	βιβλίον	bibli/on	n-s---nn-
βιβλίον	bibli/on	βιβλίον	bibli/on	n-s---nv-
βιβλίον	bibli/on	βιβλίον	bibli/on	n-s---na-
βιβλίων	bibli/wn	βιβλίον	bibli/on	n-p---ng-
βιβλίῳ	bibli/w|	βιβλίον	bibli/on	n-s---nd-
βλαβέν	blabe/n	βλάπτω	bla/ptw	v-sappnn-
βλαβέν	blabe/n	βλάπτω	bla/ptw	v-sappnv-
βλαβέν	blabe/n	βλάπτω	bla/ptw	v-sappna-
βλαβήσει	blabh/sei	βλάπτω	bla/ptw	v2sfip---
βλαβήσεται	blabh/setai	βλάπτω	bla/ptw	v3sfip---
βλαβήσονται	blabh/sontai	βλάπτω	bla/ptw	v3pfip---
βλαβήσονταί	blabh/sontai/	βλάπτω	bla/ptw	v3pfip---
βλαβῆναι	blabh=nai	βλάπτω	bla/ptw	v--anp---
βλαπτόμενοι	blapto/menoi	βλάπτω	bla/ptw	v-pppemn-
βλαπτόμενοι	blapto/menoi	βλάπτω	bla/ptw	v-pppemv-
βλαφθῶσιν	blafqw=sin	βλάπτω	bla/ptw	v3pasp---
βλάπτει	bla/ptei	βλάπτω	bla/ptw	v2spie---
βλάπτει	bla/ptei	βλάπτω	bla/ptw	v3spia---
βλάπτειν	bla/ptein	βλάπτω	bla/ptw	v--pna---
βλάπτεσθαι	bla/ptesqai	βλάπτω	bla/ptw	v--pne---
βλάπτεται	bla/ptetai	βλάπτω	bla/ptw	v3spie---
βλάπτοιντο	bla/ptointo	βλάπτω	bla/ptw	v3ppoe---
βλάπτοις	bla/ptois	βλάπτω	bla/ptw	v2spoa---
βλάπτομεν	bla/ptomen	βλάπτω	bla/ptw	v1ppia---
βλάπτομεν	bla/ptomen	βλάπτω	bla/ptw	v1piia---
βλάπτοντας	bla/ptontas	βλάπτω	bla/ptw	v-pppama-
βλάψαι	bla/yai	βλάπτω	bla/ptw	v2samm---
βλάψαι	bla/yai	βλάπτω	bla/ptw	v--ana---
βλάψαι	bla/yai	βλάπτω	bla/ptw	v3saoa---
βλάψαιμεν	bla/yaimen	βλάπτω	bla/ptw	v1paoa---
βλάψαντες	bla/yantes	βλάπτω	bla/ptw	v-papamn-
βλάψαντες	bla/yantes	βλάπτω	bla/ptw	v-papamv-
βλάψασαι	bla/yasai	βλάπτω	bla/ptw	v-papafn-
βλάψασαι	bla/yasai	βλάπτω	bla/ptw	v-papafv-
βλάψειεν	bla/yeien	βλάπτω	bla/ptw	v3saoa---
βλάψητε	bla/yhte	βλάπτω	bla/ptw	v2pasa---
βλάψωμεν	bla/ywmen	βλάπτω	bla/ptw	v1pasa---
βλάψῃ	bla/yh|	βλάπτω	bla/ptw	v2sasm---
βλάψῃ	bla/yh|	βλάπτω	bla/ptw	v3sasa---
βλάψῃ	bla/yh|	βλάπτω	bla/ptw	v2sfim---
βλάψῃ	bla/yh|	βλάψις	bla/yis	n-s---fd-
βουλευσόμενοι	bouleuso/menoi	βουλεύω	bouleu/w	v-pfpmmn-
βουλευσόμενοι	bouleuso/menoi	βουλεύω	bouleu/w	v-pfpmmv-
βουλομένῳ	boulome/nw|	βούλομαι	bou/lomai	v-sppemd-
βουλομένῳ	boulome/nw|	βούλομαι	bou/lomai	v-sppend-
βουλοίμην	bouloi/mhn	βούλομαι	bou/lomai	v1spoe---
βουλή	boulh/	βουλή	boulh/	n-s---fn-
βουλή	boulh/	βουλή	boulh/	n-s---fv-
βουλήθητε	boulh/qhte	βούλομαι	bou/lomai	v2paip---
βουλήν	boulh/n	βουλή	boulh/	n-s---fa-
βουλήσονται	boulh/sontai	βούλομαι	bou/lomai	v3pfim---
βουλόμεθα	boulo/meqa	βούλομαι	bou/lomai	v1ppie---
βουλόμεθα	boulo/meqa	βούλομαι	bou/lomai	v1piie---
βουλόμενος	boulo/menos	βούλομαι	bou/lomai	v-sppemn-
βουλόμενός	boulo/meno/s	βούλομαι	bou/lomai	v-sppemn-
βουλῆς	boulh=s	βουλεύς	bouleu/s	n-p---mn-
βουλῆς	boulh=s	βουλεύς	bouleu/s	n-p---mn-
βουλῆς	boulh=s	βουλεύς	bouleu/s	n-p---mv-
βουλῆς	boulh=s	βουλή	boulh/	n-s---fg-
βουλῇ	boulh=|	βουλεύς	bouleu/s	n-s---md-
βουλῇ	boulh=|	βουλή	boulh/	n-s---fd-
βούλεσθ’	bou/lesq'	βούλομαι	bou/lomai	v2ppme---
βούλεσθ’	bou/lesq'	βούλομαι	bou/lomai	v2ppie---
βούλεσθ’	bou/lesq'	βούλομαι	bou/lomai	v--pne---
βούλεσθ’	bou/lesq'	βούλομαι	bou/lomai	v2piie---
βούλεται	bou/letai	βούλομαι	bou/lomai	v3spie---
βούληται	bou/lhtai	βούλομαι	bou/lomai	v3spse---
βούλοιο	bou/loio	βούλομαι	bou/lomai	v2spoe---
βούλονται	bou/lontai	βούλομαι	bou/lomai	v3ppie---
βούλῃ	bou/lh|	βούλομαι	bou/lomai	v2spse---
βούλῃ	bou/lh|	βούλομαι	bou/lomai	v2spie---
βάλλε	ba/lle	βάλλω	ba/llw	v2spma---
βάλλε	ba/lle	βάλλω	ba/llw	v3siia---
βίον	bi/on	βίος	bi/os	n-s---ma-
βίον	bi/on	βιόω	bio/w	v3paia---
βίος	bi/os	βίος	bi/os	n-s---mn-
γε	ge	γε	ge	g--------
γε·	ge:	γε	ge	g--------
γεγραμμένα	gegramme/na	γράφω	gra/fw	v-prpenn-
γεγραμμένα	gegramme/na	γράφω	gra/fw	v-prpenv-
γεγραμμένα	gegramme/na	γράφω	gra/fw	v-prpena-
γεγραμμένα	gegramme/na	γράφω	gra/fw	v-drpefn-
γεγραμμένα	gegramme/na	γράφω	gra/fw	v-drpefv-
γεγραμμένα	gegramme/na	γράφω	gra/fw	v-drpefa-
γεγραμμένα	gegramme/na	γράφω	gra/fw	v-srpefn-
γεγραμμένα	gegramme/na	γράφω	gra/fw	v-srpefv-
γεγραφότι	gegrafo/ti	γράφω	gra/fw	v-srpamd-
γεγραφότι	gegrafo/ti	γράφω	gra/fw	v-srpand-
γενησομένην	genhsome/nhn	γίγνομαι	gi/gnomai	v-sfpmfa-
γενησόμεθα	genhso/meqa	γίγνομαι	gi/gnomai	v1pfim---
γενομένων	genome/nwn	γίγνομαι	gi/gnomai	v-papmfg-
γενομένων	genome/nwn	γίγνομαι	gi/gnomai	v-papmmg-
γενομένων	genome/nwn	γίγνομαι	gi/gnomai	v-papmng-
γενοίμεθ’	genoi/meq'	γίγνομαι	gi/gnomai	v1paom---
γενοίμην	genoi/mhn	γίγνομαι	gi/gnomai	v1saom---
γενέσθαι	gene/sqai	γίγνομαι	gi/gnomai	v--anm---
γενήσει	genh/sei	γίγνομαι	gi/gnomai	v2sfim---
γενήσεσθε	genh/sesqe	γίγνομαι	gi/gnomai	v2pfim---
γενήσεται	genh/setai	γίγνομαι	gi/gnomai	v3sfim---
γενώμεθα	genw/meqa	γίγνομαι	gi/gnomai	v1pasm---
γερόντων	gero/ntwn	γέρων	ge/rwn	n-p---mg-
γεφύρᾳ	gefu/ra|	γέφυρα	ge/fura	n-s---fd-
γεφύρᾷ	gefu/ra=|	γέφυρα	ge/fura	n-s---fd-
γνοῖμεν	gnoi=men	γιγνώσκω	gignw/skw	v1paoa---
γνωσόμεθα	gnwso/meqa	γιγνώσκω	gignw/skw	v1pfim---
γνόντες	gno/ntes	γιγνώσκω	gignw/skw	v-papamn-
γνόντες	gno/ntes	γιγνώσκω	gignw/skw	v-papamv-
γνώμην	gnw/mhn	γνώμη	gnw/mh	n-s---fa-
γνώμης	gnw/mhs	γνώμη	gnw/mh	n-s---fg-
γνώμῃ	gnw/mh|	γνώμη	gnw/mh	n-s---fd-
γνῶθι	gnw=qi	γιγνώσκω	gignw/skw	v2sama---
γνῶναι	gnw=nai	γιγνώσκω	gignw/skw	v--ana---
γραφεῦσι	grafeu=si	γράφω	gra/fw	v3pasp---
γραφεῦσι	grafeu=si	γραφεύς	grafeu/s	n-p---md-
γραφησόμενος	grafhso/menos	γράφω	gra/fw	v-sfppmn-
γραφικήν	grafikh/n	γραφικός	grafiko/s	a-s---fa-
γραφικῇ	grafikh=|	γραφικός	grafiko/s	a-s---fd-
γραφέων	grafe/wn	γράφος	gra/fos	n-p---ng-
γραφέων	grafe/wn	γραφεύς	grafeu/s	n-p---mg-
γραφέων	grafe/wn	γραφεύς	grafeu/s	n-p---mg-
γραφέων	grafe/wn	γραφή	grafh/	n-p---fg-
γραφέων	grafe/wn	γραφής	grafh/s	n-p---mg-
γραφήν	grafh/n	γραφή	grafh/	n-s---fa-
γραφήν	grafh/n	γραφής	grafh/s	n-s---ma-
γραφόμενα	grafo/mena	γράφω	gra/fw	v-pppenn-
γραφόμενα	grafo/mena	γράφω	gra/fw	v-pppenv-
γραφόμενα	grafo/mena	γράφω	gra/fw	v-pppena-
γραφῆς	grafh=s	γραφεύς	grafeu/s	n-p---mn-
γραφῆς	grafh=s	γραφεύς	grafeu/s	n-p---mn-
γραφῆς	grafh=s	γραφεύς	grafeu/s	n-p---mv-
γραφῆς	grafh=s	γραφή	grafh/	n-s---fg-
γραψαίμεθα	grayai/meqa	γράφω	gra/fw	v1paom---
γραψάμεναι	graya/menai	γράφω	gra/fw	v-papmfn-
γραψάμεναι	graya/menai	γράφω	gra/fw	v-papmfv-
γραψόμεναι	grayo/menai	γράφω	gra/fw	v-pfpmfn-
γραψόμεναι	grayo/menai	γράφω	gra/fw	v-pfpmfv-
γραψώμεθα	grayw/meqa	γράφω	gra/fw	v1pasm---
γράμμασι	gra/mmasi	γράμμα	gra/mma	n-p---nd-
γράμματα	gra/mmata	γράμμα	gra/mma	n-p---nn-
γράμματα	gra/mmata	γράμμα	gra/mma	n-p---nv-
γράμματα	gra/mmata	γράμμα	gra/mma	n-p---na-
γράφει	gra/fei	γράφος	gra/fos	n-d---nn-
γράφει	gra/fei	γράφος	gra/fos	n-d---nv-
γράφει	gra/fei	γράφος	gra/fos	n-d---na-
γράφει	gra/fei	γράφος	gra/fos	n-s---nd-
γράφει	gra/fei	γράφος	gra/fos	n-s---nd-
γράφει	gra/fei	γράφω	gra/fw	v2spie---
γράφει	gra/fei	γράφω	gra/fw	v3spia---
γράφειν	gra/fein	γράφω	gra/fw	v--pna---
γράφεις	gra/feis	γράφω	gra/fw	v2spia---
γράφεται	gra/fetai	γράφω	gra/fw	v3spie---
γράφεταί	gra/fetai/	γράφω	gra/fw	v3spie---
γράφοντι	gra/fonti	γράφω	gra/fw	v-sppamd-
γράφοντι	gra/fonti	γράφω	gra/fw	v-sppand-
γράφοντι	gra/fonti	γράφω	gra/fw	v3ppia---
γράφουσιν	gra/fousin	γράφω	gra/fw	v-pppamd-
γράφουσιν	gra/fousin	γράφω	gra/fw	v-pppand-
γράφουσιν	gra/fousin	γράφω	gra/fw	v3ppia---
γράφωνται	gra/fwntai	γράφω	gra/fw	v3ppse---
γράφωσι	gra/fwsi	γράφω	gra/fw	v3ppsa---
γράψαι	gra/yai	γράφω	gra/fw	v2samm---
γράψαι	gra/yai	γράφω	gra/fw	v--ana---
γράψαι	gra/yai	γράφω	gra/fw	v3saoa---
γράψει	gra/yei	γράφω	gra/fw	v3sasa---
γράψει	gra/yei	γράφω	gra/fw	v2sfim---
γράψει	gra/yei	γράφω	gra/fw	v3sfia---
γράψειαν	gra/yeian	γράφω	gra/fw	v3paoa---
γράψειεν	gra/yeien	γράφω	gra/fw	v3saoa---
γράψεις	gra/yeis	γράφω	gra/fw	v2sasa---
γράψεις	gra/yeis	γράφω	gra/fw	v2sfia---
γράψεσθε	gra/yesqe	γράφω	gra/fw	v2pfim---
γράψομαί	gra/yomai/	γράφω	gra/fw	v1sasm---
γράψομαί	gra/yomai/	γράφω	gra/fw	v1sfim---
γράψωμεν	gra/ywmen	γράφω	gra/fw	v1pasa---
γράψωσι	gra/ywsi	γράφω	gra/fw	v3pasa---
γυναικός	gunaiko/s	γυνή	gunh/	n-s---fg-
γυναικῶν	gunaikw=n	γυναικόω	gunaiko/w	v-sppamv-
γυναικῶν	gunaikw=n	γυναικόω	gunaiko/w	v-sppann-
γυναικῶν	gunaikw=n	γυναικόω	gunaiko/w	v-sppanv-
γυναικῶν	gunaikw=n	γυναικόω	gunaiko/w	v-sppana-
γυναικῶν	gunaikw=n	γυναικόω	gunaiko/w	v-sppamn-
γυναικῶν	gunaikw=n	γυναικόω	gunaiko/w	v--pna---
γυναικῶν	gunaikw=n	γυνή	gunh/	n-p---fg-
γυναιξίν	gunaici/n	γυνή	gunh/	n-p---fd-
γυναῖκας	gunai=kas	γυνή	gunh/	n-p---fa-
γυναῖκες	gunai=kes	γυνή	gunh/	n-p---fn-
γυναῖκες	gunai=kes	γυνή	gunh/	n-p---fv-
γάρ	ga/r	γάρ	ga/r	g--------
γέγονεν	ge/gonen	γίγνομαι	gi/gnomai	v3sria---
γέγονεν	ge/gonen	γίγνομαι	gi/gnomai	v3plia---
γέγραπται	ge/graptai	γράφω	gra/fw	v3srie---
γένει	ge/nei	γένος	ge/nos	n-d---nn-
γένει	ge/nei	γένος	ge/nos	n-d---nv-
γένει	ge/nei	γένος	ge/nos	n-d---na-
γένει	ge/nei	γένος	ge/nos	n-s---nd-
γένει	ge/nei	γένος	ge/nos	n-s---nd-
γένεσθε	ge/nesqe	γίγνομαι	gi/gnomai	v2pamm---
γένεσθε	ge/nesqe	γίγνομαι	gi/gnomai	v2paim---
γένη	ge/nh	γένος	ge/nos	n-p---nn-
γένη	ge/nh	γένος	ge/nos	n-p---nv-
γένη	ge/nh	γένος	ge/nos	n-p---na-
γένη	ge/nh	γένος	ge/nos	n-d---nn-
γένη	ge/nh	γένος	ge/nos	n-d---nv-
γένη	ge/nh	γένος	ge/nos	n-d---na-
γένοιντ’	ge/noint'	γίγνομαι	gi/gnomai	v3paom---
γένοιτο	ge/noito	γίγνομαι	gi/gnomai	v3saom---
γέρον	ge/ron	γέρων	ge/rwn	n-s---mv-
γέρον·	ge/ron:	γέρων	ge/rwn	n-s---mv-
γέροντα	ge/ronta	γέρων	ge/rwn	n-s---ma-
γέροντας	ge/rontas	γέρων	ge/rwn	n-p---ma-
γέροντες	ge/rontes	γέρων	ge/rwn	n-p---mn-
γέροντες	ge/rontes	γέρων	ge/rwn	n-p---mv-
γέροντος	ge/rontos	γέρων	ge/rwn	n-s---mg-
γέρων	ge/rwn	γέρων	ge/rwn	n-s---mn-
γέφυρα	ge/fura	γέφυρα	ge/fura	n-s---fn-
γέφυρα	ge/fura	γέφυρα	ge/fura	n-s---fv-
γέφυραν	ge/furan	γέφυρα	ge/fura	n-s---fa-
γέφυρᾳ	ge/fura|	γέφυρα	ge/fura	n-p---fn-
γέφυρᾳ	ge/fura|	γέφυρα	ge/fura	n-p---fv-
γύναι	gu/nai	γυνή	gunh/	n-s---fv-
γῆ	gh=	Γαῖα	*gai=a	n-s---fn-
γῆ	gh=	Γαῖα	*gai=a	n-s---fv-
γῆ	gh=	γῆ	gh=	n-s---fn-
γῆ	gh=	γῆ	gh=	n-s---fv-
γῆν	gh=n	Γαῖα	*gai=a	n-s---fa-
γῆν	gh=n	γῆ	gh=	n-s---fa-
γῆς	gh=s	Γαῖα	*gai=a	n-s---fg-
γῆς	gh=s	γῆ	gh=	n-s---fg-
γῇ	gh=|	Γαῖα	*gai=a	n-s---fd-
γῇ	gh=|	γῆ	gh=	n-s---fd-
δαίμονες	dai/mones	δαίμων	dai/mwn	n-p---mn-
δαίμονες	dai/mones	δαίμων	dai/mwn	n-p---mv-
δαίμονες	dai/mones	δαίμων	dai/mwn	n-p---fn-
δαίμονες	dai/mones	δαίμων	dai/mwn	n-p---fv-
δαίμονι	dai/moni	δαίμων	dai/mwn	n-s---md-
δαίμονι	dai/moni	δαίμων	dai/mwn	n-s---fd-
δεδηλώκασιν	dedhlw/kasin	δηλόω	dhlo/w	v3pria---
δεδιδαγμένος	dedidagme/nos	διδάσκω	dida/skw	v-srpemn-
δεδιδαγμένων	dedidagme/nwn	διδάσκω	dida/skw	v-prpefg-
δεδιδαγμένων	dedidagme/nwn	διδάσκω	dida/skw	v-prpemg-
δεδιδαγμένων	dedidagme/nwn	διδάσκω	dida/skw	v-prpeng-
δεδίδαχεν	dedi/daxen	διδάσκω	dida/skw	v3sria---
δεδίδαχεν	dedi/daxen	διδάσκω	dida/skw	v3plia---
δεικνύναι	deiknu/nai	δείκνυμι	dei/knumi	v--pna---
δεικνῦσα	deiknu=sa	δείκνυμι	dei/knumi	v-sppafn-
δεικνῦσα	deiknu=sa	δείκνυμι	dei/knumi	v-sppafv-
δεινά	deina/	δεινός	deino/s	a-p---nn-
δεινά	deina/	δεινός	deino/s	a-p---nv-
δεινά	deina/	δεινός	deino/s	a-p---na-
δεινά	deina/	δεινός	deino/s	a-d---fn-
δεινά	deina/	δεινός	deino/s	a-d---fv-
δεινά	deina/	δεινός	deino/s	a-d---fa-
δεινά	deina/	δεινός	deino/s	a-s---fn-
δεινά	deina/	δεινός	deino/s	a-s---fv-
δεινόν	deino/n	δεινός	deino/s	a-s---ma-
δεινόν	deino/n	δεινός	deino/s	a-s---nn-
δεινόν	deino/n	δεινός	deino/s	a-s---nv-
δεινόν	deino/n	δεινός	deino/s	a-s---na-
δεξάμενος	deca/menos	δέχομαι	de/xomai	v-sapmmn-
δεξάμενος	deca/menos	δείκνυμι	dei/knumi	v-sapmmn-
δείξοντα	dei/conta	δείκνυμι	dei/knumi	v-pfpann-
δείξοντα	dei/conta	δείκνυμι	dei/knumi	v-pfpanv-
δείξοντα	dei/conta	δείκνυμι	dei/knumi	v-pfpana-
δείξοντα	dei/conta	δείκνυμι	dei/knumi	v-sfpama-
δεῖ	dei=	δέομαι	de/omai	v2spie---
δεῖ	dei=	δέω1	de/w1	v2spie---
δεῖ	dei=	δέω1	de/w1	v2spma---
δεῖ	dei=	δέω1	de/w1	v3spia---
δεῖ	dei=	δέω1	de/w1	v3siia---
δεῖ	dei=	δέω2	de/w2	v2spie---
δεῖ	dei=	δέω2	de/w2	v2spma---
δεῖ	dei=	δέω2	de/w2	v3spia---
δεῖ	dei=	δέω2	de/w2	v3siia---
δεῖ	dei=	δεῖ	dei=	v3siia---
δηλούμενοι	dhlou/menoi	δηλέομαι	dhle/omai	v-pppemn-
δηλούμενοι	dhlou/menoi	δηλέομαι	dhle/omai	v-pppemv-
δηλούμενοι	dhlou/menoi	δηλόω	dhlo/w	v-pppemn-
δηλούμενοι	dhlou/menoi	δηλόω	dhlo/w	v-pppemv-
δηλούτω	dhlou/tw	δηλόω	dhlo/w	v3spma---
δηλοῖς	dhloi=s	δηλόω	dhlo/w	v2spoa---
δηλοῖς	dhloi=s	δηλόω	dhlo/w	v2spsa---
δηλοῖς	dhloi=s	δηλόω	dhlo/w	v2spia---
δηλοῦσα	dhlou=sa	δηλόω	dhlo/w	v-sppafn-
δηλοῦσα	dhlou=sa	δηλόω	dhlo/w	v-sppafv-
δηλωθέντων	dhlwqe/ntwn	δηλόω	dhlo/w	v-pappmg-
δηλωθέντων	dhlwqe/ntwn	δηλόω	dhlo/w	v-pappng-
δηλώσω	dhlw/sw	δηλόω	dhlo/w	v1sasa---
δηλώσω	dhlw/sw	δηλόω	dhlo/w	v1sfia---
δηλώσω	dhlw/sw	δηλόω	dhlo/w	v2saim---
δηλῶν	dhlw=n	δηλόω	dhlo/w	v-sppamv-
δηλῶν	dhlw=n	δηλόω	dhlo/w	v-sppann-
δηλῶν	dhlw=n	δηλόω	dhlo/w	v-sppanv-
δηλῶν	dhlw=n	δηλόω	dhlo/w	v-sppana-
δηλῶν	dhlw=n	δηλόω	dhlo/w	v-sppamn-
δηλῶν	dhlw=n	δηλόω	dhlo/w	v--pna---
δημιουργούς	dhmiourgou/s	δημιουργός	dhmiourgo/s	n-p---ma-
δημιουργός	dhmiourgo/s	δημιουργός	dhmiourgo/s	n-s---mn-
δημοκρατία	dhmokrati/a	δημοκρατία	dhmokrati/a	n-d---fn-
δημοκρατία	dhmokrati/a	δημοκρατία	dhmokrati/a	n-d---fv-
δημοκρατία	dhmokrati/a	δημοκρατία	dhmokrati/a	n-d---fa-
δημοκρατία	dhmokrati/a	δημοκρατία	dhmokrati/a	n-s---fn-
δημοκρατία	dhmokrati/a	δημοκρατία	dhmokrati/a	n-s---fv-
δημοκρατίαν	dhmokrati/an	δημοκρατία	dhmokrati/a	n-s---fa-
δημοκρατίας	dhmokrati/as	δημοκρατία	dhmokrati/a	n-p---fa-
δημοκρατίας	dhmokrati/as	δημοκρατία	dhmokrati/a	n-s---fg-
δημοκρατίᾳ	dhmokrati/a|	δημοκρατία	dhmokrati/a	n-p---fn-
δημοκρατίᾳ	dhmokrati/a|	δημοκρατία	dhmokrati/a	n-p---fv-
δημοκρατίᾳ	dhmokrati/a|	δημοκρατία	dhmokrati/a	n-s---fd-
διαπέμψωμεν	diape/mywmen	διαπέμπω	diape/mpw	v1pasa---
διαφέρει	diafe/rei	διαφέρω	diafe/rw	v2spie---
διαφέρει	diafe/rei	διαφέρω	diafe/rw	v3spia---
διδαξώμεθα	didacw/meqa	διδάσκω	dida/skw	v1pasm---
διδασκάλοις	didaska/lois	διδάσκαλος	dida/skalos	n-p---md-
διδασκάλοις	didaska/lois	διδάσκαλος	dida/skalos	n-p---fd-
διδασκάλου	didaska/lou	διδάσκαλος	dida/skalos	n-s---mg-
διδασκάλου	didaska/lou	διδάσκαλος	dida/skalos	n-s---fg-
διδασκάλους	didaska/lous	διδάσκαλος	dida/skalos	n-p---ma-
διδασκάλους	didaska/lous	διδάσκαλος	dida/skalos	n-p---fa-
διδασκάλων	didaska/lwn	διδάσκαλος	dida/skalos	n-p---mg-
διδασκάλων	didaska/lwn	διδάσκαλος	dida/skalos	n-p---fg-
διδασκάλῳ	didaska/lw|	διδάσκαλος	dida/skalos	n-s---md-
διδασκάλῳ	didaska/lw|	διδάσκαλος	dida/skalos	n-s---fd-
διδασκόμενοι	didasko/menoi	διδάσκω	dida/skw	v-pppemn-
διδασκόμενοι	didasko/menoi	διδάσκω	dida/skw	v-pppemv-
διδαχθέντων	didaxqe/ntwn	διδάσκω	dida/skw	v-pappmg-
διδαχθέντων	didaxqe/ntwn	διδάσκω	dida/skw	v-pappng-
διδαχθῆναι	didaxqh=nai	διδάσκω	dida/skw	v--anp---
διδαχθῶ	didaxqw=	διδάσκω	dida/skw	v1sasp---
διδοίης	didoi/hs	δίδωμι	di/dwmi	v2spoa---
διδοίησάν	didoi/hsa/n	δίδωμι	di/dwmi	v3ppoa---
διδάξαι	dida/cai	διδάσκω	dida/skw	v--ana---
διδάξαι	dida/cai	διδάσκω	dida/skw	v3saoa---
διδάξαιτ’	dida/cait'	διδάσκω	dida/skw	v3saom---
διδάξαιτ’	dida/cait'	διδάσκω	dida/skw	v2paoa---
διδάξασθαι	dida/casqai	διδάσκω	dida/skw	v--anm---
διδάξασι	dida/casi	διδάσκω	dida/skw	v-papamd-
διδάξασι	dida/casi	διδάσκω	dida/skw	v-papand-
διδάξει	dida/cei	δίδαξις	di/dacis	n-d---fn-
διδάξει	dida/cei	δίδαξις	di/dacis	n-d---fv-
διδάξει	dida/cei	δίδαξις	di/dacis	n-d---fa-
διδάξει	dida/cei	δίδαξις	di/dacis	n-s---fd-
διδάξει	dida/cei	δίδαξις	di/dacis	n-s---fd-
διδάξει	dida/cei	διδάσκω	dida/skw	v3sasa---
διδάξει	dida/cei	διδάσκω	dida/skw	v2sfim---
διδάξει	dida/cei	διδάσκω	dida/skw	v3sfia---
διδάξοντα	dida/conta	διδάσκω	dida/skw	v-pfpann-
διδάξοντα	dida/conta	διδάσκω	dida/skw	v-pfpanv-
διδάξοντα	dida/conta	διδάσκω	dida/skw	v-pfpana-
διδάξοντα	dida/conta	διδάσκω	dida/skw	v-sfpama-
διδάξουσαι	dida/cousai	διδάσκω	dida/skw	v-pfpafn-
διδάξουσαι	dida/cousai	διδάσκω	dida/skw	v-pfpafv-
διδάξωσιν	dida/cwsin	διδάσκω	dida/skw	v3pasa---
διδάσκαλοι	dida/skaloi	διδάσκαλος	dida/skalos	n-p---mn-
διδάσκαλοι	dida/skaloi	διδάσκαλος	dida/skalos	n-p---mv-
διδάσκαλοι	dida/skaloi	διδάσκαλος	dida/skalos	n-p---fn-
διδάσκαλοι	dida/skaloi	διδάσκαλος	dida/skalos	n-p---fv-
διδάσκαλον	dida/skalon	διδάσκαλος	dida/skalos	n-s---ma-
διδάσκαλον	dida/skalon	διδάσκαλος	dida/skalos	n-s---fa-
διδάσκαλος	dida/skalos	διδάσκαλος	dida/skalos	n-s---mn-
διδάσκαλος	dida/skalos	διδάσκαλος	dida/skalos	n-s---fn-
διδάσκει	dida/skei	διδάσκω	dida/skw	v2spie---
διδάσκει	dida/skei	διδάσκω	dida/skw	v3spia---
διδάσκειν	dida/skein	διδάσκω	dida/skw	v--pna---
διδάσκεται	dida/sketai	διδάσκω	dida/skw	v3spie---
διδάσκοι	dida/skoi	διδάσκω	dida/skw	v3spoa---
διδάσκοιο	dida/skoio	διδάσκω	dida/skw	v2spoe---
διδάσκοισθε	dida/skoisqe	διδάσκω	dida/skw	v2ppoe---
διδάσκονται	dida/skontai	διδάσκω	dida/skw	v3ppie---
διδάσκουσα	dida/skousa	διδάσκω	dida/skw	v-sppafn-
διδάσκουσα	dida/skousa	διδάσκω	dida/skw	v-sppafv-
διδάσκουσι	dida/skousi	διδάσκω	dida/skw	v-pppamd-
διδάσκουσι	dida/skousi	διδάσκω	dida/skw	v-pppand-
διδάσκουσι	dida/skousi	διδάσκω	dida/skw	v3ppia---
διδόασι	dido/asi	δίδωμι	di/dwmi	v3ppia---
διδόμενον	dido/menon	δίδωμι	di/dwmi	v-sppema-
διδόμενον	dido/menon	δίδωμι	di/dwmi	v-sppenn-
διδόμενον	dido/menon	δίδωμι	di/dwmi	v-sppenv-
διδόμενον	dido/menon	δίδωμι	di/dwmi	v-sppena-
διδόναι	dido/nai	δίδωμι	di/dwmi	v--pna---
διδῶμεν	didw=men	δίδημι	di/dhmi	v1ppsa---
διδῶμεν	didw=men	δίδωμι	di/dwmi	v1ppsa---
διδῶμεν	didw=men	δίδωμι	di/dwmi	v1ppia---
διδῶμεν	didw=men	δίδωμι	di/dwmi	v1piia---
διενέγκωμεν	diene/gkwmen	διαφέρω	diafe/rw	v1pasa---
δικαιοτέρους	dikaiote/rous	δίκαιος	di/kaios	a-p---ma-
δικαιοτέρους	dikaiote/rous	δίκαιος	di/kaios	n-p---ma-
δικαιότατοι	dikaio/tatoi	δίκαιος	di/kaios	a-p---mns
δικαιότατοι	dikaio/tatoi	δίκαιος	di/kaios	a-p---mvs
δικαιότατοι	dikaio/tatoi	δίκαιος	di/kaios	a-p---mns
δικαιότατοι	dikaio/tatoi	δίκαιος	di/kaios	a-p---mvs
δικαία	dikai/a	δίκαιος	di/kaios	a-d---fn-
δικαία	dikai/a	δίκαιος	di/kaios	a-d---fv-
δικαία	dikai/a	δίκαιος	di/kaios	a-d---fa-
δικαία	dikai/a	δίκαιος	di/kaios	a-s---fn-
δικαία	dikai/a	δίκαιος	di/kaios	a-s---fv-
δικαία	dikai/a	δικαία	dikai/a	n-d---fn-
δικαία	dikai/a	δικαία	dikai/a	n-d---fv-
δικαία	dikai/a	δικαία	dikai/a	n-d---fa-
δικαία	dikai/a	δικαία	dikai/a	n-s---fn-
δικαία	dikai/a	δικαία	dikai/a	n-s---fv-
δικαίαις	dikai/ais	δίκαιος	di/kaios	a-p---fd-
δικαίαις	dikai/ais	δικαία	dikai/a	n-p---fd-
δικαίου	dikai/ou	δίκαιος	di/kaios	a-s---mg-
δικαίου	dikai/ou	δίκαιος	di/kaios	a-s---ng-
δικαίου	dikai/ou	δίκαιος	di/kaios	n-s---mg-
δικαίου	dikai/ou	δίκαιος	di/kaios	n-s---fg-
δικαίου	dikai/ou	δίκαιος	di/kaios	n-s---ng-
δικαίου	dikai/ou	δικαιόω	dikaio/w	v2spma---
δικαίου	dikai/ou	δικαιόω	dikaio/w	v3siia---
δικαίους	dikai/ous	δίκαιος	di/kaios	a-p---ma-
δικαίους	dikai/ous	δίκαιος	di/kaios	n-p---ma-
δικαίους	dikai/ous	δίκαιος	di/kaios	n-p---fa-
δικαίους	dikai/ous	δικαιόω	dikaio/w	v2siia---
δικαίων	dikai/wn	δίκαιος	di/kaios	a-p---fg-
δικαίων	dikai/wn	δίκαιος	di/kaios	a-p---mg-
δικαίων	dikai/wn	δίκαιος	di/kaios	a-p---ng-
δικαίων	dikai/wn	δίκαιος	di/kaios	n-p---mg-
δικαίων	dikai/wn	δίκαιος	di/kaios	n-p---fg-
δικαίων	dikai/wn	δίκαιος	di/kaios	n-p---ng-
δικαίων	dikai/wn	δικαιόω	dikaio/w	v3piia---
δικαίων	dikai/wn	δικαιόω	dikaio/w	v1siia---
δικαίως	dikai/ws	δίκαιος	di/kaios	x--------
δικαίως	dikai/ws	δίκαιος	di/kaios	a-p---ma-
δικαίως	dikai/ws	δίκαιος	di/kaios	x--------
δικαίως	dikai/ws	δίκαιος	di/kaios	n-p---ma-
δικαίως	dikai/ws	δίκαιος	di/kaios	n-p---fa-
δικαίως	dikai/ws	δικαιόω	dikaio/w	v2siia---
δικαίῳ	dikai/w|	δίκαιος	di/kaios	a-s---md-
δικαίῳ	dikai/w|	δίκαιος	di/kaios	a-s---nd-
δικαίῳ	dikai/w|	δίκαιος	di/kaios	n-s---md-
δικαίῳ	dikai/w|	δίκαιος	di/kaios	n-s---fd-
δικαίῳ	dikai/w|	δίκαιος	di/kaios	n-s---nd-
διά	dia/	διά	dia/	r--------
δοκείτω	dokei/tw	δοκέω	doke/w	v3spma---
δοκεῖ	dokei=	δοκέω	doke/w	v2spie---
δοκεῖ	dokei=	δοκέω	doke/w	v3spia---
δοκεῖ	dokei=	δοκεύς	dokeu/s	n-s---md-
δοκεῖν	dokei=n	δοκέω	doke/w	v--pna---
δουλευούσας	douleuou/sas	δουλεύω	douleu/w	v-pppafa-
δουλευούσας	douleuou/sas	δουλεύω	douleu/w	v-sppafg-
δουλεύειν	douleu/ein	δουλεύω	douleu/w	v--pna---
δουλεύουσιν	douleu/ousin	δουλεύω	douleu/w	v-pppamd-
δουλεύουσιν	douleu/ousin	δουλεύω	douleu/w	v-pppand-
δουλεύουσιν	douleu/ousin	δουλεύω	douleu/w	v3ppia---
δουλεύσοιμεν	douleu/soimen	δουλεύω	douleu/w	v1pfoa---
δουλεύωμεν	douleu/wmen	δουλεύω	douleu/w	v1ppsa---
δουλεύων	douleu/wn	δουλεύω	douleu/w	v-sppamn-
δουλεύῃ	douleu/h|	δουλεύω	douleu/w	v2spse---
δουλεύῃ	douleu/h|	δουλεύω	douleu/w	v2spie---
δουλεύῃ	douleu/h|	δουλεύω	douleu/w	v3spsa---
δοίη	doi/h	δίδωμι	di/dwmi	v3saoa---
δοίη	doi/h	δίδωμι	di/dwmi	v3saoa---
δοίητ’	doi/ht'	δίδωμι	di/dwmi	v2paoa---
δοίητ’	doi/ht'	δίδωμι	di/dwmi	v2paoa---
δούλους	dou/lous	δοῦλος	dou=los	a-p---ma-
δούλους	dou/lous	δοῦλος	dou=los	n-p---ma-
δούλους	dou/lous	δουλόω	doulo/w	v2siia---
δούλων	dou/lwn	δοῦλος	dou=los	a-p---fg-
δούλων	dou/lwn	δοῦλος	dou=los	a-p---mg-
δούλων	dou/lwn	δοῦλος	dou=los	a-p---ng-
δούλων	dou/lwn	δοῦλος	dou=los	n-p---mg-
δούλων	dou/lwn	δουλόω	doulo/w	v3piia---
δούλων	dou/lwn	δουλόω	doulo/w	v1siia---
δοῖτε	doi=te	δίδωμι	di/dwmi	v2paoa---
δοῖτε	doi=te	δίδωμι	di/dwmi	v2paoa---
δοῦλοι	dou=loi	δοῦλος	dou=los	a-p---mn-
δοῦλοι	dou=loi	δοῦλος	dou=los	a-p---mv-
δοῦλοι	dou=loi	δοῦλος	dou=los	n-p---mn-
δοῦλοι	dou=loi	δοῦλος	dou=los	n-p---mv-
δοῦναι	dou=nai	δίδωμι	di/dwmi	v--ana---
δυοῖν	duoi=n	δύο	du/o	m-d---mg-
δυοῖν	duoi=n	δύο	du/o	m-d---md-
δυοῖν	duoi=n	δύο	du/o	m-d---fg-
δυοῖν	duoi=n	δύο	du/o	m-d---fd-
δυοῖν	duoi=n	δύο	du/o	m-d---ng-
δυοῖν	duoi=n	δύο	du/o	m-d---nd-
δέ	de/	δέ	de/	g--------
δέδεξαι	de/decai	δέχομαι	de/xomai	v2srie---
δέκα	de/ka	δέκα	de/ka	m--------
δέκα	de/ka	δεκάω	deka/w	v2spma---
δέκα	de/ka	δεκάω	deka/w	v3siia---
δέοι	de/oi	δέω1	de/w1	v3spoa---
δέοι	de/oi	δέω2	de/w2	v3spoa---
δέοι	de/oi	δεῖ	dei=	v3spoa---
δέον	de/on	δέον	de/on	n-s---nv-
δέον	de/on	δέω1	de/w1	v-sppamv-
δέον	de/on	δέω1	de/w1	v-sppann-
δέον	de/on	δέω1	de/w1	v-sppanv-
δέον	de/on	δέω1	de/w1	v-sppana-
δέον	de/on	δέω1	de/w1	v-sppamv-
δέον	de/on	δέω1	de/w1	v-sppann-
δέον	de/on	δέω1	de/w1	v-sppanv-
δέον	de/on	δέω1	de/w1	v-sppana-
δέον	de/on	δέω1	de/w1	v3piia---
δέον	de/on	δέω1	de/w1	v1siia---
δέον	de/on	δέω2	de/w2	v-sppamv-
δέον	de/on	δέω2	de/w2	v-sppann-
δέον	de/on	δέω2	de/w2	v-sppanv-
δέον	de/on	δέω2	de/w2	v-sppana-
δέον	de/on	δέω2	de/w2	v3piia---
δέον	de/on	δέω2	de/w2	v1siia---
δέον	de/on	δεῖ	dei=	v-sppamv-
δέον	de/on	δεῖ	dei=	v-sppann-
δέον	de/on	δεῖ	dei=	v-sppanv-
δέον	de/on	δεῖ	dei=	v-sppana-
δέον	de/on	δεῖ	dei=	v3piia---
δέον	de/on	δεῖ	dei=	v1siia---
δέον	de/on	δεῖ	dei=	v3piia---
δέον	de/on	δεῖ	dei=	v1siia---
δή	dh/	δή	dh/	g--------
δήμου	dh/mou	δῆμος	dh=mos	n-s---mg-
δήμῳ	dh/mw|	δῆμος	dh=mos	n-s---md-
δίδαξαι	di/dacai	διδάσκω	dida/skw	v2samm---
δίδοτε	di/dote	δίδωμι	di/dwmi	v2ppma---
δίδοτε	di/dote	δίδωμι	di/dwmi	v2ppia---
δίδοτε	di/dote	δίδωμι	di/dwmi	v2piia---
δίκαια	di/kaia	δίκαιος	di/kaios	a-p---nn-
δίκαια	di/kaia	δίκαιος	di/kaios	a-p---nv-
δίκαια	di/kaia	δίκαιος	di/kaios	a-p---na-
δίκαια	di/kaia	δίκαιος	di/kaios	n-p---nn-
δίκαια	di/kaia	δίκαιος	di/kaios	n-p---nv-
δίκαια	di/kaia	δίκαιος	di/kaios	n-p---na-
δίκαιοι	di/kaioi	δίκαιος	di/kaios	a-p---mn-
δίκαιοι	di/kaioi	δίκαιος	di/kaios	a-p---mv-
δίκαιοι	di/kaioi	δίκαιος	di/kaios	n-p---mn-
δίκαιοι	di/kaioi	δίκαιος	di/kaios	n-p---mv-
δίκαιοι	di/kaioi	δίκαιος	di/kaios	n-p---fn-
δίκαιοι	di/kaioi	δίκαιος	di/kaios	n-p---fv-
δίκαιον	di/kaion	δίκαιος	di/kaios	a-s---ma-
δίκαιον	di/kaion	δίκαιος	di/kaios	a-s---nn-
δίκαιον	di/kaion	δίκαιος	di/kaios	a-s---nv-
δίκαιον	di/kaion	δίκαιος	di/kaios	a-s---na-
δίκαιον	di/kaion	δίκαιος	di/kaios	n-s---ma-
δίκαιον	di/kaion	δίκαιος	di/kaios	n-s---fa-
δίκαιον	di/kaion	δίκαιος	di/kaios	n-s---nn-
δίκαιον	di/kaion	δίκαιος	di/kaios	n-s---nv-
δίκαιον	di/kaion	δίκαιος	di/kaios	n-s---na-
δίκαιος	di/kaios	δίκαιος	di/kaios	a-s---mn-
δίκαιος	di/kaios	δίκαιος	di/kaios	n-s---mn-
δίκαιος	di/kaios	δίκαιος	di/kaios	n-s---fn-
δίκαιοί	di/kaioi/	δίκαιος	di/kaios	a-p---mn-
δίκαιοί	di/kaioi/	δίκαιος	di/kaios	a-p---mv-
δίκαιοί	di/kaioi/	δίκαιος	di/kaios	n-p---mn-
δίκαιοί	di/kaioi/	δίκαιος	di/kaios	n-p---mv-
δίκαιοί	di/kaioi/	δίκαιος	di/kaios	n-p---fn-
δίκαιοί	di/kaioi/	δίκαιος	di/kaios	n-p---fv-
δίκαις	di/kais	δίκη	di/kh	n-p---fd-
δίκη	di/kh	δίκη	di/kh	n-s---fn-
δίκη	di/kh	δίκη	di/kh	n-s---fv-
δίκην	di/khn	δίκη	di/kh	n-s---fa-
δίκης	di/khs	δίκη	di/kh	n-s---fg-
δόξα	do/ca	δόξα	do/ca	n-d---fn-
δόξα	do/ca	δόξα	do/ca	n-d---fv-
δόξα	do/ca	δόξα	do/ca	n-d---fa-
δόξα	do/ca	δόξα	do/ca	n-s---fn-
δόξα	do/ca	δόξα	do/ca	n-s---fv-
δόξα	do/ca	δοκέω	doke/w	v1saia---
δόξαν	do/can	δόξα	do/ca	n-s---fa-
δόξαν	do/can	δοκέω	doke/w	v-sapann-
δόξαν	do/can	δοκέω	doke/w	v-sapanv-
δόξαν	do/can	δοκέω	doke/w	v-sapana-
δόξαν	do/can	δοκέω	doke/w	v3paia---
δόξης	do/chs	δόξα	do/ca	n-s---fg-
δόξης	do/chs	δόξις	do/cis	n-p---fn-
δόξης	do/chs	δόξις	do/cis	n-p---fv-
δότε	do/te	δίδωμι	di/dwmi	v2pama---
δότε	do/te	δίδωμι	di/dwmi	v2paia---
δότε	do/te	δίδωμι	di/dwmi	v2paia---
δότω	do/tw	δίδωμι	di/dwmi	v3sama---
δότω	do/tw	δότης	do/ths	n-s---mg-
δύναμις	du/namis	δύναμις	du/namis	n-s---fn-
δύνασαι	du/nasai	δύναμαι	du/namai	v2spie---
δύνασαι	du/nasai	δύω2	du/w2	v-papafn-
δύνασαι	du/nasai	δύω2	du/w2	v-papafv-
δύνασθαι	du/nasqai	δύναμαι	du/namai	v--pne---
δύνασθαί	du/nasqai/	δύναμαι	du/namai	v--pne---
δύο	du/o	δύο	du/o	m--------
δώρων	dw/rwn	δῶρον	dw=ron	n-p---ng-
δώσοι	dw/soi	δίδωμι	di/dwmi	v3sfoa---
δώσω	dw/sw	δίδωμι	di/dwmi	v1sfia---
δῆλοι	dh=loi	δῆλος	dh=los	a-p---mn-
δῆλοι	dh=loi	δῆλος	dh=los	a-p---mv-
δῆλοι	dh=loi	δῆλος	dh=los	n-p---mn-
δῆλοι	dh=loi	δῆλος	dh=los	n-p---mv-
δῆλοι	dh=loi	δῆλος	dh=los	n-p---fn-
δῆλοι	dh=loi	δῆλος	dh=los	n-p---fv-
δῆμον	dh=mon	δῆμος	dh=mos	n-s---ma-
δῆμος	dh=mos	δῆμος	dh=mos	n-s---mn-
δῶμεν	dw=men	δίδωμι	di/dwmi	v--ana---
δῶμεν	dw=men	δίδωμι	di/dwmi	v1pasa---
δῶμεν	dw=men	δίδωμι	di/dwmi	v1pasa---
δῶμεν	dw=men	δίδωμι	di/dwmi	v1paia---
δῶρα	dw=ra	δῶρον	dw=ron	n-p---nn-
δῶρα	dw=ra	δῶρον	dw=ron	n-p---nv-
δῶρα	dw=ra	δῶρον	dw=ron	n-p---na-
δῶρον	dw=ron	δῶρον	dw=ron	n-s---nn-
δῶρον	dw=ron	δῶρον	dw=ron	n-s---nv-
δῶρον	dw=ron	δῶρον	dw=ron	n-s---na-
δῶρά	dw=ra/	δῶρον	dw=ron	n-p---nn-
δῶρά	dw=ra/	δῶρον	dw=ron	n-p---nv-
δῶρά	dw=ra/	δῶρον	dw=ron	n-p---na-
δῶρ’	dw=r'	δῶρον	dw=ron	n-p---nn-
δῶρ’	dw=r'	δῶρον	dw=ron	n-p---nv-
δῶρ’	dw=r'	δῶρον	dw=ron	n-p---na-
δῶσιν	dw=sin	δίδωμι	di/dwmi	v3pasa---
δῶσιν	dw=sin	δίδωμι	di/dwmi	v3pasa---
δῶτε	dw=te	δίδωμι	di/dwmi	v2pama---
δῶτε	dw=te	δίδωμι	di/dwmi	v2pasa---
δῶτε	dw=te	δίδωμι	di/dwmi	v2pasa---
δῶτε	dw=te	δίδωμι	di/dwmi	v2paia---
εἰ	ei)	εἰ	ei)	c--------
εἰληφότες	ei)lhfo/tes	λαμβάνω	lamba/nw	v-prpamn-
εἰληφότες	ei)lhfo/tes	λαμβάνω	lamba/nw	v-prpamv-
εἰμί	ei)mi/	εἰμί	ei)mi/	v1spia---
εἰπεῖν	ei)pei=n	εἶπον	ei)=pon	v--ana---
εἰρήνην	ei)rh/nhn	εἰρήνη	ei)rh/nh	n-s---fa-
εἰρήνης	ei)rh/nhs	εἰρήνη	ei)rh/nh	n-s---fg-
εἰρήνης	ei)rh/nhs	εἰρηνέω	ei)rhne/w	v2siia---
εἰς	ei)s	εἰς	ei)s	r--------
εἰσδεξάμενον	ei)sdeca/menon	εἰσδέχομαι	ei)sde/xomai	v-sapmma-
εἰσδεξάμενον	ei)sdeca/menon	εἰσδέχομαι	ei)sde/xomai	v-sapmnn-
εἰσδεξάμενον	ei)sdeca/menon	εἰσδέχομαι	ei)sde/xomai	v-sapmnv-
εἰσδεξάμενον	ei)sdeca/menon	εἰσδέχομαι	ei)sde/xomai	v-sapmna-
εἰσδεχέσθων	ei)sdexe/sqwn	εἰσδέχομαι	ei)sde/xomai	v3ppme---
εἰσδεχέσθων	ei)sdexe/sqwn	εἰσδέχομαι	ei)sde/xomai	v3dpme---
εἰσελθόντες	ei)selqo/ntes	εἰσέρχομαι	ei)se/rxomai	v-papamn-
εἰσελθόντες	ei)selqo/ntes	εἰσέρχομαι	ei)se/rxomai	v-papamv-
εἰσπεμφθέντων	ei)spemfqe/ntwn	εἰσπέμπω	ei)spe/mpw	v-pappmg-
εἰσπεμφθέντων	ei)spemfqe/ntwn	εἰσπέμπω	ei)spe/mpw	v-pappng-
εἰσάξοντες	ei)sa/contes	εἰσάγω	ei)sa/gw	v-pfpamn-
εἰσάξοντες	ei)sa/contes	εἰσάγω	ei)sa/gw	v-pfpamv-
εἰσί	ei)si/	εἰμί	ei)mi/	v3ppia---
εἰσίν	ei)si/n	εἰμί	ei)mi/	v3ppia---
εἰσῆλθον	ei)sh=lqon	εἰσέρχομαι	ei)se/rxomai	v3paia---
εἰσῆλθον	ei)sh=lqon	εἰσέρχομαι	ei)se/rxomai	v1saia---
εἱλόμην	ei(lo/mhn	αἱρέω	ai(re/w	v1saim---
εἴ	ei)/	εἰ	ei)	c--------
εἴη	ei)/h	ἐάω	e)a/w	v3siia---
εἴη	ei)/h	ἐάω	e)a/w	v2spma---
εἴη	ei)/h	ἐάω	e)a/w	v3siia---
εἴη	ei)/h	ἐάω	e)a/w	v3siia---
εἴη	ei)/h	εἰμί	ei)mi/	v3spoa---
εἴημεν	ei)/hmen	εἰμί	ei)mi/	v1ppoa---
εἴης	ei)/hs	ἐάω	e)a/w	v2siia---
εἴης	ei)/hs	ἐάω	e)a/w	v2siia---
εἴης	ei)/hs	ἐάω	e)a/w	v2siia---
εἴης	ei)/hs	εἰμί	ei)mi/	v2spoa---
εἴησαν	ei)/hsan	εἰμί	ei)mi/	v3ppoa---
εἴθε	ei)/qe	εἴθε	ei)/qe	x--------
εἴπῃ	ei)/ph|	εἶπον	ei)=pon	v2sasm---
εἴπῃ	ei)/ph|	εἶπον	ei)=pon	v3sasa---
εἴπῃ	ei)/ph|	εἶπον	ei)=pon	v2sase---
εἴπῃ	ei)/ph|	εἶπον	ei)=pon	v3sasa---
εἴπῃς	ei)/ph|s	εἶπον	ei)=pon	v2sasa---
εἴπῃς	ei)/ph|s	εἶπον	ei)=pon	v2sasa---
εἴσεισίν	ei)/seisi/n	εἴσειμι	ei)/seimi	v3spia---
εἴτε	ei)/te	εἴτε	ei)/te	d--------
εἵπετο	ei(/peto	ἕπομαι	e(/pomai	v3siie---
εἶ	ei)=	εἰ	ei)	c--------
εἶ	ei)=	εἶμι	ei)=mi	v2spia---
εἶ	ei)=	εἰμί	ei)mi/	v2spia---
εἶδον	ei)=don	εἶδον	ei)=don	v3paia---
εἶδον	ei)=don	εἶδον	ei)=don	v1saia---
εἶμεν	ei)=men	εἰμί	ei)mi/	v1ppoa---
εἶναι	ei)=nai	εἰμί	ei)mi/	v--pna---
εἶπεν	ei)=pen	εἶπον	ei)=pon	v3saia---
εἶπεν	ei)=pen	εἶπον	ei)=pon	v3saia---
εἶπεν	ei)=pen	εἶπον	ei)=pon	v3saia---
εἶπεν	ei)=pen	εἶπον	ei)=pon	v3saia---
εἶχεν	ei)=xen	ἔχω	e)/xw	v3siia---
εὐγενεῖς	eu)genei=s	εὐγενής	eu)genh/s	n-p---ma-
εὐγενεῖς	eu)genei=s	εὐγενής	eu)genh/s	n-p---fa-
εὐγενεῖς	eu)genei=s	εὐγενής	eu)genh/s	n-p---mn-
εὐγενεῖς	eu)genei=s	εὐγενής	eu)genh/s	n-p---mv-
εὐγενεῖς	eu)genei=s	εὐγενής	eu)genh/s	n-p---fn-
εὐγενεῖς	eu)genei=s	εὐγενής	eu)genh/s	n-p---fv-
εὐγενέσι	eu)gene/si	εὐγενής	eu)genh/s	n-p---md-
εὐγενέσι	eu)gene/si	εὐγενής	eu)genh/s	n-p---fd-
εὐγενέσι	eu)gene/si	εὐγενής	eu)genh/s	n-p---nd-
εὐγενῶν	eu)genw=n	εὐγενής	eu)genh/s	n-p---mg-
εὐγενῶν	eu)genw=n	εὐγενής	eu)genh/s	n-p---fg-
εὐγενῶν	eu)genw=n	εὐγενής	eu)genh/s	n-p---ng-
εὐδαιμονεστέρας	eu)daimoneste/ras	εὐδαίμων	eu)dai/mwn	n-p---fa-
εὐδαιμονεστέρας	eu)daimoneste/ras	εὐδαίμων	eu)dai/mwn	n-s---fg-
εὐδαιμονέστερος	eu)daimone/steros	εὐδαίμων	eu)dai/mwn	n-s---mn-
εὐδαιμόνων	eu)daimo/nwn	εὐδαίμων	eu)dai/mwn	n-p----g-
εὐδαίμονα	eu)dai/mona	εὐδαίμων	eu)dai/mwn	n-p---nn-
εὐδαίμονα	eu)dai/mona	εὐδαίμων	eu)dai/mwn	n-p---nv-
εὐδαίμονα	eu)dai/mona	εὐδαίμων	eu)dai/mwn	n-p---na-
εὐδαίμονα	eu)dai/mona	εὐδαίμων	eu)dai/mwn	n-s---ma-
εὐδαίμονα	eu)dai/mona	εὐδαίμων	eu)dai/mwn	n-s---fa-
εὐδαίμονας	eu)dai/monas	εὐδαίμων	eu)dai/mwn	n-p---ma-
εὐδαίμονας	eu)dai/monas	εὐδαίμων	eu)dai/mwn	n-p---fa-
εὐδαίμονες	eu)dai/mones	εὐδαίμων	eu)dai/mwn	n-p---mn-
εὐδαίμονες	eu)dai/mones	εὐδαίμων	eu)dai/mwn	n-p---mv-
εὐδαίμονες	eu)dai/mones	εὐδαίμων	eu)dai/mwn	n-p---fn-
εὐδαίμονες	eu)dai/mones	εὐδαίμων	eu)dai/mwn	n-p---fv-
εὐδαίμων	eu)dai/mwn	εὐδαίμων	eu)dai/mwn	n-s---mn-
εὐδαίμων	eu)dai/mwn	εὐδαίμων	eu)dai/mwn	n-s---fn-
εὐτυχεστέρους	eu)tuxeste/rous	εὐτυχής	eu)tuxh/s	n-p---ma-
εὐτυχής	eu)tuxh/s	εὐτυχής	eu)tuxh/s	n-s---mn-
εὐτυχής	eu)tuxh/s	εὐτυχής	eu)tuxh/s	n-s---fn-
εὑροῦσαι	eu(rou=sai	εὑρίσκω	eu(ri/skw	v-papafn-
εὑροῦσαι	eu(rou=sai	εὑρίσκω	eu(ri/skw	v-papafv-
εὔδαιμον	eu)/daimon	εὐδαίμων	eu)dai/mwn	n-s---mv-
εὔδαιμον	eu)/daimon	εὐδαίμων	eu)dai/mwn	n-s---fv-
εὔδαιμον	eu)/daimon	εὐδαίμων	eu)dai/mwn	n-s---nn-
εὔδαιμον	eu)/daimon	εὐδαίμων	eu)dai/mwn	n-s---nv-
εὔδαιμον	eu)/daimon	εὐδαίμων	eu)dai/mwn	n-s---na-
εὕρωμεν	eu(/rwmen	εὑρίσκω	eu(ri/skw	v1pasa---
εὕρωμεν	eu(/rwmen	εὑρίσκω	eu(ri/skw	v1pasa---
εὖ	eu)=	εὖ	eu)=	d--------
ζητήσεθ’	zhth/seq'	ζητέω	zhte/w	v2pasa---
ζητήσεθ’	zhth/seq'	ζητέω	zhte/w	v2pfia---
ζητήσεθ’	zhth/seq'	ζητέω	zhte/w	v3sasm---
ζητήσεθ’	zhth/seq'	ζητέω	zhte/w	v3sfim---
ζητῶμέν	zhtw=me/n	ζητέω	zhte/w	v1ppsa---
ζωγράφος	zwgra/fos	ζωγράφος	zwgra/fos	n-s---mn-
ζωγράφου	zwgra/fou	ζώγραφος	zw/grafos	n-s---mg-
ζωγράφου	zwgra/fou	ζωγράφος	zwgra/fos	n-s---mg-
ζωγράφων	zwgra/fwn	ζώγραφος	zw/grafos	n-p---mg-
ζωγράφων	zwgra/fwn	ζωγράφος	zwgra/fos	n-p---mg-
ζῴου	zw/|ou	ζώιον	zw/ion	n-s---ng-
ζῴου	zw/|ou	ζῷον	zw=|on	n-s---ng-
ζῴου	zw/|ou	ζῳόω	zw|o/w	v2spma---
ζῴου	zw/|ou	ζῳόω	zw|o/w	v3siia---
ζῴων	zw/|wn	ζώιον	zw/ion	n-p---ng-
ζῴων	zw/|wn	ζῷον	zw=|on	n-p---ng-
ζῴων	zw/|wn	ζῳόω	zw|o/w	v3piia---
ζῴων	zw/|wn	ζῳόω	zw|o/w	v1siia---
ζῷα	zw=|a	ζώιον	zw/ion	n-p---nn-
ζῷα	zw=|a	ζώιον	zw/ion	n-p---nv-
ζῷα	zw=|a	ζώιον	zw/ion	n-p---na-
ζῷα	zw=|a	ζῷον	zw=|on	n-p---nn-
ζῷα	zw=|a	ζῷον	zw=|on	n-p---nv-
ζῷα	zw=|a	ζῷον	zw=|on	n-p---na-
ζῷον	zw=|on	ζώιον	zw/ion	n-s---nn-
ζῷον	zw=|on	ζώιον	zw/ion	n-s---nv-
ζῷον	zw=|on	ζώιον	zw/ion	n-s---na-
ζῷον	zw=|on	ζῷον	zw=|on	n-s---nn-
ζῷον	zw=|on	ζῷον	zw=|on	n-s---nv-
ζῷον	zw=|on	ζῷον	zw=|on	n-s---na-
θαλάττης	qala/tths	θάλασσα	qa/lassa	n-s---fg-
θαλάττῃ	qala/tth|	θάλασσα	qa/lassa	n-s---fd-
θανάτου	qana/tou	θάνατος	qa/natos	n-s---mg-
θανάτου	qana/tou	θανατόω	qanato/w	v2spma---
θανάτου	qana/tou	θανατόω	qanato/w	v3siia---
θεοί	qeoi/	θεός	qeo/s	n-p---mn-
θεοί	qeoi/	θεός	qeo/s	n-p---mv-
θεούς	qeou/s	θεός	qeo/s	n-p---ma-
θεοῖς	qeoi=s	θεάω	qea/w	v2spoa---
θεοῖς	qeoi=s	θεός	qeo/s	n-p---md-
θεοῦ	qeou=	θεάομαι	qea/omai	v2spme---
θεοῦ	qeou=	θεάομαι	qea/omai	v2siie---
θεοῦ	qeou=	θεάω	qea/w	v2spme---
θεοῦ	qeou=	θεάω	qea/w	v2siie---
θεοῦ	qeou=	θεός	qeo/s	n-s---mg-
θεάτρου	qea/trou	θέατρον	qe/atron	n-s---ng-
θεόν	qeo/n	θεός	qeo/s	n-s---ma-
θεός	qeo/s	θεός	qeo/s	n-s---mn-
θεός·	qeo/s:	θεός	qeo/s	n-s---mn-
θεῖναι	qei=nai	θείνω	qei/nw	v2samm---
θεῖναι	qei=nai	θείνω	qei/nw	v--ana---
θεῖναι	qei=nai	τίθημι	ti/qhmi	v--ana---
θεῶν	qew=n	θέα	qe/a	n-p---fg-
θεῶν	qew=n	θεά	qea/	n-p---fg-
θεῶν	qew=n	θεάω	qea/w	v-sppamv-
θεῶν	qew=n	θεάω	qea/w	v-sppann-
θεῶν	qew=n	θεάω	qea/w	v-sppanv-
θεῶν	qew=n	θεάω	qea/w	v-sppana-
θεῶν	qew=n	θεάω	qea/w	v-sppamn-
θεῶν	qew=n	θεάω	qea/w	v-sppamn-
θεῶν	qew=n	θεός	qeo/s	n-p---mg-
θεῷ	qew=|	θεάω	qea/w	v3spoa---
θεῷ	qew=|	θεός	qeo/s	n-s---md-
θυγατρί	qugatri/	θυγάτηρ	quga/thr	n-s---fd-
θυγατρί	qugatri/	θυγάτηρ	quga/thr	n-s---fd-
θυγατέρα	qugate/ra	θυγάτηρ	quga/thr	n-s---fa-
θυγατέρας	qugate/ras	θυγάτηρ	quga/thr	n-p---fa-
θυγατέρες	qugate/res	θυγάτηρ	quga/thr	n-p---fn-
θυγατέρες	qugate/res	θυγάτηρ	quga/thr	n-p---fv-
θυσιῶν	qusiw=n	θυσία	qusi/a	n-p---fg-
θυσιῶν	qusiw=n	θυσιάζω	qusia/zw	v-sfpamv-
θυσιῶν	qusiw=n	θυσιάζω	qusia/zw	v-sfpann-
θυσιῶν	qusiw=n	θυσιάζω	qusia/zw	v-sfpanv-
θυσιῶν	qusiw=n	θυσιάζω	qusia/zw	v-sfpana-
θυσιῶν	qusiw=n	θυσιάζω	qusia/zw	v-sfpamn-
θυσίαν	qusi/an	θυσία	qusi/a	n-s---fa-
θυσίας	qusi/as	θυσία	qusi/a	n-p---fa-
θυσίας	qusi/as	θυσία	qusi/a	n-s---fg-
θυσόμεθα	quso/meqa	θύω1	qu/w1	v1pasm---
θυσόμεθα	quso/meqa	θύω1	qu/w1	v1pfim---
θυσόμεθα	quso/meqa	θύω2	qu/w2	v1pasm---
θυσόμεθα	quso/meqa	θύω2	qu/w2	v1pfim---
θυσώμεθα	qusw/meqa	θύω1	qu/w1	v1pasm---
θυσώμεθα	qusw/meqa	θύω2	qu/w2	v1pasm---
θάλατταν	qa/lattan	θάλασσα	qa/lassa	n-s---fa-
θάνατον	qa/naton	θάνατος	qa/natos	n-s---ma-
θάνατος	qa/natos	θάνατος	qa/natos	n-s---mn-
θάπτονται	qa/ptontai	θάπτω	qa/ptw	v3ppie---
θάττονες	qa/ttones	θάσσων	qa/sswn	a-p---mn-
θάττονες	qa/ttones	θάσσων	qa/sswn	a-p---mv-
θάττονες	qa/ttones	θάσσων	qa/sswn	a-p---fn-
θάττονες	qa/ttones	θάσσων	qa/sswn	a-p---fv-
θάττονες	qa/ttones	ταχύς	taxu/s	a-p---mn-
θάττονες	qa/ttones	ταχύς	taxu/s	a-p---mv-
θάττονες	qa/ttones	ταχύς	taxu/s	a-p---fn-
θάττονες	qa/ttones	ταχύς	taxu/s	a-p---fv-
θάττων	qa/ttwn	θάσσω	qa/ssw	v-sppamn-
θάττων	qa/ttwn	θάσσων	qa/sswn	a-s---mn-
θάττων	qa/ttwn	θάσσων	qa/sswn	a-s---fn-
θάττων	qa/ttwn	ταχύς	taxu/s	a-s---mn-
θάττων	qa/ttwn	ταχύς	taxu/s	a-s---fn-
θάψομεν	qa/yomen	θάπτω	qa/ptw	v1pasa---
θάψομεν	qa/yomen	θάπτω	qa/ptw	v1pfia---
θύγατερ	qu/gater	θυγάτηρ	quga/thr	n-s---fv-
θύγατέρ	qu/gate/r	θυγάτηρ	quga/thr	n-s---fv-
θύει	qu/ei	θύος	qu/os	n-d----n-
θύει	qu/ei	θύος	qu/os	n-d----v-
θύει	qu/ei	θύος	qu/os	n-d----a-
θύει	qu/ei	θύος	qu/os	n-s----d-
θύει	qu/ei	θύος	qu/os	n-s----d-
θύει	qu/ei	θύος	qu/os	n-d---nn-
θύει	qu/ei	θύος	qu/os	n-d---nv-
θύει	qu/ei	θύος	qu/os	n-d---na-
θύει	qu/ei	θύος	qu/os	n-s---nd-
θύει	qu/ei	θύος	qu/os	n-s---nd-
θύει	qu/ei	θύω1	qu/w1	v2spie---
θύει	qu/ei	θύω1	qu/w1	v3spia---
θύει	qu/ei	θύω2	qu/w2	v2spie---
θύει	qu/ei	θύω2	qu/w2	v3spia---
θύει	qu/ei	θυάω	qua/w	v2spma---
θύει	qu/ei	θυάω	qua/w	v3siia---
θύειν	qu/ein	θύω1	qu/w1	v--pna---
θύειν	qu/ein	θύω2	qu/w2	v--pna---
θύοιεν	qu/oien	θύω1	qu/w1	v3ppoa---
θύοιεν	qu/oien	θύω2	qu/w2	v3ppoa---
θύοιεν	qu/oien	θυάω	qua/w	v3ppoa---
θύοιεν	qu/oien	θυόω	quo/w	v3ppoa---
θύονται	qu/ontai	θύω1	qu/w1	v3ppie---
θύονται	qu/ontai	θύω2	qu/w2	v3ppie---
θύσαιμεν	qu/saimen	θύω1	qu/w1	v1paoa---
θύσαιμεν	qu/saimen	θύω2	qu/w2	v1paoa---
θύσει	qu/sei	θύσις	qu/sis	n-d---fn-
θύσει	qu/sei	θύσις	qu/sis	n-d---fv-
θύσει	qu/sei	θύσις	qu/sis	n-d---fa-
θύσει	qu/sei	θύσις	qu/sis	n-s---fd-
θύσει	qu/sei	θύσις	qu/sis	n-s---fd-
θύσει	qu/sei	θύω1	qu/w1	v3sasa---
θύσει	qu/sei	θύω1	qu/w1	v2sfim---
θύσει	qu/sei	θύω1	qu/w1	v3sfia---
θύσει	qu/sei	θύω2	qu/w2	v3sasa---
θύσει	qu/sei	θύω2	qu/w2	v2sfim---
θύσει	qu/sei	θύω2	qu/w2	v3sfia---
θύσει	qu/sei	θῦσις	qu=sis	n-d---fn-
θύσει	qu/sei	θῦσις	qu=sis	n-d---fv-
θύσει	qu/sei	θῦσις	qu=sis	n-d---fa-
θύσει	qu/sei	θῦσις	qu=sis	n-s---fd-
θύσει	qu/sei	θῦσις	qu=sis	n-s---fd-
θύσειαν	qu/seian	θύω1	qu/w1	v3paoa---
θύσειαν	qu/seian	θύω2	qu/w2	v3paoa---
θύσοιεν	qu/soien	θύω1	qu/w1	v3pfoa---
θύσοιεν	qu/soien	θύω2	qu/w2	v3pfoa---
θύσωμεν	qu/swmen	θύω1	qu/w1	v1pasa---
θύσωμεν	qu/swmen	θύω2	qu/w2	v1pasa---
θύω	qu/w	θύον	qu/on	n-d---nn-
θύω	qu/w	θύον	qu/on	n-d---nv-
θύω	qu/w	θύον	qu/on	n-d---na-
θύω	qu/w	θύον	qu/on	n-s---ng-
θύω	qu/w	θύω1	qu/w1	v1spsa---
θύω	qu/w	θύω1	qu/w1	v1spia---
θύω	qu/w	θύω2	qu/w2	v1spsa---
θύω	qu/w	θύω2	qu/w2	v1spia---
θύω	qu/w	θυόω	quo/w	v2spma---
θύω	qu/w	θυόω	quo/w	v3siia---
θύων	qu/wn	θύον	qu/on	n-p---ng-
θύων	qu/wn	θύω1	qu/w1	v-sppamn-
θύων	qu/wn	θύω2	qu/w2	v-sppamn-
θύων	qu/wn	θυάω	qua/w	v3piia---
θύων	qu/wn	θυάω	qua/w	v1siia---
θᾶττον	qa=tton	θάσσων	qa/sswn	a-s---mv-
θᾶττον	qa=tton	θάσσων	qa/sswn	a-s---fv-
θᾶττον	qa=tton	θάσσων	qa/sswn	a-s---nn-
θᾶττον	qa=tton	θάσσων	qa/sswn	a-s---nv-
θᾶττον	qa=tton	θάσσων	qa/sswn	a-s---na-
θᾶττον	qa=tton	ταχύς	taxu/s	a-s---mv-
θᾶττον	qa=tton	ταχύς	taxu/s	a-s---fv-
θᾶττον	qa=tton	ταχύς	taxu/s	a-s---nn-
θᾶττον	qa=tton	ταχύς	taxu/s	a-s---nv-
θᾶττον	qa=tton	ταχύς	taxu/s	a-s---na-
θῇς	qh=|s	θάζω	qa/zw	v2sfia---
θῇς	qh=|s	θέω	qe/w	v2spsa---
θῇς	qh=|s	τίθημι	ti/qhmi	v2sasa---
θῇς	qh=|s	τίθημι	ti/qhmi	v2sasa---
θῦσαι	qu=sai	θύω1	qu/w1	v2samm---
θῦσαι	qu=sai	θύω1	qu/w1	v--ana---
θῦσαι	qu=sai	θύω2	qu/w2	v2samm---
θῦσαι	qu=sai	θύω2	qu/w2	v--ana---
θῶσι	qw=si	θάζω	qa/zw	v-pfpamd-
θῶσι	qw=si	θάζω	qa/zw	v-pfpand-
θῶσι	qw=si	θάζω	qa/zw	v3pfia---
θῶσι	qw=si	θέω	qe/w	v3ppsa---
θῶσι	qw=si	τίθημι	ti/qhmi	v3pasa---
θῶσι	qw=si	τίθημι	ti/qhmi	v3pasa---
καθιστάς	kaqista/s	καθίστημι	kaqi/sthmi	v-sppamn-
καθιστάς	kaqista/s	καθίστημι	kaqi/sthmi	v-sppamv-
καθίστη	kaqi/sth	καθίστημι	kaqi/sthmi	v3siia---
καθίστη	kaqi/sth	καθίστημι	kaqi/sthmi	v2spma---
καθίστη	kaqi/sth	καθίστημι	kaqi/sthmi	v3siia---
καθίστη	kaqi/sth	καθιστάω	kaqista/w	v2spma---
καθίστη	kaqi/sth	καθιστάω	kaqista/w	v2spma---
καθίστη	kaqi/sth	καθιστάω	kaqista/w	v3siia---
καθίστη	kaqi/sth	καθιστάω	kaqista/w	v2spma---
καινοῖς	kainoi=s	καινέω	kaine/w	v2spoa---
καινοῖς	kainoi=s	καινός	kaino/s	a-p---md-
καινοῖς	kainoi=s	καινός	kaino/s	a-p---nd-
καινοῖς	kainoi=s	καινόω	kaino/w	v2spoa---
καινοῖς	kainoi=s	καινόω	kaino/w	v2spsa---
καινοῖς	kainoi=s	καινόω	kaino/w	v2spia---
καιρόν	kairo/n	καιρός	kairo/s	n-s---ma-
καιρῷ	kairw=|	καιρός	kairo/s	n-s---md-
κακοί	kakoi/	κακός	kako/s	a-p---mn-
κακοί	kakoi/	κακός	kako/s	a-p---mv-
κακοί	kakoi/	κακόω	kako/w	v2spse---
κακοί	kakoi/	κακόω	kako/w	v2spie---
κακοί	kakoi/	κακόω	kako/w	v3spsa---
κακούς	kakou/s	κακός	kako/s	a-p---ma-
κακοῖς	kakoi=s	κακός	kako/s	a-p---md-
κακοῖς	kakoi=s	κακός	kako/s	a-p---nd-
κακοῖς	kakoi=s	κακόω	kako/w	v2spoa---
κακοῖς	kakoi=s	κακόω	kako/w	v2spsa---
κακοῖς	kakoi=s	κακόω	kako/w	v2spia---
κακοῦ	kakou=	κακός	kako/s	a-s---mg-
κακοῦ	kakou=	κακός	kako/s	a-s---ng-
κακοῦ	kakou=	κακόω	kako/w	v2spme---
κακοῦ	kakou=	κακόω	kako/w	v2siie---
κακά	kaka/	κακός	kako/s	a-p---nn-
κακά	kaka/	κακός	kako/s	a-p---nv-
κακά	kaka/	κακός	kako/s	a-p---na-
κακά	kaka/	κακός	kako/s	a-d---fn-
κακά	kaka/	κακός	kako/s	a-d---fv-
κακά	kaka/	κακός	kako/s	a-d---fa-
κακά	kaka/	κακός	kako/s	a-s---fn-
κακά	kaka/	κακός	kako/s	a-s---fv-
κακή	kakh/	κακός	kako/s	a-s---fn-
κακή	kakh/	κακός	kako/s	a-s---fv-
κακίονες	kaki/ones	κακός	kako/s	a-p---mn-
κακίονες	kaki/ones	κακός	kako/s	a-p---mv-
κακίονες	kaki/ones	κακός	kako/s	a-p---fn-
κακίονες	kaki/ones	κακός	kako/s	a-p---fv-
κακίων	kaki/wn	κακός	kako/s	a-s---mn-
κακίων	kaki/wn	κακός	kako/s	a-s---fn-
κακίων	kaki/wn	κηκίω	khki/w	v-sppamn-
κακόν	kako/n	κακός	kako/s	a-s---ma-
κακόν	kako/n	κακός	kako/s	a-s---nn-
κακόν	kako/n	κακός	kako/s	a-s---nv-
κακόν	kako/n	κακός	kako/s	a-s---na-
κακός	kako/s	κακός	kako/s	a-s---mn-
κακῶν	kakw=n	κάκη	ka/kh	n-p---fg-
κακῶν	kakw=n	κακάζω	kaka/zw	v-sfpamv-
κακῶν	kakw=n	κακάζω	kaka/zw	v-sfpann-
κακῶν	kakw=n	κακάζω	kaka/zw	v-sfpanv-
κακῶν	kakw=n	κακάζω	kaka/zw	v-sfpana-
κακῶν	kakw=n	κακάζω	kaka/zw	v-sfpamn-
κακῶν	kakw=n	κακός	kako/s	a-p---fg-
κακῶν	kakw=n	κακός	kako/s	a-p---mg-
κακῶν	kakw=n	κακός	kako/s	a-p---ng-
κακῶν	kakw=n	κακόω	kako/w	v-sppamv-
κακῶν	kakw=n	κακόω	kako/w	v-sppann-
κακῶν	kakw=n	κακόω	kako/w	v-sppanv-
κακῶν	kakw=n	κακόω	kako/w	v-sppana-
κακῶν	kakw=n	κακόω	kako/w	v-sppamn-
κακῶν	kakw=n	κακόω	kako/w	v--pna---
κακῶς	kakw=s	κακός	kako/s	x--------
κακῶς	kakw=s	κακόω	kako/w	v2spia---
καλαῖς	kalai=s	καλός	kalo/s	a-p---fd-
καλείσθω	kalei/sqw	καλέω	kale/w	v3spme---
καλεῖς	kalei=s	καλέω	kale/w	v2sfia---
καλεῖς	kalei=s	καλέω	kale/w	v2spia---
καλλιόνων	kallio/nwn	καλός	kalo/s	a-p----g-
καλλίους	kalli/ous	καλλίων	kalli/wn	a-p---ma-
καλλίους	kalli/ous	καλλίων	kalli/wn	a-p---fa-
καλλίους	kalli/ous	καλλιόω	kallio/w	v2siia---
καλλίους	kalli/ous	καλός	kalo/s	a-p---mn-
καλλίους	kalli/ous	καλός	kalo/s	a-p---ma-
καλλίους	kalli/ous	καλός	kalo/s	a-p---fn-
καλλίους	kalli/ous	καλός	kalo/s	a-p---fa-
καλλίους	kalli/ous	καλός	kalo/s	a-p---ma-
καλλίους	kalli/ous	καλός	kalo/s	a-p---fa-
καλουμένους	kaloume/nous	καλέω	kale/w	v-pfpmma-
καλουμένους	kaloume/nous	καλέω	kale/w	v-pppema-
καλουμένων	kaloume/nwn	καλέω	kale/w	v-pfpmfg-
καλουμένων	kaloume/nwn	καλέω	kale/w	v-pfpmmg-
καλουμένων	kaloume/nwn	καλέω	kale/w	v-pfpmng-
καλουμένων	kaloume/nwn	καλέω	kale/w	v-pppefg-
καλουμένων	kaloume/nwn	καλέω	kale/w	v-pppemg-
καλουμένων	kaloume/nwn	καλέω	kale/w	v-pppeng-
καλοί	kaloi/	καλός	kalo/s	a-p---mn-
καλοί	kaloi/	καλός	kalo/s	a-p---mv-
καλούς	kalou/s	καλός	kalo/s	a-p---ma-
καλοῖς	kaloi=s	καλέω	kale/w	v2sfoa---
καλοῖς	kaloi=s	καλέω	kale/w	v2spoa---
καλοῖς	kaloi=s	καλός	kalo/s	a-p---md-
καλοῖς	kaloi=s	καλός	kalo/s	a-p---nd-
καλοῦ	kalou=	καλέω	kale/w	v2spme---
καλοῦ	kalou=	καλέω	kale/w	v2siie---
καλοῦ	kalou=	καλός	kalo/s	a-s---mg-
καλοῦ	kalou=	καλός	kalo/s	a-s---ng-
καλοῦσι	kalou=si	καλέω	kale/w	v-pfpamd-
καλοῦσι	kalou=si	καλέω	kale/w	v-pfpand-
καλοῦσι	kalou=si	καλέω	kale/w	v3pfia---
καλοῦσι	kalou=si	καλέω	kale/w	v-pppamd-
καλοῦσι	kalou=si	καλέω	kale/w	v-pppand-
καλοῦσι	kalou=si	καλέω	kale/w	v3ppia---
καλά	kala/	καλός	kalo/s	a-p---nn-
καλά	kala/	καλός	kalo/s	a-p---nv-
καλά	kala/	καλός	kalo/s	a-p---na-
καλά	kala/	καλός	kalo/s	a-d---fn-
καλά	kala/	καλός	kalo/s	a-d---fv-
καλά	kala/	καλός	kalo/s	a-d---fa-
καλά	kala/	καλός	kalo/s	a-s---fn-
καλά	kala/	καλός	kalo/s	a-s---fv-
καλάς	kala/s	καλός	kalo/s	a-p---fa-
καλέσαι	kale/sai	καλέω	kale/w	v--ana---
καλέσαι	kale/sai	καλέω	kale/w	v3saoa---
καλή	kalh/	καλός	kalo/s	a-s---fn-
καλή	kalh/	καλός	kalo/s	a-s---fv-
καλήν	kalh/n	καλός	kalo/s	a-s---fa-
καλόν	kalo/n	καλός	kalo/s	a-s---ma-
καλόν	kalo/n	καλός	kalo/s	a-s---nn-
καλόν	kalo/n	καλός	kalo/s	a-s---nv-
καλόν	kalo/n	καλός	kalo/s	a-s---na-
καλός	kalo/s	καλός	kalo/s	a-s---mn-
καλῆς	kalh=s	καλέω	kale/w	v2sfia---
καλῆς	kalh=s	καλέω	kale/w	v2spia---
καλῆς	kalh=s	καλός	kalo/s	a-s---fg-
καλῇ	kalh=|	καλέω	kale/w	v2sfim---
καλῇ	kalh=|	καλέω	kale/w	v2spse---
καλῇ	kalh=|	καλέω	kale/w	v2spie---
καλῇ	kalh=|	καλέω	kale/w	v3spsa---
καλῇ	kalh=|	καλός	kalo/s	a-s---fd-
καλῶς	kalw=s	καλός	kalo/s	x--------
καταβληθέντων	katablhqe/ntwn	καταβάλλω	kataba/llw	v-pappmg-
καταβληθέντων	katablhqe/ntwn	καταβάλλω	kataba/llw	v-pappng-
καταλαβεῖν	katalabei=n	καταλαμβάνω	katalamba/nw	v--ana---
καταλαμβανόντων	katalambano/ntwn	καταλαμβάνω	katalamba/nw	v-pppamg-
καταλαμβανόντων	katalambano/ntwn	καταλαμβάνω	katalamba/nw	v-pppang-
καταλαμβανόντων	katalambano/ntwn	καταλαμβάνω	katalamba/nw	v3ppma---
καταλυθήσεται	kataluqh/setai	καταλύω	katalu/w	v3sfip---
καταλυθήσονται	kataluqh/sontai	καταλύω	katalu/w	v3pfip---
καταλυτέα	katalute/a	καταλυτέος	katalute/os	n-p---nn-
καταλυτέα	katalute/a	καταλυτέος	katalute/os	n-p---nv-
καταλυτέα	katalute/a	καταλυτέος	katalute/os	n-p---na-
καταλυτέα	katalute/a	καταλυτέος	katalute/os	n-d---fn-
καταλυτέα	katalute/a	καταλυτέος	katalute/os	n-d---fv-
καταλυτέα	katalute/a	καταλυτέος	katalute/os	n-d---fa-
καταλυτέα	katalute/a	καταλυτέος	katalute/os	n-s---fn-
καταλυτέα	katalute/a	καταλυτέος	katalute/os	n-s---fv-
καταλυτέον	katalute/on	καταλυτέος	katalute/os	n-s---ma-
καταλυτέον	katalute/on	καταλυτέος	katalute/os	n-s---nn-
καταλυτέον	katalute/on	καταλυτέος	katalute/os	n-s---nv-
καταλυτέον	katalute/on	καταλυτέος	katalute/os	n-s---na-
καταλυόντων	kataluo/ntwn	καταλύω	katalu/w	v-pppamg-
καταλυόντων	kataluo/ntwn	καταλύω	katalu/w	v-pppang-
καταλυόντων	kataluo/ntwn	καταλύω	katalu/w	v3ppma---
καταλυόντων	kataluo/ntwn	καταλύω	katalu/w	v-pppamg-
καταλυόντων	kataluo/ntwn	καταλύω	katalu/w	v-pppang-
καταλυόντων	kataluo/ntwn	καταλύω	katalu/w	v3ppma---
καταλύει	katalu/ei	καταλύω	katalu/w	v2spie---
καταλύει	katalu/ei	καταλύω	katalu/w	v3spia---
καταλύει	katalu/ei	καταλύω	katalu/w	v2spie---
καταλύει	katalu/ei	καταλύω	katalu/w	v3spia---
καταλύου	katalu/ou	καταλύω	katalu/w	v2spme---
καταλύου	katalu/ou	καταλύω	katalu/w	v2spme---
καταλύου	katalu/ou	καταλύω	katalu/w	v2siie---
καταλύου	katalu/ou	καταλύω	katalu/w	v2siie---
καταλύσας	katalu/sas	καταλύω	katalu/w	v-sapamn-
καταλύσας	katalu/sas	καταλύω	katalu/w	v-sapamv-
καταλύσομεν	katalu/somen	καταλύω	katalu/w	v1pasa---
καταλύσομεν	katalu/somen	καταλύω	katalu/w	v1pfia---
καταλῦσαι	katalu=sai	καταλύω	katalu/w	v--ana---
κατεπέμφθης	katepe/mfqhs	καταπέμπω	katape/mpw	v2saip---
κατά	kata/	κατά	kata/	r--------
κατέβημεν	kate/bhmen	καταβαίνω	katabai/nw	v1paia---
κατέστησαν	kate/sthsan	καθίστημι	kaqi/sthmi	v3paia---
κατέστησαν	kate/sthsan	καθίστημι	kaqi/sthmi	v3paia---
καί	kai/	καί	kai/	c--------
καίπερ	kai/per	καίπερ	kai/per	g--------
καίτοι	kai/toi	καίτοι	kai/toi	g--------
κειμένους	keime/nous	κεῖμαι	kei=mai	v-prpema-
κειμένους	keime/nous	κεῖμαι	kei=mai	v-pppema-
κεκλοφότας	keklofo/tas	κλέπτω	kle/ptw	v-prpama-
κεκλοφότες	keklofo/tes	κλέπτω	kle/ptw	v-prpamn-
κεκλοφότες	keklofo/tes	κλέπτω	kle/ptw	v-prpamv-
κεκλοφώς	keklofw/s	κλέπτω	kle/ptw	v-srpamn-
κεκλοφώς	keklofw/s	κλέπτω	kle/ptw	v-srpamv-
κεκλόφασιν	keklo/fasin	κλέπτω	kle/ptw	v3pria---
κελεύετε	keleu/ete	κελεύω	keleu/w	v2ppma---
κελεύετε	keleu/ete	κελεύω	keleu/w	v2ppia---
κελεύετε	keleu/ete	κελεύω	keleu/w	v2piia---
κελεύοι	keleu/oi	κελεύω	keleu/w	v3spoa---
κελεύσει	keleu/sei	κέλευσις	ke/leusis	n-d---fn-
κελεύσει	keleu/sei	κέλευσις	ke/leusis	n-d---fv-
κελεύσει	keleu/sei	κέλευσις	ke/leusis	n-d---fa-
κελεύσει	keleu/sei	κέλευσις	ke/leusis	n-s---fd-
κελεύσει	keleu/sei	κέλευσις	ke/leusis	n-s---fd-
κελεύσει	keleu/sei	κελεύω	keleu/w	v3sasa---
κελεύσει	keleu/sei	κελεύω	keleu/w	v2sfim---
κελεύσει	keleu/sei	κελεύω	keleu/w	v3sfia---
κελεύσειεν	keleu/seien	κελεύω	keleu/w	v3saoa---
κελεύσοντα	keleu/sonta	κελεύω	keleu/w	v-pfpann-
κελεύσοντα	keleu/sonta	κελεύω	keleu/w	v-pfpanv-
κελεύσοντα	keleu/sonta	κελεύω	keleu/w	v-pfpana-
κελεύσοντα	keleu/sonta	κελεύω	keleu/w	v-sfpama-
κελεύσουσι	keleu/sousi	κελεύω	keleu/w	v3pasa---
κελεύσουσι	keleu/sousi	κελεύω	keleu/w	v-pfpamd-
κελεύσουσι	keleu/sousi	κελεύω	keleu/w	v-pfpand-
κελεύσουσι	keleu/sousi	κελεύω	keleu/w	v3pfia---
κεῖνται	kei=ntai	κεῖμαι	kei=mai	v3ppie---
κηρύκων	khru/kwn	κῆρυξ	kh=ruc	n-p---mg-
κινδύνους	kindu/nous	κίνδυνος	ki/ndunos	n-p---ma-
κινδύνων	kindu/nwn	κίνδυνος	ki/ndunos	n-p---mg-
κινδύνῳ	kindu/nw|	κίνδυνος	ki/ndunos	n-s---md-
κλεπτουσῶν	kleptousw=n	κλέπτω	kle/ptw	v-pppafg-
κλεψάσας	kleya/sas	κλέπτω	kle/ptw	v-papafa-
κληθήσονται	klhqh/sontai	καλέω	kale/w	v3pfip---
κλοπῆς	kloph=s	κλοπεύς	klopeu/s	n-p---mn-
κλοπῆς	kloph=s	κλοπεύς	klopeu/s	n-p---mn-
κλοπῆς	kloph=s	κλοπεύς	klopeu/s	n-p---mv-
κλοπῆς	kloph=s	κλοπή	kloph/	n-s---fg-
κλέπται	kle/ptai	κλέπτης	kle/pths	n-p---mn-
κλέπται	kle/ptai	κλέπτης	kle/pths	n-p---mv-
κλέπται	kle/ptai	κλέπτης	kle/pths	n-s---md-
κλέπτας	kle/ptas	κλέπτης	kle/pths	n-p---ma-
κλέπτας	kle/ptas	κλέπτης	kle/pths	n-s---mn-
κλέπτειν	kle/ptein	κλέπτω	kle/ptw	v--pna---
κλέπτοιεν	kle/ptoien	κλέπτω	kle/ptw	v3ppoa---
κλέπτοντα	kle/ptonta	κλέπτω	kle/ptw	v-pppann-
κλέπτοντα	kle/ptonta	κλέπτω	kle/ptw	v-pppanv-
κλέπτοντα	kle/ptonta	κλέπτω	kle/ptw	v-pppana-
κλέπτοντα	kle/ptonta	κλέπτω	kle/ptw	v-sppama-
κλέπτων	kle/ptwn	κλέπτω	kle/ptw	v-sppamn-
κλέψαι	kle/yai	κλέπτω	kle/ptw	v2samm---
κλέψαι	kle/yai	κλέπτω	kle/ptw	v--ana---
κλέψαι	kle/yai	κλέπτω	kle/ptw	v3saoa---
κλέψαντα	kle/yanta	κλέπτω	kle/ptw	v-papann-
κλέψαντα	kle/yanta	κλέπτω	kle/ptw	v-papanv-
κλέψαντα	kle/yanta	κλέπτω	kle/ptw	v-papana-
κλέψαντα	kle/yanta	κλέπτω	kle/ptw	v-sapama-
κλέψαντας	kle/yantas	κλέπτω	kle/ptw	v-papama-
κλέψαντες	kle/yantes	κλέπτω	kle/ptw	v-papamn-
κλέψαντες	kle/yantes	κλέπτω	kle/ptw	v-papamv-
κλέψασα	kle/yasa	κλέπτω	kle/ptw	v-sapafn-
κλέψασα	kle/yasa	κλέπτω	kle/ptw	v-sapafv-
κλέψωσιν	kle/ywsin	κλέπτω	kle/ptw	v3pasa---
κλέψῃς	kle/yh|s	κλέπτω	kle/ptw	v2sasa---
κοινά	koina/	κοινός	koino/s	a-p---nn-
κοινά	koina/	κοινός	koino/s	a-p---nv-
κοινά	koina/	κοινός	koino/s	a-p---na-
κοινά	koina/	κοινός	koino/s	a-d---fn-
κοινά	koina/	κοινός	koino/s	a-d---fv-
κοινά	koina/	κοινός	koino/s	a-d---fa-
κοινά	koina/	κοινός	koino/s	a-s---fn-
κοινά	koina/	κοινός	koino/s	a-s---fv-
κοινά	koina/	κοινός	koino/s	n-p---nn-
κοινά	koina/	κοινός	koino/s	n-p---nv-
κοινά	koina/	κοινός	koino/s	n-p---na-
κοινῶν	koinw=n	κοινός	koino/s	a-p---fg-
κοινῶν	koinw=n	κοινός	koino/s	a-p---mg-
κοινῶν	koinw=n	κοινός	koino/s	a-p---ng-
κοινῶν	koinw=n	κοινός	koino/s	n-p---mg-
κοινῶν	koinw=n	κοινός	koino/s	n-p---fg-
κοινῶν	koinw=n	κοινός	koino/s	n-p---ng-
κοινῶν	koinw=n	κοινόω	koino/w	v-sppamv-
κοινῶν	koinw=n	κοινόω	koino/w	v-sppann-
κοινῶν	koinw=n	κοινόω	koino/w	v-sppanv-
κοινῶν	koinw=n	κοινόω	koino/w	v-sppana-
κοινῶν	koinw=n	κοινόω	koino/w	v-sppamn-
κοινῶν	koinw=n	κοινόω	koino/w	v-sppamv-
κοινῶν	koinw=n	κοινόω	koino/w	v-sppann-
κοινῶν	koinw=n	κοινόω	koino/w	v-sppanv-
κοινῶν	koinw=n	κοινόω	koino/w	v-sppana-
κοινῶν	koinw=n	κοινόω	koino/w	v-sppamn-
κοινῶν	koinw=n	κοινόω	koino/w	v--pna---
κρείττους	krei/ttous	κρείσσων	krei/sswn	a-p---mn-
κρείττους	krei/ttous	κρείσσων	krei/sswn	a-p---ma-
κρείττους	krei/ttous	κρείσσων	krei/sswn	a-p---fn-
κρείττους	krei/ttous	κρείσσων	krei/sswn	a-p---fa-
κρείττους	krei/ttous	κρείσσων	krei/sswn	a-p---ma-
κρείττους	krei/ttous	κρείσσων	krei/sswn	a-p---fa-
κρείττους	krei/ttous	κρεισσόω	kreisso/w	v2siia---
κρείττω	krei/ttw	κρείσσων	krei/sswn	a-p---na-
κρείττω	krei/ttw	κρείσσων	krei/sswn	a-p---nn-
κρείττω	krei/ttw	κρείσσων	krei/sswn	a-s---ma-
κρείττω	krei/ttw	κρείσσων	krei/sswn	a-s---fa-
κρείττω	krei/ttw	κρεισσόω	kreisso/w	v3siia---
κρείττων	krei/ttwn	κρείσσων	krei/sswn	a-s---mn-
κρείττων	krei/ttwn	κρείσσων	krei/sswn	a-s---fn-
κρείττων	krei/ttwn	κρεισσόω	kreisso/w	v3piia---
κρείττων	krei/ttwn	κρεισσόω	kreisso/w	v1siia---
κράτος	kra/tos	κράτος	kra/tos	n-s---nn-
κράτος	kra/tos	κράτος	kra/tos	n-s---nv-
κράτος	kra/tos	κράτος	kra/tos	n-s---na-
κωλυθῶσιν	kwluqw=sin	κωλύω	kwlu/w	v3pasp---
κωλύσειαν	kwlu/seian	κωλύω	kwlu/w	v3paoa---
κωλύσωμεν	kwlu/swmen	κωλύω	kwlu/w	v1pasa---
κωλύσῃς	kwlu/sh|s	κωλύω	kwlu/w	v2sasa---
κάκιστός	ka/kisto/s	κακός	kako/s	a-s---mn-
κάλλει	ka/llei	κάλλος	ka/llos	n-d---nn-
κάλλει	ka/llei	κάλλος	ka/llos	n-d---nv-
κάλλει	ka/llei	κάλλος	ka/llos	n-d---na-
κάλλει	ka/llei	κάλλος	ka/llos	n-s---nd-
κάλλει	ka/llei	κάλλος	ka/llos	n-s---nd-
κάλλος	ka/llos	κάλλος	ka/llos	n-s---nn-
κάλλος	ka/llos	κάλλος	ka/llos	n-s---nv-
κάλλος	ka/llos	κάλλος	ka/llos	n-s---na-
κέρδους	ke/rdous	κέρδος	ke/rdos	n-s---ng-
κήρυκα	kh/ruka	κῆρυξ	kh=ruc	n-s---ma-
κήρυκας	kh/rukas	κῆρυξ	kh=ruc	n-p---ma-
κήρυκες	kh/rukes	κῆρυξ	kh=ruc	n-p---mn-
κήρυκες	kh/rukes	κῆρυξ	kh=ruc	n-p---mv-
κήρυκος	kh/rukos	κῆρυξ	kh=ruc	n-s---mg-
κῆρυξ	kh=ruc	κῆρυξ	kh=ruc	n-s---mn-
κῆρυξ	kh=ruc	κῆρυξ	kh=ruc	n-s---mv-
λαβεῖν	labei=n	λαμβάνω	lamba/nw	v--ana---
λαβοῦσα	labou=sa	λαμβάνω	lamba/nw	v-sapafn-
λαβοῦσα	labou=sa	λαμβάνω	lamba/nw	v-sapafv-
λαβοῦσαν	labou=san	λαμβάνω	lamba/nw	v-sapafa-
λαβόντες	labo/ntes	λαμβάνω	lamba/nw	v-papamn-
λαβόντες	labo/ntes	λαμβάνω	lamba/nw	v-papamv-
λαβών	labw/n	λαμβάνω	lamba/nw	v-sapamn-
λαμβάνοιεν	lamba/noien	λαμβάνω	lamba/nw	v3ppoa---
λαμβάνων	lamba/nwn	λαμβάνω	lamba/nw	v-sppamn-
λανθάνεις	lanqa/neis	λανθάνω	lanqa/nw	v2spia---
λεγέτω	lege/tw	λέγω1	le/gw1	v3spma---
λεγέτω	lege/tw	λέγω2	le/gw2	v3spma---
λεγέτω	lege/tw	λέγω3	le/gw3	v3spma---
λεγόμενα	lego/mena	λέγω1	le/gw1	v-pppenn-
λεγόμενα	lego/mena	λέγω1	le/gw1	v-pppenv-
λεγόμενα	lego/mena	λέγω1	le/gw1	v-pppena-
λεγόμενα	lego/mena	λέγω2	le/gw2	v-pppenn-
λεγόμενα	lego/mena	λέγω2	le/gw2	v-pppenv-
λεγόμενα	lego/mena	λέγω2	le/gw2	v-pppena-
λεγόμενα	lego/mena	λέγω3	le/gw3	v-pppenn-
λεγόμενα	lego/mena	λέγω3	le/gw3	v-pppenv-
λεγόμενα	lego/mena	λέγω3	le/gw3	v-pppena-
λειφθεῖεν	leifqei=en	λείπω	lei/pw	v3paop---
λειφθέντες	leifqe/ntes	λείπω	lei/pw	v-pappmn-
λειφθέντες	leifqe/ntes	λείπω	lei/pw	v-pappmv-
λελοίπαμεν	leloi/pamen	λείπω	lei/pw	v1pria---
λελυκότες	leluko/tes	λύω	lu/w	v-prpamn-
λελυκότες	leluko/tes	λύω	lu/w	v-prpamv-
λείπωνται	lei/pwntai	λείπω	lei/pw	v3ppse---
ληψόμενον	lhyo/menon	λαμβάνω	lamba/nw	v-sfpmma-
ληψόμενον	lhyo/menon	λαμβάνω	lamba/nw	v-sfpmnn-
ληψόμενον	lhyo/menon	λαμβάνω	lamba/nw	v-sfpmnv-
ληψόμενον	lhyo/menon	λαμβάνω	lamba/nw	v-sfpmna-
λιμένα	lime/na	λιμήν	limh/n	n-s---ma-
λιμένι	lime/ni	λιμήν	limh/n	n-s---md-
λιποῦσαι	lipou=sai	λείπω	lei/pw	v-papafn-
λιποῦσαι	lipou=sai	λείπω	lei/pw	v-papafv-
λιποῦσαι	lipou=sai	λιπάω	lipa/w	v-pppafn-
λιποῦσαι	lipou=sai	λιπάω	lipa/w	v-pppafv-
λιπέτω	lipe/tw	λείπω	lei/pw	v3sama---
λιπόμενος	lipo/menos	λείπω	lei/pw	v-sapmmn-
λιπόντας	lipo/ntas	λείπω	lei/pw	v-papama-
λιπόντες	lipo/ntes	λείπω	lei/pw	v-papamn-
λιπόντες	lipo/ntes	λείπω	lei/pw	v-papamv-
λιπών	lipw/n	λείπω	lei/pw	v-sapamn-
λυθήσεται	luqh/setai	λύω	lu/w	v3sfip---
λυθήσονται	luqh/sontai	λύω	lu/w	v3pfip---
λάβῃ	la/bh|	λαμβάνω	lamba/nw	v2sase---
λάβῃ	la/bh|	λαμβάνω	lamba/nw	v3sasa---
λάθοιεν	la/qoien	λανθάνω	lanqa/nw	v3paoa---
λάθοιεν	la/qoien	λανθάνω	lanqa/nw	v3ppoa---
λάθοις	la/qois	λανθάνω	lanqa/nw	v2saoa---
λάθοις	la/qois	λανθάνω	lanqa/nw	v2spoa---
λάθοιτ’	la/qoit'	λανθάνω	lanqa/nw	v3saom---
λάθοιτ’	la/qoit'	λανθάνω	lanqa/nw	v3spoe---
λάθοιτ’	la/qoit'	λανθάνω	lanqa/nw	v2paoa---
λάθοιτ’	la/qoit'	λανθάνω	lanqa/nw	v2ppoa---
λέγεις	le/geis	λέγω1	le/gw1	v2spia---
λέγεις	le/geis	λέγω2	le/gw2	v2spia---
λέγεις	le/geis	λέγω3	le/gw3	v2spia---
λέγοντες	le/gontes	λέγω1	le/gw1	v-pppamn-
λέγοντες	le/gontes	λέγω1	le/gw1	v-pppamv-
λέγοντες	le/gontes	λέγω2	le/gw2	v-pppamn-
λέγοντες	le/gontes	λέγω2	le/gw2	v-pppamv-
λέγοντες	le/gontes	λέγω3	le/gw3	v-pppamn-
λέγοντες	le/gontes	λέγω3	le/gw3	v-pppamv-
λέγοντος	le/gontos	λέγω1	le/gw1	v-sppamg-
λέγοντος	le/gontos	λέγω1	le/gw1	v-sppang-
λέγοντος	le/gontos	λέγω2	le/gw2	v-sppamg-
λέγοντος	le/gontos	λέγω2	le/gw2	v-sppang-
λέγοντος	le/gontos	λέγω3	le/gw3	v-sppamg-
λέγοντος	le/gontos	λέγω3	le/gw3	v-sppang-
λέγων	le/gwn	λέγος	le/gos	a-p---fg-
λέγων	le/gwn	λέγος	le/gos	a-p---mg-
λέγων	le/gwn	λέγος	le/gos	a-p---ng-
λέγων	le/gwn	λέγω1	le/gw1	v-sppamn-
λέγων	le/gwn	λέγω2	le/gw2	v-sppamn-
λέγων	le/gwn	λέγω3	le/gw3	v-sppamn-
λίθοι	li/qoi	λίθος	li/qos	n-p---mn-
λίθοι	li/qoi	λίθος	li/qos	n-p---mv-
λίθοις	li/qois	λίθος	li/qos	n-p---md-
λίθους	li/qous	λίθος	li/qos	n-p---ma-
λίθους	li/qous	λιθόομαι	liqo/omai	v2siia---
λίθους	li/qous	λιθόω	liqo/w	v2siia---
λίποιεν	li/poien	λείπω	lei/pw	v3paoa---
λίποιεν	li/poien	λιπάω	lipa/w	v3ppoa---
λόγοι	lo/goi	λόγος	lo/gos	n-p---mn-
λόγοι	lo/goi	λόγος	lo/gos	n-p---mv-
λόγοις	lo/gois	λόγος	lo/gos	n-p---md-
λόγον	lo/gon	λόγος	lo/gos	n-s---ma-
λόγου	lo/gou	λόγος	lo/gos	n-s---mg-
λόγου	lo/gou	λογόω	logo/w	v2spma---
λόγου	lo/gou	λογόω	logo/w	v3siia---
λόγους	lo/gous	λόγος	lo/gos	n-p---ma-
λόγους	lo/gous	λογόω	logo/w	v2siia---
λόγων	lo/gwn	λόγος	lo/gos	n-p---mg-
λόγων	lo/gwn	λογάω	loga/w	v3piia---
λόγων	lo/gwn	λογάω	loga/w	v1siia---
λόγῳ	lo/gw|	λόγος	lo/gos	n-s---md-
λύοιτε	lu/oite	λύω	lu/w	v2ppoa---
λύοιτε	lu/oite	λύω	lu/w	v2ppoa---
λύοιτε	lu/oite	λυάω	lua/w	v2ppoa---
λύοιτ’	lu/oit'	λύω	lu/w	v3spoe---
λύοιτ’	lu/oit'	λύω	lu/w	v3spoe---
λύοιτ’	lu/oit'	λύω	lu/w	v2ppoa---
λύοιτ’	lu/oit'	λύω	lu/w	v2ppoa---
λύοιτ’	lu/oit'	λυάω	lua/w	v2ppoa---
λύουσιν	lu/ousin	λύω	lu/w	v-pppamd-
λύουσιν	lu/ousin	λύω	lu/w	v-pppand-
λύουσιν	lu/ousin	λύω	lu/w	v3ppia---
λύουσιν	lu/ousin	λύω	lu/w	v-pppamd-
λύουσιν	lu/ousin	λύω	lu/w	v-pppand-
λύουσιν	lu/ousin	λύω	lu/w	v3ppia---
λύπης	lu/phs	λύπη	lu/ph	n-s---fg-
λύπης	lu/phs	λυπέω	lupe/w	v2siia---
λύσαιεν	lu/saien	λύω	lu/w	v3paoa---
λύσαντας	lu/santas	λύω	lu/w	v-papama-
λύσαντες	lu/santes	λύω	lu/w	v-papamn-
λύσαντες	lu/santes	λύω	lu/w	v-papamv-
λύσας	lu/sas	λύω	lu/w	v-sapamn-
λύσας	lu/sas	λύω	lu/w	v-sapamv-
λύσειαν	lu/seian	λύω	lu/w	v3paoa---
λύσειεν	lu/seien	λύω	lu/w	v3saoa---
λύσεις	lu/seis	λύσις	lu/sis	n-p---fn-
λύσεις	lu/seis	λύσις	lu/sis	n-p---fv-
λύσεις	lu/seis	λύσις	lu/sis	n-p---fn-
λύσεις	lu/seis	λύσις	lu/sis	n-p---fa-
λύσεις	lu/seis	λύω	lu/w	v2sasa---
λύσεις	lu/seis	λύω	lu/w	v2sfia---
λύσετε	lu/sete	λύω	lu/w	v2pasa---
λύσετε	lu/sete	λύω	lu/w	v2pfia---
λύσητε	lu/shte	λύω	lu/w	v2pasa---
λύσουσι	lu/sousi	λύω	lu/w	v3pasa---
λύσουσι	lu/sousi	λύω	lu/w	v-pfpamd-
λύσουσι	lu/sousi	λύω	lu/w	v-pfpand-
λύσουσι	lu/sousi	λύω	lu/w	v3pfia---
λύσωμεν	lu/swmen	λύω	lu/w	v1pasa---
λύσωσι	lu/swsi	λύω	lu/w	v3pasa---
λύσωσιν	lu/swsin	λύω	lu/w	v3pasa---
λῦσαι	lu=sai	λύω	lu/w	v2samm---
λῦσαι	lu=sai	λύω	lu/w	v--ana---
λῦσόν	lu=so/n	λύω	lu/w	v2sama---
λῦσόν	lu=so/n	λύω	lu/w	v-sfpamv-
λῦσόν	lu=so/n	λύω	lu/w	v-sfpann-
λῦσόν	lu=so/n	λύω	lu/w	v-sfpanv-
λῦσόν	lu=so/n	λύω	lu/w	v-sfpana-
μαθεῖν	maqei=n	μανθάνω	manqa/nw	v--ana---
μαθηταί	maqhtai/	μαθητής	maqhth/s	n-p---mn-
μαθηταί	maqhtai/	μαθητής	maqhth/s	n-p---mv-
μαθηταί	maqhtai/	μαθητός	maqhto/s	a-p---fn-
μαθηταί	maqhtai/	μαθητός	maqhto/s	a-p---fv-
μαθηταῖς	maqhtai=s	μαθητής	maqhth/s	n-p---md-
μαθηταῖς	maqhtai=s	μαθητός	maqhto/s	a-p---fd-
μαθητάς	maqhta/s	μαθητής	maqhth/s	n-p---ma-
μαθητάς	maqhta/s	μαθητής	maqhth/s	n-s---mn-
μαθητάς	maqhta/s	μαθητός	maqhto/s	a-p---fa-
μαθητής	maqhth/s	μαθητής	maqhth/s	n-s---mn-
μαθητῶν	maqhtw=n	μαθητής	maqhth/s	n-p---mg-
μαθητῶν	maqhtw=n	μαθητός	maqhto/s	a-p---fg-
μαθητῶν	maqhtw=n	μαθητός	maqhto/s	a-p---mg-
μαθητῶν	maqhtw=n	μαθητός	maqhto/s	a-p---ng-
μαθήσονται	maqh/sontai	μανθάνω	manqa/nw	v3pfim---
μακροί	makroi/	μακρός	makro/s	a-p---mn-
μακροί	makroi/	μακρός	makro/s	a-p---mv-
μακρούς	makrou/s	μακρός	makro/s	a-p---ma-
μακροῖς	makroi=s	μακρός	makro/s	a-p---md-
μακροῖς	makroi=s	μακρός	makro/s	a-p---nd-
μακρόν	makro/n	μακρός	makro/s	a-s---ma-
μακρόν	makro/n	μακρός	makro/s	a-s---nn-
μακρόν	makro/n	μακρός	makro/s	a-s---nv-
μακρόν	makro/n	μακρός	makro/s	a-s---na-
μακρῷ	makrw=|	μακρός	makro/s	a-s---md-
μακρῷ	makrw=|	μακρός	makro/s	a-s---nd-
μαχεσάμενοι	maxesa/menoi	μάχομαι	ma/xomai	v-papmmn-
μαχεσάμενοι	maxesa/menoi	μάχομαι	ma/xomai	v-papmmv-
μαχεσάμενος	maxesa/menos	μάχομαι	ma/xomai	v-sapmmn-
μαχομένους	maxome/nous	μάχομαι	ma/xomai	v-pppema-
μαχουμένη	maxoume/nh	μάχομαι	ma/xomai	v-sfpmfn-
μαχουμένη	maxoume/nh	μάχομαι	ma/xomai	v-sfpmfv-
μαχουμένη	maxoume/nh	μάχομαι	ma/xomai	v-sppefn-
μαχουμένη	maxoume/nh	μάχομαι	ma/xomai	v-sppefv-
μαχουμένη	maxoume/nh	μαχάω	maxa/w	v-sppefn-
μαχουμένη	maxoume/nh	μαχάω	maxa/w	v-sppefv-
μαχουμένη	maxoume/nh	συμμαχέω	summaxe/w	v-sppefn-
μαχουμένη	maxoume/nh	συμμαχέω	summaxe/w	v-sppefv-
μαχουμένοις	maxoume/nois	μάχομαι	ma/xomai	v-pfpmmd-
μαχουμένοις	maxoume/nois	μάχομαι	ma/xomai	v-pfpmnd-
μαχουμένοις	maxoume/nois	μάχομαι	ma/xomai	v-pppemd-
μαχουμένοις	maxoume/nois	μάχομαι	ma/xomai	v-pppend-
μαχουμένοις	maxoume/nois	μαχάω	maxa/w	v-pppemd-
μαχουμένοις	maxoume/nois	μαχάω	maxa/w	v-pppend-
μαχουμένοις	maxoume/nois	συμμαχέω	summaxe/w	v-pppemd-
μαχουμένοις	maxoume/nois	συμμαχέω	summaxe/w	v-pppend-
μαχούμεθα	maxou/meqa	μάχομαι	ma/xomai	v1pfim---
μαχούμεθα	maxou/meqa	μάχομαι	ma/xomai	v1ppie---
μαχούμεθα	maxou/meqa	μάχομαι	ma/xomai	v1piie---
μαχούμεθα	maxou/meqa	μαχάω	maxa/w	v1ppie---
μαχούμεθα	maxou/meqa	μαχάω	maxa/w	v1piie---
μαχούμεθα	maxou/meqa	συμμαχέω	summaxe/w	v1ppie---
μαχούμεθα	maxou/meqa	συμμαχέω	summaxe/w	v1piie---
μαχέσασθαι	maxe/sasqai	μάχομαι	ma/xomai	v--anm---
μαχόμενοι	maxo/menoi	μάχομαι	ma/xomai	v-pppemn-
μαχόμενοι	maxo/menoi	μάχομαι	ma/xomai	v-pppemv-
μαχῶν	maxw=n	μάχη	ma/xh	n-p---fg-
μαχῶν	maxw=n	μαχάω	maxa/w	v-sppamv-
μαχῶν	maxw=n	μαχάω	maxa/w	v-sppann-
μαχῶν	maxw=n	μαχάω	maxa/w	v-sppanv-
μαχῶν	maxw=n	μαχάω	maxa/w	v-sppana-
μαχῶν	maxw=n	μαχάω	maxa/w	v-sppamn-
μαχῶν	maxw=n	μαχάω	maxa/w	v-sppamn-
μαχῶν	maxw=n	συμμαχέω	summaxe/w	v-sppamn-
με	me	ἐγώ	e)gw/	p-s---ma-
με	me	ἐγώ	e)gw/	p-s---fa-
μεγάλα	mega/la	μέγας	me/gas	a-d---fn-
μεγάλα	mega/la	μέγας	me/gas	a-d---fv-
μεγάλα	mega/la	μέγας	me/gas	a-d---fa-
μεγάλα	mega/la	μέγας	me/gas	a-s---fn-
μεγάλα	mega/la	μέγας	me/gas	a-s---fv-
μεγάλα	mega/la	μέγας	me/gas	a-p---nn-
μεγάλα	mega/la	μέγας	me/gas	a-p---nv-
μεγάλα	mega/la	μέγας	me/gas	a-p---na-
μεγάλα	mega/la	μέγας	me/gas	a-p---nv-
μεγάλα	mega/la	μέγας	me/gas	a-d---fv-
μεγάλα	mega/la	μέγας	me/gas	a-s---fv-
μεγάλη	mega/lh	μέγας	me/gas	a-s---fn-
μεγάλη	mega/lh	μέγας	me/gas	a-s---fv-
μεγάλη	mega/lh	μέγας	me/gas	a-s---fv-
μεγάλης	mega/lhs	μέγας	me/gas	a-s---fg-
μεγάλους	mega/lous	μέγας	me/gas	a-p---ma-
μεγίστων	megi/stwn	μέγας	me/gas	a-p---fg-
μεγίστων	megi/stwn	μέγας	me/gas	a-p---mg-
μεγίστων	megi/stwn	μέγας	me/gas	a-p---ng-
μελλόντων	mello/ntwn	μέλλω	me/llw	v-pppamg-
μελλόντων	mello/ntwn	μέλλω	me/llw	v-pppang-
μελλόντων	mello/ntwn	μέλλω	me/llw	v3ppma---
μεμαχημένους	memaxhme/nous	μάχομαι	ma/xomai	v-prpema-
μεμαχημένους	memaxhme/nous	μαχάω	maxa/w	v-prpema-
μεμαχημένους	memaxhme/nous	συμμαχέω	summaxe/w	v-prpema-
μενεῖ	menei=	μένω	me/nw	v2sfim---
μενεῖ	menei=	μένω	me/nw	v3sfia---
μενοῦμεν	menou=men	μένω	me/nw	v1pfia---
μεταδίδοται	metadi/dotai	μεταδίδωμι	metadi/dwmi	v3spie---
μετανίσταντο	metani/stanto	μετανίστημι	metani/sthmi	v3piie---
μετανίσταντο	metani/stanto	μετανίστημι	metani/sthmi	v3piie---
μετά	meta/	μετά	meta/	r--------
μετάδοτέ	meta/dote/	μεταδίδωμι	metadi/dwmi	v2pama---
μετάδοτέ	meta/dote/	μεταδίδωμι	metadi/dwmi	v2paia---
μετάδοτέ	meta/dote/	μεταδίδωμι	metadi/dwmi	v2paia---
μείζω	mei/zw	μέγας	me/gas	a-p---na-
μείζω	mei/zw	μέγας	me/gas	a-p---nn-
μείζω	mei/zw	μέγας	me/gas	a-s---ma-
μείζω	mei/zw	μέγας	me/gas	a-s---fa-
μεῖζον	mei=zon	μέγας	me/gas	a-s---mv-
μεῖζον	mei=zon	μέγας	me/gas	a-s---fv-
μεῖζον	mei=zon	μέγας	me/gas	a-s---nn-
μεῖζον	mei=zon	μέγας	me/gas	a-s---nv-
μεῖζον	mei=zon	μέγας	me/gas	a-s---na-
μεῖνον	mei=non	μένω	me/nw	v2sama---
μηδείς	mhdei/s	μηδείς	mhdei/s	n-s---mn-
μηδείς	mhdei/s	μηδείς	mhdei/s	n-s---mv-
μηδέ	mhde/	μηδέ	mhde/	g--------
μηδέν	mhde/n	μηδείς	mhdei/s	n-s---nn-
μηδέν	mhde/n	μηδείς	mhdei/s	n-s---nv-
μηδέν	mhde/n	μηδείς	mhdei/s	n-s---na-
μητράσι	mhtra/si	μήτηρ	mh/thr	n-p---fd-
μητράσι	mhtra/si	μήτηρ	mh/thr	n-p---fd-
μητρί	mhtri/	μήτηρ	mh/thr	n-s---fd-
μητρί	mhtri/	μήτηρ	mh/thr	n-s---fd-
μητρί	mhtri/	μητρίς	mhtri/s	n-s---fv-
μητρός	mhtro/s	μήτηρ	mh/thr	n-s---fg-
μητρός	mhtro/s	μήτηρ	mh/thr	n-s---fg-
μητέρα	mhte/ra	μήτηρ	mh/thr	n-s---fa-
μηχαναῖς	mhxanai=s	μηχανή	mhxanh/	n-p---fd-
μηχανωμένων	mhxanwme/nwn	μηχανάομαι	mhxana/omai	v-pppefg-
μηχανωμένων	mhxanwme/nwn	μηχανάομαι	mhxana/omai	v-pppemg-
μηχανωμένων	mhxanwme/nwn	μηχανάομαι	mhxana/omai	v-pppeng-
μηχανώμεθα	mhxanw/meqa	μηχανάομαι	mhxana/omai	v1ppse---
μηχανώμεθα	mhxanw/meqa	μηχανάομαι	mhxana/omai	v1ppie---
μηχανώμεθα	mhxanw/meqa	μηχανάομαι	mhxana/omai	v1ppse---
μηχανώμεθα	mhxanw/meqa	μηχανάομαι	mhxana/omai	v1piie---
μηχανᾶται	mhxana=tai	μηχανάομαι	mhxana/omai	v3spse---
μηχανᾶται	mhxana=tai	μηχανάομαι	mhxana/omai	v3spie---
μηχανῇ	mhxanh=|	μηχανάομαι	mhxana/omai	v2spse---
μηχανῇ	mhxanh=|	μηχανάομαι	mhxana/omai	v2spie---
μηχανῇ	mhxanh=|	μηχανάομαι	mhxana/omai	v2spse---
μηχανῇ	mhxanh=|	μηχανάομαι	mhxana/omai	v2spie---
μηχανῇ	mhxanh=|	μηχανεύς	mhxaneu/s	n-s---md-
μηχανῇ	mhxanh=|	μηχανή	mhxanh/	n-s---fd-
μηχανῶ	mhxanw=	μηχανάομαι	mhxana/omai	v2spme---
μηχανῶ	mhxanw=	μηχανάομαι	mhxana/omai	v2siie---
μικροτέραν	mikrote/ran	μικρός	mikro/s	a-s---fa-
μικροτέραν	mikrote/ran	σμικρός	smikro/s	a-s---fa-
μικροῖς	mikroi=s	μικρός	mikro/s	a-p---md-
μικροῖς	mikroi=s	μικρός	mikro/s	a-p---nd-
μικροῖς	mikroi=s	σμικρός	smikro/s	a-p---md-
μικροῖς	mikroi=s	σμικρός	smikro/s	a-p---nd-
μικρά	mikra/	μικρός	mikro/s	a-p---nn-
μικρά	mikra/	μικρός	mikro/s	a-p---nv-
μικρά	mikra/	μικρός	mikro/s	a-p---na-
μικρά	mikra/	μικρός	mikro/s	a-d---fn-
μικρά	mikra/	μικρός	mikro/s	a-d---fv-
μικρά	mikra/	μικρός	mikro/s	a-d---fa-
μικρά	mikra/	μικρός	mikro/s	a-s---fn-
μικρά	mikra/	μικρός	mikro/s	a-s---fv-
μικρά	mikra/	σμικρός	smikro/s	a-p---nn-
μικρά	mikra/	σμικρός	smikro/s	a-p---nv-
μικρά	mikra/	σμικρός	smikro/s	a-p---na-
μικρά	mikra/	σμικρός	smikro/s	a-d---fn-
μικρά	mikra/	σμικρός	smikro/s	a-d---fv-
μικρά	mikra/	σμικρός	smikro/s	a-d---fa-
μικρά	mikra/	σμικρός	smikro/s	a-s---fn-
μικρά	mikra/	σμικρός	smikro/s	a-s---fv-
μικράς	mikra/s	μικρός	mikro/s	a-p---fa-
μικράς	mikra/s	σμικρός	smikro/s	a-p---fa-
μικρόν	mikro/n	μικρός	mikro/s	a-s---ma-
μικρόν	mikro/n	μικρός	mikro/s	a-s---nn-
μικρόν	mikro/n	μικρός	mikro/s	a-s---nv-
μικρόν	mikro/n	μικρός	mikro/s	a-s---na-
μικρόν	mikro/n	σμικρός	smikro/s	a-s---ma-
μικρόν	mikro/n	σμικρός	smikro/s	a-s---nn-
μικρόν	mikro/n	σμικρός	smikro/s	a-s---nv-
μικρόν	mikro/n	σμικρός	smikro/s	a-s---na-
μικρᾷ	mikra=|	μικρός	mikro/s	a-s---fd-
μικρᾷ	mikra=|	σμικρός	smikro/s	a-s---fd-
μικρῶν	mikrw=n	μικρός	mikro/s	a-p---fg-
μικρῶν	mikrw=n	μικρός	mikro/s	a-p---mg-
μικρῶν	mikrw=n	μικρός	mikro/s	a-p---ng-
μικρῶν	mikrw=n	σμικρός	smikro/s	a-p---fg-
μικρῶν	mikrw=n	σμικρός	smikro/s	a-p---mg-
μικρῶν	mikrw=n	σμικρός	smikro/s	a-p---ng-
μικρῷ	mikrw=|	μικρός	mikro/s	a-s---md-
μικρῷ	mikrw=|	μικρός	mikro/s	a-s---nd-
μικρῷ	mikrw=|	σμικρός	smikro/s	a-s---md-
μικρῷ	mikrw=|	σμικρός	smikro/s	a-s---nd-
μοι	moi	ἐγώ	e)gw/	p-s---md-
μοι	moi	ἐγώ	e)gw/	p-s---fd-
μου	mou	ἐγώ	e)gw/	p-s---mg-
μου	mou	ἐγώ	e)gw/	p-s---fg-
μουσῶν	mousw=n	Μοῦσαι	*mou=sai	n-p---fg-
μουσῶν	mousw=n	μουσόομαι	mouso/omai	v-sppamv-
μουσῶν	mousw=n	μουσόομαι	mouso/omai	v-sppann-
μουσῶν	mousw=n	μουσόομαι	mouso/omai	v-sppanv-
μουσῶν	mousw=n	μουσόομαι	mouso/omai	v-sppana-
μουσῶν	mousw=n	μουσόομαι	mouso/omai	v-sppamn-
μουσῶν	mousw=n	μουσόομαι	mouso/omai	v--pna---
μουσῶν	mousw=n	μουσόω	mouso/w	v-sppamv-
μουσῶν	mousw=n	μουσόω	mouso/w	v-sppann-
μουσῶν	mousw=n	μουσόω	mouso/w	v-sppanv-
μουσῶν	mousw=n	μουσόω	mouso/w	v-sppana-
μουσῶν	mousw=n	μουσόω	mouso/w	v-sppamn-
μουσῶν	mousw=n	μουσόω	mouso/w	v--pna---
μούσαις	mou/sais	Μοῦσαι	*mou=sai	n-p---fd-
μούσῃ	mou/sh|	Μοῦσαι	*mou=sai	n-s---fd-
μοῖρα	moi=ra	μοῖρα	moi=ra	n-s---fn-
μοῖρα	moi=ra	μοῖρα	moi=ra	n-s---fv-
μοῦσα	mou=sa	Μοῦσαι	*mou=sai	n-s---fn-
μοῦσα	mou=sa	Μοῦσαι	*mou=sai	n-s---fv-
μοῦσαι	mou=sai	Μοῦσαι	*mou=sai	n-p---fn-
μοῦσαι	mou=sai	Μοῦσαι	*mou=sai	n-p---fv-
μάλιστα	ma/lista	μάλιστα	ma/lista	d--------
μάχαις	ma/xais	μάχη	ma/xh	n-p---fd-
μάχας	ma/xas	μάχη	ma/xh	n-p---fa-
μάχας	ma/xas	μάχη	ma/xh	n-s---fg-
μάχας	ma/xas	μαχάω	maxa/w	v2siia---
μάχεσθαι	ma/xesqai	μάχομαι	ma/xomai	v--pne---
μάχη	ma/xh	μάχη	ma/xh	n-s---fn-
μάχη	ma/xh	μάχη	ma/xh	n-s---fv-
μάχη	ma/xh	μαχάω	maxa/w	v2spma---
μάχη	ma/xh	μαχάω	maxa/w	v2spma---
μάχη	ma/xh	μαχάω	maxa/w	v3siia---
μάχη	ma/xh	συμμαχέω	summaxe/w	v2spma---
μάχην	ma/xhn	μάχη	ma/xh	n-s---fa-
μάχην	ma/xhn	μαχάω	maxa/w	v3piia---
μάχην	ma/xhn	μαχάω	maxa/w	v1siia---
μάχης	ma/xhs	μάχη	ma/xh	n-s---fg-
μάχης	ma/xhs	μαχάω	maxa/w	v2spia---
μάχης	ma/xhs	μαχάω	maxa/w	v2siia---
μάχηται	ma/xhtai	μάχομαι	ma/xomai	v3spse---
μάχηται	ma/xhtai	μαχάω	maxa/w	v3spie---
μάχου	ma/xou	μάχομαι	ma/xomai	v2spme---
μάχου	ma/xou	μάχομαι	ma/xomai	v2siie---
μάχῃ	ma/xh|	μάχη	ma/xh	n-s---fd-
μάχῃ	ma/xh|	μάχομαι	ma/xomai	v2spse---
μάχῃ	ma/xh|	μάχομαι	ma/xomai	v2spie---
μέλλοντα	me/llonta	μέλλω	me/llw	v-pppann-
μέλλοντα	me/llonta	μέλλω	me/llw	v-pppanv-
μέλλοντα	me/llonta	μέλλω	me/llw	v-pppana-
μέλλοντα	me/llonta	μέλλω	me/llw	v-sppama-
μέλλωμεν	me/llwmen	μέλλω	me/llw	v1ppsa---
μέν	me/n	μέν	me/n	g--------
μένει	me/nei	μένος	me/nos	n-d---nn-
μένει	me/nei	μένος	me/nos	n-d---nv-
μένει	me/nei	μένος	me/nos	n-d---na-
μένει	me/nei	μένος	me/nos	n-s---nd-
μένει	me/nei	μένος	me/nos	n-s---nd-
μένει	me/nei	μένω	me/nw	v2spie---
μένει	me/nei	μένω	me/nw	v3spia---
μένειν	me/nein	μένω	me/nw	v--pna---
μένοντος	me/nontos	μένω	me/nw	v-sppamg-
μένοντος	me/nontos	μένω	me/nw	v-sppang-
μένων	me/nwn	μένω	me/nw	v-sppamn-
μέσην	me/shn	μέση	me/sh	n-s---fa-
μέσην	me/shn	μέσης	me/shs	n-s---ma-
μέσην	me/shn	μέσος	me/sos	a-s---fa-
μέσῃ	me/sh|	μέση	me/sh	n-s---fd-
μέσῃ	me/sh|	μέσης	me/shs	n-s---md-
μέσῃ	me/sh|	μέσος	me/sos	a-s---fd-
μέχρι	me/xri	μέχρι	me/xri	d--------
μέχρι	me/xri	μέχρι	me/xri	c--------
μέχρι	me/xri	μέχρι	me/xri	r--------
μή	mh/	μή	mh/	c--------
μήποτε	mh/pote	μήποτε	mh/pote	d--------
μήτε	mh/te	μήτε	mh/te	g--------
μήτηρ	mh/thr	μήτηρ	mh/thr	n-s---fn-
μίαν	mi/an	εἷς	ei(=s	a-s---fa-
μόνη	mo/nh	μόνος	mo/nos	a-s---fn-
μόνη	mo/nh	μόνος	mo/nos	a-s---fv-
μόνοι	mo/noi	μόνος	mo/nos	a-p---mn-
μόνοι	mo/noi	μόνος	mo/nos	a-p---mv-
μόνον	mo/non	μόνος	mo/nos	a-s---ma-
μόνον	mo/non	μόνος	mo/nos	a-s---nn-
μόνον	mo/non	μόνος	mo/nos	a-s---nv-
μόνον	mo/non	μόνος	mo/nos	a-s---na-
μόνος	mo/nos	μόνος	mo/nos	a-s---mn-
μόνους	mo/nous	μόνος	mo/nos	a-p---ma-
μόνους	mo/nous	μονόω	mono/w	v2siia---
μᾶλλον	ma=llon	μᾶλλον	ma=llon	d--------
μῆτερ	mh=ter	μήτηρ	mh/thr	n-s---fv-
ναῦν	nau=n	ναῦς	nau=s	n-s----a-
ναῦν	nau=n	ναῦς	nau=s	n-s---fa-
ναῦς	nau=s	ναῦς	nau=s	n-p----a-
ναῦς	nau=s	ναῦς	nau=s	n-p---fa-
ναῦς	nau=s	ναῦς	nau=s	n-s---fn-
ναῦς	nau=s	ναῦς	nau=s	n-s----n-
νεανιῶν	neaniw=n	νεανίης	neani/hs	n-p---mg-
νεανιῶν	neaniw=n	νεανίζω	neani/zw	v-sfpamn-
νεανία	neani/a	νεανίης	neani/hs	n-d---mn-
νεανία	neani/a	νεανίης	neani/hs	n-d---mv-
νεανία	neani/a	νεανίης	neani/hs	n-d---ma-
νεανία	neani/a	νεανίης	neani/hs	n-s---mv-
νεανία	neani/a	νεανίης	neani/hs	n-s---mv-
νεανία	neani/a	νεανίης	neani/hs	n-s---mg-
νεανία	neani/a	νεανίης	neani/hs	n-s---mn-
νεανίαι	neani/ai	νεανίης	neani/hs	n-p---mn-
νεανίαι	neani/ai	νεανίης	neani/hs	n-p---mv-
νεανίαι	neani/ai	νεανίης	neani/hs	n-s---md-
νεανίαις	neani/ais	νεανίης	neani/hs	n-p---md-
νεανίαν	neani/an	νεανίης	neani/hs	n-s---ma-
νεανίαν	neani/an	νεανίης	neani/hs	n-s---ma-
νεανίας	neani/as	νεανίης	neani/hs	n-p---ma-
νεανίας	neani/as	νεανίης	neani/hs	n-s---mn-
νεανίου	neani/ou	νεανίης	neani/hs	n-s---mg-
νενικημένους	nenikhme/nous	νικάω	nika/w	v-prpema-
νενικήκασιν	nenikh/kasin	νικάω	nika/w	v3pria---
νεωτέρῳ	newte/rw|	νέος	ne/os	a-s---md-
νεωτέρῳ	newte/rw|	νέος	ne/os	a-s---nd-
νεωτέρῳ	newte/rw|	νέος	ne/os	n-s---md-
νεωτέρῳ	newte/rw|	νέος	ne/os	n-s---nd-
νεωτέρῳ	newte/rw|	νεώτερος	new/teros	a-s---md-
νεωτέρῳ	newte/rw|	νεώτερος	new/teros	a-s---nd-
νεώτερός	new/tero/s	νέος	ne/os	a-s---mn-
νεώτερός	new/tero/s	νέος	ne/os	n-s---mn-
νεώτερός	new/tero/s	νεώτερος	new/teros	a-s---mn-
νικηθείς	nikhqei/s	νικάω	nika/w	v-sappmn-
νικηθείς	nikhqei/s	νικάω	nika/w	v-sappmv-
νικηθησόμεθα	nikhqhso/meqa	νικάω	nika/w	v1pfip---
νικηθέντες	nikhqe/ntes	νικάω	nika/w	v-pappmn-
νικηθέντες	nikhqe/ntes	νικάω	nika/w	v-pappmv-
νικηθέντος	nikhqe/ntos	νικάω	nika/w	v-sappmg-
νικηθέντος	nikhqe/ntos	νικάω	nika/w	v-sappng-
νικηθέντων	nikhqe/ntwn	νικάω	nika/w	v-pappmg-
νικηθέντων	nikhqe/ntwn	νικάω	nika/w	v-pappng-
νικηθῶμεν	nikhqw=men	νικάω	nika/w	v1pasp---
νικήσαντες	nikh/santes	νικάω	nika/w	v-papamn-
νικήσαντες	nikh/santes	νικάω	nika/w	v-papamv-
νικήσας	nikh/sas	νικάω	nika/w	v-sapamn-
νικήσας	nikh/sas	νικάω	nika/w	v-sapamv-
νικήσοντας	nikh/sontas	νικάω	nika/w	v-pfpama-
νικήσωμεν	nikh/swmen	νικάω	nika/w	v1pasa---
νικώμεθα	nikw/meqa	νικάω	nika/w	v1ppse---
νικώμεθα	nikw/meqa	νικάω	nika/w	v1ppie---
νικώμεθα	nikw/meqa	νικάω	nika/w	v1ppse---
νικώμεθα	nikw/meqa	νικάω	nika/w	v1piie---
νικώμεθ’	nikw/meq'	νικάω	nika/w	v1ppse---
νικώμεθ’	nikw/meq'	νικάω	nika/w	v1ppie---
νικώμεθ’	nikw/meq'	νικάω	nika/w	v1ppse---
νικώμεθ’	nikw/meq'	νικάω	nika/w	v1piie---
νικᾷς	nika=|s	νικάω	nika/w	v2spsa---
νικᾷς	nika=|s	νικάω	nika/w	v2spia---
νικῆσαι	nikh=sai	νικάω	nika/w	v--ana---
νικῷ	nikw=|	νικάω	nika/w	v3spoa---
νικῷμεν	nikw=|men	νικάω	nika/w	v1ppoa---
νικῷντο	nikw=|nto	νικάω	nika/w	v3ppoe---
νικῷο	nikw=|o	νικάω	nika/w	v2spoe---
νομιοῦσι	nomiou=si	νομίζω	nomi/zw	v-pfpamd-
νομιοῦσι	nomiou=si	νομίζω	nomi/zw	v-pfpand-
νομιοῦσι	nomiou=si	νομίζω	nomi/zw	v3pfia---
νομίζετε	nomi/zete	νομίζω	nomi/zw	v2ppma---
νομίζετε	nomi/zete	νομίζω	nomi/zw	v2ppia---
νομίζετε	nomi/zete	νομίζω	nomi/zw	v2piia---
νομίσας	nomi/sas	νομίζω	nomi/zw	v-sapamn-
νομίσας	nomi/sas	νομίζω	nomi/zw	v-sapamv-
νομίσητε	nomi/shte	νομίζω	nomi/zw	v2pasa---
νοῦν	nou=n	νέω	ne/w	v-sppamv-
νοῦν	nou=n	νέω	ne/w	v-sppann-
νοῦν	nou=n	νέω	ne/w	v-sppanv-
νοῦν	nou=n	νέω	ne/w	v-sppana-
νοῦν	nou=n	νέω	ne/w	v3piia---
νοῦν	nou=n	νέω	ne/w	v1siia---
νοῦν	nou=n	νέω1	ne/w1	v-sppamv-
νοῦν	nou=n	νέω1	ne/w1	v-sppann-
νοῦν	nou=n	νέω1	ne/w1	v-sppanv-
νοῦν	nou=n	νέω1	ne/w1	v-sppana-
νοῦν	nou=n	νέω1	ne/w1	v3piia---
νοῦν	nou=n	νέω1	ne/w1	v1siia---
νοῦν	nou=n	νέω2	ne/w2	v-sppamv-
νοῦν	nou=n	νέω2	ne/w2	v-sppann-
νοῦν	nou=n	νέω2	ne/w2	v-sppanv-
νοῦν	nou=n	νέω2	ne/w2	v-sppana-
νοῦν	nou=n	νέω2	ne/w2	v3piia---
νοῦν	nou=n	νέω2	ne/w2	v1siia---
νοῦν	nou=n	νέω3	ne/w3	v-sppamv-
νοῦν	nou=n	νέω3	ne/w3	v-sppann-
νοῦν	nou=n	νέω3	ne/w3	v-sppanv-
νοῦν	nou=n	νέω3	ne/w3	v-sppana-
νοῦν	nou=n	νέω3	ne/w3	v3piia---
νοῦν	nou=n	νέω3	ne/w3	v1siia---
νοῦν	nou=n	νόος	no/os	n-s---ma-
νυκτί	nukti/	νύξ	nu/c	n-s---fd-
νυκτός	nukto/s	νύξ	nu/c	n-s---fg-
νέα	ne/a	ναῦς	nau=s	n-s---fa-
νέα	ne/a	νέα	ne/a	n-d---fn-
νέα	ne/a	νέα	ne/a	n-d---fv-
νέα	ne/a	νέα	ne/a	n-d---fa-
νέα	ne/a	νέα	ne/a	n-s---fn-
νέα	ne/a	νέα	ne/a	n-s---fv-
νέα	ne/a	νέος	ne/os	a-p---nn-
νέα	ne/a	νέος	ne/os	a-p---nv-
νέα	ne/a	νέος	ne/os	a-p---na-
νέα	ne/a	νέος	ne/os	a-d---fn-
νέα	ne/a	νέος	ne/os	a-d---fv-
νέα	ne/a	νέος	ne/os	a-d---fa-
νέα	ne/a	νέος	ne/os	a-s---fn-
νέα	ne/a	νέος	ne/os	a-s---fv-
νέα	ne/a	νέος	ne/os	n-p---nn-
νέα	ne/a	νέος	ne/os	n-p---nv-
νέα	ne/a	νέος	ne/os	n-p---na-
νέα	ne/a	νεάω	nea/w	v2spma---
νέα	ne/a	νεάω	nea/w	v3siia---
νέας	ne/as	ναῦς	nau=s	n-p---fa-
νέας	ne/as	νέα	ne/a	n-p---fa-
νέας	ne/as	νέα	ne/a	n-s---fg-
νέας	ne/as	νέος	ne/os	a-p---fa-
νέας	ne/as	νέος	ne/os	a-s---fg-
νέας	ne/as	νεάω	nea/w	v2spia---
νέας	ne/as	νεάω	nea/w	v2siia---
νέοι	ne/oi	νέος	ne/os	a-p---mn-
νέοι	ne/oi	νέος	ne/os	a-p---mv-
νέοι	ne/oi	νέος	ne/os	n-p---mn-
νέοι	ne/oi	νέος	ne/os	n-p---mv-
νέοι	ne/oi	νέος	ne/os	n-p---fn-
νέοι	ne/oi	νέος	ne/os	n-p---fv-
νέοι	ne/oi	νέω	ne/w	v3spoa---
νέοι	ne/oi	νέω1	ne/w1	v3spoa---
νέοι	ne/oi	νέω2	ne/w2	v3spoa---
νέοι	ne/oi	νέω3	ne/w3	v3spoa---
νέους	ne/ous	νέος	ne/os	a-p---ma-
νέους	ne/ous	νέος	ne/os	n-p---ma-
νέους	ne/ous	νέος	ne/os	n-p---fa-
νέους	ne/ous	νεόω	neo/w	v2siia---
νή	nh/	νή	nh/	r--------
νήσοις	nh/sois	νέω	ne/w	v2sfoa---
νήσοις	nh/sois	νέω2	ne/w2	v2sfoa---
νήσοις	nh/sois	νῆσος	nh=sos	n-p---fd-
νήσου	nh/sou	νῆσος	nh=sos	n-s---fg-
νήσους	nh/sous	νῆσος	nh=sos	n-p---fa-
νήσων	nh/swn	νέω	ne/w	v-sfpamn-
νήσων	nh/swn	νέω2	ne/w2	v-sfpamn-
νήσων	nh/swn	νῆσος	nh=sos	n-p---fg-
νήσῳ	nh/sw|	νῆσος	nh=sos	n-s---fd-
νήσῷ	nh/sw=|	νῆσος	nh=sos	n-s---fd-
νίκη	ni/kh	νίκη	ni/kh	n-s---fn-
νίκη	ni/kh	νίκη	ni/kh	n-s---fv-
νίκη	ni/kh	νῖκος	ni=kos	n-p---nn-
νίκη	ni/kh	νῖκος	ni=kos	n-p---nv-
νίκη	ni/kh	νῖκος	ni=kos	n-p---na-
νίκη	ni/kh	νῖκος	ni=kos	n-d---nn-
νίκη	ni/kh	νῖκος	ni=kos	n-d---nv-
νίκη	ni/kh	νῖκος	ni=kos	n-d---na-
νίκη	ni/kh	νικάω	nika/w	v2spma---
νίκη	ni/kh	νικάω	nika/w	v2spma---
νίκη	ni/kh	νικάω	nika/w	v3siia---
νίκην	ni/khn	νίκη	ni/kh	n-s---fa-
νίκην	ni/khn	νῖκος	ni=kos	n-s---na-
νίκην	ni/khn	νικάω	nika/w	v3piia---
νίκην	ni/khn	νικάω	nika/w	v1siia---
νίκης	ni/khs	νίκη	ni/kh	n-s---fg-
νίκης	ni/khs	νικάω	nika/w	v2spia---
νίκης	ni/khs	νικάω	nika/w	v2siia---
νόμοις	no/mois	νόμος	no/mos	n-p---md-
νόμον	no/mon	νόμος	no/mos	n-s---ma-
νόμος	no/mos	νόμος	no/mos	n-s---mn-
νόμους	no/mous	νόμος	no/mos	n-p---ma-
νόμων	no/mwn	νόμος	no/mos	n-p---mg-
νόμῳ	no/mw|	νόμος	no/mos	n-s---md-
νόσον	no/son	νόσος	no/sos	n-s---fa-
νόσου	no/sou	νόσος	no/sos	n-s---fg-
νύκτα	nu/kta	νύξ	nu/c	n-s---fa-
νύκτας	nu/ktas	νύξ	nu/c	n-p---fa-
νῆες	nh=es	ναῦς	nau=s	n-p---fn-
νῆες	nh=es	ναῦς	nau=s	n-p---fv-
νῆες	nh=es	ναῦς	nau=s	n-p----n-
νῆσον	nh=son	νέω	ne/w	v2sama---
νῆσον	nh=son	νέω	ne/w	v-sfpamv-
νῆσον	nh=son	νέω	ne/w	v-sfpann-
νῆσον	nh=son	νέω	ne/w	v-sfpanv-
νῆσον	nh=son	νέω	ne/w	v-sfpana-
νῆσον	nh=son	νέω2	ne/w2	v2sama---
νῆσον	nh=son	νέω2	ne/w2	v-sfpamv-
νῆσον	nh=son	νέω2	ne/w2	v-sfpann-
νῆσον	nh=son	νέω2	ne/w2	v-sfpanv-
νῆσον	nh=son	νέω2	ne/w2	v-sfpana-
νῆσον	nh=son	νέω3	ne/w3	v2sama---
νῆσον	nh=son	νῆσος	nh=sos	n-s---fa-
νῦν	nu=n	νῦν	nu=n	d--------
ξιφῶν	cifw=n	ξίφος	ci/fos	n-p---ng-
ξένε	ce/ne	ξένοσ1	ce/nos1	n-s---mv-
ξένε	ce/ne	ξένοσ2	ce/nos2	a-s---mv-
ξένε	ce/ne	ξένοσ2	ce/nos2	n-s---mv-
ξένε	ce/ne	ξένοσ2	ce/nos2	n-s---fv-
ξένοι	ce/noi	ξένοσ1	ce/nos1	n-p---mn-
ξένοι	ce/noi	ξένοσ1	ce/nos1	n-p---mv-
ξένοι	ce/noi	ξένοσ2	ce/nos2	a-p---mn-
ξένοι	ce/noi	ξένοσ2	ce/nos2	a-p---mv-
ξένοι	ce/noi	ξένοσ2	ce/nos2	n-p---mn-
ξένοι	ce/noi	ξένοσ2	ce/nos2	n-p---mv-
ξένοι	ce/noi	ξένοσ2	ce/nos2	n-p---fn-
ξένοι	ce/noi	ξένοσ2	ce/nos2	n-p---fv-
ξένοις	ce/nois	ξένοσ1	ce/nos1	n-p---md-
ξένοις	ce/nois	ξένοσ2	ce/nos2	a-p---md-
ξένοις	ce/nois	ξένοσ2	ce/nos2	a-p---nd-
ξένοις	ce/nois	ξένοσ2	ce/nos2	n-p---md-
ξένοις	ce/nois	ξένοσ2	ce/nos2	n-p---fd-
ξένοις	ce/nois	ξένοσ2	ce/nos2	n-p---nd-
ξένον	ce/non	ξένοσ1	ce/nos1	n-s---ma-
ξένον	ce/non	ξένοσ2	ce/nos2	a-s---ma-
ξένον	ce/non	ξένοσ2	ce/nos2	a-s---nn-
ξένον	ce/non	ξένοσ2	ce/nos2	a-s---nv-
ξένον	ce/non	ξένοσ2	ce/nos2	a-s---na-
ξένον	ce/non	ξένοσ2	ce/nos2	n-s---ma-
ξένον	ce/non	ξένοσ2	ce/nos2	n-s---fa-
ξένον	ce/non	ξένοσ2	ce/nos2	n-s---nn-
ξένον	ce/non	ξένοσ2	ce/nos2	n-s---nv-
ξένον	ce/non	ξένοσ2	ce/nos2	n-s---na-
ξένους	ce/nous	ξένοσ1	ce/nos1	n-p---ma-
ξένους	ce/nous	ξένοσ2	ce/nos2	a-p---ma-
ξένους	ce/nous	ξένοσ2	ce/nos2	n-p---ma-
ξένους	ce/nous	ξένοσ2	ce/nos2	n-p---fa-
ξένους	ce/nous	ξενόω	ceno/w	v2siia---
ξένων	ce/nwn	ξένοσ1	ce/nos1	n-p---mg-
ξένων	ce/nwn	ξένοσ2	ce/nos2	a-p---fg-
ξένων	ce/nwn	ξένοσ2	ce/nos2	a-p---mg-
ξένων	ce/nwn	ξένοσ2	ce/nos2	a-p---ng-
ξένων	ce/nwn	ξένοσ2	ce/nos2	n-p---mg-
ξένων	ce/nwn	ξένοσ2	ce/nos2	n-p---fg-
ξένων	ce/nwn	ξένοσ2	ce/nos2	n-p---ng-
ξένων	ce/nwn	ξενόω	ceno/w	v3piia---
ξένων	ce/nwn	ξενόω	ceno/w	v1siia---
ξίφη	ci/fh	ξίφος	ci/fos	n-p---nn-
ξίφη	ci/fh	ξίφος	ci/fos	n-p---nv-
ξίφη	ci/fh	ξίφος	ci/fos	n-p---na-
ξίφη	ci/fh	ξίφος	ci/fos	n-d---nn-
ξίφη	ci/fh	ξίφος	ci/fos	n-d---nv-
ξίφη	ci/fh	ξίφος	ci/fos	n-d---na-
ξίφος	ci/fos	ξίφος	ci/fos	n-s---nn-
ξίφος	ci/fos	ξίφος	ci/fos	n-s---nv-
ξίφος	ci/fos	ξίφος	ci/fos	n-s---na-
οἰκίαι	oi)ki/ai	οἰκία	oi)ki/a	n-p---fn-
οἰκίαι	oi)ki/ai	οἰκία	oi)ki/a	n-p---fv-
οἰκίαι	oi)ki/ai	οἰκία	oi)ki/a	n-s---fd-
οἰκίαις	oi)ki/ais	οἰκία	oi)ki/a	n-p---fd-
οἰκίαν	oi)ki/an	οἰκία	oi)ki/a	n-s---fa-
οἰκίας	oi)ki/as	οἰκία	oi)ki/a	n-p---fa-
οἰκίας	oi)ki/as	οἰκία	oi)ki/a	n-s---fg-
οἰκίᾳ	oi)ki/a|	οἰκία	oi)ki/a	n-p---fn-
οἰκίᾳ	oi)ki/a|	οἰκία	oi)ki/a	n-p---fv-
οἰκίᾳ	oi)ki/a|	οἰκία	oi)ki/a	n-s---fd-
οἱ	oi(	ἕ	e(/	n-s---md-
οἱ	oi(	ἕ	e(/	n-s---fd-
οἱ	oi(	ὁ	o(	l-p---mn-
οἱ	oi(	ὁ	o(	l-p---mv-
οἴνῳ	oi)/nw|	οἶνον	oi)=non	n-s---nd-
οἴνῳ	oi)/nw|	οἶνος	oi)=nos	n-s---md-
οἴσει	oi)/sei	φέρω	fe/rw	v2sfim---
οἴσει	oi)/sei	φέρω	fe/rw	v3sfia---
οἴσει	oi)/sei	οἶσις	oi)=sis	n-d---fn-
οἴσει	oi)/sei	οἶσις	oi)=sis	n-d---fv-
οἴσει	oi)/sei	οἶσις	oi)=sis	n-d---fa-
οἴσει	oi)/sei	οἶσις	oi)=sis	n-s---fd-
οἴσει	oi)/sei	οἶσις	oi)=sis	n-s---fd-
οἵ	oi(/	ἕ	e(/	n-s---md-
οἵ	oi(/	ἕ	e(/	n-s---fd-
οἵ	oi(/	ὁ	o(	l-p---mn-
οἵ	oi(/	ὁ	o(	l-p---mv-
οἵ	oi(/	ὅς	o(/s	p-p---mn-
οἵδε	oi(/de	ὅδε	o(/de	n-p---mn-
οἵους	oi(/ous	οἷος	oi(=os	a-p---ma-
οἵτινες	oi(/tines	ὅστις	o(/stis	p-p---mn-
οἶδα	oi)=da	οἶδα	oi)=da	v1sria---
οἶδεν	oi)=den	οἶδα	oi)=da	v3sria---
οἶνον	oi)=non	οἶνον	oi)=non	n-s---nn-
οἶνον	oi)=non	οἶνον	oi)=non	n-s---nv-
οἶνον	oi)=non	οἶνον	oi)=non	n-s---na-
οἶνον	oi)=non	οἶνος	oi)=nos	n-s---ma-
οἶνος	oi)=nos	οἶνος	oi)=nos	n-s---mn-
οἶνόν	oi)=no/n	οἶνον	oi)=non	n-s---nn-
οἶνόν	oi)=no/n	οἶνον	oi)=non	n-s---nv-
οἶνόν	oi)=no/n	οἶνον	oi)=non	n-s---na-
οἶνόν	oi)=no/n	οἶνος	oi)=nos	n-s---ma-
οἶσθα	oi)=sqa	οἶδα	oi)=da	v2sria---
οἶσθά	oi)=sqa/	οἶδα	oi)=da	v2sria---
οἷα	oi(=a	οἷος	oi(=os	a-p---nn-
οἷα	oi(=a	οἷος	oi(=os	a-p---nv-
οἷα	oi(=a	οἷος	oi(=os	a-p---na-
οἷοι	oi(=oi	οἷος	oi(=os	a-p---mn-
οἷοι	oi(=oi	οἷος	oi(=os	a-p---mv-
οἷον	oi(=on	οἷος	oi(=os	a-s---ma-
οἷον	oi(=on	οἷος	oi(=os	a-s---nn-
οἷον	oi(=on	οἷος	oi(=os	a-s---nv-
οἷον	oi(=on	οἷος	oi(=os	a-s---na-
οἷος	oi(=os	οἷος	oi(=os	a-s---mn-
οἷοί	oi(=oi/	οἷος	oi(=os	a-p---mn-
οἷοί	oi(=oi/	οἷος	oi(=os	a-p---mv-
οἷς	oi(=s	ὅς	o(/s	p-p---md-
οἷς	oi(=s	ὅς	o(/s	p-p---nd-
οἷός	oi(=o/s	οἷος	oi(=os	a-s---mn-
οὐ	ou)	οὐ	ou)	d--------
οὐδενί	ou)deni/	οὐδείς	ou)dei/s	n-s----d-
οὐδενός	ou)deno/s	οὐδείς	ou)dei/s	n-s----g-
οὐδείς	ou)dei/s	οὐδείς	ou)dei/s	n-s---mn-
οὐδείς	ou)dei/s	οὐδείς	ou)dei/s	n-s---mv-
οὐδέ	ou)de/	οὐδέ	ou)de/	g--------
οὐδέ	ou)de/	οὐδόσ1	ou)do/s1	n-s---mv-
οὐδέ	ou)de/	οὐδόσ2	ou)do/s2	n-s---fv-
οὐδέν	ou)de/n	οὐδείς	ou)dei/s	n-s---nn-
οὐδέν	ou)de/n	οὐδείς	ou)dei/s	n-s---nv-
οὐδέν	ou)de/n	οὐδείς	ou)dei/s	n-s---na-
οὐκ	ou)k	οὐ	ou)	d--------
οὐκέτι	ou)ke/ti	οὐκέτι	ou)ke/ti	d--------
οὐχ	ou)x	οὐ	ou)	d--------
οὔ	ou)/	οὐ	ou)	d--------
οὔθ’	ou)/q'	οὔτε	ou)/te	d--------
οὔθ’	ou)/q'	οὔτι	ou)/ti	d--------
οὔθ’	ou)/q'	οὔτις	ou)/tis	n-s---nn-
οὔθ’	ou)/q'	οὔτις	ou)/tis	n-s---nv-
οὔθ’	ou)/q'	οὔτις	ou)/tis	n-s---na-
οὔποθ’	ou)/poq'	οὔποτε	ou)/pote	d--------
οὔποτε	ou)/pote	οὔποτε	ou)/pote	d--------
οὔσας	ou)/sas	εἰμί	ei)mi/	v-pppafa-
οὔσας	ou)/sas	εἰμί	ei)mi/	v-sppafg-
οὔσης	ou)/shs	εἰμί	ei)mi/	v-sppafg-
οὔτε	ou)/te	οὔτε	ou)/te	d--------
οὔτοι	ou)/toi	οὔτοι	ou)/toi	d--------
οὔτ’	ou)/t'	οὔτε	ou)/te	d--------
οὔτ’	ou)/t'	οὔτι	ou)/ti	d--------
οὔτ’	ou)/t'	οὔτις	ou)/tis	n-s---nn-
οὔτ’	ou)/t'	οὔτις	ou)/tis	n-s---nv-
οὔτ’	ou)/t'	οὔτις	ou)/tis	n-s---na-
οὕς	ou(/s	ὅς	o(/s	p-p---ma-
οὕστινας	ou(/stinas	ὅστις	o(/stis	p-p---ma-
οὕτω	ou(/tw	οὕτως	ou(/tws	d--------
οὕτως	ou(/tws	οὕτως	ou(/tws	d--------
οὖν	ou)=n	οὖν	ou)=n	g--------
οὖσα	ou)=sa	εἰμί	ei)mi/	v-sppafn-
οὖσα	ou)=sa	εἰμί	ei)mi/	v-sppafv-
οὖσα	ou)=sa	οὖσον	ou)=son	n-p---nn-
οὖσα	ou)=sa	οὖσον	ou)=son	n-p---nv-
οὖσα	ou)=sa	οὖσον	ou)=son	n-p---na-
οὖσαν	ou)=san	εἰμί	ei)mi/	v-sppafa-
οὗ	ou(=	ἕ	e(/	n-s---mg-
οὗ	ou(=	ἕ	e(/	n-s---fg-
οὗ	ou(=	ἵημι	i(/hmi	v--amm---
οὗ	ou(=	ὅς	o(/s	p-s---mg-
οὗ	ou(=	ὅς	o(/s	p-s---ng-
οὗ	ou(=	οὗ	ou(=	d--------
οὗτοι	ou(=toi	οὗτος	ou(=tos	n-p---mn-
οὗτοι	ou(=toi	οὗτος	ou(=tos	n-p---mv-
οὗτος	ou(=tos	οὗτος	ou(=tos	n-s---mn-
οὗτος	ou(=tos	οὗτος	ou(=tos	n-s---mv-
παθεῖν	paqei=n	πάσχω	pa/sxw	v--ana---
παθοῦσιν	paqou=sin	πάσχω	pa/sxw	v-papamd-
παθοῦσιν	paqou=sin	πάσχω	pa/sxw	v-papand-
παθόντες	paqo/ntes	πάσχω	pa/sxw	v-papamn-
παθόντες	paqo/ntes	πάσχω	pa/sxw	v-papamv-
παθῶν	paqw=n	πάθη	pa/qh	n-p---fg-
παθῶν	paqw=n	πάθος	pa/qos	n-p---ng-
παιδευθῇ	paideuqh=|	παιδεύω	paideu/w	v3sasp---
παιδεύει	paideu/ei	παιδεύω	paideu/w	v2spie---
παιδεύει	paideu/ei	παιδεύω	paideu/w	v3spia---
παιδεύειν	paideu/ein	παιδεύω	paideu/w	v--pna---
παιδεύητε	paideu/hte	παιδεύω	paideu/w	v2ppsa---
παιδεύοιεν	paideu/oien	παιδεύω	paideu/w	v3ppoa---
παιδεύοντος	paideu/ontos	παιδεύω	paideu/w	v-sppamg-
παιδεύοντος	paideu/ontos	παιδεύω	paideu/w	v-sppang-
παιδεύσαι	paideu/sai	παιδεύω	paideu/w	v3saoa---
παιδεύσει	paideu/sei	παίδευσις	pai/deusis	n-d---fn-
παιδεύσει	paideu/sei	παίδευσις	pai/deusis	n-d---fv-
παιδεύσει	paideu/sei	παίδευσις	pai/deusis	n-d---fa-
παιδεύσει	paideu/sei	παίδευσις	pai/deusis	n-s---fd-
παιδεύσει	paideu/sei	παίδευσις	pai/deusis	n-s---fd-
παιδεύσει	paideu/sei	παιδεύω	paideu/w	v3sasa---
παιδεύσει	paideu/sei	παιδεύω	paideu/w	v2sfim---
παιδεύσει	paideu/sei	παιδεύω	paideu/w	v3sfia---
παιδεύσων	paideu/swn	παιδεύω	paideu/w	v-sfpamn-
παιδεῦσαι	paideu=sai	παιδεύω	paideu/w	v--ana---
παιδί	paidi/	παῖς	pai=s	n-s---md-
παιδί	paidi/	παῖς	pai=s	n-s---fd-
παλαιοί	palaioi/	παλαιός	palaio/s	a-p---mn-
παλαιοί	palaioi/	παλαιός	palaio/s	a-p---mv-
παλαιοί	palaioi/	παλαιόω	palaio/w	v2spse---
παλαιοί	palaioi/	παλαιόω	palaio/w	v2spie---
παλαιοί	palaioi/	παλαιόω	palaio/w	v3spsa---
παλαιῶν	palaiw=n	παλαιός	palaio/s	a-p---fg-
παλαιῶν	palaiw=n	παλαιός	palaio/s	a-p---mg-
παλαιῶν	palaiw=n	παλαιός	palaio/s	a-p---ng-
παλαιῶν	palaiw=n	παλαιόω	palaio/w	v-sppamv-
παλαιῶν	palaiw=n	παλαιόω	palaio/w	v-sppann-
παλαιῶν	palaiw=n	παλαιόω	palaio/w	v-sppanv-
παλαιῶν	palaiw=n	παλαιόω	palaio/w	v-sppana-
παλαιῶν	palaiw=n	παλαιόω	palaio/w	v-sppamn-
παλαιῶν	palaiw=n	παλαιόω	palaio/w	v--pna---
παραδούς	paradou/s	παραδίδωμι	paradi/dwmi	v-sapamn-
παραδούς	paradou/s	παραδίδωμι	paradi/dwmi	v-sapamv-
παραδούς	paradou/s	παραδίδωμι	paradi/dwmi	v-sapamn-
παραδούς	paradou/s	παραδίδωμι	paradi/dwmi	v-sapamv-
παραμενοῦμεν	paramenou=men	παραμένω	parame/nw	v1pfia---
παραμενῶν	paramenw=n	παραμένω	parame/nw	v-sfpamn-
παραμένουσα	parame/nousa	παραμένω	parame/nw	v-sppafn-
παραμένουσα	parame/nousa	παραμένω	parame/nw	v-sppafv-
παρά	para/	παρά	para/	r--------
παρά	para/	πηρός	phro/s	a-p---nn-
παρά	para/	πηρός	phro/s	a-p---nv-
παρά	para/	πηρός	phro/s	a-p---na-
παρά	para/	πηρός	phro/s	a-d---fn-
παρά	para/	πηρός	phro/s	a-d---fv-
παρά	para/	πηρός	phro/s	a-d---fa-
παρά	para/	πηρός	phro/s	a-s---fn-
παρά	para/	πηρός	phro/s	a-s---fv-
πασῶν	pasw=n	πᾶς	pa=s	n-p---fg-
πασῶν	pasw=n	πᾶς	pa=s	n-p---fg-
πατράσι	patra/si	πατήρ	path/r	n-p---md-
πατράσι	patra/si	πατήρ	path/r	n-p---md-
πατράσιν	patra/sin	πατήρ	path/r	n-p---md-
πατράσιν	patra/sin	πατήρ	path/r	n-p---md-
πατρί	patri/	πατήρ	path/r	n-s---md-
πατρί	patri/	πατρίς	patri/s	n-s---fv-
πατέρα	pate/ra	πατήρ	path/r	n-s---ma-
πατέρες	pate/res	πατήρ	path/r	n-p---mn-
πατέρες	pate/res	πατήρ	path/r	n-p---mv-
πατέρων	pate/rwn	πατήρ	path/r	n-p---mg-
πατέρων	pate/rwn	πατήρ	path/r	n-p---mg-
πατήρ	path/r	πατήρ	path/r	n-s---mn-
παυσαίμεθα	pausai/meqa	παύω	pau/w	v1paom---
παυσάσθων	pausa/sqwn	παύω	pau/w	v3pamm---
παυσάτω	pausa/tw	παύω	pau/w	v3sama---
παυσώμεθα	pausw/meqa	παύω	pau/w	v1pasm---
παίδευσαι	pai/deusai	παιδεύω	paideu/w	v2samm---
παίδων	pai/dwn	παῖς	pai=s	n-p---mg-
παίδων	pai/dwn	παῖς	pai=s	n-p---fg-
παύεσθε	pau/esqe	παύω	pau/w	v2ppme---
παύεσθε	pau/esqe	παύω	pau/w	v2ppie---
παύεσθε	pau/esqe	παύω	pau/w	v2piie---
παύοιμι	pau/oimi	παύω	pau/w	v1spoa---
παύου	pau/ou	παύω	pau/w	v2spme---
παύου	pau/ou	παύω	pau/w	v2siie---
παύσαιεν	pau/saien	παύω	pau/w	v3paoa---
παύσασθαι	pau/sasqai	παύω	pau/w	v--anm---
παύσασθε	pau/sasqe	παύω	pau/w	v2pamm---
παύσασθε	pau/sasqe	παύω	pau/w	v2paim---
παύσατε	pau/sate	παύω	pau/w	v2pama---
παύσατε	pau/sate	παύω	pau/w	v2paia---
παύσητε	pau/shte	παύω	pau/w	v2pasa---
παύσονταί	pau/sontai/	παύω	pau/w	v3pfim---
παύσοντες	pau/sontes	παύω	pau/w	v-pfpamn-
παύσοντες	pau/sontes	παύω	pau/w	v-pfpamv-
παύσωμεν	pau/swmen	παύω	pau/w	v1pasa---
παύσωσιν	pau/swsin	παύω	pau/w	v3pasa---
παῖ	pai=	παῖς	pai=s	n-s---mv-
παῖ	pai=	παῖς	pai=s	n-s---fv-
παῖδας	pai=das	παῖς	pai=s	n-p---ma-
παῖδας	pai=das	παῖς	pai=s	n-p---fa-
παῖδες	pai=des	παῖς	pai=s	n-p---mn-
παῖδες	pai=des	παῖς	pai=s	n-p---mv-
παῖδες	pai=des	παῖς	pai=s	n-p---fn-
παῖδες	pai=des	παῖς	pai=s	n-p---fv-
παῦσαι	pau=sai	παύω	pau/w	v2samm---
παῦσαι	pau=sai	παύω	pau/w	v--ana---
παῦσον	pau=son	παύω	pau/w	v2sama---
παῦσον	pau=son	παύω	pau/w	v-sfpamv-
παῦσον	pau=son	παύω	pau/w	v-sfpann-
παῦσον	pau=son	παύω	pau/w	v-sfpanv-
παῦσον	pau=son	παύω	pau/w	v-sfpana-
πεδίον	pedi/on	πεδάω	peda/w	v-sppamv-
πεδίον	pedi/on	πεδάω	peda/w	v-sppann-
πεδίον	pedi/on	πεδάω	peda/w	v-sppanv-
πεδίον	pedi/on	πεδάω	peda/w	v-sppana-
πεδίον	pedi/on	πεδίον	pedi/on	n-s---nn-
πεδίον	pedi/on	πεδίον	pedi/on	n-s---nv-
πεδίον	pedi/on	πεδίον	pedi/on	n-s---na-
πεδίου	pedi/ou	πέδιον	pe/dion	n-s---ng-
πεδίου	pedi/ou	πεδίον	pedi/on	n-s---ng-
πεδίῳ	pedi/w|	πέδιον	pe/dion	n-s---nd-
πεδίῳ	pedi/w|	πεδίον	pedi/on	n-s---nd-
πειθομένη	peiqome/nh	πείθω	pei/qw	v-sppefn-
πειθομένη	peiqome/nh	πείθω	pei/qw	v-sppefv-
πειθομένους	peiqome/nous	πείθω	pei/qw	v-pppema-
πειθοίμεθα	peiqoi/meqa	πείθω	pei/qw	v1ppoe---
πειθόμεναι	peiqo/menai	πείθω	pei/qw	v-pppefn-
πειθόμεναι	peiqo/menai	πείθω	pei/qw	v-pppefv-
πειθόμενος	peiqo/menos	πείθω	pei/qw	v-sppemn-
πειθώμεθα	peiqw/meqa	πείθω	pei/qw	v1ppse---
πεισθεῖσα	peisqei=sa	πείθω	pei/qw	v-sappfn-
πεισθεῖσα	peisqei=sa	πείθω	pei/qw	v-sappfv-
πεισθεῖτε	peisqei=te	πείθω	pei/qw	v2paop---
πεισθέντες	peisqe/ntes	πείθω	pei/qw	v-pappmn-
πεισθέντες	peisqe/ntes	πείθω	pei/qw	v-pappmv-
πειστέον	peiste/on	πειστέον	peiste/on	n-s---ma-
πειστέον	peiste/on	πειστέον	peiste/on	n-s---nn-
πειστέον	peiste/on	πειστέον	peiste/on	n-s---nv-
πειστέον	peiste/on	πειστέον	peiste/on	n-s---na-
πειστέον	peiste/on	πειστέος	peiste/os	n-s---ma-
πειστέον	peiste/on	πειστέος	peiste/os	n-s---fa-
πειστέον	peiste/on	πειστέος	peiste/os	n-s---nn-
πειστέον	peiste/on	πειστέος	peiste/os	n-s---nv-
πειστέον	peiste/on	πειστέος	peiste/os	n-s---na-
πεμφθείη	pemfqei/h	πέμπω	pe/mpw	v3saop---
πεμφθέντων	pemfqe/ntwn	πέμπω	pe/mpw	v-pappmg-
πεμφθέντων	pemfqe/ntwn	πέμπω	pe/mpw	v-pappng-
πεμφθήσεσθε	pemfqh/sesqe	πέμπω	pe/mpw	v2pfip---
πεμφθῆναι	pemfqh=nai	πέμπω	pe/mpw	v--anp---
πεπαιδευμένοι	pepaideume/noi	παιδεύω	paideu/w	v-prpemn-
πεπαιδευμένοι	pepaideume/noi	παιδεύω	paideu/w	v-prpemv-
πεπαιδευμένοις	pepaideume/nois	παιδεύω	paideu/w	v-prpemd-
πεπαιδευμένοις	pepaideume/nois	παιδεύω	paideu/w	v-prpend-
πεπαυκέναι	pepauke/nai	παύω	pau/w	v--rna---
πεπαίδευκεν	pepai/deuken	παιδεύω	paideu/w	v3sria---
πεπαίδευκεν	pepai/deuken	παιδεύω	paideu/w	v3plia---
πεποιηκυίᾳ	pepoihkui/a|	ποιέω	poie/w	v-srpafd-
πεποιηκώς	pepoihkw/s	ποιέω	poie/w	v-srpamn-
πεποιηκώς	pepoihkw/s	ποιέω	poie/w	v-srpamv-
πεπολιτευμένους	pepoliteume/nous	πολιτεύω	politeu/w	v-prpema-
πεπομφώς	pepomfw/s	πέμπω	pe/mpw	v-srpamn-
πεπομφώς	pepomfw/s	πέμπω	pe/mpw	v-srpamv-
πεπραγμένα	pepragme/na	πράσσω	pra/ssw	v-prpenn-
πεπραγμένα	pepragme/na	πράσσω	pra/ssw	v-prpenv-
πεπραγμένα	pepragme/na	πράσσω	pra/ssw	v-prpena-
πεπραγμένα	pepragme/na	πράσσω	pra/ssw	v-drpefn-
πεπραγμένα	pepragme/na	πράσσω	pra/ssw	v-drpefv-
πεπραγμένα	pepragme/na	πράσσω	pra/ssw	v-drpefa-
πεπραγμένα	pepragme/na	πράσσω	pra/ssw	v-srpefn-
πεπραγμένα	pepragme/na	πράσσω	pra/ssw	v-srpefv-
πεπραγμένων	pepragme/nwn	πράσσω	pra/ssw	v-prpefg-
πεπραγμένων	pepragme/nwn	πράσσω	pra/ssw	v-prpemg-
πεπραγμένων	pepragme/nwn	πράσσω	pra/ssw	v-prpeng-
πεπραχυῖα	pepraxui=a	πράσσω	pra/ssw	v-srpafn-
πεπραχυῖα	pepraxui=a	πράσσω	pra/ssw	v-srpafv-
πεπόμφασιν	pepo/mfasin	πέμπω	pe/mpw	v3pria---
περιβαλούμενοι	peribalou/menoi	περιβάλλω	periba/llw	v-pfpmmn-
περιβαλούμενοι	peribalou/menoi	περιβάλλω	periba/llw	v-pfpmmv-
περί	peri/	περί	peri/	r--------
πεφεύγασι	pefeu/gasi	φεύγω	feu/gw	v3pria---
πεφυλαχυίαις	pefulaxui/ais	φυλάσσω	fula/ssw	v-prpafd-
πεφυλαχυίαις	pefulaxui/ais	φυλάσσω	fula/ssw	v-prpafd-
πεφυλάχασιν	pefula/xasin	φυλάσσω	fula/ssw	v3pria---
πείθεις	pei/qeis	πείθω	pei/qw	v2spia---
πείθεσθε	pei/qesqe	πείθω	pei/qw	v2ppme---
πείθεσθε	pei/qesqe	πείθω	pei/qw	v2ppie---
πείθεσθε	pei/qesqe	πείθω	pei/qw	v2piie---
πείθονται	pei/qontai	πείθω	pei/qw	v3ppie---
πείθοντες	pei/qontes	πείθω	pei/qw	v-pppamn-
πείθοντες	pei/qontes	πείθω	pei/qw	v-pppamv-
πείθου	pei/qou	πείθω	pei/qw	v2spme---
πείθου	pei/qou	πείθω	pei/qw	v2siie---
πείθουσι	pei/qousi	πείθω	pei/qw	v-pppamd-
πείθουσι	pei/qousi	πείθω	pei/qw	v-pppand-
πείθουσι	pei/qousi	πείθω	pei/qw	v3ppia---
πείθων	pei/qwn	πείθω	pei/qw	v-sppamn-
πείσαιμεν	pei/saimen	πείθω	pei/qw	v1paoa---
πείσας	pei/sas	πείθω	pei/qw	v-sapamn-
πείσας	pei/sas	πείθω	pei/qw	v-sapamv-
πείσας	pei/sas	πεῖσα	pei=sa	n-p---fa-
πείσας	pei/sas	πεῖσα	pei=sa	n-s---fg-
πείσασα	pei/sasa	πείθω	pei/qw	v-sapafn-
πείσασα	pei/sasa	πείθω	pei/qw	v-sapafv-
πείσει	pei/sei	πάσχω	pa/sxw	v2sfim---
πείσει	pei/sei	πείθω	pei/qw	v3sasa---
πείσει	pei/sei	πείθω	pei/qw	v2sfim---
πείσει	pei/sei	πείθω	pei/qw	v3sfia---
πείσει	pei/sei	πεῖσις	pei=sis	n-d---fn-
πείσει	pei/sei	πεῖσις	pei=sis	n-d---fv-
πείσει	pei/sei	πεῖσις	pei=sis	n-d---fa-
πείσει	pei/sei	πεῖσις	pei=sis	n-s---fd-
πείσει	pei/sei	πεῖσις	pei=sis	n-s---fd-
πείσει	pei/sei	πεῖσος	pei=sos	n-d---nn-
πείσει	pei/sei	πεῖσος	pei=sos	n-d---nv-
πείσει	pei/sei	πεῖσος	pei=sos	n-d---na-
πείσει	pei/sei	πεῖσος	pei=sos	n-s---nd-
πείσει	pei/sei	πεῖσος	pei=sos	n-s---nd-
πείσειαν	pei/seian	πείθω	pei/qw	v3paoa---
πείσεσθε	pei/sesqe	πάσχω	pa/sxw	v2pfim---
πείσεσθε	pei/sesqe	πείθω	pei/qw	v2pfim---
πείσεται	pei/setai	πάσχω	pa/sxw	v3sfim---
πείσεται	pei/setai	πείθω	pei/qw	v3sasm---
πείσεται	pei/setai	πείθω	pei/qw	v3sfim---
πείσονταί	pei/sontai/	πάσχω	pa/sxw	v3pfim---
πείσονταί	pei/sontai/	πείθω	pei/qw	v3pfim---
πείσωμεν	pei/swmen	πείθω	pei/qw	v1pasa---
πείσῃς	pei/sh|s	πείθω	pei/qw	v2sasa---
πείσῃς	pei/sh|s	πεῖσα	pei=sa	n-p---fd-
πεῖράν	pei=ra/n	πείρω	pei/rw	v-sapann-
πεῖράν	pei=ra/n	πείρω	pei/rw	v-sapanv-
πεῖράν	pei=ra/n	πείρω	pei/rw	v-sapana-
πεῖράν	pei=ra/n	πείρω	pei/rw	v3paia---
πεῖράν	pei=ra/n	πεῖρα	pei=ra	n-s---fa-
πεῖσαι	pei=sai	πείθω	pei/qw	v2samm---
πεῖσαι	pei=sai	πείθω	pei/qw	v--ana---
πεῖσαι	pei=sai	πεῖσα	pei=sa	n-p---fn-
πεῖσαι	pei=sai	πεῖσα	pei=sa	n-p---fv-
πιστεύειν	pisteu/ein	πιστεύω	pisteu/w	v--pna---
πιστεύσητε	pisteu/shte	πιστεύω	pisteu/w	v2pasa---
πλείω	plei/w	πλέω	ple/w	v1spsa---
πλείω	plei/w	πλέω	ple/w	v1spia---
πλείω	plei/w	πλέως	ple/ws	a-d---mn-
πλείω	plei/w	πλέως	ple/ws	a-d---mv-
πλείω	plei/w	πλέως	ple/ws	a-d---ma-
πλείω	plei/w	πλέως	ple/ws	a-d---nn-
πλείω	plei/w	πλέως	ple/ws	a-d---nv-
πλείω	plei/w	πλέως	ple/ws	a-d---na-
πλείω	plei/w	πλέως	ple/ws	a-s---mg-
πλείω	plei/w	πλέως	ple/ws	a-s---ng-
πλείω	plei/w	πλείων	plei/wn	a-p---na-
πλείω	plei/w	πλείων	plei/wn	a-p---nn-
πλείω	plei/w	πλείων	plei/wn	a-s---ma-
πλείω	plei/w	πλείων	plei/wn	a-s---fa-
πλεῖστοι	plei=stoi	πλεῖστος	plei=stos	a-p---mn-
πλεῖστοι	plei=stoi	πλεῖστος	plei=stos	a-p---mv-
πλέον	ple/on	πλέος	ple/os	n-s---ma-
πλέον	ple/on	πλέος	ple/os	n-s---nn-
πλέον	ple/on	πλέος	ple/os	n-s---nv-
πλέον	ple/on	πλέος	ple/os	n-s---na-
πλέον	ple/on	πλέω	ple/w	v-sppamv-
πλέον	ple/on	πλέω	ple/w	v-sppann-
πλέον	ple/on	πλέω	ple/w	v-sppanv-
πλέον	ple/on	πλέω	ple/w	v-sppana-
πλέον	ple/on	πλέω	ple/w	v3piia---
πλέον	ple/on	πλέω	ple/w	v1siia---
πλέον	ple/on	πλέως	ple/ws	a-s---ma-
πλέον	ple/on	πλέως	ple/ws	a-s---nn-
πλέον	ple/on	πλέως	ple/ws	a-s---nv-
πλέον	ple/on	πλέως	ple/ws	a-s---na-
πλέον	ple/on	πλείων	plei/wn	a-s---mv-
πλέον	ple/on	πλείων	plei/wn	a-s---fv-
πλέον	ple/on	πλείων	plei/wn	a-s---nn-
πλέον	ple/on	πλείων	plei/wn	a-s---nv-
πλέον	ple/on	πλείων	plei/wn	a-s---na-
πλέονες	ple/ones	πλείων	plei/wn	a-p---mn-
πλέονες	ple/ones	πλείων	plei/wn	a-p---mv-
πλέονες	ple/ones	πλείων	plei/wn	a-p---fn-
πλέονες	ple/ones	πλείων	plei/wn	a-p---fv-
πλέονες	ple/ones	πλείων	plei/wn	a-p---mn-
πλέονες	ple/ones	πλείων	plei/wn	a-p---fn-
ποιεῖ	poiei=	ποιέω	poie/w	v2spie---
ποιεῖ	poiei=	ποιέω	poie/w	v3spia---
ποιεῖν	poiei=n	ποιέω	poie/w	v--pna---
ποιεῖς	poiei=s	ποιέω	poie/w	v2spia---
ποιησόμεθα	poihso/meqa	ποιέω	poie/w	v1pasm---
ποιησόμεθα	poihso/meqa	ποιέω	poie/w	v1pfim---
ποιησώμεθα	poihsw/meqa	ποιέω	poie/w	v1pasm---
ποιηταί	poihtai/	ποιητής	poihth/s	n-p---mn-
ποιηταί	poihtai/	ποιητής	poihth/s	n-p---mv-
ποιηταί	poihtai/	ποιητός	poihto/s	a-p---fn-
ποιηταί	poihtai/	ποιητός	poihto/s	a-p---fv-
ποιηταῖς	poihtai=s	ποιητής	poihth/s	n-p---md-
ποιηταῖς	poihtai=s	ποιητός	poihto/s	a-p---fd-
ποιητικήν	poihtikh/n	ποιητικός	poihtiko/s	a-s---fa-
ποιητοῦ	poihtou=	ποιητής	poihth/s	n-s---mg-
ποιητοῦ	poihtou=	ποιητός	poihto/s	a-s---mg-
ποιητοῦ	poihtou=	ποιητός	poihto/s	a-s---ng-
ποιητάς	poihta/s	ποιητής	poihth/s	n-p---ma-
ποιητάς	poihta/s	ποιητής	poihth/s	n-s---mn-
ποιητάς	poihta/s	ποιητός	poihto/s	a-p---fa-
ποιητέα	poihte/a	ποιητέος	poihte/os	n-p---nn-
ποιητέα	poihte/a	ποιητέος	poihte/os	n-p---nv-
ποιητέα	poihte/a	ποιητέος	poihte/os	n-p---na-
ποιητέα	poihte/a	ποιητέος	poihte/os	n-d---fn-
ποιητέα	poihte/a	ποιητέος	poihte/os	n-d---fv-
ποιητέα	poihte/a	ποιητέος	poihte/os	n-d---fa-
ποιητέα	poihte/a	ποιητέος	poihte/os	n-s---fn-
ποιητέα	poihte/a	ποιητέος	poihte/os	n-s---fv-
ποιητέα	poihte/a	ποιητής	poihth/s	n-s---ma-
ποιητήν	poihth/n	ποιητής	poihth/s	n-s---ma-
ποιητήν	poihth/n	ποιητός	poihto/s	a-s---fa-
ποιητής	poihth/s	ποιητής	poihth/s	n-s---mn-
ποιητῇ	poihth=|	ποιητής	poihth/s	n-s---md-
ποιητῇ	poihth=|	ποιητός	poihto/s	a-s---fd-
ποιητῶν	poihtw=n	ποιητής	poihth/s	n-p---mg-
ποιητῶν	poihtw=n	ποιητός	poihto/s	a-p---fg-
ποιητῶν	poihtw=n	ποιητός	poihto/s	a-p---mg-
ποιητῶν	poihtw=n	ποιητός	poihto/s	a-p---ng-
ποιουσῶν	poiousw=n	ποιέω	poie/w	v-pppafg-
ποιουσῶν	poiousw=n	ποιόω	poio/w	v-pppafg-
ποιοίης	poioi/hs	ποιέω	poie/w	v2spoa---
ποιοίης	poioi/hs	ποιόω	poio/w	v2spoa---
ποιούμενοι	poiou/menoi	ποιέω	poie/w	v-pppemn-
ποιούμενοι	poiou/menoi	ποιέω	poie/w	v-pppemv-
ποιούμενοι	poiou/menoi	ποιόω	poio/w	v-pppemn-
ποιούμενοι	poiou/menoi	ποιόω	poio/w	v-pppemv-
ποιοῖμεν	poioi=men	ποιέω	poie/w	v1ppoa---
ποιοῖμεν	poioi=men	ποιόω	poio/w	v1ppoa---
ποιοῖτε	poioi=te	ποιέω	poie/w	v2ppoa---
ποιοῖτε	poioi=te	ποιόω	poio/w	v2ppoa---
ποιοῖτο	poioi=to	ποιέω	poie/w	v3spoe---
ποιοῖτο	poioi=to	ποιόω	poio/w	v3spoe---
ποιοῦντα	poiou=nta	ποιέω	poie/w	v-pppann-
ποιοῦντα	poiou=nta	ποιέω	poie/w	v-pppanv-
ποιοῦντα	poiou=nta	ποιέω	poie/w	v-pppana-
ποιοῦντα	poiou=nta	ποιέω	poie/w	v-sppama-
ποιοῦντα	poiou=nta	ποιόω	poio/w	v-pppann-
ποιοῦντα	poiou=nta	ποιόω	poio/w	v-pppanv-
ποιοῦντα	poiou=nta	ποιόω	poio/w	v-pppana-
ποιοῦντα	poiou=nta	ποιόω	poio/w	v-sppama-
ποιοῦντες	poiou=ntes	ποιέω	poie/w	v-pppamn-
ποιοῦντες	poiou=ntes	ποιέω	poie/w	v-pppamv-
ποιοῦντες	poiou=ntes	ποιόω	poio/w	v-pppamn-
ποιοῦντες	poiou=ntes	ποιόω	poio/w	v-pppamv-
ποιοῦσι	poiou=si	ποιέω	poie/w	v-pppamd-
ποιοῦσι	poiou=si	ποιέω	poie/w	v-pppand-
ποιοῦσι	poiou=si	ποιέω	poie/w	v3ppia---
ποιοῦσι	poiou=si	ποιόω	poio/w	v-pppamd-
ποιοῦσι	poiou=si	ποιόω	poio/w	v-pppand-
ποιοῦσι	poiou=si	ποιόω	poio/w	v3ppia---
ποιήματα	poih/mata	ποίημα	poi/hma	n-p---nn-
ποιήματα	poih/mata	ποίημα	poi/hma	n-p---nv-
ποιήματα	poih/mata	ποίημα	poi/hma	n-p---na-
ποιήσας	poih/sas	ποιέω	poie/w	v-sapamn-
ποιήσας	poih/sas	ποιέω	poie/w	v-sapamv-
ποιήσασθαι	poih/sasqai	ποιέω	poie/w	v--anm---
ποιήσειας	poih/seias	ποιέω	poie/w	v2saoa---
ποιήσεις	poih/seis	ποίησις	poi/hsis	n-p---fn-
ποιήσεις	poih/seis	ποίησις	poi/hsis	n-p---fv-
ποιήσεις	poih/seis	ποίησις	poi/hsis	n-p---fn-
ποιήσεις	poih/seis	ποίησις	poi/hsis	n-p---fa-
ποιήσεις	poih/seis	ποιέω	poie/w	v2sasa---
ποιήσεις	poih/seis	ποιέω	poie/w	v2sfia---
ποιήσῃς	poih/sh|s	ποιέω	poie/w	v2sasa---
ποιῆσαι	poih=sai	ποιέω	poie/w	v--ana---
ποιῆτε	poih=te	ποιέω	poie/w	v2ppma---
ποιῆτε	poih=te	ποιέω	poie/w	v2ppsa---
ποιῆτε	poih=te	ποιέω	poie/w	v2ppia---
ποιῆτε	poih=te	ποιέω	poie/w	v2piia---
ποιῇ	poih=|	ποιέω	poie/w	v2spse---
ποιῇ	poih=|	ποιέω	poie/w	v2spie---
ποιῇ	poih=|	ποιέω	poie/w	v3spsa---
ποιῇ	poih=|	ποιός	poio/s	a-s---fd-
ποιῶμεν	poiw=men	ποιέω	poie/w	v1ppsa---
ποιῶμεν	poiw=men	ποιόω	poio/w	v1ppsa---
ποιῶμεν	poiw=men	ποιόω	poio/w	v1ppia---
ποιῶμεν	poiw=men	ποιόω	poio/w	v1piia---
ποιῶν	poiw=n	πόα	po/a	n-p---fg-
ποιῶν	poiw=n	ποιέω	poie/w	v-sppamn-
ποιῶν	poiw=n	ποιός	poio/s	a-p---fg-
ποιῶν	poiw=n	ποιός	poio/s	a-p---mg-
ποιῶν	poiw=n	ποιός	poio/s	a-p---ng-
ποιῶν	poiw=n	ποιόω	poio/w	v-sppamv-
ποιῶν	poiw=n	ποιόω	poio/w	v-sppann-
ποιῶν	poiw=n	ποιόω	poio/w	v-sppanv-
ποιῶν	poiw=n	ποιόω	poio/w	v-sppana-
ποιῶν	poiw=n	ποιόω	poio/w	v-sppamn-
ποιῶν	poiw=n	ποιόω	poio/w	v--pna---
πολεμίοις	polemi/ois	πολέμιος	pole/mios	a-p---md-
πολεμίοις	polemi/ois	πολέμιος	pole/mios	a-p---nd-
πολεμίοις	polemi/ois	πολέμιος	pole/mios	n-p---md-
πολεμίοις	polemi/ois	πολέμιος	pole/mios	n-p---fd-
πολεμίοις	polemi/ois	πολέμιος	pole/mios	n-p---nd-
πολεμίοις	polemi/ois	πολεμέω	poleme/w	v2spoa---
πολεμίους	polemi/ous	πολέμιος	pole/mios	a-p---ma-
πολεμίους	polemi/ous	πολέμιος	pole/mios	n-p---ma-
πολεμίους	polemi/ous	πολέμιος	pole/mios	n-p---fa-
πολεμίων	polemi/wn	πολέμιος	pole/mios	a-p---fg-
πολεμίων	polemi/wn	πολέμιος	pole/mios	a-p---mg-
πολεμίων	polemi/wn	πολέμιος	pole/mios	a-p---ng-
πολεμίων	polemi/wn	πολέμιος	pole/mios	n-p---mg-
πολεμίων	polemi/wn	πολέμιος	pole/mios	n-p---fg-
πολεμίων	polemi/wn	πολέμιος	pole/mios	n-p---ng-
πολεμίων	polemi/wn	πολεμέω	poleme/w	v-sppamn-
πολιτευομέναις	politeuome/nais	πολιτεύω	politeu/w	v-pppefd-
πολιτευομένῃ	politeuome/nh|	πολιτεύω	politeu/w	v-sppefd-
πολιτευόμενοι	politeuo/menoi	πολιτεύω	politeu/w	v-pppemn-
πολιτευόμενοι	politeuo/menoi	πολιτεύω	politeu/w	v-pppemv-
πολιτεία	politei/a	πολιτεία	politei/a	n-d---fn-
πολιτεία	politei/a	πολιτεία	politei/a	n-d---fv-
πολιτεία	politei/a	πολιτεία	politei/a	n-d---fa-
πολιτεία	politei/a	πολιτεία	politei/a	n-s---fn-
πολιτεία	politei/a	πολιτεία	politei/a	n-s---fv-
πολιτείαν	politei/an	πολιτεία	politei/a	n-s---fa-
πολιτεύονται	politeu/ontai	πολιτεύω	politeu/w	v3ppie---
πολιτεύωσιν	politeu/wsin	πολιτεύω	politeu/w	v3ppsa---
πολιτῶν	politw=n	πολίτης	poli/ths	n-p---mg-
πολλοί	polloi/	πολύς	polu/s	a-p---mn-
πολλοί	polloi/	πολύς	polu/s	a-p---mv-
πολλούς	pollou/s	πολύς	polu/s	a-p---ma-
πολλοῖς	polloi=s	πολύς	polu/s	a-p---md-
πολλοῖς	polloi=s	πολύς	polu/s	a-p---nd-
πολλά	polla/	πολύς	polu/s	a-d---fn-
πολλά	polla/	πολύς	polu/s	a-d---fv-
πολλά	polla/	πολύς	polu/s	a-d---fa-
πολλά	polla/	πολύς	polu/s	a-s---fn-
πολλά	polla/	πολύς	polu/s	a-s---fv-
πολλά	polla/	πολύς	polu/s	a-p---nn-
πολλά	polla/	πολύς	polu/s	a-p---nv-
πολλά	polla/	πολύς	polu/s	a-p---na-
πολλῷ	pollw=|	πολύς	polu/s	a-s---md-
πολλῷ	pollw=|	πολύς	polu/s	a-s---nd-
πολέμιοι	pole/mioi	πολέμιος	pole/mios	a-p---mn-
πολέμιοι	pole/mioi	πολέμιος	pole/mios	a-p---mv-
πολέμιοι	pole/mioi	πολέμιος	pole/mios	n-p---mn-
πολέμιοι	pole/mioi	πολέμιος	pole/mios	n-p---mv-
πολέμιοι	pole/mioi	πολέμιος	pole/mios	n-p---fn-
πολέμιοι	pole/mioi	πολέμιος	pole/mios	n-p---fv-
πολέμου	pole/mou	πόλεμος	po/lemos	n-s---mg-
πολέμου	pole/mou	πολεμόω	polemo/w	v2spma---
πολέμου	pole/mou	πολεμόω	polemo/w	v3siia---
πολέμους	pole/mous	πόλεμος	po/lemos	n-p---ma-
πολέμους	pole/mous	πολεμόω	polemo/w	v2siia---
πολέμῳ	pole/mw|	πόλεμος	po/lemos	n-s---md-
πολίταις	poli/tais	πολίτης	poli/ths	n-p---md-
πολίτας	poli/tas	πολίτης	poli/ths	n-p---ma-
πολίτας	poli/tas	πολίτης	poli/ths	n-s---mn-
πολίτης	poli/ths	πολίτης	poli/ths	n-s---mn-
πολίτου	poli/tou	πολίτης	poli/ths	n-s---mg-
πολύ	polu/	πολύς	polu/s	n-s---nn-
πολύ	polu/	πολύς	polu/s	n-s---nv-
πολύ	polu/	πολύς	polu/s	n-s---na-
πολῖται	poli=tai	πολίτης	poli/ths	n-p---mn-
πολῖται	poli=tai	πολίτης	poli/ths	n-p---mv-
πονηροί	ponhroi/	πονηρός	ponhro/s	a-p---mn-
πονηροί	ponhroi/	πονηρός	ponhro/s	a-p---mv-
πονηρούς	ponhrou/s	πονηρός	ponhro/s	a-p---ma-
πονηρέ	ponhre/	πονηρός	ponhro/s	a-s---mv-
πονηρός	ponhro/s	πονηρός	ponhro/s	a-s---mn-
πονηρῶν	ponhrw=n	πονηρός	ponhro/s	a-p---fg-
πονηρῶν	ponhrw=n	πονηρός	ponhro/s	a-p---mg-
πονηρῶν	ponhrw=n	πονηρός	ponhro/s	a-p---ng-
πονηρῶς	ponhrw=s	πονηρός	ponhro/s	x--------
ποτε	pote	ποτέ	pote/	g--------
ποτέ	pote/	ποτέ	pote/	g--------
ποτέ	pote/	ποτός	poto/s	a-s---mv-
ποτέρᾳ	pote/ra|	πότερος	po/teros	a-s---fd-
που	pou	πού	pou/	d--------
ποίει	poi/ei	ποιέω	poie/w	v2spma---
ποίει	poi/ei	ποιέω	poie/w	v3siia---
πού	pou/	πού	pou/	d--------
ποῖ	poi=	ποι	poi	d--------
ποῖ	poi=	ποῖ	poi=	d--------
ποῖα	poi=a	ποῖος	poi=os	a-p---nn-
ποῖα	poi=a	ποῖος	poi=os	a-p---nv-
ποῖα	poi=a	ποῖος	poi=os	a-p---na-
ποῖοι	poi=oi	ποῖος	poi=os	a-p---mn-
ποῖοι	poi=oi	ποῖος	poi=os	a-p---mv-
ποῦ	pou=	πού	pou/	d--------
ποῦ	pou=	ποῦ	pou=	x--------
πραγμάτων	pragma/twn	πρᾶγμα	pra=gma	n-p---ng-
πρακτέα	prakte/a	πρακτέος	prakte/os	n-p---nn-
πρακτέα	prakte/a	πρακτέος	prakte/os	n-p---nv-
πρακτέα	prakte/a	πρακτέος	prakte/os	n-p---na-
πρακτέα	prakte/a	πρακτέος	prakte/os	n-d---fn-
πρακτέα	prakte/a	πρακτέος	prakte/os	n-d---fv-
πρακτέα	prakte/a	πρακτέος	prakte/os	n-d---fa-
πρακτέα	prakte/a	πρακτέος	prakte/os	n-s---fn-
πρακτέα	prakte/a	πρακτέος	prakte/os	n-s---fv-
πρακτέον	prakte/on	πρακτέος	prakte/os	n-s---ma-
πρακτέον	prakte/on	πρακτέος	prakte/os	n-s---nn-
πρακτέον	prakte/on	πρακτέος	prakte/os	n-s---nv-
πρακτέον	prakte/on	πρακτέος	prakte/os	n-s---na-
προδιδόντα	prodido/nta	προδίδωμι	prodi/dwmi	v-pppann-
προδιδόντα	prodido/nta	προδίδωμι	prodi/dwmi	v-pppanv-
προδιδόντα	prodido/nta	προδίδωμι	prodi/dwmi	v-pppana-
προδιδόντα	prodido/nta	προδίδωμι	prodi/dwmi	v-sppama-
προδόντας	prodo/ntas	προδίδωμι	prodi/dwmi	v-papama-
προδόντας	prodo/ntas	προδίδωμι	prodi/dwmi	v-papama-
προδώσειν	prodw/sein	προδίδωμι	prodi/dwmi	v--fna---
προδώσεις	prodw/seis	προδίδωμι	prodi/dwmi	v2sfia---
προδῶμεν	prodw=men	προδίδωμι	prodi/dwmi	v--ana---
προδῶμεν	prodw=men	προδίδωμι	prodi/dwmi	v1pasa---
προδῶμεν	prodw=men	προδίδωμι	prodi/dwmi	v1pasa---
προσελθόντος	proselqo/ntos	προσέρχομαι	prose/rxomai	v-sapamg-
προσελθόντος	proselqo/ntos	προσέρχομαι	prose/rxomai	v-sapang-
προσιόντας	prosio/ntas	πρόσειμι1	pro/seimi1	v-pppama-
προτέρους	prote/rous	πρότερος	pro/teros	a-p---ma-
πράγματα	pra/gmata	πρᾶγμα	pra=gma	n-p---nn-
πράγματα	pra/gmata	πρᾶγμα	pra=gma	n-p---nv-
πράγματα	pra/gmata	πρᾶγμα	pra=gma	n-p---na-
πράξαντα	pra/canta	πράσσω	pra/ssw	v-papann-
πράξαντα	pra/canta	πράσσω	pra/ssw	v-papanv-
πράξαντα	pra/canta	πράσσω	pra/ssw	v-papana-
πράξαντα	pra/canta	πράσσω	pra/ssw	v-sapama-
πράξαντα	pra/canta	πράσσω	pra/ssw	v-papann-
πράξαντα	pra/canta	πράσσω	pra/ssw	v-papanv-
πράξαντα	pra/canta	πράσσω	pra/ssw	v-papana-
πράξαντα	pra/canta	πράσσω	pra/ssw	v-sapama-
πράξαντες	pra/cantes	πράσσω	pra/ssw	v-papamn-
πράξαντες	pra/cantes	πράσσω	pra/ssw	v-papamv-
πράξαντες	pra/cantes	πράσσω	pra/ssw	v-papamn-
πράξαντες	pra/cantes	πράσσω	pra/ssw	v-papamv-
πράξας	pra/cas	πράσσω	pra/ssw	v-sapamn-
πράξας	pra/cas	πράσσω	pra/ssw	v-sapamv-
πράξας	pra/cas	πράσσω	pra/ssw	v-sapamn-
πράξας	pra/cas	πράσσω	pra/ssw	v-sapamv-
πράξας	pra/cas	πράσσω	pra/ssw	v2saia---
πράξασαν	pra/casan	πράσσω	pra/ssw	v-sapafa-
πράξασαν	pra/casan	πράσσω	pra/ssw	v-sapafa-
πράξειν	pra/cein	πράσσω	pra/ssw	v--fna---
πράξομεν	pra/comen	πράσσω	pra/ssw	v1pasa---
πράξομεν	pra/comen	πράσσω	pra/ssw	v1pasa---
πράξομεν	pra/comen	πράσσω	pra/ssw	v1pfia---
πράξῃ	pra/ch|	πράσσω	pra/ssw	v2sasm---
πράξῃ	pra/ch|	πράσσω	pra/ssw	v3sasa---
πράξῃ	pra/ch|	πράσσω	pra/ssw	v2sasm---
πράξῃ	pra/ch|	πράσσω	pra/ssw	v3sasa---
πράξῃ	pra/ch|	πράσσω	pra/ssw	v2sfim---
πράξῃ	pra/ch|	πρᾶξις	pra=cis	n-s---fd-
πράττει	pra/ttei	πράσσω	pra/ssw	v2spie---
πράττει	pra/ttei	πράσσω	pra/ssw	v3spia---
πράττειν	pra/ttein	πράσσω	pra/ssw	v--pna---
πράττεις	pra/tteis	πράσσω	pra/ssw	v2spia---
πράττοιεν	pra/ttoien	πράσσω	pra/ssw	v3ppoa---
πράττοις	pra/ttois	πράσσω	pra/ssw	v2spoa---
πράττοιτε	pra/ttoite	πράσσω	pra/ssw	v2ppoa---
πράττοντας	pra/ttontas	πράσσω	pra/ssw	v-pppama-
πράττοντες	pra/ttontes	πράσσω	pra/ssw	v-pppamn-
πράττοντες	pra/ttontes	πράσσω	pra/ssw	v-pppamv-
πράττουσαι	pra/ttousai	πράσσω	pra/ssw	v-pppafn-
πράττουσαι	pra/ttousai	πράσσω	pra/ssw	v-pppafv-
πράττουσι	pra/ttousi	πράσσω	pra/ssw	v-pppamd-
πράττουσι	pra/ttousi	πράσσω	pra/ssw	v-pppand-
πράττουσι	pra/ttousi	πράσσω	pra/ssw	v3ppia---
πράττουσιν	pra/ttousin	πράσσω	pra/ssw	v-pppamd-
πράττουσιν	pra/ttousin	πράσσω	pra/ssw	v-pppand-
πράττουσιν	pra/ttousin	πράσσω	pra/ssw	v3ppia---
πράττω	pra/ttw	πράσσω	pra/ssw	v1spsa---
πράττω	pra/ttw	πράσσω	pra/ssw	v1spia---
πράττῃ	pra/tth|	πράσσω	pra/ssw	v2spse---
πράττῃ	pra/tth|	πράσσω	pra/ssw	v2spie---
πράττῃ	pra/tth|	πράσσω	pra/ssw	v3spsa---
πρίν	pri/n	πρίν	pri/n	d--------
πρό	pro/	πρό	pro/	r--------
πρός	pro/s	πρός	pro/s	r--------
πρότερον	pro/teron	πρότερος	pro/teros	a-s---ma-
πρότερον	pro/teron	πρότερος	pro/teros	a-s---nn-
πρότερον	pro/teron	πρότερος	pro/teros	a-s---nv-
πρότερον	pro/teron	πρότερος	pro/teros	a-s---na-
πρώτης	prw/ths	πρότερος	pro/teros	a-s---fg-
πρώτης	prw/ths	πρῶτος	prw=tos	a-s---fg-
πρώτου	prw/tou	πρότερος	pro/teros	a-s---mg-
πρώτου	prw/tou	πρότερος	pro/teros	a-s---ng-
πρώτου	prw/tou	πρῶτος	prw=tos	a-s---mg-
πρώτου	prw/tou	πρῶτος	prw=tos	a-s---ng-
πρώτῃ	prw/th|	πρότερος	pro/teros	a-s---fd-
πρώτῃ	prw/th|	πρῶτος	prw=tos	a-s---fd-
πρᾶξαι	pra=cai	πράσσω	pra/ssw	v2samm---
πρᾶξαι	pra=cai	πράσσω	pra/ssw	v--ana---
πρῶτοι	prw=toi	πρότερος	pro/teros	a-p---mn-
πρῶτοι	prw=toi	πρότερος	pro/teros	a-p---mv-
πρῶτοι	prw=toi	πρῶτος	prw=tos	a-p---mn-
πρῶτοι	prw=toi	πρῶτος	prw=tos	a-p---mv-
πως	pws	πως	pws	g--------
πάθη	pa/qh	πάθη	pa/qh	n-s---fn-
πάθη	pa/qh	πάθη	pa/qh	n-s---fv-
πάθη	pa/qh	πάθος	pa/qos	n-p---nn-
πάθη	pa/qh	πάθος	pa/qos	n-p---nv-
πάθη	pa/qh	πάθος	pa/qos	n-p---na-
πάθη	pa/qh	πάθος	pa/qos	n-d---nn-
πάθη	pa/qh	πάθος	pa/qos	n-d---nv-
πάθη	pa/qh	πάθος	pa/qos	n-d---na-
πάθοι	pa/qoi	πάσχω	pa/sxw	v3saoa---
πάθος	pa/qos	πάθος	pa/qos	n-s---nn-
πάθος	pa/qos	πάθος	pa/qos	n-s---nv-
πάθος	pa/qos	πάθος	pa/qos	n-s---na-
πάλαι	pa/lai	πάλα	pa/la	n-p---fn-
πάλαι	pa/lai	πάλα	pa/la	n-p---fv-
πάλαι	pa/lai	πάλα	pa/la	n-s---fd-
πάλαι	pa/lai	πάλαι	pa/lai	d--------
πάλαι	pa/lai	πάλη	pa/lh	n-p---fn-
πάλαι	pa/lai	πάλη	pa/lh	n-p---fv-
πάλαι	pa/lai	πάλη	pa/lh	n-s---fd-
πάλαι	pa/lai	πάλλω	pa/llw	v3saoa---
πάντα	pa/nta	πᾶς	pa=s	n-s---ma-
πάντα	pa/nta	πᾶς	pa=s	n-p---nn-
πάντα	pa/nta	πᾶς	pa=s	n-p---nv-
πάντα	pa/nta	πᾶς	pa=s	n-p---na-
πάντας	pa/ntas	πᾶς	pa=s	n-p---ma-
πάντες	pa/ntes	πᾶς	pa=s	n-p---mn-
πάντες	pa/ntes	πᾶς	pa=s	n-p---mv-
πάντων	pa/ntwn	πᾶς	pa=s	n-p---mg-
πάντων	pa/ntwn	πᾶς	pa=s	n-p---ng-
πάσαις	pa/sais	πάσσω	pa/ssw	v-sapamn-
πάσαις	pa/sais	πάσσω	pa/ssw	v-sapamv-
πάσαις	pa/sais	πάσσω	pa/ssw	v2saoa---
πάσαις	pa/sais	πᾶς	pa=s	n-p---fd-
πάσαις	pa/sais	πᾶς	pa=s	n-p---fd-
πάσας	pa/sas	πάσσω	pa/ssw	v-sapamn-
πάσας	pa/sas	πάσσω	pa/ssw	v-sapamv-
πάσας	pa/sas	πάσσω	pa/ssw	v2saia---
πάσας	pa/sas	πᾶς	pa=s	n-p---fa-
πάσας	pa/sas	πᾶς	pa=s	n-s---fg-
πάσας	pa/sas	πᾶς	pa=s	n-p---fa-
πάσης	pa/shs	πᾶς	pa=s	n-s---fg-
πάσης	pa/shs	πᾶσις	pa=sis	n-p---fn-
πάσης	pa/shs	πᾶσις	pa=sis	n-p---fv-
πάσχοντες	pa/sxontes	πάσχω	pa/sxw	v-pppamn-
πάσχοντες	pa/sxontes	πάσχω	pa/sxw	v-pppamv-
πάσχοντος	pa/sxontos	πάσχω	pa/sxw	v-sppamg-
πάσχοντος	pa/sxontos	πάσχω	pa/sxw	v-sppang-
πάσχουσαι	pa/sxousai	πάσχω	pa/sxw	v-pppafn-
πάσχουσαι	pa/sxousai	πάσχω	pa/sxw	v-pppafv-
πάσχῃ	pa/sxh|	πάσχω	pa/sxw	v2spse---
πάσχῃ	pa/sxh|	πάσχω	pa/sxw	v2spie---
πάσχῃ	pa/sxh|	πάσχω	pa/sxw	v3spsa---
πάσῃ	pa/sh|	πάομαι	pa/omai	v2sasm---
πάσῃ	pa/sh|	πάομαι	pa/omai	v2sfim---
πάσῃ	pa/sh|	πάσσω	pa/ssw	v2sasm---
πάσῃ	pa/sh|	πάσσω	pa/ssw	v3sasa---
πάσῃ	pa/sh|	πᾶς	pa=s	n-s---fd-
πάσῃ	pa/sh|	πᾶσις	pa=sis	n-s---fd-
πάσῃ	pa/sh|	πατέομαι	pate/omai	v2sasm---
πάτερ	pa/ter	πατήρ	path/r	n-s---mv-
πέμπει	pe/mpei	πέμπω	pe/mpw	v2spie---
πέμπει	pe/mpei	πέμπω	pe/mpw	v3spia---
πέμπειν	pe/mpein	πέμπω	pe/mpw	v--pna---
πέμπεις	pe/mpeis	πέμπω	pe/mpw	v2spia---
πέμπετ’	pe/mpet'	πέμπω	pe/mpw	v2ppma---
πέμπετ’	pe/mpet'	πέμπω	pe/mpw	v2ppia---
πέμπετ’	pe/mpet'	πέμπω	pe/mpw	v3spie---
πέμπετ’	pe/mpet'	πέμπω	pe/mpw	v3siie---
πέμπετ’	pe/mpet'	πέμπω	pe/mpw	v2piia---
πέμπητε	pe/mphte	πέμπω	pe/mpw	v2ppsa---
πέμποιεν	pe/mpoien	πέμπω	pe/mpw	v3ppoa---
πέμποιμεν	pe/mpoimen	πέμπω	pe/mpw	v1ppoa---
πέμπομεν	pe/mpomen	πέμπω	pe/mpw	v1ppia---
πέμπομεν	pe/mpomen	πέμπω	pe/mpw	v1piia---
πέμπονται	pe/mpontai	πέμπω	pe/mpw	v3ppie---
πέμπουσιν	pe/mpousin	πέμπω	pe/mpw	v-pppamd-
πέμπουσιν	pe/mpousin	πέμπω	pe/mpw	v-pppand-
πέμπουσιν	pe/mpousin	πέμπω	pe/mpw	v3ppia---
πέμπωμεν	pe/mpwmen	πέμπω	pe/mpw	v1ppsa---
πέμψαι	pe/myai	πέμπω	pe/mpw	v2samm---
πέμψαι	pe/myai	πέμπω	pe/mpw	v--ana---
πέμψαι	pe/myai	πέμπω	pe/mpw	v3saoa---
πέμψαιμεν	pe/myaimen	πέμπω	pe/mpw	v1paoa---
πέμψαιμ’	pe/myaim'	πέμπω	pe/mpw	v1saoa---
πέμψειαν	pe/myeian	πέμπω	pe/mpw	v3paoa---
πέμψειν	pe/myein	πέμπω	pe/mpw	v--fna---
πέμψεις	pe/myeis	πέμπω	pe/mpw	v2sasa---
πέμψεις	pe/myeis	πέμπω	pe/mpw	v2sfia---
πέμψεις	pe/myeis	πέμψις	pe/myis	n-p---fn-
πέμψεις	pe/myeis	πέμψις	pe/myis	n-p---fv-
πέμψεις	pe/myeis	πέμψις	pe/myis	n-p---fn-
πέμψεις	pe/myeis	πέμψις	pe/myis	n-p---fa-
πέμψομεν	pe/myomen	πέμπω	pe/mpw	v1pasa---
πέμψομεν	pe/myomen	πέμπω	pe/mpw	v1pfia---
πέμψουσι	pe/myousi	πέμπω	pe/mpw	v3pasa---
πέμψουσι	pe/myousi	πέμπω	pe/mpw	v-pfpamd-
πέμψουσι	pe/myousi	πέμπω	pe/mpw	v-pfpand-
πέμψουσι	pe/myousi	πέμπω	pe/mpw	v3pfia---
πέμψουσιν	pe/myousin	πέμπω	pe/mpw	v3pasa---
πέμψουσιν	pe/myousin	πέμπω	pe/mpw	v-pfpamd-
πέμψουσιν	pe/myousin	πέμπω	pe/mpw	v-pfpand-
πέμψουσιν	pe/myousin	πέμπω	pe/mpw	v3pfia---
πέμψωμεν	pe/mywmen	πέμπω	pe/mpw	v1pasa---
πέμψωσιν	pe/mywsin	πέμπω	pe/mpw	v3pasa---
πέμψῃ	pe/myh|	πέμπω	pe/mpw	v2sasm---
πέμψῃ	pe/myh|	πέμπω	pe/mpw	v3sasa---
πέμψῃ	pe/myh|	πέμπω	pe/mpw	v2sfim---
πέμψῃ	pe/myh|	πέμψις	pe/myis	n-s---fd-
πέμψῃς	pe/myh|s	πέμπω	pe/mpw	v2sasa---
πέντε	pe/nte	πέντε	pe/nte	m--------
πέπεικεν	pe/peiken	πείθω	pei/qw	v3sria---
πέπεικεν	pe/peiken	πείθω	pei/qw	v3plia---
πέπεμψαί	pe/pemyai/	πέμπω	pe/mpw	v2srie---
πέπρακται	pe/praktai	πράσσω	pra/ssw	v3srie---
πέπραχεν	pe/praxen	πράσσω	pra/ssw	v3sria---
πέπραχεν	pe/praxen	πράσσω	pra/ssw	v3plia---
πόδας	po/das	πούς	pou/s	n-p---ma-
πόθεν	po/qen	πίνω	pi/nw	v3paip---
πόθεν	po/qen	πόθεν	po/qen	d--------
πόθεν	po/qen	ποθεν	poqen	g--------
πόλει	po/lei	πόλις	po/lis	n-d---fn-
πόλει	po/lei	πόλις	po/lis	n-d---fv-
πόλει	po/lei	πόλις	po/lis	n-d---fa-
πόλει	po/lei	πόλις	po/lis	n-s---fd-
πόλει	po/lei	πόλις	po/lis	n-s---fd-
πόλει	po/lei	πολέω	pole/w	v2spma---
πόλει	po/lei	πολέω	pole/w	v3siia---
πόλεις	po/leis	πόλις	po/lis	n-p---fn-
πόλεις	po/leis	πόλις	po/lis	n-p---fv-
πόλεις	po/leis	πόλις	po/lis	n-p---fn-
πόλεις	po/leis	πόλις	po/lis	n-p---fa-
πόλεις	po/leis	πόλις	po/lis	n-p---fn-
πόλεις	po/leis	πολέω	pole/w	v2siia---
πόλεις	po/leis	πολύς	polu/s	n-p---mn-
πόλεις	po/leis	πολύς	polu/s	n-p---ma-
πόλεμον	po/lemon	πόλεμος	po/lemos	n-s---ma-
πόλεμος	po/lemos	πόλεμος	po/lemos	n-s---mn-
πόλεμός	po/lemo/s	πόλεμος	po/lemos	n-s---mn-
πόλεσι	po/lesi	πόλις	po/lis	n-p---fd-
πόλεσι	po/lesi	πολύς	polu/s	n-p---md-
πόλεων	po/lewn	πόλις	po/lis	n-p---fg-
πόλεων	po/lewn	πολύς	polu/s	n-p---mg-
πόλεως	po/lews	πόλις	po/lis	n-s---fg-
πόλιν	po/lin	πόλις	po/lis	n-s---fa-
πόλις	po/lis	πόλις	po/lis	n-p---fa-
πόλις	po/lis	πόλις	po/lis	n-s---fn-
πόσα	po/sa	πόσος	po/sos	a-p---nn-
πόσα	po/sa	πόσος	po/sos	a-p---nv-
πόσα	po/sa	πόσος	po/sos	a-p---na-
πόσα	po/sa	πόσος	po/sos	a-d---fn-
πόσα	po/sa	πόσος	po/sos	a-d---fv-
πόσα	po/sa	πόσος	po/sos	a-d---fa-
πόσα	po/sa	πόσος	po/sos	a-s---fn-
πόσα	po/sa	πόσος	po/sos	a-s---fv-
πότε	po/te	πότε	po/te	x--------
πότε	po/te	πότος	po/tos	n-s---mv-
πότε	po/te	ποτέ	pote/	g--------
πότερον	po/teron	πότερος	po/teros	a-s---ma-
πότερον	po/teron	πότερος	po/teros	a-s---nn-
πότερον	po/teron	πότερος	po/teros	a-s---nv-
πότερον	po/teron	πότερος	po/teros	a-s---na-
πᾶς	pa=s	πᾶς	pa=s	n-s---mn-
πᾶς	pa=s	πᾶς	pa=s	n-s---mv-
πᾶσαν	pa=san	πᾶς	pa=s	n-s---fa-
πᾶσι	pa=si	πᾶς	pa=s	n-p---md-
πᾶσι	pa=si	πᾶς	pa=s	n-p---nd-
πᾶσι	pa=si	πᾶσις	pa=sis	n-s---fv-
πῶς	pw=s	πῶς	pw=s	x--------
πῶς	pw=s	πῶσ2	pw=s2	d--------
πῶς	pw=s	πως	pws	g--------
σαυτοῦ	sautou=	σαυτοῦ	sautou=	p-s---mg-
σαυτοῦ	sautou=	σαυτοῦ	sautou=	p-s---ng-
σαυτοῦ	sautou=	σαυτοῦ	sautou=	n-s---ng-
σαυτοῦ	sautou=	σαυτοῦ	sautou=	n-s---mg-
σαυτόν	sauto/n	σαυτοῦ	sautou=	p-s---ma-
σαυτόν	sauto/n	σαυτοῦ	sautou=	p-s---na-
σαυτόν	sauto/n	σαυτοῦ	sautou=	n-s---ma-
σαφῆ	safh=	σαφής	safh/s	n-p---nn-
σαφῆ	safh=	σαφής	safh/s	n-p---nv-
σαφῆ	safh=	σαφής	safh/s	n-p---na-
σαφῆ	safh=	σαφής	safh/s	n-d---mn-
σαφῆ	safh=	σαφής	safh/s	n-d---mv-
σαφῆ	safh=	σαφής	safh/s	n-d---ma-
σαφῆ	safh=	σαφής	safh/s	n-d---fn-
σαφῆ	safh=	σαφής	safh/s	n-d---fv-
σαφῆ	safh=	σαφής	safh/s	n-d---fa-
σαφῆ	safh=	σαφής	safh/s	n-d---nn-
σαφῆ	safh=	σαφής	safh/s	n-d---nv-
σαφῆ	safh=	σαφής	safh/s	n-d---na-
σαφῆ	safh=	σαφής	safh/s	n-s---ma-
σαφῆ	safh=	σαφής	safh/s	n-s---fa-
σαφῶς	safw=s	σαφής	safh/s	x--------
σε	se	σύ	su/	p-s----a-
σεαυτόν	seauto/n	σαυτοῦ	sautou=	p-s---ma-
σεαυτόν	seauto/n	σαυτοῦ	sautou=	p-s---na-
σεαυτόν	seauto/n	σαυτοῦ	sautou=	n-s---ma-
σεσωμένης	seswme/nhs	σώζω	sw/zw	v-srpefg-
σεσωσμέναι	seswsme/nai	σώζω	sw/zw	v-prpefn-
σεσωσμέναι	seswsme/nai	σώζω	sw/zw	v-prpefv-
σεσωσμέναι	seswsme/nai	σώζω	sw/zw	v-srpefd-
σοι	soi	σύ	su/	p-s----d-
σου	sou	σύ	su/	p-s----g-
σοφαί	sofai/	σοφός	sofo/s	a-p---fn-
σοφαί	sofai/	σοφός	sofo/s	a-p---fv-
σοφοί	sofoi/	σοφός	sofo/s	a-p---mn-
σοφοί	sofoi/	σοφός	sofo/s	a-p---mv-
σοφοί	sofoi/	σοφόω	sofo/w	v2spse---
σοφοί	sofoi/	σοφόω	sofo/w	v2spie---
σοφοί	sofoi/	σοφόω	sofo/w	v3spsa---
σοφούς	sofou/s	σοφός	sofo/s	a-p---ma-
σοφοῖς	sofoi=s	σοφός	sofo/s	a-p---md-
σοφοῖς	sofoi=s	σοφός	sofo/s	a-p---nd-
σοφοῖς	sofoi=s	σοφόω	sofo/w	v2spoa---
σοφοῖς	sofoi=s	σοφόω	sofo/w	v2spsa---
σοφοῖς	sofoi=s	σοφόω	sofo/w	v2spia---
σοφοῦ	sofou=	σοφός	sofo/s	a-s---mg-
σοφοῦ	sofou=	σοφός	sofo/s	a-s---ng-
σοφοῦ	sofou=	σοφόω	sofo/w	v2spme---
σοφοῦ	sofou=	σοφόω	sofo/w	v2siie---
σοφωτάτους	sofwta/tous	σοφός	sofo/s	a-p---mas
σοφωτέραις	sofwte/rais	σοφός	sofo/s	a-p---fd-
σοφωτέραις	sofwte/rais	σοφός	sofo/s	a-p---fd-
σοφωτέροις	sofwte/rois	σοφός	sofo/s	a-p---md-
σοφωτέροις	sofwte/rois	σοφός	sofo/s	a-p---nd-
σοφά	sofa/	σοφός	sofo/s	a-p---nn-
σοφά	sofa/	σοφός	sofo/s	a-p---nv-
σοφά	sofa/	σοφός	sofo/s	a-p---na-
σοφά	sofa/	σοφός	sofo/s	a-d---fn-
σοφά	sofa/	σοφός	sofo/s	a-d---fv-
σοφά	sofa/	σοφός	sofo/s	a-d---fa-
σοφά	sofa/	σοφός	sofo/s	a-s---fn-
σοφά	sofa/	σοφός	sofo/s	a-s---fv-
σοφέ	sofe/	σοφός	sofo/s	a-s---mv-
σοφία	sofi/a	σοφία	sofi/a	n-d---fn-
σοφία	sofi/a	σοφία	sofi/a	n-d---fv-
σοφία	sofi/a	σοφία	sofi/a	n-d---fa-
σοφία	sofi/a	σοφία	sofi/a	n-s---fn-
σοφία	sofi/a	σοφία	sofi/a	n-s---fv-
σοφίᾳ	sofi/a|	σοφία	sofi/a	n-p---fn-
σοφίᾳ	sofi/a|	σοφία	sofi/a	n-p---fv-
σοφίᾳ	sofi/a|	σοφία	sofi/a	n-s---fd-
σοφόν	sofo/n	σοφός	sofo/s	a-s---ma-
σοφόν	sofo/n	σοφός	sofo/s	a-s---nn-
σοφόν	sofo/n	σοφός	sofo/s	a-s---nv-
σοφόν	sofo/n	σοφός	sofo/s	a-s---na-
σοφός	sofo/s	σοφός	sofo/s	a-s---mn-
σοφώτερός	sofw/tero/s	σοφός	sofo/s	a-s---mn-
σοφῶν	sofw=n	σοφός	sofo/s	a-p---fg-
σοφῶν	sofw=n	σοφός	sofo/s	a-p---mg-
σοφῶν	sofw=n	σοφός	sofo/s	a-p---ng-
σοφῶν	sofw=n	σοφόω	sofo/w	v-sppamv-
σοφῶν	sofw=n	σοφόω	sofo/w	v-sppann-
σοφῶν	sofw=n	σοφόω	sofo/w	v-sppanv-
σοφῶν	sofw=n	σοφόω	sofo/w	v-sppana-
σοφῶν	sofw=n	σοφόω	sofo/w	v-sppamn-
σοφῶν	sofw=n	σοφόω	sofo/w	v--pna---
σοί	soi/	σός	so/s	a-p---mn-
σοί	soi/	σός	so/s	a-p---mv-
σοί	soi/	σύ	su/	p-s----d-
σοί	soi/	σύ	su/	p-s----d-
σοῖς	soi=s	σέω	se/w	v2spoa---
σοῖς	soi=s	σός	so/s	a-p---md-
σοῖς	soi=s	σός	so/s	a-p---nd-
σπῆται	sph=tai	ἕπομαι	e(/pomai	v3sase---
σπῆται	sph=tai	σπάω	spa/w	v3spse---
σπῆται	sph=tai	σπάω	spa/w	v3spie---
σταῖμεν	stai=men	ἵστημι	i(/sthmi	v1paoa---
στεφάνους	stefa/nous	στέφανος	ste/fanos	n-p---ma-
στεφάνους	stefa/nous	στεφανόω	stefano/w	v2siia---
στρατηγοί	strathgoi/	στρατηγός	strathgo/s	n-p---mn-
στρατηγοί	strathgoi/	στρατηγός	strathgo/s	n-p---mv-
στρατηγούς	strathgou/s	στρατηγός	strathgo/s	n-p---ma-
στρατηγοῖς	strathgoi=s	στρατηγέω	strathge/w	v2spoa---
στρατηγοῖς	strathgoi=s	στρατηγός	strathgo/s	n-p---md-
στρατηγοῦ	strathgou=	στρατηγέω	strathge/w	v2spme---
στρατηγοῦ	strathgou=	στρατηγέω	strathge/w	v2siie---
στρατηγοῦ	strathgou=	στρατηγός	strathgo/s	n-s---mg-
στρατηγόν	strathgo/n	στρατηγός	strathgo/s	n-s---ma-
στρατηγός	strathgo/s	στρατηγός	strathgo/s	n-s---mn-
στρατηγῶν	strathgw=n	στρατηγέω	strathge/w	v-sppamn-
στρατηγῶν	strathgw=n	στρατηγός	strathgo/s	n-p---mg-
στρατιωτῶν	stratiwtw=n	στρατιώτης	stratiw/ths	n-p---mg-
στρατιώταις	stratiw/tais	στρατιώτης	stratiw/ths	n-p---md-
στρατιώτας	stratiw/tas	στρατιώτης	stratiw/ths	n-p---ma-
στρατιώτας	stratiw/tas	στρατιώτης	stratiw/ths	n-s---mn-
στρατιώτου	stratiw/tou	στρατιώτης	stratiw/ths	n-s---mg-
στρατιῶτα	stratiw=ta	στρατιώτης	stratiw/ths	n-s---mv-
στρατιῶτα	stratiw=ta	στρατιώτης	stratiw/ths	n-s---mn-
στρατιῶται	stratiw=tai	στρατιώτης	stratiw/ths	n-p---mn-
στρατιῶται	stratiw=tai	στρατιώτης	stratiw/ths	n-p---mv-
στρατοῦ	stratou=	στρατάω#	strata/w%2	v2spme---
στρατοῦ	stratou=	στρατός	strato/s	n-s---mg-
στρατοῦ	stratou=	στρατόω	strato/w	v2spme---
στρατοῦ	stratou=	στρατόω	strato/w	v2siie---
στρατόν	strato/n	στρατός	strato/s	n-s---ma-
στρατός	strato/s	στρατός	strato/s	n-s---mn-
στάδια	sta/dia	στάδιον	sta/dion	n-p---nn-
στάδια	sta/dia	στάδιον	sta/dion	n-p---nv-
στάδια	sta/dia	στάδιον	sta/dion	n-p---na-
στάδια	sta/dia	στάδιος	sta/dios	a-p---nn-
στάδια	sta/dia	στάδιος	sta/dios	a-p---nv-
στάδια	sta/dia	στάδιος	sta/dios	a-p---na-
στάσει	sta/sei	ἵστημι	i(/sthmi	v3sasa---
στάσει	sta/sei	ἵστημι	i(/sthmi	v2sfim---
στάσει	sta/sei	ἵστημι	i(/sthmi	v3sfia---
στάσει	sta/sei	στάσις	sta/sis	n-d---fn-
στάσει	sta/sei	στάσις	sta/sis	n-d---fv-
στάσει	sta/sei	στάσις	sta/sis	n-d---fa-
στάσει	sta/sei	στάσις	sta/sis	n-s---fd-
στάσει	sta/sei	στάσις	sta/sis	n-s---fd-
στάσει	sta/sei	στάζω	sta/zw	v3sasa---
στάσει	sta/sei	στάζω	sta/zw	v2sfim---
στάσει	sta/sei	στάζω	sta/zw	v3sfia---
στάσεως	sta/sews	στάσις	sta/sis	n-s---fg-
στάσιν	sta/sin	στάσις	sta/sis	n-s---fa-
στέφανον	ste/fanon	στέφανος	ste/fanos	n-s---ma-
στήσαιμεν	sth/saimen	ἵστημι	i(/sthmi	v1paoa---
στήτω	sth/tw	ἵστημι	i(/sthmi	v3sama---
στῶ	stw=	ἵστημι	i(/sthmi	v2samm---
στῶ	stw=	ἵστημι	i(/sthmi	v1sasa---
στῶ	stw=	ἵστημι	i(/sthmi	v2saim---
στῶ	stw=	στάζω	sta/zw	v1sfia---
συμβουλεύοιεν	sumbouleu/oien	συμβουλεύω	sumbouleu/w	v3ppoa---
συμβουλεύοιεν	sumbouleu/oien	συμβουλεύω	sumbouleu/w	v3ppoa---
συμβουλεύοντος	sumbouleu/ontos	συμβουλεύω	sumbouleu/w	v-sppamg-
συμβουλεύοντος	sumbouleu/ontos	συμβουλεύω	sumbouleu/w	v-sppang-
συμβουλεύοντος	sumbouleu/ontos	συμβουλεύω	sumbouleu/w	v-sppamg-
συμβουλεύοντος	sumbouleu/ontos	συμβουλεύω	sumbouleu/w	v-sppang-
συμμάχων	summa/xwn	σύμμαχος	su/mmaxos	n-p---mg-
συμμάχων	summa/xwn	σύμμαχος	su/mmaxos	n-p---fg-
συμμάχων	summa/xwn	σύμμαχος	su/mmaxos	n-p---ng-
συμπάσας	sumpa/sas	σύμπας	su/mpas	a-p---fa-
συμφερόντων	sumfero/ntwn	συμφέρω	sumfe/rw	v-pppamg-
συμφερόντων	sumfero/ntwn	συμφέρω	sumfe/rw	v-pppang-
συμφερόντων	sumfero/ntwn	συμφέρω	sumfe/rw	v3ppma---
συμφέρει	sumfe/rei	συμφέρω	sumfe/rw	v2spie---
συμφέρει	sumfe/rei	συμφέρω	sumfe/rw	v3spia---
συμφέροντα	sumfe/ronta	συμφέρω	sumfe/rw	v-pppann-
συμφέροντα	sumfe/ronta	συμφέρω	sumfe/rw	v-pppanv-
συμφέροντα	sumfe/ronta	συμφέρω	sumfe/rw	v-pppana-
συμφέροντα	sumfe/ronta	συμφέρω	sumfe/rw	v-sppama-
συναδικήσῃς	sunadikh/sh|s	συναδικέω	sunadike/w	v2sasa---
συναδικήσῃς	sunadikh/sh|s	συναδικέω	sunadike/w	v2sasa---
συνείς	sunei/s	συνίημι	suni/hmi	v-sapamn-
συνείς	sunei/s	συνίημι	suni/hmi	v-sapamv-
συνεῖμεν	sunei=men	σύνειμι1	su/neimi1	v1ppoa---
συνεῖμεν	sunei=men	συνίημι	suni/hmi	v1paoa---
συνεῖμεν	sunei=men	συνίημι	suni/hmi	v1paoa---
συνισταῖντο	sunistai=nto	συνίστημι	suni/sthmi	v3ppoe---
συνιστάμεθά	sunista/meqa/	συνίστημι	suni/sthmi	v1piie---
συνιστάμεθά	sunista/meqa/	συνίστημι	suni/sthmi	v1ppie---
συνιστάμεθά	sunista/meqa/	συνίστημι	suni/sthmi	v1piie---
συνιστάμεθά	sunista/meqa/	συνιστάω	sunista/w	v1ppse---
συνιστάμεθά	sunista/meqa/	συνιστάω	sunista/w	v1ppie---
συνιστάμεθά	sunista/meqa/	συνιστάω	sunista/w	v1piie---
συνιστάμεθά	sunista/meqa/	συνιστάω	sunista/w	v1ppse---
συνιστάμεθά	sunista/meqa/	συνιστάω	sunista/w	v1ppie---
συνιέναι	sunie/nai	σύνειμι2	su/neimi2	v--pna---
συνιέναι	sunie/nai	συνίημι	suni/hmi	v--pna---
συνήρχομεν	sunh/rxomen	συνάρχω	suna/rxw	v1piia---
συνίεμεν	suni/emen	συνίημι	suni/hmi	v1piia---
συνίεμεν	suni/emen	συνίημι	suni/hmi	v1ppia---
συνίεμεν	suni/emen	συνίημι	suni/hmi	v1piia---
συνίης	suni/hs	συνίημι	suni/hmi	v2siia---
συνίης	suni/hs	συνίημι	suni/hmi	v2spia---
συνίης	suni/hs	συνίημι	suni/hmi	v2siia---
συνίης	suni/hs	συνίημι	suni/hmi	v2siia---
συνίης	suni/hs	συνίημι	suni/hmi	v2siia---
συνῄδη	sunh/|dh	σύνοιδα	su/noida	v1slia---
συνῄδη	sunh/|dh	σύνοιδα	su/noida	v3slia---
σφετέρας	sfete/ras	σφέτερος	sfe/teros	a-p---fa-
σφετέρας	sfete/ras	σφέτερος	sfe/teros	a-s---fg-
σφᾶς	sfa=s	σφάζω	sfa/zw	v2sfia---
σφᾶς	sfa=s	σφεῖς	sfei=s	n-p---ma-
σφᾶς	sfa=s	σφεῖς	sfei=s	n-p---fa-
σφᾶς	sfa=s	σφός	sfo/s	a-s---fg-
σχές	sxe/s	ἔχω	e)/xw	v2sama---
σχές	sxe/s	ἔχω	e)/xw	v2saia---
σωθείης	swqei/hs	σώζω	sw/zw	v2saop---
σωθείς	swqei/s	σώζω	sw/zw	v-sappmn-
σωθείς	swqei/s	σώζω	sw/zw	v-sappmv-
σωθεῖσαι	swqei=sai	σώζω	sw/zw	v-pappfn-
σωθεῖσαι	swqei=sai	σώζω	sw/zw	v-pappfv-
σωθέντες	swqe/ntes	σώζω	sw/zw	v-pappmn-
σωθέντες	swqe/ntes	σώζω	sw/zw	v-pappmv-
σωτήρων	swth/rwn	σωτήρ	swth/r	n-p---mg-
σωτῆρσι	swth=rsi	σωτήρ	swth/r	n-p---md-
σωτῆρσιν	swth=rsin	σωτήρ	swth/r	n-p---md-
σωφρονεστάτους	swfronesta/tous	σώφρων	sw/frwn	a-p---mas
σωφρονέστατα	swfrone/stata	σώφρων	sw/frwn	a-------s
σωφρονέστατα	swfrone/stata	σώφρων	sw/frwn	a-p---nns
σωφρονέστατα	swfrone/stata	σώφρων	sw/frwn	a-p---nvs
σωφρονέστατα	swfrone/stata	σώφρων	sw/frwn	a-p---nas
σωφροσύνης	swfrosu/nhs	σωφρόσυνος	swfro/sunos	a-s---fg-
σωφροσύνης	swfrosu/nhs	σωφροσύνη	swfrosu/nh	n-s---fg-
σωφρόνων	swfro/nwn	σώφρων	sw/frwn	n-p----g-
σωφρόνως	swfro/nws	σώφρων	sw/frwn	x--------
σέ	se/	σός	so/s	a-s---mv-
σέ	se/	σύ	su/	p-s----a-
σέ	se/	σύ	su/	p-s----a-
σήν	sh/n	σής	sh/s	n-s---ma-
σήν	sh/n	σός	so/s	a-s---fa-
σόν	so/n	σός	so/s	a-s---ma-
σόν	so/n	σός	so/s	a-s---nn-
σόν	so/n	σός	so/s	a-s---nv-
σόν	so/n	σός	so/s	a-s---na-
σός	so/s	σός	so/s	a-s---mn-
σύ	su/	σύ	su/	p-s----n-
σύμμαχοι	su/mmaxoi	σύμμαχος	su/mmaxos	n-p---mn-
σύμμαχοι	su/mmaxoi	σύμμαχος	su/mmaxos	n-p---mv-
σύμμαχοι	su/mmaxoi	σύμμαχος	su/mmaxos	n-p---fn-
σύμμαχοι	su/mmaxoi	σύμμαχος	su/mmaxos	n-p---fv-
σύμπαντας	su/mpantas	σύμπας	su/mpas	a-p---ma-
σύμπαντες	su/mpantes	σύμπας	su/mpas	a-p---mn-
σύμπαντες	su/mpantes	σύμπας	su/mpas	a-p---mv-
σύμπας	su/mpas	σύμπας	su/mpas	a-s---mn-
σύμπας	su/mpas	σύμπας	su/mpas	a-s---mv-
σύν	su/n	σύν	su/n	r--------
σύνισμεν	su/nismen	σύνοιδα	su/noida	v1pria---
σύνοιδα	su/noida	σύνοιδα	su/noida	v1sria---
σώματα	sw/mata	σῶμα	sw=ma	n-p---nn-
σώματα	sw/mata	σῶμα	sw=ma	n-p---nv-
σώματα	sw/mata	σῶμα	sw=ma	n-p---na-
σώματι	sw/mati	σῶμα	sw=ma	n-s---nd-
σώματος	sw/matos	σῶμα	sw=ma	n-s---ng-
σώσαιεν	sw/saien	σώζω	sw/zw	v3paoa---
σώσαντα	sw/santa	σώζω	sw/zw	v-papann-
σώσαντα	sw/santa	σώζω	sw/zw	v-papanv-
σώσαντα	sw/santa	σώζω	sw/zw	v-papana-
σώσαντα	sw/santa	σώζω	sw/zw	v-sapama-
σώσαντας	sw/santas	σώζω	sw/zw	v-papama-
σώσαντι	sw/santi	σώζω	sw/zw	v-sapamd-
σώσαντι	sw/santi	σώζω	sw/zw	v-sapand-
σώσασιν	sw/sasin	σώζω	sw/zw	v-papamd-
σώσασιν	sw/sasin	σώζω	sw/zw	v-papand-
σώσετε	sw/sete	σώζω	sw/zw	v2pasa---
σώσετε	sw/sete	σώζω	sw/zw	v2pfia---
σώφρονα	sw/frona	σώφρων	sw/frwn	n-p---nn-
σώφρονα	sw/frona	σώφρων	sw/frwn	n-p---nv-
σώφρονα	sw/frona	σώφρων	sw/frwn	n-p---na-
σώφρονα	sw/frona	σώφρων	sw/frwn	n-s---ma-
σώφρονα	sw/frona	σώφρων	sw/frwn	n-s---fa-
σώφρονας	sw/fronas	σώφρων	sw/frwn	n-p---ma-
σώφρονας	sw/fronas	σώφρων	sw/frwn	n-p---fa-
σώφρονες	sw/frones	σώφρων	sw/frwn	n-p---mn-
σώφρονες	sw/frones	σώφρων	sw/frwn	n-p---mv-
σώφρονες	sw/frones	σώφρων	sw/frwn	n-p---fn-
σώφρονες	sw/frones	σώφρων	sw/frwn	n-p---fv-
σώφρονές	sw/frone/s	σώφρων	sw/frwn	n-p---mn-
σώφρονές	sw/frone/s	σώφρων	sw/frwn	n-p---mv-
σώφρονές	sw/frone/s	σώφρων	sw/frwn	n-p---fn-
σώφρονές	sw/frone/s	σώφρων	sw/frwn	n-p---fv-
σώφροσιν	sw/frosin	σώφρων	sw/frwn	n-p----d-
σώφρων	sw/frwn	σώφρων	sw/frwn	n-s---mn-
σώφρων	sw/frwn	σώφρων	sw/frwn	n-s---fn-
σῳζομένης	sw|zome/nhs	σώζω	sw/zw	v-sppefg-
σῴζεσθαι	sw/|zesqai	σώζω	sw/zw	v--pne---
σῴζεται	sw/|zetai	σώζω	sw/zw	v3spie---
σῴζεταί	sw/|zetai/	σώζω	sw/zw	v3spie---
σῴζοντες	sw/|zontes	σώζω	sw/zw	v-pppamn-
σῴζοντες	sw/|zontes	σώζω	sw/zw	v-pppamv-
σῶμα	sw=ma	σῶμα	sw=ma	n-s---nn-
σῶμα	sw=ma	σῶμα	sw=ma	n-s---nv-
σῶμα	sw=ma	σῶμα	sw=ma	n-s---na-
σῶσαι	sw=sai	σώζω	sw/zw	v2samm---
σῶσαι	sw=sai	σώζω	sw/zw	v--ana---
σῶφρον	sw=fron	σώφρων	sw/frwn	n-s---mv-
σῶφρον	sw=fron	σώφρων	sw/frwn	n-s---fv-
σῶφρον	sw=fron	σώφρων	sw/frwn	n-s---nn-
σῶφρον	sw=fron	σώφρων	sw/frwn	n-s---nv-
σῶφρον	sw=fron	σώφρων	sw/frwn	n-s---na-
σῷζον	sw=|zon	σώζω	sw/zw	v-sppamv-
σῷζον	sw=|zon	σώζω	sw/zw	v-sppann-
σῷζον	sw=|zon	σώζω	sw/zw	v-sppanv-
σῷζον	sw=|zon	σώζω	sw/zw	v-sppana-
σῷζον	sw=|zon	σώζω	sw/zw	v3piia---
σῷζον	sw=|zon	σώζω	sw/zw	v1siia---
ταξαίμεθα	tacai/meqa	τάσσω	ta/ssw	v1paom---
ταξώμεθα	tacw/meqa	τάσσω	ta/ssw	v1pasm---
ταχείας	taxei/as	ταχύς	taxu/s	a-p---fa-
ταχείας	taxei/as	ταχύς	taxu/s	a-s---fg-
ταχθέντων	taxqe/ntwn	τάσσω	ta/ssw	v-pappmg-
ταχθέντων	taxqe/ntwn	τάσσω	ta/ssw	v-pappng-
ταχθήσονται	taxqh/sontai	τάσσω	ta/ssw	v3pfip---
ταχθῶσιν	taxqw=sin	τάσσω	ta/ssw	v3pasp---
ταχύς	taxu/s	ταχύς	taxu/s	a-s---mn-
ταύτην	tau/thn	οὗτος	ou(=tos	n-s---fa-
ταύτης	tau/ths	οὗτος	ou(=tos	n-s---fg-
ταύτῃ	tau/th|	οὗτος	ou(=tos	n-s---fd-
ταύτῃ	tau/th|	ταύτῃ	tau/th|	d--------
ταῖς	tai=s	ὁ	o(	l-p---fd-
ταῦτα	tau=ta	οὗτος	ou(=tos	n-p---nn-
ταῦτα	tau=ta	οὗτος	ou(=tos	n-p---nv-
ταῦτα	tau=ta	οὗτος	ou(=tos	n-p---na-
τε	te	τε	te	g--------
τεθαμμένων	teqamme/nwn	θάπτω	qa/ptw	v-prpefg-
τεθαμμένων	teqamme/nwn	θάπτω	qa/ptw	v-prpemg-
τεθαμμένων	teqamme/nwn	θάπτω	qa/ptw	v-prpeng-
τεθνεῶτες	teqnew=tes	θνήσκω	qnh/skw	v-prpamn-
τεθνεῶτες	teqnew=tes	θνήσκω	qnh/skw	v-prpamv-
τεθνηκότα	teqnhko/ta	θνήσκω	qnh/skw	v-prpann-
τεθνηκότα	teqnhko/ta	θνήσκω	qnh/skw	v-prpanv-
τεθνηκότα	teqnhko/ta	θνήσκω	qnh/skw	v-prpana-
τεθνηκότα	teqnhko/ta	θνήσκω	qnh/skw	v-srpama-
τεθυκέναι	tequke/nai	θύω1	qu/w1	v--rna---
τεθυμένοις	tequme/nois	θύω1	qu/w1	v-prpemd-
τεθυμένοις	tequme/nois	θύω1	qu/w1	v-prpend-
τεθύκαμεν	tequ/kamen	θύω1	qu/w1	v1pria---
τειχῶν	teixw=n	τεῖχος	tei=xos	n-p---ng-
τειχῶν	teixw=n	τειχέω	teixe/w	v-sppamn-
τελευτήσαιμεν	teleuth/saimen	τελευτάω	teleuta/w	v1paoa---
τελευτήσει	teleuth/sei	τελευτάω	teleuta/w	v3sasa---
τελευτήσει	teleuth/sei	τελευτάω	teleuta/w	v2sfim---
τελευτήσει	teleuth/sei	τελευτάω	teleuta/w	v3sfia---
τελευτήσετε	teleuth/sete	τελευτάω	teleuta/w	v2pasa---
τελευτήσετε	teleuth/sete	τελευτάω	teleuta/w	v2pfia---
τελευτήσοντα	teleuth/sonta	τελευτάω	teleuta/w	v-pfpann-
τελευτήσοντα	teleuth/sonta	τελευτάω	teleuta/w	v-pfpanv-
τελευτήσοντα	teleuth/sonta	τελευτάω	teleuta/w	v-pfpana-
τελευτήσοντα	teleuth/sonta	τελευτάω	teleuta/w	v-sfpama-
τελευτήσων	teleuth/swn	τελευτάω	teleuta/w	v-sfpamn-
τελευτᾶν	teleuta=n	τελευτάω	teleuta/w	v-sppamv-
τελευτᾶν	teleuta=n	τελευτάω	teleuta/w	v-sppann-
τελευτᾶν	teleuta=n	τελευτάω	teleuta/w	v-sppanv-
τελευτᾶν	teleuta=n	τελευτάω	teleuta/w	v-sppana-
τελευτᾶν	teleuta=n	τελευτάω	teleuta/w	v-sppamn-
τελευτᾶν	teleuta=n	τελευτάω	teleuta/w	v--pna---
τελευτᾶν	teleuta=n	τελευτάω	teleuta/w	v--pna---
τελευτᾶν	teleuta=n	τελευτή	teleuth/	n-p---fg-
τελευτᾷ	teleuta=|	τελευτάω	teleuta/w	v2spse---
τελευτᾷ	teleuta=|	τελευτάω	teleuta/w	v2spie---
τελευτᾷ	teleuta=|	τελευτάω	teleuta/w	v3spsa---
τελευτᾷ	teleuta=|	τελευτάω	teleuta/w	v3spia---
τελευτᾷ	teleuta=|	τελευτή	teleuth/	n-s---fd-
τελευτῆσαι	teleuth=sai	τελευτάω	teleuta/w	v--ana---
τελευτῶσι	teleutw=si	τελευτάω	teleuta/w	v-pppamd-
τελευτῶσι	teleutw=si	τελευτάω	teleuta/w	v-pppand-
τελευτῶσι	teleutw=si	τελευτάω	teleuta/w	v3ppsa---
τελευτῶσι	teleutw=si	τελευτάω	teleuta/w	v3ppia---
τελευτῶσι	teleutw=si	τελευτάω	teleuta/w	v3ppsa---
τελευτῷεν	teleutw=|en	τελευτάω	teleuta/w	v3ppoa---
τεταγμένοι	tetagme/noi	τάσσω	ta/ssw	v-prpemn-
τεταγμένοι	tetagme/noi	τάσσω	ta/ssw	v-prpemv-
τεταγμένων	tetagme/nwn	τάσσω	ta/ssw	v-prpefg-
τεταγμένων	tetagme/nwn	τάσσω	ta/ssw	v-prpemg-
τεταγμένων	tetagme/nwn	τάσσω	ta/ssw	v-prpeng-
τεταχέναι	tetaxe/nai	τάσσω	ta/ssw	v--rna---
τεταχότας	tetaxo/tas	τάσσω	ta/ssw	v-prpama-
τετάρτῃ	teta/rth|	τέταρτος	te/tartos	a-s---fd-
τετίμηνται	teti/mhntai	τιμάω	tima/w	v3prie---
τετίμηνται	teti/mhntai	τιμέω	time/w	v3prie---
τεχνῶν	texnw=n	τέχνη	te/xnh	n-p---fg-
τεχνῶν	texnw=n	τεχνάζω	texna/zw	v-sfpamv-
τεχνῶν	texnw=n	τεχνάζω	texna/zw	v-sfpann-
τεχνῶν	texnw=n	τεχνάζω	texna/zw	v-sfpanv-
τεχνῶν	texnw=n	τεχνάζω	texna/zw	v-sfpana-
τεχνῶν	texnw=n	τεχνάζω	texna/zw	v-sfpamn-
τεχνῶν	texnw=n	τεχνόω	texno/w	v-sppamv-
τεχνῶν	texnw=n	τεχνόω	texno/w	v-sppann-
τεχνῶν	texnw=n	τεχνόω	texno/w	v-sppanv-
τεχνῶν	texnw=n	τεχνόω	texno/w	v-sppana-
τεχνῶν	texnw=n	τεχνόω	texno/w	v-sppamn-
τεχνῶν	texnw=n	τεχνόω	texno/w	v--pna---
τείχει	tei/xei	τεῖχος	tei=xos	n-d---nn-
τείχει	tei/xei	τεῖχος	tei=xos	n-d---nv-
τείχει	tei/xei	τεῖχος	tei=xos	n-d---na-
τείχει	tei/xei	τεῖχος	tei=xos	n-s---nd-
τείχει	tei/xei	τεῖχος	tei=xos	n-s---nd-
τείχει	tei/xei	τειχέω	teixe/w	v2spma---
τείχει	tei/xei	τειχέω	teixe/w	v3siia---
τείχη	tei/xh	τεῖχος	tei=xos	n-p---nn-
τείχη	tei/xh	τεῖχος	tei=xos	n-p---nv-
τείχη	tei/xh	τεῖχος	tei=xos	n-p---na-
τείχη	tei/xh	τεῖχος	tei=xos	n-d---nn-
τείχη	tei/xh	τεῖχος	tei=xos	n-d---nv-
τείχη	tei/xh	τεῖχος	tei=xos	n-d---na-
τείχη	tei/xh	τειχέω	teixe/w	v2spma---
τείχη	tei/xh	τειχέω	teixe/w	v3siia---
τεύξεται	teu/cetai	τεύχω	teu/xw	v3sasm---
τεύξεται	teu/cetai	τεύχω	teu/xw	v3sfim---
τεύξεται	teu/cetai	τυγχάνω	tugxa/nw	v3sfim---
τεῖχος	tei=xos	τεῖχος	tei=xos	n-s---nn-
τεῖχος	tei=xos	τεῖχος	tei=xos	n-s---nv-
τεῖχος	tei=xos	τεῖχος	tei=xos	n-s---na-
τι	ti	τις	tis	p-s---nn-
τι	ti	τις	tis	p-s---nv-
τι	ti	τις	tis	p-s---na-
τιθέασιν	tiqe/asin	τίθημι	ti/qhmi	v3ppia---
τιθῇ	tiqh=|	τίθημι	ti/qhmi	v2spse---
τιθῇ	tiqh=|	τίθημι	ti/qhmi	v3spsa---
τιθῇ	tiqh=|	τίθημι	ti/qhmi	v3spsa---
τιθῇ	tiqh=|	τιθή	tiqh/	n-s---fd-
τιθῇ	tiqh=|	τιθός	tiqo/s	a-s---fd-
τιμηθέντων	timhqe/ntwn	τιμάω	tima/w	v-pappmg-
τιμηθέντων	timhqe/ntwn	τιμάω	tima/w	v-pappng-
τιμηθέντων	timhqe/ntwn	τιμέω	time/w	v-pappmg-
τιμηθέντων	timhqe/ntwn	τιμέω	time/w	v-pappng-
τιμηθήσεται	timhqh/setai	τιμάω	tima/w	v3sfip---
τιμηθήσεται	timhqh/setai	τιμέω	time/w	v3sfip---
τιμηθῆναι	timhqh=nai	τιμάω	tima/w	v--anp---
τιμηθῆναι	timhqh=nai	τιμέω	time/w	v--anp---
τιμητέος	timhte/os	τιμητέος	timhte/os	n-s---mn-
τιμάτω	tima/tw	τιμάω	tima/w	v3spma---
τιμή	timh/	τιμή	timh/	n-s---fn-
τιμή	timh/	τιμή	timh/	n-s---fv-
τιμήσατε	timh/sate	τιμάω	tima/w	v2pama---
τιμήσατε	timh/sate	τιμάω	tima/w	v2paia---
τιμήσατε	timh/sate	τιμέω	time/w	v2pama---
τιμήσατε	timh/sate	τιμέω	time/w	v2paia---
τιμήσοντες	timh/sontes	τιμάω	tima/w	v-pfpamn-
τιμήσοντες	timh/sontes	τιμάω	tima/w	v-pfpamv-
τιμήσοντες	timh/sontes	τιμέω	time/w	v-pfpamn-
τιμήσοντες	timh/sontes	τιμέω	time/w	v-pfpamv-
τιμώμενοι	timw/menoi	τιμάω	tima/w	v-pppemn-
τιμώμενοι	timw/menoi	τιμάω	tima/w	v-pppemv-
τιμώμενοι	timw/menoi	τιμόω	timo/w	v-pppemn-
τιμώμενοι	timw/menoi	τιμόω	timo/w	v-pppemv-
τιμώντων	timw/ntwn	τιμάω	tima/w	v-pppamg-
τιμώντων	timw/ntwn	τιμάω	tima/w	v-pppang-
τιμώντων	timw/ntwn	τιμάω	tima/w	v3ppma---
τιμώντων	timw/ntwn	τιμόω	timo/w	v-pppamg-
τιμώντων	timw/ntwn	τιμόω	timo/w	v-pppang-
τιμώντων	timw/ntwn	τιμόω	timo/w	v3ppma---
τιμᾶν	tima=n	τιμάω	tima/w	v-sppamv-
τιμᾶν	tima=n	τιμάω	tima/w	v-sppann-
τιμᾶν	tima=n	τιμάω	tima/w	v-sppanv-
τιμᾶν	tima=n	τιμάω	tima/w	v-sppana-
τιμᾶν	tima=n	τιμάω	tima/w	v-sppamn-
τιμᾶν	tima=n	τιμάω	tima/w	v--pna---
τιμᾶν	tima=n	τιμάω	tima/w	v--pna---
τιμᾶν	tima=n	τιμή	timh/	n-p---fg-
τιμᾶσθαι	tima=sqai	τιμάω	tima/w	v--pne---
τιμᾶσθε	tima=sqe	τιμάω	tima/w	v2ppme---
τιμᾶσθε	tima=sqe	τιμάω	tima/w	v2ppse---
τιμᾶσθε	tima=sqe	τιμάω	tima/w	v2ppie---
τιμᾶσθε	tima=sqe	τιμάω	tima/w	v2ppsa---
τιμᾶσθε	tima=sqe	τιμάω	tima/w	v2piie---
τιμᾶται	tima=tai	τιμάω	tima/w	v3spse---
τιμᾶται	tima=tai	τιμάω	tima/w	v3spie---
τιμᾷ	tima=|	τιμάω	tima/w	v2spse---
τιμᾷ	tima=|	τιμάω	tima/w	v2spie---
τιμᾷ	tima=|	τιμάω	tima/w	v3spsa---
τιμᾷ	tima=|	τιμάω	tima/w	v3spia---
τιμᾷ	tima=|	τιμή	timh/	n-s---fd-
τιμῆς	timh=s	τιμάω	tima/w	v2spia---
τιμῆς	timh=s	τιμάω	tima/w	v2spia---
τιμῆς	timh=s	τιμέω	time/w	v2spia---
τιμῆς	timh=s	τιμή	timh/	n-s---fg-
τιμῶνται	timw=ntai	τιμάω	tima/w	v3ppse---
τιμῶνται	timw=ntai	τιμάω	tima/w	v3ppie---
τιμῶνται	timw=ntai	τιμάω	tima/w	v3ppse---
τιμῶνται	timw=ntai	τιμέω	time/w	v3ppse---
τιμῶνται	timw=ntai	τιμόω	timo/w	v3ppse---
τιμῶνται	timw=ntai	τιμόω	timo/w	v3ppie---
τιμῶντες	timw=ntes	τιμάω	tima/w	v-pppamn-
τιμῶντες	timw=ntes	τιμάω	tima/w	v-pppamv-
τιμῶντες	timw=ntes	τιμόω	timo/w	v-pppamn-
τιμῶντες	timw=ntes	τιμόω	timo/w	v-pppamv-
τιμῶσα	timw=sa	τιμάω	tima/w	v-sppafn-
τιμῶσα	timw=sa	τιμάω	tima/w	v-sppafv-
τιμῶσι	timw=si	τιμάω	tima/w	v-pppamd-
τιμῶσι	timw=si	τιμάω	tima/w	v-pppand-
τιμῶσι	timw=si	τιμάω	tima/w	v3ppsa---
τιμῶσι	timw=si	τιμάω	tima/w	v3ppia---
τιμῶσι	timw=si	τιμάω	tima/w	v3ppsa---
τιμῶσι	timw=si	τιμέω	time/w	v3ppsa---
τιμῶσι	timw=si	τιμόω	timo/w	v2spse---
τιμῶσι	timw=si	τιμόω	timo/w	v3ppsa---
τιμῶσι	timw=si	τιμόω	timo/w	v3spsa---
τιμῶσιν	timw=sin	τιμάω	tima/w	v-pppamd-
τιμῶσιν	timw=sin	τιμάω	tima/w	v-pppand-
τιμῶσιν	timw=sin	τιμάω	tima/w	v3ppsa---
τιμῶσιν	timw=sin	τιμάω	tima/w	v3ppia---
τιμῶσιν	timw=sin	τιμάω	tima/w	v3ppsa---
τιμῶσιν	timw=sin	τιμέω	time/w	v3ppsa---
τιμῶσιν	timw=sin	τιμόω	timo/w	v2spse---
τιμῶσιν	timw=sin	τιμόω	timo/w	v3ppsa---
τιμῶσιν	timw=sin	τιμόω	timo/w	v3spsa---
τιμῷτο	timw=|to	τιμάω	tima/w	v3spoe---
τιμῷτο	timw=|to	τιμόω	timo/w	v3spoe---
τινα	tina	τις	tis	p-s---ma-
τινα	tina	τις	tis	p-s---fa-
τινα	tina	τις	tis	p-p---nn-
τινα	tina	τις	tis	p-p---nv-
τινα	tina	τις	tis	p-p---na-
τινες	tines	τις	tis	p-p---mn-
τινες	tines	τις	tis	p-p---mv-
τινες	tines	τις	tis	p-p---fn-
τινες	tines	τις	tis	p-p---fv-
τινι	tini	τις	tis	p-s----d-
τινων	tinwn	τις	tis	p-p----g-
τινά	tina/	τις	tis	p-s---ma-
τινά	tina/	τις	tis	p-s---fa-
τινά	tina/	τις	tis	p-p---nn-
τινά	tina/	τις	tis	p-p---nv-
τινά	tina/	τις	tis	p-p---na-
τινάς	tina/s	τις	tis	p-p---ma-
τινάς	tina/s	τις	tis	p-p---fa-
τινές	tine/s	τις	tis	p-p---mn-
τινές	tine/s	τις	tis	p-p---mv-
τινές	tine/s	τις	tis	p-p---fn-
τινές	tine/s	τις	tis	p-p---fv-
τις	tis	τις	tis	p-s---mn-
τις	tis	τις	tis	p-s---fn-
τοι	toi	σύ	su/	p-s----d-
τοι	toi	τοι	toi	g--------
τοιαύτη	toiau/th	τοιοῦτος	toiou=tos	n-s---fn-
τοιαύτη	toiau/th	τοιοῦτος	toiou=tos	n-s---fv-
τοιαύτης	toiau/ths	τοιοῦτος	toiou=tos	n-s---fg-
τοιαῦτα	toiau=ta	τοιοῦτος	toiou=tos	n-p---nn-
τοιαῦτα	toiau=ta	τοιοῦτος	toiou=tos	n-p---nv-
τοιαῦτα	toiau=ta	τοιοῦτος	toiou=tos	n-p---na-
τοιούτοις	toiou/tois	τοιοῦτος	toiou=tos	n-p---md-
τοιούτοις	toiou/tois	τοιοῦτος	toiou=tos	n-p---nd-
τοιούτου	toiou/tou	τοιοῦτος	toiou=tos	n-s---mg-
τοιούτου	toiou/tou	τοιοῦτος	toiou=tos	n-s---ng-
τοιούτων	toiou/twn	τοιοῦτος	toiou=tos	n-p---mg-
τοιούτων	toiou/twn	τοιοῦτος	toiou=tos	n-p---ng-
τοιούτῳ	toiou/tw|	τοιοῦτος	toiou=tos	n-s---md-
τοιούτῳ	toiou/tw|	τοιοῦτος	toiou=tos	n-s---nd-
τοιοῦτο	toiou=to	τοιοῦτος	toiou=tos	n-s---nn-
τοιοῦτοι	toiou=toi	τοιοῦτος	toiou=tos	n-p---mn-
τοιοῦτοι	toiou=toi	τοιοῦτος	toiou=tos	n-p---mv-
τοιοῦτος	toiou=tos	τοιοῦτος	toiou=tos	n-s---mn-
τοσαῦτα	tosau=ta	τοσοῦτος	tosou=tos	n-p---nn-
τοσαῦτα	tosau=ta	τοσοῦτος	tosou=tos	n-p---nv-
τοσαῦτα	tosau=ta	τοσοῦτος	tosou=tos	n-p---na-
τοσούτῳ	tosou/tw|	τοσοῦτος	tosou=tos	n-s---nd-
τοσούτῳ	tosou/tw|	τοσοῦτος	tosou=tos	n-s---md-
τούς	tou/s	ὁ	o(	l-p---ma-
τούσδε	tou/sde	ὅδε	o(/de	n-p---ma-
τούτοις	tou/tois	οὗτος	ou(=tos	n-p---md-
τούτοις	tou/tois	οὗτος	ou(=tos	n-p---nd-
τούτου	tou/tou	οὗτος	ou(=tos	n-s---mg-
τούτου	tou/tou	οὗτος	ou(=tos	n-s---ng-
τούτους	tou/tous	οὗτος	ou(=tos	n-p---ma-
τούτων	tou/twn	οὗτος	ou(=tos	n-p---mg-
τούτων	tou/twn	οὗτος	ou(=tos	n-p---fg-
τούτων	tou/twn	οὗτος	ou(=tos	n-p---ng-
τούτῳ	tou/tw|	οὗτος	ou(=tos	n-s---md-
τούτῳ	tou/tw|	οὗτος	ou(=tos	n-s---nd-
τοῖς	toi=s	ὁ	o(	l-p---md-
τοῖς	toi=s	ὁ	o(	l-p---nd-
τοῖσδε	toi=sde	ὅδε	o(/de	n-p---md-
τοῖσδε	toi=sde	ὅδε	o(/de	n-p---nd-
τοῦ	tou=	ὁ	o(	l-s---mg-
τοῦ	tou=	ὁ	o(	l-s---ng-
τοῦ	tou=	τίς	ti/s	n-s----g-
τοῦ	tou=	τις	tis	p-s----g-
τοῦδε	tou=de	ὅδε	o(/de	n-s---mg-
τοῦδε	tou=de	ὅδε	o(/de	n-s---ng-
τοῦτο	tou=to	οὗτος	ou(=tos	n-s---nn-
τοῦτο	tou=to	οὗτος	ou(=tos	n-s---nv-
τοῦτο	tou=to	οὗτος	ou(=tos	n-s---na-
τοῦτον	tou=ton	οὗτος	ou(=tos	n-s---ma-
τοῦτόν	tou=to/n	οὗτος	ou(=tos	n-s---ma-
τραπέζαις	trape/zais	τράπεζα	tra/peza	n-p---fd-
τραπώμεθα	trapw/meqa	τραπέω	trape/w	v1ppse---
τραπώμεθα	trapw/meqa	τρέπω	tre/pw	v1pase---
τρεῖς	trei=s	τρέω	tre/w	v2spia---
τρεῖς	trei=s	τρέω	tre/w	v2siia---
τρεῖς	trei=s	τρεῖς	trei=s	m-p---mn-
τρεῖς	trei=s	τρεῖς	trei=s	m-p---mv-
τρεῖς	trei=s	τρεῖς	trei=s	m-p---ma-
τρεῖς	trei=s	τρεῖς	trei=s	m-p---fn-
τρεῖς	trei=s	τρεῖς	trei=s	m-p---fv-
τρεῖς	trei=s	τρεῖς	trei=s	m-p---fa-
τρισί	trisi/	τρεῖς	trei=s	m-p---md-
τρισί	trisi/	τρεῖς	trei=s	m-p---fd-
τρισί	trisi/	τρεῖς	trei=s	m-p---nd-
τρισίν	trisi/n	τρεῖς	trei=s	m-p---md-
τρισίν	trisi/n	τρεῖς	trei=s	m-p---fd-
τρισίν	trisi/n	τρεῖς	trei=s	m-p---nd-
τριῶν	triw=n	τρεῖς	trei=s	m-p---mg-
τριῶν	triw=n	τρεῖς	trei=s	m-p---fg-
τριῶν	triw=n	τρεῖς	trei=s	m-p---ng-
τριῶν	triw=n	τρίζω	tri/zw	v-sfpamn-
τριῶν	triw=n	τριάξω	tria/cw	v-sfpamv-
τριῶν	triw=n	τριάξω	tria/cw	v-sfpann-
τριῶν	triw=n	τριάξω	tria/cw	v-sfpanv-
τριῶν	triw=n	τριάξω	tria/cw	v-sfpana-
τριῶν	triw=n	τριάξω	tria/cw	v-sfpamn-
τριῶν	triw=n	τριάζω	tria/zw	v-sfpamv-
τριῶν	triw=n	τριάζω	tria/zw	v-sfpann-
τριῶν	triw=n	τριάζω	tria/zw	v-sfpanv-
τριῶν	triw=n	τριάζω	tria/zw	v-sfpana-
τριῶν	triw=n	τριάζω	tria/zw	v-sfpamn-
τράπεζαν	tra/pezan	τράπεζα	tra/peza	n-s---fa-
τρέποντες	tre/pontes	τρέπω	tre/pw	v-pppamn-
τρέποντες	tre/pontes	τρέπω	tre/pw	v-pppamv-
τρίτῃ	tri/th|	τρίτος	tri/tos	a-s---fd-
τρόπαια	tro/paia	τρόπαιον	tro/paion	n-p---nn-
τρόπαια	tro/paia	τρόπαιον	tro/paion	n-p---nv-
τρόπαια	tro/paia	τρόπαιον	tro/paion	n-p---na-
τρόπαιον	tro/paion	τρόπαιον	tro/paion	n-s---nn-
τρόπαιον	tro/paion	τρόπαιον	tro/paion	n-s---nv-
τρόπαιον	tro/paion	τρόπαιον	tro/paion	n-s---na-
τρόπαιόν	tro/paio/n	τρόπαιον	tro/paion	n-s---nn-
τρόπαιόν	tro/paio/n	τρόπαιον	tro/paion	n-s---nv-
τρόπαιόν	tro/paio/n	τρόπαιον	tro/paion	n-s---na-
τρόποι	tro/poi	τρόπος	tro/pos	n-p---mn-
τρόποι	tro/poi	τρόπος	tro/pos	n-p---mv-
τρόποις	tro/pois	τρόπος	tro/pos	n-p---md-
τρόπον	tro/pon	τρόπος	tro/pos	n-s---ma-
τρόπους	tro/pous	τρόπος	tro/pos	n-p---ma-
τρόπους	tro/pous	τροπόω	tropo/w	v2siia---
τρόπων	tro/pwn	τρόπος	tro/pos	n-p---mg-
τρόπων	tro/pwn	τροπόω	tropo/w	v3piia---
τρόπων	tro/pwn	τροπόω	tropo/w	v1siia---
τρόπῳ	tro/pw|	τρόπος	tro/pos	n-s---md-
τυγχάνει	tugxa/nei	τυγχάνω	tugxa/nw	v2spie---
τυγχάνει	tugxa/nei	τυγχάνω	tugxa/nw	v3spia---
τυγχάνουσιν	tugxa/nousin	τυγχάνω	tugxa/nw	v-pppamd-
τυγχάνουσιν	tugxa/nousin	τυγχάνω	tugxa/nw	v-pppand-
τυγχάνουσιν	tugxa/nousin	τυγχάνω	tugxa/nw	v3ppia---
τυθέντα	tuqe/nta	θύω1	qu/w1	v-pappnn-
τυθέντα	tuqe/nta	θύω1	qu/w1	v-pappnv-
τυθέντα	tuqe/nta	θύω1	qu/w1	v-pappna-
τυθέντα	tuqe/nta	θύω1	qu/w1	v-sappma-
τυθῆναι	tuqh=nai	θύω1	qu/w1	v--anp---
τἀληθῆ	ta)lhqh=	ἀληθής	a)lhqh/s	n-p---nn-
τἀληθῆ	ta)lhqh=	ἀληθής	a)lhqh/s	n-p---nv-
τἀληθῆ	ta)lhqh=	ἀληθής	a)lhqh/s	n-p---na-
τἀληθῆ	ta)lhqh=	ἀληθής	a)lhqh/s	n-d---mn-
τἀληθῆ	ta)lhqh=	ἀληθής	a)lhqh/s	n-d---mv-
τἀληθῆ	ta)lhqh=	ἀληθής	a)lhqh/s	n-d---ma-
τἀληθῆ	ta)lhqh=	ἀληθής	a)lhqh/s	n-d---fn-
τἀληθῆ	ta)lhqh=	ἀληθής	a)lhqh/s	n-d---fv-
τἀληθῆ	ta)lhqh=	ἀληθής	a)lhqh/s	n-d---fa-
τἀληθῆ	ta)lhqh=	ἀληθής	a)lhqh/s	n-d---nn-
τἀληθῆ	ta)lhqh=	ἀληθής	a)lhqh/s	n-d---nv-
τἀληθῆ	ta)lhqh=	ἀληθής	a)lhqh/s	n-d---na-
τἀληθῆ	ta)lhqh=	ἀληθής	a)lhqh/s	n-s---ma-
τἀληθῆ	ta)lhqh=	ἀληθής	a)lhqh/s	n-s---fa-
τά	ta/	ὁ	o(	l-p---na-
τά	ta/	ὁ	o(	l-p---nn-
τά	ta/	ὁ	o(	l-p---nv-
τά	ta/	ὁ	o(	l-p---na-
τά	ta/	ὁ	o(	l-d---fa-
τά	ta/	ὁ	o(	l-d---fn-
τά	ta/	ὁ	o(	l-d---fv-
τά	ta/	ὁ	o(	l-d---fa-
τά	ta/	τίς	ti/s	n-p---nn-
τά	ta/	τίς	ti/s	n-p---nv-
τά	ta/	τίς	ti/s	n-p---na-
τάδε	ta/de	ὅδε	o(/de	n-p---na-
τάδε	ta/de	ὅδε	o(/de	n-p---nn-
τάδε	ta/de	ὅδε	o(/de	n-d---fa-
τάδε	ta/de	ὅδε	o(/de	n-d---fn-
τάδε	ta/de	ὅδε	o(/de	n-d---fv-
τάδε·	ta/de:	ὅδε	o(/de	n-p---na-
τάδε·	ta/de:	ὅδε	o(/de	n-p---nn-
τάδε·	ta/de:	ὅδε	o(/de	n-d---fa-
τάδε·	ta/de:	ὅδε	o(/de	n-d---fn-
τάδε·	ta/de:	ὅδε	o(/de	n-d---fv-
τάξαι	ta/cai	τάσσω	ta/ssw	v2samm---
τάξαι	ta/cai	τάσσω	ta/ssw	v--ana---
τάξαι	ta/cai	τάσσω	ta/ssw	v3saoa---
τάξαντα	ta/canta	τάσσω	ta/ssw	v-papann-
τάξαντα	ta/canta	τάσσω	ta/ssw	v-papanv-
τάξαντα	ta/canta	τάσσω	ta/ssw	v-papana-
τάξαντα	ta/canta	τάσσω	ta/ssw	v-sapama-
τάξας	ta/cas	τάσσω	ta/ssw	v-sapamn-
τάξας	ta/cas	τάσσω	ta/ssw	v-sapamv-
τάξας	ta/cas	τάσσω	ta/ssw	v2saia---
τάξασθαι	ta/casqai	τάσσω	ta/ssw	v--anm---
τάξει	ta/cei	τάξις	ta/cis	n-d---fn-
τάξει	ta/cei	τάξις	ta/cis	n-d---fv-
τάξει	ta/cei	τάξις	ta/cis	n-d---fa-
τάξει	ta/cei	τάξις	ta/cis	n-s---fd-
τάξει	ta/cei	τάξις	ta/cis	n-s---fd-
τάξει	ta/cei	τάσσω	ta/ssw	v3sasa---
τάξει	ta/cei	τάσσω	ta/ssw	v2sfim---
τάξει	ta/cei	τάσσω	ta/ssw	v3sfia---
τάξει	ta/cei	τήκω	th/kw	v2sfim---
τάξει	ta/cei	τήκω	th/kw	v3sfia---
τάς	ta/s	ὁ	o(	l-p---fa-
τάσδε	ta/sde	ὅδε	o(/de	n-p---fa-
τάσδε	ta/sde	τάσσω	ta/ssw	v2spma---
τάσδε	ta/sde	τάσσω	ta/ssw	v3siia---
τάττοιντ’	ta/ttoint'	τάσσω	ta/ssw	v3ppoe---
τάττονται	ta/ttontai	τάσσω	ta/ssw	v3ppie---
τάττῃ	ta/tth|	τάσσω	ta/ssw	v2spse---
τάττῃ	ta/tth|	τάσσω	ta/ssw	v2spie---
τάττῃ	ta/tth|	τάσσω	ta/ssw	v3spsa---
τάχιστα	ta/xista	τάχιστος	ta/xistos	a-p---nn-
τάχιστα	ta/xista	τάχιστος	ta/xistos	a-p---nv-
τάχιστα	ta/xista	τάχιστος	ta/xistos	a-p---na-
τάχιστα	ta/xista	ταχύς	taxu/s	a-p---nn-
τάχιστα	ta/xista	ταχύς	taxu/s	a-p---nv-
τάχιστα	ta/xista	ταχύς	taxu/s	a-p---na-
τέλει	te/lei	τέλος	te/los	n-d---nn-
τέλει	te/lei	τέλος	te/los	n-d---nv-
τέλει	te/lei	τέλος	te/los	n-d---na-
τέλει	te/lei	τέλος	te/los	n-s---nd-
τέλει	te/lei	τέλος	te/los	n-s---nd-
τέλει	te/lei	τελέω	tele/w	v2spma---
τέλει	te/lei	τελέω	tele/w	v3siia---
τέλος	te/los	τέλος	te/los	n-s---nn-
τέλος	te/los	τέλος	te/los	n-s---nv-
τέλος	te/los	τέλος	te/los	n-s---na-
τέλους	te/lous	τέλος	te/los	n-s---ng-
τέταχας	te/taxas	τάσσω	ta/ssw	v2sria---
τέτταρες	te/ttares	τέσσαρες	te/ssares	n-p---mn-
τέτταρες	te/ttares	τέσσαρες	te/ssares	n-p---mv-
τέτταρες	te/ttares	τέσσαρες	te/ssares	n-p---fn-
τέτταρες	te/ttares	τέσσαρες	te/ssares	n-p---fv-
τέτταρσιν	te/ttarsin	τέσσαρες	te/ssares	n-p---md-
τέτταρσιν	te/ttarsin	τέσσαρες	te/ssares	n-p---fd-
τέτταρσιν	te/ttarsin	τέσσαρες	te/ssares	n-p---nd-
τέχνην	te/xnhn	τέχνη	te/xnh	n-s---fa-
τέχνης	te/xnhs	τέχνη	te/xnh	n-s---fg-
τέχνῃ	te/xnh|	τέχνη	te/xnh	n-s---fd-
τήν	th/n	ὁ	o(	l-s---fa-
τί	ti/	τίς	ti/s	n-s---nn-
τί	ti/	τίς	ti/s	n-s---nv-
τί	ti/	τίς	ti/s	n-s---na-
τί	ti/	τις	tis	p-s---nn-
τί	ti/	τις	tis	p-s---nv-
τί	ti/	τις	tis	p-s---na-
τίθενται	ti/qentai	τίθημι	ti/qhmi	v3ppie---
τίμα	ti/ma	τιμάω	tima/w	v2spma---
τίμα	ti/ma	τιμάω	tima/w	v3siia---
τίνα	ti/na	τίς	ti/s	n-s---ma-
τίνα	ti/na	τίς	ti/s	n-s---fa-
τίνα	ti/na	τίς	ti/s	n-p---nn-
τίνα	ti/na	τίς	ti/s	n-p---nv-
τίνα	ti/na	τίς	ti/s	n-p---na-
τίνα	ti/na	τις	tis	p-s---ma-
τίνα	ti/na	τις	tis	p-s---fa-
τίνα	ti/na	τις	tis	p-p---nn-
τίνα	ti/na	τις	tis	p-p---nv-
τίνα	ti/na	τις	tis	p-p---na-
τίνας	ti/nas	τίς	ti/s	n-p---ma-
τίνας	ti/nas	τίς	ti/s	n-p---fa-
τίνας	ti/nas	τις	tis	p-p---ma-
τίνας	ti/nas	τις	tis	p-p---fa-
τίς	ti/s	τίς	ti/s	n-s---mn-
τίς	ti/s	τίς	ti/s	n-s---fn-
τίς	ti/s	τις	tis	p-s---mn-
τίς	ti/s	τις	tis	p-s---fn-
τό	to/	ὁ	o(	l-s---nn-
τό	to/	ὁ	o(	l-s---nv-
τό	to/	ὁ	o(	l-s---na-
τόδε	to/de	ὅδε	o(/de	n-s---nn-
τόδε	to/de	ὅδε	o(/de	n-s---nv-
τόδε	to/de	ὅδε	o(/de	n-s---na-
τόδε·	to/de:	ὅδε	o(/de	n-s---nn-
τόδε·	to/de:	ὅδε	o(/de	n-s---nv-
τόδε·	to/de:	ὅδε	o(/de	n-s---na-
τόδ’	to/d'	ὅδε	o(/de	n-s---nn-
τόδ’	to/d'	ὅδε	o(/de	n-s---nv-
τόδ’	to/d'	ὅδε	o(/de	n-s---na-
τόν	to/n	ὁ	o(	l-s---ma-
τόνδε	to/nde	ὅδε	o(/de	n-s---ma-
τόνδε	to/nde	ὅδε	o(/de	n-s---na-
τόπον	to/pon	τόπος	to/pos	n-s---ma-
τότε	to/te	τότε	to/te	d--------
τύχῃ	tu/xh|	τύχη	tu/xh	n-s---fd-
τύχῃ	tu/xh|	τυγχάνω	tugxa/nw	v2sase---
τύχῃ	tu/xh|	τυγχάνω	tugxa/nw	v3sasa---
τῆ	th=	τῆ	th=	v2sama---
τῆς	th=s	ὁ	o(	l-s---fg-
τῆσδε	th=sde	ὅδε	o(/de	n-s---fg-
τῇ	th=|	ὁ	o(	l-s---fd-
τῇ	th=|	τῇ	th=|	d--------
τῶν	tw=n	ὁ	o(	l-p---fg-
τῶν	tw=n	ὁ	o(	l-p---mg-
τῶν	tw=n	ὁ	o(	l-p---ng-
τῶνδε	tw=nde	ὅδε	o(/de	n-p---fg-
τῶνδε	tw=nde	ὅδε	o(/de	n-p---mg-
τῶνδε	tw=nde	ὅδε	o(/de	n-p---ng-
τῷ	tw=|	ὁ	o(	l-s---md-
τῷ	tw=|	ὁ	o(	l-s---nd-
τῷ	tw=|	τίς	ti/s	n-s----d-
τῷ	tw=|	τις	tis	p-s----d-
τῷ	tw=|	τῷ	tw=|	d--------
τῷδε	tw=|de	ὅδε	o(/de	n-s---md-
τῷδε	tw=|de	ὅδε	o(/de	n-s---nd-
φαμέν	fame/n	φημί	fhmi/	v1ppia---
φατέ	fate/	φατός	fato/s	a-s---mv-
φατέ	fate/	φημί	fhmi/	v2ppia---
φαίνωνται	fai/nwntai	φαίνω	fai/nw	v3ppse---
φευξόμεθα	feuco/meqa	φεύγω	feu/gw	v1pfim---
φευξόμεθα	feuco/meqa	φεύζω	feu/zw	v1pasm---
φευξόμεθα	feuco/meqa	φεύζω	feu/zw	v1pfim---
φεύγων	feu/gwn	φεύγω	feu/gw	v-sppamn-
φημι	fhmi	φημί	fhmi/	v1spia---
φημί	fhmi/	φημί	fhmi/	v1spia---
φησι	fhsi	φημί	fhmi/	v3spia---
φθάσωσι	fqa/swsi	φθάνω	fqa/nw	v3pasa---
φθάσωσι	fqa/swsi	φθάζω	fqa/zw	v3pasa---
φιλεῖτε	filei=te	φιλέω	file/w	v2ppma---
φιλεῖτε	filei=te	φιλέω	file/w	v2ppoa---
φιλεῖτε	filei=te	φιλέω	file/w	v2ppia---
φιλεῖτε	filei=te	φιλέω	file/w	v2piia---
φιλοῦντες	filou=ntes	φιλέω	file/w	v-pppamn-
φιλοῦντες	filou=ntes	φιλέω	file/w	v-pppamv-
φιλοῦντες	filou=ntes	φιλόω	filo/w	v-pppamn-
φιλοῦντες	filou=ntes	φιλόω	filo/w	v-pppamv-
φιλίαν	fili/an	φίλιος	fi/lios	a-s---fa-
φιλίαν	fili/an	φιλία	fili/a	n-s---fa-
φιλῶν	filw=n	φῖλος	fi=los	n-p---ng-
φιλῶν	filw=n	φιλέω	file/w	v-sppamn-
φιλῶν	filw=n	φιλόω	filo/w	v-sppamv-
φιλῶν	filw=n	φιλόω	filo/w	v-sppann-
φιλῶν	filw=n	φιλόω	filo/w	v-sppanv-
φιλῶν	filw=n	φιλόω	filo/w	v-sppana-
φιλῶν	filw=n	φιλόω	filo/w	v-sppamn-
φιλῶν	filw=n	φιλόω	filo/w	v--pna---
φοβερόν	fobero/n	φοβερός	fobero/s	a-s---ma-
φοβερόν	fobero/n	φοβερός	fobero/s	a-s---nn-
φοβερόν	fobero/n	φοβερός	fobero/s	a-s---nv-
φοβερόν	fobero/n	φοβερός	fobero/s	a-s---na-
φοβερός	fobero/s	φοβερός	fobero/s	a-s---mn-
φοβερῶν	foberw=n	φοβερός	fobero/s	a-p---fg-
φοβερῶν	foberw=n	φοβερός	fobero/s	a-p---mg-
φοβερῶν	foberw=n	φοβερός	fobero/s	a-p---ng-
φοβεῖσθε	fobei=sqe	φοβέω	fobe/w	v2ppme---
φοβεῖσθε	fobei=sqe	φοβέω	fobe/w	v2ppoe---
φοβεῖσθε	fobei=sqe	φοβέω	fobe/w	v2ppie---
φοβεῖσθε	fobei=sqe	φοβέω	fobe/w	v2piie---
φοβηθέντες	fobhqe/ntes	φοβέω	fobe/w	v-pappmn-
φοβηθέντες	fobhqe/ntes	φοβέω	fobe/w	v-pappmv-
φοβηθῆναι	fobhqh=nai	φοβέω	fobe/w	v--anp---
φοβηθῇς	fobhqh=|s	φοβέω	fobe/w	v2sasp---
φοβηθῶμεν	fobhqw=men	φοβέω	fobe/w	v1pasp---
φοβούμεθα	fobou/meqa	φοβέω	fobe/w	v1ppie---
φοβούμεθα	fobou/meqa	φοβέω	fobe/w	v1piie---
φοβούμενοι	fobou/menoi	φοβέω	fobe/w	v-pppemn-
φοβούμενοι	fobou/menoi	φοβέω	fobe/w	v-pppemv-
φοβούμενος	fobou/menos	φοβέω	fobe/w	v-sppemn-
φοβῶνται	fobw=ntai	φοβέω	fobe/w	v3ppse---
φονεῖς	fonei=s	φονάω	fona/w	v2spia---
φονεῖς	fonei=s	φονεύς	foneu/s	n-p---ma-
φονεῖς	fonei=s	φονεύς	foneu/s	n-p---mn-
φονεῖς	fonei=s	φονεύς	foneu/s	n-p---mv-
φονεῖς	fonei=s	φονεύς	foneu/s	n-p---mn-
φονέας	fone/as	φονεύς	foneu/s	n-p---ma-
φυγεῖν	fugei=n	φεύγω	feu/gw	v--ana---
φυγοῦσιν	fugou=sin	φεύγω	feu/gw	v-papamd-
φυγοῦσιν	fugou=sin	φεύγω	feu/gw	v-papand-
φυγόντες	fugo/ntes	φεύγω	feu/gw	v-papamn-
φυγόντες	fugo/ntes	φεύγω	feu/gw	v-papamv-
φυλαξόμεναι	fulaco/menai	φυλάσσω	fula/ssw	v-pfpmfn-
φυλαξόμεναι	fulaco/menai	φυλάσσω	fula/ssw	v-pfpmfv-
φυλαξόμεναι	fulaco/menai	φυλάζω	fula/zw	v-pfpmfn-
φυλαξόμεναι	fulaco/menai	φυλάζω	fula/zw	v-pfpmfv-
φυλαξόμενοι	fulaco/menoi	φυλάσσω	fula/ssw	v-pfpmmn-
φυλαξόμενοι	fulaco/menoi	φυλάσσω	fula/ssw	v-pfpmmv-
φυλαξόμενοι	fulaco/menoi	φυλάζω	fula/zw	v-pfpmmn-
φυλαξόμενοι	fulaco/menoi	φυλάζω	fula/zw	v-pfpmmv-
φυλαττομένων	fulattome/nwn	φυλάσσω	fula/ssw	v-pppefg-
φυλαττομένων	fulattome/nwn	φυλάσσω	fula/ssw	v-pppemg-
φυλαττομένων	fulattome/nwn	φυλάσσω	fula/ssw	v-pppeng-
φυλαττουσῶν	fulattousw=n	φυλάσσω	fula/ssw	v-pppafg-
φυλαττούσῃ	fulattou/sh|	φυλάσσω	fula/ssw	v-sppafd-
φυλαττέτω	fulatte/tw	φυλάσσω	fula/ssw	v3spma---
φυλαττόμεναι	fulatto/menai	φυλάσσω	fula/ssw	v-pppefn-
φυλαττόμεναι	fulatto/menai	φυλάσσω	fula/ssw	v-pppefv-
φυλαχθεῖσαν	fulaxqei=san	φυλάσσω	fula/ssw	v-sappfa-
φυλαχθεῖσαν	fulaxqei=san	φυλάζω	fula/zw	v-sappfa-
φυλάκων	fula/kwn	φύλαξ	fu/lac	n-p---mg-
φυλάκων	fula/kwn	φυλακός	fulako/s	n-p---mg-
φυλάξαι	fula/cai	φυλάσσω	fula/ssw	v--ana---
φυλάξαι	fula/cai	φυλάσσω	fula/ssw	v3saoa---
φυλάξαι	fula/cai	φυλάζω	fula/zw	v--ana---
φυλάξαι	fula/cai	φυλάζω	fula/zw	v3saoa---
φυλάξαντες	fula/cantes	φυλάσσω	fula/ssw	v-papamn-
φυλάξαντες	fula/cantes	φυλάσσω	fula/ssw	v-papamv-
φυλάξαντες	fula/cantes	φυλάζω	fula/zw	v-papamn-
φυλάξαντες	fula/cantes	φυλάζω	fula/zw	v-papamv-
φυλάξασθαι	fula/casqai	φυλάσσω	fula/ssw	v--anm---
φυλάξασθαι	fula/casqai	φυλάζω	fula/zw	v--anm---
φυλάξομεν	fula/comen	φυλάσσω	fula/ssw	v1pasa---
φυλάξομεν	fula/comen	φυλάσσω	fula/ssw	v1pfia---
φυλάξομεν	fula/comen	φυλάζω	fula/zw	v1pasa---
φυλάξομεν	fula/comen	φυλάζω	fula/zw	v1pfia---
φυλάξοντες	fula/contes	φυλάσσω	fula/ssw	v-pfpamn-
φυλάξοντες	fula/contes	φυλάσσω	fula/ssw	v-pfpamv-
φυλάξοντες	fula/contes	φυλάζω	fula/zw	v-pfpamn-
φυλάξοντες	fula/contes	φυλάζω	fula/zw	v-pfpamv-
φυλάξουσι	fula/cousi	φυλάσσω	fula/ssw	v3pasa---
φυλάξουσι	fula/cousi	φυλάσσω	fula/ssw	v-pfpamd-
φυλάξουσι	fula/cousi	φυλάσσω	fula/ssw	v-pfpand-
φυλάξουσι	fula/cousi	φυλάσσω	fula/ssw	v3pfia---
φυλάξουσι	fula/cousi	φυλάζω	fula/zw	v3pasa---
φυλάξουσι	fula/cousi	φυλάζω	fula/zw	v-pfpamd-
φυλάξουσι	fula/cousi	φυλάζω	fula/zw	v-pfpand-
φυλάξουσι	fula/cousi	φυλάζω	fula/zw	v3pfia---
φυλάξωμεν	fula/cwmen	φυλάσσω	fula/ssw	v1pasa---
φυλάξωμεν	fula/cwmen	φυλάζω	fula/zw	v1pasa---
φυλάττειν	fula/ttein	φυλάσσω	fula/ssw	v--pna---
φυλάττεται	fula/ttetai	φυλάσσω	fula/ssw	v3spie---
φυλάττηται	fula/tthtai	φυλάσσω	fula/ssw	v3spse---
φυλάττοιεν	fula/ttoien	φυλάσσω	fula/ssw	v3ppoa---
φυλάττοιντο	fula/ttointo	φυλάσσω	fula/ssw	v3ppoe---
φυλάττωσι	fula/ttwsi	φυλάσσω	fula/ssw	v3ppsa---
φυλάττωσιν	fula/ttwsin	φυλάσσω	fula/ssw	v3ppsa---
φάτε	fa/te	φημί	fhmi/	v2ppma---
φάτε	fa/te	φημί	fhmi/	v2ppia---
φάτε	fa/te	φημί	fhmi/	v2piia---
φέροντες	fe/rontes	φέρω	fe/rw	v-pppamn-
φέροντες	fe/rontes	φέρω	fe/rw	v-pppamv-
φέρουσαν	fe/rousan	φέρω	fe/rw	v-sppafa-
φέρων	fe/rwn	φέρω	fe/rw	v-sppamn-
φήσαντα	fh/santa	φημί	fhmi/	v-papann-
φήσαντα	fh/santa	φημί	fhmi/	v-papanv-
φήσαντα	fh/santa	φημί	fhmi/	v-papana-
φήσαντα	fh/santa	φημί	fhmi/	v-sapama-
φήσει	fh/sei	φημί	fhmi/	v3sasa---
φήσει	fh/sei	φημί	fhmi/	v2sfim---
φήσει	fh/sei	φημί	fhmi/	v3sfia---
φήσετε	fh/sete	φημί	fhmi/	v2pasa---
φήσετε	fh/sete	φημί	fhmi/	v2pfia---
φίλαι	fi/lai	φίλος	fi/los	a-p---fn-
φίλαι	fi/lai	φίλος	fi/los	a-p---fv-
φίλαι	fi/lai	φίλος	fi/los	a-s---fd-
φίλαι	fi/lai	φιλέω	file/w	v3saoa---
φίλε	fi/le	φίλος	fi/los	n-s---mv-
φίλε	fi/le	φίλος	fi/los	a-s---mv-
φίλη	fi/lh	φίλος	fi/los	a-s---fn-
φίλη	fi/lh	φίλος	fi/los	a-s---fv-
φίλη	fi/lh	φῖλος	fi=los	n-p---nn-
φίλη	fi/lh	φῖλος	fi=los	n-p---nv-
φίλη	fi/lh	φῖλος	fi=los	n-p---na-
φίλη	fi/lh	φῖλος	fi=los	n-d---nn-
φίλη	fi/lh	φῖλος	fi=los	n-d---nv-
φίλη	fi/lh	φῖλος	fi=los	n-d---na-
φίλη	fi/lh	φιλέω	file/w	v2spma---
φίλη	fi/lh	φιλέω	file/w	v3siia---
φίλην	fi/lhn	φίλος	fi/los	a-s---fa-
φίλην	fi/lhn	φῖλος	fi=los	n-s---na-
φίλοι	fi/loi	φίλος	fi/los	a-p---mn-
φίλοι	fi/loi	φίλος	fi/los	a-p---mv-
φίλοις	fi/lois	φίλος	fi/los	a-p---md-
φίλοις	fi/lois	φίλος	fi/los	a-p---nd-
φίλον	fi/lon	φίλος	fi/los	a-s---ma-
φίλον	fi/lon	φίλος	fi/los	a-s---nn-
φίλον	fi/lon	φίλος	fi/los	a-s---nv-
φίλον	fi/lon	φίλος	fi/los	a-s---na-
φίλος	fi/los	φίλος	fi/los	a-s---mn-
φίλου	fi/lou	φίλος	fi/los	a-s---mg-
φίλου	fi/lou	φίλος	fi/los	a-s---ng-
φίλου	fi/lou	φιλόω	filo/w	v2spma---
φίλου	fi/lou	φιλόω	filo/w	v3siia---
φίλους	fi/lous	φίλος	fi/los	a-p---ma-
φίλους	fi/lous	φῖλος	fi=los	n-s---ng-
φίλους	fi/lous	φιλόω	filo/w	v2siia---
φίλτατοι	fi/ltatoi	φίλτατος	fi/ltatos	a-p---mn-
φίλτατοι	fi/ltatoi	φίλτατος	fi/ltatos	a-p---mv-
φίλων	fi/lwn	φίλος	fi/los	a-p---fg-
φίλων	fi/lwn	φίλος	fi/los	a-p---mg-
φίλων	fi/lwn	φίλος	fi/los	a-p---ng-
φίλων	fi/lwn	φίλων	fi/lwn	n-s---mn-
φίλων	fi/lwn	φίλων	fi/lwn	n-s---mv-
φίλων	fi/lwn	φιλόω	filo/w	v3piia---
φίλων	fi/lwn	φιλόω	filo/w	v1siia---
φόβος	fo/bos	φόβος	fo/bos	n-s---mn-
φόβων	fo/bwn	φόβος	fo/bos	n-p---mg-
φόνον	fo/non	φόνος	fo/nos	n-s---ma-
φόνου	fo/nou	φόνος	fo/nos	n-s---mg-
φόνου	fo/nou	φονόω	fono/w	v2spma---
φόνου	fo/nou	φονόω	fono/w	v3siia---
φύγω	fu/gw	φεύγω	feu/gw	v1sasa---
φύλακας	fu/lakas	φύλαξ	fu/lac	n-p---ma-
φύλακες	fu/lakes	φύλαξ	fu/lac	n-p---mn-
φύλακες	fu/lakes	φύλαξ	fu/lac	n-p---mv-
φύλαξ	fu/lac	φύλαξ	fu/lac	n-s---mn-
φύλαξ	fu/lac	φύλαξ	fu/lac	n-s---mv-
φύσει	fu/sei	φύσις	fu/sis	n-d---fn-
φύσει	fu/sei	φύσις	fu/sis	n-d---fv-
φύσει	fu/sei	φύσις	fu/sis	n-d---fa-
φύσει	fu/sei	φύσις	fu/sis	n-s---fd-
φύσει	fu/sei	φύσις	fu/sis	n-s---fd-
φύσει	fu/sei	φύω	fu/w	v3sasa---
φύσει	fu/sei	φύω	fu/w	v2sfim---
φύσει	fu/sei	φύω	fu/w	v3sfia---
φύσει	fu/sei	φύζω	fu/zw	v3sasa---
φύσει	fu/sei	φύζω	fu/zw	v2sfim---
φύσει	fu/sei	φύζω	fu/zw	v3sfia---
φύσει	fu/sei	φυσάω	fusa/w	v2spma---
φύσει	fu/sei	φυσάω	fusa/w	v3siia---
φύσεις	fu/seis	φύσις	fu/sis	n-p---fn-
φύσεις	fu/seis	φύσις	fu/sis	n-p---fv-
φύσεις	fu/seis	φύσις	fu/sis	n-p---fn-
φύσεις	fu/seis	φύσις	fu/sis	n-p---fa-
φύσεις	fu/seis	φύω	fu/w	v2sasa---
φύσεις	fu/seis	φύω	fu/w	v2sfia---
φύσεις	fu/seis	φύζω	fu/zw	v2sasa---
φύσεις	fu/seis	φύζω	fu/zw	v2sfia---
φύσεις	fu/seis	φυσάω	fusa/w	v2siia---
φύσεως	fu/sews	φύσις	fu/sis	n-s---fg-
φύσιν	fu/sin	φύς	fu/s	v-papamd-
φύσιν	fu/sin	φύσις	fu/sis	n-s---fa-
φύσιν	fu/sin	φύω	fu/w	v-papamd-
φύσιν	fu/sin	φύω	fu/w	v-papand-
φῶμεν	fw=men	φημί	fhmi/	v1p-sa---
χαλεπόν	xalepo/n	χαλεπός	xalepo/s	a-s---ma-
χαλεπόν	xalepo/n	χαλεπός	xalepo/s	a-s---nn-
χαλεπόν	xalepo/n	χαλεπός	xalepo/s	a-s---nv-
χαλεπόν	xalepo/n	χαλεπός	xalepo/s	a-s---na-
χαίροι	xai/roi	χαίρω	xai/rw	v3spoa---
χαίρομέν	xai/rome/n	χαίρω	xai/rw	v1ppia---
χαίρομέν	xai/rome/n	χαίρω	xai/rw	v1piia---
χαίρουσιν	xai/rousin	χαίρω	xai/rw	v-pppamd-
χαίρουσιν	xai/rousin	χαίρω	xai/rw	v-pppand-
χαίρουσιν	xai/rousin	χαίρω	xai/rw	v3ppia---
χαίρων	xai/rwn	χαίρω	xai/rw	v-sppamn-
χαίρωσιν	xai/rwsin	χαίρω	xai/rw	v3ppsa---
χειρί	xeiri/	χείρ	xei/r	n-s---fd-
χειρί	xeiri/	χειρίς	xeiri/s	n-s---fv-
χειρίστους	xeiri/stous	χείριστος	xei/ristos	a-p---ma-
χειρίστους	xeiri/stous	χείρων	xei/rwn	a-p---ma-
χειρόνων	xeiro/nwn	χείρων	xei/rwn	a-p----g-
χειρόνων	xeiro/nwn	χείρων	xei/rwn	a-p---ng-
χερσίν	xersi/n	χείρ	xei/r	n-p---fd-
χείριστε·	xei/riste:	χείριστος	xei/ristos	a-s---mv-
χείριστε·	xei/riste:	χείρων	xei/rwn	a-s---mv-
χείρους	xei/rous	χείρων	xei/rwn	a-p---mn-
χείρους	xei/rous	χείρων	xei/rwn	a-p---ma-
χείρους	xei/rous	χείρων	xei/rwn	a-p---fn-
χείρους	xei/rous	χείρων	xei/rwn	a-p---fa-
χείρους	xei/rous	χείρων	xei/rwn	a-p---ma-
χείρους	xei/rous	χείρων	xei/rwn	a-p---fa-
χείρους	xei/rous	χείρων	xei/rwn	a-p---ma-
χείρους	xei/rous	χείρων	xei/rwn	a-p---fa-
χείρους	xei/rous	χείρων	xei/rwn	a-p---mn-
χείρους	xei/rous	χείρων	xei/rwn	a-p---fn-
χείρους	xei/rous	χειρόω	xeiro/w	v2siia---
χείρω	xei/rw	χείρων	xei/rwn	a-p---na-
χείρω	xei/rw	χείρων	xei/rwn	a-p---nn-
χείρω	xei/rw	χείρων	xei/rwn	a-s---ma-
χείρω	xei/rw	χείρων	xei/rwn	a-s---fa-
χείρω	xei/rw	χειρόω	xeiro/w	v2spma---
χείρω	xei/rw	χειρόω	xeiro/w	v3siia---
χεῖρας	xei=ras	χείρ	xei/r	n-p---fa-
χορευταί	xoreutai/	χορευτής	xoreuth/s	n-p---mn-
χορευταί	xoreutai/	χορευτής	xoreuth/s	n-p---mv-
χορευταῖς	xoreutai=s	χορευτής	xoreuth/s	n-p---md-
χορευτῶν	xoreutw=n	χορευτής	xoreuth/s	n-p---mg-
χορεύειν	xoreu/ein	χορεύω	xoreu/w	v--pna---
χορεύουσαι	xoreu/ousai	χορεύω	xoreu/w	v-pppafn-
χορεύουσαι	xoreu/ousai	χορεύω	xoreu/w	v-pppafv-
χορεύσομεν	xoreu/somen	χορεύω	xoreu/w	v1pasa---
χορεύσομεν	xoreu/somen	χορεύω	xoreu/w	v1pfia---
χορεύσουσι	xoreu/sousi	χορεύω	xoreu/w	v3pasa---
χορεύσουσι	xoreu/sousi	χορεύω	xoreu/w	v-pfpamd-
χορεύσουσι	xoreu/sousi	χορεύω	xoreu/w	v-pfpand-
χορεύσουσι	xoreu/sousi	χορεύω	xoreu/w	v3pfia---
χοροί	xoroi/	χορός	xoro/s	n-p---mn-
χοροί	xoroi/	χορός	xoro/s	n-p---mv-
χρημάτων	xrhma/twn	χρῆμα	xrh=ma	n-p---ng-
χρυσοῦ	xrusou=	χρύσεος	xru/seos	a-s---mg-
χρυσοῦ	xrusou=	χρύσεος	xru/seos	a-s---ng-
χρυσοῦ	xrusou=	χρυσός	xruso/s	n-s---mg-
χρυσοῦ	xrusou=	χρυσόω	xruso/w	v2spme---
χρυσοῦ	xrusou=	χρυσόω	xruso/w	v2siie---
χρυσόν	xruso/n	χρυσός	xruso/s	n-s---ma-
χρυσός	xruso/s	χρυσός	xruso/s	n-s---mn-
χρή	xrh/	χρή	xrh/	v3spia---
χρήματα	xrh/mata	χρῆμα	xrh=ma	n-p---nn-
χρήματα	xrh/mata	χρῆμα	xrh=ma	n-p---nv-
χρήματα	xrh/mata	χρῆμα	xrh=ma	n-p---na-
χρήματά	xrh/mata/	χρῆμα	xrh=ma	n-p---nn-
χρήματά	xrh/mata/	χρῆμα	xrh=ma	n-p---nv-
χρήματά	xrh/mata/	χρῆμα	xrh=ma	n-p---na-
χρήματ’	xrh/mat'	χρῆμα	xrh=ma	n-p---nn-
χρήματ’	xrh/mat'	χρῆμα	xrh=ma	n-p---nv-
χρήματ’	xrh/mat'	χρῆμα	xrh=ma	n-p---na-
χρήματ’	xrh/mat'	χρῆμα	xrh=ma	n-s---nd-
χρήματ’	xrh/mat'	χρῆμα	xrh=ma	n-d---nn-
χρήματ’	xrh/mat'	χρῆμα	xrh=ma	n-d---nv-
χρήματ’	xrh/mat'	χρῆμα	xrh=ma	n-d---na-
χρῆμα	xrh=ma	χρῆμα	xrh=ma	n-s---nn-
χρῆμα	xrh=ma	χρῆμα	xrh=ma	n-s---nv-
χρῆμα	xrh=ma	χρῆμα	xrh=ma	n-s---na-
χάριν	xa/rin	χάρις	xa/ris	d--------
χάριν	xa/rin	χάρις	xa/ris	r--------
χάριν	xa/rin	χάρις	xa/ris	n-s---fa-
χάρις	xa/ris	χάρις	xa/ris	n-s---fn-
χώρα	xw/ra	χώρα	xw/ra	n-d---fn-
χώρα	xw/ra	χώρα	xw/ra	n-d---fv-
χώρα	xw/ra	χώρα	xw/ra	n-d---fa-
χώρα	xw/ra	χώρα	xw/ra	n-s---fn-
χώρα	xw/ra	χώρα	xw/ra	n-s---fv-
χώραν	xw/ran	χώρα	xw/ra	n-s---fa-
χώρας	xw/ras	χώρα	xw/ra	n-p---fa-
χώρας	xw/ras	χώρα	xw/ra	n-s---fg-
χώρᾳ	xw/ra|	χώρα	xw/ra	n-s---fd-
ψευδῆ	yeudh=	ψευδής	yeudh/s	n-p---nn-
ψευδῆ	yeudh=	ψευδής	yeudh/s	n-p---nv-
ψευδῆ	yeudh=	ψευδής	yeudh/s	n-p---na-
ψευδῆ	yeudh=	ψευδής	yeudh/s	n-d---mn-
ψευδῆ	yeudh=	ψευδής	yeudh/s	n-d---mv-
ψευδῆ	yeudh=	ψευδής	yeudh/s	n-d---ma-
ψευδῆ	yeudh=	ψευδής	yeudh/s	n-d---fn-
ψευδῆ	yeudh=	ψευδής	yeudh/s	n-d---fv-
ψευδῆ	yeudh=	ψευδής	yeudh/s	n-d---fa-
ψευδῆ	yeudh=	ψευδής	yeudh/s	n-d---nn-
ψευδῆ	yeudh=	ψευδής	yeudh/s	n-d---nv-
ψευδῆ	yeudh=	ψευδής	yeudh/s	n-d---na-
ψευδῆ	yeudh=	ψευδής	yeudh/s	n-s---ma-
ψευδῆ	yeudh=	ψευδής	yeudh/s	n-s---fa-
ψεῦδος	yeu=dos	ψεῦδος	yeu=dos	n-s---nn-
ψεῦδος	yeu=dos	ψεῦδος	yeu=dos	n-s---nv-
ψεῦδος	yeu=dos	ψεῦδος	yeu=dos	n-s---na-
ψυχάς	yuxa/s	ψυχή	yuxh/	n-p---fa-
ψυχή	yuxh/	ψυχή	yuxh/	n-s---fn-
ψυχή	yuxh/	ψυχή	yuxh/	n-s---fv-
ψυχήν	yuxh/n	ψυχή	yuxh/	n-s---fa-
ψυχῆς	yuxh=s	ψυχάζω	yuxa/zw	v2sfia---
ψυχῆς	yuxh=s	ψυχή	yuxh/	n-s---fg-
ψυχῇ	yuxh=|	ψύχω	yu/xw	v3sasp---
ψυχῇ	yuxh=|	ψυχάζω	yuxa/zw	v2sfim---
ψυχῇ	yuxh=|	ψυχάζω	yuxa/zw	v3sfia---
ψυχῇ	yuxh=|	ψυχή	yuxh/	n-s---fd-
ἀγαγεῖν	a)gagei=n	ἄγω	a)/gw	v--ana---
ἀγαγόντες	a)gago/ntes	ἄγω	a)/gw	v-papamn-
ἀγαγόντες	a)gago/ntes	ἄγω	a)/gw	v-papamv-
ἀγαγόντος	a)gago/ntos	ἄγω	a)/gw	v-sapamg-
ἀγαγόντος	a)gago/ntos	ἄγω	a)/gw	v-sapang-
ἀγαθαί	a)gaqai/	ἀγαθός	a)gaqo/s	a-p---fn-
ἀγαθαί	a)gaqai/	ἀγαθός	a)gaqo/s	a-p---fv-
ἀγαθοί	a)gaqoi/	ἀγαθός	a)gaqo/s	a-p---mn-
ἀγαθοί	a)gaqoi/	ἀγαθός	a)gaqo/s	a-p---mv-
ἀγαθοί	a)gaqoi/	ἀγαθόω	a)gaqo/w	v2spse---
ἀγαθοί	a)gaqoi/	ἀγαθόω	a)gaqo/w	v2spie---
ἀγαθοί	a)gaqoi/	ἀγαθόω	a)gaqo/w	v3spsa---
ἀγαθούς	a)gaqou/s	ἀγαθός	a)gaqo/s	a-p---ma-
ἀγαθοῖς	a)gaqoi=s	ἀγαθός	a)gaqo/s	a-p---md-
ἀγαθοῖς	a)gaqoi=s	ἀγαθός	a)gaqo/s	a-p---nd-
ἀγαθοῖς	a)gaqoi=s	ἀγαθόω	a)gaqo/w	v2spoa---
ἀγαθοῖς	a)gaqoi=s	ἀγαθόω	a)gaqo/w	v2spsa---
ἀγαθοῖς	a)gaqoi=s	ἀγαθόω	a)gaqo/w	v2spia---
ἀγαθοῦ	a)gaqou=	ἀγαθός	a)gaqo/s	a-s---mg-
ἀγαθοῦ	a)gaqou=	ἀγαθός	a)gaqo/s	a-s---ng-
ἀγαθοῦ	a)gaqou=	ἀγαθόω	a)gaqo/w	v2siie---
ἀγαθοῦ	a)gaqou=	ἀγαθόω	a)gaqo/w	v2spme---
ἀγαθοῦ	a)gaqou=	ἀγαθόω	a)gaqo/w	v2siie---
ἀγαθά	a)gaqa/	ἀγαθός	a)gaqo/s	a-p---nn-
ἀγαθά	a)gaqa/	ἀγαθός	a)gaqo/s	a-p---nv-
ἀγαθά	a)gaqa/	ἀγαθός	a)gaqo/s	a-p---na-
ἀγαθά	a)gaqa/	ἀγαθός	a)gaqo/s	a-d---fn-
ἀγαθά	a)gaqa/	ἀγαθός	a)gaqo/s	a-d---fv-
ἀγαθά	a)gaqa/	ἀγαθός	a)gaqo/s	a-d---fa-
ἀγαθά	a)gaqa/	ἀγαθός	a)gaqo/s	a-s---fn-
ἀγαθά	a)gaqa/	ἀγαθός	a)gaqo/s	a-s---fv-
ἀγαθέ	a)gaqe/	ἀγαθός	a)gaqo/s	a-s---mv-
ἀγαθή	a)gaqh/	ἀγαθός	a)gaqo/s	a-s---fn-
ἀγαθή	a)gaqh/	ἀγαθός	a)gaqo/s	a-s---fv-
ἀγαθόν	a)gaqo/n	ἀγαθός	a)gaqo/s	a-s---ma-
ἀγαθόν	a)gaqo/n	ἀγαθός	a)gaqo/s	a-s---nn-
ἀγαθόν	a)gaqo/n	ἀγαθός	a)gaqo/s	a-s---nv-
ἀγαθόν	a)gaqo/n	ἀγαθός	a)gaqo/s	a-s---na-
ἀγαθός	a)gaqo/s	ἀγαθός	a)gaqo/s	a-s---mn-
ἀγαθῆς	a)gaqh=s	ἀγαθός	a)gaqo/s	a-s---fg-
ἀγαθῇ	a)gaqh=|	ἀγάω	a)ga/w	v3sasp---
ἀγαθῇ	a)gaqh=|	ἀγαθός	a)gaqo/s	a-s---fd-
ἀγαθῶν	a)gaqw=n	ἀγαθός	a)gaqo/s	a-p---fg-
ἀγαθῶν	a)gaqw=n	ἀγαθός	a)gaqo/s	a-p---mg-
ἀγαθῶν	a)gaqw=n	ἀγαθός	a)gaqo/s	a-p---ng-
ἀγαθῶν	a)gaqw=n	ἀγαθόω	a)gaqo/w	v-sppamv-
ἀγαθῶν	a)gaqw=n	ἀγαθόω	a)gaqo/w	v-sppann-
ἀγαθῶν	a)gaqw=n	ἀγαθόω	a)gaqo/w	v-sppanv-
ἀγαθῶν	a)gaqw=n	ἀγαθόω	a)gaqo/w	v-sppana-
ἀγαθῶν	a)gaqw=n	ἀγαθόω	a)gaqo/w	v-sppamn-
ἀγαθῶν	a)gaqw=n	ἀγαθόω	a)gaqo/w	v--pna---
ἀγαθῷ	a)gaqw=|	ἀγαθός	a)gaqo/s	a-s---md-
ἀγαθῷ	a)gaqw=|	ἀγαθός	a)gaqo/s	a-s---nd-
ἀγγελοῦντες	a)ggelou=ntes	ἀγγέλλω	a)gge/llw	v-pfpamn-
ἀγγελοῦντες	a)ggelou=ntes	ἀγγέλλω	a)gge/llw	v-pfpamv-
ἀγγελῶ	a)ggelw=	ἀγγέλλω	a)gge/llw	v1sfia---
ἀγγελῶ	a)ggelw=	ἀναγελάω	a)nagela/w	v2spme---
ἀγγελῶ	a)ggelw=	ἀναγελάω	a)nagela/w	v1spsa---
ἀγγελῶ	a)ggelw=	ἀναγελάω	a)nagela/w	v1spia---
ἀγγελῶ	a)ggelw=	ἀναγελάω	a)nagela/w	v1sfia---
ἀγγελῶ	a)ggelw=	ἀναγελάω	a)nagela/w	v2siie---
ἀγγείλαντος	a)ggei/lantos	ἀγγέλλω	a)gge/llw	v-sapamg-
ἀγγείλαντος	a)ggei/lantos	ἀγγέλλω	a)gge/llw	v-sapang-
ἀγγείλω	a)ggei/lw	ἀγγέλλω	a)gge/llw	v2saim---
ἀγγείλω	a)ggei/lw	ἀγγέλλω	a)gge/llw	v1sasa---
ἀγγείλω	a)ggei/lw	ἀγγέλλω	a)gge/llw	v2saim---
ἀγγέλου	a)gge/lou	ἄγγελος	a)/ggelos	n-s---mg-
ἀγγέλου	a)gge/lou	ἄγγελος	a)/ggelos	n-s---fg-
ἀγγέλους	a)gge/lous	ἄγγελος	a)/ggelos	n-p---ma-
ἀγγέλους	a)gge/lous	ἄγγελος	a)/ggelos	n-p---fa-
ἀγγέλων	a)gge/lwn	ἄγγελος	a)/ggelos	n-p---mg-
ἀγγέλων	a)gge/lwn	ἄγγελος	a)/ggelos	n-p---fg-
ἀγγέλων	a)gge/lwn	ἀναγελάω	a)nagela/w	v3piia---
ἀγγέλων	a)gge/lwn	ἀναγελάω	a)nagela/w	v1siia---
ἀγοραῖς	a)gorai=s	ἀγορά	a)gora/	n-p---fd-
ἀγοράν	a)gora/n	ἀγορά	a)gora/	n-s---fa-
ἀγορᾶς	a)gora=s	ἀγορά	a)gora/	n-s---fg-
ἀγορᾶς	a)gora=s	ἀγοράζω	a)gora/zw	v2sfia---
ἀγορᾷ	a)gora=|	ἀγορά	a)gora/	n-s---fd-
ἀγορᾷ	a)gora=|	ἀγοράομαι	a)gora/omai	v2spsm---
ἀγορᾷ	a)gora=|	ἀγοράομαι	a)gora/omai	v2spim---
ἀγορᾷ	a)gora=|	ἀγοράζω	a)gora/zw	v2sfim---
ἀγορᾷ	a)gora=|	ἀγοράζω	a)gora/zw	v3sfia---
ἀγάγωμεν	a)ga/gwmen	ἄγω	a)/gw	v1pasa---
ἀγάγῃ	a)ga/gh|	ἄγω	a)/gw	v2sase---
ἀγάγῃ	a)ga/gh|	ἄγω	a)/gw	v3sasa---
ἀγόντων	a)go/ntwn	ἄγω	a)/gw	v-pppamg-
ἀγόντων	a)go/ntwn	ἄγω	a)/gw	v-pppang-
ἀγόντων	a)go/ntwn	ἄγω	a)/gw	v3ppma---
ἀγών	a)gw/n	ἀγών	a)gw/n	n-s---mn-
ἀγών	a)gw/n	ἀγών	a)gw/n	n-s---mv-
ἀγῶνα	a)gw=na	ἀγών	a)gw/n	n-s---ma-
ἀγῶνας	a)gw=nas	ἀγών	a)gw/n	n-p---ma-
ἀγῶνι	a)gw=ni	ἀγών	a)gw/n	n-s---md-
ἀγῶνος	a)gw=nos	ἀγών	a)gw/n	n-s---mg-
ἀγῶσιν	a)gw=sin	ἄγνυμι	a)/gnumi	v3pasp---
ἀγῶσιν	a)gw=sin	ἀγάω	a)ga/w	v-pppamd-
ἀγῶσιν	a)gw=sin	ἀγάω	a)ga/w	v-pppand-
ἀγῶσιν	a)gw=sin	ἀγάω	a)ga/w	v3ppsa---
ἀγῶσιν	a)gw=sin	ἀγάω	a)ga/w	v3ppia---
ἀγῶσιν	a)gw=sin	ἀγάω	a)ga/w	v3ppsa---
ἀγῶσιν	a)gw=sin	ἀγάζω	a)ga/zw	v-pfpamd-
ἀγῶσιν	a)gw=sin	ἀγάζω	a)ga/zw	v-pfpand-
ἀγῶσιν	a)gw=sin	ἀγάζω	a)ga/zw	v3pfia---
ἀγῶσιν	a)gw=sin	ἀγών	a)gw/n	n-p---md-
ἀδελφοί	a)delfoi/	ἀδελφός	a)delfo/s	n-p---mn-
ἀδελφοί	a)delfoi/	ἀδελφός	a)delfo/s	n-p---mv-
ἀδελφούς	a)delfou/s	ἀδελφός	a)delfo/s	n-p---ma-
ἀδελφοῦ	a)delfou=	ἀδελφός	a)delfo/s	n-s---mg-
ἀδελφόν	a)delfo/n	ἀδελφός	a)delfo/s	n-s---ma-
ἀδελφός	a)delfo/s	ἀδελφός	a)delfo/s	n-s---mn-
ἀδελφῶν	a)delfw=n	ἀδελφή	a)delfh/	n-p---fg-
ἀδελφῶν	a)delfw=n	ἀδελφός	a)delfo/s	n-p---mg-
ἀδελφῷ	a)delfw=|	ἀδελφός	a)delfo/s	n-s---md-
ἀδικεῖν	a)dikei=n	ἀδικέω	a)dike/w	v--pna---
ἀδικοίης	a)dikoi/hs	ἀδικέω	a)dike/w	v2spoa---
ἀδικοῦντα	a)dikou=nta	ἀδικέω	a)dike/w	v-pppann-
ἀδικοῦντα	a)dikou=nta	ἀδικέω	a)dike/w	v-pppanv-
ἀδικοῦντα	a)dikou=nta	ἀδικέω	a)dike/w	v-pppana-
ἀδικοῦντα	a)dikou=nta	ἀδικέω	a)dike/w	v-sppama-
ἀδικοῦντας	a)dikou=ntas	ἀδικέω	a)dike/w	v-pppama-
ἀδικοῦντες	a)dikou=ntes	ἀδικέω	a)dike/w	v-pppamn-
ἀδικοῦντες	a)dikou=ntes	ἀδικέω	a)dike/w	v-pppamv-
ἀδικοῦσα	a)dikou=sa	ἀδικέω	a)dike/w	v-sppafn-
ἀδικοῦσα	a)dikou=sa	ἀδικέω	a)dike/w	v-sppafv-
ἀδικωτέρους	a)dikwte/rous	ἄδικος	a)/dikos	n-p---ma-
ἀδικήσουσιν	a)dikh/sousin	ἀδικέω	a)dike/w	v3pasa---
ἀδικήσουσιν	a)dikh/sousin	ἀδικέω	a)dike/w	v-pfpamd-
ἀδικήσουσιν	a)dikh/sousin	ἀδικέω	a)dike/w	v-pfpand-
ἀδικήσουσιν	a)dikh/sousin	ἀδικέω	a)dike/w	v3pfia---
ἀδικήσουσιν	a)dikh/sousin	ἀδικέω	a)dike/w	v-ptiamd-
ἀδικήσουσιν	a)dikh/sousin	ἀδικέω	a)dike/w	v-ptiand-
ἀδικήσουσιν	a)dikh/sousin	ἀδικέω	a)dike/w	v3ptia---
ἀδικήσῃς	a)dikh/sh|s	ἀδικέω	a)dike/w	v2sasa---
ἀδικώτεροι	a)dikw/teroi	ἄδικος	a)/dikos	n-p---mn-
ἀδικώτεροι	a)dikw/teroi	ἄδικος	a)/dikos	n-p---mv-
ἀδικῆσθε	a)dikh=sqe	ἀδικέω	a)dike/w	v2piie---
ἀδικῆσθε	a)dikh=sqe	ἀδικέω	a)dike/w	v2ppme---
ἀδικῆσθε	a)dikh=sqe	ἀδικέω	a)dike/w	v2ppse---
ἀδικῆσθε	a)dikh=sqe	ἀδικέω	a)dike/w	v2ppie---
ἀδικῆσθε	a)dikh=sqe	ἀδικέω	a)dike/w	v2ppsa---
ἀδικῆσθε	a)dikh=sqe	ἀδικέω	a)dike/w	v2piie---
ἀδικῆτε	a)dikh=te	ἀδικέω	a)dike/w	v2piia---
ἀδικῆτε	a)dikh=te	ἀδικέω	a)dike/w	v2ppma---
ἀδικῆτε	a)dikh=te	ἀδικέω	a)dike/w	v2ppsa---
ἀδικῆτε	a)dikh=te	ἀδικέω	a)dike/w	v2ppia---
ἀδικῆτε	a)dikh=te	ἀδικέω	a)dike/w	v2piia---
ἀδικῶν	a)dikw=n	ἀδικέω	a)dike/w	v-sppamn-
ἀδίκοις	a)di/kois	ἄδικος	a)/dikos	n-p---md-
ἀδίκοις	a)di/kois	ἄδικος	a)/dikos	n-p---fd-
ἀδίκοις	a)di/kois	ἄδικος	a)/dikos	n-p---nd-
ἀδίκου	a)di/kou	ἄδικος	a)/dikos	n-s---mg-
ἀδίκου	a)di/kou	ἄδικος	a)/dikos	n-s---fg-
ἀδίκου	a)di/kou	ἄδικος	a)/dikos	n-s---ng-
ἀδίκους	a)di/kous	ἄδικος	a)/dikos	n-p---ma-
ἀδίκους	a)di/kous	ἄδικος	a)/dikos	n-p---fa-
ἀδίκων	a)di/kwn	ἄδικος	a)/dikos	n-p---mg-
ἀδίκων	a)di/kwn	ἄδικος	a)/dikos	n-p---fg-
ἀδίκων	a)di/kwn	ἄδικος	a)/dikos	n-p---ng-
ἀδίκως	a)di/kws	ἄδικος	a)/dikos	x--------
ἀδίκως	a)di/kws	ἄδικος	a)/dikos	n-p---ma-
ἀδίκως	a)di/kws	ἄδικος	a)/dikos	n-p---fa-
ἀδίκῳ	a)di/kw|	ἄδικος	a)/dikos	n-s---md-
ἀδίκῳ	a)di/kw|	ἄδικος	a)/dikos	n-s---fd-
ἀδίκῳ	a)di/kw|	ἄδικος	a)/dikos	n-s---nd-
ἀεί	a)ei/	ἀεί	a)ei/	d--------
ἀθανάτοις	a)qana/tois	ἀθάνατος	a)qa/natos	a-p---md-
ἀθανάτοις	a)qana/tois	ἀθάνατος	a)qa/natos	a-p---nd-
ἀθανάτοις	a)qana/tois	ἀθάνατος	a)qa/natos	n-p---md-
ἀθανάτοις	a)qana/tois	ἀθάνατος	a)qa/natos	n-p---fd-
ἀθανάτοις	a)qana/tois	ἀθάνατος	a)qa/natos	n-p---nd-
ἀθανάτων	a)qana/twn	ἀθάνατος	a)qa/natos	a-p---fg-
ἀθανάτων	a)qana/twn	ἀθάνατος	a)qa/natos	a-p---mg-
ἀθανάτων	a)qana/twn	ἀθάνατος	a)qa/natos	a-p---ng-
ἀθανάτων	a)qana/twn	ἀθάνατος	a)qa/natos	n-p---mg-
ἀθανάτων	a)qana/twn	ἀθάνατος	a)qa/natos	n-p---fg-
ἀθανάτων	a)qana/twn	ἀθάνατος	a)qa/natos	n-p---ng-
ἀθανάτων	a)qana/twn	ἀθανατόω	a)qanato/w	v3piia---
ἀθανάτων	a)qana/twn	ἀθανατόω	a)qanato/w	v1siia---
ἀθανάτων	a)qana/twn	ἀθανατόω	a)qanato/w	v3piia---
ἀθανάτων	a)qana/twn	ἀθανατόω	a)qanato/w	v1siia---
ἀθάνατος	a)qa/natos	ἀθάνατος	a)qa/natos	a-s---mn-
ἀθάνατος	a)qa/natos	ἀθάνατος	a)qa/natos	n-s---mn-
ἀθάνατος	a)qa/natos	ἀθάνατος	a)qa/natos	n-s---fn-
ἀκουσόμενοι	a)kouso/menoi	ἀκούω	a)kou/w	v-pfpmmn-
ἀκουσόμενοι	a)kouso/menoi	ἀκούω	a)kou/w	v-pfpmmv-
ἀκούειν	a)kou/ein	ἀκούω	a)kou/w	v--pna---
ἀκούομέν	a)kou/ome/n	ἀκούω	a)kou/w	v1piia---
ἀκούομέν	a)kou/ome/n	ἀκούω	a)kou/w	v1ppia---
ἀκούομέν	a)kou/ome/n	ἀκούω	a)kou/w	v1piia---
ἀκούουσαι	a)kou/ousai	ἀκούω	a)kou/w	v-pppafn-
ἀκούουσαι	a)kou/ousai	ἀκούω	a)kou/w	v-pppafv-
ἀκούουσιν	a)kou/ousin	ἀκούω	a)kou/w	v-pppamd-
ἀκούουσιν	a)kou/ousin	ἀκούω	a)kou/w	v-pppand-
ἀκούουσιν	a)kou/ousin	ἀκούω	a)kou/w	v3ppia---
ἀκούσαι	a)kou/sai	ἀέκων	a)e/kwn	a-s---fd-
ἀκούσαι	a)kou/sai	ἀκέω	a)ke/w	v-sppafd-
ἀκούσαι	a)kou/sai	ἀκούω	a)kou/w	v3saoa---
ἀκούσατε	a)kou/sate	ἀκούω	a)kou/w	v2pama---
ἀκούσατε	a)kou/sate	ἀκούω	a)kou/w	v2paia---
ἀκούσατε	a)kou/sate	ἀκούω	a)kou/w	v2paia---
ἀκούσει	a)kou/sei	ἄκουσις	a)/kousis	n-d---fn-
ἀκούσει	a)kou/sei	ἄκουσις	a)/kousis	n-d---fv-
ἀκούσει	a)kou/sei	ἄκουσις	a)/kousis	n-d---fa-
ἀκούσει	a)kou/sei	ἄκουσις	a)/kousis	n-s---fd-
ἀκούσει	a)kou/sei	ἄκουσις	a)/kousis	n-s---fd-
ἀκούσει	a)kou/sei	ἀκούω	a)kou/w	v3sasa---
ἀκούσει	a)kou/sei	ἀκούω	a)kou/w	v3sfia---
ἀκούσει	a)kou/sei	ἀκούω	a)kou/w	v2sfim---
ἀκούσεσθε	a)kou/sesqe	ἀκούω	a)kou/w	v2pfim---
ἀκούσονταί	a)kou/sontai/	ἀκούω	a)kou/w	v3pfim---
ἀκούων	a)kou/wn	ἀκούω	a)kou/w	v-sppamn-
ἀληθείᾳ	a)lhqei/a|	ἀλήθεια	a)lh/qeia	n-s---fd-
ἀληθείᾳ	a)lhqei/a|	ἀλήθεια	a)lh/qeia	n-s---fd-
ἀληθεῖς	a)lhqei=s	ἀληθής	a)lhqh/s	n-p---ma-
ἀληθεῖς	a)lhqei=s	ἀληθής	a)lhqh/s	n-p---fa-
ἀληθεῖς	a)lhqei=s	ἀληθής	a)lhqh/s	n-p---mn-
ἀληθεῖς	a)lhqei=s	ἀληθής	a)lhqh/s	n-p---mv-
ἀληθεῖς	a)lhqei=s	ἀληθής	a)lhqh/s	n-p---fn-
ἀληθεῖς	a)lhqei=s	ἀληθής	a)lhqh/s	n-p---fv-
ἀληθῆ	a)lhqh=	ἀληθής	a)lhqh/s	n-p---nn-
ἀληθῆ	a)lhqh=	ἀληθής	a)lhqh/s	n-p---nv-
ἀληθῆ	a)lhqh=	ἀληθής	a)lhqh/s	n-p---na-
ἀληθῆ	a)lhqh=	ἀληθής	a)lhqh/s	n-d---mn-
ἀληθῆ	a)lhqh=	ἀληθής	a)lhqh/s	n-d---mv-
ἀληθῆ	a)lhqh=	ἀληθής	a)lhqh/s	n-d---ma-
ἀληθῆ	a)lhqh=	ἀληθής	a)lhqh/s	n-d---fn-
ἀληθῆ	a)lhqh=	ἀληθής	a)lhqh/s	n-d---fv-
ἀληθῆ	a)lhqh=	ἀληθής	a)lhqh/s	n-d---fa-
ἀληθῆ	a)lhqh=	ἀληθής	a)lhqh/s	n-d---nn-
ἀληθῆ	a)lhqh=	ἀληθής	a)lhqh/s	n-d---nv-
ἀληθῆ	a)lhqh=	ἀληθής	a)lhqh/s	n-d---na-
ἀληθῆ	a)lhqh=	ἀληθής	a)lhqh/s	n-s---ma-
ἀληθῆ	a)lhqh=	ἀληθής	a)lhqh/s	n-s---fa-
ἀληθῶς	a)lhqw=s	ἀληθής	a)lhqh/s	x--------
ἀλλά	a)lla/	ἀλλά	a)lla/	d--------
ἀλλήλας	a)llh/las	ἀλλήλων	a)llh/lwn	n-p---fa-
ἀλλήλους	a)llh/lous	ἀλλήλων	a)llh/lwn	n-p---ma-
ἀλλήλων	a)llh/lwn	ἀλλήλων	a)llh/lwn	n-p---ng-
ἀλλήλων	a)llh/lwn	ἀλλήλων	a)llh/lwn	n-p---fg-
ἀλλήλων	a)llh/lwn	ἀλλήλων	a)llh/lwn	n-p---mg-
ἀμαθεστέροις	a)maqeste/rois	ἀμαθής	a)maqh/s	n-p---md-
ἀμαθεστέροις	a)maqeste/rois	ἀμαθής	a)maqh/s	n-p---nd-
ἀμαθεῖς	a)maqei=s	ἀμαθής	a)maqh/s	n-p---ma-
ἀμαθεῖς	a)maqei=s	ἀμαθής	a)maqh/s	n-p---fa-
ἀμαθεῖς	a)maqei=s	ἀμαθής	a)maqh/s	n-p---mn-
ἀμαθεῖς	a)maqei=s	ἀμαθής	a)maqh/s	n-p---mv-
ἀμαθεῖς	a)maqei=s	ἀμαθής	a)maqh/s	n-p---fn-
ἀμαθεῖς	a)maqei=s	ἀμαθής	a)maqh/s	n-p---fv-
ἀμαθής	a)maqh/s	ἀμαθής	a)maqh/s	n-s---mn-
ἀμαθής	a)maqh/s	ἀμαθής	a)maqh/s	n-s---fn-
ἀμαθίαν	a)maqi/an	ἀμαθία	a)maqi/a	n-s---fa-
ἀμαθῶν	a)maqw=n	ἀμαθής	a)maqh/s	n-p---mg-
ἀμαθῶν	a)maqw=n	ἀμαθής	a)maqh/s	n-p---fg-
ἀμαθῶν	a)maqw=n	ἀμαθής	a)maqh/s	n-p---ng-
ἀμείνονες	a)mei/nones	ἀμείνων	a)mei/nwn	a-p---mn-
ἀμείνονες	a)mei/nones	ἀμείνων	a)mei/nwn	a-p---mv-
ἀμείνονες	a)mei/nones	ἀμείνων	a)mei/nwn	a-p---fn-
ἀμείνονες	a)mei/nones	ἀμείνων	a)mei/nwn	a-p---fv-
ἀμείνοσι	a)mei/nosi	ἀμείνων	a)mei/nwn	a-p----d-
ἀμείνω	a)mei/nw	ἀμείνων	a)mei/nwn	a-p---na-
ἀμείνω	a)mei/nw	ἀμείνων	a)mei/nwn	a-p---nn-
ἀμείνω	a)mei/nw	ἀμείνων	a)mei/nwn	a-s---ma-
ἀμείνω	a)mei/nw	ἀμείνων	a)mei/nwn	a-s---fa-
ἀναβαίνειν	a)nabai/nein	ἀναβαίνω	a)nabai/nw	v--pna---
ἀναβησόμενοι	a)nabhso/menoi	ἀνάπτω	a)na/ptw	v-pfppmn-
ἀναβησόμενοι	a)nabhso/menoi	ἀνάπτω	a)na/ptw	v-pfppmv-
ἀναβησόμενοι	a)nabhso/menoi	ἀναβαίνω	a)nabai/nw	v-pfpmmn-
ἀναβησόμενοι	a)nabhso/menoi	ἀναβαίνω	a)nabai/nw	v-pfpmmv-
ἀναβήσεται	a)nabh/setai	ἀνάπτω	a)na/ptw	v3sfip---
ἀναβήσεται	a)nabh/setai	ἀναβαίνω	a)nabai/nw	v3sasm---
ἀναβήσεται	a)nabh/setai	ἀναβαίνω	a)nabai/nw	v3sfim---
ἀναθέτω	a)naqe/tw	ἀνατίθημι	a)nati/qhmi	v3sama---
ἀναξίοις	a)naci/ois	ἀνάξιος	a)na/cios	a-p---md-
ἀναξίοις	a)naci/ois	ἀνάξιος	a)na/cios	a-p---nd-
ἀναξίοις	a)naci/ois	ἀνάξιος	a)na/cios	n-p---md-
ἀναξίοις	a)naci/ois	ἀνάξιος	a)na/cios	n-p---fd-
ἀναξίοις	a)naci/ois	ἀνάξιος	a)na/cios	n-p---nd-
ἀναξίοις	a)naci/ois	ἀνάγω	a)na/gw	v2sfoa---
ἀναξίοις	a)naci/ois	ἀνάσσω	a)na/ssw	v2sfoa---
ἀναξίοις	a)naci/ois	ἀνάζω	a)na/zw	v2sfoa---
ἀναξίοις	a)naci/ois	ἀνάζω	a)na/zw	v2sfoa---
ἀναξίοις	a)naci/ois	ἀναξέω	a)nace/w	v2spoa---
ἀναξίους	a)naci/ous	ἀνάξιος	a)na/cios	a-p---ma-
ἀναξίους	a)naci/ous	ἀνάξιος	a)na/cios	n-p---ma-
ἀναξίους	a)naci/ous	ἀνάξιος	a)na/cios	n-p---fa-
ἀνατίθησι	a)nati/qhsi	ἀνατίθημι	a)nati/qhmi	v3spia---
ἀνδράσι	a)ndra/si	ἀνήρ	a)nh/r	n-p---md-
ἀνδρῶν	a)ndrw=n	ἀνδρόω	a)ndro/w	v-sppamv-
ἀνδρῶν	a)ndrw=n	ἀνδρόω	a)ndro/w	v-sppann-
ἀνδρῶν	a)ndrw=n	ἀνδρόω	a)ndro/w	v-sppanv-
ἀνδρῶν	a)ndrw=n	ἀνδρόω	a)ndro/w	v-sppana-
ἀνδρῶν	a)ndrw=n	ἀνδρόω	a)ndro/w	v-sppamn-
ἀνδρῶν	a)ndrw=n	ἀνδρόω	a)ndro/w	v--pna---
ἀνδρῶν	a)ndrw=n	ἀνήρ	a)nh/r	n-p---mg-
ἀνθρώποις	a)nqrw/pois	ἄνθρωπος	a)/nqrwpos	n-p---md-
ἀνθρώπου	a)nqrw/pou	ἄνθρωπος	a)/nqrwpos	n-s---mg-
ἀνθρώπους	a)nqrw/pous	ἄνθρωπος	a)/nqrwpos	n-p---ma-
ἀνθρώπων	a)nqrw/pwn	ἄνθρωπος	a)/nqrwpos	n-p---mg-
ἀνθρώπῳ	a)nqrw/pw|	ἄνθρωπος	a)/nqrwpos	n-s---md-
ἀντί	a)nti/	ἀντί	a)nti/	r--------
ἀντ’	a)nt'	ἀντί	a)nti/	r--------
ἀνάξιος	a)na/cios	ἄναξις	a)/nacis	n-s---fg-
ἀνάξιος	a)na/cios	ἀνάξιος	a)na/cios	a-s---mn-
ἀνάξιος	a)na/cios	ἀνάξιος	a)na/cios	n-s---mn-
ἀνάξιος	a)na/cios	ἀνάξιος	a)na/cios	n-s---fn-
ἀνάστησον	a)na/sthson	ἀνίστημι	a)ni/sthmi	v2sama---
ἀνήρ	a)nh/r	ἀνήρ	a)nh/r	n-s---mn-
ἀξιοῖμεν	a)cioi=men	ἀξιόω	a)cio/w	v1ppoa---
ἀξιοῖμέν	a)cioi=me/n	ἀξιόω	a)cio/w	v1ppoa---
ἀξιοῦμεν	a)ciou=men	ἀξιόω	a)cio/w	v1piia---
ἀξιοῦμεν	a)ciou=men	ἀξιόω	a)cio/w	v1ppia---
ἀξιοῦμεν	a)ciou=men	ἀξιόω	a)cio/w	v1piia---
ἀξιοῦντες	a)ciou=ntes	ἀξιόω	a)cio/w	v-pppamn-
ἀξιοῦντες	a)ciou=ntes	ἀξιόω	a)cio/w	v-pppamv-
ἀξιωθέντα	a)ciwqe/nta	ἀξιόω	a)cio/w	v-pappnn-
ἀξιωθέντα	a)ciwqe/nta	ἀξιόω	a)cio/w	v-pappnv-
ἀξιωθέντα	a)ciwqe/nta	ἀξιόω	a)cio/w	v-pappna-
ἀξιωθέντα	a)ciwqe/nta	ἀξιόω	a)cio/w	v-sappma-
ἀξιώθητε	a)ciw/qhte	ἀξιόω	a)cio/w	v2paip---
ἀξιώθητε	a)ciw/qhte	ἀξιόω	a)cio/w	v2paip---
ἀξιώθητι	a)ciw/qhti	ἀξιόω	a)cio/w	v2samp---
ἀξιώσητε	a)ciw/shte	ἀξιόω	a)cio/w	v2pasa---
ἀξιώσωμέν	a)ciw/swme/n	ἀξιόω	a)cio/w	v1pasa---
ἀξιῶ	a)ciw=	ἀξιάω	a)cia/w	v2siie---
ἀξιῶ	a)ciw=	ἀξιάω	a)cia/w	v2spme---
ἀξιῶ	a)ciw=	ἀξιάω	a)cia/w	v1spsa---
ἀξιῶ	a)ciw=	ἀξιάω	a)cia/w	v1spia---
ἀξιῶ	a)ciw=	ἀξιάω	a)cia/w	v2siie---
ἀξιῶ	a)ciw=	ἀξιόω	a)cio/w	v1spsa---
ἀξιῶ	a)ciw=	ἀξιόω	a)cio/w	v1spia---
ἀξιῶσιν	a)ciw=sin	ἀξιάω	a)cia/w	v-pppamd-
ἀξιῶσιν	a)ciw=sin	ἀξιάω	a)cia/w	v-pppand-
ἀξιῶσιν	a)ciw=sin	ἀξιάω	a)cia/w	v3ppsa---
ἀξιῶσιν	a)ciw=sin	ἀξιάω	a)cia/w	v3ppia---
ἀξιῶσιν	a)ciw=sin	ἀξιόω	a)cio/w	v2spse---
ἀξιῶσιν	a)ciw=sin	ἀξιόω	a)cio/w	v3ppsa---
ἀξιῶσιν	a)ciw=sin	ἀξιόω	a)cio/w	v3spsa---
ἀξία	a)ci/a	ἄξιος	a)/cios	a-d---fn-
ἀξία	a)ci/a	ἄξιος	a)/cios	a-d---fv-
ἀξία	a)ci/a	ἄξιος	a)/cios	a-d---fa-
ἀξία	a)ci/a	ἄξιος	a)/cios	a-s---fn-
ἀξία	a)ci/a	ἄξιος	a)/cios	a-s---fv-
ἀξία	a)ci/a	ἀξία	a)ci/a	n-d---fn-
ἀξία	a)ci/a	ἀξία	a)ci/a	n-d---fv-
ἀξία	a)ci/a	ἀξία	a)ci/a	n-d---fa-
ἀξία	a)ci/a	ἀξία	a)ci/a	n-s---fn-
ἀξία	a)ci/a	ἀξία	a)ci/a	n-s---fv-
ἀξία	a)ci/a	ἀξιάω	a)cia/w	v3siia---
ἀξία	a)ci/a	ἀξιάω	a)cia/w	v2spma---
ἀξία	a)ci/a	ἀξιάω	a)cia/w	v3siia---
ἀξίοις	a)ci/ois	ἄξιος	a)/cios	a-p---md-
ἀξίοις	a)ci/ois	ἄξιος	a)/cios	a-p---nd-
ἀξίοις	a)ci/ois	ἄγνυμι	a)/gnumi	v2sfoa---
ἀξίοις	a)ci/ois	ἄγω	a)/gw	v2sfoa---
ἀπαγγελοῦντας	a)paggelou=ntas	ἀπαγγέλλω	a)pagge/llw	v-pfpama-
ἀπαγομένων	a)pagome/nwn	ἀπάγω	a)pa/gw	v-pppefg-
ἀπαγομένων	a)pagome/nwn	ἀπάγω	a)pa/gw	v-pppemg-
ἀπαγομένων	a)pagome/nwn	ἀπάγω	a)pa/gw	v-pppeng-
ἀπεδέξατό	a)pede/cato/	ἀποδέχομαι	a)pode/xomai	v3saim---
ἀπεδέξατό	a)pede/cato/	ἀποδείκνυμι	a)podei/knumi	v3saim---
ἀπελθεῖν	a)pelqei=n	ἀπέρχομαι	a)pe/rxomai	v--ana---
ἀποβαλών	a)pobalw/n	ἀποβάλλω	a)poba/llw	v-sapamn-
ἀποβάλλοντες	a)poba/llontes	ἀποβάλλω	a)poba/llw	v-pppamn-
ἀποβάλλοντες	a)poba/llontes	ἀποβάλλω	a)poba/llw	v-pppamv-
ἀποβάλοις	a)poba/lois	ἀποβάλλω	a)poba/llw	v2saoa---
ἀποδεχόμενοι	a)podexo/menoi	ἀποδέχομαι	a)pode/xomai	v-pppemn-
ἀποδεχόμενοι	a)podexo/menoi	ἀποδέχομαι	a)pode/xomai	v-pppemv-
ἀποδιδοῖτό	a)podidoi=to/	ἀποδίδωμι	a)podi/dwmi	v3spoe---
ἀποδιδόσθων	a)podido/sqwn	ἀποδίδωμι	a)podi/dwmi	v3ppme---
ἀποδιδῶνται	a)podidw=ntai	ἀποδίδωμι	a)podi/dwmi	v3ppse---
ἀποδῶνται	a)podw=ntai	ἀποδέω	a)pode/w	v3ppse---
ἀποδῶνται	a)podw=ntai	ἀποδέω2	a)pode/w2	v3ppsm---
ἀποδῶνται	a)podw=ntai	ἀποδίδωμι	a)podi/dwmi	v3pasm---
ἀποθανεῖν	a)poqanei=n	ἀποθνήσκω	a)poqnh/skw	v--ana---
ἀποθανεῖσθαι	a)poqanei=sqai	ἀποθνήσκω	a)poqnh/skw	v--fnm---
ἀποθνῄσκοντος	a)poqnh/|skontos	ἀποθνήσκω	a)poqnh/skw	v-sppamg-
ἀποθνῄσκοντος	a)poqnh/|skontos	ἀποθνήσκω	a)poqnh/skw	v-sppang-
ἀποκτενεῖ	a)poktenei=	ἀποκτείνω	a)poktei/nw	v2sfim---
ἀποκτενεῖ	a)poktenei=	ἀποκτείνω	a)poktei/nw	v3sfia---
ἀποκτείναι	a)poktei/nai	ἀποκτείνω	a)poktei/nw	v3saoa---
ἀποκτείνατε	a)poktei/nate	ἀποκτείνω	a)poktei/nw	v2pama---
ἀποκτείνατε	a)poktei/nate	ἀποκτείνω	a)poktei/nw	v2paia---
ἀπολιπόντες	a)polipo/ntes	ἀπολιμπάνω	a)polimpa/nw	v-papamn-
ἀπολιπόντες	a)polipo/ntes	ἀπολιμπάνω	a)polimpa/nw	v-papamv-
ἀπολωλότας	a)polwlo/tas	ἀπόλλυμι	a)po/llumi	v-prpama-
ἀποπεμφθείς	a)popemfqei/s	ἀποπέμπω	a)pope/mpw	v-sappmn-
ἀποπεμφθείς	a)popemfqei/s	ἀποπέμπω	a)pope/mpw	v-sappmv-
ἀποπεμψάτω	a)popemya/tw	ἀποπέμπω	a)pope/mpw	v3sama---
ἀποπεφευγότων	a)popefeugo/twn	ἀποφεύγω	a)pofeu/gw	v-prpamg-
ἀποπεφευγότων	a)popefeugo/twn	ἀποφεύγω	a)pofeu/gw	v-prpang-
ἀποπέμψαι	a)pope/myai	ἀποπέμπω	a)pope/mpw	v--ana---
ἀποπέμψαι	a)pope/myai	ἀποπέμπω	a)pope/mpw	v3saoa---
ἀποστῆσαι	a)posth=sai	ἀφεστήξω	a)festh/cw	v--ana---
ἀπέδου	a)pe/dou	ἄπεδος	a)/pedos	n-s---mg-
ἀπέδου	a)pe/dou	ἄπεδος	a)/pedos	n-s---fg-
ἀπέδου	a)pe/dou	ἄπεδος	a)/pedos	n-s---ng-
ἀπέκτεινας	a)pe/kteinas	ἀποκτείνω	a)poktei/nw	v2saia---
ἀπέπεμψεν	a)pe/pemyen	ἀποπέμπω	a)pope/mpw	v3saia---
ἀπέστημεν	a)pe/sthmen	ἀφεστήξω	a)festh/cw	v1paia---
ἀπήγγειλε	a)ph/ggeile	ἀπαγγέλλω	a)pagge/llw	v3saia---
ἀπό	a)po/	ἀπό	a)po/	r--------
ἀπόδου	a)po/dou	ἄφοδος	a)/fodos	n-s---fg-
ἀπόδου	a)po/dou	ἄποδος	a)/podos	n-s---fg-
ἀπόδου	a)po/dou	ἀποδίδωμι	a)podi/dwmi	v2samm---
ἀπόκριναι	a)po/krinai	ἀποκρίνω	a)pokri/nw	v2samm---
ἀπώλετο	a)pw/leto	ἀπόλλυμι	a)po/llumi	v3saim---
ἀργύριον	a)rgu/rion	ἀργύριον	a)rgu/rion	n-s---nn-
ἀργύριον	a)rgu/rion	ἀργύριον	a)rgu/rion	n-s---nv-
ἀργύριον	a)rgu/rion	ἀργύριον	a)rgu/rion	n-s---na-
ἀργύρου	a)rgu/rou	ἄργυρος	a)/rguros	n-s---mg-
ἀργύρου	a)rgu/rou	ἀργυρόω	a)rguro/w	v3siia---
ἀργύρου	a)rgu/rou	ἀργυρόω	a)rguro/w	v2spma---
ἀργύρου	a)rgu/rou	ἀργυρόω	a)rguro/w	v3siia---
ἀρετάς	a)reta/s	ἀρετή	a)reth/	n-p---fa-
ἀρετή	a)reth/	ἀρετή	a)reth/	n-s---fn-
ἀρετή	a)reth/	ἀρετή	a)reth/	n-s---fv-
ἀρετήν	a)reth/n	ἀρετή	a)reth/	n-s---fa-
ἀρετῆς	a)reth=s	ἀρετάω	a)reta/w	v2spia---
ἀρετῆς	a)reth=s	ἀρετάω	a)reta/w	v2spia---
ἀρετῆς	a)reth=s	ἀρετή	a)reth/	n-s---fg-
ἀρκτέον	a)rkte/on	ἀρκτέον	a)rkte/on	n-s---ma-
ἀρκτέον	a)rkte/on	ἀρκτέον	a)rkte/on	n-s---nn-
ἀρκτέον	a)rkte/on	ἀρκτέον	a)rkte/on	n-s---nv-
ἀρκτέον	a)rkte/on	ἀρκτέον	a)rkte/on	n-s---na-
ἀρκτέον	a)rkte/on	ἀρκτέος	a)rkte/os	n-s---ma-
ἀρκτέον	a)rkte/on	ἀρκτέος	a)rkte/os	n-s---fa-
ἀρκτέον	a)rkte/on	ἀρκτέος	a)rkte/os	n-s---nn-
ἀρκτέον	a)rkte/on	ἀρκτέος	a)rkte/os	n-s---nv-
ἀρκτέον	a)rkte/on	ἀρκτέος	a)rkte/os	n-s---na-
ἀρξάμενοι	a)rca/menoi	ἄρχω	a)/rxw	v-papmmn-
ἀρξάμενοι	a)rca/menoi	ἄρχω	a)/rxw	v-papmmv-
ἀρξόμενος	a)rco/menos	ἄρχω	a)/rxw	v-sfpmmn-
ἀρχομένοις	a)rxome/nois	ἄρχω	a)/rxw	v-pppemd-
ἀρχομένοις	a)rxome/nois	ἄρχω	a)/rxw	v-pppend-
ἀρχή	a)rxh/	ἀρχή	a)rxh/	n-s---fn-
ἀρχή	a)rxh/	ἀρχή	a)rxh/	n-s---fv-
ἀρχήν	a)rxh/n	ἀρχή	a)rxh/	n-s---fa-
ἀρχήν	a)rxh/n	ἀρχήν	a)rxh/n	d--------
ἀρχόμενοι	a)rxo/menoi	ἄρχω	a)/rxw	v-pppemn-
ἀρχόμενοι	a)rxo/menoi	ἄρχω	a)/rxw	v-pppemv-
ἀρχόντων·	a)rxo/ntwn:	ἄρχω	a)/rxw	v-pppamg-
ἀρχόντων·	a)rxo/ntwn:	ἄρχω	a)/rxw	v-pppang-
ἀρχόντων·	a)rxo/ntwn:	ἄρχω	a)/rxw	v3ppma---
ἀρχόντων·	a)rxo/ntwn:	ἄρχων	a)/rxwn	n-p---mg-
ἀρχώμεθα	a)rxw/meqa	ἄρχω	a)/rxw	v1ppse---
ἀρχῆς	a)rxh=s	ἀρχή	a)rxh/	n-s---fg-
ἀρχῇ	a)rxh=|	ἀρχή	a)rxh/	n-s---fd-
ἀρίστη	a)ri/sth	ἄριστος	a)/ristos	a-s---fn-
ἀρίστη	a)ri/sth	ἄριστος	a)/ristos	a-s---fv-
ἀρίστη	a)ri/sth	ἀριστάω	a)rista/w	v3siia---
ἀρίστη	a)ri/sth	ἀριστάω	a)rista/w	v2spma---
ἀρίστη	a)ri/sth	ἀριστάω	a)rista/w	v3siia---
ἀρίστη	a)ri/sth	ἀριστάω	a)rista/w	v2spma---
ἀρίστη	a)ri/sth	ἀριστάω	a)rista/w	v3siia---
ἀσπίδα	a)spi/da	ἀσπίς	a)spi/s	n-s---fa-
ἀσπίδας	a)spi/das	ἀσπίς	a)spi/s	n-p---fa-
ἀσπίδος	a)spi/dos	ἀσπίς	a)spi/s	n-s---fg-
ἀσπίδων	a)spi/dwn	ἀσπίς	a)spi/s	n-p---fg-
ἀφεθεῖμεν	a)feqei=men	ἀφίημι	a)fi/hmi	v1paop---
ἀφείη	a)fei/h	ἀφίημι	a)fi/hmi	v3saoa---
ἀφείη	a)fei/h	ἀφίημι	a)fi/hmi	v3saoa---
ἀφείην	a)fei/hn	ἀφίημι	a)fi/hmi	v1saoa---
ἀφείην	a)fei/hn	ἀφίημι	a)fi/hmi	v1saoa---
ἀφεῖμεν	a)fei=men	ἀφίημι	a)fi/hmi	v1paoa---
ἀφεῖμεν	a)fei=men	ἀφίημι	a)fi/hmi	v1paoa---
ἀφεῖτε	a)fei=te	ἀφίημι	a)fi/hmi	v2paoa---
ἀφεῖτε	a)fei=te	ἀφίημι	a)fi/hmi	v2paoa---
ἀφιεῖτε	a)fiei=te	ἀφίημι	a)fi/hmi	v2ppoa---
ἀφιεῖτε	a)fiei=te	ἀφίζω	a)fi/zw	v2pfia---
ἀφικομένων	a)fikome/nwn	ἀφικνέομαι	a)fikne/omai	v-papmfg-
ἀφικομένων	a)fikome/nwn	ἀφικνέομαι	a)fikne/omai	v-papmmg-
ἀφικομένων	a)fikome/nwn	ἀφικνέομαι	a)fikne/omai	v-papmng-
ἀφιέντων	a)fie/ntwn	ἀφίημι	a)fi/hmi	v3ppma---
ἀφιέντων	a)fie/ntwn	ἀφίημι	a)fi/hmi	v-pppamg-
ἀφιέντων	a)fie/ntwn	ἀφίημι	a)fi/hmi	v-pppang-
ἀφιέντων	a)fie/ntwn	ἀφίημι	a)fi/hmi	v3ppma---
ἀφρονεστάτη	a)fronesta/th	ἄφρων	a)/frwn	a-s---fns
ἀφρονεστάτη	a)fronesta/th	ἄφρων	a)/frwn	a-s---fvs
ἀφρονεστέρων	a)froneste/rwn	ἄφρων	a)/frwn	n-p---fg-
ἀφρονεστέρων	a)froneste/rwn	ἄφρων	a)/frwn	n-p---mg-
ἀφρονεστέρων	a)froneste/rwn	ἄφρων	a)/frwn	n-p---ng-
ἀφρονέστατα	a)frone/stata	ἄφρων	a)/frwn	a-------s
ἀφρονέστατα	a)frone/stata	ἄφρων	a)/frwn	a-p---nns
ἀφρονέστατα	a)frone/stata	ἄφρων	a)/frwn	a-p---nvs
ἀφρονέστατα	a)frone/stata	ἄφρων	a)/frwn	a-p---nas
ἀφρονέστατοι	a)frone/statoi	ἄφρων	a)/frwn	a-p---mns
ἀφρονέστατοι	a)frone/statoi	ἄφρων	a)/frwn	a-p---mvs
ἀφρόνων	a)fro/nwn	ἄφρων	a)/frwn	n-p----g-
ἀφρόνως	a)fro/nws	ἄφρων	a)/frwn	x--------
ἀφέντες	a)fe/ntes	ἀφίημι	a)fi/hmi	v-papamn-
ἀφέντες	a)fe/ntes	ἀφίημι	a)fi/hmi	v-papamv-
ἀφίετε	a)fi/ete	ἀφίημι	a)fi/hmi	v2piia---
ἀφίετε	a)fi/ete	ἀφίημι	a)fi/hmi	v2ppma---
ἀφίετε	a)fi/ete	ἀφίημι	a)fi/hmi	v2ppia---
ἀφίετε	a)fi/ete	ἀφίημι	a)fi/hmi	v2piia---
ἀφίετε	a)fi/ete	ἀφίημι	a)fi/hmi	v2ppma---
ἀφίσταντό	a)fi/stanto/	ἀφεστήξω	a)festh/cw	v3piie---
ἀφίσταντό	a)fi/stanto/	ἀφεστήξω	a)festh/cw	v3piie---
ἀφῆκεν	a)fh=ken	ἀφήκω	a)fh/kw	v3siia---
ἀφῆκεν	a)fh=ken	ἀφίημι	a)fi/hmi	v3saia---
ἀφῶμεν	a)fw=men	ἀφίημι	a)fi/hmi	v1pasa---
ἀφῶμεν	a)fw=men	ἀφίημι	a)fi/hmi	v1pasa---
ἁμαρτάνεις	a(marta/neis	ἁμαρτάνω	a(marta/nw	v2spia---
ἁμαρτάνετε	a(marta/nete	ἁμαρτάνω	a(marta/nw	v2piia---
ἁμαρτάνετε	a(marta/nete	ἁμαρτάνω	a(marta/nw	v2ppma---
ἁμαρτάνετε	a(marta/nete	ἁμαρτάνω	a(marta/nw	v2ppia---
ἁμαρτάνετε	a(marta/nete	ἁμαρτάνω	a(marta/nw	v2piia---
ἁμαρτάνοντες	a(marta/nontes	ἁμαρτάνω	a(marta/nw	v-pppamn-
ἁμαρτάνοντες	a(marta/nontes	ἁμαρτάνω	a(marta/nw	v-pppamv-
ἁμαρτίαν	a(marti/an	ἁμαρτία	a(marti/a	n-s---fa-
ἁπασῶν	a(pasw=n	ἅπας	a(/pas	a-p---fg-
ἁπάντων	a(pa/ntwn	ἅπας	a(/pas	a-p---mg-
ἁπάντων	a(pa/ntwn	ἅπας	a(/pas	a-p---ng-
ἄγγελοι	a)/ggeloi	ἄγγελος	a)/ggelos	n-p---mn-
ἄγγελοι	a)/ggeloi	ἄγγελος	a)/ggelos	n-p---mv-
ἄγγελοι	a)/ggeloi	ἄγγελος	a)/ggelos	n-p---fn-
ἄγγελοι	a)/ggeloi	ἄγγελος	a)/ggelos	n-p---fv-
ἄγγελον	a)/ggelon	ἄγγελος	a)/ggelos	n-s---ma-
ἄγγελον	a)/ggelon	ἄγγελος	a)/ggelos	n-s---fa-
ἄγγελος	a)/ggelos	ἄγγελος	a)/ggelos	n-s---mn-
ἄγγελος	a)/ggelos	ἄγγελος	a)/ggelos	n-s---fn-
ἄγε	a)/ge	ἄγε	a)/ge	d--------
ἄγε	a)/ge	ἄγω	a)/gw	v2spma---
ἄγε	a)/ge	ἄγω	a)/gw	v3siia---
ἄγειν	a)/gein	ἄγω	a)/gw	v--pna---
ἄγοιτ’	a)/goit'	ἄγω	a)/gw	v3spoe---
ἄγοιτ’	a)/goit'	ἄγω	a)/gw	v2ppoa---
ἄγοιτ’	a)/goit'	ἀγάω	a)ga/w	v2ppoa---
ἄγοντας	a)/gontas	ἄγω	a)/gw	v-pppama-
ἄγοντες	a)/gontes	ἄγω	a)/gw	v-pppamn-
ἄγοντες	a)/gontes	ἄγω	a)/gw	v-pppamv-
ἄγουσα	a)/gousa	ἄγω	a)/gw	v-sppafn-
ἄγουσα	a)/gousa	ἄγω	a)/gw	v-sppafv-
ἄγωμεν	a)/gwmen	ἄγω	a)/gw	v1ppsa---
ἄδελφε	a)/delfe	ἀδελφός	a)delfo/s	n-s---mv-
ἄδηλοι	a)/dhloi	ἄδηλος	a)/dhlos	n-p---mn-
ἄδηλοι	a)/dhloi	ἄδηλος	a)/dhlos	n-p---mv-
ἄδηλοι	a)/dhloi	ἄδηλος	a)/dhlos	n-p---fn-
ἄδηλοι	a)/dhloi	ἄδηλος	a)/dhlos	n-p---fv-
ἄδηλά	a)/dhla/	ἄδηλος	a)/dhlos	n-p---nn-
ἄδηλά	a)/dhla/	ἄδηλος	a)/dhlos	n-p---nv-
ἄδηλά	a)/dhla/	ἄδηλος	a)/dhlos	n-p---na-
ἄδικα	a)/dika	ἄδικος	a)/dikos	n-p---nn-
ἄδικα	a)/dika	ἄδικος	a)/dikos	n-p---nv-
ἄδικα	a)/dika	ἄδικος	a)/dikos	n-p---na-
ἄδικοι	a)/dikoi	ἄδικος	a)/dikos	n-p---mn-
ἄδικοι	a)/dikoi	ἄδικος	a)/dikos	n-p---mv-
ἄδικοι	a)/dikoi	ἄδικος	a)/dikos	n-p---fn-
ἄδικοι	a)/dikoi	ἄδικος	a)/dikos	n-p---fv-
ἄδικον	a)/dikon	ἄδικος	a)/dikos	n-s---ma-
ἄδικον	a)/dikon	ἄδικος	a)/dikos	n-s---fa-
ἄδικον	a)/dikon	ἄδικος	a)/dikos	n-s---nn-
ἄδικον	a)/dikon	ἄδικος	a)/dikos	n-s---nv-
ἄδικον	a)/dikon	ἄδικος	a)/dikos	n-s---na-
ἄδικος	a)/dikos	ἄδικος	a)/dikos	n-s---mn-
ἄδικος	a)/dikos	ἄδικος	a)/dikos	n-s---fn-
ἄδικά	a)/dika/	ἄδικος	a)/dikos	n-p---nn-
ἄδικά	a)/dika/	ἄδικος	a)/dikos	n-p---nv-
ἄδικά	a)/dika/	ἄδικος	a)/dikos	n-p---na-
ἄθλου	a)/qlou	ἆθλον	a)=qlon	n-s---ng-
ἄθλου	a)/qlou	ἆθλος	a)=qlos	n-s---mg-
ἄθλων	a)/qlwn	ἆθλον	a)=qlon	n-p---ng-
ἄθλων	a)/qlwn	ἆθλος	a)=qlos	n-p---mg-
ἄκουσον	a)/kouson	ἀκούω	a)kou/w	v2sama---
ἄλλα	a)/lla	ἄλλος	a)/llos	n-p---nn-
ἄλλα	a)/lla	ἄλλος	a)/llos	n-p---nv-
ἄλλα	a)/lla	ἄλλος	a)/llos	n-p---na-
ἄλλα	a)/lla	ἄλλος	a)/llos	n-d---fn-
ἄλλα	a)/lla	ἄλλος	a)/llos	n-d---fv-
ἄλλα	a)/lla	ἄλλος	a)/llos	n-d---fa-
ἄλλα	a)/lla	ἄλλος	a)/llos	n-s---fn-
ἄλλα	a)/lla	ἄλλος	a)/llos	n-s---fv-
ἄλλαις	a)/llais	ἄλλος	a)/llos	n-p---fd-
ἄλλας	a)/llas	ἄλλος	a)/llos	n-p---fa-
ἄλλας	a)/llas	ἄλλος	a)/llos	n-s---fg-
ἄλλην	a)/llhn	ἄλλος	a)/llos	n-s---fa-
ἄλλο	a)/llo	ἄλλος	a)/llos	n-s---nn-
ἄλλο	a)/llo	ἄλλος	a)/llos	n-s---nv-
ἄλλο	a)/llo	ἄλλος	a)/llos	n-s---na-
ἄλλοι	a)/lloi	ἄλλος	a)/llos	n-p---mn-
ἄλλοι	a)/lloi	ἄλλος	a)/llos	n-p---mv-
ἄλλοις	a)/llois	ἄλλος	a)/llos	n-p---nd-
ἄλλοις	a)/llois	ἄλλος	a)/llos	n-p---md-
ἄλλον	a)/llon	ἄλλος	a)/llos	n-s---ma-
ἄλλος	a)/llos	ἄλλος	a)/llos	n-s---mn-
ἄλλους	a)/llous	ἄλλος	a)/llos	n-p---ma-
ἄλλων	a)/llwn	ἄλλος	a)/llos	n-p---ng-
ἄλλων	a)/llwn	ἄλλος	a)/llos	n-p---fg-
ἄλλων	a)/llwn	ἄλλος	a)/llos	n-p---mg-
ἄλλῳ	a)/llw|	ἄλλος	a)/llos	n-s---nd-
ἄλλῳ	a)/llw|	ἄλλος	a)/llos	n-s---md-
ἄλογον	a)/logon	ἄλογος	a)/logos	n-s---ma-
ἄλογον	a)/logon	ἄλογος	a)/logos	n-s---fa-
ἄλογον	a)/logon	ἄλογος	a)/logos	n-s---nn-
ἄλογον	a)/logon	ἄλογος	a)/logos	n-s---nv-
ἄλογον	a)/logon	ἄλογος	a)/logos	n-s---na-
ἄν	a)/n	ἄν1	a)/n1	g--------
ἄν	a)/n	ἄν2	a)/n2	c--------
ἄν	a)/n	ἀνά	a)na/	r--------
ἄν	a)/n	ἐάν	e)a/n	c--------
ἄνδρας	a)/ndras	ἀνήρ	a)nh/r	n-p---ma-
ἄνδρες	a)/ndres	ἀνήρ	a)nh/r	n-p---mn-
ἄνδρες	a)/ndres	ἀνήρ	a)nh/r	n-p---mv-
ἄνερ	a)/ner	ἀνήρ	a)nh/r	n-s---mv-
ἄνευ	a)/neu	ἄνευ	a)/neu	r--------
ἄνευ	a)/neu	ἄνω1	a)/nw1	v2siie---
ἄνευ	a)/neu	ἄνω1	a)/nw1	v2spme---
ἄνευ	a)/neu	ἄνω1	a)/nw1	v2siie---
ἄνθρωποι	a)/nqrwpoi	ἄνθρωπος	a)/nqrwpos	n-p---mn-
ἄνθρωποι	a)/nqrwpoi	ἄνθρωπος	a)/nqrwpos	n-p---mv-
ἄνθρωπον	a)/nqrwpon	ἄνθρωπος	a)/nqrwpos	n-s---ma-
ἄνθρωπος	a)/nqrwpos	ἄνθρωπος	a)/nqrwpos	n-s---mn-
ἄνθρωποί	a)/nqrwpoi/	ἄνθρωπος	a)/nqrwpos	n-p---mn-
ἄνθρωποί	a)/nqrwpoi/	ἄνθρωπος	a)/nqrwpos	n-p---mv-
ἄξιοι	a)/cioi	ἄξιος	a)/cios	a-p---mn-
ἄξιοι	a)/cioi	ἄξιος	a)/cios	a-p---mv-
ἄξιος	a)/cios	ἄξιος	a)/cios	a-s---mn-
ἄξοντες	a)/contes	ἄγνυμι	a)/gnumi	v-pfpamn-
ἄξοντες	a)/contes	ἄγνυμι	a)/gnumi	v-pfpamv-
ἄξοντες	a)/contes	ἄγω	a)/gw	v-pfpamn-
ἄξοντες	a)/contes	ἄγω	a)/gw	v-pfpamv-
ἄξων	a)/cwn	ἄξος	a)/cos	n-p---mg-
ἄξων	a)/cwn	ἄξων	a)/cwn	n-s---mn-
ἄξων	a)/cwn	ἄξων	a)/cwn	n-s---mv-
ἄξων	a)/cwn	ἄγνυμι	a)/gnumi	v-sfpamn-
ἄξων	a)/cwn	ἄγω	a)/gw	v-sfpamn-
ἄργυρον	a)/rguron	ἄργυρος	a)/rguros	n-s---ma-
ἄργυρος	a)/rguros	ἄργυρος	a)/rguros	n-s---mn-
ἄρισται	a)/ristai	ἄριστος	a)/ristos	a-p---fn-
ἄρισται	a)/ristai	ἄριστος	a)/ristos	a-p---fv-
ἄριστον	a)/riston	ἄριστον	a)/riston	n-s---nn-
ἄριστον	a)/riston	ἄριστον	a)/riston	n-s---nv-
ἄριστον	a)/riston	ἄριστον	a)/riston	n-s---na-
ἄριστον	a)/riston	ἄριστον	a)/riston	n-s---nn-
ἄριστον	a)/riston	ἄριστον	a)/riston	n-s---nv-
ἄριστον	a)/riston	ἄριστον	a)/riston	n-s---na-
ἄριστον	a)/riston	ἄριστος	a)/ristos	a-s---ma-
ἄριστον	a)/riston	ἄριστος	a)/ristos	a-s---nn-
ἄριστον	a)/riston	ἄριστος	a)/ristos	a-s---nv-
ἄριστον	a)/riston	ἄριστος	a)/ristos	a-s---na-
ἄρξαι	a)/rcai	ἄρχω	a)/rxw	v2srie---
ἄρξαι	a)/rcai	ἄρχω	a)/rxw	v2samm---
ἄρξαι	a)/rcai	ἄρχω	a)/rxw	v--ana---
ἄρξαι	a)/rcai	ἄρχω	a)/rxw	v3saoa---
ἄρξαιεν	a)/rcaien	ἄρχω	a)/rxw	v3paoa---
ἄρξαιμεν	a)/rcaimen	ἄρχω	a)/rxw	v1paoa---
ἄρξασθαι	a)/rcasqai	ἄρχω	a)/rxw	v--anm---
ἄρξει	a)/rcei	ἄρχω	a)/rxw	v3sasa---
ἄρξει	a)/rcei	ἄρχω	a)/rxw	v2sfim---
ἄρξει	a)/rcei	ἄρχω	a)/rxw	v3sfia---
ἄρξομαι	a)/rcomai	ἄρχω	a)/rxw	v1sasm---
ἄρξομαι	a)/rcomai	ἄρχω	a)/rxw	v1sfim---
ἄρξουσιν	a)/rcousin	ἄρχω	a)/rxw	v3pasa---
ἄρξουσιν	a)/rcousin	ἄρχω	a)/rxw	v-pfpamd-
ἄρξουσιν	a)/rcousin	ἄρχω	a)/rxw	v-pfpand-
ἄρξουσιν	a)/rcousin	ἄρχω	a)/rxw	v3pfia---
ἄρχειν	a)/rxein	ἄρχω	a)/rxw	v--pna---
ἄρχεσθαι	a)/rxesqai	ἄρχω	a)/rxw	v--pne---
ἄρχοι	a)/rxoi	ἄρχω	a)/rxw	v3spoa---
ἄρχοιεν	a)/rxoien	ἄρχω	a)/rxw	v3ppoa---
ἄρχονται	a)/rxontai	ἄρχω	a)/rxw	v3ppie---
ἄρχοντας	a)/rxontas	ἄρχω	a)/rxw	v-pppama-
ἄρχοντας	a)/rxontas	ἄρχων	a)/rxwn	n-p---ma-
ἄρχοντι	a)/rxonti	ἄρχω	a)/rxw	v-sppamd-
ἄρχοντι	a)/rxonti	ἄρχω	a)/rxw	v-sppand-
ἄρχοντι	a)/rxonti	ἄρχω	a)/rxw	v3ppia---
ἄρχοντι	a)/rxonti	ἄρχων	a)/rxwn	n-s---md-
ἄρχοντος	a)/rxontos	ἄρχω	a)/rxw	v-sppamg-
ἄρχοντος	a)/rxontos	ἄρχω	a)/rxw	v-sppang-
ἄρχοντος	a)/rxontos	ἄρχων	a)/rxwn	n-s---mg-
ἄρχουσι	a)/rxousi	ἄρχω	a)/rxw	v-pppamd-
ἄρχουσι	a)/rxousi	ἄρχω	a)/rxw	v-pppand-
ἄρχουσι	a)/rxousi	ἄρχω	a)/rxw	v3ppia---
ἄρχουσι	a)/rxousi	ἄρχων	a)/rxwn	n-p---md-
ἄρχουσιν	a)/rxousin	ἄρχω	a)/rxw	v-pppamd-
ἄρχουσιν	a)/rxousin	ἄρχω	a)/rxw	v-pppand-
ἄρχουσιν	a)/rxousin	ἄρχω	a)/rxw	v3ppia---
ἄρχουσιν	a)/rxousin	ἄρχων	a)/rxwn	n-p---md-
ἄρχων	a)/rxwn	ἄρχω	a)/rxw	v-sppamn-
ἄρχων	a)/rxwn	ἄρχων	a)/rxwn	n-s---mn-
ἄρχῃ	a)/rxh|	ἄρχω	a)/rxw	v2spse---
ἄρχῃ	a)/rxh|	ἄρχω	a)/rxw	v2spie---
ἄρχῃ	a)/rxh|	ἄρχω	a)/rxw	v3spsa---
ἄρχῃς	a)/rxh|s	ἄρχω	a)/rxw	v2spsa---
ἄστει	a)/stei	ἄστυ	a)/stu	n-d---nn-
ἄστει	a)/stei	ἄστυ	a)/stu	n-d---nv-
ἄστει	a)/stei	ἄστυ	a)/stu	n-d---na-
ἄστει	a)/stei	ἄστυ	a)/stu	n-s---nd-
ἄφες	a)/fes	ἀφίημι	a)fi/hmi	v2sama---
ἄφρον	a)/fron	ἄφρων	a)/frwn	n-s---mv-
ἄφρον	a)/fron	ἄφρων	a)/frwn	n-s---fv-
ἄφρον	a)/fron	ἄφρων	a)/frwn	n-s---nn-
ἄφρον	a)/fron	ἄφρων	a)/frwn	n-s---nv-
ἄφρον	a)/fron	ἄφρων	a)/frwn	n-s---na-
ἄφρονα	a)/frona	ἄφρων	a)/frwn	n-p---nn-
ἄφρονα	a)/frona	ἄφρων	a)/frwn	n-p---nv-
ἄφρονα	a)/frona	ἄφρων	a)/frwn	n-p---na-
ἄφρονα	a)/frona	ἄφρων	a)/frwn	n-s---ma-
ἄφρονα	a)/frona	ἄφρων	a)/frwn	n-s---fa-
ἄφρονας	a)/fronas	ἄφρων	a)/frwn	n-p---ma-
ἄφρονας	a)/fronas	ἄφρων	a)/frwn	n-p---fa-
ἄφρονες	a)/frones	ἄφρων	a)/frwn	n-p---mn-
ἄφρονες	a)/frones	ἄφρων	a)/frwn	n-p---mv-
ἄφρονες	a)/frones	ἄφρων	a)/frwn	n-p---fn-
ἄφρονες	a)/frones	ἄφρων	a)/frwn	n-p---fv-
ἄφροσιν	a)/frosin	ἄφρων	a)/frwn	n-p----d-
ἄφρων	a)/frwn	ἄφρων	a)/frwn	n-s---mn-
ἄφρων	a)/frwn	ἄφρων	a)/frwn	n-s---fn-
ἅ	a(/	ὁ	o(	l-s---fn-
ἅ	a(/	ὅς	o(/s	p-p---na-
ἅ	a(/	ὅς	o(/s	p-p---nn-
ἅ	a(/	ὅς	o(/s	p-d---fa-
ἅ	a(/	ὅς	o(/s	p-d---fn-
ἅ	a(/	ὅς	o(/s	p-s---fn-
ἅμα	a(/ma	ἅμα	a(/ma	d--------
ἅπαντα	a(/panta	ἅπας	a(/pas	a-p---nn-
ἅπαντα	a(/panta	ἅπας	a(/pas	a-p---nv-
ἅπαντα	a(/panta	ἅπας	a(/pas	a-p---na-
ἅπαντα	a(/panta	ἅπας	a(/pas	a-s---ma-
ἅπαντας	a(/pantas	ἅπας	a(/pas	a-p---ma-
ἅπαντες	a(/pantes	ἅπας	a(/pas	a-p---mn-
ἅπαντες	a(/pantes	ἅπας	a(/pas	a-p---mv-
ἅτε	a(/te	ἅτε	a(/te	d--------
ἆθλα	a)=qla	ἆθλον	a)=qlon	n-p---nn-
ἆθλα	a)=qla	ἆθλον	a)=qlon	n-p---nv-
ἆθλα	a)=qla	ἆθλον	a)=qlon	n-p---na-
ἆθλον	a)=qlon	ἆθλον	a)=qlon	n-s---nn-
ἆθλον	a)=qlon	ἆθλον	a)=qlon	n-s---nv-
ἆθλον	a)=qlon	ἆθλον	a)=qlon	n-s---na-
ἆθλον	a)=qlon	ἆθλος	a)=qlos	n-s---ma-
ἆρα	a)=ra	ἆρα	a)=ra	x--------
ἆρα	a)=ra	αἴρω	ai)/rw	v1saia---
ἆρα	a)=ra	αἴρω	ai)/rw	v1saia---
Ἀθηαῖοι	*)aqhai=oi	Ἀθηαῖος	*)aqhai=os	a-p---mn-
Ἀθηαῖοι	*)aqhai=oi	Ἀθηαῖος	*)aqhai=os	a-p---mv-
Ἀθηναίοις	*)aqhnai/ois	Ἀθήναια	*)aqh/naia	n-p---nd-
Ἀθηναίοις	*)aqhnai/ois	Ἀθήναιον	*)aqh/naion	n-p---nd-
Ἀθηναίοις	*)aqhnai/ois	Ἀθήναιος	*)aqh/naios	n-p---md-
Ἀθηναίοις	*)aqhnai/ois	Ἀθηναῖος	*)aqhnai=os	a-p---md-
Ἀθηναίοις	*)aqhnai/ois	Ἀθηναῖος	*)aqhnai=os	a-p---nd-
Ἀθηναίους	*)aqhnai/ous	Ἀθήναιος	*)aqh/naios	n-p---ma-
Ἀθηναίους	*)aqhnai/ous	Ἀθηναῖος	*)aqhnai=os	a-p---ma-
Ἀθηναίων	*)aqhnai/wn	Ἀθήναια	*)aqh/naia	n-p---ng-
Ἀθηναίων	*)aqhnai/wn	Ἀθήναιον	*)aqh/naion	n-p---ng-
Ἀθηναίων	*)aqhnai/wn	Ἀθήναιος	*)aqh/naios	n-p---mg-
Ἀθηναίων	*)aqhnai/wn	Ἀθηναῖος	*)aqhnai=os	a-p---fg-
Ἀθηναίων	*)aqhnai/wn	Ἀθηναῖος	*)aqhnai=os	a-p---mg-
Ἀθηναίων	*)aqhnai/wn	Ἀθηναῖος	*)aqhnai=os	a-p---ng-
Ἀθηναῖοι	*)aqhnai=oi	Ἀθηναῖος	*)aqhnai=os	a-p---mn-
Ἀθηναῖοι	*)aqhnai=oi	Ἀθηναῖος	*)aqhnai=os	a-p---mv-
Ἀκούετε	*)akou/ete	ἀκούω	a)kou/w	v2piia---
Ἀκούετε	*)akou/ete	ἀκούω	a)kou/w	v2ppma---
Ἀκούετε	*)akou/ete	ἀκούω	a)kou/w	v2ppia---
Ἀκούετε	*)akou/ete	ἀκούω	a)kou/w	v2piia---
Ἀριστοφάνει	*)aristofa/nei	Ἀριστοφάνης	*)aristofa/nhs	n-d---mn-
Ἀριστοφάνει	*)aristofa/nei	Ἀριστοφάνης	*)aristofa/nhs	n-d---mv-
Ἀριστοφάνει	*)aristofa/nei	Ἀριστοφάνης	*)aristofa/nhs	n-d---ma-
Ἀριστοφάνει	*)aristofa/nei	Ἀριστοφάνης	*)aristofa/nhs	n-s---md-
Ἀριστοφάνει	*)aristofa/nei	Ἀριστοφάνης	*)aristofa/nhs	n-s---md-
Ἀριστοφάνη	*)aristofa/nh	Ἀριστοφάνης	*)aristofa/nhs	n-d---mn-
Ἀριστοφάνη	*)aristofa/nh	Ἀριστοφάνης	*)aristofa/nhs	n-d---mv-
Ἀριστοφάνη	*)aristofa/nh	Ἀριστοφάνης	*)aristofa/nhs	n-d---ma-
Ἀριστοφάνη	*)aristofa/nh	Ἀριστοφάνης	*)aristofa/nhs	n-s---ma-
ἐβλάβης	e)bla/bhs	βλάπτω	bla/ptw	v2saip---
ἐβλάβησαν	e)bla/bhsan	βλάπτω	bla/ptw	v3paip---
ἐβλάψαμεν	e)bla/yamen	βλάπτω	bla/ptw	v1paia---
ἐβουλήθη	e)boulh/qh	βούλομαι	bou/lomai	v3saip---
ἐβουλήθην	e)boulh/qhn	βούλομαι	bou/lomai	v3paip---
ἐβουλήθην	e)boulh/qhn	βούλομαι	bou/lomai	v1saip---
ἐβουλήθησαν	e)boulh/qhsan	βούλομαι	bou/lomai	v3paip---
ἐγεγράφειν	e)gegra/fein	γράφω	gra/fw	v1slia---
ἐγράφη	e)gra/fh	γράφω	gra/fw	v3saip---
ἐγράψαντο	e)gra/yanto	γράφω	gra/fw	v3paim---
ἐγέγραπτο	e)ge/grapto	γράφω	gra/fw	v3slie---
ἐγένετο	e)ge/neto	γίγνομαι	gi/gnomai	v3saim---
ἐγώ	e)gw/	ἐγώ	e)gw/	p-s---mn-
ἐγώ	e)gw/	ἐγώ	e)gw/	p-s---mv-
ἐγώ	e)gw/	ἐγώ	e)gw/	p-s---fn-
ἐγώ	e)gw/	ἐγώ	e)gw/	p-s---fv-
ἐδείκνυθ’	e)dei/knuq'	δείκνυμι	dei/knumi	v3siie---
ἐδείκνυθ’	e)dei/knuq'	δείκνυμι	dei/knumi	v2piia---
ἐδούλευον	e)dou/leuon	δουλεύω	douleu/w	v3piia---
ἐδούλευον	e)dou/leuon	δουλεύω	douleu/w	v1siia---
ἐδυνήθημεν	e)dunh/qhmen	δύναμαι	du/namai	v1paip---
ἐδυνήθησαν	e)dunh/qhsan	δύναμαι	du/namai	v3paip---
ἐδήλου	e)dh/lou	βούλομαι	bou/lomai	v2siie---
ἐδήλου	e)dh/lou	δηλόω	dhlo/w	v3siia---
ἐδίδασκεν	e)di/dasken	διδάσκω	dida/skw	v3siia---
ἐδίδοσαν	e)di/dosan	δίδωμι	di/dwmi	v3piia---
ἐδίδου	e)di/dou	δίδωμι	di/dwmi	v3siia---
ἐδίδου	e)di/dou	δίδωμι	di/dwmi	v3siia---
ἐδόκουν	e)do/koun	δοκέω	doke/w	v3piia---
ἐδόκουν	e)do/koun	δοκέω	doke/w	v1siia---
ἐδόκουν	e)do/koun	δοκόω	doko/w	v3piia---
ἐδόκουν	e)do/koun	δοκόω	doko/w	v1siia---
ἐδύναντο	e)du/nanto	δύναμαι	du/namai	v3piie---
ἐζήτουν	e)zh/toun	ζητέω	zhte/w	v3piia---
ἐζήτουν	e)zh/toun	ζητέω	zhte/w	v1siia---
ἐθελόντων	e)qelo/ntwn	ἐθέλω	e)qe/lw	v-pppamg-
ἐθελόντων	e)qelo/ntwn	ἐθέλω	e)qe/lw	v-pppang-
ἐθελόντων	e)qelo/ntwn	ἐθέλω	e)qe/lw	v3ppma---
ἐθυσάμεθα	e)qusa/meqa	θύω1	qu/w1	v1paim---
ἐθυσάμεθα	e)qusa/meqa	θύω2	qu/w2	v1paim---
ἐθάπτετε	e)qa/ptete	θάπτω	qa/ptw	v2piia---
ἐθέλει	e)qe/lei	ἐθέλω	e)qe/lw	v2spie---
ἐθέλει	e)qe/lei	ἐθέλω	e)qe/lw	v3spia---
ἐθέλειν	e)qe/lein	ἐθέλω	e)qe/lw	v--pna---
ἐθέλετε	e)qe/lete	ἐθέλω	e)qe/lw	v2ppma---
ἐθέλετε	e)qe/lete	ἐθέλω	e)qe/lw	v2ppia---
ἐθέλετε	e)qe/lete	ἐθέλω	e)qe/lw	v2piia---
ἐθέλετε	e)qe/lete	ἐθέλω	e)qe/lw	v2piia---
ἐθέλοι	e)qe/loi	ἐθέλω	e)qe/lw	v3spoa---
ἐθέλοντα	e)qe/lonta	ἐθέλω	e)qe/lw	v-pppann-
ἐθέλοντα	e)qe/lonta	ἐθέλω	e)qe/lw	v-pppanv-
ἐθέλοντα	e)qe/lonta	ἐθέλω	e)qe/lw	v-pppana-
ἐθέλοντα	e)qe/lonta	ἐθέλω	e)qe/lw	v-sppama-
ἐθέλοντας	e)qe/lontas	ἐθέλω	e)qe/lw	v-pppama-
ἐθέλουσι	e)qe/lousi	ἐθέλω	e)qe/lw	v-pppamd-
ἐθέλουσι	e)qe/lousi	ἐθέλω	e)qe/lw	v-pppand-
ἐθέλουσι	e)qe/lousi	ἐθέλω	e)qe/lw	v3ppia---
ἐθέλουσιν	e)qe/lousin	ἐθέλω	e)qe/lw	v-pppamd-
ἐθέλουσιν	e)qe/lousin	ἐθέλω	e)qe/lw	v-pppand-
ἐθέλουσιν	e)qe/lousin	ἐθέλω	e)qe/lw	v3ppia---
ἐθέλω	e)qe/lw	ἐθέλω	e)qe/lw	v1spsa---
ἐθέλω	e)qe/lw	ἐθέλω	e)qe/lw	v1spia---
ἐθέλωσι	e)qe/lwsi	ἐθέλω	e)qe/lw	v3ppsa---
ἐθέμεθα	e)qe/meqa	τίθημι	ti/qhmi	v1paim---
ἐθύοντο	e)qu/onto	θύω1	qu/w1	v3piie---
ἐθύοντο	e)qu/onto	θύω2	qu/w2	v3piie---
ἐθύσαμεν	e)qu/samen	θύω1	qu/w1	v1paia---
ἐθύσαμεν	e)qu/samen	θύω2	qu/w2	v1paia---
ἐκ	e)k	ἐκ	e)k	r--------
ἐκαλοῦντο	e)kalou=nto	καλέω	kale/w	v3piie---
ἐκβαλεῖν	e)kbalei=n	ἐκβάλλω	e)kba/llw	v--ana---
ἐκβαλεῖν	e)kbalei=n	ἐκβάλλω	e)kba/llw	v--fna---
ἐκβαλεῖτέ	e)kbalei=te/	ἐκβάλλω	e)kba/llw	v2pfia---
ἐκβάλετε	e)kba/lete	ἐκβάλλω	e)kba/llw	v2pama---
ἐκβάλετε	e)kba/lete	ἐκβάλλω	e)kba/llw	v2pasa---
ἐκβάλετε	e)kba/lete	ἐκβάλλω	e)kba/llw	v2paia---
ἐκβάλετ’	e)kba/let'	ἐκβάλλω	e)kba/llw	v2pama---
ἐκβάλετ’	e)kba/let'	ἐκβάλλω	e)kba/llw	v2pasa---
ἐκβάλετ’	e)kba/let'	ἐκβάλλω	e)kba/llw	v3sasm---
ἐκβάλετ’	e)kba/let'	ἐκβάλλω	e)kba/llw	v3saim---
ἐκβάλετ’	e)kba/let'	ἐκβάλλω	e)kba/llw	v2paia---
ἐκδιδάξαι	e)kdida/cai	ἐκδιδάσκω	e)kdida/skw	v--ana---
ἐκδιδάξαι	e)kdida/cai	ἐκδιδάσκω	e)kdida/skw	v3saoa---
ἐκδιδάξαντα	e)kdida/canta	ἐκδιδάσκω	e)kdida/skw	v-papann-
ἐκδιδάξαντα	e)kdida/canta	ἐκδιδάσκω	e)kdida/skw	v-papanv-
ἐκδιδάξαντα	e)kdida/canta	ἐκδιδάσκω	e)kdida/skw	v-papana-
ἐκδιδάξαντα	e)kdida/canta	ἐκδιδάσκω	e)kdida/skw	v-sapama-
ἐκεκώλυτο	e)kekw/luto	κωλύω	kwlu/w	v3slie---
ἐκελεύομεν	e)keleu/omen	κελεύω	keleu/w	v1piia---
ἐκελεύσατε	e)keleu/sate	κελεύω	keleu/w	v2paia---
ἐκελεύσθησαν	e)keleu/sqhsan	κελεύω	keleu/w	v3paip---
ἐκείνας	e)kei/nas	ἐκεῖνος	e)kei=nos	n-p---fa-
ἐκείνας	e)kei/nas	ἐκεῖνος	e)kei=nos	n-s---fg-
ἐκείνην	e)kei/nhn	ἐκεῖνος	e)kei=nos	n-s---fa-
ἐκείνης	e)kei/nhs	ἐκεῖνος	e)kei=nos	n-s---fg-
ἐκείνοις	e)kei/nois	ἐκεῖνος	e)kei=nos	n-p---nd-
ἐκείνοις	e)kei/nois	ἐκεῖνος	e)kei=nos	n-p---md-
ἐκείνου	e)kei/nou	ἐκεῖνος	e)kei=nos	n-s---ng-
ἐκείνου	e)kei/nou	ἐκεῖνος	e)kei=nos	n-s---mg-
ἐκείνου	e)kei/nou	κενόω	keno/w	v3siia---
ἐκείνους	e)kei/nous	ἐκεῖνος	e)kei=nos	n-p---ma-
ἐκείνους	e)kei/nous	κενόω	keno/w	v2siia---
ἐκείνων	e)kei/nwn	ἐκεῖνος	e)kei=nos	n-p---ng-
ἐκείνων	e)kei/nwn	ἐκεῖνος	e)kei=nos	n-p---fg-
ἐκείνων	e)kei/nwn	ἐκεῖνος	e)kei=nos	n-p---mg-
ἐκείνων	e)kei/nwn	κενόω	keno/w	v3piia---
ἐκείνων	e)kei/nwn	κενόω	keno/w	v1siia---
ἐκείνῃ	e)kei/nh|	ἐκεῖνος	e)kei=nos	n-s---fd-
ἐκείνῳ	e)kei/nw|	ἐκεῖνος	e)kei=nos	n-s---nd-
ἐκείνῳ	e)kei/nw|	ἐκεῖνος	e)kei=nos	n-s---md-
ἐκεῖ	e)kei=	ἐκεῖ	e)kei=	d--------
ἐκεῖνα	e)kei=na	ἐκεῖνος	e)kei=nos	n-p---nn-
ἐκεῖνα	e)kei=na	ἐκεῖνος	e)kei=nos	n-p---nv-
ἐκεῖνα	e)kei=na	ἐκεῖνος	e)kei=nos	n-p---na-
ἐκεῖνο	e)kei=no	ἐκεῖνος	e)kei=nos	n-s---nn-
ἐκεῖνο	e)kei=no	ἐκεῖνος	e)kei=nos	n-s---nv-
ἐκεῖνο	e)kei=no	ἐκεῖνος	e)kei=nos	n-s---na-
ἐκεῖνοι	e)kei=noi	ἐκεῖνος	e)kei=nos	n-p---mn-
ἐκεῖνοι	e)kei=noi	ἐκεῖνος	e)kei=nos	n-p---mv-
ἐκεῖνον	e)kei=non	ἐκεῖνος	e)kei=nos	n-s---ma-
ἐκεῖνος	e)kei=nos	ἐκεῖνος	e)kei=nos	n-s---mn-
ἐκεῖνοί	e)kei=noi/	ἐκεῖνος	e)kei=nos	n-p---mn-
ἐκεῖνοί	e)kei=noi/	ἐκεῖνος	e)kei=nos	n-p---mv-
ἐκκαλούμενος	e)kkalou/menos	ἐκκαλέω	e)kkale/w	v-sppemn-
ἐκκαλούμενος	e)kkalou/menos	ἐκκαλέω	e)kkale/w	v-sfpmmn-
ἐκκαλούμενος	e)kkalou/menos	ἐκκαλέω	e)kkale/w	v-sppemn-
ἐκκαλοῦσαν	e)kkalou=san	ἐκκαλέω	e)kkale/w	v-sppafa-
ἐκκαλοῦσαν	e)kkalou=san	ἐκκαλέω	e)kkale/w	v-sfpafa-
ἐκκαλοῦσαν	e)kkalou=san	ἐκκαλέω	e)kkale/w	v-sppafa-
ἐκκλησία	e)kklhsi/a	ἐκκλησία	e)kklhsi/a	n-d---fn-
ἐκκλησία	e)kklhsi/a	ἐκκλησία	e)kklhsi/a	n-d---fv-
ἐκκλησία	e)kklhsi/a	ἐκκλησία	e)kklhsi/a	n-d---fa-
ἐκκλησία	e)kklhsi/a	ἐκκλησία	e)kklhsi/a	n-s---fn-
ἐκκλησία	e)kklhsi/a	ἐκκλησία	e)kklhsi/a	n-s---fv-
ἐκκλησίαις	e)kklhsi/ais	ἐκκλησία	e)kklhsi/a	n-p---fd-
ἐκκλησίαν	e)kklhsi/an	ἐκκλησία	e)kklhsi/a	n-s---fa-
ἐκκλησίας	e)kklhsi/as	ἐκκλησία	e)kklhsi/a	n-p---fa-
ἐκκλησίας	e)kklhsi/as	ἐκκλησία	e)kklhsi/a	n-s---fg-
ἐκκλησίᾳ	e)kklhsi/a|	ἐκκλησία	e)kklhsi/a	n-p---fn-
ἐκκλησίᾳ	e)kklhsi/a|	ἐκκλησία	e)kklhsi/a	n-p---fv-
ἐκκλησίᾳ	e)kklhsi/a|	ἐκκλησία	e)kklhsi/a	n-s---fd-
ἐκκλέπτειν	e)kkle/ptein	ἐκκλέπτω	e)kkle/ptw	v--pna---
ἐκκλέψητ’	e)kkle/yht'	ἐκκλέπτω	e)kkle/ptw	v2pasa---
ἐκκλέψητ’	e)kkle/yht'	ἐκκλέπτω	e)kkle/ptw	v3sasm---
ἐκλύσονται	e)klu/sontai	ἐκλύω	e)klu/w	v3pfim---
ἐκπαιδεύειν	e)kpaideu/ein	ἐκπαιδεύω	e)kpaideu/w	v--pna---
ἐκπαιδεύειν	e)kpaideu/ein	ἐκπαιδεύω	e)kpaideu/w	v--pna---
ἐκπεσοῖτο	e)kpesoi=to	ἐκπίτνω	e)kpi/tnw	v3sfom---
ἐκπεσόντας	e)kpeso/ntas	ἐκπίτνω	e)kpi/tnw	v-papama-
ἐκπεσών	e)kpesw/n	ἐκπίτνω	e)kpi/tnw	v-sapamn-
ἐκπεφευγότα	e)kpefeugo/ta	ἐκφεύγω	e)kfeu/gw	v-prpann-
ἐκπεφευγότα	e)kpefeugo/ta	ἐκφεύγω	e)kfeu/gw	v-prpanv-
ἐκπεφευγότα	e)kpefeugo/ta	ἐκφεύγω	e)kfeu/gw	v-prpana-
ἐκπεφευγότα	e)kpefeugo/ta	ἐκφεύγω	e)kfeu/gw	v-srpama-
ἐκσωθείη	e)kswqei/h	ἐκσῴζω	e)ksw/|zw	v3saop---
ἐκφευξόμενον	e)kfeuco/menon	ἐκφεύγω	e)kfeu/gw	v-sfpmma-
ἐκφευξόμενον	e)kfeuco/menon	ἐκφεύγω	e)kfeu/gw	v-sfpmnn-
ἐκφευξόμενον	e)kfeuco/menon	ἐκφεύγω	e)kfeu/gw	v-sfpmnv-
ἐκφευξόμενον	e)kfeuco/menon	ἐκφεύγω	e)kfeu/gw	v-sfpmna-
ἐκφεύγοντα	e)kfeu/gonta	ἐκφεύγω	e)kfeu/gw	v-pppann-
ἐκφεύγοντα	e)kfeu/gonta	ἐκφεύγω	e)kfeu/gw	v-pppanv-
ἐκφεύγοντα	e)kfeu/gonta	ἐκφεύγω	e)kfeu/gw	v-pppana-
ἐκφεύγοντα	e)kfeu/gonta	ἐκφεύγω	e)kfeu/gw	v-sppama-
ἐκφυγεῖν	e)kfugei=n	ἐκφεύγω	e)kfeu/gw	v--ana---
ἐκφυγόντα	e)kfugo/nta	ἐκφεύγω	e)kfeu/gw	v-papann-
ἐκφυγόντα	e)kfugo/nta	ἐκφεύγω	e)kfeu/gw	v-papanv-
ἐκφυγόντα	e)kfugo/nta	ἐκφεύγω	e)kfeu/gw	v-papana-
ἐκφυγόντα	e)kfugo/nta	ἐκφεύγω	e)kfeu/gw	v-sapama-
ἐκφυγών	e)kfugw/n	ἐκφεύγω	e)kfeu/gw	v-sapamn-
ἐκέλευε	e)ke/leue	κελεύω	keleu/w	v3siia---
ἐκέλευες	e)ke/leues	κελεύω	keleu/w	v2siia---
ἐκέλευσε	e)ke/leuse	κελεύω	keleu/w	v3saia---
ἐκώλυσε	e)kw/luse	κωλύω	kwlu/w	v3saia---
ἐλαττόνων	e)latto/nwn	ἐλάσσων	e)la/sswn	a-p----g-
ἐλαττόνων	e)latto/nwn	ἐλαττονόω	e)lattono/w	v3piia---
ἐλαττόνων	e)latto/nwn	ἐλαττονόω	e)lattono/w	v1siia---
ἐλαχίστους	e)laxi/stous	ἐλάχιστος	e)la/xistos	a-p---ma-
ἐλελύκεσαν	e)lelu/kesan	λύω	lu/w	v3plia---
ἐλευθερίαν	e)leuqeri/an	ἐλευθερία	e)leuqeri/a	n-s---fa-
ἐλευθερίας	e)leuqeri/as	ἐλευθερία	e)leuqeri/a	n-p---fa-
ἐλευθερίας	e)leuqeri/as	ἐλευθερία	e)leuqeri/a	n-s---fg-
ἐλευθέραις	e)leuqe/rais	ἐλεύθερος	e)leu/qeros	a-p---fd-
ἐλευθέρας	e)leuqe/ras	ἐλεύθερος	e)leu/qeros	a-p---fa-
ἐλευθέρας	e)leuqe/ras	ἐλεύθερος	e)leu/qeros	a-s---fg-
ἐλευθέρους	e)leuqe/rous	ἐλεύθερος	e)leu/qeros	a-p---ma-
ἐλευθέρους	e)leuqe/rous	ἐλεύθερος	e)leu/qeros	n-p---ma-
ἐλευθέρους	e)leuqe/rous	ἐλεύθερος	e)leu/qeros	n-p---fa-
ἐλευθέρους	e)leuqe/rous	ἐλευθερόω	e)leuqero/w	v2siia---
ἐλευθέρων	e)leuqe/rwn	ἐλεύθερος	e)leu/qeros	a-p---fg-
ἐλευθέρων	e)leuqe/rwn	ἐλεύθερος	e)leu/qeros	a-p---mg-
ἐλευθέρων	e)leuqe/rwn	ἐλεύθερος	e)leu/qeros	a-p---ng-
ἐλευθέρων	e)leuqe/rwn	ἐλεύθερος	e)leu/qeros	n-p---mg-
ἐλευθέρων	e)leuqe/rwn	ἐλεύθερος	e)leu/qeros	n-p---fg-
ἐλευθέρων	e)leuqe/rwn	ἐλεύθερος	e)leu/qeros	n-p---ng-
ἐλευθέρων	e)leuqe/rwn	ἐλευθερόω	e)leuqero/w	v3piia---
ἐλευθέρων	e)leuqe/rwn	ἐλευθερόω	e)leuqero/w	v1siia---
ἐλείπομεν	e)lei/pomen	λείπω	lei/pw	v1piia---
ἐλεύθεροι	e)leu/qeroi	ἐλεύθερος	e)leu/qeros	a-p---mn-
ἐλεύθεροι	e)leu/qeroi	ἐλεύθερος	e)leu/qeros	a-p---mv-
ἐλεύθεροι	e)leu/qeroi	ἐλεύθερος	e)leu/qeros	n-p---mn-
ἐλεύθεροι	e)leu/qeroi	ἐλεύθερος	e)leu/qeros	n-p---mv-
ἐλεύθεροι	e)leu/qeroi	ἐλεύθερος	e)leu/qeros	n-p---fn-
ἐλεύθεροι	e)leu/qeroi	ἐλεύθερος	e)leu/qeros	n-p---fv-
ἐλεύθερος	e)leu/qeros	ἐλεύθερος	e)leu/qeros	a-s---mn-
ἐλεύθερος	e)leu/qeros	ἐλεύθερος	e)leu/qeros	n-s---mn-
ἐλεύθερος	e)leu/qeros	ἐλεύθερος	e)leu/qeros	n-s---fn-
ἐλθέτω	e)lqe/tw	ἔρχομαι	e)/rxomai	v3sama---
ἐλθόντων	e)lqo/ntwn	ἔρχομαι	e)/rxomai	v-papamg-
ἐλθόντων	e)lqo/ntwn	ἔρχομαι	e)/rxomai	v-papang-
ἐλθόντων	e)lqo/ntwn	ἔρχομαι	e)/rxomai	v3pama---
ἐλθών	e)lqw/n	ἔρχομαι	e)/rxomai	v-sapamn-
ἐλπίς	e)lpi/s	ἐλπίς	e)lpi/s	n-s---fn-
ἐλάσαι	e)la/sai	ἐλαύνω	e)lau/nw	v-sfpafd-
ἐλάσαι	e)la/sai	ἐλαύνω	e)lau/nw	v-sppafd-
ἐλάσαι	e)la/sai	ἐλαύνω	e)lau/nw	v--ana---
ἐλάσαι	e)la/sai	ἐλαύνω	e)lau/nw	v3saoa---
ἐλέξαμεν	e)le/camen	λέγω1	le/gw1	v1paia---
ἐλέξαμεν	e)le/camen	λέγω3	le/gw3	v1paia---
ἐλίπομεν	e)li/pomen	λείπω	lei/pw	v1paia---
ἐλύετο	e)lu/eto	ἐλύω	e)lu/w	v3siie---
ἐλύετο	e)lu/eto	λύω	lu/w	v3siie---
ἐλύετο	e)lu/eto	λύω	lu/w	v3siie---
ἐλύθη	e)lu/qh	λύω	lu/w	v3saip---
ἐλύομεν	e)lu/omen	ἐλύω	e)lu/w	v1ppia---
ἐλύομεν	e)lu/omen	ἐλύω	e)lu/w	v1piia---
ἐλύομεν	e)lu/omen	λύω	lu/w	v1piia---
ἐλύομεν	e)lu/omen	λύω	lu/w	v1piia---
ἐλᾶτε	e)la=te	ἐλαύνω	e)lau/nw	v2pfia---
ἐλᾶτε	e)la=te	ἐλαύνω	e)lau/nw	v2ppma---
ἐλᾶτε	e)la=te	ἐλαύνω	e)lau/nw	v2ppsa---
ἐλᾶτε	e)la=te	ἐλαύνω	e)lau/nw	v2ppia---
ἐλᾶτε	e)la=te	ἐλαύνω	e)lau/nw	v2piia---
ἐλᾶτε	e)la=te	λάω1	la/w1	v2piia---
ἐλᾶτε	e)la=te	λάω2	la/w2	v2piia---
ἐμαυτῇ	e)mauth=|	ἐμαυτοῦ	e)mautou=	p-s---fd-
ἐμοῦ	e)mou=	ἐγώ	e)gw/	p-s---mg-
ἐμοῦ	e)mou=	ἐγώ	e)gw/	p-s---fg-
ἐμοῦ	e)mou=	ἐμέω	e)me/w	v2spme---
ἐμοῦ	e)mou=	ἐμέω	e)me/w	v2siie---
ἐμοῦ	e)mou=	ἐμός	e)mo/s	a-s---mg-
ἐμοῦ	e)mou=	ἐμός	e)mo/s	a-s---ng-
ἐμπειροτέρους	e)mpeirote/rous	ἔμπειρος	e)/mpeiros	n-p---ma-
ἐμπειρία	e)mpeiri/a	ἐμπειρία	e)mpeiri/a	n-d---fn-
ἐμπειρία	e)mpeiri/a	ἐμπειρία	e)mpeiri/a	n-d---fv-
ἐμπειρία	e)mpeiri/a	ἐμπειρία	e)mpeiri/a	n-d---fa-
ἐμπειρία	e)mpeiri/a	ἐμπειρία	e)mpeiri/a	n-s---fn-
ἐμπειρία	e)mpeiri/a	ἐμπειρία	e)mpeiri/a	n-s---fv-
ἐμπειρίαν	e)mpeiri/an	ἐμπειρία	e)mpeiri/a	n-s---fa-
ἐμπειρίας	e)mpeiri/as	ἐμπειρία	e)mpeiri/a	n-p---fa-
ἐμπειρίας	e)mpeiri/as	ἐμπειρία	e)mpeiri/a	n-s---fg-
ἐμπειρίᾳ	e)mpeiri/a|	ἐμπειρία	e)mpeiri/a	n-p---fn-
ἐμπειρίᾳ	e)mpeiri/a|	ἐμπειρία	e)mpeiri/a	n-p---fv-
ἐμπειρίᾳ	e)mpeiri/a|	ἐμπειρία	e)mpeiri/a	n-s---fd-
ἐμέ	e)me/	ἐγώ	e)gw/	p-s---ma-
ἐμέ	e)me/	ἐγώ	e)gw/	p-s---fa-
ἐμέ	e)me/	ἐμός	e)mo/s	a-s---mv-
ἐμήν	e)mh/n	ἐμός	e)mo/s	a-s---fa-
ἐν	e)n	ἐν	e)n	r--------
ἐν	e)n	εἰς	ei)s	r--------
ἐνεγκάντων	e)negka/ntwn	φέρω	fe/rw	v-papamg-
ἐνεγκάντων	e)negka/ntwn	φέρω	fe/rw	v-papang-
ἐνεγκάντων	e)negka/ntwn	φέρω	fe/rw	v3pama---
ἐνικήσαμεν	e)nikh/samen	νικάω	nika/w	v1paia---
ἐνικήσατ’	e)nikh/sat'	νικάω	nika/w	v3saim---
ἐνικήσατ’	e)nikh/sat'	νικάω	nika/w	v2paia---
ἐνικᾶτο	e)nika=to	νικάω	nika/w	v3siie---
ἐνικῶ	e)nikw=	νικάω	nika/w	v2siie---
ἐνικῶμεν	e)nikw=men	νικάω	nika/w	v1piia---
ἐννέα	e)nne/a	ἐννέα	e)nne/a	m--------
ἐνομίζετε	e)nomi/zete	νομίζω	nomi/zw	v2piia---
ἐνταῦθα	e)ntau=qa	ἐνταῦθα	e)ntau=qa	d--------
ἐνταῦθ’	e)ntau=q'	ἐνταῦθα	e)ntau=qa	d--------
ἐνίκων	e)ni/kwn	νικάω	nika/w	v3piia---
ἐνίκων	e)ni/kwn	νικάω	nika/w	v1siia---
ἐνόμιζον	e)no/mizon	νομίζω	nomi/zw	v3piia---
ἐνόμιζον	e)no/mizon	νομίζω	nomi/zw	v1siia---
ἐξ	e)c	ἐκ	e)k	r--------
ἐξαγαγεῖν	e)cagagei=n	ἐξάγω	e)ca/gw	v--ana---
ἐξαγάγοι	e)caga/goi	ἐξάγω	e)ca/gw	v3saoa---
ἐξαγάγωμεν	e)caga/gwmen	ἐξάγω	e)ca/gw	v1pasa---
ἐξεδίδασκε	e)cedi/daske	ἐκδιδάσκω	e)kdida/skw	v3siia---
ἐξελάσαι	e)cela/sai	ἐξελαύνω	e)celau/nw	v-sfpafd-
ἐξελάσαι	e)cela/sai	ἐξελαύνω	e)celau/nw	v-sppafd-
ἐξελάσαι	e)cela/sai	ἐξελαύνω	e)celau/nw	v--ana---
ἐξελάσαι	e)cela/sai	ἐξελαύνω	e)celau/nw	v3saoa---
ἐξενικήθη	e)cenikh/qh	ἐκνικάω	e)knika/w	v3saip---
ἐξενικήθησάν	e)cenikh/qhsa/n	ἐκνικάω	e)knika/w	v3paip---
ἐξεῖναι	e)cei=nai	ἔξεστι	e)/cesti	v--pna---
ἐξεῖναι	e)cei=nai	ἐξίημι	e)ci/hmi	v--ana---
ἐξεῖναι	e)cei=nai	ἐξίημι	e)ci/hmi	v--ana---
ἐξῆγεν	e)ch=gen	ἐξάγω	e)ca/gw	v3siia---
ἐξῆλθον	e)ch=lqon	ἐξέρχομαι	e)ce/rxomai	v3paia---
ἐξῆλθον	e)ch=lqon	ἐξέρχομαι	e)ce/rxomai	v1saia---
ἐξῆν	e)ch=n	ἔξεστι	e)/cesti	v1siia---
ἐξῆν	e)ch=n	ἔξεστι	e)/cesti	v3piia---
ἐξῆν	e)ch=n	ἔξεστι	e)/cesti	v3siia---
ἐπαιδευόμεθα	e)paideuo/meqa	παιδεύω	paideu/w	v1piie---
ἐπαναστάντος	e)panasta/ntos	ἐπανίστημι	e)pani/sthmi	v-sapamg-
ἐπαναστάντος	e)panasta/ntos	ἐπανίστημι	e)pani/sthmi	v-sapang-
ἐπαίδευε	e)pai/deue	παιδεύω	paideu/w	v3siia---
ἐπαίδευες	e)pai/deues	παιδεύω	paideu/w	v2siia---
ἐπαίδευον	e)pai/deuon	παιδεύω	paideu/w	v3piia---
ἐπαίδευον	e)pai/deuon	παιδεύω	paideu/w	v1siia---
ἐπαίδευσας	e)pai/deusas	παιδεύω	paideu/w	v2saia---
ἐπαύετο	e)pau/eto	ἐπαύω	e)pau/w	v3siie---
ἐπαύετο	e)pau/eto	ἐπαύω	e)pau/w	v3siie---
ἐπαύετο	e)pau/eto	παύω	pau/w	v3siie---
ἐπαύθη	e)pau/qh	παύω	pau/w	v3saip---
ἐπαύσασθε	e)pau/sasqe	ἐπαύω	e)pau/w	v2pamm---
ἐπαύσασθε	e)pau/sasqe	ἐπαύω	e)pau/w	v2paim---
ἐπαύσασθε	e)pau/sasqe	ἐπαύω	e)pau/w	v2paim---
ἐπαύσασθε	e)pau/sasqe	παύω	pau/w	v2paim---
ἐπαύσατο	e)pau/sato	ἐπαύω	e)pau/w	v3saim---
ἐπαύσατο	e)pau/sato	ἐπαύω	e)pau/w	v3saim---
ἐπαύσατο	e)pau/sato	παύω	pau/w	v3saim---
ἐπειδάν	e)peida/n	ἐπειδάν	e)peida/n	c--------
ἐπειδή	e)peidh/	ἐπεί	e)pei/	c--------
ἐπειδήπερ	e)peidh/per	ἐπεί	e)pei/	c--------
ἐπεπαύκεμεν	e)pepau/kemen	παύω	pau/w	v1plia---
ἐπεπόμφεμεν	e)pepo/mfemen	πέμπω	pe/mpw	v1plia---
ἐπεί	e)pei/	ἐπεί	e)pei/	c--------
ἐπείθεσθ’	e)pei/qesq'	πείθω	pei/qw	v2piie---
ἐπιβεβουλευκότας	e)pibebouleuko/tas	ἐπιβουλεύω	e)pibouleu/w	v-prpama-
ἐπιβουλεύοντα	e)pibouleu/onta	ἐπιβουλεύω	e)pibouleu/w	v-pppann-
ἐπιβουλεύοντα	e)pibouleu/onta	ἐπιβουλεύω	e)pibouleu/w	v-pppanv-
ἐπιβουλεύοντα	e)pibouleu/onta	ἐπιβουλεύω	e)pibouleu/w	v-pppana-
ἐπιβουλεύοντα	e)pibouleu/onta	ἐπιβουλεύω	e)pibouleu/w	v-sppama-
ἐπιβουλεύοντα	e)pibouleu/onta	ἐπιβουλεύω	e)pibouleu/w	v-pppann-
ἐπιβουλεύοντα	e)pibouleu/onta	ἐπιβουλεύω	e)pibouleu/w	v-pppanv-
ἐπιβουλεύοντα	e)pibouleu/onta	ἐπιβουλεύω	e)pibouleu/w	v-pppana-
ἐπιβουλεύοντα	e)pibouleu/onta	ἐπιβουλεύω	e)pibouleu/w	v-sppama-
ἐπιβουλεύσαντα	e)pibouleu/santa	ἐπιβουλεύω	e)pibouleu/w	v-papann-
ἐπιβουλεύσαντα	e)pibouleu/santa	ἐπιβουλεύω	e)pibouleu/w	v-papanv-
ἐπιβουλεύσαντα	e)pibouleu/santa	ἐπιβουλεύω	e)pibouleu/w	v-papana-
ἐπιβουλεύσαντα	e)pibouleu/santa	ἐπιβουλεύω	e)pibouleu/w	v-sapama-
ἐπιβουλεύσαντα	e)pibouleu/santa	ἐπιβουλεύω	e)pibouleu/w	v-papann-
ἐπιβουλεύσαντα	e)pibouleu/santa	ἐπιβουλεύω	e)pibouleu/w	v-papanv-
ἐπιβουλεύσαντα	e)pibouleu/santa	ἐπιβουλεύω	e)pibouleu/w	v-papana-
ἐπιβουλεύσαντα	e)pibouleu/santa	ἐπιβουλεύω	e)pibouleu/w	v-sapama-
ἐπιβουλεύσοιεν	e)pibouleu/soien	ἐπιβουλεύω	e)pibouleu/w	v3pfoa---
ἐπιβουλεύσοιεν	e)pibouleu/soien	ἐπιβουλεύω	e)pibouleu/w	v3pfoa---
ἐπιβουλεύσουσιν	e)pibouleu/sousin	ἐπιβουλεύω	e)pibouleu/w	v3pasa---
ἐπιβουλεύσουσιν	e)pibouleu/sousin	ἐπιβουλεύω	e)pibouleu/w	v-pfpamd-
ἐπιβουλεύσουσιν	e)pibouleu/sousin	ἐπιβουλεύω	e)pibouleu/w	v-pfpand-
ἐπιβουλεύσουσιν	e)pibouleu/sousin	ἐπιβουλεύω	e)pibouleu/w	v3pfia---
ἐπιβουλεύσουσιν	e)pibouleu/sousin	ἐπιβουλεύω	e)pibouleu/w	v3pasa---
ἐπιβουλεύσουσιν	e)pibouleu/sousin	ἐπιβουλεύω	e)pibouleu/w	v-pfpamd-
ἐπιβουλεύσουσιν	e)pibouleu/sousin	ἐπιβουλεύω	e)pibouleu/w	v-pfpand-
ἐπιβουλεύσουσιν	e)pibouleu/sousin	ἐπιβουλεύω	e)pibouleu/w	v3pfia---
ἐπιβουλεύων	e)pibouleu/wn	ἐπιβουλεύω	e)pibouleu/w	v-sppamn-
ἐπιβουλεύων	e)pibouleu/wn	ἐπιβουλεύω	e)pibouleu/w	v-sppamn-
ἐπιδεικνύμενος	e)pideiknu/menos	ἐπιδείκνυμι	e)pidei/knumi	v-sppemn-
ἐπιδείκνυσο	e)pidei/knuso	ἐπιδείκνυμι	e)pidei/knumi	v2spme---
ἐπιδείκνυσο	e)pidei/knuso	ἐπιδείκνυμι	e)pidei/knumi	v2siie---
ἐπιπεσεῖν	e)pipesei=n	ἐπιπίπτω	e)pipi/ptw	v--ana---
ἐπιπεσούσης	e)pipesou/shs	ἐπιπίπτω	e)pipi/ptw	v-sapafg-
ἐπιτιθεῖσαι	e)pitiqei=sai	ἐπιτίθημι	e)piti/qhmi	v-pppafn-
ἐπιτιθεῖσαι	e)pitiqei=sai	ἐπιτίθημι	e)piti/qhmi	v-pppafv-
ἐποιεῖσθε	e)poiei=sqe	ἐποίζω	e)poi/zw	v2pfim---
ἐποιεῖσθε	e)poiei=sqe	ποιέω	poie/w	v2piie---
ἐποιούμεθα	e)poiou/meqa	ἐποίζω	e)poi/zw	v1pfim---
ἐποιούμεθα	e)poiou/meqa	ποιέω	poie/w	v1piie---
ἐποιούμεθα	e)poiou/meqa	ποιόω	poio/w	v1piie---
ἐποιοῦ	e)poiou=	ποιέω	poie/w	v2siie---
ἐποιοῦ	e)poiou=	ποιόω	poio/w	v2siie---
ἐποιοῦντο	e)poiou=nto	ποιέω	poie/w	v3piie---
ἐποιοῦντο	e)poiou=nto	ποιόω	poio/w	v3piie---
ἐπολιτεύετο	e)politeu/eto	πολιτεύω	politeu/w	v3siie---
ἐποίουν	e)poi/oun	ποιέω	poie/w	v3piia---
ἐποίουν	e)poi/oun	ποιέω	poie/w	v1siia---
ἐποίουν	e)poi/oun	ποιόω	poio/w	v3piia---
ἐποίουν	e)poi/oun	ποιόω	poio/w	v1siia---
ἐπυθόμεθα	e)puqo/meqa	πύθω	pu/qw	v1piip---
ἐπυθόμεθα	e)puqo/meqa	πυνθάνομαι	punqa/nomai	v1paim---
ἐπέμπετο	e)pe/mpeto	πέμπω	pe/mpw	v3siie---
ἐπέμποντο	e)pe/mponto	πέμπω	pe/mpw	v3piie---
ἐπέμφθη	e)pe/mfqh	πέμπω	pe/mpw	v3saip---
ἐπέμφθης	e)pe/mfqhs	πέμπω	pe/mpw	v2saip---
ἐπέμφθησαν	e)pe/mfqhsan	πέμπω	pe/mpw	v3paip---
ἐπέμψαμεν	e)pe/myamen	πέμπω	pe/mpw	v1paia---
ἐπέπαυτο	e)pe/pauto	παύω	pau/w	v3slie---
ἐπί	e)pi/	ἐπί	e)pi/	r--------
ἐπίδειξιν	e)pi/deicin	ἐπίδειξις	e)pi/deicis	n-s---fa-
ἐπίστασαι	e)pi/stasai	ἐφίστημι	e)fi/sthmi	v2spie---
ἐπίστασαι	e)pi/stasai	ἐφίστημι	e)fi/sthmi	v2samm---
ἐπίστασαι	e)pi/stasai	ἐπίσταμαι	e)pi/stamai	v2spie---
ἐπίστασαι	e)pi/stasai	ἐπιστάζω	e)pista/zw	v2samm---
ἐρεῖς	e)rei=s	ἐρέω	e)re/w	v2spia---
ἐρεῖς	e)rei=s	ἐρῶ	e)rw=	v2sfia---
ἐρησομένη	e)rhsome/nh	ἔρομαι	e)/romai	v-sfpmfn-
ἐρησομένη	e)rhsome/nh	ἔρομαι	e)/romai	v-sfpmfv-
ἐρησομένη	e)rhsome/nh	ἐράομαι	e)ra/omai	v-sfpefn-
ἐρησομένη	e)rhsome/nh	ἐράομαι	e)ra/omai	v-sfpefv-
ἐρησομένη	e)rhsome/nh	ἐρέομαι	e)re/omai	v-sfpefn-
ἐρησομένη	e)rhsome/nh	ἐρέομαι	e)re/omai	v-sfpefv-
ἐρησομένη	e)rhsome/nh	ἐρέω	e)re/w	v-sfpmfn-
ἐρησομένη	e)rhsome/nh	ἐρέω	e)re/w	v-sfpmfv-
ἐρωτήσας	e)rwth/sas	ἐρωτάω	e)rwta/w	v-sapamn-
ἐρωτήσας	e)rwth/sas	ἐρωτάω	e)rwta/w	v-sapamv-
ἐρωτώντων	e)rwtw/ntwn	ἐρωτάω	e)rwta/w	v-pppamg-
ἐρωτώντων	e)rwtw/ntwn	ἐρωτάω	e)rwta/w	v-pppang-
ἐρωτώντων	e)rwtw/ntwn	ἐρωτάω	e)rwta/w	v3ppma---
ἐρωτᾷς	e)rwta=|s	ἐρωτάω	e)rwta/w	v2spsa---
ἐρωτᾷς	e)rwta=|s	ἐρωτάω	e)rwta/w	v2spia---
ἐρωτῆσαι	e)rwth=sai	ἐρωτάω	e)rwta/w	v--ana---
ἐρωτῶ	e)rwtw=	ἐρωτάω	e)rwta/w	v2spme---
ἐρωτῶ	e)rwtw=	ἐρωτάω	e)rwta/w	v1spsa---
ἐρωτῶ	e)rwtw=	ἐρωτάω	e)rwta/w	v1spia---
ἐρωτῶ	e)rwtw=	ἐρωτάω	e)rwta/w	v1spsa---
ἐρωτῶ	e)rwtw=	ἐρωτάω	e)rwta/w	v1spia---
ἐρωτῶ	e)rwtw=	ἐρωτάω	e)rwta/w	v2siie---
ἐρωτῶμεν	e)rwtw=men	ἐρωτάω	e)rwta/w	v1ppsa---
ἐρωτῶμεν	e)rwtw=men	ἐρωτάω	e)rwta/w	v1ppia---
ἐρωτῶμεν	e)rwtw=men	ἐρωτάω	e)rwta/w	v1ppsa---
ἐρωτῶμεν	e)rwtw=men	ἐρωτάω	e)rwta/w	v1piia---
ἐρωτῶντος	e)rwtw=ntos	ἐρωτάω	e)rwta/w	v-sppamg-
ἐρωτῶντος	e)rwtw=ntos	ἐρωτάω	e)rwta/w	v-sppang-
ἐρώτα	e)rw/ta	ἐρωτάω	e)rwta/w	v2spma---
ἐρώτα	e)rw/ta	ἐρωτάω	e)rwta/w	v3siia---
ἐρώτησον	e)rw/thson	ἐρωτάω	e)rwta/w	v2sama---
ἐστε	e)ste	εἰμί	ei)mi/	v2ppia---
ἐστησάμεθα	e)sthsa/meqa	ἵστημι	i(/sthmi	v1paim---
ἐστι	e)sti	εἰμί	ei)mi/	v3spia---
ἐστίν	e)sti/n	εἰμί	ei)mi/	v3spia---
ἐσώθη	e)sw/qh	εἰσωθέω	ei)swqe/w	v3siia---
ἐσώθη	e)sw/qh	εἰσωθέω	ei)swqe/w	v2spma---
ἐσώθη	e)sw/qh	εἰσωθέω	ei)swqe/w	v3siia---
ἐσώθη	e)sw/qh	σώζω	sw/zw	v3saip---
ἐσῴζετο	e)sw/|zeto	σώζω	sw/zw	v3siie---
ἐσῴζοντο	e)sw/|zonto	σώζω	sw/zw	v3piie---
ἐτελεύτησε	e)teleu/thse	τελευτάω	teleuta/w	v3saia---
ἐτιμώμην	e)timw/mhn	τιμάω	tima/w	v1siie---
ἐτιμώμην	e)timw/mhn	τιμόω	timo/w	v1siie---
ἐτιμᾶσθε	e)tima=sqe	τιμάω	tima/w	v2piie---
ἐτιμῶντο	e)timw=nto	τιμάω	tima/w	v3piie---
ἐτιμῶντο	e)timw=nto	τιμόω	timo/w	v3piie---
ἐτρέπομεν	e)tre/pomen	τρέπω	tre/pw	v1piia---
ἐτάξαμεν	e)ta/camen	ἐτάζω	e)ta/zw	v1paia---
ἐτάξαμεν	e)ta/camen	τάσσω	ta/ssw	v1paia---
ἐτάττοντο	e)ta/ttonto	τάσσω	ta/ssw	v3piie---
ἐτάφη	e)ta/fh	θάπτω	qa/ptw	v3saip---
ἐτάχθης	e)ta/xqhs	ἐτάζω	e)ta/zw	v2saip---
ἐτάχθης	e)ta/xqhs	τάσσω	ta/ssw	v2saip---
ἐτίθει	e)ti/qei	τίθημι	ti/qhmi	v3siia---
ἐτίθει	e)ti/qei	τίθημι	ti/qhmi	v3siia---
ἐτίμων	e)ti/mwn	τιμάω	tima/w	v3piia---
ἐτίμων	e)ti/mwn	τιμάω	tima/w	v1siia---
ἐτίμων	e)ti/mwn	τιμόω	timo/w	v3piia---
ἐτίμων	e)ti/mwn	τιμόω	timo/w	v1siia---
ἐτύγχανόν	e)tu/gxano/n	τυγχάνω	tugxa/nw	v3piia---
ἐτύγχανόν	e)tu/gxano/n	τυγχάνω	tugxa/nw	v1siia---
ἐτύθη	e)tu/qh	θύω1	qu/w1	v3saip---
ἐφαίνετο	e)fai/neto	φαίνω	fai/nw	v3siie---
ἐφοβεῖσθε	e)fobei=sqe	φοβέω	fobe/w	v2piie---
ἐφοβοῦντο	e)fobou=nto	φοβέω	fobe/w	v3piie---
ἐφυλάξαμεν	e)fula/camen	φυλάσσω	fula/ssw	v1paia---
ἐφυλάξαμεν	e)fula/camen	φυλάζω	fula/zw	v1paia---
ἐφυλάττεσθε	e)fula/ttesqe	φυλάσσω	fula/ssw	v2piie---
ἐφυλάττετο	e)fula/tteto	φυλάσσω	fula/ssw	v3siie---
ἐφυλάττοντο	e)fula/ttonto	φυλάσσω	fula/ssw	v3piie---
ἐφυλάχθη	e)fula/xqh	φυλάσσω	fula/ssw	v3saip---
ἐφυλάχθη	e)fula/xqh	φυλάζω	fula/zw	v3saip---
ἐφυλάχθησαν	e)fula/xqhsan	φυλάσσω	fula/ssw	v3paip---
ἐφυλάχθησαν	e)fula/xqhsan	φυλάζω	fula/zw	v3paip---
ἐφίλει	e)fi/lei	φιλέω	file/w	v3siia---
ἐφίλησεν	e)fi/lhsen	φιλέω	file/w	v3saia---
ἐφύλαξαν	e)fu/lacan	φυλάσσω	fula/ssw	v3paia---
ἐφύλαξαν	e)fu/lacan	φυλάζω	fula/zw	v3paia---
ἐφύλαττες	e)fu/lattes	φυλάσσω	fula/ssw	v2siia---
ἐχθροί	e)xqroi/	ἐχθρός	e)xqro/s	a-p---mn-
ἐχθροί	e)xqroi/	ἐχθρός	e)xqro/s	a-p---mv-
ἐχθρούς	e)xqrou/s	ἐχθρός	e)xqro/s	a-p---ma-
ἐχθρῶν	e)xqrw=n	ἔχθρα	e)/xqra	n-p---fg-
ἐχθρῶν	e)xqrw=n	ἔχθρη	e)/xqrh	n-p---fg-
ἐχθρῶν	e)xqrw=n	ἐχθρός	e)xqro/s	a-p---fg-
ἐχθρῶν	e)xqrw=n	ἐχθρός	e)xqro/s	a-p---mg-
ἐχθρῶν	e)xqrw=n	ἐχθρός	e)xqro/s	a-p---ng-
ἐχθίστους	e)xqi/stous	ἔχθιστος	e)/xqistos	a-p---ma-
ἐχθίω	e)xqi/w	ἔσσομαι	e)/ssomai	v1sase---
ἐχθίω	e)xqi/w	ἐχθέω	e)xqe/w	v1spsa---
ἐχθίω	e)xqi/w	ἐχθέω	e)xqe/w	v1spia---
ἐχθίω	e)xqi/w	ἐχθίων	e)xqi/wn	a-p---na-
ἐχθίω	e)xqi/w	ἐχθίων	e)xqi/wn	a-p---nn-
ἐχθίω	e)xqi/w	ἐχθίων	e)xqi/wn	a-s---ma-
ἐχθίω	e)xqi/w	ἐχθίων	e)xqi/wn	a-s---fa-
ἐχουσῶν	e)xousw=n	ἔχω	e)/xw	v-pppafg-
ἐχόντων	e)xo/ntwn	ἔχω	e)/xw	v-pppamg-
ἐχόντων	e)xo/ntwn	ἔχω	e)/xw	v-pppang-
ἐχόντων	e)xo/ntwn	ἔχω	e)/xw	v3ppma---
ἐχόρευε	e)xo/reue	χορεύω	xoreu/w	v3siia---
ἐχόρευον	e)xo/reuon	χορεύω	xoreu/w	v3piia---
ἐχόρευον	e)xo/reuon	χορεύω	xoreu/w	v1siia---
ἐχόρευσαν	e)xo/reusan	χορεύω	xoreu/w	v3paia---
ἐάν	e)a/n	ἐάν	e)a/n	c--------
ἑαυτοῦ	e(autou=	ἑαυτοῦ	e(autou=	n-s---ng-
ἑαυτοῦ	e(autou=	ἑαυτοῦ	e(autou=	n-s---mg-
ἑαυτῶν	e(autw=n	ἑαυτοῦ	e(autou=	n-p---ng-
ἑαυτῶν	e(autw=n	ἑαυτοῦ	e(autou=	n-p---fg-
ἑαυτῶν	e(autw=n	ἑαυτοῦ	e(autou=	n-p---mg-
ἑαυτῷ	e(autw=|	ἑαυτοῦ	e(autou=	n-s---nd-
ἑαυτῷ	e(autw=|	ἑαυτοῦ	e(autou=	n-s---md-
ἑλεῖν	e(lei=n	αἱρέω	ai(re/w	v--ana---
ἑλεῖν	e(lei=n	αἱρέω	ai(re/w	v--fna---
ἑλοῦ	e(lou=	αἱρέω	ai(re/w	v2samm---
ἑλοῦσιν	e(lou=sin	αἱρέω	ai(re/w	v-papamd-
ἑλοῦσιν	e(lou=sin	αἱρέω	ai(re/w	v-papand-
ἑλοῦσιν	e(lou=sin	αἱρέω	ai(re/w	v-pfpamd-
ἑλοῦσιν	e(lou=sin	αἱρέω	ai(re/w	v-pfpand-
ἑλοῦσιν	e(lou=sin	αἱρέω	ai(re/w	v3pfia---
ἑλέσθαι	e(le/sqai	αἱρέω	ai(re/w	v--anm---
ἑλόντες	e(lo/ntes	αἱρέω	ai(re/w	v-papamn-
ἑλόντες	e(lo/ntes	αἱρέω	ai(re/w	v-papamv-
ἑλών	e(lw/n	αἱρέω	ai(re/w	v-sapamn-
ἑορτήν	e(orth/n	ἑορτή	e(orth/	n-s---fa-
ἑορτῆς	e(orth=s	ἑορτάζω	e(orta/zw	v2sfia---
ἑορτῆς	e(orth=s	ἑορτή	e(orth/	n-s---fg-
ἑορτῇ	e(orth=|	ἑορτάζω	e(orta/zw	v2sfim---
ἑορτῇ	e(orth=|	ἑορτάζω	e(orta/zw	v3sfia---
ἑορτῇ	e(orth=|	ἑορτή	e(orth/	n-s---fd-
ἑπομένη	e(pome/nh	ἕπομαι	e(/pomai	v-sppefn-
ἑπομένη	e(pome/nh	ἕπομαι	e(/pomai	v-sppefv-
ἑρμηνεῦσι	e(rmhneu=si	ἑρμηνεύς	e(rmhneu/s	n-p---md-
ἑρμηνέως	e(rmhne/ws	ἑρμηνεύς	e(rmhneu/s	n-s---mg-
ἑρμηνέως	e(rmhne/ws	ἑρμηνεύς	e(rmhneu/s	n-s---mg-
ἑρμηνέως	e(rmhne/ws	ἑρμηνεύς	e(rmhneu/s	n-s---mn-
ἑσπόμεθα	e(spo/meqa	ἕπομαι	e(/pomai	v1paim---
ἑστῶτας	e(stw=tas	ἵστημι	i(/sthmi	v-prpama-
ἑταίρους	e(tai/rous	ἑταῖρος	e(tai=ros	n-p---ma-
ἑταίρων	e(tai/rwn	ἑταῖρος	e(tai=ros	n-p---mg-
ἑταῖρε	e(tai=re	ἑταῖρος	e(tai=ros	n-s---mv-
ἑταῖρος	e(tai=ros	ἑταῖρος	e(tai=ros	n-s---mn-
ἑτέρων	e(te/rwn	ἕτερος	e(/teros	a-p---fg-
ἑτέρων	e(te/rwn	ἕτερος	e(/teros	a-p---mg-
ἑτέρων	e(te/rwn	ἕτερος	e(/teros	a-p---ng-
ἑτέρᾳ	e(te/ra|	ἕτερος	e(/teros	a-s---fd-
ἔβλαπτε	e)/blapte	βλάπτω	bla/ptw	v3siia---
ἔβλαπτον	e)/blapton	βλάπτω	bla/ptw	v3piia---
ἔβλαπτον	e)/blapton	βλάπτω	bla/ptw	v1siia---
ἔβλαψα	e)/blaya	βλάπτω	bla/ptw	v1saia---
ἔγραφες	e)/grafes	γράφω	gra/fw	v2siia---
ἔγραψεν	e)/grayen	γράφω	gra/fw	v3saia---
ἔγωγε	e)/gwge	ἐγώ	e)gw/	p-s---mn-
ἔγωγε	e)/gwge	ἐγώ	e)gw/	p-s---mv-
ἔγωγε	e)/gwge	ἐγώ	e)gw/	p-s---fn-
ἔγωγε	e)/gwge	ἐγώ	e)gw/	p-s---fv-
ἔδει	e)/dei	δέω1	de/w1	v3siia---
ἔδει	e)/dei	δέω2	de/w2	v3siia---
ἔδει	e)/dei	δεῖ	dei=	v3siia---
ἔδει	e)/dei	ἔδω	e)/dw	v2sfim---
ἔδει	e)/dei	ἔδω	e)/dw	v2spie---
ἔδει	e)/dei	ἔδω	e)/dw	v3spia---
ἔδει	e)/dei	ἐσθίω	e)sqi/w	v2sfim---
ἔδοξε	e)/doce	δοκέω	doke/w	v3saia---
ἔδοξέ	e)/doce/	δοκέω	doke/w	v3saia---
ἔδοσαν	e)/dosan	δίδωμι	di/dwmi	v3paia---
ἔδοσαν	e)/dosan	δίδωμι	di/dwmi	v3paia---
ἔθυεν	e)/quen	θύω1	qu/w1	v3siia---
ἔθυεν	e)/quen	θύω2	qu/w2	v3siia---
ἔθυες	e)/ques	θύω1	qu/w1	v2siia---
ἔθυες	e)/ques	θύω2	qu/w2	v2siia---
ἔθυον	e)/quon	θύω1	qu/w1	v3piia---
ἔθυον	e)/quon	θύω1	qu/w1	v1siia---
ἔθυον	e)/quon	θύω2	qu/w2	v3piia---
ἔθυον	e)/quon	θύω2	qu/w2	v1siia---
ἔθυσεν	e)/qusen	θύω1	qu/w1	v3saia---
ἔθυσεν	e)/qusen	θύω2	qu/w2	v3saia---
ἔκειντο	e)/keinto	κεῖμαι	kei=mai	v3piie---
ἔκλεψεν	e)/kleyen	ἐκλέπω	e)kle/pw	v3saia---
ἔκλεψεν	e)/kleyen	κλέπτω	kle/ptw	v3saia---
ἔλαθέ	e)/laqe/	λανθάνω	lanqa/nw	v3saia---
ἔλαθέ	e)/laqe/	λανθάνω	lanqa/nw	v3siia---
ἔλεγέν	e)/lege/n	λέγω1	le/gw1	v3paip---
ἔλεγέν	e)/lege/n	λέγω1	le/gw1	v3siia---
ἔλεγέν	e)/lege/n	λέγω2	le/gw2	v3siia---
ἔλεγέν	e)/lege/n	λέγω3	le/gw3	v3siia---
ἔλθετε	e)/lqete	ἔρχομαι	e)/rxomai	v2pasa---
ἔλθετε	e)/lqete	ἔρχομαι	e)/rxomai	v2pama---
ἔλθετε	e)/lqete	ἔρχομαι	e)/rxomai	v2paia---
ἔλθωμεν	e)/lqwmen	ἔρχομαι	e)/rxomai	v1pasa---
ἔλθωμεν	e)/lqwmen	ἔρχομαι	e)/rxomai	v1pasa---
ἔλθῃ	e)/lqh|	ἔρχομαι	e)/rxomai	v2sasm---
ἔλθῃ	e)/lqh|	ἔρχομαι	e)/rxomai	v3sasa---
ἔλθῃ	e)/lqh|	ἔρχομαι	e)/rxomai	v3sasa---
ἔλιπον	e)/lipon	λείπω	lei/pw	v3paia---
ἔλιπον	e)/lipon	λείπω	lei/pw	v1saia---
ἔλυον	e)/luon	ἐλύω	e)lu/w	v3piia---
ἔλυον	e)/luon	ἐλύω	e)lu/w	v1siia---
ἔλυον	e)/luon	λύω	lu/w	v3piia---
ἔλυον	e)/luon	λύω	lu/w	v1siia---
ἔλυον	e)/luon	λύω	lu/w	v3piia---
ἔλυον	e)/luon	λύω	lu/w	v1siia---
ἔλυσαν	e)/lusan	ἐλύω	e)lu/w	v3paia---
ἔλυσαν	e)/lusan	λύω	lu/w	v3paia---
ἔμενον	e)/menon	μένω	me/nw	v3piia---
ἔμενον	e)/menon	μένω	me/nw	v1siia---
ἔμοιγε	e)/moige	ἐγώ	e)gw/	p-s---md-
ἔμοιγε	e)/moige	ἐγώ	e)gw/	p-s---fd-
ἔν	e)/n	ἐν	e)n	r--------
ἔν	e)/n	εἰμί	ei)mi/	v3piia---
ἔν	e)/n	εἰς	ei)s	r--------
ἔξελθε	e)/celqe	ἐξέρχομαι	e)ce/rxomai	v2sama---
ἔξελθε	e)/celqe	ἐξέρχομαι	e)ce/rxomai	v3saia---
ἔξελθε	e)/celqe	ἐξέρχομαι	e)ce/rxomai	v3saia---
ἔξεστι	e)/cesti	ἔξεστι	e)/cesti	v3spia---
ἔπειθον	e)/peiqon	πείθω	pei/qw	v3piia---
ἔπειθον	e)/peiqon	πείθω	pei/qw	v1siia---
ἔπειτα	e)/peita	ἔπειτα	e)/peita	d--------
ἔπεμπες	e)/pempes	πέμπω	pe/mpw	v2siia---
ἔπεμπον	e)/pempon	πέμπω	pe/mpw	v3piia---
ἔπεμπον	e)/pempon	πέμπω	pe/mpw	v1siia---
ἔπεμψαν	e)/pemyan	πέμπω	pe/mpw	v3paia---
ἔπεμψας	e)/pemyas	πέμπω	pe/mpw	v2saia---
ἔπεμψεν	e)/pemyen	πέμπω	pe/mpw	v3saia---
ἔπεσιν	e)/pesin	ἔπος	e)/pos	n-p---nd-
ἔπη	e)/ph	ἔπος	e)/pos	n-p---nn-
ἔπη	e)/ph	ἔπος	e)/pos	n-p---nv-
ἔπη	e)/ph	ἔπος	e)/pos	n-p---na-
ἔπη	e)/ph	ἔπος	e)/pos	n-d---nn-
ἔπη	e)/ph	ἔπος	e)/pos	n-d---nv-
ἔπη	e)/ph	ἔπος	e)/pos	n-d---na-
ἔπραττεν	e)/pratten	πράσσω	pra/ssw	v3siia---
ἔπραττεν·	e)/pratten:	πράσσω	pra/ssw	v3siia---
ἔπραττες	e)/prattes	πράσσω	pra/ssw	v2siia---
ἔργα	e)/rga	ἔργον	e)/rgon	n-p---nn-
ἔργα	e)/rga	ἔργον	e)/rgon	n-p---nv-
ἔργα	e)/rga	ἔργον	e)/rgon	n-p---na-
ἔργοις	e)/rgois	ἔργον	e)/rgon	n-p---nd-
ἔργων	e)/rgwn	ἔργνυμι	e)/rgnumi	v-sppamn-
ἔργων	e)/rgwn	ἔργον	e)/rgon	n-p---ng-
ἔργῳ	e)/rgw|	ἔργον	e)/rgon	n-s---nd-
ἔροιτο	e)/roito	ἔρομαι	e)/romai	v3saom---
ἔρωτα	e)/rwta	ἔρως	e)/rws	n-s---ma-
ἔρωτί	e)/rwti/	ἔρως	e)/rws	n-s----d-
ἔρωτί	e)/rwti/	ἔρως	e)/rws	n-s---md-
ἔσεσθαί	e)/sesqai/	εἰμί	ei)mi/	v--fnm---
ἔσονται	e)/sontai	εἰμί	ei)mi/	v3pfim---
ἔσται	e)/stai	εἰμί	ei)mi/	v3sfim---
ἔστε	e)/ste	ἔστε	e)/ste	c--------
ἔστε	e)/ste	εἰμί	ei)mi/	v2ppia---
ἔστε	e)/ste	εἰμί	ei)mi/	v2ppma---
ἔστημεν	e)/sthmen	ἵστημι	i(/sthmi	v1paia---
ἔστι	e)/sti	εἰμί	ei)mi/	v3spia---
ἔστιν	e)/stin	εἰμί	ei)mi/	v3spia---
ἔσωσας	e)/swsas	εἰσωθέω	ei)swqe/w	v2saia---
ἔσωσας	e)/swsas	σώζω	sw/zw	v2saia---
ἔσῃ	e)/sh|	εἰμί	ei)mi/	v2sfim---
ἔσῃ	e)/sh|	εἰσίημι	ei)si/hmi	v2sasm---
ἔτι	e)/ti	ἔτι	e)/ti	d--------
ἔτυχεν	e)/tuxen	τυγχάνω	tugxa/nw	v3saia---
ἔφατε	e)/fate	φημί	fhmi/	v2piia---
ἔφατέ	e)/fate/	φημί	fhmi/	v2piia---
ἔφησθα	e)/fhsqa	φημί	fhmi/	v2siia---
ἔφησθά	e)/fhsqa/	φημί	fhmi/	v2siia---
ἔφησάν	e)/fhsa/n	φημί	fhmi/	v3paia---
ἔφθης	e)/fqhs	φθάνω	fqa/nw	v2saia---
ἔφυγες	e)/fuges	φεύγω	feu/gw	v2saia---
ἔχαιρον	e)/xairon	χαίρω	xai/rw	v3piia---
ἔχαιρον	e)/xairon	χαίρω	xai/rw	v1siia---
ἔχειν	e)/xein	ἔχω	e)/xw	v--pna---
ἔχοντες	e)/xontes	ἔχω	e)/xw	v-pppamn-
ἔχοντες	e)/xontes	ἔχω	e)/xw	v-pppamv-
ἕκαστος	e(/kastos	ἕκαστος	e(/kastos	a-s---mn-
ἕλωμεν	e(/lwmen	αἱρέω	ai(re/w	v1pasa---
ἕλωμεν	e(/lwmen	αἱρέω	ai(re/w	v1pasa---
ἕνεκα	e(/neka	ἕνεκα	e(/neka	r--------
ἕξ	e(/c	ἕξ	e(/c	m--------
ἕποιντο	e(/pointo	ἕπομαι	e(/pomai	v3ppoe---
ἕσταμέν	e(/stame/n	ἵστημι	i(/sthmi	v1plia---
ἕσταμέν	e(/stame/n	ἵστημι	i(/sthmi	v1pria---
ἕστηκε	e(/sthke	ἵστημι	i(/sthmi	v2srma---
ἕστηκε	e(/sthke	ἵστημι	i(/sthmi	v3sria---
ἕτεροι	e(/teroi	ἕτερος	e(/teros	a-p---mn-
ἕτεροι	e(/teroi	ἕτερος	e(/teros	a-p---mv-
ἕως	e(/ws	ἕως	e(/ws	c--------
ἕως	e(/ws	ἠώς	h)w/s	n-p---fa-
ἕως	e(/ws	ἠώς	h)w/s	n-p---fn-
ἕως	e(/ws	ἠώς	h)w/s	n-p---fv-
ἕως	e(/ws	ἠώς	h)w/s	n-s---fg-
ἕως	e(/ws	ἠώς	h)w/s	n-s---fn-
Ἑλλήνων	*(ellh/nwn	Ἕλλην	*(/ellhn	n-p---mg-
Ἑλλήνων	*(ellh/nwn	Ἕλλην	*(/ellhn	n-p---fg-
Ἕλληνας	*(/ellhnas	Ἕλλην	*(/ellhn	n-p---ma-
Ἕλληνας	*(/ellhnas	Ἕλλην	*(/ellhn	n-p---fa-
Ἕλληνες	*(/ellhnes	Ἕλλην	*(/ellhn	n-p---mn-
Ἕλληνες	*(/ellhnes	Ἕλλην	*(/ellhn	n-p---mv-
Ἕλληνες	*(/ellhnes	Ἕλλην	*(/ellhn	n-p---fn-
Ἕλληνες	*(/ellhnes	Ἕλλην	*(/ellhn	n-p---fv-
Ἕλλησιν	*(/ellhsin	Ἕλλην	*(/ellhn	n-p---md-
Ἕλλησιν	*(/ellhsin	Ἕλλην	*(/ellhn	n-p---fd-
ἠδικεῖτο	h)dikei=to	ἀδικέω	a)dike/w	v3siie---
ἠδικηκότας	h)dikhko/tas	ἀδικέω	a)dike/w	v-prpama-
ἠδίκουν	h)di/koun	ἀδικέω	a)dike/w	v3piia---
ἠδίκουν	h)di/koun	ἀδικέω	a)dike/w	v1siia---
ἠθελήκασιν	h)qelh/kasin	ἐθέλω	e)qe/lw	v3pria---
ἠθέλησεν	h)qe/lhsen	ἐθέλω	e)qe/lw	v3saia---
ἠκούσαμεν	h)kou/samen	ἀκούω	a)kou/w	v1paia---
ἠξιώθης	h)ciw/qhs	ἀξιόω	a)cio/w	v2saip---
ἠξιώθης	h)ciw/qhs	ἐξιόω	e)cio/w	v2saip---
ἠξίου	h)ci/ou	ἀξιόω	a)cio/w	v3siia---
ἠξίου	h)ci/ou	ἐξιόω	e)cio/w	v3siia---
ἠρωτήσαμεν	h)rwth/samen	ἐρωτάω	e)rwta/w	v1paia---
ἠρωτᾶτε	h)rwta=te	ἐρωτάω	e)rwta/w	v2piia---
ἠρωτῶμεν	h)rwtw=men	ἐρωτάω	e)rwta/w	v1piia---
ἠρώτα	h)rw/ta	ἐρωτάω	e)rwta/w	v3siia---
ἠρώτων	h)rw/twn	ἐρωτάω	e)rwta/w	v3piia---
ἠρώτων	h)rw/twn	ἐρωτάω	e)rwta/w	v1siia---
ἡ	h(	ὁ	o(	l-s---fn-
ἡ	h(	ὁ	o(	l-s---fv-
ἡγεμόνες	h(gemo/nes	ἡγεμών	h(gemw/n	n-p---mn-
ἡγεμόνες	h(gemo/nes	ἡγεμών	h(gemw/n	n-p---mv-
ἡγεμόνες	h(gemo/nes	ἡγεμών	h(gemw/n	n-p---fn-
ἡγεμόνες	h(gemo/nes	ἡγεμών	h(gemw/n	n-p---fv-
ἡγεμόνος	h(gemo/nos	ἡγεμών	h(gemw/n	n-s---mg-
ἡγεμόνος	h(gemo/nos	ἡγεμών	h(gemw/n	n-s---fg-
ἡγεμών	h(gemw/n	ἡγεμών	h(gemw/n	n-s---mn-
ἡγεμών	h(gemw/n	ἡγεμών	h(gemw/n	n-s---mv-
ἡγεμών	h(gemw/n	ἡγεμών	h(gemw/n	n-s---fn-
ἡγεμών	h(gemw/n	ἡγεμών	h(gemw/n	n-s---fv-
ἡγεῖ	h(gei=	ἡγέομαι	h(ge/omai	v2spim---
ἡγεῖσθαι	h(gei=sqai	ἡγέομαι	h(ge/omai	v--pnm---
ἡδίω	h(di/w	ἡδύς	h(du/s	a-p---na-
ἡδίω	h(di/w	ἡδύς	h(du/s	a-p---nn-
ἡδίω	h(di/w	ἡδύς	h(du/s	a-s---ma-
ἡδίω	h(di/w	ἡδύς	h(du/s	a-s---fa-
ἡδύ	h(du/	ἡδύς	h(du/s	a-s---mv-
ἡδύ	h(du/	ἡδύς	h(du/s	a-s---nn-
ἡδύ	h(du/	ἡδύς	h(du/s	a-s---nv-
ἡδύ	h(du/	ἡδύς	h(du/s	a-s---na-
ἡδύ	h(du/	ἡδύς	h(du/s	n-s---mv-
ἡδύ	h(du/	ἡδύς	h(du/s	n-s---nn-
ἡδύ	h(du/	ἡδύς	h(du/s	n-s---nv-
ἡδύ	h(du/	ἡδύς	h(du/s	n-s---na-
ἡδύν	h(du/n	ἡδύς	h(du/s	a-s---ma-
ἡδύν	h(du/n	ἡδύς	h(du/s	n-s---ma-
ἡμαρτηκόσιν	h(marthko/sin	ἁμαρτάνω	a(marta/nw	v-prpamd-
ἡμαρτηκόσιν	h(marthko/sin	ἁμαρτάνω	a(marta/nw	v-prpand-
ἡμαρτηκόσιν	h(marthko/sin	ἁμαρτέω	a(marte/w	v-prpamd-
ἡμαρτηκόσιν	h(marthko/sin	ἁμαρτέω	a(marte/w	v-prpand-
ἡμερῶν	h(merw=n	ἡμέρα	h(me/ra	n-p---fg-
ἡμερῶν	h(merw=n	ἡμερόω	h(mero/w	v-sppamv-
ἡμερῶν	h(merw=n	ἡμερόω	h(mero/w	v-sppann-
ἡμερῶν	h(merw=n	ἡμερόω	h(mero/w	v-sppanv-
ἡμερῶν	h(merw=n	ἡμερόω	h(mero/w	v-sppana-
ἡμερῶν	h(merw=n	ἡμερόω	h(mero/w	v-sppamn-
ἡμερῶν	h(merw=n	ἡμερόω	h(mero/w	v--pna---
ἡμετέρα	h(mete/ra	ἡμέτερος	h(me/teros	a-d---fn-
ἡμετέρα	h(mete/ra	ἡμέτερος	h(me/teros	a-d---fv-
ἡμετέρα	h(mete/ra	ἡμέτερος	h(me/teros	a-d---fa-
ἡμετέρα	h(mete/ra	ἡμέτερος	h(me/teros	a-s---fn-
ἡμετέρα	h(mete/ra	ἡμέτερος	h(me/teros	a-s---fv-
ἡμετέραν	h(mete/ran	ἡμέτερος	h(me/teros	a-s---fa-
ἡμετέρας	h(mete/ras	ἡμέτερος	h(me/teros	a-p---fa-
ἡμετέρας	h(mete/ras	ἡμέτερος	h(me/teros	a-s---fg-
ἡμετέρους	h(mete/rous	ἡμέτερος	h(me/teros	a-p---ma-
ἡμετέρων	h(mete/rwn	ἡμέτερος	h(me/teros	a-p---fg-
ἡμετέρων	h(mete/rwn	ἡμέτερος	h(me/teros	a-p---mg-
ἡμετέρων	h(mete/rwn	ἡμέτερος	h(me/teros	a-p---ng-
ἡμεῖς	h(mei=s	ἐγώ	e)gw/	p-p---mn-
ἡμεῖς	h(mei=s	ἐγώ	e)gw/	p-p---mv-
ἡμεῖς	h(mei=s	ἐγώ	e)gw/	p-p---fn-
ἡμεῖς	h(mei=s	ἐγώ	e)gw/	p-p---fv-
ἡμέρα	h(me/ra	ἥμερος	h(/meros	a-d---fn-
ἡμέρα	h(me/ra	ἥμερος	h(/meros	a-d---fv-
ἡμέρα	h(me/ra	ἥμερος	h(/meros	a-d---fa-
ἡμέρα	h(me/ra	ἥμερος	h(/meros	a-s---fn-
ἡμέρα	h(me/ra	ἥμερος	h(/meros	a-s---fv-
ἡμέρα	h(me/ra	ἡμέρα	h(me/ra	n-d---fn-
ἡμέρα	h(me/ra	ἡμέρα	h(me/ra	n-d---fv-
ἡμέρα	h(me/ra	ἡμέρα	h(me/ra	n-d---fa-
ἡμέρα	h(me/ra	ἡμέρα	h(me/ra	n-s---fn-
ἡμέρα	h(me/ra	ἡμέρα	h(me/ra	n-s---fv-
ἡμέραις	h(me/rais	ἥμερος	h(/meros	a-p---fd-
ἡμέραις	h(me/rais	ἡμέρα	h(me/ra	n-p---fd-
ἡμέρας	h(me/ras	ἥμερος	h(/meros	a-p---fa-
ἡμέρας	h(me/ras	ἥμερος	h(/meros	a-s---fg-
ἡμέρας	h(me/ras	ἡμέρα	h(me/ra	n-p---fa-
ἡμέρας	h(me/ras	ἡμέρα	h(me/ra	n-s---fg-
ἡμέρᾳ	h(me/ra|	ἥμερος	h(/meros	a-s---fd-
ἡμέρᾳ	h(me/ra|	ἡμέρα	h(me/ra	n-p---fn-
ἡμέρᾳ	h(me/ra|	ἡμέρα	h(me/ra	n-p---fv-
ἡμέρᾳ	h(me/ra|	ἡμέρα	h(me/ra	n-s---fd-
ἡμᾶς	h(ma=s	ἐγώ	e)gw/	p-p---ma-
ἡμᾶς	h(ma=s	ἐγώ	e)gw/	p-p---fa-
ἡμᾶς	h(ma=s	ἡμός	h(mo/s	a-s---fg-
ἡμῖν	h(mi=n	ἐγώ	e)gw/	p-p---md-
ἡμῖν	h(mi=n	ἐγώ	e)gw/	p-p---fd-
ἡμῶν	h(mw=n	ἐγώ	e)gw/	p-p---mg-
ἡμῶν	h(mw=n	ἐγώ	e)gw/	p-p---fg-
ἡμῶν	h(mw=n	ἡμός	h(mo/s	a-p---fg-
ἡμῶν	h(mw=n	ἡμός	h(mo/s	a-p---mg-
ἡμῶν	h(mw=n	ἡμός	h(mo/s	a-p---ng-
ἤ	h)/	ἤ1	h)/1	c--------
ἤ	h)/	ἤ2	h)/2	x--------
ἤγαγον	h)/gagon	ἄγω	a)/gw	v3paia---
ἤγαγον	h)/gagon	ἄγω	a)/gw	v1saia---
ἤγγειλαν	h)/ggeilan	ἀγγέλλω	a)gge/llw	v3paia---
ἤγγειλεν	h)/ggeilen	ἀγγέλλω	a)gge/llw	v3saia---
ἤγγειλάς	h)/ggeila/s	ἀγγέλλω	a)gge/llw	v2saia---
ἤγομεν	h)/gomen	ἄγω	a)/gw	v1piia---
ἤθελε	h)/qele	ἐθέλω	e)qe/lw	v3siia---
ἤθελεν	h)/qelen	ἐθέλω	e)qe/lw	v3siia---
ἤθελον	h)/qelon	ἐθέλω	e)qe/lw	v3piia---
ἤθελον	h)/qelon	ἐθέλω	e)qe/lw	v1siia---
ἤκουσαν	h)/kousan	ἀκούω	a)kou/w	v3paia---
ἤκουσας	h)/kousas	ἀκούω	a)kou/w	v2saia---
ἤκουόν	h)/kouo/n	ἀκούω	a)kou/w	v3piia---
ἤκουόν	h)/kouo/n	ἀκούω	a)kou/w	v1siia---
ἤλθετ’	h)/lqet'	ἄλθομαι	a)/lqomai	v3siie---
ἤλθετ’	h)/lqet'	ἔρχομαι	e)/rxomai	v2paia---
ἤρχετέ	h)/rxete/	ἄρχω	a)/rxw	v2plia---
ἤρχετέ	h)/rxete/	ἄρχω	a)/rxw	v2prma---
ἤρχετέ	h)/rxete/	ἄρχω	a)/rxw	v2piia---
ἤρχομεν	h)/rxomen	ἄρχω	a)/rxw	v1piia---
ἤρχοντο	h)/rxonto	ἄρχω	a)/rxw	v3piie---
ἤρχοντο	h)/rxonto	ἔρχομαι	e)/rxomai	v3piie---
ἥ	h(/	ὁ	o(	l-s---fn-
ἥ	h(/	ὁ	o(	l-s---fv-
ἥ	h(/	ὅς	o(/s	p-s---fn-
ἥδιστον	h(/diston	ἡδύς	h(du/s	a-s---ma-
ἥδιστον	h(/diston	ἡδύς	h(du/s	a-s---nn-
ἥδιστον	h(/diston	ἡδύς	h(du/s	a-s---nv-
ἥδιστον	h(/diston	ἡδύς	h(du/s	a-s---na-
ἥκει	h(/kei	ἥκω	h(/kw	v2spie---
ἥκει	h(/kei	ἥκω	h(/kw	v3spia---
ἥκεις	h(/keis	ἥκω	h(/kw	v2spia---
ἥκεν	h(/ken	ἥκω	h(/kw	v--pna---
ἥκομεν	h(/komen	ἥκω	h(/kw	v1piia---
ἥκομεν	h(/komen	ἥκω	h(/kw	v1ppia---
ἥκομεν	h(/komen	ἥκω	h(/kw	v1piia---
ἥκοντας	h(/kontas	ἥκω	h(/kw	v-pppama-
ἥκοντος	h(/kontos	ἥκω	h(/kw	v-sppamg-
ἥκοντος	h(/kontos	ἥκω	h(/kw	v-sppang-
ἥκοντές	h(/konte/s	ἥκω	h(/kw	v-pppamn-
ἥκοντές	h(/konte/s	ἥκω	h(/kw	v-pppamv-
ἥκουσι	h(/kousi	ἥκω	h(/kw	v-pppamd-
ἥκουσι	h(/kousi	ἥκω	h(/kw	v-pppand-
ἥκουσι	h(/kousi	ἥκω	h(/kw	v3ppia---
ἥκων	h(/kwn	ἥκω	h(/kw	v-sppamn-
ἥκωσι	h(/kwsi	ἥκω	h(/kw	v3ppsa---
ἥξεις	h(/ceis	ἥκω	h(/kw	v2sasa---
ἥξεις	h(/ceis	ἥκω	h(/kw	v2sfia---
ἥξετ’	h(/cet'	ἥκω	h(/kw	v2pasa---
ἥξετ’	h(/cet'	ἥκω	h(/kw	v2pfia---
ἥξετ’	h(/cet'	ἥκω	h(/kw	v3sasm---
ἥξετ’	h(/cet'	ἥκω	h(/kw	v3sfim---
ἥξουσιν	h(/cousin	ἥκω	h(/kw	v3pasa---
ἥξουσιν	h(/cousin	ἥκω	h(/kw	v-pfpamd-
ἥξουσιν	h(/cousin	ἥκω	h(/kw	v-pfpand-
ἥξουσιν	h(/cousin	ἥκω	h(/kw	v3pfia---
ἥττονος	h(/ttonos	ἥσσων	h(/sswn	a-s----g-
ἥττους	h(/ttous	ἥσσων	h(/sswn	a-p---mn-
ἥττους	h(/ttous	ἥσσων	h(/sswn	a-p---ma-
ἥττους	h(/ttous	ἥσσων	h(/sswn	a-p---fn-
ἥττους	h(/ttous	ἥσσων	h(/sswn	a-p---fa-
ἥττους	h(/ttous	ἥσσων	h(/sswn	a-p---ma-
ἥττους	h(/ttous	ἥσσων	h(/sswn	a-p---fa-
ἥττω	h(/ttw	ἥσσων	h(/sswn	a-p---na-
ἥττω	h(/ttw	ἥσσων	h(/sswn	a-p---nn-
ἥττω	h(/ttw	ἥσσων	h(/sswn	a-s---ma-
ἥττω	h(/ttw	ἥσσων	h(/sswn	a-s---fa-
ἦγε	h)=ge	ἄγω	a)/gw	v3siia---
ἦγεν	h)=gen	ἄγω	a)/gw	v3siia---
ἦγεν	h)=gen	ἔσσομαι	e)/ssomai	v3paie---
ἦλθον	h)=lqon	ἔρχομαι	e)/rxomai	v3paia---
ἦλθον	h)=lqon	ἔρχομαι	e)/rxomai	v1saia---
ἦμεν	h)=men	εἰμί	ei)mi/	v1piia---
ἦν	h)=n	εἰμί	ei)mi/	v1siia---
ἦν	h)=n	εἰμί	ei)mi/	v3piia---
ἦν	h)=n	εἰμί	ei)mi/	v3siia---
ἦν	h)=n	ἠμί	h)mi/	v1siia---
ἦρξε	h)=rce	ἄρχω	a)/rxw	v3saia---
ἦρξε	h)=rce	ἔρδω	e)/rdw	v3saia---
ἦρχον	h)=rxon	ἄρχω	a)/rxw	v3piia---
ἦρχον	h)=rxon	ἄρχω	a)/rxw	v1siia---
ἦσαν	h)=san	εἰμί	ei)mi/	v3piia---
ἧκεν	h(=ken	ἥκω	h(/kw	v3siia---
ἧκεν	h(=ken	ἥκω	h(/kw	v3siia---
ἧκεν	h(=ken	ἵημι	i(/hmi	v3saia---
ἧκεν	h(=ken	ἵημι	i(/hmi	v3saia---
ἧκόν	h(=ko/n	ἥκω	h(/kw	v3piia---
ἧκόν	h(=ko/n	ἥκω	h(/kw	v1siia---
ἧκόν	h(=ko/n	ἥκω	h(/kw	v-sppamv-
ἧκόν	h(=ko/n	ἥκω	h(/kw	v-sppann-
ἧκόν	h(=ko/n	ἥκω	h(/kw	v-sppanv-
ἧκόν	h(=ko/n	ἥκω	h(/kw	v-sppana-
ἧκόν	h(=ko/n	ἥκω	h(/kw	v3piia---
ἧκόν	h(=ko/n	ἥκω	h(/kw	v1siia---
ἰδοῦσα	i)dou=sa	εἶδον	ei)=don	v-sapafn-
ἰδοῦσα	i)dou=sa	εἶδον	ei)=don	v-sapafv-
ἰδοῦσα	i)dou=sa	ἰδέω	i)de/w	v-sppafn-
ἰδοῦσα	i)dou=sa	ἰδέω	i)de/w	v-sppafv-
ἰδόντα	i)do/nta	εἶδον	ei)=don	v-papann-
ἰδόντα	i)do/nta	εἶδον	ei)=don	v-papanv-
ἰδόντα	i)do/nta	εἶδον	ei)=don	v-papana-
ἰδόντα	i)do/nta	εἶδον	ei)=don	v-sapama-
ἰδών	i)dw/n	εἶδον	ei)=don	v-sapamn-
ἱερεύς	i(ereu/s	ἱερεύς	i(ereu/s	n-s---mn-
ἱερεῖς	i(erei=s	ἱερεύς	i(ereu/s	n-p---ma-
ἱερεῖς	i(erei=s	ἱερεύς	i(ereu/s	n-p---mn-
ἱερεῖς	i(erei=s	ἱερεύς	i(ereu/s	n-p---mv-
ἱερεῦ	i(ereu=	ἱεράομαι	i(era/omai	v2siie---
ἱερεῦ	i(ereu=	ἱεράομαι	i(era/omai	v2spme---
ἱερεῦ	i(ereu=	ἱεράομαι	i(era/omai	v2siie---
ἱερεῦ	i(ereu=	ἱερεύς	i(ereu/s	n-s---mv-
ἱεροῦ	i(erou=	ἱεράομαι	i(era/omai	v2siie---
ἱεροῦ	i(erou=	ἱεράομαι	i(era/omai	v2spme---
ἱεροῦ	i(erou=	ἱερόν	i(ero/n	n-s---ng-
ἱεροῦ	i(erou=	ἱερός	i(ero/s	a-s---mg-
ἱεροῦ	i(erou=	ἱερός	i(ero/s	a-s---ng-
ἱεροῦ	i(erou=	ἱερός	i(ero/s	n-s---mg-
ἱεροῦ	i(erou=	ἱερός	i(ero/s	n-s---fg-
ἱεροῦ	i(erou=	ἱερός	i(ero/s	n-s---ng-
ἱεροῦ	i(erou=	ἱερόω	i(ero/w	v2siie---
ἱεροῦ	i(erou=	ἱερόω	i(ero/w	v2spme---
ἱεροῦ	i(erou=	ἱερόω	i(ero/w	v2siie---
ἱεράν	i(era/n	ἱερά	i(era/	n-s---fa-
ἱεράν	i(era/n	ἱερή	i(erh/	n-s---fa-
ἱεράν	i(era/n	ἱερός	i(ero/s	a-s---fa-
ἱερέας	i(ere/as	ἱέρεια	i(e/reia	n-p---fa-
ἱερέας	i(ere/as	ἱέρεια	i(e/reia	n-s---fg-
ἱερέας	i(ere/as	ἱερεύς	i(ereu/s	n-p---ma-
ἱερέως	i(ere/ws	ἱερεύς	i(ereu/s	n-s---mg-
ἱερέως	i(ere/ws	ἱερεύς	i(ereu/s	n-s---mg-
ἱερέως	i(ere/ws	ἱερεύς	i(ereu/s	n-s---mn-
ἱερόν	i(ero/n	ἱερόν	i(ero/n	n-s---nn-
ἱερόν	i(ero/n	ἱερόν	i(ero/n	n-s---nv-
ἱερόν	i(ero/n	ἱερόν	i(ero/n	n-s---na-
ἱερόν	i(ero/n	ἱερός	i(ero/s	a-s---ma-
ἱερόν	i(ero/n	ἱερός	i(ero/s	a-s---nn-
ἱερόν	i(ero/n	ἱερός	i(ero/s	a-s---nv-
ἱερόν	i(ero/n	ἱερός	i(ero/s	a-s---na-
ἱερόν	i(ero/n	ἱερός	i(ero/s	n-s---ma-
ἱερόν	i(ero/n	ἱερός	i(ero/s	n-s---fa-
ἱερόν	i(ero/n	ἱερός	i(ero/s	n-s---nn-
ἱερόν	i(ero/n	ἱερός	i(ero/s	n-s---nv-
ἱερόν	i(ero/n	ἱερός	i(ero/s	n-s---na-
ἱερῷ	i(erw=|	ἱεράζω	i(era/zw	v3sfoa---
ἱερῷ	i(erw=|	ἱερόν	i(ero/n	n-s---nd-
ἱερῷ	i(erw=|	ἱερός	i(ero/s	a-s---md-
ἱερῷ	i(erw=|	ἱερός	i(ero/s	a-s---nd-
ἱερῷ	i(erw=|	ἱερός	i(ero/s	n-s---md-
ἱερῷ	i(erw=|	ἱερός	i(ero/s	n-s---fd-
ἱερῷ	i(erw=|	ἱερός	i(ero/s	n-s---nd-
ἱκανοί	i(kanoi/	ἱκανός	i(kano/s	a-p---mn-
ἱκανοί	i(kanoi/	ἱκανός	i(kano/s	a-p---mv-
ἱκανοί	i(kanoi/	ἱκανόω	i(kano/w	v2spse---
ἱκανοί	i(kanoi/	ἱκανόω	i(kano/w	v2spie---
ἱκανοί	i(kanoi/	ἱκανόω	i(kano/w	v3spsa---
ἱκανά	i(kana/	ἱκανός	i(kano/s	a-p---nn-
ἱκανά	i(kana/	ἱκανός	i(kano/s	a-p---nv-
ἱκανά	i(kana/	ἱκανός	i(kano/s	a-p---na-
ἱκανά	i(kana/	ἱκανός	i(kano/s	a-d---fn-
ἱκανά	i(kana/	ἱκανός	i(kano/s	a-d---fv-
ἱκανά	i(kana/	ἱκανός	i(kano/s	a-d---fa-
ἱκανά	i(kana/	ἱκανός	i(kano/s	a-s---fn-
ἱκανά	i(kana/	ἱκανός	i(kano/s	a-s---fv-
ἱκανή	i(kanh/	ἱκανός	i(kano/s	a-s---fn-
ἱκανή	i(kanh/	ἱκανός	i(kano/s	a-s---fv-
ἱκανόν	i(kano/n	ἱκανός	i(kano/s	a-s---ma-
ἱκανόν	i(kano/n	ἱκανός	i(kano/s	a-s---nn-
ἱκανόν	i(kano/n	ἱκανός	i(kano/s	a-s---nv-
ἱκανόν	i(kano/n	ἱκανός	i(kano/s	a-s---na-
ἱκανός	i(kano/s	ἱκανός	i(kano/s	a-s---mn-
ἱππεῖς	i(ppei=s	ἱππεύς	i(ppeu/s	n-p---ma-
ἱππεῖς	i(ppei=s	ἱππεύς	i(ppeu/s	n-p---mn-
ἱππεῖς	i(ppei=s	ἱππεύς	i(ppeu/s	n-p---mv-
ἱππέας	i(ppe/as	ἱππεύς	i(ppeu/s	n-p---ma-
ἱππέων	i(ppe/wn	ἱππεύς	i(ppeu/s	n-p---mg-
ἱππέων	i(ppe/wn	ἱππεύς	i(ppeu/s	n-p---mg-
ἱππέως	i(ppe/ws	ἱππεύς	i(ppeu/s	n-s---mg-
ἱππέως	i(ppe/ws	ἱππεύς	i(ppeu/s	n-s---mg-
ἱππέως	i(ppe/ws	ἱππεύς	i(ppeu/s	n-s---mn-
ἱστάμενοι	i(sta/menoi	ἵστημι	i(/sthmi	v-pppemn-
ἱστάμενοι	i(sta/menoi	ἵστημι	i(/sthmi	v-pppemv-
ἱστάμενοι	i(sta/menoi	ἱστάω	i(sta/w	v-pppemn-
ἱστάμενοι	i(sta/menoi	ἱστάω	i(sta/w	v-pppemv-
ἱστάντων	i(sta/ntwn	ἵστημι	i(/sthmi	v-pppamg-
ἱστάντων	i(sta/ntwn	ἵστημι	i(/sthmi	v-pppang-
ἱστάντων	i(sta/ntwn	ἵστημι	i(/sthmi	v3ppma---
ἱστάντων	i(sta/ntwn	ἱστάω	i(sta/w	v-pppamg-
ἱστάντων	i(sta/ntwn	ἱστάω	i(sta/w	v-pppang-
ἱστάντων	i(sta/ntwn	ἱστάω	i(sta/w	v3ppma---
ἱστάσθων	i(sta/sqwn	ἵστημι	i(/sthmi	v3ppme---
ἱστάσθων	i(sta/sqwn	ἱστάω	i(sta/w	v3ppme---
ἱστάσθων	i(sta/sqwn	ἱστάω	i(sta/w	v3dpme---
ἴδωμεν	i)/dwmen	εἶδον	ei)=don	v1pasa---
ἴθι	i)/qi	εἶμι	ei)=mi	v2spma---
ἴσθι	i)/sqi	εἰμί	ei)mi/	v2spma---
ἴσθι	i)/sqi	οἶδα	oi)=da	v2srma---
ἴσοι	i)/soi	ἴσος	i)/sos	a-p---mn-
ἴσοι	i)/soi	ἴσος	i)/sos	a-p---mv-
ἴσως	i)/sws	ἴσος	i)/sos	x--------
ἴσως	i)/sws	ἴσος	i)/sos	a-p---ma-
ἴσως	i)/sws	ἴσος	i)/sos	x--------
ἴσως	i)/sws	ἴσος	i)/sos	a-p---ma-
ἴσως	i)/sws	ἴσως	i)/sws	d--------
ἴσως	i)/sws	ἰσόω	i)so/w	v2siia---
ἴσως	i)/sws	ἰσόω	i)so/w	v2siia---
ἴωμεν	i)/wmen	εἶμι	ei)=mi	v1ppsa---
ἴωμεν	i)/wmen	εἰμί	ei)mi/	v1ppsa---
ἵνα	i(/na	ἵνα	i(/na	d--------
ἵνα	i(/na	ἵνα	i(/na	c--------
ἵπποι	i(/ppoi	ἵππος	i(/ppos	n-p---mn-
ἵπποι	i(/ppoi	ἵππος	i(/ppos	n-p---mv-
ἵπποι	i(/ppoi	ἵππος	i(/ppos	n-p---fn-
ἵπποι	i(/ppoi	ἵππος	i(/ppos	n-p---fv-
ἵπποις	i(/ppois	ἵππος	i(/ppos	n-p---md-
ἵπποις	i(/ppois	ἵππος	i(/ppos	n-p---fd-
ἵππον	i(/ppon	ἵππος	i(/ppos	n-s---ma-
ἵππον	i(/ppon	ἵππος	i(/ppos	n-s---fa-
ἵππους	i(/ppous	ἵππος	i(/ppos	n-p---ma-
ἵππους	i(/ppous	ἵππος	i(/ppos	n-p---fa-
ἵσταμεν	i(/stamen	ἵστημι	i(/sthmi	v1piia---
ἵσταμεν	i(/stamen	ἵστημι	i(/sthmi	v1ppia---
ἵσταμεν	i(/stamen	ἵστημι	i(/sthmi	v1piia---
ἵστατε	i(/state	ἵστημι	i(/sthmi	v2piia---
ἵστατε	i(/state	ἵστημι	i(/sthmi	v2ppma---
ἵστατε	i(/state	ἵστημι	i(/sthmi	v2ppia---
ἵστατε	i(/state	ἵστημι	i(/sthmi	v2piia---
ὀκτώ	o)ktw/	ὀκτώ	o)ktw/	m--------
ὀλίγα	o)li/ga	ὀλίγος	o)li/gos	a-p---nn-
ὀλίγα	o)li/ga	ὀλίγος	o)li/gos	a-p---nv-
ὀλίγα	o)li/ga	ὀλίγος	o)li/gos	a-p---na-
ὀλίγα	o)li/ga	ὀλίγος	o)li/gos	a-d---fn-
ὀλίγα	o)li/ga	ὀλίγος	o)li/gos	a-d---fv-
ὀλίγα	o)li/ga	ὀλίγος	o)li/gos	a-d---fa-
ὀλίγα	o)li/ga	ὀλίγος	o)li/gos	a-s---fn-
ὀλίγα	o)li/ga	ὀλίγος	o)li/gos	a-s---fv-
ὀλίγοι	o)li/goi	ὀλίγος	o)li/gos	a-p---mn-
ὀλίγοι	o)li/goi	ὀλίγος	o)li/gos	a-p---mv-
ὀνόματι	o)no/mati	ὄνομα	o)/noma	n-s---nd-
ὀξύτερα	o)cu/tera	ὀξύσ2	o)cu/s2	a-p---nn-
ὀξύτερα	o)cu/tera	ὀξύσ2	o)cu/s2	a-p---nv-
ὀξύτερα	o)cu/tera	ὀξύσ2	o)cu/s2	a-p---na-
ὀξύτεροι	o)cu/teroi	ὀξύσ2	o)cu/s2	a-p---mn-
ὀξύτεροι	o)cu/teroi	ὀξύσ2	o)cu/s2	a-p---mv-
ὀξύτερον	o)cu/teron	ὀξύσ2	o)cu/s2	a-s---ma-
ὀξύτερον	o)cu/teron	ὀξύσ2	o)cu/s2	a-s---nn-
ὀξύτερον	o)cu/teron	ὀξύσ2	o)cu/s2	a-s---nv-
ὀξύτερον	o)cu/teron	ὀξύσ2	o)cu/s2	a-s---na-
ὀρθῶς	o)rqw=s	ὀρθός	o)rqo/s	x--------
ὀρθῶς	o)rqw=s	ὀρθόω	o)rqo/w	v2spia---
ὀφθαλμοί	o)fqalmoi/	ὀφθαλμός	o)fqalmo/s	n-p---mn-
ὀφθαλμοί	o)fqalmoi/	ὀφθαλμός	o)fqalmo/s	n-p---mv-
ὀφθαλμούς	o)fqalmou/s	ὀφθαλμός	o)fqalmo/s	n-p---ma-
ὀφθαλμῶν	o)fqalmw=n	ὀφθαλμός	o)fqalmo/s	n-p---mg-
ὁ	o(	ὁ	o(	l-s---mn-
ὁδοῖς	o(doi=s	ὁδάω	o(da/w	v2spoa---
ὁδοῖς	o(doi=s	ὁδόσ1	o(do/s1	n-p---md-
ὁδοῖς	o(doi=s	ὁδόσ2	o(do/s2	n-p---fd-
ὁδοῖς	o(doi=s	ὁδόω	o(do/w	v2spoa---
ὁδοῖς	o(doi=s	ὁδόω	o(do/w	v2spsa---
ὁδοῖς	o(doi=s	ὁδόω	o(do/w	v2spia---
ὁδοῦ	o(dou=	ὁδάω	o(da/w	v2spme---
ὁδοῦ	o(dou=	ὁδόσ1	o(do/s1	n-s---mg-
ὁδοῦ	o(dou=	ὁδόσ2	o(do/s2	n-s---fg-
ὁδοῦ	o(dou=	ὁδόω	o(do/w	v2spme---
ὁδοῦ	o(dou=	ὁδόω	o(do/w	v2siie---
ὁδόν	o(do/n	ὁδόσ1	o(do/s1	n-s---ma-
ὁδόν	o(do/n	ὁδόσ2	o(do/s2	n-s---fa-
ὁδῷ	o(dw=|	ὁδάω	o(da/w	v3spoa---
ὁδῷ	o(dw=|	ὁδόσ1	o(do/s1	n-s---md-
ὁδῷ	o(dw=|	ὁδόσ2	o(do/s2	n-s---fd-
ὁπλιτῶν	o(plitw=n	ὁπλίτης	o(pli/ths	n-p---mg-
ὁπλίταις	o(pli/tais	ὁπλίτης	o(pli/ths	n-p---md-
ὁπλίτας	o(pli/tas	ὁπλίτης	o(pli/ths	n-p---ma-
ὁπλίτας	o(pli/tas	ὁπλίτης	o(pli/ths	n-s---mn-
ὁπλῖτα	o(pli=ta	ὁπλίτης	o(pli/ths	n-s---mv-
ὁπλῖτα	o(pli=ta	ὁπλίτης	o(pli/ths	n-s---mn-
ὁπλῖται	o(pli=tai	ὁπλίτης	o(pli/ths	n-p---mn-
ὁπλῖται	o(pli=tai	ὁπλίτης	o(pli/ths	n-p---mv-
ὁποῖοι	o(poi=oi	ὁποῖος	o(poi=os	a-p---mn-
ὁποῖοι	o(poi=oi	ὁποῖος	o(poi=os	a-p---mv-
ὁποῖοί	o(poi=oi/	ὁποῖος	o(poi=os	a-p---mn-
ὁποῖοί	o(poi=oi/	ὁποῖος	o(poi=os	a-p---mv-
ὁπόθεν	o(po/qen	ὁπόθεν	o(po/qen	d--------
ὁπόσους	o(po/sous	ὁπόσος	o(po/sos	a-p---ma-
ὁπότε	o(po/te	ὁπότε	o(po/te	d--------
ὄντα	o)/nta	εἰμί	ei)mi/	v-sppama-
ὄντα	o)/nta	εἰμί	ei)mi/	v-pppann-
ὄντα	o)/nta	εἰμί	ei)mi/	v-pppanv-
ὄντα	o)/nta	εἰμί	ei)mi/	v-pppana-
ὄντα	o)/nta	ὄντα	o)/nta	n-p---nn-
ὄντα	o)/nta	ὄντα	o)/nta	n-p---nv-
ὄντα	o)/nta	ὄντα	o)/nta	n-p---na-
ὄντας	o)/ntas	εἰμί	ei)mi/	v-pppama-
ὄντες	o)/ntes	εἰμί	ei)mi/	v-pppamn-
ὄντες	o)/ntes	εἰμί	ei)mi/	v-pppamv-
ὄντι	o)/nti	εἰμί	ei)mi/	v-sppamd-
ὄντι	o)/nti	εἰμί	ei)mi/	v-sppand-
ὄντων	o)/ntwn	εἰμί	ei)mi/	v3ppma---
ὄντων	o)/ntwn	εἰμί	ei)mi/	v-pppamg-
ὄντων	o)/ntwn	εἰμί	ei)mi/	v-pppang-
ὅ	o(/	ὁ	o(	l-s---mn-
ὅ	o(/	ὅς	o(/s	p-s---nn-
ὅ	o(/	ὅς	o(/s	p-s---nv-
ὅ	o(/	ὅς	o(/s	p-s---na-
ὅμοια	o(/moia	ὅμοιος	o(/moios	a-p---nn-
ὅμοια	o(/moia	ὅμοιος	o(/moios	a-p---nv-
ὅμοια	o(/moia	ὅμοιος	o(/moios	a-p---na-
ὅμοια	o(/moia	ὁμοῖος	o(moi=os	a-p---nn-
ὅμοια	o(/moia	ὁμοῖος	o(moi=os	a-p---nv-
ὅμοια	o(/moia	ὁμοῖος	o(moi=os	a-p---na-
ὅμοιοι	o(/moioi	ὅμοιος	o(/moios	a-p---mn-
ὅμοιοι	o(/moioi	ὅμοιος	o(/moios	a-p---mv-
ὅμοιοι	o(/moioi	ὁμοῖος	o(moi=os	a-p---mn-
ὅμοιοι	o(/moioi	ὁμοῖος	o(moi=os	a-p---mv-
ὅμοιος	o(/moios	ὅμοιος	o(/moios	a-s---mn-
ὅμοιος	o(/moios	ὁμοῖος	o(moi=os	a-s---mn-
ὅμως	o(/mws	ὅμως	o(/mws	c--------
ὅμως	o(/mws	ὁμόω	o(mo/w	v2siia---
ὅντινα	o(/ntina	ὅστις	o(/stis	p-s---ma-
ὅπλα	o(/pla	ὅπλον	o(/plon	n-p---nn-
ὅπλα	o(/pla	ὅπλον	o(/plon	n-p---nv-
ὅπλα	o(/pla	ὅπλον	o(/plon	n-p---na-
ὅπλοις	o(/plois	ὅπλον	o(/plon	n-p---nd-
ὅπλων	o(/plwn	ὅπλον	o(/plon	n-p---ng-
ὅποι	o(/poi	ὅποι	o(/poi	d--------
ὅπου	o(/pou	ὅπου	o(/pou	d--------
ὅπως	o(/pws	ὅπως	o(/pws	c--------
ὅς	o(/s	ὅς	o(/s	p-s---mn-
ὅσα	o(/sa	ὅσος	o(/sos	a-p---nn-
ὅσα	o(/sa	ὅσος	o(/sos	a-p---nv-
ὅσα	o(/sa	ὅσος	o(/sos	a-p---na-
ὅσα	o(/sa	ὅσος	o(/sos	a-d---fn-
ὅσα	o(/sa	ὅσος	o(/sos	a-d---fv-
ὅσα	o(/sa	ὅσος	o(/sos	a-d---fa-
ὅσα	o(/sa	ὅσος	o(/sos	a-s---fn-
ὅσα	o(/sa	ὅσος	o(/sos	a-s---fv-
ὅσοι	o(/soi	ὅσος	o(/sos	a-p---mn-
ὅσοι	o(/soi	ὅσος	o(/sos	a-p---mv-
ὅσοις	o(/sois	ὅσος	o(/sos	a-p---md-
ὅσοις	o(/sois	ὅσος	o(/sos	a-p---nd-
ὅσους	o(/sous	ὅσος	o(/sos	a-p---ma-
ὅσπερ	o(/sper	ὅς	o(/s	p-s---mn-
ὅσων	o(/swn	ὅσος	o(/sos	a-p---fg-
ὅσων	o(/swn	ὅσος	o(/sos	a-p---mg-
ὅσων	o(/swn	ὅσος	o(/sos	a-p---ng-
ὅσῳ	o(/sw|	ὅσος	o(/sos	a-s---md-
ὅσῳ	o(/sw|	ὅσος	o(/sos	a-s---nd-
ὅταν	o(/tan	ὅταν	o(/tan	c--------
ὅτε	o(/te	ὅστε	o(/ste	p-s---nn-
ὅτε	o(/te	ὅστε	o(/ste	p-s---nv-
ὅτε	o(/te	ὅστε	o(/ste	p-s---na-
ὅτε	o(/te	ὅτε	o(/te	c--------
ὅτι	o(/ti	ὅστις	o(/stis	p-s---nn-
ὅτι	o(/ti	ὅστις	o(/stis	p-s---na-
ὅτι	o(/ti	ὅτι1	o(/ti1	d--------
ὅτι	o(/ti	ὅτι2	o(/ti2	c--------
ὅτ’	o(/t'	ὅστε	o(/ste	p-s---nn-
ὅτ’	o(/t'	ὅστε	o(/ste	p-s---nv-
ὅτ’	o(/t'	ὅστε	o(/ste	p-s---na-
ὅτ’	o(/t'	ὅστις	o(/stis	p-s---nn-
ὅτ’	o(/t'	ὅστις	o(/stis	p-s---na-
ὅτ’	o(/t'	ὅτε	o(/te	c--------
ὅτ’	o(/t'	ὅτι1	o(/ti1	d--------
ὅτ’	o(/t'	ὅτι2	o(/ti2	c--------
Ὁμήρου	*(omh/rou	Ὅμηρος	*(/omhros	n-s---mg-
Ὁμήρου	*(omh/rou	ὅμηρος	o(/mhros	n-s---mg-
Ὁμήρῳ	*(omh/rw|	Ὅμηρος	*(/omhros	n-s---md-
Ὁμήρῳ	*(omh/rw|	ὅμηρος	o(/mhros	n-s---md-
Ὅμηρε	*(/omhre	Ὅμηρος	*(/omhros	n-s---mv-
Ὅμηρε	*(/omhre	ὅμηρος	o(/mhros	n-s---mv-
Ὅμηρον	*(/omhron	Ὅμηρος	*(/omhros	n-s---ma-
Ὅμηρον	*(/omhron	ὅμηρος	o(/mhros	n-s---ma-
Ὅμηρος	*(/omhros	Ὅμηρος	*(/omhros	n-s---mn-
Ὅμηρος	*(/omhros	ὅμηρος	o(/mhros	n-s---mn-
ὑμετέρων	u(mete/rwn	ὑμέτερος	u(me/teros	a-p---fg-
ὑμετέρων	u(mete/rwn	ὑμέτερος	u(me/teros	a-p---mg-
ὑμετέρων	u(mete/rwn	ὑμέτερος	u(me/teros	a-p---ng-
ὑμεῖς	u(mei=s	σύ	su/	p-p----n-
ὑμέτερα	u(me/tera	ὑμέτερος	u(me/teros	a-p---nn-
ὑμέτερα	u(me/tera	ὑμέτερος	u(me/teros	a-p---nv-
ὑμέτερα	u(me/tera	ὑμέτερος	u(me/teros	a-p---na-
ὑμᾶς	u(ma=s	σύ	su/	p-p----a-
ὑμᾶς	u(ma=s	ὑμός	u(mo/s	a-s---fg-
ὑμῖν	u(mi=n	σύ	su/	p-p----d-
ὑμῶν	u(mw=n	σύ	su/	p-p----g-
ὑμῶν	u(mw=n	ὑμός	u(mo/s	a-p---fg-
ὑμῶν	u(mw=n	ὑμός	u(mo/s	a-p---mg-
ὑμῶν	u(mw=n	ὑμός	u(mo/s	a-p---ng-
ὑπακούειν	u(pakou/ein	ὑπακούω	u(pakou/w	v--pna---
ὑπακοῦσαι	u(pakou=sai	ὑπακούω	u(pakou/w	v--ana---
ὑπερβαίνοντός	u(perbai/nonto/s	ὑπερβαίνω	u(perbai/nw	v-sppamg-
ὑπερβαίνοντός	u(perbai/nonto/s	ὑπερβαίνω	u(perbai/nw	v-sppang-
ὑπομείνατε	u(pomei/nate	ὑπομένω	u(pome/nw	v2pama---
ὑπομείνατε	u(pomei/nate	ὑπομένω	u(pome/nw	v2paia---
ὑπέρ	u(pe/r	ὑπέρ	u(pe/r	r--------
ὑπό	u(po/	ὑπό	u(po/	r--------
ὑφ’	u(f'	ὑφή	u(fh/	n-d---fn-
ὑφ’	u(f'	ὑφή	u(fh/	n-d---fv-
ὑφ’	u(f'	ὑφή	u(fh/	n-d---fa-
ὑφ’	u(f'	ὑφή	u(fh/	n-s---fn-
ὑφ’	u(f'	ὑφή	u(fh/	n-s---fv-
ὑφ’	u(f'	ὑφή	u(fh/	n-p---fn-
ὑφ’	u(f'	ὑφή	u(fh/	n-p---fv-
ὑφ’	u(f'	ὑπό	u(po/	r--------
ὑφ’	u(f'	ὑπό	u(po/	r--------
ὕβριν	u(/brin	ὕβρις	u(/bris	n-s---fa-
ὕβρις	u(/bris	ὕβρις	u(/bris	n-p---fa-
ὕβρις	u(/bris	ὕβρις	u(/bris	n-s---fn-
ὕδατι	u(/dati	ὕδωρ	u(/dwr	n-s---nd-
ὕδατος	u(/datos	ὕδωρ	u(/dwr	n-s---ng-
ὕδατί	u(/dati/	ὕδωρ	u(/dwr	n-s---nd-
ὕδωρ	u(/dwr	ὕδωρ	u(/dwr	n-s---nn-
ὕδωρ	u(/dwr	ὕδωρ	u(/dwr	n-s---nv-
ὕδωρ	u(/dwr	ὕδωρ	u(/dwr	n-s---na-
ὕστατος	u(/statos	ὕστατος	u(/statos	a-s---mn-
ὕστατος	u(/statos	ὕστερος	u(/steros	a-s---mn-
ὕστερον	u(/steron	ὕστερον	u(/steron	n-s---nn-
ὕστερον	u(/steron	ὕστερον	u(/steron	n-s---nv-
ὕστερον	u(/steron	ὕστερον	u(/steron	n-s---na-
ὕστερον	u(/steron	ὕστερος	u(/steros	a-s---ma-
ὕστερον	u(/steron	ὕστερος	u(/steros	a-s---nn-
ὕστερον	u(/steron	ὕστερος	u(/steros	a-s---nv-
ὕστερον	u(/steron	ὕστερος	u(/steros	a-s---na-
ὡς	w(s	ὡς	w(s	c--------
ὤν	w)/n	εἰμί	ei)mi/	v-sppamn-
ὤφθησαν	w)/fqhsan	ὁράω	o(ra/w	v3paip---
ὥσθ’	w(/sq'	ὥστε	w(/ste	d--------
ὥστε	w(/ste	ὥστε	w(/ste	d--------
ὦ	w)=	εἰμί	ei)mi/	v1spsa---
ὦ	w)=	ὦ	w)=	x--------
ὦμεν	w)=men	εἰμί	ei)mi/	v1ppsa---
ὦσιν	w)=sin	εἰμί	ei)mi/	v3ppsa---
ὦσιν	w)=sin	ὦσις	w)=sis	n-s---fa-
ὧν	w(=n	ὅς	o(/s	p-p---fg-
ὧν	w(=n	ὅς	o(/s	p-p---mg-
ὧν	w(=n	ὅς	o(/s	p-p---ng-
ᾑροῦντο	h(|rou=nto	αἱρέω	ai(re/w	v3piie---
ᾑρέθην	h(|re/qhn	αἱρέω	ai(re/w	v3paip---
ᾑρέθην	h(|re/qhn	αἱρέω	ai(re/w	v1saip---
ᾔδησθά	h)/|dhsqa/	οἶδα	oi)=da	v2slia---
ᾔεισθα	h)/|eisqa	εἶμι	ei)=mi	v2siia---
ᾔσθοντο	h)/|sqonto	αἰσθάνομαι	ai)sqa/nomai	v3paim---
ᾔσθοντο	h)/|sqonto	αἰσθάνομαι	ai)sqa/nomai	v3piie---
ᾖ	h)=|	εἰμί	ei)mi/	v3spsa---
ᾖμεν	h)=|men	εἶμι	ei)=mi	v1piia---
ᾖσμεν	h)=|smen	οἶδα	oi)=da	v1plia---
ᾗπερ	h(=|per	ᾗπερ	h(=|per	c--------
ᾧ	w(=|	ὅς	o(/s	p-s---md-
ᾧ	w(=|	ὅς	o(/s	p-s---nd-
ῥητορικήν	r(htorikh/n	ῥητορικός	r(htoriko/s	a-s---fa-
ῥητορικῆς	r(htorikh=s	ῥητορικός	r(htoriko/s	a-s---fg-
ῥητορικῇ	r(htorikh=|	ῥητορικός	r(htoriko/s	a-s---fd-
ῥητόρων	r(hto/rwn	ῥήτωρ	r(h/twr	n-p---mg-
ῥήτορα	r(h/tora	ῥήτωρ	r(h/twr	n-s---ma-
ῥήτορας	r(h/toras	ῥήτωρ	r(h/twr	n-p---ma-
ῥήτορες	r(h/tores	ῥήτωρ	r(h/twr	n-p---mn-
ῥήτορες	r(h/tores	ῥήτωρ	r(h/twr	n-p---mv-
ῥήτορι	r(h/tori	ῥήτωρ	r(h/twr	n-s---md-
ῥήτορος	r(h/toros	ῥήτωρ	r(h/twr	n-s---mg-
ῥήτορσι	r(h/torsi	ῥήτωρ	r(h/twr	n-p---md-
ῥήτωρ	r(h/twr	ῥήτωρ	r(h/twr	n-s---mn-
ῥᾳδίως	r(a|di/ws	ῥᾴδιος	r(a/|dios	x--------
ῥᾳδίως	r(a|di/ws	ῥᾴδιος	r(a/|dios	a-p---ma-
ῥᾳδίως	r(a|di/ws	ῥᾴδιος	r(a/|dios	x--------
ῥᾳδίως	r(a|di/ws	ῥᾴδιος	r(a/|dios	n-p---ma-
ῥᾳδίως	r(a|di/ws	ῥᾴδιος	r(a/|dios	n-p---fa-
ῥᾴδιον	r(a/|dion	ῥᾴδιος	r(a/|dios	a-s---ma-
ῥᾴδιον	r(a/|dion	ῥᾴδιος	r(a/|dios	a-s---nn-
ῥᾴδιον	r(a/|dion	ῥᾴδιος	r(a/|dios	a-s---nv-
ῥᾴδιον	r(a/|dion	ῥᾴδιος	r(a/|dios	a-s---na-
ῥᾴδιον	r(a/|dion	ῥᾴδιος	r(a/|dios	n-s---ma-
ῥᾴδιον	r(a/|dion	ῥᾴδιος	r(a/|dios	n-s---fa-
ῥᾴδιον	r(a/|dion	ῥᾴδιος	r(a/|dios	n-s---nn-
ῥᾴδιον	r(a/|dion	ῥᾴδιος	r(a/|dios	n-s---nv-
ῥᾴδιον	r(a/|dion	ῥᾴδιος	r(a/|dios	n-s---na-
ῥᾴδιον	r(a/|dion	ῥᾴδιος	r(a/|dios	a-s---mv-
ῥᾴδιον	r(a/|dion	ῥᾴδιος	r(a/|dios	a-s---fv-
ῥᾴδιον	r(a/|dion	ῥᾴδιος	r(a/|dios	a-s---nn-
ῥᾴδιον	r(a/|dion	ῥᾴδιος	r(a/|dios	a-s---nv-
ῥᾴδιον	r(a/|dion	ῥᾴδιος	r(a/|dios	a-s---na-
ῥᾴδιον	r(a/|dion	ῥαίδιον	r(ai/dion	n-s---nn-
ῥᾴδιον	r(a/|dion	ῥαίδιον	r(ai/dion	n-s---nv-
ῥᾴδιον	r(a/|dion	ῥαίδιον	r(ai/dion	n-s---na-
ῥᾷον	r(a=|on	ῥάιος	r(a/ios	a-s---ma-
ῥᾷον	r(a=|on	ῥάιος	r(a/ios	a-s---nn-
ῥᾷον	r(a=|on	ῥάιος	r(a/ios	a-s---nv-
ῥᾷον	r(a=|on	ῥάιος	r(a/ios	a-s---na-
ῥᾷον	r(a=|on	ῥᾴδιος	r(a/|dios	a-s---mv-
ῥᾷον	r(a=|on	ῥᾴδιος	r(a/|dios	a-s---fv-
ῥᾷον	r(a=|on	ῥᾴδιος	r(a/|dios	a-s---nn-
ῥᾷον	r(a=|on	ῥᾴδιος	r(a/|dios	a-s---nv-
ῥᾷον	r(a=|on	ῥᾴδιος	r(a/|dios	a-s---na-
ῥᾷον	r(a=|on	ῥαίω	r(ai/w	v-sppamv-
ῥᾷον	r(a=|on	ῥαίω	r(ai/w	v-sppann-
ῥᾷον	r(a=|on	ῥαίω	r(ai/w	v-sppanv-
ῥᾷον	r(a=|on	ῥαίω	r(ai/w	v-sppana-
ῥᾷον	r(a=|on	ῥαίω	r(ai/w	v3piia---
ῥᾷον	r(a=|on	ῥαίω	r(ai/w	v1siia---
ῥᾷστα	r(a=|sta	ῥᾴδιος	r(a/|dios	a-p---nn-
ῥᾷστα	r(a=|sta	ῥᾴδιος	r(a/|dios	a-p---nv-
ῥᾷστα	r(a=|sta	ῥᾴδιος	r(a/|dios	a-p---na-
ῥῆτορ	r(h=tor	ῥήτωρ	r(h/twr	n-s---mv-
