Αἰγεῖ	*ai)gei=	Αἰγεύς	*ai)geu/s	n-s---md-
Αἰγεῖ	*ai)gei=	Αἰγίς	*ai)gi/s	n-d---fn-
Αἰγεῖ	*ai)gei=	Αἰγίς	*ai)gi/s	n-d---fv-
Αἰγεῖ	*ai)gei=	Αἰγίς	*ai)gi/s	n-d---fa-
Αἰγεῖ	*ai)gei=	Αἰγίς	*ai)gi/s	n-s---fd-
Αἰγιαλεῦ	*ai)gialeu=	Αἰγιαλεύς	*ai)gialeu/s	n-s---mv-
Αἰγέως	*ai)ge/ws	Αἰγεύς	*ai)geu/s	n-s---mg-
Αἰγέως	*ai)ge/ws	Αἰγεύς	*ai)geu/s	n-s---mg-
Αἰγέως	*ai)ge/ws	Αἰγεύς	*ai)geu/s	n-s---mn-
Αἰγέως	*ai)ge/ws	Αἰγίς	*ai)gi/s	n-s---fg-
Αἰγέως	*ai)ge/ws	αἴγεος	ai)/geos	x--------
Αἰγέως	*ai)ge/ws	αἴγεος	ai)/geos	a-p---ma-
Αἰτωλῶν	*ai)twlw=n	Αἰτωλός	*ai)twlo/s	a-p---fg-
Αἰτωλῶν	*ai)twlw=n	Αἰτωλός	*ai)twlo/s	a-p---mg-
Αἰτωλῶν	*ai)twlw=n	Αἰτωλός	*ai)twlo/s	a-p---ng-
Αἰτωλῶν	*ai)twlw=n	Αἰτωλοί	*ai)twloi/	n-p---mg-
Αἴθραν	*ai)/qran	Αἴθρη	*ai)/qrh	n-s---fa-
Αἴθραν	*ai)/qran	αἴθρη	ai)/qrh	n-s---fa-
Δαναϊδῶν	*danai+dw=n	Δαναίδαι	*danai/dai	n-p---mg-
Δαναΐδαι	*danai+/dai	Δαναίδαι	*danai/dai	n-p---mn-
Δαναΐδαι	*danai+/dai	Δαναίδαι	*danai/dai	n-p---mv-
Δαναΐδαι	*danai+/dai	Δαναίδαι	*danai/dai	n-s---md-
Δελφῶν	*delfw=n	Δελφοί	*delfoi/	n-p---mg-
Δηοῦς	*dhou=s	Δηώ	*dhw/	n-s---fg-
Διομήδην	*diomh/dhn	Διομήδης	*diomh/dhs	n-s---ma-
Διρκαῖον	*dirkai=on	Διρκαῖος	*dirkai=os	a-s---ma-
Διρκαῖον	*dirkai=on	Διρκαῖος	*dirkai=os	a-s---nn-
Διρκαῖον	*dirkai=on	Διρκαῖος	*dirkai=os	a-s---nv-
Διρκαῖον	*dirkai=on	Διρκαῖος	*dirkai=os	a-s---na-
Διός	*dio/s	Ζεύς	*zeu/s	n-s---mg-
Δήμητερ	*dh/mhter	Δημήτηρ	*dhmh/thr	n-s---fv-
Δήμητρα	*dh/mhtra	Δημήτηρ	*dhmh/thr	n-s---fa-
Δήμητρα	*dh/mhtra	Δημήτηρ	*dhmh/thr	n-s---fn-
Δήμητρα	*dh/mhtra	Δημήτηρ	*dhmh/thr	n-s---fv-
Δήμητρος	*dh/mhtros	Δημήτηρ	*dhmh/thr	n-s---fg-
Δήμητρος	*dh/mhtros	Δημήτηρ	*dhmh/thr	n-s---fg-
Δίκης	*di/khs	Δίκη	*di/kh	n-s---fg-
Δίκης	*di/khs	δίκη	di/kh	n-s---fg-
Εὐάδνην	*eu)a/dnhn	Εὐάδνη	*eu)a/dnh	n-s---fa-
Ζεύς	*zeu/s	Ζεύς	*zeu/s	n-s---mn-
Ζεῦ	*zeu=	Ζεύς	*zeu/s	n-s---mv-
Ζεῦ	*zeu=	ζέω	ze/w	v2spme---
Ζεῦ	*zeu=	ζέω	ze/w	v2siie---
Ζηνός	*zhno/s	Ζεύς	*zeu/s	n-s---mg-
Θεῖν’	*qei=n'	θείνω	qei/nw	v2spma---
Θεῖν’	*qei=n'	θείνω	qei/nw	v2samm---
Θεῖν’	*qei=n'	θείνω	qei/nw	v--ana---
Θεῖν’	*qei=n'	θείνω	qei/nw	v1saia---
Θεῖν’	*qei=n'	θείνω	qei/nw	v3saia---
Θεῖν’	*qei=n'	θείνω	qei/nw	v3siia---
Θεῖν’	*qei=n'	τίθημι	ti/qhmi	v--ana---
Θηβαιγενεῖ	*qhbaigenei=	Θηβαιγενής	*qhbaigenh/s	n-d---mn-
Θηβαιγενεῖ	*qhbaigenei=	Θηβαιγενής	*qhbaigenh/s	n-d---mv-
Θηβαιγενεῖ	*qhbaigenei=	Θηβαιγενής	*qhbaigenh/s	n-d---ma-
Θηβαιγενεῖ	*qhbaigenei=	Θηβαιγενής	*qhbaigenh/s	n-d---fn-
Θηβαιγενεῖ	*qhbaigenei=	Θηβαιγενής	*qhbaigenh/s	n-d---fv-
Θηβαιγενεῖ	*qhbaigenei=	Θηβαιγενής	*qhbaigenh/s	n-d---fa-
Θηβαιγενεῖ	*qhbaigenei=	Θηβαιγενής	*qhbaigenh/s	n-d---nn-
Θηβαιγενεῖ	*qhbaigenei=	Θηβαιγενής	*qhbaigenh/s	n-d---nv-
Θηβαιγενεῖ	*qhbaigenei=	Θηβαιγενής	*qhbaigenh/s	n-d---na-
Θηβαιγενεῖ	*qhbaigenei=	Θηβαιγενής	*qhbaigenh/s	n-s---md-
Θηβαιγενεῖ	*qhbaigenei=	Θηβαιγενής	*qhbaigenh/s	n-s---fd-
Θηβαιγενεῖ	*qhbaigenei=	Θηβαιγενής	*qhbaigenh/s	n-s---nd-
Θησεύς	*qhseu/s	Θησεύς	*qhseu/s	n-s---mn-
Θησεῦ	*qhseu=	Θησεύς	*qhseu/s	n-s---mv-
Θησέα	*qhse/a	Θησεύς	*qhseu/s	n-s---ma-
Θησέως	*qhse/ws	Θησεύς	*qhseu/s	n-s---mg-
Θησέως	*qhse/ws	Θησεύς	*qhseu/s	n-s---mg-
Θησέως	*qhse/ws	Θησεύς	*qhseu/s	n-s---mn-
Θήβας	*qh/bas	Θήβη	*qh/bh	n-s---fg-
Θήβας	*qh/bas	Θῆβαι	*qh=bai	n-p---fa-
Καδμείαν	*kadmei/an	Καδμεῖος	*kadmei=os	a-s---fa-
Καδμείαν	*kadmei/an	Καδμεῖος	*kadmei=os	a-s---fa-
Καδμείας	*kadmei/as	Καδμεῖος	*kadmei=os	a-p---fa-
Καδμείας	*kadmei/as	Καδμεῖος	*kadmei=os	a-s---fg-
Καδμείας	*kadmei/as	Καδμεῖος	*kadmei=os	a-p---fa-
Καδμείας	*kadmei/as	Καδμεῖος	*kadmei=os	a-s---fg-
Καδμείοισιν	*kadmei/oisin	Καδμεῖος	*kadmei=os	a-p---md-
Καδμείοισιν	*kadmei/oisin	Καδμεῖος	*kadmei=os	a-p---nd-
Καδμείοισιν	*kadmei/oisin	Καδμεῖος	*kadmei=os	a-p---md-
Καδμείοισιν	*kadmei/oisin	Καδμεῖος	*kadmei=os	a-p---nd-
Καδμείων	*kadmei/wn	Καδμεῖος	*kadmei=os	a-p---fg-
Καδμείων	*kadmei/wn	Καδμεῖος	*kadmei=os	a-p---mg-
Καδμείων	*kadmei/wn	Καδμεῖος	*kadmei=os	a-p---ng-
Καδμείων	*kadmei/wn	Καδμεῖος	*kadmei=os	a-p---fg-
Καδμείων	*kadmei/wn	Καδμεῖος	*kadmei=os	a-p---mg-
Καδμείων	*kadmei/wn	Καδμεῖος	*kadmei=os	a-p---ng-
Καδμείων	*kadmei/wn	Καδμεῖος	*kadmei=os	n-s---mn-
Καδμείων	*kadmei/wn	Καδμεῖος	*kadmei=os	n-s---mv-
Καδμείων	*kadmei/wn	Καδμεῖος	*kadmei=os	n-s---fn-
Καδμείων	*kadmei/wn	Καδμεῖος	*kadmei=os	n-s---fv-
Καδμεῖος	*kadmei=os	Καδμεῖος	*kadmei=os	a-s---mn-
Καλλίχορον	*kalli/xoron	Καλλίχορον	*kalli/xoron	n-s---nn-
Καλλίχορον	*kalli/xoron	Καλλίχορον	*kalli/xoron	n-s---nv-
Καλλίχορον	*kalli/xoron	Καλλίχορον	*kalli/xoron	n-s---na-
Καλλίχορον	*kalli/xoron	καλλίχορος	kalli/xoros	n-s---ma-
Καλλίχορον	*kalli/xoron	καλλίχορος	kalli/xoros	n-s---fa-
Καλλίχορον	*kalli/xoron	καλλίχορος	kalli/xoros	n-s---nn-
Καλλίχορον	*kalli/xoron	καλλίχορος	kalli/xoros	n-s---nv-
Καλλίχορον	*kalli/xoron	καλλίχορος	kalli/xoros	n-s---na-
Καπανεύς	*kapaneu/s	Καπανεύς	*kapaneu/s	n-s---mn-
Καπανέα	*kapane/a	Καπανεύς	*kapaneu/s	n-s---ma-
Καπανέως	*kapane/ws	Καπανεύς	*kapaneu/s	n-s---mg-
Καπανέως	*kapane/ws	Καπανεύς	*kapaneu/s	n-s---mg-
Καπανέως	*kapane/ws	Καπανεύς	*kapaneu/s	n-s---mn-
Κεκροπίας	*kekropi/as	Κέκροψ	*ke/kroy	a-p---fa-
Κεκροπίας	*kekropi/as	Κέκροψ	*ke/kroy	a-s---fg-
Κεκροπίας	*kekropi/as	Κεκρόπιος	*kekro/pios	a-p---fa-
Κεκροπίας	*kekropi/as	Κεκρόπιος	*kekro/pios	a-s---fg-
Κεκροπίας	*kekropi/as	Κεκροπία	*kekropi/a	n-p---fa-
Κεκροπίας	*kekropi/as	Κεκροπία	*kekropi/a	n-s---fg-
Κιθαιρῶνος	*kiqairw=nos	Κιθαιρών	*kiqairw/n	n-s---mg-
Κρέοντα	*kre/onta	Κρέων	*kre/wn	n-s---ma-
Κρέοντα	*kre/onta	κρέων	kre/wn	n-s---ma-
Κρέοντα	*kre/onta	κρείων	krei/wn	n-s---ma-
Κρέοντι	*kre/onti	Κρέων	*kre/wn	n-s---md-
Κρέοντι	*kre/onti	κρέων	kre/wn	n-s---md-
Κρέοντι	*kre/onti	κρείων	krei/wn	n-s---md-
Κρέοντος	*kre/ontos	Κρέων	*kre/wn	n-s---mg-
Κρέοντος	*kre/ontos	κρέων	kre/wn	n-s---mg-
Κρέοντος	*kre/ontos	κρείων	krei/wn	n-s---mg-
Κρέων	*kre/wn	Κρέων	*kre/wn	n-s---mn-
Κρέων	*kre/wn	κρέων	kre/wn	n-s---mn-
Κρέων	*kre/wn	κρείων	krei/wn	n-s---mn-
Κάδμου	*ka/dmou	Κάδμος	*ka/dmos	n-s---mg-
Κόρης	*ko/rhs	Κόρα	*ko/ra	n-s---fg-
Κόρης	*ko/rhs	κόρη	ko/rh	n-s---fg-
Κόρης	*ko/rhs	κόρις	ko/ris	n-p---mn-
Κόρης	*ko/rhs	κόρις	ko/ris	n-p---mv-
Κόρης	*ko/rhs	κόρις	ko/ris	n-p---mn-
Κόρης	*ko/rhs	κορέω	kore/w	v2siia---
Κῶμον	*kw=mon	Κῶμος	*kw=mos	n-s---ma-
Κῶμον	*kw=mon	κῶμος	kw=mos	n-s---ma-
Λοξίου	*loci/ou	Λοξίας	*loci/as	n-s---mg-
Μελεάγρου	*melea/grou	Μελέαγρος	*mele/agros	n-s---mg-
Μελεάγρου	*melea/grou	μελέαγρον	mele/agron	n-s---ng-
Μουσῶν	*mousw=n	Μοῦσα	*mou=sa	n-p---fg-
Μουσῶν	*mousw=n	Μοῦσαι	*mou=sai	n-p---fg-
Μουσῶν	*mousw=n	Μοῦσαι	*mou=sai	n-p---fg-
Μουσῶν	*mousw=n	μουσόομαι	mouso/omai	v-sppamv-
Μουσῶν	*mousw=n	μουσόομαι	mouso/omai	v-sppann-
Μουσῶν	*mousw=n	μουσόομαι	mouso/omai	v-sppanv-
Μουσῶν	*mousw=n	μουσόομαι	mouso/omai	v-sppana-
Μουσῶν	*mousw=n	μουσόομαι	mouso/omai	v-sppamn-
Μουσῶν	*mousw=n	μουσόομαι	mouso/omai	v--pna---
Μουσῶν	*mousw=n	μουσόω	mouso/w	v-sppamv-
Μουσῶν	*mousw=n	μουσόω	mouso/w	v-sppann-
Μουσῶν	*mousw=n	μουσόω	mouso/w	v-sppanv-
Μουσῶν	*mousw=n	μουσόω	mouso/w	v-sppana-
Μουσῶν	*mousw=n	μουσόω	mouso/w	v-sppamn-
Μουσῶν	*mousw=n	μουσόω	mouso/w	v--pna---
Μούσαισι	*mou/saisi	Μοῦσα	*mou=sa	n-p---fd-
Μούσαισι	*mou/saisi	Μοῦσαι	*mou=sai	n-p---fd-
Μούσαισι	*mou/saisi	Μοῦσαι	*mou=sai	n-p---fd-
Μυκήναις	*mukh/nais	Μυκήνη	*mukh/nh	n-p---fd-
Οἰδιπόδα	*oi)dipo/da	Οἰδίπους	*oi)di/pous	n-s---mg-
Οἰδιπόδα	*oi)dipo/da	Οἰδίπους	*oi)di/pous	n-d---mn-
Οἰδιπόδα	*oi)dipo/da	Οἰδίπους	*oi)di/pous	n-d---mv-
Οἰδιπόδα	*oi)dipo/da	Οἰδίπους	*oi)di/pous	n-d---ma-
Οἰδιπόδα	*oi)dipo/da	Οἰδίπους	*oi)di/pous	n-s---mv-
Οἰδιπόδα	*oi)dipo/da	Οἰδίπους	*oi)di/pous	n-s---mn-
Οἰδίπου	*oi)di/pou	Οἰδίπους	*oi)di/pous	n-s---nn-
Οἰδίπου	*oi)di/pou	Οἰδίπους	*oi)di/pous	n-s---nv-
Οἰδίπου	*oi)di/pou	Οἰδίπους	*oi)di/pous	n-s---na-
Οἰκλέους	*oi)kle/ous	Οἰκλέης	*oi)kle/hs	n-s---mg-
Παλλάδος	*palla/dos	Παλλάς	*palla/s	n-s---fg-
Πανδίονος	*pandi/onos	Πανδίων	*pandi/wn	n-s---mg-
Πανελλήνων	*panellh/nwn	Πανέλληνες	*pane/llhnes	n-p---mg-
Παρθενοπαῖος	*parqenopai=os	Παρθενοπαῖος	*parqenopai=os	n-s---mn-
Πελασγίᾳ	*pelasgi/a|	Πελασγίη	*pelasgi/h	n-s---fd-
Πελασγίᾳ	*pelasgi/a|	Πελασγικός	*pelasgiko/s	a-s---fd-
Πελοπίαν	*pelopi/an	Πελοπίη	*pelopi/h	n-s---fa-
Πελοπίας	*pelopi/as	Πελοπίη	*pelopi/h	n-p---fa-
Πελοπίας	*pelopi/as	Πελοπίη	*pelopi/h	n-s---fg-
Περσεφονείας	*persefonei/as	Περσεφόνεια	*persefo/neia	n-s---fg-
Πιτθέως	*pitqe/ws	Πιτθεύς	*pitqeu/s	n-s---mg-
Πιτθέως	*pitqe/ws	Πιτθεύς	*pitqeu/s	n-s---mg-
Πιτθέως	*pitqe/ws	Πιτθεύς	*pitqeu/s	n-s---mn-
Ποιναῖσι	*poinai=si	ποινή	poinh/	n-p---fd-
Πολυνείκει	*polunei/kei	Πολυνείκης	*polunei/khs	n-d---mn-
Πολυνείκει	*polunei/kei	Πολυνείκης	*polunei/khs	n-d---mv-
Πολυνείκει	*polunei/kei	Πολυνείκης	*polunei/khs	n-d---ma-
Πολυνείκει	*polunei/kei	Πολυνείκης	*polunei/khs	n-s---md-
Πολυνείκει	*polunei/kei	Πολυνείκης	*polunei/khs	n-s---md-
Πολυνείκην	*polunei/khn	Πολυνείκης	*polunei/khs	n-s---ma-
Πολυνείκης	*polunei/khs	Πολυνείκης	*polunei/khs	n-p---ma-
Πολυνείκης	*polunei/khs	Πολυνείκης	*polunei/khs	n-p---mn-
Πολυνείκης	*polunei/khs	Πολυνείκης	*polunei/khs	n-p---mv-
Πολυνείκης	*polunei/khs	Πολυνείκης	*polunei/khs	n-s---mn-
Πολυνείκους	*polunei/kous	Πολυνείκης	*polunei/khs	n-s---mg-
Πυθικήν	*puqikh/n	Πυθικός	*puqiko/s	a-s---fa-
Πάραλον	*pa/ralon	Πάραλος	*pa/ralos	n-s---ma-
Πάραλον	*pa/ralon	πάραλος	pa/ralos	n-s---ma-
Πάραλον	*pa/ralon	πάραλος	pa/ralos	n-s---fa-
Πάραλον	*pa/ralon	πάραλος	pa/ralos	n-s---nn-
Πάραλον	*pa/ralon	πάραλος	pa/ralos	n-s---nv-
Πάραλον	*pa/ralon	πάραλος	pa/ralos	n-s---na-
Πέλοπος	*pe/lopos	Πέλοψ	*pe/loy	n-s---mg-
Σιγᾶτε	*siga=te	σιγάω	siga/w	v2ppma---
Σιγᾶτε	*siga=te	σιγάω	siga/w	v2ppsa---
Σιγᾶτε	*siga=te	σιγάω	siga/w	v2ppia---
Σιγᾶτε	*siga=te	σιγάω	siga/w	v2piia---
Σιγᾶτε	*siga=te	σιγάζω	siga/zw	v2pfia---
Σπάρτη	*spa/rth	Σπάρτη	*spa/rth	n-s---fn-
Σπάρτη	*spa/rth	Σπάρτη	*spa/rth	n-s---fv-
Σπάρτη	*spa/rth	σπάρτη	spa/rth	n-s---fn-
Σπάρτη	*spa/rth	σπάρτη	spa/rth	n-s---fv-
Τυδεύς	*tudeu/s	Τυδεύς	*tudeu/s	n-s---mn-
Τυδεῖ	*tudei=	Τυδεύς	*tudeu/s	n-s---md-
Τυδέως	*tude/ws	Τυδεύς	*tudeu/s	n-s---mg-
Τυδέως	*tude/ws	Τυδεύς	*tudeu/s	n-s---mg-
Τυδέως	*tude/ws	Τυδεύς	*tudeu/s	n-s---mn-
Τίς	*ti/s	τίς	ti/s	n-s---mn-
Τίς	*ti/s	τίς	ti/s	n-s---fn-
Τίς	*ti/s	τις	tis	p-s---mn-
Τίς	*ti/s	τις	tis	p-s---fn-
Φερσεφονείας	*fersefonei/as	Περσεφόνη	*persefo/nh	n-p---fa-
Φερσεφονείας	*fersefonei/as	Περσεφόνη	*persefo/nh	n-s---fg-
Φερσεφονείας	*fersefonei/as	φερσεφόνειος	fersefo/neios	a-p---fa-
Φερσεφονείας	*fersefonei/as	φερσεφόνειος	fersefo/neios	a-s---fg-
Φοίβου	*foi/bou	Φοῖβος	*foi=bos	n-s---mg-
Φοίβου	*foi/bou	φοῖβος	foi=bos	a-s---mg-
Φοίβου	*foi/bou	φοῖβος	foi=bos	a-s---ng-
Φόρβας	*fo/rbas	Φόρβας	*fo/rbas	n-s---mn-
Φόρβας	*fo/rbas	Φόρβης	*fo/rbhs	n-p---ma-
Φόρβας	*fo/rbas	Φόρβης	*fo/rbhs	n-s---mn-
Χρόνος	*xro/nos	χρόνος	xro/nos	n-s---mn-
αἰαῖ	ai)ai=	αἰαῖ	ai)ai=	x--------
αἰδῶ	ai)dw=	αἰδώ	ai)dw/	n-d---fn-
αἰδῶ	ai)dw=	αἰδώ	ai)dw/	n-d---fv-
αἰδῶ	ai)dw=	αἰδώ	ai)dw/	n-d---fa-
αἰδῶ	ai)dw=	αἰδώ	ai)dw/	n-s---fa-
αἰδῶ	ai)dw=	αἰδώς	ai)dw/s	n-d---fn-
αἰδῶ	ai)dw=	αἰδώς	ai)dw/s	n-d---fv-
αἰδῶ	ai)dw=	αἰδώς	ai)dw/s	n-d---fa-
αἰδῶ	ai)dw=	αἰδώς	ai)dw/s	n-s---fa-
αἰεί	ai)ei/	ἀεί	a)ei/	d--------
αἰθερίαν	ai)qeri/an	αἰθέριος	ai)qe/rios	a-s---fa-
αἰθέρα	ai)qe/ra	αἰθήρ	ai)qh/r	n-s---ma-
αἰθήρ	ai)qh/r	αἰθήρ	ai)qh/r	n-s---mn-
αἰνέσαι	ai)ne/sai	αἰνέω	ai)ne/w	v--ana---
αἰνέσαι	ai)ne/sai	αἰνέω	ai)ne/w	v3saoa---
αἰνέσας	ai)ne/sas	αἰνέω	ai)ne/w	v-sapamn-
αἰνέσας	ai)ne/sas	αἰνέω	ai)ne/w	v-sapamv-
αἰνίγματα	ai)ni/gmata	αἴνιγμα	ai)/nigma	n-p---nn-
αἰνίγματα	ai)ni/gmata	αἴνιγμα	ai)/nigma	n-p---nv-
αἰνίγματα	ai)ni/gmata	αἴνιγμα	ai)/nigma	n-p---na-
αἰνῶ	ai)nw=	αἰνέω	ai)ne/w	v1spsa---
αἰνῶ	ai)nw=	αἰνέω	ai)ne/w	v1spia---
αἰνῶ	ai)nw=	αἰνός	ai)no/s	a-s---mg-
αἰνῶ	ai)nw=	αἰνός	ai)no/s	a-s---ng-
αἰσχρόν	ai)sxro/n	αἰσχρός	ai)sxro/s	a-s---ma-
αἰσχρόν	ai)sxro/n	αἰσχρός	ai)sxro/s	a-s---nn-
αἰσχρόν	ai)sxro/n	αἰσχρός	ai)sxro/s	a-s---nv-
αἰσχρόν	ai)sxro/n	αἰσχρός	ai)sxro/s	a-s---na-
αἰσχρόν	ai)sxro/n	αἰσχρός	ai)sxro/s	n-s---ma-
αἰσχρόν	ai)sxro/n	αἰσχρός	ai)sxro/s	n-s---fa-
αἰσχρόν	ai)sxro/n	αἰσχρός	ai)sxro/s	n-s---nn-
αἰσχρόν	ai)sxro/n	αἰσχρός	ai)sxro/s	n-s---nv-
αἰσχρόν	ai)sxro/n	αἰσχρός	ai)sxro/s	n-s---na-
αἰσχρῶς	ai)sxrw=s	αἰσχρός	ai)sxro/s	x--------
αἰσχρῶς	ai)sxrw=s	αἰσχρός	ai)sxro/s	x--------
αἰσχύναις	ai)sxu/nais	αἰσχύνη	ai)sxu/nh	n-p---fd-
αἰσχύναις	ai)sxu/nais	αἰσχύνω	ai)sxu/nw	v-sapamn-
αἰσχύναις	ai)sxu/nais	αἰσχύνω	ai)sxu/nw	v-sapamv-
αἰσχύναις	ai)sxu/nais	αἰσχύνω	ai)sxu/nw	v2saoa---
αἰσχύνεται	ai)sxu/netai	αἰσχύνω	ai)sxu/nw	v3sasm---
αἰσχύνεται	ai)sxu/netai	αἰσχύνω	ai)sxu/nw	v3spie---
αἰτία	ai)ti/a	αἴτιος	ai)/tios	a-d---fn-
αἰτία	ai)ti/a	αἴτιος	ai)/tios	a-d---fv-
αἰτία	ai)ti/a	αἴτιος	ai)/tios	a-d---fa-
αἰτία	ai)ti/a	αἴτιος	ai)/tios	a-s---fn-
αἰτία	ai)ti/a	αἴτιος	ai)/tios	a-s---fv-
αἰτία	ai)ti/a	αἰτία	ai)ti/a	n-d---fn-
αἰτία	ai)ti/a	αἰτία	ai)ti/a	n-d---fv-
αἰτία	ai)ti/a	αἰτία	ai)ti/a	n-d---fa-
αἰτία	ai)ti/a	αἰτία	ai)ti/a	n-s---fn-
αἰτία	ai)ti/a	αἰτία	ai)ti/a	n-s---fv-
αἰώρημα	ai)w/rhma	αἰώρημα	ai)w/rhma	n-s---nn-
αἰώρημα	ai)w/rhma	αἰώρημα	ai)w/rhma	n-s---nv-
αἰώρημα	ai)w/rhma	αἰώρημα	ai)w/rhma	n-s---na-
αἰῶνα	ai)w=na	αἰών	ai)w/n	n-s---ma-
αἰῶνός	ai)w=no/s	αἰών	ai)w/n	n-s---mg-
αἱ	ai(	ὁ	o(	l-p---fn-
αἱ	ai(	ὁ	o(	l-p---fv-
αἱματοσταγῆ	ai(matostagh=	αἱματοσταγής	ai(matostagh/s	n-p---nn-
αἱματοσταγῆ	ai(matostagh=	αἱματοσταγής	ai(matostagh/s	n-p---nv-
αἱματοσταγῆ	ai(matostagh=	αἱματοσταγής	ai(matostagh/s	n-p---na-
αἱματοσταγῆ	ai(matostagh=	αἱματοσταγής	ai(matostagh/s	n-d---mn-
αἱματοσταγῆ	ai(matostagh=	αἱματοσταγής	ai(matostagh/s	n-d---mv-
αἱματοσταγῆ	ai(matostagh=	αἱματοσταγής	ai(matostagh/s	n-d---ma-
αἱματοσταγῆ	ai(matostagh=	αἱματοσταγής	ai(matostagh/s	n-d---fn-
αἱματοσταγῆ	ai(matostagh=	αἱματοσταγής	ai(matostagh/s	n-d---fv-
αἱματοσταγῆ	ai(matostagh=	αἱματοσταγής	ai(matostagh/s	n-d---fa-
αἱματοσταγῆ	ai(matostagh=	αἱματοσταγής	ai(matostagh/s	n-d---nn-
αἱματοσταγῆ	ai(matostagh=	αἱματοσταγής	ai(matostagh/s	n-d---nv-
αἱματοσταγῆ	ai(matostagh=	αἱματοσταγής	ai(matostagh/s	n-d---na-
αἱματοσταγῆ	ai(matostagh=	αἱματοσταγής	ai(matostagh/s	n-s---ma-
αἱματοσταγῆ	ai(matostagh=	αἱματοσταγής	ai(matostagh/s	n-s---fa-
αἱματοῦτε	ai(matou=te	αἱματόω	ai(mato/w	v2ppma---
αἱματοῦτε	ai(matou=te	αἱματόω	ai(mato/w	v2ppia---
αἱματοῦτε	ai(matou=te	αἱματόω	ai(mato/w	v2piia---
αἱρεῖσθαι	ai(rei=sqai	αἱρέω	ai(re/w	v--pne---
αἱροῖ	ai(roi=	αἱρέω	ai(re/w	v3spoa---
αἱρήσειν	ai(rh/sein	αἱρέω	ai(re/w	v--fna---
αἴγλαν	ai)/glan	αἴγλη	ai)/glh	n-s---fa-
αἴθοπι	ai)/qopi	αἶθοψ	ai)=qoy	n-s---md-
αἴθοπι	ai)/qopi	αἶθοψ	ai)=qoy	n-s---fd-
αἴνιγμα	ai)/nigma	αἴνιγμα	ai)/nigma	n-s---nn-
αἴνιγμα	ai)/nigma	αἴνιγμα	ai)/nigma	n-s---nv-
αἴνιγμα	ai)/nigma	αἴνιγμα	ai)/nigma	n-s---na-
αἴρει	ai)/rei	αἴρω	ai)/rw	v2spie---
αἴρει	ai)/rei	αἴρω	ai)/rw	v3spia---
αἴρω	ai)/rw	αἴρω	ai)/rw	v1spsa---
αἴρω	ai)/rw	αἴρω	ai)/rw	v1spia---
αἵ	ai(/	ὁ	o(	l-p---fn-
αἵ	ai(/	ὁ	o(	l-p---fv-
αἵ	ai(/	ὅς	o(/s	p-p---fn-
αἵδε	ai(/de	ὅδε	o(/de	n-p---fn-
αἵματός	ai(/mato/s	αἷμα	ai(=ma	n-s---ng-
αἵτινες	ai(/tines	ὅστις	o(/stis	p-p---fn-
αἶθρον	ai)=qron	αἶθρος	ai)=qros	n-s---ma-
αἶσα	ai)=sa	Αἶσα	*ai)=sa	n-s---fn-
αἶσα	ai)=sa	Αἶσα	*ai)=sa	n-s---fv-
αἷμα	ai(=ma	αἷμα	ai(=ma	n-s---nn-
αἷμα	ai(=ma	αἷμα	ai(=ma	n-s---nv-
αἷμα	ai(=ma	αἷμα	ai(=ma	n-s---na-
αἷς	ai(=s	ὅς	o(/s	p-p---fd-
αὐδάν	au)da/n	αὐδή	au)dh/	n-s---fa-
αὐδήν	au)dh/n	αὐδή	au)dh/	n-s---fa-
αὐθαίρετος	au)qai/retos	αὐθαίρετος	au)qai/retos	n-s---mn-
αὐθαίρετος	au)qai/retos	αὐθαίρετος	au)qai/retos	n-s---fn-
αὐθέντης	au)qe/nths	αὐθέντης	au)qe/nths	n-s---mn-
αὐθέντης	au)qe/nths	αὐθεντέω	au)qente/w	v2siia---
αὐθέντης	au)qe/nths	αὐθεντέω	au)qente/w	v2siia---
αὐξάνουσ’	au)ca/nous'	αὐξάνω	au)ca/nw	v-sppafn-
αὐξάνουσ’	au)ca/nous'	αὐξάνω	au)ca/nw	v-sppafv-
αὐξάνουσ’	au)ca/nous'	αὐξάνω	au)ca/nw	v-pppamd-
αὐξάνουσ’	au)ca/nous'	αὐξάνω	au)ca/nw	v-pppand-
αὐξάνουσ’	au)ca/nous'	αὐξάνω	au)ca/nw	v3ppia---
αὐξάνουσ’	au)ca/nous'	αὐξάνω	au)ca/nw	v-pppafn-
αὐξάνουσ’	au)ca/nous'	αὐξάνω	au)ca/nw	v-pppafv-
αὐταί	au)tai/	αὐτός	au)to/s	n-p---fn-
αὐταί	au)tai/	αὐτός	au)to/s	n-p---fv-
αὐτοί	au)toi/	αὐτός	au)to/s	n-p---mn-
αὐτοί	au)toi/	αὐτός	au)to/s	n-p---mv-
αὐτούς	au)tou/s	αὐτός	au)to/s	n-p---ma-
αὐτοῖς	au)toi=s	αὐτός	au)to/s	n-p---nd-
αὐτοῖς	au)toi=s	αὐτός	au)to/s	n-p---md-
αὐτοῦ	au)tou=	αὐτός	au)to/s	n-s---ng-
αὐτοῦ	au)tou=	αὐτός	au)to/s	n-s---mg-
αὐτοῦ	au)tou=	αὐτοῦ	au)tou=	d--------
αὐτά	au)ta/	αὐτός	au)to/s	n-p---nn-
αὐτά	au)ta/	αὐτός	au)to/s	n-p---nv-
αὐτά	au)ta/	αὐτός	au)to/s	n-p---na-
αὐτά	au)ta/	αὐτός	au)to/s	n-d---fn-
αὐτά	au)ta/	αὐτός	au)to/s	n-d---fv-
αὐτά	au)ta/	αὐτός	au)to/s	n-d---fa-
αὐτά	au)ta/	αὐτός	au)to/s	n-s---fn-
αὐτά	au)ta/	αὐτός	au)to/s	n-s---fv-
αὐτάς	au)ta/s	αὐτός	au)to/s	n-p---fa-
αὐτήν	au)th/n	αὐτός	au)to/s	n-s---fa-
αὐτίχ’	au)ti/x'	αὐτίκα	au)ti/ka	d--------
αὐτό	au)to/	αὐτός	au)to/s	n-s---nn-
αὐτό	au)to/	αὐτός	au)to/s	n-s---nv-
αὐτό	au)to/	αὐτός	au)to/s	n-s---na-
αὐτόν	au)to/n	αὐτός	au)to/s	n-s---ma-
αὐτός	au)to/s	αὐτός	au)to/s	n-s---mn-
αὐτῶν	au)tw=n	αὐτός	au)to/s	n-p---ng-
αὐτῶν	au)tw=n	αὐτός	au)to/s	n-p---fg-
αὐτῶν	au)tw=n	αὐτός	au)to/s	n-p---mg-
αὐτῷ	au)tw=|	αὐτός	au)to/s	n-s---nd-
αὐτῷ	au)tw=|	αὐτός	au)to/s	n-s---md-
αὑτοῦ	au(tou=	ἑαυτοῦ	e(autou=	n-s---ng-
αὑτοῦ	au(tou=	ἑαυτοῦ	e(autou=	n-s---mg-
αὑτῷ	au(tw=|	ἑαυτοῦ	e(autou=	n-s---nd-
αὑτῷ	au(tw=|	ἑαυτοῦ	e(autou=	n-s---md-
αὔξειν	au)/cein	αὐξάνω	au)ca/nw	v--pna---
αὔξεται	au)/cetai	αὐξάνω	au)ca/nw	v3spie---
αὔρα	au)/ra	αὔρα	au)/ra	n-d---fn-
αὔρα	au)/ra	αὔρα	au)/ra	n-d---fv-
αὔρα	au)/ra	αὔρα	au)/ra	n-d---fa-
αὔρα	au)/ra	αὔρα	au)/ra	n-s---fn-
αὔρα	au)/ra	αὔρα	au)/ra	n-s---fv-
αὔραις	au)/rais	αὔρα	au)/ra	n-p---fd-
αὖ	au)=	αὗ	au(=	x--------
αὖ	au)=	αὖ	au)=	d--------
αὖθις	au)=qis	αὖθις	au)=qis	d--------
βαλεῖν	balei=n	βάλλω	ba/llw	v--ana---
βαλεῖν	balei=n	βάλλω	ba/llw	v--fna---
βαλοῦσα	balou=sa	βάλλω	ba/llw	v-sapafn-
βαλοῦσα	balou=sa	βάλλω	ba/llw	v-sapafv-
βαλοῦσα	balou=sa	βάλλω	ba/llw	v-sfpafn-
βαλοῦσα	balou=sa	βάλλω	ba/llw	v-sfpafv-
βαρύς	baru/s	βαρύς	baru/s	a-s---mn-
βασιλεύς	basileu/s	βασιλεύς	basileu/s	n-s---mn-
βαίνει	bai/nei	βαίνω	bai/nw	v2spie---
βαίνει	bai/nei	βαίνω	bai/nw	v3spia---
βεβούλευσαι	bebou/leusai	βουλεύω	bouleu/w	v2srie---
βεβούλευσαι	bebou/leusai	βουλεύω	bouleu/w	v2srie---
βεβώς	bebw/s	βαίνω	bai/nw	v-srpamn-
βεβώς	bebw/s	βαίνω	bai/nw	v-srpamv-
βεβώς	bebw/s	βαίνω	bai/nw	v-srpamn-
βεβᾶσιν	beba=sin	βαίνω	bai/nw	v3pria---
βιαίους	biai/ous	βίαιος	bi/aios	a-p---ma-
βιαίους	biai/ous	βίαιος	bi/aios	n-p---ma-
βιαίους	biai/ous	βίαιος	bi/aios	n-p---fa-
βλεφάροις	blefa/rois	βλέφαρον	ble/faron	n-p---nd-
βλεφάρων	blefa/rwn	βλέφαρον	ble/faron	n-p---ng-
βλάπτεται	bla/ptetai	βλάπτω	bla/ptw	v3spie---
βλάπτων	bla/ptwn	βλάπτω	bla/ptw	v-sppamn-
βλάψαι	bla/yai	βλάπτω	bla/ptw	v2samm---
βλάψαι	bla/yai	βλάπτω	bla/ptw	v--ana---
βλάψαι	bla/yai	βλάπτω	bla/ptw	v3saoa---
βλέποντες	ble/pontes	βλέπω	ble/pw	v-pppamn-
βλέποντες	ble/pontes	βλέπω	ble/pw	v-pppamv-
βλέπουσιν	ble/pousin	βλέπω	ble/pw	v-pppamd-
βλέπουσιν	ble/pousin	βλέπω	ble/pw	v-pppand-
βλέπουσιν	ble/pousin	βλέπω	ble/pw	v3ppia---
βλέψαντα	ble/yanta	βλέπω	ble/pw	v-papann-
βλέψαντα	ble/yanta	βλέπω	ble/pw	v-papanv-
βλέψαντα	ble/yanta	βλέπω	ble/pw	v-papana-
βλέψαντα	ble/yanta	βλέπω	ble/pw	v-sapama-
βλέψασ’	ble/yas'	βλέπω	ble/pw	v-sapafn-
βλέψασ’	ble/yas'	βλέπω	ble/pw	v-sapafv-
βλέψασ’	ble/yas'	βλέπω	ble/pw	v-papamd-
βλέψασ’	ble/yas'	βλέπω	ble/pw	v-papand-
βλέψασ’	ble/yas'	βλέπω	ble/pw	v-papafn-
βλέψασ’	ble/yas'	βλέπω	ble/pw	v-papafv-
βλέψον	ble/yon	βλέπω	ble/pw	v2sama---
βλήματ’	blh/mat'	βλῆμα	blh=ma	n-p---nn-
βλήματ’	blh/mat'	βλῆμα	blh=ma	n-p---nv-
βλήματ’	blh/mat'	βλῆμα	blh=ma	n-p---na-
βλήματ’	blh/mat'	βλῆμα	blh=ma	n-s---nd-
βλήματ’	blh/mat'	βλῆμα	blh=ma	n-d---nn-
βλήματ’	blh/mat'	βλῆμα	blh=ma	n-d---nv-
βλήματ’	blh/mat'	βλῆμα	blh=ma	n-d---na-
βοράν	bora/n	βορά	bora/	n-s---fa-
βοράν	bora/n	βορός	boro/s	a-s---fa-
βορᾷ	bora=|	βορά	bora/	n-s---fd-
βορᾷ	bora=|	βοράω	bora/w	v2spse---
βορᾷ	bora=|	βοράω	bora/w	v2spie---
βορᾷ	bora=|	βοράω	bora/w	v3spsa---
βορᾷ	bora=|	βοράω	bora/w	v3spia---
βορᾷ	bora=|	βοράζω	bora/zw	v2sfim---
βορᾷ	bora=|	βοράζω	bora/zw	v3sfia---
βορᾷ	bora=|	βορός	boro/s	a-s---fd-
βουλευμάτων	bouleuma/twn	βούλευμα	bou/leuma	n-p---ng-
βουλεύμασιν	bouleu/masin	βούλευμα	bou/leuma	n-p---nd-
βοή	boh/	βοή	boh/	n-s---fn-
βοή	boh/	βοή	boh/	n-s---fv-
βούλευμ’	bou/leum'	βούλευμα	bou/leuma	n-s---nn-
βούλευμ’	bou/leum'	βούλευμα	bou/leuma	n-s---nv-
βούλευμ’	bou/leum'	βούλευμα	bou/leuma	n-s---na-
βούλομαι	bou/lomai	βούλομαι	bou/lomai	v1spie---
βούλῃ	bou/lh|	βούλομαι	bou/lomai	v2spse---
βούλῃ	bou/lh|	βούλομαι	bou/lomai	v2spie---
βοῇ	boh=|	βόειος	bo/eios	a-s---fd-
βοῇ	boh=|	βοάω	boa/w	v2spse---
βοῇ	boh=|	βοάω	boa/w	v2spie---
βοῇ	boh=|	βοάω	boa/w	v3spsa---
βοῇ	boh=|	βοάω	boa/w	v3spia---
βοῇ	boh=|	βοάω	boa/w	v2spse---
βοῇ	boh=|	βοάω	boa/w	v2spie---
βοῇ	boh=|	βοάω	boa/w	v3spsa---
βοῇ	boh=|	βοείη	boei/h	n-s---fd-
βοῇ	boh=|	βοεύς	boeu/s	n-s---md-
βοῇ	boh=|	βοή	boh/	n-s---fd-
βραχεῖ	braxei=	βραχύς	braxu/s	a-s---md-
βραχεῖ	braxei=	βραχύς	braxu/s	a-s---nd-
βραχιόνων	braxio/nwn	βραχίων	braxi/wn	n-p---mg-
βραχιόνων	braxio/nwn	βραχύς	braxu/s	a-p----g-
βραχιόνων	braxio/nwn	βραχύς	braxu/s	a-p----g-
βραχίοσιν	braxi/osin	βραχίων	braxi/wn	n-p---md-
βραχίοσιν	braxi/osin	βραχύς	braxu/s	a-p----d-
βραχίοσιν	braxi/osin	βραχύς	braxu/s	a-p----d-
βροτείαν	brotei/an	βρότειος	bro/teios	a-s---fa-
βροτούς	brotou/s	βροτός	broto/s	n-p---ma-
βροτοῖς	brotoi=s	βροτός	broto/s	n-p---md-
βροτοῖσιν	brotoi=sin	βροτός	broto/s	n-p---md-
βροτοῖσίν	brotoi=si/n	βροτός	broto/s	n-p---md-
βροτῶν	brotw=n	βροτός	broto/s	n-p---mg-
βρωτοῖσι	brwtoi=si	βρωτός	brwto/s	a-p---md-
βρωτοῖσι	brwtoi=si	βρωτός	brwto/s	a-p---nd-
βρέφος	bre/fos	βρέφος	bre/fos	n-s---nn-
βρέφος	bre/fos	βρέφος	bre/fos	n-s---nv-
βρέφος	bre/fos	βρέφος	bre/fos	n-s---na-
βωμούς	bwmou/s	βωμός	bwmo/s	n-p---ma-
βωμίαν	bwmi/an	βώμιος	bw/mios	a-s---fa-
βάθρα	ba/qra	βάθρα	ba/qra	n-d---fn-
βάθρα	ba/qra	βάθρα	ba/qra	n-d---fv-
βάθρα	ba/qra	βάθρα	ba/qra	n-d---fa-
βάθρα	ba/qra	βάθρα	ba/qra	n-s---fn-
βάθρα	ba/qra	βάθρα	ba/qra	n-s---fv-
βάθρα	ba/qra	βάθρον	ba/qron	n-p---nn-
βάθρα	ba/qra	βάθρον	ba/qron	n-p---nv-
βάθρα	ba/qra	βάθρον	ba/qron	n-p---na-
βάξιν	ba/cin	βάξις	ba/cis	n-s---fa-
βάρος	ba/ros	βάρος	ba/ros	n-s---nn-
βάρος	ba/ros	βάρος	ba/ros	n-s---nv-
βάρος	ba/ros	βάρος	ba/ros	n-s---na-
βάσταγμα	ba/stagma	βάσταγμα	ba/stagma	n-s---nn-
βάσταγμα	ba/stagma	βάσταγμα	ba/stagma	n-s---nv-
βάσταγμα	ba/stagma	βάσταγμα	ba/stagma	n-s---na-
βέβηκε	be/bhke	βαίνω	bai/nw	v2srma---
βέβηκε	be/bhke	βαίνω	bai/nw	v3sria---
βέβηκεν	be/bhken	βαίνω	bai/nw	v3sria---
βέβηκεν	be/bhken	βαίνω	bai/nw	v3plia---
βέλος	be/los	βέλος	be/los	n-s---nn-
βέλος	be/los	βέλος	be/los	n-s---nv-
βέλος	be/los	βέλος	be/los	n-s---na-
βίαν	bi/an	βία	bi/a	n-s---fa-
βίαν	bi/an	βιάω	bia/w	v3piia---
βίαν	bi/an	βιάω	bia/w	v1siia---
βίαν	bi/an	βιάω	bia/w	v3piia---
βίαν	bi/an	βιάω	bia/w	v1siia---
βίον	bi/on	βίος	bi/os	n-s---ma-
βίον	bi/on	βιόω	bio/w	v3paia---
βίος	bi/os	βίος	bi/os	n-s---mn-
βίοτον	bi/oton	βίοτος	bi/otos	n-s---ma-
βίου	bi/ou	βίος	bi/os	n-s---mg-
βίου	bi/ou	βιόω	bio/w	v2spma---
βίου	bi/ou	βιόω	bio/w	v2siie---
βίου	bi/ou	βιόω	bio/w	v3siia---
βίᾳ	bi/a|	βία	bi/a	n-p---fn-
βίᾳ	bi/a|	βία	bi/a	n-p---fv-
βίᾳ	bi/a|	βία	bi/a	n-s---fd-
βίῳ	bi/w|	βίος	bi/os	n-s---md-
βᾶθι	ba=qi	βαίνω	bai/nw	v2sama---
βῆναι	bh=nai	βαίνω	bai/nw	v--ana---
γαμβροῖς	gambroi=s	γαμβρός	gambro/s	n-p---md-
γαμβρῷ	gambrw=|	γαμβρός	gambro/s	n-s---md-
γαμέτα	game/ta	γαμέτης	game/ths	n-d---mn-
γαμέτα	game/ta	γαμέτης	game/ths	n-d---mv-
γαμέτα	game/ta	γαμέτης	game/ths	n-d---ma-
γαμέτα	game/ta	γαμέτης	game/ths	n-s---mv-
γαμέτα	game/ta	γαμέτης	game/ths	n-s---mg-
γαμέτα	game/ta	γαμέτης	game/ths	n-s---mn-
γαμέτας	game/tas	γαμέτης	game/ths	n-p---ma-
γαμέτας	game/tas	γαμέτης	game/ths	n-s---mn-
γαστρός	gastro/s	γαστήρ	gasth/r	n-s---fg-
γαίας	gai/as	γαῖα	gai=a	n-p---fa-
γαίας	gai/as	γαῖα	gai=a	n-s---fg-
γαίας	gai/as	γαῖα	gai=a	n-p---fa-
γαίας	gai/as	γαῖα	gai=a	n-s---fg-
γαῖαν	gai=an	γαῖα	gai=a	n-s---fa-
γαῦρον	gau=ron	γαῦρος	gau=ros	n-s---ma-
γαῦρον	gau=ron	γαῦρος	gau=ros	n-s---fa-
γαῦρον	gau=ron	γαῦρος	gau=ros	n-s---nn-
γαῦρον	gau=ron	γαῦρος	gau=ros	n-s---nv-
γαῦρον	gau=ron	γαῦρος	gau=ros	n-s---na-
γαῦρος	gau=ros	γαῦρος	gau=ros	n-s---mn-
γαῦρος	gau=ros	γαῦρος	gau=ros	n-s---fn-
γε	ge	γε	ge	g--------
γεγραμμένων	gegramme/nwn	γράφω	gra/fw	v-prpefg-
γεγραμμένων	gegramme/nwn	γράφω	gra/fw	v-prpemg-
γεγραμμένων	gegramme/nwn	γράφω	gra/fw	v-prpeng-
γεγώς	gegw/s	γίγνομαι	gi/gnomai	v-srpamn-
γεγώς	gegw/s	γίγνομαι	gi/gnomai	v-srpamv-
γενειάδα	geneia/da	γενειάς	geneia/s	n-s---fa-
γενειάδος	geneia/dos	γενειάς	geneia/s	n-s---fg-
γενναίας	gennai/as	γενναῖος	gennai=os	a-p---fa-
γενναίας	gennai/as	γενναῖος	gennai=os	a-s---fg-
γενναίων	gennai/wn	γενναῖος	gennai=os	a-p---fg-
γενναίων	gennai/wn	γενναῖος	gennai=os	a-p---mg-
γενναίων	gennai/wn	γενναῖος	gennai=os	a-p---ng-
γενναίων	gennai/wn	γενναῖος	gennai=os	n-p---mg-
γενναίων	gennai/wn	γενναῖος	gennai=os	n-p---fg-
γενναίων	gennai/wn	γενναῖος	gennai=os	n-p---ng-
γενναῖα	gennai=a	γενναῖος	gennai=os	a-p---nn-
γενναῖα	gennai=a	γενναῖος	gennai=os	a-p---nv-
γενναῖα	gennai=a	γενναῖος	gennai=os	a-p---na-
γενναῖα	gennai=a	γενναῖος	gennai=os	n-p---nn-
γενναῖα	gennai=a	γενναῖος	gennai=os	n-p---nv-
γενναῖα	gennai=a	γενναῖος	gennai=os	n-p---na-
γενναῖον	gennai=on	γενναῖος	gennai=os	a-s---ma-
γενναῖον	gennai=on	γενναῖος	gennai=os	a-s---nn-
γενναῖον	gennai=on	γενναῖος	gennai=os	a-s---nv-
γενναῖον	gennai=on	γενναῖος	gennai=os	a-s---na-
γενναῖον	gennai=on	γενναῖος	gennai=os	n-s---ma-
γενναῖον	gennai=on	γενναῖος	gennai=os	n-s---fa-
γενναῖον	gennai=on	γενναῖος	gennai=os	n-s---nn-
γενναῖον	gennai=on	γενναῖος	gennai=os	n-s---nv-
γενναῖον	gennai=on	γενναῖος	gennai=os	n-s---na-
γενοῦ	genou=	γίγνομαι	gi/gnomai	v2samm---
γενέσθαι	gene/sqai	γίγνομαι	gi/gnomai	v--anm---
γενήσομαι	genh/somai	γίγνομαι	gi/gnomai	v1sfim---
γεραιαί	geraiai/	γεραιός	geraio/s	a-p---fn-
γεραιαί	geraiai/	γεραιός	geraio/s	a-p---fv-
γεραιά	geraia/	γεραιός	geraio/s	a-p---nn-
γεραιά	geraia/	γεραιός	geraio/s	a-p---nv-
γεραιά	geraia/	γεραιός	geraio/s	a-p---na-
γεραιά	geraia/	γεραιός	geraio/s	a-d---fn-
γεραιά	geraia/	γεραιός	geraio/s	a-d---fv-
γεραιά	geraia/	γεραιός	geraio/s	a-d---fa-
γεραιά	geraia/	γεραιός	geraio/s	a-s---fn-
γεραιά	geraia/	γεραιός	geraio/s	a-s---fv-
γεραιάν	geraia/n	γεραιός	geraio/s	a-s---fa-
γεραιάς	geraia/s	γεραιός	geraio/s	a-p---fa-
γεραιόν	geraio/n	γεραιός	geraio/s	a-s---ma-
γεραιόν	geraio/n	γεραιός	geraio/s	a-s---nn-
γεραιόν	geraio/n	γεραιός	geraio/s	a-s---nv-
γεραιόν	geraio/n	γεραιός	geraio/s	a-s---na-
γεραιός	geraio/s	γεραιός	geraio/s	a-s---mn-
γεραιῶν	geraiw=n	γεραιός	geraio/s	a-p---fg-
γεραιῶν	geraiw=n	γεραιός	geraio/s	a-p---mg-
γεραιῶν	geraiw=n	γεραιός	geraio/s	a-p---ng-
γερασμίων	gerasmi/wn	γεράσμιος	gera/smios	n-p---mg-
γερασμίων	gerasmi/wn	γεράσμιος	gera/smios	n-p---fg-
γερασμίων	gerasmi/wn	γεράσμιος	gera/smios	n-p---ng-
γεραίρεται	gerai/retai	γεραίρω	gerai/rw	v3spie---
γερόντων	gero/ntwn	γέρων	ge/rwn	n-p---mg-
γηροβοσκόν	ghrobosko/n	γηροβοσκός	ghrobosko/s	n-s---ma-
γηροβοσκόν	ghrobosko/n	γηροβοσκός	ghrobosko/s	n-s---fa-
γηροβοσκόν	ghrobosko/n	γηροβοσκός	ghrobosko/s	n-s---nn-
γηροβοσκόν	ghrobosko/n	γηροβοσκός	ghrobosko/s	n-s---nv-
γηροβοσκόν	ghrobosko/n	γηροβοσκός	ghrobosko/s	n-s---na-
γηράσκω	ghra/skw	γηράσκω	ghra/skw	v1spsa---
γηράσκω	ghra/skw	γηράσκω	ghra/skw	v1spia---
γιγνώσκειν	gignw/skein	γιγνώσκω	gignw/skw	v--pna---
γιγνώσκομεν	gignw/skomen	γιγνώσκω	gignw/skw	v1ppia---
γιγνώσκομεν	gignw/skomen	γιγνώσκω	gignw/skw	v1piia---
γλαυκήν	glaukh/n	γλαυκός	glauko/s	a-s---fa-
γλυκεῖαι	glukei=ai	γλυκύς	gluku/s	a-p---fn-
γλυκεῖαι	glukei=ai	γλυκύς	gluku/s	a-p---fv-
γλώσσαις	glw/ssais	γλῶσσα	glw=ssa	n-p---fd-
γλώσσαις	glw/ssais	γλῶσσα	glw=ssa	n-p---fd-
γλώσσης	glw/sshs	γλῶσσα	glw=ssa	n-s---fg-
γλώσσης	glw/sshs	γλῶσσα	glw=ssa	n-s---fg-
γλώσσῃ	glw/ssh|	γλῶσσα	glw=ssa	n-s---fd-
γλώσσῃ	glw/ssh|	γλῶσσα	glw=ssa	n-s---fd-
γλῶσσαν	glw=ssan	γλῶσσα	glw=ssa	n-s---fa-
γνόντας	gno/ntas	γιγνώσκω	gignw/skw	v-papama-
γνώμαισιν	gnw/maisin	γνώμη	gnw/mh	n-p---fd-
γνώμην	gnw/mhn	γνώμη	gnw/mh	n-s---fa-
γνώμης	gnw/mhs	γνώμη	gnw/mh	n-s---fg-
γνώμῃ	gnw/mh|	γνώμη	gnw/mh	n-s---fd-
γνώσῃ	gnw/sh|	γιγνώσκω	gignw/skw	v2sfim---
γνώσῃ	gnw/sh|	γνῶσις	gnw=sis	n-s---fd-
γνῶτε	gnw=te	γιγνώσκω	gignw/skw	v2pama---
γνῶτε	gnw=te	γιγνώσκω	gignw/skw	v2pasa---
γνῶτε	gnw=te	γιγνώσκω	gignw/skw	v2paia---
γονάτων	gona/twn	γόνυ	go/nu	n-p---ng-
γονάτων	gona/twn	γονάω	gona/w	v3ppma---
γονάτων	gona/twn	γονάω	gona/w	v3dpma---
γοργόν	gorgo/n	γοργός	gorgo/s	a-s---ma-
γοργόν	gorgo/n	γοργός	gorgo/s	a-s---nn-
γοργόν	gorgo/n	γοργός	gorgo/s	a-s---nv-
γοργόν	gorgo/n	γοργός	gorgo/s	a-s---na-
γούνασιν	gou/nasin	γόνυ	go/nu	n-p---nd-
γραίας	grai/as	γραίη	grai/h	n-p---fa-
γραίας	grai/as	γραίη	grai/h	n-s---fg-
γραίας	grai/as	γραῖα	grai=a	n-p---fa-
γραίας	grai/as	γραῖα	grai=a	n-s---fg-
γραίας	grai/as	γραῖα	grai=a	n-p---fa-
γραίας	grai/as	γραῖα	grai=a	n-s---fg-
γραίας	grai/as	γραῖος	grai=os	a-p---fa-
γραίας	grai/as	γραῖος	grai=os	a-s---fg-
γραῦς	grau=s	γραῦς	grau=s	n-p---fa-
γραῦς	grau=s	γραῦς	grau=s	n-s---fn-
γυναιξί	gunaici/	γυνή	gunh/	n-p---fd-
γυναιξίν	gunaici/n	γυνή	gunh/	n-p---fd-
γυναῖκας	gunai=kas	γυνή	gunh/	n-p---fa-
γυναῖκες	gunai=kes	γυνή	gunh/	n-p---fn-
γυναῖκες	gunai=kes	γυνή	gunh/	n-p---fv-
γάμοι	ga/moi	γάμος	ga/mos	n-p---mn-
γάμοι	ga/moi	γάμος	ga/mos	n-p---mv-
γάμον	ga/mon	γάμος	ga/mos	n-s---ma-
γάμους	ga/mous	γάμος	ga/mos	n-p---ma-
γάμων	ga/mwn	γάμος	ga/mos	n-p---mg-
γάνος	ga/nos	γάνος	ga/nos	n-s---nn-
γάνος	ga/nos	γάνος	ga/nos	n-s---nv-
γάνος	ga/nos	γάνος	ga/nos	n-s---na-
γάρ	ga/r	γάρ	ga/r	g--------
γέλωτ’	ge/lwt'	γέλως	ge/lws	n-s---ma-
γέλωτ’	ge/lwt'	γέλως	ge/lws	n-s---md-
γέλωτ’	ge/lwt'	γέλως	ge/lws	n-d---mn-
γέλωτ’	ge/lwt'	γέλως	ge/lws	n-d---mv-
γέλωτ’	ge/lwt'	γέλως	ge/lws	n-d---ma-
γένηται	ge/nhtai	γίγνομαι	gi/gnomai	v3sasm---
γένοιτο	ge/noito	γίγνομαι	gi/gnomai	v3saom---
γένοιτ’	ge/noit'	γίγνομαι	gi/gnomai	v3saom---
γένος	ge/nos	γένος	ge/nos	n-s---nn-
γένος	ge/nos	γένος	ge/nos	n-s---nv-
γένος	ge/nos	γένος	ge/nos	n-s---na-
γένυν	ge/nun	γένυς	ge/nus	n-s---fa-
γέρον	ge/ron	γέρων	ge/rwn	n-s---mv-
γέροντας	ge/rontas	γέρων	ge/rwn	n-p---ma-
γέροντες	ge/rontes	γέρων	ge/rwn	n-p---mn-
γέροντες	ge/rontes	γέρων	ge/rwn	n-p---mv-
γέροντι	ge/ronti	γέρων	ge/rwn	n-s---md-
γέρων	ge/rwn	γέρων	ge/rwn	n-s---mn-
γίγνεται	gi/gnetai	γίγνομαι	gi/gnomai	v3spie---
γόνος	go/nos	γόνος	go/nos	n-s---mn-
γόνος	go/nos	γόνος	go/nos	n-s---fn-
γόνυ	go/nu	γόνυ	go/nu	n-s---nn-
γόνυ	go/nu	γόνυ	go/nu	n-s---nv-
γόνυ	go/nu	γόνυ	go/nu	n-s---na-
γόοισι	go/oisi	γόος	go/os	n-p---md-
γόον	go/on	γόος	go/os	n-s---ma-
γόον	go/on	γοάω	goa/w	v3paia---
γόον	go/on	γοάω	goa/w	v1saia---
γόους	go/ous	γόος	go/os	n-p---ma-
γόων	go/wn	γόος	go/os	n-p---mg-
γόων	go/wn	γοάω	goa/w	v3piia---
γόων	go/wn	γοάω	goa/w	v1siia---
γύναι	gu/nai	γυνή	gunh/	n-s---fv-
γᾶν	ga=n	Γαῖα	*gai=a	n-s---fa-
γᾶν	ga=n	γῆ	gh=	n-s---fa-
γᾶς	ga=s	Γαῖα	*gai=a	n-p---fa-
γᾶς	ga=s	Γαῖα	*gai=a	n-s---fg-
γᾶς	ga=s	γῆ	gh=	n-p---fa-
γᾶς	ga=s	γῆ	gh=	n-s---fg-
γῆ	gh=	Γαῖα	*gai=a	n-s---fn-
γῆ	gh=	Γαῖα	*gai=a	n-s---fv-
γῆ	gh=	γῆ	gh=	n-s---fn-
γῆ	gh=	γῆ	gh=	n-s---fv-
γῆν	gh=n	Γαῖα	*gai=a	n-s---fa-
γῆν	gh=n	γῆ	gh=	n-s---fa-
γῆρας	gh=ras	γῆρας	gh=ras	n-s---nn-
γῆρας	gh=ras	γῆρας	gh=ras	n-s---nv-
γῆρας	gh=ras	γῆρας	gh=ras	n-s---na-
γῆς	gh=s	Γαῖα	*gai=a	n-s---fg-
γῆς	gh=s	γῆ	gh=	n-s---fg-
γῇ	gh=|	Γαῖα	*gai=a	n-s---fd-
γῇ	gh=|	γῆ	gh=	n-s---fd-
δαιμόνων	daimo/nwn	δαίμων	dai/mwn	n-p---mg-
δαιμόνων	daimo/nwn	δαίμων	dai/mwn	n-p---fg-
δαιμόνων	daimo/nwn	δαιμονάω	daimona/w	v3piia---
δαιμόνων	daimo/nwn	δαιμονάω	daimona/w	v1siia---
δακρυρρόει	dakrurro/ei	δακρυρροέω	dakrurroe/w	v2spma---
δακρυρρόει	dakrurro/ei	δακρυρροέω	dakrurroe/w	v3siia---
δακρυρρόους	dakrurro/ous	δακρύρροος	dakru/rroos	n-p---ma-
δακρυρρόους	dakrurro/ous	δακρύρροος	dakru/rroos	n-p---fa-
δαμασθείς	damasqei/s	δαμάζω	dama/zw	v-sappmn-
δαμασθείς	damasqei/s	δαμάζω	dama/zw	v-sappmv-
δαπέδων	dape/dwn	δάπεδον	da/pedon	n-p---ng-
δαίμονας	dai/monas	δαίμων	dai/mwn	n-p---ma-
δαίμονας	dai/monas	δαίμων	dai/mwn	n-p---fa-
δαίμονος	dai/monos	δαίμων	dai/mwn	n-s---mg-
δαίμονος	dai/monos	δαίμων	dai/mwn	n-s---fg-
δαίμων	dai/mwn	δαίμων	dai/mwn	n-s---mn-
δαίμων	dai/mwn	δαίμων	dai/mwn	n-s---mv-
δαίμων	dai/mwn	δαίμων	dai/mwn	n-s---fn-
δαίμων	dai/mwn	δαίμων	dai/mwn	n-s---fv-
δεδοικέναι	dedoike/nai	δείδω	dei/dw	v--rna---
δεδοικώς	dedoikw/s	δείδω	dei/dw	v-srpamn-
δεδοικώς	dedoikw/s	δείδω	dei/dw	v-srpamv-
δειλαία	deilai/a	δείλαιος	dei/laios	a-d---fn-
δειλαία	deilai/a	δείλαιος	dei/laios	a-d---fv-
δειλαία	deilai/a	δείλαιος	dei/laios	a-d---fa-
δειλαία	deilai/a	δείλαιος	dei/laios	a-s---fn-
δειλαία	deilai/a	δείλαιος	dei/laios	a-s---fv-
δειλίαν	deili/an	δειλία	deili/a	n-s---fa-
δειλίαν	deili/an	δειλιάω	deilia/w	v3piia---
δειλίαν	deili/an	δειλιάω	deilia/w	v1siia---
δειλός	deilo/s	δειλός	deilo/s	a-s---mn-
δειμαίνων	deimai/nwn	δειμαίνω	deimai/nw	v-sppamn-
δεινοί	deinoi/	δεινός	deino/s	a-p---mn-
δεινοί	deinoi/	δεινός	deino/s	a-p---mv-
δεινοί	deinoi/	δεινόω	deino/w	v2spse---
δεινοί	deinoi/	δεινόω	deino/w	v2spie---
δεινοί	deinoi/	δεινόω	deino/w	v3spsa---
δεινοῖσίν	deinoi=si/n	δεινός	deino/s	a-p---md-
δεινοῖσίν	deinoi=si/n	δεινός	deino/s	a-p---nd-
δεινοῖσίν	deinoi=si/n	δεινόω	deino/w	v-pppamd-
δεινοῖσίν	deinoi=si/n	δεινόω	deino/w	v-pppand-
δεινοῖσίν	deinoi=si/n	δεινόω	deino/w	v3spsa---
δεινοῖσίν	deinoi=si/n	δεινόω	deino/w	v3ppia---
δεινά	deina/	δεινός	deino/s	a-p---nn-
δεινά	deina/	δεινός	deino/s	a-p---nv-
δεινά	deina/	δεινός	deino/s	a-p---na-
δεινά	deina/	δεινός	deino/s	a-d---fn-
δεινά	deina/	δεινός	deino/s	a-d---fv-
δεινά	deina/	δεινός	deino/s	a-d---fa-
δεινά	deina/	δεινός	deino/s	a-s---fn-
δεινά	deina/	δεινός	deino/s	a-s---fv-
δεινόν	deino/n	δεινός	deino/s	a-s---ma-
δεινόν	deino/n	δεινός	deino/s	a-s---nn-
δεινόν	deino/n	δεινός	deino/s	a-s---nv-
δεινόν	deino/n	δεινός	deino/s	a-s---na-
δεινός	deino/s	δεινός	deino/s	a-s---mn-
δεινῆς	deinh=s	δεινάζω	deina/zw	v2sfia---
δεινῆς	deinh=s	δεινός	deino/s	a-s---fg-
δειχθεῖσα	deixqei=sa	δείκνυμι	dei/knumi	v-sappfn-
δειχθεῖσα	deixqei=sa	δείκνυμι	dei/knumi	v-sappfv-
δεκάδος	deka/dos	δεκάς	deka/s	n-s---fg-
δεξιοῦ	deciou=	δεξιόομαι	decio/omai	v2spme---
δεξιοῦ	deciou=	δεξιόομαι	decio/omai	v2spme---
δεξιοῦ	deciou=	δεξιόομαι	decio/omai	v2siie---
δεξιοῦ	deciou=	δεξιός	decio/s	a-s---mg-
δεξιοῦ	deciou=	δεξιός	decio/s	a-s---ng-
δεξιπύρους	decipu/rous	δεξίπυρος	deci/puros	n-p---ma-
δεξιπύρους	decipu/rous	δεξίπυρος	deci/puros	n-p---fa-
δεξιόν	decio/n	δεξιός	decio/s	a-s---ma-
δεξιόν	decio/n	δεξιός	decio/s	a-s---nn-
δεξιόν	decio/n	δεξιός	decio/s	a-s---nv-
δεξιόν	decio/n	δεξιός	decio/s	a-s---na-
δεομένην	deome/nhn	δέομαι	de/omai	v-sppefa-
δεομένην	deome/nhn	δέω1	de/w1	v-sppefa-
δεομένην	deome/nhn	δέω2	de/w2	v-sppefa-
δεομένην	deome/nhn	δέω2	de/w2	v-sppmfa-
δεσμόν	desmo/n	δεσμός	desmo/s	n-s---ma-
δεσποτῶν	despotw=n	δεσπότης	despo/ths	n-p---mg-
δεσποτῶν	despotw=n	δεσποτέω	despote/w	v-sppamn-
δεσπόζοντ’	despo/zont'	δεσπόζω	despo/zw	v-pppann-
δεσπόζοντ’	despo/zont'	δεσπόζω	despo/zw	v-pppanv-
δεσπόζοντ’	despo/zont'	δεσπόζω	despo/zw	v-pppana-
δεσπόζοντ’	despo/zont'	δεσπόζω	despo/zw	v-sppama-
δεσπόζοντ’	despo/zont'	δεσπόζω	despo/zw	v-sppamd-
δεσπόζοντ’	despo/zont'	δεσπόζω	despo/zw	v-sppand-
δεσπόζοντ’	despo/zont'	δεσπόζω	despo/zw	v3ppia---
δεσπόζοντ’	despo/zont'	δεσπόζω	despo/zw	v-dppamn-
δεσπόζοντ’	despo/zont'	δεσπόζω	despo/zw	v-dppamv-
δεσπόζοντ’	despo/zont'	δεσπόζω	despo/zw	v-dppama-
δεσπόζοντ’	despo/zont'	δεσπόζω	despo/zw	v-dppann-
δεσπόζοντ’	despo/zont'	δεσπόζω	despo/zw	v-dppanv-
δεσπόζοντ’	despo/zont'	δεσπόζω	despo/zw	v-dppana-
δεσπόζοντ’	despo/zont'	δεσπόζω	despo/zw	v3ppie---
δεσπόζοντ’	despo/zont'	δεσπόζω	despo/zw	v3piie---
δείν’	dei/n'	δεινός	deino/s	a-p---nn-
δείν’	dei/n'	δεινός	deino/s	a-p---nv-
δείν’	dei/n'	δεινός	deino/s	a-p---na-
δείν’	dei/n'	δεινός	deino/s	a-d---fn-
δείν’	dei/n'	δεινός	deino/s	a-d---fv-
δείν’	dei/n'	δεινός	deino/s	a-d---fa-
δείν’	dei/n'	δεινός	deino/s	a-s---fn-
δείν’	dei/n'	δεινός	deino/s	a-s---fv-
δείν’	dei/n'	δεινός	deino/s	a-s---mv-
δείν’	dei/n'	δεινός	deino/s	a-p---fn-
δείν’	dei/n'	δεινός	deino/s	a-p---fv-
δείσας	dei/sas	δείδω	dei/dw	v-sapamn-
δείσας	dei/sas	δείδω	dei/dw	v-sapamv-
δείσας	dei/sas	δεῖσα	dei=sa	n-p---fa-
δείσας	dei/sas	δεῖσα	dei=sa	n-s---fg-
δείσασ’	dei/sas'	δείδω	dei/dw	v-sapafn-
δείσασ’	dei/sas'	δείδω	dei/dw	v-sapafv-
δείσασ’	dei/sas'	δείδω	dei/dw	v-papamd-
δείσασ’	dei/sas'	δείδω	dei/dw	v-papand-
δείσασ’	dei/sas'	δείδω	dei/dw	v-papafn-
δείσασ’	dei/sas'	δείδω	dei/dw	v-papafv-
δεόμενοι	deo/menoi	δέομαι	de/omai	v-pppemn-
δεόμενοι	deo/menoi	δέομαι	de/omai	v-pppemv-
δεόμενοι	deo/menoi	δέω1	de/w1	v-pppemn-
δεόμενοι	deo/menoi	δέω1	de/w1	v-pppemv-
δεόμενοι	deo/menoi	δέω2	de/w2	v-pppemn-
δεόμενοι	deo/menoi	δέω2	de/w2	v-pppemv-
δεόμενοι	deo/menoi	δέω2	de/w2	v-pppmmn-
δεόμενοι	deo/menoi	δέω2	de/w2	v-pppmmv-
δεύτεροι	deu/teroi	δεύτερος	deu/teros	a-p---mn-
δεύτεροι	deu/teroi	δεύτερος	deu/teros	a-p---mv-
δεύτερον	deu/teron	δεύτερος	deu/teros	a-s---ma-
δεύτερον	deu/teron	δεύτερος	deu/teros	a-s---nn-
δεύτερον	deu/teron	δεύτερος	deu/teros	a-s---nv-
δεύτερον	deu/teron	δεύτερος	deu/teros	a-s---na-
δεῖ	dei=	δέομαι	de/omai	v2spie---
δεῖ	dei=	δέω1	de/w1	v2spie---
δεῖ	dei=	δέω1	de/w1	v2spma---
δεῖ	dei=	δέω1	de/w1	v3spia---
δεῖ	dei=	δέω1	de/w1	v3siia---
δεῖ	dei=	δέω2	de/w2	v2spie---
δεῖ	dei=	δέω2	de/w2	v2spma---
δεῖ	dei=	δέω2	de/w2	v3spia---
δεῖ	dei=	δέω2	de/w2	v3siia---
δεῖ	dei=	δεῖ	dei=	v3siia---
δεῖγμα	dei=gma	δεῖγμα	dei=gma	n-s---nn-
δεῖγμα	dei=gma	δεῖγμα	dei=gma	n-s---nv-
δεῖγμα	dei=gma	δεῖγμα	dei=gma	n-s---na-
δεῖμα	dei=ma	δέμω	de/mw	v1saia---
δεῖμα	dei=ma	δεῖμα	dei=ma	n-s---nn-
δεῖμα	dei=ma	δεῖμα	dei=ma	n-s---nv-
δεῖμα	dei=ma	δεῖμα	dei=ma	n-s---na-
δεῦρο	deu=ro	δεῦρο	deu=ro	d--------
δημότης	dhmo/ths	δημότης	dhmo/ths	n-s---mn-
διαβαλεῖν	diabalei=n	διαβάλλω	diaba/llw	v--ana---
διαβαλεῖν	diabalei=n	διαβάλλω	diaba/llw	v--fna---
διαβολαῖς	diabolai=s	διαβολή	diabolh/	n-p---fd-
διαδοχαῖσιν	diadoxai=sin	διαδοχή	diadoxh/	n-p---fd-
διαλλαγάς	diallaga/s	διαλλαγή	diallagh/	n-p---fa-
διανοίας	dianoi/as	διάνοια	dia/noia	n-p---fa-
διανοίας	dianoi/as	διάνοια	dia/noia	n-s---fg-
διαπρεπεῖς	diaprepei=s	διαπρεπής	diapreph/s	n-p---ma-
διαπρεπεῖς	diaprepei=s	διαπρεπής	diapreph/s	n-p---fa-
διαπρεπεῖς	diaprepei=s	διαπρεπής	diapreph/s	n-p---mn-
διαπρεπεῖς	diaprepei=s	διαπρεπής	diapreph/s	n-p---mv-
διαπρεπεῖς	diaprepei=s	διαπρεπής	diapreph/s	n-p---fn-
διαπρεπεῖς	diaprepei=s	διαπρεπής	diapreph/s	n-p---fv-
διαφέρων	diafe/rwn	διαφέρω	diafe/rw	v-sppamn-
διδακτός	didakto/s	διδακτός	didakto/s	a-s---mn-
διδούς	didou/s	δίδωμι	di/dwmi	v-sppamn-
διδούς	didou/s	δίδωμι	di/dwmi	v-sppamv-
διδάσκαλοι	dida/skaloi	διδάσκαλος	dida/skalos	n-p---mn-
διδάσκαλοι	dida/skaloi	διδάσκαλος	dida/skalos	n-p---mv-
διδάσκαλοι	dida/skaloi	διδάσκαλος	dida/skalos	n-p---fn-
διδάσκαλοι	dida/skaloi	διδάσκαλος	dida/skalos	n-p---fv-
διδάσκεται	dida/sketai	διδάσκω	dida/skw	v3spie---
διδῷ	didw=|	δίδωμι	di/dwmi	v3spsa---
διεκπερᾶν	diekpera=n	διεκπεράω	diekpera/w	v-sppamv-
διεκπερᾶν	diekpera=n	διεκπεράω	diekpera/w	v-sppann-
διεκπερᾶν	diekpera=n	διεκπεράω	diekpera/w	v-sppanv-
διεκπερᾶν	diekpera=n	διεκπεράω	diekpera/w	v-sppana-
διεκπερᾶν	diekpera=n	διεκπεράω	diekpera/w	v-sppamn-
διεκπερᾶν	diekpera=n	διεκπεράω	diekpera/w	v--pna---
διεκπερᾶν	diekpera=n	διεκπεράω	diekpera/w	v--pna---
διεκπερᾶν	diekpera=n	διεκπεράω	diekpera/w	v-sppamv-
διεκπερᾶν	diekpera=n	διεκπεράω	diekpera/w	v-sppann-
διεκπερᾶν	diekpera=n	διεκπεράω	diekpera/w	v-sppanv-
διεκπερᾶν	diekpera=n	διεκπεράω	diekpera/w	v-sppana-
διεκπερᾶν	diekpera=n	διεκπεράω	diekpera/w	v-sppamn-
διεκπερᾶν	diekpera=n	διεκπεράω	diekpera/w	v--pna---
διεκπερᾶν	diekpera=n	διεκπεράω	diekpera/w	v--pna---
διελάσαντες	diela/santes	διελαύνω	dielau/nw	v-papamn-
διελάσαντες	diela/santes	διελαύνω	dielau/nw	v-papamv-
διεμάχονθ’	diema/xonq'	διαμάχομαι	diama/xomai	v3piie---
διεπέρασας	diepe/rasas	διαπεράω	diapera/w	v2saia---
διεπέρασας	diepe/rasas	διαπεράω	diapera/w	v2saia---
διεσταθμήσατο	diestaqmh/sato	διασταθμάομαι	diastaqma/omai	v3saim---
διεφθάρη	diefqa/rh	διαφθείρω	diafqei/rw	v3saip---
διεφύλασσον	diefu/lasson	διαφυλάσσω	diafula/ssw	v3piia---
διεφύλασσον	diefu/lasson	διαφυλάσσω	diafula/ssw	v1siia---
δικαιῶ	dikaiw=	δικαιόω	dikaio/w	v1spsa---
δικαιῶ	dikaiw=	δικαιόω	dikaio/w	v1spia---
δικαστήν	dikasth/n	δικαστής	dikasth/s	n-s---ma-
δικαίοις	dikai/ois	δίκαιος	di/kaios	a-p---md-
δικαίοις	dikai/ois	δίκαιος	di/kaios	a-p---nd-
δικαίοις	dikai/ois	δίκαιος	di/kaios	n-p---md-
δικαίοις	dikai/ois	δίκαιος	di/kaios	n-p---fd-
δικαίοις	dikai/ois	δίκαιος	di/kaios	n-p---nd-
δικαίους	dikai/ous	δίκαιος	di/kaios	a-p---ma-
δικαίους	dikai/ous	δίκαιος	di/kaios	n-p---ma-
δικαίους	dikai/ous	δίκαιος	di/kaios	n-p---fa-
δικαίους	dikai/ous	δικαιόω	dikaio/w	v2siia---
δικαίων	dikai/wn	δίκαιος	di/kaios	a-p---fg-
δικαίων	dikai/wn	δίκαιος	di/kaios	a-p---mg-
δικαίων	dikai/wn	δίκαιος	di/kaios	a-p---ng-
δικαίων	dikai/wn	δίκαιος	di/kaios	n-p---mg-
δικαίων	dikai/wn	δίκαιος	di/kaios	n-p---fg-
δικαίων	dikai/wn	δίκαιος	di/kaios	n-p---ng-
δικαίων	dikai/wn	δικαιόω	dikaio/w	v3piia---
δικαίων	dikai/wn	δικαιόω	dikaio/w	v1siia---
δικαίως	dikai/ws	δίκαιος	di/kaios	x--------
δικαίως	dikai/ws	δίκαιος	di/kaios	a-p---ma-
δικαίως	dikai/ws	δίκαιος	di/kaios	x--------
δικαίως	dikai/ws	δίκαιος	di/kaios	n-p---ma-
δικαίως	dikai/ws	δίκαιος	di/kaios	n-p---fa-
δικαίως	dikai/ws	δικαιόω	dikaio/w	v2siia---
δικάζων	dika/zwn	δικάζω	dika/zw	v-sppamn-
διορθεύων	diorqeu/wn	διορθεύω	diorqeu/w	v-sppamn-
διορθεύων	diorqeu/wn	διορθεύω	diorqeu/w	v-sppamn-
διοίξῃς	dioi/ch|s	διοίγνυμι	dioi/gnumi	v2sasa---
διοίχεται	dioi/xetai	διοίχομαι	dioi/xomai	v3spie---
διπλοῦ	diplou=	διπλόος	diplo/os	a-s---mv-
διπλοῦ	diplou=	διπλόος	diplo/os	a-s---mg-
διπλοῦ	diplou=	διπλόος	diplo/os	a-s---ng-
διπλοῦ	diplou=	διπλός	diplo/s	a-s---mg-
διπλοῦ	diplou=	διπλός	diplo/s	a-s---ng-
διπλοῦ	diplou=	διπλόω	diplo/w	v2spme---
διπλοῦ	diplou=	διπλόω	diplo/w	v2siie---
διπλοῦν	diplou=n	διπλόος	diplo/os	a-s---ma-
διπλοῦν	diplou=n	διπλόος	diplo/os	a-s---nn-
διπλοῦν	diplou=n	διπλόος	diplo/os	a-s---nv-
διπλοῦν	diplou=n	διπλόος	diplo/os	a-s---na-
διπλοῦν	diplou=n	διπλόω	diplo/w	v-sppamv-
διπλοῦν	diplou=n	διπλόω	diplo/w	v-sppann-
διπλοῦν	diplou=n	διπλόω	diplo/w	v-sppanv-
διπλοῦν	diplou=n	διπλόω	diplo/w	v-sppana-
διπλοῦν	diplou=n	διπλόω	diplo/w	v--pna---
διπλάζεται	dipla/zetai	διπλάζω	dipla/zw	v3spie---
διπόταμον	dipo/tamon	διπόταμος	dipo/tamos	n-s---ma-
διπόταμον	dipo/tamon	διπόταμος	dipo/tamos	n-s---fa-
διπόταμον	dipo/tamon	διπόταμος	dipo/tamos	n-s---nn-
διπόταμον	dipo/tamon	διπόταμος	dipo/tamos	n-s---nv-
διπόταμον	dipo/tamon	διπόταμος	dipo/tamos	n-s---na-
δισσοῖν	dissoi=n	δισσός	disso/s	a-d---mg-
δισσοῖν	dissoi=n	δισσός	disso/s	a-d---md-
δισσοῖν	dissoi=n	δισσός	disso/s	a-d---ng-
δισσοῖν	dissoi=n	δισσός	disso/s	a-d---nd-
δισσοῖσι	dissoi=si	δισσός	disso/s	a-p---md-
δισσοῖσι	dissoi=si	δισσός	disso/s	a-p---nd-
διά	dia/	διά	dia/	r--------
διάδοχος	dia/doxos	διάδοχος	dia/doxos	n-s---mn-
διάδοχος	dia/doxos	διάδοχος	dia/doxos	n-s---fn-
διάφορα	dia/fora	διάφορος	dia/foros	n-p---nn-
διάφορα	dia/fora	διάφορος	dia/foros	n-p---nv-
διάφορα	dia/fora	διάφορος	dia/foros	n-p---na-
διέπτατο	die/ptato	διαπέταμαι	diape/tamai	v3saim---
διόλλυσαι	dio/llusai	διόλλυμι	dio/llumi	v2spie---
διώκεις	diw/keis	διώκω	diw/kw	v2spia---
διώλεσε	diw/lese	διόλλυμι	dio/llumi	v3saia---
διώλοντ’	diw/lont'	διόλλυμι	dio/llumi	v3paim---
διῆλθον	dih=lqon	διέρχομαι	die/rxomai	v3paia---
διῆλθον	dih=lqon	διέρχομαι	die/rxomai	v1saia---
διῆλθέ	dih=lqe/	διέρχομαι	die/rxomai	v3saia---
διῆλθέ	dih=lqe/	διέρχομαι	die/rxomai	v3saia---
δμωσίν	dmwsi/n	δμώς	dmw/s	n-p---md-
δοκείτω	dokei/tw	δοκέω	doke/w	v3spma---
δοκεῖς	dokei=s	δοκέω	doke/w	v2spia---
δοκεῖς	dokei=s	δοκεύς	dokeu/s	n-p---ma-
δοκεῖς	dokei=s	δοκεύς	dokeu/s	n-p---mn-
δοκεῖς	dokei=s	δοκεύς	dokeu/s	n-p---mv-
δοκιμώτατος	dokimw/tatos	δόκιμος	do/kimos	a-s---mns
δοκοῦμεν	dokou=men	δοκέω	doke/w	v1ppia---
δοκοῦμεν	dokou=men	δοκέω	doke/w	v1piia---
δοκοῦμεν	dokou=men	δοκόω	doko/w	v1ppia---
δοκοῦμεν	dokou=men	δοκόω	doko/w	v1piia---
δοκῆσάν	dokh=sa/n	δοκέω	doke/w	v-sapann-
δοκῆσάν	dokh=sa/n	δοκέω	doke/w	v-sapanv-
δοκῆσάν	dokh=sa/n	δοκέω	doke/w	v-sapana-
δοκῶ	dokw=	δοκάζω	doka/zw	v1sfia---
δοκῶ	dokw=	δοκέω	doke/w	v1spsa---
δοκῶ	dokw=	δοκέω	doke/w	v1spia---
δοκῶ	dokw=	δοκόν	doko/n	n-s---ng-
δοκῶ	dokw=	δοκός	doko/s	n-s---mg-
δοκῶ	dokw=	δοκός	doko/s	n-s---fg-
δοκῶ	dokw=	δοκόω	doko/w	v1spsa---
δοκῶ	dokw=	δοκόω	doko/w	v1spia---
δοκῶ	dokw=	δοκώ	dokw/	n-d---fn-
δοκῶ	dokw=	δοκώ	dokw/	n-d---fv-
δοκῶ	dokw=	δοκώ	dokw/	n-d---fa-
δοκῶ	dokw=	δοκώ	dokw/	n-s---fa-
δοξάζομεν	doca/zomen	δοξάζω	doca/zw	v1ppia---
δοξάζομεν	doca/zomen	δοξάζω	doca/zw	v1piia---
δοριμανής	dorimanh/s	δοριμανής	dorimanh/s	n-s---mn-
δοριμανής	dorimanh/s	δοριμανής	dorimanh/s	n-s---fn-
δορί	dori/	δόρυ	do/ru	n-s---nd-
δορί	dori/	δορίς	dori/s	n-s---fv-
δορός	doro/s	δόρυ	do/ru	n-s---ng-
δορός	doro/s	δορός	doro/s	n-s---mn-
δουλούμεθ’	doulou/meq'	δουλόω	doulo/w	v1ppie---
δουλούμεθ’	doulou/meq'	δουλόω	doulo/w	v1piie---
δούλους	dou/lous	δοῦλος	dou=los	a-p---ma-
δούλους	dou/lous	δοῦλος	dou=los	n-p---ma-
δούλους	dou/lous	δουλόω	doulo/w	v2siia---
δούς	dou/s	δίδωμι	di/dwmi	v-sapamn-
δούς	dou/s	δίδωμι	di/dwmi	v-sapamv-
δούς	dou/s	δίδωμι	di/dwmi	v-sapamn-
δούς	dou/s	δίδωμι	di/dwmi	v-sapamv-
δοῦλος	dou=los	δοῦλος	dou=los	a-s---mn-
δοῦλος	dou=los	δοῦλος	dou=los	n-s---mn-
δοῦναι	dou=nai	δίδωμι	di/dwmi	v--ana---
δρομάς	droma/s	δρομάς	droma/s	n-s---mn-
δρομάς	droma/s	δρομάς	droma/s	n-s---fn-
δρομάς	droma/s	δρομή	dromh/	n-p---fa-
δράκοντος	dra/kontos	δράκων	dra/kwn	n-s---mg-
δράσας	dra/sas	δράω	dra/w	v-pppafa-
δράσας	dra/sas	δράω	dra/w	v-sppafg-
δράσας	dra/sas	δράω	dra/w	v-sapamn-
δράσας	dra/sas	δράω	dra/w	v-sapamv-
δράσω	dra/sw	δράω	dra/w	v1sasa---
δράσω	dra/sw	δράω	dra/w	v1sfia---
δράσω	dra/sw	δράω	dra/w	v2saim---
δράσῃς	dra/sh|s	δράω	dra/w	v2sasa---
δρώσῃ	drw/sh|	δράω	dra/w	v-sppafd-
δρᾶν	dra=n	δράω	dra/w	v-sppamv-
δρᾶν	dra=n	δράω	dra/w	v-sppann-
δρᾶν	dra=n	δράω	dra/w	v-sppanv-
δρᾶν	dra=n	δράω	dra/w	v-sppana-
δρᾶν	dra=n	δράω	dra/w	v-sppamn-
δρᾶν	dra=n	δράω	dra/w	v--pna---
δρᾶν	dra=n	δράω	dra/w	v--pna---
δρᾶν	dra=n	δράω	dra/w	v3piia---
δρᾶν	dra=n	δράω	dra/w	v1siia---
δρᾶσαι	dra=sai	δράω	dra/w	v2spie---
δρᾶσαι	dra=sai	δράω	dra/w	v-pppafn-
δρᾶσαι	dra=sai	δράω	dra/w	v-pppafv-
δρᾶσαι	dra=sai	δράω	dra/w	v2samm---
δρᾶσαι	dra=sai	δράω	dra/w	v--ana---
δρᾷς	dra=|s	δράω	dra/w	v2spsa---
δρᾷς	dra=|s	δράω	dra/w	v2spia---
δρῶμέν	drw=me/n	δράω	dra/w	v1ppsa---
δρῶμέν	drw=me/n	δράω	dra/w	v1ppia---
δρῶμέν	drw=me/n	δράω	dra/w	v1piia---
δρῶντα	drw=nta	δράω	dra/w	v-pppann-
δρῶντα	drw=nta	δράω	dra/w	v-pppanv-
δρῶντα	drw=nta	δράω	dra/w	v-pppana-
δρῶντα	drw=nta	δράω	dra/w	v-sppama-
δυνατόν	dunato/n	δυνατός	dunato/s	a-s---ma-
δυνατόν	dunato/n	δυνατός	dunato/s	a-s---nn-
δυνατόν	dunato/n	δυνατός	dunato/s	a-s---nv-
δυνατόν	dunato/n	δυνατός	dunato/s	a-s---na-
δυνατόν	dunato/n	δυνατός	dunato/s	n-s---ma-
δυνατόν	dunato/n	δυνατός	dunato/s	n-s---fa-
δυνατόν	dunato/n	δυνατός	dunato/s	n-s---nn-
δυνατόν	dunato/n	δυνατός	dunato/s	n-s---nv-
δυνατόν	dunato/n	δυνατός	dunato/s	n-s---na-
δυναίμην	dunai/mhn	δύναμαι	du/namai	v1spoe---
δυοῖν	duoi=n	δύο	du/o	m-d---mg-
δυοῖν	duoi=n	δύο	du/o	m-d---md-
δυοῖν	duoi=n	δύο	du/o	m-d---fg-
δυοῖν	duoi=n	δύο	du/o	m-d---fd-
δυοῖν	duoi=n	δύο	du/o	m-d---ng-
δυοῖν	duoi=n	δύο	du/o	m-d---nd-
δυσαίων	dusai/wn	δυσαής	dusah/s	n-p---mg-
δυσαίων	dusai/wn	δυσαής	dusah/s	n-p---fg-
δυσαίων	dusai/wn	δυσαής	dusah/s	n-p---ng-
δυσαίων	dusai/wn	δυσαίων	dusai/wn	n-s---mn-
δυσαίων	dusai/wn	δυσαίων	dusai/wn	n-s---mv-
δυσαίων	dusai/wn	δυσαίων	dusai/wn	n-s---fn-
δυσαίων	dusai/wn	δυσαίων	dusai/wn	n-s---fv-
δυσθυμίαν	dusqumi/an	δυσθυμία	dusqumi/a	n-s---fa-
δυσμενεῖς	dusmenei=s	δυσμενής	dusmenh/s	n-p---ma-
δυσμενεῖς	dusmenei=s	δυσμενής	dusmenh/s	n-p---fa-
δυσμενεῖς	dusmenei=s	δυσμενής	dusmenh/s	n-p---mn-
δυσμενεῖς	dusmenei=s	δυσμενής	dusmenh/s	n-p---mv-
δυσμενεῖς	dusmenei=s	δυσμενής	dusmenh/s	n-p---fn-
δυσμενεῖς	dusmenei=s	δυσμενής	dusmenh/s	n-p---fv-
δυσμενέστερον	dusmene/steron	δυσμενής	dusmenh/s	x--------
δυσμενέστερον	dusmene/steron	δυσμενής	dusmenh/s	n-s---ma-
δυσμενέστερον	dusmene/steron	δυσμενής	dusmenh/s	n-s---nn-
δυσμενέστερον	dusmene/steron	δυσμενής	dusmenh/s	n-s---nv-
δυσμενέστερον	dusmene/steron	δυσμενής	dusmenh/s	n-s---na-
δυσπάλαιστον	duspa/laiston	δυσπάλαιστος	duspa/laistos	n-s---ma-
δυσπάλαιστον	duspa/laiston	δυσπάλαιστος	duspa/laistos	n-s---fa-
δυσπάλαιστον	duspa/laiston	δυσπάλαιστος	duspa/laistos	n-s---nn-
δυσπάλαιστον	duspa/laiston	δυσπάλαιστος	duspa/laistos	n-s---nv-
δυσπάλαιστον	duspa/laiston	δυσπάλαιστος	duspa/laistos	n-s---na-
δυσπότμων	duspo/tmwn	δύσποτμος	du/spotmos	n-p---mg-
δυσπότμων	duspo/tmwn	δύσποτμος	du/spotmos	n-p---fg-
δυσπότμων	duspo/tmwn	δύσποτμος	du/spotmos	n-p---ng-
δυστανοτάτως	dustanota/tws	δύστηνος	du/sthnos	a-p---mas
δυστυχεστάτην	dustuxesta/thn	δυστυχής	dustuxh/s	a-s---fas
δυστυχεῖς	dustuxei=s	δυστυχέω	dustuxe/w	v2spia---
δυστυχεῖς	dustuxei=s	δυστυχής	dustuxh/s	n-p---ma-
δυστυχεῖς	dustuxei=s	δυστυχής	dustuxh/s	n-p---fa-
δυστυχεῖς	dustuxei=s	δυστυχής	dustuxh/s	n-p---mn-
δυστυχεῖς	dustuxei=s	δυστυχής	dustuxh/s	n-p---mv-
δυστυχεῖς	dustuxei=s	δυστυχής	dustuxh/s	n-p---fn-
δυστυχεῖς	dustuxei=s	δυστυχής	dustuxh/s	n-p---fv-
δυστυχοῖ	dustuxoi=	δυστυχέω	dustuxe/w	v3spoa---
δυστυχοῦς	dustuxou=s	δυστυχής	dustuxh/s	n-s---mg-
δυστυχοῦς	dustuxou=s	δυστυχής	dustuxh/s	n-s---fg-
δυστυχοῦς	dustuxou=s	δυστυχής	dustuxh/s	n-s---ng-
δυστυχές	dustuxe/s	δυστυχής	dustuxh/s	n-s---mv-
δυστυχές	dustuxe/s	δυστυχής	dustuxh/s	n-s---fv-
δυστυχές	dustuxe/s	δυστυχής	dustuxh/s	n-s---nn-
δυστυχές	dustuxe/s	δυστυχής	dustuxh/s	n-s---nv-
δυστυχές	dustuxe/s	δυστυχής	dustuxh/s	n-s---na-
δυστυχίαν	dustuxi/an	δυστυχία	dustuxi/a	n-s---fa-
δυστυχῆ	dustuxh=	δυστυχής	dustuxh/s	n-p---nn-
δυστυχῆ	dustuxh=	δυστυχής	dustuxh/s	n-p---nv-
δυστυχῆ	dustuxh=	δυστυχής	dustuxh/s	n-p---na-
δυστυχῆ	dustuxh=	δυστυχής	dustuxh/s	n-d---mn-
δυστυχῆ	dustuxh=	δυστυχής	dustuxh/s	n-d---mv-
δυστυχῆ	dustuxh=	δυστυχής	dustuxh/s	n-d---ma-
δυστυχῆ	dustuxh=	δυστυχής	dustuxh/s	n-d---fn-
δυστυχῆ	dustuxh=	δυστυχής	dustuxh/s	n-d---fv-
δυστυχῆ	dustuxh=	δυστυχής	dustuxh/s	n-d---fa-
δυστυχῆ	dustuxh=	δυστυχής	dustuxh/s	n-d---nn-
δυστυχῆ	dustuxh=	δυστυχής	dustuxh/s	n-d---nv-
δυστυχῆ	dustuxh=	δυστυχής	dustuxh/s	n-d---na-
δυστυχῆ	dustuxh=	δυστυχής	dustuxh/s	n-s---ma-
δυστυχῆ	dustuxh=	δυστυχής	dustuxh/s	n-s---fa-
δυστάλαιναι	dusta/lainai	δυστάλας	dusta/las	a-p---fn-
δυστάλαιναι	dusta/lainai	δυστάλας	dusta/las	a-p---fv-
δυστάλας	dusta/las	δυστάλας	dusta/las	a-s---mn-
δυστήνους	dusth/nous	δύστηνος	du/sthnos	n-p---ma-
δυστήνους	dusth/nous	δύστηνος	du/sthnos	n-p---fa-
δυστόπαστ’	dusto/past'	δυστόπαστος	dusto/pastos	n-p---nn-
δυστόπαστ’	dusto/past'	δυστόπαστος	dusto/pastos	n-p---nv-
δυστόπαστ’	dusto/past'	δυστόπαστος	dusto/pastos	n-p---na-
δυστόπαστ’	dusto/past'	δυστόπαστος	dusto/pastos	n-s---mv-
δυστόπαστ’	dusto/past'	δυστόπαστος	dusto/pastos	n-s---fv-
δυσχίμων	dusxi/mwn	δύσχιμος	du/sximos	n-p---mg-
δυσχίμων	dusxi/mwn	δύσχιμος	du/sximos	n-p---fg-
δυσχίμων	dusxi/mwn	δύσχιμος	du/sximos	n-p---ng-
δωρουμένων	dwroume/nwn	δωρέομαι	dwre/omai	v-pppefg-
δωρουμένων	dwroume/nwn	δωρέομαι	dwre/omai	v-pppemg-
δωρουμένων	dwroume/nwn	δωρέομαι	dwre/omai	v-pppeng-
δωρουμένων	dwroume/nwn	δωρέω	dwre/w	v-pppefg-
δωρουμένων	dwroume/nwn	δωρέω	dwre/w	v-pppemg-
δωρουμένων	dwroume/nwn	δωρέω	dwre/w	v-pppeng-
δωρούμεθα	dwrou/meqa	δωρέομαι	dwre/omai	v1ppie---
δωρούμεθα	dwrou/meqa	δωρέομαι	dwre/omai	v1piie---
δωρούμεθα	dwrou/meqa	δωρέω	dwre/w	v1ppie---
δωρούμεθα	dwrou/meqa	δωρέω	dwre/w	v1piie---
δάκρυ	da/kru	δάκρυον	da/kruon	n-s---nn-
δάκρυ	da/kru	δάκρυον	da/kruon	n-s---nv-
δάκρυ	da/kru	δάκρυον	da/kruon	n-s---na-
δάκρυα	da/krua	δάκρυον	da/kruon	n-p---nn-
δάκρυα	da/krua	δάκρυον	da/kruon	n-p---nv-
δάκρυα	da/krua	δάκρυον	da/kruon	n-p---na-
δάκρυα	da/krua	δάκρυον	da/kruon	n-p---nn-
δάκρυα	da/krua	δάκρυον	da/kruon	n-p---nv-
δάκρυα	da/krua	δάκρυον	da/kruon	n-p---na-
δάκρυον	da/kruon	δάκρυον	da/kruon	n-s---nn-
δάκρυον	da/kruon	δάκρυον	da/kruon	n-s---nv-
δάκρυον	da/kruon	δάκρυον	da/kruon	n-s---na-
δάκρυον	da/kruon	δακρύω	dakru/w	v3piia---
δάκρυον	da/kruon	δακρύω	dakru/w	v1siia---
δάκρυσι	da/krusi	δάκρυον	da/kruon	n-p---nd-
δάκρυσιν	da/krusin	δάκρυον	da/kruon	n-p---nd-
δάκρυ’	da/kru'	δάκρυον	da/kruon	n-p---nn-
δάκρυ’	da/kru'	δάκρυον	da/kruon	n-p---nv-
δάκρυ’	da/kru'	δάκρυον	da/kruon	n-p---na-
δάκρυ’	da/kru'	δάκρυον	da/kruon	n-p---nn-
δάκρυ’	da/kru'	δάκρυον	da/kruon	n-p---nv-
δάκρυ’	da/kru'	δάκρυον	da/kruon	n-p---na-
δάκρυ’	da/kru'	δάκρυον	da/kruon	n-s---nd-
δάκρυ’	da/kru'	δάκρυον	da/kruon	n-d---nn-
δάκρυ’	da/kru'	δάκρυον	da/kruon	n-d---nv-
δάκρυ’	da/kru'	δάκρυον	da/kruon	n-d---na-
δάκρυ’	da/kru'	δακρύω	dakru/w	v2spma---
δάκρυ’	da/kru'	δακρύω	dakru/w	v3siia---
δάμαρ	da/mar	δάμαρ	da/mar	n-s---fn-
δάμαρτα	da/marta	δάμαρ	da/mar	n-s---fa-
δέ	de/	δέ	de/	g--------
δέδονται	de/dontai	δίδωμι	di/dwmi	v3prie---
δέδορκας	de/dorkas	δέρκομαι	de/rkomai	v2sria---
δέδορκε	de/dorke	δέρκομαι	de/rkomai	v2srma---
δέδορκε	de/dorke	δέρκομαι	de/rkomai	v3sria---
δέδορκεν	de/dorken	δέρκομαι	de/rkomai	v3sria---
δέδορκεν	de/dorken	δέρκομαι	de/rkomai	v3plia---
δέδρακας	de/drakas	δράω	dra/w	v2sria---
δέμας	de/mas	δέμας	de/mas	n-s---ng-
δέμας	de/mas	δέμας	de/mas	n-s---nn-
δέμας	de/mas	δέμας	de/mas	n-s---nv-
δέμας	de/mas	δέμας	de/mas	n-s---na-
δέξεται	de/cetai	δέχομαι	de/xomai	v3sasm---
δέξεται	de/cetai	δέχομαι	de/xomai	v3sfim---
δέξεται	de/cetai	δείκνυμι	dei/knumi	v3sasm---
δέξεται	de/cetai	δείκνυμι	dei/knumi	v3sfim---
δέσποιν’	de/spoin'	δέσποινα	de/spoina	n-s---fn-
δέσποιν’	de/spoin'	δέσποινα	de/spoina	n-s---fv-
δέσποιν’	de/spoin'	δέσποινα	de/spoina	n-p---fn-
δέσποιν’	de/spoin'	δέσποινα	de/spoina	n-p---fv-
δέχεσθαι	de/xesqai	δέχομαι	de/xomai	v--pne---
δή	dh/	δή	dh/	g--------
δήποτ’	dh/pot'	δήποτε	dh/pote	g--------
δίδως	di/dws	δίδωμι	di/dwmi	v2spia---
δίδως	di/dws	δίδωμι	di/dwmi	v2siia---
δίδωσι	di/dwsi	δίδωμι	di/dwmi	v3spia---
δίδωσιν	di/dwsin	δίδωμι	di/dwmi	v3spia---
δίκα	di/ka	δίκη	di/kh	n-d---fn-
δίκα	di/ka	δίκη	di/kh	n-d---fv-
δίκα	di/ka	δίκη	di/kh	n-d---fa-
δίκα	di/ka	δίκη	di/kh	n-s---fn-
δίκα	di/ka	δίκη	di/kh	n-s---fv-
δίκαιον	di/kaion	δίκαιος	di/kaios	a-s---ma-
δίκαιον	di/kaion	δίκαιος	di/kaios	a-s---nn-
δίκαιον	di/kaion	δίκαιος	di/kaios	a-s---nv-
δίκαιον	di/kaion	δίκαιος	di/kaios	a-s---na-
δίκαιον	di/kaion	δίκαιος	di/kaios	n-s---ma-
δίκαιον	di/kaion	δίκαιος	di/kaios	n-s---fa-
δίκαιον	di/kaion	δίκαιος	di/kaios	n-s---nn-
δίκαιον	di/kaion	δίκαιος	di/kaios	n-s---nv-
δίκαιον	di/kaion	δίκαιος	di/kaios	n-s---na-
δίκαιός	di/kaio/s	δίκαιος	di/kaios	a-s---mn-
δίκαιός	di/kaio/s	δίκαιος	di/kaios	n-s---mn-
δίκαιός	di/kaio/s	δίκαιος	di/kaios	n-s---fn-
δίκαι’	di/kai'	δίκαιος	di/kaios	a-p---nn-
δίκαι’	di/kai'	δίκαιος	di/kaios	a-p---nv-
δίκαι’	di/kai'	δίκαιος	di/kaios	a-p---na-
δίκαι’	di/kai'	δίκαιος	di/kaios	n-p---nn-
δίκαι’	di/kai'	δίκαιος	di/kaios	n-p---nv-
δίκαι’	di/kai'	δίκαιος	di/kaios	n-p---na-
δίκαι’	di/kai'	δίκαιος	di/kaios	a-s---mv-
δίκαι’	di/kai'	δίκαιος	di/kaios	n-s---mv-
δίκαι’	di/kai'	δίκαιος	di/kaios	n-s---fv-
δίκαι’	di/kai'	δίκαιος	di/kaios	a-p---fn-
δίκαι’	di/kai'	δίκαιος	di/kaios	a-p---fv-
δίκαι’	di/kai'	δικαία	dikai/a	n-p---fn-
δίκαι’	di/kai'	δικαία	dikai/a	n-p---fv-
δίκαν	di/kan	δίκη	di/kh	n-s---fa-
δίκη	di/kh	δίκη	di/kh	n-s---fn-
δίκη	di/kh	δίκη	di/kh	n-s---fv-
δίκην	di/khn	δίκη	di/kh	n-s---fa-
δίκης	di/khs	δίκη	di/kh	n-s---fg-
δίκῃ	di/kh|	δίκη	di/kh	n-s---fd-
δίκῃ	di/kh|	δικεῖν	dikei=n	v2sase---
δίκῃ	di/kh|	δικεῖν	dikei=n	v3sasa---
δίς	di/s	δίς	di/s	d--------
δίφρων	di/frwn	δίφρος	di/fros	n-p---mg-
δόθ’	do/q'	δίδωμι	di/dwmi	v2pama---
δόθ’	do/q'	δίδωμι	di/dwmi	v3saim---
δόθ’	do/q'	δίδωμι	di/dwmi	v2paia---
δόθ’	do/q'	δίδωμι	di/dwmi	v2paia---
δόθ’	do/q'	δότης	do/ths	n-s---mv-
δόθ’	do/q'	δότης	do/ths	n-s---mn-
δόθ’	do/q'	δότης	do/ths	n-p---mn-
δόθ’	do/q'	δότης	do/ths	n-p---mv-
δόθ’	do/q'	δότης	do/ths	n-s---md-
δόμοις	do/mois	δόμος	do/mos	n-p---md-
δόμους	do/mous	δόμος	do/mos	n-p---ma-
δόμους	do/mous	δομόω	domo/w	v2siia---
δόμων	do/mwn	δόμος	do/mos	n-p---mg-
δόμων	do/mwn	δομάω	doma/w	v3piia---
δόμων	do/mwn	δομάω	doma/w	v1siia---
δόντος	do/ntos	δίδωμι	di/dwmi	v-sapamg-
δόντος	do/ntos	δίδωμι	di/dwmi	v-sapang-
δόντος	do/ntos	δίδωμι	di/dwmi	v-sapamg-
δόντος	do/ntos	δίδωμι	di/dwmi	v-sapang-
δόξαι	do/cai	δόξα	do/ca	n-p---fn-
δόξαι	do/cai	δόξα	do/ca	n-p---fv-
δόξαι	do/cai	δόξα	do/ca	n-s---fd-
δόξαι	do/cai	δοκέω	doke/w	v2samm---
δόξαι	do/cai	δοκέω	doke/w	v--ana---
δόξαι	do/cai	δοκέω	doke/w	v3saoa---
δόξει	do/cei	δόξις	do/cis	n-d---fn-
δόξει	do/cei	δόξις	do/cis	n-d---fv-
δόξει	do/cei	δόξις	do/cis	n-d---fa-
δόξει	do/cei	δόξις	do/cis	n-s---fd-
δόξει	do/cei	δόξις	do/cis	n-s---fd-
δόξει	do/cei	δοκέω	doke/w	v3sasa---
δόξει	do/cei	δοκέω	doke/w	v2sfim---
δόξει	do/cei	δοκέω	doke/w	v3sfia---
δόρυ	do/ru	δόρυ	do/ru	n-s---nn-
δόρυ	do/ru	δόρυ	do/ru	n-s---nv-
δόρυ	do/ru	δόρυ	do/ru	n-s---na-
δός	do/s	δίδωμι	di/dwmi	v2sama---
δύναιτο	du/naito	δύναμαι	du/namai	v3spoe---
δύναιτ’	du/nait'	δύναμαι	du/namai	v3spoe---
δύναιτ’	du/nait'	δύω2	du/w2	v2paoa---
δύναμιν	du/namin	δύναμις	du/namis	n-s---fa-
δύο	du/o	δύο	du/o	m--------
δύστηνον	du/sthnon	δύστηνος	du/sthnos	n-s---ma-
δύστηνον	du/sthnon	δύστηνος	du/sthnos	n-s---fa-
δύστηνον	du/sthnon	δύστηνος	du/sthnos	n-s---nn-
δύστηνον	du/sthnon	δύστηνος	du/sthnos	n-s---nv-
δύστηνον	du/sthnon	δύστηνος	du/sthnos	n-s---na-
δύστηνος	du/sthnos	δύστηνος	du/sthnos	n-s---mn-
δύστηνος	du/sthnos	δύστηνος	du/sthnos	n-s---fn-
δώμασιν	dw/masin	δῶμα	dw=ma	n-p---nd-
δώματα	dw/mata	δῶμα	dw=ma	n-p---nn-
δώματα	dw/mata	δῶμα	dw=ma	n-p---nv-
δώματα	dw/mata	δῶμα	dw=ma	n-p---na-
δώματ’	dw/mat'	δῶμα	dw=ma	n-p---nn-
δώματ’	dw/mat'	δῶμα	dw=ma	n-p---nv-
δώματ’	dw/mat'	δῶμα	dw=ma	n-p---na-
δώματ’	dw/mat'	δῶμα	dw=ma	n-s---nd-
δώματ’	dw/mat'	δῶμα	dw=ma	n-d---nn-
δώματ’	dw/mat'	δῶμα	dw=ma	n-d---nv-
δώματ’	dw/mat'	δῶμα	dw=ma	n-d---na-
δώσετ’	dw/set'	δίδωμι	di/dwmi	v2pfia---
δώσετ’	dw/set'	δίδωμι	di/dwmi	v3sfim---
δῆλα	dh=la	δῆλος	dh=los	a-p---nn-
δῆλα	dh=la	δῆλος	dh=los	a-p---nv-
δῆλα	dh=la	δῆλος	dh=los	a-p---na-
δῆλα	dh=la	δῆλος	dh=los	n-p---nn-
δῆλα	dh=la	δῆλος	dh=los	n-p---nv-
δῆλα	dh=la	δῆλος	dh=los	n-p---na-
δῆμον	dh=mon	δῆμος	dh=mos	n-s---ma-
δῆμος	dh=mos	δῆμος	dh=mos	n-s---mn-
δῆτα	dh=ta	δῆτα	dh=ta	d--------
δῆτά	dh=ta/	δῆτα	dh=ta	d--------
δῦναι	du=nai	δύω2	du/w2	v--ana---
δῦναι	du=nai	δύω2	du/w2	v--ana---
δῶμα	dw=ma	δῶμα	dw=ma	n-s---nn-
δῶμα	dw=ma	δῶμα	dw=ma	n-s---nv-
δῶμα	dw=ma	δῶμα	dw=ma	n-s---na-
δῶμεν	dw=men	δίδωμι	di/dwmi	v--ana---
δῶμεν	dw=men	δίδωμι	di/dwmi	v1pasa---
δῶμεν	dw=men	δίδωμι	di/dwmi	v1pasa---
δῶμεν	dw=men	δίδωμι	di/dwmi	v1paia---
δῷ	dw=|	δίδωμι	di/dwmi	v3sasa---
δῷ	dw=|	δίδωμι	di/dwmi	v2sasm---
δῷ	dw=|	δίδωμι	di/dwmi	v3sasa---
δῷς	dw=|s	δίδωμι	di/dwmi	v2sasa---
δῷς	dw=|s	δίδωμι	di/dwmi	v2sasa---
εἰ	ei)	εἰ	ei)	c--------
εἰδείης	ei)dei/hs	οἶδα	oi)=da	v2sroa---
εἰδέναι	ei)de/nai	οἶδα	oi)=da	v--rna---
εἰδότι	ei)do/ti	οἶδα	oi)=da	v-srpamd-
εἰδότι	ei)do/ti	οἶδα	oi)=da	v-srpand-
εἰκός	ei)ko/s	ἔοικα	e)/oika	v-srpann-
εἰκός	ei)ko/s	ἔοικα	e)/oika	v-srpanv-
εἰκός	ei)ko/s	ἔοικα	e)/oika	v-srpana-
εἰκός	ei)ko/s	εἰκός	ei)ko/s	v-srpann-
εἰκός	ei)ko/s	εἰκός	ei)ko/s	v-srpanv-
εἰκός	ei)ko/s	εἰκός	ei)ko/s	v-srpana-
εἰμ’	ei)m'	εἰμί	ei)mi/	v1spia---
εἰπεῖν	ei)pei=n	εἶπον	ei)=pon	v--ana---
εἰπέ	ei)pe/	εἶπον	ei)=pon	v2sama---
εἰρημένων	ei)rhme/nwn	ἐρῶ	e)rw=	v-prpefg-
εἰρημένων	ei)rhme/nwn	ἐρῶ	e)rw=	v-prpemg-
εἰρημένων	ei)rhme/nwn	ἐρῶ	e)rw=	v-prpeng-
εἰρήνη	ei)rh/nh	εἰρήνη	ei)rh/nh	n-s---fn-
εἰρήνη	ei)rh/nh	εἰρήνη	ei)rh/nh	n-s---fv-
εἰρήνη	ei)rh/nh	εἰρηνέω	ei)rhne/w	v2spma---
εἰρήνη	ei)rh/nh	εἰρηνέω	ei)rhne/w	v3siia---
εἰς	ei)s	εἰς	ei)s	r--------
εἰσεδέξατ’	ei)sede/cat'	εἰσδέχομαι	ei)sde/xomai	v3saim---
εἰσιδεῖν	ei)sidei=n	εἰσ-εἶδον	ei)s-ei)=don	v--ana---
εἰσιδεῖν	ei)sidei=n	εἰσ-ἰδέω	ei)s-i)de/w	v--pna---
εἰσιν	ei)sin	εἰμί	ei)mi/	v3ppia---
εἰσορᾶν	ei)sora=n	εἰσοράω	ei)sora/w	v-sppamv-
εἰσορᾶν	ei)sora=n	εἰσοράω	ei)sora/w	v-sppann-
εἰσορᾶν	ei)sora=n	εἰσοράω	ei)sora/w	v-sppanv-
εἰσορᾶν	ei)sora=n	εἰσοράω	ei)sora/w	v-sppana-
εἰσορᾶν	ei)sora=n	εἰσοράω	ei)sora/w	v-sppamn-
εἰσορᾶν	ei)sora=n	εἰσοράω	ei)sora/w	v--pna---
εἰσορᾶν	ei)sora=n	εἰσοράω	ei)sora/w	v--pna---
εἰσορᾶν	ei)sora=n	εἰσοράω	ei)sora/w	v-sppamv-
εἰσορᾶν	ei)sora=n	εἰσοράω	ei)sora/w	v-sppann-
εἰσορᾶν	ei)sora=n	εἰσοράω	ei)sora/w	v-sppanv-
εἰσορᾶν	ei)sora=n	εἰσοράω	ei)sora/w	v-sppana-
εἰσορᾶν	ei)sora=n	εἰσοράω	ei)sora/w	v-sppamn-
εἰσορᾶν	ei)sora=n	εἰσοράω	ei)sora/w	v--pna---
εἰσορᾶν	ei)sora=n	εἰσοράω	ei)sora/w	v--pna---
εἰσορῶ	ei)sorw=	εἰσοράω	ei)sora/w	v2spme---
εἰσορῶ	ei)sorw=	εἰσοράω	ei)sora/w	v1spsa---
εἰσορῶ	ei)sorw=	εἰσοράω	ei)sora/w	v1spia---
εἰσορῶ	ei)sorw=	εἰσοράω	ei)sora/w	v1spsa---
εἰσορῶ	ei)sorw=	εἰσοράω	ei)sora/w	v1spia---
εἰσορῶ	ei)sorw=	εἰσοράω	ei)sora/w	v2spmm---
εἰσορῶ	ei)sorw=	εἰσοράω	ei)sora/w	v2spme---
εἰσορῶ	ei)sorw=	εἰσοράω	ei)sora/w	v1spsa---
εἰσορῶ	ei)sorw=	εἰσοράω	ei)sora/w	v1spia---
εἰσορῶ	ei)sorw=	εἰσοράω	ei)sora/w	v1spsa---
εἰσορῶ	ei)sorw=	εἰσοράω	ei)sora/w	v1spia---
εἰσορῶ	ei)sorw=	εἰσοράω	ei)sora/w	v2siie---
εἰσορῶ	ei)sorw=	εἰσοράω	ei)sora/w	v2siie---
εἰσορῶ	ei)sorw=	εἰσοράω	ei)sora/w	v2siim---
εἰσορῶν	ei)sorw=n	εἰσοράω	ei)sora/w	v-sppamv-
εἰσορῶν	ei)sorw=n	εἰσοράω	ei)sora/w	v-sppann-
εἰσορῶν	ei)sorw=n	εἰσοράω	ei)sora/w	v-sppanv-
εἰσορῶν	ei)sorw=n	εἰσοράω	ei)sora/w	v-sppana-
εἰσορῶν	ei)sorw=n	εἰσοράω	ei)sora/w	v-sppamn-
εἰσορῶν	ei)sorw=n	εἰσοράω	ei)sora/w	v-sppamn-
εἰσορῶν	ei)sorw=n	εἰσοράω	ei)sora/w	v-sppamv-
εἰσορῶν	ei)sorw=n	εἰσοράω	ei)sora/w	v-sppann-
εἰσορῶν	ei)sorw=n	εἰσοράω	ei)sora/w	v-sppanv-
εἰσορῶν	ei)sorw=n	εἰσοράω	ei)sora/w	v-sppana-
εἰσορῶν	ei)sorw=n	εἰσοράω	ei)sora/w	v-sppamn-
εἰσορῶν	ei)sorw=n	εἰσοράω	ei)sora/w	v-sppamn-
εἰσίν	ei)si/n	εἰμί	ei)mi/	v3ppia---
εἰσῄει	ei)sh/|ei	εἴσειμι	ei)/seimi	v3siia---
εἱλόμην	ei(lo/mhn	αἱρέω	ai(re/w	v1saim---
εἴ	ei)/	εἰ	ei)	c--------
εἴασα	ei)/asa	ἐάω	e)a/w	v1saia---
εἴασα	ei)/asa	εἰάζω	ei)a/zw	v1saia---
εἴη	ei)/h	ἐάω	e)a/w	v3siia---
εἴη	ei)/h	ἐάω	e)a/w	v2spma---
εἴη	ei)/h	ἐάω	e)a/w	v3siia---
εἴη	ei)/h	ἐάω	e)a/w	v3siia---
εἴη	ei)/h	εἰμί	ei)mi/	v3spoa---
εἴης	ei)/hs	ἐάω	e)a/w	v2siia---
εἴης	ei)/hs	ἐάω	e)a/w	v2siia---
εἴης	ei)/hs	ἐάω	e)a/w	v2siia---
εἴης	ei)/hs	εἰμί	ei)mi/	v2spoa---
εἴθε	ei)/qe	εἴθε	ei)/qe	x--------
εἴκειν	ei)/kein	ἔοικα	e)/oika	v--rna---
εἴκειν	ei)/kein	ἔοικα	e)/oika	v1slia---
εἴκειν	ei)/kein	εἴκω	ei)/kw	v--pna---
εἴπερ	ei)/per	εἴπερ	ei)/per	c--------
εἴποις	ei)/pois	εἶπον	ei)=pon	v2saoa---
εἴποις	ei)/pois	εἶπος	ei)=pos	n-p---md-
εἴπω	ei)/pw	εἶπον	ei)=pon	v2saim---
εἴπω	ei)/pw	εἶπον	ei)=pon	v1sasa---
εἴπω	ei)/pw	εἶπον	ei)=pon	v1sasa---
εἴπω	ei)/pw	εἶπον	ei)=pon	v2saim---
εἴπω	ei)/pw	εἶπος	ei)=pos	n-d---mn-
εἴπω	ei)/pw	εἶπος	ei)=pos	n-d---mv-
εἴπω	ei)/pw	εἶπος	ei)=pos	n-d---ma-
εἴπω	ei)/pw	εἶπος	ei)=pos	n-s---mg-
εἴργουσιν	ei)/rgousin	ἔργω1	e)/rgw1	v-pppamd-
εἴργουσιν	ei)/rgousin	ἔργω1	e)/rgw1	v-pppand-
εἴργουσιν	ei)/rgousin	ἔργω1	e)/rgw1	v3ppia---
εἴρηκας	ei)/rhkas	ἐρῶ	e)rw=	v2sria---
εἴωθας	ei)/wqas	ἔθω	e)/qw	v2sria---
εἶ	ei)=	εἰ	ei)	c--------
εἶ	ei)=	εἶμι	ei)=mi	v2spia---
εἶ	ei)=	εἰμί	ei)mi/	v2spia---
εἶδες	ei)=des	εἶδον	ei)=don	v2saia---
εἶδον	ei)=don	εἶδον	ei)=don	v3paia---
εἶδον	ei)=don	εἶδον	ei)=don	v1saia---
εἶδος	ei)=dos	εἶδος	ei)=dos	n-s---nn-
εἶδος	ei)=dos	εἶδος	ei)=dos	n-s---nv-
εἶδος	ei)=dos	εἶδος	ei)=dos	n-s---na-
εἶμι	ei)=mi	εἶμι	ei)=mi	v1spia---
εἶναι	ei)=nai	εἰμί	ei)mi/	v--pna---
εἶπας	ei)=pas	εἶπον	ei)=pon	v2saia---
εἶπας	ei)=pas	εἶπον	ei)=pon	v2saia---
εἶπε	ei)=pe	εἶπον	ei)=pon	v3saia---
εἶπε	ei)=pe	εἶπον	ei)=pon	v2sama---
εἶπε	ei)=pe	εἶπον	ei)=pon	v3saia---
εἶπε	ei)=pe	εἶπον	ei)=pon	v3saia---
εἶπε	ei)=pe	εἶπον	ei)=pon	v3saia---
εἶπε	ei)=pe	εἶπος	ei)=pos	n-s---mv-
εἶπεν	ei)=pen	εἶπον	ei)=pon	v3saia---
εἶπεν	ei)=pen	εἶπον	ei)=pon	v3saia---
εἶπεν	ei)=pen	εἶπον	ei)=pon	v3saia---
εἶπεν	ei)=pen	εἶπον	ei)=pon	v3saia---
εἶπον	ei)=pon	εἶπον	ei)=pon	v2sama---
εἶπον	ei)=pon	εἶπον	ei)=pon	v3paia---
εἶπον	ei)=pon	εἶπον	ei)=pon	v1saia---
εἶπον	ei)=pon	εἶπον	ei)=pon	v3paia---
εἶπον	ei)=pon	εἶπον	ei)=pon	v1saia---
εἶπον	ei)=pon	εἶπος	ei)=pos	n-s---ma-
εἶσί	ei)=si/	εἶμι	ei)=mi	v3spia---
εἶτα	ei)=ta	εἶτα	ei)=ta	d--------
εἶτε	ei)=te	εἰμί	ei)mi/	v2ppoa---
εἶχεν	ei)=xen	ἔχω	e)/xw	v3siia---
εἶχον	ei)=xon	ἔχω	e)/xw	v3piia---
εἶχον	ei)=xon	ἔχω	e)/xw	v1siia---
εἷς	ei(=s	εἷς	ei(=s	n-s---mn-
εὐαγῆ	eu)agh=	εὐαγήσ1	eu)agh/s1	n-p---nn-
εὐαγῆ	eu)agh=	εὐαγήσ1	eu)agh/s1	n-p---nv-
εὐαγῆ	eu)agh=	εὐαγήσ1	eu)agh/s1	n-p---na-
εὐαγῆ	eu)agh=	εὐαγήσ1	eu)agh/s1	n-d---mn-
εὐαγῆ	eu)agh=	εὐαγήσ1	eu)agh/s1	n-d---mv-
εὐαγῆ	eu)agh=	εὐαγήσ1	eu)agh/s1	n-d---ma-
εὐαγῆ	eu)agh=	εὐαγήσ1	eu)agh/s1	n-d---fn-
εὐαγῆ	eu)agh=	εὐαγήσ1	eu)agh/s1	n-d---fv-
εὐαγῆ	eu)agh=	εὐαγήσ1	eu)agh/s1	n-d---fa-
εὐαγῆ	eu)agh=	εὐαγήσ1	eu)agh/s1	n-d---nn-
εὐαγῆ	eu)agh=	εὐαγήσ1	eu)agh/s1	n-d---nv-
εὐαγῆ	eu)agh=	εὐαγήσ1	eu)agh/s1	n-d---na-
εὐαγῆ	eu)agh=	εὐαγήσ1	eu)agh/s1	n-s---ma-
εὐαγῆ	eu)agh=	εὐαγήσ1	eu)agh/s1	n-s---fa-
εὐαγῆ	eu)agh=	εὐαγήσ2	eu)agh/s2	n-p---nn-
εὐαγῆ	eu)agh=	εὐαγήσ2	eu)agh/s2	n-p---nv-
εὐαγῆ	eu)agh=	εὐαγήσ2	eu)agh/s2	n-p---na-
εὐαγῆ	eu)agh=	εὐαγήσ2	eu)agh/s2	n-d---mn-
εὐαγῆ	eu)agh=	εὐαγήσ2	eu)agh/s2	n-d---mv-
εὐαγῆ	eu)agh=	εὐαγήσ2	eu)agh/s2	n-d---ma-
εὐαγῆ	eu)agh=	εὐαγήσ2	eu)agh/s2	n-d---fn-
εὐαγῆ	eu)agh=	εὐαγήσ2	eu)agh/s2	n-d---fv-
εὐαγῆ	eu)agh=	εὐαγήσ2	eu)agh/s2	n-d---fa-
εὐαγῆ	eu)agh=	εὐαγήσ2	eu)agh/s2	n-d---nn-
εὐαγῆ	eu)agh=	εὐαγήσ2	eu)agh/s2	n-d---nv-
εὐαγῆ	eu)agh=	εὐαγήσ2	eu)agh/s2	n-d---na-
εὐαγῆ	eu)agh=	εὐαγήσ2	eu)agh/s2	n-s---ma-
εὐαγῆ	eu)agh=	εὐαγήσ2	eu)agh/s2	n-s---fa-
εὐαγῆ	eu)agh=	εὐαγήσ3	eu)agh/s3	n-p---nn-
εὐαγῆ	eu)agh=	εὐαγήσ3	eu)agh/s3	n-p---nv-
εὐαγῆ	eu)agh=	εὐαγήσ3	eu)agh/s3	n-p---na-
εὐαγῆ	eu)agh=	εὐαγήσ3	eu)agh/s3	n-d---mn-
εὐαγῆ	eu)agh=	εὐαγήσ3	eu)agh/s3	n-d---mv-
εὐαγῆ	eu)agh=	εὐαγήσ3	eu)agh/s3	n-d---ma-
εὐαγῆ	eu)agh=	εὐαγήσ3	eu)agh/s3	n-d---fn-
εὐαγῆ	eu)agh=	εὐαγήσ3	eu)agh/s3	n-d---fv-
εὐαγῆ	eu)agh=	εὐαγήσ3	eu)agh/s3	n-d---fa-
εὐαγῆ	eu)agh=	εὐαγήσ3	eu)agh/s3	n-d---nn-
εὐαγῆ	eu)agh=	εὐαγήσ3	eu)agh/s3	n-d---nv-
εὐαγῆ	eu)agh=	εὐαγήσ3	eu)agh/s3	n-d---na-
εὐαγῆ	eu)agh=	εὐαγήσ3	eu)agh/s3	n-s---ma-
εὐαγῆ	eu)agh=	εὐαγήσ3	eu)agh/s3	n-s---fa-
εὐανδρία	eu)andri/a	εὐανδρία	eu)andri/a	n-d---fn-
εὐανδρία	eu)andri/a	εὐανδρία	eu)andri/a	n-d---fv-
εὐανδρία	eu)andri/a	εὐανδρία	eu)andri/a	n-d---fa-
εὐανδρία	eu)andri/a	εὐανδρία	eu)andri/a	n-s---fn-
εὐανδρία	eu)andri/a	εὐανδρία	eu)andri/a	n-s---fv-
εὐβουλίας	eu)bouli/as	εὐβουλία	eu)bouli/a	n-p---fa-
εὐβουλίας	eu)bouli/as	εὐβουλία	eu)bouli/a	n-s---fg-
εὐβουλίᾳ	eu)bouli/a|	εὐβουλία	eu)bouli/a	n-p---fn-
εὐβουλίᾳ	eu)bouli/a|	εὐβουλία	eu)bouli/a	n-p---fv-
εὐβουλίᾳ	eu)bouli/a|	εὐβουλία	eu)bouli/a	n-s---fd-
εὐδαιμονεῖ	eu)daimonei=	εὐδαιμονέω	eu)daimone/w	v2spie---
εὐδαιμονεῖ	eu)daimonei=	εὐδαιμονέω	eu)daimone/w	v3spia---
εὐδαιμονεῖν	eu)daimonei=n	εὐδαιμονέω	eu)daimone/w	v--pna---
εὐδαιμονοῦν	eu)daimonou=n	εὐδαιμονέω	eu)daimone/w	v-sppamv-
εὐδαιμονοῦν	eu)daimonou=n	εὐδαιμονέω	eu)daimone/w	v-sppann-
εὐδαιμονοῦν	eu)daimonou=n	εὐδαιμονέω	eu)daimone/w	v-sppanv-
εὐδαιμονοῦν	eu)daimonou=n	εὐδαιμονέω	eu)daimone/w	v-sppana-
εὐδαιμονοῦντας	eu)daimonou=ntas	εὐδαιμονέω	eu)daimone/w	v-pppama-
εὐδαιμονίας	eu)daimoni/as	εὐδαιμονία	eu)daimoni/a	n-p---fa-
εὐδαιμονίας	eu)daimoni/as	εὐδαιμονία	eu)daimoni/a	n-s---fg-
εὐδαίμων	eu)dai/mwn	εὐδαίμων	eu)dai/mwn	n-s---mn-
εὐδαίμων	eu)dai/mwn	εὐδαίμων	eu)dai/mwn	n-s---fn-
εὐδοκίμων	eu)doki/mwn	εὐδόκιμος	eu)do/kimos	n-p---mg-
εὐδοκίμων	eu)doki/mwn	εὐδόκιμος	eu)do/kimos	n-p---fg-
εὐδοκίμων	eu)doki/mwn	εὐδόκιμος	eu)do/kimos	n-p---ng-
εὐδοξία	eu)doci/a	εὐδοξία	eu)doci/a	n-d---fn-
εὐδοξία	eu)doci/a	εὐδοξία	eu)doci/a	n-d---fv-
εὐδοξία	eu)doci/a	εὐδοξία	eu)doci/a	n-d---fa-
εὐδοξία	eu)doci/a	εὐδοξία	eu)doci/a	n-s---fn-
εὐδοξία	eu)doci/a	εὐδοξία	eu)doci/a	n-s---fv-
εὐεργετῶν	eu)ergetw=n	εὐεργέτης	eu)erge/ths	n-p---mg-
εὐεργετῶν	eu)ergetw=n	εὐεργετέω	eu)ergete/w	v-sppamn-
εὐθύνειν	eu)qu/nein	εὐθύνω	eu)qu/nw	v--pna---
εὐθύς	eu)qu/s	εὐθύσ1	eu)qu/s1	a-s---mn-
εὐθύς	eu)qu/s	εὐθύσ2	eu)qu/s2	d--------
εὐκλείας	eu)klei/as	εὔκλεια	eu)/kleia	n-p---fa-
εὐκλείας	eu)klei/as	εὔκλεια	eu)/kleia	n-s---fg-
εὐκλείας	eu)klei/as	εὔκλεια	eu)/kleia	n-p---fa-
εὐκλείας	eu)klei/as	εὔκλεια	eu)/kleia	n-s---fg-
εὐκλεΐας	eu)klei+/as	εὔκλεια	eu)/kleia	n-p---fa-
εὐκλεΐας	eu)klei+/as	εὔκλεια	eu)/kleia	n-s---fg-
εὐκλεΐας	eu)klei+/as	εὔκλεια	eu)/kleia	n-p---fa-
εὐκλεΐας	eu)klei+/as	εὔκλεια	eu)/kleia	n-s---fg-
εὐλαβούμεναι	eu)labou/menai	εὐλαβέομαι	eu)labe/omai	v-pppefn-
εὐλαβούμεναι	eu)labou/menai	εὐλαβέομαι	eu)labe/omai	v-pppefv-
εὐλογοῦσιν	eu)logou=sin	εὐλογέω	eu)loge/w	v-pppamd-
εὐλογοῦσιν	eu)logou=sin	εὐλογέω	eu)loge/w	v-pppand-
εὐλογοῦσιν	eu)logou=sin	εὐλογέω	eu)loge/w	v3ppia---
εὐμενοῦς	eu)menou=s	εὐμενής	eu)menh/s	n-s---mg-
εὐμενοῦς	eu)menou=s	εὐμενής	eu)menh/s	n-s---fg-
εὐμενοῦς	eu)menou=s	εὐμενής	eu)menh/s	n-s---ng-
εὐμενέστερον	eu)mene/steron	εὐμενής	eu)menh/s	x--------
εὐμενέστερον	eu)mene/steron	εὐμενής	eu)menh/s	n-s---ma-
εὐμενέστερον	eu)mene/steron	εὐμενής	eu)menh/s	n-s---nn-
εὐμενέστερον	eu)mene/steron	εὐμενής	eu)menh/s	n-s---nv-
εὐμενέστερον	eu)mene/steron	εὐμενής	eu)menh/s	n-s---na-
εὐμενής	eu)menh/s	εὐμενής	eu)menh/s	n-s---mn-
εὐμενής	eu)menh/s	εὐμενής	eu)menh/s	n-s---fn-
εὐναί	eu)nai/	εὐνή	eu)nh/	n-p---fn-
εὐναί	eu)nai/	εὐνή	eu)nh/	n-p---fv-
εὐναῖος	eu)nai=os	εὐναῖος	eu)nai=os	a-s---mn-
εὐνοίᾳ	eu)noi/a|	εὔνοια	eu)/noia	n-s---fd-
εὐνοίᾳ	eu)noi/a|	εὔνοια	eu)/noia	n-s---fd-
εὐνοίᾳ	eu)noi/a|	εὔνοια	eu)/noia	n-p---fn-
εὐνοίᾳ	eu)noi/a|	εὔνοια	eu)/noia	n-p---fv-
εὐνοίᾳ	eu)noi/a|	εὔνοια	eu)/noia	n-s---fd-
εὐνάν	eu)na/n	εὐνή	eu)nh/	n-s---fa-
εὐνάς	eu)na/s	εὐνή	eu)nh/	n-p---fa-
εὐπαιδίᾳ	eu)paidi/a|	εὐπαιδία	eu)paidi/a	n-p---fn-
εὐπαιδίᾳ	eu)paidi/a|	εὐπαιδία	eu)paidi/a	n-p---fv-
εὐπαιδίᾳ	eu)paidi/a|	εὐπαιδία	eu)paidi/a	n-s---fd-
εὐπροσήγορον	eu)prosh/goron	εὐπροσήγορος	eu)prosh/goros	n-s---ma-
εὐπροσήγορον	eu)prosh/goron	εὐπροσήγορος	eu)prosh/goros	n-s---fa-
εὐπροσήγορον	eu)prosh/goron	εὐπροσήγορος	eu)prosh/goros	n-s---nn-
εὐπροσήγορον	eu)prosh/goron	εὐπροσήγορος	eu)prosh/goros	n-s---nv-
εὐπροσήγορον	eu)prosh/goron	εὐπροσήγορος	eu)prosh/goros	n-s---na-
εὐσεβεῖν	eu)sebei=n	εὐσεβέω	eu)sebe/w	v--pna---
εὐσεβής	eu)sebh/s	εὐσεβής	eu)sebh/s	n-s---mn-
εὐσεβής	eu)sebh/s	εὐσεβής	eu)sebh/s	n-s---fn-
εὐτεκνίᾳ	eu)tekni/a|	εὐτεκνία	eu)tekni/a	n-p---fn-
εὐτεκνίᾳ	eu)tekni/a|	εὐτεκνία	eu)tekni/a	n-p---fv-
εὐτεκνίᾳ	eu)tekni/a|	εὐτεκνία	eu)tekni/a	n-s---fd-
εὐτεκνίᾳ	eu)tekni/a|	εὐτεκνίη	eu)tekni/h	n-s---fd-
εὐτρεπής	eu)treph/s	εὐτρεπής	eu)treph/s	n-s---mn-
εὐτρεπής	eu)treph/s	εὐτρεπής	eu)treph/s	n-s---fn-
εὐτυχοῦντα	eu)tuxou=nta	εὐτυχέω	eu)tuxe/w	v-pppann-
εὐτυχοῦντα	eu)tuxou=nta	εὐτυχέω	eu)tuxe/w	v-pppanv-
εὐτυχοῦντα	eu)tuxou=nta	εὐτυχέω	eu)tuxe/w	v-pppana-
εὐτυχοῦντα	eu)tuxou=nta	εὐτυχέω	eu)tuxe/w	v-sppama-
εὐτυχοῦντες	eu)tuxou=ntes	εὐτυχέω	eu)tuxe/w	v-pppamn-
εὐτυχοῦντες	eu)tuxou=ntes	εὐτυχέω	eu)tuxe/w	v-pppamv-
εὐτυχοῦσι	eu)tuxou=si	εὐτυχέω	eu)tuxe/w	v-pppamd-
εὐτυχοῦσι	eu)tuxou=si	εὐτυχέω	eu)tuxe/w	v-pppand-
εὐτυχοῦσι	eu)tuxou=si	εὐτυχέω	eu)tuxe/w	v3ppia---
εὐτυχής	eu)tuxh/s	εὐτυχής	eu)tuxh/s	n-s---mn-
εὐτυχής	eu)tuxh/s	εὐτυχής	eu)tuxh/s	n-s---fn-
εὐτυχήσῃ	eu)tuxh/sh|	εὐτύχησις	eu)tu/xhsis	n-s---fd-
εὐτυχήσῃ	eu)tuxh/sh|	εὐτυχέω	eu)tuxe/w	v2sasm---
εὐτυχήσῃ	eu)tuxh/sh|	εὐτυχέω	eu)tuxe/w	v3sasa---
εὐτυχήσῃ	eu)tuxh/sh|	εὐτυχέω	eu)tuxe/w	v2sfim---
εὐτυχίας	eu)tuxi/as	εὐτυχία	eu)tuxi/a	n-p---fa-
εὐτυχίας	eu)tuxi/as	εὐτυχία	eu)tuxi/a	n-s---fg-
εὐτυχίᾳ	eu)tuxi/a|	εὐτυχία	eu)tuxi/a	n-p---fn-
εὐτυχίᾳ	eu)tuxi/a|	εὐτυχία	eu)tuxi/a	n-p---fv-
εὐτυχίᾳ	eu)tuxi/a|	εὐτυχία	eu)tuxi/a	n-s---fd-
εὐφρανεῖς	eu)franei=s	εὐφραίνω	eu)frai/nw	v2sfia---
εὐψυχίαν	eu)yuxi/an	εὐψυχία	eu)yuxi/a	n-s---fa-
εὐψυχίᾳ	eu)yuxi/a|	εὐψυχία	eu)yuxi/a	n-p---fn-
εὐψυχίᾳ	eu)yuxi/a|	εὐψυχία	eu)yuxi/a	n-p---fv-
εὐψυχίᾳ	eu)yuxi/a|	εὐψυχία	eu)yuxi/a	n-s---fd-
εὑρίσκομαι	eu(ri/skomai	εὑρίσκω	eu(ri/skw	v1spie---
εὑρών	eu(rw/n	εὑρίσκω	eu(ri/skw	v-sapamn-
εὔπαις	eu)/pais	εὔπαις	eu)/pais	n-s---mn-
εὔπαις	eu)/pais	εὔπαις	eu)/pais	n-s---fn-
εὔτεκνος	eu)/teknos	εὔτεκνος	eu)/teknos	n-s---mn-
εὔτεκνος	eu)/teknos	εὔτεκνος	eu)/teknos	n-s---fn-
εὕδει	eu(/dei	εὕδω	eu(/dw	v2spie---
εὕδει	eu(/dei	εὕδω	eu(/dw	v3spia---
εὕροιτ’	eu(/roit'	εὑρίσκω	eu(ri/skw	v3saom---
εὕροιτ’	eu(/roit'	εὑρίσκω	eu(ri/skw	v2paoa---
εὖ	eu)=	εὖ	eu)=	d--------
ζευχθείς	zeuxqei/s	ζεύγνυμι	zeu/gnumi	v-sappmn-
ζευχθείς	zeuxqei/s	ζεύγνυμι	zeu/gnumi	v-sappmv-
ζεύξομαι	zeu/comai	ζεύγνυμι	zeu/gnumi	v1sasm---
ζεύξομαι	zeu/comai	ζεύγνυμι	zeu/gnumi	v1sfim---
ζηλοῦνθ’	zhlou=nq'	ζηλέω	zhle/w	v-pppann-
ζηλοῦνθ’	zhlou=nq'	ζηλέω	zhle/w	v-pppanv-
ζηλοῦνθ’	zhlou=nq'	ζηλέω	zhle/w	v-pppana-
ζηλοῦνθ’	zhlou=nq'	ζηλέω	zhle/w	v-sppama-
ζηλοῦνθ’	zhlou=nq'	ζηλέω	zhle/w	v-sppamd-
ζηλοῦνθ’	zhlou=nq'	ζηλέω	zhle/w	v-sppand-
ζηλοῦνθ’	zhlou=nq'	ζηλέω	zhle/w	v3ppia---
ζηλοῦνθ’	zhlou=nq'	ζηλέω	zhle/w	v-dppamn-
ζηλοῦνθ’	zhlou=nq'	ζηλέω	zhle/w	v-dppamv-
ζηλοῦνθ’	zhlou=nq'	ζηλέω	zhle/w	v-dppama-
ζηλοῦνθ’	zhlou=nq'	ζηλέω	zhle/w	v-dppann-
ζηλοῦνθ’	zhlou=nq'	ζηλέω	zhle/w	v-dppanv-
ζηλοῦνθ’	zhlou=nq'	ζηλέω	zhle/w	v-dppana-
ζηλοῦνθ’	zhlou=nq'	ζηλέω	zhle/w	v3ppie---
ζηλοῦνθ’	zhlou=nq'	ζηλέω	zhle/w	v3piie---
ζηλοῦνθ’	zhlou=nq'	ζηλόω	zhlo/w	v-pppann-
ζηλοῦνθ’	zhlou=nq'	ζηλόω	zhlo/w	v-pppanv-
ζηλοῦνθ’	zhlou=nq'	ζηλόω	zhlo/w	v-pppana-
ζηλοῦνθ’	zhlou=nq'	ζηλόω	zhlo/w	v-sppama-
ζηλοῦνθ’	zhlou=nq'	ζηλόω	zhlo/w	v-sppamd-
ζηλοῦνθ’	zhlou=nq'	ζηλόω	zhlo/w	v-sppand-
ζηλοῦνθ’	zhlou=nq'	ζηλόω	zhlo/w	v3ppia---
ζηλοῦνθ’	zhlou=nq'	ζηλόω	zhlo/w	v-dppamn-
ζηλοῦνθ’	zhlou=nq'	ζηλόω	zhlo/w	v-dppamv-
ζηλοῦνθ’	zhlou=nq'	ζηλόω	zhlo/w	v-dppama-
ζηλοῦνθ’	zhlou=nq'	ζηλόω	zhlo/w	v-dppann-
ζηλοῦνθ’	zhlou=nq'	ζηλόω	zhlo/w	v-dppanv-
ζηλοῦνθ’	zhlou=nq'	ζηλόω	zhlo/w	v-dppana-
ζηλοῦνθ’	zhlou=nq'	ζηλόω	zhlo/w	v3ppie---
ζηλοῦνθ’	zhlou=nq'	ζηλόω	zhlo/w	v3piie---
ζητεῖ	zhtei=	ζητέω	zhte/w	v2spie---
ζητεῖ	zhtei=	ζητέω	zhte/w	v3spia---
ζητῶν	zhtw=n	ζητέω	zhte/w	v-sppamn-
ζυγείς	zugei/s	ζεύγνυμι	zeu/gnumi	v-sappmn-
ζυγείς	zugei/s	ζεύγνυμι	zeu/gnumi	v-sappmv-
ζωοῖσιν	zwoi=sin	ζωός	zwo/s	a-p---md-
ζωοῖσιν	zwoi=sin	ζωός	zwo/s	a-p---nd-
ζωοῖσιν	zwoi=sin	ζωόω	zwo/w	v-pppamd-
ζωοῖσιν	zwoi=sin	ζωόω	zwo/w	v-pppand-
ζωοῖσιν	zwoi=sin	ζωόω	zwo/w	v3spsa---
ζωοῖσιν	zwoi=sin	ζωόω	zwo/w	v3ppia---
ζώντων	zw/ntwn	ζάω	za/w	v-pppamg-
ζώντων	zw/ntwn	ζάω	za/w	v-pppang-
ζώντων	zw/ntwn	ζάω	za/w	v3ppma---
ζώσης	zw/shs	ζάω	za/w	v-sppafg-
ζώσης	zw/shs	ζῶσις	zw=sis	n-p---fn-
ζώσης	zw/shs	ζῶσις	zw=sis	n-p---fv-
ζῴην	zw/|hn	ζωή	zwh/	n-s---fa-
ζῶντ’	zw=nt'	ζάω	za/w	v-pppann-
ζῶντ’	zw=nt'	ζάω	za/w	v-pppanv-
ζῶντ’	zw=nt'	ζάω	za/w	v-pppana-
ζῶντ’	zw=nt'	ζάω	za/w	v-sppama-
ζῶντ’	zw=nt'	ζάω	za/w	v-sppamd-
ζῶντ’	zw=nt'	ζάω	za/w	v-sppand-
ζῶντ’	zw=nt'	ζάω	za/w	v3ppia---
ζῶντ’	zw=nt'	ζάω	za/w	v-dppamn-
ζῶντ’	zw=nt'	ζάω	za/w	v-dppamv-
ζῶντ’	zw=nt'	ζάω	za/w	v-dppama-
ζῶντ’	zw=nt'	ζάω	za/w	v-dppann-
ζῶντ’	zw=nt'	ζάω	za/w	v-dppanv-
ζῶντ’	zw=nt'	ζάω	za/w	v-dppana-
ζῶντ’	zw=nt'	ζάω	za/w	v3ppse---
ζῶντ’	zw=nt'	ζάω	za/w	v3ppie---
ζῶντ’	zw=nt'	ζάω	za/w	v3piie---
ζῶντ’	zw=nt'	ζέω	ze/w	v3ppsa---
ζῶντ’	zw=nt'	ζέω	ze/w	v3ppse---
θαλερᾷ	qalera=|	θαλερός	qalero/s	a-s---fd-
θαλλῷ	qallw=|	θαλλός	qallo/s	n-s---md-
θαλάμας	qala/mas	θαλάμη	qala/mh	n-p---fa-
θαλάμας	qala/mas	θαλάμη	qala/mh	n-s---fg-
θαλάμους	qala/mous	θάλαμος	qa/lamos	n-p---ma-
θανεῖν	qanei=n	θνήσκω	qnh/skw	v--ana---
θανοῦσα	qanou=sa	θνήσκω	qnh/skw	v-sapafn-
θανοῦσα	qanou=sa	θνήσκω	qnh/skw	v-sapafv-
θανάτῳ	qana/tw|	θάνατος	qa/natos	n-s---md-
θανόντα	qano/nta	θνήσκω	qnh/skw	v-papann-
θανόντα	qano/nta	θνήσκω	qnh/skw	v-papanv-
θανόντα	qano/nta	θνήσκω	qnh/skw	v-papana-
θανόντα	qano/nta	θνήσκω	qnh/skw	v-sapama-
θανόντας	qano/ntas	θνήσκω	qnh/skw	v-papama-
θανόντος	qano/ntos	θνήσκω	qnh/skw	v-sapamg-
θανόντος	qano/ntos	θνήσκω	qnh/skw	v-sapang-
θανόντων	qano/ntwn	θνήσκω	qnh/skw	v-papamg-
θανόντων	qano/ntwn	θνήσκω	qnh/skw	v-papang-
θανόντων	qano/ntwn	θνήσκω	qnh/skw	v3pama---
θανόντ’	qano/nt'	θνήσκω	qnh/skw	v-papann-
θανόντ’	qano/nt'	θνήσκω	qnh/skw	v-papanv-
θανόντ’	qano/nt'	θνήσκω	qnh/skw	v-papana-
θανόντ’	qano/nt'	θνήσκω	qnh/skw	v-sapama-
θανόντ’	qano/nt'	θνήσκω	qnh/skw	v-sapamd-
θανόντ’	qano/nt'	θνήσκω	qnh/skw	v-sapand-
θανόντ’	qano/nt'	θνήσκω	qnh/skw	v-dapamn-
θανόντ’	qano/nt'	θνήσκω	qnh/skw	v-dapamv-
θανόντ’	qano/nt'	θνήσκω	qnh/skw	v-dapama-
θανόντ’	qano/nt'	θνήσκω	qnh/skw	v-dapann-
θανόντ’	qano/nt'	θνήσκω	qnh/skw	v-dapanv-
θανόντ’	qano/nt'	θνήσκω	qnh/skw	v-dapana-
θαύμαζε	qau/maze	θαυμάζω	qauma/zw	v2spma---
θαύμαζε	qau/maze	θαυμάζω	qauma/zw	v3siia---
θεατής	qeath/s	θεατής	qeath/s	n-s---mn-
θεαῖν	qeai=n	θεά	qea/	n-d---fg-
θεαῖν	qeai=n	θεά	qea/	n-d---fd-
θελουσῶν	qelousw=n	ἐθέλω	e)qe/lw	v-pppafg-
θεμένα	qeme/na	τίθημι	ti/qhmi	v-dapmfn-
θεμένα	qeme/na	τίθημι	ti/qhmi	v-dapmfv-
θεμένα	qeme/na	τίθημι	ti/qhmi	v-dapmfa-
θεμένα	qeme/na	τίθημι	ti/qhmi	v-sapmfn-
θεμένα	qeme/na	τίθημι	ti/qhmi	v-sapmfv-
θεοί	qeoi/	θεός	qeo/s	n-p---mn-
θεοί	qeoi/	θεός	qeo/s	n-p---mv-
θεούς	qeou/s	θεός	qeo/s	n-p---ma-
θεοῦ	qeou=	θεάομαι	qea/omai	v2spme---
θεοῦ	qeou=	θεάομαι	qea/omai	v2siie---
θεοῦ	qeou=	θεάω	qea/w	v2spme---
θεοῦ	qeou=	θεάω	qea/w	v2siie---
θεοῦ	qeou=	θεός	qeo/s	n-s---mg-
θερίζων	qeri/zwn	θερίζω	qeri/zw	v-sppamn-
θεσπίσματα	qespi/smata	θέσπισμα	qe/spisma	n-p---nn-
θεσπίσματα	qespi/smata	θέσπισμα	qe/spisma	n-p---nv-
θεσπίσματα	qespi/smata	θέσπισμα	qe/spisma	n-p---na-
θεσφάτοις	qesfa/tois	θέσφατος	qe/sfatos	n-p---md-
θεσφάτοις	qesfa/tois	θέσφατος	qe/sfatos	n-p---fd-
θεσφάτοις	qesfa/tois	θέσφατος	qe/sfatos	n-p---nd-
θεωρικά	qewrika/	θεωρικός	qewriko/s	a-p---nn-
θεωρικά	qewrika/	θεωρικός	qewriko/s	a-p---nv-
θεωρικά	qewrika/	θεωρικός	qewriko/s	a-p---na-
θεωρικά	qewrika/	θεωρικός	qewriko/s	a-d---fn-
θεωρικά	qewrika/	θεωρικός	qewriko/s	a-d---fv-
θεωρικά	qewrika/	θεωρικός	qewriko/s	a-d---fa-
θεωρικά	qewrika/	θεωρικός	qewriko/s	a-s---fn-
θεωρικά	qewrika/	θεωρικός	qewriko/s	a-s---fv-
θεάν	qea/n	θεά	qea/	n-s---fa-
θεόν	qeo/n	θεός	qeo/s	n-s---ma-
θεός	qeo/s	θεός	qeo/s	n-s---mn-
θεᾶς	qea=s	θεά	qea/	n-s---fg-
θεᾶς	qea=s	θεάω	qea/w	v2spia---
θεῖναι	qei=nai	θείνω	qei/nw	v2samm---
θεῖναι	qei=nai	θείνω	qei/nw	v--ana---
θεῖναι	qei=nai	τίθημι	ti/qhmi	v--ana---
θεῖον	qei=on	θέω	qe/w	v-sppamv-
θεῖον	qei=on	θέω	qe/w	v-sppann-
θεῖον	qei=on	θέω	qe/w	v-sppanv-
θεῖον	qei=on	θέω	qe/w	v-sppana-
θεῖον	qei=on	θέω	qe/w	v3piia---
θεῖον	qei=on	θέω	qe/w	v1siia---
θεῖον	qei=on	θεῖοσ1	qei=os1	a-s---ma-
θεῖον	qei=on	θεῖοσ1	qei=os1	a-s---nn-
θεῖον	qei=on	θεῖοσ1	qei=os1	a-s---nv-
θεῖον	qei=on	θεῖοσ1	qei=os1	a-s---na-
θεῖον	qei=on	θεῖοσ2	qei=os2	n-s---ma-
θεῖτ’	qei=t'	θέω	qe/w	v3spom---
θεῖτ’	qei=t'	θέω	qe/w	v2ppma---
θεῖτ’	qei=t'	θέω	qe/w	v2ppoa---
θεῖτ’	qei=t'	θέω	qe/w	v2ppia---
θεῖτ’	qei=t'	θέω	qe/w	v3spim---
θεῖτ’	qei=t'	θέω	qe/w	v2piia---
θεῖτ’	qei=t'	τίθημι	ti/qhmi	v3saom---
θεῖτ’	qei=t'	τίθημι	ti/qhmi	v2paoa---
θεῖτ’	qei=t'	τίθημι	ti/qhmi	v2paoa---
θεῶν	qew=n	θέα	qe/a	n-p---fg-
θεῶν	qew=n	θεά	qea/	n-p---fg-
θεῶν	qew=n	θεάω	qea/w	v-sppamv-
θεῶν	qew=n	θεάω	qea/w	v-sppann-
θεῶν	qew=n	θεάω	qea/w	v-sppanv-
θεῶν	qew=n	θεάω	qea/w	v-sppana-
θεῶν	qew=n	θεάω	qea/w	v-sppamn-
θεῶν	qew=n	θεάω	qea/w	v-sppamn-
θεῶν	qew=n	θεός	qeo/s	n-p---mg-
θεῷ	qew=|	θεάω	qea/w	v3spoa---
θεῷ	qew=|	θεός	qeo/s	n-s---md-
θηλειῶν	qhleiw=n	θῆλυς	qh=lus	a-p---fg-
θηριώδους	qhriw/dous	θηριώδης	qhriw/dhs	n-s---mg-
θηριώδους	qhriw/dous	θηριώδης	qhriw/dhs	n-s---fg-
θηριώδους	qhriw/dous	θηριώδης	qhriw/dhs	n-s---ng-
θηρσίν	qhrsi/n	θήρ	qh/r	n-p---md-
θηρῶν	qhrw=n	θήρ	qh/r	n-p---mg-
θηρῶν	qhrw=n	θήρα	qh/ra	n-p---fg-
θηρῶν	qhrw=n	θηράω	qhra/w	v-sppamv-
θηρῶν	qhrw=n	θηράω	qhra/w	v-sppann-
θηρῶν	qhrw=n	θηράω	qhra/w	v-sppanv-
θηρῶν	qhrw=n	θηράω	qhra/w	v-sppana-
θηρῶν	qhrw=n	θηράω	qhra/w	v-sppamn-
θηρῶν	qhrw=n	θηράω	qhra/w	v-sppamn-
θησαυρόν	qhsauro/n	θησαυρός	qhsauro/s	n-s---ma-
θιγεῖν	qigei=n	θιγγάνω	qigga/nw	v--ana---
θνητοῖς	qnhtoi=s	θνητός	qnhto/s	a-p---md-
θνητοῖς	qnhtoi=s	θνητός	qnhto/s	a-p---nd-
θνητοῖς	qnhtoi=s	θνητός	qnhto/s	n-p---md-
θνητοῖς	qnhtoi=s	θνητός	qnhto/s	n-p---fd-
θνητοῖς	qnhtoi=s	θνητός	qnhto/s	n-p---nd-
θνητῶν	qnhtw=n	θνητός	qnhto/s	a-p---fg-
θνητῶν	qnhtw=n	θνητός	qnhto/s	a-p---mg-
θνητῶν	qnhtw=n	θνητός	qnhto/s	a-p---ng-
θνητῶν	qnhtw=n	θνητός	qnhto/s	n-p---mg-
θνητῶν	qnhtw=n	θνητός	qnhto/s	n-p---fg-
θνητῶν	qnhtw=n	θνητός	qnhto/s	n-p---ng-
θνῄσκουσι	qnh/|skousi	θνήσκω	qnh/skw	v-pppamd-
θνῄσκουσι	qnh/|skousi	θνήσκω	qnh/skw	v-pppand-
θνῄσκουσι	qnh/|skousi	θνήσκω	qnh/skw	v3ppia---
θολερῷ	qolerw=|	θολερός	qolero/s	a-s---md-
θολερῷ	qolerw=|	θολερός	qolero/s	a-s---nd-
θοῦρος	qou=ros	θοῦρος	qou=ros	n-s---mn-
θρασύς	qrasu/s	θρασύς	qrasu/s	a-s---mn-
θράσος	qra/sos	θράσος	qra/sos	n-s---nn-
θράσος	qra/sos	θράσος	qra/sos	n-s---nv-
θράσος	qra/sos	θράσος	qra/sos	n-s---na-
θρέψας	qre/yas	τρέφω	tre/fw	v-sapamn-
θρέψας	qre/yas	τρέφω	tre/fw	v-sapamv-
θρέψας	qre/yas	τρέφω	tre/fw	v2saia---
θρέψασαν	qre/yasan	τρέφω	tre/fw	v-sapafa-
θρήνους	qrh/nous	θρῆνος	qrh=nos	n-p---ma-
θυγατρός	qugatro/s	θυγάτηρ	quga/thr	n-s---fg-
θυγατρός	qugatro/s	θυγάτηρ	quga/thr	n-s---fg-
θυμούμενος	qumou/menos	θυμόω	qumo/w	v-sppemn-
θυμέλας	qume/las	θυμέλη	qume/lh	n-p---fa-
θυμέλας	qume/las	θυμέλη	qume/lh	n-s---fg-
θυμόν	qumo/n	θυμός	qumo/s	n-s---ma-
θυμῶσαι	qumw=sai	θυμόω	qumo/w	v--ana---
θυμῷ	qumw=|	θυμός	qumo/s	n-s---md-
θωπεύματα	qwpeu/mata	θώπευμα	qw/peuma	n-p---nn-
θωπεύματα	qwpeu/mata	θώπευμα	qw/peuma	n-p---nv-
θωπεύματα	qwpeu/mata	θώπευμα	qw/peuma	n-p---na-
θάνατον	qa/naton	θάνατος	qa/natos	n-s---ma-
θάνατος	qa/natos	θάνατος	qa/natos	n-s---mn-
θάπτων	qa/ptwn	θάπτω	qa/ptw	v-sppamn-
θάρσει	qa/rsei	θάρσος	qa/rsos	n-d---nn-
θάρσει	qa/rsei	θάρσος	qa/rsos	n-d---nv-
θάρσει	qa/rsei	θάρσος	qa/rsos	n-d---na-
θάρσει	qa/rsei	θάρσος	qa/rsos	n-s---nd-
θάρσει	qa/rsei	θάρσος	qa/rsos	n-s---nd-
θάρσει	qa/rsei	θαρσέω	qarse/w	v2spma---
θάρσει	qa/rsei	θαρσέω	qarse/w	v3siia---
θάρσος	qa/rsos	θάρσος	qa/rsos	n-s---nn-
θάρσος	qa/rsos	θάρσος	qa/rsos	n-s---nv-
θάρσος	qa/rsos	θάρσος	qa/rsos	n-s---na-
θάσσει	qa/ssei	θάσσω	qa/ssw	v2spie---
θάσσει	qa/ssei	θάσσω	qa/ssw	v3spia---
θάσσει	qa/ssei	θάζω	qa/zw	v3sasa---
θάσσει	qa/ssei	θάζω	qa/zw	v2sfim---
θάσσει	qa/ssei	θάζω	qa/zw	v3sfia---
θάψαι	qa/yai	θάπτω	qa/ptw	v2samm---
θάψαι	qa/yai	θάπτω	qa/ptw	v--ana---
θάψαι	qa/yai	θάπτω	qa/ptw	v3saoa---
θάψω	qa/yw	θάπτω	qa/ptw	v1sasa---
θάψω	qa/yw	θάπτω	qa/ptw	v1sfia---
θάψω	qa/yw	θάπτω	qa/ptw	v2saim---
θάψω	qa/yw	θάψος	qa/yos	n-d---fn-
θάψω	qa/yw	θάψος	qa/yos	n-d---fv-
θάψω	qa/yw	θάψος	qa/yos	n-d---fa-
θάψω	qa/yw	θάψος	qa/yos	n-s---fg-
θάψωσιν	qa/ywsin	θάπτω	qa/ptw	v3pasa---
θάψῃς	qa/yh|s	θάπτω	qa/ptw	v2sasa---
θέαμα	qe/ama	θέαμα	qe/ama	n-s---nn-
θέαμα	qe/ama	θέαμα	qe/ama	n-s---nv-
θέαμα	qe/ama	θέαμα	qe/ama	n-s---na-
θέλει	qe/lei	ἐθέλω	e)qe/lw	v2spie---
θέλει	qe/lei	ἐθέλω	e)qe/lw	v3spia---
θέλεις	qe/leis	ἐθέλω	e)qe/lw	v2spia---
θέλοντες	qe/lontes	ἐθέλω	e)qe/lw	v-pppamn-
θέλοντες	qe/lontes	ἐθέλω	e)qe/lw	v-pppamv-
θέλοντος	qe/lontos	ἐθέλω	e)qe/lw	v-sppamg-
θέλοντος	qe/lontos	ἐθέλω	e)qe/lw	v-sppang-
θέλοντά	qe/lonta/	ἐθέλω	e)qe/lw	v-pppann-
θέλοντά	qe/lonta/	ἐθέλω	e)qe/lw	v-pppanv-
θέλοντά	qe/lonta/	ἐθέλω	e)qe/lw	v-pppana-
θέλοντά	qe/lonta/	ἐθέλω	e)qe/lw	v-sppama-
θέλουσι	qe/lousi	ἐθέλω	e)qe/lw	v-pppamd-
θέλουσι	qe/lousi	ἐθέλω	e)qe/lw	v-pppand-
θέλουσι	qe/lousi	ἐθέλω	e)qe/lw	v3ppia---
θέλουσιν	qe/lousin	ἐθέλω	e)qe/lw	v-pppamd-
θέλουσιν	qe/lousin	ἐθέλω	e)qe/lw	v-pppand-
θέλουσιν	qe/lousin	ἐθέλω	e)qe/lw	v3ppia---
θέλων	qe/lwn	ἐθέλω	e)qe/lw	v-sppamn-
θέλωσιν	qe/lwsin	ἐθέλω	e)qe/lw	v3ppsa---
θέλῃ	qe/lh|	ἐθέλω	e)qe/lw	v2spse---
θέλῃ	qe/lh|	ἐθέλω	e)qe/lw	v2spie---
θέλῃ	qe/lh|	ἐθέλω	e)qe/lw	v3spsa---
θέμεναι	qe/menai	τίθημι	ti/qhmi	v-papmfn-
θέμεναι	qe/menai	τίθημι	ti/qhmi	v-papmfv-
θέμεναι	qe/menai	τίθημι	ti/qhmi	v--ana---
θέμενος	qe/menos	τίθημι	ti/qhmi	v-sapmmn-
θέραπες	qe/rapes	θέραψ	qe/ray	n-p---mn-
θέραπες	qe/rapes	θέραψ	qe/ray	n-p---mv-
θέσθαι	qe/sqai	τίθημι	ti/qhmi	v--ane---
θέσφατ’	qe/sfat'	θέσφατος	qe/sfatos	n-p---nn-
θέσφατ’	qe/sfat'	θέσφατος	qe/sfatos	n-p---nv-
θέσφατ’	qe/sfat'	θέσφατος	qe/sfatos	n-p---na-
θέσφατ’	qe/sfat'	θέσφατος	qe/sfatos	n-s---mv-
θέσφατ’	qe/sfat'	θέσφατος	qe/sfatos	n-s---fv-
θήρ	qh/r	θήρ	qh/r	n-s---mn-
θήσει	qh/sei	τίθημι	ti/qhmi	v2sfim---
θήσει	qh/sei	τίθημι	ti/qhmi	v3sfia---
θήσειν	qh/sein	τίθημι	ti/qhmi	v--fna---
θήσεις	qh/seis	τίθημι	ti/qhmi	v2sfia---
θήσετε	qh/sete	τίθημι	ti/qhmi	v2pfia---
θήσω	qh/sw	τίθημι	ti/qhmi	v1sfia---
θόρυβος	qo/rubos	θόρυβος	qo/rubos	n-s---mn-
θύγατερ	qu/gater	θυγάτηρ	quga/thr	n-s---fv-
θύελλα	qu/ella	θύελλα	qu/ella	n-s---fn-
θύελλα	qu/ella	θύελλα	qu/ella	n-s---fv-
θῇς	qh=|s	θάζω	qa/zw	v2sfia---
θῇς	qh=|s	θέω	qe/w	v2spsa---
θῇς	qh=|s	τίθημι	ti/qhmi	v2sasa---
θῇς	qh=|s	τίθημι	ti/qhmi	v2sasa---
θῶμαι	qw=mai	θάομαι	qa/omai	v1spse---
θῶμαι	qw=mai	θάομαι	qa/omai	v1spie---
θῶμαι	qw=mai	θάζω	qa/zw	v1sfim---
θῶμαι	qw=mai	θέω	qe/w	v1spsm---
θῶμαι	qw=mai	τίθημι	ti/qhmi	v1sase---
θῶμαι	qw=mai	τίθημι	ti/qhmi	v1sasm---
καθαιρεῖσθ’	kaqairei=sq'	καθαιρέω	kaqaire/w	v2ppme---
καθαιρεῖσθ’	kaqairei=sq'	καθαιρέω	kaqaire/w	v2ppoe---
καθαιρεῖσθ’	kaqairei=sq'	καθαιρέω	kaqaire/w	v2ppie---
καθαιρεῖσθ’	kaqairei=sq'	καθαιρέω	kaqaire/w	v2ppme---
καθαιρεῖσθ’	kaqairei=sq'	καθαιρέω	kaqaire/w	v2ppoe---
καθαιρεῖσθ’	kaqairei=sq'	καθαιρέω	kaqaire/w	v2ppie---
καθαιρεῖσθ’	kaqairei=sq'	καθαιρέω	kaqaire/w	v--pne---
καθαιρεῖσθ’	kaqairei=sq'	καθαιρέω	kaqaire/w	v--pne---
καθαιρεῖσθ’	kaqairei=sq'	καθαιρέω	kaqaire/w	v2piie---
καθαιρεῖσθ’	kaqairei=sq'	καθαιρέω	kaqaire/w	v2piie---
καθελεῖν	kaqelei=n	καθαιρέω	kaqaire/w	v--ana---
καθελεῖν	kaqelei=n	καθαιρέω	kaqaire/w	v--fna---
καθεστάναι	kaqesta/nai	καθίστημι	kaqi/sthmi	v--rna---
καθίσταμαι	kaqi/stamai	καθίστημι	kaqi/sthmi	v1spie---
καινάς	kaina/s	καινός	kaino/s	a-p---fa-
καινός	kaino/s	καινός	kaino/s	a-s---mn-
καινῷ	kainw=|	καινός	kaino/s	a-s---md-
καινῷ	kainw=|	καινός	kaino/s	a-s---nd-
καιροῦ	kairou=	καιρός	kairo/s	n-s---mg-
καιροῦ	kairou=	καιρόω	kairo/w	v2spme---
καιροῦ	kairou=	καιρόω	kairo/w	v2siie---
καιρῷ	kairw=|	καιρός	kairo/s	n-s---md-
κακουργεῖν	kakourgei=n	κακουργέω	kakourge/w	v--pna---
κακοί	kakoi/	κακός	kako/s	a-p---mn-
κακοί	kakoi/	κακός	kako/s	a-p---mv-
κακοί	kakoi/	κακόω	kako/w	v2spse---
κακοί	kakoi/	κακόω	kako/w	v2spie---
κακοί	kakoi/	κακόω	kako/w	v3spsa---
κακούς	kakou/s	κακός	kako/s	a-p---ma-
κακοῖς	kakoi=s	κακός	kako/s	a-p---md-
κακοῖς	kakoi=s	κακός	kako/s	a-p---nd-
κακοῖς	kakoi=s	κακόω	kako/w	v2spoa---
κακοῖς	kakoi=s	κακόω	kako/w	v2spsa---
κακοῖς	kakoi=s	κακόω	kako/w	v2spia---
κακοῖσιν	kakoi=sin	κακός	kako/s	a-p---md-
κακοῖσιν	kakoi=sin	κακός	kako/s	a-p---nd-
κακοῖσιν	kakoi=sin	κακόω	kako/w	v-pppamd-
κακοῖσιν	kakoi=sin	κακόω	kako/w	v-pppand-
κακοῖσιν	kakoi=sin	κακόω	kako/w	v3spsa---
κακοῖσιν	kakoi=sin	κακόω	kako/w	v3ppia---
κακά	kaka/	κακός	kako/s	a-p---nn-
κακά	kaka/	κακός	kako/s	a-p---nv-
κακά	kaka/	κακός	kako/s	a-p---na-
κακά	kaka/	κακός	kako/s	a-d---fn-
κακά	kaka/	κακός	kako/s	a-d---fv-
κακά	kaka/	κακός	kako/s	a-d---fa-
κακά	kaka/	κακός	kako/s	a-s---fn-
κακά	kaka/	κακός	kako/s	a-s---fv-
κακόν	kako/n	κακός	kako/s	a-s---ma-
κακόν	kako/n	κακός	kako/s	a-s---nn-
κακόν	kako/n	κακός	kako/s	a-s---nv-
κακόν	kako/n	κακός	kako/s	a-s---na-
κακός	kako/s	κακός	kako/s	a-s---mn-
κακόφρων	kako/frwn	κακόφρων	kako/frwn	n-s---mn-
κακόφρων	kako/frwn	κακόφρων	kako/frwn	n-s---fn-
κακῶν	kakw=n	κάκη	ka/kh	n-p---fg-
κακῶν	kakw=n	κακάζω	kaka/zw	v-sfpamv-
κακῶν	kakw=n	κακάζω	kaka/zw	v-sfpann-
κακῶν	kakw=n	κακάζω	kaka/zw	v-sfpanv-
κακῶν	kakw=n	κακάζω	kaka/zw	v-sfpana-
κακῶν	kakw=n	κακάζω	kaka/zw	v-sfpamn-
κακῶν	kakw=n	κακός	kako/s	a-p---fg-
κακῶν	kakw=n	κακός	kako/s	a-p---mg-
κακῶν	kakw=n	κακός	kako/s	a-p---ng-
κακῶν	kakw=n	κακόω	kako/w	v-sppamv-
κακῶν	kakw=n	κακόω	kako/w	v-sppann-
κακῶν	kakw=n	κακόω	kako/w	v-sppanv-
κακῶν	kakw=n	κακόω	kako/w	v-sppana-
κακῶν	kakw=n	κακόω	kako/w	v-sppamn-
κακῶν	kakw=n	κακόω	kako/w	v--pna---
κακῶς	kakw=s	κακός	kako/s	x--------
κακῶς	kakw=s	κακόω	kako/w	v2spia---
καλλίνικε	kalli/nike	καλλίνικος	kalli/nikos	n-s---mv-
καλλίνικε	kalli/nike	καλλίνικος	kalli/nikos	n-s---fv-
καλλίνικος	kalli/nikos	καλλίνικος	kalli/nikos	n-s---mn-
καλλίνικος	kalli/nikos	καλλίνικος	kalli/nikos	n-s---fn-
καλλίπυργα	kalli/purga	καλλίπυργος	kalli/purgos	n-p---nn-
καλλίπυργα	kalli/purga	καλλίπυργος	kalli/purgos	n-p---nv-
καλλίπυργα	kalli/purga	καλλίπυργος	kalli/purgos	n-p---na-
καλυφθῆναι	kalufqh=nai	καλύπτω	kalu/ptw	v--anp---
καλά	kala/	καλός	kalo/s	a-p---nn-
καλά	kala/	καλός	kalo/s	a-p---nv-
καλά	kala/	καλός	kalo/s	a-p---na-
καλά	kala/	καλός	kalo/s	a-d---fn-
καλά	kala/	καλός	kalo/s	a-d---fv-
καλά	kala/	καλός	kalo/s	a-d---fa-
καλά	kala/	καλός	kalo/s	a-s---fn-
καλά	kala/	καλός	kalo/s	a-s---fv-
καλόν	kalo/n	καλός	kalo/s	a-s---ma-
καλόν	kalo/n	καλός	kalo/s	a-s---nn-
καλόν	kalo/n	καλός	kalo/s	a-s---nv-
καλόν	kalo/n	καλός	kalo/s	a-s---na-
καλῶν	kalw=n	κάλη	ka/lh	n-p---fg-
καλῶν	kalw=n	καλέω	kale/w	v-sfpamn-
καλῶν	kalw=n	καλέω	kale/w	v-sppamn-
καλῶν	kalw=n	καλός	kalo/s	a-p---fg-
καλῶν	kalw=n	καλός	kalo/s	a-p---mg-
καλῶν	kalw=n	καλός	kalo/s	a-p---ng-
καλῶν	kalw=n	κήλη	kh/lh	n-p---fg-
καλῶς	kalw=s	καλός	kalo/s	x--------
κανών	kanw/n	καίνω	kai/nw	v-sapamn-
κανών	kanw/n	κανών	kanw/n	n-s---mn-
κανών	kanw/n	κανών	kanw/n	n-s---mv-
καπνοῦται	kapnou=tai	καπνόομαι	kapno/omai	v3spie---
καρποῦ	karpou=	καρπέω	karpe/w	v2spme---
καρποῦ	karpou=	καρπόσ1	karpo/s1	n-s---mg-
καρποῦ	karpou=	καρπόσ2	karpo/s2	n-s---mg-
καρποῦ	karpou=	καρπόω	karpo/w	v2spme---
καρποῦ	karpou=	καρπόω	karpo/w	v2siie---
κασίγνητον	kasi/gnhton	κασίγνητος	kasi/gnhtos	n-s---ma-
καταβᾶσα	kataba=sa	καταβαίνω	katabai/nw	v-sapafn-
καταβᾶσα	kataba=sa	καταβαίνω	katabai/nw	v-sapafv-
καταδρύμματα	katadru/mmata	κατάδρυμμα	kata/drumma	n-p---nn-
καταδρύμματα	katadru/mmata	κατάδρυμμα	kata/drumma	n-p---nv-
καταδρύμματα	katadru/mmata	κατάδρυμμα	kata/drumma	n-p---na-
καταιθαλοῖ	kataiqaloi=	καταιθαλόω	kataiqalo/w	v2spie---
καταιθαλοῖ	kataiqaloi=	καταιθαλόω	kataiqalo/w	v3spoa---
καταιθαλοῖ	kataiqaloi=	καταιθαλόω	kataiqalo/w	v3spia---
καταιθαλοῖ	kataiqaloi=	καταιθαλόω	kataiqalo/w	v2spie---
καταιθαλοῖ	kataiqaloi=	καταιθαλόω	kataiqalo/w	v3spoa---
καταιθαλοῖ	kataiqaloi=	καταιθαλόω	kataiqalo/w	v3spia---
καταλειβομένης	kataleibome/nhs	καταλείβω	katalei/bw	v-sppefg-
καταλείπουσι	katalei/pousi	καταλιμπάνω	katalimpa/nw	v-pppamd-
καταλείπουσι	katalei/pousi	καταλιμπάνω	katalimpa/nw	v-pppand-
καταλείπουσι	katalei/pousi	καταλιμπάνω	katalimpa/nw	v3ppia---
καταλύσουσ’	katalu/sous'	καταλύω	katalu/w	v-sfpafn-
καταλύσουσ’	katalu/sous'	καταλύω	katalu/w	v-sfpafv-
καταλύσουσ’	katalu/sous'	καταλύω	katalu/w	v3pasa---
καταλύσουσ’	katalu/sous'	καταλύω	katalu/w	v-pfpamd-
καταλύσουσ’	katalu/sous'	καταλύω	katalu/w	v-pfpand-
καταλύσουσ’	katalu/sous'	καταλύω	katalu/w	v3pfia---
καταλύσουσ’	katalu/sous'	καταλύω	katalu/w	v-pfpafn-
καταλύσουσ’	katalu/sous'	καταλύω	katalu/w	v-pfpafv-
καταξανθέντες	katacanqe/ntes	καταξαίνω	katacai/nw	v-pappmn-
καταξανθέντες	katacanqe/ntes	καταξαίνω	katacai/nw	v-pappmv-
κατασκευήν	kataskeuh/n	κατασκευή	kataskeuh/	n-s---fa-
κατασκάψωσι	kataska/ywsi	κατασκάπτω	kataska/ptw	v3pasa---
καταστροφῇ	katastrofh=|	καταστροφεύς	katastrofeu/s	n-s---md-
καταστροφῇ	katastrofh=|	καταστροφή	katastrofh/	n-s---fd-
καταστάζοντα	katasta/zonta	καταστάζω	katasta/zw	v-pppann-
καταστάζοντα	katasta/zonta	καταστάζω	katasta/zw	v-pppanv-
καταστάζοντα	katasta/zonta	καταστάζω	katasta/zw	v-pppana-
καταστάζοντα	katasta/zonta	καταστάζω	katasta/zw	v-sppama-
καταστάζοντα	katasta/zonta	καταστάζω	katasta/zw	v-pppann-
καταστάζοντα	katasta/zonta	καταστάζω	katasta/zw	v-pppanv-
καταστάζοντα	katasta/zonta	καταστάζω	katasta/zw	v-pppana-
καταστάζοντα	katasta/zonta	καταστάζω	katasta/zw	v-sppama-
καταστάς	katasta/s	καθίστημι	kaqi/sthmi	v-sapamn-
καταστάς	katasta/s	καθίστημι	kaqi/sthmi	v-sapamv-
καταστῆσαι	katasth=sai	καθίστημι	kaqi/sthmi	v--ana---
κατασχεῖν	katasxei=n	κατασχάω	katasxa/w	v--pna---
κατασχεῖν	katasxei=n	κατέχω	kate/xw	v--ana---
κατασχών	katasxw/n	κατέχω	kate/xw	v-sapamn-
καταφυγήν	katafugh/n	καταφυγή	katafugh/	n-s---fa-
κατειδώς	kateidw/s	κάτοιδα	ka/toida	v-srpamn-
κατειδώς	kateidw/s	κάτοιδα	ka/toida	v-srpamv-
κατείδετε	katei/dete	κάτοιδα	ka/toida	v2prsa---
κατείδετε	katei/dete	κατεῖδον	katei=don	v2paia---
κατείδετε	katei/dete	κατεῖδον	katei=don	v2paia---
κατείργοντας	katei/rgontas	κατείργω	katei/rgw	v-pppama-
κατεῖχε	katei=xe	κατέχω	kate/xw	v3siia---
κατθανόντων	katqano/ntwn	καταθνήσκω	kataqnh/skw	v-papamg-
κατθανόντων	katqano/ntwn	καταθνήσκω	kataqnh/skw	v-papang-
κατθανόντων	katqano/ntwn	καταθνήσκω	kataqnh/skw	v3pama---
κατά	kata/	κατά	kata/	r--------
κατέστησ’	kate/sths'	καθίστημι	kaqi/sthmi	v1saia---
κατέστησ’	kate/sths'	καθίστημι	kaqi/sthmi	v3saia---
κατήρη	kath/rh	κατήρης	kath/rhs	n-p---nn-
κατήρη	kath/rh	κατήρης	kath/rhs	n-p---nv-
κατήρη	kath/rh	κατήρης	kath/rhs	n-p---na-
κατήρη	kath/rh	κατήρης	kath/rhs	n-d---mn-
κατήρη	kath/rh	κατήρης	kath/rhs	n-d---mv-
κατήρη	kath/rh	κατήρης	kath/rhs	n-d---ma-
κατήρη	kath/rh	κατήρης	kath/rhs	n-d---fn-
κατήρη	kath/rh	κατήρης	kath/rhs	n-d---fv-
κατήρη	kath/rh	κατήρης	kath/rhs	n-d---fa-
κατήρη	kath/rh	κατήρης	kath/rhs	n-d---nn-
κατήρη	kath/rh	κατήρης	kath/rhs	n-d---nv-
κατήρη	kath/rh	κατήρης	kath/rhs	n-d---na-
κατήρη	kath/rh	κατήρης	kath/rhs	n-s---ma-
κατήρη	kath/rh	κατήρης	kath/rhs	n-s---fa-
κατίδῃς	kati/dh|s	κατεῖδον	katei=don	v2sasa---
κατᾶξαι	kata=cai	κατάγνυμι	kata/gnumi	v--ana---
κατῆρχον	kath=rxon	κατάρχω	kata/rxw	v3piia---
κατῆρχον	kath=rxon	κατάρχω	kata/rxw	v1siia---
καί	kai/	καί	kai/	c--------
καίτοι	kai/toi	καίτοι	kai/toi	g--------
κεκερτομημένη	kekertomhme/nh	κερτομέω	kertome/w	v-srpefn-
κεκερτομημένη	kekertomhme/nh	κερτομέω	kertome/w	v-srpefv-
κεκλημένους	keklhme/nous	καλέω	kale/w	v-prpema-
κεκμηκότων	kekmhko/twn	κάμνω	ka/mnw	v-prpamg-
κεκμηκότων	kekmhko/twn	κάμνω	ka/mnw	v-prpang-
κεκτημένοι	kekthme/noi	κτάομαι	kta/omai	v-prpemn-
κεκτημένοι	kekthme/noi	κτάομαι	kta/omai	v-prpemv-
κεκτημένοι	kekthme/noi	κτέομαι	kte/omai	v-prpemn-
κεκτημένοι	kekthme/noi	κτέομαι	kte/omai	v-prpemv-
κεκτημένος	kekthme/nos	κτάομαι	kta/omai	v-srpemn-
κεκτημένος	kekthme/nos	κτέομαι	kte/omai	v-srpemn-
κεκτήμεθα	kekth/meqa	κτάομαι	kta/omai	v1prie---
κεκτήμεθα	kekth/meqa	κτάομαι	kta/omai	v1plie---
κεκτήμεθα	kekth/meqa	κτέομαι	kte/omai	v1prie---
κεκτήμεθα	kekth/meqa	κτέομαι	kte/omai	v1plie---
κελευσμόν	keleusmo/n	κελευσμός	keleusmo/s	n-s---ma-
κελεύεις	keleu/eis	κελεύω	keleu/w	v2spia---
κελεύω	keleu/w	κελεύω	keleu/w	v1spsa---
κελεύω	keleu/w	κελεύω	keleu/w	v1spia---
κενοί	kenoi/	κενός	keno/s	a-p---mn-
κενοί	kenoi/	κενός	keno/s	a-p---mv-
κενοί	kenoi/	κενόω	keno/w	v2spse---
κενοί	kenoi/	κενόω	keno/w	v2spie---
κενοί	kenoi/	κενόω	keno/w	v3spsa---
κενούς	kenou/s	κενός	keno/s	a-p---ma-
κεραυνίοις	kerauni/ois	κεραύνιον	kerau/nion	n-p---nd-
κεραυνίοις	kerauni/ois	κεραύνιος	kerau/nios	a-p---md-
κεραυνίοις	kerauni/ois	κεραύνιος	kerau/nios	a-p---nd-
κεραυνίοις	kerauni/ois	κεραύνιος	kerau/nios	n-p---md-
κεραυνίοις	kerauni/ois	κεραύνιος	kerau/nios	n-p---fd-
κεραυνίοις	kerauni/ois	κεραύνιος	kerau/nios	n-p---nd-
κεραυνῷ	keraunw=|	κεραυνός	kerauno/s	n-s---md-
κεραύνιον	kerau/nion	κεραύνιον	kerau/nion	n-s---nn-
κεραύνιον	kerau/nion	κεραύνιον	kerau/nion	n-s---nv-
κεραύνιον	kerau/nion	κεραύνιον	kerau/nion	n-s---na-
κεραύνιον	kerau/nion	κεραύνιος	kerau/nios	a-s---ma-
κεραύνιον	kerau/nion	κεραύνιος	kerau/nios	a-s---nn-
κεραύνιον	kerau/nion	κεραύνιος	kerau/nios	a-s---nv-
κεραύνιον	kerau/nion	κεραύνιος	kerau/nios	a-s---na-
κεραύνιον	kerau/nion	κεραύνιος	kerau/nios	n-s---ma-
κεραύνιον	kerau/nion	κεραύνιος	kerau/nios	n-s---fa-
κεραύνιον	kerau/nion	κεραύνιος	kerau/nios	n-s---nn-
κεραύνιον	kerau/nion	κεραύνιος	kerau/nios	n-s---nv-
κεραύνιον	kerau/nion	κεραύνιος	kerau/nios	n-s---na-
κερτομοῦσι	kertomou=si	κερτομέω	kertome/w	v-pppamd-
κερτομοῦσι	kertomou=si	κερτομέω	kertome/w	v-pppand-
κερτομοῦσι	kertomou=si	κερτομέω	kertome/w	v3ppia---
κεχρημέναις	kexrhme/nais	χράω2	xra/w2	v-prpefd-
κεχρημένος	kexrhme/nos	χράω2	xra/w2	v-srpemn-
κεχύμεθα	kexu/meqa	χέω	xe/w	v1prie---
κεχύμεθα	kexu/meqa	χέω	xe/w	v1plie---
κείνων	kei/nwn	ἐκεῖνος	e)kei=nos	n-p---ng-
κείνων	kei/nwn	ἐκεῖνος	e)kei=nos	n-p---fg-
κείνων	kei/nwn	ἐκεῖνος	e)kei=nos	n-p---mg-
κείνων	kei/nwn	κεῖνος	kei=nos	a-p---fg-
κείνων	kei/nwn	κεῖνος	kei=nos	a-p---mg-
κείνων	kei/nwn	κεῖνος	kei=nos	a-p---ng-
κείνων	kei/nwn	κενόω	keno/w	v3piia---
κείνων	kei/nwn	κενόω	keno/w	v1siia---
κείσομαι	kei/somai	κεῖμαι	kei=mai	v1sfim---
κεύθω	keu/qw	κεύθω	keu/qw	v1spsa---
κεύθω	keu/qw	κεύθω	keu/qw	v1spia---
κεῖνο	kei=no	ἐκεῖνος	e)kei=nos	n-s---nn-
κεῖνο	kei=no	ἐκεῖνος	e)kei=nos	n-s---nv-
κεῖνο	kei=no	ἐκεῖνος	e)kei=nos	n-s---na-
κεῖνται	kei=ntai	κεῖμαι	kei=mai	v3ppie---
κεῖται	kei=tai	κέω	ke/w	v3spie---
κεῖται	kei=tai	κεῖμαι	kei=mai	v3spie---
κηδείαν	khdei/an	κηδεία	khdei/a	n-s---fa-
κηδείας	khdei/as	κηδεία	khdei/a	n-p---fa-
κηδείας	khdei/as	κηδεία	khdei/a	n-s---fg-
κηρύγματα	khru/gmata	κήρυγμα	kh/rugma	n-p---nn-
κηρύγματα	khru/gmata	κήρυγμα	kh/rugma	n-p---nv-
κηρύγματα	khru/gmata	κήρυγμα	kh/rugma	n-p---na-
κηρύσσων	khru/sswn	κηρύσσω	khru/ssw	v-sppamn-
κινδυνευτέον	kinduneute/on	κινδυνευτέος	kinduneute/os	n-s---ma-
κινδυνευτέον	kinduneute/on	κινδυνευτέος	kinduneute/os	n-s---fa-
κινδυνευτέον	kinduneute/on	κινδυνευτέος	kinduneute/os	n-s---nn-
κινδυνευτέον	kinduneute/on	κινδυνευτέος	kinduneute/os	n-s---nv-
κινδυνευτέον	kinduneute/on	κινδυνευτέος	kinduneute/os	n-s---na-
κινεῖσθαι	kinei=sqai	κινέω	kine/w	v--pne---
κινοῦσαι	kinou=sai	κινέω	kine/w	v-pppafn-
κινοῦσαι	kinou=sai	κινέω	kine/w	v-pppafv-
κλαίεις	klai/eis	κλαίω	klai/w	v2spia---
κλαίω	klai/w	κλαίω	klai/w	v1spsa---
κλαίω	klai/w	κλαίω	klai/w	v1spia---
κλαίων	klai/wn	κλαίω	klai/w	v-sppamn-
κλεινοτάτους	kleinota/tous	κλεινός	kleino/s	a-p---mas
κλεινοῖς	kleinoi=s	κλεινός	kleino/s	a-p---md-
κλεινοῖς	kleinoi=s	κλεινός	kleino/s	a-p---nd-
κλεινήν	kleinh/n	κλεινός	kleino/s	a-s---fa-
κλεινόν	kleino/n	κλεινός	kleino/s	a-s---ma-
κλεινόν	kleino/n	κλεινός	kleino/s	a-s---nn-
κλεινόν	kleino/n	κλεινός	kleino/s	a-s---nv-
κλεινόν	kleino/n	κλεινός	kleino/s	a-s---na-
κληθέντες	klhqe/ntes	καλέω	kale/w	v-pappmn-
κληθέντες	klhqe/ntes	καλέω	kale/w	v-pappmv-
κλιμάκων	klima/kwn	κλῖμαξ	kli=mac	n-p---fg-
κλάδοις	kla/dois	κλάδος	kla/dos	n-p---md-
κλέψας	kle/yas	κλέπτω	kle/ptw	v-sapamn-
κλέψας	kle/yas	κλέπτω	kle/ptw	v-sapamv-
κλέψας	kle/yas	κλέπτω	kle/ptw	v2saia---
κλύδων	klu/dwn	κλύδων	klu/dwn	n-s---mn-
κλύδων	klu/dwn	κλύδων	klu/dwn	n-s---mv-
κλύδων	klu/dwn	κλυδάω	kluda/w	v3piia---
κλύδων	klu/dwn	κλυδάω	kluda/w	v1siia---
κλύεις	klu/eis	κλύω	klu/w	v2spia---
κλύοιμ’	klu/oim'	κλύω	klu/w	v1saoa---
κλύοιμ’	klu/oim'	κλύω	klu/w	v1spoa---
κλύουσα	klu/ousa	κλύω	klu/w	v-sppafn-
κλύουσα	klu/ousa	κλύω	klu/w	v-sppafv-
κλύουσαι	klu/ousai	κλύω	klu/w	v-pppafn-
κλύουσαι	klu/ousai	κλύω	klu/w	v-pppafv-
κλύων	klu/wn	κλύω	klu/w	v-sppamn-
κλύῃ	klu/h|	κλύω	klu/w	v2sase---
κλύῃ	klu/h|	κλύω	klu/w	v3sasa---
κλύῃ	klu/h|	κλύω	klu/w	v2spse---
κλύῃ	klu/h|	κλύω	klu/w	v2spie---
κλύῃ	klu/h|	κλύω	klu/w	v3spsa---
κλύῃ	klu/h|	κλύω	klu/w	v2sase---
κνωδάλοιν	knwda/loin	κνώδαλον	knw/dalon	n-d---ng-
κνωδάλοιν	knwda/loin	κνώδαλον	knw/dalon	n-d---nd-
κοινοί	koinoi/	κοινός	koino/s	a-p---mn-
κοινοί	koinoi/	κοινός	koino/s	a-p---mv-
κοινοί	koinoi/	κοινός	koino/s	n-p---mn-
κοινοί	koinoi/	κοινός	koino/s	n-p---mv-
κοινοί	koinoi/	κοινός	koino/s	n-p---fn-
κοινοί	koinoi/	κοινός	koino/s	n-p---fv-
κοινοί	koinoi/	κοινόω	koino/w	v2spse---
κοινοί	koinoi/	κοινόω	koino/w	v2spie---
κοινοί	koinoi/	κοινόω	koino/w	v3spsa---
κοινάς	koina/s	κοινός	koino/s	a-p---fa-
κοινόν	koino/n	κοινός	koino/s	a-s---ma-
κοινόν	koino/n	κοινός	koino/s	a-s---nn-
κοινόν	koino/n	κοινός	koino/s	a-s---nv-
κοινόν	koino/n	κοινός	koino/s	a-s---na-
κοινόν	koino/n	κοινός	koino/s	n-s---ma-
κοινόν	koino/n	κοινός	koino/s	n-s---fa-
κοινόν	koino/n	κοινός	koino/s	n-s---nn-
κοινόν	koino/n	κοινός	koino/s	n-s---nv-
κοινόν	koino/n	κοινός	koino/s	n-s---na-
κολαστήν	kolasth/n	κολαστής	kolasth/s	n-s---ma-
κολαστής	kolasth/s	κολαστής	kolasth/s	n-s---mn-
κολάζομεν	kola/zomen	κολάζω	kola/zw	v1ppia---
κολάζομεν	kola/zomen	κολάζω	kola/zw	v1piia---
κομιστήν	komisth/n	κομιστή	komisth/	n-s---fa-
κομιστήν	komisth/n	κομιστής	komisth/s	n-s---ma-
κομιστήν	komisth/n	κομιστός	komisto/s	a-s---fa-
κομψός	komyo/s	κομψός	komyo/s	a-s---mn-
κομίζειν	komi/zein	κομίζω	komi/zw	v--pna---
κομίζετε	komi/zete	κομίζω	komi/zw	v2ppma---
κομίζετε	komi/zete	κομίζω	komi/zw	v2ppia---
κομίζετε	komi/zete	κομίζω	komi/zw	v2piia---
κομίζων	komi/zwn	κομίζω	komi/zw	v-sppamn-
κομίσαι	komi/sai	κομίζω	komi/zw	v--ana---
κομίσαι	komi/sai	κομίζω	komi/zw	v3saoa---
κονίαισιν	koni/aisin	κόνιος	ko/nios	a-p---fd-
κονίαισιν	koni/aisin	κονία	koni/a	n-p---fd-
κορύνης	koru/nhs	κορύνη	koru/nh	n-s---fg-
κορύνης	koru/nhs	κορυνάω	koruna/w	v2spia---
κορύνης	koru/nhs	κορυνάω	koruna/w	v2siia---
κοσμεῖς	kosmei=s	κοσμέω	kosme/w	v2spia---
κουραί	kourai/	κουρά	koura/	n-p---fn-
κουραί	kourai/	κουρά	koura/	n-p---fv-
κουροτόκοις	kouroto/kois	κουροτόκος	kouroto/kos	n-p---md-
κουροτόκοις	kouroto/kois	κουροτόκος	kouroto/kos	n-p---fd-
κουροτόκοις	kouroto/kois	κουροτόκος	kouroto/kos	n-p---nd-
κουφίζω	koufi/zw	κουφίζω	koufi/zw	v1spsa---
κουφίζω	koufi/zw	κουφίζω	koufi/zw	v1spia---
κοὐ	kou)	οὐ	ou)	d--------
κοὐδέν	kou)de/n	οὐδείς	ou)dei/s	n-s---nn-
κοὐδέν	kou)de/n	οὐδείς	ou)dei/s	n-s---nv-
κοὐδέν	kou)de/n	οὐδείς	ou)dei/s	n-s---na-
κοὐκ	kou)k	οὐ	ou)	d--------
κοὐχί	kou)xi/	οὐ	ou)	d--------
κοίλῳ	koi/lw|	κόιλος	ko/ilos	a-s---md-
κοίλῳ	koi/lw|	κόιλος	ko/ilos	a-s---nd-
κοίλῳ	koi/lw|	κοῖλος	koi=los	a-s---md-
κοίλῳ	koi/lw|	κοῖλος	koi=los	a-s---nd-
κοίν’	koi/n'	κοινός	koino/s	a-p---nn-
κοίν’	koi/n'	κοινός	koino/s	a-p---nv-
κοίν’	koi/n'	κοινός	koino/s	a-p---na-
κοίν’	koi/n'	κοινός	koino/s	a-d---fn-
κοίν’	koi/n'	κοινός	koino/s	a-d---fv-
κοίν’	koi/n'	κοινός	koino/s	a-d---fa-
κοίν’	koi/n'	κοινός	koino/s	a-s---fn-
κοίν’	koi/n'	κοινός	koino/s	a-s---fv-
κοίν’	koi/n'	κοινός	koino/s	n-p---nn-
κοίν’	koi/n'	κοινός	koino/s	n-p---nv-
κοίν’	koi/n'	κοινός	koino/s	n-p---na-
κοίν’	koi/n'	κοινός	koino/s	a-s---mv-
κοίν’	koi/n'	κοινός	koino/s	n-s---mv-
κοίν’	koi/n'	κοινός	koino/s	n-s---fv-
κοίν’	koi/n'	κοινός	koino/s	a-p---fn-
κοίν’	koi/n'	κοινός	koino/s	a-p---fv-
κούρους	kou/rous	κόροσ2	ko/ros2	n-p---ma-
κούρους	kou/rous	κοῦρος	kou=ros	n-p---ma-
κοῦρον	kou=ron	κόροσ2	ko/ros2	n-s---ma-
κοῦρον	kou=ron	κοῦρος	kou=ros	n-s---ma-
κρανεῖ	kranei=	κραίνω	krai/nw	v2sfim---
κρανεῖ	kranei=	κραίνω	krai/nw	v3sfia---
κρασπέδοισι	kraspe/doisi	κράσπεδον	kra/spedon	n-p---nd-
κρατεῖ	kratei=	κρατέω	krate/w	v2spie---
κρατεῖ	kratei=	κρατέω	krate/w	v3spia---
κρατεῖ	kratei=	κρατύς	kratu/s	a-s---md-
κρατεῖ	kratei=	κρατύς	kratu/s	a-s---nd-
κρατοῦντες	kratou=ntes	κρατέω	krate/w	v-pppamn-
κρατοῦντες	kratou=ntes	κρατέω	krate/w	v-pppamv-
κρατύνεται	kratu/netai	κρατύνω	kratu/nw	v3spie---
κρατύνεται	kratu/netai	κρατύνω	kratu/nw	v3sasm---
κραίνοι	krai/noi	κραίνω	krai/nw	v3spoa---
κραίνων	krai/nwn	κραίνω	krai/nw	v-sppamn-
κρείσσον’	krei/sson'	κρείσσων	krei/sswn	a-p---nn-
κρείσσον’	krei/sson'	κρείσσων	krei/sswn	a-p---nv-
κρείσσον’	krei/sson'	κρείσσων	krei/sswn	a-p---na-
κρείσσον’	krei/sson'	κρείσσων	krei/sswn	a-s---ma-
κρείσσον’	krei/sson'	κρείσσων	krei/sswn	a-s---fa-
κρείσσον’	krei/sson'	κρείσσων	krei/sswn	a-s----d-
κρείσσον’	krei/sson'	κρείσσων	krei/sswn	a-d----n-
κρείσσον’	krei/sson'	κρείσσων	krei/sswn	a-d----v-
κρείσσον’	krei/sson'	κρείσσων	krei/sswn	a-d----a-
κρείσσω	krei/ssw	κρείσσων	krei/sswn	a-p---na-
κρείσσω	krei/ssw	κρείσσων	krei/sswn	a-p---nn-
κρείσσω	krei/ssw	κρείσσων	krei/sswn	a-s---ma-
κρείσσω	krei/ssw	κρείσσων	krei/sswn	a-s---fa-
κρείσσω	krei/ssw	κρεισσόω	kreisso/w	v2spma---
κρείσσω	krei/ssw	κρεισσόω	kreisso/w	v3siia---
κρεῖσσον	krei=sson	κρείσσων	krei/sswn	a-s---mv-
κρεῖσσον	krei=sson	κρείσσων	krei/sswn	a-s---fv-
κρεῖσσον	krei=sson	κρείσσων	krei/sswn	a-s---nn-
κρεῖσσον	krei=sson	κρείσσων	krei/sswn	a-s---nv-
κρεῖσσον	krei=sson	κρείσσων	krei/sswn	a-s---na-
κριθήσεται	kriqh/setai	κρίνω	kri/nw	v3sfip---
κριθήσεται	kriqh/setai	κριθάω	kriqa/w	v3sasm---
κριθήσεται	kriqh/setai	κριθάω	kriqa/w	v3sfim---
κριτής	krith/s	κριτής	krith/s	n-s---mn-
κρυβήσονται	krubh/sontai	κρύπτω	kru/ptw	v3pfip---
κράνος	kra/nos	κράνος	kra/nos	n-s---nn-
κράνος	kra/nos	κράνος	kra/nos	n-s---nv-
κράνος	kra/nos	κράνος	kra/nos	n-s---na-
κρήνην	krh/nhn	κρήνη	krh/nh	n-s---fa-
κρίνετε	kri/nete	κρίνω	kri/nw	v2pasa---
κρίνετε	kri/nete	κρίνω	kri/nw	v2ppma---
κρίνετε	kri/nete	κρίνω	kri/nw	v2ppia---
κρίνετε	kri/nete	κρίνω	kri/nw	v2piia---
κρύπτειν	kru/ptein	κρύπτω	kru/ptw	v--pna---
κρύψον	kru/yon	κρύπτω	kru/ptw	v2sama---
κρύψον	kru/yon	κρύπτω	kru/ptw	v-sfpamv-
κρύψον	kru/yon	κρύπτω	kru/ptw	v-sfpann-
κρύψον	kru/yon	κρύπτω	kru/ptw	v-sfpanv-
κρύψον	kru/yon	κρύπτω	kru/ptw	v-sfpana-
κρᾶτα	kra=ta	κράς	kra/s	n-s---fa-
κρᾶτα	kra=ta	κράς	kra/s	n-p---nn-
κρᾶτα	kra=ta	κράς	kra/s	n-p---nv-
κρᾶτα	kra=ta	κράς	kra/s	n-p---na-
κτανόντες	ktano/ntes	κτείνω	ktei/nw	v-papamn-
κτανόντες	ktano/ntes	κτείνω	ktei/nw	v-papamv-
κτερισμάτων	kterisma/twn	κτερίσματα	kteri/smata	n-p---ng-
κτείνει	ktei/nei	κτείνω	ktei/nw	v3sasa---
κτείνει	ktei/nei	κτείνω	ktei/nw	v2spie---
κτείνει	ktei/nei	κτείνω	ktei/nw	v3spia---
κτάνοι	kta/noi	κτείνω	ktei/nw	v3saoa---
κτίσαι	kti/sai	κτίζω	kti/zw	v2samm---
κτίσαι	kti/sai	κτίζω	kti/zw	v--ana---
κτίσαι	kti/sai	κτίζω	kti/zw	v3saoa---
κτύποι	ktu/poi	κτύπος	ktu/pos	n-p---mn-
κτύποι	ktu/poi	κτύπος	ktu/pos	n-p---mv-
κτύποι	ktu/poi	κτυπέω	ktupe/w	v3saoa---
κτύπον	ktu/pon	κτύπος	ktu/pos	n-s---ma-
κτύπον	ktu/pon	κτυπέω	ktupe/w	v3paia---
κτύπον	ktu/pon	κτυπέω	ktupe/w	v1saia---
κτᾶσθαι	kta=sqai	κτάομαι	kta/omai	v--pne---
κτᾶσθε	kta=sqe	κτάομαι	kta/omai	v2ppme---
κτᾶσθε	kta=sqe	κτάομαι	kta/omai	v2ppse---
κτᾶσθε	kta=sqe	κτάομαι	kta/omai	v2ppie---
κτᾶσθε	kta=sqe	κτάομαι	kta/omai	v2piie---
κυβερνήτην	kubernh/thn	κυβερνάω	kuberna/w	v3diia---
κυβερνήτην	kubernh/thn	κυβερνήτης	kubernh/ths	n-s---ma-
κυβερνήτην	kubernh/thn	κυβερνήτης	kubernh/ths	n-s---ma-
κυμάτων	kuma/twn	κῦμα	ku=ma	n-p---ng-
κυμάτων	kuma/twn	κυματόω	kumato/w	v3piia---
κυμάτων	kuma/twn	κυματόω	kumato/w	v1siia---
κυναγοῦ	kunagou=	κυναγός	kunago/s	n-s---mg-
κυναγοῦ	kunagou=	κυναγός	kunago/s	n-s---fg-
κυναγοῦ	kunagou=	κυνηγέω	kunhge/w	v2spme---
κυναγοῦ	kunagou=	κυνηγέω	kunhge/w	v2siie---
κυνέας	kune/as	κύνεος	ku/neos	a-p---fa-
κυνέας	kune/as	κύνεος	ku/neos	a-s---fg-
κυνέας	kune/as	κυνέα	kune/a	n-p---fa-
κυνέας	kune/as	κυνέα	kune/a	n-s---fg-
κυνέας	kune/as	κυνέη	kune/h	n-p---fa-
κυνέας	kune/as	κυνέη	kune/h	n-p---fa-
κυνέας	kune/as	κυνέη	kune/h	n-s---fg-
κωκυτός	kwkuto/s	Κωκυτός	*kwkuto/s	n-s---mn-
κἀγώ	ka)gw/	ἀγός	a)go/s	n-d---mn-
κἀγώ	ka)gw/	ἀγός	a)go/s	n-d---mv-
κἀγώ	ka)gw/	ἀγός	a)go/s	n-d---ma-
κἀγώ	ka)gw/	ἐγώ	e)gw/	p-s---mn-
κἀγώ	ka)gw/	ἐγώ	e)gw/	p-s---mv-
κἀγώ	ka)gw/	ἐγώ	e)gw/	p-s---fn-
κἀγώ	ka)gw/	ἐγώ	e)gw/	p-s---fv-
κἀκβαλεῖς	ka)kbalei=s	ἐκβάλλω	e)kba/llw	v2sfia---
κἀκποδών	ka)kpodw/n	ἐκποδών	e)kpodw/n	d--------
κἀκράτουν	ka)kra/toun	ἀκρατέω	a)krate/w	v3piia---
κἀκράτουν	ka)kra/toun	ἀκρατέω	a)krate/w	v1siia---
κἀκράτουν	ka)kra/toun	κρατέω	krate/w	v3piia---
κἀκράτουν	ka)kra/toun	κρατέω	krate/w	v1siia---
κἀκάλυψε	ka)ka/luye	καλύπτω	kalu/ptw	v3saia---
κἀμοί	ka)moi/	ἁμόσ1	a(mo/s1	a-p---mn-
κἀμοί	ka)moi/	ἁμόσ1	a(mo/s1	a-p---mv-
κἀμοί	ka)moi/	ἀμόω	a)mo/w	v2spse---
κἀμοί	ka)moi/	ἀμόω	a)mo/w	v2spie---
κἀμοί	ka)moi/	ἀμόω	a)mo/w	v3spsa---
κἀμοί	ka)moi/	ἐγώ	e)gw/	p-s---md-
κἀμοί	ka)moi/	ἐγώ	e)gw/	p-s---fd-
κἀμοί	ka)moi/	ἐμός	e)mo/s	a-p---mn-
κἀμοί	ka)moi/	ἐμός	e)mo/s	a-p---mv-
κἀμοί	ka)moi/	ἡμός	h(mo/s	a-p---mn-
κἀμοί	ka)moi/	ἡμός	h(mo/s	a-p---mv-
κἀμοῦ	ka)mou=	ἁμόσ1	a(mo/s1	a-s---mg-
κἀμοῦ	ka)mou=	ἁμόσ1	a(mo/s1	a-s---ng-
κἀμοῦ	ka)mou=	ἁμοῦ	a(mou=	d--------
κἀμοῦ	ka)mou=	ἀμόω	a)mo/w	v2siie---
κἀμοῦ	ka)mou=	ἀμόω	a)mo/w	v2spme---
κἀμοῦ	ka)mou=	ἐγώ	e)gw/	p-s---mg-
κἀμοῦ	ka)mou=	ἐγώ	e)gw/	p-s---fg-
κἀμοῦ	ka)mou=	ἐμέω	e)me/w	v2spme---
κἀμοῦ	ka)mou=	ἐμός	e)mo/s	a-s---mg-
κἀμοῦ	ka)mou=	ἐμός	e)mo/s	a-s---ng-
κἀμοῦ	ka)mou=	ἡμός	h(mo/s	a-s---mg-
κἀμοῦ	ka)mou=	ἡμός	h(mo/s	a-s---ng-
κἀμέ	ka)me/	ἁμόσ1	a(mo/s1	a-s---mv-
κἀμέ	ka)me/	ἐγώ	e)gw/	p-s---ma-
κἀμέ	ka)me/	ἐγώ	e)gw/	p-s---fa-
κἀμέ	ka)me/	ἐμός	e)mo/s	a-s---mv-
κἀμέ	ka)me/	ἡμός	h(mo/s	a-s---mv-
κἀν	ka)n	ἐν	e)n	r--------
κἀν	ka)n	εἰς	ei)s	r--------
κἀνωρχησάμην	ka)nwrxhsa/mhn	ἀνορχέομαι	a)norxe/omai	v1saie---
κἀξεπειράθην	ka)cepeira/qhn	ἐκπειράομαι	e)kpeira/omai	v3paip---
κἀξεπειράθην	ka)cepeira/qhn	ἐκπειράομαι	e)kpeira/omai	v1saip---
κἀξεπειράθην	ka)cepeira/qhn	ἐκπειράομαι	e)kpeira/omai	v3paip---
κἀξεπειράθην	ka)cepeira/qhn	ἐκπειράομαι	e)kpeira/omai	v1saip---
κἀξετάζεται	ka)ceta/zetai	ἐξετάζω	e)ceta/zw	v3spie---
κἀξετάζεται	ka)ceta/zetai	ἐξετάζω	e)ceta/zw	v3spie---
κἀπεφηνάμην	ka)pefhna/mhn	ἀποφαίνω	a)pofai/nw	v1saim---
κἀπεφηνάμην	ka)pefhna/mhn	ἐπιφαίνω	e)pifai/nw	v1saim---
κἀπικείμενον	ka)pikei/menon	ἐπίκειμαι	e)pi/keimai	v-srpema-
κἀπικείμενον	ka)pikei/menon	ἐπίκειμαι	e)pi/keimai	v-srpenn-
κἀπικείμενον	ka)pikei/menon	ἐπίκειμαι	e)pi/keimai	v-srpenv-
κἀπικείμενον	ka)pikei/menon	ἐπίκειμαι	e)pi/keimai	v-srpena-
κἀπικείμενον	ka)pikei/menon	ἐπίκειμαι	e)pi/keimai	v-sppema-
κἀπικείμενον	ka)pikei/menon	ἐπίκειμαι	e)pi/keimai	v-sppenn-
κἀπικείμενον	ka)pikei/menon	ἐπίκειμαι	e)pi/keimai	v-sppenv-
κἀπικείμενον	ka)pikei/menon	ἐπίκειμαι	e)pi/keimai	v-sppena-
κἀπιτιμητήν	ka)pitimhth/n	ἐπιτιμητής	e)pitimhth/s	n-s---ma-
κἀποκαυλίζων	ka)pokauli/zwn	ἀποκαυλίζω	a)pokauli/zw	v-sppamn-
κἀποκαυλίζων	ka)pokauli/zwn	ἀποκαυλίζω	a)pokauli/zw	v-sppamn-
κἀποκρίνασθαι	ka)pokri/nasqai	ἀποκρίνω	a)pokri/nw	v--anm---
κἀπολωτίζῃ	ka)polwti/zh|	ἀπολωτίζω	a)polwti/zw	v2spse---
κἀπολωτίζῃ	ka)polwti/zh|	ἀπολωτίζω	a)polwti/zw	v2spie---
κἀπολωτίζῃ	ka)polwti/zh|	ἀπολωτίζω	a)polwti/zw	v3spsa---
κἀπολωτίζῃ	ka)polwti/zh|	ἀπολωτίζω	a)polwti/zw	v2spse---
κἀπολωτίζῃ	ka)polwti/zh|	ἀπολωτίζω	a)polwti/zw	v2spie---
κἀπολωτίζῃ	ka)polwti/zh|	ἀπολωτίζω	a)polwti/zw	v3spsa---
κἀπό	ka)po/	ἀπό	a)po/	r--------
κἀσθενῆ	ka)sqenh=	ἀσθενής	a)sqenh/s	n-p---nn-
κἀσθενῆ	ka)sqenh=	ἀσθενής	a)sqenh/s	n-p---nv-
κἀσθενῆ	ka)sqenh=	ἀσθενής	a)sqenh/s	n-p---na-
κἀσθενῆ	ka)sqenh=	ἀσθενής	a)sqenh/s	n-d---mn-
κἀσθενῆ	ka)sqenh=	ἀσθενής	a)sqenh/s	n-d---mv-
κἀσθενῆ	ka)sqenh=	ἀσθενής	a)sqenh/s	n-d---ma-
κἀσθενῆ	ka)sqenh=	ἀσθενής	a)sqenh/s	n-d---fn-
κἀσθενῆ	ka)sqenh=	ἀσθενής	a)sqenh/s	n-d---fv-
κἀσθενῆ	ka)sqenh=	ἀσθενής	a)sqenh/s	n-d---fa-
κἀσθενῆ	ka)sqenh=	ἀσθενής	a)sqenh/s	n-d---nn-
κἀσθενῆ	ka)sqenh=	ἀσθενής	a)sqenh/s	n-d---nv-
κἀσθενῆ	ka)sqenh=	ἀσθενής	a)sqenh/s	n-d---na-
κἀσθενῆ	ka)sqenh=	ἀσθενής	a)sqenh/s	n-s---ma-
κἀσθενῆ	ka)sqenh=	ἀσθενής	a)sqenh/s	n-s---fa-
κἄκρουσα	ka)/krousa	κρούω	krou/w	v1saia---
κἄν	ka)/n	κἀν	ka)n	c--------
κἄπειτα	ka)/peita	ἔπειτα	e)/peita	d--------
κἄπειτά	ka)/peita/	ἔπειτα	e)/peita	d--------
κἄστρωσέ	ka)/strwse/	στόρεννυμι	sto/rennumi	v3saia---
κὠτειλαί	kw)teilai/	ὠτειλή	w)teilh/	n-p---fn-
κὠτειλαί	kw)teilai/	ὠτειλή	w)teilh/	n-p---fv-
κάλλιστον	ka/lliston	καλός	kalo/s	a-s---ma-
κάλλιστον	ka/lliston	καλός	kalo/s	a-s---nn-
κάλλιστον	ka/lliston	καλός	kalo/s	a-s---nv-
κάλλιστον	ka/lliston	καλός	kalo/s	a-s---na-
κάμνον	ka/mnon	κάμνω	ka/mnw	v-sppamv-
κάμνον	ka/mnon	κάμνω	ka/mnw	v-sppann-
κάμνον	ka/mnon	κάμνω	ka/mnw	v-sppanv-
κάμνον	ka/mnon	κάμνω	ka/mnw	v-sppana-
κάμνον	ka/mnon	κάμνω	ka/mnw	v3piia---
κάμνον	ka/mnon	κάμνω	ka/mnw	v1siia---
κάμψαι	ka/myai	κάμπτω	ka/mptw	v2samm---
κάμψαι	ka/myai	κάμπτω	ka/mptw	v--ana---
κάμψαι	ka/myai	κάμπτω	ka/mptw	v3saoa---
κάμψαι	ka/myai	κάμψη	ka/myh	n-p---fn-
κάμψαι	ka/myai	κάμψη	ka/myh	n-p---fv-
κάμψαι	ka/myai	κάμψη	ka/myh	n-s---fd-
κάπρῳ	ka/prw|	κάπρος	ka/pros	n-s---md-
κάρα	ka/ra	κάρ	ka/r	n-p---nn-
κάρα	ka/ra	κάρ	ka/r	n-p---nv-
κάρα	ka/ra	κάρ	ka/r	n-p---na-
κάρα	ka/ra	κάρα	ka/ra	n-p---nn-
κάρα	ka/ra	κάρα	ka/ra	n-p---nv-
κάρα	ka/ra	κάρα	ka/ra	n-p---na-
κάρα	ka/ra	κάρα	ka/ra	n-s---nn-
κάρα	ka/ra	κάρα	ka/ra	n-s---nv-
κάρα	ka/ra	κάρα	ka/ra	n-s---na-
κάρα	ka/ra	κάρα	ka/ra	n-d---fa-
κάρα	ka/ra	κάρα	ka/ra	n-d---fn-
κάρα	ka/ra	κάρα	ka/ra	n-d---fv-
κάρα	ka/ra	κάρα	ka/ra	n-d---fa-
κάρα	ka/ra	κάρα	ka/ra	n-s---fn-
κάρα	ka/ra	κάρα	ka/ra	n-s---fv-
κάρα	ka/ra	κάρον	ka/ron	n-p---nn-
κάρα	ka/ra	κάρον	ka/ron	n-p---nv-
κάρα	ka/ra	κάρον	ka/ron	n-p---na-
κάρπιμος	ka/rpimos	κάρπιμος	ka/rpimos	n-s---mn-
κάρπιμος	ka/rpimos	κάρπιμος	ka/rpimos	n-s---fn-
κάρτ’	ka/rt'	κάρτα	ka/rta	d--------
κάρᾳ	ka/ra|	κάρα	ka/ra	n-s---fd-
κάρᾳ	ka/ra|	κάρα	ka/ra	n-p---fn-
κάρᾳ	ka/ra|	κάρα	ka/ra	n-p---fv-
κάτω	ka/tw	κάτος	ka/tos	n-d---mn-
κάτω	ka/tw	κάτος	ka/tos	n-d---mv-
κάτω	ka/tw	κάτος	ka/tos	n-d---ma-
κάτω	ka/tw	κάτος	ka/tos	n-d---fn-
κάτω	ka/tw	κάτος	ka/tos	n-d---fv-
κάτω	ka/tw	κάτος	ka/tos	n-d---fa-
κάτω	ka/tw	κάτος	ka/tos	n-d---nn-
κάτω	ka/tw	κάτος	ka/tos	n-d---nv-
κάτω	ka/tw	κάτος	ka/tos	n-d---na-
κάτω	ka/tw	κάτος	ka/tos	n-s---mg-
κάτω	ka/tw	κάτος	ka/tos	n-s---fg-
κάτω	ka/tw	κάτος	ka/tos	n-s---ng-
κάτω	ka/tw	κάτω	ka/tw	d--------
κάτω	ka/tw	κατόω	kato/w	v2spma---
κάτω	ka/tw	κατόω	kato/w	v3siia---
κέλευθον	ke/leuqon	κέλευθος	ke/leuqos	n-s---fa-
κέντρ’	ke/ntr'	κέντρον	ke/ntron	n-p---nn-
κέντρ’	ke/ntr'	κέντρον	ke/ntron	n-p---nv-
κέντρ’	ke/ntr'	κέντρον	ke/ntron	n-p---na-
κέρας	ke/ras	κέρας	ke/ras	n-s---nn-
κέρας	ke/ras	κέρας	ke/ras	n-s---nv-
κέρας	ke/ras	κέρας	ke/ras	n-s---na-
κέρδος	ke/rdos	κέρδος	ke/rdos	n-s---nn-
κέρδος	ke/rdos	κέρδος	ke/rdos	n-s---nv-
κέρδος	ke/rdos	κέρδος	ke/rdos	n-s---na-
κέρδους	ke/rdous	κέρδος	ke/rdos	n-s---ng-
κήρυξιν	kh/rucin	κήρυξις	kh/rucis	n-s---fa-
κήρυξιν	kh/rucin	κῆρυξ	kh=ruc	n-p---md-
κίχῃς	ki/xh|s	κιχάνω	kixa/nw	v2sasa---
κόμας	ko/mas	κόμη	ko/mh	n-p---fa-
κόμας	ko/mas	κόμη	ko/mh	n-s---fg-
κόμας	ko/mas	κομάω	koma/w	v2siia---
κόμποι	ko/mpoi	κόμπος	ko/mpos	n-p---mn-
κόμποι	ko/mpoi	κόμπος	ko/mpos	n-p---mv-
κόμποις	ko/mpois	κόμπος	ko/mpos	n-p---md-
κόνιν	ko/nin	κόνις	ko/nis	n-s---fa-
κόραι	ko/rai	κόρη	ko/rh	n-p---fn-
κόραι	ko/rai	κόρη	ko/rh	n-p---fv-
κόραι	ko/rai	κόρη	ko/rh	n-s---fd-
κόρας	ko/ras	κόρη	ko/rh	n-p---fa-
κόρας	ko/ras	κόρη	ko/rh	n-s---fg-
κόροι	ko/roi	κόροσ1	ko/ros1	n-p---mn-
κόροι	ko/roi	κόροσ1	ko/ros1	n-p---mv-
κόροι	ko/roi	κόροσ2	ko/ros2	n-p---mn-
κόροι	ko/roi	κόροσ2	ko/ros2	n-p---mv-
κόροι	ko/roi	κόροσ3	ko/ros3	n-p---mn-
κόροι	ko/roi	κόροσ3	ko/ros3	n-p---mv-
κόρους	ko/rous	κόροσ1	ko/ros1	n-p---ma-
κόρους	ko/rous	κόροσ2	ko/ros2	n-p---ma-
κόρους	ko/rous	κόροσ3	ko/ros3	n-p---ma-
κόσμον	ko/smon	κόσμος	ko/smos	n-s---ma-
κόσμος	ko/smos	κόσμος	ko/smos	n-s---mn-
κύβοις	ku/bois	κύβος	ku/bos	n-p---md-
κύκλῳ	ku/klw|	κύκλος	ku/klos	n-s---md-
κύντατ’	ku/ntat'	κύντατος	ku/ntatos	a-p---nn-
κύντατ’	ku/ntat'	κύντατος	ku/ntatos	a-p---nv-
κύντατ’	ku/ntat'	κύντατος	ku/ntatos	a-p---na-
κύντατ’	ku/ntat'	κύντατος	ku/ntatos	a-s---mv-
κύντατ’	ku/ntat'	κύντατος	ku/ntatos	a-p---fn-
κύντατ’	ku/ntat'	κύντατος	ku/ntatos	a-p---fv-
κύντατ’	ku/ntat'	κύντερος	ku/nteros	a-p---nn-
κύντατ’	ku/ntat'	κύντερος	ku/nteros	a-p---nv-
κύντατ’	ku/ntat'	κύντερος	ku/nteros	a-p---na-
κύντατ’	ku/ntat'	κύντερος	ku/nteros	a-s---mv-
κύντατ’	ku/ntat'	κύντερος	ku/nteros	a-p---fn-
κύντατ’	ku/ntat'	κύντερος	ku/nteros	a-p---fv-
κύριος	ku/rios	κύριος	ku/rios	n-s---mn-
κύριος	ku/rios	κύριος	ku/rios	a-s---mn-
κύριος	ku/rios	κύριος	ku/rios	n-s---mn-
κύριος	ku/rios	κύριος	ku/rios	n-s---fn-
κύριος	ku/rios	κῦρος	ku=ros	n-s---ng-
κύτει	ku/tei	κύτος	ku/tos	n-d---nn-
κύτει	ku/tei	κύτος	ku/tos	n-d---nv-
κύτει	ku/tei	κύτος	ku/tos	n-d---na-
κύτει	ku/tei	κύτος	ku/tos	n-s---nd-
κύτει	ku/tei	κύτος	ku/tos	n-s---nd-
κᾀσχύνην	ka)|sxu/nhn	αἰσχύνη	ai)sxu/nh	n-s---fa-
κᾀσχύνην	ka)|sxu/nhn	αἰσχύνω	ai)sxu/nw	v--pna---
κᾆτι	ka)=|ti	εἶμι	ei)=mi	v3spia---
κῆρυξ	kh=ruc	κῆρυξ	kh=ruc	n-s---mn-
κῆρυξ	kh=ruc	κῆρυξ	kh=ruc	n-s---mv-
λαβεῖν	labei=n	λαμβάνω	lamba/nw	v--ana---
λαβών	labw/n	λαμβάνω	lamba/nw	v-sapamn-
λαθοίμαν	laqoi/man	λανθάνω	lanqa/nw	v1saom---
λαθοίμαν	laqoi/man	λανθάνω	lanqa/nw	v1spoe---
λαιμούς	laimou/s	λαιμός	laimo/s	n-p---ma-
λαιόν	laio/n	λαιός	laio/s	a-s---ma-
λαιόν	laio/n	λαιός	laio/s	a-s---nn-
λαιόν	laio/n	λαιός	laio/s	a-s---nv-
λαιόν	laio/n	λαιός	laio/s	a-s---na-
λαμπρά	lampra/	λαμπρός	lampro/s	a-p---nn-
λαμπρά	lampra/	λαμπρός	lampro/s	a-p---nv-
λαμπρά	lampra/	λαμπρός	lampro/s	a-p---na-
λαμπρά	lampra/	λαμπρός	lampro/s	a-d---fn-
λαμπρά	lampra/	λαμπρός	lampro/s	a-d---fv-
λαμπρά	lampra/	λαμπρός	lampro/s	a-d---fa-
λαμπρά	lampra/	λαμπρός	lampro/s	a-s---fn-
λαμπρά	lampra/	λαμπρός	lampro/s	a-s---fv-
λαμπρόν	lampro/n	λαμπρός	lampro/s	a-s---ma-
λαμπρόν	lampro/n	λαμπρός	lampro/s	a-s---nn-
λαμπρόν	lampro/n	λαμπρός	lampro/s	a-s---nv-
λαμπρόν	lampro/n	λαμπρός	lampro/s	a-s---na-
λαμπρός	lampro/s	λαμπρός	lampro/s	a-s---mn-
λαμπάδ’	lampa/d'	λαμπάσ1	lampa/s1	n-s---fa-
λαμπάδ’	lampa/d'	λαμπάσ1	lampa/s1	n-s---fd-
λαμπάδ’	lampa/d'	λαμπάσ1	lampa/s1	n-d---fn-
λαμπάδ’	lampa/d'	λαμπάσ1	lampa/s1	n-d---fv-
λαμπάδ’	lampa/d'	λαμπάσ1	lampa/s1	n-d---fa-
λαμπάδ’	lampa/d'	λαμπάσ2	lampa/s2	n-s---fa-
λαμπάδ’	lampa/d'	λαμπάσ2	lampa/s2	n-s---fd-
λαμπάδ’	lampa/d'	λαμπάσ2	lampa/s2	n-d---fn-
λαμπάδ’	lampa/d'	λαμπάσ2	lampa/s2	n-d---fv-
λαμπάδ’	lampa/d'	λαμπάσ2	lampa/s2	n-d---fa-
λαμπάσιν	lampa/sin	λαμπάσ1	lampa/s1	n-p---fd-
λαμπάσιν	lampa/sin	λαμπάσ2	lampa/s2	n-p---fd-
λαοί	laoi/	λαός	lao/s	n-p---mn-
λαοί	laoi/	λαός	lao/s	n-p---mv-
λαχεῖν	laxei=n	λαγχάνω	lagxa/nw	v--ana---
λαχόντες	laxo/ntes	λαγχάνω	lagxa/nw	v-papamn-
λαχόντες	laxo/ntes	λαγχάνω	lagxa/nw	v-papamv-
λαόν	lao/n	λαός	lao/s	n-s---ma-
λαός	lao/s	λαός	lao/s	n-s---mn-
λεγόντων	lego/ntwn	λέγω1	le/gw1	v-pppamg-
λεγόντων	lego/ntwn	λέγω1	le/gw1	v-pppang-
λεγόντων	lego/ntwn	λέγω1	le/gw1	v3ppma---
λεγόντων	lego/ntwn	λέγω2	le/gw2	v-pppamg-
λεγόντων	lego/ntwn	λέγω2	le/gw2	v-pppang-
λεγόντων	lego/ntwn	λέγω2	le/gw2	v3ppma---
λεγόντων	lego/ntwn	λέγω3	le/gw3	v-pppamg-
λεγόντων	lego/ntwn	λέγω3	le/gw3	v-pppang-
λεγόντων	lego/ntwn	λέγω3	le/gw3	v3ppma---
λειμῶνος	leimw=nos	λειμών	leimw/n	n-s---mg-
λειπόντων	leipo/ntwn	λείπω	lei/pw	v-pppamg-
λειπόντων	leipo/ntwn	λείπω	lei/pw	v-pppang-
λειπόντων	leipo/ntwn	λείπω	lei/pw	v3ppma---
λεκτούς	lektou/s	λεκτός	lekto/s	a-p---ma-
λελεγμένοι	lelegme/noi	λέγω3	le/gw3	v-prpemn-
λελεγμένοι	lelegme/noi	λέγω3	le/gw3	v-prpemv-
λελειμμένος	leleimme/nos	λείπω	lei/pw	v-srpemn-
λευκόν	leuko/n	λευκόν	leuko/n	n-s---nn-
λευκόν	leuko/n	λευκόν	leuko/n	n-s---nv-
λευκόν	leuko/n	λευκόν	leuko/n	n-s---na-
λευκόν	leuko/n	λευκός	leuko/s	a-s---ma-
λευκόν	leuko/n	λευκός	leuko/s	a-s---nn-
λευκόν	leuko/n	λευκός	leuko/s	a-s---nv-
λευκόν	leuko/n	λευκός	leuko/s	a-s---na-
λείψει	lei/yei	λείβω	lei/bw	v3sasa---
λείψει	lei/yei	λείπω	lei/pw	v2sfim---
λείψει	lei/yei	λείπω	lei/pw	v3sfia---
λείψει	lei/yei	λεῖψις	lei=yis	n-d---fn-
λείψει	lei/yei	λεῖψις	lei=yis	n-d---fv-
λείψει	lei/yei	λεῖψις	lei=yis	n-d---fa-
λείψει	lei/yei	λεῖψις	lei=yis	n-s---fd-
λείψει	lei/yei	λεῖψις	lei=yis	n-s---fd-
λεόντων	leo/ntwn	λέων	le/wn	n-p---mg-
λεύσσω	leu/ssw	λεύσσω	leu/ssw	v1spsa---
λεύσσω	leu/ssw	λεύσσω	leu/ssw	v1spia---
λεύσσων	leu/sswn	λεύσσω	leu/ssw	v-sppamn-
λεώ	lew/	λαός	lao/s	n-d---mn-
λεώ	lew/	λαός	lao/s	n-d---mv-
λεώ	lew/	λαός	lao/s	n-d---ma-
λεών	lew/n	λαός	lao/s	n-s---ma-
λεώς	lew/s	λαός	lao/s	n-p---ma-
λεώς	lew/s	λαός	lao/s	n-p---mn-
λεώς	lew/s	λαός	lao/s	n-p---mv-
λεώς	lew/s	λαός	lao/s	n-p---ma-
λεώς	lew/s	λαός	lao/s	n-s---mn-
λεώς	lew/s	λαός	lao/s	n-s---mv-
ληψόμεσθα	lhyo/mesqa	λαμβάνω	lamba/nw	v1pfim---
λιπεῖν	lipei=n	λείπω	lei/pw	v--ana---
λιπεῖν	lipei=n	λιπάω	lipa/w	v--pna---
λιποῦσαι	lipou=sai	λείπω	lei/pw	v-papafn-
λιποῦσαι	lipou=sai	λείπω	lei/pw	v-papafv-
λιποῦσαι	lipou=sai	λιπάω	lipa/w	v-pppafn-
λιποῦσαι	lipou=sai	λιπάω	lipa/w	v-pppafv-
λιποῦσ’	lipou=s'	λείπω	lei/pw	v-sapafn-
λιποῦσ’	lipou=s'	λείπω	lei/pw	v-sapafv-
λιποῦσ’	lipou=s'	λείπω	lei/pw	v-papamd-
λιποῦσ’	lipou=s'	λείπω	lei/pw	v-papand-
λιποῦσ’	lipou=s'	λείπω	lei/pw	v-papafn-
λιποῦσ’	lipou=s'	λείπω	lei/pw	v-papafv-
λιποῦσ’	lipou=s'	λίπτομαι	li/ptomai	v3pase---
λιποῦσ’	lipou=s'	λιπάω	lipa/w	v-sppafn-
λιποῦσ’	lipou=s'	λιπάω	lipa/w	v-sppafv-
λιποῦσ’	lipou=s'	λιπάω	lipa/w	v-pppamd-
λιποῦσ’	lipou=s'	λιπάω	lipa/w	v-pppand-
λιποῦσ’	lipou=s'	λιπάω	lipa/w	v3ppia---
λιποῦσ’	lipou=s'	λιπάω	lipa/w	v-pppafn-
λιποῦσ’	lipou=s'	λιπάω	lipa/w	v-pppafv-
λιπών	lipw/n	λείπω	lei/pw	v-sapamn-
λισσόμεθ’	lisso/meq'	λίσσομαι	li/ssomai	v1ppie---
λισσόμεθ’	lisso/meq'	λίσσομαι	li/ssomai	v1piie---
λισσόμεθ’	lisso/meq'	λίζω	li/zw	v1pasm---
λισσόμεθ’	lisso/meq'	λίζω	li/zw	v1pfim---
λιταί	litai/	λιτή	lith/	n-p---fn-
λιταί	litai/	λιτή	lith/	n-p---fv-
λιταί	litai/	λιτός	lito/s	a-p---fn-
λιταί	litai/	λιτός	lito/s	a-p---fv-
λιταί	litai/	λιτός	lito/s	a-p---fn-
λιταί	litai/	λιτός	lito/s	a-p---fv-
λιταῖς	litai=s	λιτή	lith/	n-p---fd-
λιταῖς	litai=s	λιτός	lito/s	a-p---fd-
λιταῖς	litai=s	λιτός	lito/s	a-p---fd-
λοιβαί	loibai/	λοιβή	loibh/	n-p---fn-
λοιβαί	loibai/	λοιβή	loibh/	n-p---fv-
λοιπόν	loipo/n	λοιπός	loipo/s	a-s---ma-
λοιπόν	loipo/n	λοιπός	loipo/s	a-s---nn-
λοιπόν	loipo/n	λοιπός	loipo/s	a-s---nv-
λοιπόν	loipo/n	λοιπός	loipo/s	a-s---na-
λοχαγέται	loxage/tai	λοχαγέτης	loxage/ths	n-p---mn-
λοχαγέται	loxage/tai	λοχαγέτης	loxage/ths	n-p---mv-
λοχαγέται	loxage/tai	λοχαγέτης	loxage/ths	n-s---md-
λοχαγῶν	loxagw=n	λοχαγέω	loxage/w	v-sppamn-
λοχαγῶν	loxagw=n	λοχαγός	loxago/s	n-p---mg-
λοχευμάτων	loxeuma/twn	λόχευμα	lo/xeuma	n-p---ng-
λοχία	loxi/a	λόχιος	lo/xios	a-d---fn-
λοχία	loxi/a	λόχιος	lo/xios	a-d---fv-
λοχία	loxi/a	λόχιος	lo/xios	a-d---fa-
λοχία	loxi/a	λόχιος	lo/xios	a-s---fn-
λοχία	loxi/a	λόχιος	lo/xios	a-s---fv-
λυγρά	lugra/	λυγρός	lugro/s	a-p---nn-
λυγρά	lugra/	λυγρός	lugro/s	a-p---nv-
λυγρά	lugra/	λυγρός	lugro/s	a-p---na-
λυγρά	lugra/	λυγρός	lugro/s	a-d---fn-
λυγρά	lugra/	λυγρός	lugro/s	a-d---fv-
λυγρά	lugra/	λυγρός	lugro/s	a-d---fa-
λυγρά	lugra/	λυγρός	lugro/s	a-s---fn-
λυγρά	lugra/	λυγρός	lugro/s	a-s---fv-
λυπηρός	luphro/s	λυπηρός	luphro/s	a-s---mn-
λυπρόν	lupro/n	λυπρός	lupro/s	a-s---ma-
λυπρόν	lupro/n	λυπρός	lupro/s	a-s---nn-
λυπρόν	lupro/n	λυπρός	lupro/s	a-s---nv-
λυπρόν	lupro/n	λυπρός	lupro/s	a-s---na-
λυπρῶς	luprw=s	λυπρός	lupro/s	x--------
λυσιμελεῖ	lusimelei=	λυσιμελής	lusimelh/s	n-d---mn-
λυσιμελεῖ	lusimelei=	λυσιμελής	lusimelh/s	n-d---mv-
λυσιμελεῖ	lusimelei=	λυσιμελής	lusimelh/s	n-d---ma-
λυσιμελεῖ	lusimelei=	λυσιμελής	lusimelh/s	n-d---fn-
λυσιμελεῖ	lusimelei=	λυσιμελής	lusimelh/s	n-d---fv-
λυσιμελεῖ	lusimelei=	λυσιμελής	lusimelh/s	n-d---fa-
λυσιμελεῖ	lusimelei=	λυσιμελής	lusimelh/s	n-d---nn-
λυσιμελεῖ	lusimelei=	λυσιμελής	lusimelh/s	n-d---nv-
λυσιμελεῖ	lusimelei=	λυσιμελής	lusimelh/s	n-d---na-
λυσιμελεῖ	lusimelei=	λυσιμελής	lusimelh/s	n-s---md-
λυσιμελεῖ	lusimelei=	λυσιμελής	lusimelh/s	n-s---fd-
λυσιμελεῖ	lusimelei=	λυσιμελής	lusimelh/s	n-s---nd-
λάβε	la/be	λαμβάνω	lamba/nw	v2sama---
λάβε	la/be	λαμβάνω	lamba/nw	v3saia---
λάβετε	la/bete	λαμβάνω	lamba/nw	v2pama---
λάβετε	la/bete	λαμβάνω	lamba/nw	v2paia---
λάβετ’	la/bet'	λαμβάνω	lamba/nw	v2pama---
λάβετ’	la/bet'	λαμβάνω	lamba/nw	v3saim---
λάβετ’	la/bet'	λαμβάνω	lamba/nw	v2paia---
λάβοιμι	la/boimi	λαμβάνω	lamba/nw	v1saoa---
λάβοις	la/bois	λαμβάνω	lamba/nw	v2saoa---
λάβῃ	la/bh|	λαμβάνω	lamba/nw	v2sase---
λάβῃ	la/bh|	λαμβάνω	lamba/nw	v3sasa---
λάλον	la/lon	λάλος	la/los	n-s---ma-
λάλον	la/lon	λάλος	la/los	n-s---fa-
λάλον	la/lon	λάλος	la/los	n-s---nn-
λάλον	la/lon	λάλος	la/los	n-s---nv-
λάλον	la/lon	λάλος	la/los	n-s---na-
λάμπρ’	la/mpr'	λαμπρός	lampro/s	a-p---nn-
λάμπρ’	la/mpr'	λαμπρός	lampro/s	a-p---nv-
λάμπρ’	la/mpr'	λαμπρός	lampro/s	a-p---na-
λάμπρ’	la/mpr'	λαμπρός	lampro/s	a-d---fn-
λάμπρ’	la/mpr'	λαμπρός	lampro/s	a-d---fv-
λάμπρ’	la/mpr'	λαμπρός	lampro/s	a-d---fa-
λάμπρ’	la/mpr'	λαμπρός	lampro/s	a-s---fn-
λάμπρ’	la/mpr'	λαμπρός	lampro/s	a-s---fv-
λάμπρ’	la/mpr'	λαμπρός	lampro/s	a-s---mv-
λάμπρ’	la/mpr'	λαμπρός	lampro/s	a-p---fn-
λάμπρ’	la/mpr'	λαμπρός	lampro/s	a-p---fv-
λάτρις	la/tris	λάτρις	la/tris	n-p---fa-
λάτρις	la/tris	λάτρις	la/tris	n-s---fn-
λέγε	le/ge	λέγος	le/gos	a-s---mv-
λέγε	le/ge	λέγω1	le/gw1	v2spma---
λέγε	le/ge	λέγω1	le/gw1	v3siia---
λέγε	le/ge	λέγω2	le/gw2	v2spma---
λέγε	le/ge	λέγω2	le/gw2	v3siia---
λέγε	le/ge	λέγω3	le/gw3	v2spma---
λέγε	le/ge	λέγω3	le/gw3	v3siia---
λέγει	le/gei	λέγω1	le/gw1	v2spie---
λέγει	le/gei	λέγω1	le/gw1	v3spia---
λέγει	le/gei	λέγω2	le/gw2	v2spie---
λέγει	le/gei	λέγω2	le/gw2	v3spia---
λέγει	le/gei	λέγω3	le/gw3	v2spie---
λέγει	le/gei	λέγω3	le/gw3	v3spia---
λέγειν	le/gein	λέγω1	le/gw1	v--pna---
λέγειν	le/gein	λέγω2	le/gw2	v--pna---
λέγειν	le/gein	λέγω3	le/gw3	v--pna---
λέγεις	le/geis	λέγω1	le/gw1	v2spia---
λέγεις	le/geis	λέγω2	le/gw2	v2spia---
λέγεις	le/geis	λέγω3	le/gw3	v2spia---
λέγοιμ’	le/goim'	λέγω1	le/gw1	v1spoa---
λέγοιμ’	le/goim'	λέγω2	le/gw2	v1spoa---
λέγοιμ’	le/goim'	λέγω3	le/gw3	v1spoa---
λέγοντος	le/gontos	λέγω1	le/gw1	v-sppamg-
λέγοντος	le/gontos	λέγω1	le/gw1	v-sppang-
λέγοντος	le/gontos	λέγω2	le/gw2	v-sppamg-
λέγοντος	le/gontos	λέγω2	le/gw2	v-sppang-
λέγοντος	le/gontos	λέγω3	le/gw3	v-sppamg-
λέγοντος	le/gontos	λέγω3	le/gw3	v-sppang-
λέγουσι	le/gousi	λέγω1	le/gw1	v-pppamd-
λέγουσι	le/gousi	λέγω1	le/gw1	v-pppand-
λέγουσι	le/gousi	λέγω1	le/gw1	v3ppia---
λέγουσι	le/gousi	λέγω2	le/gw2	v-pppamd-
λέγουσι	le/gousi	λέγω2	le/gw2	v-pppand-
λέγουσι	le/gousi	λέγω2	le/gw2	v3ppia---
λέγουσι	le/gousi	λέγω3	le/gw3	v-pppamd-
λέγουσι	le/gousi	λέγω3	le/gw3	v-pppand-
λέγουσι	le/gousi	λέγω3	le/gw3	v3ppia---
λέγουσιν	le/gousin	λέγω1	le/gw1	v-pppamd-
λέγουσιν	le/gousin	λέγω1	le/gw1	v-pppand-
λέγουσιν	le/gousin	λέγω1	le/gw1	v3ppia---
λέγουσιν	le/gousin	λέγω2	le/gw2	v-pppamd-
λέγουσιν	le/gousin	λέγω2	le/gw2	v-pppand-
λέγουσιν	le/gousin	λέγω2	le/gw2	v3ppia---
λέγουσιν	le/gousin	λέγω3	le/gw3	v-pppamd-
λέγουσιν	le/gousin	λέγω3	le/gw3	v-pppand-
λέγουσιν	le/gousin	λέγω3	le/gw3	v3ppia---
λέγω	le/gw	λέγος	le/gos	a-d---mn-
λέγω	le/gw	λέγος	le/gos	a-d---mv-
λέγω	le/gw	λέγος	le/gos	a-d---ma-
λέγω	le/gw	λέγος	le/gos	a-d---nn-
λέγω	le/gw	λέγος	le/gos	a-d---nv-
λέγω	le/gw	λέγος	le/gos	a-d---na-
λέγω	le/gw	λέγος	le/gos	a-s---mg-
λέγω	le/gw	λέγος	le/gos	a-s---ng-
λέγω	le/gw	λέγω1	le/gw1	v1spsa---
λέγω	le/gw	λέγω1	le/gw1	v1spia---
λέγω	le/gw	λέγω2	le/gw2	v1spsa---
λέγω	le/gw	λέγω2	le/gw2	v1spia---
λέγω	le/gw	λέγω3	le/gw3	v1spsa---
λέγω	le/gw	λέγω3	le/gw3	v1spia---
λέγων	le/gwn	λέγος	le/gos	a-p---fg-
λέγων	le/gwn	λέγος	le/gos	a-p---mg-
λέγων	le/gwn	λέγος	le/gos	a-p---ng-
λέγων	le/gwn	λέγω1	le/gw1	v-sppamn-
λέγων	le/gwn	λέγω2	le/gw2	v-sppamn-
λέγων	le/gwn	λέγω3	le/gw3	v-sppamn-
λέκτρα	le/ktra	λέκτρον	le/ktron	n-p---nn-
λέκτρα	le/ktra	λέκτρον	le/ktron	n-p---nv-
λέκτρα	le/ktra	λέκτρον	le/ktron	n-p---na-
λέξαι	le/cai	λέγω1	le/gw1	v2samm---
λέξαι	le/cai	λέγω1	le/gw1	v--ana---
λέξαι	le/cai	λέγω1	le/gw1	v3saoa---
λέξαι	le/cai	λέγω2	le/gw2	v2samm---
λέξαι	le/cai	λέγω3	le/gw3	v2samm---
λέξαι	le/cai	λέγω3	le/gw3	v--ana---
λέξαι	le/cai	λέγω3	le/gw3	v3saoa---
λέξανθ’	le/canq'	λέγω1	le/gw1	v-papann-
λέξανθ’	le/canq'	λέγω1	le/gw1	v-papanv-
λέξανθ’	le/canq'	λέγω1	le/gw1	v-papana-
λέξανθ’	le/canq'	λέγω1	le/gw1	v-sapama-
λέξανθ’	le/canq'	λέγω1	le/gw1	v-sapamd-
λέξανθ’	le/canq'	λέγω1	le/gw1	v-sapand-
λέξανθ’	le/canq'	λέγω1	le/gw1	v-dapamn-
λέξανθ’	le/canq'	λέγω1	le/gw1	v-dapamv-
λέξανθ’	le/canq'	λέγω1	le/gw1	v-dapama-
λέξανθ’	le/canq'	λέγω1	le/gw1	v-dapann-
λέξανθ’	le/canq'	λέγω1	le/gw1	v-dapanv-
λέξανθ’	le/canq'	λέγω1	le/gw1	v-dapana-
λέξανθ’	le/canq'	λέγω1	le/gw1	v3paim---
λέξανθ’	le/canq'	λέγω2	le/gw2	v3paim---
λέξανθ’	le/canq'	λέγω3	le/gw3	v-papann-
λέξανθ’	le/canq'	λέγω3	le/gw3	v-papanv-
λέξανθ’	le/canq'	λέγω3	le/gw3	v-papana-
λέξανθ’	le/canq'	λέγω3	le/gw3	v-sapama-
λέξανθ’	le/canq'	λέγω3	le/gw3	v-sapamd-
λέξανθ’	le/canq'	λέγω3	le/gw3	v-sapand-
λέξανθ’	le/canq'	λέγω3	le/gw3	v-dapamn-
λέξανθ’	le/canq'	λέγω3	le/gw3	v-dapamv-
λέξανθ’	le/canq'	λέγω3	le/gw3	v-dapama-
λέξανθ’	le/canq'	λέγω3	le/gw3	v-dapann-
λέξανθ’	le/canq'	λέγω3	le/gw3	v-dapanv-
λέξανθ’	le/canq'	λέγω3	le/gw3	v-dapana-
λέξανθ’	le/canq'	λέγω3	le/gw3	v3paim---
λέξον	le/con	λέγω1	le/gw1	v2sama---
λέξον	le/con	λέγω1	le/gw1	v-sfpamv-
λέξον	le/con	λέγω1	le/gw1	v-sfpann-
λέξον	le/con	λέγω1	le/gw1	v-sfpanv-
λέξον	le/con	λέγω1	le/gw1	v-sfpana-
λέξον	le/con	λέγω2	le/gw2	v-sfpamv-
λέξον	le/con	λέγω2	le/gw2	v-sfpann-
λέξον	le/con	λέγω2	le/gw2	v-sfpanv-
λέξον	le/con	λέγω2	le/gw2	v-sfpana-
λέξον	le/con	λέγω3	le/gw3	v2sama---
λέξον	le/con	λέγω3	le/gw3	v-sfpamv-
λέξον	le/con	λέγω3	le/gw3	v-sfpann-
λέξον	le/con	λέγω3	le/gw3	v-sfpanv-
λέξον	le/con	λέγω3	le/gw3	v-sfpana-
λέοντι	le/onti	λέων	le/wn	n-s---md-
λέπτ’	le/pt'	λεπτόν	lepto/n	n-p---nn-
λέπτ’	le/pt'	λεπτόν	lepto/n	n-p---nv-
λέπτ’	le/pt'	λεπτόν	lepto/n	n-p---na-
λέπτ’	le/pt'	λεπτός	lepto/s	a-p---nn-
λέπτ’	le/pt'	λεπτός	lepto/s	a-p---nv-
λέπτ’	le/pt'	λεπτός	lepto/s	a-p---na-
λέπτ’	le/pt'	λεπτός	lepto/s	a-d---fn-
λέπτ’	le/pt'	λεπτός	lepto/s	a-d---fv-
λέπτ’	le/pt'	λεπτός	lepto/s	a-d---fa-
λέπτ’	le/pt'	λεπτός	lepto/s	a-s---fn-
λέπτ’	le/pt'	λεπτός	lepto/s	a-s---fv-
λέπτ’	le/pt'	λεπτός	lepto/s	a-s---mv-
λέπτ’	le/pt'	λεπτός	lepto/s	a-p---fn-
λέπτ’	le/pt'	λεπτός	lepto/s	a-p---fv-
λήξαντες	lh/cantes	λήγω	lh/gw	v-papamn-
λήξαντες	lh/cantes	λήγω	lh/gw	v-papamv-
λόγοι	lo/goi	λόγος	lo/gos	n-p---mn-
λόγοι	lo/goi	λόγος	lo/gos	n-p---mv-
λόγοιν	lo/goin	λόγος	lo/gos	n-d---mg-
λόγοιν	lo/goin	λόγος	lo/gos	n-d---md-
λόγοις	lo/gois	λόγος	lo/gos	n-p---md-
λόγοισι	lo/goisi	λόγος	lo/gos	n-p---md-
λόγοισιν	lo/goisin	λόγος	lo/gos	n-p---md-
λόγον	lo/gon	λόγος	lo/gos	n-s---ma-
λόγος	lo/gos	λόγος	lo/gos	n-s---mn-
λόγου	lo/gou	λόγος	lo/gos	n-s---mg-
λόγου	lo/gou	λογόω	logo/w	v2spma---
λόγου	lo/gou	λογόω	logo/w	v3siia---
λόγους	lo/gous	λόγος	lo/gos	n-p---ma-
λόγους	lo/gous	λογόω	logo/w	v2siia---
λόγχας	lo/gxas	λόγχη	lo/gxh	n-p---fa-
λόγχας	lo/gxas	λόγχη	lo/gxh	n-s---fg-
λόγχη	lo/gxh	λόγχη	lo/gxh	n-s---fn-
λόγχη	lo/gxh	λόγχη	lo/gxh	n-s---fv-
λόγχης	lo/gxhs	λόγχη	lo/gxh	n-s---fg-
λόγων	lo/gwn	λόγος	lo/gos	n-p---mg-
λόγων	lo/gwn	λογάω	loga/w	v3piia---
λόγων	lo/gwn	λογάω	loga/w	v1siia---
λόγῳ	lo/gw|	λόγος	lo/gos	n-s---md-
λόχοι	lo/xoi	λόχος	lo/xos	n-p---mn-
λόχοι	lo/xoi	λόχος	lo/xos	n-p---mv-
λόχοις	lo/xois	λόχος	lo/xos	n-p---md-
λόχος	lo/xos	λόχος	lo/xos	n-s---mn-
λόχους	lo/xous	λόχος	lo/xos	n-p---ma-
λύπην	lu/phn	λύπη	lu/ph	n-s---fa-
λύσαντα	lu/santa	λύω	lu/w	v-papann-
λύσαντα	lu/santa	λύω	lu/w	v-papanv-
λύσαντα	lu/santa	λύω	lu/w	v-papana-
λύσαντα	lu/santa	λύω	lu/w	v-sapama-
λύσῃ	lu/sh|	λύσις	lu/sis	n-s---fd-
λύσῃ	lu/sh|	λύω	lu/w	v2sasm---
λύσῃ	lu/sh|	λύω	lu/w	v3sasa---
λύσῃ	lu/sh|	λύω	lu/w	v2sfim---
λῦσαι	lu=sai	λύω	lu/w	v2samm---
λῦσαι	lu=sai	λύω	lu/w	v--ana---
μαγεύμασι	mageu/masi	μάγευμα	ma/geuma	n-p---nd-
μαθεῖν	maqei=n	μανθάνω	manqa/nw	v--ana---
μακροῦ	makrou=	μακρός	makro/s	a-s---mg-
μακροῦ	makrou=	μακρός	makro/s	a-s---ng-
μαλθακόν	malqako/n	μαλθακός	malqako/s	a-s---ma-
μαλθακόν	malqako/n	μαλθακός	malqako/s	a-s---nn-
μαλθακόν	malqako/n	μαλθακός	malqako/s	a-s---nv-
μαλθακόν	malqako/n	μαλθακός	malqako/s	a-s---na-
μαντεύμασιν	manteu/masin	μάντευμα	ma/nteuma	n-p---nd-
μαρτύρημά	martu/rhma/	μαρτύρημα	martu/rhma	n-s---nn-
μαρτύρημά	martu/rhma/	μαρτύρημα	martu/rhma	n-s---nv-
μαρτύρημά	martu/rhma/	μαρτύρημα	martu/rhma	n-s---na-
μαστόν	masto/n	μαστός	masto/s	n-s---ma-
ματαίους	matai/ous	μάταιος	ma/taios	a-p---ma-
ματαίους	matai/ous	μάταιος	ma/taios	n-p---ma-
ματαίους	matai/ous	μάταιος	ma/taios	n-p---fa-
ματαίους	matai/ous	ματαιόω	mataio/w	v2siia---
ματρί	matri/	μήτηρ	mh/thr	n-s---fd-
ματρί	matri/	μήτηρ	mh/thr	n-s---fd-
ματρός	matro/s	μήτηρ	mh/thr	n-s---fg-
ματρός	matro/s	μήτηρ	mh/thr	n-s---fg-
ματέρες	mate/res	μήτηρ	mh/thr	n-p---fn-
ματέρες	mate/res	μήτηρ	mh/thr	n-p---fv-
ματέρος	mate/ros	μήτηρ	mh/thr	n-s---fg-
ματέρων	mate/rwn	μήτηρ	mh/thr	n-p---fg-
με	me	ἐγώ	e)gw/	p-s---ma-
με	me	ἐγώ	e)gw/	p-s---fa-
μεγάλα	mega/la	μέγας	me/gas	a-d---fn-
μεγάλα	mega/la	μέγας	me/gas	a-d---fv-
μεγάλα	mega/la	μέγας	me/gas	a-d---fa-
μεγάλα	mega/la	μέγας	me/gas	a-s---fn-
μεγάλα	mega/la	μέγας	me/gas	a-s---fv-
μεγάλα	mega/la	μέγας	me/gas	a-p---nn-
μεγάλα	mega/la	μέγας	me/gas	a-p---nv-
μεγάλα	mega/la	μέγας	me/gas	a-p---na-
μεγάλα	mega/la	μέγας	me/gas	a-p---nv-
μεγάλα	mega/la	μέγας	me/gas	a-d---fv-
μεγάλα	mega/la	μέγας	me/gas	a-s---fv-
μεθείς	meqei/s	μεθίημι	meqi/hmi	v-sapamn-
μεθείς	meqei/s	μεθίημι	meqi/hmi	v-sapamv-
μελάθρων	mela/qrwn	μέλαθρον	me/laqron	n-p---ng-
μελάθρων	mela/qrwn	μελαθρόω	melaqro/w	v3piia---
μελάθρων	mela/qrwn	μελαθρόω	melaqro/w	v1siia---
μελέα	mele/a	μέλεος	me/leos	a-d---fn-
μελέα	mele/a	μέλεος	me/leos	a-d---fv-
μελέα	mele/a	μέλεος	me/leos	a-d---fa-
μελέα	mele/a	μέλεος	me/leos	a-s---fn-
μελέα	mele/a	μέλεος	me/leos	a-s---fv-
μελέων	mele/wn	μέλεος	me/leos	a-p---fg-
μελέων	mele/wn	μέλεος	me/leos	a-p---mg-
μελέων	mele/wn	μέλεος	me/leos	a-p---ng-
μελέων	mele/wn	μέλεος	me/leos	n-p---mg-
μελέων	mele/wn	μέλεος	me/leos	n-p---fg-
μελέων	mele/wn	μέλεος	me/leos	n-p---ng-
μελέων	mele/wn	μέλη	me/lh	n-p---fg-
μελέων	mele/wn	μέλος	me/los	n-p---ng-
μεμνημένους	memnhme/nous	μιμνήσκω	mimnh/skw	v-prpema-
μερίδες	meri/des	μερίς	meri/s	n-p---fn-
μερίδες	meri/des	μερίς	meri/s	n-p---fv-
μεταστείχω	metastei/xw	μεταστείχω	metastei/xw	v1spsa---
μεταστείχω	metastei/xw	μεταστείχω	metastei/xw	v1spia---
μεταίτιον	metai/tion	μεταίτιος	metai/tios	a-s---ma-
μεταίτιον	metai/tion	μεταίτιος	metai/tios	a-s---nn-
μεταίτιον	metai/tion	μεταίτιος	metai/tios	a-s---nv-
μεταίτιον	metai/tion	μεταίτιος	metai/tios	a-s---na-
μεταίτιον	metai/tion	μεταίτιος	metai/tios	n-s---ma-
μεταίτιον	metai/tion	μεταίτιος	metai/tios	n-s---fa-
μεταίτιον	metai/tion	μεταίτιος	metai/tios	n-s---nn-
μεταίτιον	metai/tion	μεταίτιος	metai/tios	n-s---nv-
μεταίτιον	metai/tion	μεταίτιος	metai/tios	n-s---na-
μεταίτιον	metai/tion	μεταιτέω	metaite/w	v3piia---
μεταίτιον	metai/tion	μεταιτέω	metaite/w	v1siia---
μεταίτιον	metai/tion	μεταιτέω	metaite/w	v3piia---
μεταίτιον	metai/tion	μεταιτέω	metaite/w	v1siia---
μετοικοῦντας	metoikou=ntas	μετοικέω	metoike/w	v-pppama-
μετοικοῦντας	metoikou=ntas	μετοικέω	metoike/w	v-pppama-
μετά	meta/	μετά	meta/	r--------
μετάδος	meta/dos	μεταδίδωμι	metadi/dwmi	v2sama---
μετέλαχες	mete/laxes	μεταλαγχάνω	metalagxa/nw	v2saia---
μείζονες	mei/zones	μέγας	me/gas	a-p---mn-
μείζονες	mei/zones	μέγας	me/gas	a-p---mv-
μείζονες	mei/zones	μέγας	me/gas	a-p---fn-
μείζονες	mei/zones	μέγας	me/gas	a-p---fv-
μείων	mei/wn	μείων	mei/wn	a-s---mn-
μείων	mei/wn	μείων	mei/wn	a-s---fn-
μείων	mei/wn	μειόω	meio/w	v3piia---
μείων	mei/wn	μειόω	meio/w	v1siia---
μεῖζον	mei=zon	μέγας	me/gas	a-s---mv-
μεῖζον	mei=zon	μέγας	me/gas	a-s---fv-
μεῖζον	mei=zon	μέγας	me/gas	a-s---nn-
μεῖζον	mei=zon	μέγας	me/gas	a-s---nv-
μεῖζον	mei=zon	μέγας	me/gas	a-s---na-
μηδέ	mhde/	μηδέ	mhde/	g--------
μηδέν	mhde/n	μηδείς	mhdei/s	n-s---nn-
μηδέν	mhde/n	μηδείς	mhdei/s	n-s---nv-
μηδέν	mhde/n	μηδείς	mhdei/s	n-s---na-
μηνύειν	mhnu/ein	μηνύω	mhnu/w	v--pna---
μητρός	mhtro/s	μήτηρ	mh/thr	n-s---fg-
μητρός	mhtro/s	μήτηρ	mh/thr	n-s---fg-
μητέρα	mhte/ra	μήτηρ	mh/thr	n-s---fa-
μητέρας	mhte/ras	μήτηρ	mh/thr	n-p---fa-
μητέρες	mhte/res	μήτηρ	mh/thr	n-p---fn-
μητέρες	mhte/res	μήτηρ	mh/thr	n-p---fv-
μητέρων	mhte/rwn	μήτηρ	mh/thr	n-p---fg-
μιαίνειν	miai/nein	μιαίνω	miai/nw	v--pna---
μικρά	mikra/	μικρός	mikro/s	a-p---nn-
μικρά	mikra/	μικρός	mikro/s	a-p---nv-
μικρά	mikra/	μικρός	mikro/s	a-p---na-
μικρά	mikra/	μικρός	mikro/s	a-d---fn-
μικρά	mikra/	μικρός	mikro/s	a-d---fv-
μικρά	mikra/	μικρός	mikro/s	a-d---fa-
μικρά	mikra/	μικρός	mikro/s	a-s---fn-
μικρά	mikra/	μικρός	mikro/s	a-s---fv-
μικρά	mikra/	σμικρός	smikro/s	a-p---nn-
μικρά	mikra/	σμικρός	smikro/s	a-p---nv-
μικρά	mikra/	σμικρός	smikro/s	a-p---na-
μικρά	mikra/	σμικρός	smikro/s	a-d---fn-
μικρά	mikra/	σμικρός	smikro/s	a-d---fv-
μικρά	mikra/	σμικρός	smikro/s	a-d---fa-
μικρά	mikra/	σμικρός	smikro/s	a-s---fn-
μικρά	mikra/	σμικρός	smikro/s	a-s---fv-
μισεῖ	misei=	μισέω	mise/w	v2spie---
μισεῖ	misei=	μισέω	mise/w	v3spia---
μισῶ	misw=	μισέω	mise/w	v1spsa---
μισῶ	misw=	μισέω	mise/w	v1spia---
μιᾷ	mia=|	εἷς	ei(=s	a-s---fd-
μνημεῖά	mnhmei=a/	μνημεῖον	mnhmei=on	n-p---nn-
μνημεῖά	mnhmei=a/	μνημεῖον	mnhmei=on	n-p---nv-
μνημεῖά	mnhmei=a/	μνημεῖον	mnhmei=on	n-p---na-
μνημάτων	mnhma/twn	μνῆμα	mnh=ma	n-p---ng-
μνήματα	mnh/mata	μνῆμα	mnh=ma	n-p---nn-
μνήματα	mnh/mata	μνῆμα	mnh=ma	n-p---nv-
μνήματα	mnh/mata	μνῆμα	mnh=ma	n-p---na-
μνήμην	mnh/mhn	μνήμη	mnh/mh	n-s---fa-
μνῆμα	mnh=ma	μνῆμα	mnh=ma	n-s---nn-
μνῆμα	mnh=ma	μνῆμα	mnh=ma	n-s---nv-
μνῆμα	mnh=ma	μνῆμα	mnh=ma	n-s---na-
μοι	moi	ἐγώ	e)gw/	p-s---md-
μοι	moi	ἐγώ	e)gw/	p-s---fd-
μοιρῶν	moirw=n	μοῖρα	moi=ra	n-p---fg-
μοιρῶν	moirw=n	μοῖρα	moi=ra	n-p---fg-
μοιρῶν	moirw=n	μοιράω	moira/w	v-sppamv-
μοιρῶν	moirw=n	μοιράω	moira/w	v-sppann-
μοιρῶν	moirw=n	μοιράω	moira/w	v-sppanv-
μοιρῶν	moirw=n	μοιράω	moira/w	v-sppana-
μοιρῶν	moirw=n	μοιράω	moira/w	v-sppamn-
μοιρῶν	moirw=n	μοιράω	moira/w	v-sppamn-
μοιρῶν	moirw=n	μοιράζω	moira/zw	v-sfpamv-
μοιρῶν	moirw=n	μοιράζω	moira/zw	v-sfpann-
μοιρῶν	moirw=n	μοιράζω	moira/zw	v-sfpanv-
μοιρῶν	moirw=n	μοιράζω	moira/zw	v-sfpana-
μοιρῶν	moirw=n	μοιράζω	moira/zw	v-sfpamn-
μολεῖν	molei=n	βλώσκω	blw/skw	v--ana---
μολπάς	molpa/s	μολπή	molph/	n-p---fa-
μολών	molw/n	βλώσκω	blw/skw	v-sapamn-
μοναμπύκων	monampu/kwn	μονάμπυξ	mona/mpuc	n-p---mg-
μοναμπύκων	monampu/kwn	μονάμπυξ	mona/mpuc	n-p---fg-
μοναμπύκων	monampu/kwn	μονάμπυξ	mona/mpuc	n-p---mg-
μοναμπύκων	monampu/kwn	μονάμπυξ	mona/mpuc	n-p---fg-
μοναμπύκων	monampu/kwn	μονάμπυξ	mona/mpuc	n-p---ng-
μοναρχίαν	monarxi/an	μοναρχία	monarxi/a	n-s---fa-
μου	mou	ἐγώ	e)gw/	p-s---mg-
μου	mou	ἐγώ	e)gw/	p-s---fg-
μουσικήν	mousikh/n	μουσική	mousikh/	n-s---fa-
μουσικήν	mousikh/n	μουσικός	mousiko/s	a-s---fa-
μοχθημάτων	moxqhma/twn	μόχθημα	mo/xqhma	n-p---ng-
μοί	moi/	ἐγώ	e)gw/	p-s---md-
μοί	moi/	ἐγώ	e)gw/	p-s---fd-
μοίρας	moi/ras	μοῖρα	moi=ra	n-p---fa-
μοίρας	moi/ras	μοῖρα	moi=ra	n-s---fg-
μοίρας	moi/ras	μοῖρα	moi=ra	n-p---fa-
μοίρας	moi/ras	μοῖρα	moi=ra	n-s---fg-
μοίρας	moi/ras	μοιράω	moira/w	v2spia---
μοίρας	moi/ras	μοιράω	moira/w	v2siia---
μοῖρα	moi=ra	μοῖρα	moi=ra	n-s---fn-
μοῖρα	moi=ra	μοῖρα	moi=ra	n-s---fv-
μοῖραν	moi=ran	μοῖρα	moi=ra	n-s---fa-
μυστήρια	musth/ria	μυστήριον	musth/rion	n-p---nn-
μυστήρια	musth/ria	μυστήριον	musth/rion	n-p---nv-
μυστήρια	musth/ria	μυστήριον	musth/rion	n-p---na-
μυχούς	muxou/s	μυχός	muxo/s	n-p---ma-
μυχῷ	muxw=|	μυχός	muxo/s	n-s---md-
μάθησιν	ma/qhsin	μάθησις	ma/qhsis	n-s---fa-
μάθησιν	ma/qhsin	μανθάνω	manqa/nw	v2sase---
μάθησιν	ma/qhsin	μανθάνω	manqa/nw	v3sasa---
μάθῃ	ma/qh|	μάθη	ma/qh	n-s---fd-
μάθῃ	ma/qh|	μανθάνω	manqa/nw	v2sase---
μάθῃ	ma/qh|	μανθάνω	manqa/nw	v3sasa---
μάθῃ	ma/qh|	μανθάνω	manqa/nw	v2sfim---
μάλιστ’	ma/list'	μάλιστα	ma/lista	d--------
μάντεις	ma/nteis	μάντις	ma/ntis	n-p---mn-
μάντεις	ma/nteis	μάντις	ma/ntis	n-p---mv-
μάντεις	ma/nteis	μάντις	ma/ntis	n-p---mn-
μάντεις	ma/nteis	μάντις	ma/ntis	n-p---ma-
μάντεων	ma/ntewn	μάντις	ma/ntis	n-p---mg-
μάρτυρ’	ma/rtur'	μάρτυρος	ma/rturos	n-s---mv-
μάρτυρ’	ma/rtur'	μάρτυς	ma/rtus	n-s---ma-
μάρτυρ’	ma/rtur'	μάρτυς	ma/rtus	n-s---fa-
μάρτυρ’	ma/rtur'	μάρτυς	ma/rtus	n-s---md-
μάρτυρ’	ma/rtur'	μάρτυς	ma/rtus	n-s---fd-
μάρτυρ’	ma/rtur'	μάρτυς	ma/rtus	n-d---mn-
μάρτυρ’	ma/rtur'	μάρτυς	ma/rtus	n-d---mv-
μάρτυρ’	ma/rtur'	μάρτυς	ma/rtus	n-d---ma-
μάρτυρ’	ma/rtur'	μάρτυς	ma/rtus	n-d---fn-
μάρτυρ’	ma/rtur'	μάρτυς	ma/rtus	n-d---fv-
μάρτυρ’	ma/rtur'	μάρτυς	ma/rtus	n-d---fa-
μάρτυρ’	ma/rtur'	μαρτύρομαι	martu/romai	v2same---
μάταιοι	ma/taioi	μάταιος	ma/taios	a-p---mn-
μάταιοι	ma/taioi	μάταιος	ma/taios	a-p---mv-
μάταιοι	ma/taioi	μάταιος	ma/taios	n-p---mn-
μάταιοι	ma/taioi	μάταιος	ma/taios	n-p---mv-
μάταιοι	ma/taioi	μάταιος	ma/taios	n-p---fn-
μάταιοι	ma/taioi	μάταιος	ma/taios	n-p---fv-
μάτην	ma/thn	μάτη	ma/th	n-s---fa-
μάτην	ma/thn	μάτην	ma/thn	d--------
μάτην	ma/thn	μάτος	ma/tos	n-s---na-
μάτην	ma/thn	ματάω	mata/w	v3piia---
μάτην	ma/thn	ματάω	mata/w	v1siia---
μάχαι	ma/xai	μάχη	ma/xh	n-p---fn-
μάχαι	ma/xai	μάχη	ma/xh	n-p---fv-
μάχαι	ma/xai	μάχη	ma/xh	n-s---fd-
μάχαιραν	ma/xairan	μάχαιρα	ma/xaira	n-s---fa-
μάχην	ma/xhn	μάχη	ma/xh	n-s---fa-
μάχην	ma/xhn	μαχάω	maxa/w	v3piia---
μάχην	ma/xhn	μαχάω	maxa/w	v1siia---
μάχης	ma/xhs	μάχη	ma/xh	n-s---fg-
μάχης	ma/xhs	μαχάω	maxa/w	v2spia---
μάχης	ma/xhs	μαχάω	maxa/w	v2siia---
μάχῃ	ma/xh|	μάχη	ma/xh	n-s---fd-
μάχῃ	ma/xh|	μάχομαι	ma/xomai	v2spse---
μάχῃ	ma/xh|	μάχομαι	ma/xomai	v2spie---
μέγαν	me/gan	μέγας	me/gas	n-s---ma-
μέγιστον	me/giston	μέγας	me/gas	a-s---ma-
μέγιστον	me/giston	μέγας	me/gas	a-s---nn-
μέγιστον	me/giston	μέγας	me/gas	a-s---nv-
μέγιστον	me/giston	μέγας	me/gas	a-s---na-
μέθες	me/qes	μεθίημι	meqi/hmi	v2sama---
μέλαθρα	me/laqra	μέλαθρον	me/laqron	n-p---nn-
μέλαθρα	me/laqra	μέλαθρον	me/laqron	n-p---nv-
μέλαθρα	me/laqra	μέλαθρον	me/laqron	n-p---na-
μέλεα	me/lea	μέλεος	me/leos	a-p---nn-
μέλεα	me/lea	μέλεος	me/leos	a-p---nv-
μέλεα	me/lea	μέλεος	me/leos	a-p---na-
μέλεα	me/lea	μέλεος	me/leos	n-p---nn-
μέλεα	me/lea	μέλεος	me/leos	n-p---nv-
μέλεα	me/lea	μέλεος	me/leos	n-p---na-
μέλεα	me/lea	μέλος	me/los	n-p---nn-
μέλεα	me/lea	μέλος	me/los	n-p---nv-
μέλεα	me/lea	μέλος	me/los	n-p---na-
μέλεαι	me/leai	ἐπιμελέομαι	e)pimele/omai	v2spie---
μέλεαι	me/leai	μέλεος	me/leos	a-p---fn-
μέλεαι	me/leai	μέλεος	me/leos	a-p---fv-
μέλεαι	me/leai	μέλω	me/lw	v2spie---
μέλει	me/lei	μέλος	me/los	n-d---nn-
μέλει	me/lei	μέλος	me/los	n-d---nv-
μέλει	me/lei	μέλος	me/los	n-d---na-
μέλει	me/lei	μέλος	me/los	n-s---nd-
μέλει	me/lei	μέλος	me/los	n-s---nd-
μέλει	me/lei	μέλω	me/lw	v2spie---
μέλει	me/lei	μέλω	me/lw	v3spia---
μέλη	me/lh	μέλη	me/lh	n-s---fn-
μέλη	me/lh	μέλη	me/lh	n-s---fv-
μέλη	me/lh	μέλος	me/los	n-p---nn-
μέλη	me/lh	μέλος	me/los	n-p---nv-
μέλη	me/lh	μέλος	me/los	n-p---na-
μέλη	me/lh	μέλος	me/los	n-d---nn-
μέλη	me/lh	μέλος	me/los	n-d---nv-
μέλη	me/lh	μέλος	me/los	n-d---na-
μέλλων	me/llwn	μέλλω	me/llw	v-sppamn-
μέλοι	me/loi	μέλω	me/lw	v3spoa---
μέμψομαί	me/myomai/	μέμφομαι	me/mfomai	v1sasm---
μέμψομαί	me/myomai/	μέμφομαι	me/mfomai	v1sfim---
μέν	me/n	μέν	me/n	g--------
μένειν	me/nein	μένω	me/nw	v--pna---
μένοντες	me/nontes	μένω	me/nw	v-pppamn-
μένοντες	me/nontes	μένω	me/nw	v-pppamv-
μένω	me/nw	μένω	me/nw	v1spsa---
μένω	me/nw	μένω	me/nw	v1spia---
μέρει	me/rei	μέρος	me/ros	n-d---nn-
μέρει	me/rei	μέρος	me/ros	n-d---nv-
μέρει	me/rei	μέρος	me/ros	n-d---na-
μέρει	me/rei	μέρος	me/ros	n-s---nd-
μέρει	me/rei	μέρος	me/ros	n-s---nd-
μέρος	me/ros	μέρος	me/ros	n-s---nn-
μέρος	me/ros	μέρος	me/ros	n-s---nv-
μέρος	me/ros	μέρος	me/ros	n-s---na-
μέσον	me/son	μέσος	me/sos	a-s---ma-
μέσον	me/son	μέσος	me/sos	a-s---nn-
μέσον	me/son	μέσος	me/sos	a-s---nv-
μέσον	me/son	μέσος	me/sos	a-s---na-
μέσῳ	me/sw|	μέσος	me/sos	a-s---md-
μέσῳ	me/sw|	μέσος	me/sos	a-s---nd-
μέτεστίν	me/testi/n	μέτειμι1	me/teimi1	v3spia---
μέτρα	me/tra	μέτρον	me/tron	n-p---nn-
μέτρα	me/tra	μέτρον	me/tron	n-p---nv-
μέτρα	me/tra	μέτρον	me/tron	n-p---na-
μέτρια	me/tria	μέτριος	me/trios	a-p---nn-
μέτρια	me/tria	μέτριος	me/trios	a-p---nv-
μέτρια	me/tria	μέτριος	me/trios	a-p---na-
μέτρια	me/tria	μέτριος	me/trios	n-p---nn-
μέτρια	me/tria	μέτριος	me/trios	n-p---nv-
μέτρια	me/tria	μέτριος	me/trios	n-p---na-
μή	mh/	μή	mh/	c--------
μήλων	mh/lwn	μῆλον1	mh=lon1	n-p---ng-
μήλων	mh/lwn	μῆλον2	mh=lon2	n-p---ng-
μήν	mh/n	μείς	mei/s	n-s---mn-
μήν	mh/n	μείς	mei/s	n-s---mv-
μήν	mh/n	μήν	mh/n	g--------
μήν	mh/n	μής	mh/s	n-s---ma-
μήποτ’	mh/pot'	μήποτε	mh/pote	d--------
μήτηρ	mh/thr	μήτηρ	mh/thr	n-s---fn-
μόλις	mo/lis	μόλις	mo/lis	d--------
μόλω	mo/lw	βλώσκω	blw/skw	v1sasa---
μόνη	mo/nh	μόνος	mo/nos	a-s---fn-
μόνη	mo/nh	μόνος	mo/nos	a-s---fv-
μόνον	mo/non	μόνος	mo/nos	a-s---ma-
μόνον	mo/non	μόνος	mo/nos	a-s---nn-
μόνον	mo/non	μόνος	mo/nos	a-s---nv-
μόνον	mo/non	μόνος	mo/nos	a-s---na-
μόνῳ	mo/nw|	μόνος	mo/nos	a-s---md-
μόνῳ	mo/nw|	μόνος	mo/nos	a-s---nd-
μόχθον	mo/xqon	μόχθος	mo/xqos	n-s---ma-
μύθους	mu/qous	μῦθος	mu=qos	n-p---ma-
μᾶτερ	ma=ter	μήτηρ	mh/thr	n-s---fv-
μῆτερ	mh=ter	μήτηρ	mh/thr	n-s---fv-
μῦθον	mu=qon	μῦθος	mu=qos	n-s---ma-
μῦθος	mu=qos	μῦθος	mu=qos	n-s---mn-
μῶν	mw=n	μής	mh/s	n-p---mg-
μῶν	mw=n	μῶμαι	mw=mai	v3piia---
μῶν	mw=n	μῶμαι	mw=mai	v1siia---
μῶν	mw=n	μῶν	mw=n	d--------
ναούς	naou/s	ναός	nao/s	n-p---ma-
ναυσθλώσων	nausqlw/swn	ναυσθλόω	nausqlo/w	v-sfpamn-
ναυστολήμαθ’	naustolh/maq'	ναυστόλημα	nausto/lhma	n-p---nn-
ναυστολήμαθ’	naustolh/maq'	ναυστόλημα	nausto/lhma	n-p---nv-
ναυστολήμαθ’	naustolh/maq'	ναυστόλημα	nausto/lhma	n-p---na-
ναυστολήμαθ’	naustolh/maq'	ναυστόλημα	nausto/lhma	n-s---nd-
ναυστολήμαθ’	naustolh/maq'	ναυστόλημα	nausto/lhma	n-d---nn-
ναυστολήμαθ’	naustolh/maq'	ναυστόλημα	nausto/lhma	n-d---nv-
ναυστολήμαθ’	naustolh/maq'	ναυστόλημα	nausto/lhma	n-d---na-
ναυστολήσεις	naustolh/seis	ναυστολέω	naustole/w	v2sasa---
ναυστολήσεις	naustolh/seis	ναυστολέω	naustole/w	v2sfia---
ναί	nai/	ναί	nai/	d--------
ναί	nai/	ναῦς	nau=s	n-s---fd-
ναί	nai/	ναῦς	nau=s	n-s---fd-
ναίων	nai/wn	ναίω1	nai/w1	v-sppamn-
ναίων	nai/wn	ναίω2	nai/w2	v-sppamn-
ναίων	nai/wn	νήιος	nh/ios	a-p---fg-
ναίων	nai/wn	νήιος	nh/ios	a-p---mg-
ναίων	nai/wn	νήιος	nh/ios	a-p---ng-
ναίων	nai/wn	νήιος	nh/ios	n-p---mg-
ναίων	nai/wn	νήιος	nh/ios	n-p---fg-
ναίων	nai/wn	νήιος	nh/ios	n-p---ng-
ναύτης	nau/ths	ναύτης	nau/ths	n-s---mn-
νεανίαις	neani/ais	νεανίης	neani/hs	n-p---md-
νεανίαν	neani/an	νεανίης	neani/hs	n-s---ma-
νεανίαν	neani/an	νεανίης	neani/hs	n-s---ma-
νεανίας	neani/as	νεανίης	neani/hs	n-p---ma-
νεανίας	neani/as	νεανίης	neani/hs	n-s---mn-
νεκρούς	nekrou/s	νεκρός	nekro/s	a-p---ma-
νεκρούς	nekrou/s	νεκρός	nekro/s	n-p---ma-
νεκροῖς	nekroi=s	νεκρός	nekro/s	a-p---md-
νεκροῖς	nekroi=s	νεκρός	nekro/s	a-p---nd-
νεκροῖς	nekroi=s	νεκρός	nekro/s	n-p---md-
νεκροῖς	nekroi=s	νεκρόω	nekro/w	v2spoa---
νεκροῖς	nekroi=s	νεκρόω	nekro/w	v2spsa---
νεκροῖς	nekroi=s	νεκρόω	nekro/w	v2spia---
νεκροῖσι	nekroi=si	νεκρός	nekro/s	a-p---md-
νεκροῖσι	nekroi=si	νεκρός	nekro/s	a-p---nd-
νεκροῖσι	nekroi=si	νεκρός	nekro/s	n-p---md-
νεκροῖσι	nekroi=si	νεκρόω	nekro/w	v-pppamd-
νεκροῖσι	nekroi=si	νεκρόω	nekro/w	v-pppand-
νεκροῖσι	nekroi=si	νεκρόω	nekro/w	v3spsa---
νεκροῖσι	nekroi=si	νεκρόω	nekro/w	v3ppia---
νεκρόν	nekro/n	νεκρός	nekro/s	a-s---ma-
νεκρόν	nekro/n	νεκρός	nekro/s	a-s---nn-
νεκρόν	nekro/n	νεκρός	nekro/s	a-s---nv-
νεκρόν	nekro/n	νεκρός	nekro/s	a-s---na-
νεκρόν	nekro/n	νεκρός	nekro/s	n-s---ma-
νεκρῶν	nekrw=n	νεκρός	nekro/s	a-p---fg-
νεκρῶν	nekrw=n	νεκρός	nekro/s	a-p---mg-
νεκρῶν	nekrw=n	νεκρός	nekro/s	a-p---ng-
νεκρῶν	nekrw=n	νεκρός	nekro/s	n-p---mg-
νεκρῶν	nekrw=n	νεκρόω	nekro/w	v-sppamv-
νεκρῶν	nekrw=n	νεκρόω	nekro/w	v-sppann-
νεκρῶν	nekrw=n	νεκρόω	nekro/w	v-sppanv-
νεκρῶν	nekrw=n	νεκρόω	nekro/w	v-sppana-
νεκρῶν	nekrw=n	νεκρόω	nekro/w	v-sppamn-
νεκρῶν	nekrw=n	νεκρόω	nekro/w	v--pna---
νεκύων	neku/wn	νέκυς	ne/kus	n-p---mg-
νεοχμόν	neoxmo/n	νεοχμός	neoxmo/s	n-s---ma-
νεοχμόν	neoxmo/n	νεοχμός	neoxmo/s	n-s---fa-
νεοχμόν	neoxmo/n	νεοχμός	neoxmo/s	n-s---nn-
νεοχμόν	neoxmo/n	νεοχμός	neoxmo/s	n-s---nv-
νεοχμόν	neoxmo/n	νεοχμός	neoxmo/s	n-s---na-
νεφέλα	nefe/la	νεφέλη	nefe/lh	n-d---fn-
νεφέλα	nefe/la	νεφέλη	nefe/lh	n-d---fv-
νεφέλα	nefe/la	νεφέλη	nefe/lh	n-d---fa-
νεφέλα	nefe/la	νεφέλη	nefe/lh	n-s---fn-
νεφέλα	nefe/la	νεφέλη	nefe/lh	n-s---fv-
νεωτέρους	newte/rous	νέος	ne/os	a-p---ma-
νεωτέρους	newte/rous	νέος	ne/os	n-p---ma-
νεωτέρους	newte/rous	νεώτερος	new/teros	a-p---ma-
νεώς	new/s	ναός	nao/s	n-p---ma-
νεώς	new/s	ναός	nao/s	n-s---mn-
νεώς	new/s	ναῦς	nau=s	n-s---fg-
νεώς	new/s	ναῦς	nau=s	n-s----g-
νεώς	new/s	νεώς	new/s	n-p---ma-
νεώς	new/s	νεώς	new/s	n-s---mn-
νηδύν	nhdu/n	νηδύς	nhdu/s	n-s---fa-
νηδύν	nhdu/n	νηδύς	nhdu/s	n-s---fa-
νικᾷ	nika=|	νικάω	nika/w	v2spse---
νικᾷ	nika=|	νικάω	nika/w	v2spie---
νικᾷ	nika=|	νικάω	nika/w	v3spsa---
νικᾷ	nika=|	νικάω	nika/w	v3spia---
νικᾷς	nika=|s	νικάω	nika/w	v2spsa---
νικᾷς	nika=|s	νικάω	nika/w	v2spia---
νικῶν	nikw=n	νίκη	ni/kh	n-p---fg-
νικῶν	nikw=n	νῖκος	ni=kos	n-p---ng-
νικῶν	nikw=n	νικάω	nika/w	v-sppamv-
νικῶν	nikw=n	νικάω	nika/w	v-sppann-
νικῶν	nikw=n	νικάω	nika/w	v-sppanv-
νικῶν	nikw=n	νικάω	nika/w	v-sppana-
νικῶν	nikw=n	νικάω	nika/w	v-sppamn-
νικῶν	nikw=n	νικάω	nika/w	v-sppamn-
νικῶντα	nikw=nta	νικάω	nika/w	v-pppann-
νικῶντα	nikw=nta	νικάω	nika/w	v-pppanv-
νικῶντα	nikw=nta	νικάω	nika/w	v-pppana-
νικῶντα	nikw=nta	νικάω	nika/w	v-sppama-
νικῶσα	nikw=sa	νικάω	nika/w	v-sppafn-
νικῶσα	nikw=sa	νικάω	nika/w	v-sppafv-
νιν	nin	νιν	nin	n-s---ma-
νιν	nin	νιν	nin	n-s---fa-
νιν	nin	νιν	nin	n-s---na-
νομίζω	nomi/zw	νομίζω	nomi/zw	v1spsa---
νομίζω	nomi/zw	νομίζω	nomi/zw	v1spia---
νοσοῦντος	nosou=ntos	νοσέω	nose/w	v-sppamg-
νοσοῦντος	nosou=ntos	νοσέω	nose/w	v-sppang-
νοσφίζεται	nosfi/zetai	νοσφίζομαι	nosfi/zomai	v3spie---
νοσφίζεται	nosfi/zetai	νοσφίζω	nosfi/zw	v3spie---
νοσφίσας	nosfi/sas	νοσφίζομαι	nosfi/zomai	v-sapamn-
νοσφίσας	nosfi/sas	νοσφίζομαι	nosfi/zomai	v-sapamv-
νοσφίσας	nosfi/sas	νοσφίζω	nosfi/zw	v-sapamn-
νοσφίσας	nosfi/sas	νοσφίζω	nosfi/zw	v-sapamv-
νοσῶδες	nosw=des	νοσώδης	nosw/dhs	n-s---mv-
νοσῶδες	nosw=des	νοσώδης	nosw/dhs	n-s---fv-
νοσῶδες	nosw=des	νοσώδης	nosw/dhs	n-s---nn-
νοσῶδες	nosw=des	νοσώδης	nosw/dhs	n-s---nv-
νοσῶδες	nosw=des	νοσώδης	nosw/dhs	n-s---na-
νοτερόν	notero/n	νοτερός	notero/s	a-s---ma-
νοτερόν	notero/n	νοτερός	notero/s	a-s---nn-
νοτερόν	notero/n	νοτερός	notero/s	a-s---nv-
νοτερόν	notero/n	νοτερός	notero/s	a-s---na-
νουθετεῖς	nouqetei=s	νουθετέω	nouqete/w	v2spia---
νυκτός	nukto/s	νύξ	nu/c	n-s---fg-
νυμφεύσεται	numfeu/setai	νυμφεύω	numfeu/w	v3sasm---
νυμφεύσεται	numfeu/setai	νυμφεύω	numfeu/w	v3sfim---
νυν	nun	νῦν	nu=n	d--------
νέαις	ne/ais	νέα	ne/a	n-p---fd-
νέαις	ne/ais	νέος	ne/os	a-p---fd-
νέαν	ne/an	νέα	ne/a	n-s---fa-
νέαν	ne/an	νέος	ne/os	a-s---fa-
νέαν	ne/an	νεάω	nea/w	v3piia---
νέαν	ne/an	νεάω	nea/w	v1siia---
νέαν	ne/an	νεάω	nea/w	v3piia---
νέαν	ne/an	νεάω	nea/w	v1siia---
νέκυν	ne/kun	νέκυς	ne/kus	n-s---ma-
νέμεις	ne/meis	νέμω	ne/mw	v2spia---
νέμοντες	ne/montes	νέμω	ne/mw	v-pppamn-
νέμοντες	ne/montes	νέμω	ne/mw	v-pppamv-
νέμουσι	ne/mousi	νέμω	ne/mw	v-pppamd-
νέμουσι	ne/mousi	νέμω	ne/mw	v-pppand-
νέμουσι	ne/mousi	νέμω	ne/mw	v3ppia---
νέοι	ne/oi	νέος	ne/os	a-p---mn-
νέοι	ne/oi	νέος	ne/os	a-p---mv-
νέοι	ne/oi	νέος	ne/os	n-p---mn-
νέοι	ne/oi	νέος	ne/os	n-p---mv-
νέοι	ne/oi	νέος	ne/os	n-p---fn-
νέοι	ne/oi	νέος	ne/os	n-p---fv-
νέοι	ne/oi	νέω	ne/w	v3spoa---
νέοι	ne/oi	νέω1	ne/w1	v3spoa---
νέοι	ne/oi	νέω2	ne/w2	v3spoa---
νέοι	ne/oi	νέω3	ne/w3	v3spoa---
νέοις	ne/ois	νέος	ne/os	a-p---md-
νέοις	ne/ois	νέος	ne/os	a-p---nd-
νέοις	ne/ois	νέος	ne/os	n-p---md-
νέοις	ne/ois	νέος	ne/os	n-p---fd-
νέοις	ne/ois	νέος	ne/os	n-p---nd-
νέοις	ne/ois	νέω	ne/w	v2spoa---
νέοις	ne/ois	νέω1	ne/w1	v2spoa---
νέοις	ne/ois	νέω2	ne/w2	v2spoa---
νέοις	ne/ois	νέω3	ne/w3	v2spoa---
νέοισι	ne/oisi	νέος	ne/os	a-p---md-
νέοισι	ne/oisi	νέος	ne/os	a-p---nd-
νέοισι	ne/oisi	νέος	ne/os	n-p---md-
νέοισι	ne/oisi	νέος	ne/os	n-p---fd-
νέοισι	ne/oisi	νέος	ne/os	n-p---nd-
νέοισι	ne/oisi	νέω	ne/w	v-pppamd-
νέοισι	ne/oisi	νέω	ne/w	v-pppand-
νέοισι	ne/oisi	νέω	ne/w	v3ppia---
νέοισι	ne/oisi	νέω1	ne/w1	v-pppamd-
νέοισι	ne/oisi	νέω1	ne/w1	v-pppand-
νέοισι	ne/oisi	νέω1	ne/w1	v3ppia---
νέοισι	ne/oisi	νέω2	ne/w2	v-pppamd-
νέοισι	ne/oisi	νέω2	ne/w2	v-pppand-
νέοισι	ne/oisi	νέω2	ne/w2	v3ppia---
νέοισι	ne/oisi	νέω3	ne/w3	v-pppamd-
νέοισι	ne/oisi	νέω3	ne/w3	v-pppand-
νέοισι	ne/oisi	νέω3	ne/w3	v3ppia---
νέοισιν	ne/oisin	νέος	ne/os	a-p---md-
νέοισιν	ne/oisin	νέος	ne/os	a-p---nd-
νέοισιν	ne/oisin	νέος	ne/os	n-p---md-
νέοισιν	ne/oisin	νέος	ne/os	n-p---fd-
νέοισιν	ne/oisin	νέος	ne/os	n-p---nd-
νέοισιν	ne/oisin	νέω	ne/w	v-pppamd-
νέοισιν	ne/oisin	νέω	ne/w	v-pppand-
νέοισιν	ne/oisin	νέω	ne/w	v3ppia---
νέοισιν	ne/oisin	νέω1	ne/w1	v-pppamd-
νέοισιν	ne/oisin	νέω1	ne/w1	v-pppand-
νέοισιν	ne/oisin	νέω1	ne/w1	v3ppia---
νέοισιν	ne/oisin	νέω2	ne/w2	v-pppamd-
νέοισιν	ne/oisin	νέω2	ne/w2	v-pppand-
νέοισιν	ne/oisin	νέω2	ne/w2	v3ppia---
νέοισιν	ne/oisin	νέω3	ne/w3	v-pppamd-
νέοισιν	ne/oisin	νέω3	ne/w3	v-pppand-
νέοισιν	ne/oisin	νέω3	ne/w3	v3ppia---
νέον	ne/on	νέος	ne/os	a-s---ma-
νέον	ne/on	νέος	ne/os	a-s---nn-
νέον	ne/on	νέος	ne/os	a-s---nv-
νέον	ne/on	νέος	ne/os	a-s---na-
νέον	ne/on	νέος	ne/os	n-s---ma-
νέον	ne/on	νέος	ne/os	n-s---fa-
νέον	ne/on	νέος	ne/os	n-s---nn-
νέον	ne/on	νέος	ne/os	n-s---nv-
νέον	ne/on	νέος	ne/os	n-s---na-
νέον	ne/on	νέω	ne/w	v-sppamv-
νέον	ne/on	νέω	ne/w	v-sppann-
νέον	ne/on	νέω	ne/w	v-sppanv-
νέον	ne/on	νέω	ne/w	v-sppana-
νέον	ne/on	νέω	ne/w	v3piia---
νέον	ne/on	νέω	ne/w	v1siia---
νέον	ne/on	νέω1	ne/w1	v-sppamv-
νέον	ne/on	νέω1	ne/w1	v-sppann-
νέον	ne/on	νέω1	ne/w1	v-sppanv-
νέον	ne/on	νέω1	ne/w1	v-sppana-
νέον	ne/on	νέω1	ne/w1	v3piia---
νέον	ne/on	νέω1	ne/w1	v1siia---
νέον	ne/on	νέω2	ne/w2	v-sppamv-
νέον	ne/on	νέω2	ne/w2	v-sppann-
νέον	ne/on	νέω2	ne/w2	v-sppanv-
νέον	ne/on	νέω2	ne/w2	v-sppana-
νέον	ne/on	νέω2	ne/w2	v3piia---
νέον	ne/on	νέω2	ne/w2	v1siia---
νέον	ne/on	νέω3	ne/w3	v-sppamv-
νέον	ne/on	νέω3	ne/w3	v-sppann-
νέον	ne/on	νέω3	ne/w3	v-sppanv-
νέον	ne/on	νέω3	ne/w3	v-sppana-
νέον	ne/on	νέω3	ne/w3	v3piia---
νέον	ne/on	νέω3	ne/w3	v1siia---
νέος	ne/os	νέος	ne/os	a-s---mn-
νέος	ne/os	νέος	ne/os	n-s---mn-
νέος	ne/os	νέος	ne/os	n-s---fn-
νέους	ne/ous	νέος	ne/os	a-p---ma-
νέους	ne/ous	νέος	ne/os	n-p---ma-
νέους	ne/ous	νέος	ne/os	n-p---fa-
νέους	ne/ous	νεόω	neo/w	v2siia---
νέων	ne/wn	νέος	ne/os	a-p---fg-
νέων	ne/wn	νέος	ne/os	a-p---mg-
νέων	ne/wn	νέος	ne/os	a-p---ng-
νέων	ne/wn	νέος	ne/os	n-p---mg-
νέων	ne/wn	νέος	ne/os	n-p---fg-
νέων	ne/wn	νέος	ne/os	n-p---ng-
νέων	ne/wn	νέω	ne/w	v-sppamn-
νέων	ne/wn	νέω1	ne/w1	v-sppamn-
νέων	ne/wn	νέω2	ne/w2	v-sppamn-
νέων	ne/wn	νέω3	ne/w3	v-sppamn-
νέων	ne/wn	νεάω	nea/w	v3piia---
νέων	ne/wn	νεάω	nea/w	v1siia---
νίκην	ni/khn	νίκη	ni/kh	n-s---fa-
νίκην	ni/khn	νῖκος	ni=kos	n-s---na-
νίκην	ni/khn	νικάω	nika/w	v3piia---
νίκην	ni/khn	νικάω	nika/w	v1siia---
νόμιμά	no/mima/	νόμιμος	no/mimos	a-p---nn-
νόμιμά	no/mima/	νόμιμος	no/mimos	a-p---nv-
νόμιμά	no/mima/	νόμιμος	no/mimos	a-p---na-
νόμιμ’	no/mim'	νόμιμος	no/mimos	a-p---nn-
νόμιμ’	no/mim'	νόμιμος	no/mimos	a-p---nv-
νόμιμ’	no/mim'	νόμιμος	no/mimos	a-p---na-
νόμιμ’	no/mim'	νόμιμος	no/mimos	a-s---mv-
νόμιμ’	no/mim'	νόμιμος	no/mimos	a-p---fn-
νόμιμ’	no/mim'	νόμιμος	no/mimos	a-p---fv-
νόμοι	no/moi	νόμος	no/mos	n-p---mn-
νόμοι	no/moi	νόμος	no/mos	n-p---mv-
νόμον	no/mon	νόμος	no/mos	n-s---ma-
νόμος	no/mos	νόμος	no/mos	n-s---mn-
νόμους	no/mous	νόμος	no/mos	n-p---ma-
νόμων	no/mwn	νόμος	no/mos	n-p---mg-
νόστον	no/ston	νόστος	no/stos	n-s---ma-
νύμφαι	nu/mfai	νύμφη	nu/mfh	n-p---fn-
νύμφαι	nu/mfai	νύμφη	nu/mfh	n-p---fv-
νύμφαι	nu/mfai	νύμφη	nu/mfh	n-s---fd-
νῦν	nu=n	νῦν	nu=n	d--------
ξυμμάχοις	cumma/xois	σύμμαχος	su/mmaxos	n-p---md-
ξυμμάχοις	cumma/xois	σύμμαχος	su/mmaxos	n-p---fd-
ξυμμάχοις	cumma/xois	σύμμαχος	su/mmaxos	n-p---nd-
ξυναλγηδόνες	cunalghdo/nes	συναλγηδών	sunalghdw/n	n-p---fn-
ξυναλγηδόνες	cunalghdo/nes	συναλγηδών	sunalghdw/n	n-p---fv-
ξυναλλαγαῖς	cunallagai=s	συναλλαγή	sunallagh/	n-p---fd-
ξυνάπτοι	cuna/ptoi	συνάπτω	suna/ptw	v3spoa---
ξυνέστη	cune/sth	συνίστημι	suni/sthmi	v1slia---
ξυνέστη	cune/sth	συνίστημι	suni/sthmi	v3saia---
ξυνίστωρ	cuni/stwr	συνίστωρ	suni/stwr	n-s---mn-
ξυνίστωρ	cuni/stwr	συνίστωρ	suni/stwr	n-s---fn-
ξυνόνθ’	cuno/nq'	σύνειμι1	su/neimi1	v-sppama-
ξυνόνθ’	cuno/nq'	σύνειμι1	su/neimi1	v-pppann-
ξυνόνθ’	cuno/nq'	σύνειμι1	su/neimi1	v-pppanv-
ξυνόνθ’	cuno/nq'	σύνειμι1	su/neimi1	v-pppana-
ξυνόνθ’	cuno/nq'	σύνειμι1	su/neimi1	v-sppamd-
ξυνόνθ’	cuno/nq'	σύνειμι1	su/neimi1	v-sppand-
ξυνόνθ’	cuno/nq'	σύνειμι1	su/neimi1	v-dppamn-
ξυνόνθ’	cuno/nq'	σύνειμι1	su/neimi1	v-dppamv-
ξυνόνθ’	cuno/nq'	σύνειμι1	su/neimi1	v-dppama-
ξυνόνθ’	cuno/nq'	σύνειμι1	su/neimi1	v-dppann-
ξυνόνθ’	cuno/nq'	σύνειμι1	su/neimi1	v-dppanv-
ξυνόνθ’	cuno/nq'	σύνειμι1	su/neimi1	v-dppana-
ξυνῆψε	cunh=ye	συνάπτω	suna/ptw	v3saia---
ξυνῳδοί	cunw|doi/	συνῳδός	sunw|do/s	n-p---mn-
ξυνῳδοί	cunw|doi/	συνῳδός	sunw|do/s	n-p---mv-
ξυνῳδοί	cunw|doi/	συνῳδός	sunw|do/s	n-p---fn-
ξυνῳδοί	cunw|doi/	συνῳδός	sunw|do/s	n-p---fv-
ξένε	ce/ne	ξένοσ1	ce/nos1	n-s---mv-
ξένε	ce/ne	ξένοσ2	ce/nos2	a-s---mv-
ξένε	ce/ne	ξένοσ2	ce/nos2	n-s---mv-
ξένε	ce/ne	ξένοσ2	ce/nos2	n-s---fv-
ξένοις	ce/nois	ξένοσ1	ce/nos1	n-p---md-
ξένοις	ce/nois	ξένοσ2	ce/nos2	a-p---md-
ξένοις	ce/nois	ξένοσ2	ce/nos2	a-p---nd-
ξένοις	ce/nois	ξένοσ2	ce/nos2	n-p---md-
ξένοις	ce/nois	ξένοσ2	ce/nos2	n-p---fd-
ξένοις	ce/nois	ξένοσ2	ce/nos2	n-p---nd-
ξένοισιν	ce/noisin	ξένοσ1	ce/nos1	n-p---md-
ξένοισιν	ce/noisin	ξένοσ2	ce/nos2	a-p---md-
ξένοισιν	ce/noisin	ξένοσ2	ce/nos2	a-p---nd-
ξένοισιν	ce/noisin	ξένοσ2	ce/nos2	n-p---md-
ξένοισιν	ce/noisin	ξένοσ2	ce/nos2	n-p---fd-
ξένοισιν	ce/noisin	ξένοσ2	ce/nos2	n-p---nd-
ξένον	ce/non	ξένοσ1	ce/nos1	n-s---ma-
ξένον	ce/non	ξένοσ2	ce/nos2	a-s---ma-
ξένον	ce/non	ξένοσ2	ce/nos2	a-s---nn-
ξένον	ce/non	ξένοσ2	ce/nos2	a-s---nv-
ξένον	ce/non	ξένοσ2	ce/nos2	a-s---na-
ξένον	ce/non	ξένοσ2	ce/nos2	n-s---ma-
ξένον	ce/non	ξένοσ2	ce/nos2	n-s---fa-
ξένον	ce/non	ξένοσ2	ce/nos2	n-s---nn-
ξένον	ce/non	ξένοσ2	ce/nos2	n-s---nv-
ξένον	ce/non	ξένοσ2	ce/nos2	n-s---na-
ξένος	ce/nos	ξένοσ1	ce/nos1	n-s---mn-
ξένος	ce/nos	ξένοσ2	ce/nos2	a-s---mn-
ξένος	ce/nos	ξένοσ2	ce/nos2	n-s---mn-
ξένος	ce/nos	ξένοσ2	ce/nos2	n-s---fn-
ξένους	ce/nous	ξένοσ1	ce/nos1	n-p---ma-
ξένους	ce/nous	ξένοσ2	ce/nos2	a-p---ma-
ξένους	ce/nous	ξένοσ2	ce/nos2	n-p---ma-
ξένους	ce/nous	ξένοσ2	ce/nos2	n-p---fa-
ξένους	ce/nous	ξενόω	ceno/w	v2siia---
ξύλῳ	cu/lw|	ξύλον	cu/lon	n-s---nd-
ξύμβουλον	cu/mboulon	σύμβουλος	su/mboulos	n-s---ma-
ξύμμαχος	cu/mmaxos	σύμμαχος	su/mmaxos	n-s---mn-
ξύμμαχος	cu/mmaxos	σύμμαχος	su/mmaxos	n-s---fn-
ξύν	cu/n	σύν	su/n	r--------
ξύνισμεν	cu/nismen	σύνοιδα	su/noida	v1pria---
οἰκείου	oi)kei/ou	οἰκέω	oi)ke/w	v2spme---
οἰκείου	oi)kei/ou	οἰκέω	oi)ke/w	v2siie---
οἰκείου	oi)kei/ou	οἰκείω	oi)kei/w	v2spme---
οἰκείου	oi)kei/ou	οἰκείω	oi)kei/w	v2siie---
οἰκείου	oi)kei/ou	οἰκεῖος	oi)kei=os	a-s---mg-
οἰκείου	oi)kei/ou	οἰκεῖος	oi)kei=os	a-s---ng-
οἰκείου	oi)kei/ou	οἰκεῖος	oi)kei=os	n-s---mg-
οἰκείου	oi)kei/ou	οἰκεῖος	oi)kei=os	n-s---fg-
οἰκείου	oi)kei/ou	οἰκεῖος	oi)kei=os	n-s---ng-
οἰκείου	oi)kei/ou	οἰκειόω	oi)keio/w	v2spma---
οἰκείου	oi)kei/ou	οἰκειόω	oi)keio/w	v3siia---
οἰκτρά	oi)ktra/	οἰκτρός	oi)ktro/s	a-p---nn-
οἰκτρά	oi)ktra/	οἰκτρός	oi)ktro/s	a-p---nv-
οἰκτρά	oi)ktra/	οἰκτρός	oi)ktro/s	a-p---na-
οἰκτρά	oi)ktra/	οἰκτρός	oi)ktro/s	a-d---fn-
οἰκτρά	oi)ktra/	οἰκτρός	oi)ktro/s	a-d---fv-
οἰκτρά	oi)ktra/	οἰκτρός	oi)ktro/s	a-d---fa-
οἰκτρά	oi)ktra/	οἰκτρός	oi)ktro/s	a-s---fn-
οἰκτρά	oi)ktra/	οἰκτρός	oi)ktro/s	a-s---fv-
οἰκτρόν	oi)ktro/n	οἰκτρός	oi)ktro/s	a-s---ma-
οἰκτρόν	oi)ktro/n	οἰκτρός	oi)ktro/s	a-s---nn-
οἰκτρόν	oi)ktro/n	οἰκτρός	oi)ktro/s	a-s---nv-
οἰκτρόν	oi)ktro/n	οἰκτρός	oi)ktro/s	a-s---na-
οἰκτίρας	oi)kti/ras	οἰκτείρω	oi)ktei/rw	v-sapamn-
οἰκτίρας	oi)kti/ras	οἰκτείρω	oi)ktei/rw	v-sapamv-
οἰκτίρουσα	oi)kti/rousa	οἰκτείρω	oi)ktei/rw	v-sppafn-
οἰκτίρουσα	oi)kti/rousa	οἰκτείρω	oi)ktei/rw	v-sppafv-
οἰκέτας	oi)ke/tas	οἰκέτης	oi)ke/ths	n-p---ma-
οἰκέτας	oi)ke/tas	οἰκέτης	oi)ke/ths	n-s---mn-
οἰκήσομεν	oi)kh/somen	οἰκέω	oi)ke/w	v1pasa---
οἰκήσομεν	oi)kh/somen	οἰκέω	oi)ke/w	v1pfia---
οἰκήτορας	oi)kh/toras	οἰκήτωρ	oi)kh/twr	n-p---ma-
οἰκῶν	oi)kw=n	οἰκέω	oi)ke/w	v-sppamn-
οἰχομένων	oi)xome/nwn	οἴχομαι	oi)/xomai	v-pppefg-
οἰχομένων	oi)xome/nwn	οἴχομαι	oi)/xomai	v-pppemg-
οἰχομένων	oi)xome/nwn	οἴχομαι	oi)/xomai	v-pppeng-
οἰχόμεσθα	oi)xo/mesqa	οἴχομαι	oi)/xomai	v1ppie---
οἰχόμεσθα	oi)xo/mesqa	οἴχομαι	oi)/xomai	v1piie---
οἰωνοσκόπον	oi)wnosko/pon	οἰωνοσκόπος	oi)wnosko/pos	n-s---ma-
οἰωνῶν	oi)wnw=n	οἰωνός	oi)wno/s	n-p---mg-
οἱ	oi(	ἕ	e(/	n-s---md-
οἱ	oi(	ἕ	e(/	n-s---fd-
οἱ	oi(	ὁ	o(	l-p---mn-
οἱ	oi(	ὁ	o(	l-p---mv-
οἴκοθέν	oi)/koqe/n	οἴκοθεν	oi)/koqen	d--------
οἴκοις	oi)/kois	ἔοικα	e)/oika	v2sroa---
οἴκοις	oi)/kois	οἶκος	oi)=kos	n-p---md-
οἴκους	oi)/kous	οἶκος	oi)=kos	n-p---ma-
οἴκτισαι	oi)/ktisai	οἰκτίζω	oi)kti/zw	v2samm---
οἴκτου	oi)/ktou	οἶκτος	oi)=ktos	n-s---mg-
οἴκων	oi)/kwn	οἶκος	oi)=kos	n-p---mg-
οἴμοι	oi)/moi	οἴμοι	oi)/moi	x--------
οἴχεται	oi)/xetai	οἴχομαι	oi)/xomai	v3spie---
οἵ	oi(/	ἕ	e(/	n-s---md-
οἵ	oi(/	ἕ	e(/	n-s---fd-
οἵ	oi(/	ὁ	o(	l-p---mn-
οἵ	oi(/	ὁ	o(	l-p---mv-
οἵ	oi(/	ὅς	o(/s	p-p---mn-
οἵδε	oi(/de	ὅδε	o(/de	n-p---mn-
οἵτινες	oi(/tines	ὅστις	o(/stis	p-p---mn-
οἵων	oi(/wn	οἷος	oi(=os	a-p---fg-
οἵων	oi(/wn	οἷος	oi(=os	a-p---mg-
οἵων	oi(/wn	οἷος	oi(=os	a-p---ng-
οἶδα	oi)=da	οἶδα	oi)=da	v1sria---
οἶκον	oi)=kon	οἶκος	oi)=kos	n-s---ma-
οἷα	oi(=a	οἷος	oi(=os	a-p---nn-
οἷα	oi(=a	οἷος	oi(=os	a-p---nv-
οἷα	oi(=a	οἷος	oi(=os	a-p---na-
οἷον	oi(=on	οἷος	oi(=os	a-s---ma-
οἷον	oi(=on	οἷος	oi(=os	a-s---nn-
οἷον	oi(=on	οἷος	oi(=os	a-s---nv-
οἷον	oi(=on	οἷος	oi(=os	a-s---na-
οἷς	oi(=s	ὅς	o(/s	p-p---md-
οἷς	oi(=s	ὅς	o(/s	p-p---nd-
οἷσιν	oi(=sin	ὅς	o(/s	p-p---md-
οἷσιν	oi(=sin	ὅς	o(/s	p-p---nd-
οὐ	ou)	οὐ	ou)	d--------
οὐδείς	ou)dei/s	οὐδείς	ou)dei/s	n-s---mn-
οὐδείς	ou)dei/s	οὐδείς	ou)dei/s	n-s---mv-
οὐδέ	ou)de/	οὐδέ	ou)de/	g--------
οὐδέ	ou)de/	οὐδόσ1	ou)do/s1	n-s---mv-
οὐδέ	ou)de/	οὐδόσ2	ou)do/s2	n-s---fv-
οὐδέν	ou)de/n	οὐδείς	ou)dei/s	n-s---nn-
οὐδέν	ou)de/n	οὐδείς	ou)dei/s	n-s---nv-
οὐδέν	ou)de/n	οὐδείς	ou)dei/s	n-s---na-
οὐκ	ou)k	οὐ	ou)	d--------
οὐκέτι	ou)ke/ti	οὐκέτι	ou)ke/ti	d--------
οὐρανοῦ	ou)ranou=	οὐρανός	ou)rano/s	n-s---mg-
οὐρανοῦ	ou)ranou=	οὐρανόω	ou)rano/w	v2siie---
οὐρανοῦ	ou)ranou=	οὐρανόω	ou)rano/w	v2spme---
οὐρανοῦ	ou)ranou=	οὐρανόω	ou)rano/w	v2siie---
οὐρανόν	ou)rano/n	οὐρανός	ou)rano/s	n-s---ma-
οὐρανῷ	ou)ranw=|	οὐρανός	ou)rano/s	n-s---md-
οὐχ	ou)x	οὐ	ou)	d--------
οὐχί	ou)xi/	οὐ	ou)	d--------
οὑντεῦθεν	ou(nteu=qen	ἐντεῦθεν	e)nteu=qen	d--------
οὔ	ou)/	οὐ	ou)	d--------
οὔκ	ou)/k	οὐ	ou)	d--------
οὔκουν	ou)/koun	οὔκουν	ou)/koun	d--------
οὔποτ’	ou)/pot'	οὔποτε	ou)/pote	d--------
οὔπω	ou)/pw	οὔπω	ou)/pw	d--------
οὔσης	ou)/shs	εἰμί	ei)mi/	v-sppafg-
οὔτε	ou)/te	οὔτε	ou)/te	d--------
οὔτι	ou)/ti	οὔτι	ou)/ti	d--------
οὔτι	ou)/ti	οὔτις	ou)/tis	n-s---nn-
οὔτι	ou)/ti	οὔτις	ou)/tis	n-s---nv-
οὔτι	ou)/ti	οὔτις	ou)/tis	n-s---na-
οὔτοι	ou)/toi	οὔτοι	ou)/toi	d--------
οὔτ’	ou)/t'	οὔτε	ou)/te	d--------
οὔτ’	ou)/t'	οὔτι	ou)/ti	d--------
οὔτ’	ou)/t'	οὔτις	ou)/tis	n-s---nn-
οὔτ’	ou)/t'	οὔτις	ou)/tis	n-s---nv-
οὔτ’	ou)/t'	οὔτις	ou)/tis	n-s---na-
οὔχ	ou)/x	οὐ	ou)	d--------
οὕνεκ’	ou(/nek'	οὕνεκα	ou(/neka	c--------
οὕς	ou(/s	ὅς	o(/s	p-p---ma-
οὕσπερ	ou(/sper	ὅς	o(/s	p-p---ma-
οὕτω	ou(/tw	οὕτως	ou(/tws	d--------
οὕτως	ou(/tws	οὕτως	ou(/tws	d--------
οὖδας	ou)=das	οὖδας	ou)=das	n-s---nn-
οὖδας	ou)=das	οὖδας	ou)=das	n-s---nv-
οὖδας	ou)=das	οὖδας	ou)=das	n-s---na-
οὖν	ou)=n	οὖν	ou)=n	g--------
οὗ	ou(=	ἕ	e(/	n-s---mg-
οὗ	ou(=	ἕ	e(/	n-s---fg-
οὗ	ou(=	ἵημι	i(/hmi	v--amm---
οὗ	ou(=	ὅς	o(/s	p-s---mg-
οὗ	ou(=	ὅς	o(/s	p-s---ng-
οὗ	ou(=	οὗ	ou(=	d--------
οὗτοι	ou(=toi	οὗτος	ou(=tos	n-p---mn-
οὗτοι	ou(=toi	οὗτος	ou(=tos	n-p---mv-
οὗτος	ou(=tos	οὗτος	ou(=tos	n-s---mn-
οὗτος	ou(=tos	οὗτος	ou(=tos	n-s---mv-
παγκληρίας	pagklhri/as	παγκληρία	pagklhri/a	n-p---fa-
παγκληρίας	pagklhri/as	παγκληρία	pagklhri/a	n-s---fg-
παγκάκιστε	pagka/kiste	πάγκακος	pa/gkakos	a-s---mv-
παθοῦσαι	paqou=sai	πάσχω	pa/sxw	v-papafn-
παθοῦσαι	paqou=sai	πάσχω	pa/sxw	v-papafv-
παθόντες	paqo/ntes	πάσχω	pa/sxw	v-papamn-
παθόντες	paqo/ntes	πάσχω	pa/sxw	v-papamv-
παθών	paqw/n	πάσχω	pa/sxw	v-sapamn-
παιδεύεται	paideu/etai	παιδεύω	paideu/w	v3spie---
παιδεύετε	paideu/ete	παιδεύω	paideu/w	v2ppma---
παιδεύετε	paideu/ete	παιδεύω	paideu/w	v2ppia---
παιδεύετε	paideu/ete	παιδεύω	paideu/w	v2piia---
παιδογόνε	paidogo/ne	παιδογόνος	paidogo/nos	n-s---mv-
παιδογόνε	paidogo/ne	παιδογόνος	paidogo/nos	n-s---fv-
παιδός	paido/s	παῖς	pai=s	n-s---mg-
παιδός	paido/s	παῖς	pai=s	n-s---fg-
παισί	paisi/	παῖς	pai=s	n-p---md-
παισί	paisi/	παῖς	pai=s	n-p---fd-
παισίν	paisi/n	παῖς	pai=s	n-p---md-
παισίν	paisi/n	παῖς	pai=s	n-p---fd-
παλαιομάτορος	palaioma/toros	παλαιομάτωρ	palaioma/twr	n-s---mg-
παλαιστής	palaisth/s	παλαιστής	palaisth/s	n-s---mn-
παλαιός	palaio/s	παλαιός	palaio/s	a-s---mn-
παλαιᾶς	palaia=s	παλαιός	palaio/s	a-s---fg-
παλαίσμαθ’	palai/smaq'	πάλαισμα	pa/laisma	n-p---nn-
παλαίσμαθ’	palai/smaq'	πάλαισμα	pa/laisma	n-p---nv-
παλαίσμαθ’	palai/smaq'	πάλαισμα	pa/laisma	n-p---na-
παλαίσμαθ’	palai/smaq'	πάλαισμα	pa/laisma	n-s---nd-
παλαίσμαθ’	palai/smaq'	πάλαισμα	pa/laisma	n-d---nn-
παλαίσμαθ’	palai/smaq'	πάλαισμα	pa/laisma	n-d---nv-
παλαίσμαθ’	palai/smaq'	πάλαισμα	pa/laisma	n-d---na-
παλίσσυτος	pali/ssutos	παλίσσυτος	pali/ssutos	n-s---mn-
παλίσσυτος	pali/ssutos	παλίσσυτος	pali/ssutos	n-s---fn-
παντευχίαν	panteuxi/an	παντευχία	panteuxi/a	n-s---fa-
παντί	panti/	πᾶς	pa=s	n-s---md-
παντί	panti/	πᾶς	pa=s	n-s---nd-
παραγγέλλοντας	paragge/llontas	παραγγέλλω	paragge/llw	v-pppama-
παραιβάτας	paraiba/tas	παραβάτης	paraba/ths	n-p---ma-
παραιβάτας	paraiba/tas	παραβάτης	paraba/ths	n-s---mn-
παραινεῖν	parainei=n	παραινέω	paraine/w	v--pna---
παραινεῖν	parainei=n	παραινέω	paraine/w	v--pna---
παρακέλευσμα	parake/leusma	παρακέλευμα	parake/leuma	n-s---nn-
παρακέλευσμα	parake/leusma	παρακέλευμα	parake/leuma	n-s---nv-
παρακέλευσμα	parake/leusma	παρακέλευμα	parake/leuma	n-s---na-
παρακέλευσμα	parake/leusma	παρακέλευσμα	parake/leusma	n-s---nn-
παρακέλευσμα	parake/leusma	παρακέλευσμα	parake/leusma	n-s---nv-
παρακέλευσμα	parake/leusma	παρακέλευσμα	parake/leusma	n-s---na-
παρασχεῖν	parasxei=n	παρέχω	pare/xw	v--ana---
παραχθείς	paraxqei/s	παράγω	para/gw	v-sappmn-
παραχθείς	paraxqei/s	παράγω	para/gw	v-sappmv-
παρεκτρέποντες	parektre/pontes	παρεκτρέπω	parektre/pw	v-pppamn-
παρεκτρέποντες	parektre/pontes	παρεκτρέπω	parektre/pw	v-pppamv-
παρελθών	parelqw/n	παρέρχομαι	pare/rxomai	v-sapamn-
παρεργάτης	parerga/ths	παρεργάτης	parerga/ths	n-s---mn-
παρεστῶσιν	parestw=sin	παρίστημι	pari/sthmi	v-prpamd-
παρεστῶσιν	parestw=sin	παρίστημι	pari/sthmi	v-prpand-
παρεστῶσιν	parestw=sin	παρίστημι	pari/sthmi	v3prsa---
παρείς	parei/s	παρίημι	pari/hmi	v-sapamn-
παρείς	parei/s	παρίημι	pari/hmi	v-sapamv-
παρείς	parei/s	πείρω	pei/rw	v-sappmn-
παρείς	parei/s	πείρω	pei/rw	v-sappmv-
παρεῖται	parei=tai	παρέζομαι	pare/zomai	v3srie---
παρεῖται	parei=tai	παρίημι	pari/hmi	v3srie---
παρηγγύων	parhggu/wn	παρεγγυάω	pareggua/w	v3piia---
παρηγγύων	parhggu/wn	παρεγγυάω	pareggua/w	v1siia---
παρημένη	parhme/nh	παρά-ἧμαι	para/-h(=mai	v-srpmfn-
παρημένη	parhme/nh	παρά-ἧμαι	para/-h(=mai	v-srpmfv-
παρθενεύειν	parqeneu/ein	παρθενεύω	parqeneu/w	v--pna---
παρθένοις	parqe/nois	παρθένος	parqe/nos	n-p---fd-
παριέναι	parie/nai	πάρειμι2	pa/reimi2	v--pna---
παριέναι	parie/nai	παρίημι	pari/hmi	v--pna---
παροῦσιν	parou=sin	πάρειμι1	pa/reimi1	v-pppamd-
παροῦσιν	parou=sin	πάρειμι1	pa/reimi1	v-pppand-
παροῦσιν	parou=sin	παρόω	paro/w	v-pppamd-
παροῦσιν	parou=sin	παρόω	paro/w	v-pppand-
παροῦσιν	parou=sin	παρόω	paro/w	v3ppia---
παροῦσιν	parou=sin	πείρω	pei/rw	v3pasp---
παροῦσί	parou=si/	πάρειμι1	pa/reimi1	v-pppamd-
παροῦσί	parou=si/	πάρειμι1	pa/reimi1	v-pppand-
παροῦσί	parou=si/	παρόω	paro/w	v-pppamd-
παροῦσί	parou=si/	παρόω	paro/w	v-pppand-
παροῦσί	parou=si/	παρόω	paro/w	v3ppia---
παροῦσί	parou=si/	πείρω	pei/rw	v3pasp---
παρά	para/	παρά	para/	r--------
παρά	para/	πηρός	phro/s	a-p---nn-
παρά	para/	πηρός	phro/s	a-p---nv-
παρά	para/	πηρός	phro/s	a-p---na-
παρά	para/	πηρός	phro/s	a-d---fn-
παρά	para/	πηρός	phro/s	a-d---fv-
παρά	para/	πηρός	phro/s	a-d---fa-
παρά	para/	πηρός	phro/s	a-s---fn-
παρά	para/	πηρός	phro/s	a-s---fv-
παράπεισον	para/peison	παραπείθω	parapei/qw	v2sama---
παρέσχεν	pare/sxen	παρέχω	pare/xw	v3saia---
παρόν	paro/n	πάρειμι1	pa/reimi1	v-sppamv-
παρόν	paro/n	πάρειμι1	pa/reimi1	v-sppann-
παρόν	paro/n	πάρειμι1	pa/reimi1	v-sppanv-
παρόν	paro/n	πάρειμι1	pa/reimi1	v-sppana-
παρόν	paro/n	πηρός	phro/s	a-s---ma-
παρόν	paro/n	πηρός	phro/s	a-s---nn-
παρόν	paro/n	πηρός	phro/s	a-s---nv-
παρόν	paro/n	πηρός	phro/s	a-s---na-
παρόντα	paro/nta	πάρειμι1	pa/reimi1	v-sppama-
παρόντα	paro/nta	πάρειμι1	pa/reimi1	v-pppann-
παρόντα	paro/nta	πάρειμι1	pa/reimi1	v-pppanv-
παρόντα	paro/nta	πάρειμι1	pa/reimi1	v-pppana-
παρόντας	paro/ntas	πάρειμι1	pa/reimi1	v-pppama-
παρών	parw/n	πάρειμι1	pa/reimi1	v-sppamn-
παρών	parw/n	παρών	parw/n	n-s---mn-
παρών	parw/n	παρών	parw/n	n-s---mv-
παρῆν	parh=n	πάρειμι1	pa/reimi1	v1siia---
παρῆν	parh=n	πάρειμι1	pa/reimi1	v3piia---
παρῆν	parh=n	πάρειμι1	pa/reimi1	v3siia---
παρῆσθ’	parh=sq'	πάρειμι1	pa/reimi1	v2piia---
παρῆσθ’	parh=sq'	πάρειμι1	pa/reimi1	v2siia---
παρῆσθ’	parh=sq'	πάρειμι1	pa/reimi1	v2spsa---
παρῆσθ’	parh=sq'	πάρειμι1	pa/reimi1	v2ppsa---
παρῆσθ’	parh=sq'	πάρημαι	pa/rhmai	v2piim---
παρῆσθ’	parh=sq'	παρίημι	pari/hmi	v2sasa---
παρῆσθ’	parh=sq'	παρίημι	pari/hmi	v2sasa---
παρῆσθ’	parh=sq'	παρίημι	pari/hmi	v2pasa---
παρῆσθ’	parh=sq'	παρίημι	pari/hmi	v2pasa---
παρῆσθ’	parh=sq'	πείρω	pei/rw	v2sasp---
παρῆσθ’	parh=sq'	πείρω	pei/rw	v2pasp---
παρῇδος	parh=|dos	παρηίς	parhi/s	n-s---fg-
πατρί	patri/	πατήρ	path/r	n-s---md-
πατρί	patri/	πατρίς	patri/s	n-s---fv-
πατρίδα	patri/da	πατρίς	patri/s	n-s---fa-
πατρίδος	patri/dos	πατρίς	patri/s	n-s---fg-
πατρίς	patri/s	πατρίς	patri/s	n-s---fn-
πατρός	patro/s	πατήρ	path/r	n-s---mg-
πατρῴαις	patrw/|ais	πατρῷος	patrw=|os	a-p---fd-
πατρῷα	patrw=|a	πατρῷος	patrw=|os	a-p---nn-
πατρῷα	patrw=|a	πατρῷος	patrw=|os	a-p---nv-
πατρῷα	patrw=|a	πατρῷος	patrw=|os	a-p---na-
πατρῷα	patrw=|a	πατρῷος	patrw=|os	n-p---nn-
πατρῷα	patrw=|a	πατρῷος	patrw=|os	n-p---nv-
πατρῷα	patrw=|a	πατρῷος	patrw=|os	n-p---na-
πατρῷον	patrw=|on	πατρῷος	patrw=|os	a-s---ma-
πατρῷον	patrw=|on	πατρῷος	patrw=|os	a-s---nn-
πατρῷον	patrw=|on	πατρῷος	patrw=|os	a-s---nv-
πατρῷον	patrw=|on	πατρῷος	patrw=|os	a-s---na-
πατρῷον	patrw=|on	πατρῷος	patrw=|os	n-s---ma-
πατρῷον	patrw=|on	πατρῷος	patrw=|os	n-s---fa-
πατρῷον	patrw=|on	πατρῷος	patrw=|os	n-s---nn-
πατρῷον	patrw=|on	πατρῷος	patrw=|os	n-s---nv-
πατρῷον	patrw=|on	πατρῷος	patrw=|os	n-s---na-
πατρῷος	patrw=|os	πατρῷος	patrw=|os	a-s---mn-
πατρῷος	patrw=|os	πατρῷος	patrw=|os	n-s---mn-
πατρῷος	patrw=|os	πατρῷος	patrw=|os	n-s---fn-
πατέρα	pate/ra	πατήρ	path/r	n-s---ma-
πατέρων	pate/rwn	πατήρ	path/r	n-p---mg-
πατέρων	pate/rwn	πατήρ	path/r	n-p---mg-
πατήρ	path/r	πατήρ	path/r	n-s---mn-
παίδων	pai/dwn	παῖς	pai=s	n-p---mg-
παίδων	pai/dwn	παῖς	pai=s	n-p---fg-
παύσασθ’	pau/sasq'	παύω	pau/w	v2pamm---
παύσασθ’	pau/sasq'	παύω	pau/w	v--anm---
παύσασθ’	pau/sasq'	παύω	pau/w	v2paim---
παῖ	pai=	παῖς	pai=s	n-s---mv-
παῖ	pai=	παῖς	pai=s	n-s---fv-
παῖδα	pai=da	παῖς	pai=s	n-s---ma-
παῖδα	pai=da	παῖς	pai=s	n-s---fa-
παῖδας	pai=das	παῖς	pai=s	n-p---ma-
παῖδας	pai=das	παῖς	pai=s	n-p---fa-
παῖδες	pai=des	παῖς	pai=s	n-p---mn-
παῖδες	pai=des	παῖς	pai=s	n-p---mv-
παῖδες	pai=des	παῖς	pai=s	n-p---fn-
παῖδες	pai=des	παῖς	pai=s	n-p---fv-
παῖδ’	pai=d'	παῖς	pai=s	n-s---ma-
παῖδ’	pai=d'	παῖς	pai=s	n-s---fa-
παῖδ’	pai=d'	παῖς	pai=s	n-d---mn-
παῖδ’	pai=d'	παῖς	pai=s	n-d---mv-
παῖδ’	pai=d'	παῖς	pai=s	n-d---ma-
παῖδ’	pai=d'	παῖς	pai=s	n-d---fn-
παῖδ’	pai=d'	παῖς	pai=s	n-d---fv-
παῖδ’	pai=d'	παῖς	pai=s	n-d---fa-
παῖς	pai=s	πᾶς	pa=s	n-s---mn-
παῖς	pai=s	πᾶς	pa=s	n-s---mv-
παῖς	pai=s	παῖς	pai=s	n-s---mn-
παῖς	pai=s	παῖς	pai=s	n-s---fn-
παῦσαι	pau=sai	παύω	pau/w	v2samm---
παῦσαι	pau=sai	παύω	pau/w	v--ana---
πεδία	pedi/a	πεδίον	pedi/on	n-p---nn-
πεδία	pedi/a	πεδίον	pedi/on	n-p---nv-
πεδία	pedi/a	πεδίον	pedi/on	n-p---na-
πεμπέτω	pempe/tw	πέμπω	pe/mpw	v3spma---
πενίαν	peni/an	πενία	peni/a	n-s---fa-
πεπλώματ’	peplw/mat'	πέπλωμα	pe/plwma	n-p---nn-
πεπλώματ’	peplw/mat'	πέπλωμα	pe/plwma	n-p---nv-
πεπλώματ’	peplw/mat'	πέπλωμα	pe/plwma	n-p---na-
πεπλώματ’	peplw/mat'	πέπλωμα	pe/plwma	n-s---nd-
πεπλώματ’	peplw/mat'	πέπλωμα	pe/plwma	n-d---nn-
πεπλώματ’	peplw/mat'	πέπλωμα	pe/plwma	n-d---nv-
πεπλώματ’	peplw/mat'	πέπλωμα	pe/plwma	n-d---na-
πεπονθέναι	peponqe/nai	πάσχω	pa/sxw	v--rna---
πεποίκιλται	pepoi/kiltai	ποικίλλω	poiki/llw	v3srie---
πεπραγότα	peprago/ta	πράσσω	pra/ssw	v-prpann-
πεπραγότα	peprago/ta	πράσσω	pra/ssw	v-prpanv-
πεπραγότα	peprago/ta	πράσσω	pra/ssw	v-prpana-
πεπραγότα	peprago/ta	πράσσω	pra/ssw	v-srpama-
πεπόνθατ’	pepo/nqat'	πάσχω	pa/sxw	v2pria---
περαίνομεν	perai/nomen	περαίνω	perai/nw	v1ppia---
περαίνομεν	perai/nomen	περαίνω	perai/nw	v1piia---
περιβαλοῦσα	peribalou=sa	περιβάλλω	periba/llw	v-sapafn-
περιβαλοῦσα	peribalou=sa	περιβάλλω	periba/llw	v-sapafv-
περιβαλοῦσα	peribalou=sa	περιβάλλω	periba/llw	v-sfpafn-
περιβαλοῦσα	peribalou=sa	περιβάλλω	periba/llw	v-sfpafv-
περιπτυχαῖσι	periptuxai=si	περιπτυχή	periptuxh/	n-p---fd-
περισσά	perissa/	περισσός	perisso/s	a-p---nn-
περισσά	perissa/	περισσός	perisso/s	a-p---nv-
περισσά	perissa/	περισσός	perisso/s	a-p---na-
περισσά	perissa/	περισσός	perisso/s	a-d---fn-
περισσά	perissa/	περισσός	perisso/s	a-d---fv-
περισσά	perissa/	περισσός	perisso/s	a-d---fa-
περισσά	perissa/	περισσός	perisso/s	a-s---fn-
περισσά	perissa/	περισσός	perisso/s	a-s---fv-
περισσόν	perisso/n	περισσός	perisso/s	a-s---ma-
περισσόν	perisso/n	περισσός	perisso/s	a-s---nn-
περισσόν	perisso/n	περισσός	perisso/s	a-s---nv-
περισσόν	perisso/n	περισσός	perisso/s	a-s---na-
περί	peri/	περί	peri/	r--------
πεσσοῖς	pessoi=s	πεσσός	pesso/s	n-p---md-
πεφυρμένου	pefurme/nou	φύρω	fu/rw	v-srpemg-
πεφυρμένου	pefurme/nou	φύρω	fu/rw	v-srpeng-
πείθεσθαι	pei/qesqai	πείθω	pei/qw	v--pne---
πείθεσθε	pei/qesqe	πείθω	pei/qw	v2ppme---
πείθεσθε	pei/qesqe	πείθω	pei/qw	v2ppie---
πείθεσθε	pei/qesqe	πείθω	pei/qw	v2piie---
πείθων	pei/qwn	πείθω	pei/qw	v-sppamn-
πείσας	pei/sas	πείθω	pei/qw	v-sapamn-
πείσας	pei/sas	πείθω	pei/qw	v-sapamv-
πείσας	pei/sas	πεῖσα	pei=sa	n-p---fa-
πείσας	pei/sas	πεῖσα	pei=sa	n-s---fg-
πείσομαι	pei/somai	πάσχω	pa/sxw	v1sfim---
πείσομαι	pei/somai	πείθω	pei/qw	v1sasm---
πείσομαι	pei/somai	πείθω	pei/qw	v1sfim---
πεῖσαι	pei=sai	πείθω	pei/qw	v2samm---
πεῖσαι	pei=sai	πείθω	pei/qw	v--ana---
πεῖσαι	pei=sai	πεῖσα	pei=sa	n-p---fn-
πεῖσαι	pei=sai	πεῖσα	pei=sa	n-p---fv-
πηδήσασα	phdh/sasa	πηδάω	phda/w	v-sapafn-
πηδήσασα	phdh/sasa	πηδάω	phda/w	v-sapafv-
πημάτων	phma/twn	πῆμα	ph=ma	n-p---ng-
πιθέσθαι	piqe/sqai	πείθω	pei/qw	v--anm---
πικροί	pikroi/	πικρός	pikro/s	a-p---mn-
πικροί	pikroi/	πικρός	pikro/s	a-p---mv-
πικροί	pikroi/	πικρόω	pikro/w	v2spse---
πικροί	pikroi/	πικρόω	pikro/w	v2spie---
πικροί	pikroi/	πικρόω	pikro/w	v3spsa---
πικρούς	pikrou/s	πικρός	pikro/s	a-p---ma-
πικρά	pikra/	πικράς	pikra/s	n-s---fv-
πικρά	pikra/	πικρός	pikro/s	a-p---nn-
πικρά	pikra/	πικρός	pikro/s	a-p---nv-
πικρά	pikra/	πικρός	pikro/s	a-p---na-
πικρά	pikra/	πικρός	pikro/s	a-d---fn-
πικρά	pikra/	πικρός	pikro/s	a-d---fv-
πικρά	pikra/	πικρός	pikro/s	a-d---fa-
πικρά	pikra/	πικρός	pikro/s	a-s---fn-
πικρά	pikra/	πικρός	pikro/s	a-s---fv-
πικράν	pikra/n	πικρός	pikro/s	a-s---fa-
πικρόν	pikro/n	πικρός	pikro/s	a-s---ma-
πικρόν	pikro/n	πικρός	pikro/s	a-s---nn-
πικρόν	pikro/n	πικρός	pikro/s	a-s---nv-
πικρόν	pikro/n	πικρός	pikro/s	a-s---na-
πικρῶς	pikrw=s	πικρός	pikro/s	x--------
πικρῶς	pikrw=s	πικρόω	pikro/w	v2spia---
πιτνόντων	pitno/ntwn	πίπτω	pi/ptw	v-pppamg-
πιτνόντων	pitno/ntwn	πίπτω	pi/ptw	v-pppang-
πιτνόντων	pitno/ntwn	πίπτω	pi/ptw	v3ppma---
πιέζειν	pie/zein	πιέζω	pie/zw	v--pna---
πλαγκτά	plagkta/	πλαγκτός	plagkto/s	a-p---nn-
πλαγκτά	plagkta/	πλαγκτός	plagkto/s	a-p---nv-
πλαγκτά	plagkta/	πλαγκτός	plagkto/s	a-p---na-
πλαγκτά	plagkta/	πλαγκτός	plagkto/s	a-d---fn-
πλαγκτά	plagkta/	πλαγκτός	plagkto/s	a-d---fv-
πλαγκτά	plagkta/	πλαγκτός	plagkto/s	a-d---fa-
πλαγκτά	plagkta/	πλαγκτός	plagkto/s	a-s---fn-
πλαγκτά	plagkta/	πλαγκτός	plagkto/s	a-s---fv-
πλαγκτά	plagkta/	πλαγκτός	plagkto/s	n-p---nn-
πλαγκτά	plagkta/	πλαγκτός	plagkto/s	n-p---nv-
πλαγκτά	plagkta/	πλαγκτός	plagkto/s	n-p---na-
πλειόνων	pleio/nwn	πλείων	plei/wn	a-p----g-
πλειόνων	pleio/nwn	πλείων	plei/wn	a-p---ng-
πλείον’	plei/on'	πλείων	plei/wn	a-p---nn-
πλείον’	plei/on'	πλείων	plei/wn	a-p---nv-
πλείον’	plei/on'	πλείων	plei/wn	a-p---na-
πλείον’	plei/on'	πλείων	plei/wn	a-s---ma-
πλείον’	plei/on'	πλείων	plei/wn	a-s---fa-
πλείον’	plei/on'	πλείων	plei/wn	a-p---nn-
πλείον’	plei/on'	πλείων	plei/wn	a-s----d-
πλείον’	plei/on'	πλείων	plei/wn	a-s---nd-
πλείον’	plei/on'	πλείων	plei/wn	a-d----n-
πλείον’	plei/on'	πλείων	plei/wn	a-d----v-
πλείον’	plei/on'	πλείων	plei/wn	a-d----a-
πλείον’	plei/on'	πλείων	plei/wn	a-d---nn-
πλείον’	plei/on'	πλείων	plei/wn	a-d---nv-
πλείον’	plei/on'	πλείων	plei/wn	a-d---na-
πλείστας	plei/stas	πλεῖστος	plei=stos	a-p---fa-
πλείστας	plei/stas	πλεῖστος	plei=stos	a-s---fg-
πλείω	plei/w	πλέω	ple/w	v1spsa---
πλείω	plei/w	πλέω	ple/w	v1spia---
πλείω	plei/w	πλέως	ple/ws	a-d---mn-
πλείω	plei/w	πλέως	ple/ws	a-d---mv-
πλείω	plei/w	πλέως	ple/ws	a-d---ma-
πλείω	plei/w	πλέως	ple/ws	a-d---nn-
πλείω	plei/w	πλέως	ple/ws	a-d---nv-
πλείω	plei/w	πλέως	ple/ws	a-d---na-
πλείω	plei/w	πλέως	ple/ws	a-s---mg-
πλείω	plei/w	πλέως	ple/ws	a-s---ng-
πλείω	plei/w	πλείων	plei/wn	a-p---na-
πλείω	plei/w	πλείων	plei/wn	a-p---nn-
πλείω	plei/w	πλείων	plei/wn	a-s---ma-
πλείω	plei/w	πλείων	plei/wn	a-s---fa-
πλεῖστον	plei=ston	πλεῖστος	plei=stos	a-s---ma-
πλεῖστον	plei=ston	πλεῖστος	plei=stos	a-s---nn-
πλεῖστον	plei=ston	πλεῖστος	plei=stos	a-s---nv-
πλεῖστον	plei=ston	πλεῖστος	plei=stos	a-s---na-
πληγέντα	plhge/nta	πλήσσω	plh/ssw	v-pappnn-
πληγέντα	plhge/nta	πλήσσω	plh/ssw	v-pappnv-
πληγέντα	plhge/nta	πλήσσω	plh/ssw	v-pappna-
πληγέντα	plhge/nta	πλήσσω	plh/ssw	v-sappma-
πληγέντα	plhge/nta	πλήσσω	plh/ssw	v-pappnn-
πληγέντα	plhge/nta	πλήσσω	plh/ssw	v-pappnv-
πληγέντα	plhge/nta	πλήσσω	plh/ssw	v-pappna-
πληγέντα	plhge/nta	πλήσσω	plh/ssw	v-sappma-
πλουσίους	plousi/ous	πλούσιος	plou/sios	a-p---ma-
πλούσιον	plou/sion	πλούσιος	plou/sios	a-s---ma-
πλούσιον	plou/sion	πλούσιος	plou/sios	a-s---nn-
πλούσιον	plou/sion	πλούσιος	plou/sios	a-s---nv-
πλούσιον	plou/sion	πλούσιος	plou/sios	a-s---na-
πλούσιός	plou/sio/s	πλούσιος	plou/sios	a-s---mn-
πλούτῳ	plou/tw|	πλοῦτοσ1	plou=tos1	n-s---md-
πλοῦτον	plou=ton	πλοῦτοσ1	plou=tos1	n-s---ma-
πλέον	ple/on	πλέος	ple/os	n-s---ma-
πλέον	ple/on	πλέος	ple/os	n-s---nn-
πλέον	ple/on	πλέος	ple/os	n-s---nv-
πλέον	ple/on	πλέος	ple/os	n-s---na-
πλέον	ple/on	πλέω	ple/w	v-sppamv-
πλέον	ple/on	πλέω	ple/w	v-sppann-
πλέον	ple/on	πλέω	ple/w	v-sppanv-
πλέον	ple/on	πλέω	ple/w	v-sppana-
πλέον	ple/on	πλέω	ple/w	v3piia---
πλέον	ple/on	πλέω	ple/w	v1siia---
πλέον	ple/on	πλέως	ple/ws	a-s---ma-
πλέον	ple/on	πλέως	ple/ws	a-s---nn-
πλέον	ple/on	πλέως	ple/ws	a-s---nv-
πλέον	ple/on	πλέως	ple/ws	a-s---na-
πλέον	ple/on	πλείων	plei/wn	a-s---mv-
πλέον	ple/on	πλείων	plei/wn	a-s---fv-
πλέον	ple/on	πλείων	plei/wn	a-s---nn-
πλέον	ple/on	πλείων	plei/wn	a-s---nv-
πλέον	ple/on	πλείων	plei/wn	a-s---na-
πλήν	plh/n	πλήν	plh/n	r--------
πλῆθος	plh=qos	πλῆθος	plh=qos	n-s---nn-
πλῆθος	plh=qos	πλῆθος	plh=qos	n-s---nv-
πλῆθος	plh=qos	πλῆθος	plh=qos	n-s---na-
πνευμάτων	pneuma/twn	πνεῦμα	pneu=ma	n-p---ng-
πνευμάτων	pneuma/twn	πνευματόω	pneumato/w	v3piia---
πνευμάτων	pneuma/twn	πνευματόω	pneumato/w	v1siia---
πνεῦμα	pneu=ma	πνεῦμα	pneu=ma	n-s---nn-
πνεῦμα	pneu=ma	πνεῦμα	pneu=ma	n-s---nv-
πνεῦμα	pneu=ma	πνεῦμα	pneu=ma	n-s---na-
ποδί	podi/	ποδίς	podi/s	n-s---fv-
ποδί	podi/	πούς	pou/s	n-s---md-
ποδός	podo/s	πούς	pou/s	n-s---mg-
ποιησαμένα	poihsame/na	ποιέω	poie/w	v-dapmfn-
ποιησαμένα	poihsame/na	ποιέω	poie/w	v-dapmfv-
ποιησαμένα	poihsame/na	ποιέω	poie/w	v-dapmfa-
ποιησαμένα	poihsame/na	ποιέω	poie/w	v-sapmfn-
ποιησαμένα	poihsame/na	ποιέω	poie/w	v-sapmfv-
ποιμένες	poime/nes	ποιμήν	poimh/n	n-p---mn-
ποιμένες	poime/nes	ποιμήν	poimh/n	n-p---mv-
ποιμέν’	poime/n'	ποιμήν	poimh/n	n-s---ma-
ποιμέν’	poime/n'	ποιμήν	poimh/n	n-s---md-
ποιμέν’	poime/n'	ποιμήν	poimh/n	n-d---mn-
ποιμέν’	poime/n'	ποιμήν	poimh/n	n-d---mv-
ποιμέν’	poime/n'	ποιμήν	poimh/n	n-d---ma-
ποιουμένου	poioume/nou	ποιέω	poie/w	v-sppemg-
ποιουμένου	poioume/nou	ποιέω	poie/w	v-sppeng-
ποιουμένου	poioume/nou	ποιόω	poio/w	v-sppemg-
ποιουμένου	poioume/nou	ποιόω	poio/w	v-sppeng-
πολεμίοις	polemi/ois	πολέμιος	pole/mios	a-p---md-
πολεμίοις	polemi/ois	πολέμιος	pole/mios	a-p---nd-
πολεμίοις	polemi/ois	πολέμιος	pole/mios	n-p---md-
πολεμίοις	polemi/ois	πολέμιος	pole/mios	n-p---fd-
πολεμίοις	polemi/ois	πολέμιος	pole/mios	n-p---nd-
πολεμίοις	polemi/ois	πολεμέω	poleme/w	v2spoa---
πολεμίους	polemi/ous	πολέμιος	pole/mios	a-p---ma-
πολεμίους	polemi/ous	πολέμιος	pole/mios	n-p---ma-
πολεμίους	polemi/ous	πολέμιος	pole/mios	n-p---fa-
πολεμίων	polemi/wn	πολέμιος	pole/mios	a-p---fg-
πολεμίων	polemi/wn	πολέμιος	pole/mios	a-p---mg-
πολεμίων	polemi/wn	πολέμιος	pole/mios	a-p---ng-
πολεμίων	polemi/wn	πολέμιος	pole/mios	n-p---mg-
πολεμίων	polemi/wn	πολέμιος	pole/mios	n-p---fg-
πολεμίων	polemi/wn	πολέμιος	pole/mios	n-p---ng-
πολεμίων	polemi/wn	πολεμέω	poleme/w	v-sppamn-
πολιτῶν	politw=n	πολίτης	poli/ths	n-p---mg-
πολιάς	polia/s	πολιά	polia/	n-p---fa-
πολιάς	polia/s	πολιάς	polia/s	n-s---fn-
πολιάς	polia/s	πολιός	polio/s	a-p---fa-
πολιόν	polio/n	πολιός	polio/s	a-s---ma-
πολιόν	polio/n	πολιός	polio/s	a-s---nn-
πολιόν	polio/n	πολιός	polio/s	a-s---nv-
πολιόν	polio/n	πολιός	polio/s	a-s---na-
πολιόν	polio/n	πολιός	polio/s	n-s---ma-
πολιόν	polio/n	πολιός	polio/s	n-s---fa-
πολιόν	polio/n	πολιός	polio/s	n-s---nn-
πολιόν	polio/n	πολιός	polio/s	n-s---nv-
πολιόν	polio/n	πολιός	polio/s	n-s---na-
πολιός	polio/s	πολιός	polio/s	a-s---mn-
πολιός	polio/s	πολιός	polio/s	n-s---mn-
πολιός	polio/s	πολιός	polio/s	n-s---fn-
πολιᾶν	polia=n	πολιά	polia/	n-p---fg-
πολιᾶν	polia=n	πολιάζω	polia/zw	v-sfpamv-
πολιᾶν	polia=n	πολιάζω	polia/zw	v-sfpann-
πολιᾶν	polia=n	πολιάζω	polia/zw	v-sfpanv-
πολιᾶν	polia=n	πολιάζω	polia/zw	v-sfpana-
πολιᾶν	polia=n	πολιάζω	polia/zw	v-sfpamn-
πολιᾶν	polia=n	πολιάζω	polia/zw	v--fna---
πολιᾶν	polia=n	πολιός	polio/s	a-p---mg-
πολιᾶν	polia=n	πολιός	polio/s	a-p---fg-
πολλαί	pollai/	πολύς	polu/s	a-p---fn-
πολλαί	pollai/	πολύς	polu/s	a-p---fv-
πολλοί	polloi/	πολύς	polu/s	a-p---mn-
πολλοί	polloi/	πολύς	polu/s	a-p---mv-
πολλούς	pollou/s	πολύς	polu/s	a-p---ma-
πολλοῖς	polloi=s	πολύς	polu/s	a-p---md-
πολλοῖς	polloi=s	πολύς	polu/s	a-p---nd-
πολλοῦ	pollou=	πολύς	polu/s	a-s---mg-
πολλοῦ	pollou=	πολύς	polu/s	a-s---ng-
πολλά	polla/	πολύς	polu/s	a-d---fn-
πολλά	polla/	πολύς	polu/s	a-d---fv-
πολλά	polla/	πολύς	polu/s	a-d---fa-
πολλά	polla/	πολύς	polu/s	a-s---fn-
πολλά	polla/	πολύς	polu/s	a-s---fv-
πολλά	polla/	πολύς	polu/s	a-p---nn-
πολλά	polla/	πολύς	polu/s	a-p---nv-
πολλά	polla/	πολύς	polu/s	a-p---na-
πολλάκις	polla/kis	πολλάκις	polla/kis	d--------
πολλάς	polla/s	πολύς	polu/s	a-p---fa-
πολλή	pollh/	πολύς	polu/s	a-s---fn-
πολλή	pollh/	πολύς	polu/s	a-s---fv-
πολλήν	pollh/n	πολύς	polu/s	a-s---fa-
πολλῇ	pollh=|	πολύς	polu/s	a-s---fd-
πολλῶν	pollw=n	πολύς	polu/s	a-p---fg-
πολλῶν	pollw=n	πολύς	polu/s	a-p---mg-
πολλῶν	pollw=n	πολύς	polu/s	a-p---ng-
πολέμιον	pole/mion	πολέμιος	pole/mios	a-s---ma-
πολέμιον	pole/mion	πολέμιος	pole/mios	a-s---nn-
πολέμιον	pole/mion	πολέμιος	pole/mios	a-s---nv-
πολέμιον	pole/mion	πολέμιος	pole/mios	a-s---na-
πολέμιον	pole/mion	πολέμιος	pole/mios	n-s---ma-
πολέμιον	pole/mion	πολέμιος	pole/mios	n-s---fa-
πολέμιον	pole/mion	πολέμιος	pole/mios	n-s---nn-
πολέμιον	pole/mion	πολέμιος	pole/mios	n-s---nv-
πολέμιον	pole/mion	πολέμιος	pole/mios	n-s---na-
πολέμιον	pole/mion	πολεμέω	poleme/w	v3piia---
πολέμιον	pole/mion	πολεμέω	poleme/w	v1siia---
πολέμου	pole/mou	πόλεμος	po/lemos	n-s---mg-
πολέμου	pole/mou	πολεμόω	polemo/w	v2spma---
πολέμου	pole/mou	πολεμόω	polemo/w	v3siia---
πολέμους	pole/mous	πόλεμος	po/lemos	n-p---ma-
πολέμους	pole/mous	πολεμόω	polemo/w	v2siia---
πολίτας	poli/tas	πολίτης	poli/ths	n-p---ma-
πολίτας	poli/tas	πολίτης	poli/ths	n-s---mn-
πολύπονος	polu/ponos	πολύπονος	polu/ponos	n-s---mn-
πολύπονος	polu/ponos	πολύπονος	polu/ponos	n-s---fn-
πολύς	polu/s	πολύς	polu/s	n-s---mn-
πολύστονος	polu/stonos	πολύστονος	polu/stonos	n-s---mn-
πολύστονος	polu/stonos	πολύστονος	polu/stonos	n-s---fn-
πονηρούς	ponhrou/s	πονηρός	ponhro/s	a-p---ma-
πονηρός	ponhro/s	πονηρός	ponhro/s	a-s---mn-
πονηρῶν	ponhrw=n	πονηρός	ponhro/s	a-p---fg-
πονηρῶν	ponhrw=n	πονηρός	ponhro/s	a-p---mg-
πονηρῶν	ponhrw=n	πονηρός	ponhro/s	a-p---ng-
πονοῦσα	ponou=sa	πονέω	pone/w	v-sppafn-
πονοῦσα	ponou=sa	πονέω	pone/w	v-sppafv-
πορεύσετε	poreu/sete	πορεύω	poreu/w	v2pasa---
πορεύσετε	poreu/sete	πορεύω	poreu/w	v2pfia---
πορθήσεθ’	porqh/seq'	πορθέω	porqe/w	v2pasa---
πορθήσεθ’	porqh/seq'	πορθέω	porqe/w	v2pfia---
πορθήσεθ’	porqh/seq'	πορθέω	porqe/w	v3sasm---
πορθήσεθ’	porqh/seq'	πορθέω	porqe/w	v3sfim---
πορσύνων	porsu/nwn	πορσύνω	porsu/nw	v-sppamn-
ποτανοί	potanoi/	ποτανός	potano/s	a-p---mn-
ποτανοί	potanoi/	ποτανός	potano/s	a-p---mv-
ποτανάν	potana/n	ποτανός	potano/s	a-s---fa-
ποτε	pote	ποτέ	pote/	g--------
ποτοῖσι	potoi=si	ποτόν	poto/n	n-p---nd-
ποτοῖσι	potoi=si	ποτός	poto/s	a-p---md-
ποτοῖσι	potoi=si	ποτός	poto/s	a-p---nd-
ποτοῖσι	potoi=si	πρόσειμι1	pro/seimi1	v-pppamd-
ποτοῖσι	potoi=si	πρόσειμι1	pro/seimi1	v-pppand-
που	pou	πού	pou/	d--------
πού	pou/	πού	pou/	d--------
ποῦ	pou=	πού	pou/	d--------
ποῦ	pou=	ποῦ	pou=	x--------
πρεσβεύματ’	presbeu/mat'	πρέσβευμα	pre/sbeuma	n-p---nn-
πρεσβεύματ’	presbeu/mat'	πρέσβευμα	pre/sbeuma	n-p---nv-
πρεσβεύματ’	presbeu/mat'	πρέσβευμα	pre/sbeuma	n-p---na-
πρεσβεύματ’	presbeu/mat'	πρέσβευμα	pre/sbeuma	n-s---nd-
πρεσβεύματ’	presbeu/mat'	πρέσβευμα	pre/sbeuma	n-d---nn-
πρεσβεύματ’	presbeu/mat'	πρέσβευμα	pre/sbeuma	n-d---nv-
πρεσβεύματ’	presbeu/mat'	πρέσβευμα	pre/sbeuma	n-d---na-
προβλήματ’	problh/mat'	πρόβλημα	pro/blhma	n-p---nn-
προβλήματ’	problh/mat'	πρόβλημα	pro/blhma	n-p---nv-
προβλήματ’	problh/mat'	πρόβλημα	pro/blhma	n-p---na-
προβλήματ’	problh/mat'	πρόβλημα	pro/blhma	n-s---nd-
προβλήματ’	problh/mat'	πρόβλημα	pro/blhma	n-d---nn-
προβλήματ’	problh/mat'	πρόβλημα	pro/blhma	n-d---nv-
προβλήματ’	problh/mat'	πρόβλημα	pro/blhma	n-d---na-
προδοῦσα	prodou=sa	προδίδωμι	prodi/dwmi	v-sapafn-
προδοῦσα	prodou=sa	προδίδωμι	prodi/dwmi	v-sapafv-
προδοῦσα	prodou=sa	προδίδωμι	prodi/dwmi	v-sapafn-
προδοῦσα	prodou=sa	προδίδωμι	prodi/dwmi	v-sapafv-
προδώσεις	prodw/seis	προδίδωμι	prodi/dwmi	v2sfia---
προθύουσ’	proqu/ous'	προθύω	proqu/w	v-sppafn-
προθύουσ’	proqu/ous'	προθύω	proqu/w	v-sppafv-
προθύουσ’	proqu/ous'	προθύω	proqu/w	v-pppamd-
προθύουσ’	proqu/ous'	προθύω	proqu/w	v-pppand-
προθύουσ’	proqu/ous'	προθύω	proqu/w	v3ppia---
προθύουσ’	proqu/ous'	προθύω	proqu/w	v-pppafn-
προθύουσ’	proqu/ous'	προθύω	proqu/w	v-pppafv-
προμεμοχθήκασι	promemoxqh/kasi	προμοχθέω	promoxqe/w	v3pria---
προμηθία	promhqi/a	προμήθεια	promh/qeia	n-d---fn-
προμηθία	promhqi/a	προμήθεια	promh/qeia	n-d---fv-
προμηθία	promhqi/a	προμήθεια	promh/qeia	n-d---fa-
προμηθία	promhqi/a	προμήθεια	promh/qeia	n-s---fn-
προμηθία	promhqi/a	προμήθεια	promh/qeia	n-s---fv-
προπίπτουσα	propi/ptousa	προπίτνω	propi/tnw	v-sppafn-
προπίπτουσα	propi/ptousa	προπίτνω	propi/tnw	v-sppafv-
προσαιτοῦσ’	prosaitou=s'	προσαιτέω	prosaite/w	v-sppafn-
προσαιτοῦσ’	prosaitou=s'	προσαιτέω	prosaite/w	v-sppafv-
προσαιτοῦσ’	prosaitou=s'	προσαιτέω	prosaite/w	v-sppafn-
προσαιτοῦσ’	prosaitou=s'	προσαιτέω	prosaite/w	v-sppafv-
προσαιτοῦσ’	prosaitou=s'	προσαιτέω	prosaite/w	v-pppamd-
προσαιτοῦσ’	prosaitou=s'	προσαιτέω	prosaite/w	v-pppand-
προσαιτοῦσ’	prosaitou=s'	προσαιτέω	prosaite/w	v3ppia---
προσαιτοῦσ’	prosaitou=s'	προσαιτέω	prosaite/w	v-pppamd-
προσαιτοῦσ’	prosaitou=s'	προσαιτέω	prosaite/w	v-pppand-
προσαιτοῦσ’	prosaitou=s'	προσαιτέω	prosaite/w	v3ppia---
προσαιτοῦσ’	prosaitou=s'	προσαιτέω	prosaite/w	v-pppafn-
προσαιτοῦσ’	prosaitou=s'	προσαιτέω	prosaite/w	v-pppafv-
προσαιτοῦσ’	prosaitou=s'	προσαιτέω	prosaite/w	v-pppafn-
προσαιτοῦσ’	prosaitou=s'	προσαιτέω	prosaite/w	v-pppafv-
προσαντέλλουσαν	prosante/llousan	πρός	pro/s	v3paia---
προσαρμόσασ’	prosarmo/sas'	προσαρμόζω	prosarmo/zw	v-sapafn-
προσαρμόσασ’	prosarmo/sas'	προσαρμόζω	prosarmo/zw	v-sapafv-
προσαρμόσασ’	prosarmo/sas'	προσαρμόζω	prosarmo/zw	v-papamd-
προσαρμόσασ’	prosarmo/sas'	προσαρμόζω	prosarmo/zw	v-papand-
προσαρμόσασ’	prosarmo/sas'	προσαρμόζω	prosarmo/zw	v-papafn-
προσαρμόσασ’	prosarmo/sas'	προσαρμόζω	prosarmo/zw	v-papafv-
προσαυδῶ	prosaudw=	προσαυδάω	prosauda/w	v2spme---
προσαυδῶ	prosaudw=	προσαυδάω	prosauda/w	v1spsa---
προσαυδῶ	prosaudw=	προσαυδάω	prosauda/w	v1spia---
προσαυδῶ	prosaudw=	προσαυδάω	prosauda/w	v1spsa---
προσαυδῶ	prosaudw=	προσαυδάω	prosauda/w	v1spia---
προσαυδῶ	prosaudw=	προσαυδάω	prosauda/w	v2siie---
προσαυδῶ	prosaudw=	προσαυδάω	prosauda/w	v2spme---
προσαυδῶ	prosaudw=	προσαυδάω	prosauda/w	v1spsa---
προσαυδῶ	prosaudw=	προσαυδάω	prosauda/w	v1spia---
προσαυδῶ	prosaudw=	προσαυδάω	prosauda/w	v1spsa---
προσαυδῶ	prosaudw=	προσαυδάω	prosauda/w	v1spia---
προσαυδῶ	prosaudw=	προσαυδάω	prosauda/w	v2siie---
προσαυδῶ	prosaudw=	προσαυδάω	prosauda/w	v2siie---
προσαυδῶν	prosaudw=n	προσαυδάω	prosauda/w	v-sppamv-
προσαυδῶν	prosaudw=n	προσαυδάω	prosauda/w	v-sppann-
προσαυδῶν	prosaudw=n	προσαυδάω	prosauda/w	v-sppanv-
προσαυδῶν	prosaudw=n	προσαυδάω	prosauda/w	v-sppana-
προσαυδῶν	prosaudw=n	προσαυδάω	prosauda/w	v-sppamn-
προσαυδῶν	prosaudw=n	προσαυδάω	prosauda/w	v-sppamn-
προσαυδῶν	prosaudw=n	προσαυδάω	prosauda/w	v-sppamv-
προσαυδῶν	prosaudw=n	προσαυδάω	prosauda/w	v-sppann-
προσαυδῶν	prosaudw=n	προσαυδάω	prosauda/w	v-sppanv-
προσαυδῶν	prosaudw=n	προσαυδάω	prosauda/w	v-sppana-
προσαυδῶν	prosaudw=n	προσαυδάω	prosauda/w	v-sppamn-
προσαυδῶν	prosaudw=n	προσαυδάω	prosauda/w	v-sppamn-
προσβαλών	prosbalw/n	προσβάλλω	prosba/llw	v-sapamn-
προσβολαί	prosbolai/	προσβολή	prosbolh/	n-p---fn-
προσβολαί	prosbolai/	προσβολή	prosbolh/	n-p---fv-
προσδοκῶ	prosdokw=	προσδοκάω	prosdoka/w	v2spme---
προσδοκῶ	prosdokw=	προσδοκάω	prosdoka/w	v1spsa---
προσδοκῶ	prosdokw=	προσδοκάω	prosdoka/w	v1spia---
προσδοκῶ	prosdokw=	προσδοκάω	prosdoka/w	v1spsa---
προσδοκῶ	prosdokw=	προσδοκάω	prosdoka/w	v1spia---
προσδοκῶ	prosdokw=	προσδοκάω	prosdoka/w	v2spme---
προσδοκῶ	prosdokw=	προσδοκάω	prosdoka/w	v1spsa---
προσδοκῶ	prosdokw=	προσδοκάω	prosdoka/w	v1spia---
προσδοκῶ	prosdokw=	προσδοκάω	prosdoka/w	v1spsa---
προσδοκῶ	prosdokw=	προσδοκάω	prosdoka/w	v1spia---
προσδοκῶ	prosdokw=	προσδοκάω	prosdoka/w	v2siie---
προσδοκῶ	prosdokw=	προσδοκάω	prosdoka/w	v2siie---
προσδοκῶ	prosdokw=	προσδοκέω	prosdoke/w	v1spsa---
προσδοκῶ	prosdokw=	προσδοκέω	prosdoke/w	v1spia---
προσδοκῶ	prosdokw=	προσδοκέω	prosdoke/w	v1spsa---
προσδοκῶ	prosdokw=	προσδοκέω	prosdoke/w	v1spia---
προσδούς	prosdou/s	προσδίδωμι	prosdi/dwmi	v-sapamn-
προσδούς	prosdou/s	προσδίδωμι	prosdi/dwmi	v-sapamv-
προσδούς	prosdou/s	προσδίδωμι	prosdi/dwmi	v-sapamn-
προσδούς	prosdou/s	προσδίδωμι	prosdi/dwmi	v-sapamv-
προσηγόρημα	proshgo/rhma	προσηγόρημα	proshgo/rhma	n-s---nn-
προσηγόρημα	proshgo/rhma	προσηγόρημα	proshgo/rhma	n-s---nv-
προσηγόρημα	proshgo/rhma	προσηγόρημα	proshgo/rhma	n-s---na-
προσημαίνουσιν	proshmai/nousin	προσημαίνω	proshmai/nw	v-pppamd-
προσημαίνουσιν	proshmai/nousin	προσημαίνω	proshmai/nw	v-pppand-
προσημαίνουσιν	proshmai/nousin	προσημαίνω	proshmai/nw	v3ppia---
προσθεῖναι	prosqei=nai	προστίθημι	prosti/qhmi	v--ana---
προσθῶμεν	prosqw=men	προσθέω	prosqe/w	v1ppsa---
προσθῶμεν	prosqw=men	προσθέω	prosqe/w	v1ppsa---
προσθῶμεν	prosqw=men	προστίθημι	prosti/qhmi	v1pasa---
προσπίτνουσ’	prospi/tnous'	προσπίτνω	prospi/tnw	v-sppafn-
προσπίτνουσ’	prospi/tnous'	προσπίτνω	prospi/tnw	v-sppafv-
προσπίτνουσ’	prospi/tnous'	προσπίτνω	prospi/tnw	v-pppamd-
προσπίτνουσ’	prospi/tnous'	προσπίτνω	prospi/tnw	v-pppand-
προσπίτνουσ’	prospi/tnous'	προσπίτνω	prospi/tnw	v3ppia---
προσπίτνουσ’	prospi/tnous'	προσπίτνω	prospi/tnw	v-pppafn-
προσπίτνουσ’	prospi/tnous'	προσπίτνω	prospi/tnw	v-pppafv-
προσπόλων	prospo/lwn	πρόσπολος	pro/spolos	n-p---mg-
προστατῶν	prostatw=n	προστάτης	prosta/ths	n-p---mg-
προστατῶν	prostatw=n	προστατέω	prostate/w	v-sppamn-
προστατῶν	prostatw=n	προστατέω	prostate/w	v-sppamn-
προστιθείς	prostiqei/s	προστίθημι	prosti/qhmi	v-sppamn-
προστιθείς	prostiqei/s	προστίθημι	prosti/qhmi	v-sppamv-
προστάσσεις	prosta/sseis	προσστάζω	prossta/zw	v2sasa---
προστάσσεις	prosta/sseis	προσστάζω	prossta/zw	v2sfia---
προστάσσεις	prosta/sseis	προστάσσω	prosta/ssw	v2spia---
προστάσσεις	prosta/sseis	προστάσσω	prosta/ssw	v2spia---
προστάσσω	prosta/ssw	προσστάζω	prossta/zw	v1sasa---
προστάσσω	prosta/ssw	προσστάζω	prossta/zw	v1sfia---
προστάσσω	prosta/ssw	προσστάζω	prossta/zw	v2saim---
προστάσσω	prosta/ssw	προστάσσω	prosta/ssw	v1spsa---
προστάσσω	prosta/ssw	προστάσσω	prosta/ssw	v1spia---
προστάσσω	prosta/ssw	προστάσσω	prosta/ssw	v1spsa---
προστάσσω	prosta/ssw	προστάσσω	prosta/ssw	v1spia---
προσφθέγξαιτ’	prosfqe/gcait'	προσφθέγγομαι	prosfqe/ggomai	v3saom---
προσφιλεστάτη	prosfilesta/th	προσφιλής	prosfilh/s	a-s---fns
προσφιλεστάτη	prosfilesta/th	προσφιλής	prosfilh/s	a-s---fvs
προσφέρεις	prosfe/reis	προσφέρω	prosfe/rw	v2spia---
προσφέρων	prosfe/rwn	προσφέρω	prosfe/rw	v-sppamn-
προσωφελήσων	proswfelh/swn	προσωφελέω	proswfele/w	v-sfpamn-
προσωφελήσων	proswfelh/swn	προσωφελέω	proswfele/w	v-sfpamn-
προσωφελήσων	proswfelh/swn	προσωφελέω	proswfele/w	v-stiamn-
προσάγετε	prosa/gete	προσάγω	prosa/gw	v2piia---
προσάγετε	prosa/gete	προσάγω	prosa/gw	v2ppma---
προσάγετε	prosa/gete	προσάγω	prosa/gw	v2ppia---
προσάγετε	prosa/gete	προσάγω	prosa/gw	v2piia---
προσάξεσθε	prosa/cesqe	προσάγω	prosa/gw	v2paim---
προσάξεσθε	prosa/cesqe	προσάγω	prosa/gw	v2pfim---
προσάξεσθε	prosa/cesqe	προσάγω	prosa/gw	v2paim---
προσάξεσθε	prosa/cesqe	προσάσσω	prosa/ssw	v2pfim---
προσάψας	prosa/yas	προσάπτω	prosa/ptw	v-sapamn-
προσάψας	prosa/yas	προσάπτω	prosa/ptw	v-sapamv-
προσήγετ’	prosh/get'	προσάγω	prosa/gw	v3siie---
προσήγετ’	prosh/get'	προσάγω	prosa/gw	v2piia---
προσήκοντ’	prosh/kont'	προσήκω	prosh/kw	v-pppann-
προσήκοντ’	prosh/kont'	προσήκω	prosh/kw	v-pppanv-
προσήκοντ’	prosh/kont'	προσήκω	prosh/kw	v-pppana-
προσήκοντ’	prosh/kont'	προσήκω	prosh/kw	v-sppama-
προσήκοντ’	prosh/kont'	προσήκω	prosh/kw	v-sppamd-
προσήκοντ’	prosh/kont'	προσήκω	prosh/kw	v-sppand-
προσήκοντ’	prosh/kont'	προσήκω	prosh/kw	v3ppia---
προσήκοντ’	prosh/kont'	προσήκω	prosh/kw	v3piie---
προσήκοντ’	prosh/kont'	προσήκω	prosh/kw	v-dppamn-
προσήκοντ’	prosh/kont'	προσήκω	prosh/kw	v-dppamv-
προσήκοντ’	prosh/kont'	προσήκω	prosh/kw	v-dppama-
προσήκοντ’	prosh/kont'	προσήκω	prosh/kw	v-dppann-
προσήκοντ’	prosh/kont'	προσήκω	prosh/kw	v-dppanv-
προσήκοντ’	prosh/kont'	προσήκω	prosh/kw	v-dppana-
προσήκοντ’	prosh/kont'	προσήκω	prosh/kw	v3ppie---
προσήκοντ’	prosh/kont'	προσήκω	prosh/kw	v3piie---
προσώπων	prosw/pwn	πρόσωπον	pro/swpon	n-p---ng-
προύθηκας	prou/qhkas	προτίθημι	proti/qhmi	v2saia---
πράγμαθ’	pra/gmaq'	πρᾶγμα	pra=gma	n-p---nn-
πράγμαθ’	pra/gmaq'	πρᾶγμα	pra=gma	n-p---nv-
πράγμαθ’	pra/gmaq'	πρᾶγμα	pra=gma	n-p---na-
πράγμαθ’	pra/gmaq'	πρᾶγμα	pra=gma	n-s---nd-
πράγμαθ’	pra/gmaq'	πρᾶγμα	pra=gma	n-d---nn-
πράγμαθ’	pra/gmaq'	πρᾶγμα	pra=gma	n-d---nv-
πράγμαθ’	pra/gmaq'	πρᾶγμα	pra=gma	n-d---na-
πράγμασιν	pra/gmasin	πρᾶγμα	pra=gma	n-p---nd-
πράγματα	pra/gmata	πρᾶγμα	pra=gma	n-p---nn-
πράγματα	pra/gmata	πρᾶγμα	pra=gma	n-p---nv-
πράγματα	pra/gmata	πρᾶγμα	pra=gma	n-p---na-
πράξας	pra/cas	πράσσω	pra/ssw	v-sapamn-
πράξας	pra/cas	πράσσω	pra/ssw	v-sapamv-
πράξας	pra/cas	πράσσω	pra/ssw	v-sapamn-
πράξας	pra/cas	πράσσω	pra/ssw	v-sapamv-
πράξας	pra/cas	πράσσω	pra/ssw	v2saia---
πράξοντες	pra/contes	πράσσω	pra/ssw	v-pfpamn-
πράξοντες	pra/contes	πράσσω	pra/ssw	v-pfpamv-
πράσσειν	pra/ssein	πράσσω	pra/ssw	v--pna---
πράσσοι	pra/ssoi	πράσσω	pra/ssw	v3spoa---
πράσσουσαι	pra/ssousai	πράσσω	pra/ssw	v-pppafn-
πράσσουσαι	pra/ssousai	πράσσω	pra/ssw	v-pppafv-
πράσσων	pra/sswn	πράσσω	pra/ssw	v-sppamn-
πρέπεις	pre/peis	πρέπω	pre/pw	v2spia---
πρίν	pri/n	πρίν	pri/n	d--------
πρό	pro/	πρό	pro/	r--------
πρός	pro/s	πρός	pro/s	r--------
πρόσθε	pro/sqe	πρόσθεν	pro/sqen	d--------
πρόσθεν	pro/sqen	πρόσθεν	pro/sqen	d--------
πρόσθ’	pro/sq'	πρόσθεν	pro/sqen	d--------
πρόσθ’	pro/sq'	πρόσθεν	pro/sqen	d--------
πρόσθ’	pro/sq'	πρόσθη	pro/sqh	n-p---fn-
πρόσθ’	pro/sq'	πρόσθη	pro/sqh	n-p---fv-
πρόσθ’	pro/sq'	πρόσθη	pro/sqh	n-s---fd-
πρόσθ’	pro/sq'	προστάς	prosta/s	n-s---fv-
πρόσπολοι	pro/spoloi	πρόσπολος	pro/spolos	n-p---mn-
πρόσπολοι	pro/spoloi	πρόσπολος	pro/spolos	n-p---mv-
πρόστρεπ’	pro/strep'	προστρέπω	prostre/pw	v2spma---
πρόστρεπ’	pro/strep'	προστρέπω	prostre/pw	v3siia---
πρόσφορον	pro/sforon	πρόσφορος	pro/sforos	n-s---ma-
πρόσφορον	pro/sforon	πρόσφορος	pro/sforos	n-s---fa-
πρόσφορον	pro/sforon	πρόσφορος	pro/sforos	n-s---nn-
πρόσφορον	pro/sforon	πρόσφορος	pro/sforos	n-s---nv-
πρόσφορον	pro/sforon	πρόσφορος	pro/sforos	n-s---na-
πρώτα	prw/ta	πρότερος	pro/teros	a-d---fn-
πρώτα	prw/ta	πρότερος	pro/teros	a-d---fv-
πρώτα	prw/ta	πρότερος	pro/teros	a-d---fa-
πρώτα	prw/ta	πρότερος	pro/teros	a-s---fn-
πρώτα	prw/ta	πρότερος	pro/teros	a-s---fv-
πρώτα	prw/ta	πρῶτος	prw=tos	a-d---fn-
πρώτα	prw/ta	πρῶτος	prw=tos	a-d---fv-
πρώτα	prw/ta	πρῶτος	prw=tos	a-d---fa-
πρώτα	prw/ta	πρῶτος	prw=tos	a-s---fn-
πρώτα	prw/ta	πρῶτος	prw=tos	a-s---fv-
πρώτη	prw/th	πρότερος	pro/teros	a-s---fn-
πρώτη	prw/th	πρότερος	pro/teros	a-s---fv-
πρώτη	prw/th	πρῶτος	prw=tos	a-s---fn-
πρώτη	prw/th	πρῶτος	prw=tos	a-s---fv-
πρώτιστον	prw/tiston	πρώτιστος	prw/tistos	a-s---ma-
πρώτιστον	prw/tiston	πρώτιστος	prw/tistos	a-s---nn-
πρώτιστον	prw/tiston	πρώτιστος	prw/tistos	a-s---nv-
πρώτιστον	prw/tiston	πρώτιστος	prw/tistos	a-s---na-
πρώτιστον	prw/tiston	πρώτιστος	prw/tistos	n-s---ma-
πρώτιστον	prw/tiston	πρώτιστος	prw/tistos	n-s---fa-
πρώτιστον	prw/tiston	πρώτιστος	prw/tistos	n-s---nn-
πρώτιστον	prw/tiston	πρώτιστος	prw/tistos	n-s---nv-
πρώτιστον	prw/tiston	πρώτιστος	prw/tistos	n-s---na-
πρᾶγμα	pra=gma	πρᾶγμα	pra=gma	n-s---nn-
πρᾶγμα	pra=gma	πρᾶγμα	pra=gma	n-s---nv-
πρᾶγμα	pra=gma	πρᾶγμα	pra=gma	n-s---na-
πρᾶξαι	pra=cai	πράσσω	pra/ssw	v2samm---
πρᾶξαι	pra=cai	πράσσω	pra/ssw	v--ana---
πρῶτα	prw=ta	πρότερος	pro/teros	a-p---nn-
πρῶτα	prw=ta	πρότερος	pro/teros	a-p---nv-
πρῶτα	prw=ta	πρότερος	pro/teros	a-p---na-
πρῶτα	prw=ta	πρῶτος	prw=tos	a-p---nn-
πρῶτα	prw=ta	πρῶτος	prw=tos	a-p---nv-
πρῶτα	prw=ta	πρῶτος	prw=tos	a-p---na-
πρῶτον	prw=ton	πρότερος	pro/teros	a-s---ma-
πρῶτον	prw=ton	πρότερος	pro/teros	a-s---nn-
πρῶτον	prw=ton	πρότερος	pro/teros	a-s---nv-
πρῶτον	prw=ton	πρότερος	pro/teros	a-s---na-
πρῶτον	prw=ton	πρῶτος	prw=tos	a-s---ma-
πρῶτον	prw=ton	πρῶτος	prw=tos	a-s---nn-
πρῶτον	prw=ton	πρῶτος	prw=tos	a-s---nv-
πρῶτον	prw=ton	πρῶτος	prw=tos	a-s---na-
πρῶτ’	prw=t'	πρότερος	pro/teros	a-p---nn-
πρῶτ’	prw=t'	πρότερος	pro/teros	a-p---nv-
πρῶτ’	prw=t'	πρότερος	pro/teros	a-p---na-
πρῶτ’	prw=t'	πρότερος	pro/teros	a-s---mv-
πρῶτ’	prw=t'	πρότερος	pro/teros	a-p---fn-
πρῶτ’	prw=t'	πρότερος	pro/teros	a-p---fv-
πρῶτ’	prw=t'	πρῶτος	prw=tos	a-p---nn-
πρῶτ’	prw=t'	πρῶτος	prw=tos	a-p---nv-
πρῶτ’	prw=t'	πρῶτος	prw=tos	a-p---na-
πρῶτ’	prw=t'	πρῶτος	prw=tos	a-s---mv-
πρῶτ’	prw=t'	πρῶτος	prw=tos	a-p---fn-
πρῶτ’	prw=t'	πρῶτος	prw=tos	a-p---fv-
πτυχαῖς	ptuxai=s	πτυχή	ptuxh/	n-p---fd-
πτυχάς	ptuxa/s	πτυχή	ptuxh/	n-p---fa-
πτόλιν	pto/lin	πόλις	po/lis	n-s---fa-
πτύχα	ptu/xa	πτύξ	ptu/c	n-s---fa-
πυκνῆς	puknh=s	πυκνάζω	pukna/zw	v2sfia---
πυκνῆς	puknh=s	πυκνός	pukno/s	a-s---fg-
πυρκαιάς	purkaia/s	πυρκαιά	purkaia/	n-p---fa-
πυρκαιάς	purkaia/s	πυρκαιός	purkaio/s	a-p---fa-
πυρπόλῳ	purpo/lw|	πύρπολος	pu/rpolos	n-s---md-
πυρπόλῳ	purpo/lw|	πύρπολος	pu/rpolos	n-s---fd-
πυρπόλῳ	purpo/lw|	πύρπολος	pu/rpolos	n-s---nd-
πυρπόλῳ	purpo/lw|	πυρπόλος	purpo/los	n-s---md-
πυρπόλῳ	purpo/lw|	πυρπόλος	purpo/los	n-s---fd-
πυρπόλῳ	purpo/lw|	πυρπόλος	purpo/los	n-s---nd-
πυρφόρον	purfo/ron	πυρφόρος	purfo/ros	n-s---ma-
πυρφόρον	purfo/ron	πυρφόρος	purfo/ros	n-s---fa-
πυρφόρον	purfo/ron	πυρφόρος	purfo/ros	n-s---nn-
πυρφόρον	purfo/ron	πυρφόρος	purfo/ros	n-s---nv-
πυρφόρον	purfo/ron	πυρφόρος	purfo/ros	n-s---na-
πυράν	pura/n	πυρή	purh/	n-s---fa-
πυρί	puri/	πῦρ	pu=r	n-s---nd-
πυρός	puro/s	πῦρ	pu=r	n-s---ng-
πυρός	puro/s	πυρός	puro/s	n-s---mn-
πυρᾶς	pura=s	πυράζω	pura/zw	v2sfia---
πυρᾶς	pura=s	πυρεύς	pureu/s	n-p---ma-
πυρᾶς	pura=s	πυρή	purh/	n-s---fg-
πυρᾷ	pura=|	πυράζω	pura/zw	v2sfim---
πυρᾷ	pura=|	πυράζω	pura/zw	v3sfia---
πυρᾷ	pura=|	πυρή	purh/	n-s---fd-
πως	pws	πως	pws	g--------
πάθος	pa/qos	πάθος	pa/qos	n-s---nn-
πάθος	pa/qos	πάθος	pa/qos	n-s---nv-
πάθος	pa/qos	πάθος	pa/qos	n-s---na-
πάθω	pa/qw	πάσχω	pa/sxw	v1sasa---
πάλιν	pa/lin	πάλιν	pa/lin	d--------
πάνθ’	pa/nq'	πάντῃ	pa/nth|	d--------
πάνθ’	pa/nq'	πᾶς	pa=s	n-s---ma-
πάνθ’	pa/nq'	πᾶς	pa=s	n-p---nn-
πάνθ’	pa/nq'	πᾶς	pa=s	n-p---nv-
πάνθ’	pa/nq'	πᾶς	pa=s	n-p---na-
πάντα	pa/nta	πᾶς	pa=s	n-s---ma-
πάντα	pa/nta	πᾶς	pa=s	n-p---nn-
πάντα	pa/nta	πᾶς	pa=s	n-p---nv-
πάντα	pa/nta	πᾶς	pa=s	n-p---na-
πάντας	pa/ntas	πᾶς	pa=s	n-p---ma-
πάντες	pa/ntes	πᾶς	pa=s	n-p---mn-
πάντες	pa/ntes	πᾶς	pa=s	n-p---mv-
πάντολμον	pa/ntolmon	πάντολμος	pa/ntolmos	n-s---ma-
πάντολμον	pa/ntolmon	πάντολμος	pa/ntolmos	n-s---fa-
πάντολμον	pa/ntolmon	πάντολμος	pa/ntolmos	n-s---nn-
πάντολμον	pa/ntolmon	πάντολμος	pa/ntolmos	n-s---nv-
πάντολμον	pa/ntolmon	πάντολμος	pa/ntolmos	n-s---na-
πάντων	pa/ntwn	πᾶς	pa=s	n-p---mg-
πάντων	pa/ntwn	πᾶς	pa=s	n-p---ng-
πάρειμ’	pa/reim'	πάρειμι1	pa/reimi1	v1spia---
πάρειμ’	pa/reim'	πάρειμι2	pa/reimi2	v1spia---
πάρες	pa/res	παρίημι	pari/hmi	v2sama---
πάρεστι	pa/resti	πάρειμι1	pa/reimi1	v3spia---
πάρος	pa/ros	πάρος	pa/ros	d--------
πάρος	pa/ros	πάρος	pa/ros	r--------
πάσας	pa/sas	πάσσω	pa/ssw	v-sapamn-
πάσας	pa/sas	πάσσω	pa/ssw	v-sapamv-
πάσας	pa/sas	πάσσω	pa/ssw	v2saia---
πάσας	pa/sas	πᾶς	pa=s	n-p---fa-
πάσας	pa/sas	πᾶς	pa=s	n-s---fg-
πάσας	pa/sas	πᾶς	pa=s	n-p---fa-
πάσης	pa/shs	πᾶς	pa=s	n-s---fg-
πάσης	pa/shs	πᾶσις	pa=sis	n-p---fn-
πάσης	pa/shs	πᾶσις	pa=sis	n-p---fv-
πάσχον	pa/sxon	πάσχω	pa/sxw	v-sppamv-
πάσχον	pa/sxon	πάσχω	pa/sxw	v-sppann-
πάσχον	pa/sxon	πάσχω	pa/sxw	v-sppanv-
πάσχον	pa/sxon	πάσχω	pa/sxw	v-sppana-
πάσχον	pa/sxon	πάσχω	pa/sxw	v3piia---
πάσχον	pa/sxon	πάσχω	pa/sxw	v1siia---
πάσχοντες	pa/sxontes	πάσχω	pa/sxw	v-pppamn-
πάσχοντες	pa/sxontes	πάσχω	pa/sxw	v-pppamv-
πάσχουσ’	pa/sxous'	πάσχω	pa/sxw	v-sppafn-
πάσχουσ’	pa/sxous'	πάσχω	pa/sxw	v-sppafv-
πάσχουσ’	pa/sxous'	πάσχω	pa/sxw	v-pppamd-
πάσχουσ’	pa/sxous'	πάσχω	pa/sxw	v-pppand-
πάσχουσ’	pa/sxous'	πάσχω	pa/sxw	v3ppia---
πάσχουσ’	pa/sxous'	πάσχω	pa/sxw	v-pppafn-
πάσχουσ’	pa/sxous'	πάσχω	pa/sxw	v-pppafv-
πάσχων	pa/sxwn	πάσχω	pa/sxw	v-sppamn-
πάσχῃ	pa/sxh|	πάσχω	pa/sxw	v2spse---
πάσχῃ	pa/sxh|	πάσχω	pa/sxw	v2spie---
πάσχῃ	pa/sxh|	πάσχω	pa/sxw	v3spsa---
πάσῃ	pa/sh|	πάομαι	pa/omai	v2sasm---
πάσῃ	pa/sh|	πάομαι	pa/omai	v2sfim---
πάσῃ	pa/sh|	πάσσω	pa/ssw	v2sasm---
πάσῃ	pa/sh|	πάσσω	pa/ssw	v3sasa---
πάσῃ	pa/sh|	πᾶς	pa=s	n-s---fd-
πάσῃ	pa/sh|	πᾶσις	pa=sis	n-s---fd-
πάσῃ	pa/sh|	πατέομαι	pate/omai	v2sasm---
πάτερ	pa/ter	πατήρ	path/r	n-s---mv-
πάτριον	pa/trion	πάτριος	pa/trios	a-s---ma-
πάτριον	pa/trion	πάτριος	pa/trios	a-s---nn-
πάτριον	pa/trion	πάτριος	pa/trios	a-s---nv-
πάτριον	pa/trion	πάτριος	pa/trios	a-s---na-
πάτριον	pa/trion	πάτριος	pa/trios	n-s---ma-
πάτριον	pa/trion	πάτριος	pa/trios	n-s---fa-
πάτριον	pa/trion	πάτριος	pa/trios	n-s---nn-
πάτριον	pa/trion	πάτριος	pa/trios	n-s---nv-
πάτριον	pa/trion	πάτριος	pa/trios	n-s---na-
πέδον	pe/don	πέδον	pe/don	n-s---nn-
πέδον	pe/don	πέδον	pe/don	n-s---nv-
πέδον	pe/don	πέδον	pe/don	n-s---na-
πέλαγος	pe/lagos	πέλαγος	pe/lagos	n-s---nn-
πέλαγος	pe/lagos	πέλαγος	pe/lagos	n-s---nv-
πέλαγος	pe/lagos	πέλαγος	pe/lagos	n-s---na-
πέλας	pe/las	πέλας	pe/las	d--------
πέλας	pe/las	πελάω	pela/w	v2siia---
πέμπε	pe/mpe	πέμπω	pe/mpw	v2spma---
πέμπε	pe/mpe	πέμπω	pe/mpw	v3siia---
πέμπε	pe/mpe	πέντε	pe/nte	m--------
πέμπετε	pe/mpete	πέμπω	pe/mpw	v2ppma---
πέμπετε	pe/mpete	πέμπω	pe/mpw	v2ppia---
πέμπετε	pe/mpete	πέμπω	pe/mpw	v2piia---
πέμψω	pe/myw	πέμπω	pe/mpw	v1sasa---
πέμψω	pe/myw	πέμπω	pe/mpw	v2saim---
πέμψω	pe/myw	πέμπω	pe/mpw	v1sfia---
πένης	pe/nhs	πένης	pe/nhs	n-s---mn-
πένης	pe/nhs	πενέω	pene/w	v2siia---
πένητά	pe/nhta/	πένης	pe/nhs	n-s---ma-
πένθημ’	pe/nqhm'	πένθημα	pe/nqhma	n-s---nn-
πένθημ’	pe/nqhm'	πένθημα	pe/nqhma	n-s---nv-
πένθημ’	pe/nqhm'	πένθημα	pe/nqhma	n-s---na-
πένθιμοι	pe/nqimoi	πένθιμος	pe/nqimos	a-p---mn-
πένθιμοι	pe/nqimoi	πένθιμος	pe/nqimos	a-p---mv-
πένθιμοι	pe/nqimoi	πένθιμος	pe/nqimos	n-p---mn-
πένθιμοι	pe/nqimoi	πένθιμος	pe/nqimos	n-p---mv-
πένθιμοι	pe/nqimoi	πένθιμος	pe/nqimos	n-p---fn-
πένθιμοι	pe/nqimoi	πένθιμος	pe/nqimos	n-p---fv-
πένθιμος	pe/nqimos	πένθιμος	pe/nqimos	a-s---mn-
πένθιμος	pe/nqimos	πένθιμος	pe/nqimos	n-s---mn-
πένθιμος	pe/nqimos	πένθιμος	pe/nqimos	n-s---fn-
πένθους	pe/nqous	πένθος	pe/nqos	n-s---ng-
πένοιτο	pe/noito	πένομαι	pe/nomai	v3spoe---
πέπλων	pe/plwn	πέπλος	pe/plos	n-p---mg-
πέπλων	pe/plwn	πέπλος	pe/plos	n-p---ng-
πέπλων	pe/plwn	πεπλος	peplos	n-p---mg-
πέπλων	pe/plwn	πεπλος	peplos	n-p---fg-
πέπλων	pe/plwn	πεπλος	peplos	n-p---ng-
πέποιθ’	pe/poiq'	πείθω	pei/qw	v1sria---
πέποιθ’	pe/poiq'	πείθω	pei/qw	v2srma---
πέποιθ’	pe/poiq'	πείθω	pei/qw	v3sria---
πέπραγεν	pe/pragen	πράσσω	pra/ssw	v3sria---
πέπραγεν	pe/pragen	πράσσω	pra/ssw	v3plia---
πέρα	pe/ra	πέρα	pe/ra	d--------
πέρα	pe/ra	πέρα	pe/ra	n-d---fn-
πέρα	pe/ra	πέρα	pe/ra	n-d---fv-
πέρα	pe/ra	πέρα	pe/ra	n-d---fa-
πέρα	pe/ra	πέρα	pe/ra	n-s---fn-
πέρα	pe/ra	πέρα	pe/ra	n-s---fv-
πέρα	pe/ra	περάω1	pera/w1	v2spma---
πέρα	pe/ra	περάω1	pera/w1	v3siia---
πέρα	pe/ra	περάω2	pera/w2	v2spma---
πέρα	pe/ra	περάω2	pera/w2	v3siia---
πέραν	pe/ran	πέρα	pe/ra	n-s---fa-
πέραν	pe/ran	πέραν	pe/ran	d--------
πέραν	pe/ran	περάω1	pera/w1	v3piia---
πέραν	pe/ran	περάω1	pera/w1	v1siia---
πέραν	pe/ran	περάω1	pera/w1	v3piia---
πέραν	pe/ran	περάω1	pera/w1	v1siia---
πέραν	pe/ran	περάω2	pera/w2	v3piia---
πέραν	pe/ran	περάω2	pera/w2	v1siia---
πέρας	pe/ras	πέρα	pe/ra	n-p---fa-
πέρας	pe/ras	πέρα	pe/ra	n-s---fg-
πέρας	pe/ras	πέρας	pe/ras	n-s---nn-
πέρας	pe/ras	πέρας	pe/ras	n-s---nv-
πέρας	pe/ras	πέρας	pe/ras	n-s---na-
πέρας	pe/ras	περάω1	pera/w1	v2spia---
πέρας	pe/ras	περάω1	pera/w1	v2siia---
πέρας	pe/ras	περάω2	pera/w2	v2siia---
πέρσειν	pe/rsein	πέρθω	pe/rqw	v--fna---
πέρσων	pe/rswn	πέρθω	pe/rqw	v-sfpamn-
πέσοι	pe/soi	πίπτω	pi/ptw	v3saoa---
πέτρα	pe/tra	πέτρα	pe/tra	n-d---fn-
πέτρα	pe/tra	πέτρα	pe/tra	n-d---fv-
πέτρα	pe/tra	πέτρα	pe/tra	n-d---fa-
πέτρα	pe/tra	πέτρα	pe/tra	n-s---fn-
πέτρα	pe/tra	πέτρα	pe/tra	n-s---fv-
πέτραν	pe/tran	πέτρα	pe/tra	n-s---fa-
πέτρας	pe/tras	πέτρα	pe/tra	n-p---fa-
πέτρας	pe/tras	πέτρα	pe/tra	n-s---fg-
πέτροις	pe/trois	πέτρος	pe/tros	n-p---md-
πέφυκε	pe/fuke	φύω	fu/w	v2srma---
πέφυκε	pe/fuke	φύω	fu/w	v3sria---
πέφυκε	pe/fuke	φύζω	fu/zw	v2srma---
πέφυκε	pe/fuke	φύζω	fu/zw	v3sria---
πήμασιν	ph/masin	πῆμα	ph=ma	n-p---nd-
πήματ’	ph/mat'	πῆμα	ph=ma	n-p---nn-
πήματ’	ph/mat'	πῆμα	ph=ma	n-p---nv-
πήματ’	ph/mat'	πῆμα	ph=ma	n-p---na-
πήματ’	ph/mat'	πῆμα	ph=ma	n-s---nd-
πήματ’	ph/mat'	πῆμα	ph=ma	n-d---nn-
πήματ’	ph/mat'	πῆμα	ph=ma	n-d---nv-
πήματ’	ph/mat'	πῆμα	ph=ma	n-d---na-
πίθῃ	pi/qh|	πείθω	pei/qw	v2sase---
πίθῃ	pi/qh|	πείθω	pei/qw	v3sasa---
πίπτουσα	pi/ptousa	πίπτω	pi/ptw	v-sppafn-
πίπτουσα	pi/ptousa	πίπτω	pi/ptw	v-sppafv-
πίστις	pi/stis	πίστις	pi/stis	n-p---fa-
πίστις	pi/stis	πίστις	pi/stis	n-s---fn-
πίσυνος	pi/sunos	πίσυνος	pi/sunos	n-s---mn-
πίσυνος	pi/sunos	πίσυνος	pi/sunos	n-s---fn-
πίτνω	pi/tnw	πίπτω	pi/ptw	v1spsa---
πίτνω	pi/tnw	πίπτω	pi/ptw	v1spia---
πίτνω	pi/tnw	πίτνημι	pi/tnhmi	v2spme---
πίτνων	pi/tnwn	πίπτω	pi/ptw	v-sppamn-
πόδα	po/da	πούς	pou/s	n-s---ma-
πόθεν	po/qen	πίνω	pi/nw	v3paip---
πόθεν	po/qen	πόθεν	po/qen	d--------
πόθεν	po/qen	ποθεν	poqen	g--------
πόθῳ	po/qw|	πόθος	po/qos	n-s---md-
πόλει	po/lei	πόλις	po/lis	n-d---fn-
πόλει	po/lei	πόλις	po/lis	n-d---fv-
πόλει	po/lei	πόλις	po/lis	n-d---fa-
πόλει	po/lei	πόλις	po/lis	n-s---fd-
πόλει	po/lei	πόλις	po/lis	n-s---fd-
πόλει	po/lei	πολέω	pole/w	v2spma---
πόλει	po/lei	πολέω	pole/w	v3siia---
πόλεις	po/leis	πόλις	po/lis	n-p---fn-
πόλεις	po/leis	πόλις	po/lis	n-p---fv-
πόλεις	po/leis	πόλις	po/lis	n-p---fn-
πόλεις	po/leis	πόλις	po/lis	n-p---fa-
πόλεις	po/leis	πόλις	po/lis	n-p---fn-
πόλεις	po/leis	πολέω	pole/w	v2siia---
πόλεις	po/leis	πολύς	polu/s	n-p---mn-
πόλεις	po/leis	πολύς	polu/s	n-p---ma-
πόλεμον	po/lemon	πόλεμος	po/lemos	n-s---ma-
πόλεμος	po/lemos	πόλεμος	po/lemos	n-s---mn-
πόλεος	po/leos	πόλις	po/lis	n-s---fg-
πόλεσιν	po/lesin	πόλις	po/lis	n-p---fd-
πόλεσιν	po/lesin	πολύς	polu/s	n-p---md-
πόλεως	po/lews	πόλις	po/lis	n-s---fg-
πόλιν	po/lin	πόλις	po/lis	n-s---fa-
πόλις	po/lis	πόλις	po/lis	n-p---fa-
πόλις	po/lis	πόλις	po/lis	n-s---fn-
πόνοις	po/nois	πόνος	po/nos	n-p---md-
πόνοισιν	po/noisin	πόνος	po/nos	n-p---md-
πόνον	po/non	πόνος	po/nos	n-s---ma-
πόνος	po/nos	πόνος	po/nos	n-s---mn-
πόνου	po/nou	πόνος	po/nos	n-s---mg-
πόνους	po/nous	πόνος	po/nos	n-p---ma-
πόντου	po/ntou	πόντος	po/ntos	n-s---mg-
πόντου	po/ntou	ποντίζω	ponti/zw	v2spma---
πόντου	po/ntou	ποντίζω	ponti/zw	v3siia---
πόντου	po/ntou	ποντόω	ponto/w	v2spma---
πόντου	po/ntou	ποντόω	ponto/w	v3siia---
πόνων	po/nwn	πόνος	po/nos	n-p---mg-
πόνῳ	po/nw|	πόνος	po/nos	n-s---md-
πόριος	po/rios	πόρις	po/ris	n-s---fg-
πόροι	po/roi	πόρος	po/ros	n-p---mn-
πόροι	po/roi	πόρος	po/ros	n-p---mv-
πόροι	po/roi	πόρω	po/rw	v3saoa---
πόσει	po/sei	πόσισ1	po/sis1	n-d---mn-
πόσει	po/sei	πόσισ1	po/sis1	n-d---mv-
πόσει	po/sei	πόσισ1	po/sis1	n-d---ma-
πόσει	po/sei	πόσισ1	po/sis1	n-s---md-
πόσει	po/sei	πόσισ1	po/sis1	n-s---md-
πόσει	po/sei	πόσισ2	po/sis2	n-d---fn-
πόσει	po/sei	πόσισ2	po/sis2	n-d---fv-
πόσει	po/sei	πόσισ2	po/sis2	n-d---fa-
πόσει	po/sei	πόσισ2	po/sis2	n-s---fd-
πόσει	po/sei	πόσισ2	po/sis2	n-s---fd-
πόσις	po/sis	πόσισ1	po/sis1	n-p---ma-
πόσις	po/sis	πόσισ1	po/sis1	n-s---mn-
πόσις	po/sis	πόσισ2	po/sis2	n-p---fa-
πόσις	po/sis	πόσισ2	po/sis2	n-s---fn-
πόσῳ	po/sw|	πόσος	po/sos	a-s---md-
πόσῳ	po/sw|	πόσος	po/sos	a-s---nd-
πότερα	po/tera	πότερος	po/teros	a-p---nn-
πότερα	po/tera	πότερος	po/teros	a-p---nv-
πότερα	po/tera	πότερος	po/teros	a-p---na-
πότμον	po/tmon	πότμος	po/tmos	n-s---ma-
πότμος	po/tmos	πότμος	po/tmos	n-s---mn-
πότνια	po/tnia	πότνια	po/tnia	n-s---fn-
πότνια	po/tnia	πότνια	po/tnia	n-s---fv-
πύλαις	pu/lais	πύλη	pu/lh	n-p---fd-
πύλας	pu/las	πύλη	pu/lh	n-p---fa-
πύλας	pu/las	πύλη	pu/lh	n-s---fg-
πύλῃσιν	pu/lh|sin	πύλη	pu/lh	n-p---fd-
πύργον	pu/rgon	πύργος	pu/rgos	n-s---ma-
πύργωμα	pu/rgwma	πύργωμα	pu/rgwma	n-s---nn-
πύργωμα	pu/rgwma	πύργωμα	pu/rgwma	n-s---nv-
πύργωμα	pu/rgwma	πύργωμα	pu/rgwma	n-s---na-
πύργων	pu/rgwn	πύργος	pu/rgos	n-p---mg-
πύργων	pu/rgwn	πυργόω	purgo/w	v3piia---
πύργων	pu/rgwn	πυργόω	purgo/w	v1siia---
πώλους	pw/lous	πῶλος	pw=los	n-p---ma-
πώλους	pw/lous	πῶλος	pw=los	n-p---fa-
πᾶ	pa=	πῆ	ph=	x--------
πᾶν	pa=n	πᾶς	pa=s	n-s---ma-
πᾶν	pa=n	πᾶς	pa=s	n-s---nn-
πᾶν	pa=n	πᾶς	pa=s	n-s---nv-
πᾶν	pa=n	πᾶς	pa=s	n-s---na-
πᾶς	pa=s	πᾶς	pa=s	n-s---mn-
πᾶς	pa=s	πᾶς	pa=s	n-s---mv-
πᾶσιν	pa=sin	πᾶς	pa=s	n-p---md-
πᾶσιν	pa=sin	πᾶς	pa=s	n-p---nd-
πᾶσιν	pa=sin	πᾶσις	pa=sis	n-s---fa-
πᾷ	pa=|	πῆ	ph=	x--------
πῦρ	pu=r	πῦρ	pu=r	n-s---nn-
πῦρ	pu=r	πῦρ	pu=r	n-s---nv-
πῦρ	pu=r	πῦρ	pu=r	n-s---na-
πῶς	pw=s	πῶς	pw=s	x--------
πῶς	pw=s	πῶσ2	pw=s2	d--------
πῶς	pw=s	πως	pws	g--------
σαθρόν	saqro/n	σαθρός	saqro/s	a-s---ma-
σαθρόν	saqro/n	σαθρός	saqro/s	a-s---nn-
σαθρόν	saqro/n	σαθρός	saqro/s	a-s---nv-
σαθρόν	saqro/n	σαθρός	saqro/s	a-s---na-
σαρκῶν	sarkw=n	σάρξ	sa/rc	n-p---fg-
σαρκῶν	sarkw=n	σαρκάω	sarka/w	v-sppamv-
σαρκῶν	sarkw=n	σαρκάω	sarka/w	v-sppann-
σαρκῶν	sarkw=n	σαρκάω	sarka/w	v-sppanv-
σαρκῶν	sarkw=n	σαρκάω	sarka/w	v-sppana-
σαρκῶν	sarkw=n	σαρκάω	sarka/w	v-sppamn-
σαρκῶν	sarkw=n	σαρκάω	sarka/w	v-sppamn-
σαρκῶν	sarkw=n	σαρκάζω	sarka/zw	v-sfpamv-
σαρκῶν	sarkw=n	σαρκάζω	sarka/zw	v-sfpann-
σαρκῶν	sarkw=n	σαρκάζω	sarka/zw	v-sfpanv-
σαρκῶν	sarkw=n	σαρκάζω	sarka/zw	v-sfpana-
σαρκῶν	sarkw=n	σαρκάζω	sarka/zw	v-sfpamn-
σαρκῶν	sarkw=n	σαρκόω	sarko/w	v-sppamv-
σαρκῶν	sarkw=n	σαρκόω	sarko/w	v-sppann-
σαρκῶν	sarkw=n	σαρκόω	sarko/w	v-sppanv-
σαρκῶν	sarkw=n	σαρκόω	sarko/w	v-sppana-
σαρκῶν	sarkw=n	σαρκόω	sarko/w	v-sppamn-
σαρκῶν	sarkw=n	σαρκόω	sarko/w	v--pna---
σαφέστατον	safe/staton	σαφής	safh/s	a-s---mas
σαφέστατον	safe/staton	σαφής	safh/s	a-s---nns
σαφέστατον	safe/staton	σαφής	safh/s	a-s---nvs
σαφέστατον	safe/staton	σαφής	safh/s	a-s---nas
σαφής	safh/s	σαφής	safh/s	n-s---mn-
σαφής	safh/s	σαφής	safh/s	n-s---fn-
σαφῶς	safw=s	σαφής	safh/s	x--------
σε	se	σύ	su/	p-s----a-
σελάνα	sela/na	σελήνη	selh/nh	n-d---fn-
σελάνα	sela/na	σελήνη	selh/nh	n-d---fv-
σελάνα	sela/na	σελήνη	selh/nh	n-d---fa-
σελάνα	sela/na	σελήνη	selh/nh	n-s---fn-
σελάνα	sela/na	σελήνη	selh/nh	n-s---fv-
σεμναῖσι	semnai=si	σεμνός	semno/s	a-p---fd-
σεμνά	semna/	σεμνόν	semno/n	n-p---nn-
σεμνά	semna/	σεμνόν	semno/n	n-p---nv-
σεμνά	semna/	σεμνόν	semno/n	n-p---na-
σεμνά	semna/	σεμνός	semno/s	a-p---nn-
σεμνά	semna/	σεμνός	semno/s	a-p---nv-
σεμνά	semna/	σεμνός	semno/s	a-p---na-
σεμνά	semna/	σεμνός	semno/s	a-d---fn-
σεμνά	semna/	σεμνός	semno/s	a-d---fv-
σεμνά	semna/	σεμνός	semno/s	a-d---fa-
σεμνά	semna/	σεμνός	semno/s	a-s---fn-
σεμνά	semna/	σεμνός	semno/s	a-s---fv-
σεμνόν	semno/n	σεμνόν	semno/n	n-s---nn-
σεμνόν	semno/n	σεμνόν	semno/n	n-s---nv-
σεμνόν	semno/n	σεμνόν	semno/n	n-s---na-
σεμνόν	semno/n	σεμνός	semno/s	a-s---ma-
σεμνόν	semno/n	σεμνός	semno/s	a-s---nn-
σεμνόν	semno/n	σεμνός	semno/s	a-s---nv-
σεμνόν	semno/n	σεμνός	semno/s	a-s---na-
σεμνῶν	semnw=n	σεμνόν	semno/n	n-p---ng-
σεμνῶν	semnw=n	σεμνός	semno/s	a-p---fg-
σεμνῶν	semnw=n	σεμνός	semno/s	a-p---mg-
σεμνῶν	semnw=n	σεμνός	semno/s	a-p---ng-
σεμνῶν	semnw=n	σεμνόω	semno/w	v-sppamv-
σεμνῶν	semnw=n	σεμνόω	semno/w	v-sppann-
σεμνῶν	semnw=n	σεμνόω	semno/w	v-sppanv-
σεμνῶν	semnw=n	σεμνόω	semno/w	v-sppana-
σεμνῶν	semnw=n	σεμνόω	semno/w	v-sppamn-
σεμνῶν	semnw=n	σεμνόω	semno/w	v--pna---
σεμνῷ	semnw=|	σεμνόν	semno/n	n-s---nd-
σεμνῷ	semnw=|	σεμνός	semno/s	a-s---md-
σεμνῷ	semnw=|	σεμνός	semno/s	a-s---nd-
σηκόν	shko/n	σηκός	shko/s	n-s---ma-
σημαίνεις	shmai/neis	σημαίνω	shmai/nw	v2spia---
σθένειν	sqe/nein	σθένω	sqe/nw	v--pna---
σθένοντα	sqe/nonta	σθένω	sqe/nw	v-pppann-
σθένοντα	sqe/nonta	σθένω	sqe/nw	v-pppanv-
σθένοντα	sqe/nonta	σθένω	sqe/nw	v-pppana-
σθένοντα	sqe/nonta	σθένω	sqe/nw	v-sppama-
σθένος	sqe/nos	σθένος	sqe/nos	n-s---nn-
σθένος	sqe/nos	σθένος	sqe/nos	n-s---nv-
σθένος	sqe/nos	σθένος	sqe/nos	n-s---na-
σιγηλός	sighlo/s	σιγηλός	sighlo/s	a-s---mn-
σιγᾷ	siga=|	σιγάω	siga/w	v2spse---
σιγᾷ	siga=|	σιγάω	siga/w	v2spie---
σιγᾷ	siga=|	σιγάω	siga/w	v3spsa---
σιγᾷ	siga=|	σιγάω	siga/w	v3spia---
σιγᾷ	siga=|	σιγάζω	siga/zw	v2sfim---
σιγᾷ	siga=|	σιγάζω	siga/zw	v3sfia---
σιγᾷ	siga=|	σιγή	sigh/	n-s---fd-
σιγῇ	sigh=|	σιγάω	siga/w	v2spse---
σιγῇ	sigh=|	σιγάω	siga/w	v2spie---
σιγῇ	sigh=|	σιγάω	siga/w	v3spsa---
σιγῇ	sigh=|	σιγάω	siga/w	v3spia---
σιγῇ	sigh=|	σιγάω	siga/w	v2spse---
σιγῇ	sigh=|	σιγάω	siga/w	v2spie---
σιγῇ	sigh=|	σιγάω	siga/w	v3spsa---
σιγῇ	sigh=|	σιγάζω	siga/zw	v2sfim---
σιγῇ	sigh=|	σιγάζω	siga/zw	v3sfia---
σιγῇ	sigh=|	σιγή	sigh/	n-s---fd-
σιδήρῳ	sidh/rw|	σίδηρον	si/dhron	n-s---nd-
σιδήρῳ	sidh/rw|	σίδηρος	si/dhros	n-s---md-
σιωπήν	siwph/n	σιωπή	siwph/	n-s---fa-
σιωπῶσ’	siwpw=s'	σιωπάω	siwpa/w	v-sppafn-
σιωπῶσ’	siwpw=s'	σιωπάω	siwpa/w	v-sppafv-
σιωπῶσ’	siwpw=s'	σιωπάω	siwpa/w	v-pppamd-
σιωπῶσ’	siwpw=s'	σιωπάω	siwpa/w	v-pppand-
σιωπῶσ’	siwpw=s'	σιωπάω	siwpa/w	v3ppsa---
σιωπῶσ’	siwpw=s'	σιωπάω	siwpa/w	v3ppia---
σιωπῶσ’	siwpw=s'	σιωπάω	siwpa/w	v3ppsa---
σιωπῶσ’	siwpw=s'	σιωπάω	siwpa/w	v-pppafn-
σιωπῶσ’	siwpw=s'	σιωπάω	siwpa/w	v-pppafv-
σκαιόν	skaio/n	σκαιός	skaio/s	a-s---ma-
σκαιόν	skaio/n	σκαιός	skaio/s	a-s---nn-
σκαιόν	skaio/n	σκαιός	skaio/s	a-s---nv-
σκαιόν	skaio/n	σκαιός	skaio/s	a-s---na-
σκευῇ	skeuh=|	σκευάζω	skeua/zw	v2sfim---
σκευῇ	skeuh=|	σκευάζω	skeua/zw	v3sfia---
σκευῇ	skeuh=|	σκευή	skeuh/	n-s---fd-
σκιώδης	skiw/dhs	σκιώδης	skiw/dhs	n-p---ma-
σκιώδης	skiw/dhs	σκιώδης	skiw/dhs	n-p---fa-
σκιώδης	skiw/dhs	σκιώδης	skiw/dhs	n-p---mn-
σκιώδης	skiw/dhs	σκιώδης	skiw/dhs	n-p---mv-
σκιώδης	skiw/dhs	σκιώδης	skiw/dhs	n-p---fn-
σκιώδης	skiw/dhs	σκιώδης	skiw/dhs	n-p---fv-
σκιώδης	skiw/dhs	σκιώδης	skiw/dhs	n-s---mn-
σκιώδης	skiw/dhs	σκιώδης	skiw/dhs	n-s---fn-
σκληρά	sklhra/	σκληρός	sklhro/s	a-p---nn-
σκληρά	sklhra/	σκληρός	sklhro/s	a-p---nv-
σκληρά	sklhra/	σκληρός	sklhro/s	a-p---na-
σκληρά	sklhra/	σκληρός	sklhro/s	a-d---fn-
σκληρά	sklhra/	σκληρός	sklhro/s	a-d---fv-
σκληρά	sklhra/	σκληρός	sklhro/s	a-d---fa-
σκληρά	sklhra/	σκληρός	sklhro/s	a-s---fn-
σκληρά	sklhra/	σκληρός	sklhro/s	a-s---fv-
σκοπεῖν	skopei=n	σκοπάω	skopa/w	v--pna---
σκοπεῖν	skopei=n	σκοπέω	skope/w	v--pna---
σκοτεινά	skoteina/	σκοτεινός	skoteino/s	a-p---nn-
σκοτεινά	skoteina/	σκοτεινός	skoteino/s	a-p---nv-
σκοτεινά	skoteina/	σκοτεινός	skoteino/s	a-p---na-
σκοτεινά	skoteina/	σκοτεινός	skoteino/s	a-d---fn-
σκοτεινά	skoteina/	σκοτεινός	skoteino/s	a-d---fv-
σκοτεινά	skoteina/	σκοτεινός	skoteino/s	a-d---fa-
σκοτεινά	skoteina/	σκοτεινός	skoteino/s	a-s---fn-
σκοτεινά	skoteina/	σκοτεινός	skoteino/s	a-s---fv-
σκέψαι	ske/yai	σκέπτομαι	ske/ptomai	v2same---
σκότῳ	sko/tw|	σκότος	sko/tos	n-s---md-
σκύμνοι	sku/mnoi	σκύμνος	sku/mnos	n-p---mn-
σκύμνοι	sku/mnoi	σκύμνος	sku/mnos	n-p---mv-
σκύμνοι	sku/mnoi	σκύμνος	sku/mnos	n-p---fn-
σκύμνοι	sku/mnoi	σκύμνος	sku/mnos	n-p---fv-
σμικρόν	smikro/n	μικρός	mikro/s	a-s---ma-
σμικρόν	smikro/n	μικρός	mikro/s	a-s---nn-
σμικρόν	smikro/n	μικρός	mikro/s	a-s---nv-
σμικρόν	smikro/n	μικρός	mikro/s	a-s---na-
σμικρόν	smikro/n	σμικρός	smikro/s	a-s---ma-
σμικρόν	smikro/n	σμικρός	smikro/s	a-s---nn-
σμικρόν	smikro/n	σμικρός	smikro/s	a-s---nv-
σμικρόν	smikro/n	σμικρός	smikro/s	a-s---na-
σοι	soi	σύ	su/	p-s----d-
σου	sou	σύ	su/	p-s----g-
σοφαί	sofai/	σοφός	sofo/s	a-p---fn-
σοφαί	sofai/	σοφός	sofo/s	a-p---fv-
σοφιστής	sofisth/s	σοφιστής	sofisth/s	n-s---mn-
σοφούς	sofou/s	σοφός	sofo/s	a-p---ma-
σοφά	sofa/	σοφός	sofo/s	a-p---nn-
σοφά	sofa/	σοφός	sofo/s	a-p---nv-
σοφά	sofa/	σοφός	sofo/s	a-p---na-
σοφά	sofa/	σοφός	sofo/s	a-d---fn-
σοφά	sofa/	σοφός	sofo/s	a-d---fv-
σοφά	sofa/	σοφός	sofo/s	a-d---fa-
σοφά	sofa/	σοφός	sofo/s	a-s---fn-
σοφά	sofa/	σοφός	sofo/s	a-s---fv-
σοφήν	sofh/n	σοφός	sofo/s	a-s---fa-
σοφόν	sofo/n	σοφός	sofo/s	a-s---ma-
σοφόν	sofo/n	σοφός	sofo/s	a-s---nn-
σοφόν	sofo/n	σοφός	sofo/s	a-s---nv-
σοφόν	sofo/n	σοφός	sofo/s	a-s---na-
σοφός	sofo/s	σοφός	sofo/s	a-s---mn-
σοφώτεροι	sofw/teroi	σοφός	sofo/s	a-p---mn-
σοφώτεροι	sofw/teroi	σοφός	sofo/s	a-p---mv-
σοφώτερος	sofw/teros	σοφός	sofo/s	a-s---mn-
σοί	soi/	σός	so/s	a-p---mn-
σοί	soi/	σός	so/s	a-p---mv-
σοί	soi/	σύ	su/	p-s----d-
σοί	soi/	σύ	su/	p-s----d-
σούς	sou/s	σός	so/s	a-p---ma-
σοῖς	soi=s	σέω	se/w	v2spoa---
σοῖς	soi=s	σός	so/s	a-p---md-
σοῖς	soi=s	σός	so/s	a-p---nd-
σοῖσι	soi=si	σέω	se/w	v-pppamd-
σοῖσι	soi=si	σέω	se/w	v-pppand-
σοῖσι	soi=si	σός	so/s	a-p---md-
σοῖσι	soi=si	σός	so/s	a-p---nd-
σοῦ	sou=	σέω	se/w	v2spme---
σοῦ	sou=	σέω	se/w	v2siie---
σοῦ	sou=	σεύω	seu/w	v2spmm---
σοῦ	sou=	σός	so/s	a-s---mg-
σοῦ	sou=	σός	so/s	a-s---ng-
σοῦ	sou=	σοῦ	sou=	x--------
σοῦ	sou=	σύ	su/	p-s----g-
σπανίζοντες	spani/zontes	σπανίζω	spani/zw	v-pppamn-
σπανίζοντες	spani/zontes	σπανίζω	spani/zw	v-pppamv-
σπαρτός	sparto/s	σπαρτός	sparto/s	a-s---mn-
σπαρτός	sparto/s	σπαρτός	sparto/s	n-s---mn-
σπαρτός	sparto/s	σπαρτός	sparto/s	n-s---fn-
σπαρτῶν	spartw=n	σπάρτη	spa/rth	n-p---fg-
σπαρτῶν	spartw=n	σπαρτός	sparto/s	a-p---fg-
σπαρτῶν	spartw=n	σπαρτός	sparto/s	a-p---mg-
σπαρτῶν	spartw=n	σπαρτός	sparto/s	a-p---ng-
σπαρτῶν	spartw=n	σπαρτός	sparto/s	n-p---mg-
σπαρτῶν	spartw=n	σπαρτός	sparto/s	n-p---fg-
σπαρτῶν	spartw=n	σπαρτός	sparto/s	n-p---ng-
σπλάγχνων	spla/gxnwn	σπλάγχνον	spla/gxnon	n-p---ng-
σποδοῦ	spodou=	σποδέω	spode/w	v2spme---
σποδοῦ	spodou=	σποδόομαι	spodo/omai	v2spme---
σποδοῦ	spodou=	σποδόομαι	spodo/omai	v2siie---
σποδοῦ	spodou=	σποδός	spodo/s	n-s---fg-
σποδόν	spodo/n	σποδός	spodo/s	n-s---fa-
σποδῷ	spodw=|	σποδός	spodo/s	n-s---fd-
σπουδάζεται	spouda/zetai	σπουδάζω	spouda/zw	v3spie---
σπουδήν	spoudh/n	σπουδή	spoudh/	n-s---fa-
σπάσαι	spa/sai	σπάω	spa/w	v-sppafd-
σπάσαι	spa/sai	σπάω	spa/w	v2samm---
σπάσαι	spa/sai	σπάω	spa/w	v--ana---
σπάσαι	spa/sai	σπάω	spa/w	v3saoa---
σταγόνας	stago/nas	σταγών	stagw/n	n-p---fa-
σταγών	stagw/n	σταγών	stagw/n	n-s---fn-
σταγών	stagw/n	σταγών	stagw/n	n-s---fv-
στειχέτω	steixe/tw	στείχω	stei/xw	v3spma---
στεμμάτων	stemma/twn	στέμμα	ste/mma	n-p---ng-
στεμμάτων	stemma/twn	στεμματόω	stemmato/w	v3piia---
στεμμάτων	stemma/twn	στεμματόω	stemmato/w	v1siia---
στεναγμάτων	stenagma/twn	στέναγμα	ste/nagma	n-p---ng-
στεναγμόν	stenagmo/n	στεναγμός	stenagmo/s	n-s---ma-
στενακτέον	stenakte/on	στενακτέον	stenakte/on	n-s---ma-
στενακτέον	stenakte/on	στενακτέον	stenakte/on	n-s---nn-
στενακτέον	stenakte/on	στενακτέον	stenakte/on	n-s---nv-
στενακτέον	stenakte/on	στενακτέον	stenakte/on	n-s---na-
στενακτέον	stenakte/on	στενακτέος	stenakte/os	n-s---ma-
στενακτέον	stenakte/on	στενακτέος	stenakte/os	n-s---fa-
στενακτέον	stenakte/on	στενακτέος	stenakte/os	n-s---nn-
στενακτέον	stenakte/on	στενακτέος	stenakte/os	n-s---nv-
στενακτέον	stenakte/on	στενακτέος	stenakte/os	n-s---na-
στενάζων	stena/zwn	στενάζω	stena/zw	v-sppamn-
στερεῖσα	sterei=sa	στερέω	stere/w	v-sappfn-
στερεῖσα	sterei=sa	στερέω	stere/w	v-sappfv-
στερνοτυπεῖς	sternotupei=s	στερνοτυπής	sternotuph/s	n-p---ma-
στερνοτυπεῖς	sternotupei=s	στερνοτυπής	sternotuph/s	n-p---fa-
στερνοτυπεῖς	sternotupei=s	στερνοτυπής	sternotuph/s	n-p---mn-
στερνοτυπεῖς	sternotupei=s	στερνοτυπής	sternotuph/s	n-p---mv-
στερνοτυπεῖς	sternotupei=s	στερνοτυπής	sternotuph/s	n-p---fn-
στερνοτυπεῖς	sternotupei=s	στερνοτυπής	sternotuph/s	n-p---fv-
στερρόν	sterro/n	στερρός	sterro/s	a-s---ma-
στερρόν	sterro/n	στερρός	sterro/s	a-s---nn-
στερρόν	sterro/n	στερρός	sterro/s	a-s---nv-
στερρόν	sterro/n	στερρός	sterro/s	a-s---na-
στερρόν	sterro/n	στερρός	sterro/s	n-s---ma-
στερρόν	sterro/n	στερρός	sterro/s	n-s---fa-
στερρόν	sterro/n	στερρός	sterro/s	n-s---nn-
στερρόν	sterro/n	στερρός	sterro/s	n-s---nv-
στερρόν	sterro/n	στερρός	sterro/s	n-s---na-
στερίσκομαι	steri/skomai	στερίσκω	steri/skw	v1spie---
στείλας	stei/las	στέλλω	ste/llw	v-sapamn-
στείλας	stei/las	στέλλω	ste/llw	v-sapamv-
στείχειν	stei/xein	στείχω	stei/xw	v--pna---
στείχετε	stei/xete	στείχω	stei/xw	v2ppma---
στείχετε	stei/xete	στείχω	stei/xw	v2ppia---
στείχετε	stei/xete	στείχω	stei/xw	v2piia---
στείχετ’	stei/xet'	στείχω	stei/xw	v2ppma---
στείχετ’	stei/xet'	στείχω	stei/xw	v2ppia---
στείχετ’	stei/xet'	στείχω	stei/xw	v3spie---
στείχετ’	stei/xet'	στείχω	stei/xw	v3siie---
στείχετ’	stei/xet'	στείχω	stei/xw	v2piia---
στείχωμεν	stei/xwmen	στείχω	stei/xw	v1ppsa---
στεῖχ’	stei=x'	στείχω	stei/xw	v2spma---
στεῖχ’	stei=x'	στείχω	stei/xw	v3siia---
στολμός	stolmo/s	στολμός	stolmo/s	n-s---mn-
στομάτων	stoma/twn	στόμα	sto/ma	n-p---ng-
στρατευμάτων	strateuma/twn	στράτευμα	stra/teuma	n-p---ng-
στρατείαν	stratei/an	στρατεία	stratei/a	n-s---fa-
στρατηγόν	strathgo/n	στρατηγός	strathgo/s	n-s---ma-
στρατηγῶν	strathgw=n	στρατηγέω	strathge/w	v-sppamn-
στρατηγῶν	strathgw=n	στρατηγός	strathgo/s	n-p---mg-
στρατηλατήσω	strathlath/sw	στρατηλατέω	strathlate/w	v1sasa---
στρατηλατήσω	strathlath/sw	στρατηλατέω	strathlate/w	v1sfia---
στρατηλατήσω	strathlath/sw	στρατηλατέω	strathlate/w	v2saim---
στρατηλατῇ	strathlath=|	στρατηλατέω	strathlate/w	v2spse---
στρατηλατῇ	strathlath=|	στρατηλατέω	strathlate/w	v2spie---
στρατηλατῇ	strathlath=|	στρατηλατέω	strathlate/w	v3spsa---
στρατηλάταις	strathla/tais	στρατηλάτης	strathla/ths	n-p---md-
στρατηλάταν	strathla/tan	στρατηλάτης	strathla/ths	n-s---ma-
στρατηλάταν	strathla/tan	στρατηλάτης	strathla/ths	n-s---ma-
στρατηλάτας	strathla/tas	στρατηλάτης	strathla/ths	n-p---ma-
στρατηλάτας	strathla/tas	στρατηλάτης	strathla/ths	n-s---mn-
στρατηλάτης	strathla/ths	στρατηλάτης	strathla/ths	n-s---mn-
στρατηλάτης	strathla/ths	στρατηλατέω	strathlate/w	v2siia---
στρατηλάτου	strathla/tou	στρατηλάτης	strathla/ths	n-s---mg-
στρατοπέδου	stratope/dou	στρατόπεδον	strato/pedon	n-s---ng-
στρατοῦ	stratou=	στρατάω#	strata/w%2	v2spme---
στρατοῦ	stratou=	στρατός	strato/s	n-s---mg-
στρατοῦ	stratou=	στρατόω	strato/w	v2spme---
στρατοῦ	stratou=	στρατόω	strato/w	v2siie---
στρατόν	strato/n	στρατός	strato/s	n-s---ma-
στρατός	strato/s	στρατός	strato/s	n-s---mn-
στρατῷ	stratw=|	στρατάω#	strata/w%2	v3spoa---
στρατῷ	stratw=|	στρατός	strato/s	n-s---md-
στράτευμα	stra/teuma	στράτευμα	stra/teuma	n-s---nn-
στράτευμα	stra/teuma	στράτευμα	stra/teuma	n-s---nv-
στράτευμα	stra/teuma	στράτευμα	stra/teuma	n-s---na-
στρέφει	stre/fei	στρέφω	stre/fw	v2spie---
στρέφει	stre/fei	στρέφω	stre/fw	v3spia---
στυγνότατον	stugno/taton	στυγνός	stugno/s	a-s---mas
στυγνότατον	stugno/taton	στυγνός	stugno/s	a-s---nns
στυγνότατον	stugno/taton	στυγνός	stugno/s	a-s---nvs
στυγνότατον	stugno/taton	στυγνός	stugno/s	a-s---nas
στάχυν	sta/xun	στάχυς	sta/xus	n-s---ma-
στάχυς	sta/xus	στάχυς	sta/xus	n-p---ma-
στάχυς	sta/xus	στάχυς	sta/xus	n-p---mn-
στάχυς	sta/xus	στάχυς	sta/xus	n-p---mv-
στάχυς	sta/xus	στάχυς	sta/xus	n-s---mn-
στέμματ’	ste/mmat'	στέμμα	ste/mma	n-p---nn-
στέμματ’	ste/mmat'	στέμμα	ste/mma	n-p---nv-
στέμματ’	ste/mmat'	στέμμα	ste/mma	n-p---na-
στέμματ’	ste/mmat'	στέμμα	ste/mma	n-s---nd-
στέμματ’	ste/mmat'	στέμμα	ste/mma	n-d---nn-
στέμματ’	ste/mmat'	στέμμα	ste/mma	n-d---nv-
στέμματ’	ste/mmat'	στέμμα	ste/mma	n-d---na-
στένεις	ste/neis	στένω	ste/nw	v2spia---
στένων	ste/nwn	στένω	ste/nw	v-sppamn-
στένων	ste/nwn	στενόω	steno/w	v3piia---
στένων	ste/nwn	στενόω	steno/w	v1siia---
στέργειν	ste/rgein	στέργω	ste/rgw	v--pna---
στέρεσθαι	ste/resqai	στέρομαι	ste/romai	v--pne---
στέρνων	ste/rnwn	στέρνον	ste/rnon	n-p---ng-
στέρνῳ	ste/rnw|	στέρνον	ste/rnon	n-s---nd-
στέφανοι	ste/fanoi	στέφανος	ste/fanos	n-p---mn-
στέφανοι	ste/fanoi	στέφανος	ste/fanos	n-p---mv-
στέφανον	ste/fanon	στέφανος	ste/fanos	n-s---ma-
στέφη	ste/fh	στέφος	ste/fos	n-p---nn-
στέφη	ste/fh	στέφος	ste/fos	n-p---nv-
στέφη	ste/fh	στέφος	ste/fos	n-p---na-
στέφη	ste/fh	στέφος	ste/fos	n-d---nn-
στέφη	ste/fh	στέφος	ste/fos	n-d---nv-
στέφη	ste/fh	στέφος	ste/fos	n-d---na-
στίχες	sti/xes	στείχω	stei/xw	v2saia---
στίχες	sti/xes	στίξ	sti/c	n-p---fn-
στίχες	sti/xes	στίξ	sti/c	n-p---fv-
στόλος	sto/los	στόλος	sto/los	n-s---mn-
στόμα	sto/ma	στόμα	sto/ma	n-s---nn-
στόμα	sto/ma	στόμα	sto/ma	n-s---nv-
στόμα	sto/ma	στόμα	sto/ma	n-s---na-
στόματι	sto/mati	στόμα	sto/ma	n-s---nd-
στῆσαί	sth=sai/	ἵστημι	i(/sthmi	v2samm---
στῆσαί	sth=sai/	ἵστημι	i(/sthmi	v--ana---
συγγενές	suggene/s	συγγενής	suggenh/s	n-s---mv-
συγγενές	suggene/s	συγγενής	suggenh/s	n-s---fv-
συγγενές	suggene/s	συγγενής	suggenh/s	n-s---nn-
συγγενές	suggene/s	συγγενής	suggenh/s	n-s---nv-
συγγενές	suggene/s	συγγενής	suggenh/s	n-s---na-
συγγείτον’	suggei/ton'	συγγείτων	suggei/twn	n-s---ma-
συγγείτον’	suggei/ton'	συγγείτων	suggei/twn	n-s---fa-
συγγείτον’	suggei/ton'	συγγείτων	suggei/twn	n-s---md-
συγγείτον’	suggei/ton'	συγγείτων	suggei/twn	n-s---fd-
συγγείτον’	suggei/ton'	συγγείτων	suggei/twn	n-d---mn-
συγγείτον’	suggei/ton'	συγγείτων	suggei/twn	n-d---mv-
συγγείτον’	suggei/ton'	συγγείτων	suggei/twn	n-d---ma-
συγγείτον’	suggei/ton'	συγγείτων	suggei/twn	n-d---fn-
συγγείτον’	suggei/ton'	συγγείτων	suggei/twn	n-d---fv-
συγγείτον’	suggei/ton'	συγγείτων	suggei/twn	n-d---fa-
συγγνώμην	suggnw/mhn	συγγνώμη	suggnw/mh	n-s---fa-
συγχέοντας	sugxe/ontas	συγχέω	sugxe/w	v-pppama-
συγχέοντας	sugxe/ontas	συγχέω	sugxe/w	v-pppama-
συμμετασχόντες	summetasxo/ntes	συμμετέχω	summete/xw	v-papamn-
συμμετασχόντες	summetasxo/ntes	συμμετέχω	summete/xw	v-papamv-
συμμείξας	summei/cas	συμμίγνυμι	summi/gnumi	v-sapamn-
συμμείξας	summei/cas	συμμίγνυμι	summi/gnumi	v-sapamv-
συμμείξασα	summei/casa	συμμίγνυμι	summi/gnumi	v-sapafn-
συμμείξασα	summei/casa	συμμίγνυμι	summi/gnumi	v-sapafv-
συμμιγνύναι	summignu/nai	συμμίγνυμι	summi/gnumi	v--pna---
συμμάχοις	summa/xois	σύμμαχος	su/mmaxos	n-p---md-
συμμάχοις	summa/xois	σύμμαχος	su/mmaxos	n-p---fd-
συμμάχοις	summa/xois	σύμμαχος	su/mmaxos	n-p---nd-
συμπατάξαντες	sumpata/cantes	συμπατάσσω	sumpata/ssw	v-papamn-
συμπατάξαντες	sumpata/cantes	συμπατάσσω	sumpata/ssw	v-papamv-
συμπατάξαντες	sumpata/cantes	συμπατάσσω	sumpata/ssw	v-papamn-
συμπατάξαντες	sumpata/cantes	συμπατάσσω	sumpata/ssw	v-papamv-
συμπυρουμένῳ	sumpuroume/nw|	συμπυρόω	sumpuro/w	v-sppemd-
συμπυρουμένῳ	sumpuroume/nw|	συμπυρόω	sumpuro/w	v-sppend-
συμπυρουμένῳ	sumpuroume/nw|	συμπυρόω	sumpuro/w	v-sppemd-
συμπυρουμένῳ	sumpuroume/nw|	συμπυρόω	sumpuro/w	v-sppend-
συμπήξας	sumph/cas	συμπήγνυμι	sumph/gnumi	v-sapamn-
συμπήξας	sumph/cas	συμπήγνυμι	sumph/gnumi	v-sapamv-
συμπήξας	sumph/cas	συμπήσσω	sumph/ssw	v-sapamn-
συμπήξας	sumph/cas	συμπήσσω	sumph/ssw	v-sapamv-
συμφοραῖς	sumforai=s	συμφορά	sumfora/	n-p---fd-
συμφοράς	sumfora/s	συμφορά	sumfora/	n-p---fa-
συμφορᾶς	sumfora=s	συμφορά	sumfora/	n-s---fg-
συμφορᾶς	sumfora=s	συμφοράζω	sumfora/zw	v2sfia---
συμφορᾶς	sumfora=s	συμφορεύς	sumforeu/s	n-p---ma-
συνθανεῖν	sunqanei=n	συνθνήσκω	sunqnh/skw	v--ana---
συνθανοῦσα	sunqanou=sa	συνθνήσκω	sunqnh/skw	v-sapafn-
συνθανοῦσα	sunqanou=sa	συνθνήσκω	sunqnh/skw	v-sapafv-
συνθείς	sunqei/s	συντίθημι	sunti/qhmi	v-sapamn-
συνθείς	sunqei/s	συντίθημι	sunti/qhmi	v-sapamv-
συνθνῄσκειν	sunqnh/|skein	συνθνήσκω	sunqnh/skw	v--pna---
συννοσοῦντα	sunnosou=nta	συννοσέω	sunnose/w	v-pppann-
συννοσοῦντα	sunnosou=nta	συννοσέω	sunnose/w	v-pppanv-
συννοσοῦντα	sunnosou=nta	συννοσέω	sunnose/w	v-pppana-
συννοσοῦντα	sunnosou=nta	συννοσέω	sunnose/w	v-sppama-
συννοσοῦντα	sunnosou=nta	συννοσέω	sunnose/w	v-pppann-
συννοσοῦντα	sunnosou=nta	συννοσέω	sunnose/w	v-pppanv-
συννοσοῦντα	sunnosou=nta	συννοσέω	sunnose/w	v-pppana-
συννοσοῦντα	sunnosou=nta	συννοσέω	sunnose/w	v-sppama-
συντακείς	suntakei/s	συντήκω	sunth/kw	v-sappmn-
συντακείς	suntakei/s	συντήκω	sunth/kw	v-sappmv-
συντηχθείς	sunthxqei/s	συντήκω	sunth/kw	v-sappmn-
συντηχθείς	sunthxqei/s	συντήκω	sunth/kw	v-sappmv-
συνάψω	suna/yw	συνάπτω	suna/ptw	v2saim---
συνάψω	suna/yw	συνάπτω	suna/ptw	v1sasa---
συνάψω	suna/yw	συνάπτω	suna/ptw	v1sfia---
συνάψω	suna/yw	συνάπτω	suna/ptw	v1stia---
συνάψω	suna/yw	συνάπτω	suna/ptw	v2saim---
συνέχον	sune/xon	συνόχωκα	suno/xwka	v-sppamv-
συνέχον	sune/xon	συνόχωκα	suno/xwka	v-sppann-
συνέχον	sune/xon	συνόχωκα	suno/xwka	v-sppanv-
συνέχον	sune/xon	συνόχωκα	suno/xwka	v-sppana-
συνῆψα	sunh=ya	συνάπτω	suna/ptw	v1saia---
συνῆψαν	sunh=yan	συνάπτω	suna/ptw	v3paia---
συνῆψ’	sunh=y'	συνάπτω	suna/ptw	v1saia---
συνῆψ’	sunh=y'	συνάπτω	suna/ptw	v2slie---
συνῆψ’	sunh=y'	συνάπτω	suna/ptw	v2srme---
συνῆψ’	sunh=y'	συνάπτω	suna/ptw	v2slie---
συνῆψ’	sunh=y'	συνάπτω	suna/ptw	v3saia---
συνῆψ’	sunh=y'	συνάπτω	suna/ptw	v2srie---
συσκιάζοντας	suskia/zontas	συσκιάζω	suskia/zw	v-pppama-
συσκιάζοντας	suskia/zontas	συσκιάζω	suskia/zw	v-pppama-
συός	suo/s	ὗς	u(=s	n-s---mg-
συός	suo/s	ὗς	u(=s	n-s---fg-
σφαγάς	sfaga/s	σφαγή	sfagh/	n-p---fa-
σφαγέντας	sfage/ntas	σφάζω	sfa/zw	v-pappma-
σφαλερόν	sfalero/n	σφαλερός	sfalero/s	a-s---ma-
σφαλερόν	sfalero/n	σφαλερός	sfalero/s	a-s---nn-
σφαλερόν	sfalero/n	σφαλερός	sfalero/s	a-s---nv-
σφαλερόν	sfalero/n	σφαλερός	sfalero/s	a-s---na-
σφαλέντες	sfale/ntes	σφάλλω	sfa/llw	v-pappmn-
σφαλέντες	sfale/ntes	σφάλλω	sfa/llw	v-pappmv-
σφαλῇς	sfalh=|s	σφάλλω	sfa/llw	v2sasp---
σφε	sfe	σφεῖς	sfei=s	n-p---ma-
σφε	sfe	σφεῖς	sfei=s	n-p---fa-
σφιν	sfin	σφεῖς	sfei=s	n-p---md-
σφιν	sfin	σφεῖς	sfei=s	n-p---fd-
σφριγῶντ’	sfrigw=nt'	σφριγάω	sfriga/w	v-pppann-
σφριγῶντ’	sfrigw=nt'	σφριγάω	sfriga/w	v-pppanv-
σφριγῶντ’	sfrigw=nt'	σφριγάω	sfriga/w	v-pppana-
σφριγῶντ’	sfrigw=nt'	σφριγάω	sfriga/w	v-sppama-
σφριγῶντ’	sfrigw=nt'	σφριγάω	sfriga/w	v-sppamd-
σφριγῶντ’	sfrigw=nt'	σφριγάω	sfriga/w	v-sppand-
σφριγῶντ’	sfrigw=nt'	σφριγάω	sfriga/w	v3ppia---
σφριγῶντ’	sfrigw=nt'	σφριγάω	sfriga/w	v3ppsa---
σφριγῶντ’	sfrigw=nt'	σφριγάω	sfriga/w	v-dppamn-
σφριγῶντ’	sfrigw=nt'	σφριγάω	sfriga/w	v-dppamv-
σφριγῶντ’	sfrigw=nt'	σφριγάω	sfriga/w	v-dppama-
σφριγῶντ’	sfrigw=nt'	σφριγάω	sfriga/w	v-dppann-
σφριγῶντ’	sfrigw=nt'	σφριγάω	sfriga/w	v-dppanv-
σφριγῶντ’	sfrigw=nt'	σφριγάω	sfriga/w	v-dppana-
σφριγῶντ’	sfrigw=nt'	σφριγάω	sfriga/w	v3ppse---
σφριγῶντ’	sfrigw=nt'	σφριγάω	sfriga/w	v3ppie---
σφριγῶντ’	sfrigw=nt'	σφριγάω	sfriga/w	v3ppse---
σφριγῶντ’	sfrigw=nt'	σφριγάω	sfriga/w	v3piie---
σφάγια	sfa/gia	σφάγιον	sfa/gion	n-p---nn-
σφάγια	sfa/gia	σφάγιον	sfa/gion	n-p---nv-
σφάγια	sfa/gia	σφάγιον	sfa/gion	n-p---na-
σφάγια	sfa/gia	σφάγιος	sfa/gios	a-p---nn-
σφάγια	sfa/gia	σφάγιος	sfa/gios	a-p---nv-
σφάγια	sfa/gia	σφάγιος	sfa/gios	a-p---na-
σφάλματ’	sfa/lmat'	σφάλμα	sfa/lma	n-p---nn-
σφάλματ’	sfa/lmat'	σφάλμα	sfa/lma	n-p---nv-
σφάλματ’	sfa/lmat'	σφάλμα	sfa/lma	n-p---na-
σφάλματ’	sfa/lmat'	σφάλμα	sfa/lma	n-s---nd-
σφάλματ’	sfa/lmat'	σφάλμα	sfa/lma	n-d---nn-
σφάλματ’	sfa/lmat'	σφάλμα	sfa/lma	n-d---nv-
σφάλματ’	sfa/lmat'	σφάλμα	sfa/lma	n-d---na-
σφ’	sf'	ἕπομαι	e(/pomai	v2sama---
σφ’	sf'	ἕπομαι	e(/pomai	v3saia---
σφ’	sf'	σφεῖς	sfei=s	n-p---md-
σφ’	sf'	σφεῖς	sfei=s	n-p---fd-
σφ’	sf'	σφεῖς	sfei=s	n-p---ma-
σφ’	sf'	σφεῖς	sfei=s	n-p---fa-
σφ’	sf'	σφός	sfo/s	a-s---mv-
σχέτλια	sxe/tlia	σχέτλιος	sxe/tlios	a-p---nn-
σχέτλια	sxe/tlia	σχέτλιος	sxe/tlios	a-p---nv-
σχέτλια	sxe/tlia	σχέτλιος	sxe/tlios	a-p---na-
σχήσετε	sxh/sete	ἔχω	e)/xw	v2pfia---
σχήσετε	sxh/sete	σχάω	sxa/w	v2pasa---
σχήσετε	sxh/sete	σχάω	sxa/w	v2pfia---
σωθείς	swqei/s	σώζω	sw/zw	v-sappmn-
σωθείς	swqei/s	σώζω	sw/zw	v-sappmv-
σωμάτων	swma/twn	σῶμα	sw=ma	n-p---ng-
σωμάτων	swma/twn	σωματόω	swmato/w	v3piia---
σωμάτων	swma/twn	σωματόω	swmato/w	v1siia---
σά	sa/	σός	so/s	a-p---nn-
σά	sa/	σός	so/s	a-p---nv-
σά	sa/	σός	so/s	a-p---na-
σά	sa/	σός	so/s	a-d---fn-
σά	sa/	σός	so/s	a-d---fv-
σά	sa/	σός	so/s	a-d---fa-
σά	sa/	σός	so/s	a-s---fn-
σά	sa/	σός	so/s	a-s---fv-
σάς	sa/s	σός	so/s	a-p---fa-
σάφ’	sa/f'	σάφα	sa/fa	d--------
σέ	se/	σός	so/s	a-s---mv-
σέ	se/	σύ	su/	p-s----a-
σέ	se/	σύ	su/	p-s----a-
σέβει	se/bei	σέβομαι	se/bomai	v2spie---
σέβει	se/bei	σέβος	se/bos	n-d---nn-
σέβει	se/bei	σέβος	se/bos	n-d---nv-
σέβει	se/bei	σέβος	se/bos	n-d---na-
σέβει	se/bei	σέβος	se/bos	n-s---nd-
σέβει	se/bei	σέβος	se/bos	n-s---nd-
σέβει	se/bei	σέβω	se/bw	v3spia---
σέβεις	se/beis	σέβω	se/bw	v2spia---
σέβεσθαι	se/besqai	σέβομαι	se/bomai	v--pne---
σέβονται	se/bontai	σέβομαι	se/bomai	v3ppie---
σέβουσα	se/bousa	σέβω	se/bw	v-sppafn-
σέβουσα	se/bousa	σέβω	se/bw	v-sppafv-
σέθεν	se/qen	σύ	su/	p-s----g-
σέλας	se/las	σέλας	se/las	n-s---ng-
σέλας	se/las	σέλας	se/las	n-s---nn-
σέλας	se/las	σέλας	se/las	n-s---nv-
σέλας	se/las	σέλας	se/las	n-s---na-
σέλας	se/las	σελάω	sela/w	v2siia---
σέμν’	se/mn'	σεμνόν	semno/n	n-p---nn-
σέμν’	se/mn'	σεμνόν	semno/n	n-p---nv-
σέμν’	se/mn'	σεμνόν	semno/n	n-p---na-
σέμν’	se/mn'	σεμνός	semno/s	a-p---nn-
σέμν’	se/mn'	σεμνός	semno/s	a-p---nv-
σέμν’	se/mn'	σεμνός	semno/s	a-p---na-
σέμν’	se/mn'	σεμνός	semno/s	a-d---fn-
σέμν’	se/mn'	σεμνός	semno/s	a-d---fv-
σέμν’	se/mn'	σεμνός	semno/s	a-d---fa-
σέμν’	se/mn'	σεμνός	semno/s	a-s---fn-
σέμν’	se/mn'	σεμνός	semno/s	a-s---fv-
σέμν’	se/mn'	σεμνός	semno/s	a-s---mv-
σέμν’	se/mn'	σεμνός	semno/s	a-p---fn-
σέμν’	se/mn'	σεμνός	semno/s	a-p---fv-
σή	sh/	σός	so/s	a-s---fn-
σή	sh/	σός	so/s	a-s---fv-
σήν	sh/n	σής	sh/s	n-s---ma-
σήν	sh/n	σός	so/s	a-s---fa-
σίδηρον	si/dhron	σίδηρον	si/dhron	n-s---nn-
σίδηρον	si/dhron	σίδηρον	si/dhron	n-s---nv-
σίδηρον	si/dhron	σίδηρον	si/dhron	n-s---na-
σίδηρον	si/dhron	σίδηρος	si/dhros	n-s---ma-
σόν	so/n	σός	so/s	a-s---ma-
σόν	so/n	σός	so/s	a-s---nn-
σόν	so/n	σός	so/s	a-s---nv-
σόν	so/n	σός	so/s	a-s---na-
σός	so/s	σός	so/s	a-s---mn-
σύ	su/	σύ	su/	p-s----n-
σύμβασιν	su/mbasin	σύμβασις	su/mbasis	n-s---fa-
σύμμαχος	su/mmaxos	σύμμαχος	su/mmaxos	n-s---mn-
σύμμαχος	su/mmaxos	σύμμαχος	su/mmaxos	n-s---fn-
σύν	su/n	σύν	su/n	r--------
σύνεσιν	su/nesin	σύνεσις	su/nesis	n-s---fa-
σώμαθ’	sw/maq'	σῶμα	sw=ma	n-p---nn-
σώμαθ’	sw/maq'	σῶμα	sw=ma	n-p---nv-
σώμαθ’	sw/maq'	σῶμα	sw=ma	n-p---na-
σώμαθ’	sw/maq'	σῶμα	sw=ma	n-s---nd-
σώμαθ’	sw/maq'	σῶμα	sw=ma	n-d---nn-
σώμαθ’	sw/maq'	σῶμα	sw=ma	n-d---nv-
σώμαθ’	sw/maq'	σῶμα	sw=ma	n-d---na-
σώματα	sw/mata	σῶμα	sw=ma	n-p---nn-
σώματα	sw/mata	σῶμα	sw=ma	n-p---nv-
σώματα	sw/mata	σῶμα	sw=ma	n-p---na-
σώματ’	sw/mat'	σῶμα	sw=ma	n-p---nn-
σώματ’	sw/mat'	σῶμα	sw=ma	n-p---nv-
σώματ’	sw/mat'	σῶμα	sw=ma	n-p---na-
σώματ’	sw/mat'	σῶμα	sw=ma	n-s---nd-
σώματ’	sw/mat'	σῶμα	sw=ma	n-d---nn-
σώματ’	sw/mat'	σῶμα	sw=ma	n-d---nv-
σώματ’	sw/mat'	σῶμα	sw=ma	n-d---na-
σᾶς	sa=s	σής	sh/s	n-p---ma-
σᾶς	sa=s	σός	so/s	a-s---fg-
σᾷ	sa=|	σός	so/s	a-s---fd-
σῇ	sh=|	σέω	se/w	v2spse---
σῇ	sh=|	σέω	se/w	v2spie---
σῇ	sh=|	σέω	se/w	v3spsa---
σῇ	sh=|	σός	so/s	a-s---fd-
σῖγα	si=ga	σῖγα	si=ga	d--------
σῖγ’	si=g'	σῖγα	si=ga	d--------
σῴζει	sw/|zei	σώζω	sw/zw	v2spie---
σῴζει	sw/|zei	σώζω	sw/zw	v3spia---
σῴζειν	sw/|zein	σώζω	sw/zw	v--pna---
σῴζεσθαι	sw/|zesqai	σώζω	sw/zw	v--pne---
σῴζοντες	sw/|zontes	σώζω	sw/zw	v-pppamn-
σῴζοντες	sw/|zontes	σώζω	sw/zw	v-pppamv-
σῴζων	sw/|zwn	σώζω	sw/zw	v-sppamn-
σῴζῃ	sw/|zh|	σώζω	sw/zw	v2spse---
σῴζῃ	sw/|zh|	σώζω	sw/zw	v2spie---
σῴζῃ	sw/|zh|	σώζω	sw/zw	v3spsa---
σῶμα	sw=ma	σῶμα	sw=ma	n-s---nn-
σῶμα	sw=ma	σῶμα	sw=ma	n-s---nv-
σῶμα	sw=ma	σῶμα	sw=ma	n-s---na-
σῶμά	sw=ma/	σῶμα	sw=ma	n-s---nn-
σῶμά	sw=ma/	σῶμα	sw=ma	n-s---nv-
σῶμά	sw=ma/	σῶμα	sw=ma	n-s---na-
σῶν	sw=n	σέω	se/w	v-sppamn-
σῶν	sw=n	σής	sh/s	n-p---mg-
σῶν	sw=n	σός	so/s	a-p---fg-
σῶν	sw=n	σός	so/s	a-p---mg-
σῶν	sw=n	σός	so/s	a-p---ng-
σῶν	sw=n	σῶς	sw=s	n-s---ma-
σῶν	sw=n	σῶς	sw=s	n-s---fa-
σῶς	sw=s	σός	so/s	x--------
σῶς	sw=s	σῶς	sw=s	n-p---ma-
σῶς	sw=s	σῶς	sw=s	n-p---fa-
σῶς	sw=s	σῶς	sw=s	n-s---mn-
σῶς	sw=s	σῶς	sw=s	n-s---fn-
σῶσον	sw=son	σώζω	sw/zw	v2sama---
σῶσον	sw=son	σώζω	sw/zw	v-sfpamv-
σῶσον	sw=son	σώζω	sw/zw	v-sfpann-
σῶσον	sw=son	σώζω	sw/zw	v-sfpanv-
σῶσον	sw=son	σώζω	sw/zw	v-sfpana-
σῷ	sw=|	σός	so/s	a-s---md-
σῷ	sw=|	σός	so/s	a-s---nd-
ταλαιπώρους	talaipw/rous	ταλαίπωρος	talai/pwros	n-p---ma-
ταλαιπώρους	talaipw/rous	ταλαίπωρος	talai/pwros	n-p---fa-
ταλαιπώρων	talaipw/rwn	ταλαίπωρος	talai/pwros	n-p---mg-
ταλαιπώρων	talaipw/rwn	ταλαίπωρος	talai/pwros	n-p---fg-
ταλαιπώρων	talaipw/rwn	ταλαίπωρος	talai/pwros	n-p---ng-
ταλαίνας	talai/nas	τάλας	ta/las	a-p---fa-
ταλαίνας	talai/nas	τάλας	ta/las	a-s---fg-
ταλαίνᾳ	talai/na|	τάλας	ta/las	a-s---fd-
ταλαίπωροι	talai/pwroi	ταλαίπωρος	talai/pwros	n-p---mn-
ταλαίπωροι	talai/pwroi	ταλαίπωρος	talai/pwros	n-p---mv-
ταλαίπωροι	talai/pwroi	ταλαίπωρος	talai/pwros	n-p---fn-
ταλαίπωροι	talai/pwroi	ταλαίπωρος	talai/pwros	n-p---fv-
ταλαίπωρόν	talai/pwro/n	ταλαίπωρος	talai/pwros	n-s---ma-
ταλαίπωρόν	talai/pwro/n	ταλαίπωρος	talai/pwros	n-s---fa-
ταλαίπωρόν	talai/pwro/n	ταλαίπωρος	talai/pwros	n-s---nn-
ταλαίπωρόν	talai/pwro/n	ταλαίπωρος	talai/pwros	n-s---nv-
ταλαίπωρόν	talai/pwro/n	ταλαίπωρος	talai/pwros	n-s---na-
ταραγμός	taragmo/s	ταραγμός	taragmo/s	n-s---mn-
ταρβεῖτ’	tarbei=t'	ταρβέω	tarbe/w	v3spoe---
ταρβεῖτ’	tarbei=t'	ταρβέω	tarbe/w	v2ppma---
ταρβεῖτ’	tarbei=t'	ταρβέω	tarbe/w	v2ppoa---
ταρβεῖτ’	tarbei=t'	ταρβέω	tarbe/w	v2ppia---
ταρβεῖτ’	tarbei=t'	ταρβέω	tarbe/w	v3spie---
ταρβεῖτ’	tarbei=t'	ταρβέω	tarbe/w	v3siie---
ταρβεῖτ’	tarbei=t'	ταρβέω	tarbe/w	v2piia---
ταρβῶ	tarbw=	ταρβέω	tarbe/w	v1spsa---
ταρβῶ	tarbw=	ταρβέω	tarbe/w	v1spia---
ταφείσας	tafei/sas	θάπτω	qa/ptw	v-pappfa-
ταφείσας	tafei/sas	θάπτω	qa/ptw	v-sappfg-
ταφάς	tafa/s	ταφή	tafh/	n-p---fa-
ταφέντες	tafe/ntes	θάπτω	qa/ptw	v-pappmn-
ταφέντες	tafe/ntes	θάπτω	qa/ptw	v-pappmv-
ταὐτόν	tau)to/n	ταὐτός	tau)to/s	a-s---ma-
ταὐτόν	tau)to/n	ταὐτός	tau)to/s	a-s---nn-
ταὐτόν	tau)to/n	ταὐτός	tau)to/s	a-s---nv-
ταὐτόν	tau)to/n	ταὐτός	tau)to/s	a-s---na-
ταὔθ’	tau)/q'	ταὐτός	tau)to/s	a-p---nn-
ταὔθ’	tau)/q'	ταὐτός	tau)to/s	a-p---nv-
ταὔθ’	tau)/q'	ταὐτός	tau)to/s	a-p---na-
ταὔθ’	tau)/q'	ταὐτός	tau)to/s	a-d---fn-
ταὔθ’	tau)/q'	ταὐτός	tau)to/s	a-d---fv-
ταὔθ’	tau)/q'	ταὐτός	tau)to/s	a-d---fa-
ταὔθ’	tau)/q'	ταὐτός	tau)to/s	a-s---fn-
ταὔθ’	tau)/q'	ταὐτός	tau)to/s	a-s---fv-
ταὔθ’	tau)/q'	ταὐτός	tau)to/s	a-s---mv-
ταὔθ’	tau)/q'	ταὐτός	tau)to/s	a-p---fn-
ταὔθ’	tau)/q'	ταὐτός	tau)to/s	a-p---fv-
ταύτῃ	tau/th|	οὗτος	ou(=tos	n-s---fd-
ταύτῃ	tau/th|	ταύτῃ	tau/th|	d--------
ταῖς	tai=s	ὁ	o(	l-p---fd-
ταῖσδε	tai=sde	ὅδε	o(/de	n-p---fd-
ταῖσδέ	tai=sde/	ὅδε	o(/de	n-p---fd-
ταῖσδ’	tai=sd'	ὅδε	o(/de	n-p---fd-
ταῦθ’	tau=q'	οὗτος	ou(=tos	n-p---nn-
ταῦθ’	tau=q'	οὗτος	ou(=tos	n-p---nv-
ταῦθ’	tau=q'	οὗτος	ou(=tos	n-p---na-
ταῦτα	tau=ta	οὗτος	ou(=tos	n-p---nn-
ταῦτα	tau=ta	οὗτος	ou(=tos	n-p---nv-
ταῦτα	tau=ta	οὗτος	ou(=tos	n-p---na-
τε	te	τε	te	g--------
τεθνεώτων	teqnew/twn	θνήσκω	qnh/skw	v-prpamg-
τεθνεώτων	teqnew/twn	θνήσκω	qnh/skw	v-prpang-
τεθνᾶσιν	teqna=sin	θνήσκω	qnh/skw	v3pria---
τεθρίπποις	teqri/ppois	τέθριππος	te/qrippos	n-p---md-
τεθρίπποις	teqri/ppois	τέθριππος	te/qrippos	n-p---fd-
τεθρίπποις	teqri/ppois	τέθριππος	te/qrippos	n-p---nd-
τεθῇ	teqh=|	τίθημι	ti/qhmi	v3sasp---
τεισάντων	teisa/ntwn	τίνω	ti/nw	v-papamg-
τεισάντων	teisa/ntwn	τίνω	ti/nw	v-papang-
τεισάντων	teisa/ntwn	τίνω	ti/nw	v3pama---
τειχέων	teixe/wn	τεῖχος	tei=xos	n-p---ng-
τειχέων	teixe/wn	τειχέω	teixe/w	v-sppamn-
τεκνουμένους	teknoume/nous	τεκνόω	tekno/w	v-pppema-
τεκνῶν	teknw=n	τεκνόω	tekno/w	v-sppamv-
τεκνῶν	teknw=n	τεκνόω	tekno/w	v-sppann-
τεκνῶν	teknw=n	τεκνόω	tekno/w	v-sppanv-
τεκνῶν	teknw=n	τεκνόω	tekno/w	v-sppana-
τεκνῶν	teknw=n	τεκνόω	tekno/w	v-sppamn-
τεκνῶν	teknw=n	τεκνόω	tekno/w	v--pna---
τεκούσας	tekou/sas	τίκτω	ti/ktw	v-papafa-
τεκούσας	tekou/sas	τίκτω	ti/ktw	v-sapafg-
τεκούσας	tekou/sas	τίκτω	ti/ktw	v-pfpafa-
τεκούσας	tekou/sas	τίκτω	ti/ktw	v-sfpafg-
τεκοῦσα	tekou=sa	τίκτω	ti/ktw	v-sapafn-
τεκοῦσα	tekou=sa	τίκτω	ti/ktw	v-sapafv-
τεκοῦσα	tekou=sa	τίκτω	ti/ktw	v-sfpafn-
τεκοῦσα	tekou=sa	τίκτω	ti/ktw	v-sfpafv-
τεκοῦσι	tekou=si	τίκτω	ti/ktw	v-papamd-
τεκοῦσι	tekou=si	τίκτω	ti/ktw	v-papand-
τεκοῦσι	tekou=si	τίκτω	ti/ktw	v-pfpamd-
τεκοῦσι	tekou=si	τίκτω	ti/ktw	v-pfpand-
τεκοῦσι	tekou=si	τίκτω	ti/ktw	v3pfia---
τεκοῦσ’	tekou=s'	τίκτω	ti/ktw	v-sapafn-
τεκοῦσ’	tekou=s'	τίκτω	ti/ktw	v-sapafv-
τεκοῦσ’	tekou=s'	τίκτω	ti/ktw	v-sfpafn-
τεκοῦσ’	tekou=s'	τίκτω	ti/ktw	v-sfpafv-
τεκοῦσ’	tekou=s'	τίκτω	ti/ktw	v-papamd-
τεκοῦσ’	tekou=s'	τίκτω	ti/ktw	v-papand-
τεκοῦσ’	tekou=s'	τίκτω	ti/ktw	v-pfpamd-
τεκοῦσ’	tekou=s'	τίκτω	ti/ktw	v-pfpand-
τεκοῦσ’	tekou=s'	τίκτω	ti/ktw	v3pfia---
τεκοῦσ’	tekou=s'	τίκτω	ti/ktw	v-papafn-
τεκοῦσ’	tekou=s'	τίκτω	ti/ktw	v-papafv-
τεκοῦσ’	tekou=s'	τίκτω	ti/ktw	v-pfpafn-
τεκοῦσ’	tekou=s'	τίκτω	ti/ktw	v-pfpafv-
τεκόντος	teko/ntos	τίκτω	ti/ktw	v-sapamg-
τεκόντος	teko/ntos	τίκτω	ti/ktw	v-sapang-
τεκών	tekw/n	τίκτω	ti/ktw	v-sapamn-
τελευτάν	teleuta/n	τελευτή	teleuth/	n-s---fa-
τεμεῖ	temei=	τέμνω	te/mnw	v2sfim---
τεμεῖ	temei=	τέμνω	te/mnw	v3sfia---
τεμένη	teme/nh	τέμενος	te/menos	n-p---nn-
τεμένη	teme/nh	τέμενος	te/menos	n-p---nv-
τεμένη	teme/nh	τέμενος	te/menos	n-p---na-
τεμένη	teme/nh	τέμενος	te/menos	n-d---nn-
τεμένη	teme/nh	τέμενος	te/menos	n-d---nv-
τεμένη	teme/nh	τέμενος	te/menos	n-d---na-
τεμών	temw/n	τέμνω	te/mnw	v-sapamn-
τερπνάς	terpna/s	τερπνός	terpno/s	a-p---fa-
τεταγμένον	tetagme/non	τάσσω	ta/ssw	v-srpema-
τεταγμένον	tetagme/non	τάσσω	ta/ssw	v-srpenn-
τεταγμένον	tetagme/non	τάσσω	ta/ssw	v-srpenv-
τεταγμένον	tetagme/non	τάσσω	ta/ssw	v-srpena-
τεταγμένους	tetagme/nous	τάσσω	ta/ssw	v-prpema-
τετακότας	tetako/tas	τείνω	tei/nw	v-prpama-
τετραόροισί	tetrao/roisi/	τετράορος	tetra/oros	n-p---md-
τετραόροισί	tetrao/roisi/	τετράορος	tetra/oros	n-p---fd-
τετραόροισί	tetrao/roisi/	τετράορος	tetra/oros	n-p---nd-
τετραόρων	tetrao/rwn	τετράορος	tetra/oros	n-p---mg-
τετραόρων	tetrao/rwn	τετράορος	tetra/oros	n-p---fg-
τετραόρων	tetrao/rwn	τετράορος	tetra/oros	n-p---ng-
τευχεσφόρον	teuxesfo/ron	τευχεσφόρος	teuxesfo/ros	n-s---ma-
τευχεσφόρον	teuxesfo/ron	τευχεσφόρος	teuxesfo/ros	n-s---fa-
τευχεσφόρον	teuxesfo/ron	τευχεσφόρος	teuxesfo/ros	n-s---nn-
τευχεσφόρον	teuxesfo/ron	τευχεσφόρος	teuxesfo/ros	n-s---nv-
τευχεσφόρον	teuxesfo/ron	τευχεσφόρος	teuxesfo/ros	n-s---na-
τείχεσι	tei/xesi	τεῖχος	tei=xos	n-p---nd-
τεῖναι	tei=nai	τείνω	tei/nw	v2samm---
τεῖναι	tei=nai	τείνω	tei/nw	v--ana---
τι	ti	τις	tis	p-s---nn-
τι	ti	τις	tis	p-s---nv-
τι	ti	τις	tis	p-s---na-
τιθέντα	tiqe/nta	τίθημι	ti/qhmi	v-pppann-
τιθέντα	tiqe/nta	τίθημι	ti/qhmi	v-pppanv-
τιθέντα	tiqe/nta	τίθημι	ti/qhmi	v-pppana-
τιθέντα	tiqe/nta	τίθημι	ti/qhmi	v-sppama-
τιμωρούμενος	timwrou/menos	τιμωρέω	timwre/w	v-sppemn-
τιμωρία	timwri/a	τιμωρία	timwri/a	n-d---fn-
τιμωρία	timwri/a	τιμωρία	timwri/a	n-d---fv-
τιμωρία	timwri/a	τιμωρία	timwri/a	n-d---fa-
τιμωρία	timwri/a	τιμωρία	timwri/a	n-s---fn-
τιμωρία	timwri/a	τιμωρία	timwri/a	n-s---fv-
τιμά	tima/	τιμή	timh/	n-d---fn-
τιμά	tima/	τιμή	timh/	n-d---fv-
τιμά	tima/	τιμή	timh/	n-d---fa-
τιμά	tima/	τιμή	timh/	n-s---fn-
τιμά	tima/	τιμή	timh/	n-s---fv-
τιμάς	tima/s	τιμή	timh/	n-p---fa-
τιμήν	timh/n	τιμή	timh/	n-s---fa-
τιμώμενοι	timw/menoi	τιμάω	tima/w	v-pppemn-
τιμώμενοι	timw/menoi	τιμάω	tima/w	v-pppemv-
τιμώμενοι	timw/menoi	τιμόω	timo/w	v-pppemn-
τιμώμενοι	timw/menoi	τιμόω	timo/w	v-pppemv-
τιμᾶν	tima=n	τιμάω	tima/w	v-sppamv-
τιμᾶν	tima=n	τιμάω	tima/w	v-sppann-
τιμᾶν	tima=n	τιμάω	tima/w	v-sppanv-
τιμᾶν	tima=n	τιμάω	tima/w	v-sppana-
τιμᾶν	tima=n	τιμάω	tima/w	v-sppamn-
τιμᾶν	tima=n	τιμάω	tima/w	v--pna---
τιμᾶν	tima=n	τιμάω	tima/w	v--pna---
τιμᾶν	tima=n	τιμή	timh/	n-p---fg-
τινα	tina	τις	tis	p-s---ma-
τινα	tina	τις	tis	p-s---fa-
τινα	tina	τις	tis	p-p---nn-
τινα	tina	τις	tis	p-p---nv-
τινα	tina	τις	tis	p-p---na-
τις	tis	τις	tis	p-s---mn-
τις	tis	τις	tis	p-s---fn-
τλημόνως	tlhmo/nws	τλήμων	tlh/mwn	x--------
τλημόνως	tlhmo/nws	τλημόνως	tlhmo/nws	d--------
τλάμων	tla/mwn	τλήμων	tlh/mwn	n-s---mn-
τλάμων	tla/mwn	τλήμων	tlh/mwn	n-s---mv-
τλάμων	tla/mwn	τλήμων	tlh/mwn	n-s---fn-
τλάμων	tla/mwn	τλήμων	tlh/mwn	n-s---fv-
τλήμονες	tlh/mones	τλήμων	tlh/mwn	n-p---mn-
τλήμονες	tlh/mones	τλήμων	tlh/mwn	n-p---mv-
τλήμονες	tlh/mones	τλήμων	tlh/mwn	n-p---fn-
τλήμονες	tlh/mones	τλήμων	tlh/mwn	n-p---fv-
τλήμων	tlh/mwn	τλήμων	tlh/mwn	n-s---mn-
τλήμων	tlh/mwn	τλήμων	tlh/mwn	n-s---fn-
τοι	toi	σύ	su/	p-s----d-
τοι	toi	τοι	toi	g--------
τοιαύτην	toiau/thn	τοιοῦτος	toiou=tos	n-s---fa-
τοιαῦθ’	toiau=q'	τοιοῦτος	toiou=tos	n-p---nn-
τοιαῦθ’	toiau=q'	τοιοῦτος	toiou=tos	n-p---nv-
τοιαῦθ’	toiau=q'	τοιοῦτος	toiou=tos	n-p---na-
τοιαῦθ’	toiau=q'	τοιοῦτος	toiou=tos	n-p---fn-
τοιαῦθ’	toiau=q'	τοιοῦτος	toiou=tos	n-p---fv-
τοιγάρ	toiga/r	τοιγάρ	toiga/r	g--------
τοιάδ’	toia/d'	τοιόσδε	toio/sde	n-p---na-
τοιάδ’	toia/d'	τοιόσδε	toio/sde	n-p---nn-
τοιάδ’	toia/d'	τοιόσδε	toio/sde	n-d---fa-
τοιάδ’	toia/d'	τοιόσδε	toio/sde	n-d---fn-
τοιάδ’	toia/d'	τοιόσδε	toio/sde	n-d---fv-
τοιάδ’	toia/d'	τοιόσδε	toio/sde	n-s---fn-
τοιάνδ’	toia/nd'	τοιόσδε	toio/sde	n-s---fa-
τοιόνδε	toio/nde	τοιόσδε	toio/sde	n-s---ma-
τοιόνδε	toio/nde	τοιόσδε	toio/sde	n-s---na-
τοιόνδε	toio/nde	τοιόσδε	toio/sde	n-s---nn-
τοιόσδ’	toio/sd'	τοιόσδε	toio/sde	n-s---mn-
τοιῷδ’	toiw=|d'	τοιόσδε	toio/sde	n-s---md-
τοιῷδ’	toiw=|d'	τοιόσδε	toio/sde	n-s---nd-
τοκεῦσι	tokeu=si	τοκάω	toka/w	v-pppamd-
τοκεῦσι	tokeu=si	τοκάω	toka/w	v-pppand-
τοκεῦσι	tokeu=si	τοκάω	toka/w	v3ppia---
τοκεῦσι	tokeu=si	τοκεύς	tokeu/s	n-p---md-
τοκέας	toke/as	τοκεύς	tokeu/s	n-p---ma-
τολμηρόν	tolmhro/n	τολμηρός	tolmhro/s	a-s---ma-
τολμηρόν	tolmhro/n	τολμηρός	tolmhro/s	a-s---nn-
τολμηρόν	tolmhro/n	τολμηρός	tolmhro/s	a-s---nv-
τολμηρόν	tolmhro/n	τολμηρός	tolmhro/s	a-s---na-
τολμήμαθ’	tolmh/maq'	τόλμημα	to/lmhma	n-p---nn-
τολμήμαθ’	tolmh/maq'	τόλμημα	to/lmhma	n-p---nv-
τολμήμαθ’	tolmh/maq'	τόλμημα	to/lmhma	n-p---na-
τολμήμαθ’	tolmh/maq'	τόλμημα	to/lmhma	n-s---nd-
τολμήμαθ’	tolmh/maq'	τόλμημα	to/lmhma	n-d---nn-
τολμήμαθ’	tolmh/maq'	τόλμημα	to/lmhma	n-d---nv-
τολμήμαθ’	tolmh/maq'	τόλμημα	to/lmhma	n-d---na-
τολμῆσαι	tolmh=sai	τολμάω	tolma/w	v--ana---
τολμῶσιν	tolmw=sin	τολμάω	tolma/w	v-pppamd-
τολμῶσιν	tolmw=sin	τολμάω	tolma/w	v-pppand-
τολμῶσιν	tolmw=sin	τολμάω	tolma/w	v3ppsa---
τολμῶσιν	tolmw=sin	τολμάω	tolma/w	v3ppia---
τολμῶσιν	tolmw=sin	τολμάω	tolma/w	v3ppsa---
τοσόνδε	toso/nde	τοσόσδε	toso/sde	n-s---ma-
τοσόνδε	toso/nde	τοσόσδε	toso/sde	n-s---na-
τοσόνδε	toso/nde	τοσόσδε	toso/sde	n-s---nn-
τοὐκεῖθεν	tou)kei=qen	ἐκεῖθεν	e)kei=qen	d--------
τοὐλεύθερον	tou)leu/qeron	ἐλεύθερος	e)leu/qeros	a-s---ma-
τοὐλεύθερον	tou)leu/qeron	ἐλεύθερος	e)leu/qeros	a-s---nn-
τοὐλεύθερον	tou)leu/qeron	ἐλεύθερος	e)leu/qeros	a-s---nv-
τοὐλεύθερον	tou)leu/qeron	ἐλεύθερος	e)leu/qeros	a-s---na-
τοὐλεύθερον	tou)leu/qeron	ἐλεύθερος	e)leu/qeros	n-s---ma-
τοὐλεύθερον	tou)leu/qeron	ἐλεύθερος	e)leu/qeros	n-s---fa-
τοὐλεύθερον	tou)leu/qeron	ἐλεύθερος	e)leu/qeros	n-s---nn-
τοὐλεύθερον	tou)leu/qeron	ἐλεύθερος	e)leu/qeros	n-s---nv-
τοὐλεύθερον	tou)leu/qeron	ἐλεύθερος	e)leu/qeros	n-s---na-
τοὐμοῦ	tou)mou=	ἐγώ	e)gw/	p-s---mg-
τοὐμοῦ	tou)mou=	ἐγώ	e)gw/	p-s---fg-
τοὐμοῦ	tou)mou=	ἐμέω	e)me/w	v2spme---
τοὐμοῦ	tou)mou=	ἐμός	e)mo/s	a-s---mg-
τοὐμοῦ	tou)mou=	ἐμός	e)mo/s	a-s---ng-
τοὐμόν	tou)mo/n	ἐμός	e)mo/s	a-s---ma-
τοὐμόν	tou)mo/n	ἐμός	e)mo/s	a-s---nn-
τοὐμόν	tou)mo/n	ἐμός	e)mo/s	a-s---nv-
τοὐμόν	tou)mo/n	ἐμός	e)mo/s	a-s---na-
τοὐνθένδε	tou)nqe/nde	ἐνθένδε	e)nqe/nde	d--------
τοί	toi/	ὁ	o(	l-p---mn-
τοί	toi/	σύ	su/	p-s----d-
τοί	toi/	σύ	su/	p-s----d-
τοί	toi/	τοι	toi	g--------
τούς	tou/s	ὁ	o(	l-p---ma-
τούσδε	tou/sde	ὅδε	o(/de	n-p---ma-
τούσδ’	tou/sd'	ὅδε	o(/de	n-p---ma-
τούτοις	tou/tois	οὗτος	ou(=tos	n-p---md-
τούτοις	tou/tois	οὗτος	ou(=tos	n-p---nd-
τούτους	tou/tous	οὗτος	ou(=tos	n-p---ma-
τούτων	tou/twn	οὗτος	ou(=tos	n-p---mg-
τούτων	tou/twn	οὗτος	ou(=tos	n-p---fg-
τούτων	tou/twn	οὗτος	ou(=tos	n-p---ng-
τούτῳ	tou/tw|	οὗτος	ou(=tos	n-s---md-
τούτῳ	tou/tw|	οὗτος	ou(=tos	n-s---nd-
τοῖον	toi=on	τοῖος	toi=os	a-s---ma-
τοῖον	toi=on	τοῖος	toi=os	a-s---nn-
τοῖον	toi=on	τοῖος	toi=os	a-s---nv-
τοῖον	toi=on	τοῖος	toi=os	a-s---na-
τοῖς	toi=s	ὁ	o(	l-p---md-
τοῖς	toi=s	ὁ	o(	l-p---nd-
τοῖσδε	toi=sde	ὅδε	o(/de	n-p---md-
τοῖσδε	toi=sde	ὅδε	o(/de	n-p---nd-
τοῖσδ’	toi=sd'	ὅδε	o(/de	n-p---md-
τοῖσδ’	toi=sd'	ὅδε	o(/de	n-p---nd-
τοῖσι	toi=si	ὁ	o(	l-p---md-
τοῖσι	toi=si	ὁ	o(	l-p---nd-
τοῖσι	toi=si	τίς	ti/s	n-p----d-
τοῖσιν	toi=sin	ὁ	o(	l-p---md-
τοῖσιν	toi=sin	ὁ	o(	l-p---nd-
τοῖσιν	toi=sin	τίς	ti/s	n-p----d-
τοῦ	tou=	ὁ	o(	l-s---mg-
τοῦ	tou=	ὁ	o(	l-s---ng-
τοῦ	tou=	τίς	ti/s	n-s----g-
τοῦ	tou=	τις	tis	p-s----g-
τοῦδε	tou=de	ὅδε	o(/de	n-s---mg-
τοῦδε	tou=de	ὅδε	o(/de	n-s---ng-
τοῦτο	tou=to	οὗτος	ou(=tos	n-s---nn-
τοῦτο	tou=to	οὗτος	ou(=tos	n-s---nv-
τοῦτο	tou=to	οὗτος	ou(=tos	n-s---na-
τοῦτον	tou=ton	οὗτος	ou(=tos	n-s---ma-
τραπέζαις	trape/zais	τράπεζα	tra/peza	n-p---fd-
τραπέσθαι	trape/sqai	τρέπω	tre/pw	v--anm---
τραφῆναι	trafh=nai	τρέφω	tre/fw	v--anp---
τραχήλους	traxh/lous	τράχηλος	tra/xhlos	n-p---ma-
τραῦμα	trau=ma	τραῦμα	trau=ma	n-s---nn-
τραῦμα	trau=ma	τραῦμα	trau=ma	n-s---nv-
τραῦμα	trau=ma	τραῦμα	trau=ma	n-s---na-
τρεῖς	trei=s	τρέω	tre/w	v2spia---
τρεῖς	trei=s	τρέω	tre/w	v2siia---
τρεῖς	trei=s	τρεῖς	trei=s	m-p---mn-
τρεῖς	trei=s	τρεῖς	trei=s	m-p---mv-
τρεῖς	trei=s	τρεῖς	trei=s	m-p---ma-
τρεῖς	trei=s	τρεῖς	trei=s	m-p---fn-
τρεῖς	trei=s	τρεῖς	trei=s	m-p---fv-
τρεῖς	trei=s	τρεῖς	trei=s	m-p---fa-
τριῶν	triw=n	τρεῖς	trei=s	m-p---mg-
τριῶν	triw=n	τρεῖς	trei=s	m-p---fg-
τριῶν	triw=n	τρεῖς	trei=s	m-p---ng-
τριῶν	triw=n	τρίζω	tri/zw	v-sfpamn-
τριῶν	triw=n	τριάξω	tria/cw	v-sfpamv-
τριῶν	triw=n	τριάξω	tria/cw	v-sfpann-
τριῶν	triw=n	τριάξω	tria/cw	v-sfpanv-
τριῶν	triw=n	τριάξω	tria/cw	v-sfpana-
τριῶν	triw=n	τριάξω	tria/cw	v-sfpamn-
τριῶν	triw=n	τριάζω	tria/zw	v-sfpamv-
τριῶν	triw=n	τριάζω	tria/zw	v-sfpann-
τριῶν	triw=n	τριάζω	tria/zw	v-sfpanv-
τριῶν	triw=n	τριάζω	tria/zw	v-sfpana-
τριῶν	triw=n	τριάζω	tria/zw	v-sfpamn-
τροπαῖα	tropai=a	τροπαῖος	tropai=os	a-p---nn-
τροπαῖα	tropai=a	τροπαῖος	tropai=os	a-p---nv-
τροπαῖα	tropai=a	τροπαῖος	tropai=os	a-p---na-
τροφαί	trofai/	τροφή	trofh/	n-p---fn-
τροφαί	trofai/	τροφή	trofh/	n-p---fv-
τροφήν	trofh/n	τροφή	trofh/	n-s---fa-
τροφῇ	trofh=|	τρέφω	tre/fw	v2spse---
τροφῇ	trofh=|	τρέφω	tre/fw	v2spie---
τροφῇ	trofh=|	τρέφω	tre/fw	v3spsa---
τροφῇ	trofh=|	τροφέω	trofe/w	v2spse---
τροφῇ	trofh=|	τροφέω	trofe/w	v2spie---
τροφῇ	trofh=|	τροφέω	trofe/w	v3spsa---
τροφῇ	trofh=|	τροφεύς	trofeu/s	n-s---md-
τροφῇ	trofh=|	τροφή	trofh/	n-s---fd-
τρυφᾷ	trufa=|	τρυφάω	trufa/w	v2spse---
τρυφᾷ	trufa=|	τρυφάω	trufa/w	v2spie---
τρυφᾷ	trufa=|	τρυφάω	trufa/w	v3spsa---
τρυφᾷ	trufa=|	τρυφάω	trufa/w	v3spia---
τρυφᾷ	trufa=|	τρυφή	trufh/	n-s---fd-
τρυφῶμεν	trufw=men	θρύπτω	qru/ptw	v1pasp---
τρυφῶμεν	trufw=men	τρυφάω	trufa/w	v1ppsa---
τρυφῶμεν	trufw=men	τρυφάω	trufa/w	v1ppia---
τρυφῶμεν	trufw=men	τρυφάω	trufa/w	v1ppsa---
τρυφῶμεν	trufw=men	τρυφάω	trufa/w	v1piia---
τρέφῃ	tre/fh|	τρέφω	tre/fw	v2spse---
τρέφῃ	tre/fh|	τρέφω	tre/fw	v2spie---
τρέφῃ	tre/fh|	τρέφω	tre/fw	v3spsa---
τρία	tri/a	τρεῖς	trei=s	m-p---nn-
τρία	tri/a	τρεῖς	trei=s	m-p---nv-
τρία	tri/a	τρεῖς	trei=s	m-p---na-
τρία	tri/a	τρία	tri/a	n-p---nn-
τρία	tri/a	τρία	tri/a	n-p---nv-
τρία	tri/a	τρία	tri/a	n-p---na-
τρίοδον	tri/odon	τρίοδος	tri/odos	n-s---fa-
τρίποδος	tri/podos	τρίπους	tri/pous	n-s---mg-
τρίποδος	tri/podos	τρίπους	tri/pous	n-s---fg-
τρίποδος	tri/podos	τρίπους	tri/pous	n-s---ng-
τρίπους	tri/pous	τρίπος	tri/pos	n-p---ma-
τρίπους	tri/pous	τρίπους	tri/pous	n-s---mn-
τρίπους	tri/pous	τρίπους	tri/pous	n-s---mv-
τρίπους	tri/pous	τρίπους	tri/pous	n-s---fn-
τρίπους	tri/pous	τρίπους	tri/pous	n-s---fv-
τρίπους	tri/pous	τρίπους	tri/pous	n-p---ma-
τρίτος	tri/tos	τρίτος	tri/tos	a-s---mn-
τρόποις	tro/pois	τρόπος	tro/pos	n-p---md-
τρόπους	tro/pous	τρόπος	tro/pos	n-p---ma-
τρόπους	tro/pous	τροπόω	tropo/w	v2siia---
τρόπῳ	tro/pw|	τρόπος	tro/pos	n-s---md-
τρώσῃς	trw/sh|s	τιτρώσκω	titrw/skw	v2sasa---
τυγχάνω	tugxa/nw	τυγχάνω	tugxa/nw	v1spsa---
τυγχάνω	tugxa/nw	τυγχάνω	tugxa/nw	v1spia---
τυγχάνῃς	tugxa/nh|s	τυγχάνω	tugxa/nw	v2spsa---
τυραννίδος	turanni/dos	τυραννίς	turanni/s	n-s---fg-
τυράννοις	tura/nnois	τύραννος	tu/rannos	n-p---md-
τυράννοις	tura/nnois	τύραννος	tu/rannos	n-p---nd-
τυράννου	tura/nnou	τύραννος	tu/rannos	n-s---mg-
τυράννῳ	tura/nnw|	τύραννος	tu/rannos	n-s---md-
τυχεῖν	tuxei=n	τυγχάνω	tugxa/nw	v--ana---
τυχούσας	tuxou/sas	τυγχάνω	tugxa/nw	v-papafa-
τυχούσας	tuxou/sas	τυγχάνω	tugxa/nw	v-sapafg-
τἀγάθ’	ta)ga/q'	ἀγαθίς	a)gaqi/s	n-s---fv-
τἀγάθ’	ta)ga/q'	ἀγαθός	a)gaqo/s	a-p---nn-
τἀγάθ’	ta)ga/q'	ἀγαθός	a)gaqo/s	a-p---nv-
τἀγάθ’	ta)ga/q'	ἀγαθός	a)gaqo/s	a-p---na-
τἀγάθ’	ta)ga/q'	ἀγαθός	a)gaqo/s	a-d---fn-
τἀγάθ’	ta)ga/q'	ἀγαθός	a)gaqo/s	a-d---fv-
τἀγάθ’	ta)ga/q'	ἀγαθός	a)gaqo/s	a-d---fa-
τἀγάθ’	ta)ga/q'	ἀγαθός	a)gaqo/s	a-s---fn-
τἀγάθ’	ta)ga/q'	ἀγαθός	a)gaqo/s	a-s---fv-
τἀγάθ’	ta)ga/q'	ἀγαθός	a)gaqo/s	a-s---mv-
τἀγάθ’	ta)ga/q'	ἀγαθός	a)gaqo/s	a-p---fn-
τἀγάθ’	ta)ga/q'	ἀγαθός	a)gaqo/s	a-p---fv-
τἀγάθ’	ta)ga/q'	ἀγαστός	a)gasto/s	a-p---nn-
τἀγάθ’	ta)ga/q'	ἀγαστός	a)gasto/s	a-p---nv-
τἀγάθ’	ta)ga/q'	ἀγαστός	a)gasto/s	a-p---na-
τἀγάθ’	ta)ga/q'	ἀγαστός	a)gasto/s	a-d---fn-
τἀγάθ’	ta)ga/q'	ἀγαστός	a)gasto/s	a-d---fv-
τἀγάθ’	ta)ga/q'	ἀγαστός	a)gasto/s	a-d---fa-
τἀγάθ’	ta)ga/q'	ἀγαστός	a)gasto/s	a-s---fn-
τἀγάθ’	ta)ga/q'	ἀγαστός	a)gasto/s	a-s---fv-
τἀγάθ’	ta)ga/q'	ἀγαστός	a)gasto/s	a-s---mv-
τἀγάθ’	ta)ga/q'	ἀγαστός	a)gasto/s	a-p---fn-
τἀγάθ’	ta)ga/q'	ἀγαστός	a)gasto/s	a-p---fv-
τἀγάθ’	ta)ga/q'	ἀγατός	a)gato/s	a-p---nn-
τἀγάθ’	ta)ga/q'	ἀγατός	a)gato/s	a-p---nv-
τἀγάθ’	ta)ga/q'	ἀγατός	a)gato/s	a-p---na-
τἀγάθ’	ta)ga/q'	ἀγατός	a)gato/s	a-d---fn-
τἀγάθ’	ta)ga/q'	ἀγατός	a)gato/s	a-d---fv-
τἀγάθ’	ta)ga/q'	ἀγατός	a)gato/s	a-d---fa-
τἀγάθ’	ta)ga/q'	ἀγατός	a)gato/s	a-s---fn-
τἀγάθ’	ta)ga/q'	ἀγατός	a)gato/s	a-s---fv-
τἀγάθ’	ta)ga/q'	ἀγατός	a)gato/s	a-s---mv-
τἀγάθ’	ta)ga/q'	ἀγατός	a)gato/s	a-p---fn-
τἀγάθ’	ta)ga/q'	ἀγατός	a)gato/s	a-p---fv-
τἀκεῖ	ta)kei=	ἀκέομαι	a)ke/omai	v2sfim---
τἀκεῖ	ta)kei=	ἀκέομαι	a)ke/omai	v2spie---
τἀκεῖ	ta)kei=	ἀκέω	a)ke/w	v2spie---
τἀκεῖ	ta)kei=	ἀκέω	a)ke/w	v3spia---
τἀκεῖ	ta)kei=	ἐκεῖ	e)kei=	d--------
τἀλλήλων	ta)llh/lwn	ἀλλήλων	a)llh/lwn	n-p---ng-
τἀλλήλων	ta)llh/lwn	ἀλλήλων	a)llh/lwn	n-p---fg-
τἀλλήλων	ta)llh/lwn	ἀλλήλων	a)llh/lwn	n-p---mg-
τἀμά	ta)ma/	ἁμόσ1	a(mo/s1	a-p---nn-
τἀμά	ta)ma/	ἁμόσ1	a(mo/s1	a-p---nv-
τἀμά	ta)ma/	ἁμόσ1	a(mo/s1	a-p---na-
τἀμά	ta)ma/	ἁμόσ1	a(mo/s1	a-d---fn-
τἀμά	ta)ma/	ἁμόσ1	a(mo/s1	a-d---fv-
τἀμά	ta)ma/	ἁμόσ1	a(mo/s1	a-d---fa-
τἀμά	ta)ma/	ἁμόσ1	a(mo/s1	a-s---fn-
τἀμά	ta)ma/	ἁμόσ1	a(mo/s1	a-s---fv-
τἀμά	ta)ma/	ἐμός	e)mo/s	a-p---nn-
τἀμά	ta)ma/	ἐμός	e)mo/s	a-p---nv-
τἀμά	ta)ma/	ἐμός	e)mo/s	a-p---na-
τἀμά	ta)ma/	ἐμός	e)mo/s	a-d---fn-
τἀμά	ta)ma/	ἐμός	e)mo/s	a-d---fv-
τἀμά	ta)ma/	ἐμός	e)mo/s	a-d---fa-
τἀμά	ta)ma/	ἐμός	e)mo/s	a-s---fn-
τἀμά	ta)ma/	ἐμός	e)mo/s	a-s---fv-
τἀμά	ta)ma/	ἡμός	h(mo/s	a-p---nn-
τἀμά	ta)ma/	ἡμός	h(mo/s	a-p---nv-
τἀμά	ta)ma/	ἡμός	h(mo/s	a-p---na-
τἀμά	ta)ma/	ἡμός	h(mo/s	a-d---fn-
τἀμά	ta)ma/	ἡμός	h(mo/s	a-d---fv-
τἀμά	ta)ma/	ἡμός	h(mo/s	a-d---fa-
τἀμά	ta)ma/	ἡμός	h(mo/s	a-s---fn-
τἀμά	ta)ma/	ἡμός	h(mo/s	a-s---fv-
τἀναγκαῖ’	ta)nagkai='	ἀνάγκη	a)na/gkh	n-p---fn-
τἀναγκαῖ’	ta)nagkai='	ἀνάγκη	a)na/gkh	n-p---fv-
τἀναγκαῖ’	ta)nagkai='	ἀναγκαῖον	a)nagkai=on	n-p---nn-
τἀναγκαῖ’	ta)nagkai='	ἀναγκαῖον	a)nagkai=on	n-p---nv-
τἀναγκαῖ’	ta)nagkai='	ἀναγκαῖον	a)nagkai=on	n-p---na-
τἀναγκαῖ’	ta)nagkai='	ἀναγκαῖος	a)nagkai=os	a-p---nn-
τἀναγκαῖ’	ta)nagkai='	ἀναγκαῖος	a)nagkai=os	a-p---nv-
τἀναγκαῖ’	ta)nagkai='	ἀναγκαῖος	a)nagkai=os	a-p---na-
τἀναγκαῖ’	ta)nagkai='	ἀναγκαῖος	a)nagkai=os	n-p---nn-
τἀναγκαῖ’	ta)nagkai='	ἀναγκαῖος	a)nagkai=os	n-p---nv-
τἀναγκαῖ’	ta)nagkai='	ἀναγκαῖος	a)nagkai=os	n-p---na-
τἀναγκαῖ’	ta)nagkai='	ἀναγκαῖος	a)nagkai=os	a-s---mv-
τἀναγκαῖ’	ta)nagkai='	ἀναγκαῖος	a)nagkai=os	n-s---mv-
τἀναγκαῖ’	ta)nagkai='	ἀναγκαῖος	a)nagkai=os	n-s---fv-
τἀναγκαῖ’	ta)nagkai='	ἀναγκαῖος	a)nagkai=os	a-p---fn-
τἀναγκαῖ’	ta)nagkai='	ἀναγκαῖος	a)nagkai=os	a-p---fv-
τἀνδρεῖον	ta)ndrei=on	ἀνδρεῖος	a)ndrei=os	a-s---ma-
τἀνδρεῖον	ta)ndrei=on	ἀνδρεῖος	a)ndrei=os	a-s---nn-
τἀνδρεῖον	ta)ndrei=on	ἀνδρεῖος	a)ndrei=os	a-s---nv-
τἀνδρεῖον	ta)ndrei=on	ἀνδρεῖος	a)ndrei=os	a-s---na-
τἀνθρώπων	ta)nqrw/pwn	ἄνθρωπος	a)/nqrwpos	n-p---mg-
τἀνθένδ’	ta)nqe/nd'	ἐνθένδε	e)nqe/nde	d--------
τἀντία	ta)nti/a	ἀντίον	a)nti/on	n-p---nn-
τἀντία	ta)nti/a	ἀντίον	a)nti/on	n-p---nv-
τἀντία	ta)nti/a	ἀντίον	a)nti/on	n-p---na-
τἀντία	ta)nti/a	ἀντίος	a)nti/os	a-p---nn-
τἀντία	ta)nti/a	ἀντίος	a)nti/os	a-p---nv-
τἀντία	ta)nti/a	ἀντίος	a)nti/os	a-p---na-
τἀντία	ta)nti/a	ἀντίος	a)nti/os	a-d---fn-
τἀντία	ta)nti/a	ἀντίος	a)nti/os	a-d---fv-
τἀντία	ta)nti/a	ἀντίος	a)nti/os	a-d---fa-
τἀντία	ta)nti/a	ἀντίος	a)nti/os	a-s---fn-
τἀντία	ta)nti/a	ἀντίος	a)nti/os	a-s---fv-
τἀντία	ta)nti/a	ἀντιάω	a)ntia/w	v3siia---
τἀντία	ta)nti/a	ἀντιάω	a)ntia/w	v2spma---
τἀνάλωμα	ta)na/lwma	ἀνάλωμα	a)na/lwma	n-s---nn-
τἀνάλωμα	ta)na/lwma	ἀνάλωμα	a)na/lwma	n-s---nv-
τἀνάλωμα	ta)na/lwma	ἀνάλωμα	a)na/lwma	n-s---na-
τἀνάλωμ’	ta)na/lwm'	ἀνάλλομαι	a)na/llomai	v1sasm---
τἀνάλωμ’	ta)na/lwm'	ἀνάλωμα	a)na/lwma	n-s---nn-
τἀνάλωμ’	ta)na/lwm'	ἀνάλωμα	a)na/lwma	n-s---nv-
τἀνάλωμ’	ta)na/lwm'	ἀνάλωμα	a)na/lwma	n-s---na-
τἀνάλωμ’	ta)na/lwm'	ἀναλίσκω	a)nali/skw	v1srie---
τἀνάλωμ’	ta)na/lwm'	ἀναλόω	a)nalo/w	v1srie---
τἀνάλωμ’	ta)na/lwm'	ἐνάλλομαι	e)na/llomai	v1sasm---
τἀρκοῦντ’	ta)rkou=nt'	ἀρκέω	a)rke/w	v-pppann-
τἀρκοῦντ’	ta)rkou=nt'	ἀρκέω	a)rke/w	v-pppanv-
τἀρκοῦντ’	ta)rkou=nt'	ἀρκέω	a)rke/w	v-pppana-
τἀρκοῦντ’	ta)rkou=nt'	ἀρκέω	a)rke/w	v-sppama-
τἀρκοῦντ’	ta)rkou=nt'	ἀρκέω	a)rke/w	v-sppamd-
τἀρκοῦντ’	ta)rkou=nt'	ἀρκέω	a)rke/w	v-sppand-
τἀρκοῦντ’	ta)rkou=nt'	ἀρκέω	a)rke/w	v3ppia---
τἀρκοῦντ’	ta)rkou=nt'	ἀρκέω	a)rke/w	v3piie---
τἀρκοῦντ’	ta)rkou=nt'	ἀρκέω	a)rke/w	v-dppamn-
τἀρκοῦντ’	ta)rkou=nt'	ἀρκέω	a)rke/w	v-dppamv-
τἀρκοῦντ’	ta)rkou=nt'	ἀρκέω	a)rke/w	v-dppama-
τἀρκοῦντ’	ta)rkou=nt'	ἀρκέω	a)rke/w	v-dppann-
τἀρκοῦντ’	ta)rkou=nt'	ἀρκέω	a)rke/w	v-dppanv-
τἀρκοῦντ’	ta)rkou=nt'	ἀρκέω	a)rke/w	v-dppana-
τἀρκοῦντ’	ta)rkou=nt'	ἀρκέω	a)rke/w	v3ppie---
τἄλλα	ta)/lla	ἄλλος	a)/llos	n-p---nn-
τἄλλα	ta)/lla	ἄλλος	a)/llos	n-p---nv-
τἄλλα	ta)/lla	ἄλλος	a)/llos	n-p---na-
τἄλλα	ta)/lla	ἄλλος	a)/llos	n-d---fn-
τἄλλα	ta)/lla	ἄλλος	a)/llos	n-d---fv-
τἄλλα	ta)/lla	ἄλλος	a)/llos	n-d---fa-
τἄλλα	ta)/lla	ἄλλος	a)/llos	n-s---fn-
τἄλλα	ta)/lla	ἄλλος	a)/llos	n-s---fv-
τἄρα	ta)/ra	ἄρα	a)/ra	g--------
τἄρα	ta)/ra	ἄρον	a)/ron	n-p---nn-
τἄρα	ta)/ra	ἄρον	a)/ron	n-p---nv-
τἄρα	ta)/ra	ἄρον	a)/ron	n-p---na-
τἄρα	ta)/ra	ἄρος	a)/ros	n-p---nn-
τἄρα	ta)/ra	ἄρος	a)/ros	n-p---nv-
τἄρα	ta)/ra	ἄρος	a)/ros	n-p---na-
τἄρα	ta)/ra	ἔρα	e)/ra	n-d---fn-
τἄρα	ta)/ra	ἔρα	e)/ra	n-d---fv-
τἄρα	ta)/ra	ἔρα	e)/ra	n-d---fa-
τἄρα	ta)/ra	ἔρα	e)/ra	n-s---fn-
τἄρα	ta)/ra	ἔρα	e)/ra	n-s---fv-
τἄρα	ta)/ra	ἔραμαι	e)/ramai	v2spme---
τἄρα	ta)/ra	ἔροσ2	e)/ros2	n-p---nn-
τἄρα	ta)/ra	ἔροσ2	e)/ros2	n-p---nv-
τἄρα	ta)/ra	ἔροσ2	e)/ros2	n-p---na-
τἄρα	ta)/ra	ἐράω1	e)ra/w1	v2spma---
τἄρα	ta)/ra	ἐράω2	e)ra/w2	v2spma---
τά	ta/	ὁ	o(	l-p---na-
τά	ta/	ὁ	o(	l-p---nn-
τά	ta/	ὁ	o(	l-p---nv-
τά	ta/	ὁ	o(	l-p---na-
τά	ta/	ὁ	o(	l-d---fa-
τά	ta/	ὁ	o(	l-d---fn-
τά	ta/	ὁ	o(	l-d---fv-
τά	ta/	ὁ	o(	l-d---fa-
τά	ta/	τίς	ti/s	n-p---nn-
τά	ta/	τίς	ti/s	n-p---nv-
τά	ta/	τίς	ti/s	n-p---na-
τάδε	ta/de	ὅδε	o(/de	n-p---na-
τάδε	ta/de	ὅδε	o(/de	n-p---nn-
τάδε	ta/de	ὅδε	o(/de	n-d---fa-
τάδε	ta/de	ὅδε	o(/de	n-d---fn-
τάδε	ta/de	ὅδε	o(/de	n-d---fv-
τάλαινα	ta/laina	τάλας	ta/las	a-s---fn-
τάλαινα	ta/laina	τάλας	ta/las	a-s---fv-
τάλαιναι	ta/lainai	τάλας	ta/las	a-p---fn-
τάλαιναι	ta/lainai	τάλας	ta/las	a-p---fv-
τάλαιναν	ta/lainan	τάλας	ta/las	a-s---fa-
τάλαιν’	ta/lain'	τάλας	ta/las	a-s---fn-
τάλαιν’	ta/lain'	τάλας	ta/las	a-s---fv-
τάλαιν’	ta/lain'	τάλας	ta/las	a-p---fn-
τάλαιν’	ta/lain'	τάλας	ta/las	a-p---fv-
τάλας	ta/las	τάλας	ta/las	a-s---mn-
τάν	ta/n	ὁ	o(	l-s---fa-
τάνδε	ta/nde	ὅδε	o(/de	n-s---fa-
τάξιν	ta/cin	τάξις	ta/cis	n-s---fa-
τάξῃ	ta/ch|	τάξις	ta/cis	n-s---fd-
τάξῃ	ta/ch|	τάσσω	ta/ssw	v2sasm---
τάξῃ	ta/ch|	τάσσω	ta/ssw	v3sasa---
τάξῃ	ta/ch|	τάσσω	ta/ssw	v2sfim---
τάξῃ	ta/ch|	τήκω	th/kw	v2sfim---
τάς	ta/s	ὁ	o(	l-p---fa-
τάσδε	ta/sde	ὅδε	o(/de	n-p---fa-
τάσδε	ta/sde	τάσσω	ta/ssw	v2spma---
τάσδε	ta/sde	τάσσω	ta/ssw	v3siia---
τάσδ’	ta/sd'	ὅδε	o(/de	n-p---fa-
τάσδ’	ta/sd'	τάσσω	ta/ssw	v2spma---
τάσδ’	ta/sd'	τάσσω	ta/ssw	v3siia---
τάφον	ta/fon	τάφοσ1	ta/fos1	n-s---ma-
τάφον	ta/fon	τέθηπα	te/qhpa	v3paia---
τάφον	ta/fon	τέθηπα	te/qhpa	v1saia---
τάφου	ta/fou	τάφοσ1	ta/fos1	n-s---mg-
τάφου	ta/fou	τέθηπα	te/qhpa	v2saim---
τάφων	ta/fwn	τάφοσ1	ta/fos1	n-p---mg-
τάφῳ	ta/fw|	τάφοσ1	ta/fos1	n-s---md-
τάχιστα	ta/xista	τάχιστος	ta/xistos	a-p---nn-
τάχιστα	ta/xista	τάχιστος	ta/xistos	a-p---nv-
τάχιστα	ta/xista	τάχιστος	ta/xistos	a-p---na-
τάχιστα	ta/xista	ταχύς	taxu/s	a-p---nn-
τάχιστα	ta/xista	ταχύς	taxu/s	a-p---nv-
τάχιστα	ta/xista	ταχύς	taxu/s	a-p---na-
τάχος	ta/xos	τάχος	ta/xos	n-s---nn-
τάχος	ta/xos	τάχος	ta/xos	n-s---nv-
τάχος	ta/xos	τάχος	ta/xos	n-s---na-
τάχους	ta/xous	τάχος	ta/xos	n-s---ng-
τάχ’	ta/x'	τάχα	ta/xa	d--------
τέγγων	te/ggwn	τέγγω	te/ggw	v-sppamn-
τέγξω	te/gcw	τέγγω	te/ggw	v1sasa---
τέγξω	te/gcw	τέγγω	te/ggw	v1sfia---
τέγξω	te/gcw	τέγγω	te/ggw	v2saim---
τέθριππον	te/qrippon	τέθριππος	te/qrippos	n-s---ma-
τέθριππον	te/qrippon	τέθριππος	te/qrippos	n-s---fa-
τέθριππον	te/qrippon	τέθριππος	te/qrippos	n-s---nn-
τέθριππον	te/qrippon	τέθριππος	te/qrippos	n-s---nv-
τέθριππον	te/qrippon	τέθριππος	te/qrippos	n-s---na-
τέκνα	te/kna	τέκνον	te/knon	n-p---nn-
τέκνα	te/kna	τέκνον	te/knon	n-p---nv-
τέκνα	te/kna	τέκνον	te/knon	n-p---na-
τέκνοις	te/knois	τέκνον	te/knon	n-p---nd-
τέκνον	te/knon	τέκνον	te/knon	n-s---nn-
τέκνον	te/knon	τέκνον	te/knon	n-s---nv-
τέκνον	te/knon	τέκνον	te/knon	n-s---na-
τέκνων	te/knwn	τέκνον	te/knon	n-p---ng-
τέκνων	te/knwn	τεκνόω	tekno/w	v3piia---
τέκνων	te/knwn	τεκνόω	tekno/w	v1siia---
τέκνῳ	te/knw|	τέκνον	te/knon	n-s---nd-
τέκν’	te/kn'	τέκνον	te/knon	n-p---nn-
τέκν’	te/kn'	τέκνον	te/knon	n-p---nv-
τέκν’	te/kn'	τέκνον	te/knon	n-p---na-
τέλη	te/lh	τέλος	te/los	n-p---nn-
τέλη	te/lh	τέλος	te/los	n-p---nv-
τέλη	te/lh	τέλος	te/los	n-p---na-
τέλη	te/lh	τέλος	te/los	n-d---nn-
τέλη	te/lh	τέλος	te/los	n-d---nv-
τέλη	te/lh	τέλος	te/los	n-d---na-
τέλη	te/lh	τελέω	tele/w	v2spma---
τέλη	te/lh	τελέω	tele/w	v3siia---
τέλους	te/lous	τέλος	te/los	n-s---ng-
τέμνειν	te/mnein	τέμνω	te/mnw	v--pna---
τέρμα	te/rma	τέρμα	te/rma	n-s---nn-
τέρμα	te/rma	τέρμα	te/rma	n-s---nv-
τέρμα	te/rma	τέρμα	te/rma	n-s---na-
τέρμ’	te/rm'	τέρμα	te/rma	n-s---nn-
τέρμ’	te/rm'	τέρμα	te/rma	n-s---nv-
τέρμ’	te/rm'	τέρμα	te/rma	n-s---na-
τέρπειν	te/rpein	τέρπω	te/rpw	v--pna---
τέρπεται	te/rpetai	τέρπω	te/rpw	v3spie---
τέχνην	te/xnhn	τέχνη	te/xnh	n-s---fa-
τέχνης	te/xnhs	τέχνη	te/xnh	n-s---fg-
τήν	th/n	ὁ	o(	l-s---fa-
τήνδε	th/nde	ὅδε	o(/de	n-s---fa-
τήνδ’	th/nd'	ὅδε	o(/de	n-s---fa-
τί	ti/	τίς	ti/s	n-s---nn-
τί	ti/	τίς	ti/s	n-s---nv-
τί	ti/	τίς	ti/s	n-s---na-
τί	ti/	τις	tis	p-s---nn-
τί	ti/	τις	tis	p-s---nv-
τί	ti/	τις	tis	p-s---na-
τίθεσθε	ti/qesqe	τίθημι	ti/qhmi	v2ppme---
τίθεσθε	ti/qesqe	τίθημι	ti/qhmi	v2ppie---
τίθεσθε	ti/qesqe	τίθημι	ti/qhmi	v2piie---
τίκτειν	ti/ktein	τίκτω	ti/ktw	v--pna---
τίκτῃ	ti/kth|	τίκτω	ti/ktw	v2spse---
τίκτῃ	ti/kth|	τίκτω	ti/ktw	v2spie---
τίκτῃ	ti/kth|	τίκτω	ti/ktw	v3spsa---
τίμιος	ti/mios	τίμιος	ti/mios	a-s---mn-
τίμιος	ti/mios	τίμιος	ti/mios	n-s---mn-
τίμιος	ti/mios	τίμιος	ti/mios	n-s---fn-
τίνα	ti/na	τίς	ti/s	n-s---ma-
τίνα	ti/na	τίς	ti/s	n-s---fa-
τίνα	ti/na	τίς	ti/s	n-p---nn-
τίνα	ti/na	τίς	ti/s	n-p---nv-
τίνα	ti/na	τίς	ti/s	n-p---na-
τίνα	ti/na	τις	tis	p-s---ma-
τίνα	ti/na	τις	tis	p-s---fa-
τίνα	ti/na	τις	tis	p-p---nn-
τίνα	ti/na	τις	tis	p-p---nv-
τίνα	ti/na	τις	tis	p-p---na-
τίνες	ti/nes	τίνω	ti/nw	v2spia---
τίνες	ti/nes	τίνω	ti/nw	v2spia---
τίνες	ti/nes	τίνω	ti/nw	v2siia---
τίνες	ti/nes	τίς	ti/s	n-p---mn-
τίνες	ti/nes	τίς	ti/s	n-p---mv-
τίνες	ti/nes	τίς	ti/s	n-p---fn-
τίνες	ti/nes	τίς	ti/s	n-p---fv-
τίνες	ti/nes	τις	tis	p-p---mn-
τίνες	ti/nes	τις	tis	p-p---mv-
τίνες	ti/nes	τις	tis	p-p---fn-
τίνες	ti/nes	τις	tis	p-p---fv-
τίνι	ti/ni	τίς	ti/s	n-s----d-
τίνι	ti/ni	τις	tis	p-s----d-
τίνος	ti/nos	τίς	ti/s	n-s----g-
τίνος	ti/nos	τις	tis	p-s----g-
τίνων	ti/nwn	τίνω	ti/nw	v-sppamn-
τίνων	ti/nwn	τίνω	ti/nw	v-sppamn-
τίνων	ti/nwn	τίς	ti/s	n-p----g-
τίνων	ti/nwn	τις	tis	p-p----g-
τίς	ti/s	τίς	ti/s	n-s---mn-
τίς	ti/s	τίς	ti/s	n-s---fn-
τίς	ti/s	τις	tis	p-s---mn-
τίς	ti/s	τις	tis	p-s---fn-
τό	to/	ὁ	o(	l-s---nn-
τό	to/	ὁ	o(	l-s---nv-
τό	to/	ὁ	o(	l-s---na-
τόδε	to/de	ὅδε	o(/de	n-s---nn-
τόδε	to/de	ὅδε	o(/de	n-s---nv-
τόδε	to/de	ὅδε	o(/de	n-s---na-
τόδ’	to/d'	ὅδε	o(/de	n-s---nn-
τόδ’	to/d'	ὅδε	o(/de	n-s---nv-
τόδ’	to/d'	ὅδε	o(/de	n-s---na-
τόκον	to/kon	τόκος	to/kos	n-s---ma-
τόκος	to/kos	τόκος	to/kos	n-s---mn-
τόλμας	to/lmas	τόλμα	to/lma	n-p---fa-
τόλμας	to/lmas	τόλμα	to/lma	n-s---fg-
τόλμας	to/lmas	τολμάω	tolma/w	v2siia---
τόν	to/n	ὁ	o(	l-s---ma-
τόνδε	to/nde	ὅδε	o(/de	n-s---ma-
τόνδε	to/nde	ὅδε	o(/de	n-s---na-
τόξα	to/ca	τόξον	to/con	n-p---nn-
τόξα	to/ca	τόξον	to/con	n-p---nv-
τόξα	to/ca	τόξον	to/con	n-p---na-
τόξον	to/con	τόξον	to/con	n-s---nn-
τόξον	to/con	τόξον	to/con	n-s---nv-
τόξον	to/con	τόξον	to/con	n-s---na-
τότε	to/te	τότε	to/te	d--------
τότ’	to/t'	τότε	to/te	d--------
τύμβον	tu/mbon	τύμβος	tu/mbos	n-s---ma-
τύμβῳ	tu/mbw|	τύμβος	tu/mbos	n-s---md-
τύραννον	tu/rannon	τύραννος	tu/rannos	n-s---ma-
τύραννος	tu/rannos	τύραννος	tu/rannos	n-s---mn-
τύχα	tu/xa	τύχη	tu/xh	n-d---fn-
τύχα	tu/xa	τύχη	tu/xh	n-d---fv-
τύχα	tu/xa	τύχη	tu/xh	n-d---fa-
τύχα	tu/xa	τύχη	tu/xh	n-s---fn-
τύχα	tu/xa	τύχη	tu/xh	n-s---fv-
τύχας	tu/xas	τύχη	tu/xh	n-p---fa-
τύχας	tu/xas	τύχη	tu/xh	n-s---fg-
τύχην	tu/xhn	τύχη	tu/xh	n-s---fa-
τύχοις	tu/xois	τύχος	tu/xos	n-p---md-
τύχοις	tu/xois	τυγχάνω	tugxa/nw	v2saoa---
τᾶς	ta=s	ὁ	o(	l-s---fg-
τᾶσδε	ta=sde	ὅδε	o(/de	n-s---fg-
τᾶσδ’	ta=sd'	ὅδε	o(/de	n-s---fg-
τᾷ	ta=|	ὁ	o(	l-s---fd-
τᾷδ’	ta=|d'	ὅδε	o(/de	n-s---fd-
τῆς	th=s	ὁ	o(	l-s---fg-
τῆσδε	th=sde	ὅδε	o(/de	n-s---fg-
τῇ	th=|	ὁ	o(	l-s---fd-
τῇ	th=|	τῇ	th=|	d--------
τῇδε	th=|de	ὅδε	o(/de	n-s---fd-
τῇδε	th=|de	τῇδε	th=|de	d--------
τῇδέ	th=|de/	ὅδε	o(/de	n-s---fd-
τῇδέ	th=|de/	τῇδε	th=|de	d--------
τῶν	tw=n	ὁ	o(	l-p---fg-
τῶν	tw=n	ὁ	o(	l-p---mg-
τῶν	tw=n	ὁ	o(	l-p---ng-
τῶνδε	tw=nde	ὅδε	o(/de	n-p---fg-
τῶνδε	tw=nde	ὅδε	o(/de	n-p---mg-
τῶνδε	tw=nde	ὅδε	o(/de	n-p---ng-
τῶνδ’	tw=nd'	ὅδε	o(/de	n-p---fg-
τῶνδ’	tw=nd'	ὅδε	o(/de	n-p---mg-
τῶνδ’	tw=nd'	ὅδε	o(/de	n-p---ng-
τῷ	tw=|	ὁ	o(	l-s---md-
τῷ	tw=|	ὁ	o(	l-s---nd-
τῷ	tw=|	τίς	ti/s	n-s----d-
τῷ	tw=|	τις	tis	p-s----d-
τῷ	tw=|	τῷ	tw=|	d--------
τῷδε	tw=|de	ὅδε	o(/de	n-s---md-
τῷδε	tw=|de	ὅδε	o(/de	n-s---nd-
τῷδέ	tw=|de/	ὅδε	o(/de	n-s---md-
τῷδέ	tw=|de/	ὅδε	o(/de	n-s---nd-
φανήσονται	fanh/sontai	φαίνω	fai/nw	v3pfip---
φανήσονται	fanh/sontai	φανάω	fana/w	v3pfim---
φανῶσιν	fanw=sin	φαίνω	fai/nw	v3pasp---
φανῶσιν	fanw=sin	φανάω	fana/w	v-pppamd-
φανῶσιν	fanw=sin	φανάω	fana/w	v-pppand-
φανῶσιν	fanw=sin	φανάω	fana/w	v3ppsa---
φανῶσιν	fanw=sin	φανάω	fana/w	v3ppia---
φανῶσιν	fanw=sin	φανάω	fana/w	v3ppsa---
φαίης	fai/hs	φημί	fhmi/	v2spoa---
φαίνεται	fai/netai	φαίνω	fai/nw	v3spie---
φαίνῃ	fai/nh|	φαίνω	fai/nw	v2spse---
φαίνῃ	fai/nh|	φαίνω	fai/nw	v2spie---
φαίνῃ	fai/nh|	φαίνω	fai/nw	v3spsa---
φαῦλον	fau=lon	φαῦλος	fau=los	a-s---ma-
φαῦλον	fau=lon	φαῦλος	fau=los	a-s---nn-
φαῦλον	fau=lon	φαῦλος	fau=los	a-s---nv-
φαῦλον	fau=lon	φαῦλος	fau=los	a-s---na-
φαῦλον	fau=lon	φαῦλος	fau=los	n-s---ma-
φαῦλον	fau=lon	φαῦλος	fau=los	n-s---fa-
φαῦλον	fau=lon	φαῦλος	fau=los	n-s---nn-
φαῦλον	fau=lon	φαῦλος	fau=los	n-s---nv-
φαῦλον	fau=lon	φαῦλος	fau=los	n-s---na-
φερόμενον	fero/menon	φέρω	fe/rw	v-sppema-
φερόμενον	fero/menon	φέρω	fe/rw	v-sppenn-
φερόμενον	fero/menon	φέρω	fe/rw	v-sppenv-
φερόμενον	fero/menon	φέρω	fe/rw	v-sppena-
φεύγει	feu/gei	φεύγω	feu/gw	v2spie---
φεύγει	feu/gei	φεύγω	feu/gw	v3spia---
φεύγειν	feu/gein	φεύγω	feu/gw	v--pna---
φεύγων	feu/gwn	φεύγω	feu/gw	v-sppamn-
φεῦ	feu=	φεῦ	feu=	x--------
φηλούμενοι	fhlou/menoi	φηλόω	fhlo/w	v-pppemn-
φηλούμενοι	fhlou/menoi	φηλόω	fhlo/w	v-pppemv-
φθείροντες	fqei/rontes	φθείρω	fqei/rw	v-pppamn-
φθείροντες	fqei/rontes	φθείρω	fqei/rw	v-pppamv-
φθιμένοις	fqime/nois	φθίω	fqi/w	v-papmmd-
φθιμένοις	fqime/nois	φθίω	fqi/w	v-papmnd-
φθιμένου	fqime/nou	φθίω	fqi/w	v-sapmmg-
φθιμένου	fqime/nou	φθίω	fqi/w	v-sapmng-
φθιμένους	fqime/nous	φθίω	fqi/w	v-papmma-
φθιμένων	fqime/nwn	φθίω	fqi/w	v-papmfg-
φθιμένων	fqime/nwn	φθίω	fqi/w	v-papmmg-
φθιμένων	fqime/nwn	φθίω	fqi/w	v-papmng-
φθιτῶν	fqitw=n	φθιτός	fqito/s	a-p---fg-
φθιτῶν	fqitw=n	φθιτός	fqito/s	a-p---mg-
φθιτῶν	fqitw=n	φθιτός	fqito/s	a-p---ng-
φθιτῶν	fqitw=n	φθιτόω	fqito/w	v-sppamv-
φθιτῶν	fqitw=n	φθιτόω	fqito/w	v-sppann-
φθιτῶν	fqitw=n	φθιτόω	fqito/w	v-sppanv-
φθιτῶν	fqitw=n	φθιτόω	fqito/w	v-sppana-
φθιτῶν	fqitw=n	φθιτόω	fqito/w	v-sppamn-
φθιτῶν	fqitw=n	φθιτόω	fqito/w	v--pna---
φθάνειν	fqa/nein	φθάνω	fqa/nw	v--pna---
φθάνειν	fqa/nein	φθάνω	fqa/nw	v--pna---
φθόνῳ	fqo/nw|	φθόνος	fqo/nos	n-s---md-
φιλεῖ	filei=	φιλέω	file/w	v2spie---
φιλεῖ	filei=	φιλέω	file/w	v3spia---
φιλεῖν	filei=n	φιλέω	file/w	v--pna---
φιλτάτη	filta/th	φίλτατος	fi/ltatos	a-s---fn-
φιλτάτη	filta/th	φίλτατος	fi/ltatos	a-s---fv-
φιλτάτων	filta/twn	φίλτατος	fi/ltatos	a-p---fg-
φιλτάτων	filta/twn	φίλτατος	fi/ltatos	a-p---mg-
φιλτάτων	filta/twn	φίλτατος	fi/ltatos	a-p---ng-
φιλότιμον	filo/timon	φιλότιμος	filo/timos	n-s---ma-
φιλότιμον	filo/timon	φιλότιμος	filo/timos	n-s---fa-
φιλότιμον	filo/timon	φιλότιμος	filo/timos	n-s---nn-
φιλότιμον	filo/timon	φιλότιμος	filo/timos	n-s---nv-
φιλότιμον	filo/timon	φιλότιμος	filo/timos	n-s---na-
φλογμός	flogmo/s	φλογμός	flogmo/s	n-s---mn-
φλογμῷ	flogmw=|	φλογμός	flogmo/s	n-s---md-
φλόγα	flo/ga	φλόξ	flo/c	n-s---fa-
φοινίου	foini/ou	φοίνιος	foi/nios	a-s---mg-
φοινίου	foini/ou	φοίνιος	foi/nios	a-s---ng-
φοινίου	foini/ou	φοίνιος	foi/nios	n-s---mg-
φοινίου	foini/ou	φοίνιος	foi/nios	n-s---fg-
φοινίου	foini/ou	φοίνιος	foi/nios	n-s---ng-
φορουμένους	foroume/nous	φορέω	fore/w	v-pppema-
φορᾷ	fora=|	φορά	fora/	n-s---fd-
φρενῶν	frenw=n	φρενόω	freno/w	v-sppamv-
φρενῶν	frenw=n	φρενόω	freno/w	v-sppann-
φρενῶν	frenw=n	φρενόω	freno/w	v-sppanv-
φρενῶν	frenw=n	φρενόω	freno/w	v-sppana-
φρενῶν	frenw=n	φρενόω	freno/w	v-sppamn-
φρενῶν	frenw=n	φρενόω	freno/w	v--pna---
φρενῶν	frenw=n	φρήν	frh/n	n-p---fg-
φρεσίν	fresi/n	φρήν	frh/n	n-p---fd-
φρονεῖν	fronei=n	φρονέω	frone/w	v--pna---
φρονῶν	fronw=n	φρονέω	frone/w	v-sppamn-
φρουροῦσί	frourou=si/	φρουρέω	froure/w	v-pppamd-
φρουροῦσί	frourou=si/	φρουρέω	froure/w	v-pppand-
φρουροῦσί	frourou=si/	φρουρέω	froure/w	v3ppia---
φράζε	fra/ze	φράζω	fra/zw	v2spma---
φράζε	fra/ze	φράζω	fra/zw	v3siia---
φράζετ’	fra/zet'	φράζω	fra/zw	v2ppma---
φράζετ’	fra/zet'	φράζω	fra/zw	v2ppia---
φράζετ’	fra/zet'	φράζω	fra/zw	v3spie---
φράζετ’	fra/zet'	φράζω	fra/zw	v3siie---
φράζετ’	fra/zet'	φράζω	fra/zw	v2piia---
φρένας	fre/nas	φρήν	frh/n	n-p---fa-
φρίξας	fri/cas	φρίσσω	fri/ssw	v-sapamn-
φρίξας	fri/cas	φρίσσω	fri/ssw	v-sapamv-
φρίξας	fri/cas	φρίζω	fri/zw	v-sapamn-
φρίξας	fri/cas	φρίζω	fri/zw	v-sapamv-
φρίξας	fri/cas	φρίζω	fri/zw	v2saia---
φρόνημα	fro/nhma	φρόνημα	fro/nhma	n-s---nn-
φρόνημα	fro/nhma	φρόνημα	fro/nhma	n-s---nv-
φρόνημα	fro/nhma	φρόνημα	fro/nhma	n-s---na-
φρόνησις	fro/nhsis	φρόνησις	fro/nhsis	n-s---fn-
φυγάδε	fuga/de	φυγάς	fuga/s	n-d---mn-
φυγάδε	fuga/de	φυγάς	fuga/s	n-d---mv-
φυγάδε	fuga/de	φυγάς	fuga/s	n-d---ma-
φυγάδε	fuga/de	φυγάς	fuga/s	n-d---fn-
φυγάδε	fuga/de	φυγάς	fuga/s	n-d---fv-
φυγάδε	fuga/de	φυγάς	fuga/s	n-d---fa-
φυγάδι	fuga/di	φυγάς	fuga/s	n-s---md-
φυγάδι	fuga/di	φυγάς	fuga/s	n-s---fd-
φυγήν	fugh/n	φυγή	fugh/	n-s---fa-
φυγῇ	fugh=|	φυγή	fugh/	n-s---fd-
φυλακάς	fulaka/s	φυλακή	fulakh/	n-p---fa-
φυλλάδος	fulla/dos	φυλλάς	fulla/s	n-s---fg-
φυλάσσεθ’	fula/sseq'	φυλάσσω	fula/ssw	v2ppma---
φυλάσσεθ’	fula/sseq'	φυλάσσω	fula/ssw	v2ppia---
φυλάσσεθ’	fula/sseq'	φυλάσσω	fula/ssw	v3spie---
φυλάσσεθ’	fula/sseq'	φυλάσσω	fula/ssw	v3siie---
φυλάσσεθ’	fula/sseq'	φυλάσσω	fula/ssw	v2piia---
φυλάσσεθ’	fula/sseq'	φυλάζω	fula/zw	v2pasa---
φυλάσσεθ’	fula/sseq'	φυλάζω	fula/zw	v2pfia---
φυλάσσεθ’	fula/sseq'	φυλάζω	fula/zw	v3sasm---
φυλάσσεθ’	fula/sseq'	φυλάζω	fula/zw	v3sfim---
φυλάσσουσ’	fula/ssous'	φυλάσσω	fula/ssw	v-sppafn-
φυλάσσουσ’	fula/ssous'	φυλάσσω	fula/ssw	v-sppafv-
φυλάσσουσ’	fula/ssous'	φυλάσσω	fula/ssw	v-pppamd-
φυλάσσουσ’	fula/ssous'	φυλάσσω	fula/ssw	v-pppand-
φυλάσσουσ’	fula/ssous'	φυλάσσω	fula/ssw	v3ppia---
φυλάσσουσ’	fula/ssous'	φυλάσσω	fula/ssw	v-pppafn-
φυλάσσουσ’	fula/ssous'	φυλάσσω	fula/ssw	v-pppafv-
φυλάσσουσ’	fula/ssous'	φυλάζω	fula/zw	v-sfpafn-
φυλάσσουσ’	fula/ssous'	φυλάζω	fula/zw	v-sfpafv-
φυλάσσουσ’	fula/ssous'	φυλάζω	fula/zw	v3pasa---
φυλάσσουσ’	fula/ssous'	φυλάζω	fula/zw	v-pfpamd-
φυλάσσουσ’	fula/ssous'	φυλάζω	fula/zw	v-pfpand-
φυλάσσουσ’	fula/ssous'	φυλάζω	fula/zw	v3pfia---
φυλάσσουσ’	fula/ssous'	φυλάζω	fula/zw	v-pfpafn-
φυλάσσουσ’	fula/ssous'	φυλάζω	fula/zw	v-pfpafv-
φυτεύει	futeu/ei	φυτεύω	futeu/w	v2spie---
φυτεύει	futeu/ei	φυτεύω	futeu/w	v3spia---
φυτεύσας	futeu/sas	φυτεύω	futeu/w	v-sapamn-
φυτεύσας	futeu/sas	φυτεύω	futeu/w	v-sapamv-
φωνῶν	fwnw=n	φωνέω	fwne/w	v-sppamn-
φωνῶν	fwnw=n	φωνή	fwnh/	n-p---fg-
φάει	fa/ei	φάος	fa/os	n-d---nn-
φάει	fa/ei	φάος	fa/os	n-d---nv-
φάει	fa/ei	φάος	fa/os	n-d---na-
φάει	fa/ei	φάος	fa/os	n-s---nd-
φάει	fa/ei	φάος	fa/os	n-s---nd-
φάλαρα	fa/lara	φάλαρα	fa/lara	n-p---nn-
φάλαρα	fa/lara	φάλαρα	fa/lara	n-p---nv-
φάλαρα	fa/lara	φάλαρα	fa/lara	n-p---na-
φάλαρα	fa/lara	φάλαρον	fa/laron	n-p---nn-
φάλαρα	fa/lara	φάλαρον	fa/laron	n-p---nv-
φάλαρα	fa/lara	φάλαρον	fa/laron	n-p---na-
φάλαρα	fa/lara	φάλαρος	fa/laros	a-p---nn-
φάλαρα	fa/lara	φάλαρος	fa/laros	a-p---nv-
φάλαρα	fa/lara	φάλαρος	fa/laros	a-p---na-
φάος	fa/os	φάος	fa/os	n-s---nn-
φάος	fa/os	φάος	fa/os	n-s---nv-
φάος	fa/os	φάος	fa/os	n-s---na-
φάρη	fa/rh	φάρος	fa/ros	n-p---nn-
φάρη	fa/rh	φάρος	fa/ros	n-p---nv-
φάρη	fa/rh	φάρος	fa/ros	n-p---na-
φάρη	fa/rh	φάρος	fa/ros	n-d---nn-
φάρη	fa/rh	φάρος	fa/ros	n-d---nv-
φάρη	fa/rh	φάρος	fa/ros	n-d---na-
φάρη	fa/rh	φᾶρος	fa=ros	n-p---nn-
φάρη	fa/rh	φᾶρος	fa=ros	n-p---nv-
φάρη	fa/rh	φᾶρος	fa=ros	n-p---na-
φάρη	fa/rh	φᾶρος	fa=ros	n-d---nn-
φάρη	fa/rh	φᾶρος	fa=ros	n-d---nv-
φάρη	fa/rh	φᾶρος	fa=ros	n-d---na-
φάρη	fa/rh	φᾶρος	fa=ros	n-p---nn-
φάρη	fa/rh	φᾶρος	fa=ros	n-p---nv-
φάρη	fa/rh	φᾶρος	fa=ros	n-p---na-
φάρη	fa/rh	φᾶρος	fa=ros	n-d---nn-
φάρη	fa/rh	φᾶρος	fa=ros	n-d---nv-
φάρη	fa/rh	φᾶρος	fa=ros	n-d---na-
φάρη	fa/rh	φαράω	fara/w	v2spma---
φάρη	fa/rh	φαράω	fara/w	v2spma---
φάρη	fa/rh	φαράω	fara/w	v3siia---
φάτιν	fa/tin	φάτις	fa/tis	n-s---fa-
φέγγος	fe/ggos	φέγγος	fe/ggos	n-s---nn-
φέγγος	fe/ggos	φέγγος	fe/ggos	n-s---nv-
φέγγος	fe/ggos	φέγγος	fe/ggos	n-s---na-
φέρε	fe/re	φέρω	fe/rw	v2spma---
φέρε	fe/re	φέρω	fe/rw	v3siia---
φέρει	fe/rei	φέρω	fe/rw	v2spie---
φέρει	fe/rei	φέρω	fe/rw	v3spia---
φέρειν	fe/rein	φέρω	fe/rw	v--pna---
φέρεις	fe/reis	φέρω	fe/rw	v2spia---
φέρεται	fe/retai	φέρω	fe/rw	v3spie---
φέρετε	fe/rete	φέρω	fe/rw	v2ppma---
φέρετε	fe/rete	φέρω	fe/rw	v2ppia---
φέρετε	fe/rete	φέρω	fe/rw	v2piia---
φέρω	fe/rw	φέρω	fe/rw	v1spsa---
φέρω	fe/rw	φέρω	fe/rw	v1spia---
φίλα	fi/la	φίλος	fi/los	a-p---nn-
φίλα	fi/la	φίλος	fi/los	a-p---nv-
φίλα	fi/la	φίλος	fi/los	a-p---na-
φίλα	fi/la	φίλος	fi/los	a-d---fn-
φίλα	fi/la	φίλος	fi/los	a-d---fv-
φίλα	fi/la	φίλος	fi/los	a-d---fa-
φίλα	fi/la	φίλος	fi/los	a-s---fn-
φίλα	fi/la	φίλος	fi/los	a-s---fv-
φίλα	fi/la	φῖλος	fi=los	n-p---nn-
φίλα	fi/la	φῖλος	fi=los	n-p---nv-
φίλα	fi/la	φῖλος	fi=los	n-p---na-
φίλαν	fi/lan	φίλος	fi/los	a-s---fa-
φίλας	fi/las	φίλος	fi/los	a-p---fa-
φίλας	fi/las	φίλος	fi/los	a-s---fg-
φίλας	fi/las	φιλέω	file/w	v-sapamn-
φίλας	fi/las	φιλέω	file/w	v-sapamv-
φίλημα	fi/lhma	φίλημα	fi/lhma	n-s---nn-
φίλημα	fi/lhma	φίλημα	fi/lhma	n-s---nv-
φίλημα	fi/lhma	φίλημα	fi/lhma	n-s---na-
φίλην	fi/lhn	φίλος	fi/los	a-s---fa-
φίλην	fi/lhn	φῖλος	fi=los	n-s---na-
φίλιαι	fi/liai	φίλιος	fi/lios	a-p---fn-
φίλιαι	fi/liai	φίλιος	fi/lios	a-p---fv-
φίλιον	fi/lion	φίλιος	fi/lios	a-s---ma-
φίλιον	fi/lion	φίλιος	fi/lios	a-s---nn-
φίλιον	fi/lion	φίλιος	fi/lios	a-s---nv-
φίλιον	fi/lion	φίλιος	fi/lios	a-s---na-
φίλιον	fi/lion	φίλιος	fi/lios	n-s---ma-
φίλιον	fi/lion	φίλιος	fi/lios	n-s---fa-
φίλιον	fi/lion	φίλιος	fi/lios	n-s---nn-
φίλιον	fi/lion	φίλιος	fi/lios	n-s---nv-
φίλιον	fi/lion	φίλιος	fi/lios	n-s---na-
φίλιον	fi/lion	φιλέω	file/w	v3piia---
φίλιον	fi/lion	φιλέω	file/w	v1siia---
φίλιά	fi/lia/	φίλιος	fi/lios	a-p---nn-
φίλιά	fi/lia/	φίλιος	fi/lios	a-p---nv-
φίλιά	fi/lia/	φίλιος	fi/lios	a-p---na-
φίλιά	fi/lia/	φίλιος	fi/lios	n-p---nn-
φίλιά	fi/lia/	φίλιος	fi/lios	n-p---nv-
φίλιά	fi/lia/	φίλιος	fi/lios	n-p---na-
φίλοις	fi/lois	φίλος	fi/los	a-p---md-
φίλοις	fi/lois	φίλος	fi/los	a-p---nd-
φίλον	fi/lon	φίλος	fi/los	a-s---ma-
φίλον	fi/lon	φίλος	fi/los	a-s---nn-
φίλον	fi/lon	φίλος	fi/los	a-s---nv-
φίλον	fi/lon	φίλος	fi/los	a-s---na-
φίλος	fi/los	φίλος	fi/los	a-s---mn-
φίλους	fi/lous	φίλος	fi/los	a-p---ma-
φίλους	fi/lous	φῖλος	fi=los	n-s---ng-
φίλους	fi/lous	φιλόω	filo/w	v2siia---
φίλτατ’	fi/ltat'	φίλτατος	fi/ltatos	a-p---nn-
φίλτατ’	fi/ltat'	φίλτατος	fi/ltatos	a-p---nv-
φίλτατ’	fi/ltat'	φίλτατος	fi/ltatos	a-p---na-
φίλτατ’	fi/ltat'	φίλτατος	fi/ltatos	a-s---mv-
φίλτατ’	fi/ltat'	φίλτατος	fi/ltatos	a-p---fn-
φίλτατ’	fi/ltat'	φίλτατος	fi/ltatos	a-p---fv-
φίλων	fi/lwn	φίλος	fi/los	a-p---fg-
φίλων	fi/lwn	φίλος	fi/los	a-p---mg-
φίλων	fi/lwn	φίλος	fi/los	a-p---ng-
φίλων	fi/lwn	φίλων	fi/lwn	n-s---mn-
φίλων	fi/lwn	φίλων	fi/lwn	n-s---mv-
φίλων	fi/lwn	φιλόω	filo/w	v3piia---
φίλων	fi/lwn	φιλόω	filo/w	v1siia---
φίλᾳ	fi/la|	φίλος	fi/los	a-p---fn-
φίλᾳ	fi/la|	φίλος	fi/los	a-p---fv-
φίλᾳ	fi/la|	φίλος	fi/los	a-s---fd-
φόβον	fo/bon	φόβος	fo/bos	n-s---ma-
φόβος	fo/bos	φόβος	fo/bos	n-s---mn-
φόβους	fo/bous	φόβος	fo/bos	n-p---ma-
φόβων	fo/bwn	φόβος	fo/bos	n-p---mg-
φόβῳ	fo/bw|	φόβος	fo/bos	n-s---md-
φόνιον	fo/nion	φόνιος	fo/nios	a-s---ma-
φόνιον	fo/nion	φόνιος	fo/nios	a-s---nn-
φόνιον	fo/nion	φόνιος	fo/nios	a-s---nv-
φόνιον	fo/nion	φόνιος	fo/nios	a-s---na-
φόνιον	fo/nion	φόνιος	fo/nios	n-s---ma-
φόνιον	fo/nion	φόνιος	fo/nios	n-s---fa-
φόνιον	fo/nion	φόνιος	fo/nios	n-s---nn-
φόνιον	fo/nion	φόνιος	fo/nios	n-s---nv-
φόνιον	fo/nion	φόνιος	fo/nios	n-s---na-
φόνιον	fo/nion	φονάω	fona/w	v3piia---
φόνιον	fo/nion	φονάω	fona/w	v1siia---
φόνοι	fo/noi	φόνος	fo/nos	n-p---mn-
φόνοι	fo/noi	φόνος	fo/nos	n-p---mv-
φόνον	fo/non	φόνος	fo/nos	n-s---ma-
φόνος	fo/nos	φόνος	fo/nos	n-s---mn-
φόνου	fo/nou	φόνος	fo/nos	n-s---mg-
φόνου	fo/nou	φονόω	fono/w	v2spma---
φόνου	fo/nou	φονόω	fono/w	v3siia---
φόνους	fo/nous	φόνος	fo/nos	n-p---ma-
φόνους	fo/nous	φονόω	fono/w	v2siia---
φόνῳ	fo/nw|	φόνος	fo/nos	n-s---md-
φόρτον	fo/rton	φόρτος	fo/rtos	n-s---ma-
φύσει	fu/sei	φύσις	fu/sis	n-d---fn-
φύσει	fu/sei	φύσις	fu/sis	n-d---fv-
φύσει	fu/sei	φύσις	fu/sis	n-d---fa-
φύσει	fu/sei	φύσις	fu/sis	n-s---fd-
φύσει	fu/sei	φύσις	fu/sis	n-s---fd-
φύσει	fu/sei	φύω	fu/w	v3sasa---
φύσει	fu/sei	φύω	fu/w	v2sfim---
φύσει	fu/sei	φύω	fu/w	v3sfia---
φύσει	fu/sei	φύζω	fu/zw	v3sasa---
φύσει	fu/sei	φύζω	fu/zw	v2sfim---
φύσει	fu/sei	φύζω	fu/zw	v3sfia---
φύσει	fu/sei	φυσάω	fusa/w	v2spma---
φύσει	fu/sei	φυσάω	fusa/w	v3siia---
φύσωσιν	fu/swsin	φύω	fu/w	v3pasa---
φύσωσιν	fu/swsin	φύζω	fu/zw	v3pasa---
φῄς	fh/|s	φημί	fhmi/	v2spia---
φῦλα	fu=la	φῦλον	fu=lon	n-p---nn-
φῦλα	fu=la	φῦλον	fu=lon	n-p---nv-
φῦλα	fu=la	φῦλον	fu=lon	n-p---na-
φῶς	fw=s	φάος	fa/os	n-s---nn-
φῶς	fw=s	φάος	fa/os	n-s---nv-
φῶς	fw=s	φάος	fa/os	n-s---na-
χαλκεοτευχοῦς	xalkeoteuxou=s	χαλκεοτευχής	xalkeoteuxh/s	n-s---mg-
χαλκεοτευχοῦς	xalkeoteuxou=s	χαλκεοτευχής	xalkeoteuxh/s	n-s---fg-
χαλκεοτευχοῦς	xalkeoteuxou=s	χαλκεοτευχής	xalkeoteuxh/s	n-s---ng-
χαλκοπληθῆ	xalkoplhqh=	χαλκοπληθής	xalkoplhqh/s	n-p---nn-
χαλκοπληθῆ	xalkoplhqh=	χαλκοπληθής	xalkoplhqh/s	n-p---nv-
χαλκοπληθῆ	xalkoplhqh=	χαλκοπληθής	xalkoplhqh/s	n-p---na-
χαλκοπληθῆ	xalkoplhqh=	χαλκοπληθής	xalkoplhqh/s	n-d---mn-
χαλκοπληθῆ	xalkoplhqh=	χαλκοπληθής	xalkoplhqh/s	n-d---mv-
χαλκοπληθῆ	xalkoplhqh=	χαλκοπληθής	xalkoplhqh/s	n-d---ma-
χαλκοπληθῆ	xalkoplhqh=	χαλκοπληθής	xalkoplhqh/s	n-d---fn-
χαλκοπληθῆ	xalkoplhqh=	χαλκοπληθής	xalkoplhqh/s	n-d---fv-
χαλκοπληθῆ	xalkoplhqh=	χαλκοπληθής	xalkoplhqh/s	n-d---fa-
χαλκοπληθῆ	xalkoplhqh=	χαλκοπληθής	xalkoplhqh/s	n-d---nn-
χαλκοπληθῆ	xalkoplhqh=	χαλκοπληθής	xalkoplhqh/s	n-d---nv-
χαλκοπληθῆ	xalkoplhqh=	χαλκοπληθής	xalkoplhqh/s	n-d---na-
χαλκοπληθῆ	xalkoplhqh=	χαλκοπληθής	xalkoplhqh/s	n-s---ma-
χαλκοπληθῆ	xalkoplhqh=	χαλκοπληθής	xalkoplhqh/s	n-s---fa-
χαλκέοις	xalke/ois	χάλκεος	xa/lkeos	a-p---md-
χαλκέοις	xalke/ois	χάλκεος	xa/lkeos	a-p---nd-
χαλκέοις	xalke/ois	χάλκεος	xa/lkeos	n-p---md-
χαλκέοις	xalke/ois	χάλκεος	xa/lkeos	n-p---fd-
χαλκέοις	xalke/ois	χάλκεος	xa/lkeos	n-p---nd-
χαλκέοις	xalke/ois	χαλκοῦς	xalkou=s	a-p---md-
χαλκέοις	xalke/ois	χαλκοῦς	xalkou=s	a-p---nd-
χαλκέοις	xalke/ois	χαλκοῦς	xalkou=s	n-p---md-
χαλκόπους	xalko/pous	χαλκόπους	xalko/pous	n-s---mn-
χαλκόπους	xalko/pous	χαλκόπους	xalko/pous	n-s---mv-
χαλκόπους	xalko/pous	χαλκόπους	xalko/pous	n-s---fn-
χαλκόπους	xalko/pous	χαλκόπους	xalko/pous	n-s---fv-
χαίρει	xai/rei	χαίρω	xai/rw	v2spie---
χαίρει	xai/rei	χαίρω	xai/rw	v3spia---
χαίροντα	xai/ronta	χαίρω	xai/rw	v-pppann-
χαίροντα	xai/ronta	χαίρω	xai/rw	v-pppanv-
χαίροντα	xai/ronta	χαίρω	xai/rw	v-pppana-
χαίροντα	xai/ronta	χαίρω	xai/rw	v-sppama-
χαίρουσι	xai/rousi	χαίρω	xai/rw	v-pppamd-
χαίρουσι	xai/rousi	χαίρω	xai/rw	v-pppand-
χαίρουσι	xai/rousi	χαίρω	xai/rw	v3ppia---
χαίρων	xai/rwn	χαίρω	xai/rw	v-sppamn-
χαῖρε	xai=re	χαίρω	xai/rw	v2spma---
χαῖρε	xai=re	χαίρω	xai/rw	v3siia---
χειμασθεῖσα	xeimasqei=sa	χειμάζω	xeima/zw	v-sappfn-
χειμασθεῖσα	xeimasqei=sa	χειμάζω	xeima/zw	v-sappfv-
χειρί	xeiri/	χείρ	xei/r	n-s---fd-
χειρί	xeiri/	χειρίς	xeiri/s	n-s---fv-
χειρῶν	xeirw=n	χείρ	xei/r	n-p---fg-
χειρῶν	xeirw=n	χειρόω	xeiro/w	v-sppamv-
χειρῶν	xeirw=n	χειρόω	xeiro/w	v-sppann-
χειρῶν	xeirw=n	χειρόω	xeiro/w	v-sppanv-
χειρῶν	xeirw=n	χειρόω	xeiro/w	v-sppana-
χειρῶν	xeirw=n	χειρόω	xeiro/w	v-sppamn-
χειρῶν	xeirw=n	χειρόω	xeiro/w	v--pna---
χεροῖν	xeroi=n	χείρ	xei/r	n-d---fg-
χεροῖν	xeroi=n	χείρ	xei/r	n-d---fd-
χερσί	xersi/	χείρ	xei/r	n-p---fd-
χερσίν	xersi/n	χείρ	xei/r	n-p---fd-
χερί	xeri/	χείρ	xei/r	n-s---fd-
χερῶν	xerw=n	χείρ	xei/r	n-p---fg-
χείματος	xei/matos	χεῖμα	xei=ma	n-s---ng-
χείρονα	xei/rona	χείρων	xei/rwn	a-p---nn-
χείρονα	xei/rona	χείρων	xei/rwn	a-p---nv-
χείρονα	xei/rona	χείρων	xei/rwn	a-p---na-
χείρονα	xei/rona	χείρων	xei/rwn	a-s---ma-
χείρονα	xei/rona	χείρων	xei/rwn	a-s---fa-
χείρονα	xei/rona	χείρων	xei/rwn	a-p---na-
χείρονα	xei/rona	χείρων	xei/rwn	a-p---nn-
χεῖρα	xei=ra	χείρ	xei/r	n-s---fa-
χεῖρας	xei=ras	χείρ	xei/r	n-p---fa-
χεῖρ’	xei=r'	χείρ	xei/r	n-s---fa-
χεῖρ’	xei=r'	χείρ	xei/r	n-d---fn-
χεῖρ’	xei=r'	χείρ	xei/r	n-d---fv-
χεῖρ’	xei=r'	χείρ	xei/r	n-d---fa-
χθονί	xqoni/	χθών	xqw/n	n-s---fd-
χθονός	xqono/s	χθών	xqw/n	n-s---fg-
χθόνα	xqo/na	χθών	xqw/n	n-s---fa-
χλανιδίοις	xlanidi/ois	χλανίδιον	xlani/dion	n-p---nd-
χλωρόν	xlwro/n	χλωρός	xlwro/s	a-s---ma-
χλωρόν	xlwro/n	χλωρός	xlwro/s	a-s---nn-
χλωρόν	xlwro/n	χλωρός	xlwro/s	a-s---nv-
χλωρόν	xlwro/n	χλωρός	xlwro/s	a-s---na-
χλόην	xlo/hn	χλόη	xlo/h	n-s---fa-
χλόην	xlo/hn	χλοάω	xloa/w	v3piia---
χλόην	xlo/hn	χλοάω	xloa/w	v1siia---
χορόν	xoro/n	χορός	xoro/s	n-s---ma-
χρείαν	xrei/an	χρεία	xrei/a	n-s---fa-
χρείας	xrei/as	χρεία	xrei/a	n-p---fa-
χρείας	xrei/as	χρεία	xrei/a	n-s---fg-
χρείᾳ	xrei/a|	χρεία	xrei/a	n-s---fd-
χρεών	xrew/n	χρεών	xrew/n	x--------
χρημάτων	xrhma/twn	χρῆμα	xrh=ma	n-p---ng-
χρηστά	xrhsta/	χρηστός	xrhsto/s	a-p---nn-
χρηστά	xrhsta/	χρηστός	xrhsto/s	a-p---nv-
χρηστά	xrhsta/	χρηστός	xrhsto/s	a-p---na-
χρηστά	xrhsta/	χρηστός	xrhsto/s	a-d---fn-
χρηστά	xrhsta/	χρηστός	xrhsto/s	a-d---fv-
χρηστά	xrhsta/	χρηστός	xrhsto/s	a-d---fa-
χρηστά	xrhsta/	χρηστός	xrhsto/s	a-s---fn-
χρηστά	xrhsta/	χρηστός	xrhsto/s	a-s---fv-
χρηστόν	xrhsto/n	χρηστός	xrhsto/s	a-s---ma-
χρηστόν	xrhsto/n	χρηστός	xrhsto/s	a-s---nn-
χρηστόν	xrhsto/n	χρηστός	xrhsto/s	a-s---nv-
χρηστόν	xrhsto/n	χρηστός	xrhsto/s	a-s---na-
χρηστότητ’	xrhsto/tht'	χρηστότης	xrhsto/ths	n-s---fa-
χρηστότητ’	xrhsto/tht'	χρηστότης	xrhsto/ths	n-s---fd-
χρηστότητ’	xrhsto/tht'	χρηστότης	xrhsto/ths	n-d---fn-
χρηστότητ’	xrhsto/tht'	χρηστότης	xrhsto/ths	n-d---fv-
χρηστότητ’	xrhsto/tht'	χρηστότης	xrhsto/ths	n-d---fa-
χρονίαν	xroni/an	χρόνιος	xro/nios	a-s---fa-
χρυσοκόμας	xrusoko/mas	χρυσοκόμη	xrusoko/mh	n-p---fa-
χρυσοκόμας	xrusoko/mas	χρυσοκόμη	xrusoko/mh	n-s---fg-
χρυσοκόμας	xrusoko/mas	χρυσοκόμης	xrusoko/mhs	n-p---ma-
χρυσοκόμας	xrusoko/mas	χρυσοκόμης	xrusoko/mhs	n-s---mn-
χρυσόν	xruso/n	χρυσός	xruso/s	n-s---ma-
χρωτί	xrwti/	χρώς	xrw/s	n-s---md-
χρή	xrh/	χρή	xrh/	v3spia---
χρήματα	xrh/mata	χρῆμα	xrh=ma	n-p---nn-
χρήματα	xrh/mata	χρῆμα	xrh=ma	n-p---nv-
χρήματα	xrh/mata	χρῆμα	xrh=ma	n-p---na-
χρήσιμον	xrh/simon	χρήσιμος	xrh/simos	a-s---ma-
χρήσιμον	xrh/simon	χρήσιμος	xrh/simos	a-s---nn-
χρήσιμον	xrh/simon	χρήσιμος	xrh/simos	a-s---nv-
χρήσιμον	xrh/simon	χρήσιμος	xrh/simos	a-s---na-
χρήσιμον	xrh/simon	χρήσιμος	xrh/simos	n-s---ma-
χρήσιμον	xrh/simon	χρήσιμος	xrh/simos	n-s---fa-
χρήσιμον	xrh/simon	χρήσιμος	xrh/simos	n-s---nn-
χρήσιμον	xrh/simon	χρήσιμος	xrh/simos	n-s---nv-
χρήσιμον	xrh/simon	χρήσιμος	xrh/simos	n-s---na-
χρήστ’	xrh/st'	χρήστης	xrh/sths	n-s---md-
χρόνον	xro/non	χρόνος	xro/nos	n-s---ma-
χρόνος	xro/nos	χρόνος	xro/nos	n-s---mn-
χρόνου	xro/nou	χρόνος	xro/nos	n-s---mg-
χρόνου	xro/nou	χρονόω	xrono/w	v2spma---
χρόνου	xro/nou	χρονόω	xrono/w	v3siia---
χρῄζοντος	xrh/|zontos	χρῄζω	xrh/|zw	v-sppamg-
χρῄζοντος	xrh/|zontos	χρῄζω	xrh/|zw	v-sppang-
χρῄζοντ’	xrh/|zont'	χρῄζω	xrh/|zw	v-pppann-
χρῄζοντ’	xrh/|zont'	χρῄζω	xrh/|zw	v-pppanv-
χρῄζοντ’	xrh/|zont'	χρῄζω	xrh/|zw	v-pppana-
χρῄζοντ’	xrh/|zont'	χρῄζω	xrh/|zw	v-sppama-
χρῄζοντ’	xrh/|zont'	χρῄζω	xrh/|zw	v-sppamd-
χρῄζοντ’	xrh/|zont'	χρῄζω	xrh/|zw	v-sppand-
χρῄζοντ’	xrh/|zont'	χρῄζω	xrh/|zw	v3ppia---
χρῄζοντ’	xrh/|zont'	χρῄζω	xrh/|zw	v-dppamn-
χρῄζοντ’	xrh/|zont'	χρῄζω	xrh/|zw	v-dppamv-
χρῄζοντ’	xrh/|zont'	χρῄζω	xrh/|zw	v-dppama-
χρῄζοντ’	xrh/|zont'	χρῄζω	xrh/|zw	v-dppann-
χρῄζοντ’	xrh/|zont'	χρῄζω	xrh/|zw	v-dppanv-
χρῄζοντ’	xrh/|zont'	χρῄζω	xrh/|zw	v-dppana-
χρῄζοντ’	xrh/|zont'	χρῄζω	xrh/|zw	v3ppie---
χρῄζοντ’	xrh/|zont'	χρῄζω	xrh/|zw	v3piie---
χρῄζουσιν	xrh/|zousin	χρῄζω	xrh/|zw	v-pppamd-
χρῄζουσιν	xrh/|zousin	χρῄζω	xrh/|zw	v-pppand-
χρῄζουσιν	xrh/|zousin	χρῄζω	xrh/|zw	v3ppia---
χρῄζω	xrh/|zw	χρῄζω	xrh/|zw	v1spsa---
χρῄζω	xrh/|zw	χρῄζω	xrh/|zw	v1spia---
χρῄζων	xrh/|zwn	χρῄζω	xrh/|zw	v-sppamn-
χρῆμα	xrh=ma	χρῆμα	xrh=ma	n-s---nn-
χρῆμα	xrh=ma	χρῆμα	xrh=ma	n-s---nv-
χρῆμα	xrh=ma	χρῆμα	xrh=ma	n-s---na-
χρῆν	xrh=n	χράω1	xra/w1	v--pna---
χρῆν	xrh=n	χράω2	xra/w2	v--pna---
χρῆν	xrh=n	χράω2	xra/w2	v--pna---
χρῆν	xrh=n	χραύω	xrau/w	v--pna---
χρῆν	xrh=n	χρή	xrh/	v3siia---
χρῆν	xrh=n	χρῆ	xrh=	n-s---fa-
χρῆσθαι	xrh=sqai	χράομαι	xra/omai	v--pne---
χρῆσθαι	xrh=sqai	χράομαι	xra/omai	v--pne---
χρῆσθαι	xrh=sqai	χράομαι	xra/omai	v--pne---
χρῆσθαι	xrh=sqai	χράω1	xra/w1	v--pne---
χρῆσθαι	xrh=sqai	χράω2	xra/w2	v--pne---
χρῆσθαι	xrh=sqai	χράω2	xra/w2	v--pne---
χρῆσθαι	xrh=sqai	χραύω	xrau/w	v--pne---
χρῶτα	xrw=ta	χρώς	xrw/s	n-s---ma-
χρῶτά	xrw=ta/	χρώς	xrw/s	n-s---ma-
χωρεῖ	xwrei=	χωρέω	xwre/w	v2spie---
χωρεῖ	xwrei=	χωρέω	xwre/w	v3spia---
χωρεῖν	xwrei=n	χωρέω	xwre/w	v--pna---
χωρήσομαι	xwrh/somai	χωρέω	xwre/w	v1sasm---
χωρήσομαι	xwrh/somai	χωρέω	xwre/w	v1sfim---
χωρίς	xwri/s	χωρίς	xwri/s	d--------
χωρίσας	xwri/sas	χωρίζω	xwri/zw	v-sapamn-
χωρίσας	xwri/sas	χωρίζω	xwri/zw	v-sapamv-
χἡ	xh(	ὁ	o(	l-s---fn-
χἡ	xh(	ὁ	o(	l-s---fv-
χὡ	xw(	ὁ	o(	l-s---mn-
χὡπότ’	xw(po/t'	ὁπότε	o(po/te	d--------
χάριν	xa/rin	χάρις	xa/ris	d--------
χάριν	xa/rin	χάρις	xa/ris	r--------
χάριν	xa/rin	χάρις	xa/ris	n-s---fa-
χάρις	xa/ris	χάρις	xa/ris	n-s---fn-
χάρμα	xa/rma	χάρμα	xa/rma	n-s---nn-
χάρμα	xa/rma	χάρμα	xa/rma	n-s---nv-
χάρμα	xa/rma	χάρμα	xa/rma	n-s---na-
χάρμα	xa/rma	χάρμη	xa/rmh	n-d---fn-
χάρμα	xa/rma	χάρμη	xa/rmh	n-d---fv-
χάρμα	xa/rma	χάρμη	xa/rmh	n-d---fa-
χάρμα	xa/rma	χάρμη	xa/rmh	n-s---fn-
χάρμα	xa/rma	χάρμη	xa/rmh	n-s---fv-
χάρμα	xa/rma	χάρμης	xa/rmhs	n-d---mn-
χάρμα	xa/rma	χάρμης	xa/rmhs	n-d---mv-
χάρμα	xa/rma	χάρμης	xa/rmhs	n-d---ma-
χάρμα	xa/rma	χάρμης	xa/rmhs	n-s---mv-
χάρμα	xa/rma	χάρμης	xa/rmhs	n-s---mg-
χάρμα	xa/rma	χάρμης	xa/rmhs	n-s---mn-
χάρματα	xa/rmata	χάρμα	xa/rma	n-p---nn-
χάρματα	xa/rmata	χάρμα	xa/rma	n-p---nv-
χάρματα	xa/rmata	χάρμα	xa/rma	n-p---na-
χάρυβδις	xa/rubdis	χάρυβδις	xa/rubdis	n-s---fn-
χάσματι	xa/smati	χάσμα	xa/sma	n-s---nd-
χέρα	xe/ra	χείρ	xei/r	n-s---fa-
χέρας	xe/ras	χείρ	xei/r	n-p---fa-
χέρες	xe/res	χείρ	xei/r	n-p---fn-
χώματα	xw/mata	χῶμα	xw=ma	n-p---nn-
χώματα	xw/mata	χῶμα	xw=ma	n-p---nv-
χώματα	xw/mata	χῶμα	xw=ma	n-p---na-
χώρᾳ	xw/ra|	χώρα	xw/ra	n-s---fd-
ψαῦσαι	yau=sai	ψαύω	yau/w	v2samm---
ψαῦσαι	yau=sai	ψαύω	yau/w	v--ana---
ψευδοίμεθ’	yeudoi/meq'	ψεύδω	yeu/dw	v1ppoe---
ψευδῶς	yeudw=s	ψευδής	yeudh/s	x--------
ψυχαί	yuxai/	ψυχή	yuxh/	n-p---fn-
ψυχαί	yuxai/	ψυχή	yuxh/	n-p---fv-
ψυχήν	yuxh/n	ψυχή	yuxh/	n-s---fa-
ψυχᾶς	yuxa=s	ψυχάζω	yuxa/zw	v2sfia---
ψυχᾶς	yuxa=s	ψυχή	yuxh/	n-s---fg-
ψυχᾷ	yuxa=|	ψυχάζω	yuxa/zw	v2sfim---
ψυχᾷ	yuxa=|	ψυχάζω	yuxa/zw	v3sfia---
ψυχᾷ	yuxa=|	ψυχή	yuxh/	n-s---fd-
ψήφου	yh/fou	ψῆφος	yh=fos	n-s---fg-
ψήφου	yh/fou	ψηφόω	yhfo/w	v2spma---
ψήφου	yh/fou	ψηφόω	yhfo/w	v3siia---
ψόγους	yo/gous	ψόγος	yo/gos	n-p---ma-
ψῆφον	yh=fon	ψῆφος	yh=fos	n-s---fa-
ἀβριθές	a)briqe/s	ἀβριθής	a)briqh/s	n-s---mv-
ἀβριθές	a)briqe/s	ἀβριθής	a)briqh/s	n-s---fv-
ἀβριθές	a)briqe/s	ἀβριθής	a)briqh/s	n-s---nn-
ἀβριθές	a)briqe/s	ἀβριθής	a)briqh/s	n-s---nv-
ἀβριθές	a)briqe/s	ἀβριθής	a)briqh/s	n-s---na-
ἀγαῖσι	a)gai=si	ἀγή	a)gh/	n-p---fd-
ἀγαῖσι	a)gai=si	ἀγή2	a)gh/2	n-p---fd-
ἀγγελῶν	a)ggelw=n	ἀγγέλλω	a)gge/llw	v-sfpamn-
ἀγγελῶν	a)ggelw=n	ἀναγελάω	a)nagela/w	v-sppamv-
ἀγγελῶν	a)ggelw=n	ἀναγελάω	a)nagela/w	v-sppann-
ἀγγελῶν	a)ggelw=n	ἀναγελάω	a)nagela/w	v-sppanv-
ἀγγελῶν	a)ggelw=n	ἀναγελάω	a)nagela/w	v-sppana-
ἀγγελῶν	a)ggelw=n	ἀναγελάω	a)nagela/w	v-sppamn-
ἀγγελῶν	a)ggelw=n	ἀναγελάω	a)nagela/w	v-sfpamv-
ἀγγελῶν	a)ggelw=n	ἀναγελάω	a)nagela/w	v-sfpann-
ἀγγελῶν	a)ggelw=n	ἀναγελάω	a)nagela/w	v-sfpanv-
ἀγγελῶν	a)ggelw=n	ἀναγελάω	a)nagela/w	v-sfpana-
ἀγγελῶν	a)ggelw=n	ἀναγελάω	a)nagela/w	v-sfpamn-
ἀγγεῖλαί	a)ggei=lai/	ἀγγέλλω	a)gge/llw	v--ana---
ἀγγέλλεις	a)gge/lleis	ἀγγέλλω	a)gge/llw	v2spia---
ἀγγέλλοις	a)gge/llois	ἀγγέλλω	a)gge/llw	v2spoa---
ἀγγέλλοις	a)gge/llois	ἀγγέλλω	a)gge/llw	v2saoa---
ἀγκῶσι	a)gkw=si	ἀγκών	a)gkw/n	n-p---md-
ἀγρούς	a)grou/s	ἀγρός	a)gro/s	n-p---ma-
ἀγρίου	a)gri/ou	ἄγριος	a)/grios	a-s---mg-
ἀγρίου	a)gri/ou	ἄγριος	a)/grios	a-s---ng-
ἀγρίου	a)gri/ou	ἄγριος	a)/grios	n-s---mg-
ἀγρίου	a)gri/ou	ἄγριος	a)/grios	n-s---fg-
ἀγρίου	a)gri/ou	ἄγριος	a)/grios	n-s---ng-
ἀγρίου	a)gri/ou	ἀγριόω	a)grio/w	v3siia---
ἀγρίου	a)gri/ou	ἀγριόω	a)grio/w	v2spma---
ἀγρίου	a)gri/ou	ἀγριόω	a)grio/w	v3siia---
ἀγωνίας	a)gwni/as	ἀγωνία	a)gwni/a	n-p---fa-
ἀγωνίας	a)gwni/as	ἀγωνία	a)gwni/a	n-s---fg-
ἀγωνίας	a)gwni/as	ἀγωνιάω	a)gwnia/w	v2siia---
ἀγωνίας	a)gwni/as	ἀγωνιάω	a)gwnia/w	v2siia---
ἀγήρων	a)gh/rwn	ἀγήραος	a)gh/raos	n-p---mg-
ἀγήρων	a)gh/rwn	ἀγήραος	a)gh/raos	n-p---fg-
ἀγήρων	a)gh/rwn	ἀγήραος	a)gh/raos	n-p---ng-
ἀγήρων	a)gh/rwn	ἀγήραος	a)gh/raos	a-s---ma-
ἀγήρων	a)gh/rwn	ἀγήραος	a)gh/raos	a-s---fa-
ἀγών	a)gw/n	ἀγών	a)gw/n	n-s---mn-
ἀγών	a)gw/n	ἀγών	a)gw/n	n-s---mv-
ἀγῶνα	a)gw=na	ἀγών	a)gw/n	n-s---ma-
ἀγῶνος	a)gw=nos	ἀγών	a)gw/n	n-s---mg-
ἀδελφοῦ	a)delfou=	ἀδελφός	a)delfo/s	n-s---mg-
ἀδελφός	a)delfo/s	ἀδελφός	a)delfo/s	n-s---mn-
ἀδελφῇ	a)delfh=|	ἀδελφή	a)delfh/	n-s---fd-
ἀδικεῖν	a)dikei=n	ἀδικέω	a)dike/w	v--pna---
ἀδικουμένοις	a)dikoume/nois	ἀδικέω	a)dike/w	v-pppemd-
ἀδικουμένοις	a)dikoume/nois	ἀδικέω	a)dike/w	v-pppend-
ἀδικουμένους	a)dikoume/nous	ἀδικέω	a)dike/w	v-pppema-
ἀδικίᾳ	a)diki/a|	ἀδικία	a)diki/a	n-p---fn-
ἀδικίᾳ	a)diki/a|	ἀδικία	a)diki/a	n-p---fv-
ἀδικίᾳ	a)diki/a|	ἀδικία	a)diki/a	n-s---fd-
ἀδόλοις	a)do/lois	ἄδολος	a)/dolos	n-p---md-
ἀδόλοις	a)do/lois	ἄδολος	a)/dolos	n-p---fd-
ἀδόλοις	a)do/lois	ἄδολος	a)/dolos	n-p---nd-
ἀεί	a)ei/	ἀεί	a)ei/	d--------
ἀθλιώτερον	a)qliw/teron	ἄθλιος	a)/qlios	x--------
ἀθλιώτερον	a)qliw/teron	ἄθλιος	a)/qlios	a-s---ma-
ἀθλιώτερον	a)qliw/teron	ἄθλιος	a)/qlios	a-s---nn-
ἀθλιώτερον	a)qliw/teron	ἄθλιος	a)/qlios	a-s---nv-
ἀθλιώτερον	a)qliw/teron	ἄθλιος	a)/qlios	a-s---na-
ἀθλιώτερον	a)qliw/teron	ἄθλιος	a)/qlios	n-s---ma-
ἀθλιώτερον	a)qliw/teron	ἄθλιος	a)/qlios	n-s---nn-
ἀθλιώτερον	a)qliw/teron	ἄθλιος	a)/qlios	n-s---nv-
ἀθλιώτερον	a)qliw/teron	ἄθλιος	a)/qlios	n-s---na-
ἀθλιώτερον	a)qliw/teron	ἄθλιος	a)/qlios	x--------
ἀθλήσας	a)qlh/sas	ἀθλέω	a)qle/w	v-sapamn-
ἀθλήσας	a)qlh/sas	ἀθλέω	a)qle/w	v-sapamv-
ἀθλίαις	a)qli/ais	ἄθλιος	a)/qlios	a-p---fd-
ἀθλίας	a)qli/as	ἄθλιος	a)/qlios	a-p---fa-
ἀθλίας	a)qli/as	ἄθλιος	a)/qlios	a-s---fg-
ἀθλίου	a)qli/ou	ἄθλιος	a)/qlios	a-s---mg-
ἀθλίου	a)qli/ou	ἄθλιος	a)/qlios	a-s---ng-
ἀθλίου	a)qli/ou	ἄθλιος	a)/qlios	n-s---mg-
ἀθλίου	a)qli/ou	ἄθλιος	a)/qlios	n-s---fg-
ἀθλίου	a)qli/ou	ἄθλιος	a)/qlios	n-s---ng-
ἀθροίσας	a)qroi/sas	ἀθρέω	a)qre/w	v-pppafa-
ἀθροίσας	a)qroi/sas	ἀθρέω	a)qre/w	v-sppafg-
ἀθροίσας	a)qroi/sas	ἀθροίζω	a)qroi/zw	v-sapamn-
ἀθροίσας	a)qroi/sas	ἀθροίζω	a)qroi/zw	v-sapamv-
ἀθροίσας	a)qroi/sas	ἀθροίζω	a)qroi/zw	v-sapamn-
ἀθροίσας	a)qroi/sas	ἀθροίζω	a)qroi/zw	v-sapamv-
ἀκμήν	a)kmh/n	ἀκμή	a)kmh/	d--------
ἀκμήν	a)kmh/n	ἀκμή	a)kmh/	n-s---fa-
ἀκουόντων	a)kouo/ntwn	ἀκούω	a)kou/w	v-pppamg-
ἀκουόντων	a)kouo/ntwn	ἀκούω	a)kou/w	v-pppang-
ἀκουόντων	a)kouo/ntwn	ἀκούω	a)kou/w	v3ppma---
ἀκούειν	a)kou/ein	ἀκούω	a)kou/w	v--pna---
ἀκούσαθ’	a)kou/saq'	ἀκούω	a)kou/w	v3saim---
ἀκούσαθ’	a)kou/saq'	ἀκούω	a)kou/w	v3saim---
ἀκούσαθ’	a)kou/saq'	ἀκούω	a)kou/w	v2pama---
ἀκούσαθ’	a)kou/saq'	ἀκούω	a)kou/w	v2paia---
ἀκούσαθ’	a)kou/saq'	ἀκούω	a)kou/w	v2paia---
ἀκοῦσαι	a)kou=sai	ἀκέω	a)ke/w	v-pppafn-
ἀκοῦσαι	a)kou=sai	ἀκέω	a)ke/w	v-pppafv-
ἀκοῦσαι	a)kou=sai	ἀκούω	a)kou/w	v--ana---
ἀκριβῆ	a)kribh=	ἀκριβής	a)kribh/s	n-p---nn-
ἀκριβῆ	a)kribh=	ἀκριβής	a)kribh/s	n-p---nv-
ἀκριβῆ	a)kribh=	ἀκριβής	a)kribh/s	n-p---na-
ἀκριβῆ	a)kribh=	ἀκριβής	a)kribh/s	n-d---mn-
ἀκριβῆ	a)kribh=	ἀκριβής	a)kribh/s	n-d---mv-
ἀκριβῆ	a)kribh=	ἀκριβής	a)kribh/s	n-d---ma-
ἀκριβῆ	a)kribh=	ἀκριβής	a)kribh/s	n-d---fn-
ἀκριβῆ	a)kribh=	ἀκριβής	a)kribh/s	n-d---fv-
ἀκριβῆ	a)kribh=	ἀκριβής	a)kribh/s	n-d---fa-
ἀκριβῆ	a)kribh=	ἀκριβής	a)kribh/s	n-d---nn-
ἀκριβῆ	a)kribh=	ἀκριβής	a)kribh/s	n-d---nv-
ἀκριβῆ	a)kribh=	ἀκριβής	a)kribh/s	n-d---na-
ἀκριβῆ	a)kribh=	ἀκριβής	a)kribh/s	n-s---ma-
ἀκριβῆ	a)kribh=	ἀκριβής	a)kribh/s	n-s---fa-
ἀκτίς	a)kti/s	ἀκτίς	a)kti/s	n-s---fn-
ἀκτίς	a)kti/s	ἀκτίς	a)kti/s	n-s---fv-
ἀλαίνοντ’	a)lai/nont'	ἀλαίνω	a)lai/nw	v-pppann-
ἀλαίνοντ’	a)lai/nont'	ἀλαίνω	a)lai/nw	v-pppanv-
ἀλαίνοντ’	a)lai/nont'	ἀλαίνω	a)lai/nw	v-pppana-
ἀλαίνοντ’	a)lai/nont'	ἀλαίνω	a)lai/nw	v-sppama-
ἀλαίνοντ’	a)lai/nont'	ἀλαίνω	a)lai/nw	v-sppamd-
ἀλαίνοντ’	a)lai/nont'	ἀλαίνω	a)lai/nw	v-sppand-
ἀλαίνοντ’	a)lai/nont'	ἀλαίνω	a)lai/nw	v3ppia---
ἀλαίνοντ’	a)lai/nont'	ἀλαίνω	a)lai/nw	v3piie---
ἀλαίνοντ’	a)lai/nont'	ἀλαίνω	a)lai/nw	v-dppamn-
ἀλαίνοντ’	a)lai/nont'	ἀλαίνω	a)lai/nw	v-dppamv-
ἀλαίνοντ’	a)lai/nont'	ἀλαίνω	a)lai/nw	v-dppama-
ἀλαίνοντ’	a)lai/nont'	ἀλαίνω	a)lai/nw	v-dppann-
ἀλαίνοντ’	a)lai/nont'	ἀλαίνω	a)lai/nw	v-dppanv-
ἀλαίνοντ’	a)lai/nont'	ἀλαίνω	a)lai/nw	v-dppana-
ἀλαίνοντ’	a)lai/nont'	ἀλαίνω	a)lai/nw	v3ppie---
ἀλαίνοντ’	a)lai/nont'	ἀλαίνω	a)lai/nw	v3piie---
ἀλγέων	a)lge/wn	ἄλγος	a)/lgos	n-p---ng-
ἀλγέων	a)lge/wn	ἀλγέω	a)lge/w	v-sppamn-
ἀλγήσει	a)lgh/sei	ἄλγησις	a)/lghsis	n-d---fn-
ἀλγήσει	a)lgh/sei	ἄλγησις	a)/lghsis	n-d---fv-
ἀλγήσει	a)lgh/sei	ἄλγησις	a)/lghsis	n-d---fa-
ἀλγήσει	a)lgh/sei	ἄλγησις	a)/lghsis	n-s---fd-
ἀλγήσει	a)lgh/sei	ἄλγησις	a)/lghsis	n-s---fd-
ἀλγήσει	a)lgh/sei	ἀλγέω	a)lge/w	v3sasa---
ἀλγήσει	a)lgh/sei	ἀλγέω	a)lge/w	v2sfim---
ἀλγήσει	a)lgh/sei	ἀλγέω	a)lge/w	v3sfia---
ἀλγήσει	a)lgh/sei	ἀλγέω	a)lge/w	v2stie---
ἀλγήσει	a)lgh/sei	ἀλγέω	a)lge/w	v3stia---
ἀληθής	a)lhqh/s	ἀληθής	a)lhqh/s	n-s---mn-
ἀληθής	a)lhqh/s	ἀληθής	a)lhqh/s	n-s---fn-
ἀληθῆ	a)lhqh=	ἀληθής	a)lhqh/s	n-p---nn-
ἀληθῆ	a)lhqh=	ἀληθής	a)lhqh/s	n-p---nv-
ἀληθῆ	a)lhqh=	ἀληθής	a)lhqh/s	n-p---na-
ἀληθῆ	a)lhqh=	ἀληθής	a)lhqh/s	n-d---mn-
ἀληθῆ	a)lhqh=	ἀληθής	a)lhqh/s	n-d---mv-
ἀληθῆ	a)lhqh=	ἀληθής	a)lhqh/s	n-d---ma-
ἀληθῆ	a)lhqh=	ἀληθής	a)lhqh/s	n-d---fn-
ἀληθῆ	a)lhqh=	ἀληθής	a)lhqh/s	n-d---fv-
ἀληθῆ	a)lhqh=	ἀληθής	a)lhqh/s	n-d---fa-
ἀληθῆ	a)lhqh=	ἀληθής	a)lhqh/s	n-d---nn-
ἀληθῆ	a)lhqh=	ἀληθής	a)lhqh/s	n-d---nv-
ἀληθῆ	a)lhqh=	ἀληθής	a)lhqh/s	n-d---na-
ἀληθῆ	a)lhqh=	ἀληθής	a)lhqh/s	n-s---ma-
ἀληθῆ	a)lhqh=	ἀληθής	a)lhqh/s	n-s---fa-
ἀλιβάτου	a)liba/tou	ἀλίβατος	a)li/batos	n-s---mg-
ἀλιβάτου	a)liba/tou	ἀλίβατος	a)li/batos	n-s---fg-
ἀλιβάτου	a)liba/tou	ἀλίβατος	a)li/batos	n-s---ng-
ἀλιβάτου	a)liba/tou	ἠλίβατος	h)li/batos	n-s---mg-
ἀλιβάτου	a)liba/tou	ἠλίβατος	h)li/batos	n-s---fg-
ἀλιβάτου	a)liba/tou	ἠλίβατος	h)li/batos	n-s---ng-
ἀλκιμώτατον	a)lkimw/taton	ἄλκιμος	a)/lkimos	a-s---mas
ἀλκιμώτατον	a)lkimw/taton	ἄλκιμος	a)/lkimos	a-s---nns
ἀλκιμώτατον	a)lkimw/taton	ἄλκιμος	a)/lkimos	a-s---nvs
ἀλκιμώτατον	a)lkimw/taton	ἄλκιμος	a)/lkimos	a-s---nas
ἀλκιμώτατον	a)lkimw/taton	ἄλκιμος	a)/lkimos	a-s---mas
ἀλκιμώτατον	a)lkimw/taton	ἄλκιμος	a)/lkimos	a-s---nns
ἀλκιμώτατον	a)lkimw/taton	ἄλκιμος	a)/lkimos	a-s---nvs
ἀλκιμώτατον	a)lkimw/taton	ἄλκιμος	a)/lkimos	a-s---nas
ἀλκήν	a)lkh/n	ἀλκή	a)lkh/	n-s---fa-
ἀλκίμοισιν	a)lki/moisin	ἄλκιμος	a)/lkimos	a-p---md-
ἀλκίμοισιν	a)lki/moisin	ἄλκιμος	a)/lkimos	a-p---nd-
ἀλκίμοισιν	a)lki/moisin	ἄλκιμος	a)/lkimos	n-p---md-
ἀλκίμοισιν	a)lki/moisin	ἄλκιμος	a)/lkimos	n-p---fd-
ἀλκίμοισιν	a)lki/moisin	ἄλκιμος	a)/lkimos	n-p---nd-
ἀλλά	a)lla/	ἀλλά	a)lla/	d--------
ἀλλήλοισι	a)llh/loisi	ἀλλήλων	a)llh/lwn	n-p---nd-
ἀλλήλοισι	a)llh/loisi	ἀλλήλων	a)llh/lwn	n-p---md-
ἀλλήλοισιν	a)llh/loisin	ἀλλήλων	a)llh/lwn	n-p---nd-
ἀλλήλοισιν	a)llh/loisin	ἀλλήλων	a)llh/lwn	n-p---md-
ἀλλήλων	a)llh/lwn	ἀλλήλων	a)llh/lwn	n-p---ng-
ἀλλήλων	a)llh/lwn	ἀλλήλων	a)llh/lwn	n-p---fg-
ἀλλήλων	a)llh/lwn	ἀλλήλων	a)llh/lwn	n-p---mg-
ἀλάταν	a)la/tan	ἀλήτης	a)lh/ths	n-s---ma-
ἀλόχοιο	a)lo/xoio	ἄλοχος	a)/loxos	n-s---fg-
ἀμαθής	a)maqh/s	ἀμαθής	a)maqh/s	n-s---mn-
ἀμαθής	a)maqh/s	ἀμαθής	a)maqh/s	n-s---fn-
ἀμεινόνων	a)meino/nwn	ἀμείνων	a)mei/nwn	a-p----g-
ἀμενοῦς	a)menou=s	ἀμενής	a)menh/s	n-s---mg-
ἀμενοῦς	a)menou=s	ἀμενής	a)menh/s	n-s---fg-
ἀμενοῦς	a)menou=s	ἀμενής	a)menh/s	n-s---ng-
ἀμενοῦς	a)menou=s	ἀμενηνός	a)menhno/s	n-s---mg-
ἀμενοῦς	a)menou=s	ἀμενηνός	a)menhno/s	n-s---fg-
ἀμενοῦς	a)menou=s	ἀμενηνός	a)menhno/s	n-s---ng-
ἀμείνοσιν	a)mei/nosin	ἀμείνων	a)mei/nwn	a-p----d-
ἀμείψομαι	a)mei/yomai	ἀμείβω	a)mei/bw	v1sasm---
ἀμείψομαι	a)mei/yomai	ἀμείβω	a)mei/bw	v1sfim---
ἀμείψῃ	a)mei/yh|	ἄμειψις	a)/meiyis	n-s---fd-
ἀμείψῃ	a)mei/yh|	ἀμείβω	a)mei/bw	v2sasm---
ἀμείψῃ	a)mei/yh|	ἀμείβω	a)mei/bw	v3sasa---
ἀμείψῃ	a)mei/yh|	ἀμείβω	a)mei/bw	v2sfim---
ἀμπίσχειν	a)mpi/sxein	ἀμφί-ἴσχω	a)mfi/-i)/sxw	v--pna---
ἀμφιβαλεῖν	a)mfibalei=n	ἀμφιβάλλω	a)mfiba/llw	v--ana---
ἀμφιβαλεῖν	a)mfibalei=n	ἀμφιβάλλω	a)mfiba/llw	v--fna---
ἀμφιβαίνει	a)mfibai/nei	ἀμφιβαίνω	a)mfibai/nw	v2spie---
ἀμφιβαίνει	a)mfibai/nei	ἀμφιβαίνω	a)mfibai/nw	v3spia---
ἀμφιπίτνουσα	a)mfipi/tnousa	ἀμφιπίπτω	a)mfipi/ptw	v-sppafn-
ἀμφιπίτνουσα	a)mfipi/tnousa	ἀμφιπίπτω	a)mfipi/ptw	v-sppafv-
ἀμφοῖν	a)mfoi=n	ἄμφω	a)/mfw	n-d---mg-
ἀμφοῖν	a)mfoi=n	ἄμφω	a)/mfw	n-d---md-
ἀμφοῖν	a)mfoi=n	ἄμφω	a)/mfw	n-d---fg-
ἀμφοῖν	a)mfoi=n	ἄμφω	a)/mfw	n-d---fd-
ἀμφοῖν	a)mfoi=n	ἄμφω	a)/mfw	n-d---ng-
ἀμφοῖν	a)mfoi=n	ἄμφω	a)/mfw	n-d---nd-
ἀμφί	a)mfi/	ἀμφί	a)mfi/	r--------
ἀμφίπολοι	a)mfi/poloi	ἀμφίπολος	a)mfi/polos	n-p---mn-
ἀμφίπολοι	a)mfi/poloi	ἀμφίπολος	a)mfi/polos	n-p---mv-
ἀμφίπολοι	a)mfi/poloi	ἀμφίπολος	a)mfi/polos	n-p---fn-
ἀμφίπολοι	a)mfi/poloi	ἀμφίπολος	a)mfi/polos	n-p---fv-
ἀμφ’	a)mf'	ἀμφί	a)mfi/	r--------
ἀναβλέπει	a)nable/pei	ἀναβλέπω	a)nable/pw	v2spie---
ἀναβλέπει	a)nable/pei	ἀναβλέπω	a)nable/pw	v3spia---
ἀναγκάσαι	a)nagka/sai	ἀναγκάζω	a)nagka/zw	v-sfpafd-
ἀναγκάσαι	a)nagka/sai	ἀναγκάζω	a)nagka/zw	v--ana---
ἀναγκάσαι	a)nagka/sai	ἀναγκάζω	a)nagka/zw	v3saoa---
ἀναθήματα	a)naqh/mata	ἀνάθημα	a)na/qhma	n-p---nn-
ἀναθήματα	a)naqh/mata	ἀνάθημα	a)na/qhma	n-p---nv-
ἀναθήματα	a)naqh/mata	ἀνάθημα	a)na/qhma	n-p---na-
ἀναιρεῖσθαι	a)nairei=sqai	ἀναιρέω	a)naire/w	v--pne---
ἀναιρεῖσθαι	a)nairei=sqai	ἀναιρέω	a)naire/w	v--pne---
ἀναιρούμεσθα	a)nairou/mesqa	ἀναιρέω	a)naire/w	v1piie---
ἀναιρούμεσθα	a)nairou/mesqa	ἀναιρέω	a)naire/w	v1ppie---
ἀναιρούμεσθα	a)nairou/mesqa	ἀναιρέω	a)naire/w	v1ppie---
ἀναιρούμεσθα	a)nairou/mesqa	ἀναιρέω	a)naire/w	v1piie---
ἀναιρούμεσθα	a)nairou/mesqa	ἀναιρέω	a)naire/w	v1piie---
ἀναιρούμεσθα	a)nairou/mesqa	ἀνιερόω	a)niero/w	v1piie---
ἀναιρούμεσθα	a)nairou/mesqa	ἀνιερόω	a)niero/w	v1ppie---
ἀνακαλούμεθ’	a)nakalou/meq'	ἀνακαλέω	a)nakale/w	v1piie---
ἀνακαλούμεθ’	a)nakalou/meq'	ἀνακαλέω	a)nakale/w	v1ppie---
ἀνακαλούμεθ’	a)nakalou/meq'	ἀνακαλέω	a)nakale/w	v1pfim---
ἀνακαλούμεθ’	a)nakalou/meq'	ἀνακαλέω	a)nakale/w	v1ppie---
ἀνακαλούμεθ’	a)nakalou/meq'	ἀνακαλέω	a)nakale/w	v1piie---
ἀνακαλούμεθ’	a)nakalou/meq'	ἀνακαλέω	a)nakale/w	v1piie---
ἀνακτόρων	a)nakto/rwn	ἄναξ	a)/nac	n-p---mg-
ἀνακτόρων	a)nakto/rwn	ἀνάκτορον	a)na/ktoron	n-p---ng-
ἀνακτόρων	a)nakto/rwn	ἀνάκτωρ	a)na/ktwr	n-p---mg-
ἀναλωθέν	a)nalwqe/n	ἀναλίσκω	a)nali/skw	v-sappnn-
ἀναλωθέν	a)nalwqe/n	ἀναλίσκω	a)nali/skw	v-sappnv-
ἀναλωθέν	a)nalwqe/n	ἀναλίσκω	a)nali/skw	v-sappna-
ἀναλωθέν	a)nalwqe/n	ἀναλόω	a)nalo/w	v-sappnn-
ἀναλωθέν	a)nalwqe/n	ἀναλόω	a)nalo/w	v-sappnv-
ἀναλωθέν	a)nalwqe/n	ἀναλόω	a)nalo/w	v-sappna-
ἀναμίγνυσθαι	a)nami/gnusqai	ἀναμίσγω	a)nami/sgw	v--pne---
ἀνανδρίᾳ	a)nandri/a|	ἀνανδρία	a)nandri/a	n-p---fn-
ἀνανδρίᾳ	a)nandri/a|	ἀνανδρία	a)nandri/a	n-p---fv-
ἀνανδρίᾳ	a)nandri/a|	ἀνανδρία	a)nandri/a	n-s---fd-
ἀναπτεροῖ	a)napteroi=	ἀναπτερόω	a)naptero/w	v2spie---
ἀναπτεροῖ	a)napteroi=	ἀναπτερόω	a)naptero/w	v3spoa---
ἀναπτεροῖ	a)napteroi=	ἀναπτερόω	a)naptero/w	v3spia---
ἀναπτεροῖ	a)napteroi=	ἀναπτερόω	a)naptero/w	v2spie---
ἀναπτεροῖ	a)napteroi=	ἀναπτερόω	a)naptero/w	v3spoa---
ἀναπτεροῖ	a)napteroi=	ἀναπτερόω	a)naptero/w	v3spia---
ἀναρπάσαντες	a)narpa/santes	ἀναρπάζω	a)narpa/zw	v-papamn-
ἀναρπάσαντες	a)narpa/santes	ἀναρπάζω	a)narpa/zw	v-papamv-
ἀναρπάσαντες	a)narpa/santes	ἀναρπάζω	a)narpa/zw	v-papamn-
ἀναρπάσαντες	a)narpa/santes	ἀναρπάζω	a)narpa/zw	v-papamv-
ἀναρπάσας	a)narpa/sas	ἀναρπάζω	a)narpa/zw	v-pfpafa-
ἀναρπάσας	a)narpa/sas	ἀναρπάζω	a)narpa/zw	v-sfpafg-
ἀναρπάσας	a)narpa/sas	ἀναρπάζω	a)narpa/zw	v-pfpafa-
ἀναρπάσας	a)narpa/sas	ἀναρπάζω	a)narpa/zw	v-sfpafg-
ἀναρπάσας	a)narpa/sas	ἀναρπάζω	a)narpa/zw	v-sapamn-
ἀναρπάσας	a)narpa/sas	ἀναρπάζω	a)narpa/zw	v-sapamv-
ἀναρπάσας	a)narpa/sas	ἀναρπάζω	a)narpa/zw	v-sapamn-
ἀναρπάσας	a)narpa/sas	ἀναρπάζω	a)narpa/zw	v-sapamv-
ἀναστρέφει	a)nastre/fei	ἀναστρέφω	a)nastre/fw	v2spie---
ἀναστρέφει	a)nastre/fei	ἀναστρέφω	a)nastre/fw	v3spia---
ἀναψυχάς	a)nayuxa/s	ἀναψυχή	a)nayuxh/	n-p---fa-
ἀναίρεσιν	a)nai/resin	ἀναίρεσις	a)nai/resis	n-s---fa-
ἀνδροκμῆτας	a)ndrokmh=tas	ἀνδροκμής	a)ndrokmh/s	n-p---ma-
ἀνδροκμῆτας	a)ndrokmh=tas	ἀνδροκμής	a)ndrokmh/s	n-p---fa-
ἀνδρί	a)ndri/	ἀνδρίς	a)ndri/s	n-s---fv-
ἀνδρί	a)ndri/	ἀνήρ	a)nh/r	n-s---md-
ἀνδρός	a)ndro/s	ἀνήρ	a)nh/r	n-s---mg-
ἀνδρῶν	a)ndrw=n	ἀνδρόω	a)ndro/w	v-sppamv-
ἀνδρῶν	a)ndrw=n	ἀνδρόω	a)ndro/w	v-sppann-
ἀνδρῶν	a)ndrw=n	ἀνδρόω	a)ndro/w	v-sppanv-
ἀνδρῶν	a)ndrw=n	ἀνδρόω	a)ndro/w	v-sppana-
ἀνδρῶν	a)ndrw=n	ἀνδρόω	a)ndro/w	v-sppamn-
ἀνδρῶν	a)ndrw=n	ἀνδρόω	a)ndro/w	v--pna---
ἀνδρῶν	a)ndrw=n	ἀνήρ	a)nh/r	n-p---mg-
ἀνειλόμην	a)neilo/mhn	ἀναιρέω	a)naire/w	v1saim---
ἀνειλόμην	a)neilo/mhn	ἀνειλέω	a)neile/w	v1siie---
ἀνηλάλαξα	a)nhla/laca	ἀναλαλάζω	a)nalala/zw	v1saia---
ἀνθρώποισι	a)nqrw/poisi	ἄνθρωπος	a)/nqrwpos	n-p---md-
ἀνθρώπων	a)nqrw/pwn	ἄνθρωπος	a)/nqrwpos	n-p---mg-
ἀνθωπλισμένοι	a)nqwplisme/noi	ἀνθοπλίζω	a)nqopli/zw	v-prpemn-
ἀνθωπλισμένοι	a)nqwplisme/noi	ἀνθοπλίζω	a)nqopli/zw	v-prpemv-
ἀνιστορῶ	a)nistorw=	ἀνιστορέω	a)nistore/w	v1spsa---
ἀνιστορῶ	a)nistorw=	ἀνιστορέω	a)nistore/w	v1spia---
ἀνιστορῶ	a)nistorw=	ἀνιστορέω	a)nistore/w	v1spsa---
ἀνιστορῶ	a)nistorw=	ἀνιστορέω	a)nistore/w	v1spia---
ἀνορθοῖς	a)norqoi=s	ἀνορθόω	a)norqo/w	v2spoa---
ἀνορθοῖς	a)norqoi=s	ἀνορθόω	a)norqo/w	v2spsa---
ἀνορθοῖς	a)norqoi=s	ἀνορθόω	a)norqo/w	v2spia---
ἀνταπώλετο	a)ntapw/leto	ἀνταπόλλυμι	a)ntapo/llumi	v3saim---
ἀντεκήρυξεν	a)ntekh/rucen	ἀντικηρύσσω	a)ntikhru/ssw	v3saia---
ἀντιδουλεύει	a)ntidouleu/ei	ἀντιδουλεύω	a)ntidouleu/w	v2spie---
ἀντιδουλεύει	a)ntidouleu/ei	ἀντιδουλεύω	a)ntidouleu/w	v3spia---
ἀντιδουλεύει	a)ntidouleu/ei	ἀντιδουλεύω	a)ntidouleu/w	v2spie---
ἀντιδουλεύει	a)ntidouleu/ei	ἀντιδουλεύω	a)ntidouleu/w	v3spia---
ἀντιδρᾶν	a)ntidra=n	ἀντιδράω	a)ntidra/w	v-sppamv-
ἀντιδρᾶν	a)ntidra=n	ἀντιδράω	a)ntidra/w	v-sppann-
ἀντιδρᾶν	a)ntidra=n	ἀντιδράω	a)ntidra/w	v-sppanv-
ἀντιδρᾶν	a)ntidra=n	ἀντιδράω	a)ntidra/w	v-sppana-
ἀντιδρᾶν	a)ntidra=n	ἀντιδράω	a)ntidra/w	v-sppamn-
ἀντιδρᾶν	a)ntidra=n	ἀντιδράω	a)ntidra/w	v--pna---
ἀντιδρᾶν	a)ntidra=n	ἀντιδράω	a)ntidra/w	v--pna---
ἀντιδρᾶν	a)ntidra=n	ἀντιδράω	a)ntidra/w	v-sppamv-
ἀντιδρᾶν	a)ntidra=n	ἀντιδράω	a)ntidra/w	v-sppann-
ἀντιδρᾶν	a)ntidra=n	ἀντιδράω	a)ntidra/w	v-sppanv-
ἀντιδρᾶν	a)ntidra=n	ἀντιδράω	a)ntidra/w	v-sppana-
ἀντιδρᾶν	a)ntidra=n	ἀντιδράω	a)ntidra/w	v-sppamn-
ἀντιδρᾶν	a)ntidra=n	ἀντιδράω	a)ntidra/w	v--pna---
ἀντιδρᾶν	a)ntidra=n	ἀντιδράω	a)ntidra/w	v--pna---
ἀντιλάζυται	a)ntila/zutai	ἀντιλάζομαι	a)ntila/zomai	v3spim---
ἀντιτάσσομαι	a)ntita/ssomai	ἀντιτάσσω	a)ntita/ssw	v1spie---
ἀντιτάσσομαι	a)ntita/ssomai	ἀντιτάσσω	a)ntita/ssw	v1spie---
ἀντάκουσον	a)nta/kouson	ἀντακούω	a)ntakou/w	v2sama---
ἀντέρειδε	a)nte/reide	ἀντερείδω	a)nterei/dw	v2spma---
ἀντέρειδε	a)nte/reide	ἀντερείδω	a)nterei/dw	v3siia---
ἀντί	a)nti/	ἀντί	a)nti/	r--------
ἀντίαν	a)nti/an	ἀντίος	a)nti/os	a-s---fa-
ἀντίαν	a)nti/an	ἀντιάω	a)ntia/w	v3piia---
ἀντίαν	a)nti/an	ἀντιάω	a)ntia/w	v1siia---
ἀντίαν	a)nti/an	ἀντιάω	a)ntia/w	v3piia---
ἀντίαν	a)nti/an	ἀντιάω	a)ntia/w	v1siia---
ἀντίασον	a)nti/ason	ἀντιάω	a)ntia/w	v2sama---
ἀντίασον	a)nti/ason	ἀντιάζω	a)ntia/zw	v2sama---
ἀντίφων’	a)nti/fwn'	ἀντίφωνος	a)nti/fwnos	n-p---nn-
ἀντίφων’	a)nti/fwn'	ἀντίφωνος	a)nti/fwnos	n-p---nv-
ἀντίφων’	a)nti/fwn'	ἀντίφωνος	a)nti/fwnos	n-p---na-
ἀντίφων’	a)nti/fwn'	ἀντίφωνος	a)nti/fwnos	n-s---mv-
ἀντίφων’	a)nti/fwn'	ἀντίφωνος	a)nti/fwnos	n-s---fv-
ἀντί’	a)nti/'	ἀντίον	a)nti/on	n-p---nn-
ἀντί’	a)nti/'	ἀντίον	a)nti/on	n-p---nv-
ἀντί’	a)nti/'	ἀντίον	a)nti/on	n-p---na-
ἀντί’	a)nti/'	ἀντίος	a)nti/os	a-p---nn-
ἀντί’	a)nti/'	ἀντίος	a)nti/os	a-p---nv-
ἀντί’	a)nti/'	ἀντίος	a)nti/os	a-p---na-
ἀντί’	a)nti/'	ἀντίος	a)nti/os	a-s---mv-
ἀντί’	a)nti/'	ἀντίος	a)nti/os	a-p---fn-
ἀντί’	a)nti/'	ἀντίος	a)nti/os	a-p---fv-
ἀντί’	a)nti/'	ἀντίος	a)nti/os	a-s---fd-
ἀντ’	a)nt'	ἀντί	a)nti/	r--------
ἀνωφελεῖς	a)nwfelei=s	ἀνωφελής	a)nwfelh/s	n-p---ma-
ἀνωφελεῖς	a)nwfelei=s	ἀνωφελής	a)nwfelh/s	n-p---fa-
ἀνωφελεῖς	a)nwfelei=s	ἀνωφελής	a)nwfelh/s	n-p---mn-
ἀνωφελεῖς	a)nwfelei=s	ἀνωφελής	a)nwfelh/s	n-p---mv-
ἀνωφελεῖς	a)nwfelei=s	ἀνωφελής	a)nwfelh/s	n-p---fn-
ἀνωφελεῖς	a)nwfelei=s	ἀνωφελής	a)nwfelh/s	n-p---fv-
ἀνά	a)na/	ἀνά	a)na/	r--------
ἀνάγκας	a)na/gkas	ἀνάγκη	a)na/gkh	n-p---fa-
ἀνάγκας	a)na/gkas	ἀνάγκη	a)na/gkh	n-s---fg-
ἀνάγκη	a)na/gkh	ἀνάγκη	a)na/gkh	n-s---fn-
ἀνάγκη	a)na/gkh	ἀνάγκη	a)na/gkh	n-s---fv-
ἀνάγκην	a)na/gkhn	ἀνάγκη	a)na/gkh	n-s---fa-
ἀνάσσει	a)na/ssei	ἀνάσσω	a)na/ssw	v2spie---
ἀνάσσει	a)na/ssei	ἀνάσσω	a)na/ssw	v3spia---
ἀνάσσει	a)na/ssei	ἀνάζω	a)na/zw	v3sasa---
ἀνάσσει	a)na/ssei	ἀνάζω	a)na/zw	v2sfim---
ἀνάσσει	a)na/ssei	ἀνάζω	a)na/zw	v3sfia---
ἀνήρ	a)nh/r	ἀνήρ	a)nh/r	n-s---mn-
ἀνῆκα	a)nh=ka	ἀνίημι	a)ni/hmi	v1saia---
ἀξιῶν	a)ciw=n	ἀξία	a)ci/a	n-p---fg-
ἀξιῶν	a)ciw=n	ἀξιάω	a)cia/w	v-sppamv-
ἀξιῶν	a)ciw=n	ἀξιάω	a)cia/w	v-sppann-
ἀξιῶν	a)ciw=n	ἀξιάω	a)cia/w	v-sppanv-
ἀξιῶν	a)ciw=n	ἀξιάω	a)cia/w	v-sppana-
ἀξιῶν	a)ciw=n	ἀξιάω	a)cia/w	v-sppamn-
ἀξιῶν	a)ciw=n	ἀξιόω	a)cio/w	v-sppamv-
ἀξιῶν	a)ciw=n	ἀξιόω	a)cio/w	v-sppann-
ἀξιῶν	a)ciw=n	ἀξιόω	a)cio/w	v-sppanv-
ἀξιῶν	a)ciw=n	ἀξιόω	a)cio/w	v-sppana-
ἀξιῶν	a)ciw=n	ἀξιόω	a)cio/w	v-sppamn-
ἀξιῶν	a)ciw=n	ἀξιόω	a)cio/w	v--pna---
ἀξίωμ’	a)ci/wm'	ἀξίωμα	a)ci/wma	n-s---nn-
ἀξίωμ’	a)ci/wm'	ἀξίωμα	a)ci/wma	n-s---nv-
ἀξίωμ’	a)ci/wm'	ἀξίωμα	a)ci/wma	n-s---na-
ἀξίωμ’	a)ci/wm'	ἀξιόω	a)cio/w	v1srie---
ἀξίων	a)ci/wn	ἄξιος	a)/cios	a-p---fg-
ἀξίων	a)ci/wn	ἄξιος	a)/cios	a-p---mg-
ἀξίων	a)ci/wn	ἄξιος	a)/cios	a-p---ng-
ἀξίων	a)ci/wn	ἄγνυμι	a)/gnumi	v-sfpamn-
ἀξίων	a)ci/wn	ἄγω	a)/gw	v-sfpamn-
ἀξίων	a)ci/wn	ἀξιάω	a)cia/w	v3piia---
ἀξίων	a)ci/wn	ἀξιάω	a)cia/w	v1siia---
ἀξίων	a)ci/wn	ἀξιάω	a)cia/w	v3piia---
ἀξίων	a)ci/wn	ἀξιάω	a)cia/w	v1siia---
ἀξίων	a)ci/wn	ἀξιόω	a)cio/w	v3piia---
ἀξίων	a)ci/wn	ἀξιόω	a)cio/w	v1siia---
ἀοιδαί	a)oidai/	ἀοιδή	a)oidh/	n-p---fn-
ἀοιδαί	a)oidai/	ἀοιδή	a)oidh/	n-p---fv-
ἀοιδάς	a)oida/s	ἀοιδή	a)oidh/	n-p---fa-
ἀπαιδίαν	a)paidi/an	ἀπαιδία	a)paidi/a	n-s---fa-
ἀπαιτεῖ	a)paitei=	ἀπαιτέω	a)paite/w	v2spie---
ἀπαιτεῖ	a)paitei=	ἀπαιτέω	a)paite/w	v3spia---
ἀπαιτεῖ	a)paitei=	ἀπαιτέω	a)paite/w	v2spie---
ἀπαιτεῖ	a)paitei=	ἀπαιτέω	a)paite/w	v3spia---
ἀπαιτήσων	a)paith/swn	ἀπαιτέω	a)paite/w	v-sfpamn-
ἀπαιτήσων	a)paith/swn	ἀπαιτέω	a)paite/w	v-stiamn-
ἀπαιτήσων	a)paith/swn	ἀπαιτέω	a)paite/w	v-sfpamn-
ἀπαλλάξῃ	a)palla/ch|	ἀπάλλαξις	a)pa/llacis	n-s---fd-
ἀπαλλάξῃ	a)palla/ch|	ἀπαλλάσσω	a)palla/ssw	v2sasm---
ἀπαλλάξῃ	a)palla/ch|	ἀπαλλάσσω	a)palla/ssw	v3sasa---
ἀπαλλάξῃ	a)palla/ch|	ἀπαλλάσσω	a)palla/ssw	v2sfim---
ἀπαλλάξῃ	a)palla/ch|	ἀπαλλάσσω	a)palla/ssw	v2stie---
ἀπαλλάξῃ	a)palla/ch|	ἀπαλλάσσω	a)palla/ssw	v2stim---
ἀπαλλάξῃ	a)palla/ch|	ἀπαλλαξείω	a)pallacei/w	v2sasm---
ἀπαλλάξῃ	a)palla/ch|	ἀπαλλαξείω	a)pallacei/w	v3sasa---
ἀπαλλάξῃ	a)palla/ch|	ἀπαλλαξείω	a)pallacei/w	v2sfim---
ἀπαλλάξῃ	a)palla/ch|	ἀπαλλαξείω	a)pallacei/w	v2stie---
ἀπαλλάξῃ	a)palla/ch|	ἀπαλλαξείω	a)pallacei/w	v2stim---
ἀπαλλάξῃ	a)palla/ch|	ἀπαλλαγή	a)pallagh/	n-s---fd-
ἀπαντήσας	a)panth/sas	ἀπαντάω	a)panta/w	v-sapamn-
ἀπαντήσας	a)panth/sas	ἀπαντάω	a)panta/w	v-sapamv-
ἀπαντήσας	a)panth/sas	ἀπαντάω	a)panta/w	v-sapamn-
ἀπαντήσας	a)panth/sas	ἀπαντάω	a)panta/w	v-sapamv-
ἀπαυδᾶν	a)pauda=n	ἀπαυδάω	a)pauda/w	v-sppamv-
ἀπαυδᾶν	a)pauda=n	ἀπαυδάω	a)pauda/w	v-sppann-
ἀπαυδᾶν	a)pauda=n	ἀπαυδάω	a)pauda/w	v-sppanv-
ἀπαυδᾶν	a)pauda=n	ἀπαυδάω	a)pauda/w	v-sppana-
ἀπαυδᾶν	a)pauda=n	ἀπαυδάω	a)pauda/w	v-sppamn-
ἀπαυδᾶν	a)pauda=n	ἀπαυδάω	a)pauda/w	v--pna---
ἀπαυδᾶν	a)pauda=n	ἀπαυδάω	a)pauda/w	v--pna---
ἀπαυδᾶν	a)pauda=n	ἀπαυδάω	a)pauda/w	v-sppamv-
ἀπαυδᾶν	a)pauda=n	ἀπαυδάω	a)pauda/w	v-sppann-
ἀπαυδᾶν	a)pauda=n	ἀπαυδάω	a)pauda/w	v-sppanv-
ἀπαυδᾶν	a)pauda=n	ἀπαυδάω	a)pauda/w	v-sppana-
ἀπαυδᾶν	a)pauda=n	ἀπαυδάω	a)pauda/w	v-sppamn-
ἀπαυδᾶν	a)pauda=n	ἀπαυδάω	a)pauda/w	v--pna---
ἀπαυδᾶν	a)pauda=n	ἀπαυδάω	a)pauda/w	v--pna---
ἀπαυδῶ	a)paudw=	ἀπαυδάω	a)pauda/w	v2siie---
ἀπαυδῶ	a)paudw=	ἀπαυδάω	a)pauda/w	v2spme---
ἀπαυδῶ	a)paudw=	ἀπαυδάω	a)pauda/w	v1spsa---
ἀπαυδῶ	a)paudw=	ἀπαυδάω	a)pauda/w	v1spia---
ἀπαυδῶ	a)paudw=	ἀπαυδάω	a)pauda/w	v1spsa---
ἀπαυδῶ	a)paudw=	ἀπαυδάω	a)pauda/w	v1spia---
ἀπαυδῶ	a)paudw=	ἀπαυδάω	a)pauda/w	v2siie---
ἀπαυδῶ	a)paudw=	ἀπαυδάω	a)pauda/w	v2spme---
ἀπαυδῶ	a)paudw=	ἀπαυδάω	a)pauda/w	v1spsa---
ἀπαυδῶ	a)paudw=	ἀπαυδάω	a)pauda/w	v1spia---
ἀπαυδῶ	a)paudw=	ἀπαυδάω	a)pauda/w	v1spsa---
ἀπαυδῶ	a)paudw=	ἀπαυδάω	a)pauda/w	v1spia---
ἀπαυδῶ	a)paudw=	ἀπαυδάω	a)pauda/w	v2siie---
ἀπαυδῶ	a)paudw=	ἀπαυδάω	a)pauda/w	v2siie---
ἀπεζύγην	a)pezu/ghn	ἀποζεύγνυμαι	a)pozeu/gnumai	v3paip---
ἀπεζύγην	a)pezu/ghn	ἀποζεύγνυμαι	a)pozeu/gnumai	v1saip---
ἀπεικάσας	a)peika/sas	ἀπεικάζω	a)peika/zw	v-pfpafa-
ἀπεικάσας	a)peika/sas	ἀπεικάζω	a)peika/zw	v-sfpafg-
ἀπεικάσας	a)peika/sas	ἀπεικάζω	a)peika/zw	v-pfpafa-
ἀπεικάσας	a)peika/sas	ἀπεικάζω	a)peika/zw	v-sfpafg-
ἀπεικάσας	a)peika/sas	ἀπεικάζω	a)peika/zw	v-sapamn-
ἀπεικάσας	a)peika/sas	ἀπεικάζω	a)peika/zw	v-sapamv-
ἀπεικάσας	a)peika/sas	ἀπεικάζω	a)peika/zw	v-sapamn-
ἀπεικάσας	a)peika/sas	ἀπεικάζω	a)peika/zw	v-sapamv-
ἀπειλήσων	a)peilh/swn	ἀπειλέω	a)peile/w	v-sfpamn-
ἀπειλήσων	a)peilh/swn	ἀπειλέω	a)peile/w	v-stiamn-
ἀπειλήσων	a)peilh/swn	ἀπειλέω1	a)peile/w1	v-sfpamn-
ἀπειλήσων	a)peilh/swn	ἀπειλέω2	a)peile/w2	v-sfpamn-
ἀπειλήσων	a)peilh/swn	ἀπειλέω2	a)peile/w2	v-stiamn-
ἀπελθεῖν	a)pelqei=n	ἀπέρχομαι	a)pe/rxomai	v--ana---
ἀπεστράφης	a)pestra/fhs	ἀποστρέφω	a)postre/fw	v2saip---
ἀπιστῶσ’	a)pistw=s'	ἀφεστήξω	a)festh/cw	v3ppsa---
ἀπιστῶσ’	a)pistw=s'	ἀπιστέω	a)piste/w	v3ppsa---
ἀποβλέπειν	a)poble/pein	ἀποβλέπω	a)poble/pw	v--pna---
ἀπολλύναι	a)pollu/nai	ἀπόλλυμι	a)po/llumi	v--pna---
ἀποπαύσω	a)popau/sw	ἀποπαύω	a)popau/w	v1sasa---
ἀποπαύσω	a)popau/sw	ἀποπαύω	a)popau/w	v1sfia---
ἀποπαύσω	a)popau/sw	ἀποπαύω	a)popau/w	v2saim---
ἀπορίαν	a)pori/an	ἀπορία	a)pori/a	n-s---fa-
ἀποσκοπῶν	a)poskopw=n	ἀποσκοπέω	a)poskope/w	v-sppamn-
ἀποσκοπῶν	a)poskopw=n	ἀποσκοπέω	a)poskope/w	v-sppamn-
ἀποστέλλου	a)poste/llou	ἀποστέλλω	a)poste/llw	v2spme---
ἀποστέλλου	a)poste/llou	ἀποστέλλω	a)poste/llw	v2saim---
ἀποστέλλου	a)poste/llou	ἀποστέλλω	a)poste/llw	v2siie---
ἀποφθερῶ	a)pofqerw=	ἀποφθείρω	a)pofqei/rw	v1sfia---
ἀποῦσαν	a)pou=san	ἄπειμι1	a)/peimi1	v-sppafa-
ἀπωλλύμην	a)pwllu/mhn	ἀπόλλυμι	a)po/llumi	v1siie---
ἀπωλόμεσθα	a)pwlo/mesqa	ἀπόλλυμι	a)po/llumi	v1paim---
ἀπωλόμην	a)pwlo/mhn	ἀπόλλυμι	a)po/llumi	v1saim---
ἀπέστης	a)pe/sths	ἀφεστήξω	a)festh/cw	v2slia---
ἀπέστης	a)pe/sths	ἀφεστήξω	a)festh/cw	v2saia---
ἀπήγγειλ’	a)ph/ggeil'	ἀπαγγέλλω	a)pagge/llw	v1saia---
ἀπήγγειλ’	a)ph/ggeil'	ἀπαγγέλλω	a)pagge/llw	v3saia---
ἀπό	a)po/	ἀπό	a)po/	r--------
ἀπόντας	a)po/ntas	ἄπειμι1	a)/peimi1	v-pppama-
ἀπύσατ’	a)pu/sat'	ἠπύω	h)pu/w	v3saim---
ἀπύσατ’	a)pu/sat'	ἠπύω	h)pu/w	v2pama---
ἀπύσατ’	a)pu/sat'	ἠπύω	h)pu/w	v2paia---
ἀπώλεσα	a)pw/lesa	ἀπόλλυμι	a)po/llumi	v1saia---
ἀπώλεσας	a)pw/lesas	ἀπόλλυμι	a)po/llumi	v2saia---
ἀπώλεσεν	a)pw/lesen	ἀπόλλυμι	a)po/llumi	v3saia---
ἀπώλεσ’	a)pw/les'	ἀπόλλυμι	a)po/llumi	v1saia---
ἀπώλεσ’	a)pw/les'	ἀπόλλυμι	a)po/llumi	v3saia---
ἀπώλλυτο	a)pw/lluto	ἀπόλλυμι	a)po/llumi	v3siie---
ἀραῖς	a)rai=s	ἀρά	a)ra/	n-p---fd-
ἀραῖς	a)rai=s	ἀρή	a)rh/	n-p---fd-
ἀρετῇ	a)reth=|	ἀρετάω	a)reta/w	v2spse---
ἀρετῇ	a)reth=|	ἀρετάω	a)reta/w	v2spie---
ἀρετῇ	a)reth=|	ἀρετάω	a)reta/w	v3spsa---
ἀρετῇ	a)reth=|	ἀρετάω	a)reta/w	v3spia---
ἀρετῇ	a)reth=|	ἀρετάω	a)reta/w	v2spse---
ἀρετῇ	a)reth=|	ἀρετάω	a)reta/w	v2spie---
ἀρετῇ	a)reth=|	ἀρετάω	a)reta/w	v3spsa---
ἀρετῇ	a)reth=|	ἀρετή	a)reth/	n-s---fd-
ἀρείφατοι	a)rei/fatoi	ἀρείφατος	a)rei/fatos	n-p---mn-
ἀρείφατοι	a)rei/fatoi	ἀρείφατος	a)rei/fatos	n-p---mv-
ἀρείφατοι	a)rei/fatoi	ἀρείφατος	a)rei/fatos	n-p---fn-
ἀρείφατοι	a)rei/fatoi	ἀρείφατος	a)rei/fatos	n-p---fv-
ἀριθμουμένη	a)riqmoume/nh	ἀριθμέω	a)riqme/w	v-sppefn-
ἀριθμουμένη	a)riqmoume/nh	ἀριθμέω	a)riqme/w	v-sppefv-
ἀριθμόν	a)riqmo/n	ἀριθμός	a)riqmo/s	n-s---ma-
ἀριθμός	a)riqmo/s	ἀριθμός	a)riqmo/s	n-s---mn-
ἀρκεῖ	a)rkei=	ἀρκέω	a)rke/w	v2spie---
ἀρκεῖ	a)rkei=	ἀρκέω	a)rke/w	v3spia---
ἀρσένων	a)rse/nwn	ἄρσην	a)/rshn	n-p----g-
ἀρτίπλουτα	a)rti/plouta	ἀρτίπλουτος	a)rti/ploutos	n-p---nn-
ἀρτίπλουτα	a)rti/plouta	ἀρτίπλουτος	a)rti/ploutos	n-p---nv-
ἀρτίπλουτα	a)rti/plouta	ἀρτίπλουτος	a)rti/ploutos	n-p---na-
ἀρίστους	a)ri/stous	ἄριστος	a)/ristos	a-p---ma-
ἀρίστων	a)ri/stwn	ἄριστον	a)/riston	n-p---ng-
ἀρίστων	a)ri/stwn	ἄριστον	a)/riston	n-p---ng-
ἀρίστων	a)ri/stwn	ἄριστος	a)/ristos	a-p---fg-
ἀρίστων	a)ri/stwn	ἄριστος	a)/ristos	a-p---mg-
ἀρίστων	a)ri/stwn	ἄριστος	a)/ristos	a-p---ng-
ἀρίστων	a)ri/stwn	ἀριστάω	a)rista/w	v3piia---
ἀρίστων	a)ri/stwn	ἀριστάω	a)rista/w	v1siia---
ἀρίστων	a)ri/stwn	ἀριστάω	a)rista/w	v3piia---
ἀρίστων	a)ri/stwn	ἀριστάω	a)rista/w	v1siia---
ἀρότου	a)ro/tou	ἄροτος	a)/rotos	n-s---mg-
ἀρότου	a)ro/tou	ἀρότης	a)ro/ths	n-s---mg-
ἀρότου	a)ro/tou	ἀροτήρ	a)roth/r	n-s---mg-
ἀσθενεστέροις	a)sqeneste/rois	ἀσθενής	a)sqenh/s	n-p---md-
ἀσθενεστέροις	a)sqeneste/rois	ἀσθενής	a)sqenh/s	n-p---nd-
ἀσθενής	a)sqenh/s	ἀσθενής	a)sqenh/s	n-s---mn-
ἀσθενής	a)sqenh/s	ἀσθενής	a)sqenh/s	n-s---fn-
ἀσιτίαις	a)siti/ais	ἀσιτία	a)siti/a	n-p---fd-
ἀσκήσας	a)skh/sas	ἀσκέω	a)ske/w	v-sapamn-
ἀσκήσας	a)skh/sas	ἀσκέω	a)ske/w	v-sapamv-
ἀσμένη	a)sme/nh	ἄσμενος	a)/smenos	a-s---fn-
ἀσμένη	a)sme/nh	ἄσμενος	a)/smenos	a-s---fv-
ἀσμένη	a)sme/nh	ἀσμενέω	a)smene/w	v3siia---
ἀσμένη	a)sme/nh	ἀσμενέω	a)smene/w	v2spma---
ἀσμένη	a)sme/nh	ἀσμενέω	a)smene/w	v3siia---
ἀσπιδηφόρον	a)spidhfo/ron	ἀσπιδηφόρος	a)spidhfo/ros	n-s---ma-
ἀσπιδηφόρον	a)spidhfo/ron	ἀσπιδηφόρος	a)spidhfo/ros	n-s---fa-
ἀσπιδηφόρον	a)spidhfo/ron	ἀσπιδηφόρος	a)spidhfo/ros	n-s---nn-
ἀσπιδηφόρον	a)spidhfo/ron	ἀσπιδηφόρος	a)spidhfo/ros	n-s---nv-
ἀσπιδηφόρον	a)spidhfo/ron	ἀσπιδηφόρος	a)spidhfo/ros	n-s---na-
ἀσπιδοῦχος	a)spidou=xos	ἀσπιδοῦχος	a)spidou=xos	n-s---mn-
ἀσπίδι	a)spi/di	ἀσπίς	a)spi/s	n-s---fd-
ἀσπίσιν	a)spi/sin	ἀσπίς	a)spi/s	n-p---fd-
ἀστούς	a)stou/s	ἀστός	a)sto/s	n-p---ma-
ἀστοῖς	a)stoi=s	ἀστός	a)sto/s	n-p---md-
ἀστῶν	a)stw=n	ἄστυ	a)/stu	n-p---ng-
ἀστῶν	a)stw=n	ἀστή	a)sth/	n-p---fg-
ἀστῶν	a)stw=n	ἀστός	a)sto/s	n-p---mg-
ἀσφαλῶς	a)sfalw=s	ἀσφαλής	a)sfalh/s	x--------
ἀτιμάσας	a)tima/sas	ἀτιμάω	a)tima/w	v-pppafa-
ἀτιμάσας	a)tima/sas	ἀτιμάω	a)tima/w	v-sppafg-
ἀτιμάσας	a)tima/sas	ἀτιμάω	a)tima/w	v-sapamn-
ἀτιμάσας	a)tima/sas	ἀτιμάω	a)tima/w	v-sapamv-
ἀτιμάσας	a)tima/sas	ἀτιμάζω	a)tima/zw	v-pfpafa-
ἀτιμάσας	a)tima/sas	ἀτιμάζω	a)tima/zw	v-sfpafg-
ἀτιμάσας	a)tima/sas	ἀτιμάζω	a)tima/zw	v-sapamn-
ἀτιμάσας	a)tima/sas	ἀτιμάζω	a)tima/zw	v-sapamv-
ἀτάρ	a)ta/r	ἀτάρ	a)ta/r	g--------
ἀτάφους	a)ta/fous	ἄταφος	a)/tafos	n-p---ma-
ἀτάφους	a)ta/fous	ἄταφος	a)/tafos	n-p---fa-
ἀτέκνους	a)te/knous	ἄτεκνος	a)/teknos	n-p---ma-
ἀτέκνους	a)te/knous	ἄτεκνος	a)/teknos	n-p---fa-
ἀτέκνους	a)te/knous	ἀτεκνόω	a)tekno/w	v2siia---
ἀτέκνους	a)te/knous	ἀτεκνόω	a)tekno/w	v2siia---
ἀτίζοντες	a)ti/zontes	ἀτίζω	a)ti/zw	v-pppamn-
ἀτίζοντες	a)ti/zontes	ἀτίζω	a)ti/zw	v-pppamv-
ἀτίζων	a)ti/zwn	ἀτίζω	a)ti/zw	v-sppamn-
ἀτώμενος	a)tw/menos	ἀτάομαι	a)ta/omai	v-spppmn-
ἀφαιρεῖτε	a)fairei=te	ἀφαιρέω	a)faire/w	v2piia---
ἀφαιρεῖτε	a)fairei=te	ἀφαιρέω	a)faire/w	v2ppma---
ἀφαιρεῖτε	a)fairei=te	ἀφαιρέω	a)faire/w	v2ppoa---
ἀφαιρεῖτε	a)fairei=te	ἀφαιρέω	a)faire/w	v2ppia---
ἀφαιρεῖτε	a)fairei=te	ἀφαιρέω	a)faire/w	v2ppma---
ἀφαιρεῖτε	a)fairei=te	ἀφαιρέω	a)faire/w	v2ppoa---
ἀφαιρεῖτε	a)fairei=te	ἀφαιρέω	a)faire/w	v2ppia---
ἀφαιρεῖτε	a)fairei=te	ἀφαιρέω	a)faire/w	v2piia---
ἀφαιρεῖτε	a)fairei=te	ἀφαιρέω	a)faire/w	v2piia---
ἀφαιρῇ	a)fairh=|	ἀφαιρέω	a)faire/w	v2spse---
ἀφαιρῇ	a)fairh=|	ἀφαιρέω	a)faire/w	v2spie---
ἀφαιρῇ	a)fairh=|	ἀφαιρέω	a)faire/w	v3spsa---
ἀφαιρῇ	a)fairh=|	ἀφαιρέω	a)faire/w	v2spse---
ἀφαιρῇ	a)fairh=|	ἀφαιρέω	a)faire/w	v2spie---
ἀφαιρῇ	a)fairh=|	ἀφαιρέω	a)faire/w	v3spsa---
ἀφηγεῖσθαι	a)fhgei=sqai	ἀφηγέομαι	a)fhge/omai	v--pne---
ἀφηγεῖσθαι	a)fhgei=sqai	ἀφηγέομαι	a)fhge/omai	v--pnm---
ἀφιᾶσιν	a)fia=sin	ἀφίημι	a)fi/hmi	v3ppia---
ἀφρῷ	a)frw=|	ἀφράζω	a)fra/zw	v3sfoa---
ἀφρῷ	a)frw=|	ἀφρός	a)fro/s	n-s---md-
ἀφέντες	a)fe/ntes	ἀφίημι	a)fi/hmi	v-papamn-
ἀφέντες	a)fe/ntes	ἀφίημι	a)fi/hmi	v-papamv-
ἀφήσω	a)fh/sw	ἀφίημι	a)fi/hmi	v1sfia---
ἀφίγμεθα	a)fi/gmeqa	ἀφίζω	a)fi/zw	v1plie---
ἀφίγμεθα	a)fi/gmeqa	ἀφίζω	a)fi/zw	v1prie---
ἀφίγμεθα	a)fi/gmeqa	ἀφικνέομαι	a)fikne/omai	v1plie---
ἀφίγμεθα	a)fi/gmeqa	ἀφικνέομαι	a)fikne/omai	v1prie---
ἀφίκετο	a)fi/keto	ἀφικνέομαι	a)fikne/omai	v3saim---
ἀφίκετο	a)fi/keto	ἀφικνέομαι	a)fikne/omai	v3saim---
ἀχοῦσι	a)xou=si	ἀχέω2	a)xe/w2	v-pppamd-
ἀχοῦσι	a)xou=si	ἀχέω2	a)xe/w2	v-pppand-
ἀχοῦσι	a)xou=si	ἀχέω2	a)xe/w2	v3ppia---
ἀχοῦσι	a)xou=si	ἠχέω	h)xe/w	v-pppamd-
ἀχοῦσι	a)xou=si	ἠχέω	h)xe/w	v-pppand-
ἀχοῦσι	a)xou=si	ἠχέω	h)xe/w	v3ppia---
ἀχοῦσι	a)xou=si	ἠχώ	h)xw/	n-p---fd-
ἀχρεῖον	a)xrei=on	ἀχρεῖος	a)xrei=os	n-s---ma-
ἀχρεῖον	a)xrei=on	ἀχρεῖος	a)xrei=os	n-s---fa-
ἀχρεῖον	a)xrei=on	ἀχρεῖος	a)xrei=os	n-s---nn-
ἀχρεῖον	a)xrei=on	ἀχρεῖος	a)xrei=os	n-s---nv-
ἀχρεῖον	a)xrei=on	ἀχρεῖος	a)xrei=os	n-s---na-
ἀψευδές	a)yeude/s	ἀψευδής	a)yeudh/s	n-s---mv-
ἀψευδές	a)yeude/s	ἀψευδής	a)yeudh/s	n-s---fv-
ἀψευδές	a)yeude/s	ἀψευδής	a)yeudh/s	n-s---nn-
ἀψευδές	a)yeude/s	ἀψευδής	a)yeudh/s	n-s---nv-
ἀψευδές	a)yeude/s	ἀψευδής	a)yeudh/s	n-s---na-
ἀέρι	a)e/ri	ἀήρ	a)h/r	n-s---md-
ἀέρι	a)e/ri	ἀήρ	a)h/r	n-s---fd-
ἀίετέ	a)i/ete/	ἀίω1	a)i/w1	v2piia---
ἀίετέ	a)i/ete/	ἀίω1	a)i/w1	v2ppma---
ἀίετέ	a)i/ete/	ἀίω1	a)i/w1	v2ppia---
ἀίετέ	a)i/ete/	ἀίω1	a)i/w1	v2piia---
ἀίσσω	a)i/ssw	ἀίσσω	a)i/ssw	v1spsa---
ἀίσσω	a)i/ssw	ἀίσσω	a)i/ssw	v1spia---
ἀίσσω	a)i/ssw	ἀίσσω	a)i/ssw	v1spsa---
ἀίσσω	a)i/ssw	ἀίσσω	a)i/ssw	v1spia---
ἀύσατ’	a)u/sat'	αὔω2	au)/w2	v3saim---
ἀύσατ’	a)u/sat'	αὔω2	au)/w2	v2pama---
ἀύσατ’	a)u/sat'	αὔω2	au)/w2	v2paia---
ἀύσατ’	a)u/sat'	αὔω2	au)/w2	v3saim---
ἀύσατ’	a)u/sat'	αὔω2	au)/w2	v2paia---
ἁ	a(	ὁ	o(	l-s---fn-
ἁβρόν	a(bro/n	ἁβρός	a(bro/s	a-s---ma-
ἁβρόν	a(bro/n	ἁβρός	a(bro/s	a-s---nn-
ἁβρόν	a(bro/n	ἁβρός	a(bro/s	a-s---nv-
ἁβρόν	a(bro/n	ἁβρός	a(bro/s	a-s---na-
ἁβρόν	a(bro/n	ἁβρός	a(bro/s	n-s---ma-
ἁβρόν	a(bro/n	ἁβρός	a(bro/s	n-s---fa-
ἁβρόν	a(bro/n	ἁβρός	a(bro/s	n-s---nn-
ἁβρόν	a(bro/n	ἁβρός	a(bro/s	n-s---nv-
ἁβρόν	a(bro/n	ἁβρός	a(bro/s	n-s---na-
ἁγαθός	a(gaqo/s	ἀγαθός	a)gaqo/s	a-s---mn-
ἁγναῖς	a(gnai=s	ἁγνός	a(gno/s	a-p---fd-
ἁγών	a(gw/n	ἀγών	a)gw/n	n-s---mn-
ἁγών	a(gw/n	ἀγών	a)gw/n	n-s---mv-
ἁγών	a(gw/n	ἐγώ	e)gw/	p-s---mn-
ἁγών	a(gw/n	ἐγώ	e)gw/	p-s---mv-
ἁγών	a(gw/n	ἐγώ	e)gw/	p-s---fn-
ἁγών	a(gw/n	ἐγώ	e)gw/	p-s---fv-
ἁλικίᾳ	a(liki/a|	ἁλικία	a(liki/a	n-s---fd-
ἁλικίᾳ	a(liki/a|	ἡλικία	h(liki/a	n-p---fn-
ἁλικίᾳ	a(liki/a|	ἡλικία	h(liki/a	n-p---fv-
ἁλικίᾳ	a(liki/a|	ἡλικία	h(liki/a	n-s---fd-
ἁμερᾶν	a(mera=n	ἥμερος	h(/meros	a-p---mg-
ἁμερᾶν	a(mera=n	ἥμερος	h(/meros	a-p---fg-
ἁμερᾶν	a(mera=n	ἡμέρα	h(me/ra	n-p---fg-
ἁμιλληθείς	a(millhqei/s	ἁμιλλάομαι	a(milla/omai	v-sapemn-
ἁμιλληθείς	a(millhqei/s	ἁμιλλάομαι	a(milla/omai	v-sapemv-
ἁμέραν	a(me/ran	ἥμερος	h(/meros	a-s---fa-
ἁμέραν	a(me/ran	ἡμέρα	h(me/ra	n-s---fa-
ἁνίκα	a(ni/ka	ἡνίκα	h(ni/ka	d--------
ἁρετή	a(reth/	ἀρετή	a)reth/	n-s---fn-
ἁρετή	a(reth/	ἀρετή	a)reth/	n-s---fv-
ἁρμάτων	a(rma/twn	ἅρμα	a(/rma	n-p---ng-
ἄβουλος	a)/boulos	ἄβουλος	a)/boulos	n-s---mn-
ἄβουλος	a)/boulos	ἄβουλος	a)/boulos	n-s---fn-
ἄγαλμα	a)/galma	ἄγαλμα	a)/galma	n-s---nn-
ἄγαλμα	a)/galma	ἄγαλμα	a)/galma	n-s---nv-
ἄγαλμα	a)/galma	ἄγαλμα	a)/galma	n-s---na-
ἄγαλμ’	a)/galm'	ἄγαλμα	a)/galma	n-s---nn-
ἄγαλμ’	a)/galm'	ἄγαλμα	a)/galma	n-s---nv-
ἄγαλμ’	a)/galm'	ἄγαλμα	a)/galma	n-s---na-
ἄγαλμ’	a)/galm'	ἀγάλλω	a)ga/llw	v1srie---
ἄγαμόν	a)/gamo/n	ἄγαμος	a)/gamos	n-s---ma-
ἄγαμόν	a)/gamo/n	ἄγαμος	a)/gamos	n-s---fa-
ἄγαμόν	a)/gamo/n	ἄγαμος	a)/gamos	n-s---nn-
ἄγαμόν	a)/gamo/n	ἄγαμος	a)/gamos	n-s---nv-
ἄγαμόν	a)/gamo/n	ἄγαμος	a)/gamos	n-s---na-
ἄγαν	a)/gan	ἄγαν	a)/gan	d--------
ἄγαν	a)/gan	ἄγη	a)/gh	n-s---fa-
ἄγαν	a)/gan	ἀγάω	a)ga/w	v3piia---
ἄγαν	a)/gan	ἀγάω	a)ga/w	v1siia---
ἄγαν	a)/gan	ἀγάω	a)ga/w	v3piia---
ἄγαν	a)/gan	ἀγάω	a)ga/w	v1siia---
ἄγγελον	a)/ggelon	ἄγγελος	a)/ggelos	n-s---ma-
ἄγγελον	a)/ggelon	ἄγγελος	a)/ggelos	n-s---fa-
ἄγε	a)/ge	ἄγε	a)/ge	d--------
ἄγε	a)/ge	ἄγω	a)/gw	v2spma---
ἄγε	a)/ge	ἄγω	a)/gw	v3siia---
ἄγουσα	a)/gousa	ἄγω	a)/gw	v-sppafn-
ἄγουσα	a)/gousa	ἄγω	a)/gw	v-sppafv-
ἄγρας	a)/gras	ἄγρα	a)/gra	n-p---fa-
ἄγρας	a)/gras	ἄγρα	a)/gra	n-s---fg-
ἄγω	a)/gw	ἄγαμαι	a)/gamai	v2spme---
ἄγω	a)/gw	ἄγω	a)/gw	v1spsa---
ἄγω	a)/gw	ἄγω	a)/gw	v1spia---
ἄγων	a)/gwn	ἄγω	a)/gw	v-sppamn-
ἄγων	a)/gwn	ἀγάω	a)ga/w	v3piia---
ἄγων	a)/gwn	ἀγάω	a)ga/w	v1siia---
ἄγων	a)/gwn	ἀγάω	a)ga/w	v3piia---
ἄγων	a)/gwn	ἀγάω	a)ga/w	v1siia---
ἄδεσμον	a)/desmon	ἄδεσμος	a)/desmos	n-s---ma-
ἄδεσμον	a)/desmon	ἄδεσμος	a)/desmos	n-s---fa-
ἄδεσμον	a)/desmon	ἄδεσμος	a)/desmos	n-s---nn-
ἄδεσμον	a)/desmon	ἄδεσμος	a)/desmos	n-s---nv-
ἄδεσμον	a)/desmon	ἄδεσμος	a)/desmos	n-s---na-
ἄδικα	a)/dika	ἄδικος	a)/dikos	n-p---nn-
ἄδικα	a)/dika	ἄδικος	a)/dikos	n-p---nv-
ἄδικα	a)/dika	ἄδικος	a)/dikos	n-p---na-
ἄελπτον	a)/elpton	ἄελπτος	a)/elptos	n-s---ma-
ἄελπτον	a)/elpton	ἄελπτος	a)/elptos	n-s---fa-
ἄελπτον	a)/elpton	ἄελπτος	a)/elptos	n-s---nn-
ἄελπτον	a)/elpton	ἄελπτος	a)/elptos	n-s---nv-
ἄελπτον	a)/elpton	ἄελπτος	a)/elptos	n-s---na-
ἄκοντί	a)/konti/	ἄκων	a)/kwn	n-s---md-
ἄκοντί	a)/konti/	ἀέκων	a)e/kwn	a-s---md-
ἄκοντί	a)/konti/	ἀέκων	a)e/kwn	a-s---nd-
ἄκουε	a)/koue	ἀκούω	a)kou/w	v3siia---
ἄκουε	a)/koue	ἀκούω	a)kou/w	v2spma---
ἄκουε	a)/koue	ἀκούω	a)kou/w	v3siia---
ἄκουέ	a)/koue/	ἀκούω	a)kou/w	v3siia---
ἄκουέ	a)/koue/	ἀκούω	a)kou/w	v2spma---
ἄκουέ	a)/koue/	ἀκούω	a)kou/w	v3siia---
ἄκου’	a)/kou'	ἀκούω	a)kou/w	v3siia---
ἄκου’	a)/kou'	ἀκούω	a)kou/w	v2spma---
ἄκου’	a)/kou'	ἀκούω	a)kou/w	v3siia---
ἄκρα	a)/kra	ἄκρα	a)/kra	n-d---fn-
ἄκρα	a)/kra	ἄκρα	a)/kra	n-d---fv-
ἄκρα	a)/kra	ἄκρα	a)/kra	n-d---fa-
ἄκρα	a)/kra	ἄκρα	a)/kra	n-s---fn-
ἄκρα	a)/kra	ἄκρα	a)/kra	n-s---fv-
ἄκρα	a)/kra	ἄκρον	a)/kron	n-p---nn-
ἄκρα	a)/kra	ἄκρον	a)/kron	n-p---nv-
ἄκρα	a)/kra	ἄκρον	a)/kron	n-p---na-
ἄκρα	a)/kra	ἄκρος	a)/kros	a-p---nn-
ἄκρα	a)/kra	ἄκρος	a)/kros	a-p---nv-
ἄκρα	a)/kra	ἄκρος	a)/kros	a-p---na-
ἄκρα	a)/kra	ἄκρος	a)/kros	a-d---fn-
ἄκρα	a)/kra	ἄκρος	a)/kros	a-d---fv-
ἄκρα	a)/kra	ἄκρος	a)/kros	a-d---fa-
ἄκρα	a)/kra	ἄκρος	a)/kros	a-s---fn-
ἄκρα	a)/kra	ἄκρος	a)/kros	a-s---fv-
ἄκραντον	a)/kranton	ἄκραντος	a)/krantos	n-s---ma-
ἄκραντον	a)/kranton	ἄκραντος	a)/krantos	n-s---fa-
ἄκραντον	a)/kranton	ἄκραντος	a)/krantos	n-s---nn-
ἄκραντον	a)/kranton	ἄκραντος	a)/krantos	n-s---nv-
ἄκραντον	a)/kranton	ἄκραντος	a)/krantos	n-s---na-
ἄκραντ’	a)/krant'	ἄκραντος	a)/krantos	n-p---nn-
ἄκραντ’	a)/krant'	ἄκραντος	a)/krantos	n-p---nv-
ἄκραντ’	a)/krant'	ἄκραντος	a)/krantos	n-p---na-
ἄκραντ’	a)/krant'	ἄκραντος	a)/krantos	n-s---mv-
ἄκραντ’	a)/krant'	ἄκραντος	a)/krantos	n-s---fv-
ἄκρους	a)/krous	ἄκρος	a)/kros	a-p---ma-
ἄκρους	a)/krous	ἄκρων	a)/krwn	n-p---ma-
ἄλγεσι	a)/lgesi	ἄλγος	a)/lgos	n-p---nd-
ἄλγη	a)/lgh	ἄλγος	a)/lgos	n-p---nn-
ἄλγη	a)/lgh	ἄλγος	a)/lgos	n-p---nv-
ἄλγη	a)/lgh	ἄλγος	a)/lgos	n-p---na-
ἄλγη	a)/lgh	ἄλγος	a)/lgos	n-d---nn-
ἄλγη	a)/lgh	ἄλγος	a)/lgos	n-d---nv-
ἄλγη	a)/lgh	ἄλγος	a)/lgos	n-d---na-
ἄλγη	a)/lgh	ἀλγέω	a)lge/w	v3siia---
ἄλγη	a)/lgh	ἀλγέω	a)lge/w	v2spma---
ἄλγη	a)/lgh	ἀλγέω	a)lge/w	v3siia---
ἄλγος	a)/lgos	ἄλγος	a)/lgos	n-s---nn-
ἄλγος	a)/lgos	ἄλγος	a)/lgos	n-s---nv-
ἄλγος	a)/lgos	ἄλγος	a)/lgos	n-s---na-
ἄλκιμον	a)/lkimon	ἄλκιμος	a)/lkimos	a-s---ma-
ἄλκιμον	a)/lkimon	ἄλκιμος	a)/lkimos	a-s---nn-
ἄλκιμον	a)/lkimon	ἄλκιμος	a)/lkimos	a-s---nv-
ἄλκιμον	a)/lkimon	ἄλκιμος	a)/lkimos	a-s---na-
ἄλκιμον	a)/lkimon	ἄλκιμος	a)/lkimos	n-s---ma-
ἄλκιμον	a)/lkimon	ἄλκιμος	a)/lkimos	n-s---fa-
ἄλκιμον	a)/lkimon	ἄλκιμος	a)/lkimos	n-s---nn-
ἄλκιμον	a)/lkimon	ἄλκιμος	a)/lkimos	n-s---nv-
ἄλκιμον	a)/lkimon	ἄλκιμος	a)/lkimos	n-s---na-
ἄλκιμος	a)/lkimos	ἄλκιμος	a)/lkimos	a-s---mn-
ἄλκιμος	a)/lkimos	ἄλκιμος	a)/lkimos	n-s---mn-
ἄλκιμος	a)/lkimos	ἄλκιμος	a)/lkimos	n-s---fn-
ἄλλα	a)/lla	ἄλλος	a)/llos	n-p---nn-
ἄλλα	a)/lla	ἄλλος	a)/llos	n-p---nv-
ἄλλα	a)/lla	ἄλλος	a)/llos	n-p---na-
ἄλλα	a)/lla	ἄλλος	a)/llos	n-d---fn-
ἄλλα	a)/lla	ἄλλος	a)/llos	n-d---fv-
ἄλλα	a)/lla	ἄλλος	a)/llos	n-d---fa-
ἄλλα	a)/lla	ἄλλος	a)/llos	n-s---fn-
ἄλλα	a)/lla	ἄλλος	a)/llos	n-s---fv-
ἄλλην	a)/llhn	ἄλλος	a)/llos	n-s---fa-
ἄλλοι	a)/lloi	ἄλλος	a)/llos	n-p---mn-
ἄλλοι	a)/lloi	ἄλλος	a)/llos	n-p---mv-
ἄλλοισι	a)/lloisi	ἄλλος	a)/llos	n-p---nd-
ἄλλοισι	a)/lloisi	ἄλλος	a)/llos	n-p---md-
ἄλλον	a)/llon	ἄλλος	a)/llos	n-s---ma-
ἄλλος	a)/llos	ἄλλος	a)/llos	n-s---mn-
ἄλλοσε	a)/llose	ἄλλοτε	a)/llote	d--------
ἄλλοτ’	a)/llot'	ἄλλοτε	a)/llote	d--------
ἄλλους	a)/llous	ἄλλος	a)/llos	n-p---ma-
ἄλλων	a)/llwn	ἄλλος	a)/llos	n-p---ng-
ἄλλων	a)/llwn	ἄλλος	a)/llos	n-p---fg-
ἄλλων	a)/llwn	ἄλλος	a)/llos	n-p---mg-
ἄλλως	a)/llws	ἄλλος	a)/llos	n-p---ma-
ἄλλως	a)/llws	ἄλλως	a)/llws	d--------
ἄλλ’	a)/ll'	ἄλλος	a)/llos	n-p---nn-
ἄλλ’	a)/ll'	ἄλλος	a)/llos	n-p---nv-
ἄλλ’	a)/ll'	ἄλλος	a)/llos	n-p---na-
ἄλλ’	a)/ll'	ἄλλος	a)/llos	n-s---nn-
ἄλλ’	a)/ll'	ἄλλος	a)/llos	n-s---nv-
ἄλλ’	a)/ll'	ἄλλος	a)/llos	n-s---na-
ἄλλ’	a)/ll'	ἄλλος	a)/llos	n-s---mv-
ἄλλ’	a)/ll'	ἄλλος	a)/llos	n-p---fn-
ἄλλ’	a)/ll'	ἄλλος	a)/llos	n-p---fv-
ἄλλ’	a)/ll'	ἄλλος	a)/llos	n-s---fd-
ἄλοχον	a)/loxon	ἄλοχος	a)/loxos	n-s---fa-
ἄμεινον	a)/meinon	ἀμείνων	a)mei/nwn	a-s---mv-
ἄμεινον	a)/meinon	ἀμείνων	a)mei/nwn	a-s---fv-
ἄμεινον	a)/meinon	ἀμείνων	a)mei/nwn	a-s---nn-
ἄμεινον	a)/meinon	ἀμείνων	a)mei/nwn	a-s---nv-
ἄμεινον	a)/meinon	ἀμείνων	a)mei/nwn	a-s---na-
ἄμυνε	a)/mune	ἀμύνω	a)mu/nw	v3saia---
ἄμυνε	a)/mune	ἀμύνω	a)mu/nw	v3siia---
ἄμυνε	a)/mune	ἀμύνω	a)mu/nw	v2spma---
ἄμυνε	a)/mune	ἀμύνω	a)mu/nw	v3saia---
ἄμυνε	a)/mune	ἀμύνω	a)mu/nw	v3siia---
ἄν	a)/n	ἄν1	a)/n1	g--------
ἄν	a)/n	ἄν2	a)/n2	c--------
ἄν	a)/n	ἀνά	a)na/	r--------
ἄν	a)/n	ἐάν	e)a/n	c--------
ἄνακτα	a)/nakta	ἄναξ	a)/nac	n-s---ma-
ἄνακτος	a)/naktos	ἄναξ	a)/nac	n-s---mg-
ἄναξ	a)/nac	ἄναξ	a)/nac	n-s---mn-
ἄναξ	a)/nac	ἄναξ	a)/nac	n-s---mv-
ἄνδρα	a)/ndra	ἀνήρ	a)nh/r	n-s---ma-
ἄνδρας	a)/ndras	ἀνήρ	a)nh/r	n-p---ma-
ἄνδρες	a)/ndres	ἀνήρ	a)nh/r	n-p---mn-
ἄνδρες	a)/ndres	ἀνήρ	a)nh/r	n-p---mv-
ἄνδρ’	a)/ndr'	ἀνήρ	a)nh/r	n-s---ma-
ἄνδρ’	a)/ndr'	ἀνήρ	a)nh/r	n-d---mn-
ἄνδρ’	a)/ndr'	ἀνήρ	a)nh/r	n-d---mv-
ἄνδρ’	a)/ndr'	ἀνήρ	a)nh/r	n-d---ma-
ἄνευ	a)/neu	ἄνευ	a)/neu	r--------
ἄνευ	a)/neu	ἄνω1	a)/nw1	v2siie---
ἄνευ	a)/neu	ἄνω1	a)/nw1	v2spme---
ἄνευ	a)/neu	ἄνω1	a)/nw1	v2siie---
ἄνθρωποι	a)/nqrwpoi	ἄνθρωπος	a)/nqrwpos	n-p---mn-
ἄνθρωποι	a)/nqrwpoi	ἄνθρωπος	a)/nqrwpos	n-p---mv-
ἄνομοι	a)/nomoi	ἄνομος	a)/nomos	n-p---mn-
ἄνομοι	a)/nomoi	ἄνομος	a)/nomos	n-p---mv-
ἄνομοι	a)/nomoi	ἄνομος	a)/nomos	n-p---fn-
ἄνομοι	a)/nomoi	ἄνομος	a)/nomos	n-p---fv-
ἄντομαι	a)/ntomai	ἄντομαι	a)/ntomai	v1spim---
ἄνω	a)/nw	ἄνοος	a)/noos	n-d---mn-
ἄνω	a)/nw	ἄνοος	a)/noos	n-d---mv-
ἄνω	a)/nw	ἄνοος	a)/noos	n-d---ma-
ἄνω	a)/nw	ἄνοος	a)/noos	n-d---fn-
ἄνω	a)/nw	ἄνοος	a)/noos	n-d---fv-
ἄνω	a)/nw	ἄνοος	a)/noos	n-d---fa-
ἄνω	a)/nw	ἄνοος	a)/noos	n-d---nn-
ἄνω	a)/nw	ἄνοος	a)/noos	n-d---nv-
ἄνω	a)/nw	ἄνοος	a)/noos	n-d---na-
ἄνω	a)/nw	ἄνω1	a)/nw1	v1spsa---
ἄνω	a)/nw	ἄνω1	a)/nw1	v1spia---
ἄνω	a)/nw	ἄνω2	a)/nw2	d--------
ἄξετ’	a)/cet'	ἄγνυμι	a)/gnumi	v2pasa---
ἄξετ’	a)/cet'	ἄγνυμι	a)/gnumi	v2pfia---
ἄξετ’	a)/cet'	ἄγνυμι	a)/gnumi	v3sasm---
ἄξετ’	a)/cet'	ἄγνυμι	a)/gnumi	v3sfim---
ἄξετ’	a)/cet'	ἄγω	a)/gw	v3saim---
ἄξετ’	a)/cet'	ἄγω	a)/gw	v2pasa---
ἄξετ’	a)/cet'	ἄγω	a)/gw	v2paia---
ἄξετ’	a)/cet'	ἄγω	a)/gw	v2pfia---
ἄξετ’	a)/cet'	ἄγω	a)/gw	v3sasm---
ἄξετ’	a)/cet'	ἄγω	a)/gw	v3sfim---
ἄξετ’	a)/cet'	ἄγω	a)/gw	v3saim---
ἄξετ’	a)/cet'	ἄγω	a)/gw	v2paia---
ἄξια	a)/cia	ἄξιος	a)/cios	a-p---nn-
ἄξια	a)/cia	ἄξιος	a)/cios	a-p---nv-
ἄξια	a)/cia	ἄξιος	a)/cios	a-p---na-
ἄξιος	a)/cios	ἄξιος	a)/cios	a-s---mn-
ἄξι’	a)/ci'	ἄξιος	a)/cios	a-p---nn-
ἄξι’	a)/ci'	ἄξιος	a)/cios	a-p---nv-
ἄξι’	a)/ci'	ἄξιος	a)/cios	a-p---na-
ἄξι’	a)/ci'	ἄξιος	a)/cios	a-s---mv-
ἄξι’	a)/ci'	ἄξιος	a)/cios	a-p---fn-
ἄξι’	a)/ci'	ἄξιος	a)/cios	a-p---fv-
ἄξι’	a)/ci'	ἄγω	a)/gw	v2saim---
ἄξι’	a)/ci'	ἄγω	a)/gw	v2saim---
ἄπαιδα	a)/paida	ἄπαις	a)/pais	n-s---ma-
ἄπαιδα	a)/paida	ἄπαις	a)/pais	n-s---fa-
ἄπαιδας	a)/paidas	ἄπαις	a)/pais	n-p---ma-
ἄπαιδας	a)/paidas	ἄπαις	a)/pais	n-p---fa-
ἄπαιδές	a)/paide/s	ἄπαις	a)/pais	n-p---mn-
ἄπαιδές	a)/paide/s	ἄπαις	a)/pais	n-p---mv-
ἄπαιδές	a)/paide/s	ἄπαις	a)/pais	n-p---fn-
ἄπαιδές	a)/paide/s	ἄπαις	a)/pais	n-p---fv-
ἄπαιδές	a)/paide/s	ἀπᾴδω	a)pa/|dw	v2siia---
ἄπαις	a)/pais	ἄπαις	a)/pais	n-s---mn-
ἄπαις	a)/pais	ἄπαις	a)/pais	n-s---fn-
ἄπαυστος	a)/paustos	ἄπαυστος	a)/paustos	n-s---mn-
ἄπαυστος	a)/paustos	ἄπαυστος	a)/paustos	n-s---fn-
ἄπιστον	a)/piston	ἄπιστος	a)/pistos	n-s---ma-
ἄπιστον	a)/piston	ἄπιστος	a)/pistos	n-s---fa-
ἄπιστον	a)/piston	ἄπιστος	a)/pistos	n-s---nn-
ἄπιστον	a)/piston	ἄπιστος	a)/pistos	n-s---nv-
ἄπιστον	a)/piston	ἄπιστος	a)/pistos	n-s---na-
ἄπληστος	a)/plhstos	ἄπληστος	a)/plhstos	n-s---mn-
ἄπληστος	a)/plhstos	ἄπληστος	a)/plhstos	n-s---fn-
ἄρα	a)/ra	ἄρα	a)/ra	g--------
ἄρα	a)/ra	ἄρον	a)/ron	n-p---nn-
ἄρα	a)/ra	ἄρον	a)/ron	n-p---nv-
ἄρα	a)/ra	ἄρον	a)/ron	n-p---na-
ἄρα	a)/ra	ἄρος	a)/ros	n-p---nn-
ἄρα	a)/ra	ἄρος	a)/ros	n-p---nv-
ἄρα	a)/ra	ἄρος	a)/ros	n-p---na-
ἄρδῃ	a)/rdh|	ἄρδις	a)/rdis	n-s---fd-
ἄρδῃ	a)/rdh|	ἄρδω	a)/rdw	v2spse---
ἄρδῃ	a)/rdh|	ἄρδω	a)/rdw	v2spie---
ἄρδῃ	a)/rdh|	ἄρδω	a)/rdw	v3spsa---
ἄριστον	a)/riston	ἄριστον	a)/riston	n-s---nn-
ἄριστον	a)/riston	ἄριστον	a)/riston	n-s---nv-
ἄριστον	a)/riston	ἄριστον	a)/riston	n-s---na-
ἄριστον	a)/riston	ἄριστον	a)/riston	n-s---nn-
ἄριστον	a)/riston	ἄριστον	a)/riston	n-s---nv-
ἄριστον	a)/riston	ἄριστον	a)/riston	n-s---na-
ἄριστον	a)/riston	ἄριστος	a)/ristos	a-s---ma-
ἄριστον	a)/riston	ἄριστος	a)/ristos	a-s---nn-
ἄριστον	a)/riston	ἄριστος	a)/ristos	a-s---nv-
ἄριστον	a)/riston	ἄριστος	a)/ristos	a-s---na-
ἄρχεται	a)/rxetai	ἄρχω	a)/rxw	v3spie---
ἄσημα	a)/shma	ἄσημος	a)/shmos	n-p---nn-
ἄσημα	a)/shma	ἄσημος	a)/shmos	n-p---nv-
ἄσημα	a)/shma	ἄσημος	a)/shmos	n-p---na-
ἄστη	a)/sth	ἄστυ	a)/stu	n-p---nn-
ἄστη	a)/sth	ἄστυ	a)/stu	n-p---nv-
ἄστη	a)/sth	ἄστυ	a)/stu	n-p---na-
ἄστη	a)/sth	ἄστυ	a)/stu	n-d---nn-
ἄστη	a)/sth	ἄστυ	a)/stu	n-d---nv-
ἄστη	a)/sth	ἄστυ	a)/stu	n-d---na-
ἄστυ	a)/stu	ἄστυ	a)/stu	n-s---nn-
ἄστυ	a)/stu	ἄστυ	a)/stu	n-s---nv-
ἄστυ	a)/stu	ἄστυ	a)/stu	n-s---na-
ἄταφα	a)/tafa	ἄταφος	a)/tafos	n-p---nn-
ἄταφα	a)/tafa	ἄταφος	a)/tafos	n-p---nv-
ἄταφα	a)/tafa	ἄταφος	a)/tafos	n-p---na-
ἄτεκνος	a)/teknos	ἄτεκνος	a)/teknos	n-s---mn-
ἄτεκνος	a)/teknos	ἄτεκνος	a)/teknos	n-s---fn-
ἄτερ	a)/ter	ἄτερ	a)/ter	r--------
ἄυπνά	a)/upna/	ἄυπνος	a)/upnos	n-p---nn-
ἄυπνά	a)/upna/	ἄυπνος	a)/upnos	n-p---nv-
ἄυπνά	a)/upna/	ἄυπνος	a)/upnos	n-p---na-
ἄχη	a)/xh	ἄχος	a)/xos	n-p---nn-
ἄχη	a)/xh	ἄχος	a)/xos	n-p---nv-
ἄχη	a)/xh	ἄχος	a)/xos	n-p---na-
ἄχη	a)/xh	ἄχος	a)/xos	n-d---nn-
ἄχη	a)/xh	ἄχος	a)/xos	n-d---nv-
ἄχη	a)/xh	ἄχος	a)/xos	n-d---na-
ἄχη	a)/xh	ἀχέω2	a)xe/w2	v2spma---
ἄχη	a)/xh	ἠχέω	h)xe/w	v3siia---
ἄχη	a)/xh	ἠχέω	h)xe/w	v2spma---
ἄχη	a)/xh	ἠχέω	h)xe/w	v3siia---
ἄχθη	a)/xqh	ἄγω	a)/gw	v3saip---
ἄχθη	a)/xqh	ἄγω	a)/gw	v3saip---
ἄχθη	a)/xqh	ἄχθος	a)/xqos	n-p---nn-
ἄχθη	a)/xqh	ἄχθος	a)/xqos	n-p---nv-
ἄχθη	a)/xqh	ἄχθος	a)/xqos	n-p---na-
ἄχθη	a)/xqh	ἄχθος	a)/xqos	n-d---nn-
ἄχθη	a)/xqh	ἄχθος	a)/xqos	n-d---nv-
ἄχθη	a)/xqh	ἄχθος	a)/xqos	n-d---na-
ἄχθη	a)/xqh	ἀχθέω	a)xqe/w	v3siia---
ἄχθη	a)/xqh	ἀχθέω	a)xqe/w	v2spma---
ἅ	a(/	ὁ	o(	l-s---fn-
ἅ	a(/	ὅς	o(/s	p-p---na-
ἅ	a(/	ὅς	o(/s	p-p---nn-
ἅ	a(/	ὅς	o(/s	p-d---fa-
ἅ	a(/	ὅς	o(/s	p-d---fn-
ἅ	a(/	ὅς	o(/s	p-s---fn-
ἅδε	a(/de	ἅδος	a(/dos	n-s---mv-
ἅδε	a(/de	ἁνδάνω	a(nda/nw	v3saia---
ἅδε	a(/de	ἁνδάνω	a(nda/nw	v2sama---
ἅδε	a(/de	ὅδε	o(/de	n-s---fn-
ἅλιος	a(/lios	ἅλιοσ1	a(/lios1	a-s---mn-
ἅλιος	a(/lios	ἅλιοσ1	a(/lios1	n-s---mn-
ἅλιος	a(/lios	ἅλιοσ1	a(/lios1	n-s---fn-
ἅλιος	a(/lios	ἅλιοσ2	a(/lios2	a-s---mn-
ἅλιος	a(/lios	ἥλιος	h(/lios	n-s---mn-
ἅλις	a(/lis	ἅλις	a(/lis	d--------
ἅμα	a(/ma	ἅμα	a(/ma	d--------
ἅμιλλαν	a(/millan	ἅμιλλα	a(/milla	n-s---fa-
ἅν	a(/n	ὅς	o(/s	p-s---fa-
ἅπερ	a(/per	ὁ	o(	l-s---fn-
ἅπερ	a(/per	ὅς	o(/s	p-p---na-
ἅπερ	a(/per	ὅς	o(/s	p-p---nn-
ἅπερ	a(/per	ὅς	o(/s	p-d---fa-
ἅπερ	a(/per	ὅς	o(/s	p-d---fn-
ἅπερ	a(/per	ὅς	o(/s	p-s---fn-
ἅρμα	a(/rma	ἅρμα	a(/rma	n-s---nn-
ἅρμα	a(/rma	ἅρμα	a(/rma	n-s---nv-
ἅρμα	a(/rma	ἅρμα	a(/rma	n-s---na-
ἅρμαθ’	a(/rmaq'	ἅρμα	a(/rma	n-p---nn-
ἅρμαθ’	a(/rmaq'	ἅρμα	a(/rma	n-p---nv-
ἅρμαθ’	a(/rmaq'	ἅρμα	a(/rma	n-p---na-
ἅρμαθ’	a(/rmaq'	ἅρμα	a(/rma	n-s---nd-
ἅρμαθ’	a(/rmaq'	ἅρμα	a(/rma	n-d---nn-
ἅρμαθ’	a(/rmaq'	ἅρμα	a(/rma	n-d---nv-
ἅρμαθ’	a(/rmaq'	ἅρμα	a(/rma	n-d---na-
ἅρμασιν	a(/rmasin	ἅρμα	a(/rma	n-p---nd-
ἅρματ’	a(/rmat'	ἅρμα	a(/rma	n-p---nn-
ἅρματ’	a(/rmat'	ἅρμα	a(/rma	n-p---nv-
ἅρματ’	a(/rmat'	ἅρμα	a(/rma	n-p---na-
ἅρματ’	a(/rmat'	ἅρμα	a(/rma	n-s---nd-
ἅρματ’	a(/rmat'	ἅρμα	a(/rma	n-d---nn-
ἅρματ’	a(/rmat'	ἅρμα	a(/rma	n-d---nv-
ἅρματ’	a(/rmat'	ἅρμα	a(/rma	n-d---na-
ἅς	a(/s	ὅς	o(/s	p-p---fa-
ἆρα	a)=ra	ἆρα	a)=ra	x--------
ἆρα	a)=ra	αἴρω	ai)/rw	v1saia---
ἆρα	a)=ra	αἴρω	ai)/rw	v1saia---
Ἀθηναίας	*)aqhnai/as	Ἀθηναῖος	*)aqhnai=os	a-p---fa-
Ἀθηναίας	*)aqhnai/as	Ἀθηναῖος	*)aqhnai=os	a-s---fg-
Ἀθηναίων	*)aqhnai/wn	Ἀθήναια	*)aqh/naia	n-p---ng-
Ἀθηναίων	*)aqhnai/wn	Ἀθήναιον	*)aqh/naion	n-p---ng-
Ἀθηναίων	*)aqhnai/wn	Ἀθήναιος	*)aqh/naios	n-p---mg-
Ἀθηναίων	*)aqhnai/wn	Ἀθηναῖος	*)aqhnai=os	a-p---fg-
Ἀθηναίων	*)aqhnai/wn	Ἀθηναῖος	*)aqhnai=os	a-p---mg-
Ἀθηναίων	*)aqhnai/wn	Ἀθηναῖος	*)aqhnai=os	a-p---ng-
Ἀθηνῶν	*)aqhnw=n	Ἀθῆναι	*)aqh=nai	n-p---fg-
Ἀθάνα	*)aqa/na	Ἀθήνη	*)aqh/nh	n-s---fn-
Ἀθάνα	*)aqa/na	Ἀθήνη	*)aqh/nh	n-s---fv-
Ἀθάνας	*)aqa/nas	Ἀθήνη	*)aqh/nh	n-s---fg-
Ἀθάνας	*)aqa/nas	Ἀθῆναι	*)aqh=nai	n-p---fa-
Ἀθήναις	*)aqh/nais	Ἀθῆναι	*)aqh=nai	n-p---fd-
Ἀθήνας	*)aqh/nas	Ἀθήνευς	*)aqh/neus	n-p---ma-
Ἀθήνας	*)aqh/nas	Ἀθῆναι	*)aqh=nai	n-p---fa-
Ἀθήνας	*)aqh/nas	Ἀθῆναι	*)aqh=nai	n-s---fg-
Ἀμφιάρεώ	*)amfia/rew/	Ἀμφιάραος	*)amfia/raos	n-s---fg-
Ἀμφίονος	*)amfi/onos	Ἀμφίων	*)amfi/wn	n-s---mg-
Ἀπόλλων	*)apo/llwn	Ἀπόλλων	*)apo/llwn	n-s---mn-
Ἀπόλλων	*)apo/llwn	Ἀπόλλων	*)apo/llwn	n-s---mv-
Ἀργεία	*)argei/a	Ἀργεῖος	*)argei=os	a-d---fn-
Ἀργεία	*)argei/a	Ἀργεῖος	*)argei=os	a-d---fv-
Ἀργεία	*)argei/a	Ἀργεῖος	*)argei=os	a-d---fa-
Ἀργεία	*)argei/a	Ἀργεῖος	*)argei=os	a-s---fn-
Ἀργεία	*)argei/a	Ἀργεῖος	*)argei=os	a-s---fv-
Ἀργείαις	*)argei/ais	Ἀργεῖος	*)argei=os	a-p---fd-
Ἀργείαν	*)argei/an	Ἀργεῖος	*)argei=os	a-s---fa-
Ἀργείας	*)argei/as	Ἀργεῖος	*)argei=os	a-p---fa-
Ἀργείας	*)argei/as	Ἀργεῖος	*)argei=os	a-s---fg-
Ἀργείοις	*)argei/ois	Ἀργεῖος	*)argei=os	a-p---md-
Ἀργείοις	*)argei/ois	Ἀργεῖος	*)argei=os	a-p---nd-
Ἀργείοισιν	*)argei/oisin	Ἀργεῖος	*)argei=os	a-p---md-
Ἀργείοισιν	*)argei/oisin	Ἀργεῖος	*)argei=os	a-p---nd-
Ἀργείους	*)argei/ous	Ἀργεῖος	*)argei=os	a-p---ma-
Ἀργείων	*)argei/wn	Ἀργεῖος	*)argei=os	a-p---fg-
Ἀργείων	*)argei/wn	Ἀργεῖος	*)argei=os	a-p---mg-
Ἀργείων	*)argei/wn	Ἀργεῖος	*)argei=os	a-p---ng-
Ἀργείᾳ	*)argei/a|	Ἀργεῖος	*)argei=os	a-s---fd-
Ἀργεῖαι	*)argei=ai	Ἀργεῖος	*)argei=os	a-p---fn-
Ἀργεῖαι	*)argei=ai	Ἀργεῖος	*)argei=os	a-p---fv-
Ἀργεῖαι	*)argei=ai	ἀργέω	a)rge/w	v2spie---
Ἀργεῖος	*)argei=os	Ἀργεῖος	*)argei=os	a-s---mn-
Ἀρκάς	*)arka/s	Ἀρκάς	*)arka/s	n-s---mn-
Ἀσωποῦ	*)aswpou=	Ἀσωπός	*)aswpo/s	n-s---mg-
Ἀσωπίας	*)aswpi/as	Ἀσωπίη	*)aswpi/h	n-p---fa-
Ἀσωπίας	*)aswpi/as	Ἀσωπίη	*)aswpi/h	n-s---fg-
Ἀσωπόν	*)aswpo/n	Ἀσωπός	*)aswpo/s	n-s---ma-
Ἀταλάντης	*)atala/nths	Ἀταλάντη	*)atala/nth	n-s---fg-
Ἄδρασθ’	*)/adrasq'	Ἄδραστος	*)/adrastos	n-s---mv-
Ἄδρασθ’	*)/adrasq'	ἄδραστος	a)/drastos	n-p---nn-
Ἄδρασθ’	*)/adrasq'	ἄδραστος	a)/drastos	n-p---nv-
Ἄδρασθ’	*)/adrasq'	ἄδραστος	a)/drastos	n-p---na-
Ἄδρασθ’	*)/adrasq'	ἄδραστος	a)/drastos	n-s---mv-
Ἄδρασθ’	*)/adrasq'	ἄδραστος	a)/drastos	n-s---fv-
Ἄδραστε	*)/adraste	Ἄδραστος	*)/adrastos	n-s---mv-
Ἄδραστε	*)/adraste	ἄδραστος	a)/drastos	n-s---mv-
Ἄδραστε	*)/adraste	ἄδραστος	a)/drastos	n-s---fv-
Ἄδραστον	*)/adraston	Ἄδραστος	*)/adrastos	n-s---ma-
Ἄδραστον	*)/adraston	ἄδραστος	a)/drastos	n-s---ma-
Ἄδραστον	*)/adraston	ἄδραστος	a)/drastos	n-s---fa-
Ἄδραστον	*)/adraston	ἄδραστος	a)/drastos	n-s---nn-
Ἄδραστον	*)/adraston	ἄδραστος	a)/drastos	n-s---nv-
Ἄδραστον	*)/adraston	ἄδραστος	a)/drastos	n-s---na-
Ἄδραστος	*)/adrastos	Ἄδραστος	*)/adrastos	n-s---mn-
Ἄδραστος	*)/adrastos	ἄδραστος	a)/drastos	n-s---mn-
Ἄδραστος	*)/adrastos	ἄδραστος	a)/drastos	n-s---fn-
Ἄδραστ’	*)/adrast'	Ἄδραστος	*)/adrastos	n-s---mv-
Ἄδραστ’	*)/adrast'	ἄδραστος	a)/drastos	n-p---nn-
Ἄδραστ’	*)/adrast'	ἄδραστος	a)/drastos	n-p---nv-
Ἄδραστ’	*)/adrast'	ἄδραστος	a)/drastos	n-p---na-
Ἄδραστ’	*)/adrast'	ἄδραστος	a)/drastos	n-s---mv-
Ἄδραστ’	*)/adrast'	ἄδραστος	a)/drastos	n-s---fv-
Ἄργει	*)/argei	Ἄργος	*)/argos	n-d---nn-
Ἄργει	*)/argei	Ἄργος	*)/argos	n-d---nv-
Ἄργει	*)/argei	Ἄργος	*)/argos	n-d---na-
Ἄργει	*)/argei	Ἄργος	*)/argos	n-s---nd-
Ἄργει	*)/argei	Ἄργος	*)/argos	n-s---nd-
Ἄργει	*)/argei	ἀργέω	a)rge/w	v3siia---
Ἄργει	*)/argei	ἀργέω	a)rge/w	v2spma---
Ἄργει	*)/argei	ἀργέω	a)rge/w	v3siia---
Ἄργος	*)/argos	Ἄργος	*)/argos	n-s---nn-
Ἄργος	*)/argos	Ἄργος	*)/argos	n-s---nv-
Ἄργος	*)/argos	Ἄργος	*)/argos	n-s---na-
Ἄργος	*)/argos	Ἄργος	*)/argos	n-s---mn-
Ἄργους	*)/argous	Ἄργος	*)/argos	n-s---ng-
Ἄρεος	*)/areos	Ἄρεος	*)/areos	a-s---mn-
Ἄρεος	*)/areos	Ἄρευς	*)/areus	n-s---mg-
Ἄρεος	*)/areos	Ἄρης	*)/arhs	n-s---mg-
Ἄρεος	*)/areos	Ἄρης	*)/arhs	n-s---mg-
Ἄρεος	*)/areos	Ἄρις	*)/aris	n-s---fg-
Ἄρεος	*)/areos	ἄρος	a)/ros	n-s---ng-
Ἄρης	*)/arhs	Ἄρης	*)/arhs	n-s---mn-
Ἄρης	*)/arhs	Ἄρης	*)/arhs	n-s---mn-
Ἄρης	*)/arhs	Ἄρης	*)/arhs	n-s---mn-
Ἄρης	*)/arhs	Ἄρης	*)/arhs	n-s---mn-
Ἄρης	*)/arhs	Ἄρις	*)/aris	n-p---fn-
Ἄρης	*)/arhs	Ἄρις	*)/aris	n-p---fv-
Ἄρτεμις	*)/artemis	Ἄρτεμις	*)/artemis	n-s---fn-
Ἅιδαν	*(/aidan	Ἅιδης	*(/aidhs	n-s---ma-
Ἅιδας	*(/aidas	Ἅιδης	*(/aidhs	n-s---mn-
Ἅιδην	*(/aidhn	Ἅιδης	*(/aidhs	n-s---ma-
Ἅιδου	*(/aidou	Ἅιδης	*(/aidhs	n-s---mg-
ἐγγενῆ	e)ggenh=	ἐγγενής	e)ggenh/s	n-p---nn-
ἐγγενῆ	e)ggenh=	ἐγγενής	e)ggenh/s	n-p---nv-
ἐγγενῆ	e)ggenh=	ἐγγενής	e)ggenh/s	n-p---na-
ἐγγενῆ	e)ggenh=	ἐγγενής	e)ggenh/s	n-d---mn-
ἐγγενῆ	e)ggenh=	ἐγγενής	e)ggenh/s	n-d---mv-
ἐγγενῆ	e)ggenh=	ἐγγενής	e)ggenh/s	n-d---ma-
ἐγγενῆ	e)ggenh=	ἐγγενής	e)ggenh/s	n-d---fn-
ἐγγενῆ	e)ggenh=	ἐγγενής	e)ggenh/s	n-d---fv-
ἐγγενῆ	e)ggenh=	ἐγγενής	e)ggenh/s	n-d---fa-
ἐγγενῆ	e)ggenh=	ἐγγενής	e)ggenh/s	n-d---nn-
ἐγγενῆ	e)ggenh=	ἐγγενής	e)ggenh/s	n-d---nv-
ἐγγενῆ	e)ggenh=	ἐγγενής	e)ggenh/s	n-d---na-
ἐγγενῆ	e)ggenh=	ἐγγενής	e)ggenh/s	n-s---ma-
ἐγγενῆ	e)ggenh=	ἐγγενής	e)ggenh/s	n-s---fa-
ἐγγύς	e)ggu/s	ἐγγύς	e)ggu/s	d--------
ἐγεινάμεθ’	e)geina/meq'	γείνομαι	gei/nomai	v1paim---
ἐγώ	e)gw/	ἐγώ	e)gw/	p-s---mn-
ἐγώ	e)gw/	ἐγώ	e)gw/	p-s---mv-
ἐγώ	e)gw/	ἐγώ	e)gw/	p-s---fn-
ἐγώ	e)gw/	ἐγώ	e)gw/	p-s---fv-
ἐδέξατο	e)de/cato	δέχομαι	de/xomai	v3saim---
ἐδέξατο	e)de/cato	δείκνυμι	dei/knumi	v3saim---
ἐδίφρευε	e)di/freue	διφρεύω	difreu/w	v3siia---
ἐζύγη	e)zu/gh	ζεύγνυμι	zeu/gnumi	v3saip---
ἐζύγη	e)zu/gh	ζυγέω	zuge/w	v3siia---
ἐκ	e)k	ἐκ	e)k	r--------
ἐκβακχευσαμένα	e)kbakxeusame/na	ἐκβακχεύω	e)kbakxeu/w	v-dapmfn-
ἐκβακχευσαμένα	e)kbakxeusame/na	ἐκβακχεύω	e)kbakxeu/w	v-dapmfv-
ἐκβακχευσαμένα	e)kbakxeusame/na	ἐκβακχεύω	e)kbakxeu/w	v-dapmfa-
ἐκβακχευσαμένα	e)kbakxeusame/na	ἐκβακχεύω	e)kbakxeu/w	v-sapmfn-
ἐκβακχευσαμένα	e)kbakxeusame/na	ἐκβακχεύω	e)kbakxeu/w	v-sapmfv-
ἐκδικαστάν	e)kdikasta/n	ἐκδικαστής	e)kdikasth/s	n-s---ma-
ἐκδικαστάν	e)kdikasta/n	ἐκδικαστής	e)kdikasth/s	n-s---ma-
ἐκδικάζοντες	e)kdika/zontes	ἐκδικάζω	e)kdika/zw	v-pppamn-
ἐκδικάζοντες	e)kdika/zontes	ἐκδικάζω	e)kdika/zw	v-pppamv-
ἐκδικάζοντες	e)kdika/zontes	ἐκδικάζω	e)kdika/zw	v-pppamn-
ἐκδικάζοντες	e)kdika/zontes	ἐκδικάζω	e)kdika/zw	v-pppamv-
ἐκείνοις	e)kei/nois	ἐκεῖνος	e)kei=nos	n-p---nd-
ἐκείνοις	e)kei/nois	ἐκεῖνος	e)kei=nos	n-p---md-
ἐκεῖ	e)kei=	ἐκεῖ	e)kei=	d--------
ἐκεῖνο	e)kei=no	ἐκεῖνος	e)kei=nos	n-s---nn-
ἐκεῖνο	e)kei=no	ἐκεῖνος	e)kei=nos	n-s---nv-
ἐκεῖνο	e)kei=no	ἐκεῖνος	e)kei=nos	n-s---na-
ἐκκαλύψας	e)kkalu/yas	ἐκκαλύπτω	e)kkalu/ptw	v-sapamn-
ἐκκαλύψας	e)kkalu/yas	ἐκκαλύπτω	e)kkalu/ptw	v-sapamv-
ἐκκομίζομαι	e)kkomi/zomai	ἐκκομίζω	e)kkomi/zw	v1spie---
ἐκκομίζομαι	e)kkomi/zomai	ἐκκομίζω	e)kkomi/zw	v1spie---
ἐκκυβιστώντων	e)kkubistw/ntwn	ἐκκυβιστάω	e)kkubista/w	v-pppamg-
ἐκκυβιστώντων	e)kkubistw/ntwn	ἐκκυβιστάω	e)kkubista/w	v-pppang-
ἐκκυβιστώντων	e)kkubistw/ntwn	ἐκκυβιστάω	e)kkubista/w	v3ppma---
ἐκκυβιστώντων	e)kkubistw/ntwn	ἐκκυβιστάω	e)kkubista/w	v-pppamg-
ἐκκυβιστώντων	e)kkubistw/ntwn	ἐκκυβιστάω	e)kkubista/w	v-pppang-
ἐκκυβιστώντων	e)kkubistw/ntwn	ἐκκυβιστάω	e)kkubista/w	v3ppma---
ἐκλιπόνθ’	e)klipo/nq'	ἐκλείπω	e)klei/pw	v-papann-
ἐκλιπόνθ’	e)klipo/nq'	ἐκλείπω	e)klei/pw	v-papanv-
ἐκλιπόνθ’	e)klipo/nq'	ἐκλείπω	e)klei/pw	v-papana-
ἐκλιπόνθ’	e)klipo/nq'	ἐκλείπω	e)klei/pw	v-sapama-
ἐκλιπόνθ’	e)klipo/nq'	ἐκλείπω	e)klei/pw	v-sapamd-
ἐκλιπόνθ’	e)klipo/nq'	ἐκλείπω	e)klei/pw	v-sapand-
ἐκλιπόνθ’	e)klipo/nq'	ἐκλείπω	e)klei/pw	v-dapamn-
ἐκλιπόνθ’	e)klipo/nq'	ἐκλείπω	e)klei/pw	v-dapamv-
ἐκλιπόνθ’	e)klipo/nq'	ἐκλείπω	e)klei/pw	v-dapama-
ἐκλιπόνθ’	e)klipo/nq'	ἐκλείπω	e)klei/pw	v-dapann-
ἐκλιπόνθ’	e)klipo/nq'	ἐκλείπω	e)klei/pw	v-dapanv-
ἐκλιπόνθ’	e)klipo/nq'	ἐκλείπω	e)klei/pw	v-dapana-
ἐκλιπόντες	e)klipo/ntes	ἐκλείπω	e)klei/pw	v-papamn-
ἐκλιπόντες	e)klipo/ntes	ἐκλείπω	e)klei/pw	v-papamv-
ἐκλιπών	e)klipw/n	ἐκλείπω	e)klei/pw	v-sapamn-
ἐκλογίζεται	e)klogi/zetai	ἐκλογίζομαι	e)klogi/zomai	v3spie---
ἐκλογίζεται	e)klogi/zetai	ἐκλογίζομαι	e)klogi/zomai	v3spie---
ἐκλύετε	e)klu/ete	ἐκλύω	e)klu/w	v2ppma---
ἐκλύετε	e)klu/ete	ἐκλύω	e)klu/w	v2ppia---
ἐκλύετε	e)klu/ete	ἐκλύω	e)klu/w	v2ppma---
ἐκλύετε	e)klu/ete	ἐκλύω	e)klu/w	v2ppia---
ἐκλύετε	e)klu/ete	ἐκλύω	e)klu/w	v2piia---
ἐκλύετε	e)klu/ete	ἐκλύω	e)klu/w	v2piia---
ἐκλύετε	e)klu/ete	κλύω	klu/w	v2paia---
ἐκλύετε	e)klu/ete	κλύω	klu/w	v2piia---
ἐκλύσομαι	e)klu/somai	ἐκλύω	e)klu/w	v1sasm---
ἐκλύσομαι	e)klu/somai	ἐκλύω	e)klu/w	v1sfim---
ἐκμοχθῇ	e)kmoxqh=|	ἐκμοχθέω	e)kmoxqe/w	v2spse---
ἐκμοχθῇ	e)kmoxqh=|	ἐκμοχθέω	e)kmoxqe/w	v2spie---
ἐκμοχθῇ	e)kmoxqh=|	ἐκμοχθέω	e)kmoxqe/w	v3spsa---
ἐκμοχθῇ	e)kmoxqh=|	ἐκμοχθέω	e)kmoxqe/w	v2spse---
ἐκμοχθῇ	e)kmoxqh=|	ἐκμοχθέω	e)kmoxqe/w	v2spie---
ἐκμοχθῇ	e)kmoxqh=|	ἐκμοχθέω	e)kmoxqe/w	v3spsa---
ἐκπονῆσαι	e)kponh=sai	ἐκπονέω	e)kpone/w	v--ana---
ἐκπονῆσαι	e)kponh=sai	ἐκπονέω	e)kpone/w	v--ana---
ἐκπορθήτορες	e)kporqh/tores	ἐκπορθήτωρ	e)kporqh/twr	n-p---mn-
ἐκπορθήτορες	e)kporqh/tores	ἐκπορθήτωρ	e)kporqh/twr	n-p---mv-
ἐκράνθη	e)kra/nqh	ἐκραίνω	e)krai/nw	v3saip---
ἐκράνθη	e)kra/nqh	κραίνω	krai/nw	v3saip---
ἐκτεθραμμένοι	e)kteqramme/noi	ἐκτρέφω	e)ktre/fw	v-prpemn-
ἐκτεθραμμένοι	e)kteqramme/noi	ἐκτρέφω	e)ktre/fw	v-prpemv-
ἐκτείνειν	e)ktei/nein	ἐκτείνω	e)ktei/nw	v--pna---
ἐκτείνοντο	e)ktei/nonto	ἐκτείνω	e)ktei/nw	v3piie---
ἐκτείνοντο	e)ktei/nonto	κτείνω	ktei/nw	v3piie---
ἐκτείνοντ’	e)ktei/nont'	ἐκτείνω	e)ktei/nw	v-pppann-
ἐκτείνοντ’	e)ktei/nont'	ἐκτείνω	e)ktei/nw	v-pppanv-
ἐκτείνοντ’	e)ktei/nont'	ἐκτείνω	e)ktei/nw	v-pppana-
ἐκτείνοντ’	e)ktei/nont'	ἐκτείνω	e)ktei/nw	v-sppama-
ἐκτείνοντ’	e)ktei/nont'	ἐκτείνω	e)ktei/nw	v-sppamd-
ἐκτείνοντ’	e)ktei/nont'	ἐκτείνω	e)ktei/nw	v-sppand-
ἐκτείνοντ’	e)ktei/nont'	ἐκτείνω	e)ktei/nw	v3ppia---
ἐκτείνοντ’	e)ktei/nont'	ἐκτείνω	e)ktei/nw	v-dppamn-
ἐκτείνοντ’	e)ktei/nont'	ἐκτείνω	e)ktei/nw	v-dppamv-
ἐκτείνοντ’	e)ktei/nont'	ἐκτείνω	e)ktei/nw	v-dppama-
ἐκτείνοντ’	e)ktei/nont'	ἐκτείνω	e)ktei/nw	v-dppann-
ἐκτείνοντ’	e)ktei/nont'	ἐκτείνω	e)ktei/nw	v-dppanv-
ἐκτείνοντ’	e)ktei/nont'	ἐκτείνω	e)ktei/nw	v-dppana-
ἐκτείνοντ’	e)ktei/nont'	ἐκτείνω	e)ktei/nw	v3ppie---
ἐκτείνοντ’	e)ktei/nont'	ἐκτείνω	e)ktei/nw	v3piie---
ἐκτείνοντ’	e)ktei/nont'	κτείνω	ktei/nw	v3piie---
ἐκτραφείς	e)ktrafei/s	ἐκτρέφω	e)ktre/fw	v-sappmn-
ἐκτραφείς	e)ktrafei/s	ἐκτρέφω	e)ktre/fw	v-sappmv-
ἐκτρέπει	e)ktre/pei	ἐκτρέπω	e)ktre/pw	v2spie---
ἐκτρέπει	e)ktre/pei	ἐκτρέπω	e)ktre/pw	v3spia---
ἐκτός	e)kto/s	ἐκτός	e)kto/s	d--------
ἐκχαυνῶν	e)kxaunw=n	ἐκχαυνόω	e)kxauno/w	v-sppamv-
ἐκχαυνῶν	e)kxaunw=n	ἐκχαυνόω	e)kxauno/w	v-sppann-
ἐκχαυνῶν	e)kxaunw=n	ἐκχαυνόω	e)kxauno/w	v-sppanv-
ἐκχαυνῶν	e)kxaunw=n	ἐκχαυνόω	e)kxauno/w	v-sppana-
ἐκχαυνῶν	e)kxaunw=n	ἐκχαυνόω	e)kxauno/w	v-sppamn-
ἐκχαυνῶν	e)kxaunw=n	ἐκχαυνόω	e)kxauno/w	v--pna---
ἐκχαυνῶν	e)kxaunw=n	ἐκχαυνόω	e)kxauno/w	v-sppamv-
ἐκχαυνῶν	e)kxaunw=n	ἐκχαυνόω	e)kxauno/w	v-sppann-
ἐκχαυνῶν	e)kxaunw=n	ἐκχαυνόω	e)kxauno/w	v-sppanv-
ἐκχαυνῶν	e)kxaunw=n	ἐκχαυνόω	e)kxauno/w	v-sppana-
ἐκχαυνῶν	e)kxaunw=n	ἐκχαυνόω	e)kxauno/w	v-sppamn-
ἐκχαυνῶν	e)kxaunw=n	ἐκχαυνόω	e)kxauno/w	v--pna---
ἐκχέω	e)kxe/w	ἐκχέω	e)kxe/w	v1spsa---
ἐκχέω	e)kxe/w	ἐκχέω	e)kxe/w	v1spia---
ἐκχέω	e)kxe/w	ἐκχέω	e)kxe/w	v1spsa---
ἐκχέω	e)kxe/w	ἐκχέω	e)kxe/w	v1spia---
ἐκχέω	e)kxe/w	ἐκχέω	e)kxe/w	v1sasa---
ἐκχέω	e)kxe/w	ἐκχέω	e)kxe/w	v2saim---
ἐκάλεσε	e)ka/lese	καλέω	kale/w	v3saia---
ἐκέρδαινεν	e)ke/rdainen	κερδαίνω	kerdai/nw	v3siia---
ἐκίνησεν	e)ki/nhsen	κινέω	kine/w	v3saia---
ἐκύρσατε	e)ku/rsate	κυρέω	kure/w	v2paia---
ἐκύρσατ’	e)ku/rsat'	κυρέω	kure/w	v3saim---
ἐκύρσατ’	e)ku/rsat'	κυρέω	kure/w	v2paia---
ἐλαύνεις	e)lau/neis	ἐλαύνω	e)lau/nw	v2sasa---
ἐλαύνεις	e)lau/neis	ἐλαύνω	e)lau/nw	v2spia---
ἐλαύνουσ’	e)lau/nous'	ἐλαύνω	e)lau/nw	v-sppafn-
ἐλαύνουσ’	e)lau/nous'	ἐλαύνω	e)lau/nw	v-sppafv-
ἐλαύνουσ’	e)lau/nous'	ἐλαύνω	e)lau/nw	v3pasa---
ἐλαύνουσ’	e)lau/nous'	ἐλαύνω	e)lau/nw	v-pppamd-
ἐλαύνουσ’	e)lau/nous'	ἐλαύνω	e)lau/nw	v-pppand-
ἐλαύνουσ’	e)lau/nous'	ἐλαύνω	e)lau/nw	v3ppia---
ἐλαύνουσ’	e)lau/nous'	ἐλαύνω	e)lau/nw	v-pppafn-
ἐλαύνουσ’	e)lau/nous'	ἐλαύνω	e)lau/nw	v-pppafv-
ἐλευθερώσας	e)leuqerw/sas	ἐλευθερόω	e)leuqero/w	v-sapamn-
ἐλευθερώσας	e)leuqerw/sas	ἐλευθερόω	e)leuqero/w	v-sapamv-
ἐλευθέρα	e)leuqe/ra	ἐλεύθερος	e)leu/qeros	a-d---fn-
ἐλευθέρα	e)leuqe/ra	ἐλεύθερος	e)leu/qeros	a-d---fv-
ἐλευθέρα	e)leuqe/ra	ἐλεύθερος	e)leu/qeros	a-d---fa-
ἐλευθέρα	e)leuqe/ra	ἐλεύθερος	e)leu/qeros	a-s---fn-
ἐλευθέρα	e)leuqe/ra	ἐλεύθερος	e)leu/qeros	a-s---fv-
ἐλευθέραν	e)leuqe/ran	ἐλεύθερος	e)leu/qeros	a-s---fa-
ἐλθεῖν	e)lqei=n	ἔρχομαι	e)/rxomai	v--ana---
ἐλθοῦσ’	e)lqou=s'	ἔρχομαι	e)/rxomai	v-sapafn-
ἐλθοῦσ’	e)lqou=s'	ἔρχομαι	e)/rxomai	v-sapafv-
ἐλθοῦσ’	e)lqou=s'	ἔρχομαι	e)/rxomai	v-papamd-
ἐλθοῦσ’	e)lqou=s'	ἔρχομαι	e)/rxomai	v-papand-
ἐλθοῦσ’	e)lqou=s'	ἔρχομαι	e)/rxomai	v-papafn-
ἐλθοῦσ’	e)lqou=s'	ἔρχομαι	e)/rxomai	v-papafv-
ἐλθόντε	e)lqo/nte	ἔρχομαι	e)/rxomai	v-dapamn-
ἐλθόντε	e)lqo/nte	ἔρχομαι	e)/rxomai	v-dapamv-
ἐλθόντε	e)lqo/nte	ἔρχομαι	e)/rxomai	v-dapama-
ἐλθόντε	e)lqo/nte	ἔρχομαι	e)/rxomai	v-dapann-
ἐλθόντε	e)lqo/nte	ἔρχομαι	e)/rxomai	v-dapanv-
ἐλθόντε	e)lqo/nte	ἔρχομαι	e)/rxomai	v-dapana-
ἐλθών	e)lqw/n	ἔρχομαι	e)/rxomai	v-sapamn-
ἐλπίς	e)lpi/s	ἐλπίς	e)lpi/s	n-s---fn-
ἐμαῖς	e)mai=s	ἐμός	e)mo/s	a-p---fd-
ἐμβαίνουσα	e)mbai/nousa	ἐμβαίνω	e)mbai/nw	v-sppafn-
ἐμβαίνουσα	e)mbai/nousa	ἐμβαίνω	e)mbai/nw	v-sppafv-
ἐμοί	e)moi/	ἐγώ	e)gw/	p-s---md-
ἐμοί	e)moi/	ἐγώ	e)gw/	p-s---fd-
ἐμοί	e)moi/	ἐμός	e)mo/s	a-p---mn-
ἐμοί	e)moi/	ἐμός	e)mo/s	a-p---mv-
ἐμούς	e)mou/s	ἐμός	e)mo/s	a-p---ma-
ἐμοῖς	e)moi=s	ἐμέω	e)me/w	v2sfoa---
ἐμοῖς	e)moi=s	ἐμέω	e)me/w	v2spoa---
ἐμοῖς	e)moi=s	ἐμός	e)mo/s	a-p---md-
ἐμοῖς	e)moi=s	ἐμός	e)mo/s	a-p---nd-
ἐμοῖσιν	e)moi=sin	ἐμέω	e)me/w	v-pfpamd-
ἐμοῖσιν	e)moi=sin	ἐμέω	e)me/w	v-pfpand-
ἐμοῖσιν	e)moi=sin	ἐμέω	e)me/w	v-pppamd-
ἐμοῖσιν	e)moi=sin	ἐμέω	e)me/w	v-pppand-
ἐμοῖσιν	e)moi=sin	ἐμός	e)mo/s	a-p---md-
ἐμοῖσιν	e)moi=sin	ἐμός	e)mo/s	a-p---nd-
ἐμοῦ	e)mou=	ἐγώ	e)gw/	p-s---mg-
ἐμοῦ	e)mou=	ἐγώ	e)gw/	p-s---fg-
ἐμοῦ	e)mou=	ἐμέω	e)me/w	v2spme---
ἐμοῦ	e)mou=	ἐμέω	e)me/w	v2siie---
ἐμοῦ	e)mou=	ἐμός	e)mo/s	a-s---mg-
ἐμοῦ	e)mou=	ἐμός	e)mo/s	a-s---ng-
ἐμποδών	e)mpodw/n	ἐμποδών	e)mpodw/n	d--------
ἐμπύρων	e)mpu/rwn	ἔμπυρος	e)/mpuros	n-p---mg-
ἐμπύρων	e)mpu/rwn	ἔμπυρος	e)/mpuros	n-p---fg-
ἐμπύρων	e)mpu/rwn	ἔμπυρος	e)/mpuros	n-p---ng-
ἐμπύρων	e)mpu/rwn	ἐμπυρόω	e)mpuro/w	v3piia---
ἐμπύρων	e)mpu/rwn	ἐμπυρόω	e)mpuro/w	v1siia---
ἐμφανῶς	e)mfanw=s	ἐμφανής	e)mfanh/s	x--------
ἐμά	e)ma/	ἐμός	e)mo/s	a-p---nn-
ἐμά	e)ma/	ἐμός	e)mo/s	a-p---nv-
ἐμά	e)ma/	ἐμός	e)mo/s	a-p---na-
ἐμά	e)ma/	ἐμός	e)mo/s	a-d---fn-
ἐμά	e)ma/	ἐμός	e)mo/s	a-d---fv-
ἐμά	e)ma/	ἐμός	e)mo/s	a-d---fa-
ἐμά	e)ma/	ἐμός	e)mo/s	a-s---fn-
ἐμά	e)ma/	ἐμός	e)mo/s	a-s---fv-
ἐμάν	e)ma/n	ἐμός	e)mo/s	a-s---fa-
ἐμάς	e)ma/s	ἐμός	e)mo/s	a-p---fa-
ἐμήν	e)mh/n	ἐμός	e)mo/s	a-s---fa-
ἐμόν	e)mo/n	ἐμός	e)mo/s	a-s---ma-
ἐμόν	e)mo/n	ἐμός	e)mo/s	a-s---nn-
ἐμόν	e)mo/n	ἐμός	e)mo/s	a-s---nv-
ἐμόν	e)mo/n	ἐμός	e)mo/s	a-s---na-
ἐμός	e)mo/s	ἐμός	e)mo/s	a-s---mn-
ἐμώ	e)mw/	ἐμός	e)mo/s	a-d---mn-
ἐμώ	e)mw/	ἐμός	e)mo/s	a-d---mv-
ἐμώ	e)mw/	ἐμός	e)mo/s	a-d---ma-
ἐμώ	e)mw/	ἐμός	e)mo/s	a-d---nn-
ἐμώ	e)mw/	ἐμός	e)mo/s	a-d---nv-
ἐμώ	e)mw/	ἐμός	e)mo/s	a-d---na-
ἐμᾷ	e)ma=|	ἐμός	e)mo/s	a-s---fd-
ἐμῆς	e)mh=s	ἐμέω	e)me/w	v2sfia---
ἐμῆς	e)mh=s	ἐμέω	e)me/w	v2spia---
ἐμῆς	e)mh=s	ἐμός	e)mo/s	a-s---fg-
ἐμῶν	e)mw=n	ἐμέω	e)me/w	v-sfpamn-
ἐμῶν	e)mw=n	ἐμέω	e)me/w	v-sppamn-
ἐμῶν	e)mw=n	ἐμός	e)mo/s	a-p---fg-
ἐμῶν	e)mw=n	ἐμός	e)mo/s	a-p---mg-
ἐμῶν	e)mw=n	ἐμός	e)mo/s	a-p---ng-
ἐμῷ	e)mw=|	ἐμός	e)mo/s	a-s---md-
ἐμῷ	e)mw=|	ἐμός	e)mo/s	a-s---nd-
ἐν	e)n	ἐν	e)n	r--------
ἐν	e)n	εἰς	ei)s	r--------
ἐναντίος	e)nanti/os	ἐναντίος	e)nanti/os	a-s---mn-
ἐνδεεῖς	e)ndeei=s	ἐνδέω2	e)nde/w2	v2sfia---
ἐνδεεῖς	e)ndeei=s	ἐνδεής	e)ndeh/s	n-p---ma-
ἐνδεεῖς	e)ndeei=s	ἐνδεής	e)ndeh/s	n-p---fa-
ἐνδεεῖς	e)ndeei=s	ἐνδεής	e)ndeh/s	n-p---mn-
ἐνδεεῖς	e)ndeei=s	ἐνδεής	e)ndeh/s	n-p---mv-
ἐνδεεῖς	e)ndeei=s	ἐνδεής	e)ndeh/s	n-p---fn-
ἐνδεεῖς	e)ndeei=s	ἐνδεής	e)ndeh/s	n-p---fv-
ἐνδεής	e)ndeh/s	ἐνδεής	e)ndeh/s	n-s---mn-
ἐνδεής	e)ndeh/s	ἐνδεής	e)ndeh/s	n-s---fn-
ἐνδέχεται	e)nde/xetai	ἐνδέχομαι	e)nde/xomai	v3spie---
ἐνεγκοῦσ’	e)negkou=s'	φέρω	fe/rw	v-sapafn-
ἐνεγκοῦσ’	e)negkou=s'	φέρω	fe/rw	v-sapafv-
ἐνεγκοῦσ’	e)negkou=s'	φέρω	fe/rw	v-papamd-
ἐνεγκοῦσ’	e)negkou=s'	φέρω	fe/rw	v-papand-
ἐνεγκοῦσ’	e)negkou=s'	φέρω	fe/rw	v-papafn-
ἐνεγκοῦσ’	e)negkou=s'	φέρω	fe/rw	v-papafv-
ἐνεστώς	e)nestw/s	ἐνίστημι	e)ni/sthmi	v-srpamn-
ἐνεστώς	e)nestw/s	ἐνίστημι	e)ni/sthmi	v-srpamv-
ἐνθείς	e)nqei/s	ἐντίθημι	e)nti/qhmi	v-sapamn-
ἐνθείς	e)nqei/s	ἐντίθημι	e)nti/qhmi	v-sapamv-
ἐνθάδε	e)nqa/de	ἐνθάδε	e)nqa/de	d--------
ἐνθένδ’	e)nqe/nd'	ἐνθένδε	e)nqe/nde	d--------
ἐνιαυσίαισιν	e)niausi/aisin	ἐνιαύσιος	e)niau/sios	a-p---fd-
ἐνισπεῖν	e)nispei=n	ἐνέπω	e)ne/pw	v--ana---
ἐννέπεις	e)nne/peis	ἐνέπω	e)ne/pw	v2spia---
ἐνοικῆσαι	e)noikh=sai	ἐνοικέω	e)noike/w	v--ana---
ἐνοικῆσαι	e)noikh=sai	ἐνοικέω	e)noike/w	v--ana---
ἐνταῦθα	e)ntau=qa	ἐνταῦθα	e)ntau=qa	d--------
ἐνταῦθ’	e)ntau=q'	ἐνταῦθα	e)ntau=qa	d--------
ἐντείνοντες	e)ntei/nontes	ἐντείνω	e)ntei/nw	v-pppamn-
ἐντείνοντες	e)ntei/nontes	ἐντείνω	e)ntei/nw	v-pppamv-
ἐντείνων	e)ntei/nwn	ἐντείνω	e)ntei/nw	v-sppamn-
ἐντεῦθεν	e)nteu=qen	ἐντεῦθεν	e)nteu=qen	d--------
ἐνήλατα	e)nh/lata	ἐνήλατον	e)nh/laton	n-p---nn-
ἐνήλατα	e)nh/lata	ἐνήλατον	e)nh/laton	n-p---nv-
ἐνήλατα	e)nh/lata	ἐνήλατον	e)nh/laton	n-p---na-
ἐνῶρσε	e)nw=rse	ἐνόρνυμι	e)no/rnumi	v3saia---
ἐξ	e)c	ἐκ	e)k	r--------
ἐξαιτούμενος	e)caitou/menos	ἐξαιτέω	e)caite/w	v-sppemn-
ἐξαιτούμενος	e)caitou/menos	ἐξαιτέω	e)caite/w	v-sppemn-
ἐξαιτῶν	e)caitw=n	ἐξαιτέω	e)caite/w	v-sppamn-
ἐξαιτῶν	e)caitw=n	ἐξαιτέω	e)caite/w	v-sppamn-
ἐξαμαρτάνειν	e)camarta/nein	ἐξαμαρτάνω	e)camarta/nw	v--pna---
ἐξαμαρτάνοντας	e)camarta/nontas	ἐξαμαρτάνω	e)camarta/nw	v-pppama-
ἐξαμύνασθαι	e)camu/nasqai	ἐξαμύνομαι	e)camu/nomai	v--ane---
ἐξαμύνασθαι	e)camu/nasqai	ἐξαμύνομαι	e)camu/nomai	v--anm---
ἐξαναστήσας	e)canasth/sas	ἐξανίστημι	e)cani/sthmi	v-sapamn-
ἐξαναστήσας	e)canasth/sas	ἐξανίστημι	e)cani/sthmi	v-sapamv-
ἐξανύσασθαι	e)canu/sasqai	ἐξανύω	e)canu/w	v--anm---
ἐξαρκεῖν	e)carkei=n	ἐξαρκέω	e)carke/w	v--pna---
ἐξαρκεῖν	e)carkei=n	ἐξαρκέω	e)carke/w	v--pna---
ἐξαρκέσας	e)carke/sas	ἐξαρκέω	e)carke/w	v-sapamn-
ἐξαρκέσας	e)carke/sas	ἐξαρκέω	e)carke/w	v-sapamv-
ἐξαυδᾷς	e)cauda=|s	ἐξαυδάω	e)cauda/w	v2spsa---
ἐξαυδᾷς	e)cauda=|s	ἐξαυδάω	e)cauda/w	v2spia---
ἐξαυδᾷς	e)cauda=|s	ἐξαυδάω	e)cauda/w	v2spsa---
ἐξαυδᾷς	e)cauda=|s	ἐξαυδάω	e)cauda/w	v2spia---
ἐξαύχει	e)cau/xei	ἐξαυχέω	e)cauxe/w	v2spma---
ἐξαύχει	e)cau/xei	ἐξαυχέω	e)cauxe/w	v3siia---
ἐξαύχει	e)cau/xei	ἐξαυχέω	e)cauxe/w	v2spma---
ἐξαύχει	e)cau/xei	ἐξαυχέω	e)cauxe/w	v3siia---
ἐξαύχει	e)cau/xei	ἐξαυχέω	e)cauxe/w	v3siia---
ἐξειργάσω	e)ceirga/sw	ἐξεργάζομαι	e)cerga/zomai	v2saie---
ἐξελαύνειν	e)celau/nein	ἐξελαύνω	e)celau/nw	v--pna---
ἐξελαύνειν	e)celau/nein	ἐξελαύνω	e)celau/nw	v--pna---
ἐξελαύνειν	e)celau/nein	ἐξελαύνω	e)celau/nw	v--pna---
ἐξελεξάμην	e)celeca/mhn	ἐκλέγω	e)kle/gw	v1saim---
ἐξελίσσεις	e)celi/sseis	ἐξελίσσω	e)celi/ssw	v2spia---
ἐξελίσσεις	e)celi/sseis	ἐξελίσσω	e)celi/ssw	v2spia---
ἐξελών	e)celw/n	ἐξαιρέω	e)caire/w	v-sapamn-
ἐξεπίμπλασαν	e)cepi/mplasan	ἐκπίμπλημι	e)kpi/mplhmi	v3piia---
ἐξεργάζεται	e)cerga/zetai	ἐξεργάζομαι	e)cerga/zomai	v3spie---
ἐξεργάζεται	e)cerga/zetai	ἐξεργάζομαι	e)cerga/zomai	v3spie---
ἐξεριστής	e)ceristh/s	ἐξεριστής	e)ceristh/s	n-s---mn-
ἐξεσώθης	e)cesw/qhs	ἐκσῴζω	e)ksw/|zw	v2saip---
ἐξευρεῖν	e)ceurei=n	ἐξευρίσκω	e)ceuri/skw	v--ana---
ἐξεύροις	e)ceu/rois	ἐξευρίσκω	e)ceuri/skw	v2saoa---
ἐξηκόντισα	e)chko/ntisa	ἐξακοντίζω	e)cakonti/zw	v1saia---
ἐξημάρτανε	e)chma/rtane	ἐξαμαρτάνω	e)camarta/nw	v3siia---
ἐξηνδρωμένος	e)chndrwme/nos	ἐξανδρόομαι	e)candro/omai	v-srpemn-
ἐξηρτήμεθα	e)chrth/meqa	ἐξαρτάω	e)carta/w	v1plie---
ἐξηρτήμεθα	e)chrth/meqa	ἐξαρτάω	e)carta/w	v1prie---
ἐξηρτήμεθα	e)chrth/meqa	ἐξαρτάω	e)carta/w	v1piie---
ἐξογκοῖτ’	e)cogkoi=t'	ἐξογκέω	e)cogke/w	v3spoe---
ἐξογκοῖτ’	e)cogkoi=t'	ἐξογκέω	e)cogke/w	v2ppoa---
ἐξογκοῖτ’	e)cogkoi=t'	ἐξογκόω	e)cogko/w	v3spoe---
ἐξογκοῖτ’	e)cogkoi=t'	ἐξογκόω	e)cogko/w	v3spoe---
ἐξογκοῖτ’	e)cogkoi=t'	ἐξογκόω	e)cogko/w	v2ppoa---
ἐξογκοῖτ’	e)cogkoi=t'	ἐξογκόω	e)cogko/w	v2ppoa---
ἐξοισθήσεται	e)coisqh/setai	ἐκφέρω	e)kfe/rw	v3sfip---
ἐξορθούμεθα	e)corqou/meqa	ἐξορθόω	e)corqo/w	v1ppie---
ἐξορθούμεθα	e)corqou/meqa	ἐξορθόω	e)corqo/w	v1ppie---
ἐξορθούμεθα	e)corqou/meqa	ἐξορθόω	e)corqo/w	v1piie---
ἐξορθούμεθα	e)corqou/meqa	ἐξορθόω	e)corqo/w	v1piie---
ἐξοτρύνει	e)cotru/nei	ἐξοτρύνω	e)cotru/nw	v2spie---
ἐξοτρύνει	e)cotru/nei	ἐξοτρύνω	e)cotru/nw	v3spia---
ἐξοτρύνει	e)cotru/nei	ἐξοτρύνω	e)cotru/nw	v3sasa---
ἐξοτρύνει	e)cotru/nei	ἐξοτρύνω	e)cotru/nw	v3sasa---
ἐξοτρύνει	e)cotru/nei	ἐξοτρύνω	e)cotru/nw	v2spie---
ἐξοτρύνει	e)cotru/nei	ἐξοτρύνω	e)cotru/nw	v3spia---
ἐξοχώτατος	e)coxw/tatos	ἔξοχος	e)/coxos	a-s---mns
ἐξωρθούμεθ’	e)cwrqou/meq'	ἐξορθόω	e)corqo/w	v1piie---
ἐξάγει	e)ca/gei	ἐξάγω	e)ca/gw	v2spie---
ἐξάγει	e)ca/gei	ἐξάγω	e)ca/gw	v3spia---
ἐξάγεις	e)ca/geis	ἐξάγω	e)ca/gw	v2spia---
ἐξέδυ	e)ce/du	ἐκδύω	e)kdu/w	v3saia---
ἐξέδωκας	e)ce/dwkas	ἐκδίδωμι	e)kdi/dwmi	v2saia---
ἐξέλοι	e)ce/loi	ἐξαιρέω	e)caire/w	v3saoa---
ἐξέλῃ	e)ce/lh|	ἐξαιρέω	e)caire/w	v2sasm---
ἐξέλῃ	e)ce/lh|	ἐξαιρέω	e)caire/w	v3sasa---
ἐξέλῃ	e)ce/lh|	ἐξαιρέω	e)caire/w	v2sasm---
ἐξέλῃ	e)ce/lh|	ἐξαιρέω	e)caire/w	v2sase---
ἐξέλῃ	e)ce/lh|	ἐξαιρέω	e)caire/w	v3sasa---
ἐξέπλησσέ	e)ce/plhsse/	ἐκπλήσσω	e)kplh/ssw	v3siia---
ἐξήντλεις	e)ch/ntleis	ἐξαντλέω	e)cantle/w	v2siia---
ἐξώπιος	e)cw/pios	ἐξώπιος	e)cw/pios	n-s---mn-
ἐξώπιος	e)cw/pios	ἐξώπιος	e)cw/pios	n-s---fn-
ἐπαινέσαντες	e)paine/santes	ἐπαινέω	e)paine/w	v-papamn-
ἐπαινέσαντες	e)paine/santes	ἐπαινέω	e)paine/w	v-papamv-
ἐπαλγῶ	e)palgw=	ἐπαλγέω	e)palge/w	v1spsa---
ἐπαλγῶ	e)palgw=	ἐπαλγέω	e)palge/w	v1spia---
ἐπαλγῶ	e)palgw=	ἐπαλγέω	e)palge/w	v1spsa---
ἐπαλγῶ	e)palgw=	ἐπαλγέω	e)palge/w	v1spia---
ἐπαρεῖς	e)parei=s	ἐπαίρω	e)pai/rw	v2sfia---
ἐπαρεῖς	e)parei=s	πάρειμι1	pa/reimi1	v2spia---
ἐπειδάν	e)peida/n	ἐπειδάν	e)peida/n	c--------
ἐπεμβάται	e)pemba/tai	ἐπεμβάτης	e)pemba/ths	n-p---mn-
ἐπεμβάται	e)pemba/tai	ἐπεμβάτης	e)pemba/ths	n-p---mv-
ἐπεμβάται	e)pemba/tai	ἐπεμβάτης	e)pemba/ths	n-s---md-
ἐπεμβάτην	e)pemba/thn	ἐπεμβάτης	e)pemba/ths	n-s---ma-
ἐπεμβάτην	e)pemba/thn	ἐπεμβαίνω	e)pembai/nw	v3daia---
ἐπεμβάτην	e)pemba/thn	ἐπεμβαίνω	e)pembai/nw	v3daia---
ἐπεστράτευσε	e)pestra/teuse	ἐπιστρατεύω	e)pistrateu/w	v3saia---
ἐπεί	e)pei/	ἐπεί	e)pei/	c--------
ἐπηυξάμην	e)phuca/mhn	ἐπεύχομαι	e)peu/xomai	v1saim---
ἐπιμένει	e)pime/nei	ἐπιμένω	e)pime/nw	v2spie---
ἐπιμένει	e)pime/nei	ἐπιμένω	e)pime/nw	v3spia---
ἐπιστήμων	e)pisth/mwn	ἐπίστημος	e)pi/sthmos	n-p---mg-
ἐπιστήμων	e)pisth/mwn	ἐπίστημος	e)pi/sthmos	n-p---fg-
ἐπιστήμων	e)pisth/mwn	ἐπίστημος	e)pi/sthmos	n-p---ng-
ἐπιστήμων	e)pisth/mwn	ἐπιστήμων	e)pisth/mwn	n-s---mn-
ἐπιστήμων	e)pisth/mwn	ἐπιστήμων	e)pisth/mwn	n-s---fn-
ἐπιστήμων	e)pisth/mwn	ἐπιστημόω	e)pisthmo/w	v3piia---
ἐπιστήμων	e)pisth/mwn	ἐπιστημόω	e)pisthmo/w	v1siia---
ἐποίσειν	e)poi/sein	ἐπιφέρω	e)pife/rw	v--fna---
ἐποίσειν	e)poi/sein	ἐποίζω	e)poi/zw	v--fna---
ἐπάθομεν	e)pa/qomen	πάσχω	pa/sxw	v1paia---
ἐπέστη	e)pe/sth	ἐφίστημι	e)fi/sthmi	v1slia---
ἐπέστη	e)pe/sth	ἐφίστημι	e)fi/sthmi	v3saia---
ἐπέσχεν	e)pe/sxen	ἐπώχατο	e)pw/xato	v3saia---
ἐπί	e)pi/	ἐπί	e)pi/	r--------
ἐπίστανται	e)pi/stantai	ἐφίστημι	e)fi/sthmi	v3ppie---
ἐπίστανται	e)pi/stantai	ἐπίσταμαι	e)pi/stamai	v3ppie---
ἐπίσχες	e)pi/sxes	ἐπίσχω	e)pi/sxw	v2spia---
ἐπίσχες	e)pi/sxes	ἐπώχατο	e)pw/xato	v2saia---
ἐπίφθονος	e)pi/fqonos	ἐπίφθονος	e)pi/fqonos	n-s---mn-
ἐπίφθονος	e)pi/fqonos	ἐπίφθονος	e)pi/fqonos	n-s---fn-
ἐπύργωσε	e)pu/rgwse	πυργόω	purgo/w	v3saia---
ἐπῆλθες	e)ph=lqes	ἐπέρχομαι	e)pe/rxomai	v2saia---
ἐραστάς	e)rasta/s	ἐραστής	e)rasth/s	n-p---ma-
ἐραστάς	e)rasta/s	ἐραστής	e)rasth/s	n-s---mn-
ἐραστάς	e)rasta/s	ἐραστός	e)rasto/s	a-p---fa-
ἐραστής	e)rasth/s	ἐραστής	e)rasth/s	n-s---mn-
ἐρεῖ	e)rei=	ἐράομαι	e)ra/omai	v2spie---
ἐρεῖ	e)rei=	ἐρέομαι	e)re/omai	v2spie---
ἐρεῖ	e)rei=	ἐρέω	e)re/w	v2spie---
ἐρεῖ	e)rei=	ἐρέω	e)re/w	v3spia---
ἐρεῖ	e)rei=	ἐρῶ	e)rw=	v2sfim---
ἐρεῖ	e)rei=	ἐρῶ	e)rw=	v3sfia---
ἐρεῖς	e)rei=s	ἐρέω	e)re/w	v2spia---
ἐρεῖς	e)rei=s	ἐρῶ	e)rw=	v2sfia---
ἐρημίαν	e)rhmi/an	ἐρημία	e)rhmi/a	n-s---fa-
ἐροῦσιν	e)rou=sin	ἐρέω	e)re/w	v-pppamd-
ἐροῦσιν	e)rou=sin	ἐρέω	e)re/w	v-pppand-
ἐροῦσιν	e)rou=sin	ἐρέω	e)re/w	v3ppia---
ἐροῦσιν	e)rou=sin	ἐρῶ	e)rw=	v-pfpamd-
ἐροῦσιν	e)rou=sin	ἐρῶ	e)rw=	v-pfpand-
ἐροῦσιν	e)rou=sin	ἐρῶ	e)rw=	v3pfia---
ἐρωτᾶν	e)rwta=n	ἐρωτάω	e)rwta/w	v-sppamv-
ἐρωτᾶν	e)rwta=n	ἐρωτάω	e)rwta/w	v-sppann-
ἐρωτᾶν	e)rwta=n	ἐρωτάω	e)rwta/w	v-sppanv-
ἐρωτᾶν	e)rwta=n	ἐρωτάω	e)rwta/w	v-sppana-
ἐρωτᾶν	e)rwta=n	ἐρωτάω	e)rwta/w	v-sppamn-
ἐρωτᾶν	e)rwta=n	ἐρωτάω	e)rwta/w	v--pna---
ἐρωτᾶν	e)rwta=n	ἐρωτάω	e)rwta/w	v--pna---
ἐρωτᾷς	e)rwta=|s	ἐρωτάω	e)rwta/w	v2spsa---
ἐρωτᾷς	e)rwta=|s	ἐρωτάω	e)rwta/w	v2spia---
ἐρωτῆσαι	e)rwth=sai	ἐρωτάω	e)rwta/w	v--ana---
ἐρήσομαι	e)rh/somai	ἔρομαι	e)/romai	v1sfim---
ἐρήσομαι	e)rh/somai	ἐράομαι	e)ra/omai	v1sase---
ἐρήσομαι	e)rh/somai	ἐράομαι	e)ra/omai	v1sfie---
ἐρήσομαι	e)rh/somai	ἐρέομαι	e)re/omai	v1sase---
ἐρήσομαι	e)rh/somai	ἐρέομαι	e)re/omai	v1sfie---
ἐρήσομαι	e)rh/somai	ἐρέω	e)re/w	v1sasm---
ἐρήσομαι	e)rh/somai	ἐρέω	e)re/w	v1sfim---
ἐρήσομαί	e)rh/somai/	ἔρομαι	e)/romai	v1sfim---
ἐρήσομαί	e)rh/somai/	ἐράομαι	e)ra/omai	v1sase---
ἐρήσομαί	e)rh/somai/	ἐράομαι	e)ra/omai	v1sfie---
ἐρήσομαί	e)rh/somai/	ἐρέομαι	e)re/omai	v1sase---
ἐρήσομαί	e)rh/somai/	ἐρέομαι	e)re/omai	v1sfie---
ἐρήσομαί	e)rh/somai/	ἐρέω	e)re/w	v1sasm---
ἐρήσομαί	e)rh/somai/	ἐρέω	e)re/w	v1sfim---
ἐρῶσα	e)rw=sa	ἐράω1	e)ra/w1	v-sppafn-
ἐρῶσα	e)rw=sa	ἐράω1	e)ra/w1	v-sppafv-
ἐρῶσα	e)rw=sa	ἐράω2	e)ra/w2	v-sppafn-
ἐρῶσα	e)rw=sa	ἐράω2	e)ra/w2	v-sppafv-
ἐρῶσ’	e)rw=s'	ἐράω1	e)ra/w1	v-sppafn-
ἐρῶσ’	e)rw=s'	ἐράω1	e)ra/w1	v-sppafv-
ἐρῶσ’	e)rw=s'	ἐράω1	e)ra/w1	v-pppamd-
ἐρῶσ’	e)rw=s'	ἐράω1	e)ra/w1	v-pppand-
ἐρῶσ’	e)rw=s'	ἐράω1	e)ra/w1	v3ppsa---
ἐρῶσ’	e)rw=s'	ἐράω1	e)ra/w1	v3ppia---
ἐρῶσ’	e)rw=s'	ἐράω1	e)ra/w1	v-pppafn-
ἐρῶσ’	e)rw=s'	ἐράω1	e)ra/w1	v-pppafv-
ἐρῶσ’	e)rw=s'	ἐράω2	e)ra/w2	v-sppafn-
ἐρῶσ’	e)rw=s'	ἐράω2	e)ra/w2	v-sppafv-
ἐρῶσ’	e)rw=s'	ἐράω2	e)ra/w2	v-pppamd-
ἐρῶσ’	e)rw=s'	ἐράω2	e)ra/w2	v-pppand-
ἐρῶσ’	e)rw=s'	ἐράω2	e)ra/w2	v3ppsa---
ἐρῶσ’	e)rw=s'	ἐράω2	e)ra/w2	v3ppia---
ἐρῶσ’	e)rw=s'	ἐράω2	e)ra/w2	v-pppafn-
ἐρῶσ’	e)rw=s'	ἐράω2	e)ra/w2	v-pppafv-
ἐρῶσ’	e)rw=s'	ἐρέω	e)re/w	v3ppsa---
ἐς	e)s	εἰς	ei)s	r--------
ἐσαῦθις	e)sau=qis	εἰσαῦθις	ei)sau=qis	d--------
ἐσβολάς	e)sbola/s	εἰσβολή	ei)sbolh/	n-p---fa-
ἐσεῖδες	e)sei=des	εἰσ-εἶδον	ei)s-ei)=don	v2saia---
ἐσθλά	e)sqla/	ἐσθλός	e)sqlo/s	a-p---nn-
ἐσθλά	e)sqla/	ἐσθλός	e)sqlo/s	a-p---nv-
ἐσθλά	e)sqla/	ἐσθλός	e)sqlo/s	a-p---na-
ἐσθλά	e)sqla/	ἐσθλός	e)sqlo/s	a-d---fn-
ἐσθλά	e)sqla/	ἐσθλός	e)sqlo/s	a-d---fv-
ἐσθλά	e)sqla/	ἐσθλός	e)sqlo/s	a-d---fa-
ἐσθλά	e)sqla/	ἐσθλός	e)sqlo/s	a-s---fn-
ἐσθλά	e)sqla/	ἐσθλός	e)sqlo/s	a-s---fv-
ἐσθλόν	e)sqlo/n	ἐσθλός	e)sqlo/s	a-s---ma-
ἐσθλόν	e)sqlo/n	ἐσθλός	e)sqlo/s	a-s---nn-
ἐσθλόν	e)sqlo/n	ἐσθλός	e)sqlo/s	a-s---nv-
ἐσθλόν	e)sqlo/n	ἐσθλός	e)sqlo/s	a-s---na-
ἐσιγήθη	e)sigh/qh	σιγάω	siga/w	v3saip---
ἐσιδοῦσ’	e)sidou=s'	εἰσ-εἶδον	ei)s-ei)=don	v-sapafn-
ἐσιδοῦσ’	e)sidou=s'	εἰσ-εἶδον	ei)s-ei)=don	v-sapafv-
ἐσιδοῦσ’	e)sidou=s'	εἰσ-εἶδον	ei)s-ei)=don	v-papamd-
ἐσιδοῦσ’	e)sidou=s'	εἰσ-εἶδον	ei)s-ei)=don	v-papand-
ἐσιδοῦσ’	e)sidou=s'	εἰσ-εἶδον	ei)s-ei)=don	v-papafn-
ἐσιδοῦσ’	e)sidou=s'	εἰσ-εἶδον	ei)s-ei)=don	v-papafv-
ἐσιδοῦσ’	e)sidou=s'	εἰσ-ἰδέω	ei)s-i)de/w	v-sppafn-
ἐσιδοῦσ’	e)sidou=s'	εἰσ-ἰδέω	ei)s-i)de/w	v-sppafv-
ἐσιδοῦσ’	e)sidou=s'	εἰσ-ἰδέω	ei)s-i)de/w	v-pppamd-
ἐσιδοῦσ’	e)sidou=s'	εἰσ-ἰδέω	ei)s-i)de/w	v-pppand-
ἐσιδοῦσ’	e)sidou=s'	εἰσ-ἰδέω	ei)s-i)de/w	v3ppia---
ἐσιδοῦσ’	e)sidou=s'	εἰσ-ἰδέω	ei)s-i)de/w	v-pppafn-
ἐσιδοῦσ’	e)sidou=s'	εἰσ-ἰδέω	ei)s-i)de/w	v-pppafv-
ἐσιδέσθαι	e)side/sqai	εἰσ-εἶδον	ei)s-ei)=don	v--anm---
ἐσκευάσμεθα	e)skeua/smeqa	σκευάζω	skeua/zw	v1plie---
ἐσκευάσμεθα	e)skeua/smeqa	σκευάζω	skeua/zw	v1prie---
ἐσορᾶτε	e)sora=te	εἰσοράω	ei)sora/w	v2ppma---
ἐσορᾶτε	e)sora=te	εἰσοράω	ei)sora/w	v2ppsa---
ἐσορᾶτε	e)sora=te	εἰσοράω	ei)sora/w	v2ppia---
ἐσορᾶτε	e)sora=te	εἰσοράω	ei)sora/w	v2piia---
ἐσορῶ	e)sorw=	εἰσοράω	ei)sora/w	v2spmm---
ἐσορῶ	e)sorw=	εἰσοράω	ei)sora/w	v2spme---
ἐσορῶ	e)sorw=	εἰσοράω	ei)sora/w	v1spsa---
ἐσορῶ	e)sorw=	εἰσοράω	ei)sora/w	v1spia---
ἐσορῶ	e)sorw=	εἰσοράω	ei)sora/w	v1spsa---
ἐσορῶ	e)sorw=	εἰσοράω	ei)sora/w	v1spia---
ἐσορῶ	e)sorw=	εἰσοράω	ei)sora/w	v2siie---
ἐσορῶ	e)sorw=	εἰσοράω	ei)sora/w	v2siim---
ἐστι	e)sti	εἰμί	ei)mi/	v3spia---
ἐστιν	e)stin	εἰμί	ei)mi/	v3spia---
ἐστολισμένον	e)stolisme/non	στολίζω	stoli/zw	v-srpema-
ἐστολισμένον	e)stolisme/non	στολίζω	stoli/zw	v-srpenn-
ἐστολισμένον	e)stolisme/non	στολίζω	stoli/zw	v-srpenv-
ἐστολισμένον	e)stolisme/non	στολίζω	stoli/zw	v-srpena-
ἐστράτευσ’	e)stra/teus'	στρατεύω	strateu/w	v1saia---
ἐστράτευσ’	e)stra/teus'	στρατεύω	strateu/w	v2slie---
ἐστράτευσ’	e)stra/teus'	στρατεύω	strateu/w	v2srme---
ἐστράτευσ’	e)stra/teus'	στρατεύω	strateu/w	v2slie---
ἐστράτευσ’	e)stra/teus'	στρατεύω	strateu/w	v2srme---
ἐστράτευσ’	e)stra/teus'	στρατεύω	strateu/w	v3saia---
ἐστράτευσ’	e)stra/teus'	στρατεύω	strateu/w	v2srie---
ἐστράτευσ’	e)stra/teus'	στρατεύω	strateu/w	v2srie---
ἐστί	e)sti/	εἰμί	ei)mi/	v3spia---
ἐστίν	e)sti/n	εἰμί	ei)mi/	v3spia---
ἐσφενδόνα	e)sfendo/na	σφενδονάω	sfendona/w	v3siia---
ἐσφάλη	e)sfa/lh	σφάλλω	sfa/llw	v3saip---
ἐσφέρει	e)sfe/rei	εἰσφέρω	ei)sfe/rw	v2spie---
ἐσφέρει	e)sfe/rei	εἰσφέρω	ei)sfe/rw	v3spia---
ἐσχάραις	e)sxa/rais	ἐσχάρα	e)sxa/ra	n-p---fd-
ἐσχάραις	e)sxa/rais	ἐσχάρα	e)sxa/ra	n-p---fd-
ἐσχάραν	e)sxa/ran	ἐσχάρα	e)sxa/ra	n-s---fa-
ἐσχάραν	e)sxa/ran	ἐσχάρα	e)sxa/ra	n-s---fa-
ἐτόλμησ’	e)to/lmhs'	τολμάω	tolma/w	v1saia---
ἐτόλμησ’	e)to/lmhs'	τολμάω	tolma/w	v2siie---
ἐτόλμησ’	e)to/lmhs'	τολμάω	tolma/w	v3saia---
ἐφεῖτο	e)fei=to	ἐφέζομαι	e)fe/zomai	v3slie---
ἐφεῖτο	e)fei=to	ἐφίημι	e)fi/hmi	v3saim---
ἐφεῖτο	e)fei=to	ἐφίημι	e)fi/hmi	v3slie---
ἐφεῖτο	e)fei=to	ἐπιέννυμι	e)pie/nnumi	v3slip---
ἐφημένην	e)fhme/nhn	ἐπί-ἧμαι	e)pi/-h(=mai	v-srpmfa-
ἐφηυρέθης	e)fhure/qhs	ἐφευρίσκω	e)feuri/skw	v2saip---
ἐφρουρεῖτ’	e)frourei=t'	φρουρέω	froure/w	v3siie---
ἐφρουρεῖτ’	e)frourei=t'	φρουρέω	froure/w	v2piia---
ἐφρούρει	e)frou/rei	φρουρέω	froure/w	v3siia---
ἐφέστασαν	e)fe/stasan	ἐφίστημι	e)fi/sthmi	v3plia---
ἐφέστηκας	e)fe/sthkas	ἐφίστημι	e)fi/sthmi	v2sria---
ἐχθρούς	e)xqrou/s	ἐχθρός	e)xqro/s	a-p---ma-
ἐχθρά	e)xqra/	ἐχθρός	e)xqro/s	a-p---nn-
ἐχθρά	e)xqra/	ἐχθρός	e)xqro/s	a-p---nv-
ἐχθρά	e)xqra/	ἐχθρός	e)xqro/s	a-p---na-
ἐχθρά	e)xqra/	ἐχθρός	e)xqro/s	a-d---fn-
ἐχθρά	e)xqra/	ἐχθρός	e)xqro/s	a-d---fv-
ἐχθρά	e)xqra/	ἐχθρός	e)xqro/s	a-d---fa-
ἐχθρά	e)xqra/	ἐχθρός	e)xqro/s	a-s---fn-
ἐχθρά	e)xqra/	ἐχθρός	e)xqro/s	a-s---fv-
ἐχθρόν	e)xqro/n	ἐχθρός	e)xqro/s	a-s---ma-
ἐχθρόν	e)xqro/n	ἐχθρός	e)xqro/s	a-s---nn-
ἐχθρόν	e)xqro/n	ἐχθρός	e)xqro/s	a-s---nv-
ἐχθρόν	e)xqro/n	ἐχθρός	e)xqro/s	a-s---na-
ἐχούσας	e)xou/sas	ἔχω	e)/xw	v-pppafa-
ἐχούσας	e)xou/sas	ἔχω	e)/xw	v-sppafg-
ἐχρῄζομεν	e)xrh/|zomen	χρῄζω	xrh/|zw	v1piia---
ἐχρῆν	e)xrh=n	χρή	xrh/	v3siia---
ἐάσατ’	e)a/sat'	ἐάω	e)a/w	v2pama---
ἐάσατ’	e)a/sat'	ἐάω	e)a/w	v3saim---
ἐάσατ’	e)a/sat'	ἐάω	e)a/w	v2paia---
ἐᾶν	e)a=n	ἐάω	e)a/w	v-sppamv-
ἐᾶν	e)a=n	ἐάω	e)a/w	v-sppann-
ἐᾶν	e)a=n	ἐάω	e)a/w	v-sppanv-
ἐᾶν	e)a=n	ἐάω	e)a/w	v-sppana-
ἐᾶν	e)a=n	ἐάω	e)a/w	v-sppamn-
ἐᾶν	e)a=n	ἐάω	e)a/w	v--pna---
ἐᾶν	e)a=n	ἐάω	e)a/w	v--pna---
ἐῶσί	e)w=si/	ἐάω	e)a/w	v-pppamd-
ἐῶσί	e)w=si/	ἐάω	e)a/w	v-pppand-
ἐῶσί	e)w=si/	ἐάω	e)a/w	v3ppsa---
ἐῶσί	e)w=si/	ἐάω	e)a/w	v3ppia---
ἑκούσιον	e(kou/sion	ἑκούσιος	e(kou/sios	a-s---ma-
ἑκούσιον	e(kou/sion	ἑκούσιος	e(kou/sios	a-s---nn-
ἑκούσιον	e(kou/sion	ἑκούσιος	e(kou/sios	a-s---nv-
ἑκούσιον	e(kou/sion	ἑκούσιος	e(kou/sios	a-s---na-
ἑκούσιον	e(kou/sion	ἑκούσιος	e(kou/sios	n-s---ma-
ἑκούσιον	e(kou/sion	ἑκούσιος	e(kou/sios	n-s---fa-
ἑκούσιον	e(kou/sion	ἑκούσιος	e(kou/sios	n-s---nn-
ἑκούσιον	e(kou/sion	ἑκούσιος	e(kou/sios	n-s---nv-
ἑκούσιον	e(kou/sion	ἑκούσιος	e(kou/sios	n-s---na-
ἑκοῦσά	e(kou=sa/	ἑκών	e(kw/n	a-s---fn-
ἑκοῦσά	e(kou=sa/	ἑκών	e(kw/n	a-s---fv-
ἑλών	e(lw/n	αἱρέω	ai(re/w	v-sapamn-
ἑνός	e(no/s	εἷς	ei(=s	n-s---mg-
ἑνός	e(no/s	εἷς	ei(=s	n-s---ng-
ἑπταστόμους	e(ptasto/mous	ἑπτάστομος	e(pta/stomos	n-p---ma-
ἑπταστόμους	e(ptasto/mous	ἑπτάστομος	e(pta/stomos	n-p---fa-
ἑπτά	e(pta/	ἑπτά	e(pta/	m--------
ἑπτά	e(pta/	ἑπτάς	e(pta/s	n-s---fv-
ἑστιοῦχ’	e(stiou=x'	ἑστιοῦχος	e(stiou=xos	n-p---nn-
ἑστιοῦχ’	e(stiou=x'	ἑστιοῦχος	e(stiou=xos	n-p---nv-
ἑστιοῦχ’	e(stiou=x'	ἑστιοῦχος	e(stiou=xos	n-p---na-
ἑστιοῦχ’	e(stiou=x'	ἑστιοῦχος	e(stiou=xos	n-s---mv-
ἑστιοῦχ’	e(stiou=x'	ἑστιοῦχος	e(stiou=xos	n-s---fv-
ἑστώς	e(stw/s	ἵστημι	i(/sthmi	v-srpamn-
ἑστώς	e(stw/s	ἵστημι	i(/sthmi	v-srpamv-
ἑτοιμάζουσι	e(toima/zousi	ἑτοιμάζω	e(toima/zw	v-pppamd-
ἑτοιμάζουσι	e(toima/zousi	ἑτοιμάζω	e(toima/zw	v-pppand-
ἑτοιμάζουσι	e(toima/zousi	ἑτοιμάζω	e(toima/zw	v3ppia---
ἔ	e)/	ἒ	e)\	x--------
ἔα	e)/a	ἔα	e)/a	x--------
ἔα	e)/a	ἐάω	e)a/w	v2spma---
ἔα	e)/a	ἐάω	e)a/w	v3siia---
ἔα	e)/a	εἰμί	ei)mi/	v1siia---
ἔβαλλε	e)/balle	βάλλω	ba/llw	v3siia---
ἔβαν	e)/ban	βαίνω	bai/nw	v3paia---
ἔβαν	e)/ban	βαίνω	bai/nw	v3paia---
ἔβαν	e)/ban	βαίνω	bai/nw	v1saia---
ἔβαν	e)/ban	βαίνω	bai/nw	v1saia---
ἔβας	e)/bas	βαίνω	bai/nw	v2saia---
ἔβας	e)/bas	βαίνω	bai/nw	v2saia---
ἔβλαψ’	e)/blay'	βλάπτω	bla/ptw	v1saia---
ἔβλαψ’	e)/blay'	βλάπτω	bla/ptw	v2slie---
ἔβλαψ’	e)/blay'	βλάπτω	bla/ptw	v2srme---
ἔβλαψ’	e)/blay'	βλάπτω	bla/ptw	v3saia---
ἔβλαψ’	e)/blay'	βλάπτω	bla/ptw	v2srie---
ἔγγραψον	e)/ggrayon	ἐγγράφω	e)ggra/fw	v2sama---
ἔγχος	e)/gxos	ἔγχος	e)/gxos	n-s---nn-
ἔγχος	e)/gxos	ἔγχος	e)/gxos	n-s---nv-
ἔγχος	e)/gxos	ἔγχος	e)/gxos	n-s---na-
ἔγωγε	e)/gwge	ἐγώ	e)gw/	p-s---mn-
ἔγωγε	e)/gwge	ἐγώ	e)gw/	p-s---mv-
ἔγωγε	e)/gwge	ἐγώ	e)gw/	p-s---fn-
ἔγωγε	e)/gwge	ἐγώ	e)gw/	p-s---fv-
ἔδει	e)/dei	δέω1	de/w1	v3siia---
ἔδει	e)/dei	δέω2	de/w2	v3siia---
ἔδει	e)/dei	δεῖ	dei=	v3siia---
ἔδει	e)/dei	ἔδω	e)/dw	v2sfim---
ἔδει	e)/dei	ἔδω	e)/dw	v2spie---
ἔδει	e)/dei	ἔδω	e)/dw	v3spia---
ἔδει	e)/dei	ἐσθίω	e)sqi/w	v2sfim---
ἔδωκας	e)/dwkas	δίδωμι	di/dwmi	v2saia---
ἔθαψε	e)/qaye	θάπτω	qa/ptw	v3saia---
ἔθαψέ	e)/qaye/	θάπτω	qa/ptw	v3saia---
ἔθιγέ	e)/qige/	θιγγάνω	qigga/nw	v3saia---
ἔθος	e)/qos	ἔθος	e)/qos	n-s---nn-
ἔθος	e)/qos	ἔθος	e)/qos	n-s---nv-
ἔθος	e)/qos	ἔθος	e)/qos	n-s---na-
ἔθ’	e)/q'	ἔθω	e)/qw	v2spma---
ἔθ’	e)/q'	ἔθω	e)/qw	v3siia---
ἔθ’	e)/q'	ἔται	e)/tai	n-p---mn-
ἔθ’	e)/q'	ἔται	e)/tai	n-p---mv-
ἔθ’	e)/q'	ἔτης	e)/ths	n-s---mv-
ἔθ’	e)/q'	ἔτης	e)/ths	n-s---mn-
ἔθ’	e)/q'	ἔτης	e)/ths	n-p---mn-
ἔθ’	e)/q'	ἔτης	e)/ths	n-p---mv-
ἔθ’	e)/q'	ἔτης	e)/ths	n-s---md-
ἔθ’	e)/q'	ἔτι	e)/ti	d--------
ἔκ	e)/k	ἐκ	e)k	r--------
ἔκειτ’	e)/keit'	κεῖμαι	kei=mai	v3siie---
ἔκλαυσα	e)/klausa	κλαίω	klai/w	v1saia---
ἔκλινε	e)/kline	κλίνω	kli/nw	v3saia---
ἔκλινε	e)/kline	κλίνω	kli/nw	v3siia---
ἔκτεινον	e)/kteinon	ἐκτείνω	e)ktei/nw	v2sama---
ἔκτεινον	e)/kteinon	ἐκτείνω	e)ktei/nw	v3piia---
ἔκτεινον	e)/kteinon	ἐκτείνω	e)ktei/nw	v1siia---
ἔκτεινον	e)/kteinon	κτείνω	ktei/nw	v3piia---
ἔκτεινον	e)/kteinon	κτείνω	ktei/nw	v1siia---
ἔλασσον	e)/lasson	ἐλάσσων	e)la/sswn	a-s---mv-
ἔλασσον	e)/lasson	ἐλάσσων	e)la/sswn	a-s---fv-
ἔλασσον	e)/lasson	ἐλάσσων	e)la/sswn	a-s---nn-
ἔλασσον	e)/lasson	ἐλάσσων	e)la/sswn	a-s---nv-
ἔλασσον	e)/lasson	ἐλάσσων	e)la/sswn	a-s---na-
ἔλασσον	e)/lasson	ἐλαύνω	e)lau/nw	v2sama---
ἔλεξας	e)/lecas	λέγω1	le/gw1	v2saia---
ἔλεξας	e)/lecas	λέγω3	le/gw3	v2saia---
ἔλεξε	e)/lece	λέγω1	le/gw1	v3saia---
ἔλεξε	e)/lece	λέγω3	le/gw3	v3saia---
ἔλθε	e)/lqe	ἔρχομαι	e)/rxomai	v2sama---
ἔλθε	e)/lqe	ἔρχομαι	e)/rxomai	v3saia---
ἔλθε	e)/lqe	ἔρχομαι	e)/rxomai	v3saia---
ἔλθοι	e)/lqoi	ἔρχομαι	e)/rxomai	v3saoa---
ἔλθωσιν	e)/lqwsin	ἔρχομαι	e)/rxomai	v3pasa---
ἔλθωσιν	e)/lqwsin	ἔρχομαι	e)/rxomai	v3pasa---
ἔλθῃ	e)/lqh|	ἔρχομαι	e)/rxomai	v2sasm---
ἔλθῃ	e)/lqh|	ἔρχομαι	e)/rxomai	v3sasa---
ἔλθῃ	e)/lqh|	ἔρχομαι	e)/rxomai	v3sasa---
ἔλιπεν	e)/lipen	λείπω	lei/pw	v3saia---
ἔλιπεν	e)/lipen	λίπτομαι	li/ptomai	v3paie---
ἔμμοχθον	e)/mmoxqon	ἔμμοχθος	e)/mmoxqos	n-s---ma-
ἔμμοχθον	e)/mmoxqon	ἔμμοχθος	e)/mmoxqos	n-s---fa-
ἔμμοχθον	e)/mmoxqon	ἔμμοχθος	e)/mmoxqos	n-s---nn-
ἔμμοχθον	e)/mmoxqon	ἔμμοχθος	e)/mmoxqos	n-s---nv-
ἔμμοχθον	e)/mmoxqon	ἔμμοχθος	e)/mmoxqos	n-s---na-
ἔμολον	e)/molon	βλώσκω	blw/skw	v3paia---
ἔμολον	e)/molon	βλώσκω	blw/skw	v1saia---
ἔμ’	e)/m'	ἐγώ	e)gw/	p-s---ma-
ἔμ’	e)/m'	ἐγώ	e)gw/	p-s---fa-
ἔμ’	e)/m'	ἐμός	e)mo/s	a-p---nn-
ἔμ’	e)/m'	ἐμός	e)mo/s	a-p---nv-
ἔμ’	e)/m'	ἐμός	e)mo/s	a-p---na-
ἔμ’	e)/m'	ἐμός	e)mo/s	a-d---fn-
ἔμ’	e)/m'	ἐμός	e)mo/s	a-d---fv-
ἔμ’	e)/m'	ἐμός	e)mo/s	a-d---fa-
ἔμ’	e)/m'	ἐμός	e)mo/s	a-s---fn-
ἔμ’	e)/m'	ἐμός	e)mo/s	a-s---fv-
ἔμ’	e)/m'	ἐμός	e)mo/s	a-s---mv-
ἔμ’	e)/m'	ἐμός	e)mo/s	a-p---fn-
ἔμ’	e)/m'	ἐμός	e)mo/s	a-p---fv-
ἔν	e)/n	ἐν	e)n	r--------
ἔν	e)/n	εἰμί	ei)mi/	v3piia---
ἔν	e)/n	εἰς	ei)s	r--------
ἔναρον	e)/naron	ἔναρος	e)/naros	n-s---ma-
ἔναρον	e)/naron	ἔναρος	e)/naros	n-s---fa-
ἔναρον	e)/naron	ἔναρος	e)/naros	n-s---nn-
ἔναρον	e)/naron	ἔναρος	e)/naros	n-s---nv-
ἔναρον	e)/naron	ἔναρος	e)/naros	n-s---na-
ἔναρον	e)/naron	ἐναίρω	e)nai/rw	v3paia---
ἔναρον	e)/naron	ἐναίρω	e)nai/rw	v1saia---
ἔνδικα	e)/ndika	ἔνδικος	e)/ndikos	a-p---nn-
ἔνδικα	e)/ndika	ἔνδικος	e)/ndikos	a-p---nv-
ἔνδικα	e)/ndika	ἔνδικος	e)/ndikos	a-p---na-
ἔνδικα	e)/ndika	ἔνδικος	e)/ndikos	n-p---nn-
ἔνδικα	e)/ndika	ἔνδικος	e)/ndikos	n-p---nv-
ἔνδικα	e)/ndika	ἔνδικος	e)/ndikos	n-p---na-
ἔνερθε	e)/nerqe	ἔνερθε	e)/nerqe	r--------
ἔνεστι	e)/nesti	ἐν-εἰμί	e)n-ei)mi/	v3spia---
ἔνεστιν	e)/nestin	ἐν-εἰμί	e)n-ei)mi/	v3spia---
ἔνθα	e)/nqa	ἔνθα	e)/nqa	d--------
ἔνθεν	e)/nqen	ἔνθεν	e)/nqen	d--------
ἔνθεν	e)/nqen	ἔρχομαι	e)/rxomai	v3saia---
ἔνθ’	e)/nq'	ἔνθα	e)/nqa	d--------
ἔνθ’	e)/nq'	ἔρχομαι	e)/rxomai	v2sama---
ἔνθ’	e)/nq'	ἔρχομαι	e)/rxomai	v3saia---
ἔνθ’	e)/nq'	εἰμί	ei)mi/	v3ppia---
ἔνθ’	e)/nq'	εἰμί	ei)mi/	v3spia---
ἔνιψεν	e)/niyen	ἐνίπτω	e)ni/ptw	v3saia---
ἔνιψεν	e)/niyen	νίφω	ni/fw	v3saia---
ἔνιψεν	e)/niyen	νίζω	ni/zw	v3saia---
ἔξεστιν	e)/cestin	ἔξεστι	e)/cesti	v3spia---
ἔξω	e)/cw	ἔξω	e)/cw	d--------
ἔξω	e)/cw	ἔσσομαι	e)/ssomai	v2saie---
ἔοικεν	e)/oiken	ἔοικα	e)/oika	v3sria---
ἔοικεν	e)/oiken	ἔοικα	e)/oika	v3plia---
ἔπαινον	e)/painon	ἔπαινος	e)/painos	n-s---ma-
ἔπαιρε	e)/paire	ἐπαίρω	e)pai/rw	v2spma---
ἔπαιρε	e)/paire	ἐπαίρω	e)pai/rw	v3siia---
ἔπειτα	e)/peita	ἔπειτα	e)/peita	d--------
ἔπεμψεν	e)/pemyen	πέμπω	pe/mpw	v3saia---
ἔπη	e)/ph	ἔπος	e)/pos	n-p---nn-
ἔπη	e)/ph	ἔπος	e)/pos	n-p---nv-
ἔπη	e)/ph	ἔπος	e)/pos	n-p---na-
ἔπη	e)/ph	ἔπος	e)/pos	n-d---nn-
ἔπη	e)/ph	ἔπος	e)/pos	n-d---nv-
ἔπη	e)/ph	ἔπος	e)/pos	n-d---na-
ἔπι	e)/pi	ἐπί	e)pi/	r--------
ἔπος	e)/pos	ἔπος	e)/pos	n-s---nn-
ἔπος	e)/pos	ἔπος	e)/pos	n-s---nv-
ἔπος	e)/pos	ἔπος	e)/pos	n-s---na-
ἔπτηξε	e)/pthce	πτήσσω	pth/ssw	v3saia---
ἔρανον	e)/ranon	ἔρανος	e)/ranos	n-s---ma-
ἔργοις	e)/rgois	ἔργον	e)/rgon	n-p---nd-
ἔργον	e)/rgon	ἔργνυμι	e)/rgnumi	v-sppamv-
ἔργον	e)/rgon	ἔργνυμι	e)/rgnumi	v-sppann-
ἔργον	e)/rgon	ἔργνυμι	e)/rgnumi	v-sppanv-
ἔργον	e)/rgon	ἔργνυμι	e)/rgnumi	v-sppana-
ἔργον	e)/rgon	ἔργον	e)/rgon	n-s---nn-
ἔργον	e)/rgon	ἔργον	e)/rgon	n-s---nv-
ἔργον	e)/rgon	ἔργον	e)/rgon	n-s---na-
ἔργων	e)/rgwn	ἔργνυμι	e)/rgnumi	v-sppamn-
ἔργων	e)/rgwn	ἔργον	e)/rgon	n-p---ng-
ἔρημα	e)/rhma	ἐρῆμος	e)rh=mos	n-p---nn-
ἔρημα	e)/rhma	ἐρῆμος	e)rh=mos	n-p---nv-
ἔρημα	e)/rhma	ἐρῆμος	e)rh=mos	n-p---na-
ἔρημον	e)/rhmon	ἐρῆμος	e)rh=mos	n-s---ma-
ἔρημον	e)/rhmon	ἐρῆμος	e)rh=mos	n-s---fa-
ἔρημον	e)/rhmon	ἐρῆμος	e)rh=mos	n-s---nn-
ἔρημον	e)/rhmon	ἐρῆμος	e)rh=mos	n-s---nv-
ἔρημον	e)/rhmon	ἐρῆμος	e)rh=mos	n-s---na-
ἔρημος	e)/rhmos	ἐρῆμος	e)rh=mos	n-s---mn-
ἔρημος	e)/rhmos	ἐρῆμος	e)rh=mos	n-s---fn-
ἔρημά	e)/rhma/	ἐρῆμος	e)rh=mos	n-p---nn-
ἔρημά	e)/rhma/	ἐρῆμος	e)rh=mos	n-p---nv-
ἔρημά	e)/rhma/	ἐρῆμος	e)rh=mos	n-p---na-
ἔρρειν	e)/rrein	ἔρρω	e)/rrw	v--pna---
ἔρρηξε	e)/rrhce	ῥήγνυμι	r(h/gnumi	v3saia---
ἔρρηξε	e)/rrhce	ῥήσσω	r(h/ssw	v3saia---
ἔρχεται	e)/rxetai	ἔρχομαι	e)/rxomai	v3spie---
ἔρχομαι	e)/rxomai	ἔρχομαι	e)/rxomai	v1spie---
ἔρως	e)/rws	ἔροσ1	e)/ros1	n-p---ma-
ἔρως	e)/rws	ἔρως	e)/rws	n-s---mn-
ἔρωτα	e)/rwta	ἔρως	e)/rws	n-s---ma-
ἔς	e)/s	εἰς	ei)s	r--------
ἔσπευσας	e)/speusas	σπεύδω	speu/dw	v2saia---
ἔσται	e)/stai	εἰμί	ei)mi/	v3sfim---
ἔστε	e)/ste	ἔστε	e)/ste	c--------
ἔστε	e)/ste	εἰμί	ei)mi/	v2ppia---
ἔστε	e)/ste	εἰμί	ei)mi/	v2ppma---
ἔστην	e)/sthn	ἵστημι	i(/sthmi	v3paia---
ἔστην	e)/sthn	ἵστημι	i(/sthmi	v1saia---
ἔστησαν	e)/sthsan	ἵστημι	i(/sthmi	v3paia---
ἔστησαν	e)/sthsan	ἵστημι	i(/sthmi	v3paia---
ἔστησεν	e)/sthsen	ἵστημι	i(/sthmi	v3saia---
ἔστι	e)/sti	εἰμί	ei)mi/	v3spia---
ἔστιν	e)/stin	εἰμί	ei)mi/	v3spia---
ἔστρεφον	e)/strefon	στρέφω	stre/fw	v3piia---
ἔστρεφον	e)/strefon	στρέφω	stre/fw	v1siia---
ἔσχ’	e)/sx'	ἔχω	e)/xw	v3saia---
ἔσχ’	e)/sx'	εἰμί	ei)mi/	v3siia---
ἔσω	e)/sw	ἔσω	e)/sw	r--------
ἔτεινον	e)/teinon	τείνω	tei/nw	v3piia---
ἔτεινον	e)/teinon	τείνω	tei/nw	v1siia---
ἔτεκες	e)/tekes	τίκτω	ti/ktw	v2saia---
ἔτεκον	e)/tekon	τίκτω	ti/ktw	v3paia---
ἔτεκον	e)/tekon	τίκτω	ti/ktw	v1saia---
ἔτι	e)/ti	ἔτι	e)/ti	d--------
ἔτλην	e)/tlhn	τλάω	tla/w	v3paia---
ἔτλην	e)/tlhn	τλάω	tla/w	v1saia---
ἔτλησαν	e)/tlhsan	τλάω	tla/w	v3paia---
ἔτρεφον	e)/trefon	τρέφω	tre/fw	v3piia---
ἔτρεφον	e)/trefon	τρέφω	tre/fw	v1siia---
ἔτρεψαν	e)/treyan	τρέπω	tre/pw	v3paia---
ἔφασκεν	e)/fasken	φάσκω	fa/skw	v3siia---
ἔφερεν	e)/feren	φέρω	fe/rw	v3siia---
ἔφερον	e)/feron	φέρω	fe/rw	v3piia---
ἔφερον	e)/feron	φέρω	fe/rw	v1siia---
ἔφη	e)/fh	φημί	fhmi/	v3siia---
ἔφυ	e)/fu	φύω	fu/w	v3saia---
ἔφυς	e)/fus	φύω	fu/w	v2saia---
ἔφυσαν	e)/fusan	ἐφύω	e)fu/w	v3paia---
ἔφυσαν	e)/fusan	φύω	fu/w	v3paia---
ἔφυσαν	e)/fusan	φύω	fu/w	v3paia---
ἔφυσαν	e)/fusan	φύζω	fu/zw	v3paia---
ἔφυσεν	e)/fusen	ἐφύω	e)fu/w	v3saia---
ἔφυσεν	e)/fusen	φύω	fu/w	v3saia---
ἔφυσεν	e)/fusen	φύζω	fu/zw	v3saia---
ἔχαιρε	e)/xaire	χαίρω	xai/rw	v3siia---
ἔχε	e)/xe	ἔχω	e)/xw	v2spma---
ἔχε	e)/xe	ἔχω	e)/xw	v3siia---
ἔχει	e)/xei	ἔχις	e)/xis	n-d---mn-
ἔχει	e)/xei	ἔχις	e)/xis	n-d---mv-
ἔχει	e)/xei	ἔχις	e)/xis	n-d---ma-
ἔχει	e)/xei	ἔχις	e)/xis	n-s---md-
ἔχει	e)/xei	ἔχις	e)/xis	n-s---md-
ἔχει	e)/xei	ἔχω	e)/xw	v2spie---
ἔχει	e)/xei	ἔχω	e)/xw	v3spia---
ἔχει	e)/xei	χάω	xa/w	v3siia---
ἔχει	e)/xei	χέω	xe/w	v3siia---
ἔχειν	e)/xein	ἔχω	e)/xw	v--pna---
ἔχεις	e)/xeis	ἔχις	e)/xis	n-p---mn-
ἔχεις	e)/xeis	ἔχις	e)/xis	n-p---mv-
ἔχεις	e)/xeis	ἔχις	e)/xis	n-p---mn-
ἔχεις	e)/xeis	ἔχις	e)/xis	n-p---ma-
ἔχεις	e)/xeis	ἔχω	e)/xw	v2spia---
ἔχεις	e)/xeis	χάω	xa/w	v2siia---
ἔχεις	e)/xeis	χέω	xe/w	v2siia---
ἔχετε	e)/xete	ἔχω	e)/xw	v2ppma---
ἔχετε	e)/xete	ἔχω	e)/xw	v2ppia---
ἔχετε	e)/xete	ἔχω	e)/xw	v2piia---
ἔχοιμεν	e)/xoimen	ἔχω	e)/xw	v1ppoa---
ἔχοιμ’	e)/xoim'	ἔχω	e)/xw	v1spoa---
ἔχομεν	e)/xomen	ἔχω	e)/xw	v1ppia---
ἔχομεν	e)/xomen	ἔχω	e)/xw	v1piia---
ἔχον	e)/xon	ἔχω	e)/xw	v-sppamv-
ἔχον	e)/xon	ἔχω	e)/xw	v-sppann-
ἔχον	e)/xon	ἔχω	e)/xw	v-sppanv-
ἔχον	e)/xon	ἔχω	e)/xw	v-sppana-
ἔχον	e)/xon	ἔχω	e)/xw	v3piia---
ἔχον	e)/xon	ἔχω	e)/xw	v1siia---
ἔχοντας	e)/xontas	ἔχω	e)/xw	v-pppama-
ἔχοντες	e)/xontes	ἔχω	e)/xw	v-pppamn-
ἔχοντες	e)/xontes	ἔχω	e)/xw	v-pppamv-
ἔχουσα	e)/xousa	ἔχω	e)/xw	v-sppafn-
ἔχουσα	e)/xousa	ἔχω	e)/xw	v-sppafv-
ἔχουσαι	e)/xousai	ἔχω	e)/xw	v-pppafn-
ἔχουσαι	e)/xousai	ἔχω	e)/xw	v-pppafv-
ἔχουσ’	e)/xous'	ἔχω	e)/xw	v-sppafn-
ἔχουσ’	e)/xous'	ἔχω	e)/xw	v-sppafv-
ἔχουσ’	e)/xous'	ἔχω	e)/xw	v-pppamd-
ἔχουσ’	e)/xous'	ἔχω	e)/xw	v-pppand-
ἔχουσ’	e)/xous'	ἔχω	e)/xw	v3ppia---
ἔχουσ’	e)/xous'	ἔχω	e)/xw	v-pppafn-
ἔχουσ’	e)/xous'	ἔχω	e)/xw	v-pppafv-
ἔχω	e)/xw	ἔχω	e)/xw	v1spsa---
ἔχω	e)/xw	ἔχω	e)/xw	v1spia---
ἔχω	e)/xw	χόω	xo/w	v3siia---
ἔχων	e)/xwn	ἔχω	e)/xw	v-sppamn-
ἔχων	e)/xwn	χάω	xa/w	v3piia---
ἔχων	e)/xwn	χάω	xa/w	v1siia---
ἔχων	e)/xwn	χόω	xo/w	v3piia---
ἔχων	e)/xwn	χόω	xo/w	v1siia---
ἔχῃ	e)/xh|	ἔχις	e)/xis	n-s---md-
ἔχῃ	e)/xh|	ἔχω	e)/xw	v2spse---
ἔχῃ	e)/xh|	ἔχω	e)/xw	v2spie---
ἔχῃ	e)/xh|	ἔχω	e)/xw	v3spsa---
ἕκαστον	e(/kaston	ἕκαστος	e(/kastos	a-s---ma-
ἕκαστον	e(/kaston	ἕκαστος	e(/kastos	a-s---nn-
ἕκαστον	e(/kaston	ἕκαστος	e(/kastos	a-s---nv-
ἕκαστον	e(/kaston	ἕκαστος	e(/kastos	a-s---na-
ἕκαστος	e(/kastos	ἕκαστος	e(/kastos	a-s---mn-
ἕλοι	e(/loi	αἱρέω	ai(re/w	v3saoa---
ἕν	e(/n	εἷς	ei(=s	n-s---nn-
ἕν	e(/n	εἷς	ei(=s	n-s---nv-
ἕν	e(/n	εἷς	ei(=s	n-s---na-
ἕν	e(/n	ἵημι	i(/hmi	v3paia---
ἕν	e(/n	ἵημι	i(/hmi	v-sapann-
ἕν	e(/n	ἵημι	i(/hmi	v-sapanv-
ἕν	e(/n	ἵημι	i(/hmi	v-sapana-
ἕνα	e(/na	ἕνος	e(/nos	a-p---nn-
ἕνα	e(/na	ἕνος	e(/nos	a-p---nv-
ἕνα	e(/na	ἕνος	e(/nos	a-p---na-
ἕνα	e(/na	ἕνος	e(/nos	a-d---fn-
ἕνα	e(/na	ἕνος	e(/nos	a-d---fv-
ἕνα	e(/na	ἕνος	e(/nos	a-d---fa-
ἕνα	e(/na	ἕνος	e(/nos	a-s---fn-
ἕνα	e(/na	ἕνος	e(/nos	a-s---fv-
ἕνα	e(/na	εἷς	ei(=s	n-s---ma-
ἕξει	e(/cei	ἕξις	e(/cis	n-d---fn-
ἕξει	e(/cei	ἕξις	e(/cis	n-d---fv-
ἕξει	e(/cei	ἕξις	e(/cis	n-d---fa-
ἕξει	e(/cei	ἕξις	e(/cis	n-s---fd-
ἕξει	e(/cei	ἕξις	e(/cis	n-s---fd-
ἕξει	e(/cei	ἔχω	e)/xw	v2sfim---
ἕξει	e(/cei	ἔχω	e)/xw	v3sfia---
ἕξομεν	e(/comen	ἔχω	e)/xw	v1pfia---
ἕστακα	e(/staka	ἵστημι	i(/sthmi	v1sria---
ἕστηκε	e(/sthke	ἵστημι	i(/sthmi	v2srma---
ἕστηκε	e(/sthke	ἵστημι	i(/sthmi	v3sria---
Ἐλευσῖνος	*)eleusi=nos	Ἐλευσίς	*)eleusi/s	n-s---fg-
Ἐρεχθειδῶν	*)erexqeidw=n	Ἐρεχθείδης	*)erexqei/dhs	n-p---mg-
Ἐρεχθειδῶν	*)erexqeidw=n	Ἐρεχθεῖδαι	*)erexqei=dai	n-p---mg-
Ἐρεχθείδαις	*)erexqei/dais	Ἐρεχθείδης	*)erexqei/dhs	n-p---md-
Ἐρεχθείδαις	*)erexqei/dais	Ἐρεχθεῖδαι	*)erexqei=dai	n-p---md-
Ἐρεχθείδαισιν	*)erexqei/daisin	Ἐρεχθείδης	*)erexqei/dhs	n-p---md-
Ἐρεχθείδαισιν	*)erexqei/daisin	Ἐρεχθεῖδαι	*)erexqei=dai	n-p---md-
Ἐρινύς	*)erinu/s	Ἐρινύς	*)erinu/s	n-s---fn-
Ἐρινύς	*)erinu/s	Ἐρινύς	*)erinu/s	n-s---fn-
Ἐτεοκλέους	*)eteokle/ous	Ἐτεοκλῆς	*)eteoklh=s	n-s---mg-
Ἐτέοκλον	*)ete/oklon	Ἐτέοκλος	*)ete/oklos	n-s---ma-
Ἑλλάδα	*(ella/da	Ἑλλάς	*(ella/s	n-s---fa-
Ἑλλάδι	*(ella/di	Ἑλλάς	*(ella/s	n-s---fd-
Ἑλλάδος	*(ella/dos	Ἑλλάς	*(ella/s	n-s---fg-
Ἑλλάδ’	*(ella/d'	Ἑλλάς	*(ella/s	n-s---fa-
Ἑλλάδ’	*(ella/d'	Ἑλλάς	*(ella/s	n-s---fd-
Ἑλλάδ’	*(ella/d'	Ἑλλάς	*(ella/s	n-d---fn-
Ἑλλάδ’	*(ella/d'	Ἑλλάς	*(ella/s	n-d---fv-
Ἑλλάδ’	*(ella/d'	Ἑλλάς	*(ella/s	n-d---fa-
Ἑλλάς	*(ella/s	Ἑλλάς	*(ella/s	n-s---fn-
Ἑλλάς	*(ella/s	ἑλλά	e(lla/	n-p---fa-
Ἑρμοῦ	*(ermou=	Ἑρμῆς	*(ermh=s	n-s---mg-
Ἔκγονοι	*)/ekgonoi	ἔκγονος	e)/kgonos	n-p---mn-
Ἔκγονοι	*)/ekgonoi	ἔκγονος	e)/kgonos	n-p---mv-
Ἔκγονοι	*)/ekgonoi	ἔκγονος	e)/kgonos	n-p---fn-
Ἔκγονοι	*)/ekgonoi	ἔκγονος	e)/kgonos	n-p---fv-
Ἕλληνας	*(/ellhnas	Ἕλλην	*(/ellhn	n-p---ma-
Ἕλληνας	*(/ellhnas	Ἕλλην	*(/ellhn	n-p---fa-
ἠγωνισμένων	h)gwnisme/nwn	ἀγωνίζομαι	a)gwni/zomai	v-prpefg-
ἠγωνισμένων	h)gwnisme/nwn	ἀγωνίζομαι	a)gwni/zomai	v-prpemg-
ἠγωνισμένων	h)gwnisme/nwn	ἀγωνίζομαι	a)gwni/zomai	v-prpeng-
ἠγωνίζεθ’	h)gwni/zeq'	ἀγωνίζομαι	a)gwni/zomai	v3siie---
ἠγωνίσαντο	h)gwni/santo	ἀγωνίζομαι	a)gwni/zomai	v3paie---
ἠγωνίσω	h)gwni/sw	ἀγωνίζομαι	a)gwni/zomai	v2saie---
ἠγάπα	h)ga/pa	ἀγαπάω	a)gapa/w	v3siia---
ἠδικηκότα	h)dikhko/ta	ἀδικέω	a)dike/w	v-prpann-
ἠδικηκότα	h)dikhko/ta	ἀδικέω	a)dike/w	v-prpanv-
ἠδικηκότα	h)dikhko/ta	ἀδικέω	a)dike/w	v-prpana-
ἠδικηκότα	h)dikhko/ta	ἀδικέω	a)dike/w	v-srpama-
ἠδίκουν	h)di/koun	ἀδικέω	a)dike/w	v3piia---
ἠδίκουν	h)di/koun	ἀδικέω	a)dike/w	v1siia---
ἠλλοιωμένους	h)lloiwme/nous	ἀλλοιόω	a)lloio/w	v-prpema-
ἠλοκίσμεθ’	h)loki/smeq'	ἀλοκίζω	a)loki/zw	v1plie---
ἠλοκίσμεθ’	h)loki/smeq'	ἀλοκίζω	a)loki/zw	v1prie---
ἠμύνασθε	h)mu/nasqe	ἀμύνω	a)mu/nw	v2paim---
ἠνέγκω	h)ne/gkw	φέρω	fe/rw	v2saim---
ἠξιωμένοι	h)ciwme/noi	ἀξιόω	a)cio/w	v-prpemn-
ἠξιωμένοι	h)ciwme/noi	ἀξιόω	a)cio/w	v-prpemv-
ἠξιωμένοι	h)ciwme/noi	ἐξιόω	e)cio/w	v-prpemn-
ἠξιωμένοι	h)ciwme/noi	ἐξιόω	e)cio/w	v-prpemv-
ἠρινοῦ	h)rinou=	ἠρινός	h)rino/s	a-s---mg-
ἠρινοῦ	h)rinou=	ἠρινός	h)rino/s	a-s---ng-
ἠσκηκότα	h)skhko/ta	ἀσκέω	a)ske/w	v-prpann-
ἠσκηκότα	h)skhko/ta	ἀσκέω	a)ske/w	v-prpanv-
ἠσκηκότα	h)skhko/ta	ἀσκέω	a)ske/w	v-prpana-
ἠσκηκότα	h)skhko/ta	ἀσκέω	a)ske/w	v-srpama-
ἠχοῦς	h)xou=s	ἠχώ	h)xw/	n-s---fg-
ἠχοῦς	h)xou=s	ἠχώ	h)xw/	n-p---fn-
ἠχοῦς	h)xou=s	ἠχώ	h)xw/	n-p---fv-
ἡ	h(	ὁ	o(	l-s---fn-
ἡ	h(	ὁ	o(	l-s---fv-
ἡβήσαντες	h(bh/santes	ἡβάω	h(ba/w	v-papamn-
ἡβήσαντες	h(bh/santes	ἡβάω	h(ba/w	v-papamv-
ἡγεμών	h(gemw/n	ἡγεμών	h(gemw/n	n-s---mn-
ἡγεμών	h(gemw/n	ἡγεμών	h(gemw/n	n-s---mv-
ἡγεμών	h(gemw/n	ἡγεμών	h(gemw/n	n-s---fn-
ἡγεμών	h(gemw/n	ἡγεμών	h(gemw/n	n-s---fv-
ἡγεῖται	h(gei=tai	ἡγέομαι	h(ge/omai	v3spim---
ἡγνίσθη	h(gni/sqh	ἁγνίζω	a(gni/zw	v3saip---
ἡγούμενος	h(gou/menos	ἡγέομαι	h(ge/omai	v-sppmmn-
ἡγῆται	h(gh=tai	ἡγέομαι	h(ge/omai	v3spsm---
ἡγῆται	h(gh=tai	ἡγέομαι	h(ge/omai	v3spim---
ἡδονάς	h(dona/s	ἡδονά	h(dona/	n-p---fa-
ἡδονάς	h(dona/s	ἡδονή	h(donh/	n-p---fa-
ἡδύς	h(du/s	ἡδύς	h(du/s	a-s---mn-
ἡδύς	h(du/s	ἡδύς	h(du/s	n-s---mn-
ἡλίου	h(li/ou	ἥλιος	h(/lios	n-s---mg-
ἡλίου	h(li/ou	ἡλιόω	h(lio/w	v3siia---
ἡλίου	h(li/ou	ἡλιόω	h(lio/w	v2spma---
ἡλίου	h(li/ou	ἡλιόω	h(lio/w	v3siia---
ἡμεῖς	h(mei=s	ἐγώ	e)gw/	p-p---mn-
ἡμεῖς	h(mei=s	ἐγώ	e)gw/	p-p---mv-
ἡμεῖς	h(mei=s	ἐγώ	e)gw/	p-p---fn-
ἡμεῖς	h(mei=s	ἐγώ	e)gw/	p-p---fv-
ἡμέραν	h(me/ran	ἥμερος	h(/meros	a-s---fa-
ἡμέραν	h(me/ran	ἡμέρα	h(me/ra	n-s---fa-
ἡμέτερον	h(me/teron	ἡμέτερος	h(me/teros	a-s---ma-
ἡμέτερον	h(me/teron	ἡμέτερος	h(me/teros	a-s---nn-
ἡμέτερον	h(me/teron	ἡμέτερος	h(me/teros	a-s---nv-
ἡμέτερον	h(me/teron	ἡμέτερος	h(me/teros	a-s---na-
ἡμᾶς	h(ma=s	ἐγώ	e)gw/	p-p---ma-
ἡμᾶς	h(ma=s	ἐγώ	e)gw/	p-p---fa-
ἡμᾶς	h(ma=s	ἡμός	h(mo/s	a-s---fg-
ἡμῖν	h(mi=n	ἐγώ	e)gw/	p-p---md-
ἡμῖν	h(mi=n	ἐγώ	e)gw/	p-p---fd-
ἡμῶν	h(mw=n	ἐγώ	e)gw/	p-p---mg-
ἡμῶν	h(mw=n	ἐγώ	e)gw/	p-p---fg-
ἡμῶν	h(mw=n	ἡμός	h(mo/s	a-p---fg-
ἡμῶν	h(mw=n	ἡμός	h(mo/s	a-p---mg-
ἡμῶν	h(mw=n	ἡμός	h(mo/s	a-p---ng-
ἡνίκα	h(ni/ka	ἡνίκα	h(ni/ka	d--------
ἡσσώμενον	h(ssw/menon	ἡσσάομαι	h(ssa/omai	v-sppema-
ἡσσώμενον	h(ssw/menon	ἡσσάομαι	h(ssa/omai	v-sppenn-
ἡσσώμενον	h(ssw/menon	ἡσσάομαι	h(ssa/omai	v-sppenv-
ἡσσώμενον	h(ssw/menon	ἡσσάομαι	h(ssa/omai	v-sppena-
ἡσσῶντό	h(ssw=nto/	ἑσσόομαι	e(sso/omai	v3piie---
ἡσσῶντό	h(ssw=nto/	ἡσσάομαι	h(ssa/omai	v3piie---
ἡσσῶντό	h(ssw=nto/	ἡσσάομαι	h(ssa/omai	v3piie---
ἡσσῶντό	h(ssw=nto/	ἡσσάομαι	h(ssa/omai	v3piie---
ἡσύχων	h(su/xwn	ἥσυχος	h(/suxos	n-p---mg-
ἡσύχων	h(su/xwn	ἥσυχος	h(/suxos	n-p---fg-
ἡσύχων	h(su/xwn	ἥσυχος	h(/suxos	n-p---ng-
ἡσύχων	h(su/xwn	ἡσυχάω	h(suxa/w	v3piia---
ἡσύχων	h(su/xwn	ἡσυχάω	h(suxa/w	v1siia---
ἡσύχων	h(su/xwn	ἡσυχάω	h(suxa/w	v3piia---
ἡσύχων	h(su/xwn	ἡσυχάω	h(suxa/w	v1siia---
ἡσύχως	h(su/xws	ἥσυχος	h(/suxos	x--------
ἡσύχως	h(su/xws	ἥσυχος	h(/suxos	n-p---ma-
ἡσύχως	h(su/xws	ἥσυχος	h(/suxos	n-p---fa-
ἤ	h)/	ἤ1	h)/1	c--------
ἤ	h)/	ἤ2	h)/2	x--------
ἤγαγ’	h)/gag'	ἄγω	a)/gw	v3saia---
ἤδη	h)/dh	ἤδη	h)/dh	d--------
ἤδη	h)/dh	ἦδος	h)=dos	n-p---nn-
ἤδη	h)/dh	ἦδος	h)=dos	n-p---nv-
ἤδη	h)/dh	ἦδος	h)=dos	n-p---na-
ἤδη	h)/dh	ἦδος	h)=dos	n-d---nn-
ἤδη	h)/dh	ἦδος	h)=dos	n-d---nv-
ἤδη	h)/dh	ἦδος	h)=dos	n-d---na-
ἤθελον	h)/qelon	ἐθέλω	e)qe/lw	v3piia---
ἤθελον	h)/qelon	ἐθέλω	e)qe/lw	v1siia---
ἤκουσα	h)/kousa	ἀκούω	a)kou/w	v1saia---
ἤλπιζον	h)/lpizon	ἐλπίζω	e)lpi/zw	v3piia---
ἤλπιζον	h)/lpizon	ἐλπίζω	e)lpi/zw	v1siia---
ἤμυνε	h)/mune	ἀμύνω	a)mu/nw	v3saia---
ἤμυνε	h)/mune	ἀμύνω	a)mu/nw	v3siia---
ἤν	h)/n	ἐάν	e)a/n	c--------
ἤν	h)/n	ἤν	h)/n	x--------
ἤνυσαν	h)/nusan	ἀνύω	a)nu/w	v3paia---
ἤρκεσαν	h)/rkesan	ἀρκέω	a)rke/w	v3paia---
ἤρκεσαν	h)/rkesan	αἴρω	ai)/rw	v3plia---
ἤρξω	h)/rcw	ἄρχω	a)/rxw	v2saim---
ἤρξω	h)/rcw	ἔρδω	e)/rdw	v2saim---
ἤχθαιρ’	h)/xqair'	ἐχθαίρω	e)xqai/rw	v3siia---
ἥ	h(/	ὁ	o(	l-s---fn-
ἥ	h(/	ὁ	o(	l-s---fv-
ἥ	h(/	ὅς	o(/s	p-s---fn-
ἥδε	h(/de	ὅδε	o(/de	n-s---fn-
ἥδεται	h(/detai	ἥδομαι	h(/domai	v3spie---
ἥδιον	h(/dion	ἡδύς	h(du/s	a-s---mv-
ἥδιον	h(/dion	ἡδύς	h(du/s	a-s---fv-
ἥδιον	h(/dion	ἡδύς	h(du/s	a-s---nn-
ἥδιον	h(/dion	ἡδύς	h(du/s	a-s---nv-
ἥδιον	h(/dion	ἡδύς	h(du/s	a-s---na-
ἥδιστα	h(/dista	ἡδύς	h(du/s	a-p---nn-
ἥδιστα	h(/dista	ἡδύς	h(du/s	a-p---nv-
ἥδιστα	h(/dista	ἡδύς	h(du/s	a-p---na-
ἥδιστος	h(/distos	ἡδύς	h(du/s	a-s---mn-
ἥκει	h(/kei	ἥκω	h(/kw	v2spie---
ἥκει	h(/kei	ἥκω	h(/kw	v3spia---
ἥκεις	h(/keis	ἥκω	h(/kw	v2spia---
ἥκιστα	h(/kista	ἥκιστος	h(/kistos	a-p---nn-
ἥκιστα	h(/kista	ἥκιστος	h(/kistos	a-p---nv-
ἥκιστα	h(/kista	ἥκιστος	h(/kistos	a-p---na-
ἥκιστ’	h(/kist'	ἥκιστος	h(/kistos	a-p---nn-
ἥκιστ’	h(/kist'	ἥκιστος	h(/kistos	a-p---nv-
ἥκιστ’	h(/kist'	ἥκιστος	h(/kistos	a-p---na-
ἥκιστ’	h(/kist'	ἥκιστος	h(/kistos	a-s---mv-
ἥκιστ’	h(/kist'	ἥκιστος	h(/kistos	a-p---fn-
ἥκιστ’	h(/kist'	ἥκιστος	h(/kistos	a-p---fv-
ἥκομεν	h(/komen	ἥκω	h(/kw	v1piia---
ἥκομεν	h(/komen	ἥκω	h(/kw	v1ppia---
ἥκομεν	h(/komen	ἥκω	h(/kw	v1piia---
ἥκω	h(/kw	ἥκω	h(/kw	v1spsa---
ἥκω	h(/kw	ἥκω	h(/kw	v1spia---
ἥκω	h(/kw	ἵημι	i(/hmi	v2saim---
ἥκω	h(/kw	ἵημι	i(/hmi	v2saim---
ἥλιος	h(/lios	ἥλιος	h(/lios	n-s---mn-
ἥλκωσας	h(/lkwsas	ἑλκόω	e(lko/w	v2saia---
ἥμαρτεν	h(/marten	ἁμαρτάνω	a(marta/nw	v3saia---
ἥμενος	h(/menos	ἧμαι	h(=mai	v-srpmmn-
ἥν	h(/n	ὅς	o(/s	p-s---fa-
ἥξετ’	h(/cet'	ἥκω	h(/kw	v2pasa---
ἥξετ’	h(/cet'	ἥκω	h(/kw	v2pfia---
ἥξετ’	h(/cet'	ἥκω	h(/kw	v3sasm---
ἥξετ’	h(/cet'	ἥκω	h(/kw	v3sfim---
ἥξω	h(/cw	ἥκω	h(/kw	v2saim---
ἥξω	h(/cw	ἥκω	h(/kw	v1sasa---
ἥξω	h(/cw	ἥκω	h(/kw	v1sfia---
ἥξω	h(/cw	ἥκω	h(/kw	v2saim---
ἥπατι	h(/pati	ἧπαρ	h(=par	n-s---nd-
ἥπατος	h(/patos	ἥπατος	h(/patos	n-s---mn-
ἥπατος	h(/patos	ἧπαρ	h(=par	n-s---ng-
ἥρπασεν	h(/rpasen	ἁρπάζω	a(rpa/zw	v3saia---
ἥσσονα	h(/ssona	ἥσσων	h(/sswn	a-p---nn-
ἥσσονα	h(/ssona	ἥσσων	h(/sswn	a-p---nv-
ἥσσονα	h(/ssona	ἥσσων	h(/sswn	a-p---na-
ἥσσονα	h(/ssona	ἥσσων	h(/sswn	a-s---ma-
ἥσσονα	h(/ssona	ἥσσων	h(/sswn	a-s---fa-
ἥσυχοι	h(/suxoi	ἥσυχος	h(/suxos	n-p---mn-
ἥσυχοι	h(/suxoi	ἥσυχος	h(/suxos	n-p---mv-
ἥσυχοι	h(/suxoi	ἥσυχος	h(/suxos	n-p---fn-
ἥσυχοι	h(/suxoi	ἥσυχος	h(/suxos	n-p---fv-
ἥσυχος	h(/suxos	ἥσυχος	h(/suxos	n-s---mn-
ἥσυχος	h(/suxos	ἥσυχος	h(/suxos	n-s---fn-
ἥψω	h(/yw	ἅπτω	a(/ptw	v1stia---
ἥψω	h(/yw	ἅπτω	a(/ptw	v2saim---
ἦ	h)=	εἰμί	ei)mi/	v1siia---
ἦ	h)=	ἦ	h)=	d--------
ἦ	h)=	ἠμί	h)mi/	v3siia---
ἦγον	h)=gon	ἄγω	a)/gw	v3piia---
ἦγον	h)=gon	ἄγω	a)/gw	v1siia---
ἦθος	h)=qos	ἦθος	h)=qos	n-s---nn-
ἦθος	h)=qos	ἦθος	h)=qos	n-s---nv-
ἦθος	h)=qos	ἦθος	h)=qos	n-s---na-
ἦλθες	h)=lqes	ἔρχομαι	e)/rxomai	v2saia---
ἦλθον	h)=lqon	ἔρχομαι	e)/rxomai	v3paia---
ἦλθον	h)=lqon	ἔρχομαι	e)/rxomai	v1saia---
ἦλθ’	h)=lq'	ἔρχομαι	e)/rxomai	v1saia---
ἦλθ’	h)=lq'	ἔρχομαι	e)/rxomai	v3saia---
ἦλθ’	h)=lq'	ἔρχομαι	e)/rxomai	v3saia---
ἦμεν	h)=men	εἰμί	ei)mi/	v1piia---
ἦν	h)=n	εἰμί	ei)mi/	v1siia---
ἦν	h)=n	εἰμί	ei)mi/	v3piia---
ἦν	h)=n	εἰμί	ei)mi/	v3siia---
ἦν	h)=n	ἠμί	h)mi/	v1siia---
ἦσαν	h)=san	εἰμί	ei)mi/	v3piia---
ἧς	h(=s	εἷς	ei(=s	n-s---mn-
ἧς	h(=s	ὅς	o(/s	p-s---fg-
ἧσσον	h(=sson	ἥσσων	h(/sswn	a-s---mv-
ἧσσον	h(=sson	ἥσσων	h(/sswn	a-s---fv-
ἧσσον	h(=sson	ἥσσων	h(/sswn	a-s---nn-
ἧσσον	h(=sson	ἥσσων	h(/sswn	a-s---nv-
ἧσσον	h(=sson	ἥσσων	h(/sswn	a-s---na-
ἧστο	h(=sto	ἧμαι	h(=mai	v3slim---
ἧστ’	h(=st'	ἧμαι	h(=mai	v3slim---
ἧστ’	h(=st'	ἧμαι	h(=mai	v3srim---
Ἠλέκτρας	*)hle/ktras	Ἠλέκτρα	*)hle/ktra	n-s---fg-
Ἡρακλῆς	*(hraklh=s	Ἡρακλῆς	*(hraklh=s	n-s---mn-
ἰατρόν	i)atro/n	ἰατρός	i)atro/s	n-s---ma-
ἰδοῦσα	i)dou=sa	εἶδον	ei)=don	v-sapafn-
ἰδοῦσα	i)dou=sa	εἶδον	ei)=don	v-sapafv-
ἰδοῦσα	i)dou=sa	ἰδέω	i)de/w	v-sppafn-
ἰδοῦσα	i)dou=sa	ἰδέω	i)de/w	v-sppafv-
ἰδοῦσαι	i)dou=sai	εἶδον	ei)=don	v-papafn-
ἰδοῦσαι	i)dou=sai	εἶδον	ei)=don	v-papafv-
ἰδοῦσαι	i)dou=sai	ἰδέω	i)de/w	v-pppafn-
ἰδοῦσαι	i)dou=sai	ἰδέω	i)de/w	v-pppafv-
ἰδοῦσ’	i)dou=s'	εἶδον	ei)=don	v-sapafn-
ἰδοῦσ’	i)dou=s'	εἶδον	ei)=don	v-sapafv-
ἰδοῦσ’	i)dou=s'	εἶδον	ei)=don	v-papamd-
ἰδοῦσ’	i)dou=s'	εἶδον	ei)=don	v-papand-
ἰδοῦσ’	i)dou=s'	εἶδον	ei)=don	v-papafn-
ἰδοῦσ’	i)dou=s'	εἶδον	ei)=don	v-papafv-
ἰδοῦσ’	i)dou=s'	ἰδέω	i)de/w	v-sppafn-
ἰδοῦσ’	i)dou=s'	ἰδέω	i)de/w	v-sppafv-
ἰδοῦσ’	i)dou=s'	ἰδέω	i)de/w	v-pppamd-
ἰδοῦσ’	i)dou=s'	ἰδέω	i)de/w	v-pppand-
ἰδοῦσ’	i)dou=s'	ἰδέω	i)de/w	v3ppia---
ἰδοῦσ’	i)dou=s'	ἰδέω	i)de/w	v-pppafn-
ἰδοῦσ’	i)dou=s'	ἰδέω	i)de/w	v-pppafv-
ἰδίᾳ	i)di/a|	ἴδιος	i)/dios	a-s---fd-
ἰδών	i)dw/n	εἶδον	ei)=don	v-sapamn-
ἰούσης	i)ou/shs	εἶμι	ei)=mi	v-sppafg-
ἰούσης	i)ou/shs	ἰόω	i)o/w	v-sppafg-
ἰσαίτερον	i)sai/teron	ἰσαίτερος	i)sai/teros	a-s---ma-
ἰσαίτερον	i)sai/teron	ἰσαίτερος	i)sai/teros	a-s---nn-
ἰσαίτερον	i)sai/teron	ἰσαίτερος	i)sai/teros	a-s---nv-
ἰσαίτερον	i)sai/teron	ἰσαίτερος	i)sai/teros	a-s---na-
ἰσχυρά	i)sxura/	ἰσχυρός	i)sxuro/s	a-p---nn-
ἰσχυρά	i)sxura/	ἰσχυρός	i)sxuro/s	a-p---nv-
ἰσχυρά	i)sxura/	ἰσχυρός	i)sxuro/s	a-p---na-
ἰσχυρά	i)sxura/	ἰσχυρός	i)sxuro/s	a-d---fn-
ἰσχυρά	i)sxura/	ἰσχυρός	i)sxuro/s	a-d---fv-
ἰσχυρά	i)sxura/	ἰσχυρός	i)sxuro/s	a-d---fa-
ἰσχυρά	i)sxura/	ἰσχυρός	i)sxuro/s	a-s---fn-
ἰσχυρά	i)sxura/	ἰσχυρός	i)sxuro/s	a-s---fv-
ἰσόρροπος	i)so/rropos	ἰσόρροπος	i)so/rropos	n-s---mn-
ἰσόρροπος	i)so/rropos	ἰσόρροπος	i)so/rropos	n-s---fn-
ἰσόψηφον	i)so/yhfon	ἰσόψηφος	i)so/yhfos	n-s---ma-
ἰσόψηφον	i)so/yhfon	ἰσόψηφος	i)so/yhfos	n-s---fa-
ἰσόψηφον	i)so/yhfon	ἰσόψηφος	i)so/yhfos	n-s---nn-
ἰσόψηφον	i)so/yhfon	ἰσόψηφος	i)so/yhfos	n-s---nv-
ἰσόψηφον	i)so/yhfon	ἰσόψηφος	i)so/yhfos	n-s---na-
ἰτέαν	i)te/an	ἰτέα	i)te/a	n-s---fa-
ἰτέαν	i)te/an	ἰτέον	i)te/on	n-s---fa-
ἰήλεμον	i)h/lemon	ἰάλεμος	i)a/lemos	n-s---ma-
ἰόν	i)o/n	εἶμι	ei)=mi	v-sppamv-
ἰόν	i)o/n	εἶμι	ei)=mi	v-sppann-
ἰόν	i)o/n	εἶμι	ei)=mi	v-sppanv-
ἰόν	i)o/n	εἶμι	ei)=mi	v-sppana-
ἰόν	i)o/n	εἰμί	ei)mi/	v-sppamv-
ἰόν	i)o/n	εἰμί	ei)mi/	v-sppann-
ἰόν	i)o/n	εἰμί	ei)mi/	v-sppanv-
ἰόν	i)o/n	εἰμί	ei)mi/	v-sppana-
ἰόν	i)o/n	ἰόσ1	i)o/s1	n-s---ma-
ἰόν	i)o/n	ἰόσ1	i)o/s1	n-s---nn-
ἰόν	i)o/n	ἰόσ1	i)o/s1	n-s---nv-
ἰόν	i)o/n	ἰόσ1	i)o/s1	n-s---na-
ἰόν	i)o/n	ἰόσ2	i)o/s2	n-s---ma-
ἰόντων	i)o/ntwn	εἶμι	ei)=mi	v3ppma---
ἰόντων	i)o/ntwn	εἶμι	ei)=mi	v-pppamg-
ἰόντων	i)o/ntwn	εἶμι	ei)=mi	v-pppang-
ἰόντων	i)o/ntwn	εἰμί	ei)mi/	v-pppamg-
ἰόντων	i)o/ntwn	εἰμί	ei)mi/	v-pppang-
ἰώ	i)w/	ἰόσ1	i)o/s1	n-d---mn-
ἰώ	i)w/	ἰόσ1	i)o/s1	n-d---mv-
ἰώ	i)w/	ἰόσ1	i)o/s1	n-d---ma-
ἰώ	i)w/	ἰόσ1	i)o/s1	n-d---nn-
ἰώ	i)w/	ἰόσ1	i)o/s1	n-d---nv-
ἰώ	i)w/	ἰόσ1	i)o/s1	n-d---na-
ἰώ	i)w/	ἰόσ2	i)o/s2	n-d---mn-
ἰώ	i)w/	ἰόσ2	i)o/s2	n-d---mv-
ἰώ	i)w/	ἰόσ2	i)o/s2	n-d---ma-
ἰώ	i)w/	ἰώ	i)w/	x--------
ἰών	i)w/n	εἶμι	ei)=mi	v-sppamn-
ἰών	i)w/n	εἰμί	ei)mi/	v-sppamn-
ἱερά	i(era/	ἱερά	i(era/	n-d---fn-
ἱερά	i(era/	ἱερά	i(era/	n-d---fv-
ἱερά	i(era/	ἱερά	i(era/	n-d---fa-
ἱερά	i(era/	ἱερά	i(era/	n-s---fn-
ἱερά	i(era/	ἱερά	i(era/	n-s---fv-
ἱερά	i(era/	ἱερή	i(erh/	n-d---fn-
ἱερά	i(era/	ἱερή	i(erh/	n-d---fv-
ἱερά	i(era/	ἱερή	i(erh/	n-d---fa-
ἱερά	i(era/	ἱερή	i(erh/	n-s---fn-
ἱερά	i(era/	ἱερή	i(erh/	n-s---fv-
ἱερά	i(era/	ἱερόν	i(ero/n	n-p---nn-
ἱερά	i(era/	ἱερόν	i(ero/n	n-p---nv-
ἱερά	i(era/	ἱερόν	i(ero/n	n-p---na-
ἱερά	i(era/	ἱερός	i(ero/s	a-p---nn-
ἱερά	i(era/	ἱερός	i(ero/s	a-p---nv-
ἱερά	i(era/	ἱερός	i(ero/s	a-p---na-
ἱερά	i(era/	ἱερός	i(ero/s	a-d---fn-
ἱερά	i(era/	ἱερός	i(ero/s	a-d---fv-
ἱερά	i(era/	ἱερός	i(ero/s	a-d---fa-
ἱερά	i(era/	ἱερός	i(ero/s	a-s---fn-
ἱερά	i(era/	ἱερός	i(ero/s	a-s---fv-
ἱερά	i(era/	ἱερός	i(ero/s	n-p---nn-
ἱερά	i(era/	ἱερός	i(ero/s	n-p---nv-
ἱερά	i(era/	ἱερός	i(ero/s	n-p---na-
ἱερόν	i(ero/n	ἱερόν	i(ero/n	n-s---nn-
ἱερόν	i(ero/n	ἱερόν	i(ero/n	n-s---nv-
ἱερόν	i(ero/n	ἱερόν	i(ero/n	n-s---na-
ἱερόν	i(ero/n	ἱερός	i(ero/s	a-s---ma-
ἱερόν	i(ero/n	ἱερός	i(ero/s	a-s---nn-
ἱερόν	i(ero/n	ἱερός	i(ero/s	a-s---nv-
ἱερόν	i(ero/n	ἱερός	i(ero/s	a-s---na-
ἱερόν	i(ero/n	ἱερός	i(ero/s	n-s---ma-
ἱερόν	i(ero/n	ἱερός	i(ero/s	n-s---fa-
ἱερόν	i(ero/n	ἱερός	i(ero/s	n-s---nn-
ἱερόν	i(ero/n	ἱερός	i(ero/s	n-s---nv-
ἱερόν	i(ero/n	ἱερός	i(ero/s	n-s---na-
ἱερῶν	i(erw=n	ἱερά	i(era/	n-p---fg-
ἱερῶν	i(erw=n	ἱεράζω	i(era/zw	v-sfpamv-
ἱερῶν	i(erw=n	ἱεράζω	i(era/zw	v-sfpann-
ἱερῶν	i(erw=n	ἱεράζω	i(era/zw	v-sfpanv-
ἱερῶν	i(erw=n	ἱεράζω	i(era/zw	v-sfpana-
ἱερῶν	i(erw=n	ἱεράζω	i(era/zw	v-sfpamn-
ἱερῶν	i(erw=n	ἱεραί	i(erai/	n-p---fg-
ἱερῶν	i(erw=n	ἱερή	i(erh/	n-p---fg-
ἱερῶν	i(erw=n	ἱερόν	i(ero/n	n-p---ng-
ἱερῶν	i(erw=n	ἱερός	i(ero/s	a-p---fg-
ἱερῶν	i(erw=n	ἱερός	i(ero/s	a-p---mg-
ἱερῶν	i(erw=n	ἱερός	i(ero/s	a-p---ng-
ἱερῶν	i(erw=n	ἱερός	i(ero/s	n-p---mg-
ἱερῶν	i(erw=n	ἱερός	i(ero/s	n-p---fg-
ἱερῶν	i(erw=n	ἱερός	i(ero/s	n-p---ng-
ἱερῶν	i(erw=n	ἱερόω	i(ero/w	v-sppamv-
ἱερῶν	i(erw=n	ἱερόω	i(ero/w	v-sppann-
ἱερῶν	i(erw=n	ἱερόω	i(ero/w	v-sppanv-
ἱερῶν	i(erw=n	ἱερόω	i(ero/w	v-sppana-
ἱερῶν	i(erw=n	ἱερόω	i(ero/w	v-sppamn-
ἱερῶν	i(erw=n	ἱερόω	i(ero/w	v--pna---
ἱεῖσαν	i(ei=san	ἵημι	i(/hmi	v-sppafa-
ἱκεσίοις	i(kesi/ois	ἱκέσιος	i(ke/sios	a-p---md-
ἱκεσίοις	i(kesi/ois	ἱκέσιος	i(ke/sios	a-p---nd-
ἱκεσίοις	i(kesi/ois	ἱκέσιος	i(ke/sios	n-p---md-
ἱκεσίοις	i(kesi/ois	ἱκέσιος	i(ke/sios	n-p---fd-
ἱκεσίοις	i(kesi/ois	ἱκέσιος	i(ke/sios	n-p---nd-
ἱκεσίους	i(kesi/ous	ἱκέσιος	i(ke/sios	a-p---ma-
ἱκεσίους	i(kesi/ous	ἱκέσιος	i(ke/sios	n-p---ma-
ἱκεσίους	i(kesi/ous	ἱκέσιος	i(ke/sios	n-p---fa-
ἱκεσίᾳ	i(kesi/a|	ἱκέσιος	i(ke/sios	a-s---fd-
ἱκεσίᾳ	i(kesi/a|	ἱκεσία	i(kesi/a	n-p---fn-
ἱκεσίᾳ	i(kesi/a|	ἱκεσία	i(kesi/a	n-p---fv-
ἱκεσίᾳ	i(kesi/a|	ἱκεσία	i(kesi/a	n-s---fd-
ἱκετεύω	i(keteu/w	ἱκετεύω	i(keteu/w	v1spsa---
ἱκετεύω	i(keteu/w	ἱκετεύω	i(keteu/w	v1spia---
ἱκνοῦνται	i(knou=ntai	ἱκνέομαι	i(kne/omai	v3ppie---
ἱκοίμεθ’	i(koi/meq'	ἱκνέομαι	i(kne/omai	v1paom---
ἱκτῆρι	i(kth=ri	ἱκτήρ	i(kth/r	n-s---md-
ἱκέταν	i(ke/tan	ἱκέτης	i(ke/ths	n-s---ma-
ἱκέταν	i(ke/tan	ἱκέτης	i(ke/ths	n-s---ma-
ἱκέτης	i(ke/ths	ἱκέτης	i(ke/ths	n-s---mn-
ἱκόμενος	i(ko/menos	ἱκνέομαι	i(kne/omai	v-sapmmn-
ἱμᾶσιν	i(ma=sin	ἱμάς	i(ma/s	n-p---md-
ἱππεύουσι	i(ppeu/ousi	ἱππεύω	i(ppeu/w	v-pppamd-
ἱππεύουσι	i(ppeu/ousi	ἱππεύω	i(ppeu/w	v-pppand-
ἱππεύουσι	i(ppeu/ousi	ἱππεύω	i(ppeu/w	v3ppia---
ἱππεῦσι	i(ppeu=si	ἱππεύς	i(ppeu/s	n-p---md-
ἱππικόν	i(ppiko/n	ἱππικός	i(ppiko/s	a-s---ma-
ἱππικόν	i(ppiko/n	ἱππικός	i(ppiko/s	a-s---nn-
ἱππικόν	i(ppiko/n	ἱππικός	i(ppiko/s	a-s---nv-
ἱππικόν	i(ppiko/n	ἱππικός	i(ppiko/s	a-s---na-
ἱππόβοτον	i(ppo/boton	ἱππόβοτος	i(ppo/botos	n-s---ma-
ἱππόβοτον	i(ppo/boton	ἱππόβοτος	i(ppo/botos	n-s---fa-
ἱππόβοτον	i(ppo/boton	ἱππόβοτος	i(ppo/botos	n-s---nn-
ἱππόβοτον	i(ppo/boton	ἱππόβοτος	i(ppo/botos	n-s---nv-
ἱππόβοτον	i(ppo/boton	ἱππόβοτος	i(ppo/botos	n-s---na-
ἱππότην	i(ppo/thn	ἱππότης	i(ppo/ths	n-s---ma-
ἱππῆς	i(pph=s	ἱππεύς	i(ppeu/s	n-p---mn-
ἱππῆς	i(pph=s	ἱππεύς	i(ppeu/s	n-p---mn-
ἱππῆς	i(pph=s	ἱππεύς	i(ppeu/s	n-p---mv-
ἴδετε	i)/dete	εἶδον	ei)=don	v2pama---
ἴδετε	i)/dete	εἶδον	ei)=don	v2paia---
ἴδιον	i)/dion	ἴδιος	i)/dios	a-s---ma-
ἴδιον	i)/dion	ἴδιος	i)/dios	a-s---nn-
ἴδιον	i)/dion	ἴδιος	i)/dios	a-s---nv-
ἴδιον	i)/dion	ἴδιος	i)/dios	a-s---na-
ἴδιον	i)/dion	ἴδιος	i)/dios	n-s---ma-
ἴδιον	i)/dion	ἴδιος	i)/dios	n-s---fa-
ἴδιον	i)/dion	ἴδιος	i)/dios	n-s---nn-
ἴδιον	i)/dion	ἴδιος	i)/dios	n-s---nv-
ἴδιον	i)/dion	ἴδιος	i)/dios	n-s---na-
ἴδιον	i)/dion	ἰδέω	i)de/w	v3piia---
ἴδιον	i)/dion	ἰδέω	i)de/w	v1siia---
ἴδιον	i)/dion	ἰδίω	i)di/w	v3piia---
ἴδιον	i)/dion	ἰδίω	i)di/w	v1siia---
ἴδιον	i)/dion	ἰδίω	i)di/w	v3piia---
ἴδιον	i)/dion	ἰδίω	i)di/w	v1siia---
ἴδω	i)/dw	εἶδον	ei)=don	v1sasa---
ἴσην	i)/shn	ἴσος	i)/sos	a-s---fa-
ἴσην	i)/shn	ἴσος	i)/sos	a-s---fa-
ἴσθι	i)/sqi	εἰμί	ei)mi/	v2spma---
ἴσθι	i)/sqi	οἶδα	oi)=da	v2srma---
ἴσμεν	i)/smen	οἶδα	oi)=da	v1pria---
ἴσον	i)/son	ἴσος	i)/sos	a-s---ma-
ἴσον	i)/son	ἴσος	i)/sos	a-s---nn-
ἴσον	i)/son	ἴσος	i)/sos	a-s---nv-
ἴσον	i)/son	ἴσος	i)/sos	a-s---na-
ἴσους	i)/sous	ἴσος	i)/sos	a-p---ma-
ἴσους	i)/sous	ἴσος	i)/sos	a-p---ma-
ἴσους	i)/sous	ἰσόω	i)so/w	v2siia---
ἴσους	i)/sous	ἰσόω	i)so/w	v2siia---
ἴτε	i)/te	εἶμι	ei)=mi	v2ppma---
ἴτε	i)/te	εἶμι	ei)=mi	v2ppia---
ἴτω	i)/tw	εἶμι	ei)=mi	v3spma---
ἴτω	i)/tw	ἴτης	i)/ths	n-s---mg-
ἴτω	i)/tw	ἴτον	i)/ton	n-d---nn-
ἴτω	i)/tw	ἴτον	i)/ton	n-d---nv-
ἴτω	i)/tw	ἴτον	i)/ton	n-d---na-
ἴτω	i)/tw	ἴτον	i)/ton	n-s---ng-
ἴτ’	i)/t'	εἶμι	ei)=mi	v2ppma---
ἴτ’	i)/t'	εἶμι	ei)=mi	v2ppia---
ἴτ’	i)/t'	ἴτης	i)/ths	n-s---mv-
ἴτ’	i)/t'	ἴτης	i)/ths	n-s---mn-
ἴτ’	i)/t'	ἴτης	i)/ths	n-p---mn-
ἴτ’	i)/t'	ἴτης	i)/ths	n-p---mv-
ἴτ’	i)/t'	ἴτης	i)/ths	n-s---md-
ἴτ’	i)/t'	ἴτον	i)/ton	n-p---nn-
ἴτ’	i)/t'	ἴτον	i)/ton	n-p---nv-
ἴτ’	i)/t'	ἴτον	i)/ton	n-p---na-
ἵδρυμα	i(/druma	ἵδρυμα	i(/druma	n-s---nn-
ἵδρυμα	i(/druma	ἵδρυμα	i(/druma	n-s---nv-
ἵδρυμα	i(/druma	ἵδρυμα	i(/druma	n-s---na-
ἵετ’	i(/et'	ἵημι	i(/hmi	v3siie---
ἵετ’	i(/et'	ἵημι	i(/hmi	v3siie---
ἵετ’	i(/et'	ἵημι	i(/hmi	v2piia---
ἵετ’	i(/et'	ἵημι	i(/hmi	v2ppma---
ἵετ’	i(/et'	ἵημι	i(/hmi	v2ppia---
ἵετ’	i(/et'	ἵημι	i(/hmi	v2piia---
ἵετ’	i(/et'	ἵημι	i(/hmi	v2ppma---
ἵετ’	i(/et'	ἵημι	i(/hmi	v3spie---
ἵνα	i(/na	ἵνα	i(/na	d--------
ἵνα	i(/na	ἵνα	i(/na	c--------
ἵπποις	i(/ppois	ἵππος	i(/ppos	n-p---md-
ἵπποις	i(/ppois	ἵππος	i(/ppos	n-p---fd-
ἵστη	i(/sth	ἵστημι	i(/sthmi	v3siia---
ἵστη	i(/sth	ἵστημι	i(/sthmi	v2spma---
ἵστη	i(/sth	ἵστημι	i(/sthmi	v3siia---
ἵστη	i(/sth	ἱστάω	i(sta/w	v3siia---
ἵστη	i(/sth	ἱστάω	i(sta/w	v2spma---
Ἰλίου	*)ili/ou	Ἴλιον	*)/ilion	n-s---ng-
Ἰλίου	*)ili/ou	Ἴλιος	*)/ilios	n-s---fg-
Ἰλίου	*)ili/ou	Ἴλιος	*)/ilios	a-s---mg-
Ἰλίου	*)ili/ou	Ἴλιος	*)/ilios	a-s---ng-
Ἰλίου	*)ili/ou	Ἴλιος	*)/ilios	n-s---mg-
Ἰλίου	*)ili/ou	Ἴλιος	*)/ilios	n-s---fg-
Ἰλίου	*)ili/ou	Ἴλιος	*)/ilios	n-s---ng-
Ἰλίου	*)ili/ou	Ἴλιος	*)/ilios	n-s---ng-
Ἰνάχου	*)ina/xou	Ἴναχος	*)/inaxos	n-s---mg-
Ἰσθμίας	*)isqmi/as	Ἴσθμιος	*)/isqmios	a-p---fa-
Ἰσθμίας	*)isqmi/as	Ἴσθμιος	*)/isqmios	a-s---fg-
Ἰσθμίας	*)isqmi/as	ἴσθμιος	i)/sqmios	a-p---fa-
Ἰσθμίας	*)isqmi/as	ἴσθμιος	i)/sqmios	a-s---fg-
Ἰσμηνοῦ	*)ismhnou=	Ἰσμηνός	*)ismhno/s	n-s---mg-
Ἰσμηνόν	*)ismhno/n	Ἰσμηνός	*)ismhno/s	n-s---ma-
Ἰσμήνιον	*)ismh/nion	Ἰσμήνιος	*)ismh/nios	a-s---ma-
Ἰσμήνιον	*)ismh/nion	Ἰσμήνιος	*)ismh/nios	a-s---nn-
Ἰσμήνιον	*)ismh/nion	Ἰσμήνιος	*)ismh/nios	a-s---nv-
Ἰσμήνιον	*)ismh/nion	Ἰσμήνιος	*)ismh/nios	a-s---na-
Ἱππομέδων	*(ippome/dwn	Ἱππομέδων	*(ippome/dwn	n-s---mn-
Ἶφις	*)=ifis	Ἶφις	*)=ifis	n-s---fn-
ὀδόντων	o)do/ntwn	ὀδούς	o)dou/s	n-p---mg-
ὀδόντων	o)do/ntwn	ὀδούς	o)dou/s	n-p---mg-
ὀδόντων	o)do/ntwn	ὀδών	o)dw/n	n-p---mg-
ὀδύρῃ	o)du/rh|	ὀδύρομαι	o)du/romai	v2sase---
ὀδύρῃ	o)du/rh|	ὀδύρομαι	o)du/romai	v2spse---
ὀδύρῃ	o)du/rh|	ὀδύρομαι	o)du/romai	v2spie---
ὀλβίοις	o)lbi/ois	ὄλβιος	o)/lbios	a-p---md-
ὀλβίοις	o)lbi/ois	ὄλβιος	o)/lbios	a-p---nd-
ὀλβίοις	o)lbi/ois	ὄλβιος	o)/lbios	n-p---md-
ὀλβίοις	o)lbi/ois	ὄλβιος	o)/lbios	n-p---fd-
ὀλβίοις	o)lbi/ois	ὄλβιος	o)/lbios	n-p---nd-
ὀλεθρίαν	o)leqri/an	ὀλέθριος	o)le/qrios	a-s---fa-
ὀλεθρίαν	o)leqri/an	ὀλεθρία	o)leqri/a	n-s---fa-
ὀλεθρίαν	o)leqri/an	ὀλεθριάω	o)leqria/w	v3piia---
ὀλεθρίαν	o)leqri/an	ὀλεθριάω	o)leqria/w	v1siia---
ὀλοίμην	o)loi/mhn	ὄλλυμι	o)/llumi	v1saom---
ὀλοίμην	o)loi/mhn	ὄλλυμι	o)/llumi	v1sfom---
ὀλωλότας	o)lwlo/tas	ὄλλυμι	o)/llumi	v-prpama-
ὀλωλότων	o)lwlo/twn	ὄλλυμι	o)/llumi	v-prpamg-
ὀλωλότων	o)lwlo/twn	ὄλλυμι	o)/llumi	v-prpang-
ὀλέσθαι	o)le/sqai	ὄλλυμι	o)/llumi	v--anm---
ὀλίγον	o)li/gon	ὀλίγος	o)li/gos	a-s---ma-
ὀλίγον	o)li/gon	ὀλίγος	o)li/gos	a-s---nn-
ὀλίγον	o)li/gon	ὀλίγος	o)li/gos	a-s---nv-
ὀλίγον	o)li/gon	ὀλίγος	o)li/gos	a-s---na-
ὀλίγῳ	o)li/gw|	ὀλίγος	o)li/gos	a-s---md-
ὀλίγῳ	o)li/gw|	ὀλίγος	o)li/gos	a-s---nd-
ὀμμάτων	o)mma/twn	ὄμμα	o)/mma	n-p---ng-
ὀμμάτων	o)mma/twn	ὀμματόω	o)mmato/w	v3piia---
ὀμμάτων	o)mma/twn	ὀμματόω	o)mmato/w	v1siia---
ὀμνύναι	o)mnu/nai	ὄμνυμι	o)/mnumi	v--pna---
ὀναίμην	o)nai/mhn	ὀνίνημι	o)ni/nhmi	v1saom---
ὀνήσας	o)nh/sas	ὀνίνημι	o)ni/nhmi	v-sapamn-
ὀνήσας	o)nh/sas	ὀνίνημι	o)ni/nhmi	v-sapamv-
ὀξύν	o)cu/n	ὀξύσ2	o)cu/s2	a-s---ma-
ὀξύστομον	o)cu/stomon	ὀξύστομος	o)cu/stomos	n-s---ma-
ὀξύστομον	o)cu/stomon	ὀξύστομος	o)cu/stomos	n-s---fa-
ὀξύστομον	o)cu/stomon	ὀξύστομος	o)cu/stomos	n-s---nn-
ὀξύστομον	o)cu/stomon	ὀξύστομος	o)cu/stomos	n-s---nv-
ὀξύστομον	o)cu/stomon	ὀξύστομος	o)cu/stomos	n-s---na-
ὀργήν	o)rgh/n	ὀργή	o)rgh/	n-s---fa-
ὀρείοισι	o)rei/oisi	ὄρειον	o)/reion	n-p---nd-
ὀρείοισι	o)rei/oisi	ὄρειος	o)/reios	a-p---md-
ὀρείοισι	o)rei/oisi	ὄρειος	o)/reios	a-p---nd-
ὀρείοισι	o)rei/oisi	ὄρειος	o)/reios	n-p---md-
ὀρείοισι	o)rei/oisi	ὄρειος	o)/reios	n-p---fd-
ὀρείοισι	o)rei/oisi	ὄρειος	o)/reios	n-p---nd-
ὀρθοστάτας	o)rqosta/tas	ὀρθοστάτης	o)rqosta/ths	n-p---ma-
ὀρθοστάτας	o)rqosta/tas	ὀρθοστάτης	o)rqosta/ths	n-s---mn-
ὀρθρευομένα	o)rqreuome/na	ὀρθρεύω	o)rqreu/w	v-dppefn-
ὀρθρευομένα	o)rqreuome/na	ὀρθρεύω	o)rqreu/w	v-dppefv-
ὀρθρευομένα	o)rqreuome/na	ὀρθρεύω	o)rqreu/w	v-dppefa-
ὀρθρευομένα	o)rqreuome/na	ὀρθρεύω	o)rqreu/w	v-sppefn-
ὀρθρευομένα	o)rqreuome/na	ὀρθρεύω	o)rqreu/w	v-sppefv-
ὀρθόν	o)rqo/n	ὀρθός	o)rqo/s	a-s---ma-
ὀρθόν	o)rqo/n	ὀρθός	o)rqo/s	a-s---nn-
ὀρθόν	o)rqo/n	ὀρθός	o)rqo/s	a-s---nv-
ὀρθόν	o)rqo/n	ὀρθός	o)rqo/s	a-s---na-
ὀρθῶς	o)rqw=s	ὀρθός	o)rqo/s	x--------
ὀρθῶς	o)rqw=s	ὀρθόω	o)rqo/w	v2spia---
ὀρφανεύσομαι	o)rfaneu/somai	ὀρφανεύω	o)rfaneu/w	v1sasm---
ὀρφανεύσομαι	o)rfaneu/somai	ὀρφανεύω	o)rfaneu/w	v1sfim---
ὀρφναίας	o)rfnai/as	ὀρφναῖος	o)rfnai=os	a-p---fa-
ὀρφναίας	o)rfnai/as	ὀρφναῖος	o)rfnai=os	a-s---fg-
ὀστέων	o)ste/wn	ὀστέον	o)ste/on	n-p---ng-
ὀστᾶ	o)sta=	ὀστέον	o)ste/on	n-p---nn-
ὀστᾶ	o)sta=	ὀστέον	o)ste/on	n-p---nv-
ὀστᾶ	o)sta=	ὀστέον	o)ste/on	n-p---na-
ὀφείλομεν	o)fei/lomen	ὀφέλλω	o)fe/llw	v1pasa---
ὀφείλομεν	o)fei/lomen	ὀφείλω	o)fei/lw	v1ppia---
ὀφείλομεν	o)fei/lomen	ὀφείλω	o)fei/lw	v1piia---
ὀχετόν	o)xeto/n	ὀχετός	o)xeto/s	n-s---ma-
ὀχήματα	o)xh/mata	ὄχημα	o)/xhma	n-p---nn-
ὀχήματα	o)xh/mata	ὄχημα	o)/xhma	n-p---nv-
ὀχήματα	o)xh/mata	ὄχημα	o)/xhma	n-p---na-
ὁ	o(	ὁ	o(	l-s---mn-
ὁμαιμόνων	o(maimo/nwn	ὁμαίμων	o(mai/mwn	n-p---mg-
ὁμοῦ	o(mou=	ὁμός	o(mo/s	a-s---mg-
ὁμοῦ	o(mou=	ὁμός	o(mo/s	a-s---ng-
ὁμοῦ	o(mou=	ὁμόω	o(mo/w	v2spme---
ὁμοῦ	o(mou=	ὁμόω	o(mo/w	v2siie---
ὁμοῦ	o(mou=	ὁμοῦ	o(mou=	d--------
ὁπλίτην	o(pli/thn	ὁπλίτης	o(pli/ths	n-s---ma-
ὁρκωμοτεῖν	o(rkwmotei=n	ὁρκωμοτέω	o(rkwmote/w	v--pna---
ὁρμάσω	o(rma/sw	ὁρμάω	o(rma/w	v1sasa---
ὁρμάσω	o(rma/sw	ὁρμάω	o(rma/w	v1sfia---
ὁρμάσω	o(rma/sw	ὁρμάζω	o(rma/zw	v1sasa---
ὁρμάσω	o(rma/sw	ὁρμάζω	o(rma/zw	v1sfia---
ὁρμάσω	o(rma/sw	ὁρμάζω	o(rma/zw	v2saim---
ὁρμώμενον	o(rmw/menon	ὁρμάω	o(rma/w	v-sppema-
ὁρμώμενον	o(rmw/menon	ὁρμάω	o(rma/w	v-sppenn-
ὁρμώμενον	o(rmw/menon	ὁρμάω	o(rma/w	v-sppenv-
ὁρμώμενον	o(rmw/menon	ὁρμάω	o(rma/w	v-sppena-
ὁρμώμενον	o(rmw/menon	ὁρμάζω	o(rma/zw	v-sfpmma-
ὁρμώμενον	o(rmw/menon	ὁρμάζω	o(rma/zw	v-sfpmnn-
ὁρμώμενον	o(rmw/menon	ὁρμάζω	o(rma/zw	v-sfpmnv-
ὁρμώμενον	o(rmw/menon	ὁρμάζω	o(rma/zw	v-sfpmna-
ὁρμώμενος	o(rmw/menos	ὁρμάω	o(rma/w	v-sppemn-
ὁρμώμενος	o(rmw/menos	ὁρμάζω	o(rma/zw	v-sfpmmn-
ὁρμᾶν	o(rma=n	ὁρμάω	o(rma/w	v-sppamv-
ὁρμᾶν	o(rma=n	ὁρμάω	o(rma/w	v-sppann-
ὁρμᾶν	o(rma=n	ὁρμάω	o(rma/w	v-sppanv-
ὁρμᾶν	o(rma=n	ὁρμάω	o(rma/w	v-sppana-
ὁρμᾶν	o(rma=n	ὁρμάω	o(rma/w	v-sppamn-
ὁρμᾶν	o(rma=n	ὁρμάω	o(rma/w	v--pna---
ὁρμᾶν	o(rma=n	ὁρμάω	o(rma/w	v--pna---
ὁρμᾶν	o(rma=n	ὁρμάζω	o(rma/zw	v-sfpamv-
ὁρμᾶν	o(rma=n	ὁρμάζω	o(rma/zw	v-sfpann-
ὁρμᾶν	o(rma=n	ὁρμάζω	o(rma/zw	v-sfpanv-
ὁρμᾶν	o(rma=n	ὁρμάζω	o(rma/zw	v-sfpana-
ὁρμᾶν	o(rma=n	ὁρμάζω	o(rma/zw	v-sfpamn-
ὁρμᾶν	o(rma=n	ὁρμάζω	o(rma/zw	v--fna---
ὁρμᾶν	o(rma=n	ὁρμή	o(rmh/	n-p---fg-
ὁρμᾶσθαι	o(rma=sqai	ὁρμάω	o(rma/w	v--pne---
ὁρμᾶσθαι	o(rma=sqai	ὁρμάζω	o(rma/zw	v--fnm---
ὁρᾶν	o(ra=n	ὁράω	o(ra/w	v-sppamv-
ὁρᾶν	o(ra=n	ὁράω	o(ra/w	v-sppann-
ὁρᾶν	o(ra=n	ὁράω	o(ra/w	v-sppanv-
ὁρᾶν	o(ra=n	ὁράω	o(ra/w	v-sppana-
ὁρᾶν	o(ra=n	ὁράω	o(ra/w	v-sppamn-
ὁρᾶν	o(ra=n	ὁράω	o(ra/w	v--pna---
ὁρᾶν	o(ra=n	ὁράω	o(ra/w	v--pna---
ὁρᾶτε	o(ra=te	ὁράω	o(ra/w	v2ppma---
ὁρᾶτε	o(ra=te	ὁράω	o(ra/w	v2ppsa---
ὁρᾶτε	o(ra=te	ὁράω	o(ra/w	v2ppia---
ὁρᾶτε	o(ra=te	ὁράω	o(ra/w	v2piia---
ὁρᾷς	o(ra=|s	ὁράω	o(ra/w	v2spsa---
ὁρᾷς	o(ra=|s	ὁράω	o(ra/w	v2spia---
ὁρῶ	o(rw=	ὁράω	o(ra/w	v2spmm---
ὁρῶ	o(rw=	ὁράω	o(ra/w	v2spme---
ὁρῶ	o(rw=	ὁράω	o(ra/w	v1spsa---
ὁρῶ	o(rw=	ὁράω	o(ra/w	v1spia---
ὁρῶ	o(rw=	ὁράω	o(ra/w	v1spsa---
ὁρῶ	o(rw=	ὁράω	o(ra/w	v1spia---
ὁρῶ	o(rw=	ὁράω	o(ra/w	v2siie---
ὁρῶ	o(rw=	ὁράω	o(ra/w	v2siim---
ὁρῶντας	o(rw=ntas	ὁράω	o(ra/w	v-pppama-
ὁρῶσα	o(rw=sa	ὁράω	o(ra/w	v-sppafn-
ὁρῶσα	o(rw=sa	ὁράω	o(ra/w	v-sppafv-
ὁρῶσι	o(rw=si	ὁράω	o(ra/w	v-pppamd-
ὁρῶσι	o(rw=si	ὁράω	o(ra/w	v-pppand-
ὁρῶσι	o(rw=si	ὁράω	o(ra/w	v3ppsa---
ὁρῶσι	o(rw=si	ὁράω	o(ra/w	v3ppia---
ὁρῶσι	o(rw=si	ὁράω	o(ra/w	v3ppsa---
ὁσίως	o(si/ws	ὅσιος	o(/sios	x--------
ὁσίως	o(si/ws	ὅσιος	o(/sios	a-p---ma-
ὁσίως	o(si/ws	ὅσιος	o(/sios	x--------
ὁσίως	o(si/ws	ὅσιος	o(/sios	n-p---ma-
ὁσίως	o(si/ws	ὅσιος	o(/sios	n-p---fa-
ὁσίως	o(si/ws	ὁσιόω	o(sio/w	v2siia---
ὄκνον	o)/knon	ὄκνος	o)/knos	n-s---ma-
ὄκνῳ	o)/knw|	ὄκνος	o)/knos	n-s---md-
ὄλβιοι	o)/lbioi	ὄλβιος	o)/lbios	a-p---mn-
ὄλβιοι	o)/lbioi	ὄλβιος	o)/lbios	a-p---mv-
ὄλβιοι	o)/lbioi	ὄλβιος	o)/lbios	n-p---mn-
ὄλβιοι	o)/lbioi	ὄλβιος	o)/lbios	n-p---mv-
ὄλβιοι	o)/lbioi	ὄλβιος	o)/lbios	n-p---fn-
ὄλβιοι	o)/lbioi	ὄλβιος	o)/lbios	n-p---fv-
ὄλβιον	o)/lbion	ὄλβιος	o)/lbios	a-s---ma-
ὄλβιον	o)/lbion	ὄλβιος	o)/lbios	a-s---nn-
ὄλβιον	o)/lbion	ὄλβιος	o)/lbios	a-s---nv-
ὄλβιον	o)/lbion	ὄλβιος	o)/lbios	a-s---na-
ὄλβιον	o)/lbion	ὄλβιος	o)/lbios	n-s---ma-
ὄλβιον	o)/lbion	ὄλβιος	o)/lbios	n-s---fa-
ὄλβιον	o)/lbion	ὄλβιος	o)/lbios	n-s---nn-
ὄλβιον	o)/lbion	ὄλβιος	o)/lbios	n-s---nv-
ὄλβιον	o)/lbion	ὄλβιος	o)/lbios	n-s---na-
ὄλβιός	o)/lbio/s	ὄλβιος	o)/lbios	a-s---mn-
ὄλβιός	o)/lbio/s	ὄλβιος	o)/lbios	n-s---mn-
ὄλβιός	o)/lbio/s	ὄλβιος	o)/lbios	n-s---fn-
ὄλβον	o)/lbon	ὄλβος	o)/lbos	n-s---ma-
ὄλβῳ	o)/lbw|	ὄλβος	o)/lbos	n-s---md-
ὄλοιντ’	o)/loint'	ὄλλυμι	o)/llumi	v3paom---
ὄμμα	o)/mma	ὄμμα	o)/mma	n-s---nn-
ὄμμα	o)/mma	ὄμμα	o)/mma	n-s---nv-
ὄμμα	o)/mma	ὄμμα	o)/mma	n-s---na-
ὄμμ’	o)/mm'	ὄμμα	o)/mma	n-s---nn-
ὄμμ’	o)/mm'	ὄμμα	o)/mma	n-s---nv-
ὄμμ’	o)/mm'	ὄμμα	o)/mma	n-s---na-
ὄνομα	o)/noma	ὄνομα	o)/noma	n-s---nn-
ὄνομα	o)/noma	ὄνομα	o)/noma	n-s---nv-
ὄνομα	o)/noma	ὄνομα	o)/noma	n-s---na-
ὄνυξιν	o)/nucin	ὄνυξ	o)/nuc	n-p---md-
ὄνυχα	o)/nuxa	ὄνυξ	o)/nuc	n-s---ma-
ὄπα	o)/pa	ὄψ	o)/y	n-s---fa-
ὄπισθεν	o)/pisqen	ὄπισθεν	o)/pisqen	d--------
ὄπισθεν	o)/pisqen	ὀπίζω	o)pi/zw	v3paip---
ὄρνις	o)/rnis	ὄρνις	o)/rnis	n-p---ma-
ὄρνις	o)/rnis	ὄρνις	o)/rnis	n-p---fa-
ὄρνις	o)/rnis	ὄρνις	o)/rnis	n-s---mn-
ὄρνις	o)/rnis	ὄρνις	o)/rnis	n-s---fn-
ὄσσων	o)/sswn	ὄσσε	o)/sse	n-p---ng-
ὄφεος	o)/feos	ὄφις	o)/fis	n-s---mg-
ὄφλω	o)/flw	ὀφλισκάνω	o)fliska/nw	v1sasa---
ὄχθον	o)/xqon	ὄχθος	o)/xqos	n-s---ma-
ὄχλον	o)/xlon	ὄχλος	o)/xlos	n-s---ma-
ὄχλος	o)/xlos	ὄχλος	o)/xlos	n-s---mn-
ὄχλῳ	o)/xlw|	ὄχλος	o)/xlos	n-s---md-
ὄχους	o)/xous	ὄχος	o)/xos	n-p---ma-
ὄχων	o)/xwn	ὄχος	o)/xos	n-p---mg-
ὄψις	o)/yis	ὄψις	o)/yis	n-p---fa-
ὄψις	o)/yis	ὄψις	o)/yis	n-s---fn-
ὄψομαι	o)/yomai	ὁράω	o(ra/w	v1sasm---
ὄψομαι	o)/yomai	ὁράω	o(ra/w	v1sfim---
ὄψομαί	o)/yomai/	ὁράω	o(ra/w	v1sasm---
ὄψομαί	o)/yomai/	ὁράω	o(ra/w	v1sfim---
ὄψῃ	o)/yh|	ὁράω	o(ra/w	v2sasm---
ὄψῃ	o)/yh|	ὁράω	o(ra/w	v2sfim---
ὄψῃ	o)/yh|	ὄψις	o)/yis	n-s---fd-
ὅ	o(/	ὁ	o(	l-s---mn-
ὅ	o(/	ὅς	o(/s	p-s---nn-
ὅ	o(/	ὅς	o(/s	p-s---nv-
ὅ	o(/	ὅς	o(/s	p-s---na-
ὅδε	o(/de	ὅδε	o(/de	n-s---mn-
ὅδ’	o(/d'	ὅδε	o(/de	n-s---mn-
ὅθεν	o(/qen	ὅθεν	o(/qen	d--------
ὅθ’	o(/q'	ὅθι	o(/qi	d--------
ὅθ’	o(/q'	ὅστε	o(/ste	p-s---nn-
ὅθ’	o(/q'	ὅστε	o(/ste	p-s---nv-
ὅθ’	o(/q'	ὅστε	o(/ste	p-s---na-
ὅθ’	o(/q'	ὅστις	o(/stis	p-s---nn-
ὅθ’	o(/q'	ὅστις	o(/stis	p-s---na-
ὅθ’	o(/q'	ὅτε	o(/te	c--------
ὅθ’	o(/q'	ὅτι1	o(/ti1	d--------
ὅθ’	o(/q'	ὅτι2	o(/ti2	c--------
ὅμοιον	o(/moion	ὅμοιος	o(/moios	a-s---ma-
ὅμοιον	o(/moion	ὅμοιος	o(/moios	a-s---nn-
ὅμοιον	o(/moion	ὅμοιος	o(/moios	a-s---nv-
ὅμοιον	o(/moion	ὅμοιος	o(/moios	a-s---na-
ὅμοιον	o(/moion	ὁμοῖος	o(moi=os	a-s---ma-
ὅμοιον	o(/moion	ὁμοῖος	o(moi=os	a-s---nn-
ὅμοιον	o(/moion	ὁμοῖος	o(moi=os	a-s---nv-
ὅμοιον	o(/moion	ὁμοῖος	o(moi=os	a-s---na-
ὅμως	o(/mws	ὅμως	o(/mws	c--------
ὅμως	o(/mws	ὁμόω	o(mo/w	v2siia---
ὅν	o(/n	ὅς	o(/s	p-s---ma-
ὅν	o(/n	ὅς	o(/s	p-s---na-
ὅντιν’	o(/ntin'	ὅστις	o(/stis	p-s---ma-
ὅπλα	o(/pla	ὅπλον	o(/plon	n-p---nn-
ὅπλα	o(/pla	ὅπλον	o(/plon	n-p---nv-
ὅπλα	o(/pla	ὅπλον	o(/plon	n-p---na-
ὅπλισμα	o(/plisma	ὅπλισμα	o(/plisma	n-s---nn-
ὅπλισμα	o(/plisma	ὅπλισμα	o(/plisma	n-s---nv-
ὅπλισμα	o(/plisma	ὅπλισμα	o(/plisma	n-s---na-
ὅπλοις	o(/plois	ὅπλον	o(/plon	n-p---nd-
ὅπου	o(/pou	ὅπου	o(/pou	d--------
ὅπως	o(/pws	ὅπως	o(/pws	c--------
ὅρκια	o(/rkia	ὅρκιον	o(/rkion	n-p---nn-
ὅρκια	o(/rkia	ὅρκιον	o(/rkion	n-p---nv-
ὅρκια	o(/rkia	ὅρκιον	o(/rkion	n-p---na-
ὅρκια	o(/rkia	ὅρκιος	o(/rkios	a-p---nn-
ὅρκια	o(/rkia	ὅρκιος	o(/rkios	a-p---nv-
ὅρκια	o(/rkia	ὅρκιος	o(/rkios	a-p---na-
ὅρκια	o(/rkia	ὅρκιος	o(/rkios	n-p---nn-
ὅρκια	o(/rkia	ὅρκιος	o(/rkios	n-p---nv-
ὅρκια	o(/rkia	ὅρκιος	o(/rkios	n-p---na-
ὅρκοις	o(/rkois	ὅρκος	o(/rkos	n-p---md-
ὅρκον	o(/rkon	ὅρκος	o(/rkos	n-s---ma-
ὅρκος	o(/rkos	ὅρκος	o(/rkos	n-s---mn-
ὅρκους	o(/rkous	ὅρκος	o(/rkos	n-p---ma-
ὅρκους	o(/rkous	ὁρκόω	o(rko/w	v2siia---
ὅρκων	o(/rkwn	ὅρκος	o(/rkos	n-p---mg-
ὅρκων	o(/rkwn	ὁρκόω	o(rko/w	v3piia---
ὅρκων	o(/rkwn	ὁρκόω	o(rko/w	v1siia---
ὅρους	o(/rous	ὅρος	o(/ros	n-p---ma-
ὅς	o(/s	ὅς	o(/s	p-s---mn-
ὅσας	o(/sas	ὅσος	o(/sos	a-p---fa-
ὅσας	o(/sas	ὅσος	o(/sos	a-s---fg-
ὅσην	o(/shn	ὅσος	o(/sos	a-s---fa-
ὅσια	o(/sia	ὅσιος	o(/sios	a-p---nn-
ὅσια	o(/sia	ὅσιος	o(/sios	a-p---nv-
ὅσια	o(/sia	ὅσιος	o(/sios	a-p---na-
ὅσια	o(/sia	ὅσιος	o(/sios	n-p---nn-
ὅσια	o(/sia	ὅσιος	o(/sios	n-p---nv-
ὅσια	o(/sia	ὅσιος	o(/sios	n-p---na-
ὅσιος	o(/sios	ὅσιος	o(/sios	a-s---mn-
ὅσιος	o(/sios	ὅσιος	o(/sios	n-s---mn-
ὅσιος	o(/sios	ὅσιος	o(/sios	n-s---fn-
ὅσιόν	o(/sio/n	ὅσιος	o(/sios	a-s---ma-
ὅσιόν	o(/sio/n	ὅσιος	o(/sios	a-s---nn-
ὅσιόν	o(/sio/n	ὅσιος	o(/sios	a-s---nv-
ὅσιόν	o(/sio/n	ὅσιος	o(/sios	a-s---na-
ὅσιόν	o(/sio/n	ὅσιος	o(/sios	n-s---ma-
ὅσιόν	o(/sio/n	ὅσιος	o(/sios	n-s---fa-
ὅσιόν	o(/sio/n	ὅσιος	o(/sios	n-s---nn-
ὅσιόν	o(/sio/n	ὅσιος	o(/sios	n-s---nv-
ὅσιόν	o(/sio/n	ὅσιος	o(/sios	n-s---na-
ὅσοι	o(/soi	ὅσος	o(/sos	a-p---mn-
ὅσοι	o(/soi	ὅσος	o(/sos	a-p---mv-
ὅσον	o(/son	ὅσος	o(/sos	a-s---ma-
ὅσον	o(/son	ὅσος	o(/sos	a-s---nn-
ὅσον	o(/son	ὅσος	o(/sos	a-s---nv-
ὅσον	o(/son	ὅσος	o(/sos	a-s---na-
ὅσσον	o(/sson	ὅσος	o(/sos	a-s---ma-
ὅσσον	o(/sson	ὅσος	o(/sos	a-s---nn-
ὅσσον	o(/sson	ὅσος	o(/sos	a-s---nv-
ὅσσον	o(/sson	ὅσος	o(/sos	a-s---na-
ὅστις	o(/stis	ὅστις	o(/stis	p-s---mn-
ὅσῳ	o(/sw|	ὅσος	o(/sos	a-s---md-
ὅσῳ	o(/sw|	ὅσος	o(/sos	a-s---nd-
ὅσ’	o(/s'	ὅσος	o(/sos	a-p---nn-
ὅσ’	o(/s'	ὅσος	o(/sos	a-p---nv-
ὅσ’	o(/s'	ὅσος	o(/sos	a-p---na-
ὅσ’	o(/s'	ὅσος	o(/sos	a-s---mv-
ὅσ’	o(/s'	ὅσος	o(/sos	a-p---fn-
ὅσ’	o(/s'	ὅσος	o(/sos	a-p---fv-
ὅσ’	o(/s'	ὅσος	o(/sos	a-s---fd-
ὅταν	o(/tan	ὅταν	o(/tan	c--------
ὅτῳ	o(/tw|	ὅστις	o(/stis	p-s---md-
ὅτῳ	o(/tw|	ὅστις	o(/stis	p-s---nd-
ὅτ’	o(/t'	ὅστε	o(/ste	p-s---nn-
ὅτ’	o(/t'	ὅστε	o(/ste	p-s---nv-
ὅτ’	o(/t'	ὅστε	o(/ste	p-s---na-
ὅτ’	o(/t'	ὅστις	o(/stis	p-s---nn-
ὅτ’	o(/t'	ὅστις	o(/stis	p-s---na-
ὅτ’	o(/t'	ὅτε	o(/te	c--------
ὅτ’	o(/t'	ὅτι1	o(/ti1	d--------
ὅτ’	o(/t'	ὅτι2	o(/ti2	c--------
ὑβρισθέν	u(brisqe/n	ὑβρίζω	u(bri/zw	v-sappnn-
ὑβρισθέν	u(brisqe/n	ὑβρίζω	u(bri/zw	v-sappnv-
ὑβρισθέν	u(brisqe/n	ὑβρίζω	u(bri/zw	v-sappna-
ὑβρισταί	u(bristai/	ὑβριστής	u(bristh/s	n-p---mn-
ὑβρισταί	u(bristai/	ὑβριστής	u(bristh/s	n-p---mv-
ὑβριστήν	u(bristh/n	ὑβριστής	u(bristh/s	n-s---ma-
ὑβρίζειν	u(bri/zein	ὑβρίζω	u(bri/zw	v--pna---
ὑβρίζουσ’	u(bri/zous'	ὑβρίζω	u(bri/zw	v-sppafn-
ὑβρίζουσ’	u(bri/zous'	ὑβρίζω	u(bri/zw	v-sppafv-
ὑβρίζουσ’	u(bri/zous'	ὑβρίζω	u(bri/zw	v-pppamd-
ὑβρίζουσ’	u(bri/zous'	ὑβρίζω	u(bri/zw	v-pppand-
ὑβρίζουσ’	u(bri/zous'	ὑβρίζω	u(bri/zw	v3ppia---
ὑβρίζουσ’	u(bri/zous'	ὑβρίζω	u(bri/zw	v-pppafn-
ὑβρίζουσ’	u(bri/zous'	ὑβρίζω	u(bri/zw	v-pppafv-
ὑβρίζων	u(bri/zwn	ὑβρίζω	u(bri/zw	v-sppamn-
ὑβρίζῃ	u(bri/zh|	ὑβρίζω	u(bri/zw	v2spse---
ὑβρίζῃ	u(bri/zh|	ὑβρίζω	u(bri/zw	v2spie---
ὑβρίζῃ	u(bri/zh|	ὑβρίζω	u(bri/zw	v3spsa---
ὑγρά	u(gra/	ὑγρός	u(gro/s	a-p---nn-
ὑγρά	u(gra/	ὑγρός	u(gro/s	a-p---nv-
ὑγρά	u(gra/	ὑγρός	u(gro/s	a-p---na-
ὑγρά	u(gra/	ὑγρός	u(gro/s	a-d---fn-
ὑγρά	u(gra/	ὑγρός	u(gro/s	a-d---fv-
ὑγρά	u(gra/	ὑγρός	u(gro/s	a-d---fa-
ὑγρά	u(gra/	ὑγρός	u(gro/s	a-s---fn-
ὑγρά	u(gra/	ὑγρός	u(gro/s	a-s---fv-
ὑδρηλάς	u(drhla/s	ὑδρηλός	u(drhlo/s	a-p---fa-
ὑμεναίων	u(menai/wn	ὑμέναιος	u(me/naios	n-p---mg-
ὑμεναίων	u(menai/wn	ὑμεναιόω	u(menaio/w	v3piia---
ὑμεναίων	u(menai/wn	ὑμεναιόω	u(menaio/w	v1siia---
ὑμεναίων	u(menai/wn	ὑμεναιόω	u(menaio/w	v3piia---
ὑμεναίων	u(menai/wn	ὑμεναιόω	u(menaio/w	v1siia---
ὑμνοποιόν	u(mnopoio/n	ὑμνοποιός	u(mnopoio/s	n-s---ma-
ὑμνοποιόν	u(mnopoio/n	ὑμνοποιός	u(mnopoio/s	n-s---fa-
ὑμνοποιόν	u(mnopoio/n	ὑμνοποιός	u(mnopoio/s	n-s---nn-
ὑμνοποιόν	u(mnopoio/n	ὑμνοποιός	u(mnopoio/s	n-s---nv-
ὑμνοποιόν	u(mnopoio/n	ὑμνοποιός	u(mnopoio/s	n-s---na-
ὑμᾶς	u(ma=s	σύ	su/	p-p----a-
ὑμᾶς	u(ma=s	ὑμός	u(mo/s	a-s---fg-
ὑμῖν	u(mi=n	σύ	su/	p-p----d-
ὑμῶν	u(mw=n	σύ	su/	p-p----g-
ὑμῶν	u(mw=n	ὑμός	u(mo/s	a-p---fg-
ὑμῶν	u(mw=n	ὑμός	u(mo/s	a-p---mg-
ὑμῶν	u(mw=n	ὑμός	u(mo/s	a-p---ng-
ὑπειπεῖν	u(peipei=n	ὑπεῖπον	u(pei=pon	v--ana---
ὑπεκβᾶσ’	u(pekba=s'	ὑπεκβᾶσα	u(pekba=sa	v-sppafn-
ὑπεκβᾶσ’	u(pekba=s'	ὑπεκβᾶσα	u(pekba=sa	v-sppafv-
ὑπεκβᾶσ’	u(pekba=s'	ὑπεκβᾶσι	u(pekba=si	v-pppamd-
ὑπεκβᾶσ’	u(pekba=s'	ὑπεκβᾶσι	u(pekba=si	v-pppand-
ὑπεκβᾶσ’	u(pekba=s'	ὑπεκβᾶσαι	u(pekba=sai	v-pppafn-
ὑπεκβᾶσ’	u(pekba=s'	ὑπεκβᾶσαι	u(pekba=sai	v-pppafv-
ὑπεκβᾶσ’	u(pekba=s'	ὑπό-ἐκβάζω	u(po/-e)kba/zw	v-sfpafn-
ὑπεκβᾶσ’	u(pekba=s'	ὑπό-ἐκβάζω	u(po/-e)kba/zw	v-sfpafv-
ὑπεκβᾶσ’	u(pekba=s'	ὑπό-ἐκβάζω	u(po/-e)kba/zw	v-sfpafn-
ὑπεκβᾶσ’	u(pekba=s'	ὑπό-ἐκβάζω	u(po/-e)kba/zw	v-sfpafv-
ὑπεκβᾶσ’	u(pekba=s'	ὑπό-ἐκβάζω	u(po/-e)kba/zw	v-pfpamd-
ὑπεκβᾶσ’	u(pekba=s'	ὑπό-ἐκβάζω	u(po/-e)kba/zw	v-pfpand-
ὑπεκβᾶσ’	u(pekba=s'	ὑπό-ἐκβάζω	u(po/-e)kba/zw	v-pfpamd-
ὑπεκβᾶσ’	u(pekba=s'	ὑπό-ἐκβάζω	u(po/-e)kba/zw	v-pfpand-
ὑπεκβᾶσ’	u(pekba=s'	ὑπό-ἐκβάζω	u(po/-e)kba/zw	v-pfpafn-
ὑπεκβᾶσ’	u(pekba=s'	ὑπό-ἐκβάζω	u(po/-e)kba/zw	v-pfpafv-
ὑπεκβᾶσ’	u(pekba=s'	ὑπό-ἐκβάζω	u(po/-e)kba/zw	v-pfpafn-
ὑπεκβᾶσ’	u(pekba=s'	ὑπό-ἐκβάζω	u(po/-e)kba/zw	v-pfpafv-
ὑπεκβᾶσ’	u(pekba=s'	ὑπό-ἐκβαίνω	u(po/-e)kbai/nw	v-sapafn-
ὑπεκβᾶσ’	u(pekba=s'	ὑπό-ἐκβαίνω	u(po/-e)kbai/nw	v-sapafv-
ὑπεκβᾶσ’	u(pekba=s'	ὑπό-ἐκβαίνω	u(po/-e)kbai/nw	v-papamd-
ὑπεκβᾶσ’	u(pekba=s'	ὑπό-ἐκβαίνω	u(po/-e)kbai/nw	v-papand-
ὑπεκβᾶσ’	u(pekba=s'	ὑπό-ἐκβαίνω	u(po/-e)kbai/nw	v-papafn-
ὑπεκβᾶσ’	u(pekba=s'	ὑπό-ἐκβαίνω	u(po/-e)kbai/nw	v-papafv-
ὑπεκβᾶσ’	u(pekba=s'	ὑπό-ἐκβαίνω	u(po/-e)kbai/nw	v--ana---
ὑπεκφύγοις	u(pekfu/gois	ὑπεκφεύγω	u(pekfeu/gw	v2saoa---
ὑπερακρίζει	u(perakri/zei	ὑπερακρίζω	u(perakri/zw	v2spie---
ὑπερακρίζει	u(perakri/zei	ὑπερακρίζω	u(perakri/zw	v3spia---
ὑπερακρίζει	u(perakri/zei	ὑπερακρίζω	u(perakri/zw	v2spie---
ὑπερακρίζει	u(perakri/zei	ὑπερακρίζω	u(perakri/zw	v3spia---
ὑπερβολάς	u(perbola/s	ὑπερβολή	u(perbolh/	n-p---fa-
ὑπείδετο	u(pei/deto	ὑπειδόμην	u(peido/mhn	v3saim---
ὑπείδετο	u(pei/deto	ὑπειδόμην	u(peido/mhn	v3saim---
ὑπηρετεῖς	u(phretei=s	ὑπηρετέω	u(phrete/w	v2spia---
ὑπηχῆσαι	u(phxh=sai	ὑπηχέω	u(phxe/w	v--ana---
ὑπηχῆσαι	u(phxh=sai	ὑπηχέω	u(phxe/w	v--ana---
ὑποβάλω	u(poba/lw	ὑποβάλλω	u(poba/llw	v1sasa---
ὑποβάλω	u(poba/lw	ὑποβάλλω	u(poba/llw	v1sasa---
ὑποβάλω	u(poba/lw	ὑποβάλλω	u(poba/llw	v2saim---
ὑπολελειμμένα	u(poleleimme/na	ὑπολείπω	u(polei/pw	v-prpenn-
ὑπολελειμμένα	u(poleleimme/na	ὑπολείπω	u(polei/pw	v-prpenv-
ὑπολελειμμένα	u(poleleimme/na	ὑπολείπω	u(polei/pw	v-prpena-
ὑπολελειμμένα	u(poleleimme/na	ὑπολείπω	u(polei/pw	v-drpefn-
ὑπολελειμμένα	u(poleleimme/na	ὑπολείπω	u(polei/pw	v-drpefv-
ὑπολελειμμένα	u(poleleimme/na	ὑπολείπω	u(polei/pw	v-drpefa-
ὑπολελειμμένα	u(poleleimme/na	ὑπολείπω	u(polei/pw	v-srpefn-
ὑπολελειμμένα	u(poleleimme/na	ὑπολείπω	u(polei/pw	v-srpefv-
ὑποστατόν	u(postato/n	ὑποστατός	u(postato/s	n-s---ma-
ὑποστατόν	u(postato/n	ὑποστατός	u(postato/s	n-s---fa-
ὑποστατόν	u(postato/n	ὑποστατός	u(postato/s	n-s---nn-
ὑποστατόν	u(postato/n	ὑποστατός	u(postato/s	n-s---nv-
ὑποστατόν	u(postato/n	ὑποστατός	u(postato/s	n-s---na-
ὑποστῆναι	u(posth=nai	ὑφίστημι	u(fi/sthmi	v--ana---
ὑπουργῆσαί	u(pourgh=sai/	ὑπουργέω	u(pourge/w	v--ana---
ὑποῦσιν	u(pou=sin	ὕπειμι1	u(/peimi1	v-pppamd-
ὑποῦσιν	u(pou=sin	ὕπειμι1	u(/peimi1	v-pppand-
ὑπέρ	u(pe/r	ὑπέρ	u(pe/r	r--------
ὑπό	u(po/	ὑπό	u(po/	r--------
ὑπῆλθε	u(ph=lqe	ὑπέρχομαι	u(pe/rxomai	v3saia---
ὑπῆλθε	u(ph=lqe	ὑπέρχομαι	u(pe/rxomai	v3saia---
ὑστέραισιν	u(ste/raisin	ὕστερος	u(/steros	a-p---fd-
ὑστέραισιν	u(ste/raisin	ὑστέρα	u(ste/ra	n-p---fd-
ὑστέροισι	u(ste/roisi	ὕστερον	u(/steron	n-p---nd-
ὑστέροισι	u(ste/roisi	ὕστερος	u(/steros	a-p---md-
ὑστέροισι	u(ste/roisi	ὕστερος	u(/steros	a-p---nd-
ὑφ’	u(f'	ὑφή	u(fh/	n-d---fn-
ὑφ’	u(f'	ὑφή	u(fh/	n-d---fv-
ὑφ’	u(f'	ὑφή	u(fh/	n-d---fa-
ὑφ’	u(f'	ὑφή	u(fh/	n-s---fn-
ὑφ’	u(f'	ὑφή	u(fh/	n-s---fv-
ὑφ’	u(f'	ὑφή	u(fh/	n-p---fn-
ὑφ’	u(f'	ὑφή	u(fh/	n-p---fv-
ὑφ’	u(f'	ὑπό	u(po/	r--------
ὑφ’	u(f'	ὑπό	u(po/	r--------
ὑψηλόν	u(yhlo/n	ὑψηλός	u(yhlo/s	a-s---ma-
ὑψηλόν	u(yhlo/n	ὑψηλός	u(yhlo/s	a-s---nn-
ὑψηλόν	u(yhlo/n	ὑψηλός	u(yhlo/s	a-s---nv-
ὑψηλόν	u(yhlo/n	ὑψηλός	u(yhlo/s	a-s---na-
ὕβριζ’	u(/briz'	ὑβρίζω	u(bri/zw	v3siia---
ὕβριζ’	u(/briz'	ὑβρίζω	u(bri/zw	v2spma---
ὕβριζ’	u(/briz'	ὑβρίζω	u(bri/zw	v3siia---
ὕβριν	u(/brin	ὕβρις	u(/bris	n-s---fa-
ὕβρις	u(/bris	ὕβρις	u(/bris	n-p---fa-
ὕβρις	u(/bris	ὕβρις	u(/bris	n-s---fn-
ὕδωρ	u(/dwr	ὕδωρ	u(/dwr	n-s---nn-
ὕδωρ	u(/dwr	ὕδωρ	u(/dwr	n-s---nv-
ὕδωρ	u(/dwr	ὕδωρ	u(/dwr	n-s---na-
ὕπαντα	u(/panta	ὕπαντα	u(/panta	d--------
ὕπερ	u(/per	ὑπέρ	u(pe/r	r--------
ὠδῖσι	w)di=si	ὠδίς	w)di/s	n-p---fd-
ὠκυθόαι	w)kuqo/ai	ὠκύθοος	w)ku/qoos	a-s---fd-
ὠμή	w)mh/	ὠμός	w)mo/s	a-s---fn-
ὠμή	w)mh/	ὠμός	w)mo/s	a-s---fv-
ὠνόμαζε	w)no/maze	ὀνομάζω	o)noma/zw	v3siia---
ὠφελεῖν	w)felei=n	ὠφελέω	w)fele/w	v--pna---
ὠφελεῖς	w)felei=s	ὠφελέω	w)fele/w	v2spia---
ὠφελήσει	w)felh/sei	ὠφέλησις	w)fe/lhsis	n-d---fn-
ὠφελήσει	w)felh/sei	ὠφέλησις	w)fe/lhsis	n-d---fv-
ὠφελήσει	w)felh/sei	ὠφέλησις	w)fe/lhsis	n-d---fa-
ὠφελήσει	w)felh/sei	ὠφέλησις	w)fe/lhsis	n-s---fd-
ὠφελήσει	w)felh/sei	ὠφέλησις	w)fe/lhsis	n-s---fd-
ὠφελήσει	w)felh/sei	ὠφελέω	w)fele/w	v3sasa---
ὠφελήσει	w)felh/sei	ὠφελέω	w)fele/w	v2sfim---
ὠφελήσει	w)felh/sei	ὠφελέω	w)fele/w	v3sfia---
ὠφελήσει	w)felh/sei	ὠφελέω	w)fele/w	v2stie---
ὠφελήσει	w)felh/sei	ὠφελέω	w)fele/w	v3stia---
ὠφελῶσι	w)felw=si	ὠφελέω	w)fele/w	v3ppsa---
ὡραίων	w(rai/wn	ὡραῖος	w(rai=os	a-p---fg-
ὡραίων	w(rai/wn	ὡραῖος	w(rai=os	a-p---mg-
ὡραίων	w(rai/wn	ὡραῖος	w(rai=os	a-p---ng-
ὡς	w(s	ὡς	w(s	c--------
ὡσεί	w(sei/	ὡσεί	w(sei/	d--------
ὤ	w)/	ὦ	w)=	x--------
ὤλεσε	w)/lese	ὄλλυμι	o)/llumi	v3saia---
ὤμοσεν	w)/mosen	ὄμνυμι	o)/mnumi	v3saia---
ὤν	w)/n	εἰμί	ei)mi/	v-sppamn-
ὤφελεν	w)/felen	ὀφείλω	o)fei/lw	v3saia---
ὤφελ’	w)/fel'	ὀφείλω	o)fei/lw	v3saia---
ὥς	w(/s	ὅς	o(/s	p-p---ma-
ὥς	w(/s	ὡς	w(s	c--------
ὥς	w(/s	ὡς	w(s	d--------
ὥσθ’	w(/sq'	ὥστε	w(/ste	d--------
ὥσπερ	w(/sper	ὥσπερ	w(/sper	d--------
ὥστε	w(/ste	ὥστε	w(/ste	d--------
ὦ	w)=	εἰμί	ei)mi/	v1spsa---
ὦ	w)=	ὦ	w)=	x--------
ὧδε	w(=de	ὧδε	w(=de	d--------
ὧδ’	w(=d'	ὧδε	w(=de	d--------
ὧν	w(=n	ὅς	o(/s	p-p---fg-
ὧν	w(=n	ὅς	o(/s	p-p---mg-
ὧν	w(=n	ὅς	o(/s	p-p---ng-
Ὦ	*)=w	εἰμί	ei)mi/	v1spsa---
Ὦ	*)=w	ὦ	w)=	x--------
ᾄσσω	a)/|ssw	ἀίσσω	a)i/ssw	v1spsa---
ᾄσσω	a)/|ssw	ἀίσσω	a)i/ssw	v1spia---
ᾑρέθην	h(|re/qhn	αἱρέω	ai(re/w	v3paip---
ᾑρέθην	h(|re/qhn	αἱρέω	ai(re/w	v1saip---
ᾔσθετο	h)/|sqeto	αἰσθάνομαι	ai)sqa/nomai	v3saim---
ᾔσθετο	h)/|sqeto	αἰσθάνομαι	ai)sqa/nomai	v3siie---
ᾗ	h(=|	ᾗ	h(=|	d--------
ᾗ	h(=|	ἵημι	i(/hmi	v2sasm---
ᾗ	h(=|	ἵημι	i(/hmi	v3sasa---
ᾗ	h(=|	ἵημι	i(/hmi	v3sasa---
ᾗ	h(=|	ὅς	o(/s	p-s---fd-
ᾗπερ	h(=|per	ᾗπερ	h(=|per	c--------
ᾠδάς	w)|da/s	ἀοιδή	a)oidh/	n-p---fa-
ᾠδάς	w)|da/s	ᾠδή	w)|dh/	n-p---fa-
ᾤχετ’	w)/|xet'	ὀίζω	o)i/zw	v2plia---
ᾤχετ’	w)/|xet'	ὀίζω	o)i/zw	v2prma---
ᾤχετ’	w)/|xet'	ὀίζω	o)i/zw	v2plia---
ᾤχετ’	w)/|xet'	οἴχομαι	oi)/xomai	v3siie---
ᾤχετ’	w)/|xet'	ὠίζω	w)i/zw	v2plia---
ᾤχετ’	w)/|xet'	ὠίζω	w)i/zw	v2prma---
ᾤχετ’	w)/|xet'	ὠίζω	w)i/zw	v2plia---
ᾧ	w(=|	ὅς	o(/s	p-s---md-
ᾧ	w(=|	ὅς	o(/s	p-s---nd-
ῥαφάς	r(afa/s	ῥαφή	r(afh/	n-p---fa-
ῥεῦμα	r(eu=ma	ῥεῦμα	r(eu=ma	n-s---nn-
ῥεῦμα	r(eu=ma	ῥεῦμα	r(eu=ma	n-s---nv-
ῥεῦμα	r(eu=ma	ῥεῦμα	r(eu=ma	n-s---na-
ῥοάς	r(oa/s	ῥοάς	r(oa/s	n-s---fn-
ῥοάς	r(oa/s	ῥοή	r(oh/	n-p---fa-
ῥυθμόν	r(uqmo/n	ῥυθμός	r(uqmo/s	n-s---ma-
ῥυσά	r(usa/	ῥυσή	r(ush/	n-d---fn-
ῥυσά	r(usa/	ῥυσή	r(ush/	n-d---fv-
ῥυσά	r(usa/	ῥυσή	r(ush/	n-d---fa-
ῥυσά	r(usa/	ῥυσή	r(ush/	n-s---fn-
ῥυσά	r(usa/	ῥυσή	r(ush/	n-s---fv-
ῥυσά	r(usa/	ῥυσός	r(uso/s	a-p---nn-
ῥυσά	r(usa/	ῥυσός	r(uso/s	a-p---nv-
ῥυσά	r(usa/	ῥυσός	r(uso/s	a-p---na-
ῥυσά	r(usa/	ῥυσός	r(uso/s	a-d---fn-
ῥυσά	r(usa/	ῥυσός	r(uso/s	a-d---fv-
ῥυσά	r(usa/	ῥυσός	r(uso/s	a-d---fa-
ῥυσά	r(usa/	ῥυσός	r(uso/s	a-s---fn-
ῥυσά	r(usa/	ῥυσός	r(uso/s	a-s---fv-
ῥέοι	r(e/oi	ῥέω	r(e/w	v3spoa---
ῥέουσα	r(e/ousa	ῥέω	r(e/w	v-sppafn-
ῥέουσα	r(e/ousa	ῥέω	r(e/w	v-sppafv-
ῥύῃ	r(u/h|	ῥύομαι	r(u/omai	v2sase---
ῥύῃ	r(u/h|	ῥύομαι	r(u/omai	v2spse---
ῥύῃ	r(u/h|	ῥύομαι	r(u/omai	v2spie---
ῥώμη	r(w/mh	ῥώμη	r(w/mh	n-s---fn-
ῥώμη	r(w/mh	ῥώμη	r(w/mh	n-s---fv-
ῥώμῃ	r(w/mh|	ῥώμη	r(w/mh	n-s---fd-
ῥᾳδίως	r(a|di/ws	ῥᾴδιος	r(a/|dios	x--------
ῥᾳδίως	r(a|di/ws	ῥᾴδιος	r(a/|dios	a-p---ma-
ῥᾳδίως	r(a|di/ws	ῥᾴδιος	r(a/|dios	x--------
ῥᾳδίως	r(a|di/ws	ῥᾴδιος	r(a/|dios	n-p---ma-
ῥᾳδίως	r(a|di/ws	ῥᾴδιος	r(a/|dios	n-p---fa-
ῥᾷστα	r(a=|sta	ῥᾴδιος	r(a/|dios	a-p---nn-
ῥᾷστα	r(a=|sta	ῥᾴδιος	r(a/|dios	a-p---nv-
ῥᾷστα	r(a=|sta	ῥᾴδιος	r(a/|dios	a-p---na-
’ν	'n	ἐν	e)n	r--------
’ν	'n	εἰς	ei)s	r--------
’ξαμαρτάνειν	'camarta/nein	ἐξαμαρτάνω	e)camarta/nw	v--pna---
’πιταξόμεσθα	'pitaco/mesqa	ἐπιτάσσω	e)pita/ssw	v1pasm---
’πιταξόμεσθα	'pitaco/mesqa	ἐπιτάσσω	e)pita/ssw	v1pfim---
’πιταξόμεσθα	'pitaco/mesqa	ἐπιτάσσω	e)pita/ssw	v1pasm---
’πιταξόμεσθα	'pitaco/mesqa	ἐπιτάσσω	e)pita/ssw	v1pfim---
’πιταξόμεσθα	'pitaco/mesqa	ἐπιτήκω	e)pith/kw	v1pfim---
’πίπροσθεν	'pi/prosqen	ἐπίπροσθεν	e)pi/prosqen	d--------
’πόνησ’	'po/nhs'	ἀπονέομαι	a)pone/omai	v2slie---
’πόνησ’	'po/nhs'	ἀπονέομαι	a)pone/omai	v2srme---
’πόνησ’	'po/nhs'	ἀπονέομαι	a)pone/omai	v2srie---
’πόνησ’	'po/nhs'	ἀπονέομαι	a)pone/omai	v2same---
’πόνησ’	'po/nhs'	ἀπονέω	a)pone/w	v1saia---
’πόνησ’	'po/nhs'	ἀπονέω	a)pone/w	v2slie---
’πόνησ’	'po/nhs'	ἀπονέω	a)pone/w	v2srme---
’πόνησ’	'po/nhs'	ἀπονέω	a)pone/w	v3saia---
’πόνησ’	'po/nhs'	ἀπονέω	a)pone/w	v2srie---
’πόνησ’	'po/nhs'	ἀπονέω	a)pone/w	v2samm---
’πόνησ’	'po/nhs'	ἀπονίναμαι	a)poni/namai	v1saia---
’πόνησ’	'po/nhs'	ἀπονίναμαι	a)poni/namai	v2samm---
’πόνησ’	'po/nhs'	ἀπονίναμαι	a)poni/namai	v3saia---
’πόνησ’	'po/nhs'	ἀπονίναμαι	a)poni/namai	v2samm---
’πόνησ’	'po/nhs'	ἐπόνησις	e)po/nhsis	n-s---fv-
’πόνησ’	'po/nhs'	πονέω	pone/w	v1saia---
’πόνησ’	'po/nhs'	πονέω	pone/w	v3saia---
’σφάλην	'sfa/lhn	σφάλλω	sfa/llw	v3paip---
’σφάλην	'sfa/lhn	σφάλλω	sfa/llw	v1saip---
’σφάλης	'sfa/lhs	σφάλλω	sfa/llw	v2saip---
