Αἰξωνέα	*ai)cwne/a	Αἰξωνεύς	*ai)cwneu/s	n-s---ma-
Αἰσχίνην	*ai)sxi/nhn	Αἰσχίνης	*ai)sxi/nhs	n-s---ma-
Αἰσχίνης	*ai)sxi/nhs	Αἰσχίνης	*ai)sxi/nhs	n-s---mn-
Αἰσώπου	*ai)sw/pou	Αἴσωπος	*ai)/swpos	n-s---mg-
Αἴγιναν	*ai)/ginan	Αἴγινα	*ai)/gina	n-s---fa-
Αἴσωπον	*ai)/swpon	Αἴσωπος	*ai)/swpos	n-s---ma-
Αὐτόμενες	*au)to/menes	Αὐτομένης	*au)tome/nhs	n-s---mv-
Βδελυκλέων	*bdelukle/wn	Βδελυκλέων	*bdelukle/wn	n-s---mn-
Βδελυκλέων	*bdelukle/wn	Βδελυκλέων	*bdelukle/wn	n-s---mv-
Βρασίδᾳ	*brasi/da|	Βρασίδας	*brasi/das	n-s---md-
Βυζαντίῳ	*buzanti/w|	Βυζάντιος	*buza/ntios	a-s---md-
Βυζαντίῳ	*buzanti/w|	Βυζάντιος	*buza/ntios	a-s---nd-
Βυζαντίῳ	*buzanti/w|	Βυζάντιος	*buza/ntios	n-s---nd-
Γοργίου	*gorgi/ou	Γοργίας	*gorgi/as	n-s---mg-
Δαρδανίς	*dardani/s	Δαρδανίς	*dardani/s	n-s---fn-
Δελφοῖς	*delfoi=s	Δελφοί	*delfoi/	n-p---md-
Δερκύλον	*derku/lon	Δερκύλος	*derku/los	n-s---ma-
Δημολογοκλέων	*dhmologokle/wn	Δημολογοκλέων	*dhmologokle/wn	n-s---mn-
Δημολογοκλέων	*dhmologokle/wn	Δημολογοκλέων	*dhmologokle/wn	n-s---mv-
Διακρίων	*diakri/wn	Διάκριοι-πλ	*dia/krioi-pl	a-p---fg-
Διακρίων	*diakri/wn	Διάκριοι-πλ	*dia/krioi-pl	a-p---mg-
Διακρίων	*diakri/wn	Διάκριοι-πλ	*dia/krioi-pl	a-p---ng-
Διακρίων	*diakri/wn	Διάκριοι-πλ	*dia/krioi-pl	a-p---fg-
Διακρίων	*diakri/wn	Διάκριοι-πλ	*dia/krioi-pl	a-p---mg-
Διακρίων	*diakri/wn	Διάκριοι-πλ	*dia/krioi-pl	a-p---ng-
Διακρίων	*diakri/wn	διά-ἀκριάω	dia/-a)kria/w	v3piia---
Διακρίων	*diakri/wn	διά-ἀκριάω	dia/-a)kria/w	v1siia---
Διακρίων	*diakri/wn	διά-ἀκριάω	dia/-a)kria/w	v3piia---
Διακρίων	*diakri/wn	διά-ἀκριάω	dia/-a)kria/w	v1siia---
Διοπείθους	*diopei/qous	Διοπείθης	*diopei/qhs	n-s---mg-
Διόνυσον	*dio/nuson	Διόνυσος	*dio/nusos	n-s---ma-
Διός	*dio/s	Ζεύς	*zeu/s	n-s---mg-
Δοθιῆνι	*doqih=ni	δοθιήν	doqih/n	n-s---md-
Δρακοντίδη	*drakonti/dh	Δρακοντίδης	*drakonti/dhs	n-s---mv-
Δρακοντίδης	*drakonti/dhs	Δρακοντίδης	*drakonti/dhs	n-s---mn-
Δήμητρα	*dh/mhtra	Δημήτηρ	*dhmh/thr	n-s---fa-
Δήμητρα	*dh/mhtra	Δημήτηρ	*dhmh/thr	n-s---fn-
Δήμητρα	*dh/mhtra	Δημήτηρ	*dhmh/thr	n-s---fv-
Δήμητρ’	*dh/mhtr'	Δημήτηρ	*dhmh/thr	n-s---fa-
Δήμητρ’	*dh/mhtr'	Δημήτηρ	*dhmh/thr	n-s---fn-
Δήμητρ’	*dh/mhtr'	Δημήτηρ	*dhmh/thr	n-s---fv-
Δήμητρ’	*dh/mhtr'	Δημήτηρ	*dhmh/thr	n-s---fd-
Δήμητρ’	*dh/mhtr'	Δημήτηρ	*dhmh/thr	n-p---fn-
Δήμητρ’	*dh/mhtr'	Δημήτηρ	*dhmh/thr	n-p---fv-
Δία	*di/a	Δίη	*di/h	n-s---fn-
Δία	*di/a	Δίη	*di/h	n-s---fv-
Δία	*di/a	Δίον	*di/on	n-p---nn-
Δία	*di/a	Δίον	*di/on	n-p---nv-
Δία	*di/a	Δίον	*di/on	n-p---na-
Δία	*di/a	Ζεύς	*zeu/s	n-s---ma-
Δία	*di/a	δῖος	di=os	a-d---fn-
Δία	*di/a	δῖος	di=os	a-d---fv-
Δία	*di/a	δῖος	di=os	a-d---fa-
Δία	*di/a	δῖος	di=os	a-s---fn-
Δία	*di/a	δῖος	di=os	a-s---fv-
Δίκτυννα	*di/ktunna	Δίκτυννα	*di/ktunna	n-s---fn-
Δίκτυννα	*di/ktunna	Δίκτυννα	*di/ktunna	n-s---fv-
Δῆμον	*dh=mon	Δῆμος	*dh=mos	n-s---ma-
Δῆμον	*dh=mon	δῆμος	dh=mos	n-s---ma-
Εὐεργίδης	*eu)ergi/dhs	Εὐεργίδης	*eu)ergi/dhs	n-s---mn-
Εὐριπίδης	*eu)ripi/dhs	Εὐριπίδης	*eu)ripi/dhs	n-s---mn-
Εὐριπίδης	*eu)ripi/dhs	εὐριπίδης	eu)ripi/dhs	n-s---mn-
Εὐριπίδου	*eu)ripi/dou	Εὐριπίδης	*eu)ripi/dhs	n-s---mg-
Εὐριπίδου	*eu)ripi/dou	εὐριπίδης	eu)ripi/dhs	n-s---mg-
Εὐρυκλέους	*eu)rukle/ous	Εὐρυκλέης	*eu)rukle/hs	n-s---mg-
Εὐρυκλέους	*eu)rukle/ous	Εὐρυκλῆς	*eu)ruklh=s	n-s---mg-
Εὐφημίου	*eu)fhmi/ou	Εὐφήμιος	*eu)fh/mios	n-s---mg-
Εὐχαρίδου	*eu)xari/dou	Εὐχαρίδης	*eu)xari/dhs	n-s---mg-
Εὔαθλος	*eu)/aqlos	Εὔαθλος	*eu)/aqlos	n-s---mn-
Εὔαθλος	*eu)/aqlos	εὔαθλος	eu)/aqlos	n-s---mn-
Εὔαθλος	*eu)/aqlos	εὔαθλος	eu)/aqlos	n-s---fn-
Εὔβοιαν	*eu)/boian	Εὔβοια	*eu)/boia	n-s---fa-
Ζεύς	*zeu/s	Ζεύς	*zeu/s	n-s---mn-
Ζεῦ	*zeu=	Ζεύς	*zeu/s	n-s---mv-
Ζεῦ	*zeu=	ζέω	ze/w	v2spme---
Ζεῦ	*zeu=	ζέω	ze/w	v2siie---
Θεογένης	*qeoge/nhs	Θεογένης	*qeoge/nhs	n-p---ma-
Θεογένης	*qeoge/nhs	Θεογένης	*qeoge/nhs	n-p---mn-
Θεογένης	*qeoge/nhs	Θεογένης	*qeoge/nhs	n-p---mv-
Θεογένης	*qeoge/nhs	Θεογένης	*qeoge/nhs	n-s---mn-
Θετταλῶν	*qettalw=n	Θεσσαλός	*qessalo/s	n-p---mg-
Θεώρου	*qew/rou	Θέωρος	*qe/wros	n-s---mg-
Θουκυδίδης	*qoukudi/dhs	Θουκυδίδης	*qoukudi/dhs	n-s---mn-
Θουφράστου	*qoufra/stou	Θούφραστος	*qou/frastos	n-s---mg-
Θούφραστον	*qou/fraston	Θούφραστος	*qou/frastos	n-s---ma-
Θούφραστος	*qou/frastos	Θούφραστος	*qou/frastos	n-s---mn-
Θρᾴκης	*qra/|khs	Θρᾳκία	*qra|ki/a	n-s---fg-
Θρᾷττα	*qra=|tta	Θρᾷσσα-πλ	*qra=|ssa-pl	n-s---fn-
Θρᾷττα	*qra=|tta	Θρᾷσσα-πλ	*qra=|ssa-pl	n-s---fv-
Θυμαιτίδα	*qumaiti/da	Θυμαιτίς	*qumaiti/s	n-s---fa-
Θέσπις	*qe/spis	Θέσπις	*qe/spis	n-s---mn-
Θέσπις	*qe/spis	θέσπις	qe/spis	n-p---fa-
Θέσπις	*qe/spis	θέσπις	qe/spis	n-s---fn-
Θέωλος	*qe/wlos	Θέωλος	*qe/wlos	n-s---mn-
Θέωρος	*qe/wros	Θέωρος	*qe/wros	n-s---mn-
Καπνίου	*kapni/ou	Κάπνιος	*ka/pnios	n-s---mg-
Καπνίου	*kapni/ou	κάπνιος	ka/pnios	n-s---fg-
Καπνίου	*kapni/ou	καπνίας	kapni/as	n-s---mg-
Καρδοπίων	*kardopi/wn	Καρδοπίων	*kardopi/wn	n-s---mn-
Καρδοπίων	*kardopi/wn	Καρδοπίων	*kardopi/wn	n-s---mv-
Καρκινίτης	*karkini/ths	Καρκινίτης	*karkini/ths	n-s---mn-
Καρκίνου	*karki/nou	Καρκίνος	*karki/nos	n-s---mg-
Καρκίνου	*karki/nou	Καρκῖνος	*karki=nos	n-s---mg-
Καρκίνου	*karki/nou	καρκίνος	karki/nos	n-s---mg-
Καρκίνου	*karki/nou	καρκίνος	karki/nos	n-s---ng-
Καρκίνου	*karki/nou	καρκινόω	karkino/w	v2spma---
Καρκίνου	*karki/nou	καρκινόω	karkino/w	v3siia---
Καρκίν’	*karki/n'	Κάρκινα	*ka/rkina	n-s---fd-
Καρκίν’	*karki/n'	Καρκίνος	*karki/nos	n-s---mv-
Καρκίν’	*karki/n'	καρκίνος	karki/nos	n-p---nn-
Καρκίν’	*karki/n'	καρκίνος	karki/nos	n-p---nv-
Καρκίν’	*karki/n'	καρκίνος	karki/nos	n-p---na-
Καρκίν’	*karki/n'	καρκίνος	karki/nos	n-s---mv-
Κλεισθένει	*kleisqe/nei	Κλεισθένης	*kleisqe/nhs	n-d---mn-
Κλεισθένει	*kleisqe/nei	Κλεισθένης	*kleisqe/nhs	n-d---mv-
Κλεισθένει	*kleisqe/nei	Κλεισθένης	*kleisqe/nhs	n-d---ma-
Κλεισθένει	*kleisqe/nei	Κλεισθένης	*kleisqe/nhs	n-s---md-
Κλεισθένει	*kleisqe/nei	Κλεισθένης	*kleisqe/nhs	n-s---md-
Κλειταγόρᾳ	*kleitago/ra|	Κλειταγόρη	*kleitago/rh	n-s---fd-
Κλεώνυμον	*klew/numon	Κλεώνυμος	*klew/numos	n-s---ma-
Κλεώνυμος	*klew/numos	Κλεώνυμος	*klew/numos	n-s---mn-
Κλέων	*kle/wn	Κλέων	*kle/wn	n-s---mn-
Κλέων	*kle/wn	Κλέων	*kle/wn	n-s---mv-
Κλέων	*kle/wn	κλέω	kle/w	v-sppamn-
Κλέωνα	*kle/wna	Κλέων	*kle/wn	n-s---ma-
Κλέωνα	*kle/wna	Κλεώνης	*klew/nhs	n-s---mv-
Κλέωνα	*kle/wna	Κλεώνης	*klew/nhs	n-s---mn-
Κλέωνι	*kle/wni	Κλέων	*kle/wn	n-s---md-
Κλέωνος	*kle/wnos	Κλέων	*kle/wn	n-s---mg-
Κολακώνυμος	*kolakw/numos	Κολακώνυμος	*kolakw/numos	n-s---mn-
Κρωβύλων	*krwbu/lwn	κρώβυλος	krw/bulos	n-p---mg-
Κρωβύλων	*krwbu/lwn	κρωβύλος	krwbu/los	n-p---mg-
Κυδαθηναιεύς	*kudaqhnaieu/s	Κυδαθηναιεύς	*kudaqhnaieu/s	n-s---mn-
Κωμία	*kwmi/a	Κωμίας	*kwmi/as	n-s---mv-
Κωμία	*kwmi/a	Κωμίας	*kwmi/as	n-s---mg-
Κέκροψ	*ke/kroy	Κέκροψ	*ke/kroy	n-s---mn-
Κέκροψ	*ke/kroy	Κέκροψ	*ke/kroy	n-s---mv-
Κόννου	*ko/nnou	Κόννος	*ko/nnos	n-s---mg-
Κόννου	*ko/nnou	κόννος	ko/nnos	n-s---mg-
Κύννης	*ku/nnhs	Κύννα	*ku/nna	n-s---fg-
Λακωνικάς	*lakwnika/s	Λακωνικός	*lakwniko/s	a-p---fa-
Λακωνικάς	*lakwnika/s	Λακωνικός	*lakwniko/s	a-p---fa-
Λαμίας	*lami/as	Λάμια	*la/mia	n-p---fa-
Λαμίας	*lami/as	Λάμια	*la/mia	n-s---fg-
Λαμίας	*lami/as	Λαμίας	*lami/as	n-p---ma-
Λαμίας	*lami/as	Λαμίας	*lami/as	n-s---mn-
Λεωγόρου	*lewgo/rou	Λεώγορος	*lew/goros	n-s---mg-
Λεωγόρου	*lewgo/rou	Λεωγόρας	*lewgo/ras	n-s---mg-
Λυσίστρατος	*lusi/stratos	Λυσίστρατος	*lusi/stratos	n-s---mn-
Λάβης	*la/bhs	Λάβης	*la/bhs	n-s----n-
Λάβης	*la/bhs	λάπτω	la/ptw	v2saip---
Λάβητι	*la/bhti	Λάβης	*la/bhs	n-s----d-
Λάβητι	*la/bhti	λάπτω	la/ptw	v2samp---
Λάβητ’	*la/bht'	Λάβης	*la/bhs	n-p---nn-
Λάβητ’	*la/bht'	Λάβης	*la/bhs	n-p---nv-
Λάβητ’	*la/bht'	Λάβης	*la/bhs	n-p---na-
Λάβητ’	*la/bht'	Λάβης	*la/bhs	n-s---ma-
Λάβητ’	*la/bht'	Λάβης	*la/bhs	n-s---fa-
Λάβητ’	*la/bht'	Λάβης	*la/bhs	n-s----d-
Λάβητ’	*la/bht'	Λάβης	*la/bhs	n-d----n-
Λάβητ’	*la/bht'	Λάβης	*la/bhs	n-d----v-
Λάβητ’	*la/bht'	Λάβης	*la/bhs	n-d----a-
Λάβητ’	*la/bht'	λάπτω	la/ptw	v2samp---
Λάβητ’	*la/bht'	λάπτω	la/ptw	v2pamp---
Λάβητ’	*la/bht'	λάπτω	la/ptw	v2paip---
Λάβητ’	*la/bht'	λαμβάνω	lamba/nw	v2pasa---
Λάβητ’	*la/bht'	λαμβάνω	lamba/nw	v3sase---
Λάμι’	*la/mi'	Λάμια	*la/mia	n-s---fn-
Λάμι’	*la/mi'	Λάμια	*la/mia	n-s---fv-
Λάμι’	*la/mi'	Λάμια	*la/mia	n-p---fn-
Λάμι’	*la/mi'	Λάμια	*la/mia	n-p---fv-
Λάμι’	*la/mi'	Λαμίας	*lami/as	n-s---mv-
Λάμι’	*la/mi'	Λαμίας	*lami/as	n-s---mn-
Λάμι’	*la/mi'	Λαμίας	*lami/as	n-p---mn-
Λάμι’	*la/mi'	Λαμίας	*lami/as	n-p---mv-
Λάμι’	*la/mi'	λάμια	la/mia	n-p---nn-
Λάμι’	*la/mi'	λάμια	la/mia	n-p---nv-
Λάμι’	*la/mi'	λάμια	la/mia	n-p---na-
Λάχητι	*la/xhti	Λάχης	*la/xhs	n-s---md-
Λύκε	*lu/ke	Λύκος	*lu/kos	n-s---mv-
Λύκε	*lu/ke	λύκος	lu/kos	n-s---mv-
Λύκου	*lu/kou	Λύκης	*lu/khs	n-s---mg-
Λύκου	*lu/kou	Λύκος	*lu/kos	n-s---mg-
Λύκου	*lu/kou	λύκος	lu/kos	n-s---mg-
Λύκου	*lu/kou	λυκόω	luko/w	v2spma---
Λύκου	*lu/kou	λυκόω	luko/w	v3siia---
Λύκων	*lu/kwn	Λύκος	*lu/kos	n-p---mg-
Λύκων	*lu/kwn	Λύκων	*lu/kwn	n-s---mn-
Λύκων	*lu/kwn	Λύκων	*lu/kwn	n-s---mv-
Λύκων	*lu/kwn	Λύκων	*lu/kwn	n-s---mn-
Λύκων	*lu/kwn	Λύκων	*lu/kwn	n-s---mv-
Λύκων	*lu/kwn	λύκος	lu/kos	n-p---mg-
Λύκων	*lu/kwn	λυκόω	luko/w	v3piia---
Λύκων	*lu/kwn	λυκόω	luko/w	v1siia---
Μαραθῶνι	*maraqw=ni	Μαραθών	*maraqw/n	n-s---md-
Μεγαρόθεν	*megaro/qen	Μεγαρόθεν	*megaro/qen	d--------
Μορύχου	*moru/xou	Μόρυχος	*mo/ruxos	n-s---mg-
Μουσῶν	*mousw=n	Μοῦσα	*mou=sa	n-p---fg-
Μουσῶν	*mousw=n	Μοῦσαι	*mou=sai	n-p---fg-
Μουσῶν	*mousw=n	Μοῦσαι	*mou=sai	n-p---fg-
Μουσῶν	*mousw=n	μουσόομαι	mouso/omai	v-sppamv-
Μουσῶν	*mousw=n	μουσόομαι	mouso/omai	v-sppann-
Μουσῶν	*mousw=n	μουσόομαι	mouso/omai	v-sppanv-
Μουσῶν	*mousw=n	μουσόομαι	mouso/omai	v-sppana-
Μουσῶν	*mousw=n	μουσόομαι	mouso/omai	v-sppamn-
Μουσῶν	*mousw=n	μουσόομαι	mouso/omai	v--pna---
Μουσῶν	*mousw=n	μουσόω	mouso/w	v-sppamv-
Μουσῶν	*mousw=n	μουσόω	mouso/w	v-sppann-
Μουσῶν	*mousw=n	μουσόω	mouso/w	v-sppanv-
Μουσῶν	*mousw=n	μουσόω	mouso/w	v-sppana-
Μουσῶν	*mousw=n	μουσόω	mouso/w	v-sppamn-
Μουσῶν	*mousw=n	μουσόω	mouso/w	v--pna---
Μούσας	*mou/sas	Μοῦσα	*mou=sa	n-p---fa-
Μούσας	*mou/sas	Μοῦσα	*mou=sa	n-s---fg-
Μούσας	*mou/sas	Μοῦσαι	*mou=sai	n-p---fa-
Μούσας	*mou/sas	Μοῦσαι	*mou=sai	n-s---fg-
Μούσας	*mou/sas	Μοῦσαι	*mou=sai	n-p---fa-
Μούσας	*mou/sas	Μοῦσαι	*mou=sai	n-s---fg-
Μυρτίας	*murti/as	Μυρτίη	*murti/h	n-s---fg-
Μυρτίας	*murti/as	μυρτία	murti/a	n-p---fa-
Μυρτίας	*murti/as	μυρτία	murti/a	n-s---fg-
Μήδων	*mh/dwn	Μήδων	*mh/dwn	n-s---mn-
Μήδων	*mh/dwn	Μήδων	*mh/dwn	n-s---mv-
Μήδων	*mh/dwn	Μῆδος	*mh=dos	n-p---mg-
Μήδων	*mh/dwn	Μῆδος	*mh=dos	n-p---mg-
Μίδα	*mi/da	Μίδας	*mi/das	n-d---mn-
Μίδα	*mi/da	Μίδας	*mi/das	n-d---mv-
Μίδα	*mi/da	Μίδας	*mi/das	n-d---ma-
Μίδα	*mi/da	Μίδας	*mi/das	n-s---mg-
Μόρυχος	*mo/ruxos	Μόρυχος	*mo/ruxos	n-s---mn-
Μῆδός	*mh=do/s	Μῆδος	*mh=dos	n-s---mn-
Νικόστρατος	*niko/stratos	Νικόστρατος	*niko/stratos	n-s---mn-
Νικόστρατ’	*niko/strat'	Νικόστρατος	*niko/stratos	n-s---mv-
Νιόβης	*nio/bhs	Νιόβη	*nio/bh	n-s---fg-
Νάξος	*na/cos	Νάξος	*na/cos	n-s---fn-
Νάξος	*na/cos	ναξος	nacos	a-s---mn-
Ξανθία	*canqi/a	Ξανθίας	*canqi/as	n-s---mv-
Ξανθία	*canqi/a	Ξανθίας	*canqi/as	n-s---mv-
Ξανθία	*canqi/a	Ξανθίας	*canqi/as	n-s---mg-
Ξανθία	*canqi/a	Ξανθίας	*canqi/as	n-s---mn-
Ξανθία	*canqi/a	Ξανθίης	*canqi/hs	n-d---mn-
Ξανθία	*canqi/a	Ξανθίης	*canqi/hs	n-d---mv-
Ξανθία	*canqi/a	Ξανθίης	*canqi/hs	n-d---ma-
Ξανθία	*canqi/a	Ξανθίης	*canqi/hs	n-s---mv-
Ξανθία	*canqi/a	Ξανθίης	*canqi/hs	n-s---mv-
Ξανθία	*canqi/a	Ξανθίης	*canqi/hs	n-s---mg-
Ξανθία	*canqi/a	Ξανθίης	*canqi/hs	n-s---mn-
Οἴαγρος	*oi)/agros	Οἴαγρος	*oi)/agros	n-s---mn-
Οὖτις	*ou)=tis	Οὖτις	*ou)=tis	n-s---mn-
Οὗτος	*ou(=tos	οὗτος	ou(=tos	n-s---mn-
Οὗτος	*ou(=tos	οὗτος	ou(=tos	n-s---mv-
Παιάν	*paia/n	Παιάν	*paia/n	n-s---mn-
Παιάν	*paia/n	Παιάν	*paia/n	n-s---mv-
Παιάν	*paia/n	Παιάν	*paia/n	n-s---mn-
Παιάν	*paia/n	Παιάν	*paia/n	n-s---mv-
Πενέσταισι	*pene/staisi	πενέστης	pene/sths	n-p---md-
Περσίδ’	*persi/d'	Περσίς	*persi/s	n-s---fa-
Περσίδ’	*persi/d'	Περσίς	*persi/s	n-s---fd-
Περσίδ’	*persi/d'	Περσίς	*persi/s	n-d---fn-
Περσίδ’	*persi/d'	Περσίς	*persi/s	n-d---fv-
Περσίδ’	*persi/d'	Περσίς	*persi/s	n-d---fa-
Πιττάλου	*pitta/lou	Πίτταλος	*pi/ttalos	n-s---mg-
Ποσειδῶ	*poseidw=	Ποσειδῶν	*poseidw=n	n-s---ma-
Προνάπους	*prona/pous	Προνάπους	*prona/pous	n-s---mn-
Προνάπους	*prona/pous	Προνάπους	*prona/pous	n-s---mv-
Προξενίδην	*proceni/dhn	Προξενίδης	*proceni/dhs	n-s---ma-
Πυριλάμπους	*purila/mpous	Πυριλάμπης	*purila/mphs	n-s---mg-
Πάρον	*pa/ron	Πάρος	*pa/ros	n-s---fa-
Πόντου	*po/ntou	Πόντος	*po/ntos	n-s---mg-
Πόντου	*po/ntou	πόντος	po/ntos	n-s---mg-
Πόντου	*po/ntou	ποντίζω	ponti/zw	v2spma---
Πόντου	*po/ntou	ποντίζω	ponti/zw	v3siia---
Πόντου	*po/ntou	ποντόω	ponto/w	v2spma---
Πόντου	*po/ntou	ποντόω	ponto/w	v3siia---
Πόσειδον	*po/seidon	Ποσειδῶν	*poseidw=n	n-s---mv-
Πύθι’	*pu/qi'	Πύθια	*pu/qia	n-p---nn-
Πύθι’	*pu/qi'	Πύθια	*pu/qia	n-p---nv-
Πύθι’	*pu/qi'	Πύθια	*pu/qia	n-p---na-
Πύθι’	*pu/qi'	Πύθιον	*pu/qion	n-p---nn-
Πύθι’	*pu/qi'	Πύθιον	*pu/qion	n-p---nv-
Πύθι’	*pu/qi'	Πύθιον	*pu/qion	n-p---na-
Πύθι’	*pu/qi'	Πύθιος	*pu/qios	a-p---nn-
Πύθι’	*pu/qi'	Πύθιος	*pu/qios	a-p---nv-
Πύθι’	*pu/qi'	Πύθιος	*pu/qios	a-p---na-
Πύθι’	*pu/qi'	Πύθιος	*pu/qios	a-s---mv-
Πύθι’	*pu/qi'	Πύθιος	*pu/qios	a-p---fn-
Πύθι’	*pu/qi'	Πύθιος	*pu/qios	a-p---fv-
Πύθι’	*pu/qi'	πύθω	pu/qw	v2spmp---
Πύθι’	*pu/qi'	πύθω	pu/qw	v2siip---
Πύθι’	*pu/qi'	πυνθάνομαι	punqa/nomai	v2samm---
Πύθι’	*pu/qi'	πυνθάνομαι	punqa/nomai	v2saim---
Σαβαζίου	*sabazi/ou	Σαβάζιος	*saba/zios	n-s---mg-
Σαβάζιον	*saba/zion	Σαβάζιος	*saba/zios	n-s---ma-
Σαρδοῦς	*sardou=s	Σαρδώ	*sardw/	n-s---fg-
Σαρδοῦς	*sardou=s	Σαρδώ	*sardw/	n-p---fn-
Σαρδοῦς	*sardou=s	Σαρδώ	*sardw/	n-p---fv-
Σελλαρτίου	*sellarti/ou	Σελλάρτιος	*sella/rtios	n-s---mg-
Σθενέλῳ	*sqene/lw|	Σθένελος	*sqe/nelos	n-s---md-
Σικελικήν	*sikelikh/n	Σικελικός	*sikeliko/s	a-s---fa-
Σικελικόν	*sikeliko/n	Σικελικός	*sikeliko/s	a-s---ma-
Σικελικόν	*sikeliko/n	Σικελικός	*sikeliko/s	a-s---nn-
Σικελικόν	*sikeliko/n	Σικελικός	*sikeliko/s	a-s---nv-
Σικελικόν	*sikeliko/n	Σικελικός	*sikeliko/s	a-s---na-
Σιμωνίδης	*simwni/dhs	Σιμωνίδης	*simwni/dhs	n-s---mn-
Σκαμβωνίδης	*skambwni/dhs	Σκαμβωνίδης	*skambwni/dhs	n-s---mn-
Σκιώνην	*skiw/nhn	Σκιώνη	*skiw/nh	n-s---fa-
Σμικυθίων	*smikuqi/wn	Σμικυθίων	*smikuqi/wn	n-s---mn-
Σμικυθίων	*smikuqi/wn	Σμικυθίων	*smikuqi/wn	n-s---mv-
Στρυμόδωρε	*strumo/dwre	Στρυμόδωρος	*strumo/dwros	n-s---mv-
Συβαριτικόν	*subaritiko/n	Συβαριτικός	*subaritiko/s	a-s---ma-
Συβαριτικόν	*subaritiko/n	Συβαριτικός	*subaritiko/s	a-s---nn-
Συβαριτικόν	*subaritiko/n	Συβαριτικός	*subaritiko/s	a-s---nv-
Συβαριτικόν	*subaritiko/n	Συβαριτικός	*subaritiko/s	a-s---na-
Συβαρίτης	*subari/ths	Συβαρίτης	*subari/ths	n-s---mn-
Συβάρει	*suba/rei	Σύβαρις	*su/baris	n-d---fn-
Συβάρει	*suba/rei	Σύβαρις	*su/baris	n-d---fv-
Συβάρει	*suba/rei	Σύβαρις	*su/baris	n-d---fa-
Συβάρει	*suba/rei	Σύβαρις	*su/baris	n-s---fd-
Συβάρει	*suba/rei	Σύβαρις	*su/baris	n-s---fd-
Σωστράτης	*swstra/ths	Σωστράτη	*swstra/th	n-s---fg-
Σωστράτης	*swstra/ths	Σωστράτης	*swstra/ths	n-s---mn-
Σωσία	*swsi/a	Σωσίας	*swsi/as	n-d---mn-
Σωσία	*swsi/a	Σωσίας	*swsi/as	n-d---mv-
Σωσία	*swsi/a	Σωσίας	*swsi/as	n-d---ma-
Σωσία	*swsi/a	Σωσίας	*swsi/as	n-s---mv-
Σωσία	*swsi/a	Σωσίας	*swsi/as	n-s---mg-
Σωσίας	*swsi/as	Σωσίας	*swsi/as	n-p---ma-
Σωσίας	*swsi/as	Σωσίας	*swsi/as	n-s---mn-
Σάμῳ	*sa/mw|	Σάμος	*sa/mos	n-s---fd-
Σάρδεις	*sa/rdeis	Σάρδεις	*sa/rdeis	n-p---fn-
Σάρδεις	*sa/rdeis	Σάρδεις	*sa/rdeis	n-p---fv-
Σάρδεις	*sa/rdeis	Σάρδεις	*sa/rdeis	n-p---fn-
Σάρδεις	*sa/rdeis	Σάρδεις	*sa/rdeis	n-p---fa-
Σέλλου	*se/llou	Σέλλος	*se/llos	n-s---mg-
Τεισιάδη	*teisia/dh	Τεισιάδης	*teisia/dhs	n-s---mv-
Φερέδειπνε	*fere/deipne	Φερέδειπνος	*fere/deipnos	n-s---mv-
Φιλοκλέους	*filokle/ous	Φιλοκλῆς	*filoklh=s	n-s---mg-
Φιλοκλέων	*filokle/wn	Φιλοκλέων	*filokle/wn	n-s---mn-
Φιλοκλέων	*filokle/wn	Φιλοκλέων	*filokle/wn	n-s---mv-
Φιλοκλέωνος	*filokle/wnos	Φιλοκλέων	*filokle/wn	n-s---mg-
Φιλοκτήμονος	*filokth/monos	Φιλοκτήμων	*filokth/mwn	n-s---mg-
Φιλοκτήμονος	*filokth/monos	φιλοκτήμων	filokth/mwn	n-s---mg-
Φιλόξενος	*filo/cenos	Φιλόξενος	*filo/cenos	n-s---mn-
Φιλόξενος	*filo/cenos	φιλόξενος	filo/cenos	n-s---mn-
Φιλόξενος	*filo/cenos	φιλόξενος	filo/cenos	n-s---fn-
Φλυεύς	*flueu/s	Φλυεύς	*flueu/s	n-s---mn-
Φοῖβ’	*foi=b'	Φοίβη	*foi/bh	n-p---fn-
Φοῖβ’	*foi=b'	Φοίβη	*foi/bh	n-p---fv-
Φοῖβ’	*foi=b'	Φοῖβος	*foi=bos	n-s---mv-
Φοῖβ’	*foi=b'	φοίβη	foi/bh	n-p---fn-
Φοῖβ’	*foi=b'	φοίβη	foi/bh	n-p---fv-
Φοῖβ’	*foi=b'	φοῖβος	foi=bos	a-p---nn-
Φοῖβ’	*foi=b'	φοῖβος	foi=bos	a-p---nv-
Φοῖβ’	*foi=b'	φοῖβος	foi=bos	a-p---na-
Φοῖβ’	*foi=b'	φοῖβος	foi=bos	a-s---mv-
Φοῖβ’	*foi=b'	φοῖβος	foi=bos	a-p---fn-
Φοῖβ’	*foi=b'	φοῖβος	foi=bos	a-p---fv-
Φρυνίχειον	*fruni/xeion	Φρυνίχειος	*fruni/xeios	a-s---ma-
Φρυνίχειον	*fruni/xeion	Φρυνίχειος	*fruni/xeios	a-s---nn-
Φρυνίχειον	*fruni/xeion	Φρυνίχειος	*fruni/xeios	a-s---nv-
Φρυνίχειον	*fruni/xeion	Φρυνίχειος	*fruni/xeios	a-s---na-
Φρυνίχειον	*fruni/xeion	φρυνίχειος	fruni/xeios	a-s---ma-
Φρυνίχειον	*fruni/xeion	φρυνίχειος	fruni/xeios	a-s---nn-
Φρυνίχειον	*fruni/xeion	φρυνίχειος	fruni/xeios	a-s---nv-
Φρυνίχειον	*fruni/xeion	φρυνίχειος	fruni/xeios	a-s---na-
Φρυνίχου	*fruni/xou	Φρύνιχος	*fru/nixos	n-s---mg-
Φρύνιχον	*fru/nixon	Φρύνιχος	*fru/nixos	n-s---ma-
Φρύνιχος	*fru/nixos	Φρύνιχος	*fru/nixos	n-s---mn-
Φρύξ	*fru/c	Φρύξ	*fru/c	n-s---mn-
Φρύξ	*fru/c	Φρύξ	*fru/c	n-s---mv-
Φρύξ	*fru/c	Φρύξ	*fru/c	n-s---fn-
Φρύξ	*fru/c	Φρύξ	*fru/c	n-s---fv-
Φάρσαλον	*fa/rsalon	Φάρσαλος	*fa/rsalos	n-s---ma-
Φάυλλον	*fa/ullon	Φάϋλλος	*fa/u+llos	n-s---ma-
Φίλιππον	*fi/lippon	Φίλιππος	*fi/lippos	n-s---ma-
Φίλιππον	*fi/lippon	φίλιππος	fi/lippos	n-s---ma-
Φίλιππον	*fi/lippon	φίλιππος	fi/lippos	n-s---fa-
Φίλιππον	*fi/lippon	φίλιππος	fi/lippos	n-s---nn-
Φίλιππον	*fi/lippon	φίλιππος	fi/lippos	n-s---nv-
Φίλιππον	*fi/lippon	φίλιππος	fi/lippos	n-s---na-
Φᾶνος	*fa=nos	Φᾶνος	*fa=nos	n-s---mn-
Χαιρεφῶν	*xairefw=n	Χαιρεφῶν	*xairefw=n	n-s---mn-
Χαιρεφῶντα	*xairefw=nta	Χαιρεφῶν	*xairefw=n	n-s---ma-
Χαιρέου	*xaire/ou	Χαιρέας	*xaire/as	n-s---mg-
Χαρινάδης	*xarina/dhs	Χαρινάδης	*xarina/dhs	n-s---mn-
Χρυσέ	*xruse/	Χρυσός	*xruso/s	n-s---mv-
Χρυσέ	*xruse/	χρυσός	xruso/s	n-s---mv-
Χρήμων	*xrh/mwn	Χρήμων	*xrh/mwn	n-s---mn-
Χρήμων	*xrh/mwn	Χρήμων	*xrh/mwn	n-s---mv-
Χάβης	*xa/bhs	Χάβης	*xa/bhs	n-s---mn-
αἰβοῖ	ai)boi=	αἰβοῖ	ai)boi=	x--------
αἰγιαλόν	ai)gialo/n	αἰγιαλός	ai)gialo/s	n-s---ma-
αἰδοῖα	ai)doi=a	αἰδοῖον	ai)doi=on	n-p---nn-
αἰδοῖα	ai)doi=a	αἰδοῖον	ai)doi=on	n-p---nv-
αἰδοῖα	ai)doi=a	αἰδοῖον	ai)doi=on	n-p---na-
αἰδοῖα	ai)doi=a	αἰδοῖος	ai)doi=os	a-p---nn-
αἰδοῖα	ai)doi=a	αἰδοῖος	ai)doi=os	a-p---nv-
αἰδοῖα	ai)doi=a	αἰδοῖος	ai)doi=os	a-p---na-
αἰδώς	ai)dw/s	αἰδώς	ai)dw/s	n-s---fn-
αἰετόν	ai)eto/n	ἀετός	a)eto/s	n-s---ma-
αἰσθομένω	ai)sqome/nw	αἰσθάνομαι	ai)sqa/nomai	v-dapmmn-
αἰσθομένω	ai)sqome/nw	αἰσθάνομαι	ai)sqa/nomai	v-dapmmv-
αἰσθομένω	ai)sqome/nw	αἰσθάνομαι	ai)sqa/nomai	v-dapmma-
αἰσθομένω	ai)sqome/nw	αἰσθάνομαι	ai)sqa/nomai	v-dapmnn-
αἰσθομένω	ai)sqome/nw	αἰσθάνομαι	ai)sqa/nomai	v-dapmnv-
αἰσθομένω	ai)sqome/nw	αἰσθάνομαι	ai)sqa/nomai	v-dapmna-
αἰσθομένω	ai)sqome/nw	αἰσθάνομαι	ai)sqa/nomai	v-sapmmg-
αἰσθομένω	ai)sqome/nw	αἰσθάνομαι	ai)sqa/nomai	v-sapmng-
αἰσθομένω	ai)sqome/nw	αἰσθάνομαι	ai)sqa/nomai	v-dppemn-
αἰσθομένω	ai)sqome/nw	αἰσθάνομαι	ai)sqa/nomai	v-dppemv-
αἰσθομένω	ai)sqome/nw	αἰσθάνομαι	ai)sqa/nomai	v-dppema-
αἰσθομένω	ai)sqome/nw	αἰσθάνομαι	ai)sqa/nomai	v-dppenn-
αἰσθομένω	ai)sqome/nw	αἰσθάνομαι	ai)sqa/nomai	v-dppenv-
αἰσθομένω	ai)sqome/nw	αἰσθάνομαι	ai)sqa/nomai	v-dppena-
αἰσθομένω	ai)sqome/nw	αἰσθάνομαι	ai)sqa/nomai	v-sppemg-
αἰσθομένω	ai)sqome/nw	αἰσθάνομαι	ai)sqa/nomai	v-sppeng-
αἰσθήσεται	ai)sqh/setai	αἰσθάνομαι	ai)sqa/nomai	v3sfim---
αἰσχρόν	ai)sxro/n	αἰσχρός	ai)sxro/s	a-s---ma-
αἰσχρόν	ai)sxro/n	αἰσχρός	ai)sxro/s	a-s---nn-
αἰσχρόν	ai)sxro/n	αἰσχρός	ai)sxro/s	a-s---nv-
αἰσχρόν	ai)sxro/n	αἰσχρός	ai)sxro/s	a-s---na-
αἰσχρόν	ai)sxro/n	αἰσχρός	ai)sxro/s	n-s---ma-
αἰσχρόν	ai)sxro/n	αἰσχρός	ai)sxro/s	n-s---fa-
αἰσχρόν	ai)sxro/n	αἰσχρός	ai)sxro/s	n-s---nn-
αἰσχρόν	ai)sxro/n	αἰσχρός	ai)sxro/s	n-s---nv-
αἰσχρόν	ai)sxro/n	αἰσχρός	ai)sxro/s	n-s---na-
αἰτεῖς	ai)tei=s	αἰτέω	ai)te/w	v2spia---
αἰτεῖτε	ai)tei=te	αἰτέω	ai)te/w	v2ppma---
αἰτεῖτε	ai)tei=te	αἰτέω	ai)te/w	v2ppoa---
αἰτεῖτε	ai)tei=te	αἰτέω	ai)te/w	v2ppia---
αἰτεῖτε	ai)tei=te	αἰτέω	ai)te/w	v2piia---
αἰτιώτατοι	ai)tiw/tatoi	αἴτιος	ai)/tios	a-p---mns
αἰτιώτατοι	ai)tiw/tatoi	αἴτιος	ai)/tios	a-p---mvs
αἰτιώτατοι	ai)tiw/tatoi	αἴτιος	ai)/tios	a-p---mns
αἰτιώτατοι	ai)tiw/tatoi	αἴτιος	ai)/tios	a-p---mvs
αἰτοῦμαί	ai)tou=mai/	αἰτέω	ai)te/w	v1spie---
αἰτοῦντί	ai)tou=nti/	αἰτέω	ai)te/w	v-sppamd-
αἰτοῦντί	ai)tou=nti/	αἰτέω	ai)te/w	v-sppand-
αἰτοῦντί	ai)tou=nti/	αἰτέω	ai)te/w	v3ppia---
αἰτίαν	ai)ti/an	αἴτιος	ai)/tios	a-s---fa-
αἰτίαν	ai)ti/an	αἰτία	ai)ti/a	n-s---fa-
αἱρεῖ	ai(rei=	αἱρέω	ai(re/w	v2spie---
αἱρεῖ	ai(rei=	αἱρέω	ai(re/w	v3spia---
αἴσχιστα	ai)/sxista	αἰσχρός	ai)sxro/s	a-p---nn-
αἴσχιστα	ai)/sxista	αἰσχρός	ai)sxro/s	a-p---nv-
αἴσχιστα	ai)/sxista	αἰσχρός	ai)sxro/s	a-p---na-
αἵ	ai(/	ὁ	o(	l-p---fn-
αἵ	ai(/	ὁ	o(	l-p---fv-
αἵ	ai(/	ὅς	o(/s	p-p---fn-
αἵδ’	ai(/d'	ὅδε	o(/de	n-p---fn-
αἷσιν	ai(=sin	ὅς	o(/s	p-p---fd-
αὐλείοισι	au)lei/oisi	αὔλειος	au)/leios	a-p---md-
αὐλείοισι	au)lei/oisi	αὔλειος	au)/leios	a-p---nd-
αὐλείοισι	au)lei/oisi	αὔλειος	au)/leios	n-p---md-
αὐλείοισι	au)lei/oisi	αὔλειος	au)/leios	n-p---fd-
αὐλείοισι	au)lei/oisi	αὔλειος	au)/leios	n-p---nd-
αὐλητρίδα	au)lhtri/da	αὐλητρίς	au)lhtri/s	n-s---fa-
αὐλητής	au)lhth/s	αὐλητής	au)lhth/s	n-s---mn-
αὐλοῦ	au)lou=	αὐλέω	au)le/w	v2siie---
αὐλοῦ	au)lou=	αὐλέω	au)le/w	v2spme---
αὐλοῦ	au)lou=	αὐλέω	au)le/w	v2siie---
αὐλοῦ	au)lou=	αὐλός	au)lo/s	n-s---mg-
αὐλήν	au)lh/n	αὐλή	au)lh/	n-s---fa-
αὐλῆς	au)lh=s	αὐλέω	au)le/w	v2spia---
αὐλῆς	au)lh=s	αὐλή	au)lh/	n-s---fg-
αὐτοί	au)toi/	αὐτός	au)to/s	n-p---mn-
αὐτοί	au)toi/	αὐτός	au)to/s	n-p---mv-
αὐτούς	au)tou/s	αὐτός	au)to/s	n-p---ma-
αὐτοῖς	au)toi=s	αὐτός	au)to/s	n-p---nd-
αὐτοῖς	au)toi=s	αὐτός	au)to/s	n-p---md-
αὐτοῖσι	au)toi=si	αὐτός	au)to/s	n-p---nd-
αὐτοῖσι	au)toi=si	αὐτός	au)to/s	n-p---md-
αὐτοῖσιν	au)toi=sin	αὐτός	au)to/s	n-p---nd-
αὐτοῖσιν	au)toi=sin	αὐτός	au)to/s	n-p---md-
αὐτοῦ	au)tou=	αὐτός	au)to/s	n-s---ng-
αὐτοῦ	au)tou=	αὐτός	au)to/s	n-s---mg-
αὐτοῦ	au)tou=	αὐτοῦ	au)tou=	d--------
αὐτά	au)ta/	αὐτός	au)to/s	n-p---nn-
αὐτά	au)ta/	αὐτός	au)to/s	n-p---nv-
αὐτά	au)ta/	αὐτός	au)to/s	n-p---na-
αὐτά	au)ta/	αὐτός	au)to/s	n-d---fn-
αὐτά	au)ta/	αὐτός	au)to/s	n-d---fv-
αὐτά	au)ta/	αὐτός	au)to/s	n-d---fa-
αὐτά	au)ta/	αὐτός	au)to/s	n-s---fn-
αὐτά	au)ta/	αὐτός	au)to/s	n-s---fv-
αὐτήν	au)th/n	αὐτός	au)to/s	n-s---fa-
αὐτίκα	au)ti/ka	αὐτίκα	au)ti/ka	d--------
αὐτό	au)to/	αὐτός	au)to/s	n-s---nn-
αὐτό	au)to/	αὐτός	au)to/s	n-s---nv-
αὐτό	au)to/	αὐτός	au)to/s	n-s---na-
αὐτόματον	au)to/maton	αὐτόματος	au)to/matos	a-s---ma-
αὐτόματον	au)to/maton	αὐτόματος	au)to/matos	a-s---nn-
αὐτόματον	au)to/maton	αὐτόματος	au)to/matos	a-s---nv-
αὐτόματον	au)to/maton	αὐτόματος	au)to/matos	a-s---na-
αὐτόματον	au)to/maton	αὐτόματος	au)to/matos	n-s---ma-
αὐτόματον	au)to/maton	αὐτόματος	au)to/matos	n-s---fa-
αὐτόματον	au)to/maton	αὐτόματος	au)to/matos	n-s---nn-
αὐτόματον	au)to/maton	αὐτόματος	au)to/matos	n-s---nv-
αὐτόματον	au)to/maton	αὐτόματος	au)to/matos	n-s---na-
αὐτόν	au)to/n	αὐτός	au)to/s	n-s---ma-
αὐτός	au)to/s	αὐτός	au)to/s	n-s---mn-
αὐτόχθονες	au)to/xqones	αὐτόχθων	au)to/xqwn	n-p---mn-
αὐτόχθονες	au)to/xqones	αὐτόχθων	au)to/xqwn	n-p---mv-
αὐτόχθονες	au)to/xqones	αὐτόχθων	au)to/xqwn	n-p---fn-
αὐτόχθονες	au)to/xqones	αὐτόχθων	au)to/xqwn	n-p---fv-
αὐτῆς	au)th=s	αὐτός	au)to/s	n-s---fg-
αὐτῶν	au)tw=n	αὐτός	au)to/s	n-p---ng-
αὐτῶν	au)tw=n	αὐτός	au)to/s	n-p---fg-
αὐτῶν	au)tw=n	αὐτός	au)to/s	n-p---mg-
αὐτῷ	au)tw=|	αὐτός	au)to/s	n-s---nd-
αὐτῷ	au)tw=|	αὐτός	au)to/s	n-s---md-
αὑλητρίς	au(lhtri/s	αὐλητρίς	au)lhtri/s	n-s---fn-
αὑτηί	au(thi/	οὗτος	ou(=tos	n-s---fn-
αὑτοῦ	au(tou=	ἑαυτοῦ	e(autou=	n-s---ng-
αὑτοῦ	au(tou=	ἑαυτοῦ	e(autou=	n-s---mg-
αὑτόν	au(to/n	ἑαυτοῦ	e(autou=	n-s---ma-
αὑτῶν	au(tw=n	ἑαυτοῦ	e(autou=	n-p---ng-
αὑτῶν	au(tw=n	ἑαυτοῦ	e(autou=	n-p---fg-
αὑτῶν	au(tw=n	ἑαυτοῦ	e(autou=	n-p---mg-
αὑτῷ	au(tw=|	ἑαυτοῦ	e(autou=	n-s---nd-
αὑτῷ	au(tw=|	ἑαυτοῦ	e(autou=	n-s---md-
αὔριον	au)/rion	αὔριον	au)/rion	d--------
αὕτη	au(/th	οὗτος	ou(=tos	n-s---fn-
αὕτη	au(/th	οὗτος	ou(=tos	n-s---fv-
αὖ	au)=	αὗ	au(=	x--------
αὖ	au)=	αὖ	au)=	d--------
αὖθις	au)=qis	αὖθις	au)=qis	d--------
αὖτε	au)=te	αὖτε	au)=te	d--------
αὗ	au(=	αὗ	au(=	x--------
αὗ	au(=	αὖ	au)=	d--------
βαδίζειν	badi/zein	βαδίζω	badi/zw	v--pna---
βαδίζονθ’	badi/zonq'	βαδίζω	badi/zw	v-pppann-
βαδίζονθ’	badi/zonq'	βαδίζω	badi/zw	v-pppanv-
βαδίζονθ’	badi/zonq'	βαδίζω	badi/zw	v-pppana-
βαδίζονθ’	badi/zonq'	βαδίζω	badi/zw	v-sppama-
βαδίζονθ’	badi/zonq'	βαδίζω	badi/zw	v-sppamd-
βαδίζονθ’	badi/zonq'	βαδίζω	badi/zw	v-sppand-
βαδίζονθ’	badi/zonq'	βαδίζω	badi/zw	v3ppia---
βαδίζονθ’	badi/zonq'	βαδίζω	badi/zw	v-dppamn-
βαδίζονθ’	badi/zonq'	βαδίζω	badi/zw	v-dppamv-
βαδίζονθ’	badi/zonq'	βαδίζω	badi/zw	v-dppama-
βαδίζονθ’	badi/zonq'	βαδίζω	badi/zw	v-dppann-
βαδίζονθ’	badi/zonq'	βαδίζω	badi/zw	v-dppanv-
βαδίζονθ’	badi/zonq'	βαδίζω	badi/zw	v-dppana-
βαδίζονθ’	badi/zonq'	βαδίζω	badi/zw	v3ppie---
βαδίζονθ’	badi/zonq'	βαδίζω	badi/zw	v3piie---
βαδίζων	badi/zwn	βαδίζω	badi/zw	v-sppamn-
βαθυτάτην	baquta/thn	βαθύς	baqu/s	a-s---fa-
βαθύς	baqu/s	βαθύς	baqu/s	a-s---mn-
βακτηρίας	bakthri/as	βακτηρία	bakthri/a	n-p---fa-
βακτηρίας	bakthri/as	βακτηρία	bakthri/a	n-s---fg-
βακτηρίᾳ	bakthri/a|	βακτηρία	bakthri/a	n-p---fn-
βακτηρίᾳ	bakthri/a|	βακτηρία	bakthri/a	n-p---fv-
βακτηρίᾳ	bakthri/a|	βακτηρία	bakthri/a	n-s---fd-
βαλβίδων	balbi/dwn	βαλβίς	balbi/s	n-p---fg-
βαλεῖν	balei=n	βάλλω	ba/llw	v--ana---
βαλεῖν	balei=n	βάλλω	ba/llw	v--fna---
βαλλήσεις	ballh/seis	βάλλω	ba/llw	v2sfia---
βαλλήσομεν	ballh/somen	βάλλω	ba/llw	v1pfia---
βαλόντες	balo/ntes	βάλλω	ba/llw	v-papamn-
βαλόντες	balo/ntes	βάλλω	ba/llw	v-papamv-
βαρβάροις	barba/rois	βάρβαρος	ba/rbaros	n-p---md-
βαρβάροις	barba/rois	βάρβαρος	ba/rbaros	n-p---fd-
βαρβάροις	barba/rois	βάρβαρος	ba/rbaros	n-p---nd-
βαρβάροισι	barba/roisi	βάρβαρος	ba/rbaros	n-p---md-
βαρβάροισι	barba/roisi	βάρβαρος	ba/rbaros	n-p---fd-
βαρβάροισι	barba/roisi	βάρβαρος	ba/rbaros	n-p---nd-
βαρβάρων	barba/rwn	βάρβαρος	ba/rbaros	n-p---mg-
βαρβάρων	barba/rwn	βάρβαρος	ba/rbaros	n-p---fg-
βαρβάρων	barba/rwn	βάρβαρος	ba/rbaros	n-p---ng-
βαρβάρων	barba/rwn	βαρβαρόομαι	barbaro/omai	v3piia---
βαρβάρων	barba/rwn	βαρβαρόομαι	barbaro/omai	v1siia---
βαρβάρων	barba/rwn	βαρβαρόω	barbaro/w	v3piia---
βαρβάρων	barba/rwn	βαρβαρόω	barbaro/w	v1siia---
βαρέως	bare/ws	βαρύς	baru/s	x--------
βασιλείας	basilei/as	βασίλεια	basi/leia	n-p---fa-
βασιλείας	basilei/as	βασίλεια	basi/leia	n-s---fg-
βασιλείας	basilei/as	βασίλειος	basi/leios	a-p---fa-
βασιλείας	basilei/as	βασίλειος	basi/leios	a-s---fg-
βασιλείας	basilei/as	βασιλεία	basilei/a	n-p---fa-
βασιλείας	basilei/as	βασιλεία	basilei/a	n-s---fg-
βασιλείας	basilei/as	βασιλειάω	basileia/w	v2siia---
βασιλείας	basilei/as	βασιλειάω	basileia/w	v2siia---
βασιλεῦ	basileu=	βασιλεύς	basileu/s	n-s---mv-
βασάνιζε	basa/nize	βασανίζω	basani/zw	v2spma---
βασάνιζε	basa/nize	βασανίζω	basani/zw	v3siia---
βατίσιν	bati/sin	βατίς	bati/s	n-p---fd-
βδελυχθείς	bdeluxqei/s	βδελύσσομαι	bdelu/ssomai	v-sapemn-
βδελυχθείς	bdeluxqei/s	βδελύσσομαι	bdelu/ssomai	v-sapemv-
βεβρωκότες	bebrwko/tes	βιβρώσκω	bibrw/skw	v-prpamn-
βεβρωκότες	bebrwko/tes	βιβρώσκω	bibrw/skw	v-prpamv-
βελτίω	belti/w	βελτίων	belti/wn	a-p---na-
βελτίω	belti/w	βελτίων	belti/wn	a-p---nn-
βελτίω	belti/w	βελτίων	belti/wn	a-s---ma-
βελτίω	belti/w	βελτίων	belti/wn	a-s---fa-
βελτίω	belti/w	βελτιόω	beltio/w	v2spma---
βελτίω	belti/w	βελτιόω	beltio/w	v3siia---
βελέων	bele/wn	βέλος	be/los	n-p---ng-
βεμβικίζωσιν	bembiki/zwsin	βεμβικίζω	bembiki/zw	v3ppsa---
βιοτῆς	bioth=s	βιοτή	bioth/	n-s---fg-
βλεπόντων	blepo/ntwn	βλέπω	ble/pw	v-pppamg-
βλεπόντων	blepo/ntwn	βλέπω	ble/pw	v-pppang-
βλεπόντων	blepo/ntwn	βλέπω	ble/pw	v3ppma---
βληχᾶται	blhxa=tai	βληχάομαι	blhxa/omai	v3spse---
βληχᾶται	blhxa=tai	βληχάομαι	blhxa/omai	v3spie---
βληχᾶται	blhxa=tai	βληχάζω	blhxa/zw	v3sfim---
βλάβης	bla/bhs	βλάβη	bla/bh	n-s---fg-
βλάβης	bla/bhs	βλάπτω	bla/ptw	v2saip---
βλέπει	ble/pei	βλέπος	ble/pos	n-d---nn-
βλέπει	ble/pei	βλέπος	ble/pos	n-d---nv-
βλέπει	ble/pei	βλέπος	ble/pos	n-d---na-
βλέπει	ble/pei	βλέπος	ble/pos	n-s---nd-
βλέπει	ble/pei	βλέπος	ble/pos	n-s---nd-
βλέπει	ble/pei	βλέπω	ble/pw	v2spie---
βλέπει	ble/pei	βλέπω	ble/pw	v3spia---
βλέπειν	ble/pein	βλέπω	ble/pw	v--pna---
βλέπω	ble/pw	βλέπω	ble/pw	v1spsa---
βλέπω	ble/pw	βλέπω	ble/pw	v1spia---
βλέφαρα	ble/fara	βλέφαρον	ble/faron	n-p---nn-
βλέφαρα	ble/fara	βλέφαρον	ble/faron	n-p---nv-
βλέφαρα	ble/fara	βλέφαρον	ble/faron	n-p---na-
βλέψαι	ble/yai	βλέπω	ble/pw	v2samm---
βλέψαι	ble/yai	βλέπω	ble/pw	v--ana---
βλέψαι	ble/yai	βλέπω	ble/pw	v3saoa---
βομβυλιός	bombulio/s	βομβυλιός	bombulio/s	n-s---mn-
βορέας	bore/as	Βορέας	*bore/as	n-p---ma-
βορέας	bore/as	Βορέας	*bore/as	n-s---mn-
βουβωνιῴη	boubwniw/|h	βουβωνιάω	boubwnia/w	v3spoa---
βουκολεῖς	boukolei=s	βουκολέω	boukole/w	v2spia---
βουλή	boulh/	βουλή	boulh/	n-s---fn-
βουλή	boulh/	βουλή	boulh/	n-s---fv-
βουλόμενος	boulo/menos	βούλομαι	bou/lomai	v-sppemn-
βοήθει	boh/qei	βοηθέω	bohqe/w	v2spma---
βοήθει	boh/qei	βοηθέω	bohqe/w	v3siia---
βούλει	bou/lei	βούλομαι	bou/lomai	v2spie---
βούλεσθ’	bou/lesq'	βούλομαι	bou/lomai	v2ppme---
βούλεσθ’	bou/lesq'	βούλομαι	bou/lomai	v2ppie---
βούλεσθ’	bou/lesq'	βούλομαι	bou/lomai	v--pne---
βούλεσθ’	bou/lesq'	βούλομαι	bou/lomai	v2piie---
βούλεται	bou/letai	βούλομαι	bou/lomai	v3spie---
βούλομαι	bou/lomai	βούλομαι	bou/lomai	v1spie---
βούλομαί	bou/lomai/	βούλομαι	bou/lomai	v1spie---
βούλονται	bou/lontai	βούλομαι	bou/lomai	v3ppie---
βούπαις	bou/pais	βούπαις	bou/pais	n-s---mn-
βοώμενος	bow/menos	βάζω	ba/zw	v-sfpmmn-
βοώμενος	bow/menos	βοάω	boa/w	v-sppemn-
βοώμενος	bow/menos	βοόω	boo/w	v-sppemn-
βοᾶτε	boa=te	βοάω	boa/w	v2ppma---
βοᾶτε	boa=te	βοάω	boa/w	v2ppsa---
βοᾶτε	boa=te	βοάω	boa/w	v2ppia---
βοᾶτε	boa=te	βοάω	boa/w	v2piia---
βοᾷ	boa=|	βοάω	boa/w	v2spse---
βοᾷ	boa=|	βοάω	boa/w	v2spie---
βοᾷ	boa=|	βοάω	boa/w	v3spsa---
βοᾷ	boa=|	βοάω	boa/w	v3spia---
βοᾷ	boa=|	βοείη	boei/h	n-s---fd-
βοᾷ	boa=|	βοή	boh/	n-s---fd-
βοᾷς	boa=|s	βοάω	boa/w	v2spsa---
βοᾷς	boa=|s	βοάω	boa/w	v2spia---
βοῆς	boh=s	βόειος	bo/eios	a-s---fg-
βοῆς	boh=s	βοάω	boa/w	v2spia---
βοῆς	boh=s	βοάω	boa/w	v2spia---
βοῆς	boh=s	βοείη	boei/h	n-s---fg-
βοῆς	boh=s	βοεύς	boeu/s	n-p---mn-
βοῆς	boh=s	βοεύς	boeu/s	n-p---mn-
βοῆς	boh=s	βοεύς	boeu/s	n-p---mv-
βοῆς	boh=s	βοή	boh/	n-s---fg-
βραδύνεις	bradu/neis	βραδύνω	bradu/nw	v2spia---
βραδύνεις	bradu/neis	βραδύνω	bradu/nw	v2sasa---
βροντήσας	bronth/sas	βροντάω	bronta/w	v-sapamn-
βροντήσας	bronth/sas	βροντάω	bronta/w	v-sapamv-
βροντᾷ	bronta=|	βροντάω	bronta/w	v2spse---
βροντᾷ	bronta=|	βροντάω	bronta/w	v2spie---
βροντᾷ	bronta=|	βροντάω	bronta/w	v3spsa---
βροντᾷ	bronta=|	βροντάω	bronta/w	v3spia---
βροντᾷ	bronta=|	βροντάζω	bronta/zw	v2sfim---
βροντᾷ	bronta=|	βροντάζω	bronta/zw	v3sfia---
βροντᾷ	bronta=|	βροντή	bronth/	n-s---fd-
βρωμησάμενος	brwmhsa/menos	βρωμάομαι	brwma/omai	v-sapemn-
βρωμησάμενος	brwmhsa/menos	βρωμέω	brwme/w	v-sapmmn-
βωλίον	bwli/on	βωλίον	bwli/on	n-s---nn-
βωλίον	bwli/on	βωλίον	bwli/on	n-s---nv-
βωλίον	bwli/on	βωλίον	bwli/on	n-s---na-
βάδιζε	ba/dize	βαδίζω	badi/zw	v2spma---
βάδιζε	ba/dize	βαδίζω	badi/zw	v3siia---
βάδιζ’	ba/diz'	βαδίζω	badi/zw	v2spma---
βάδιζ’	ba/diz'	βαδίζω	badi/zw	v3siia---
βάδισιν	ba/disin	βάδισις	ba/disis	n-s---fa-
βάλανον	ba/lanon	βάλανος	ba/lanos	n-s---fa-
βάλλε	ba/lle	βάλλω	ba/llw	v2spma---
βάλλε	ba/lle	βάλλω	ba/llw	v3siia---
βάλλουσιν	ba/llousin	βάλλω	ba/llw	v-pppamd-
βάλλουσιν	ba/llousin	βάλλω	ba/llw	v-pppand-
βάλλουσιν	ba/llousin	βάλλω	ba/llw	v3ppia---
βάλλ’	ba/ll'	βάλλις	ba/llis	n-s---fv-
βάλλ’	ba/ll'	βάλλω	ba/llw	v2spma---
βάλλ’	ba/ll'	βάλλω	ba/llw	v3siia---
βάρβαρος	ba/rbaros	βάρβαρος	ba/rbaros	n-s---mn-
βάρβαρος	ba/rbaros	βάρβαρος	ba/rbaros	n-s---fn-
βέλτιστε	be/ltiste	βέλτιστος	be/ltistos	a-s---mv-
βέμβικες	be/mbikes	βέμβιξ	be/mbic	n-p---fn-
βέμβικες	be/mbikes	βέμβιξ	be/mbic	n-p---fv-
βίαν	bi/an	βία	bi/a	n-s---fa-
βίαν	bi/an	βιάω	bia/w	v3piia---
βίαν	bi/an	βιάω	bia/w	v1siia---
βίαν	bi/an	βιάω	bia/w	v3piia---
βίαν	bi/an	βιάω	bia/w	v1siia---
βίον	bi/on	βίος	bi/os	n-s---ma-
βίον	bi/on	βιόω	bio/w	v3paia---
βίου	bi/ou	βίος	bi/os	n-s---mg-
βίου	bi/ou	βιόω	bio/w	v2spma---
βίου	bi/ou	βιόω	bio/w	v2siie---
βίου	bi/ou	βιόω	bio/w	v3siia---
βόρβορος	bo/rboros	βόρβορος	bo/rboros	n-s---mn-
βόρειον	bo/reion	βόρειος	bo/reios	a-s---ma-
βόρειον	bo/reion	βόρειος	bo/reios	a-s---nn-
βόρειον	bo/reion	βόρειος	bo/reios	a-s---nv-
βόρειον	bo/reion	βόρειος	bo/reios	a-s---na-
βόρειον	bo/reion	βόρειος	bo/reios	n-s---ma-
βόρειον	bo/reion	βόρειος	bo/reios	n-s---fa-
βόρειον	bo/reion	βόρειος	bo/reios	n-s---nn-
βόρειον	bo/reion	βόρειος	bo/reios	n-s---nv-
βόρειον	bo/reion	βόρειος	bo/reios	n-s---na-
βόσκειν	bo/skein	βόσκω	bo/skw	v--pna---
βότρυς	bo/trus	βότρυς	bo/trus	n-p---fa-
βότρυς	bo/trus	βότρυς	bo/trus	n-s---fn-
βύρσης	bu/rshs	βύρσα	bu/rsa	n-s---fg-
γαλᾶς	gala=s	γαλέη	gale/h	n-p---fa-
γαλᾶς	gala=s	γαλέη	gale/h	n-s---fg-
γαλῆ	galh=	γαλέη	gale/h	n-s---fn-
γαλῆ	galh=	γαλέη	gale/h	n-s---fv-
γαλῆν	galh=n	γαλέη	gale/h	n-s---fa-
γαστέρας	gaste/ras	γαστήρ	gasth/r	n-p---fa-
γε	ge	γε	ge	g--------
γεγραμμένον	gegramme/non	γράφω	gra/fw	v-srpema-
γεγραμμένον	gegramme/non	γράφω	gra/fw	v-srpenn-
γεγραμμένον	gegramme/non	γράφω	gra/fw	v-srpenv-
γεγραμμένον	gegramme/non	γράφω	gra/fw	v-srpena-
γελάσω	gela/sw	γελάω	gela/w	v1sasa---
γελάσω	gela/sw	γελάω	gela/w	v1sfia---
γελάσω	gela/sw	γελάω	gela/w	v2saim---
γενναίως	gennai/ws	γενναῖος	gennai=os	x--------
γενναίως	gennai/ws	γενναῖος	gennai=os	a-p---ma-
γενναίως	gennai/ws	γενναῖος	gennai=os	x--------
γενναίως	gennai/ws	γενναῖος	gennai=os	n-p---ma-
γενναίως	gennai/ws	γενναῖος	gennai=os	n-p---fa-
γενναῖον	gennai=on	γενναῖος	gennai=os	a-s---ma-
γενναῖον	gennai=on	γενναῖος	gennai=os	a-s---nn-
γενναῖον	gennai=on	γενναῖος	gennai=os	a-s---nv-
γενναῖον	gennai=on	γενναῖος	gennai=os	a-s---na-
γενναῖον	gennai=on	γενναῖος	gennai=os	n-s---ma-
γενναῖον	gennai=on	γενναῖος	gennai=os	n-s---fa-
γενναῖον	gennai=on	γενναῖος	gennai=os	n-s---nn-
γενναῖον	gennai=on	γενναῖος	gennai=os	n-s---nv-
γενναῖον	gennai=on	γενναῖος	gennai=os	n-s---na-
γενοίμαν	genoi/man	γίγνομαι	gi/gnomai	v1saom---
γενέσθαι	gene/sqai	γίγνομαι	gi/gnomai	v--anm---
γενήσεται	genh/setai	γίγνομαι	gi/gnomai	v3sfim---
γερόντων	gero/ntwn	γέρων	ge/rwn	n-p---mg-
γείτων	gei/twn	γείτων	gei/twn	n-s---mn-
γείτων	gei/twn	γείτων	gei/twn	n-s---mv-
γείτων	gei/twn	γείτων	gei/twn	n-s---fn-
γείτων	gei/twn	γείτων	gei/twn	n-s---fv-
γεῖτον	gei=ton	γείτων	gei/twn	n-s---mv-
γεῖτον	gei=ton	γείτων	gei/twn	n-s---fv-
γιγνώσκῃς	gignw/skh|s	γιγνώσκω	gignw/skw	v2spsa---
γλαῦξ	glau=c	γλαύξ	glau/c	n-s---fn-
γλαῦξ	glau=c	γλαύξ	glau/c	n-s---fv-
γλυκύ	gluku/	γλυκύς	gluku/s	a-s---mv-
γλυκύ	gluku/	γλυκύς	gluku/s	a-s---nn-
γλυκύ	gluku/	γλυκύς	gluku/s	a-s---nv-
γλυκύ	gluku/	γλυκύς	gluku/s	a-s---na-
γλωττοποιεῖν	glwttopoiei=n	γλωττοποιέω	glwttopoie/w	v--pna---
γλώττης	glw/tths	γλῶσσα	glw=ssa	n-s---fg-
γλώττῃ	glw/tth|	γλῶσσα	glw=ssa	n-s---fd-
γλῶτταν	glw=ttan	γλῶσσα	glw=ssa	n-s---fa-
γνοίη	gnoi/h	γιγνώσκω	gignw/skw	v3saoa---
γνοῦσιν	gnou=sin	γιγνώσκω	gignw/skw	v-papamd-
γνοῦσιν	gnou=sin	γιγνώσκω	gignw/skw	v-papand-
γνάθον	gna/qon	γνάθος	gna/qos	n-s---fa-
γνάθους	gna/qous	γνάθος	gna/qos	n-p---fa-
γνάθους	gna/qous	γναθόω	gnaqo/w	v2siia---
γνώμαις	gnw/mais	γνώμη	gnw/mh	n-p---fd-
γνώμην	gnw/mhn	γνώμη	gnw/mh	n-s---fa-
γνώμης	gnw/mhs	γνώμη	gnw/mh	n-s---fg-
γνῶναι	gnw=nai	γιγνώσκω	gignw/skw	v--ana---
γοῦν	gou=n	γοῦν	gou=n	g--------
γραφάς	grafa/s	γραφή	grafh/	n-p---fa-
γραφάς	grafa/s	γραφής	grafh/s	n-p---ma-
γραφάς	grafa/s	γραφής	grafh/s	n-s---mn-
γραφήν	grafh/n	γραφή	grafh/	n-s---fa-
γραφήν	grafh/n	γραφής	grafh/s	n-s---ma-
γραφῆς	grafh=s	γραφεύς	grafeu/s	n-p---mn-
γραφῆς	grafh=s	γραφεύς	grafeu/s	n-p---mn-
γραφῆς	grafh=s	γραφεύς	grafeu/s	n-p---mv-
γραφῆς	grafh=s	γραφή	grafh/	n-s---fg-
γραψαμένων	grayame/nwn	γράφω	gra/fw	v-papmfg-
γραψαμένων	grayame/nwn	γράφω	gra/fw	v-papmmg-
γραψαμένων	grayame/nwn	γράφω	gra/fw	v-papmng-
γράμματα	gra/mmata	γράμμα	gra/mma	n-p---nn-
γράμματα	gra/mmata	γράμμα	gra/mma	n-p---nv-
γράμματα	gra/mmata	γράμμα	gra/mma	n-p---na-
γράφομαι	gra/fomai	γράφω	gra/fw	v1spie---
γράψομαι	gra/yomai	γράφω	gra/fw	v1sasm---
γράψομαι	gra/yomai	γράφω	gra/fw	v1sfim---
γρίφου	gri/fou	γρῖφος	gri=fos	n-s---mg-
γρύζει	gru/zei	γρύζω	gru/zw	v2spie---
γρύζει	gru/zei	γρύζω	gru/zw	v3spia---
γρύξῃ	gru/ch|	γρύζω	gru/zw	v2sasm---
γρύξῃ	gru/ch|	γρύζω	gru/zw	v3sasa---
γρύξῃ	gru/ch|	γρύζω	gru/zw	v2sfim---
γυμναστικῶς	gumnastikw=s	γυμναστικός	gumnastiko/s	x--------
γυμνασίου	gumnasi/ou	γυμνάσιον	gumna/sion	n-s---ng-
γυναικί	gunaiki/	γυνή	gunh/	n-s---fd-
γυνή	gunh/	γυνή	gunh/	n-s---fn-
γωνίαν	gwni/an	γωνία	gwni/a	n-s---fa-
γάλα	ga/la	γάλα	ga/la	n-s---nn-
γάλα	ga/la	γάλα	ga/la	n-s---nv-
γάλα	ga/la	γάλα	ga/la	n-s---na-
γάνυμαι	ga/numai	γάνυμαι	ga/numai	v1spim---
γάρ	ga/r	γάρ	ga/r	g--------
γάστρισον	ga/strison	γαστρίζω	gastri/zw	v2sama---
γέ	ge/	γε	ge	g--------
γέλοιον	ge/loion	γέλοιος	ge/loios	a-s---ma-
γέλοιον	ge/loion	γέλοιος	ge/loios	a-s---nn-
γέλοιον	ge/loion	γέλοιος	ge/loios	a-s---nv-
γέλοιον	ge/loion	γέλοιος	ge/loios	a-s---na-
γέλων	ge/lwn	γέλως	ge/lws	n-s---ma-
γέλων	ge/lwn	γέλως	ge/lws	n-s---fa-
γέλων	ge/lwn	γέλως	ge/lws	n-p---mg-
γέλων	ge/lwn	γέλως	ge/lws	n-s---ma-
γέλων	ge/lwn	γελάω	gela/w	v3piia---
γέλων	ge/lwn	γελάω	gela/w	v1siia---
γέλωτα	ge/lwta	γέλως	ge/lws	n-s---ma-
γένοιθ’	ge/noiq'	γίγνομαι	gi/gnomai	v3saom---
γένος	ge/nos	γένος	ge/nos	n-s---nn-
γένος	ge/nos	γένος	ge/nos	n-s---nv-
γένος	ge/nos	γένος	ge/nos	n-s---na-
γένους	ge/nous	γένος	ge/nos	n-s---ng-
γένῃ	ge/nh|	γίγνομαι	gi/gnomai	v2sasm---
γέρον	ge/ron	γέρων	ge/rwn	n-s---mv-
γέροντι	ge/ronti	γέρων	ge/rwn	n-s---md-
γέροντος	ge/rontos	γέρων	ge/rwn	n-s---mg-
γέρων	ge/rwn	γέρων	ge/rwn	n-s---mn-
γήρως	gh/rws	γῆρας	gh=ras	n-s---ng-
γήρᾳ	gh/ra|	γῆρας	gh=ras	n-s---nd-
γήρᾳ	gh/ra|	γῆρας	gh=ras	n-s---nd-
γήτειον	gh/teion	γήτειον	gh/teion	n-s---nn-
γήτειον	gh/teion	γήτειον	gh/teion	n-s---nv-
γήτειον	gh/teion	γήτειον	gh/teion	n-s---na-
γίγνεσθαι	gi/gnesqai	γίγνομαι	gi/gnomai	v--pne---
γίγνεται	gi/gnetai	γίγνομαι	gi/gnomai	v3spie---
γόνατ’	go/nat'	γόνυ	go/nu	n-p---na-
γόνατ’	go/nat'	γόνυ	go/nu	n-p---nn-
γόνατ’	go/nat'	γόνυ	go/nu	n-s---nd-
γόνατ’	go/nat'	γόνυ	go/nu	n-d---na-
γόνατ’	go/nat'	γόνυ	go/nu	n-d---nn-
γύναι	gu/nai	γυνή	gunh/	n-s---fv-
γύναιόν	gu/naio/n	γύναιον	gu/naion	n-s---nn-
γύναιόν	gu/naio/n	γύναιον	gu/naion	n-s---nv-
γύναιόν	gu/naio/n	γύναιον	gu/naion	n-s---na-
γύναιόν	gu/naio/n	γύναιος	gu/naios	a-s---ma-
γύναιόν	gu/naio/n	γύναιος	gu/naios	a-s---nn-
γύναιόν	gu/naio/n	γύναιος	gu/naios	a-s---nv-
γύναιόν	gu/naio/n	γύναιος	gu/naios	a-s---na-
γύναιόν	gu/naio/n	γύναιος	gu/naios	n-s---nn-
γύναιόν	gu/naio/n	γύναιος	gu/naios	n-s---nv-
γύναιόν	gu/naio/n	γύναιος	gu/naios	n-s---na-
γῆν	gh=n	Γαῖα	*gai=a	n-s---fa-
γῆν	gh=n	γῆ	gh=	n-s---fa-
γῆρας	gh=ras	γῆρας	gh=ras	n-s---nn-
γῆρας	gh=ras	γῆρας	gh=ras	n-s---nv-
γῆρας	gh=ras	γῆρας	gh=ras	n-s---na-
γῆς	gh=s	Γαῖα	*gai=a	n-s---fg-
γῆς	gh=s	γῆ	gh=	n-s---fg-
γῇ	gh=|	Γαῖα	*gai=a	n-s---fd-
γῇ	gh=|	γῆ	gh=	n-s---fd-
δαιμόνιε	daimo/nie	δαιμόνιος	daimo/nios	a-s---mv-
δαιμόνιε	daimo/nie	δαιμόνιος	daimo/nios	n-s---mv-
δαιμόνιε	daimo/nie	δαιμόνιος	daimo/nios	n-s---fv-
δαιμόνιοι	daimo/nioi	δαιμόνιος	daimo/nios	a-p---mn-
δαιμόνιοι	daimo/nioi	δαιμόνιος	daimo/nios	a-p---mv-
δαιμόνιοι	daimo/nioi	δαιμόνιος	daimo/nios	n-p---mn-
δαιμόνιοι	daimo/nioi	δαιμόνιος	daimo/nios	n-p---mv-
δαιμόνιοι	daimo/nioi	δαιμόνιος	daimo/nios	n-p---fn-
δαιμόνιοι	daimo/nioi	δαιμόνιος	daimo/nios	n-p---fv-
δαιμόνιέ	daimo/nie/	δαιμόνιος	daimo/nios	a-s---mv-
δαιμόνιέ	daimo/nie/	δαιμόνιος	daimo/nios	n-s---mv-
δαιμόνιέ	daimo/nie/	δαιμόνιος	daimo/nios	n-s---fv-
δακεῖν	dakei=n	δάκνω	da/knw	v--ana---
δακρύετε	dakru/ete	δακρύω	dakru/w	v2ppma---
δακρύετε	dakru/ete	δακρύω	dakru/w	v2ppia---
δακρύετε	dakru/ete	δακρύω	dakru/w	v2piia---
δακρύοισιν	dakru/oisin	δάκρυον	da/kruon	n-p---nd-
δακρύοισιν	dakru/oisin	δακρύω	dakru/w	v-pppamd-
δακρύοισιν	dakru/oisin	δακρύω	dakru/w	v-pppand-
δακρύοισιν	dakru/oisin	δακρύω	dakru/w	v3ppia---
δακτύλους	daktu/lous	δάκτυλος	da/ktulos	n-p---ma-
δακτύλων	daktu/lwn	δάκτυλος	da/ktulos	n-p---mg-
δακτύλων	daktu/lwn	δάκτυλος	da/ktulos	n-p---ng-
δακτύλῳ	daktu/lw|	δάκτυλος	da/ktulos	n-s---md-
δαπάναις	dapa/nais	δαπάνη	dapa/nh	n-p---fd-
δαίμονος	dai/monos	δαίμων	dai/mwn	n-s---mg-
δαίμονος	dai/monos	δαίμων	dai/mwn	n-s---fg-
δαίμων	dai/mwn	δαίμων	dai/mwn	n-s---mn-
δαίμων	dai/mwn	δαίμων	dai/mwn	n-s---mv-
δαίμων	dai/mwn	δαίμων	dai/mwn	n-s---fn-
δαίμων	dai/mwn	δαίμων	dai/mwn	n-s---fv-
δεδοικέναι	dedoike/nai	δείδω	dei/dw	v--rna---
δεδόκησαι	dedo/khsai	δοκέω	doke/w	v2srie---
δεηθείη	dehqei/h	δέω2	de/w2	v3saop---
δεηθῶ	dehqw=	δέω2	de/w2	v1sasp---
δειμαίνοντας	deimai/nontas	δειμαίνω	deimai/nw	v-pppama-
δεινά	deina/	δεινός	deino/s	a-p---nn-
δεινά	deina/	δεινός	deino/s	a-p---nv-
δεινά	deina/	δεινός	deino/s	a-p---na-
δεινά	deina/	δεινός	deino/s	a-d---fn-
δεινά	deina/	δεινός	deino/s	a-d---fv-
δεινά	deina/	δεινός	deino/s	a-d---fa-
δεινά	deina/	δεινός	deino/s	a-s---fn-
δεινά	deina/	δεινός	deino/s	a-s---fv-
δεινόν	deino/n	δεινός	deino/s	a-s---ma-
δεινόν	deino/n	δεινός	deino/s	a-s---nn-
δεινόν	deino/n	δεινός	deino/s	a-s---nv-
δεινόν	deino/n	δεινός	deino/s	a-s---na-
δεινός	deino/s	δεινός	deino/s	a-s---mn-
δεινότατα	deino/tata	δεινός	deino/s	a-------s
δεινότατα	deino/tata	δεινός	deino/s	a-p---nns
δεινότατα	deino/tata	δεινός	deino/s	a-p---nvs
δεινότατα	deino/tata	δεινός	deino/s	a-p---nas
δεινόταται	deino/tatai	δεινός	deino/s	a-p---fns
δεινόταται	deino/tatai	δεινός	deino/s	a-p---fvs
δεινότερον	deino/teron	δεινός	deino/s	x--------
δεινότερον	deino/teron	δεινός	deino/s	a-s---ma-
δεινότερον	deino/teron	δεινός	deino/s	a-s---nn-
δεινότερον	deino/teron	δεινός	deino/s	a-s---nv-
δεινότερον	deino/teron	δεινός	deino/s	a-s---na-
δεινῆς	deinh=s	δεινάζω	deina/zw	v2sfia---
δεινῆς	deinh=s	δεινός	deino/s	a-s---fg-
δειπνοῦμεν	deipnou=men	δειπνέω	deipne/w	v1ppia---
δειπνοῦμεν	deipnou=men	δειπνέω	deipne/w	v1piia---
δειπνοῦντα	deipnou=nta	δειπνέω	deipne/w	v-pppann-
δειπνοῦντα	deipnou=nta	δειπνέω	deipne/w	v-pppanv-
δειπνοῦντα	deipnou=nta	δειπνέω	deipne/w	v-pppana-
δειπνοῦντα	deipnou=nta	δειπνέω	deipne/w	v-sppama-
δεκάτη	deka/th	δέκατος	de/katos	a-s---fn-
δεκάτη	deka/th	δέκατος	de/katos	a-s---fv-
δεκάτη	deka/th	δεκάτη	deka/th	n-s---fn-
δεκάτη	deka/th	δεκάτη	deka/th	n-s---fv-
δεξιοί	decioi/	δεξιόομαι	decio/omai	v2spse---
δεξιοί	decioi/	δεξιόομαι	decio/omai	v2spie---
δεξιοί	decioi/	δεξιός	decio/s	a-p---mn-
δεξιοί	decioi/	δεξιός	decio/s	a-p---mv-
δεξιόν	decio/n	δεξιός	decio/s	a-s---ma-
δεξιόν	decio/n	δεξιός	decio/s	a-s---nn-
δεξιόν	decio/n	δεξιός	decio/s	a-s---nv-
δεξιόν	decio/n	δεξιός	decio/s	a-s---na-
δεξιός	decio/s	δεξιός	decio/s	a-s---mn-
δεξιότητος	decio/thtos	δεξιότης	decio/ths	n-s---fg-
δεξιώτερον	deciw/teron	δεξιός	decio/s	x--------
δεξιώτερον	deciw/teron	δεξιός	decio/s	a-s---ma-
δεξιώτερον	deciw/teron	δεξιός	decio/s	a-s---nn-
δεξιώτερον	deciw/teron	δεξιός	decio/s	a-s---nv-
δεξιώτερον	deciw/teron	δεξιός	decio/s	a-s---na-
δεξιᾶς	decia=s	δεξιά	decia/	n-s---fg-
δεξιᾶς	decia=s	δεξιάζω	decia/zw	v2sfia---
δεξιᾶς	decia=s	δεξιός	decio/s	a-s---fg-
δεξιῶν	deciw=n	δεξιά	decia/	n-p---fg-
δεξιῶν	deciw=n	δεξιάζω	decia/zw	v-sfpamv-
δεξιῶν	deciw=n	δεξιάζω	decia/zw	v-sfpann-
δεξιῶν	deciw=n	δεξιάζω	decia/zw	v-sfpanv-
δεξιῶν	deciw=n	δεξιάζω	decia/zw	v-sfpana-
δεξιῶν	deciw=n	δεξιάζω	decia/zw	v-sfpamn-
δεξιῶν	deciw=n	δεξιός	decio/s	a-p---fg-
δεξιῶν	deciw=n	δεξιός	decio/s	a-p---mg-
δεξιῶν	deciw=n	δεξιός	decio/s	a-p---ng-
δεξιῶς	deciw=s	δεξιός	decio/s	x--------
δεσπότην	despo/thn	δεσπότης	despo/ths	n-s---ma-
δεσπότης	despo/ths	δεσπότης	despo/ths	n-s---mn-
δεσπότης	despo/ths	δεσποτέω	despote/w	v2siia---
δεσπότου	despo/tou	δεσπότης	despo/ths	n-s---mg-
δετάς	deta/s	δετή	deth/	n-p---fa-
δετάς	deta/s	δετός	deto/s	a-p---fa-
δευρί	deuri/	δεῦρο	deu=ro	d--------
δεήσῃ	deh/sh|	δέησις	de/hsis	n-s---fd-
δεήσῃ	deh/sh|	δέω2	de/w2	v2sasm---
δεήσῃ	deh/sh|	δέω2	de/w2	v3sasa---
δεήσῃ	deh/sh|	δέω2	de/w2	v2sfim---
δεήσῃ	deh/sh|	δεῖ	dei=	v3sasa---
δείλαιος	dei/laios	δείλαιος	dei/laios	a-s---mn-
δείξειν	dei/cein	δείκνυμι	dei/knumi	v--fna---
δείπνου	dei/pnou	δεῖπνον	dei=pnon	n-s---ng-
δείπνου	dei/pnou	δεῖπνος	dei=pnos	n-s---mg-
δείσας	dei/sas	δείδω	dei/dw	v-sapamn-
δείσας	dei/sas	δείδω	dei/dw	v-sapamv-
δείσας	dei/sas	δεῖσα	dei=sa	n-p---fa-
δείσας	dei/sas	δεῖσα	dei=sa	n-s---fg-
δείσωσ’	dei/sws'	δείδω	dei/dw	v3pasa---
δείσῃς	dei/sh|s	δείδω	dei/dw	v2sasa---
δείσῃς	dei/sh|s	δεῖσα	dei=sa	n-p---fd-
δεόμεθα	deo/meqa	δέομαι	de/omai	v1ppie---
δεόμεθα	deo/meqa	δέομαι	de/omai	v1piie---
δεόμεθα	deo/meqa	δέω1	de/w1	v1ppie---
δεόμεθα	deo/meqa	δέω1	de/w1	v1piie---
δεόμεθα	deo/meqa	δέω2	de/w2	v1ppie---
δεόμεθα	deo/meqa	δέω2	de/w2	v1piie---
δεύτερον	deu/teron	δεύτερος	deu/teros	a-s---ma-
δεύτερον	deu/teron	δεύτερος	deu/teros	a-s---nn-
δεύτερον	deu/teron	δεύτερος	deu/teros	a-s---nv-
δεύτερον	deu/teron	δεύτερος	deu/teros	a-s---na-
δεῖ	dei=	δέομαι	de/omai	v2spie---
δεῖ	dei=	δέω1	de/w1	v2spie---
δεῖ	dei=	δέω1	de/w1	v2spma---
δεῖ	dei=	δέω1	de/w1	v3spia---
δεῖ	dei=	δέω1	de/w1	v3siia---
δεῖ	dei=	δέω2	de/w2	v2spie---
δεῖ	dei=	δέω2	de/w2	v2spma---
δεῖ	dei=	δέω2	de/w2	v3spia---
δεῖ	dei=	δέω2	de/w2	v3siia---
δεῖ	dei=	δεῖ	dei=	v3siia---
δεῖνα	dei=na	δεῖνα	dei=na	n-s---mn-
δεῖνα	dei=na	δεῖνα	dei=na	n-s---ma-
δεῖνα	dei=na	δεῖνα	dei=na	n-s---fn-
δεῖνα	dei=na	δεῖνα	dei=na	n-s---fa-
δεῖνα	dei=na	δεῖνα	dei=na	n-s---nn-
δεῖνα	dei=na	δεῖνα	dei=na	n-s---na-
δεῖνα	dei=na	δεῖνα	dei=na	n-s---mn-
δεῖνα	dei=na	δεῖνα	dei=na	n-s---fn-
δεῖνα	dei=na	δεῖνα	dei=na	n-s---nn-
δεῖνα	dei=na	δεῖνα	dei=na	n-s---ma-
δεῖνα	dei=na	δεῖνα	dei=na	n-s---fa-
δεῖνα	dei=na	δεῖνα	dei=na	n-p---nn-
δεῖνα	dei=na	δεῖνα	dei=na	n-p---nv-
δεῖνα	dei=na	δεῖνα	dei=na	n-p---na-
δεῖπνον	dei=pnon	δεῖπνον	dei=pnon	n-s---nn-
δεῖπνον	dei=pnon	δεῖπνον	dei=pnon	n-s---nv-
δεῖπνον	dei=pnon	δεῖπνον	dei=pnon	n-s---na-
δεῖπνον	dei=pnon	δεῖπνος	dei=pnos	n-s---ma-
δεῖται	dei=tai	δέομαι	de/omai	v3spie---
δεῖται	dei=tai	δέω1	de/w1	v3spie---
δεῖται	dei=tai	δέω2	de/w2	v3spie---
δεῦρο	deu=ro	δεῦρο	deu=ro	d--------
δηλαδή	dhladh/	δηλαδή	dhladh/	d--------
δημηγορεῖν	dhmhgorei=n	δημηγορέω	dhmhgore/w	v--pna---
δημιζόντων	dhmizo/ntwn	δημίζω	dhmi/zw	v-pppamg-
δημιζόντων	dhmizo/ntwn	δημίζω	dhmi/zw	v-pppang-
δημιζόντων	dhmizo/ntwn	δημίζω	dhmi/zw	v3ppma---
δημιόπρατα	dhmio/prata	δημιόπρατα	dhmio/prata	n-p---nn-
δημιόπρατα	dhmio/prata	δημιόπρατα	dhmio/prata	n-p---nv-
δημιόπρατα	dhmio/prata	δημιόπρατα	dhmio/prata	n-p---na-
δημοσίων	dhmosi/wn	δημόσιος	dhmo/sios	a-p---fg-
δημοσίων	dhmosi/wn	δημόσιος	dhmo/sios	a-p---mg-
δημοσίων	dhmosi/wn	δημόσιος	dhmo/sios	a-p---ng-
δημοσίων	dhmosi/wn	δημοσιόω	dhmosio/w	v3piia---
δημοσίων	dhmosi/wn	δημοσιόω	dhmosio/w	v1siia---
δημοτικῶν	dhmotikw=n	δημοτικός	dhmotiko/s	a-p---fg-
δημοτικῶν	dhmotikw=n	δημοτικός	dhmotiko/s	a-p---mg-
δημοτικῶν	dhmotikw=n	δημοτικός	dhmotiko/s	a-p---ng-
διαβεβλημένου	diabeblhme/nou	διαβάλλω	diaba/llw	v-srpemg-
διαβεβλημένου	diabeblhme/nou	διαβάλλω	diaba/llw	v-srpeng-
διαβάς	diaba/s	διαβαίνω	diabai/nw	v-sapamn-
διαβάς	diaba/s	διαβαίνω	diabai/nw	v-sapamv-
διαγιγνώσκειν	diagignw/skein	διαγιγνώσκω	diagignw/skw	v--pna---
διαδύς	diadu/s	διαδύνω	diadu/nw	v-sapamn-
διαδύς	diadu/s	διαδύνω	diadu/nw	v-sapamv-
διαδῦναι	diadu=nai	διαδύνω	diadu/nw	v--ana---
διαδῦναι	diadu=nai	διαδύνω	diadu/nw	v--ana---
διαδῦναι	diadu=nai	διαδύνω	diadu/nw	v--ana---
διαθήκην	diaqh/khn	διαθήκη	diaqh/kh	n-s---fa-
διαθήκῃ	diaqh/kh|	διαθήκη	diaqh/kh	n-s---fd-
διακεκαρμένῳ	diakekarme/nw|	διακείρω	diakei/rw	v-srpemd-
διακεκαρμένῳ	diakekarme/nw|	διακείρω	diakei/rw	v-srpend-
διακινηθείς	diakinhqei/s	διακινέω	diakine/w	v-sappmn-
διακινηθείς	diakinhqei/s	διακινέω	diakine/w	v-sappmv-
διακινηθείς	diakinhqei/s	διακινέω	diakine/w	v-sappmn-
διακινηθείς	diakinhqei/s	διακινέω	diakine/w	v-sappmv-
διακρινεῖ	diakrinei=	διακρίνω	diakri/nw	v3sasp---
διακρινεῖ	diakrinei=	διακρίνω	diakri/nw	v2sfim---
διακρινεῖ	diakrinei=	διακρίνω	diakri/nw	v3sfia---
διαλείχειν	dialei/xein	διαλείχω	dialei/xw	v--pna---
διαλλαγάς	diallaga/s	διαλλαγή	diallagh/	n-p---fa-
διαλλαχθήσομαι	diallaxqh/somai	διαλλάσσω	dialla/ssw	v1sfip---
διαλλαχθήσομαι	diallaxqh/somai	διαλλάσσω	dialla/ssw	v1sfip---
διαλλάξουσιν	dialla/cousin	διαλλάσσω	dialla/ssw	v3pasa---
διαλλάξουσιν	dialla/cousin	διαλλάσσω	dialla/ssw	v-pfpamd-
διαλλάξουσιν	dialla/cousin	διαλλάσσω	dialla/ssw	v-pfpand-
διαλλάξουσιν	dialla/cousin	διαλλάσσω	dialla/ssw	v3pfia---
διαλλάξουσιν	dialla/cousin	διαλλάσσω	dialla/ssw	v3pasa---
διαλλάξουσιν	dialla/cousin	διαλλάσσω	dialla/ssw	v-pfpamd-
διαλλάξουσιν	dialla/cousin	διαλλάσσω	dialla/ssw	v-pfpand-
διαλλάξουσιν	dialla/cousin	διαλλάσσω	dialla/ssw	v3pfia---
διαλλάξουσιν	dialla/cousin	διαλλάσσω	dialla/ssw	v-ptiamd-
διαλλάξουσιν	dialla/cousin	διαλλάσσω	dialla/ssw	v-ptiand-
διαλλάξουσιν	dialla/cousin	διαλλάσσω	dialla/ssw	v3ptia---
διανοίαις	dianoi/ais	διάνοια	dia/noia	n-p---fd-
διαρραγῶ	diarragw=	διαράσσω	diara/ssw	v1sasp---
διαρραγῶ	diarragw=	διαρρήγνυμι	diarrh/gnumi	v1sasp---
διαρραγῶ	diarragw=	διαρρήγνυμι	diarrh/gnumi	v1sasp---
διαρριπτοῦντε	diarriptou=nte	διαρρίπτω	diarri/ptw	v-dppamn-
διαρριπτοῦντε	diarriptou=nte	διαρρίπτω	diarri/ptw	v-dppamv-
διαρριπτοῦντε	diarriptou=nte	διαρρίπτω	diarri/ptw	v-dppama-
διαρριπτοῦντε	diarriptou=nte	διαρρίπτω	diarri/ptw	v-dppann-
διαρριπτοῦντε	diarriptou=nte	διαρρίπτω	diarri/ptw	v-dppanv-
διαρριπτοῦντε	diarriptou=nte	διαρρίπτω	diarri/ptw	v-dppana-
διασαλακώνισον	diasalakw/nison	διασαλακωνίζω	diasalakwni/zw	v2sama---
διασαλακώνισον	diasalakw/nison	διασαλακωνίζω	diasalakwni/zw	v2sama---
διασκεδῶ	diaskedw=	διασκεδάννυμι	diaskeda/nnumi	v1sfia---
διασκεδῶ	diaskedw=	διασκεδάζω	diaskeda/zw	v1sfia---
διασκοπῶμεν	diaskopw=men	διασκοπέω	diaskope/w	v1ppsa---
διασκοπῶμεν	diaskopw=men	διασκοπέω	diaskope/w	v1ppsa---
διαταξάμενοι	diataca/menoi	διατάσσω	diata/ssw	v-papmmn-
διαταξάμενοι	diataca/menoi	διατάσσω	diata/ssw	v-papmmv-
διαταξάμενοι	diataca/menoi	διατάσσω	diata/ssw	v-papmmn-
διαταξάμενοι	diataca/menoi	διατάσσω	diata/ssw	v-papmmv-
διατινθαλέῳ	diatinqale/w|	διατινθαλέος	diatinqale/os	n-s---md-
διατινθαλέῳ	diatinqale/w|	διατινθαλέος	diatinqale/os	n-s---nd-
διατραγεῖν	diatragei=n	διατρώγω	diatrw/gw	v--ana---
διατρίβεις	diatri/beis	διατρίβω	diatri/bw	v2spia---
διατρώξομαι	diatrw/comai	διατρώγω	diatrw/gw	v1sasm---
διατρώξομαι	diatrw/comai	διατρώγω	diatrw/gw	v1sfim---
διατέτρωκται	diate/trwktai	διατρώγω	diatrw/gw	v3srie---
διαφθαρῶ	diafqarw=	διαφθείρω	diafqei/rw	v1sasp---
διαφθερεῖν	diafqerei=n	διαφθείρω	diafqei/rw	v--fna---
διαφθείρας	diafqei/ras	διαφθείρω	diafqei/rw	v-sapamn-
διαφθείρας	diafqei/ras	διαφθείρω	diafqei/rw	v-sapamv-
διαφθείρητε	diafqei/rhte	διαφθείρω	diafqei/rw	v2pasa---
διαφθείρητε	diafqei/rhte	διαφθείρω	diafqei/rw	v2ppsa---
διαφέρει	diafe/rei	διαφέρω	diafe/rw	v2spie---
διαφέρει	diafe/rei	διαφέρω	diafe/rw	v3spia---
διαίτῃ	diai/th|	δίαιτα	di/aita	n-s---fd-
διδάξεις	dida/ceis	δίδαξις	di/dacis	n-p---fn-
διδάξεις	dida/ceis	δίδαξις	di/dacis	n-p---fv-
διδάξεις	dida/ceis	δίδαξις	di/dacis	n-p---fn-
διδάξεις	dida/ceis	δίδαξις	di/dacis	n-p---fa-
διδάξεις	dida/ceis	διδάσκω	dida/skw	v2sasa---
διδάξεις	dida/ceis	διδάσκω	dida/skw	v2sfia---
διδάξω	dida/cw	διδάσκω	dida/skw	v1sasa---
διδάξω	dida/cw	διδάσκω	dida/skw	v1sfia---
διδάξω	dida/cw	διδάσκω	dida/skw	v2saim---
διδάσκειν	dida/skein	διδάσκω	dida/skw	v--pna---
διδάσκομαι	dida/skomai	διδάσκω	dida/skw	v1spie---
διδόασιν	dido/asin	δίδωμι	di/dwmi	v3ppia---
διδῷ	didw=|	δίδωμι	di/dwmi	v3spsa---
διεδύετ’	diedu/et'	διαδύνω	diadu/nw	v3siie---
διεδύετ’	diedu/et'	διαδύνω	diadu/nw	v2piia---
διεκερματίζετ’	diekermati/zet'	διακερματίζω	diakermati/zw	v3siie---
διεκερματίζετ’	diekermati/zet'	διακερματίζω	diakermati/zw	v2piia---
διεκόμπασας	dieko/mpasas	διά-κομπάζω	dia/-kompa/zw	v2saia---
διεμύλλαινεν	diemu/llainen	διαμυλλαίνω	diamullai/nw	v3siia---
διερρυηκέναι	dierruhke/nai	διαρρέω	diarre/w	v--rna---
διεσφηκωμένον	diesfhkwme/non	διασφηκόομαι	diasfhko/omai	v-srpema-
διεσφηκωμένον	diesfhkwme/non	διασφηκόομαι	diasfhko/omai	v-srpenn-
διεσφηκωμένον	diesfhkwme/non	διασφηκόομαι	diasfhko/omai	v-srpenv-
διεσφηκωμένον	diesfhkwme/non	διασφηκόομαι	diasfhko/omai	v-srpena-
διηγεῖσθαι	dihgei=sqai	διηγέομαι	dihge/omai	v--pne---
διηγεῖσθαι	dihgei=sqai	διηγέομαι	dihge/omai	v--pnm---
διιστάναι	diista/nai	διίστημι	dii/sthmi	v--pna---
δικασταί	dikastai/	δικαστής	dikasth/s	n-p---mn-
δικασταί	dikastai/	δικαστής	dikasth/s	n-p---mv-
δικασταῖς	dikastai=s	δικαστής	dikasth/s	n-p---md-
δικαστηρίδιον	dikasthri/dion	δικαστήριον	dikasth/rion	n-s---nn-
δικαστηρίδιον	dikasthri/dion	δικαστήριον	dikasth/rion	n-s---nv-
δικαστηρίδιον	dikasthri/dion	δικαστήριον	dikasth/rion	n-s---na-
δικαστηρίδιον	dikasthri/dion	δικαστηρίδιον	dikasthri/dion	n-s---nn-
δικαστηρίδιον	dikasthri/dion	δικαστηρίδιον	dikasthri/dion	n-s---nv-
δικαστηρίδιον	dikasthri/dion	δικαστηρίδιον	dikasthri/dion	n-s---na-
δικαστοῦ	dikastou=	δικαστής	dikasth/s	n-s---mg-
δικαστήριον	dikasth/rion	δικαστήριον	dikasth/rion	n-s---nn-
δικαστήριον	dikasth/rion	δικαστήριον	dikasth/rion	n-s---nv-
δικαστήριον	dikasth/rion	δικαστήριον	dikasth/rion	n-s---na-
δικαστήρι’	dikasth/ri'	δικαστήριον	dikasth/rion	n-p---nn-
δικαστήρι’	dikasth/ri'	δικαστήριον	dikasth/rion	n-p---nv-
δικαστήρι’	dikasth/ri'	δικαστήριον	dikasth/rion	n-p---na-
δικαστῇ	dikasth=|	δικαστής	dikasth/s	n-s---md-
δικαστῶν	dikastw=n	δικαστής	dikasth/s	n-p---mg-
δικαίων	dikai/wn	δίκαιος	di/kaios	a-p---fg-
δικαίων	dikai/wn	δίκαιος	di/kaios	a-p---mg-
δικαίων	dikai/wn	δίκαιος	di/kaios	a-p---ng-
δικαίων	dikai/wn	δίκαιος	di/kaios	n-p---mg-
δικαίων	dikai/wn	δίκαιος	di/kaios	n-p---fg-
δικαίων	dikai/wn	δίκαιος	di/kaios	n-p---ng-
δικαίων	dikai/wn	δικαιόω	dikaio/w	v3piia---
δικαίων	dikai/wn	δικαιόω	dikaio/w	v1siia---
δικαίως	dikai/ws	δίκαιος	di/kaios	x--------
δικαίως	dikai/ws	δίκαιος	di/kaios	a-p---ma-
δικαίως	dikai/ws	δίκαιος	di/kaios	x--------
δικαίως	dikai/ws	δίκαιος	di/kaios	n-p---ma-
δικαίως	dikai/ws	δίκαιος	di/kaios	n-p---fa-
δικαίως	dikai/ws	δικαιόω	dikaio/w	v2siia---
δικτύοις	diktu/ois	δίκτυον	di/ktuon	n-p---nd-
δικτύου	diktu/ou	δίκτυον	di/ktuon	n-s---ng-
δικάζει	dika/zei	δικάζω	dika/zw	v2spie---
δικάζει	dika/zei	δικάζω	dika/zw	v3spia---
δικάζειν	dika/zein	δικάζω	dika/zw	v--pna---
δικάζουσ’	dika/zous'	δικάζω	dika/zw	v-sppafn-
δικάζουσ’	dika/zous'	δικάζω	dika/zw	v-sppafv-
δικάζουσ’	dika/zous'	δικάζω	dika/zw	v-pppamd-
δικάζουσ’	dika/zous'	δικάζω	dika/zw	v-pppand-
δικάζουσ’	dika/zous'	δικάζω	dika/zw	v3ppia---
δικάζουσ’	dika/zous'	δικάζω	dika/zw	v-pppafn-
δικάζουσ’	dika/zous'	δικάζω	dika/zw	v-pppafv-
δικάσαις	dika/sais	δικάζω	dika/zw	v-pfpafd-
δικάσαις	dika/sais	δικάζω	dika/zw	v-sapamn-
δικάσαις	dika/sais	δικάζω	dika/zw	v-sapamv-
δικάσαις	dika/sais	δικάζω	dika/zw	v2saoa---
δικάσαντας	dika/santas	δικάζω	dika/zw	v-papama-
δικάσοιεν	dika/soien	δικάζω	dika/zw	v3pfoa---
δικάσονθ’	dika/sonq'	δικάζω	dika/zw	v-pfpann-
δικάσονθ’	dika/sonq'	δικάζω	dika/zw	v-pfpanv-
δικάσονθ’	dika/sonq'	δικάζω	dika/zw	v-pfpana-
δικάσονθ’	dika/sonq'	δικάζω	dika/zw	v-sfpama-
δικάσονθ’	dika/sonq'	δικάζω	dika/zw	v-sfpamd-
δικάσονθ’	dika/sonq'	δικάζω	dika/zw	v-sfpand-
δικάσονθ’	dika/sonq'	δικάζω	dika/zw	v3pfia---
δικάσονθ’	dika/sonq'	δικάζω	dika/zw	v-dfpamn-
δικάσονθ’	dika/sonq'	δικάζω	dika/zw	v-dfpamv-
δικάσονθ’	dika/sonq'	δικάζω	dika/zw	v-dfpama-
δικάσονθ’	dika/sonq'	δικάζω	dika/zw	v-dfpann-
δικάσονθ’	dika/sonq'	δικάζω	dika/zw	v-dfpanv-
δικάσονθ’	dika/sonq'	δικάζω	dika/zw	v-dfpana-
δικάσονθ’	dika/sonq'	δικάζω	dika/zw	v3pfim---
δικάσοντά	dika/sonta/	δικάζω	dika/zw	v-pfpann-
δικάσοντά	dika/sonta/	δικάζω	dika/zw	v-pfpanv-
δικάσοντά	dika/sonta/	δικάζω	dika/zw	v-pfpana-
δικάσοντά	dika/sonta/	δικάζω	dika/zw	v-sfpama-
δικίδιον	diki/dion	δικίδιον	diki/dion	n-s---nn-
δικίδιον	diki/dion	δικίδιον	diki/dion	n-s---nv-
δικίδιον	diki/dion	δικίδιον	diki/dion	n-s---na-
δικῶν	dikw=n	δίκη	di/kh	n-p---fg-
δικῶν	dikw=n	δικάζω	dika/zw	v-sfpamv-
δικῶν	dikw=n	δικάζω	dika/zw	v-sfpann-
δικῶν	dikw=n	δικάζω	dika/zw	v-sfpanv-
δικῶν	dikw=n	δικάζω	dika/zw	v-sfpana-
δικῶν	dikw=n	δικάζω	dika/zw	v-sfpamn-
διορχησάμενος	diorxhsa/menos	διορχέομαι	diorxe/omai	v-sapemn-
διορχησάμενος	diorxhsa/menos	διορχέομαι	diorxe/omai	v-sapemn-
διορχησόμενος	diorxhso/menos	διορχέομαι	diorxe/omai	v-sfpemn-
διορχησόμενος	diorxhso/menos	διορχέομαι	diorxe/omai	v-sfpemn-
διορύξαι	dioru/cai	διορύσσω	dioru/ssw	v--ana---
διορύξαι	dioru/cai	διορύσσω	dioru/ssw	v3saoa---
διορύξαι	dioru/cai	διορύσσω	dioru/ssw	v3saoa---
δισχίλια	disxi/lia	δισχίλιοι	disxi/lioi	a-p---nn-
δισχίλια	disxi/lia	δισχίλιοι	disxi/lioi	a-p---nv-
δισχίλια	disxi/lia	δισχίλιοι	disxi/lioi	a-p---na-
διφθερῶν	difqerw=n	διφθέρα	difqe/ra	n-p---fg-
διά	dia/	διά	dia/	r--------
διάγειν	dia/gein	διάγω	dia/gw	v--pna---
διάνοιαν	dia/noian	διάνοια	dia/noia	n-s---fa-
διέπλευσεν	die/pleusen	διαπλέω	diaple/w	v3saia---
διέπτετο	die/pteto	διαπέταμαι	diape/tamai	v3saim---
διέφυγες	die/fuges	διαφεύγω	diafeu/gw	v2saia---
διόδους	dio/dous	δίοδος	di/odos	n-p---fa-
διώκει	diw/kei	διώκω	diw/kw	v2spie---
διώκει	diw/kei	διώκω	diw/kw	v3spia---
διώκων	diw/kwn	διώκω	diw/kw	v-sppamn-
δοκεῖ	dokei=	δοκέω	doke/w	v2spie---
δοκεῖ	dokei=	δοκέω	doke/w	v3spia---
δοκεῖ	dokei=	δοκεύς	dokeu/s	n-s---md-
δοκεῖς	dokei=s	δοκέω	doke/w	v2spia---
δοκεῖς	dokei=s	δοκεύς	dokeu/s	n-p---ma-
δοκεῖς	dokei=s	δοκεύς	dokeu/s	n-p---mn-
δοκεῖς	dokei=s	δοκεύς	dokeu/s	n-p---mv-
δοκιμαζομένων	dokimazome/nwn	δοκιμάζω	dokima/zw	v-pppefg-
δοκιμαζομένων	dokimazome/nwn	δοκιμάζω	dokima/zw	v-pppemg-
δοκιμαζομένων	dokimazome/nwn	δοκιμάζω	dokima/zw	v-pppeng-
δοκῶ	dokw=	δοκάζω	doka/zw	v1sfia---
δοκῶ	dokw=	δοκέω	doke/w	v1spsa---
δοκῶ	dokw=	δοκέω	doke/w	v1spia---
δοκῶ	dokw=	δοκόν	doko/n	n-s---ng-
δοκῶ	dokw=	δοκός	doko/s	n-s---mg-
δοκῶ	dokw=	δοκός	doko/s	n-s---fg-
δοκῶ	dokw=	δοκόω	doko/w	v1spsa---
δοκῶ	dokw=	δοκόω	doko/w	v1spia---
δοκῶ	dokw=	δοκώ	dokw/	n-d---fn-
δοκῶ	dokw=	δοκώ	dokw/	n-d---fv-
δοκῶ	dokw=	δοκώ	dokw/	n-d---fa-
δοκῶ	dokw=	δοκώ	dokw/	n-s---fa-
δοκῷ	dokw=|	δοκάζω	doka/zw	v3sfoa---
δοκῷ	dokw=|	δοκόν	doko/n	n-s---nd-
δοκῷ	dokw=|	δοκός	doko/s	n-s---md-
δοκῷ	dokw=|	δοκός	doko/s	n-s---fd-
δορπηστοῦ	dorphstou=	δορπηστός	dorphsto/s	n-s---mg-
δορί	dori/	δόρυ	do/ru	n-s---nd-
δορί	dori/	δορίς	dori/s	n-s---fv-
δουλεία	doulei/a	δούλειος	dou/leios	a-d---fn-
δουλεία	doulei/a	δούλειος	dou/leios	a-d---fv-
δουλεία	doulei/a	δούλειος	dou/leios	a-d---fa-
δουλεία	doulei/a	δούλειος	dou/leios	a-s---fn-
δουλεία	doulei/a	δούλειος	dou/leios	a-s---fv-
δουλεία	doulei/a	δουλεία	doulei/a	n-d---fn-
δουλεία	doulei/a	δουλεία	doulei/a	n-d---fv-
δουλεία	doulei/a	δουλεία	doulei/a	n-d---fa-
δουλεία	doulei/a	δουλεία	doulei/a	n-s---fn-
δουλεία	doulei/a	δουλεία	doulei/a	n-s---fv-
δουλείαν	doulei/an	δούλειος	dou/leios	a-s---fa-
δουλείαν	doulei/an	δουλεία	doulei/a	n-s---fa-
δουλεύω	douleu/w	δουλεύω	douleu/w	v1spsa---
δουλεύω	douleu/w	δουλεύω	douleu/w	v1spia---
δοίδυκα	doi/duka	δοῖδυξ	doi=duc	n-s---ma-
δούλω	dou/lw	δοῦλος	dou=los	a-d---mn-
δούλω	dou/lw	δοῦλος	dou=los	a-d---mv-
δούλω	dou/lw	δοῦλος	dou=los	a-d---ma-
δούλω	dou/lw	δοῦλος	dou=los	a-d---nn-
δούλω	dou/lw	δοῦλος	dou=los	a-d---nv-
δούλω	dou/lw	δοῦλος	dou=los	a-d---na-
δούλω	dou/lw	δοῦλος	dou=los	a-s---mg-
δούλω	dou/lw	δοῦλος	dou=los	a-s---ng-
δούλω	dou/lw	δοῦλος	dou=los	n-d---mn-
δούλω	dou/lw	δοῦλος	dou=los	n-d---mv-
δούλω	dou/lw	δοῦλος	dou=los	n-d---ma-
δούλω	dou/lw	δοῦλος	dou=los	n-s---mg-
δούλω	dou/lw	δουλόω	doulo/w	v2spma---
δούλω	dou/lw	δουλόω	doulo/w	v3siia---
δούς	dou/s	δίδωμι	di/dwmi	v-sapamn-
δούς	dou/s	δίδωμι	di/dwmi	v-sapamv-
δούς	dou/s	δίδωμι	di/dwmi	v-sapamn-
δούς	dou/s	δίδωμι	di/dwmi	v-sapamv-
δραμεῖν	dramei=n	τρέχω	tre/xw	v--ana---
δραμών	dramw/n	τρέχω	tre/xw	v-sapamn-
δρασείει	drasei/ei	δρασείω	drasei/w	v2spie---
δρασείει	drasei/ei	δρασείω	drasei/w	v3spia---
δραχμήν	draxmh/n	δραχμή	draxmh/	n-s---fa-
δριμύτατος	drimu/tatos	δριμύς	drimu/s	a-s---mn-
δριμύτατός	drimu/tato/s	δριμύς	drimu/s	a-s---mn-
δρομέα	drome/a	δρομεύς	dromeu/s	n-s---ma-
δρυφάκτοις	drufa/ktois	δρύφακτος	dru/faktos	n-p---md-
δρυφάκτου	drufa/ktou	δρύφακτος	dru/faktos	n-s---mg-
δρυφάκτου	drufa/ktou	δρυφακτόω	drufakto/w	v2spma---
δρυφάκτου	drufa/ktou	δρυφακτόω	drufakto/w	v3siia---
δράσεις	dra/seis	δράω	dra/w	v2sasa---
δράσεις	dra/seis	δράω	dra/w	v2sfia---
δράσεις	dra/seis	δρᾶσις	dra=sis	n-p---fn-
δράσεις	dra/seis	δρᾶσις	dra=sis	n-p---fv-
δράσεις	dra/seis	δρᾶσις	dra=sis	n-p---fn-
δράσεις	dra/seis	δρᾶσις	dra=sis	n-p---fa-
δράσετ’	dra/set'	δράω	dra/w	v2pasa---
δράσετ’	dra/set'	δράω	dra/w	v2pfia---
δράσετ’	dra/set'	δράω	dra/w	v3sasm---
δράσετ’	dra/set'	δράω	dra/w	v3sfim---
δράσω	dra/sw	δράω	dra/w	v1sasa---
δράσω	dra/sw	δράω	dra/w	v1sfia---
δράσω	dra/sw	δράω	dra/w	v2saim---
δράσῃ	dra/sh|	δράω	dra/w	v2sasm---
δράσῃ	dra/sh|	δράω	dra/w	v3sasa---
δράσῃ	dra/sh|	δράω	dra/w	v2sfim---
δράσῃ	dra/sh|	δρᾶσις	dra=sis	n-s---fd-
δρόμον	dro/mon	δρόμος	dro/mos	n-s---ma-
δρᾶν	dra=n	δράω	dra/w	v-sppamv-
δρᾶν	dra=n	δράω	dra/w	v-sppann-
δρᾶν	dra=n	δράω	dra/w	v-sppanv-
δρᾶν	dra=n	δράω	dra/w	v-sppana-
δρᾶν	dra=n	δράω	dra/w	v-sppamn-
δρᾶν	dra=n	δράω	dra/w	v--pna---
δρᾶν	dra=n	δράω	dra/w	v--pna---
δρᾶν	dra=n	δράω	dra/w	v3piia---
δρᾶν	dra=n	δράω	dra/w	v1siia---
δρῶ	drw=	δράω	dra/w	v2spme---
δρῶ	drw=	δράω	dra/w	v1spsa---
δρῶ	drw=	δράω	dra/w	v1spia---
δρῶ	drw=	δράω	dra/w	v2siie---
δρῶμεν	drw=men	δράω	dra/w	v1ppsa---
δρῶμεν	drw=men	δράω	dra/w	v1ppia---
δρῶμεν	drw=men	δράω	dra/w	v1piia---
δρῶν	drw=n	δράω	dra/w	v-sppamv-
δρῶν	drw=n	δράω	dra/w	v-sppann-
δρῶν	drw=n	δράω	dra/w	v-sppanv-
δρῶν	drw=n	δράω	dra/w	v-sppana-
δρῶν	drw=n	δράω	dra/w	v-sppamn-
δρῶν	drw=n	δράω	dra/w	v3piia---
δρῶν	drw=n	δράω	dra/w	v1siia---
δυνατή	dunath/	δυνατός	dunato/s	a-s---fn-
δυνατή	dunath/	δυνατός	dunato/s	a-s---fv-
δυνατόν	dunato/n	δυνατός	dunato/s	a-s---ma-
δυνατόν	dunato/n	δυνατός	dunato/s	a-s---nn-
δυνατόν	dunato/n	δυνατός	dunato/s	a-s---nv-
δυνατόν	dunato/n	δυνατός	dunato/s	a-s---na-
δυνατόν	dunato/n	δυνατός	dunato/s	n-s---ma-
δυνατόν	dunato/n	δυνατός	dunato/s	n-s---fa-
δυνατόν	dunato/n	δυνατός	dunato/s	n-s---nn-
δυνατόν	dunato/n	δυνατός	dunato/s	n-s---nv-
δυνατόν	dunato/n	δυνατός	dunato/s	n-s---na-
δυνήσεται	dunh/setai	δύναμαι	du/namai	v3sasm---
δυνήσεται	dunh/setai	δύναμαι	du/namai	v3sfim---
δυνήσομαι	dunh/somai	δύναμαι	du/namai	v1sasm---
δυνήσομαι	dunh/somai	δύναμαι	du/namai	v1sfim---
δυοῖν	duoi=n	δύο	du/o	m-d---mg-
δυοῖν	duoi=n	δύο	du/o	m-d---md-
δυοῖν	duoi=n	δύο	du/o	m-d---fg-
δυοῖν	duoi=n	δύο	du/o	m-d---fd-
δυοῖν	duoi=n	δύο	du/o	m-d---ng-
δυοῖν	duoi=n	δύο	du/o	m-d---nd-
δυσκολίας	duskoli/as	δυσκολία	duskoli/a	n-p---fa-
δυσκολίας	duskoli/as	δυσκολία	duskoli/a	n-s---fg-
δυσκολώτερον	duskolw/teron	δύσκολος	du/skolos	n-s---ma-
δυσκολώτερον	duskolw/teron	δύσκολος	du/skolos	n-s---nn-
δυσκολώτερον	duskolw/teron	δύσκολος	du/skolos	n-s---nv-
δυσκολώτερον	duskolw/teron	δύσκολος	du/skolos	n-s---na-
δυσκολώτερον	duskolw/teron	δύσκολος	du/skolos	x--------
δυσμενῆ	dusmenh=	δυσμενής	dusmenh/s	n-p---nn-
δυσμενῆ	dusmenh=	δυσμενής	dusmenh/s	n-p---nv-
δυσμενῆ	dusmenh=	δυσμενής	dusmenh/s	n-p---na-
δυσμενῆ	dusmenh=	δυσμενής	dusmenh/s	n-d---mn-
δυσμενῆ	dusmenh=	δυσμενής	dusmenh/s	n-d---mv-
δυσμενῆ	dusmenh=	δυσμενής	dusmenh/s	n-d---ma-
δυσμενῆ	dusmenh=	δυσμενής	dusmenh/s	n-d---fn-
δυσμενῆ	dusmenh=	δυσμενής	dusmenh/s	n-d---fv-
δυσμενῆ	dusmenh=	δυσμενής	dusmenh/s	n-d---fa-
δυσμενῆ	dusmenh=	δυσμενής	dusmenh/s	n-d---nn-
δυσμενῆ	dusmenh=	δυσμενής	dusmenh/s	n-d---nv-
δυσμενῆ	dusmenh=	δυσμενής	dusmenh/s	n-d---na-
δυσμενῆ	dusmenh=	δυσμενής	dusmenh/s	n-s---ma-
δυσμενῆ	dusmenh=	δυσμενής	dusmenh/s	n-s---fa-
δωροδοκοῦσιν	dwrodokou=sin	δωροδοκέω	dwrodoke/w	v-pppamd-
δωροδοκοῦσιν	dwrodokou=sin	δωροδοκέω	dwrodoke/w	v-pppand-
δωροδοκοῦσιν	dwrodokou=sin	δωροδοκέω	dwrodoke/w	v3ppia---
δωροφοροῦσιν	dwroforou=sin	δωροφορέω	dwrofore/w	v-pppamd-
δωροφοροῦσιν	dwroforou=sin	δωροφορέω	dwrofore/w	v-pppand-
δωροφοροῦσιν	dwroforou=sin	δωροφορέω	dwrofore/w	v3ppia---
δάκνει	da/knei	δάκνω	da/knw	v2spie---
δάκνει	da/knei	δάκνω	da/knw	v3spia---
δάκνων	da/knwn	δάκνω	da/knw	v-sppamn-
δάκτυλόν	da/ktulo/n	δάκτυλος	da/ktulos	n-s---ma-
δάπιδας	da/pidas	δάπις	da/pis	n-p---fa-
δέ	de/	δέ	de/	g--------
δέδιθι	de/diqi	δείδω	dei/dw	v2srma---
δέδοικα	de/doika	δείδω	dei/dw	v1sria---
δέδοικας	de/doikas	δείδω	dei/dw	v2sria---
δέδοικε	de/doike	δείδω	dei/dw	v2srma---
δέδοικε	de/doike	δείδω	dei/dw	v3sria---
δέδοικάς	de/doika/s	δείδω	dei/dw	v2sria---
δέδοκταί	de/doktai/	δοκέω	doke/w	v3srie---
δέδρακας	de/drakas	δράω	dra/w	v2sria---
δέδρακε	de/drake	δράω	dra/w	v2srma---
δέδρακε	de/drake	δράω	dra/w	v3sria---
δέδρακεν	de/draken	δράω	dra/w	v3sria---
δέδρακεν	de/draken	δράω	dra/w	v3plia---
δέκ’	de/k'	δέκα	de/ka	m--------
δέξαι	de/cai	δέχομαι	de/xomai	v2samm---
δέξαι	de/cai	δείκνυμι	dei/knumi	v2samm---
δέξαι	de/cai	δείκνυμι	dei/knumi	v--ana---
δέξαι	de/cai	δείκνυμι	dei/knumi	v3saoa---
δέξει	de/cei	δέξις	de/cis	n-d---fn-
δέξει	de/cei	δέξις	de/cis	n-d---fv-
δέξει	de/cei	δέξις	de/cis	n-d---fa-
δέξει	de/cei	δέξις	de/cis	n-s---fd-
δέξει	de/cei	δέξις	de/cis	n-s---fd-
δέξει	de/cei	δέχομαι	de/xomai	v2sfim---
δέξει	de/cei	δείκνυμι	dei/knumi	v3sasa---
δέξει	de/cei	δείκνυμι	dei/knumi	v2sfim---
δέξει	de/cei	δείκνυμι	dei/knumi	v3sfia---
δέξεται	de/cetai	δέχομαι	de/xomai	v3sasm---
δέξεται	de/cetai	δέχομαι	de/xomai	v3sfim---
δέξεται	de/cetai	δείκνυμι	dei/knumi	v3sasm---
δέξεται	de/cetai	δείκνυμι	dei/knumi	v3sfim---
δέομ’	de/om'	δέομαι	de/omai	v1spie---
δέομ’	de/om'	δέω1	de/w1	v1spie---
δέομ’	de/om'	δέω2	de/w2	v1spie---
δέρειν	de/rein	δέρω	de/rw	v--pna---
δέρεσθαι	de/resqai	δέρω	de/rw	v--pne---
δέρματος	de/rmatos	δέρμα	de/rma	n-s---ng-
δέσποθ’	de/spoq'	δεσπότης	despo/ths	n-s---mv-
δέσποτα	de/spota	δεσπότης	despo/ths	n-s---mv-
δέσποτ’	de/spot'	δεσπότης	despo/ths	n-s---mv-
δέχου	de/xou	δέχομαι	de/xomai	v2spme---
δέχου	de/xou	δέχομαι	de/xomai	v2siie---
δέῃ	de/h|	δέομαι	de/omai	v2spse---
δέῃ	de/h|	δέομαι	de/omai	v2spie---
δέῃ	de/h|	δέω1	de/w1	v2spse---
δέῃ	de/h|	δέω1	de/w1	v2spie---
δέῃ	de/h|	δέω1	de/w1	v3spsa---
δέῃ	de/h|	δέω2	de/w2	v2spse---
δέῃ	de/h|	δέω2	de/w2	v2spie---
δέῃ	de/h|	δέω2	de/w2	v3spsa---
δέῃ	de/h|	δέω2	de/w2	v2spsm---
δέῃ	de/h|	δεῖ	dei=	v3spsa---
δέῃ	de/h|	δεῖ	dei=	v3spsa---
δή	dh/	δή	dh/	g--------
δήμῳ	dh/mw|	δῆμος	dh=mos	n-s---md-
δήπου	dh/pou	δήπου	dh/pou	g--------
δήπουθεν	dh/pouqen	δήπουθεν	dh/pouqen	g--------
δήσας	dh/sas	δέω1	de/w1	v-sapamn-
δήσας	dh/sas	δέω1	de/w1	v-sapamv-
δήσας	dh/sas	δέω2	de/w2	v-sapamn-
δήσας	dh/sas	δέω2	de/w2	v-sapamv-
δίαιταν	di/aitan	δίαιτα	di/aita	n-s---fa-
δίαιτάν	di/aita/n	δίαιτα	di/aita	n-s---fa-
δίδαξον	di/dacon	διδάσκω	dida/skw	v2sama---
δίδωμί	di/dwmi/	δίδωμι	di/dwmi	v1spia---
δίδωσιν	di/dwsin	δίδωμι	di/dwmi	v3spia---
δίκαζε	di/kaze	δικάζω	dika/zw	v2spma---
δίκαζε	di/kaze	δικάζω	dika/zw	v3siia---
δίκαι	di/kai	δίκη	di/kh	n-p---fn-
δίκαι	di/kai	δίκη	di/kh	n-p---fv-
δίκαι	di/kai	δίκη	di/kh	n-s---fd-
δίκαιον	di/kaion	δίκαιος	di/kaios	a-s---ma-
δίκαιον	di/kaion	δίκαιος	di/kaios	a-s---nn-
δίκαιον	di/kaion	δίκαιος	di/kaios	a-s---nv-
δίκαιον	di/kaion	δίκαιος	di/kaios	a-s---na-
δίκαιον	di/kaion	δίκαιος	di/kaios	n-s---ma-
δίκαιον	di/kaion	δίκαιος	di/kaios	n-s---fa-
δίκαιον	di/kaion	δίκαιος	di/kaios	n-s---nn-
δίκαιον	di/kaion	δίκαιος	di/kaios	n-s---nv-
δίκαιον	di/kaion	δίκαιος	di/kaios	n-s---na-
δίκας	di/kas	δίκη	di/kh	n-p---fa-
δίκας	di/kas	δίκη	di/kh	n-s---fg-
δίκην	di/khn	δίκη	di/kh	n-s---fa-
δίκτυον	di/ktuon	δίκτυον	di/ktuon	n-s---nn-
δίκτυον	di/ktuon	δίκτυον	di/ktuon	n-s---nv-
δίκτυον	di/ktuon	δίκτυον	di/ktuon	n-s---na-
δίκῃ	di/kh|	δίκη	di/kh	n-s---fd-
δίκῃ	di/kh|	δικεῖν	dikei=n	v2sase---
δίκῃ	di/kh|	δικεῖν	dikei=n	v3sasa---
δίνου	di/nou	δίνω	di/nw	v2spme---
δίνου	di/nou	δίνω	di/nw	v2siie---
δίνου	di/nou	δῖνος	di=nos	n-s---mg-
δίνου	di/nou	δινόω	dino/w	v2spma---
δίνου	di/nou	δινόω	dino/w	v3siia---
δόξω	do/cw	δοξόω	doco/w	v2spma---
δόξω	do/cw	δοκέω	doke/w	v1sasa---
δόξω	do/cw	δοκέω	doke/w	v1sfia---
δόξω	do/cw	δοκέω	doke/w	v2saim---
δότε	do/te	δίδωμι	di/dwmi	v2pama---
δότε	do/te	δίδωμι	di/dwmi	v2paia---
δότε	do/te	δίδωμι	di/dwmi	v2paia---
δότω	do/tw	δίδωμι	di/dwmi	v3sama---
δότω	do/tw	δότης	do/ths	n-s---mg-
δύναιτ’	du/nait'	δύναμαι	du/namai	v3spoe---
δύναιτ’	du/nait'	δύω2	du/w2	v2paoa---
δύναμαι	du/namai	δύναμαι	du/namai	v1spie---
δύναταί	du/natai/	δύναμαι	du/namai	v3spie---
δύο	du/o	δύο	du/o	m--------
δύου	du/ou	δύω2	du/w2	v2spme---
δύου	du/ou	δύω2	du/w2	v2siie---
δύσκολον	du/skolon	δύσκολος	du/skolos	n-s---ma-
δύσκολον	du/skolon	δύσκολος	du/skolos	n-s---fa-
δύσκολον	du/skolon	δύσκολος	du/skolos	n-s---nn-
δύσκολον	du/skolon	δύσκολος	du/skolos	n-s---nv-
δύσκολον	du/skolon	δύσκολος	du/skolos	n-s---na-
δύσκολος	du/skolos	δύσκολος	du/skolos	n-s---mn-
δύσκολος	du/skolos	δύσκολος	du/skolos	n-s---fn-
δώσεις	dw/seis	δίδωμι	di/dwmi	v2sfia---
δώσετε	dw/sete	δίδωμι	di/dwmi	v2pfia---
δώσετον	dw/seton	δίδωμι	di/dwmi	v3dfia---
δώσετον	dw/seton	δίδωμι	di/dwmi	v2dfia---
δᾳδί	da|di/	δαίσ1	dai/s1	n-s---fd-
δᾳδί	da|di/	δᾳδίς	da|di/s	n-s---fv-
δᾳδός	da|do/s	δαίσ1	dai/s1	n-s---fg-
δᾴς	da/|s	δαίσ1	dai/s1	n-s---fn-
δᾴς	da/|s	δαίσ3	dai/s3	n-s---fn-
δᾴς	da/|s	δαίσ3	dai/s3	n-s---fn-
δῆλα	dh=la	δῆλος	dh=los	a-p---nn-
δῆλα	dh=la	δῆλος	dh=los	a-p---nv-
δῆλα	dh=la	δῆλος	dh=los	a-p---na-
δῆλα	dh=la	δῆλος	dh=los	n-p---nn-
δῆλα	dh=la	δῆλος	dh=los	n-p---nv-
δῆλα	dh=la	δῆλος	dh=los	n-p---na-
δῆλός	dh=lo/s	δῆλος	dh=los	a-s---mn-
δῆλός	dh=lo/s	δῆλος	dh=los	n-s---mn-
δῆλός	dh=lo/s	δῆλος	dh=los	n-s---fn-
δῆμον	dh=mon	δῆμος	dh=mos	n-s---ma-
δῆμος	dh=mos	δῆμος	dh=mos	n-s---mn-
δῆτα	dh=ta	δῆτα	dh=ta	d--------
δῆτά	dh=ta/	δῆτα	dh=ta	d--------
δῷ	dw=|	δίδωμι	di/dwmi	v3sasa---
δῷ	dw=|	δίδωμι	di/dwmi	v2sasm---
δῷ	dw=|	δίδωμι	di/dwmi	v3sasa---
εἰ	ei)	εἰ	ei)	c--------
εἰδείη	ei)dei/h	οἶδα	oi)=da	v3sroa---
εἰδέναι	ei)de/nai	οἶδα	oi)=da	v--rna---
εἰδῆθ’	ei)dh=q'	οἶδα	oi)=da	v2prsa---
εἰδῇ	ei)dh=|	οἶδα	oi)=da	v3srsa---
εἰθίσθης	ei)qi/sqhs	ἐθίζω	e)qi/zw	v2saip---
εἰθίσθης	ei)qi/sqhs	ἐθίζω	e)qi/zw	v2saip---
εἰθίσθης	ei)qi/sqhs	ἐθίζω	e)qi/zw	v2saip---
εἰκότας	ei)ko/tas	ἔοικα	e)/oika	v-prpama-
εἰκότας	ei)ko/tas	εἰκός	ei)ko/s	v-prpama-
εἰμι	ei)mi	εἰμί	ei)mi/	v1spia---
εἰμ’	ei)m'	εἰμί	ei)mi/	v1spia---
εἰπέ	ei)pe/	εἶπον	ei)=pon	v2sama---
εἰπόντες	ei)po/ntes	εἶπον	ei)=pon	v-papamn-
εἰπόντες	ei)po/ntes	εἶπον	ei)=pon	v-papamv-
εἰρεσιώναις	ei)resiw/nais	εἰρεσιώνη	ei)resiw/nh	n-p---fd-
εἰρωνικῶς	ei)rwnikw=s	εἰρωνικός	ei)rwniko/s	x--------
εἰς	ei)s	εἰς	ei)s	r--------
εἰσαγάγω	ei)saga/gw	εἰσάγω	ei)sa/gw	v1sasa---
εἰσακτέον	ei)sakte/on	εἰσακτέον	ei)sakte/on	n-s---ma-
εἰσακτέον	ei)sakte/on	εἰσακτέον	ei)sakte/on	n-s---nn-
εἰσακτέον	ei)sakte/on	εἰσακτέον	ei)sakte/on	n-s---nv-
εἰσακτέον	ei)sakte/on	εἰσακτέον	ei)sakte/on	n-s---na-
εἰσακτέον	ei)sakte/on	εἰσακτέος	ei)sakte/os	n-s---ma-
εἰσακτέον	ei)sakte/on	εἰσακτέος	ei)sakte/os	n-s---fa-
εἰσακτέον	ei)sakte/on	εἰσακτέος	ei)sakte/os	n-s---nn-
εἰσακτέον	ei)sakte/on	εἰσακτέος	ei)sakte/os	n-s---nv-
εἰσακτέον	ei)sakte/on	εἰσακτέος	ei)sakte/os	n-s---na-
εἰσελθόν	ei)selqo/n	εἰσέρχομαι	ei)se/rxomai	v-sapamv-
εἰσελθόν	ei)selqo/n	εἰσέρχομαι	ei)se/rxomai	v-sapann-
εἰσελθόν	ei)selqo/n	εἰσέρχομαι	ei)se/rxomai	v-sapanv-
εἰσελθόν	ei)selqo/n	εἰσέρχομαι	ei)se/rxomai	v-sapana-
εἰσελθόντα	ei)selqo/nta	εἰσέρχομαι	ei)se/rxomai	v-papann-
εἰσελθόντα	ei)selqo/nta	εἰσέρχομαι	ei)se/rxomai	v-papanv-
εἰσελθόντα	ei)selqo/nta	εἰσέρχομαι	ei)se/rxomai	v-papana-
εἰσελθόντα	ei)selqo/nta	εἰσέρχομαι	ei)se/rxomai	v-sapama-
εἰσελθών	ei)selqw/n	εἰσέρχομαι	ei)se/rxomai	v-sapamn-
εἰσελήλυθε	ei)selh/luqe	εἰσέρχομαι	ei)se/rxomai	v2srma---
εἰσελήλυθε	ei)selh/luqe	εἰσέρχομαι	ei)se/rxomai	v3sria---
εἰσιν	ei)sin	εἰμί	ei)mi/	v3ppia---
εἰσιόνθ’	ei)sio/nq'	εἴσειμι	ei)/seimi	v-sppama-
εἰσιόνθ’	ei)sio/nq'	εἴσειμι	ei)/seimi	v-pppann-
εἰσιόνθ’	ei)sio/nq'	εἴσειμι	ei)/seimi	v-pppanv-
εἰσιόνθ’	ei)sio/nq'	εἴσειμι	ei)/seimi	v-pppana-
εἰσιόνθ’	ei)sio/nq'	εἴσειμι	ei)/seimi	v-sppamd-
εἰσιόνθ’	ei)sio/nq'	εἴσειμι	ei)/seimi	v-sppand-
εἰσιόνθ’	ei)sio/nq'	εἴσειμι	ei)/seimi	v-dppamn-
εἰσιόνθ’	ei)sio/nq'	εἴσειμι	ei)/seimi	v-dppamv-
εἰσιόνθ’	ei)sio/nq'	εἴσειμι	ei)/seimi	v-dppama-
εἰσιόνθ’	ei)sio/nq'	εἴσειμι	ei)/seimi	v-dppann-
εἰσιόνθ’	ei)sio/nq'	εἴσειμι	ei)/seimi	v-dppanv-
εἰσιόνθ’	ei)sio/nq'	εἴσειμι	ei)/seimi	v-dppana-
εἰσιών	ei)siw/n	εἴσειμι	ei)/seimi	v-sppamn-
εἰσάγῃ	ei)sa/gh|	εἰσάγω	ei)sa/gw	v2spse---
εἰσάγῃ	ei)sa/gh|	εἰσάγω	ei)sa/gw	v2spie---
εἰσάγῃ	ei)sa/gh|	εἰσάγω	ei)sa/gw	v3spsa---
εἰσέλθῃ	ei)se/lqh|	εἰσέρχομαι	ei)se/rxomai	v2sasm---
εἰσέλθῃ	ei)se/lqh|	εἰσέρχομαι	ei)se/rxomai	v3sasa---
εἰσέλθῃ	ei)se/lqh|	εἰσέρχομαι	ei)se/rxomai	v3sasa---
εἰσέρχεται	ei)se/rxetai	εἰσέρχομαι	ei)se/rxomai	v3spie---
εἰσί	ei)si/	εἰμί	ei)mi/	v3ppia---
εἰσίν	ei)si/n	εἰμί	ei)mi/	v3ppia---
εἰσίτω	ei)si/tw	εἴσειμι	ei)/seimi	v3spma---
εἰωθέναι	ei)wqe/nai	ἔθω	e)/qw	v--rna---
εἱπόμεσθα	ei(po/mesqa	ἕπομαι	e(/pomai	v1piie---
εἴ	ei)/	εἰ	ei)	c--------
εἴη	ei)/h	ἐάω	e)a/w	v3siia---
εἴη	ei)/h	ἐάω	e)a/w	v2spma---
εἴη	ei)/h	ἐάω	e)a/w	v3siia---
εἴη	ei)/h	ἐάω	e)a/w	v3siia---
εἴη	ei)/h	εἰμί	ei)mi/	v3spoa---
εἴης	ei)/hs	ἐάω	e)a/w	v2siia---
εἴης	ei)/hs	ἐάω	e)a/w	v2siia---
εἴης	ei)/hs	ἐάω	e)a/w	v2siia---
εἴης	ei)/hs	εἰμί	ei)mi/	v2spoa---
εἴκοσιν	ei)/kosin	εἴκοσι	ei)/kosi	m--------
εἴμι	ei)/mi	εἰμί	ei)mi/	v1spia---
εἴπερ	ei)/per	εἴπερ	ei)/per	c--------
εἴποτέ	ei)/pote/	εἴποτε	ei)/pote	d--------
εἴπῃ	ei)/ph|	εἶπον	ei)=pon	v2sasm---
εἴπῃ	ei)/ph|	εἶπον	ei)=pon	v3sasa---
εἴπῃ	ei)/ph|	εἶπον	ei)=pon	v2sase---
εἴπῃ	ei)/ph|	εἶπον	ei)=pon	v3sasa---
εἴρηκας	ei)/rhkas	ἐρῶ	e)rw=	v2sria---
εἴρηχ’	ei)/rhx'	ἐρῶ	e)rw=	v1sria---
εἴρηχ’	ei)/rhx'	ἐρῶ	e)rw=	v2srma---
εἴρηχ’	ei)/rhx'	ἐρῶ	e)rw=	v3sria---
εἴσαγ’	ei)/sag'	εἰσάγω	ei)sa/gw	v2spma---
εἴσαγ’	ei)/sag'	εἰσάγω	ei)sa/gw	v3siia---
εἴσει	ei)/sei	εἴδομαι	ei)/domai	v3sasa---
εἴσει	ei)/sei	εἴσειμι	ei)/seimi	v2spia---
εἴσει	ei)/sei	εἶμι	ei)=mi	v2sfim---
εἴσει	ei)/sei	οἶδα	oi)=da	v2sfim---
εἴσομαι	ei)/somai	εἶμι	ei)=mi	v1sfim---
εἴσομαι	ei)/somai	οἶδα	oi)=da	v1sfim---
εἴσω	ei)/sw	εἴδομαι	ei)/domai	v1sasa---
εἴσω	ei)/sw	εἴσω	ei)/sw	d--------
εἴτε	ei)/te	εἴτε	ei)/te	d--------
εἵργειν	ei(/rgein	ἔργω1	e)/rgw1	v--pna---
εἵργων	ei(/rgwn	ἔργω1	e)/rgw1	v-sppamn-
εἶ	ei)=	εἰ	ei)	c--------
εἶ	ei)=	εἶμι	ei)=mi	v2spia---
εἶ	ei)=	εἰμί	ei)mi/	v2spia---
εἶδον	ei)=don	εἶδον	ei)=don	v3paia---
εἶδον	ei)=don	εἶδον	ei)=don	v1saia---
εἶδ’	ei)=d'	εἶδον	ei)=don	v3saia---
εἶλον	ei)=lon	εἴλω	ei)/lw	v-sppamv-
εἶλον	ei)=lon	εἴλω	ei)/lw	v-sppann-
εἶλον	ei)=lon	εἴλω	ei)/lw	v-sppanv-
εἶλον	ei)=lon	εἴλω	ei)/lw	v-sppana-
εἶλον	ei)=lon	εἴλω	ei)/lw	v3piia---
εἶλον	ei)=lon	εἴλω	ei)/lw	v1siia---
εἶναι	ei)=nai	εἰμί	ei)mi/	v--pna---
εἶναί	ei)=nai/	εἰμί	ei)mi/	v--pna---
εἶπε	ei)=pe	εἶπον	ei)=pon	v3saia---
εἶπε	ei)=pe	εἶπον	ei)=pon	v2sama---
εἶπε	ei)=pe	εἶπον	ei)=pon	v3saia---
εἶπε	ei)=pe	εἶπον	ei)=pon	v3saia---
εἶπε	ei)=pe	εἶπον	ei)=pon	v3saia---
εἶπε	ei)=pe	εἶπος	ei)=pos	n-s---mv-
εἶπεν	ei)=pen	εἶπον	ei)=pon	v3saia---
εἶπεν	ei)=pen	εἶπον	ei)=pon	v3saia---
εἶπεν	ei)=pen	εἶπον	ei)=pon	v3saia---
εἶπεν	ei)=pen	εἶπον	ei)=pon	v3saia---
εἶς	ei)=s	εἶμι	ei)=mi	v2spia---
εἶς	ei)=s	εἰμί	ei)mi/	v2spia---
εἶς	ei)=s	εἰς	ei)s	r--------
εἶτα	ei)=ta	εἶτα	ei)=ta	d--------
εἶτε	ei)=te	εἰμί	ei)mi/	v2ppoa---
εἶφ’	ei)=f'	εἶπον	ei)=pon	v1saia---
εἶφ’	ei)=f'	εἶπον	ei)=pon	v3saia---
εἶφ’	ei)=f'	εἶπον	ei)=pon	v2sama---
εἶφ’	ei)=f'	εἶπον	ei)=pon	v3saia---
εἶφ’	ei)=f'	εἶπον	ei)=pon	v2samm---
εἶφ’	ei)=f'	εἶπον	ei)=pon	v--ana---
εἶφ’	ei)=f'	εἶπον	ei)=pon	v1saia---
εἶφ’	ei)=f'	εἶπον	ei)=pon	v3saia---
εἶφ’	ei)=f'	εἶπον	ei)=pon	v3saia---
εἶφ’	ei)=f'	εἶπος	ei)=pos	n-s---mv-
εἶχεν	ei)=xen	ἔχω	e)/xw	v3siia---
εἶχες	ei)=xes	ἔχω	e)/xw	v2siia---
εἶχον	ei)=xon	ἔχω	e)/xw	v3piia---
εἶχον	ei)=xon	ἔχω	e)/xw	v1siia---
εἶά	ei)=a/	εἶα	ei)=a	x--------
εἷς	ei(=s	εἷς	ei(=s	n-s---mn-
εὐθέως	eu)qe/ws	εὐθέως	eu)qe/ws	d--------
εὐθέως	eu)qe/ws	εὐθής	eu)qh/s	x--------
εὐθέως	eu)qe/ws	εὐθύσ1	eu)qu/s1	x--------
εὐθέως	eu)qe/ws	εὐθύσ2	eu)qu/s2	d--------
εὐθύνης	eu)qu/nhs	εὔθυνα	eu)/quna	n-s---fg-
εὐθύς	eu)qu/s	εὐθύσ1	eu)qu/s1	a-s---mn-
εὐθύς	eu)qu/s	εὐθύσ2	eu)qu/s2	d--------
εὐλαβεῖσθε	eu)labei=sqe	εὐλαβέομαι	eu)labe/omai	v2ppme---
εὐλαβεῖσθε	eu)labei=sqe	εὐλαβέομαι	eu)labe/omai	v2ppoe---
εὐλαβεῖσθε	eu)labei=sqe	εὐλαβέομαι	eu)labe/omai	v2ppie---
εὐλαβεῖσθε	eu)labei=sqe	εὐλαβέομαι	eu)labe/omai	v2piie---
εὐλόγως	eu)lo/gws	εὔλογος	eu)/logos	x--------
εὐλόγως	eu)lo/gws	εὔλογος	eu)/logos	n-p---ma-
εὐλόγως	eu)lo/gws	εὔλογος	eu)/logos	n-p---fa-
εὐνῆς	eu)nh=s	εὐνάω	eu)na/w	v2spia---
εὐνῆς	eu)nh=s	εὐνάω	eu)na/w	v2spia---
εὐνῆς	eu)nh=s	εὐνάζω	eu)na/zw	v2sfia---
εὐνῆς	eu)nh=s	εὐνή	eu)nh/	n-s---fg-
εὐξώμεσθα	eu)cw/mesqa	εὔχομαι	eu)/xomai	v1pasm---
εὐπαιδίας	eu)paidi/as	εὐπαιδία	eu)paidi/a	n-p---fa-
εὐπαιδίας	eu)paidi/as	εὐπαιδία	eu)paidi/a	n-s---fg-
εὐπορώτατοι	eu)porw/tatoi	εὔπορος	eu)/poros	a-p---mns
εὐπορώτατοι	eu)porw/tatoi	εὔπορος	eu)/poros	a-p---mvs
εὐσχημόνως	eu)sxhmo/nws	εὐσχήμων	eu)sxh/mwn	x--------
εὐτράπελον	eu)tra/pelon	εὐτράπελος	eu)tra/pelos	n-s---ma-
εὐτράπελον	eu)tra/pelon	εὐτράπελος	eu)tra/pelos	n-s---fa-
εὐτράπελον	eu)tra/pelon	εὐτράπελος	eu)tra/pelos	n-s---nn-
εὐτράπελον	eu)tra/pelon	εὐτράπελος	eu)tra/pelos	n-s---nv-
εὐτράπελον	eu)tra/pelon	εὐτράπελος	eu)tra/pelos	n-s---na-
εὐτυχίας	eu)tuxi/as	εὐτυχία	eu)tuxi/a	n-p---fa-
εὐτυχίας	eu)tuxi/as	εὐτυχία	eu)tuxi/a	n-s---fg-
εὐφημία	eu)fhmi/a	εὐφημία	eu)fhmi/a	n-d---fn-
εὐφημία	eu)fhmi/a	εὐφημία	eu)fhmi/a	n-d---fv-
εὐφημία	eu)fhmi/a	εὐφημία	eu)fhmi/a	n-d---fa-
εὐφημία	eu)fhmi/a	εὐφημία	eu)fhmi/a	n-s---fn-
εὐφημία	eu)fhmi/a	εὐφημία	eu)fhmi/a	n-s---fv-
εὐχαῖς	eu)xai=s	εὐχή	eu)xh/	n-p---fd-
εὐωχεῖν	eu)wxei=n	εὐωχέω	eu)wxe/w	v--pna---
εὐωχημένον	eu)wxhme/non	εὐωχέω	eu)wxe/w	v-srpema-
εὐωχημένον	eu)wxhme/non	εὐωχέω	eu)wxe/w	v-srpenn-
εὐωχημένον	eu)wxhme/non	εὐωχέω	eu)wxe/w	v-srpenv-
εὐωχημένον	eu)wxhme/non	εὐωχέω	eu)wxe/w	v-srpena-
εὑρεῖν	eu(rei=n	εὑρίσκω	eu(ri/skw	v--ana---
εὑρήσετε	eu(rh/sete	εὑρίσκω	eu(ri/skw	v2pfia---
εὑρόντες	eu(ro/ntes	εὑρίσκω	eu(ri/skw	v-papamn-
εὑρόντες	eu(ro/ntes	εὑρίσκω	eu(ri/skw	v-papamv-
εὑρών	eu(rw/n	εὑρίσκω	eu(ri/skw	v-sapamn-
εὔδαιμον	eu)/daimon	εὐδαίμων	eu)dai/mwn	n-s---mv-
εὔδαιμον	eu)/daimon	εὐδαίμων	eu)dai/mwn	n-s---fv-
εὔδαιμον	eu)/daimon	εὐδαίμων	eu)dai/mwn	n-s---nn-
εὔδαιμον	eu)/daimon	εὐδαίμων	eu)dai/mwn	n-s---nv-
εὔδαιμον	eu)/daimon	εὐδαίμων	eu)dai/mwn	n-s---na-
εὔνους	eu)/nous	εὔνους	eu)/nous	n-p---mn-
εὔνους	eu)/nous	εὔνους	eu)/nous	n-p---fn-
εὔνους	eu)/nous	εὔνους	eu)/nous	n-s---mn-
εὔνους	eu)/nous	εὔνους	eu)/nous	n-s---mv-
εὔνους	eu)/nous	εὔνους	eu)/nous	n-s---fn-
εὔνους	eu)/nous	εὔνους	eu)/nous	n-s---fv-
εὔτακτος	eu)/taktos	εὔτακτος	eu)/taktos	n-s---mn-
εὔτακτος	eu)/taktos	εὔτακτος	eu)/taktos	n-s---fn-
εὖ	eu)=	εὖ	eu)=	d--------
εὖνοι	eu)=noi	εὔνους	eu)/nous	n-p---mn-
εὖνοι	eu)=noi	εὔνους	eu)/nous	n-p---mv-
εὖνοι	eu)=noi	εὔνους	eu)/nous	n-p---fn-
εὖνοι	eu)=noi	εὔνους	eu)/nous	n-p---fv-
ζηλωτόν	zhlwto/n	ζηλωτός	zhlwto/s	a-s---ma-
ζηλωτόν	zhlwto/n	ζηλωτός	zhlwto/s	a-s---nn-
ζηλωτόν	zhlwto/n	ζηλωτός	zhlwto/s	a-s---nv-
ζηλωτόν	zhlwto/n	ζηλωτός	zhlwto/s	a-s---na-
ζηλωτόν	zhlwto/n	ζηλωτός	zhlwto/s	n-s---ma-
ζηλωτόν	zhlwto/n	ζηλωτός	zhlwto/s	n-s---fa-
ζηλωτόν	zhlwto/n	ζηλωτός	zhlwto/s	n-s---nn-
ζηλωτόν	zhlwto/n	ζηλωτός	zhlwto/s	n-s---nv-
ζηλωτόν	zhlwto/n	ζηλωτός	zhlwto/s	n-s---na-
ζηλῶ	zhlw=	ζηλέω	zhle/w	v1spsa---
ζηλῶ	zhlw=	ζηλέω	zhle/w	v1spia---
ζηλῶ	zhlw=	ζηλόω	zhlo/w	v1spsa---
ζηλῶ	zhlw=	ζηλόω	zhlo/w	v1spia---
ζητεῖθ’	zhtei=q'	ζητέω	zhte/w	v3spoe---
ζητεῖθ’	zhtei=q'	ζητέω	zhte/w	v2ppma---
ζητεῖθ’	zhtei=q'	ζητέω	zhte/w	v2ppoa---
ζητεῖθ’	zhtei=q'	ζητέω	zhte/w	v2ppia---
ζητεῖθ’	zhtei=q'	ζητέω	zhte/w	v3spie---
ζητεῖθ’	zhtei=q'	ζητέω	zhte/w	v3siie---
ζητεῖθ’	zhtei=q'	ζητέω	zhte/w	v2piia---
ζητεῖν	zhtei=n	ζητέω	zhte/w	v--pna---
ζητοῦντας	zhtou=ntas	ζητέω	zhte/w	v-pppama-
ζητῆτόν	zhth=to/n	ζητέω	zhte/w	v2dpma---
ζητῆτόν	zhth=to/n	ζητέω	zhte/w	v3dpsa---
ζητῆτόν	zhth=to/n	ζητέω	zhte/w	v2dpsa---
ζητῆτόν	zhth=to/n	ζητέω	zhte/w	v3dpia---
ζητῆτόν	zhth=to/n	ζητέω	zhte/w	v2dpia---
ζητῆτόν	zhth=to/n	ζητέω	zhte/w	v2diia---
ζήτει	zh/tei	ζητέω	zhte/w	v2spma---
ζήτει	zh/tei	ζητέω	zhte/w	v3siia---
ζῆν	zh=n	ζάω	za/w	v--pna---
ζῆν	zh=n	ζέω	ze/w	v--pna---
ζῶν	zw=n	ζάω	za/w	v-sppamv-
ζῶν	zw=n	ζάω	za/w	v-sppann-
ζῶν	zw=n	ζάω	za/w	v-sppanv-
ζῶν	zw=n	ζάω	za/w	v-sppana-
ζῶν	zw=n	ζάω	za/w	v-sppamn-
ζῶν	zw=n	ζάω	za/w	v3piia---
ζῶν	zw=n	ζάω	za/w	v1siia---
ζῶν	zw=n	ζέω	ze/w	v-sppamn-
ζῶντ’	zw=nt'	ζάω	za/w	v-pppann-
ζῶντ’	zw=nt'	ζάω	za/w	v-pppanv-
ζῶντ’	zw=nt'	ζάω	za/w	v-pppana-
ζῶντ’	zw=nt'	ζάω	za/w	v-sppama-
ζῶντ’	zw=nt'	ζάω	za/w	v-sppamd-
ζῶντ’	zw=nt'	ζάω	za/w	v-sppand-
ζῶντ’	zw=nt'	ζάω	za/w	v3ppia---
ζῶντ’	zw=nt'	ζάω	za/w	v-dppamn-
ζῶντ’	zw=nt'	ζάω	za/w	v-dppamv-
ζῶντ’	zw=nt'	ζάω	za/w	v-dppama-
ζῶντ’	zw=nt'	ζάω	za/w	v-dppann-
ζῶντ’	zw=nt'	ζάω	za/w	v-dppanv-
ζῶντ’	zw=nt'	ζάω	za/w	v-dppana-
ζῶντ’	zw=nt'	ζάω	za/w	v3ppse---
ζῶντ’	zw=nt'	ζάω	za/w	v3ppie---
ζῶντ’	zw=nt'	ζάω	za/w	v3piie---
ζῶντ’	zw=nt'	ζέω	ze/w	v3ppsa---
ζῶντ’	zw=nt'	ζέω	ze/w	v3ppse---
ζῷον	zw=|on	ζώιον	zw/ion	n-s---nn-
ζῷον	zw=|on	ζώιον	zw/ion	n-s---nv-
ζῷον	zw=|on	ζώιον	zw/ion	n-s---na-
ζῷον	zw=|on	ζῷον	zw=|on	n-s---nn-
ζῷον	zw=|on	ζῷον	zw=|on	n-s---nv-
ζῷον	zw=|on	ζῷον	zw=|on	n-s---na-
ηὐξανόμην	hu)cano/mhn	αὐξάνω	au)ca/nw	v1siie---
ηὔλησ’	hu)/lhs'	αὐλέω	au)le/w	v1saia---
ηὔλησ’	hu)/lhs'	αὐλέω	au)le/w	v2slie---
ηὔλησ’	hu)/lhs'	αὐλέω	au)le/w	v2srme---
ηὔλησ’	hu)/lhs'	αὐλέω	au)le/w	v2slie---
ηὔλησ’	hu)/lhs'	αὐλέω	au)le/w	v3saia---
ηὔλησ’	hu)/lhs'	αὐλέω	au)le/w	v2srie---
θαλασσίου	qalassi/ou	θαλάσσιος	qala/ssios	a-s---mg-
θαλασσίου	qalassi/ou	θαλάσσιος	qala/ssios	a-s---ng-
θαλλοφόροι	qallofo/roi	θαλλοφόρος	qallofo/ros	n-p---mn-
θαλλοφόροι	qallofo/roi	θαλλοφόρος	qallofo/ros	n-p---mv-
θαλλοφόροι	qallofo/roi	θαλλοφόρος	qallofo/ros	n-p---fn-
θαλλοφόροι	qallofo/roi	θαλλοφόρος	qallofo/ros	n-p---fv-
θαλάττῃ	qala/tth|	θάλασσα	qa/lassa	n-s---fd-
θαρρῶν	qarrw=n	θάρσος	qa/rsos	n-p---ng-
θαρρῶν	qarrw=n	θαρσέω	qarse/w	v-sppamn-
θατέρῳ	qate/rw|	ἕτερος	e(/teros	a-s---md-
θατέρῳ	qate/rw|	ἕτερος	e(/teros	a-s---nd-
θαυμαστόν	qaumasto/n	θαυμαστός	qaumasto/s	a-s---ma-
θαυμαστόν	qaumasto/n	θαυμαστός	qaumasto/s	a-s---nn-
θαυμαστόν	qaumasto/n	θαυμαστός	qaumasto/s	a-s---nv-
θαυμαστόν	qaumasto/n	θαυμαστός	qaumasto/s	a-s---na-
θαυμάζει	qauma/zei	θαυμάζω	qauma/zw	v2spie---
θαυμάζει	qauma/zei	θαυμάζω	qauma/zw	v3spia---
θαψίνῃ	qayi/nh|	θάψινος	qa/yinos	a-s---fd-
θαἰμάτια	qai)ma/tia	ἱμάτιον	i(ma/tion	n-p---nn-
θαἰμάτια	qai)ma/tia	ἱμάτιον	i(ma/tion	n-p---nv-
θαἰμάτια	qai)ma/tia	ἱμάτιον	i(ma/tion	n-p---na-
θαύμασον	qau/mason	θαυμάζω	qauma/zw	v2sama---
θαῦμά	qau=ma/	θαῦμα	qau=ma	n-s---nn-
θαῦμά	qau=ma/	θαῦμα	qau=ma	n-s---nv-
θαῦμά	qau=ma/	θαῦμα	qau=ma	n-s---na-
θεαταί	qeatai/	θεατής	qeath/s	n-p---mn-
θεαταί	qeatai/	θεατής	qeath/s	n-p---mv-
θεαταί	qeatai/	θεατός	qeato/s	a-p---fn-
θεαταί	qeatai/	θεατός	qeato/s	a-p---fv-
θεαταῖς	qeatai=s	θεατής	qeath/s	n-p---md-
θεαταῖς	qeatai=s	θεατός	qeato/s	a-p---fd-
θεατῶν	qeatw=n	θεατής	qeath/s	n-p---mg-
θεατῶν	qeatw=n	θεατός	qeato/s	a-p---fg-
θεατῶν	qeatw=n	θεατός	qeato/s	a-p---mg-
θεατῶν	qeatw=n	θεατός	qeato/s	a-p---ng-
θενών	qenw/n	θείνω	qei/nw	v-sapamn-
θεοισεχθρία	qeoisexqri/a	θεοισεχθρία	qeoisexqri/a	n-d---fn-
θεοισεχθρία	qeoisexqri/a	θεοισεχθρία	qeoisexqri/a	n-d---fv-
θεοισεχθρία	qeoisexqri/a	θεοισεχθρία	qeoisexqri/a	n-d---fa-
θεοισεχθρία	qeoisexqri/a	θεοισεχθρία	qeoisexqri/a	n-s---fn-
θεοισεχθρία	qeoisexqri/a	θεοισεχθρία	qeoisexqri/a	n-s---fv-
θεοί	qeoi/	θεός	qeo/s	n-p---mn-
θεοί	qeoi/	θεός	qeo/s	n-p---mv-
θεούς	qeou/s	θεός	qeo/s	n-p---ma-
θεοῖν	qeoi=n	θεός	qeo/s	n-d---mg-
θεοῖν	qeoi=n	θεός	qeo/s	n-d---md-
θεοῖς	qeoi=s	θεάω	qea/w	v2spoa---
θεοῖς	qeoi=s	θεός	qeo/s	n-p---md-
θεοῖσιν	qeoi=sin	θεάω	qea/w	v-pppamd-
θεοῖσιν	qeoi=sin	θεάω	qea/w	v-pppand-
θεοῖσιν	qeoi=sin	θεός	qeo/s	n-p---md-
θεοῦ	qeou=	θεάομαι	qea/omai	v2spme---
θεοῦ	qeou=	θεάομαι	qea/omai	v2siie---
θεοῦ	qeou=	θεάω	qea/w	v2spme---
θεοῦ	qeou=	θεάω	qea/w	v2siie---
θεοῦ	qeou=	θεός	qeo/s	n-s---mg-
θεραπεύετε	qerapeu/ete	θεραπεύω	qerapeu/w	v2ppma---
θεραπεύετε	qerapeu/ete	θεραπεύω	qerapeu/w	v2ppia---
θεραπεύετε	qerapeu/ete	θεραπεύω	qerapeu/w	v2piia---
θερμήν	qermh/n	θερμός	qermo/s	a-s---fa-
θερμόν	qermo/n	θερμός	qermo/s	a-s---ma-
θερμόν	qermo/n	θερμός	qermo/s	a-s---nn-
θερμόν	qermo/n	θερμός	qermo/s	a-s---nv-
θερμόν	qermo/n	θερμός	qermo/s	a-s---na-
θερμόν	qermo/n	θερμός	qermo/s	n-s---ma-
θερμόν	qermo/n	θερμός	qermo/s	n-s---fa-
θερμόν	qermo/n	θερμός	qermo/s	n-s---nn-
θερμόν	qermo/n	θερμός	qermo/s	n-s---nv-
θερμόν	qermo/n	θερμός	qermo/s	n-s---na-
θερμός	qermo/s	θερμός	qermo/s	a-s---mn-
θερμός	qermo/s	θερμός	qermo/s	n-s---mn-
θερμός	qermo/s	θερμός	qermo/s	n-s---fn-
θεσμοθέτης	qesmoqe/ths	θεσμοθέτης	qesmoqe/ths	n-s---mn-
θεσμοθέτης	qesmoqe/ths	θεσμοθετέω	qesmoqete/w	v2siia---
θεωμένοις	qewme/nois	θεάομαι	qea/omai	v-pppemd-
θεωμένοις	qewme/nois	θεάομαι	qea/omai	v-pppend-
θεωμένοις	qewme/nois	θεάω	qea/w	v-pppemd-
θεωμένοις	qewme/nois	θεάω	qea/w	v-pppend-
θεωρίαν	qewri/an	θεωρία	qewri/a	n-s---fa-
θεόν	qeo/n	θεός	qeo/s	n-s---ma-
θεός	qeo/s	θεός	qeo/s	n-s---mn-
θεώ	qew/	θεός	qeo/s	n-d---mn-
θεώ	qew/	θεός	qeo/s	n-d---mv-
θεώ	qew/	θεός	qeo/s	n-d---ma-
θεώμενοι	qew/menoi	θεάομαι	qea/omai	v-pppemn-
θεώμενοι	qew/menoi	θεάομαι	qea/omai	v-pppemv-
θεώμενοι	qew/menoi	θεάω	qea/w	v-pppemn-
θεώμενοι	qew/menoi	θεάω	qea/w	v-pppemv-
θεᾶσθαι	qea=sqai	θεάομαι	qea/omai	v--pne---
θεᾶσθαι	qea=sqai	θεάω	qea/w	v--pne---
θεῖν	qei=n	θέω	qe/w	v--pna---
θεῖναί	qei=nai/	θείνω	qei/nw	v2samm---
θεῖναί	qei=nai/	θείνω	qei/nw	v--ana---
θεῖναί	qei=nai/	τίθημι	ti/qhmi	v--ana---
θεῖτε	qei=te	θέω	qe/w	v2ppma---
θεῖτε	qei=te	θέω	qe/w	v2ppoa---
θεῖτε	qei=te	θέω	qe/w	v2ppia---
θεῖτε	qei=te	θέω	qe/w	v2piia---
θεῖτε	qei=te	τίθημι	ti/qhmi	v2paoa---
θεῖτε	qei=te	τίθημι	ti/qhmi	v2paoa---
θεῶ	qew=	θεάομαι	qea/omai	v2spme---
θεῶ	qew=	θεάομαι	qea/omai	v2siie---
θεῶ	qew=	θεάω	qea/w	v2spme---
θεῶ	qew=	θεάω	qea/w	v1spsa---
θεῶ	qew=	θεάω	qea/w	v1spia---
θεῶ	qew=	θεάω	qea/w	v1spsa---
θεῶ	qew=	θεάω	qea/w	v1spia---
θεῶ	qew=	θεάω	qea/w	v2siie---
θεῶ	qew=	θεός	qeo/s	n-s---mg-
θεῶν	qew=n	θέα	qe/a	n-p---fg-
θεῶν	qew=n	θεά	qea/	n-p---fg-
θεῶν	qew=n	θεάω	qea/w	v-sppamv-
θεῶν	qew=n	θεάω	qea/w	v-sppann-
θεῶν	qew=n	θεάω	qea/w	v-sppanv-
θεῶν	qew=n	θεάω	qea/w	v-sppana-
θεῶν	qew=n	θεάω	qea/w	v-sppamn-
θεῶν	qew=n	θεάω	qea/w	v-sppamn-
θεῶν	qew=n	θεός	qeo/s	n-p---mg-
θηλείας	qhlei/as	θῆλυς	qh=lus	a-p---fa-
θηλείας	qhlei/as	θῆλυς	qh=lus	a-s---fg-
θηρίον	qhri/on	θηράω	qhra/w	v-sppamv-
θηρίον	qhri/on	θηράω	qhra/w	v-sppann-
θηρίον	qhri/on	θηράω	qhra/w	v-sppanv-
θηρίον	qhri/on	θηράω	qhra/w	v-sppana-
θηρίον	qhri/on	θηρίον	qhri/on	n-s---nn-
θηρίον	qhri/on	θηρίον	qhri/on	n-s---nv-
θηρίον	qhri/on	θηρίον	qhri/on	n-s---na-
θλιβόμενος	qlibo/menos	θλίβω	qli/bw	v-sppemn-
θορυβήσωμεν	qorubh/swmen	θορυβέω	qorube/w	v1pasa---
θρασεῖα	qrasei=a	θρασύς	qrasu/s	a-s---fn-
θρασεῖα	qrasei=a	θρασύς	qrasu/s	a-s---fv-
θρασέως	qrase/ws	θρασύς	qrasu/s	x--------
θρυαλλίδ’	qrualli/d'	θρυαλλίς	qrualli/s	n-s---fa-
θρυαλλίδ’	qrualli/d'	θρυαλλίς	qrualli/s	n-s---fd-
θρυαλλίδ’	qrualli/d'	θρυαλλίς	qrualli/s	n-d---fn-
θρυαλλίδ’	qrualli/d'	θρυαλλίς	qrualli/s	n-d---fv-
θρυαλλίδ’	qrualli/d'	θρυαλλίς	qrualli/s	n-d---fa-
θρέψω	qre/yw	τρέφω	tre/fw	v1sasa---
θρέψω	qre/yw	τρέφω	tre/fw	v1sfia---
θρέψω	qre/yw	τρέφω	tre/fw	v2saim---
θρίων	qri/wn	θρέω	qre/w	v-sppamn-
θρίων	qri/wn	θρῖον	qri=on	n-p---ng-
θρῖα	qri=a	θρῖον	qri=on	n-p---nn-
θρῖα	qri=a	θρῖον	qri=on	n-p---nv-
θρῖα	qri=a	θρῖον	qri=on	n-p---na-
θυγατρός	qugatro/s	θυγάτηρ	quga/thr	n-s---fg-
θυγατρός	qugatro/s	θυγάτηρ	quga/thr	n-s---fg-
θυγατέρος	qugate/ros	θυγάτηρ	quga/thr	n-s---fg-
θυγάτηρ	quga/thr	θυγάτηρ	quga/thr	n-s---fn-
θυείαν	quei/an	θυεία	quei/a	n-s---fa-
θυλάκιόν	qula/kio/n	θυλάκιον	qula/kion	n-s---nn-
θυλάκιόν	qula/kio/n	θυλάκιον	qula/kion	n-s---nv-
θυλάκιόν	qula/kio/n	θυλάκιον	qula/kion	n-s---na-
θυλάκους	qula/kous	θύλακος	qu/lakos	n-p---ma-
θυμιδίῳ	qumidi/w|	θυμίδιον	qumi/dion	n-s---nd-
θυμοσοφικώτατον	qumosofikw/taton	θυμοσοφικός	qumosofiko/s	a-s---mas
θυμοσοφικώτατον	qumosofikw/taton	θυμοσοφικός	qumosofiko/s	a-s---nns
θυμοσοφικώτατον	qumosofikw/taton	θυμοσοφικός	qumosofiko/s	a-s---nvs
θυμοσοφικώτατον	qumosofikw/taton	θυμοσοφικός	qumosofiko/s	a-s---nas
θυμόν	qumo/n	θυμός	qumo/s	n-s---ma-
θυννάζοντες	qunna/zontes	θυννάζω	qunna/zw	v-pppamn-
θυννάζοντες	qunna/zontes	θυννάζω	qunna/zw	v-pppamv-
θυροκοπῆσαι	qurokoph=sai	θυροκοπέω	qurokope/w	v--ana---
θυρίδος	quri/dos	θυρίς	quri/s	n-s---fg-
θυρῶν	qurw=n	θύρα	qu/ra	n-p---fg-
θυρῶν	qurw=n	θυράζω	qura/zw	v-sfpamv-
θυρῶν	qurw=n	θυράζω	qura/zw	v-sfpann-
θυρῶν	qurw=n	θυράζω	qura/zw	v-sfpanv-
θυρῶν	qurw=n	θυράζω	qura/zw	v-sfpana-
θυρῶν	qurw=n	θυράζω	qura/zw	v-sfpamn-
θυρῶν	qurw=n	θυρόω	quro/w	v-sppamv-
θυρῶν	qurw=n	θυρόω	quro/w	v-sppann-
θυρῶν	qurw=n	θυρόω	quro/w	v-sppanv-
θυρῶν	qurw=n	θυρόω	quro/w	v-sppana-
θυρῶν	qurw=n	θυρόω	quro/w	v-sppamn-
θυρῶν	qurw=n	θυρόω	quro/w	v--pna---
θἠμετέρου	qh)mete/rou	ἡμέτερος	h(me/teros	a-s---mg-
θἠμετέρου	qh)mete/rou	ἡμέτερος	h(me/teros	a-s---ng-
θἠρῷον	qh)rw=|on	ἡρῷον	h(rw=|on	n-s---nn-
θἠρῷον	qh)rw=|on	ἡρῷον	h(rw=|on	n-s---nv-
θἠρῷον	qh)rw=|on	ἡρῷον	h(rw=|on	n-s---na-
θἠρῷον	qh)rw=|on	ἡρῷος	h(rw=|os	a-s---ma-
θἠρῷον	qh)rw=|on	ἡρῷος	h(rw=|os	a-s---nn-
θἠρῷον	qh)rw=|on	ἡρῷος	h(rw=|os	a-s---nv-
θἠρῷον	qh)rw=|on	ἡρῷος	h(rw=|os	a-s---na-
θάνατος	qa/natos	θάνατος	qa/natos	n-s---mn-
θάσσει	qa/ssei	θάσσω	qa/ssw	v2spie---
θάσσει	qa/ssei	θάσσω	qa/ssw	v3spia---
θάσσει	qa/ssei	θάζω	qa/zw	v3sasa---
θάσσει	qa/ssei	θάζω	qa/zw	v2sfim---
θάσσει	qa/ssei	θάζω	qa/zw	v3sfia---
θέασαι	qe/asai	θεάομαι	qea/omai	v2spie---
θέασαι	qe/asai	θεάομαι	qea/omai	v2same---
θέασαι	qe/asai	θεάομαι	qea/omai	v2same---
θέασαι	qe/asai	θεάω	qea/w	v2spie---
θέασαι	qe/asai	θεάω	qea/w	v2samm---
θέασαι	qe/asai	θεάω	qea/w	v2samm---
θέρε	qe/re	θέρω	qe/rw	v2spma---
θέρε	qe/re	θέρω	qe/rw	v3siia---
θύραζε	qu/raze	θύραζε	qu/raze	d--------
θύραζε	qu/raze	θυράζω	qura/zw	v2spma---
θύραζε	qu/raze	θυράζω	qura/zw	v3siia---
θύραζ’	qu/raz'	θύραζε	qu/raze	d--------
θύραζ’	qu/raz'	θυράζω	qura/zw	v2spma---
θύραζ’	qu/raz'	θυράζω	qura/zw	v3siia---
θύραις	qu/rais	θύρα	qu/ra	n-p---fd-
θύραν	qu/ran	θύρα	qu/ra	n-s---fa-
θύρας	qu/ras	θύρα	qu/ra	n-p---fa-
θύρας	qu/ras	θύρα	qu/ra	n-s---fg-
θύρασιν	qu/rasin	θύρασι	qu/rasi	d--------
θύρᾳ	qu/ra|	θύρα	qu/ra	n-p---fn-
θύρᾳ	qu/ra|	θύρα	qu/ra	n-p---fv-
θύρᾳ	qu/ra|	θύρα	qu/ra	n-s---fd-
θώπευμ’	qw/peum'	θώπευμα	qw/peuma	n-s---nn-
θώπευμ’	qw/peum'	θώπευμα	qw/peuma	n-s---nv-
θώπευμ’	qw/peum'	θώπευμα	qw/peuma	n-s---na-
θώρακ’	qw/rak'	θώραξ	qw/rac	n-s---ma-
θώρακ’	qw/rak'	θώραξ	qw/rac	n-s---md-
θώρακ’	qw/rak'	θώραξ	qw/rac	n-d---mn-
θώρακ’	qw/rak'	θώραξ	qw/rac	n-d---mv-
θώρακ’	qw/rak'	θώραξ	qw/rac	n-d---ma-
θᾶττον	qa=tton	θάσσων	qa/sswn	a-s---mv-
θᾶττον	qa=tton	θάσσων	qa/sswn	a-s---fv-
θᾶττον	qa=tton	θάσσων	qa/sswn	a-s---nn-
θᾶττον	qa=tton	θάσσων	qa/sswn	a-s---nv-
θᾶττον	qa=tton	θάσσων	qa/sswn	a-s---na-
θᾶττον	qa=tton	ταχύς	taxu/s	a-s---mv-
θᾶττον	qa=tton	ταχύς	taxu/s	a-s---fv-
θᾶττον	qa=tton	ταχύς	taxu/s	a-s---nn-
θᾶττον	qa=tton	ταχύς	taxu/s	a-s---nv-
θᾶττον	qa=tton	ταχύς	taxu/s	a-s---na-
θῖνα	qi=na	θίς	qi/s	n-s---ma-
θῖνα	qi=na	θίς	qi/s	n-s---fa-
θῖν’	qi=n'	θίς	qi/s	n-s---ma-
θῖν’	qi=n'	θίς	qi/s	n-s---fa-
θῖν’	qi=n'	θίς	qi/s	n-d---mn-
θῖν’	qi=n'	θίς	qi/s	n-d---mv-
θῖν’	qi=n'	θίς	qi/s	n-d---ma-
θῖν’	qi=n'	θίς	qi/s	n-d---fn-
θῖν’	qi=n'	θίς	qi/s	n-d---fv-
θῖν’	qi=n'	θίς	qi/s	n-d---fa-
καδίσκους	kadi/skous	καδίσκος	kadi/skos	n-p---ma-
καθαρτήν	kaqarth/n	καθαρτής	kaqarth/s	n-s---ma-
καθαρόν	kaqaro/n	καθαρός	kaqaro/s	a-s---ma-
καθαρόν	kaqaro/n	καθαρός	kaqaro/s	a-s---nn-
καθαρόν	kaqaro/n	καθαρός	kaqaro/s	a-s---nv-
καθαρόν	kaqaro/n	καθαρός	kaqaro/s	a-s---na-
καθαρῶς	kaqarw=s	καθαρός	kaqaro/s	x--------
καθεζομένη	kaqezome/nh	κατά-ἕζομαι	kata/-e(/zomai	v-sppefn-
καθεζομένη	kaqezome/nh	κατά-ἕζομαι	kata/-e(/zomai	v-sppefv-
καθεζομένη	kaqezome/nh	κατά-καθέζομαι	kata/-kaqe/zomai	v-sppmfn-
καθεζομένη	kaqezome/nh	κατά-καθέζομαι	kata/-kaqe/zomai	v-sppmfv-
καθελοῦ	kaqelou=	καθαιρέω	kaqaire/w	v2samm---
καθείρξας	kaqei/rcas	κατείργω	katei/rgw	v-sapamn-
καθείρξας	kaqei/rcas	κατείργω	katei/rgw	v-sapamv-
καθεύδετε	kaqeu/dete	καθεύδω	kaqeu/dw	v2ppma---
καθεύδετε	kaqeu/dete	καθεύδω	kaqeu/dw	v2ppia---
καθεύδετε	kaqeu/dete	καθεύδω	kaqeu/dw	v2piia---
καθεύδετε	kaqeu/dete	καθεύδω	kaqeu/dw	v2piia---
καθεύδων	kaqeu/dwn	καθεύδω	kaqeu/dw	v-sppamn-
καθεύδῃς	kaqeu/dh|s	καθεύδω	kaqeu/dw	v2spsa---
καθιμᾷ	kaqima=|	καθιμάω	kaqima/w	v2spse---
καθιμᾷ	kaqima=|	καθιμάω	kaqima/w	v2spie---
καθιμᾷ	kaqima=|	καθιμάω	kaqima/w	v3spsa---
καθιμᾷ	kaqima=|	καθιμάω	kaqima/w	v3spia---
καθιμᾷ	kaqima=|	καθιμάω	kaqima/w	v2spse---
καθιμᾷ	kaqima=|	καθιμάω	kaqima/w	v2spie---
καθιμᾷ	kaqima=|	καθιμάω	kaqima/w	v3spsa---
καθιμᾷ	kaqima=|	καθιμάω	kaqima/w	v3spia---
καθέψεις	kaqe/yeis	καθέψω	kaqe/yw	v2spia---
καθέψεις	kaqe/yeis	καθέψω	kaqe/yw	v2siia---
καθήμενος	kaqh/menos	κάθημαι	ka/qhmai	v-srpmmn-
καθίει	kaqi/ei	καθίημι	kaqi/hmi	v2spma---
καθίει	kaqi/ei	καθίημι	kaqi/hmi	v2spma---
καθίει	kaqi/ei	καθίημι	kaqi/hmi	v3siia---
καθίει	kaqi/ei	καθίημι	kaqi/hmi	v3siia---
καθίζεις	kaqi/zeis	καθίζω	kaqi/zw	v2spia---
καθίζεις	kaqi/zeis	καθίζω	kaqi/zw	v2spia---
καθίζηται	kaqi/zhtai	καθίζω	kaqi/zw	v3spse---
καθίμα	kaqi/ma	καθιμάω	kaqima/w	v2spma---
καθίμα	kaqi/ma	καθιμάω	kaqima/w	v3siia---
καθίμα	kaqi/ma	καθιμάω	kaqima/w	v2spma---
καθίμα	kaqi/ma	καθιμάω	kaqima/w	v3siia---
καθίμα	kaqi/ma	καθιμάω	kaqima/w	v3siia---
καθίσταμαι	kaqi/stamai	καθίστημι	kaqi/sthmi	v1spie---
καθίσῃ	kaqi/sh|	κάθισις	ka/qisis	n-s---fd-
καθίσῃ	kaqi/sh|	καθίζω	kaqi/zw	v2sfim---
καθίσῃ	kaqi/sh|	καθίζω	kaqi/zw	v3sasa---
καθῆκεν	kaqh=ken	καθήκω	kaqh/kw	v3siia---
καθῆκεν	kaqh=ken	καθίημι	kaqi/hmi	v3saia---
καθῆσθαι	kaqh=sqai	κάθημαι	ka/qhmai	v--rnm---
καινοτομοῦμεν	kainotomou=men	καινοτομέω	kainotome/w	v1ppia---
καινοτομοῦμεν	kainotomou=men	καινοτομέω	kainotome/w	v1piia---
καινοτάταις	kainota/tais	καινός	kaino/s	a-p---fds
καινήν	kainh/n	καινός	kaino/s	a-s---fa-
καινόν	kaino/n	καινός	kaino/s	a-s---ma-
καινόν	kaino/n	καινός	kaino/s	a-s---nn-
καινόν	kaino/n	καινός	kaino/s	a-s---nv-
καινόν	kaino/n	καινός	kaino/s	a-s---na-
κακοδαίμων	kakodai/mwn	κακοδαίμων	kakodai/mwn	n-s---mn-
κακοδαίμων	kakodai/mwn	κακοδαίμων	kakodai/mwn	n-s---fn-
κακουργῶν	kakourgw=n	κακουργέω	kakourge/w	v-sppamn-
κακοῖς	kakoi=s	κακός	kako/s	a-p---md-
κακοῖς	kakoi=s	κακός	kako/s	a-p---nd-
κακοῖς	kakoi=s	κακόω	kako/w	v2spoa---
κακοῖς	kakoi=s	κακόω	kako/w	v2spsa---
κακοῖς	kakoi=s	κακόω	kako/w	v2spia---
κακοῦ	kakou=	κακός	kako/s	a-s---mg-
κακοῦ	kakou=	κακός	kako/s	a-s---ng-
κακοῦ	kakou=	κακόω	kako/w	v2spme---
κακοῦ	kakou=	κακόω	kako/w	v2siie---
κακά	kaka/	κακός	kako/s	a-p---nn-
κακά	kaka/	κακός	kako/s	a-p---nv-
κακά	kaka/	κακός	kako/s	a-p---na-
κακά	kaka/	κακός	kako/s	a-d---fn-
κακά	kaka/	κακός	kako/s	a-d---fv-
κακά	kaka/	κακός	kako/s	a-d---fa-
κακά	kaka/	κακός	kako/s	a-s---fn-
κακά	kaka/	κακός	kako/s	a-s---fv-
κακή	kakh/	κακός	kako/s	a-s---fn-
κακή	kakh/	κακός	kako/s	a-s---fv-
κακίσταις	kaki/stais	κακός	kako/s	a-p---fd-
κακόδαιμον	kako/daimon	κακοδαίμων	kakodai/mwn	n-s---mv-
κακόδαιμον	kako/daimon	κακοδαίμων	kakodai/mwn	n-s---fv-
κακόδαιμον	kako/daimon	κακοδαίμων	kakodai/mwn	n-s---nn-
κακόδαιμον	kako/daimon	κακοδαίμων	kakodai/mwn	n-s---nv-
κακόδαιμον	kako/daimon	κακοδαίμων	kakodai/mwn	n-s---na-
κακόν	kako/n	κακός	kako/s	a-s---ma-
κακόν	kako/n	κακός	kako/s	a-s---nn-
κακόν	kako/n	κακός	kako/s	a-s---nv-
κακόν	kako/n	κακός	kako/s	a-s---na-
κακῆς	kakh=s	κακάζω	kaka/zw	v2sfia---
κακῆς	kakh=s	κακός	kako/s	a-s---fg-
κακῶν	kakw=n	κάκη	ka/kh	n-p---fg-
κακῶν	kakw=n	κακάζω	kaka/zw	v-sfpamv-
κακῶν	kakw=n	κακάζω	kaka/zw	v-sfpann-
κακῶν	kakw=n	κακάζω	kaka/zw	v-sfpanv-
κακῶν	kakw=n	κακάζω	kaka/zw	v-sfpana-
κακῶν	kakw=n	κακάζω	kaka/zw	v-sfpamn-
κακῶν	kakw=n	κακός	kako/s	a-p---fg-
κακῶν	kakw=n	κακός	kako/s	a-p---mg-
κακῶν	kakw=n	κακός	kako/s	a-p---ng-
κακῶν	kakw=n	κακόω	kako/w	v-sppamv-
κακῶν	kakw=n	κακόω	kako/w	v-sppann-
κακῶν	kakw=n	κακόω	kako/w	v-sppanv-
κακῶν	kakw=n	κακόω	kako/w	v-sppana-
κακῶν	kakw=n	κακόω	kako/w	v-sppamn-
κακῶν	kakw=n	κακόω	kako/w	v--pna---
καλεῖν	kalei=n	καλέω	kale/w	v--fna---
καλεῖν	kalei=n	καλέω	kale/w	v--pna---
καλεῖσθαι	kalei=sqai	καλέω	kale/w	v--fnm---
καλεῖσθαι	kalei=sqai	καλέω	kale/w	v--pne---
καλλίστην	kalli/sthn	καλός	kalo/s	a-s---fa-
καλουμένους	kaloume/nous	καλέω	kale/w	v-pfpmma-
καλουμένους	kaloume/nous	καλέω	kale/w	v-pppema-
καλούμεθ’	kalou/meq'	καλέω	kale/w	v1pfim---
καλούμεθ’	kalou/meq'	καλέω	kale/w	v1ppie---
καλούμεθ’	kalou/meq'	καλέω	kale/w	v1piie---
καλούμενοι	kalou/menoi	καλέω	kale/w	v-pfpmmn-
καλούμενοι	kalou/menoi	καλέω	kale/w	v-pfpmmv-
καλούμενοι	kalou/menoi	καλέω	kale/w	v-pppemn-
καλούμενοι	kalou/menoi	καλέω	kale/w	v-pppemv-
καλούμενός	kalou/meno/s	καλέω	kale/w	v-sfpmmn-
καλούμενός	kalou/meno/s	καλέω	kale/w	v-sppemn-
καλοῖς	kaloi=s	καλέω	kale/w	v2sfoa---
καλοῖς	kaloi=s	καλέω	kale/w	v2spoa---
καλοῖς	kaloi=s	καλός	kalo/s	a-p---md-
καλοῖς	kaloi=s	καλός	kalo/s	a-p---nd-
καλοῦσι	kalou=si	καλέω	kale/w	v-pfpamd-
καλοῦσι	kalou=si	καλέω	kale/w	v-pfpand-
καλοῦσι	kalou=si	καλέω	kale/w	v3pfia---
καλοῦσι	kalou=si	καλέω	kale/w	v-pppamd-
καλοῦσι	kalou=si	καλέω	kale/w	v-pppand-
καλοῦσι	kalou=si	καλέω	kale/w	v3ppia---
καλέσαντες	kale/santes	καλέω	kale/w	v-papamn-
καλέσαντες	kale/santes	καλέω	kale/w	v-papamv-
καλέσῃ	kale/sh|	καλέω	kale/w	v2sasm---
καλέσῃ	kale/sh|	καλέω	kale/w	v3sasa---
καλέσῃ	kale/sh|	καλέω	kale/w	v2sfim---
καλήν	kalh/n	καλός	kalo/s	a-s---fa-
καλόν	kalo/n	καλός	kalo/s	a-s---ma-
καλόν	kalo/n	καλός	kalo/s	a-s---nn-
καλόν	kalo/n	καλός	kalo/s	a-s---nv-
καλόν	kalo/n	καλός	kalo/s	a-s---na-
καλός	kalo/s	καλός	kalo/s	a-s---mn-
καλῇ	kalh=|	καλέω	kale/w	v2sfim---
καλῇ	kalh=|	καλέω	kale/w	v2spse---
καλῇ	kalh=|	καλέω	kale/w	v2spie---
καλῇ	kalh=|	καλέω	kale/w	v3spsa---
καλῇ	kalh=|	καλός	kalo/s	a-s---fd-
καλῴδιον	kalw/|dion	καλῴδιον	kalw/|dion	n-s---nn-
καλῴδιον	kalw/|dion	καλῴδιον	kalw/|dion	n-s---nv-
καλῴδιον	kalw/|dion	καλῴδιον	kalw/|dion	n-s---na-
καλῶ	kalw=	καλέω	kale/w	v1sfia---
καλῶ	kalw=	καλέω	kale/w	v1spsa---
καλῶ	kalw=	καλέω	kale/w	v1spia---
καλῶ	kalw=	καλός	kalo/s	a-s---mg-
καλῶ	kalw=	καλός	kalo/s	a-s---ng-
καλῶν	kalw=n	κάλη	ka/lh	n-p---fg-
καλῶν	kalw=n	καλέω	kale/w	v-sfpamn-
καλῶν	kalw=n	καλέω	kale/w	v-sppamn-
καλῶν	kalw=n	καλός	kalo/s	a-p---fg-
καλῶν	kalw=n	καλός	kalo/s	a-p---mg-
καλῶν	kalw=n	καλός	kalo/s	a-p---ng-
καλῶν	kalw=n	κήλη	kh/lh	n-p---fg-
καλῶς	kalw=s	καλός	kalo/s	x--------
καμήλου	kamh/lou	κάμηλος	ka/mhlos	n-s---mg-
καμήλου	kamh/lou	κάμηλος	ka/mhlos	n-s---fg-
κανθηλίοις	kanqhli/ois	κανθήλια	kanqh/lia	n-p---nd-
κανθηλίοις	kanqhli/ois	κανθήλιον	kanqh/lion	n-p---nd-
κανθηλίοις	kanqhli/ois	κανθήλιος	kanqh/lios	n-p---md-
κανθάροις	kanqa/rois	κάνθαρος	ka/nqaros	n-p---md-
καομένης	kaome/nhs	καίω	kai/w	v-sppefg-
καπνόν	kapno/n	καπνός	kapno/s	n-s---ma-
καπνός	kapno/s	καπνός	kapno/s	n-s---mn-
καπνῶν	kapnw=n	κάπνη	ka/pnh	n-p---fg-
καπνῶν	kapnw=n	καπνός	kapno/s	n-p---mg-
καπνῷ	kapnw=|	καπνός	kapno/s	n-s---md-
καρδίαν	kardi/an	καρδία	kardi/a	n-s---fa-
καρδίαν	kardi/an	καρδιάω	kardia/w	v3piia---
καρδίαν	kardi/an	καρδιάω	kardia/w	v1siia---
καρκίνους	karki/nous	καρκίνος	karki/nos	n-p---ma-
καρκίνους	karki/nous	καρκινόω	karkino/w	v2siia---
καρπουμένῳ	karpoume/nw|	καρπέω	karpe/w	v-sppemd-
καρπουμένῳ	karpoume/nw|	καρπέω	karpe/w	v-sppend-
καρπουμένῳ	karpoume/nw|	καρπόω	karpo/w	v-sppemd-
καρπουμένῳ	karpoume/nw|	καρπόω	karpo/w	v-sppend-
καρπίμων	karpi/mwn	κάρπιμος	ka/rpimos	n-p---mg-
καρπίμων	karpi/mwn	κάρπιμος	ka/rpimos	n-p---fg-
καρπίμων	karpi/mwn	κάρπιμος	ka/rpimos	n-p---ng-
καρχαρόδοντι	karxaro/donti	καρχαρόδους	karxaro/dous	n-s----d-
καρχαρόδοντι	karxaro/donti	καρχαρόδων	karxaro/dwn	n-s---md-
καρχαρόδοντι	karxaro/donti	καρχαρόδων	karxaro/dwn	n-s---fd-
καρίδων	kari/dwn	καρίς	kari/s	n-p---fg-
καρίδων	kari/dwn	καριδόω	karido/w	v3piia---
καρίδων	kari/dwn	καριδόω	karido/w	v1siia---
καταβατέον	katabate/on	καταβατέον	katabate/on	n-s---ma-
καταβατέον	katabate/on	καταβατέον	katabate/on	n-s---nn-
καταβατέον	katabate/on	καταβατέον	katabate/on	n-s---nv-
καταβατέον	katabate/on	καταβατέον	katabate/on	n-s---na-
καταβατέον	katabate/on	καταβατέος	katabate/os	n-s---ma-
καταβατέον	katabate/on	καταβατέος	katabate/os	n-s---fa-
καταβατέον	katabate/on	καταβατέος	katabate/os	n-s---nn-
καταβατέον	katabate/on	καταβατέος	katabate/os	n-s---nv-
καταβατέον	katabate/on	καταβατέος	katabate/os	n-s---na-
καταβάλλω	kataba/llw	καταβάλλω	kataba/llw	v1spsa---
καταβάλλω	kataba/llw	καταβάλλω	kataba/llw	v1spia---
καταβήσει	katabh/sei	καθάπτω	kaqa/ptw	v2sfip---
καταβήσει	katabh/sei	καταβαίνω	katabai/nw	v3sasa---
καταβήσει	katabh/sei	καταβαίνω	katabai/nw	v3sfia---
καταβήσει	katabh/sei	καταβαίνω	katabai/nw	v2sfim---
καταβήσομαι	katabh/somai	καθάπτω	kaqa/ptw	v1sfip---
καταβήσομαι	katabh/somai	καταβαίνω	katabai/nw	v1sasm---
καταβήσομαι	katabh/somai	καταβαίνω	katabai/nw	v1sfim---
καταβῆναι	katabh=nai	καθάπτω	kaqa/ptw	v--anp---
καταβῆναι	katabh=nai	καταβαίνω	katabai/nw	v--ana---
καταγελώμενος	katagelw/menos	καταγελάω	katagela/w	v-sppemn-
καταγελώμενος	katagelw/menos	καταγελάω	katagela/w	v-sppemn-
καταγελώμενος	katagelw/menos	καταγελάω	katagela/w	v-sfpmmn-
καταγελᾷς	katagela=|s	καταγελάω	katagela/w	v2spsa---
καταγελᾷς	katagela=|s	καταγελάω	katagela/w	v2spia---
καταγελᾷς	katagela=|s	καταγελάω	katagela/w	v2spsa---
καταγελᾷς	katagela=|s	καταγελάω	katagela/w	v2spia---
καταγελᾷς	katagela=|s	καταγελάω	katagela/w	v2sfia---
καταδεδυκώς	katadedukw/s	καταδύω	katadu/w	v-srpamn-
καταδεδυκώς	katadedukw/s	καταδύω	katadu/w	v-srpamv-
καταδιηλλάγην	katadihlla/ghn	καταδιαλλάσσω	katadialla/ssw	v3paip---
καταδιηλλάγην	katadihlla/ghn	καταδιαλλάσσω	katadialla/ssw	v1saip---
καταδωροδοκῆσαι	katadwrodokh=sai	καταδωροδοκέω	katadwrodoke/w	v--ana---
καταδωροδοκῆσαι	katadwrodokh=sai	καταδωροδοκέω	katadwrodoke/w	v--ana---
καταθῶμαι	kataqw=mai	καταθέω	kataqe/w	v1spse---
καταθῶμαι	kataqw=mai	καταθέω	kataqe/w	v1spsm---
καταθῶμαι	kataqw=mai	κατατίθημι	katati/qhmi	v1sasm---
κατακείμενος	katakei/menos	κατάκειμαι	kata/keimai	v-srpemn-
κατακείμενος	katakei/menos	κατάκειμαι	kata/keimai	v-sppemn-
κατακλαύσαντες	kataklau/santes	κατακλαίω	kataklai/w	v-papamn-
κατακλαύσαντες	kataklau/santes	κατακλαίω	kataklai/w	v-papamv-
κατακλινείς	kataklinei/s	κατακλίνω	katakli/nw	v-sappmn-
κατακλινείς	kataklinei/s	κατακλίνω	katakli/nw	v-sappmv-
κατακλινόμενοί	kataklino/menoi/	κατακλίνω	katakli/nw	v-pppemn-
κατακλινόμενοί	kataklino/menoi/	κατακλίνω	katakli/nw	v-pppemv-
κατακοσμῆσαι	katakosmh=sai	κατακοσμέω	katakosme/w	v--ana---
κατακοσμῆσαι	katakosmh=sai	κατακοσμέω	katakosme/w	v--ana---
καταλείπων	katalei/pwn	καταλιμπάνω	katalimpa/nw	v-sppamn-
καταλύειν	katalu/ein	καταλύω	katalu/w	v--pna---
καταλύειν	katalu/ein	καταλύω	katalu/w	v--pna---
καταμύσῃ	katamu/sh|	κατάμυσις	kata/musis	n-s---fd-
καταμύσῃ	katamu/sh|	καταμύω	katamu/w	v2sasm---
καταμύσῃ	katamu/sh|	καταμύω	katamu/w	v3sasa---
καταμύσῃ	katamu/sh|	καταμύω	katamu/w	v2sfim---
καταντλῇ	katantlh=|	καταντλέω	katantle/w	v2spse---
καταντλῇ	katantlh=|	καταντλέω	katantle/w	v2spie---
καταντλῇ	katantlh=|	καταντλέω	katantle/w	v3spsa---
καταντλῇ	katantlh=|	καταντλέω	katantle/w	v2spse---
καταντλῇ	katantlh=|	καταντλέω	katantle/w	v2spie---
καταντλῇ	katantlh=|	καταντλέω	katantle/w	v3spsa---
καταπετάσαντες	katapeta/santes	καταπετάννυμι	katapeta/nnumi	v-papamn-
καταπετάσαντες	katapeta/santes	καταπετάννυμι	katapeta/nnumi	v-papamv-
καταποθήσεται	katapoqh/setai	καταπίνω	katapi/nw	v3sfip---
καταπροίξει	kataproi/cei	καταπροίξομαι	kataproi/comai	v2sfie---
καταπτόμενον	katapto/menon	καθάπτω	kaqa/ptw	v-sppema-
καταπτόμενον	katapto/menon	καθάπτω	kaqa/ptw	v-sppenn-
καταπτόμενον	katapto/menon	καθάπτω	kaqa/ptw	v-sppenv-
καταπτόμενον	katapto/menon	καθάπτω	kaqa/ptw	v-sppena-
καταπτόμενον	katapto/menon	καταπέτομαι	katape/tomai	v-sapmma-
καταπτόμενον	katapto/menon	καταπέτομαι	katape/tomai	v-sapmnn-
καταπτόμενον	katapto/menon	καταπέτομαι	katape/tomai	v-sapmnv-
καταπτόμενον	katapto/menon	καταπέτομαι	katape/tomai	v-sapmna-
καταπέπωκε	katape/pwke	καταπίνω	katapi/nw	v2srma---
καταπέπωκε	katape/pwke	καταπίνω	katapi/nw	v3sria---
καταπύγων	katapu/gwn	κατάπυγος	kata/pugos	n-p---mg-
καταπύγων	katapu/gwn	κατάπυγος	kata/pugos	n-p---fg-
καταπύγων	katapu/gwn	κατάπυγος	kata/pugos	n-p---ng-
καταπύγων	katapu/gwn	καταπύγων	katapu/gwn	n-s---mn-
καταπύγων	katapu/gwn	καταπύγων	katapu/gwn	n-s---mv-
καταρασάμενος	katarasa/menos	καταράομαι	katara/omai	v-sapemn-
καταρασάμενος	katarasa/menos	καταράομαι	katara/omai	v-sapemn-
καταρασάμενος	katarasa/menos	καταράομαι	katara/omai	v-sapmmn-
καταράτους	katara/tous	κατάρατος	kata/ratos	n-p---ma-
καταράτους	katara/tous	κατάρατος	kata/ratos	n-p---fa-
κατασχίσαντες	katasxi/santes	κατασχίζω	katasxi/zw	v-papamn-
κατασχίσαντες	katasxi/santes	κατασχίζω	katasxi/zw	v-papamv-
κατασχίσαντες	katasxi/santes	κατασχίζω	katasxi/zw	v-papamn-
κατασχίσαντες	katasxi/santes	κατασχίζω	katasxi/zw	v-papamv-
καταχεῖται	kataxei=tai	καταχέω	kataxe/w	v3spie---
καταχεῖται	kataxei=tai	καταχέω	kataxe/w	v3spie---
καταχεῖται	kataxei=tai	κατηχέω	kathxe/w	v3spie---
καταχήνη	kataxh/nh	καταχήνη	kataxh/nh	n-s---fn-
καταχήνη	kataxh/nh	καταχήνη	kataxh/nh	n-s---fv-
καταχήνην	kataxh/nhn	καταχήνη	kataxh/nh	n-s---fa-
κατεγέλα	katege/la	καταγελάω	katagela/w	v3siia---
κατεδήδοκεν	katedh/doken	κατεσθίω	katesqi/w	v3sria---
κατεδήδοκεν	katedh/doken	κατεσθίω	katesqi/w	v3plia---
κατερεῖξαι	katerei=cai	κατερείκω	katerei/kw	v--ana---
κατερύκεις	kateru/keis	κατερυκάνω	kateruka/nw	v2spia---
κατεσθίει	katesqi/ei	κατεσθίω	katesqi/w	v2spie---
κατεσθίει	katesqi/ei	κατεσθίω	katesqi/w	v3spia---
κατεσθίουσιν	katesqi/ousin	κατεσθίω	katesqi/w	v-pppamd-
κατεσθίουσιν	katesqi/ousin	κατεσθίω	katesqi/w	v-pppand-
κατεσθίουσιν	katesqi/ousin	κατεσθίω	katesqi/w	v3ppia---
κατεσικέλιζε	katesike/lize	κατασικελίζω	katasikeli/zw	v3siia---
κατεστρεψάμην	katestreya/mhn	καταστρέφω	katastre/fw	v1saim---
κατεάγη	katea/gh	κατάγνυμι	kata/gnumi	v3saip---
κατεάγη	katea/gh	κατάγνυμι	kata/gnumi	v3saip---
κατεάγη	katea/gh	κατεάσσω	katea/ssw	v3saip---
κατείποι	katei/poi	κατεῖπον	katei=pon	v3saoa---
κατείπω	katei/pw	κατεῖπον	katei=pon	v2saim---
κατείπω	katei/pw	κατεῖπον	katei=pon	v1sasa---
κατείπω	katei/pw	κατεῖπον	katei=pon	v1sasa---
κατείπω	katei/pw	κατεῖπον	katei=pon	v2saim---
κατηγορήσειν	kathgorh/sein	κατηγορέω	kathgore/w	v--fna---
κατηγορήσειν	kathgorh/sein	κατηγορέω	kathgore/w	v--fna---
κατηγορήσειν	kathgorh/sein	κατηγορέω	kathgore/w	v--tna---
κατηγορῇ	kathgorh=|	κατηγορέω	kathgore/w	v2spse---
κατηγορῇ	kathgorh=|	κατηγορέω	kathgore/w	v2spie---
κατηγορῇ	kathgorh=|	κατηγορέω	kathgore/w	v3spsa---
κατηγορῇ	kathgorh=|	κατηγορέω	kathgore/w	v2spse---
κατηγορῇ	kathgorh=|	κατηγορέω	kathgore/w	v2spie---
κατηγορῇ	kathgorh=|	κατηγορέω	kathgore/w	v3spsa---
κατηγόρει	kathgo/rei	κατηγορέω	kathgore/w	v2spma---
κατηγόρει	kathgo/rei	κατηγορέω	kathgore/w	v3siia---
κατηγόρει	kathgo/rei	κατηγορέω	kathgore/w	v2spma---
κατηγόρει	kathgo/rei	κατηγορέω	kathgore/w	v3siia---
κατηγόρει	kathgo/rei	κατηγορέω	kathgore/w	v3siia---
κατηγόρησε	kathgo/rhse	κατηγορέω	kathgore/w	v3saia---
κατηγόρησε	kathgo/rhse	κατηγορέω	kathgore/w	v3saia---
κατηγόρησε	kathgo/rhse	κατηγορέω	kathgore/w	v3saia---
κατηρέψασθε	kathre/yasqe	κατερέφω	katere/fw	v2paim---
κατιδών	katidw/n	κατεῖδον	katei=don	v-sapamn-
κατοξείας	katocei/as	κάτοξυς	ka/tocus	a-p---fa-
κατοξείας	katocei/as	κάτοξυς	ka/tocus	a-s---fg-
καττύματα	kattu/mata	κάσσυμα	ka/ssuma	n-p---nn-
καττύματα	kattu/mata	κάσσυμα	ka/ssuma	n-p---nv-
καττύματα	kattu/mata	κάσσυμα	ka/ssuma	n-p---na-
κατά	kata/	κατά	kata/	r--------
κατάβα	kata/ba	καταβαίνω	katabai/nw	v3saia---
κατάθες	kata/qes	κατατίθημι	katati/qhmi	v2sama---
κατάθες	kata/qes	κατατίθημι	katati/qhmi	v2saia---
κατάπυγον	kata/pugon	κατάπυγος	kata/pugos	n-s---ma-
κατάπυγον	kata/pugon	κατάπυγος	kata/pugos	n-s---fa-
κατάπυγον	kata/pugon	κατάπυγος	kata/pugos	n-s---nn-
κατάπυγον	kata/pugon	κατάπυγος	kata/pugos	n-s---nv-
κατάπυγον	kata/pugon	κατάπυγος	kata/pugos	n-s---na-
κατέβαλε	kate/bale	καταβάλλω	kataba/llw	v3saia---
κατέβαλε	kate/bale	καταβάλλω	kataba/llw	v3saia---
κατέκλινεν	kate/klinen	κατακλίνω	katakli/nw	v3paip---
κατέκλινεν	kate/klinen	κατακλίνω	katakli/nw	v3saia---
κατέκλινεν	kate/klinen	κατακλίνω	katakli/nw	v3siia---
κατέκνησας	kate/knhsas	κατακνάω	katakna/w	v2saia---
κατένασθεν	kate/nasqen	καταναίω	katanai/w	v3paip---
κατέπαρδεν	kate/parden	κατά-ἐπάρδω	kata/-e)pa/rdw	v3siia---
κατέπαρδεν	kate/parden	κατά-πέρδομαι	kata/-pe/rdomai	v3saia---
κατέπεσεν	kate/pesen	καταπίπτω	katapi/ptw	v3saia---
κατέχειν	kate/xein	κατέχω	kate/xw	v--pna---
κατήρυγεν	kath/rugen	κατερεύγω	katereu/gw	v3saia---
κατήσθιεν	kath/sqien	κατεσθίω	katesqi/w	v3siia---
καυνάκην	kauna/khn	καυνάκη	kauna/kh	n-s---fa-
καυνάκην	kauna/khn	καυνάκης	kauna/khs	n-s---ma-
καχρύων	kaxru/wn	κάχρυς	ka/xrus	n-p---fg-
καὐτοῦ	kau)tou=	αὐτός	au)to/s	n-s---ng-
καὐτοῦ	kau)tou=	αὐτός	au)to/s	n-s---mg-
καὐτοῦ	kau)tou=	αὐτοῦ	au)tou=	d--------
καὐτός	kau)to/s	αὐτός	au)to/s	n-s---mn-
καί	kai/	καί	kai/	c--------
καίτοι	kai/toi	καίτοι	kai/toi	g--------
κεκλεμμένον	keklemme/non	κλέπτω	kle/ptw	v-srpema-
κεκλεμμένον	keklemme/non	κλέπτω	kle/ptw	v-srpenn-
κεκλεμμένον	keklemme/non	κλέπτω	kle/ptw	v-srpenv-
κεκλεμμένον	keklemme/non	κλέπτω	kle/ptw	v-srpena-
κεκλοφυῖαν	keklofui=an	κλέπτω	kle/ptw	v-srpafa-
κεκλάγγω	kekla/ggw	κλάζω	kla/zw	v1srsa---
κεκλάγξομαι	kekla/gcomai	κλάζω	kla/zw	v1stim---
κεκλήσομαι	keklh/somai	καλέω	kale/w	v1stie---
κεκλῃμένης	keklh|me/nhs	κλείω1	klei/w1	v-srpefg-
κεκλῃμένης	keklh|me/nhs	κλείω1	klei/w1	v-srpefg-
κεκραγότα	kekrago/ta	κράζω	kra/zw	v-prpann-
κεκραγότα	kekrago/ta	κράζω	kra/zw	v-prpanv-
κεκραγότα	kekrago/ta	κράζω	kra/zw	v-prpana-
κεκραγότα	kekrago/ta	κράζω	kra/zw	v-srpama-
κεκραγότες	kekrago/tes	κράζω	kra/zw	v-prpamn-
κεκραγότες	kekrago/tes	κράζω	kra/zw	v-prpamv-
κεκραξιδάμας	kekracida/mas	κεκραξιδάμας	kekracida/mas	a-s---mn-
κεκραξιδάμας	kekracida/mas	κεκραξιδάμας	kekracida/mas	a-s---mv-
κεκράγετε	kekra/gete	κράζω	kra/zw	v2ppma---
κεκράγετε	kekra/gete	κράζω	kra/zw	v2prma---
κεκράγετε	kekra/gete	κράζω	kra/zw	v2plia---
κελεύετ’	keleu/et'	κελεύω	keleu/w	v2ppma---
κελεύετ’	keleu/et'	κελεύω	keleu/w	v2ppia---
κελεύετ’	keleu/et'	κελεύω	keleu/w	v3spie---
κελεύετ’	keleu/et'	κελεύω	keleu/w	v3siie---
κελεύετ’	keleu/et'	κελεύω	keleu/w	v2piia---
κελεύοντος	keleu/ontos	κελεύω	keleu/w	v-sppamg-
κελεύοντος	keleu/ontos	κελεύω	keleu/w	v-sppang-
κελητίσαι	kelhti/sai	κελητίζω	kelhti/zw	v--ana---
κελητίσαι	kelhti/sai	κελητίζω	kelhti/zw	v3saoa---
κελύφη	kelu/fh	κέλυφος	ke/lufos	n-p---nn-
κελύφη	kelu/fh	κέλυφος	ke/lufos	n-p---nv-
κελύφη	kelu/fh	κέλυφος	ke/lufos	n-p---na-
κελύφη	kelu/fh	κέλυφος	ke/lufos	n-d---nn-
κελύφη	kelu/fh	κέλυφος	ke/lufos	n-d---nv-
κελύφη	kelu/fh	κέλυφος	ke/lufos	n-d---na-
κεντεῖτε	kentei=te	κεντάω	kenta/w	v2ppma---
κεντεῖτε	kentei=te	κεντάω	kenta/w	v2ppoa---
κεντεῖτε	kentei=te	κεντάω	kenta/w	v2ppia---
κεντεῖτε	kentei=te	κεντάω	kenta/w	v2piia---
κεντεῖτε	kentei=te	κεντέω	kente/w	v2ppma---
κεντεῖτε	kentei=te	κεντέω	kente/w	v2ppoa---
κεντεῖτε	kentei=te	κεντέω	kente/w	v2ppia---
κεντεῖτε	kentei=te	κεντέω	kente/w	v2piia---
κεντούμενοι	kentou/menoi	κεντάω	kenta/w	v-pppemn-
κεντούμενοι	kentou/menoi	κεντάω	kenta/w	v-pppemv-
κεντούμενοι	kentou/menoi	κεντέω	kente/w	v-pppemn-
κεντούμενοι	kentou/menoi	κεντέω	kente/w	v-pppemv-
κεντούμενοι	kentou/menoi	κεντόω	kento/w	v-pppemn-
κεντούμενοι	kentou/menoi	κεντόω	kento/w	v-pppemv-
κεντοῦμεν	kentou=men	κεντάω	kenta/w	v1ppia---
κεντοῦμεν	kentou=men	κεντάω	kenta/w	v1piia---
κεντοῦμεν	kentou=men	κεντέω	kente/w	v1ppia---
κεντοῦμεν	kentou=men	κεντέω	kente/w	v1piia---
κεντοῦμεν	kentou=men	κεντόω	kento/w	v1ppia---
κεντοῦμεν	kentou=men	κεντόω	kento/w	v1piia---
κεντοῦσι	kentou=si	κεντάω	kenta/w	v-pppamd-
κεντοῦσι	kentou=si	κεντάω	kenta/w	v-pppand-
κεντοῦσι	kentou=si	κεντάω	kenta/w	v3ppia---
κεντοῦσι	kentou=si	κεντέω	kente/w	v-pppamd-
κεντοῦσι	kentou=si	κεντέω	kente/w	v-pppand-
κεντοῦσι	kentou=si	κεντέω	kente/w	v3ppia---
κεντοῦσι	kentou=si	κεντόω	kento/w	v-pppamd-
κεντοῦσι	kentou=si	κεντόω	kento/w	v-pppand-
κεντοῦσι	kentou=si	κεντόω	kento/w	v3ppia---
κενῆς	kenh=s	κενός	keno/s	a-s---fg-
κεραμίδων	kerami/dwn	κεραμίς	kerami/s	n-p---fg-
κεραμίδων	kerami/dwn	κεραμίς	kerami/s	n-p---fg-
κεραμίδων	kerami/dwn	κεραμιδόω	keramido/w	v3piia---
κεραμίδων	kerami/dwn	κεραμιδόω	keramido/w	v1siia---
κεραυνῷ	keraunw=|	κεραυνός	kerauno/s	n-s---md-
κερδανεῖς	kerdanei=s	κερδαίνω	kerdai/nw	v2sfia---
κεράμῳ	kera/mw|	κέραμος	ke/ramos	n-s---md-
κεστρέων	kestre/wn	κέστρα	ke/stra	n-p---fg-
κεστρέων	kestre/wn	κεστρεύς	kestreu/s	n-p---mg-
κεστρέων	kestre/wn	κεστρεύς	kestreu/s	n-p---mg-
κεφαλαί	kefalai/	κεφαλή	kefalh/	n-p---fn-
κεφαλαί	kefalai/	κεφαλή	kefalh/	n-p---fv-
κεφαλήν	kefalh/n	κεφαλή	kefalh/	n-s---fa-
κεφαλῆς	kefalh=s	κεφαλή	kefalh/	n-s---fg-
κεχηνώς	kexhnw/s	χάσκω	xa/skw	v-srpamn-
κεχηνώς	kexhnw/s	χάσκω	xa/skw	v-srpamv-
κεχάρηκας	kexa/rhkas	χαίρω	xai/rw	v2sria---
κεχάρησαι	kexa/rhsai	χαίρω	xai/rw	v2srie---
κεἰ	kei)	εἰ	ei)	c--------
κεἴ	kei)/	εἰ	ei)	c--------
κεὐρυπρωκτίαν	keu)ruprwkti/an	εὐρυπρωκτία	eu)ruprwkti/a	n-s---fa-
κείνων	kei/nwn	ἐκεῖνος	e)kei=nos	n-p---ng-
κείνων	kei/nwn	ἐκεῖνος	e)kei=nos	n-p---fg-
κείνων	kei/nwn	ἐκεῖνος	e)kei=nos	n-p---mg-
κείνων	kei/nwn	κεῖνος	kei=nos	a-p---fg-
κείνων	kei/nwn	κεῖνος	kei=nos	a-p---mg-
κείνων	kei/nwn	κεῖνος	kei=nos	a-p---ng-
κείνων	kei/nwn	κενόω	keno/w	v3piia---
κείνων	kei/nwn	κενόω	keno/w	v1siia---
κεῖθι	kei=qi	ἐκεῖθι	e)kei=qi	d--------
κεῖται	kei=tai	κέω	ke/w	v3spie---
κεῖται	kei=tai	κεῖμαι	kei=mai	v3spie---
κηδεμών	khdemw/n	κηδεμών	khdemw/n	n-s---mn-
κηδεμών	khdemw/n	κηδεμών	khdemw/n	n-s---mv-
κημούς	khmou/s	κημός	khmo/s	n-p---ma-
κημοῖς	khmoi=s	κημός	khmo/s	n-p---md-
κημοῖς	khmoi=s	κημόω	khmo/w	v2spoa---
κημοῖς	khmoi=s	κημόω	khmo/w	v2spsa---
κημοῖς	khmoi=s	κημόω	khmo/w	v2spia---
κημός	khmo/s	κημός	khmo/s	n-s---mn-
κηρόν	khro/n	κηρός	khro/s	n-s---ma-
κηφῆνες	khfh=nes	κηφήν	khfh/n	n-p---mn-
κηφῆνες	khfh=nes	κηφήν	khfh/n	n-p---mv-
κιβωτούς	kibwtou/s	κιβωτός	kibwto/s	n-p---fa-
κιγκλίδι	kigkli/di	κιγκλίς	kigkli/s	n-s---fd-
κιθαρίζειν	kiqari/zein	κιθαρίζω	kiqari/zw	v--pna---
κικίννους	kiki/nnous	κίκιννος	ki/kinnos	n-p---ma-
κινδυνεύων	kinduneu/wn	κινδυνεύω	kinduneu/w	v-sppamn-
κινεῖν	kinei=n	κινέω	kine/w	v--pna---
κινούμενοι	kinou/menoi	κινέω	kine/w	v-pppemn-
κινούμενοι	kinou/menoi	κινέω	kine/w	v-pppemv-
κιττῶ	kittw=	κισσός	kisso/s	n-s---mg-
κιττῶ	kittw=	κιττάω	kitta/w	v2spme---
κιττῶ	kittw=	κιττάω	kitta/w	v1spsa---
κιττῶ	kittw=	κιττάω	kitta/w	v1spia---
κιττῶ	kittw=	κιττάω	kitta/w	v1spsa---
κιττῶ	kittw=	κιττάω	kitta/w	v1spia---
κιττῶ	kittw=	κιττάω	kitta/w	v2siie---
κιττῶ	kittw=	κιττώ	kittw/	n-d---fn-
κιττῶ	kittw=	κιττώ	kittw/	n-d---fv-
κιττῶ	kittw=	κιττώ	kittw/	n-d---fa-
κιττῶ	kittw=	κιττώ	kittw/	n-s---fa-
κλαύσεταί	klau/setai/	κλαίω	klai/w	v3sasm---
κλαύσεταί	klau/setai/	κλαίω	klai/w	v3sfim---
κλεψύδρα	kleyu/dra	κλεψύδρα	kleyu/dra	n-d---fn-
κλεψύδρα	kleyu/dra	κλεψύδρα	kleyu/dra	n-d---fv-
κλεψύδρα	kleyu/dra	κλεψύδρα	kleyu/dra	n-d---fa-
κλεψύδρα	kleyu/dra	κλεψύδρα	kleyu/dra	n-s---fn-
κλεψύδρα	kleyu/dra	κλεψύδρα	kleyu/dra	n-s---fv-
κλεψύδραν	kleyu/dran	κλεψύδρα	kleyu/dra	n-s---fa-
κλεψύδρας	kleyu/dras	κλεψύδρα	kleyu/dra	n-p---fa-
κλεψύδρας	kleyu/dras	κλεψύδρα	kleyu/dra	n-s---fg-
κλητεύειν	klhteu/ein	κλητεύω	klhteu/w	v--pna---
κλητῆρες	klhth=res	κλητήρ	klhth/r	n-p---mn-
κλητῆρες	klhth=res	κλητήρ	klhth/r	n-p---mv-
κλητῆρος	klhth=ros	κλητήρ	klhth/r	n-s---mg-
κλητῆρί	klhth=ri/	κλητήρ	klhth/r	n-s---md-
κλητῆρ’	klhth=r'	κλητήρ	klhth/r	n-s---ma-
κλητῆρ’	klhth=r'	κλητήρ	klhth/r	n-s---md-
κλητῆρ’	klhth=r'	κλητήρ	klhth/r	n-d---mn-
κλητῆρ’	klhth=r'	κλητήρ	klhth/r	n-d---mv-
κλητῆρ’	klhth=r'	κλητήρ	klhth/r	n-d---ma-
κλάειν	kla/ein	κλαίω	klai/w	v--pna---
κλάεις	kla/eis	κλάω	kla/w	v2spia---
κλάεις	kla/eis	κλαίω	klai/w	v2spia---
κλάοντα	kla/onta	κλαίω	klai/w	v-pppann-
κλάοντα	kla/onta	κλαίω	klai/w	v-pppanv-
κλάοντα	kla/onta	κλαίω	klai/w	v-pppana-
κλάοντα	kla/onta	κλαίω	klai/w	v-sppama-
κλέπτα	kle/pta	κλέπτης	kle/pths	n-d---mn-
κλέπτα	kle/pta	κλέπτης	kle/pths	n-d---mv-
κλέπτα	kle/pta	κλέπτης	kle/pths	n-d---ma-
κλέπτα	kle/pta	κλέπτης	kle/pths	n-s---mv-
κλέπτα	kle/pta	κλέπτης	kle/pths	n-s---mg-
κλέπτα	kle/pta	κλέπτης	kle/pths	n-s---mn-
κλέπτειν	kle/ptein	κλέπτω	kle/ptw	v--pna---
κλέπτης	kle/pths	κλέπτης	kle/pths	n-s---mn-
κλέπτον	kle/pton	κλέπτω	kle/ptw	v-sppamv-
κλέπτον	kle/pton	κλέπτω	kle/ptw	v-sppann-
κλέπτον	kle/pton	κλέπτω	kle/ptw	v-sppanv-
κλέπτον	kle/pton	κλέπτω	kle/ptw	v-sppana-
κλέπτον	kle/pton	κλέπτω	kle/ptw	v3piia---
κλέπτον	kle/pton	κλέπτω	kle/ptw	v1siia---
κλέπτοντα	kle/ptonta	κλέπτω	kle/ptw	v-pppann-
κλέπτοντα	kle/ptonta	κλέπτω	kle/ptw	v-pppanv-
κλέπτοντα	kle/ptonta	κλέπτω	kle/ptw	v-pppana-
κλέπτοντα	kle/ptonta	κλέπτω	kle/ptw	v-sppama-
κλέπτοντά	kle/ptonta/	κλέπτω	kle/ptw	v-pppann-
κλέπτοντά	kle/ptonta/	κλέπτω	kle/ptw	v-pppanv-
κλέπτοντά	kle/ptonta/	κλέπτω	kle/ptw	v-pppana-
κλέπτοντά	kle/ptonta/	κλέπτω	kle/ptw	v-sppama-
κλέπτουσιν	kle/ptousin	κλέπτω	kle/ptw	v-pppamd-
κλέπτουσιν	kle/ptousin	κλέπτω	kle/ptw	v-pppand-
κλέπτουσιν	kle/ptousin	κλέπτω	kle/ptw	v3ppia---
κλέψαι	kle/yai	κλέπτω	kle/ptw	v2samm---
κλέψαι	kle/yai	κλέπτω	kle/ptw	v--ana---
κλέψαι	kle/yai	κλέπτω	kle/ptw	v3saoa---
κλέψας	kle/yas	κλέπτω	kle/ptw	v-sapamn-
κλέψας	kle/yas	κλέπτω	kle/ptw	v-sapamv-
κλέψας	kle/yas	κλέπτω	kle/ptw	v2saia---
κλέψασαν	kle/yasan	κλέπτω	kle/ptw	v-sapafa-
κλίνας	kli/nas	κλίνη	kli/nh	n-p---fa-
κλίνας	kli/nas	κλίνη	kli/nh	n-s---fg-
κλίνας	kli/nas	κλίνω	kli/nw	v-sapamn-
κλίνας	kli/nas	κλίνω	kli/nw	v-sapamv-
κλῇθρα	klh=|qra	κλεῖθρον	klei=qron	n-p---nn-
κλῇθρα	klh=|qra	κλεῖθρον	klei=qron	n-p---nv-
κλῇθρα	klh=|qra	κλεῖθρον	klei=qron	n-p---na-
κλῇθρα	klh=|qra	κλήιθρον	klh/iqron	n-p---nn-
κλῇθρα	klh=|qra	κλήιθρον	klh/iqron	n-p---nv-
κλῇθρα	klh=|qra	κλήιθρον	klh/iqron	n-p---na-
κλῳός	klw|o/s	κλοιός	kloio/s	n-s---mn-
κναφεῖ	knafei=	κνάπτω	kna/ptw	v3sasp---
κναφεῖ	knafei=	κναφεύς	knafeu/s	n-s---md-
κνεφαῖος	knefai=os	κνεφαῖος	knefai=os	a-s---mn-
κνεφαῖος	knefai=os	κνεφαῖος	knefai=os	n-s---mn-
κνεφαῖος	knefai=os	κνεφαῖος	knefai=os	n-s---fn-
κνυζούμενα	knuzou/mena	κνυζάομαι	knuza/omai	v-pppenn-
κνυζούμενα	knuzou/mena	κνυζάομαι	knuza/omai	v-pppenv-
κνυζούμενα	knuzou/mena	κνυζάομαι	knuza/omai	v-pppena-
κνυζούμενα	knuzou/mena	κνυζέομαι	knuze/omai	v-pppenn-
κνυζούμενα	knuzou/mena	κνυζέομαι	knuze/omai	v-pppenv-
κνυζούμενα	knuzou/mena	κνυζέομαι	knuze/omai	v-pppena-
κνυζούμενα	knuzou/mena	κνυζόω	knuzo/w	v-pppenn-
κνυζούμενα	knuzou/mena	κνυζόω	knuzo/w	v-pppenv-
κνυζούμενα	knuzou/mena	κνυζόω	knuzo/w	v-pppena-
κνώδαλον	knw/dalon	κνώδαλον	knw/dalon	n-s---nn-
κνώδαλον	knw/dalon	κνώδαλον	knw/dalon	n-s---nv-
κνώδαλον	knw/dalon	κνώδαλον	knw/dalon	n-s---na-
κοιλίαν	koili/an	κοιλία	koili/a	n-s---fa-
κοινωνῶν	koinwnw=n	κοινωνέω	koinwne/w	v-sppamn-
κοινωνῶν	koinwnw=n	κοινωνός	koinwno/s	n-p---mg-
κοινωνῶν	koinwnw=n	κοινωνός	koinwno/s	n-p---fg-
κοινῷ	koinw=|	κοινός	koino/s	a-s---md-
κοινῷ	koinw=|	κοινός	koino/s	a-s---nd-
κοινῷ	koinw=|	κοινός	koino/s	n-s---md-
κοινῷ	koinw=|	κοινός	koino/s	n-s---fd-
κοινῷ	koinw=|	κοινός	koino/s	n-s---nd-
κοινῷ	koinw=|	κοινόω	koino/w	v3spoa---
κολαζόμεσθα	kolazo/mesqa	κολάζω	kola/zw	v1ppie---
κολαζόμεσθα	kolazo/mesqa	κολάζω	kola/zw	v1piie---
κολοιός	koloio/s	κολοιός	koloio/s	n-s---mn-
κολοσυρτόν	kolosurto/n	κολοσυρτός	kolosurto/s	n-s---ma-
κολωμένους	kolwme/nous	κολάζω	kola/zw	v-pfpmma-
κολάζω	kola/zw	κολάζω	kola/zw	v1spsa---
κολάζω	kola/zw	κολάζω	kola/zw	v1spia---
κολάκων	kola/kwn	κόλαξ	ko/lac	n-p---mg-
κολάσατ’	kola/sat'	κολάζω	kola/zw	v2pama---
κολάσατ’	kola/sat'	κολάζω	kola/zw	v3saim---
κολάσατ’	kola/sat'	κολάζω	kola/zw	v2paia---
κομιεῖται	komiei=tai	κομίζω	komi/zw	v3sfim---
κομιοῦμαι	komiou=mai	κομίζω	komi/zw	v1sfim---
κομψός	komyo/s	κομψός	komyo/s	a-s---mn-
κομᾷς	koma=|s	κομάω	koma/w	v2spsa---
κομᾷς	koma=|s	κομάω	koma/w	v2spia---
κονδύλοις	kondu/lois	κόνδυλος	ko/ndulos	n-p---md-
κονδύλου	kondu/lou	κόνδυλος	ko/ndulos	n-s---mg-
κοπρολόγῳ	koprolo/gw|	κοπρολόγος	koprolo/gos	n-s---md-
κορυβαντιᾷς	korubantia=|s	Κορυβαντιάω	*korubantia/w	v2spsa---
κορυβαντιᾷς	korubantia=|s	Κορυβαντιάω	*korubantia/w	v2spia---
κοτυληδών	kotulhdw/n	κοτυληδών	kotulhdw/n	n-s---fn-
κοτυληδών	kotulhdw/n	κοτυληδών	kotulhdw/n	n-s---fv-
κοὐ	kou)	οὐ	ou)	d--------
κοὐδείς	kou)dei/s	οὐδείς	ou)dei/s	n-s---mn-
κοὐδείς	kou)dei/s	οὐδείς	ou)dei/s	n-s---mv-
κοὐδέν	kou)de/n	οὐδείς	ou)dei/s	n-s---nn-
κοὐδέν	kou)de/n	οὐδείς	ou)dei/s	n-s---nv-
κοὐδέν	kou)de/n	οὐδείς	ou)dei/s	n-s---na-
κοὐδέποτ’	kou)de/pot'	οὐδέποτε	ou)de/pote	d--------
κοὐκ	kou)k	οὐ	ou)	d--------
κοὔπω	kou)/pw	οὔπω	ou)/pw	d--------
κοίταις	koi/tais	κοίτη	koi/th	n-p---fd-
κραιπάλης	kraipa/lhs	κραιπάλη	kraipa/lh	n-s---fg-
κραιπάλης	kraipa/lhs	κραιπαλάω	kraipala/w	v2spia---
κραιπάλης	kraipa/lhs	κραιπαλάω	kraipala/w	v2siia---
κρατήσῃ	krath/sh|	κράτησις	kra/thsis	n-s---fd-
κρατήσῃ	krath/sh|	κρατέω	krate/w	v2sasm---
κρατήσῃ	krath/sh|	κρατέω	krate/w	v3sasa---
κρατήσῃ	krath/sh|	κρατέω	krate/w	v2sfim---
κρατῆσαι	krath=sai	κρατέω	krate/w	v--ana---
κρατῶ	kratw=	κρατέω	krate/w	v1spsa---
κρατῶ	kratw=	κρατέω	krate/w	v1spia---
κρεκάδι’	kreka/di'	κρεκάδια	kreka/dia	n-p---nn-
κρεκάδι’	kreka/di'	κρεκάδια	kreka/dia	n-p---nv-
κρεκάδι’	kreka/di'	κρεκάδια	kreka/dia	n-p---na-
κρεμαμένῃ	kremame/nh|	κρεμάννυμι	krema/nnumi	v-sppefd-
κρεμήσετ’	kremh/set'	κρεμάννυμι	krema/nnumi	v3sfim---
κρεμήσετ’	kremh/set'	κρεμάω	krema/w	v2pasa---
κρεμήσετ’	kremh/set'	κρεμάω	krema/w	v2pfia---
κρεμήσετ’	kremh/set'	κρεμάω	krema/w	v3sasm---
κρεμήσετ’	kremh/set'	κρεμάω	krema/w	v3sfim---
κρείττων	krei/ttwn	κρείσσων	krei/sswn	a-s---mn-
κρείττων	krei/ttwn	κρείσσων	krei/sswn	a-s---fn-
κρείττων	krei/ttwn	κρεισσόω	kreisso/w	v3piia---
κρείττων	krei/ttwn	κρεισσόω	kreisso/w	v1siia---
κρεῖττον	krei=tton	κρείσσων	krei/sswn	a-s---mv-
κρεῖττον	krei=tton	κρείσσων	krei/sswn	a-s---fv-
κρεῖττον	krei=tton	κρείσσων	krei/sswn	a-s---nn-
κρεῖττον	krei=tton	κρείσσων	krei/sswn	a-s---nv-
κρεῖττον	krei=tton	κρείσσων	krei/sswn	a-s---na-
κριθῶν	kriqw=n	κριθάω	kriqa/w	v-sppamv-
κριθῶν	kriqw=n	κριθάω	kriqa/w	v-sppann-
κριθῶν	kriqw=n	κριθάω	kriqa/w	v-sppanv-
κριθῶν	kriqw=n	κριθάω	kriqa/w	v-sppana-
κριθῶν	kriqw=n	κριθάω	kriqa/w	v-sppamn-
κριθῶν	kriqw=n	κριθάω	kriqa/w	v-sppamn-
κριθῶν	kriqw=n	κριθή	kriqh/	n-p---fg-
κρυφθείς	krufqei/s	κρύπτω	kru/ptw	v-sappmn-
κρυφθείς	krufqei/s	κρύπτω	kru/ptw	v-sappmv-
κράσπεδα	kra/speda	κράσπεδον	kra/spedon	n-p---nn-
κράσπεδα	kra/speda	κράσπεδον	kra/spedon	n-p---nv-
κράσπεδα	kra/speda	κράσπεδον	kra/spedon	n-p---na-
κράτιστόν	kra/tisto/n	κράτιστος	kra/tistos	a-s---ma-
κράτιστόν	kra/tisto/n	κράτιστος	kra/tistos	a-s---nn-
κράτιστόν	kra/tisto/n	κράτιστος	kra/tistos	a-s---nv-
κράτιστόν	kra/tisto/n	κράτιστος	kra/tistos	a-s---na-
κράτιστός	kra/tisto/s	κράτιστος	kra/tistos	a-s---mn-
κράτος	kra/tos	κράτος	kra/tos	n-s---nn-
κράτος	kra/tos	κράτος	kra/tos	n-s---nv-
κράτος	kra/tos	κράτος	kra/tos	n-s---na-
κρέα	kre/a	κρέας	kre/as	n-p---nn-
κρέα	kre/a	κρέας	kre/as	n-p---nv-
κρέα	kre/a	κρέας	kre/as	n-p---na-
κρέμαισθέ	kre/maisqe/	κρεμάννυμι	krema/nnumi	v2ppoe---
κρίβανόν	kri/bano/n	κρίβανον	kri/banon	n-s---nn-
κρίβανόν	kri/bano/n	κρίβανον	kri/banon	n-s---nv-
κρίβανόν	kri/bano/n	κρίβανον	kri/banon	n-s---na-
κρίβανόν	kri/bano/n	κρίβανος	kri/banos	n-s---ma-
κρόκης	kro/khs	κρόκη	kro/kh	n-s---fg-
κρόνους	kro/nous	κρόνος	kro/nos	n-p---ma-
κρύβδην	kru/bdhn	κρύβδην	kru/bdhn	d--------
κρῖναι	kri=nai	κρίνω	kri/nw	v2samm---
κρῖναι	kri=nai	κρίνω	kri/nw	v--ana---
κυκλοσοβεῖτε	kuklosobei=te	κυκλοσοβέω	kuklosobe/w	v2ppma---
κυκλοσοβεῖτε	kuklosobei=te	κυκλοσοβέω	kuklosobe/w	v2ppoa---
κυκλοσοβεῖτε	kuklosobei=te	κυκλοσοβέω	kuklosobe/w	v2ppia---
κυκλοσοβεῖτε	kuklosobei=te	κυκλοσοβέω	kuklosobe/w	v2piia---
κυλίνδεται	kuli/ndetai	κυλίνδω	kuli/ndw	v3spie---
κυμινοπριστοκαρδαμογλύφον	kuminopristokardamoglu/fon	κυμινοπριστοκαρδαμογλύφος	kuminopristokardamoglu/fos	n-s---ma-
κυμινοπριστοκαρδαμογλύφον	kuminopristokardamoglu/fon	κυμινοπριστοκαρδαμογλύφος	kuminopristokardamoglu/fos	n-s---fa-
κυμινοπριστοκαρδαμογλύφον	kuminopristokardamoglu/fon	κυμινοπριστοκαρδαμογλύφος	kuminopristokardamoglu/fos	n-s---nn-
κυμινοπριστοκαρδαμογλύφον	kuminopristokardamoglu/fon	κυμινοπριστοκαρδαμογλύφος	kuminopristokardamoglu/fos	n-s---nv-
κυμινοπριστοκαρδαμογλύφον	kuminopristokardamoglu/fon	κυμινοπριστοκαρδαμογλύφος	kuminopristokardamoglu/fos	n-s---na-
κυνί	kuni/	κύων	ku/wn	n-s---md-
κυνί	kuni/	κύων	ku/wn	n-s---fd-
κυνός	kuno/s	κύων	ku/wn	n-s---mg-
κυνός	kuno/s	κύων	ku/wn	n-s---fg-
κυνᾶς	kuna=s	κυνάω	kuna/w	v2spia---
κυνᾶς	kuna=s	κυνέη	kune/h	n-p---fa-
κυνᾶς	kuna=s	κυνέη	kune/h	n-s---fg-
κυνῶν	kunw=n	κύων	ku/wn	n-p---mg-
κυνῶν	kunw=n	κύων	ku/wn	n-p---fg-
κυνῶν	kunw=n	κυνάω	kuna/w	v-sppamv-
κυνῶν	kunw=n	κυνάω	kuna/w	v-sppann-
κυνῶν	kunw=n	κυνάω	kuna/w	v-sppanv-
κυνῶν	kunw=n	κυνάω	kuna/w	v-sppana-
κυνῶν	kunw=n	κυνάω	kuna/w	v-sppamn-
κυνῶν	kunw=n	κυνάω	kuna/w	v-sppamn-
κυνῶν	kunw=n	κυνέω	kune/w	v-sppamn-
κυνῶν	kunw=n	κυνώ	kunw/	n-p---fg-
κυττάροις	kutta/rois	κύτταρον	ku/ttaron	n-p---nd-
κυττάροις	kutta/rois	κύτταρος	ku/ttaros	n-p---md-
κωλακρέτην	kwlakre/thn	κωλαγρέτης	kwlagre/ths	n-s---ma-
κωλακρέτην	kwlakre/thn	κωλακρέτης	kwlakre/ths	n-s---ma-
κωλακρέτου	kwlakre/tou	κωλαγρέτης	kwlagre/ths	n-s---mg-
κωλακρέτου	kwlakre/tou	κωλακρέτης	kwlakre/ths	n-s---mg-
κωμῳδεῖσθαι	kwmw|dei=sqai	κωμῳδέω	kwmw|de/w	v--pne---
κωμῳδικά	kwmw|dika/	κωμῳδικός	kwmw|diko/s	a-p---nn-
κωμῳδικά	kwmw|dika/	κωμῳδικός	kwmw|diko/s	a-p---nv-
κωμῳδικά	kwmw|dika/	κωμῳδικός	kwmw|diko/s	a-p---na-
κωμῳδικά	kwmw|dika/	κωμῳδικός	kwmw|diko/s	a-d---fn-
κωμῳδικά	kwmw|dika/	κωμῳδικός	kwmw|diko/s	a-d---fv-
κωμῳδικά	kwmw|dika/	κωμῳδικός	kwmw|diko/s	a-d---fa-
κωμῳδικά	kwmw|dika/	κωμῳδικός	kwmw|diko/s	a-s---fn-
κωμῳδικά	kwmw|dika/	κωμῳδικός	kwmw|diko/s	a-s---fv-
κωμῳδολοιχῶν	kwmw|doloixw=n	κωμῳδολοιχέω	kwmw|doloixe/w	v-sppamn-
κωμῳδίας	kwmw|di/as	κωμῳδία	kwmw|di/a	n-p---fa-
κωμῳδίας	kwmw|di/as	κωμῳδία	kwmw|di/a	n-s---fg-
κἀβουλήθης	ka)boulh/qhs	ἀβουλέω	a)boule/w	v2saip---
κἀβουλήθης	ka)boulh/qhs	βούλομαι	bou/lomai	v2saip---
κἀγαθοῖς	ka)gaqoi=s	ἀγαθός	a)gaqo/s	a-p---md-
κἀγαθοῖς	ka)gaqoi=s	ἀγαθός	a)gaqo/s	a-p---nd-
κἀγαθοῖς	ka)gaqoi=s	ἀγαθόω	a)gaqo/w	v2spoa---
κἀγαθοῖς	ka)gaqoi=s	ἀγαθόω	a)gaqo/w	v2spsa---
κἀγαθοῖς	ka)gaqoi=s	ἀγαθόω	a)gaqo/w	v2spia---
κἀγαθῶν	ka)gaqw=n	ἀγαθός	a)gaqo/s	a-p---fg-
κἀγαθῶν	ka)gaqw=n	ἀγαθός	a)gaqo/s	a-p---mg-
κἀγαθῶν	ka)gaqw=n	ἀγαθός	a)gaqo/s	a-p---ng-
κἀγαθῶν	ka)gaqw=n	ἀγαθόω	a)gaqo/w	v-sppamv-
κἀγαθῶν	ka)gaqw=n	ἀγαθόω	a)gaqo/w	v-sppann-
κἀγαθῶν	ka)gaqw=n	ἀγαθόω	a)gaqo/w	v-sppanv-
κἀγαθῶν	ka)gaqw=n	ἀγαθόω	a)gaqo/w	v-sppana-
κἀγαθῶν	ka)gaqw=n	ἀγαθόω	a)gaqo/w	v-sppamn-
κἀγαθῶν	ka)gaqw=n	ἀγαθόω	a)gaqo/w	v--pna---
κἀγκεχόδασίν	ka)gkexo/dasi/n	ἐγχέζω	e)gxe/zw	v3pria---
κἀγχανεῖ	ka)gxanei=	ἀναχάσκω	a)naxa/skw	v2sfim---
κἀγχανεῖ	ka)gxanei=	ἀναχάσκω	a)naxa/skw	v3sfia---
κἀγχανεῖ	ka)gxanei=	ἐγχάσκω	e)gxa/skw	v2sfim---
κἀγχανεῖ	ka)gxanei=	ἐγχάσκω	e)gxa/skw	v3sfia---
κἀγώ	ka)gw/	ἀγός	a)go/s	n-d---mn-
κἀγώ	ka)gw/	ἀγός	a)go/s	n-d---mv-
κἀγώ	ka)gw/	ἀγός	a)go/s	n-d---ma-
κἀγώ	ka)gw/	ἐγώ	e)gw/	p-s---mn-
κἀγώ	ka)gw/	ἐγώ	e)gw/	p-s---mv-
κἀγώ	ka)gw/	ἐγώ	e)gw/	p-s---fn-
κἀγώ	ka)gw/	ἐγώ	e)gw/	p-s---fv-
κἀδυνάμην	ka)duna/mhn	δύναμαι	du/namai	v1siie---
κἀκ	ka)k	ἐκ	e)k	r--------
κἀκεῖ	ka)kei=	ἀκέομαι	a)ke/omai	v2sfim---
κἀκεῖ	ka)kei=	ἀκέομαι	a)ke/omai	v2spie---
κἀκεῖ	ka)kei=	ἀκέω	a)ke/w	v2spie---
κἀκεῖ	ka)kei=	ἀκέω	a)ke/w	v3spia---
κἀκεῖ	ka)kei=	ἐκεῖ	e)kei=	d--------
κἀκπορίζομεν	ka)kpori/zomen	ἐκπορίζω	e)kpori/zw	v1ppia---
κἀκπορίζομεν	ka)kpori/zomen	ἐκπορίζω	e)kpori/zw	v1ppia---
κἀκάθαιρ’	ka)ka/qair'	καθαίρω	kaqai/rw	v3siia---
κἀμοί	ka)moi/	ἁμόσ1	a(mo/s1	a-p---mn-
κἀμοί	ka)moi/	ἁμόσ1	a(mo/s1	a-p---mv-
κἀμοί	ka)moi/	ἀμόω	a)mo/w	v2spse---
κἀμοί	ka)moi/	ἀμόω	a)mo/w	v2spie---
κἀμοί	ka)moi/	ἀμόω	a)mo/w	v3spsa---
κἀμοί	ka)moi/	ἐγώ	e)gw/	p-s---md-
κἀμοί	ka)moi/	ἐγώ	e)gw/	p-s---fd-
κἀμοί	ka)moi/	ἐμός	e)mo/s	a-p---mn-
κἀμοί	ka)moi/	ἐμός	e)mo/s	a-p---mv-
κἀμοί	ka)moi/	ἡμός	h(mo/s	a-p---mn-
κἀμοί	ka)moi/	ἡμός	h(mo/s	a-p---mv-
κἀμέ	ka)me/	ἁμόσ1	a(mo/s1	a-s---mv-
κἀμέ	ka)me/	ἐγώ	e)gw/	p-s---ma-
κἀμέ	ka)me/	ἐγώ	e)gw/	p-s---fa-
κἀμέ	ka)me/	ἐμός	e)mo/s	a-s---mv-
κἀμέ	ka)me/	ἡμός	h(mo/s	a-s---mv-
κἀν	ka)n	ἐν	e)n	r--------
κἀν	ka)n	εἰς	ei)s	r--------
κἀναπείθομαι	ka)napei/qomai	ἀναπείθω	a)napei/qw	v1spie---
κἀνασπαστόν	ka)naspasto/n	ἀνασπαστός	a)naspasto/s	n-s---ma-
κἀνασπαστόν	ka)naspasto/n	ἀνασπαστός	a)naspasto/s	n-s---fa-
κἀνασπαστόν	ka)naspasto/n	ἀνασπαστός	a)naspasto/s	n-s---nn-
κἀνασπαστόν	ka)naspasto/n	ἀνασπαστός	a)naspasto/s	n-s---nv-
κἀνασπαστόν	ka)naspasto/n	ἀνασπαστός	a)naspasto/s	n-s---na-
κἀναφανήσει	ka)nafanh/sei	ἀναφαίνω	a)nafai/nw	v2sfip---
κἀναφοβοῦντες	ka)nafobou=ntes	ἀναφοβέω	a)nafobe/w	v-pppamn-
κἀναφοβοῦντες	ka)nafobou=ntes	ἀναφοβέω	a)nafobe/w	v-pppamv-
κἀναφοβοῦντες	ka)nafobou=ntes	ἀναφοβέω	a)nafobe/w	v-pppamn-
κἀναφοβοῦντες	ka)nafobou=ntes	ἀναφοβέω	a)nafobe/w	v-pppamv-
κἀνδρικῶς	ka)ndrikw=s	ἀνδρικός	a)ndriko/s	x--------
κἀνταγωνιστάς	ka)ntagwnista/s	ἀνταγωνιστής	a)ntagwnisth/s	n-p---ma-
κἀνταγωνιστάς	ka)ntagwnista/s	ἀνταγωνιστής	a)ntagwnisth/s	n-s---mn-
κἀντιβολεῖτε	ka)ntibolei=te	ἀντιβολέω	a)ntibole/w	v2piia---
κἀντιβολεῖτε	ka)ntibolei=te	ἀντιβολέω	a)ntibole/w	v2ppma---
κἀντιβολεῖτε	ka)ntibolei=te	ἀντιβολέω	a)ntibole/w	v2ppoa---
κἀντιβολεῖτε	ka)ntibolei=te	ἀντιβολέω	a)ntibole/w	v2ppia---
κἀνέπλητ’	ka)ne/plht'	ἀναπίμπλημι	a)napi/mplhmi	v3saim---
κἀνέπλητ’	ka)ne/plht'	ἐμπελάζω	e)mpela/zw	v3saim---
κἀνέπλητ’	ka)ne/plht'	ἐμπίπλημι	e)mpi/plhmi	v3saim---
κἀξευρίσκειν	ka)ceuri/skein	ἐξευρίσκω	e)ceuri/skw	v--pna---
κἀξείρας	ka)cei/ras	ἐξείρω	e)cei/rw	v-sapamn-
κἀξείρας	ka)cei/ras	ἐξείρω	e)cei/rw	v-sapamv-
κἀξωμίδων	ka)cwmi/dwn	ἐξωμίς	e)cwmi/s	n-p---fg-
κἀξέβαλεν	ka)ce/balen	ἐκβάλλω	e)kba/llw	v3saia---
κἀξέβαλεν	ka)ce/balen	ἐκβάλλω	e)kba/llw	v3saia---
κἀπακτώσαμεν	ka)paktw/samen	πακτόω	pakto/w	v1paia---
κἀπαίδευτε	ka)pai/deute	ἀπαίδευτος	a)pai/deutos	n-s---mv-
κἀπαίδευτε	ka)pai/deute	ἀπαίδευτος	a)pai/deutos	n-s---fv-
κἀπευξάμενος	ka)peuca/menos	ἀπεύχομαι	a)peu/xomai	v-sapmmn-
κἀπευξάμενος	ka)peuca/menos	ἐπεύχομαι	e)peu/xomai	v-sapmmn-
κἀπιδακρύειν	ka)pidakru/ein	ἐπιδακρύω	e)pidakru/w	v--pna---
κἀπιθήκην	ka)piqh/khn	ἐπιθήκη	e)piqh/kh	n-s---fa-
κἀπιπνεῦσαι	ka)pipneu=sai	ἐπιπνέω	e)pipne/w	v-pppafn-
κἀπιπνεῦσαι	ka)pipneu=sai	ἐπιπνέω	e)pipne/w	v-pppafv-
κἀπιπνεῦσαι	ka)pipneu=sai	ἐπιπνέω	e)pipne/w	v--ana---
κἀπισταίην	ka)pistai/hn	ἀφεστήξω	a)festh/cw	v1spoa---
κἀπισταίην	ka)pistai/hn	ἐφίστημι	e)fi/sthmi	v1spoa---
κἀπισταίην	ka)pistai/hn	ἐφίστημι	e)fi/sthmi	v1saoa---
κἀπιχωρίως	ka)pixwri/ws	ἐπιχώριος	e)pixw/rios	x--------
κἀπιχωρίως	ka)pixwri/ws	ἐπιχώριος	e)pixw/rios	a-p---ma-
κἀπιχωρίως	ka)pixwri/ws	ἐπιχώριος	e)pixw/rios	x--------
κἀπιχωρίως	ka)pixwri/ws	ἐπιχώριος	e)pixw/rios	n-p---ma-
κἀπιχωρίως	ka)pixwri/ws	ἐπιχώριος	e)pixw/rios	n-p---fa-
κἀποκλῄων	ka)poklh/|wn	ἀποκλείω	a)poklei/w	v-sppamn-
κἀπολεῖς	ka)polei=s	ἀπόλλυμι	a)po/llumi	v2sfia---
κἀπολούμενον	ka)polou/menon	ἀπόλλυμι	a)po/llumi	v-sfpmma-
κἀπολούμενον	ka)polou/menon	ἀπόλλυμι	a)po/llumi	v-sfpmnn-
κἀπολούμενον	ka)polou/menon	ἀπόλλυμι	a)po/llumi	v-sfpmnv-
κἀπολούμενον	ka)polou/menon	ἀπόλλυμι	a)po/llumi	v-sfpmna-
κἀπολούμενον	ka)polou/menon	ἀπολούω	a)polou/w	v-sppema-
κἀπολούμενον	ka)polou/menon	ἀπολούω	a)polou/w	v-sppenn-
κἀπολούμενον	ka)polou/menon	ἀπολούω	a)polou/w	v-sppenv-
κἀπολούμενον	ka)polou/menon	ἀπολούω	a)polou/w	v-sppena-
κἀπολέλυκεν	ka)pole/luken	ἀπολύω	a)polu/w	v3sria---
κἀπόβαιν’	ka)po/bain'	ἀποβαίνω	a)pobai/nw	v2spma---
κἀπόλυσον	ka)po/luson	ἀπολύω	a)polu/w	v2sama---
κἀπᾴδομεν	ka)pa/|domen	ἀπᾴδω	a)pa/|dw	v1piia---
κἀπᾴδομεν	ka)pa/|domen	ἀπᾴδω	a)pa/|dw	v1ppia---
κἀπᾴδομεν	ka)pa/|domen	ἐπαείδω	e)paei/dw	v1piia---
κἀπᾴδομεν	ka)pa/|domen	ἐπαείδω	e)paei/dw	v1ppia---
κἄγωγ’	ka)/gwg'	ἐγώ	e)gw/	p-s---mn-
κἄγωγ’	ka)/gwg'	ἐγώ	e)gw/	p-s---mv-
κἄγωγ’	ka)/gwg'	ἐγώ	e)gw/	p-s---fn-
κἄγωγ’	ka)/gwg'	ἐγώ	e)gw/	p-s---fv-
κἄλλως	ka)/llws	ἄλλος	a)/llos	n-p---ma-
κἄλλως	ka)/llws	ἄλλως	a)/llws	d--------
κἄμ’	ka)/m'	ἁμόσ1	a(mo/s1	a-p---nn-
κἄμ’	ka)/m'	ἁμόσ1	a(mo/s1	a-p---nv-
κἄμ’	ka)/m'	ἁμόσ1	a(mo/s1	a-p---na-
κἄμ’	ka)/m'	ἁμόσ1	a(mo/s1	a-d---fn-
κἄμ’	ka)/m'	ἁμόσ1	a(mo/s1	a-d---fv-
κἄμ’	ka)/m'	ἁμόσ1	a(mo/s1	a-d---fa-
κἄμ’	ka)/m'	ἁμόσ1	a(mo/s1	a-s---fn-
κἄμ’	ka)/m'	ἁμόσ1	a(mo/s1	a-s---fv-
κἄμ’	ka)/m'	ἁμόσ1	a(mo/s1	a-s---mv-
κἄμ’	ka)/m'	ἁμόσ1	a(mo/s1	a-p---fn-
κἄμ’	ka)/m'	ἁμόσ1	a(mo/s1	a-p---fv-
κἄμ’	ka)/m'	ἄμη	a)/mh	n-p---fn-
κἄμ’	ka)/m'	ἄμη	a)/mh	n-p---fv-
κἄμ’	ka)/m'	ἄμη	a)/mh	n-s---fd-
κἄμ’	ka)/m'	ἄμπ	a)/mp	n-s---nn-
κἄμ’	ka)/m'	ἄμπ	a)/mp	n-s---nv-
κἄμ’	ka)/m'	ἄμπ	a)/mp	n-s---na-
κἄμ’	ka)/m'	ἀμίς	a)mi/s	n-s---fv-
κἄμ’	ka)/m'	ἐγώ	e)gw/	p-s---ma-
κἄμ’	ka)/m'	ἐγώ	e)gw/	p-s---fa-
κἄμ’	ka)/m'	ἐμός	e)mo/s	a-p---nn-
κἄμ’	ka)/m'	ἐμός	e)mo/s	a-p---nv-
κἄμ’	ka)/m'	ἐμός	e)mo/s	a-p---na-
κἄμ’	ka)/m'	ἐμός	e)mo/s	a-d---fn-
κἄμ’	ka)/m'	ἐμός	e)mo/s	a-d---fv-
κἄμ’	ka)/m'	ἐμός	e)mo/s	a-d---fa-
κἄμ’	ka)/m'	ἐμός	e)mo/s	a-s---fn-
κἄμ’	ka)/m'	ἐμός	e)mo/s	a-s---fv-
κἄμ’	ka)/m'	ἐμός	e)mo/s	a-s---mv-
κἄμ’	ka)/m'	ἐμός	e)mo/s	a-p---fn-
κἄμ’	ka)/m'	ἐμός	e)mo/s	a-p---fv-
κἄμ’	ka)/m'	ἡμός	h(mo/s	a-p---nn-
κἄμ’	ka)/m'	ἡμός	h(mo/s	a-p---nv-
κἄμ’	ka)/m'	ἡμός	h(mo/s	a-p---na-
κἄμ’	ka)/m'	ἡμός	h(mo/s	a-d---fn-
κἄμ’	ka)/m'	ἡμός	h(mo/s	a-d---fv-
κἄμ’	ka)/m'	ἡμός	h(mo/s	a-d---fa-
κἄμ’	ka)/m'	ἡμός	h(mo/s	a-s---fn-
κἄμ’	ka)/m'	ἡμός	h(mo/s	a-s---fv-
κἄμ’	ka)/m'	ἡμός	h(mo/s	a-s---mv-
κἄμ’	ka)/m'	ἡμός	h(mo/s	a-p---fn-
κἄμ’	ka)/m'	ἡμός	h(mo/s	a-p---fv-
κἄν	ka)/n	κἀν	ka)n	c--------
κἄξω	ka)/cw	ἄξος	a)/cos	n-d---mn-
κἄξω	ka)/cw	ἄξος	a)/cos	n-d---mv-
κἄξω	ka)/cw	ἄξος	a)/cos	n-d---ma-
κἄξω	ka)/cw	ἄξος	a)/cos	n-s---mg-
κἄξω	ka)/cw	ἄγνυμι	a)/gnumi	v2saim---
κἄξω	ka)/cw	ἄγνυμι	a)/gnumi	v1sasa---
κἄξω	ka)/cw	ἄγνυμι	a)/gnumi	v1sfia---
κἄξω	ka)/cw	ἄγω	a)/gw	v2saim---
κἄξω	ka)/cw	ἄγω	a)/gw	v1sasa---
κἄξω	ka)/cw	ἄγω	a)/gw	v1sfia---
κἄξω	ka)/cw	ἔξω	e)/cw	d--------
κἄπειθ’	ka)/peiq'	ἄπειμι2	a)/peimi2	v3spia---
κἄπειθ’	ka)/peiq'	ἔπειμι2	e)/peimi2	v3spia---
κἄπειθ’	ka)/peiq'	ἔπειτα	e)/peita	d--------
κἄπειθ’	ka)/peiq'	πείθω	pei/qw	v3siia---
κἄπειτα	ka)/peita	ἔπειτα	e)/peita	d--------
κἄστι	ka)/sti	εἰμί	ei)mi/	v3spia---
κἄστιν	ka)/stin	εἰμί	ei)mi/	v3spia---
κἄτι	ka)/ti	ἔτι	e)/ti	d--------
κἄτυπτεν	ka)/tupten	τύπτω	tu/ptw	v3siia---
κὤψον	kw)/yon	ὄψον	o)/yon	n-s---nn-
κὤψον	kw)/yon	ὄψον	o)/yon	n-s---nv-
κὤψον	kw)/yon	ὄψον	o)/yon	n-s---na-
κάεται	ka/etai	καίω	kai/w	v3spie---
κάθημαι	ka/qhmai	κάθημαι	ka/qhmai	v1srim---
κάθιζε	ka/qize	καθίζω	kaqi/zw	v2spma---
κάθιζε	ka/qize	καθίζω	kaqi/zw	v3siia---
κάθιζε	ka/qize	καθίζω	kaqi/zw	v3siia---
κάκιστον	ka/kiston	κακός	kako/s	a-s---ma-
κάκιστον	ka/kiston	κακός	kako/s	a-s---nn-
κάκιστον	ka/kiston	κακός	kako/s	a-s---nv-
κάκιστον	ka/kiston	κακός	kako/s	a-s---na-
κάλει	ka/lei	καλέω	kale/w	v2spma---
κάλει	ka/lei	καλέω	kale/w	v3siia---
κάλλιστα	ka/llista	κάλλιστα	ka/llista	d--------
κάλλιστα	ka/llista	καλός	kalo/s	a-p---nn-
κάλλιστα	ka/llista	καλός	kalo/s	a-p---nv-
κάλλιστα	ka/llista	καλός	kalo/s	a-p---na-
κάνθαρός	ka/nqaro/s	κάνθαρος	ka/nqaros	n-s---mn-
κάνθων	ka/nqwn	κάνθων	ka/nqwn	n-s---mn-
κάνθων	ka/nqwn	κάνθων	ka/nqwn	n-s---mv-
κάννας	ka/nnas	κάννα	ka/nna	n-p---fa-
κάννας	ka/nnas	κάννα	ka/nna	n-s---fg-
κάννας	ka/nnas	κάννα	ka/nna	n-p---fa-
κάννας	ka/nnas	κάννα	ka/nna	n-s---fg-
κάπνη	ka/pnh	κάπνη	ka/pnh	n-s---fn-
κάπνη	ka/pnh	κάπνη	ka/pnh	n-s---fv-
κάπρον	ka/pron	κάπρος	ka/pros	n-s---ma-
κάρδαμα	ka/rdama	κάρδαμον	ka/rdamon	n-p---nn-
κάρδαμα	ka/rdama	κάρδαμον	ka/rdamon	n-p---nv-
κάρδαμα	ka/rdama	κάρδαμον	ka/rdamon	n-p---na-
κάρυ’	ka/ru'	κάρυον	ka/ruon	n-p---nn-
κάρυ’	ka/ru'	κάρυον	ka/ruon	n-p---nv-
κάρυ’	ka/ru'	κάρυον	ka/ruon	n-p---na-
κάρυ’	ka/ru'	καρύα	karu/a	n-p---fn-
κάρυ’	ka/ru'	καρύα	karu/a	n-p---fv-
κάρφος	ka/rfos	κάρφος	ka/rfos	n-s---nn-
κάρφος	ka/rfos	κάρφος	ka/rfos	n-s---nv-
κάρφος	ka/rfos	κάρφος	ka/rfos	n-s---na-
κάτω	ka/tw	κάτος	ka/tos	n-d---mn-
κάτω	ka/tw	κάτος	ka/tos	n-d---mv-
κάτω	ka/tw	κάτος	ka/tos	n-d---ma-
κάτω	ka/tw	κάτος	ka/tos	n-d---fn-
κάτω	ka/tw	κάτος	ka/tos	n-d---fv-
κάτω	ka/tw	κάτος	ka/tos	n-d---fa-
κάτω	ka/tw	κάτος	ka/tos	n-d---nn-
κάτω	ka/tw	κάτος	ka/tos	n-d---nv-
κάτω	ka/tw	κάτος	ka/tos	n-d---na-
κάτω	ka/tw	κάτος	ka/tos	n-s---mg-
κάτω	ka/tw	κάτος	ka/tos	n-s---fg-
κάτω	ka/tw	κάτος	ka/tos	n-s---ng-
κάτω	ka/tw	κάτω	ka/tw	d--------
κάτω	ka/tw	κατόω	kato/w	v2spma---
κάτω	ka/tw	κατόω	kato/w	v3siia---
κέκραγεν	ke/kragen	κράζω	kra/zw	v3sria---
κέκραγεν	ke/kragen	κράζω	kra/zw	v3plia---
κέκραχθι	ke/kraxqi	κράζω	kra/zw	v2srma---
κέκτημαι	ke/kthmai	κτάομαι	kta/omai	v1srie---
κέκτημαι	ke/kthmai	κτέομαι	kte/omai	v1srie---
κέντρον	ke/ntron	κέντρον	ke/ntron	n-s---nn-
κέντρον	ke/ntron	κέντρον	ke/ntron	n-s---nv-
κέντρον	ke/ntron	κέντρον	ke/ntron	n-s---na-
κέντρ’	ke/ntr'	κέντρον	ke/ntron	n-p---nn-
κέντρ’	ke/ntr'	κέντρον	ke/ntron	n-p---nv-
κέντρ’	ke/ntr'	κέντρον	ke/ntron	n-p---na-
κίονι	ki/oni	κίων	ki/wn	n-s---md-
κίονι	ki/oni	κίων	ki/wn	n-s---fd-
κίστην	ki/sthn	κίστη	ki/sth	n-s---fa-
κόγχῃ	ko/gxh|	κόγχη	ko/gxh	n-s---fd-
κόλακας	ko/lakas	κόλαξ	ko/lac	n-p---ma-
κόλακος	ko/lakos	κόλαξ	ko/lac	n-s---mg-
κόλαξ	ko/lac	κόλαξ	ko/lac	n-s---mn-
κόλαξ	ko/lac	κόλαξ	ko/lac	n-s---mv-
κόλλοπ’	ko/llop'	κόλλοψ	ko/lloy	n-s---ma-
κόλλοπ’	ko/llop'	κόλλοψ	ko/lloy	n-s---md-
κόλλοπ’	ko/llop'	κόλλοψ	ko/lloy	n-d---mn-
κόλλοπ’	ko/llop'	κόλλοψ	ko/lloy	n-d---mv-
κόλλοπ’	ko/llop'	κόλλοψ	ko/lloy	n-d---ma-
κόραιν	ko/rain	κόρη	ko/rh	n-d---fg-
κόραιν	ko/rain	κόρη	ko/rh	n-d---fd-
κόρακας	ko/rakas	κόραξ	ko/rac	n-p---ma-
κόρακος	ko/rakos	κόραξ	ko/rac	n-s---mg-
κόρακος	ko/rakos	κόρακος	ko/rakos	n-s---mn-
κόραν	ko/ran	κόρη	ko/rh	n-s---fa-
κόραξ	ko/rac	κόραξ	ko/rac	n-s---mn-
κόραξ	ko/rac	κόραξ	ko/rac	n-s---mv-
κύκα	ku/ka	κυκάω	kuka/w	v2spma---
κύκα	ku/ka	κυκάω	kuka/w	v3siia---
κύκλῳ	ku/klw|	κύκλος	ku/klos	n-s---md-
κύκνου	ku/knou	κύκνος	ku/knos	n-s---mg-
κύνα	ku/na	κύων	ku/wn	n-s---ma-
κύνα	ku/na	κύων	ku/wn	n-s---fa-
κύνα	ku/na	κυνάω	kuna/w	v2spma---
κύνα	ku/na	κυνάω	kuna/w	v3siia---
κύνειος	ku/neios	κύνειος	ku/neios	a-s---mn-
κύνειος	ku/neios	κύνειος	ku/neios	n-s---mn-
κύνειος	ku/neios	κύνειος	ku/neios	n-s---fn-
κύν’	ku/n'	κύων	ku/wn	n-s---ma-
κύν’	ku/n'	κύων	ku/wn	n-s---fa-
κύν’	ku/n'	κύων	ku/wn	n-d---mn-
κύν’	ku/n'	κύων	ku/wn	n-d---mv-
κύν’	ku/n'	κύων	ku/wn	n-d---ma-
κύν’	ku/n'	κύων	ku/wn	n-d---fn-
κύν’	ku/n'	κύων	ku/wn	n-d---fv-
κύν’	ku/n'	κύων	ku/wn	n-d---fa-
κύν’	ku/n'	κυνέη	kune/h	n-p---fn-
κύν’	ku/n'	κυνέη	kune/h	n-p---fv-
κύν’	ku/n'	ψευδοκύων	yeudoku/wn	n-s---mv-
κύον	ku/on	κύων	ku/wn	n-s---mv-
κύον	ku/on	κύων	ku/wn	n-s---fv-
κύπτων	ku/ptwn	κύπτω	ku/ptw	v-sppamn-
κύων	ku/wn	κύω	ku/w	v-sppamn-
κύων	ku/wn	κύων	ku/wn	n-s---mn-
κύων	ku/wn	κύων	ku/wn	n-s---fn-
κώπην	kw/phn	κώπη	kw/ph	n-s---fa-
κώπην	kw/phn	κωπάω	kwpa/w	v3piia---
κώπην	kw/phn	κωπάω	kwpa/w	v1siia---
κᾆτα	ka)=|ta	εἶτα	ei)=ta	d--------
κᾆτι	ka)=|ti	εἶμι	ei)=mi	v3spia---
κῆρύξ	kh=ru/c	κῆρυξ	kh=ruc	n-s---mn-
κῆρύξ	kh=ru/c	κῆρυξ	kh=ruc	n-s---mv-
λαβεῖν	labei=n	λαμβάνω	lamba/nw	v--ana---
λαβομένη	labome/nh	λαμβάνω	lamba/nw	v-sapmfn-
λαβομένη	labome/nh	λαμβάνω	lamba/nw	v-sapmfv-
λαβοῦσ’	labou=s'	λάπτω	la/ptw	v3pasp---
λαβοῦσ’	labou=s'	λαμβάνω	lamba/nw	v-sapafn-
λαβοῦσ’	labou=s'	λαμβάνω	lamba/nw	v-sapafv-
λαβοῦσ’	labou=s'	λαμβάνω	lamba/nw	v-papamd-
λαβοῦσ’	labou=s'	λαμβάνω	lamba/nw	v-papand-
λαβοῦσ’	labou=s'	λαμβάνω	lamba/nw	v-papafn-
λαβοῦσ’	labou=s'	λαμβάνω	lamba/nw	v-papafv-
λαβόμενος	labo/menos	λαμβάνω	lamba/nw	v-sapmmn-
λαβών	labw/n	λαμβάνω	lamba/nw	v-sapamn-
λαγαριζόμενον	lagarizo/menon	λαγαρίζομαι	lagari/zomai	v-sppema-
λαγαριζόμενον	lagarizo/menon	λαγαρίζομαι	lagari/zomai	v-sppenn-
λαγαριζόμενον	lagarizo/menon	λαγαρίζομαι	lagari/zomai	v-sppenv-
λαγαριζόμενον	lagarizo/menon	λαγαρίζομαι	lagari/zomai	v-sppena-
λαγόνα	lago/na	λαγών	lagw/n	n-s---fa-
λαγών	lagw/n	λαγών	lagw/n	n-s---fn-
λαγών	lagw/n	λαγών	lagw/n	n-s---fv-
λαγών	lagw/n	λαγῶς	lagw=s	n-s---ma-
λαγῴοις	lagw/|ois	λαγῷος	lagw=|os	a-p---md-
λαγῴοις	lagw/|ois	λαγῷος	lagw=|os	a-p---nd-
λαθόντ’	laqo/nt'	λανθάνω	lanqa/nw	v-papann-
λαθόντ’	laqo/nt'	λανθάνω	lanqa/nw	v-papanv-
λαθόντ’	laqo/nt'	λανθάνω	lanqa/nw	v-papana-
λαθόντ’	laqo/nt'	λανθάνω	lanqa/nw	v-sapama-
λαθόντ’	laqo/nt'	λανθάνω	lanqa/nw	v-sapamd-
λαθόντ’	laqo/nt'	λανθάνω	lanqa/nw	v-sapand-
λαθόντ’	laqo/nt'	λανθάνω	lanqa/nw	v-dapamn-
λαθόντ’	laqo/nt'	λανθάνω	lanqa/nw	v-dapamv-
λαθόντ’	laqo/nt'	λανθάνω	lanqa/nw	v-dapama-
λαθόντ’	laqo/nt'	λανθάνω	lanqa/nw	v-dapann-
λαθόντ’	laqo/nt'	λανθάνω	lanqa/nw	v-dapanv-
λαθόντ’	laqo/nt'	λανθάνω	lanqa/nw	v-dapana-
λαμπάδα	lampa/da	λαμπάσ1	lampa/s1	n-s---fa-
λαμπάδα	lampa/da	λαμπάσ2	lampa/s2	n-s---fa-
λαχανόπωλις	laxano/pwlis	λαχανόπωλις	laxano/pwlis	n-s---fn-
λειψάνων	leiya/nwn	λείψανον	lei/yanon	n-p---ng-
λεκάνης	leka/nhs	λεκάνη	leka/nh	n-s---fg-
λεπάς	lepa/s	λεπάς	lepa/s	n-s---fn-
λεσβιᾶν	lesbia=n	λέσβιος	le/sbios	a-p---mg-
λεσβιᾶν	lesbia=n	λέσβιος	le/sbios	a-p---fg-
λείχειν	lei/xein	λείχω	lei/xw	v--pna---
λεῴ	lew/|	λαός	lao/s	n-s---md-
ληρεῖς	lhrei=s	ληρέω	lhre/w	v2spia---
λιβανωτόν	libanwto/n	λιβανωτός	libanwto/s	n-s---ma-
λιμένας	lime/nas	λιμήν	limh/n	n-p---ma-
λογίδιον	logi/dion	λογίδιον	logi/dion	n-s---nn-
λογίδιον	logi/dion	λογίδιον	logi/dion	n-s---nv-
λογίδιον	logi/dion	λογίδιον	logi/dion	n-s---na-
λογίζεταί	logi/zetai/	λογίζομαι	logi/zomai	v3spie---
λοιδορούμενος	loidorou/menos	λοιδορέω	loidore/w	v-sppemn-
λοιδορίας	loidori/as	λοιδορία	loidori/a	n-p---fa-
λοιδορίας	loidori/as	λοιδορία	loidori/a	n-s---fg-
λοιπόν	loipo/n	λοιπός	loipo/s	a-s---ma-
λοιπόν	loipo/n	λοιπός	loipo/s	a-s---nn-
λοιπόν	loipo/n	λοιπός	loipo/s	a-s---nv-
λοιπόν	loipo/n	λοιπός	loipo/s	a-s---na-
λοπάδι	lopa/di	λοπάς	lopa/s	n-s---fd-
λοπίδας	lopi/das	λοπίς	lopi/s	n-p---fa-
λουτροῦ	loutrou=	λουτρόν	loutro/n	n-s---ng-
λουτροῦ	loutrou=	λουτρόομαι	loutro/omai	v2spme---
λουτροῦ	loutrou=	λουτρόομαι	loutro/omai	v2siie---
λυγίσαντος	lugi/santos	λυγίζω	lugi/zw	v-sapamg-
λυγίσαντος	lugi/santos	λυγίζω	lugi/zw	v-sapang-
λυσάμενος	lusa/menos	λύω	lu/w	v-sapmmn-
λάβεσθε	la/besqe	λαμβάνω	lamba/nw	v2pamm---
λάβεσθε	la/besqe	λαμβάνω	lamba/nw	v2paim---
λάβοιμι	la/boimi	λαμβάνω	lamba/nw	v1saoa---
λάβοιμ’	la/boim'	λαμβάνω	lamba/nw	v1saoa---
λάβῃ	la/bh|	λαμβάνω	lamba/nw	v2sase---
λάβῃ	la/bh|	λαμβάνω	lamba/nw	v3sasa---
λάβῃς	la/bh|s	λαμβάνω	lamba/nw	v2sasa---
λάθοι	la/qoi	λανθάνω	lanqa/nw	v3saoa---
λάθοι	la/qoi	λανθάνω	lanqa/nw	v3spoa---
λάθρᾳ	la/qra|	λάθρῃ	la/qrh|	d--------
λάλει	la/lei	λαλέω	lale/w	v2spma---
λάλει	la/lei	λαλέω	lale/w	v3siia---
λέγε	le/ge	λέγος	le/gos	a-s---mv-
λέγε	le/ge	λέγω1	le/gw1	v2spma---
λέγε	le/ge	λέγω1	le/gw1	v3siia---
λέγε	le/ge	λέγω2	le/gw2	v2spma---
λέγε	le/ge	λέγω2	le/gw2	v3siia---
λέγε	le/ge	λέγω3	le/gw3	v2spma---
λέγε	le/ge	λέγω3	le/gw3	v3siia---
λέγει	le/gei	λέγω1	le/gw1	v2spie---
λέγει	le/gei	λέγω1	le/gw1	v3spia---
λέγει	le/gei	λέγω2	le/gw2	v2spie---
λέγει	le/gei	λέγω2	le/gw2	v3spia---
λέγει	le/gei	λέγω3	le/gw3	v2spie---
λέγει	le/gei	λέγω3	le/gw3	v3spia---
λέγειν	le/gein	λέγω1	le/gw1	v--pna---
λέγειν	le/gein	λέγω2	le/gw2	v--pna---
λέγειν	le/gein	λέγω3	le/gw3	v--pna---
λέγεις	le/geis	λέγω1	le/gw1	v2spia---
λέγεις	le/geis	λέγω2	le/gw2	v2spia---
λέγεις	le/geis	λέγω3	le/gw3	v2spia---
λέγεσθαι	le/gesqai	λέγω1	le/gw1	v--pne---
λέγεσθαι	le/gesqai	λέγω2	le/gw2	v--pne---
λέγεσθαι	le/gesqai	λέγω3	le/gw3	v--pne---
λέγεται	le/getai	λέγω1	le/gw1	v3spie---
λέγεται	le/getai	λέγω2	le/gw2	v3spie---
λέγεται	le/getai	λέγω3	le/gw3	v3spie---
λέγοις	le/gois	λέγος	le/gos	a-p---md-
λέγοις	le/gois	λέγος	le/gos	a-p---nd-
λέγοις	le/gois	λέγω1	le/gw1	v2spoa---
λέγοις	le/gois	λέγω2	le/gw2	v2spoa---
λέγοις	le/gois	λέγω3	le/gw3	v2spoa---
λέγομεν	le/gomen	λέγω1	le/gw1	v1ppia---
λέγομεν	le/gomen	λέγω1	le/gw1	v1piia---
λέγομεν	le/gomen	λέγω2	le/gw2	v1ppia---
λέγομεν	le/gomen	λέγω2	le/gw2	v1piia---
λέγομεν	le/gomen	λέγω3	le/gw3	v1ppia---
λέγομεν	le/gomen	λέγω3	le/gw3	v1piia---
λέγοντι	le/gonti	λέγω1	le/gw1	v-sppamd-
λέγοντι	le/gonti	λέγω1	le/gw1	v-sppand-
λέγοντι	le/gonti	λέγω1	le/gw1	v3ppia---
λέγοντι	le/gonti	λέγω2	le/gw2	v-sppamd-
λέγοντι	le/gonti	λέγω2	le/gw2	v-sppand-
λέγοντι	le/gonti	λέγω2	le/gw2	v3ppia---
λέγοντι	le/gonti	λέγω3	le/gw3	v-sppamd-
λέγοντι	le/gonti	λέγω3	le/gw3	v-sppand-
λέγοντι	le/gonti	λέγω3	le/gw3	v3ppia---
λέγοντος	le/gontos	λέγω1	le/gw1	v-sppamg-
λέγοντος	le/gontos	λέγω1	le/gw1	v-sppang-
λέγοντος	le/gontos	λέγω2	le/gw2	v-sppamg-
λέγοντος	le/gontos	λέγω2	le/gw2	v-sppang-
λέγοντος	le/gontos	λέγω3	le/gw3	v-sppamg-
λέγοντος	le/gontos	λέγω3	le/gw3	v-sppang-
λέγουσιν	le/gousin	λέγω1	le/gw1	v-pppamd-
λέγουσιν	le/gousin	λέγω1	le/gw1	v-pppand-
λέγουσιν	le/gousin	λέγω1	le/gw1	v3ppia---
λέγουσιν	le/gousin	λέγω2	le/gw2	v-pppamd-
λέγουσιν	le/gousin	λέγω2	le/gw2	v-pppand-
λέγουσιν	le/gousin	λέγω2	le/gw2	v3ppia---
λέγουσιν	le/gousin	λέγω3	le/gw3	v-pppamd-
λέγουσιν	le/gousin	λέγω3	le/gw3	v-pppand-
λέγουσιν	le/gousin	λέγω3	le/gw3	v3ppia---
λέγω	le/gw	λέγος	le/gos	a-d---mn-
λέγω	le/gw	λέγος	le/gos	a-d---mv-
λέγω	le/gw	λέγος	le/gos	a-d---ma-
λέγω	le/gw	λέγος	le/gos	a-d---nn-
λέγω	le/gw	λέγος	le/gos	a-d---nv-
λέγω	le/gw	λέγος	le/gos	a-d---na-
λέγω	le/gw	λέγος	le/gos	a-s---mg-
λέγω	le/gw	λέγος	le/gos	a-s---ng-
λέγω	le/gw	λέγω1	le/gw1	v1spsa---
λέγω	le/gw	λέγω1	le/gw1	v1spia---
λέγω	le/gw	λέγω2	le/gw2	v1spsa---
λέγω	le/gw	λέγω2	le/gw2	v1spia---
λέγω	le/gw	λέγω3	le/gw3	v1spsa---
λέγω	le/gw	λέγω3	le/gw3	v1spia---
λέγων	le/gwn	λέγος	le/gos	a-p---fg-
λέγων	le/gwn	λέγος	le/gos	a-p---mg-
λέγων	le/gwn	λέγος	le/gos	a-p---ng-
λέγων	le/gwn	λέγω1	le/gw1	v-sppamn-
λέγων	le/gwn	λέγω2	le/gw2	v-sppamn-
λέγων	le/gwn	λέγω3	le/gw3	v-sppamn-
λέγωσιν	le/gwsin	λέγω1	le/gw1	v3ppsa---
λέγωσιν	le/gwsin	λέγω2	le/gw2	v3ppsa---
λέγωσιν	le/gwsin	λέγω3	le/gw3	v3ppsa---
λέγῃ	le/gh|	λέγος	le/gos	a-s---fd-
λέγῃ	le/gh|	λέγω1	le/gw1	v2spse---
λέγῃ	le/gh|	λέγω1	le/gw1	v2spie---
λέγῃ	le/gh|	λέγω1	le/gw1	v3spsa---
λέγῃ	le/gh|	λέγω2	le/gw2	v2spse---
λέγῃ	le/gh|	λέγω2	le/gw2	v2spie---
λέγῃ	le/gh|	λέγω2	le/gw2	v3spsa---
λέγῃ	le/gh|	λέγω3	le/gw3	v2spse---
λέγῃ	le/gh|	λέγω3	le/gw3	v2spie---
λέγῃ	le/gh|	λέγω3	le/gw3	v3spsa---
λέγῃς	le/gh|s	λέγος	le/gos	a-p---fd-
λέγῃς	le/gh|s	λέγω1	le/gw1	v2spsa---
λέγῃς	le/gh|s	λέγω2	le/gw2	v2spsa---
λέγῃς	le/gh|s	λέγω3	le/gw3	v2spsa---
λέληθεν	le/lhqen	λανθάνω	lanqa/nw	v3sria---
λέληθεν	le/lhqen	λανθάνω	lanqa/nw	v3plia---
λέξαι	le/cai	λέγω1	le/gw1	v2samm---
λέξαι	le/cai	λέγω1	le/gw1	v--ana---
λέξαι	le/cai	λέγω1	le/gw1	v3saoa---
λέξαι	le/cai	λέγω2	le/gw2	v2samm---
λέξαι	le/cai	λέγω3	le/gw3	v2samm---
λέξαι	le/cai	λέγω3	le/gw3	v--ana---
λέξαι	le/cai	λέγω3	le/gw3	v3saoa---
λέξειν	le/cein	λέγω1	le/gw1	v--fna---
λέξειν	le/cein	λέγω2	le/gw2	v--fna---
λέξειν	le/cein	λέγω3	le/gw3	v--fna---
λέξομεν	le/comen	λέγω1	le/gw1	v1pasa---
λέξομεν	le/comen	λέγω1	le/gw1	v1pfia---
λέξομεν	le/comen	λέγω2	le/gw2	v1pfia---
λέξομεν	le/comen	λέγω3	le/gw3	v1pasa---
λέξομεν	le/comen	λέγω3	le/gw3	v1pfia---
λέξον	le/con	λέγω1	le/gw1	v2sama---
λέξον	le/con	λέγω1	le/gw1	v-sfpamv-
λέξον	le/con	λέγω1	le/gw1	v-sfpann-
λέξον	le/con	λέγω1	le/gw1	v-sfpanv-
λέξον	le/con	λέγω1	le/gw1	v-sfpana-
λέξον	le/con	λέγω2	le/gw2	v-sfpamv-
λέξον	le/con	λέγω2	le/gw2	v-sfpann-
λέξον	le/con	λέγω2	le/gw2	v-sfpanv-
λέξον	le/con	λέγω2	le/gw2	v-sfpana-
λέξον	le/con	λέγω3	le/gw3	v2sama---
λέξον	le/con	λέγω3	le/gw3	v-sfpamv-
λέξον	le/con	λέγω3	le/gw3	v-sfpann-
λέξον	le/con	λέγω3	le/gw3	v-sfpanv-
λέξον	le/con	λέγω3	le/gw3	v-sfpana-
λέξω	le/cw	λέγω1	le/gw1	v1sasa---
λέξω	le/cw	λέγω1	le/gw1	v1sfia---
λέξω	le/cw	λέγω1	le/gw1	v2saim---
λέξω	le/cw	λέγω2	le/gw2	v1sfia---
λέξω	le/cw	λέγω2	le/gw2	v2saim---
λέξω	le/cw	λέγω3	le/gw3	v1sasa---
λέξω	le/cw	λέγω3	le/gw3	v1sfia---
λέξω	le/cw	λέγω3	le/gw3	v2saim---
λέξῃ	le/ch|	λέξις	le/cis	n-s---fd-
λέξῃ	le/ch|	λέγω1	le/gw1	v2sasm---
λέξῃ	le/ch|	λέγω1	le/gw1	v3sasa---
λέξῃ	le/ch|	λέγω1	le/gw1	v2sfim---
λέξῃ	le/ch|	λέγω2	le/gw2	v2sasm---
λέξῃ	le/ch|	λέγω2	le/gw2	v2sfim---
λέξῃ	le/ch|	λέγω3	le/gw3	v2sasm---
λέξῃ	le/ch|	λέγω3	le/gw3	v3sasa---
λέξῃ	le/ch|	λέγω3	le/gw3	v2sfim---
λήψομαι	lh/yomai	λαμβάνω	lamba/nw	v1sfim---
λίαν	li/an	λίαν	li/an	d--------
λίθοις	li/qois	λίθος	li/qos	n-p---md-
λίθον	li/qon	λίθος	li/qos	n-s---ma-
λίθος	li/qos	λίθος	li/qos	n-s---mn-
λίθους	li/qous	λίθος	li/qos	n-p---ma-
λίθους	li/qous	λιθόομαι	liqo/omai	v2siia---
λίθους	li/qous	λιθόω	liqo/w	v2siia---
λίθων	li/qwn	λίθος	li/qos	n-p---mg-
λίθων	li/qwn	λιθάω	liqa/w	v3piia---
λίθων	li/qwn	λιθάω	liqa/w	v1siia---
λόγισαι	lo/gisai	λογίζομαι	logi/zomai	v2same---
λόγι’	lo/gi'	λόγιον	lo/gion	n-p---nn-
λόγι’	lo/gi'	λόγιον	lo/gion	n-p---nv-
λόγι’	lo/gi'	λόγιον	lo/gion	n-p---na-
λόγι’	lo/gi'	λόγιος	lo/gios	a-p---nn-
λόγι’	lo/gi'	λόγιος	lo/gios	a-p---nv-
λόγι’	lo/gi'	λόγιος	lo/gios	a-p---na-
λόγι’	lo/gi'	λόγιος	lo/gios	a-s---mv-
λόγι’	lo/gi'	λόγιος	lo/gios	a-p---fn-
λόγι’	lo/gi'	λόγιος	lo/gios	a-p---fv-
λόγοι	lo/goi	λόγος	lo/gos	n-p---mn-
λόγοι	lo/goi	λόγος	lo/gos	n-p---mv-
λόγοις	lo/gois	λόγος	lo/gos	n-p---md-
λόγοισι	lo/goisi	λόγος	lo/gos	n-p---md-
λόγον	lo/gon	λόγος	lo/gos	n-s---ma-
λόγους	lo/gous	λόγος	lo/gos	n-p---ma-
λόγους	lo/gous	λογόω	logo/w	v2siia---
λόγχην	lo/gxhn	λόγχη	lo/gxh	n-s---fa-
λόγων	lo/gwn	λόγος	lo/gos	n-p---mg-
λόγων	lo/gwn	λογάω	loga/w	v3piia---
λόγων	lo/gwn	λογάω	loga/w	v1siia---
λόγῳ	lo/gw|	λόγος	lo/gos	n-s---md-
λόχμη	lo/xmh	λόχμη	lo/xmh	n-s---fn-
λόχμη	lo/xmh	λόχμη	lo/xmh	n-s---fv-
λύκους	lu/kous	λύκος	lu/kos	n-p---ma-
λύκους	lu/kous	λυκόω	luko/w	v2siia---
λύχνοις	lu/xnois	λύχνον	lu/xnon	n-p---nd-
λύχνοις	lu/xnois	λύχνος	lu/xnos	n-p---md-
λύχνοις	lu/xnois	λύχνος	lu/xnos	n-p---nd-
λύχνον	lu/xnon	λύχνον	lu/xnon	n-s---nn-
λύχνον	lu/xnon	λύχνον	lu/xnon	n-s---nv-
λύχνον	lu/xnon	λύχνον	lu/xnon	n-s---na-
λύχνον	lu/xnon	λύχνος	lu/xnos	n-s---ma-
λύχνους	lu/xnous	λύχνος	lu/xnos	n-p---ma-
λύχνῳ	lu/xnw|	λύχνον	lu/xnon	n-s---nd-
λύχνῳ	lu/xnw|	λύχνος	lu/xnos	n-s---md-
μαθητέον	maqhte/on	μαθητέος	maqhte/os	n-s---ma-
μαθητέον	maqhte/on	μαθητέος	maqhte/os	n-s---nn-
μαθητέον	maqhte/on	μαθητέος	maqhte/os	n-s---nv-
μαθητέον	maqhte/on	μαθητέος	maqhte/os	n-s---na-
μαθόντα	maqo/nta	μανθάνω	manqa/nw	v-papann-
μαθόντα	maqo/nta	μανθάνω	manqa/nw	v-papanv-
μαθόντα	maqo/nta	μανθάνω	manqa/nw	v-papana-
μαθόντα	maqo/nta	μανθάνω	manqa/nw	v-sapama-
μαθών	maqw/n	μανθάνω	manqa/nw	v-sapamn-
μαιόμενος	maio/menos	μαίομαι	mai/omai	v-sppemn-
μακαριεῖν	makariei=n	μακαρίζω	makari/zw	v--fna---
μακαριστόν	makaristo/n	μακαριστός	makaristo/s	a-s---ma-
μακαριστόν	makaristo/n	μακαριστός	makaristo/s	a-s---nn-
μακαριστόν	makaristo/n	μακαριστός	makaristo/s	a-s---nv-
μακαριστόν	makaristo/n	μακαριστός	makaristo/s	a-s---na-
μακαρίζομεν	makari/zomen	μακαρίζω	makari/zw	v1ppia---
μακαρίζομεν	makari/zomen	μακαρίζω	makari/zw	v1piia---
μακαρίζω	makari/zw	μακαρίζω	makari/zw	v1spsa---
μακαρίζω	makari/zw	μακαρίζω	makari/zw	v1spia---
μακρά	makra/	μακρός	makro/s	a-p---nn-
μακρά	makra/	μακρός	makro/s	a-p---nv-
μακρά	makra/	μακρός	makro/s	a-p---na-
μακρά	makra/	μακρός	makro/s	a-d---fn-
μακρά	makra/	μακρός	makro/s	a-d---fv-
μακρά	makra/	μακρός	makro/s	a-d---fa-
μακρά	makra/	μακρός	makro/s	a-s---fn-
μακρά	makra/	μακρός	makro/s	a-s---fv-
μακράν	makra/n	μακράν	makra/n	d--------
μακράν	makra/n	μακρός	makro/s	a-s---fa-
μακρῷ	makrw=|	μακρός	makro/s	a-s---md-
μακρῷ	makrw=|	μακρός	makro/s	a-s---nd-
μακάριαι	maka/riai	μακάριος	maka/rios	a-p---fn-
μακάριαι	maka/riai	μακάριος	maka/rios	a-p---fv-
μακάριε	maka/rie	μακάριος	maka/rios	a-s---mv-
μακάριε	maka/rie	μακάριος	maka/rios	n-s---mv-
μακάριε	maka/rie	μακάριος	maka/rios	n-s---fv-
μακάρι’	maka/ri'	μακάριος	maka/rios	a-p---nn-
μακάρι’	maka/ri'	μακάριος	maka/rios	a-p---nv-
μακάρι’	maka/ri'	μακάριος	maka/rios	a-p---na-
μακάρι’	maka/ri'	μακάριος	maka/rios	n-p---nn-
μακάρι’	maka/ri'	μακάριος	maka/rios	n-p---nv-
μακάρι’	maka/ri'	μακάριος	maka/rios	n-p---na-
μακάρι’	maka/ri'	μακάριος	maka/rios	a-s---mv-
μακάρι’	maka/ri'	μακάριος	maka/rios	n-s---mv-
μακάρι’	maka/ri'	μακάριος	maka/rios	n-s---fv-
μακάρι’	maka/ri'	μακάριος	maka/rios	a-p---fn-
μακάρι’	maka/ri'	μακάριος	maka/rios	a-p---fv-
μακάρων	maka/rwn	μάκαρ	ma/kar	n-p---mg-
μακάρων	maka/rwn	μάκαρ	ma/kar	n-p---fg-
μακάρων	maka/rwn	μάκαρος	ma/karos	a-p---fg-
μακάρων	maka/rwn	μάκαρος	ma/karos	a-p---mg-
μακάρων	maka/rwn	μάκαρος	ma/karos	a-p---ng-
μαλακήν	malakh/n	μαλακός	malako/s	a-s---fa-
μαλακόν	malako/n	μαλακός	malako/s	a-s---ma-
μαλακόν	malako/n	μαλακός	malako/s	a-s---nn-
μαλακόν	malako/n	μαλακός	malako/s	a-s---nv-
μαλακόν	malako/n	μαλακός	malako/s	a-s---na-
μαλθακός	malqako/s	μαλθακός	malqako/s	a-s---mn-
μαλάττομαι	mala/ttomai	μαλάσσω	mala/ssw	v1spie---
μανθάνετ’	manqa/net'	μανθάνω	manqa/nw	v2ppma---
μανθάνετ’	manqa/net'	μανθάνω	manqa/nw	v2ppia---
μανθάνετ’	manqa/net'	μανθάνω	manqa/nw	v3spie---
μανθάνετ’	manqa/net'	μανθάνω	manqa/nw	v3siie---
μανθάνετ’	manqa/net'	μανθάνω	manqa/nw	v2piia---
μανικά	manika/	μανικός	maniko/s	a-p---nn-
μανικά	manika/	μανικός	maniko/s	a-p---nv-
μανικά	manika/	μανικός	maniko/s	a-p---na-
μανικά	manika/	μανικός	maniko/s	a-d---fn-
μανικά	manika/	μανικός	maniko/s	a-d---fv-
μανικά	manika/	μανικός	maniko/s	a-d---fa-
μανικά	manika/	μανικός	maniko/s	a-s---fn-
μανικά	manika/	μανικός	maniko/s	a-s---fv-
μαντευομένῳ	manteuome/nw|	μαντεύομαι	manteu/omai	v-sppemd-
μαντευομένῳ	manteuome/nw|	μαντεύομαι	manteu/omai	v-sppend-
μαντευομένῳ	manteuome/nw|	μαντεύω	manteu/w	v-sppemd-
μαντευομένῳ	manteuome/nw|	μαντεύω	manteu/w	v-sppend-
μαντείαν	mantei/an	μαντεία	mantei/a	n-s---fa-
μαντείαν	mantei/an	μαντεῖος	mantei=os	a-s---fa-
μαντεύματος	manteu/matos	μάντευμα	ma/nteuma	n-s---ng-
μανίας	mani/as	μανία	mani/a	n-p---fa-
μανίας	mani/as	μανία	mani/a	n-s---fg-
μανίας	mani/as	μανιάω	mania/w	v2siia---
μαρτυρίαν	marturi/an	μαρτυρία	marturi/a	n-s---fa-
μαρτυρίας	marturi/as	μαρτυρία	marturi/a	n-p---fa-
μαρτυρίας	marturi/as	μαρτυρία	marturi/a	n-s---fg-
μαρτύρομαι	martu/romai	μαρτύρομαι	martu/romai	v1spie---
μαρτύρομαι	martu/romai	μαρτύρομαι	martu/romai	v1sase---
μαρτύρων	martu/rwn	μάρτυρος	ma/rturos	n-p---mg-
μαρτύρων	martu/rwn	μάρτυς	ma/rtus	n-p---mg-
μαρτύρων	martu/rwn	μάρτυς	ma/rtus	n-p---fg-
μασώμενος	masw/menos	μασάομαι	masa/omai	v-sppmmn-
μαχεῖσθαι	maxei=sqai	μάχομαι	ma/xomai	v--fnm---
μαχεῖσθαι	maxei=sqai	μάχομαι	ma/xomai	v--pne---
μαχεῖσθαι	maxei=sqai	μαχάω	maxa/w	v--pne---
μαχεῖσθαι	maxei=sqai	συμμαχέω	summaxe/w	v--pne---
μαχούμεθα	maxou/meqa	μάχομαι	ma/xomai	v1pfim---
μαχούμεθα	maxou/meqa	μάχομαι	ma/xomai	v1ppie---
μαχούμεθα	maxou/meqa	μάχομαι	ma/xomai	v1piie---
μαχούμεθα	maxou/meqa	μαχάω	maxa/w	v1ppie---
μαχούμεθα	maxou/meqa	μαχάω	maxa/w	v1piie---
μαχούμεθα	maxou/meqa	συμμαχέω	summaxe/w	v1ppie---
μαχούμεθα	maxou/meqa	συμμαχέω	summaxe/w	v1piie---
μαχοῦμαι	maxou=mai	μάχομαι	ma/xomai	v1sfim---
μαχοῦμαι	maxou=mai	μάχομαι	ma/xomai	v1spie---
μαχοῦμαι	maxou=mai	μαχάω	maxa/w	v1spie---
μαχοῦμαι	maxou=mai	συμμαχέω	summaxe/w	v1spie---
μαχέσαιτο	maxe/saito	μάχομαι	ma/xomai	v3saom---
με	me	ἐγώ	e)gw/	p-s---ma-
με	me	ἐγώ	e)gw/	p-s---fa-
μεγαλοπρεπεῖς	megaloprepei=s	μεγαλοπρεπής	megalopreph/s	n-p---ma-
μεγαλοπρεπεῖς	megaloprepei=s	μεγαλοπρεπής	megalopreph/s	n-p---fa-
μεγαλοπρεπεῖς	megaloprepei=s	μεγαλοπρεπής	megalopreph/s	n-p---mn-
μεγαλοπρεπεῖς	megaloprepei=s	μεγαλοπρεπής	megalopreph/s	n-p---mv-
μεγαλοπρεπεῖς	megaloprepei=s	μεγαλοπρεπής	megalopreph/s	n-p---fn-
μεγαλοπρεπεῖς	megaloprepei=s	μεγαλοπρεπής	megalopreph/s	n-p---fv-
μεγαλώνυμα	megalw/numa	μεγαλώνυμος	megalw/numos	n-p---nn-
μεγαλώνυμα	megalw/numa	μεγαλώνυμος	megalw/numos	n-p---nv-
μεγαλώνυμα	megalw/numa	μεγαλώνυμος	megalw/numos	n-p---na-
μεγάλη	mega/lh	μέγας	me/gas	a-s---fn-
μεγάλη	mega/lh	μέγας	me/gas	a-s---fv-
μεγάλη	mega/lh	μέγας	me/gas	a-s---fv-
μεγάλην	mega/lhn	μέγας	me/gas	a-s---fa-
μεγάλοι	mega/loi	μέγας	me/gas	a-p---mn-
μεγάλοι	mega/loi	μέγας	me/gas	a-p---mv-
μεγάλοι	mega/loi	μέγας	me/gas	a-p---mv-
μεγίστοις	megi/stois	μέγας	me/gas	a-p---md-
μεγίστοις	megi/stois	μέγας	me/gas	a-p---nd-
μεδίμνους	medi/mnous	μέδιμνος	me/dimnos	n-p---ma-
μεθιστάς	meqista/s	μεθίστημι	meqi/sthmi	v-sppamn-
μεθιστάς	meqista/s	μεθίστημι	meqi/sthmi	v-sppamv-
μεθήσεις	meqh/seis	μεθίημι	meqi/hmi	v2sfia---
μεθήσομαι	meqh/somai	μεθίημι	meqi/hmi	v1sfim---
μεθύση	mequ/sh	μέθυσις	me/qusis	n-d---fn-
μεθύση	mequ/sh	μέθυσις	me/qusis	n-d---fv-
μεθύση	mequ/sh	μέθυσις	me/qusis	n-d---fa-
μεθύση	mequ/sh	μέθυσος	me/qusos	a-s---fn-
μεθύση	mequ/sh	μέθυσος	me/qusos	a-s---fv-
μεθύση	mequ/sh	μεθύσης	mequ/shs	n-s---mv-
μεθῆσθε	meqh=sqe	μέθημαι	me/qhmai	v2piim---
μεθῆσθε	meqh=sqe	μεθίημι	meqi/hmi	v2pasa---
μεθῆσθε	meqh=sqe	μεθίημι	meqi/hmi	v2pasa---
μειράκιόν	meira/kio/n	μειράκιον	meira/kion	n-s---nn-
μειράκιόν	meira/kio/n	μειράκιον	meira/kion	n-s---nv-
μειράκιόν	meira/kio/n	μειράκιον	meira/kion	n-s---na-
μελέα	mele/a	μέλεος	me/leos	a-d---fn-
μελέα	mele/a	μέλεος	me/leos	a-d---fv-
μελέα	mele/a	μέλεος	me/leos	a-d---fa-
μελέα	mele/a	μέλεος	me/leos	a-s---fn-
μελέα	mele/a	μέλεος	me/leos	a-s---fv-
μελίττιον	meli/ttion	μελίττιον	meli/ttion	n-s---nn-
μελίττιον	meli/ttion	μελίττιον	meli/ttion	n-s---nv-
μελίττιον	meli/ttion	μελίττιον	meli/ttion	n-s---na-
μελῶν	melw=n	μέλη	me/lh	n-p---fg-
μελῶν	melw=n	μέλος	me/los	n-p---ng-
μεμβράδας	membra/das	μεμβράς	membra/s	n-p---fa-
μεμνημένοι	memnhme/noi	μιμνήσκω	mimnh/skw	v-prpemn-
μεμνημένοι	memnhme/noi	μιμνήσκω	mimnh/skw	v-prpemv-
μενεῖς	menei=s	μένω	me/nw	v2sfia---
μενοινῶν	menoinw=n	μενοινάω	menoina/w	v-sppamv-
μενοινῶν	menoinw=n	μενοινάω	menoina/w	v-sppann-
μενοινῶν	menoinw=n	μενοινάω	menoina/w	v-sppanv-
μενοινῶν	menoinw=n	μενοινάω	menoina/w	v-sppana-
μενοινῶν	menoinw=n	μενοινάω	menoina/w	v-sppamn-
μενοινῶν	menoinw=n	μενοινάω	menoina/w	v-sppamn-
μενοινῶν	menoinw=n	μενοινή	menoinh/	n-p---fg-
μεσημβρινός	meshmbrino/s	μεσημβρινός	meshmbrino/s	a-s---mn-
μεσημβρίας	meshmbri/as	μεσήμβριος	mesh/mbrios	a-p---fa-
μεσημβρίας	meshmbri/as	μεσήμβριος	mesh/mbrios	a-s---fg-
μεσημβρίας	meshmbri/as	μεσημβρία	meshmbri/a	n-p---fa-
μεσημβρίας	meshmbri/as	μεσημβρία	meshmbri/a	n-s---fg-
μεσημβρίας	meshmbri/as	μεσημβριάω	meshmbria/w	v2spia---
μεσημβρίας	meshmbri/as	μεσημβριάω	meshmbria/w	v2siia---
μεστόν	mesto/n	μεστός	mesto/s	a-s---ma-
μεστόν	mesto/n	μεστός	mesto/s	a-s---nn-
μεστόν	mesto/n	μεστός	mesto/s	a-s---nv-
μεστόν	mesto/n	μεστός	mesto/s	a-s---na-
μεταιτεῖ	metaitei=	μεταιτέω	metaite/w	v2spie---
μεταιτεῖ	metaitei=	μεταιτέω	metaite/w	v3spia---
μεταιτεῖ	metaitei=	μεταιτέω	metaite/w	v2spie---
μεταιτεῖ	metaitei=	μεταιτέω	metaite/w	v3spia---
μεταπεσεῖται	metapesei=tai	μεταπίπτω	metapi/ptw	v3sfim---
μετεβάλοντο	meteba/lonto	μεταβάλλω	metaba/llw	v3paim---
μετά	meta/	μετά	meta/	r--------
μετέδωκεν	mete/dwken	μεταδίδωμι	metadi/dwmi	v3saia---
μετέδωκ’	mete/dwk'	μεταδίδωμι	metadi/dwmi	v1saia---
μετέδωκ’	mete/dwk'	μεταδίδωμι	metadi/dwmi	v3saia---
μετέπεμψα	mete/pemya	μεταπέμπω	metape/mpw	v1saia---
μετέστη	mete/sth	μεθίστημι	meqi/sthmi	v1slia---
μετέστη	mete/sth	μεθίστημι	meqi/sthmi	v3saia---
μείζονας	mei/zonas	μέγας	me/gas	a-p---ma-
μείζονας	mei/zonas	μέγας	me/gas	a-p---fa-
μείζονος	mei/zonos	μέγας	me/gas	a-s----g-
μεῖζον	mei=zon	μέγας	me/gas	a-s---mv-
μεῖζον	mei=zon	μέγας	me/gas	a-s---fv-
μεῖζον	mei=zon	μέγας	me/gas	a-s---nn-
μεῖζον	mei=zon	μέγας	me/gas	a-s---nv-
μεῖζον	mei=zon	μέγας	me/gas	a-s---na-
μηδαμῶς	mhdamw=s	μηδαμός	mhdamo/s	x--------
μηδαμῶς	mhdamw=s	μηδαμῶς	mhdamw=s	d--------
μηδενί	mhdeni/	μηδείς	mhdei/s	n-s----d-
μηδενός	mhdeno/s	μηδείς	mhdei/s	n-s----g-
μηδέ	mhde/	μηδέ	mhde/	g--------
μηδέν	mhde/n	μηδείς	mhdei/s	n-s---nn-
μηδέν	mhde/n	μηδείς	mhdei/s	n-s---nv-
μηδέν	mhde/n	μηδείς	mhdei/s	n-s---na-
μηδένα	mhde/na	μηδείς	mhdei/s	n-s---ma-
μηδένα	mhde/na	μηδείς	mhdei/s	n-s---fa-
μηδένα	mhde/na	μηδείς	mhdei/s	n-p---nn-
μηδένα	mhde/na	μηδείς	mhdei/s	n-p---nv-
μηδένα	mhde/na	μηδείς	mhdei/s	n-p---na-
μηδέποτε	mhde/pote	μηδέποτε	mhde/pote	d--------
μηκέτι	mhke/ti	μηκέτι	mhke/ti	d--------
μητέρα	mhte/ra	μήτηρ	mh/thr	n-s---fa-
μηχανήν	mhxanh/n	μηχανή	mhxanh/	n-s---fa-
μηχανώμεθα	mhxanw/meqa	μηχανάομαι	mhxana/omai	v1ppse---
μηχανώμεθα	mhxanw/meqa	μηχανάομαι	mhxana/omai	v1ppie---
μηχανώμεθα	mhxanw/meqa	μηχανάομαι	mhxana/omai	v1ppse---
μηχανώμεθα	mhxanw/meqa	μηχανάομαι	mhxana/omai	v1piie---
μηχανᾶται	mhxana=tai	μηχανάομαι	mhxana/omai	v3spse---
μηχανᾶται	mhxana=tai	μηχανάομαι	mhxana/omai	v3spie---
μιαρά	miara/	μιαρός	miaro/s	a-p---nn-
μιαρά	miara/	μιαρός	miaro/s	a-p---nv-
μιαρά	miara/	μιαρός	miaro/s	a-p---na-
μιαρά	miara/	μιαρός	miaro/s	a-d---fn-
μιαρά	miara/	μιαρός	miaro/s	a-d---fv-
μιαρά	miara/	μιαρός	miaro/s	a-d---fa-
μιαρά	miara/	μιαρός	miaro/s	a-s---fn-
μιαρά	miara/	μιαρός	miaro/s	a-s---fv-
μιαρός	miaro/s	μιαρός	miaro/s	a-s---mn-
μιαρώτατε	miarw/tate	μιαρός	miaro/s	a-s---mvs
μιαρώτατοι	miarw/tatoi	μιαρός	miaro/s	a-p---mns
μιαρώτατοι	miarw/tatoi	μιαρός	miaro/s	a-p---mvs
μιαρώτατος	miarw/tatos	μιαρός	miaro/s	a-s---mns
μικρόν	mikro/n	μικρός	mikro/s	a-s---ma-
μικρόν	mikro/n	μικρός	mikro/s	a-s---nn-
μικρόν	mikro/n	μικρός	mikro/s	a-s---nv-
μικρόν	mikro/n	μικρός	mikro/s	a-s---na-
μικρόν	mikro/n	σμικρός	smikro/s	a-s---ma-
μικρόν	mikro/n	σμικρός	smikro/s	a-s---nn-
μικρόν	mikro/n	σμικρός	smikro/s	a-s---nv-
μικρόν	mikro/n	σμικρός	smikro/s	a-s---na-
μιμησάμενος	mimhsa/menos	μιμέομαι	mime/omai	v-sapemn-
μινυρίζοντες	minuri/zontes	μινυρίζω	minuri/zw	v-pppamn-
μινυρίζοντες	minuri/zontes	μινυρίζω	minuri/zw	v-pppamv-
μισθαρίου	misqari/ou	μισθάριον	misqa/rion	n-s---ng-
μισθοφοροῦντας	misqoforou=ntas	μισθοφορέω	misqofore/w	v-pppama-
μισθόν	misqo/n	μισθός	misqo/s	n-s---ma-
μισθός	misqo/s	μισθός	misqo/s	n-s---mn-
μισθώσομαι	misqw/somai	μισθόω	misqo/w	v1sasm---
μισθώσομαι	misqw/somai	μισθόω	misqo/w	v1sfim---
μισολάκων	misola/kwn	μισολάκων	misola/kwn	n-s---mn-
μισολάκων	misola/kwn	μισολάκων	misola/kwn	n-s---mv-
μισόδημε	miso/dhme	μισόδημος	miso/dhmos	n-s---mv-
μισόδημε	miso/dhme	μισόδημος	miso/dhmos	n-s---fv-
μισόπολιν	miso/polin	μισόπολις	miso/polis	n-s---ma-
μισόπολιν	miso/polin	μισόπολις	miso/polis	n-s---fa-
μισῶν	misw=n	μῖσος	mi=sos	n-p---ng-
μισῶν	misw=n	μισέω	mise/w	v-sppamn-
μνημόσυνα	mnhmo/suna	μνημόσυνον	mnhmo/sunon	n-p---nn-
μνημόσυνα	mnhmo/suna	μνημόσυνον	mnhmo/sunon	n-p---nv-
μνημόσυνα	mnhmo/suna	μνημόσυνον	mnhmo/sunon	n-p---na-
μνημόσυνόν	mnhmo/suno/n	μνημόσυνον	mnhmo/sunon	n-s---nn-
μνημόσυνόν	mnhmo/suno/n	μνημόσυνον	mnhmo/sunon	n-s---nv-
μνημόσυνόν	mnhmo/suno/n	μνημόσυνον	mnhmo/sunon	n-s---na-
μοι	moi	ἐγώ	e)gw/	p-s---md-
μοι	moi	ἐγώ	e)gw/	p-s---fd-
μοναρχίας	monarxi/as	μοναρχία	monarxi/a	n-p---fa-
μοναρχίας	monarxi/as	μοναρχία	monarxi/a	n-s---fg-
μου	mou	ἐγώ	e)gw/	p-s---mg-
μου	mou	ἐγώ	e)gw/	p-s---fg-
μουσικός	mousiko/s	μουσικός	mousiko/s	a-s---mn-
μοχλοῖσιν	moxloi=sin	μοχλέω	moxle/w	v-pppamd-
μοχλοῖσιν	moxloi=sin	μοχλέω	moxle/w	v-pppand-
μοχλοῖσιν	moxloi=sin	μοχλός	moxlo/s	n-p---md-
μοχλοῖσιν	moxloi=sin	μοχλόω	moxlo/w	v-pppamd-
μοχλοῖσιν	moxloi=sin	μοχλόω	moxlo/w	v-pppand-
μοχλοῖσιν	moxloi=sin	μοχλόω	moxlo/w	v3spsa---
μοχλοῖσιν	moxloi=sin	μοχλόω	moxlo/w	v3ppia---
μοχλοῦ	moxlou=	μοχλέω	moxle/w	v2spme---
μοχλοῦ	moxlou=	μοχλός	moxlo/s	n-s---mg-
μοχλοῦ	moxlou=	μοχλόω	moxlo/w	v2spme---
μοχλοῦ	moxlou=	μοχλόω	moxlo/w	v2siie---
μοχλόν	moxlo/n	μοχλός	moxlo/s	n-s---ma-
μοὐδόκει	mou)do/kei	δοκέω	doke/w	v3siia---
μοὔχρησεν	mou)/xrhsen	χράω2	xra/w2	v3saia---
μυκτήρ	mukth/r	μυκτήρ	mukth/r	n-s---mn-
μυκᾶται	muka=tai	μυκάομαι	muka/omai	v3spse---
μυκᾶται	muka=tai	μυκάομαι	muka/omai	v3spie---
μυριάδες	muria/des	μυριάς	muria/s	n-p---fn-
μυριάδες	muria/des	μυριάς	muria/s	n-p---fv-
μυριάδ’	muria/d'	μυριάς	muria/s	n-s---fa-
μυριάδ’	muria/d'	μυριάς	muria/s	n-s---fd-
μυριάδ’	muria/d'	μυριάς	muria/s	n-d---fn-
μυριάδ’	muria/d'	μυριάς	muria/s	n-d---fv-
μυριάδ’	muria/d'	μυριάς	muria/s	n-d---fa-
μυρρίνας	murri/nas	μυρρινάω	murrina/w	v2siia---
μυρρίνας	murri/nas	μυρσίνη	mursi/nh	n-p---fa-
μυρρίνας	murri/nas	μυρσίνη	mursi/nh	n-s---fg-
μυσπολεῖ	muspolei=	μυσπολέω	muspole/w	v2spie---
μυσπολεῖ	muspolei=	μυσπολέω	muspole/w	v3spia---
μυστηρίων	musthri/wn	μυστήριον	musth/rion	n-p---ng-
μυττωτεύσομεν	muttwteu/somen	μυττωτεύω	muttwteu/w	v1pasa---
μυττωτεύσομεν	muttwteu/somen	μυττωτεύω	muttwteu/w	v1pfia---
μυίας	mui/as	μυῖα	mui=a	n-p---fa-
μυίας	mui/as	μυῖα	mui=a	n-s---fg-
μά	ma/	μά	ma/	g--------
μά	ma/	μής	mh/s	n-d---mn-
μά	ma/	μής	mh/s	n-d---mv-
μά	ma/	μής	mh/s	n-d---ma-
μά	ma/	μής	mh/s	n-s---mv-
μά	ma/	μής	mh/s	n-s---mn-
μάθῃς	ma/qh|s	μάθη	ma/qh	n-p---fd-
μάθῃς	ma/qh|s	μανθάνω	manqa/nw	v2sasa---
μάλα	ma/la	μάλα	ma/la	d--------
μάλα	ma/la	μάλη	ma/lh	n-d---fn-
μάλα	ma/la	μάλη	ma/lh	n-d---fv-
μάλα	ma/la	μάλη	ma/lh	n-d---fa-
μάλα	ma/la	μάλη	ma/lh	n-s---fn-
μάλα	ma/la	μάλη	ma/lh	n-s---fv-
μάλιστα	ma/lista	μάλιστα	ma/lista	d--------
μάλιστά	ma/lista/	μάλιστα	ma/lista	d--------
μάλιστ’	ma/list'	μάλιστα	ma/lista	d--------
μάξῃ	ma/ch|	μάσσω	ma/ssw	v2sasm---
μάξῃ	ma/ch|	μάσσω	ma/ssw	v3sasa---
μάξῃ	ma/ch|	μάσσω	ma/ssw	v2sfim---
μάρτυρας	ma/rturas	μάρτυς	ma/rtus	n-p---ma-
μάρτυρας	ma/rturas	μάρτυς	ma/rtus	n-p---fa-
μάταιε	ma/taie	μάταιος	ma/taios	a-s---mv-
μάταιε	ma/taie	μάταιος	ma/taios	n-s---mv-
μάταιε	ma/taie	μάταιος	ma/taios	n-s---fv-
μάχαις	ma/xais	μάχη	ma/xh	n-p---fd-
μάχαισιν	ma/xaisin	μάχη	ma/xh	n-p---fd-
μάχεσθαι	ma/xesqai	μάχομαι	ma/xomai	v--pne---
μάχης	ma/xhs	μάχη	ma/xh	n-s---fg-
μάχης	ma/xhs	μαχάω	maxa/w	v2spia---
μάχης	ma/xhs	μαχάω	maxa/w	v2siia---
μέ	me/	ἐγώ	e)gw/	p-s---ma-
μέ	me/	ἐγώ	e)gw/	p-s---fa-
μέγα	me/ga	μέγας	me/gas	n-s---nn-
μέγα	me/ga	μέγας	me/gas	n-s---nv-
μέγα	me/ga	μέγας	me/gas	n-s---na-
μέγαν	me/gan	μέγας	me/gas	n-s---ma-
μέγας	me/gas	μέγας	me/gas	n-s---mn-
μέλαν	me/lan	μέλας	me/las	a-s---mv-
μέλαν	me/lan	μέλας	me/las	a-s---nn-
μέλαν	me/lan	μέλας	me/las	a-s---nv-
μέλαν	me/lan	μέλας	me/las	a-s---na-
μέλαν	me/lan	μέλη	me/lh	n-s---fa-
μέλε	me/le	μέλε	me/le	n-s---mv-
μέλε	me/le	μέλω	me/lw	v2spma---
μέλε	me/le	μέλω	me/lw	v3siia---
μέλει	me/lei	μέλος	me/los	n-d---nn-
μέλει	me/lei	μέλος	me/los	n-d---nv-
μέλει	me/lei	μέλος	me/los	n-d---na-
μέλει	me/lei	μέλος	me/los	n-s---nd-
μέλει	me/lei	μέλος	me/los	n-s---nd-
μέλει	me/lei	μέλω	me/lw	v2spie---
μέλει	me/lei	μέλω	me/lw	v3spia---
μέλη	me/lh	μέλη	me/lh	n-s---fn-
μέλη	me/lh	μέλη	me/lh	n-s---fv-
μέλη	me/lh	μέλος	me/los	n-p---nn-
μέλη	me/lh	μέλος	me/los	n-p---nv-
μέλη	me/lh	μέλος	me/los	n-p---na-
μέλη	me/lh	μέλος	me/los	n-d---nn-
μέλη	me/lh	μέλος	me/los	n-d---nv-
μέλη	me/lh	μέλος	me/los	n-d---na-
μέλι	me/li	μέλι	me/li	n-s---nn-
μέλι	me/li	μέλι	me/li	n-s---nv-
μέλι	me/li	μέλι	me/li	n-s---na-
μέλιτος	me/litos	μέλι	me/li	n-s---ng-
μέλιττ’	me/litt'	μέλι	me/li	n-p---nd-
μέλιττ’	me/litt'	μέλισσα	me/lissa	n-s---fn-
μέλιττ’	me/litt'	μέλισσα	me/lissa	n-s---fv-
μέλιττ’	me/litt'	μέλισσα	me/lissa	n-p---fn-
μέλιττ’	me/litt'	μέλισσα	me/lissa	n-p---fv-
μέλιττ’	me/litt'	μέλιττα	me/litta	n-s---fn-
μέλιττ’	me/litt'	μέλιττα	me/litta	n-s---fv-
μέλιττ’	me/litt'	μέλιττα	me/litta	n-p---fn-
μέλιττ’	me/litt'	μέλιττα	me/litta	n-p---fv-
μέλιττ’	me/litt'	μελίσσω	meli/ssw	v2spma---
μέλιττ’	me/litt'	μελίσσω	meli/ssw	v3siia---
μέλιττ’	me/litt'	μελίζω	meli/zw	v1saia---
μέλιττ’	me/litt'	μελίζω	meli/zw	v3saia---
μέλλεις	me/lleis	μέλλω	me/llw	v2spia---
μέλλομεν	me/llomen	μέλλω	me/llw	v1ppia---
μέλλομεν	me/llomen	μέλλω	me/llw	v1piia---
μέλλοντ’	me/llont'	μέλλω	me/llw	v-pppann-
μέλλοντ’	me/llont'	μέλλω	me/llw	v-pppanv-
μέλλοντ’	me/llont'	μέλλω	me/llw	v-pppana-
μέλλοντ’	me/llont'	μέλλω	me/llw	v-sppama-
μέλλοντ’	me/llont'	μέλλω	me/llw	v-sppamd-
μέλλοντ’	me/llont'	μέλλω	me/llw	v-sppand-
μέλλοντ’	me/llont'	μέλλω	me/llw	v3ppia---
μέλλοντ’	me/llont'	μέλλω	me/llw	v-dppamn-
μέλλοντ’	me/llont'	μέλλω	me/llw	v-dppamv-
μέλλοντ’	me/llont'	μέλλω	me/llw	v-dppama-
μέλλοντ’	me/llont'	μέλλω	me/llw	v-dppann-
μέλλοντ’	me/llont'	μέλλω	me/llw	v-dppanv-
μέλλοντ’	me/llont'	μέλλω	me/llw	v-dppana-
μέλλοντ’	me/llont'	μέλλω	me/llw	v3ppie---
μέλλοντ’	me/llont'	μέλλω	me/llw	v3piie---
μέλλουσαν	me/llousan	μέλλω	me/llw	v-sppafa-
μέλλουσιν	me/llousin	μέλλω	me/llw	v-pppamd-
μέλλουσιν	me/llousin	μέλλω	me/llw	v-pppand-
μέλλουσιν	me/llousin	μέλλω	me/llw	v3ppia---
μέλλων	me/llwn	μέλλω	me/llw	v-sppamn-
μέλον	me/lon	μέλω	me/lw	v-sppamv-
μέλον	me/lon	μέλω	me/lw	v-sppann-
μέλον	me/lon	μέλω	me/lw	v-sppanv-
μέλον	me/lon	μέλω	me/lw	v-sppana-
μέλον	me/lon	μέλω	me/lw	v3piia---
μέλον	me/lon	μέλω	me/lw	v1siia---
μέλους	me/lous	μέλος	me/los	n-s---ng-
μέμνησαι	me/mnhsai	μιμνήσκω	mimnh/skw	v2srie---
μέμνησ’	me/mnhs'	μιμνήσκω	mimnh/skw	v2srme---
μέμνησ’	me/mnhs'	μιμνήσκω	mimnh/skw	v2srie---
μέμνησ’	me/mnhs'	μιμνήσκω	mimnh/skw	v2slie---
μέμψασθαι	me/myasqai	μέμφομαι	me/mfomai	v--anm---
μέν	me/n	μέν	me/n	g--------
μένει	me/nei	μένος	me/nos	n-d---nn-
μένει	me/nei	μένος	me/nos	n-d---nv-
μένει	me/nei	μένος	me/nos	n-d---na-
μένει	me/nei	μένος	me/nos	n-s---nd-
μένει	me/nei	μένος	me/nos	n-s---nd-
μένει	me/nei	μένω	me/nw	v2spie---
μένει	me/nei	μένω	me/nw	v3spia---
μένοντες	me/nontes	μένω	me/nw	v-pppamn-
μένοντες	me/nontes	μένω	me/nw	v-pppamv-
μένους	me/nous	μένος	me/nos	n-s---ng-
μέντοι	me/ntoi	μέντοι	me/ntoi	g--------
μένων	me/nwn	μένω	me/nw	v-sppamn-
μέρει	me/rei	μέρος	me/ros	n-d---nn-
μέρει	me/rei	μέρος	me/ros	n-d---nv-
μέρει	me/rei	μέρος	me/ros	n-d---na-
μέρει	me/rei	μέρος	me/ros	n-s---nd-
μέρει	me/rei	μέρος	me/ros	n-s---nd-
μέρος	me/ros	μέρος	me/ros	n-s---nn-
μέρος	me/ros	μέρος	me/ros	n-s---nv-
μέρος	me/ros	μέρος	me/ros	n-s---na-
μέσον	me/son	μέσος	me/sos	a-s---ma-
μέσον	me/son	μέσος	me/sos	a-s---nn-
μέσον	me/son	μέσος	me/sos	a-s---nv-
μέσον	me/son	μέσος	me/sos	a-s---na-
μέσων	me/swn	μέσος	me/sos	a-p---fg-
μέσων	me/swn	μέσος	me/sos	a-p---mg-
μέσων	me/swn	μέσος	me/sos	a-p---ng-
μέσων	me/swn	μεσόω	meso/w	v3piia---
μέσων	me/swn	μεσόω	meso/w	v1siia---
μέσῳ	me/sw|	μέσος	me/sos	a-s---md-
μέσῳ	me/sw|	μέσος	me/sos	a-s---nd-
μέταλλ’	me/tall'	μέταλλον	me/tallon	n-p---nn-
μέταλλ’	me/tall'	μέταλλον	me/tallon	n-p---nv-
μέταλλ’	me/tall'	μέταλλον	me/tallon	n-p---na-
μέτωπον	me/twpon	μέτωπον	me/twpon	n-s---nn-
μέτωπον	me/twpon	μέτωπον	me/twpon	n-s---nv-
μέτωπον	me/twpon	μέτωπον	me/twpon	n-s---na-
μέχρι	me/xri	μέχρι	me/xri	d--------
μέχρι	me/xri	μέχρι	me/xri	c--------
μέχρι	me/xri	μέχρι	me/xri	r--------
μή	mh/	μή	mh/	c--------
μήλου	mh/lou	μῆλον1	mh=lon1	n-s---ng-
μήλου	mh/lou	μῆλον2	mh=lon2	n-s---ng-
μήλων	mh/lwn	μῆλον1	mh=lon1	n-p---ng-
μήλων	mh/lwn	μῆλον2	mh=lon2	n-p---ng-
μήν	mh/n	μείς	mei/s	n-s---mn-
μήν	mh/n	μείς	mei/s	n-s---mv-
μήν	mh/n	μήν	mh/n	g--------
μήν	mh/n	μής	mh/s	n-s---ma-
μήτε	mh/te	μήτε	mh/te	g--------
μία	mi/a	εἷς	ei(=s	n-s---fn-
μία	mi/a	εἷς	ei(=s	n-s---fv-
μία	mi/a	εἷς	ei(=s	a-s---fn-
μία	mi/a	εἷς	ei(=s	a-s---fv-
μίαν	mi/an	εἷς	ei(=s	a-s---fa-
μόλις	mo/lis	μόλις	mo/lis	d--------
μόνην	mo/nhn	μόνος	mo/nos	a-s---fa-
μόνοι	mo/noi	μόνος	mo/nos	a-p---mn-
μόνοι	mo/noi	μόνος	mo/nos	a-p---mv-
μόνοις	mo/nois	μόνος	mo/nos	a-p---md-
μόνοις	mo/nois	μόνος	mo/nos	a-p---nd-
μόνον	mo/non	μόνος	mo/nos	a-s---ma-
μόνον	mo/non	μόνος	mo/nos	a-s---nn-
μόνον	mo/non	μόνος	mo/nos	a-s---nv-
μόνον	mo/non	μόνος	mo/nos	a-s---na-
μόνος	mo/nos	μόνος	mo/nos	a-s---mn-
μόνου	mo/nou	μόνος	mo/nos	a-s---mg-
μόνου	mo/nou	μόνος	mo/nos	a-s---ng-
μόνου	mo/nou	μονόω	mono/w	v2spma---
μόνου	mo/nou	μονόω	mono/w	v3siia---
μύθους	mu/qous	μῦθος	mu=qos	n-p---ma-
μύκητες	mu/khtes	μύκης	mu/khs	n-p---mn-
μύκητες	mu/khtes	μύκης	mu/khs	n-p---mv-
μύλην	mu/lhn	μύλη	mu/lh	n-s---fa-
μύσας	mu/sas	μύω	mu/w	v-sapamn-
μύσας	mu/sas	μύω	mu/w	v-sapamv-
μύσας	mu/sas	μύω	mu/w	v2saia---
μύσας	mu/sas	μύζω	mu/zw	v-sapamn-
μύσας	mu/sas	μύζω	mu/zw	v-sapamv-
μύσας	mu/sas	μύζω	mu/zw	v2saia---
μᾶζαν	ma=zan	μᾶζα	ma=za	n-s---fa-
μᾶλλον	ma=llon	μᾶλλον	ma=llon	d--------
μῆτερ	mh=ter	μήτηρ	mh/thr	n-s---fv-
μῦθον	mu=qon	μῦθος	mu=qos	n-s---ma-
μῦς	mu=s	μῦς	mu=s	n-s---mn-
μῦς	mu=s	μῦς	mu=s	n-s---fn-
μῦς	mu=s	μῦς	mu=s	n-p---ma-
μῦς	mu=s	μῦς	mu=s	n-p---mn-
μῦς	mu=s	μῦς	mu=s	n-p---mv-
μῦς	mu=s	μῦς	mu=s	n-p---mv-
μῶν	mw=n	μής	mh/s	n-p---mg-
μῶν	mw=n	μῶμαι	mw=mai	v3piia---
μῶν	mw=n	μῶμαι	mw=mai	v1siia---
μῶν	mw=n	μῶν	mw=n	d--------
ναυμαχεῖν	naumaxei=n	ναυμαχέω	naumaxe/w	v--pna---
ναί	nai/	ναί	nai/	d--------
ναί	nai/	ναῦς	nau=s	n-s---fd-
ναί	nai/	ναῦς	nau=s	n-s---fd-
νεανικήν	neanikh/n	νεανικός	neaniko/s	a-s---fa-
νεανικώτατον	neanikw/taton	νεανικός	neaniko/s	a-s---mas
νεανικώτατον	neanikw/taton	νεανικός	neaniko/s	a-s---nns
νεανικώτατον	neanikw/taton	νεανικός	neaniko/s	a-s---nvs
νεανικώτατον	neanikw/taton	νεανικός	neaniko/s	a-s---nas
νεανικῶς	neanikw=s	νεανικός	neaniko/s	x--------
νεανιῶν	neaniw=n	νεανίης	neani/hs	n-p---mg-
νεανιῶν	neaniw=n	νεανίζω	neani/zw	v-sfpamn-
νεανίαν	neani/an	νεανίης	neani/hs	n-s---ma-
νεανίαν	neani/an	νεανίης	neani/hs	n-s---ma-
νεανίας	neani/as	νεανίης	neani/hs	n-p---ma-
νεανίας	neani/as	νεανίης	neani/hs	n-s---mn-
νεανίᾳ	neani/a|	νεανίης	neani/hs	n-p---mn-
νεανίᾳ	neani/a|	νεανίης	neani/hs	n-p---mv-
νεανίᾳ	neani/a|	νεανίης	neani/hs	n-s---md-
νενουθέτηκεν	nenouqe/thken	νουθετέω	nouqete/w	v3sria---
νενουθέτηκεν	nenouqe/thken	νουθετέω	nouqete/w	v3plia---
νενόμισται	neno/mistai	νομίζω	nomi/zw	v3srie---
νεοπλούτῳ	neoplou/tw|	νεόπλουτος	neo/ploutos	n-s---md-
νεοπλούτῳ	neoplou/tw|	νεόπλουτος	neo/ploutos	n-s---fd-
νεοπλούτῳ	neoplou/tw|	νεόπλουτος	neo/ploutos	n-s---nd-
νεωτέρων	newte/rwn	νέος	ne/os	a-p---fg-
νεωτέρων	newte/rwn	νέος	ne/os	a-p---mg-
νεωτέρων	newte/rwn	νέος	ne/os	a-p---ng-
νεωτέρων	newte/rwn	νέος	ne/os	n-p---fg-
νεωτέρων	newte/rwn	νέος	ne/os	n-p---mg-
νεωτέρων	newte/rwn	νέος	ne/os	n-p---ng-
νεωτέρων	newte/rwn	νεώτερος	new/teros	a-p---fg-
νεωτέρων	newte/rwn	νεώτερος	new/teros	a-p---mg-
νεωτέρων	newte/rwn	νεώτερος	new/teros	a-p---ng-
νείκους	nei/kous	νει	nei	n-s---ng-
νείκους	nei/kous	νεῖκος	nei=kos	n-s---ng-
νείφῃ	nei/fh|	νίφω	ni/fw	v2spse---
νείφῃ	nei/fh|	νίφω	ni/fw	v2spie---
νείφῃ	nei/fh|	νίφω	ni/fw	v3spsa---
νεόκοπτον	neo/kopton	νεόκοπτος	neo/koptos	n-s---ma-
νεόκοπτον	neo/kopton	νεόκοπτος	neo/koptos	n-s---fa-
νεόκοπτον	neo/kopton	νεόκοπτος	neo/koptos	n-s---nn-
νεόκοπτον	neo/kopton	νεόκοπτος	neo/koptos	n-s---nv-
νεόκοπτον	neo/kopton	νεόκοπτος	neo/koptos	n-s---na-
νεότητος	neo/thtos	νεότης	neo/ths	n-s---fg-
νεύοντες	neu/ontes	νεύω	neu/w	v-pppamn-
νεύοντες	neu/ontes	νεύω	neu/w	v-pppamv-
νεώτεροι	new/teroi	νέος	ne/os	a-p---mn-
νεώτεροι	new/teroi	νέος	ne/os	a-p---mv-
νεώτεροι	new/teroi	νέος	ne/os	n-p---mn-
νεώτεροι	new/teroi	νέος	ne/os	n-p---mv-
νεώτεροι	new/teroi	νεώτερος	new/teros	a-p---mn-
νεώτεροι	new/teroi	νεώτερος	new/teros	a-p---mv-
νεώτερον	new/teron	νέος	ne/os	x--------
νεώτερον	new/teron	νέος	ne/os	a-s---ma-
νεώτερον	new/teron	νέος	ne/os	a-s---nn-
νεώτερον	new/teron	νέος	ne/os	a-s---nv-
νεώτερον	new/teron	νέος	ne/os	a-s---na-
νεώτερον	new/teron	νέος	ne/os	n-s---ma-
νεώτερον	new/teron	νέος	ne/os	n-s---nn-
νεώτερον	new/teron	νέος	ne/os	n-s---nv-
νεώτερον	new/teron	νέος	ne/os	n-s---na-
νεώτερον	new/teron	νέος	ne/os	x--------
νεώτερον	new/teron	νεώτερος	new/teros	a-s---ma-
νεώτερον	new/teron	νεώτερος	new/teros	a-s---nn-
νεώτερον	new/teron	νεώτερος	new/teros	a-s---nv-
νεώτερον	new/teron	νεώτερος	new/teros	a-s---na-
νεῶν	new=n	ναός	nao/s	n-p---mg-
νεῶν	new=n	ναῦς	nau=s	n-p---fg-
νεῶν	new=n	νέα	ne/a	n-p---fg-
νεῶν	new=n	νεάω	nea/w	v-sppamv-
νεῶν	new=n	νεάω	nea/w	v-sppann-
νεῶν	new=n	νεάω	nea/w	v-sppanv-
νεῶν	new=n	νεάω	nea/w	v-sppana-
νεῶν	new=n	νεάω	nea/w	v-sppamn-
νεῶν	new=n	νεάω	nea/w	v-sppamn-
νεῶν	new=n	νεάζω	nea/zw	v-sfpamv-
νεῶν	new=n	νεάζω	nea/zw	v-sfpann-
νεῶν	new=n	νεάζω	nea/zw	v-sfpanv-
νεῶν	new=n	νεάζω	nea/zw	v-sfpana-
νεῶν	new=n	νεάζω	nea/zw	v-sfpamn-
νεῶν	new=n	νεόω	neo/w	v-sppamv-
νεῶν	new=n	νεόω	neo/w	v-sppann-
νεῶν	new=n	νεόω	neo/w	v-sppanv-
νεῶν	new=n	νεόω	neo/w	v-sppana-
νεῶν	new=n	νεόω	neo/w	v-sppamn-
νεῶν	new=n	νεόω	neo/w	v--pna---
νεῶν	new=n	νεώς	new/s	n-p---mg-
νικᾶν	nika=n	νίκη	ni/kh	n-p---fg-
νικᾶν	nika=n	νικάω	nika/w	v-sppamv-
νικᾶν	nika=n	νικάω	nika/w	v-sppann-
νικᾶν	nika=n	νικάω	nika/w	v-sppanv-
νικᾶν	nika=n	νικάω	nika/w	v-sppana-
νικᾶν	nika=n	νικάω	nika/w	v-sppamn-
νικᾶν	nika=n	νικάω	nika/w	v--pna---
νικᾶν	nika=n	νικάω	nika/w	v--pna---
νικᾷ	nika=|	νικάω	nika/w	v2spse---
νικᾷ	nika=|	νικάω	nika/w	v2spie---
νικᾷ	nika=|	νικάω	nika/w	v3spsa---
νικᾷ	nika=|	νικάω	nika/w	v3spia---
νομίζεις	nomi/zeis	νομίζω	nomi/zw	v2spia---
νομίζουσ’	nomi/zous'	νομίζω	nomi/zw	v-sppafn-
νομίζουσ’	nomi/zous'	νομίζω	nomi/zw	v-sppafv-
νομίζουσ’	nomi/zous'	νομίζω	nomi/zw	v-pppamd-
νομίζουσ’	nomi/zous'	νομίζω	nomi/zw	v-pppand-
νομίζουσ’	nomi/zous'	νομίζω	nomi/zw	v3ppia---
νομίζουσ’	nomi/zous'	νομίζω	nomi/zw	v-pppafn-
νομίζουσ’	nomi/zous'	νομίζω	nomi/zw	v-pppafv-
νομίζω	nomi/zw	νομίζω	nomi/zw	v1spsa---
νομίζω	nomi/zw	νομίζω	nomi/zw	v1spia---
νομίσας	nomi/sas	νομίζω	nomi/zw	v-sapamn-
νομίσας	nomi/sas	νομίζω	nomi/zw	v-sapamv-
νοσεῖ	nosei=	νοσέω	nose/w	v2spie---
νοσεῖ	nosei=	νοσέω	nose/w	v3spia---
νουβυστικῶς	noubustikw=s	νουβυστικός	noubustiko/s	x--------
νουθετούμενος	nouqetou/menos	νουθετέω	nouqete/w	v-sppemn-
νουθετήσεθ’	nouqeth/seq'	νουθετέω	nouqete/w	v2pasa---
νουθετήσεθ’	nouqeth/seq'	νουθετέω	nouqete/w	v2pfia---
νουθετήσεθ’	nouqeth/seq'	νουθετέω	nouqete/w	v3sasm---
νουθετήσεθ’	nouqeth/seq'	νουθετέω	nouqete/w	v3sfim---
νουμηνίᾳ	noumhni/a|	νουμηνία	noumhni/a	n-p---fn-
νουμηνίᾳ	noumhni/a|	νουμηνία	noumhni/a	n-p---fv-
νουμηνίᾳ	noumhni/a|	νουμηνία	noumhni/a	n-s---fd-
νοήματα	noh/mata	νόημα	no/hma	n-p---nn-
νοήματα	noh/mata	νόημα	no/hma	n-p---nv-
νοήματα	noh/mata	νόημα	no/hma	n-p---na-
νοῦν	nou=n	νέω	ne/w	v-sppamv-
νοῦν	nou=n	νέω	ne/w	v-sppann-
νοῦν	nou=n	νέω	ne/w	v-sppanv-
νοῦν	nou=n	νέω	ne/w	v-sppana-
νοῦν	nou=n	νέω	ne/w	v3piia---
νοῦν	nou=n	νέω	ne/w	v1siia---
νοῦν	nou=n	νέω1	ne/w1	v-sppamv-
νοῦν	nou=n	νέω1	ne/w1	v-sppann-
νοῦν	nou=n	νέω1	ne/w1	v-sppanv-
νοῦν	nou=n	νέω1	ne/w1	v-sppana-
νοῦν	nou=n	νέω1	ne/w1	v3piia---
νοῦν	nou=n	νέω1	ne/w1	v1siia---
νοῦν	nou=n	νέω2	ne/w2	v-sppamv-
νοῦν	nou=n	νέω2	ne/w2	v-sppann-
νοῦν	nou=n	νέω2	ne/w2	v-sppanv-
νοῦν	nou=n	νέω2	ne/w2	v-sppana-
νοῦν	nou=n	νέω2	ne/w2	v3piia---
νοῦν	nou=n	νέω2	ne/w2	v1siia---
νοῦν	nou=n	νέω3	ne/w3	v-sppamv-
νοῦν	nou=n	νέω3	ne/w3	v-sppann-
νοῦν	nou=n	νέω3	ne/w3	v-sppanv-
νοῦν	nou=n	νέω3	ne/w3	v-sppana-
νοῦν	nou=n	νέω3	ne/w3	v3piia---
νοῦν	nou=n	νέω3	ne/w3	v1siia---
νοῦν	nou=n	νόος	no/os	n-s---ma-
νοῦς	nou=s	νόος	no/os	n-p---ma-
νοῦς	nou=s	νόος	no/os	n-s---mn-
νυκτερινήν	nukterinh/n	νυκτερινός	nukterino/s	a-s---fa-
νυκτός	nukto/s	νύξ	nu/c	n-s---fg-
νυκτῶν	nuktw=n	νύξ	nu/c	n-p---fg-
νυν	nun	νῦν	nu=n	d--------
νυνί	nuni/	νυνί	nuni/	d--------
νυστακτής	nustakth/s	νυστακτής	nustakth/s	n-s---mn-
νάρκη	na/rkh	νάρκα	na/rka	n-s---fn-
νάρκη	na/rkh	νάρκα	na/rka	n-s---fv-
νάρκη	na/rkh	νάρκη	na/rkh	n-s---fn-
νάρκη	na/rkh	νάρκη	na/rkh	n-s---fv-
νάρκη	na/rkh	ναρκάω	narka/w	v2spma---
νάρκη	na/rkh	ναρκάω	narka/w	v2spma---
νάρκη	na/rkh	ναρκάω	narka/w	v3siia---
νέαισιν	ne/aisin	νέα	ne/a	n-p---fd-
νέαισιν	ne/aisin	νέος	ne/os	a-p---fd-
νέος	ne/os	νέος	ne/os	a-s---mn-
νέος	ne/os	νέος	ne/os	n-s---mn-
νέος	ne/os	νέος	ne/os	n-s---fn-
νή	nh/	νή	nh/	r--------
νήσοις	nh/sois	νέω	ne/w	v2sfoa---
νήσοις	nh/sois	νέω2	ne/w2	v2sfoa---
νήσοις	nh/sois	νῆσος	nh=sos	n-p---fd-
νόμων	no/mwn	νόμος	no/mos	n-p---mg-
νόσον	no/son	νόσος	no/sos	n-s---fa-
νόσος	no/sos	νόσος	no/sos	n-s---fn-
νύκτα	nu/kta	νύξ	nu/c	n-s---fa-
νύκτωρ	nu/ktwr	νύκτωρ	nu/ktwr	d--------
νύν	nu/n	νῦν	nu=n	d--------
νῦν	nu=n	νῦν	nu=n	d--------
νῶτον	nw=ton	νῶτον	nw=ton	n-s---ma-
νῶτον	nw=ton	νῶτον	nw=ton	n-s---nn-
νῶτον	nw=ton	νῶτον	nw=ton	n-s---nv-
νῶτον	nw=ton	νῶτον	nw=ton	n-s---na-
νῶτον	nw=ton	νῶτος	nw=tos	n-s---ma-
νῷν	nw=|n	ἐγώ	e)gw/	p-d---mg-
νῷν	nw=|n	ἐγώ	e)gw/	p-d---md-
νῷν	nw=|n	ἐγώ	e)gw/	p-d---fg-
νῷν	nw=|n	ἐγώ	e)gw/	p-d---fd-
ξενίας	ceni/as	ξένιος	ce/nios	a-p---fa-
ξενίας	ceni/as	ξένιος	ce/nios	a-s---fg-
ξενίας	ceni/as	ξενία	ceni/a	n-p---fa-
ξενίας	ceni/as	ξενία	ceni/a	n-s---fg-
ξηρῶν	chrw=n	ξηρά	chra/	n-p---fg-
ξηρῶν	chrw=n	ξηρός	chro/s	a-p---fg-
ξηρῶν	chrw=n	ξηρός	chro/s	a-p---mg-
ξηρῶν	chrw=n	ξηρός	chro/s	a-p---ng-
ξυγγενής	cuggenh/s	συγγενής	suggenh/s	n-s---mn-
ξυγγενής	cuggenh/s	συγγενής	suggenh/s	n-s---fn-
ξυγχωρήσωμεν	cugxwrh/swmen	συγχωρέω	sugxwre/w	v1pasa---
ξυλλαβών	cullabw/n	συλλαμβάνω	sullamba/nw	v-sapamn-
ξυλλαμβάνει	cullamba/nei	συλλαμβάνω	sullamba/nw	v2spie---
ξυλλαμβάνει	cullamba/nei	συλλαμβάνω	sullamba/nw	v3spia---
ξυλλεγέντες	cullege/ntes	σύν-λέγω1	su/n-le/gw1	v-pappmn-
ξυλλεγέντες	cullege/ntes	σύν-λέγω1	su/n-le/gw1	v-pappmv-
ξυλλήψεσθ’	cullh/yesq'	συλλαμβάνω	sullamba/nw	v2pfim---
ξυλλήψεσθ’	cullh/yesq'	συλλαμβάνω	sullamba/nw	v--fnm---
ξυμβεβυσμένοι	cumbebusme/noi	συμβύω	sumbu/w	v-prpemn-
ξυμβεβυσμένοι	cumbebusme/noi	συμβύω	sumbu/w	v-prpemv-
ξυμβάλοι	cumba/loi	συμβάλλω	sumba/llw	v3saoa---
ξυμποτικός	cumpotiko/s	συμποτικός	sumpotiko/s	a-s---mn-
ξυμπόσιον	cumpo/sion	συμπόσιον	sumpo/sion	n-s---nn-
ξυμπόσιον	cumpo/sion	συμπόσιον	sumpo/sion	n-s---nv-
ξυμπόσιον	cumpo/sion	συμπόσιον	sumpo/sion	n-s---na-
ξυμπόσιον	cumpo/sion	συμπόσιος	sumpo/sios	a-s---ma-
ξυμπόσιον	cumpo/sion	συμπόσιος	sumpo/sios	a-s---nn-
ξυμπόσιον	cumpo/sion	συμπόσιος	sumpo/sios	a-s---nv-
ξυμπόσιον	cumpo/sion	συμπόσιος	sumpo/sios	a-s---na-
ξυμπότας	cumpo/tas	συμπότης	sumpo/ths	n-p---ma-
ξυμπότας	cumpo/tas	συμπότης	sumpo/ths	n-s---mn-
ξυνδικασταί	cundikastai/	συνδικαστής	sundikasth/s	n-p---mn-
ξυνδικασταί	cundikastai/	συνδικαστής	sundikasth/s	n-p---mv-
ξυνεβήτην	cunebh/thn	συμβαίνω	sumbai/nw	v3daia---
ξυνεγενόμην	cunegeno/mhn	συγγίγνομαι	suggi/gnomai	v1saim---
ξυνεθεώρεις	cuneqew/reis	συνθεωρέω	sunqewre/w	v2siia---
ξυνετῶς	cunetw=s	συνετός	suneto/s	x--------
ξυνευχόμεσθα	cuneuxo/mesqa	συνεύχομαι	suneu/xomai	v1piie---
ξυνευχόμεσθα	cuneuxo/mesqa	συνεύχομαι	suneu/xomai	v1ppie---
ξυνευχόμεσθα	cuneuxo/mesqa	συνεύχομαι	suneu/xomai	v1piie---
ξυνείσομαι	cunei/somai	σύνειμι2	su/neimi2	v1sfim---
ξυνείσομαι	cunei/somai	σύνοιδα	su/noida	v1sfim---
ξυνείσομαι	cunei/somai	συνίζω	suni/zw	v1sasm---
ξυνθέντε	cunqe/nte	συντίθημι	sunti/qhmi	v-dapamn-
ξυνθέντε	cunqe/nte	συντίθημι	sunti/qhmi	v-dapamv-
ξυνθέντε	cunqe/nte	συντίθημι	sunti/qhmi	v-dapama-
ξυνθέντε	cunqe/nte	συντίθημι	sunti/qhmi	v-dapann-
ξυνθέντε	cunqe/nte	συντίθημι	sunti/qhmi	v-dapanv-
ξυνθέντε	cunqe/nte	συντίθημι	sunti/qhmi	v-dapana-
ξυνουσιαστικός	cunousiastiko/s	συνουσιαστικός	sunousiastiko/s	a-s---mn-
ξυντύχῃ	cuntu/xh|	συντυγχάνω	suntugxa/nw	v2sase---
ξυντύχῃ	cuntu/xh|	συντυγχάνω	suntugxa/nw	v3sasa---
ξυνωμόται	cunwmo/tai	συνωμότης	sunwmo/ths	n-p---mn-
ξυνωμόται	cunwmo/tai	συνωμότης	sunwmo/ths	n-p---mv-
ξυνωμόται	cunwmo/tai	συνωμότης	sunwmo/ths	n-s---md-
ξυνωμότας	cunwmo/tas	συνωμότης	sunwmo/ths	n-p---ma-
ξυνωμότας	cunwmo/tas	συνωμότης	sunwmo/ths	n-s---mn-
ξυνωμότης	cunwmo/ths	συνωμότης	sunwmo/ths	n-s---mn-
ξυνέτριψεν	cune/triyen	συντρίβω	suntri/bw	v3saia---
ξυνέχων	cune/xwn	συγχώννυμι	sugxw/nnumi	v3piia---
ξυνέχων	cune/xwn	συγχώννυμι	sugxw/nnumi	v1siia---
ξυνέχων	cune/xwn	συνόχωκα	suno/xwka	v-sppamn-
ξυνήγορος	cunh/goros	συνήγορος	sunh/goros	n-s---mn-
ξυνήγορος	cunh/goros	συνήγορος	sunh/goros	n-s---fn-
ξυνόντες	cuno/ntes	σύνειμι1	su/neimi1	v-pppamn-
ξυνόντες	cuno/ntes	σύνειμι1	su/neimi1	v-pppamv-
ξυνόντων	cuno/ntwn	σύνειμι1	su/neimi1	v3ppma---
ξυνόντων	cuno/ntwn	σύνειμι1	su/neimi1	v-pppamg-
ξυνόντων	cuno/ntwn	σύνειμι1	su/neimi1	v-pppang-
ξυνών	cunw/n	σύνειμι1	su/neimi1	v-sppamn-
ξυνῆμεν	cunh=men	σύνειμι1	su/neimi1	v1piia---
ξυνῆν	cunh=n	σύνειμι1	su/neimi1	v1siia---
ξυνῆν	cunh=n	σύνειμι1	su/neimi1	v3piia---
ξυνῆν	cunh=n	σύνειμι1	su/neimi1	v3siia---
ξυνῇς	cunh=|s	ξυνός	cuno/s	a-p---fd-
ξυνῇς	cunh=|s	σύνειμι1	su/neimi1	v2spsa---
ξυνῇς	cunh=|s	συνίημι	suni/hmi	v2sasa---
ξυνῇς	cunh=|s	συνίημι	suni/hmi	v2sasa---
ξυσσίτοις	cussi/tois	σύσσιτος	su/ssitos	n-p---md-
ξυσταλείς	custalei/s	συστέλλω	suste/llw	v-sappmn-
ξυσταλείς	custalei/s	συστέλλω	suste/llw	v-sappmv-
ξυστάς	custa/s	συνίστημι	suni/sthmi	v-sapamn-
ξυστάς	custa/s	συνίστημι	suni/sthmi	v-sapamv-
ξένοις	ce/nois	ξένοσ1	ce/nos1	n-p---md-
ξένοις	ce/nois	ξένοσ2	ce/nos2	a-p---md-
ξένοις	ce/nois	ξένοσ2	ce/nos2	a-p---nd-
ξένοις	ce/nois	ξένοσ2	ce/nos2	n-p---md-
ξένοις	ce/nois	ξένοσ2	ce/nos2	n-p---fd-
ξένοις	ce/nois	ξένοσ2	ce/nos2	n-p---nd-
ξένος	ce/nos	ξένοσ1	ce/nos1	n-s---mn-
ξένος	ce/nos	ξένοσ2	ce/nos2	a-s---mn-
ξένος	ce/nos	ξένοσ2	ce/nos2	n-s---mn-
ξένος	ce/nos	ξένοσ2	ce/nos2	n-s---fn-
ξίφει	ci/fei	ξίφος	ci/fos	n-d---nn-
ξίφει	ci/fei	ξίφος	ci/fos	n-d---nv-
ξίφει	ci/fei	ξίφος	ci/fos	n-d---na-
ξίφει	ci/fei	ξίφος	ci/fos	n-s---nd-
ξίφει	ci/fei	ξίφος	ci/fos	n-s---nd-
ξίφος	ci/fos	ξίφος	ci/fos	n-s---nn-
ξίφος	ci/fos	ξίφος	ci/fos	n-s---nv-
ξίφος	ci/fos	ξίφος	ci/fos	n-s---na-
ξύγγνωθι	cu/ggnwqi	συγγιγνώσκω	suggignw/skw	v2sama---
ξύγγνωτέ	cu/ggnwte/	συγγιγνώσκω	suggignw/skw	v2pama---
ξύγγνωτέ	cu/ggnwte/	συγγιγνώσκω	suggignw/skw	v2paia---
ξύλα	cu/la	ξύλον	cu/lon	n-p---nn-
ξύλα	cu/la	ξύλον	cu/lon	n-p---nv-
ξύλα	cu/la	ξύλον	cu/lon	n-p---na-
ξύλον	cu/lon	ξύλον	cu/lon	n-s---nn-
ξύλον	cu/lon	ξύλον	cu/lon	n-s---nv-
ξύλον	cu/lon	ξύλον	cu/lon	n-s---na-
ξύλου	cu/lou	ξύλον	cu/lon	n-s---ng-
ξύλου	cu/lou	ξυλόω	culo/w	v2spma---
ξύλου	cu/lou	ξυλόω	culo/w	v3siia---
ξύλῳ	cu/lw|	ξύλον	cu/lon	n-s---nd-
ξύμμαχοι	cu/mmaxoi	σύμμαχος	su/mmaxos	n-p---mn-
ξύμμαχοι	cu/mmaxoi	σύμμαχος	su/mmaxos	n-p---mv-
ξύμμαχοι	cu/mmaxoi	σύμμαχος	su/mmaxos	n-p---fn-
ξύμμαχοι	cu/mmaxoi	σύμμαχος	su/mmaxos	n-p---fv-
ξύμφορα	cu/mfora	σύμφορος	su/mforos	n-p---nn-
ξύμφορα	cu/mfora	σύμφορος	su/mforos	n-p---nv-
ξύμφορα	cu/mfora	σύμφορος	su/mforos	n-p---na-
ξύμφορον	cu/mforon	σύμφορος	su/mforos	n-s---ma-
ξύμφορον	cu/mforon	σύμφορος	su/mforos	n-s---fa-
ξύμφορον	cu/mforon	σύμφορος	su/mforos	n-s---nn-
ξύμφορον	cu/mforon	σύμφορος	su/mforos	n-s---nv-
ξύμφορον	cu/mforon	σύμφορος	su/mforos	n-s---na-
ξύν	cu/n	σύν	su/n	r--------
οἰκείων	oi)kei/wn	οἰκέω	oi)ke/w	v-sppamn-
οἰκείων	oi)kei/wn	οἰκείω	oi)kei/w	v-sppamn-
οἰκείων	oi)kei/wn	οἰκεῖος	oi)kei=os	a-p---fg-
οἰκείων	oi)kei/wn	οἰκεῖος	oi)kei=os	a-p---mg-
οἰκείων	oi)kei/wn	οἰκεῖος	oi)kei=os	a-p---ng-
οἰκείων	oi)kei/wn	οἰκεῖος	oi)kei=os	n-p---mg-
οἰκείων	oi)kei/wn	οἰκεῖος	oi)kei=os	n-p---fg-
οἰκείων	oi)kei/wn	οἰκεῖος	oi)kei=os	n-p---ng-
οἰκείων	oi)kei/wn	οἰκειόω	oi)keio/w	v3piia---
οἰκείων	oi)kei/wn	οἰκειόω	oi)keio/w	v1siia---
οἰκουρός	oi)kouro/s	οἰκουρός	oi)kouro/s	n-s---mn-
οἰκουρός	oi)kouro/s	οἰκουρός	oi)kouro/s	n-s---fn-
οἰκτροχοοῦντες	oi)ktroxoou=ntes	οἰκτροχοέω	oi)ktroxoe/w	v-pppamn-
οἰκτροχοοῦντες	oi)ktroxoou=ntes	οἰκτροχοέω	oi)ktroxoe/w	v-pppamv-
οἰκτίρας	oi)kti/ras	οἰκτείρω	oi)ktei/rw	v-sapamn-
οἰκτίρας	oi)kti/ras	οἰκτείρω	oi)ktei/rw	v-sapamv-
οἰκτίρατ’	oi)kti/rat'	οἰκτείρω	oi)ktei/rw	v2pama---
οἰκτίρατ’	oi)kti/rat'	οἰκτείρω	oi)ktei/rw	v3saim---
οἰκτίρατ’	oi)kti/rat'	οἰκτείρω	oi)ktei/rw	v2paia---
οἰκέταις	oi)ke/tais	οἰκέτης	oi)ke/ths	n-p---md-
οἰκίαισι	oi)ki/aisi	οἰκία	oi)ki/a	n-p---fd-
οἰκίαν	oi)ki/an	οἰκία	oi)ki/a	n-s---fa-
οἰκίας	oi)ki/as	οἰκία	oi)ki/a	n-p---fa-
οἰκίας	oi)ki/as	οἰκία	oi)ki/a	n-s---fg-
οἰμωξομένων	oi)mwcome/nwn	οἰμώσσω	oi)mw/ssw	v-pfpmfg-
οἰμωξομένων	oi)mwcome/nwn	οἰμώσσω	oi)mw/ssw	v-pfpmmg-
οἰμωξομένων	oi)mwcome/nwn	οἰμώσσω	oi)mw/ssw	v-pfpmng-
οἰμωξομένων	oi)mwcome/nwn	οἰμώζω	oi)mw/zw	v-pfpmfg-
οἰμωξομένων	oi)mwcome/nwn	οἰμώζω	oi)mw/zw	v-pfpmmg-
οἰμωξομένων	oi)mwcome/nwn	οἰμώζω	oi)mw/zw	v-pfpmng-
οἰχήσεται	oi)xh/setai	οἴχομαι	oi)/xomai	v3sfim---
οἰχήσεται	oi)xh/setai	οἴχομαι	oi)/xomai	v3sfie---
οἰχήσεται	oi)xh/setai	οἰχέομαι	oi)xe/omai	v3sase---
οἰχήσεται	oi)xh/setai	οἰχέομαι	oi)xe/omai	v3sfie---
οἰόμενος	oi)o/menos	οἴομαι	oi)/omai	v-sppemn-
οἱ	oi(	ἕ	e(/	n-s---md-
οἱ	oi(	ἕ	e(/	n-s---fd-
οἱ	oi(	ὁ	o(	l-p---mn-
οἱ	oi(	ὁ	o(	l-p---mv-
οἴεται	oi)/etai	οἴομαι	oi)/omai	v3spie---
οἴκαδε	oi)/kade	οἴκαδε	oi)/kade	d--------
οἴμοι	oi)/moi	οἴμοι	oi)/moi	x--------
οἴμ’	oi)/m'	οἴμη	oi)/mh	n-s---fd-
οἴνου	oi)/nou	οἶνον	oi)=non	n-s---ng-
οἴνου	oi)/nou	οἶνος	oi)=nos	n-s---mg-
οἴνου	oi)/nou	οἰνόω	oi)no/w	v2spma---
οἴνου	oi)/nou	οἰνόω	oi)no/w	v3siia---
οἴομαί	oi)/omai/	οἴομαι	oi)/omai	v1spie---
οἴχεται	oi)/xetai	οἴχομαι	oi)/xomai	v3spie---
οἵ	oi(/	ἕ	e(/	n-s---md-
οἵ	oi(/	ἕ	e(/	n-s---fd-
οἵ	oi(/	ὁ	o(	l-p---mn-
οἵ	oi(/	ὁ	o(	l-p---mv-
οἵ	oi(/	ὅς	o(/s	p-p---mn-
οἵαν	oi(/an	οἷος	oi(=os	a-s---fa-
οἵοις	oi(/ois	οἷος	oi(=os	a-p---md-
οἵοις	oi(/ois	οἷος	oi(=os	a-p---nd-
οἵους	oi(/ous	οἷος	oi(=os	a-p---ma-
οἵων	oi(/wn	οἷος	oi(=os	a-p---fg-
οἵων	oi(/wn	οἷος	oi(=os	a-p---mg-
οἵων	oi(/wn	οἷος	oi(=os	a-p---ng-
οἶδα	oi)=da	οἶδα	oi)=da	v1sria---
οἶμαι	oi)=mai	οἴμη	oi)/mh	n-p---fn-
οἶμαι	oi)=mai	οἴμη	oi)/mh	n-p---fv-
οἶμαι	oi)=mai	οἴομαι	oi)/omai	v1spie---
οἶμ’	oi)=m'	οἴμη	oi)/mh	n-p---fn-
οἶμ’	oi)=m'	οἴμη	oi)/mh	n-p---fv-
οἶμ’	oi)=m'	οἴομαι	oi)/omai	v1spie---
οἶμ’	oi)=m'	οἶμα	oi)=ma	n-s---nn-
οἶμ’	oi)=m'	οἶμα	oi)=ma	n-s---nv-
οἶμ’	oi)=m'	οἶμα	oi)=ma	n-s---na-
οἶμ’	oi)=m'	οἶμος	oi)=mos	n-s---mv-
οἶμ’	oi)=m'	οἶμος	oi)=mos	n-s---fv-
οἶνον	oi)=non	οἶνον	oi)=non	n-s---nn-
οἶνον	oi)=non	οἶνον	oi)=non	n-s---nv-
οἶνον	oi)=non	οἶνον	oi)=non	n-s---na-
οἶνον	oi)=non	οἶνος	oi)=nos	n-s---ma-
οἶνόν	oi)=no/n	οἶνον	oi)=non	n-s---nn-
οἶνόν	oi)=no/n	οἶνον	oi)=non	n-s---nv-
οἶνόν	oi)=no/n	οἶνον	oi)=non	n-s---na-
οἶνόν	oi)=no/n	οἶνος	oi)=nos	n-s---ma-
οἶον	oi)=on	οἶος	oi)=os	a-s---ma-
οἶον	oi)=on	οἶος	oi)=os	a-s---nn-
οἶον	oi)=on	οἶος	oi)=os	a-s---nv-
οἶον	oi)=on	οἶος	oi)=os	a-s---na-
οἶς	oi)=s	ὄις	o)/is	n-p---fn-
οἶς	oi)=s	ὄις	o)/is	n-p---fa-
οἶσθα	oi)=sqa	οἶδα	oi)=da	v2sria---
οἶσθά	oi)=sqa/	οἶδα	oi)=da	v2sria---
οἷ	oi(=	ἕ	e(/	n-s---md-
οἷ	oi(=	ἕ	e(/	n-s---fd-
οἷ	oi(=	ὁ	o(	l-p---mn-
οἷ	oi(=	ὁ	o(	l-p---mv-
οἷον	oi(=on	οἷος	oi(=os	a-s---ma-
οἷον	oi(=on	οἷος	oi(=os	a-s---nn-
οἷον	oi(=on	οἷος	oi(=os	a-s---nv-
οἷον	oi(=on	οἷος	oi(=os	a-s---na-
οἷς	oi(=s	ὅς	o(/s	p-p---md-
οἷς	oi(=s	ὅς	o(/s	p-p---nd-
οἷσπερ	oi(=sper	ὅς	o(/s	p-p---md-
οἷσπερ	oi(=sper	ὅς	o(/s	p-p---nd-
οἷός	oi(=o/s	οἷος	oi(=os	a-s---mn-
οἷόσπερ	oi(=o/sper	οἷος	oi(=os	a-s---mn-
οὐ	ou)	οὐ	ou)	d--------
οὐδαμοῖ	ou)damoi=	οὐδαμοῖ	ou)damoi=	d--------
οὐδαμῶς	ou)damw=s	οὐδαμός	ou)damo/s	x--------
οὐδαμῶς	ou)damw=s	οὐδαμῶς	ou)damw=s	d--------
οὐδεμιᾶς	ou)demia=s	οὐδείς	ou)dei/s	n-s---fg-
οὐδενί	ou)deni/	οὐδείς	ou)dei/s	n-s----d-
οὐδενός	ou)deno/s	οὐδείς	ou)dei/s	n-s----g-
οὐδεπώποτε	ou)depw/pote	οὐδεπώποτε	ou)depw/pote	d--------
οὐδείς	ou)dei/s	οὐδείς	ou)dei/s	n-s---mn-
οὐδείς	ou)dei/s	οὐδείς	ou)dei/s	n-s---mv-
οὐδέ	ou)de/	οὐδέ	ou)de/	g--------
οὐδέ	ou)de/	οὐδόσ1	ou)do/s1	n-s---mv-
οὐδέ	ou)de/	οὐδόσ2	ou)do/s2	n-s---fv-
οὐδέν	ou)de/n	οὐδείς	ou)dei/s	n-s---nn-
οὐδέν	ou)de/n	οὐδείς	ou)dei/s	n-s---nv-
οὐδέν	ou)de/n	οὐδείς	ou)dei/s	n-s---na-
οὐδέποτέ	ou)de/pote/	οὐδέποτε	ou)de/pote	d--------
οὐδέπω	ou)de/pw	οὐδέπω	ou)de/pw	d--------
οὐκ	ou)k	οὐ	ou)	d--------
οὐκοῦν	ou)kou=n	οὐκοῦν	ou)kou=n	d--------
οὐκέτι	ou)ke/ti	οὐκέτι	ou)ke/ti	d--------
οὐπώποθ’	ou)pw/poq'	οὐπώποτε	ou)pw/pote	d--------
οὐπώποτέ	ou)pw/pote/	οὐπώποτε	ou)pw/pote	d--------
οὐρανόν	ou)rano/n	οὐρανός	ou)rano/s	n-s---ma-
οὐρανῷ	ou)ranw=|	οὐρανός	ou)rano/s	n-s---md-
οὐρεῖς	ou)rei=s	ὀρεύς	o)reu/s	n-p---ma-
οὐρεῖς	ou)rei=s	ὀρεύς	o)reu/s	n-p---mn-
οὐρεῖς	ou)rei=s	ὀρεύς	o)reu/s	n-p---mv-
οὐρεῖς	ou)rei=s	οὐρέω	ou)re/w	v2spia---
οὐρεῖς	ou)rei=s	οὐρεύς	ou)reu/s	n-p---ma-
οὐρεῖς	ou)rei=s	οὐρεύς	ou)reu/s	n-p---mn-
οὐρεῖς	ou)rei=s	οὐρεύς	ou)reu/s	n-p---mv-
οὐρητιάσῃς	ou)rhtia/sh|s	οὐρητιάω	ou)rhtia/w	v2sasa---
οὐράνιον	ou)ra/nion	οὐράνιος	ou)ra/nios	a-s---ma-
οὐράνιον	ou)ra/nion	οὐράνιος	ou)ra/nios	a-s---nn-
οὐράνιον	ou)ra/nion	οὐράνιος	ou)ra/nios	a-s---nv-
οὐράνιον	ou)ra/nion	οὐράνιος	ou)ra/nios	a-s---na-
οὐράνιον	ou)ra/nion	οὐράνιος	ou)ra/nios	n-s---ma-
οὐράνιον	ou)ra/nion	οὐράνιος	ou)ra/nios	n-s---fa-
οὐράνιον	ou)ra/nion	οὐράνιος	ou)ra/nios	n-s---nn-
οὐράνιον	ou)ra/nion	οὐράνιος	ou)ra/nios	n-s---nv-
οὐράνιον	ou)ra/nion	οὐράνιος	ou)ra/nios	n-s---na-
οὐράνιόν	ou)ra/nio/n	οὐράνιος	ou)ra/nios	a-s---ma-
οὐράνιόν	ou)ra/nio/n	οὐράνιος	ou)ra/nios	a-s---nn-
οὐράνιόν	ou)ra/nio/n	οὐράνιος	ou)ra/nios	a-s---nv-
οὐράνιόν	ou)ra/nio/n	οὐράνιος	ou)ra/nios	a-s---na-
οὐράνιόν	ou)ra/nio/n	οὐράνιος	ou)ra/nios	n-s---ma-
οὐράνιόν	ou)ra/nio/n	οὐράνιος	ou)ra/nios	n-s---fa-
οὐράνιόν	ou)ra/nio/n	οὐράνιος	ou)ra/nios	n-s---nn-
οὐράνιόν	ou)ra/nio/n	οὐράνιος	ou)ra/nios	n-s---nv-
οὐράνιόν	ou)ra/nio/n	οὐράνιος	ou)ra/nios	n-s---na-
οὐρήσω	ou)rh/sw	οὐρέω	ou)re/w	v1sasa---
οὐρήσω	ou)rh/sw	οὐρέω	ou)re/w	v1sfia---
οὐρήσω	ou)rh/sw	οὐρέω	ou)re/w	v1stia---
οὐρήσω	ou)rh/sw	οὐρέω	ou)re/w	v2saim---
οὐχ	ou)x	οὐ	ou)	d--------
οὐχί	ou)xi/	οὐ	ou)	d--------
οὑκ	ou(k	ἐκ	e)k	r--------
οὑκτός	ou(kto/s	ἑκτός	e(kto/s	a-s---mn-
οὑκτός	ou(kto/s	ἐκτός	e)kto/s	d--------
οὑμός	ou(mo/s	ἐμός	e)mo/s	a-s---mn-
οὑμός	ou(mo/s	ὑμός	u(mo/s	a-s---mn-
οὑπί	ou(pi/	ἐπί	e)pi/	r--------
οὑπί	ou(pi/	ὄψ	o)/y	n-s---fd-
οὑτοιί	ou(toii/	οὗτος	ou(=tos	n-p---mn-
οὑτοιί	ou(toii/	οὗτος	ou(=tos	n-p---mv-
οὑτοσί	ou(tosi/	οὗτος	ou(=tos	n-s---mn-
οὑτοσί	ou(tosi/	οὗτος	ou(=tos	n-s---mv-
οὑχῖνος	ou(xi=nos	ἐχῖνος	e)xi=nos	n-s---mn-
οὔ	ou)/	οὐ	ou)	d--------
οὔθ’	ou)/q'	οὔτε	ou)/te	d--------
οὔθ’	ou)/q'	οὔτι	ou)/ti	d--------
οὔθ’	ou)/q'	οὔτις	ou)/tis	n-s---nn-
οὔθ’	ou)/q'	οὔτις	ou)/tis	n-s---nv-
οὔθ’	ou)/q'	οὔτις	ou)/tis	n-s---na-
οὔκ	ou)/k	οὐ	ou)	d--------
οὔκουν	ou)/koun	οὔκουν	ou)/koun	d--------
οὔπω	ou)/pw	οὔπω	ou)/pw	d--------
οὔτε	ou)/te	οὔτε	ou)/te	d--------
οὔτι	ou)/ti	οὔτι	ou)/ti	d--------
οὔτι	ou)/ti	οὔτις	ou)/tis	n-s---nn-
οὔτι	ou)/ti	οὔτις	ou)/tis	n-s---nv-
οὔτι	ou)/ti	οὔτις	ou)/tis	n-s---na-
οὔτοι	ou)/toi	οὔτοι	ou)/toi	d--------
οὕμοιά	ou(/moia/	ὕμοιος	u(/moios	a-p---nn-
οὕμοιά	ou(/moia/	ὕμοιος	u(/moios	a-p---nv-
οὕμοιά	ou(/moia/	ὕμοιος	u(/moios	a-p---na-
οὕνεκ’	ou(/nek'	οὕνεκα	ou(/neka	c--------
οὕς	ou(/s	ὅς	o(/s	p-p---ma-
οὕτω	ou(/tw	οὕτως	ou(/tws	d--------
οὕτως	ou(/tws	οὕτως	ou(/tws	d--------
οὖν	ou)=n	οὖν	ou)=n	g--------
οὖσαν	ou)=san	εἰμί	ei)mi/	v-sppafa-
οὖσιν	ou)=sin	εἰμί	ei)mi/	v-pppamd-
οὖσιν	ou)=sin	εἰμί	ei)mi/	v-pppand-
οὗ	ou(=	ἕ	e(/	n-s---mg-
οὗ	ou(=	ἕ	e(/	n-s---fg-
οὗ	ou(=	ἵημι	i(/hmi	v--amm---
οὗ	ou(=	ὅς	o(/s	p-s---mg-
οὗ	ou(=	ὅς	o(/s	p-s---ng-
οὗ	ou(=	οὗ	ou(=	d--------
οὗπερ	ou(=per	οὗπερ	ou(=per	d--------
οὗτοι	ou(=toi	οὗτος	ou(=tos	n-p---mn-
οὗτοι	ou(=toi	οὗτος	ou(=tos	n-p---mv-
οὗτος	ou(=tos	οὗτος	ou(=tos	n-s---mn-
οὗτος	ou(=tos	οὗτος	ou(=tos	n-s---mv-
οὗτός	ou(=to/s	οὗτος	ou(=tos	n-s---mn-
οὗτός	ou(=to/s	οὗτος	ou(=tos	n-s---mv-
παγκράτιον	pagkra/tion	παγκράτιον	pagkra/tion	n-s---nn-
παγκράτιον	pagkra/tion	παγκράτιον	pagkra/tion	n-s---nv-
παγκράτιον	pagkra/tion	παγκράτιον	pagkra/tion	n-s---na-
παγήσεται	pagh/setai	πάσσω	pa/ssw	v3sfip---
παγήσεται	pagh/setai	παγάομαι	paga/omai	v3sase---
παγήσεται	pagh/setai	παγάομαι	paga/omai	v3sfie---
παγήσεται	pagh/setai	πήγνυμι	ph/gnumi	v3sfip---
παγήσεται	pagh/setai	πήγνυμι	ph/gnumi	v3sfip---
παθεῖν	paqei=n	πάσχω	pa/sxw	v--ana---
παιδάρι’	paida/ri'	παιδάριον	paida/rion	n-p---nn-
παιδάρι’	paida/ri'	παιδάριον	paida/rion	n-p---nv-
παιδάρι’	paida/ri'	παιδάριον	paida/rion	n-p---na-
παιδία	paidi/a	παιδία	paidi/a	n-d---fn-
παιδία	paidi/a	παιδία	paidi/a	n-d---fv-
παιδία	paidi/a	παιδία	paidi/a	n-d---fa-
παιδία	paidi/a	παιδία	paidi/a	n-s---fn-
παιδία	paidi/a	παιδία	paidi/a	n-s---fv-
παιδία	paidi/a	παιδίον	paidi/on	n-p---nn-
παιδία	paidi/a	παιδίον	paidi/on	n-p---nv-
παιδία	paidi/a	παιδίον	paidi/on	n-p---na-
παιδίον	paidi/on	παιδίον	paidi/on	n-s---nn-
παιδίον	paidi/on	παιδίον	paidi/on	n-s---nv-
παιδίον	paidi/on	παιδίον	paidi/on	n-s---na-
παιδίχ’	paidi/x'	παιδικόν	paidiko/n	n-p---nn-
παιδίχ’	paidi/x'	παιδικόν	paidiko/n	n-p---nv-
παιδίχ’	paidi/x'	παιδικόν	paidiko/n	n-p---na-
παιδίχ’	paidi/x'	παιδικός	paidiko/s	a-p---nn-
παιδίχ’	paidi/x'	παιδικός	paidiko/s	a-p---nv-
παιδίχ’	paidi/x'	παιδικός	paidiko/s	a-p---na-
παιδίχ’	paidi/x'	παιδικός	paidiko/s	a-d---fn-
παιδίχ’	paidi/x'	παιδικός	paidiko/s	a-d---fv-
παιδίχ’	paidi/x'	παιδικός	paidiko/s	a-d---fa-
παιδίχ’	paidi/x'	παιδικός	paidiko/s	a-s---fn-
παιδίχ’	paidi/x'	παιδικός	paidiko/s	a-s---fv-
παιδίχ’	paidi/x'	παιδικός	paidiko/s	a-s---mv-
παιδίχ’	paidi/x'	παιδικός	paidiko/s	a-p---fn-
παιδίχ’	paidi/x'	παιδικός	paidiko/s	a-p---fv-
παιδός	paido/s	παῖς	pai=s	n-s---mg-
παιδός	paido/s	παῖς	pai=s	n-s---fg-
παισί	paisi/	παῖς	pai=s	n-p---md-
παισί	paisi/	παῖς	pai=s	n-p---fd-
παλαιόν	palaio/n	παλαιός	palaio/s	a-s---ma-
παλαιόν	palaio/n	παλαιός	palaio/s	a-s---nn-
παλαιόν	palaio/n	παλαιός	palaio/s	a-s---nv-
παλαιόν	palaio/n	παλαιός	palaio/s	a-s---na-
παλαιῶν	palaiw=n	παλαιός	palaio/s	a-p---fg-
παλαιῶν	palaiw=n	παλαιός	palaio/s	a-p---mg-
παλαιῶν	palaiw=n	παλαιός	palaio/s	a-p---ng-
παλαιῶν	palaiw=n	παλαιόω	palaio/w	v-sppamv-
παλαιῶν	palaiw=n	παλαιόω	palaio/w	v-sppann-
παλαιῶν	palaiw=n	παλαιόω	palaio/w	v-sppanv-
παλαιῶν	palaiw=n	παλαιόω	palaio/w	v-sppana-
παλαιῶν	palaiw=n	παλαιόω	palaio/w	v-sppamn-
παλαιῶν	palaiw=n	παλαιόω	palaio/w	v--pna---
παλαίστρας	palai/stras	παλαίστρα	palai/stra	n-p---fa-
παλαίστρας	palai/stras	παλαίστρα	palai/stra	n-s---fg-
παλλακήν	pallakh/n	παλλακή	pallakh/	n-s---fa-
παλάμας	pala/mas	παλάμη	pala/mh	n-p---fa-
παλάμας	pala/mas	παλάμη	pala/mh	n-s---fg-
πανδοκεύτρια	pandokeu/tria	πανδοκεύτρια	pandokeu/tria	n-s---fn-
πανδοκεύτρια	pandokeu/tria	πανδοκεύτρια	pandokeu/tria	n-s---fv-
πανουργίας	panourgi/as	πανουργία	panourgi/a	n-p---fa-
πανουργίας	panourgi/as	πανουργία	panourgi/a	n-s---fg-
πανοῦργος	panou=rgos	πανοῦργος	panou=rgos	n-s---mn-
πανοῦργος	panou=rgos	πανοῦργος	panou=rgos	n-s---fn-
πανταχοῖ	pantaxoi=	πανταχοῖ	pantaxoi=	d--------
πανταχοῦ	pantaxou=	πανταχοῦ	pantaxou=	d--------
παντοδαποῖσιν	pantodapoi=sin	παντοδαπός	pantodapo/s	a-p---md-
παντοδαποῖσιν	pantodapoi=sin	παντοδαπός	pantodapo/s	a-p---nd-
παντοίας	pantoi/as	παντοῖος	pantoi=os	a-p---fa-
παντοίας	pantoi/as	παντοῖος	pantoi=os	a-s---fg-
παπαιάξ	papaia/c	παπαιάξ	papaia/c	x--------
παππία	pappi/a	παππίας	pappi/as	n-d---mn-
παππία	pappi/a	παππίας	pappi/as	n-d---mv-
παππία	pappi/a	παππίας	pappi/as	n-d---ma-
παππία	pappi/a	παππίας	pappi/as	n-s---mv-
παππία	pappi/a	παππίας	pappi/as	n-s---mv-
παππία	pappi/a	παππίας	pappi/as	n-s---mg-
παππία	pappi/a	παππίας	pappi/as	n-s---mn-
παππία	pappi/a	παππίης	pappi/hs	n-d---mn-
παππία	pappi/a	παππίης	pappi/hs	n-d---mv-
παππία	pappi/a	παππίης	pappi/hs	n-d---ma-
παππία	pappi/a	παππίης	pappi/hs	n-s---mv-
παππία	pappi/a	παππίης	pappi/hs	n-s---mv-
παππία	pappi/a	παππίης	pappi/hs	n-s---mg-
παππία	pappi/a	παππίης	pappi/hs	n-s---mn-
παππίδιον	pappi/dion	παππίδιον	pappi/dion	n-s---nn-
παππίδιον	pappi/dion	παππίδιον	pappi/dion	n-s---nv-
παππίδιον	pappi/dion	παππίδιον	pappi/dion	n-s---na-
παππίδιον	pappi/dion	παππίης	pappi/hs	n-s---nn-
παππίδιον	pappi/dion	παππίης	pappi/hs	n-s---nv-
παππίδιον	pappi/dion	παππίης	pappi/hs	n-s---na-
παππίζουσ’	pappi/zous'	παππίζω	pappi/zw	v-sppafn-
παππίζουσ’	pappi/zous'	παππίζω	pappi/zw	v-sppafv-
παππίζουσ’	pappi/zous'	παππίζω	pappi/zw	v-pppamd-
παππίζουσ’	pappi/zous'	παππίζω	pappi/zw	v-pppand-
παππίζουσ’	pappi/zous'	παππίζω	pappi/zw	v3ppia---
παππίζουσ’	pappi/zous'	παππίζω	pappi/zw	v-pppafn-
παππίζουσ’	pappi/zous'	παππίζω	pappi/zw	v-pppafv-
παραβλέψασά	parable/yasa/	παραβλέπω	parable/pw	v-sapafn-
παραβλέψασά	parable/yasa/	παραβλέπω	parable/pw	v-sapafv-
παραδοῦναι	paradou=nai	παραδίδωμι	paradi/dwmi	v--ana---
παραδέδωκας	parade/dwkas	παραδίδωμι	paradi/dwmi	v2sria---
παραθήσει	paraqh/sei	παραθέω	paraqe/w	v3sasa---
παραθήσει	paraqh/sei	παραθέω	paraqe/w	v2sfim---
παραθήσει	paraqh/sei	παραθέω	paraqe/w	v3sfia---
παραθήσει	paraqh/sei	παρατίθημι	parati/qhmi	v2sfim---
παραθήσει	paraqh/sei	παρατίθημι	parati/qhmi	v3sfia---
παρακαλοῦντες	parakalou=ntes	παρακαλέω	parakale/w	v-pppamn-
παρακαλοῦντες	parakalou=ntes	παρακαλέω	parakale/w	v-pppamv-
παρακαλοῦντες	parakalou=ntes	παρακαλέω	parakale/w	v-pfpamn-
παρακαλοῦντες	parakalou=ntes	παρακαλέω	parakale/w	v-pfpamv-
παρακαλοῦντες	parakalou=ntes	παρακαλέω	parakale/w	v-pppamn-
παρακαλοῦντες	parakalou=ntes	παρακαλέω	parakale/w	v-pppamv-
παρακαλοῦσ’	parakalou=s'	παρακαλέω	parakale/w	v-sppafn-
παρακαλοῦσ’	parakalou=s'	παρακαλέω	parakale/w	v-sppafv-
παρακαλοῦσ’	parakalou=s'	παρακαλέω	parakale/w	v-sfpafn-
παρακαλοῦσ’	parakalou=s'	παρακαλέω	parakale/w	v-sfpafv-
παρακαλοῦσ’	parakalou=s'	παρακαλέω	parakale/w	v-sppafn-
παρακαλοῦσ’	parakalou=s'	παρακαλέω	parakale/w	v-sppafv-
παρακαλοῦσ’	parakalou=s'	παρακαλέω	parakale/w	v-pppamd-
παρακαλοῦσ’	parakalou=s'	παρακαλέω	parakale/w	v-pppand-
παρακαλοῦσ’	parakalou=s'	παρακαλέω	parakale/w	v3ppia---
παρακαλοῦσ’	parakalou=s'	παρακαλέω	parakale/w	v-pfpamd-
παρακαλοῦσ’	parakalou=s'	παρακαλέω	parakale/w	v-pfpand-
παρακαλοῦσ’	parakalou=s'	παρακαλέω	parakale/w	v3pfia---
παρακαλοῦσ’	parakalou=s'	παρακαλέω	parakale/w	v-pppamd-
παρακαλοῦσ’	parakalou=s'	παρακαλέω	parakale/w	v-pppand-
παρακαλοῦσ’	parakalou=s'	παρακαλέω	parakale/w	v3ppia---
παρακαλοῦσ’	parakalou=s'	παρακαλέω	parakale/w	v-pppafn-
παρακαλοῦσ’	parakalou=s'	παρακαλέω	parakale/w	v-pppafv-
παρακαλοῦσ’	parakalou=s'	παρακαλέω	parakale/w	v-pfpafn-
παρακαλοῦσ’	parakalou=s'	παρακαλέω	parakale/w	v-pfpafv-
παρακαλοῦσ’	parakalou=s'	παρακαλέω	parakale/w	v-pppafn-
παρακαλοῦσ’	parakalou=s'	παρακαλέω	parakale/w	v-pppafv-
παρακελεύῃ	parakeleu/h|	παρακελεύομαι	parakeleu/omai	v2spse---
παρακελεύῃ	parakeleu/h|	παρακελεύομαι	parakeleu/omai	v2spie---
παρακελεύῃ	parakeleu/h|	παρακελεύομαι	parakeleu/omai	v2spse---
παρακελεύῃ	parakeleu/h|	παρακελεύομαι	parakeleu/omai	v2spie---
παρακελεύῃ	parakeleu/h|	παρακελεύομαι	parakeleu/omai	v3spsa---
παρακινδύνευ’	parakindu/neu'	παρακινδυνεύω	parakinduneu/w	v2spma---
παρακινδύνευ’	parakindu/neu'	παρακινδυνεύω	parakinduneu/w	v2spma---
παρακινδύνευ’	parakindu/neu'	παρακινδυνεύω	parakinduneu/w	v3siia---
παρακινδύνευ’	parakindu/neu'	παρακινδυνεύω	parakinduneu/w	v3siia---
παρακύψῃ	paraku/yh|	παράκυψις	para/kuyis	n-s---fd-
παρακύψῃ	paraku/yh|	παρακύπτω	paraku/ptw	v2sasm---
παρακύψῃ	paraku/yh|	παρακύπτω	paraku/ptw	v3sasa---
παρακύψῃ	paraku/yh|	παρακύπτω	paraku/ptw	v2sfim---
παραμείξας	paramei/cas	παραμίγνυμι	parami/gnumi	v-sapamn-
παραμείξας	paramei/cas	παραμίγνυμι	parami/gnumi	v-sapamv-
παραμυθούμενος	paramuqou/menos	παραμυθέομαι	paramuqe/omai	v-sppemn-
παραμυθούμενος	paramuqou/menos	παραμυθέομαι	paramuqe/omai	v-sppemn-
παραπολεῖ	parapolei=	παραπόλλυμι	parapo/llumi	v2sfim---
παραπολεῖ	parapolei=	παραπόλλυμι	parapo/llumi	v3sfia---
παρατεταγμένον	paratetagme/non	παρατάσσω	parata/ssw	v-srpema-
παρατεταγμένον	paratetagme/non	παρατάσσω	parata/ssw	v-srpenn-
παρατεταγμένον	paratetagme/non	παρατάσσω	parata/ssw	v-srpenv-
παρατεταγμένον	paratetagme/non	παρατάσσω	parata/ssw	v-srpena-
παραυτίκ’	parauti/k'	παραυτίκα	parauti/ka	d--------
παραφρονεῖς	parafronei=s	παραφρονέω	parafrone/w	v2spia---
παραφρονεῖς	parafronei=s	παραφρονέω	parafrone/w	v2spia---
παραχρῆμα	paraxrh=ma	παραχρῆμα	paraxrh=ma	d--------
παρελαύνων	parelau/nwn	παρελαύνω	parelau/nw	v-sppamn-
παρελαύνων	parelau/nwn	παρελαύνω	parelau/nw	v-sppamn-
παρελαύνων	parelau/nwn	παρελαύνω	parelau/nw	v-sppamn-
παρεμβαλοῦμεν	parembalou=men	παρεμβάλλω	paremba/llw	v1pfia---
παρεῖναι	parei=nai	πάρειμι1	pa/reimi1	v--pna---
παρεῖναι	parei=nai	παρίημι	pari/hmi	v--ana---
παρεῖναι	parei=nai	παρίημι	pari/hmi	v--ana---
παριόντων	pario/ntwn	πάρειμι1	pa/reimi1	v-pppamg-
παριόντων	pario/ntwn	πάρειμι1	pa/reimi1	v-pppang-
παριόντων	pario/ntwn	πάρειμι2	pa/reimi2	v3ppma---
παριόντων	pario/ntwn	πάρειμι2	pa/reimi2	v-pppamg-
παριόντων	pario/ntwn	πάρειμι2	pa/reimi2	v-pppang-
παροινικώτατος	paroinikw/tatos	παροινικός	paroiniko/s	a-s---mns
παρά	para/	παρά	para/	r--------
παρά	para/	πηρός	phro/s	a-p---nn-
παρά	para/	πηρός	phro/s	a-p---nv-
παρά	para/	πηρός	phro/s	a-p---na-
παρά	para/	πηρός	phro/s	a-d---fn-
παρά	para/	πηρός	phro/s	a-d---fv-
παρά	para/	πηρός	phro/s	a-d---fa-
παρά	para/	πηρός	phro/s	a-s---fn-
παρά	para/	πηρός	phro/s	a-s---fv-
παράβαινε	para/baine	παραβαίνω	parabai/nw	v2spma---
παράβαινε	para/baine	παραβαίνω	parabai/nw	v3siia---
παράβολος	para/bolos	παράβολος	para/bolos	n-s---mn-
παράβολος	para/bolos	παράβολος	para/bolos	n-s---fn-
παράπαν	para/pan	παράπαν	para/pan	d--------
παράστηθ’	para/sthq'	παρίστημι	pari/sthmi	v2pama---
παράστηθ’	para/sthq'	παρίστημι	pari/sthmi	v2sama---
παράστηθ’	para/sthq'	παρίστημι	pari/sthmi	v2paia---
παράτρεχ’	para/trex'	παρατρέχω	paratre/xw	v2spma---
παράτρεχ’	para/trex'	παρατρέχω	paratre/xw	v3siia---
παρέγραψε	pare/graye	παραγράφω	paragra/fw	v3saia---
παρέχειν	pare/xein	παρέχω	pare/xw	v--pna---
παρέχων	pare/xwn	παραχώννυμι	paraxw/nnumi	v3piia---
παρέχων	pare/xwn	παραχώννυμι	paraxw/nnumi	v1siia---
παρέχων	pare/xwn	παρέχω	pare/xw	v-sppamn-
παρέχῃς	pare/xh|s	παρέχω	pare/xw	v2spsa---
παρόντων	paro/ntwn	πάρειμι1	pa/reimi1	v3ppma---
παρόντων	paro/ntwn	πάρειμι1	pa/reimi1	v-pppamg-
παρόντων	paro/ntwn	πάρειμι1	pa/reimi1	v-pppang-
παρών	parw/n	πάρειμι1	pa/reimi1	v-sppamn-
παρών	parw/n	παρών	parw/n	n-s---mn-
παρών	parw/n	παρών	parw/n	n-s---mv-
παρᾴξας	para/|cas	παραίσσω	parai/ssw	v-sapamn-
παρᾴξας	para/|cas	παραίσσω	parai/ssw	v-sapamv-
παρᾴξας	para/|cas	παραίσσω	parai/ssw	v-sapamn-
παρᾴξας	para/|cas	παραίσσω	parai/ssw	v-sapamv-
παρᾴξας	para/|cas	παραίσσω	parai/ssw	v2saia---
παρᾷξον	para=|con	παραίσσω	parai/ssw	v-sfpamv-
παρᾷξον	para=|con	παραίσσω	parai/ssw	v-sfpann-
παρᾷξον	para=|con	παραίσσω	parai/ssw	v-sfpanv-
παρᾷξον	para=|con	παραίσσω	parai/ssw	v-sfpana-
παρᾷξον	para=|con	παραίσσω	parai/ssw	v-sfpamv-
παρᾷξον	para=|con	παραίσσω	parai/ssw	v-sfpann-
παρᾷξον	para=|con	παραίσσω	parai/ssw	v-sfpanv-
παρᾷξον	para=|con	παραίσσω	parai/ssw	v-sfpana-
παρᾷξον	para=|con	παραίσσω	parai/ssw	v-stiamv-
παρᾷξον	para=|con	παραίσσω	parai/ssw	v-stiann-
παρᾷξον	para=|con	παραίσσω	parai/ssw	v-stianv-
παρᾷξον	para=|con	παραίσσω	parai/ssw	v-stiana-
παρῃτήσαντο	parh|th/santo	παραιτέομαι	paraite/omai	v3paim---
παρῆλθεν	parh=lqen	παρέρχομαι	pare/rxomai	v3saia---
παρῆλθεν	parh=lqen	παρέρχομαι	pare/rxomai	v3saia---
παρῆν	parh=n	πάρειμι1	pa/reimi1	v1siia---
παρῆν	parh=n	πάρειμι1	pa/reimi1	v3piia---
παρῆν	parh=n	πάρειμι1	pa/reimi1	v3siia---
πασπάλην	paspa/lhn	πασπάλη	paspa/lh	n-s---fa-
πατεῖν	patei=n	πατέω	pate/w	v--pna---
πατοῦντι	patou=nti	πατέω	pate/w	v-sppamd-
πατοῦντι	patou=nti	πατέω	pate/w	v-sppand-
πατοῦντι	patou=nti	πατέω	pate/w	v3ppia---
πατρί	patri/	πατήρ	path/r	n-s---md-
πατρί	patri/	πατρίς	patri/s	n-s---fv-
πατρίδιον	patri/dion	πατρίδιον	patri/dion	n-s---nn-
πατρίδιον	patri/dion	πατρίδιον	patri/dion	n-s---nv-
πατρίδιον	patri/dion	πατρίδιον	patri/dion	n-s---na-
πατρός	patro/s	πατήρ	path/r	n-s---mg-
πατρῴοισι	patrw/|oisi	πατρῷος	patrw=|os	a-p---md-
πατρῴοισι	patrw/|oisi	πατρῷος	patrw=|os	a-p---nd-
πατρῴοισι	patrw/|oisi	πατρῷος	patrw=|os	n-p---md-
πατρῴοισι	patrw/|oisi	πατρῷος	patrw=|os	n-p---fd-
πατρῴοισι	patrw/|oisi	πατρῷος	patrw=|os	n-p---nd-
παττάλου	patta/lou	πάσσαλος	pa/ssalos	n-s---mg-
παττάλου	patta/lou	πασσαλόω	passalo/w	v3siia---
παττάλους	patta/lous	πάσσαλος	pa/ssalos	n-p---ma-
παττάλους	patta/lous	πασσαλόω	passalo/w	v2siia---
πατάξαι	pata/cai	πατάσσω	pata/ssw	v--ana---
πατάξαι	pata/cai	πατάσσω	pata/ssw	v3saoa---
πατέρας	pate/ras	πατήρ	path/r	n-p---ma-
πατέριζε	pate/rize	πατερίζω	pateri/zw	v2spma---
πατέριζε	pate/rize	πατερίζω	pateri/zw	v3siia---
πατέρ’	pate/r'	πατήρ	path/r	n-s---ma-
πατέρ’	pate/r'	πατήρ	path/r	n-s---md-
πατέρ’	pate/r'	πατήρ	path/r	n-s---md-
πατέρ’	pate/r'	πατήρ	path/r	n-d---mn-
πατέρ’	pate/r'	πατήρ	path/r	n-d---mv-
πατέρ’	pate/r'	πατήρ	path/r	n-d---ma-
πατήρ	path/r	πατήρ	path/r	n-s---mn-
παυσαμένοις	pausame/nois	παύω	pau/w	v-papmmd-
παυσαμένοις	pausame/nois	παύω	pau/w	v-papmnd-
παυσάμενον	pausa/menon	παύω	pau/w	v-sapmma-
παυσάμενον	pausa/menon	παύω	pau/w	v-sapmnn-
παυσάμενον	pausa/menon	παύω	pau/w	v-sapmnv-
παυσάμενον	pausa/menon	παύω	pau/w	v-sapmna-
παχείαις	paxei/ais	παχύς	paxu/s	a-p---fd-
παχύς	paxu/s	παχύς	paxu/s	a-s---mn-
παίδων	pai/dwn	παῖς	pai=s	n-p---mg-
παίδων	pai/dwn	παῖς	pai=s	n-p---fg-
παίων	pai/wn	παίω1	pai/w1	v-sppamn-
παίων	pai/wn	παίω2	pai/w2	v-sppamn-
παίων	pai/wn	παίων	pai/wn	n-s---mn-
παίων	pai/wn	παίων	pai/wn	n-s---mv-
παύεται	pau/etai	παύω	pau/w	v3spie---
παύσει	pau/sei	παύω	pau/w	v3sasa---
παύσει	pau/sei	παύω	pau/w	v2sfim---
παύσει	pau/sei	παύω	pau/w	v3sfia---
παύσει	pau/sei	παῦσις	pau=sis	n-d---fn-
παύσει	pau/sei	παῦσις	pau=sis	n-d---fv-
παύσει	pau/sei	παῦσις	pau=sis	n-d---fa-
παύσει	pau/sei	παῦσις	pau=sis	n-s---fd-
παύσει	pau/sei	παῦσις	pau=sis	n-s---fd-
παῖ	pai=	παῖς	pai=s	n-s---mv-
παῖ	pai=	παῖς	pai=s	n-s---fv-
παῖδα	pai=da	παῖς	pai=s	n-s---ma-
παῖδα	pai=da	παῖς	pai=s	n-s---fa-
παῖδας	pai=das	παῖς	pai=s	n-p---ma-
παῖδας	pai=das	παῖς	pai=s	n-p---fa-
παῖδ’	pai=d'	παῖς	pai=s	n-s---ma-
παῖδ’	pai=d'	παῖς	pai=s	n-s---fa-
παῖδ’	pai=d'	παῖς	pai=s	n-d---mn-
παῖδ’	pai=d'	παῖς	pai=s	n-d---mv-
παῖδ’	pai=d'	παῖς	pai=s	n-d---ma-
παῖδ’	pai=d'	παῖς	pai=s	n-d---fn-
παῖδ’	pai=d'	παῖς	pai=s	n-d---fv-
παῖδ’	pai=d'	παῖς	pai=s	n-d---fa-
παῖε	pai=e	παίω1	pai/w1	v2spma---
παῖε	pai=e	παίω1	pai/w1	v3siia---
παῖε	pai=e	παίω2	pai/w2	v2spma---
παῖς	pai=s	πᾶς	pa=s	n-s---mn-
παῖς	pai=s	πᾶς	pa=s	n-s---mv-
παῖς	pai=s	παῖς	pai=s	n-s---mn-
παῖς	pai=s	παῖς	pai=s	n-s---fn-
παῦε	pau=e	παύω	pau/w	v2spma---
παῦε	pau=e	παύω	pau/w	v3siia---
παῦσαι	pau=sai	παύω	pau/w	v2samm---
παῦσαι	pau=sai	παύω	pau/w	v--ana---
παῦσόν	pau=so/n	παύω	pau/w	v2sama---
παῦσόν	pau=so/n	παύω	pau/w	v-sfpamv-
παῦσόν	pau=so/n	παύω	pau/w	v-sfpann-
παῦσόν	pau=so/n	παύω	pau/w	v-sfpanv-
παῦσόν	pau=so/n	παύω	pau/w	v-sfpana-
πεζομαχῶν	pezomaxw=n	πεζομάχης	pezoma/xhs	n-p---mg-
πεζομαχῶν	pezomaxw=n	πεζομαχέω	pezomaxe/w	v-sppamn-
πεινῇ	peinh=|	πεινάω	peina/w	v2spse---
πεινῇ	peinh=|	πεινάω	peina/w	v2spie---
πεινῇ	peinh=|	πεινάω	peina/w	v3spsa---
πεινῇ	peinh=|	πεινάω	peina/w	v3spia---
πεινῇ	peinh=|	πεινέω	peine/w	v2spse---
πεινῇ	peinh=|	πεινέω	peine/w	v2spie---
πεινῇ	peinh=|	πεινέω	peine/w	v3spsa---
πεινῶν	peinw=n	πεῖνα	pei=na	n-p---fg-
πεινῶν	peinw=n	πεῖνα	pei=na	n-p---fg-
πεινῶν	peinw=n	πεινάω	peina/w	v-sppamv-
πεινῶν	peinw=n	πεινάω	peina/w	v-sppann-
πεινῶν	peinw=n	πεινάω	peina/w	v-sppanv-
πεινῶν	peinw=n	πεινάω	peina/w	v-sppana-
πεινῶν	peinw=n	πεινάω	peina/w	v-sppamn-
πεινῶν	peinw=n	πεινέω	peine/w	v-sppamn-
πειρῶν	peirw=n	πεῖρα	pei=ra	n-p---fg-
πειρῶν	peirw=n	πειρά	peira/	n-p---fg-
πειρῶν	peirw=n	πειράω	peira/w	v-sppamv-
πειρῶν	peirw=n	πειράω	peira/w	v-sppann-
πειρῶν	peirw=n	πειράω	peira/w	v-sppanv-
πειρῶν	peirw=n	πειράω	peira/w	v-sppana-
πειρῶν	peirw=n	πειράω	peira/w	v-sppamn-
πειρῶν	peirw=n	πειράω	peira/w	v-sppamn-
πειρῶν	peirw=n	πειράζω	peira/zw	v-sfpamv-
πειρῶν	peirw=n	πειράζω	peira/zw	v-sfpann-
πειρῶν	peirw=n	πειράζω	peira/zw	v-sfpanv-
πειρῶν	peirw=n	πειράζω	peira/zw	v-sfpana-
πειρῶν	peirw=n	πειράζω	peira/zw	v-sfpamn-
πεντήκοντα	penth/konta	πεντήκοντα	penth/konta	m--------
πεντήκοντ’	penth/kont'	πεντήκοντα	penth/konta	m--------
πενέστης	pene/sths	πενέστης	pene/sths	n-s---mn-
πενίαν	peni/an	πενία	peni/a	n-s---fa-
πεπειράσθω	pepeira/sqw	πειράω	peira/w	v3srme---
πεπειράσθω	pepeira/sqw	πειράω	peira/w	v3srme---
πεπειράσθω	pepeira/sqw	πειράζω	peira/zw	v3srme---
πεπειράσθω	pepeira/sqw	περαίνω	perai/nw	v3srme---
πεπνιγμένον	pepnigme/non	πνίγω	pni/gw	v-srpema-
πεπνιγμένον	pepnigme/non	πνίγω	pni/gw	v-srpenn-
πεπνιγμένον	pepnigme/non	πνίγω	pni/gw	v-srpenv-
πεπνιγμένον	pepnigme/non	πνίγω	pni/gw	v-srpena-
πεποιηκώς	pepoihkw/s	ποιέω	poie/w	v-srpamn-
πεποιηκώς	pepoihkw/s	ποιέω	poie/w	v-srpamv-
πεπονθέναι	peponqe/nai	πάσχω	pa/sxw	v--rna---
πεπονθότα	peponqo/ta	πάσχω	pa/sxw	v-prpann-
πεπονθότα	peponqo/ta	πάσχω	pa/sxw	v-prpanv-
πεπονθότα	peponqo/ta	πάσχω	pa/sxw	v-prpana-
πεπονθότα	peponqo/ta	πάσχω	pa/sxw	v-srpama-
πεποίηκα	pepoi/hka	ποιέω	poie/w	v1sria---
πεπράσει	pepra/sei	πέρνημι	pe/rnhmi	v2sfim---
πεπωκότες	pepwko/tes	πίνω	pi/nw	v-prpamn-
πεπωκότες	pepwko/tes	πίνω	pi/nw	v-prpamv-
πεπᾶναι	pepa=nai	πεπαίνω	pepai/nw	v--ana---
περαίνεται	perai/netai	περαίνω	perai/nw	v3spie---
περιβαλῶ	peribalw=	περιβάλλω	periba/llw	v1sfia---
περιβαίνει	peribai/nei	περιβαίνω	peribai/nw	v2spie---
περιβαίνει	peribai/nei	περιβαίνω	peribai/nw	v3spia---
περιγιγνόμενος	perigigno/menos	περιγίγνομαι	perigi/gnomai	v-sppemn-
περιδραμεῖται	peridramei=tai	περιτρέχω	peritre/xw	v3sfim---
περιελθεῖν	perielqei=n	περιέρχομαι	perie/rxomai	v--ana---
περικωμάζειν	perikwma/zein	περικωμάζω	perikwma/zw	v--pna---
περικωμάζειν	perikwma/zein	περικωμάζω	perikwma/zw	v--pna---
περικωνεῖ	perikwnei=	περικωνέω	perikwne/w	v2spie---
περικωνεῖ	perikwnei=	περικωνέω	perikwne/w	v3spia---
περικωνεῖ	perikwnei=	περικωνέω	perikwne/w	v2spie---
περικωνεῖ	perikwnei=	περικωνέω	perikwne/w	v3spia---
περιορᾷς	periora=|s	περιοράω	periora/w	v2spsa---
περιορᾷς	periora=|s	περιοράω	periora/w	v2spia---
περιορᾷς	periora=|s	περιοράω	periora/w	v2spsa---
περιορᾷς	periora=|s	περιοράω	periora/w	v2spia---
περιπατοῦντε	peripatou=nte	περιπατέω	peripate/w	v-dppamn-
περιπατοῦντε	peripatou=nte	περιπατέω	peripate/w	v-dppamv-
περιπατοῦντε	peripatou=nte	περιπατέω	peripate/w	v-dppama-
περιπατοῦντε	peripatou=nte	περιπατέω	peripate/w	v-dppann-
περιπατοῦντε	peripatou=nte	περιπατέω	peripate/w	v-dppanv-
περιπατοῦντε	peripatou=nte	περιπατέω	peripate/w	v-dppana-
περιπατοῦντε	peripatou=nte	περιπατέω	peripate/w	v-dppamn-
περιπατοῦντε	peripatou=nte	περιπατέω	peripate/w	v-dppamv-
περιπατοῦντε	peripatou=nte	περιπατέω	peripate/w	v-dppama-
περιπατοῦντε	peripatou=nte	περιπατέω	peripate/w	v-dppann-
περιπατοῦντε	peripatou=nte	περιπατέω	peripate/w	v-dppanv-
περιπατοῦντε	peripatou=nte	περιπατέω	peripate/w	v-dppana-
περιπεσοῦμαι	peripesou=mai	περιπίπτω	peripi/ptw	v1sfim---
περιπεφθείς	peripefqei/s	περιπέσσω	peripe/ssw	v-sappmn-
περιπεφθείς	peripefqei/s	περιπέσσω	peripe/ssw	v-sappmv-
περιπλεύσας	peripleu/sas	περιπλέω	periple/w	v-pppafa-
περιπλεύσας	peripleu/sas	περιπλέω	periple/w	v-sppafg-
περιπλεύσας	peripleu/sas	περιπλέω	periple/w	v-sapamn-
περιπλεύσας	peripleu/sas	περιπλέω	periple/w	v-sapamv-
περισέμνου	perise/mnou	περίσεμνος	peri/semnos	a-s---mg-
περισέμνου	perise/mnou	περίσεμνος	peri/semnos	a-s---ng-
περιτρώγει	peritrw/gei	περιτρώγω	peritrw/gw	v2spie---
περιτρώγει	peritrw/gei	περιτρώγω	peritrw/gw	v3spia---
περιτρώγων	peritrw/gwn	περιτρώγω	peritrw/gw	v-sppamn-
περιχαρής	perixarh/s	περιχαρής	perixarh/s	n-s---mn-
περιχαρής	perixarh/s	περιχαρής	perixarh/s	n-s---fn-
περιάγω	peria/gw	περιάγω	peria/gw	v1spsa---
περιάγω	peria/gw	περιάγω	peria/gw	v1spia---
περιύβριζεν	periu/brizen	περιυβρίζω	periubri/zw	v3siia---
περιύβριζεν	periu/brizen	περιυβρίζω	periubri/zw	v3siia---
περιύβριζεν	periu/brizen	περιυβρίζω	periubri/zw	v3siia---
περί	peri/	περί	peri/	r--------
πεσών	pesw/n	πίπτω	pi/ptw	v-sapamn-
πεφυκέναι	pefuke/nai	φύω	fu/w	v--rna---
πεφυκέναι	pefuke/nai	φύζω	fu/zw	v--rna---
πείθεις	pei/qeis	πείθω	pei/qw	v2spia---
πείθεται	pei/qetai	πείθω	pei/qw	v3spie---
πείσει	pei/sei	πάσχω	pa/sxw	v2sfim---
πείσει	pei/sei	πείθω	pei/qw	v3sasa---
πείσει	pei/sei	πείθω	pei/qw	v2sfim---
πείσει	pei/sei	πείθω	pei/qw	v3sfia---
πείσει	pei/sei	πεῖσις	pei=sis	n-d---fn-
πείσει	pei/sei	πεῖσις	pei=sis	n-d---fv-
πείσει	pei/sei	πεῖσις	pei=sis	n-d---fa-
πείσει	pei/sei	πεῖσις	pei=sis	n-s---fd-
πείσει	pei/sei	πεῖσις	pei=sis	n-s---fd-
πείσει	pei/sei	πεῖσος	pei=sos	n-d---nn-
πείσει	pei/sei	πεῖσος	pei=sos	n-d---nv-
πείσει	pei/sei	πεῖσος	pei=sos	n-d---na-
πείσει	pei/sei	πεῖσος	pei=sos	n-s---nd-
πείσει	pei/sei	πεῖσος	pei=sos	n-s---nd-
πείσομαι	pei/somai	πάσχω	pa/sxw	v1sfim---
πείσομαι	pei/somai	πείθω	pei/qw	v1sasm---
πείσομαι	pei/somai	πείθω	pei/qw	v1sfim---
πηγάνῳ	phga/nw|	πήγανον	ph/ganon	n-s---nd-
πηδᾶτε	phda=te	πηδάω	phda/w	v2ppma---
πηδᾶτε	phda=te	πηδάω	phda/w	v2ppsa---
πηδᾶτε	phda=te	πηδάω	phda/w	v2ppia---
πηδᾶτε	phda=te	πηδάω	phda/w	v2piia---
πηδῶσι	phdw=si	πηδάω	phda/w	v-pppamd-
πηδῶσι	phdw=si	πηδάω	phda/w	v-pppand-
πηδῶσι	phdw=si	πηδάω	phda/w	v3ppsa---
πηδῶσι	phdw=si	πηδάω	phda/w	v3ppia---
πηδῶσι	phdw=si	πηδάω	phda/w	v3ppsa---
πηλόν	phlo/n	πηλός	phlo/s	n-s---ma-
πηλόν	phlo/n	πηλός	phlo/s	n-s---fa-
πιεῖν	piei=n	πίνω	pi/nw	v--ana---
πιθοῦ	piqou=	πείθω	pei/qw	v2samm---
πιθοῦ	piqou=	πιθέω	piqe/w	v2spme---
πιθοῦ	piqou=	πιθόω	piqo/w	v2spme---
πιθοῦ	piqou=	πιθόω	piqo/w	v2siie---
πιθέσθαι	piqe/sqai	πείθω	pei/qw	v--anm---
πιθόμενός	piqo/meno/s	πείθω	pei/qw	v-sapmmn-
πινοτήρης	pinoth/rhs	πινοτήρης	pinoth/rhs	n-s---mn-
πινάκιον	pina/kion	πινάκιον	pina/kion	n-s---nn-
πινάκιον	pina/kion	πινάκιον	pina/kion	n-s---nv-
πινάκιον	pina/kion	πινάκιον	pina/kion	n-s---na-
πιτυλεύσας	pituleu/sas	πιτυλεύω	pituleu/w	v-sapamn-
πιτυλεύσας	pituleu/sas	πιτυλεύω	pituleu/w	v-sapamv-
πλευραῖς	pleurai=s	πλευρά	pleura/	n-p---fd-
πλευράν	pleura/n	πλευρά	pleura/	n-s---fa-
πλείονα	plei/ona	πλείων	plei/wn	a-p---nn-
πλείονα	plei/ona	πλείων	plei/wn	a-p---nv-
πλείονα	plei/ona	πλείων	plei/wn	a-p---na-
πλείονα	plei/ona	πλείων	plei/wn	a-s---ma-
πλείονα	plei/ona	πλείων	plei/wn	a-s---fa-
πλείονα	plei/ona	πλείων	plei/wn	a-p---nn-
πλείους	plei/ous	πλέως	ple/ws	a-p---ma-
πλείους	plei/ous	πλείων	plei/wn	a-p---mn-
πλείους	plei/ous	πλείων	plei/wn	a-p---ma-
πλείους	plei/ous	πλείων	plei/wn	a-p---fn-
πλείους	plei/ous	πλείων	plei/wn	a-p---fa-
πλείους	plei/ous	πλείων	plei/wn	a-p---ma-
πλείους	plei/ous	πλείων	plei/wn	a-p---fa-
πλείους	plei/ous	πλείων	plei/wn	a-p---mn-
πλείους	plei/ous	πλείων	plei/wn	a-p---fn-
πλείστων	plei/stwn	πλεῖστος	plei=stos	a-p---fg-
πλείστων	plei/stwn	πλεῖστος	plei=stos	a-p---mg-
πλείστων	plei/stwn	πλεῖστος	plei=stos	a-p---ng-
πλεῖστα	plei=sta	πλεῖστος	plei=stos	a-p---nn-
πλεῖστα	plei=sta	πλεῖστος	plei=stos	a-p---nv-
πλεῖστα	plei=sta	πλεῖστος	plei=stos	a-p---na-
πλεῖστον	plei=ston	πλεῖστος	plei=stos	a-s---ma-
πλεῖστον	plei=ston	πλεῖστος	plei=stos	a-s---nn-
πλεῖστον	plei=ston	πλεῖστος	plei=stos	a-s---nv-
πλεῖστον	plei=ston	πλεῖστος	plei=stos	a-s---na-
πληγείς	plhgei/s	πλήσσω	plh/ssw	v-sappmn-
πληγείς	plhgei/s	πλήσσω	plh/ssw	v-sappmv-
πληγείς	plhgei/s	πλήσσω	plh/ssw	v-sappmn-
πληγείς	plhgei/s	πλήσσω	plh/ssw	v-sappmv-
πληγάς	plhga/s	πληγάς	plhga/s	n-s---fn-
πληγάς	plhga/s	πληγή	plhgh/	n-p---fa-
πλησιόχωρον	plhsio/xwron	πλησιόχωρος	plhsio/xwros	n-s---ma-
πλησιόχωρον	plhsio/xwron	πλησιόχωρος	plhsio/xwros	n-s---fa-
πλησιόχωρον	plhsio/xwron	πλησιόχωρος	plhsio/xwros	n-s---nn-
πλησιόχωρον	plhsio/xwron	πλησιόχωρος	plhsio/xwros	n-s---nv-
πλησιόχωρον	plhsio/xwron	πλησιόχωρος	plhsio/xwros	n-s---na-
πλησίον	plhsi/on	πίμπλημι	pi/mplhmi	v-sfpamv-
πλησίον	plhsi/on	πίμπλημι	pi/mplhmi	v-sfpann-
πλησίον	plhsi/on	πίμπλημι	pi/mplhmi	v-sfpanv-
πλησίον	plhsi/on	πίμπλημι	pi/mplhmi	v-sfpana-
πλησίον	plhsi/on	πλησίος	plhsi/os	d--------
πλησίον	plhsi/on	πλησίος	plhsi/os	a-s---ma-
πλησίον	plhsi/on	πλησίος	plhsi/os	a-s---nn-
πλησίον	plhsi/on	πλησίος	plhsi/os	a-s---nv-
πλησίον	plhsi/on	πλησίος	plhsi/os	a-s---na-
πλουθυγιείαν	plouqugiei/an	πλουθυγίεια	plouqugi/eia	n-s---fa-
πλουσίων	plousi/wn	πλούσιος	plou/sios	a-p---fg-
πλουσίων	plousi/wn	πλούσιος	plou/sios	a-p---mg-
πλουσίων	plousi/wn	πλούσιος	plou/sios	a-p---ng-
πλουσίων	plousi/wn	πλουσιάω	plousia/w	v3piia---
πλουσίων	plousi/wn	πλουσιάω	plousia/w	v1siia---
πλουσίως	plousi/ws	πλούσιος	plou/sios	x--------
πλουσίως	plousi/ws	πλούσιος	plou/sios	a-p---ma-
πλουτεῖν	ploutei=n	πλουτέω	ploute/w	v--pna---
πλουτοῦντες	ploutou=ntes	πλουτέω	ploute/w	v-pppamn-
πλουτοῦντες	ploutou=ntes	πλουτέω	ploute/w	v-pppamv-
πλούτου	plou/tou	πλοῦτοσ1	plou=tos1	n-s---mg-
πλάνων	pla/nwn	πλάνος	pla/nos	n-p---mg-
πλάνων	pla/nwn	πλάνος	pla/nos	n-p---fg-
πλάνων	pla/nwn	πλάνος	pla/nos	n-p---ng-
πλάνων	pla/nwn	πλανάω	plana/w	v3piia---
πλάνων	pla/nwn	πλανάω	plana/w	v1siia---
πλάσαι	pla/sai	πλάσσω	pla/ssw	v2samm---
πλάσαι	pla/sai	πλάσσω	pla/ssw	v--ana---
πλάσαι	pla/sai	πλάσσω	pla/ssw	v3saoa---
πλέκειν	ple/kein	πλέκω	ple/kw	v--pna---
πλέων	ple/wn	πλέος	ple/os	n-p---mg-
πλέων	ple/wn	πλέος	ple/os	n-p---ng-
πλέων	ple/wn	πλέω	ple/w	v-sppamn-
πλέων	ple/wn	πλέως	ple/ws	a-p---fg-
πλέων	ple/wn	πλέως	ple/ws	a-p---mg-
πλέων	ple/wn	πλέως	ple/ws	a-p---ng-
πλέων	ple/wn	πλέως	ple/ws	n-p---mg-
πλέων	ple/wn	πλέως	ple/ws	n-p---ng-
πλέων	ple/wn	πλέως	ple/ws	n-s---ma-
πλέων	ple/wn	πλέως	ple/ws	n-s---nn-
πλέων	ple/wn	πλέως	ple/ws	n-s---nv-
πλέων	ple/wn	πλέως	ple/ws	n-s---na-
πλέων	ple/wn	πλείων	plei/wn	a-s---mn-
πλέων	ple/wn	πλείων	plei/wn	a-s---fn-
πλήθους	plh/qous	πλῆθος	plh=qos	n-s---ng-
πλήν	plh/n	πλήν	plh/n	r--------
πλήρωμα	plh/rwma	πλήρωμα	plh/rwma	n-s---nn-
πλήρωμα	plh/rwma	πλήρωμα	plh/rwma	n-s---nv-
πλήρωμα	plh/rwma	πλήρωμα	plh/rwma	n-s---na-
πλῆθος	plh=qos	πλῆθος	plh=qos	n-s---nn-
πλῆθος	plh=qos	πλῆθος	plh=qos	n-s---nv-
πλῆθος	plh=qos	πλῆθος	plh=qos	n-s---na-
ποδῶν	podw=n	ποδόω	podo/w	v-sppamv-
ποδῶν	podw=n	ποδόω	podo/w	v-sppann-
ποδῶν	podw=n	ποδόω	podo/w	v-sppanv-
ποδῶν	podw=n	ποδόω	podo/w	v-sppana-
ποδῶν	podw=n	ποδόω	podo/w	v-sppamn-
ποδῶν	podw=n	ποδόω	podo/w	v--pna---
ποδῶν	podw=n	πούς	pou/s	n-p---mg-
ποθεν	poqen	ποθεν	poqen	g--------
ποθεῖν	poqei=n	ποθέω	poqe/w	v--pna---
ποθέν	poqe/n	πίνω	pi/nw	v-sappnn-
ποθέν	poqe/n	πίνω	pi/nw	v-sappnv-
ποθέν	poqe/n	πίνω	pi/nw	v-sappna-
ποθέν	poqe/n	ποθεν	poqen	g--------
ποιεῖ	poiei=	ποιέω	poie/w	v2spie---
ποιεῖ	poiei=	ποιέω	poie/w	v3spia---
ποιεῖν	poiei=n	ποιέω	poie/w	v--pna---
ποιεῖς	poiei=s	ποιέω	poie/w	v2spia---
ποιηταῖς	poihtai=s	ποιητής	poihth/s	n-p---md-
ποιηταῖς	poihtai=s	ποιητός	poihto/s	a-p---fd-
ποιητής	poihth/s	ποιητής	poihth/s	n-s---mn-
ποιητῶν	poihtw=n	ποιητής	poihth/s	n-p---mg-
ποιητῶν	poihtw=n	ποιητός	poihto/s	a-p---fg-
ποιητῶν	poihtw=n	ποιητός	poihto/s	a-p---mg-
ποιητῶν	poihtw=n	ποιητός	poihto/s	a-p---ng-
ποιοίην	poioi/hn	ποιέω	poie/w	v1spoa---
ποιοίην	poioi/hn	ποιόω	poio/w	v1spoa---
ποιοῦσ’	poiou=s'	ποιέω	poie/w	v-sppafn-
ποιοῦσ’	poiou=s'	ποιέω	poie/w	v-sppafv-
ποιοῦσ’	poiou=s'	ποιέω	poie/w	v-pppamd-
ποιοῦσ’	poiou=s'	ποιέω	poie/w	v-pppand-
ποιοῦσ’	poiou=s'	ποιέω	poie/w	v3ppia---
ποιοῦσ’	poiou=s'	ποιέω	poie/w	v-pppafn-
ποιοῦσ’	poiou=s'	ποιέω	poie/w	v-pppafv-
ποιοῦσ’	poiou=s'	ποιόω	poio/w	v-sppafn-
ποιοῦσ’	poiou=s'	ποιόω	poio/w	v-sppafv-
ποιοῦσ’	poiou=s'	ποιόω	poio/w	v-pppamd-
ποιοῦσ’	poiou=s'	ποιόω	poio/w	v-pppand-
ποιοῦσ’	poiou=s'	ποιόω	poio/w	v3ppia---
ποιοῦσ’	poiou=s'	ποιόω	poio/w	v-pppafn-
ποιοῦσ’	poiou=s'	ποιόω	poio/w	v-pppafv-
ποιήσει	poih/sei	ποίησις	poi/hsis	n-d---fn-
ποιήσει	poih/sei	ποίησις	poi/hsis	n-d---fv-
ποιήσει	poih/sei	ποίησις	poi/hsis	n-d---fa-
ποιήσει	poih/sei	ποίησις	poi/hsis	n-s---fd-
ποιήσει	poih/sei	ποίησις	poi/hsis	n-s---fd-
ποιήσει	poih/sei	ποιέω	poie/w	v3sasa---
ποιήσει	poih/sei	ποιέω	poie/w	v2sfim---
ποιήσει	poih/sei	ποιέω	poie/w	v3sfia---
ποιήσετε	poih/sete	ποιέω	poie/w	v2pasa---
ποιήσετε	poih/sete	ποιέω	poie/w	v2pfia---
ποιήσομεν	poih/somen	ποιέω	poie/w	v1pasa---
ποιήσομεν	poih/somen	ποιέω	poie/w	v1pfia---
ποιήσω	poih/sw	ποιέω	poie/w	v1sasa---
ποιήσω	poih/sw	ποιέω	poie/w	v1sfia---
ποιήσω	poih/sw	ποιέω	poie/w	v2saim---
ποιῆθ’	poih=q'	ποιέω	poie/w	v2ppma---
ποιῆθ’	poih=q'	ποιέω	poie/w	v2ppsa---
ποιῆθ’	poih=q'	ποιέω	poie/w	v2ppia---
ποιῆθ’	poih=q'	ποιέω	poie/w	v3spse---
ποιῆθ’	poih=q'	ποιέω	poie/w	v3spie---
ποιῆθ’	poih=q'	ποιέω	poie/w	v3siie---
ποιῆθ’	poih=q'	ποιέω	poie/w	v2piia---
ποιῆσαι	poih=sai	ποιέω	poie/w	v--ana---
ποιῶ	poiw=	ποιέω	poie/w	v1spsa---
ποιῶ	poiw=	ποιέω	poie/w	v1spia---
ποιῶ	poiw=	ποιός	poio/s	a-s---mg-
ποιῶ	poiw=	ποιός	poio/s	a-s---ng-
ποιῶ	poiw=	ποιόω	poio/w	v1spsa---
ποιῶ	poiw=	ποιόω	poio/w	v1spia---
ποιῶν	poiw=n	πόα	po/a	n-p---fg-
ποιῶν	poiw=n	ποιέω	poie/w	v-sppamn-
ποιῶν	poiw=n	ποιός	poio/s	a-p---fg-
ποιῶν	poiw=n	ποιός	poio/s	a-p---mg-
ποιῶν	poiw=n	ποιός	poio/s	a-p---ng-
ποιῶν	poiw=n	ποιόω	poio/w	v-sppamv-
ποιῶν	poiw=n	ποιόω	poio/w	v-sppann-
ποιῶν	poiw=n	ποιόω	poio/w	v-sppanv-
ποιῶν	poiw=n	ποιόω	poio/w	v-sppana-
ποιῶν	poiw=n	ποιόω	poio/w	v-sppamn-
ποιῶν	poiw=n	ποιόω	poio/w	v--pna---
πολεμεῖ	polemei=	πολεμέω	poleme/w	v2spie---
πολεμεῖ	polemei=	πολεμέω	poleme/w	v3spia---
πολεμίαν	polemi/an	πολέμιος	pole/mios	a-s---fa-
πολιορκῶν	poliorkw=n	πολιορκέω	poliorke/w	v-sppamn-
πολιτῶν	politw=n	πολίτης	poli/ths	n-p---mg-
πολιός	polio/s	πολιός	polio/s	a-s---mn-
πολιός	polio/s	πολιός	polio/s	n-s---mn-
πολιός	polio/s	πολιός	polio/s	n-s---fn-
πολιώτεραι	poliw/terai	πολιός	polio/s	a-p---fn-
πολιώτεραι	poliw/terai	πολιός	polio/s	a-p---fv-
πολιώτεραι	poliw/terai	πολιός	polio/s	n-p---fn-
πολιώτεραι	poliw/terai	πολιός	polio/s	n-p---fv-
πολλαχοῦ	pollaxou=	πολλαχοῦ	pollaxou=	d--------
πολλαῖς	pollai=s	πολύς	polu/s	a-p---fd-
πολλοί	polloi/	πολύς	polu/s	a-p---mn-
πολλοί	polloi/	πολύς	polu/s	a-p---mv-
πολλούς	pollou/s	πολύς	polu/s	a-p---ma-
πολλοῖς	polloi=s	πολύς	polu/s	a-p---md-
πολλοῖς	polloi=s	πολύς	polu/s	a-p---nd-
πολλοῦ	pollou=	πολύς	polu/s	a-s---mg-
πολλοῦ	pollou=	πολύς	polu/s	a-s---ng-
πολλά	polla/	πολύς	polu/s	a-d---fn-
πολλά	polla/	πολύς	polu/s	a-d---fv-
πολλά	polla/	πολύς	polu/s	a-d---fa-
πολλά	polla/	πολύς	polu/s	a-s---fn-
πολλά	polla/	πολύς	polu/s	a-s---fv-
πολλά	polla/	πολύς	polu/s	a-p---nn-
πολλά	polla/	πολύς	polu/s	a-p---nv-
πολλά	polla/	πολύς	polu/s	a-p---na-
πολλάκις	polla/kis	πολλάκις	polla/kis	d--------
πολλάς	polla/s	πολύς	polu/s	a-p---fa-
πολλῶν	pollw=n	πολύς	polu/s	a-p---fg-
πολλῶν	pollw=n	πολύς	polu/s	a-p---mg-
πολλῶν	pollw=n	πολύς	polu/s	a-p---ng-
πολλῷ	pollw=|	πολύς	polu/s	a-s---md-
πολλῷ	pollw=|	πολύς	polu/s	a-s---nd-
πολυμαθῶν	polumaqw=n	πολυμαθέω	polumaqe/w	v-sppamn-
πολυμαθῶν	polumaqw=n	πολυμαθής	polumaqh/s	n-p---mg-
πολυμαθῶν	polumaqw=n	πολυμαθής	polumaqh/s	n-p---fg-
πολυμαθῶν	polumaqw=n	πολυμαθής	polumaqh/s	n-p---ng-
πολυτίμητοι	poluti/mhtoi	πολυτίμητος	poluti/mhtos	a-p---mn-
πολυτίμητοι	poluti/mhtoi	πολυτίμητος	poluti/mhtos	a-p---mv-
πολυτίμητοι	poluti/mhtoi	πολυτίμητος	poluti/mhtos	n-p---mn-
πολυτίμητοι	poluti/mhtoi	πολυτίμητος	poluti/mhtos	n-p---mv-
πολυτίμητοι	poluti/mhtoi	πολυτίμητος	poluti/mhtos	n-p---fn-
πολυτίμητοι	poluti/mhtoi	πολυτίμητος	poluti/mhtos	n-p---fv-
πολέμαρχον	pole/marxon	πολέμαρχος	pole/marxos	n-s---ma-
πολέμου	pole/mou	πόλεμος	po/lemos	n-s---mg-
πολέμου	pole/mou	πολεμόω	polemo/w	v2spma---
πολέμου	pole/mou	πολεμόω	polemo/w	v3siia---
πολύ	polu/	πολύς	polu/s	n-s---nn-
πολύ	polu/	πολύς	polu/s	n-s---nv-
πολύ	polu/	πολύς	polu/s	n-s---na-
πολύμητις	polu/mhtis	πολύμητις	polu/mhtis	n-s---mn-
πολύμητις	polu/mhtis	πολύμητις	polu/mhtis	n-s---fn-
πολύν	polu/n	πολύς	polu/s	n-s---ma-
πονηράν	ponhra/n	πονηρός	ponhro/s	a-s---fa-
πονηρός	ponhro/s	πονηρός	ponhro/s	a-s---mn-
ποντομέδων	pontome/dwn	ποντομέδων	pontome/dwn	n-s---mn-
ποντομέδων	pontome/dwn	ποντομέδων	pontome/dwn	n-s---mv-
ποντομέδων	pontome/dwn	ποντομέδων	pontome/dwn	n-s---mn-
ποππύζουσιν	poppu/zousin	ποππύζω	poppu/zw	v-pppamd-
ποππύζουσιν	poppu/zousin	ποππύζω	poppu/zw	v-pppand-
ποππύζουσιν	poppu/zousin	ποππύζω	poppu/zw	v3ppia---
ποριεῖν	poriei=n	πορίζω	pori/zw	v--fna---
πορνεῖ’	pornei='	πορνεία	pornei/a	n-p---fn-
πορνεῖ’	pornei='	πορνεία	pornei/a	n-p---fv-
πορνεῖ’	pornei='	πορνεῖον	pornei=on	n-p---nn-
πορνεῖ’	pornei='	πορνεῖον	pornei=on	n-p---nv-
πορνεῖ’	pornei='	πορνεῖον	pornei=on	n-p---na-
πορίσαι	pori/sai	πορίζω	pori/zw	v--ana---
πορίσαι	pori/sai	πορίζω	pori/zw	v3saoa---
ποτε	pote	ποτέ	pote/	g--------
ποτέ	pote/	ποτέ	pote/	g--------
ποτέ	pote/	ποτός	poto/s	a-s---mv-
που	pou	πού	pou/	d--------
ποίαν	poi/an	πόα	po/a	n-s---fa-
ποίαν	poi/an	ποῖος	poi=os	a-s---fa-
ποίας	poi/as	πόα	po/a	n-p---fa-
ποίας	poi/as	πόα	po/a	n-s---fg-
ποίας	poi/as	ποῖος	poi=os	a-p---fa-
ποίας	poi/as	ποῖος	poi=os	a-s---fg-
ποίει	poi/ei	ποιέω	poie/w	v2spma---
ποίει	poi/ei	ποιέω	poie/w	v3siia---
ποίησον	poi/hson	ποιέω	poie/w	v2sama---
πού	pou/	πού	pou/	d--------
ποῖ	poi=	ποι	poi	d--------
ποῖ	poi=	ποῖ	poi=	d--------
ποῖον	poi=on	ποῖος	poi=os	a-s---ma-
ποῖον	poi=on	ποῖος	poi=os	a-s---nn-
ποῖον	poi=on	ποῖος	poi=os	a-s---nv-
ποῖον	poi=on	ποῖος	poi=os	a-s---na-
ποῖος	poi=os	ποῖος	poi=os	a-s---mn-
ποῖός	poi=o/s	ποῖος	poi=os	a-s---mn-
ποῦ	pou=	πού	pou/	d--------
ποῦ	pou=	ποῦ	pou=	x--------
πραγμάτων	pragma/twn	πρᾶγμα	pra=gma	n-p---ng-
πραττόμενόν	pratto/meno/n	πράσσω	pra/ssw	v-sppema-
πραττόμενόν	pratto/meno/n	πράσσω	pra/ssw	v-sppenn-
πραττόμενόν	pratto/meno/n	πράσσω	pra/ssw	v-sppenv-
πραττόμενόν	pratto/meno/n	πράσσω	pra/ssw	v-sppena-
πρεσβεύων	presbeu/wn	πρεσβεύω	presbeu/w	v-sppamn-
πρεσβυτῶν	presbutw=n	πρεσβύτης	presbu/ths	n-p---mg-
πρεσβύτερος	presbu/teros	πρέσβυς	pre/sbus	a-s---mn-
πρεσβύτῃ	presbu/th|	πρεσβύτης	presbu/ths	n-s---md-
πρεσβῦτα	presbu=ta	πρεσβύτης	presbu/ths	n-s---mv-
πρεσβῦτα	presbu=ta	πρεσβύτης	presbu/ths	n-s---mn-
πρινώδη	prinw/dh	πρινώδης	prinw/dhs	n-p---nn-
πρινώδη	prinw/dh	πρινώδης	prinw/dhs	n-p---nv-
πρινώδη	prinw/dh	πρινώδης	prinw/dhs	n-p---na-
πρινώδη	prinw/dh	πρινώδης	prinw/dhs	n-d---mn-
πρινώδη	prinw/dh	πρινώδης	prinw/dhs	n-d---mv-
πρινώδη	prinw/dh	πρινώδης	prinw/dhs	n-d---ma-
πρινώδη	prinw/dh	πρινώδης	prinw/dhs	n-d---fn-
πρινώδη	prinw/dh	πρινώδης	prinw/dhs	n-d---fv-
πρινώδη	prinw/dh	πρινώδης	prinw/dhs	n-d---fa-
πρινώδη	prinw/dh	πρινώδης	prinw/dhs	n-d---nn-
πρινώδη	prinw/dh	πρινώδης	prinw/dhs	n-d---nv-
πρινώδη	prinw/dh	πρινώδης	prinw/dhs	n-d---na-
πρινώδη	prinw/dh	πρινώδης	prinw/dhs	n-s---ma-
πρινώδη	prinw/dh	πρινώδης	prinw/dhs	n-s---fa-
προαγωγούς	proagwgou/s	προαγωγός	proagwgo/s	n-p---ma-
προβατίοις	probati/ois	προβάτιον	proba/tion	n-p---nd-
προβάλλῃ	proba/llh|	προβάλλω	proba/llw	v2spse---
προβάλλῃ	proba/llh|	προβάλλω	proba/llw	v2spie---
προβάλλῃ	proba/llh|	προβάλλω	proba/llw	v3spsa---
προβάς	proba/s	προβαίνω	probai/nw	v-sapamn-
προβάς	proba/s	προβαίνω	probai/nw	v-sapamv-
προβάτοισι	proba/toisi	πρόβατον	pro/baton	n-p---nd-
προβύσειν	probu/sein	προβύω	probu/w	v--fna---
προδόντων	prodo/ntwn	προδίδωμι	prodi/dwmi	v-papamg-
προδόντων	prodo/ntwn	προδίδωμι	prodi/dwmi	v-papang-
προδόντων	prodo/ntwn	προδίδωμι	prodi/dwmi	v-papamg-
προδόντων	prodo/ntwn	προδίδωμι	prodi/dwmi	v-papang-
προδόντων	prodo/ntwn	προδίδωμι	prodi/dwmi	v3pama---
προδώσειν	prodw/sein	προδίδωμι	prodi/dwmi	v--fna---
προδώσω	prodw/sw	προδίδωμι	prodi/dwmi	v1sfia---
προθυμοῦμαί	proqumou=mai/	προθυμέομαι	proqume/omai	v1spie---
προθυμοῦμαί	proqumou=mai/	προθυμέομαι	proqume/omai	v1spie---
προθύροις	proqu/rois	πρόθυρον	pro/quron	n-p---nd-
προθύρου	proqu/rou	πρόθυρον	pro/quron	n-s---ng-
προκαθεύδει	prokaqeu/dei	πρό-καθεύδω	pro/-kaqeu/dw	v2spie---
προκαθεύδει	prokaqeu/dei	πρό-καθεύδω	pro/-kaqeu/dw	v3spia---
προκαταγίγνωσκ’	prokatagi/gnwsk'	προκαταγιγνώσκω	prokatagignw/skw	v2spma---
προκαταγίγνωσκ’	prokatagi/gnwsk'	προκαταγιγνώσκω	prokatagignw/skw	v3siia---
προλελεγμένων	prolelegme/nwn	προλέγω2	prole/gw2	v-prpefg-
προλελεγμένων	prolelegme/nwn	προλέγω2	prole/gw2	v-prpemg-
προλελεγμένων	prolelegme/nwn	προλέγω2	prole/gw2	v-prpeng-
προμάχεται	proma/xetai	προμάχομαι	proma/xomai	v3spie---
προπέμψω	prope/myw	προπέμπω	prope/mpw	v1sasa---
προπέμψω	prope/myw	προπέμπω	prope/mpw	v2saim---
προπέμψω	prope/myw	προπέμπω	prope/mpw	v1sfia---
προπύλαιε	propu/laie	προπύλαιος	propu/laios	a-s---mv-
προσαγαγών	prosagagw/n	προσάγω	prosa/gw	v-sapamn-
προσαιτῇ	prosaith=|	προσαιτέω	prosaite/w	v2spse---
προσαιτῇ	prosaith=|	προσαιτέω	prosaite/w	v2spie---
προσαιτῇ	prosaith=|	προσαιτέω	prosaite/w	v3spsa---
προσαιτῇ	prosaith=|	προσαιτέω	prosaite/w	v2spse---
προσαιτῇ	prosaith=|	προσαιτέω	prosaite/w	v2spie---
προσαιτῇ	prosaith=|	προσαιτέω	prosaite/w	v3spsa---
προσαναγκάζῃ	prosanagka/zh|	προσαναγκάζω	prosanagka/zw	v2spse---
προσαναγκάζῃ	prosanagka/zh|	προσαναγκάζω	prosanagka/zw	v2spie---
προσαναγκάζῃ	prosanagka/zh|	προσαναγκάζω	prosanagka/zw	v3spsa---
προσαναγκάζῃ	prosanagka/zh|	προσαναγκάζω	prosanagka/zw	v2spse---
προσαναγκάζῃ	prosanagka/zh|	προσαναγκάζω	prosanagka/zw	v2spie---
προσαναγκάζῃ	prosanagka/zh|	προσαναγκάζω	prosanagka/zw	v3spsa---
προσδοκᾶν	prosdoka=n	προσδοκάω	prosdoka/w	v-sppamv-
προσδοκᾶν	prosdoka=n	προσδοκάω	prosdoka/w	v-sppann-
προσδοκᾶν	prosdoka=n	προσδοκάω	prosdoka/w	v-sppanv-
προσδοκᾶν	prosdoka=n	προσδοκάω	prosdoka/w	v-sppana-
προσδοκᾶν	prosdoka=n	προσδοκάω	prosdoka/w	v-sppamn-
προσδοκᾶν	prosdoka=n	προσδοκάω	prosdoka/w	v--pna---
προσδοκᾶν	prosdoka=n	προσδοκάω	prosdoka/w	v--pna---
προσδοκᾶν	prosdoka=n	προσδοκάω	prosdoka/w	v-sppamv-
προσδοκᾶν	prosdoka=n	προσδοκάω	prosdoka/w	v-sppann-
προσδοκᾶν	prosdoka=n	προσδοκάω	prosdoka/w	v-sppanv-
προσδοκᾶν	prosdoka=n	προσδοκάω	prosdoka/w	v-sppana-
προσδοκᾶν	prosdoka=n	προσδοκάω	prosdoka/w	v-sppamn-
προσδοκᾶν	prosdoka=n	προσδοκάω	prosdoka/w	v--pna---
προσδοκᾶν	prosdoka=n	προσδοκάω	prosdoka/w	v--pna---
προσενέγκῃ	prosene/gkh|	προσφέρω	prosfe/rw	v2sasm---
προσενέγκῃ	prosene/gkh|	προσφέρω	prosfe/rw	v3sasa---
προσερεῖ	proserei=	προσερέω	prosere/w	v2spie---
προσερεῖ	proserei=	προσερέω	prosere/w	v3spia---
προσερεῖ	proserei=	προσερέω	prosere/w	v2sfim---
προσερεῖ	proserei=	προσερέω	prosere/w	v3sfia---
προσεχόμενος	prosexo/menos	προσέχω	prose/xw	v-sppemn-
προσείσομαι	prosei/somai	πρόσειμι1	pro/seimi1	v1sfim---
προσείσομαι	prosei/somai	πρόσοιδα	pro/soida	v1sfim---
προσείσομαι	prosei/somai	προσείω	prosei/w	v1sasm---
προσείσομαι	prosei/somai	προσείω	prosei/w	v1sfim---
προσείσομαι	prosei/somai	προσίζω	prosi/zw	v1sasm---
προσθείς	prosqei/s	προστίθημι	prosti/qhmi	v-sapamn-
προσθείς	prosqei/s	προστίθημι	prosti/qhmi	v-sapamv-
προσιόντα	prosio/nta	πρόσειμι1	pro/seimi1	v-sppama-
προσιόντα	prosio/nta	πρόσειμι1	pro/seimi1	v-pppann-
προσιόντα	prosio/nta	πρόσειμι1	pro/seimi1	v-pppanv-
προσιόντα	prosio/nta	πρόσειμι1	pro/seimi1	v-pppana-
προσιόντι	prosio/nti	πρόσειμι1	pro/seimi1	v-sppamd-
προσιόντι	prosio/nti	πρόσειμι1	pro/seimi1	v-sppand-
προσιόντων	prosio/ntwn	πρόσειμι1	pro/seimi1	v3ppma---
προσιόντων	prosio/ntwn	πρόσειμι1	pro/seimi1	v-pppamg-
προσιόντων	prosio/ntwn	πρόσειμι1	pro/seimi1	v-pppang-
προσκαλούμενοι	proskalou/menoi	προσκαλέω	proskale/w	v-pppemn-
προσκαλούμενοι	proskalou/menoi	προσκαλέω	proskale/w	v-pppemv-
προσκαλούμενοι	proskalou/menoi	προσκαλέω	proskale/w	v-pfpmmn-
προσκαλούμενοι	proskalou/menoi	προσκαλέω	proskale/w	v-pfpmmv-
προσκαλούμενοι	proskalou/menoi	προσκαλέω	proskale/w	v-pppemn-
προσκαλούμενοι	proskalou/menoi	προσκαλέω	proskale/w	v-pppemv-
προσκαλοῦμαί	proskalou=mai/	προσκαλέω	proskale/w	v1spie---
προσκαλοῦμαί	proskalou=mai/	προσκαλέω	proskale/w	v1sfim---
προσκαλοῦμαί	proskalou=mai/	προσκαλέω	proskale/w	v1spie---
προσκαύσασα	proskau/sasa	προσκαίω	proskai/w	v-sapafn-
προσκαύσασα	proskau/sasa	προσκαίω	proskai/w	v-sapafv-
προσκεκαυμένα	proskekaume/na	προσκαίω	proskai/w	v-prpenn-
προσκεκαυμένα	proskekaume/na	προσκαίω	proskai/w	v-prpenv-
προσκεκαυμένα	proskekaume/na	προσκαίω	proskai/w	v-prpena-
προσκεκαυμένα	proskekaume/na	προσκαίω	proskai/w	v-drpefn-
προσκεκαυμένα	proskekaume/na	προσκαίω	proskai/w	v-drpefv-
προσκεκαυμένα	proskekaume/na	προσκαίω	proskai/w	v-drpefa-
προσκεκαυμένα	proskekaume/na	προσκαίω	proskai/w	v-srpefn-
προσκεκαυμένα	proskekaume/na	προσκαίω	proskai/w	v-srpefv-
προσκεφάλαια	proskefa/laia	προσκεφάλαιον	proskefa/laion	n-p---nn-
προσκεφάλαια	proskefa/laia	προσκεφάλαιον	proskefa/laion	n-p---nv-
προσκεφάλαια	proskefa/laia	προσκεφάλαιον	proskefa/laion	n-p---na-
προσκλήσεις	prosklh/seis	πρόσκλησις	pro/sklhsis	n-p---fn-
προσκλήσεις	prosklh/seis	πρόσκλησις	pro/sklhsis	n-p---fv-
προσκλήσεις	prosklh/seis	πρόσκλησις	pro/sklhsis	n-p---fn-
προσκλήσεις	prosklh/seis	πρόσκλησις	pro/sklhsis	n-p---fa-
προσκυνεῖς	proskunei=s	προσκυνέω	proskune/w	v2spia---
προσκυνεῖς	proskunei=s	προσκυνέω	proskune/w	v2spia---
προσκύψασα	prosku/yasa	προσκύπτω	prosku/ptw	v-sapafn-
προσκύψασα	prosku/yasa	προσκύπτω	prosku/ptw	v-sapafv-
προσμάνθανε	prosma/nqane	προσμανθάνω	prosmanqa/nw	v2spma---
προσμάνθανε	prosma/nqane	προσμανθάνω	prosmanqa/nw	v3siia---
προσποιεῖ	prospoiei=	προσποιέω	prospoie/w	v2spie---
προσποιεῖ	prospoiei=	προσποιέω	prospoie/w	v3spia---
προσποιεῖ	prospoiei=	προσποιέω	prospoie/w	v2spie---
προσποιεῖ	prospoiei=	προσποιέω	prospoie/w	v3spia---
προστιθέασι	prostiqe/asi	προστίθημι	prosti/qhmi	v3ppia---
προσάγεις	prosa/geis	προσάγω	prosa/gw	v2spia---
προσέκοψ’	prose/koy'	προσκόπτω	prosko/ptw	v1saia---
προσέκοψ’	prose/koy'	προσκόπτω	prosko/ptw	v3saia---
προσέρπει	prose/rpei	προσέρπω	prose/rpw	v2spie---
προσέρπει	prose/rpei	προσέρπω	prose/rpw	v3spia---
προσέρπον	prose/rpon	προσέρπω	prose/rpw	v-sppamv-
προσέρπον	prose/rpon	προσέρπω	prose/rpw	v-sppann-
προσέρπον	prose/rpon	προσέρπω	prose/rpw	v-sppanv-
προσέρπον	prose/rpon	προσέρπω	prose/rpw	v-sppana-
προσέρχεται	prose/rxetai	προσέρχομαι	prose/rxomai	v3spie---
προσέσθαι	prose/sqai	προσίημι	prosi/hmi	v--anm---
προσέσθαι	prose/sqai	προσίημι	prosi/hmi	v--anm---
προσέστηκεν	prose/sthken	προσίστημι	prosi/sthmi	v3plia---
προσέστηκεν	prose/sthken	προσίστημι	prosi/sthmi	v3sria---
προσέταξεν	prose/tacen	προστάσσω	prosta/ssw	v3saia---
προσέτι	prose/ti	προσέτι	prose/ti	d--------
προσέχετε	prose/xete	προσέχω	prose/xw	v2ppma---
προσέχετε	prose/xete	προσέχω	prose/xw	v2ppia---
προσέχετε	prose/xete	προσέχω	prose/xw	v2piia---
προσόμοιον	proso/moion	προσόμοιος	proso/moios	a-s---ma-
προσόμοιον	proso/moion	προσόμοιος	proso/moios	a-s---nn-
προσόμοιον	proso/moion	προσόμοιος	proso/moios	a-s---nv-
προσόμοιον	proso/moion	προσόμοιος	proso/moios	a-s---na-
προσόμοιον	proso/moion	προσόμοιος	proso/moios	n-s---ma-
προσόμοιον	proso/moion	προσόμοιος	proso/moios	n-s---fa-
προσόμοιον	proso/moion	προσόμοιος	proso/moios	n-s---nn-
προσόμοιον	proso/moion	προσόμοιος	proso/moios	n-s---nv-
προσόμοιον	proso/moion	προσόμοιος	proso/moios	n-s---na-
προτέραν	prote/ran	πρότερος	pro/teros	a-s---fa-
προὐφείλεις	prou)fei/leis	προοφείλω	proofei/lw	v2spia---
προέστηκεν	proe/sthken	προίστημι	proi/sthmi	v3plia---
προέστηκεν	proe/sthken	προίστημι	proi/sthmi	v3sria---
πρυτανεῖα	prutanei=a	πρυτανεῖον	prutanei=on	n-p---nn-
πρυτανεῖα	prutanei=a	πρυτανεῖον	prutanei=on	n-p---nv-
πρυτανεῖα	prutanei=a	πρυτανεῖον	prutanei=on	n-p---na-
πρωκτόν	prwkto/n	πρωκτός	prwkto/s	n-s---ma-
πρωκτός	prwkto/s	πρωκτός	prwkto/s	n-s---mn-
πράγμαθ’	pra/gmaq'	πρᾶγμα	pra=gma	n-p---nn-
πράγμαθ’	pra/gmaq'	πρᾶγμα	pra=gma	n-p---nv-
πράγμαθ’	pra/gmaq'	πρᾶγμα	pra=gma	n-p---na-
πράγμαθ’	pra/gmaq'	πρᾶγμα	pra=gma	n-s---nd-
πράγμαθ’	pra/gmaq'	πρᾶγμα	pra=gma	n-d---nn-
πράγμαθ’	pra/gmaq'	πρᾶγμα	pra=gma	n-d---nv-
πράγμαθ’	pra/gmaq'	πρᾶγμα	pra=gma	n-d---na-
πράγμασιν	pra/gmasin	πρᾶγμα	pra=gma	n-p---nd-
πράγματα	pra/gmata	πρᾶγμα	pra=gma	n-p---nn-
πράγματα	pra/gmata	πρᾶγμα	pra=gma	n-p---nv-
πράγματα	pra/gmata	πρᾶγμα	pra=gma	n-p---na-
πράγματι	pra/gmati	πρᾶγμα	pra=gma	n-s---nd-
πράγματος	pra/gmatos	πρᾶγμα	pra=gma	n-s---ng-
πράγματ’	pra/gmat'	πρᾶγμα	pra=gma	n-p---nn-
πράγματ’	pra/gmat'	πρᾶγμα	pra=gma	n-p---nv-
πράγματ’	pra/gmat'	πρᾶγμα	pra=gma	n-p---na-
πράγματ’	pra/gmat'	πρᾶγμα	pra=gma	n-s---nd-
πράγματ’	pra/gmat'	πρᾶγμα	pra=gma	n-d---nn-
πράγματ’	pra/gmat'	πρᾶγμα	pra=gma	n-d---nv-
πράγματ’	pra/gmat'	πρᾶγμα	pra=gma	n-d---na-
πράττεται	pra/ttetai	πράσσω	pra/ssw	v3spie---
πράττοντ’	pra/ttont'	πράσσω	pra/ssw	v-pppann-
πράττοντ’	pra/ttont'	πράσσω	pra/ssw	v-pppanv-
πράττοντ’	pra/ttont'	πράσσω	pra/ssw	v-pppana-
πράττοντ’	pra/ttont'	πράσσω	pra/ssw	v-sppama-
πράττοντ’	pra/ttont'	πράσσω	pra/ssw	v-sppamd-
πράττοντ’	pra/ttont'	πράσσω	pra/ssw	v-sppand-
πράττοντ’	pra/ttont'	πράσσω	pra/ssw	v3ppia---
πράττοντ’	pra/ttont'	πράσσω	pra/ssw	v-dppamn-
πράττοντ’	pra/ttont'	πράσσω	pra/ssw	v-dppamv-
πράττοντ’	pra/ttont'	πράσσω	pra/ssw	v-dppama-
πράττοντ’	pra/ttont'	πράσσω	pra/ssw	v-dppann-
πράττοντ’	pra/ttont'	πράσσω	pra/ssw	v-dppanv-
πράττοντ’	pra/ttont'	πράσσω	pra/ssw	v-dppana-
πράττοντ’	pra/ttont'	πράσσω	pra/ssw	v3ppie---
πράττοντ’	pra/ttont'	πράσσω	pra/ssw	v3piie---
πρέσβυν	pre/sbun	πρέσβυς	pre/sbus	n-s---ma-
πρίαιο	pri/aio	πρίαμαι	pri/amai	v2spom---
πρίασθαι	pri/asqai	πρίαμαι	pri/amai	v--pnm---
πρίν	pri/n	πρίν	pri/n	d--------
πρίνινον	pri/ninon	πρίνινος	pri/ninos	a-s---ma-
πρίνινον	pri/ninon	πρίνινος	pri/ninos	a-s---nn-
πρίνινον	pri/ninon	πρίνινος	pri/ninos	a-s---nv-
πρίνινον	pri/ninon	πρίνινος	pri/ninos	a-s---na-
πρίονθ’	pri/onq'	πρίω	pri/w	v-pppann-
πρίονθ’	pri/onq'	πρίω	pri/w	v-pppanv-
πρίονθ’	pri/onq'	πρίω	pri/w	v-pppana-
πρίονθ’	pri/onq'	πρίω	pri/w	v-sppama-
πρίονθ’	pri/onq'	πρίω	pri/w	v-sppamd-
πρίονθ’	pri/onq'	πρίω	pri/w	v-sppand-
πρίονθ’	pri/onq'	πρίω	pri/w	v3ppia---
πρίονθ’	pri/onq'	πρίω	pri/w	v-dppamn-
πρίονθ’	pri/onq'	πρίω	pri/w	v-dppamv-
πρίονθ’	pri/onq'	πρίω	pri/w	v-dppama-
πρίονθ’	pri/onq'	πρίω	pri/w	v-dppann-
πρίονθ’	pri/onq'	πρίω	pri/w	v-dppanv-
πρίονθ’	pri/onq'	πρίω	pri/w	v-dppana-
πρίονθ’	pri/onq'	πρίω	pri/w	v3ppie---
πρίονθ’	pri/onq'	πρίω	pri/w	v3piie---
πρό	pro/	πρό	pro/	r--------
πρόβαιν’	pro/bain'	προβαίνω	probai/nw	v2spma---
πρόβαιν’	pro/bain'	προβαίνω	probai/nw	v3siia---
πρόβατα	pro/bata	πρόβατον	pro/baton	n-p---nn-
πρόβατα	pro/bata	πρόβατον	pro/baton	n-p---nv-
πρόβατα	pro/bata	πρόβατον	pro/baton	n-p---na-
πρόβλημα	pro/blhma	πρόβλημα	pro/blhma	n-s---nn-
πρόβλημα	pro/blhma	πρόβλημα	pro/blhma	n-s---nv-
πρόβλημα	pro/blhma	πρόβλημα	pro/blhma	n-s---na-
πρόμυξον	pro/mucon	προμύσσω	promu/ssw	v2sama---
πρός	pro/s	πρός	pro/s	r--------
πρόσεστι	pro/sesti	πρόσειμι1	pro/seimi1	v3spia---
πρόσθεν	pro/sqen	πρόσθεν	pro/sqen	d--------
πρόσφορον	pro/sforon	πρόσφορος	pro/sforos	n-s---ma-
πρόσφορον	pro/sforon	πρόσφορος	pro/sforos	n-s---fa-
πρόσφορον	pro/sforon	πρόσφορος	pro/sforos	n-s---nn-
πρόσφορον	pro/sforon	πρόσφορος	pro/sforos	n-s---nv-
πρόσφορον	pro/sforon	πρόσφορος	pro/sforos	n-s---na-
πρότερον	pro/teron	πρότερος	pro/teros	a-s---ma-
πρότερον	pro/teron	πρότερος	pro/teros	a-s---nn-
πρότερον	pro/teron	πρότερος	pro/teros	a-s---nv-
πρότερον	pro/teron	πρότερος	pro/teros	a-s---na-
πρότερος	pro/teros	πρότερος	pro/teros	a-s---mn-
πρόφασιν	pro/fasin	πρόφασις	pro/fasis	n-s---fa-
πρύμνην	pru/mnhn	πρύμνα	pru/mna	n-s---fa-
πρώην	prw/hn	πρώην	prw/hn	d--------
πρώτιστα	prw/tista	πρώτιστος	prw/tistos	a-p---nn-
πρώτιστα	prw/tista	πρώτιστος	prw/tistos	a-p---nv-
πρώτιστα	prw/tista	πρώτιστος	prw/tistos	a-p---na-
πρώτιστα	prw/tista	πρώτιστος	prw/tistos	n-p---nn-
πρώτιστα	prw/tista	πρώτιστος	prw/tistos	n-p---nv-
πρώτιστα	prw/tista	πρώτιστος	prw/tistos	n-p---na-
πρώτου	prw/tou	πρότερος	pro/teros	a-s---mg-
πρώτου	prw/tou	πρότερος	pro/teros	a-s---ng-
πρώτου	prw/tou	πρῶτος	prw=tos	a-s---mg-
πρώτου	prw/tou	πρῶτος	prw=tos	a-s---ng-
πρᾶγμα	pra=gma	πρᾶγμα	pra=gma	n-s---nn-
πρᾶγμα	pra=gma	πρᾶγμα	pra=gma	n-s---nv-
πρᾶγμα	pra=gma	πρᾶγμα	pra=gma	n-s---na-
πρᾶγμά	pra=gma/	πρᾶγμα	pra=gma	n-s---nn-
πρᾶγμά	pra=gma/	πρᾶγμα	pra=gma	n-s---nv-
πρᾶγμά	pra=gma/	πρᾶγμα	pra=gma	n-s---na-
πρᾶγμ’	pra=gm'	πρᾶγμα	pra=gma	n-s---nn-
πρᾶγμ’	pra=gm'	πρᾶγμα	pra=gma	n-s---nv-
πρᾶγμ’	pra=gm'	πρᾶγμα	pra=gma	n-s---na-
πρῴ	prw/|	πρωί	prwi/	d--------
πρῶτα	prw=ta	πρότερος	pro/teros	a-p---nn-
πρῶτα	prw=ta	πρότερος	pro/teros	a-p---nv-
πρῶτα	prw=ta	πρότερος	pro/teros	a-p---na-
πρῶτα	prw=ta	πρῶτος	prw=tos	a-p---nn-
πρῶτα	prw=ta	πρῶτος	prw=tos	a-p---nv-
πρῶτα	prw=ta	πρῶτος	prw=tos	a-p---na-
πρῶτον	prw=ton	πρότερος	pro/teros	a-s---ma-
πρῶτον	prw=ton	πρότερος	pro/teros	a-s---nn-
πρῶτον	prw=ton	πρότερος	pro/teros	a-s---nv-
πρῶτον	prw=ton	πρότερος	pro/teros	a-s---na-
πρῶτον	prw=ton	πρῶτος	prw=tos	a-s---ma-
πρῶτον	prw=ton	πρῶτος	prw=tos	a-s---nn-
πρῶτον	prw=ton	πρῶτος	prw=tos	a-s---nv-
πρῶτον	prw=ton	πρῶτος	prw=tos	a-s---na-
πρῶτος	prw=tos	πρότερος	pro/teros	a-s---mn-
πρῶτος	prw=tos	πρῶτος	prw=tos	a-s---mn-
πρῶτόν	prw=to/n	πρότερος	pro/teros	a-s---ma-
πρῶτόν	prw=to/n	πρότερος	pro/teros	a-s---nn-
πρῶτόν	prw=to/n	πρότερος	pro/teros	a-s---nv-
πρῶτόν	prw=to/n	πρότερος	pro/teros	a-s---na-
πρῶτόν	prw=to/n	πρῶτος	prw=tos	a-s---ma-
πρῶτόν	prw=to/n	πρῶτος	prw=tos	a-s---nn-
πρῶτόν	prw=to/n	πρῶτος	prw=tos	a-s---nv-
πρῶτόν	prw=to/n	πρῶτος	prw=tos	a-s---na-
πρῷα	prw=|a	πρώιος	prw/ios	a-p---nn-
πρῷα	prw=|a	πρώιος	prw/ios	a-p---nv-
πρῷα	prw=|a	πρώιος	prw/ios	a-p---na-
πτήσσει	pth/ssei	πτήσσω	pth/ssw	v2spie---
πτήσσει	pth/ssei	πτήσσω	pth/ssw	v3spia---
πυγμῇ	pugmh=|	πυγμή	pugmh/	n-s---fd-
πυκνί	pukni/	πνύξ	pnu/c	n-s---md-
πυκνόν	pukno/n	πυκνός	pukno/s	a-s---ma-
πυκνόν	pukno/n	πυκνός	pukno/s	a-s---nn-
πυκνόν	pukno/n	πυκνός	pukno/s	a-s---nv-
πυκνόν	pukno/n	πυκνός	pukno/s	a-s---na-
πυρετοῖσιν	puretoi=sin	πυρετέω	purete/w	v-pppamd-
πυρετοῖσιν	puretoi=sin	πυρετέω	purete/w	v-pppand-
πυρετοῖσιν	puretoi=sin	πυρετός	pureto/s	n-p---md-
πυρούς	purou/s	πυρός	puro/s	n-p---ma-
πυρπολῶν	purpolw=n	πυρπολέω	purpole/w	v-sppamn-
πυρέττω	pure/ttw	πυρέσσω	pure/ssw	v1spsa---
πυρέττω	pure/ttw	πυρέσσω	pure/ssw	v1spia---
πυρέττων	pure/ttwn	πυρέσσω	pure/ssw	v-sppamn-
πυέλου	pue/lou	πυέλος	pue/los	n-s---fg-
πω	pw	πω	pw	g--------
πωλίῳ	pwli/w|	πωλίον	pwli/on	n-s---nd-
πωλῶν	pwlw=n	πώλη	pw/lh	n-p---fg-
πωλῶν	pwlw=n	πώλης	pw/lhs	n-p---mg-
πωλῶν	pwlw=n	πωλέω	pwle/w	v-sppamn-
πως	pws	πως	pws	g--------
πάθος	pa/qos	πάθος	pa/qos	n-s---nn-
πάθος	pa/qos	πάθος	pa/qos	n-s---nv-
πάθος	pa/qos	πάθος	pa/qos	n-s---na-
πάθω	pa/qw	πάσχω	pa/sxw	v1sasa---
πάλαι	pa/lai	πάλα	pa/la	n-p---fn-
πάλαι	pa/lai	πάλα	pa/la	n-p---fv-
πάλαι	pa/lai	πάλα	pa/la	n-s---fd-
πάλαι	pa/lai	πάλαι	pa/lai	d--------
πάλαι	pa/lai	πάλη	pa/lh	n-p---fn-
πάλαι	pa/lai	πάλη	pa/lh	n-p---fv-
πάλαι	pa/lai	πάλη	pa/lh	n-s---fd-
πάλαι	pa/lai	πάλλω	pa/llw	v3saoa---
πάλιν	pa/lin	πάλιν	pa/lin	d--------
πάνθ’	pa/nq'	πάντῃ	pa/nth|	d--------
πάνθ’	pa/nq'	πᾶς	pa=s	n-s---ma-
πάνθ’	pa/nq'	πᾶς	pa=s	n-p---nn-
πάνθ’	pa/nq'	πᾶς	pa=s	n-p---nv-
πάνθ’	pa/nq'	πᾶς	pa=s	n-p---na-
πάντα	pa/nta	πᾶς	pa=s	n-s---ma-
πάντα	pa/nta	πᾶς	pa=s	n-p---nn-
πάντα	pa/nta	πᾶς	pa=s	n-p---nv-
πάντα	pa/nta	πᾶς	pa=s	n-p---na-
πάντες	pa/ntes	πᾶς	pa=s	n-p---mn-
πάντες	pa/ntes	πᾶς	pa=s	n-p---mv-
πάντων	pa/ntwn	πᾶς	pa=s	n-p---mg-
πάντων	pa/ntwn	πᾶς	pa=s	n-p---ng-
πάντως	pa/ntws	πάντως	pa/ntws	d--------
πάντῃ	pa/nth|	πάντῃ	pa/nth|	d--------
πάνυ	pa/nu	πάνυ	pa/nu	d--------
πάππους	pa/ppous	πάππος	pa/ppos	n-p---ma-
πάρες	pa/res	παρίημι	pari/hmi	v2sama---
πάρεσθ’	pa/resq'	πάρειμι1	pa/reimi1	v3spia---
πάρεσθ’	pa/resq'	πάρειμι1	pa/reimi1	v2ppia---
πάρεσθ’	pa/resq'	πάρειμι1	pa/reimi1	v3sfim---
πάρεσθ’	pa/resq'	παρίημι	pari/hmi	v2pamm---
πάρεσθ’	pa/resq'	παρίημι	pari/hmi	v2paim---
πάρεστι	pa/resti	πάρειμι1	pa/reimi1	v3spia---
πάρεχε	pa/rexe	παρέχω	pare/xw	v2spma---
πάρεχε	pa/rexe	παρέχω	pare/xw	v3siia---
πάρεχ’	pa/rex'	παρέχω	pare/xw	v2spma---
πάρεχ’	pa/rex'	παρέχω	pare/xw	v3siia---
πάρνοπι	pa/rnopi	πάρνοψ	pa/rnoy	n-s---md-
πάρος	pa/ros	πάρος	pa/ros	d--------
πάρος	pa/ros	πάρος	pa/ros	r--------
πάσας	pa/sas	πάσσω	pa/ssw	v-sapamn-
πάσας	pa/sas	πάσσω	pa/ssw	v-sapamv-
πάσας	pa/sas	πάσσω	pa/ssw	v2saia---
πάσας	pa/sas	πᾶς	pa=s	n-p---fa-
πάσας	pa/sas	πᾶς	pa=s	n-s---fg-
πάσας	pa/sas	πᾶς	pa=s	n-p---fa-
πάσης	pa/shs	πᾶς	pa=s	n-s---fg-
πάσης	pa/shs	πᾶσις	pa=sis	n-p---fn-
πάσης	pa/shs	πᾶσις	pa=sis	n-p---fv-
πάσχειν	pa/sxein	πάσχω	pa/sxw	v--pna---
πάσχεις	pa/sxeis	πάσχω	pa/sxw	v2spia---
πάτερ	pa/ter	πατήρ	path/r	n-s---mv-
πέδαις	pe/dais	πέδη	pe/dh	n-p---fd-
πέει	pe/ei	πέος	pe/os	n-d---nn-
πέει	pe/ei	πέος	pe/os	n-d---nv-
πέει	pe/ei	πέος	pe/os	n-d---na-
πέει	pe/ei	πέος	pe/os	n-s---nd-
πέει	pe/ei	πέος	pe/os	n-s---nd-
πένησιν	pe/nhsin	πένης	pe/nhs	n-p---md-
πένησιν	pe/nhsin	πένομαι	pe/nomai	v2spse---
πένητ’	pe/nht'	πένης	pe/nhs	n-s---ma-
πένητ’	pe/nht'	πένης	pe/nhs	n-s---md-
πένητ’	pe/nht'	πένης	pe/nhs	n-d---mn-
πένητ’	pe/nht'	πένης	pe/nhs	n-d---mv-
πένητ’	pe/nht'	πένης	pe/nhs	n-d---ma-
πένητ’	pe/nht'	πένομαι	pe/nomai	v3spse---
πέντε	pe/nte	πέντε	pe/nte	m--------
πέος	pe/os	πέος	pe/os	n-s---nn-
πέος	pe/os	πέος	pe/os	n-s---nv-
πέος	pe/os	πέος	pe/os	n-s---na-
πέπονθας	pe/ponqas	πάσχω	pa/sxw	v2sria---
πέπονθεν	pe/ponqen	πάσχω	pa/sxw	v3sria---
πέπονθεν	pe/ponqen	πάσχω	pa/sxw	v3plia---
πέπονθ’	pe/ponq'	πάσχω	pa/sxw	v1sria---
πέπονθ’	pe/ponq'	πάσχω	pa/sxw	v2srma---
πέπονθ’	pe/ponq'	πάσχω	pa/sxw	v3sria---
πέπονθ’	pe/ponq'	πίνω	pi/nw	v3prie---
πέπονθ’	pe/ponq'	πίνω	pi/nw	v3plie---
πέρυσιν	pe/rusin	πέρυσι	pe/rusi	d--------
πέσῃ	pe/sh|	πίπτω	pi/ptw	v3sasa---
πέτεται	pe/tetai	πέτομαι	pe/tomai	v3spie---
πέφαρκται	pe/farktai	φράσσω	fra/ssw	v3srie---
πίθωμαι	pi/qwmai	πείθω	pei/qw	v1sase---
πίνειν	pi/nein	πίνω	pi/nw	v--pna---
πίνων	pi/nwn	πίνος	pi/nos	n-p---mg-
πίνων	pi/nwn	πίνω	pi/nw	v-sppamn-
πίνων	pi/nwn	πῖνον	pi=non	n-p---ng-
πίνων	pi/nwn	πινάω	pina/w	v3piia---
πίνων	pi/nwn	πινάω	pina/w	v1siia---
πίοιμ’	pi/oim'	πίνω	pi/nw	v1saoa---
πίσυνος	pi/sunos	πίσυνος	pi/sunos	n-s---mn-
πίσυνος	pi/sunos	πίσυνος	pi/sunos	n-s---fn-
πίττα	pi/tta	πίσσα	pi/ssa	n-d---fn-
πίττα	pi/tta	πίσσα	pi/ssa	n-d---fv-
πίττα	pi/tta	πίσσα	pi/ssa	n-d---fa-
πίττα	pi/tta	πίσσα	pi/ssa	n-s---fn-
πίττα	pi/tta	πίσσα	pi/ssa	n-s---fv-
πόδα	po/da	πούς	pou/s	n-s---ma-
πόδας	po/das	πούς	pou/s	n-p---ma-
πόδ’	po/d'	πούς	pou/s	n-s---ma-
πόδ’	po/d'	πούς	pou/s	n-d---mn-
πόδ’	po/d'	πούς	pou/s	n-d---mv-
πόδ’	po/d'	πούς	pou/s	n-d---ma-
πόθεν	po/qen	πίνω	pi/nw	v3paip---
πόθεν	po/qen	πόθεν	po/qen	d--------
πόθεν	po/qen	ποθεν	poqen	g--------
πόλει	po/lei	πόλις	po/lis	n-d---fn-
πόλει	po/lei	πόλις	po/lis	n-d---fv-
πόλει	po/lei	πόλις	po/lis	n-d---fa-
πόλει	po/lei	πόλις	po/lis	n-s---fd-
πόλει	po/lei	πόλις	po/lis	n-s---fd-
πόλει	po/lei	πολέω	pole/w	v2spma---
πόλει	po/lei	πολέω	pole/w	v3siia---
πόλεις	po/leis	πόλις	po/lis	n-p---fn-
πόλεις	po/leis	πόλις	po/lis	n-p---fv-
πόλεις	po/leis	πόλις	po/lis	n-p---fn-
πόλεις	po/leis	πόλις	po/lis	n-p---fa-
πόλεις	po/leis	πόλις	po/lis	n-p---fn-
πόλεις	po/leis	πολέω	pole/w	v2siia---
πόλεις	po/leis	πολύς	polu/s	n-p---mn-
πόλεις	po/leis	πολύς	polu/s	n-p---ma-
πόλεων	po/lewn	πόλις	po/lis	n-p---fg-
πόλεων	po/lewn	πολύς	polu/s	n-p---mg-
πόλεως	po/lews	πόλις	po/lis	n-s---fg-
πόλιν	po/lin	πόλις	po/lis	n-s---fa-
πόλις	po/lis	πόλις	po/lis	n-p---fa-
πόλις	po/lis	πόλις	po/lis	n-s---fn-
πόνηρα	po/nhra	πονηρός	ponhro/s	a-p---nn-
πόνηρα	po/nhra	πονηρός	ponhro/s	a-p---nv-
πόνηρα	po/nhra	πονηρός	ponhro/s	a-p---na-
πόνηρε	po/nhre	πονηρός	ponhro/s	a-s---mv-
πόνηροι	po/nhroi	πονηρός	ponhro/s	a-p---mn-
πόνηροι	po/nhroi	πονηρός	ponhro/s	a-p---mv-
πόνηρ’	po/nhr'	πονηρός	ponhro/s	a-p---nn-
πόνηρ’	po/nhr'	πονηρός	ponhro/s	a-p---nv-
πόνηρ’	po/nhr'	πονηρός	ponhro/s	a-p---na-
πόνηρ’	po/nhr'	πονηρός	ponhro/s	a-s---mv-
πόνηρ’	po/nhr'	πονηρός	ponhro/s	a-p---fn-
πόνηρ’	po/nhr'	πονηρός	ponhro/s	a-p---fv-
πόνον	po/non	πόνος	po/nos	n-s---ma-
πόνῳ	po/nw|	πόνος	po/nos	n-s---md-
πόρνη	po/rnh	πόρνη	po/rnh	n-s---fn-
πόρνη	po/rnh	πόρνη	po/rnh	n-s---fv-
πόρνην	po/rnhn	πόρνη	po/rnh	n-s---fa-
πόρον	po/ron	πόρος	po/ros	n-s---ma-
πόρον	po/ron	πόρω	po/rw	v3paia---
πόρον	po/ron	πόρω	po/rw	v1saia---
πόρρω	po/rrw	πρόσω	pro/sw	d--------
πότε	po/te	πότε	po/te	x--------
πότε	po/te	πότος	po/tos	n-s---mv-
πότε	po/te	ποτέ	pote/	g--------
πότερον	po/teron	πότερος	po/teros	a-s---ma-
πότερον	po/teron	πότερος	po/teros	a-s---nn-
πότερον	po/teron	πότερος	po/teros	a-s---nv-
πότερον	po/teron	πότερος	po/teros	a-s---na-
πύθοιθ’	pu/qoiq'	πύθω	pu/qw	v3spop---
πύθοιθ’	pu/qoiq'	πυνθάνομαι	punqa/nomai	v3saom---
πύθοιθ’	pu/qoiq'	πυνθάνομαι	punqa/nomai	v2paoa---
πώποθ’	pw/poq'	πώποτε	pw/pote	d--------
πώποτε	pw/pote	πώποτε	pw/pote	d--------
πώποτέ	pw/pote/	πώποτε	pw/pote	d--------
πᾶν	pa=n	πᾶς	pa=s	n-s---ma-
πᾶν	pa=n	πᾶς	pa=s	n-s---nn-
πᾶν	pa=n	πᾶς	pa=s	n-s---nv-
πᾶν	pa=n	πᾶς	pa=s	n-s---na-
πᾶς	pa=s	πᾶς	pa=s	n-s---mn-
πᾶς	pa=s	πᾶς	pa=s	n-s---mv-
πᾶσαν	pa=san	πᾶς	pa=s	n-s---fa-
πᾶσι	pa=si	πᾶς	pa=s	n-p---md-
πᾶσι	pa=si	πᾶς	pa=s	n-p---nd-
πᾶσι	pa=si	πᾶσις	pa=sis	n-s---fv-
πῖθ’	pi=q'	πίνω	pi/nw	v2sama---
πῦρ	pu=r	πῦρ	pu=r	n-s---nn-
πῦρ	pu=r	πῦρ	pu=r	n-s---nv-
πῦρ	pu=r	πῦρ	pu=r	n-s---na-
πῶς	pw=s	πῶς	pw=s	x--------
πῶς	pw=s	πῶσ2	pw=s2	d--------
πῶς	pw=s	πως	pws	g--------
σανίδας	sani/das	σανίς	sani/s	n-p---fa-
σανίδων	sani/dwn	σανίς	sani/s	n-p---fg-
σανίδων	sani/dwn	σανιδόω	sanido/w	v3piia---
σανίδων	sani/dwn	σανιδόω	sanido/w	v1siia---
σαπρόν	sapro/n	σαπρός	sapro/s	a-s---ma-
σαπρόν	sapro/n	σαπρός	sapro/s	a-s---nn-
σαπρόν	sapro/n	σαπρός	sapro/s	a-s---nv-
σαπρόν	sapro/n	σαπρός	sapro/s	a-s---na-
σαπρᾶς	sapra=s	σαπρός	sapro/s	a-s---fg-
σαυλοπρωκτιᾶν	sauloprwktia=n	σαυλοπρωκτιάω	sauloprwktia/w	v-sppamv-
σαυλοπρωκτιᾶν	sauloprwktia=n	σαυλοπρωκτιάω	sauloprwktia/w	v-sppann-
σαυλοπρωκτιᾶν	sauloprwktia=n	σαυλοπρωκτιάω	sauloprwktia/w	v-sppanv-
σαυλοπρωκτιᾶν	sauloprwktia=n	σαυλοπρωκτιάω	sauloprwktia/w	v-sppana-
σαυλοπρωκτιᾶν	sauloprwktia=n	σαυλοπρωκτιάω	sauloprwktia/w	v-sppamn-
σαυλοπρωκτιᾶν	sauloprwktia=n	σαυλοπρωκτιάω	sauloprwktia/w	v--pna---
σαυλοπρωκτιᾶν	sauloprwktia=n	σαυλοπρωκτιάω	sauloprwktia/w	v--pna---
σαυτοῦ	sautou=	σαυτοῦ	sautou=	p-s---mg-
σαυτοῦ	sautou=	σαυτοῦ	sautou=	p-s---ng-
σαυτοῦ	sautou=	σαυτοῦ	sautou=	n-s---ng-
σαυτοῦ	sautou=	σαυτοῦ	sautou=	n-s---mg-
σαυτόν	sauto/n	σαυτοῦ	sautou=	p-s---ma-
σαυτόν	sauto/n	σαυτοῦ	sautou=	p-s---na-
σαυτόν	sauto/n	σαυτοῦ	sautou=	n-s---ma-
σαφῶς	safw=s	σαφής	safh/s	x--------
σε	se	σύ	su/	p-s----a-
σεαυτοῦ	seautou=	σαυτοῦ	sautou=	p-s---mg-
σεαυτοῦ	seautou=	σαυτοῦ	sautou=	p-s---ng-
σεαυτοῦ	seautou=	σαυτοῦ	sautou=	n-s---ng-
σεαυτοῦ	seautou=	σαυτοῦ	sautou=	n-s---mg-
σεαυτόν	seauto/n	σαυτοῦ	sautou=	p-s---ma-
σεαυτόν	seauto/n	σαυτοῦ	sautou=	p-s---na-
σεαυτόν	seauto/n	σαυτοῦ	sautou=	n-s---ma-
σελίνῳ	seli/nw|	σέλινον	se/linon	n-s---nd-
σεμνοτέροις	semnote/rois	σεμνός	semno/s	a-p---md-
σεμνοτέροις	semnote/rois	σεμνός	semno/s	a-p---nd-
σεμνοί	semnoi/	σεμνός	semno/s	a-p---mn-
σεμνοί	semnoi/	σεμνός	semno/s	a-p---mv-
σεμνοί	semnoi/	σεμνόω	semno/w	v2spse---
σεμνοί	semnoi/	σεμνόω	semno/w	v2spie---
σεμνοί	semnoi/	σεμνόω	semno/w	v3spsa---
σεμνούς	semnou/s	σεμνός	semno/s	a-p---ma-
σεμνόν	semno/n	σεμνόν	semno/n	n-s---nn-
σεμνόν	semno/n	σεμνόν	semno/n	n-s---nv-
σεμνόν	semno/n	σεμνόν	semno/n	n-s---na-
σεμνόν	semno/n	σεμνός	semno/s	a-s---ma-
σεμνόν	semno/n	σεμνός	semno/s	a-s---nn-
σεμνόν	semno/n	σεμνός	semno/s	a-s---nv-
σεμνόν	semno/n	σεμνός	semno/s	a-s---na-
σεμνῶς	semnw=s	σεμνός	semno/s	x--------
σεμνῶς	semnw=s	σεμνόω	semno/w	v2spia---
σεσηρώς	seshrw/s	σαίρω	sai/rw	v-srpamn-
σεσηρώς	seshrw/s	σαίρω	sai/rw	v-srpamv-
σεσιώπηκας	sesiw/phkas	σιωπάω	siwpa/w	v2sria---
σεσοβήκαμεν	sesobh/kamen	σοβέω	sobe/w	v1pria---
σηκίς	shki/s	σηκίς	shki/s	n-s---fn-
σημείοισιν	shmei/oisin	σημεῖον	shmei=on	n-p---nd-
σημείου	shmei/ou	σημεῖον	shmei=on	n-s---ng-
σημείου	shmei/ou	σημειόω	shmeio/w	v2spma---
σημείου	shmei/ou	σημειόω	shmeio/w	v3siia---
σιγᾶτε	siga=te	σιγάω	siga/w	v2ppma---
σιγᾶτε	siga=te	σιγάω	siga/w	v2ppsa---
σιγᾶτε	siga=te	σιγάω	siga/w	v2ppia---
σιγᾶτε	siga=te	σιγάω	siga/w	v2piia---
σιγᾶτε	siga=te	σιγάζω	siga/zw	v2pfia---
σιγᾷ	siga=|	σιγάω	siga/w	v2spse---
σιγᾷ	siga=|	σιγάω	siga/w	v2spie---
σιγᾷ	siga=|	σιγάω	siga/w	v3spsa---
σιγᾷ	siga=|	σιγάω	siga/w	v3spia---
σιγᾷ	siga=|	σιγάζω	siga/zw	v2sfim---
σιγᾷ	siga=|	σιγάζω	siga/zw	v3sfia---
σιγᾷ	siga=|	σιγή	sigh/	n-s---fd-
σιγῶν	sigw=n	σῖγος	si=gos	n-p---ng-
σιγῶν	sigw=n	σιγάω	siga/w	v-sppamv-
σιγῶν	sigw=n	σιγάω	siga/w	v-sppann-
σιγῶν	sigw=n	σιγάω	siga/w	v-sppanv-
σιγῶν	sigw=n	σιγάω	siga/w	v-sppana-
σιγῶν	sigw=n	σιγάω	siga/w	v-sppamn-
σιγῶν	sigw=n	σιγάω	siga/w	v-sppamn-
σιγῶν	sigw=n	σιγάζω	siga/zw	v-sfpamv-
σιγῶν	sigw=n	σιγάζω	siga/zw	v-sfpann-
σιγῶν	sigw=n	σιγάζω	siga/zw	v-sfpanv-
σιγῶν	sigw=n	σιγάζω	siga/zw	v-sfpana-
σιγῶν	sigw=n	σιγάζω	siga/zw	v-sfpamn-
σιγῶν	sigw=n	σιγή	sigh/	n-p---fg-
σιραίου	sirai/ou	σίραιον	si/raion	n-s---ng-
σισύραν	sisu/ran	σισύρα	sisu/ra	n-s---fa-
σκαιέ	skaie/	σκαιός	skaio/s	a-s---mv-
σκαιός	skaio/s	σκαιός	skaio/s	a-s---mn-
σκαιῶν	skaiw=n	σκαιός	skaio/s	a-p---fg-
σκαιῶν	skaiw=n	σκαιός	skaio/s	a-p---mg-
σκαιῶν	skaiw=n	σκαιός	skaio/s	a-p---ng-
σκευάρια	skeua/ria	σκευάριον	skeua/rion	n-p---nn-
σκευάρια	skeua/ria	σκευάριον	skeua/rion	n-p---nv-
σκευάρια	skeua/ria	σκευάριον	skeua/rion	n-p---na-
σκευάσω	skeua/sw	σκευάζω	skeua/zw	v1sasa---
σκευάσω	skeua/sw	σκευάζω	skeua/zw	v1sfia---
σκευάσω	skeua/sw	σκευάζω	skeua/zw	v2saim---
σκευήν	skeuh/n	σκευή	skeuh/	n-s---fa-
σκεύη	skeu/h	σκεῦος	skeu=os	n-p---nn-
σκεύη	skeu/h	σκεῦος	skeu=os	n-p---nv-
σκεύη	skeu/h	σκεῦος	skeu=os	n-p---na-
σκεύη	skeu/h	σκεῦος	skeu=os	n-d---nn-
σκεύη	skeu/h	σκεῦος	skeu=os	n-d---nv-
σκεύη	skeu/h	σκεῦος	skeu=os	n-d---na-
σκιερά	skiera/	σκιερός	skiero/s	a-p---nn-
σκιερά	skiera/	σκιερός	skiero/s	a-p---nv-
σκιερά	skiera/	σκιερός	skiero/s	a-p---na-
σκιερά	skiera/	σκιερός	skiero/s	a-d---fn-
σκιερά	skiera/	σκιερός	skiero/s	a-d---fv-
σκιερά	skiera/	σκιερός	skiero/s	a-d---fa-
σκιερά	skiera/	σκιερός	skiero/s	a-s---fn-
σκιερά	skiera/	σκιερός	skiero/s	a-s---fv-
σκιᾶς	skia=s	σκιά	skia/	n-s---fg-
σκιᾶς	skia=s	σκιάω	skia/w	v2spia---
σκιᾶς	skia=s	σκιάζω	skia/zw	v2sfia---
σκοπιωροῦνται	skopiwrou=ntai	σκοπιωρέομαι	skopiwre/omai	v3ppie---
σκοποῦντες	skopou=ntes	σκοπάω	skopa/w	v-pppamn-
σκοποῦντες	skopou=ntes	σκοπάω	skopa/w	v-pppamv-
σκοποῦντες	skopou=ntes	σκοπέω	skope/w	v-pppamn-
σκοποῦντες	skopou=ntes	σκοπέω	skope/w	v-pppamv-
σκορδινᾶται	skordina=tai	σκορδινάομαι	skordina/omai	v3spse---
σκορδινᾶται	skordina=tai	σκορδινάομαι	skordina/omai	v3spie---
σκορόδου	skoro/dou	σκόροδον	sko/rodon	n-s---ng-
σκορόδου	skoro/dou	σκοροδόω	skorodo/w	v2spma---
σκορόδου	skoro/dou	σκοροδόω	skorodo/w	v3siia---
σκωμμάτιον	skwmma/tion	σκωμμάτιον	skwmma/tion	n-s---nn-
σκωμμάτιον	skwmma/tion	σκωμμάτιον	skwmma/tion	n-s---nv-
σκωμμάτιον	skwmma/tion	σκωμμάτιον	skwmma/tion	n-s---na-
σκωπτόλης	skwpto/lhs	σκωπτόλης	skwpto/lhs	n-s---mn-
σκωπτόμενοι	skwpto/menoi	σκώπτω	skw/ptw	v-pppemn-
σκωπτόμενοι	skwpto/menoi	σκώπτω	skw/ptw	v-pppemv-
σκάφους	ska/fous	σκάφοσ1	ska/fos1	n-p---ma-
σκάφους	ska/fous	σκάφοσ2	ska/fos2	n-s---ng-
σκέλος	ske/los	σκέλος	ske/los	n-s---nn-
σκέλος	ske/los	σκέλος	ske/los	n-s---nv-
σκέλος	ske/los	σκέλος	ske/los	n-s---na-
σκέψαι	ske/yai	σκέπτομαι	ske/ptomai	v2same---
σκίπωνας	ski/pwnas	σκίπων	ski/pwn	n-p---ma-
σκόλι’	sko/li'	σκόλιον	sko/lion	n-p---nn-
σκόλι’	sko/li'	σκόλιον	sko/lion	n-p---nv-
σκόλι’	sko/li'	σκόλιον	sko/lion	n-p---na-
σκόροδον	sko/rodon	σκόροδον	sko/rodon	n-s---nn-
σκόροδον	sko/rodon	σκόροδον	sko/rodon	n-s---nv-
σκόροδον	sko/rodon	σκόροδον	sko/rodon	n-s---na-
σκότῳ	sko/tw|	σκότος	sko/tos	n-s---md-
σκύτη	sku/th	σκῦτος	sku=tos	n-p---nn-
σκύτη	sku/th	σκῦτος	sku=tos	n-p---nv-
σκύτη	sku/th	σκῦτος	sku=tos	n-p---na-
σκύτη	sku/th	σκῦτος	sku=tos	n-d---nn-
σκύτη	sku/th	σκῦτος	sku=tos	n-d---nv-
σκύτη	sku/th	σκῦτος	sku=tos	n-d---na-
σκύτη	sku/th	σκυτέω	skute/w	v2spma---
σκύτη	sku/th	σκυτέω	skute/w	v3siia---
σκώληκες	skw/lhkes	σκώληξ	skw/lhc	n-p---mn-
σκώληκες	skw/lhkes	σκώληξ	skw/lhc	n-p---mv-
σκώπτουσ’	skw/ptous'	σκώπτω	skw/ptw	v-sppafn-
σκώπτουσ’	skw/ptous'	σκώπτω	skw/ptw	v-sppafv-
σκώπτουσ’	skw/ptous'	σκώπτω	skw/ptw	v-pppamd-
σκώπτουσ’	skw/ptous'	σκώπτω	skw/ptw	v-pppand-
σκώπτουσ’	skw/ptous'	σκώπτω	skw/ptw	v3ppia---
σκώπτουσ’	skw/ptous'	σκώπτω	skw/ptw	v-pppafn-
σκώπτουσ’	skw/ptous'	σκώπτω	skw/ptw	v-pppafv-
σκώπτων	skw/ptwn	σκώπτω	skw/ptw	v-sppamn-
σκῖρον	ski=ron	σκῖρον	ski=ron	n-s---nn-
σκῖρον	ski=ron	σκῖρον	ski=ron	n-s---nv-
σκῖρον	ski=ron	σκῖρον	ski=ron	n-s---na-
σκῖρον	ski=ron	σκῖρος	ski=ros	n-s---ma-
σμικρόν	smikro/n	μικρός	mikro/s	a-s---ma-
σμικρόν	smikro/n	μικρός	mikro/s	a-s---nn-
σμικρόν	smikro/n	μικρός	mikro/s	a-s---nv-
σμικρόν	smikro/n	μικρός	mikro/s	a-s---na-
σμικρόν	smikro/n	σμικρός	smikro/s	a-s---ma-
σμικρόν	smikro/n	σμικρός	smikro/s	a-s---nn-
σμικρόν	smikro/n	σμικρός	smikro/s	a-s---nv-
σμικρόν	smikro/n	σμικρός	smikro/s	a-s---na-
σμικρότατος	smikro/tatos	μικρός	mikro/s	a-s---mns
σμικρότατος	smikro/tatos	σμικρός	smikro/s	a-s---mns
σμῆνος	smh=nos	σμῆνος	smh=nos	n-s---nn-
σμῆνος	smh=nos	σμῆνος	smh=nos	n-s---nv-
σμῆνος	smh=nos	σμῆνος	smh=nos	n-s---na-
σοι	soi	σύ	su/	p-s----d-
σοροῦ	sorou=	σορός	soro/s	n-s---fg-
σου	sou	σύ	su/	p-s----g-
σοφοί	sofoi/	σοφός	sofo/s	a-p---mn-
σοφοί	sofoi/	σοφός	sofo/s	a-p---mv-
σοφοί	sofoi/	σοφόω	sofo/w	v2spse---
σοφοί	sofoi/	σοφόω	sofo/w	v2spie---
σοφοί	sofoi/	σοφόω	sofo/w	v3spsa---
σοφοῖς	sofoi=s	σοφός	sofo/s	a-p---md-
σοφοῖς	sofoi=s	σοφός	sofo/s	a-p---nd-
σοφοῖς	sofoi=s	σοφόω	sofo/w	v2spoa---
σοφοῖς	sofoi=s	σοφόω	sofo/w	v2spsa---
σοφοῖς	sofoi=s	σοφόω	sofo/w	v2spia---
σοφίαν	sofi/an	σοφία	sofi/a	n-s---fa-
σοφόν	sofo/n	σοφός	sofo/s	a-s---ma-
σοφόν	sofo/n	σοφός	sofo/s	a-s---nn-
σοφόν	sofo/n	σοφός	sofo/s	a-s---nv-
σοφόν	sofo/n	σοφός	sofo/s	a-s---na-
σοφός	sofo/s	σοφός	sofo/s	a-s---mn-
σοφώτατον	sofw/taton	σοφός	sofo/s	a-s---mas
σοφώτατον	sofw/taton	σοφός	sofo/s	a-s---nns
σοφώτατον	sofw/taton	σοφός	sofo/s	a-s---nvs
σοφώτατον	sofw/taton	σοφός	sofo/s	a-s---nas
σοφώτερον	sofw/teron	σοφός	sofo/s	x--------
σοφώτερον	sofw/teron	σοφός	sofo/s	a-s---ma-
σοφώτερον	sofw/teron	σοφός	sofo/s	a-s---nn-
σοφώτερον	sofw/teron	σοφός	sofo/s	a-s---nv-
σοφώτερον	sofw/teron	σοφός	sofo/s	a-s---na-
σοφῆς	sofh=s	σοφός	sofo/s	a-s---fg-
σοφῶς	sofw=s	σοφός	sofo/s	x--------
σοφῶς	sofw=s	σοφόω	sofo/w	v2spia---
σοὐς	sou)s	εἰς	ei)s	r--------
σοὐστίν	sou)sti/n	εἰμί	ei)mi/	v3spia---
σοί	soi/	σός	so/s	a-p---mn-
σοί	soi/	σός	so/s	a-p---mv-
σοί	soi/	σύ	su/	p-s----d-
σοί	soi/	σύ	su/	p-s----d-
σού	sou/	σύ	su/	p-s----g-
σοῖς	soi=s	σέω	se/w	v2spoa---
σοῖς	soi=s	σός	so/s	a-p---md-
σοῖς	soi=s	σός	so/s	a-p---nd-
σοῦ	sou=	σέω	se/w	v2spme---
σοῦ	sou=	σέω	se/w	v2siie---
σοῦ	sou=	σεύω	seu/w	v2spmm---
σοῦ	sou=	σός	so/s	a-s---mg-
σοῦ	sou=	σός	so/s	a-s---ng-
σοῦ	sou=	σοῦ	sou=	x--------
σοῦ	sou=	σύ	su/	p-s----g-
σοῦσθ’	sou=sq'	σεύω	seu/w	v2ppmm---
σπανίζοντος	spani/zontos	σπανίζω	spani/zw	v-sppamg-
σπανίζοντος	spani/zontos	σπανίζω	spani/zw	v-sppang-
σπείραντ’	spei/rant'	σπείρω	spei/rw	v-papann-
σπείραντ’	spei/rant'	σπείρω	spei/rw	v-papanv-
σπείραντ’	spei/rant'	σπείρω	spei/rw	v-papana-
σπείραντ’	spei/rant'	σπείρω	spei/rw	v-sapama-
σπείραντ’	spei/rant'	σπείρω	spei/rw	v-sapamd-
σπείραντ’	spei/rant'	σπείρω	spei/rw	v-sapand-
σπείραντ’	spei/rant'	σπείρω	spei/rw	v-dapamn-
σπείραντ’	spei/rant'	σπείρω	spei/rw	v-dapamv-
σπείραντ’	spei/rant'	σπείρω	spei/rw	v-dapama-
σπείραντ’	spei/rant'	σπείρω	spei/rw	v-dapann-
σπείραντ’	spei/rant'	σπείρω	spei/rw	v-dapanv-
σπείραντ’	spei/rant'	σπείρω	spei/rw	v-dapana-
σπείραντ’	spei/rant'	σπείρω	spei/rw	v3paim---
σπείραντ’	spei/rant'	σπειράομαι	speira/omai	v3ppia---
σπείραντ’	spei/rant'	σπειράομαι	speira/omai	v3ppie---
σπεύδωμεν	speu/dwmen	σπεύδω	speu/dw	v1ppsa---
σπεῦδ’	speu=d'	σπεύδω	speu/dw	v2spma---
σπεῦδ’	speu=d'	σπεύδω	speu/dw	v3siia---
σπλάγχνων	spla/gxnwn	σπλάγχνον	spla/gxnon	n-p---ng-
σπονδαῖς	spondai=s	σπονδή	spondh/	n-p---fd-
σπένδομεν	spe/ndomen	σπένδω	spe/ndw	v1ppia---
σπένδομεν	spe/ndomen	σπένδω	spe/ndw	v1piia---
σπένδων	spe/ndwn	σπένδω	spe/ndw	v-sppamn-
σπόδισον	spo/dison	σποδίζω	spodi/zw	v2sama---
στεμμάτων	stemma/twn	στέμμα	ste/mma	n-p---ng-
στεμμάτων	stemma/twn	στεμματόω	stemmato/w	v3piia---
στεμμάτων	stemma/twn	στεμματόω	stemmato/w	v1siia---
στενάζειν	stena/zein	στενάζω	stena/zw	v--pna---
στερηθείς	sterhqei/s	στερέω	stere/w	v-sappmn-
στερηθείς	sterhqei/s	στερέω	stere/w	v-sappmv-
στεφάνοισιν	stefa/noisin	στέφανος	ste/fanos	n-p---md-
στεφάνους	stefa/nous	στέφανος	ste/fanos	n-p---ma-
στεφάνους	stefa/nous	στεφανόω	stefano/w	v2siia---
στιζόμενος	stizo/menos	στίζω	sti/zw	v-sppemn-
στομφάζοντας	stomfa/zontas	στομφάζω	stomfa/zw	v-pppama-
στραγγουρίας	straggouri/as	στραγγουρία	straggouri/a	n-p---fa-
στραγγουρίας	straggouri/as	στραγγουρία	straggouri/a	n-s---fg-
στραγγουρίας	straggouri/as	στραγγουριάω	straggouria/w	v2siia---
στρατιώταις	stratiw/tais	στρατιώτης	stratiw/ths	n-p---md-
στρατιᾶς	stratia=s	στρατία	strati/a	n-s---fg-
στρατιᾶς	stratia=s	στρατιά	stratia/	n-s---fg-
στρατόν	strato/n	στρατός	strato/s	n-s---ma-
στροῦθος	strou=qos	στρουθός	strouqo/s	n-s---mn-
στροῦθος	strou=qos	στρουθός	strouqo/s	n-s---fn-
στρυφνόν	strufno/n	στρυφνός	strufno/s	a-s---ma-
στρυφνόν	strufno/n	στρυφνός	strufno/s	a-s---nn-
στρυφνόν	strufno/n	στρυφνός	strufno/s	a-s---nv-
στρυφνόν	strufno/n	στρυφνός	strufno/s	a-s---na-
στράτιον	stra/tion	στράτιος	stra/tios	a-s---ma-
στράτιον	stra/tion	στράτιος	stra/tios	a-s---nn-
στράτιον	stra/tion	στράτιος	stra/tios	a-s---nv-
στράτιον	stra/tion	στράτιος	stra/tios	a-s---na-
στράτιον	stra/tion	στρατάω#	strata/w%2	v3piia---
στράτιον	stra/tion	στρατάω#	strata/w%2	v1siia---
στρέφεται	stre/fetai	στρέφω	stre/fw	v3spie---
στρόβει	stro/bei	στροβέω	strobe/w	v2spma---
στρόβει	stro/bei	στροβέω	strobe/w	v3siia---
στρώμασιν	strw/masin	στρῶμα	strw=ma	n-p---nd-
στάντας	sta/ntas	ἵστημι	i(/sthmi	v-papama-
στάς	sta/s	ἵστημι	i(/sthmi	v-sapamn-
στάς	sta/s	ἵστημι	i(/sthmi	v-sapamv-
στέγειν	ste/gein	στέγω	ste/gw	v--pna---
στένει	ste/nei	στένος	ste/nos	n-d---nn-
στένει	ste/nei	στένος	ste/nos	n-d---nv-
στένει	ste/nei	στένος	ste/nos	n-d---na-
στένει	ste/nei	στένος	ste/nos	n-s---nd-
στένει	ste/nei	στένος	ste/nos	n-s---nd-
στένει	ste/nei	στένω	ste/nw	v2spie---
στένει	ste/nei	στένω	ste/nw	v3spia---
στένεις	ste/neis	στένω	ste/nw	v2spia---
στέργετε	ste/rgete	στέργω	ste/rgw	v2ppma---
στέργετε	ste/rgete	στέργω	ste/rgw	v2ppia---
στέργετε	ste/rgete	στέργω	ste/rgw	v2piia---
στίλην	sti/lhn	στίλη	sti/lh	n-s---fa-
στίλην	sti/lhn	στῖλα	sti=la	n-s---fa-
στόμαθ’	sto/maq'	στόμα	sto/ma	n-p---nn-
στόμαθ’	sto/maq'	στόμα	sto/ma	n-p---nv-
στόμαθ’	sto/maq'	στόμα	sto/ma	n-p---na-
στόμαθ’	sto/maq'	στόμα	sto/ma	n-s---nd-
στόμαθ’	sto/maq'	στόμα	sto/ma	n-d---nn-
στόμαθ’	sto/maq'	στόμα	sto/ma	n-d---nv-
στόμαθ’	sto/maq'	στόμα	sto/ma	n-d---na-
στῆθι	sth=qi	ἵστημι	i(/sthmi	v2sama---
συγγνώμην	suggnw/mhn	συγγνώμη	suggnw/mh	n-s---fa-
συγκαθήμενα	sugkaqh/mena	σύν-κάθημαι	su/n-ka/qhmai	v-prpmnn-
συγκαθήμενα	sugkaqh/mena	σύν-κάθημαι	su/n-ka/qhmai	v-prpmnv-
συγκαθήμενα	sugkaqh/mena	σύν-κάθημαι	su/n-ka/qhmai	v-prpmna-
συγκύψανθ’	sugku/yanq'	συγκύπτω	sugku/ptw	v-papann-
συγκύψανθ’	sugku/yanq'	συγκύπτω	sugku/ptw	v-papanv-
συγκύψανθ’	sugku/yanq'	συγκύπτω	sugku/ptw	v-papana-
συγκύψανθ’	sugku/yanq'	συγκύπτω	sugku/ptw	v-sapama-
συγκύψανθ’	sugku/yanq'	συγκύπτω	sugku/ptw	v-sapamd-
συγκύψανθ’	sugku/yanq'	συγκύπτω	sugku/ptw	v-sapand-
συγκύψανθ’	sugku/yanq'	συγκύπτω	sugku/ptw	v-dapamn-
συγκύψανθ’	sugku/yanq'	συγκύπτω	sugku/ptw	v-dapamv-
συγκύψανθ’	sugku/yanq'	συγκύπτω	sugku/ptw	v-dapama-
συγκύψανθ’	sugku/yanq'	συγκύπτω	sugku/ptw	v-dapann-
συγκύψανθ’	sugku/yanq'	συγκύπτω	sugku/ptw	v-dapanv-
συγκύψανθ’	sugku/yanq'	συγκύπτω	sugku/ptw	v-dapana-
συγκύψανθ’	sugku/yanq'	συγκύπτω	sugku/ptw	v3paim---
συκοφαντήσειν	sukofanth/sein	συκοφαντέω	sukofante/w	v--fna---
συκίνου	suki/nou	σύκινος	su/kinos	a-s---mg-
συκίνου	suki/nou	σύκινος	su/kinos	a-s---ng-
συλλήβδην	sullh/bdhn	συλλήβδην	sullh/bdhn	d--------
συμβαλεῖν	sumbalei=n	συμβάλλω	sumba/llw	v--ana---
συμβαλεῖν	sumbalei=n	συμβάλλω	sumba/llw	v--fna---
συμποσίῳ	sumposi/w|	συμπόσιον	sumpo/sion	n-s---nd-
συμποσίῳ	sumposi/w|	συμπόσιος	sumpo/sios	a-s---md-
συμποσίῳ	sumposi/w|	συμπόσιος	sumpo/sios	a-s---nd-
συμπόται	sumpo/tai	συμπότης	sumpo/ths	n-p---mn-
συμπόται	sumpo/tai	συμπότης	sumpo/ths	n-p---mv-
συμπόται	sumpo/tai	συμπότης	sumpo/ths	n-s---md-
συμπόταις	sumpo/tais	συμπότης	sumpo/ths	n-p---md-
συνδικαστής	sundikasth/s	συνδικαστής	sundikasth/s	n-s---mn-
συνδικαστῶν	sundikastw=n	συνδικαστής	sundikasth/s	n-p---mg-
συνεκόλλων	suneko/llwn	συγκολλάω	sugkolla/w	v3piia---
συνεκόλλων	suneko/llwn	συγκολλάω	sugkolla/w	v1siia---
συνηγορικόν	sunhgoriko/n	συνηγορικός	sunhgoriko/s	a-s---ma-
συνηγορικόν	sunhgoriko/n	συνηγορικός	sunhgoriko/s	a-s---nn-
συνηγορικόν	sunhgoriko/n	συνηγορικός	sunhgoriko/s	a-s---nv-
συνηγορικόν	sunhgoriko/n	συνηγορικός	sunhgoriko/s	a-s---na-
συνθιασῶτα	sunqiasw=ta	συνθιασώτης	sunqiasw/ths	n-s---mv-
συνθιασῶτα	sunqiasw=ta	συνθιασώτης	sunqiasw/ths	n-s---mn-
συσκεύαζε	suskeu/aze	συσκευάζω	suskeua/zw	v2spma---
συσκεύαζε	suskeu/aze	συσκευάζω	suskeua/zw	v2spma---
συσκεύαζε	suskeu/aze	συσκευάζω	suskeua/zw	v3siia---
συσκεύαζε	suskeu/aze	συσκευάζω	suskeua/zw	v3siia---
σφαλλόμενος	sfallo/menos	σφάλλω	sfa/llw	v-sppemn-
σφηκιάν	sfhkia/n	σφηκιά	sfhkia/	n-s---fa-
σφηκιᾷ	sfhkia=|	σφηκιά	sfhkia/	n-s---fd-
σφηκός	sfhko/s	σφήξ	sfh/c	n-s---mg-
σφηκός	sfhko/s	σφηκός	sfhko/s	a-s---mn-
σφηξί	sfhci/	σφήξ	sfh/c	n-p---md-
σφηξίν	sfhci/n	σφήξ	sfh/c	n-p---md-
σφυρόν	sfuro/n	σφυρόν	sfuro/n	n-s---nn-
σφυρόν	sfuro/n	σφυρόν	sfuro/n	n-s---nv-
σφυρόν	sfuro/n	σφυρόν	sfuro/n	n-s---na-
σφόγγον	sfo/ggon	σφογγίον	sfoggi/on	n-s---nn-
σφόγγον	sfo/ggon	σφογγίον	sfoggi/on	n-s---nv-
σφόγγον	sfo/ggon	σφογγίον	sfoggi/on	n-s---na-
σφόγγον	sfo/ggon	σπόγγος	spo/ggos	n-s---ma-
σφόδρα	sfo/dra	σφόδρα	sfo/dra	d--------
σφόδρ’	sfo/dr'	σφόδρα	sfo/dra	d--------
σφῆκας	sfh=kas	σφήξ	sfh/c	n-p---ma-
σφῆκες	sfh=kes	σφήξ	sfh/c	n-p---mn-
σφῆκες	sfh=kes	σφήξ	sfh/c	n-p---mv-
σφῷν	sfw=|n	σφεῖς	sfei=s	n-p---mg-
σφῷν	sfw=|n	σφεῖς	sfei=s	n-p---fg-
σφῷν	sfw=|n	σύ	su/	p-d----g-
σφῷν	sfw=|n	σύ	su/	p-d----d-
σφῷν	sfw=|n	σύ	su/	p-d----g-
σφῷν	sfw=|n	σύ	su/	p-d----d-
σχεῖν	sxei=n	ἔχω	e)/xw	v--ana---
σχεῖν	sxei=n	σχάω	sxa/w	v--pna---
σχοινίον	sxoini/on	σχοινίον	sxoini/on	n-s---nn-
σχοινίον	sxoini/on	σχοινίον	sxoini/on	n-s---nv-
σχοινίον	sxoini/on	σχοινίον	sxoini/on	n-s---na-
σχοινίου	sxoini/ou	σχοινίον	sxoini/on	n-s---ng-
σχήματος	sxh/matos	σχῆμα	sxh=ma	n-s---ng-
σχῆμα	sxh=ma	σχῆμα	sxh=ma	n-s---nn-
σχῆμα	sxh=ma	σχῆμα	sxh=ma	n-s---nv-
σχῆμα	sxh=ma	σχῆμα	sxh=ma	n-s---na-
σωτηρίαν	swthri/an	σωτηρία	swthri/a	n-s---fa-
σωφρονεῖ	swfronei=	σωφρονέω	swfrone/w	v2spie---
σωφρονεῖ	swfronei=	σωφρονέω	swfrone/w	v3spia---
σωφρονεῖν	swfronei=n	σωφρονέω	swfrone/w	v--pna---
σάγματι	sa/gmati	σάγμα	sa/gma	n-s---nd-
σέ	se/	σός	so/s	a-s---mv-
σέ	se/	σύ	su/	p-s----a-
σέ	se/	σύ	su/	p-s----a-
σέρφῳ	se/rfw|	σέρφος	se/rfos	n-s---md-
σήσαμα	sh/sama	σήσαμον	sh/samon	n-p---nn-
σήσαμα	sh/sama	σήσαμον	sh/samon	n-p---nv-
σήσαμα	sh/sama	σήσαμον	sh/samon	n-p---na-
σίγα	si/ga	σῖγος	si=gos	n-p---nn-
σίγα	si/ga	σῖγος	si=gos	n-p---nv-
σίγα	si/ga	σῖγος	si=gos	n-p---na-
σίγα	si/ga	σιγάω	siga/w	v2spma---
σίγα	si/ga	σιγάω	siga/w	v3siia---
σίμβλον	si/mblon	σίμβλος	si/mblos	n-s---ma-
σύ	su/	σύ	su/	p-s----n-
σύκινος	su/kinos	σύκινος	su/kinos	a-s---mn-
σύρφακα	su/rfaka	σύρφαξ	su/rfac	n-s---ma-
σώματι	sw/mati	σῶμα	sw=ma	n-s---nd-
σῆς	sh=s	σέω	se/w	v2spia---
σῆς	sh=s	σέω	se/w	v2siia---
σῆς	sh=s	σής	sh/s	n-p---ma-
σῆς	sh=s	σής	sh/s	n-p---mn-
σῆς	sh=s	σής	sh/s	n-p---mv-
σῆς	sh=s	σός	so/s	a-s---fg-
σῖτον	si=ton	σῖτος	si=tos	n-s---ma-
σῦκά	su=ka/	σῦκον	su=kon	n-p---nn-
σῦκά	su=ka/	σῦκον	su=kon	n-p---nv-
σῦκά	su=ka/	σῦκον	su=kon	n-p---na-
σῴζεσθ’	sw/|zesq'	σώζω	sw/zw	v2ppme---
σῴζεσθ’	sw/|zesq'	σώζω	sw/zw	v2ppie---
σῴζεσθ’	sw/|zesq'	σώζω	sw/zw	v--pne---
σῴζεσθ’	sw/|zesq'	σώζω	sw/zw	v2piie---
σῶσον	sw=son	σώζω	sw/zw	v2sama---
σῶσον	sw=son	σώζω	sw/zw	v-sfpamv-
σῶσον	sw=son	σώζω	sw/zw	v-sfpann-
σῶσον	sw=son	σώζω	sw/zw	v-sfpanv-
σῶσον	sw=son	σώζω	sw/zw	v-sfpana-
ταδί	tadi/	ὅδε	o(/de	n-p---mn-
ταλαιπωρουμένους	talaipwroume/nous	ταλαιπωρέω	talaipwre/w	v-pppema-
ταλαιπωρούμενοι	talaipwrou/menoi	ταλαιπωρέω	talaipwre/w	v-pppemn-
ταλαιπωρούμενοι	talaipwrou/menoi	ταλαιπωρέω	talaipwre/w	v-pppemv-
ταμιεύουσ’	tamieu/ous'	ταμιεύω	tamieu/w	v-sppafn-
ταμιεύουσ’	tamieu/ous'	ταμιεύω	tamieu/w	v-sppafv-
ταμιεύουσ’	tamieu/ous'	ταμιεύω	tamieu/w	v-pppamd-
ταμιεύουσ’	tamieu/ous'	ταμιεύω	tamieu/w	v-pppand-
ταμιεύουσ’	tamieu/ous'	ταμιεύω	tamieu/w	v3ppia---
ταμιεύουσ’	tamieu/ous'	ταμιεύω	tamieu/w	v-pppafn-
ταμιεύουσ’	tamieu/ous'	ταμιεύω	tamieu/w	v-pppafv-
ταμίαν	tami/an	τάμιας	ta/mias	n-s---ma-
ταμίαν	tami/an	τάμιας	ta/mias	n-s---ma-
ταμίαν	tami/an	ταμία	tami/a	n-s---fa-
ταμίαν	tami/an	ταμίας	tami/as	n-s---ma-
ταμίαν	tami/an	ταμίας	tami/as	n-s---ma-
ταράττεις	tara/tteis	ταράσσω	tara/ssw	v2spia---
ταρίχους	tari/xous	τάριχοσ1	ta/rixos1	n-p---ma-
ταρίχους	tari/xous	τάριχοσ2	ta/rixos2	n-s---ng-
τασδί	tasdi/	ὅδε	o(/de	n-p---fa-
ταυτί	tauti/	οὗτος	ou(=tos	n-p---nn-
ταυτί	tauti/	οὗτος	ou(=tos	n-p---nv-
ταυτί	tauti/	οὗτος	ou(=tos	n-p---na-
ταυτῃί	tauth|i/	οὗτος	ou(=tos	n-s---fd-
ταχέως	taxe/ws	ταχέως	taxe/ws	d--------
ταχέως	taxe/ws	ταχύς	taxu/s	x--------
ταχίστην	taxi/sthn	τάχιστος	ta/xistos	a-s---fa-
ταχίστην	taxi/sthn	ταχύς	taxu/s	a-s---fa-
ταχύ	taxu/	ταχύς	taxu/s	a-s---mv-
ταχύ	taxu/	ταχύς	taxu/s	a-s---nn-
ταχύ	taxu/	ταχύς	taxu/s	a-s---nv-
ταχύ	taxu/	ταχύς	taxu/s	a-s---na-
ταχύν	taxu/n	ταχύς	taxu/s	a-s---ma-
ταὐτά	tau)ta/	ταὐτός	tau)to/s	a-p---nn-
ταὐτά	tau)ta/	ταὐτός	tau)to/s	a-p---nv-
ταὐτά	tau)ta/	ταὐτός	tau)to/s	a-p---na-
ταὐτά	tau)ta/	ταὐτός	tau)to/s	a-d---fn-
ταὐτά	tau)ta/	ταὐτός	tau)to/s	a-d---fv-
ταὐτά	tau)ta/	ταὐτός	tau)to/s	a-d---fa-
ταὐτά	tau)ta/	ταὐτός	tau)to/s	a-s---fn-
ταὐτά	tau)ta/	ταὐτός	tau)to/s	a-s---fv-
ταὐτόν	tau)to/n	ταὐτός	tau)to/s	a-s---ma-
ταὐτόν	tau)to/n	ταὐτός	tau)to/s	a-s---nn-
ταὐτόν	tau)to/n	ταὐτός	tau)to/s	a-s---nv-
ταὐτόν	tau)to/n	ταὐτός	tau)to/s	a-s---na-
ταὐτῷ	tau)tw=|	ταὐτάζω	tau)ta/zw	v3sfoa---
ταὐτῷ	tau)tw=|	ταὐτός	tau)to/s	a-s---md-
ταὐτῷ	tau)tw=|	ταὐτός	tau)to/s	a-s---nd-
ταὔθ’	tau)/q'	ταὐτός	tau)to/s	a-p---nn-
ταὔθ’	tau)/q'	ταὐτός	tau)to/s	a-p---nv-
ταὔθ’	tau)/q'	ταὐτός	tau)to/s	a-p---na-
ταὔθ’	tau)/q'	ταὐτός	tau)to/s	a-d---fn-
ταὔθ’	tau)/q'	ταὐτός	tau)to/s	a-d---fv-
ταὔθ’	tau)/q'	ταὐτός	tau)to/s	a-d---fa-
ταὔθ’	tau)/q'	ταὐτός	tau)to/s	a-s---fn-
ταὔθ’	tau)/q'	ταὐτός	tau)to/s	a-s---fv-
ταὔθ’	tau)/q'	ταὐτός	tau)to/s	a-s---mv-
ταὔθ’	tau)/q'	ταὐτός	tau)to/s	a-p---fn-
ταὔθ’	tau)/q'	ταὐτός	tau)to/s	a-p---fv-
ταύταις	tau/tais	οὗτος	ou(=tos	n-p---fd-
ταύτην	tau/thn	οὗτος	ou(=tos	n-s---fa-
ταύτης	tau/ths	οὗτος	ou(=tos	n-s---fg-
ταύτῃ	tau/th|	οὗτος	ou(=tos	n-s---fd-
ταύτῃ	tau/th|	ταύτῃ	tau/th|	d--------
ταῖς	tai=s	ὁ	o(	l-p---fd-
ταῖσι	tai=si	ὁ	o(	l-p---fd-
ταῖσιν	tai=sin	ὁ	o(	l-p---fd-
ταῦθ’	tau=q'	οὗτος	ou(=tos	n-p---nn-
ταῦθ’	tau=q'	οὗτος	ou(=tos	n-p---nv-
ταῦθ’	tau=q'	οὗτος	ou(=tos	n-p---na-
ταῦτα	tau=ta	οὗτος	ou(=tos	n-p---nn-
ταῦτα	tau=ta	οὗτος	ou(=tos	n-p---nv-
ταῦτα	tau=ta	οὗτος	ou(=tos	n-p---na-
ταῦτά	tau=ta/	οὗτος	ou(=tos	n-p---nn-
ταῦτά	tau=ta/	οὗτος	ou(=tos	n-p---nv-
ταῦτά	tau=ta/	οὗτος	ou(=tos	n-p---na-
τε	te	τε	te	g--------
τεθεώρηκα	teqew/rhka	θεωρέω	qewre/w	v1sria---
τεθνήξεις	teqnh/ceis	θνήσκω	qnh/skw	v2stia---
τειχίοις	teixi/ois	τειχέω	teixe/w	v2spoa---
τειχίοις	teixi/ois	τειχίον	teixi/on	n-p---nd-
τεκμαίρεται	tekmai/retai	τεκμαίρομαι	tekmai/romai	v3spie---
τελεταῖς	teletai=s	τελετή	teleth/	n-p---fd-
τελεταῖς	teletai=s	τελετής	teleth/s	n-p---md-
τελετήν	teleth/n	τελετή	teleth/	n-s---fa-
τελετήν	teleth/n	τελετής	teleth/s	n-s---ma-
τελευταῖος	teleutai=os	τελευταῖος	teleutai=os	a-s---mn-
τετοκυίας	tetokui/as	τίκτω	ti/ktw	v-prpafa-
τετοκυίας	tetokui/as	τίκτω	ti/ktw	v-srpafg-
τετραπήχεις	tetraph/xeis	τετράπηχυς	tetra/phxus	n-p---mn-
τετραπήχεις	tetraph/xeis	τετράπηχυς	tetra/phxus	n-p---ma-
τετρημένα	tetrhme/na	τετραίνω	tetrai/nw	v-prpenn-
τετρημένα	tetrhme/na	τετραίνω	tetrai/nw	v-prpenv-
τετρημένα	tetrhme/na	τετραίνω	tetrai/nw	v-prpena-
τετρημένα	tetrhme/na	τετραίνω	tetrai/nw	v-drpefn-
τετρημένα	tetrhme/na	τετραίνω	tetrai/nw	v-drpefv-
τετρημένα	tetrhme/na	τετραίνω	tetrai/nw	v-drpefa-
τετρημένα	tetrhme/na	τετραίνω	tetrai/nw	v-srpefn-
τετρημένα	tetrhme/na	τετραίνω	tetrai/nw	v-srpefv-
τεττάρων	tetta/rwn	τέσσαρες	te/ssares	n-p---mg-
τεττάρων	tetta/rwn	τέσσαρες	te/ssares	n-p---fg-
τεττάρων	tetta/rwn	τέσσαρες	te/ssares	n-p---ng-
τεχνωμένου	texnwme/nou	τεχνάομαι	texna/omai	v-sppemg-
τεχνωμένου	texnwme/nou	τεχνάομαι	texna/omai	v-sppeng-
τεχνωμένου	texnwme/nou	τεχνάζω	texna/zw	v-sfpmmg-
τεχνωμένου	texnwme/nou	τεχνάζω	texna/zw	v-sfpmng-
τεχνωμένου	texnwme/nou	τεχνόω	texno/w	v-sppemg-
τεχνωμένου	texnwme/nou	τεχνόω	texno/w	v-sppeng-
τείχους	tei/xous	τεῖχος	tei=xos	n-s---ng-
τηλία	thli/a	τηλία	thli/a	n-d---fn-
τηλία	thli/a	τηλία	thli/a	n-d---fv-
τηλία	thli/a	τηλία	thli/a	n-d---fa-
τηλία	thli/a	τηλία	thli/a	n-s---fn-
τηλία	thli/a	τηλία	thli/a	n-s---fv-
τηρεῖ	threi=	τηρέω	thre/w	v2spie---
τηρεῖ	threi=	τηρέω	thre/w	v3spia---
τηρεῖν	threi=n	τηρέω	thre/w	v--pna---
τηροῦ	throu=	τηρέω	thre/w	v2spme---
τηροῦ	throu=	τηρέω	thre/w	v2siie---
τηροῦ	throu=	τηρός	thro/s	n-s---mg-
τηροῦμαι	throu=mai	τηρέω	thre/w	v1spie---
τηροῦσιν	throu=sin	τηρέω	thre/w	v-pppamd-
τηροῦσιν	throu=sin	τηρέω	thre/w	v-pppand-
τηροῦσιν	throu=sin	τηρέω	thre/w	v3ppia---
τηροῦσ’	throu=s'	τηρέω	thre/w	v-sppafn-
τηροῦσ’	throu=s'	τηρέω	thre/w	v-sppafv-
τηροῦσ’	throu=s'	τηρέω	thre/w	v-pppamd-
τηροῦσ’	throu=s'	τηρέω	thre/w	v-pppand-
τηροῦσ’	throu=s'	τηρέω	thre/w	v3ppia---
τηροῦσ’	throu=s'	τηρέω	thre/w	v-pppafn-
τηροῦσ’	throu=s'	τηρέω	thre/w	v-pppafv-
τηρώμεσθ’	thrw/mesq'	τηρέω	thre/w	v1ppse---
τι	ti	τις	tis	p-s---nn-
τι	ti	τις	tis	p-s---nv-
τι	ti	τις	tis	p-s---na-
τιθασευτήν	tiqaseuth/n	τιθασευτής	tiqaseuth/s	n-s---ma-
τιμηθείς	timhqei/s	τιμάω	tima/w	v-sappmn-
τιμηθείς	timhqei/s	τιμάω	tima/w	v-sappmv-
τιμηθείς	timhqei/s	τιμέω	time/w	v-sappmn-
τιμηθείς	timhqei/s	τιμέω	time/w	v-sappmv-
τιμητικόν	timhtiko/n	τιμητικός	timhtiko/s	a-s---ma-
τιμητικόν	timhtiko/n	τιμητικός	timhtiko/s	a-s---nn-
τιμητικόν	timhtiko/n	τιμητικός	timhtiko/s	a-s---nv-
τιμητικόν	timhtiko/n	τιμητικός	timhtiko/s	a-s---na-
τιμή	timh/	τιμή	timh/	n-s---fn-
τιμή	timh/	τιμή	timh/	n-s---fv-
τιμᾶν	tima=n	τιμάω	tima/w	v-sppamv-
τιμᾶν	tima=n	τιμάω	tima/w	v-sppann-
τιμᾶν	tima=n	τιμάω	tima/w	v-sppanv-
τιμᾶν	tima=n	τιμάω	tima/w	v-sppana-
τιμᾶν	tima=n	τιμάω	tima/w	v-sppamn-
τιμᾶν	tima=n	τιμάω	tima/w	v--pna---
τιμᾶν	tima=n	τιμάω	tima/w	v--pna---
τιμᾶν	tima=n	τιμή	timh/	n-p---fg-
τιμῶν	timw=n	τιμάω	tima/w	v-sppamv-
τιμῶν	timw=n	τιμάω	tima/w	v-sppann-
τιμῶν	timw=n	τιμάω	tima/w	v-sppanv-
τιμῶν	timw=n	τιμάω	tima/w	v-sppana-
τιμῶν	timw=n	τιμάω	tima/w	v-sppamn-
τιμῶν	timw=n	τιμάω	tima/w	v-sppamn-
τιμῶν	timw=n	τιμέω	time/w	v-sppamn-
τιμῶν	timw=n	τιμή	timh/	n-p---fg-
τιμῶν	timw=n	τιμόω	timo/w	v-sppamv-
τιμῶν	timw=n	τιμόω	timo/w	v-sppann-
τιμῶν	timw=n	τιμόω	timo/w	v-sppanv-
τιμῶν	timw=n	τιμόω	timo/w	v-sppana-
τιμῶν	timw=n	τιμόω	timo/w	v-sppamn-
τιμῶν	timw=n	τιμόω	timo/w	v--pna---
τινα	tina	τις	tis	p-s---ma-
τινα	tina	τις	tis	p-s---fa-
τινα	tina	τις	tis	p-p---nn-
τινα	tina	τις	tis	p-p---nv-
τινα	tina	τις	tis	p-p---na-
τινες	tines	τις	tis	p-p---mn-
τινες	tines	τις	tis	p-p---mv-
τινες	tines	τις	tis	p-p---fn-
τινες	tines	τις	tis	p-p---fv-
τινά	tina/	τις	tis	p-s---ma-
τινά	tina/	τις	tis	p-s---fa-
τινά	tina/	τις	tis	p-p---nn-
τινά	tina/	τις	tis	p-p---nv-
τινά	tina/	τις	tis	p-p---na-
τινί	tini/	τις	tis	p-s----d-
τινός	tino/s	τις	tis	p-s----g-
τις	tis	τις	tis	p-s---mn-
τις	tis	τις	tis	p-s---fn-
τιή	tih/	τίη	ti/h	d--------
τλαίην	tlai/hn	τλάω	tla/w	v1saoa---
τλαίην	tlai/hn	τλάω	tla/w	v1spoa---
τοι	toi	σύ	su/	p-s----d-
τοι	toi	τοι	toi	g--------
τοιαυτί	toiauti/	τοιοῦτος	toiou=tos	n-p---nn-
τοιαυτί	toiauti/	τοιοῦτος	toiou=tos	n-p---nv-
τοιαυτί	toiauti/	τοιοῦτος	toiou=tos	n-p---na-
τοιαῦτα	toiau=ta	τοιοῦτος	toiou=tos	n-p---nn-
τοιαῦτα	toiau=ta	τοιοῦτος	toiou=tos	n-p---nv-
τοιαῦτα	toiau=ta	τοιοῦτος	toiou=tos	n-p---na-
τοιαῦτ’	toiau=t'	τοιοῦτος	toiou=tos	n-p---nn-
τοιαῦτ’	toiau=t'	τοιοῦτος	toiou=tos	n-p---nv-
τοιαῦτ’	toiau=t'	τοιοῦτος	toiou=tos	n-p---na-
τοιαῦτ’	toiau=t'	τοιοῦτος	toiou=tos	n-p---fn-
τοιαῦτ’	toiau=t'	τοιοῦτος	toiou=tos	n-p---fv-
τοιγαροῦν	toigarou=n	τοιγάρ	toiga/r	g--------
τοιουτονί	toioutoni/	τοιοῦτος	toiou=tos	n-s---ma-
τοιούτοις	toiou/tois	τοιοῦτος	toiou=tos	n-p---md-
τοιούτοις	toiou/tois	τοιοῦτος	toiou=tos	n-p---nd-
τοιοῦτον	toiou=ton	τοιοῦτος	toiou=tos	n-s---ma-
τοιοῦτος	toiou=tos	τοιοῦτος	toiou=tos	n-s---mn-
τοιόνδ’	toio/nd'	τοιόσδε	toio/sde	n-s---ma-
τοιόνδ’	toio/nd'	τοιόσδε	toio/sde	n-s---na-
τοιόνδ’	toio/nd'	τοιόσδε	toio/sde	n-s---nn-
τονδί	tondi/	ὅδε	o(/de	n-s---ma-
τονθορύσας	tonqoru/sas	τονθορύζω	tonqoru/zw	v-sapamn-
τονθορύσας	tonqoru/sas	τονθορύζω	tonqoru/zw	v-sapamv-
τοξευμάτων	toceuma/twn	τόξευμα	to/ceuma	n-p---ng-
τοπάζετε	topa/zete	τοπάζω	topa/zw	v2ppma---
τοπάζετε	topa/zete	τοπάζω	topa/zw	v2ppia---
τοπάζετε	topa/zete	τοπάζω	topa/zw	v2piia---
τοσούτοις	tosou/tois	τοσοῦτος	tosou=tos	n-p---nd-
τοσούτοις	tosou/tois	τοσοῦτος	tosou=tos	n-p---md-
τουδί	toudi/	ὅδε	o(/de	n-s---mg-
τουδί	toudi/	ὅδε	o(/de	n-s---ng-
τουτογί	toutogi/	οὗτος	ou(=tos	n-s---nn-
τουτογί	toutogi/	οὗτος	ou(=tos	n-s---nv-
τουτογί	toutogi/	οὗτος	ou(=tos	n-s---na-
τουτονί	toutoni/	οὗτος	ou(=tos	n-s---ma-
τουτουί	toutoui/	οὗτος	ou(=tos	n-s---mg-
τουτί	touti/	οὗτος	ou(=tos	n-s---nn-
τουτί	touti/	οὗτος	ou(=tos	n-s---nv-
τουτί	touti/	οὗτος	ou(=tos	n-s---na-
τοὐλαίου	tou)lai/ou	ἔλαιον	e)/laion	n-s---ng-
τοὐλαίου	tou)lai/ou	ἔλαιος	e)/laios	n-s---mg-
τοὐλαίου	tou)lai/ou	ἐλαιόω	e)laio/w	v2spma---
τοὐμοῦ	tou)mou=	ἐγώ	e)gw/	p-s---mg-
τοὐμοῦ	tou)mou=	ἐγώ	e)gw/	p-s---fg-
τοὐμοῦ	tou)mou=	ἐμέω	e)me/w	v2spme---
τοὐμοῦ	tou)mou=	ἐμός	e)mo/s	a-s---mg-
τοὐμοῦ	tou)mou=	ἐμός	e)mo/s	a-s---ng-
τοὐμόν	tou)mo/n	ἐμός	e)mo/s	a-s---ma-
τοὐμόν	tou)mo/n	ἐμός	e)mo/s	a-s---nn-
τοὐμόν	tou)mo/n	ἐμός	e)mo/s	a-s---nv-
τοὐμόν	tou)mo/n	ἐμός	e)mo/s	a-s---na-
τοὐν	tou)n	ἐν	e)n	r--------
τοὐν	tou)n	εἰς	ei)s	r--------
τοὐνύπνιον	tou)nu/pnion	ἐνύπνιον	e)nu/pnion	n-s---nn-
τοὐνύπνιον	tou)nu/pnion	ἐνύπνιον	e)nu/pnion	n-s---nv-
τοὐνύπνιον	tou)nu/pnion	ἐνύπνιον	e)nu/pnion	n-s---na-
τοὐνύπνιον	tou)nu/pnion	ἐνύπνιος	e)nu/pnios	n-s---ma-
τοὐνύπνιον	tou)nu/pnion	ἐνύπνιος	e)nu/pnios	n-s---fa-
τοὐνύπνιον	tou)nu/pnion	ἐνύπνιος	e)nu/pnios	n-s---nn-
τοὐνύπνιον	tou)nu/pnion	ἐνύπνιος	e)nu/pnios	n-s---nv-
τοὐνύπνιον	tou)nu/pnion	ἐνύπνιος	e)nu/pnios	n-s---na-
τοὐξύθυμον	tou)cu/qumon	ὀξύθυμον	o)cu/qumon	n-s---nn-
τοὐξύθυμον	tou)cu/qumon	ὀξύθυμον	o)cu/qumon	n-s---nv-
τοὐξύθυμον	tou)cu/qumon	ὀξύθυμον	o)cu/qumon	n-s---na-
τοὐξύθυμον	tou)cu/qumon	ὀξύθυμος	o)cu/qumos	n-s---ma-
τοὐξύθυμον	tou)cu/qumon	ὀξύθυμος	o)cu/qumos	n-s---fa-
τοὐξύθυμον	tou)cu/qumon	ὀξύθυμος	o)cu/qumos	n-s---nn-
τοὐξύθυμον	tou)cu/qumon	ὀξύθυμος	o)cu/qumos	n-s---nv-
τοὐξύθυμον	tou)cu/qumon	ὀξύθυμος	o)cu/qumos	n-s---na-
τοὐρροπύγιον	tou)rropu/gion	ὀρροπύγιον	o)rropu/gion	n-s---nn-
τοὐρροπύγιον	tou)rropu/gion	ὀρροπύγιον	o)rropu/gion	n-s---nv-
τοὐρροπύγιον	tou)rropu/gion	ὀρροπύγιον	o)rropu/gion	n-s---na-
τοὔνομ’	tou)/nom'	ὄνομα	o)/noma	n-s---nn-
τοὔνομ’	tou)/nom'	ὄνομα	o)/noma	n-s---nv-
τοὔνομ’	tou)/nom'	ὄνομα	o)/noma	n-s---na-
τοὔνομ’	tou)/nom'	ὄνομα	o)/noma	n-s---nn-
τοὔνομ’	tou)/nom'	ὄνομα	o)/noma	n-s---nv-
τοὔνομ’	tou)/nom'	ὄνομα	o)/noma	n-s---na-
τοὔνομ’	tou)/nom'	ὄνομαι	o)/nomai	v1spie---
τοί	toi/	ὁ	o(	l-p---mn-
τοί	toi/	σύ	su/	p-s----d-
τοί	toi/	σύ	su/	p-s----d-
τοί	toi/	τοι	toi	g--------
τοίνυν	toi/nun	τοίνυν	toi/nun	g--------
τούς	tou/s	ὁ	o(	l-p---ma-
τούσδε	tou/sde	ὅδε	o(/de	n-p---ma-
τούτοις	tou/tois	οὗτος	ou(=tos	n-p---md-
τούτοις	tou/tois	οὗτος	ou(=tos	n-p---nd-
τούτοισι	tou/toisi	οὗτος	ou(=tos	n-p---md-
τούτοισι	tou/toisi	οὗτος	ou(=tos	n-p---nd-
τούτοισιν	tou/toisin	οὗτος	ou(=tos	n-p---md-
τούτοισιν	tou/toisin	οὗτος	ou(=tos	n-p---nd-
τούτου	tou/tou	οὗτος	ou(=tos	n-s---mg-
τούτου	tou/tou	οὗτος	ou(=tos	n-s---ng-
τούτους	tou/tous	οὗτος	ou(=tos	n-p---ma-
τούτω	tou/tw	οὗτος	ou(=tos	n-s---mg-
τούτω	tou/tw	οὗτος	ou(=tos	n-s---ng-
τούτω	tou/tw	οὗτος	ou(=tos	n-d---ma-
τούτων	tou/twn	οὗτος	ou(=tos	n-p---mg-
τούτων	tou/twn	οὗτος	ou(=tos	n-p---fg-
τούτων	tou/twn	οὗτος	ou(=tos	n-p---ng-
τούτῳ	tou/tw|	οὗτος	ou(=tos	n-s---md-
τούτῳ	tou/tw|	οὗτος	ou(=tos	n-s---nd-
τοῖν	toi=n	ὁ	o(	l-d---fg-
τοῖν	toi=n	ὁ	o(	l-d---fd-
τοῖν	toi=n	ὁ	o(	l-d---mg-
τοῖν	toi=n	ὁ	o(	l-d---md-
τοῖν	toi=n	ὁ	o(	l-d---ng-
τοῖν	toi=n	ὁ	o(	l-d---nd-
τοῖς	toi=s	ὁ	o(	l-p---md-
τοῖς	toi=s	ὁ	o(	l-p---nd-
τοῖσι	toi=si	ὁ	o(	l-p---md-
τοῖσι	toi=si	ὁ	o(	l-p---nd-
τοῖσι	toi=si	τίς	ti/s	n-p----d-
τοῖσιν	toi=sin	ὁ	o(	l-p---md-
τοῖσιν	toi=sin	ὁ	o(	l-p---nd-
τοῖσιν	toi=sin	τίς	ti/s	n-p----d-
τοῖχον	toi=xon	τοῖχος	toi=xos	n-s---ma-
τοῦ	tou=	ὁ	o(	l-s---mg-
τοῦ	tou=	ὁ	o(	l-s---ng-
τοῦ	tou=	τίς	ti/s	n-s----g-
τοῦ	tou=	τις	tis	p-s----g-
τοῦδε	tou=de	ὅδε	o(/de	n-s---mg-
τοῦδε	tou=de	ὅδε	o(/de	n-s---ng-
τοῦδέ	tou=de/	ὅδε	o(/de	n-s---mg-
τοῦδέ	tou=de/	ὅδε	o(/de	n-s---ng-
τοῦτο	tou=to	οὗτος	ou(=tos	n-s---nn-
τοῦτο	tou=to	οὗτος	ou(=tos	n-s---nv-
τοῦτο	tou=to	οὗτος	ou(=tos	n-s---na-
τοῦτον	tou=ton	οὗτος	ou(=tos	n-s---ma-
τοῦτό	tou=to/	οὗτος	ou(=tos	n-s---nn-
τοῦτό	tou=to/	οὗτος	ou(=tos	n-s---nv-
τοῦτό	tou=to/	οὗτος	ou(=tos	n-s---na-
τοῦτόν	tou=to/n	οὗτος	ou(=tos	n-s---ma-
τραγῳδούς	tragw|dou/s	τραγῳδός	tragw|do/s	n-p---ma-
τραγῳδίαν	tragw|di/an	τραγῳδία	tragw|di/a	n-s---fa-
τραγῳδός	tragw|do/s	τραγῳδός	tragw|do/s	n-s---mn-
τραπέζας	trape/zas	τράπεζα	tra/peza	n-p---fa-
τραπέζας	trape/zas	τράπεζα	tra/peza	n-s---fg-
τραυλίσας	trauli/sas	τραυλίζω	trauli/zw	v-sapamn-
τραυλίσας	trauli/sas	τραυλίζω	trauli/zw	v-sapamv-
τραχήλι’	traxh/li'	τραχήλια	traxh/lia	n-p---nn-
τραχήλι’	traxh/li'	τραχήλια	traxh/lia	n-p---nv-
τραχήλι’	traxh/li'	τραχήλια	traxh/lia	n-p---na-
τραχήλι’	traxh/li'	τραχήλιον	traxh/lion	n-p---nn-
τραχήλι’	traxh/li'	τραχήλιον	traxh/lion	n-p---nv-
τραχήλι’	traxh/li'	τραχήλιον	traxh/lion	n-p---na-
τρεῖς	trei=s	τρέω	tre/w	v2spia---
τρεῖς	trei=s	τρέω	tre/w	v2siia---
τρεῖς	trei=s	τρεῖς	trei=s	m-p---mn-
τρεῖς	trei=s	τρεῖς	trei=s	m-p---mv-
τρεῖς	trei=s	τρεῖς	trei=s	m-p---ma-
τρεῖς	trei=s	τρεῖς	trei=s	m-p---fn-
τρεῖς	trei=s	τρεῖς	trei=s	m-p---fv-
τρεῖς	trei=s	τρεῖς	trei=s	m-p---fa-
τριβωνικῶς	tribwnikw=s	τριβωνικῶς	tribwnikw=s	d--------
τριβόμενον	tribo/menon	τρίβω	tri/bw	v-sppema-
τριβόμενον	tribo/menon	τρίβω	tri/bw	v-sppenn-
τριβόμενον	tribo/menon	τρίβω	tri/bw	v-sppenv-
τριβόμενον	tribo/menon	τρίβω	tri/bw	v-sppena-
τριβώνια	tribw/nia	τριβώνιον	tribw/nion	n-p---nn-
τριβώνια	tribw/nia	τριβώνιον	tribw/nion	n-p---nv-
τριβώνια	tribw/nia	τριβώνιον	tribw/nion	n-p---na-
τριβώνιον	tribw/nion	τριβώνιον	tribw/nion	n-s---nn-
τριβώνιον	tribw/nion	τριβώνιον	tribw/nion	n-s---nv-
τριβώνιον	tribw/nion	τριβώνιον	tribw/nion	n-s---na-
τριχοινίκων	trixoini/kwn	τριχοίνικος	trixoi/nikos	n-p---mg-
τριχοινίκων	trixoini/kwn	τριχοίνικος	trixoi/nikos	n-p---fg-
τριχοινίκων	trixoini/kwn	τριχοίνικος	trixoi/nikos	n-p---ng-
τριψημερῶν	triyhmerw=n	τριψημερέω	triyhmere/w	v-sppamn-
τριήρεσιν	trih/resin	τριήρης	trih/rhs	n-p---fd-
τριόρχοις	trio/rxois	τρίορχος	tri/orxos	n-p---md-
τριώβολον	triw/bolon	τριώβολον	triw/bolon	n-s---nn-
τριώβολον	triw/bolon	τριώβολον	triw/bolon	n-s---nv-
τριώβολον	triw/bolon	τριώβολον	triw/bolon	n-s---na-
τριῶν	triw=n	τρεῖς	trei=s	m-p---mg-
τριῶν	triw=n	τρεῖς	trei=s	m-p---fg-
τριῶν	triw=n	τρεῖς	trei=s	m-p---ng-
τριῶν	triw=n	τρίζω	tri/zw	v-sfpamn-
τριῶν	triw=n	τριάξω	tria/cw	v-sfpamv-
τριῶν	triw=n	τριάξω	tria/cw	v-sfpann-
τριῶν	triw=n	τριάξω	tria/cw	v-sfpanv-
τριῶν	triw=n	τριάξω	tria/cw	v-sfpana-
τριῶν	triw=n	τριάξω	tria/cw	v-sfpamn-
τριῶν	triw=n	τριάζω	tria/zw	v-sfpamv-
τριῶν	triw=n	τριάζω	tria/zw	v-sfpann-
τριῶν	triw=n	τριάζω	tria/zw	v-sfpanv-
τριῶν	triw=n	τριάζω	tria/zw	v-sfpana-
τριῶν	triw=n	τριάζω	tria/zw	v-sfpamn-
τροπαίου	tropai/ou	τρόπαιον	tro/paion	n-s---ng-
τροπαίου	tropai/ou	τροπαῖος	tropai=os	a-s---mg-
τροπαίου	tropai/ou	τροπαῖος	tropai=os	a-s---ng-
τροφαλίδα	trofali/da	τροφαλίς	trofali/s	n-s---fa-
τρυγήσειν	trugh/sein	τρυγάω	truga/w	v--fna---
τρυγήσειν	trugh/sein	τρυγέω	truge/w	v--fna---
τρυγί	trugi/	τρύξ	tru/c	n-s---fd-
τρυγῳδοῖς	trugw|doi=s	τρυγῳδέω	trugw|de/w	v2spoa---
τρυγῳδοῖς	trugw|doi=s	τρυγῳδός	trugw|do/s	n-p---md-
τρυγῳδῶν	trugw|dw=n	τρυγῳδέω	trugw|de/w	v-sppamn-
τρυγῳδῶν	trugw|dw=n	τρυγῳδός	trugw|do/s	n-p---mg-
τρυτάνην	truta/nhn	τρυτάνη	truta/nh	n-s---fa-
τρυφερόν	trufero/n	τρυφερός	trufero/s	a-s---ma-
τρυφερόν	trufero/n	τρυφερός	trufero/s	a-s---nn-
τρυφερόν	trufero/n	τρυφερός	trufero/s	a-s---nv-
τρυφερόν	trufero/n	τρυφερός	trufero/s	a-s---na-
τρυφερώτερον	truferw/teron	τρυφερός	trufero/s	x--------
τρυφερώτερον	truferw/teron	τρυφερός	trufero/s	a-s---ma-
τρυφερώτερον	truferw/teron	τρυφερός	trufero/s	a-s---nn-
τρυφερώτερον	truferw/teron	τρυφερός	trufero/s	a-s---nv-
τρυφερώτερον	truferw/teron	τρυφερός	trufero/s	a-s---na-
τρυφῶν	trufw=n	τρύφος	tru/fos	n-p---ng-
τρυφῶν	trufw=n	τρυφάω	trufa/w	v-sppamv-
τρυφῶν	trufw=n	τρυφάω	trufa/w	v-sppann-
τρυφῶν	trufw=n	τρυφάω	trufa/w	v-sppanv-
τρυφῶν	trufw=n	τρυφάω	trufa/w	v-sppana-
τρυφῶν	trufw=n	τρυφάω	trufa/w	v-sppamn-
τρυφῶν	trufw=n	τρυφάω	trufa/w	v-sppamn-
τρυφῶν	trufw=n	τρυφή	trufh/	n-p---fg-
τρέμων	tre/mwn	τρέμω	tre/mw	v-sppamn-
τρέπεται	tre/petai	τρέπω	tre/pw	v3spie---
τρέπου	tre/pou	τρέπω	tre/pw	v2spme---
τρέπου	tre/pou	τρέπω	tre/pw	v2siie---
τρέφει	tre/fei	τρέφος	tre/fos	n-d---nn-
τρέφει	tre/fei	τρέφος	tre/fos	n-d---nv-
τρέφει	tre/fei	τρέφος	tre/fos	n-d---na-
τρέφει	tre/fei	τρέφος	tre/fos	n-s---nd-
τρέφει	tre/fei	τρέφος	tre/fos	n-s---nd-
τρέφει	tre/fei	τρέφω	tre/fw	v2spie---
τρέφει	tre/fei	τρέφω	tre/fw	v3spia---
τρέφειν	tre/fein	τρέφω	tre/fw	v--pna---
τρέφων	tre/fwn	τρέφω	tre/fw	v-sppamn-
τρίβων	tri/bwn	τρίβος	tri/bos	n-p---mg-
τρίβων	tri/bwn	τρίβος	tri/bos	n-p---fg-
τρίβων	tri/bwn	τρίβω	tri/bw	v-sppamn-
τρίβων	tri/bwn	τρίβων	tri/bwn	n-s---mn-
τρίβων	tri/bwn	τρίβων	tri/bwn	n-s---mv-
τρίβων	tri/bwn	τρίβων	tri/bwn	n-s---fn-
τρίβων	tri/bwn	τρίβων	tri/bwn	n-s---fv-
τρίβωνος	tri/bwnos	τρίβων	tri/bwn	n-s---mg-
τρίβωνος	tri/bwnos	τρίβων	tri/bwn	n-s---fg-
τρίβων’	tri/bwn'	τρίβων	tri/bwn	n-s---ma-
τρίβων’	tri/bwn'	τρίβων	tri/bwn	n-s---fa-
τρίβων’	tri/bwn'	τρίβων	tri/bwn	n-s---md-
τρίβων’	tri/bwn'	τρίβων	tri/bwn	n-s---fd-
τρίβων’	tri/bwn'	τρίβων	tri/bwn	n-d---mn-
τρίβων’	tri/bwn'	τρίβων	tri/bwn	n-d---mv-
τρίβων’	tri/bwn'	τρίβων	tri/bwn	n-d---ma-
τρίβων’	tri/bwn'	τρίβων	tri/bwn	n-d---fn-
τρίβων’	tri/bwn'	τρίβων	tri/bwn	n-d---fv-
τρίβων’	tri/bwn'	τρίβων	tri/bwn	n-d---fa-
τρίς	tri/s	τρίς	tri/s	d--------
τρίτον	tri/ton	τρίτος	tri/tos	a-s---ma-
τρίτον	tri/ton	τρίτος	tri/tos	a-s---nn-
τρίτον	tri/ton	τρίτος	tri/tos	a-s---nv-
τρίτον	tri/ton	τρίτος	tri/tos	a-s---na-
τρίχες	tri/xes	θρίξ	qri/c	n-p---fn-
τρίχες	tri/xes	θρίξ	qri/c	n-p---fv-
τρίψει	tri/yei	τρίβω	tri/bw	v3sasa---
τρίψει	tri/yei	τρίβω	tri/bw	v2sfim---
τρίψει	tri/yei	τρίβω	tri/bw	v3sfia---
τρίψει	tri/yei	τρῖψις	tri=yis	n-d---fn-
τρίψει	tri/yei	τρῖψις	tri=yis	n-d---fv-
τρίψει	tri/yei	τρῖψις	tri=yis	n-d---fa-
τρίψει	tri/yei	τρῖψις	tri=yis	n-s---fd-
τρίψει	tri/yei	τρῖψις	tri=yis	n-s---fd-
τρόπιν	tro/pin	τρόπις	tro/pis	n-s---fa-
τρόποις	tro/pois	τρόπος	tro/pos	n-p---md-
τρόπον	tro/pon	τρόπος	tro/pos	n-s---ma-
τρόπος	tro/pos	τρόπος	tro/pos	n-s---mn-
τρόπου	tro/pou	τρόπος	tro/pos	n-s---mg-
τρόπου	tro/pou	τροπόω	tropo/w	v2spma---
τρόπου	tro/pou	τροπόω	tropo/w	v3siia---
τρόπους	tro/pous	τρόπος	tro/pos	n-p---ma-
τρόπους	tro/pous	τροπόω	tropo/w	v2siia---
τρόπων	tro/pwn	τρόπος	tro/pos	n-p---mg-
τρόπων	tro/pwn	τροπόω	tropo/w	v3piia---
τρόπων	tro/pwn	τροπόω	tropo/w	v1siia---
τρύβλιον	tru/blion	τρύβλιον	tru/blion	n-s---nn-
τρύβλιον	tru/blion	τρύβλιον	tru/blion	n-s---nv-
τρύβλιον	tru/blion	τρύβλιον	tru/blion	n-s---na-
τρῆμ’	trh=m'	τρήμη	trh/mh	n-p---fn-
τρῆμ’	trh=m'	τρήμη	trh/mh	n-p---fv-
τρῆμ’	trh=m'	τρῆμα	trh=ma	n-s---nn-
τρῆμ’	trh=m'	τρῆμα	trh=ma	n-s---nv-
τρῆμ’	trh=m'	τρῆμα	trh=ma	n-s---na-
τυγχάνει	tugxa/nei	τυγχάνω	tugxa/nw	v2spie---
τυγχάνει	tugxa/nei	τυγχάνω	tugxa/nw	v3spia---
τυμπάνῳ	tumpa/nw|	τύμπανον	tu/mpanon	n-s---nd-
τυμπάνῳ	tumpa/nw|	τύμπανος	tu/mpanos	n-s---md-
τυραννικά	turannika/	τυραννικός	turanniko/s	a-p---nn-
τυραννικά	turannika/	τυραννικός	turanniko/s	a-p---nv-
τυραννικά	turannika/	τυραννικός	turanniko/s	a-p---na-
τυραννικά	turannika/	τυραννικός	turanniko/s	a-d---fn-
τυραννικά	turannika/	τυραννικός	turanniko/s	a-d---fv-
τυραννικά	turannika/	τυραννικός	turanniko/s	a-d---fa-
τυραννικά	turannika/	τυραννικός	turanniko/s	a-s---fn-
τυραννικά	turannika/	τυραννικός	turanniko/s	a-s---fv-
τυραννίδα	turanni/da	τυραννίς	turanni/s	n-s---fa-
τυραννίδι	turanni/di	τυραννίς	turanni/s	n-s---fd-
τυραννίδ’	turanni/d'	τυραννίς	turanni/s	n-s---fa-
τυραννίδ’	turanni/d'	τυραννίς	turanni/s	n-s---fd-
τυραννίδ’	turanni/d'	τυραννίς	turanni/s	n-d---fn-
τυραννίδ’	turanni/d'	τυραννίς	turanni/s	n-d---fv-
τυραννίδ’	turanni/d'	τυραννίς	turanni/s	n-d---fa-
τυραννίς	turanni/s	τυραννίς	turanni/s	n-s---fn-
τυρβάσεις	turba/seis	τυρβάζω	turba/zw	v2sasa---
τυρβάσεις	turba/seis	τυρβάζω	turba/zw	v2sfia---
τυροῦ	turou=	τυρέω	ture/w	v2spme---
τυροῦ	turou=	τυρέω	ture/w	v2siie---
τυροῦ	turou=	τυρός	turo/s	n-s---mg-
τυρόκνηστι	turo/knhsti	τυρόκνηστις	turo/knhstis	n-s---fv-
τυρόκνηστιν	turo/knhstin	τυρόκνηστις	turo/knhstis	n-s---fa-
τυρόν	turo/n	τυρός	turo/s	n-s---ma-
τυφεδανέ	tufedane/	τυφεδανός	tufedano/s	n-s---mv-
τυχών	tuxw/n	τυγχάνω	tugxa/nw	v-sapamn-
τωθάζειν	twqa/zein	τωθάζω	twqa/zw	v--pna---
τωθάσω	twqa/sw	τωθάζω	twqa/zw	v1sasa---
τωθάσω	twqa/sw	τωθάζω	twqa/zw	v1sfia---
τωθάσω	twqa/sw	τωθάζω	twqa/zw	v2saim---
τἀγαθά	ta)gaqa/	ἀγαθός	a)gaqo/s	a-p---nn-
τἀγαθά	ta)gaqa/	ἀγαθός	a)gaqo/s	a-p---nv-
τἀγαθά	ta)gaqa/	ἀγαθός	a)gaqo/s	a-p---na-
τἀγαθά	ta)gaqa/	ἀγαθός	a)gaqo/s	a-d---fn-
τἀγαθά	ta)gaqa/	ἀγαθός	a)gaqo/s	a-d---fv-
τἀγαθά	ta)gaqa/	ἀγαθός	a)gaqo/s	a-d---fa-
τἀγαθά	ta)gaqa/	ἀγαθός	a)gaqo/s	a-s---fn-
τἀγαθά	ta)gaqa/	ἀγαθός	a)gaqo/s	a-s---fv-
τἀδίκημα	ta)di/khma	ἀδίκημα	a)di/khma	n-s---nn-
τἀδίκημα	ta)di/khma	ἀδίκημα	a)di/khma	n-s---nv-
τἀδίκημα	ta)di/khma	ἀδίκημα	a)di/khma	n-s---na-
τἀμβάδι’	ta)mba/di'	ἐμβάδιον	e)mba/dion	n-p---nn-
τἀμβάδι’	ta)mba/di'	ἐμβάδιον	e)mba/dion	n-p---nv-
τἀμβάδι’	ta)mba/di'	ἐμβάδιον	e)mba/dion	n-p---na-
τἀν	ta)n	ἐν	e)n	r--------
τἀν	ta)n	εἰς	ei)s	r--------
τἀνδρός	ta)ndro/s	ἀνήρ	a)nh/r	n-s---mg-
τἀνθρήνια	ta)nqrh/nia	ἀνθρήνιον	a)nqrh/nion	n-p---nn-
τἀνθρήνια	ta)nqrh/nia	ἀνθρήνιον	a)nqrh/nion	n-p---nv-
τἀνθρήνια	ta)nqrh/nia	ἀνθρήνιον	a)nqrh/nion	n-p---na-
τἀπί	ta)pi/	ἐπί	e)pi/	r--------
τἀργύριον	ta)rgu/rion	ἀργύριον	a)rgu/rion	n-s---nn-
τἀργύριον	ta)rgu/rion	ἀργύριον	a)rgu/rion	n-s---nv-
τἀργύριον	ta)rgu/rion	ἀργύριον	a)rgu/rion	n-s---na-
τἄλλα	ta)/lla	ἄλλος	a)/llos	n-p---nn-
τἄλλα	ta)/lla	ἄλλος	a)/llos	n-p---nv-
τἄλλα	ta)/lla	ἄλλος	a)/llos	n-p---na-
τἄλλα	ta)/lla	ἄλλος	a)/llos	n-d---fn-
τἄλλα	ta)/lla	ἄλλος	a)/llos	n-d---fv-
τἄλλα	ta)/lla	ἄλλος	a)/llos	n-d---fa-
τἄλλα	ta)/lla	ἄλλος	a)/llos	n-s---fn-
τἄλλα	ta)/lla	ἄλλος	a)/llos	n-s---fv-
τἄρα	ta)/ra	ἄρα	a)/ra	g--------
τἄρα	ta)/ra	ἄρον	a)/ron	n-p---nn-
τἄρα	ta)/ra	ἄρον	a)/ron	n-p---nv-
τἄρα	ta)/ra	ἄρον	a)/ron	n-p---na-
τἄρα	ta)/ra	ἄρος	a)/ros	n-p---nn-
τἄρα	ta)/ra	ἄρος	a)/ros	n-p---nv-
τἄρα	ta)/ra	ἄρος	a)/ros	n-p---na-
τἄρα	ta)/ra	ἔρα	e)/ra	n-d---fn-
τἄρα	ta)/ra	ἔρα	e)/ra	n-d---fv-
τἄρα	ta)/ra	ἔρα	e)/ra	n-d---fa-
τἄρα	ta)/ra	ἔρα	e)/ra	n-s---fn-
τἄρα	ta)/ra	ἔρα	e)/ra	n-s---fv-
τἄρα	ta)/ra	ἔραμαι	e)/ramai	v2spme---
τἄρα	ta)/ra	ἔροσ2	e)/ros2	n-p---nn-
τἄρα	ta)/ra	ἔροσ2	e)/ros2	n-p---nv-
τἄρα	ta)/ra	ἔροσ2	e)/ros2	n-p---na-
τἄρα	ta)/ra	ἐράω1	e)ra/w1	v2spma---
τἄρα	ta)/ra	ἐράω2	e)ra/w2	v2spma---
τὠφθαλμώ	tw)fqalmw/	ὀφθαλμός	o)fqalmo/s	n-d---mn-
τὠφθαλμώ	tw)fqalmw/	ὀφθαλμός	o)fqalmo/s	n-d---mv-
τὠφθαλμώ	tw)fqalmw/	ὀφθαλμός	o)fqalmo/s	n-d---ma-
τά	ta/	ὁ	o(	l-p---na-
τά	ta/	ὁ	o(	l-p---nn-
τά	ta/	ὁ	o(	l-p---nv-
τά	ta/	ὁ	o(	l-p---na-
τά	ta/	ὁ	o(	l-d---fa-
τά	ta/	ὁ	o(	l-d---fn-
τά	ta/	ὁ	o(	l-d---fv-
τά	ta/	ὁ	o(	l-d---fa-
τά	ta/	τίς	ti/s	n-p---nn-
τά	ta/	τίς	ti/s	n-p---nv-
τά	ta/	τίς	ti/s	n-p---na-
τάδε	ta/de	ὅδε	o(/de	n-p---na-
τάδε	ta/de	ὅδε	o(/de	n-p---nn-
τάδε	ta/de	ὅδε	o(/de	n-d---fa-
τάδε	ta/de	ὅδε	o(/de	n-d---fn-
τάδε	ta/de	ὅδε	o(/de	n-d---fv-
τάλαντα	ta/lanta	τάλαντον	ta/lanton	n-p---nn-
τάλαντα	ta/lanta	τάλαντον	ta/lanton	n-p---nv-
τάλαντα	ta/lanta	τάλαντον	ta/lanton	n-p---na-
τάλαντον	ta/lanton	τάλαντον	ta/lanton	n-s---nn-
τάλαντον	ta/lanton	τάλαντον	ta/lanton	n-s---nv-
τάλαντον	ta/lanton	τάλαντον	ta/lanton	n-s---na-
τάλαντ’	ta/lant'	τάλαντον	ta/lanton	n-p---nn-
τάλαντ’	ta/lant'	τάλαντον	ta/lanton	n-p---nv-
τάλαντ’	ta/lant'	τάλαντον	ta/lanton	n-p---na-
τάν	ta/n	ὁ	o(	l-s---fa-
τάξῃς	ta/ch|s	τάσσω	ta/ssw	v2sasa---
τάς	ta/s	ὁ	o(	l-p---fa-
τάσδε	ta/sde	ὅδε	o(/de	n-p---fa-
τάσδε	ta/sde	τάσσω	ta/ssw	v2spma---
τάσδε	ta/sde	τάσσω	ta/ssw	v3siia---
τάχα	ta/xa	τάχα	ta/xa	d--------
τάχα	ta/xa	τάχος	ta/xos	n-p---nn-
τάχα	ta/xa	τάχος	ta/xos	n-p---nv-
τάχα	ta/xa	τάχος	ta/xos	n-p---na-
τάχει	ta/xei	τάχος	ta/xos	n-d---nn-
τάχει	ta/xei	τάχος	ta/xos	n-d---nv-
τάχει	ta/xei	τάχος	ta/xos	n-d---na-
τάχει	ta/xei	τάχος	ta/xos	n-s---nd-
τάχει	ta/xei	τάχος	ta/xos	n-s---nd-
τάχισθ’	ta/xisq'	τάχιστος	ta/xistos	a-p---nn-
τάχισθ’	ta/xisq'	τάχιστος	ta/xistos	a-p---nv-
τάχισθ’	ta/xisq'	τάχιστος	ta/xistos	a-p---na-
τάχισθ’	ta/xisq'	τάχιστος	ta/xistos	a-s---mv-
τάχισθ’	ta/xisq'	τάχιστος	ta/xistos	a-p---fn-
τάχισθ’	ta/xisq'	τάχιστος	ta/xistos	a-p---fv-
τάχισθ’	ta/xisq'	ταχύς	taxu/s	a-p---nn-
τάχισθ’	ta/xisq'	ταχύς	taxu/s	a-p---nv-
τάχισθ’	ta/xisq'	ταχύς	taxu/s	a-p---na-
τάχισθ’	ta/xisq'	ταχύς	taxu/s	a-s---mv-
τάχισθ’	ta/xisq'	ταχύς	taxu/s	a-p---fn-
τάχισθ’	ta/xisq'	ταχύς	taxu/s	a-p---fv-
τάχιστα	ta/xista	τάχιστος	ta/xistos	a-p---nn-
τάχιστα	ta/xista	τάχιστος	ta/xistos	a-p---nv-
τάχιστα	ta/xista	τάχιστος	ta/xistos	a-p---na-
τάχιστα	ta/xista	ταχύς	taxu/s	a-p---nn-
τάχιστα	ta/xista	ταχύς	taxu/s	a-p---nv-
τάχιστα	ta/xista	ταχύς	taxu/s	a-p---na-
τάχιστ’	ta/xist'	τάχιστος	ta/xistos	a-p---nn-
τάχιστ’	ta/xist'	τάχιστος	ta/xistos	a-p---nv-
τάχιστ’	ta/xist'	τάχιστος	ta/xistos	a-p---na-
τάχιστ’	ta/xist'	τάχιστος	ta/xistos	a-s---mv-
τάχιστ’	ta/xist'	τάχιστος	ta/xistos	a-p---fn-
τάχιστ’	ta/xist'	τάχιστος	ta/xistos	a-p---fv-
τάχιστ’	ta/xist'	ταχύς	taxu/s	a-p---nn-
τάχιστ’	ta/xist'	ταχύς	taxu/s	a-p---nv-
τάχιστ’	ta/xist'	ταχύς	taxu/s	a-p---na-
τάχιστ’	ta/xist'	ταχύς	taxu/s	a-s---mv-
τάχιστ’	ta/xist'	ταχύς	taxu/s	a-p---fn-
τάχιστ’	ta/xist'	ταχύς	taxu/s	a-p---fv-
τάχ’	ta/x'	τάχα	ta/xa	d--------
τέ	te/	σύ	su/	p-s----a-
τέ	te/	τε	te	g--------
τέγους	te/gous	τέγος	te/gos	n-s---ng-
τέκνα	te/kna	τέκνον	te/knon	n-p---nn-
τέκνα	te/kna	τέκνον	te/knon	n-p---nv-
τέκνα	te/kna	τέκνον	te/knon	n-p---na-
τέλη	te/lh	τέλος	te/los	n-p---nn-
τέλη	te/lh	τέλος	te/los	n-p---nv-
τέλη	te/lh	τέλος	te/los	n-p---na-
τέλη	te/lh	τέλος	te/los	n-d---nn-
τέλη	te/lh	τέλος	te/los	n-d---nv-
τέλη	te/lh	τέλος	te/los	n-d---na-
τέλη	te/lh	τελέω	tele/w	v2spma---
τέλη	te/lh	τελέω	tele/w	v3siia---
τέρας	te/ras	τέρας	te/ras	n-s---nn-
τέρας	te/ras	τέρας	te/ras	n-s---nv-
τέρας	te/ras	τέρας	te/ras	n-s---na-
τέτταρας	te/ttaras	τέσσαρες	te/ssares	n-p---ma-
τέτταρας	te/ttaras	τέσσαρες	te/ssares	n-p---fa-
τέτταρ’	te/ttar'	τέσσαρες	te/ssares	n-p---nn-
τέτταρ’	te/ttar'	τέσσαρες	te/ssares	n-p---nv-
τέτταρ’	te/ttar'	τέσσαρες	te/ssares	n-p---na-
τέχνην	te/xnhn	τέχνη	te/xnh	n-s---fa-
τέχνης	te/xnhs	τέχνη	te/xnh	n-s---fg-
τέως	te/ws	τέος	te/os	n-p---ma-
τέως	te/ws	τέως	te/ws	d--------
τήκομαι	th/komai	τήκω	th/kw	v1spie---
τήμερον	th/meron	σήμερον	sh/meron	d--------
τήν	th/n	ὁ	o(	l-s---fa-
τήνδε	th/nde	ὅδε	o(/de	n-s---fa-
τήνδ’	th/nd'	ὅδε	o(/de	n-s---fa-
τί	ti/	τίς	ti/s	n-s---nn-
τί	ti/	τίς	ti/s	n-s---nv-
τί	ti/	τίς	ti/s	n-s---na-
τί	ti/	τις	tis	p-s---nn-
τί	ti/	τις	tis	p-s---nv-
τί	ti/	τις	tis	p-s---na-
τίμημα	ti/mhma	τίμημα	ti/mhma	n-s---nn-
τίμημα	ti/mhma	τίμημα	ti/mhma	n-s---nv-
τίμημα	ti/mhma	τίμημα	ti/mhma	n-s---na-
τίμιον	ti/mion	τίμιος	ti/mios	a-s---ma-
τίμιον	ti/mion	τίμιος	ti/mios	a-s---nn-
τίμιον	ti/mion	τίμιος	ti/mios	a-s---nv-
τίμιον	ti/mion	τίμιος	ti/mios	a-s---na-
τίμιον	ti/mion	τίμιος	ti/mios	n-s---ma-
τίμιον	ti/mion	τίμιος	ti/mios	n-s---fa-
τίμιον	ti/mion	τίμιος	ti/mios	n-s---nn-
τίμιον	ti/mion	τίμιος	ti/mios	n-s---nv-
τίμιον	ti/mion	τίμιος	ti/mios	n-s---na-
τίμιον	ti/mion	τιμάω	tima/w	v3piia---
τίμιον	ti/mion	τιμάω	tima/w	v1siia---
τίμιον	ti/mion	τιμέω	time/w	v3piia---
τίμιον	ti/mion	τιμέω	time/w	v1siia---
τίνα	ti/na	τίς	ti/s	n-s---ma-
τίνα	ti/na	τίς	ti/s	n-s---fa-
τίνα	ti/na	τίς	ti/s	n-p---nn-
τίνα	ti/na	τίς	ti/s	n-p---nv-
τίνα	ti/na	τίς	ti/s	n-p---na-
τίνα	ti/na	τις	tis	p-s---ma-
τίνα	ti/na	τις	tis	p-s---fa-
τίνα	ti/na	τις	tis	p-p---nn-
τίνα	ti/na	τις	tis	p-p---nv-
τίνα	ti/na	τις	tis	p-p---na-
τίνας	ti/nas	τίς	ti/s	n-p---ma-
τίνας	ti/nas	τίς	ti/s	n-p---fa-
τίνας	ti/nas	τις	tis	p-p---ma-
τίνας	ti/nas	τις	tis	p-p---fa-
τίς	ti/s	τίς	ti/s	n-s---mn-
τίς	ti/s	τίς	ti/s	n-s---fn-
τίς	ti/s	τις	tis	p-s---mn-
τίς	ti/s	τις	tis	p-s---fn-
τό	to/	ὁ	o(	l-s---nn-
τό	to/	ὁ	o(	l-s---nv-
τό	to/	ὁ	o(	l-s---na-
τόλμησον	to/lmhson	τολμάω	tolma/w	v2sama---
τόν	to/n	ὁ	o(	l-s---ma-
τόνδε	to/nde	ὅδε	o(/de	n-s---ma-
τόνδε	to/nde	ὅδε	o(/de	n-s---na-
τόνου	to/nou	τόνος	to/nos	n-s---mg-
τόνου	to/nou	τονόω	tono/w	v2spma---
τόνου	to/nou	τονόω	tono/w	v3siia---
τότε	to/te	τότε	to/te	d--------
τότ’	to/t'	τότε	to/te	d--------
τύμβου	tu/mbou	τύμβος	tu/mbos	n-s---mg-
τύμβου	tu/mbou	τυμβόω	tumbo/w	v2spma---
τύμβου	tu/mbou	τυμβόω	tumbo/w	v3siia---
τύπτων	tu/ptwn	τύπτω	tu/ptw	v-sppamn-
τύφων	tu/fwn	τύφω	tu/fw	v-sppamn-
τύφων	tu/fwn	τῦφος	tu=fos	n-p---mg-
τύφων	tu/fwn	τυφόω	tufo/w	v3piia---
τύφων	tu/fwn	τυφόω	tufo/w	v1siia---
τύχης	tu/xhs	τύχη	tu/xh	n-s---fg-
τύχῃ	tu/xh|	τύχη	tu/xh	n-s---fd-
τύχῃ	tu/xh|	τυγχάνω	tugxa/nw	v2sase---
τύχῃ	tu/xh|	τυγχάνω	tugxa/nw	v3sasa---
τώ	tw/	ὁ	o(	l-d---fn-
τώ	tw/	ὁ	o(	l-d---fv-
τώ	tw/	ὁ	o(	l-d---fa-
τώ	tw/	ὁ	o(	l-d---ma-
τώ	tw/	ὁ	o(	l-d---na-
τώ	tw/	ὁ	o(	l-d---mn-
τώ	tw/	ὁ	o(	l-d---mv-
τώ	tw/	ὁ	o(	l-d---ma-
τώ	tw/	ὁ	o(	l-d---nn-
τώ	tw/	ὁ	o(	l-d---nv-
τώ	tw/	ὁ	o(	l-d---na-
τώ	tw/	τῷ	tw=|	d--------
τᾶν	ta=n	ὁ	o(	l-p---mg-
τᾶν	ta=n	ὁ	o(	l-p---fg-
τᾶν	ta=n	τᾶν	ta=n	x--------
τῆς	th=s	ὁ	o(	l-s---fg-
τῆσδε	th=sde	ὅδε	o(/de	n-s---fg-
τῆτες	th=tes	τῆτες	th=tes	d--------
τῇ	th=|	ὁ	o(	l-s---fd-
τῇ	th=|	τῇ	th=|	d--------
τῦφε	tu=fe	τύφω	tu/fw	v2spma---
τῦφε	tu=fe	τύφω	tu/fw	v3siia---
τῦφε	tu=fe	τῦφος	tu=fos	n-s---mv-
τῳ	tw|	τις	tis	p-s----d-
τῳδί	tw|di/	ὅδε	o(/de	n-s---md-
τῳδί	tw|di/	ὅδε	o(/de	n-s---nd-
τῶν	tw=n	ὁ	o(	l-p---fg-
τῶν	tw=n	ὁ	o(	l-p---mg-
τῶν	tw=n	ὁ	o(	l-p---ng-
τῶνδε	tw=nde	ὅδε	o(/de	n-p---fg-
τῶνδε	tw=nde	ὅδε	o(/de	n-p---mg-
τῶνδε	tw=nde	ὅδε	o(/de	n-p---ng-
τῶνδ’	tw=nd'	ὅδε	o(/de	n-p---fg-
τῶνδ’	tw=nd'	ὅδε	o(/de	n-p---mg-
τῶνδ’	tw=nd'	ὅδε	o(/de	n-p---ng-
τῷ	tw=|	ὁ	o(	l-s---md-
τῷ	tw=|	ὁ	o(	l-s---nd-
τῷ	tw=|	τίς	ti/s	n-s----d-
τῷ	tw=|	τις	tis	p-s----d-
τῷ	tw=|	τῷ	tw=|	d--------
υἱεῖ	ui(ei=	υἱός	ui(o/s	n-s---md-
υἱεῖς	ui(ei=s	υἱός	ui(o/s	n-p---ma-
υἱεῖς	ui(ei=s	υἱός	ui(o/s	n-p---mn-
υἱεῖς	ui(ei=s	υἱός	ui(o/s	n-p---mv-
υἱόν	ui(o/n	υἱός	ui(o/s	n-s---ma-
υἱός	ui(o/s	υἱός	ui(o/s	n-s---mn-
φακῆ	fakh=	φακῆ	fakh=	n-s---fn-
φακῆ	fakh=	φακῆ	fakh=	n-s---fv-
φακῆν	fakh=n	φακῆ	fakh=	n-s---fa-
φακῆς	fakh=s	φακῆ	fakh=	n-s---fg-
φανερόν	fanero/n	φανερός	fanero/s	a-s---ma-
φανερόν	fanero/n	φανερός	fanero/s	a-s---nn-
φανερόν	fanero/n	φανερός	fanero/s	a-s---nv-
φανερόν	fanero/n	φανερός	fanero/s	a-s---na-
φανερόν	fanero/n	φανερός	fanero/s	n-s---ma-
φανερόν	fanero/n	φανερός	fanero/s	n-s---fa-
φανερόν	fanero/n	φανερός	fanero/s	n-s---nn-
φανερόν	fanero/n	φανερός	fanero/s	n-s---nv-
φανερόν	fanero/n	φανερός	fanero/s	n-s---na-
φανερῶς	fanerw=s	φανερός	fanero/s	x--------
φανερῶς	fanerw=s	φανερός	fanero/s	x--------
φανερῶς	fanerw=s	φανερόω	fanero/w	v2spia---
φανεῖ	fanei=	φαίνω	fai/nw	v3sasp---
φανεῖ	fanei=	φαίνω	fai/nw	v2sfim---
φανεῖ	fanei=	φαίνω	fai/nw	v3sfia---
φανεῖ	fanei=	φανάω	fana/w	v2spie---
φανεῖ	fanei=	φανάω	fana/w	v3spia---
φανήσει	fanh/sei	φαίνω	fai/nw	v2sfip---
φανήσει	fanh/sei	φανάω	fana/w	v3sasa---
φανήσει	fanh/sei	φανάω	fana/w	v2sfim---
φανήσει	fanh/sei	φανάω	fana/w	v3sfia---
φασι	fasi	φημί	fhmi/	v3ppia---
φασι	fasi	φημί	fhmi/	v3spia---
φασίν	fasi/n	φημί	fhmi/	v3ppia---
φασίν	fasi/n	φημί	fhmi/	v3spia---
φαίνεται	fai/netai	φαίνω	fai/nw	v3spie---
φαίνετ’	fai/net'	φαίνω	fai/nw	v2ppma---
φαίνετ’	fai/net'	φαίνω	fai/nw	v2ppia---
φαίνετ’	fai/net'	φαίνω	fai/nw	v3spie---
φαίνετ’	fai/net'	φαίνω	fai/nw	v3siie---
φαίνετ’	fai/net'	φαίνω	fai/nw	v2piia---
φαύλως	fau/lws	φαῦλος	fau=los	x--------
φαύλως	fau/lws	φαῦλος	fau=los	a-p---ma-
φαύλως	fau/lws	φαῦλος	fau=los	x--------
φαύλως	fau/lws	φαῦλος	fau=los	n-p---ma-
φαύλως	fau/lws	φαῦλος	fau=los	n-p---fa-
φευγόντων	feugo/ntwn	φεύγω	feu/gw	v-pppamg-
φευγόντων	feugo/ntwn	φεύγω	feu/gw	v-pppang-
φευγόντων	feugo/ntwn	φεύγω	feu/gw	v3ppma---
φεύγειν	feu/gein	φεύγω	feu/gw	v--pna---
φεύγοντάς	feu/gonta/s	φεύγω	feu/gw	v-pppama-
φεύγοντ’	feu/gont'	φεύγω	feu/gw	v-pppann-
φεύγοντ’	feu/gont'	φεύγω	feu/gw	v-pppanv-
φεύγοντ’	feu/gont'	φεύγω	feu/gw	v-pppana-
φεύγοντ’	feu/gont'	φεύγω	feu/gw	v-sppama-
φεύγοντ’	feu/gont'	φεύγω	feu/gw	v-sppamd-
φεύγοντ’	feu/gont'	φεύγω	feu/gw	v-sppand-
φεύγοντ’	feu/gont'	φεύγω	feu/gw	v3ppia---
φεύγοντ’	feu/gont'	φεύγω	feu/gw	v-dppamn-
φεύγοντ’	feu/gont'	φεύγω	feu/gw	v-dppamv-
φεύγοντ’	feu/gont'	φεύγω	feu/gw	v-dppama-
φεύγοντ’	feu/gont'	φεύγω	feu/gw	v-dppann-
φεύγοντ’	feu/gont'	φεύγω	feu/gw	v-dppanv-
φεύγοντ’	feu/gont'	φεύγω	feu/gw	v-dppana-
φεύγοντ’	feu/gont'	φεύγω	feu/gw	v3ppie---
φεύγοντ’	feu/gont'	φεύγω	feu/gw	v3piie---
φεύγουσιν	feu/gousin	φεύγω	feu/gw	v-pppamd-
φεύγουσιν	feu/gousin	φεύγω	feu/gw	v-pppand-
φεύγουσιν	feu/gousin	φεύγω	feu/gw	v3ppia---
φεύγων	feu/gwn	φεύγω	feu/gw	v-sppamn-
φεῦ	feu=	φεῦ	feu=	x--------
φεῦγ’	feu=g'	φεύγω	feu/gw	v2spma---
φεῦγ’	feu=g'	φεύγω	feu/gw	v3siia---
φησι	fhsi	φημί	fhmi/	v3spia---
φησιν	fhsin	φημί	fhmi/	v3spia---
φησίν	fhsi/n	φημί	fhmi/	v3spia---
φιλαθήναιος	filaqh/naios	φιλαθήναιος	filaqh/naios	n-s---mn-
φιλαθήναιος	filaqh/naios	φιλαθήναιος	filaqh/naios	n-s---fn-
φιλεῖ	filei=	φιλέω	file/w	v2spie---
φιλεῖ	filei=	φιλέω	file/w	v3spia---
φιλεῖτε	filei=te	φιλέω	file/w	v2ppma---
φιλεῖτε	filei=te	φιλέω	file/w	v2ppoa---
φιλεῖτε	filei=te	φιλέω	file/w	v2ppia---
φιλεῖτε	filei=te	φιλέω	file/w	v2piia---
φιλεῖτ’	filei=t'	φιλέω	file/w	v3spoe---
φιλεῖτ’	filei=t'	φιλέω	file/w	v2ppma---
φιλεῖτ’	filei=t'	φιλέω	file/w	v2ppoa---
φιλεῖτ’	filei=t'	φιλέω	file/w	v2ppia---
φιλεῖτ’	filei=t'	φιλέω	file/w	v3spie---
φιλεῖτ’	filei=t'	φιλέω	file/w	v3siie---
φιλεῖτ’	filei=t'	φιλέω	file/w	v2piia---
φιληλιαστής	filhliasth/s	φιληλιαστής	filhliasth/s	n-s---mn-
φιλοθύτην	filoqu/thn	φιλοθύτης	filoqu/ths	n-s---ma-
φιλοπατρίαν	filopatri/an	φιλοπατρία	filopatri/a	n-s---fa-
φιλοχωρία	filoxwri/a	φιλοχωρία	filoxwri/a	n-d---fn-
φιλοχωρία	filoxwri/a	φιλοχωρία	filoxwri/a	n-d---fv-
φιλοχωρία	filoxwri/a	φιλοχωρία	filoxwri/a	n-d---fa-
φιλοχωρία	filoxwri/a	φιλοχωρία	filoxwri/a	n-s---fn-
φιλοχωρία	filoxwri/a	φιλοχωρία	filoxwri/a	n-s---fv-
φιλοῦντος	filou=ntos	φιλέω	file/w	v-sppamg-
φιλοῦντος	filou=ntos	φιλέω	file/w	v-sppang-
φιλοῦντος	filou=ntos	φιλόω	filo/w	v-sppamg-
φιλοῦντος	filou=ntos	φιλόω	filo/w	v-sppang-
φιλήσῃ	filh/sh|	φίλησις	fi/lhsis	n-s---fd-
φιλήσῃ	filh/sh|	φιλέω	file/w	v2sasm---
φιλήσῃ	filh/sh|	φιλέω	file/w	v3sasa---
φιλήσῃ	filh/sh|	φιλέω	file/w	v2sfim---
φιλόκυβον	filo/kubon	φιλόκυβος	filo/kubos	n-s---ma-
φιλόκυβον	filo/kubon	φιλόκυβος	filo/kubos	n-s---fa-
φιλόκυβον	filo/kubon	φιλόκυβος	filo/kubos	n-s---nn-
φιλόκυβον	filo/kubon	φιλόκυβος	filo/kubos	n-s---nv-
φιλόκυβον	filo/kubon	φιλόκυβος	filo/kubos	n-s---na-
φιλόξενον	filo/cenon	φιλόξενος	filo/cenos	n-s---ma-
φιλόξενον	filo/cenon	φιλόξενος	filo/cenos	n-s---fa-
φιλόξενον	filo/cenon	φιλόξενος	filo/cenos	n-s---nn-
φιλόξενον	filo/cenon	φιλόξενος	filo/cenos	n-s---nv-
φιλόξενον	filo/cenon	φιλόξενος	filo/cenos	n-s---na-
φιλόξενος	filo/cenos	φιλόξενος	filo/cenos	n-s---mn-
φιλόξενος	filo/cenos	φιλόξενος	filo/cenos	n-s---fn-
φιλῳδός	filw|do/s	φιλῳδός	filw|do/s	n-s---mn-
φιλῳδός	filw|do/s	φιλῳδός	filw|do/s	n-s---fn-
φιάλας	fia/las	φιάλη	fia/lh	n-p---fa-
φιάλας	fia/las	φιάλη	fia/lh	n-s---fg-
φιάλας	fia/las	φιάλλω	fia/llw	v-sapamn-
φιάλας	fia/las	φιάλλω	fia/llw	v-sapamv-
φιάλας	fia/las	φιάλλω	fia/llw	v-sapamn-
φιάλας	fia/las	φιάλλω	fia/llw	v-sapamv-
φιάλην	fia/lhn	φιάλη	fia/lh	n-s---fa-
φλυαρεῖτ’	fluarei=t'	φλυαρέω	fluare/w	v3spoe---
φλυαρεῖτ’	fluarei=t'	φλυαρέω	fluare/w	v2ppma---
φλυαρεῖτ’	fluarei=t'	φλυαρέω	fluare/w	v2ppoa---
φλυαρεῖτ’	fluarei=t'	φλυαρέω	fluare/w	v2ppia---
φλυαρεῖτ’	fluarei=t'	φλυαρέω	fluare/w	v3spie---
φλυαρεῖτ’	fluarei=t'	φλυαρέω	fluare/w	v3siie---
φλυαρεῖτ’	fluarei=t'	φλυαρέω	fluare/w	v2piia---
φλύκταιναν	flu/ktainan	φλύκταινα	flu/ktaina	n-s---fa-
φοιτᾷς	foita=|s	φοιτάω	foita/w	v2spsa---
φοιτᾷς	foita=|s	φοιτάω	foita/w	v2spia---
φοιτᾷς	foita=|s	φοιτάζω	foita/zw	v2sfia---
φορβειᾷ	forbeia=|	φορβειά	forbeia/	n-s---fd-
φορεῖν	forei=n	φορέω	fore/w	v--pna---
φορμίδος	formi/dos	φορμίς	formi/s	n-s---fg-
φορμίδος	formi/dos	φορμός	formo/s	n-s---fg-
φορτικῆς	fortikh=s	φορτικός	fortiko/s	a-s---fg-
φορτία	forti/a	φορτίον	forti/on	n-p---nn-
φορτία	forti/a	φορτίον	forti/on	n-p---nv-
φορτία	forti/a	φορτίον	forti/on	n-p---na-
φορτίων	forti/wn	φορτίον	forti/on	n-p---ng-
φορῶν	forw=n	φορά	fora/	n-p---fg-
φορῶν	forw=n	φορέω	fore/w	v-sppamn-
φορῶν	forw=n	φορός	foro/s	n-p---mg-
φορῶν	forw=n	φορός	foro/s	n-p---fg-
φορῶν	forw=n	φορός	foro/s	n-p---ng-
φρονοῦσιν	fronou=sin	φρονέω	frone/w	v-pppamd-
φρονοῦσιν	fronou=sin	φρονέω	frone/w	v-pppand-
φρονοῦσιν	fronou=sin	φρονέω	frone/w	v3ppia---
φροντίς	fronti/s	φροντίς	fronti/s	n-s---fn-
φροντίσῃς	fronti/sh|s	φροντίζω	fronti/zw	v2sasa---
φρονῶν	fronw=n	φρονέω	frone/w	v-sppamn-
φρουροῦντ’	frourou=nt'	φρουρέω	froure/w	v-pppann-
φρουροῦντ’	frourou=nt'	φρουρέω	froure/w	v-pppanv-
φρουροῦντ’	frourou=nt'	φρουρέω	froure/w	v-pppana-
φρουροῦντ’	frourou=nt'	φρουρέω	froure/w	v-sppama-
φρουροῦντ’	frourou=nt'	φρουρέω	froure/w	v-sppamd-
φρουροῦντ’	frourou=nt'	φρουρέω	froure/w	v-sppand-
φρουροῦντ’	frourou=nt'	φρουρέω	froure/w	v3ppia---
φρουροῦντ’	frourou=nt'	φρουρέω	froure/w	v-dppamn-
φρουροῦντ’	frourou=nt'	φρουρέω	froure/w	v-dppamv-
φρουροῦντ’	frourou=nt'	φρουρέω	froure/w	v-dppama-
φρουροῦντ’	frourou=nt'	φρουρέω	froure/w	v-dppann-
φρουροῦντ’	frourou=nt'	φρουρέω	froure/w	v-dppanv-
φρουροῦντ’	frourou=nt'	φρουρέω	froure/w	v-dppana-
φρουροῦντ’	frourou=nt'	φρουρέω	froure/w	v3ppie---
φρουροῦντ’	frourou=nt'	φρουρέω	froure/w	v3piie---
φρυαγμοσεμνάκους	fruagmosemna/kous	φρυαγμοσέμνακος	fruagmose/mnakos	n-p---ma-
φρυαγμοσεμνάκους	fruagmosemna/kous	φρυαγμοσέμνακος	fruagmose/mnakos	n-p---fa-
φρυκτούς	fruktou/s	φρυκτός	frukto/s	a-p---ma-
φράζετε	fra/zete	φράζω	fra/zw	v2ppma---
φράζετε	fra/zete	φράζω	fra/zw	v2ppia---
φράζετε	fra/zete	φράζω	fra/zw	v2piia---
φράσεις	fra/seis	φράσις	fra/sis	n-p---fn-
φράσεις	fra/seis	φράσις	fra/sis	n-p---fv-
φράσεις	fra/seis	φράσις	fra/sis	n-p---fn-
φράσεις	fra/seis	φράσις	fra/sis	n-p---fa-
φράσεις	fra/seis	φράζω	fra/zw	v2sasa---
φράσεις	fra/seis	φράζω	fra/zw	v2sfia---
φράσω	fra/sw	φράζω	fra/zw	v1sasa---
φράσω	fra/sw	φράζω	fra/zw	v1sfia---
φράσω	fra/sw	φράζω	fra/zw	v2saim---
φρόνημα	fro/nhma	φρόνημα	fro/nhma	n-s---nn-
φρόνημα	fro/nhma	φρόνημα	fro/nhma	n-s---nv-
φρόνημα	fro/nhma	φρόνημα	fro/nhma	n-s---na-
φυλακήν	fulakh/n	φυλακή	fulakh/	n-s---fa-
φυλλάσι	fulla/si	φυλλάς	fulla/s	n-p---fd-
φυλάττει	fula/ttei	φυλάσσω	fula/ssw	v2spie---
φυλάττει	fula/ttei	φυλάσσω	fula/ssw	v3spia---
φυλάττειν	fula/ttein	φυλάσσω	fula/ssw	v--pna---
φυλάττομαι	fula/ttomai	φυλάσσω	fula/ssw	v1spie---
φυλάττομεν	fula/ttomen	φυλάσσω	fula/ssw	v1ppia---
φυλάττομεν	fula/ttomen	φυλάσσω	fula/ssw	v1piia---
φυλάττου	fula/ttou	φυλάσσω	fula/ssw	v2spme---
φυλάττου	fula/ttou	φυλάσσω	fula/ssw	v2siie---
φυστήν	fusth/n	φυστή	fusth/	n-s---fa-
φυτεύειν	futeu/ein	φυτεύω	futeu/w	v--pna---
φωνάς	fwna/s	φωνή	fwnh/	n-p---fa-
φωνή	fwnh/	φωνή	fwnh/	n-s---fn-
φωνή	fwnh/	φωνή	fwnh/	n-s---fv-
φωνήν	fwnh/n	φωνή	fwnh/	n-s---fa-
φωνῇ	fwnh=|	φωνέω	fwne/w	v2spse---
φωνῇ	fwnh=|	φωνέω	fwne/w	v2spie---
φωνῇ	fwnh=|	φωνέω	fwne/w	v3spsa---
φωνῇ	fwnh=|	φωνή	fwnh/	n-s---fd-
φάγε	fa/ge	ἐσθίω	e)sqi/w	v2sama---
φάγε	fa/ge	ἐσθίω	e)sqi/w	v3saia---
φάγε	fa/ge	φάγος	fa/gos	n-s---mv-
φάγε	fa/ge	φάγος	fa/gos	n-s---fv-
φάγε	fa/ge	φάγος	fa/gos	n-s---mv-
φάγοιμ’	fa/goim'	ἐσθίω	e)sqi/w	v1saoa---
φάγοις	fa/gois	ἐσθίω	e)sqi/w	v2saoa---
φάγοις	fa/gois	φάγος	fa/gos	n-p---md-
φάγοις	fa/gois	φάγος	fa/gos	n-p---fd-
φάγοις	fa/gois	φάγος	fa/gos	n-p---nd-
φάγοις	fa/gois	φάγος	fa/gos	n-p---md-
φάγῃς	fa/gh|s	ἐσθίω	e)sqi/w	v2sasa---
φάθ’	fa/q'	φάτης	fa/ths	n-s---mv-
φάθ’	fa/q'	φάτης	fa/ths	n-s---mn-
φάθ’	fa/q'	φάτης	fa/ths	n-p---mn-
φάθ’	fa/q'	φάτης	fa/ths	n-p---mv-
φάθ’	fa/q'	φάτης	fa/ths	n-s---md-
φάθ’	fa/q'	φάτις	fa/tis	n-s---fv-
φάθ’	fa/q'	φημί	fhmi/	v3spia---
φάθ’	fa/q'	φημί	fhmi/	v3siie---
φάθ’	fa/q'	φημί	fhmi/	v3saim---
φάθ’	fa/q'	φημί	fhmi/	v2ppma---
φάθ’	fa/q'	φημί	fhmi/	v2ppia---
φάθ’	fa/q'	φημί	fhmi/	v2spma---
φάθ’	fa/q'	φημί	fhmi/	v2spma---
φάθ’	fa/q'	φημί	fhmi/	v2piia---
φάλαγξ	fa/lagc	φάλαγξ	fa/lagc	n-s---fn-
φάλαγξ	fa/lagc	φάλαγξ	fa/lagc	n-s---fv-
φάλαινα	fa/laina	φάλαινα	fa/laina	n-s---fn-
φάλαινα	fa/laina	φάλαινα	fa/laina	n-s---fv-
φάλαιν’	fa/lain'	φάλαινα	fa/laina	n-s---fn-
φάλαιν’	fa/lain'	φάλαινα	fa/laina	n-s---fv-
φάλαιν’	fa/lain'	φάλαινα	fa/laina	n-p---fn-
φάλαιν’	fa/lain'	φάλαινα	fa/laina	n-p---fv-
φάρμακον	fa/rmakon	φάρμακον	fa/rmakon	n-s---nn-
φάρμακον	fa/rmakon	φάρμακον	fa/rmakon	n-s---nv-
φάρμακον	fa/rmakon	φάρμακον	fa/rmakon	n-s---na-
φάρμακον	fa/rmakon	φάρμακος	fa/rmakos	n-s---ma-
φάσκω	fa/skw	φάσκω	fa/skw	v1spsa---
φάσκω	fa/skw	φάσκω	fa/skw	v1spia---
φάσκων	fa/skwn	φάσκω	fa/skw	v-sppamn-
φέρε	fe/re	φέρω	fe/rw	v2spma---
φέρε	fe/re	φέρω	fe/rw	v3siia---
φέρει	fe/rei	φέρω	fe/rw	v2spie---
φέρει	fe/rei	φέρω	fe/rw	v3spia---
φέρειν	fe/rein	φέρω	fe/rw	v--pna---
φέρεις	fe/reis	φέρω	fe/rw	v2spia---
φέρεσθαι	fe/resqai	φέρω	fe/rw	v--pne---
φέρω	fe/rw	φέρω	fe/rw	v1spsa---
φέρω	fe/rw	φέρω	fe/rw	v1spia---
φέρων	fe/rwn	φέρω	fe/rw	v-sppamn-
φέρῃ	fe/rh|	φέρω	fe/rw	v2spse---
φέρῃ	fe/rh|	φέρω	fe/rw	v2spie---
φέρῃ	fe/rh|	φέρω	fe/rw	v3spsa---
φέψαλοι	fe/yaloi	φέψαλος	fe/yalos	n-p---mn-
φέψαλοι	fe/yaloi	φέψαλος	fe/yalos	n-p---mv-
φήμην	fh/mhn	φήμη	fh/mh	n-s---fa-
φήμ’	fh/m'	φήμη	fh/mh	n-s---fd-
φήμ’	fh/m'	φημί	fhmi/	v1spia---
φήσει	fh/sei	φημί	fhmi/	v3sasa---
φήσει	fh/sei	φημί	fhmi/	v2sfim---
φήσει	fh/sei	φημί	fhmi/	v3sfia---
φήσ’	fh/s'	φημί	fhmi/	v3spia---
φίλει	fi/lei	φῖλος	fi=los	n-d---nn-
φίλει	fi/lei	φῖλος	fi=los	n-d---nv-
φίλει	fi/lei	φῖλος	fi=los	n-d---na-
φίλει	fi/lei	φῖλος	fi=los	n-s---nd-
φίλει	fi/lei	φῖλος	fi=los	n-s---nd-
φίλει	fi/lei	φιλέω	file/w	v2spma---
φίλει	fi/lei	φιλέω	file/w	v3sasa---
φίλει	fi/lei	φιλέω	file/w	v3siia---
φίλοι	fi/loi	φίλος	fi/los	a-p---mn-
φίλοι	fi/loi	φίλος	fi/los	a-p---mv-
φίλον	fi/lon	φίλος	fi/los	a-s---ma-
φίλον	fi/lon	φίλος	fi/los	a-s---nn-
φίλον	fi/lon	φίλος	fi/los	a-s---nv-
φίλον	fi/lon	φίλος	fi/los	a-s---na-
φίλος	fi/los	φίλος	fi/los	a-s---mn-
φόρον	fo/ron	φόρον	fo/ron	n-s---nn-
φόρον	fo/ron	φόρον	fo/ron	n-s---nv-
φόρον	fo/ron	φόρον	fo/ron	n-s---na-
φόρον	fo/ron	φόρος	fo/ros	n-s---ma-
φόρου	fo/rou	φόρον	fo/ron	n-s---ng-
φόρου	fo/rou	φόρος	fo/ros	n-s---mg-
φύλαξαι	fu/lacai	φυλάσσω	fula/ssw	v2samm---
φύλαξαι	fu/lacai	φυλάζω	fula/zw	v2samm---
φύλατθ’	fu/latq'	φυλάσσω	fula/ssw	v2spma---
φύλατθ’	fu/latq'	φυλάσσω	fula/ssw	v3siia---
φύλατθ’	fu/latq'	φυλάζω	fula/zw	v2samm---
φύλατθ’	fu/latq'	φυλάζω	fula/zw	v1saia---
φύλατθ’	fu/latq'	φυλάζω	fula/zw	v3saia---
φύσαντα	fu/santa	φύσας	fu/sas	v-papann-
φύσαντα	fu/santa	φύσας	fu/sas	v-papanv-
φύσαντα	fu/santa	φύσας	fu/sas	v-papana-
φύσαντα	fu/santa	φύσας	fu/sas	v-sapama-
φύσαντα	fu/santa	φύω	fu/w	v-papann-
φύσαντα	fu/santa	φύω	fu/w	v-papanv-
φύσαντα	fu/santa	φύω	fu/w	v-papana-
φύσαντα	fu/santa	φύω	fu/w	v-sapama-
φύσαντα	fu/santa	φύζω	fu/zw	v-papann-
φύσαντα	fu/santa	φύζω	fu/zw	v-papanv-
φύσαντα	fu/santa	φύζω	fu/zw	v-papana-
φύσαντα	fu/santa	φύζω	fu/zw	v-sapama-
φύσεος	fu/seos	φύσις	fu/sis	n-s---fg-
φύσιν	fu/sin	φύς	fu/s	v-papamd-
φύσιν	fu/sin	φύσις	fu/sis	n-s---fa-
φύσιν	fu/sin	φύω	fu/w	v-papamd-
φύσιν	fu/sin	φύω	fu/w	v-papand-
φώκης	fw/khs	φώκη	fw/kh	n-s---fg-
χαιρήσων	xairh/swn	χαίρω	xai/rw	v-sfpamn-
χαλαρά	xalara/	χαλαρός	xalaro/s	a-p---nn-
χαλαρά	xalara/	χαλαρός	xalaro/s	a-p---nv-
χαλαρά	xalara/	χαλαρός	xalaro/s	a-p---na-
χαλαρά	xalara/	χαλαρός	xalaro/s	a-d---fn-
χαλαρά	xalara/	χαλαρός	xalaro/s	a-d---fv-
χαλαρά	xalara/	χαλαρός	xalaro/s	a-d---fa-
χαλαρά	xalara/	χαλαρός	xalaro/s	a-s---fn-
χαλαρά	xalara/	χαλαρός	xalaro/s	a-s---fv-
χαλεπόν	xalepo/n	χαλεπός	xalepo/s	a-s---ma-
χαλεπόν	xalepo/n	χαλεπός	xalepo/s	a-s---nn-
χαλεπόν	xalepo/n	χαλεπός	xalepo/s	a-s---nv-
χαλεπόν	xalepo/n	χαλεπός	xalepo/s	a-s---na-
χαλεπός	xalepo/s	χαλεπός	xalepo/s	a-s---mn-
χαλκωμάτων	xalkwma/twn	χάλκωμα	xa/lkwma	n-p---ng-
χαλάσας	xala/sas	χαλάω	xala/w	v-pppafa-
χαλάσας	xala/sas	χαλάω	xala/w	v-sppafg-
χαλάσας	xala/sas	χαλάω	xala/w	v-pfpafa-
χαλάσας	xala/sas	χαλάω	xala/w	v-sfpafg-
χαλάσας	xala/sas	χαλάω	xala/w	v-sapamn-
χαλάσας	xala/sas	χαλάω	xala/w	v-sapamv-
χαλάσθω	xala/sqw	χαλάω	xala/w	v3spme---
χαμαί	xamai/	χαμαί	xamai/	d--------
χαμᾶζ’	xama=z'	χαμᾶζε	xama=ze	d--------
χαμᾶθέν	xama=qe/n	χαμᾶθεν	xama=qen	d--------
χανεῖν	xanei=n	χάσκω	xa/skw	v--ana---
χανεῖν	xanei=n	χάσκω	xa/skw	v--fna---
χαράδρας	xara/dras	χαράδρα	xara/dra	n-p---fa-
χαράδρας	xara/dras	χαράδρα	xara/dra	n-s---fg-
χαρίσασθαί	xari/sasqai/	χαρίζομαι	xari/zomai	v--ane---
χαρίσασθαί	xari/sasqai/	χαρίζω	xari/zw	v--anm---
χασκάζεις	xaska/zeis	χασκάζω	xaska/zw	v2spia---
χαίρεις	xai/reis	χαίρω	xai/rw	v2spia---
χαίροντες	xai/rontes	χαίρω	xai/rw	v-pppamn-
χαίροντες	xai/rontes	χαίρω	xai/rw	v-pppamv-
χαίρω	xai/rw	χαίρω	xai/rw	v1spsa---
χαίρω	xai/rw	χαίρω	xai/rw	v1spia---
χειμῶνος	xeimw=nos	χειμών	xeimw/n	n-s---mg-
χειροτεχνικωτάτους	xeirotexnikwta/tous	χειροτεχνικός	xeirotexniko/s	a-p---mas
χειρούμενον	xeirou/menon	χειρόω	xeiro/w	v-sppema-
χειρούμενον	xeirou/menon	χειρόω	xeiro/w	v-sppenn-
χειρούμενον	xeirou/menon	χειρόω	xeiro/w	v-sppenv-
χειρούμενον	xeirou/menon	χειρόω	xeiro/w	v-sppena-
χειροῦσιν	xeirou=sin	χειρόω	xeiro/w	v-pppamd-
χειροῦσιν	xeirou=sin	χειρόω	xeiro/w	v-pppand-
χειροῦσιν	xeirou=sin	χειρόω	xeiro/w	v3ppia---
χειρί	xeiri/	χείρ	xei/r	n-s---fd-
χειρί	xeiri/	χειρίς	xeiri/s	n-s---fv-
χειρός	xeiro/s	χείρ	xei/r	n-s---fg-
χελύνην	xelu/nhn	χελύνη	xelu/nh	n-s---fa-
χελώνας	xelw/nas	χελώνη	xelw/nh	n-p---fa-
χελώνας	xelw/nas	χελώνη	xelw/nh	n-s---fg-
χελῶναι	xelw=nai	χελώνη	xelw/nh	n-p---fn-
χελῶναι	xelw=nai	χελώνη	xelw/nh	n-p---fv-
χεσεῖσθαι	xesei=sqai	χέζω	xe/zw	v--fnm---
χείρων	xei/rwn	χείρων	xei/rwn	a-s---mn-
χείρων	xei/rwn	χείρων	xei/rwn	a-s---fn-
χείρων	xei/rwn	χειρόω	xeiro/w	v3piia---
χείρων	xei/rwn	χειρόω	xeiro/w	v1siia---
χεῖρ’	xei=r'	χείρ	xei/r	n-s---fa-
χεῖρ’	xei=r'	χείρ	xei/r	n-d---fn-
χεῖρ’	xei=r'	χείρ	xei/r	n-d---fv-
χεῖρ’	xei=r'	χείρ	xei/r	n-d---fa-
χθιζινόν	xqizino/n	χθιζινός	xqizino/s	a-s---ma-
χθιζινόν	xqizino/n	χθιζινός	xqizino/s	a-s---nn-
χθιζινόν	xqizino/n	χθιζινός	xqizino/s	a-s---nv-
χθιζινόν	xqizino/n	χθιζινός	xqizino/s	a-s---na-
χθές	xqe/s	χθές	xqe/s	d--------
χιλιάσιν	xilia/sin	χιλιάς	xilia/s	n-p---fd-
χλανίδας	xlani/das	χλανίς	xlani/s	n-p---fa-
χλαῖναν	xlai=nan	χλαῖνα	xlai=na	n-s---fa-
χοιριδίοις	xoiridi/ois	χοιρίδιον	xoiri/dion	n-p---nd-
χοιροκομεῖον	xoirokomei=on	χοιροκομεῖον	xoirokomei=on	n-s---nn-
χοιροκομεῖον	xoirokomei=on	χοιροκομεῖον	xoirokomei=on	n-s---nv-
χοιροκομεῖον	xoirokomei=on	χοιροκομεῖον	xoirokomei=on	n-s---na-
χοιρίνας	xoiri/nas	χοίρινος	xoi/rinos	a-p---fa-
χοιρίνας	xoiri/nas	χοίρινος	xoi/rinos	a-s---fg-
χοιρίνας	xoiri/nas	χοιρίνας	xoiri/nas	n-p---ma-
χοιρίνας	xoiri/nas	χοιρίνας	xoiri/nas	n-s---mn-
χοιρίνας	xoiri/nas	χοιρίνη	xoiri/nh	n-p---fa-
χοιρίνας	xoiri/nas	χοιρίνη	xoiri/nh	n-s---fg-
χοιρίνης	xoiri/nhs	χοίρινος	xoi/rinos	a-s---fg-
χοιρίνης	xoiri/nhs	χοιρίνας	xoiri/nas	n-s---mn-
χοιρίνης	xoiri/nhs	χοιρίνη	xoiri/nh	n-s---fg-
χοιρίον	xoiri/on	χοιρίον	xoiri/on	n-s---nn-
χοιρίον	xoiri/on	χοιρίον	xoiri/on	n-s---nv-
χοιρίον	xoiri/on	χοιρίον	xoiri/on	n-s---na-
χολήν	xolh/n	χολή	xolh/	n-s---fa-
χοροῖς	xoroi=s	χορός	xoro/s	n-p---md-
χορόν	xoro/n	χορός	xoro/s	n-s---ma-
χοίνικα	xoi/nika	χοῖνιξ	xoi=nic	n-s---fa-
χρημάτων	xrhma/twn	χρῆμα	xrh=ma	n-p---ng-
χρηστήν	xrhsth/n	χρηστός	xrhsto/s	a-s---fa-
χρηστῶν	xrhstw=n	χρηστός	xrhsto/s	a-p---fg-
χρηστῶν	xrhstw=n	χρηστός	xrhsto/s	a-p---mg-
χρηστῶν	xrhstw=n	χρηστός	xrhsto/s	a-p---ng-
χρυσομηλολόνθιον	xrusomhlolo/nqion	χρυσομηλολόνθιον	xrusomhlolo/nqion	n-s---nn-
χρυσομηλολόνθιον	xrusomhlolo/nqion	χρυσομηλολόνθιον	xrusomhlolo/nqion	n-s---nv-
χρυσομηλολόνθιον	xrusomhlolo/nqion	χρυσομηλολόνθιον	xrusomhlolo/nqion	n-s---na-
χρή	xrh/	χρή	xrh/	v3spia---
χρήματα	xrh/mata	χρῆμα	xrh=ma	n-p---nn-
χρήματα	xrh/mata	χρῆμα	xrh=ma	n-p---nv-
χρήματα	xrh/mata	χρῆμα	xrh=ma	n-p---na-
χρήσιμος	xrh/simos	χρήσιμος	xrh/simos	a-s---mn-
χρήσιμος	xrh/simos	χρήσιμος	xrh/simos	n-s---mn-
χρήσιμος	xrh/simos	χρήσιμος	xrh/simos	n-s---fn-
χρόνον	xro/non	χρόνος	xro/nos	n-s---ma-
χρόνου	xro/nou	χρόνος	xro/nos	n-s---mg-
χρόνου	xro/nou	χρονόω	xrono/w	v2spma---
χρόνου	xro/nou	χρονόω	xrono/w	v3siia---
χρόνῳ	xro/nw|	χρόνος	xro/nos	n-s---md-
χρῆμα	xrh=ma	χρῆμα	xrh=ma	n-s---nn-
χρῆμα	xrh=ma	χρῆμα	xrh=ma	n-s---nv-
χρῆμα	xrh=ma	χρῆμα	xrh=ma	n-s---na-
χρῆμά	xrh=ma/	χρῆμα	xrh=ma	n-s---nn-
χρῆμά	xrh=ma/	χρῆμα	xrh=ma	n-s---nv-
χρῆμά	xrh=ma/	χρῆμα	xrh=ma	n-s---na-
χρῆμ’	xrh=m'	χρήμη	xrh/mh	n-p---fn-
χρῆμ’	xrh=m'	χρήμη	xrh/mh	n-p---fv-
χρῆμ’	xrh=m'	χρῆμα	xrh=ma	n-s---nn-
χρῆμ’	xrh=m'	χρῆμα	xrh=ma	n-s---nv-
χρῆμ’	xrh=m'	χρῆμα	xrh=ma	n-s---na-
χρῆται	xrh=tai	χράομαι	xra/omai	v3spse---
χρῆται	xrh=tai	χράομαι	xra/omai	v3spie---
χρῆται	xrh=tai	χράομαι	xra/omai	v3spse---
χρῆται	xrh=tai	χράομαι	xra/omai	v3spie---
χρῆται	xrh=tai	χράω1	xra/w1	v3spse---
χρῆται	xrh=tai	χράω1	xra/w1	v3spie---
χρῆται	xrh=tai	χράω2	xra/w2	v3spse---
χρῆται	xrh=tai	χράω2	xra/w2	v3spie---
χρῆται	xrh=tai	χράω2	xra/w2	v3spse---
χρῆται	xrh=tai	χράω2	xra/w2	v3spie---
χρῆται	xrh=tai	χραύω	xrau/w	v3spse---
χρῆται	xrh=tai	χραύω	xrau/w	v3spie---
χρῇ	xrh=|	χράομαι	xra/omai	v2spse---
χρῇ	xrh=|	χράομαι	xra/omai	v2spie---
χρῇ	xrh=|	χράομαι	xra/omai	v2spse---
χρῇ	xrh=|	χράομαι	xra/omai	v2spie---
χρῇ	xrh=|	χράω1	xra/w1	v2spse---
χρῇ	xrh=|	χράω1	xra/w1	v2spie---
χρῇ	xrh=|	χράω1	xra/w1	v3spsa---
χρῇ	xrh=|	χράω1	xra/w1	v3spia---
χρῇ	xrh=|	χράω2	xra/w2	v2spse---
χρῇ	xrh=|	χράω2	xra/w2	v2spie---
χρῇ	xrh=|	χράω2	xra/w2	v3spsa---
χρῇ	xrh=|	χράω2	xra/w2	v3spia---
χρῇ	xrh=|	χράω2	xra/w2	v3spia---
χρῇ	xrh=|	χράω2	xra/w2	v2spse---
χρῇ	xrh=|	χράω2	xra/w2	v2spie---
χρῇ	xrh=|	χράω2	xra/w2	v3spsa---
χρῇ	xrh=|	χραύω	xrau/w	v2spse---
χρῇ	xrh=|	χραύω	xrau/w	v2spie---
χρῇ	xrh=|	χραύω	xrau/w	v3spsa---
χρῇ	xrh=|	χραύω	xrau/w	v3spia---
χρῇ	xrh=|	χρή	xrh/	v3spsa---
χρῇ	xrh=|	χρῆ	xrh=	n-s---fd-
χωρεῖ	xwrei=	χωρέω	xwre/w	v2spie---
χωρεῖ	xwrei=	χωρέω	xwre/w	v3spia---
χωρεῖθ’	xwrei=q'	χωρέω	xwre/w	v3spoe---
χωρεῖθ’	xwrei=q'	χωρέω	xwre/w	v2ppma---
χωρεῖθ’	xwrei=q'	χωρέω	xwre/w	v2ppoa---
χωρεῖθ’	xwrei=q'	χωρέω	xwre/w	v2ppia---
χωρεῖθ’	xwrei=q'	χωρέω	xwre/w	v3spie---
χωρεῖθ’	xwrei=q'	χωρέω	xwre/w	v3siie---
χωρεῖθ’	xwrei=q'	χωρέω	xwre/w	v2piia---
χωρίον	xwri/on	χωρέω	xwre/w	v-sppamv-
χωρίον	xwri/on	χωρέω	xwre/w	v-sppann-
χωρίον	xwri/on	χωρέω	xwre/w	v-sppanv-
χωρίον	xwri/on	χωρέω	xwre/w	v-sppana-
χωρίον	xwri/on	χωρίον	xwri/on	n-s---nn-
χωρίον	xwri/on	χωρίον	xwri/on	n-s---nv-
χωρίον	xwri/on	χωρίον	xwri/on	n-s---na-
χωρίς	xwri/s	χωρίς	xwri/s	d--------
χωρῶμεν	xwrw=men	χωράζω	xwra/zw	v1pfia---
χωρῶμεν	xwrw=men	χωρέω	xwre/w	v1ppsa---
χἀτέροις	xa)te/rois	ἅτερος	a(/teros	a-p---md-
χἀτέροις	xa)te/rois	ἅτερος	a(/teros	a-p---nd-
χἀτέροις	xa)te/rois	ἕτερος	e(/teros	a-p---md-
χἀτέροις	xa)te/rois	ἕτερος	e(/teros	a-p---nd-
χἀτέρους	xa)te/rous	ἅτερος	a(/teros	a-p---ma-
χἀτέρους	xa)te/rous	ἕτερος	e(/teros	a-p---ma-
χἠμεῖς	xh)mei=s	ἐγώ	e)gw/	p-p---mn-
χἠμεῖς	xh)mei=s	ἐγώ	e)gw/	p-p---mv-
χἠμεῖς	xh)mei=s	ἐγώ	e)gw/	p-p---fn-
χἠμεῖς	xh)mei=s	ἐγώ	e)gw/	p-p---fv-
χὠ	xw)	ὁ	o(	l-s---mn-
χάρακας	xa/rakas	χάραξ	xa/rac	n-p---ma-
χάραξ	xa/rac	χάραξ	xa/rac	n-s---mn-
χάραξ	xa/rac	χάραξ	xa/rac	n-s---mv-
χάριν	xa/rin	χάρις	xa/ris	d--------
χάριν	xa/rin	χάρις	xa/ris	r--------
χάριν	xa/rin	χάρις	xa/ris	n-s---fa-
χάρις	xa/ris	χάρις	xa/ris	n-s---fn-
χέασθαι	xe/asqai	χέω	xe/w	v--anm---
χέρας	xe/ras	χείρ	xei/r	n-p---fa-
χίλιαι	xi/liai	χίλιοι	xi/lioi	a-p---fn-
χίλιαι	xi/liai	χίλιοι	xi/lioi	a-p---fv-
χίλιαι	xi/liai	χίλιος	xi/lios	a-p---fn-
χίλιαι	xi/liai	χίλιος	xi/lios	a-p---fv-
χίμετλον	xi/metlon	χίμετλον	xi/metlon	n-s---nn-
χίμετλον	xi/metlon	χίμετλον	xi/metlon	n-s---nv-
χίμετλον	xi/metlon	χίμετλον	xi/metlon	n-s---na-
χόλιξ	xo/lic	χόλιξ	xo/lic	n-s---fn-
χόλιξ	xo/lic	χόλιξ	xo/lic	n-s---fv-
χόνδρον	xo/ndron	χόνδρος	xo/ndros	n-s---ma-
χύτλασον	xu/tlason	χυτλάζω	xutla/zw	v2sama---
χύτραν	xu/tran	χύτρα	xu/tra	n-s---fa-
χύτρας	xu/tras	χύτρα	xu/tra	n-p---fa-
χύτρας	xu/tras	χύτρα	xu/tra	n-s---fg-
χώρας	xw/ras	χώρα	xw/ra	n-p---fa-
χώρας	xw/ras	χώρα	xw/ra	n-s---fg-
χώρει	xw/rei	χωρέω	xwre/w	v2spma---
χώρει	xw/rei	χωρέω	xwre/w	v3siia---
χώρᾳ	xw/ra|	χώρα	xw/ra	n-s---fd-
ψευδαμάμαξυν	yeudama/macun	ψευδαμάμαξυς	yeudama/macus	n-s---ma-
ψευδομένων	yeudome/nwn	ψεύδω	yeu/dw	v-pppefg-
ψευδομένων	yeudome/nwn	ψεύδω	yeu/dw	v-pppemg-
ψευδομένων	yeudome/nwn	ψεύδω	yeu/dw	v-pppeng-
ψεύδεται	yeu/detai	ψεύδω	yeu/dw	v3spie---
ψηφιεῖ	yhfiei=	ψηφίζομαι	yhfi/zomai	v2sfie---
ψηφιεῖ	yhfiei=	ψηφίζω	yhfi/zw	v2sfim---
ψηφιεῖ	yhfiei=	ψηφίζω	yhfi/zw	v3sfia---
ψηφιζομένων	yhfizome/nwn	ψηφίζομαι	yhfi/zomai	v-pppefg-
ψηφιζομένων	yhfizome/nwn	ψηφίζομαι	yhfi/zomai	v-pppemg-
ψηφιζομένων	yhfizome/nwn	ψηφίζομαι	yhfi/zomai	v-pppeng-
ψηφιζομένων	yhfizome/nwn	ψηφίζω	yhfi/zw	v-pppefg-
ψηφιζομένων	yhfizome/nwn	ψηφίζω	yhfi/zw	v-pppemg-
ψηφιζομένων	yhfizome/nwn	ψηφίζω	yhfi/zw	v-pppeng-
ψηφίσματα	yhfi/smata	ψήφισμα	yh/fisma	n-p---nn-
ψηφίσματα	yhfi/smata	ψήφισμα	yh/fisma	n-p---nv-
ψηφίσματα	yhfi/smata	ψήφισμα	yh/fisma	n-p---na-
ψοφεῖ	yofei=	ψοφέω	yofe/w	v2spie---
ψοφεῖ	yofei=	ψοφέω	yofe/w	v3spia---
ψυχή	yuxh/	ψυχή	yuxh/	n-s---fn-
ψυχή	yuxh/	ψυχή	yuxh/	n-s---fv-
ψυχήν	yuxh/n	ψυχή	yuxh/	n-s---fa-
ψυχῆς	yuxh=s	ψυχάζω	yuxa/zw	v2sfia---
ψυχῆς	yuxh=s	ψυχή	yuxh/	n-s---fg-
ψάμαθον	ya/maqon	ψάμαθος	ya/maqos	n-s---fa-
ψήφοιν	yh/foin	ψῆφος	yh=fos	n-d---fg-
ψήφοιν	yh/foin	ψῆφος	yh=fos	n-d---fd-
ψήφοις	yh/fois	ψῆφος	yh=fos	n-p---fd-
ψήφων	yh/fwn	ψήφων	yh/fwn	n-s---mn-
ψήφων	yh/fwn	ψήφων	yh/fwn	n-s---mv-
ψήφων	yh/fwn	ψῆφος	yh=fos	n-p---fg-
ψήφων	yh/fwn	ψηφόω	yhfo/w	v3piia---
ψήφων	yh/fwn	ψηφόω	yhfo/w	v1siia---
ψόφον	yo/fon	ψόφος	yo/fos	n-s---ma-
ψῆφον	yh=fon	ψῆφος	yh=fos	n-s---fa-
ψῆφόν	yh=fo/n	ψῆφος	yh=fos	n-s---fa-
ἀγαθούς	a)gaqou/s	ἀγαθός	a)gaqo/s	a-p---ma-
ἀγαθοῦ	a)gaqou=	ἀγαθός	a)gaqo/s	a-s---mg-
ἀγαθοῦ	a)gaqou=	ἀγαθός	a)gaqo/s	a-s---ng-
ἀγαθοῦ	a)gaqou=	ἀγαθόω	a)gaqo/w	v2siie---
ἀγαθοῦ	a)gaqou=	ἀγαθόω	a)gaqo/w	v2spme---
ἀγαθοῦ	a)gaqou=	ἀγαθόω	a)gaqo/w	v2siie---
ἀγαθήν	a)gaqh/n	ἀγαθός	a)gaqo/s	a-s---fa-
ἀγαθόν	a)gaqo/n	ἀγαθός	a)gaqo/s	a-s---ma-
ἀγαθόν	a)gaqo/n	ἀγαθός	a)gaqo/s	a-s---nn-
ἀγαθόν	a)gaqo/n	ἀγαθός	a)gaqo/s	a-s---nv-
ἀγαθόν	a)gaqo/n	ἀγαθός	a)gaqo/s	a-s---na-
ἀγαθός	a)gaqo/s	ἀγαθός	a)gaqo/s	a-s---mn-
ἀγαθῇ	a)gaqh=|	ἀγάω	a)ga/w	v3sasp---
ἀγαθῇ	a)gaqh=|	ἀγαθός	a)gaqo/s	a-s---fd-
ἀγαθῶν	a)gaqw=n	ἀγαθός	a)gaqo/s	a-p---fg-
ἀγαθῶν	a)gaqw=n	ἀγαθός	a)gaqo/s	a-p---mg-
ἀγαθῶν	a)gaqw=n	ἀγαθός	a)gaqo/s	a-p---ng-
ἀγαθῶν	a)gaqw=n	ἀγαθόω	a)gaqo/w	v-sppamv-
ἀγαθῶν	a)gaqw=n	ἀγαθόω	a)gaqo/w	v-sppann-
ἀγαθῶν	a)gaqw=n	ἀγαθόω	a)gaqo/w	v-sppanv-
ἀγαθῶν	a)gaqw=n	ἀγαθόω	a)gaqo/w	v-sppana-
ἀγαθῶν	a)gaqw=n	ἀγαθόω	a)gaqo/w	v-sppamn-
ἀγαθῶν	a)gaqw=n	ἀγαθόω	a)gaqo/w	v--pna---
ἀγανάκτει	a)gana/ktei	ἀγανακτέω	a)ganakte/w	v3siia---
ἀγανάκτει	a)gana/ktei	ἀγανακτέω	a)ganakte/w	v2spma---
ἀγανάκτει	a)gana/ktei	ἀγανακτέω	a)ganakte/w	v3siia---
ἀγανῷ	a)ganw=|	ἀγανός	a)gano/s	a-s---md-
ἀγανῷ	a)ganw=|	ἀγανός	a)gano/s	a-s---nd-
ἀγαπᾷς	a)gapa=|s	ἀγαπάω	a)gapa/w	v2spsa---
ἀγαπᾷς	a)gapa=|s	ἀγαπάω	a)gapa/w	v2spia---
ἀγαπᾷς	a)gapa=|s	ἀγαπάζω	a)gapa/zw	v2sfia---
ἀγγέλλετε	a)gge/llete	ἀγγέλλω	a)gge/llw	v2piia---
ἀγγέλλετε	a)gge/llete	ἀγγέλλω	a)gge/llw	v2ppma---
ἀγγέλλετε	a)gge/llete	ἀγγέλλω	a)gge/llw	v2ppia---
ἀγγέλλετε	a)gge/llete	ἀγγέλλω	a)gge/llw	v2pama---
ἀγγέλλετε	a)gge/llete	ἀγγέλλω	a)gge/llw	v2paia---
ἀγγέλλετε	a)gge/llete	ἀγγέλλω	a)gge/llw	v2piia---
ἀγγέλλετε	a)gge/llete	ἀγγέλλω	a)gge/llw	v2paia---
ἀγορανόμους	a)gorano/mous	ἀγορανόμος	a)gorano/mos	n-p---ma-
ἀγοράζων	a)gora/zwn	ἀγοράζω	a)gora/zw	v-sppamn-
ἀγοράν	a)gora/n	ἀγορά	a)gora/	n-s---fa-
ἀγοράς	a)gora/s	ἀγορά	a)gora/	n-p---fa-
ἀγορᾷ	a)gora=|	ἀγορά	a)gora/	n-s---fd-
ἀγορᾷ	a)gora=|	ἀγοράομαι	a)gora/omai	v2spsm---
ἀγορᾷ	a)gora=|	ἀγοράομαι	a)gora/omai	v2spim---
ἀγορᾷ	a)gora=|	ἀγοράζω	a)gora/zw	v2sfim---
ἀγορᾷ	a)gora=|	ἀγοράζω	a)gora/zw	v3sfia---
ἀγροίκως	a)groi/kws	ἄγροικος	a)/groikos	x--------
ἀγροίκως	a)groi/kws	ἄγροικος	a)/groikos	n-p---ma-
ἀγροίκως	a)groi/kws	ἄγροικος	a)/groikos	n-p---fa-
ἀγροίκως	a)groi/kws	ἀγροῖκος	a)groi=kos	x--------
ἀγροίκως	a)groi/kws	ἀγροῖκος	a)groi=kos	n-p---ma-
ἀγροίκως	a)groi/kws	ἀγροῖκος	a)groi=kos	n-p---fa-
ἀγρίως	a)gri/ws	ἄγριος	a)/grios	x--------
ἀγρίως	a)gri/ws	ἄγριος	a)/grios	a-p---ma-
ἀγρίως	a)gri/ws	ἄγριος	a)/grios	x--------
ἀγρίως	a)gri/ws	ἄγριος	a)/grios	n-p---ma-
ἀγρίως	a)gri/ws	ἄγριος	a)/grios	n-p---fa-
ἀγρίως	a)gri/ws	ἀγρεύς	a)greu/s	n-s---mg-
ἀγρίως	a)gri/ws	ἀγριόω	a)grio/w	v2siia---
ἀγρίως	a)gri/ws	ἀγριόω	a)grio/w	v2siia---
ἀγυιεῦ	a)guieu=	ἀγυιεύς	a)guieu/s	n-s---mv-
ἀδελφοί	a)delfoi/	ἀδελφός	a)delfo/s	n-p---mn-
ἀδελφοί	a)delfoi/	ἀδελφός	a)delfo/s	n-p---mv-
ἀδεῶς	a)dew=s	ἀδεής	a)deh/s	x--------
ἀδικεῖν	a)dikei=n	ἀδικέω	a)dike/w	v--pna---
ἀδικεῖς	a)dikei=s	ἀδικέω	a)dike/w	v2spia---
ἀδικεῖσθαι	a)dikei=sqai	ἀδικέω	a)dike/w	v--pne---
ἀδικοῦντας	a)dikou=ntas	ἀδικέω	a)dike/w	v-pppama-
ἀεί	a)ei/	ἀεί	a)ei/	d--------
ἀκαλήφην	a)kalh/fhn	ἀκαλήφη	a)kalh/fh	n-s---fa-
ἀκαρῆ	a)karh=	ἀκαρής	a)karh/s	n-p---nn-
ἀκαρῆ	a)karh=	ἀκαρής	a)karh/s	n-p---nv-
ἀκαρῆ	a)karh=	ἀκαρής	a)karh/s	n-p---na-
ἀκαρῆ	a)karh=	ἀκαρής	a)karh/s	n-d---mn-
ἀκαρῆ	a)karh=	ἀκαρής	a)karh/s	n-d---mv-
ἀκαρῆ	a)karh=	ἀκαρής	a)karh/s	n-d---ma-
ἀκαρῆ	a)karh=	ἀκαρής	a)karh/s	n-d---fn-
ἀκαρῆ	a)karh=	ἀκαρής	a)karh/s	n-d---fv-
ἀκαρῆ	a)karh=	ἀκαρής	a)karh/s	n-d---fa-
ἀκαρῆ	a)karh=	ἀκαρής	a)karh/s	n-d---nn-
ἀκαρῆ	a)karh=	ἀκαρής	a)karh/s	n-d---nv-
ἀκαρῆ	a)karh=	ἀκαρής	a)karh/s	n-d---na-
ἀκαρῆ	a)karh=	ἀκαρής	a)karh/s	n-s---ma-
ἀκαρῆ	a)karh=	ἀκαρής	a)karh/s	n-s---fa-
ἀκούειν	a)kou/ein	ἀκούω	a)kou/w	v--pna---
ἀκούετ’	a)kou/et'	ἀκούω	a)kou/w	v3siie---
ἀκούετ’	a)kou/et'	ἀκούω	a)kou/w	v3siim---
ἀκούετ’	a)kou/et'	ἀκούω	a)kou/w	v2piia---
ἀκούετ’	a)kou/et'	ἀκούω	a)kou/w	v2ppma---
ἀκούετ’	a)kou/et'	ἀκούω	a)kou/w	v2ppia---
ἀκούετ’	a)kou/et'	ἀκούω	a)kou/w	v2piia---
ἀκούετ’	a)kou/et'	ἀκούω	a)kou/w	v3spie---
ἀκούετ’	a)kou/et'	ἀκούω	a)kou/w	v3siie---
ἀκούσας	a)kou/sas	ἀέκων	a)e/kwn	a-p---fa-
ἀκούσας	a)kou/sas	ἀέκων	a)e/kwn	a-s---fg-
ἀκούσας	a)kou/sas	ἀκέω	a)ke/w	v-pppafa-
ἀκούσας	a)kou/sas	ἀκέω	a)ke/w	v-sppafg-
ἀκούσας	a)kou/sas	ἀκούω	a)kou/w	v-sapamn-
ἀκούσας	a)kou/sas	ἀκούω	a)kou/w	v-sapamv-
ἀκούσατ’	a)kou/sat'	ἀκούω	a)kou/w	v3saim---
ἀκούσατ’	a)kou/sat'	ἀκούω	a)kou/w	v3saim---
ἀκούσατ’	a)kou/sat'	ἀκούω	a)kou/w	v2pama---
ἀκούσατ’	a)kou/sat'	ἀκούω	a)kou/w	v2paia---
ἀκούσατ’	a)kou/sat'	ἀκούω	a)kou/w	v2paia---
ἀκούσῃς	a)kou/sh|s	ἀέκων	a)e/kwn	a-p---fd-
ἀκούσῃς	a)kou/sh|s	ἀκέω	a)ke/w	v-pppafd-
ἀκούσῃς	a)kou/sh|s	ἀκούω	a)kou/w	v2sasa---
ἀκούω	a)kou/w	ἀκούω	a)kou/w	v1spsa---
ἀκούω	a)kou/w	ἀκούω	a)kou/w	v1spia---
ἀκούων	a)kou/wn	ἀκούω	a)kou/w	v-sppamn-
ἀκοῦσαι	a)kou=sai	ἀκέω	a)ke/w	v-pppafn-
ἀκοῦσαι	a)kou=sai	ἀκέω	a)ke/w	v-pppafv-
ἀκοῦσαι	a)kou=sai	ἀκούω	a)kou/w	v--ana---
ἀκροῶμαι	a)krow=mai	ἀκροάομαι	a)kroa/omai	v1spsm---
ἀκροῶμαι	a)krow=mai	ἀκροάομαι	a)kroa/omai	v1spim---
ἀκροῶμαι	a)krow=mai	ἀκροάζομαι	a)kroa/zomai	v1sfie---
ἀκροῷο	a)krow=|o	ἀκροάομαι	a)kroa/omai	v2spom---
ἀκράτου	a)kra/tou	ἄκρατος	a)/kratos	n-s---mg-
ἀκράτου	a)kra/tou	ἄκρατος	a)/kratos	n-s---fg-
ἀκράτου	a)kra/tou	ἄκρατος	a)/kratos	n-s---ng-
ἀκρόασαί	a)kro/asai/	ἀκροάομαι	a)kroa/omai	v2samm---
ἀκρόασαί	a)kro/asai/	ἀκροάζομαι	a)kroa/zomai	v2srie---
ἀκρόασαί	a)kro/asai/	ἀκροάζομαι	a)kroa/zomai	v2same---
ἀκτῖνες	a)kti=nes	ἀκτίς	a)kti/s	n-p---fn-
ἀκτῖνες	a)kti=nes	ἀκτίς	a)kti/s	n-p---fv-
ἀκάνθας	a)ka/nqas	ἄκανθα	a)/kanqa	n-p---fa-
ἀκάνθας	a)ka/nqas	ἄκανθα	a)/kanqa	n-s---fg-
ἀλγεῖς	a)lgei=s	ἀλγέω	a)lge/w	v2spia---
ἀλεκτρυόνα	a)lektruo/na	ἀλεκτρυών	a)lektruw/n	n-s---ma-
ἀλεκτρυόνος	a)lektruo/nos	ἀλεκτρυών	a)lektruw/n	n-s---mg-
ἀλεξίκακον	a)leci/kakon	ἀλεξίκακος	a)leci/kakos	n-s---ma-
ἀλεξίκακον	a)leci/kakon	ἀλεξίκακος	a)leci/kakos	n-s---fa-
ἀλεξίκακον	a)leci/kakon	ἀλεξίκακος	a)leci/kakos	n-s---nn-
ἀλεξίκακον	a)leci/kakon	ἀλεξίκακος	a)leci/kakos	n-s---nv-
ἀλεξίκακον	a)leci/kakon	ἀλεξίκακος	a)leci/kakos	n-s---na-
ἀλεωρήν	a)lewrh/n	ἀλεωρή	a)lewrh/	n-s---fa-
ἀλείφῃ	a)lei/fh|	ἀλείφω	a)lei/fw	v2spse---
ἀλείφῃ	a)lei/fh|	ἀλείφω	a)lei/fw	v2spie---
ἀλείφῃ	a)lei/fh|	ἀλείφω	a)lei/fw	v3spsa---
ἀληθές	a)lhqe/s	ἀληθής	a)lhqh/s	n-s---mv-
ἀληθές	a)lhqe/s	ἀληθής	a)lhqh/s	n-s---fv-
ἀληθές	a)lhqe/s	ἀληθής	a)lhqh/s	n-s---nn-
ἀληθές	a)lhqe/s	ἀληθής	a)lhqh/s	n-s---nv-
ἀληθές	a)lhqe/s	ἀληθής	a)lhqh/s	n-s---na-
ἀληθῶς	a)lhqw=s	ἀληθής	a)lhqh/s	x--------
ἀλκιμώτατοι	a)lkimw/tatoi	ἄλκιμος	a)/lkimos	a-p---mns
ἀλκιμώτατοι	a)lkimw/tatoi	ἄλκιμος	a)/lkimos	a-p---mvs
ἀλκιμώτατοι	a)lkimw/tatoi	ἄλκιμος	a)/lkimos	a-p---mns
ἀλκιμώτατοι	a)lkimw/tatoi	ἄλκιμος	a)/lkimos	a-p---mvs
ἀλλοτρίας	a)llotri/as	ἀλλότριος	a)llo/trios	a-p---fa-
ἀλλοτρίας	a)llotri/as	ἀλλότριος	a)llo/trios	a-s---fg-
ἀλλοτρίων	a)llotri/wn	ἀλλότριος	a)llo/trios	a-p---fg-
ἀλλοτρίων	a)llotri/wn	ἀλλότριος	a)llo/trios	a-p---mg-
ἀλλοτρίων	a)llotri/wn	ἀλλότριος	a)llo/trios	a-p---ng-
ἀλλοτρίων	a)llotri/wn	ἀλλοτριόω	a)llotrio/w	v3piia---
ἀλλοτρίων	a)llotri/wn	ἀλλοτριόω	a)llotrio/w	v1siia---
ἀλλοτρίων	a)llotri/wn	ἀλλοτριόω	a)llotrio/w	v3piia---
ἀλλοτρίων	a)llotri/wn	ἀλλοτριόω	a)llotrio/w	v1siia---
ἀλλά	a)lla/	ἀλλά	a)lla/	d--------
ἀλλήλοισι	a)llh/loisi	ἀλλήλων	a)llh/lwn	n-p---nd-
ἀλλήλοισι	a)llh/loisi	ἀλλήλων	a)llh/lwn	n-p---md-
ἀλλόκοτον	a)llo/koton	ἀλλόκοτος	a)llo/kotos	n-s---ma-
ἀλλόκοτον	a)llo/koton	ἀλλόκοτος	a)llo/kotos	n-s---fa-
ἀλλόκοτον	a)llo/koton	ἀλλόκοτος	a)llo/kotos	n-s---nn-
ἀλλόκοτον	a)llo/koton	ἀλλόκοτος	a)llo/kotos	n-s---nv-
ἀλλόκοτον	a)llo/koton	ἀλλόκοτος	a)llo/kotos	n-s---na-
ἀλοκίζειν	a)loki/zein	ἀλοκίζω	a)loki/zw	v--pna---
ἀλωπεκίζειν	a)lwpeki/zein	ἀλωπεκίζω	a)lwpeki/zw	v--pna---
ἀλέκτωρ	a)le/ktwr	ἀλέκτωρ	a)le/ktwr	n-s---mn-
ἀλύει	a)lu/ei	ἀλύω	a)lu/w	v2spie---
ἀλύει	a)lu/ei	ἀλύω	a)lu/w	v3spia---
ἀμαθέστατ’	a)maqe/stat'	ἀμαθής	a)maqh/s	a-------s
ἀμαθέστατ’	a)maqe/stat'	ἀμαθής	a)maqh/s	a-p---nns
ἀμαθέστατ’	a)maqe/stat'	ἀμαθής	a)maqh/s	a-p---nvs
ἀμαθέστατ’	a)maqe/stat'	ἀμαθής	a)maqh/s	a-p---nas
ἀμαθέστατ’	a)maqe/stat'	ἀμαθής	a)maqh/s	a-s---mvs
ἀμαθέστατ’	a)maqe/stat'	ἀμαθής	a)maqh/s	a-p---fns
ἀμαθέστατ’	a)maqe/stat'	ἀμαθής	a)maqh/s	a-p---fvs
ἀμείνον’	a)mei/non'	ἀμείνων	a)mei/nwn	a-p---nn-
ἀμείνον’	a)mei/non'	ἀμείνων	a)mei/nwn	a-p---nv-
ἀμείνον’	a)mei/non'	ἀμείνων	a)mei/nwn	a-p---na-
ἀμείνον’	a)mei/non'	ἀμείνων	a)mei/nwn	a-s---ma-
ἀμείνον’	a)mei/non'	ἀμείνων	a)mei/nwn	a-s---fa-
ἀμείνον’	a)mei/non'	ἀμείνων	a)mei/nwn	a-s----d-
ἀμείνον’	a)mei/non'	ἀμείνων	a)mei/nwn	a-d----n-
ἀμείνον’	a)mei/non'	ἀμείνων	a)mei/nwn	a-d----v-
ἀμείνον’	a)mei/non'	ἀμείνων	a)mei/nwn	a-d----a-
ἀμπίσχετε	a)mpi/sxete	ἀμφί-ἴσχω	a)mfi/-i)/sxw	v2piia---
ἀμπίσχετε	a)mpi/sxete	ἀμφί-ἴσχω	a)mfi/-i)/sxw	v2ppma---
ἀμπίσχετε	a)mpi/sxete	ἀμφί-ἴσχω	a)mfi/-i)/sxw	v2ppia---
ἀμπίσχετε	a)mpi/sxete	ἀμφί-ἴσχω	a)mfi/-i)/sxw	v2piia---
ἀμυνοῦμέν	a)munou=me/n	ἀμύνω	a)mu/nw	v1pfia---
ἀμφοτέροισι	a)mfote/roisi	ἀμφότερος	a)mfo/teros	a-p---md-
ἀμφοτέροισι	a)mfote/roisi	ἀμφότερος	a)mfo/teros	a-p---nd-
ἀμφοῖν	a)mfoi=n	ἄμφω	a)/mfw	n-d---mg-
ἀμφοῖν	a)mfoi=n	ἄμφω	a)/mfw	n-d---md-
ἀμφοῖν	a)mfoi=n	ἄμφω	a)/mfw	n-d---fg-
ἀμφοῖν	a)mfoi=n	ἄμφω	a)/mfw	n-d---fd-
ἀμφοῖν	a)mfoi=n	ἄμφω	a)/mfw	n-d---ng-
ἀμφοῖν	a)mfoi=n	ἄμφω	a)/mfw	n-d---nd-
ἀμίδα	a)mi/da	ἀμίς	a)mi/s	n-s---fa-
ἀμίς	a)mi/s	ἀμίς	a)mi/s	n-s---fn-
ἀμύνατε	a)mu/nate	ἀμύνω	a)mu/nw	v2pama---
ἀμύνατε	a)mu/nate	ἀμύνω	a)mu/nw	v2paia---
ἀμύνατε	a)mu/nate	ἀμύνω	a)mu/nw	v2paia---
ἀναβαλοῦ	a)nabalou=	ἀναβάλλω	a)naba/llw	v2samm---
ἀναβαίνετ’	a)nabai/net'	ἀναβαίνω	a)nabai/nw	v2ppma---
ἀναβαίνετ’	a)nabai/net'	ἀναβαίνω	a)nabai/nw	v2ppia---
ἀναβαίνετ’	a)nabai/net'	ἀναβαίνω	a)nabai/nw	v3spie---
ἀναβαίνετ’	a)nabai/net'	ἀναβαίνω	a)nabai/nw	v3siie---
ἀναβαίνετ’	a)nabai/net'	ἀναβαίνω	a)nabai/nw	v2piia---
ἀναβάς	a)naba/s	ἀναβαίνω	a)nabai/nw	v-sapamn-
ἀναβάς	a)naba/s	ἀναβαίνω	a)nabai/nw	v-sapamv-
ἀναγκαίως	a)nagkai/ws	ἀναγκαῖος	a)nagkai=os	x--------
ἀναγκαίως	a)nagkai/ws	ἀναγκαῖος	a)nagkai=os	a-p---ma-
ἀναγκαίως	a)nagkai/ws	ἀναγκαῖος	a)nagkai=os	x--------
ἀναγκαίως	a)nagkai/ws	ἀναγκαῖος	a)nagkai=os	n-p---ma-
ἀναγκαίως	a)nagkai/ws	ἀναγκαῖος	a)nagkai=os	n-p---fa-
ἀναδιδάξειν	a)nadida/cein	ἀναδιδάσκω	a)nadida/skw	v--fna---
ἀνακογχυλιάζων	a)nakogxulia/zwn	ἀνακογχυλιάζω	a)nakogxulia/zw	v-sppamn-
ἀνακογχυλιάζων	a)nakogxulia/zwn	ἀνακογχυλιάζω	a)nakogxulia/zw	v-sppamn-
ἀνακραγών	a)nakragw/n	ἀνακράζω	a)nakra/zw	v-sapamn-
ἀνακρούσηται	a)nakrou/shtai	ἀνακρούω	a)nakrou/w	v3sasm---
ἀναλδεῖς	a)naldei=s	ἀναλδής	a)naldh/s	n-p---ma-
ἀναλδεῖς	a)naldei=s	ἀναλδής	a)naldh/s	n-p---fa-
ἀναλδεῖς	a)naldei=s	ἀναλδής	a)naldh/s	n-p---mn-
ἀναλδεῖς	a)naldei=s	ἀναλδής	a)naldh/s	n-p---mv-
ἀναλδεῖς	a)naldei=s	ἀναλδής	a)naldh/s	n-p---fn-
ἀναλδεῖς	a)naldei=s	ἀναλδής	a)naldh/s	n-p---fv-
ἀναμασώμενοι	a)namasw/menoi	ἀναμασάομαι	a)namasa/omai	v-pppemn-
ἀναμασώμενοι	a)namasw/menoi	ἀναμασάομαι	a)namasa/omai	v-pppemv-
ἀναμασώμενοι	a)namasw/menoi	ἀναμασάομαι	a)namasa/omai	v-pppmmn-
ἀναμασώμενοι	a)namasw/menoi	ἀναμασάομαι	a)namasa/omai	v-pppmmv-
ἀναμενεῖς	a)namenei=s	ἀναμένω	a)name/nw	v2sfia---
ἀναμνησθείς	a)namnhsqei/s	ἀναμιμνήσκω	a)namimnh/skw	v-sappmn-
ἀναμνησθείς	a)namnhsqei/s	ἀναμιμνήσκω	a)namimnh/skw	v-sappmv-
ἀναπειθώμεσθα	a)napeiqw/mesqa	ἀναπείθω	a)napei/qw	v1ppse---
ἀναπεπεισμένον	a)napepeisme/non	ἀναπείθω	a)napei/qw	v-srpema-
ἀναπεπεισμένον	a)napepeisme/non	ἀναπείθω	a)napei/qw	v-srpenn-
ἀναπεπεισμένον	a)napepeisme/non	ἀναπείθω	a)napei/qw	v-srpenv-
ἀναπεπεισμένον	a)napepeisme/non	ἀναπείθω	a)napei/qw	v-srpena-
ἀναπεπλασμένος	a)napeplasme/nos	ἀναπλάσσω	a)napla/ssw	v-srpemn-
ἀναπείσῃ	a)napei/sh|	ἀνάπτω	a)na/ptw	v-sappfd-
ἀναπείσῃ	a)napei/sh|	ἀναπείθω	a)napei/qw	v2sasm---
ἀναπείσῃ	a)napei/sh|	ἀναπείθω	a)napei/qw	v3sasa---
ἀναπείσῃ	a)napei/sh|	ἀναπείθω	a)napei/qw	v2sfim---
ἀναπηδᾶν	a)naphda=n	ἀναπηδάω	a)naphda/w	v-sppamv-
ἀναπηδᾶν	a)naphda=n	ἀναπηδάω	a)naphda/w	v-sppann-
ἀναπηδᾶν	a)naphda=n	ἀναπηδάω	a)naphda/w	v-sppanv-
ἀναπηδᾶν	a)naphda=n	ἀναπηδάω	a)naphda/w	v-sppana-
ἀναπηδᾶν	a)naphda=n	ἀναπηδάω	a)naphda/w	v-sppamn-
ἀναπηδᾶν	a)naphda=n	ἀναπηδάω	a)naphda/w	v--pna---
ἀναπηδᾶν	a)naphda=n	ἀναπηδάω	a)naphda/w	v--pna---
ἀναπηδᾶν	a)naphda=n	ἀναπηδάω	a)naphda/w	v-sppamv-
ἀναπηδᾶν	a)naphda=n	ἀναπηδάω	a)naphda/w	v-sppann-
ἀναπηδᾶν	a)naphda=n	ἀναπηδάω	a)naphda/w	v-sppanv-
ἀναπηδᾶν	a)naphda=n	ἀναπηδάω	a)naphda/w	v-sppana-
ἀναπηδᾶν	a)naphda=n	ἀναπηδάω	a)naphda/w	v-sppamn-
ἀναπηδᾶν	a)naphda=n	ἀναπηδάω	a)naphda/w	v--pna---
ἀναπηδᾶν	a)naphda=n	ἀναπηδάω	a)naphda/w	v--pna---
ἀναρπάσαντα	a)narpa/santa	ἀναρπάζω	a)narpa/zw	v-papann-
ἀναρπάσαντα	a)narpa/santa	ἀναρπάζω	a)narpa/zw	v-papanv-
ἀναρπάσαντα	a)narpa/santa	ἀναρπάζω	a)narpa/zw	v-papana-
ἀναρπάσαντα	a)narpa/santa	ἀναρπάζω	a)narpa/zw	v-sapama-
ἀναρπάσαντα	a)narpa/santa	ἀναρπάζω	a)narpa/zw	v-papann-
ἀναρπάσαντα	a)narpa/santa	ἀναρπάζω	a)narpa/zw	v-papanv-
ἀναρπάσαντα	a)narpa/santa	ἀναρπάζω	a)narpa/zw	v-papana-
ἀναρπάσαντα	a)narpa/santa	ἀναρπάζω	a)narpa/zw	v-sapama-
ἀναρίθμητοι	a)nari/qmhtoi	ἀναρίθμητος	a)nari/qmhtos	n-p---mn-
ἀναρίθμητοι	a)nari/qmhtoi	ἀναρίθμητος	a)nari/qmhtos	n-p---mv-
ἀναρίθμητοι	a)nari/qmhtoi	ἀναρίθμητος	a)nari/qmhtos	n-p---fn-
ἀναρίθμητοι	a)nari/qmhtoi	ἀναρίθμητος	a)nari/qmhtos	n-p---fv-
ἀνασελγαινόμενος	a)naselgaino/menos	ἀνά-ἀσελγαίνω	a)na/-a)selgai/nw	v-sppemn-
ἀνατρέψω	a)natre/yw	ἀνατρέπω	a)natre/pw	v1sasa---
ἀνατρέψω	a)natre/yw	ἀνατρέπω	a)natre/pw	v1sfia---
ἀνατρέψω	a)natre/yw	ἀνατρέπω	a)natre/pw	v2saim---
ἀνδρειότατόν	a)ndreio/tato/n	ἀνδρεῖος	a)ndrei=os	a-s---mas
ἀνδρειότατόν	a)ndreio/tato/n	ἀνδρεῖος	a)ndrei=os	a-s---nns
ἀνδρειότατόν	a)ndreio/tato/n	ἀνδρεῖος	a)ndrei=os	a-s---nvs
ἀνδρειότατόν	a)ndreio/tato/n	ἀνδρεῖος	a)ndrei=os	a-s---nas
ἀνδρικώτατον	a)ndrikw/taton	ἀνδρικός	a)ndriko/s	a-s---mas
ἀνδρικώτατον	a)ndrikw/taton	ἀνδρικός	a)ndriko/s	a-s---nns
ἀνδρικώτατον	a)ndrikw/taton	ἀνδρικός	a)ndriko/s	a-s---nvs
ἀνδρικώτατον	a)ndrikw/taton	ἀνδρικός	a)ndriko/s	a-s---nas
ἀνδρικώτερον	a)ndrikw/teron	ἀνδρικός	a)ndriko/s	x--------
ἀνδρικώτερον	a)ndrikw/teron	ἀνδρικός	a)ndriko/s	a-s---ma-
ἀνδρικώτερον	a)ndrikw/teron	ἀνδρικός	a)ndriko/s	a-s---nn-
ἀνδρικώτερον	a)ndrikw/teron	ἀνδρικός	a)ndriko/s	a-s---nv-
ἀνδρικώτερον	a)ndrikw/teron	ἀνδρικός	a)ndriko/s	a-s---na-
ἀνδράσι	a)ndra/si	ἀνήρ	a)nh/r	n-p---md-
ἀνδράσιν	a)ndra/sin	ἀνήρ	a)nh/r	n-p---md-
ἀνδρός	a)ndro/s	ἀνήρ	a)nh/r	n-s---mg-
ἀνδρῶν	a)ndrw=n	ἀνδρόω	a)ndro/w	v-sppamv-
ἀνδρῶν	a)ndrw=n	ἀνδρόω	a)ndro/w	v-sppann-
ἀνδρῶν	a)ndrw=n	ἀνδρόω	a)ndro/w	v-sppanv-
ἀνδρῶν	a)ndrw=n	ἀνδρόω	a)ndro/w	v-sppana-
ἀνδρῶν	a)ndrw=n	ἀνδρόω	a)ndro/w	v-sppamn-
ἀνδρῶν	a)ndrw=n	ἀνδρόω	a)ndro/w	v--pna---
ἀνδρῶν	a)ndrw=n	ἀνήρ	a)nh/r	n-p---mg-
ἀνεκρότησαν	a)nekro/thsan	ἀνακροτέω	a)nakrote/w	v3paia---
ἀνεκάς	a)neka/s	ἀνεκάς	a)neka/s	d--------
ἀνελόντες	a)nelo/ntes	ἀναιρέω	a)naire/w	v-papamn-
ἀνελόντες	a)nelo/ntes	ἀναιρέω	a)naire/w	v-papamv-
ἀνελών	a)nelw/n	ἀναιρέω	a)naire/w	v-sapamn-
ἀνεστήκασι	a)nesth/kasi	ἀνίστημι	a)ni/sthmi	v3pria---
ἀνευρών	a)neurw/n	ἀνευρίσκω	a)neuri/skw	v-sapamn-
ἀνεφάνη	a)nefa/nh	ἀναφαίνω	a)nafai/nw	v3saip---
ἀνείπω	a)nei/pw	ἀνειπεῖν	a)neipei=n	v2saim---
ἀνείπω	a)nei/pw	ἀνειπεῖν	a)neipei=n	v1sasa---
ἀνείπω	a)nei/pw	ἀνειπεῖν	a)neipei=n	v1sasa---
ἀνείπω	a)nei/pw	ἀνειπεῖν	a)neipei=n	v2saim---
ἀνεῖμεν	a)nei=men	ἀνέω	a)ne/w	v1ppoa---
ἀνεῖμεν	a)nei=men	ἀνίημι	a)ni/hmi	v1paoa---
ἀνεῖμεν	a)nei=men	ἀνίημι	a)ni/hmi	v1paoa---
ἀνθρωπίνων	a)nqrwpi/nwn	ἀνθρώπινος	a)nqrw/pinos	a-p---fg-
ἀνθρωπίνων	a)nqrwpi/nwn	ἀνθρώπινος	a)nqrw/pinos	a-p---mg-
ἀνθρωπίνων	a)nqrwpi/nwn	ἀνθρώπινος	a)nqrw/pinos	a-p---ng-
ἀνθρωπίνων	a)nqrwpi/nwn	ἀνθρώπινος	a)nqrw/pinos	n-p---mg-
ἀνθρωπίνων	a)nqrwpi/nwn	ἀνθρώπινος	a)nqrw/pinos	n-p---fg-
ἀνθρωπίνων	a)nqrwpi/nwn	ἀνθρώπινος	a)nqrw/pinos	n-p---ng-
ἀνθρώποις	a)nqrw/pois	ἄνθρωπος	a)/nqrwpos	n-p---md-
ἀνιστάσθω	a)nista/sqw	ἀνίστημι	a)ni/sthmi	v3spme---
ἀνιῶν	a)niw=n	ἀνία	a)ni/a	n-p---fg-
ἀνιῶν	a)niw=n	ἀνιάω	a)nia/w	v-sppamv-
ἀνιῶν	a)niw=n	ἀνιάω	a)nia/w	v-sppann-
ἀνιῶν	a)niw=n	ἀνιάω	a)nia/w	v-sppanv-
ἀνιῶν	a)niw=n	ἀνιάω	a)nia/w	v-sppana-
ἀνιῶν	a)niw=n	ἀνιάω	a)nia/w	v-sppamn-
ἀνιῶν	a)niw=n	ἀνιάζω	a)nia/zw	v-sfpamv-
ἀνιῶν	a)niw=n	ἀνιάζω	a)nia/zw	v-sfpann-
ἀνιῶν	a)niw=n	ἀνιάζω	a)nia/zw	v-sfpanv-
ἀνιῶν	a)niw=n	ἀνιάζω	a)nia/zw	v-sfpana-
ἀνιῶν	a)niw=n	ἀνιάζω	a)nia/zw	v-sfpamn-
ἀντεδίδασκε	a)ntedi/daske	ἀντιδιδάσκω	a)ntidida/skw	v3siia---
ἀντενέδωκε	a)ntene/dwke	ἀντενδίδωμι	a)ntendi/dwmi	v3saia---
ἀντιβολεῖ	a)ntibolei=	ἀντιβολέω	a)ntibole/w	v2spie---
ἀντιβολεῖ	a)ntibolei=	ἀντιβολέω	a)ntibole/w	v3spia---
ἀντιβοληθείς	a)ntibolhqei/s	ἀντιβολέω	a)ntibole/w	v-sappmn-
ἀντιβοληθείς	a)ntibolhqei/s	ἀντιβολέω	a)ntibole/w	v-sappmv-
ἀντιβολοίη	a)ntiboloi/h	ἀντιβολέω	a)ntibole/w	v3spoa---
ἀντιβολούντων	a)ntibolou/ntwn	ἀντιβολέω	a)ntibole/w	v-pppamg-
ἀντιβολούντων	a)ntibolou/ntwn	ἀντιβολέω	a)ntibole/w	v-pppang-
ἀντιβολούντων	a)ntibolou/ntwn	ἀντιβολέω	a)ntibole/w	v3ppma---
ἀντιβολήσας	a)ntibolh/sas	ἀντιβολέω	a)ntibole/w	v-sapamn-
ἀντιβολήσας	a)ntibolh/sas	ἀντιβολέω	a)ntibole/w	v-sapamv-
ἀντιβολῶ	a)ntibolw=	ἀντιβολέω	a)ntibole/w	v1spsa---
ἀντιβολῶ	a)ntibolw=	ἀντιβολέω	a)ntibole/w	v1spia---
ἀντιλογήσειν	a)ntilogh/sein	ἀντιλογέω	a)ntiloge/w	v--fna---
ἀντιλογήσειν	a)ntilogh/sein	ἀντιλογέω	a)ntiloge/w	v--tna---
ἀντιλέγων	a)ntile/gwn	ἀντιλέγω	a)ntile/gw	v-sppamn-
ἀντιμαθών	a)ntimaqw/n	ἀντιμανθάνω	a)ntimanqa/nw	v-sapamn-
ἀντιπάλους	a)ntipa/lous	ἀντίπαλος	a)nti/palos	n-p---ma-
ἀντιπάλους	a)ntipa/lous	ἀντίπαλος	a)nti/palos	n-p---fa-
ἀντρέψεις	a)ntre/yeis	ἀνατρέπω	a)natre/pw	v2sasa---
ἀντρέψεις	a)ntre/yeis	ἀνατρέπω	a)natre/pw	v2sfia---
ἀντωμοσιῶν	a)ntwmosiw=n	ἀντωμοσία	a)ntwmosi/a	n-p---fg-
ἀντωμοσίας	a)ntwmosi/as	ἀντωμοσία	a)ntwmosi/a	n-p---fa-
ἀντωμοσίας	a)ntwmosi/as	ἀντωμοσία	a)ntwmosi/a	n-s---fg-
ἀντί	a)nti/	ἀντί	a)nti/	r--------
ἀντᾴσομαι	a)nta/|somai	ἀντί-ἀείδω	a)nti/-a)ei/dw	v1sasm---
ἀντᾴσομαι	a)nta/|somai	ἀντί-ἀείδω	a)nti/-a)ei/dw	v1sfim---
ἀντῄκασ’	a)nth/|kas'	ἀντεικάζω	a)nteika/zw	v1saia---
ἀντῄκασ’	a)nth/|kas'	ἀντεικάζω	a)nteika/zw	v2slie---
ἀντῄκασ’	a)nth/|kas'	ἀντεικάζω	a)nteika/zw	v2srme---
ἀντῄκασ’	a)nth/|kas'	ἀντεικάζω	a)nteika/zw	v3saia---
ἀντῄκασ’	a)nth/|kas'	ἀντεικάζω	a)nteika/zw	v2srie---
ἀνυπεύθυνοι	a)nupeu/qunoi	ἀνυπεύθυνος	a)nupeu/qunos	n-p---mn-
ἀνυπεύθυνοι	a)nupeu/qunoi	ἀνυπεύθυνος	a)nupeu/qunos	n-p---mv-
ἀνυπεύθυνοι	a)nupeu/qunoi	ἀνυπεύθυνος	a)nupeu/qunos	n-p---fn-
ἀνυπεύθυνοι	a)nupeu/qunoi	ἀνυπεύθυνος	a)nupeu/qunos	n-p---fv-
ἀνά	a)na/	ἀνά	a)na/	r--------
ἀνάβαινε	a)na/baine	ἀναβαίνω	a)nabai/nw	v2spma---
ἀνάβαινε	a)na/baine	ἀναβαίνω	a)nabai/nw	v3siia---
ἀνάβαιν’	a)na/bain'	ἀναβαίνω	a)nabai/nw	v2spma---
ἀνάβαιν’	a)na/bain'	ἀναβαίνω	a)nabai/nw	v3siia---
ἀνάβηθι	a)na/bhqi	ἀνάπτω	a)na/ptw	v2samp---
ἀνάβηθι	a)na/bhqi	ἀναβαίνω	a)nabai/nw	v2sama---
ἀνάγκη	a)na/gkh	ἀνάγκη	a)na/gkh	n-s---fn-
ἀνάγκη	a)na/gkh	ἀνάγκη	a)na/gkh	n-s---fv-
ἀνάμενέ	a)na/mene/	ἀνάζω	a)na/zw	v-sfpmmv-
ἀνάμενέ	a)na/mene/	ἀναμένω	a)name/nw	v2spma---
ἀνάμενέ	a)na/mene/	ἀναμένω	a)name/nw	v3siia---
ἀνάσχῃ	a)na/sxh|	ἀνέχω	a)ne/xw	v2sase---
ἀνάσχῃ	a)na/sxh|	ἀνέχω	a)ne/xw	v3sasa---
ἀνέλκει	a)ne/lkei	ἀνέλκω	a)ne/lkw	v2spie---
ἀνέλκει	a)ne/lkei	ἀνέλκω	a)ne/lkw	v3spia---
ἀνέπειθεν	a)ne/peiqen	ἀναπείθω	a)napei/qw	v3siia---
ἀνέχομαι	a)ne/xomai	ἀνέχω	a)ne/xw	v1spie---
ἀνέῳξεν	a)ne/w|cen	ἀνοίγνυμι	a)noi/gnumi	v3saia---
ἀνήρ	a)nh/r	ἀνήρ	a)nh/r	n-s---mn-
ἀνίστασο	a)ni/staso	ἀνίστημι	a)ni/sthmi	v2siie---
ἀνίστασο	a)ni/staso	ἀνίστημι	a)ni/sthmi	v2spme---
ἀνίστασο	a)ni/staso	ἀνίστημι	a)ni/sthmi	v2siie---
ἀνίσταται	a)ni/statai	ἀνίστημι	a)ni/sthmi	v3spie---
ἀνόνητον	a)no/nhton	ἀνόνητος	a)no/nhtos	n-s---ma-
ἀνόνητον	a)no/nhton	ἀνόνητος	a)no/nhtos	n-s---fa-
ἀνόνητον	a)no/nhton	ἀνόνητος	a)no/nhtos	n-s---nn-
ἀνόνητον	a)no/nhton	ἀνόνητος	a)no/nhtos	n-s---nv-
ἀνόνητον	a)no/nhton	ἀνόνητος	a)no/nhtos	n-s---na-
ἀνύσας	a)nu/sas	ἀνύω	a)nu/w	v-sapamn-
ἀνύσας	a)nu/sas	ἀνύω	a)nu/w	v-sapamv-
ἀξιωτέρα	a)ciwte/ra	ἄξιος	a)/cios	a-d---fn-
ἀξιωτέρα	a)ciwte/ra	ἄξιος	a)/cios	a-d---fv-
ἀξιωτέρα	a)ciwte/ra	ἄξιος	a)/cios	a-d---fa-
ἀξιωτέρα	a)ciwte/ra	ἄξιος	a)/cios	a-s---fn-
ἀξιωτέρα	a)ciwte/ra	ἄξιος	a)/cios	a-s---fv-
ἀπαλλαχθεῖτέ	a)pallaxqei=te/	ἀπαλλάσσω	a)palla/ssw	v2paop---
ἀπαλλαχθεῖτέ	a)pallaxqei=te/	ἀπαλλαξείω	a)pallacei/w	v2paop---
ἀπαλλαχθέντα	a)pallaxqe/nta	ἀπαλλάσσω	a)palla/ssw	v-pappnn-
ἀπαλλαχθέντα	a)pallaxqe/nta	ἀπαλλάσσω	a)palla/ssw	v-pappnv-
ἀπαλλαχθέντα	a)pallaxqe/nta	ἀπαλλάσσω	a)palla/ssw	v-pappna-
ἀπαλλαχθέντα	a)pallaxqe/nta	ἀπαλλάσσω	a)palla/ssw	v-sappma-
ἀπαλλαχθέντα	a)pallaxqe/nta	ἀπαλλαξείω	a)pallacei/w	v-pappnn-
ἀπαλλαχθέντα	a)pallaxqe/nta	ἀπαλλαξείω	a)pallacei/w	v-pappnv-
ἀπαλλαχθέντα	a)pallaxqe/nta	ἀπαλλαξείω	a)pallacei/w	v-pappna-
ἀπαλλαχθέντα	a)pallaxqe/nta	ἀπαλλαξείω	a)pallacei/w	v-sappma-
ἀπαμύνει	a)pamu/nei	ἀπαμύνω	a)pamu/nw	v2spie---
ἀπαμύνει	a)pamu/nei	ἀπαμύνω	a)pamu/nw	v3spia---
ἀπαμύνει	a)pamu/nei	ἀπαμύνω	a)pamu/nw	v3sasa---
ἀπαμύνει	a)pamu/nei	ἀπαμύνω	a)pamu/nw	v3sasa---
ἀπαμύνει	a)pamu/nei	ἀπαμύνω	a)pamu/nw	v2spie---
ἀπαμύνει	a)pamu/nei	ἀπαμύνω	a)pamu/nw	v3spia---
ἀπαπαῖ	a)papai=	ἀπαπαῖ	a)papai=	x--------
ἀπεδειρόμην	a)pedeiro/mhn	ἀποδέρω	a)pode/rw	v1siie---
ἀπεδάκρυσα	a)peda/krusa	ἀποδακρύω	a)podakru/w	v1saia---
ἀπειλῇ	a)peilh=|	ἀπειλέω	a)peile/w	v2spse---
ἀπειλῇ	a)peilh=|	ἀπειλέω	a)peile/w	v2spie---
ἀπειλῇ	a)peilh=|	ἀπειλέω	a)peile/w	v3spsa---
ἀπειλῇ	a)peilh=|	ἀπειλέω1	a)peile/w1	v2spse---
ἀπειλῇ	a)peilh=|	ἀπειλέω1	a)peile/w1	v2spie---
ἀπειλῇ	a)peilh=|	ἀπειλέω1	a)peile/w1	v3spsa---
ἀπειλῇ	a)peilh=|	ἀπειλέω2	a)peile/w2	v2spse---
ἀπειλῇ	a)peilh=|	ἀπειλέω2	a)peile/w2	v2spie---
ἀπειλῇ	a)peilh=|	ἀπειλέω2	a)peile/w2	v3spsa---
ἀπειλῇ	a)peilh=|	ἀπειλή	a)peilh/	n-s---fd-
ἀπεκοιμήθημεν	a)pekoimh/qhmen	ἀποκοιμάομαι	a)pokoima/omai	v1paip---
ἀπείργεις	a)pei/rgeis	ἀπείργω	a)pei/rgw	v2spia---
ἀπιοῦσι	a)piou=si	ἄπειμι1	a)/peimi1	v-pppamd-
ἀπιοῦσι	a)piou=si	ἄπειμι1	a)/peimi1	v-pppand-
ἀπιοῦσι	a)piou=si	ἄπειμι2	a)/peimi2	v-pppamd-
ἀπιοῦσι	a)piou=si	ἄπειμι2	a)/peimi2	v-pppand-
ἀπλύτους	a)plu/tous	ἄπλυτος	a)/plutos	n-p---ma-
ἀπλύτους	a)plu/tous	ἄπλυτος	a)/plutos	n-p---fa-
ἀποβαλεῖν	a)pobalei=n	ἀποβάλλω	a)poba/llw	v--ana---
ἀποβαλεῖν	a)pobalei=n	ἀποβάλλω	a)poba/llw	v--fna---
ἀποβαλών	a)pobalw/n	ἀποβάλλω	a)poba/llw	v-sapamn-
ἀποβεβληκότι	a)pobeblhko/ti	ἀποβάλλω	a)poba/llw	v-srpamd-
ἀποβεβληκότι	a)pobeblhko/ti	ἀποβάλλω	a)poba/llw	v-srpand-
ἀποβιβάζων	a)pobiba/zwn	ἀποβιβάζω	a)pobiba/zw	v-sppamn-
ἀποβιβάζων	a)pobiba/zwn	ἀποβιβάζω	a)pobiba/zw	v-sppamn-
ἀποδεδρακότι	a)podedrako/ti	ἀποδιδράσκω	a)podidra/skw	v-srpamd-
ἀποδεδρακότι	a)podedrako/ti	ἀποδιδράσκω	a)podidra/skw	v-srpand-
ἀποδείξειν	a)podei/cein	ἀποδείκνυμι	a)podei/knumi	v--fna---
ἀποδείξω	a)podei/cw	ἀποδείκνυμι	a)podei/knumi	v1sasa---
ἀποδείξω	a)podei/cw	ἀποδείκνυμι	a)podei/knumi	v1sfia---
ἀποδείξω	a)podei/cw	ἀποδείκνυμι	a)podei/knumi	v2saim---
ἀποδράς	a)podra/s	ἀποδιδράσκω	a)podidra/skw	v-sapamn-
ἀποδράς	a)podra/s	ἀποδιδράσκω	a)podidra/skw	v-sapamv-
ἀποδυθήσομαι	a)poduqh/somai	ἀποδύω	a)podu/w	v1sfip---
ἀποδόσθαι	a)podo/sqai	ἀποδίδωμι	a)podi/dwmi	v--anm---
ἀποδώσεις	a)podw/seis	ἀποδίδωμι	a)podi/dwmi	v2sfia---
ἀποθνῄσκων	a)poqnh/|skwn	ἀποθνήσκω	a)poqnh/skw	v-sppamn-
ἀποθάνῃ	a)poqa/nh|	ἀποθνήσκω	a)poqnh/skw	v2sase---
ἀποθάνῃ	a)poqa/nh|	ἀποθνήσκω	a)poqnh/skw	v3sasa---
ἀποκλάονται	a)pokla/ontai	ἀποκλαίω	a)poklai/w	v3ppie---
ἀποκλῄεις	a)poklh/|eis	ἀποκλείω	a)poklei/w	v2spia---
ἀποκλῄσει	a)poklh/|sei	ἀπόκλεισις	a)po/kleisis	n-d---fn-
ἀποκλῄσει	a)poklh/|sei	ἀπόκλεισις	a)po/kleisis	n-d---fv-
ἀποκλῄσει	a)poklh/|sei	ἀπόκλεισις	a)po/kleisis	n-d---fa-
ἀποκλῄσει	a)poklh/|sei	ἀπόκλεισις	a)po/kleisis	n-s---fd-
ἀποκλῄσει	a)poklh/|sei	ἀπόκλεισις	a)po/kleisis	n-s---fd-
ἀποκλῄσει	a)poklh/|sei	ἀποκλείω	a)poklei/w	v3sasa---
ἀποκλῄσει	a)poklh/|sei	ἀποκλείω	a)poklei/w	v2sfim---
ἀποκλῄσει	a)poklh/|sei	ἀποκλείω	a)poklei/w	v3sfia---
ἀποκναίεις	a)poknai/eis	ἀποκναίω	a)poknai/w	v2spia---
ἀποκτείναιμι	a)poktei/naimi	ἀποκτείνω	a)poktei/nw	v1saoa---
ἀπολαύεις	a)polau/eis	ἀπολαύω	a)polau/w	v2spia---
ἀπολαύοντες	a)polau/ontes	ἀπολαύω	a)polau/w	v-pppamn-
ἀπολαύοντες	a)polau/ontes	ἀπολαύω	a)polau/w	v-pppamv-
ἀπολεῖς	a)polei=s	ἀπόλλυμι	a)po/llumi	v2sfia---
ἀπολογουμένου	a)pologoume/nou	ἀπολογέομαι	a)pologe/omai	v-sppemg-
ἀπολογουμένου	a)pologoume/nou	ἀπολογέομαι	a)pologe/omai	v-sppeng-
ἀπολογουμένου	a)pologoume/nou	ἀπολογέομαι	a)pologe/omai	v-sppemg-
ἀπολογουμένου	a)pologoume/nou	ἀπολογέομαι	a)pologe/omai	v-sppeng-
ἀπολογούμενον	a)pologou/menon	ἀπολογέομαι	a)pologe/omai	v-sppema-
ἀπολογούμενον	a)pologou/menon	ἀπολογέομαι	a)pologe/omai	v-sppenn-
ἀπολογούμενον	a)pologou/menon	ἀπολογέομαι	a)pologe/omai	v-sppenv-
ἀπολογούμενον	a)pologou/menon	ἀπολογέομαι	a)pologe/omai	v-sppena-
ἀπολογούμενον	a)pologou/menon	ἀπολογέομαι	a)pologe/omai	v-sppema-
ἀπολογούμενον	a)pologou/menon	ἀπολογέομαι	a)pologe/omai	v-sppenn-
ἀπολογούμενον	a)pologou/menon	ἀπολογέομαι	a)pologe/omai	v-sppenv-
ἀπολογούμενον	a)pologou/menon	ἀπολογέομαι	a)pologe/omai	v-sppena-
ἀπολογοῦ	a)pologou=	ἀπολογέομαι	a)pologe/omai	v2siie---
ἀπολογοῦ	a)pologou=	ἀπολογέομαι	a)pologe/omai	v2spme---
ἀπολογοῦ	a)pologou=	ἀπολογέομαι	a)pologe/omai	v2spme---
ἀπολογήσομαι	a)pologh/somai	ἀπολογέομαι	a)pologe/omai	v1sase---
ἀπολογήσομαι	a)pologh/somai	ἀπολογέομαι	a)pologe/omai	v1sfie---
ἀπολογήσομαι	a)pologh/somai	ἀπολογέομαι	a)pologe/omai	v1stie---
ἀπολογήσομαι	a)pologh/somai	ἀπολογέομαι	a)pologe/omai	v1sasm---
ἀπολογήσομαι	a)pologh/somai	ἀπολογέομαι	a)pologe/omai	v1sfim---
ἀπολοίμην	a)poloi/mhn	ἀπόλλυμι	a)po/llumi	v1saom---
ἀπολοίμην	a)poloi/mhn	ἀπόλλυμι	a)po/llumi	v1sfom---
ἀπολέξας	a)pole/cas	ἀπολέγω2	a)pole/gw2	v-sapamn-
ἀπολέξας	a)pole/cas	ἀπολέγω2	a)pole/gw2	v-sapamv-
ἀπολύσας	a)polu/sas	ἀπολύω	a)polu/w	v-sapamn-
ἀπολύσας	a)polu/sas	ἀπολύω	a)polu/w	v-sapamv-
ἀπολώλεκε	a)polw/leke	ἀπόλλυμι	a)po/llumi	v2srma---
ἀπολώλεκε	a)polw/leke	ἀπόλλυμι	a)po/llumi	v3sria---
ἀπολῦσαι	a)polu=sai	ἀπολύω	a)polu/w	v--ana---
ἀπολῶ	a)polw=	ἀπόλλυμι	a)po/llumi	v1sfia---
ἀπομερμηρίσαι	a)pomermhri/sai	ἀπομερμηρίζω	a)pomermhri/zw	v--ana---
ἀπομερμηρίσαι	a)pomermhri/sai	ἀπομερμηρίζω	a)pomermhri/zw	v3saoa---
ἀπομερμηρίσαι	a)pomermhri/sai	ἀπομερμηρίζω	a)pomermhri/zw	v--ana---
ἀπομερμηρίσαι	a)pomermhri/sai	ἀπομερμηρίζω	a)pomermhri/zw	v3saoa---
ἀπονενίμμεθ’	a)poneni/mmeq'	ἀπονίζω	a)poni/zw	v1prie---
ἀπονενίμμεθ’	a)poneni/mmeq'	ἀπονίζω	a)poni/zw	v1plie---
ἀπονίζῃ	a)poni/zh|	ἀπονίζω	a)poni/zw	v2spse---
ἀπονίζῃ	a)poni/zh|	ἀπονίζω	a)poni/zw	v2spie---
ἀπονίζῃ	a)poni/zh|	ἀπονίζω	a)poni/zw	v3spsa---
ἀπονίζῃ	a)poni/zh|	ἀπονίζω	a)poni/zw	v2spse---
ἀπονίζῃ	a)poni/zh|	ἀπονίζω	a)poni/zw	v2spie---
ἀπονίζῃ	a)poni/zh|	ἀπονίζω	a)poni/zw	v3spsa---
ἀποπνῖξαι	a)popni=cai	ἀποπνίγω	a)popni/gw	v--ana---
ἀποπάρδω	a)popa/rdw	ἀποπέρδομαι	a)pope/rdomai	v1sasa---
ἀπορήσῃ	a)porh/sh|	ἀπόρησις	a)po/rhsis	n-s---fd-
ἀπορήσῃ	a)porh/sh|	ἀπορέω	a)pore/w	v2sasm---
ἀπορήσῃ	a)porh/sh|	ἀπορέω	a)pore/w	v3sasa---
ἀπορήσῃ	a)porh/sh|	ἀπορέω	a)pore/w	v2sfim---
ἀπορήσῃ	a)porh/sh|	ἀπορέω	a)pore/w	v2stie---
ἀπορήσῃ	a)porh/sh|	ἀπορέω	a)pore/w	v2stim---
ἀποσβέσαντες	a)posbe/santes	ἀποσβέννυμι	a)posbe/nnumi	v-papamn-
ἀποσβέσαντες	a)posbe/santes	ἀποσβέννυμι	a)posbe/nnumi	v-papamv-
ἀποσκλῆναι	a)posklh=nai	ἀποσκλῆναι	a)posklh=nai	v--ana---
ἀποσοβήσειν	a)posobh/sein	ἀποσοβέω	a)posobe/w	v--fna---
ἀποσοβήσειν	a)posobh/sein	ἀποσοβέω	a)posobe/w	v--tna---
ἀποσοβήσειν	a)posobh/sein	ἀποσοβέω	a)posobe/w	v--fna---
ἀποστερεῖς	a)posterei=s	ἀποστερέω	a)postere/w	v2sasp---
ἀποστερεῖς	a)posterei=s	ἀποστερέω	a)postere/w	v2sfia---
ἀποστερεῖς	a)posterei=s	ἀποστερέω	a)postere/w	v2spia---
ἀποστῆναι	a)posth=nai	ἀφεστήξω	a)festh/cw	v--ana---
ἀποτείσαντ’	a)potei/sant'	ἀποτίνω	a)poti/nw	v-papann-
ἀποτείσαντ’	a)potei/sant'	ἀποτίνω	a)poti/nw	v-papanv-
ἀποτείσαντ’	a)potei/sant'	ἀποτίνω	a)poti/nw	v-papana-
ἀποτείσαντ’	a)potei/sant'	ἀποτίνω	a)poti/nw	v-sapama-
ἀποτείσαντ’	a)potei/sant'	ἀποτίνω	a)poti/nw	v-sapamd-
ἀποτείσαντ’	a)potei/sant'	ἀποτίνω	a)poti/nw	v-sapand-
ἀποτείσαντ’	a)potei/sant'	ἀποτίνω	a)poti/nw	v-dapamn-
ἀποτείσαντ’	a)potei/sant'	ἀποτίνω	a)poti/nw	v-dapamv-
ἀποτείσαντ’	a)potei/sant'	ἀποτίνω	a)poti/nw	v-dapama-
ἀποτείσαντ’	a)potei/sant'	ἀποτίνω	a)poti/nw	v-dapann-
ἀποτείσαντ’	a)potei/sant'	ἀποτίνω	a)poti/nw	v-dapanv-
ἀποτείσαντ’	a)potei/sant'	ἀποτίνω	a)poti/nw	v-dapana-
ἀποτείσαντ’	a)potei/sant'	ἀποτίνω	a)poti/nw	v3paim---
ἀποτείσω	a)potei/sw	ἀποτίνω	a)poti/nw	v1sasa---
ἀποτείσω	a)potei/sw	ἀποτίνω	a)poti/nw	v1sfia---
ἀποτείσω	a)potei/sw	ἀποτίνω	a)poti/nw	v2saim---
ἀποτρόπαιε	a)potro/paie	ἀποτρόπαιος	a)potro/paios	n-s---mv-
ἀποτρόπαιε	a)potro/paie	ἀποτρόπαιος	a)potro/paios	n-s---fv-
ἀποτίνειν	a)poti/nein	ἀποτίνω	a)poti/nw	v--pna---
ἀποτίνειν	a)poti/nein	ἀποτίνω	a)poti/nw	v--pna---
ἀποφαίνων	a)pofai/nwn	ἀποφαίνω	a)pofai/nw	v-sppamn-
ἀποφεύγει	a)pofeu/gei	ἀποφεύγω	a)pofeu/gw	v2spie---
ἀποφεύγει	a)pofeu/gei	ἀποφεύγω	a)pofeu/gw	v3spia---
ἀποφυσήσας	a)pofush/sas	ἀποφυσάω	a)pofusa/w	v-sapamn-
ἀποφυσήσας	a)pofush/sas	ἀποφυσάω	a)pofusa/w	v-sapamv-
ἀποφυσήσας	a)pofush/sas	ἀποφυσάω	a)pofusa/w	v-sapamn-
ἀποφυσήσας	a)pofush/sas	ἀποφυσάω	a)pofusa/w	v-sapamv-
ἀποφήνῃ	a)pofh/nh|	ἀποφαίνω	a)pofai/nw	v2sasm---
ἀποφήνῃ	a)pofh/nh|	ἀποφαίνω	a)pofai/nw	v3sasa---
ἀππαπαῖ	a)ppapai=	ἀππαπαῖ	a)ppapai=	x--------
ἀπράγμοσιν	a)pra/gmosin	ἀπράγμων	a)pra/gmwn	n-p----d-
ἀπάγουσι	a)pa/gousi	ἀπάγω	a)pa/gw	v-pppamd-
ἀπάγουσι	a)pa/gousi	ἀπάγω	a)pa/gw	v-pppand-
ἀπάγουσι	a)pa/gousi	ἀπάγω	a)pa/gw	v3ppia---
ἀπάγχει	a)pa/gxei	ἀπάγχω	a)pa/gxw	v2spie---
ἀπάγχει	a)pa/gxei	ἀπάγχω	a)pa/gxw	v3spia---
ἀπέβαλεν	a)pe/balen	ἀποβάλλω	a)poba/llw	v3saia---
ἀπέβαλεν	a)pe/balen	ἀποβάλλω	a)poba/llw	v3saia---
ἀπέδωκ’	a)pe/dwk'	ἀποδίδωμι	a)podi/dwmi	v1saia---
ἀπέδωκ’	a)pe/dwk'	ἀποδίδωμι	a)podi/dwmi	v3saia---
ἀπέκλῃον	a)pe/klh|on	ἀποκλείω	a)poklei/w	v3piia---
ἀπέκλῃον	a)pe/klh|on	ἀποκλείω	a)poklei/w	v1siia---
ἀπέλου	a)pe/lou	ἀφαιρέω	a)faire/w	v2saim---
ἀπέλου	a)pe/lou	ἀπολούω	a)polou/w	v3siia---
ἀπέπνιγον	a)pe/pnigon	ἀποπνίγω	a)popni/gw	v3piia---
ἀπέπνιγον	a)pe/pnigon	ἀποπνίγω	a)popni/gw	v1siia---
ἀπέχεσθαι	a)pe/xesqai	ἀπέχω	a)pe/xw	v--pne---
ἀπήλλαξεν	a)ph/llacen	ἀπαλλαξείω	a)pallacei/w	v3saia---
ἀπό	a)po/	ἀπό	a)po/	r--------
ἀπόδος	a)po/dos	ἀποδίδωμι	a)podi/dwmi	v2sama---
ἀπόκριναι	a)po/krinai	ἀποκρίνω	a)pokri/nw	v2samm---
ἀπόλωλα	a)po/lwla	ἀπόλλυμι	a)po/llumi	v1sria---
ἀπόπληκτος	a)po/plhktos	ἀπόπληκτος	a)po/plhktos	n-s---mn-
ἀπόπληκτος	a)po/plhktos	ἀπόπληκτος	a)po/plhktos	n-s---fn-
ἀπόφυξιν	a)po/fucin	ἀπόφευξις	a)po/feucis	n-s---fa-
ἀπόφυξιν	a)po/fucin	ἀπόφυξις	a)po/fucis	n-s---fa-
ἀπώλεσαν	a)pw/lesan	ἀπόλλυμι	a)po/llumi	v3paia---
ἀπώλεσας	a)pw/lesas	ἀπόλλυμι	a)po/llumi	v2saia---
ἀπώλεσεν	a)pw/lesen	ἀπόλλυμι	a)po/llumi	v3saia---
ἀργαλέον	a)rgale/on	ἀργαλέος	a)rgale/os	a-s---ma-
ἀργαλέον	a)rgale/on	ἀργαλέος	a)rgale/os	a-s---nn-
ἀργαλέον	a)rgale/on	ἀργαλέος	a)rgale/os	a-s---nv-
ἀργαλέον	a)rgale/on	ἀργαλέος	a)rgale/os	a-s---na-
ἀργελόφους	a)rgelo/fous	ἀργέλοφοι	a)rge/lofoi	n-p---ma-
ἀργύριον	a)rgu/rion	ἀργύριον	a)rgu/rion	n-s---nn-
ἀργύριον	a)rgu/rion	ἀργύριον	a)rgu/rion	n-s---nv-
ἀργύριον	a)rgu/rion	ἀργύριον	a)rgu/rion	n-s---na-
ἀρθείς	a)rqei/s	ἀραρίσκω	a)rari/skw	v-sappmn-
ἀρθείς	a)rqei/s	ἀραρίσκω	a)rari/skw	v-sappmv-
ἀρθείς	a)rqei/s	αἴρω	ai)/rw	v-sappmn-
ἀρθείς	a)rqei/s	αἴρω	ai)/rw	v-sappmv-
ἀριθμοῦσι	a)riqmou=si	ἀριθμέω	a)riqme/w	v-pppamd-
ἀριθμοῦσι	a)riqmou=si	ἀριθμέω	a)riqme/w	v-pppand-
ἀριθμοῦσι	a)riqmou=si	ἀριθμέω	a)riqme/w	v3ppia---
ἀριστήσετε	a)risth/sete	ἀριστάω	a)rista/w	v2pasa---
ἀριστήσετε	a)risth/sete	ἀριστάω	a)rista/w	v2pfia---
ἀριστήσετε	a)risth/sete	ἀριστάω	a)rista/w	v2ptia---
ἀρνός	a)rno/s	ἀρνός	a)rno/s	n-s---mg-
ἀρνός	a)rno/s	ἀρνός	a)rno/s	n-s---fg-
ἀρτοπώλιδος	a)rtopw/lidos	ἀρτόπωλις	a)rto/pwlis	n-s---fg-
ἀρτίως	a)rti/ws	ἄρτιος	a)/rtios	x--------
ἀρτίως	a)rti/ws	ἄρτιος	a)/rtios	a-p---ma-
ἀρυστίχους	a)rusti/xous	ἀρύστιχος	a)ru/stixos	n-p---ma-
ἀρχαίαν	a)rxai/an	ἀρχαῖος	a)rxai=os	a-s---fa-
ἀρχαῖα	a)rxai=a	ἀρχαῖος	a)rxai=os	a-p---nn-
ἀρχαῖα	a)rxai=a	ἀρχαῖος	a)rxai=os	a-p---nv-
ἀρχαῖα	a)rxai=a	ἀρχαῖος	a)rxai=os	a-p---na-
ἀρχαῖς	a)rxai=s	ἀρχή	a)rxh/	n-p---fd-
ἀρχαῖά	a)rxai=a/	ἀρχαῖος	a)rxai=os	a-p---nn-
ἀρχαῖά	a)rxai=a/	ἀρχαῖος	a)rxai=os	a-p---nv-
ἀρχαῖά	a)rxai=a/	ἀρχαῖος	a)rxai=os	a-p---na-
ἀρχή	a)rxh/	ἀρχή	a)rxh/	n-s---fn-
ἀρχή	a)rxh/	ἀρχή	a)rxh/	n-s---fv-
ἀρχήν	a)rxh/n	ἀρχή	a)rxh/	n-s---fa-
ἀρχήν	a)rxh/n	ἀρχήν	a)rxh/n	d--------
ἀρχόμενος	a)rxo/menos	ἄρχω	a)/rxw	v-sppemn-
ἀρχόντων	a)rxo/ntwn	ἄρχω	a)/rxw	v-pppamg-
ἀρχόντων	a)rxo/ntwn	ἄρχω	a)/rxw	v-pppang-
ἀρχόντων	a)rxo/ntwn	ἄρχω	a)/rxw	v3ppma---
ἀρχόντων	a)rxo/ntwn	ἄρχων	a)/rxwn	n-p---mg-
ἀρχῆς	a)rxh=s	ἀρχή	a)rxh/	n-s---fg-
ἀρέσκει	a)re/skei	ἀρέσκω	a)re/skw	v2spie---
ἀρέσκει	a)re/skei	ἀρέσκω	a)re/skw	v3spia---
ἀσπιδαποβλής	a)spidapoblh/s	ἀσπιδαποβλής	a)spidapoblh/s	n-s----n-
ἀσπάζωνται	a)spa/zwntai	ἀσπάζομαι	a)spa/zomai	v3ppse---
ἀσπίδα	a)spi/da	ἀσπίς	a)spi/s	n-s---fa-
ἀσπίδι	a)spi/di	ἀσπίς	a)spi/s	n-s---fd-
ἀστεῖόν	a)stei=o/n	ἀστεῖος	a)stei=os	a-s---ma-
ἀστεῖόν	a)stei=o/n	ἀστεῖος	a)stei=os	a-s---nn-
ἀστεῖόν	a)stei=o/n	ἀστεῖος	a)stei=os	a-s---nv-
ἀστεῖόν	a)stei=o/n	ἀστεῖος	a)stei=os	a-s---na-
ἀστραγάλους	a)straga/lous	ἀστράγαλος	a)stra/galos	n-p---ma-
ἀστράτευτος	a)stra/teutos	ἀστράτευτος	a)stra/teutos	n-s---mn-
ἀστράτευτος	a)stra/teutos	ἀστράτευτος	a)stra/teutos	n-s---fn-
ἀστράψω	a)stra/yw	ἀστράπτω	a)stra/ptw	v2saim---
ἀστράψω	a)stra/yw	ἀστράπτω	a)stra/ptw	v1sasa---
ἀστράψω	a)stra/yw	ἀστράπτω	a)stra/ptw	v1sfia---
ἀστράψω	a)stra/yw	ἀστράπτω	a)stra/ptw	v1stia---
ἀστράψω	a)stra/yw	ἀστράπτω	a)stra/ptw	v2saim---
ἀτενής	a)tenh/s	ἀτενής	a)tenh/s	n-s---mn-
ἀτενής	a)tenh/s	ἀτενής	a)tenh/s	n-s---fn-
ἀτεράμων	a)tera/mwn	ἀτέραμνος	a)te/ramnos	n-s---mn-
ἀτεράμων	a)tera/mwn	ἀτέραμνος	a)te/ramnos	n-s---fn-
ἀτεράμων	a)tera/mwn	ἀτεράμων	a)tera/mwn	n-s---mn-
ἀτεράμων	a)tera/mwn	ἀτεράμων	a)tera/mwn	n-s---fn-
ἀτεχνῶς	a)texnw=s	ἄτεχνος	a)/texnos	x--------
ἀτεχνῶς	a)texnw=s	ἀτεχνής	a)texnh/s	x--------
ἀτεχνῶς	a)texnw=s	ἀτεχνῶς	a)texnw=s	d--------
ἀτηρότατον	a)thro/taton	ἀτηρός	a)thro/s	a-s---mas
ἀτηρότατον	a)thro/taton	ἀτηρός	a)thro/s	a-s---nns
ἀτηρότατον	a)thro/taton	ἀτηρός	a)thro/s	a-s---nvs
ἀτηρότατον	a)thro/taton	ἀτηρός	a)thro/s	a-s---nas
ἀτρυγέτου	a)truge/tou	ἀτρύγετος	a)tru/getos	a-s---mg-
ἀτρυγέτου	a)truge/tou	ἀτρύγετος	a)tru/getos	a-s---ng-
ἀτρυγέτου	a)truge/tou	ἀτρύγετος	a)tru/getos	n-s---mg-
ἀτρυγέτου	a)truge/tou	ἀτρύγετος	a)tru/getos	n-s---fg-
ἀτρυγέτου	a)truge/tou	ἀτρύγετος	a)tru/getos	n-s---ng-
ἀτταγᾶς	a)ttaga=s	ἀτταγᾶς	a)ttaga=s	n-s----n-
ἀτάρ	a)ta/r	ἀτάρ	a)ta/r	g--------
ἀφελέσθαι	a)fele/sqai	ἀφαιρέω	a)faire/w	v--anm---
ἀφελόμενός	a)felo/meno/s	ἀφαιρέω	a)faire/w	v-sapmmn-
ἀφείς	a)fei/s	ἀφίημι	a)fi/hmi	v-sapamn-
ἀφείς	a)fei/s	ἀφίημι	a)fi/hmi	v-sapamv-
ἀφεῖναι	a)fei=nai	ἀφίημι	a)fi/hmi	v--ana---
ἀφεῖναι	a)fei=nai	ἀφίημι	a)fi/hmi	v--ana---
ἀφήσεις	a)fh/seis	ἀφίημι	a)fi/hmi	v2sfia---
ἀφίει	a)fi/ei	ἀφίημι	a)fi/hmi	v2spma---
ἀφίει	a)fi/ei	ἀφίημι	a)fi/hmi	v2spma---
ἀφίει	a)fi/ei	ἀφίημι	a)fi/hmi	v3siia---
ἀφίει	a)fi/ei	ἀφίημι	a)fi/hmi	v3siia---
ἀφύαις	a)fu/ais	ἀφύη	a)fu/h	n-p---fd-
ἀφῆτέ	a)fh=te/	ἀφίημι	a)fi/hmi	v2pasa---
ἀφῆτέ	a)fh=te/	ἀφίημι	a)fi/hmi	v2pasa---
ἀφ’	a)f'	ἀπό	a)po/	r--------
ἀφ’	a)f'	ἀπό	a)po/	r--------
ἀχυρμόν	a)xurmo/n	ἀχυρός	a)xuro/s	n-s---ma-
ἀχάριστος	a)xa/ristos	ἀχάριστος	a)xa/ristos	n-s---mn-
ἀχάριστος	a)xa/ristos	ἀχάριστος	a)xa/ristos	n-s---fn-
ἀψήφιστος	a)yh/fistos	ἀψήφιστος	a)yh/fistos	n-s---mn-
ἀψήφιστος	a)yh/fistos	ἀψήφιστος	a)yh/fistos	n-s---fn-
ἁ	a(	ὁ	o(	l-s---fn-
ἁγώ	a(gw/	ἀγός	a)go/s	n-d---mn-
ἁγώ	a(gw/	ἀγός	a)go/s	n-d---mv-
ἁγώ	a(gw/	ἀγός	a)go/s	n-d---ma-
ἁγώ	a(gw/	ἐγώ	e)gw/	p-s---mn-
ἁγώ	a(gw/	ἐγώ	e)gw/	p-s---mv-
ἁγώ	a(gw/	ἐγώ	e)gw/	p-s---fn-
ἁγώ	a(gw/	ἐγώ	e)gw/	p-s---fv-
ἁγών	a(gw/n	ἀγών	a)gw/n	n-s---mn-
ἁγών	a(gw/n	ἀγών	a)gw/n	n-s---mv-
ἁγών	a(gw/n	ἐγώ	e)gw/	p-s---mn-
ἁγών	a(gw/n	ἐγώ	e)gw/	p-s---mv-
ἁγών	a(gw/n	ἐγώ	e)gw/	p-s---fn-
ἁγών	a(gw/n	ἐγώ	e)gw/	p-s---fv-
ἁθρόοι	a(qro/oi	ἀθρόος	a)qro/os	a-p---mn-
ἁθρόοι	a(qro/oi	ἀθρόος	a)qro/os	a-p---mv-
ἁθρόοι	a(qro/oi	ἀθρόος	a)qro/os	n-p---mn-
ἁθρόοι	a(qro/oi	ἀθρόος	a)qro/os	n-p---mv-
ἁθρόοι	a(qro/oi	ἀθρόος	a)qro/os	n-p---fn-
ἁθρόοι	a(qro/oi	ἀθρόος	a)qro/os	n-p---fv-
ἁλοῦσ’	a(lou=s'	ἁλίσκομαι	a(li/skomai	v-sapafn-
ἁλοῦσ’	a(lou=s'	ἁλίσκομαι	a(li/skomai	v-sapafv-
ἁλοῦσ’	a(lou=s'	ἁλίσκομαι	a(li/skomai	v-papamd-
ἁλοῦσ’	a(lou=s'	ἁλίσκομαι	a(li/skomai	v-papand-
ἁλοῦσ’	a(lou=s'	ἁλίσκομαι	a(li/skomai	v-papafn-
ἁλοῦσ’	a(lou=s'	ἁλίσκομαι	a(li/skomai	v-papafv-
ἁλός	a(lo/s	ἅλς	a(/ls	n-s---mg-
ἁλός	a(lo/s	ἅλς	a(/ls	n-s---fg-
ἁλώσεται	a(lw/setai	ἁλίσκομαι	a(li/skomai	v3sfim---
ἁλῷ	a(lw=|	ἁλίσκομαι	a(li/skomai	v3sasa---
ἁμαρτάνεις	a(marta/neis	ἁμαρτάνω	a(marta/nw	v2spia---
ἁμαρτίας	a(marti/as	ἁμαρτία	a(marti/a	n-p---fa-
ἁμαρτίας	a(marti/as	ἁμαρτία	a(marti/a	n-s---fg-
ἁνήρ	a(nh/r	ἀνήρ	a)nh/r	n-s---mn-
ἁπαλήν	a(palh/n	ἁπαλός	a(palo/s	a-s---fa-
ἁπεκρίνατο	a(pekri/nato	ἀποκρίνω	a)pokri/nw	v3saim---
ἁπεκρίνατο	a(pekri/nato	ἐπικρίνω	e)pikri/nw	v3saim---
ἁπλῶς	a(plw=s	ἁπλός	a(plo/s	x--------
ἁπλῶς	a(plw=s	ἁπλόω	a(plo/w	v2spia---
ἁπλῶς	a(plw=s	ἁπλῶς	a(plw=s	d--------
ἁπάντων	a(pa/ntwn	ἅπας	a(/pas	a-p---mg-
ἁπάντων	a(pa/ntwn	ἅπας	a(/pas	a-p---ng-
ἁρμόσαι	a(rmo/sai	ἁρμόζω	a(rmo/zw	v--ana---
ἁρμόσαι	a(rmo/sai	ἁρμόζω	a(rmo/zw	v3saoa---
ἄγαλμα	a)/galma	ἄγαλμα	a)/galma	n-s---nn-
ἄγαλμα	a)/galma	ἄγαλμα	a)/galma	n-s---nv-
ἄγαλμα	a)/galma	ἄγαλμα	a)/galma	n-s---na-
ἄγαν	a)/gan	ἄγαν	a)/gan	d--------
ἄγαν	a)/gan	ἄγη	a)/gh	n-s---fa-
ἄγαν	a)/gan	ἀγάω	a)ga/w	v3piia---
ἄγαν	a)/gan	ἀγάω	a)ga/w	v1siia---
ἄγαν	a)/gan	ἀγάω	a)ga/w	v3piia---
ἄγαν	a)/gan	ἀγάω	a)ga/w	v1siia---
ἄγε	a)/ge	ἄγε	a)/ge	d--------
ἄγε	a)/ge	ἄγω	a)/gw	v2spma---
ἄγε	a)/ge	ἄγω	a)/gw	v3siia---
ἄγειν	a)/gein	ἄγω	a)/gw	v--pna---
ἄγεσθαι	a)/gesqai	ἄγω	a)/gw	v--pne---
ἄγλιθας	a)/gliqas	ἄγλις	a)/glis	n-p---fa-
ἄγων	a)/gwn	ἄγω	a)/gw	v-sppamn-
ἄγων	a)/gwn	ἀγάω	a)ga/w	v3piia---
ἄγων	a)/gwn	ἀγάω	a)ga/w	v1siia---
ἄγων	a)/gwn	ἀγάω	a)ga/w	v3piia---
ἄγων	a)/gwn	ἀγάω	a)ga/w	v1siia---
ἄθλιός	a)/qlio/s	ἄθλιος	a)/qlios	a-s---mn-
ἄθλιός	a)/qlio/s	ἄθλιος	a)/qlios	n-s---mn-
ἄθλιός	a)/qlio/s	ἄθλιος	a)/qlios	n-s---fn-
ἄθρει	a)/qrei	ἀθρέω	a)qre/w	v3siia---
ἄθρει	a)/qrei	ἀθρέω	a)qre/w	v2spma---
ἄθρει	a)/qrei	ἀθρέω	a)qre/w	v3siia---
ἄκουε	a)/koue	ἀκούω	a)kou/w	v3siia---
ἄκουε	a)/koue	ἀκούω	a)kou/w	v2spma---
ἄκουε	a)/koue	ἀκούω	a)kou/w	v3siia---
ἄκουρον	a)/kouron	ἄκουρος	a)/kouros	n-s---ma-
ἄκουρον	a)/kouron	ἄκουρος	a)/kouros	n-s---fa-
ἄκουρον	a)/kouron	ἄκουρος	a)/kouros	n-s---nn-
ἄκουρον	a)/kouron	ἄκουρος	a)/kouros	n-s---nv-
ἄκουρον	a)/kouron	ἄκουρος	a)/kouros	n-s---na-
ἄκουσον	a)/kouson	ἀκούω	a)kou/w	v2sama---
ἄκουσόν	a)/kouso/n	ἀκούω	a)kou/w	v2sama---
ἄκων	a)/kwn	ἄκων	a)/kwn	n-s---mn-
ἄκων	a)/kwn	ἀέκων	a)e/kwn	a-s---mn-
ἄλγιστον	a)/lgiston	ἄλγιστος	a)/lgistos	a-s---ma-
ἄλγιστον	a)/lgiston	ἄλγιστος	a)/lgistos	a-s---nn-
ἄλγιστον	a)/lgiston	ἄλγιστος	a)/lgistos	a-s---nv-
ἄλγιστον	a)/lgiston	ἄλγιστος	a)/lgistos	a-s---na-
ἄλγιστον	a)/lgiston	ἀλγίων	a)lgi/wn	a-s---ma-
ἄλγιστον	a)/lgiston	ἀλγίων	a)lgi/wn	a-s---nn-
ἄλγιστον	a)/lgiston	ἀλγίων	a)lgi/wn	a-s---nv-
ἄλγιστον	a)/lgiston	ἀλγίων	a)lgi/wn	a-s---na-
ἄληθες	a)/lhqes	ἀλήθω	a)lh/qw	v2siia---
ἄληθες	a)/lhqes	ἀλήθω	a)lh/qw	v2siia---
ἄληθες	a)/lhqes	ἀληθής	a)lhqh/s	d--------
ἄλκιμοι	a)/lkimoi	ἄλκιμος	a)/lkimos	a-p---mn-
ἄλκιμοι	a)/lkimoi	ἄλκιμος	a)/lkimos	a-p---mv-
ἄλκιμοι	a)/lkimoi	ἄλκιμος	a)/lkimos	n-p---mn-
ἄλκιμοι	a)/lkimoi	ἄλκιμος	a)/lkimos	n-p---mv-
ἄλκιμοι	a)/lkimoi	ἄλκιμος	a)/lkimos	n-p---fn-
ἄλκιμοι	a)/lkimoi	ἄλκιμος	a)/lkimos	n-p---fv-
ἄλλην	a)/llhn	ἄλλος	a)/llos	n-s---fa-
ἄλλο	a)/llo	ἄλλος	a)/llos	n-s---nn-
ἄλλο	a)/llo	ἄλλος	a)/llos	n-s---nv-
ἄλλο	a)/llo	ἄλλος	a)/llos	n-s---na-
ἄλλοις	a)/llois	ἄλλος	a)/llos	n-p---nd-
ἄλλοις	a)/llois	ἄλλος	a)/llos	n-p---md-
ἄλλον	a)/llon	ἄλλος	a)/llos	n-s---ma-
ἄλλος	a)/llos	ἄλλος	a)/llos	n-s---mn-
ἄλλων	a)/llwn	ἄλλος	a)/llos	n-p---ng-
ἄλλων	a)/llwn	ἄλλος	a)/llos	n-p---fg-
ἄλλων	a)/llwn	ἄλλος	a)/llos	n-p---mg-
ἄλλως	a)/llws	ἄλλος	a)/llos	n-p---ma-
ἄλλως	a)/llws	ἄλλως	a)/llws	d--------
ἄλφιτα	a)/lfita	ἄλφιτον	a)/lfiton	n-p---nn-
ἄλφιτα	a)/lfita	ἄλφιτον	a)/lfiton	n-p---nv-
ἄλφιτα	a)/lfita	ἄλφιτον	a)/lfiton	n-p---na-
ἄμεινον	a)/meinon	ἀμείνων	a)mei/nwn	a-s---mv-
ἄμεινον	a)/meinon	ἀμείνων	a)mei/nwn	a-s---fv-
ἄμεινον	a)/meinon	ἀμείνων	a)mei/nwn	a-s---nn-
ἄμεινον	a)/meinon	ἀμείνων	a)mei/nwn	a-s---nv-
ἄμεινον	a)/meinon	ἀμείνων	a)mei/nwn	a-s---na-
ἄμουσος	a)/mousos	ἄμουσος	a)/mousos	n-s---mn-
ἄμουσος	a)/mousos	ἄμουσος	a)/mousos	n-s---fn-
ἄμπελον	a)/mpelon	ἄμπελος	a)/mpelos	n-s---fa-
ἄν	a)/n	ἄν1	a)/n1	g--------
ἄν	a)/n	ἄν2	a)/n2	c--------
ἄν	a)/n	ἀνά	a)na/	r--------
ἄν	a)/n	ἐάν	e)a/n	c--------
ἄναξ	a)/nac	ἄναξ	a)/nac	n-s---mn-
ἄναξ	a)/nac	ἄναξ	a)/nac	n-s---mv-
ἄνδρα	a)/ndra	ἀνήρ	a)nh/r	n-s---ma-
ἄνδρας	a)/ndras	ἀνήρ	a)nh/r	n-p---ma-
ἄνδρες	a)/ndres	ἀνήρ	a)nh/r	n-p---mn-
ἄνδρες	a)/ndres	ἀνήρ	a)nh/r	n-p---mv-
ἄνδρ’	a)/ndr'	ἀνήρ	a)nh/r	n-s---ma-
ἄνδρ’	a)/ndr'	ἀνήρ	a)nh/r	n-d---mn-
ἄνδρ’	a)/ndr'	ἀνήρ	a)nh/r	n-d---mv-
ἄνδρ’	a)/ndr'	ἀνήρ	a)nh/r	n-d---ma-
ἄνες	a)/nes	ἄνω1	a)/nw1	v2spia---
ἄνες	a)/nes	ἄνω1	a)/nw1	v2siia---
ἄνες	a)/nes	ἀνίημι	a)ni/hmi	v2sama---
ἄνευ	a)/neu	ἄνευ	a)/neu	r--------
ἄνευ	a)/neu	ἄνω1	a)/nw1	v2siie---
ἄνευ	a)/neu	ἄνω1	a)/nw1	v2spme---
ἄνευ	a)/neu	ἄνω1	a)/nw1	v2siie---
ἄνεχε	a)/nexe	ἀνέχω	a)ne/xw	v2spma---
ἄνεχε	a)/nexe	ἀνέχω	a)ne/xw	v3siia---
ἄνθρωπον	a)/nqrwpon	ἄνθρωπος	a)/nqrwpos	n-s---ma-
ἄνθρωπος	a)/nqrwpos	ἄνθρωπος	a)/nqrwpos	n-s---mn-
ἄνοντος	a)/nontos	ἄνω1	a)/nw1	v-sppamg-
ἄνοντος	a)/nontos	ἄνω1	a)/nw1	v-sppang-
ἄνυσόν	a)/nuso/n	ἀνύω	a)nu/w	v2sama---
ἄνω	a)/nw	ἄνοος	a)/noos	n-d---mn-
ἄνω	a)/nw	ἄνοος	a)/noos	n-d---mv-
ἄνω	a)/nw	ἄνοος	a)/noos	n-d---ma-
ἄνω	a)/nw	ἄνοος	a)/noos	n-d---fn-
ἄνω	a)/nw	ἄνοος	a)/noos	n-d---fv-
ἄνω	a)/nw	ἄνοος	a)/noos	n-d---fa-
ἄνω	a)/nw	ἄνοος	a)/noos	n-d---nn-
ἄνω	a)/nw	ἄνοος	a)/noos	n-d---nv-
ἄνω	a)/nw	ἄνοος	a)/noos	n-d---na-
ἄνω	a)/nw	ἄνω1	a)/nw1	v1spsa---
ἄνω	a)/nw	ἄνω1	a)/nw1	v1spia---
ἄνω	a)/nw	ἄνω2	a)/nw2	d--------
ἄνωθεν	a)/nwqen	ἄνωθεν	a)/nwqen	d--------
ἄξια	a)/cia	ἄξιος	a)/cios	a-p---nn-
ἄξια	a)/cia	ἄξιος	a)/cios	a-p---nv-
ἄξια	a)/cia	ἄξιος	a)/cios	a-p---na-
ἄπειμι	a)/peimi	ἄπειμι1	a)/peimi1	v1spia---
ἄπειμι	a)/peimi	ἄπειμι2	a)/peimi2	v1spia---
ἄπεισι	a)/peisi	ἄπειμι1	a)/peimi1	v3ppia---
ἄπεισι	a)/peisi	ἄπειμι2	a)/peimi2	v3spia---
ἄπεισιν	a)/peisin	ἄπειμι1	a)/peimi1	v3ppia---
ἄπεισιν	a)/peisin	ἄπειμι2	a)/peimi2	v3spia---
ἄπιμεν	a)/pimen	ἄπειμι2	a)/peimi2	v1ppia---
ἄπιτε	a)/pite	ἄπειμι2	a)/peimi2	v2ppma---
ἄπιτε	a)/pite	ἄπειμι2	a)/peimi2	v2ppia---
ἄπορά	a)/pora/	ἄπορος	a)/poros	n-p---nn-
ἄπορά	a)/pora/	ἄπορος	a)/poros	n-p---nv-
ἄπορά	a)/pora/	ἄπορος	a)/poros	n-p---na-
ἄρα	a)/ra	ἄρα	a)/ra	g--------
ἄρα	a)/ra	ἄρον	a)/ron	n-p---nn-
ἄρα	a)/ra	ἄρον	a)/ron	n-p---nv-
ἄρα	a)/ra	ἄρον	a)/ron	n-p---na-
ἄρα	a)/ra	ἄρος	a)/ros	n-p---nn-
ἄρα	a)/ra	ἄρος	a)/ros	n-p---nv-
ἄρα	a)/ra	ἄρος	a)/ros	n-p---na-
ἄρθροις	a)/rqrois	ἄρθρον	a)/rqron	n-p---nd-
ἄριστον	a)/riston	ἄριστον	a)/riston	n-s---nn-
ἄριστον	a)/riston	ἄριστον	a)/riston	n-s---nv-
ἄριστον	a)/riston	ἄριστον	a)/riston	n-s---na-
ἄριστον	a)/riston	ἄριστον	a)/riston	n-s---nn-
ἄριστον	a)/riston	ἄριστον	a)/riston	n-s---nv-
ἄριστον	a)/riston	ἄριστον	a)/riston	n-s---na-
ἄριστον	a)/riston	ἄριστος	a)/ristos	a-s---ma-
ἄριστον	a)/riston	ἄριστος	a)/ristos	a-s---nn-
ἄριστον	a)/riston	ἄριστος	a)/ristos	a-s---nv-
ἄριστον	a)/riston	ἄριστος	a)/ristos	a-s---na-
ἄριστος	a)/ristos	ἄριστος	a)/ristos	a-s---mn-
ἄριστός	a)/risto/s	ἄριστος	a)/ristos	a-s---mn-
ἄρξας	a)/rcas	ἄρχω	a)/rxw	v-sapamn-
ἄρξας	a)/rcas	ἄρχω	a)/rxw	v-sapamv-
ἄρξας	a)/rcas	ἄρχω	a)/rxw	v2saia---
ἄρτους	a)/rtous	ἄρτος	a)/rtos	n-p---ma-
ἄρχειν	a)/rxein	ἄρχω	a)/rxw	v--pna---
ἄρχεις	a)/rxeis	ἄρχω	a)/rxw	v2spia---
ἄρχω	a)/rxw	ἄρχω	a)/rxw	v1spsa---
ἄρχω	a)/rxw	ἄρχω	a)/rxw	v1spia---
ἄρχων	a)/rxwn	ἄρχω	a)/rxw	v-sppamn-
ἄρχων	a)/rxwn	ἄρχων	a)/rxwn	n-s---mn-
ἄτθ’	a)/tq'	ἄττα	a)/tta	x--------
ἄτθ’	a)/tq'	ἀίσσω	a)i/ssw	v2spma---
ἄτθ’	a)/tq'	ἀίσσω	a)i/ssw	v3siia---
ἄφες	a)/fes	ἀφίημι	a)fi/hmi	v2sama---
ἄφρων	a)/frwn	ἄφρων	a)/frwn	n-s---mn-
ἄφρων	a)/frwn	ἄφρων	a)/frwn	n-s---fn-
ἄχθεται	a)/xqetai	ἄχθομαι	a)/xqomai	v3spie---
ἄχθομαι	a)/xqomai	ἄχθομαι	a)/xqomai	v1spie---
ἄχνην	a)/xnhn	ἄχνη	a)/xnh	n-s---fa-
ἅ	a(/	ὁ	o(	l-s---fn-
ἅ	a(/	ὅς	o(/s	p-p---na-
ἅ	a(/	ὅς	o(/s	p-p---nn-
ἅ	a(/	ὅς	o(/s	p-d---fa-
ἅ	a(/	ὅς	o(/s	p-d---fn-
ἅ	a(/	ὅς	o(/s	p-s---fn-
ἅλαβες	a(/labes	λαμβάνω	lamba/nw	v2saia---
ἅλμην	a(/lmhn	ἅλμη	a(/lmh	n-s---fa-
ἅλμην	a(/lmhn	ἁλμάω	a(lma/w	v3piia---
ἅλμην	a(/lmhn	ἁλμάω	a(lma/w	v1siia---
ἅλμην	a(/lmhn	ἁλμάω	a(lma/w	v3piia---
ἅλμην	a(/lmhn	ἁλμάω	a(lma/w	v1siia---
ἅμα	a(/ma	ἅμα	a(/ma	d--------
ἅναξ	a(/nac	ἄναξ	a)/nac	n-s---mn-
ἅναξ	a(/nac	ἄναξ	a)/nac	n-s---mv-
ἅνθρωπος	a(/nqrwpos	ἄνθρωπος	a)/nqrwpos	n-s---mn-
ἅνω	a(/nw	ἄνοος	a)/noos	n-d---mn-
ἅνω	a(/nw	ἄνοος	a)/noos	n-d---mv-
ἅνω	a(/nw	ἄνοος	a)/noos	n-d---ma-
ἅνω	a(/nw	ἄνοος	a)/noos	n-d---fn-
ἅνω	a(/nw	ἄνοος	a)/noos	n-d---fv-
ἅνω	a(/nw	ἄνοος	a)/noos	n-d---fa-
ἅνω	a(/nw	ἄνοος	a)/noos	n-d---nn-
ἅνω	a(/nw	ἄνοος	a)/noos	n-d---nv-
ἅνω	a(/nw	ἄνοος	a)/noos	n-d---na-
ἅνω	a(/nw	ἄνω1	a)/nw1	v1spsa---
ἅνω	a(/nw	ἄνω1	a)/nw1	v1spia---
ἅνω	a(/nw	ἄνω2	a)/nw2	d--------
ἅπανθ’	a(/panq'	ἅπας	a(/pas	a-p---nn-
ἅπανθ’	a(/panq'	ἅπας	a(/pas	a-p---nv-
ἅπανθ’	a(/panq'	ἅπας	a(/pas	a-p---na-
ἅπανθ’	a(/panq'	ἅπας	a(/pas	a-s---ma-
ἅπανθ’	a(/panq'	ἅπας	a(/pas	a-s---md-
ἅπανθ’	a(/panq'	ἅπας	a(/pas	a-s---nd-
ἅπανθ’	a(/panq'	ἅπας	a(/pas	a-d---mn-
ἅπανθ’	a(/panq'	ἅπας	a(/pas	a-d---mv-
ἅπανθ’	a(/panq'	ἅπας	a(/pas	a-d---ma-
ἅπανθ’	a(/panq'	ἅπας	a(/pas	a-d---nn-
ἅπανθ’	a(/panq'	ἅπας	a(/pas	a-d---nv-
ἅπανθ’	a(/panq'	ἅπας	a(/pas	a-d---na-
ἅπαντας	a(/pantas	ἅπας	a(/pas	a-p---ma-
ἅπαντες	a(/pantes	ἅπας	a(/pas	a-p---mn-
ἅπαντες	a(/pantes	ἅπας	a(/pas	a-p---mv-
ἅπαντ’	a(/pant'	ἅπας	a(/pas	a-p---nn-
ἅπαντ’	a(/pant'	ἅπας	a(/pas	a-p---nv-
ἅπαντ’	a(/pant'	ἅπας	a(/pas	a-p---na-
ἅπαντ’	a(/pant'	ἅπας	a(/pas	a-s---ma-
ἅπαντ’	a(/pant'	ἅπας	a(/pas	a-s---md-
ἅπαντ’	a(/pant'	ἅπας	a(/pas	a-s---nd-
ἅπαντ’	a(/pant'	ἅπας	a(/pas	a-d---mn-
ἅπαντ’	a(/pant'	ἅπας	a(/pas	a-d---mv-
ἅπαντ’	a(/pant'	ἅπας	a(/pas	a-d---ma-
ἅπαντ’	a(/pant'	ἅπας	a(/pas	a-d---nn-
ἅπαντ’	a(/pant'	ἅπας	a(/pas	a-d---nv-
ἅπαντ’	a(/pant'	ἅπας	a(/pas	a-d---na-
ἅπαξ	a(/pac	ἅπαξ	a(/pac	d--------
ἅπασαν	a(/pasan	ἅπας	a(/pas	a-s---fa-
ἅπασι	a(/pasi	ἅπας	a(/pas	a-p---md-
ἅπασι	a(/pasi	ἅπας	a(/pas	a-p---nd-
ἅπασιν	a(/pasin	ἅπας	a(/pas	a-p---md-
ἅπασιν	a(/pasin	ἅπας	a(/pas	a-p---nd-
ἅπερ	a(/per	ὁ	o(	l-s---fn-
ἅπερ	a(/per	ὅς	o(/s	p-p---na-
ἅπερ	a(/per	ὅς	o(/s	p-p---nn-
ἅπερ	a(/per	ὅς	o(/s	p-d---fa-
ἅπερ	a(/per	ὅς	o(/s	p-d---fn-
ἅπερ	a(/per	ὅς	o(/s	p-s---fn-
ἅρματος	a(/rmatos	ἅρμα	a(/rma	n-s---ng-
ἅρχων	a(/rxwn	ἄρχω	a)/rxw	v-sppamn-
ἅρχων	a(/rxwn	ἄρχων	a)/rxwn	n-s---mn-
ἅς	a(/s	ὅς	o(/s	p-p---fa-
ἅτερος	a(/teros	ἅτερος	a(/teros	a-s---mn-
ἅτερός	a(/tero/s	ἅτερος	a(/teros	a-s---mn-
ἅττα	a(/tta	ὅστις	o(/stis	p-p---nn-
ἅττα	a(/tta	ὅστις	o(/stis	p-p---na-
ἅττε	a(/tte	ἀίσσω	a)i/ssw	v2spma---
ἅχεις	a(/xeis	ἔχις	e)/xis	n-p---mn-
ἅχεις	a(/xeis	ἔχις	e)/xis	n-p---mv-
ἅχεις	a(/xeis	ἔχις	e)/xis	n-p---mn-
ἅχεις	a(/xeis	ἔχις	e)/xis	n-p---ma-
ἅχεις	a(/xeis	ἔχω	e)/xw	v2spia---
ἅχεις	a(/xeis	ἠχέω	h)xe/w	v2siia---
ἅχεις	a(/xeis	χάω	xa/w	v2siia---
ἅχεις	a(/xeis	χέω	xe/w	v2siia---
ἆρα	a)=ra	ἆρα	a)=ra	x--------
ἆρα	a)=ra	αἴρω	ai)/rw	v1saia---
ἆρα	a)=ra	αἴρω	ai)/rw	v1saia---
ἆρά	a)=ra/	ἆρα	a)=ra	x--------
ἆρά	a)=ra/	αἴρω	ai)/rw	v1saia---
ἆρά	a)=ra/	αἴρω	ai)/rw	v1saia---
Ἀγκυλίωνος	*)agkuli/wnos	Ἀγκυλίων	*)agkuli/wn	n-s---mg-
Ἀδμήτου	*)admh/tou	Ἄδμητος	*)/admhtos	n-s---mg-
Ἀδμήτου	*)admh/tou	ἄδμητος	a)/dmhtos	a-s---mg-
Ἀδμήτου	*)admh/tou	ἄδμητος	a)/dmhtos	a-s---ng-
Ἀθηναίων	*)aqhnai/wn	Ἀθήναια	*)aqh/naia	n-p---ng-
Ἀθηναίων	*)aqhnai/wn	Ἀθήναιον	*)aqh/naion	n-p---ng-
Ἀθηναίων	*)aqhnai/wn	Ἀθήναιος	*)aqh/naios	n-p---mg-
Ἀθηναίων	*)aqhnai/wn	Ἀθηναῖος	*)aqhnai=os	a-p---fg-
Ἀθηναίων	*)aqhnai/wn	Ἀθηναῖος	*)aqhnai=os	a-p---mg-
Ἀθηναίων	*)aqhnai/wn	Ἀθηναῖος	*)aqhnai=os	a-p---ng-
Ἀθηναῖοί	*)aqhnai=oi/	Ἀθηναῖος	*)aqhnai=os	a-p---mn-
Ἀθηναῖοί	*)aqhnai=oi/	Ἀθηναῖος	*)aqhnai=os	a-p---mv-
Ἀθήναις	*)aqh/nais	Ἀθῆναι	*)aqh=nai	n-p---fd-
Ἀθήνας	*)aqh/nas	Ἀθήνευς	*)aqh/neus	n-p---ma-
Ἀθήνας	*)aqh/nas	Ἀθῆναι	*)aqh=nai	n-p---fa-
Ἀθήνας	*)aqh/nas	Ἀθῆναι	*)aqh=nai	n-s---fg-
Ἀκέστορος	*)ake/storos	Ἀκέστωρ	*)ake/stwr	n-s---mg-
Ἀκέστορος	*)ake/storos	ἀκέστωρ	a)ke/stwr	n-s---mg-
Ἀλκιβιάδης	*)alkibia/dhs	Ἀλκιβιάδης	*)alkibia/dhs	n-s---mn-
Ἀμυνίας	*)amuni/as	Ἀμυνίας	*)amuni/as	n-p---ma-
Ἀμυνίας	*)amuni/as	Ἀμυνίας	*)amuni/as	n-s---mn-
Ἀνδροκλεῖ	*)androklei=	Ἀνδροκλῆς	*)androklh=s	n-s---md-
Ἀντιφῶν	*)antifw=n	Ἀντιφῶν	*)antifw=n	n-s---mn-
Ἀποδρασιππίδου	*)apodrasippi/dou	Ἀποδρασιππίδης	*)apodrasippi/dhs	n-s---mg-
Ἀπόλλω	*)apo/llw	Ἀπόλλων	*)apo/llwn	n-s---mn-
Ἀπόλλω	*)apo/llw	ἀπολούω	a)polou/w	v3siia---
Ἀριφράδην	*)arifra/dhn	Ἀριφράδης	*)arifra/dhs	n-s---ma-
Ἀσκληπιοῦ	*)asklhpiou=	Ἀσκληπιός	*)asklhpio/s	n-s---mg-
Ἀσκώνδᾳ	*)askw/nda|	Ἀσκώνδης	*)askw/ndhs	n-s---md-
Ἀττικοί	*)attikoi/	Ἀττικός	*)attiko/s	a-p---mn-
Ἀττικοί	*)attikoi/	Ἀττικός	*)attiko/s	a-p---mv-
Ἀττικοῦ	*)attikou=	Ἀττικός	*)attiko/s	a-s---mg-
Ἀττικοῦ	*)attikou=	Ἀττικός	*)attiko/s	a-s---ng-
Ἁρμοδίου	*(armodi/ou	Ἁρμόδιος	*(armo/dios	n-s---mg-
Ἁρμοδίου	*(armodi/ou	ἁρμόδιος	a(rmo/dios	a-s---mg-
Ἁρμοδίου	*(armodi/ou	ἁρμόδιος	a(rmo/dios	a-s---ng-
Ἄπολλον	*)/apollon	Ἀπόλλων	*)apo/llwn	n-s---mv-
Ἅιδης	*(/aidhs	Ἅιδης	*(/aidhs	n-s---mn-
ἐβουλόμην	e)boulo/mhn	βούλομαι	bou/lomai	v1siie---
ἐβούλοντο	e)bou/lonto	βούλομαι	bou/lomai	v3piie---
ἐγγενεῖς	e)ggenei=s	ἐγγενής	e)ggenh/s	n-p---ma-
ἐγγενεῖς	e)ggenei=s	ἐγγενής	e)ggenh/s	n-p---fa-
ἐγγενεῖς	e)ggenei=s	ἐγγενής	e)ggenh/s	n-p---mn-
ἐγγενεῖς	e)ggenei=s	ἐγγενής	e)ggenh/s	n-p---mv-
ἐγγενεῖς	e)ggenei=s	ἐγγενής	e)ggenh/s	n-p---fn-
ἐγγενεῖς	e)ggenei=s	ἐγγενής	e)ggenh/s	n-p---fv-
ἐγγενέσθων	e)ggene/sqwn	ἐγγίγνομαι	e)ggi/gnomai	v3pamm---
ἐγγενέσθων	e)ggene/sqwn	ἐγγίγνομαι	e)ggi/gnomai	v3damm---
ἐγγύς	e)ggu/s	ἐγγύς	e)ggu/s	d--------
ἐγκαθήμενοι	e)gkaqh/menoi	ἐν-κάθημαι	e)n-ka/qhmai	v-prpmmn-
ἐγκαθήμενοι	e)gkaqh/menoi	ἐν-κάθημαι	e)n-ka/qhmai	v-prpmmv-
ἐγκεκύκλησαι	e)gkeku/klhsai	ἐγκυκλέομαι	e)gkukle/omai	v2srie---
ἐγκεκύκλωται	e)gkeku/klwtai	ἐγκυκλόω	e)gkuklo/w	v3srie---
ἐγκεντρίδας	e)gkentri/das	ἐγκεντρίς	e)gkentri/s	n-p---fa-
ἐγκεντρίδος	e)gkentri/dos	ἐγκεντρίς	e)gkentri/s	n-s---fg-
ἐγκονῶμεν	e)gkonw=men	ἐγκονέω	e)gkone/w	v1ppsa---
ἐγκονῶμεν	e)gkonw=men	ἐγκονέω	e)gkone/w	v1ppsa---
ἐγραψάμην	e)graya/mhn	γράφω	gra/fw	v1saim---
ἐγράψατο	e)gra/yato	γράφω	gra/fw	v3saim---
ἐγχανεῖταί	e)gxanei=tai/	ἐγχάσκω	e)gxa/skw	v3sfim---
ἐγχεάμενος	e)gxea/menos	ἐγχύνω	e)gxu/nw	v-sapmmn-
ἐγχυτριεῖς	e)gxutriei=s	ἐγχυτρίζω	e)gxutri/zw	v2sfia---
ἐγχυτριεῖς	e)gxutriei=s	ἐγχυτρίζω	e)gxutri/zw	v2sfia---
ἐγχάσκειν	e)gxa/skein	ἐγχάσκω	e)gxa/skw	v--pna---
ἐγχέλεσιν	e)gxe/lesin	ἔγχελυς	e)/gxelus	n-p---fd-
ἐγχέομαι	e)gxe/omai	ἐγχέω	e)gxe/w	v1spie---
ἐγχέομαι	e)gxe/omai	ἐγχύνω	e)gxu/nw	v1spie---
ἐγχέομαι	e)gxe/omai	ἐγχύνω	e)gxu/nw	v1sasm---
ἐγέλων	e)ge/lwn	γελάω	gela/w	v3piia---
ἐγέλων	e)ge/lwn	γελάω	gela/w	v1siia---
ἐγένετο	e)ge/neto	γίγνομαι	gi/gnomai	v3saim---
ἐγένετ’	e)ge/net'	γίγνομαι	gi/gnomai	v3saim---
ἐγίγνεθ’	e)gi/gneq'	γίγνομαι	gi/gnomai	v3siie---
ἐγώ	e)gw/	ἐγώ	e)gw/	p-s---mn-
ἐγώ	e)gw/	ἐγώ	e)gw/	p-s---mv-
ἐγώ	e)gw/	ἐγώ	e)gw/	p-s---fn-
ἐγώ	e)gw/	ἐγώ	e)gw/	p-s---fv-
ἐγᾦδα	e)gw)=|da	οἶδα	oi)=da	v1sria---
ἐδεόμην	e)deo/mhn	δέομαι	de/omai	v1siie---
ἐδεόμην	e)deo/mhn	δέω1	de/w1	v1siie---
ἐδεόμην	e)deo/mhn	δέω2	de/w2	v1siie---
ἐδιώκαθές	e)diw/kaqe/s	διώκω	diw/kw	v2saia---
ἐδίκαζεν	e)di/kazen	δικάζω	dika/zw	v3siia---
ἐδόκει	e)do/kei	δοκέω	doke/w	v3siia---
ἐδόκουν	e)do/koun	δοκέω	doke/w	v3piia---
ἐδόκουν	e)do/koun	δοκέω	doke/w	v1siia---
ἐδόκουν	e)do/koun	δοκόω	doko/w	v3piia---
ἐδόκουν	e)do/koun	δοκόω	doko/w	v1siia---
ἐθελήσεις	e)qelh/seis	ἐθέλω	e)qe/lw	v2sasa---
ἐθελήσεις	e)qelh/seis	ἐθέλω	e)qe/lw	v2sfia---
ἐθεώρουν	e)qew/roun	θεωρέω	qewre/w	v3piia---
ἐθεώρουν	e)qew/roun	θεωρέω	qewre/w	v1siia---
ἐθέλει	e)qe/lei	ἐθέλω	e)qe/lw	v2spie---
ἐθέλει	e)qe/lei	ἐθέλω	e)qe/lw	v3spia---
ἐθέλοι	e)qe/loi	ἐθέλω	e)qe/lw	v3spoa---
ἐθέλω	e)qe/lw	ἐθέλω	e)qe/lw	v1spsa---
ἐθέλω	e)qe/lw	ἐθέλω	e)qe/lw	v1spia---
ἐθέλων	e)qe/lwn	ἐθέλω	e)qe/lw	v-sppamn-
ἐκ	e)k	ἐκ	e)k	r--------
ἐκαθίζου	e)kaqi/zou	καθίζω	kaqi/zw	v2siie---
ἐκβαλῶ	e)kbalw=	ἐκβάλλω	e)kba/llw	v1sfia---
ἐκδραμεῖν	e)kdramei=n	ἐκτρέχω	e)ktre/xw	v--ana---
ἐκδραμόντες	e)kdramo/ntes	ἐκτρέχω	e)ktre/xw	v-papamn-
ἐκδραμόντες	e)kdramo/ntes	ἐκτρέχω	e)ktre/xw	v-papamv-
ἐκδῦναι	e)kdu=nai	ἐκδύω	e)kdu/w	v--ana---
ἐκδῦναι	e)kdu=nai	ἐκδύω	e)kdu/w	v--ana---
ἐκεινοσί	e)keinosi/	ἐκεῖνος	e)kei=nos	n-s---mn-
ἐκείνην	e)kei/nhn	ἐκεῖνος	e)kei=nos	n-s---fa-
ἐκείνης	e)kei/nhs	ἐκεῖνος	e)kei=nos	n-s---fg-
ἐκείνῳ	e)kei/nw|	ἐκεῖνος	e)kei=nos	n-s---nd-
ἐκείνῳ	e)kei/nw|	ἐκεῖνος	e)kei=nos	n-s---md-
ἐκεῖ	e)kei=	ἐκεῖ	e)kei=	d--------
ἐκεῖνα	e)kei=na	ἐκεῖνος	e)kei=nos	n-p---nn-
ἐκεῖνα	e)kei=na	ἐκεῖνος	e)kei=nos	n-p---nv-
ἐκεῖνα	e)kei=na	ἐκεῖνος	e)kei=nos	n-p---na-
ἐκεῖνο	e)kei=no	ἐκεῖνος	e)kei=nos	n-s---nn-
ἐκεῖνο	e)kei=no	ἐκεῖνος	e)kei=nos	n-s---nv-
ἐκεῖνο	e)kei=no	ἐκεῖνος	e)kei=nos	n-s---na-
ἐκεῖνον	e)kei=non	ἐκεῖνος	e)kei=nos	n-s---ma-
ἐκεῖνος	e)kei=nos	ἐκεῖνος	e)kei=nos	n-s---mn-
ἐκεῖνό	e)kei=no/	ἐκεῖνος	e)kei=nos	n-s---nn-
ἐκεῖνό	e)kei=no/	ἐκεῖνος	e)kei=nos	n-s---nv-
ἐκεῖνό	e)kei=no/	ἐκεῖνος	e)kei=nos	n-s---na-
ἐκεῖν’	e)kei=n'	ἐκεῖνος	e)kei=nos	n-p---nn-
ἐκεῖν’	e)kei=n'	ἐκεῖνος	e)kei=nos	n-p---nv-
ἐκεῖν’	e)kei=n'	ἐκεῖνος	e)kei=nos	n-p---na-
ἐκεῖν’	e)kei=n'	ἐκεῖνος	e)kei=nos	n-s---nn-
ἐκεῖν’	e)kei=n'	ἐκεῖνος	e)kei=nos	n-s---nv-
ἐκεῖν’	e)kei=n'	ἐκεῖνος	e)kei=nos	n-s---na-
ἐκεῖν’	e)kei=n'	ἐκεῖνος	e)kei=nos	n-s---mv-
ἐκεῖν’	e)kei=n'	ἐκεῖνος	e)kei=nos	n-p---fn-
ἐκεῖν’	e)kei=n'	ἐκεῖνος	e)kei=nos	n-p---fv-
ἐκεῖσε	e)kei=se	ἐκεῖσε	e)kei=se	d--------
ἐκεῖσ’	e)kei=s'	ἐκεῖσε	e)kei=se	d--------
ἐκκαλαμᾶται	e)kkalama=tai	ἐκκαλαμάομαι	e)kkalama/omai	v3spse---
ἐκκαλαμᾶται	e)kkalama=tai	ἐκκαλαμάομαι	e)kkalama/omai	v3spie---
ἐκκαλαμᾶται	e)kkalama=tai	ἐκκαλαμάομαι	e)kkalama/omai	v3spse---
ἐκκαλαμᾶται	e)kkalama=tai	ἐκκαλαμάομαι	e)kkalama/omai	v3spie---
ἐκκαλεῖν	e)kkalei=n	ἐκκαλέω	e)kkale/w	v--pna---
ἐκκαλεῖν	e)kkalei=n	ἐκκαλέω	e)kkale/w	v--fna---
ἐκκαλεῖν	e)kkalei=n	ἐκκαλέω	e)kkale/w	v--pna---
ἐκκλησιάζειν	e)kklhsia/zein	ἐκκλησιάζω	e)kklhsia/zw	v--pna---
ἐκκομίσαις	e)kkomi/sais	ἐκκομίζω	e)kkomi/zw	v-sapamn-
ἐκκομίσαις	e)kkomi/sais	ἐκκομίζω	e)kkomi/zw	v-sapamv-
ἐκκομίσαις	e)kkomi/sais	ἐκκομίζω	e)kkomi/zw	v2saoa---
ἐκκομίσαις	e)kkomi/sais	ἐκκομίζω	e)kkomi/zw	v-sapamn-
ἐκκομίσαις	e)kkomi/sais	ἐκκομίζω	e)kkomi/zw	v-sapamv-
ἐκκομίσαις	e)kkomi/sais	ἐκκομίζω	e)kkomi/zw	v2saoa---
ἐκλακτισάτω	e)klaktisa/tw	ἐκλακτίζω	e)klakti/zw	v3sama---
ἐκλακτισάτω	e)klaktisa/tw	ἐκλακτίζω	e)klakti/zw	v3sama---
ἐκλακτίζων	e)klakti/zwn	ἐκλακτίζω	e)klakti/zw	v-sppamn-
ἐκλακτίζων	e)klakti/zwn	ἐκλακτίζω	e)klakti/zw	v-sppamn-
ἐκλέψαμεν	e)kle/yamen	ἐκλέπω	e)kle/pw	v1paia---
ἐκλέψαμεν	e)kle/yamen	κλέπτω	kle/ptw	v1paia---
ἐκμαθεῖν	e)kmaqei=n	ἐκμανθάνω	e)kmanqa/nw	v--ana---
ἐκορυβάντιζ’	e)koruba/ntiz'	Κορυβαντίζω	*korubanti/zw	v3siia---
ἐκποδών	e)kpodw/n	ἐκποδών	e)kpodw/n	d--------
ἐκπορίζεις	e)kpori/zeis	ἐκπορίζω	e)kpori/zw	v2spia---
ἐκπορίζεις	e)kpori/zeis	ἐκπορίζω	e)kpori/zw	v2spia---
ἐκπτήσεται	e)kpth/setai	ἐκπέτομαι	e)kpe/tomai	v3sfim---
ἐκπέφευγας	e)kpe/feugas	ἐκφεύγω	e)kfeu/gw	v2sria---
ἐκπόριζε	e)kpo/rize	ἐκπορίζω	e)kpori/zw	v2spma---
ἐκπόριζε	e)kpo/rize	ἐκπορίζω	e)kpori/zw	v2spma---
ἐκπόριζε	e)kpo/rize	ἐκπορίζω	e)kpori/zw	v3siia---
ἐκπόριζε	e)kpo/rize	ἐκπορίζω	e)kpori/zw	v3siia---
ἐκπώματα	e)kpw/mata	ἔκπωμα	e)/kpwma	n-p---nn-
ἐκπώματα	e)kpw/mata	ἔκπωμα	e)/kpwma	n-p---nv-
ἐκπώματα	e)kpw/mata	ἔκπωμα	e)/kpwma	n-p---na-
ἐκροφῇ	e)krofh=|	ἐκροφέω	e)krofe/w	v2spse---
ἐκροφῇ	e)krofh=|	ἐκροφέω	e)krofe/w	v2spie---
ἐκροφῇ	e)krofh=|	ἐκροφέω	e)krofe/w	v3spsa---
ἐκροφῇ	e)krofh=|	ἐκροφέω	e)krofe/w	v2spse---
ἐκροφῇ	e)krofh=|	ἐκροφέω	e)krofe/w	v2spie---
ἐκροφῇ	e)krofh=|	ἐκροφέω	e)krofe/w	v3spsa---
ἐκστῆναι	e)ksth=nai	ἐξίστημι	e)ci/sthmi	v--ana---
ἐκτελέσαι	e)ktele/sai	ἐκτελέω	e)ktele/w	v--ana---
ἐκτελέσαι	e)ktele/sai	ἐκτελέω	e)ktele/w	v3saoa---
ἐκτρώξεται	e)ktrw/cetai	ἐκτρώγω	e)ktrw/gw	v3sasm---
ἐκτρώξεται	e)ktrw/cetai	ἐκτρώγω	e)ktrw/gw	v3sfim---
ἐκτήσω	e)kth/sw	κτάομαι	kta/omai	v2saim---
ἐκτήσω	e)kth/sw	κτέομαι	kte/omai	v2saie---
ἐκφεύξεται	e)kfeu/cetai	ἐκφεύγω	e)kfeu/gw	v3sfim---
ἐκφρήσετ’	e)kfrh/set'	ἐκφρέω	e)kfre/w	v2pasa---
ἐκφρήσετ’	e)kfrh/set'	ἐκφρέω	e)kfre/w	v2pfia---
ἐκφρήσετ’	e)kfrh/set'	ἐκφρέω	e)kfre/w	v2pasa---
ἐκφρήσετ’	e)kfrh/set'	ἐκφρέω	e)kfre/w	v2pfia---
ἐκφρήσετ’	e)kfrh/set'	ἐκφρέω	e)kfre/w	v3sasm---
ἐκφρήσετ’	e)kfrh/set'	ἐκφρέω	e)kfre/w	v3sfim---
ἐκφρήσετ’	e)kfrh/set'	ἐκφρέω	e)kfre/w	v3sasm---
ἐκφρήσετ’	e)kfrh/set'	ἐκφρέω	e)kfre/w	v3sfim---
ἐκφέρειν	e)kfe/rein	ἐκφέρω	e)kfe/rw	v--pna---
ἐκφύγῃ	e)kfu/gh|	ἐκφεύγω	e)kfeu/gw	v2sase---
ἐκφύγῃ	e)kfu/gh|	ἐκφεύγω	e)kfeu/gw	v3sasa---
ἐλαολόγοι	e)laolo/goi	ἐλαιολόγος	e)laiolo/gos	n-p---mn-
ἐλαολόγοι	e)laolo/goi	ἐλαιολόγος	e)laiolo/gos	n-p---mv-
ἐλαύνων	e)lau/nwn	ἐλαύνω	e)lau/nw	v-sppamn-
ἐλεεῖν	e)leei=n	ἐλεάω	e)lea/w	v--pna---
ἐλεεῖν	e)leei=n	ἐλεέω	e)lee/w	v--pna---
ἐλεήσαις	e)leh/sais	ἐλεάω	e)lea/w	v-sapamn-
ἐλεήσαις	e)leh/sais	ἐλεάω	e)lea/w	v-sapamv-
ἐλεήσαις	e)leh/sais	ἐλεάω	e)lea/w	v2saoa---
ἐλεήσαις	e)leh/sais	ἐλεέω	e)lee/w	v-sapamn-
ἐλεήσαις	e)leh/sais	ἐλεέω	e)lee/w	v-sapamv-
ἐλεήσαις	e)leh/sais	ἐλεέω	e)lee/w	v2saoa---
ἐλθέ	e)lqe/	ἔρχομαι	e)/rxomai	v2sama---
ἐλθών	e)lqw/n	ἔρχομαι	e)/rxomai	v-sapamn-
ἐλιχμῶντο	e)lixmw=nto	λιχμάω	lixma/w	v3piie---
ἐλπίδα	e)lpi/da	ἐλπίς	e)lpi/s	n-s---fa-
ἐλάαν	e)la/an	ἐλαία	e)lai/a	n-s---fa-
ἐλάαν	e)la/an	ἐλαύνω	e)lau/nw	v--pna---
ἐλάαν	e)la/an	ἐλαύνω	e)lau/nw	v--pna---
ἐλάνθαν’	e)la/nqan'	λανθάνω	lanqa/nw	v3siia---
ἐλάττω	e)la/ttw	ἐλάσσων	e)la/sswn	a-p---na-
ἐλάττω	e)la/ttw	ἐλάσσων	e)la/sswn	a-p---nn-
ἐλάττω	e)la/ttw	ἐλάσσων	e)la/sswn	a-s---ma-
ἐλάττω	e)la/ttw	ἐλάσσων	e)la/sswn	a-s---fa-
ἐλάττω	e)la/ttw	ἐλασσόω	e)lasso/w	v2spma---
ἐλάττω	e)la/ttw	ἐλαύνω	e)lau/nw	v2saim---
ἐλάττων	e)la/ttwn	ἐλάσσων	e)la/sswn	a-s---mn-
ἐλάττων	e)la/ttwn	ἐλάσσων	e)la/sswn	a-s---fn-
ἐλάττων	e)la/ttwn	ἐλασσόω	e)lasso/w	v3piia---
ἐλάττων	e)la/ttwn	ἐλασσόω	e)lasso/w	v1siia---
ἐλέει	e)le/ei	ἔλεος	e)/leos	n-d---nn-
ἐλέει	e)le/ei	ἔλεος	e)/leos	n-d---nv-
ἐλέει	e)le/ei	ἔλεος	e)/leos	n-d---na-
ἐλέει	e)le/ei	ἔλεος	e)/leos	n-s---nd-
ἐλέει	e)le/ei	ἔλεος	e)/leos	n-s---nd-
ἐλέει	e)le/ei	ἐλεάω	e)lea/w	v2spma---
ἐλέει	e)le/ei	ἐλεάω	e)lea/w	v3siia---
ἐλέει	e)le/ei	ἐλεέω	e)lee/w	v2spma---
ἐλέει	e)le/ei	ἐλεέω	e)lee/w	v3siia---
ἐλέησον	e)le/hson	ἐλεάω	e)lea/w	v2sama---
ἐλέησον	e)le/hson	ἐλεέω	e)lee/w	v2sama---
ἐλήλυθας	e)lh/luqas	ἔρχομαι	e)/rxomai	v2sria---
ἐλήλυθεν	e)lh/luqen	ἔρχομαι	e)/rxomai	v3sria---
ἐλήλυθεν	e)lh/luqen	ἔρχομαι	e)/rxomai	v3plia---
ἐμαυτοῦ	e)mautou=	ἐμαυτοῦ	e)mautou=	p-s---mg-
ἐμαυτοῦ	e)mautou=	ἐμαυτοῦ	e)mautou=	p-s---ng-
ἐμαυτόν	e)mauto/n	ἐμαυτοῦ	e)mautou=	p-s---ma-
ἐμαυτόν	e)mauto/n	ἐμαυτοῦ	e)mautou=	p-s---na-
ἐμαυτῷ	e)mautw=|	ἐμαυτοῦ	e)mautou=	p-s---md-
ἐμαυτῷ	e)mautw=|	ἐμαυτοῦ	e)mautou=	p-s---nd-
ἐμαχέσατ’	e)maxe/sat'	μάχομαι	ma/xomai	v3saim---
ἐμαχόμεσθ’	e)maxo/mesq'	μάχομαι	ma/xomai	v1piie---
ἐμβάδας	e)mba/das	ἐμβάς	e)mba/s	n-p---fa-
ἐμβάδων	e)mba/dwn	ἐμβάς	e)mba/s	n-p---fg-
ἐμβάδων	e)mba/dwn	ἐμβαδόν2	e)mbado/n2	n-p---mg-
ἐμβάδων	e)mba/dwn	ἐμβαδόν2	e)mbado/n2	n-p---fg-
ἐμβάδων	e)mba/dwn	ἐμβαδόν2	e)mbado/n2	n-p---ng-
ἐμβάδων	e)mba/dwn	ἐμβαδόν2	e)mbado/n2	n-p---ng-
ἐμβάλλει	e)mba/llei	ἐμβάλλω	e)mba/llw	v2spie---
ἐμβάλλει	e)mba/llei	ἐμβάλλω	e)mba/llw	v3spia---
ἐμμελείᾳ	e)mmelei/a|	ἐμμέλεια	e)mme/leia	n-s---fd-
ἐμμελείᾳ	e)mmelei/a|	ἐμμέλεια	e)mme/leia	n-s---fd-
ἐμοί	e)moi/	ἐγώ	e)gw/	p-s---md-
ἐμοί	e)moi/	ἐγώ	e)gw/	p-s---fd-
ἐμοί	e)moi/	ἐμός	e)mo/s	a-p---mn-
ἐμοί	e)moi/	ἐμός	e)mo/s	a-p---mv-
ἐμοῖσιν	e)moi=sin	ἐμέω	e)me/w	v-pfpamd-
ἐμοῖσιν	e)moi=sin	ἐμέω	e)me/w	v-pfpand-
ἐμοῖσιν	e)moi=sin	ἐμέω	e)me/w	v-pppamd-
ἐμοῖσιν	e)moi=sin	ἐμέω	e)me/w	v-pppand-
ἐμοῖσιν	e)moi=sin	ἐμός	e)mo/s	a-p---md-
ἐμοῖσιν	e)moi=sin	ἐμός	e)mo/s	a-p---nd-
ἐμοῦ	e)mou=	ἐγώ	e)gw/	p-s---mg-
ἐμοῦ	e)mou=	ἐγώ	e)gw/	p-s---fg-
ἐμοῦ	e)mou=	ἐμέω	e)me/w	v2spme---
ἐμοῦ	e)mou=	ἐμέω	e)me/w	v2siie---
ἐμοῦ	e)mou=	ἐμός	e)mo/s	a-s---mg-
ἐμοῦ	e)mou=	ἐμός	e)mo/s	a-s---ng-
ἐμπεπρησμένης	e)mpeprhsme/nhs	ἐμπίμπρημι	e)mpi/mprhmi	v-srpefg-
ἐμπεσών	e)mpesw/n	ἐμπίτνω	e)mpi/tnw	v-sapamn-
ἐμπλησάμενος	e)mplhsa/menos	ἐμπίπλημι	e)mpi/plhmi	v-sapmmn-
ἐμπλησάμενος	e)mplhsa/menos	ἐμπλέω	e)mple/w	v-sapmmn-
ἐμπλήμενος	e)mplh/menos	ἐμπίπλημι	e)mpi/plhmi	v-sapmmn-
ἐμποδών	e)mpodw/n	ἐμποδών	e)mpodw/n	d--------
ἐμπέπτωκέ	e)mpe/ptwke/	ἐμπίτνω	e)mpi/tnw	v2srma---
ἐμπέπτωκέ	e)mpe/ptwke/	ἐμπίτνω	e)mpi/tnw	v3sria---
ἐμφανής	e)mfanh/s	ἐμφανής	e)mfanh/s	n-s---mn-
ἐμφανής	e)mfanh/s	ἐμφανής	e)mfanh/s	n-s---fn-
ἐμφερεστάτους	e)mferesta/tous	ἐμφερής	e)mferh/s	a-p---mas
ἐμάχετό	e)ma/xeto/	μάχομαι	ma/xomai	v3siie---
ἐμέ	e)me/	ἐγώ	e)gw/	p-s---ma-
ἐμέ	e)me/	ἐγώ	e)gw/	p-s---fa-
ἐμέ	e)me/	ἐμός	e)mo/s	a-s---mv-
ἐμέλλομεν	e)me/llomen	μέλλω	me/llw	v1piia---
ἐμέλλομέν	e)me/llome/n	μέλλω	me/llw	v1piia---
ἐμήν	e)mh/n	ἐμός	e)mo/s	a-s---fa-
ἐμόν	e)mo/n	ἐμός	e)mo/s	a-s---ma-
ἐμόν	e)mo/n	ἐμός	e)mo/s	a-s---nn-
ἐμόν	e)mo/n	ἐμός	e)mo/s	a-s---nv-
ἐμόν	e)mo/n	ἐμός	e)mo/s	a-s---na-
ἐμῶν	e)mw=n	ἐμέω	e)me/w	v-sfpamn-
ἐμῶν	e)mw=n	ἐμέω	e)me/w	v-sppamn-
ἐμῶν	e)mw=n	ἐμός	e)mo/s	a-p---fg-
ἐμῶν	e)mw=n	ἐμός	e)mo/s	a-p---mg-
ἐμῶν	e)mw=n	ἐμός	e)mo/s	a-p---ng-
ἐν	e)n	ἐν	e)n	r--------
ἐν	e)n	εἰς	ei)s	r--------
ἐναντίους	e)nanti/ous	ἐναντίος	e)nanti/os	a-p---ma-
ἐναργές	e)narge/s	ἐναργής	e)nargh/s	n-s---mv-
ἐναργές	e)narge/s	ἐναργής	e)nargh/s	n-s---fv-
ἐναργές	e)narge/s	ἐναργής	e)nargh/s	n-s---nn-
ἐναργές	e)narge/s	ἐναργής	e)nargh/s	n-s---nv-
ἐναργές	e)narge/s	ἐναργής	e)nargh/s	n-s---na-
ἐνδήσαντες	e)ndh/santes	ἐνδέω	e)nde/w	v-papamn-
ἐνδήσαντες	e)ndh/santes	ἐνδέω	e)nde/w	v-papamv-
ἐνδήσαντες	e)ndh/santes	ἐνδέω1	e)nde/w1	v-papamn-
ἐνδήσαντες	e)ndh/santes	ἐνδέω1	e)nde/w1	v-papamv-
ἐνδήσαντες	e)ndh/santes	ἐνδέω2	e)nde/w2	v-papamn-
ἐνδήσαντες	e)ndh/santes	ἐνδέω2	e)nde/w2	v-papamv-
ἐνδύς	e)ndu/s	ἐνδύω	e)ndu/w	v-sapamn-
ἐνδύς	e)ndu/s	ἐνδύω	e)ndu/w	v-sapamv-
ἐνεβύσαμεν	e)nebu/samen	ἐμβύω	e)mbu/w	v1paia---
ἐνεγκάτω	e)negka/tw	φέρω	fe/rw	v3sama---
ἐνεφύσησεν	e)nefu/shsen	ἐμφυσάω	e)mfusa/w	v3saia---
ἐνθάδε	e)nqa/de	ἐνθάδε	e)nqa/de	d--------
ἐνιαυτοῦ	e)niautou=	ἐνιαυτός	e)niauto/s	n-s---mg-
ἐνοικοδομήσοι	e)noikodomh/soi	ἐνοικο͂δομέω	e)noiko=dome/w	v3sfoa---
ἐνοικοδομήσοι	e)noikodomh/soi	ἐνοικοδομέω	e)noikodome/w	v3sfoa---
ἐνουθέτει	e)nouqe/tei	νουθετέω	nouqete/w	v3siia---
ἐνστάζουσιν	e)nsta/zousin	ἐνστάζω	e)nsta/zw	v-pppamd-
ἐνστάζουσιν	e)nsta/zousin	ἐνστάζω	e)nsta/zw	v-pppand-
ἐνστάζουσιν	e)nsta/zousin	ἐνστάζω	e)nsta/zw	v3ppia---
ἐνστάζουσιν	e)nsta/zousin	ἐνστάζω	e)nsta/zw	v-pppamd-
ἐνστάζουσιν	e)nsta/zousin	ἐνστάζω	e)nsta/zw	v-pppand-
ἐνστάζουσιν	e)nsta/zousin	ἐνστάζω	e)nsta/zw	v3ppia---
ἐνταυθοῖ	e)ntauqoi=	ἐνταυθοῖ	e)ntauqoi=	d--------
ἐνταῦθα	e)ntau=qa	ἐνταῦθα	e)ntau=qa	d--------
ἐνταῦθά	e)ntau=qa/	ἐνταῦθα	e)ntau=qa	d--------
ἐνταῦθ’	e)ntau=q'	ἐνταῦθα	e)ntau=qa	d--------
ἐντετοκυῖαν	e)ntetokui=an	ἐντίκτω	e)nti/ktw	v-srpafa-
ἐντευθενί	e)nteuqeni/	ἐντευθενί	e)nteuqeni/	d--------
ἐντεῦθεν	e)nteu=qen	ἐντεῦθεν	e)nteu=qen	d--------
ἐντέτατ’	e)nte/tat'	ἐντείνω	e)ntei/nw	v3srie---
ἐντέτατ’	e)nte/tat'	ἐντείνω	e)ntei/nw	v3slie---
ἐνέβαλέ	e)ne/bale/	ἐμβάλλω	e)mba/llw	v3saia---
ἐνέβαλέ	e)ne/bale/	ἐμβάλλω	e)mba/llw	v3saia---
ἐνέγκω	e)ne/gkw	φέρω	fe/rw	v1sasa---
ἐνέγκω	e)ne/gkw	φέρω	fe/rw	v2saim---
ἐνέγραφ’	e)ne/graf'	ἐγγράφω	e)ggra/fw	v3siia---
ἐνέθηκε	e)ne/qhke	ἐντίθημι	e)nti/qhmi	v3saia---
ἐνέκρουεν	e)ne/krouen	ἐγκρούω	e)gkrou/w	v3siia---
ἐνέπλητο	e)ne/plhto	ἐμπελάζω	e)mpela/zw	v3saim---
ἐνέπλητο	e)ne/plhto	ἐμπίπλημι	e)mpi/plhmi	v3saim---
ἐνήλατ’	e)nh/lat'	ἐνάλλομαι	e)na/llomai	v3saim---
ἐνήλατ’	e)nh/lat'	ἐνάλλομαι	e)na/llomai	v3saim---
ἐνήλατ’	e)nh/lat'	ἐνήλατον	e)nh/laton	n-p---nn-
ἐνήλατ’	e)nh/lat'	ἐνήλατον	e)nh/laton	n-p---nv-
ἐνήλατ’	e)nh/lat'	ἐνήλατον	e)nh/laton	n-p---na-
ἐνήρυγεν	e)nh/rugen	ἐνερεύγομαι	e)nereu/gomai	v3saia---
ἐνί	e)ni/	ἐν	e)n	r--------
ἐνίκησεν	e)ni/khsen	νικάω	nika/w	v3saia---
ἐνύπνιον	e)nu/pnion	ἐνύπνιον	e)nu/pnion	n-s---nn-
ἐνύπνιον	e)nu/pnion	ἐνύπνιον	e)nu/pnion	n-s---nv-
ἐνύπνιον	e)nu/pnion	ἐνύπνιον	e)nu/pnion	n-s---na-
ἐνύπνιον	e)nu/pnion	ἐνύπνιος	e)nu/pnios	n-s---ma-
ἐνύπνιον	e)nu/pnion	ἐνύπνιος	e)nu/pnios	n-s---fa-
ἐνύπνιον	e)nu/pnion	ἐνύπνιος	e)nu/pnios	n-s---nn-
ἐνύπνιον	e)nu/pnion	ἐνύπνιος	e)nu/pnios	n-s---nv-
ἐνύπνιον	e)nu/pnion	ἐνύπνιος	e)nu/pnios	n-s---na-
ἐξ	e)c	ἐκ	e)k	r--------
ἐξαπατήσειν	e)capath/sein	ἐξαπατάω	e)capata/w	v--fna---
ἐξαπατήσειν	e)capath/sein	ἐξαπατάω	e)capata/w	v--fna---
ἐξαπατήσειν	e)capath/sein	ἐξαπατάω	e)capata/w	v--tna---
ἐξαπατήσεις	e)capath/seis	ἐξαπάτησις	e)capa/thsis	n-p---fn-
ἐξαπατήσεις	e)capath/seis	ἐξαπάτησις	e)capa/thsis	n-p---fv-
ἐξαπατήσεις	e)capath/seis	ἐξαπάτησις	e)capa/thsis	n-p---fn-
ἐξαπατήσεις	e)capath/seis	ἐξαπάτησις	e)capa/thsis	n-p---fa-
ἐξαπατήσεις	e)capath/seis	ἐξαπατάω	e)capata/w	v2sasa---
ἐξαπατήσεις	e)capath/seis	ἐξαπατάω	e)capata/w	v2sfia---
ἐξαπατήσεις	e)capath/seis	ἐξαπατάω	e)capata/w	v2sasa---
ἐξαπατήσεις	e)capath/seis	ἐξαπατάω	e)capata/w	v2sfia---
ἐξαπατήσεις	e)capath/seis	ἐξαπατάω	e)capata/w	v2stia---
ἐξαπατώμενος	e)capatw/menos	ἐξαπατάω	e)capata/w	v-sppemn-
ἐξαπατώμενος	e)capatw/menos	ἐξαπατάω	e)capata/w	v-sppemn-
ἐξαπατῶν	e)capatw=n	ἐξαπάτη	e)capa/th	n-p---fg-
ἐξαπατῶν	e)capatw=n	ἐξαπατάω	e)capata/w	v-sppamv-
ἐξαπατῶν	e)capatw=n	ἐξαπατάω	e)capata/w	v-sppann-
ἐξαπατῶν	e)capatw=n	ἐξαπατάω	e)capata/w	v-sppanv-
ἐξαπατῶν	e)capatw=n	ἐξαπατάω	e)capata/w	v-sppana-
ἐξαπατῶν	e)capatw=n	ἐξαπατάω	e)capata/w	v-sppamn-
ἐξαπατῶν	e)capatw=n	ἐξαπατάω	e)capata/w	v-sppamn-
ἐξαπατῶν	e)capatw=n	ἐξαπατάω	e)capata/w	v-sppamn-
ἐξαπατῶν	e)capatw=n	ἐξαπατάω	e)capata/w	v-sppamv-
ἐξαπατῶν	e)capatw=n	ἐξαπατάω	e)capata/w	v-sppann-
ἐξαπατῶν	e)capatw=n	ἐξαπατάω	e)capata/w	v-sppanv-
ἐξαπατῶν	e)capatw=n	ἐξαπατάω	e)capata/w	v-sppana-
ἐξαπατῶν	e)capatw=n	ἐξαπατάω	e)capata/w	v-sppamn-
ἐξαίφνης	e)cai/fnhs	ἐξαίφνης	e)cai/fnhs	d--------
ἐξεγείρειν	e)cegei/rein	ἐξεγείρω	e)cegei/rw	v--pna---
ἐξεγείρῃ	e)cegei/rh|	ἐξεγείρω	e)cegei/rw	v2sasm---
ἐξεγείρῃ	e)cegei/rh|	ἐξεγείρω	e)cegei/rw	v3sasa---
ἐξεγείρῃ	e)cegei/rh|	ἐξεγείρω	e)cegei/rw	v2spse---
ἐξεγείρῃ	e)cegei/rh|	ἐξεγείρω	e)cegei/rw	v2spie---
ἐξεγείρῃ	e)cegei/rh|	ἐξεγείρω	e)cegei/rw	v3spsa---
ἐξεδήδοκεν	e)cedh/doken	ἐξεσθίω	e)cesqi/w	v3sria---
ἐξεδήδοκεν	e)cedh/doken	ἐξεσθίω	e)cesqi/w	v3plia---
ἐξεδίδρασκε	e)cedi/draske	ἐκδιδράσκω	e)kdidra/skw	v3siia---
ἐξελεῖν	e)celei=n	ἐξαιρέω	e)caire/w	v--ana---
ἐξελεῖν	e)celei=n	ἐξαιρέω	e)caire/w	v--fna---
ἐξενεγκάτω	e)cenegka/tw	ἐκφέρω	e)kfe/rw	v3sama---
ἐξεπίστασαι	e)cepi/stasai	ἐξεπίσταμαι	e)cepi/stamai	v2spie---
ἐξευρήσετε	e)ceurh/sete	ἐξευρίσκω	e)ceuri/skw	v2pfia---
ἐξεχύθην	e)cexu/qhn	ἐκχέω	e)kxe/w	v3paip---
ἐξεχύθην	e)cexu/qhn	ἐκχέω	e)kxe/w	v1saip---
ἐξηνέγκατε	e)chne/gkate	ἐκφέρω	e)kfe/rw	v2paia---
ἐξηπάτηκεν	e)chpa/thken	ἐξαπατάω	e)capata/w	v3plia---
ἐξηπάτηκεν	e)chpa/thken	ἐξαπατάω	e)capata/w	v3sria---
ἐξηπάτησεν	e)chpa/thsen	ἐξαπατάω	e)capata/w	v3saia---
ἐξηπάτηται	e)chpa/thtai	ἐξαπατάω	e)capata/w	v3srie---
ἐξηῦρες	e)chu=res	ἐξευρίσκω	e)ceuri/skw	v2saia---
ἐξιέναι	e)cie/nai	ἔξειμι2	e)/ceimi2	v--pna---
ἐξιέναι	e)cie/nai	ἐξίημι	e)ci/hmi	v--pna---
ἐξολεῖν	e)colei=n	ἐξόλλυμι	e)co/llumi	v--fna---
ἐξολοῦμεν	e)colou=men	ἐξόλλυμι	e)co/llumi	v1pfia---
ἐξάγειν	e)ca/gein	ἐξάγω	e)ca/gw	v--pna---
ἐξάγετ’	e)ca/get'	ἐξάγω	e)ca/gw	v3siie---
ἐξάγετ’	e)ca/get'	ἐξάγω	e)ca/gw	v2piia---
ἐξάγετ’	e)ca/get'	ἐξάγω	e)ca/gw	v2ppma---
ἐξάγετ’	e)ca/get'	ἐξάγω	e)ca/gw	v2ppia---
ἐξάγετ’	e)ca/get'	ἐξάγω	e)ca/gw	v3spie---
ἐξάγετ’	e)ca/get'	ἐξάγω	e)ca/gw	v3siie---
ἐξάγετ’	e)ca/get'	ἐξάγω	e)ca/gw	v2piia---
ἐξάψας	e)ca/yas	ἐξάπτω	e)ca/ptw	v-sapamn-
ἐξάψας	e)ca/yas	ἐξάπτω	e)ca/ptw	v-sapamv-
ἐξέδειρ’	e)ce/deir'	ἐκδέρω	e)kde/rw	v1saia---
ἐξέδειρ’	e)ce/deir'	ἐκδέρω	e)kde/rw	v3saia---
ἐξέδειρ’	e)ce/deir'	ἐκδέρω	e)kde/rw	v3siia---
ἐξέλῃς	e)ce/lh|s	ἐξαιρέω	e)caire/w	v2sasa---
ἐξέλῃς	e)ce/lh|s	ἐξαιρέω	e)caire/w	v2sasa---
ἐξέμαθές	e)ce/maqe/s	ἐκμανθάνω	e)kmanqa/nw	v2saia---
ἐξέπεσεν	e)ce/pesen	ἐκπίτνω	e)kpi/tnw	v3saia---
ἐξέπτυσα	e)ce/ptusa	ἐκπτύω	e)kptu/w	v1saia---
ἐξέρχεται	e)ce/rxetai	ἐξέρχομαι	e)ce/rxomai	v3spie---
ἐξέρχομαι	e)ce/rxomai	ἐξέρχομαι	e)ce/rxomai	v1spie---
ἐξέχει	e)ce/xei	ἐξέχω	e)ce/xw	v2spie---
ἐξέχει	e)ce/xei	ἐξέχω	e)ce/xw	v3spia---
ἐξέχει	e)ce/xei	ἐκχέω	e)kxe/w	v3siia---
ἐξέχῃ	e)ce/xh|	ἐξέχω	e)ce/xw	v2spse---
ἐξέχῃ	e)ce/xh|	ἐξέχω	e)ce/xw	v2spie---
ἐξέχῃ	e)ce/xh|	ἐξέχω	e)ce/xw	v3spsa---
ἐξήλλετο	e)ch/lleto	ἐξάλλομαι	e)ca/llomai	v3siim---
ἐξόν	e)co/n	ἔξεστι	e)/cesti	v-sppamv-
ἐξόν	e)co/n	ἔξεστι	e)/cesti	v-sppann-
ἐξόν	e)co/n	ἔξεστι	e)/cesti	v-sppanv-
ἐξόν	e)co/n	ἔξεστι	e)/cesti	v-sppana-
ἐξῆν	e)ch=n	ἔξεστι	e)/cesti	v1siia---
ἐξῆν	e)ch=n	ἔξεστι	e)/cesti	v3piia---
ἐξῆν	e)ch=n	ἔξεστι	e)/cesti	v3siia---
ἐοικέναι	e)oike/nai	ἔοικα	e)/oika	v--rna---
ἐοικώς	e)oikw/s	ἔοικα	e)/oika	v-srpamn-
ἐοικώς	e)oikw/s	ἔοικα	e)/oika	v-srpamv-
ἐπακολουθούντων	e)pakolouqou/ntwn	ἐπακολουθέω	e)pakolouqe/w	v-pppamg-
ἐπακολουθούντων	e)pakolouqou/ntwn	ἐπακολουθέω	e)pakolouqe/w	v-pppang-
ἐπακολουθούντων	e)pakolouqou/ntwn	ἐπακολουθέω	e)pakolouqe/w	v3ppma---
ἐπακολουθούντων	e)pakolouqou/ntwn	ἐπακολουθέω	e)pakolouqe/w	v-pppamg-
ἐπακολουθούντων	e)pakolouqou/ntwn	ἐπακολουθέω	e)pakolouqe/w	v-pppang-
ἐπακολουθούντων	e)pakolouqou/ntwn	ἐπακολουθέω	e)pakolouqe/w	v3ppma---
ἐπαναθῶ	e)panaqw=	ἐπαναθέω	e)panaqe/w	v1spsa---
ἐπαναθῶ	e)panaqw=	ἐπαναθέω	e)panaqe/w	v1spia---
ἐπαναθῶ	e)panaqw=	ἐπανατίθημι	e)panati/qhmi	v1sasa---
ἐπανθοῦσιν	e)panqou=sin	ἐπανθέω	e)panqe/w	v-pppamd-
ἐπανθοῦσιν	e)panqou=sin	ἐπανθέω	e)panqe/w	v-pppand-
ἐπανθοῦσιν	e)panqou=sin	ἐπανθέω	e)panqe/w	v3ppia---
ἐπανθοῦσιν	e)panqou=sin	ἐπανθέω	e)panqe/w	v-pppamd-
ἐπανθοῦσιν	e)panqou=sin	ἐπανθέω	e)panqe/w	v-pppand-
ἐπανθοῦσιν	e)panqou=sin	ἐπανθέω	e)panqe/w	v3ppia---
ἐπανθρακίδων	e)panqraki/dwn	ἐπανθρακίδες	e)panqraki/des	n-p---fg-
ἐπαπειλοῦντες	e)papeilou=ntes	ἐπαπειλέω	e)papeile/w	v-pppamn-
ἐπαπειλοῦντες	e)papeilou=ntes	ἐπαπειλέω	e)papeile/w	v-pppamv-
ἐπαπειλοῦντες	e)papeilou=ntes	ἐπαπειλέω	e)papeile/w	v-pppamn-
ἐπαπειλοῦντες	e)papeilou=ntes	ἐπαπειλέω	e)papeile/w	v-pppamv-
ἐπαρθείς	e)parqei/s	ἐπαίρω	e)pai/rw	v-sappmn-
ἐπαρθείς	e)parqei/s	ἐπαίρω	e)pai/rw	v-sappmv-
ἐπαρθείς	e)parqei/s	ἐπαραρίσκω	e)parari/skw	v-sappmn-
ἐπαρθείς	e)parqei/s	ἐπαραρίσκω	e)parari/skw	v-sappmv-
ἐπαρήξετέ	e)parh/cete/	ἐπαρήγω	e)parh/gw	v2pasa---
ἐπαρήξετέ	e)parh/cete/	ἐπαρήγω	e)parh/gw	v2pfia---
ἐπαρήξετέ	e)parh/cete/	παράγω	para/gw	v2paia---
ἐπαίνεσόν	e)pai/neso/n	ἐπαινέω	e)paine/w	v2sama---
ἐπαίνου	e)pai/nou	ἔπαινος	e)/painos	n-s---mg-
ἐπειδάν	e)peida/n	ἐπειδάν	e)peida/n	c--------
ἐπειδή	e)peidh/	ἐπεί	e)pei/	c--------
ἐπειδήπερ	e)peidh/per	ἐπεί	e)pei/	c--------
ἐπεμαρτύρατο	e)pemartu/rato	ἐπιμαρτύρομαι	e)pimartu/romai	v3saie---
ἐπεμαίνετ’	e)pemai/net'	ἐπιμαίνομαι	e)pimai/nomai	v3siie---
ἐπεμάνην	e)pema/nhn	ἐπιμαίνομαι	e)pimai/nomai	v3paip---
ἐπεμάνην	e)pema/nhn	ἐπιμαίνομαι	e)pimai/nomai	v1saip---
ἐπεστρατεύσατο	e)pestrateu/sato	ἐπιστρατεύω	e)pistrateu/w	v3saim---
ἐπεί	e)pei/	ἐπεί	e)pei/	c--------
ἐπείθετο	e)pei/qeto	πείθω	pei/qw	v3siie---
ἐπείθετ’	e)pei/qet'	πείθω	pei/qw	v3siie---
ἐπείθετ’	e)pei/qet'	πείθω	pei/qw	v2piia---
ἐπιβολήν	e)pibolh/n	ἐπιβολή	e)pibolh/	n-s---fa-
ἐπιεικῆ	e)pieikh=	ἐπιεικής	e)pieikh/s	n-p---nn-
ἐπιεικῆ	e)pieikh=	ἐπιεικής	e)pieikh/s	n-p---nv-
ἐπιεικῆ	e)pieikh=	ἐπιεικής	e)pieikh/s	n-p---na-
ἐπιεικῆ	e)pieikh=	ἐπιεικής	e)pieikh/s	n-d---mn-
ἐπιεικῆ	e)pieikh=	ἐπιεικής	e)pieikh/s	n-d---mv-
ἐπιεικῆ	e)pieikh=	ἐπιεικής	e)pieikh/s	n-d---ma-
ἐπιεικῆ	e)pieikh=	ἐπιεικής	e)pieikh/s	n-d---fn-
ἐπιεικῆ	e)pieikh=	ἐπιεικής	e)pieikh/s	n-d---fv-
ἐπιεικῆ	e)pieikh=	ἐπιεικής	e)pieikh/s	n-d---fa-
ἐπιεικῆ	e)pieikh=	ἐπιεικής	e)pieikh/s	n-d---nn-
ἐπιεικῆ	e)pieikh=	ἐπιεικής	e)pieikh/s	n-d---nv-
ἐπιεικῆ	e)pieikh=	ἐπιεικής	e)pieikh/s	n-d---na-
ἐπιεικῆ	e)pieikh=	ἐπιεικής	e)pieikh/s	n-s---ma-
ἐπιεικῆ	e)pieikh=	ἐπιεικής	e)pieikh/s	n-s---fa-
ἐπιεικῶς	e)pieikw=s	ἐπιεικής	e)pieikh/s	x--------
ἐπιθυμεῖ	e)piqumei=	ἐπιθυμέω	e)piqume/w	v2spie---
ἐπιθυμεῖ	e)piqumei=	ἐπιθυμέω	e)piqume/w	v3spia---
ἐπιθυμεῖ	e)piqumei=	ἐπιθυμέω	e)piqume/w	v2spie---
ἐπιθυμεῖ	e)piqumei=	ἐπιθυμέω	e)piqume/w	v3spia---
ἐπιθυμεῖν	e)piqumei=n	ἐπιθυμέω	e)piqume/w	v--pna---
ἐπιθυμεῖν	e)piqumei=n	ἐπιθυμέω	e)piqume/w	v--pna---
ἐπιθυμῶ	e)piqumw=	ἐπιθυμέω	e)piqume/w	v1spsa---
ἐπιθυμῶ	e)piqumw=	ἐπιθυμέω	e)piqume/w	v1spia---
ἐπιθυμῶ	e)piqumw=	ἐπιθυμέω	e)piqume/w	v1spsa---
ἐπιθυμῶ	e)piqumw=	ἐπιθυμέω	e)piqume/w	v1spia---
ἐπιθέσθαι	e)piqe/sqai	ἐπιτίθημι	e)piti/qhmi	v--ane---
ἐπικείμενος	e)pikei/menos	ἐπίκειμαι	e)pi/keimai	v-srpemn-
ἐπικείμενος	e)pikei/menos	ἐπίκειμαι	e)pi/keimai	v-sppemn-
ἐπικλήρου	e)piklh/rou	ἐπίκληρος	e)pi/klhros	n-s---fg-
ἐπικλήρου	e)piklh/rou	ἐπικληρόω	e)piklhro/w	v2spma---
ἐπικλήρου	e)piklh/rou	ἐπικληρόω	e)piklhro/w	v2spma---
ἐπικλήρου	e)piklh/rou	ἐπικληρόω	e)piklhro/w	v3siia---
ἐπικλήρου	e)piklh/rou	ἐπικληρόω	e)piklhro/w	v3siia---
ἐπικουρῶν	e)pikourw=n	ἐπί-ἐπικουρέω	e)pi/-e)pikoure/w	v-sppamn-
ἐπιλείψουσι	e)pilei/yousi	ἐπιλείβω	e)pilei/bw	v3pasa---
ἐπιλείψουσι	e)pilei/yousi	ἐπιλείπω	e)pilei/pw	v-pfpamd-
ἐπιλείψουσι	e)pilei/yousi	ἐπιλείπω	e)pilei/pw	v-pfpand-
ἐπιλείψουσι	e)pilei/yousi	ἐπιλείπω	e)pilei/pw	v3pfia---
ἐπιμελοῦ	e)pimelou=	ἐπιμελέομαι	e)pimele/omai	v2spme---
ἐπιμελοῦ	e)pimelou=	ἐπιμελέομαι	e)pimele/omai	v2siie---
ἐπιμύει	e)pimu/ei	ἐπιμύω	e)pimu/w	v2spie---
ἐπιμύει	e)pimu/ei	ἐπιμύω	e)pimu/w	v3spia---
ἐπιπηδᾷς	e)piphda=|s	ἐπιπηδάω	e)piphda/w	v2spsa---
ἐπιπηδᾷς	e)piphda=|s	ἐπιπηδάω	e)piphda/w	v2spia---
ἐπιπηδᾷς	e)piphda=|s	ἐπιπηδάω	e)piphda/w	v2spsa---
ἐπιπηδᾷς	e)piphda=|s	ἐπιπηδάω	e)piphda/w	v2spia---
ἐπιρρύξας	e)pirru/cas	ἐπιρρύζω	e)pirru/zw	v-sapamn-
ἐπιρρύξας	e)pirru/cas	ἐπιρρύζω	e)pirru/zw	v-sapamv-
ἐπιστάς	e)pista/s	ἐφίστημι	e)fi/sthmi	v-sppamn-
ἐπιστάς	e)pista/s	ἐφίστημι	e)fi/sthmi	v-sppamv-
ἐπιστάς	e)pista/s	ἐφίστημι	e)fi/sthmi	v-sapamn-
ἐπιστάς	e)pista/s	ἐφίστημι	e)fi/sthmi	v-sapamv-
ἐπιστήσει	e)pisth/sei	ἐφίστημι	e)fi/sthmi	v3sasa---
ἐπιστήσει	e)pisth/sei	ἐφίστημι	e)fi/sthmi	v2sfim---
ἐπιστήσει	e)pisth/sei	ἐφίστημι	e)fi/sthmi	v3sfia---
ἐπιστήσει	e)pisth/sei	ἐπίσταμαι	e)pi/stamai	v2sfim---
ἐπισίξῃ	e)pisi/ch|	ἐπισίζω	e)pisi/zw	v2sasm---
ἐπισίξῃ	e)pisi/ch|	ἐπισίζω	e)pisi/zw	v3sasa---
ἐπισίξῃ	e)pisi/ch|	ἐπισίζω	e)pisi/zw	v2sfim---
ἐπισίξῃ	e)pisi/ch|	ἐπισίζω	e)pisi/zw	v2sasm---
ἐπισίξῃ	e)pisi/ch|	ἐπισίζω	e)pisi/zw	v3sasa---
ἐπισίξῃ	e)pisi/ch|	ἐπισίζω	e)pisi/zw	v2sfim---
ἐπιταττόμενος	e)pitatto/menos	ἐπιτάσσω	e)pita/ssw	v-sppemn-
ἐπιταττόμενος	e)pitatto/menos	ἐπιτάσσω	e)pita/ssw	v-sppemn-
ἐπιτιθείς	e)pitiqei/s	ἐπιτίθημι	e)piti/qhmi	v-sppamn-
ἐπιτιθείς	e)pitiqei/s	ἐπιτίθημι	e)piti/qhmi	v-sppamv-
ἐπιτρέπεις	e)pitre/peis	ἐπιτρέπω	e)pitre/pw	v2spia---
ἐπιτρίψω	e)pitri/yw	ἐπιτρίβω	e)pitri/bw	v1sasa---
ἐπιτρίψω	e)pitri/yw	ἐπιτρίβω	e)pitri/bw	v1sfia---
ἐπιτρίψω	e)pitri/yw	ἐπιτρίβω	e)pitri/bw	v2saim---
ἐπιχειρεῖν	e)pixeirei=n	ἐπιχειρέω	e)pixeire/w	v--pna---
ἐπιχειρῆσαι	e)pixeirh=sai	ἐπιχειρέω	e)pixeire/w	v--ana---
ἐποιήσατ’	e)poih/sat'	ποιέω	poie/w	v3saim---
ἐποιήσατ’	e)poih/sat'	ποιέω	poie/w	v2paia---
ἐπούσῃ	e)pou/sh|	ἔπειμι1	e)/peimi1	v-sppafd-
ἐπρίω	e)pri/w	πρίαμαι	pri/amai	v2siim---
ἐπρίω	e)pri/w	πριόω	prio/w	v3siia---
ἐπέρδετο	e)pe/rdeto	πέρδομαι	pe/rdomai	v3siie---
ἐπέταξε	e)pe/tace	ἐπιτάσσω	e)pita/ssw	v3saia---
ἐπέταξε	e)pe/tace	πετάζω	peta/zw	v3saia---
ἐπί	e)pi/	ἐπί	e)pi/	r--------
ἐπίδεσμον	e)pi/desmon	ἐπίδεσμον	e)pi/desmon	n-s---nn-
ἐπίδεσμον	e)pi/desmon	ἐπίδεσμον	e)pi/desmon	n-s---nv-
ἐπίδεσμον	e)pi/desmon	ἐπίδεσμον	e)pi/desmon	n-s---na-
ἐπίδεσμον	e)pi/desmon	ἐπίδεσμος	e)pi/desmos	n-s---ma-
ἐπίκληρον	e)pi/klhron	ἐπίκληρος	e)pi/klhros	n-s---fa-
ἐπίνοιαν	e)pi/noian	ἐπίνοια	e)pi/noia	n-s---fa-
ἐπίσταμαι	e)pi/stamai	ἐφίστημι	e)fi/sthmi	v1spie---
ἐπίσταμαι	e)pi/stamai	ἐπίσταμαι	e)pi/stamai	v1spie---
ἐπίσταται	e)pi/statai	ἐφίστημι	e)fi/sthmi	v3spie---
ἐπίσταται	e)pi/statai	ἐπίσταμαι	e)pi/stamai	v3spie---
ἐπίσταται	e)pi/statai	ἐπιστάτη	e)pista/th	n-p---fn-
ἐπίσταται	e)pi/statai	ἐπιστάτη	e)pista/th	n-p---fv-
ἐπίστρεφε	e)pi/strefe	ἐπιστρέφω	e)pistre/fw	v2spma---
ἐπίστρεφε	e)pi/strefe	ἐπιστρέφω	e)pistre/fw	v3siia---
ἐπίσχες	e)pi/sxes	ἐπίσχω	e)pi/sxw	v2spia---
ἐπίσχες	e)pi/sxes	ἐπώχατο	e)pw/xato	v2saia---
ἐπίτηδες	e)pi/thdes	ἐπίτηδες	e)pi/thdes	d--------
ἐπίχαλκον	e)pi/xalkon	ἐπίχαλκος	e)pi/xalkos	n-s---ma-
ἐπίχαλκον	e)pi/xalkon	ἐπίχαλκος	e)pi/xalkos	n-s---fa-
ἐπίχαλκον	e)pi/xalkon	ἐπίχαλκος	e)pi/xalkos	n-s---nn-
ἐπίχαλκον	e)pi/xalkon	ἐπίχαλκος	e)pi/xalkos	n-s---nv-
ἐπίχαλκον	e)pi/xalkon	ἐπίχαλκος	e)pi/xalkos	n-s---na-
ἐπίχειρα	e)pi/xeira	ἐπίχειρα	e)pi/xeira	n-p---nn-
ἐπίχειρα	e)pi/xeira	ἐπίχειρα	e)pi/xeira	n-p---nv-
ἐπίχειρα	e)pi/xeira	ἐπίχειρα	e)pi/xeira	n-p---na-
ἐπίχειρα	e)pi/xeira	ἐπίχειρον	e)pi/xeiron	n-p---nn-
ἐπίχειρα	e)pi/xeira	ἐπίχειρον	e)pi/xeiron	n-p---nv-
ἐπίχειρα	e)pi/xeira	ἐπίχειρον	e)pi/xeiron	n-p---na-
ἐπῃτιῶντο	e)ph|tiw=nto	ἐπαιτιάομαι	e)paitia/omai	v3piie---
ἐπῶν	e)pw=n	ἔπος	e)/pos	n-p---ng-
ἐραστά	e)rasta/	ἐραστής	e)rasth/s	n-d---mn-
ἐραστά	e)rasta/	ἐραστής	e)rasth/s	n-d---mv-
ἐραστά	e)rasta/	ἐραστής	e)rasth/s	n-d---ma-
ἐραστά	e)rasta/	ἐραστής	e)rasth/s	n-s---mv-
ἐραστά	e)rasta/	ἐραστής	e)rasth/s	n-s---mn-
ἐραστά	e)rasta/	ἐραστός	e)rasto/s	a-p---nn-
ἐραστά	e)rasta/	ἐραστός	e)rasto/s	a-p---nv-
ἐραστά	e)rasta/	ἐραστός	e)rasto/s	a-p---na-
ἐραστά	e)rasta/	ἐραστός	e)rasto/s	a-d---fn-
ἐραστά	e)rasta/	ἐραστός	e)rasto/s	a-d---fv-
ἐραστά	e)rasta/	ἐραστός	e)rasto/s	a-d---fa-
ἐραστά	e)rasta/	ἐραστός	e)rasto/s	a-s---fn-
ἐραστά	e)rasta/	ἐραστός	e)rasto/s	a-s---fv-
ἐραστής	e)rasth/s	ἐραστής	e)rasth/s	n-s---mn-
ἐρεῖν	e)rei=n	ἐρέω	e)re/w	v--pna---
ἐρεῖν	e)rei=n	ἐρῶ	e)rw=	v--fna---
ἐρεῖς	e)rei=s	ἐρέω	e)re/w	v2spia---
ἐρεῖς	e)rei=s	ἐρῶ	e)rw=	v2sfia---
ἐριώλην	e)riw/lhn	ἐριώλη	e)riw/lh	n-s---fa-
ἐρρωμένως	e)rrwme/nws	ἐρρωμένος	e)rrwme/nos	x--------
ἐρρωμένως	e)rrwme/nws	ἐρρωμένος	e)rrwme/nos	a-p---ma-
ἐρρωμένως	e)rrwme/nws	ῥώννυμι	r(w/nnumi	v-prpema-
ἐρρήσεις	e)rrh/seis	ἔρρω	e)/rrw	v2sasa---
ἐρρήσεις	e)rrh/seis	ἔρρω	e)/rrw	v2sfia---
ἐρέτης	e)re/ths	ἐρέτης	e)re/ths	n-s---mn-
ἐρήμας	e)rh/mas	ἐρῆμος	e)rh=mos	a-p---fa-
ἐρήμας	e)rh/mas	ἐρῆμος	e)rh=mos	a-s---fg-
ἐρίων	e)ri/wn	ἔριον	e)/rion	n-p---ng-
ἐρίων	e)ri/wn	ἔροσ2	e)/ros2	n-p---ng-
ἐρίων	e)ri/wn	ἐρέω	e)re/w	v-sppamn-
ἐρίων	e)ri/wn	ἐρῶ	e)rw=	v-sfpamn-
ἐρίῳ	e)ri/w|	ἔριον	e)/rion	n-s---nd-
ἐρᾶν	e)ra=n	ἔρα	e)/ra	n-p---fg-
ἐρᾶν	e)ra=n	ἐράω1	e)ra/w1	v-sppamv-
ἐρᾶν	e)ra=n	ἐράω1	e)ra/w1	v-sppann-
ἐρᾶν	e)ra=n	ἐράω1	e)ra/w1	v-sppanv-
ἐρᾶν	e)ra=n	ἐράω1	e)ra/w1	v-sppana-
ἐρᾶν	e)ra=n	ἐράω1	e)ra/w1	v-sppamn-
ἐρᾶν	e)ra=n	ἐράω1	e)ra/w1	v--pna---
ἐρᾶν	e)ra=n	ἐράω1	e)ra/w1	v--pna---
ἐρᾶν	e)ra=n	ἐράω2	e)ra/w2	v-sppamv-
ἐρᾶν	e)ra=n	ἐράω2	e)ra/w2	v-sppann-
ἐρᾶν	e)ra=n	ἐράω2	e)ra/w2	v-sppanv-
ἐρᾶν	e)ra=n	ἐράω2	e)ra/w2	v-sppana-
ἐρᾶν	e)ra=n	ἐράω2	e)ra/w2	v-sppamn-
ἐρᾶν	e)ra=n	ἐράω2	e)ra/w2	v--pna---
ἐρᾶν	e)ra=n	ἐράω2	e)ra/w2	v--pna---
ἐρᾷ	e)ra=|	ἐράομαι	e)ra/omai	v2spse---
ἐρᾷ	e)ra=|	ἐράομαι	e)ra/omai	v2spie---
ἐρᾷ	e)ra=|	ἐράω1	e)ra/w1	v2spse---
ἐρᾷ	e)ra=|	ἐράω1	e)ra/w1	v2spie---
ἐρᾷ	e)ra=|	ἐράω1	e)ra/w1	v3spsa---
ἐρᾷ	e)ra=|	ἐράω1	e)ra/w1	v3spia---
ἐρᾷ	e)ra=|	ἐράω2	e)ra/w2	v2spse---
ἐρᾷ	e)ra=|	ἐράω2	e)ra/w2	v2spie---
ἐρᾷ	e)ra=|	ἐράω2	e)ra/w2	v3spsa---
ἐρᾷ	e)ra=|	ἐράω2	e)ra/w2	v3spia---
ἐρῶ	e)rw=	ἐράομαι	e)ra/omai	v2spme---
ἐρῶ	e)rw=	ἐράομαι	e)ra/omai	v2siie---
ἐρῶ	e)rw=	ἐράω1	e)ra/w1	v2spme---
ἐρῶ	e)rw=	ἐράω1	e)ra/w1	v1spsa---
ἐρῶ	e)rw=	ἐράω1	e)ra/w1	v1spia---
ἐρῶ	e)rw=	ἐράω1	e)ra/w1	v2siie---
ἐρῶ	e)rw=	ἐράω2	e)ra/w2	v2spme---
ἐρῶ	e)rw=	ἐράω2	e)ra/w2	v1spsa---
ἐρῶ	e)rw=	ἐράω2	e)ra/w2	v1spia---
ἐρῶ	e)rw=	ἐράω2	e)ra/w2	v2siie---
ἐρῶ	e)rw=	ἐρέω	e)re/w	v1spia---
ἐρῶ	e)rw=	ἐρέω	e)re/w	v1spsa---
ἐρῶ	e)rw=	ἐρῶ	e)rw=	v1sfia---
ἐς	e)s	εἰς	ei)s	r--------
ἐσβάλλετέ	e)sba/llete/	εἰσβάλλω	ei)sba/llw	v2ppma---
ἐσβάλλετέ	e)sba/llete/	εἰσβάλλω	ei)sba/llw	v2ppia---
ἐσβάλλετέ	e)sba/llete/	εἰσβάλλω	ei)sba/llw	v2piia---
ἐσθίει	e)sqi/ei	ἐσθίω	e)sqi/w	v2spie---
ἐσθίει	e)sqi/ei	ἐσθίω	e)sqi/w	v3spia---
ἐσθίων	e)sqi/wn	ἔσθος	e)/sqos	n-p---ng-
ἐσθίων	e)sqi/wn	ἐσθίω	e)sqi/w	v-sppamn-
ἐσθίων	e)sqi/wn	εἰσθέω	ei)sqe/w	v-sppamn-
ἐσκαλαμᾶσθαι	e)skalama=sqai	εἰσκαλαμάομαι	ei)skalama/omai	v--pne---
ἐσκαλῶ	e)skalw=	εἰσκαλέω	ei)skale/w	v1sfia---
ἐσκαλῶ	e)skalw=	εἰσκαλέω	ei)skale/w	v1spsa---
ἐσκαλῶ	e)skalw=	εἰσκαλέω	ei)skale/w	v1spia---
ἐσκεκόμισμαι	e)skeko/mismai	εἰσκομίζω	ei)skomi/zw	v1srie---
ἐσκεκύκληκεν	e)skeku/klhken	εἰσκυκλέω	ei)skukle/w	v3sria---
ἐσκεκύκληκεν	e)skeku/klhken	εἰσκυκλέω	ei)skukle/w	v3plia---
ἐσκίρτα	e)ski/rta	σκιρτάω	skirta/w	v3siia---
ἐσμεν	e)smen	εἰμί	ei)mi/	v1ppia---
ἐσμέν	e)sme/n	εἰμί	ei)mi/	v1ppia---
ἐσπουδάκατον	e)spouda/katon	σπουδάζω	spouda/zw	v2dria---
ἐσπέτεσθ’	e)spe/tesq'	εἰσπέτομαι	ei)spe/tomai	v2ppme---
ἐσπέτεσθ’	e)spe/tesq'	εἰσπέτομαι	ei)spe/tomai	v2ppie---
ἐσπέτεσθ’	e)spe/tesq'	εἰσπέτομαι	ei)spe/tomai	v--pne---
ἐσπέτεσθ’	e)spe/tesq'	εἰσπέτομαι	ei)spe/tomai	v2piie---
ἐστι	e)sti	εἰμί	ei)mi/	v3spia---
ἐστιγμένην	e)stigme/nhn	στίζω	sti/zw	v-srpefa-
ἐστιν	e)stin	εἰμί	ei)mi/	v3spia---
ἐστάλης	e)sta/lhs	σταλάω	stala/w	v2siia---
ἐστάλης	e)sta/lhs	σταλάω	stala/w	v2siia---
ἐστάλης	e)sta/lhs	σταλάω	stala/w	v2siia---
ἐστάλης	e)sta/lhs	στέλλω	ste/llw	v2saip---
ἐστί	e)sti/	εἰμί	ei)mi/	v3spia---
ἐστίν	e)sti/n	εἰμί	ei)mi/	v3spia---
ἐσφρήσομεν	e)sfrh/somen	εἰσφρέω	ei)sfre/w	v1pasa---
ἐσφρήσομεν	e)sfrh/somen	εἰσφρέω	ei)sfre/w	v1pfia---
ἐσφέρει	e)sfe/rei	εἰσφέρω	ei)sfe/rw	v2spie---
ἐσφέρει	e)sfe/rei	εἰσφέρω	ei)sfe/rw	v3spia---
ἐσφέρειν	e)sfe/rein	εἰσφέρω	ei)sfe/rw	v--pna---
ἐσχάραν	e)sxa/ran	ἐσχάρα	e)sxa/ra	n-s---fa-
ἐσχάραν	e)sxa/ran	ἐσχάρα	e)sxa/ra	n-s---fa-
ἐτεόν	e)teo/n	ἐτεός	e)teo/s	a-s---ma-
ἐτεόν	e)teo/n	ἐτεός	e)teo/s	a-s---nn-
ἐτεόν	e)teo/n	ἐτεός	e)teo/s	a-s---nv-
ἐτεόν	e)teo/n	ἐτεός	e)teo/s	a-s---na-
ἐτραύλισεν	e)trau/lisen	τραυλίζω	trauli/zw	v3saia---
ἐτόλμησεν	e)to/lmhsen	τολμάω	tolma/w	v3saia---
ἐτόλμησ’	e)to/lmhs'	τολμάω	tolma/w	v1saia---
ἐτόλμησ’	e)to/lmhs'	τολμάω	tolma/w	v2siie---
ἐτόλμησ’	e)to/lmhs'	τολμάω	tolma/w	v3saia---
ἐτύγχανεν	e)tu/gxanen	τυγχάνω	tugxa/nw	v3siia---
ἐτῶν	e)tw=n	ἔται	e)/tai	n-p---mg-
ἐτῶν	e)tw=n	ἔτης	e)/ths	n-p---mg-
ἐτῶν	e)tw=n	ἔτος	e)/tos	n-p---ng-
ἐτῶν	e)tw=n	ἐτάζω	e)ta/zw	v-sfpamv-
ἐτῶν	e)tw=n	ἐτάζω	e)ta/zw	v-sfpann-
ἐτῶν	e)tw=n	ἐτάζω	e)ta/zw	v-sfpanv-
ἐτῶν	e)tw=n	ἐτάζω	e)ta/zw	v-sfpana-
ἐτῶν	e)tw=n	ἐτάζω	e)ta/zw	v-sfpamn-
ἐφαίνετο	e)fai/neto	φαίνω	fai/nw	v3siie---
ἐφεστάναι	e)festa/nai	ἐφίστημι	e)fi/sthmi	v--rna---
ἐφεῖτ’	e)fei=t'	ἐφέζομαι	e)fe/zomai	v3slie---
ἐφεῖτ’	e)fei=t'	ἐφέζομαι	e)fe/zomai	v3srie---
ἐφεῖτ’	e)fei=t'	ἐφίημι	e)fi/hmi	v3saim---
ἐφεῖτ’	e)fei=t'	ἐφίημι	e)fi/hmi	v3slie---
ἐφεῖτ’	e)fei=t'	ἐφίημι	e)fi/hmi	v2paoa---
ἐφεῖτ’	e)fei=t'	ἐφίημι	e)fi/hmi	v2paoa---
ἐφεῖτ’	e)fei=t'	ἐφίημι	e)fi/hmi	v3srie---
ἐφεῖτ’	e)fei=t'	ἐπιέννυμι	e)pie/nnumi	v3slip---
ἐφεῖτ’	e)fei=t'	ἐπιέννυμι	e)pie/nnumi	v3srip---
ἐφλέγμηνεν	e)fle/gmhnen	φλεγμαίνω	flegmai/nw	v3saia---
ἐφολκός	e)folko/s	ἐφολκός	e)folko/s	n-s---mn-
ἐφολκός	e)folko/s	ἐφολκός	e)folko/s	n-s---fn-
ἐφέσπετο	e)fe/speto	ἐφέπω	e)fe/pw	v3saim---
ἐφύλαττ’	e)fu/latt'	φυλάσσω	fula/ssw	v3siia---
ἐφύλαττ’	e)fu/latt'	φυλάζω	fula/zw	v1saia---
ἐφύτευσας	e)fu/teusas	φυτεύω	futeu/w	v2saia---
ἐχθρῶν	e)xqrw=n	ἔχθρα	e)/xqra	n-p---fg-
ἐχθρῶν	e)xqrw=n	ἔχθρη	e)/xqrh	n-p---fg-
ἐχθρῶν	e)xqrw=n	ἐχθρός	e)xqro/s	a-p---fg-
ἐχθρῶν	e)xqrw=n	ἐχθρός	e)xqro/s	a-p---mg-
ἐχθρῶν	e)xqrw=n	ἐχθρός	e)xqro/s	a-p---ng-
ἐχρῆν	e)xrh=n	χρή	xrh/	v3siia---
ἐψήφισται	e)yh/fistai	ψηφίζομαι	yhfi/zomai	v3srie---
ἐψήφισται	e)yh/fistai	ψηφίζω	yhfi/zw	v3srie---
ἐωσάμεσθα	e)wsa/mesqa	ὠθέω	w)qe/w	v1paim---
ἐάν	e)a/n	ἐάν	e)a/n	c--------
ἐάσας	e)a/sas	ἐάω	e)a/w	v-pppafa-
ἐάσας	e)a/sas	ἐάω	e)a/w	v-sppafg-
ἐάσας	e)a/sas	ἐάω	e)a/w	v-sapamn-
ἐάσας	e)a/sas	ἐάω	e)a/w	v-sapamv-
ἐάσεθ’	e)a/seq'	ἐάω	e)a/w	v2pasa---
ἐάσεθ’	e)a/seq'	ἐάω	e)a/w	v2pfia---
ἐάσεθ’	e)a/seq'	ἐάω	e)a/w	v3sasm---
ἐάσεθ’	e)a/seq'	ἐάω	e)a/w	v3sfim---
ἐᾷ	e)a=|	ἐάω	e)a/w	v2spse---
ἐᾷ	e)a=|	ἐάω	e)a/w	v2spie---
ἐᾷ	e)a=|	ἐάω	e)a/w	v3spsa---
ἐᾷ	e)a=|	ἐάω	e)a/w	v3spia---
ἑαυτούς	e(autou/s	ἑαυτοῦ	e(autou=	n-p---ma-
ἑαυτοῦ	e(autou=	ἑαυτοῦ	e(autou=	n-s---ng-
ἑαυτοῦ	e(autou=	ἑαυτοῦ	e(autou=	n-s---mg-
ἑαυτόν	e(auto/n	ἑαυτοῦ	e(autou=	n-s---ma-
ἑκατοστάς	e(katosta/s	ἑκατοστός	e(katosto/s	a-p---fa-
ἑκατόν	e(kato/n	ἑκατόν	e(kato/n	m--------
ἑκάστοτε	e(ka/stote	ἑκάστοτε	e(ka/stote	d--------
ἑκάστοτ’	e(ka/stot'	ἑκάστοτε	e(ka/stote	d--------
ἑκάστῃ	e(ka/sth|	ἕκαστος	e(/kastos	a-s---fd-
ἑκών	e(kw/n	ἑκών	e(kw/n	a-s---mn-
ἑλλέβορον	e(lle/boron	ἑλλέβορος	e(lle/boros	n-s---ma-
ἑλόντες	e(lo/ntes	αἱρέω	ai(re/w	v-papamn-
ἑλόντες	e(lo/ntes	αἱρέω	ai(re/w	v-papamv-
ἑνός	e(no/s	εἷς	ei(=s	n-s---mg-
ἑνός	e(no/s	εἷς	ei(=s	n-s---ng-
ἑρπύσῃ	e(rpu/sh|	ἕρπυσις	e(/rpusis	n-s---fd-
ἑρπύσῃ	e(rpu/sh|	ἕρπω	e(/rpw	v2sasm---
ἑρπύσῃ	e(rpu/sh|	ἕρπω	e(/rpw	v3sasa---
ἑρπύσῃ	e(rpu/sh|	ἑρπύζω	e(rpu/zw	v2sasm---
ἑρπύσῃ	e(rpu/sh|	ἑρπύζω	e(rpu/zw	v3sasa---
ἑρπύσῃ	e(rpu/sh|	ἑρπύζω	e(rpu/zw	v2sfim---
ἑσμούς	e(smou/s	ἑσμός	e(smo/s	n-p---ma-
ἑσπέραν	e(spe/ran	ἑσπέρα	e(spe/ra	n-s---fa-
ἑσπέρας	e(spe/ras	ἑσπέρα	e(spe/ra	n-p---fa-
ἑσπέρας	e(spe/ras	ἑσπέρα	e(spe/ra	n-s---fg-
ἑστιώμεθα	e(stiw/meqa	ἑστιάω	e(stia/w	v1ppse---
ἑστιώμεθα	e(stiw/meqa	ἑστιάω	e(stia/w	v1ppie---
ἑστιώμεθα	e(stiw/meqa	ἑστιάω	e(stia/w	v1piie---
ἑστιώμεθα	e(stiw/meqa	ἑστιόομαι	e(stio/omai	v1ppse---
ἑστιώμεθα	e(stiw/meqa	ἑστιόομαι	e(stio/omai	v1ppie---
ἑτέραν	e(te/ran	ἕτερος	e(/teros	a-s---fa-
ἑτέροισι	e(te/roisi	ἕτερος	e(/teros	a-p---md-
ἑτέροισι	e(te/roisi	ἕτερος	e(/teros	a-p---nd-
ἑτέρου	e(te/rou	ἕτερος	e(/teros	a-s---mg-
ἑτέρου	e(te/rou	ἕτερος	e(/teros	a-s---ng-
ἑτέρων	e(te/rwn	ἕτερος	e(/teros	a-p---fg-
ἑτέρων	e(te/rwn	ἕτερος	e(/teros	a-p---mg-
ἑτέρων	e(te/rwn	ἕτερος	e(/teros	a-p---ng-
ἑτέρῳ	e(te/rw|	ἕτερος	e(/teros	a-s---md-
ἑτέρῳ	e(te/rw|	ἕτερος	e(/teros	a-s---nd-
ἑψητοῖσι	e(yhtoi=si	ἑψητός	e(yhto/s	a-p---md-
ἑψητοῖσι	e(yhtoi=si	ἑψητός	e(yhto/s	a-p---nd-
ἑάλω	e(a/lw	ἁλίσκομαι	a(li/skomai	v3saia---
ἔ	e)/	ἒ	e)\	x--------
ἔγεντ’	e)/gent'	γίγνομαι	gi/gnomai	v3saie---
ἔγνωκε	e)/gnwke	γιγνώσκω	gignw/skw	v2srma---
ἔγνωκε	e)/gnwke	γιγνώσκω	gignw/skw	v3sria---
ἔγνωσαν	e)/gnwsan	γιγνώσκω	gignw/skw	v3paia---
ἔγρῃ	e)/grh|	ἔγρω	e)/grw	v2spse---
ἔγρῃ	e)/grh|	ἔγρω	e)/grw	v2spie---
ἔγρῃ	e)/grh|	ἔγρω	e)/grw	v3spsa---
ἔγρῃ	e)/grh|	ἐγείρω	e)gei/rw	v2sasm---
ἔγωγε	e)/gwge	ἐγώ	e)gw/	p-s---mn-
ἔγωγε	e)/gwge	ἐγώ	e)gw/	p-s---mv-
ἔγωγε	e)/gwge	ἐγώ	e)gw/	p-s---fn-
ἔγωγε	e)/gwge	ἐγώ	e)gw/	p-s---fv-
ἔδομεν	e)/domen	δίδωμι	di/dwmi	v1paia---
ἔδομεν	e)/domen	δίδωμι	di/dwmi	v1paia---
ἔδομεν	e)/domen	ἔδω	e)/dw	v1ppia---
ἔδομεν	e)/domen	ἔδω	e)/dw	v1piia---
ἔδοξα	e)/doca	δοκέω	doke/w	v1saia---
ἔδοξέ	e)/doce/	δοκέω	doke/w	v3saia---
ἔδοσαν	e)/dosan	δίδωμι	di/dwmi	v3paia---
ἔδοσαν	e)/dosan	δίδωμι	di/dwmi	v3paia---
ἔδραμες	e)/drames	τρέχω	tre/xw	v2saia---
ἔδρας	e)/dras	δράω	dra/w	v2siia---
ἔδρασα	e)/drasa	δράω	dra/w	v1saia---
ἔζων	e)/zwn	ζάω	za/w	v3piia---
ἔζων	e)/zwn	ζάω	za/w	v1siia---
ἔθηκεν	e)/qhken	τίθημι	ti/qhmi	v3saia---
ἔκνισε	e)/knise	ἐκνίζω	e)kni/zw	v3saia---
ἔκνισε	e)/knise	ἐκνίζω	e)kni/zw	v3saia---
ἔκνισε	e)/knise	κνίζω	kni/zw	v3saia---
ἔκτεινε	e)/kteine	ἐκτείνω	e)ktei/nw	v2spma---
ἔκτεινε	e)/kteine	ἐκτείνω	e)ktei/nw	v3saia---
ἔκτεινε	e)/kteine	ἐκτείνω	e)ktei/nw	v3siia---
ἔκτεινε	e)/kteine	κτείνω	ktei/nw	v3saia---
ἔκτεινε	e)/kteine	κτείνω	ktei/nw	v3siia---
ἔλαβες	e)/labes	λαμβάνω	lamba/nw	v2saia---
ἔλαιον	e)/laion	ἔλαιον	e)/laion	n-s---nn-
ἔλαιον	e)/laion	ἔλαιον	e)/laion	n-s---nv-
ἔλαιον	e)/laion	ἔλαιον	e)/laion	n-s---na-
ἔλαιον	e)/laion	ἔλαιος	e)/laios	n-s---ma-
ἔλαμπον	e)/lampon	λάμπω	la/mpw	v3piia---
ἔλαμπον	e)/lampon	λάμπω	la/mpw	v1siia---
ἔλαμψε	e)/lamye	λάμπω	la/mpw	v3saia---
ἔλαττον	e)/latton	ἐλάσσων	e)la/sswn	a-s---mv-
ἔλαττον	e)/latton	ἐλάσσων	e)la/sswn	a-s---fv-
ἔλαττον	e)/latton	ἐλάσσων	e)la/sswn	a-s---nn-
ἔλαττον	e)/latton	ἐλάσσων	e)la/sswn	a-s---nv-
ἔλαττον	e)/latton	ἐλάσσων	e)la/sswn	a-s---na-
ἔλεγεν	e)/legen	λέγω1	le/gw1	v3paip---
ἔλεγεν	e)/legen	λέγω1	le/gw1	v3siia---
ἔλεγεν	e)/legen	λέγω2	le/gw2	v3siia---
ἔλεγεν	e)/legen	λέγω3	le/gw3	v3siia---
ἔλεγον	e)/legon	ἔλεγος	e)/legos	n-s---ma-
ἔλεγον	e)/legon	λέγω1	le/gw1	v3piia---
ἔλεγον	e)/legon	λέγω1	le/gw1	v1siia---
ἔλεγον	e)/legon	λέγω2	le/gw2	v3piia---
ἔλεγον	e)/legon	λέγω2	le/gw2	v1siia---
ἔλεγον	e)/legon	λέγω3	le/gw3	v3piia---
ἔλεγον	e)/legon	λέγω3	le/gw3	v1siia---
ἔλεξας	e)/lecas	λέγω1	le/gw1	v2saia---
ἔλεξας	e)/lecas	λέγω3	le/gw3	v2saia---
ἔλεξεν	e)/lecen	λέγω1	le/gw1	v3saia---
ἔλεξεν	e)/lecen	λέγω3	le/gw3	v3saia---
ἔλθοιμεν	e)/lqoimen	ἔρχομαι	e)/rxomai	v1paoa---
ἔλθῃ	e)/lqh|	ἔρχομαι	e)/rxomai	v2sasm---
ἔλθῃ	e)/lqh|	ἔρχομαι	e)/rxomai	v3sasa---
ἔλθῃ	e)/lqh|	ἔρχομαι	e)/rxomai	v3sasa---
ἔμαθες	e)/maqes	μανθάνω	manqa/nw	v2saia---
ἔμβαλε	e)/mbale	ἐμβάλλω	e)mba/llw	v2sama---
ἔμβαλε	e)/mbale	ἐμβάλλω	e)mba/llw	v3saia---
ἔμβαλλε	e)/mballe	ἐμβάλλω	e)mba/llw	v2spma---
ἔμβαλλε	e)/mballe	ἐμβάλλω	e)mba/llw	v3siia---
ἔμβραχυ	e)/mbraxu	ἔμβραχυ	e)/mbraxu	d--------
ἔμοιγε	e)/moige	ἐγώ	e)gw/	p-s---md-
ἔμοιγε	e)/moige	ἐγώ	e)gw/	p-s---fd-
ἔμοιγέ	e)/moige/	ἐγώ	e)gw/	p-s---md-
ἔμοιγέ	e)/moige/	ἐγώ	e)gw/	p-s---fd-
ἔμπλησο	e)/mplhso	ἐμπίπλημι	e)mpi/plhmi	v2samm---
ἔμπλησο	e)/mplhso	ἐμπίπλημι	e)mpi/plhmi	v2saim---
ἔμπροσθεν	e)/mprosqen	ἔμπροσθεν	e)/mprosqen	d--------
ἔμ’	e)/m'	ἐγώ	e)gw/	p-s---ma-
ἔμ’	e)/m'	ἐγώ	e)gw/	p-s---fa-
ἔμ’	e)/m'	ἐμός	e)mo/s	a-p---nn-
ἔμ’	e)/m'	ἐμός	e)mo/s	a-p---nv-
ἔμ’	e)/m'	ἐμός	e)mo/s	a-p---na-
ἔμ’	e)/m'	ἐμός	e)mo/s	a-d---fn-
ἔμ’	e)/m'	ἐμός	e)mo/s	a-d---fv-
ἔμ’	e)/m'	ἐμός	e)mo/s	a-d---fa-
ἔμ’	e)/m'	ἐμός	e)mo/s	a-s---fn-
ἔμ’	e)/m'	ἐμός	e)mo/s	a-s---fv-
ἔμ’	e)/m'	ἐμός	e)mo/s	a-s---mv-
ἔμ’	e)/m'	ἐμός	e)mo/s	a-p---fn-
ἔμ’	e)/m'	ἐμός	e)mo/s	a-p---fv-
ἔν	e)/n	ἐν	e)n	r--------
ἔν	e)/n	εἰμί	ei)mi/	v3piia---
ἔν	e)/n	εἰς	ei)s	r--------
ἔνδοθεν	e)/ndoqen	ἔνδοθεν	e)/ndoqen	d--------
ἔνδοθεν	e)/ndoqen	ἐνδίδωμι	e)ndi/dwmi	v3paip---
ἔνδον	e)/ndon	ἔνδον	e)/ndon	d--------
ἔνδον	e)/ndon	ἐνδίδωμι	e)ndi/dwmi	v3paia---
ἔνδον	e)/ndon	ἐνδίδωμι	e)ndi/dwmi	v3paia---
ἔνεστι	e)/nesti	ἐν-εἰμί	e)n-ei)mi/	v3spia---
ἔνθες	e)/nqes	ἐντίθημι	e)nti/qhmi	v2sama---
ἔνθες	e)/nqes	ἐντίθημι	e)nti/qhmi	v2saia---
ἔντραγε	e)/ntrage	ἐντραγεῖν	e)ntragei=n	v2sama---
ἔντραγε	e)/ntrage	ἐντραγεῖν	e)ntragei=n	v3saia---
ἔντυφε	e)/ntufe	ἐντύφω	e)ntu/fw	v2spma---
ἔντυφε	e)/ntufe	ἐντύφω	e)ntu/fw	v3siia---
ἔξαγε	e)/cage	ἐξάγω	e)ca/gw	v2spma---
ἔξαγε	e)/cage	ἐξάγω	e)ca/gw	v3siia---
ἔξοδον	e)/codon	ἔξοδοσ1	e)/codos1	n-s---fa-
ἔξοδον	e)/codon	ἔξοδοσ2	e)/codos2	n-s---ma-
ἔξοδον	e)/codon	ἔξοδοσ2	e)/codos2	n-s---fa-
ἔξοδον	e)/codon	ἔξοδοσ2	e)/codos2	n-s---nn-
ἔξοδον	e)/codon	ἔξοδοσ2	e)/codos2	n-s---nv-
ἔξοδον	e)/codon	ἔξοδοσ2	e)/codos2	n-s---na-
ἔοικα	e)/oika	ἔοικα	e)/oika	v1sria---
ἔοικας	e)/oikas	ἔοικα	e)/oika	v2sria---
ἔοικε	e)/oike	ἔοικα	e)/oika	v2srma---
ἔοικε	e)/oike	ἔοικα	e)/oika	v3sria---
ἔοικεν	e)/oiken	ἔοικα	e)/oika	v3sria---
ἔοικεν	e)/oiken	ἔοικα	e)/oika	v3plia---
ἔοιχ’	e)/oix'	ἔοικα	e)/oika	v1sria---
ἔοιχ’	e)/oix'	ἔοικα	e)/oika	v2srma---
ἔοιχ’	e)/oix'	ἔοικα	e)/oika	v3sria---
ἔπαγε	e)/page	ἐπάγω	e)pa/gw	v2spma---
ἔπαγε	e)/page	ἐπάγω	e)pa/gw	v3siia---
ἔπαθε	e)/paqe	πάσχω	pa/sxw	v3saia---
ἔπαθον	e)/paqon	πάσχω	pa/sxw	v3paia---
ἔπαθον	e)/paqon	πάσχω	pa/sxw	v1saia---
ἔπειθ’	e)/peiq'	ἔπειμι2	e)/peimi2	v3spia---
ἔπειθ’	e)/peiq'	ἔπειτα	e)/peita	d--------
ἔπειθ’	e)/peiq'	πείθω	pei/qw	v3siia---
ἔπεισι	e)/peisi	ἔπειμι1	e)/peimi1	v3ppia---
ἔπεισι	e)/peisi	ἔπειμι2	e)/peimi2	v3spia---
ἔπειτα	e)/peita	ἔπειτα	e)/peita	d--------
ἔπη	e)/ph	ἔπος	e)/pos	n-p---nn-
ἔπη	e)/ph	ἔπος	e)/pos	n-p---nv-
ἔπη	e)/ph	ἔπος	e)/pos	n-p---na-
ἔπη	e)/ph	ἔπος	e)/pos	n-d---nn-
ἔπη	e)/ph	ἔπος	e)/pos	n-d---nv-
ἔπη	e)/ph	ἔπος	e)/pos	n-d---na-
ἔπιε	e)/pie	πίνω	pi/nw	v3saia---
ἔραμαι	e)/ramai	ἔραμαι	e)/ramai	v1spie---
ἔραμαι	e)/ramai	ἐράομαι	e)ra/omai	v1spie---
ἔργον	e)/rgon	ἔργνυμι	e)/rgnumi	v-sppamv-
ἔργον	e)/rgon	ἔργνυμι	e)/rgnumi	v-sppann-
ἔργον	e)/rgon	ἔργνυμι	e)/rgnumi	v-sppanv-
ἔργον	e)/rgon	ἔργνυμι	e)/rgnumi	v-sppana-
ἔργον	e)/rgon	ἔργον	e)/rgon	n-s---nn-
ἔργον	e)/rgon	ἔργον	e)/rgon	n-s---nv-
ἔργον	e)/rgon	ἔργον	e)/rgon	n-s---na-
ἔργων	e)/rgwn	ἔργνυμι	e)/rgnumi	v-sppamn-
ἔργων	e)/rgwn	ἔργον	e)/rgon	n-p---ng-
ἔρδοι	e)/rdoi	ἔρδω	e)/rdw	v3spoa---
ἔρχεται	e)/rxetai	ἔρχομαι	e)/rxomai	v3spie---
ἔρχομαι	e)/rxomai	ἔρχομαι	e)/rxomai	v1spie---
ἔς	e)/s	εἰς	ei)s	r--------
ἔσεσθαι	e)/sesqai	εἰμί	ei)mi/	v--fnm---
ἔσθιε	e)/sqie	ἐσθίω	e)sqi/w	v2spma---
ἔσθιε	e)/sqie	ἐσθίω	e)sqi/w	v3siia---
ἔσοιτ’	e)/soit'	εἰμί	ei)mi/	v3sfom---
ἔσοιτ’	e)/soit'	εἰσίημι	ei)si/hmi	v3saom---
ἔσπασεν	e)/spasen	σπάω	spa/w	v3saia---
ἔσπευσε	e)/speuse	σπεύδω	speu/dw	v3saia---
ἔσται	e)/stai	εἰμί	ei)mi/	v3sfim---
ἔστε	e)/ste	ἔστε	e)/ste	c--------
ἔστε	e)/ste	εἰμί	ei)mi/	v2ppia---
ἔστε	e)/ste	εἰμί	ei)mi/	v2ppma---
ἔστι	e)/sti	εἰμί	ei)mi/	v3spia---
ἔστιν	e)/stin	εἰμί	ei)mi/	v3spia---
ἔστω	e)/stw	εἰμί	ei)mi/	v3spma---
ἔστω	e)/stw	ἵστημι	i(/sthmi	v2saim---
ἔσωσε	e)/swse	εἰσωθέω	ei)swqe/w	v3saia---
ἔσωσε	e)/swse	σώζω	sw/zw	v3saia---
ἔτι	e)/ti	ἔτι	e)/ti	d--------
ἔτικτες	e)/tiktes	τίκτω	ti/ktw	v2siia---
ἔτους	e)/tous	ἔτος	e)/tos	n-s---ng-
ἔτρεψας	e)/treyas	τρέπω	tre/pw	v2saia---
ἔτυχες	e)/tuxes	τυγχάνω	tugxa/nw	v2saia---
ἔτυχον	e)/tuxon	τυγχάνω	tugxa/nw	v3paia---
ἔτυχον	e)/tuxon	τυγχάνω	tugxa/nw	v1saia---
ἔφασκε	e)/faske	φάσκω	fa/skw	v3siia---
ἔφασκεν	e)/fasken	φάσκω	fa/skw	v3siia---
ἔφασκες	e)/faskes	φάσκω	fa/skw	v2siia---
ἔφασκον	e)/faskon	φάσκω	fa/skw	v3piia---
ἔφασκον	e)/faskon	φάσκω	fa/skw	v1siia---
ἔφεξιν	e)/fecin	ἔφεξις	e)/fecis	n-s---fa-
ἔφευγον	e)/feugon	φεύγω	feu/gw	v3piia---
ἔφευγον	e)/feugon	φεύγω	feu/gw	v1siia---
ἔφη	e)/fh	φημί	fhmi/	v3siia---
ἔχει	e)/xei	ἔχις	e)/xis	n-d---mn-
ἔχει	e)/xei	ἔχις	e)/xis	n-d---mv-
ἔχει	e)/xei	ἔχις	e)/xis	n-d---ma-
ἔχει	e)/xei	ἔχις	e)/xis	n-s---md-
ἔχει	e)/xei	ἔχις	e)/xis	n-s---md-
ἔχει	e)/xei	ἔχω	e)/xw	v2spie---
ἔχει	e)/xei	ἔχω	e)/xw	v3spia---
ἔχει	e)/xei	χάω	xa/w	v3siia---
ἔχει	e)/xei	χέω	xe/w	v3siia---
ἔχειν	e)/xein	ἔχω	e)/xw	v--pna---
ἔχεις	e)/xeis	ἔχις	e)/xis	n-p---mn-
ἔχεις	e)/xeis	ἔχις	e)/xis	n-p---mv-
ἔχεις	e)/xeis	ἔχις	e)/xis	n-p---mn-
ἔχεις	e)/xeis	ἔχις	e)/xis	n-p---ma-
ἔχεις	e)/xeis	ἔχω	e)/xw	v2spia---
ἔχεις	e)/xeis	χάω	xa/w	v2siia---
ἔχεις	e)/xeis	χέω	xe/w	v2siia---
ἔχεται	e)/xetai	ἔχω	e)/xw	v3spie---
ἔχοι	e)/xoi	ἔχω	e)/xw	v3spoa---
ἔχον	e)/xon	ἔχω	e)/xw	v-sppamv-
ἔχον	e)/xon	ἔχω	e)/xw	v-sppann-
ἔχον	e)/xon	ἔχω	e)/xw	v-sppanv-
ἔχον	e)/xon	ἔχω	e)/xw	v-sppana-
ἔχον	e)/xon	ἔχω	e)/xw	v3piia---
ἔχον	e)/xon	ἔχω	e)/xw	v1siia---
ἔχοντα	e)/xonta	ἔχω	e)/xw	v-pppann-
ἔχοντα	e)/xonta	ἔχω	e)/xw	v-pppanv-
ἔχοντα	e)/xonta	ἔχω	e)/xw	v-pppana-
ἔχοντα	e)/xonta	ἔχω	e)/xw	v-sppama-
ἔχοντας	e)/xontas	ἔχω	e)/xw	v-pppama-
ἔχοντες	e)/xontes	ἔχω	e)/xw	v-pppamn-
ἔχοντες	e)/xontes	ἔχω	e)/xw	v-pppamv-
ἔχοντι	e)/xonti	ἔχω	e)/xw	v-sppamd-
ἔχοντι	e)/xonti	ἔχω	e)/xw	v-sppand-
ἔχοντι	e)/xonti	ἔχω	e)/xw	v3ppia---
ἔχοντ’	e)/xont'	ἔχω	e)/xw	v-pppann-
ἔχοντ’	e)/xont'	ἔχω	e)/xw	v-pppanv-
ἔχοντ’	e)/xont'	ἔχω	e)/xw	v-pppana-
ἔχοντ’	e)/xont'	ἔχω	e)/xw	v-sppama-
ἔχοντ’	e)/xont'	ἔχω	e)/xw	v-sppamd-
ἔχοντ’	e)/xont'	ἔχω	e)/xw	v-sppand-
ἔχοντ’	e)/xont'	ἔχω	e)/xw	v3ppia---
ἔχοντ’	e)/xont'	ἔχω	e)/xw	v-dppamn-
ἔχοντ’	e)/xont'	ἔχω	e)/xw	v-dppamv-
ἔχοντ’	e)/xont'	ἔχω	e)/xw	v-dppama-
ἔχοντ’	e)/xont'	ἔχω	e)/xw	v-dppann-
ἔχοντ’	e)/xont'	ἔχω	e)/xw	v-dppanv-
ἔχοντ’	e)/xont'	ἔχω	e)/xw	v-dppana-
ἔχοντ’	e)/xont'	ἔχω	e)/xw	v3ppie---
ἔχοντ’	e)/xont'	ἔχω	e)/xw	v3piie---
ἔχου	e)/xou	ἔχω	e)/xw	v2spme---
ἔχου	e)/xou	ἔχω	e)/xw	v2siie---
ἔχου	e)/xou	χόω	xo/w	v3siia---
ἔχουσα	e)/xousa	ἔχω	e)/xw	v-sppafn-
ἔχουσα	e)/xousa	ἔχω	e)/xw	v-sppafv-
ἔχουσι	e)/xousi	ἔχω	e)/xw	v-pppamd-
ἔχουσι	e)/xousi	ἔχω	e)/xw	v-pppand-
ἔχουσι	e)/xousi	ἔχω	e)/xw	v3ppia---
ἔχουσιν	e)/xousin	ἔχω	e)/xw	v-pppamd-
ἔχουσιν	e)/xousin	ἔχω	e)/xw	v-pppand-
ἔχουσιν	e)/xousin	ἔχω	e)/xw	v3ppia---
ἔχω	e)/xw	ἔχω	e)/xw	v1spsa---
ἔχω	e)/xw	ἔχω	e)/xw	v1spia---
ἔχω	e)/xw	χόω	xo/w	v3siia---
ἔχων	e)/xwn	ἔχω	e)/xw	v-sppamn-
ἔχων	e)/xwn	χάω	xa/w	v3piia---
ἔχων	e)/xwn	χάω	xa/w	v1siia---
ἔχων	e)/xwn	χόω	xo/w	v3piia---
ἔχων	e)/xwn	χόω	xo/w	v1siia---
ἔχ’	e)/x'	ἔχις	e)/xis	n-s---mv-
ἔχ’	e)/x'	ἔχω	e)/xw	v2spma---
ἔχ’	e)/x'	ἔχω	e)/xw	v3siia---
ἔχ’	e)/x'	ἐκάς	e)ka/s	n-s---fv-
ἕκαστος	e(/kastos	ἕκαστος	e(/kastos	a-s---mn-
ἕλη	e(/lh	ἕλη	e(/lh	n-s---fn-
ἕλη	e(/lh	ἕλη	e(/lh	n-s---fv-
ἕλη	e(/lh	ἕλος	e(/los	n-p---nn-
ἕλη	e(/lh	ἕλος	e(/los	n-p---nv-
ἕλη	e(/lh	ἕλος	e(/los	n-p---na-
ἕλη	e(/lh	ἕλος	e(/los	n-d---nn-
ἕλη	e(/lh	ἕλος	e(/los	n-d---nv-
ἕλη	e(/lh	ἕλος	e(/los	n-d---na-
ἕλκει	e(/lkei	ἕλκος	e(/lkos	n-d---nn-
ἕλκει	e(/lkei	ἕλκος	e(/lkos	n-d---nv-
ἕλκει	e(/lkei	ἕλκος	e(/lkos	n-d---na-
ἕλκει	e(/lkei	ἕλκος	e(/lkos	n-s---nd-
ἕλκει	e(/lkei	ἕλκος	e(/lkos	n-s---nd-
ἕλκει	e(/lkei	ἕλκω	e(/lkw	v2spie---
ἕλκει	e(/lkei	ἕλκω	e(/lkw	v3spia---
ἕλκει	e(/lkei	ἑλκέω	e(lke/w	v2spma---
ἕλκει	e(/lkei	ἑλκέω	e(lke/w	v3siia---
ἕνδεκα	e(/ndeka	ἕνδεκα	e(/ndeka	m--------
ἕνεκα	e(/neka	ἕνεκα	e(/neka	r--------
ἕνεχ’	e(/nex'	ἕνεκα	e(/neka	r--------
ἕξ	e(/c	ἕξ	e(/c	m--------
ἕξω	e(/cw	ἔχω	e)/xw	v1sfia---
ἕρποντ’	e(/rpont'	ἕρπω	e(/rpw	v-pppann-
ἕρποντ’	e(/rpont'	ἕρπω	e(/rpw	v-pppanv-
ἕρποντ’	e(/rpont'	ἕρπω	e(/rpw	v-pppana-
ἕρποντ’	e(/rpont'	ἕρπω	e(/rpw	v-sppama-
ἕρποντ’	e(/rpont'	ἕρπω	e(/rpw	v-sppamd-
ἕρποντ’	e(/rpont'	ἕρπω	e(/rpw	v-sppand-
ἕρποντ’	e(/rpont'	ἕρπω	e(/rpw	v3ppia---
ἕρποντ’	e(/rpont'	ἕρπω	e(/rpw	v-dppamn-
ἕρποντ’	e(/rpont'	ἕρπω	e(/rpw	v-dppamv-
ἕρποντ’	e(/rpont'	ἕρπω	e(/rpw	v-dppama-
ἕρποντ’	e(/rpont'	ἕρπω	e(/rpw	v-dppann-
ἕρποντ’	e(/rpont'	ἕρπω	e(/rpw	v-dppanv-
ἕρποντ’	e(/rpont'	ἕρπω	e(/rpw	v-dppana-
ἕρποντ’	e(/rpont'	ἕρπω	e(/rpw	v3ppie---
ἕρποντ’	e(/rpont'	ἕρπω	e(/rpw	v3piie---
ἕτερα	e(/tera	ἕτερος	e(/teros	a-p---nn-
ἕτερα	e(/tera	ἕτερος	e(/teros	a-p---nv-
ἕτερα	e(/tera	ἕτερος	e(/teros	a-p---na-
ἕτερον	e(/teron	ἕτερος	e(/teros	a-s---ma-
ἕτερον	e(/teron	ἕτερος	e(/teros	a-s---nn-
ἕτερον	e(/teron	ἕτερος	e(/teros	a-s---nv-
ἕτερον	e(/teron	ἕτερος	e(/teros	a-s---na-
ἕτερος	e(/teros	ἕτερος	e(/teros	a-s---mn-
ἕτερός	e(/tero/s	ἕτερος	e(/teros	a-s---mn-
ἕτερ’	e(/ter'	ἕτερος	e(/teros	a-p---nn-
ἕτερ’	e(/ter'	ἕτερος	e(/teros	a-p---nv-
ἕτερ’	e(/ter'	ἕτερος	e(/teros	a-p---na-
ἕτερ’	e(/ter'	ἕτερος	e(/teros	a-s---mv-
ἕτερ’	e(/ter'	ἕτερος	e(/teros	a-p---fn-
ἕτερ’	e(/ter'	ἕτερος	e(/teros	a-p---fv-
ἕτοιμός	e(/toimo/s	ἑτοῖμος	e(toi=mos	a-s---mn-
ἕτοιμός	e(/toimo/s	ἑτοῖμος	e(toi=mos	n-s---mn-
ἕτοιμός	e(/toimo/s	ἑτοῖμος	e(toi=mos	n-s---fn-
ἕψεις	e(/yeis	ἕψω	e(/yw	v2spia---
ἕψεις	e(/yeis	ἕψω	e(/yw	v2siia---
ἕψεις	e(/yeis	ἑψάω	e(ya/w	v2siia---
ἕψεις	e(/yeis	ἑψέω	e(ye/w	v2siia---
ἕως	e(/ws	ἕως	e(/ws	c--------
ἕως	e(/ws	ἠώς	h)w/s	n-p---fa-
ἕως	e(/ws	ἠώς	h)w/s	n-p---fn-
ἕως	e(/ws	ἠώς	h)w/s	n-p---fv-
ἕως	e(/ws	ἠώς	h)w/s	n-s---fg-
ἕως	e(/ws	ἠώς	h)w/s	n-s---fn-
Ἐκβατάνοισι	*)ekbata/noisi	Ἐκβάτανα	*)ekba/tana	n-p---nd-
Ἐργασίωνος	*)ergasi/wnos	Ἐργασίων	*)ergasi/wn	n-s---mg-
Ἐφουδίων	*)efoudi/wn	Ἐφουδίων	*)efoudi/wn	n-s---mn-
Ἑκάταιον	*(eka/taion	Ἑκάταιος	*(eka/taios	a-s---ma-
Ἑκάταιον	*(eka/taion	Ἑκάταιος	*(eka/taios	a-s---nn-
Ἑκάταιον	*(eka/taion	Ἑκάταιος	*(eka/taios	a-s---nv-
Ἑκάταιον	*(eka/taion	Ἑκάταιος	*(eka/taios	a-s---na-
Ἑλλάδα	*(ella/da	Ἑλλάς	*(ella/s	n-s---fa-
Ἑλλάδος	*(ella/dos	Ἑλλάς	*(ella/s	n-s---fg-
Ἑστίας	*(esti/as	Ἑστία	*(esti/a	n-s---fg-
Ἑστίας	*(esti/as	ἕστιος	e(/stios	a-p---fa-
Ἑστίας	*(esti/as	ἕστιος	e(/stios	a-s---fg-
Ἑστίας	*(esti/as	ἑστία	e(sti/a	n-p---fa-
Ἑστίας	*(esti/as	ἑστία	e(sti/a	n-s---fg-
Ἑστίας	*(esti/as	ἑστιάω	e(stia/w	v2siia---
Ἕλλας	*(/ellas	Ἕλλη	*(/ellh	n-p---fa-
Ἕλλας	*(/ellas	Ἕλλη	*(/ellh	n-s---fg-
ἠγωνίζετο	h)gwni/zeto	ἀγωνίζομαι	a)gwni/zomai	v3siie---
ἠγωνίσμεθα	h)gwni/smeqa	ἀγωνίζομαι	a)gwni/zomai	v1plie---
ἠγωνίσμεθα	h)gwni/smeqa	ἀγωνίζομαι	a)gwni/zomai	v1prie---
ἠδίκησεν	h)di/khsen	ἀδικέω	a)dike/w	v3saia---
ἠκηκόη	h)khko/h	ἀκούω	a)kou/w	v3slia---
ἠκηκόη	h)khko/h	ἀκούω	a)kou/w	v1slia---
ἠκούσαθ’	h)kou/saq'	ἀκούω	a)kou/w	v3saim---
ἠκούσαθ’	h)kou/saq'	ἀκούω	a)kou/w	v2paia---
ἠκούσαμεν	h)kou/samen	ἀκούω	a)kou/w	v1paia---
ἠμπόλα	h)mpo/la	ἐμπολάω	e)mpola/w	v3siia---
ἠμφιεσμένῳ	h)mfiesme/nw|	ἀμφί-ἀμφιέννυμι	a)mfi/-a)mfie/nnumi	v-srpemd-
ἠμφιεσμένῳ	h)mfiesme/nw|	ἀμφί-ἀμφιέννυμι	a)mfi/-a)mfie/nnumi	v-srpend-
ἠπιάλοις	h)pia/lois	ἠπίαλος	h)pi/alos	n-p---md-
ἠργάσατο	h)rga/sato	ἐργάζομαι	e)rga/zomai	v3saie---
ἠργάσω	h)rga/sw	ἐργάζομαι	e)rga/zomai	v2saie---
ἠρεθισμένον	h)reqisme/non	ἐρεθίζω	e)reqi/zw	v-srpema-
ἠρεθισμένον	h)reqisme/non	ἐρεθίζω	e)reqi/zw	v-srpenn-
ἠρεθισμένον	h)reqisme/non	ἐρεθίζω	e)reqi/zw	v-srpenv-
ἠρεθισμένον	h)reqisme/non	ἐρεθίζω	e)reqi/zw	v-srpena-
ἡ	h(	ὁ	o(	l-s---fn-
ἡ	h(	ὁ	o(	l-s---fv-
ἡγεῖτ’	h(gei=t'	ἁγέομαι	a(ge/omai	v3siie---
ἡγεῖτ’	h(gei=t'	ἡγέομαι	h(ge/omai	v3siim---
ἡγεῖτ’	h(gei=t'	ἡγέομαι	h(ge/omai	v3spom---
ἡγεῖτ’	h(gei=t'	ἡγέομαι	h(ge/omai	v3siim---
ἡγεῖτ’	h(gei=t'	ἡγέομαι	h(ge/omai	v3spim---
ἡγεῖτ’	h(gei=t'	ἡγέομαι	h(ge/omai	v3siim---
ἡγοῦνται	h(gou=ntai	ἡγέομαι	h(ge/omai	v3ppim---
ἡδονῆς	h(donh=s	ἡδονά	h(dona/	n-s---fg-
ἡδονῆς	h(donh=s	ἡδονή	h(donh/	n-s---fg-
ἡδέως	h(de/ws	ἡδέως	h(de/ws	d--------
ἡδέως	h(de/ws	ἡδύς	h(du/s	x--------
ἡδέως	h(de/ws	ἡδύς	h(du/s	x--------
ἡδί	h(di/	ὅδε	o(/de	n-s---fn-
ἡδόμενος	h(do/menos	ἥδομαι	h(/domai	v-sppemn-
ἡδύσματα	h(du/smata	ἥδυσμα	h(/dusma	n-p---nn-
ἡδύσματα	h(du/smata	ἥδυσμα	h(/dusma	n-p---nv-
ἡδύσματα	h(du/smata	ἥδυσμα	h(/dusma	n-p---na-
ἡλιαστικοῦ	h(liastikou=	ἡλιαστικός	h(liastiko/s	a-s---mg-
ἡλιαστικοῦ	h(liastikou=	ἡλιαστικός	h(liastiko/s	a-s---ng-
ἡλιαστής	h(liasth/s	ἡλιαστής	h(liasth/s	n-s---mn-
ἡλικίας	h(liki/as	ἡλικία	h(liki/a	n-p---fa-
ἡλικίας	h(liki/as	ἡλικία	h(liki/a	n-s---fg-
ἡλιάσει	h(lia/sei	ἡλίασις	h(li/asis	n-d---fn-
ἡλιάσει	h(lia/sei	ἡλίασις	h(li/asis	n-d---fv-
ἡλιάσει	h(lia/sei	ἡλίασις	h(li/asis	n-d---fa-
ἡλιάσει	h(lia/sei	ἡλίασις	h(li/asis	n-s---fd-
ἡλιάσει	h(lia/sei	ἡλίασις	h(li/asis	n-s---fd-
ἡλιάσει	h(lia/sei	ἡλιάω	h(lia/w	v3sasa---
ἡλιάσει	h(lia/sei	ἡλιάω	h(lia/w	v2sfim---
ἡλιάσει	h(lia/sei	ἡλιάω	h(lia/w	v3sfia---
ἡλιάσει	h(lia/sei	ἡλιάω	h(lia/w	v2stie---
ἡλιάσει	h(lia/sei	ἡλιάω	h(lia/w	v3stia---
ἡλιάσει	h(lia/sei	ἡλιάζομαι	h(lia/zomai	v3sasa---
ἡλιάσει	h(lia/sei	ἡλιάζομαι	h(lia/zomai	v2sfim---
ἡλιάσει	h(lia/sei	ἡλιάζομαι	h(lia/zomai	v3sfia---
ἡλιάσει	h(lia/sei	ἡλιάζω	h(lia/zw	v3sasa---
ἡλιάσει	h(lia/sei	ἡλιάζω	h(lia/zw	v2sfim---
ἡλιάσει	h(lia/sei	ἡλιάζω	h(lia/zw	v3sfia---
ἡμερῶν	h(merw=n	ἡμέρα	h(me/ra	n-p---fg-
ἡμερῶν	h(merw=n	ἡμερόω	h(mero/w	v-sppamv-
ἡμερῶν	h(merw=n	ἡμερόω	h(mero/w	v-sppann-
ἡμερῶν	h(merw=n	ἡμερόω	h(mero/w	v-sppanv-
ἡμερῶν	h(merw=n	ἡμερόω	h(mero/w	v-sppana-
ἡμερῶν	h(merw=n	ἡμερόω	h(mero/w	v-sppamn-
ἡμερῶν	h(merw=n	ἡμερόω	h(mero/w	v--pna---
ἡμετέρας	h(mete/ras	ἡμέτερος	h(me/teros	a-p---fa-
ἡμετέρας	h(mete/ras	ἡμέτερος	h(me/teros	a-s---fg-
ἡμετέροις	h(mete/rois	ἡμέτερος	h(me/teros	a-p---md-
ἡμετέροις	h(mete/rois	ἡμέτερος	h(me/teros	a-p---nd-
ἡμεῖς	h(mei=s	ἐγώ	e)gw/	p-p---mn-
ἡμεῖς	h(mei=s	ἐγώ	e)gw/	p-p---mv-
ἡμεῖς	h(mei=s	ἐγώ	e)gw/	p-p---fn-
ἡμεῖς	h(mei=s	ἐγώ	e)gw/	p-p---fv-
ἡμέραν	h(me/ran	ἥμερος	h(/meros	a-s---fa-
ἡμέραν	h(me/ran	ἡμέρα	h(me/ra	n-s---fa-
ἡμέρας	h(me/ras	ἥμερος	h(/meros	a-p---fa-
ἡμέρας	h(me/ras	ἥμερος	h(/meros	a-s---fg-
ἡμέρας	h(me/ras	ἡμέρα	h(me/ra	n-p---fa-
ἡμέρας	h(me/ras	ἡμέρα	h(me/ra	n-s---fg-
ἡμᾶς	h(ma=s	ἐγώ	e)gw/	p-p---ma-
ἡμᾶς	h(ma=s	ἐγώ	e)gw/	p-p---fa-
ἡμᾶς	h(ma=s	ἡμός	h(mo/s	a-s---fg-
ἡμῖν	h(mi=n	ἐγώ	e)gw/	p-p---md-
ἡμῖν	h(mi=n	ἐγώ	e)gw/	p-p---fd-
ἡμῶν	h(mw=n	ἐγώ	e)gw/	p-p---mg-
ἡμῶν	h(mw=n	ἐγώ	e)gw/	p-p---fg-
ἡμῶν	h(mw=n	ἡμός	h(mo/s	a-p---fg-
ἡμῶν	h(mw=n	ἡμός	h(mo/s	a-p---mg-
ἡμῶν	h(mw=n	ἡμός	h(mo/s	a-p---ng-
ἡνιοχήσας	h(nioxh/sas	ἡνιοχέω	h(nioxe/w	v-sapamn-
ἡνιοχήσας	h(nioxh/sas	ἡνιοχέω	h(nioxe/w	v-sapamv-
ἡνίκα	h(ni/ka	ἡνίκα	h(ni/ka	d--------
ἡρώων	h(rw/wn	ἥρως	h(/rws	n-p---mg-
ἡρώων	h(rw/wn	ἥρως	h(/rws	n-p---mg-
ἡσθείς	h(sqei/s	ἥδομαι	h(/domai	v-sappmn-
ἡσθείς	h(sqei/s	ἥδομαι	h(/domai	v-sappmv-
ἡσυχίας	h(suxi/as	ἡσυχία	h(suxi/a	n-p---fa-
ἡσυχίας	h(suxi/as	ἡσυχία	h(suxi/a	n-s---fg-
ἡττηθῶ	h(tthqw=	ἡσσάομαι	h(ssa/omai	v1sase---
ἡττηθῶ	h(tthqw=	ἡττάω	h(tta/w	v1sasp---
ἤ	h)/	ἤ1	h)/1	c--------
ἤ	h)/	ἤ2	h)/2	x--------
ἤδη	h)/dh	ἤδη	h)/dh	d--------
ἤδη	h)/dh	ἦδος	h)=dos	n-p---nn-
ἤδη	h)/dh	ἦδος	h)=dos	n-p---nv-
ἤδη	h)/dh	ἦδος	h)=dos	n-p---na-
ἤδη	h)/dh	ἦδος	h)=dos	n-d---nn-
ἤδη	h)/dh	ἦδος	h)=dos	n-d---nv-
ἤδη	h)/dh	ἦδος	h)=dos	n-d---na-
ἤκουσα	h)/kousa	ἀκούω	a)kou/w	v1saia---
ἤκουσέ	h)/kouse/	ἀκούω	a)kou/w	v3saia---
ἤν	h)/n	ἐάν	e)a/n	c--------
ἤν	h)/n	ἤν	h)/n	x--------
ἤπιον	h)/pion	ἤπιος	h)/pios	a-s---ma-
ἤπιον	h)/pion	ἤπιος	h)/pios	a-s---nn-
ἤπιον	h)/pion	ἤπιος	h)/pios	a-s---nv-
ἤπιον	h)/pion	ἤπιος	h)/pios	a-s---na-
ἤπιον	h)/pion	ἤπιος	h)/pios	n-s---ma-
ἤπιον	h)/pion	ἤπιος	h)/pios	n-s---fa-
ἤπιον	h)/pion	ἤπιος	h)/pios	n-s---nn-
ἤπιον	h)/pion	ἤπιος	h)/pios	n-s---nv-
ἤπιον	h)/pion	ἤπιος	h)/pios	n-s---na-
ἤρετ’	h)/ret'	αἴρω	ai)/rw	v3saim---
ἤρετ’	h)/ret'	ἔρομαι	e)/romai	v3saim---
ἥβης	h(/bhs	ἅπτω	a(/ptw	v2saip---
ἥβης	h(/bhs	ἥβη	h(/bh	n-s---fg-
ἥβης	h(/bhs	ἡβάω	h(ba/w	v2siia---
ἥβης	h(/bhs	ἡβάω	h(ba/w	v2siia---
ἥβης	h(/bhs	ἡβάω	h(ba/w	v2siia---
ἥβης	h(/bhs	ἡβάω	h(ba/w	v2spia---
ἥβης	h(/bhs	ἡβάω	h(ba/w	v2siia---
ἥβων	h(/bwn	ἡβάω	h(ba/w	v3piia---
ἥβων	h(/bwn	ἡβάω	h(ba/w	v1siia---
ἥβων	h(/bwn	ἡβάω	h(ba/w	v3piia---
ἥβων	h(/bwn	ἡβάω	h(ba/w	v1siia---
ἥδεσθαι	h(/desqai	ἥδομαι	h(/domai	v--pne---
ἥδιον	h(/dion	ἡδύς	h(du/s	a-s---mv-
ἥδιον	h(/dion	ἡδύς	h(du/s	a-s---fv-
ἥδιον	h(/dion	ἡδύς	h(du/s	a-s---nn-
ἥδιον	h(/dion	ἡδύς	h(du/s	a-s---nv-
ἥδιον	h(/dion	ἡδύς	h(du/s	a-s---na-
ἥδιστον	h(/diston	ἡδύς	h(du/s	a-s---ma-
ἥδιστον	h(/diston	ἡδύς	h(du/s	a-s---nn-
ἥδιστον	h(/diston	ἡδύς	h(du/s	a-s---nv-
ἥδιστον	h(/diston	ἡδύς	h(du/s	a-s---na-
ἥδυσμά	h(/dusma/	ἥδυσμα	h(/dusma	n-s---nn-
ἥδυσμά	h(/dusma/	ἥδυσμα	h(/dusma	n-s---nv-
ἥδυσμά	h(/dusma/	ἥδυσμα	h(/dusma	n-s---na-
ἥκει	h(/kei	ἥκω	h(/kw	v2spie---
ἥκει	h(/kei	ἥκω	h(/kw	v3spia---
ἥκειν	h(/kein	ἥκω	h(/kw	v--pna---
ἥκιστ’	h(/kist'	ἥκιστος	h(/kistos	a-p---nn-
ἥκιστ’	h(/kist'	ἥκιστος	h(/kistos	a-p---nv-
ἥκιστ’	h(/kist'	ἥκιστος	h(/kistos	a-p---na-
ἥκιστ’	h(/kist'	ἥκιστος	h(/kistos	a-s---mv-
ἥκιστ’	h(/kist'	ἥκιστος	h(/kistos	a-p---fn-
ἥκιστ’	h(/kist'	ἥκιστος	h(/kistos	a-p---fv-
ἥκονθ’	h(/konq'	ἥκω	h(/kw	v-pppann-
ἥκονθ’	h(/konq'	ἥκω	h(/kw	v-pppanv-
ἥκονθ’	h(/konq'	ἥκω	h(/kw	v-pppana-
ἥκονθ’	h(/konq'	ἥκω	h(/kw	v-sppama-
ἥκονθ’	h(/konq'	ἥκω	h(/kw	v-sppamd-
ἥκονθ’	h(/konq'	ἥκω	h(/kw	v-sppand-
ἥκονθ’	h(/konq'	ἥκω	h(/kw	v3ppia---
ἥκονθ’	h(/konq'	ἥκω	h(/kw	v3piie---
ἥκονθ’	h(/konq'	ἥκω	h(/kw	v-dppamn-
ἥκονθ’	h(/konq'	ἥκω	h(/kw	v-dppamv-
ἥκονθ’	h(/konq'	ἥκω	h(/kw	v-dppama-
ἥκονθ’	h(/konq'	ἥκω	h(/kw	v-dppann-
ἥκονθ’	h(/konq'	ἥκω	h(/kw	v-dppanv-
ἥκονθ’	h(/konq'	ἥκω	h(/kw	v-dppana-
ἥκονθ’	h(/konq'	ἥκω	h(/kw	v3ppie---
ἥκονθ’	h(/konq'	ἥκω	h(/kw	v3piie---
ἥλικες	h(/likes	ἧλιξ	h(=lic	n-p---mn-
ἥλικες	h(/likes	ἧλιξ	h(=lic	n-p---mv-
ἥλικες	h(/likes	ἧλιξ	h(=lic	n-p---fn-
ἥλικες	h(/likes	ἧλιξ	h(=lic	n-p---fv-
ἥλιον	h(/lion	ἥλιος	h(/lios	n-s---ma-
ἥν	h(/n	ὅς	o(/s	p-s---fa-
ἥνπερ	h(/nper	ὅς	o(/s	p-s---fa-
ἥντινα	h(/ntina	ὅστις	o(/stis	p-s---fa-
ἥξομέν	h(/come/n	ἥκω	h(/kw	v1pasa---
ἥξομέν	h(/come/n	ἥκω	h(/kw	v1pfia---
ἥξουσιν	h(/cousin	ἥκω	h(/kw	v3pasa---
ἥξουσιν	h(/cousin	ἥκω	h(/kw	v-pfpamd-
ἥξουσιν	h(/cousin	ἥκω	h(/kw	v-pfpand-
ἥξουσιν	h(/cousin	ἥκω	h(/kw	v3pfia---
ἥξω	h(/cw	ἥκω	h(/kw	v2saim---
ἥξω	h(/cw	ἥκω	h(/kw	v1sasa---
ἥξω	h(/cw	ἥκω	h(/kw	v1sfia---
ἥξω	h(/cw	ἥκω	h(/kw	v2saim---
ἥρως	h(/rws	ἥρως	h(/rws	n-p---ma-
ἥρως	h(/rws	ἥρως	h(/rws	n-p---mn-
ἥρως	h(/rws	ἥρως	h(/rws	n-p---mv-
ἥρως	h(/rws	ἥρως	h(/rws	n-s---mg-
ἥρως	h(/rws	ἥρως	h(/rws	n-s---mn-
ἥρως	h(/rws	ἥρως	h(/rws	n-p---mn-
ἥρως	h(/rws	ἥρως	h(/rws	n-p---mv-
ἥρως	h(/rws	ἥρως	h(/rws	n-p---ma-
ἥρως	h(/rws	ἥρως	h(/rws	n-s---mn-
ἥρως	h(/rws	ἥρως	h(/rws	n-s---mv-
ἥρως	h(/rws	ἥρως	h(/rws	n-p---ma-
ἥρως	h(/rws	ἥρως	h(/rws	n-p---mn-
ἥσυχον	h(/suxon	ἥσυχος	h(/suxos	n-s---ma-
ἥσυχον	h(/suxon	ἥσυχος	h(/suxos	n-s---fa-
ἥσυχον	h(/suxon	ἥσυχος	h(/suxos	n-s---nn-
ἥσυχον	h(/suxon	ἥσυχος	h(/suxos	n-s---nv-
ἥσυχον	h(/suxon	ἥσυχος	h(/suxos	n-s---na-
ἥτις	h(/tis	ὅστις	o(/stis	p-s---fn-
ἥττων	h(/ttwn	ἥσσων	h(/sswn	a-s---mn-
ἥττων	h(/ttwn	ἥσσων	h(/sswn	a-s---fn-
ἥττων	h(/ttwn	ἡττάω	h(tta/w	v3piia---
ἥττων	h(/ttwn	ἡττάω	h(tta/w	v1siia---
ἥττων	h(/ttwn	ἡττάω	h(tta/w	v3piia---
ἥττων	h(/ttwn	ἡττάω	h(tta/w	v1siia---
ἥψομεν	h(/yomen	ἅπτω	a(/ptw	v1ptia---
ἥψομεν	h(/yomen	ἕψω	e(/yw	v1piia---
ἦ	h)=	εἰμί	ei)mi/	v1siia---
ἦ	h)=	ἦ	h)=	d--------
ἦ	h)=	ἠμί	h)mi/	v3siia---
ἦγχον	h)=gxon	ἄγχω	a)/gxw	v3piia---
ἦγχον	h)=gxon	ἄγχω	a)/gxw	v1siia---
ἦθος	h)=qos	ἦθος	h)=qos	n-s---nn-
ἦθος	h)=qos	ἦθος	h)=qos	n-s---nv-
ἦθος	h)=qos	ἦθος	h)=qos	n-s---na-
ἦλθ’	h)=lq'	ἔρχομαι	e)/rxomai	v1saia---
ἦλθ’	h)=lq'	ἔρχομαι	e)/rxomai	v3saia---
ἦλθ’	h)=lq'	ἔρχομαι	e)/rxomai	v3saia---
ἦν	h)=n	εἰμί	ei)mi/	v1siia---
ἦν	h)=n	εἰμί	ei)mi/	v3piia---
ἦν	h)=n	εἰμί	ei)mi/	v3siia---
ἦν	h)=n	ἠμί	h)mi/	v1siia---
ἦρξε	h)=rce	ἄρχω	a)/rxw	v3saia---
ἦρξε	h)=rce	ἔρδω	e)/rdw	v3saia---
ἦσθ’	h)=sq'	ἔσθω	e)/sqw	v3siia---
ἦσθ’	h)=sq'	εἰμί	ei)mi/	v2piia---
ἦσθ’	h)=sq'	εἰμί	ei)mi/	v2siia---
ἦσθ’	h)=sq'	εἰμί	ei)mi/	v2spsa---
ἦσθ’	h)=sq'	εἰμί	ei)mi/	v2ppsa---
ἧς	h(=s	εἷς	ei(=s	n-s---mn-
ἧς	h(=s	ὅς	o(/s	p-s---fg-
ἧττον	h(=tton	ἥσσων	h(/sswn	a-s---mv-
ἧττον	h(=tton	ἥσσων	h(/sswn	a-s---fv-
ἧττον	h(=tton	ἥσσων	h(/sswn	a-s---nn-
ἧττον	h(=tton	ἥσσων	h(/sswn	a-s---nv-
ἧττον	h(=tton	ἥσσων	h(/sswn	a-s---na-
Ἡρακλέα	*(hrakle/a	Ἡράκλεα	*(hra/klea	n-d---fn-
Ἡρακλέα	*(hrakle/a	Ἡράκλεα	*(hra/klea	n-d---fv-
Ἡρακλέα	*(hrakle/a	Ἡράκλεα	*(hra/klea	n-d---fa-
Ἡρακλέα	*(hrakle/a	Ἡρακλῆς	*(hraklh=s	n-s---ma-
Ἡρακλέους	*(hrakle/ous	Ἡρακλέος	*(hrakle/os	n-p---ma-
Ἡρακλέους	*(hrakle/ous	Ἡρακλῆς	*(hraklh=s	n-s---mg-
Ἡρακλῆς	*(hraklh=s	Ἡρακλῆς	*(hraklh=s	n-s---mn-
Ἡράκλεις	*(hra/kleis	Ἡρακλῆς	*(hraklh=s	n-s---mv-
ἰαιβοῖ	i)aiboi=	ἰαιβοῖ	i)aiboi=	x--------
ἰδεῖν	i)dei=n	εἶδον	ei)=don	v--ana---
ἰδεῖν	i)dei=n	ἰδέω	i)de/w	v--pna---
ἰδού	i)dou/	ἰδού	i)dou/	d--------
ἰδόντες	i)do/ntes	εἶδον	ei)=don	v-papamn-
ἰδόντες	i)do/ntes	εἶδον	ei)=don	v-papamv-
ἰδών	i)dw/n	εἶδον	ei)=don	v-sapamn-
ἰεῦ	i)eu=	ἰάομαι	i)a/omai	v2siie---
ἰεῦ	i)eu=	ἰάομαι	i)a/omai	v2spme---
ἰεῦ	i)eu=	ἰάομαι	i)a/omai	v2siie---
ἰεῦ	i)eu=	ἰεῦ	i)eu=	x--------
ἰνδάλλεται	i)nda/lletai	ἰνδάλλομαι	i)nda/llomai	v3spie---
ἰού	i)ou/	ἰού	i)ou/	x--------
ἰπνόν	i)pno/n	ἰπνός	i)pno/s	n-s---ma-
ἰσχάδας	i)sxa/das	ἰσχάς	i)sxa/s	n-p---fa-
ἰσχέτω	i)sxe/tw	ἴσχω	i)/sxw	v3spma---
ἰσώσῃ	i)sw/sh|	ἴσωσις	i)/swsis	n-s---fd-
ἰσώσῃ	i)sw/sh|	ἰσάζω	i)sa/zw	v-sfpafd-
ἰσώσῃ	i)sw/sh|	ἰσόω	i)so/w	v2sasm---
ἰσώσῃ	i)sw/sh|	ἰσόω	i)so/w	v3sasa---
ἰσώσῃ	i)sw/sh|	ἰσόω	i)so/w	v2sfim---
ἰσώσῃ	i)sw/sh|	ἰσόω	i)so/w	v2stie---
ἰσώσῃ	i)sw/sh|	ἰσόω	i)so/w	v2stim---
ἰχθύσιν	i)xqu/sin	ἰχθύς	i)xqu/s	n-p---md-
ἰάσασθαι	i)a/sasqai	ἰάομαι	i)a/omai	v--ane---
ἰάσασθαι	i)a/sasqai	ἰάζω	i)a/zw	v--anm---
ἰή	i)h/	ἰά	i)a/	n-s---fn-
ἰή	i)h/	ἰά	i)a/	n-s---fv-
ἰή	i)h/	ἰή	i)h/	x--------
ἰήιε	i)h/ie	ἰήιος	i)h/ios	a-s---mv-
ἰήιε	i)h/ie	ἰήιος	i)h/ios	n-s---mv-
ἰήιε	i)h/ie	ἰήιος	i)h/ios	n-s---fv-
ἰώ	i)w/	ἰόσ1	i)o/s1	n-d---mn-
ἰώ	i)w/	ἰόσ1	i)o/s1	n-d---mv-
ἰώ	i)w/	ἰόσ1	i)o/s1	n-d---ma-
ἰώ	i)w/	ἰόσ1	i)o/s1	n-d---nn-
ἰώ	i)w/	ἰόσ1	i)o/s1	n-d---nv-
ἰώ	i)w/	ἰόσ1	i)o/s1	n-d---na-
ἰώ	i)w/	ἰόσ2	i)o/s2	n-d---mn-
ἰώ	i)w/	ἰόσ2	i)o/s2	n-d---mv-
ἰώ	i)w/	ἰόσ2	i)o/s2	n-d---ma-
ἰώ	i)w/	ἰώ	i)w/	x--------
ἰών	i)w/n	εἶμι	ei)=mi	v-sppamn-
ἰών	i)w/n	εἰμί	ei)mi/	v-sppamn-
ἱερῶν	i(erw=n	ἱερά	i(era/	n-p---fg-
ἱερῶν	i(erw=n	ἱεράζω	i(era/zw	v-sfpamv-
ἱερῶν	i(erw=n	ἱεράζω	i(era/zw	v-sfpann-
ἱερῶν	i(erw=n	ἱεράζω	i(era/zw	v-sfpanv-
ἱερῶν	i(erw=n	ἱεράζω	i(era/zw	v-sfpana-
ἱερῶν	i(erw=n	ἱεράζω	i(era/zw	v-sfpamn-
ἱερῶν	i(erw=n	ἱεραί	i(erai/	n-p---fg-
ἱερῶν	i(erw=n	ἱερή	i(erh/	n-p---fg-
ἱερῶν	i(erw=n	ἱερόν	i(ero/n	n-p---ng-
ἱερῶν	i(erw=n	ἱερός	i(ero/s	a-p---fg-
ἱερῶν	i(erw=n	ἱερός	i(ero/s	a-p---mg-
ἱερῶν	i(erw=n	ἱερός	i(ero/s	a-p---ng-
ἱερῶν	i(erw=n	ἱερός	i(ero/s	n-p---mg-
ἱερῶν	i(erw=n	ἱερός	i(ero/s	n-p---fg-
ἱερῶν	i(erw=n	ἱερός	i(ero/s	n-p---ng-
ἱερῶν	i(erw=n	ἱερόω	i(ero/w	v-sppamv-
ἱερῶν	i(erw=n	ἱερόω	i(ero/w	v-sppann-
ἱερῶν	i(erw=n	ἱερόω	i(ero/w	v-sppanv-
ἱερῶν	i(erw=n	ἱερόω	i(ero/w	v-sppana-
ἱερῶν	i(erw=n	ἱερόω	i(ero/w	v-sppamn-
ἱερῶν	i(erw=n	ἱερόω	i(ero/w	v--pna---
ἱκετεύουσίν	i(keteu/ousi/n	ἱκετεύω	i(keteu/w	v-pppamd-
ἱκετεύουσίν	i(keteu/ousi/n	ἱκετεύω	i(keteu/w	v-pppand-
ἱκετεύουσίν	i(keteu/ousi/n	ἱκετεύω	i(keteu/w	v3ppia---
ἱματίων	i(mati/wn	ἱμάτιον	i(ma/tion	n-p---ng-
ἱμάς	i(ma/s	ἱμάς	i(ma/s	n-s---mn-
ἱμάς	i(ma/s	ἱμάς	i(ma/s	n-s---mn-
ἱμάς	i(ma/s	ἱμάς	i(ma/s	n-s---mv-
ἱππικῆς	i(ppikh=s	ἱππικός	i(ppiko/s	a-s---fg-
ἱρόν	i(ro/n	ἱερός	i(ero/s	a-s---ma-
ἱρόν	i(ro/n	ἱερός	i(ero/s	a-s---nn-
ἱρόν	i(ro/n	ἱερός	i(ero/s	a-s---nv-
ἱρόν	i(ro/n	ἱερός	i(ero/s	a-s---na-
ἱρόν	i(ro/n	ἱρός	i(ro/s	a-s---ma-
ἱρόν	i(ro/n	ἱρός	i(ro/s	a-s---nn-
ἱρόν	i(ro/n	ἱρός	i(ro/s	a-s---nv-
ἱρόν	i(ro/n	ἱρός	i(ro/s	a-s---na-
ἱέντων	i(e/ntwn	ἵημι	i(/hmi	v3ppma---
ἱέντων	i(e/ntwn	ἵημι	i(/hmi	v-pppamg-
ἱέντων	i(e/ntwn	ἵημι	i(/hmi	v-pppang-
ἱέντων	i(e/ntwn	ἵημι	i(/hmi	v3ppma---
ἴδω	i)/dw	εἶδον	ei)=don	v1sasa---
ἴδωμαι	i)/dwmai	εἶδον	ei)=don	v1sase---
ἴδῃ	i)/dh|	εἶδον	ei)=don	v2sase---
ἴδῃ	i)/dh|	εἶδον	ei)=don	v3sasa---
ἴδῃ	i)/dh|	ἴδη	i)/dh	n-s---fd-
ἴθι	i)/qi	εἶμι	ei)=mi	v2spma---
ἴμεν	i)/men	εἶμι	ei)=mi	v1ppia---
ἴμεν	i)/men	εἶμι	ei)=mi	v--pna---
ἴστε	i)/ste	οἶδα	oi)=da	v2prma---
ἴστε	i)/ste	οἶδα	oi)=da	v2pria---
ἴσχυόν	i)/sxuo/n	ἰσχύω	i)sxu/w	v3piia---
ἴσχυόν	i)/sxuo/n	ἰσχύω	i)sxu/w	v1siia---
ἴσχυόν	i)/sxuo/n	ἰσχύω	i)sxu/w	v3piia---
ἴσχυόν	i)/sxuo/n	ἰσχύω	i)sxu/w	v1siia---
ἴσως	i)/sws	ἴσος	i)/sos	x--------
ἴσως	i)/sws	ἴσος	i)/sos	a-p---ma-
ἴσως	i)/sws	ἴσος	i)/sos	x--------
ἴσως	i)/sws	ἴσος	i)/sos	a-p---ma-
ἴσως	i)/sws	ἴσως	i)/sws	d--------
ἴσως	i)/sws	ἰσόω	i)so/w	v2siia---
ἴσως	i)/sws	ἰσόω	i)so/w	v2siia---
ἴτε	i)/te	εἶμι	ei)=mi	v2ppma---
ἴτε	i)/te	εἶμι	ei)=mi	v2ppia---
ἴω	i)/w	εἶμι	ei)=mi	v1spsa---
ἴω	i)/w	εἰμί	ei)mi/	v1spsa---
ἴω	i)/w	ἴον	i)/on	n-d---nn-
ἴω	i)/w	ἴον	i)/on	n-d---nv-
ἴω	i)/w	ἴον	i)/on	n-d---na-
ἴω	i)/w	ἴον	i)/on	n-s---ng-
ἴω	i)/w	ἰόω	i)o/w	v3siia---
ἴω	i)/w	ἰόω	i)o/w	v2spma---
ἴω	i)/w	ἰόω	i)o/w	v3siia---
ἴωμεν	i)/wmen	εἶμι	ei)=mi	v1ppsa---
ἴωμεν	i)/wmen	εἰμί	ei)mi/	v1ppsa---
ἵεις	i(/eis	ἵημι	i(/hmi	v2siia---
ἵεις	i(/eis	ἵημι	i(/hmi	v2siia---
ἵεις	i(/eis	ἱέω	i(e/w	v2siia---
ἵεις	i(/eis	ἱέω	i(e/w	v2siia---
ἵεσο	i(/eso	ἵημι	i(/hmi	v2siie---
ἵεσο	i(/eso	ἵημι	i(/hmi	v2spme---
ἵεσο	i(/eso	ἵημι	i(/hmi	v2siie---
ἵνα	i(/na	ἵνα	i(/na	d--------
ἵνα	i(/na	ἵνα	i(/na	c--------
Ἰνοῖ	*)inoi=	Ἰνώ	*)inw/	n-s---fd-
Ἰνοῖ	*)inoi=	ἰνάω	i)na/w	v3spoa---
Ἰνοῖ	*)inoi=	ἰνέω	i)ne/w	v3spoa---
Ἰνοῖ	*)inoi=	ἰνόω	i)no/w	v2spie---
Ἰνοῖ	*)inoi=	ἰνόω	i)no/w	v3spoa---
Ἰνοῖ	*)inoi=	ἰνόω	i)no/w	v3spia---
Ἱππίου	*(ippi/ou	Ἵππιος	*(/ippios	n-s---mg-
Ἱππίου	*(ippi/ou	Ἱππίας	*(ippi/as	n-s---mg-
Ἱππίου	*(ippi/ou	ἵππιος	i(/ppios	a-s---mg-
Ἱππίου	*(ippi/ou	ἵππιος	i(/ppios	a-s---ng-
Ἱππίου	*(ippi/ou	ἱππίας	i(ppi/as	n-s---mg-
Ἴθακος	*)/iqakos	Ἴθακος	*)/iqakos	n-s---mn-
Ἵππυλλος	*(/ippullos	Ἵππυλλος	*(/ippullos	n-s---mn-
ὀβελίσκους	o)beli/skous	ὀβελίσκος	o)beli/skos	n-p---ma-
ὀβολούς	o)bolou/s	ὀβολός	o)bolo/s	n-p---ma-
ὀβολώ	o)bolw/	ὀβολός	o)bolo/s	n-d---mn-
ὀβολώ	o)bolw/	ὀβολός	o)bolo/s	n-d---mv-
ὀβολώ	o)bolw/	ὀβολός	o)bolo/s	n-d---ma-
ὀβολῶν	o)bolw=n	ὀβολός	o)bolo/s	n-p---mg-
ὀγκῶσαι	o)gkw=sai	ὀγκόω	o)gko/w	v--ana---
ὀδυνηθείς	o)dunhqei/s	ὀδυνάω	o)duna/w	v-sappmn-
ὀδυνηθείς	o)dunhqei/s	ὀδυνάω	o)duna/w	v-sappmv-
ὀδάξ	o)da/c	ὀδάξ	o)da/c	d--------
ὀζήσει	o)zh/sei	ὄζω	o)/zw	v3sasa---
ὀζήσει	o)zh/sei	ὄζω	o)/zw	v2sfim---
ὀζήσει	o)zh/sei	ὄζω	o)/zw	v3sfia---
ὀλοφυρμοῖς	o)lofurmoi=s	ὀλοφυρμός	o)lofurmo/s	n-p---md-
ὀλίγον	o)li/gon	ὀλίγος	o)li/gos	a-s---ma-
ὀλίγον	o)li/gon	ὀλίγος	o)li/gos	a-s---nn-
ὀλίγον	o)li/gon	ὀλίγος	o)li/gos	a-s---nv-
ὀλίγον	o)li/gon	ὀλίγος	o)li/gos	a-s---na-
ὀλίγου	o)li/gou	ὀλίγος	o)li/gos	a-s---mg-
ὀλίγου	o)li/gou	ὀλίγος	o)li/gos	a-s---ng-
ὀλίγου	o)li/gou	ὀλιγόω	o)ligo/w	v2spma---
ὀλίγου	o)li/gou	ὀλιγόω	o)ligo/w	v3siia---
ὀλίγ’	o)li/g'	ὀλίγος	o)li/gos	a-p---nn-
ὀλίγ’	o)li/g'	ὀλίγος	o)li/gos	a-p---nv-
ὀλίγ’	o)li/g'	ὀλίγος	o)li/gos	a-p---na-
ὀλίγ’	o)li/g'	ὀλίγος	o)li/gos	a-s---mv-
ὀλίγ’	o)li/g'	ὀλίγος	o)li/gos	a-p---fn-
ὀλίγ’	o)li/g'	ὀλίγος	o)li/gos	a-p---fv-
ὀλίγ’	o)li/g'	ὀλίγος	o)li/gos	a-s---fd-
ὀνείρατα	o)nei/rata	ὄνειρος	o)/neiros	n-p---nn-
ὀνείρατα	o)nei/rata	ὄνειρος	o)/neiros	n-p---nv-
ὀνείρατα	o)nei/rata	ὄνειρος	o)/neiros	n-p---na-
ὀνίδιον	o)ni/dion	ὀνίδιον	o)ni/dion	n-s---nn-
ὀνίδιον	o)ni/dion	ὀνίδιον	o)ni/dion	n-s---nv-
ὀνίδιον	o)ni/dion	ὀνίδιον	o)ni/dion	n-s---na-
ὀξυθυμηθεῖσά	o)cuqumhqei=sa/	ὀξυθυμέω	o)cuqume/w	v-sappfn-
ὀξυθυμηθεῖσά	o)cuqumhqei=sa/	ὀξυθυμέω	o)cuqume/w	v-sappfv-
ὀξυθύμων	o)cuqu/mwn	ὀξύθυμον	o)cu/qumon	n-p---ng-
ὀξυθύμων	o)cuqu/mwn	ὀξύθυμος	o)cu/qumos	n-p---mg-
ὀξυθύμων	o)cuqu/mwn	ὀξύθυμος	o)cu/qumos	n-p---fg-
ὀξυθύμων	o)cuqu/mwn	ὀξύθυμος	o)cu/qumos	n-p---ng-
ὀξυκάρδιοι	o)cuka/rdioi	ὀξυκάρδιος	o)cuka/rdios	n-p---mn-
ὀξυκάρδιοι	o)cuka/rdioi	ὀξυκάρδιος	o)cuka/rdios	n-p---mv-
ὀξυκάρδιοι	o)cuka/rdioi	ὀξυκάρδιος	o)cuka/rdios	n-p---fn-
ὀξυκάρδιοι	o)cuka/rdioi	ὀξυκάρδιος	o)cuka/rdios	n-p---fv-
ὀξάλμην	o)ca/lmhn	ὀξάλμη	o)ca/lmh	n-s---fa-
ὀξίνην	o)ci/nhn	ὀξίνης	o)ci/nhs	n-s---ma-
ὀξίς	o)ci/s	ὀξίς	o)ci/s	n-s---fn-
ὀξύ	o)cu/	ὀξύσ2	o)cu/s2	a-s---mv-
ὀξύ	o)cu/	ὀξύσ2	o)cu/s2	a-s---nn-
ὀξύ	o)cu/	ὀξύσ2	o)cu/s2	a-s---nv-
ὀξύ	o)cu/	ὀξύσ2	o)cu/s2	a-s---na-
ὀξύθυμόν	o)cu/qumo/n	ὀξύθυμον	o)cu/qumon	n-s---nn-
ὀξύθυμόν	o)cu/qumo/n	ὀξύθυμον	o)cu/qumon	n-s---nv-
ὀξύθυμόν	o)cu/qumo/n	ὀξύθυμον	o)cu/qumon	n-s---na-
ὀξύθυμόν	o)cu/qumo/n	ὀξύθυμος	o)cu/qumos	n-s---ma-
ὀξύθυμόν	o)cu/qumo/n	ὀξύθυμος	o)cu/qumos	n-s---fa-
ὀξύθυμόν	o)cu/qumo/n	ὀξύθυμος	o)cu/qumos	n-s---nn-
ὀξύθυμόν	o)cu/qumo/n	ὀξύθυμος	o)cu/qumos	n-s---nv-
ὀξύθυμόν	o)cu/qumo/n	ὀξύθυμος	o)cu/qumos	n-s---na-
ὀξύτατον	o)cu/taton	ὀξύσ2	o)cu/s2	a-s---ma-
ὀξύτατον	o)cu/taton	ὀξύσ2	o)cu/s2	a-s---nn-
ὀξύτατον	o)cu/taton	ὀξύσ2	o)cu/s2	a-s---nv-
ὀξύτατον	o)cu/taton	ὀξύσ2	o)cu/s2	a-s---na-
ὀπή	o)ph/	ὀπή	o)ph/	n-s---fn-
ὀπή	o)ph/	ὀπή	o)ph/	n-s---fv-
ὀπίαν	o)pi/an	ὀπίας	o)pi/as	n-s---ma-
ὀπίαν	o)pi/an	ὀπίας	o)pi/as	n-s---ma-
ὀπῆς	o)ph=s	ὀπάζω	o)pa/zw	v2sfia---
ὀπῆς	o)ph=s	ὀπή	o)ph/	n-s---fg-
ὀπῶν	o)pw=n	ὀπάζω	o)pa/zw	v-sfpamv-
ὀπῶν	o)pw=n	ὀπάζω	o)pa/zw	v-sfpann-
ὀπῶν	o)pw=n	ὀπάζω	o)pa/zw	v-sfpanv-
ὀπῶν	o)pw=n	ὀπάζω	o)pa/zw	v-sfpana-
ὀπῶν	o)pw=n	ὀπάζω	o)pa/zw	v-sfpamn-
ὀπῶν	o)pw=n	ὀπή	o)ph/	n-p---fg-
ὀπῶν	o)pw=n	ὀπός	o)po/s	n-p---mg-
ὀργήν	o)rgh/n	ὀργή	o)rgh/	n-s---fa-
ὀργίσῃ	o)rgi/sh|	ὀργίζω	o)rgi/zw	v2sasm---
ὀργίσῃ	o)rgi/sh|	ὀργίζω	o)rgi/zw	v3sasa---
ὀργίσῃ	o)rgi/sh|	ὀργίζω	o)rgi/zw	v2sfim---
ὀργῆς	o)rgh=s	ὀργάω	o)rga/w	v2spia---
ὀργῆς	o)rgh=s	ὀργάω	o)rga/w	v2spia---
ὀργῆς	o)rgh=s	ὀργάζω	o)rga/zw	v2sfia---
ὀργῆς	o)rgh=s	ὀργή	o)rgh/	n-s---fg-
ὀρθροφοιτοσυκοφαντοδικοταλαιπώρων	o)rqrofoitosukofantodikotalaipw/rwn	ὀρθροφοιτοσυκοφαντοδικοταλαίπωροι	o)rqrofoitosukofantodikotalai/pwroi	n-p---mg-
ὀρθροφοιτοσυκοφαντοδικοταλαιπώρων	o)rqrofoitosukofantodikotalaipw/rwn	ὀρθροφοιτοσυκοφαντοδικοταλαίπωροι	o)rqrofoitosukofantodikotalai/pwroi	n-p---fg-
ὀρθροφοιτοσυκοφαντοδικοταλαιπώρων	o)rqrofoitosukofantodikotalaipw/rwn	ὀρθροφοιτοσυκοφαντοδικοταλαίπωροι	o)rqrofoitosukofantodikotalai/pwroi	n-p---ng-
ὀρθῶς	o)rqw=s	ὀρθός	o)rqo/s	x--------
ὀρθῶς	o)rqw=s	ὀρθόω	o)rqo/w	v2spia---
ὀρνίθων	o)rni/qwn	ὄρνις	o)/rnis	n-p---mg-
ὀρνίθων	o)rni/qwn	ὄρνις	o)/rnis	n-p---fg-
ὀροφήν	o)rofh/n	ὀροφή	o)rofh/	n-s---fa-
ὀροφίας	o)rofi/as	ὀρόφιος	o)ro/fios	a-p---fa-
ὀροφίας	o)rofi/as	ὀρόφιος	o)ro/fios	a-s---fg-
ὀροφίας	o)rofi/as	ὀροφίας	o)rofi/as	n-p---ma-
ὀροφίας	o)rofi/as	ὀροφίας	o)rofi/as	n-s---mn-
ὀροφίας	o)rofi/as	ὀροφίης	o)rofi/hs	n-p---ma-
ὀροφίας	o)rofi/as	ὀροφίης	o)rofi/hs	n-s---mn-
ὀρχεῖσθαι	o)rxei=sqai	ὀρχέομαι	o)rxe/omai	v--pne---
ὀρχεῖσθαι	o)rxei=sqai	ὀρχέω	o)rxe/w	v--pne---
ὀρχούμενοι	o)rxou/menoi	ὀρχέομαι	o)rxe/omai	v-pppemn-
ὀρχούμενοι	o)rxou/menoi	ὀρχέομαι	o)rxe/omai	v-pppemv-
ὀρχούμενοι	o)rxou/menoi	ὀρχέω	o)rxe/w	v-pppemn-
ὀρχούμενοι	o)rxou/menoi	ὀρχέω	o)rxe/w	v-pppemv-
ὀρχούμενον	o)rxou/menon	ὀρχέομαι	o)rxe/omai	v-sppema-
ὀρχούμενον	o)rxou/menon	ὀρχέομαι	o)rxe/omai	v-sppenn-
ὀρχούμενον	o)rxou/menon	ὀρχέομαι	o)rxe/omai	v-sppenv-
ὀρχούμενον	o)rxou/menon	ὀρχέομαι	o)rxe/omai	v-sppena-
ὀρχούμενον	o)rxou/menon	ὀρχέω	o)rxe/w	v-sppema-
ὀρχούμενον	o)rxou/menon	ὀρχέω	o)rxe/w	v-sppenn-
ὀρχούμενον	o)rxou/menon	ὀρχέω	o)rxe/w	v-sppenv-
ὀρχούμενον	o)rxou/menon	ὀρχέω	o)rxe/w	v-sppena-
ὀρχούμενος	o)rxou/menos	ὀρχέομαι	o)rxe/omai	v-sppemn-
ὀρχούμενος	o)rxou/menos	ὀρχέω	o)rxe/w	v-sppemn-
ὀρχίλων	o)rxi/lwn	ὀρχίλος	o)rxi/los	n-p---mg-
ὀσμήν	o)smh/n	ὀσμή	o)smh/	n-s---fa-
ὀσφρόμενος	o)sfro/menos	ὀσφραίνομαι	o)sfrai/nomai	v-sapmmn-
ὀσφύος	o)sfu/os	ὀσφύς	o)sfu/s	n-s---fg-
ὀσφύος	o)sfu/os	ὀσφύς	o)sfu/s	n-s---fg-
ὀσφῦν	o)sfu=n	ὀσφύς	o)sfu/s	n-s---fa-
ὀσφῦν	o)sfu=n	ὀσφύς	o)sfu/s	n-s---fa-
ὀφείλων	o)fei/lwn	ὀφείλω	o)fei/lw	v-sppamn-
ὀφθαλμοῖσιν	o)fqalmoi=sin	ὀφθαλμός	o)fqalmo/s	n-p---md-
ὀφθαλμῶν	o)fqalmw=n	ὀφθαλμός	o)fqalmo/s	n-p---mg-
ὀφρῦς	o)fru=s	ὀφρύς	o)fru/s	n-p---fa-
ὀφρῦς	o)fru=s	ὀφρύς	o)fru/s	n-p---fn-
ὀφρῦς	o)fru=s	ὀφρύς	o)fru/s	n-p---fv-
ὀψωνεῖν	o)ywnei=n	ὀψωνέω	o)ywne/w	v--pna---
ὀψέ	o)ye/	ὀψέ	o)ye/	d--------
ὁ	o(	ὁ	o(	l-s---mn-
ὁδοῖς	o(doi=s	ὁδάω	o(da/w	v2spoa---
ὁδοῖς	o(doi=s	ὁδόσ1	o(do/s1	n-p---md-
ὁδοῖς	o(doi=s	ὁδόσ2	o(do/s2	n-p---fd-
ὁδοῖς	o(doi=s	ὁδόω	o(do/w	v2spoa---
ὁδοῖς	o(doi=s	ὁδόω	o(do/w	v2spsa---
ὁδοῖς	o(doi=s	ὁδόω	o(do/w	v2spia---
ὁδί	o(di/	ὅδε	o(/de	n-s---mn-
ὁλᾷς	o(la=|s	ὁλάω	o(la/w	v2spsa---
ὁλᾷς	o(la=|s	ὁλάω	o(la/w	v2spia---
ὁμοιότατος	o(moio/tatos	ὅμοιος	o(/moios	a-s---mns
ὁμοιότατος	o(moio/tatos	ὅμοιος	o(/moios	a-s---mns
ὁμοιότατος	o(moio/tatos	ὁμοῖος	o(moi=os	a-s---mns
ὁμολογῶ	o(mologw=	ὁμολογέω	o(mologe/w	v1spsa---
ὁμολογῶ	o(mologw=	ὁμολογέω	o(mologe/w	v1spia---
ὁπλῖται	o(pli=tai	ὁπλίτης	o(pli/ths	n-p---mn-
ὁπλῖται	o(pli=tai	ὁπλίτης	o(pli/ths	n-p---mv-
ὁπόσοισι	o(po/soisi	ὁπόσος	o(po/sos	a-p---md-
ὁπόσοισι	o(po/soisi	ὁπόσος	o(po/sos	a-p---nd-
ὁπόταν	o(po/tan	ὁπόταν	o(po/tan	d--------
ὁπότ’	o(po/t'	ὁπότε	o(po/te	d--------
ὁρᾷ	o(ra=|	ὁράω	o(ra/w	v2spsm---
ὁρᾷ	o(ra=|	ὁράω	o(ra/w	v2spim---
ὁρᾷ	o(ra=|	ὁράω	o(ra/w	v2spse---
ὁρᾷ	o(ra=|	ὁράω	o(ra/w	v2spie---
ὁρᾷ	o(ra=|	ὁράω	o(ra/w	v3spsa---
ὁρᾷ	o(ra=|	ὁράω	o(ra/w	v3spia---
ὁρᾷς	o(ra=|s	ὁράω	o(ra/w	v2spsa---
ὁρᾷς	o(ra=|s	ὁράω	o(ra/w	v2spia---
ὁρῶν	o(rw=n	ὁράω	o(ra/w	v-sppamv-
ὁρῶν	o(rw=n	ὁράω	o(ra/w	v-sppann-
ὁρῶν	o(rw=n	ὁράω	o(ra/w	v-sppanv-
ὁρῶν	o(rw=n	ὁράω	o(ra/w	v-sppana-
ὁρῶν	o(rw=n	ὁράω	o(ra/w	v-sppamn-
ὁρῶν	o(rw=n	ὁράω	o(ra/w	v-sppamn-
ὁσημέραι	o(shme/rai	ὁσημέραι	o(shme/rai	d--------
ὁτιοῦν	o(tiou=n	ὁτιοῦν	o(tiou=n	d--------
ὁτιή	o(tih/	ὁτιή	o(tih/	c--------
ὄζει	o)/zei	ὄζω	o)/zw	v2spie---
ὄζει	o)/zei	ὄζω	o)/zw	v3spia---
ὄζος	o)/zos	ὄζος	o)/zos	n-s---mn-
ὄλεθρον	o)/leqron	ὄλεθρος	o)/leqros	n-s---ma-
ὄμνυσιν	o)/mnusin	ὄμνυμι	o)/mnumi	v3spia---
ὄναρ	o)/nar	ὄναρ	o)/nar	n-s---nn-
ὄναρ	o)/nar	ὄναρ	o)/nar	n-s---na-
ὄνομα	o)/noma	ὄνομα	o)/noma	n-s---nn-
ὄνομα	o)/noma	ὄνομα	o)/noma	n-s---nv-
ὄνομα	o)/noma	ὄνομα	o)/noma	n-s---na-
ὄνον	o)/non	ὄνος	o)/nos	n-s---ma-
ὄνον	o)/non	ὄνος	o)/nos	n-s---fa-
ὄνου	o)/nou	ὄνος	o)/nos	n-s---mg-
ὄνου	o)/nou	ὄνος	o)/nos	n-s---fg-
ὄντα	o)/nta	εἰμί	ei)mi/	v-sppama-
ὄντα	o)/nta	εἰμί	ei)mi/	v-pppann-
ὄντα	o)/nta	εἰμί	ei)mi/	v-pppanv-
ὄντα	o)/nta	εἰμί	ei)mi/	v-pppana-
ὄντα	o)/nta	ὄντα	o)/nta	n-p---nn-
ὄντα	o)/nta	ὄντα	o)/nta	n-p---nv-
ὄντα	o)/nta	ὄντα	o)/nta	n-p---na-
ὄντε	o)/nte	εἰμί	ei)mi/	v-dppamn-
ὄντε	o)/nte	εἰμί	ei)mi/	v-dppamv-
ὄντε	o)/nte	εἰμί	ei)mi/	v-dppama-
ὄντε	o)/nte	εἰμί	ei)mi/	v-dppann-
ὄντε	o)/nte	εἰμί	ei)mi/	v-dppanv-
ὄντε	o)/nte	εἰμί	ei)mi/	v-dppana-
ὄντες	o)/ntes	εἰμί	ei)mi/	v-pppamn-
ὄντες	o)/ntes	εἰμί	ei)mi/	v-pppamv-
ὄντος	o)/ntos	εἰμί	ei)mi/	v-sppamg-
ὄντος	o)/ntos	εἰμί	ei)mi/	v-sppang-
ὄντ’	o)/nt'	εἰμί	ei)mi/	v-sppama-
ὄντ’	o)/nt'	εἰμί	ei)mi/	v-pppann-
ὄντ’	o)/nt'	εἰμί	ei)mi/	v-pppanv-
ὄντ’	o)/nt'	εἰμί	ei)mi/	v-pppana-
ὄντ’	o)/nt'	εἰμί	ei)mi/	v-sppamd-
ὄντ’	o)/nt'	εἰμί	ei)mi/	v-sppand-
ὄντ’	o)/nt'	εἰμί	ei)mi/	v-dppamn-
ὄντ’	o)/nt'	εἰμί	ei)mi/	v-dppamv-
ὄντ’	o)/nt'	εἰμί	ei)mi/	v-dppama-
ὄντ’	o)/nt'	εἰμί	ei)mi/	v-dppann-
ὄντ’	o)/nt'	εἰμί	ei)mi/	v-dppanv-
ὄντ’	o)/nt'	εἰμί	ei)mi/	v-dppana-
ὄντ’	o)/nt'	ὄντα	o)/nta	n-p---nn-
ὄντ’	o)/nt'	ὄντα	o)/nta	n-p---nv-
ὄντ’	o)/nt'	ὄντα	o)/nta	n-p---na-
ὄνυξι	o)/nuci	ὄνυξ	o)/nuc	n-p---md-
ὄνυξιν	o)/nucin	ὄνυξ	o)/nuc	n-p---md-
ὄξους	o)/cous	ὄξος	o)/cos	n-s---ng-
ὄπισθεν	o)/pisqen	ὄπισθεν	o)/pisqen	d--------
ὄπισθεν	o)/pisqen	ὀπίζω	o)pi/zw	v3paip---
ὄρθρον	o)/rqron	ὄρθρος	o)/rqros	n-s---ma-
ὄρθρος	o)/rqros	ὄρθρος	o)/rqros	n-s---mn-
ὄρνιν	o)/rnin	ὄρνις	o)/rnis	n-s---ma-
ὄρνιν	o)/rnin	ὄρνις	o)/rnis	n-s---fa-
ὄρχεις	o)/rxeis	ὄρχις	o)/rxis	n-p---fn-
ὄρχεις	o)/rxeis	ὄρχις	o)/rxis	n-p---fv-
ὄρχεις	o)/rxeis	ὄρχις	o)/rxis	n-p---fn-
ὄρχεις	o)/rxeis	ὄρχις	o)/rxis	n-p---fa-
ὄρχεις	o)/rxeis	ὄρχις	o)/rxis	n-p---fn-
ὄρχεις	o)/rxeis	ὀρχέω	o)rxe/w	v2siia---
ὄφελος	o)/felos	ὄφελος	o)/felos	n-s---nn-
ὄφελος	o)/felos	ὄφελος	o)/felos	n-s---nv-
ὄφελος	o)/felos	ὄφελος	o)/felos	n-s---na-
ὄχλος	o)/xlos	ὄχλος	o)/xlos	n-s---mn-
ὄψ’	o)/y'	ὁράω	o(ra/w	v2samm---
ὄψ’	o)/y'	ὄψις	o)/yis	n-s---fv-
ὄψ’	o)/y'	ὄψον	o)/yon	n-p---nn-
ὄψ’	o)/y'	ὄψον	o)/yon	n-p---nv-
ὄψ’	o)/y'	ὄψον	o)/yon	n-p---na-
ὅ	o(/	ὁ	o(	l-s---mn-
ὅ	o(/	ὅς	o(/s	p-s---nn-
ὅ	o(/	ὅς	o(/s	p-s---nv-
ὅ	o(/	ὅς	o(/s	p-s---na-
ὅδ’	o(/d'	ὅδε	o(/de	n-s---mn-
ὅθ’	o(/q'	ὅθι	o(/qi	d--------
ὅθ’	o(/q'	ὅστε	o(/ste	p-s---nn-
ὅθ’	o(/q'	ὅστε	o(/ste	p-s---nv-
ὅθ’	o(/q'	ὅστε	o(/ste	p-s---na-
ὅθ’	o(/q'	ὅστις	o(/stis	p-s---nn-
ὅθ’	o(/q'	ὅστις	o(/stis	p-s---na-
ὅθ’	o(/q'	ὅτε	o(/te	c--------
ὅθ’	o(/q'	ὅτι1	o(/ti1	d--------
ὅθ’	o(/q'	ὅτι2	o(/ti2	c--------
ὅλμον	o(/lmon	ὅλμος	o(/lmos	n-s---ma-
ὅλου	o(/lou	ὅλοξ	o(/loc	a-s---mg-
ὅλου	o(/lou	ὅλοξ	o(/loc	a-s---ng-
ὅλου	o(/lou	ὅλος	o(/los	a-s---mg-
ὅλου	o(/lou	ὅλος	o(/los	a-s---ng-
ὅμοια	o(/moia	ὅμοιος	o(/moios	a-p---nn-
ὅμοια	o(/moia	ὅμοιος	o(/moios	a-p---nv-
ὅμοια	o(/moia	ὅμοιος	o(/moios	a-p---na-
ὅμοια	o(/moia	ὁμοῖος	o(moi=os	a-p---nn-
ὅμοια	o(/moia	ὁμοῖος	o(moi=os	a-p---nv-
ὅμοια	o(/moia	ὁμοῖος	o(moi=os	a-p---na-
ὅμοιον	o(/moion	ὅμοιος	o(/moios	a-s---ma-
ὅμοιον	o(/moion	ὅμοιος	o(/moios	a-s---nn-
ὅμοιον	o(/moion	ὅμοιος	o(/moios	a-s---nv-
ὅμοιον	o(/moion	ὅμοιος	o(/moios	a-s---na-
ὅμοιον	o(/moion	ὁμοῖος	o(moi=os	a-s---ma-
ὅμοιον	o(/moion	ὁμοῖος	o(moi=os	a-s---nn-
ὅμοιον	o(/moion	ὁμοῖος	o(moi=os	a-s---nv-
ὅμοιον	o(/moion	ὁμοῖος	o(moi=os	a-s---na-
ὅμως	o(/mws	ὅμως	o(/mws	c--------
ὅμως	o(/mws	ὁμόω	o(mo/w	v2siia---
ὅν	o(/n	ὅς	o(/s	p-s---ma-
ὅν	o(/n	ὅς	o(/s	p-s---na-
ὅντινά	o(/ntina/	ὅστις	o(/stis	p-s---ma-
ὅπερ	o(/per	ὅσπερ	o(/sper	p-s---nn-
ὅπερ	o(/per	ὅσπερ	o(/sper	p-s---nv-
ὅπερ	o(/per	ὅσπερ	o(/sper	p-s---na-
ὅπλα	o(/pla	ὅπλον	o(/plon	n-p---nn-
ὅπλα	o(/pla	ὅπλον	o(/plon	n-p---nv-
ὅπλα	o(/pla	ὅπλον	o(/plon	n-p---na-
ὅπλοις	o(/plois	ὅπλον	o(/plon	n-p---nd-
ὅποι	o(/poi	ὅποι	o(/poi	d--------
ὅπως	o(/pws	ὅπως	o(/pws	c--------
ὅπῃ	o(/ph|	ὅπη	o(/ph	d--------
ὅρα	o(/ra	ὁράω	o(ra/w	v2spma---
ὅρα	o(/ra	ὁράω	o(ra/w	v3siia---
ὅρμους	o(/rmous	ὅρμος	o(/rmos	n-p---ma-
ὅς	o(/s	ὅς	o(/s	p-s---mn-
ὅσα	o(/sa	ὅσος	o(/sos	a-p---nn-
ὅσα	o(/sa	ὅσος	o(/sos	a-p---nv-
ὅσα	o(/sa	ὅσος	o(/sos	a-p---na-
ὅσα	o(/sa	ὅσος	o(/sos	a-d---fn-
ὅσα	o(/sa	ὅσος	o(/sos	a-d---fv-
ὅσα	o(/sa	ὅσος	o(/sos	a-d---fa-
ὅσα	o(/sa	ὅσος	o(/sos	a-s---fn-
ὅσα	o(/sa	ὅσος	o(/sos	a-s---fv-
ὅσαπερ	o(/saper	ὅσος	o(/sos	a-p---nn-
ὅσαπερ	o(/saper	ὅσος	o(/sos	a-p---nv-
ὅσαπερ	o(/saper	ὅσος	o(/sos	a-p---na-
ὅσαπερ	o(/saper	ὅσος	o(/sos	a-d---fn-
ὅσαπερ	o(/saper	ὅσος	o(/sos	a-d---fv-
ὅσαπερ	o(/saper	ὅσος	o(/sos	a-d---fa-
ὅσαπερ	o(/saper	ὅσος	o(/sos	a-s---fn-
ὅσαπερ	o(/saper	ὅσος	o(/sos	a-s---fv-
ὅσας	o(/sas	ὅσος	o(/sos	a-p---fa-
ὅσας	o(/sas	ὅσος	o(/sos	a-s---fg-
ὅσον	o(/son	ὅσος	o(/sos	a-s---ma-
ὅσον	o(/son	ὅσος	o(/sos	a-s---nn-
ὅσον	o(/son	ὅσος	o(/sos	a-s---nv-
ὅσον	o(/son	ὅσος	o(/sos	a-s---na-
ὅσπερ	o(/sper	ὅς	o(/s	p-s---mn-
ὅστις	o(/stis	ὅστις	o(/stis	p-s---mn-
ὅσων	o(/swn	ὅσος	o(/sos	a-p---fg-
ὅσων	o(/swn	ὅσος	o(/sos	a-p---mg-
ὅσων	o(/swn	ὅσος	o(/sos	a-p---ng-
ὅσ’	o(/s'	ὅσος	o(/sos	a-p---nn-
ὅσ’	o(/s'	ὅσος	o(/sos	a-p---nv-
ὅσ’	o(/s'	ὅσος	o(/sos	a-p---na-
ὅσ’	o(/s'	ὅσος	o(/sos	a-s---mv-
ὅσ’	o(/s'	ὅσος	o(/sos	a-p---fn-
ὅσ’	o(/s'	ὅσος	o(/sos	a-p---fv-
ὅσ’	o(/s'	ὅσος	o(/sos	a-s---fd-
ὅταν	o(/tan	ὅταν	o(/tan	c--------
ὅτε	o(/te	ὅστε	o(/ste	p-s---nn-
ὅτε	o(/te	ὅστε	o(/ste	p-s---nv-
ὅτε	o(/te	ὅστε	o(/ste	p-s---na-
ὅτε	o(/te	ὅτε	o(/te	c--------
ὅτι	o(/ti	ὅστις	o(/stis	p-s---nn-
ὅτι	o(/ti	ὅστις	o(/stis	p-s---na-
ὅτι	o(/ti	ὅτι1	o(/ti1	d--------
ὅτι	o(/ti	ὅτι2	o(/ti2	c--------
ὅτῳ	o(/tw|	ὅστις	o(/stis	p-s---md-
ὅτῳ	o(/tw|	ὅστις	o(/stis	p-s---nd-
ὅτ’	o(/t'	ὅστε	o(/ste	p-s---nn-
ὅτ’	o(/t'	ὅστε	o(/ste	p-s---nv-
ὅτ’	o(/t'	ὅστε	o(/ste	p-s---na-
ὅτ’	o(/t'	ὅστις	o(/stis	p-s---nn-
ὅτ’	o(/t'	ὅστις	o(/stis	p-s---na-
ὅτ’	o(/t'	ὅτε	o(/te	c--------
ὅτ’	o(/t'	ὅτι1	o(/ti1	d--------
ὅτ’	o(/t'	ὅτι2	o(/ti2	c--------
Ὀδυσσεύς	*)odusseu/s	Ὀδυσσεύς	*)odusseu/s	n-s---mn-
Ὀλυμπίαν	*)olumpi/an	Ὀλυμπία	*)olumpi/a	n-s---fa-
Ὀλυμπίαν	*)olumpi/an	Ὀλυμπίας	*)olumpi/as	n-s---ma-
Ὀλυμπίαν	*)olumpi/an	Ὀλυμπίας	*)olumpi/as	n-s---ma-
Ὀλυμπίαν	*)olumpi/an	Ὀλυμπίας	*)olumpi/as	n-s---ma-
Ὀλυμπίαν	*)olumpi/an	Ὀλυμπίας	*)olumpi/as	n-s---ma-
Ὀλυμπίασιν	*)olumpi/asin	Ὀλυμπία	*)olumpi/a	d--------
ὑβριστότατος	u(bristo/tatos	ὕβριστος	u(/bristos	a-s---mns
ὑγρόν	u(gro/n	ὑγρός	u(gro/s	a-s---ma-
ὑγρόν	u(gro/n	ὑγρός	u(gro/s	a-s---nn-
ὑγρόν	u(gro/n	ὑγρός	u(gro/s	a-s---nv-
ὑγρόν	u(gro/n	ὑγρός	u(gro/s	a-s---na-
ὑγρᾷ	u(gra=|	ὑγράζω	u(gra/zw	v2sfim---
ὑγρᾷ	u(gra=|	ὑγράζω	u(gra/zw	v3sfia---
ὑγρᾷ	u(gra=|	ὑγρός	u(gro/s	a-s---fd-
ὑδρορροῶν	u(drorrow=n	ὑδρορρόα	u(drorro/a	n-p---fg-
ὑδρίαν	u(dri/an	ὕδριος	u(/drios	a-s---fa-
ὑδρίαν	u(dri/an	ὑδρία	u(dri/a	n-s---fa-
ὑετόν	u(eto/n	ὑετός	u(eto/s	n-s---ma-
ὑλακτεῖν	u(laktei=n	ὑλακτέω	u(lakte/w	v--pna---
ὑλάκτει	u(la/ktei	ὑλακτέω	u(lakte/w	v3siia---
ὑλάκτει	u(la/ktei	ὑλακτέω	u(lakte/w	v2spma---
ὑλάκτει	u(la/ktei	ὑλακτέω	u(lakte/w	v3siia---
ὑμεῖς	u(mei=s	σύ	su/	p-p----n-
ὑμᾶς	u(ma=s	σύ	su/	p-p----a-
ὑμᾶς	u(ma=s	ὑμός	u(mo/s	a-s---fg-
ὑμῖν	u(mi=n	σύ	su/	p-p----d-
ὑμῶν	u(mw=n	σύ	su/	p-p----g-
ὑμῶν	u(mw=n	ὑμός	u(mo/s	a-p---fg-
ὑμῶν	u(mw=n	ὑμός	u(mo/s	a-p---mg-
ὑμῶν	u(mw=n	ὑμός	u(mo/s	a-p---ng-
ὑπακούει	u(pakou/ei	ὑπακούω	u(pakou/w	v2spie---
ὑπακούει	u(pakou/ei	ὑπακούω	u(pakou/w	v3spia---
ὑπακούων	u(pakou/wn	ὑπακούω	u(pakou/w	v-sppamn-
ὑπαρχέτω	u(parxe/tw	ὑπάρχω	u(pa/rxw	v3spma---
ὑπειπών	u(peipw/n	ὑπεῖπον	u(pei=pon	v-sapamn-
ὑπεραποκρίνεσθαι	u(perapokri/nesqai	ὑπεραποκρίνομαι	u(perapokri/nomai	v--pne---
ὑπετάραττεν	u(peta/ratten	ὑποταράσσω	u(potara/ssw	v3siia---
ὑπευθύνων	u(peuqu/nwn	ὑπεύθυνος	u(peu/qunos	n-p---mg-
ὑπευθύνων	u(peuqu/nwn	ὑπεύθυνος	u(peu/qunos	n-p---fg-
ὑπευθύνων	u(peuqu/nwn	ὑπεύθυνος	u(peu/qunos	n-p---ng-
ὑπηρεσίαν	u(phresi/an	ὑπηρεσία	u(phresi/a	n-s---fa-
ὑπηρετεῖς	u(phretei=s	ὑπηρετέω	u(phrete/w	v2spia---
ὑπιοῦσά	u(piou=sa/	ὕπειμι1	u(/peimi1	v-sppafn-
ὑπιοῦσά	u(piou=sa/	ὕπειμι1	u(/peimi1	v-sppafv-
ὑπιοῦσά	u(piou=sa/	ὕπειμι2	u(/peimi2	v-sppafn-
ὑπιοῦσά	u(piou=sa/	ὕπειμι2	u(/peimi2	v-sppafv-
ὑπισχνοῦ	u(pisxnou=	ὑπισχνέομαι	u(pisxne/omai	v2siie---
ὑπισχνοῦ	u(pisxnou=	ὑπισχνέομαι	u(pisxne/omai	v2spme---
ὑπισχνοῦ	u(pisxnou=	ὑπισχνέομαι	u(pisxne/omai	v2siie---
ὑπισχνοῦ	u(pisxnou=	ὑπισχνέομαι	u(pisxne/omai	v2spme---
ὑπογάστριον	u(poga/strion	ὑπογάστριον	u(poga/strion	n-s---nn-
ὑπογάστριον	u(poga/strion	ὑπογάστριον	u(poga/strion	n-s---nv-
ὑπογάστριον	u(poga/strion	ὑπογάστριον	u(poga/strion	n-s---na-
ὑπογάστριον	u(poga/strion	ὑπογάστριος	u(poga/strios	n-s---ma-
ὑπογάστριον	u(poga/strion	ὑπογάστριος	u(poga/strios	n-s---fa-
ὑπογάστριον	u(poga/strion	ὑπογάστριος	u(poga/strios	n-s---nn-
ὑπογάστριον	u(poga/strion	ὑπογάστριος	u(poga/strios	n-s---nv-
ὑπογάστριον	u(poga/strion	ὑπογάστριος	u(poga/strios	n-s---na-
ὑποδεδυκότα	u(podeduko/ta	ὑποδύομαι	u(podu/omai	v-prpann-
ὑποδεδυκότα	u(podeduko/ta	ὑποδύομαι	u(podu/omai	v-prpanv-
ὑποδεδυκότα	u(podeduko/ta	ὑποδύομαι	u(podu/omai	v-prpana-
ὑποδεδυκότα	u(podeduko/ta	ὑποδύομαι	u(podu/omai	v-srpama-
ὑποδησάμενος	u(podhsa/menos	ὑποδέω	u(pode/w	v-sapmmn-
ὑποδησάμενος	u(podhsa/menos	ὑποδέω	u(pode/w	v-sapmmn-
ὑποδυόμενός	u(poduo/meno/s	ὑποδύομαι	u(podu/omai	v-sppemn-
ὑποδέδυκεν	u(pode/duken	ὑποδύομαι	u(podu/omai	v3sria---
ὑποδέδυκεν	u(pode/duken	ὑποδύομαι	u(podu/omai	v3plia---
ὑποδήσασθαί	u(podh/sasqai/	ὑποδέω	u(pode/w	v--anm---
ὑποδήσασθαί	u(podh/sasqai/	ὑποδέω	u(pode/w	v--anm---
ὑποθωπεῦσαν	u(poqwpeu=san	ὑποθωπεύω	u(poqwpeu/w	v-sapann-
ὑποθωπεῦσαν	u(poqwpeu=san	ὑποθωπεύω	u(poqwpeu/w	v-sapanv-
ὑποθωπεῦσαν	u(poqwpeu=san	ὑποθωπεύω	u(poqwpeu/w	v-sapana-
ὑποθωπεῦσαν	u(poqwpeu=san	ὑποθωπεύω	u(poqwpeu/w	v-sapann-
ὑποθωπεῦσαν	u(poqwpeu=san	ὑποθωπεύω	u(poqwpeu/w	v-sapanv-
ὑποθωπεῦσαν	u(poqwpeu=san	ὑποθωπεύω	u(poqwpeu/w	v-sapana-
ὑποκρινόμενον	u(pokrino/menon	ὑποκρίνομαι	u(pokri/nomai	v-sppema-
ὑποκρινόμενον	u(pokrino/menon	ὑποκρίνομαι	u(pokri/nomai	v-sppenn-
ὑποκρινόμενον	u(pokrino/menon	ὑποκρίνομαι	u(pokri/nomai	v-sppenv-
ὑποκρινόμενον	u(pokrino/menon	ὑποκρίνομαι	u(pokri/nomai	v-sppena-
ὑποκριτήν	u(pokrith/n	ὑποκριτής	u(pokrith/s	n-s---ma-
ὑποκύπτοντες	u(poku/ptontes	ὑποκύπτω	u(poku/ptw	v-pppamn-
ὑποκύπτοντες	u(poku/ptontes	ὑποκύπτω	u(poku/ptw	v-pppamv-
ὑπολύου	u(polu/ou	ὑπολύω	u(polu/w	v2spme---
ὑπολύου	u(polu/ou	ὑπολύω	u(polu/w	v2spme---
ὑπολύου	u(polu/ou	ὑπολύω	u(polu/w	v2siie---
ὑπολύου	u(polu/ou	ὑπολύω	u(polu/w	v2siie---
ὑπέρ	u(pe/r	ὑπέρ	u(pe/r	r--------
ὑπήνην	u(ph/nhn	ὑπήνη	u(ph/nh	n-s---fa-
ὑπό	u(po/	ὑπό	u(po/	r--------
ὑπόδυθι	u(po/duqi	ὑποδύομαι	u(podu/omai	v2sama---
ὑπώπια	u(pw/pia	ὑπώπιον	u(pw/pion	n-p---nn-
ὑπώπια	u(pw/pia	ὑπώπιον	u(pw/pion	n-p---nv-
ὑπώπια	u(pw/pia	ὑπώπιον	u(pw/pion	n-p---na-
ὑπώπια	u(pw/pia	ὑπώπιος	u(pw/pios	a-p---nn-
ὑπώπια	u(pw/pia	ὑπώπιος	u(pw/pios	a-p---nv-
ὑπώπια	u(pw/pia	ὑπώπιος	u(pw/pios	a-p---na-
ὑφαρπάσας	u(farpa/sas	ὑφαρπάζω	u(farpa/zw	v-pfpafa-
ὑφαρπάσας	u(farpa/sas	ὑφαρπάζω	u(farpa/zw	v-sfpafg-
ὑφαρπάσας	u(farpa/sas	ὑφαρπάζω	u(farpa/zw	v-pfpafa-
ὑφαρπάσας	u(farpa/sas	ὑφαρπάζω	u(farpa/zw	v-sfpafg-
ὑφαρπάσας	u(farpa/sas	ὑφαρπάζω	u(farpa/zw	v-sapamn-
ὑφαρπάσας	u(farpa/sas	ὑφαρπάζω	u(farpa/zw	v-sapamv-
ὑφαρπάσας	u(farpa/sas	ὑφαρπάζω	u(farpa/zw	v-sapamn-
ὑφαρπάσας	u(farpa/sas	ὑφαρπάζω	u(farpa/zw	v-sapamv-
ὑφαίνεται	u(fai/netai	ὑφαίνω	u(fai/nw	v3spie---
ὑφειλόμην	u(feilo/mhn	ὑφαιρέω	u(faire/w	v1saim---
ὑφείλετο	u(fei/leto	ὑφαιρέω	u(faire/w	v3saim---
ὑφείλου	u(fei/lou	ὑφαιρέω	u(faire/w	v2saim---
ὑφίστανται	u(fi/stantai	ὑφίστημι	u(fi/sthmi	v3ppie---
ὑφ’	u(f'	ὑφή	u(fh/	n-d---fn-
ὑφ’	u(f'	ὑφή	u(fh/	n-d---fv-
ὑφ’	u(f'	ὑφή	u(fh/	n-d---fa-
ὑφ’	u(f'	ὑφή	u(fh/	n-s---fn-
ὑφ’	u(f'	ὑφή	u(fh/	n-s---fv-
ὑφ’	u(f'	ὑφή	u(fh/	n-p---fn-
ὑφ’	u(f'	ὑφή	u(fh/	n-p---fv-
ὑφ’	u(f'	ὑπό	u(po/	r--------
ὑφ’	u(f'	ὑπό	u(po/	r--------
ὑός	u(o/s	ὗς	u(=s	n-s---mg-
ὑός	u(o/s	ὗς	u(=s	n-s---fg-
ὑός	u(o/s	υἱός	ui(o/s	n-s---mn-
ὕβρεως	u(/brews	ὕβρις	u(/bris	n-s---fg-
ὕβριζ’	u(/briz'	ὑβρίζω	u(bri/zw	v3siia---
ὕβριζ’	u(/briz'	ὑβρίζω	u(bri/zw	v2spma---
ὕβριζ’	u(/briz'	ὑβρίζω	u(bri/zw	v3siia---
ὕδωρ	u(/dwr	ὕδωρ	u(/dwr	n-s---nn-
ὕδωρ	u(/dwr	ὕδωρ	u(/dwr	n-s---nv-
ὕδωρ	u(/dwr	ὕδωρ	u(/dwr	n-s---na-
ὕοντος	u(/ontos	ὕω	u(/w	v-sppamg-
ὕοντος	u(/ontos	ὕω	u(/w	v-sppang-
ὕπαγε	u(/page	ὑπάγω	u(pa/gw	v2spma---
ὕπαγε	u(/page	ὑπάγω	u(pa/gw	v3siia---
ὕπαγ’	u(/pag'	ὑπάγω	u(pa/gw	v2spma---
ὕπαγ’	u(/pag'	ὑπάγω	u(pa/gw	v3siia---
ὕπερ	u(/per	ὑπέρ	u(pe/r	r--------
ὕπνον	u(/pnon	ὕπνον	u(/pnon	n-s---nn-
ὕπνον	u(/pnon	ὕπνον	u(/pnon	n-s---nv-
ὕπνον	u(/pnon	ὕπνον	u(/pnon	n-s---na-
ὕπνον	u(/pnon	ὕπνος	u(/pnos	n-s---ma-
ὕπνος	u(/pnos	ὕπνος	u(/pnos	n-s---mn-
ὕπνου	u(/pnou	ὕπνον	u(/pnon	n-s---ng-
ὕπνου	u(/pnou	ὕπνος	u(/pnos	n-s---mg-
ὕπνου	u(/pnou	ὑπνόω	u(pno/w	v3siia---
ὕπνου	u(/pnou	ὑπνόω	u(pno/w	v2spma---
ὕπνου	u(/pnou	ὑπνόω	u(pno/w	v3siia---
ὕστερον	u(/steron	ὕστερον	u(/steron	n-s---nn-
ὕστερον	u(/steron	ὕστερον	u(/steron	n-s---nv-
ὕστερον	u(/steron	ὕστερον	u(/steron	n-s---na-
ὕστερον	u(/steron	ὕστερος	u(/steros	a-s---ma-
ὕστερον	u(/steron	ὕστερος	u(/steros	a-s---nn-
ὕστερον	u(/steron	ὕστερος	u(/steros	a-s---nv-
ὕστερον	u(/steron	ὕστερος	u(/steros	a-s---na-
ὕστερος	u(/steros	ὕστερος	u(/steros	a-s---mn-
ὕφελκε	u(/felke	ὑφέλκω	u(fe/lkw	v2spma---
ὕφελκε	u(/felke	ὑφέλκω	u(fe/lkw	v3siia---
ὕφεσθε	u(/fesqe	ὑφίημι	u(fi/hmi	v2pamm---
ὕφεσθε	u(/fesqe	ὑφίημι	u(fi/hmi	v2paim---
Ὑπέρβολος	*(upe/rbolos	Ὑπέρβολος	*(upe/rbolos	n-s---mn-
ὠθεῖς	w)qei=s	ὠθέω	w)qe/w	v2spia---
ὠνησόμεθ’	w)nhso/meq'	ὀνέομαι	o)ne/omai	v1ptie---
ὠνησόμεθ’	w)nhso/meq'	ὠνέομαι	w)ne/omai	v1pasm---
ὠνησόμεθ’	w)nhso/meq'	ὠνέομαι	w)ne/omai	v1pase---
ὠνησόμεθ’	w)nhso/meq'	ὠνέομαι	w)ne/omai	v1pfie---
ὠνησόμεθ’	w)nhso/meq'	ὠνέομαι	w)ne/omai	v1ptie---
ὠνῆταί	w)nh=tai/	ὠνέομαι	w)ne/omai	v3spse---
ὠνῆταί	w)nh=tai/	ὠνέομαι	w)ne/omai	v3spie---
ὠργισμένοι	w)rgisme/noi	ὀργίζω	o)rgi/zw	v-prpemn-
ὠργισμένοι	w)rgisme/noi	ὀργίζω	o)rgi/zw	v-prpemv-
ὠφελῆσαν	w)felh=san	ὠφελέω	w)fele/w	v-sapann-
ὠφελῆσαν	w)felh=san	ὠφελέω	w)fele/w	v-sapanv-
ὠφελῆσαν	w)felh=san	ὠφελέω	w)fele/w	v-sapana-
ὠφέλει	w)fe/lei	ὠφελέω	w)fele/w	v3siia---
ὠφέλει	w)fe/lei	ὠφελέω	w)fele/w	v2spma---
ὠφέλει	w)fe/lei	ὠφελέω	w)fele/w	v3siia---
ὠψώνηκ’	w)yw/nhk'	ὀψωνέω	o)ywne/w	v1sria---
ὠψώνηκ’	w)yw/nhk'	ὀψωνέω	o)ywne/w	v2srma---
ὠψώνηκ’	w)yw/nhk'	ὀψωνέω	o)ywne/w	v3sria---
ὡδί	w(di/	ὡδί	w(di/	d--------
ὡραίας	w(rai/as	ὡραῖος	w(rai=os	a-p---fa-
ὡραίας	w(rai/as	ὡραῖος	w(rai=os	a-s---fg-
ὡς	w(s	ὡς	w(s	c--------
ὡσπερεί	w(sperei/	ὥσπερ	w(/sper	d--------
ὤζωσιν	w)/zwsin	ὤζω	w)/zw	v3ppsa---
ὤθει	w)/qei	ὀθέω	o)qe/w	v3siia---
ὤθει	w)/qei	ὠθέω	w)qe/w	v3siia---
ὤθει	w)/qei	ὠθέω	w)qe/w	v2spma---
ὤθει	w)/qei	ὠθέω	w)qe/w	v3siia---
ὤμοσε	w)/mose	ὄμνυμι	o)/mnumi	v3saia---
ὤν	w)/n	εἰμί	ei)mi/	v-sppamn-
ὤργισεν	w)/rgisen	ὀργίζω	o)rgi/zw	v3saia---
ὤφελέν	w)/fele/n	ὀφείλω	o)fei/lw	v3saia---
ὥρα	w(/ra	ὁράω	o(ra/w	v3siia---
ὥρα	w(/ra	ὥρα	w(/ra	n-d---fn-
ὥρα	w(/ra	ὥρα	w(/ra	n-d---fv-
ὥρα	w(/ra	ὥρα	w(/ra	n-d---fa-
ὥρα	w(/ra	ὥρα	w(/ra	n-s---fn-
ὥρα	w(/ra	ὥρα	w(/ra	n-s---fv-
ὥρᾳ	w(/ra|	ὥρα	w(/ra	n-s---fd-
ὥς	w(/s	ὅς	o(/s	p-p---ma-
ὥς	w(/s	ὡς	w(s	c--------
ὥς	w(/s	ὡς	w(s	d--------
ὥσθ’	w(/sq'	ὥστε	w(/ste	d--------
ὥσπερ	w(/sper	ὥσπερ	w(/sper	d--------
ὥστε	w(/ste	ὥστε	w(/ste	d--------
ὦ	w)=	εἰμί	ei)mi/	v1spsa---
ὦ	w)=	ὦ	w)=	x--------
ὦγαθέ	w)=gaqe/	ἀγαθός	a)gaqo/s	a-s---mv-
ὦγάθ’	w)=ga/q'	ἄγαμαι	a)/gamai	v3siie---
ὦγάθ’	w)=ga/q'	ἄγαμαι	a)/gamai	v3spie---
ὦναξ	w)=nac	ἄναξ	a)/nac	n-s---mn-
ὦναξ	w)=nac	ἄναξ	a)/nac	n-s---mv-
ὦνδρες	w)=ndres	ἀνήρ	a)nh/r	n-p---mn-
ὦνδρες	w)=ndres	ἀνήρ	a)nh/r	n-p---mv-
ὦνθρωφ’	w)=nqrwf'	ἄνθρωπος	a)/nqrwpos	n-s---mv-
ὦνθρωφ’	w)=nqrwf'	ἀνθρωπέη	a)nqrwpe/h	n-p----n-
ὦνθρωφ’	w)=nqrwf'	ἀνθρωπέη	a)nqrwpe/h	n-p----v-
ὧδ’	w(=d'	ὧδε	w(=de	d--------
ὧν	w(=n	ὅς	o(/s	p-p---fg-
ὧν	w(=n	ὅς	o(/s	p-p---mg-
ὧν	w(=n	ὅς	o(/s	p-p---ng-
ᾄδειν	a)/|dein	ἀείδω	a)ei/dw	v--pna---
ᾄδοντας	a)/|dontas	ἀείδω	a)ei/dw	v-pppama-
ᾄδω	a)/|dw	ἀείδω	a)ei/dw	v1spsa---
ᾄδω	a)/|dw	ἀείδω	a)ei/dw	v1spia---
ᾄδων	a)/|dwn	ἀείδω	a)ei/dw	v-sppamn-
ᾄδῃ	a)/|dh|	ἀείδω	a)ei/dw	v2spse---
ᾄδῃ	a)/|dh|	ἀείδω	a)ei/dw	v2spie---
ᾄδῃ	a)/|dh|	ἀείδω	a)ei/dw	v3spsa---
ᾄξας	a)/|cas	ἀίσσω	a)i/ssw	v-sapamn-
ᾄξας	a)/|cas	ἀίσσω	a)i/ssw	v-sapamv-
ᾄξας	a)/|cas	ἀίσσω	a)i/ssw	v2saia---
ᾄξας	a)/|cas	ἀίσσω	a)i/ssw	v2saia---
ᾄσεται	a)/|setai	ἀείδω	a)ei/dw	v3sasm---
ᾄσεται	a)/|setai	ἀείδω	a)ei/dw	v3sfim---
ᾐσθόμεσθά	h)|sqo/mesqa/	ἀίσθω	a)i/sqw	v1piie---
ᾐσθόμεσθά	h)|sqo/mesqa/	αἰσθάνομαι	ai)sqa/nomai	v1paim---
ᾐσθόμεσθά	h)|sqo/mesqa/	αἰσθάνομαι	ai)sqa/nomai	v1piie---
ᾐσθόμην	h)|sqo/mhn	ἀίσθω	a)i/sqw	v1siie---
ᾐσθόμην	h)|sqo/mhn	αἰσθάνομαι	ai)sqa/nomai	v1saim---
ᾐσθόμην	h)|sqo/mhn	αἰσθάνομαι	ai)sqa/nomai	v1siie---
ᾔδειν	h)/|dein	οἶδα	oi)=da	v1slia---
ᾔκασεν	h)/|kasen	εἰκάζω	ei)ka/zw	v3saia---
ᾔσθηνται	h)/|sqhntai	αἰσθάνομαι	ai)sqa/nomai	v3prim---
ᾔσθηνται	h)/|sqhntai	εἰσθέω	ei)sqe/w	v3prie---
ᾖ	h)=|	εἰμί	ei)mi/	v3spsa---
ᾖδ’	h)=|d'	ἀείδω	a)ei/dw	v3siia---
ᾗπερ	h(=|per	ᾗπερ	h(=|per	c--------
ᾠδείῳ	w)|dei/w|	ᾠδεῖον	w)|dei=on	n-s---nd-
ᾠδικῶς	w)|dikw=s	ᾠδικός	w)|diko/s	x--------
ᾠζυρέ	w)|zure/	ὀιζυρός	o)izuro/s	a-s---mv-
ᾠόμην	w)|o/mhn	οἴομαι	oi)/omai	v1siie---
ᾠόμην	w)|o/mhn	οἴομαι	oi)/omai	v1siie---
ᾤεθ’	w)/|eq'	οἴομαι	oi)/omai	v3siie---
ᾤκησας	w)/|khsas	οἰκέω	oi)ke/w	v2saia---
ᾤχετ’	w)/|xet'	ὀίζω	o)i/zw	v2plia---
ᾤχετ’	w)/|xet'	ὀίζω	o)i/zw	v2prma---
ᾤχετ’	w)/|xet'	ὀίζω	o)i/zw	v2plia---
ᾤχετ’	w)/|xet'	οἴχομαι	oi)/xomai	v3siie---
ᾤχετ’	w)/|xet'	ὠίζω	w)i/zw	v2plia---
ᾤχετ’	w)/|xet'	ὠίζω	w)i/zw	v2prma---
ᾤχετ’	w)/|xet'	ὠίζω	w)i/zw	v2plia---
ᾧ	w(=|	ὅς	o(/s	p-s---md-
ᾧ	w(=|	ὅς	o(/s	p-s---nd-
ῥακίοισι	r(aki/oisi	ῥάκιον	r(a/kion	n-p---nd-
ῥηματίοις	r(hmati/ois	ῥημάτιον	r(hma/tion	n-p---nd-
ῥιγῶν	r(igw=n	ῥῖγος	r(i=gos	n-p---ng-
ῥιγῶν	r(igw=n	ῥιγέω	r(ige/w	v-sppamn-
ῥιγῶν	r(igw=n	ῥιγόω	r(igo/w	v-sppamv-
ῥιγῶν	r(igw=n	ῥιγόω	r(igo/w	v-sppann-
ῥιγῶν	r(igw=n	ῥιγόω	r(igo/w	v-sppanv-
ῥιγῶν	r(igw=n	ῥιγόω	r(igo/w	v-sppana-
ῥιγῶν	r(igw=n	ῥιγόω	r(igo/w	v-sppamn-
ῥιγῶν	r(igw=n	ῥιγόω	r(igo/w	v--pna---
ῥοπᾶς	r(opa=s	ῥοπή	r(oph/	n-s---fg-
ῥοφεῖν	r(ofei=n	ῥοφάω	r(ofa/w	v--pna---
ῥοφεῖν	r(ofei=n	ῥοφέω	r(ofe/w	v--pna---
ῥοφήσομαι	r(ofh/somai	ῥοφάω	r(ofa/w	v1sasm---
ῥοφήσομαι	r(ofh/somai	ῥοφάω	r(ofa/w	v1sfim---
ῥοφήσομαι	r(ofh/somai	ῥοφέω	r(ofe/w	v1sasm---
ῥοφήσομαι	r(ofh/somai	ῥοφέω	r(ofe/w	v1sfim---
ῥοφῶ	r(ofw=	ῥοφάω	r(ofa/w	v2spme---
ῥοφῶ	r(ofw=	ῥοφάω	r(ofa/w	v1spsa---
ῥοφῶ	r(ofw=	ῥοφάω	r(ofa/w	v1spia---
ῥοφῶ	r(ofw=	ῥοφάω	r(ofa/w	v1spsa---
ῥοφῶ	r(ofw=	ῥοφάω	r(ofa/w	v1spia---
ῥοφῶ	r(ofw=	ῥοφάω	r(ofa/w	v2siie---
ῥοφῶ	r(ofw=	ῥοφέω	r(ofe/w	v1spsa---
ῥοφῶ	r(ofw=	ῥοφέω	r(ofe/w	v1spia---
ῥοᾶς	r(oa=s	ῥοή	r(oh/	n-s---fg-
ῥάκεσιν	r(a/kesin	ῥάκος	r(a/kos	n-p---nd-
ῥώμην	r(w/mhn	ῥώμη	r(w/mh	n-s---fa-
ῥώμης	r(w/mhs	ῥώμη	r(w/mh	n-s---fg-
ῥᾳδίως	r(a|di/ws	ῥᾴδιος	r(a/|dios	x--------
ῥᾳδίως	r(a|di/ws	ῥᾴδιος	r(a/|dios	a-p---ma-
ῥᾳδίως	r(a|di/ws	ῥᾴδιος	r(a/|dios	x--------
ῥᾳδίως	r(a|di/ws	ῥᾴδιος	r(a/|dios	n-p---ma-
ῥᾳδίως	r(a|di/ws	ῥᾴδιος	r(a/|dios	n-p---fa-
ῥᾴδιον	r(a/|dion	ῥᾴδιος	r(a/|dios	a-s---ma-
ῥᾴδιον	r(a/|dion	ῥᾴδιος	r(a/|dios	a-s---nn-
ῥᾴδιον	r(a/|dion	ῥᾴδιος	r(a/|dios	a-s---nv-
ῥᾴδιον	r(a/|dion	ῥᾴδιος	r(a/|dios	a-s---na-
ῥᾴδιον	r(a/|dion	ῥᾴδιος	r(a/|dios	n-s---ma-
ῥᾴδιον	r(a/|dion	ῥᾴδιος	r(a/|dios	n-s---fa-
ῥᾴδιον	r(a/|dion	ῥᾴδιος	r(a/|dios	n-s---nn-
ῥᾴδιον	r(a/|dion	ῥᾴδιος	r(a/|dios	n-s---nv-
ῥᾴδιον	r(a/|dion	ῥᾴδιος	r(a/|dios	n-s---na-
ῥᾴδιον	r(a/|dion	ῥᾴδιος	r(a/|dios	a-s---mv-
ῥᾴδιον	r(a/|dion	ῥᾴδιος	r(a/|dios	a-s---fv-
ῥᾴδιον	r(a/|dion	ῥᾴδιος	r(a/|dios	a-s---nn-
ῥᾴδιον	r(a/|dion	ῥᾴδιος	r(a/|dios	a-s---nv-
ῥᾴδιον	r(a/|dion	ῥᾴδιος	r(a/|dios	a-s---na-
ῥᾴδιον	r(a/|dion	ῥαίδιον	r(ai/dion	n-s---nn-
ῥᾴδιον	r(a/|dion	ῥαίδιον	r(ai/dion	n-s---nv-
ῥᾴδιον	r(a/|dion	ῥαίδιον	r(ai/dion	n-s---na-
ῥῆσιν	r(h=sin	ῥέομαι	r(e/omai	v2spse---
ῥῆσιν	r(h=sin	ῥῆσις	r(h=sis	n-s---fa-
ῥῖπτε	r(i=pte	ῥίπτω	r(i/ptw	v2spma---
ῥῖπτε	r(i=pte	ῥίπτω	r(i/ptw	v3siia---
’γχῇς	'gxh=|s	ἀγχάζω	a)gxa/zw	v2sfia---
’γχῇς	'gxh=|s	ἐγχέω	e)gxe/w	v2spsa---
’δοξ’	'doc'	δοκέω	doke/w	v1saia---
’δοξ’	'doc'	δοκέω	doke/w	v3saia---
’δίδαξα	'di/daca	διδάσκω	dida/skw	v1saia---
’θέλῃ	'qe/lh|	ἐθέλω	e)qe/lw	v2spse---
’θέλῃ	'qe/lh|	ἐθέλω	e)qe/lw	v2spie---
’θέλῃ	'qe/lh|	ἐθέλω	e)qe/lw	v3spsa---
’κδύσεται	'kdu/setai	ἐκδύω	e)kdu/w	v3sasm---
’κδύσεται	'kdu/setai	ἐκδύω	e)kdu/w	v3sfim---
’κέλευον	'ke/leuon	κελεύω	keleu/w	v3piia---
’κέλευον	'ke/leuon	κελεύω	keleu/w	v1siia---
’μμένῃς	'mme/nh|s	ἀναμένω	a)name/nw	v2spsa---
’μμένῃς	'mme/nh|s	ἐμμένω	e)mme/nw	v2spsa---
’μοί	'moi/	ἁμόσ1	a(mo/s1	a-p---mn-
’μοί	'moi/	ἁμόσ1	a(mo/s1	a-p---mv-
’μοί	'moi/	ἀμόω	a)mo/w	v2spse---
’μοί	'moi/	ἀμόω	a)mo/w	v2spie---
’μοί	'moi/	ἀμόω	a)mo/w	v3spsa---
’μοί	'moi/	ἐγώ	e)gw/	p-s---md-
’μοί	'moi/	ἐγώ	e)gw/	p-s---fd-
’μοί	'moi/	ἐμός	e)mo/s	a-p---mn-
’μοί	'moi/	ἐμός	e)mo/s	a-p---mv-
’μοί	'moi/	ἡμός	h(mo/s	a-p---mn-
’μοί	'moi/	ἡμός	h(mo/s	a-p---mv-
’μέθυεν	'me/quen	μετά-ὕω	meta/-u(/w	v3siia---
’μέθυεν	'me/quen	μετά-ὕω	meta/-u(/w	v3siia---
’ν	'n	ἐν	e)n	r--------
’ν	'n	εἰς	ei)s	r--------
’νταῦθ’	'ntau=q'	ἐνταῦθα	e)ntau=qa	d--------
’νέκαψ’	'ne/kay'	ἀνακάπτω	a)naka/ptw	v1saia---
’νέκαψ’	'ne/kay'	ἀνακάπτω	a)naka/ptw	v3saia---
’νέκαψ’	'ne/kay'	ἐγκάπτω	e)gka/ptw	v1saia---
’νέκαψ’	'ne/kay'	ἐγκάπτω	e)gka/ptw	v3saia---
’ξίῃ	'ci/h|	ἄξιος	a)/cios	a-s---fd-
’ξίῃ	'ci/h|	ἀξία	a)ci/a	n-s---fd-
’ξίῃ	'ci/h|	ἔξειμι2	e)/ceimi2	v3spsa---
’ξίῃ	'ci/h|	ἐξίημι	e)ci/hmi	v3spsa---
’ξίῃ	'ci/h|	ἐξίημι	e)ci/hmi	v2spse---
’πειτα	'peita	ἔπειτα	e)/peita	d--------
’πελαθόμην	'pelaqo/mhn	ἐπιλανθάνομαι	e)pilanqa/nomai	v1saim---
’πελαθόμην	'pelaqo/mhn	ἐπιλανθάνομαι	e)pilanqa/nomai	v1siie---
’πελελήσμην	'pelelh/smhn	ἐπιλανθάνομαι	e)pilanqa/nomai	v1slie---
’πεπόρδει	'pepo/rdei	πέρδομαι	pe/rdomai	v3slia---
’πιθυμεῖτ’	'piqumei=t'	ἐπιθυμέω	e)piqume/w	v3spoe---
’πιθυμεῖτ’	'piqumei=t'	ἐπιθυμέω	e)piqume/w	v3spoe---
’πιθυμεῖτ’	'piqumei=t'	ἐπιθυμέω	e)piqume/w	v2ppma---
’πιθυμεῖτ’	'piqumei=t'	ἐπιθυμέω	e)piqume/w	v2ppoa---
’πιθυμεῖτ’	'piqumei=t'	ἐπιθυμέω	e)piqume/w	v2ppia---
’πιθυμεῖτ’	'piqumei=t'	ἐπιθυμέω	e)piqume/w	v2ppma---
’πιθυμεῖτ’	'piqumei=t'	ἐπιθυμέω	e)piqume/w	v2ppoa---
’πιθυμεῖτ’	'piqumei=t'	ἐπιθυμέω	e)piqume/w	v2ppia---
’πιθυμεῖτ’	'piqumei=t'	ἐπιθυμέω	e)piqume/w	v3spie---
’πιθυμεῖτ’	'piqumei=t'	ἐπιθυμέω	e)piqume/w	v3spie---
’πιθυμεῖτ’	'piqumei=t'	ἐπιθυμέω	e)piqume/w	v3siie---
’πιθυμεῖτ’	'piqumei=t'	ἐπιθυμέω	e)piqume/w	v3siie---
’πιθυμεῖτ’	'piqumei=t'	ἐπιθυμέω	e)piqume/w	v2piia---
’πιθυμεῖτ’	'piqumei=t'	ἐπιθυμέω	e)piqume/w	v2piia---
’πίνοια	'pi/noia	ἐπίνοια	e)pi/noia	n-s---fn-
’πίνοια	'pi/noia	ἐπίνοια	e)pi/noia	n-s---fv-
’ρρήσεθ’	'rrh/seq'	ἔρρω	e)/rrw	v2pasa---
’ρρήσεθ’	'rrh/seq'	ἔρρω	e)/rrw	v2pfia---
’ρρήσεθ’	'rrh/seq'	ἔρρω	e)/rrw	v3sasm---
’ρρήσεθ’	'rrh/seq'	ἔρρω	e)/rrw	v3sfim---
’ρρήσεθ’	'rrh/seq'	ῥέομαι	r(e/omai	v3stie---
’σθ’	'sq'	ἀστή	a)sth/	n-d---fn-
’σθ’	'sq'	ἀστή	a)sth/	n-d---fv-
’σθ’	'sq'	ἀστή	a)sth/	n-d---fa-
’σθ’	'sq'	ἀστή	a)sth/	n-s---fn-
’σθ’	'sq'	ἀστή	a)sth/	n-s---fv-
’σθ’	'sq'	ἀστή	a)sth/	n-p---fn-
’σθ’	'sq'	ἀστή	a)sth/	n-p---fv-
’σθ’	'sq'	ἀστός	a)sto/s	n-s---mv-
’σθ’	'sq'	εἰμί	ei)mi/	v3spia---
’σθ’	'sq'	εἰμί	ei)mi/	v2ppia---
’χῃ	'xh|	ἔχις	e)/xis	n-s---md-
’χῃ	'xh|	ἔχω	e)/xw	v2spse---
’χῃ	'xh|	ἔχω	e)/xw	v2spie---
’χῃ	'xh|	ἔχω	e)/xw	v3spsa---
